ISO-10303-21;
HEADER;
FILE_DESCRIPTION (( 'STEP AP214' ),
    '1' );
FILE_NAME ('SM12B-PASS.STEP',
    '2014-02-28T08:10:54',
    ( 'JSTOEC' ),
    ( '' ),
    'SwSTEP 2.0',
    'SolidWorks 2005235',
    '' );
FILE_SCHEMA (( 'AUTOMOTIVE_DESIGN' ));
ENDSEC;

DATA;
#1 = EDGE_LOOP ( 'NONE', ( #109, #93, #90, #89 ) ) ;
#2 = ORIENTED_EDGE ( 'NONE', *, *, #1906, .F. ) ;
#3 = ORIENTED_EDGE ( 'NONE', *, *, #20, .F. ) ;
#4 = VERTEX_POINT ( 'NONE', #2726 ) ;
#5 = ORIENTED_EDGE ( 'NONE', *, *, #10, .F. ) ;
#6 = ORIENTED_EDGE ( 'NONE', *, *, #7, .F. ) ;
#7 = EDGE_CURVE ( 'NONE', #4, #7225, #2725, .T. ) ;
#8 = ORIENTED_EDGE ( 'NONE', *, *, #704, .T. ) ;
#9 = VERTEX_POINT ( 'NONE', #2721 ) ;
#10 = EDGE_CURVE ( 'NONE', #705, #12, #2720, .T. ) ;
#11 = ORIENTED_EDGE ( 'NONE', *, *, #14, .F. ) ;
#12 = VERTEX_POINT ( 'NONE', #2716 ) ;
#13 = VERTEX_POINT ( 'NONE', #2715 ) ;
#14 = EDGE_CURVE ( 'NONE', #12, #13, #2714, .T. ) ;
#15 = EDGE_CURVE ( 'NONE', #792, #1883, #2710, .T. ) ;
#16 = ORIENTED_EDGE ( 'NONE', *, *, #17, .T. ) ;
#17 = EDGE_CURVE ( 'NONE', #618, #13, #2771, .T. ) ;
#18 = ORIENTED_EDGE ( 'NONE', *, *, #836, .T. ) ;
#19 = ORIENTED_EDGE ( 'NONE', *, *, #15, .F. ) ;
#20 = EDGE_CURVE ( 'NONE', #9489, #4, #2767, .T. ) ;
#21 = VERTEX_POINT ( 'NONE', #2763 ) ;
#22 = ORIENTED_EDGE ( 'NONE', *, *, #24, .F. ) ;
#23 = VERTEX_POINT ( 'NONE', #2762 ) ;
#24 = EDGE_CURVE ( 'NONE', #21, #23, #2761, .T. ) ;
#25 = ORIENTED_EDGE ( 'NONE', *, *, #723, .T. ) ;
#26 = ORIENTED_EDGE ( 'NONE', *, *, #27, .T. ) ;
#27 = EDGE_CURVE ( 'NONE', #676, #23, #2757, .T. ) ;
#28 = EDGE_CURVE ( 'NONE', #665, #55, #2753, .T. ) ;
#29 = ORIENTED_EDGE ( 'NONE', *, *, #28, .F. ) ;
#30 = EDGE_CURVE ( 'NONE', #38, #7185, #2749, .T. ) ;
#31 = EDGE_LOOP ( 'NONE', ( #72, #7209, #7205, #69, #70, #67, #63, #61, #127, #124 ) ) ;
#32 = EDGE_CURVE ( 'NONE', #2061, #7185, #2745, .T. ) ;
#33 = ORIENTED_EDGE ( 'NONE', *, *, #32, .T. ) ;
#34 = VERTEX_POINT ( 'NONE', #2741 ) ;
#35 = ADVANCED_FACE ( 'NONE', ( #2740 ), #2804, .F. ) ;
#36 = ORIENTED_EDGE ( 'NONE', *, *, #30, .F. ) ;
#37 = ORIENTED_EDGE ( 'NONE', *, *, #39, .F. ) ;
#38 = VERTEX_POINT ( 'NONE', #2799 ) ;
#39 = EDGE_CURVE ( 'NONE', #2050, #38, #2798, .T. ) ;
#40 = VERTEX_POINT ( 'NONE', #2794 ) ;
#41 = ORIENTED_EDGE ( 'NONE', *, *, #42, .F. ) ;
#42 = EDGE_CURVE ( 'NONE', #626, #21, #2793, .T. ) ;
#43 = ORIENTED_EDGE ( 'NONE', *, *, #721, .T. ) ;
#44 = EDGE_CURVE ( 'NONE', #441, #46, #2789, .T. ) ;
#45 = ORIENTED_EDGE ( 'NONE', *, *, #44, .T. ) ;
#46 = VERTEX_POINT ( 'NONE', #2785 ) ;
#47 = EDGE_CURVE ( 'NONE', #49, #46, #2784, .T. ) ;
#48 = ORIENTED_EDGE ( 'NONE', *, *, #47, .F. ) ;
#49 = VERTEX_POINT ( 'NONE', #2780 ) ;
#50 = EDGE_CURVE ( 'NONE', #339, #49, #2779, .T. ) ;
#51 = ORIENTED_EDGE ( 'NONE', *, *, #50, .F. ) ;
#52 = ORIENTED_EDGE ( 'NONE', *, *, #338, .T. ) ;
#53 = EDGE_CURVE ( 'NONE', #686, #9, #2775, .T. ) ;
#54 = ORIENTED_EDGE ( 'NONE', *, *, #58, .F. ) ;
#55 = VERTEX_POINT ( 'NONE', #2833 ) ;
#56 = ORIENTED_EDGE ( 'NONE', *, *, #9494, .T. ) ;
#57 = ORIENTED_EDGE ( 'NONE', *, *, #53, .T. ) ;
#58 = EDGE_CURVE ( 'NONE', #55, #9, #2832, .T. ) ;
#59 = VERTEX_POINT ( 'NONE', #2828 ) ;
#60 = EDGE_CURVE ( 'NONE', #34, #59, #2827, .T. ) ;
#61 = ORIENTED_EDGE ( 'NONE', *, *, #60, .F. ) ;
#62 = EDGE_CURVE ( 'NONE', #59, #64, #2823, .T. ) ;
#63 = ORIENTED_EDGE ( 'NONE', *, *, #62, .F. ) ;
#64 = VERTEX_POINT ( 'NONE', #2819 ) ;
#65 = EDGE_CURVE ( 'NONE', #64, #66, #2818, .T. ) ;
#66 = VERTEX_POINT ( 'NONE', #2814 ) ;
#67 = ORIENTED_EDGE ( 'NONE', *, *, #65, .F. ) ;
#68 = EDGE_CURVE ( 'NONE', #66, #4, #2813, .T. ) ;
#69 = ORIENTED_EDGE ( 'NONE', *, *, #20, .T. ) ;
#70 = ORIENTED_EDGE ( 'NONE', *, *, #68, .F. ) ;
#71 = EDGE_CURVE ( 'NONE', #9489, #7204, #2809, .T. ) ;
#72 = ORIENTED_EDGE ( 'NONE', *, *, #1873, .F. ) ;
#73 = VERTEX_POINT ( 'NONE', #2805 ) ;
#74 = LINE ( 'NONE', #83, #3181 ) ;
#75 = EDGE_CURVE ( 'NONE', #327, #80, #2868, .T. ) ;
#76 = EDGE_CURVE ( 'NONE', #2648, #73, #2864, .T. ) ;
#77 = ORIENTED_EDGE ( 'NONE', *, *, #82, .F. ) ;
#78 = ORIENTED_EDGE ( 'NONE', *, *, #76, .F. ) ;
#79 = ORIENTED_EDGE ( 'NONE', *, *, #2646, .T. ) ;
#80 = VERTEX_POINT ( 'NONE', #2860 ) ;
#81 = ORIENTED_EDGE ( 'NONE', *, *, #75, .T. ) ;
#82 = EDGE_CURVE ( 'NONE', #40, #80, #2859, .T. ) ;
#83 = CARTESIAN_POINT ( 'NONE',  ( 12.20000000000000100, -1.800000000000000700, 2.250000000000000000 ) ) ;
#84 = VERTEX_POINT ( 'NONE', #2855 ) ;
#85 = EDGE_CURVE ( 'NONE', #9513, #84, #2854, .T. ) ;
#86 = ORIENTED_EDGE ( 'NONE', *, *, #85, .T. ) ;
#87 = ADVANCED_FACE ( 'NONE', ( #2850 ), #2849, .F. ) ;
#88 = EDGE_CURVE ( 'NONE', #91, #7228, #2844, .T. ) ;
#89 = ORIENTED_EDGE ( 'NONE', *, *, #9474, .T. ) ;
#90 = ORIENTED_EDGE ( 'NONE', *, *, #88, .T. ) ;
#91 = VERTEX_POINT ( 'NONE', #2840 ) ;
#92 = EDGE_CURVE ( 'NONE', #101, #91, #2839, .T. ) ;
#93 = ORIENTED_EDGE ( 'NONE', *, *, #92, .T. ) ;
#94 = ORIENTED_EDGE ( 'NONE', *, *, #113, .F. ) ;
#95 = VERTEX_POINT ( 'NONE', #2835 ) ;
#96 = ORIENTED_EDGE ( 'NONE', *, *, #1310, .T. ) ;
#97 = ORIENTED_EDGE ( 'NONE', *, *, #114, .F. ) ;
#98 = VERTEX_POINT ( 'NONE', #2834 ) ;
#99 = ORIENTED_EDGE ( 'NONE', *, *, #1988, .F. ) ;
#100 = EDGE_LOOP ( 'NONE', ( #96, #7196, #1298, #1299 ) ) ;
#101 = VERTEX_POINT ( 'NONE', #2900 ) ;
#102 = ORIENTED_EDGE ( 'NONE', *, *, #2268, .F. ) ;
#103 = VERTEX_POINT ( 'NONE', #2899 ) ;
#104 = EDGE_LOOP ( 'NONE', ( #102, #2270, #2271, #2328 ) ) ;
#105 = EDGE_LOOP ( 'NONE', ( #2585, #2650, #2651, #2652 ) ) ;
#106 = EDGE_CURVE ( 'NONE', #9513, #119, #2898, .T. ) ;
#107 = ORIENTED_EDGE ( 'NONE', *, *, #106, .F. ) ;
#108 = EDGE_CURVE ( 'NONE', #101, #7230, #2894, .T. ) ;
#109 = ORIENTED_EDGE ( 'NONE', *, *, #108, .F. ) ;
#110 = DIRECTION ( 'NONE',  ( 0.0000000000000000000, 2.409338161078898700E-016, -1.000000000000000000 ) ) ;
#111 = EDGE_LOOP ( 'NONE', ( #112, #128, #384, #385 ) ) ;
#112 = ORIENTED_EDGE ( 'NONE', *, *, #149, .T. ) ;
#113 = EDGE_CURVE ( 'NONE', #119, #95, #2890, .T. ) ;
#114 = EDGE_CURVE ( 'NONE', #95, #98, #2886, .T. ) ;
#115 = DIRECTION ( 'NONE',  ( 0.0000000000000000000, 1.000000000000000000, 2.409338161078898700E-016 ) ) ;
#116 = EDGE_CURVE ( 'NONE', #200, #34, #2882, .T. ) ;
#117 = ORIENTED_EDGE ( 'NONE', *, *, #116, .T. ) ;
#118 = ORIENTED_EDGE ( 'NONE', *, *, #261, .F. ) ;
#119 = VERTEX_POINT ( 'NONE', #2878 ) ;
#120 = ORIENTED_EDGE ( 'NONE', *, *, #122, .T. ) ;
#121 = ORIENTED_EDGE ( 'NONE', *, *, #60, .T. ) ;
#122 = EDGE_CURVE ( 'NONE', #59, #262, #2877, .T. ) ;
#123 = EDGE_LOOP ( 'NONE', ( #121, #120, #118, #117 ) ) ;
#124 = ORIENTED_EDGE ( 'NONE', *, *, #1894, .F. ) ;
#125 = ADVANCED_FACE ( 'NONE', ( #2873 ), #2871, .F. ) ;
#126 = EDGE_CURVE ( 'NONE', #34, #1895, #2932, .T. ) ;
#127 = ORIENTED_EDGE ( 'NONE', *, *, #126, .T. ) ;
#128 = ORIENTED_EDGE ( 'NONE', *, *, #383, .F. ) ;
#129 = ADVANCED_FACE ( 'NONE', ( #2928 ), #2927, .F. ) ;
#130 = VERTEX_POINT ( 'NONE', #2922 ) ;
#131 = ORIENTED_EDGE ( 'NONE', *, *, #132, .F. ) ;
#132 = EDGE_CURVE ( 'NONE', #130, #84, #2921, .T. ) ;
#133 = ADVANCED_FACE ( 'NONE', ( #2917 ), #2916, .F. ) ;
#134 = EDGE_LOOP ( 'NONE', ( #135, #139, #142, #145, #165, #167, #168, #158, #153, #152, #151, #148, #187, #189, #195, #231, #287, #290, #293, #296, #299, #258, #260, #263, #266, #269, #201, #203, #206, #209, #212, #273, #276, #279, #282, #285 ) ) ;
#135 = ORIENTED_EDGE ( 'NONE', *, *, #136, .F. ) ;
#136 = EDGE_CURVE ( 'NONE', #137, #138, #2911, .T. ) ;
#137 = VERTEX_POINT ( 'NONE', #2907 ) ;
#138 = VERTEX_POINT ( 'NONE', #2906 ) ;
#139 = ORIENTED_EDGE ( 'NONE', *, *, #141, .T. ) ;
#140 = VERTEX_POINT ( 'NONE', #2905 ) ;
#141 = EDGE_CURVE ( 'NONE', #137, #140, #2904, .T. ) ;
#142 = ORIENTED_EDGE ( 'NONE', *, *, #143, .T. ) ;
#143 = EDGE_CURVE ( 'NONE', #140, #144, #2963, .T. ) ;
#144 = VERTEX_POINT ( 'NONE', #2959 ) ;
#145 = ORIENTED_EDGE ( 'NONE', *, *, #146, .T. ) ;
#146 = EDGE_CURVE ( 'NONE', #144, #147, #2958, .T. ) ;
#147 = VERTEX_POINT ( 'NONE', #2954 ) ;
#148 = ORIENTED_EDGE ( 'NONE', *, *, #196, .T. ) ;
#149 = EDGE_CURVE ( 'NONE', #150, #160, #2953, .T. ) ;
#150 = VERTEX_POINT ( 'NONE', #2949 ) ;
#151 = ORIENTED_EDGE ( 'NONE', *, *, #149, .F. ) ;
#152 = ORIENTED_EDGE ( 'NONE', *, *, #159, .T. ) ;
#153 = ORIENTED_EDGE ( 'NONE', *, *, #154, .T. ) ;
#154 = EDGE_CURVE ( 'NONE', #157, #155, #2948, .T. ) ;
#155 = VERTEX_POINT ( 'NONE', #2944 ) ;
#156 = EDGE_CURVE ( 'NONE', #161, #157, #2943, .T. ) ;
#157 = VERTEX_POINT ( 'NONE', #2939 ) ;
#158 = ORIENTED_EDGE ( 'NONE', *, *, #156, .T. ) ;
#159 = EDGE_CURVE ( 'NONE', #155, #160, #2938, .T. ) ;
#160 = VERTEX_POINT ( 'NONE', #2934 ) ;
#161 = VERTEX_POINT ( 'NONE', #2933 ) ;
#162 = EDGE_CURVE ( 'NONE', #164, #163, #2995, .T. ) ;
#163 = VERTEX_POINT ( 'NONE', #2991 ) ;
#164 = VERTEX_POINT ( 'NONE', #2990 ) ;
#165 = ORIENTED_EDGE ( 'NONE', *, *, #166, .T. ) ;
#166 = EDGE_CURVE ( 'NONE', #147, #164, #2989, .T. ) ;
#167 = ORIENTED_EDGE ( 'NONE', *, *, #162, .T. ) ;
#168 = ORIENTED_EDGE ( 'NONE', *, *, #169, .F. ) ;
#169 = EDGE_CURVE ( 'NONE', #161, #163, #2985, .T. ) ;
#170 = EDGE_LOOP ( 'NONE', ( #171, #2098, #2097, #1924 ) ) ;
#171 = ORIENTED_EDGE ( 'NONE', *, *, #249, .F. ) ;
#172 = EDGE_LOOP ( 'NONE', ( #173, #177, #180, #183 ) ) ;
#173 = ORIENTED_EDGE ( 'NONE', *, *, #174, .T. ) ;
#174 = EDGE_CURVE ( 'NONE', #175, #176, #2981, .T. ) ;
#175 = VERTEX_POINT ( 'NONE', #2977 ) ;
#176 = VERTEX_POINT ( 'NONE', #2976 ) ;
#177 = ORIENTED_EDGE ( 'NONE', *, *, #178, .T. ) ;
#178 = EDGE_CURVE ( 'NONE', #176, #179, #2975, .T. ) ;
#179 = VERTEX_POINT ( 'NONE', #2971 ) ;
#180 = ORIENTED_EDGE ( 'NONE', *, *, #181, .T. ) ;
#181 = EDGE_CURVE ( 'NONE', #179, #182, #2970, .T. ) ;
#182 = VERTEX_POINT ( 'NONE', #2966 ) ;
#183 = ORIENTED_EDGE ( 'NONE', *, *, #184, .T. ) ;
#184 = EDGE_CURVE ( 'NONE', #182, #175, #2965, .T. ) ;
#185 = ADVANCED_FACE ( 'NONE', ( #3030 ), #3029, .T. ) ;
#186 = EDGE_LOOP ( 'NONE', ( #241, #245, #248, #251 ) ) ;
#187 = ORIENTED_EDGE ( 'NONE', *, *, #188, .T. ) ;
#188 = EDGE_CURVE ( 'NONE', #193, #197, #3024, .T. ) ;
#189 = ORIENTED_EDGE ( 'NONE', *, *, #194, .T. ) ;
#190 = VERTEX_POINT ( 'NONE', #3020 ) ;
#191 = EDGE_CURVE ( 'NONE', #192, #190, #3019, .T. ) ;
#192 = VERTEX_POINT ( 'NONE', #3015 ) ;
#193 = VERTEX_POINT ( 'NONE', #3014 ) ;
#194 = EDGE_CURVE ( 'NONE', #197, #190, #3013, .T. ) ;
#195 = ORIENTED_EDGE ( 'NONE', *, *, #191, .F. ) ;
#196 = EDGE_CURVE ( 'NONE', #150, #193, #3009, .T. ) ;
#197 = VERTEX_POINT ( 'NONE', #3005 ) ;
#198 = MANIFOLD_SOLID_BREP ( 'NONE', #2649 ) ;
#199 = VERTEX_POINT ( 'NONE', #3048 ) ;
#200 = VERTEX_POINT ( 'NONE', #3047 ) ;
#201 = ORIENTED_EDGE ( 'NONE', *, *, #202, .T. ) ;
#202 = EDGE_CURVE ( 'NONE', #271, #272, #3046, .T. ) ;
#203 = ORIENTED_EDGE ( 'NONE', *, *, #204, .F. ) ;
#204 = EDGE_CURVE ( 'NONE', #205, #272, #3042, .T. ) ;
#205 = VERTEX_POINT ( 'NONE', #3038 ) ;
#206 = ORIENTED_EDGE ( 'NONE', *, *, #207, .F. ) ;
#207 = EDGE_CURVE ( 'NONE', #208, #205, #3037, .T. ) ;
#208 = VERTEX_POINT ( 'NONE', #3033 ) ;
#209 = ORIENTED_EDGE ( 'NONE', *, *, #210, .F. ) ;
#210 = EDGE_CURVE ( 'NONE', #211, #208, #3086, .T. ) ;
#211 = VERTEX_POINT ( 'NONE', #3082 ) ;
#212 = ORIENTED_EDGE ( 'NONE', *, *, #213, .F. ) ;
#213 = EDGE_CURVE ( 'NONE', #214, #211, #3081, .T. ) ;
#214 = VERTEX_POINT ( 'NONE', #3077 ) ;
#215 = ADVANCED_FACE ( 'NONE', ( #3076 ), #3075, .F. ) ;
#216 = EDGE_LOOP ( 'NONE', ( #217, #220, #221, #224 ) ) ;
#217 = ORIENTED_EDGE ( 'NONE', *, *, #218, .F. ) ;
#218 = EDGE_CURVE ( 'NONE', #284, #219, #3070, .T. ) ;
#219 = VERTEX_POINT ( 'NONE', #3066 ) ;
#220 = ORIENTED_EDGE ( 'NONE', *, *, #283, .F. ) ;
#221 = ORIENTED_EDGE ( 'NONE', *, *, #222, .T. ) ;
#222 = EDGE_CURVE ( 'NONE', #281, #223, #3065, .T. ) ;
#223 = VERTEX_POINT ( 'NONE', #3061 ) ;
#224 = ORIENTED_EDGE ( 'NONE', *, *, #225, .F. ) ;
#225 = EDGE_CURVE ( 'NONE', #219, #223, #3060, .T. ) ;
#226 = ADVANCED_FACE ( 'NONE', ( #3056 ), #3055, .F. ) ;
#227 = EDGE_LOOP ( 'NONE', ( #228, #234, #235, #238 ) ) ;
#228 = ORIENTED_EDGE ( 'NONE', *, *, #229, .F. ) ;
#229 = EDGE_CURVE ( 'NONE', #272, #233, #3117, .T. ) ;
#230 = VERTEX_POINT ( 'NONE', #3113 ) ;
#231 = ORIENTED_EDGE ( 'NONE', *, *, #232, .T. ) ;
#232 = EDGE_CURVE ( 'NONE', #192, #230, #3112, .T. ) ;
#233 = VERTEX_POINT ( 'NONE', #3108 ) ;
#234 = ORIENTED_EDGE ( 'NONE', *, *, #202, .F. ) ;
#235 = ORIENTED_EDGE ( 'NONE', *, *, #236, .T. ) ;
#236 = EDGE_CURVE ( 'NONE', #271, #237, #3107, .T. ) ;
#237 = VERTEX_POINT ( 'NONE', #3103 ) ;
#238 = ORIENTED_EDGE ( 'NONE', *, *, #239, .F. ) ;
#239 = EDGE_CURVE ( 'NONE', #233, #237, #3102, .T. ) ;
#240 = ADVANCED_FACE ( 'NONE', ( #3098 ), #3097, .F. ) ;
#241 = ORIENTED_EDGE ( 'NONE', *, *, #242, .F. ) ;
#242 = EDGE_CURVE ( 'NONE', #243, #244, #3092, .T. ) ;
#243 = VERTEX_POINT ( 'NONE', #3088 ) ;
#244 = VERTEX_POINT ( 'NONE', #3087 ) ;
#245 = ORIENTED_EDGE ( 'NONE', *, *, #246, .T. ) ;
#246 = EDGE_CURVE ( 'NONE', #243, #247, #3151, .T. ) ;
#247 = VERTEX_POINT ( 'NONE', #3147 ) ;
#248 = ORIENTED_EDGE ( 'NONE', *, *, #249, .T. ) ;
#249 = EDGE_CURVE ( 'NONE', #247, #250, #3146, .T. ) ;
#250 = VERTEX_POINT ( 'NONE', #3142 ) ;
#251 = ORIENTED_EDGE ( 'NONE', *, *, #252, .F. ) ;
#252 = EDGE_CURVE ( 'NONE', #244, #250, #3141, .T. ) ;
#253 = ADVANCED_FACE ( 'NONE', ( #3137 ), #3136, .T. ) ;
#254 = ORIENTED_EDGE ( 'NONE', *, *, #348, .F. ) ;
#255 = VERTEX_POINT ( 'NONE', #3131 ) ;
#256 = ORIENTED_EDGE ( 'NONE', *, *, #2631, .T. ) ;
#257 = ORIENTED_EDGE ( 'NONE', *, *, #978, .T. ) ;
#258 = ORIENTED_EDGE ( 'NONE', *, *, #259, .F. ) ;
#259 = EDGE_CURVE ( 'NONE', #200, #199, #3130, .T. ) ;
#260 = ORIENTED_EDGE ( 'NONE', *, *, #261, .T. ) ;
#261 = EDGE_CURVE ( 'NONE', #200, #262, #3126, .T. ) ;
#262 = VERTEX_POINT ( 'NONE', #3122 ) ;
#263 = ORIENTED_EDGE ( 'NONE', *, *, #264, .T. ) ;
#264 = EDGE_CURVE ( 'NONE', #262, #265, #74, .T. ) ;
#265 = VERTEX_POINT ( 'NONE', #3179 ) ;
#266 = ORIENTED_EDGE ( 'NONE', *, *, #267, .F. ) ;
#267 = EDGE_CURVE ( 'NONE', #268, #265, #3178, .T. ) ;
#268 = VERTEX_POINT ( 'NONE', #3174 ) ;
#269 = ORIENTED_EDGE ( 'NONE', *, *, #270, .F. ) ;
#270 = EDGE_CURVE ( 'NONE', #271, #268, #3173, .T. ) ;
#271 = VERTEX_POINT ( 'NONE', #3169 ) ;
#272 = VERTEX_POINT ( 'NONE', #3168 ) ;
#273 = ORIENTED_EDGE ( 'NONE', *, *, #274, .F. ) ;
#274 = EDGE_CURVE ( 'NONE', #275, #214, #3167, .T. ) ;
#275 = VERTEX_POINT ( 'NONE', #3163 ) ;
#276 = ORIENTED_EDGE ( 'NONE', *, *, #277, .F. ) ;
#277 = EDGE_CURVE ( 'NONE', #278, #275, #3162, .T. ) ;
#278 = VERTEX_POINT ( 'NONE', #3158 ) ;
#279 = ORIENTED_EDGE ( 'NONE', *, *, #280, .F. ) ;
#280 = EDGE_CURVE ( 'NONE', #281, #278, #3157, .T. ) ;
#281 = VERTEX_POINT ( 'NONE', #3153 ) ;
#282 = ORIENTED_EDGE ( 'NONE', *, *, #283, .T. ) ;
#283 = EDGE_CURVE ( 'NONE', #281, #284, #3152, .T. ) ;
#284 = VERTEX_POINT ( 'NONE', #3211 ) ;
#285 = ORIENTED_EDGE ( 'NONE', *, *, #286, .F. ) ;
#286 = EDGE_CURVE ( 'NONE', #138, #284, #3210, .T. ) ;
#287 = ORIENTED_EDGE ( 'NONE', *, *, #288, .T. ) ;
#288 = EDGE_CURVE ( 'NONE', #230, #289, #3206, .T. ) ;
#289 = VERTEX_POINT ( 'NONE', #3202 ) ;
#290 = ORIENTED_EDGE ( 'NONE', *, *, #291, .T. ) ;
#291 = EDGE_CURVE ( 'NONE', #289, #292, #3201, .T. ) ;
#292 = VERTEX_POINT ( 'NONE', #3197 ) ;
#293 = ORIENTED_EDGE ( 'NONE', *, *, #294, .F. ) ;
#294 = EDGE_CURVE ( 'NONE', #295, #292, #3196, .T. ) ;
#295 = VERTEX_POINT ( 'NONE', #3192 ) ;
#296 = ORIENTED_EDGE ( 'NONE', *, *, #297, .F. ) ;
#297 = EDGE_CURVE ( 'NONE', #298, #295, #3191, .T. ) ;
#298 = VERTEX_POINT ( 'NONE', #3187 ) ;
#299 = ORIENTED_EDGE ( 'NONE', *, *, #300, .T. ) ;
#300 = EDGE_CURVE ( 'NONE', #298, #199, #3186, .T. ) ;
#301 = ORIENTED_EDGE ( 'NONE', *, *, #302, .F. ) ;
#302 = EDGE_CURVE ( 'NONE', #303, #130, #3182, .T. ) ;
#303 = VERTEX_POINT ( 'NONE', #3244 ) ;
#304 = ORIENTED_EDGE ( 'NONE', *, *, #305, .F. ) ;
#305 = EDGE_CURVE ( 'NONE', #306, #303, #3243, .T. ) ;
#306 = VERTEX_POINT ( 'NONE', #3239 ) ;
#307 = EDGE_CURVE ( 'NONE', #714, #331, #3238, .T. ) ;
#308 = ORIENTED_EDGE ( 'NONE', *, *, #309, .F. ) ;
#309 = EDGE_CURVE ( 'NONE', #310, #325, #3234, .T. ) ;
#310 = VERTEX_POINT ( 'NONE', #3230 ) ;
#311 = ORIENTED_EDGE ( 'NONE', *, *, #312, .F. ) ;
#312 = EDGE_CURVE ( 'NONE', #313, #310, #3229, .T. ) ;
#313 = VERTEX_POINT ( 'NONE', #3225 ) ;
#314 = ORIENTED_EDGE ( 'NONE', *, *, #315, .F. ) ;
#315 = EDGE_CURVE ( 'NONE', #316, #313, #3224, .T. ) ;
#316 = VERTEX_POINT ( 'NONE', #3220 ) ;
#317 = ORIENTED_EDGE ( 'NONE', *, *, #318, .T. ) ;
#318 = EDGE_CURVE ( 'NONE', #316, #319, #3219, .T. ) ;
#319 = VERTEX_POINT ( 'NONE', #3215 ) ;
#320 = ORIENTED_EDGE ( 'NONE', *, *, #321, .F. ) ;
#321 = EDGE_CURVE ( 'NONE', #322, #319, #3279, .T. ) ;
#322 = VERTEX_POINT ( 'NONE', #3275 ) ;
#323 = VERTEX_POINT ( 'NONE', #3274 ) ;
#324 = EDGE_CURVE ( 'NONE', #2096, #325, #3273, .T. ) ;
#325 = VERTEX_POINT ( 'NONE', #3269 ) ;
#326 = ORIENTED_EDGE ( 'NONE', *, *, #324, .T. ) ;
#327 = VERTEX_POINT ( 'NONE', #3268 ) ;
#328 = ORIENTED_EDGE ( 'NONE', *, *, #329, .T. ) ;
#329 = EDGE_CURVE ( 'NONE', #306, #327, #3267, .T. ) ;
#330 = VERTEX_POINT ( 'NONE', #3263 ) ;
#331 = VERTEX_POINT ( 'NONE', #3262 ) ;
#332 = ORIENTED_EDGE ( 'NONE', *, *, #2700, .F. ) ;
#333 = ORIENTED_EDGE ( 'NONE', *, *, #759, .T. ) ;
#334 = VERTEX_POINT ( 'NONE', #3261 ) ;
#335 = ORIENTED_EDGE ( 'NONE', *, *, #343, .F. ) ;
#336 = VERTEX_POINT ( 'NONE', #3260 ) ;
#337 = ORIENTED_EDGE ( 'NONE', *, *, #338, .F. ) ;
#338 = EDGE_CURVE ( 'NONE', #339, #342, #3259, .T. ) ;
#339 = VERTEX_POINT ( 'NONE', #3255 ) ;
#340 = ORIENTED_EDGE ( 'NONE', *, *, #341, .T. ) ;
#341 = EDGE_CURVE ( 'NONE', #347, #342, #3254, .T. ) ;
#342 = VERTEX_POINT ( 'NONE', #3250 ) ;
#343 = EDGE_CURVE ( 'NONE', #336, #339, #3249, .T. ) ;
#344 = VERTEX_POINT ( 'NONE', #3311 ) ;
#345 = ORIENTED_EDGE ( 'NONE', *, *, #346, .F. ) ;
#346 = EDGE_CURVE ( 'NONE', #347, #344, #3310, .T. ) ;
#347 = VERTEX_POINT ( 'NONE', #3306 ) ;
#348 = EDGE_CURVE ( 'NONE', #344, #2648, #3305, .T. ) ;
#349 = EDGE_LOOP ( 'NONE', ( #350, #351, #354, #356 ) ) ;
#350 = ORIENTED_EDGE ( 'NONE', *, *, #424, .F. ) ;
#351 = ORIENTED_EDGE ( 'NONE', *, *, #352, .T. ) ;
#352 = EDGE_CURVE ( 'NONE', #370, #353, #3301, .T. ) ;
#353 = VERTEX_POINT ( 'NONE', #3297 ) ;
#354 = ORIENTED_EDGE ( 'NONE', *, *, #355, .T. ) ;
#355 = EDGE_CURVE ( 'NONE', #353, #9479, #3296, .T. ) ;
#356 = ORIENTED_EDGE ( 'NONE', *, *, #9481, .T. ) ;
#357 = ADVANCED_FACE ( 'NONE', ( #3292 ), #3291, .F. ) ;
#358 = EDGE_LOOP ( 'NONE', ( #410, #413, #416, #418 ) ) ;
#359 = ADVANCED_FACE ( 'NONE', ( #3286 ), #3284, .F. ) ;
#360 = EDGE_LOOP ( 'NONE', ( #361, #362, #363, #364 ) ) ;
#361 = ORIENTED_EDGE ( 'NONE', *, *, #259, .T. ) ;
#362 = ORIENTED_EDGE ( 'NONE', *, *, #1897, .T. ) ;
#363 = ORIENTED_EDGE ( 'NONE', *, *, #126, .F. ) ;
#364 = ORIENTED_EDGE ( 'NONE', *, *, #116, .F. ) ;
#365 = ADVANCED_FACE ( 'NONE', ( #3285 ), #3345, .F. ) ;
#366 = EDGE_LOOP ( 'NONE', ( #367, #368, #371, #425 ) ) ;
#367 = ORIENTED_EDGE ( 'NONE', *, *, #2678, .F. ) ;
#368 = ORIENTED_EDGE ( 'NONE', *, *, #369, .T. ) ;
#369 = EDGE_CURVE ( 'NONE', #2677, #370, #3340, .T. ) ;
#370 = VERTEX_POINT ( 'NONE', #3336 ) ;
#371 = ORIENTED_EDGE ( 'NONE', *, *, #424, .T. ) ;
#372 = ORIENTED_EDGE ( 'NONE', *, *, #794, .T. ) ;
#373 = ORIENTED_EDGE ( 'NONE', *, *, #15, .T. ) ;
#374 = ORIENTED_EDGE ( 'NONE', *, *, #1882, .F. ) ;
#375 = ORIENTED_EDGE ( 'NONE', *, *, #1940, .T. ) ;
#376 = ORIENTED_EDGE ( 'NONE', *, *, #297, .T. ) ;
#377 = ADVANCED_FACE ( 'NONE', ( #3335 ), #3334, .F. ) ;
#378 = EDGE_LOOP ( 'NONE', ( #379, #380, #382, #332 ) ) ;
#379 = ORIENTED_EDGE ( 'NONE', *, *, #2670, .T. ) ;
#380 = ORIENTED_EDGE ( 'NONE', *, *, #381, .T. ) ;
#381 = EDGE_CURVE ( 'NONE', #2675, #147, #3329, .T. ) ;
#382 = ORIENTED_EDGE ( 'NONE', *, *, #146, .F. ) ;
#383 = EDGE_CURVE ( 'NONE', #903, #160, #3325, .T. ) ;
#384 = ORIENTED_EDGE ( 'NONE', *, *, #901, .F. ) ;
#385 = ORIENTED_EDGE ( 'NONE', *, *, #386, .T. ) ;
#386 = EDGE_CURVE ( 'NONE', #914, #150, #3321, .T. ) ;
#387 = ADVANCED_FACE ( 'NONE', ( #3317 ), #3316, .F. ) ;
#388 = ADVANCED_FACE ( 'NONE', ( #3377 ), #3376, .F. ) ;
#389 = EDGE_LOOP ( 'NONE', ( #391, #392, #395, #452, #454, #455 ) ) ;
#390 = ORIENTED_EDGE ( 'NONE', *, *, #946, .T. ) ;
#391 = ORIENTED_EDGE ( 'NONE', *, *, #62, .T. ) ;
#392 = ORIENTED_EDGE ( 'NONE', *, *, #393, .F. ) ;
#393 = EDGE_CURVE ( 'NONE', #394, #64, #3371, .T. ) ;
#394 = VERTEX_POINT ( 'NONE', #3367 ) ;
#395 = ORIENTED_EDGE ( 'NONE', *, *, #396, .F. ) ;
#396 = EDGE_CURVE ( 'NONE', #397, #394, #3366, .T. ) ;
#397 = VERTEX_POINT ( 'NONE', #3362 ) ;
#398 = ORIENTED_EDGE ( 'NONE', *, *, #68, .T. ) ;
#399 = ORIENTED_EDGE ( 'NONE', *, *, #7, .T. ) ;
#400 = ADVANCED_FACE ( 'NONE', ( #3361 ), #3360, .F. ) ;
#401 = EDGE_LOOP ( 'NONE', ( #402, #403, #405, #406 ) ) ;
#402 = ORIENTED_EDGE ( 'NONE', *, *, #355, .F. ) ;
#403 = ORIENTED_EDGE ( 'NONE', *, *, #404, .T. ) ;
#404 = EDGE_CURVE ( 'NONE', #353, #101, #3355, .T. ) ;
#405 = ORIENTED_EDGE ( 'NONE', *, *, #108, .T. ) ;
#406 = ORIENTED_EDGE ( 'NONE', *, *, #9477, .T. ) ;
#407 = ADVANCED_FACE ( 'NONE', ( #3351 ), #3350, .F. ) ;
#408 = EDGE_LOOP ( 'NONE', ( #409, #466, #468, #469 ) ) ;
#409 = ORIENTED_EDGE ( 'NONE', *, *, #88, .F. ) ;
#410 = ORIENTED_EDGE ( 'NONE', *, *, #411, .F. ) ;
#411 = EDGE_CURVE ( 'NONE', #412, #7229, #3413, .T. ) ;
#412 = VERTEX_POINT ( 'NONE', #3409 ) ;
#413 = ORIENTED_EDGE ( 'NONE', *, *, #414, .T. ) ;
#414 = EDGE_CURVE ( 'NONE', #412, #415, #3408, .T. ) ;
#415 = VERTEX_POINT ( 'NONE', #3404 ) ;
#416 = ORIENTED_EDGE ( 'NONE', *, *, #417, .T. ) ;
#417 = EDGE_CURVE ( 'NONE', #415, #7225, #3403, .T. ) ;
#418 = ORIENTED_EDGE ( 'NONE', *, *, #9097, .T. ) ;
#419 = ADVANCED_FACE ( 'NONE', ( #3399 ), #3398, .F. ) ;
#420 = EDGE_LOOP ( 'NONE', ( #421, #422, #398, #399 ) ) ;
#421 = ORIENTED_EDGE ( 'NONE', *, *, #417, .F. ) ;
#422 = ORIENTED_EDGE ( 'NONE', *, *, #423, .T. ) ;
#423 = EDGE_CURVE ( 'NONE', #415, #66, #3393, .T. ) ;
#424 = EDGE_CURVE ( 'NONE', #370, #7217, #3389, .T. ) ;
#425 = ORIENTED_EDGE ( 'NONE', *, *, #7219, .T. ) ;
#426 = ADVANCED_FACE ( 'NONE', ( #3385 ), #3384, .F. ) ;
#427 = ORIENTED_EDGE ( 'NONE', *, *, #423, .F. ) ;
#428 = ORIENTED_EDGE ( 'NONE', *, *, #414, .F. ) ;
#429 = ORIENTED_EDGE ( 'NONE', *, *, #467, .F. ) ;
#430 = ORIENTED_EDGE ( 'NONE', *, *, #92, .F. ) ;
#431 = ORIENTED_EDGE ( 'NONE', *, *, #404, .F. ) ;
#432 = ORIENTED_EDGE ( 'NONE', *, *, #352, .F. ) ;
#433 = ORIENTED_EDGE ( 'NONE', *, *, #369, .F. ) ;
#434 = ADVANCED_FACE ( 'NONE', ( #3451, #3450, #3449, #3448, #3447, #3446, #3445, #3444, #3443, #3442, #3441, #3440, #3439 ), #3438, .T. ) ;
#435 = EDGE_LOOP ( 'NONE', ( #436, #498, #501, #504 ) ) ;
#436 = ORIENTED_EDGE ( 'NONE', *, *, #437, .F. ) ;
#437 = EDGE_CURVE ( 'NONE', #438, #334, #3433, .T. ) ;
#438 = VERTEX_POINT ( 'NONE', #3429 ) ;
#439 = EDGE_CURVE ( 'NONE', #464, #2667, #3428, .T. ) ;
#440 = ORIENTED_EDGE ( 'NONE', *, *, #2676, .T. ) ;
#441 = VERTEX_POINT ( 'NONE', #3424 ) ;
#442 = ORIENTED_EDGE ( 'NONE', *, *, #2698, .F. ) ;
#443 = ADVANCED_FACE ( 'NONE', ( #3423 ), #3422, .F. ) ;
#444 = EDGE_LOOP ( 'NONE', ( #446, #447, #448, #450, #451, #427, #428, #429, #430, #431, #432, #433 ) ) ;
#445 = ORIENTED_EDGE ( 'NONE', *, *, #252, .T. ) ;
#446 = ORIENTED_EDGE ( 'NONE', *, *, #2737, .T. ) ;
#447 = ORIENTED_EDGE ( 'NONE', *, *, #439, .F. ) ;
#448 = ORIENTED_EDGE ( 'NONE', *, *, #449, .F. ) ;
#449 = EDGE_CURVE ( 'NONE', #394, #464, #3417, .T. ) ;
#450 = ORIENTED_EDGE ( 'NONE', *, *, #393, .T. ) ;
#451 = ORIENTED_EDGE ( 'NONE', *, *, #65, .T. ) ;
#452 = ORIENTED_EDGE ( 'NONE', *, *, #453, .F. ) ;
#453 = EDGE_CURVE ( 'NONE', #265, #397, #3483, .T. ) ;
#454 = ORIENTED_EDGE ( 'NONE', *, *, #264, .F. ) ;
#455 = ORIENTED_EDGE ( 'NONE', *, *, #122, .F. ) ;
#456 = ADVANCED_FACE ( 'NONE', ( #3479 ), #3478, .F. ) ;
#457 = EDGE_LOOP ( 'NONE', ( #458, #459, #462, #465, #440, #442 ) ) ;
#458 = ORIENTED_EDGE ( 'NONE', *, *, #141, .F. ) ;
#459 = ORIENTED_EDGE ( 'NONE', *, *, #460, .T. ) ;
#460 = EDGE_CURVE ( 'NONE', #137, #461, #3473, .T. ) ;
#461 = VERTEX_POINT ( 'NONE', #3469 ) ;
#462 = ORIENTED_EDGE ( 'NONE', *, *, #463, .F. ) ;
#463 = EDGE_CURVE ( 'NONE', #464, #461, #3468, .T. ) ;
#464 = VERTEX_POINT ( 'NONE', #3464 ) ;
#465 = ORIENTED_EDGE ( 'NONE', *, *, #439, .T. ) ;
#466 = ORIENTED_EDGE ( 'NONE', *, *, #467, .T. ) ;
#467 = EDGE_CURVE ( 'NONE', #91, #412, #3463, .T. ) ;
#468 = ORIENTED_EDGE ( 'NONE', *, *, #411, .T. ) ;
#469 = ORIENTED_EDGE ( 'NONE', *, *, #9472, .T. ) ;
#470 = ORIENTED_EDGE ( 'NONE', *, *, #471, .T. ) ;
#471 = EDGE_CURVE ( 'NONE', #558, #492, #3459, .T. ) ;
#472 = EDGE_LOOP ( 'NONE', ( #473, #477, #480, #483 ) ) ;
#473 = ORIENTED_EDGE ( 'NONE', *, *, #474, .F. ) ;
#474 = EDGE_CURVE ( 'NONE', #475, #476, #3455, .T. ) ;
#475 = VERTEX_POINT ( 'NONE', #3514 ) ;
#476 = VERTEX_POINT ( 'NONE', #3513 ) ;
#477 = ORIENTED_EDGE ( 'NONE', *, *, #478, .T. ) ;
#478 = EDGE_CURVE ( 'NONE', #475, #479, #3512, .T. ) ;
#479 = VERTEX_POINT ( 'NONE', #3508 ) ;
#480 = ORIENTED_EDGE ( 'NONE', *, *, #481, .T. ) ;
#481 = EDGE_CURVE ( 'NONE', #479, #482, #3507, .T. ) ;
#482 = VERTEX_POINT ( 'NONE', #3503 ) ;
#483 = ORIENTED_EDGE ( 'NONE', *, *, #542, .T. ) ;
#484 = ORIENTED_EDGE ( 'NONE', *, *, #485, .T. ) ;
#485 = EDGE_CURVE ( 'NONE', #513, #514, #3502, .T. ) ;
#486 = ORIENTED_EDGE ( 'NONE', *, *, #487, .T. ) ;
#487 = EDGE_CURVE ( 'NONE', #514, #510, #3498, .T. ) ;
#488 = EDGE_LOOP ( 'NONE', ( #489, #493, #496, #470 ) ) ;
#489 = ORIENTED_EDGE ( 'NONE', *, *, #490, .F. ) ;
#490 = EDGE_CURVE ( 'NONE', #491, #492, #3494, .T. ) ;
#491 = VERTEX_POINT ( 'NONE', #3490 ) ;
#492 = VERTEX_POINT ( 'NONE', #3489 ) ;
#493 = ORIENTED_EDGE ( 'NONE', *, *, #494, .T. ) ;
#494 = EDGE_CURVE ( 'NONE', #491, #495, #3488, .T. ) ;
#495 = VERTEX_POINT ( 'NONE', #3484 ) ;
#496 = ORIENTED_EDGE ( 'NONE', *, *, #497, .T. ) ;
#497 = EDGE_CURVE ( 'NONE', #495, #558, #3546, .T. ) ;
#498 = ORIENTED_EDGE ( 'NONE', *, *, #499, .T. ) ;
#499 = EDGE_CURVE ( 'NONE', #438, #500, #3542, .T. ) ;
#500 = VERTEX_POINT ( 'NONE', #3538 ) ;
#501 = ORIENTED_EDGE ( 'NONE', *, *, #502, .T. ) ;
#502 = EDGE_CURVE ( 'NONE', #500, #503, #3537, .T. ) ;
#503 = VERTEX_POINT ( 'NONE', #3533 ) ;
#504 = ORIENTED_EDGE ( 'NONE', *, *, #505, .T. ) ;
#505 = EDGE_CURVE ( 'NONE', #503, #334, #3532, .T. ) ;
#506 = EDGE_LOOP ( 'NONE', ( #507, #511, #484, #486 ) ) ;
#507 = ORIENTED_EDGE ( 'NONE', *, *, #508, .F. ) ;
#508 = EDGE_CURVE ( 'NONE', #509, #510, #3528, .T. ) ;
#509 = VERTEX_POINT ( 'NONE', #3524 ) ;
#510 = VERTEX_POINT ( 'NONE', #3523 ) ;
#511 = ORIENTED_EDGE ( 'NONE', *, *, #512, .T. ) ;
#512 = EDGE_CURVE ( 'NONE', #509, #513, #3522, .T. ) ;
#513 = VERTEX_POINT ( 'NONE', #3518 ) ;
#514 = VERTEX_POINT ( 'NONE', #3517 ) ;
#515 = VERTEX_POINT ( 'NONE', #3516 ) ;
#516 = ORIENTED_EDGE ( 'NONE', *, *, #517, .T. ) ;
#517 = EDGE_CURVE ( 'NONE', #515, #541, #3515, .T. ) ;
#518 = EDGE_LOOP ( 'NONE', ( #519, #523, #585, #588 ) ) ;
#519 = ORIENTED_EDGE ( 'NONE', *, *, #520, .F. ) ;
#520 = EDGE_CURVE ( 'NONE', #521, #522, #3576, .T. ) ;
#521 = VERTEX_POINT ( 'NONE', #3572 ) ;
#522 = VERTEX_POINT ( 'NONE', #3571 ) ;
#523 = ORIENTED_EDGE ( 'NONE', *, *, #524, .T. ) ;
#524 = EDGE_CURVE ( 'NONE', #521, #525, #3570, .T. ) ;
#525 = VERTEX_POINT ( 'NONE', #3566 ) ;
#526 = ORIENTED_EDGE ( 'NONE', *, *, #527, .F. ) ;
#527 = EDGE_CURVE ( 'NONE', #557, #528, #3565, .T. ) ;
#528 = VERTEX_POINT ( 'NONE', #3561 ) ;
#529 = ORIENTED_EDGE ( 'NONE', *, *, #530, .T. ) ;
#530 = EDGE_CURVE ( 'NONE', #557, #531, #3560, .T. ) ;
#531 = VERTEX_POINT ( 'NONE', #3556 ) ;
#532 = ORIENTED_EDGE ( 'NONE', *, *, #533, .T. ) ;
#533 = EDGE_CURVE ( 'NONE', #531, #534, #3555, .T. ) ;
#534 = VERTEX_POINT ( 'NONE', #3551 ) ;
#535 = ORIENTED_EDGE ( 'NONE', *, *, #536, .T. ) ;
#536 = EDGE_CURVE ( 'NONE', #534, #528, #3550, .T. ) ;
#537 = EDGE_LOOP ( 'NONE', ( #538, #600, #603, #516 ) ) ;
#538 = ORIENTED_EDGE ( 'NONE', *, *, #539, .F. ) ;
#539 = EDGE_CURVE ( 'NONE', #540, #541, #3612, .T. ) ;
#540 = VERTEX_POINT ( 'NONE', #3608 ) ;
#541 = VERTEX_POINT ( 'NONE', #3607 ) ;
#542 = EDGE_CURVE ( 'NONE', #482, #476, #3606, .T. ) ;
#543 = EDGE_LOOP ( 'NONE', ( #544, #548, #551, #554 ) ) ;
#544 = ORIENTED_EDGE ( 'NONE', *, *, #545, .F. ) ;
#545 = EDGE_CURVE ( 'NONE', #546, #547, #3602, .T. ) ;
#546 = VERTEX_POINT ( 'NONE', #3598 ) ;
#547 = VERTEX_POINT ( 'NONE', #3597 ) ;
#548 = ORIENTED_EDGE ( 'NONE', *, *, #549, .T. ) ;
#549 = EDGE_CURVE ( 'NONE', #546, #550, #3596, .T. ) ;
#550 = VERTEX_POINT ( 'NONE', #3592 ) ;
#551 = ORIENTED_EDGE ( 'NONE', *, *, #552, .T. ) ;
#552 = EDGE_CURVE ( 'NONE', #550, #553, #3591, .T. ) ;
#553 = VERTEX_POINT ( 'NONE', #3587 ) ;
#554 = ORIENTED_EDGE ( 'NONE', *, *, #555, .T. ) ;
#555 = EDGE_CURVE ( 'NONE', #553, #547, #3586, .T. ) ;
#556 = EDGE_LOOP ( 'NONE', ( #526, #529, #532, #535 ) ) ;
#557 = VERTEX_POINT ( 'NONE', #3582 ) ;
#558 = VERTEX_POINT ( 'NONE', #3581 ) ;
#559 = VERTEX_POINT ( 'NONE', #3580 ) ;
#560 = ORIENTED_EDGE ( 'NONE', *, *, #561, .T. ) ;
#561 = EDGE_CURVE ( 'NONE', #650, #562, #3643, .T. ) ;
#562 = VERTEX_POINT ( 'NONE', #3639 ) ;
#563 = ORIENTED_EDGE ( 'NONE', *, *, #564, .T. ) ;
#564 = EDGE_CURVE ( 'NONE', #562, #565, #3638, .T. ) ;
#565 = VERTEX_POINT ( 'NONE', #3634 ) ;
#566 = ORIENTED_EDGE ( 'NONE', *, *, #567, .T. ) ;
#567 = EDGE_CURVE ( 'NONE', #565, #559, #3633, .T. ) ;
#568 = EDGE_LOOP ( 'NONE', ( #627, #634, #638, #641 ) ) ;
#569 = EDGE_CURVE ( 'NONE', #597, #599, #3629, .T. ) ;
#570 = ORIENTED_EDGE ( 'NONE', *, *, #571, .T. ) ;
#571 = EDGE_CURVE ( 'NONE', #599, #594, #3625, .T. ) ;
#572 = EDGE_LOOP ( 'NONE', ( #573, #577, #580, #584 ) ) ;
#573 = ORIENTED_EDGE ( 'NONE', *, *, #574, .F. ) ;
#574 = EDGE_CURVE ( 'NONE', #575, #576, #3621, .T. ) ;
#575 = VERTEX_POINT ( 'NONE', #3617 ) ;
#576 = VERTEX_POINT ( 'NONE', #3616 ) ;
#577 = ORIENTED_EDGE ( 'NONE', *, *, #578, .T. ) ;
#578 = EDGE_CURVE ( 'NONE', #575, #579, #3615, .T. ) ;
#579 = VERTEX_POINT ( 'NONE', #3674 ) ;
#580 = ORIENTED_EDGE ( 'NONE', *, *, #581, .T. ) ;
#581 = EDGE_CURVE ( 'NONE', #579, #582, #3673, .T. ) ;
#582 = VERTEX_POINT ( 'NONE', #3669 ) ;
#583 = ORIENTED_EDGE ( 'NONE', *, *, #721, .F. ) ;
#584 = ORIENTED_EDGE ( 'NONE', *, *, #646, .T. ) ;
#585 = ORIENTED_EDGE ( 'NONE', *, *, #586, .T. ) ;
#586 = EDGE_CURVE ( 'NONE', #525, #587, #3668, .T. ) ;
#587 = VERTEX_POINT ( 'NONE', #3664 ) ;
#588 = ORIENTED_EDGE ( 'NONE', *, *, #589, .T. ) ;
#589 = EDGE_CURVE ( 'NONE', #587, #522, #3663, .T. ) ;
#590 = EDGE_LOOP ( 'NONE', ( #591, #595, #598, #570 ) ) ;
#591 = ORIENTED_EDGE ( 'NONE', *, *, #592, .F. ) ;
#592 = EDGE_CURVE ( 'NONE', #593, #594, #3659, .T. ) ;
#593 = VERTEX_POINT ( 'NONE', #3655 ) ;
#594 = VERTEX_POINT ( 'NONE', #3654 ) ;
#595 = ORIENTED_EDGE ( 'NONE', *, *, #596, .T. ) ;
#596 = EDGE_CURVE ( 'NONE', #593, #597, #3653, .T. ) ;
#597 = VERTEX_POINT ( 'NONE', #3649 ) ;
#598 = ORIENTED_EDGE ( 'NONE', *, *, #569, .T. ) ;
#599 = VERTEX_POINT ( 'NONE', #3648 ) ;
#600 = ORIENTED_EDGE ( 'NONE', *, *, #601, .T. ) ;
#601 = EDGE_CURVE ( 'NONE', #540, #602, #3647, .T. ) ;
#602 = VERTEX_POINT ( 'NONE', #3706 ) ;
#603 = ORIENTED_EDGE ( 'NONE', *, *, #604, .T. ) ;
#604 = EDGE_CURVE ( 'NONE', #602, #515, #3705, .T. ) ;
#605 = EDGE_CURVE ( 'NONE', #690, #233, #3701, .T. ) ;
#606 = ORIENTED_EDGE ( 'NONE', *, *, #239, .T. ) ;
#607 = VERTEX_POINT ( 'NONE', #3697 ) ;
#608 = ORIENTED_EDGE ( 'NONE', *, *, #635, .F. ) ;
#609 = ORIENTED_EDGE ( 'NONE', *, *, #463, .T. ) ;
#610 = ORIENTED_EDGE ( 'NONE', *, *, #611, .T. ) ;
#611 = EDGE_CURVE ( 'NONE', #461, #612, #3696, .T. ) ;
#612 = VERTEX_POINT ( 'NONE', #3692 ) ;
#613 = ORIENTED_EDGE ( 'NONE', *, *, #614, .T. ) ;
#614 = EDGE_CURVE ( 'NONE', #612, #219, #3691, .T. ) ;
#615 = ORIENTED_EDGE ( 'NONE', *, *, #225, .T. ) ;
#616 = ORIENTED_EDGE ( 'NONE', *, *, #617, .T. ) ;
#617 = EDGE_CURVE ( 'NONE', #693, #618, #3687, .T. ) ;
#618 = VERTEX_POINT ( 'NONE', #3683 ) ;
#619 = ORIENTED_EDGE ( 'NONE', *, *, #620, .T. ) ;
#620 = EDGE_CURVE ( 'NONE', #223, #621, #3682, .T. ) ;
#621 = VERTEX_POINT ( 'NONE', #3678 ) ;
#622 = EDGE_CURVE ( 'NONE', #651, #686, #3677, .T. ) ;
#623 = ORIENTED_EDGE ( 'NONE', *, *, #624, .T. ) ;
#624 = EDGE_CURVE ( 'NONE', #621, #625, #3736, .T. ) ;
#625 = VERTEX_POINT ( 'NONE', #3732 ) ;
#626 = VERTEX_POINT ( 'NONE', #3731 ) ;
#627 = ORIENTED_EDGE ( 'NONE', *, *, #629, .F. ) ;
#628 = ORIENTED_EDGE ( 'NONE', *, *, #630, .F. ) ;
#629 = EDGE_CURVE ( 'NONE', #632, #633, #3730, .T. ) ;
#630 = EDGE_CURVE ( 'NONE', #631, #731, #3726, .T. ) ;
#631 = VERTEX_POINT ( 'NONE', #3722 ) ;
#632 = VERTEX_POINT ( 'NONE', #3721 ) ;
#633 = VERTEX_POINT ( 'NONE', #3720 ) ;
#634 = ORIENTED_EDGE ( 'NONE', *, *, #636, .T. ) ;
#635 = EDGE_CURVE ( 'NONE', #651, #607, #3719, .T. ) ;
#636 = EDGE_CURVE ( 'NONE', #632, #637, #3715, .T. ) ;
#637 = VERTEX_POINT ( 'NONE', #3711 ) ;
#638 = ORIENTED_EDGE ( 'NONE', *, *, #639, .T. ) ;
#639 = EDGE_CURVE ( 'NONE', #637, #640, #3710, .T. ) ;
#640 = VERTEX_POINT ( 'NONE', #3769 ) ;
#641 = ORIENTED_EDGE ( 'NONE', *, *, #642, .T. ) ;
#642 = EDGE_CURVE ( 'NONE', #640, #633, #3768, .T. ) ;
#643 = EDGE_LOOP ( 'NONE', ( #644, #645, #609, #610, #613, #615, #619, #623, #675, #680, #683, #688, #694, #606, #659, #662 ) ) ;
#644 = ORIENTED_EDGE ( 'NONE', *, *, #396, .T. ) ;
#645 = ORIENTED_EDGE ( 'NONE', *, *, #449, .T. ) ;
#646 = EDGE_CURVE ( 'NONE', #582, #576, #3764, .T. ) ;
#647 = EDGE_LOOP ( 'NONE', ( #648, #560, #563, #566 ) ) ;
#648 = ORIENTED_EDGE ( 'NONE', *, *, #649, .F. ) ;
#649 = EDGE_CURVE ( 'NONE', #650, #559, #3760, .T. ) ;
#650 = VERTEX_POINT ( 'NONE', #3756 ) ;
#651 = VERTEX_POINT ( 'NONE', #3755 ) ;
#652 = ORIENTED_EDGE ( 'NONE', *, *, #2638, .F. ) ;
#653 = ORIENTED_EDGE ( 'NONE', *, *, #622, .T. ) ;
#654 = ORIENTED_EDGE ( 'NONE', *, *, #737, .F. ) ;
#655 = ORIENTED_EDGE ( 'NONE', *, *, #656, .T. ) ;
#656 = EDGE_CURVE ( 'NONE', #896, #230, #3754, .T. ) ;
#657 = ORIENTED_EDGE ( 'NONE', *, *, #232, .F. ) ;
#658 = EDGE_CURVE ( 'NONE', #631, #676, #3750, .T. ) ;
#659 = ORIENTED_EDGE ( 'NONE', *, *, #660, .T. ) ;
#660 = EDGE_CURVE ( 'NONE', #237, #661, #3746, .T. ) ;
#661 = VERTEX_POINT ( 'NONE', #3742 ) ;
#662 = ORIENTED_EDGE ( 'NONE', *, *, #663, .T. ) ;
#663 = EDGE_CURVE ( 'NONE', #661, #397, #3741, .T. ) ;
#664 = ADVANCED_FACE ( 'NONE', ( #3802 ), #3801, .F. ) ;
#665 = VERTEX_POINT ( 'NONE', #3796 ) ;
#666 = EDGE_LOOP ( 'NONE', ( #668, #669, #671, #672 ) ) ;
#667 = ORIENTED_EDGE ( 'NONE', *, *, #698, .F. ) ;
#668 = ORIENTED_EDGE ( 'NONE', *, *, #1944, .F. ) ;
#669 = ORIENTED_EDGE ( 'NONE', *, *, #926, .F. ) ;
#670 = ORIENTED_EDGE ( 'NONE', *, *, #836, .F. ) ;
#671 = ORIENTED_EDGE ( 'NONE', *, *, #2639, .T. ) ;
#672 = ORIENTED_EDGE ( 'NONE', *, *, #194, .F. ) ;
#673 = ADVANCED_FACE ( 'NONE', ( #3795 ), #3794, .F. ) ;
#674 = EDGE_LOOP ( 'NONE', ( #726, #727, #729, #732 ) ) ;
#675 = ORIENTED_EDGE ( 'NONE', *, *, #677, .T. ) ;
#676 = VERTEX_POINT ( 'NONE', #3789 ) ;
#677 = EDGE_CURVE ( 'NONE', #625, #678, #3788, .T. ) ;
#678 = VERTEX_POINT ( 'NONE', #3784 ) ;
#679 = ORIENTED_EDGE ( 'NONE', *, *, #723, .F. ) ;
#680 = ORIENTED_EDGE ( 'NONE', *, *, #681, .T. ) ;
#681 = EDGE_CURVE ( 'NONE', #678, #682, #3783, .T. ) ;
#682 = VERTEX_POINT ( 'NONE', #3779 ) ;
#683 = ORIENTED_EDGE ( 'NONE', *, *, #684, .T. ) ;
#684 = EDGE_CURVE ( 'NONE', #682, #685, #3778, .T. ) ;
#685 = VERTEX_POINT ( 'NONE', #3774 ) ;
#686 = VERTEX_POINT ( 'NONE', #3773 ) ;
#687 = ORIENTED_EDGE ( 'NONE', *, *, #704, .F. ) ;
#688 = ORIENTED_EDGE ( 'NONE', *, *, #689, .T. ) ;
#689 = EDGE_CURVE ( 'NONE', #685, #690, #3772, .T. ) ;
#690 = VERTEX_POINT ( 'NONE', #3835 ) ;
#691 = ORIENTED_EDGE ( 'NONE', *, *, #692, .F. ) ;
#692 = EDGE_CURVE ( 'NONE', #693, #714, #3834, .T. ) ;
#693 = VERTEX_POINT ( 'NONE', #3830 ) ;
#694 = ORIENTED_EDGE ( 'NONE', *, *, #605, .T. ) ;
#695 = ADVANCED_FACE ( 'NONE', ( #3829 ), #3828, .F. ) ;
#696 = EDGE_LOOP ( 'NONE', ( #697, #699, #700, #702 ) ) ;
#697 = ORIENTED_EDGE ( 'NONE', *, *, #2107, .F. ) ;
#698 = EDGE_CURVE ( 'NONE', #607, #665, #3823, .T. ) ;
#699 = ORIENTED_EDGE ( 'NONE', *, *, #941, .F. ) ;
#700 = ORIENTED_EDGE ( 'NONE', *, *, #701, .T. ) ;
#701 = EDGE_CURVE ( 'NONE', #958, #157, #3819, .T. ) ;
#702 = ORIENTED_EDGE ( 'NONE', *, *, #156, .F. ) ;
#703 = ADVANCED_FACE ( 'NONE', ( #3815 ), #3814, .F. ) ;
#704 = EDGE_CURVE ( 'NONE', #705, #686, #3809, .T. ) ;
#705 = VERTEX_POINT ( 'NONE', #3805 ) ;
#706 = EDGE_LOOP ( 'NONE', ( #707, #708, #333, #760 ) ) ;
#707 = ORIENTED_EDGE ( 'NONE', *, *, #701, .F. ) ;
#708 = ORIENTED_EDGE ( 'NONE', *, *, #1018, .F. ) ;
#709 = ADVANCED_FACE ( 'NONE', ( #3804 ), #3869, .F. ) ;
#710 = EDGE_LOOP ( 'NONE', ( #711, #715, #716, #718 ) ) ;
#711 = ORIENTED_EDGE ( 'NONE', *, *, #656, .F. ) ;
#712 = ORIENTED_EDGE ( 'NONE', *, *, #713, .F. ) ;
#713 = EDGE_CURVE ( 'NONE', #714, #705, #3864, .T. ) ;
#714 = VERTEX_POINT ( 'NONE', #3860 ) ;
#715 = ORIENTED_EDGE ( 'NONE', *, *, #895, .F. ) ;
#716 = ORIENTED_EDGE ( 'NONE', *, *, #717, .T. ) ;
#717 = EDGE_CURVE ( 'NONE', #834, #289, #3859, .T. ) ;
#718 = ORIENTED_EDGE ( 'NONE', *, *, #288, .F. ) ;
#719 = ADVANCED_FACE ( 'NONE', ( #3855 ), #3854, .F. ) ;
#720 = EDGE_LOOP ( 'NONE', ( #722, #724, #725, #774 ) ) ;
#721 = EDGE_CURVE ( 'NONE', #626, #441, #3849, .T. ) ;
#722 = ORIENTED_EDGE ( 'NONE', *, *, #717, .F. ) ;
#723 = EDGE_CURVE ( 'NONE', #665, #676, #3845, .T. ) ;
#724 = ORIENTED_EDGE ( 'NONE', *, *, #832, .F. ) ;
#725 = ORIENTED_EDGE ( 'NONE', *, *, #2642, .T. ) ;
#726 = ORIENTED_EDGE ( 'NONE', *, *, #386, .F. ) ;
#727 = ORIENTED_EDGE ( 'NONE', *, *, #912, .F. ) ;
#728 = ORIENTED_EDGE ( 'NONE', *, *, #730, .F. ) ;
#729 = ORIENTED_EDGE ( 'NONE', *, *, #1947, .T. ) ;
#730 = EDGE_CURVE ( 'NONE', #731, #626, #3841, .T. ) ;
#731 = VERTEX_POINT ( 'NONE', #3837 ) ;
#732 = ORIENTED_EDGE ( 'NONE', *, *, #196, .F. ) ;
#733 = ADVANCED_FACE ( 'NONE', ( #3900 ), #3899, .F. ) ;
#734 = ADVANCED_FACE ( 'NONE', ( #3894 ), #3893, .F. ) ;
#735 = EDGE_LOOP ( 'NONE', ( #736, #741, #793, #795 ) ) ;
#736 = ORIENTED_EDGE ( 'NONE', *, *, #738, .T. ) ;
#737 = EDGE_CURVE ( 'NONE', #896, #739, #3888, .T. ) ;
#738 = EDGE_CURVE ( 'NONE', #2669, #740, #3884, .T. ) ;
#739 = VERTEX_POINT ( 'NONE', #3880 ) ;
#740 = VERTEX_POINT ( 'NONE', #3879 ) ;
#741 = ORIENTED_EDGE ( 'NONE', *, *, #791, .T. ) ;
#742 = ORIENTED_EDGE ( 'NONE', *, *, #794, .F. ) ;
#743 = ORIENTED_EDGE ( 'NONE', *, *, #744, .T. ) ;
#744 = EDGE_CURVE ( 'NONE', #772, #9485, #3878, .T. ) ;
#745 = ORIENTED_EDGE ( 'NONE', *, *, #9484, .T. ) ;
#746 = ORIENTED_EDGE ( 'NONE', *, *, #747, .T. ) ;
#747 = EDGE_CURVE ( 'NONE', #9487, #771, #3874, .T. ) ;
#748 = EDGE_CURVE ( 'NONE', #2014, #847, #3870, .T. ) ;
#749 = ADVANCED_FACE ( 'NONE', ( #3933 ), #3932, .F. ) ;
#750 = EDGE_LOOP ( 'NONE', ( #751, #755, #758, #811, #812, #813, #814, #815 ) ) ;
#751 = ORIENTED_EDGE ( 'NONE', *, *, #752, .F. ) ;
#752 = EDGE_CURVE ( 'NONE', #754, #2695, #3927, .T. ) ;
#753 = VERTEX_POINT ( 'NONE', #3923 ) ;
#754 = VERTEX_POINT ( 'NONE', #3922 ) ;
#755 = ORIENTED_EDGE ( 'NONE', *, *, #756, .T. ) ;
#756 = EDGE_CURVE ( 'NONE', #754, #757, #3921, .T. ) ;
#757 = VERTEX_POINT ( 'NONE', #3917 ) ;
#758 = ORIENTED_EDGE ( 'NONE', *, *, #810, .F. ) ;
#759 = EDGE_CURVE ( 'NONE', #1006, #155, #3916, .T. ) ;
#760 = ORIENTED_EDGE ( 'NONE', *, *, #154, .F. ) ;
#761 = ADVANCED_FACE ( 'NONE', ( #3912 ), #3911, .F. ) ;
#762 = EDGE_LOOP ( 'NONE', ( #763, #764, #765, #766 ) ) ;
#763 = ORIENTED_EDGE ( 'NONE', *, *, #759, .F. ) ;
#764 = ORIENTED_EDGE ( 'NONE', *, *, #1005, .F. ) ;
#765 = ORIENTED_EDGE ( 'NONE', *, *, #383, .T. ) ;
#766 = ORIENTED_EDGE ( 'NONE', *, *, #159, .F. ) ;
#767 = ADVANCED_FACE ( 'NONE', ( #3906 ), #3904, .F. ) ;
#768 = EDGE_LOOP ( 'NONE', ( #769, #743, #745, #746 ) ) ;
#769 = ORIENTED_EDGE ( 'NONE', *, *, #770, .T. ) ;
#770 = EDGE_CURVE ( 'NONE', #771, #772, #3968, .T. ) ;
#771 = VERTEX_POINT ( 'NONE', #3964 ) ;
#772 = VERTEX_POINT ( 'NONE', #3963 ) ;
#773 = ORIENTED_EDGE ( 'NONE', *, *, #658, .T. ) ;
#774 = ORIENTED_EDGE ( 'NONE', *, *, #291, .F. ) ;
#775 = ORIENTED_EDGE ( 'NONE', *, *, #805, .F. ) ;
#776 = ORIENTED_EDGE ( 'NONE', *, *, #777, .T. ) ;
#777 = EDGE_CURVE ( 'NONE', #802, #740, #3962, .T. ) ;
#778 = ORIENTED_EDGE ( 'NONE', *, *, #798, .F. ) ;
#779 = ADVANCED_FACE ( 'NONE', ( #3958 ), #3957, .F. ) ;
#780 = EDGE_LOOP ( 'NONE', ( #781, #782, #784, #785, #786 ) ) ;
#781 = ORIENTED_EDGE ( 'NONE', *, *, #770, .F. ) ;
#782 = ORIENTED_EDGE ( 'NONE', *, *, #783, .T. ) ;
#783 = EDGE_CURVE ( 'NONE', #771, #7204, #3952, .T. ) ;
#784 = ORIENTED_EDGE ( 'NONE', *, *, #7207, .T. ) ;
#785 = ORIENTED_EDGE ( 'NONE', *, *, #1870, .F. ) ;
#786 = ORIENTED_EDGE ( 'NONE', *, *, #787, .F. ) ;
#787 = EDGE_CURVE ( 'NONE', #772, #1868, #3948, .T. ) ;
#788 = ADVANCED_FACE ( 'NONE', ( #3944 ), #3943, .F. ) ;
#789 = EDGE_LOOP ( 'NONE', ( #790, #850, #851, #852 ) ) ;
#790 = ORIENTED_EDGE ( 'NONE', *, *, #71, .T. ) ;
#791 = EDGE_CURVE ( 'NONE', #740, #754, #3938, .T. ) ;
#792 = VERTEX_POINT ( 'NONE', #3997 ) ;
#793 = ORIENTED_EDGE ( 'NONE', *, *, #752, .T. ) ;
#794 = EDGE_CURVE ( 'NONE', #1904, #792, #3996, .T. ) ;
#795 = ORIENTED_EDGE ( 'NONE', *, *, #2674, .T. ) ;
#796 = ADVANCED_FACE ( 'NONE', ( #3992 ), #3991, .F. ) ;
#797 = EDGE_LOOP ( 'NONE', ( #799, #800, #804, #808 ) ) ;
#798 = EDGE_CURVE ( 'NONE', #2011, #753, #3986, .T. ) ;
#799 = ORIENTED_EDGE ( 'NONE', *, *, #7226, .T. ) ;
#800 = ORIENTED_EDGE ( 'NONE', *, *, #801, .F. ) ;
#801 = EDGE_CURVE ( 'NONE', #802, #7222, #3982, .T. ) ;
#802 = VERTEX_POINT ( 'NONE', #3978 ) ;
#803 = ORIENTED_EDGE ( 'NONE', *, *, #1903, .F. ) ;
#804 = ORIENTED_EDGE ( 'NONE', *, *, #805, .T. ) ;
#805 = EDGE_CURVE ( 'NONE', #802, #806, #3977, .T. ) ;
#806 = VERTEX_POINT ( 'NONE', #3973 ) ;
#807 = ORIENTED_EDGE ( 'NONE', *, *, #737, .T. ) ;
#808 = ORIENTED_EDGE ( 'NONE', *, *, #809, .T. ) ;
#809 = EDGE_CURVE ( 'NONE', #806, #7223, #3972, .T. ) ;
#810 = EDGE_CURVE ( 'NONE', #175, #757, #4032, .T. ) ;
#811 = ORIENTED_EDGE ( 'NONE', *, *, #184, .F. ) ;
#812 = ORIENTED_EDGE ( 'NONE', *, *, #2623, .T. ) ;
#813 = ORIENTED_EDGE ( 'NONE', *, *, #166, .F. ) ;
#814 = ORIENTED_EDGE ( 'NONE', *, *, #381, .F. ) ;
#815 = ORIENTED_EDGE ( 'NONE', *, *, #2681, .T. ) ;
#816 = ORIENTED_EDGE ( 'NONE', *, *, #2016, .F. ) ;
#817 = ORIENTED_EDGE ( 'NONE', *, *, #1933, .F. ) ;
#818 = ORIENTED_EDGE ( 'NONE', *, *, #819, .T. ) ;
#819 = EDGE_CURVE ( 'NONE', #1931, #845, #4028, .T. ) ;
#820 = ORIENTED_EDGE ( 'NONE', *, *, #832, .T. ) ;
#821 = ADVANCED_FACE ( 'NONE', ( #4024 ), #4023, .F. ) ;
#822 = EDGE_LOOP ( 'NONE', ( #824, #825, #829, #878 ) ) ;
#823 = ORIENTED_EDGE ( 'NONE', *, *, #895, .T. ) ;
#824 = ORIENTED_EDGE ( 'NONE', *, *, #849, .F. ) ;
#825 = ORIENTED_EDGE ( 'NONE', *, *, #826, .T. ) ;
#826 = EDGE_CURVE ( 'NONE', #844, #962, #4018, .T. ) ;
#827 = ORIENTED_EDGE ( 'NONE', *, *, #828, .F. ) ;
#828 = EDGE_CURVE ( 'NONE', #753, #1901, #4014, .T. ) ;
#829 = ORIENTED_EDGE ( 'NONE', *, *, #961, .F. ) ;
#830 = ORIENTED_EDGE ( 'NONE', *, *, #738, .F. ) ;
#831 = ADVANCED_FACE ( 'NONE', ( #4010 ), #4009, .F. ) ;
#832 = EDGE_CURVE ( 'NONE', #847, #834, #4004, .T. ) ;
#833 = EDGE_LOOP ( 'NONE', ( #835, #837, #838, #839 ) ) ;
#834 = VERTEX_POINT ( 'NONE', #4000 ) ;
#835 = ORIENTED_EDGE ( 'NONE', *, *, #2690, .T. ) ;
#836 = EDGE_CURVE ( 'NONE', #792, #618, #4065, .T. ) ;
#837 = ORIENTED_EDGE ( 'NONE', *, *, #7220, .F. ) ;
#838 = ORIENTED_EDGE ( 'NONE', *, *, #809, .F. ) ;
#839 = ORIENTED_EDGE ( 'NONE', *, *, #857, .T. ) ;
#840 = ADVANCED_FACE ( 'NONE', ( #4061 ), #4060, .T. ) ;
#841 = EDGE_LOOP ( 'NONE', ( #842, #848, #897, #898, #817, #818 ) ) ;
#842 = ORIENTED_EDGE ( 'NONE', *, *, #843, .F. ) ;
#843 = EDGE_CURVE ( 'NONE', #844, #845, #4055, .T. ) ;
#844 = VERTEX_POINT ( 'NONE', #4051 ) ;
#845 = VERTEX_POINT ( 'NONE', #4050 ) ;
#846 = ORIENTED_EDGE ( 'NONE', *, *, #748, .T. ) ;
#847 = VERTEX_POINT ( 'NONE', #4049 ) ;
#848 = ORIENTED_EDGE ( 'NONE', *, *, #849, .T. ) ;
#849 = EDGE_CURVE ( 'NONE', #844, #2101, #4048, .T. ) ;
#850 = ORIENTED_EDGE ( 'NONE', *, *, #783, .F. ) ;
#851 = ORIENTED_EDGE ( 'NONE', *, *, #747, .F. ) ;
#852 = ORIENTED_EDGE ( 'NONE', *, *, #9488, .T. ) ;
#853 = ADVANCED_FACE ( 'NONE', ( #4044 ), #4043, .F. ) ;
#854 = EDGE_LOOP ( 'NONE', ( #855, #856, #775, #776, #830 ) ) ;
#855 = ORIENTED_EDGE ( 'NONE', *, *, #2694, .T. ) ;
#856 = ORIENTED_EDGE ( 'NONE', *, *, #857, .F. ) ;
#857 = EDGE_CURVE ( 'NONE', #806, #2691, #4038, .T. ) ;
#858 = EDGE_LOOP ( 'NONE', ( #933, #445, #1835, #1834, #1832, #2706, #2629, #2625, #2624, #2630 ) ) ;
#859 = ORIENTED_EDGE ( 'NONE', *, *, #1954, .F. ) ;
#860 = ADVANCED_FACE ( 'NONE', ( #4034 ), #4033, .F. ) ;
#861 = EDGE_LOOP ( 'NONE', ( #862, #865, #868, #869 ) ) ;
#862 = ORIENTED_EDGE ( 'NONE', *, *, #891, .T. ) ;
#863 = EDGE_CURVE ( 'NONE', #962, #864, #4094, .T. ) ;
#864 = VERTEX_POINT ( 'NONE', #4090 ) ;
#865 = ORIENTED_EDGE ( 'NONE', *, *, #866, .F. ) ;
#866 = EDGE_CURVE ( 'NONE', #2001, #889, #4089, .T. ) ;
#867 = ORIENTED_EDGE ( 'NONE', *, *, #912, .T. ) ;
#868 = ORIENTED_EDGE ( 'NONE', *, *, #2009, .F. ) ;
#869 = ORIENTED_EDGE ( 'NONE', *, *, #870, .F. ) ;
#870 = EDGE_CURVE ( 'NONE', #892, #2007, #4085, .T. ) ;
#871 = ORIENTED_EDGE ( 'NONE', *, *, #901, .T. ) ;
#872 = ADVANCED_FACE ( 'NONE', ( #4081 ), #4080, .F. ) ;
#873 = EDGE_LOOP ( 'NONE', ( #874, #876, #923, #924 ) ) ;
#874 = ORIENTED_EDGE ( 'NONE', *, *, #2003, .T. ) ;
#875 = ORIENTED_EDGE ( 'NONE', *, *, #863, .T. ) ;
#876 = ORIENTED_EDGE ( 'NONE', *, *, #877, .T. ) ;
#877 = EDGE_CURVE ( 'NONE', #2000, #885, #4075, .T. ) ;
#878 = ORIENTED_EDGE ( 'NONE', *, *, #2031, .F. ) ;
#879 = ADVANCED_FACE ( 'NONE', ( #4071 ), #4070, .F. ) ;
#880 = EDGE_LOOP ( 'NONE', ( #882, #887, #890, #893 ) ) ;
#881 = ORIENTED_EDGE ( 'NONE', *, *, #2048, .T. ) ;
#882 = ORIENTED_EDGE ( 'NONE', *, *, #883, .T. ) ;
#883 = EDGE_CURVE ( 'NONE', #884, #885, #4131, .T. ) ;
#884 = VERTEX_POINT ( 'NONE', #4127 ) ;
#885 = VERTEX_POINT ( 'NONE', #4126 ) ;
#886 = ORIENTED_EDGE ( 'NONE', *, *, #242, .T. ) ;
#887 = ORIENTED_EDGE ( 'NONE', *, *, #888, .T. ) ;
#888 = EDGE_CURVE ( 'NONE', #885, #889, #4125, .T. ) ;
#889 = VERTEX_POINT ( 'NONE', #4121 ) ;
#890 = ORIENTED_EDGE ( 'NONE', *, *, #891, .F. ) ;
#891 = EDGE_CURVE ( 'NONE', #892, #889, #4120, .T. ) ;
#892 = VERTEX_POINT ( 'NONE', #4116 ) ;
#893 = ORIENTED_EDGE ( 'NONE', *, *, #894, .F. ) ;
#894 = EDGE_CURVE ( 'NONE', #884, #892, #4115, .T. ) ;
#895 = EDGE_CURVE ( 'NONE', #834, #896, #4111, .T. ) ;
#896 = VERTEX_POINT ( 'NONE', #4107 ) ;
#897 = ORIENTED_EDGE ( 'NONE', *, *, #2045, .T. ) ;
#898 = ORIENTED_EDGE ( 'NONE', *, *, #1833, .F. ) ;
#899 = ORIENTED_EDGE ( 'NONE', *, *, #900, .F. ) ;
#900 = EDGE_CURVE ( 'NONE', #902, #977, #4106, .T. ) ;
#901 = EDGE_CURVE ( 'NONE', #914, #903, #4102, .T. ) ;
#902 = VERTEX_POINT ( 'NONE', #4165 ) ;
#903 = VERTEX_POINT ( 'NONE', #4164 ) ;
#904 = ORIENTED_EDGE ( 'NONE', *, *, #905, .F. ) ;
#905 = EDGE_CURVE ( 'NONE', #906, #902, #4163, .T. ) ;
#906 = VERTEX_POINT ( 'NONE', #4159 ) ;
#907 = ORIENTED_EDGE ( 'NONE', *, *, #1991, .F. ) ;
#908 = ORIENTED_EDGE ( 'NONE', *, *, #1996, .T. ) ;
#909 = ORIENTED_EDGE ( 'NONE', *, *, #2044, .F. ) ;
#910 = ORIENTED_EDGE ( 'NONE', *, *, #2067, .F. ) ;
#911 = ADVANCED_FACE ( 'NONE', ( #4158 ), #4157, .F. ) ;
#912 = EDGE_CURVE ( 'NONE', #1948, #914, #4152, .T. ) ;
#913 = EDGE_LOOP ( 'NONE', ( #915, #916, #917, #918 ) ) ;
#914 = VERTEX_POINT ( 'NONE', #4148 ) ;
#915 = ORIENTED_EDGE ( 'NONE', *, *, #2024, .T. ) ;
#916 = ORIENTED_EDGE ( 'NONE', *, *, #1962, .T. ) ;
#917 = ORIENTED_EDGE ( 'NONE', *, *, #1942, .F. ) ;
#918 = ORIENTED_EDGE ( 'NONE', *, *, #1985, .F. ) ;
#919 = ORIENTED_EDGE ( 'NONE', *, *, #1005, .T. ) ;
#920 = ADVANCED_FACE ( 'NONE', ( #4147 ), #4146, .F. ) ;
#921 = EDGE_LOOP ( 'NONE', ( #922, #966, #967, #969 ) ) ;
#922 = ORIENTED_EDGE ( 'NONE', *, *, #1999, .T. ) ;
#923 = ORIENTED_EDGE ( 'NONE', *, *, #883, .F. ) ;
#924 = ORIENTED_EDGE ( 'NONE', *, *, #927, .F. ) ;
#925 = ORIENTED_EDGE ( 'NONE', *, *, #926, .T. ) ;
#926 = EDGE_CURVE ( 'NONE', #944, #1995, #4141, .T. ) ;
#927 = EDGE_CURVE ( 'NONE', #2004, #884, #4137, .T. ) ;
#928 = ADVANCED_FACE ( 'NONE', ( #4133 ), #4132, .F. ) ;
#929 = EDGE_LOOP ( 'NONE', ( #931, #932, #934, #935 ) ) ;
#930 = ORIENTED_EDGE ( 'NONE', *, *, #971, .T. ) ;
#931 = ORIENTED_EDGE ( 'NONE', *, *, #894, .T. ) ;
#932 = ORIENTED_EDGE ( 'NONE', *, *, #870, .T. ) ;
#933 = ORIENTED_EDGE ( 'NONE', *, *, #1001, .F. ) ;
#934 = ORIENTED_EDGE ( 'NONE', *, *, #2006, .T. ) ;
#935 = ORIENTED_EDGE ( 'NONE', *, *, #927, .T. ) ;
#936 = ADVANCED_FACE ( 'NONE', ( #4198 ), #4197, .T. ) ;
#937 = ADVANCED_FACE ( 'NONE', ( #4192 ), #4191, .T. ) ;
#938 = EDGE_LOOP ( 'NONE', ( #859, #907, #909, #910 ) ) ;
#939 = EDGE_LOOP ( 'NONE', ( #940, #942, #943, #945 ) ) ;
#940 = ORIENTED_EDGE ( 'NONE', *, *, #636, .F. ) ;
#941 = EDGE_CURVE ( 'NONE', #958, #2032, #4186, .T. ) ;
#942 = ORIENTED_EDGE ( 'NONE', *, *, #1013, .F. ) ;
#943 = ORIENTED_EDGE ( 'NONE', *, *, #900, .T. ) ;
#944 = VERTEX_POINT ( 'NONE', #4182 ) ;
#945 = ORIENTED_EDGE ( 'NONE', *, *, #956, .T. ) ;
#946 = EDGE_CURVE ( 'NONE', #739, #944, #4180, .T. ) ;
#947 = ADVANCED_FACE ( 'NONE', ( #4176 ), #4227, .F. ) ;
#948 = ORIENTED_EDGE ( 'NONE', *, *, #950, .F. ) ;
#949 = ORIENTED_EDGE ( 'NONE', *, *, #951, .T. ) ;
#950 = EDGE_CURVE ( 'NONE', #2049, #979, #4222, .T. ) ;
#951 = EDGE_CURVE ( 'NONE', #906, #976, #4217, .T. ) ;
#952 = ADVANCED_FACE ( 'NONE', ( #4213 ), #4256, .F. ) ;
#953 = EDGE_LOOP ( 'NONE', ( #954, #955, #959, #960 ) ) ;
#954 = ORIENTED_EDGE ( 'NONE', *, *, #639, .F. ) ;
#955 = ORIENTED_EDGE ( 'NONE', *, *, #956, .F. ) ;
#956 = EDGE_CURVE ( 'NONE', #977, #637, #4251, .T. ) ;
#957 = ORIENTED_EDGE ( 'NONE', *, *, #1018, .T. ) ;
#958 = VERTEX_POINT ( 'NONE', #4247 ) ;
#959 = ORIENTED_EDGE ( 'NONE', *, *, #974, .F. ) ;
#960 = ORIENTED_EDGE ( 'NONE', *, *, #963, .F. ) ;
#961 = EDGE_CURVE ( 'NONE', #2103, #962, #4246, .T. ) ;
#962 = VERTEX_POINT ( 'NONE', #4242 ) ;
#963 = EDGE_CURVE ( 'NONE', #640, #976, #4240, .T. ) ;
#964 = ADVANCED_FACE ( 'NONE', ( #4236 ), #4278, .T. ) ;
#965 = EDGE_LOOP ( 'NONE', ( #1012, #1014, #1015, #1017 ) ) ;
#966 = ORIENTED_EDGE ( 'NONE', *, *, #866, .T. ) ;
#967 = ORIENTED_EDGE ( 'NONE', *, *, #888, .F. ) ;
#968 = ORIENTED_EDGE ( 'NONE', *, *, #941, .T. ) ;
#969 = ORIENTED_EDGE ( 'NONE', *, *, #877, .F. ) ;
#970 = ADVANCED_FACE ( 'NONE', ( #4272 ), #4314, .F. ) ;
#971 = EDGE_CURVE ( 'NONE', #864, #243, #4309, .T. ) ;
#972 = EDGE_LOOP ( 'NONE', ( #973, #899, #904, #949 ) ) ;
#973 = ORIENTED_EDGE ( 'NONE', *, *, #974, .T. ) ;
#974 = EDGE_CURVE ( 'NONE', #976, #977, #4305, .T. ) ;
#975 = ORIENTED_EDGE ( 'NONE', *, *, #978, .F. ) ;
#976 = VERTEX_POINT ( 'NONE', #4301 ) ;
#977 = VERTEX_POINT ( 'NONE', #4300 ) ;
#978 = EDGE_CURVE ( 'NONE', #979, #1002, #4299, .T. ) ;
#979 = VERTEX_POINT ( 'NONE', #4295 ) ;
#980 = ADVANCED_FACE ( 'NONE', ( #4294 ), #4331, .F. ) ;
#981 = EDGE_LOOP ( 'NONE', ( #983, #986, #987, #990 ) ) ;
#982 = EDGE_CURVE ( 'NONE', #2729, #441, #4326, .T. ) ;
#983 = ORIENTED_EDGE ( 'NONE', *, *, #984, .T. ) ;
#984 = EDGE_CURVE ( 'NONE', #985, #12, #4322, .T. ) ;
#985 = VERTEX_POINT ( 'NONE', #4318 ) ;
#986 = ORIENTED_EDGE ( 'NONE', *, *, #14, .T. ) ;
#987 = ORIENTED_EDGE ( 'NONE', *, *, #988, .F. ) ;
#988 = EDGE_CURVE ( 'NONE', #989, #13, #4369, .T. ) ;
#989 = VERTEX_POINT ( 'NONE', #4365 ) ;
#990 = ORIENTED_EDGE ( 'NONE', *, *, #991, .T. ) ;
#991 = EDGE_CURVE ( 'NONE', #989, #985, #4363, .T. ) ;
#992 = ADVANCED_FACE ( 'NONE', ( #4359 ), #4344, .T. ) ;
#993 = EDGE_LOOP ( 'NONE', ( #1047, #1048, #1049, #1052, #1054, #1055 ) ) ;
#994 = EDGE_LOOP ( 'NONE', ( #995, #997, #998, #1000 ) ) ;
#995 = ORIENTED_EDGE ( 'NONE', *, *, #642, .F. ) ;
#996 = ORIENTED_EDGE ( 'NONE', *, *, #961, .T. ) ;
#997 = ORIENTED_EDGE ( 'NONE', *, *, #963, .T. ) ;
#998 = ORIENTED_EDGE ( 'NONE', *, *, #951, .F. ) ;
#999 = ORIENTED_EDGE ( 'NONE', *, *, #1001, .T. ) ;
#1000 = ORIENTED_EDGE ( 'NONE', *, *, #1016, .F. ) ;
#1001 = EDGE_CURVE ( 'NONE', #244, #1002, #4396, .T. ) ;
#1002 = VERTEX_POINT ( 'NONE', #4392 ) ;
#1003 = ADVANCED_FACE ( 'NONE', ( #4391 ), #4375, .F. ) ;
#1004 = EDGE_LOOP ( 'NONE', ( #1007, #1010, #1011, #1059 ) ) ;
#1005 = EDGE_CURVE ( 'NONE', #903, #1006, #4370, .T. ) ;
#1006 = VERTEX_POINT ( 'NONE', #4429 ) ;
#1007 = ORIENTED_EDGE ( 'NONE', *, *, #1008, .F. ) ;
#1008 = EDGE_CURVE ( 'NONE', #693, #1009, #4428, .T. ) ;
#1009 = VERTEX_POINT ( 'NONE', #4424 ) ;
#1010 = ORIENTED_EDGE ( 'NONE', *, *, #692, .T. ) ;
#1011 = ORIENTED_EDGE ( 'NONE', *, *, #307, .T. ) ;
#1012 = ORIENTED_EDGE ( 'NONE', *, *, #1013, .T. ) ;
#1013 = EDGE_CURVE ( 'NONE', #902, #632, #4423, .T. ) ;
#1014 = ORIENTED_EDGE ( 'NONE', *, *, #629, .T. ) ;
#1015 = ORIENTED_EDGE ( 'NONE', *, *, #1016, .T. ) ;
#1016 = EDGE_CURVE ( 'NONE', #633, #906, #4419, .T. ) ;
#1017 = ORIENTED_EDGE ( 'NONE', *, *, #905, .T. ) ;
#1018 = EDGE_CURVE ( 'NONE', #1006, #958, #4414, .T. ) ;
#1019 = ADVANCED_FACE ( 'NONE', ( #4410 ), #4459, .F. ) ;
#1020 = EDGE_CURVE ( 'NONE', #1969, #1095, #4454, .T. ) ;
#1021 = ORIENTED_EDGE ( 'NONE', *, *, #1968, .T. ) ;
#1022 = EDGE_CURVE ( 'NONE', #1051, #1040, #4449, .T. ) ;
#1023 = ORIENTED_EDGE ( 'NONE', *, *, #1050, .F. ) ;
#1024 = ORIENTED_EDGE ( 'NONE', *, *, #1060, .T. ) ;
#1025 = ADVANCED_FACE ( 'NONE', ( #4445 ), #4482, .F. ) ;
#1026 = EDGE_LOOP ( 'NONE', ( #1027, #1028, #1029, #1030 ) ) ;
#1027 = ORIENTED_EDGE ( 'NONE', *, *, #1039, .T. ) ;
#1028 = ORIENTED_EDGE ( 'NONE', *, *, #991, .F. ) ;
#1029 = ORIENTED_EDGE ( 'NONE', *, *, #1053, .F. ) ;
#1030 = ORIENTED_EDGE ( 'NONE', *, *, #1022, .T. ) ;
#1031 = ADVANCED_FACE ( 'NONE', ( #4476 ), #4514, .F. ) ;
#1032 = EDGE_LOOP ( 'NONE', ( #1033, #1090, #1093, #1096 ) ) ;
#1033 = ORIENTED_EDGE ( 'NONE', *, *, #1088, .T. ) ;
#1034 = VERTEX_POINT ( 'NONE', #4509 ) ;
#1035 = ORIENTED_EDGE ( 'NONE', *, *, #713, .T. ) ;
#1036 = ORIENTED_EDGE ( 'NONE', *, *, #10, .T. ) ;
#1037 = ORIENTED_EDGE ( 'NONE', *, *, #984, .F. ) ;
#1038 = ORIENTED_EDGE ( 'NONE', *, *, #1039, .F. ) ;
#1039 = EDGE_CURVE ( 'NONE', #1040, #985, #4508, .T. ) ;
#1040 = VERTEX_POINT ( 'NONE', #4504 ) ;
#1041 = ORIENTED_EDGE ( 'NONE', *, *, #1042, .F. ) ;
#1042 = EDGE_CURVE ( 'NONE', #331, #1040, #4502, .T. ) ;
#1043 = ADVANCED_FACE ( 'NONE', ( #4498 ), #4543, .F. ) ;
#1044 = EDGE_LOOP ( 'NONE', ( #1045, #1046, #1023, #1024 ) ) ;
#1045 = ORIENTED_EDGE ( 'NONE', *, *, #1042, .T. ) ;
#1046 = ORIENTED_EDGE ( 'NONE', *, *, #1022, .F. ) ;
#1047 = ORIENTED_EDGE ( 'NONE', *, *, #617, .F. ) ;
#1048 = ORIENTED_EDGE ( 'NONE', *, *, #1008, .T. ) ;
#1049 = ORIENTED_EDGE ( 'NONE', *, *, #1050, .T. ) ;
#1050 = EDGE_CURVE ( 'NONE', #1009, #1051, #4538, .T. ) ;
#1051 = VERTEX_POINT ( 'NONE', #4534 ) ;
#1052 = ORIENTED_EDGE ( 'NONE', *, *, #1053, .T. ) ;
#1053 = EDGE_CURVE ( 'NONE', #1051, #989, #4532, .T. ) ;
#1054 = ORIENTED_EDGE ( 'NONE', *, *, #988, .T. ) ;
#1055 = ORIENTED_EDGE ( 'NONE', *, *, #17, .F. ) ;
#1056 = ADVANCED_FACE ( 'NONE', ( #4528 ), #4574, .F. ) ;
#1057 = EDGE_LOOP ( 'NONE', ( #1058, #1035, #1036, #1037, #1038, #1041 ) ) ;
#1058 = ORIENTED_EDGE ( 'NONE', *, *, #307, .F. ) ;
#1059 = ORIENTED_EDGE ( 'NONE', *, *, #1060, .F. ) ;
#1060 = EDGE_CURVE ( 'NONE', #1009, #331, #4569, .T. ) ;
#1061 = ORIENTED_EDGE ( 'NONE', *, *, #1062, .T. ) ;
#1062 = EDGE_CURVE ( 'NONE', #9485, #1063, #4565, .T. ) ;
#1063 = VERTEX_POINT ( 'NONE', #4561 ) ;
#1064 = ORIENTED_EDGE ( 'NONE', *, *, #1255, .F. ) ;
#1065 = EDGE_CURVE ( 'NONE', #1092, #1901, #4559, .T. ) ;
#1066 = ORIENTED_EDGE ( 'NONE', *, *, #1982, .T. ) ;
#1067 = ORIENTED_EDGE ( 'NONE', *, *, #1823, .T. ) ;
#1068 = ADVANCED_FACE ( 'NONE', ( #4555 ), #4598, .T. ) ;
#1069 = EDGE_LOOP ( 'NONE', ( #1070, #1071, #1073, #1074 ) ) ;
#1070 = ORIENTED_EDGE ( 'NONE', *, *, #798, .T. ) ;
#1071 = ORIENTED_EDGE ( 'NONE', *, *, #1072, .F. ) ;
#1072 = EDGE_CURVE ( 'NONE', #1089, #753, #4592, .T. ) ;
#1073 = ORIENTED_EDGE ( 'NONE', *, *, #1088, .F. ) ;
#1074 = ORIENTED_EDGE ( 'NONE', *, *, #1079, .F. ) ;
#1075 = ADVANCED_FACE ( 'NONE', ( #4588 ), #4626, .F. ) ;
#1076 = EDGE_LOOP ( 'NONE', ( #1130, #1131, #1132, #1133 ) ) ;
#1077 = ORIENTED_EDGE ( 'NONE', *, *, #2064, .T. ) ;
#1078 = ORIENTED_EDGE ( 'NONE', *, *, #1079, .T. ) ;
#1079 = EDGE_CURVE ( 'NONE', #2011, #1034, #4620, .T. ) ;
#1080 = ORIENTED_EDGE ( 'NONE', *, *, #1097, .F. ) ;
#1081 = ADVANCED_FACE ( 'NONE', ( #4616 ), #4662, .F. ) ;
#1082 = EDGE_LOOP ( 'NONE', ( #1083, #1084, #1085, #1086, #1087, #1066, #1067 ) ) ;
#1083 = ORIENTED_EDGE ( 'NONE', *, *, #1921, .T. ) ;
#1084 = ORIENTED_EDGE ( 'NONE', *, *, #1972, .T. ) ;
#1085 = ORIENTED_EDGE ( 'NONE', *, *, #1020, .T. ) ;
#1086 = ORIENTED_EDGE ( 'NONE', *, *, #1094, .T. ) ;
#1087 = ORIENTED_EDGE ( 'NONE', *, *, #1065, .T. ) ;
#1088 = EDGE_CURVE ( 'NONE', #1034, #1089, #4657, .T. ) ;
#1089 = VERTEX_POINT ( 'NONE', #4653 ) ;
#1090 = ORIENTED_EDGE ( 'NONE', *, *, #1091, .F. ) ;
#1091 = EDGE_CURVE ( 'NONE', #1092, #1089, #4652, .T. ) ;
#1092 = VERTEX_POINT ( 'NONE', #4648 ) ;
#1093 = ORIENTED_EDGE ( 'NONE', *, *, #1094, .F. ) ;
#1094 = EDGE_CURVE ( 'NONE', #1095, #1092, #4647, .T. ) ;
#1095 = VERTEX_POINT ( 'NONE', #4643 ) ;
#1096 = ORIENTED_EDGE ( 'NONE', *, *, #1097, .T. ) ;
#1097 = EDGE_CURVE ( 'NONE', #1095, #1034, #4641, .T. ) ;
#1098 = ADVANCED_FACE ( 'NONE', ( #4637 ), #4681, .F. ) ;
#1099 = EDGE_LOOP ( 'NONE', ( #1100, #1021, #1077, #1078, #1080 ) ) ;
#1100 = ORIENTED_EDGE ( 'NONE', *, *, #1020, .F. ) ;
#1101 = ORIENTED_EDGE ( 'NONE', *, *, #1117, .T. ) ;
#1102 = ADVANCED_FACE ( 'NONE', ( #4675 ), #4712, .T. ) ;
#1103 = EDGE_LOOP ( 'NONE', ( #1158, #1162, #1165, #1168 ) ) ;
#1104 = EDGE_CURVE ( 'NONE', #1127, #1868, #4706, .T. ) ;
#1105 = ADVANCED_FACE ( 'NONE', ( #4702 ), #4740, .F. ) ;
#1106 = ORIENTED_EDGE ( 'NONE', *, *, #1123, .T. ) ;
#1107 = ORIENTED_EDGE ( 'NONE', *, *, #1863, .T. ) ;
#1108 = ORIENTED_EDGE ( 'NONE', *, *, #1878, .T. ) ;
#1109 = ORIENTED_EDGE ( 'NONE', *, *, #1137, .T. ) ;
#1110 = ORIENTED_EDGE ( 'NONE', *, *, #1111, .T. ) ;
#1111 = EDGE_CURVE ( 'NONE', #1138, #1124, #4734, .T. ) ;
#1112 = ADVANCED_FACE ( 'NONE', ( #4730 ), #4767, .T. ) ;
#1113 = EDGE_LOOP ( 'NONE', ( #1114, #1115, #1173, #1175, #1176 ) ) ;
#1114 = ORIENTED_EDGE ( 'NONE', *, *, #787, .T. ) ;
#1115 = ORIENTED_EDGE ( 'NONE', *, *, #1104, .F. ) ;
#1116 = ORIENTED_EDGE ( 'NONE', *, *, #1117, .F. ) ;
#1117 = EDGE_CURVE ( 'NONE', #1138, #1063, #4761, .T. ) ;
#1118 = ADVANCED_FACE ( 'NONE', ( #4757 ), #4742, .F. ) ;
#1119 = EDGE_LOOP ( 'NONE', ( #1120, #1121, #1122, #1125, #1128 ) ) ;
#1120 = ORIENTED_EDGE ( 'NONE', *, *, #1867, .T. ) ;
#1121 = ORIENTED_EDGE ( 'NONE', *, *, #1887, .T. ) ;
#1122 = ORIENTED_EDGE ( 'NONE', *, *, #1123, .F. ) ;
#1123 = EDGE_CURVE ( 'NONE', #1124, #1889, #4793, .T. ) ;
#1124 = VERTEX_POINT ( 'NONE', #4789 ) ;
#1125 = ORIENTED_EDGE ( 'NONE', *, *, #1126, .T. ) ;
#1126 = EDGE_CURVE ( 'NONE', #1124, #1127, #4788, .T. ) ;
#1127 = VERTEX_POINT ( 'NONE', #4784 ) ;
#1128 = ORIENTED_EDGE ( 'NONE', *, *, #1104, .T. ) ;
#1129 = EDGE_LOOP ( 'NONE', ( #1106, #1107, #1108, #1109, #1110 ) ) ;
#1130 = ORIENTED_EDGE ( 'NONE', *, *, #1072, .T. ) ;
#1131 = ORIENTED_EDGE ( 'NONE', *, *, #828, .T. ) ;
#1132 = ORIENTED_EDGE ( 'NONE', *, *, #1065, .F. ) ;
#1133 = ORIENTED_EDGE ( 'NONE', *, *, #1091, .T. ) ;
#1134 = ADVANCED_FACE ( 'NONE', ( #4783 ), #4831, .F. ) ;
#1135 = EDGE_LOOP ( 'NONE', ( #1136, #1139, #1061, #1116 ) ) ;
#1136 = ORIENTED_EDGE ( 'NONE', *, *, #1137, .F. ) ;
#1137 = EDGE_CURVE ( 'NONE', #1879, #1138, #4826, .T. ) ;
#1138 = VERTEX_POINT ( 'NONE', #4822 ) ;
#1139 = ORIENTED_EDGE ( 'NONE', *, *, #9482, .T. ) ;
#1140 = EDGE_LOOP ( 'NONE', ( #1141, #1142, #1143, #1144 ) ) ;
#1141 = ORIENTED_EDGE ( 'NONE', *, *, #863, .F. ) ;
#1142 = ORIENTED_EDGE ( 'NONE', *, *, #1151, .T. ) ;
#1143 = ORIENTED_EDGE ( 'NONE', *, *, #1159, .T. ) ;
#1144 = ORIENTED_EDGE ( 'NONE', *, *, #1145, .T. ) ;
#1145 = EDGE_CURVE ( 'NONE', #1161, #864, #4821, .T. ) ;
#1146 = ORIENTED_EDGE ( 'NONE', *, *, #843, .T. ) ;
#1147 = ORIENTED_EDGE ( 'NONE', *, *, #1148, .T. ) ;
#1148 = EDGE_CURVE ( 'NONE', #845, #1164, #4817, .T. ) ;
#1149 = ORIENTED_EDGE ( 'NONE', *, *, #1163, .T. ) ;
#1150 = ORIENTED_EDGE ( 'NONE', *, *, #1151, .F. ) ;
#1151 = EDGE_CURVE ( 'NONE', #962, #1160, #4812, .T. ) ;
#1152 = ADVANCED_FACE ( 'NONE', ( #4808 ), #4851, .F. ) ;
#1153 = EDGE_LOOP ( 'NONE', ( #1154, #1155, #1156, #1216, #1217, #1218, #1219 ) ) ;
#1154 = ORIENTED_EDGE ( 'NONE', *, *, #2099, .F. ) ;
#1155 = ORIENTED_EDGE ( 'NONE', *, *, #246, .F. ) ;
#1156 = ORIENTED_EDGE ( 'NONE', *, *, #1157, .F. ) ;
#1157 = EDGE_CURVE ( 'NONE', #1167, #243, #4846, .T. ) ;
#1158 = ORIENTED_EDGE ( 'NONE', *, *, #1159, .F. ) ;
#1159 = EDGE_CURVE ( 'NONE', #1160, #1161, #4842, .T. ) ;
#1160 = VERTEX_POINT ( 'NONE', #4838 ) ;
#1161 = VERTEX_POINT ( 'NONE', #4837 ) ;
#1162 = ORIENTED_EDGE ( 'NONE', *, *, #1163, .F. ) ;
#1163 = EDGE_CURVE ( 'NONE', #1164, #1160, #4836, .T. ) ;
#1164 = VERTEX_POINT ( 'NONE', #4832 ) ;
#1165 = ORIENTED_EDGE ( 'NONE', *, *, #1166, .T. ) ;
#1166 = EDGE_CURVE ( 'NONE', #1164, #1167, #4885, .T. ) ;
#1167 = VERTEX_POINT ( 'NONE', #4881 ) ;
#1168 = ORIENTED_EDGE ( 'NONE', *, *, #1169, .T. ) ;
#1169 = EDGE_CURVE ( 'NONE', #1167, #1161, #4879, .T. ) ;
#1170 = ADVANCED_FACE ( 'NONE', ( #4875 ), #4860, .T. ) ;
#1171 = EDGE_LOOP ( 'NONE', ( #1172, #1146, #1147, #1149, #1150 ) ) ;
#1172 = ORIENTED_EDGE ( 'NONE', *, *, #826, .F. ) ;
#1173 = ORIENTED_EDGE ( 'NONE', *, *, #1174, .F. ) ;
#1174 = EDGE_CURVE ( 'NONE', #1063, #1127, #4912, .T. ) ;
#1175 = ORIENTED_EDGE ( 'NONE', *, *, #1062, .F. ) ;
#1176 = ORIENTED_EDGE ( 'NONE', *, *, #744, .F. ) ;
#1177 = ADVANCED_FACE ( 'NONE', ( #4908 ), #4893, .F. ) ;
#1178 = EDGE_LOOP ( 'NONE', ( #1179, #1180, #1181, #1101 ) ) ;
#1179 = ORIENTED_EDGE ( 'NONE', *, *, #1174, .T. ) ;
#1180 = ORIENTED_EDGE ( 'NONE', *, *, #1126, .F. ) ;
#1181 = ORIENTED_EDGE ( 'NONE', *, *, #1111, .F. ) ;
#1182 = ORIENTED_EDGE ( 'NONE', *, *, #1193, .F. ) ;
#1183 = ORIENTED_EDGE ( 'NONE', *, *, #1184, .F. ) ;
#1184 = EDGE_CURVE ( 'NONE', #1199, #1191, #4887, .T. ) ;
#1185 = ORIENTED_EDGE ( 'NONE', *, *, #1198, .F. ) ;
#1186 = ADVANCED_FACE ( 'NONE', ( #4938 ), #4923, .T. ) ;
#1187 = EDGE_LOOP ( 'NONE', ( #1188, #1244, #1245, #1246, #1248 ) ) ;
#1188 = ORIENTED_EDGE ( 'NONE', *, *, #777, .F. ) ;
#1189 = ORIENTED_EDGE ( 'NONE', *, *, #1190, .F. ) ;
#1190 = EDGE_CURVE ( 'NONE', #1191, #1215, #4918, .T. ) ;
#1191 = VERTEX_POINT ( 'NONE', #4914 ) ;
#1192 = ORIENTED_EDGE ( 'NONE', *, *, #1193, .T. ) ;
#1193 = EDGE_CURVE ( 'NONE', #1191, #757, #4968, .T. ) ;
#1194 = ADVANCED_FACE ( 'NONE', ( #4964 ), #4949, .T. ) ;
#1195 = EDGE_LOOP ( 'NONE', ( #1196, #1197, #1200, #1064 ) ) ;
#1196 = ORIENTED_EDGE ( 'NONE', *, *, #7982, .T. ) ;
#1197 = ORIENTED_EDGE ( 'NONE', *, *, #1198, .T. ) ;
#1198 = EDGE_CURVE ( 'NONE', #176, #1199, #4944, .T. ) ;
#1199 = VERTEX_POINT ( 'NONE', #5001 ) ;
#1200 = ORIENTED_EDGE ( 'NONE', *, *, #1201, .T. ) ;
#1201 = EDGE_CURVE ( 'NONE', #1199, #1202, #5000, .T. ) ;
#1202 = VERTEX_POINT ( 'NONE', #4996 ) ;
#1203 = ADVANCED_FACE ( 'NONE', ( #4995 ), #4979, .T. ) ;
#1204 = EDGE_LOOP ( 'NONE', ( #1205, #1206, #1207, #1208 ) ) ;
#1205 = ORIENTED_EDGE ( 'NONE', *, *, #971, .F. ) ;
#1206 = ORIENTED_EDGE ( 'NONE', *, *, #1145, .F. ) ;
#1207 = ORIENTED_EDGE ( 'NONE', *, *, #1169, .F. ) ;
#1208 = ORIENTED_EDGE ( 'NONE', *, *, #1157, .T. ) ;
#1209 = ADVANCED_FACE ( 'NONE', ( #4978 ), #5022, .T. ) ;
#1210 = EDGE_LOOP ( 'NONE', ( #1211, #1212, #1213, #1189, #1192 ) ) ;
#1211 = ORIENTED_EDGE ( 'NONE', *, *, #756, .F. ) ;
#1212 = ORIENTED_EDGE ( 'NONE', *, *, #791, .F. ) ;
#1213 = ORIENTED_EDGE ( 'NONE', *, *, #1214, .F. ) ;
#1214 = EDGE_CURVE ( 'NONE', #1215, #740, #5017, .T. ) ;
#1215 = VERTEX_POINT ( 'NONE', #5013 ) ;
#1216 = ORIENTED_EDGE ( 'NONE', *, *, #1166, .F. ) ;
#1217 = ORIENTED_EDGE ( 'NONE', *, *, #1148, .F. ) ;
#1218 = ORIENTED_EDGE ( 'NONE', *, *, #819, .F. ) ;
#1219 = ORIENTED_EDGE ( 'NONE', *, *, #1930, .F. ) ;
#1220 = ADVANCED_FACE ( 'NONE', ( #5012 ), #5051, .T. ) ;
#1221 = ADVANCED_FACE ( 'NONE', ( #5045 ), #5080, .T. ) ;
#1222 = EDGE_LOOP ( 'NONE', ( #1223, #1225, #1226, #1282 ) ) ;
#1223 = ORIENTED_EDGE ( 'NONE', *, *, #1224, .T. ) ;
#1224 = EDGE_CURVE ( 'NONE', #1235, #650, #5074, .T. ) ;
#1225 = ORIENTED_EDGE ( 'NONE', *, *, #649, .T. ) ;
#1226 = ORIENTED_EDGE ( 'NONE', *, *, #1281, .T. ) ;
#1227 = ADVANCED_FACE ( 'NONE', ( #5070 ), #5116, .F. ) ;
#1228 = EDGE_LOOP ( 'NONE', ( #1229, #1233, #1236, #1239 ) ) ;
#1229 = ORIENTED_EDGE ( 'NONE', *, *, #1230, .T. ) ;
#1230 = EDGE_CURVE ( 'NONE', #1231, #1232, #5111, .T. ) ;
#1231 = VERTEX_POINT ( 'NONE', #5107 ) ;
#1232 = VERTEX_POINT ( 'NONE', #5106 ) ;
#1233 = ORIENTED_EDGE ( 'NONE', *, *, #1234, .F. ) ;
#1234 = EDGE_CURVE ( 'NONE', #1235, #1232, #5105, .T. ) ;
#1235 = VERTEX_POINT ( 'NONE', #5101 ) ;
#1236 = ORIENTED_EDGE ( 'NONE', *, *, #1237, .F. ) ;
#1237 = EDGE_CURVE ( 'NONE', #1238, #1235, #5100, .T. ) ;
#1238 = VERTEX_POINT ( 'NONE', #5096 ) ;
#1239 = ORIENTED_EDGE ( 'NONE', *, *, #1240, .T. ) ;
#1240 = EDGE_CURVE ( 'NONE', #1238, #1231, #5094, .T. ) ;
#1241 = ADVANCED_FACE ( 'NONE', ( #5090 ), #5138, .F. ) ;
#1242 = EDGE_LOOP ( 'NONE', ( #1243, #1293, #1295, #1296 ) ) ;
#1243 = ORIENTED_EDGE ( 'NONE', *, *, #564, .F. ) ;
#1244 = ORIENTED_EDGE ( 'NONE', *, *, #801, .T. ) ;
#1245 = ORIENTED_EDGE ( 'NONE', *, *, #1255, .T. ) ;
#1246 = ORIENTED_EDGE ( 'NONE', *, *, #1247, .T. ) ;
#1247 = EDGE_CURVE ( 'NONE', #1202, #1215, #5132, .T. ) ;
#1248 = ORIENTED_EDGE ( 'NONE', *, *, #1214, .T. ) ;
#1249 = ADVANCED_FACE ( 'NONE', ( #5128 ), #5167, .T. ) ;
#1250 = EDGE_LOOP ( 'NONE', ( #1251, #1252, #1253, #1254 ) ) ;
#1251 = ORIENTED_EDGE ( 'NONE', *, *, #1247, .F. ) ;
#1252 = ORIENTED_EDGE ( 'NONE', *, *, #1201, .F. ) ;
#1253 = ORIENTED_EDGE ( 'NONE', *, *, #1184, .T. ) ;
#1254 = ORIENTED_EDGE ( 'NONE', *, *, #1190, .T. ) ;
#1255 = EDGE_CURVE ( 'NONE', #7222, #1202, #5161, .T. ) ;
#1256 = ADVANCED_FACE ( 'NONE', ( #5157 ), #5194, .F. ) ;
#1257 = EDGE_LOOP ( 'NONE', ( #1258, #1259, #1182, #1183, #1185 ) ) ;
#1258 = ORIENTED_EDGE ( 'NONE', *, *, #174, .F. ) ;
#1259 = ORIENTED_EDGE ( 'NONE', *, *, #810, .T. ) ;
#1260 = ORIENTED_EDGE ( 'NONE', *, *, #1261, .T. ) ;
#1261 = EDGE_CURVE ( 'NONE', #1340, #1336, #5188, .T. ) ;
#1262 = ADVANCED_FACE ( 'NONE', ( #5184 ), #5219, .T. ) ;
#1263 = EDGE_LOOP ( 'NONE', ( #1264, #1265, #1321, #1324, #1326, #1327 ) ) ;
#1264 = ORIENTED_EDGE ( 'NONE', *, *, #622, .F. ) ;
#1265 = ORIENTED_EDGE ( 'NONE', *, *, #1271, .T. ) ;
#1266 = ORIENTED_EDGE ( 'NONE', *, *, #1240, .F. ) ;
#1267 = ORIENTED_EDGE ( 'NONE', *, *, #1281, .F. ) ;
#1268 = ADVANCED_FACE ( 'NONE', ( #5213 ), #5198, .F. ) ;
#1269 = EDGE_LOOP ( 'NONE', ( #1270, #1273, #1274, #1277 ) ) ;
#1270 = ORIENTED_EDGE ( 'NONE', *, *, #1271, .F. ) ;
#1271 = EDGE_CURVE ( 'NONE', #651, #1272, #5250, .T. ) ;
#1272 = VERTEX_POINT ( 'NONE', #5246 ) ;
#1273 = ORIENTED_EDGE ( 'NONE', *, *, #635, .T. ) ;
#1274 = ORIENTED_EDGE ( 'NONE', *, *, #1275, .T. ) ;
#1275 = EDGE_CURVE ( 'NONE', #607, #1276, #5245, .T. ) ;
#1276 = VERTEX_POINT ( 'NONE', #5241 ) ;
#1277 = ORIENTED_EDGE ( 'NONE', *, *, #1278, .F. ) ;
#1278 = EDGE_CURVE ( 'NONE', #1272, #1276, #5239, .T. ) ;
#1279 = ADVANCED_FACE ( 'NONE', ( #5235 ), #5279, .F. ) ;
#1280 = EDGE_LOOP ( 'NONE', ( #1334, #1337, #1338, #1260 ) ) ;
#1281 = EDGE_CURVE ( 'NONE', #559, #1238, #5273, .T. ) ;
#1282 = ORIENTED_EDGE ( 'NONE', *, *, #1237, .T. ) ;
#1283 = ADVANCED_FACE ( 'NONE', ( #5269 ), #5306, .F. ) ;
#1284 = EDGE_LOOP ( 'NONE', ( #1285, #1286, #1287, #1288 ) ) ;
#1285 = ORIENTED_EDGE ( 'NONE', *, *, #561, .F. ) ;
#1286 = ORIENTED_EDGE ( 'NONE', *, *, #1224, .F. ) ;
#1287 = ORIENTED_EDGE ( 'NONE', *, *, #1234, .T. ) ;
#1288 = ORIENTED_EDGE ( 'NONE', *, *, #1294, .T. ) ;
#1289 = ADVANCED_FACE ( 'NONE', ( #5300 ), #5285, .F. ) ;
#1290 = EDGE_LOOP ( 'NONE', ( #1291, #1292, #1266, #1267 ) ) ;
#1291 = ORIENTED_EDGE ( 'NONE', *, *, #567, .F. ) ;
#1292 = ORIENTED_EDGE ( 'NONE', *, *, #1297, .T. ) ;
#1293 = ORIENTED_EDGE ( 'NONE', *, *, #1294, .F. ) ;
#1294 = EDGE_CURVE ( 'NONE', #1232, #562, #5335, .T. ) ;
#1295 = ORIENTED_EDGE ( 'NONE', *, *, #1230, .F. ) ;
#1296 = ORIENTED_EDGE ( 'NONE', *, *, #1297, .F. ) ;
#1297 = EDGE_CURVE ( 'NONE', #565, #1231, #5330, .T. ) ;
#1298 = ORIENTED_EDGE ( 'NONE', *, *, #1325, .F. ) ;
#1299 = ORIENTED_EDGE ( 'NONE', *, *, #1318, .T. ) ;
#1300 = ADVANCED_FACE ( 'NONE', ( #5326 ), #5311, .F. ) ;
#1301 = EDGE_LOOP ( 'NONE', ( #1302, #1306, #1366, #1369 ) ) ;
#1302 = ORIENTED_EDGE ( 'NONE', *, *, #1303, .T. ) ;
#1303 = EDGE_CURVE ( 'NONE', #1304, #1305, #5367, .T. ) ;
#1304 = VERTEX_POINT ( 'NONE', #5363 ) ;
#1305 = VERTEX_POINT ( 'NONE', #5362 ) ;
#1306 = ORIENTED_EDGE ( 'NONE', *, *, #1307, .F. ) ;
#1307 = EDGE_CURVE ( 'NONE', #1365, #1305, #5361, .T. ) ;
#1308 = ORIENTED_EDGE ( 'NONE', *, *, #1335, .F. ) ;
#1309 = ORIENTED_EDGE ( 'NONE', *, *, #1310, .F. ) ;
#1310 = EDGE_CURVE ( 'NONE', #1311, #1336, #5357, .T. ) ;
#1311 = VERTEX_POINT ( 'NONE', #5353 ) ;
#1312 = ORIENTED_EDGE ( 'NONE', *, *, #1313, .F. ) ;
#1313 = EDGE_CURVE ( 'NONE', #1276, #1311, #5351, .T. ) ;
#1314 = ADVANCED_FACE ( 'NONE', ( #5347 ), #5396, .F. ) ;
#1315 = EDGE_LOOP ( 'NONE', ( #1316, #1317, #1319, #1320 ) ) ;
#1316 = ORIENTED_EDGE ( 'NONE', *, *, #1313, .T. ) ;
#1317 = ORIENTED_EDGE ( 'NONE', *, *, #1318, .F. ) ;
#1318 = EDGE_CURVE ( 'NONE', #1323, #1311, #5391, .T. ) ;
#1319 = ORIENTED_EDGE ( 'NONE', *, *, #1322, .F. ) ;
#1320 = ORIENTED_EDGE ( 'NONE', *, *, #1278, .T. ) ;
#1321 = ORIENTED_EDGE ( 'NONE', *, *, #1322, .T. ) ;
#1322 = EDGE_CURVE ( 'NONE', #1272, #1323, #5387, .T. ) ;
#1323 = VERTEX_POINT ( 'NONE', #5383 ) ;
#1324 = ORIENTED_EDGE ( 'NONE', *, *, #1325, .T. ) ;
#1325 = EDGE_CURVE ( 'NONE', #1323, #1340, #5381, .T. ) ;
#1326 = ORIENTED_EDGE ( 'NONE', *, *, #1339, .T. ) ;
#1327 = ORIENTED_EDGE ( 'NONE', *, *, #53, .F. ) ;
#1328 = ADVANCED_FACE ( 'NONE', ( #5377 ), #5423, .F. ) ;
#1329 = EDGE_LOOP ( 'NONE', ( #1330, #1331, #1332, #1308, #1309, #1312 ) ) ;
#1330 = ORIENTED_EDGE ( 'NONE', *, *, #1275, .F. ) ;
#1331 = ORIENTED_EDGE ( 'NONE', *, *, #698, .T. ) ;
#1332 = ORIENTED_EDGE ( 'NONE', *, *, #28, .T. ) ;
#1333 = ORIENTED_EDGE ( 'NONE', *, *, #1527, .F. ) ;
#1334 = ORIENTED_EDGE ( 'NONE', *, *, #1335, .T. ) ;
#1335 = EDGE_CURVE ( 'NONE', #1336, #55, #5418, .T. ) ;
#1336 = VERTEX_POINT ( 'NONE', #5414 ) ;
#1337 = ORIENTED_EDGE ( 'NONE', *, *, #58, .T. ) ;
#1338 = ORIENTED_EDGE ( 'NONE', *, *, #1339, .F. ) ;
#1339 = EDGE_CURVE ( 'NONE', #1340, #9, #5413, .T. ) ;
#1340 = VERTEX_POINT ( 'NONE', #5409 ) ;
#1341 = ADVANCED_FACE ( 'NONE', ( #5408 ), #5447, .F. ) ;
#1342 = EDGE_LOOP ( 'NONE', ( #1343, #1344, #1345, #1346 ) ) ;
#1343 = ORIENTED_EDGE ( 'NONE', *, *, #646, .F. ) ;
#1344 = ORIENTED_EDGE ( 'NONE', *, *, #1352, .T. ) ;
#1345 = ORIENTED_EDGE ( 'NONE', *, *, #1370, .F. ) ;
#1346 = ORIENTED_EDGE ( 'NONE', *, *, #1359, .F. ) ;
#1347 = ADVANCED_FACE ( 'NONE', ( #5441 ), #5481, .F. ) ;
#1348 = EDGE_LOOP ( 'NONE', ( #1349, #1406, #1407, #1410 ) ) ;
#1349 = ORIENTED_EDGE ( 'NONE', *, *, #1350, .F. ) ;
#1350 = EDGE_CURVE ( 'NONE', #631, #1351, #5476, .T. ) ;
#1351 = VERTEX_POINT ( 'NONE', #5472 ) ;
#1352 = EDGE_CURVE ( 'NONE', #582, #1304, #5470, .T. ) ;
#1353 = ADVANCED_FACE ( 'NONE', ( #5466 ), #5508, .T. ) ;
#1354 = EDGE_LOOP ( 'NONE', ( #1355, #1357, #1358, #1360 ) ) ;
#1355 = ORIENTED_EDGE ( 'NONE', *, *, #1356, .T. ) ;
#1356 = EDGE_CURVE ( 'NONE', #1365, #575, #5503, .T. ) ;
#1357 = ORIENTED_EDGE ( 'NONE', *, *, #574, .T. ) ;
#1358 = ORIENTED_EDGE ( 'NONE', *, *, #1359, .T. ) ;
#1359 = EDGE_CURVE ( 'NONE', #576, #1368, #5498, .T. ) ;
#1360 = ORIENTED_EDGE ( 'NONE', *, *, #1367, .T. ) ;
#1361 = ADVANCED_FACE ( 'NONE', ( #5494 ), #5538, .F. ) ;
#1362 = EDGE_LOOP ( 'NONE', ( #1363, #1364, #1419, #1420 ) ) ;
#1363 = ORIENTED_EDGE ( 'NONE', *, *, #578, .F. ) ;
#1364 = ORIENTED_EDGE ( 'NONE', *, *, #1356, .F. ) ;
#1365 = VERTEX_POINT ( 'NONE', #5533 ) ;
#1366 = ORIENTED_EDGE ( 'NONE', *, *, #1367, .F. ) ;
#1367 = EDGE_CURVE ( 'NONE', #1368, #1365, #5532, .T. ) ;
#1368 = VERTEX_POINT ( 'NONE', #5528 ) ;
#1369 = ORIENTED_EDGE ( 'NONE', *, *, #1370, .T. ) ;
#1370 = EDGE_CURVE ( 'NONE', #1368, #1304, #5526, .T. ) ;
#1371 = ADVANCED_FACE ( 'NONE', ( #5522 ), #5564, .F. ) ;
#1372 = EDGE_LOOP ( 'NONE', ( #1373, #1374, #1376, #1377 ) ) ;
#1373 = ORIENTED_EDGE ( 'NONE', *, *, #581, .F. ) ;
#1374 = ORIENTED_EDGE ( 'NONE', *, *, #1375, .F. ) ;
#1375 = EDGE_CURVE ( 'NONE', #1305, #579, #5558, .T. ) ;
#1376 = ORIENTED_EDGE ( 'NONE', *, *, #1303, .F. ) ;
#1377 = ORIENTED_EDGE ( 'NONE', *, *, #1352, .F. ) ;
#1378 = ADVANCED_FACE ( 'NONE', ( #5554 ), #5589, .F. ) ;
#1379 = ORIENTED_EDGE ( 'NONE', *, *, #1405, .F. ) ;
#1380 = ORIENTED_EDGE ( 'NONE', *, *, #1393, .T. ) ;
#1381 = ORIENTED_EDGE ( 'NONE', *, *, #27, .F. ) ;
#1382 = ADVANCED_FACE ( 'NONE', ( #5583 ), #5627, .F. ) ;
#1383 = EDGE_LOOP ( 'NONE', ( #1384, #1385, #1386, #1387, #1388, #1391 ) ) ;
#1384 = ORIENTED_EDGE ( 'NONE', *, *, #1408, .F. ) ;
#1385 = ORIENTED_EDGE ( 'NONE', *, *, #730, .T. ) ;
#1386 = ORIENTED_EDGE ( 'NONE', *, *, #42, .T. ) ;
#1387 = ORIENTED_EDGE ( 'NONE', *, *, #1415, .F. ) ;
#1388 = ORIENTED_EDGE ( 'NONE', *, *, #1389, .F. ) ;
#1389 = EDGE_CURVE ( 'NONE', #1390, #1416, #5622, .T. ) ;
#1390 = VERTEX_POINT ( 'NONE', #5618 ) ;
#1391 = ORIENTED_EDGE ( 'NONE', *, *, #1392, .F. ) ;
#1392 = EDGE_CURVE ( 'NONE', #1409, #1390, #5617, .T. ) ;
#1393 = EDGE_CURVE ( 'NONE', #1394, #23, #5613, .T. ) ;
#1394 = VERTEX_POINT ( 'NONE', #5609 ) ;
#1395 = ORIENTED_EDGE ( 'NONE', *, *, #1396, .T. ) ;
#1396 = EDGE_CURVE ( 'NONE', #1394, #1416, #5607, .T. ) ;
#1397 = ADVANCED_FACE ( 'NONE', ( #5603 ), #5646, .T. ) ;
#1398 = EDGE_LOOP ( 'NONE', ( #1399, #1400, #1401, #1404, #1380, #1381 ) ) ;
#1399 = ORIENTED_EDGE ( 'NONE', *, *, #658, .F. ) ;
#1400 = ORIENTED_EDGE ( 'NONE', *, *, #1350, .T. ) ;
#1401 = ORIENTED_EDGE ( 'NONE', *, *, #1402, .T. ) ;
#1402 = EDGE_CURVE ( 'NONE', #1351, #1403, #5641, .T. ) ;
#1403 = VERTEX_POINT ( 'NONE', #5637 ) ;
#1404 = ORIENTED_EDGE ( 'NONE', *, *, #1405, .T. ) ;
#1405 = EDGE_CURVE ( 'NONE', #1403, #1394, #5636, .T. ) ;
#1406 = ORIENTED_EDGE ( 'NONE', *, *, #630, .T. ) ;
#1407 = ORIENTED_EDGE ( 'NONE', *, *, #1408, .T. ) ;
#1408 = EDGE_CURVE ( 'NONE', #731, #1409, #5632, .T. ) ;
#1409 = VERTEX_POINT ( 'NONE', #5628 ) ;
#1410 = ORIENTED_EDGE ( 'NONE', *, *, #1411, .F. ) ;
#1411 = EDGE_CURVE ( 'NONE', #1351, #1409, #5678, .T. ) ;
#1412 = ADVANCED_FACE ( 'NONE', ( #5674 ), #5659, .F. ) ;
#1413 = EDGE_LOOP ( 'NONE', ( #1414, #1417, #1418, #1395 ) ) ;
#1414 = ORIENTED_EDGE ( 'NONE', *, *, #1415, .T. ) ;
#1415 = EDGE_CURVE ( 'NONE', #1416, #21, #5654, .T. ) ;
#1416 = VERTEX_POINT ( 'NONE', #5707 ) ;
#1417 = ORIENTED_EDGE ( 'NONE', *, *, #24, .T. ) ;
#1418 = ORIENTED_EDGE ( 'NONE', *, *, #1393, .F. ) ;
#1419 = ORIENTED_EDGE ( 'NONE', *, *, #1307, .T. ) ;
#1420 = ORIENTED_EDGE ( 'NONE', *, *, #1375, .T. ) ;
#1421 = EDGE_LOOP ( 'NONE', ( #1422, #1423, #1425, #1426 ) ) ;
#1422 = ORIENTED_EDGE ( 'NONE', *, *, #569, .F. ) ;
#1423 = ORIENTED_EDGE ( 'NONE', *, *, #1424, .F. ) ;
#1424 = EDGE_CURVE ( 'NONE', #1440, #597, #5706, .T. ) ;
#1425 = ORIENTED_EDGE ( 'NONE', *, *, #1438, .F. ) ;
#1426 = ORIENTED_EDGE ( 'NONE', *, *, #1427, .F. ) ;
#1427 = EDGE_CURVE ( 'NONE', #599, #1439, #5701, .T. ) ;
#1428 = ADVANCED_FACE ( 'NONE', ( #5697 ), #5682, .T. ) ;
#1429 = EDGE_LOOP ( 'NONE', ( #1430, #1432, #1433, #1488 ) ) ;
#1430 = ORIENTED_EDGE ( 'NONE', *, *, #1431, .T. ) ;
#1431 = EDGE_CURVE ( 'NONE', #1443, #593, #5732, .T. ) ;
#1432 = ORIENTED_EDGE ( 'NONE', *, *, #592, .T. ) ;
#1433 = ORIENTED_EDGE ( 'NONE', *, *, #1487, .T. ) ;
#1434 = ORIENTED_EDGE ( 'NONE', *, *, #1453, .T. ) ;
#1435 = ADVANCED_FACE ( 'NONE', ( #5728 ), #5713, .F. ) ;
#1436 = EDGE_LOOP ( 'NONE', ( #1437, #1441, #1444, #1447 ) ) ;
#1437 = ORIENTED_EDGE ( 'NONE', *, *, #1438, .T. ) ;
#1438 = EDGE_CURVE ( 'NONE', #1439, #1440, #5708, .T. ) ;
#1439 = VERTEX_POINT ( 'NONE', #5766 ) ;
#1440 = VERTEX_POINT ( 'NONE', #5765 ) ;
#1441 = ORIENTED_EDGE ( 'NONE', *, *, #1442, .F. ) ;
#1442 = EDGE_CURVE ( 'NONE', #1443, #1440, #5764, .T. ) ;
#1443 = VERTEX_POINT ( 'NONE', #5760 ) ;
#1444 = ORIENTED_EDGE ( 'NONE', *, *, #1445, .F. ) ;
#1445 = EDGE_CURVE ( 'NONE', #1446, #1443, #5759, .T. ) ;
#1446 = VERTEX_POINT ( 'NONE', #5755 ) ;
#1447 = ORIENTED_EDGE ( 'NONE', *, *, #1448, .T. ) ;
#1448 = EDGE_CURVE ( 'NONE', #1446, #1439, #5753, .T. ) ;
#1449 = ADVANCED_FACE ( 'NONE', ( #5749 ), #5793, .F. ) ;
#1450 = EDGE_LOOP ( 'NONE', ( #1451, #1452, #1454, #1455 ) ) ;
#1451 = ORIENTED_EDGE ( 'NONE', *, *, #1392, .T. ) ;
#1452 = ORIENTED_EDGE ( 'NONE', *, *, #1453, .F. ) ;
#1453 = EDGE_CURVE ( 'NONE', #1403, #1390, #5787, .T. ) ;
#1454 = ORIENTED_EDGE ( 'NONE', *, *, #1402, .F. ) ;
#1455 = ORIENTED_EDGE ( 'NONE', *, *, #1411, .T. ) ;
#1456 = ADVANCED_FACE ( 'NONE', ( #5783 ), #5820, .F. ) ;
#1457 = EDGE_LOOP ( 'NONE', ( #1458, #1459, #1379, #1434 ) ) ;
#1458 = ORIENTED_EDGE ( 'NONE', *, *, #1389, .T. ) ;
#1459 = ORIENTED_EDGE ( 'NONE', *, *, #1396, .F. ) ;
#1460 = ADVANCED_FACE ( 'NONE', ( #5814 ), #5799, .F. ) ;
#1461 = ORIENTED_EDGE ( 'NONE', *, *, #1462, .T. ) ;
#1462 = EDGE_CURVE ( 'NONE', #1463, #49, #5851, .T. ) ;
#1463 = VERTEX_POINT ( 'NONE', #5847 ) ;
#1464 = ORIENTED_EDGE ( 'NONE', *, *, #47, .T. ) ;
#1465 = ORIENTED_EDGE ( 'NONE', *, *, #1466, .F. ) ;
#1466 = EDGE_CURVE ( 'NONE', #1467, #46, #5846, .T. ) ;
#1467 = VERTEX_POINT ( 'NONE', #5842 ) ;
#1468 = ORIENTED_EDGE ( 'NONE', *, *, #1469, .T. ) ;
#1469 = EDGE_CURVE ( 'NONE', #1467, #1463, #5840, .T. ) ;
#1470 = ADVANCED_FACE ( 'NONE', ( #5836 ), #5878, .T. ) ;
#1471 = EDGE_LOOP ( 'NONE', ( #1472, #1525, #1526, #1529, #1531, #1532 ) ) ;
#1472 = ORIENTED_EDGE ( 'NONE', *, *, #982, .F. ) ;
#1473 = ORIENTED_EDGE ( 'NONE', *, *, #1427, .T. ) ;
#1474 = ORIENTED_EDGE ( 'NONE', *, *, #1448, .F. ) ;
#1475 = ORIENTED_EDGE ( 'NONE', *, *, #1487, .F. ) ;
#1476 = ADVANCED_FACE ( 'NONE', ( #5872 ), #5857, .F. ) ;
#1477 = EDGE_LOOP ( 'NONE', ( #1478, #1481, #1482, #1485 ) ) ;
#1478 = ORIENTED_EDGE ( 'NONE', *, *, #1479, .F. ) ;
#1479 = EDGE_CURVE ( 'NONE', #2729, #1480, #5852, .T. ) ;
#1480 = VERTEX_POINT ( 'NONE', #5905 ) ;
#1481 = ORIENTED_EDGE ( 'NONE', *, *, #2728, .T. ) ;
#1482 = ORIENTED_EDGE ( 'NONE', *, *, #1483, .T. ) ;
#1483 = EDGE_CURVE ( 'NONE', #336, #1484, #5904, .T. ) ;
#1484 = VERTEX_POINT ( 'NONE', #5900 ) ;
#1485 = ORIENTED_EDGE ( 'NONE', *, *, #1537, .F. ) ;
#1486 = EDGE_LOOP ( 'NONE', ( #1461, #1464, #1465, #1468 ) ) ;
#1487 = EDGE_CURVE ( 'NONE', #594, #1446, #5898, .T. ) ;
#1488 = ORIENTED_EDGE ( 'NONE', *, *, #1445, .T. ) ;
#1489 = ADVANCED_FACE ( 'NONE', ( #5894 ), #5879, .F. ) ;
#1490 = EDGE_LOOP ( 'NONE', ( #1491, #1492, #1493, #1494 ) ) ;
#1491 = ORIENTED_EDGE ( 'NONE', *, *, #596, .F. ) ;
#1492 = ORIENTED_EDGE ( 'NONE', *, *, #1431, .F. ) ;
#1493 = ORIENTED_EDGE ( 'NONE', *, *, #1442, .T. ) ;
#1494 = ORIENTED_EDGE ( 'NONE', *, *, #1424, .T. ) ;
#1495 = ADVANCED_FACE ( 'NONE', ( #5934 ), #5919, .F. ) ;
#1496 = EDGE_LOOP ( 'NONE', ( #1497, #1473, #1474, #1475 ) ) ;
#1497 = ORIENTED_EDGE ( 'NONE', *, *, #571, .F. ) ;
#1498 = ADVANCED_FACE ( 'NONE', ( #5913 ), #5957, .F. ) ;
#1499 = ADVANCED_FACE ( 'NONE', ( #5951 ), #5987, .F. ) ;
#1500 = EDGE_LOOP ( 'NONE', ( #1501, #1502, #1503, #1504 ) ) ;
#1501 = ORIENTED_EDGE ( 'NONE', *, *, #1516, .T. ) ;
#1502 = ORIENTED_EDGE ( 'NONE', *, *, #1469, .F. ) ;
#1503 = ORIENTED_EDGE ( 'NONE', *, *, #1530, .F. ) ;
#1504 = ORIENTED_EDGE ( 'NONE', *, *, #1524, .T. ) ;
#1505 = ADVANCED_FACE ( 'NONE', ( #5981 ), #6025, .F. ) ;
#1506 = EDGE_LOOP ( 'NONE', ( #1507, #1511, #1564, #1567 ) ) ;
#1507 = ORIENTED_EDGE ( 'NONE', *, *, #1508, .T. ) ;
#1508 = EDGE_CURVE ( 'NONE', #1509, #1510, #6020, .T. ) ;
#1509 = VERTEX_POINT ( 'NONE', #6016 ) ;
#1510 = VERTEX_POINT ( 'NONE', #6015 ) ;
#1511 = ORIENTED_EDGE ( 'NONE', *, *, #1512, .F. ) ;
#1512 = EDGE_CURVE ( 'NONE', #1563, #1510, #6014, .T. ) ;
#1513 = ORIENTED_EDGE ( 'NONE', *, *, #50, .T. ) ;
#1514 = ORIENTED_EDGE ( 'NONE', *, *, #1462, .F. ) ;
#1515 = ORIENTED_EDGE ( 'NONE', *, *, #1516, .F. ) ;
#1516 = EDGE_CURVE ( 'NONE', #1517, #1463, #6010, .T. ) ;
#1517 = VERTEX_POINT ( 'NONE', #6006 ) ;
#1518 = ORIENTED_EDGE ( 'NONE', *, *, #1519, .F. ) ;
#1519 = EDGE_CURVE ( 'NONE', #1484, #1517, #6004, .T. ) ;
#1520 = ADVANCED_FACE ( 'NONE', ( #6000 ), #6045, .F. ) ;
#1521 = EDGE_LOOP ( 'NONE', ( #1522, #1523, #1333, #1576 ) ) ;
#1522 = ORIENTED_EDGE ( 'NONE', *, *, #1519, .T. ) ;
#1523 = ORIENTED_EDGE ( 'NONE', *, *, #1524, .F. ) ;
#1524 = EDGE_CURVE ( 'NONE', #1528, #1517, #6040, .T. ) ;
#1525 = ORIENTED_EDGE ( 'NONE', *, *, #1479, .T. ) ;
#1526 = ORIENTED_EDGE ( 'NONE', *, *, #1527, .T. ) ;
#1527 = EDGE_CURVE ( 'NONE', #1480, #1528, #6036, .T. ) ;
#1528 = VERTEX_POINT ( 'NONE', #6032 ) ;
#1529 = ORIENTED_EDGE ( 'NONE', *, *, #1530, .T. ) ;
#1530 = EDGE_CURVE ( 'NONE', #1528, #1467, #6030, .T. ) ;
#1531 = ORIENTED_EDGE ( 'NONE', *, *, #1466, .T. ) ;
#1532 = ORIENTED_EDGE ( 'NONE', *, *, #44, .F. ) ;
#1533 = ADVANCED_FACE ( 'NONE', ( #6083 ), #6068, .F. ) ;
#1534 = EDGE_LOOP ( 'NONE', ( #1535, #1536, #1513, #1514, #1515, #1518 ) ) ;
#1535 = ORIENTED_EDGE ( 'NONE', *, *, #1483, .F. ) ;
#1536 = ORIENTED_EDGE ( 'NONE', *, *, #343, .T. ) ;
#1537 = EDGE_CURVE ( 'NONE', #1480, #1484, #6062, .T. ) ;
#1538 = ORIENTED_EDGE ( 'NONE', *, *, #1555, .F. ) ;
#1539 = ORIENTED_EDGE ( 'NONE', *, *, #1512, .T. ) ;
#1540 = ORIENTED_EDGE ( 'NONE', *, *, #1573, .T. ) ;
#1541 = ADVANCED_FACE ( 'NONE', ( #6058 ), #6101, .F. ) ;
#1542 = EDGE_LOOP ( 'NONE', ( #1543, #1544, #1545, #1546 ) ) ;
#1543 = ORIENTED_EDGE ( 'NONE', *, *, #589, .F. ) ;
#1544 = ORIENTED_EDGE ( 'NONE', *, *, #1551, .T. ) ;
#1545 = ORIENTED_EDGE ( 'NONE', *, *, #1568, .F. ) ;
#1546 = ORIENTED_EDGE ( 'NONE', *, *, #1558, .F. ) ;
#1547 = ADVANCED_FACE ( 'NONE', ( #6095 ), #6133, .F. ) ;
#1548 = EDGE_LOOP ( 'NONE', ( #1549, #1606, #1607, #1610 ) ) ;
#1549 = ORIENTED_EDGE ( 'NONE', *, *, #1605, .F. ) ;
#1550 = VERTEX_POINT ( 'NONE', #6128 ) ;
#1551 = EDGE_CURVE ( 'NONE', #587, #1509, #6126, .T. ) ;
#1552 = ADVANCED_FACE ( 'NONE', ( #6122 ), #6164, .T. ) ;
#1553 = EDGE_LOOP ( 'NONE', ( #1554, #1556, #1557, #1559 ) ) ;
#1554 = ORIENTED_EDGE ( 'NONE', *, *, #1555, .T. ) ;
#1555 = EDGE_CURVE ( 'NONE', #1563, #521, #6159, .T. ) ;
#1556 = ORIENTED_EDGE ( 'NONE', *, *, #520, .T. ) ;
#1557 = ORIENTED_EDGE ( 'NONE', *, *, #1558, .T. ) ;
#1558 = EDGE_CURVE ( 'NONE', #522, #1566, #6154, .T. ) ;
#1559 = ORIENTED_EDGE ( 'NONE', *, *, #1565, .T. ) ;
#1560 = ADVANCED_FACE ( 'NONE', ( #6150 ), #6193, .F. ) ;
#1561 = EDGE_LOOP ( 'NONE', ( #1562, #1538, #1539, #1540 ) ) ;
#1562 = ORIENTED_EDGE ( 'NONE', *, *, #524, .F. ) ;
#1563 = VERTEX_POINT ( 'NONE', #6188 ) ;
#1564 = ORIENTED_EDGE ( 'NONE', *, *, #1565, .F. ) ;
#1565 = EDGE_CURVE ( 'NONE', #1566, #1563, #6187, .T. ) ;
#1566 = VERTEX_POINT ( 'NONE', #6183 ) ;
#1567 = ORIENTED_EDGE ( 'NONE', *, *, #1568, .T. ) ;
#1568 = EDGE_CURVE ( 'NONE', #1566, #1509, #6181, .T. ) ;
#1569 = ADVANCED_FACE ( 'NONE', ( #6177 ), #6217, .F. ) ;
#1570 = EDGE_LOOP ( 'NONE', ( #1571, #1572, #1574, #1575 ) ) ;
#1571 = ORIENTED_EDGE ( 'NONE', *, *, #586, .F. ) ;
#1572 = ORIENTED_EDGE ( 'NONE', *, *, #1573, .F. ) ;
#1573 = EDGE_CURVE ( 'NONE', #1510, #525, #6211, .T. ) ;
#1574 = ORIENTED_EDGE ( 'NONE', *, *, #1508, .F. ) ;
#1575 = ORIENTED_EDGE ( 'NONE', *, *, #1551, .F. ) ;
#1576 = ORIENTED_EDGE ( 'NONE', *, *, #1537, .T. ) ;
#1577 = ORIENTED_EDGE ( 'NONE', *, *, #1588, .T. ) ;
#1578 = ORIENTED_EDGE ( 'NONE', *, *, #1595, .F. ) ;
#1579 = ORIENTED_EDGE ( 'NONE', *, *, #1592, .T. ) ;
#1580 = ORIENTED_EDGE ( 'NONE', *, *, #9494, .F. ) ;
#1581 = ADVANCED_FACE ( 'NONE', ( #6207 ), #6250, .F. ) ;
#1582 = EDGE_LOOP ( 'NONE', ( #1583, #1584, #1585, #1586, #1587, #1590 ) ) ;
#1583 = ORIENTED_EDGE ( 'NONE', *, *, #1608, .F. ) ;
#1584 = ORIENTED_EDGE ( 'NONE', *, *, #348, .T. ) ;
#1585 = ORIENTED_EDGE ( 'NONE', *, *, #76, .T. ) ;
#1586 = ORIENTED_EDGE ( 'NONE', *, *, #1615, .F. ) ;
#1587 = ORIENTED_EDGE ( 'NONE', *, *, #1588, .F. ) ;
#1588 = EDGE_CURVE ( 'NONE', #1589, #1616, #6245, .T. ) ;
#1589 = VERTEX_POINT ( 'NONE', #6241 ) ;
#1590 = ORIENTED_EDGE ( 'NONE', *, *, #1591, .F. ) ;
#1591 = EDGE_CURVE ( 'NONE', #1609, #1589, #6240, .T. ) ;
#1592 = EDGE_CURVE ( 'NONE', #1593, #9491, #6236, .T. ) ;
#1593 = VERTEX_POINT ( 'NONE', #6232 ) ;
#1594 = ORIENTED_EDGE ( 'NONE', *, *, #1595, .T. ) ;
#1595 = EDGE_CURVE ( 'NONE', #1593, #1616, #6230, .T. ) ;
#1596 = ADVANCED_FACE ( 'NONE', ( #6226 ), #6266, .T. ) ;
#1597 = EDGE_LOOP ( 'NONE', ( #1598, #1599, #1600, #1603, #1579, #1580 ) ) ;
#1598 = ORIENTED_EDGE ( 'NONE', *, *, #341, .F. ) ;
#1599 = ORIENTED_EDGE ( 'NONE', *, *, #1605, .T. ) ;
#1600 = ORIENTED_EDGE ( 'NONE', *, *, #1601, .T. ) ;
#1601 = EDGE_CURVE ( 'NONE', #1550, #1602, #6261, .T. ) ;
#1602 = VERTEX_POINT ( 'NONE', #6257 ) ;
#1603 = ORIENTED_EDGE ( 'NONE', *, *, #1604, .T. ) ;
#1604 = EDGE_CURVE ( 'NONE', #1602, #1593, #6256, .T. ) ;
#1605 = EDGE_CURVE ( 'NONE', #347, #1550, #6304, .T. ) ;
#1606 = ORIENTED_EDGE ( 'NONE', *, *, #346, .T. ) ;
#1607 = ORIENTED_EDGE ( 'NONE', *, *, #1608, .T. ) ;
#1608 = EDGE_CURVE ( 'NONE', #344, #1609, #6300, .T. ) ;
#1609 = VERTEX_POINT ( 'NONE', #6296 ) ;
#1610 = ORIENTED_EDGE ( 'NONE', *, *, #1611, .F. ) ;
#1611 = EDGE_CURVE ( 'NONE', #1550, #1609, #6294, .T. ) ;
#1612 = ADVANCED_FACE ( 'NONE', ( #6290 ), #6332, .F. ) ;
#1613 = EDGE_LOOP ( 'NONE', ( #1614, #1617, #1618, #1594 ) ) ;
#1614 = ORIENTED_EDGE ( 'NONE', *, *, #1615, .T. ) ;
#1615 = EDGE_CURVE ( 'NONE', #1616, #73, #6327, .T. ) ;
#1616 = VERTEX_POINT ( 'NONE', #6323 ) ;
#1617 = ORIENTED_EDGE ( 'NONE', *, *, #9492, .T. ) ;
#1618 = ORIENTED_EDGE ( 'NONE', *, *, #1592, .F. ) ;
#1619 = EDGE_LOOP ( 'NONE', ( #1672, #1673, #1674, #1675 ) ) ;
#1620 = ADVANCED_FACE ( 'NONE', ( #6322 ), #6306, .F. ) ;
#1621 = EDGE_LOOP ( 'NONE', ( #1622, #1623, #1625, #1626 ) ) ;
#1622 = ORIENTED_EDGE ( 'NONE', *, *, #604, .F. ) ;
#1623 = ORIENTED_EDGE ( 'NONE', *, *, #1624, .F. ) ;
#1624 = EDGE_CURVE ( 'NONE', #1639, #602, #6357, .T. ) ;
#1625 = ORIENTED_EDGE ( 'NONE', *, *, #1637, .F. ) ;
#1626 = ORIENTED_EDGE ( 'NONE', *, *, #1627, .F. ) ;
#1627 = EDGE_CURVE ( 'NONE', #515, #1638, #6352, .T. ) ;
#1628 = ADVANCED_FACE ( 'NONE', ( #6348 ), #6333, .T. ) ;
#1629 = EDGE_LOOP ( 'NONE', ( #1630, #1686, #1687, #1689 ) ) ;
#1630 = ORIENTED_EDGE ( 'NONE', *, *, #1631, .T. ) ;
#1631 = EDGE_CURVE ( 'NONE', #1642, #540, #6384, .T. ) ;
#1632 = ORIENTED_EDGE ( 'NONE', *, *, #1604, .F. ) ;
#1633 = ORIENTED_EDGE ( 'NONE', *, *, #1652, .T. ) ;
#1634 = ADVANCED_FACE ( 'NONE', ( #6380 ), #6365, .F. ) ;
#1635 = EDGE_LOOP ( 'NONE', ( #1636, #1640, #1643, #1646 ) ) ;
#1636 = ORIENTED_EDGE ( 'NONE', *, *, #1637, .T. ) ;
#1637 = EDGE_CURVE ( 'NONE', #1638, #1639, #6424, .T. ) ;
#1638 = VERTEX_POINT ( 'NONE', #6420 ) ;
#1639 = VERTEX_POINT ( 'NONE', #6419 ) ;
#1640 = ORIENTED_EDGE ( 'NONE', *, *, #1641, .F. ) ;
#1641 = EDGE_CURVE ( 'NONE', #1642, #1639, #6418, .T. ) ;
#1642 = VERTEX_POINT ( 'NONE', #6414 ) ;
#1643 = ORIENTED_EDGE ( 'NONE', *, *, #1644, .F. ) ;
#1644 = EDGE_CURVE ( 'NONE', #1645, #1642, #6413, .T. ) ;
#1645 = VERTEX_POINT ( 'NONE', #6409 ) ;
#1646 = ORIENTED_EDGE ( 'NONE', *, *, #1647, .T. ) ;
#1647 = EDGE_CURVE ( 'NONE', #1645, #1638, #6407, .T. ) ;
#1648 = ADVANCED_FACE ( 'NONE', ( #6403 ), #6448, .F. ) ;
#1649 = EDGE_LOOP ( 'NONE', ( #1650, #1651, #1653, #1654 ) ) ;
#1650 = ORIENTED_EDGE ( 'NONE', *, *, #1591, .T. ) ;
#1651 = ORIENTED_EDGE ( 'NONE', *, *, #1652, .F. ) ;
#1652 = EDGE_CURVE ( 'NONE', #1602, #1589, #6442, .T. ) ;
#1653 = ORIENTED_EDGE ( 'NONE', *, *, #1601, .F. ) ;
#1654 = ORIENTED_EDGE ( 'NONE', *, *, #1611, .T. ) ;
#1655 = ADVANCED_FACE ( 'NONE', ( #6438 ), #6475, .F. ) ;
#1656 = EDGE_LOOP ( 'NONE', ( #1577, #1578, #1632, #1633 ) ) ;
#1657 = ORIENTED_EDGE ( 'NONE', *, *, #1683, .F. ) ;
#1658 = ORIENTED_EDGE ( 'NONE', *, *, #1659, .F. ) ;
#1659 = EDGE_CURVE ( 'NONE', #1680, #1684, #6469, .T. ) ;
#1660 = ADVANCED_FACE ( 'NONE', ( #6465 ), #6508, .F. ) ;
#1661 = ORIENTED_EDGE ( 'NONE', *, *, #1662, .T. ) ;
#1662 = EDGE_CURVE ( 'NONE', #1663, #40, #6503, .T. ) ;
#1663 = VERTEX_POINT ( 'NONE', #6499 ) ;
#1664 = ORIENTED_EDGE ( 'NONE', *, *, #82, .T. ) ;
#1665 = ORIENTED_EDGE ( 'NONE', *, *, #1666, .F. ) ;
#1666 = EDGE_CURVE ( 'NONE', #1667, #80, #6498, .T. ) ;
#1667 = VERTEX_POINT ( 'NONE', #6494 ) ;
#1668 = ORIENTED_EDGE ( 'NONE', *, *, #1669, .T. ) ;
#1669 = EDGE_CURVE ( 'NONE', #1667, #1663, #6492, .T. ) ;
#1670 = ADVANCED_FACE ( 'NONE', ( #6488 ), #6529, .T. ) ;
#1671 = EDGE_LOOP ( 'NONE', ( #1726, #1727, #1728, #1731, #1733, #1734 ) ) ;
#1672 = ORIENTED_EDGE ( 'NONE', *, *, #517, .F. ) ;
#1673 = ORIENTED_EDGE ( 'NONE', *, *, #1627, .T. ) ;
#1674 = ORIENTED_EDGE ( 'NONE', *, *, #1647, .F. ) ;
#1675 = ORIENTED_EDGE ( 'NONE', *, *, #1688, .F. ) ;
#1676 = ADVANCED_FACE ( 'NONE', ( #6523 ), #6565, .F. ) ;
#1677 = EDGE_LOOP ( 'NONE', ( #1678, #1681, #1682, #1658 ) ) ;
#1678 = ORIENTED_EDGE ( 'NONE', *, *, #1679, .F. ) ;
#1679 = EDGE_CURVE ( 'NONE', #306, #1680, #6560, .T. ) ;
#1680 = VERTEX_POINT ( 'NONE', #6556 ) ;
#1681 = ORIENTED_EDGE ( 'NONE', *, *, #305, .T. ) ;
#1682 = ORIENTED_EDGE ( 'NONE', *, *, #1683, .T. ) ;
#1683 = EDGE_CURVE ( 'NONE', #303, #1684, #6555, .T. ) ;
#1684 = VERTEX_POINT ( 'NONE', #6551 ) ;
#1685 = EDGE_LOOP ( 'NONE', ( #1661, #1664, #1665, #1668 ) ) ;
#1686 = ORIENTED_EDGE ( 'NONE', *, *, #539, .T. ) ;
#1687 = ORIENTED_EDGE ( 'NONE', *, *, #1688, .T. ) ;
#1688 = EDGE_CURVE ( 'NONE', #541, #1645, #6549, .T. ) ;
#1689 = ORIENTED_EDGE ( 'NONE', *, *, #1644, .T. ) ;
#1690 = ADVANCED_FACE ( 'NONE', ( #6545 ), #6587, .F. ) ;
#1691 = EDGE_LOOP ( 'NONE', ( #1692, #1693, #1694, #1695 ) ) ;
#1692 = ORIENTED_EDGE ( 'NONE', *, *, #601, .F. ) ;
#1693 = ORIENTED_EDGE ( 'NONE', *, *, #1631, .F. ) ;
#1694 = ORIENTED_EDGE ( 'NONE', *, *, #1641, .T. ) ;
#1695 = ORIENTED_EDGE ( 'NONE', *, *, #1624, .T. ) ;
#1696 = ADVANCED_FACE ( 'NONE', ( #6581 ), #6566, .F. ) ;
#1697 = EDGE_LOOP ( 'NONE', ( #1698, #1699, #1753, #1754 ) ) ;
#1698 = ORIENTED_EDGE ( 'NONE', *, *, #533, .F. ) ;
#1699 = ORIENTED_EDGE ( 'NONE', *, *, #1700, .F. ) ;
#1700 = EDGE_CURVE ( 'NONE', #255, #531, #6614, .T. ) ;
#1701 = ORIENTED_EDGE ( 'NONE', *, *, #1729, .F. ) ;
#1702 = ORIENTED_EDGE ( 'NONE', *, *, #1659, .T. ) ;
#1703 = ADVANCED_FACE ( 'NONE', ( #6610 ), #6595, .F. ) ;
#1704 = EDGE_LOOP ( 'NONE', ( #1705, #1706, #1707, #1708 ) ) ;
#1705 = ORIENTED_EDGE ( 'NONE', *, *, #1717, .T. ) ;
#1706 = ORIENTED_EDGE ( 'NONE', *, *, #1669, .F. ) ;
#1707 = ORIENTED_EDGE ( 'NONE', *, *, #1732, .F. ) ;
#1708 = ORIENTED_EDGE ( 'NONE', *, *, #1725, .T. ) ;
#1709 = ADVANCED_FACE ( 'NONE', ( #6647 ), #6632, .F. ) ;
#1710 = EDGE_LOOP ( 'NONE', ( #1711, #1767, #1770, #1773 ) ) ;
#1711 = ORIENTED_EDGE ( 'NONE', *, *, #1712, .T. ) ;
#1712 = EDGE_CURVE ( 'NONE', #330, #255, #6627, .T. ) ;
#1713 = ORIENTED_EDGE ( 'NONE', *, *, #302, .T. ) ;
#1714 = ORIENTED_EDGE ( 'NONE', *, *, #9505, .T. ) ;
#1715 = ORIENTED_EDGE ( 'NONE', *, *, #1662, .F. ) ;
#1716 = ORIENTED_EDGE ( 'NONE', *, *, #1717, .F. ) ;
#1717 = EDGE_CURVE ( 'NONE', #1718, #1663, #6623, .T. ) ;
#1718 = VERTEX_POINT ( 'NONE', #6674 ) ;
#1719 = ORIENTED_EDGE ( 'NONE', *, *, #1720, .F. ) ;
#1720 = EDGE_CURVE ( 'NONE', #1684, #1718, #6672, .T. ) ;
#1721 = ADVANCED_FACE ( 'NONE', ( #6668 ), #6653, .F. ) ;
#1722 = EDGE_LOOP ( 'NONE', ( #1723, #1724, #1701, #1702 ) ) ;
#1723 = ORIENTED_EDGE ( 'NONE', *, *, #1720, .T. ) ;
#1724 = ORIENTED_EDGE ( 'NONE', *, *, #1725, .F. ) ;
#1725 = EDGE_CURVE ( 'NONE', #1730, #1718, #6652, .T. ) ;
#1726 = ORIENTED_EDGE ( 'NONE', *, *, #329, .F. ) ;
#1727 = ORIENTED_EDGE ( 'NONE', *, *, #1679, .T. ) ;
#1728 = ORIENTED_EDGE ( 'NONE', *, *, #1729, .T. ) ;
#1729 = EDGE_CURVE ( 'NONE', #1680, #1730, #6700, .T. ) ;
#1730 = VERTEX_POINT ( 'NONE', #6696 ) ;
#1731 = ORIENTED_EDGE ( 'NONE', *, *, #1732, .T. ) ;
#1732 = EDGE_CURVE ( 'NONE', #1730, #1667, #6694, .T. ) ;
#1733 = ORIENTED_EDGE ( 'NONE', *, *, #1666, .T. ) ;
#1734 = ORIENTED_EDGE ( 'NONE', *, *, #75, .F. ) ;
#1735 = ADVANCED_FACE ( 'NONE', ( #6690 ), #6731, .F. ) ;
#1736 = EDGE_LOOP ( 'NONE', ( #1657, #1713, #1714, #1715, #1716, #1719 ) ) ;
#1737 = EDGE_LOOP ( 'NONE', ( #1738, #1741, #1793, #1796 ) ) ;
#1738 = ORIENTED_EDGE ( 'NONE', *, *, #1739, .T. ) ;
#1739 = EDGE_CURVE ( 'NONE', #1740, #9498, #6726, .T. ) ;
#1740 = VERTEX_POINT ( 'NONE', #6722 ) ;
#1741 = ORIENTED_EDGE ( 'NONE', *, *, #9499, .T. ) ;
#1742 = ORIENTED_EDGE ( 'NONE', *, *, #1759, .F. ) ;
#1743 = ORIENTED_EDGE ( 'NONE', *, *, #1768, .T. ) ;
#1744 = ORIENTED_EDGE ( 'NONE', *, *, #1700, .T. ) ;
#1745 = ADVANCED_FACE ( 'NONE', ( #6721 ), #6705, .F. ) ;
#1746 = EDGE_LOOP ( 'NONE', ( #1747, #1748, #1749, #1750 ) ) ;
#1747 = ORIENTED_EDGE ( 'NONE', *, *, #536, .F. ) ;
#1748 = ORIENTED_EDGE ( 'NONE', *, *, #1755, .T. ) ;
#1749 = ORIENTED_EDGE ( 'NONE', *, *, #1774, .F. ) ;
#1750 = ORIENTED_EDGE ( 'NONE', *, *, #1762, .F. ) ;
#1751 = ADVANCED_FACE ( 'NONE', ( #6758 ), #6743, .F. ) ;
#1752 = EDGE_LOOP ( 'NONE', ( #1806, #1809, #1810, #1813 ) ) ;
#1753 = ORIENTED_EDGE ( 'NONE', *, *, #1712, .F. ) ;
#1754 = ORIENTED_EDGE ( 'NONE', *, *, #1755, .F. ) ;
#1755 = EDGE_CURVE ( 'NONE', #534, #330, #6737, .T. ) ;
#1756 = ADVANCED_FACE ( 'NONE', ( #6733 ), #6775, .T. ) ;
#1757 = EDGE_LOOP ( 'NONE', ( #1758, #1760, #1761, #1763 ) ) ;
#1758 = ORIENTED_EDGE ( 'NONE', *, *, #1759, .T. ) ;
#1759 = EDGE_CURVE ( 'NONE', #1769, #557, #6770, .T. ) ;
#1760 = ORIENTED_EDGE ( 'NONE', *, *, #527, .T. ) ;
#1761 = ORIENTED_EDGE ( 'NONE', *, *, #1762, .T. ) ;
#1762 = EDGE_CURVE ( 'NONE', #528, #1772, #6765, .T. ) ;
#1763 = ORIENTED_EDGE ( 'NONE', *, *, #1771, .T. ) ;
#1764 = ADVANCED_FACE ( 'NONE', ( #6813 ), #6798, .F. ) ;
#1765 = EDGE_LOOP ( 'NONE', ( #1766, #1742, #1743, #1744 ) ) ;
#1766 = ORIENTED_EDGE ( 'NONE', *, *, #530, .F. ) ;
#1767 = ORIENTED_EDGE ( 'NONE', *, *, #1768, .F. ) ;
#1768 = EDGE_CURVE ( 'NONE', #1769, #255, #6793, .T. ) ;
#1769 = VERTEX_POINT ( 'NONE', #6789 ) ;
#1770 = ORIENTED_EDGE ( 'NONE', *, *, #1771, .F. ) ;
#1771 = EDGE_CURVE ( 'NONE', #1772, #1769, #6846, .T. ) ;
#1772 = VERTEX_POINT ( 'NONE', #6842 ) ;
#1773 = ORIENTED_EDGE ( 'NONE', *, *, #1774, .T. ) ;
#1774 = EDGE_CURVE ( 'NONE', #1772, #330, #6840, .T. ) ;
#1775 = ADVANCED_FACE ( 'NONE', ( #6836 ), #6821, .F. ) ;
#1776 = ADVANCED_FACE ( 'NONE', ( #6815 ), #6864, .F. ) ;
#1777 = EDGE_LOOP ( 'NONE', ( #1778, #1779, #1836, #1837 ) ) ;
#1778 = ORIENTED_EDGE ( 'NONE', *, *, #1790, .T. ) ;
#1779 = ORIENTED_EDGE ( 'NONE', *, *, #1797, .F. ) ;
#1780 = EDGE_CURVE ( 'NONE', #1804, #1795, #6858, .T. ) ;
#1781 = ORIENTED_EDGE ( 'NONE', *, *, #1794, .T. ) ;
#1782 = ORIENTED_EDGE ( 'NONE', *, *, #9507, .F. ) ;
#1783 = ADVANCED_FACE ( 'NONE', ( #6854 ), #6893, .F. ) ;
#1784 = EDGE_LOOP ( 'NONE', ( #1785, #1786, #1787, #1788, #1789, #1850 ) ) ;
#1785 = ORIENTED_EDGE ( 'NONE', *, *, #1811, .F. ) ;
#1786 = ORIENTED_EDGE ( 'NONE', *, *, #113, .T. ) ;
#1787 = ORIENTED_EDGE ( 'NONE', *, *, #9497, .T. ) ;
#1788 = ORIENTED_EDGE ( 'NONE', *, *, #1739, .F. ) ;
#1789 = ORIENTED_EDGE ( 'NONE', *, *, #1790, .F. ) ;
#1790 = EDGE_CURVE ( 'NONE', #1791, #1740, #6888, .T. ) ;
#1791 = VERTEX_POINT ( 'NONE', #6884 ) ;
#1792 = EDGE_LOOP ( 'NONE', ( #1853, #1854, #1856, #1857 ) ) ;
#1793 = ORIENTED_EDGE ( 'NONE', *, *, #1794, .F. ) ;
#1794 = EDGE_CURVE ( 'NONE', #1795, #9504, #6883, .T. ) ;
#1795 = VERTEX_POINT ( 'NONE', #6879 ) ;
#1796 = ORIENTED_EDGE ( 'NONE', *, *, #1797, .T. ) ;
#1797 = EDGE_CURVE ( 'NONE', #1795, #1740, #6928, .T. ) ;
#1798 = ADVANCED_FACE ( 'NONE', ( #6924 ), #6909, .T. ) ;
#1799 = EDGE_LOOP ( 'NONE', ( #1800, #1801, #1802, #1805, #1781, #1782 ) ) ;
#1800 = ORIENTED_EDGE ( 'NONE', *, *, #85, .F. ) ;
#1801 = ORIENTED_EDGE ( 'NONE', *, *, #1807, .T. ) ;
#1802 = ORIENTED_EDGE ( 'NONE', *, *, #1803, .T. ) ;
#1803 = EDGE_CURVE ( 'NONE', #1808, #1804, #6904, .T. ) ;
#1804 = VERTEX_POINT ( 'NONE', #6959 ) ;
#1805 = ORIENTED_EDGE ( 'NONE', *, *, #1780, .T. ) ;
#1806 = ORIENTED_EDGE ( 'NONE', *, *, #1807, .F. ) ;
#1807 = EDGE_CURVE ( 'NONE', #9513, #1808, #6958, .T. ) ;
#1808 = VERTEX_POINT ( 'NONE', #6954 ) ;
#1809 = ORIENTED_EDGE ( 'NONE', *, *, #106, .T. ) ;
#1810 = ORIENTED_EDGE ( 'NONE', *, *, #1811, .T. ) ;
#1811 = EDGE_CURVE ( 'NONE', #119, #1812, #6953, .T. ) ;
#1812 = VERTEX_POINT ( 'NONE', #6949 ) ;
#1813 = ORIENTED_EDGE ( 'NONE', *, *, #1814, .F. ) ;
#1814 = EDGE_CURVE ( 'NONE', #1808, #1812, #6947, .T. ) ;
#1815 = ADVANCED_FACE ( 'NONE', ( #6943 ), #6986, .F. ) ;
#1816 = VERTEX_POINT ( 'NONE', #6981 ) ;
#1817 = ORIENTED_EDGE ( 'NONE', *, *, #1818, .T. ) ;
#1818 = EDGE_CURVE ( 'NONE', #1816, #1909, #6980, .T. ) ;
#1819 = ORIENTED_EDGE ( 'NONE', *, *, #1975, .F. ) ;
#1820 = ADVANCED_FACE ( 'NONE', ( #6976 ), #6975, .F. ) ;
#1821 = EDGE_LOOP ( 'NONE', ( #1822, #1825, #1828, #1978 ) ) ;
#1822 = ORIENTED_EDGE ( 'NONE', *, *, #1823, .F. ) ;
#1823 = EDGE_CURVE ( 'NONE', #1824, #1922, #6970, .T. ) ;
#1824 = VERTEX_POINT ( 'NONE', #6966 ) ;
#1825 = ORIENTED_EDGE ( 'NONE', *, *, #1826, .T. ) ;
#1826 = EDGE_CURVE ( 'NONE', #1824, #1827, #6965, .T. ) ;
#1827 = VERTEX_POINT ( 'NONE', #6961 ) ;
#1828 = ORIENTED_EDGE ( 'NONE', *, *, #1977, .T. ) ;
#1829 = EDGE_LOOP ( 'NONE', ( #2063, #2065, #2012, #2015 ) ) ;
#1830 = VERTEX_POINT ( 'NONE', #6960 ) ;
#1831 = EDGE_CURVE ( 'NONE', #2096, #1830, #7016, .T. ) ;
#1832 = ORIENTED_EDGE ( 'NONE', *, *, #1833, .T. ) ;
#1833 = EDGE_CURVE ( 'NONE', #1934, #2102, #7011, .T. ) ;
#1834 = ORIENTED_EDGE ( 'NONE', *, *, #1936, .T. ) ;
#1835 = ORIENTED_EDGE ( 'NONE', *, *, #1925, .T. ) ;
#1836 = ORIENTED_EDGE ( 'NONE', *, *, #1780, .F. ) ;
#1837 = ORIENTED_EDGE ( 'NONE', *, *, #1855, .T. ) ;
#1838 = ADVANCED_FACE ( 'NONE', ( #7007 ), #6992, .F. ) ;
#1839 = EDGE_LOOP ( 'NONE', ( #1840, #1844, #1847, #2081 ) ) ;
#1840 = ORIENTED_EDGE ( 'NONE', *, *, #1841, .T. ) ;
#1841 = EDGE_CURVE ( 'NONE', #1842, #1843, #7051, .T. ) ;
#1842 = VERTEX_POINT ( 'NONE', #7047 ) ;
#1843 = VERTEX_POINT ( 'NONE', #7046 ) ;
#1844 = ORIENTED_EDGE ( 'NONE', *, *, #1845, .F. ) ;
#1845 = EDGE_CURVE ( 'NONE', #1846, #1843, #7045, .T. ) ;
#1846 = VERTEX_POINT ( 'NONE', #7041 ) ;
#1847 = ORIENTED_EDGE ( 'NONE', *, *, #1848, .F. ) ;
#1848 = EDGE_CURVE ( 'NONE', #1849, #1846, #7040, .T. ) ;
#1849 = VERTEX_POINT ( 'NONE', #7036 ) ;
#1850 = ORIENTED_EDGE ( 'NONE', *, *, #1851, .F. ) ;
#1851 = EDGE_CURVE ( 'NONE', #1812, #1791, #7034, .T. ) ;
#1852 = ADVANCED_FACE ( 'NONE', ( #7030 ), #7076, .F. ) ;
#1853 = ORIENTED_EDGE ( 'NONE', *, *, #1851, .T. ) ;
#1854 = ORIENTED_EDGE ( 'NONE', *, *, #1855, .F. ) ;
#1855 = EDGE_CURVE ( 'NONE', #1804, #1791, #7071, .T. ) ;
#1856 = ORIENTED_EDGE ( 'NONE', *, *, #1803, .F. ) ;
#1857 = ORIENTED_EDGE ( 'NONE', *, *, #1814, .T. ) ;
#1858 = VERTEX_POINT ( 'NONE', #7067 ) ;
#1859 = ORIENTED_EDGE ( 'NONE', *, *, #1860, .F. ) ;
#1860 = EDGE_CURVE ( 'NONE', #1861, #1858, #7066, .T. ) ;
#1861 = VERTEX_POINT ( 'NONE', #7062 ) ;
#1862 = ORIENTED_EDGE ( 'NONE', *, *, #1863, .F. ) ;
#1863 = EDGE_CURVE ( 'NONE', #1889, #1861, #7061, .T. ) ;
#1864 = ADVANCED_FACE ( 'NONE', ( #7057 ), #7056, .F. ) ;
#1865 = EDGE_LOOP ( 'NONE', ( #1866, #1869, #1872, #1874 ) ) ;
#1866 = ORIENTED_EDGE ( 'NONE', *, *, #1867, .F. ) ;
#1867 = EDGE_CURVE ( 'NONE', #1868, #1888, #7111, .T. ) ;
#1868 = VERTEX_POINT ( 'NONE', #7107 ) ;
#1869 = ORIENTED_EDGE ( 'NONE', *, *, #1870, .T. ) ;
#1870 = EDGE_CURVE ( 'NONE', #1868, #1871, #7106, .T. ) ;
#1871 = VERTEX_POINT ( 'NONE', #7102 ) ;
#1872 = ORIENTED_EDGE ( 'NONE', *, *, #1873, .T. ) ;
#1873 = EDGE_CURVE ( 'NONE', #1871, #1892, #7101, .T. ) ;
#1874 = ORIENTED_EDGE ( 'NONE', *, *, #1891, .F. ) ;
#1875 = ADVANCED_FACE ( 'NONE', ( #7097 ), #7096, .F. ) ;
#1876 = EDGE_LOOP ( 'NONE', ( #1877, #1880, #1881, #1884 ) ) ;
#1877 = ORIENTED_EDGE ( 'NONE', *, *, #1878, .F. ) ;
#1878 = EDGE_CURVE ( 'NONE', #1861, #1879, #7091, .T. ) ;
#1879 = VERTEX_POINT ( 'NONE', #7087 ) ;
#1880 = ORIENTED_EDGE ( 'NONE', *, *, #1860, .T. ) ;
#1881 = ORIENTED_EDGE ( 'NONE', *, *, #1882, .T. ) ;
#1882 = EDGE_CURVE ( 'NONE', #1858, #1883, #7086, .T. ) ;
#1883 = VERTEX_POINT ( 'NONE', #7082 ) ;
#1884 = ORIENTED_EDGE ( 'NONE', *, *, #1885, .T. ) ;
#1885 = EDGE_CURVE ( 'NONE', #1883, #1879, #7081, .T. ) ;
#1886 = EDGE_LOOP ( 'NONE', ( #1967, #1971, #1974, #1910, #1913, #1916 ) ) ;
#1887 = EDGE_CURVE ( 'NONE', #1888, #1889, #7142, .T. ) ;
#1888 = VERTEX_POINT ( 'NONE', #7138 ) ;
#1889 = VERTEX_POINT ( 'NONE', #7137 ) ;
#1890 = ORIENTED_EDGE ( 'NONE', *, *, #1891, .T. ) ;
#1891 = EDGE_CURVE ( 'NONE', #1888, #1892, #7136, .T. ) ;
#1892 = VERTEX_POINT ( 'NONE', #7132 ) ;
#1893 = ORIENTED_EDGE ( 'NONE', *, *, #1894, .T. ) ;
#1894 = EDGE_CURVE ( 'NONE', #1892, #1895, #7131, .T. ) ;
#1895 = VERTEX_POINT ( 'NONE', #7127 ) ;
#1896 = ORIENTED_EDGE ( 'NONE', *, *, #1897, .F. ) ;
#1897 = EDGE_CURVE ( 'NONE', #199, #1895, #7126, .T. ) ;
#1898 = ORIENTED_EDGE ( 'NONE', *, *, #300, .F. ) ;
#1899 = ORIENTED_EDGE ( 'NONE', *, *, #1940, .F. ) ;
#1900 = EDGE_CURVE ( 'NONE', #1922, #1816, #7122, .T. ) ;
#1901 = VERTEX_POINT ( 'NONE', #7118 ) ;
#1902 = ORIENTED_EDGE ( 'NONE', *, *, #1903, .T. ) ;
#1903 = EDGE_CURVE ( 'NONE', #1901, #1904, #7117, .T. ) ;
#1904 = VERTEX_POINT ( 'NONE', #7113 ) ;
#1905 = ORIENTED_EDGE ( 'NONE', *, *, #1906, .T. ) ;
#1906 = EDGE_CURVE ( 'NONE', #1904, #1827, #7112, .T. ) ;
#1907 = ORIENTED_EDGE ( 'NONE', *, *, #1826, .F. ) ;
#1908 = ADVANCED_FACE ( 'NONE', ( #7173 ), #7172, .F. ) ;
#1909 = VERTEX_POINT ( 'NONE', #7167 ) ;
#1910 = ORIENTED_EDGE ( 'NONE', *, *, #1911, .T. ) ;
#1911 = EDGE_CURVE ( 'NONE', #1909, #1912, #7166, .T. ) ;
#1912 = VERTEX_POINT ( 'NONE', #7162 ) ;
#1913 = ORIENTED_EDGE ( 'NONE', *, *, #1914, .F. ) ;
#1914 = EDGE_CURVE ( 'NONE', #1915, #1912, #7161, .T. ) ;
#1915 = VERTEX_POINT ( 'NONE', #7157 ) ;
#1916 = ORIENTED_EDGE ( 'NONE', *, *, #1917, .F. ) ;
#1917 = EDGE_CURVE ( 'NONE', #1970, #1915, #7156, .T. ) ;
#1918 = ADVANCED_FACE ( 'NONE', ( #7152 ), #7151, .F. ) ;
#1919 = EDGE_LOOP ( 'NONE', ( #1920, #1923, #1817, #1819 ) ) ;
#1920 = ORIENTED_EDGE ( 'NONE', *, *, #1921, .F. ) ;
#1921 = EDGE_CURVE ( 'NONE', #1922, #1973, #7146, .T. ) ;
#1922 = VERTEX_POINT ( 'NONE', #7261 ) ;
#1923 = ORIENTED_EDGE ( 'NONE', *, *, #1900, .T. ) ;
#1924 = ORIENTED_EDGE ( 'NONE', *, *, #1925, .F. ) ;
#1925 = EDGE_CURVE ( 'NONE', #250, #1965, #7260, .T. ) ;
#1926 = ADVANCED_FACE ( 'NONE', ( #7256 ), #7255, .T. ) ;
#1927 = EDGE_LOOP ( 'NONE', ( #1928, #1929, #1932, #1935 ) ) ;
#1928 = ORIENTED_EDGE ( 'NONE', *, *, #1976, .F. ) ;
#1929 = ORIENTED_EDGE ( 'NONE', *, *, #1930, .T. ) ;
#1930 = EDGE_CURVE ( 'NONE', #2100, #1931, #7250, .T. ) ;
#1931 = VERTEX_POINT ( 'NONE', #7246 ) ;
#1932 = ORIENTED_EDGE ( 'NONE', *, *, #1933, .T. ) ;
#1933 = EDGE_CURVE ( 'NONE', #1931, #1934, #7245, .T. ) ;
#1934 = VERTEX_POINT ( 'NONE', #7241 ) ;
#1935 = ORIENTED_EDGE ( 'NONE', *, *, #1936, .F. ) ;
#1936 = EDGE_CURVE ( 'NONE', #1965, #1934, #7240, .T. ) ;
#1937 = ADVANCED_FACE ( 'NONE', ( #7236 ), #7235, .F. ) ;
#1938 = EDGE_LOOP ( 'NONE', ( #1939, #1890, #1893, #1896, #1898, #1899, #1859, #1862 ) ) ;
#1939 = ORIENTED_EDGE ( 'NONE', *, *, #1887, .F. ) ;
#1940 = EDGE_CURVE ( 'NONE', #1858, #298, #7293, .T. ) ;
#1941 = ORIENTED_EDGE ( 'NONE', *, *, #1942, .T. ) ;
#1942 = EDGE_CURVE ( 'NONE', #1986, #1959, #7289, .T. ) ;
#1943 = ORIENTED_EDGE ( 'NONE', *, *, #1958, .T. ) ;
#1944 = EDGE_CURVE ( 'NONE', #1995, #197, #7285, .T. ) ;
#1945 = ORIENTED_EDGE ( 'NONE', *, *, #188, .F. ) ;
#1946 = ORIENTED_EDGE ( 'NONE', *, *, #1947, .F. ) ;
#1947 = EDGE_CURVE ( 'NONE', #1948, #193, #7281, .T. ) ;
#1948 = VERTEX_POINT ( 'NONE', #7277 ) ;
#1949 = ORIENTED_EDGE ( 'NONE', *, *, #1996, .F. ) ;
#1950 = ORIENTED_EDGE ( 'NONE', *, *, #1951, .T. ) ;
#1951 = EDGE_CURVE ( 'NONE', #103, #1952, #7276, .T. ) ;
#1952 = VERTEX_POINT ( 'NONE', #7272 ) ;
#1953 = ORIENTED_EDGE ( 'NONE', *, *, #1954, .T. ) ;
#1954 = EDGE_CURVE ( 'NONE', #1952, #2022, #7271, .T. ) ;
#1955 = ADVANCED_FACE ( 'NONE', ( #7267 ), #7266, .F. ) ;
#1956 = EDGE_LOOP ( 'NONE', ( #1957, #1961, #1963, #2066 ) ) ;
#1957 = ORIENTED_EDGE ( 'NONE', *, *, #1958, .F. ) ;
#1958 = EDGE_CURVE ( 'NONE', #1959, #1960, #7326, .T. ) ;
#1959 = VERTEX_POINT ( 'NONE', #7322 ) ;
#1960 = VERTEX_POINT ( 'NONE', #7321 ) ;
#1961 = ORIENTED_EDGE ( 'NONE', *, *, #1962, .F. ) ;
#1962 = EDGE_CURVE ( 'NONE', #2021, #1959, #7320, .T. ) ;
#1963 = ORIENTED_EDGE ( 'NONE', *, *, #2020, .T. ) ;
#1964 = EDGE_LOOP ( 'NONE', ( #1983, #1984, #1987, #1990 ) ) ;
#1965 = VERTEX_POINT ( 'NONE', #7316 ) ;
#1966 = ADVANCED_FACE ( 'NONE', ( #7315 ), #7314, .F. ) ;
#1967 = ORIENTED_EDGE ( 'NONE', *, *, #1968, .F. ) ;
#1968 = EDGE_CURVE ( 'NONE', #1969, #1970, #7309, .T. ) ;
#1969 = VERTEX_POINT ( 'NONE', #7305 ) ;
#1970 = VERTEX_POINT ( 'NONE', #7304 ) ;
#1971 = ORIENTED_EDGE ( 'NONE', *, *, #1972, .F. ) ;
#1972 = EDGE_CURVE ( 'NONE', #1973, #1969, #7303, .T. ) ;
#1973 = VERTEX_POINT ( 'NONE', #7299 ) ;
#1974 = ORIENTED_EDGE ( 'NONE', *, *, #1975, .T. ) ;
#1975 = EDGE_CURVE ( 'NONE', #1973, #1909, #7298, .T. ) ;
#1976 = EDGE_CURVE ( 'NONE', #2100, #1965, #7294, .T. ) ;
#1977 = EDGE_CURVE ( 'NONE', #1827, #1816, #7357, .T. ) ;
#1978 = ORIENTED_EDGE ( 'NONE', *, *, #1900, .F. ) ;
#1979 = ADVANCED_FACE ( 'NONE', ( #7353 ), #7352, .F. ) ;
#1980 = EDGE_LOOP ( 'NONE', ( #1981, #1902, #1905, #1907 ) ) ;
#1981 = ORIENTED_EDGE ( 'NONE', *, *, #1982, .F. ) ;
#1982 = EDGE_CURVE ( 'NONE', #1901, #1824, #7347, .T. ) ;
#1983 = ORIENTED_EDGE ( 'NONE', *, *, #1951, .F. ) ;
#1984 = ORIENTED_EDGE ( 'NONE', *, *, #1985, .T. ) ;
#1985 = EDGE_CURVE ( 'NONE', #103, #1986, #7343, .T. ) ;
#1986 = VERTEX_POINT ( 'NONE', #7339 ) ;
#1987 = ORIENTED_EDGE ( 'NONE', *, *, #1988, .T. ) ;
#1988 = EDGE_CURVE ( 'NONE', #1986, #1989, #7338, .T. ) ;
#1989 = VERTEX_POINT ( 'NONE', #7334 ) ;
#1990 = ORIENTED_EDGE ( 'NONE', *, *, #1991, .T. ) ;
#1991 = EDGE_CURVE ( 'NONE', #1989, #1952, #7333, .T. ) ;
#1992 = ADVANCED_FACE ( 'NONE', ( #7329, #7328, #7327 ), #7392, .F. ) ;
#1993 = EDGE_LOOP ( 'NONE', ( #1994, #1945, #1946, #1949 ) ) ;
#1994 = ORIENTED_EDGE ( 'NONE', *, *, #1944, .T. ) ;
#1995 = VERTEX_POINT ( 'NONE', #7387 ) ;
#1996 = EDGE_CURVE ( 'NONE', #1995, #1948, #7386, .T. ) ;
#1997 = EDGE_LOOP ( 'NONE', ( #1998, #2002, #2005, #2008 ) ) ;
#1998 = ORIENTED_EDGE ( 'NONE', *, *, #1999, .F. ) ;
#1999 = EDGE_CURVE ( 'NONE', #2000, #2001, #7382, .T. ) ;
#2000 = VERTEX_POINT ( 'NONE', #7378 ) ;
#2001 = VERTEX_POINT ( 'NONE', #7377 ) ;
#2002 = ORIENTED_EDGE ( 'NONE', *, *, #2003, .F. ) ;
#2003 = EDGE_CURVE ( 'NONE', #2004, #2000, #7376, .T. ) ;
#2004 = VERTEX_POINT ( 'NONE', #7372 ) ;
#2005 = ORIENTED_EDGE ( 'NONE', *, *, #2006, .F. ) ;
#2006 = EDGE_CURVE ( 'NONE', #2007, #2004, #7371, .T. ) ;
#2007 = VERTEX_POINT ( 'NONE', #7367 ) ;
#2008 = ORIENTED_EDGE ( 'NONE', *, *, #2009, .T. ) ;
#2009 = EDGE_CURVE ( 'NONE', #2007, #2001, #7366, .T. ) ;
#2010 = EDGE_LOOP ( 'NONE', ( #99, #1941, #1943, #2043 ) ) ;
#2011 = VERTEX_POINT ( 'NONE', #7362 ) ;
#2012 = ORIENTED_EDGE ( 'NONE', *, *, #2013, .T. ) ;
#2013 = EDGE_CURVE ( 'NONE', #1915, #2014, #7361, .T. ) ;
#2014 = VERTEX_POINT ( 'NONE', #7422 ) ;
#2015 = ORIENTED_EDGE ( 'NONE', *, *, #2016, .T. ) ;
#2016 = EDGE_CURVE ( 'NONE', #2014, #2011, #7421, .T. ) ;
#2017 = ADVANCED_FACE ( 'NONE', ( #7417 ), #7416, .F. ) ;
#2018 = EDGE_LOOP ( 'NONE', ( #2019, #2023, #1950, #1953 ) ) ;
#2019 = ORIENTED_EDGE ( 'NONE', *, *, #2020, .F. ) ;
#2020 = EDGE_CURVE ( 'NONE', #2021, #2022, #7411, .T. ) ;
#2021 = VERTEX_POINT ( 'NONE', #7407 ) ;
#2022 = VERTEX_POINT ( 'NONE', #7406 ) ;
#2023 = ORIENTED_EDGE ( 'NONE', *, *, #2024, .F. ) ;
#2024 = EDGE_CURVE ( 'NONE', #103, #2021, #7405, .T. ) ;
#2025 = ORIENTED_EDGE ( 'NONE', *, *, #169, .T. ) ;
#2026 = ORIENTED_EDGE ( 'NONE', *, *, #2045, .F. ) ;
#2027 = ORIENTED_EDGE ( 'NONE', *, *, #2107, .T. ) ;
#2028 = ORIENTED_EDGE ( 'NONE', *, *, #2036, .F. ) ;
#2029 = EDGE_CURVE ( 'NONE', #2034, #2030, #7401, .T. ) ;
#2030 = VERTEX_POINT ( 'NONE', #7397 ) ;
#2031 = EDGE_CURVE ( 'NONE', #2101, #2103, #7396, .T. ) ;
#2032 = VERTEX_POINT ( 'NONE', #7456 ) ;
#2033 = EDGE_CURVE ( 'NONE', #2034, #2049, #7455, .T. ) ;
#2034 = VERTEX_POINT ( 'NONE', #7451 ) ;
#2035 = ORIENTED_EDGE ( 'NONE', *, *, #2048, .F. ) ;
#2036 = EDGE_CURVE ( 'NONE', #2050, #2030, #7450, .T. ) ;
#2037 = VERTEX_POINT ( 'NONE', #7446 ) ;
#2038 = ORIENTED_EDGE ( 'NONE', *, *, #2052, .F. ) ;
#2039 = VERTEX_POINT ( 'NONE', #7445 ) ;
#2040 = ORIENTED_EDGE ( 'NONE', *, *, #2056, .T. ) ;
#2041 = VERTEX_POINT ( 'NONE', #7444 ) ;
#2042 = ORIENTED_EDGE ( 'NONE', *, *, #2046, .F. ) ;
#2043 = ORIENTED_EDGE ( 'NONE', *, *, #2044, .T. ) ;
#2044 = EDGE_CURVE ( 'NONE', #1960, #1989, #7443, .T. ) ;
#2045 = EDGE_CURVE ( 'NONE', #2101, #2102, #7439, .T. ) ;
#2046 = EDGE_CURVE ( 'NONE', #1830, #2041, #7435, .T. ) ;
#2047 = ADVANCED_FACE ( 'NONE', ( #7431 ), #7430, .F. ) ;
#2048 = EDGE_CURVE ( 'NONE', #2032, #2103, #7490, .T. ) ;
#2049 = VERTEX_POINT ( 'NONE', #7486 ) ;
#2050 = VERTEX_POINT ( 'NONE', #7485 ) ;
#2051 = ORIENTED_EDGE ( 'NONE', *, *, #2059, .F. ) ;
#2052 = EDGE_CURVE ( 'NONE', #2039, #2037, #7484, .T. ) ;
#2053 = ORIENTED_EDGE ( 'NONE', *, *, #2054, .T. ) ;
#2054 = EDGE_CURVE ( 'NONE', #163, #2102, #7480, .T. ) ;
#2055 = ORIENTED_EDGE ( 'NONE', *, *, #2033, .F. ) ;
#2056 = EDGE_CURVE ( 'NONE', #2039, #2061, #7476, .T. ) ;
#2057 = ADVANCED_FACE ( 'NONE', ( #7472 ), #7471, .F. ) ;
#2058 = EDGE_LOOP ( 'NONE', ( #2055, #2104, #2028, #2051, #2038, #2040, #2062, #2042, #2095, #326, #308, #311, #314, #317, #320, #7216, #9475, #7212, #97, #94, #107, #86, #131, #301, #304, #328, #2647, #254, #345, #340, #337, #335, #2727, #2730, #583, #728, #628, #773, #679, #667, #608, #653, #687, #712, #691, #616, #670, #742, #803, #827, #778, #816, #846, #820, #823, #807, #390, #925, #908, #867, #871, #919, #957, #968, #881, #996, #875, #930, #886, #999, #975, #948 ) ) ;
#2059 = EDGE_CURVE ( 'NONE', #2037, #2050, #7466, .T. ) ;
#2060 = ORIENTED_EDGE ( 'NONE', *, *, #2031, .T. ) ;
#2061 = VERTEX_POINT ( 'NONE', #7462 ) ;
#2062 = ORIENTED_EDGE ( 'NONE', *, *, #2105, .F. ) ;
#2063 = ORIENTED_EDGE ( 'NONE', *, *, #2064, .F. ) ;
#2064 = EDGE_CURVE ( 'NONE', #1970, #2011, #7461, .T. ) ;
#2065 = ORIENTED_EDGE ( 'NONE', *, *, #1917, .T. ) ;
#2066 = ORIENTED_EDGE ( 'NONE', *, *, #2067, .T. ) ;
#2067 = EDGE_CURVE ( 'NONE', #2022, #1960, #7519, .T. ) ;
#2068 = ADVANCED_FACE ( 'NONE', ( #7515 ), #7514, .F. ) ;
#2069 = ORIENTED_EDGE ( 'NONE', *, *, #545, .T. ) ;
#2070 = ORIENTED_EDGE ( 'NONE', *, *, #2071, .T. ) ;
#2071 = EDGE_CURVE ( 'NONE', #547, #1849, #7508, .T. ) ;
#2072 = ORIENTED_EDGE ( 'NONE', *, *, #1848, .T. ) ;
#2073 = ADVANCED_FACE ( 'NONE', ( #7504 ), #7543, .F. ) ;
#2074 = EDGE_LOOP ( 'NONE', ( #2075, #2076, #2077, #2078 ) ) ;
#2075 = ORIENTED_EDGE ( 'NONE', *, *, #549, .F. ) ;
#2076 = ORIENTED_EDGE ( 'NONE', *, *, #2094, .F. ) ;
#2077 = ORIENTED_EDGE ( 'NONE', *, *, #1845, .T. ) ;
#2078 = ORIENTED_EDGE ( 'NONE', *, *, #2087, .T. ) ;
#2079 = ADVANCED_FACE ( 'NONE', ( #7537 ), #7522, .F. ) ;
#2080 = EDGE_LOOP ( 'NONE', ( #2136, #2137, #2138, #2139 ) ) ;
#2081 = ORIENTED_EDGE ( 'NONE', *, *, #2082, .T. ) ;
#2082 = EDGE_CURVE ( 'NONE', #1849, #1842, #7569, .T. ) ;
#2083 = ADVANCED_FACE ( 'NONE', ( #7565 ), #7550, .F. ) ;
#2084 = EDGE_LOOP ( 'NONE', ( #2085, #2086, #2088, #2089 ) ) ;
#2085 = ORIENTED_EDGE ( 'NONE', *, *, #552, .F. ) ;
#2086 = ORIENTED_EDGE ( 'NONE', *, *, #2087, .F. ) ;
#2087 = EDGE_CURVE ( 'NONE', #1843, #550, #7545, .T. ) ;
#2088 = ORIENTED_EDGE ( 'NONE', *, *, #1841, .F. ) ;
#2089 = ORIENTED_EDGE ( 'NONE', *, *, #2090, .F. ) ;
#2090 = EDGE_CURVE ( 'NONE', #553, #1842, #7596, .T. ) ;
#2091 = ADVANCED_FACE ( 'NONE', ( #7592 ), #7577, .T. ) ;
#2092 = EDGE_LOOP ( 'NONE', ( #2093, #2069, #2070, #2072 ) ) ;
#2093 = ORIENTED_EDGE ( 'NONE', *, *, #2094, .T. ) ;
#2094 = EDGE_CURVE ( 'NONE', #1846, #546, #7636, .T. ) ;
#2095 = ORIENTED_EDGE ( 'NONE', *, *, #1831, .F. ) ;
#2096 = VERTEX_POINT ( 'NONE', #7632 ) ;
#2097 = ORIENTED_EDGE ( 'NONE', *, *, #1976, .T. ) ;
#2098 = ORIENTED_EDGE ( 'NONE', *, *, #2099, .T. ) ;
#2099 = EDGE_CURVE ( 'NONE', #247, #2100, #7631, .T. ) ;
#2100 = VERTEX_POINT ( 'NONE', #7627 ) ;
#2101 = VERTEX_POINT ( 'NONE', #7626 ) ;
#2102 = VERTEX_POINT ( 'NONE', #7625 ) ;
#2103 = VERTEX_POINT ( 'NONE', #7624 ) ;
#2104 = ORIENTED_EDGE ( 'NONE', *, *, #2029, .T. ) ;
#2105 = EDGE_CURVE ( 'NONE', #2041, #2061, #7623, .T. ) ;
#2106 = EDGE_LOOP ( 'NONE', ( #2026, #2060, #2035, #2027, #2025, #2053 ) ) ;
#2107 = EDGE_CURVE ( 'NONE', #2032, #161, #7618, .T. ) ;
#2108 = ORIENTED_EDGE ( 'NONE', *, *, #2186, .T. ) ;
#2109 = ADVANCED_FACE ( 'NONE', ( #7614 ), #7663, .T. ) ;
#2110 = EDGE_LOOP ( 'NONE', ( #2111, #2112, #2113, #2116, #2118, #2119 ) ) ;
#2111 = ORIENTED_EDGE ( 'NONE', *, *, #7211, .F. ) ;
#2112 = ORIENTED_EDGE ( 'NONE', *, *, #2143, .T. ) ;
#2113 = ORIENTED_EDGE ( 'NONE', *, *, #2114, .T. ) ;
#2114 = EDGE_CURVE ( 'NONE', #2144, #2115, #7658, .T. ) ;
#2115 = VERTEX_POINT ( 'NONE', #7654 ) ;
#2116 = ORIENTED_EDGE ( 'NONE', *, *, #2117, .T. ) ;
#2117 = EDGE_CURVE ( 'NONE', #2115, #2133, #7652, .T. ) ;
#2118 = ORIENTED_EDGE ( 'NONE', *, *, #2132, .T. ) ;
#2119 = ORIENTED_EDGE ( 'NONE', *, *, #7184, .F. ) ;
#2120 = ADVANCED_FACE ( 'NONE', ( #7648 ), #7688, .F. ) ;
#2121 = EDGE_LOOP ( 'NONE', ( #2122, #2179, #2180, #2181, #2182, #2185 ) ) ;
#2122 = ORIENTED_EDGE ( 'NONE', *, *, #2147, .F. ) ;
#2123 = ORIENTED_EDGE ( 'NONE', *, *, #2124, .F. ) ;
#2124 = EDGE_CURVE ( 'NONE', #2144, #2148, #7682, .T. ) ;
#2125 = ADVANCED_FACE ( 'NONE', ( #7678 ), #7722, .F. ) ;
#2126 = EDGE_LOOP ( 'NONE', ( #2127, #2130, #2131, #2134 ) ) ;
#2127 = ORIENTED_EDGE ( 'NONE', *, *, #2128, .T. ) ;
#2128 = EDGE_CURVE ( 'NONE', #2129, #7178, #7717, .T. ) ;
#2129 = VERTEX_POINT ( 'NONE', #7713 ) ;
#2130 = ORIENTED_EDGE ( 'NONE', *, *, #7182, .T. ) ;
#2131 = ORIENTED_EDGE ( 'NONE', *, *, #2132, .F. ) ;
#2132 = EDGE_CURVE ( 'NONE', #2133, #7180, #7712, .T. ) ;
#2133 = VERTEX_POINT ( 'NONE', #7708 ) ;
#2134 = ORIENTED_EDGE ( 'NONE', *, *, #2135, .T. ) ;
#2135 = EDGE_CURVE ( 'NONE', #2133, #2129, #7706, .T. ) ;
#2136 = ORIENTED_EDGE ( 'NONE', *, *, #555, .F. ) ;
#2137 = ORIENTED_EDGE ( 'NONE', *, *, #2090, .T. ) ;
#2138 = ORIENTED_EDGE ( 'NONE', *, *, #2082, .F. ) ;
#2139 = ORIENTED_EDGE ( 'NONE', *, *, #2071, .F. ) ;
#2140 = ADVANCED_FACE ( 'NONE', ( #7702 ), #7751, .F. ) ;
#2141 = EDGE_LOOP ( 'NONE', ( #2142, #2145, #2146, #2123 ) ) ;
#2142 = ORIENTED_EDGE ( 'NONE', *, *, #2143, .F. ) ;
#2143 = EDGE_CURVE ( 'NONE', #7210, #2144, #7746, .T. ) ;
#2144 = VERTEX_POINT ( 'NONE', #7742 ) ;
#2145 = ORIENTED_EDGE ( 'NONE', *, *, #9476, .T. ) ;
#2146 = ORIENTED_EDGE ( 'NONE', *, *, #2147, .T. ) ;
#2147 = EDGE_CURVE ( 'NONE', #323, #2148, #7741, .T. ) ;
#2148 = VERTEX_POINT ( 'NONE', #7737 ) ;
#2149 = EDGE_CURVE ( 'NONE', #476, #2159, #7736, .T. ) ;
#2150 = ORIENTED_EDGE ( 'NONE', *, *, #2158, .T. ) ;
#2151 = ORIENTED_EDGE ( 'NONE', *, *, #2152, .T. ) ;
#2152 = EDGE_CURVE ( 'NONE', #2178, #2153, #7732, .T. ) ;
#2153 = VERTEX_POINT ( 'NONE', #7728 ) ;
#2154 = ORIENTED_EDGE ( 'NONE', *, *, #2155, .F. ) ;
#2155 = EDGE_CURVE ( 'NONE', #2156, #2153, #7727, .T. ) ;
#2156 = VERTEX_POINT ( 'NONE', #7779 ) ;
#2157 = ORIENTED_EDGE ( 'NONE', *, *, #2158, .F. ) ;
#2158 = EDGE_CURVE ( 'NONE', #2159, #2156, #7778, .T. ) ;
#2159 = VERTEX_POINT ( 'NONE', #7774 ) ;
#2160 = ORIENTED_EDGE ( 'NONE', *, *, #2161, .T. ) ;
#2161 = EDGE_CURVE ( 'NONE', #2159, #2178, #7772, .T. ) ;
#2162 = ADVANCED_FACE ( 'NONE', ( #7768 ), #7753, .F. ) ;
#2163 = EDGE_LOOP ( 'NONE', ( #2164, #2165, #2219, #2220 ) ) ;
#2164 = ORIENTED_EDGE ( 'NONE', *, *, #481, .F. ) ;
#2165 = ORIENTED_EDGE ( 'NONE', *, *, #2218, .F. ) ;
#2166 = ORIENTED_EDGE ( 'NONE', *, *, #2167, .F. ) ;
#2167 = EDGE_CURVE ( 'NONE', #2115, #2184, #7805, .T. ) ;
#2168 = ORIENTED_EDGE ( 'NONE', *, *, #2114, .F. ) ;
#2169 = ORIENTED_EDGE ( 'NONE', *, *, #2124, .T. ) ;
#2170 = ADVANCED_FACE ( 'NONE', ( #7801 ), #7786, .F. ) ;
#2171 = EDGE_LOOP ( 'NONE', ( #2172, #2173, #2174, #2175 ) ) ;
#2172 = ORIENTED_EDGE ( 'NONE', *, *, #2183, .T. ) ;
#2173 = ORIENTED_EDGE ( 'NONE', *, *, #2135, .F. ) ;
#2174 = ORIENTED_EDGE ( 'NONE', *, *, #2117, .F. ) ;
#2175 = ORIENTED_EDGE ( 'NONE', *, *, #2167, .T. ) ;
#2176 = ADVANCED_FACE ( 'NONE', ( #7785 ), #7822, .F. ) ;
#2177 = EDGE_LOOP ( 'NONE', ( #2151, #2154, #2157, #2160 ) ) ;
#2178 = VERTEX_POINT ( 'NONE', #7817 ) ;
#2179 = ORIENTED_EDGE ( 'NONE', *, *, #7213, .T. ) ;
#2180 = ORIENTED_EDGE ( 'NONE', *, *, #7181, .T. ) ;
#2181 = ORIENTED_EDGE ( 'NONE', *, *, #2128, .F. ) ;
#2182 = ORIENTED_EDGE ( 'NONE', *, *, #2183, .F. ) ;
#2183 = EDGE_CURVE ( 'NONE', #2184, #2129, #7816, .T. ) ;
#2184 = VERTEX_POINT ( 'NONE', #7812 ) ;
#2185 = ORIENTED_EDGE ( 'NONE', *, *, #2186, .F. ) ;
#2186 = EDGE_CURVE ( 'NONE', #2148, #2184, #7870, .T. ) ;
#2187 = ADVANCED_FACE ( 'NONE', ( #7866 ), #7851, .F. ) ;
#2188 = EDGE_LOOP ( 'NONE', ( #2108, #2166, #2168, #2169 ) ) ;
#2189 = ORIENTED_EDGE ( 'NONE', *, *, #2195, .T. ) ;
#2190 = ORIENTED_EDGE ( 'NONE', *, *, #2245, .T. ) ;
#2191 = VERTEX_POINT ( 'NONE', #7846 ) ;
#2192 = ADVANCED_FACE ( 'NONE', ( #7845 ), #7885, .F. ) ;
#2193 = EDGE_LOOP ( 'NONE', ( #2194, #2197, #2198, #2201 ) ) ;
#2194 = ORIENTED_EDGE ( 'NONE', *, *, #2195, .F. ) ;
#2195 = EDGE_CURVE ( 'NONE', #316, #2196, #7880, .T. ) ;
#2196 = VERTEX_POINT ( 'NONE', #7876 ) ;
#2197 = ORIENTED_EDGE ( 'NONE', *, *, #315, .T. ) ;
#2198 = ORIENTED_EDGE ( 'NONE', *, *, #2199, .T. ) ;
#2199 = EDGE_CURVE ( 'NONE', #313, #2200, #7875, .T. ) ;
#2200 = VERTEX_POINT ( 'NONE', #7871 ) ;
#2201 = ORIENTED_EDGE ( 'NONE', *, *, #2202, .F. ) ;
#2202 = EDGE_CURVE ( 'NONE', #2196, #2200, #7927, .T. ) ;
#2203 = ADVANCED_FACE ( 'NONE', ( #7923 ), #7908, .F. ) ;
#2204 = EDGE_LOOP ( 'NONE', ( #2205, #2259, #2260, #2263 ) ) ;
#2205 = ORIENTED_EDGE ( 'NONE', *, *, #2257, .T. ) ;
#2206 = ADVANCED_FACE ( 'NONE', ( #7902 ), #7947, .F. ) ;
#2207 = EDGE_LOOP ( 'NONE', ( #2208, #2209, #2210, #2211 ) ) ;
#2208 = ORIENTED_EDGE ( 'NONE', *, *, #478, .F. ) ;
#2209 = ORIENTED_EDGE ( 'NONE', *, *, #2225, .F. ) ;
#2210 = ORIENTED_EDGE ( 'NONE', *, *, #2155, .T. ) ;
#2211 = ORIENTED_EDGE ( 'NONE', *, *, #2218, .T. ) ;
#2212 = ADVANCED_FACE ( 'NONE', ( #7941 ), #7979, .F. ) ;
#2213 = EDGE_LOOP ( 'NONE', ( #2214, #2215, #2216, #2217 ) ) ;
#2214 = ORIENTED_EDGE ( 'NONE', *, *, #542, .F. ) ;
#2215 = ORIENTED_EDGE ( 'NONE', *, *, #2221, .T. ) ;
#2216 = ORIENTED_EDGE ( 'NONE', *, *, #2161, .F. ) ;
#2217 = ORIENTED_EDGE ( 'NONE', *, *, #2149, .F. ) ;
#2218 = EDGE_CURVE ( 'NONE', #2153, #479, #7974, .T. ) ;
#2219 = ORIENTED_EDGE ( 'NONE', *, *, #2152, .F. ) ;
#2220 = ORIENTED_EDGE ( 'NONE', *, *, #2221, .F. ) ;
#2221 = EDGE_CURVE ( 'NONE', #482, #2178, #7969, .T. ) ;
#2222 = ADVANCED_FACE ( 'NONE', ( #7965 ), #8009, .T. ) ;
#2223 = EDGE_LOOP ( 'NONE', ( #2224, #2226, #2227, #2150 ) ) ;
#2224 = ORIENTED_EDGE ( 'NONE', *, *, #2225, .T. ) ;
#2225 = EDGE_CURVE ( 'NONE', #2156, #475, #8004, .T. ) ;
#2226 = ORIENTED_EDGE ( 'NONE', *, *, #474, .T. ) ;
#2227 = ORIENTED_EDGE ( 'NONE', *, *, #2149, .T. ) ;
#2228 = VERTEX_POINT ( 'NONE', #8000 ) ;
#2229 = ORIENTED_EDGE ( 'NONE', *, *, #2230, .F. ) ;
#2230 = EDGE_CURVE ( 'NONE', #2231, #2228, #7999, .T. ) ;
#2231 = VERTEX_POINT ( 'NONE', #7995 ) ;
#2232 = EDGE_CURVE ( 'NONE', #2233, #2258, #7994, .T. ) ;
#2233 = VERTEX_POINT ( 'NONE', #7990 ) ;
#2234 = ORIENTED_EDGE ( 'NONE', *, *, #2235, .F. ) ;
#2235 = EDGE_CURVE ( 'NONE', #2200, #2233, #7987, .T. ) ;
#2236 = ADVANCED_FACE ( 'NONE', ( #8044 ), #8029, .F. ) ;
#2237 = EDGE_LOOP ( 'NONE', ( #2238, #2239, #2241, #2242 ) ) ;
#2238 = ORIENTED_EDGE ( 'NONE', *, *, #2235, .T. ) ;
#2239 = ORIENTED_EDGE ( 'NONE', *, *, #2240, .F. ) ;
#2240 = EDGE_CURVE ( 'NONE', #2191, #2233, #8023, .T. ) ;
#2241 = ORIENTED_EDGE ( 'NONE', *, *, #2245, .F. ) ;
#2242 = ORIENTED_EDGE ( 'NONE', *, *, #2202, .T. ) ;
#2243 = ADVANCED_FACE ( 'NONE', ( #8019 ), #8065, .F. ) ;
#2244 = EDGE_LOOP ( 'NONE', ( #2299, #2300, #2301, #2302 ) ) ;
#2245 = EDGE_CURVE ( 'NONE', #2196, #2191, #8060, .T. ) ;
#2246 = ORIENTED_EDGE ( 'NONE', *, *, #2247, .T. ) ;
#2247 = EDGE_CURVE ( 'NONE', #2191, #2262, #8055, .T. ) ;
#2248 = ORIENTED_EDGE ( 'NONE', *, *, #2261, .T. ) ;
#2249 = ORIENTED_EDGE ( 'NONE', *, *, #9512, .F. ) ;
#2250 = ADVANCED_FACE ( 'NONE', ( #8047 ), #8087, .F. ) ;
#2251 = EDGE_LOOP ( 'NONE', ( #2252, #2253, #2254, #2255, #2256, #2234 ) ) ;
#2252 = ORIENTED_EDGE ( 'NONE', *, *, #2199, .F. ) ;
#2253 = ORIENTED_EDGE ( 'NONE', *, *, #312, .T. ) ;
#2254 = ORIENTED_EDGE ( 'NONE', *, *, #7208, .T. ) ;
#2255 = ORIENTED_EDGE ( 'NONE', *, *, #2257, .F. ) ;
#2256 = ORIENTED_EDGE ( 'NONE', *, *, #2232, .F. ) ;
#2257 = EDGE_CURVE ( 'NONE', #2258, #7203, #8082, .T. ) ;
#2258 = VERTEX_POINT ( 'NONE', #8078 ) ;
#2259 = ORIENTED_EDGE ( 'NONE', *, *, #9511, .T. ) ;
#2260 = ORIENTED_EDGE ( 'NONE', *, *, #2261, .F. ) ;
#2261 = EDGE_CURVE ( 'NONE', #2262, #9510, #8077, .T. ) ;
#2262 = VERTEX_POINT ( 'NONE', #8073 ) ;
#2263 = ORIENTED_EDGE ( 'NONE', *, *, #2264, .T. ) ;
#2264 = EDGE_CURVE ( 'NONE', #2262, #2258, #8122, .T. ) ;
#2265 = ADVANCED_FACE ( 'NONE', ( #8118 ), #8103, .T. ) ;
#2266 = EDGE_LOOP ( 'NONE', ( #2267, #2189, #2190, #2246, #2248, #2249 ) ) ;
#2267 = ORIENTED_EDGE ( 'NONE', *, *, #318, .F. ) ;
#2268 = EDGE_CURVE ( 'NONE', #2096, #2269, #8098, .T. ) ;
#2269 = VERTEX_POINT ( 'NONE', #8149 ) ;
#2270 = ORIENTED_EDGE ( 'NONE', *, *, #1831, .T. ) ;
#2271 = ORIENTED_EDGE ( 'NONE', *, *, #2326, .T. ) ;
#2272 = ORIENTED_EDGE ( 'NONE', *, *, #2273, .T. ) ;
#2273 = EDGE_CURVE ( 'NONE', #2231, #491, #8148, .T. ) ;
#2274 = ORIENTED_EDGE ( 'NONE', *, *, #490, .T. ) ;
#2275 = ORIENTED_EDGE ( 'NONE', *, *, #2276, .T. ) ;
#2276 = EDGE_CURVE ( 'NONE', #492, #2286, #8143, .T. ) ;
#2277 = ORIENTED_EDGE ( 'NONE', *, *, #2285, .T. ) ;
#2278 = ADVANCED_FACE ( 'NONE', ( #8139 ), #8124, .F. ) ;
#2279 = EDGE_LOOP ( 'NONE', ( #2280, #2281, #2282, #2341 ) ) ;
#2280 = ORIENTED_EDGE ( 'NONE', *, *, #494, .F. ) ;
#2281 = ORIENTED_EDGE ( 'NONE', *, *, #2273, .F. ) ;
#2282 = ORIENTED_EDGE ( 'NONE', *, *, #2230, .T. ) ;
#2283 = EDGE_LOOP ( 'NONE', ( #2343, #2344, #2345, #2346 ) ) ;
#2284 = ORIENTED_EDGE ( 'NONE', *, *, #2285, .F. ) ;
#2285 = EDGE_CURVE ( 'NONE', #2286, #2231, #8176, .T. ) ;
#2286 = VERTEX_POINT ( 'NONE', #8172 ) ;
#2287 = ORIENTED_EDGE ( 'NONE', *, *, #2288, .T. ) ;
#2288 = EDGE_CURVE ( 'NONE', #2286, #2307, #8170, .T. ) ;
#2289 = ADVANCED_FACE ( 'NONE', ( #8166 ), #8209, .F. ) ;
#2290 = EDGE_LOOP ( 'NONE', ( #2291, #2292, #2294, #2295 ) ) ;
#2291 = ORIENTED_EDGE ( 'NONE', *, *, #497, .F. ) ;
#2292 = ORIENTED_EDGE ( 'NONE', *, *, #2293, .F. ) ;
#2293 = EDGE_CURVE ( 'NONE', #2228, #495, #8204, .T. ) ;
#2294 = ORIENTED_EDGE ( 'NONE', *, *, #2306, .F. ) ;
#2295 = ORIENTED_EDGE ( 'NONE', *, *, #2296, .F. ) ;
#2296 = EDGE_CURVE ( 'NONE', #558, #2307, #8199, .T. ) ;
#2297 = ADVANCED_FACE ( 'NONE', ( #8195 ), #8235, .T. ) ;
#2298 = EDGE_LOOP ( 'NONE', ( #2272, #2274, #2275, #2277 ) ) ;
#2299 = ORIENTED_EDGE ( 'NONE', *, *, #2232, .T. ) ;
#2300 = ORIENTED_EDGE ( 'NONE', *, *, #2264, .F. ) ;
#2301 = ORIENTED_EDGE ( 'NONE', *, *, #2247, .F. ) ;
#2302 = ORIENTED_EDGE ( 'NONE', *, *, #2240, .T. ) ;
#2303 = ADVANCED_FACE ( 'NONE', ( #8229 ), #8214, .F. ) ;
#2304 = EDGE_LOOP ( 'NONE', ( #2305, #2229, #2284, #2287 ) ) ;
#2305 = ORIENTED_EDGE ( 'NONE', *, *, #2306, .T. ) ;
#2306 = EDGE_CURVE ( 'NONE', #2307, #2228, #8265, .T. ) ;
#2307 = VERTEX_POINT ( 'NONE', #8261 ) ;
#2308 = EDGE_CURVE ( 'NONE', #2309, #2334, #8260, .T. ) ;
#2309 = VERTEX_POINT ( 'NONE', #8256 ) ;
#2310 = ORIENTED_EDGE ( 'NONE', *, *, #2311, .F. ) ;
#2311 = EDGE_CURVE ( 'NONE', #2327, #2309, #8254, .T. ) ;
#2312 = ADVANCED_FACE ( 'NONE', ( #8250 ), #8292, .F. ) ;
#2313 = EDGE_LOOP ( 'NONE', ( #2314, #2369, #2371, #2372 ) ) ;
#2314 = ORIENTED_EDGE ( 'NONE', *, *, #2311, .T. ) ;
#2315 = EDGE_CURVE ( 'NONE', #2338, #2334, #8286, .T. ) ;
#2316 = ADVANCED_FACE ( 'NONE', ( #8282 ), #8267, .T. ) ;
#2317 = ORIENTED_EDGE ( 'NONE', *, *, #324, .F. ) ;
#2318 = ORIENTED_EDGE ( 'NONE', *, *, #2268, .T. ) ;
#2319 = ORIENTED_EDGE ( 'NONE', *, *, #2320, .T. ) ;
#2320 = EDGE_CURVE ( 'NONE', #2269, #2321, #8324, .T. ) ;
#2321 = VERTEX_POINT ( 'NONE', #8320 ) ;
#2322 = ORIENTED_EDGE ( 'NONE', *, *, #2323, .T. ) ;
#2323 = EDGE_CURVE ( 'NONE', #2321, #2338, #8319, .T. ) ;
#2324 = ORIENTED_EDGE ( 'NONE', *, *, #2337, .T. ) ;
#2325 = ORIENTED_EDGE ( 'NONE', *, *, #7200, .F. ) ;
#2326 = EDGE_CURVE ( 'NONE', #1830, #2327, #8315, .T. ) ;
#2327 = VERTEX_POINT ( 'NONE', #8311 ) ;
#2328 = ORIENTED_EDGE ( 'NONE', *, *, #2329, .F. ) ;
#2329 = EDGE_CURVE ( 'NONE', #2269, #2327, #8309, .T. ) ;
#2330 = ADVANCED_FACE ( 'NONE', ( #8305 ), #8355, .F. ) ;
#2331 = EDGE_LOOP ( 'NONE', ( #2332, #2335, #2336, #2339 ) ) ;
#2332 = ORIENTED_EDGE ( 'NONE', *, *, #2333, .T. ) ;
#2333 = EDGE_CURVE ( 'NONE', #2334, #7194, #8350, .T. ) ;
#2334 = VERTEX_POINT ( 'NONE', #8346 ) ;
#2335 = ORIENTED_EDGE ( 'NONE', *, *, #7199, .T. ) ;
#2336 = ORIENTED_EDGE ( 'NONE', *, *, #2337, .F. ) ;
#2337 = EDGE_CURVE ( 'NONE', #2338, #7197, #8345, .T. ) ;
#2338 = VERTEX_POINT ( 'NONE', #8341 ) ;
#2339 = ORIENTED_EDGE ( 'NONE', *, *, #2315, .T. ) ;
#2340 = EDGE_LOOP ( 'NONE', ( #2317, #2318, #2319, #2322, #2324, #2325 ) ) ;
#2341 = ORIENTED_EDGE ( 'NONE', *, *, #2293, .T. ) ;
#2342 = ADVANCED_FACE ( 'NONE', ( #8340 ), #8378, .F. ) ;
#2343 = ORIENTED_EDGE ( 'NONE', *, *, #471, .F. ) ;
#2344 = ORIENTED_EDGE ( 'NONE', *, *, #2296, .T. ) ;
#2345 = ORIENTED_EDGE ( 'NONE', *, *, #2288, .F. ) ;
#2346 = ORIENTED_EDGE ( 'NONE', *, *, #2276, .F. ) ;
#2347 = ADVANCED_FACE ( 'NONE', ( #8372 ), #8407, .F. ) ;
#2348 = ADVANCED_FACE ( 'NONE', ( #8401 ), #8386, .T. ) ;
#2349 = EDGE_LOOP ( 'NONE', ( #2350, #2352, #2353, #2408 ) ) ;
#2350 = ORIENTED_EDGE ( 'NONE', *, *, #2351, .T. ) ;
#2351 = EDGE_CURVE ( 'NONE', #2361, #509, #8438, .T. ) ;
#2352 = ORIENTED_EDGE ( 'NONE', *, *, #508, .T. ) ;
#2353 = ORIENTED_EDGE ( 'NONE', *, *, #2354, .T. ) ;
#2354 = EDGE_CURVE ( 'NONE', #510, #2364, #8434, .T. ) ;
#2355 = ORIENTED_EDGE ( 'NONE', *, *, #2356, .T. ) ;
#2356 = EDGE_CURVE ( 'NONE', #2357, #2358, #8430, .T. ) ;
#2357 = VERTEX_POINT ( 'NONE', #8426 ) ;
#2358 = VERTEX_POINT ( 'NONE', #8425 ) ;
#2359 = ORIENTED_EDGE ( 'NONE', *, *, #2360, .F. ) ;
#2360 = EDGE_CURVE ( 'NONE', #2361, #2358, #8424, .T. ) ;
#2361 = VERTEX_POINT ( 'NONE', #8420 ) ;
#2362 = ORIENTED_EDGE ( 'NONE', *, *, #2363, .F. ) ;
#2363 = EDGE_CURVE ( 'NONE', #2364, #2361, #8419, .T. ) ;
#2364 = VERTEX_POINT ( 'NONE', #8415 ) ;
#2365 = ORIENTED_EDGE ( 'NONE', *, *, #2366, .T. ) ;
#2366 = EDGE_CURVE ( 'NONE', #2364, #2357, #8413, .T. ) ;
#2367 = ADVANCED_FACE ( 'NONE', ( #8409 ), #8458, .F. ) ;
#2368 = EDGE_LOOP ( 'NONE', ( #2420, #2421, #2423, #2424 ) ) ;
#2369 = ORIENTED_EDGE ( 'NONE', *, *, #2370, .F. ) ;
#2370 = EDGE_CURVE ( 'NONE', #2321, #2309, #8452, .T. ) ;
#2371 = ORIENTED_EDGE ( 'NONE', *, *, #2320, .F. ) ;
#2372 = ORIENTED_EDGE ( 'NONE', *, *, #2329, .T. ) ;
#2373 = ADVANCED_FACE ( 'NONE', ( #8448 ), #8490, .F. ) ;
#2374 = EDGE_LOOP ( 'NONE', ( #2375, #2376, #2377, #2378 ) ) ;
#2375 = ORIENTED_EDGE ( 'NONE', *, *, #2308, .T. ) ;
#2376 = ORIENTED_EDGE ( 'NONE', *, *, #2315, .F. ) ;
#2377 = ORIENTED_EDGE ( 'NONE', *, *, #2323, .F. ) ;
#2378 = ORIENTED_EDGE ( 'NONE', *, *, #2370, .T. ) ;
#2379 = ADVANCED_FACE ( 'NONE', ( #8484 ), #8516, .F. ) ;
#2380 = EDGE_LOOP ( 'NONE', ( #2355, #2359, #2362, #2365 ) ) ;
#2381 = ADVANCED_FACE ( 'NONE', ( #8510 ), #8552, .F. ) ;
#2382 = EDGE_LOOP ( 'NONE', ( #2383, #2384, #2385, #2386, #2387, #2310 ) ) ;
#2383 = ORIENTED_EDGE ( 'NONE', *, *, #2326, .F. ) ;
#2384 = ORIENTED_EDGE ( 'NONE', *, *, #2046, .T. ) ;
#2385 = ORIENTED_EDGE ( 'NONE', *, *, #7193, .T. ) ;
#2386 = ORIENTED_EDGE ( 'NONE', *, *, #2333, .F. ) ;
#2387 = ORIENTED_EDGE ( 'NONE', *, *, #2308, .F. ) ;
#2388 = ADVANCED_FACE ( 'NONE', ( #8547 ), #8532, .T. ) ;
#2389 = EDGE_LOOP ( 'NONE', ( #2390, #2391, #2392, #2451, #2453, #2454 ) ) ;
#2390 = ORIENTED_EDGE ( 'NONE', *, *, #2056, .F. ) ;
#2391 = ORIENTED_EDGE ( 'NONE', *, *, #2397, .T. ) ;
#2392 = ORIENTED_EDGE ( 'NONE', *, *, #2449, .T. ) ;
#2393 = ORIENTED_EDGE ( 'NONE', *, *, #2354, .F. ) ;
#2394 = ADVANCED_FACE ( 'NONE', ( #8526 ), #8568, .F. ) ;
#2395 = EDGE_LOOP ( 'NONE', ( #2396, #2399, #2400, #2403 ) ) ;
#2396 = ORIENTED_EDGE ( 'NONE', *, *, #2397, .F. ) ;
#2397 = EDGE_CURVE ( 'NONE', #2039, #2398, #8563, .T. ) ;
#2398 = VERTEX_POINT ( 'NONE', #8559 ) ;
#2399 = ORIENTED_EDGE ( 'NONE', *, *, #2052, .T. ) ;
#2400 = ORIENTED_EDGE ( 'NONE', *, *, #2401, .T. ) ;
#2401 = EDGE_CURVE ( 'NONE', #2037, #2402, #8558, .T. ) ;
#2402 = VERTEX_POINT ( 'NONE', #8554 ) ;
#2403 = ORIENTED_EDGE ( 'NONE', *, *, #2404, .F. ) ;
#2404 = EDGE_CURVE ( 'NONE', #2398, #2402, #8609, .T. ) ;
#2405 = ADVANCED_FACE ( 'NONE', ( #8605 ), #8590, .F. ) ;
#2406 = EDGE_LOOP ( 'NONE', ( #2460, #2462, #2463, #2466 ) ) ;
#2407 = VERTEX_POINT ( 'NONE', #8585 ) ;
#2408 = ORIENTED_EDGE ( 'NONE', *, *, #2363, .T. ) ;
#2409 = ADVANCED_FACE ( 'NONE', ( #8584 ), #8629, .F. ) ;
#2410 = EDGE_LOOP ( 'NONE', ( #2411, #2412, #2413, #2414 ) ) ;
#2411 = ORIENTED_EDGE ( 'NONE', *, *, #512, .F. ) ;
#2412 = ORIENTED_EDGE ( 'NONE', *, *, #2351, .F. ) ;
#2413 = ORIENTED_EDGE ( 'NONE', *, *, #2360, .T. ) ;
#2414 = ORIENTED_EDGE ( 'NONE', *, *, #2422, .T. ) ;
#2415 = ADVANCED_FACE ( 'NONE', ( #8623 ), #8664, .F. ) ;
#2416 = EDGE_LOOP ( 'NONE', ( #2417, #2418, #2419, #2393 ) ) ;
#2417 = ORIENTED_EDGE ( 'NONE', *, *, #487, .F. ) ;
#2418 = ORIENTED_EDGE ( 'NONE', *, *, #2425, .T. ) ;
#2419 = ORIENTED_EDGE ( 'NONE', *, *, #2366, .F. ) ;
#2420 = ORIENTED_EDGE ( 'NONE', *, *, #485, .F. ) ;
#2421 = ORIENTED_EDGE ( 'NONE', *, *, #2422, .F. ) ;
#2422 = EDGE_CURVE ( 'NONE', #2358, #513, #8659, .T. ) ;
#2423 = ORIENTED_EDGE ( 'NONE', *, *, #2356, .F. ) ;
#2424 = ORIENTED_EDGE ( 'NONE', *, *, #2425, .F. ) ;
#2425 = EDGE_CURVE ( 'NONE', #514, #2357, #8654, .T. ) ;
#2426 = ADVANCED_FACE ( 'NONE', ( #8650 ), #8695, .F. ) ;
#2427 = EDGE_LOOP ( 'NONE', ( #2428, #2432, #2489, #2492 ) ) ;
#2428 = ORIENTED_EDGE ( 'NONE', *, *, #2429, .T. ) ;
#2429 = EDGE_CURVE ( 'NONE', #2430, #2431, #8690, .T. ) ;
#2430 = VERTEX_POINT ( 'NONE', #8686 ) ;
#2431 = VERTEX_POINT ( 'NONE', #8685 ) ;
#2432 = ORIENTED_EDGE ( 'NONE', *, *, #2433, .F. ) ;
#2433 = EDGE_CURVE ( 'NONE', #2434, #2431, #8684, .T. ) ;
#2434 = VERTEX_POINT ( 'NONE', #8680 ) ;
#2435 = ORIENTED_EDGE ( 'NONE', *, *, #2461, .F. ) ;
#2436 = ORIENTED_EDGE ( 'NONE', *, *, #2437, .F. ) ;
#2437 = EDGE_CURVE ( 'NONE', #2438, #2407, #8679, .T. ) ;
#2438 = VERTEX_POINT ( 'NONE', #8675 ) ;
#2439 = ORIENTED_EDGE ( 'NONE', *, *, #2440, .F. ) ;
#2440 = EDGE_CURVE ( 'NONE', #2402, #2438, #8673, .T. ) ;
#2441 = ADVANCED_FACE ( 'NONE', ( #8669 ), #8715, .F. ) ;
#2442 = EDGE_LOOP ( 'NONE', ( #2443, #2444, #2446, #2447 ) ) ;
#2443 = ORIENTED_EDGE ( 'NONE', *, *, #2440, .T. ) ;
#2444 = ORIENTED_EDGE ( 'NONE', *, *, #2445, .F. ) ;
#2445 = EDGE_CURVE ( 'NONE', #2450, #2438, #8709, .T. ) ;
#2446 = ORIENTED_EDGE ( 'NONE', *, *, #2449, .F. ) ;
#2447 = ORIENTED_EDGE ( 'NONE', *, *, #2404, .T. ) ;
#2448 = ADVANCED_FACE ( 'NONE', ( #8705 ), #8748, .F. ) ;
#2449 = EDGE_CURVE ( 'NONE', #2398, #2450, #8743, .T. ) ;
#2450 = VERTEX_POINT ( 'NONE', #8739 ) ;
#2451 = ORIENTED_EDGE ( 'NONE', *, *, #2452, .T. ) ;
#2452 = EDGE_CURVE ( 'NONE', #2450, #2465, #8737, .T. ) ;
#2453 = ORIENTED_EDGE ( 'NONE', *, *, #2464, .T. ) ;
#2454 = ORIENTED_EDGE ( 'NONE', *, *, #32, .F. ) ;
#2455 = ADVANCED_FACE ( 'NONE', ( #8733 ), #8769, .F. ) ;
#2456 = EDGE_LOOP ( 'NONE', ( #2457, #2458, #2459, #2435, #2436, #2439 ) ) ;
#2457 = ORIENTED_EDGE ( 'NONE', *, *, #2401, .F. ) ;
#2458 = ORIENTED_EDGE ( 'NONE', *, *, #2059, .T. ) ;
#2459 = ORIENTED_EDGE ( 'NONE', *, *, #39, .T. ) ;
#2460 = ORIENTED_EDGE ( 'NONE', *, *, #2461, .T. ) ;
#2461 = EDGE_CURVE ( 'NONE', #2407, #38, #8764, .T. ) ;
#2462 = ORIENTED_EDGE ( 'NONE', *, *, #30, .T. ) ;
#2463 = ORIENTED_EDGE ( 'NONE', *, *, #2464, .F. ) ;
#2464 = EDGE_CURVE ( 'NONE', #2465, #7185, #8760, .T. ) ;
#2465 = VERTEX_POINT ( 'NONE', #8755 ) ;
#2466 = ORIENTED_EDGE ( 'NONE', *, *, #2467, .T. ) ;
#2467 = EDGE_CURVE ( 'NONE', #2465, #2407, #8756, .T. ) ;
#2468 = ORIENTED_EDGE ( 'NONE', *, *, #2476, .T. ) ;
#2469 = ORIENTED_EDGE ( 'NONE', *, *, #2493, .F. ) ;
#2470 = ORIENTED_EDGE ( 'NONE', *, *, #2483, .F. ) ;
#2471 = ADVANCED_FACE ( 'NONE', ( #8802 ), #8787, .F. ) ;
#2472 = EDGE_LOOP ( 'NONE', ( #2473, #2529, #2530, #2533 ) ) ;
#2473 = ORIENTED_EDGE ( 'NONE', *, *, #2474, .F. ) ;
#2474 = EDGE_CURVE ( 'NONE', #2034, #2475, #8782, .T. ) ;
#2475 = VERTEX_POINT ( 'NONE', #8778 ) ;
#2476 = EDGE_CURVE ( 'NONE', #503, #2430, #8832, .T. ) ;
#2477 = ADVANCED_FACE ( 'NONE', ( #8828 ), #8813, .T. ) ;
#2478 = EDGE_LOOP ( 'NONE', ( #2479, #2481, #2482, #2484 ) ) ;
#2479 = ORIENTED_EDGE ( 'NONE', *, *, #2480, .T. ) ;
#2480 = EDGE_CURVE ( 'NONE', #2434, #438, #8808, .T. ) ;
#2481 = ORIENTED_EDGE ( 'NONE', *, *, #437, .T. ) ;
#2482 = ORIENTED_EDGE ( 'NONE', *, *, #2483, .T. ) ;
#2483 = EDGE_CURVE ( 'NONE', #334, #2491, #8859, .T. ) ;
#2484 = ORIENTED_EDGE ( 'NONE', *, *, #2490, .T. ) ;
#2485 = ADVANCED_FACE ( 'NONE', ( #8855 ), #8840, .F. ) ;
#2486 = EDGE_LOOP ( 'NONE', ( #2487, #2488, #2543, #2544 ) ) ;
#2487 = ORIENTED_EDGE ( 'NONE', *, *, #499, .F. ) ;
#2488 = ORIENTED_EDGE ( 'NONE', *, *, #2480, .F. ) ;
#2489 = ORIENTED_EDGE ( 'NONE', *, *, #2490, .F. ) ;
#2490 = EDGE_CURVE ( 'NONE', #2491, #2434, #8834, .T. ) ;
#2491 = VERTEX_POINT ( 'NONE', #8888 ) ;
#2492 = ORIENTED_EDGE ( 'NONE', *, *, #2493, .T. ) ;
#2493 = EDGE_CURVE ( 'NONE', #2491, #2430, #8886, .T. ) ;
#2494 = ADVANCED_FACE ( 'NONE', ( #8882 ), #8867, .F. ) ;
#2495 = EDGE_LOOP ( 'NONE', ( #2496, #2497, #2499, #2500 ) ) ;
#2496 = ORIENTED_EDGE ( 'NONE', *, *, #502, .F. ) ;
#2497 = ORIENTED_EDGE ( 'NONE', *, *, #2498, .F. ) ;
#2498 = EDGE_CURVE ( 'NONE', #2431, #500, #8924, .T. ) ;
#2499 = ORIENTED_EDGE ( 'NONE', *, *, #2429, .F. ) ;
#2500 = ORIENTED_EDGE ( 'NONE', *, *, #2476, .F. ) ;
#2501 = EDGE_LOOP ( 'NONE', ( #2502, #2503, #2504, #2505 ) ) ;
#2502 = ORIENTED_EDGE ( 'NONE', *, *, #2437, .T. ) ;
#2503 = ORIENTED_EDGE ( 'NONE', *, *, #2467, .F. ) ;
#2504 = ORIENTED_EDGE ( 'NONE', *, *, #2452, .F. ) ;
#2505 = ORIENTED_EDGE ( 'NONE', *, *, #2445, .T. ) ;
#2506 = ORIENTED_EDGE ( 'NONE', *, *, #2531, .F. ) ;
#2507 = ORIENTED_EDGE ( 'NONE', *, *, #950, .T. ) ;
#2508 = ORIENTED_EDGE ( 'NONE', *, *, #2734, .T. ) ;
#2509 = ORIENTED_EDGE ( 'NONE', *, *, #2538, .F. ) ;
#2510 = ORIENTED_EDGE ( 'NONE', *, *, #2511, .F. ) ;
#2511 = EDGE_CURVE ( 'NONE', #2512, #2539, #8920, .T. ) ;
#2512 = VERTEX_POINT ( 'NONE', #8916 ) ;
#2513 = ORIENTED_EDGE ( 'NONE', *, *, #2514, .F. ) ;
#2514 = EDGE_CURVE ( 'NONE', #2532, #2512, #8915, .T. ) ;
#2515 = EDGE_LOOP ( 'NONE', ( #2571, #2572, #2574, #2575 ) ) ;
#2516 = VERTEX_POINT ( 'NONE', #8911 ) ;
#2517 = ORIENTED_EDGE ( 'NONE', *, *, #2518, .T. ) ;
#2518 = EDGE_CURVE ( 'NONE', #2516, #2539, #8909, .T. ) ;
#2519 = ADVANCED_FACE ( 'NONE', ( #8905 ), #8955, .T. ) ;
#2520 = EDGE_LOOP ( 'NONE', ( #2521, #2522, #2523, #2526, #2528, #2582 ) ) ;
#2521 = ORIENTED_EDGE ( 'NONE', *, *, #2029, .F. ) ;
#2522 = ORIENTED_EDGE ( 'NONE', *, *, #2474, .T. ) ;
#2523 = ORIENTED_EDGE ( 'NONE', *, *, #2524, .T. ) ;
#2524 = EDGE_CURVE ( 'NONE', #2475, #2525, #8950, .T. ) ;
#2525 = VERTEX_POINT ( 'NONE', #8946 ) ;
#2526 = ORIENTED_EDGE ( 'NONE', *, *, #2527, .T. ) ;
#2527 = EDGE_CURVE ( 'NONE', #2525, #2516, #8945, .T. ) ;
#2528 = ORIENTED_EDGE ( 'NONE', *, *, #2542, .T. ) ;
#2529 = ORIENTED_EDGE ( 'NONE', *, *, #2033, .T. ) ;
#2530 = ORIENTED_EDGE ( 'NONE', *, *, #2531, .T. ) ;
#2531 = EDGE_CURVE ( 'NONE', #2049, #2532, #8941, .T. ) ;
#2532 = VERTEX_POINT ( 'NONE', #8937 ) ;
#2533 = ORIENTED_EDGE ( 'NONE', *, *, #2534, .F. ) ;
#2534 = EDGE_CURVE ( 'NONE', #2475, #2532, #8935, .T. ) ;
#2535 = ADVANCED_FACE ( 'NONE', ( #8931 ), #8975, .F. ) ;
#2536 = EDGE_LOOP ( 'NONE', ( #2537, #2540, #2541, #2517 ) ) ;
#2537 = ORIENTED_EDGE ( 'NONE', *, *, #2538, .T. ) ;
#2538 = EDGE_CURVE ( 'NONE', #2539, #2688, #8970, .T. ) ;
#2539 = VERTEX_POINT ( 'NONE', #8966 ) ;
#2540 = ORIENTED_EDGE ( 'NONE', *, *, #2687, .T. ) ;
#2541 = ORIENTED_EDGE ( 'NONE', *, *, #2542, .F. ) ;
#2542 = EDGE_CURVE ( 'NONE', #2516, #2685, #8964, .T. ) ;
#2543 = ORIENTED_EDGE ( 'NONE', *, *, #2433, .T. ) ;
#2544 = ORIENTED_EDGE ( 'NONE', *, *, #2498, .T. ) ;
#2545 = ADVANCED_FACE ( 'NONE', ( #8960 ), #8998, .F. ) ;
#2546 = EDGE_LOOP ( 'NONE', ( #2547, #2468, #2469, #2470 ) ) ;
#2547 = ORIENTED_EDGE ( 'NONE', *, *, #505, .F. ) ;
#2548 = EDGE_LOOP ( 'NONE', ( #2549, #2550, #2552, #2553 ) ) ;
#2549 = ORIENTED_EDGE ( 'NONE', *, *, #277, .T. ) ;
#2550 = ORIENTED_EDGE ( 'NONE', *, *, #2551, .T. ) ;
#2551 = EDGE_CURVE ( 'NONE', #275, #625, #8993, .T. ) ;
#2552 = ORIENTED_EDGE ( 'NONE', *, *, #624, .F. ) ;
#2553 = ORIENTED_EDGE ( 'NONE', *, *, #2554, .F. ) ;
#2554 = EDGE_CURVE ( 'NONE', #278, #621, #8989, .T. ) ;
#2555 = ADVANCED_FACE ( 'NONE', ( #8985 ), #8984, .T. ) ;
#2556 = EDGE_LOOP ( 'NONE', ( #2557, #2610, #2612, #2613 ) ) ;
#2557 = ORIENTED_EDGE ( 'NONE', *, *, #274, .T. ) ;
#2558 = ORIENTED_EDGE ( 'NONE', *, *, #2573, .T. ) ;
#2559 = ADVANCED_FACE ( 'NONE', ( #9039 ), #9038, .T. ) ;
#2560 = ORIENTED_EDGE ( 'NONE', *, *, #267, .T. ) ;
#2561 = ORIENTED_EDGE ( 'NONE', *, *, #453, .T. ) ;
#2562 = ORIENTED_EDGE ( 'NONE', *, *, #663, .F. ) ;
#2563 = ORIENTED_EDGE ( 'NONE', *, *, #2564, .F. ) ;
#2564 = EDGE_CURVE ( 'NONE', #268, #661, #9033, .T. ) ;
#2565 = ADVANCED_FACE ( 'NONE', ( #9029 ), #9027, .T. ) ;
#2566 = EDGE_LOOP ( 'NONE', ( #2567, #2568, #2569, #2621 ) ) ;
#2567 = ORIENTED_EDGE ( 'NONE', *, *, #270, .T. ) ;
#2568 = ORIENTED_EDGE ( 'NONE', *, *, #2564, .T. ) ;
#2569 = ORIENTED_EDGE ( 'NONE', *, *, #660, .F. ) ;
#2570 = ADVANCED_FACE ( 'NONE', ( #9022 ), #9067, .F. ) ;
#2571 = ORIENTED_EDGE ( 'NONE', *, *, #2514, .T. ) ;
#2572 = ORIENTED_EDGE ( 'NONE', *, *, #2573, .F. ) ;
#2573 = EDGE_CURVE ( 'NONE', #2525, #2512, #9061, .T. ) ;
#2574 = ORIENTED_EDGE ( 'NONE', *, *, #2524, .F. ) ;
#2575 = ORIENTED_EDGE ( 'NONE', *, *, #2534, .T. ) ;
#2576 = ADVANCED_FACE ( 'NONE', ( #9057 ), #9094, .F. ) ;
#2577 = EDGE_LOOP ( 'NONE', ( #2578, #2579, #2580, #2558 ) ) ;
#2578 = ORIENTED_EDGE ( 'NONE', *, *, #2511, .T. ) ;
#2579 = ORIENTED_EDGE ( 'NONE', *, *, #2518, .F. ) ;
#2580 = ORIENTED_EDGE ( 'NONE', *, *, #2527, .F. ) ;
#2581 = EDGE_LOOP ( 'NONE', ( #2560, #2561, #2562, #2563 ) ) ;
#2582 = ORIENTED_EDGE ( 'NONE', *, *, #2684, .F. ) ;
#2583 = ADVANCED_FACE ( 'NONE', ( #9088 ), #9073, .F. ) ;
#2584 = EDGE_LOOP ( 'NONE', ( #2506, #2507, #2508, #2509, #2510, #2513 ) ) ;
#2585 = ORIENTED_EDGE ( 'NONE', *, *, #286, .T. ) ;
#2586 = ORIENTED_EDGE ( 'NONE', *, *, #2601, .F. ) ;
#2587 = ADVANCED_FACE ( 'NONE', ( #9128 ), #9127, .T. ) ;
#2588 = EDGE_LOOP ( 'NONE', ( #2589, #2590, #2591, #2592 ) ) ;
#2589 = ORIENTED_EDGE ( 'NONE', *, *, #280, .T. ) ;
#2590 = ORIENTED_EDGE ( 'NONE', *, *, #2554, .T. ) ;
#2591 = ORIENTED_EDGE ( 'NONE', *, *, #620, .F. ) ;
#2592 = ORIENTED_EDGE ( 'NONE', *, *, #222, .F. ) ;
#2593 = ADVANCED_FACE ( 'NONE', ( #9122 ), #9121, .T. ) ;
#2594 = EDGE_LOOP ( 'NONE', ( #2595, #2596, #2653, #2654 ) ) ;
#2595 = ORIENTED_EDGE ( 'NONE', *, *, #204, .T. ) ;
#2596 = ORIENTED_EDGE ( 'NONE', *, *, #229, .T. ) ;
#2597 = ADVANCED_FACE ( 'NONE', ( #9116 ), #9115, .T. ) ;
#2598 = EDGE_LOOP ( 'NONE', ( #2599, #2600, #2602, #2603 ) ) ;
#2599 = ORIENTED_EDGE ( 'NONE', *, *, #210, .T. ) ;
#2600 = ORIENTED_EDGE ( 'NONE', *, *, #2601, .T. ) ;
#2601 = EDGE_CURVE ( 'NONE', #208, #685, #9110, .T. ) ;
#2602 = ORIENTED_EDGE ( 'NONE', *, *, #684, .F. ) ;
#2603 = ORIENTED_EDGE ( 'NONE', *, *, #2618, .F. ) ;
#2604 = ADVANCED_FACE ( 'NONE', ( #9106 ), #9105, .T. ) ;
#2605 = EDGE_LOOP ( 'NONE', ( #2606, #2607, #2609, #2586 ) ) ;
#2606 = ORIENTED_EDGE ( 'NONE', *, *, #207, .T. ) ;
#2607 = ORIENTED_EDGE ( 'NONE', *, *, #2608, .T. ) ;
#2608 = EDGE_CURVE ( 'NONE', #205, #690, #9100, .T. ) ;
#2609 = ORIENTED_EDGE ( 'NONE', *, *, #689, .F. ) ;
#2610 = ORIENTED_EDGE ( 'NONE', *, *, #2611, .T. ) ;
#2611 = EDGE_CURVE ( 'NONE', #214, #678, #9163, .T. ) ;
#2612 = ORIENTED_EDGE ( 'NONE', *, *, #677, .F. ) ;
#2613 = ORIENTED_EDGE ( 'NONE', *, *, #2551, .F. ) ;
#2614 = ADVANCED_FACE ( 'NONE', ( #9159 ), #9158, .T. ) ;
#2615 = EDGE_LOOP ( 'NONE', ( #2616, #2617, #2619, #2620 ) ) ;
#2616 = ORIENTED_EDGE ( 'NONE', *, *, #213, .T. ) ;
#2617 = ORIENTED_EDGE ( 'NONE', *, *, #2618, .T. ) ;
#2618 = EDGE_CURVE ( 'NONE', #211, #682, #9153, .T. ) ;
#2619 = ORIENTED_EDGE ( 'NONE', *, *, #681, .F. ) ;
#2620 = ORIENTED_EDGE ( 'NONE', *, *, #2611, .F. ) ;
#2621 = ORIENTED_EDGE ( 'NONE', *, *, #236, .F. ) ;
#2622 = ADVANCED_FACE ( 'NONE', ( #9149 ), #9148, .T. ) ;
#2623 = EDGE_CURVE ( 'NONE', #182, #164, #9143, .T. ) ;
#2624 = ORIENTED_EDGE ( 'NONE', *, *, #181, .F. ) ;
#2625 = ORIENTED_EDGE ( 'NONE', *, *, #2623, .F. ) ;
#2626 = ORIENTED_EDGE ( 'NONE', *, *, #191, .T. ) ;
#2627 = ORIENTED_EDGE ( 'NONE', *, *, #2639, .F. ) ;
#2628 = EDGE_LOOP ( 'NONE', ( #2635, #2645, #2644, #2641, #2640, #2703 ) ) ;
#2629 = ORIENTED_EDGE ( 'NONE', *, *, #162, .F. ) ;
#2630 = ORIENTED_EDGE ( 'NONE', *, *, #2631, .F. ) ;
#2631 = EDGE_CURVE ( 'NONE', #1002, #179, #9139, .T. ) ;
#2632 = ADVANCED_FACE ( 'NONE', ( #9135 ), #9134, .F. ) ;
#2633 = EDGE_LOOP ( 'NONE', ( #2634, #2637, #2626, #2627 ) ) ;
#2634 = ORIENTED_EDGE ( 'NONE', *, *, #946, .F. ) ;
#2635 = ORIENTED_EDGE ( 'NONE', *, *, #2013, .F. ) ;
#2636 = ADVANCED_FACE ( 'NONE', ( #9133 ), #9191, .F. ) ;
#2637 = ORIENTED_EDGE ( 'NONE', *, *, #2638, .T. ) ;
#2638 = EDGE_CURVE ( 'NONE', #739, #192, #9186, .T. ) ;
#2639 = EDGE_CURVE ( 'NONE', #944, #190, #9182, .T. ) ;
#2640 = ORIENTED_EDGE ( 'NONE', *, *, #2642, .F. ) ;
#2641 = ORIENTED_EDGE ( 'NONE', *, *, #294, .T. ) ;
#2642 = EDGE_CURVE ( 'NONE', #847, #292, #9178, .T. ) ;
#2643 = EDGE_CURVE ( 'NONE', #295, #1912, #9174, .T. ) ;
#2644 = ORIENTED_EDGE ( 'NONE', *, *, #2643, .F. ) ;
#2645 = ORIENTED_EDGE ( 'NONE', *, *, #1914, .T. ) ;
#2646 = EDGE_CURVE ( 'NONE', #2648, #327, #9170, .T. ) ;
#2647 = ORIENTED_EDGE ( 'NONE', *, *, #2646, .F. ) ;
#2648 = VERTEX_POINT ( 'NONE', #9166 ) ;
#2649 = CLOSED_SHELL ( 'NONE', ( #2604, #2597, #434, #133, #2593, #2614, #947, #2212, #2206, #2477, #1289, #1552, #2409, #2545, #1341, #1690, #2079, #2222, #2415, #2565, #2655, #443, #964, #1696, #2342, #2289, #2367, #388, #1745, #2662, #1620, #2278, #2559, #1019, #1353, #1495, #1569, #2091, #2348, #456, #952, #1283, #1628, #2162, #1361, #1498, #2073, #2587, #1428, #1764, #215, #1241, #226, #2622, #1371, #1775, #2083, #2485, #1560, #1221, #1489, #1541, #2555, #1756, #2297, #2494, #377, #719, #709, #664, #695, #749, #359, #2632, #125, #2679, #937, #1992, #2047, #673, #87, #2636, #733, #761, #703, #1937, #387, #970, #2176, #2426, #1227, #1505, #2379, #1300, #1634, #1838, #129, #365, #426, #35, #400, #407, #357, #2704, #419, #2303, #1709, #1435, #2057, #1256, #240, #734, #1209, #253, #1926, #840, #2735, #185, #911, #860, #928, #2068, #920, #872, #1955, #936, #821, #1966, #1908, #1864, #1875, #1105, #1118, #1918, #1979, #1820, #788, #779, #853, #831, #1476, #1581, #1735, #2347, #992, #2583, #1220, #1003, #1262, #2381, #2471, #1268, #1347, #1798, #2109, #2140, #2250, #2120, #1328, #1382, #1596, #1751, #1203, #1075, #1547, #1783, #1533, #2265, #2192, #2388, #1397, #2316, #2394, #1068, #1056, #1670, #2455, #1470, #1676, #2519, #1194, #1249, #1186, #1152, #1170, #1815, #1460, #1412, #796, #2330, #980, #767, #2405, #1660, #1134, #1612, #2203, #2535, #2125, #1279, #2017, #879, #1081, #1098, #1177, #1112, #1520, #1648, #1655, #1703, #1721, #2312, #1025, #1043, #2576, #2570, #1102, #1378, #1314, #2373, #1449, #1852, #1776, #2187, #2170, #2236, #2243, #1456, #1031, #1499, #2448, #2441 ) ) ;
#2650 = ORIENTED_EDGE ( 'NONE', *, *, #218, .T. ) ;
#2651 = ORIENTED_EDGE ( 'NONE', *, *, #614, .F. ) ;
#2652 = ORIENTED_EDGE ( 'NONE', *, *, #2659, .F. ) ;
#2653 = ORIENTED_EDGE ( 'NONE', *, *, #605, .F. ) ;
#2654 = ORIENTED_EDGE ( 'NONE', *, *, #2608, .F. ) ;
#2655 = ADVANCED_FACE ( 'NONE', ( #9165 ), #9164, .T. ) ;
#2656 = EDGE_LOOP ( 'NONE', ( #2657, #2658, #2660, #2661 ) ) ;
#2657 = ORIENTED_EDGE ( 'NONE', *, *, #136, .T. ) ;
#2658 = ORIENTED_EDGE ( 'NONE', *, *, #2659, .T. ) ;
#2659 = EDGE_CURVE ( 'NONE', #138, #612, #9220, .T. ) ;
#2660 = ORIENTED_EDGE ( 'NONE', *, *, #611, .F. ) ;
#2661 = ORIENTED_EDGE ( 'NONE', *, *, #460, .F. ) ;
#2662 = ADVANCED_FACE ( 'NONE', ( #9216 ), #9215, .T. ) ;
#2663 = ORIENTED_EDGE ( 'NONE', *, *, #2737, .F. ) ;
#2664 = ORIENTED_EDGE ( 'NONE', *, *, #2676, .F. ) ;
#2665 = ORIENTED_EDGE ( 'NONE', *, *, #2674, .F. ) ;
#2666 = EDGE_CURVE ( 'NONE', #2671, #2682, #9210, .T. ) ;
#2667 = VERTEX_POINT ( 'NONE', #9206 ) ;
#2668 = ORIENTED_EDGE ( 'NONE', *, *, #2666, .T. ) ;
#2669 = VERTEX_POINT ( 'NONE', #9205 ) ;
#2670 = EDGE_CURVE ( 'NONE', #2682, #2675, #9204, .T. ) ;
#2671 = VERTEX_POINT ( 'NONE', #9200 ) ;
#2672 = ORIENTED_EDGE ( 'NONE', *, *, #2666, .F. ) ;
#2673 = ORIENTED_EDGE ( 'NONE', *, *, #143, .F. ) ;
#2674 = EDGE_CURVE ( 'NONE', #2695, #2669, #9199, .T. ) ;
#2675 = VERTEX_POINT ( 'NONE', #9195 ) ;
#2676 = EDGE_CURVE ( 'NONE', #2667, #2671, #9194, .T. ) ;
#2677 = VERTEX_POINT ( 'NONE', #9255 ) ;
#2678 = EDGE_CURVE ( 'NONE', #2677, #2693, #9254, .T. ) ;
#2679 = ADVANCED_FACE ( 'NONE', ( #9250 ), #9249, .F. ) ;
#2680 = EDGE_LOOP ( 'NONE', ( #2673, #2738, #2668, #2699 ) ) ;
#2681 = EDGE_CURVE ( 'NONE', #2675, #2695, #9244, .T. ) ;
#2682 = VERTEX_POINT ( 'NONE', #9240 ) ;
#2683 = ORIENTED_EDGE ( 'NONE', *, *, #2684, .T. ) ;
#2684 = EDGE_CURVE ( 'NONE', #2030, #2685, #9239, .T. ) ;
#2685 = VERTEX_POINT ( 'NONE', #9235 ) ;
#2686 = ORIENTED_EDGE ( 'NONE', *, *, #2687, .F. ) ;
#2687 = EDGE_CURVE ( 'NONE', #2688, #2685, #9234, .T. ) ;
#2688 = VERTEX_POINT ( 'NONE', #9230 ) ;
#2689 = ORIENTED_EDGE ( 'NONE', *, *, #2690, .F. ) ;
#2690 = EDGE_CURVE ( 'NONE', #2691, #2731, #9229, .T. ) ;
#2691 = VERTEX_POINT ( 'NONE', #9225 ) ;
#2692 = EDGE_CURVE ( 'NONE', #2693, #2731, #9289, .T. ) ;
#2693 = VERTEX_POINT ( 'NONE', #9285 ) ;
#2694 = EDGE_CURVE ( 'NONE', #2669, #2691, #9284, .T. ) ;
#2695 = VERTEX_POINT ( 'NONE', #9280 ) ;
#2696 = ORIENTED_EDGE ( 'NONE', *, *, #2694, .F. ) ;
#2697 = ORIENTED_EDGE ( 'NONE', *, *, #2670, .F. ) ;
#2698 = EDGE_CURVE ( 'NONE', #140, #2671, #9279, .T. ) ;
#2699 = ORIENTED_EDGE ( 'NONE', *, *, #2700, .T. ) ;
#2700 = EDGE_CURVE ( 'NONE', #2682, #144, #9275, .T. ) ;
#2701 = ORIENTED_EDGE ( 'NONE', *, *, #2036, .T. ) ;
#2702 = EDGE_LOOP ( 'NONE', ( #2705, #2689, #2696, #2665, #2739, #2697, #2672, #2664, #2663, #2732 ) ) ;
#2703 = ORIENTED_EDGE ( 'NONE', *, *, #748, .F. ) ;
#2704 = ADVANCED_FACE ( 'NONE', ( #9271 ), #9270, .F. ) ;
#2705 = ORIENTED_EDGE ( 'NONE', *, *, #2692, .T. ) ;
#2706 = ORIENTED_EDGE ( 'NONE', *, *, #2054, .F. ) ;
#2707 = DIRECTION ( 'NONE',  ( 0.0000000000000000000, 1.000000000000000000, 0.0000000000000000000 ) ) ;
#2708 = VECTOR ( 'NONE', #2707, 1000.000000000000000 ) ;
#2709 = CARTESIAN_POINT ( 'NONE',  ( 14.00000000000000000, -8.900000000000000400, 0.0000000000000000000 ) ) ;
#2710 = LINE ( 'NONE', #2709, #2708 ) ;
#2711 = DIRECTION ( 'NONE',  ( 1.000000000000000000, 0.0000000000000000000, 0.0000000000000000000 ) ) ;
#2712 = VECTOR ( 'NONE', #2711, 1000.000000000000000 ) ;
#2713 = CARTESIAN_POINT ( 'NONE',  ( 14.00000000000000000, -8.199999999999995700, 0.0000000000000000000 ) ) ;
#2714 = LINE ( 'NONE', #2713, #2712 ) ;
#2715 = CARTESIAN_POINT ( 'NONE',  ( 11.25000000000000000, -8.199999999999995700, 0.0000000000000000000 ) ) ;
#2716 = CARTESIAN_POINT ( 'NONE',  ( 10.75000000000000000, -8.199999999999995700, -1.355252715606880500E-017 ) ) ;
#2717 = DIRECTION ( 'NONE',  ( 0.0000000000000000000, 1.000000000000000000, 0.0000000000000000000 ) ) ;
#2718 = VECTOR ( 'NONE', #2717, 1000.000000000000000 ) ;
#2719 = CARTESIAN_POINT ( 'NONE',  ( 10.75000000000000000, -8.900000000000000400, 0.0000000000000000000 ) ) ;
#2720 = LINE ( 'NONE', #2719, #2718 ) ;
#2721 = CARTESIAN_POINT ( 'NONE',  ( 9.250000000000000000, -8.199999999999994000, 0.0000000000000000000 ) ) ;
#2722 = DIRECTION ( 'NONE',  ( 0.0000000000000000000, -1.000000000000000000, 0.0000000000000000000 ) ) ;
#2723 = VECTOR ( 'NONE', #2722, 1000.000000000000000 ) ;
#2724 = CARTESIAN_POINT ( 'NONE',  ( 11.00000000000000000, -3.465635981317327900E-015, 0.0000000000000000000 ) ) ;
#2725 = LINE ( 'NONE', #2724, #2723 ) ;
#2726 = CARTESIAN_POINT ( 'NONE',  ( 11.00000000000000000, -3.465635981317327900E-015, 0.0000000000000000000 ) ) ;
#2727 = ORIENTED_EDGE ( 'NONE', *, *, #2728, .F. ) ;
#2728 = EDGE_CURVE ( 'NONE', #2729, #336, #9265, .T. ) ;
#2729 = VERTEX_POINT ( 'NONE', #9261 ) ;
#2730 = ORIENTED_EDGE ( 'NONE', *, *, #982, .T. ) ;
#2731 = VERTEX_POINT ( 'NONE', #9260 ) ;
#2732 = ORIENTED_EDGE ( 'NONE', *, *, #2678, .T. ) ;
#2733 = ORIENTED_EDGE ( 'NONE', *, *, #2734, .F. ) ;
#2734 = EDGE_CURVE ( 'NONE', #979, #2688, #9259, .T. ) ;
#2735 = ADVANCED_FACE ( 'NONE', ( #9319 ), #9318, .F. ) ;
#2736 = EDGE_LOOP ( 'NONE', ( #2701, #2683, #2686, #2733, #257, #256, #7981, #7989, #7224, #7221, #7214, #7218, #7215, #9478, #9473, #9467, #7227, #6, #3, #9490, #9486, #9483, #9480, #19, #18, #16, #11, #5, #8, #57, #54, #29, #25, #26, #22, #41, #43, #45, #48, #51, #52, #56, #9493, #78, #79, #81, #77, #9503, #9502, #9506, #9500, #9496, #9495, #7183, #7177, #7179, #9508, #9509, #9501, #7206, #7202, #7201, #7198, #7195, #7192, #33, #36, #37 ) ) ;
#2737 = EDGE_CURVE ( 'NONE', #2677, #2667, #9313, .T. ) ;
#2738 = ORIENTED_EDGE ( 'NONE', *, *, #2698, .T. ) ;
#2739 = ORIENTED_EDGE ( 'NONE', *, *, #2681, .F. ) ;
#2740 = FACE_OUTER_BOUND ( 'NONE', #31, .T. ) ;
#2741 = CARTESIAN_POINT ( 'NONE',  ( 13.30000000000000100, -3.465635981317327900E-015, 2.250000000000000400 ) ) ;
#2742 = DIRECTION ( 'NONE',  ( 0.0000000000000000000, 1.000000000000000000, 0.0000000000000000000 ) ) ;
#2743 = VECTOR ( 'NONE', #2742, 1000.000000000000000 ) ;
#2744 = CARTESIAN_POINT ( 'NONE',  ( -8.749999999999998200, -8.900000000000000400, 0.0000000000000000000 ) ) ;
#2745 = LINE ( 'NONE', #2744, #2743 ) ;
#2746 = DIRECTION ( 'NONE',  ( 1.000000000000000000, 0.0000000000000000000, 0.0000000000000000000 ) ) ;
#2747 = VECTOR ( 'NONE', #2746, 1000.000000000000000 ) ;
#2748 = CARTESIAN_POINT ( 'NONE',  ( 14.00000000000000000, -8.199999999999983300, 0.0000000000000000000 ) ) ;
#2749 = LINE ( 'NONE', #2748, #2747 ) ;
#2750 = DIRECTION ( 'NONE',  ( 0.0000000000000000000, 1.000000000000000000, 0.0000000000000000000 ) ) ;
#2751 = VECTOR ( 'NONE', #2750, 1000.000000000000000 ) ;
#2752 = CARTESIAN_POINT ( 'NONE',  ( 8.749999999999998200, -8.900000000000000400, 0.0000000000000000000 ) ) ;
#2753 = LINE ( 'NONE', #2752, #2751 ) ;
#2754 = DIRECTION ( 'NONE',  ( 0.0000000000000000000, 1.000000000000000000, 0.0000000000000000000 ) ) ;
#2755 = VECTOR ( 'NONE', #2754, 1000.000000000000000 ) ;
#2756 = CARTESIAN_POINT ( 'NONE',  ( 7.249999999999999100, -8.900000000000000400, 0.0000000000000000000 ) ) ;
#2757 = LINE ( 'NONE', #2756, #2755 ) ;
#2758 = DIRECTION ( 'NONE',  ( 1.000000000000000000, 0.0000000000000000000, 0.0000000000000000000 ) ) ;
#2759 = VECTOR ( 'NONE', #2758, 1000.000000000000000 ) ;
#2760 = CARTESIAN_POINT ( 'NONE',  ( 14.00000000000000000, -8.199999999999992200, 0.0000000000000000000 ) ) ;
#2761 = LINE ( 'NONE', #2760, #2759 ) ;
#2762 = CARTESIAN_POINT ( 'NONE',  ( 7.249999999999999100, -8.199999999999992200, 0.0000000000000000000 ) ) ;
#2763 = CARTESIAN_POINT ( 'NONE',  ( 6.749999999999999100, -8.199999999999992200, -6.776263578034402700E-018 ) ) ;
#2764 = DIRECTION ( 'NONE',  ( -1.000000000000000000, 0.0000000000000000000, 0.0000000000000000000 ) ) ;
#2765 = VECTOR ( 'NONE', #2764, 1000.000000000000000 ) ;
#2766 = CARTESIAN_POINT ( 'NONE',  ( 14.00000000000000000, 0.0000000000000000000, 0.0000000000000000000 ) ) ;
#2767 = LINE ( 'NONE', #2766, #2765 ) ;
#2768 = DIRECTION ( 'NONE',  ( 0.0000000000000000000, 1.000000000000000000, 0.0000000000000000000 ) ) ;
#2769 = VECTOR ( 'NONE', #2768, 1000.000000000000000 ) ;
#2770 = CARTESIAN_POINT ( 'NONE',  ( 11.25000000000000000, -8.900000000000000400, 0.0000000000000000000 ) ) ;
#2771 = LINE ( 'NONE', #2770, #2769 ) ;
#2772 = DIRECTION ( 'NONE',  ( 0.0000000000000000000, 1.000000000000000000, 0.0000000000000000000 ) ) ;
#2773 = VECTOR ( 'NONE', #2772, 1000.000000000000000 ) ;
#2774 = CARTESIAN_POINT ( 'NONE',  ( 9.250000000000000000, -8.900000000000000400, 0.0000000000000000000 ) ) ;
#2775 = LINE ( 'NONE', #2774, #2773 ) ;
#2776 = DIRECTION ( 'NONE',  ( 0.0000000000000000000, 1.000000000000000000, 0.0000000000000000000 ) ) ;
#2777 = VECTOR ( 'NONE', #2776, 1000.000000000000000 ) ;
#2778 = CARTESIAN_POINT ( 'NONE',  ( 4.749999999999999100, -8.900000000000000400, 0.0000000000000000000 ) ) ;
#2779 = LINE ( 'NONE', #2778, #2777 ) ;
#2780 = CARTESIAN_POINT ( 'NONE',  ( 4.749999999999999100, -8.199999999999992200, -2.032879073410320800E-017 ) ) ;
#2781 = DIRECTION ( 'NONE',  ( 1.000000000000000000, 0.0000000000000000000, 0.0000000000000000000 ) ) ;
#2782 = VECTOR ( 'NONE', #2781, 1000.000000000000000 ) ;
#2783 = CARTESIAN_POINT ( 'NONE',  ( 14.00000000000000000, -8.199999999999992200, 0.0000000000000000000 ) ) ;
#2784 = LINE ( 'NONE', #2783, #2782 ) ;
#2785 = CARTESIAN_POINT ( 'NONE',  ( 5.249999999999999100, -8.199999999999992200, 0.0000000000000000000 ) ) ;
#2786 = DIRECTION ( 'NONE',  ( 0.0000000000000000000, 1.000000000000000000, 0.0000000000000000000 ) ) ;
#2787 = VECTOR ( 'NONE', #2786, 1000.000000000000000 ) ;
#2788 = CARTESIAN_POINT ( 'NONE',  ( 5.249999999999999100, -8.900000000000000400, 0.0000000000000000000 ) ) ;
#2789 = LINE ( 'NONE', #2788, #2787 ) ;
#2790 = DIRECTION ( 'NONE',  ( 0.0000000000000000000, 1.000000000000000000, 0.0000000000000000000 ) ) ;
#2791 = VECTOR ( 'NONE', #2790, 1000.000000000000000 ) ;
#2792 = CARTESIAN_POINT ( 'NONE',  ( 6.749999999999999100, -8.900000000000000400, 0.0000000000000000000 ) ) ;
#2793 = LINE ( 'NONE', #2792, #2791 ) ;
#2794 = CARTESIAN_POINT ( 'NONE',  ( 0.7499999999999990000, -8.199999999999990400, 0.0000000000000000000 ) ) ;
#2795 = DIRECTION ( 'NONE',  ( 0.0000000000000000000, 1.000000000000000000, 0.0000000000000000000 ) ) ;
#2796 = VECTOR ( 'NONE', #2795, 1000.000000000000000 ) ;
#2797 = CARTESIAN_POINT ( 'NONE',  ( -9.250000000000000000, -8.900000000000000400, 0.0000000000000000000 ) ) ;
#2798 = LINE ( 'NONE', #2797, #2796 ) ;
#2799 = CARTESIAN_POINT ( 'NONE',  ( -9.250000000000001800, -8.199999999999983300, 0.0000000000000000000 ) ) ;
#2800 = DIRECTION ( 'NONE',  ( 0.0000000000000000000, 1.224606353822377300E-016, -1.000000000000000000 ) ) ;
#2801 = DIRECTION ( 'NONE',  ( 0.0000000000000000000, -1.000000000000000000, -1.224606353822377300E-016 ) ) ;
#2802 = CARTESIAN_POINT ( 'NONE',  ( 14.00000000000000000, 0.0000000000000000000, 0.0000000000000000000 ) ) ;
#2803 = AXIS2_PLACEMENT_3D ( 'NONE', #2802, #2801, #2800 ) ;
#2804 = PLANE ( 'NONE',  #2803 ) ;
#2805 = CARTESIAN_POINT ( 'NONE',  ( 2.749999999999999100, -8.199999999999990400, 6.776263578034402700E-018 ) ) ;
#2806 = DIRECTION ( 'NONE',  ( 0.0000000000000000000, -1.224606353822377300E-016, 1.000000000000000000 ) ) ;
#2807 = VECTOR ( 'NONE', #2806, 1000.000000000000000 ) ;
#2808 = CARTESIAN_POINT ( 'NONE',  ( 12.44999999999999900, 4.248706781612076000E-031, -3.469446951953614200E-015 ) ) ;
#2809 = LINE ( 'NONE', #2808, #2807 ) ;
#2810 = DIRECTION ( 'NONE',  ( 0.0000000000000000000, 0.0000000000000000000, -1.000000000000000000 ) ) ;
#2811 = VECTOR ( 'NONE', #2810, 1000.000000000000000 ) ;
#2812 = CARTESIAN_POINT ( 'NONE',  ( 11.00000000000000000, -3.465635981317327900E-015, 5.700000000000000200 ) ) ;
#2813 = LINE ( 'NONE', #2812, #2811 ) ;
#2814 = CARTESIAN_POINT ( 'NONE',  ( 11.00000000000000000, -1.347066989204611300E-016, 1.099999999999997000 ) ) ;
#2815 = DIRECTION ( 'NONE',  ( -1.000000000000000000, 0.0000000000000000000, 0.0000000000000000000 ) ) ;
#2816 = VECTOR ( 'NONE', #2815, 1000.000000000000000 ) ;
#2817 = CARTESIAN_POINT ( 'NONE',  ( 12.20000000000000100, -1.347066989204611300E-016, 1.099999999999997000 ) ) ;
#2818 = LINE ( 'NONE', #2817, #2816 ) ;
#2819 = CARTESIAN_POINT ( 'NONE',  ( 12.20000000000000100, -1.347066989204611300E-016, 1.099999999999997000 ) ) ;
#2820 = DIRECTION ( 'NONE',  ( 0.0000000000000000000, 1.224606353822377000E-016, -1.000000000000000000 ) ) ;
#2821 = VECTOR ( 'NONE', #2820, 1000.000000000000000 ) ;
#2822 = CARTESIAN_POINT ( 'NONE',  ( 12.20000000000000100, -4.775964779907267600E-016, 3.899999999999997200 ) ) ;
#2823 = LINE ( 'NONE', #2822, #2821 ) ;
#2824 = DIRECTION ( 'NONE',  ( -1.000000000000000000, 0.0000000000000000000, 0.0000000000000000000 ) ) ;
#2825 = VECTOR ( 'NONE', #2824, 1000.000000000000000 ) ;
#2826 = CARTESIAN_POINT ( 'NONE',  ( 14.00000000000000000, -2.755364296100349300E-016, 2.250000000000000400 ) ) ;
#2827 = LINE ( 'NONE', #2826, #2825 ) ;
#2828 = CARTESIAN_POINT ( 'NONE',  ( 12.20000000000000100, -2.755364296100349300E-016, 2.250000000000000400 ) ) ;
#2829 = DIRECTION ( 'NONE',  ( 1.000000000000000000, 0.0000000000000000000, 0.0000000000000000000 ) ) ;
#2830 = VECTOR ( 'NONE', #2829, 1000.000000000000000 ) ;
#2831 = CARTESIAN_POINT ( 'NONE',  ( 14.00000000000000000, -8.199999999999994000, 0.0000000000000000000 ) ) ;
#2832 = LINE ( 'NONE', #2831, #2830 ) ;
#2833 = CARTESIAN_POINT ( 'NONE',  ( 8.749999999999998200, -8.199999999999994000, 1.355252715606880500E-017 ) ) ;
#2834 = CARTESIAN_POINT ( 'NONE',  ( -2.750000000000000900, -8.900000000000000400, 0.0000000000000000000 ) ) ;
#2835 = CARTESIAN_POINT ( 'NONE',  ( -1.250000000000001100, -8.900000000000000400, 0.0000000000000000000 ) ) ;
#2836 = DIRECTION ( 'NONE',  ( 1.000000000000000000, 0.0000000000000000000, 0.0000000000000000000 ) ) ;
#2837 = VECTOR ( 'NONE', #2836, 1000.000000000000000 ) ;
#2838 = CARTESIAN_POINT ( 'NONE',  ( 14.00000000000000000, -1.800000000000000700, 1.099999999999996800 ) ) ;
#2839 = LINE ( 'NONE', #2838, #2837 ) ;
#2840 = CARTESIAN_POINT ( 'NONE',  ( 7.000000000000000000, -1.800000000000002500, 1.099999999999997600 ) ) ;
#2841 = DIRECTION ( 'NONE',  ( 0.0000000000000000000, 0.0000000000000000000, -1.000000000000000000 ) ) ;
#2842 = VECTOR ( 'NONE', #2841, 1000.000000000000000 ) ;
#2843 = CARTESIAN_POINT ( 'NONE',  ( 7.000000000000000000, -1.800000000000002500, 5.700000000000000200 ) ) ;
#2844 = LINE ( 'NONE', #2843, #2842 ) ;
#2845 = DIRECTION ( 'NONE',  ( 0.0000000000000000000, 1.000000000000000000, 1.221636250687892700E-016 ) ) ;
#2846 = DIRECTION ( 'NONE',  ( 0.0000000000000000000, 1.221636250687892700E-016, -1.000000000000000000 ) ) ;
#2847 = CARTESIAN_POINT ( 'NONE',  ( 14.00000000000000000, -1.800000000000001200, 5.700000000000000200 ) ) ;
#2848 = AXIS2_PLACEMENT_3D ( 'NONE', #2847, #2846, #2845 ) ;
#2849 = PLANE ( 'NONE',  #2848 ) ;
#2850 = FACE_OUTER_BOUND ( 'NONE', #111, .T. ) ;
#2851 = DIRECTION ( 'NONE',  ( 0.0000000000000000000, 0.0000000000000000000, -1.000000000000000000 ) ) ;
#2852 = VECTOR ( 'NONE', #2851, 1000.000000000000000 ) ;
#2853 = CARTESIAN_POINT ( 'NONE',  ( -0.7500000000000006700, -8.900000000000000400, 5.699999999999999300 ) ) ;
#2854 = LINE ( 'NONE', #2853, #2852 ) ;
#2855 = CARTESIAN_POINT ( 'NONE',  ( -0.7500000000000006700, -8.900000000000000400, 0.0000000000000000000 ) ) ;
#2856 = DIRECTION ( 'NONE',  ( 1.000000000000000000, 0.0000000000000000000, 0.0000000000000000000 ) ) ;
#2857 = VECTOR ( 'NONE', #2856, 1000.000000000000000 ) ;
#2858 = CARTESIAN_POINT ( 'NONE',  ( 14.00000000000000000, -8.199999999999990400, 0.0000000000000000000 ) ) ;
#2859 = LINE ( 'NONE', #2858, #2857 ) ;
#2860 = CARTESIAN_POINT ( 'NONE',  ( 1.249999999999999300, -8.199999999999990400, 0.0000000000000000000 ) ) ;
#2861 = DIRECTION ( 'NONE',  ( 0.0000000000000000000, 1.000000000000000000, 0.0000000000000000000 ) ) ;
#2862 = VECTOR ( 'NONE', #2861, 1000.000000000000000 ) ;
#2863 = CARTESIAN_POINT ( 'NONE',  ( 2.749999999999999100, -8.900000000000000400, 0.0000000000000000000 ) ) ;
#2864 = LINE ( 'NONE', #2863, #2862 ) ;
#2865 = DIRECTION ( 'NONE',  ( 0.0000000000000000000, 1.000000000000000000, 0.0000000000000000000 ) ) ;
#2866 = VECTOR ( 'NONE', #2865, 1000.000000000000000 ) ;
#2867 = CARTESIAN_POINT ( 'NONE',  ( 1.249999999999999300, -8.900000000000000400, 0.0000000000000000000 ) ) ;
#2868 = LINE ( 'NONE', #2867, #2866 ) ;
#2869 = CARTESIAN_POINT ( 'NONE',  ( 14.00000000000000000, -2.755364296100349300E-016, 2.250000000000000400 ) ) ;
#2870 = AXIS2_PLACEMENT_3D ( 'NONE', #2869, #110, #115 ) ;
#2871 = PLANE ( 'NONE',  #2870 ) ;
#2872 = DIRECTION ( 'NONE',  ( 0.0000000000000000000, 0.0000000000000000000, -1.000000000000000000 ) ) ;
#2873 = FACE_OUTER_BOUND ( 'NONE', #123, .T. ) ;
#2874 = DIRECTION ( 'NONE',  ( 0.0000000000000000000, -1.000000000000000000, -2.409338161078898700E-016 ) ) ;
#2875 = VECTOR ( 'NONE', #2874, 1000.000000000000000 ) ;
#2876 = CARTESIAN_POINT ( 'NONE',  ( 12.20000000000000100, -2.755364296100349300E-016, 2.250000000000000400 ) ) ;
#2877 = LINE ( 'NONE', #2876, #2875 ) ;
#2878 = CARTESIAN_POINT ( 'NONE',  ( -1.250000000000001100, -8.900000000000000400, 0.4999999999999891800 ) ) ;
#2879 = DIRECTION ( 'NONE',  ( 0.0000000000000000000, 1.000000000000000000, 2.409338161078898700E-016 ) ) ;
#2880 = VECTOR ( 'NONE', #2879, 1000.000000000000000 ) ;
#2881 = CARTESIAN_POINT ( 'NONE',  ( 13.30000000000000100, -2.755364296100349300E-016, 2.250000000000000400 ) ) ;
#2882 = LINE ( 'NONE', #2881, #2880 ) ;
#2883 = DIRECTION ( 'NONE',  ( -1.000000000000000000, 0.0000000000000000000, 0.0000000000000000000 ) ) ;
#2884 = VECTOR ( 'NONE', #2883, 1000.000000000000000 ) ;
#2885 = CARTESIAN_POINT ( 'NONE',  ( 14.00000000000000000, -8.900000000000000400, 0.0000000000000000000 ) ) ;
#2886 = LINE ( 'NONE', #2885, #2884 ) ;
#2887 = DIRECTION ( 'NONE',  ( 0.0000000000000000000, 0.0000000000000000000, -1.000000000000000000 ) ) ;
#2888 = VECTOR ( 'NONE', #2887, 1000.000000000000000 ) ;
#2889 = CARTESIAN_POINT ( 'NONE',  ( -1.250000000000001100, -8.900000000000000400, 5.699999999999999300 ) ) ;
#2890 = LINE ( 'NONE', #2889, #2888 ) ;
#2891 = DIRECTION ( 'NONE',  ( 0.0000000000000000000, 0.0000000000000000000, -1.000000000000000000 ) ) ;
#2892 = VECTOR ( 'NONE', #2891, 1000.000000000000000 ) ;
#2893 = CARTESIAN_POINT ( 'NONE',  ( -6.999999999999999100, -1.800000000000000700, 5.700000000000000200 ) ) ;
#2894 = LINE ( 'NONE', #2893, #2892 ) ;
#2895 = DIRECTION ( 'NONE',  ( -1.000000000000000000, 0.0000000000000000000, 0.0000000000000000000 ) ) ;
#2896 = VECTOR ( 'NONE', #2895, 1000.000000000000000 ) ;
#2897 = CARTESIAN_POINT ( 'NONE',  ( 14.00000000000000000, -8.900000000000000400, 0.4999999999999891800 ) ) ;
#2898 = LINE ( 'NONE', #2897, #2896 ) ;
#2899 = CARTESIAN_POINT ( 'NONE',  ( -2.199999999999999700, -2.750000000000001800, 5.149999999999998600 ) ) ;
#2900 = CARTESIAN_POINT ( 'NONE',  ( -6.999999999999997300, -1.800000000000000700, 1.099999999999996800 ) ) ;
#2901 = DIRECTION ( 'NONE',  ( 0.0000000000000000000, 1.257045997084642900E-016, -1.000000000000000000 ) ) ;
#2902 = VECTOR ( 'NONE', #2901, 1000.000000000000000 ) ;
#2903 = CARTESIAN_POINT ( 'NONE',  ( -12.20000000000000100, -1.800000000000000700, 2.250000000000000000 ) ) ;
#2904 = LINE ( 'NONE', #2903, #2902 ) ;
#2905 = CARTESIAN_POINT ( 'NONE',  ( -12.20000000000000100, -1.800000000000000700, 2.250000000000000000 ) ) ;
#2906 = CARTESIAN_POINT ( 'NONE',  ( -11.40000000000000900, -1.800000000000001200, 4.999999999999997300 ) ) ;
#2907 = CARTESIAN_POINT ( 'NONE',  ( -12.20000000000000100, -1.800000000000001200, 4.999999999999997300 ) ) ;
#2908 = DIRECTION ( 'NONE',  ( 1.000000000000000000, 0.0000000000000000000, 0.0000000000000000000 ) ) ;
#2909 = VECTOR ( 'NONE', #2908, 1000.000000000000000 ) ;
#2910 = CARTESIAN_POINT ( 'NONE',  ( 14.00000000000000000, -1.800000000000001200, 4.999999999999997300 ) ) ;
#2911 = LINE ( 'NONE', #2910, #2909 ) ;
#2912 = DIRECTION ( 'NONE',  ( 0.0000000000000000000, 1.257045997084642900E-016, -1.000000000000000000 ) ) ;
#2913 = DIRECTION ( 'NONE',  ( 0.0000000000000000000, -1.000000000000000000, -1.257045997084642900E-016 ) ) ;
#2914 = CARTESIAN_POINT ( 'NONE',  ( 14.00000000000000000, -1.800000000000000700, 2.250000000000000000 ) ) ;
#2915 = AXIS2_PLACEMENT_3D ( 'NONE', #2914, #2913, #2912 ) ;
#2916 = PLANE ( 'NONE',  #2915 ) ;
#2917 = FACE_OUTER_BOUND ( 'NONE', #134, .T. ) ;
#2918 = DIRECTION ( 'NONE',  ( -1.000000000000000000, 0.0000000000000000000, 0.0000000000000000000 ) ) ;
#2919 = VECTOR ( 'NONE', #2918, 1000.000000000000000 ) ;
#2920 = CARTESIAN_POINT ( 'NONE',  ( 14.00000000000000000, -8.900000000000000400, 0.0000000000000000000 ) ) ;
#2921 = LINE ( 'NONE', #2920, #2919 ) ;
#2922 = CARTESIAN_POINT ( 'NONE',  ( 0.7499999999999988900, -8.900000000000000400, 0.0000000000000000000 ) ) ;
#2923 = DIRECTION ( 'NONE',  ( 0.0000000000000000000, 1.257045997084642900E-016, -1.000000000000000000 ) ) ;
#2924 = DIRECTION ( 'NONE',  ( 0.0000000000000000000, -1.000000000000000000, -1.257045997084642900E-016 ) ) ;
#2925 = CARTESIAN_POINT ( 'NONE',  ( 14.00000000000000000, -1.800000000000000700, 2.250000000000000000 ) ) ;
#2926 = AXIS2_PLACEMENT_3D ( 'NONE', #2925, #2924, #2923 ) ;
#2927 = PLANE ( 'NONE',  #2926 ) ;
#2928 = FACE_OUTER_BOUND ( 'NONE', #1, .T. ) ;
#2929 = DIRECTION ( 'NONE',  ( 0.0000000000000000000, 0.0000000000000000000, -1.000000000000000000 ) ) ;
#2930 = VECTOR ( 'NONE', #2929, 1000.000000000000000 ) ;
#2931 = CARTESIAN_POINT ( 'NONE',  ( 13.30000000000000100, -3.465635981317327900E-015, 5.700000000000000200 ) ) ;
#2932 = LINE ( 'NONE', #2931, #2930 ) ;
#2933 = CARTESIAN_POINT ( 'NONE',  ( -10.85000000000000000, -1.800000000000001200, 5.699999999999998400 ) ) ;
#2934 = CARTESIAN_POINT ( 'NONE',  ( -7.900000000000000400, -1.800000000000001200, 5.699999999999998400 ) ) ;
#2935 = DIRECTION ( 'NONE',  ( 0.0000000000000000000, -1.257045997084642900E-016, 1.000000000000000000 ) ) ;
#2936 = VECTOR ( 'NONE', #2935, 1000.000000000000000 ) ;
#2937 = CARTESIAN_POINT ( 'NONE',  ( -7.900000000000002100, -1.800000000000000700, 2.250000000000000000 ) ) ;
#2938 = LINE ( 'NONE', #2937, #2936 ) ;
#2939 = CARTESIAN_POINT ( 'NONE',  ( -10.85000000000000000, -1.800000000000001200, 4.849999999999998800 ) ) ;
#2940 = DIRECTION ( 'NONE',  ( 0.0000000000000000000, 1.257045997084642900E-016, -1.000000000000000000 ) ) ;
#2941 = VECTOR ( 'NONE', #2940, 1000.000000000000000 ) ;
#2942 = CARTESIAN_POINT ( 'NONE',  ( -10.85000000000000000, -1.800000000000000700, 2.250000000000000000 ) ) ;
#2943 = LINE ( 'NONE', #2942, #2941 ) ;
#2944 = CARTESIAN_POINT ( 'NONE',  ( -7.900000000000000400, -1.800000000000001200, 4.849999999999998800 ) ) ;
#2945 = DIRECTION ( 'NONE',  ( 1.000000000000000000, 0.0000000000000000000, 0.0000000000000000000 ) ) ;
#2946 = VECTOR ( 'NONE', #2945, 1000.000000000000000 ) ;
#2947 = CARTESIAN_POINT ( 'NONE',  ( 14.00000000000000000, -1.800000000000001200, 4.849999999999998800 ) ) ;
#2948 = LINE ( 'NONE', #2947, #2946 ) ;
#2949 = CARTESIAN_POINT ( 'NONE',  ( -5.700000000000000200, -1.800000000000001200, 5.700000000000000200 ) ) ;
#2950 = DIRECTION ( 'NONE',  ( -1.000000000000000000, 0.0000000000000000000, 0.0000000000000000000 ) ) ;
#2951 = VECTOR ( 'NONE', #2950, 1000.000000000000000 ) ;
#2952 = CARTESIAN_POINT ( 'NONE',  ( 14.00000000000000000, -1.800000000000001200, 5.700000000000000200 ) ) ;
#2953 = LINE ( 'NONE', #2952, #2951 ) ;
#2954 = CARTESIAN_POINT ( 'NONE',  ( -13.30000000000000100, -1.800000000000000500, 1.599999999999999900 ) ) ;
#2955 = DIRECTION ( 'NONE',  ( 0.0000000000000000000, 0.0000000000000000000, -1.000000000000000000 ) ) ;
#2956 = VECTOR ( 'NONE', #2955, 1000.000000000000000 ) ;
#2957 = CARTESIAN_POINT ( 'NONE',  ( -13.30000000000000100, -1.800000000000000500, 5.700000000000000200 ) ) ;
#2958 = LINE ( 'NONE', #2957, #2956 ) ;
#2959 = CARTESIAN_POINT ( 'NONE',  ( -13.30000000000000100, -1.800000000000000500, 2.250000000000000000 ) ) ;
#2960 = DIRECTION ( 'NONE',  ( -1.000000000000000000, 0.0000000000000000000, 0.0000000000000000000 ) ) ;
#2961 = VECTOR ( 'NONE', #2960, 1000.000000000000000 ) ;
#2962 = CARTESIAN_POINT ( 'NONE',  ( 14.00000000000000000, -1.800000000000000700, 2.250000000000000000 ) ) ;
#2963 = LINE ( 'NONE', #2962, #2961 ) ;
#2964 = CARTESIAN_POINT ( 'NONE',  ( -14.00000000000000000, -6.100000000000000500, 1.599999999999999400 ) ) ;
#2965 = LINE ( 'NONE', #2964, #3032 ) ;
#2966 = CARTESIAN_POINT ( 'NONE',  ( -14.00000000000000000, -6.100000000000000500, 1.599999999999999400 ) ) ;
#2967 = DIRECTION ( 'NONE',  ( 0.0000000000000000000, -1.224606353822377500E-016, 1.000000000000000000 ) ) ;
#2968 = VECTOR ( 'NONE', #2967, 1000.000000000000000 ) ;
#2969 = CARTESIAN_POINT ( 'NONE',  ( -14.00000000000000000, -6.100000000000000500, -5.265807321436217700E-016 ) ) ;
#2970 = LINE ( 'NONE', #2969, #2968 ) ;
#2971 = CARTESIAN_POINT ( 'NONE',  ( -14.00000000000000000, -6.100000000000000500, -5.265807321436217700E-016 ) ) ;
#2972 = DIRECTION ( 'NONE',  ( -1.000000000000000000, -2.453990272072593400E-032, 2.003901306254803300E-016 ) ) ;
#2973 = VECTOR ( 'NONE', #2972, 1000.000000000000000 ) ;
#2974 = CARTESIAN_POINT ( 'NONE',  ( -14.00000000000000000, -6.100000000000000500, -5.265807321436217700E-016 ) ) ;
#2975 = LINE ( 'NONE', #2974, #2973 ) ;
#2976 = CARTESIAN_POINT ( 'NONE',  ( -13.29999999999999900, -6.100000000000000500, -6.668538235814582700E-016 ) ) ;
#2977 = CARTESIAN_POINT ( 'NONE',  ( -13.29999999999999900, -6.100000000000000500, 1.599999999999999400 ) ) ;
#2978 = DIRECTION ( 'NONE',  ( 0.0000000000000000000, 0.0000000000000000000, -1.000000000000000000 ) ) ;
#2979 = VECTOR ( 'NONE', #2978, 1000.000000000000000 ) ;
#2980 = CARTESIAN_POINT ( 'NONE',  ( -13.29999999999999900, -6.099999999999999600, -0.1000000000000003400 ) ) ;
#2981 = LINE ( 'NONE', #2980, #2979 ) ;
#2982 = DIRECTION ( 'NONE',  ( -1.000000000000000000, 0.0000000000000000000, 0.0000000000000000000 ) ) ;
#2983 = VECTOR ( 'NONE', #2982, 1000.000000000000000 ) ;
#2984 = CARTESIAN_POINT ( 'NONE',  ( 14.00000000000000000, -1.800000000000001200, 5.700000000000000200 ) ) ;
#2985 = LINE ( 'NONE', #2984, #2983 ) ;
#2986 = DIRECTION ( 'NONE',  ( -1.000000000000000000, 0.0000000000000000000, 0.0000000000000000000 ) ) ;
#2987 = VECTOR ( 'NONE', #2986, 1000.000000000000000 ) ;
#2988 = CARTESIAN_POINT ( 'NONE',  ( 14.00000000000000000, -1.800000000000000700, 1.600000000000000100 ) ) ;
#2989 = LINE ( 'NONE', #2988, #2987 ) ;
#2990 = CARTESIAN_POINT ( 'NONE',  ( -14.00000000000000000, -1.800000000000002000, 1.599999999999999900 ) ) ;
#2991 = CARTESIAN_POINT ( 'NONE',  ( -14.00000000000000000, -1.800000000000001200, 5.700000000000000200 ) ) ;
#2992 = DIRECTION ( 'NONE',  ( 0.0000000000000000000, -1.257045997084642900E-016, 1.000000000000000000 ) ) ;
#2993 = VECTOR ( 'NONE', #2992, 1000.000000000000000 ) ;
#2994 = CARTESIAN_POINT ( 'NONE',  ( -14.00000000000000000, -1.800000000000000700, 2.250000000000000000 ) ) ;
#2995 = LINE ( 'NONE', #2994, #2993 ) ;
#2996 = PRESENTATION_LAYER_ASSIGNMENT (  '', '', ( #2997 ) ) ;
#2997 = STYLED_ITEM ( 'NONE', ( #2998 ), #198 ) ;
#2998 = PRESENTATION_STYLE_ASSIGNMENT (( #2999 ) ) ;
#2999 = SURFACE_STYLE_USAGE ( .BOTH. , #3000 ) ;
#3000 = SURFACE_SIDE_STYLE ('',( #3001 ) ) ;
#3001 = SURFACE_STYLE_FILL_AREA ( #3002 ) ;
#3002 = FILL_AREA_STYLE ('',( #3003 ) ) ;
#3003 = FILL_AREA_STYLE_COLOUR ( '', #3004 ) ;
#3004 = COLOUR_RGB ( '',0.0000000000000000000, 0.0000000000000000000, 0.6274509803921568500 ) ;
#3005 = CARTESIAN_POINT ( 'NONE',  ( 5.700000000000000200, -1.800000000000001200, 4.549999999999998900 ) ) ;
#3006 = DIRECTION ( 'NONE',  ( 0.0000000000000000000, 1.257045997084642900E-016, -1.000000000000000000 ) ) ;
#3007 = VECTOR ( 'NONE', #3006, 1000.000000000000000 ) ;
#3008 = CARTESIAN_POINT ( 'NONE',  ( -5.700000000000002000, -1.800000000000000700, 2.250000000000000000 ) ) ;
#3009 = LINE ( 'NONE', #3008, #3007 ) ;
#3010 = DIRECTION ( 'NONE',  ( 0.0000000000000000000, -1.257045997084642900E-016, 1.000000000000000000 ) ) ;
#3011 = VECTOR ( 'NONE', #3010, 1000.000000000000000 ) ;
#3012 = CARTESIAN_POINT ( 'NONE',  ( 5.700000000000000200, -1.800000000000000700, 2.250000000000000000 ) ) ;
#3013 = LINE ( 'NONE', #3012, #3011 ) ;
#3014 = CARTESIAN_POINT ( 'NONE',  ( -5.700000000000000200, -1.800000000000001200, 4.549999999999998900 ) ) ;
#3015 = CARTESIAN_POINT ( 'NONE',  ( 7.900000000000000400, -1.800000000000001200, 5.699999999999998400 ) ) ;
#3016 = DIRECTION ( 'NONE',  ( -1.000000000000000000, 0.0000000000000000000, 0.0000000000000000000 ) ) ;
#3017 = VECTOR ( 'NONE', #3016, 1000.000000000000000 ) ;
#3018 = CARTESIAN_POINT ( 'NONE',  ( 14.00000000000000000, -1.800000000000001200, 5.700000000000000200 ) ) ;
#3019 = LINE ( 'NONE', #3018, #3017 ) ;
#3020 = CARTESIAN_POINT ( 'NONE',  ( 5.700000000000000200, -1.800000000000001200, 5.700000000000000200 ) ) ;
#3021 = DIRECTION ( 'NONE',  ( 1.000000000000000000, 0.0000000000000000000, 0.0000000000000000000 ) ) ;
#3022 = VECTOR ( 'NONE', #3021, 1000.000000000000000 ) ;
#3023 = CARTESIAN_POINT ( 'NONE',  ( 14.00000000000000000, -1.800000000000000900, 4.549999999999998900 ) ) ;
#3024 = LINE ( 'NONE', #3023, #3022 ) ;
#3025 = DIRECTION ( 'NONE',  ( 1.000000000000000000, 0.0000000000000000000, 0.0000000000000000000 ) ) ;
#3026 = DIRECTION ( 'NONE',  ( 0.0000000000000000000, 0.0000000000000000000, 1.000000000000000000 ) ) ;
#3027 = CARTESIAN_POINT ( 'NONE',  ( -12.90000000000000000, -7.200000000000000200, 2.400000000000000400 ) ) ;
#3028 = AXIS2_PLACEMENT_3D ( 'NONE', #3027, #3026, #3025 ) ;
#3029 = PLANE ( 'NONE',  #3028 ) ;
#3030 = FACE_OUTER_BOUND ( 'NONE', #186, .T. ) ;
#3031 = DIRECTION ( 'NONE',  ( 1.000000000000000000, 0.0000000000000000000, 0.0000000000000000000 ) ) ;
#3032 = VECTOR ( 'NONE', #3031, 1000.000000000000000 ) ;
#3033 = CARTESIAN_POINT ( 'NONE',  ( 6.250000000000000000, -1.800000000000000900, 4.599999999999996100 ) ) ;
#3034 = DIRECTION ( 'NONE',  ( 1.000000000000000000, 0.0000000000000000000, 0.0000000000000000000 ) ) ;
#3035 = VECTOR ( 'NONE', #3034, 1000.000000000000000 ) ;
#3036 = CARTESIAN_POINT ( 'NONE',  ( 14.00000000000000000, -1.800000000000000900, 4.599999999999996100 ) ) ;
#3037 = LINE ( 'NONE', #3036, #3035 ) ;
#3038 = CARTESIAN_POINT ( 'NONE',  ( 7.350000000000000500, -1.800000000000000900, 4.599999999999996100 ) ) ;
#3039 = DIRECTION ( 'NONE',  ( 0.0000000000000000000, 1.257045997084642900E-016, -1.000000000000000000 ) ) ;
#3040 = VECTOR ( 'NONE', #3039, 1000.000000000000000 ) ;
#3041 = CARTESIAN_POINT ( 'NONE',  ( 7.350000000000000500, -1.800000000000000700, 2.250000000000000000 ) ) ;
#3042 = LINE ( 'NONE', #3041, #3040 ) ;
#3043 = DIRECTION ( 'NONE',  ( -1.000000000000000000, 0.0000000000000000000, 0.0000000000000000000 ) ) ;
#3044 = VECTOR ( 'NONE', #3043, 1000.000000000000000 ) ;
#3045 = CARTESIAN_POINT ( 'NONE',  ( 14.00000000000000000, -1.800000000000000900, 3.899999999999996800 ) ) ;
#3046 = LINE ( 'NONE', #3045, #3044 ) ;
#3047 = CARTESIAN_POINT ( 'NONE',  ( 13.30000000000000100, -1.800000000000003600, 2.250000000000000000 ) ) ;
#3048 = CARTESIAN_POINT ( 'NONE',  ( 13.30000000000000100, -1.800000000000003600, 1.599999999999999600 ) ) ;
#3049 =( GEOMETRIC_REPRESENTATION_CONTEXT ( 3 ) GLOBAL_UNCERTAINTY_ASSIGNED_CONTEXT ( ( #3050 ) ) GLOBAL_UNIT_ASSIGNED_CONTEXT ( ( #3053, #3052, #3051 ) ) REPRESENTATION_CONTEXT ( 'NONE', 'WORKASPACE' ) );
#3050 = UNCERTAINTY_MEASURE_WITH_UNIT (LENGTH_MEASURE( 1.000000000000000100E-005 ), #3053, 'distance_accuracy_value', 'NONE');
#3051 =( NAMED_UNIT ( * ) SI_UNIT ( $, .STERADIAN. ) SOLID_ANGLE_UNIT ( ) );
#3052 =( NAMED_UNIT ( * ) PLANE_ANGLE_UNIT ( ) SI_UNIT ( $, .RADIAN. ) );
#3053 =( LENGTH_UNIT ( ) NAMED_UNIT ( * ) SI_UNIT ( .MILLI., .METRE. ) );
#3054 = MECHANICAL_DESIGN_GEOMETRIC_PRESENTATION_REPRESENTATION (  '', ( #2997 ), #3049 ) ;
#3055 = PLANE ( 'NONE',  #3121 ) ;
#3056 = FACE_OUTER_BOUND ( 'NONE', #227, .T. ) ;
#3057 = DIRECTION ( 'NONE',  ( 1.000000000000000000, 0.0000000000000000000, 0.0000000000000000000 ) ) ;
#3058 = VECTOR ( 'NONE', #3057, 1000.000000000000000 ) ;
#3059 = CARTESIAN_POINT ( 'NONE',  ( -12.20000000000000100, -5.800000000000001600, 3.899999999999996400 ) ) ;
#3060 = LINE ( 'NONE', #3059, #3058 ) ;
#3061 = CARTESIAN_POINT ( 'NONE',  ( -7.350000000000000500, -5.800000000022010700, 3.899999999999996400 ) ) ;
#3062 = DIRECTION ( 'NONE',  ( 0.0000000000000000000, -1.000000000000000000, -1.224606353822377800E-016 ) ) ;
#3063 = VECTOR ( 'NONE', #3062, 1000.000000000000000 ) ;
#3064 = CARTESIAN_POINT ( 'NONE',  ( -7.350000000000000500, 0.0000000000000000000, 3.899999999999997200 ) ) ;
#3065 = LINE ( 'NONE', #3064, #3063 ) ;
#3066 = CARTESIAN_POINT ( 'NONE',  ( -11.40000000000000900, -5.800000000000001600, 3.899999999999996400 ) ) ;
#3067 = DIRECTION ( 'NONE',  ( 0.0000000000000000000, -1.000000000000000000, -1.224606353822377800E-016 ) ) ;
#3068 = VECTOR ( 'NONE', #3067, 1000.000000000000000 ) ;
#3069 = CARTESIAN_POINT ( 'NONE',  ( -11.40000000000000900, 0.0000000000000000000, 3.899999999999997200 ) ) ;
#3070 = LINE ( 'NONE', #3069, #3068 ) ;
#3071 = DIRECTION ( 'NONE',  ( 0.0000000000000000000, -1.000000000000000000, -1.224606353822377300E-016 ) ) ;
#3072 = DIRECTION ( 'NONE',  ( 0.0000000000000000000, -1.224606353822377300E-016, 1.000000000000000000 ) ) ;
#3073 = CARTESIAN_POINT ( 'NONE',  ( -12.20000000000000100, -5.800000000000001600, 3.899999999999996400 ) ) ;
#3074 = AXIS2_PLACEMENT_3D ( 'NONE', #3073, #3072, #3071 ) ;
#3075 = PLANE ( 'NONE',  #3074 ) ;
#3076 = FACE_OUTER_BOUND ( 'NONE', #216, .T. ) ;
#3077 = CARTESIAN_POINT ( 'NONE',  ( -6.250000000000003600, -1.800000000000000900, 4.099999999999997900 ) ) ;
#3078 = DIRECTION ( 'NONE',  ( 1.000000000000000000, 0.0000000000000000000, 0.0000000000000000000 ) ) ;
#3079 = VECTOR ( 'NONE', #3078, 1000.000000000000000 ) ;
#3080 = CARTESIAN_POINT ( 'NONE',  ( 14.00000000000000000, -1.800000000000000900, 4.099999999999997900 ) ) ;
#3081 = LINE ( 'NONE', #3080, #3079 ) ;
#3082 = CARTESIAN_POINT ( 'NONE',  ( 6.250000000000003600, -1.800000000000000900, 4.099999999999997900 ) ) ;
#3083 = DIRECTION ( 'NONE',  ( -6.938893903907248100E-015, -1.257045997084642900E-016, 1.000000000000000000 ) ) ;
#3084 = VECTOR ( 'NONE', #3083, 1000.000000000000000 ) ;
#3085 = CARTESIAN_POINT ( 'NONE',  ( 6.250000000000016900, -1.800000000000000700, 2.249999999999946300 ) ) ;
#3086 = LINE ( 'NONE', #3085, #3084 ) ;
#3087 = CARTESIAN_POINT ( 'NONE',  ( -14.00000000000000000, -8.900000000000000400, 2.400000000000000400 ) ) ;
#3088 = CARTESIAN_POINT ( 'NONE',  ( -13.29999999999999900, -8.900000000000000400, 2.399999999999998600 ) ) ;
#3089 = DIRECTION ( 'NONE',  ( -1.000000000000000000, 0.0000000000000000000, 0.0000000000000000000 ) ) ;
#3090 = VECTOR ( 'NONE', #3089, 1000.000000000000000 ) ;
#3091 = CARTESIAN_POINT ( 'NONE',  ( -12.90000000000000000, -8.900000000000000400, 2.400000000000000400 ) ) ;
#3092 = LINE ( 'NONE', #3091, #3090 ) ;
#3093 = DIRECTION ( 'NONE',  ( 0.0000000000000000000, 1.224606353822377500E-016, -1.000000000000000000 ) ) ;
#3094 = DIRECTION ( 'NONE',  ( -5.473822126268817900E-048, -1.000000000000000000, -1.224606353822377500E-016 ) ) ;
#3095 = CARTESIAN_POINT ( 'NONE',  ( -14.00000000000000000, -6.100000000000000500, -5.265807321436217700E-016 ) ) ;
#3096 = AXIS2_PLACEMENT_3D ( 'NONE', #3095, #3094, #3093 ) ;
#3097 = PLANE ( 'NONE',  #3096 ) ;
#3098 = FACE_OUTER_BOUND ( 'NONE', #172, .T. ) ;
#3099 = DIRECTION ( 'NONE',  ( 1.000000000000000000, 0.0000000000000000000, 0.0000000000000000000 ) ) ;
#3100 = VECTOR ( 'NONE', #3099, 1000.000000000000000 ) ;
#3101 = CARTESIAN_POINT ( 'NONE',  ( -12.20000000000000100, -5.800000000000001600, 3.899999999999996400 ) ) ;
#3102 = LINE ( 'NONE', #3101, #3100 ) ;
#3103 = CARTESIAN_POINT ( 'NONE',  ( 11.40000000000000900, -5.800000000022010700, 3.899999999999996400 ) ) ;
#3104 = DIRECTION ( 'NONE',  ( 0.0000000000000000000, -1.000000000000000000, -1.224606353822377800E-016 ) ) ;
#3105 = VECTOR ( 'NONE', #3104, 1000.000000000000000 ) ;
#3106 = CARTESIAN_POINT ( 'NONE',  ( 11.40000000000000900, 0.0000000000000000000, 3.899999999999997200 ) ) ;
#3107 = LINE ( 'NONE', #3106, #3105 ) ;
#3108 = CARTESIAN_POINT ( 'NONE',  ( 7.349999999999993400, -5.800000000000001600, 3.899999999999996400 ) ) ;
#3109 = DIRECTION ( 'NONE',  ( 0.0000000000000000000, 1.257045997084642900E-016, -1.000000000000000000 ) ) ;
#3110 = VECTOR ( 'NONE', #3109, 1000.000000000000000 ) ;
#3111 = CARTESIAN_POINT ( 'NONE',  ( 7.900000000000000400, -1.800000000000000700, 2.250000000000000000 ) ) ;
#3112 = LINE ( 'NONE', #3111, #3110 ) ;
#3113 = CARTESIAN_POINT ( 'NONE',  ( 7.900000000000000400, -1.800000000000001200, 4.849999999999998800 ) ) ;
#3114 = DIRECTION ( 'NONE',  ( 0.0000000000000000000, -1.000000000000000000, -1.224606353822377800E-016 ) ) ;
#3115 = VECTOR ( 'NONE', #3114, 1000.000000000000000 ) ;
#3116 = CARTESIAN_POINT ( 'NONE',  ( 7.350000000000000500, 0.0000000000000000000, 3.899999999999997200 ) ) ;
#3117 = LINE ( 'NONE', #3116, #3115 ) ;
#3118 = DIRECTION ( 'NONE',  ( 0.0000000000000000000, -1.000000000000000000, -1.224606353822377300E-016 ) ) ;
#3119 = DIRECTION ( 'NONE',  ( 0.0000000000000000000, -1.224606353822377300E-016, 1.000000000000000000 ) ) ;
#3120 = CARTESIAN_POINT ( 'NONE',  ( -12.20000000000000100, -5.800000000000001600, 3.899999999999996400 ) ) ;
#3121 = AXIS2_PLACEMENT_3D ( 'NONE', #3120, #3119, #3118 ) ;
#3122 = CARTESIAN_POINT ( 'NONE',  ( 12.20000000000000100, -1.800000000000000700, 2.250000000000000000 ) ) ;
#3123 = DIRECTION ( 'NONE',  ( -1.000000000000000000, 0.0000000000000000000, 0.0000000000000000000 ) ) ;
#3124 = VECTOR ( 'NONE', #3123, 1000.000000000000000 ) ;
#3125 = CARTESIAN_POINT ( 'NONE',  ( 14.00000000000000000, -1.800000000000000700, 2.250000000000000000 ) ) ;
#3126 = LINE ( 'NONE', #3125, #3124 ) ;
#3127 = DIRECTION ( 'NONE',  ( 0.0000000000000000000, 0.0000000000000000000, -1.000000000000000000 ) ) ;
#3128 = VECTOR ( 'NONE', #3127, 1000.000000000000000 ) ;
#3129 = CARTESIAN_POINT ( 'NONE',  ( 13.30000000000000100, -1.800000000000003600, 5.700000000000000200 ) ) ;
#3130 = LINE ( 'NONE', #3129, #3128 ) ;
#3131 = CARTESIAN_POINT ( 'NONE',  ( -1.250000000000000900, -2.600000000000000500, 2.849999999999989400 ) ) ;
#3132 = DIRECTION ( 'NONE',  ( 0.0000000000000000000, 0.0000000000000000000, -1.000000000000000000 ) ) ;
#3133 = DIRECTION ( 'NONE',  ( 0.0000000000000000000, -1.000000000000000000, 0.0000000000000000000 ) ) ;
#3134 = CARTESIAN_POINT ( 'NONE',  ( -12.90000000000000000, -7.200000000000000200, 3.400000000000000400 ) ) ;
#3135 = AXIS2_PLACEMENT_3D ( 'NONE', #3134, #3133, #3132 ) ;
#3136 = PLANE ( 'NONE',  #3135 ) ;
#3137 = FACE_OUTER_BOUND ( 'NONE', #170, .T. ) ;
#3138 = DIRECTION ( 'NONE',  ( 0.0000000000000000000, 1.000000000000000000, 0.0000000000000000000 ) ) ;
#3139 = VECTOR ( 'NONE', #3138, 1000.000000000000000 ) ;
#3140 = CARTESIAN_POINT ( 'NONE',  ( -14.00000000000000000, -7.200000000000000200, 2.400000000000000400 ) ) ;
#3141 = LINE ( 'NONE', #3140, #3139 ) ;
#3142 = CARTESIAN_POINT ( 'NONE',  ( -14.00000000000000000, -7.200000000000000200, 2.400000000000000400 ) ) ;
#3143 = DIRECTION ( 'NONE',  ( -1.000000000000000000, 0.0000000000000000000, 0.0000000000000000000 ) ) ;
#3144 = VECTOR ( 'NONE', #3143, 1000.000000000000000 ) ;
#3145 = CARTESIAN_POINT ( 'NONE',  ( -12.90000000000000000, -7.200000000000000200, 2.400000000000000400 ) ) ;
#3146 = LINE ( 'NONE', #3145, #3144 ) ;
#3147 = CARTESIAN_POINT ( 'NONE',  ( -13.29999999999999900, -7.200000000000000200, 2.399999999999999000 ) ) ;
#3148 = DIRECTION ( 'NONE',  ( 0.0000000000000000000, 1.000000000000000000, 1.521687259628779000E-016 ) ) ;
#3149 = VECTOR ( 'NONE', #3148, 1000.000000000000000 ) ;
#3150 = CARTESIAN_POINT ( 'NONE',  ( -13.29999999999999900, -6.099999999999999600, 2.399999999999999000 ) ) ;
#3151 = LINE ( 'NONE', #3150, #3149 ) ;
#3152 = LINE ( 'NONE', #3214, #3213 ) ;
#3153 = CARTESIAN_POINT ( 'NONE',  ( -7.350000000000000500, -1.800000000000001200, 3.899999999999996800 ) ) ;
#3154 = DIRECTION ( 'NONE',  ( 0.0000000000000000000, -1.257045997084642900E-016, 1.000000000000000000 ) ) ;
#3155 = VECTOR ( 'NONE', #3154, 1000.000000000000000 ) ;
#3156 = CARTESIAN_POINT ( 'NONE',  ( -7.349999999999997000, -1.800000000000000700, 2.250000000000000000 ) ) ;
#3157 = LINE ( 'NONE', #3156, #3155 ) ;
#3158 = CARTESIAN_POINT ( 'NONE',  ( -7.350000000000000500, -1.800000000000000900, 4.599999999999996100 ) ) ;
#3159 = DIRECTION ( 'NONE',  ( 1.000000000000000000, 0.0000000000000000000, 0.0000000000000000000 ) ) ;
#3160 = VECTOR ( 'NONE', #3159, 1000.000000000000000 ) ;
#3161 = CARTESIAN_POINT ( 'NONE',  ( 14.00000000000000000, -1.800000000000000900, 4.599999999999996100 ) ) ;
#3162 = LINE ( 'NONE', #3161, #3160 ) ;
#3163 = CARTESIAN_POINT ( 'NONE',  ( -6.250000000000000000, -1.800000000000000900, 4.599999999999996100 ) ) ;
#3164 = DIRECTION ( 'NONE',  ( -6.938893903907248100E-015, 1.257045997084642900E-016, -1.000000000000000000 ) ) ;
#3165 = VECTOR ( 'NONE', #3164, 1000.000000000000000 ) ;
#3166 = CARTESIAN_POINT ( 'NONE',  ( -6.250000000000017800, -1.800000000000000700, 2.250000000000140300 ) ) ;
#3167 = LINE ( 'NONE', #3166, #3165 ) ;
#3168 = CARTESIAN_POINT ( 'NONE',  ( 7.350000000000000500, -1.800000000000001200, 3.899999999999996800 ) ) ;
#3169 = CARTESIAN_POINT ( 'NONE',  ( 11.40000000000000900, -1.800000000000001200, 3.899999999999996800 ) ) ;
#3170 = DIRECTION ( 'NONE',  ( 0.0000000000000000000, -1.257045997084642900E-016, 1.000000000000000000 ) ) ;
#3171 = VECTOR ( 'NONE', #3170, 1000.000000000000000 ) ;
#3172 = CARTESIAN_POINT ( 'NONE',  ( 11.40000000000000900, -1.800000000000000700, 2.250000000000000000 ) ) ;
#3173 = LINE ( 'NONE', #3172, #3171 ) ;
#3174 = CARTESIAN_POINT ( 'NONE',  ( 11.40000000000000900, -1.800000000000001200, 4.999999999999997300 ) ) ;
#3175 = DIRECTION ( 'NONE',  ( 1.000000000000000000, 0.0000000000000000000, 0.0000000000000000000 ) ) ;
#3176 = VECTOR ( 'NONE', #3175, 1000.000000000000000 ) ;
#3177 = CARTESIAN_POINT ( 'NONE',  ( 14.00000000000000000, -1.800000000000001200, 4.999999999999997300 ) ) ;
#3178 = LINE ( 'NONE', #3177, #3176 ) ;
#3179 = CARTESIAN_POINT ( 'NONE',  ( 12.20000000000000100, -1.800000000000001200, 4.999999999999997300 ) ) ;
#3180 = DIRECTION ( 'NONE',  ( 0.0000000000000000000, -1.257045997084642900E-016, 1.000000000000000000 ) ) ;
#3181 = VECTOR ( 'NONE', #3180, 1000.000000000000000 ) ;
#3182 = LINE ( 'NONE', #3247, #3246 ) ;
#3183 = DIRECTION ( 'NONE',  ( -1.000000000000000000, 0.0000000000000000000, 0.0000000000000000000 ) ) ;
#3184 = VECTOR ( 'NONE', #3183, 1000.000000000000000 ) ;
#3185 = CARTESIAN_POINT ( 'NONE',  ( 14.00000000000000000, -1.800000000000000700, 1.600000000000000100 ) ) ;
#3186 = LINE ( 'NONE', #3185, #3184 ) ;
#3187 = CARTESIAN_POINT ( 'NONE',  ( 14.00000000000000000, -1.800000000000002000, 1.599999999999999900 ) ) ;
#3188 = DIRECTION ( 'NONE',  ( 0.0000000000000000000, -1.257045997084642900E-016, 1.000000000000000000 ) ) ;
#3189 = VECTOR ( 'NONE', #3188, 1000.000000000000000 ) ;
#3190 = CARTESIAN_POINT ( 'NONE',  ( 14.00000000000000000, -1.800000000000000700, 2.250000000000000000 ) ) ;
#3191 = LINE ( 'NONE', #3190, #3189 ) ;
#3192 = CARTESIAN_POINT ( 'NONE',  ( 14.00000000000000000, -1.800000000000001200, 5.700000000000000200 ) ) ;
#3193 = DIRECTION ( 'NONE',  ( -1.000000000000000000, 0.0000000000000000000, 0.0000000000000000000 ) ) ;
#3194 = VECTOR ( 'NONE', #3193, 1000.000000000000000 ) ;
#3195 = CARTESIAN_POINT ( 'NONE',  ( 14.00000000000000000, -1.800000000000001200, 5.700000000000000200 ) ) ;
#3196 = LINE ( 'NONE', #3195, #3194 ) ;
#3197 = CARTESIAN_POINT ( 'NONE',  ( 10.85000000000000000, -1.800000000000001200, 5.699999999999998400 ) ) ;
#3198 = DIRECTION ( 'NONE',  ( 0.0000000000000000000, -1.257045997084642900E-016, 1.000000000000000000 ) ) ;
#3199 = VECTOR ( 'NONE', #3198, 1000.000000000000000 ) ;
#3200 = CARTESIAN_POINT ( 'NONE',  ( 10.85000000000000000, -1.800000000000000700, 2.250000000000000000 ) ) ;
#3201 = LINE ( 'NONE', #3200, #3199 ) ;
#3202 = CARTESIAN_POINT ( 'NONE',  ( 10.85000000000000000, -1.800000000000001200, 4.849999999999998800 ) ) ;
#3203 = DIRECTION ( 'NONE',  ( 1.000000000000000000, 0.0000000000000000000, 0.0000000000000000000 ) ) ;
#3204 = VECTOR ( 'NONE', #3203, 1000.000000000000000 ) ;
#3205 = CARTESIAN_POINT ( 'NONE',  ( 14.00000000000000000, -1.800000000000001200, 4.849999999999998800 ) ) ;
#3206 = LINE ( 'NONE', #3205, #3204 ) ;
#3207 = DIRECTION ( 'NONE',  ( 0.0000000000000000000, 1.257045997084642900E-016, -1.000000000000000000 ) ) ;
#3208 = VECTOR ( 'NONE', #3207, 1000.000000000000000 ) ;
#3209 = CARTESIAN_POINT ( 'NONE',  ( -11.40000000000000900, -1.800000000000000700, 2.250000000000000000 ) ) ;
#3210 = LINE ( 'NONE', #3209, #3208 ) ;
#3211 = CARTESIAN_POINT ( 'NONE',  ( -11.40000000000000900, -1.800000000000001200, 3.899999999999996800 ) ) ;
#3212 = DIRECTION ( 'NONE',  ( -1.000000000000000000, 0.0000000000000000000, 0.0000000000000000000 ) ) ;
#3213 = VECTOR ( 'NONE', #3212, 1000.000000000000000 ) ;
#3214 = CARTESIAN_POINT ( 'NONE',  ( 14.00000000000000000, -1.800000000000000900, 3.899999999999996800 ) ) ;
#3215 = CARTESIAN_POINT ( 'NONE',  ( -4.750000000000002700, -8.900000000000000400, 0.0000000000000000000 ) ) ;
#3216 = DIRECTION ( 'NONE',  ( 0.0000000000000000000, 0.0000000000000000000, -1.000000000000000000 ) ) ;
#3217 = VECTOR ( 'NONE', #3216, 1000.000000000000000 ) ;
#3218 = CARTESIAN_POINT ( 'NONE',  ( -4.750000000000002700, -8.900000000000000400, 5.699999999999999300 ) ) ;
#3219 = LINE ( 'NONE', #3218, #3217 ) ;
#3220 = CARTESIAN_POINT ( 'NONE',  ( -4.750000000000002700, -8.900000000000000400, 0.4999999999999874500 ) ) ;
#3221 = DIRECTION ( 'NONE',  ( -1.000000000000000000, 0.0000000000000000000, 0.0000000000000000000 ) ) ;
#3222 = VECTOR ( 'NONE', #3221, 1000.000000000000000 ) ;
#3223 = CARTESIAN_POINT ( 'NONE',  ( 14.00000000000000000, -8.900000000000000400, 0.4999999999999874500 ) ) ;
#3224 = LINE ( 'NONE', #3223, #3222 ) ;
#3225 = CARTESIAN_POINT ( 'NONE',  ( -5.250000000000002700, -8.900000000000000400, 0.4999999999999874500 ) ) ;
#3226 = DIRECTION ( 'NONE',  ( 0.0000000000000000000, 0.0000000000000000000, -1.000000000000000000 ) ) ;
#3227 = VECTOR ( 'NONE', #3226, 1000.000000000000000 ) ;
#3228 = CARTESIAN_POINT ( 'NONE',  ( -5.250000000000002700, -8.900000000000000400, 5.699999999999999300 ) ) ;
#3229 = LINE ( 'NONE', #3228, #3227 ) ;
#3230 = CARTESIAN_POINT ( 'NONE',  ( -5.250000000000002700, -8.900000000000000400, 0.0000000000000000000 ) ) ;
#3231 = DIRECTION ( 'NONE',  ( -1.000000000000000000, 0.0000000000000000000, 0.0000000000000000000 ) ) ;
#3232 = VECTOR ( 'NONE', #3231, 1000.000000000000000 ) ;
#3233 = CARTESIAN_POINT ( 'NONE',  ( 14.00000000000000000, -8.900000000000000400, 0.0000000000000000000 ) ) ;
#3234 = LINE ( 'NONE', #3233, #3232 ) ;
#3235 = DIRECTION ( 'NONE',  ( 0.0000000000000000000, -1.000000000000000000, -7.744301232039316700E-017 ) ) ;
#3236 = VECTOR ( 'NONE', #3235, 1000.000000000000000 ) ;
#3237 = CARTESIAN_POINT ( 'NONE',  ( 10.75000000000000000, -8.599999999999999600, 0.4999999999999957800 ) ) ;
#3238 = LINE ( 'NONE', #3237, #3236 ) ;
#3239 = CARTESIAN_POINT ( 'NONE',  ( 1.249999999999999300, -8.900000000000000400, 0.4999999999999900100 ) ) ;
#3240 = DIRECTION ( 'NONE',  ( -1.000000000000000000, 0.0000000000000000000, 0.0000000000000000000 ) ) ;
#3241 = VECTOR ( 'NONE', #3240, 1000.000000000000000 ) ;
#3242 = CARTESIAN_POINT ( 'NONE',  ( 14.00000000000000000, -8.900000000000000400, 0.4999999999999900100 ) ) ;
#3243 = LINE ( 'NONE', #3242, #3241 ) ;
#3244 = CARTESIAN_POINT ( 'NONE',  ( 0.7499999999999988900, -8.900000000000000400, 0.4999999999999900100 ) ) ;
#3245 = DIRECTION ( 'NONE',  ( 0.0000000000000000000, 0.0000000000000000000, -1.000000000000000000 ) ) ;
#3246 = VECTOR ( 'NONE', #3245, 1000.000000000000000 ) ;
#3247 = CARTESIAN_POINT ( 'NONE',  ( 0.7499999999999988900, -8.900000000000000400, 5.699999999999999300 ) ) ;
#3248 = CARTESIAN_POINT ( 'NONE',  ( 4.749999999999999100, -8.900000000000000400, 5.699999999999999300 ) ) ;
#3249 = LINE ( 'NONE', #3248, #3313 ) ;
#3250 = CARTESIAN_POINT ( 'NONE',  ( 3.249999999999999600, -8.900000000000000400, 0.0000000000000000000 ) ) ;
#3251 = DIRECTION ( 'NONE',  ( 0.0000000000000000000, 0.0000000000000000000, -1.000000000000000000 ) ) ;
#3252 = VECTOR ( 'NONE', #3251, 1000.000000000000000 ) ;
#3253 = CARTESIAN_POINT ( 'NONE',  ( 3.249999999999999600, -8.900000000000000400, 5.699999999999999300 ) ) ;
#3254 = LINE ( 'NONE', #3253, #3252 ) ;
#3255 = CARTESIAN_POINT ( 'NONE',  ( 4.749999999999999100, -8.900000000000000400, 0.0000000000000000000 ) ) ;
#3256 = DIRECTION ( 'NONE',  ( -1.000000000000000000, 0.0000000000000000000, 0.0000000000000000000 ) ) ;
#3257 = VECTOR ( 'NONE', #3256, 1000.000000000000000 ) ;
#3258 = CARTESIAN_POINT ( 'NONE',  ( 14.00000000000000000, -8.900000000000000400, 0.0000000000000000000 ) ) ;
#3259 = LINE ( 'NONE', #3258, #3257 ) ;
#3260 = CARTESIAN_POINT ( 'NONE',  ( 4.749999999999999100, -8.900000000000000400, 0.4999999999999926200 ) ) ;
#3261 = CARTESIAN_POINT ( 'NONE',  ( -10.75000000000000000, -5.800000000000000700, 2.349999999999983200 ) ) ;
#3262 = CARTESIAN_POINT ( 'NONE',  ( 10.75000000000000000, -10.00000000000000000, 0.4999999999999956700 ) ) ;
#3263 = CARTESIAN_POINT ( 'NONE',  ( -1.250000000000000900, -2.600000000000000500, 2.349999999999989400 ) ) ;
#3264 = DIRECTION ( 'NONE',  ( 0.0000000000000000000, 0.0000000000000000000, -1.000000000000000000 ) ) ;
#3265 = VECTOR ( 'NONE', #3264, 1000.000000000000000 ) ;
#3266 = CARTESIAN_POINT ( 'NONE',  ( 1.249999999999999300, -8.900000000000000400, 5.699999999999999300 ) ) ;
#3267 = LINE ( 'NONE', #3266, #3265 ) ;
#3268 = CARTESIAN_POINT ( 'NONE',  ( 1.249999999999999300, -8.900000000000000400, 0.0000000000000000000 ) ) ;
#3269 = CARTESIAN_POINT ( 'NONE',  ( -6.750000000000004400, -8.900000000000000400, 0.0000000000000000000 ) ) ;
#3270 = DIRECTION ( 'NONE',  ( 0.0000000000000000000, 0.0000000000000000000, -1.000000000000000000 ) ) ;
#3271 = VECTOR ( 'NONE', #3270, 1000.000000000000000 ) ;
#3272 = CARTESIAN_POINT ( 'NONE',  ( -6.750000000000004400, -8.900000000000000400, 5.699999999999999300 ) ) ;
#3273 = LINE ( 'NONE', #3272, #3271 ) ;
#3274 = CARTESIAN_POINT ( 'NONE',  ( -3.250000000000001300, -8.900000000000000400, 0.4999999999999882900 ) ) ;
#3275 = CARTESIAN_POINT ( 'NONE',  ( -3.250000000000001300, -8.900000000000000400, 0.0000000000000000000 ) ) ;
#3276 = DIRECTION ( 'NONE',  ( -1.000000000000000000, 0.0000000000000000000, 0.0000000000000000000 ) ) ;
#3277 = VECTOR ( 'NONE', #3276, 1000.000000000000000 ) ;
#3278 = CARTESIAN_POINT ( 'NONE',  ( 14.00000000000000000, -8.900000000000000400, 0.0000000000000000000 ) ) ;
#3279 = LINE ( 'NONE', #3278, #3277 ) ;
#3280 = DIRECTION ( 'NONE',  ( 0.0000000000000000000, 0.0000000000000000000, 1.000000000000000000 ) ) ;
#3281 = DIRECTION ( 'NONE',  ( -1.000000000000000000, 0.0000000000000000000, 0.0000000000000000000 ) ) ;
#3282 = CARTESIAN_POINT ( 'NONE',  ( 13.30000000000000100, -3.465635981317327900E-015, 5.700000000000000200 ) ) ;
#3283 = AXIS2_PLACEMENT_3D ( 'NONE', #3282, #3281, #3280 ) ;
#3284 = PLANE ( 'NONE',  #3283 ) ;
#3285 = FACE_OUTER_BOUND ( 'NONE', #366, .T. ) ;
#3286 = FACE_OUTER_BOUND ( 'NONE', #360, .T. ) ;
#3287 = DIRECTION ( 'NONE',  ( 1.000000000000000000, -2.168404344971009100E-016, 0.0000000000000000000 ) ) ;
#3288 = DIRECTION ( 'NONE',  ( -2.168404344971009100E-016, -1.000000000000000000, 0.0000000000000000000 ) ) ;
#3289 = CARTESIAN_POINT ( 'NONE',  ( 11.00000000000000000, -1.300000000000000000, 5.700000000000000200 ) ) ;
#3290 = AXIS2_PLACEMENT_3D ( 'NONE', #3289, #3288, #3287 ) ;
#3291 = PLANE ( 'NONE',  #3290 ) ;
#3292 = FACE_OUTER_BOUND ( 'NONE', #358, .T. ) ;
#3293 = DIRECTION ( 'NONE',  ( 0.0000000000000000000, 0.0000000000000000000, -1.000000000000000000 ) ) ;
#3294 = VECTOR ( 'NONE', #3293, 1000.000000000000000 ) ;
#3295 = CARTESIAN_POINT ( 'NONE',  ( -6.999999999999999100, -1.299999999999997400, 5.700000000000000200 ) ) ;
#3296 = LINE ( 'NONE', #3295, #3294 ) ;
#3297 = CARTESIAN_POINT ( 'NONE',  ( -6.999999999999999100, -1.299999999999997400, 1.099999999999997600 ) ) ;
#3298 = DIRECTION ( 'NONE',  ( 1.000000000000000000, 0.0000000000000000000, 0.0000000000000000000 ) ) ;
#3299 = VECTOR ( 'NONE', #3298, 1000.000000000000000 ) ;
#3300 = CARTESIAN_POINT ( 'NONE',  ( -6.999999999999999100, -1.299999999999997400, 1.099999999999997600 ) ) ;
#3301 = LINE ( 'NONE', #3300, #3299 ) ;
#3302 = DIRECTION ( 'NONE',  ( 0.0000000000000000000, 0.0000000000000000000, -1.000000000000000000 ) ) ;
#3303 = VECTOR ( 'NONE', #3302, 1000.000000000000000 ) ;
#3304 = CARTESIAN_POINT ( 'NONE',  ( 2.749999999999999100, -8.900000000000000400, 5.699999999999999300 ) ) ;
#3305 = LINE ( 'NONE', #3304, #3303 ) ;
#3306 = CARTESIAN_POINT ( 'NONE',  ( 3.249999999999999600, -8.900000000000000400, 0.4999999999999909000 ) ) ;
#3307 = DIRECTION ( 'NONE',  ( -1.000000000000000000, 0.0000000000000000000, 0.0000000000000000000 ) ) ;
#3308 = VECTOR ( 'NONE', #3307, 1000.000000000000000 ) ;
#3309 = CARTESIAN_POINT ( 'NONE',  ( 14.00000000000000000, -8.900000000000000400, 0.4999999999999909000 ) ) ;
#3310 = LINE ( 'NONE', #3309, #3308 ) ;
#3311 = CARTESIAN_POINT ( 'NONE',  ( 2.749999999999999100, -8.900000000000000400, 0.4999999999999909000 ) ) ;
#3312 = DIRECTION ( 'NONE',  ( 0.0000000000000000000, 0.0000000000000000000, -1.000000000000000000 ) ) ;
#3313 = VECTOR ( 'NONE', #3312, 1000.000000000000000 ) ;
#3314 = CARTESIAN_POINT ( 'NONE',  ( 14.00000000000000000, -8.900000000000000400, 0.0000000000000000000 ) ) ;
#3315 = AXIS2_PLACEMENT_3D ( 'NONE', #3314, #3379, #3378 ) ;
#3316 = PLANE ( 'NONE',  #3315 ) ;
#3317 = FACE_OUTER_BOUND ( 'NONE', #7187, .T. ) ;
#3318 = DIRECTION ( 'NONE',  ( 0.0000000000000000000, 1.000000000000000000, 1.224606353822377300E-016 ) ) ;
#3319 = VECTOR ( 'NONE', #3318, 1000.000000000000000 ) ;
#3320 = CARTESIAN_POINT ( 'NONE',  ( -5.700000000000000200, -8.900000000000000400, 5.699999999999999300 ) ) ;
#3321 = LINE ( 'NONE', #3320, #3319 ) ;
#3322 = DIRECTION ( 'NONE',  ( 0.0000000000000000000, 1.000000000000000000, 1.224606353822377300E-016 ) ) ;
#3323 = VECTOR ( 'NONE', #3322, 1000.000000000000000 ) ;
#3324 = CARTESIAN_POINT ( 'NONE',  ( -7.900000000000000400, -8.900000000000000400, 5.699999999999997500 ) ) ;
#3325 = LINE ( 'NONE', #3324, #3323 ) ;
#3326 = DIRECTION ( 'NONE',  ( 0.0000000000000000000, -1.000000000000000000, -1.224606353822377500E-016 ) ) ;
#3327 = VECTOR ( 'NONE', #3326, 1000.000000000000000 ) ;
#3328 = CARTESIAN_POINT ( 'NONE',  ( -13.30000000000000100, 2.939055249173708600E-016, 1.599999999999999900 ) ) ;
#3329 = LINE ( 'NONE', #3328, #3327 ) ;
#3330 = DIRECTION ( 'NONE',  ( 0.0000000000000000000, 0.0000000000000000000, -1.000000000000000000 ) ) ;
#3331 = DIRECTION ( 'NONE',  ( 1.000000000000000000, 0.0000000000000000000, 0.0000000000000000000 ) ) ;
#3332 = CARTESIAN_POINT ( 'NONE',  ( -13.30000000000000100, -2.081830801498039500E-016, 5.700000000000000200 ) ) ;
#3333 = AXIS2_PLACEMENT_3D ( 'NONE', #3332, #3331, #3330 ) ;
#3334 = PLANE ( 'NONE',  #3333 ) ;
#3335 = FACE_OUTER_BOUND ( 'NONE', #378, .T. ) ;
#3336 = CARTESIAN_POINT ( 'NONE',  ( -11.00000000000000000, -1.299999999999997400, 1.099999999999997600 ) ) ;
#3337 = DIRECTION ( 'NONE',  ( 0.0000000000000000000, -1.000000000000000000, -1.224606353822377300E-016 ) ) ;
#3338 = VECTOR ( 'NONE', #3337, 1000.000000000000000 ) ;
#3339 = CARTESIAN_POINT ( 'NONE',  ( -11.00000000000000000, -2.081830801498040000E-016, 1.099999999999997600 ) ) ;
#3340 = LINE ( 'NONE', #3339, #3338 ) ;
#3341 = DIRECTION ( 'NONE',  ( 0.0000000000000000000, 0.0000000000000000000, 1.000000000000000000 ) ) ;
#3342 = DIRECTION ( 'NONE',  ( -1.000000000000000000, 0.0000000000000000000, 0.0000000000000000000 ) ) ;
#3343 = CARTESIAN_POINT ( 'NONE',  ( -11.00000000000000000, -7.715020029080979100E-016, 5.700000000000000200 ) ) ;
#3344 = AXIS2_PLACEMENT_3D ( 'NONE', #3343, #3342, #3341 ) ;
#3345 = PLANE ( 'NONE',  #3344 ) ;
#3346 = DIRECTION ( 'NONE',  ( 0.0000000000000000000, 0.0000000000000000000, -1.000000000000000000 ) ) ;
#3347 = DIRECTION ( 'NONE',  ( 1.000000000000000000, 0.0000000000000000000, 0.0000000000000000000 ) ) ;
#3348 = CARTESIAN_POINT ( 'NONE',  ( 7.000000000000000000, -1.299999999999999200, 5.700000000000000200 ) ) ;
#3349 = AXIS2_PLACEMENT_3D ( 'NONE', #3348, #3347, #3346 ) ;
#3350 = PLANE ( 'NONE',  #3349 ) ;
#3351 = FACE_OUTER_BOUND ( 'NONE', #408, .T. ) ;
#3352 = DIRECTION ( 'NONE',  ( 0.0000000000000000000, -1.000000000000000000, -1.224606353822377300E-016 ) ) ;
#3353 = VECTOR ( 'NONE', #3352, 1000.000000000000000 ) ;
#3354 = CARTESIAN_POINT ( 'NONE',  ( -6.999999999999999100, -1.800000000000000300, 1.099999999999997600 ) ) ;
#3355 = LINE ( 'NONE', #3354, #3353 ) ;
#3356 = DIRECTION ( 'NONE',  ( 0.0000000000000000000, 0.0000000000000000000, 1.000000000000000000 ) ) ;
#3357 = DIRECTION ( 'NONE',  ( -1.000000000000000000, 0.0000000000000000000, 0.0000000000000000000 ) ) ;
#3358 = CARTESIAN_POINT ( 'NONE',  ( -6.999999999999999100, -1.800000000000000700, 5.700000000000000200 ) ) ;
#3359 = AXIS2_PLACEMENT_3D ( 'NONE', #3358, #3357, #3356 ) ;
#3360 = PLANE ( 'NONE',  #3359 ) ;
#3361 = FACE_OUTER_BOUND ( 'NONE', #401, .T. ) ;
#3362 = CARTESIAN_POINT ( 'NONE',  ( 12.20000000000000100, -5.800000000022010700, 4.999999999999996400 ) ) ;
#3363 = DIRECTION ( 'NONE',  ( 0.0000000000000000000, 1.224606353822377000E-016, -1.000000000000000000 ) ) ;
#3364 = VECTOR ( 'NONE', #3363, 1000.000000000000000 ) ;
#3365 = CARTESIAN_POINT ( 'NONE',  ( 12.20000000000000100, -5.800000000000001600, 3.899999999999996400 ) ) ;
#3366 = LINE ( 'NONE', #3365, #3364 ) ;
#3367 = CARTESIAN_POINT ( 'NONE',  ( 12.20000000000000100, -5.800000000000000700, 1.099999999999996300 ) ) ;
#3368 = DIRECTION ( 'NONE',  ( 0.0000000000000000000, 1.000000000000000000, 1.224606353822377300E-016 ) ) ;
#3369 = VECTOR ( 'NONE', #3368, 1000.000000000000000 ) ;
#3370 = CARTESIAN_POINT ( 'NONE',  ( 12.20000000000000100, -5.800000000000000700, 1.099999999999996300 ) ) ;
#3371 = LINE ( 'NONE', #3370, #3369 ) ;
#3372 = DIRECTION ( 'NONE',  ( 0.0000000000000000000, 0.0000000000000000000, -1.000000000000000000 ) ) ;
#3373 = DIRECTION ( 'NONE',  ( 1.000000000000000000, 0.0000000000000000000, 0.0000000000000000000 ) ) ;
#3374 = CARTESIAN_POINT ( 'NONE',  ( 12.20000000000000100, -5.800000000000001600, 3.899999999999996400 ) ) ;
#3375 = AXIS2_PLACEMENT_3D ( 'NONE', #3374, #3373, #3372 ) ;
#3376 = PLANE ( 'NONE',  #3375 ) ;
#3377 = FACE_OUTER_BOUND ( 'NONE', #389, .T. ) ;
#3378 = DIRECTION ( 'NONE',  ( 0.0000000000000000000, 0.0000000000000000000, 1.000000000000000000 ) ) ;
#3379 = DIRECTION ( 'NONE',  ( -1.000000000000000000, 0.0000000000000000000, 0.0000000000000000000 ) ) ;
#3380 = DIRECTION ( 'NONE',  ( 0.0000000000000000000, -1.000000000000000000, 0.0000000000000000000 ) ) ;
#3381 = CARTESIAN_POINT ( 'NONE',  ( -6.999999999999999100, -1.299999999999997400, 5.700000000000000200 ) ) ;
#3382 = AXIS2_PLACEMENT_3D ( 'NONE', #3381, #3380, #2872 ) ;
#3383 = DIRECTION ( 'NONE',  ( 0.0000000000000000000, 1.224606353822377500E-016, -1.000000000000000000 ) ) ;
#3384 = PLANE ( 'NONE',  #3382 ) ;
#3385 = FACE_OUTER_BOUND ( 'NONE', #349, .T. ) ;
#3386 = DIRECTION ( 'NONE',  ( 0.0000000000000000000, 0.0000000000000000000, -1.000000000000000000 ) ) ;
#3387 = VECTOR ( 'NONE', #3386, 1000.000000000000000 ) ;
#3388 = CARTESIAN_POINT ( 'NONE',  ( -11.00000000000000000, -1.299999999999997400, 5.700000000000000200 ) ) ;
#3389 = LINE ( 'NONE', #3388, #3387 ) ;
#3390 = DIRECTION ( 'NONE',  ( 0.0000000000000000000, 1.000000000000000000, 1.224606353822377300E-016 ) ) ;
#3391 = VECTOR ( 'NONE', #3390, 1000.000000000000000 ) ;
#3392 = CARTESIAN_POINT ( 'NONE',  ( 11.00000000000000000, -2.902317058559034300E-015, 1.099999999999997600 ) ) ;
#3393 = LINE ( 'NONE', #3392, #3391 ) ;
#3394 = DIRECTION ( 'NONE',  ( 0.0000000000000000000, 0.0000000000000000000, -1.000000000000000000 ) ) ;
#3395 = DIRECTION ( 'NONE',  ( 1.000000000000000000, 0.0000000000000000000, 0.0000000000000000000 ) ) ;
#3396 = CARTESIAN_POINT ( 'NONE',  ( 11.00000000000000000, -3.465635981317327900E-015, 5.700000000000000200 ) ) ;
#3397 = AXIS2_PLACEMENT_3D ( 'NONE', #3396, #3395, #3394 ) ;
#3398 = PLANE ( 'NONE',  #3397 ) ;
#3399 = FACE_OUTER_BOUND ( 'NONE', #420, .T. ) ;
#3400 = DIRECTION ( 'NONE',  ( 0.0000000000000000000, 0.0000000000000000000, -1.000000000000000000 ) ) ;
#3401 = VECTOR ( 'NONE', #3400, 1000.000000000000000 ) ;
#3402 = CARTESIAN_POINT ( 'NONE',  ( 11.00000000000000000, -1.300000000000000000, 5.700000000000000200 ) ) ;
#3403 = LINE ( 'NONE', #3402, #3401 ) ;
#3404 = CARTESIAN_POINT ( 'NONE',  ( 11.00000000000000000, -1.300000000000000000, 1.099999999999997600 ) ) ;
#3405 = DIRECTION ( 'NONE',  ( 1.000000000000000000, -2.168404344971009100E-016, -2.655441738507548000E-032 ) ) ;
#3406 = VECTOR ( 'NONE', #3405, 1000.000000000000000 ) ;
#3407 = CARTESIAN_POINT ( 'NONE',  ( 11.00000000000000000, -1.300000000000000000, 1.099999999999997600 ) ) ;
#3408 = LINE ( 'NONE', #3407, #3406 ) ;
#3409 = CARTESIAN_POINT ( 'NONE',  ( 7.000000000000000000, -1.299999999999999200, 1.099999999999997600 ) ) ;
#3410 = DIRECTION ( 'NONE',  ( 0.0000000000000000000, 0.0000000000000000000, -1.000000000000000000 ) ) ;
#3411 = VECTOR ( 'NONE', #3410, 1000.000000000000000 ) ;
#3412 = CARTESIAN_POINT ( 'NONE',  ( 7.000000000000000000, -1.299999999999999200, 5.700000000000000200 ) ) ;
#3413 = LINE ( 'NONE', #3412, #3411 ) ;
#3414 = DIRECTION ( 'NONE',  ( -1.000000000000000000, 0.0000000000000000000, 0.0000000000000000000 ) ) ;
#3415 = VECTOR ( 'NONE', #3414, 1000.000000000000000 ) ;
#3416 = CARTESIAN_POINT ( 'NONE',  ( 12.20000000000000100, -5.800000000000000700, 1.099999999999996300 ) ) ;
#3417 = LINE ( 'NONE', #3416, #3415 ) ;
#3418 = DIRECTION ( 'NONE',  ( 0.0000000000000000000, 1.000000000000000000, 1.224606353822377300E-016 ) ) ;
#3419 = DIRECTION ( 'NONE',  ( 0.0000000000000000000, 1.224606353822377300E-016, -1.000000000000000000 ) ) ;
#3420 = CARTESIAN_POINT ( 'NONE',  ( 12.20000000000000100, -5.800000000000000700, 1.099999999999996300 ) ) ;
#3421 = AXIS2_PLACEMENT_3D ( 'NONE', #3420, #3419, #3418 ) ;
#3422 = PLANE ( 'NONE',  #3421 ) ;
#3423 = FACE_OUTER_BOUND ( 'NONE', #444, .T. ) ;
#3424 = CARTESIAN_POINT ( 'NONE',  ( 5.249999999999999100, -8.900000000000000400, 0.0000000000000000000 ) ) ;
#3425 = DIRECTION ( 'NONE',  ( 0.0000000000000000000, 1.000000000000000000, 1.224606353822377300E-016 ) ) ;
#3426 = VECTOR ( 'NONE', #3425, 1000.000000000000000 ) ;
#3427 = CARTESIAN_POINT ( 'NONE',  ( -12.20000000000000100, -5.800000000000000700, 1.099999999999996300 ) ) ;
#3428 = LINE ( 'NONE', #3427, #3426 ) ;
#3429 = CARTESIAN_POINT ( 'NONE',  ( -10.75000000000000000, -5.800000000000000700, 2.849999999999983700 ) ) ;
#3430 = DIRECTION ( 'NONE',  ( 0.0000000000000000000, 1.224606353822377000E-016, -1.000000000000000000 ) ) ;
#3431 = VECTOR ( 'NONE', #3430, 1000.000000000000000 ) ;
#3432 = CARTESIAN_POINT ( 'NONE',  ( -10.74999999999999800, -5.800000000000000700, 1.099999999999996300 ) ) ;
#3433 = LINE ( 'NONE', #3432, #3431 ) ;
#3434 = DIRECTION ( 'NONE',  ( 0.0000000000000000000, -1.224606353822377000E-016, 1.000000000000000000 ) ) ;
#3435 = DIRECTION ( 'NONE',  ( 0.0000000000000000000, 1.000000000000000000, 1.224606353822377000E-016 ) ) ;
#3436 = CARTESIAN_POINT ( 'NONE',  ( 12.20000000000000100, -5.800000000000000700, 1.099999999999996300 ) ) ;
#3437 = AXIS2_PLACEMENT_3D ( 'NONE', #3436, #3435, #3434 ) ;
#3438 = PLANE ( 'NONE',  #3437 ) ;
#3439 = FACE_OUTER_BOUND ( 'NONE', #643, .T. ) ;
#3440 = FACE_BOUND ( 'NONE', #568, .T. ) ;
#3441 = FACE_BOUND ( 'NONE', #647, .T. ) ;
#3442 = FACE_BOUND ( 'NONE', #572, .T. ) ;
#3443 = FACE_BOUND ( 'NONE', #590, .T. ) ;
#3444 = FACE_BOUND ( 'NONE', #518, .T. ) ;
#3445 = FACE_BOUND ( 'NONE', #537, .T. ) ;
#3446 = FACE_BOUND ( 'NONE', #556, .T. ) ;
#3447 = FACE_BOUND ( 'NONE', #543, .T. ) ;
#3448 = FACE_BOUND ( 'NONE', #472, .T. ) ;
#3449 = FACE_BOUND ( 'NONE', #488, .T. ) ;
#3450 = FACE_BOUND ( 'NONE', #506, .T. ) ;
#3451 = FACE_BOUND ( 'NONE', #435, .T. ) ;
#3452 = DIRECTION ( 'NONE',  ( 0.0000000000000000000, 1.224606353822377000E-016, -1.000000000000000000 ) ) ;
#3453 = VECTOR ( 'NONE', #3452, 1000.000000000000000 ) ;
#3454 = CARTESIAN_POINT ( 'NONE',  ( -4.749999999999999100, -5.800000000000000700, 1.099999999999996300 ) ) ;
#3455 = LINE ( 'NONE', #3454, #3453 ) ;
#3456 = DIRECTION ( 'NONE',  ( 1.000000000000000000, 0.0000000000000000000, 0.0000000000000000000 ) ) ;
#3457 = VECTOR ( 'NONE', #3456, 1000.000000000000000 ) ;
#3458 = CARTESIAN_POINT ( 'NONE',  ( 12.20000000000000100, -5.800000000000000700, 2.349999999999985900 ) ) ;
#3459 = LINE ( 'NONE', #3458, #3457 ) ;
#3460 = DIRECTION ( 'NONE',  ( 0.0000000000000000000, 1.000000000000000000, 1.224606353822377300E-016 ) ) ;
#3461 = VECTOR ( 'NONE', #3460, 1000.000000000000000 ) ;
#3462 = CARTESIAN_POINT ( 'NONE',  ( 7.000000000000000000, -1.299999999999998500, 1.099999999999997600 ) ) ;
#3463 = LINE ( 'NONE', #3462, #3461 ) ;
#3464 = CARTESIAN_POINT ( 'NONE',  ( -12.20000000000000100, -5.800000000000000700, 1.099999999999996300 ) ) ;
#3465 = DIRECTION ( 'NONE',  ( 0.0000000000000000000, -1.224606353822377000E-016, 1.000000000000000000 ) ) ;
#3466 = VECTOR ( 'NONE', #3465, 1000.000000000000000 ) ;
#3467 = CARTESIAN_POINT ( 'NONE',  ( -12.20000000000000100, -5.800000000000001600, 3.899999999999996400 ) ) ;
#3468 = LINE ( 'NONE', #3467, #3466 ) ;
#3469 = CARTESIAN_POINT ( 'NONE',  ( -12.20000000000000100, -5.800000000022010700, 4.999999999999996400 ) ) ;
#3470 = DIRECTION ( 'NONE',  ( 0.0000000000000000000, -1.000000000000000000, -1.224606353822377800E-016 ) ) ;
#3471 = VECTOR ( 'NONE', #3470, 1000.000000000000000 ) ;
#3472 = CARTESIAN_POINT ( 'NONE',  ( -12.20000000000000100, 0.0000000000000000000, 4.999999999999997300 ) ) ;
#3473 = LINE ( 'NONE', #3472, #3471 ) ;
#3474 = DIRECTION ( 'NONE',  ( 0.0000000000000000000, 0.0000000000000000000, 1.000000000000000000 ) ) ;
#3475 = DIRECTION ( 'NONE',  ( -1.000000000000000000, 0.0000000000000000000, 0.0000000000000000000 ) ) ;
#3476 = CARTESIAN_POINT ( 'NONE',  ( -12.20000000000000100, -5.800000000000001600, 3.899999999999996400 ) ) ;
#3477 = AXIS2_PLACEMENT_3D ( 'NONE', #3476, #3475, #3474 ) ;
#3478 = PLANE ( 'NONE',  #3477 ) ;
#3479 = FACE_OUTER_BOUND ( 'NONE', #457, .T. ) ;
#3480 = DIRECTION ( 'NONE',  ( 0.0000000000000000000, -1.000000000000000000, -1.224606353822377800E-016 ) ) ;
#3481 = VECTOR ( 'NONE', #3480, 1000.000000000000000 ) ;
#3482 = CARTESIAN_POINT ( 'NONE',  ( 12.20000000000000100, 0.0000000000000000000, 4.999999999999997300 ) ) ;
#3483 = LINE ( 'NONE', #3482, #3481 ) ;
#3484 = CARTESIAN_POINT ( 'NONE',  ( -7.250000000000002700, -5.800000000000000700, 2.849999999999985900 ) ) ;
#3485 = DIRECTION ( 'NONE',  ( -1.000000000000000000, 0.0000000000000000000, 0.0000000000000000000 ) ) ;
#3486 = VECTOR ( 'NONE', #3485, 1000.000000000000000 ) ;
#3487 = CARTESIAN_POINT ( 'NONE',  ( 12.20000000000000100, -5.800000000000000700, 2.849999999999985900 ) ) ;
#3488 = LINE ( 'NONE', #3487, #3486 ) ;
#3489 = CARTESIAN_POINT ( 'NONE',  ( -6.750000000000002700, -5.800000000000000700, 2.349999999999985400 ) ) ;
#3490 = CARTESIAN_POINT ( 'NONE',  ( -6.750000000000002700, -5.800000000000000700, 2.849999999999985900 ) ) ;
#3491 = DIRECTION ( 'NONE',  ( 0.0000000000000000000, 1.224606353822377000E-016, -1.000000000000000000 ) ) ;
#3492 = VECTOR ( 'NONE', #3491, 1000.000000000000000 ) ;
#3493 = CARTESIAN_POINT ( 'NONE',  ( -6.750000000000000900, -5.800000000000000700, 1.099999999999996300 ) ) ;
#3494 = LINE ( 'NONE', #3493, #3492 ) ;
#3495 = DIRECTION ( 'NONE',  ( 1.000000000000000000, 0.0000000000000000000, 0.0000000000000000000 ) ) ;
#3496 = VECTOR ( 'NONE', #3495, 1000.000000000000000 ) ;
#3497 = CARTESIAN_POINT ( 'NONE',  ( 12.20000000000000100, -5.800000000000000700, 2.349999999999985000 ) ) ;
#3498 = LINE ( 'NONE', #3497, #3496 ) ;
#3499 = DIRECTION ( 'NONE',  ( 0.0000000000000000000, 1.224606353822377000E-016, -1.000000000000000000 ) ) ;
#3500 = VECTOR ( 'NONE', #3499, 1000.000000000000000 ) ;
#3501 = CARTESIAN_POINT ( 'NONE',  ( -9.250000000000003600, -5.800000000000000700, 1.099999999999996300 ) ) ;
#3502 = LINE ( 'NONE', #3501, #3500 ) ;
#3503 = CARTESIAN_POINT ( 'NONE',  ( -5.249999999999999100, -5.800000000000000700, 2.349999999999986800 ) ) ;
#3504 = DIRECTION ( 'NONE',  ( 0.0000000000000000000, 1.224606353822377000E-016, -1.000000000000000000 ) ) ;
#3505 = VECTOR ( 'NONE', #3504, 1000.000000000000000 ) ;
#3506 = CARTESIAN_POINT ( 'NONE',  ( -5.249999999999999100, -5.800000000000000700, 1.099999999999996300 ) ) ;
#3507 = LINE ( 'NONE', #3506, #3505 ) ;
#3508 = CARTESIAN_POINT ( 'NONE',  ( -5.250000000000000900, -5.800000000000000700, 2.849999999999987200 ) ) ;
#3509 = DIRECTION ( 'NONE',  ( -1.000000000000000000, 0.0000000000000000000, 0.0000000000000000000 ) ) ;
#3510 = VECTOR ( 'NONE', #3509, 1000.000000000000000 ) ;
#3511 = CARTESIAN_POINT ( 'NONE',  ( 12.20000000000000100, -5.800000000000000700, 2.849999999999987200 ) ) ;
#3512 = LINE ( 'NONE', #3511, #3510 ) ;
#3513 = CARTESIAN_POINT ( 'NONE',  ( -4.750000000000000900, -5.800000000000000700, 2.349999999999986800 ) ) ;
#3514 = CARTESIAN_POINT ( 'NONE',  ( -4.750000000000000900, -5.800000000000000700, 2.849999999999987200 ) ) ;
#3515 = LINE ( 'NONE', #3579, #3578 ) ;
#3516 = CARTESIAN_POINT ( 'NONE',  ( 0.7499999999999988900, -5.800000000000000700, 2.349999999999990300 ) ) ;
#3517 = CARTESIAN_POINT ( 'NONE',  ( -9.250000000000003600, -5.800000000000000700, 2.349999999999985000 ) ) ;
#3518 = CARTESIAN_POINT ( 'NONE',  ( -9.250000000000001800, -5.800000000000000700, 2.849999999999985000 ) ) ;
#3519 = DIRECTION ( 'NONE',  ( -1.000000000000000000, 0.0000000000000000000, 0.0000000000000000000 ) ) ;
#3520 = VECTOR ( 'NONE', #3519, 1000.000000000000000 ) ;
#3521 = CARTESIAN_POINT ( 'NONE',  ( 12.20000000000000100, -5.800000000000000700, 2.849999999999985000 ) ) ;
#3522 = LINE ( 'NONE', #3521, #3520 ) ;
#3523 = CARTESIAN_POINT ( 'NONE',  ( -8.750000000000000000, -5.800000000000000700, 2.349999999999984500 ) ) ;
#3524 = CARTESIAN_POINT ( 'NONE',  ( -8.750000000000000000, -5.800000000000000700, 2.849999999999985000 ) ) ;
#3525 = DIRECTION ( 'NONE',  ( 0.0000000000000000000, 1.224606353822377000E-016, -1.000000000000000000 ) ) ;
#3526 = VECTOR ( 'NONE', #3525, 1000.000000000000000 ) ;
#3527 = CARTESIAN_POINT ( 'NONE',  ( -8.750000000000001800, -5.800000000000000700, 1.099999999999996300 ) ) ;
#3528 = LINE ( 'NONE', #3527, #3526 ) ;
#3529 = DIRECTION ( 'NONE',  ( 1.000000000000000000, 0.0000000000000000000, 0.0000000000000000000 ) ) ;
#3530 = VECTOR ( 'NONE', #3529, 1000.000000000000000 ) ;
#3531 = CARTESIAN_POINT ( 'NONE',  ( 12.20000000000000100, -5.800000000000000700, 2.349999999999983200 ) ) ;
#3532 = LINE ( 'NONE', #3531, #3530 ) ;
#3533 = CARTESIAN_POINT ( 'NONE',  ( -11.24999999999999800, -5.800000000000000700, 2.349999999999983200 ) ) ;
#3534 = DIRECTION ( 'NONE',  ( 0.0000000000000000000, 1.224606353822377000E-016, -1.000000000000000000 ) ) ;
#3535 = VECTOR ( 'NONE', #3534, 1000.000000000000000 ) ;
#3536 = CARTESIAN_POINT ( 'NONE',  ( -11.24999999999999800, -5.800000000000000700, 1.099999999999996300 ) ) ;
#3537 = LINE ( 'NONE', #3536, #3535 ) ;
#3538 = CARTESIAN_POINT ( 'NONE',  ( -11.25000000000000000, -5.800000000000000700, 2.849999999999983700 ) ) ;
#3539 = DIRECTION ( 'NONE',  ( -1.000000000000000000, 0.0000000000000000000, 0.0000000000000000000 ) ) ;
#3540 = VECTOR ( 'NONE', #3539, 1000.000000000000000 ) ;
#3541 = CARTESIAN_POINT ( 'NONE',  ( 12.20000000000000100, -5.800000000000000700, 2.849999999999983700 ) ) ;
#3542 = LINE ( 'NONE', #3541, #3540 ) ;
#3543 = DIRECTION ( 'NONE',  ( 0.0000000000000000000, 1.224606353822377000E-016, -1.000000000000000000 ) ) ;
#3544 = VECTOR ( 'NONE', #3543, 1000.000000000000000 ) ;
#3545 = CARTESIAN_POINT ( 'NONE',  ( -7.250000000000000900, -5.800000000000000700, 1.099999999999996300 ) ) ;
#3546 = LINE ( 'NONE', #3545, #3544 ) ;
#3547 = DIRECTION ( 'NONE',  ( 1.000000000000000000, 0.0000000000000000000, 0.0000000000000000000 ) ) ;
#3548 = VECTOR ( 'NONE', #3547, 1000.000000000000000 ) ;
#3549 = CARTESIAN_POINT ( 'NONE',  ( 12.20000000000000100, -5.800000000000000700, 2.349999999999989400 ) ) ;
#3550 = LINE ( 'NONE', #3549, #3548 ) ;
#3551 = CARTESIAN_POINT ( 'NONE',  ( -1.250000000000001100, -5.800000000000000700, 2.349999999999989400 ) ) ;
#3552 = DIRECTION ( 'NONE',  ( 0.0000000000000000000, 1.224606353822377000E-016, -1.000000000000000000 ) ) ;
#3553 = VECTOR ( 'NONE', #3552, 1000.000000000000000 ) ;
#3554 = CARTESIAN_POINT ( 'NONE',  ( -1.250000000000001100, -5.800000000000000700, 1.099999999999996300 ) ) ;
#3555 = LINE ( 'NONE', #3554, #3553 ) ;
#3556 = CARTESIAN_POINT ( 'NONE',  ( -1.250000000000000900, -5.800000000000000700, 2.849999999999989400 ) ) ;
#3557 = DIRECTION ( 'NONE',  ( -1.000000000000000000, 0.0000000000000000000, 0.0000000000000000000 ) ) ;
#3558 = VECTOR ( 'NONE', #3557, 1000.000000000000000 ) ;
#3559 = CARTESIAN_POINT ( 'NONE',  ( 12.20000000000000100, -5.800000000000000700, 2.849999999999989400 ) ) ;
#3560 = LINE ( 'NONE', #3559, #3558 ) ;
#3561 = CARTESIAN_POINT ( 'NONE',  ( -0.7500000000000008900, -5.800000000000000700, 2.349999999999989000 ) ) ;
#3562 = DIRECTION ( 'NONE',  ( 0.0000000000000000000, 1.224606353822377000E-016, -1.000000000000000000 ) ) ;
#3563 = VECTOR ( 'NONE', #3562, 1000.000000000000000 ) ;
#3564 = CARTESIAN_POINT ( 'NONE',  ( -0.7500000000000006700, -5.800000000000000700, 1.099999999999996300 ) ) ;
#3565 = LINE ( 'NONE', #3564, #3563 ) ;
#3566 = CARTESIAN_POINT ( 'NONE',  ( 2.749999999999999100, -5.800000000000000700, 2.849999999999991700 ) ) ;
#3567 = DIRECTION ( 'NONE',  ( -1.000000000000000000, 0.0000000000000000000, 0.0000000000000000000 ) ) ;
#3568 = VECTOR ( 'NONE', #3567, 1000.000000000000000 ) ;
#3569 = CARTESIAN_POINT ( 'NONE',  ( 12.20000000000000100, -5.800000000000000700, 2.849999999999991700 ) ) ;
#3570 = LINE ( 'NONE', #3569, #3568 ) ;
#3571 = CARTESIAN_POINT ( 'NONE',  ( 3.249999999999999100, -5.800000000000000700, 2.349999999999990800 ) ) ;
#3572 = CARTESIAN_POINT ( 'NONE',  ( 3.249999999999999100, -5.800000000000000700, 2.849999999999991700 ) ) ;
#3573 = DIRECTION ( 'NONE',  ( 0.0000000000000000000, 1.224606353822377000E-016, -1.000000000000000000 ) ) ;
#3574 = VECTOR ( 'NONE', #3573, 1000.000000000000000 ) ;
#3575 = CARTESIAN_POINT ( 'NONE',  ( 3.249999999999999600, -5.800000000000000700, 1.099999999999996300 ) ) ;
#3576 = LINE ( 'NONE', #3575, #3574 ) ;
#3577 = DIRECTION ( 'NONE',  ( 1.000000000000000000, 0.0000000000000000000, 0.0000000000000000000 ) ) ;
#3578 = VECTOR ( 'NONE', #3577, 1000.000000000000000 ) ;
#3579 = CARTESIAN_POINT ( 'NONE',  ( 12.20000000000000100, -5.800000000000000700, 2.349999999999990300 ) ) ;
#3580 = CARTESIAN_POINT ( 'NONE',  ( 9.250000000000000000, -5.800000000000000700, 2.349999999999993900 ) ) ;
#3581 = CARTESIAN_POINT ( 'NONE',  ( -7.250000000000000900, -5.800000000000000700, 2.349999999999985900 ) ) ;
#3582 = CARTESIAN_POINT ( 'NONE',  ( -0.7500000000000008900, -5.800000000000000700, 2.849999999999989400 ) ) ;
#3583 = DIRECTION ( 'NONE',  ( 1.000000000000000000, 0.0000000000000000000, 0.0000000000000000000 ) ) ;
#3584 = VECTOR ( 'NONE', #3583, 1000.000000000000000 ) ;
#3585 = CARTESIAN_POINT ( 'NONE',  ( 12.20000000000000100, -5.800000000000000700, 2.349999999999987700 ) ) ;
#3586 = LINE ( 'NONE', #3585, #3584 ) ;
#3587 = CARTESIAN_POINT ( 'NONE',  ( -3.250000000000001300, -5.800000000000000700, 2.349999999999987700 ) ) ;
#3588 = DIRECTION ( 'NONE',  ( 0.0000000000000000000, 1.224606353822377000E-016, -1.000000000000000000 ) ) ;
#3589 = VECTOR ( 'NONE', #3588, 1000.000000000000000 ) ;
#3590 = CARTESIAN_POINT ( 'NONE',  ( -3.250000000000001300, -5.800000000000000700, 1.099999999999996300 ) ) ;
#3591 = LINE ( 'NONE', #3590, #3589 ) ;
#3592 = CARTESIAN_POINT ( 'NONE',  ( -3.250000000000001300, -5.800000000000000700, 2.849999999999988100 ) ) ;
#3593 = DIRECTION ( 'NONE',  ( -1.000000000000000000, 0.0000000000000000000, 0.0000000000000000000 ) ) ;
#3594 = VECTOR ( 'NONE', #3593, 1000.000000000000000 ) ;
#3595 = CARTESIAN_POINT ( 'NONE',  ( 12.20000000000000100, -5.800000000000000700, 2.849999999999988100 ) ) ;
#3596 = LINE ( 'NONE', #3595, #3594 ) ;
#3597 = CARTESIAN_POINT ( 'NONE',  ( -2.750000000000001300, -5.800000000000000700, 2.349999999999987700 ) ) ;
#3598 = CARTESIAN_POINT ( 'NONE',  ( -2.750000000000001300, -5.800000000000000700, 2.849999999999988100 ) ) ;
#3599 = DIRECTION ( 'NONE',  ( 0.0000000000000000000, 1.224606353822377000E-016, -1.000000000000000000 ) ) ;
#3600 = VECTOR ( 'NONE', #3599, 1000.000000000000000 ) ;
#3601 = CARTESIAN_POINT ( 'NONE',  ( -2.750000000000000900, -5.800000000000000700, 1.099999999999996300 ) ) ;
#3602 = LINE ( 'NONE', #3601, #3600 ) ;
#3603 = DIRECTION ( 'NONE',  ( 1.000000000000000000, 0.0000000000000000000, 0.0000000000000000000 ) ) ;
#3604 = VECTOR ( 'NONE', #3603, 1000.000000000000000 ) ;
#3605 = CARTESIAN_POINT ( 'NONE',  ( 12.20000000000000100, -5.800000000000000700, 2.349999999999986800 ) ) ;
#3606 = LINE ( 'NONE', #3605, #3604 ) ;
#3607 = CARTESIAN_POINT ( 'NONE',  ( 1.249999999999999100, -5.800000000000000700, 2.349999999999989900 ) ) ;
#3608 = CARTESIAN_POINT ( 'NONE',  ( 1.249999999999999100, -5.800000000000000700, 2.849999999999990300 ) ) ;
#3609 = DIRECTION ( 'NONE',  ( 0.0000000000000000000, 1.224606353822377000E-016, -1.000000000000000000 ) ) ;
#3610 = VECTOR ( 'NONE', #3609, 1000.000000000000000 ) ;
#3611 = CARTESIAN_POINT ( 'NONE',  ( 1.249999999999999300, -5.800000000000000700, 1.099999999999996300 ) ) ;
#3612 = LINE ( 'NONE', #3611, #3610 ) ;
#3613 = VECTOR ( 'NONE', #3675, 1000.000000000000000 ) ;
#3614 = CARTESIAN_POINT ( 'NONE',  ( 12.20000000000000100, -5.800000000000000700, 2.849999999999993400 ) ) ;
#3615 = LINE ( 'NONE', #3614, #3613 ) ;
#3616 = CARTESIAN_POINT ( 'NONE',  ( 7.249999999999999100, -5.800000000000000700, 2.349999999999993000 ) ) ;
#3617 = CARTESIAN_POINT ( 'NONE',  ( 7.249999999999999100, -5.800000000000000700, 2.849999999999993400 ) ) ;
#3618 = DIRECTION ( 'NONE',  ( 0.0000000000000000000, 1.224606353822377000E-016, -1.000000000000000000 ) ) ;
#3619 = VECTOR ( 'NONE', #3618, 1000.000000000000000 ) ;
#3620 = CARTESIAN_POINT ( 'NONE',  ( 7.249999999999999100, -5.800000000000000700, 1.099999999999996300 ) ) ;
#3621 = LINE ( 'NONE', #3620, #3619 ) ;
#3622 = DIRECTION ( 'NONE',  ( 1.000000000000000000, 0.0000000000000000000, 0.0000000000000000000 ) ) ;
#3623 = VECTOR ( 'NONE', #3622, 1000.000000000000000 ) ;
#3624 = CARTESIAN_POINT ( 'NONE',  ( 12.20000000000000100, -5.800000000000000700, 2.349999999999991700 ) ) ;
#3625 = LINE ( 'NONE', #3624, #3623 ) ;
#3626 = DIRECTION ( 'NONE',  ( 0.0000000000000000000, 1.224606353822377000E-016, -1.000000000000000000 ) ) ;
#3627 = VECTOR ( 'NONE', #3626, 1000.000000000000000 ) ;
#3628 = CARTESIAN_POINT ( 'NONE',  ( 4.749999999999999100, -5.800000000000000700, 1.099999999999996300 ) ) ;
#3629 = LINE ( 'NONE', #3628, #3627 ) ;
#3630 = DIRECTION ( 'NONE',  ( 1.000000000000000000, 0.0000000000000000000, 0.0000000000000000000 ) ) ;
#3631 = VECTOR ( 'NONE', #3630, 1000.000000000000000 ) ;
#3632 = CARTESIAN_POINT ( 'NONE',  ( 12.20000000000000100, -5.800000000000000700, 2.349999999999994300 ) ) ;
#3633 = LINE ( 'NONE', #3632, #3631 ) ;
#3634 = CARTESIAN_POINT ( 'NONE',  ( 8.749999999999998200, -5.800000000000000700, 2.349999999999994300 ) ) ;
#3635 = DIRECTION ( 'NONE',  ( 0.0000000000000000000, 1.224606353822377000E-016, -1.000000000000000000 ) ) ;
#3636 = VECTOR ( 'NONE', #3635, 1000.000000000000000 ) ;
#3637 = CARTESIAN_POINT ( 'NONE',  ( 8.749999999999998200, -5.800000000000000700, 1.099999999999996300 ) ) ;
#3638 = LINE ( 'NONE', #3637, #3636 ) ;
#3639 = CARTESIAN_POINT ( 'NONE',  ( 8.749999999999998200, -5.800000000000000700, 2.849999999999994300 ) ) ;
#3640 = DIRECTION ( 'NONE',  ( -1.000000000000000000, 0.0000000000000000000, 0.0000000000000000000 ) ) ;
#3641 = VECTOR ( 'NONE', #3640, 1000.000000000000000 ) ;
#3642 = CARTESIAN_POINT ( 'NONE',  ( 12.20000000000000100, -5.800000000000000700, 2.849999999999994300 ) ) ;
#3643 = LINE ( 'NONE', #3642, #3641 ) ;
#3644 = DIRECTION ( 'NONE',  ( -1.000000000000000000, 0.0000000000000000000, 0.0000000000000000000 ) ) ;
#3645 = VECTOR ( 'NONE', #3644, 1000.000000000000000 ) ;
#3646 = CARTESIAN_POINT ( 'NONE',  ( 12.20000000000000100, -5.800000000000000700, 2.849999999999990300 ) ) ;
#3647 = LINE ( 'NONE', #3646, #3645 ) ;
#3648 = CARTESIAN_POINT ( 'NONE',  ( 4.749999999999999100, -5.800000000000000700, 2.349999999999991700 ) ) ;
#3649 = CARTESIAN_POINT ( 'NONE',  ( 4.749999999999999100, -5.800000000000000700, 2.849999999999992100 ) ) ;
#3650 = DIRECTION ( 'NONE',  ( -1.000000000000000000, 0.0000000000000000000, 0.0000000000000000000 ) ) ;
#3651 = VECTOR ( 'NONE', #3650, 1000.000000000000000 ) ;
#3652 = CARTESIAN_POINT ( 'NONE',  ( 12.20000000000000100, -5.800000000000000700, 2.849999999999992100 ) ) ;
#3653 = LINE ( 'NONE', #3652, #3651 ) ;
#3654 = CARTESIAN_POINT ( 'NONE',  ( 5.249999999999999100, -5.800000000000000700, 2.349999999999991700 ) ) ;
#3655 = CARTESIAN_POINT ( 'NONE',  ( 5.249999999999999100, -5.800000000000000700, 2.849999999999992100 ) ) ;
#3656 = DIRECTION ( 'NONE',  ( 0.0000000000000000000, 1.224606353822377000E-016, -1.000000000000000000 ) ) ;
#3657 = VECTOR ( 'NONE', #3656, 1000.000000000000000 ) ;
#3658 = CARTESIAN_POINT ( 'NONE',  ( 5.249999999999999100, -5.800000000000000700, 1.099999999999996300 ) ) ;
#3659 = LINE ( 'NONE', #3658, #3657 ) ;
#3660 = DIRECTION ( 'NONE',  ( 1.000000000000000000, 0.0000000000000000000, 0.0000000000000000000 ) ) ;
#3661 = VECTOR ( 'NONE', #3660, 1000.000000000000000 ) ;
#3662 = CARTESIAN_POINT ( 'NONE',  ( 12.20000000000000100, -5.800000000000000700, 2.349999999999990800 ) ) ;
#3663 = LINE ( 'NONE', #3662, #3661 ) ;
#3664 = CARTESIAN_POINT ( 'NONE',  ( 2.749999999999999100, -5.800000000000000700, 2.349999999999990800 ) ) ;
#3665 = DIRECTION ( 'NONE',  ( 0.0000000000000000000, 1.224606353822377000E-016, -1.000000000000000000 ) ) ;
#3666 = VECTOR ( 'NONE', #3665, 1000.000000000000000 ) ;
#3667 = CARTESIAN_POINT ( 'NONE',  ( 2.749999999999999100, -5.800000000000000700, 1.099999999999996300 ) ) ;
#3668 = LINE ( 'NONE', #3667, #3666 ) ;
#3669 = CARTESIAN_POINT ( 'NONE',  ( 6.749999999999999100, -5.800000000000000700, 2.349999999999993400 ) ) ;
#3670 = DIRECTION ( 'NONE',  ( 0.0000000000000000000, 1.224606353822377000E-016, -1.000000000000000000 ) ) ;
#3671 = VECTOR ( 'NONE', #3670, 1000.000000000000000 ) ;
#3672 = CARTESIAN_POINT ( 'NONE',  ( 6.749999999999999100, -5.800000000000000700, 1.099999999999996300 ) ) ;
#3673 = LINE ( 'NONE', #3672, #3671 ) ;
#3674 = CARTESIAN_POINT ( 'NONE',  ( 6.749999999999999100, -5.800000000000000700, 2.849999999999993400 ) ) ;
#3675 = DIRECTION ( 'NONE',  ( -1.000000000000000000, 0.0000000000000000000, 0.0000000000000000000 ) ) ;
#3676 = CARTESIAN_POINT ( 'NONE',  ( 9.250000000000000000, -8.900000000000000400, 5.699999999999999300 ) ) ;
#3677 = LINE ( 'NONE', #3676, #3738 ) ;
#3678 = CARTESIAN_POINT ( 'NONE',  ( -7.350000000000000500, -5.800000000022010700, 4.599999999999995200 ) ) ;
#3679 = DIRECTION ( 'NONE',  ( 0.0000000000000000000, 0.0000000000000000000, 1.000000000000000000 ) ) ;
#3680 = VECTOR ( 'NONE', #3679, 1000.000000000000000 ) ;
#3681 = CARTESIAN_POINT ( 'NONE',  ( -7.350000000000000500, -5.800000000022010700, 3.899999999999996400 ) ) ;
#3682 = LINE ( 'NONE', #3681, #3680 ) ;
#3683 = CARTESIAN_POINT ( 'NONE',  ( 11.25000000000000000, -8.900000000000000400, 0.0000000000000000000 ) ) ;
#3684 = DIRECTION ( 'NONE',  ( 0.0000000000000000000, 0.0000000000000000000, -1.000000000000000000 ) ) ;
#3685 = VECTOR ( 'NONE', #3684, 1000.000000000000000 ) ;
#3686 = CARTESIAN_POINT ( 'NONE',  ( 11.25000000000000000, -8.900000000000000400, 5.699999999999999300 ) ) ;
#3687 = LINE ( 'NONE', #3686, #3685 ) ;
#3688 = DIRECTION ( 'NONE',  ( 0.0000000000000000000, 0.0000000000000000000, -1.000000000000000000 ) ) ;
#3689 = VECTOR ( 'NONE', #3688, 1000.000000000000000 ) ;
#3690 = CARTESIAN_POINT ( 'NONE',  ( -11.40000000000000900, -5.800000000022010700, 3.899999999999996400 ) ) ;
#3691 = LINE ( 'NONE', #3690, #3689 ) ;
#3692 = CARTESIAN_POINT ( 'NONE',  ( -11.40000000000000900, -5.800000000022010700, 4.999999999999996400 ) ) ;
#3693 = DIRECTION ( 'NONE',  ( 1.000000000000000000, 0.0000000000000000000, 0.0000000000000000000 ) ) ;
#3694 = VECTOR ( 'NONE', #3693, 1000.000000000000000 ) ;
#3695 = CARTESIAN_POINT ( 'NONE',  ( -12.20000000000000100, -5.800000000022010700, 4.999999999999996400 ) ) ;
#3696 = LINE ( 'NONE', #3695, #3694 ) ;
#3697 = CARTESIAN_POINT ( 'NONE',  ( 8.749999999999998200, -8.900000000000000400, 0.4999999999999943900 ) ) ;
#3698 = DIRECTION ( 'NONE',  ( 0.0000000000000000000, 0.0000000000000000000, -1.000000000000000000 ) ) ;
#3699 = VECTOR ( 'NONE', #3698, 1000.000000000000000 ) ;
#3700 = CARTESIAN_POINT ( 'NONE',  ( 7.350000000000000500, -5.800000000022010700, 3.899999999999996400 ) ) ;
#3701 = LINE ( 'NONE', #3700, #3699 ) ;
#3702 = DIRECTION ( 'NONE',  ( 0.0000000000000000000, 1.224606353822377000E-016, -1.000000000000000000 ) ) ;
#3703 = VECTOR ( 'NONE', #3702, 1000.000000000000000 ) ;
#3704 = CARTESIAN_POINT ( 'NONE',  ( 0.7499999999999988900, -5.800000000000000700, 1.099999999999996300 ) ) ;
#3705 = LINE ( 'NONE', #3704, #3703 ) ;
#3706 = CARTESIAN_POINT ( 'NONE',  ( 0.7499999999999991100, -5.800000000000000700, 2.849999999999990300 ) ) ;
#3707 = DIRECTION ( 'NONE',  ( 0.0000000000000000000, 1.224606353822377000E-016, -1.000000000000000000 ) ) ;
#3708 = VECTOR ( 'NONE', #3707, 1000.000000000000000 ) ;
#3709 = CARTESIAN_POINT ( 'NONE',  ( 10.75000000000000000, -5.800000000000000700, 1.099999999999996300 ) ) ;
#3710 = LINE ( 'NONE', #3709, #3708 ) ;
#3711 = CARTESIAN_POINT ( 'NONE',  ( 10.75000000000000000, -5.800000000000000700, 2.849999999999995600 ) ) ;
#3712 = DIRECTION ( 'NONE',  ( -1.000000000000000000, 0.0000000000000000000, 0.0000000000000000000 ) ) ;
#3713 = VECTOR ( 'NONE', #3712, 1000.000000000000000 ) ;
#3714 = CARTESIAN_POINT ( 'NONE',  ( 12.20000000000000100, -5.800000000000000700, 2.849999999999995600 ) ) ;
#3715 = LINE ( 'NONE', #3714, #3713 ) ;
#3716 = DIRECTION ( 'NONE',  ( -1.000000000000000000, 0.0000000000000000000, 0.0000000000000000000 ) ) ;
#3717 = VECTOR ( 'NONE', #3716, 1000.000000000000000 ) ;
#3718 = CARTESIAN_POINT ( 'NONE',  ( 14.00000000000000000, -8.900000000000000400, 0.4999999999999943900 ) ) ;
#3719 = LINE ( 'NONE', #3718, #3717 ) ;
#3720 = CARTESIAN_POINT ( 'NONE',  ( 11.25000000000000000, -5.800000000000000700, 2.349999999999995200 ) ) ;
#3721 = CARTESIAN_POINT ( 'NONE',  ( 11.25000000000000000, -5.800000000000000700, 2.849999999999995600 ) ) ;
#3722 = CARTESIAN_POINT ( 'NONE',  ( 7.249999999999999100, -8.900000000000000400, 0.4999999999999935100 ) ) ;
#3723 = DIRECTION ( 'NONE',  ( -1.000000000000000000, 0.0000000000000000000, 0.0000000000000000000 ) ) ;
#3724 = VECTOR ( 'NONE', #3723, 1000.000000000000000 ) ;
#3725 = CARTESIAN_POINT ( 'NONE',  ( 14.00000000000000000, -8.900000000000000400, 0.4999999999999935100 ) ) ;
#3726 = LINE ( 'NONE', #3725, #3724 ) ;
#3727 = DIRECTION ( 'NONE',  ( 0.0000000000000000000, 1.224606353822377000E-016, -1.000000000000000000 ) ) ;
#3728 = VECTOR ( 'NONE', #3727, 1000.000000000000000 ) ;
#3729 = CARTESIAN_POINT ( 'NONE',  ( 11.25000000000000000, -5.800000000000000700, 1.099999999999996300 ) ) ;
#3730 = LINE ( 'NONE', #3729, #3728 ) ;
#3731 = CARTESIAN_POINT ( 'NONE',  ( 6.749999999999999100, -8.900000000000000400, 0.0000000000000000000 ) ) ;
#3732 = CARTESIAN_POINT ( 'NONE',  ( -6.250000000000000000, -5.800000000022010700, 4.599999999999995200 ) ) ;
#3733 = DIRECTION ( 'NONE',  ( 1.000000000000000000, 0.0000000000000000000, 0.0000000000000000000 ) ) ;
#3734 = VECTOR ( 'NONE', #3733, 1000.000000000000000 ) ;
#3735 = CARTESIAN_POINT ( 'NONE',  ( -6.250000000000000000, -5.800000000022010700, 4.599999999999995200 ) ) ;
#3736 = LINE ( 'NONE', #3735, #3734 ) ;
#3737 = DIRECTION ( 'NONE',  ( 0.0000000000000000000, 0.0000000000000000000, -1.000000000000000000 ) ) ;
#3738 = VECTOR ( 'NONE', #3737, 1000.000000000000000 ) ;
#3739 = VECTOR ( 'NONE', #3803, 1000.000000000000000 ) ;
#3740 = CARTESIAN_POINT ( 'NONE',  ( 12.20000000000000100, -5.800000000022010700, 4.999999999999996400 ) ) ;
#3741 = LINE ( 'NONE', #3740, #3739 ) ;
#3742 = CARTESIAN_POINT ( 'NONE',  ( 11.40000000000000900, -5.800000000022010700, 4.999999999999996400 ) ) ;
#3743 = DIRECTION ( 'NONE',  ( 0.0000000000000000000, 0.0000000000000000000, 1.000000000000000000 ) ) ;
#3744 = VECTOR ( 'NONE', #3743, 1000.000000000000000 ) ;
#3745 = CARTESIAN_POINT ( 'NONE',  ( 11.40000000000000900, -5.800000000022010700, 3.899999999999996400 ) ) ;
#3746 = LINE ( 'NONE', #3745, #3744 ) ;
#3747 = DIRECTION ( 'NONE',  ( 0.0000000000000000000, 0.0000000000000000000, -1.000000000000000000 ) ) ;
#3748 = VECTOR ( 'NONE', #3747, 1000.000000000000000 ) ;
#3749 = CARTESIAN_POINT ( 'NONE',  ( 7.249999999999999100, -8.900000000000000400, 5.699999999999999300 ) ) ;
#3750 = LINE ( 'NONE', #3749, #3748 ) ;
#3751 = DIRECTION ( 'NONE',  ( 0.0000000000000000000, 1.000000000000000000, 1.224606353822377300E-016 ) ) ;
#3752 = VECTOR ( 'NONE', #3751, 1000.000000000000000 ) ;
#3753 = CARTESIAN_POINT ( 'NONE',  ( 7.900000000000000400, -8.900000000000000400, 4.849999999999997900 ) ) ;
#3754 = LINE ( 'NONE', #3753, #3752 ) ;
#3755 = CARTESIAN_POINT ( 'NONE',  ( 9.250000000000000000, -8.900000000000000400, 0.4999999999999943900 ) ) ;
#3756 = CARTESIAN_POINT ( 'NONE',  ( 9.250000000000000000, -5.800000000000000700, 2.849999999999994300 ) ) ;
#3757 = DIRECTION ( 'NONE',  ( 0.0000000000000000000, 1.224606353822377000E-016, -1.000000000000000000 ) ) ;
#3758 = VECTOR ( 'NONE', #3757, 1000.000000000000000 ) ;
#3759 = CARTESIAN_POINT ( 'NONE',  ( 9.250000000000000000, -5.800000000000000700, 1.099999999999996300 ) ) ;
#3760 = LINE ( 'NONE', #3759, #3758 ) ;
#3761 = DIRECTION ( 'NONE',  ( 1.000000000000000000, 0.0000000000000000000, 0.0000000000000000000 ) ) ;
#3762 = VECTOR ( 'NONE', #3761, 1000.000000000000000 ) ;
#3763 = CARTESIAN_POINT ( 'NONE',  ( 12.20000000000000100, -5.800000000000000700, 2.349999999999993400 ) ) ;
#3764 = LINE ( 'NONE', #3763, #3762 ) ;
#3765 = DIRECTION ( 'NONE',  ( 1.000000000000000000, 0.0000000000000000000, 0.0000000000000000000 ) ) ;
#3766 = VECTOR ( 'NONE', #3765, 1000.000000000000000 ) ;
#3767 = CARTESIAN_POINT ( 'NONE',  ( 12.20000000000000100, -5.800000000000000700, 2.349999999999995200 ) ) ;
#3768 = LINE ( 'NONE', #3767, #3766 ) ;
#3769 = CARTESIAN_POINT ( 'NONE',  ( 10.75000000000000000, -5.800000000000000700, 2.349999999999995200 ) ) ;
#3770 = VECTOR ( 'NONE', #3836, 1000.000000000000000 ) ;
#3771 = CARTESIAN_POINT ( 'NONE',  ( 7.350000000000000500, -5.800000000022010700, 4.599999999999995200 ) ) ;
#3772 = LINE ( 'NONE', #3771, #3770 ) ;
#3773 = CARTESIAN_POINT ( 'NONE',  ( 9.250000000000000000, -8.900000000000000400, 0.0000000000000000000 ) ) ;
#3774 = CARTESIAN_POINT ( 'NONE',  ( 6.250000000000000000, -5.800000000022010700, 4.599999999999995200 ) ) ;
#3775 = DIRECTION ( 'NONE',  ( -6.938893903907246500E-015, 0.0000000000000000000, 1.000000000000000000 ) ) ;
#3776 = VECTOR ( 'NONE', #3775, 1000.000000000000000 ) ;
#3777 = CARTESIAN_POINT ( 'NONE',  ( 6.250000000000003600, -5.800000000022010700, 4.099999999999997000 ) ) ;
#3778 = LINE ( 'NONE', #3777, #3776 ) ;
#3779 = CARTESIAN_POINT ( 'NONE',  ( 6.250000000000003600, -5.800000000022010700, 4.099999999999997000 ) ) ;
#3780 = DIRECTION ( 'NONE',  ( 1.000000000000000000, 0.0000000000000000000, 0.0000000000000000000 ) ) ;
#3781 = VECTOR ( 'NONE', #3780, 1000.000000000000000 ) ;
#3782 = CARTESIAN_POINT ( 'NONE',  ( 6.250000000000003600, -5.800000000022010700, 4.099999999999997000 ) ) ;
#3783 = LINE ( 'NONE', #3782, #3781 ) ;
#3784 = CARTESIAN_POINT ( 'NONE',  ( -6.250000000000003600, -5.800000000022010700, 4.099999999999997000 ) ) ;
#3785 = DIRECTION ( 'NONE',  ( -6.938893903907246500E-015, 0.0000000000000000000, -1.000000000000000000 ) ) ;
#3786 = VECTOR ( 'NONE', #3785, 1000.000000000000000 ) ;
#3787 = CARTESIAN_POINT ( 'NONE',  ( -6.250000000000003600, -5.800000000022010700, 4.099999999999997000 ) ) ;
#3788 = LINE ( 'NONE', #3787, #3786 ) ;
#3789 = CARTESIAN_POINT ( 'NONE',  ( 7.249999999999999100, -8.900000000000000400, 0.0000000000000000000 ) ) ;
#3790 = DIRECTION ( 'NONE',  ( 0.0000000000000000000, 0.0000000000000000000, 1.000000000000000000 ) ) ;
#3791 = DIRECTION ( 'NONE',  ( -1.000000000000000000, 0.0000000000000000000, 0.0000000000000000000 ) ) ;
#3792 = CARTESIAN_POINT ( 'NONE',  ( -5.700000000000000200, -8.900000000000000400, 5.699999999999999300 ) ) ;
#3793 = AXIS2_PLACEMENT_3D ( 'NONE', #3792, #3791, #3790 ) ;
#3794 = PLANE ( 'NONE',  #3793 ) ;
#3795 = FACE_OUTER_BOUND ( 'NONE', #674, .T. ) ;
#3796 = CARTESIAN_POINT ( 'NONE',  ( 8.749999999999998200, -8.900000000000000400, 0.0000000000000000000 ) ) ;
#3797 = DIRECTION ( 'NONE',  ( 0.0000000000000000000, 0.0000000000000000000, -1.000000000000000000 ) ) ;
#3798 = DIRECTION ( 'NONE',  ( 1.000000000000000000, 0.0000000000000000000, 0.0000000000000000000 ) ) ;
#3799 = CARTESIAN_POINT ( 'NONE',  ( 5.700000000000000200, -8.900000000000000400, 5.699999999999999300 ) ) ;
#3800 = AXIS2_PLACEMENT_3D ( 'NONE', #3799, #3798, #3797 ) ;
#3801 = PLANE ( 'NONE',  #3800 ) ;
#3802 = FACE_OUTER_BOUND ( 'NONE', #666, .T. ) ;
#3803 = DIRECTION ( 'NONE',  ( 1.000000000000000000, 0.0000000000000000000, 0.0000000000000000000 ) ) ;
#3804 = FACE_OUTER_BOUND ( 'NONE', #710, .T. ) ;
#3805 = CARTESIAN_POINT ( 'NONE',  ( 10.75000000000000000, -8.900000000000000400, 0.0000000000000000000 ) ) ;
#3806 = DIRECTION ( 'NONE',  ( -1.000000000000000000, 0.0000000000000000000, 0.0000000000000000000 ) ) ;
#3807 = VECTOR ( 'NONE', #3806, 1000.000000000000000 ) ;
#3808 = CARTESIAN_POINT ( 'NONE',  ( 14.00000000000000000, -8.900000000000000400, 0.0000000000000000000 ) ) ;
#3809 = LINE ( 'NONE', #3808, #3807 ) ;
#3810 = DIRECTION ( 'NONE',  ( 0.0000000000000000000, 1.000000000000000000, 1.224606353822377300E-016 ) ) ;
#3811 = DIRECTION ( 'NONE',  ( 0.0000000000000000000, 1.224606353822377300E-016, -1.000000000000000000 ) ) ;
#3812 = CARTESIAN_POINT ( 'NONE',  ( -10.85000000000000000, -8.900000000000000400, 4.849999999999997900 ) ) ;
#3813 = AXIS2_PLACEMENT_3D ( 'NONE', #3812, #3811, #3810 ) ;
#3814 = PLANE ( 'NONE',  #3813 ) ;
#3815 = FACE_OUTER_BOUND ( 'NONE', #706, .T. ) ;
#3816 = DIRECTION ( 'NONE',  ( 0.0000000000000000000, 1.000000000000000000, 1.224606353822377300E-016 ) ) ;
#3817 = VECTOR ( 'NONE', #3816, 1000.000000000000000 ) ;
#3818 = CARTESIAN_POINT ( 'NONE',  ( -10.85000000000000000, -8.900000000000000400, 4.849999999999997900 ) ) ;
#3819 = LINE ( 'NONE', #3818, #3817 ) ;
#3820 = DIRECTION ( 'NONE',  ( 0.0000000000000000000, 0.0000000000000000000, -1.000000000000000000 ) ) ;
#3821 = VECTOR ( 'NONE', #3820, 1000.000000000000000 ) ;
#3822 = CARTESIAN_POINT ( 'NONE',  ( 8.749999999999998200, -8.900000000000000400, 5.699999999999999300 ) ) ;
#3823 = LINE ( 'NONE', #3822, #3821 ) ;
#3824 = DIRECTION ( 'NONE',  ( 0.0000000000000000000, 0.0000000000000000000, 1.000000000000000000 ) ) ;
#3825 = DIRECTION ( 'NONE',  ( -1.000000000000000000, 0.0000000000000000000, 0.0000000000000000000 ) ) ;
#3826 = CARTESIAN_POINT ( 'NONE',  ( -10.85000000000000000, -8.900000000000000400, 4.849999999999997900 ) ) ;
#3827 = AXIS2_PLACEMENT_3D ( 'NONE', #3826, #3825, #3824 ) ;
#3828 = PLANE ( 'NONE',  #3827 ) ;
#3829 = FACE_OUTER_BOUND ( 'NONE', #696, .T. ) ;
#3830 = CARTESIAN_POINT ( 'NONE',  ( 11.25000000000000000, -8.900000000000000400, 0.4999999999999961100 ) ) ;
#3831 = DIRECTION ( 'NONE',  ( -1.000000000000000000, 0.0000000000000000000, 0.0000000000000000000 ) ) ;
#3832 = VECTOR ( 'NONE', #3831, 1000.000000000000000 ) ;
#3833 = CARTESIAN_POINT ( 'NONE',  ( 14.00000000000000000, -8.900000000000000400, 0.4999999999999961100 ) ) ;
#3834 = LINE ( 'NONE', #3833, #3832 ) ;
#3835 = CARTESIAN_POINT ( 'NONE',  ( 7.350000000000000500, -5.800000000022010700, 4.599999999999995200 ) ) ;
#3836 = DIRECTION ( 'NONE',  ( 1.000000000000000000, 0.0000000000000000000, 0.0000000000000000000 ) ) ;
#3837 = CARTESIAN_POINT ( 'NONE',  ( 6.749999999999999100, -8.900000000000000400, 0.4999999999999935100 ) ) ;
#3838 = DIRECTION ( 'NONE',  ( 0.0000000000000000000, 0.0000000000000000000, -1.000000000000000000 ) ) ;
#3839 = VECTOR ( 'NONE', #3838, 1000.000000000000000 ) ;
#3840 = CARTESIAN_POINT ( 'NONE',  ( 6.749999999999999100, -8.900000000000000400, 5.699999999999999300 ) ) ;
#3841 = LINE ( 'NONE', #3840, #3839 ) ;
#3842 = DIRECTION ( 'NONE',  ( -1.000000000000000000, 0.0000000000000000000, 0.0000000000000000000 ) ) ;
#3843 = VECTOR ( 'NONE', #3842, 1000.000000000000000 ) ;
#3844 = CARTESIAN_POINT ( 'NONE',  ( 14.00000000000000000, -8.900000000000000400, 0.0000000000000000000 ) ) ;
#3845 = LINE ( 'NONE', #3844, #3843 ) ;
#3846 = DIRECTION ( 'NONE',  ( -1.000000000000000000, 0.0000000000000000000, 0.0000000000000000000 ) ) ;
#3847 = VECTOR ( 'NONE', #3846, 1000.000000000000000 ) ;
#3848 = CARTESIAN_POINT ( 'NONE',  ( 14.00000000000000000, -8.900000000000000400, 0.0000000000000000000 ) ) ;
#3849 = LINE ( 'NONE', #3848, #3847 ) ;
#3850 = DIRECTION ( 'NONE',  ( 0.0000000000000000000, 0.0000000000000000000, -1.000000000000000000 ) ) ;
#3851 = DIRECTION ( 'NONE',  ( 1.000000000000000000, 0.0000000000000000000, 0.0000000000000000000 ) ) ;
#3852 = CARTESIAN_POINT ( 'NONE',  ( 10.85000000000000000, -8.900000000000000400, 4.849999999999997900 ) ) ;
#3853 = AXIS2_PLACEMENT_3D ( 'NONE', #3852, #3851, #3850 ) ;
#3854 = PLANE ( 'NONE',  #3853 ) ;
#3855 = FACE_OUTER_BOUND ( 'NONE', #720, .T. ) ;
#3856 = DIRECTION ( 'NONE',  ( 0.0000000000000000000, 1.000000000000000000, 1.224606353822377300E-016 ) ) ;
#3857 = VECTOR ( 'NONE', #3856, 1000.000000000000000 ) ;
#3858 = CARTESIAN_POINT ( 'NONE',  ( 10.85000000000000000, -8.900000000000000400, 4.849999999999997900 ) ) ;
#3859 = LINE ( 'NONE', #3858, #3857 ) ;
#3860 = CARTESIAN_POINT ( 'NONE',  ( 10.75000000000000000, -8.900000000000000400, 0.4999999999999961100 ) ) ;
#3861 = DIRECTION ( 'NONE',  ( 0.0000000000000000000, 0.0000000000000000000, -1.000000000000000000 ) ) ;
#3862 = VECTOR ( 'NONE', #3861, 1000.000000000000000 ) ;
#3863 = CARTESIAN_POINT ( 'NONE',  ( 10.75000000000000000, -8.900000000000000400, 5.699999999999999300 ) ) ;
#3864 = LINE ( 'NONE', #3863, #3862 ) ;
#3865 = DIRECTION ( 'NONE',  ( 0.0000000000000000000, 1.000000000000000000, 1.224606353822377300E-016 ) ) ;
#3866 = DIRECTION ( 'NONE',  ( 0.0000000000000000000, 1.224606353822377300E-016, -1.000000000000000000 ) ) ;
#3867 = CARTESIAN_POINT ( 'NONE',  ( 7.900000000000000400, -8.900000000000000400, 4.849999999999997900 ) ) ;
#3868 = AXIS2_PLACEMENT_3D ( 'NONE', #3867, #3866, #3865 ) ;
#3869 = PLANE ( 'NONE',  #3868 ) ;
#3870 = LINE ( 'NONE', #3936, #3935 ) ;
#3871 = DIRECTION ( 'NONE',  ( 0.0000000000000000000, -1.224606353822377300E-016, 1.000000000000000000 ) ) ;
#3872 = VECTOR ( 'NONE', #3871, 1000.000000000000000 ) ;
#3873 = CARTESIAN_POINT ( 'NONE',  ( 12.44999999999999900, -6.100000000000000500, -4.216456827785264000E-015 ) ) ;
#3874 = LINE ( 'NONE', #3873, #3872 ) ;
#3875 = DIRECTION ( 'NONE',  ( 0.0000000000000000000, 0.0000000000000000000, -1.000000000000000000 ) ) ;
#3876 = VECTOR ( 'NONE', #3875, 1000.000000000000000 ) ;
#3877 = CARTESIAN_POINT ( 'NONE',  ( 12.90000000000000000, -6.099999999999999600, -0.1000000000000003400 ) ) ;
#3878 = LINE ( 'NONE', #3877, #3876 ) ;
#3879 = CARTESIAN_POINT ( 'NONE',  ( -12.90000000000000000, -3.299999999999999800, 0.5999999999999997600 ) ) ;
#3880 = CARTESIAN_POINT ( 'NONE',  ( 7.900000000000000400, -8.900000000000000400, 5.699999999999997500 ) ) ;
#3881 = DIRECTION ( 'NONE',  ( 0.0000000000000000000, -1.000000000000000000, -1.224606353822377500E-016 ) ) ;
#3882 = VECTOR ( 'NONE', #3881, 1000.000000000000000 ) ;
#3883 = CARTESIAN_POINT ( 'NONE',  ( -12.90000000000000000, -6.100000000000000500, 0.5999999999999994200 ) ) ;
#3884 = LINE ( 'NONE', #3883, #3882 ) ;
#3885 = DIRECTION ( 'NONE',  ( 0.0000000000000000000, -1.224606353822378200E-016, 1.000000000000000000 ) ) ;
#3886 = VECTOR ( 'NONE', #3885, 1000.000000000000000 ) ;
#3887 = CARTESIAN_POINT ( 'NONE',  ( 7.900000000000000400, -8.900000000000000400, 4.849999999999997900 ) ) ;
#3888 = LINE ( 'NONE', #3887, #3886 ) ;
#3889 = DIRECTION ( 'NONE',  ( 0.0000000000000000000, 0.0000000000000000000, -1.000000000000000000 ) ) ;
#3890 = DIRECTION ( 'NONE',  ( 1.000000000000000000, 0.0000000000000000000, 0.0000000000000000000 ) ) ;
#3891 = CARTESIAN_POINT ( 'NONE',  ( -12.90000000000000000, -6.100000000000000500, -7.470098758316502100E-016 ) ) ;
#3892 = AXIS2_PLACEMENT_3D ( 'NONE', #3891, #3890, #3889 ) ;
#3893 = PLANE ( 'NONE',  #3892 ) ;
#3894 = FACE_OUTER_BOUND ( 'NONE', #735, .T. ) ;
#3895 = DIRECTION ( 'NONE',  ( 0.0000000000000000000, 0.0000000000000000000, 1.000000000000000000 ) ) ;
#3896 = DIRECTION ( 'NONE',  ( -1.000000000000000000, 0.0000000000000000000, 0.0000000000000000000 ) ) ;
#3897 = CARTESIAN_POINT ( 'NONE',  ( 7.900000000000000400, -8.900000000000000400, 4.849999999999997900 ) ) ;
#3898 = AXIS2_PLACEMENT_3D ( 'NONE', #3897, #3896, #3895 ) ;
#3899 = PLANE ( 'NONE',  #3898 ) ;
#3900 = FACE_OUTER_BOUND ( 'NONE', #7190, .T. ) ;
#3901 = DIRECTION ( 'NONE',  ( 0.0000000000000000000, -1.000000000000000000, -1.224606353822377500E-016 ) ) ;
#3902 = CARTESIAN_POINT ( 'NONE',  ( 14.00000000000000000, -6.100000000000000500, 1.599999999999999400 ) ) ;
#3903 = AXIS2_PLACEMENT_3D ( 'NONE', #3902, #3901, #3383 ) ;
#3904 = PLANE ( 'NONE',  #3903 ) ;
#3905 =( NAMED_UNIT ( * ) PLANE_ANGLE_UNIT ( ) SI_UNIT ( $, .RADIAN. ) );
#3906 = FACE_OUTER_BOUND ( 'NONE', #768, .T. ) ;
#3907 = DIRECTION ( 'NONE',  ( 0.0000000000000000000, 0.0000000000000000000, -1.000000000000000000 ) ) ;
#3908 = DIRECTION ( 'NONE',  ( 1.000000000000000000, 0.0000000000000000000, 0.0000000000000000000 ) ) ;
#3909 = CARTESIAN_POINT ( 'NONE',  ( -7.900000000000000400, -8.900000000000000400, 4.849999999999997900 ) ) ;
#3910 = AXIS2_PLACEMENT_3D ( 'NONE', #3909, #3908, #3907 ) ;
#3911 = PLANE ( 'NONE',  #3910 ) ;
#3912 = FACE_OUTER_BOUND ( 'NONE', #762, .T. ) ;
#3913 = DIRECTION ( 'NONE',  ( 0.0000000000000000000, 1.000000000000000000, 1.224606353822377300E-016 ) ) ;
#3914 = VECTOR ( 'NONE', #3913, 1000.000000000000000 ) ;
#3915 = CARTESIAN_POINT ( 'NONE',  ( -7.900000000000000400, -8.900000000000000400, 4.849999999999997900 ) ) ;
#3916 = LINE ( 'NONE', #3915, #3914 ) ;
#3917 = CARTESIAN_POINT ( 'NONE',  ( -13.29999999999999900, -3.299999999999999800, 1.599999999999999900 ) ) ;
#3918 = DIRECTION ( 'NONE',  ( -1.000000000000000000, 0.0000000000000000000, 0.0000000000000000000 ) ) ;
#3919 = VECTOR ( 'NONE', #3918, 1000.000000000000000 ) ;
#3920 = CARTESIAN_POINT ( 'NONE',  ( -14.00000000000000000, -3.299999999999999800, 1.599999999999999900 ) ) ;
#3921 = LINE ( 'NONE', #3920, #3919 ) ;
#3922 = CARTESIAN_POINT ( 'NONE',  ( -12.90000000000000000, -3.300000000000000700, 1.599999999999999900 ) ) ;
#3923 = CARTESIAN_POINT ( 'NONE',  ( 12.90000000000000000, -8.900000000000000400, 2.400000000000000400 ) ) ;
#3924 = DIRECTION ( 'NONE',  ( 0.0000000000000000000, 1.000000000000000000, 1.224606353822377500E-016 ) ) ;
#3925 = VECTOR ( 'NONE', #3924, 1000.000000000000000 ) ;
#3926 = CARTESIAN_POINT ( 'NONE',  ( -12.90000000000000000, -6.100000000000000500, 1.599999999999999400 ) ) ;
#3927 = LINE ( 'NONE', #3926, #3925 ) ;
#3928 = DIRECTION ( 'NONE',  ( 0.0000000000000000000, -1.000000000000000000, -1.224606353822377500E-016 ) ) ;
#3929 = DIRECTION ( 'NONE',  ( 0.0000000000000000000, -1.224606353822377500E-016, 1.000000000000000000 ) ) ;
#3930 = CARTESIAN_POINT ( 'NONE',  ( -14.00000000000000000, -6.100000000000000500, 1.599999999999999400 ) ) ;
#3931 = AXIS2_PLACEMENT_3D ( 'NONE', #3930, #3929, #3928 ) ;
#3932 = PLANE ( 'NONE',  #3931 ) ;
#3933 = FACE_OUTER_BOUND ( 'NONE', #750, .T. ) ;
#3934 = DIRECTION ( 'NONE',  ( -1.000000000000000000, 0.0000000000000000000, 0.0000000000000000000 ) ) ;
#3935 = VECTOR ( 'NONE', #3934, 1000.000000000000000 ) ;
#3936 = CARTESIAN_POINT ( 'NONE',  ( 14.00000000000000000, -8.900000000000000400, 5.699999999999999300 ) ) ;
#3937 = CARTESIAN_POINT ( 'NONE',  ( -12.90000000000000000, -3.299999999999999800, 5.599999999999998800 ) ) ;
#3938 = LINE ( 'NONE', #3937, #3999 ) ;
#3939 = DIRECTION ( 'NONE',  ( 0.0000000000000000000, 0.0000000000000000000, 1.000000000000000000 ) ) ;
#3940 = DIRECTION ( 'NONE',  ( -1.000000000000000000, 0.0000000000000000000, 0.0000000000000000000 ) ) ;
#3941 = CARTESIAN_POINT ( 'NONE',  ( 12.44999999999999900, -6.100000000000000500, -4.216456827785264000E-015 ) ) ;
#3942 = AXIS2_PLACEMENT_3D ( 'NONE', #3941, #3940, #3939 ) ;
#3943 = PLANE ( 'NONE',  #3942 ) ;
#3944 = FACE_OUTER_BOUND ( 'NONE', #789, .T. ) ;
#3945 = DIRECTION ( 'NONE',  ( 0.0000000000000000000, 1.000000000000000000, 1.224606353822377500E-016 ) ) ;
#3946 = VECTOR ( 'NONE', #3945, 1000.000000000000000 ) ;
#3947 = CARTESIAN_POINT ( 'NONE',  ( 12.90000000000000000, -6.100000000000000500, 0.5999999999999994200 ) ) ;
#3948 = LINE ( 'NONE', #3947, #3946 ) ;
#3949 = DIRECTION ( 'NONE',  ( 0.0000000000000000000, 1.000000000000000000, 1.224606353822377500E-016 ) ) ;
#3950 = VECTOR ( 'NONE', #3949, 1000.000000000000000 ) ;
#3951 = CARTESIAN_POINT ( 'NONE',  ( 12.44999999999999900, -6.100000000000000500, 0.5999999999999995300 ) ) ;
#3952 = LINE ( 'NONE', #3951, #3950 ) ;
#3953 = DIRECTION ( 'NONE',  ( 0.0000000000000000000, -1.000000000000000000, -1.224606353822377500E-016 ) ) ;
#3954 = DIRECTION ( 'NONE',  ( 0.0000000000000000000, -1.224606353822377500E-016, 1.000000000000000000 ) ) ;
#3955 = CARTESIAN_POINT ( 'NONE',  ( 13.29999999999999900, -6.100000000000000500, 0.5999999999999995300 ) ) ;
#3956 = AXIS2_PLACEMENT_3D ( 'NONE', #3955, #3954, #3953 ) ;
#3957 = PLANE ( 'NONE',  #3956 ) ;
#3958 = FACE_OUTER_BOUND ( 'NONE', #780, .T. ) ;
#3959 = DIRECTION ( 'NONE',  ( 0.0000000000000000000, 1.000000000000000000, 1.224606353822377500E-016 ) ) ;
#3960 = VECTOR ( 'NONE', #3959, 1000.000000000000000 ) ;
#3961 = CARTESIAN_POINT ( 'NONE',  ( -12.90000000000000000, -6.100000000000000500, 0.5999999999999995300 ) ) ;
#3962 = LINE ( 'NONE', #3961, #3960 ) ;
#3963 = CARTESIAN_POINT ( 'NONE',  ( 12.90000000000000000, -6.100000000000000500, 0.5999999999999994200 ) ) ;
#3964 = CARTESIAN_POINT ( 'NONE',  ( 12.44999999999999900, -6.100000000000000500, 0.5999999999999995300 ) ) ;
#3965 = DIRECTION ( 'NONE',  ( 1.000000000000000000, 0.0000000000000000000, 0.0000000000000000000 ) ) ;
#3966 = VECTOR ( 'NONE', #3965, 1000.000000000000000 ) ;
#3967 = CARTESIAN_POINT ( 'NONE',  ( 13.29999999999999900, -6.100000000000000500, 0.5999999999999995300 ) ) ;
#3968 = LINE ( 'NONE', #3967, #3966 ) ;
#3969 = DIRECTION ( 'NONE',  ( 0.0000000000000000000, 1.224606353822377300E-016, -1.000000000000000000 ) ) ;
#3970 = VECTOR ( 'NONE', #3969, 1000.000000000000000 ) ;
#3971 = CARTESIAN_POINT ( 'NONE',  ( -12.44999999999999900, -6.100000000000000500, -4.216456827785264000E-015 ) ) ;
#3972 = LINE ( 'NONE', #3971, #3970 ) ;
#3973 = CARTESIAN_POINT ( 'NONE',  ( -12.44999999999999900, -6.100000000000000500, 0.5999999999999995300 ) ) ;
#3974 = DIRECTION ( 'NONE',  ( 1.000000000000000000, 0.0000000000000000000, 0.0000000000000000000 ) ) ;
#3975 = VECTOR ( 'NONE', #3974, 1000.000000000000000 ) ;
#3976 = CARTESIAN_POINT ( 'NONE',  ( -13.29999999999999900, -6.100000000000000500, 0.5999999999999995300 ) ) ;
#3977 = LINE ( 'NONE', #3976, #3975 ) ;
#3978 = CARTESIAN_POINT ( 'NONE',  ( -12.90000000000000000, -6.099999999999999600, 0.5999999999999996400 ) ) ;
#3979 = DIRECTION ( 'NONE',  ( 0.0000000000000000000, 0.0000000000000000000, -1.000000000000000000 ) ) ;
#3980 = VECTOR ( 'NONE', #3979, 1000.000000000000000 ) ;
#3981 = CARTESIAN_POINT ( 'NONE',  ( -12.90000000000000000, -6.099999999999999600, -0.1000000000000003400 ) ) ;
#3982 = LINE ( 'NONE', #3981, #3980 ) ;
#3983 = DIRECTION ( 'NONE',  ( 0.0000000000000000000, 0.0000000000000000000, -1.000000000000000000 ) ) ;
#3984 = VECTOR ( 'NONE', #3983, 1000.000000000000000 ) ;
#3985 = CARTESIAN_POINT ( 'NONE',  ( 12.90000000000000000, -8.900000000000000400, 2.400000000000000400 ) ) ;
#3986 = LINE ( 'NONE', #3985, #3984 ) ;
#3987 = DIRECTION ( 'NONE',  ( 0.0000000000000000000, 1.224606353822377500E-016, -1.000000000000000000 ) ) ;
#3988 = DIRECTION ( 'NONE',  ( -5.473822126268817900E-048, -1.000000000000000000, -1.224606353822377500E-016 ) ) ;
#3989 = CARTESIAN_POINT ( 'NONE',  ( -14.00000000000000000, -6.100000000000000500, -5.265807321436217700E-016 ) ) ;
#3990 = AXIS2_PLACEMENT_3D ( 'NONE', #3989, #3988, #3987 ) ;
#3991 = PLANE ( 'NONE',  #3990 ) ;
#3992 = FACE_OUTER_BOUND ( 'NONE', #797, .T. ) ;
#3993 = DIRECTION ( 'NONE',  ( 0.0000000000000000000, 0.0000000000000000000, -1.000000000000000000 ) ) ;
#3994 = VECTOR ( 'NONE', #3993, 1000.000000000000000 ) ;
#3995 = CARTESIAN_POINT ( 'NONE',  ( 14.00000000000000000, -8.900000000000000400, 5.699999999999999300 ) ) ;
#3996 = LINE ( 'NONE', #3995, #3994 ) ;
#3997 = CARTESIAN_POINT ( 'NONE',  ( 14.00000000000000000, -8.900000000000000400, 0.0000000000000000000 ) ) ;
#3998 = DIRECTION ( 'NONE',  ( 0.0000000000000000000, 0.0000000000000000000, 1.000000000000000000 ) ) ;
#3999 = VECTOR ( 'NONE', #3998, 1000.000000000000000 ) ;
#4000 = CARTESIAN_POINT ( 'NONE',  ( 10.85000000000000000, -8.900000000000000400, 4.849999999999997900 ) ) ;
#4001 = DIRECTION ( 'NONE',  ( 0.0000000000000000000, 1.224606353822378200E-016, -1.000000000000000000 ) ) ;
#4002 = VECTOR ( 'NONE', #4001, 1000.000000000000000 ) ;
#4003 = CARTESIAN_POINT ( 'NONE',  ( 10.85000000000000000, -8.900000000000000400, 4.849999999999997900 ) ) ;
#4004 = LINE ( 'NONE', #4003, #4002 ) ;
#4005 = DIRECTION ( 'NONE',  ( 0.0000000000000000000, 0.0000000000000000000, -1.000000000000000000 ) ) ;
#4006 = DIRECTION ( 'NONE',  ( 1.000000000000000000, 0.0000000000000000000, 0.0000000000000000000 ) ) ;
#4007 = CARTESIAN_POINT ( 'NONE',  ( -12.44999999999999900, -6.100000000000000500, -4.216456827785264000E-015 ) ) ;
#4008 = AXIS2_PLACEMENT_3D ( 'NONE', #4007, #4006, #4005 ) ;
#4009 = PLANE ( 'NONE',  #4008 ) ;
#4010 = FACE_OUTER_BOUND ( 'NONE', #833, .T. ) ;
#4011 = DIRECTION ( 'NONE',  ( 1.000000000000000000, 0.0000000000000000000, 0.0000000000000000000 ) ) ;
#4012 = VECTOR ( 'NONE', #4011, 1000.000000000000000 ) ;
#4013 = CARTESIAN_POINT ( 'NONE',  ( 12.90000000000000000, -8.900000000000000400, 2.400000000000000400 ) ) ;
#4014 = LINE ( 'NONE', #4013, #4012 ) ;
#4015 = DIRECTION ( 'NONE',  ( 0.0000000000000000000, -1.000000000000000000, 0.0000000000000000000 ) ) ;
#4016 = VECTOR ( 'NONE', #4015, 1000.000000000000000 ) ;
#4017 = CARTESIAN_POINT ( 'NONE',  ( -12.90000000000000000, -5.300000000000002500, 5.599999999999998800 ) ) ;
#4018 = LINE ( 'NONE', #4017, #4016 ) ;
#4019 = DIRECTION ( 'NONE',  ( 0.0000000000000000000, 0.0000000000000000000, 1.000000000000000000 ) ) ;
#4020 = DIRECTION ( 'NONE',  ( 1.000000000000000000, 0.0000000000000000000, 0.0000000000000000000 ) ) ;
#4021 = CARTESIAN_POINT ( 'NONE',  ( -12.90000000000000000, -5.300000000000002500, 5.700000000000000200 ) ) ;
#4022 = AXIS2_PLACEMENT_3D ( 'NONE', #4021, #4020, #4019 ) ;
#4023 = PLANE ( 'NONE',  #4022 ) ;
#4024 = FACE_OUTER_BOUND ( 'NONE', #822, .T. ) ;
#4025 = DIRECTION ( 'NONE',  ( 0.0000000000000000000, 0.0000000000000000000, 1.000000000000000000 ) ) ;
#4026 = VECTOR ( 'NONE', #4025, 1000.000000000000000 ) ;
#4027 = CARTESIAN_POINT ( 'NONE',  ( -13.29999999999999900, -5.300000000000002500, 5.700000000000000200 ) ) ;
#4028 = LINE ( 'NONE', #4027, #4026 ) ;
#4029 = DIRECTION ( 'NONE',  ( 0.0000000000000000000, 1.000000000000000000, 1.224606353822377500E-016 ) ) ;
#4030 = VECTOR ( 'NONE', #4029, 1000.000000000000000 ) ;
#4031 = CARTESIAN_POINT ( 'NONE',  ( -13.29999999999999900, -6.100000000000000500, 1.599999999999999400 ) ) ;
#4032 = LINE ( 'NONE', #4031, #4030 ) ;
#4033 = PLANE ( 'NONE',  #4098 ) ;
#4034 = FACE_OUTER_BOUND ( 'NONE', #861, .T. ) ;
#4035 = DIRECTION ( 'NONE',  ( 0.0000000000000000000, 1.000000000000000000, 1.224606353822377500E-016 ) ) ;
#4036 = VECTOR ( 'NONE', #4035, 1000.000000000000000 ) ;
#4037 = CARTESIAN_POINT ( 'NONE',  ( -12.44999999999999900, -6.100000000000000500, 0.5999999999999995300 ) ) ;
#4038 = LINE ( 'NONE', #4037, #4036 ) ;
#4039 = DIRECTION ( 'NONE',  ( 0.0000000000000000000, -1.000000000000000000, -1.224606353822377500E-016 ) ) ;
#4040 = DIRECTION ( 'NONE',  ( 0.0000000000000000000, -1.224606353822377500E-016, 1.000000000000000000 ) ) ;
#4041 = CARTESIAN_POINT ( 'NONE',  ( -13.29999999999999900, -6.100000000000000500, 0.5999999999999995300 ) ) ;
#4042 = AXIS2_PLACEMENT_3D ( 'NONE', #4041, #4040, #4039 ) ;
#4043 = PLANE ( 'NONE',  #4042 ) ;
#4044 = FACE_OUTER_BOUND ( 'NONE', #854, .T. ) ;
#4045 = DIRECTION ( 'NONE',  ( 0.0000000000000000000, 0.0000000000000000000, 1.000000000000000000 ) ) ;
#4046 = VECTOR ( 'NONE', #4045, 1000.000000000000000 ) ;
#4047 = CARTESIAN_POINT ( 'NONE',  ( -12.90000000000000000, -5.300000000000002500, 5.700000000000000200 ) ) ;
#4048 = LINE ( 'NONE', #4047, #4046 ) ;
#4049 = CARTESIAN_POINT ( 'NONE',  ( 10.85000000000000000, -8.900000000000000400, 5.699999999999997500 ) ) ;
#4050 = CARTESIAN_POINT ( 'NONE',  ( -13.29999999999999900, -5.300000000000003400, 5.599999999999998800 ) ) ;
#4051 = CARTESIAN_POINT ( 'NONE',  ( -12.90000000000000000, -5.300000000000003400, 5.599999999999998800 ) ) ;
#4052 = DIRECTION ( 'NONE',  ( -1.000000000000000000, 0.0000000000000000000, 0.0000000000000000000 ) ) ;
#4053 = VECTOR ( 'NONE', #4052, 1000.000000000000000 ) ;
#4054 = CARTESIAN_POINT ( 'NONE',  ( -12.90000000000000000, -5.300000000000002500, 5.599999999999998800 ) ) ;
#4055 = LINE ( 'NONE', #4054, #4053 ) ;
#4056 = DIRECTION ( 'NONE',  ( 0.0000000000000000000, 0.0000000000000000000, -1.000000000000000000 ) ) ;
#4057 = DIRECTION ( 'NONE',  ( 0.0000000000000000000, -1.000000000000000000, 0.0000000000000000000 ) ) ;
#4058 = CARTESIAN_POINT ( 'NONE',  ( -12.90000000000000000, -5.300000000000002500, 5.700000000000000200 ) ) ;
#4059 = AXIS2_PLACEMENT_3D ( 'NONE', #4058, #4057, #4056 ) ;
#4060 = PLANE ( 'NONE',  #4059 ) ;
#4061 = FACE_OUTER_BOUND ( 'NONE', #841, .T. ) ;
#4062 = DIRECTION ( 'NONE',  ( -1.000000000000000000, 0.0000000000000000000, 0.0000000000000000000 ) ) ;
#4063 = VECTOR ( 'NONE', #4062, 1000.000000000000000 ) ;
#4064 = CARTESIAN_POINT ( 'NONE',  ( 14.00000000000000000, -8.900000000000000400, 0.0000000000000000000 ) ) ;
#4065 = LINE ( 'NONE', #4064, #4063 ) ;
#4066 = DIRECTION ( 'NONE',  ( -1.000000000000000000, 0.0000000000000000000, 0.0000000000000000000 ) ) ;
#4067 = DIRECTION ( 'NONE',  ( 0.0000000000000000000, 0.0000000000000000000, -1.000000000000000000 ) ) ;
#4068 = CARTESIAN_POINT ( 'NONE',  ( 3.799999999999999800, -2.750000000000001800, 5.149999999999997700 ) ) ;
#4069 = AXIS2_PLACEMENT_3D ( 'NONE', #4068, #4067, #4066 ) ;
#4070 = PLANE ( 'NONE',  #4069 ) ;
#4071 = FACE_OUTER_BOUND ( 'NONE', #880, .T. ) ;
#4072 = DIRECTION ( 'NONE',  ( 0.0000000000000000000, 0.0000000000000000000, 1.000000000000000000 ) ) ;
#4073 = VECTOR ( 'NONE', #4072, 1000.000000000000000 ) ;
#4074 = CARTESIAN_POINT ( 'NONE',  ( 2.200000000000000200, -2.750000000000001800, 4.549999999999998000 ) ) ;
#4075 = LINE ( 'NONE', #4074, #4073 ) ;
#4076 = DIRECTION ( 'NONE',  ( 0.0000000000000000000, 0.0000000000000000000, -1.000000000000000000 ) ) ;
#4077 = DIRECTION ( 'NONE',  ( 0.0000000000000000000, -1.000000000000000000, 0.0000000000000000000 ) ) ;
#4078 = CARTESIAN_POINT ( 'NONE',  ( 3.799999999999999800, -2.750000000000001800, 4.549999999999998000 ) ) ;
#4079 = AXIS2_PLACEMENT_3D ( 'NONE', #4078, #4077, #4076 ) ;
#4080 = PLANE ( 'NONE',  #4079 ) ;
#4081 = FACE_OUTER_BOUND ( 'NONE', #873, .T. ) ;
#4082 = DIRECTION ( 'NONE',  ( 0.0000000000000000000, 0.0000000000000000000, -1.000000000000000000 ) ) ;
#4083 = VECTOR ( 'NONE', #4082, 1000.000000000000000 ) ;
#4084 = CARTESIAN_POINT ( 'NONE',  ( 3.799999999999999800, -4.600000000000001400, 4.549999999999998000 ) ) ;
#4085 = LINE ( 'NONE', #4084, #4083 ) ;
#4086 = DIRECTION ( 'NONE',  ( 0.0000000000000000000, 0.0000000000000000000, 1.000000000000000000 ) ) ;
#4087 = VECTOR ( 'NONE', #4086, 1000.000000000000000 ) ;
#4088 = CARTESIAN_POINT ( 'NONE',  ( 2.200000000000000200, -4.600000000000001400, 5.149999999999997700 ) ) ;
#4089 = LINE ( 'NONE', #4088, #4087 ) ;
#4090 = CARTESIAN_POINT ( 'NONE',  ( -12.90000000000000000, -8.900000000000000400, 2.399999999999998600 ) ) ;
#4091 = DIRECTION ( 'NONE',  ( 0.0000000000000000000, 0.0000000000000000000, -1.000000000000000000 ) ) ;
#4092 = VECTOR ( 'NONE', #4091, 1000.000000000000000 ) ;
#4093 = CARTESIAN_POINT ( 'NONE',  ( -12.90000000000000000, -8.900000000000000400, 2.400000000000000400 ) ) ;
#4094 = LINE ( 'NONE', #4093, #4092 ) ;
#4095 = DIRECTION ( 'NONE',  ( 0.0000000000000000000, 0.0000000000000000000, 1.000000000000000000 ) ) ;
#4096 = DIRECTION ( 'NONE',  ( 0.0000000000000000000, 1.000000000000000000, 0.0000000000000000000 ) ) ;
#4097 = CARTESIAN_POINT ( 'NONE',  ( 3.799999999999999800, -4.600000000000001400, 4.549999999999998000 ) ) ;
#4098 = AXIS2_PLACEMENT_3D ( 'NONE', #4097, #4096, #4095 ) ;
#4099 = DIRECTION ( 'NONE',  ( -1.000000000000000000, 0.0000000000000000000, 0.0000000000000000000 ) ) ;
#4100 = VECTOR ( 'NONE', #4099, 1000.000000000000000 ) ;
#4101 = CARTESIAN_POINT ( 'NONE',  ( 14.00000000000000000, -8.900000000000000400, 5.699999999999999300 ) ) ;
#4102 = LINE ( 'NONE', #4101, #4100 ) ;
#4103 = DIRECTION ( 'NONE',  ( -1.000000000000000000, 0.0000000000000000000, 0.0000000000000000000 ) ) ;
#4104 = VECTOR ( 'NONE', #4103, 1000.000000000000000 ) ;
#4105 = CARTESIAN_POINT ( 'NONE',  ( 11.25000000000000000, -2.600000000000000500, 2.849999999999995600 ) ) ;
#4106 = LINE ( 'NONE', #4105, #4104 ) ;
#4107 = CARTESIAN_POINT ( 'NONE',  ( 7.900000000000000400, -8.900000000000000400, 4.849999999999997900 ) ) ;
#4108 = DIRECTION ( 'NONE',  ( -1.000000000000000000, 0.0000000000000000000, 0.0000000000000000000 ) ) ;
#4109 = VECTOR ( 'NONE', #4108, 1000.000000000000000 ) ;
#4110 = CARTESIAN_POINT ( 'NONE',  ( 7.900000000000000400, -8.900000000000000400, 4.849999999999997900 ) ) ;
#4111 = LINE ( 'NONE', #4110, #4109 ) ;
#4112 = DIRECTION ( 'NONE',  ( 0.0000000000000000000, -1.000000000000000000, 0.0000000000000000000 ) ) ;
#4113 = VECTOR ( 'NONE', #4112, 1000.000000000000000 ) ;
#4114 = CARTESIAN_POINT ( 'NONE',  ( 3.799999999999999800, -2.750000000000001800, 5.149999999999997700 ) ) ;
#4115 = LINE ( 'NONE', #4114, #4113 ) ;
#4116 = CARTESIAN_POINT ( 'NONE',  ( 3.799999999999999800, -4.600000000000001400, 5.149999999999997700 ) ) ;
#4117 = DIRECTION ( 'NONE',  ( -1.000000000000000000, 0.0000000000000000000, 0.0000000000000000000 ) ) ;
#4118 = VECTOR ( 'NONE', #4117, 1000.000000000000000 ) ;
#4119 = CARTESIAN_POINT ( 'NONE',  ( 3.799999999999999800, -4.600000000000001400, 5.149999999999997700 ) ) ;
#4120 = LINE ( 'NONE', #4119, #4118 ) ;
#4121 = CARTESIAN_POINT ( 'NONE',  ( 2.200000000000000200, -4.600000000000001400, 5.149999999999997700 ) ) ;
#4122 = DIRECTION ( 'NONE',  ( 0.0000000000000000000, -1.000000000000000000, 0.0000000000000000000 ) ) ;
#4123 = VECTOR ( 'NONE', #4122, 1000.000000000000000 ) ;
#4124 = CARTESIAN_POINT ( 'NONE',  ( 2.200000000000000200, 0.0000000000000000000, 5.149999999999997700 ) ) ;
#4125 = LINE ( 'NONE', #4124, #4123 ) ;
#4126 = CARTESIAN_POINT ( 'NONE',  ( 2.200000000000000200, -2.750000000000001800, 5.149999999999997700 ) ) ;
#4127 = CARTESIAN_POINT ( 'NONE',  ( 3.799999999999999800, -2.750000000000001800, 5.149999999999997700 ) ) ;
#4128 = DIRECTION ( 'NONE',  ( -1.000000000000000000, 0.0000000000000000000, 0.0000000000000000000 ) ) ;
#4129 = VECTOR ( 'NONE', #4128, 1000.000000000000000 ) ;
#4130 = CARTESIAN_POINT ( 'NONE',  ( 3.799999999999999800, -2.750000000000001800, 5.149999999999997700 ) ) ;
#4131 = LINE ( 'NONE', #4130, #4129 ) ;
#4132 = PLANE ( 'NONE',  #4202 ) ;
#4133 = FACE_OUTER_BOUND ( 'NONE', #929, .T. ) ;
#4134 = DIRECTION ( 'NONE',  ( 0.0000000000000000000, 0.0000000000000000000, 1.000000000000000000 ) ) ;
#4135 = VECTOR ( 'NONE', #4134, 1000.000000000000000 ) ;
#4136 = CARTESIAN_POINT ( 'NONE',  ( 3.799999999999999800, -2.750000000000001800, 4.549999999999998000 ) ) ;
#4137 = LINE ( 'NONE', #4136, #4135 ) ;
#4138 = DIRECTION ( 'NONE',  ( 0.0000000000000000000, 1.224606353822377500E-016, -1.000000000000000000 ) ) ;
#4139 = VECTOR ( 'NONE', #4138, 1000.000000000000000 ) ;
#4140 = CARTESIAN_POINT ( 'NONE',  ( 5.700000000000000200, -8.900000000000000400, 5.699999999999999300 ) ) ;
#4141 = LINE ( 'NONE', #4140, #4139 ) ;
#4142 = DIRECTION ( 'NONE',  ( 0.0000000000000000000, 0.0000000000000000000, -1.000000000000000000 ) ) ;
#4143 = DIRECTION ( 'NONE',  ( 1.000000000000000000, 0.0000000000000000000, 0.0000000000000000000 ) ) ;
#4144 = CARTESIAN_POINT ( 'NONE',  ( 2.200000000000000200, 0.0000000000000000000, 5.149999999999997700 ) ) ;
#4145 = AXIS2_PLACEMENT_3D ( 'NONE', #4144, #4143, #4142 ) ;
#4146 = PLANE ( 'NONE',  #4145 ) ;
#4147 = FACE_OUTER_BOUND ( 'NONE', #921, .T. ) ;
#4148 = CARTESIAN_POINT ( 'NONE',  ( -5.700000000000000200, -8.900000000000000400, 5.699999999999999300 ) ) ;
#4149 = DIRECTION ( 'NONE',  ( 0.0000000000000000000, -1.224606353822377500E-016, 1.000000000000000000 ) ) ;
#4150 = VECTOR ( 'NONE', #4149, 1000.000000000000000 ) ;
#4151 = CARTESIAN_POINT ( 'NONE',  ( -5.700000000000000200, -8.900000000000000400, 5.699999999999999300 ) ) ;
#4152 = LINE ( 'NONE', #4151, #4150 ) ;
#4153 = DIRECTION ( 'NONE',  ( 0.0000000000000000000, 0.0000000000000000000, 1.000000000000000000 ) ) ;
#4154 = DIRECTION ( 'NONE',  ( -1.000000000000000000, 0.0000000000000000000, 0.0000000000000000000 ) ) ;
#4155 = CARTESIAN_POINT ( 'NONE',  ( -2.199999999999999700, 0.0000000000000000000, 5.149999999999998600 ) ) ;
#4156 = AXIS2_PLACEMENT_3D ( 'NONE', #4155, #4154, #4153 ) ;
#4157 = PLANE ( 'NONE',  #4156 ) ;
#4158 = FACE_OUTER_BOUND ( 'NONE', #913, .T. ) ;
#4159 = CARTESIAN_POINT ( 'NONE',  ( 11.25000000000000000, -2.600000000000000500, 2.349999999999995600 ) ) ;
#4160 = DIRECTION ( 'NONE',  ( 0.0000000000000000000, 0.0000000000000000000, 1.000000000000000000 ) ) ;
#4161 = VECTOR ( 'NONE', #4160, 1000.000000000000000 ) ;
#4162 = CARTESIAN_POINT ( 'NONE',  ( 11.25000000000000000, -2.600000000000000500, 2.849999999999995600 ) ) ;
#4163 = LINE ( 'NONE', #4162, #4161 ) ;
#4164 = CARTESIAN_POINT ( 'NONE',  ( -7.900000000000000400, -8.900000000000000400, 5.699999999999997500 ) ) ;
#4165 = CARTESIAN_POINT ( 'NONE',  ( 11.25000000000000000, -2.600000000000000500, 2.849999999999995600 ) ) ;
#4166 =( LENGTH_UNIT ( ) NAMED_UNIT ( * ) SI_UNIT ( .MILLI., .METRE. ) );
#4167 = MECHANICAL_DESIGN_GEOMETRIC_PRESENTATION_REPRESENTATION (  '', ( #4169 ), #4228 ) ;
#4168 = PRESENTATION_LAYER_ASSIGNMENT (  '', '', ( #4169 ) ) ;
#4169 = STYLED_ITEM ( 'NONE', ( #4170 ), #947 ) ;
#4170 = PRESENTATION_STYLE_ASSIGNMENT (( #4171 ) ) ;
#4171 = SURFACE_STYLE_USAGE ( .BOTH. , #4172 ) ;
#4172 = SURFACE_SIDE_STYLE ('',( #4173 ) ) ;
#4173 = SURFACE_STYLE_FILL_AREA ( #4174 ) ;
#4174 = FILL_AREA_STYLE ('',( #4181 ) ) ;
#4175 = COLOUR_RGB ( '',0.7529411764705882200, 0.7529411764705882200, 0.7529411764705882200 ) ;
#4176 = FACE_OUTER_BOUND ( 'NONE', #994, .T. ) ;
#4177 = DIRECTION ( 'NONE',  ( -1.000000000000000000, 0.0000000000000000000, 0.0000000000000000000 ) ) ;
#4178 = VECTOR ( 'NONE', #4177, 1000.000000000000000 ) ;
#4179 = CARTESIAN_POINT ( 'NONE',  ( 14.00000000000000000, -8.900000000000000400, 5.699999999999999300 ) ) ;
#4180 = LINE ( 'NONE', #4179, #4178 ) ;
#4181 = FILL_AREA_STYLE_COLOUR ( '', #4175 ) ;
#4182 = CARTESIAN_POINT ( 'NONE',  ( 5.700000000000000200, -8.900000000000000400, 5.699999999999999300 ) ) ;
#4183 = DIRECTION ( 'NONE',  ( 0.0000000000000000000, -1.224606353822378200E-016, 1.000000000000000000 ) ) ;
#4184 = VECTOR ( 'NONE', #4183, 1000.000000000000000 ) ;
#4185 = CARTESIAN_POINT ( 'NONE',  ( -10.85000000000000000, -8.900000000000000400, 4.849999999999997900 ) ) ;
#4186 = LINE ( 'NONE', #4185, #4184 ) ;
#4187 = DIRECTION ( 'NONE',  ( 0.0000000000000000000, 0.0000000000000000000, 1.000000000000000000 ) ) ;
#4188 = DIRECTION ( 'NONE',  ( -1.000000000000000000, 0.0000000000000000000, 0.0000000000000000000 ) ) ;
#4189 = CARTESIAN_POINT ( 'NONE',  ( -14.00000000000000000, -8.900000000000000400, 0.0000000000000000000 ) ) ;
#4190 = AXIS2_PLACEMENT_3D ( 'NONE', #4189, #4188, #4187 ) ;
#4191 = PLANE ( 'NONE',  #4190 ) ;
#4192 = FACE_OUTER_BOUND ( 'NONE', #858, .T. ) ;
#4193 = DIRECTION ( 'NONE',  ( 0.0000000000000000000, 0.0000000000000000000, 1.000000000000000000 ) ) ;
#4194 = DIRECTION ( 'NONE',  ( -1.000000000000000000, 0.0000000000000000000, 0.0000000000000000000 ) ) ;
#4195 = CARTESIAN_POINT ( 'NONE',  ( -3.799999999999999800, -4.600000000000001400, 5.149999999999997700 ) ) ;
#4196 = AXIS2_PLACEMENT_3D ( 'NONE', #4195, #4194, #4193 ) ;
#4197 = PLANE ( 'NONE',  #4196 ) ;
#4198 = FACE_OUTER_BOUND ( 'NONE', #938, .T. ) ;
#4199 = DIRECTION ( 'NONE',  ( 0.0000000000000000000, 0.0000000000000000000, 1.000000000000000000 ) ) ;
#4200 = DIRECTION ( 'NONE',  ( -1.000000000000000000, 0.0000000000000000000, 0.0000000000000000000 ) ) ;
#4201 = CARTESIAN_POINT ( 'NONE',  ( 3.799999999999999800, -4.600000000000001400, 5.149999999999997700 ) ) ;
#4202 = AXIS2_PLACEMENT_3D ( 'NONE', #4201, #4200, #4199 ) ;
#4203 =( LENGTH_UNIT ( ) NAMED_UNIT ( * ) SI_UNIT ( .MILLI., .METRE. ) );
#4204 = MECHANICAL_DESIGN_GEOMETRIC_PRESENTATION_REPRESENTATION (  '', ( #4206 ), #4257 ) ;
#4205 = PRESENTATION_LAYER_ASSIGNMENT (  '', '', ( #4206 ) ) ;
#4206 = STYLED_ITEM ( 'NONE', ( #4207 ), #952 ) ;
#4207 = PRESENTATION_STYLE_ASSIGNMENT (( #4208 ) ) ;
#4208 = SURFACE_STYLE_USAGE ( .BOTH. , #4209 ) ;
#4209 = SURFACE_SIDE_STYLE ('',( #4210 ) ) ;
#4210 = SURFACE_STYLE_FILL_AREA ( #4211 ) ;
#4211 = FILL_AREA_STYLE ('',( #4218 ) ) ;
#4212 = COLOUR_RGB ( '',0.7529411764705882200, 0.7529411764705882200, 0.7529411764705882200 ) ;
#4213 = FACE_OUTER_BOUND ( 'NONE', #953, .T. ) ;
#4214 = DIRECTION ( 'NONE',  ( -1.000000000000000000, 0.0000000000000000000, 0.0000000000000000000 ) ) ;
#4215 = VECTOR ( 'NONE', #4214, 1000.000000000000000 ) ;
#4216 = CARTESIAN_POINT ( 'NONE',  ( 11.25000000000000000, -2.600000000000000500, 2.349999999999995600 ) ) ;
#4217 = LINE ( 'NONE', #4216, #4215 ) ;
#4218 = FILL_AREA_STYLE_COLOUR ( '', #4212 ) ;
#4219 = DIRECTION ( 'NONE',  ( 0.0000000000000000000, 0.0000000000000000000, -1.000000000000000000 ) ) ;
#4220 = VECTOR ( 'NONE', #4219, 1000.000000000000000 ) ;
#4221 = CARTESIAN_POINT ( 'NONE',  ( -11.25000000000000200, -8.900000000000000400, 5.699999999999999300 ) ) ;
#4222 = LINE ( 'NONE', #4221, #4220 ) ;
#4223 = DIRECTION ( 'NONE',  ( 0.0000000000000000000, -1.000000000000000000, -8.340016711426957800E-017 ) ) ;
#4224 = DIRECTION ( 'NONE',  ( 0.0000000000000000000, -8.340016711426957800E-017, 1.000000000000000000 ) ) ;
#4225 = CARTESIAN_POINT ( 'NONE',  ( 11.25000000000000000, -2.600000000000000500, 2.349999999999995600 ) ) ;
#4226 = AXIS2_PLACEMENT_3D ( 'NONE', #4225, #4224, #4223 ) ;
#4227 = PLANE ( 'NONE',  #4226 ) ;
#4228 =( GEOMETRIC_REPRESENTATION_CONTEXT ( 3 ) GLOBAL_UNCERTAINTY_ASSIGNED_CONTEXT ( ( #4229 ) ) GLOBAL_UNIT_ASSIGNED_CONTEXT ( ( #4166, #3905, #4230 ) ) REPRESENTATION_CONTEXT ( 'NONE', 'WORKASPACE' ) );
#4229 = UNCERTAINTY_MEASURE_WITH_UNIT (LENGTH_MEASURE( 1.000000000000000100E-005 ), #4166, 'distance_accuracy_value', 'NONE');
#4230 =( NAMED_UNIT ( * ) SI_UNIT ( $, .STERADIAN. ) SOLID_ANGLE_UNIT ( ) );
#4231 = SURFACE_STYLE_USAGE ( .BOTH. , #4232 ) ;
#4232 = SURFACE_SIDE_STYLE ('',( #4233 ) ) ;
#4233 = SURFACE_STYLE_FILL_AREA ( #4234 ) ;
#4234 = FILL_AREA_STYLE ('',( #4241 ) ) ;
#4235 = COLOUR_RGB ( '',0.7529411764705882200, 0.7529411764705882200, 0.7529411764705882200 ) ;
#4236 = FACE_OUTER_BOUND ( 'NONE', #965, .T. ) ;
#4237 = DIRECTION ( 'NONE',  ( 0.0000000000000000000, 1.000000000000000000, 8.340016711426957800E-017 ) ) ;
#4238 = VECTOR ( 'NONE', #4237, 1000.000000000000000 ) ;
#4239 = CARTESIAN_POINT ( 'NONE',  ( 10.75000000000000000, -2.600000000000000500, 2.349999999999995600 ) ) ;
#4240 = LINE ( 'NONE', #4239, #4238 ) ;
#4241 = FILL_AREA_STYLE_COLOUR ( '', #4235 ) ;
#4242 = CARTESIAN_POINT ( 'NONE',  ( -12.90000000000000000, -8.900000000000000400, 5.599999999999998800 ) ) ;
#4243 = DIRECTION ( 'NONE',  ( 0.0000000000000000000, 0.0000000000000000000, -1.000000000000000000 ) ) ;
#4244 = VECTOR ( 'NONE', #4243, 1000.000000000000000 ) ;
#4245 = CARTESIAN_POINT ( 'NONE',  ( -12.90000000000000000, -8.900000000000000400, 2.400000000000000400 ) ) ;
#4246 = LINE ( 'NONE', #4245, #4244 ) ;
#4247 = CARTESIAN_POINT ( 'NONE',  ( -10.85000000000000000, -8.900000000000000400, 4.849999999999997900 ) ) ;
#4248 = DIRECTION ( 'NONE',  ( 0.0000000000000000000, -1.000000000000000000, 0.0000000000000000000 ) ) ;
#4249 = VECTOR ( 'NONE', #4248, 1000.000000000000000 ) ;
#4250 = CARTESIAN_POINT ( 'NONE',  ( 10.75000000000000000, -8.599999999999999600, 2.849999999999995600 ) ) ;
#4251 = LINE ( 'NONE', #4250, #4249 ) ;
#4252 = DIRECTION ( 'NONE',  ( 0.0000000000000000000, 0.0000000000000000000, -1.000000000000000000 ) ) ;
#4253 = DIRECTION ( 'NONE',  ( 1.000000000000000000, 0.0000000000000000000, 0.0000000000000000000 ) ) ;
#4254 = CARTESIAN_POINT ( 'NONE',  ( 10.75000000000000000, -8.599999999999999600, 2.849999999999995600 ) ) ;
#4255 = AXIS2_PLACEMENT_3D ( 'NONE', #4254, #4253, #4252 ) ;
#4256 = PLANE ( 'NONE',  #4255 ) ;
#4257 =( GEOMETRIC_REPRESENTATION_CONTEXT ( 3 ) GLOBAL_UNCERTAINTY_ASSIGNED_CONTEXT ( ( #4258 ) ) GLOBAL_UNIT_ASSIGNED_CONTEXT ( ( #4203, #4260, #4259 ) ) REPRESENTATION_CONTEXT ( 'NONE', 'WORKASPACE' ) );
#4258 = UNCERTAINTY_MEASURE_WITH_UNIT (LENGTH_MEASURE( 1.000000000000000100E-005 ), #4203, 'distance_accuracy_value', 'NONE');
#4259 =( NAMED_UNIT ( * ) SI_UNIT ( $, .STERADIAN. ) SOLID_ANGLE_UNIT ( ) );
#4260 =( NAMED_UNIT ( * ) PLANE_ANGLE_UNIT ( ) SI_UNIT ( $, .RADIAN. ) );
#4261 =( NAMED_UNIT ( * ) PLANE_ANGLE_UNIT ( ) SI_UNIT ( $, .RADIAN. ) );
#4262 =( LENGTH_UNIT ( ) NAMED_UNIT ( * ) SI_UNIT ( .MILLI., .METRE. ) );
#4263 = MECHANICAL_DESIGN_GEOMETRIC_PRESENTATION_REPRESENTATION (  '', ( #4265 ), #4315 ) ;
#4264 = PRESENTATION_LAYER_ASSIGNMENT (  '', '', ( #4265 ) ) ;
#4265 = STYLED_ITEM ( 'NONE', ( #4266 ), #970 ) ;
#4266 = PRESENTATION_STYLE_ASSIGNMENT (( #4267 ) ) ;
#4267 = SURFACE_STYLE_USAGE ( .BOTH. , #4268 ) ;
#4268 = SURFACE_SIDE_STYLE ('',( #4269 ) ) ;
#4269 = SURFACE_STYLE_FILL_AREA ( #4270 ) ;
#4270 = FILL_AREA_STYLE ('',( #4277 ) ) ;
#4271 = COLOUR_RGB ( '',0.7529411764705882200, 0.7529411764705882200, 0.7529411764705882200 ) ;
#4272 = FACE_OUTER_BOUND ( 'NONE', #972, .T. ) ;
#4273 = DIRECTION ( 'NONE',  ( 0.0000000000000000000, 0.0000000000000000000, -1.000000000000000000 ) ) ;
#4274 = DIRECTION ( 'NONE',  ( 1.000000000000000000, 0.0000000000000000000, 0.0000000000000000000 ) ) ;
#4275 = CARTESIAN_POINT ( 'NONE',  ( 11.25000000000000000, -8.599999999999999600, 2.849999999999995600 ) ) ;
#4276 = AXIS2_PLACEMENT_3D ( 'NONE', #4275, #4274, #4273 ) ;
#4277 = FILL_AREA_STYLE_COLOUR ( '', #4271 ) ;
#4278 = PLANE ( 'NONE',  #4276 ) ;
#4279 =( GEOMETRIC_REPRESENTATION_CONTEXT ( 3 ) GLOBAL_UNCERTAINTY_ASSIGNED_CONTEXT ( ( #4280 ) ) GLOBAL_UNIT_ASSIGNED_CONTEXT ( ( #4283, #4282, #4281 ) ) REPRESENTATION_CONTEXT ( 'NONE', 'WORKASPACE' ) );
#4280 = UNCERTAINTY_MEASURE_WITH_UNIT (LENGTH_MEASURE( 1.000000000000000100E-005 ), #4283, 'distance_accuracy_value', 'NONE');
#4281 =( NAMED_UNIT ( * ) SI_UNIT ( $, .STERADIAN. ) SOLID_ANGLE_UNIT ( ) );
#4282 =( NAMED_UNIT ( * ) PLANE_ANGLE_UNIT ( ) SI_UNIT ( $, .RADIAN. ) );
#4283 =( LENGTH_UNIT ( ) NAMED_UNIT ( * ) SI_UNIT ( .MILLI., .METRE. ) );
#4284 = MECHANICAL_DESIGN_GEOMETRIC_PRESENTATION_REPRESENTATION (  '', ( #4286 ), #4279 ) ;
#4285 = PRESENTATION_LAYER_ASSIGNMENT (  '', '', ( #4286 ) ) ;
#4286 = STYLED_ITEM ( 'NONE', ( #4287 ), #964 ) ;
#4287 = PRESENTATION_STYLE_ASSIGNMENT (( #4231 ) ) ;
#4288 = SURFACE_STYLE_USAGE ( .BOTH. , #4289 ) ;
#4289 = SURFACE_SIDE_STYLE ('',( #4290 ) ) ;
#4290 = SURFACE_STYLE_FILL_AREA ( #4291 ) ;
#4291 = FILL_AREA_STYLE ('',( #4292 ) ) ;
#4292 = FILL_AREA_STYLE_COLOUR ( '', #4293 ) ;
#4293 = COLOUR_RGB ( '',0.7529411764705882200, 0.7529411764705882200, 0.7529411764705882200 ) ;
#4294 = FACE_OUTER_BOUND ( 'NONE', #981, .T. ) ;
#4295 = CARTESIAN_POINT ( 'NONE',  ( -11.25000000000000200, -8.900000000000000400, 0.0000000000000000000 ) ) ;
#4296 = DIRECTION ( 'NONE',  ( -1.000000000000000000, 0.0000000000000000000, 0.0000000000000000000 ) ) ;
#4297 = VECTOR ( 'NONE', #4296, 1000.000000000000000 ) ;
#4298 = CARTESIAN_POINT ( 'NONE',  ( 14.00000000000000000, -8.900000000000000400, 0.0000000000000000000 ) ) ;
#4299 = LINE ( 'NONE', #4298, #4297 ) ;
#4300 = CARTESIAN_POINT ( 'NONE',  ( 10.75000000000000000, -2.600000000000000500, 2.849999999999995600 ) ) ;
#4301 = CARTESIAN_POINT ( 'NONE',  ( 10.75000000000000000, -2.600000000000000500, 2.349999999999995600 ) ) ;
#4302 = DIRECTION ( 'NONE',  ( 0.0000000000000000000, 0.0000000000000000000, 1.000000000000000000 ) ) ;
#4303 = VECTOR ( 'NONE', #4302, 1000.000000000000000 ) ;
#4304 = CARTESIAN_POINT ( 'NONE',  ( 10.75000000000000000, -2.600000000000000500, 2.849999999999995600 ) ) ;
#4305 = LINE ( 'NONE', #4304, #4303 ) ;
#4306 = DIRECTION ( 'NONE',  ( -1.000000000000000000, 0.0000000000000000000, 0.0000000000000000000 ) ) ;
#4307 = VECTOR ( 'NONE', #4306, 1000.000000000000000 ) ;
#4308 = CARTESIAN_POINT ( 'NONE',  ( -12.90000000000000000, -8.900000000000000400, 2.400000000000000400 ) ) ;
#4309 = LINE ( 'NONE', #4308, #4307 ) ;
#4310 = DIRECTION ( 'NONE',  ( 0.0000000000000000000, 0.0000000000000000000, -1.000000000000000000 ) ) ;
#4311 = DIRECTION ( 'NONE',  ( 0.0000000000000000000, -1.000000000000000000, 0.0000000000000000000 ) ) ;
#4312 = CARTESIAN_POINT ( 'NONE',  ( 11.25000000000000000, -2.600000000000000500, 2.849999999999995600 ) ) ;
#4313 = AXIS2_PLACEMENT_3D ( 'NONE', #4312, #4311, #4310 ) ;
#4314 = PLANE ( 'NONE',  #4313 ) ;
#4315 =( GEOMETRIC_REPRESENTATION_CONTEXT ( 3 ) GLOBAL_UNCERTAINTY_ASSIGNED_CONTEXT ( ( #4316 ) ) GLOBAL_UNIT_ASSIGNED_CONTEXT ( ( #4262, #4261, #4317 ) ) REPRESENTATION_CONTEXT ( 'NONE', 'WORKASPACE' ) );
#4316 = UNCERTAINTY_MEASURE_WITH_UNIT (LENGTH_MEASURE( 1.000000000000000100E-005 ), #4262, 'distance_accuracy_value', 'NONE');
#4317 =( NAMED_UNIT ( * ) SI_UNIT ( $, .STERADIAN. ) SOLID_ANGLE_UNIT ( ) );
#4318 = CARTESIAN_POINT ( 'NONE',  ( 10.75000000000000000, -8.300000000000000700, -0.1000000000000041700 ) ) ;
#4319 = DIRECTION ( 'NONE',  ( 0.0000000000000000000, 0.7071067811865510100, 0.7071067811865441300 ) ) ;
#4320 = VECTOR ( 'NONE', #4319, 999.9999999999998900 ) ;
#4321 = CARTESIAN_POINT ( 'NONE',  ( 10.75000000000000000, -8.300000000000000700, -0.1000000000000041700 ) ) ;
#4322 = LINE ( 'NONE', #4321, #4320 ) ;
#4323 = DIRECTION ( 'NONE',  ( 0.0000000000000000000, 0.0000000000000000000, -1.000000000000000000 ) ) ;
#4324 = VECTOR ( 'NONE', #4323, 1000.000000000000000 ) ;
#4325 = CARTESIAN_POINT ( 'NONE',  ( 5.249999999999999100, -8.900000000000000400, 5.699999999999999300 ) ) ;
#4326 = LINE ( 'NONE', #4325, #4324 ) ;
#4327 = DIRECTION ( 'NONE',  ( 0.0000000000000000000, -0.7071067811865510100, -0.7071067811865441300 ) ) ;
#4328 = DIRECTION ( 'NONE',  ( 0.0000000000000000000, -0.7071067811865441300, 0.7071067811865510100 ) ) ;
#4329 = CARTESIAN_POINT ( 'NONE',  ( 11.25000000000000000, -8.300000000000000700, -0.1000000000000041700 ) ) ;
#4330 = AXIS2_PLACEMENT_3D ( 'NONE', #4329, #4328, #4327 ) ;
#4331 = PLANE ( 'NONE',  #4330 ) ;
#4332 =( GEOMETRIC_REPRESENTATION_CONTEXT ( 3 ) GLOBAL_UNCERTAINTY_ASSIGNED_CONTEXT ( ( #4333 ) ) GLOBAL_UNIT_ASSIGNED_CONTEXT ( ( #4336, #4335, #4334 ) ) REPRESENTATION_CONTEXT ( 'NONE', 'WORKASPACE' ) );
#4333 = UNCERTAINTY_MEASURE_WITH_UNIT (LENGTH_MEASURE( 1.000000000000000100E-005 ), #4336, 'distance_accuracy_value', 'NONE');
#4334 =( NAMED_UNIT ( * ) SI_UNIT ( $, .STERADIAN. ) SOLID_ANGLE_UNIT ( ) );
#4335 =( NAMED_UNIT ( * ) PLANE_ANGLE_UNIT ( ) SI_UNIT ( $, .RADIAN. ) );
#4336 =( LENGTH_UNIT ( ) NAMED_UNIT ( * ) SI_UNIT ( .MILLI., .METRE. ) );
#4337 = MECHANICAL_DESIGN_GEOMETRIC_PRESENTATION_REPRESENTATION (  '', ( #4339 ), #4332 ) ;
#4338 = PRESENTATION_LAYER_ASSIGNMENT (  '', '', ( #4339 ) ) ;
#4339 = STYLED_ITEM ( 'NONE', ( #4340 ), #980 ) ;
#4340 = PRESENTATION_STYLE_ASSIGNMENT (( #4288 ) ) ;
#4341 = DIRECTION ( 'NONE',  ( 1.000000000000000000, 0.0000000000000000000, 0.0000000000000000000 ) ) ;
#4342 = CARTESIAN_POINT ( 'NONE',  ( 11.25000000000000000, -8.599999999999999600, 2.849999999999995600 ) ) ;
#4343 = AXIS2_PLACEMENT_3D ( 'NONE', #4342, #4341, #4397 ) ;
#4344 = PLANE ( 'NONE',  #4343 ) ;
#4345 =( GEOMETRIC_REPRESENTATION_CONTEXT ( 3 ) GLOBAL_UNCERTAINTY_ASSIGNED_CONTEXT ( ( #4346 ) ) GLOBAL_UNIT_ASSIGNED_CONTEXT ( ( #4349, #4348, #4347 ) ) REPRESENTATION_CONTEXT ( 'NONE', 'WORKASPACE' ) );
#4346 = UNCERTAINTY_MEASURE_WITH_UNIT (LENGTH_MEASURE( 1.000000000000000100E-005 ), #4349, 'distance_accuracy_value', 'NONE');
#4347 =( NAMED_UNIT ( * ) SI_UNIT ( $, .STERADIAN. ) SOLID_ANGLE_UNIT ( ) );
#4348 =( NAMED_UNIT ( * ) PLANE_ANGLE_UNIT ( ) SI_UNIT ( $, .RADIAN. ) );
#4349 =( LENGTH_UNIT ( ) NAMED_UNIT ( * ) SI_UNIT ( .MILLI., .METRE. ) );
#4350 = MECHANICAL_DESIGN_GEOMETRIC_PRESENTATION_REPRESENTATION (  '', ( #4352 ), #4345 ) ;
#4351 = PRESENTATION_LAYER_ASSIGNMENT (  '', '', ( #4352 ) ) ;
#4352 = STYLED_ITEM ( 'NONE', ( #4353 ), #992 ) ;
#4353 = PRESENTATION_STYLE_ASSIGNMENT (( #4354 ) ) ;
#4354 = SURFACE_STYLE_USAGE ( .BOTH. , #4355 ) ;
#4355 = SURFACE_SIDE_STYLE ('',( #4356 ) ) ;
#4356 = SURFACE_STYLE_FILL_AREA ( #4357 ) ;
#4357 = FILL_AREA_STYLE ('',( #4364 ) ) ;
#4358 = COLOUR_RGB ( '',0.7529411764705882200, 0.7529411764705882200, 0.7529411764705882200 ) ;
#4359 = FACE_OUTER_BOUND ( 'NONE', #993, .T. ) ;
#4360 = DIRECTION ( 'NONE',  ( -1.000000000000000000, 0.0000000000000000000, 0.0000000000000000000 ) ) ;
#4361 = VECTOR ( 'NONE', #4360, 1000.000000000000000 ) ;
#4362 = CARTESIAN_POINT ( 'NONE',  ( 11.25000000000000000, -8.300000000000000700, -0.1000000000000041700 ) ) ;
#4363 = LINE ( 'NONE', #4362, #4361 ) ;
#4364 = FILL_AREA_STYLE_COLOUR ( '', #4358 ) ;
#4365 = CARTESIAN_POINT ( 'NONE',  ( 11.25000000000000000, -8.300000000000000700, -0.1000000000000041700 ) ) ;
#4366 = DIRECTION ( 'NONE',  ( 0.0000000000000000000, 0.7071067811865510100, 0.7071067811865441300 ) ) ;
#4367 = VECTOR ( 'NONE', #4366, 999.9999999999998900 ) ;
#4368 = CARTESIAN_POINT ( 'NONE',  ( 11.25000000000000000, -8.300000000000000700, -0.1000000000000041700 ) ) ;
#4369 = LINE ( 'NONE', #4368, #4367 ) ;
#4370 = LINE ( 'NONE', #4432, #4431 ) ;
#4371 = DIRECTION ( 'NONE',  ( 0.0000000000000000000, 1.000000000000000000, 7.744301232039316700E-017 ) ) ;
#4372 = DIRECTION ( 'NONE',  ( 0.0000000000000000000, 7.744301232039316700E-017, -1.000000000000000000 ) ) ;
#4373 = CARTESIAN_POINT ( 'NONE',  ( 11.25000000000000000, -8.599999999999999600, 0.4999999999999957800 ) ) ;
#4374 = AXIS2_PLACEMENT_3D ( 'NONE', #4373, #4372, #4371 ) ;
#4375 = PLANE ( 'NONE',  #4374 ) ;
#4376 =( GEOMETRIC_REPRESENTATION_CONTEXT ( 3 ) GLOBAL_UNCERTAINTY_ASSIGNED_CONTEXT ( ( #4377 ) ) GLOBAL_UNIT_ASSIGNED_CONTEXT ( ( #4380, #4379, #4378 ) ) REPRESENTATION_CONTEXT ( 'NONE', 'WORKASPACE' ) );
#4377 = UNCERTAINTY_MEASURE_WITH_UNIT (LENGTH_MEASURE( 1.000000000000000100E-005 ), #4380, 'distance_accuracy_value', 'NONE');
#4378 =( NAMED_UNIT ( * ) SI_UNIT ( $, .STERADIAN. ) SOLID_ANGLE_UNIT ( ) );
#4379 =( NAMED_UNIT ( * ) PLANE_ANGLE_UNIT ( ) SI_UNIT ( $, .RADIAN. ) );
#4380 =( LENGTH_UNIT ( ) NAMED_UNIT ( * ) SI_UNIT ( .MILLI., .METRE. ) );
#4381 = MECHANICAL_DESIGN_GEOMETRIC_PRESENTATION_REPRESENTATION (  '', ( #4383 ), #4376 ) ;
#4382 = PRESENTATION_LAYER_ASSIGNMENT (  '', '', ( #4383 ) ) ;
#4383 = STYLED_ITEM ( 'NONE', ( #4384 ), #1003 ) ;
#4384 = PRESENTATION_STYLE_ASSIGNMENT (( #4385 ) ) ;
#4385 = SURFACE_STYLE_USAGE ( .BOTH. , #4386 ) ;
#4386 = SURFACE_SIDE_STYLE ('',( #4387 ) ) ;
#4387 = SURFACE_STYLE_FILL_AREA ( #4388 ) ;
#4388 = FILL_AREA_STYLE ('',( #4389 ) ) ;
#4389 = FILL_AREA_STYLE_COLOUR ( '', #4390 ) ;
#4390 = COLOUR_RGB ( '',0.7529411764705882200, 0.7529411764705882200, 0.7529411764705882200 ) ;
#4391 = FACE_OUTER_BOUND ( 'NONE', #1004, .T. ) ;
#4392 = CARTESIAN_POINT ( 'NONE',  ( -14.00000000000000000, -8.900000000000000400, 0.0000000000000000000 ) ) ;
#4393 = DIRECTION ( 'NONE',  ( 0.0000000000000000000, 0.0000000000000000000, -1.000000000000000000 ) ) ;
#4394 = VECTOR ( 'NONE', #4393, 1000.000000000000000 ) ;
#4395 = CARTESIAN_POINT ( 'NONE',  ( -14.00000000000000000, -8.900000000000000400, 5.699999999999999300 ) ) ;
#4396 = LINE ( 'NONE', #4395, #4394 ) ;
#4397 = DIRECTION ( 'NONE',  ( 0.0000000000000000000, 0.0000000000000000000, -1.000000000000000000 ) ) ;
#4398 =( NAMED_UNIT ( * ) SI_UNIT ( $, .STERADIAN. ) SOLID_ANGLE_UNIT ( ) );
#4399 =( NAMED_UNIT ( * ) PLANE_ANGLE_UNIT ( ) SI_UNIT ( $, .RADIAN. ) );
#4400 =( LENGTH_UNIT ( ) NAMED_UNIT ( * ) SI_UNIT ( .MILLI., .METRE. ) );
#4401 = MECHANICAL_DESIGN_GEOMETRIC_PRESENTATION_REPRESENTATION (  '', ( #4403 ), #4460 ) ;
#4402 = PRESENTATION_LAYER_ASSIGNMENT (  '', '', ( #4403 ) ) ;
#4403 = STYLED_ITEM ( 'NONE', ( #4404 ), #1019 ) ;
#4404 = PRESENTATION_STYLE_ASSIGNMENT (( #4405 ) ) ;
#4405 = SURFACE_STYLE_USAGE ( .BOTH. , #4406 ) ;
#4406 = SURFACE_SIDE_STYLE ('',( #4407 ) ) ;
#4407 = SURFACE_STYLE_FILL_AREA ( #4408 ) ;
#4408 = FILL_AREA_STYLE ('',( #4415 ) ) ;
#4409 = COLOUR_RGB ( '',0.7529411764705882200, 0.7529411764705882200, 0.7529411764705882200 ) ;
#4410 = FACE_OUTER_BOUND ( 'NONE', #939, .T. ) ;
#4411 = DIRECTION ( 'NONE',  ( -1.000000000000000000, 0.0000000000000000000, 0.0000000000000000000 ) ) ;
#4412 = VECTOR ( 'NONE', #4411, 1000.000000000000000 ) ;
#4413 = CARTESIAN_POINT ( 'NONE',  ( -10.85000000000000000, -8.900000000000000400, 4.849999999999997900 ) ) ;
#4414 = LINE ( 'NONE', #4413, #4412 ) ;
#4415 = FILL_AREA_STYLE_COLOUR ( '', #4409 ) ;
#4416 = DIRECTION ( 'NONE',  ( 0.0000000000000000000, 1.000000000000000000, 8.340016711426957800E-017 ) ) ;
#4417 = VECTOR ( 'NONE', #4416, 1000.000000000000000 ) ;
#4418 = CARTESIAN_POINT ( 'NONE',  ( 11.25000000000000000, -2.600000000000000500, 2.349999999999995600 ) ) ;
#4419 = LINE ( 'NONE', #4418, #4417 ) ;
#4420 = DIRECTION ( 'NONE',  ( 0.0000000000000000000, -1.000000000000000000, 0.0000000000000000000 ) ) ;
#4421 = VECTOR ( 'NONE', #4420, 1000.000000000000000 ) ;
#4422 = CARTESIAN_POINT ( 'NONE',  ( 11.25000000000000000, -8.599999999999999600, 2.849999999999995600 ) ) ;
#4423 = LINE ( 'NONE', #4422, #4421 ) ;
#4424 = CARTESIAN_POINT ( 'NONE',  ( 11.25000000000000000, -10.00000000000000000, 0.4999999999999956700 ) ) ;
#4425 = DIRECTION ( 'NONE',  ( 0.0000000000000000000, -1.000000000000000000, -7.744301232039316700E-017 ) ) ;
#4426 = VECTOR ( 'NONE', #4425, 1000.000000000000000 ) ;
#4427 = CARTESIAN_POINT ( 'NONE',  ( 11.25000000000000000, -8.599999999999999600, 0.4999999999999957800 ) ) ;
#4428 = LINE ( 'NONE', #4427, #4426 ) ;
#4429 = CARTESIAN_POINT ( 'NONE',  ( -7.900000000000002100, -8.900000000000000400, 4.849999999999997900 ) ) ;
#4430 = DIRECTION ( 'NONE',  ( 0.0000000000000000000, 1.224606353822378200E-016, -1.000000000000000000 ) ) ;
#4431 = VECTOR ( 'NONE', #4430, 1000.000000000000000 ) ;
#4432 = CARTESIAN_POINT ( 'NONE',  ( -7.900000000000000400, -8.900000000000000400, 4.849999999999997900 ) ) ;
#4433 =( NAMED_UNIT ( * ) SI_UNIT ( $, .STERADIAN. ) SOLID_ANGLE_UNIT ( ) );
#4434 =( NAMED_UNIT ( * ) PLANE_ANGLE_UNIT ( ) SI_UNIT ( $, .RADIAN. ) );
#4435 =( LENGTH_UNIT ( ) NAMED_UNIT ( * ) SI_UNIT ( .MILLI., .METRE. ) );
#4436 = MECHANICAL_DESIGN_GEOMETRIC_PRESENTATION_REPRESENTATION (  '', ( #4438 ), #4483 ) ;
#4437 = PRESENTATION_LAYER_ASSIGNMENT (  '', '', ( #4438 ) ) ;
#4438 = STYLED_ITEM ( 'NONE', ( #4439 ), #1025 ) ;
#4439 = PRESENTATION_STYLE_ASSIGNMENT (( #4440 ) ) ;
#4440 = SURFACE_STYLE_USAGE ( .BOTH. , #4441 ) ;
#4441 = SURFACE_SIDE_STYLE ('',( #4442 ) ) ;
#4442 = SURFACE_STYLE_FILL_AREA ( #4443 ) ;
#4443 = FILL_AREA_STYLE ('',( #4450 ) ) ;
#4444 = COLOUR_RGB ( '',0.7529411764705882200, 0.7529411764705882200, 0.7529411764705882200 ) ;
#4445 = FACE_OUTER_BOUND ( 'NONE', #1026, .T. ) ;
#4446 = DIRECTION ( 'NONE',  ( -1.000000000000000000, 0.0000000000000000000, 0.0000000000000000000 ) ) ;
#4447 = VECTOR ( 'NONE', #4446, 1000.000000000000000 ) ;
#4448 = CARTESIAN_POINT ( 'NONE',  ( 11.25000000000000000, -10.00000000000000000, -0.1000000000000043800 ) ) ;
#4449 = LINE ( 'NONE', #4448, #4447 ) ;
#4450 = FILL_AREA_STYLE_COLOUR ( '', #4444 ) ;
#4451 = DIRECTION ( 'NONE',  ( 0.0000000000000000000, -1.000000000000000000, 0.0000000000000000000 ) ) ;
#4452 = VECTOR ( 'NONE', #4451, 1000.000000000000000 ) ;
#4453 = CARTESIAN_POINT ( 'NONE',  ( 13.29999999999999900, -8.949999999999997500, 5.599999999999998800 ) ) ;
#4454 = LINE ( 'NONE', #4453, #4452 ) ;
#4455 = DIRECTION ( 'NONE',  ( -1.000000000000000000, 0.0000000000000000000, 0.0000000000000000000 ) ) ;
#4456 = DIRECTION ( 'NONE',  ( 0.0000000000000000000, 0.0000000000000000000, -1.000000000000000000 ) ) ;
#4457 = CARTESIAN_POINT ( 'NONE',  ( 11.25000000000000000, -8.599999999999999600, 2.849999999999995600 ) ) ;
#4458 = AXIS2_PLACEMENT_3D ( 'NONE', #4457, #4456, #4455 ) ;
#4459 = PLANE ( 'NONE',  #4458 ) ;
#4460 =( GEOMETRIC_REPRESENTATION_CONTEXT ( 3 ) GLOBAL_UNCERTAINTY_ASSIGNED_CONTEXT ( ( #4461 ) ) GLOBAL_UNIT_ASSIGNED_CONTEXT ( ( #4400, #4399, #4398 ) ) REPRESENTATION_CONTEXT ( 'NONE', 'WORKASPACE' ) );
#4461 = UNCERTAINTY_MEASURE_WITH_UNIT (LENGTH_MEASURE( 1.000000000000000100E-005 ), #4400, 'distance_accuracy_value', 'NONE');
#4462 =( GEOMETRIC_REPRESENTATION_CONTEXT ( 3 ) GLOBAL_UNCERTAINTY_ASSIGNED_CONTEXT ( ( #4463 ) ) GLOBAL_UNIT_ASSIGNED_CONTEXT ( ( #4466, #4465, #4464 ) ) REPRESENTATION_CONTEXT ( 'NONE', 'WORKASPACE' ) );
#4463 = UNCERTAINTY_MEASURE_WITH_UNIT (LENGTH_MEASURE( 1.000000000000000100E-005 ), #4466, 'distance_accuracy_value', 'NONE');
#4464 =( NAMED_UNIT ( * ) SI_UNIT ( $, .STERADIAN. ) SOLID_ANGLE_UNIT ( ) );
#4465 =( NAMED_UNIT ( * ) PLANE_ANGLE_UNIT ( ) SI_UNIT ( $, .RADIAN. ) );
#4466 =( LENGTH_UNIT ( ) NAMED_UNIT ( * ) SI_UNIT ( .MILLI., .METRE. ) );
#4467 = MECHANICAL_DESIGN_GEOMETRIC_PRESENTATION_REPRESENTATION (  '', ( #4469 ), #4462 ) ;
#4468 = PRESENTATION_LAYER_ASSIGNMENT (  '', '', ( #4469 ) ) ;
#4469 = STYLED_ITEM ( 'NONE', ( #4470 ), #1031 ) ;
#4470 = PRESENTATION_STYLE_ASSIGNMENT (( #4471 ) ) ;
#4471 = SURFACE_STYLE_USAGE ( .BOTH. , #4472 ) ;
#4472 = SURFACE_SIDE_STYLE ('',( #4473 ) ) ;
#4473 = SURFACE_STYLE_FILL_AREA ( #4474 ) ;
#4474 = FILL_AREA_STYLE ('',( #4481 ) ) ;
#4475 = COLOUR_RGB ( '',0.7529411764705882200, 0.7529411764705882200, 0.7529411764705882200 ) ;
#4476 = FACE_OUTER_BOUND ( 'NONE', #1032, .T. ) ;
#4477 = DIRECTION ( 'NONE',  ( 0.0000000000000000000, -1.000000000000000000, -1.275531967630005200E-016 ) ) ;
#4478 = DIRECTION ( 'NONE',  ( 0.0000000000000000000, -1.275531967630005200E-016, 1.000000000000000000 ) ) ;
#4479 = CARTESIAN_POINT ( 'NONE',  ( 11.25000000000000000, -8.300000000000000700, -0.1000000000000041700 ) ) ;
#4480 = AXIS2_PLACEMENT_3D ( 'NONE', #4479, #4478, #4477 ) ;
#4481 = FILL_AREA_STYLE_COLOUR ( '', #4475 ) ;
#4482 = PLANE ( 'NONE',  #4480 ) ;
#4483 =( GEOMETRIC_REPRESENTATION_CONTEXT ( 3 ) GLOBAL_UNCERTAINTY_ASSIGNED_CONTEXT ( ( #4484 ) ) GLOBAL_UNIT_ASSIGNED_CONTEXT ( ( #4435, #4434, #4433 ) ) REPRESENTATION_CONTEXT ( 'NONE', 'WORKASPACE' ) );
#4484 = UNCERTAINTY_MEASURE_WITH_UNIT (LENGTH_MEASURE( 1.000000000000000100E-005 ), #4435, 'distance_accuracy_value', 'NONE');
#4485 = UNCERTAINTY_MEASURE_WITH_UNIT (LENGTH_MEASURE( 1.000000000000000100E-005 ), #4488, 'distance_accuracy_value', 'NONE');
#4486 =( NAMED_UNIT ( * ) SI_UNIT ( $, .STERADIAN. ) SOLID_ANGLE_UNIT ( ) );
#4487 =( NAMED_UNIT ( * ) PLANE_ANGLE_UNIT ( ) SI_UNIT ( $, .RADIAN. ) );
#4488 =( LENGTH_UNIT ( ) NAMED_UNIT ( * ) SI_UNIT ( .MILLI., .METRE. ) );
#4489 = MECHANICAL_DESIGN_GEOMETRIC_PRESENTATION_REPRESENTATION (  '', ( #4491 ), #4544 ) ;
#4490 = PRESENTATION_LAYER_ASSIGNMENT (  '', '', ( #4491 ) ) ;
#4491 = STYLED_ITEM ( 'NONE', ( #4492 ), #1043 ) ;
#4492 = PRESENTATION_STYLE_ASSIGNMENT (( #4493 ) ) ;
#4493 = SURFACE_STYLE_USAGE ( .BOTH. , #4494 ) ;
#4494 = SURFACE_SIDE_STYLE ('',( #4495 ) ) ;
#4495 = SURFACE_STYLE_FILL_AREA ( #4496 ) ;
#4496 = FILL_AREA_STYLE ('',( #4503 ) ) ;
#4497 = COLOUR_RGB ( '',0.7529411764705882200, 0.7529411764705882200, 0.7529411764705882200 ) ;
#4498 = FACE_OUTER_BOUND ( 'NONE', #1044, .T. ) ;
#4499 = DIRECTION ( 'NONE',  ( 0.0000000000000000000, 0.0000000000000000000, -1.000000000000000000 ) ) ;
#4500 = VECTOR ( 'NONE', #4499, 1000.000000000000000 ) ;
#4501 = CARTESIAN_POINT ( 'NONE',  ( 10.75000000000000000, -10.00000000000000000, 0.4999999999999956700 ) ) ;
#4502 = LINE ( 'NONE', #4501, #4500 ) ;
#4503 = FILL_AREA_STYLE_COLOUR ( '', #4497 ) ;
#4504 = CARTESIAN_POINT ( 'NONE',  ( 10.75000000000000000, -10.00000000000000000, -0.1000000000000043800 ) ) ;
#4505 = DIRECTION ( 'NONE',  ( 0.0000000000000000000, 1.000000000000000000, 1.275531967630005200E-016 ) ) ;
#4506 = VECTOR ( 'NONE', #4505, 1000.000000000000000 ) ;
#4507 = CARTESIAN_POINT ( 'NONE',  ( 10.75000000000000000, -8.300000000000000700, -0.1000000000000041700 ) ) ;
#4508 = LINE ( 'NONE', #4507, #4506 ) ;
#4509 = CARTESIAN_POINT ( 'NONE',  ( 12.90000000000000000, -8.949999999999997500, 5.599999999999998800 ) ) ;
#4510 = DIRECTION ( 'NONE',  ( 0.0000000000000000000, 0.0000000000000000000, 1.000000000000000000 ) ) ;
#4511 = DIRECTION ( 'NONE',  ( 0.0000000000000000000, 1.000000000000000000, 0.0000000000000000000 ) ) ;
#4512 = CARTESIAN_POINT ( 'NONE',  ( 13.29999999999999900, -8.949999999999997500, 2.399999999999998600 ) ) ;
#4513 = AXIS2_PLACEMENT_3D ( 'NONE', #4512, #4511, #4510 ) ;
#4514 = PLANE ( 'NONE',  #4513 ) ;
#4515 = UNCERTAINTY_MEASURE_WITH_UNIT (LENGTH_MEASURE( 1.000000000000000100E-005 ), #4518, 'distance_accuracy_value', 'NONE');
#4516 =( NAMED_UNIT ( * ) SI_UNIT ( $, .STERADIAN. ) SOLID_ANGLE_UNIT ( ) );
#4517 =( NAMED_UNIT ( * ) PLANE_ANGLE_UNIT ( ) SI_UNIT ( $, .RADIAN. ) );
#4518 =( LENGTH_UNIT ( ) NAMED_UNIT ( * ) SI_UNIT ( .MILLI., .METRE. ) );
#4519 = MECHANICAL_DESIGN_GEOMETRIC_PRESENTATION_REPRESENTATION (  '', ( #4521 ), #4575 ) ;
#4520 = PRESENTATION_LAYER_ASSIGNMENT (  '', '', ( #4521 ) ) ;
#4521 = STYLED_ITEM ( 'NONE', ( #4522 ), #1056 ) ;
#4522 = PRESENTATION_STYLE_ASSIGNMENT (( #4523 ) ) ;
#4523 = SURFACE_STYLE_USAGE ( .BOTH. , #4524 ) ;
#4524 = SURFACE_SIDE_STYLE ('',( #4525 ) ) ;
#4525 = SURFACE_STYLE_FILL_AREA ( #4526 ) ;
#4526 = FILL_AREA_STYLE ('',( #4533 ) ) ;
#4527 = COLOUR_RGB ( '',0.7529411764705882200, 0.7529411764705882200, 0.7529411764705882200 ) ;
#4528 = FACE_OUTER_BOUND ( 'NONE', #1057, .T. ) ;
#4529 = DIRECTION ( 'NONE',  ( 0.0000000000000000000, 1.000000000000000000, 1.275531967630005200E-016 ) ) ;
#4530 = VECTOR ( 'NONE', #4529, 1000.000000000000000 ) ;
#4531 = CARTESIAN_POINT ( 'NONE',  ( 11.25000000000000000, -8.300000000000000700, -0.1000000000000041700 ) ) ;
#4532 = LINE ( 'NONE', #4531, #4530 ) ;
#4533 = FILL_AREA_STYLE_COLOUR ( '', #4527 ) ;
#4534 = CARTESIAN_POINT ( 'NONE',  ( 11.25000000000000000, -10.00000000000000000, -0.1000000000000043800 ) ) ;
#4535 = DIRECTION ( 'NONE',  ( 0.0000000000000000000, 0.0000000000000000000, -1.000000000000000000 ) ) ;
#4536 = VECTOR ( 'NONE', #4535, 1000.000000000000000 ) ;
#4537 = CARTESIAN_POINT ( 'NONE',  ( 11.25000000000000000, -10.00000000000000000, 0.4999999999999956700 ) ) ;
#4538 = LINE ( 'NONE', #4537, #4536 ) ;
#4539 = DIRECTION ( 'NONE',  ( 0.0000000000000000000, 0.0000000000000000000, 1.000000000000000000 ) ) ;
#4540 = DIRECTION ( 'NONE',  ( 0.0000000000000000000, 1.000000000000000000, 0.0000000000000000000 ) ) ;
#4541 = CARTESIAN_POINT ( 'NONE',  ( 11.25000000000000000, -10.00000000000000000, 0.4999999999999956700 ) ) ;
#4542 = AXIS2_PLACEMENT_3D ( 'NONE', #4541, #4540, #4539 ) ;
#4543 = PLANE ( 'NONE',  #4542 ) ;
#4544 =( GEOMETRIC_REPRESENTATION_CONTEXT ( 3 ) GLOBAL_UNCERTAINTY_ASSIGNED_CONTEXT ( ( #4485 ) ) GLOBAL_UNIT_ASSIGNED_CONTEXT ( ( #4488, #4487, #4486 ) ) REPRESENTATION_CONTEXT ( 'NONE', 'WORKASPACE' ) );
#4545 =( LENGTH_UNIT ( ) NAMED_UNIT ( * ) SI_UNIT ( .MILLI., .METRE. ) );
#4546 = MECHANICAL_DESIGN_GEOMETRIC_PRESENTATION_REPRESENTATION (  '', ( #4548 ), #4599 ) ;
#4547 = PRESENTATION_LAYER_ASSIGNMENT (  '', '', ( #4548 ) ) ;
#4548 = STYLED_ITEM ( 'NONE', ( #4549 ), #1068 ) ;
#4549 = PRESENTATION_STYLE_ASSIGNMENT (( #4550 ) ) ;
#4550 = SURFACE_STYLE_USAGE ( .BOTH. , #4551 ) ;
#4551 = SURFACE_SIDE_STYLE ('',( #4552 ) ) ;
#4552 = SURFACE_STYLE_FILL_AREA ( #4553 ) ;
#4553 = FILL_AREA_STYLE ('',( #4560 ) ) ;
#4554 = COLOUR_RGB ( '',0.7529411764705882200, 0.7529411764705882200, 0.7529411764705882200 ) ;
#4555 = FACE_OUTER_BOUND ( 'NONE', #1069, .T. ) ;
#4556 = DIRECTION ( 'NONE',  ( 0.0000000000000000000, 1.000000000000000000, 1.521687259628779000E-016 ) ) ;
#4557 = VECTOR ( 'NONE', #4556, 1000.000000000000000 ) ;
#4558 = CARTESIAN_POINT ( 'NONE',  ( 13.29999999999999900, -6.099999999999999600, 2.399999999999999000 ) ) ;
#4559 = LINE ( 'NONE', #4558, #4557 ) ;
#4560 = FILL_AREA_STYLE_COLOUR ( '', #4554 ) ;
#4561 = CARTESIAN_POINT ( 'NONE',  ( 12.90000000000000000, -6.099999999999999600, -0.1000000000000003400 ) ) ;
#4562 = DIRECTION ( 'NONE',  ( 0.0000000000000000000, 0.0000000000000000000, -1.000000000000000000 ) ) ;
#4563 = VECTOR ( 'NONE', #4562, 1000.000000000000000 ) ;
#4564 = CARTESIAN_POINT ( 'NONE',  ( 12.90000000000000000, -6.099999999999999600, -0.1000000000000003400 ) ) ;
#4565 = LINE ( 'NONE', #4564, #4563 ) ;
#4566 = DIRECTION ( 'NONE',  ( -1.000000000000000000, 0.0000000000000000000, 0.0000000000000000000 ) ) ;
#4567 = VECTOR ( 'NONE', #4566, 1000.000000000000000 ) ;
#4568 = CARTESIAN_POINT ( 'NONE',  ( 11.25000000000000000, -10.00000000000000000, 0.4999999999999956700 ) ) ;
#4569 = LINE ( 'NONE', #4568, #4567 ) ;
#4570 = DIRECTION ( 'NONE',  ( 0.0000000000000000000, 0.0000000000000000000, -1.000000000000000000 ) ) ;
#4571 = DIRECTION ( 'NONE',  ( 1.000000000000000000, 0.0000000000000000000, 0.0000000000000000000 ) ) ;
#4572 = CARTESIAN_POINT ( 'NONE',  ( 10.75000000000000000, -8.599999999999999600, 2.849999999999995600 ) ) ;
#4573 = AXIS2_PLACEMENT_3D ( 'NONE', #4572, #4571, #4570 ) ;
#4574 = PLANE ( 'NONE',  #4573 ) ;
#4575 =( GEOMETRIC_REPRESENTATION_CONTEXT ( 3 ) GLOBAL_UNCERTAINTY_ASSIGNED_CONTEXT ( ( #4515 ) ) GLOBAL_UNIT_ASSIGNED_CONTEXT ( ( #4518, #4517, #4516 ) ) REPRESENTATION_CONTEXT ( 'NONE', 'WORKASPACE' ) );
#4576 =( NAMED_UNIT ( * ) SI_UNIT ( $, .STERADIAN. ) SOLID_ANGLE_UNIT ( ) );
#4577 =( NAMED_UNIT ( * ) PLANE_ANGLE_UNIT ( ) SI_UNIT ( $, .RADIAN. ) );
#4578 =( LENGTH_UNIT ( ) NAMED_UNIT ( * ) SI_UNIT ( .MILLI., .METRE. ) );
#4579 = MECHANICAL_DESIGN_GEOMETRIC_PRESENTATION_REPRESENTATION (  '', ( #4581 ), #4627 ) ;
#4580 = PRESENTATION_LAYER_ASSIGNMENT (  '', '', ( #4581 ) ) ;
#4581 = STYLED_ITEM ( 'NONE', ( #4582 ), #1075 ) ;
#4582 = PRESENTATION_STYLE_ASSIGNMENT (( #4583 ) ) ;
#4583 = SURFACE_STYLE_USAGE ( .BOTH. , #4584 ) ;
#4584 = SURFACE_SIDE_STYLE ('',( #4585 ) ) ;
#4585 = SURFACE_STYLE_FILL_AREA ( #4586 ) ;
#4586 = FILL_AREA_STYLE ('',( #4593 ) ) ;
#4587 = COLOUR_RGB ( '',0.7529411764705882200, 0.7529411764705882200, 0.7529411764705882200 ) ;
#4588 = FACE_OUTER_BOUND ( 'NONE', #1076, .T. ) ;
#4589 = DIRECTION ( 'NONE',  ( 0.0000000000000000000, 1.000000000000000000, 1.521687259628779000E-016 ) ) ;
#4590 = VECTOR ( 'NONE', #4589, 1000.000000000000000 ) ;
#4591 = CARTESIAN_POINT ( 'NONE',  ( 12.90000000000000000, -6.099999999999999600, 2.399999999999999000 ) ) ;
#4592 = LINE ( 'NONE', #4591, #4590 ) ;
#4593 = FILL_AREA_STYLE_COLOUR ( '', #4587 ) ;
#4594 = DIRECTION ( 'NONE',  ( 0.0000000000000000000, 0.0000000000000000000, 1.000000000000000000 ) ) ;
#4595 = DIRECTION ( 'NONE',  ( -1.000000000000000000, 0.0000000000000000000, 0.0000000000000000000 ) ) ;
#4596 = CARTESIAN_POINT ( 'NONE',  ( 12.90000000000000000, -8.949999999999997500, 5.599999999999998800 ) ) ;
#4597 = AXIS2_PLACEMENT_3D ( 'NONE', #4596, #4595, #4594 ) ;
#4598 = PLANE ( 'NONE',  #4597 ) ;
#4599 =( GEOMETRIC_REPRESENTATION_CONTEXT ( 3 ) GLOBAL_UNCERTAINTY_ASSIGNED_CONTEXT ( ( #4600 ) ) GLOBAL_UNIT_ASSIGNED_CONTEXT ( ( #4545, #4602, #4601 ) ) REPRESENTATION_CONTEXT ( 'NONE', 'WORKASPACE' ) );
#4600 = UNCERTAINTY_MEASURE_WITH_UNIT (LENGTH_MEASURE( 1.000000000000000100E-005 ), #4545, 'distance_accuracy_value', 'NONE');
#4601 =( NAMED_UNIT ( * ) SI_UNIT ( $, .STERADIAN. ) SOLID_ANGLE_UNIT ( ) );
#4602 =( NAMED_UNIT ( * ) PLANE_ANGLE_UNIT ( ) SI_UNIT ( $, .RADIAN. ) );
#4603 = UNCERTAINTY_MEASURE_WITH_UNIT (LENGTH_MEASURE( 1.000000000000000100E-005 ), #4606, 'distance_accuracy_value', 'NONE');
#4604 =( NAMED_UNIT ( * ) SI_UNIT ( $, .STERADIAN. ) SOLID_ANGLE_UNIT ( ) );
#4605 =( NAMED_UNIT ( * ) PLANE_ANGLE_UNIT ( ) SI_UNIT ( $, .RADIAN. ) );
#4606 =( LENGTH_UNIT ( ) NAMED_UNIT ( * ) SI_UNIT ( .MILLI., .METRE. ) );
#4607 = MECHANICAL_DESIGN_GEOMETRIC_PRESENTATION_REPRESENTATION (  '', ( #4609 ), #4663 ) ;
#4608 = PRESENTATION_LAYER_ASSIGNMENT (  '', '', ( #4609 ) ) ;
#4609 = STYLED_ITEM ( 'NONE', ( #4610 ), #1081 ) ;
#4610 = PRESENTATION_STYLE_ASSIGNMENT (( #4611 ) ) ;
#4611 = SURFACE_STYLE_USAGE ( .BOTH. , #4612 ) ;
#4612 = SURFACE_SIDE_STYLE ('',( #4613 ) ) ;
#4613 = SURFACE_STYLE_FILL_AREA ( #4614 ) ;
#4614 = FILL_AREA_STYLE ('',( #4621 ) ) ;
#4615 = COLOUR_RGB ( '',0.7529411764705882200, 0.7529411764705882200, 0.7529411764705882200 ) ;
#4616 = FACE_OUTER_BOUND ( 'NONE', #1082, .T. ) ;
#4617 = DIRECTION ( 'NONE',  ( 0.0000000000000000000, -1.000000000000000000, 0.0000000000000000000 ) ) ;
#4618 = VECTOR ( 'NONE', #4617, 1000.000000000000000 ) ;
#4619 = CARTESIAN_POINT ( 'NONE',  ( 12.90000000000000000, -8.949999999999997500, 5.599999999999998800 ) ) ;
#4620 = LINE ( 'NONE', #4619, #4618 ) ;
#4621 = FILL_AREA_STYLE_COLOUR ( '', #4615 ) ;
#4622 = DIRECTION ( 'NONE',  ( 0.0000000000000000000, -1.000000000000000000, -1.521687259628779000E-016 ) ) ;
#4623 = DIRECTION ( 'NONE',  ( 0.0000000000000000000, -1.521687259628779000E-016, 1.000000000000000000 ) ) ;
#4624 = CARTESIAN_POINT ( 'NONE',  ( 13.29999999999999900, -6.099999999999999600, 2.399999999999999000 ) ) ;
#4625 = AXIS2_PLACEMENT_3D ( 'NONE', #4624, #4623, #4622 ) ;
#4626 = PLANE ( 'NONE',  #4625 ) ;
#4627 =( GEOMETRIC_REPRESENTATION_CONTEXT ( 3 ) GLOBAL_UNCERTAINTY_ASSIGNED_CONTEXT ( ( #4628 ) ) GLOBAL_UNIT_ASSIGNED_CONTEXT ( ( #4578, #4577, #4576 ) ) REPRESENTATION_CONTEXT ( 'NONE', 'WORKASPACE' ) );
#4628 = UNCERTAINTY_MEASURE_WITH_UNIT (LENGTH_MEASURE( 1.000000000000000100E-005 ), #4578, 'distance_accuracy_value', 'NONE');
#4629 = DIRECTION ( 'NONE',  ( 1.000000000000000000, 0.0000000000000000000, 0.0000000000000000000 ) ) ;
#4630 = STYLED_ITEM ( 'NONE', ( #4631 ), #1098 ) ;
#4631 = PRESENTATION_STYLE_ASSIGNMENT (( #4632 ) ) ;
#4632 = SURFACE_STYLE_USAGE ( .BOTH. , #4633 ) ;
#4633 = SURFACE_SIDE_STYLE ('',( #4634 ) ) ;
#4634 = SURFACE_STYLE_FILL_AREA ( #4635 ) ;
#4635 = FILL_AREA_STYLE ('',( #4642 ) ) ;
#4636 = COLOUR_RGB ( '',0.7529411764705882200, 0.7529411764705882200, 0.7529411764705882200 ) ;
#4637 = FACE_OUTER_BOUND ( 'NONE', #1099, .T. ) ;
#4638 = DIRECTION ( 'NONE',  ( -1.000000000000000000, 0.0000000000000000000, 0.0000000000000000000 ) ) ;
#4639 = VECTOR ( 'NONE', #4638, 1000.000000000000000 ) ;
#4640 = CARTESIAN_POINT ( 'NONE',  ( 13.29999999999999900, -8.949999999999997500, 5.599999999999998800 ) ) ;
#4641 = LINE ( 'NONE', #4640, #4639 ) ;
#4642 = FILL_AREA_STYLE_COLOUR ( '', #4636 ) ;
#4643 = CARTESIAN_POINT ( 'NONE',  ( 13.29999999999999900, -8.949999999999997500, 5.599999999999998800 ) ) ;
#4644 = DIRECTION ( 'NONE',  ( 0.0000000000000000000, 0.0000000000000000000, -1.000000000000000000 ) ) ;
#4645 = VECTOR ( 'NONE', #4644, 1000.000000000000000 ) ;
#4646 = CARTESIAN_POINT ( 'NONE',  ( 13.29999999999999900, -8.949999999999997500, 2.399999999999998600 ) ) ;
#4647 = LINE ( 'NONE', #4646, #4645 ) ;
#4648 = CARTESIAN_POINT ( 'NONE',  ( 13.29999999999999900, -8.949999999999997500, 2.399999999999998600 ) ) ;
#4649 = DIRECTION ( 'NONE',  ( -1.000000000000000000, 0.0000000000000000000, 0.0000000000000000000 ) ) ;
#4650 = VECTOR ( 'NONE', #4649, 1000.000000000000000 ) ;
#4651 = CARTESIAN_POINT ( 'NONE',  ( 13.29999999999999900, -8.949999999999997500, 2.399999999999998600 ) ) ;
#4652 = LINE ( 'NONE', #4651, #4650 ) ;
#4653 = CARTESIAN_POINT ( 'NONE',  ( 12.90000000000000000, -8.949999999999997500, 2.399999999999998600 ) ) ;
#4654 = DIRECTION ( 'NONE',  ( 0.0000000000000000000, 0.0000000000000000000, -1.000000000000000000 ) ) ;
#4655 = VECTOR ( 'NONE', #4654, 1000.000000000000000 ) ;
#4656 = CARTESIAN_POINT ( 'NONE',  ( 12.90000000000000000, -8.949999999999997500, 2.399999999999998600 ) ) ;
#4657 = LINE ( 'NONE', #4656, #4655 ) ;
#4658 = DIRECTION ( 'NONE',  ( 0.0000000000000000000, 0.0000000000000000000, 1.000000000000000000 ) ) ;
#4659 = DIRECTION ( 'NONE',  ( -1.000000000000000000, 0.0000000000000000000, 0.0000000000000000000 ) ) ;
#4660 = CARTESIAN_POINT ( 'NONE',  ( 13.29999999999999900, -8.949999999999997500, 5.599999999999998800 ) ) ;
#4661 = AXIS2_PLACEMENT_3D ( 'NONE', #4660, #4659, #4658 ) ;
#4662 = PLANE ( 'NONE',  #4661 ) ;
#4663 =( GEOMETRIC_REPRESENTATION_CONTEXT ( 3 ) GLOBAL_UNCERTAINTY_ASSIGNED_CONTEXT ( ( #4603 ) ) GLOBAL_UNIT_ASSIGNED_CONTEXT ( ( #4606, #4605, #4604 ) ) REPRESENTATION_CONTEXT ( 'NONE', 'WORKASPACE' ) );
#4664 =( NAMED_UNIT ( * ) PLANE_ANGLE_UNIT ( ) SI_UNIT ( $, .RADIAN. ) );
#4665 =( LENGTH_UNIT ( ) NAMED_UNIT ( * ) SI_UNIT ( .MILLI., .METRE. ) );
#4666 = MECHANICAL_DESIGN_GEOMETRIC_PRESENTATION_REPRESENTATION (  '', ( #4668 ), #4713 ) ;
#4667 = PRESENTATION_LAYER_ASSIGNMENT (  '', '', ( #4668 ) ) ;
#4668 = STYLED_ITEM ( 'NONE', ( #4669 ), #1102 ) ;
#4669 = PRESENTATION_STYLE_ASSIGNMENT (( #4670 ) ) ;
#4670 = SURFACE_STYLE_USAGE ( .BOTH. , #4671 ) ;
#4671 = SURFACE_SIDE_STYLE ('',( #4672 ) ) ;
#4672 = SURFACE_STYLE_FILL_AREA ( #4673 ) ;
#4673 = FILL_AREA_STYLE ('',( #4680 ) ) ;
#4674 = COLOUR_RGB ( '',0.7529411764705882200, 0.7529411764705882200, 0.7529411764705882200 ) ;
#4675 = FACE_OUTER_BOUND ( 'NONE', #1103, .T. ) ;
#4676 = DIRECTION ( 'NONE',  ( -1.000000000000000000, 0.0000000000000000000, 0.0000000000000000000 ) ) ;
#4677 = DIRECTION ( 'NONE',  ( 0.0000000000000000000, 0.0000000000000000000, -1.000000000000000000 ) ) ;
#4678 = CARTESIAN_POINT ( 'NONE',  ( 13.29999999999999900, -8.949999999999997500, 5.599999999999998800 ) ) ;
#4679 = AXIS2_PLACEMENT_3D ( 'NONE', #4678, #4677, #4676 ) ;
#4680 = FILL_AREA_STYLE_COLOUR ( '', #4674 ) ;
#4681 = PLANE ( 'NONE',  #4679 ) ;
#4682 =( GEOMETRIC_REPRESENTATION_CONTEXT ( 3 ) GLOBAL_UNCERTAINTY_ASSIGNED_CONTEXT ( ( #4683 ) ) GLOBAL_UNIT_ASSIGNED_CONTEXT ( ( #4686, #4685, #4684 ) ) REPRESENTATION_CONTEXT ( 'NONE', 'WORKASPACE' ) );
#4683 = UNCERTAINTY_MEASURE_WITH_UNIT (LENGTH_MEASURE( 1.000000000000000100E-005 ), #4686, 'distance_accuracy_value', 'NONE');
#4684 =( NAMED_UNIT ( * ) SI_UNIT ( $, .STERADIAN. ) SOLID_ANGLE_UNIT ( ) );
#4685 =( NAMED_UNIT ( * ) PLANE_ANGLE_UNIT ( ) SI_UNIT ( $, .RADIAN. ) );
#4686 =( LENGTH_UNIT ( ) NAMED_UNIT ( * ) SI_UNIT ( .MILLI., .METRE. ) );
#4687 = MECHANICAL_DESIGN_GEOMETRIC_PRESENTATION_REPRESENTATION (  '', ( #4630 ), #4682 ) ;
#4688 = PRESENTATION_LAYER_ASSIGNMENT (  '', '', ( #4630 ) ) ;
#4689 = UNCERTAINTY_MEASURE_WITH_UNIT (LENGTH_MEASURE( 1.000000000000000100E-005 ), #4692, 'distance_accuracy_value', 'NONE');
#4690 =( NAMED_UNIT ( * ) SI_UNIT ( $, .STERADIAN. ) SOLID_ANGLE_UNIT ( ) );
#4691 =( NAMED_UNIT ( * ) PLANE_ANGLE_UNIT ( ) SI_UNIT ( $, .RADIAN. ) );
#4692 =( LENGTH_UNIT ( ) NAMED_UNIT ( * ) SI_UNIT ( .MILLI., .METRE. ) );
#4693 = MECHANICAL_DESIGN_GEOMETRIC_PRESENTATION_REPRESENTATION (  '', ( #4695 ), #4741 ) ;
#4694 = PRESENTATION_LAYER_ASSIGNMENT (  '', '', ( #4695 ) ) ;
#4695 = STYLED_ITEM ( 'NONE', ( #4696 ), #1105 ) ;
#4696 = PRESENTATION_STYLE_ASSIGNMENT (( #4697 ) ) ;
#4697 = SURFACE_STYLE_USAGE ( .BOTH. , #4698 ) ;
#4698 = SURFACE_SIDE_STYLE ('',( #4699 ) ) ;
#4699 = SURFACE_STYLE_FILL_AREA ( #4700 ) ;
#4700 = FILL_AREA_STYLE ('',( #4707 ) ) ;
#4701 = COLOUR_RGB ( '',0.7529411764705882200, 0.7529411764705882200, 0.7529411764705882200 ) ;
#4702 = FACE_OUTER_BOUND ( 'NONE', #1129, .T. ) ;
#4703 = DIRECTION ( 'NONE',  ( 0.0000000000000000000, 0.0000000000000000000, 1.000000000000000000 ) ) ;
#4704 = VECTOR ( 'NONE', #4703, 1000.000000000000000 ) ;
#4705 = CARTESIAN_POINT ( 'NONE',  ( 12.90000000000000000, -3.299999999999999800, 5.599999999999998800 ) ) ;
#4706 = LINE ( 'NONE', #4705, #4704 ) ;
#4707 = FILL_AREA_STYLE_COLOUR ( '', #4701 ) ;
#4708 = DIRECTION ( 'NONE',  ( 0.0000000000000000000, 0.0000000000000000000, -1.000000000000000000 ) ) ;
#4709 = DIRECTION ( 'NONE',  ( 0.0000000000000000000, -1.000000000000000000, 0.0000000000000000000 ) ) ;
#4710 = CARTESIAN_POINT ( 'NONE',  ( -13.29999999999999900, -8.949999999999997500, 2.399999999999998600 ) ) ;
#4711 = AXIS2_PLACEMENT_3D ( 'NONE', #4710, #4709, #4708 ) ;
#4712 = PLANE ( 'NONE',  #4711 ) ;
#4713 =( GEOMETRIC_REPRESENTATION_CONTEXT ( 3 ) GLOBAL_UNCERTAINTY_ASSIGNED_CONTEXT ( ( #4714 ) ) GLOBAL_UNIT_ASSIGNED_CONTEXT ( ( #4665, #4664, #4715 ) ) REPRESENTATION_CONTEXT ( 'NONE', 'WORKASPACE' ) );
#4714 = UNCERTAINTY_MEASURE_WITH_UNIT (LENGTH_MEASURE( 1.000000000000000100E-005 ), #4665, 'distance_accuracy_value', 'NONE');
#4715 =( NAMED_UNIT ( * ) SI_UNIT ( $, .STERADIAN. ) SOLID_ANGLE_UNIT ( ) );
#4716 =( GEOMETRIC_REPRESENTATION_CONTEXT ( 3 ) GLOBAL_UNCERTAINTY_ASSIGNED_CONTEXT ( ( #4717 ) ) GLOBAL_UNIT_ASSIGNED_CONTEXT ( ( #4720, #4719, #4718 ) ) REPRESENTATION_CONTEXT ( 'NONE', 'WORKASPACE' ) );
#4717 = UNCERTAINTY_MEASURE_WITH_UNIT (LENGTH_MEASURE( 1.000000000000000100E-005 ), #4720, 'distance_accuracy_value', 'NONE');
#4718 =( NAMED_UNIT ( * ) SI_UNIT ( $, .STERADIAN. ) SOLID_ANGLE_UNIT ( ) );
#4719 =( NAMED_UNIT ( * ) PLANE_ANGLE_UNIT ( ) SI_UNIT ( $, .RADIAN. ) );
#4720 =( LENGTH_UNIT ( ) NAMED_UNIT ( * ) SI_UNIT ( .MILLI., .METRE. ) );
#4721 = MECHANICAL_DESIGN_GEOMETRIC_PRESENTATION_REPRESENTATION (  '', ( #4723 ), #4716 ) ;
#4722 = PRESENTATION_LAYER_ASSIGNMENT (  '', '', ( #4723 ) ) ;
#4723 = STYLED_ITEM ( 'NONE', ( #4724 ), #1112 ) ;
#4724 = PRESENTATION_STYLE_ASSIGNMENT (( #4725 ) ) ;
#4725 = SURFACE_STYLE_USAGE ( .BOTH. , #4726 ) ;
#4726 = SURFACE_SIDE_STYLE ('',( #4727 ) ) ;
#4727 = SURFACE_STYLE_FILL_AREA ( #4728 ) ;
#4728 = FILL_AREA_STYLE ('',( #4735 ) ) ;
#4729 = COLOUR_RGB ( '',0.7529411764705882200, 0.7529411764705882200, 0.7529411764705882200 ) ;
#4730 = FACE_OUTER_BOUND ( 'NONE', #1113, .T. ) ;
#4731 = DIRECTION ( 'NONE',  ( 0.0000000000000000000, 1.000000000000000000, 1.210047067506143700E-016 ) ) ;
#4732 = VECTOR ( 'NONE', #4731, 1000.000000000000000 ) ;
#4733 = CARTESIAN_POINT ( 'NONE',  ( 13.29999999999999900, -3.299999999999999800, -0.1000000000000000100 ) ) ;
#4734 = LINE ( 'NONE', #4733, #4732 ) ;
#4735 = FILL_AREA_STYLE_COLOUR ( '', #4729 ) ;
#4736 = DIRECTION ( 'NONE',  ( 0.0000000000000000000, 0.0000000000000000000, 1.000000000000000000 ) ) ;
#4737 = DIRECTION ( 'NONE',  ( -1.000000000000000000, 0.0000000000000000000, 0.0000000000000000000 ) ) ;
#4738 = CARTESIAN_POINT ( 'NONE',  ( 13.29999999999999900, -8.949999999999997500, 5.599999999999998800 ) ) ;
#4739 = AXIS2_PLACEMENT_3D ( 'NONE', #4738, #4737, #4736 ) ;
#4740 = PLANE ( 'NONE',  #4739 ) ;
#4741 =( GEOMETRIC_REPRESENTATION_CONTEXT ( 3 ) GLOBAL_UNCERTAINTY_ASSIGNED_CONTEXT ( ( #4689 ) ) GLOBAL_UNIT_ASSIGNED_CONTEXT ( ( #4692, #4691, #4690 ) ) REPRESENTATION_CONTEXT ( 'NONE', 'WORKASPACE' ) );
#4742 = PLANE ( 'NONE',  #4797 ) ;
#4743 =( GEOMETRIC_REPRESENTATION_CONTEXT ( 3 ) GLOBAL_UNCERTAINTY_ASSIGNED_CONTEXT ( ( #4744 ) ) GLOBAL_UNIT_ASSIGNED_CONTEXT ( ( #4747, #4746, #4745 ) ) REPRESENTATION_CONTEXT ( 'NONE', 'WORKASPACE' ) );
#4744 = UNCERTAINTY_MEASURE_WITH_UNIT (LENGTH_MEASURE( 1.000000000000000100E-005 ), #4747, 'distance_accuracy_value', 'NONE');
#4745 =( NAMED_UNIT ( * ) SI_UNIT ( $, .STERADIAN. ) SOLID_ANGLE_UNIT ( ) );
#4746 =( NAMED_UNIT ( * ) PLANE_ANGLE_UNIT ( ) SI_UNIT ( $, .RADIAN. ) );
#4747 =( LENGTH_UNIT ( ) NAMED_UNIT ( * ) SI_UNIT ( .MILLI., .METRE. ) );
#4748 = MECHANICAL_DESIGN_GEOMETRIC_PRESENTATION_REPRESENTATION (  '', ( #4750 ), #4743 ) ;
#4749 = PRESENTATION_LAYER_ASSIGNMENT (  '', '', ( #4750 ) ) ;
#4750 = STYLED_ITEM ( 'NONE', ( #4751 ), #1118 ) ;
#4751 = PRESENTATION_STYLE_ASSIGNMENT (( #4752 ) ) ;
#4752 = SURFACE_STYLE_USAGE ( .BOTH. , #4753 ) ;
#4753 = SURFACE_SIDE_STYLE ('',( #4754 ) ) ;
#4754 = SURFACE_STYLE_FILL_AREA ( #4755 ) ;
#4755 = FILL_AREA_STYLE ('',( #4762 ) ) ;
#4756 = COLOUR_RGB ( '',0.7529411764705882200, 0.7529411764705882200, 0.7529411764705882200 ) ;
#4757 = FACE_OUTER_BOUND ( 'NONE', #1119, .T. ) ;
#4758 = DIRECTION ( 'NONE',  ( -1.000000000000000000, 0.0000000000000000000, 0.0000000000000000000 ) ) ;
#4759 = VECTOR ( 'NONE', #4758, 1000.000000000000000 ) ;
#4760 = CARTESIAN_POINT ( 'NONE',  ( 13.29999999999999900, -6.099999999999999600, -0.1000000000000003400 ) ) ;
#4761 = LINE ( 'NONE', #4760, #4759 ) ;
#4762 = FILL_AREA_STYLE_COLOUR ( '', #4756 ) ;
#4763 = DIRECTION ( 'NONE',  ( 0.0000000000000000000, 0.0000000000000000000, 1.000000000000000000 ) ) ;
#4764 = DIRECTION ( 'NONE',  ( -1.000000000000000000, 0.0000000000000000000, 0.0000000000000000000 ) ) ;
#4765 = CARTESIAN_POINT ( 'NONE',  ( 12.90000000000000000, -8.949999999999997500, 5.599999999999998800 ) ) ;
#4766 = AXIS2_PLACEMENT_3D ( 'NONE', #4765, #4764, #4763 ) ;
#4767 = PLANE ( 'NONE',  #4766 ) ;
#4768 =( GEOMETRIC_REPRESENTATION_CONTEXT ( 3 ) GLOBAL_UNCERTAINTY_ASSIGNED_CONTEXT ( ( #4769 ) ) GLOBAL_UNIT_ASSIGNED_CONTEXT ( ( #4772, #4771, #4770 ) ) REPRESENTATION_CONTEXT ( 'NONE', 'WORKASPACE' ) );
#4769 = UNCERTAINTY_MEASURE_WITH_UNIT (LENGTH_MEASURE( 1.000000000000000100E-005 ), #4772, 'distance_accuracy_value', 'NONE');
#4770 =( NAMED_UNIT ( * ) SI_UNIT ( $, .STERADIAN. ) SOLID_ANGLE_UNIT ( ) );
#4771 =( NAMED_UNIT ( * ) PLANE_ANGLE_UNIT ( ) SI_UNIT ( $, .RADIAN. ) );
#4772 =( LENGTH_UNIT ( ) NAMED_UNIT ( * ) SI_UNIT ( .MILLI., .METRE. ) );
#4773 = MECHANICAL_DESIGN_GEOMETRIC_PRESENTATION_REPRESENTATION (  '', ( #4775 ), #4768 ) ;
#4774 = PRESENTATION_LAYER_ASSIGNMENT (  '', '', ( #4775 ) ) ;
#4775 = STYLED_ITEM ( 'NONE', ( #4776 ), #1134 ) ;
#4776 = PRESENTATION_STYLE_ASSIGNMENT (( #4777 ) ) ;
#4777 = SURFACE_STYLE_USAGE ( .BOTH. , #4778 ) ;
#4778 = SURFACE_SIDE_STYLE ('',( #4779 ) ) ;
#4779 = SURFACE_STYLE_FILL_AREA ( #4780 ) ;
#4780 = FILL_AREA_STYLE ('',( #4781 ) ) ;
#4781 = FILL_AREA_STYLE_COLOUR ( '', #4782 ) ;
#4782 = COLOUR_RGB ( '',0.7529411764705882200, 0.7529411764705882200, 0.7529411764705882200 ) ;
#4783 = FACE_OUTER_BOUND ( 'NONE', #1135, .T. ) ;
#4784 = CARTESIAN_POINT ( 'NONE',  ( 12.90000000000000000, -3.299999999999999800, -0.1000000000000000100 ) ) ;
#4785 = DIRECTION ( 'NONE',  ( -1.000000000000000000, 0.0000000000000000000, 0.0000000000000000000 ) ) ;
#4786 = VECTOR ( 'NONE', #4785, 1000.000000000000000 ) ;
#4787 = CARTESIAN_POINT ( 'NONE',  ( 13.29999999999999900, -3.299999999999999800, -0.1000000000000000100 ) ) ;
#4788 = LINE ( 'NONE', #4787, #4786 ) ;
#4789 = CARTESIAN_POINT ( 'NONE',  ( 13.29999999999999900, -3.299999999999999800, -0.1000000000000000100 ) ) ;
#4790 = DIRECTION ( 'NONE',  ( 0.0000000000000000000, 0.0000000000000000000, 1.000000000000000000 ) ) ;
#4791 = VECTOR ( 'NONE', #4790, 1000.000000000000000 ) ;
#4792 = CARTESIAN_POINT ( 'NONE',  ( 13.29999999999999900, -3.299999999999999800, 5.599999999999998800 ) ) ;
#4793 = LINE ( 'NONE', #4792, #4791 ) ;
#4794 = DIRECTION ( 'NONE',  ( 0.0000000000000000000, 0.0000000000000000000, -1.000000000000000000 ) ) ;
#4795 = DIRECTION ( 'NONE',  ( 0.0000000000000000000, -1.000000000000000000, 0.0000000000000000000 ) ) ;
#4796 = CARTESIAN_POINT ( 'NONE',  ( 13.29999999999999900, -3.299999999999999800, 5.599999999999998800 ) ) ;
#4797 = AXIS2_PLACEMENT_3D ( 'NONE', #4796, #4795, #4794 ) ;
#4798 =( LENGTH_UNIT ( ) NAMED_UNIT ( * ) SI_UNIT ( .MILLI., .METRE. ) );
#4799 = MECHANICAL_DESIGN_GEOMETRIC_PRESENTATION_REPRESENTATION (  '', ( #4801 ), #4852 ) ;
#4800 = PRESENTATION_LAYER_ASSIGNMENT (  '', '', ( #4801 ) ) ;
#4801 = STYLED_ITEM ( 'NONE', ( #4802 ), #1152 ) ;
#4802 = PRESENTATION_STYLE_ASSIGNMENT (( #4803 ) ) ;
#4803 = SURFACE_STYLE_USAGE ( .BOTH. , #4804 ) ;
#4804 = SURFACE_SIDE_STYLE ('',( #4805 ) ) ;
#4805 = SURFACE_STYLE_FILL_AREA ( #4806 ) ;
#4806 = FILL_AREA_STYLE ('',( #4813 ) ) ;
#4807 = COLOUR_RGB ( '',0.7529411764705882200, 0.7529411764705882200, 0.7529411764705882200 ) ;
#4808 = FACE_OUTER_BOUND ( 'NONE', #1153, .T. ) ;
#4809 = DIRECTION ( 'NONE',  ( 0.0000000000000000000, -1.000000000000000000, 0.0000000000000000000 ) ) ;
#4810 = VECTOR ( 'NONE', #4809, 1000.000000000000000 ) ;
#4811 = CARTESIAN_POINT ( 'NONE',  ( -12.90000000000000000, -8.949999999999997500, 5.599999999999998800 ) ) ;
#4812 = LINE ( 'NONE', #4811, #4810 ) ;
#4813 = FILL_AREA_STYLE_COLOUR ( '', #4807 ) ;
#4814 = DIRECTION ( 'NONE',  ( 0.0000000000000000000, -1.000000000000000000, 0.0000000000000000000 ) ) ;
#4815 = VECTOR ( 'NONE', #4814, 1000.000000000000000 ) ;
#4816 = CARTESIAN_POINT ( 'NONE',  ( -13.29999999999999900, -8.949999999999997500, 5.599999999999998800 ) ) ;
#4817 = LINE ( 'NONE', #4816, #4815 ) ;
#4818 = DIRECTION ( 'NONE',  ( 0.0000000000000000000, 1.000000000000000000, 1.521687259628779000E-016 ) ) ;
#4819 = VECTOR ( 'NONE', #4818, 1000.000000000000000 ) ;
#4820 = CARTESIAN_POINT ( 'NONE',  ( -12.90000000000000000, -6.099999999999999600, 2.399999999999999000 ) ) ;
#4821 = LINE ( 'NONE', #4820, #4819 ) ;
#4822 = CARTESIAN_POINT ( 'NONE',  ( 13.29999999999999900, -6.099999999999999600, -0.1000000000000003400 ) ) ;
#4823 = DIRECTION ( 'NONE',  ( 0.0000000000000000000, 0.0000000000000000000, -1.000000000000000000 ) ) ;
#4824 = VECTOR ( 'NONE', #4823, 1000.000000000000000 ) ;
#4825 = CARTESIAN_POINT ( 'NONE',  ( 13.29999999999999900, -6.099999999999999600, -0.1000000000000003400 ) ) ;
#4826 = LINE ( 'NONE', #4825, #4824 ) ;
#4827 = DIRECTION ( 'NONE',  ( 0.0000000000000000000, 0.0000000000000000000, 1.000000000000000000 ) ) ;
#4828 = DIRECTION ( 'NONE',  ( 0.0000000000000000000, 1.000000000000000000, 0.0000000000000000000 ) ) ;
#4829 = CARTESIAN_POINT ( 'NONE',  ( 13.29999999999999900, -6.099999999999999600, -0.1000000000000003400 ) ) ;
#4830 = AXIS2_PLACEMENT_3D ( 'NONE', #4829, #4828, #4827 ) ;
#4831 = PLANE ( 'NONE',  #4830 ) ;
#4832 = CARTESIAN_POINT ( 'NONE',  ( -13.29999999999999900, -8.949999999999997500, 5.599999999999998800 ) ) ;
#4833 = DIRECTION ( 'NONE',  ( 1.000000000000000000, 0.0000000000000000000, 0.0000000000000000000 ) ) ;
#4834 = VECTOR ( 'NONE', #4833, 1000.000000000000000 ) ;
#4835 = CARTESIAN_POINT ( 'NONE',  ( -13.29999999999999900, -8.949999999999997500, 5.599999999999998800 ) ) ;
#4836 = LINE ( 'NONE', #4835, #4834 ) ;
#4837 = CARTESIAN_POINT ( 'NONE',  ( -12.90000000000000000, -8.949999999999997500, 2.399999999999998600 ) ) ;
#4838 = CARTESIAN_POINT ( 'NONE',  ( -12.90000000000000000, -8.949999999999997500, 5.599999999999998800 ) ) ;
#4839 = DIRECTION ( 'NONE',  ( 0.0000000000000000000, 0.0000000000000000000, -1.000000000000000000 ) ) ;
#4840 = VECTOR ( 'NONE', #4839, 1000.000000000000000 ) ;
#4841 = CARTESIAN_POINT ( 'NONE',  ( -12.90000000000000000, -8.949999999999997500, 2.399999999999998600 ) ) ;
#4842 = LINE ( 'NONE', #4841, #4840 ) ;
#4843 = DIRECTION ( 'NONE',  ( 0.0000000000000000000, 1.000000000000000000, 1.521687259628779000E-016 ) ) ;
#4844 = VECTOR ( 'NONE', #4843, 1000.000000000000000 ) ;
#4845 = CARTESIAN_POINT ( 'NONE',  ( -13.29999999999999900, -6.099999999999999600, 2.399999999999999000 ) ) ;
#4846 = LINE ( 'NONE', #4845, #4844 ) ;
#4847 = DIRECTION ( 'NONE',  ( 0.0000000000000000000, 0.0000000000000000000, 1.000000000000000000 ) ) ;
#4848 = DIRECTION ( 'NONE',  ( 1.000000000000000000, 0.0000000000000000000, 0.0000000000000000000 ) ) ;
#4849 = CARTESIAN_POINT ( 'NONE',  ( -13.29999999999999900, -8.949999999999997500, 5.599999999999998800 ) ) ;
#4850 = AXIS2_PLACEMENT_3D ( 'NONE', #4849, #4848, #4847 ) ;
#4851 = PLANE ( 'NONE',  #4850 ) ;
#4852 =( GEOMETRIC_REPRESENTATION_CONTEXT ( 3 ) GLOBAL_UNCERTAINTY_ASSIGNED_CONTEXT ( ( #4853 ) ) GLOBAL_UNIT_ASSIGNED_CONTEXT ( ( #4798, #4855, #4854 ) ) REPRESENTATION_CONTEXT ( 'NONE', 'WORKASPACE' ) );
#4853 = UNCERTAINTY_MEASURE_WITH_UNIT (LENGTH_MEASURE( 1.000000000000000100E-005 ), #4798, 'distance_accuracy_value', 'NONE');
#4854 =( NAMED_UNIT ( * ) SI_UNIT ( $, .STERADIAN. ) SOLID_ANGLE_UNIT ( ) );
#4855 =( NAMED_UNIT ( * ) PLANE_ANGLE_UNIT ( ) SI_UNIT ( $, .RADIAN. ) );
#4856 = DIRECTION ( 'NONE',  ( 0.0000000000000000000, 0.0000000000000000000, 1.000000000000000000 ) ) ;
#4857 = CARTESIAN_POINT ( 'NONE',  ( -13.29999999999999900, -8.949999999999997500, 5.599999999999998800 ) ) ;
#4858 = AXIS2_PLACEMENT_3D ( 'NONE', #4857, #4856, #4629 ) ;
#4859 = STYLED_ITEM ( 'NONE', ( #5084 ), #1241 ) ;
#4860 = PLANE ( 'NONE',  #4858 ) ;
#4861 =( GEOMETRIC_REPRESENTATION_CONTEXT ( 3 ) GLOBAL_UNCERTAINTY_ASSIGNED_CONTEXT ( ( #4862 ) ) GLOBAL_UNIT_ASSIGNED_CONTEXT ( ( #4865, #4864, #4863 ) ) REPRESENTATION_CONTEXT ( 'NONE', 'WORKASPACE' ) );
#4862 = UNCERTAINTY_MEASURE_WITH_UNIT (LENGTH_MEASURE( 1.000000000000000100E-005 ), #4865, 'distance_accuracy_value', 'NONE');
#4863 =( NAMED_UNIT ( * ) SI_UNIT ( $, .STERADIAN. ) SOLID_ANGLE_UNIT ( ) );
#4864 =( NAMED_UNIT ( * ) PLANE_ANGLE_UNIT ( ) SI_UNIT ( $, .RADIAN. ) );
#4865 =( LENGTH_UNIT ( ) NAMED_UNIT ( * ) SI_UNIT ( .MILLI., .METRE. ) );
#4866 = MECHANICAL_DESIGN_GEOMETRIC_PRESENTATION_REPRESENTATION (  '', ( #4868 ), #4861 ) ;
#4867 = PRESENTATION_LAYER_ASSIGNMENT (  '', '', ( #4868 ) ) ;
#4868 = STYLED_ITEM ( 'NONE', ( #4869 ), #1170 ) ;
#4869 = PRESENTATION_STYLE_ASSIGNMENT (( #4870 ) ) ;
#4870 = SURFACE_STYLE_USAGE ( .BOTH. , #4871 ) ;
#4871 = SURFACE_SIDE_STYLE ('',( #4872 ) ) ;
#4872 = SURFACE_STYLE_FILL_AREA ( #4873 ) ;
#4873 = FILL_AREA_STYLE ('',( #4880 ) ) ;
#4874 = COLOUR_RGB ( '',0.7529411764705882200, 0.7529411764705882200, 0.7529411764705882200 ) ;
#4875 = FACE_OUTER_BOUND ( 'NONE', #1171, .T. ) ;
#4876 = DIRECTION ( 'NONE',  ( 1.000000000000000000, 0.0000000000000000000, 0.0000000000000000000 ) ) ;
#4877 = VECTOR ( 'NONE', #4876, 1000.000000000000000 ) ;
#4878 = CARTESIAN_POINT ( 'NONE',  ( -13.29999999999999900, -8.949999999999997500, 2.399999999999998600 ) ) ;
#4879 = LINE ( 'NONE', #4878, #4877 ) ;
#4880 = FILL_AREA_STYLE_COLOUR ( '', #4874 ) ;
#4881 = CARTESIAN_POINT ( 'NONE',  ( -13.29999999999999900, -8.949999999999997500, 2.399999999999998600 ) ) ;
#4882 = DIRECTION ( 'NONE',  ( 0.0000000000000000000, 0.0000000000000000000, -1.000000000000000000 ) ) ;
#4883 = VECTOR ( 'NONE', #4882, 1000.000000000000000 ) ;
#4884 = CARTESIAN_POINT ( 'NONE',  ( -13.29999999999999900, -8.949999999999997500, 2.399999999999998600 ) ) ;
#4885 = LINE ( 'NONE', #4884, #4883 ) ;
#4886 = CARTESIAN_POINT ( 'NONE',  ( -13.29999999999999900, -3.299999999999999800, -0.1000000000000000100 ) ) ;
#4887 = LINE ( 'NONE', #4886, #4940 ) ;
#4888 = FILL_AREA_STYLE_COLOUR ( '', #4937 ) ;
#4889 = DIRECTION ( 'NONE',  ( 0.0000000000000000000, -1.000000000000000000, -1.210047067506143700E-016 ) ) ;
#4890 = DIRECTION ( 'NONE',  ( 0.0000000000000000000, -1.210047067506143700E-016, 1.000000000000000000 ) ) ;
#4891 = CARTESIAN_POINT ( 'NONE',  ( 13.29999999999999900, -3.299999999999999800, -0.1000000000000000100 ) ) ;
#4892 = AXIS2_PLACEMENT_3D ( 'NONE', #4891, #4890, #4889 ) ;
#4893 = PLANE ( 'NONE',  #4892 ) ;
#4894 =( GEOMETRIC_REPRESENTATION_CONTEXT ( 3 ) GLOBAL_UNCERTAINTY_ASSIGNED_CONTEXT ( ( #4895 ) ) GLOBAL_UNIT_ASSIGNED_CONTEXT ( ( #4898, #4897, #4896 ) ) REPRESENTATION_CONTEXT ( 'NONE', 'WORKASPACE' ) );
#4895 = UNCERTAINTY_MEASURE_WITH_UNIT (LENGTH_MEASURE( 1.000000000000000100E-005 ), #4898, 'distance_accuracy_value', 'NONE');
#4896 =( NAMED_UNIT ( * ) SI_UNIT ( $, .STERADIAN. ) SOLID_ANGLE_UNIT ( ) );
#4897 =( NAMED_UNIT ( * ) PLANE_ANGLE_UNIT ( ) SI_UNIT ( $, .RADIAN. ) );
#4898 =( LENGTH_UNIT ( ) NAMED_UNIT ( * ) SI_UNIT ( .MILLI., .METRE. ) );
#4899 = MECHANICAL_DESIGN_GEOMETRIC_PRESENTATION_REPRESENTATION (  '', ( #4901 ), #4894 ) ;
#4900 = PRESENTATION_LAYER_ASSIGNMENT (  '', '', ( #4901 ) ) ;
#4901 = STYLED_ITEM ( 'NONE', ( #4902 ), #1177 ) ;
#4902 = PRESENTATION_STYLE_ASSIGNMENT (( #4903 ) ) ;
#4903 = SURFACE_STYLE_USAGE ( .BOTH. , #4904 ) ;
#4904 = SURFACE_SIDE_STYLE ('',( #4905 ) ) ;
#4905 = SURFACE_STYLE_FILL_AREA ( #4906 ) ;
#4906 = FILL_AREA_STYLE ('',( #4913 ) ) ;
#4907 = COLOUR_RGB ( '',0.7529411764705882200, 0.7529411764705882200, 0.7529411764705882200 ) ;
#4908 = FACE_OUTER_BOUND ( 'NONE', #1178, .T. ) ;
#4909 = DIRECTION ( 'NONE',  ( 0.0000000000000000000, 1.000000000000000000, 1.210047067506143700E-016 ) ) ;
#4910 = VECTOR ( 'NONE', #4909, 1000.000000000000000 ) ;
#4911 = CARTESIAN_POINT ( 'NONE',  ( 12.90000000000000000, -3.299999999999999800, -0.1000000000000000100 ) ) ;
#4912 = LINE ( 'NONE', #4911, #4910 ) ;
#4913 = FILL_AREA_STYLE_COLOUR ( '', #4907 ) ;
#4914 = CARTESIAN_POINT ( 'NONE',  ( -13.29999999999999900, -3.299999999999999800, -0.1000000000000000100 ) ) ;
#4915 = DIRECTION ( 'NONE',  ( 1.000000000000000000, 0.0000000000000000000, 0.0000000000000000000 ) ) ;
#4916 = VECTOR ( 'NONE', #4915, 1000.000000000000000 ) ;
#4917 = CARTESIAN_POINT ( 'NONE',  ( -13.29999999999999900, -3.299999999999999800, -0.1000000000000000100 ) ) ;
#4918 = LINE ( 'NONE', #4917, #4916 ) ;
#4919 = DIRECTION ( 'NONE',  ( 0.0000000000000000000, 0.0000000000000000000, 1.000000000000000000 ) ) ;
#4920 = DIRECTION ( 'NONE',  ( 1.000000000000000000, 0.0000000000000000000, 0.0000000000000000000 ) ) ;
#4921 = CARTESIAN_POINT ( 'NONE',  ( -12.90000000000000000, -8.949999999999997500, 5.599999999999998800 ) ) ;
#4922 = AXIS2_PLACEMENT_3D ( 'NONE', #4921, #4920, #4919 ) ;
#4923 = PLANE ( 'NONE',  #4922 ) ;
#4924 =( GEOMETRIC_REPRESENTATION_CONTEXT ( 3 ) GLOBAL_UNCERTAINTY_ASSIGNED_CONTEXT ( ( #4925 ) ) GLOBAL_UNIT_ASSIGNED_CONTEXT ( ( #4928, #4927, #4926 ) ) REPRESENTATION_CONTEXT ( 'NONE', 'WORKASPACE' ) );
#4925 = UNCERTAINTY_MEASURE_WITH_UNIT (LENGTH_MEASURE( 1.000000000000000100E-005 ), #4928, 'distance_accuracy_value', 'NONE');
#4926 =( NAMED_UNIT ( * ) SI_UNIT ( $, .STERADIAN. ) SOLID_ANGLE_UNIT ( ) );
#4927 =( NAMED_UNIT ( * ) PLANE_ANGLE_UNIT ( ) SI_UNIT ( $, .RADIAN. ) );
#4928 =( LENGTH_UNIT ( ) NAMED_UNIT ( * ) SI_UNIT ( .MILLI., .METRE. ) );
#4929 = MECHANICAL_DESIGN_GEOMETRIC_PRESENTATION_REPRESENTATION (  '', ( #4931 ), #4924 ) ;
#4930 = PRESENTATION_LAYER_ASSIGNMENT (  '', '', ( #4931 ) ) ;
#4931 = STYLED_ITEM ( 'NONE', ( #4932 ), #1186 ) ;
#4932 = PRESENTATION_STYLE_ASSIGNMENT (( #4933 ) ) ;
#4933 = SURFACE_STYLE_USAGE ( .BOTH. , #4934 ) ;
#4934 = SURFACE_SIDE_STYLE ('',( #4935 ) ) ;
#4935 = SURFACE_STYLE_FILL_AREA ( #4936 ) ;
#4936 = FILL_AREA_STYLE ('',( #4888 ) ) ;
#4937 = COLOUR_RGB ( '',0.7529411764705882200, 0.7529411764705882200, 0.7529411764705882200 ) ;
#4938 = FACE_OUTER_BOUND ( 'NONE', #1187, .T. ) ;
#4939 = DIRECTION ( 'NONE',  ( 0.0000000000000000000, 1.000000000000000000, 1.210047067506143700E-016 ) ) ;
#4940 = VECTOR ( 'NONE', #4939, 1000.000000000000000 ) ;
#4941 = DIRECTION ( 'NONE',  ( 0.0000000000000000000, 0.0000000000000000000, -1.000000000000000000 ) ) ;
#4942 = VECTOR ( 'NONE', #4941, 1000.000000000000000 ) ;
#4943 = CARTESIAN_POINT ( 'NONE',  ( -13.29999999999999900, -6.099999999999999600, -0.1000000000000003400 ) ) ;
#4944 = LINE ( 'NONE', #4943, #4942 ) ;
#4945 = DIRECTION ( 'NONE',  ( 0.0000000000000000000, 0.0000000000000000000, -1.000000000000000000 ) ) ;
#4946 = DIRECTION ( 'NONE',  ( 0.0000000000000000000, -1.000000000000000000, 0.0000000000000000000 ) ) ;
#4947 = CARTESIAN_POINT ( 'NONE',  ( -13.29999999999999900, -6.099999999999999600, -0.1000000000000003400 ) ) ;
#4948 = AXIS2_PLACEMENT_3D ( 'NONE', #4947, #4946, #4945 ) ;
#4949 = PLANE ( 'NONE',  #4948 ) ;
#4950 =( GEOMETRIC_REPRESENTATION_CONTEXT ( 3 ) GLOBAL_UNCERTAINTY_ASSIGNED_CONTEXT ( ( #4951 ) ) GLOBAL_UNIT_ASSIGNED_CONTEXT ( ( #4954, #4953, #4952 ) ) REPRESENTATION_CONTEXT ( 'NONE', 'WORKASPACE' ) );
#4951 = UNCERTAINTY_MEASURE_WITH_UNIT (LENGTH_MEASURE( 1.000000000000000100E-005 ), #4954, 'distance_accuracy_value', 'NONE');
#4952 =( NAMED_UNIT ( * ) SI_UNIT ( $, .STERADIAN. ) SOLID_ANGLE_UNIT ( ) );
#4953 =( NAMED_UNIT ( * ) PLANE_ANGLE_UNIT ( ) SI_UNIT ( $, .RADIAN. ) );
#4954 =( LENGTH_UNIT ( ) NAMED_UNIT ( * ) SI_UNIT ( .MILLI., .METRE. ) );
#4955 = MECHANICAL_DESIGN_GEOMETRIC_PRESENTATION_REPRESENTATION (  '', ( #4957 ), #4950 ) ;
#4956 = PRESENTATION_LAYER_ASSIGNMENT (  '', '', ( #4957 ) ) ;
#4957 = STYLED_ITEM ( 'NONE', ( #4958 ), #1194 ) ;
#4958 = PRESENTATION_STYLE_ASSIGNMENT (( #4959 ) ) ;
#4959 = SURFACE_STYLE_USAGE ( .BOTH. , #4960 ) ;
#4960 = SURFACE_SIDE_STYLE ('',( #4961 ) ) ;
#4961 = SURFACE_STYLE_FILL_AREA ( #4962 ) ;
#4962 = FILL_AREA_STYLE ('',( #4969 ) ) ;
#4963 = COLOUR_RGB ( '',0.7529411764705882200, 0.7529411764705882200, 0.7529411764705882200 ) ;
#4964 = FACE_OUTER_BOUND ( 'NONE', #1195, .T. ) ;
#4965 = DIRECTION ( 'NONE',  ( 0.0000000000000000000, 0.0000000000000000000, 1.000000000000000000 ) ) ;
#4966 = VECTOR ( 'NONE', #4965, 1000.000000000000000 ) ;
#4967 = CARTESIAN_POINT ( 'NONE',  ( -13.29999999999999900, -3.299999999999999800, 5.599999999999998800 ) ) ;
#4968 = LINE ( 'NONE', #4967, #4966 ) ;
#4969 = FILL_AREA_STYLE_COLOUR ( '', #4963 ) ;
#4970 = SURFACE_STYLE_FILL_AREA ( #4971 ) ;
#4971 = FILL_AREA_STYLE ('',( #4972 ) ) ;
#4972 = FILL_AREA_STYLE_COLOUR ( '', #4973 ) ;
#4973 = COLOUR_RGB ( '',0.7529411764705882200, 0.7529411764705882200, 0.7529411764705882200 ) ;
#4974 = DIRECTION ( 'NONE',  ( 0.0000000000000000000, 1.000000000000000000, 1.521687259628779000E-016 ) ) ;
#4975 = DIRECTION ( 'NONE',  ( 0.0000000000000000000, 1.521687259628779000E-016, -1.000000000000000000 ) ) ;
#4976 = CARTESIAN_POINT ( 'NONE',  ( -13.29999999999999900, -6.099999999999999600, 2.399999999999999000 ) ) ;
#4977 = AXIS2_PLACEMENT_3D ( 'NONE', #4976, #4975, #4974 ) ;
#4978 = FACE_OUTER_BOUND ( 'NONE', #1210, .T. ) ;
#4979 = PLANE ( 'NONE',  #4977 ) ;
#4980 =( GEOMETRIC_REPRESENTATION_CONTEXT ( 3 ) GLOBAL_UNCERTAINTY_ASSIGNED_CONTEXT ( ( #4981 ) ) GLOBAL_UNIT_ASSIGNED_CONTEXT ( ( #4984, #4983, #4982 ) ) REPRESENTATION_CONTEXT ( 'NONE', 'WORKASPACE' ) );
#4981 = UNCERTAINTY_MEASURE_WITH_UNIT (LENGTH_MEASURE( 1.000000000000000100E-005 ), #4984, 'distance_accuracy_value', 'NONE');
#4982 =( NAMED_UNIT ( * ) SI_UNIT ( $, .STERADIAN. ) SOLID_ANGLE_UNIT ( ) );
#4983 =( NAMED_UNIT ( * ) PLANE_ANGLE_UNIT ( ) SI_UNIT ( $, .RADIAN. ) );
#4984 =( LENGTH_UNIT ( ) NAMED_UNIT ( * ) SI_UNIT ( .MILLI., .METRE. ) );
#4985 = MECHANICAL_DESIGN_GEOMETRIC_PRESENTATION_REPRESENTATION (  '', ( #4987 ), #4980 ) ;
#4986 = PRESENTATION_LAYER_ASSIGNMENT (  '', '', ( #4987 ) ) ;
#4987 = STYLED_ITEM ( 'NONE', ( #4988 ), #1203 ) ;
#4988 = PRESENTATION_STYLE_ASSIGNMENT (( #4989 ) ) ;
#4989 = SURFACE_STYLE_USAGE ( .BOTH. , #4990 ) ;
#4990 = SURFACE_SIDE_STYLE ('',( #4991 ) ) ;
#4991 = SURFACE_STYLE_FILL_AREA ( #4992 ) ;
#4992 = FILL_AREA_STYLE ('',( #4994 ) ) ;
#4993 = COLOUR_RGB ( '',0.7529411764705882200, 0.7529411764705882200, 0.7529411764705882200 ) ;
#4994 = FILL_AREA_STYLE_COLOUR ( '', #4993 ) ;
#4995 = FACE_OUTER_BOUND ( 'NONE', #1204, .T. ) ;
#4996 = CARTESIAN_POINT ( 'NONE',  ( -12.90000000000000000, -6.099999999999999600, -0.1000000000000003400 ) ) ;
#4997 = DIRECTION ( 'NONE',  ( 1.000000000000000000, 0.0000000000000000000, 0.0000000000000000000 ) ) ;
#4998 = VECTOR ( 'NONE', #4997, 1000.000000000000000 ) ;
#4999 = CARTESIAN_POINT ( 'NONE',  ( -13.29999999999999900, -6.099999999999999600, -0.1000000000000003400 ) ) ;
#5000 = LINE ( 'NONE', #4999, #4998 ) ;
#5001 = CARTESIAN_POINT ( 'NONE',  ( -13.29999999999999900, -6.099999999999999600, -0.1000000000000003400 ) ) ;
#5002 = MECHANICAL_DESIGN_GEOMETRIC_PRESENTATION_REPRESENTATION (  '', ( #5004 ), #5052 ) ;
#5003 = PRESENTATION_LAYER_ASSIGNMENT (  '', '', ( #5004 ) ) ;
#5004 = STYLED_ITEM ( 'NONE', ( #5005 ), #1220 ) ;
#5005 = PRESENTATION_STYLE_ASSIGNMENT (( #5006 ) ) ;
#5006 = SURFACE_STYLE_USAGE ( .BOTH. , #5007 ) ;
#5007 = SURFACE_SIDE_STYLE ('',( #5008 ) ) ;
#5008 = SURFACE_STYLE_FILL_AREA ( #5009 ) ;
#5009 = FILL_AREA_STYLE ('',( #5010 ) ) ;
#5010 = FILL_AREA_STYLE_COLOUR ( '', #5011 ) ;
#5011 = COLOUR_RGB ( '',0.7529411764705882200, 0.7529411764705882200, 0.7529411764705882200 ) ;
#5012 = FACE_OUTER_BOUND ( 'NONE', #1140, .T. ) ;
#5013 = CARTESIAN_POINT ( 'NONE',  ( -12.90000000000000000, -3.299999999999999800, -0.1000000000000000100 ) ) ;
#5014 = DIRECTION ( 'NONE',  ( 0.0000000000000000000, 0.0000000000000000000, 1.000000000000000000 ) ) ;
#5015 = VECTOR ( 'NONE', #5014, 1000.000000000000000 ) ;
#5016 = CARTESIAN_POINT ( 'NONE',  ( -12.90000000000000000, -3.299999999999999800, 5.599999999999998800 ) ) ;
#5017 = LINE ( 'NONE', #5016, #5015 ) ;
#5018 = DIRECTION ( 'NONE',  ( 0.0000000000000000000, 0.0000000000000000000, 1.000000000000000000 ) ) ;
#5019 = DIRECTION ( 'NONE',  ( 0.0000000000000000000, 1.000000000000000000, 0.0000000000000000000 ) ) ;
#5020 = CARTESIAN_POINT ( 'NONE',  ( -13.29999999999999900, -3.299999999999999800, 5.599999999999998800 ) ) ;
#5021 = AXIS2_PLACEMENT_3D ( 'NONE', #5020, #5019, #5018 ) ;
#5022 = PLANE ( 'NONE',  #5021 ) ;
#5023 =( GEOMETRIC_REPRESENTATION_CONTEXT ( 3 ) GLOBAL_UNCERTAINTY_ASSIGNED_CONTEXT ( ( #5024 ) ) GLOBAL_UNIT_ASSIGNED_CONTEXT ( ( #5027, #5026, #5025 ) ) REPRESENTATION_CONTEXT ( 'NONE', 'WORKASPACE' ) );
#5024 = UNCERTAINTY_MEASURE_WITH_UNIT (LENGTH_MEASURE( 1.000000000000000100E-005 ), #5027, 'distance_accuracy_value', 'NONE');
#5025 =( NAMED_UNIT ( * ) SI_UNIT ( $, .STERADIAN. ) SOLID_ANGLE_UNIT ( ) );
#5026 =( NAMED_UNIT ( * ) PLANE_ANGLE_UNIT ( ) SI_UNIT ( $, .RADIAN. ) );
#5027 =( LENGTH_UNIT ( ) NAMED_UNIT ( * ) SI_UNIT ( .MILLI., .METRE. ) );
#5028 = MECHANICAL_DESIGN_GEOMETRIC_PRESENTATION_REPRESENTATION (  '', ( #5030 ), #5023 ) ;
#5029 = PRESENTATION_LAYER_ASSIGNMENT (  '', '', ( #5030 ) ) ;
#5030 = STYLED_ITEM ( 'NONE', ( #5031 ), #1209 ) ;
#5031 = PRESENTATION_STYLE_ASSIGNMENT (( #5032 ) ) ;
#5032 = SURFACE_STYLE_USAGE ( .BOTH. , #5033 ) ;
#5033 = SURFACE_SIDE_STYLE ('',( #4970 ) ) ;
#5034 =( NAMED_UNIT ( * ) PLANE_ANGLE_UNIT ( ) SI_UNIT ( $, .RADIAN. ) );
#5035 =( LENGTH_UNIT ( ) NAMED_UNIT ( * ) SI_UNIT ( .MILLI., .METRE. ) );
#5036 = MECHANICAL_DESIGN_GEOMETRIC_PRESENTATION_REPRESENTATION (  '', ( #5038 ), #5081 ) ;
#5037 = PRESENTATION_LAYER_ASSIGNMENT (  '', '', ( #5038 ) ) ;
#5038 = STYLED_ITEM ( 'NONE', ( #5039 ), #1221 ) ;
#5039 = PRESENTATION_STYLE_ASSIGNMENT (( #5040 ) ) ;
#5040 = SURFACE_STYLE_USAGE ( .BOTH. , #5041 ) ;
#5041 = SURFACE_SIDE_STYLE ('',( #5042 ) ) ;
#5042 = SURFACE_STYLE_FILL_AREA ( #5043 ) ;
#5043 = FILL_AREA_STYLE ('',( #5050 ) ) ;
#5044 = COLOUR_RGB ( '',0.7529411764705882200, 0.7529411764705882200, 0.7529411764705882200 ) ;
#5045 = FACE_OUTER_BOUND ( 'NONE', #1222, .T. ) ;
#5046 = DIRECTION ( 'NONE',  ( 0.0000000000000000000, 0.0000000000000000000, 1.000000000000000000 ) ) ;
#5047 = DIRECTION ( 'NONE',  ( 1.000000000000000000, 0.0000000000000000000, 0.0000000000000000000 ) ) ;
#5048 = CARTESIAN_POINT ( 'NONE',  ( -12.90000000000000000, -8.949999999999997500, 5.599999999999998800 ) ) ;
#5049 = AXIS2_PLACEMENT_3D ( 'NONE', #5048, #5047, #5046 ) ;
#5050 = FILL_AREA_STYLE_COLOUR ( '', #5044 ) ;
#5051 = PLANE ( 'NONE',  #5049 ) ;
#5052 =( GEOMETRIC_REPRESENTATION_CONTEXT ( 3 ) GLOBAL_UNCERTAINTY_ASSIGNED_CONTEXT ( ( #5053 ) ) GLOBAL_UNIT_ASSIGNED_CONTEXT ( ( #5056, #5055, #5054 ) ) REPRESENTATION_CONTEXT ( 'NONE', 'WORKASPACE' ) );
#5053 = UNCERTAINTY_MEASURE_WITH_UNIT (LENGTH_MEASURE( 1.000000000000000100E-005 ), #5056, 'distance_accuracy_value', 'NONE');
#5054 =( NAMED_UNIT ( * ) SI_UNIT ( $, .STERADIAN. ) SOLID_ANGLE_UNIT ( ) );
#5055 =( NAMED_UNIT ( * ) PLANE_ANGLE_UNIT ( ) SI_UNIT ( $, .RADIAN. ) );
#5056 =( LENGTH_UNIT ( ) NAMED_UNIT ( * ) SI_UNIT ( .MILLI., .METRE. ) );
#5057 = UNCERTAINTY_MEASURE_WITH_UNIT (LENGTH_MEASURE( 1.000000000000000100E-005 ), #5060, 'distance_accuracy_value', 'NONE');
#5058 =( NAMED_UNIT ( * ) SI_UNIT ( $, .STERADIAN. ) SOLID_ANGLE_UNIT ( ) );
#5059 =( NAMED_UNIT ( * ) PLANE_ANGLE_UNIT ( ) SI_UNIT ( $, .RADIAN. ) );
#5060 =( LENGTH_UNIT ( ) NAMED_UNIT ( * ) SI_UNIT ( .MILLI., .METRE. ) );
#5061 = MECHANICAL_DESIGN_GEOMETRIC_PRESENTATION_REPRESENTATION (  '', ( #5063 ), #5117 ) ;
#5062 = PRESENTATION_LAYER_ASSIGNMENT (  '', '', ( #5063 ) ) ;
#5063 = STYLED_ITEM ( 'NONE', ( #5064 ), #1227 ) ;
#5064 = PRESENTATION_STYLE_ASSIGNMENT (( #5065 ) ) ;
#5065 = SURFACE_STYLE_USAGE ( .BOTH. , #5066 ) ;
#5066 = SURFACE_SIDE_STYLE ('',( #5067 ) ) ;
#5067 = SURFACE_STYLE_FILL_AREA ( #5068 ) ;
#5068 = FILL_AREA_STYLE ('',( #5075 ) ) ;
#5069 = COLOUR_RGB ( '',0.7529411764705882200, 0.7529411764705882200, 0.7529411764705882200 ) ;
#5070 = FACE_OUTER_BOUND ( 'NONE', #1228, .T. ) ;
#5071 = DIRECTION ( 'NONE',  ( 0.0000000000000000000, -1.000000000000000000, 0.0000000000000000000 ) ) ;
#5072 = VECTOR ( 'NONE', #5071, 1000.000000000000000 ) ;
#5073 = CARTESIAN_POINT ( 'NONE',  ( 9.250000000000000000, -8.599999999999999600, 2.849999999999994300 ) ) ;
#5074 = LINE ( 'NONE', #5073, #5072 ) ;
#5075 = FILL_AREA_STYLE_COLOUR ( '', #5069 ) ;
#5076 = DIRECTION ( 'NONE',  ( 0.0000000000000000000, 0.0000000000000000000, -1.000000000000000000 ) ) ;
#5077 = DIRECTION ( 'NONE',  ( 1.000000000000000000, 0.0000000000000000000, 0.0000000000000000000 ) ) ;
#5078 = CARTESIAN_POINT ( 'NONE',  ( 9.250000000000000000, -8.599999999999999600, 2.849999999999994300 ) ) ;
#5079 = AXIS2_PLACEMENT_3D ( 'NONE', #5078, #5077, #5076 ) ;
#5080 = PLANE ( 'NONE',  #5079 ) ;
#5081 =( GEOMETRIC_REPRESENTATION_CONTEXT ( 3 ) GLOBAL_UNCERTAINTY_ASSIGNED_CONTEXT ( ( #5082 ) ) GLOBAL_UNIT_ASSIGNED_CONTEXT ( ( #5035, #5034, #5083 ) ) REPRESENTATION_CONTEXT ( 'NONE', 'WORKASPACE' ) );
#5082 = UNCERTAINTY_MEASURE_WITH_UNIT (LENGTH_MEASURE( 1.000000000000000100E-005 ), #5035, 'distance_accuracy_value', 'NONE');
#5083 =( NAMED_UNIT ( * ) SI_UNIT ( $, .STERADIAN. ) SOLID_ANGLE_UNIT ( ) );
#5084 = PRESENTATION_STYLE_ASSIGNMENT (( #5085 ) ) ;
#5085 = SURFACE_STYLE_USAGE ( .BOTH. , #5086 ) ;
#5086 = SURFACE_SIDE_STYLE ('',( #5087 ) ) ;
#5087 = SURFACE_STYLE_FILL_AREA ( #5088 ) ;
#5088 = FILL_AREA_STYLE ('',( #5095 ) ) ;
#5089 = COLOUR_RGB ( '',0.7529411764705882200, 0.7529411764705882200, 0.7529411764705882200 ) ;
#5090 = FACE_OUTER_BOUND ( 'NONE', #1242, .T. ) ;
#5091 = DIRECTION ( 'NONE',  ( -1.000000000000000000, 0.0000000000000000000, 0.0000000000000000000 ) ) ;
#5092 = VECTOR ( 'NONE', #5091, 1000.000000000000000 ) ;
#5093 = CARTESIAN_POINT ( 'NONE',  ( 9.250000000000000000, -2.600000000000000500, 2.349999999999994300 ) ) ;
#5094 = LINE ( 'NONE', #5093, #5092 ) ;
#5095 = FILL_AREA_STYLE_COLOUR ( '', #5089 ) ;
#5096 = CARTESIAN_POINT ( 'NONE',  ( 9.250000000000000000, -2.600000000000000500, 2.349999999999994300 ) ) ;
#5097 = DIRECTION ( 'NONE',  ( 0.0000000000000000000, 0.0000000000000000000, 1.000000000000000000 ) ) ;
#5098 = VECTOR ( 'NONE', #5097, 1000.000000000000000 ) ;
#5099 = CARTESIAN_POINT ( 'NONE',  ( 9.250000000000000000, -2.600000000000000500, 2.849999999999994300 ) ) ;
#5100 = LINE ( 'NONE', #5099, #5098 ) ;
#5101 = CARTESIAN_POINT ( 'NONE',  ( 9.250000000000000000, -2.600000000000000500, 2.849999999999994300 ) ) ;
#5102 = DIRECTION ( 'NONE',  ( -1.000000000000000000, 0.0000000000000000000, 0.0000000000000000000 ) ) ;
#5103 = VECTOR ( 'NONE', #5102, 1000.000000000000000 ) ;
#5104 = CARTESIAN_POINT ( 'NONE',  ( 9.250000000000000000, -2.600000000000000500, 2.849999999999994300 ) ) ;
#5105 = LINE ( 'NONE', #5104, #5103 ) ;
#5106 = CARTESIAN_POINT ( 'NONE',  ( 8.749999999999998200, -2.600000000000000500, 2.849999999999994300 ) ) ;
#5107 = CARTESIAN_POINT ( 'NONE',  ( 8.749999999999998200, -2.600000000000000500, 2.349999999999994300 ) ) ;
#5108 = DIRECTION ( 'NONE',  ( 0.0000000000000000000, 0.0000000000000000000, 1.000000000000000000 ) ) ;
#5109 = VECTOR ( 'NONE', #5108, 1000.000000000000000 ) ;
#5110 = CARTESIAN_POINT ( 'NONE',  ( 8.749999999999998200, -2.600000000000000500, 2.849999999999994300 ) ) ;
#5111 = LINE ( 'NONE', #5110, #5109 ) ;
#5112 = DIRECTION ( 'NONE',  ( 0.0000000000000000000, 0.0000000000000000000, -1.000000000000000000 ) ) ;
#5113 = DIRECTION ( 'NONE',  ( 0.0000000000000000000, -1.000000000000000000, 0.0000000000000000000 ) ) ;
#5114 = CARTESIAN_POINT ( 'NONE',  ( 9.250000000000000000, -2.600000000000000500, 2.849999999999994300 ) ) ;
#5115 = AXIS2_PLACEMENT_3D ( 'NONE', #5114, #5113, #5112 ) ;
#5116 = PLANE ( 'NONE',  #5115 ) ;
#5117 =( GEOMETRIC_REPRESENTATION_CONTEXT ( 3 ) GLOBAL_UNCERTAINTY_ASSIGNED_CONTEXT ( ( #5057 ) ) GLOBAL_UNIT_ASSIGNED_CONTEXT ( ( #5060, #5059, #5058 ) ) REPRESENTATION_CONTEXT ( 'NONE', 'WORKASPACE' ) );
#5118 =( LENGTH_UNIT ( ) NAMED_UNIT ( * ) SI_UNIT ( .MILLI., .METRE. ) );
#5119 = MECHANICAL_DESIGN_GEOMETRIC_PRESENTATION_REPRESENTATION (  '', ( #5121 ), #5168 ) ;
#5120 = PRESENTATION_LAYER_ASSIGNMENT (  '', '', ( #5121 ) ) ;
#5121 = STYLED_ITEM ( 'NONE', ( #5122 ), #1249 ) ;
#5122 = PRESENTATION_STYLE_ASSIGNMENT (( #5123 ) ) ;
#5123 = SURFACE_STYLE_USAGE ( .BOTH. , #5124 ) ;
#5124 = SURFACE_SIDE_STYLE ('',( #5125 ) ) ;
#5125 = SURFACE_STYLE_FILL_AREA ( #5126 ) ;
#5126 = FILL_AREA_STYLE ('',( #5133 ) ) ;
#5127 = COLOUR_RGB ( '',0.7529411764705882200, 0.7529411764705882200, 0.7529411764705882200 ) ;
#5128 = FACE_OUTER_BOUND ( 'NONE', #1250, .T. ) ;
#5129 = DIRECTION ( 'NONE',  ( 0.0000000000000000000, 1.000000000000000000, 1.210047067506143700E-016 ) ) ;
#5130 = VECTOR ( 'NONE', #5129, 1000.000000000000000 ) ;
#5131 = CARTESIAN_POINT ( 'NONE',  ( -12.90000000000000000, -3.299999999999999800, -0.1000000000000000100 ) ) ;
#5132 = LINE ( 'NONE', #5131, #5130 ) ;
#5133 = FILL_AREA_STYLE_COLOUR ( '', #5127 ) ;
#5134 = DIRECTION ( 'NONE',  ( 0.0000000000000000000, 0.0000000000000000000, -1.000000000000000000 ) ) ;
#5135 = DIRECTION ( 'NONE',  ( 1.000000000000000000, 0.0000000000000000000, 0.0000000000000000000 ) ) ;
#5136 = CARTESIAN_POINT ( 'NONE',  ( 8.749999999999998200, -8.599999999999999600, 2.849999999999994300 ) ) ;
#5137 = AXIS2_PLACEMENT_3D ( 'NONE', #5136, #5135, #5134 ) ;
#5138 = PLANE ( 'NONE',  #5137 ) ;
#5139 =( GEOMETRIC_REPRESENTATION_CONTEXT ( 3 ) GLOBAL_UNCERTAINTY_ASSIGNED_CONTEXT ( ( #5140 ) ) GLOBAL_UNIT_ASSIGNED_CONTEXT ( ( #5143, #5142, #5141 ) ) REPRESENTATION_CONTEXT ( 'NONE', 'WORKASPACE' ) );
#5140 = UNCERTAINTY_MEASURE_WITH_UNIT (LENGTH_MEASURE( 1.000000000000000100E-005 ), #5143, 'distance_accuracy_value', 'NONE');
#5141 =( NAMED_UNIT ( * ) SI_UNIT ( $, .STERADIAN. ) SOLID_ANGLE_UNIT ( ) );
#5142 =( NAMED_UNIT ( * ) PLANE_ANGLE_UNIT ( ) SI_UNIT ( $, .RADIAN. ) );
#5143 =( LENGTH_UNIT ( ) NAMED_UNIT ( * ) SI_UNIT ( .MILLI., .METRE. ) );
#5144 = MECHANICAL_DESIGN_GEOMETRIC_PRESENTATION_REPRESENTATION (  '', ( #4859 ), #5139 ) ;
#5145 = PRESENTATION_LAYER_ASSIGNMENT (  '', '', ( #4859 ) ) ;
#5146 =( NAMED_UNIT ( * ) PLANE_ANGLE_UNIT ( ) SI_UNIT ( $, .RADIAN. ) );
#5147 =( LENGTH_UNIT ( ) NAMED_UNIT ( * ) SI_UNIT ( .MILLI., .METRE. ) );
#5148 = MECHANICAL_DESIGN_GEOMETRIC_PRESENTATION_REPRESENTATION (  '', ( #5150 ), #5195 ) ;
#5149 = PRESENTATION_LAYER_ASSIGNMENT (  '', '', ( #5150 ) ) ;
#5150 = STYLED_ITEM ( 'NONE', ( #5151 ), #1256 ) ;
#5151 = PRESENTATION_STYLE_ASSIGNMENT (( #5152 ) ) ;
#5152 = SURFACE_STYLE_USAGE ( .BOTH. , #5153 ) ;
#5153 = SURFACE_SIDE_STYLE ('',( #5154 ) ) ;
#5154 = SURFACE_STYLE_FILL_AREA ( #5155 ) ;
#5155 = FILL_AREA_STYLE ('',( #5162 ) ) ;
#5156 = COLOUR_RGB ( '',0.7529411764705882200, 0.7529411764705882200, 0.7529411764705882200 ) ;
#5157 = FACE_OUTER_BOUND ( 'NONE', #1257, .T. ) ;
#5158 = DIRECTION ( 'NONE',  ( 0.0000000000000000000, 0.0000000000000000000, -1.000000000000000000 ) ) ;
#5159 = VECTOR ( 'NONE', #5158, 1000.000000000000000 ) ;
#5160 = CARTESIAN_POINT ( 'NONE',  ( -12.90000000000000000, -6.099999999999999600, -0.1000000000000003400 ) ) ;
#5161 = LINE ( 'NONE', #5160, #5159 ) ;
#5162 = FILL_AREA_STYLE_COLOUR ( '', #5156 ) ;
#5163 = DIRECTION ( 'NONE',  ( 0.0000000000000000000, 1.000000000000000000, 1.210047067506143700E-016 ) ) ;
#5164 = DIRECTION ( 'NONE',  ( 0.0000000000000000000, 1.210047067506143700E-016, -1.000000000000000000 ) ) ;
#5165 = CARTESIAN_POINT ( 'NONE',  ( -13.29999999999999900, -3.299999999999999800, -0.1000000000000000100 ) ) ;
#5166 = AXIS2_PLACEMENT_3D ( 'NONE', #5165, #5164, #5163 ) ;
#5167 = PLANE ( 'NONE',  #5166 ) ;
#5168 =( GEOMETRIC_REPRESENTATION_CONTEXT ( 3 ) GLOBAL_UNCERTAINTY_ASSIGNED_CONTEXT ( ( #5169 ) ) GLOBAL_UNIT_ASSIGNED_CONTEXT ( ( #5118, #5171, #5170 ) ) REPRESENTATION_CONTEXT ( 'NONE', 'WORKASPACE' ) );
#5169 = UNCERTAINTY_MEASURE_WITH_UNIT (LENGTH_MEASURE( 1.000000000000000100E-005 ), #5118, 'distance_accuracy_value', 'NONE');
#5170 =( NAMED_UNIT ( * ) SI_UNIT ( $, .STERADIAN. ) SOLID_ANGLE_UNIT ( ) );
#5171 =( NAMED_UNIT ( * ) PLANE_ANGLE_UNIT ( ) SI_UNIT ( $, .RADIAN. ) );
#5172 =( NAMED_UNIT ( * ) SI_UNIT ( $, .STERADIAN. ) SOLID_ANGLE_UNIT ( ) );
#5173 =( NAMED_UNIT ( * ) PLANE_ANGLE_UNIT ( ) SI_UNIT ( $, .RADIAN. ) );
#5174 =( LENGTH_UNIT ( ) NAMED_UNIT ( * ) SI_UNIT ( .MILLI., .METRE. ) );
#5175 = MECHANICAL_DESIGN_GEOMETRIC_PRESENTATION_REPRESENTATION (  '', ( #5177 ), #5220 ) ;
#5176 = PRESENTATION_LAYER_ASSIGNMENT (  '', '', ( #5177 ) ) ;
#5177 = STYLED_ITEM ( 'NONE', ( #5178 ), #1262 ) ;
#5178 = PRESENTATION_STYLE_ASSIGNMENT (( #5179 ) ) ;
#5179 = SURFACE_STYLE_USAGE ( .BOTH. , #5180 ) ;
#5180 = SURFACE_SIDE_STYLE ('',( #5181 ) ) ;
#5181 = SURFACE_STYLE_FILL_AREA ( #5182 ) ;
#5182 = FILL_AREA_STYLE ('',( #5189 ) ) ;
#5183 = COLOUR_RGB ( '',0.7529411764705882200, 0.7529411764705882200, 0.7529411764705882200 ) ;
#5184 = FACE_OUTER_BOUND ( 'NONE', #1263, .T. ) ;
#5185 = DIRECTION ( 'NONE',  ( -1.000000000000000000, 0.0000000000000000000, 0.0000000000000000000 ) ) ;
#5186 = VECTOR ( 'NONE', #5185, 1000.000000000000000 ) ;
#5187 = CARTESIAN_POINT ( 'NONE',  ( 9.250000000000000000, -8.300000000000000700, -0.1000000000000052700 ) ) ;
#5188 = LINE ( 'NONE', #5187, #5186 ) ;
#5189 = FILL_AREA_STYLE_COLOUR ( '', #5183 ) ;
#5190 = DIRECTION ( 'NONE',  ( 0.0000000000000000000, 0.0000000000000000000, 1.000000000000000000 ) ) ;
#5191 = DIRECTION ( 'NONE',  ( 1.000000000000000000, 0.0000000000000000000, 0.0000000000000000000 ) ) ;
#5192 = CARTESIAN_POINT ( 'NONE',  ( -13.29999999999999900, -8.949999999999997500, 5.599999999999998800 ) ) ;
#5193 = AXIS2_PLACEMENT_3D ( 'NONE', #5192, #5191, #5190 ) ;
#5194 = PLANE ( 'NONE',  #5193 ) ;
#5195 =( GEOMETRIC_REPRESENTATION_CONTEXT ( 3 ) GLOBAL_UNCERTAINTY_ASSIGNED_CONTEXT ( ( #5196 ) ) GLOBAL_UNIT_ASSIGNED_CONTEXT ( ( #5147, #5146, #5197 ) ) REPRESENTATION_CONTEXT ( 'NONE', 'WORKASPACE' ) );
#5196 = UNCERTAINTY_MEASURE_WITH_UNIT (LENGTH_MEASURE( 1.000000000000000100E-005 ), #5147, 'distance_accuracy_value', 'NONE');
#5197 =( NAMED_UNIT ( * ) SI_UNIT ( $, .STERADIAN. ) SOLID_ANGLE_UNIT ( ) );
#5198 = PLANE ( 'NONE',  #5254 ) ;
#5199 =( GEOMETRIC_REPRESENTATION_CONTEXT ( 3 ) GLOBAL_UNCERTAINTY_ASSIGNED_CONTEXT ( ( #5200 ) ) GLOBAL_UNIT_ASSIGNED_CONTEXT ( ( #5203, #5202, #5201 ) ) REPRESENTATION_CONTEXT ( 'NONE', 'WORKASPACE' ) );
#5200 = UNCERTAINTY_MEASURE_WITH_UNIT (LENGTH_MEASURE( 1.000000000000000100E-005 ), #5203, 'distance_accuracy_value', 'NONE');
#5201 =( NAMED_UNIT ( * ) SI_UNIT ( $, .STERADIAN. ) SOLID_ANGLE_UNIT ( ) );
#5202 =( NAMED_UNIT ( * ) PLANE_ANGLE_UNIT ( ) SI_UNIT ( $, .RADIAN. ) );
#5203 =( LENGTH_UNIT ( ) NAMED_UNIT ( * ) SI_UNIT ( .MILLI., .METRE. ) );
#5204 = MECHANICAL_DESIGN_GEOMETRIC_PRESENTATION_REPRESENTATION (  '', ( #5206 ), #5199 ) ;
#5205 = PRESENTATION_LAYER_ASSIGNMENT (  '', '', ( #5206 ) ) ;
#5206 = STYLED_ITEM ( 'NONE', ( #5207 ), #1268 ) ;
#5207 = PRESENTATION_STYLE_ASSIGNMENT (( #5208 ) ) ;
#5208 = SURFACE_STYLE_USAGE ( .BOTH. , #5209 ) ;
#5209 = SURFACE_SIDE_STYLE ('',( #5210 ) ) ;
#5210 = SURFACE_STYLE_FILL_AREA ( #5211 ) ;
#5211 = FILL_AREA_STYLE ('',( #5218 ) ) ;
#5212 = COLOUR_RGB ( '',0.7529411764705882200, 0.7529411764705882200, 0.7529411764705882200 ) ;
#5213 = FACE_OUTER_BOUND ( 'NONE', #1269, .T. ) ;
#5214 = DIRECTION ( 'NONE',  ( 0.0000000000000000000, 0.0000000000000000000, -1.000000000000000000 ) ) ;
#5215 = DIRECTION ( 'NONE',  ( 1.000000000000000000, 0.0000000000000000000, 0.0000000000000000000 ) ) ;
#5216 = CARTESIAN_POINT ( 'NONE',  ( 9.250000000000000000, -8.599999999999999600, 2.849999999999994300 ) ) ;
#5217 = AXIS2_PLACEMENT_3D ( 'NONE', #5216, #5215, #5214 ) ;
#5218 = FILL_AREA_STYLE_COLOUR ( '', #5212 ) ;
#5219 = PLANE ( 'NONE',  #5217 ) ;
#5220 =( GEOMETRIC_REPRESENTATION_CONTEXT ( 3 ) GLOBAL_UNCERTAINTY_ASSIGNED_CONTEXT ( ( #5221 ) ) GLOBAL_UNIT_ASSIGNED_CONTEXT ( ( #5174, #5173, #5172 ) ) REPRESENTATION_CONTEXT ( 'NONE', 'WORKASPACE' ) );
#5221 = UNCERTAINTY_MEASURE_WITH_UNIT (LENGTH_MEASURE( 1.000000000000000100E-005 ), #5174, 'distance_accuracy_value', 'NONE');
#5222 = UNCERTAINTY_MEASURE_WITH_UNIT (LENGTH_MEASURE( 1.000000000000000100E-005 ), #5225, 'distance_accuracy_value', 'NONE');
#5223 =( NAMED_UNIT ( * ) SI_UNIT ( $, .STERADIAN. ) SOLID_ANGLE_UNIT ( ) );
#5224 =( NAMED_UNIT ( * ) PLANE_ANGLE_UNIT ( ) SI_UNIT ( $, .RADIAN. ) );
#5225 =( LENGTH_UNIT ( ) NAMED_UNIT ( * ) SI_UNIT ( .MILLI., .METRE. ) );
#5226 = MECHANICAL_DESIGN_GEOMETRIC_PRESENTATION_REPRESENTATION (  '', ( #5228 ), #5280 ) ;
#5227 = PRESENTATION_LAYER_ASSIGNMENT (  '', '', ( #5228 ) ) ;
#5228 = STYLED_ITEM ( 'NONE', ( #5229 ), #1279 ) ;
#5229 = PRESENTATION_STYLE_ASSIGNMENT (( #5230 ) ) ;
#5230 = SURFACE_STYLE_USAGE ( .BOTH. , #5231 ) ;
#5231 = SURFACE_SIDE_STYLE ('',( #5232 ) ) ;
#5232 = SURFACE_STYLE_FILL_AREA ( #5233 ) ;
#5233 = FILL_AREA_STYLE ('',( #5240 ) ) ;
#5234 = COLOUR_RGB ( '',0.7529411764705882200, 0.7529411764705882200, 0.7529411764705882200 ) ;
#5235 = FACE_OUTER_BOUND ( 'NONE', #1280, .T. ) ;
#5236 = DIRECTION ( 'NONE',  ( -1.000000000000000000, 0.0000000000000000000, 0.0000000000000000000 ) ) ;
#5237 = VECTOR ( 'NONE', #5236, 1000.000000000000000 ) ;
#5238 = CARTESIAN_POINT ( 'NONE',  ( 9.250000000000000000, -10.00000000000000000, 0.4999999999999946200 ) ) ;
#5239 = LINE ( 'NONE', #5238, #5237 ) ;
#5240 = FILL_AREA_STYLE_COLOUR ( '', #5234 ) ;
#5241 = CARTESIAN_POINT ( 'NONE',  ( 8.749999999999998200, -10.00000000000000000, 0.4999999999999946200 ) ) ;
#5242 = DIRECTION ( 'NONE',  ( 0.0000000000000000000, -1.000000000000000000, -7.744301232039316700E-017 ) ) ;
#5243 = VECTOR ( 'NONE', #5242, 1000.000000000000000 ) ;
#5244 = CARTESIAN_POINT ( 'NONE',  ( 8.749999999999998200, -8.599999999999999600, 0.4999999999999946700 ) ) ;
#5245 = LINE ( 'NONE', #5244, #5243 ) ;
#5246 = CARTESIAN_POINT ( 'NONE',  ( 9.250000000000000000, -10.00000000000000000, 0.4999999999999946200 ) ) ;
#5247 = DIRECTION ( 'NONE',  ( 0.0000000000000000000, -1.000000000000000000, -7.744301232039316700E-017 ) ) ;
#5248 = VECTOR ( 'NONE', #5247, 1000.000000000000000 ) ;
#5249 = CARTESIAN_POINT ( 'NONE',  ( 9.250000000000000000, -8.599999999999999600, 0.4999999999999946700 ) ) ;
#5250 = LINE ( 'NONE', #5249, #5248 ) ;
#5251 = DIRECTION ( 'NONE',  ( 0.0000000000000000000, 1.000000000000000000, 7.744301232039316700E-017 ) ) ;
#5252 = DIRECTION ( 'NONE',  ( 0.0000000000000000000, 7.744301232039316700E-017, -1.000000000000000000 ) ) ;
#5253 = CARTESIAN_POINT ( 'NONE',  ( 9.250000000000000000, -8.599999999999999600, 0.4999999999999946700 ) ) ;
#5254 = AXIS2_PLACEMENT_3D ( 'NONE', #5253, #5252, #5251 ) ;
#5255 =( GEOMETRIC_REPRESENTATION_CONTEXT ( 3 ) GLOBAL_UNCERTAINTY_ASSIGNED_CONTEXT ( ( #5256 ) ) GLOBAL_UNIT_ASSIGNED_CONTEXT ( ( #5259, #5258, #5257 ) ) REPRESENTATION_CONTEXT ( 'NONE', 'WORKASPACE' ) );
#5256 = UNCERTAINTY_MEASURE_WITH_UNIT (LENGTH_MEASURE( 1.000000000000000100E-005 ), #5259, 'distance_accuracy_value', 'NONE');
#5257 =( NAMED_UNIT ( * ) SI_UNIT ( $, .STERADIAN. ) SOLID_ANGLE_UNIT ( ) );
#5258 =( NAMED_UNIT ( * ) PLANE_ANGLE_UNIT ( ) SI_UNIT ( $, .RADIAN. ) );
#5259 =( LENGTH_UNIT ( ) NAMED_UNIT ( * ) SI_UNIT ( .MILLI., .METRE. ) );
#5260 = MECHANICAL_DESIGN_GEOMETRIC_PRESENTATION_REPRESENTATION (  '', ( #5262 ), #5255 ) ;
#5261 = PRESENTATION_LAYER_ASSIGNMENT (  '', '', ( #5262 ) ) ;
#5262 = STYLED_ITEM ( 'NONE', ( #5263 ), #1283 ) ;
#5263 = PRESENTATION_STYLE_ASSIGNMENT (( #5264 ) ) ;
#5264 = SURFACE_STYLE_USAGE ( .BOTH. , #5265 ) ;
#5265 = SURFACE_SIDE_STYLE ('',( #5266 ) ) ;
#5266 = SURFACE_STYLE_FILL_AREA ( #5267 ) ;
#5267 = FILL_AREA_STYLE ('',( #5274 ) ) ;
#5268 = COLOUR_RGB ( '',0.7529411764705882200, 0.7529411764705882200, 0.7529411764705882200 ) ;
#5269 = FACE_OUTER_BOUND ( 'NONE', #1284, .T. ) ;
#5270 = DIRECTION ( 'NONE',  ( 0.0000000000000000000, 1.000000000000000000, 8.340016711426957800E-017 ) ) ;
#5271 = VECTOR ( 'NONE', #5270, 1000.000000000000000 ) ;
#5272 = CARTESIAN_POINT ( 'NONE',  ( 9.250000000000000000, -2.600000000000000500, 2.349999999999994300 ) ) ;
#5273 = LINE ( 'NONE', #5272, #5271 ) ;
#5274 = FILL_AREA_STYLE_COLOUR ( '', #5268 ) ;
#5275 = DIRECTION ( 'NONE',  ( 0.0000000000000000000, -0.7071067811865510100, -0.7071067811865441300 ) ) ;
#5276 = DIRECTION ( 'NONE',  ( 0.0000000000000000000, -0.7071067811865441300, 0.7071067811865510100 ) ) ;
#5277 = CARTESIAN_POINT ( 'NONE',  ( 9.250000000000000000, -8.300000000000000700, -0.1000000000000052700 ) ) ;
#5278 = AXIS2_PLACEMENT_3D ( 'NONE', #5277, #5276, #5275 ) ;
#5279 = PLANE ( 'NONE',  #5278 ) ;
#5280 =( GEOMETRIC_REPRESENTATION_CONTEXT ( 3 ) GLOBAL_UNCERTAINTY_ASSIGNED_CONTEXT ( ( #5222 ) ) GLOBAL_UNIT_ASSIGNED_CONTEXT ( ( #5225, #5224, #5223 ) ) REPRESENTATION_CONTEXT ( 'NONE', 'WORKASPACE' ) );
#5281 = DIRECTION ( 'NONE',  ( 0.0000000000000000000, -1.000000000000000000, -8.340016711426957800E-017 ) ) ;
#5282 = DIRECTION ( 'NONE',  ( 0.0000000000000000000, -8.340016711426957800E-017, 1.000000000000000000 ) ) ;
#5283 = CARTESIAN_POINT ( 'NONE',  ( 9.250000000000000000, -2.600000000000000500, 2.349999999999994300 ) ) ;
#5284 = AXIS2_PLACEMENT_3D ( 'NONE', #5283, #5282, #5281 ) ;
#5285 = PLANE ( 'NONE',  #5284 ) ;
#5286 =( GEOMETRIC_REPRESENTATION_CONTEXT ( 3 ) GLOBAL_UNCERTAINTY_ASSIGNED_CONTEXT ( ( #5287 ) ) GLOBAL_UNIT_ASSIGNED_CONTEXT ( ( #5290, #5289, #5288 ) ) REPRESENTATION_CONTEXT ( 'NONE', 'WORKASPACE' ) );
#5287 = UNCERTAINTY_MEASURE_WITH_UNIT (LENGTH_MEASURE( 1.000000000000000100E-005 ), #5290, 'distance_accuracy_value', 'NONE');
#5288 =( NAMED_UNIT ( * ) SI_UNIT ( $, .STERADIAN. ) SOLID_ANGLE_UNIT ( ) );
#5289 =( NAMED_UNIT ( * ) PLANE_ANGLE_UNIT ( ) SI_UNIT ( $, .RADIAN. ) );
#5290 =( LENGTH_UNIT ( ) NAMED_UNIT ( * ) SI_UNIT ( .MILLI., .METRE. ) );
#5291 = MECHANICAL_DESIGN_GEOMETRIC_PRESENTATION_REPRESENTATION (  '', ( #5293 ), #5286 ) ;
#5292 = PRESENTATION_LAYER_ASSIGNMENT (  '', '', ( #5293 ) ) ;
#5293 = STYLED_ITEM ( 'NONE', ( #5294 ), #1289 ) ;
#5294 = PRESENTATION_STYLE_ASSIGNMENT (( #5295 ) ) ;
#5295 = SURFACE_STYLE_USAGE ( .BOTH. , #5296 ) ;
#5296 = SURFACE_SIDE_STYLE ('',( #5297 ) ) ;
#5297 = SURFACE_STYLE_FILL_AREA ( #5298 ) ;
#5298 = FILL_AREA_STYLE ('',( #5305 ) ) ;
#5299 = COLOUR_RGB ( '',0.7529411764705882200, 0.7529411764705882200, 0.7529411764705882200 ) ;
#5300 = FACE_OUTER_BOUND ( 'NONE', #1290, .T. ) ;
#5301 = DIRECTION ( 'NONE',  ( -1.000000000000000000, 0.0000000000000000000, 0.0000000000000000000 ) ) ;
#5302 = DIRECTION ( 'NONE',  ( 0.0000000000000000000, 0.0000000000000000000, -1.000000000000000000 ) ) ;
#5303 = CARTESIAN_POINT ( 'NONE',  ( 9.250000000000000000, -8.599999999999999600, 2.849999999999994300 ) ) ;
#5304 = AXIS2_PLACEMENT_3D ( 'NONE', #5303, #5302, #5301 ) ;
#5305 = FILL_AREA_STYLE_COLOUR ( '', #5299 ) ;
#5306 = PLANE ( 'NONE',  #5304 ) ;
#5307 = DIRECTION ( 'NONE',  ( 0.0000000000000000000, 0.0000000000000000000, -1.000000000000000000 ) ) ;
#5308 = DIRECTION ( 'NONE',  ( 0.0000000000000000000, -1.000000000000000000, 0.0000000000000000000 ) ) ;
#5309 = CARTESIAN_POINT ( 'NONE',  ( 7.249999999999999100, -2.600000000000000500, 2.849999999999993400 ) ) ;
#5310 = AXIS2_PLACEMENT_3D ( 'NONE', #5309, #5308, #5307 ) ;
#5311 = PLANE ( 'NONE',  #5310 ) ;
#5312 =( GEOMETRIC_REPRESENTATION_CONTEXT ( 3 ) GLOBAL_UNCERTAINTY_ASSIGNED_CONTEXT ( ( #5313 ) ) GLOBAL_UNIT_ASSIGNED_CONTEXT ( ( #5316, #5315, #5314 ) ) REPRESENTATION_CONTEXT ( 'NONE', 'WORKASPACE' ) );
#5313 = UNCERTAINTY_MEASURE_WITH_UNIT (LENGTH_MEASURE( 1.000000000000000100E-005 ), #5316, 'distance_accuracy_value', 'NONE');
#5314 =( NAMED_UNIT ( * ) SI_UNIT ( $, .STERADIAN. ) SOLID_ANGLE_UNIT ( ) );
#5315 =( NAMED_UNIT ( * ) PLANE_ANGLE_UNIT ( ) SI_UNIT ( $, .RADIAN. ) );
#5316 =( LENGTH_UNIT ( ) NAMED_UNIT ( * ) SI_UNIT ( .MILLI., .METRE. ) );
#5317 = MECHANICAL_DESIGN_GEOMETRIC_PRESENTATION_REPRESENTATION (  '', ( #5319 ), #5312 ) ;
#5318 = PRESENTATION_LAYER_ASSIGNMENT (  '', '', ( #5319 ) ) ;
#5319 = STYLED_ITEM ( 'NONE', ( #5320 ), #1300 ) ;
#5320 = PRESENTATION_STYLE_ASSIGNMENT (( #5321 ) ) ;
#5321 = SURFACE_STYLE_USAGE ( .BOTH. , #5322 ) ;
#5322 = SURFACE_SIDE_STYLE ('',( #5323 ) ) ;
#5323 = SURFACE_STYLE_FILL_AREA ( #5324 ) ;
#5324 = FILL_AREA_STYLE ('',( #5331 ) ) ;
#5325 = COLOUR_RGB ( '',0.7529411764705882200, 0.7529411764705882200, 0.7529411764705882200 ) ;
#5326 = FACE_OUTER_BOUND ( 'NONE', #1301, .T. ) ;
#5327 = DIRECTION ( 'NONE',  ( 0.0000000000000000000, 1.000000000000000000, 8.340016711426957800E-017 ) ) ;
#5328 = VECTOR ( 'NONE', #5327, 1000.000000000000000 ) ;
#5329 = CARTESIAN_POINT ( 'NONE',  ( 8.749999999999998200, -2.600000000000000500, 2.349999999999994300 ) ) ;
#5330 = LINE ( 'NONE', #5329, #5328 ) ;
#5331 = FILL_AREA_STYLE_COLOUR ( '', #5325 ) ;
#5332 = DIRECTION ( 'NONE',  ( 0.0000000000000000000, -1.000000000000000000, 0.0000000000000000000 ) ) ;
#5333 = VECTOR ( 'NONE', #5332, 1000.000000000000000 ) ;
#5334 = CARTESIAN_POINT ( 'NONE',  ( 8.749999999999998200, -8.599999999999999600, 2.849999999999994300 ) ) ;
#5335 = LINE ( 'NONE', #5334, #5333 ) ;
#5336 =( NAMED_UNIT ( * ) PLANE_ANGLE_UNIT ( ) SI_UNIT ( $, .RADIAN. ) );
#5337 =( LENGTH_UNIT ( ) NAMED_UNIT ( * ) SI_UNIT ( .MILLI., .METRE. ) );
#5338 = MECHANICAL_DESIGN_GEOMETRIC_PRESENTATION_REPRESENTATION (  '', ( #5340 ), #5397 ) ;
#5339 = PRESENTATION_LAYER_ASSIGNMENT (  '', '', ( #5340 ) ) ;
#5340 = STYLED_ITEM ( 'NONE', ( #5341 ), #1314 ) ;
#5341 = PRESENTATION_STYLE_ASSIGNMENT (( #5342 ) ) ;
#5342 = SURFACE_STYLE_USAGE ( .BOTH. , #5343 ) ;
#5343 = SURFACE_SIDE_STYLE ('',( #5344 ) ) ;
#5344 = SURFACE_STYLE_FILL_AREA ( #5345 ) ;
#5345 = FILL_AREA_STYLE ('',( #5352 ) ) ;
#5346 = COLOUR_RGB ( '',0.7529411764705882200, 0.7529411764705882200, 0.7529411764705882200 ) ;
#5347 = FACE_OUTER_BOUND ( 'NONE', #1315, .T. ) ;
#5348 = DIRECTION ( 'NONE',  ( 0.0000000000000000000, 0.0000000000000000000, -1.000000000000000000 ) ) ;
#5349 = VECTOR ( 'NONE', #5348, 1000.000000000000000 ) ;
#5350 = CARTESIAN_POINT ( 'NONE',  ( 8.749999999999998200, -10.00000000000000000, 0.4999999999999946200 ) ) ;
#5351 = LINE ( 'NONE', #5350, #5349 ) ;
#5352 = FILL_AREA_STYLE_COLOUR ( '', #5346 ) ;
#5353 = CARTESIAN_POINT ( 'NONE',  ( 8.749999999999998200, -10.00000000000000000, -0.1000000000000054700 ) ) ;
#5354 = DIRECTION ( 'NONE',  ( 0.0000000000000000000, 1.000000000000000000, 1.275531967630005200E-016 ) ) ;
#5355 = VECTOR ( 'NONE', #5354, 1000.000000000000000 ) ;
#5356 = CARTESIAN_POINT ( 'NONE',  ( 8.749999999999998200, -8.300000000000000700, -0.1000000000000052700 ) ) ;
#5357 = LINE ( 'NONE', #5356, #5355 ) ;
#5358 = DIRECTION ( 'NONE',  ( -1.000000000000000000, 0.0000000000000000000, 0.0000000000000000000 ) ) ;
#5359 = VECTOR ( 'NONE', #5358, 1000.000000000000000 ) ;
#5360 = CARTESIAN_POINT ( 'NONE',  ( 7.249999999999999100, -2.600000000000000500, 2.849999999999993400 ) ) ;
#5361 = LINE ( 'NONE', #5360, #5359 ) ;
#5362 = CARTESIAN_POINT ( 'NONE',  ( 6.749999999999999100, -2.600000000000000500, 2.849999999999993400 ) ) ;
#5363 = CARTESIAN_POINT ( 'NONE',  ( 6.749999999999999100, -2.600000000000000500, 2.349999999999993400 ) ) ;
#5364 = DIRECTION ( 'NONE',  ( 0.0000000000000000000, 0.0000000000000000000, 1.000000000000000000 ) ) ;
#5365 = VECTOR ( 'NONE', #5364, 1000.000000000000000 ) ;
#5366 = CARTESIAN_POINT ( 'NONE',  ( 6.749999999999999100, -2.600000000000000500, 2.849999999999993400 ) ) ;
#5367 = LINE ( 'NONE', #5366, #5365 ) ;
#5368 = MECHANICAL_DESIGN_GEOMETRIC_PRESENTATION_REPRESENTATION (  '', ( #5370 ), #5424 ) ;
#5369 = PRESENTATION_LAYER_ASSIGNMENT (  '', '', ( #5370 ) ) ;
#5370 = STYLED_ITEM ( 'NONE', ( #5371 ), #1328 ) ;
#5371 = PRESENTATION_STYLE_ASSIGNMENT (( #5372 ) ) ;
#5372 = SURFACE_STYLE_USAGE ( .BOTH. , #5373 ) ;
#5373 = SURFACE_SIDE_STYLE ('',( #5374 ) ) ;
#5374 = SURFACE_STYLE_FILL_AREA ( #5375 ) ;
#5375 = FILL_AREA_STYLE ('',( #5382 ) ) ;
#5376 = COLOUR_RGB ( '',0.7529411764705882200, 0.7529411764705882200, 0.7529411764705882200 ) ;
#5377 = FACE_OUTER_BOUND ( 'NONE', #1329, .T. ) ;
#5378 = DIRECTION ( 'NONE',  ( 0.0000000000000000000, 1.000000000000000000, 1.275531967630005200E-016 ) ) ;
#5379 = VECTOR ( 'NONE', #5378, 1000.000000000000000 ) ;
#5380 = CARTESIAN_POINT ( 'NONE',  ( 9.250000000000000000, -8.300000000000000700, -0.1000000000000052700 ) ) ;
#5381 = LINE ( 'NONE', #5380, #5379 ) ;
#5382 = FILL_AREA_STYLE_COLOUR ( '', #5376 ) ;
#5383 = CARTESIAN_POINT ( 'NONE',  ( 9.250000000000000000, -10.00000000000000000, -0.1000000000000054700 ) ) ;
#5384 = DIRECTION ( 'NONE',  ( 0.0000000000000000000, 0.0000000000000000000, -1.000000000000000000 ) ) ;
#5385 = VECTOR ( 'NONE', #5384, 1000.000000000000000 ) ;
#5386 = CARTESIAN_POINT ( 'NONE',  ( 9.250000000000000000, -10.00000000000000000, 0.4999999999999946200 ) ) ;
#5387 = LINE ( 'NONE', #5386, #5385 ) ;
#5388 = DIRECTION ( 'NONE',  ( -1.000000000000000000, 0.0000000000000000000, 0.0000000000000000000 ) ) ;
#5389 = VECTOR ( 'NONE', #5388, 1000.000000000000000 ) ;
#5390 = CARTESIAN_POINT ( 'NONE',  ( 9.250000000000000000, -10.00000000000000000, -0.1000000000000054700 ) ) ;
#5391 = LINE ( 'NONE', #5390, #5389 ) ;
#5392 = DIRECTION ( 'NONE',  ( 0.0000000000000000000, 0.0000000000000000000, 1.000000000000000000 ) ) ;
#5393 = DIRECTION ( 'NONE',  ( 0.0000000000000000000, 1.000000000000000000, 0.0000000000000000000 ) ) ;
#5394 = CARTESIAN_POINT ( 'NONE',  ( 9.250000000000000000, -10.00000000000000000, 0.4999999999999946200 ) ) ;
#5395 = AXIS2_PLACEMENT_3D ( 'NONE', #5394, #5393, #5392 ) ;
#5396 = PLANE ( 'NONE',  #5395 ) ;
#5397 =( GEOMETRIC_REPRESENTATION_CONTEXT ( 3 ) GLOBAL_UNCERTAINTY_ASSIGNED_CONTEXT ( ( #5398 ) ) GLOBAL_UNIT_ASSIGNED_CONTEXT ( ( #5337, #5336, #5399 ) ) REPRESENTATION_CONTEXT ( 'NONE', 'WORKASPACE' ) );
#5398 = UNCERTAINTY_MEASURE_WITH_UNIT (LENGTH_MEASURE( 1.000000000000000100E-005 ), #5337, 'distance_accuracy_value', 'NONE');
#5399 =( NAMED_UNIT ( * ) SI_UNIT ( $, .STERADIAN. ) SOLID_ANGLE_UNIT ( ) );
#5400 = STYLED_ITEM ( 'NONE', ( #5401 ), #1341 ) ;
#5401 = PRESENTATION_STYLE_ASSIGNMENT (( #5402 ) ) ;
#5402 = SURFACE_STYLE_USAGE ( .BOTH. , #5403 ) ;
#5403 = SURFACE_SIDE_STYLE ('',( #5404 ) ) ;
#5404 = SURFACE_STYLE_FILL_AREA ( #5405 ) ;
#5405 = FILL_AREA_STYLE ('',( #5406 ) ) ;
#5406 = FILL_AREA_STYLE_COLOUR ( '', #5407 ) ;
#5407 = COLOUR_RGB ( '',0.7529411764705882200, 0.7529411764705882200, 0.7529411764705882200 ) ;
#5408 = FACE_OUTER_BOUND ( 'NONE', #1342, .T. ) ;
#5409 = CARTESIAN_POINT ( 'NONE',  ( 9.250000000000000000, -8.300000000000000700, -0.1000000000000052700 ) ) ;
#5410 = DIRECTION ( 'NONE',  ( 0.0000000000000000000, 0.7071067811865510100, 0.7071067811865441300 ) ) ;
#5411 = VECTOR ( 'NONE', #5410, 999.9999999999998900 ) ;
#5412 = CARTESIAN_POINT ( 'NONE',  ( 9.250000000000000000, -8.300000000000000700, -0.1000000000000052700 ) ) ;
#5413 = LINE ( 'NONE', #5412, #5411 ) ;
#5414 = CARTESIAN_POINT ( 'NONE',  ( 8.749999999999998200, -8.300000000000000700, -0.1000000000000052700 ) ) ;
#5415 = DIRECTION ( 'NONE',  ( 0.0000000000000000000, 0.7071067811865510100, 0.7071067811865441300 ) ) ;
#5416 = VECTOR ( 'NONE', #5415, 999.9999999999998900 ) ;
#5417 = CARTESIAN_POINT ( 'NONE',  ( 8.749999999999998200, -8.300000000000000700, -0.1000000000000052700 ) ) ;
#5418 = LINE ( 'NONE', #5417, #5416 ) ;
#5419 = DIRECTION ( 'NONE',  ( 0.0000000000000000000, 0.0000000000000000000, -1.000000000000000000 ) ) ;
#5420 = DIRECTION ( 'NONE',  ( 1.000000000000000000, 0.0000000000000000000, 0.0000000000000000000 ) ) ;
#5421 = CARTESIAN_POINT ( 'NONE',  ( 8.749999999999998200, -8.599999999999999600, 2.849999999999994300 ) ) ;
#5422 = AXIS2_PLACEMENT_3D ( 'NONE', #5421, #5420, #5419 ) ;
#5423 = PLANE ( 'NONE',  #5422 ) ;
#5424 =( GEOMETRIC_REPRESENTATION_CONTEXT ( 3 ) GLOBAL_UNCERTAINTY_ASSIGNED_CONTEXT ( ( #5425 ) ) GLOBAL_UNIT_ASSIGNED_CONTEXT ( ( #5428, #5427, #5426 ) ) REPRESENTATION_CONTEXT ( 'NONE', 'WORKASPACE' ) );
#5425 = UNCERTAINTY_MEASURE_WITH_UNIT (LENGTH_MEASURE( 1.000000000000000100E-005 ), #5428, 'distance_accuracy_value', 'NONE');
#5426 =( NAMED_UNIT ( * ) SI_UNIT ( $, .STERADIAN. ) SOLID_ANGLE_UNIT ( ) );
#5427 =( NAMED_UNIT ( * ) PLANE_ANGLE_UNIT ( ) SI_UNIT ( $, .RADIAN. ) );
#5428 =( LENGTH_UNIT ( ) NAMED_UNIT ( * ) SI_UNIT ( .MILLI., .METRE. ) );
#5429 =( NAMED_UNIT ( * ) SI_UNIT ( $, .STERADIAN. ) SOLID_ANGLE_UNIT ( ) );
#5430 =( NAMED_UNIT ( * ) PLANE_ANGLE_UNIT ( ) SI_UNIT ( $, .RADIAN. ) );
#5431 =( LENGTH_UNIT ( ) NAMED_UNIT ( * ) SI_UNIT ( .MILLI., .METRE. ) );
#5432 = MECHANICAL_DESIGN_GEOMETRIC_PRESENTATION_REPRESENTATION (  '', ( #5434 ), #5482 ) ;
#5433 = PRESENTATION_LAYER_ASSIGNMENT (  '', '', ( #5434 ) ) ;
#5434 = STYLED_ITEM ( 'NONE', ( #5435 ), #1347 ) ;
#5435 = PRESENTATION_STYLE_ASSIGNMENT (( #5436 ) ) ;
#5436 = SURFACE_STYLE_USAGE ( .BOTH. , #5437 ) ;
#5437 = SURFACE_SIDE_STYLE ('',( #5438 ) ) ;
#5438 = SURFACE_STYLE_FILL_AREA ( #5439 ) ;
#5439 = FILL_AREA_STYLE ('',( #5446 ) ) ;
#5440 = COLOUR_RGB ( '',0.7529411764705882200, 0.7529411764705882200, 0.7529411764705882200 ) ;
#5441 = FACE_OUTER_BOUND ( 'NONE', #1348, .T. ) ;
#5442 = DIRECTION ( 'NONE',  ( 0.0000000000000000000, -1.000000000000000000, -8.340016711426957800E-017 ) ) ;
#5443 = DIRECTION ( 'NONE',  ( 0.0000000000000000000, -8.340016711426957800E-017, 1.000000000000000000 ) ) ;
#5444 = CARTESIAN_POINT ( 'NONE',  ( 7.249999999999999100, -2.600000000000000500, 2.349999999999993400 ) ) ;
#5445 = AXIS2_PLACEMENT_3D ( 'NONE', #5444, #5443, #5442 ) ;
#5446 = FILL_AREA_STYLE_COLOUR ( '', #5440 ) ;
#5447 = PLANE ( 'NONE',  #5445 ) ;
#5448 =( GEOMETRIC_REPRESENTATION_CONTEXT ( 3 ) GLOBAL_UNCERTAINTY_ASSIGNED_CONTEXT ( ( #5449 ) ) GLOBAL_UNIT_ASSIGNED_CONTEXT ( ( #5452, #5451, #5450 ) ) REPRESENTATION_CONTEXT ( 'NONE', 'WORKASPACE' ) );
#5449 = UNCERTAINTY_MEASURE_WITH_UNIT (LENGTH_MEASURE( 1.000000000000000100E-005 ), #5452, 'distance_accuracy_value', 'NONE');
#5450 =( NAMED_UNIT ( * ) SI_UNIT ( $, .STERADIAN. ) SOLID_ANGLE_UNIT ( ) );
#5451 =( NAMED_UNIT ( * ) PLANE_ANGLE_UNIT ( ) SI_UNIT ( $, .RADIAN. ) );
#5452 =( LENGTH_UNIT ( ) NAMED_UNIT ( * ) SI_UNIT ( .MILLI., .METRE. ) );
#5453 = MECHANICAL_DESIGN_GEOMETRIC_PRESENTATION_REPRESENTATION (  '', ( #5400 ), #5448 ) ;
#5454 = PRESENTATION_LAYER_ASSIGNMENT (  '', '', ( #5400 ) ) ;
#5455 =( NAMED_UNIT ( * ) PLANE_ANGLE_UNIT ( ) SI_UNIT ( $, .RADIAN. ) );
#5456 =( LENGTH_UNIT ( ) NAMED_UNIT ( * ) SI_UNIT ( .MILLI., .METRE. ) );
#5457 = MECHANICAL_DESIGN_GEOMETRIC_PRESENTATION_REPRESENTATION (  '', ( #5459 ), #5509 ) ;
#5458 = PRESENTATION_LAYER_ASSIGNMENT (  '', '', ( #5459 ) ) ;
#5459 = STYLED_ITEM ( 'NONE', ( #5460 ), #1353 ) ;
#5460 = PRESENTATION_STYLE_ASSIGNMENT (( #5461 ) ) ;
#5461 = SURFACE_STYLE_USAGE ( .BOTH. , #5462 ) ;
#5462 = SURFACE_SIDE_STYLE ('',( #5463 ) ) ;
#5463 = SURFACE_STYLE_FILL_AREA ( #5464 ) ;
#5464 = FILL_AREA_STYLE ('',( #5471 ) ) ;
#5465 = COLOUR_RGB ( '',0.7529411764705882200, 0.7529411764705882200, 0.7529411764705882200 ) ;
#5466 = FACE_OUTER_BOUND ( 'NONE', #1354, .T. ) ;
#5467 = DIRECTION ( 'NONE',  ( 0.0000000000000000000, 1.000000000000000000, 8.340016711426957800E-017 ) ) ;
#5468 = VECTOR ( 'NONE', #5467, 1000.000000000000000 ) ;
#5469 = CARTESIAN_POINT ( 'NONE',  ( 6.749999999999999100, -2.600000000000000500, 2.349999999999993400 ) ) ;
#5470 = LINE ( 'NONE', #5469, #5468 ) ;
#5471 = FILL_AREA_STYLE_COLOUR ( '', #5465 ) ;
#5472 = CARTESIAN_POINT ( 'NONE',  ( 7.249999999999999100, -10.00000000000000000, 0.4999999999999935100 ) ) ;
#5473 = DIRECTION ( 'NONE',  ( 0.0000000000000000000, -1.000000000000000000, -7.744301232039316700E-017 ) ) ;
#5474 = VECTOR ( 'NONE', #5473, 1000.000000000000000 ) ;
#5475 = CARTESIAN_POINT ( 'NONE',  ( 7.249999999999999100, -8.599999999999999600, 0.4999999999999936200 ) ) ;
#5476 = LINE ( 'NONE', #5475, #5474 ) ;
#5477 = DIRECTION ( 'NONE',  ( 0.0000000000000000000, 1.000000000000000000, 7.744301232039316700E-017 ) ) ;
#5478 = DIRECTION ( 'NONE',  ( 0.0000000000000000000, 7.744301232039316700E-017, -1.000000000000000000 ) ) ;
#5479 = CARTESIAN_POINT ( 'NONE',  ( 7.249999999999999100, -8.599999999999999600, 0.4999999999999936200 ) ) ;
#5480 = AXIS2_PLACEMENT_3D ( 'NONE', #5479, #5478, #5477 ) ;
#5481 = PLANE ( 'NONE',  #5480 ) ;
#5482 =( GEOMETRIC_REPRESENTATION_CONTEXT ( 3 ) GLOBAL_UNCERTAINTY_ASSIGNED_CONTEXT ( ( #5483 ) ) GLOBAL_UNIT_ASSIGNED_CONTEXT ( ( #5431, #5430, #5429 ) ) REPRESENTATION_CONTEXT ( 'NONE', 'WORKASPACE' ) );
#5483 = UNCERTAINTY_MEASURE_WITH_UNIT (LENGTH_MEASURE( 1.000000000000000100E-005 ), #5431, 'distance_accuracy_value', 'NONE');
#5484 =( LENGTH_UNIT ( ) NAMED_UNIT ( * ) SI_UNIT ( .MILLI., .METRE. ) );
#5485 = MECHANICAL_DESIGN_GEOMETRIC_PRESENTATION_REPRESENTATION (  '', ( #5487 ), #5539 ) ;
#5486 = PRESENTATION_LAYER_ASSIGNMENT (  '', '', ( #5487 ) ) ;
#5487 = STYLED_ITEM ( 'NONE', ( #5488 ), #1361 ) ;
#5488 = PRESENTATION_STYLE_ASSIGNMENT (( #5489 ) ) ;
#5489 = SURFACE_STYLE_USAGE ( .BOTH. , #5490 ) ;
#5490 = SURFACE_SIDE_STYLE ('',( #5491 ) ) ;
#5491 = SURFACE_STYLE_FILL_AREA ( #5492 ) ;
#5492 = FILL_AREA_STYLE ('',( #5499 ) ) ;
#5493 = COLOUR_RGB ( '',0.7529411764705882200, 0.7529411764705882200, 0.7529411764705882200 ) ;
#5494 = FACE_OUTER_BOUND ( 'NONE', #1362, .T. ) ;
#5495 = DIRECTION ( 'NONE',  ( 0.0000000000000000000, 1.000000000000000000, 8.340016711426957800E-017 ) ) ;
#5496 = VECTOR ( 'NONE', #5495, 1000.000000000000000 ) ;
#5497 = CARTESIAN_POINT ( 'NONE',  ( 7.249999999999999100, -2.600000000000000500, 2.349999999999993400 ) ) ;
#5498 = LINE ( 'NONE', #5497, #5496 ) ;
#5499 = FILL_AREA_STYLE_COLOUR ( '', #5493 ) ;
#5500 = DIRECTION ( 'NONE',  ( 0.0000000000000000000, -1.000000000000000000, 0.0000000000000000000 ) ) ;
#5501 = VECTOR ( 'NONE', #5500, 1000.000000000000000 ) ;
#5502 = CARTESIAN_POINT ( 'NONE',  ( 7.249999999999999100, -8.599999999999999600, 2.849999999999993400 ) ) ;
#5503 = LINE ( 'NONE', #5502, #5501 ) ;
#5504 = DIRECTION ( 'NONE',  ( 0.0000000000000000000, 0.0000000000000000000, -1.000000000000000000 ) ) ;
#5505 = DIRECTION ( 'NONE',  ( 1.000000000000000000, 0.0000000000000000000, 0.0000000000000000000 ) ) ;
#5506 = CARTESIAN_POINT ( 'NONE',  ( 7.249999999999999100, -8.599999999999999600, 2.849999999999993400 ) ) ;
#5507 = AXIS2_PLACEMENT_3D ( 'NONE', #5506, #5505, #5504 ) ;
#5508 = PLANE ( 'NONE',  #5507 ) ;
#5509 =( GEOMETRIC_REPRESENTATION_CONTEXT ( 3 ) GLOBAL_UNCERTAINTY_ASSIGNED_CONTEXT ( ( #5510 ) ) GLOBAL_UNIT_ASSIGNED_CONTEXT ( ( #5456, #5455, #5511 ) ) REPRESENTATION_CONTEXT ( 'NONE', 'WORKASPACE' ) );
#5510 = UNCERTAINTY_MEASURE_WITH_UNIT (LENGTH_MEASURE( 1.000000000000000100E-005 ), #5456, 'distance_accuracy_value', 'NONE');
#5511 =( NAMED_UNIT ( * ) SI_UNIT ( $, .STERADIAN. ) SOLID_ANGLE_UNIT ( ) );
#5512 =( LENGTH_UNIT ( ) NAMED_UNIT ( * ) SI_UNIT ( .MILLI., .METRE. ) );
#5513 = MECHANICAL_DESIGN_GEOMETRIC_PRESENTATION_REPRESENTATION (  '', ( #5515 ), #5565 ) ;
#5514 = PRESENTATION_LAYER_ASSIGNMENT (  '', '', ( #5515 ) ) ;
#5515 = STYLED_ITEM ( 'NONE', ( #5516 ), #1371 ) ;
#5516 = PRESENTATION_STYLE_ASSIGNMENT (( #5517 ) ) ;
#5517 = SURFACE_STYLE_USAGE ( .BOTH. , #5518 ) ;
#5518 = SURFACE_SIDE_STYLE ('',( #5519 ) ) ;
#5519 = SURFACE_STYLE_FILL_AREA ( #5520 ) ;
#5520 = FILL_AREA_STYLE ('',( #5527 ) ) ;
#5521 = COLOUR_RGB ( '',0.7529411764705882200, 0.7529411764705882200, 0.7529411764705882200 ) ;
#5522 = FACE_OUTER_BOUND ( 'NONE', #1372, .T. ) ;
#5523 = DIRECTION ( 'NONE',  ( -1.000000000000000000, 0.0000000000000000000, 0.0000000000000000000 ) ) ;
#5524 = VECTOR ( 'NONE', #5523, 1000.000000000000000 ) ;
#5525 = CARTESIAN_POINT ( 'NONE',  ( 7.249999999999999100, -2.600000000000000500, 2.349999999999993400 ) ) ;
#5526 = LINE ( 'NONE', #5525, #5524 ) ;
#5527 = FILL_AREA_STYLE_COLOUR ( '', #5521 ) ;
#5528 = CARTESIAN_POINT ( 'NONE',  ( 7.249999999999999100, -2.600000000000000500, 2.349999999999993400 ) ) ;
#5529 = DIRECTION ( 'NONE',  ( 0.0000000000000000000, 0.0000000000000000000, 1.000000000000000000 ) ) ;
#5530 = VECTOR ( 'NONE', #5529, 1000.000000000000000 ) ;
#5531 = CARTESIAN_POINT ( 'NONE',  ( 7.249999999999999100, -2.600000000000000500, 2.849999999999993400 ) ) ;
#5532 = LINE ( 'NONE', #5531, #5530 ) ;
#5533 = CARTESIAN_POINT ( 'NONE',  ( 7.249999999999999100, -2.600000000000000500, 2.849999999999993400 ) ) ;
#5534 = DIRECTION ( 'NONE',  ( -1.000000000000000000, 0.0000000000000000000, 0.0000000000000000000 ) ) ;
#5535 = DIRECTION ( 'NONE',  ( 0.0000000000000000000, 0.0000000000000000000, -1.000000000000000000 ) ) ;
#5536 = CARTESIAN_POINT ( 'NONE',  ( 7.249999999999999100, -8.599999999999999600, 2.849999999999993400 ) ) ;
#5537 = AXIS2_PLACEMENT_3D ( 'NONE', #5536, #5535, #5534 ) ;
#5538 = PLANE ( 'NONE',  #5537 ) ;
#5539 =( GEOMETRIC_REPRESENTATION_CONTEXT ( 3 ) GLOBAL_UNCERTAINTY_ASSIGNED_CONTEXT ( ( #5540 ) ) GLOBAL_UNIT_ASSIGNED_CONTEXT ( ( #5484, #5542, #5541 ) ) REPRESENTATION_CONTEXT ( 'NONE', 'WORKASPACE' ) );
#5540 = UNCERTAINTY_MEASURE_WITH_UNIT (LENGTH_MEASURE( 1.000000000000000100E-005 ), #5484, 'distance_accuracy_value', 'NONE');
#5541 =( NAMED_UNIT ( * ) SI_UNIT ( $, .STERADIAN. ) SOLID_ANGLE_UNIT ( ) );
#5542 =( NAMED_UNIT ( * ) PLANE_ANGLE_UNIT ( ) SI_UNIT ( $, .RADIAN. ) );
#5543 =( NAMED_UNIT ( * ) PLANE_ANGLE_UNIT ( ) SI_UNIT ( $, .RADIAN. ) );
#5544 =( LENGTH_UNIT ( ) NAMED_UNIT ( * ) SI_UNIT ( .MILLI., .METRE. ) );
#5545 = MECHANICAL_DESIGN_GEOMETRIC_PRESENTATION_REPRESENTATION (  '', ( #5547 ), #5590 ) ;
#5546 = PRESENTATION_LAYER_ASSIGNMENT (  '', '', ( #5547 ) ) ;
#5547 = STYLED_ITEM ( 'NONE', ( #5548 ), #1378 ) ;
#5548 = PRESENTATION_STYLE_ASSIGNMENT (( #5549 ) ) ;
#5549 = SURFACE_STYLE_USAGE ( .BOTH. , #5550 ) ;
#5550 = SURFACE_SIDE_STYLE ('',( #5551 ) ) ;
#5551 = SURFACE_STYLE_FILL_AREA ( #5552 ) ;
#5552 = FILL_AREA_STYLE ('',( #5559 ) ) ;
#5553 = COLOUR_RGB ( '',0.7529411764705882200, 0.7529411764705882200, 0.7529411764705882200 ) ;
#5554 = FACE_OUTER_BOUND ( 'NONE', #100, .T. ) ;
#5555 = DIRECTION ( 'NONE',  ( 0.0000000000000000000, -1.000000000000000000, 0.0000000000000000000 ) ) ;
#5556 = VECTOR ( 'NONE', #5555, 1000.000000000000000 ) ;
#5557 = CARTESIAN_POINT ( 'NONE',  ( 6.749999999999999100, -8.599999999999999600, 2.849999999999993400 ) ) ;
#5558 = LINE ( 'NONE', #5557, #5556 ) ;
#5559 = FILL_AREA_STYLE_COLOUR ( '', #5553 ) ;
#5560 = DIRECTION ( 'NONE',  ( 0.0000000000000000000, 0.0000000000000000000, -1.000000000000000000 ) ) ;
#5561 = DIRECTION ( 'NONE',  ( 1.000000000000000000, 0.0000000000000000000, 0.0000000000000000000 ) ) ;
#5562 = CARTESIAN_POINT ( 'NONE',  ( 6.749999999999999100, -8.599999999999999600, 2.849999999999993400 ) ) ;
#5563 = AXIS2_PLACEMENT_3D ( 'NONE', #5562, #5561, #5560 ) ;
#5564 = PLANE ( 'NONE',  #5563 ) ;
#5565 =( GEOMETRIC_REPRESENTATION_CONTEXT ( 3 ) GLOBAL_UNCERTAINTY_ASSIGNED_CONTEXT ( ( #5566 ) ) GLOBAL_UNIT_ASSIGNED_CONTEXT ( ( #5512, #5568, #5567 ) ) REPRESENTATION_CONTEXT ( 'NONE', 'WORKASPACE' ) );
#5566 = UNCERTAINTY_MEASURE_WITH_UNIT (LENGTH_MEASURE( 1.000000000000000100E-005 ), #5512, 'distance_accuracy_value', 'NONE');
#5567 =( NAMED_UNIT ( * ) SI_UNIT ( $, .STERADIAN. ) SOLID_ANGLE_UNIT ( ) );
#5568 =( NAMED_UNIT ( * ) PLANE_ANGLE_UNIT ( ) SI_UNIT ( $, .RADIAN. ) );
#5569 =( GEOMETRIC_REPRESENTATION_CONTEXT ( 3 ) GLOBAL_UNCERTAINTY_ASSIGNED_CONTEXT ( ( #5570 ) ) GLOBAL_UNIT_ASSIGNED_CONTEXT ( ( #5573, #5572, #5571 ) ) REPRESENTATION_CONTEXT ( 'NONE', 'WORKASPACE' ) );
#5570 = UNCERTAINTY_MEASURE_WITH_UNIT (LENGTH_MEASURE( 1.000000000000000100E-005 ), #5573, 'distance_accuracy_value', 'NONE');
#5571 =( NAMED_UNIT ( * ) SI_UNIT ( $, .STERADIAN. ) SOLID_ANGLE_UNIT ( ) );
#5572 =( NAMED_UNIT ( * ) PLANE_ANGLE_UNIT ( ) SI_UNIT ( $, .RADIAN. ) );
#5573 =( LENGTH_UNIT ( ) NAMED_UNIT ( * ) SI_UNIT ( .MILLI., .METRE. ) );
#5574 = MECHANICAL_DESIGN_GEOMETRIC_PRESENTATION_REPRESENTATION (  '', ( #5576 ), #5569 ) ;
#5575 = PRESENTATION_LAYER_ASSIGNMENT (  '', '', ( #5576 ) ) ;
#5576 = STYLED_ITEM ( 'NONE', ( #5577 ), #1382 ) ;
#5577 = PRESENTATION_STYLE_ASSIGNMENT (( #5578 ) ) ;
#5578 = SURFACE_STYLE_USAGE ( .BOTH. , #5579 ) ;
#5579 = SURFACE_SIDE_STYLE ('',( #5580 ) ) ;
#5580 = SURFACE_STYLE_FILL_AREA ( #5581 ) ;
#5581 = FILL_AREA_STYLE ('',( #5588 ) ) ;
#5582 = COLOUR_RGB ( '',0.7529411764705882200, 0.7529411764705882200, 0.7529411764705882200 ) ;
#5583 = FACE_OUTER_BOUND ( 'NONE', #1383, .T. ) ;
#5584 = DIRECTION ( 'NONE',  ( 0.0000000000000000000, -1.000000000000000000, -1.275531967630005200E-016 ) ) ;
#5585 = DIRECTION ( 'NONE',  ( 0.0000000000000000000, -1.275531967630005200E-016, 1.000000000000000000 ) ) ;
#5586 = CARTESIAN_POINT ( 'NONE',  ( 9.250000000000000000, -8.300000000000000700, -0.1000000000000052700 ) ) ;
#5587 = AXIS2_PLACEMENT_3D ( 'NONE', #5586, #5585, #5584 ) ;
#5588 = FILL_AREA_STYLE_COLOUR ( '', #5582 ) ;
#5589 = PLANE ( 'NONE',  #5587 ) ;
#5590 =( GEOMETRIC_REPRESENTATION_CONTEXT ( 3 ) GLOBAL_UNCERTAINTY_ASSIGNED_CONTEXT ( ( #5591 ) ) GLOBAL_UNIT_ASSIGNED_CONTEXT ( ( #5544, #5543, #5592 ) ) REPRESENTATION_CONTEXT ( 'NONE', 'WORKASPACE' ) );
#5591 = UNCERTAINTY_MEASURE_WITH_UNIT (LENGTH_MEASURE( 1.000000000000000100E-005 ), #5544, 'distance_accuracy_value', 'NONE');
#5592 =( NAMED_UNIT ( * ) SI_UNIT ( $, .STERADIAN. ) SOLID_ANGLE_UNIT ( ) );
#5593 =( LENGTH_UNIT ( ) NAMED_UNIT ( * ) SI_UNIT ( .MILLI., .METRE. ) );
#5594 = MECHANICAL_DESIGN_GEOMETRIC_PRESENTATION_REPRESENTATION (  '', ( #5596 ), #5647 ) ;
#5595 = PRESENTATION_LAYER_ASSIGNMENT (  '', '', ( #5596 ) ) ;
#5596 = STYLED_ITEM ( 'NONE', ( #5597 ), #1397 ) ;
#5597 = PRESENTATION_STYLE_ASSIGNMENT (( #5598 ) ) ;
#5598 = SURFACE_STYLE_USAGE ( .BOTH. , #5599 ) ;
#5599 = SURFACE_SIDE_STYLE ('',( #5600 ) ) ;
#5600 = SURFACE_STYLE_FILL_AREA ( #5601 ) ;
#5601 = FILL_AREA_STYLE ('',( #5608 ) ) ;
#5602 = COLOUR_RGB ( '',0.7529411764705882200, 0.7529411764705882200, 0.7529411764705882200 ) ;
#5603 = FACE_OUTER_BOUND ( 'NONE', #1398, .T. ) ;
#5604 = DIRECTION ( 'NONE',  ( -1.000000000000000000, 0.0000000000000000000, 0.0000000000000000000 ) ) ;
#5605 = VECTOR ( 'NONE', #5604, 1000.000000000000000 ) ;
#5606 = CARTESIAN_POINT ( 'NONE',  ( 7.249999999999999100, -8.300000000000000700, -0.1000000000000063800 ) ) ;
#5607 = LINE ( 'NONE', #5606, #5605 ) ;
#5608 = FILL_AREA_STYLE_COLOUR ( '', #5602 ) ;
#5609 = CARTESIAN_POINT ( 'NONE',  ( 7.249999999999999100, -8.300000000000000700, -0.1000000000000063800 ) ) ;
#5610 = DIRECTION ( 'NONE',  ( 0.0000000000000000000, 0.7071067811865510100, 0.7071067811865441300 ) ) ;
#5611 = VECTOR ( 'NONE', #5610, 999.9999999999998900 ) ;
#5612 = CARTESIAN_POINT ( 'NONE',  ( 7.249999999999999100, -8.300000000000000700, -0.1000000000000063800 ) ) ;
#5613 = LINE ( 'NONE', #5612, #5611 ) ;
#5614 = DIRECTION ( 'NONE',  ( 0.0000000000000000000, 0.0000000000000000000, -1.000000000000000000 ) ) ;
#5615 = VECTOR ( 'NONE', #5614, 1000.000000000000000 ) ;
#5616 = CARTESIAN_POINT ( 'NONE',  ( 6.749999999999999100, -10.00000000000000000, 0.4999999999999935100 ) ) ;
#5617 = LINE ( 'NONE', #5616, #5615 ) ;
#5618 = CARTESIAN_POINT ( 'NONE',  ( 6.749999999999999100, -10.00000000000000000, -0.1000000000000066000 ) ) ;
#5619 = DIRECTION ( 'NONE',  ( 0.0000000000000000000, 1.000000000000000000, 1.275531967630005200E-016 ) ) ;
#5620 = VECTOR ( 'NONE', #5619, 1000.000000000000000 ) ;
#5621 = CARTESIAN_POINT ( 'NONE',  ( 6.749999999999999100, -8.300000000000000700, -0.1000000000000063800 ) ) ;
#5622 = LINE ( 'NONE', #5621, #5620 ) ;
#5623 = DIRECTION ( 'NONE',  ( 0.0000000000000000000, 0.0000000000000000000, -1.000000000000000000 ) ) ;
#5624 = DIRECTION ( 'NONE',  ( 1.000000000000000000, 0.0000000000000000000, 0.0000000000000000000 ) ) ;
#5625 = CARTESIAN_POINT ( 'NONE',  ( 6.749999999999999100, -8.599999999999999600, 2.849999999999993400 ) ) ;
#5626 = AXIS2_PLACEMENT_3D ( 'NONE', #5625, #5624, #5623 ) ;
#5627 = PLANE ( 'NONE',  #5626 ) ;
#5628 = CARTESIAN_POINT ( 'NONE',  ( 6.749999999999999100, -10.00000000000000000, 0.4999999999999935100 ) ) ;
#5629 = DIRECTION ( 'NONE',  ( 0.0000000000000000000, -1.000000000000000000, -7.744301232039316700E-017 ) ) ;
#5630 = VECTOR ( 'NONE', #5629, 1000.000000000000000 ) ;
#5631 = CARTESIAN_POINT ( 'NONE',  ( 6.749999999999999100, -8.599999999999999600, 0.4999999999999936200 ) ) ;
#5632 = LINE ( 'NONE', #5631, #5630 ) ;
#5633 = DIRECTION ( 'NONE',  ( 0.0000000000000000000, 1.000000000000000000, 1.275531967630005200E-016 ) ) ;
#5634 = VECTOR ( 'NONE', #5633, 1000.000000000000000 ) ;
#5635 = CARTESIAN_POINT ( 'NONE',  ( 7.249999999999999100, -8.300000000000000700, -0.1000000000000063800 ) ) ;
#5636 = LINE ( 'NONE', #5635, #5634 ) ;
#5637 = CARTESIAN_POINT ( 'NONE',  ( 7.249999999999999100, -10.00000000000000000, -0.1000000000000066000 ) ) ;
#5638 = DIRECTION ( 'NONE',  ( 0.0000000000000000000, 0.0000000000000000000, -1.000000000000000000 ) ) ;
#5639 = VECTOR ( 'NONE', #5638, 1000.000000000000000 ) ;
#5640 = CARTESIAN_POINT ( 'NONE',  ( 7.249999999999999100, -10.00000000000000000, 0.4999999999999935100 ) ) ;
#5641 = LINE ( 'NONE', #5640, #5639 ) ;
#5642 = DIRECTION ( 'NONE',  ( 0.0000000000000000000, 0.0000000000000000000, -1.000000000000000000 ) ) ;
#5643 = DIRECTION ( 'NONE',  ( 1.000000000000000000, 0.0000000000000000000, 0.0000000000000000000 ) ) ;
#5644 = CARTESIAN_POINT ( 'NONE',  ( 7.249999999999999100, -8.599999999999999600, 2.849999999999993400 ) ) ;
#5645 = AXIS2_PLACEMENT_3D ( 'NONE', #5644, #5643, #5642 ) ;
#5646 = PLANE ( 'NONE',  #5645 ) ;
#5647 =( GEOMETRIC_REPRESENTATION_CONTEXT ( 3 ) GLOBAL_UNCERTAINTY_ASSIGNED_CONTEXT ( ( #5648 ) ) GLOBAL_UNIT_ASSIGNED_CONTEXT ( ( #5593, #5650, #5649 ) ) REPRESENTATION_CONTEXT ( 'NONE', 'WORKASPACE' ) );
#5648 = UNCERTAINTY_MEASURE_WITH_UNIT (LENGTH_MEASURE( 1.000000000000000100E-005 ), #5593, 'distance_accuracy_value', 'NONE');
#5649 =( NAMED_UNIT ( * ) SI_UNIT ( $, .STERADIAN. ) SOLID_ANGLE_UNIT ( ) );
#5650 =( NAMED_UNIT ( * ) PLANE_ANGLE_UNIT ( ) SI_UNIT ( $, .RADIAN. ) );
#5651 = DIRECTION ( 'NONE',  ( 0.0000000000000000000, 0.7071067811865510100, 0.7071067811865441300 ) ) ;
#5652 = VECTOR ( 'NONE', #5651, 999.9999999999998900 ) ;
#5653 = CARTESIAN_POINT ( 'NONE',  ( 6.749999999999999100, -8.300000000000000700, -0.1000000000000063800 ) ) ;
#5654 = LINE ( 'NONE', #5653, #5652 ) ;
#5655 = DIRECTION ( 'NONE',  ( 0.0000000000000000000, -0.7071067811865510100, -0.7071067811865441300 ) ) ;
#5656 = DIRECTION ( 'NONE',  ( 0.0000000000000000000, -0.7071067811865441300, 0.7071067811865510100 ) ) ;
#5657 = CARTESIAN_POINT ( 'NONE',  ( 7.249999999999999100, -8.300000000000000700, -0.1000000000000063800 ) ) ;
#5658 = AXIS2_PLACEMENT_3D ( 'NONE', #5657, #5656, #5655 ) ;
#5659 = PLANE ( 'NONE',  #5658 ) ;
#5660 =( GEOMETRIC_REPRESENTATION_CONTEXT ( 3 ) GLOBAL_UNCERTAINTY_ASSIGNED_CONTEXT ( ( #5661 ) ) GLOBAL_UNIT_ASSIGNED_CONTEXT ( ( #5664, #5663, #5662 ) ) REPRESENTATION_CONTEXT ( 'NONE', 'WORKASPACE' ) );
#5661 = UNCERTAINTY_MEASURE_WITH_UNIT (LENGTH_MEASURE( 1.000000000000000100E-005 ), #5664, 'distance_accuracy_value', 'NONE');
#5662 =( NAMED_UNIT ( * ) SI_UNIT ( $, .STERADIAN. ) SOLID_ANGLE_UNIT ( ) );
#5663 =( NAMED_UNIT ( * ) PLANE_ANGLE_UNIT ( ) SI_UNIT ( $, .RADIAN. ) );
#5664 =( LENGTH_UNIT ( ) NAMED_UNIT ( * ) SI_UNIT ( .MILLI., .METRE. ) );
#5665 = MECHANICAL_DESIGN_GEOMETRIC_PRESENTATION_REPRESENTATION (  '', ( #5667 ), #5660 ) ;
#5666 = PRESENTATION_LAYER_ASSIGNMENT (  '', '', ( #5667 ) ) ;
#5667 = STYLED_ITEM ( 'NONE', ( #5668 ), #1412 ) ;
#5668 = PRESENTATION_STYLE_ASSIGNMENT (( #5669 ) ) ;
#5669 = SURFACE_STYLE_USAGE ( .BOTH. , #5670 ) ;
#5670 = SURFACE_SIDE_STYLE ('',( #5671 ) ) ;
#5671 = SURFACE_STYLE_FILL_AREA ( #5672 ) ;
#5672 = FILL_AREA_STYLE ('',( #5679 ) ) ;
#5673 = COLOUR_RGB ( '',0.7529411764705882200, 0.7529411764705882200, 0.7529411764705882200 ) ;
#5674 = FACE_OUTER_BOUND ( 'NONE', #1413, .T. ) ;
#5675 = DIRECTION ( 'NONE',  ( -1.000000000000000000, 0.0000000000000000000, 0.0000000000000000000 ) ) ;
#5676 = VECTOR ( 'NONE', #5675, 1000.000000000000000 ) ;
#5677 = CARTESIAN_POINT ( 'NONE',  ( 7.249999999999999100, -10.00000000000000000, 0.4999999999999935100 ) ) ;
#5678 = LINE ( 'NONE', #5677, #5676 ) ;
#5679 = FILL_AREA_STYLE_COLOUR ( '', #5673 ) ;
#5680 = CARTESIAN_POINT ( 'NONE',  ( 5.249999999999999100, -8.599999999999999600, 2.849999999999992100 ) ) ;
#5681 = AXIS2_PLACEMENT_3D ( 'NONE', #5680, #5735, #5734 ) ;
#5682 = PLANE ( 'NONE',  #5681 ) ;
#5683 =( GEOMETRIC_REPRESENTATION_CONTEXT ( 3 ) GLOBAL_UNCERTAINTY_ASSIGNED_CONTEXT ( ( #5684 ) ) GLOBAL_UNIT_ASSIGNED_CONTEXT ( ( #5687, #5686, #5685 ) ) REPRESENTATION_CONTEXT ( 'NONE', 'WORKASPACE' ) );
#5684 = UNCERTAINTY_MEASURE_WITH_UNIT (LENGTH_MEASURE( 1.000000000000000100E-005 ), #5687, 'distance_accuracy_value', 'NONE');
#5685 =( NAMED_UNIT ( * ) SI_UNIT ( $, .STERADIAN. ) SOLID_ANGLE_UNIT ( ) );
#5686 =( NAMED_UNIT ( * ) PLANE_ANGLE_UNIT ( ) SI_UNIT ( $, .RADIAN. ) );
#5687 =( LENGTH_UNIT ( ) NAMED_UNIT ( * ) SI_UNIT ( .MILLI., .METRE. ) );
#5688 = MECHANICAL_DESIGN_GEOMETRIC_PRESENTATION_REPRESENTATION (  '', ( #5690 ), #5683 ) ;
#5689 = PRESENTATION_LAYER_ASSIGNMENT (  '', '', ( #5690 ) ) ;
#5690 = STYLED_ITEM ( 'NONE', ( #5691 ), #1428 ) ;
#5691 = PRESENTATION_STYLE_ASSIGNMENT (( #5692 ) ) ;
#5692 = SURFACE_STYLE_USAGE ( .BOTH. , #5693 ) ;
#5693 = SURFACE_SIDE_STYLE ('',( #5694 ) ) ;
#5694 = SURFACE_STYLE_FILL_AREA ( #5695 ) ;
#5695 = FILL_AREA_STYLE ('',( #5702 ) ) ;
#5696 = COLOUR_RGB ( '',0.7529411764705882200, 0.7529411764705882200, 0.7529411764705882200 ) ;
#5697 = FACE_OUTER_BOUND ( 'NONE', #1429, .T. ) ;
#5698 = DIRECTION ( 'NONE',  ( 0.0000000000000000000, 1.000000000000000000, 8.340016711426957800E-017 ) ) ;
#5699 = VECTOR ( 'NONE', #5698, 1000.000000000000000 ) ;
#5700 = CARTESIAN_POINT ( 'NONE',  ( 4.749999999999999100, -2.600000000000000500, 2.349999999999992100 ) ) ;
#5701 = LINE ( 'NONE', #5700, #5699 ) ;
#5702 = FILL_AREA_STYLE_COLOUR ( '', #5696 ) ;
#5703 = DIRECTION ( 'NONE',  ( 0.0000000000000000000, -1.000000000000000000, 0.0000000000000000000 ) ) ;
#5704 = VECTOR ( 'NONE', #5703, 1000.000000000000000 ) ;
#5705 = CARTESIAN_POINT ( 'NONE',  ( 4.749999999999999100, -8.599999999999999600, 2.849999999999992100 ) ) ;
#5706 = LINE ( 'NONE', #5705, #5704 ) ;
#5707 = CARTESIAN_POINT ( 'NONE',  ( 6.749999999999999100, -8.300000000000000700, -0.1000000000000063800 ) ) ;
#5708 = LINE ( 'NONE', #5769, #5768 ) ;
#5709 = DIRECTION ( 'NONE',  ( 0.0000000000000000000, 0.0000000000000000000, -1.000000000000000000 ) ) ;
#5710 = DIRECTION ( 'NONE',  ( 0.0000000000000000000, -1.000000000000000000, 0.0000000000000000000 ) ) ;
#5711 = CARTESIAN_POINT ( 'NONE',  ( 5.249999999999999100, -2.600000000000000500, 2.849999999999992100 ) ) ;
#5712 = AXIS2_PLACEMENT_3D ( 'NONE', #5711, #5710, #5709 ) ;
#5713 = PLANE ( 'NONE',  #5712 ) ;
#5714 =( GEOMETRIC_REPRESENTATION_CONTEXT ( 3 ) GLOBAL_UNCERTAINTY_ASSIGNED_CONTEXT ( ( #5715 ) ) GLOBAL_UNIT_ASSIGNED_CONTEXT ( ( #5718, #5717, #5716 ) ) REPRESENTATION_CONTEXT ( 'NONE', 'WORKASPACE' ) );
#5715 = UNCERTAINTY_MEASURE_WITH_UNIT (LENGTH_MEASURE( 1.000000000000000100E-005 ), #5718, 'distance_accuracy_value', 'NONE');
#5716 =( NAMED_UNIT ( * ) SI_UNIT ( $, .STERADIAN. ) SOLID_ANGLE_UNIT ( ) );
#5717 =( NAMED_UNIT ( * ) PLANE_ANGLE_UNIT ( ) SI_UNIT ( $, .RADIAN. ) );
#5718 =( LENGTH_UNIT ( ) NAMED_UNIT ( * ) SI_UNIT ( .MILLI., .METRE. ) );
#5719 = MECHANICAL_DESIGN_GEOMETRIC_PRESENTATION_REPRESENTATION (  '', ( #5721 ), #5714 ) ;
#5720 = PRESENTATION_LAYER_ASSIGNMENT (  '', '', ( #5721 ) ) ;
#5721 = STYLED_ITEM ( 'NONE', ( #5722 ), #1435 ) ;
#5722 = PRESENTATION_STYLE_ASSIGNMENT (( #5723 ) ) ;
#5723 = SURFACE_STYLE_USAGE ( .BOTH. , #5724 ) ;
#5724 = SURFACE_SIDE_STYLE ('',( #5725 ) ) ;
#5725 = SURFACE_STYLE_FILL_AREA ( #5726 ) ;
#5726 = FILL_AREA_STYLE ('',( #5733 ) ) ;
#5727 = COLOUR_RGB ( '',0.7529411764705882200, 0.7529411764705882200, 0.7529411764705882200 ) ;
#5728 = FACE_OUTER_BOUND ( 'NONE', #1436, .T. ) ;
#5729 = DIRECTION ( 'NONE',  ( 0.0000000000000000000, -1.000000000000000000, 0.0000000000000000000 ) ) ;
#5730 = VECTOR ( 'NONE', #5729, 1000.000000000000000 ) ;
#5731 = CARTESIAN_POINT ( 'NONE',  ( 5.249999999999999100, -8.599999999999999600, 2.849999999999992100 ) ) ;
#5732 = LINE ( 'NONE', #5731, #5730 ) ;
#5733 = FILL_AREA_STYLE_COLOUR ( '', #5727 ) ;
#5734 = DIRECTION ( 'NONE',  ( 0.0000000000000000000, 0.0000000000000000000, -1.000000000000000000 ) ) ;
#5735 = DIRECTION ( 'NONE',  ( 1.000000000000000000, 0.0000000000000000000, 0.0000000000000000000 ) ) ;
#5736 = UNCERTAINTY_MEASURE_WITH_UNIT (LENGTH_MEASURE( 1.000000000000000100E-005 ), #5739, 'distance_accuracy_value', 'NONE');
#5737 =( NAMED_UNIT ( * ) SI_UNIT ( $, .STERADIAN. ) SOLID_ANGLE_UNIT ( ) );
#5738 =( NAMED_UNIT ( * ) PLANE_ANGLE_UNIT ( ) SI_UNIT ( $, .RADIAN. ) );
#5739 =( LENGTH_UNIT ( ) NAMED_UNIT ( * ) SI_UNIT ( .MILLI., .METRE. ) );
#5740 = MECHANICAL_DESIGN_GEOMETRIC_PRESENTATION_REPRESENTATION (  '', ( #5742 ), #5794 ) ;
#5741 = PRESENTATION_LAYER_ASSIGNMENT (  '', '', ( #5742 ) ) ;
#5742 = STYLED_ITEM ( 'NONE', ( #5743 ), #1449 ) ;
#5743 = PRESENTATION_STYLE_ASSIGNMENT (( #5744 ) ) ;
#5744 = SURFACE_STYLE_USAGE ( .BOTH. , #5745 ) ;
#5745 = SURFACE_SIDE_STYLE ('',( #5746 ) ) ;
#5746 = SURFACE_STYLE_FILL_AREA ( #5747 ) ;
#5747 = FILL_AREA_STYLE ('',( #5754 ) ) ;
#5748 = COLOUR_RGB ( '',0.7529411764705882200, 0.7529411764705882200, 0.7529411764705882200 ) ;
#5749 = FACE_OUTER_BOUND ( 'NONE', #1450, .T. ) ;
#5750 = DIRECTION ( 'NONE',  ( -1.000000000000000000, 0.0000000000000000000, 0.0000000000000000000 ) ) ;
#5751 = VECTOR ( 'NONE', #5750, 1000.000000000000000 ) ;
#5752 = CARTESIAN_POINT ( 'NONE',  ( 5.249999999999999100, -2.600000000000000500, 2.349999999999992100 ) ) ;
#5753 = LINE ( 'NONE', #5752, #5751 ) ;
#5754 = FILL_AREA_STYLE_COLOUR ( '', #5748 ) ;
#5755 = CARTESIAN_POINT ( 'NONE',  ( 5.249999999999999100, -2.600000000000000500, 2.349999999999992100 ) ) ;
#5756 = DIRECTION ( 'NONE',  ( 0.0000000000000000000, 0.0000000000000000000, 1.000000000000000000 ) ) ;
#5757 = VECTOR ( 'NONE', #5756, 1000.000000000000000 ) ;
#5758 = CARTESIAN_POINT ( 'NONE',  ( 5.249999999999999100, -2.600000000000000500, 2.849999999999992100 ) ) ;
#5759 = LINE ( 'NONE', #5758, #5757 ) ;
#5760 = CARTESIAN_POINT ( 'NONE',  ( 5.249999999999999100, -2.600000000000000500, 2.849999999999992100 ) ) ;
#5761 = DIRECTION ( 'NONE',  ( -1.000000000000000000, 0.0000000000000000000, 0.0000000000000000000 ) ) ;
#5762 = VECTOR ( 'NONE', #5761, 1000.000000000000000 ) ;
#5763 = CARTESIAN_POINT ( 'NONE',  ( 5.249999999999999100, -2.600000000000000500, 2.849999999999992100 ) ) ;
#5764 = LINE ( 'NONE', #5763, #5762 ) ;
#5765 = CARTESIAN_POINT ( 'NONE',  ( 4.749999999999999100, -2.600000000000000500, 2.849999999999992100 ) ) ;
#5766 = CARTESIAN_POINT ( 'NONE',  ( 4.749999999999999100, -2.600000000000000500, 2.349999999999992100 ) ) ;
#5767 = DIRECTION ( 'NONE',  ( 0.0000000000000000000, 0.0000000000000000000, 1.000000000000000000 ) ) ;
#5768 = VECTOR ( 'NONE', #5767, 1000.000000000000000 ) ;
#5769 = CARTESIAN_POINT ( 'NONE',  ( 4.749999999999999100, -2.600000000000000500, 2.849999999999992100 ) ) ;
#5770 = UNCERTAINTY_MEASURE_WITH_UNIT (LENGTH_MEASURE( 1.000000000000000100E-005 ), #5773, 'distance_accuracy_value', 'NONE');
#5771 =( NAMED_UNIT ( * ) SI_UNIT ( $, .STERADIAN. ) SOLID_ANGLE_UNIT ( ) );
#5772 =( NAMED_UNIT ( * ) PLANE_ANGLE_UNIT ( ) SI_UNIT ( $, .RADIAN. ) );
#5773 =( LENGTH_UNIT ( ) NAMED_UNIT ( * ) SI_UNIT ( .MILLI., .METRE. ) );
#5774 = MECHANICAL_DESIGN_GEOMETRIC_PRESENTATION_REPRESENTATION (  '', ( #5776 ), #5821 ) ;
#5775 = PRESENTATION_LAYER_ASSIGNMENT (  '', '', ( #5776 ) ) ;
#5776 = STYLED_ITEM ( 'NONE', ( #5777 ), #1456 ) ;
#5777 = PRESENTATION_STYLE_ASSIGNMENT (( #5778 ) ) ;
#5778 = SURFACE_STYLE_USAGE ( .BOTH. , #5779 ) ;
#5779 = SURFACE_SIDE_STYLE ('',( #5780 ) ) ;
#5780 = SURFACE_STYLE_FILL_AREA ( #5781 ) ;
#5781 = FILL_AREA_STYLE ('',( #5788 ) ) ;
#5782 = COLOUR_RGB ( '',0.7529411764705882200, 0.7529411764705882200, 0.7529411764705882200 ) ;
#5783 = FACE_OUTER_BOUND ( 'NONE', #1457, .T. ) ;
#5784 = DIRECTION ( 'NONE',  ( -1.000000000000000000, 0.0000000000000000000, 0.0000000000000000000 ) ) ;
#5785 = VECTOR ( 'NONE', #5784, 1000.000000000000000 ) ;
#5786 = CARTESIAN_POINT ( 'NONE',  ( 7.249999999999999100, -10.00000000000000000, -0.1000000000000066000 ) ) ;
#5787 = LINE ( 'NONE', #5786, #5785 ) ;
#5788 = FILL_AREA_STYLE_COLOUR ( '', #5782 ) ;
#5789 = DIRECTION ( 'NONE',  ( 0.0000000000000000000, 0.0000000000000000000, 1.000000000000000000 ) ) ;
#5790 = DIRECTION ( 'NONE',  ( 0.0000000000000000000, 1.000000000000000000, 0.0000000000000000000 ) ) ;
#5791 = CARTESIAN_POINT ( 'NONE',  ( 7.249999999999999100, -10.00000000000000000, 0.4999999999999935100 ) ) ;
#5792 = AXIS2_PLACEMENT_3D ( 'NONE', #5791, #5790, #5789 ) ;
#5793 = PLANE ( 'NONE',  #5792 ) ;
#5794 =( GEOMETRIC_REPRESENTATION_CONTEXT ( 3 ) GLOBAL_UNCERTAINTY_ASSIGNED_CONTEXT ( ( #5736 ) ) GLOBAL_UNIT_ASSIGNED_CONTEXT ( ( #5739, #5738, #5737 ) ) REPRESENTATION_CONTEXT ( 'NONE', 'WORKASPACE' ) );
#5795 = DIRECTION ( 'NONE',  ( 0.0000000000000000000, -0.7071067811865510100, -0.7071067811865441300 ) ) ;
#5796 = DIRECTION ( 'NONE',  ( 0.0000000000000000000, -0.7071067811865441300, 0.7071067811865510100 ) ) ;
#5797 = CARTESIAN_POINT ( 'NONE',  ( 5.249999999999999100, -8.300000000000000700, -0.1000000000000074700 ) ) ;
#5798 = AXIS2_PLACEMENT_3D ( 'NONE', #5797, #5796, #5795 ) ;
#5799 = PLANE ( 'NONE',  #5798 ) ;
#5800 =( GEOMETRIC_REPRESENTATION_CONTEXT ( 3 ) GLOBAL_UNCERTAINTY_ASSIGNED_CONTEXT ( ( #5801 ) ) GLOBAL_UNIT_ASSIGNED_CONTEXT ( ( #5804, #5803, #5802 ) ) REPRESENTATION_CONTEXT ( 'NONE', 'WORKASPACE' ) );
#5801 = UNCERTAINTY_MEASURE_WITH_UNIT (LENGTH_MEASURE( 1.000000000000000100E-005 ), #5804, 'distance_accuracy_value', 'NONE');
#5802 =( NAMED_UNIT ( * ) SI_UNIT ( $, .STERADIAN. ) SOLID_ANGLE_UNIT ( ) );
#5803 =( NAMED_UNIT ( * ) PLANE_ANGLE_UNIT ( ) SI_UNIT ( $, .RADIAN. ) );
#5804 =( LENGTH_UNIT ( ) NAMED_UNIT ( * ) SI_UNIT ( .MILLI., .METRE. ) );
#5805 = MECHANICAL_DESIGN_GEOMETRIC_PRESENTATION_REPRESENTATION (  '', ( #5807 ), #5800 ) ;
#5806 = PRESENTATION_LAYER_ASSIGNMENT (  '', '', ( #5807 ) ) ;
#5807 = STYLED_ITEM ( 'NONE', ( #5808 ), #1460 ) ;
#5808 = PRESENTATION_STYLE_ASSIGNMENT (( #5809 ) ) ;
#5809 = SURFACE_STYLE_USAGE ( .BOTH. , #5810 ) ;
#5810 = SURFACE_SIDE_STYLE ('',( #5811 ) ) ;
#5811 = SURFACE_STYLE_FILL_AREA ( #5812 ) ;
#5812 = FILL_AREA_STYLE ('',( #5819 ) ) ;
#5813 = COLOUR_RGB ( '',0.7529411764705882200, 0.7529411764705882200, 0.7529411764705882200 ) ;
#5814 = FACE_OUTER_BOUND ( 'NONE', #1486, .T. ) ;
#5815 = DIRECTION ( 'NONE',  ( 0.0000000000000000000, -1.000000000000000000, -1.275531967630005200E-016 ) ) ;
#5816 = DIRECTION ( 'NONE',  ( 0.0000000000000000000, -1.275531967630005200E-016, 1.000000000000000000 ) ) ;
#5817 = CARTESIAN_POINT ( 'NONE',  ( 7.249999999999999100, -8.300000000000000700, -0.1000000000000063800 ) ) ;
#5818 = AXIS2_PLACEMENT_3D ( 'NONE', #5817, #5816, #5815 ) ;
#5819 = FILL_AREA_STYLE_COLOUR ( '', #5813 ) ;
#5820 = PLANE ( 'NONE',  #5818 ) ;
#5821 =( GEOMETRIC_REPRESENTATION_CONTEXT ( 3 ) GLOBAL_UNCERTAINTY_ASSIGNED_CONTEXT ( ( #5770 ) ) GLOBAL_UNIT_ASSIGNED_CONTEXT ( ( #5773, #5772, #5771 ) ) REPRESENTATION_CONTEXT ( 'NONE', 'WORKASPACE' ) );
#5822 =( GEOMETRIC_REPRESENTATION_CONTEXT ( 3 ) GLOBAL_UNCERTAINTY_ASSIGNED_CONTEXT ( ( #5823 ) ) GLOBAL_UNIT_ASSIGNED_CONTEXT ( ( #5826, #5825, #5824 ) ) REPRESENTATION_CONTEXT ( 'NONE', 'WORKASPACE' ) );
#5823 = UNCERTAINTY_MEASURE_WITH_UNIT (LENGTH_MEASURE( 1.000000000000000100E-005 ), #5826, 'distance_accuracy_value', 'NONE');
#5824 =( NAMED_UNIT ( * ) SI_UNIT ( $, .STERADIAN. ) SOLID_ANGLE_UNIT ( ) );
#5825 =( NAMED_UNIT ( * ) PLANE_ANGLE_UNIT ( ) SI_UNIT ( $, .RADIAN. ) );
#5826 =( LENGTH_UNIT ( ) NAMED_UNIT ( * ) SI_UNIT ( .MILLI., .METRE. ) );
#5827 = MECHANICAL_DESIGN_GEOMETRIC_PRESENTATION_REPRESENTATION (  '', ( #5829 ), #5822 ) ;
#5828 = PRESENTATION_LAYER_ASSIGNMENT (  '', '', ( #5829 ) ) ;
#5829 = STYLED_ITEM ( 'NONE', ( #5830 ), #1470 ) ;
#5830 = PRESENTATION_STYLE_ASSIGNMENT (( #5831 ) ) ;
#5831 = SURFACE_STYLE_USAGE ( .BOTH. , #5832 ) ;
#5832 = SURFACE_SIDE_STYLE ('',( #5833 ) ) ;
#5833 = SURFACE_STYLE_FILL_AREA ( #5834 ) ;
#5834 = FILL_AREA_STYLE ('',( #5841 ) ) ;
#5835 = COLOUR_RGB ( '',0.7529411764705882200, 0.7529411764705882200, 0.7529411764705882200 ) ;
#5836 = FACE_OUTER_BOUND ( 'NONE', #1471, .T. ) ;
#5837 = DIRECTION ( 'NONE',  ( -1.000000000000000000, 0.0000000000000000000, 0.0000000000000000000 ) ) ;
#5838 = VECTOR ( 'NONE', #5837, 1000.000000000000000 ) ;
#5839 = CARTESIAN_POINT ( 'NONE',  ( 5.249999999999999100, -8.300000000000000700, -0.1000000000000074700 ) ) ;
#5840 = LINE ( 'NONE', #5839, #5838 ) ;
#5841 = FILL_AREA_STYLE_COLOUR ( '', #5835 ) ;
#5842 = CARTESIAN_POINT ( 'NONE',  ( 5.249999999999999100, -8.300000000000000700, -0.1000000000000074700 ) ) ;
#5843 = DIRECTION ( 'NONE',  ( 0.0000000000000000000, 0.7071067811865510100, 0.7071067811865441300 ) ) ;
#5844 = VECTOR ( 'NONE', #5843, 999.9999999999998900 ) ;
#5845 = CARTESIAN_POINT ( 'NONE',  ( 5.249999999999999100, -8.300000000000000700, -0.1000000000000074700 ) ) ;
#5846 = LINE ( 'NONE', #5845, #5844 ) ;
#5847 = CARTESIAN_POINT ( 'NONE',  ( 4.749999999999999100, -8.300000000000000700, -0.1000000000000074700 ) ) ;
#5848 = DIRECTION ( 'NONE',  ( 0.0000000000000000000, 0.7071067811865510100, 0.7071067811865441300 ) ) ;
#5849 = VECTOR ( 'NONE', #5848, 999.9999999999998900 ) ;
#5850 = CARTESIAN_POINT ( 'NONE',  ( 4.749999999999999100, -8.300000000000000700, -0.1000000000000074700 ) ) ;
#5851 = LINE ( 'NONE', #5850, #5849 ) ;
#5852 = LINE ( 'NONE', #5908, #5907 ) ;
#5853 = DIRECTION ( 'NONE',  ( 0.0000000000000000000, 1.000000000000000000, 7.744301232039316700E-017 ) ) ;
#5854 = DIRECTION ( 'NONE',  ( 0.0000000000000000000, 7.744301232039316700E-017, -1.000000000000000000 ) ) ;
#5855 = CARTESIAN_POINT ( 'NONE',  ( 5.249999999999999100, -8.599999999999999600, 0.4999999999999925100 ) ) ;
#5856 = AXIS2_PLACEMENT_3D ( 'NONE', #5855, #5854, #5853 ) ;
#5857 = PLANE ( 'NONE',  #5856 ) ;
#5858 =( GEOMETRIC_REPRESENTATION_CONTEXT ( 3 ) GLOBAL_UNCERTAINTY_ASSIGNED_CONTEXT ( ( #5859 ) ) GLOBAL_UNIT_ASSIGNED_CONTEXT ( ( #5862, #5861, #5860 ) ) REPRESENTATION_CONTEXT ( 'NONE', 'WORKASPACE' ) );
#5859 = UNCERTAINTY_MEASURE_WITH_UNIT (LENGTH_MEASURE( 1.000000000000000100E-005 ), #5862, 'distance_accuracy_value', 'NONE');
#5860 =( NAMED_UNIT ( * ) SI_UNIT ( $, .STERADIAN. ) SOLID_ANGLE_UNIT ( ) );
#5861 =( NAMED_UNIT ( * ) PLANE_ANGLE_UNIT ( ) SI_UNIT ( $, .RADIAN. ) );
#5862 =( LENGTH_UNIT ( ) NAMED_UNIT ( * ) SI_UNIT ( .MILLI., .METRE. ) );
#5863 = MECHANICAL_DESIGN_GEOMETRIC_PRESENTATION_REPRESENTATION (  '', ( #5865 ), #5858 ) ;
#5864 = PRESENTATION_LAYER_ASSIGNMENT (  '', '', ( #5865 ) ) ;
#5865 = STYLED_ITEM ( 'NONE', ( #5866 ), #1476 ) ;
#5866 = PRESENTATION_STYLE_ASSIGNMENT (( #5867 ) ) ;
#5867 = SURFACE_STYLE_USAGE ( .BOTH. , #5868 ) ;
#5868 = SURFACE_SIDE_STYLE ('',( #5869 ) ) ;
#5869 = SURFACE_STYLE_FILL_AREA ( #5870 ) ;
#5870 = FILL_AREA_STYLE ('',( #5877 ) ) ;
#5871 = COLOUR_RGB ( '',0.7529411764705882200, 0.7529411764705882200, 0.7529411764705882200 ) ;
#5872 = FACE_OUTER_BOUND ( 'NONE', #1477, .T. ) ;
#5873 = DIRECTION ( 'NONE',  ( 0.0000000000000000000, 0.0000000000000000000, -1.000000000000000000 ) ) ;
#5874 = DIRECTION ( 'NONE',  ( 1.000000000000000000, 0.0000000000000000000, 0.0000000000000000000 ) ) ;
#5875 = CARTESIAN_POINT ( 'NONE',  ( 5.249999999999999100, -8.599999999999999600, 2.849999999999992100 ) ) ;
#5876 = AXIS2_PLACEMENT_3D ( 'NONE', #5875, #5874, #5873 ) ;
#5877 = FILL_AREA_STYLE_COLOUR ( '', #5871 ) ;
#5878 = PLANE ( 'NONE',  #5876 ) ;
#5879 = PLANE ( 'NONE',  #5938 ) ;
#5880 =( GEOMETRIC_REPRESENTATION_CONTEXT ( 3 ) GLOBAL_UNCERTAINTY_ASSIGNED_CONTEXT ( ( #5881 ) ) GLOBAL_UNIT_ASSIGNED_CONTEXT ( ( #5884, #5883, #5882 ) ) REPRESENTATION_CONTEXT ( 'NONE', 'WORKASPACE' ) );
#5881 = UNCERTAINTY_MEASURE_WITH_UNIT (LENGTH_MEASURE( 1.000000000000000100E-005 ), #5884, 'distance_accuracy_value', 'NONE');
#5882 =( NAMED_UNIT ( * ) SI_UNIT ( $, .STERADIAN. ) SOLID_ANGLE_UNIT ( ) );
#5883 =( NAMED_UNIT ( * ) PLANE_ANGLE_UNIT ( ) SI_UNIT ( $, .RADIAN. ) );
#5884 =( LENGTH_UNIT ( ) NAMED_UNIT ( * ) SI_UNIT ( .MILLI., .METRE. ) );
#5885 = MECHANICAL_DESIGN_GEOMETRIC_PRESENTATION_REPRESENTATION (  '', ( #5887 ), #5880 ) ;
#5886 = PRESENTATION_LAYER_ASSIGNMENT (  '', '', ( #5887 ) ) ;
#5887 = STYLED_ITEM ( 'NONE', ( #5888 ), #1489 ) ;
#5888 = PRESENTATION_STYLE_ASSIGNMENT (( #5889 ) ) ;
#5889 = SURFACE_STYLE_USAGE ( .BOTH. , #5890 ) ;
#5890 = SURFACE_SIDE_STYLE ('',( #5891 ) ) ;
#5891 = SURFACE_STYLE_FILL_AREA ( #5892 ) ;
#5892 = FILL_AREA_STYLE ('',( #5899 ) ) ;
#5893 = COLOUR_RGB ( '',0.7529411764705882200, 0.7529411764705882200, 0.7529411764705882200 ) ;
#5894 = FACE_OUTER_BOUND ( 'NONE', #1490, .T. ) ;
#5895 = DIRECTION ( 'NONE',  ( 0.0000000000000000000, 1.000000000000000000, 8.340016711426957800E-017 ) ) ;
#5896 = VECTOR ( 'NONE', #5895, 1000.000000000000000 ) ;
#5897 = CARTESIAN_POINT ( 'NONE',  ( 5.249999999999999100, -2.600000000000000500, 2.349999999999992100 ) ) ;
#5898 = LINE ( 'NONE', #5897, #5896 ) ;
#5899 = FILL_AREA_STYLE_COLOUR ( '', #5893 ) ;
#5900 = CARTESIAN_POINT ( 'NONE',  ( 4.749999999999999100, -10.00000000000000000, 0.4999999999999923900 ) ) ;
#5901 = DIRECTION ( 'NONE',  ( 0.0000000000000000000, -1.000000000000000000, -7.744301232039316700E-017 ) ) ;
#5902 = VECTOR ( 'NONE', #5901, 1000.000000000000000 ) ;
#5903 = CARTESIAN_POINT ( 'NONE',  ( 4.749999999999999100, -8.599999999999999600, 0.4999999999999925100 ) ) ;
#5904 = LINE ( 'NONE', #5903, #5902 ) ;
#5905 = CARTESIAN_POINT ( 'NONE',  ( 5.249999999999999100, -10.00000000000000000, 0.4999999999999923900 ) ) ;
#5906 = DIRECTION ( 'NONE',  ( 0.0000000000000000000, -1.000000000000000000, -7.744301232039316700E-017 ) ) ;
#5907 = VECTOR ( 'NONE', #5906, 1000.000000000000000 ) ;
#5908 = CARTESIAN_POINT ( 'NONE',  ( 5.249999999999999100, -8.599999999999999600, 0.4999999999999925100 ) ) ;
#5909 = SURFACE_SIDE_STYLE ('',( #5910 ) ) ;
#5910 = SURFACE_STYLE_FILL_AREA ( #5911 ) ;
#5911 = FILL_AREA_STYLE ('',( #5918 ) ) ;
#5912 = COLOUR_RGB ( '',0.7529411764705882200, 0.7529411764705882200, 0.7529411764705882200 ) ;
#5913 = FACE_OUTER_BOUND ( 'NONE', #1421, .T. ) ;
#5914 = DIRECTION ( 'NONE',  ( 0.0000000000000000000, -1.000000000000000000, -8.340016711426957800E-017 ) ) ;
#5915 = DIRECTION ( 'NONE',  ( 0.0000000000000000000, -8.340016711426957800E-017, 1.000000000000000000 ) ) ;
#5916 = CARTESIAN_POINT ( 'NONE',  ( 5.249999999999999100, -2.600000000000000500, 2.349999999999992100 ) ) ;
#5917 = AXIS2_PLACEMENT_3D ( 'NONE', #5916, #5915, #5914 ) ;
#5918 = FILL_AREA_STYLE_COLOUR ( '', #5912 ) ;
#5919 = PLANE ( 'NONE',  #5917 ) ;
#5920 =( GEOMETRIC_REPRESENTATION_CONTEXT ( 3 ) GLOBAL_UNCERTAINTY_ASSIGNED_CONTEXT ( ( #5921 ) ) GLOBAL_UNIT_ASSIGNED_CONTEXT ( ( #5924, #5923, #5922 ) ) REPRESENTATION_CONTEXT ( 'NONE', 'WORKASPACE' ) );
#5921 = UNCERTAINTY_MEASURE_WITH_UNIT (LENGTH_MEASURE( 1.000000000000000100E-005 ), #5924, 'distance_accuracy_value', 'NONE');
#5922 =( NAMED_UNIT ( * ) SI_UNIT ( $, .STERADIAN. ) SOLID_ANGLE_UNIT ( ) );
#5923 =( NAMED_UNIT ( * ) PLANE_ANGLE_UNIT ( ) SI_UNIT ( $, .RADIAN. ) );
#5924 =( LENGTH_UNIT ( ) NAMED_UNIT ( * ) SI_UNIT ( .MILLI., .METRE. ) );
#5925 = MECHANICAL_DESIGN_GEOMETRIC_PRESENTATION_REPRESENTATION (  '', ( #5927 ), #5920 ) ;
#5926 = PRESENTATION_LAYER_ASSIGNMENT (  '', '', ( #5927 ) ) ;
#5927 = STYLED_ITEM ( 'NONE', ( #5928 ), #1495 ) ;
#5928 = PRESENTATION_STYLE_ASSIGNMENT (( #5929 ) ) ;
#5929 = SURFACE_STYLE_USAGE ( .BOTH. , #5930 ) ;
#5930 = SURFACE_SIDE_STYLE ('',( #5931 ) ) ;
#5931 = SURFACE_STYLE_FILL_AREA ( #5932 ) ;
#5932 = FILL_AREA_STYLE ('',( #5939 ) ) ;
#5933 = COLOUR_RGB ( '',0.7529411764705882200, 0.7529411764705882200, 0.7529411764705882200 ) ;
#5934 = FACE_OUTER_BOUND ( 'NONE', #1496, .T. ) ;
#5935 = DIRECTION ( 'NONE',  ( -1.000000000000000000, 0.0000000000000000000, 0.0000000000000000000 ) ) ;
#5936 = DIRECTION ( 'NONE',  ( 0.0000000000000000000, 0.0000000000000000000, -1.000000000000000000 ) ) ;
#5937 = CARTESIAN_POINT ( 'NONE',  ( 5.249999999999999100, -8.599999999999999600, 2.849999999999992100 ) ) ;
#5938 = AXIS2_PLACEMENT_3D ( 'NONE', #5937, #5936, #5935 ) ;
#5939 = FILL_AREA_STYLE_COLOUR ( '', #5933 ) ;
#5940 =( NAMED_UNIT ( * ) PLANE_ANGLE_UNIT ( ) SI_UNIT ( $, .RADIAN. ) );
#5941 =( LENGTH_UNIT ( ) NAMED_UNIT ( * ) SI_UNIT ( .MILLI., .METRE. ) );
#5942 = MECHANICAL_DESIGN_GEOMETRIC_PRESENTATION_REPRESENTATION (  '', ( #5944 ), #5988 ) ;
#5943 = PRESENTATION_LAYER_ASSIGNMENT (  '', '', ( #5944 ) ) ;
#5944 = STYLED_ITEM ( 'NONE', ( #5945 ), #1499 ) ;
#5945 = PRESENTATION_STYLE_ASSIGNMENT (( #5946 ) ) ;
#5946 = SURFACE_STYLE_USAGE ( .BOTH. , #5947 ) ;
#5947 = SURFACE_SIDE_STYLE ('',( #5948 ) ) ;
#5948 = SURFACE_STYLE_FILL_AREA ( #5949 ) ;
#5949 = FILL_AREA_STYLE ('',( #5956 ) ) ;
#5950 = COLOUR_RGB ( '',0.7529411764705882200, 0.7529411764705882200, 0.7529411764705882200 ) ;
#5951 = FACE_OUTER_BOUND ( 'NONE', #1500, .T. ) ;
#5952 = DIRECTION ( 'NONE',  ( 0.0000000000000000000, 0.0000000000000000000, -1.000000000000000000 ) ) ;
#5953 = DIRECTION ( 'NONE',  ( 1.000000000000000000, 0.0000000000000000000, 0.0000000000000000000 ) ) ;
#5954 = CARTESIAN_POINT ( 'NONE',  ( 4.749999999999999100, -8.599999999999999600, 2.849999999999992100 ) ) ;
#5955 = AXIS2_PLACEMENT_3D ( 'NONE', #5954, #5953, #5952 ) ;
#5956 = FILL_AREA_STYLE_COLOUR ( '', #5950 ) ;
#5957 = PLANE ( 'NONE',  #5955 ) ;
#5958 =( GEOMETRIC_REPRESENTATION_CONTEXT ( 3 ) GLOBAL_UNCERTAINTY_ASSIGNED_CONTEXT ( ( #5959 ) ) GLOBAL_UNIT_ASSIGNED_CONTEXT ( ( #5962, #5961, #5960 ) ) REPRESENTATION_CONTEXT ( 'NONE', 'WORKASPACE' ) );
#5959 = UNCERTAINTY_MEASURE_WITH_UNIT (LENGTH_MEASURE( 1.000000000000000100E-005 ), #5962, 'distance_accuracy_value', 'NONE');
#5960 =( NAMED_UNIT ( * ) SI_UNIT ( $, .STERADIAN. ) SOLID_ANGLE_UNIT ( ) );
#5961 =( NAMED_UNIT ( * ) PLANE_ANGLE_UNIT ( ) SI_UNIT ( $, .RADIAN. ) );
#5962 =( LENGTH_UNIT ( ) NAMED_UNIT ( * ) SI_UNIT ( .MILLI., .METRE. ) );
#5963 = MECHANICAL_DESIGN_GEOMETRIC_PRESENTATION_REPRESENTATION (  '', ( #5965 ), #5958 ) ;
#5964 = PRESENTATION_LAYER_ASSIGNMENT (  '', '', ( #5965 ) ) ;
#5965 = STYLED_ITEM ( 'NONE', ( #5966 ), #1498 ) ;
#5966 = PRESENTATION_STYLE_ASSIGNMENT (( #5967 ) ) ;
#5967 = SURFACE_STYLE_USAGE ( .BOTH. , #5909 ) ;
#5968 = UNCERTAINTY_MEASURE_WITH_UNIT (LENGTH_MEASURE( 1.000000000000000100E-005 ), #5971, 'distance_accuracy_value', 'NONE');
#5969 =( NAMED_UNIT ( * ) SI_UNIT ( $, .STERADIAN. ) SOLID_ANGLE_UNIT ( ) );
#5970 =( NAMED_UNIT ( * ) PLANE_ANGLE_UNIT ( ) SI_UNIT ( $, .RADIAN. ) );
#5971 =( LENGTH_UNIT ( ) NAMED_UNIT ( * ) SI_UNIT ( .MILLI., .METRE. ) );
#5972 = MECHANICAL_DESIGN_GEOMETRIC_PRESENTATION_REPRESENTATION (  '', ( #5974 ), #6026 ) ;
#5973 = PRESENTATION_LAYER_ASSIGNMENT (  '', '', ( #5974 ) ) ;
#5974 = STYLED_ITEM ( 'NONE', ( #5975 ), #1505 ) ;
#5975 = PRESENTATION_STYLE_ASSIGNMENT (( #5976 ) ) ;
#5976 = SURFACE_STYLE_USAGE ( .BOTH. , #5977 ) ;
#5977 = SURFACE_SIDE_STYLE ('',( #5978 ) ) ;
#5978 = SURFACE_STYLE_FILL_AREA ( #5979 ) ;
#5979 = FILL_AREA_STYLE ('',( #5986 ) ) ;
#5980 = COLOUR_RGB ( '',0.7529411764705882200, 0.7529411764705882200, 0.7529411764705882200 ) ;
#5981 = FACE_OUTER_BOUND ( 'NONE', #1506, .T. ) ;
#5982 = DIRECTION ( 'NONE',  ( 0.0000000000000000000, -1.000000000000000000, -1.275531967630005200E-016 ) ) ;
#5983 = DIRECTION ( 'NONE',  ( 0.0000000000000000000, -1.275531967630005200E-016, 1.000000000000000000 ) ) ;
#5984 = CARTESIAN_POINT ( 'NONE',  ( 5.249999999999999100, -8.300000000000000700, -0.1000000000000074700 ) ) ;
#5985 = AXIS2_PLACEMENT_3D ( 'NONE', #5984, #5983, #5982 ) ;
#5986 = FILL_AREA_STYLE_COLOUR ( '', #5980 ) ;
#5987 = PLANE ( 'NONE',  #5985 ) ;
#5988 =( GEOMETRIC_REPRESENTATION_CONTEXT ( 3 ) GLOBAL_UNCERTAINTY_ASSIGNED_CONTEXT ( ( #5989 ) ) GLOBAL_UNIT_ASSIGNED_CONTEXT ( ( #5941, #5940, #5990 ) ) REPRESENTATION_CONTEXT ( 'NONE', 'WORKASPACE' ) );
#5989 = UNCERTAINTY_MEASURE_WITH_UNIT (LENGTH_MEASURE( 1.000000000000000100E-005 ), #5941, 'distance_accuracy_value', 'NONE');
#5990 =( NAMED_UNIT ( * ) SI_UNIT ( $, .STERADIAN. ) SOLID_ANGLE_UNIT ( ) );
#5991 = MECHANICAL_DESIGN_GEOMETRIC_PRESENTATION_REPRESENTATION (  '', ( #5993 ), #6046 ) ;
#5992 = PRESENTATION_LAYER_ASSIGNMENT (  '', '', ( #5993 ) ) ;
#5993 = STYLED_ITEM ( 'NONE', ( #5994 ), #1520 ) ;
#5994 = PRESENTATION_STYLE_ASSIGNMENT (( #5995 ) ) ;
#5995 = SURFACE_STYLE_USAGE ( .BOTH. , #5996 ) ;
#5996 = SURFACE_SIDE_STYLE ('',( #5997 ) ) ;
#5997 = SURFACE_STYLE_FILL_AREA ( #5998 ) ;
#5998 = FILL_AREA_STYLE ('',( #6005 ) ) ;
#5999 = COLOUR_RGB ( '',0.7529411764705882200, 0.7529411764705882200, 0.7529411764705882200 ) ;
#6000 = FACE_OUTER_BOUND ( 'NONE', #1521, .T. ) ;
#6001 = DIRECTION ( 'NONE',  ( 0.0000000000000000000, 0.0000000000000000000, -1.000000000000000000 ) ) ;
#6002 = VECTOR ( 'NONE', #6001, 1000.000000000000000 ) ;
#6003 = CARTESIAN_POINT ( 'NONE',  ( 4.749999999999999100, -10.00000000000000000, 0.4999999999999923900 ) ) ;
#6004 = LINE ( 'NONE', #6003, #6002 ) ;
#6005 = FILL_AREA_STYLE_COLOUR ( '', #5999 ) ;
#6006 = CARTESIAN_POINT ( 'NONE',  ( 4.749999999999999100, -10.00000000000000000, -0.1000000000000076900 ) ) ;
#6007 = DIRECTION ( 'NONE',  ( 0.0000000000000000000, 1.000000000000000000, 1.275531967630005200E-016 ) ) ;
#6008 = VECTOR ( 'NONE', #6007, 1000.000000000000000 ) ;
#6009 = CARTESIAN_POINT ( 'NONE',  ( 4.749999999999999100, -8.300000000000000700, -0.1000000000000074700 ) ) ;
#6010 = LINE ( 'NONE', #6009, #6008 ) ;
#6011 = DIRECTION ( 'NONE',  ( -1.000000000000000000, 0.0000000000000000000, 0.0000000000000000000 ) ) ;
#6012 = VECTOR ( 'NONE', #6011, 1000.000000000000000 ) ;
#6013 = CARTESIAN_POINT ( 'NONE',  ( 3.249999999999999100, -2.600000000000000500, 2.849999999999991700 ) ) ;
#6014 = LINE ( 'NONE', #6013, #6012 ) ;
#6015 = CARTESIAN_POINT ( 'NONE',  ( 2.749999999999999100, -2.600000000000000500, 2.849999999999991700 ) ) ;
#6016 = CARTESIAN_POINT ( 'NONE',  ( 2.749999999999999100, -2.600000000000000500, 2.349999999999991200 ) ) ;
#6017 = DIRECTION ( 'NONE',  ( 0.0000000000000000000, 0.0000000000000000000, 1.000000000000000000 ) ) ;
#6018 = VECTOR ( 'NONE', #6017, 1000.000000000000000 ) ;
#6019 = CARTESIAN_POINT ( 'NONE',  ( 2.749999999999999100, -2.600000000000000500, 2.849999999999991700 ) ) ;
#6020 = LINE ( 'NONE', #6019, #6018 ) ;
#6021 = DIRECTION ( 'NONE',  ( 0.0000000000000000000, 0.0000000000000000000, -1.000000000000000000 ) ) ;
#6022 = DIRECTION ( 'NONE',  ( 0.0000000000000000000, -1.000000000000000000, 0.0000000000000000000 ) ) ;
#6023 = CARTESIAN_POINT ( 'NONE',  ( 3.249999999999999100, -2.600000000000000500, 2.849999999999991700 ) ) ;
#6024 = AXIS2_PLACEMENT_3D ( 'NONE', #6023, #6022, #6021 ) ;
#6025 = PLANE ( 'NONE',  #6024 ) ;
#6026 =( GEOMETRIC_REPRESENTATION_CONTEXT ( 3 ) GLOBAL_UNCERTAINTY_ASSIGNED_CONTEXT ( ( #5968 ) ) GLOBAL_UNIT_ASSIGNED_CONTEXT ( ( #5971, #5970, #5969 ) ) REPRESENTATION_CONTEXT ( 'NONE', 'WORKASPACE' ) );
#6027 = DIRECTION ( 'NONE',  ( 0.0000000000000000000, 1.000000000000000000, 1.275531967630005200E-016 ) ) ;
#6028 = VECTOR ( 'NONE', #6027, 1000.000000000000000 ) ;
#6029 = CARTESIAN_POINT ( 'NONE',  ( 5.249999999999999100, -8.300000000000000700, -0.1000000000000074700 ) ) ;
#6030 = LINE ( 'NONE', #6029, #6028 ) ;
#6031 = FILL_AREA_STYLE_COLOUR ( '', #6082 ) ;
#6032 = CARTESIAN_POINT ( 'NONE',  ( 5.249999999999999100, -10.00000000000000000, -0.1000000000000076900 ) ) ;
#6033 = DIRECTION ( 'NONE',  ( 0.0000000000000000000, 0.0000000000000000000, -1.000000000000000000 ) ) ;
#6034 = VECTOR ( 'NONE', #6033, 1000.000000000000000 ) ;
#6035 = CARTESIAN_POINT ( 'NONE',  ( 5.249999999999999100, -10.00000000000000000, 0.4999999999999923900 ) ) ;
#6036 = LINE ( 'NONE', #6035, #6034 ) ;
#6037 = DIRECTION ( 'NONE',  ( -1.000000000000000000, 0.0000000000000000000, 0.0000000000000000000 ) ) ;
#6038 = VECTOR ( 'NONE', #6037, 1000.000000000000000 ) ;
#6039 = CARTESIAN_POINT ( 'NONE',  ( 5.249999999999999100, -10.00000000000000000, -0.1000000000000076900 ) ) ;
#6040 = LINE ( 'NONE', #6039, #6038 ) ;
#6041 = DIRECTION ( 'NONE',  ( 0.0000000000000000000, 0.0000000000000000000, 1.000000000000000000 ) ) ;
#6042 = DIRECTION ( 'NONE',  ( 0.0000000000000000000, 1.000000000000000000, 0.0000000000000000000 ) ) ;
#6043 = CARTESIAN_POINT ( 'NONE',  ( 5.249999999999999100, -10.00000000000000000, 0.4999999999999923900 ) ) ;
#6044 = AXIS2_PLACEMENT_3D ( 'NONE', #6043, #6042, #6041 ) ;
#6045 = PLANE ( 'NONE',  #6044 ) ;
#6046 =( GEOMETRIC_REPRESENTATION_CONTEXT ( 3 ) GLOBAL_UNCERTAINTY_ASSIGNED_CONTEXT ( ( #6047 ) ) GLOBAL_UNIT_ASSIGNED_CONTEXT ( ( #6050, #6049, #6048 ) ) REPRESENTATION_CONTEXT ( 'NONE', 'WORKASPACE' ) );
#6047 = UNCERTAINTY_MEASURE_WITH_UNIT (LENGTH_MEASURE( 1.000000000000000100E-005 ), #6050, 'distance_accuracy_value', 'NONE');
#6048 =( NAMED_UNIT ( * ) SI_UNIT ( $, .STERADIAN. ) SOLID_ANGLE_UNIT ( ) );
#6049 =( NAMED_UNIT ( * ) PLANE_ANGLE_UNIT ( ) SI_UNIT ( $, .RADIAN. ) );
#6050 =( LENGTH_UNIT ( ) NAMED_UNIT ( * ) SI_UNIT ( .MILLI., .METRE. ) );
#6051 = STYLED_ITEM ( 'NONE', ( #6052 ), #1541 ) ;
#6052 = PRESENTATION_STYLE_ASSIGNMENT (( #6053 ) ) ;
#6053 = SURFACE_STYLE_USAGE ( .BOTH. , #6054 ) ;
#6054 = SURFACE_SIDE_STYLE ('',( #6055 ) ) ;
#6055 = SURFACE_STYLE_FILL_AREA ( #6056 ) ;
#6056 = FILL_AREA_STYLE ('',( #6063 ) ) ;
#6057 = COLOUR_RGB ( '',0.7529411764705882200, 0.7529411764705882200, 0.7529411764705882200 ) ;
#6058 = FACE_OUTER_BOUND ( 'NONE', #1542, .T. ) ;
#6059 = DIRECTION ( 'NONE',  ( -1.000000000000000000, 0.0000000000000000000, 0.0000000000000000000 ) ) ;
#6060 = VECTOR ( 'NONE', #6059, 1000.000000000000000 ) ;
#6061 = CARTESIAN_POINT ( 'NONE',  ( 5.249999999999999100, -10.00000000000000000, 0.4999999999999923900 ) ) ;
#6062 = LINE ( 'NONE', #6061, #6060 ) ;
#6063 = FILL_AREA_STYLE_COLOUR ( '', #6057 ) ;
#6064 = DIRECTION ( 'NONE',  ( 0.0000000000000000000, 0.0000000000000000000, -1.000000000000000000 ) ) ;
#6065 = DIRECTION ( 'NONE',  ( 1.000000000000000000, 0.0000000000000000000, 0.0000000000000000000 ) ) ;
#6066 = CARTESIAN_POINT ( 'NONE',  ( 4.749999999999999100, -8.599999999999999600, 2.849999999999992100 ) ) ;
#6067 = AXIS2_PLACEMENT_3D ( 'NONE', #6066, #6065, #6064 ) ;
#6068 = PLANE ( 'NONE',  #6067 ) ;
#6069 =( GEOMETRIC_REPRESENTATION_CONTEXT ( 3 ) GLOBAL_UNCERTAINTY_ASSIGNED_CONTEXT ( ( #6070 ) ) GLOBAL_UNIT_ASSIGNED_CONTEXT ( ( #6073, #6072, #6071 ) ) REPRESENTATION_CONTEXT ( 'NONE', 'WORKASPACE' ) );
#6070 = UNCERTAINTY_MEASURE_WITH_UNIT (LENGTH_MEASURE( 1.000000000000000100E-005 ), #6073, 'distance_accuracy_value', 'NONE');
#6071 =( NAMED_UNIT ( * ) SI_UNIT ( $, .STERADIAN. ) SOLID_ANGLE_UNIT ( ) );
#6072 =( NAMED_UNIT ( * ) PLANE_ANGLE_UNIT ( ) SI_UNIT ( $, .RADIAN. ) );
#6073 =( LENGTH_UNIT ( ) NAMED_UNIT ( * ) SI_UNIT ( .MILLI., .METRE. ) );
#6074 = MECHANICAL_DESIGN_GEOMETRIC_PRESENTATION_REPRESENTATION (  '', ( #6076 ), #6069 ) ;
#6075 = PRESENTATION_LAYER_ASSIGNMENT (  '', '', ( #6076 ) ) ;
#6076 = STYLED_ITEM ( 'NONE', ( #6077 ), #1533 ) ;
#6077 = PRESENTATION_STYLE_ASSIGNMENT (( #6078 ) ) ;
#6078 = SURFACE_STYLE_USAGE ( .BOTH. , #6079 ) ;
#6079 = SURFACE_SIDE_STYLE ('',( #6080 ) ) ;
#6080 = SURFACE_STYLE_FILL_AREA ( #6081 ) ;
#6081 = FILL_AREA_STYLE ('',( #6031 ) ) ;
#6082 = COLOUR_RGB ( '',0.7529411764705882200, 0.7529411764705882200, 0.7529411764705882200 ) ;
#6083 = FACE_OUTER_BOUND ( 'NONE', #1534, .T. ) ;
#6084 =( NAMED_UNIT ( * ) PLANE_ANGLE_UNIT ( ) SI_UNIT ( $, .RADIAN. ) );
#6085 =( LENGTH_UNIT ( ) NAMED_UNIT ( * ) SI_UNIT ( .MILLI., .METRE. ) );
#6086 = MECHANICAL_DESIGN_GEOMETRIC_PRESENTATION_REPRESENTATION (  '', ( #6088 ), #6134 ) ;
#6087 = PRESENTATION_LAYER_ASSIGNMENT (  '', '', ( #6088 ) ) ;
#6088 = STYLED_ITEM ( 'NONE', ( #6089 ), #1547 ) ;
#6089 = PRESENTATION_STYLE_ASSIGNMENT (( #6090 ) ) ;
#6090 = SURFACE_STYLE_USAGE ( .BOTH. , #6091 ) ;
#6091 = SURFACE_SIDE_STYLE ('',( #6092 ) ) ;
#6092 = SURFACE_STYLE_FILL_AREA ( #6093 ) ;
#6093 = FILL_AREA_STYLE ('',( #6100 ) ) ;
#6094 = COLOUR_RGB ( '',0.7529411764705882200, 0.7529411764705882200, 0.7529411764705882200 ) ;
#6095 = FACE_OUTER_BOUND ( 'NONE', #1548, .T. ) ;
#6096 = DIRECTION ( 'NONE',  ( 0.0000000000000000000, -1.000000000000000000, -8.340016711426957800E-017 ) ) ;
#6097 = DIRECTION ( 'NONE',  ( 0.0000000000000000000, -8.340016711426957800E-017, 1.000000000000000000 ) ) ;
#6098 = CARTESIAN_POINT ( 'NONE',  ( 3.249999999999999100, -2.600000000000000500, 2.349999999999991200 ) ) ;
#6099 = AXIS2_PLACEMENT_3D ( 'NONE', #6098, #6097, #6096 ) ;
#6100 = FILL_AREA_STYLE_COLOUR ( '', #6094 ) ;
#6101 = PLANE ( 'NONE',  #6099 ) ;
#6102 =( GEOMETRIC_REPRESENTATION_CONTEXT ( 3 ) GLOBAL_UNCERTAINTY_ASSIGNED_CONTEXT ( ( #6103 ) ) GLOBAL_UNIT_ASSIGNED_CONTEXT ( ( #6106, #6105, #6104 ) ) REPRESENTATION_CONTEXT ( 'NONE', 'WORKASPACE' ) );
#6103 = UNCERTAINTY_MEASURE_WITH_UNIT (LENGTH_MEASURE( 1.000000000000000100E-005 ), #6106, 'distance_accuracy_value', 'NONE');
#6104 =( NAMED_UNIT ( * ) SI_UNIT ( $, .STERADIAN. ) SOLID_ANGLE_UNIT ( ) );
#6105 =( NAMED_UNIT ( * ) PLANE_ANGLE_UNIT ( ) SI_UNIT ( $, .RADIAN. ) );
#6106 =( LENGTH_UNIT ( ) NAMED_UNIT ( * ) SI_UNIT ( .MILLI., .METRE. ) );
#6107 = MECHANICAL_DESIGN_GEOMETRIC_PRESENTATION_REPRESENTATION (  '', ( #6051 ), #6102 ) ;
#6108 = PRESENTATION_LAYER_ASSIGNMENT (  '', '', ( #6051 ) ) ;
#6109 = UNCERTAINTY_MEASURE_WITH_UNIT (LENGTH_MEASURE( 1.000000000000000100E-005 ), #6112, 'distance_accuracy_value', 'NONE');
#6110 =( NAMED_UNIT ( * ) SI_UNIT ( $, .STERADIAN. ) SOLID_ANGLE_UNIT ( ) );
#6111 =( NAMED_UNIT ( * ) PLANE_ANGLE_UNIT ( ) SI_UNIT ( $, .RADIAN. ) );
#6112 =( LENGTH_UNIT ( ) NAMED_UNIT ( * ) SI_UNIT ( .MILLI., .METRE. ) );
#6113 = MECHANICAL_DESIGN_GEOMETRIC_PRESENTATION_REPRESENTATION (  '', ( #6115 ), #6165 ) ;
#6114 = PRESENTATION_LAYER_ASSIGNMENT (  '', '', ( #6115 ) ) ;
#6115 = STYLED_ITEM ( 'NONE', ( #6116 ), #1552 ) ;
#6116 = PRESENTATION_STYLE_ASSIGNMENT (( #6117 ) ) ;
#6117 = SURFACE_STYLE_USAGE ( .BOTH. , #6118 ) ;
#6118 = SURFACE_SIDE_STYLE ('',( #6119 ) ) ;
#6119 = SURFACE_STYLE_FILL_AREA ( #6120 ) ;
#6120 = FILL_AREA_STYLE ('',( #6127 ) ) ;
#6121 = COLOUR_RGB ( '',0.7529411764705882200, 0.7529411764705882200, 0.7529411764705882200 ) ;
#6122 = FACE_OUTER_BOUND ( 'NONE', #1553, .T. ) ;
#6123 = DIRECTION ( 'NONE',  ( 0.0000000000000000000, 1.000000000000000000, 8.340016711426957800E-017 ) ) ;
#6124 = VECTOR ( 'NONE', #6123, 1000.000000000000000 ) ;
#6125 = CARTESIAN_POINT ( 'NONE',  ( 2.749999999999999100, -2.600000000000000500, 2.349999999999991200 ) ) ;
#6126 = LINE ( 'NONE', #6125, #6124 ) ;
#6127 = FILL_AREA_STYLE_COLOUR ( '', #6121 ) ;
#6128 = CARTESIAN_POINT ( 'NONE',  ( 3.249999999999999100, -10.00000000000000000, 0.4999999999999912300 ) ) ;
#6129 = DIRECTION ( 'NONE',  ( 0.0000000000000000000, 1.000000000000000000, 7.744301232039316700E-017 ) ) ;
#6130 = DIRECTION ( 'NONE',  ( 0.0000000000000000000, 7.744301232039316700E-017, -1.000000000000000000 ) ) ;
#6131 = CARTESIAN_POINT ( 'NONE',  ( 3.249999999999999100, -8.599999999999999600, 0.4999999999999913400 ) ) ;
#6132 = AXIS2_PLACEMENT_3D ( 'NONE', #6131, #6130, #6129 ) ;
#6133 = PLANE ( 'NONE',  #6132 ) ;
#6134 =( GEOMETRIC_REPRESENTATION_CONTEXT ( 3 ) GLOBAL_UNCERTAINTY_ASSIGNED_CONTEXT ( ( #6135 ) ) GLOBAL_UNIT_ASSIGNED_CONTEXT ( ( #6085, #6084, #6136 ) ) REPRESENTATION_CONTEXT ( 'NONE', 'WORKASPACE' ) );
#6135 = UNCERTAINTY_MEASURE_WITH_UNIT (LENGTH_MEASURE( 1.000000000000000100E-005 ), #6085, 'distance_accuracy_value', 'NONE');
#6136 =( NAMED_UNIT ( * ) SI_UNIT ( $, .STERADIAN. ) SOLID_ANGLE_UNIT ( ) );
#6137 = UNCERTAINTY_MEASURE_WITH_UNIT (LENGTH_MEASURE( 1.000000000000000100E-005 ), #6140, 'distance_accuracy_value', 'NONE');
#6138 =( NAMED_UNIT ( * ) SI_UNIT ( $, .STERADIAN. ) SOLID_ANGLE_UNIT ( ) );
#6139 =( NAMED_UNIT ( * ) PLANE_ANGLE_UNIT ( ) SI_UNIT ( $, .RADIAN. ) );
#6140 =( LENGTH_UNIT ( ) NAMED_UNIT ( * ) SI_UNIT ( .MILLI., .METRE. ) );
#6141 = MECHANICAL_DESIGN_GEOMETRIC_PRESENTATION_REPRESENTATION (  '', ( #6143 ), #6194 ) ;
#6142 = PRESENTATION_LAYER_ASSIGNMENT (  '', '', ( #6143 ) ) ;
#6143 = STYLED_ITEM ( 'NONE', ( #6144 ), #1560 ) ;
#6144 = PRESENTATION_STYLE_ASSIGNMENT (( #6145 ) ) ;
#6145 = SURFACE_STYLE_USAGE ( .BOTH. , #6146 ) ;
#6146 = SURFACE_SIDE_STYLE ('',( #6147 ) ) ;
#6147 = SURFACE_STYLE_FILL_AREA ( #6148 ) ;
#6148 = FILL_AREA_STYLE ('',( #6155 ) ) ;
#6149 = COLOUR_RGB ( '',0.7529411764705882200, 0.7529411764705882200, 0.7529411764705882200 ) ;
#6150 = FACE_OUTER_BOUND ( 'NONE', #1561, .T. ) ;
#6151 = DIRECTION ( 'NONE',  ( 0.0000000000000000000, 1.000000000000000000, 8.340016711426957800E-017 ) ) ;
#6152 = VECTOR ( 'NONE', #6151, 1000.000000000000000 ) ;
#6153 = CARTESIAN_POINT ( 'NONE',  ( 3.249999999999999100, -2.600000000000000500, 2.349999999999991200 ) ) ;
#6154 = LINE ( 'NONE', #6153, #6152 ) ;
#6155 = FILL_AREA_STYLE_COLOUR ( '', #6149 ) ;
#6156 = DIRECTION ( 'NONE',  ( 0.0000000000000000000, -1.000000000000000000, 0.0000000000000000000 ) ) ;
#6157 = VECTOR ( 'NONE', #6156, 1000.000000000000000 ) ;
#6158 = CARTESIAN_POINT ( 'NONE',  ( 3.249999999999999100, -8.599999999999999600, 2.849999999999991700 ) ) ;
#6159 = LINE ( 'NONE', #6158, #6157 ) ;
#6160 = DIRECTION ( 'NONE',  ( 0.0000000000000000000, 0.0000000000000000000, -1.000000000000000000 ) ) ;
#6161 = DIRECTION ( 'NONE',  ( 1.000000000000000000, 0.0000000000000000000, 0.0000000000000000000 ) ) ;
#6162 = CARTESIAN_POINT ( 'NONE',  ( 3.249999999999999100, -8.599999999999999600, 2.849999999999991700 ) ) ;
#6163 = AXIS2_PLACEMENT_3D ( 'NONE', #6162, #6161, #6160 ) ;
#6164 = PLANE ( 'NONE',  #6163 ) ;
#6165 =( GEOMETRIC_REPRESENTATION_CONTEXT ( 3 ) GLOBAL_UNCERTAINTY_ASSIGNED_CONTEXT ( ( #6109 ) ) GLOBAL_UNIT_ASSIGNED_CONTEXT ( ( #6112, #6111, #6110 ) ) REPRESENTATION_CONTEXT ( 'NONE', 'WORKASPACE' ) );
#6166 =( NAMED_UNIT ( * ) PLANE_ANGLE_UNIT ( ) SI_UNIT ( $, .RADIAN. ) );
#6167 =( LENGTH_UNIT ( ) NAMED_UNIT ( * ) SI_UNIT ( .MILLI., .METRE. ) );
#6168 = MECHANICAL_DESIGN_GEOMETRIC_PRESENTATION_REPRESENTATION (  '', ( #6170 ), #6218 ) ;
#6169 = PRESENTATION_LAYER_ASSIGNMENT (  '', '', ( #6170 ) ) ;
#6170 = STYLED_ITEM ( 'NONE', ( #6171 ), #1569 ) ;
#6171 = PRESENTATION_STYLE_ASSIGNMENT (( #6172 ) ) ;
#6172 = SURFACE_STYLE_USAGE ( .BOTH. , #6173 ) ;
#6173 = SURFACE_SIDE_STYLE ('',( #6174 ) ) ;
#6174 = SURFACE_STYLE_FILL_AREA ( #6175 ) ;
#6175 = FILL_AREA_STYLE ('',( #6182 ) ) ;
#6176 = COLOUR_RGB ( '',0.7529411764705882200, 0.7529411764705882200, 0.7529411764705882200 ) ;
#6177 = FACE_OUTER_BOUND ( 'NONE', #1570, .T. ) ;
#6178 = DIRECTION ( 'NONE',  ( -1.000000000000000000, 0.0000000000000000000, 0.0000000000000000000 ) ) ;
#6179 = VECTOR ( 'NONE', #6178, 1000.000000000000000 ) ;
#6180 = CARTESIAN_POINT ( 'NONE',  ( 3.249999999999999100, -2.600000000000000500, 2.349999999999991200 ) ) ;
#6181 = LINE ( 'NONE', #6180, #6179 ) ;
#6182 = FILL_AREA_STYLE_COLOUR ( '', #6176 ) ;
#6183 = CARTESIAN_POINT ( 'NONE',  ( 3.249999999999999100, -2.600000000000000500, 2.349999999999991200 ) ) ;
#6184 = DIRECTION ( 'NONE',  ( 0.0000000000000000000, 0.0000000000000000000, 1.000000000000000000 ) ) ;
#6185 = VECTOR ( 'NONE', #6184, 1000.000000000000000 ) ;
#6186 = CARTESIAN_POINT ( 'NONE',  ( 3.249999999999999100, -2.600000000000000500, 2.849999999999991700 ) ) ;
#6187 = LINE ( 'NONE', #6186, #6185 ) ;
#6188 = CARTESIAN_POINT ( 'NONE',  ( 3.249999999999999100, -2.600000000000000500, 2.849999999999991700 ) ) ;
#6189 = DIRECTION ( 'NONE',  ( -1.000000000000000000, 0.0000000000000000000, 0.0000000000000000000 ) ) ;
#6190 = DIRECTION ( 'NONE',  ( 0.0000000000000000000, 0.0000000000000000000, -1.000000000000000000 ) ) ;
#6191 = CARTESIAN_POINT ( 'NONE',  ( 3.249999999999999100, -8.599999999999999600, 2.849999999999991700 ) ) ;
#6192 = AXIS2_PLACEMENT_3D ( 'NONE', #6191, #6190, #6189 ) ;
#6193 = PLANE ( 'NONE',  #6192 ) ;
#6194 =( GEOMETRIC_REPRESENTATION_CONTEXT ( 3 ) GLOBAL_UNCERTAINTY_ASSIGNED_CONTEXT ( ( #6137 ) ) GLOBAL_UNIT_ASSIGNED_CONTEXT ( ( #6140, #6139, #6138 ) ) REPRESENTATION_CONTEXT ( 'NONE', 'WORKASPACE' ) );
#6195 =( NAMED_UNIT ( * ) SI_UNIT ( $, .STERADIAN. ) SOLID_ANGLE_UNIT ( ) );
#6196 =( NAMED_UNIT ( * ) PLANE_ANGLE_UNIT ( ) SI_UNIT ( $, .RADIAN. ) );
#6197 =( LENGTH_UNIT ( ) NAMED_UNIT ( * ) SI_UNIT ( .MILLI., .METRE. ) );
#6198 = MECHANICAL_DESIGN_GEOMETRIC_PRESENTATION_REPRESENTATION (  '', ( #6200 ), #6251 ) ;
#6199 = PRESENTATION_LAYER_ASSIGNMENT (  '', '', ( #6200 ) ) ;
#6200 = STYLED_ITEM ( 'NONE', ( #6201 ), #1581 ) ;
#6201 = PRESENTATION_STYLE_ASSIGNMENT (( #6202 ) ) ;
#6202 = SURFACE_STYLE_USAGE ( .BOTH. , #6203 ) ;
#6203 = SURFACE_SIDE_STYLE ('',( #6204 ) ) ;
#6204 = SURFACE_STYLE_FILL_AREA ( #6205 ) ;
#6205 = FILL_AREA_STYLE ('',( #6212 ) ) ;
#6206 = COLOUR_RGB ( '',0.7529411764705882200, 0.7529411764705882200, 0.7529411764705882200 ) ;
#6207 = FACE_OUTER_BOUND ( 'NONE', #1582, .T. ) ;
#6208 = DIRECTION ( 'NONE',  ( 0.0000000000000000000, -1.000000000000000000, 0.0000000000000000000 ) ) ;
#6209 = VECTOR ( 'NONE', #6208, 1000.000000000000000 ) ;
#6210 = CARTESIAN_POINT ( 'NONE',  ( 2.749999999999999100, -8.599999999999999600, 2.849999999999991700 ) ) ;
#6211 = LINE ( 'NONE', #6210, #6209 ) ;
#6212 = FILL_AREA_STYLE_COLOUR ( '', #6206 ) ;
#6213 = DIRECTION ( 'NONE',  ( 0.0000000000000000000, 0.0000000000000000000, -1.000000000000000000 ) ) ;
#6214 = DIRECTION ( 'NONE',  ( 1.000000000000000000, 0.0000000000000000000, 0.0000000000000000000 ) ) ;
#6215 = CARTESIAN_POINT ( 'NONE',  ( 2.749999999999999100, -8.599999999999999600, 2.849999999999991700 ) ) ;
#6216 = AXIS2_PLACEMENT_3D ( 'NONE', #6215, #6214, #6213 ) ;
#6217 = PLANE ( 'NONE',  #6216 ) ;
#6218 =( GEOMETRIC_REPRESENTATION_CONTEXT ( 3 ) GLOBAL_UNCERTAINTY_ASSIGNED_CONTEXT ( ( #6219 ) ) GLOBAL_UNIT_ASSIGNED_CONTEXT ( ( #6167, #6166, #6220 ) ) REPRESENTATION_CONTEXT ( 'NONE', 'WORKASPACE' ) );
#6219 = UNCERTAINTY_MEASURE_WITH_UNIT (LENGTH_MEASURE( 1.000000000000000100E-005 ), #6167, 'distance_accuracy_value', 'NONE');
#6220 =( NAMED_UNIT ( * ) SI_UNIT ( $, .STERADIAN. ) SOLID_ANGLE_UNIT ( ) );
#6221 = SURFACE_STYLE_USAGE ( .BOTH. , #6222 ) ;
#6222 = SURFACE_SIDE_STYLE ('',( #6223 ) ) ;
#6223 = SURFACE_STYLE_FILL_AREA ( #6224 ) ;
#6224 = FILL_AREA_STYLE ('',( #6231 ) ) ;
#6225 = COLOUR_RGB ( '',0.7529411764705882200, 0.7529411764705882200, 0.7529411764705882200 ) ;
#6226 = FACE_OUTER_BOUND ( 'NONE', #1597, .T. ) ;
#6227 = DIRECTION ( 'NONE',  ( -1.000000000000000000, 0.0000000000000000000, 0.0000000000000000000 ) ) ;
#6228 = VECTOR ( 'NONE', #6227, 1000.000000000000000 ) ;
#6229 = CARTESIAN_POINT ( 'NONE',  ( 3.249999999999999100, -8.300000000000000700, -0.1000000000000085700 ) ) ;
#6230 = LINE ( 'NONE', #6229, #6228 ) ;
#6231 = FILL_AREA_STYLE_COLOUR ( '', #6225 ) ;
#6232 = CARTESIAN_POINT ( 'NONE',  ( 3.249999999999999100, -8.300000000000000700, -0.1000000000000085700 ) ) ;
#6233 = DIRECTION ( 'NONE',  ( 0.0000000000000000000, 0.7071067811865510100, 0.7071067811865441300 ) ) ;
#6234 = VECTOR ( 'NONE', #6233, 999.9999999999998900 ) ;
#6235 = CARTESIAN_POINT ( 'NONE',  ( 3.249999999999999100, -8.300000000000000700, -0.1000000000000085700 ) ) ;
#6236 = LINE ( 'NONE', #6235, #6234 ) ;
#6237 = DIRECTION ( 'NONE',  ( 0.0000000000000000000, 0.0000000000000000000, -1.000000000000000000 ) ) ;
#6238 = VECTOR ( 'NONE', #6237, 1000.000000000000000 ) ;
#6239 = CARTESIAN_POINT ( 'NONE',  ( 2.749999999999999100, -10.00000000000000000, 0.4999999999999912300 ) ) ;
#6240 = LINE ( 'NONE', #6239, #6238 ) ;
#6241 = CARTESIAN_POINT ( 'NONE',  ( 2.749999999999999100, -10.00000000000000000, -0.1000000000000087900 ) ) ;
#6242 = DIRECTION ( 'NONE',  ( 0.0000000000000000000, 1.000000000000000000, 1.275531967630005200E-016 ) ) ;
#6243 = VECTOR ( 'NONE', #6242, 1000.000000000000000 ) ;
#6244 = CARTESIAN_POINT ( 'NONE',  ( 2.749999999999999100, -8.300000000000000700, -0.1000000000000085700 ) ) ;
#6245 = LINE ( 'NONE', #6244, #6243 ) ;
#6246 = DIRECTION ( 'NONE',  ( 0.0000000000000000000, 0.0000000000000000000, -1.000000000000000000 ) ) ;
#6247 = DIRECTION ( 'NONE',  ( 1.000000000000000000, 0.0000000000000000000, 0.0000000000000000000 ) ) ;
#6248 = CARTESIAN_POINT ( 'NONE',  ( 2.749999999999999100, -8.599999999999999600, 2.849999999999991700 ) ) ;
#6249 = AXIS2_PLACEMENT_3D ( 'NONE', #6248, #6247, #6246 ) ;
#6250 = PLANE ( 'NONE',  #6249 ) ;
#6251 =( GEOMETRIC_REPRESENTATION_CONTEXT ( 3 ) GLOBAL_UNCERTAINTY_ASSIGNED_CONTEXT ( ( #6252 ) ) GLOBAL_UNIT_ASSIGNED_CONTEXT ( ( #6197, #6196, #6195 ) ) REPRESENTATION_CONTEXT ( 'NONE', 'WORKASPACE' ) );
#6252 = UNCERTAINTY_MEASURE_WITH_UNIT (LENGTH_MEASURE( 1.000000000000000100E-005 ), #6197, 'distance_accuracy_value', 'NONE');
#6253 = DIRECTION ( 'NONE',  ( 0.0000000000000000000, 1.000000000000000000, 1.275531967630005200E-016 ) ) ;
#6254 = VECTOR ( 'NONE', #6253, 1000.000000000000000 ) ;
#6255 = CARTESIAN_POINT ( 'NONE',  ( 3.249999999999999100, -8.300000000000000700, -0.1000000000000085700 ) ) ;
#6256 = LINE ( 'NONE', #6255, #6254 ) ;
#6257 = CARTESIAN_POINT ( 'NONE',  ( 3.249999999999999100, -10.00000000000000000, -0.1000000000000087900 ) ) ;
#6258 = DIRECTION ( 'NONE',  ( 0.0000000000000000000, 0.0000000000000000000, -1.000000000000000000 ) ) ;
#6259 = VECTOR ( 'NONE', #6258, 1000.000000000000000 ) ;
#6260 = CARTESIAN_POINT ( 'NONE',  ( 3.249999999999999100, -10.00000000000000000, 0.4999999999999912300 ) ) ;
#6261 = LINE ( 'NONE', #6260, #6259 ) ;
#6262 = DIRECTION ( 'NONE',  ( 0.0000000000000000000, 0.0000000000000000000, -1.000000000000000000 ) ) ;
#6263 = DIRECTION ( 'NONE',  ( 1.000000000000000000, 0.0000000000000000000, 0.0000000000000000000 ) ) ;
#6264 = CARTESIAN_POINT ( 'NONE',  ( 3.249999999999999100, -8.599999999999999600, 2.849999999999991700 ) ) ;
#6265 = AXIS2_PLACEMENT_3D ( 'NONE', #6264, #6263, #6262 ) ;
#6266 = PLANE ( 'NONE',  #6265 ) ;
#6267 =( GEOMETRIC_REPRESENTATION_CONTEXT ( 3 ) GLOBAL_UNCERTAINTY_ASSIGNED_CONTEXT ( ( #6268 ) ) GLOBAL_UNIT_ASSIGNED_CONTEXT ( ( #6271, #6270, #6269 ) ) REPRESENTATION_CONTEXT ( 'NONE', 'WORKASPACE' ) );
#6268 = UNCERTAINTY_MEASURE_WITH_UNIT (LENGTH_MEASURE( 1.000000000000000100E-005 ), #6271, 'distance_accuracy_value', 'NONE');
#6269 =( NAMED_UNIT ( * ) SI_UNIT ( $, .STERADIAN. ) SOLID_ANGLE_UNIT ( ) );
#6270 =( NAMED_UNIT ( * ) PLANE_ANGLE_UNIT ( ) SI_UNIT ( $, .RADIAN. ) );
#6271 =( LENGTH_UNIT ( ) NAMED_UNIT ( * ) SI_UNIT ( .MILLI., .METRE. ) );
#6272 = MECHANICAL_DESIGN_GEOMETRIC_PRESENTATION_REPRESENTATION (  '', ( #6274 ), #6267 ) ;
#6273 = PRESENTATION_LAYER_ASSIGNMENT (  '', '', ( #6274 ) ) ;
#6274 = STYLED_ITEM ( 'NONE', ( #6275 ), #1596 ) ;
#6275 = PRESENTATION_STYLE_ASSIGNMENT (( #6221 ) ) ;
#6276 =( GEOMETRIC_REPRESENTATION_CONTEXT ( 3 ) GLOBAL_UNCERTAINTY_ASSIGNED_CONTEXT ( ( #6277 ) ) GLOBAL_UNIT_ASSIGNED_CONTEXT ( ( #6280, #6279, #6278 ) ) REPRESENTATION_CONTEXT ( 'NONE', 'WORKASPACE' ) );
#6277 = UNCERTAINTY_MEASURE_WITH_UNIT (LENGTH_MEASURE( 1.000000000000000100E-005 ), #6280, 'distance_accuracy_value', 'NONE');
#6278 =( NAMED_UNIT ( * ) SI_UNIT ( $, .STERADIAN. ) SOLID_ANGLE_UNIT ( ) );
#6279 =( NAMED_UNIT ( * ) PLANE_ANGLE_UNIT ( ) SI_UNIT ( $, .RADIAN. ) );
#6280 =( LENGTH_UNIT ( ) NAMED_UNIT ( * ) SI_UNIT ( .MILLI., .METRE. ) );
#6281 = MECHANICAL_DESIGN_GEOMETRIC_PRESENTATION_REPRESENTATION (  '', ( #6283 ), #6276 ) ;
#6282 = PRESENTATION_LAYER_ASSIGNMENT (  '', '', ( #6283 ) ) ;
#6283 = STYLED_ITEM ( 'NONE', ( #6284 ), #1612 ) ;
#6284 = PRESENTATION_STYLE_ASSIGNMENT (( #6285 ) ) ;
#6285 = SURFACE_STYLE_USAGE ( .BOTH. , #6286 ) ;
#6286 = SURFACE_SIDE_STYLE ('',( #6287 ) ) ;
#6287 = SURFACE_STYLE_FILL_AREA ( #6288 ) ;
#6288 = FILL_AREA_STYLE ('',( #6295 ) ) ;
#6289 = COLOUR_RGB ( '',0.7529411764705882200, 0.7529411764705882200, 0.7529411764705882200 ) ;
#6290 = FACE_OUTER_BOUND ( 'NONE', #1613, .T. ) ;
#6291 = DIRECTION ( 'NONE',  ( -1.000000000000000000, 0.0000000000000000000, 0.0000000000000000000 ) ) ;
#6292 = VECTOR ( 'NONE', #6291, 1000.000000000000000 ) ;
#6293 = CARTESIAN_POINT ( 'NONE',  ( 3.249999999999999100, -10.00000000000000000, 0.4999999999999912300 ) ) ;
#6294 = LINE ( 'NONE', #6293, #6292 ) ;
#6295 = FILL_AREA_STYLE_COLOUR ( '', #6289 ) ;
#6296 = CARTESIAN_POINT ( 'NONE',  ( 2.749999999999999100, -10.00000000000000000, 0.4999999999999912300 ) ) ;
#6297 = DIRECTION ( 'NONE',  ( 0.0000000000000000000, -1.000000000000000000, -7.744301232039316700E-017 ) ) ;
#6298 = VECTOR ( 'NONE', #6297, 1000.000000000000000 ) ;
#6299 = CARTESIAN_POINT ( 'NONE',  ( 2.749999999999999100, -8.599999999999999600, 0.4999999999999913400 ) ) ;
#6300 = LINE ( 'NONE', #6299, #6298 ) ;
#6301 = DIRECTION ( 'NONE',  ( 0.0000000000000000000, -1.000000000000000000, -7.744301232039316700E-017 ) ) ;
#6302 = VECTOR ( 'NONE', #6301, 1000.000000000000000 ) ;
#6303 = CARTESIAN_POINT ( 'NONE',  ( 3.249999999999999100, -8.599999999999999600, 0.4999999999999913400 ) ) ;
#6304 = LINE ( 'NONE', #6303, #6302 ) ;
#6305 = AXIS2_PLACEMENT_3D ( 'NONE', #6360, #6359, #6358 ) ;
#6306 = PLANE ( 'NONE',  #6305 ) ;
#6307 =( GEOMETRIC_REPRESENTATION_CONTEXT ( 3 ) GLOBAL_UNCERTAINTY_ASSIGNED_CONTEXT ( ( #6308 ) ) GLOBAL_UNIT_ASSIGNED_CONTEXT ( ( #6311, #6310, #6309 ) ) REPRESENTATION_CONTEXT ( 'NONE', 'WORKASPACE' ) );
#6308 = UNCERTAINTY_MEASURE_WITH_UNIT (LENGTH_MEASURE( 1.000000000000000100E-005 ), #6311, 'distance_accuracy_value', 'NONE');
#6309 =( NAMED_UNIT ( * ) SI_UNIT ( $, .STERADIAN. ) SOLID_ANGLE_UNIT ( ) );
#6310 =( NAMED_UNIT ( * ) PLANE_ANGLE_UNIT ( ) SI_UNIT ( $, .RADIAN. ) );
#6311 =( LENGTH_UNIT ( ) NAMED_UNIT ( * ) SI_UNIT ( .MILLI., .METRE. ) );
#6312 = MECHANICAL_DESIGN_GEOMETRIC_PRESENTATION_REPRESENTATION (  '', ( #6314 ), #6307 ) ;
#6313 = PRESENTATION_LAYER_ASSIGNMENT (  '', '', ( #6314 ) ) ;
#6314 = STYLED_ITEM ( 'NONE', ( #6315 ), #1620 ) ;
#6315 = PRESENTATION_STYLE_ASSIGNMENT (( #6316 ) ) ;
#6316 = SURFACE_STYLE_USAGE ( .BOTH. , #6317 ) ;
#6317 = SURFACE_SIDE_STYLE ('',( #6318 ) ) ;
#6318 = SURFACE_STYLE_FILL_AREA ( #6319 ) ;
#6319 = FILL_AREA_STYLE ('',( #6321 ) ) ;
#6320 = COLOUR_RGB ( '',0.7529411764705882200, 0.7529411764705882200, 0.7529411764705882200 ) ;
#6321 = FILL_AREA_STYLE_COLOUR ( '', #6320 ) ;
#6322 = FACE_OUTER_BOUND ( 'NONE', #1621, .T. ) ;
#6323 = CARTESIAN_POINT ( 'NONE',  ( 2.749999999999999100, -8.300000000000000700, -0.1000000000000085700 ) ) ;
#6324 = DIRECTION ( 'NONE',  ( 0.0000000000000000000, 0.7071067811865510100, 0.7071067811865441300 ) ) ;
#6325 = VECTOR ( 'NONE', #6324, 999.9999999999998900 ) ;
#6326 = CARTESIAN_POINT ( 'NONE',  ( 2.749999999999999100, -8.300000000000000700, -0.1000000000000085700 ) ) ;
#6327 = LINE ( 'NONE', #6326, #6325 ) ;
#6328 = DIRECTION ( 'NONE',  ( 0.0000000000000000000, -0.7071067811865510100, -0.7071067811865441300 ) ) ;
#6329 = DIRECTION ( 'NONE',  ( 0.0000000000000000000, -0.7071067811865441300, 0.7071067811865510100 ) ) ;
#6330 = CARTESIAN_POINT ( 'NONE',  ( 3.249999999999999100, -8.300000000000000700, -0.1000000000000085700 ) ) ;
#6331 = AXIS2_PLACEMENT_3D ( 'NONE', #6330, #6329, #6328 ) ;
#6332 = PLANE ( 'NONE',  #6331 ) ;
#6333 = PLANE ( 'NONE',  #6389 ) ;
#6334 =( GEOMETRIC_REPRESENTATION_CONTEXT ( 3 ) GLOBAL_UNCERTAINTY_ASSIGNED_CONTEXT ( ( #6335 ) ) GLOBAL_UNIT_ASSIGNED_CONTEXT ( ( #6338, #6337, #6336 ) ) REPRESENTATION_CONTEXT ( 'NONE', 'WORKASPACE' ) );
#6335 = UNCERTAINTY_MEASURE_WITH_UNIT (LENGTH_MEASURE( 1.000000000000000100E-005 ), #6338, 'distance_accuracy_value', 'NONE');
#6336 =( NAMED_UNIT ( * ) SI_UNIT ( $, .STERADIAN. ) SOLID_ANGLE_UNIT ( ) );
#6337 =( NAMED_UNIT ( * ) PLANE_ANGLE_UNIT ( ) SI_UNIT ( $, .RADIAN. ) );
#6338 =( LENGTH_UNIT ( ) NAMED_UNIT ( * ) SI_UNIT ( .MILLI., .METRE. ) );
#6339 = MECHANICAL_DESIGN_GEOMETRIC_PRESENTATION_REPRESENTATION (  '', ( #6341 ), #6334 ) ;
#6340 = PRESENTATION_LAYER_ASSIGNMENT (  '', '', ( #6341 ) ) ;
#6341 = STYLED_ITEM ( 'NONE', ( #6342 ), #1628 ) ;
#6342 = PRESENTATION_STYLE_ASSIGNMENT (( #6343 ) ) ;
#6343 = SURFACE_STYLE_USAGE ( .BOTH. , #6344 ) ;
#6344 = SURFACE_SIDE_STYLE ('',( #6345 ) ) ;
#6345 = SURFACE_STYLE_FILL_AREA ( #6346 ) ;
#6346 = FILL_AREA_STYLE ('',( #6353 ) ) ;
#6347 = COLOUR_RGB ( '',0.7529411764705882200, 0.7529411764705882200, 0.7529411764705882200 ) ;
#6348 = FACE_OUTER_BOUND ( 'NONE', #1629, .T. ) ;
#6349 = DIRECTION ( 'NONE',  ( 0.0000000000000000000, 1.000000000000000000, 8.340016711426957800E-017 ) ) ;
#6350 = VECTOR ( 'NONE', #6349, 1000.000000000000000 ) ;
#6351 = CARTESIAN_POINT ( 'NONE',  ( 0.7499999999999991100, -2.600000000000000500, 2.349999999999990300 ) ) ;
#6352 = LINE ( 'NONE', #6351, #6350 ) ;
#6353 = FILL_AREA_STYLE_COLOUR ( '', #6347 ) ;
#6354 = DIRECTION ( 'NONE',  ( 0.0000000000000000000, -1.000000000000000000, 0.0000000000000000000 ) ) ;
#6355 = VECTOR ( 'NONE', #6354, 1000.000000000000000 ) ;
#6356 = CARTESIAN_POINT ( 'NONE',  ( 0.7499999999999991100, -8.599999999999999600, 2.849999999999990300 ) ) ;
#6357 = LINE ( 'NONE', #6356, #6355 ) ;
#6358 = DIRECTION ( 'NONE',  ( 0.0000000000000000000, 0.0000000000000000000, -1.000000000000000000 ) ) ;
#6359 = DIRECTION ( 'NONE',  ( 1.000000000000000000, 0.0000000000000000000, 0.0000000000000000000 ) ) ;
#6360 = CARTESIAN_POINT ( 'NONE',  ( 0.7499999999999991100, -8.599999999999999600, 2.849999999999990300 ) ) ;
#6361 = DIRECTION ( 'NONE',  ( 0.0000000000000000000, 0.0000000000000000000, -1.000000000000000000 ) ) ;
#6362 = DIRECTION ( 'NONE',  ( 0.0000000000000000000, -1.000000000000000000, 0.0000000000000000000 ) ) ;
#6363 = CARTESIAN_POINT ( 'NONE',  ( 1.249999999999999100, -2.600000000000000500, 2.849999999999990300 ) ) ;
#6364 = AXIS2_PLACEMENT_3D ( 'NONE', #6363, #6362, #6361 ) ;
#6365 = PLANE ( 'NONE',  #6364 ) ;
#6366 =( GEOMETRIC_REPRESENTATION_CONTEXT ( 3 ) GLOBAL_UNCERTAINTY_ASSIGNED_CONTEXT ( ( #6367 ) ) GLOBAL_UNIT_ASSIGNED_CONTEXT ( ( #6370, #6369, #6368 ) ) REPRESENTATION_CONTEXT ( 'NONE', 'WORKASPACE' ) );
#6367 = UNCERTAINTY_MEASURE_WITH_UNIT (LENGTH_MEASURE( 1.000000000000000100E-005 ), #6370, 'distance_accuracy_value', 'NONE');
#6368 =( NAMED_UNIT ( * ) SI_UNIT ( $, .STERADIAN. ) SOLID_ANGLE_UNIT ( ) );
#6369 =( NAMED_UNIT ( * ) PLANE_ANGLE_UNIT ( ) SI_UNIT ( $, .RADIAN. ) );
#6370 =( LENGTH_UNIT ( ) NAMED_UNIT ( * ) SI_UNIT ( .MILLI., .METRE. ) );
#6371 = MECHANICAL_DESIGN_GEOMETRIC_PRESENTATION_REPRESENTATION (  '', ( #6373 ), #6366 ) ;
#6372 = PRESENTATION_LAYER_ASSIGNMENT (  '', '', ( #6373 ) ) ;
#6373 = STYLED_ITEM ( 'NONE', ( #6374 ), #1634 ) ;
#6374 = PRESENTATION_STYLE_ASSIGNMENT (( #6375 ) ) ;
#6375 = SURFACE_STYLE_USAGE ( .BOTH. , #6376 ) ;
#6376 = SURFACE_SIDE_STYLE ('',( #6377 ) ) ;
#6377 = SURFACE_STYLE_FILL_AREA ( #6378 ) ;
#6378 = FILL_AREA_STYLE ('',( #6385 ) ) ;
#6379 = COLOUR_RGB ( '',0.7529411764705882200, 0.7529411764705882200, 0.7529411764705882200 ) ;
#6380 = FACE_OUTER_BOUND ( 'NONE', #1635, .T. ) ;
#6381 = DIRECTION ( 'NONE',  ( 0.0000000000000000000, -1.000000000000000000, 0.0000000000000000000 ) ) ;
#6382 = VECTOR ( 'NONE', #6381, 1000.000000000000000 ) ;
#6383 = CARTESIAN_POINT ( 'NONE',  ( 1.249999999999999100, -8.599999999999999600, 2.849999999999990300 ) ) ;
#6384 = LINE ( 'NONE', #6383, #6382 ) ;
#6385 = FILL_AREA_STYLE_COLOUR ( '', #6379 ) ;
#6386 = DIRECTION ( 'NONE',  ( 0.0000000000000000000, 0.0000000000000000000, -1.000000000000000000 ) ) ;
#6387 = DIRECTION ( 'NONE',  ( 1.000000000000000000, 0.0000000000000000000, 0.0000000000000000000 ) ) ;
#6388 = CARTESIAN_POINT ( 'NONE',  ( 1.249999999999999100, -8.599999999999999600, 2.849999999999990300 ) ) ;
#6389 = AXIS2_PLACEMENT_3D ( 'NONE', #6388, #6387, #6386 ) ;
#6390 = UNCERTAINTY_MEASURE_WITH_UNIT (LENGTH_MEASURE( 1.000000000000000100E-005 ), #6393, 'distance_accuracy_value', 'NONE');
#6391 =( NAMED_UNIT ( * ) SI_UNIT ( $, .STERADIAN. ) SOLID_ANGLE_UNIT ( ) );
#6392 =( NAMED_UNIT ( * ) PLANE_ANGLE_UNIT ( ) SI_UNIT ( $, .RADIAN. ) );
#6393 =( LENGTH_UNIT ( ) NAMED_UNIT ( * ) SI_UNIT ( .MILLI., .METRE. ) );
#6394 = MECHANICAL_DESIGN_GEOMETRIC_PRESENTATION_REPRESENTATION (  '', ( #6396 ), #6449 ) ;
#6395 = PRESENTATION_LAYER_ASSIGNMENT (  '', '', ( #6396 ) ) ;
#6396 = STYLED_ITEM ( 'NONE', ( #6397 ), #1648 ) ;
#6397 = PRESENTATION_STYLE_ASSIGNMENT (( #6398 ) ) ;
#6398 = SURFACE_STYLE_USAGE ( .BOTH. , #6399 ) ;
#6399 = SURFACE_SIDE_STYLE ('',( #6400 ) ) ;
#6400 = SURFACE_STYLE_FILL_AREA ( #6401 ) ;
#6401 = FILL_AREA_STYLE ('',( #6408 ) ) ;
#6402 = COLOUR_RGB ( '',0.7529411764705882200, 0.7529411764705882200, 0.7529411764705882200 ) ;
#6403 = FACE_OUTER_BOUND ( 'NONE', #1649, .T. ) ;
#6404 = DIRECTION ( 'NONE',  ( -1.000000000000000000, 0.0000000000000000000, 0.0000000000000000000 ) ) ;
#6405 = VECTOR ( 'NONE', #6404, 1000.000000000000000 ) ;
#6406 = CARTESIAN_POINT ( 'NONE',  ( 1.249999999999999100, -2.600000000000000500, 2.349999999999990300 ) ) ;
#6407 = LINE ( 'NONE', #6406, #6405 ) ;
#6408 = FILL_AREA_STYLE_COLOUR ( '', #6402 ) ;
#6409 = CARTESIAN_POINT ( 'NONE',  ( 1.249999999999999100, -2.600000000000000500, 2.349999999999990300 ) ) ;
#6410 = DIRECTION ( 'NONE',  ( 0.0000000000000000000, 0.0000000000000000000, 1.000000000000000000 ) ) ;
#6411 = VECTOR ( 'NONE', #6410, 1000.000000000000000 ) ;
#6412 = CARTESIAN_POINT ( 'NONE',  ( 1.249999999999999100, -2.600000000000000500, 2.849999999999990300 ) ) ;
#6413 = LINE ( 'NONE', #6412, #6411 ) ;
#6414 = CARTESIAN_POINT ( 'NONE',  ( 1.249999999999999100, -2.600000000000000500, 2.849999999999990300 ) ) ;
#6415 = DIRECTION ( 'NONE',  ( -1.000000000000000000, 0.0000000000000000000, 0.0000000000000000000 ) ) ;
#6416 = VECTOR ( 'NONE', #6415, 1000.000000000000000 ) ;
#6417 = CARTESIAN_POINT ( 'NONE',  ( 1.249999999999999100, -2.600000000000000500, 2.849999999999990300 ) ) ;
#6418 = LINE ( 'NONE', #6417, #6416 ) ;
#6419 = CARTESIAN_POINT ( 'NONE',  ( 0.7499999999999991100, -2.600000000000000500, 2.849999999999990300 ) ) ;
#6420 = CARTESIAN_POINT ( 'NONE',  ( 0.7499999999999991100, -2.600000000000000500, 2.349999999999990300 ) ) ;
#6421 = DIRECTION ( 'NONE',  ( 0.0000000000000000000, 0.0000000000000000000, 1.000000000000000000 ) ) ;
#6422 = VECTOR ( 'NONE', #6421, 1000.000000000000000 ) ;
#6423 = CARTESIAN_POINT ( 'NONE',  ( 0.7499999999999991100, -2.600000000000000500, 2.849999999999990300 ) ) ;
#6424 = LINE ( 'NONE', #6423, #6422 ) ;
#6425 = UNCERTAINTY_MEASURE_WITH_UNIT (LENGTH_MEASURE( 1.000000000000000100E-005 ), #6428, 'distance_accuracy_value', 'NONE');
#6426 =( NAMED_UNIT ( * ) SI_UNIT ( $, .STERADIAN. ) SOLID_ANGLE_UNIT ( ) );
#6427 =( NAMED_UNIT ( * ) PLANE_ANGLE_UNIT ( ) SI_UNIT ( $, .RADIAN. ) );
#6428 =( LENGTH_UNIT ( ) NAMED_UNIT ( * ) SI_UNIT ( .MILLI., .METRE. ) );
#6429 = MECHANICAL_DESIGN_GEOMETRIC_PRESENTATION_REPRESENTATION (  '', ( #6431 ), #6476 ) ;
#6430 = PRESENTATION_LAYER_ASSIGNMENT (  '', '', ( #6431 ) ) ;
#6431 = STYLED_ITEM ( 'NONE', ( #6432 ), #1655 ) ;
#6432 = PRESENTATION_STYLE_ASSIGNMENT (( #6433 ) ) ;
#6433 = SURFACE_STYLE_USAGE ( .BOTH. , #6434 ) ;
#6434 = SURFACE_SIDE_STYLE ('',( #6435 ) ) ;
#6435 = SURFACE_STYLE_FILL_AREA ( #6436 ) ;
#6436 = FILL_AREA_STYLE ('',( #6443 ) ) ;
#6437 = COLOUR_RGB ( '',0.7529411764705882200, 0.7529411764705882200, 0.7529411764705882200 ) ;
#6438 = FACE_OUTER_BOUND ( 'NONE', #1656, .T. ) ;
#6439 = DIRECTION ( 'NONE',  ( -1.000000000000000000, 0.0000000000000000000, 0.0000000000000000000 ) ) ;
#6440 = VECTOR ( 'NONE', #6439, 1000.000000000000000 ) ;
#6441 = CARTESIAN_POINT ( 'NONE',  ( 3.249999999999999100, -10.00000000000000000, -0.1000000000000087900 ) ) ;
#6442 = LINE ( 'NONE', #6441, #6440 ) ;
#6443 = FILL_AREA_STYLE_COLOUR ( '', #6437 ) ;
#6444 = DIRECTION ( 'NONE',  ( 0.0000000000000000000, 0.0000000000000000000, 1.000000000000000000 ) ) ;
#6445 = DIRECTION ( 'NONE',  ( 0.0000000000000000000, 1.000000000000000000, 0.0000000000000000000 ) ) ;
#6446 = CARTESIAN_POINT ( 'NONE',  ( 3.249999999999999100, -10.00000000000000000, 0.4999999999999912300 ) ) ;
#6447 = AXIS2_PLACEMENT_3D ( 'NONE', #6446, #6445, #6444 ) ;
#6448 = PLANE ( 'NONE',  #6447 ) ;
#6449 =( GEOMETRIC_REPRESENTATION_CONTEXT ( 3 ) GLOBAL_UNCERTAINTY_ASSIGNED_CONTEXT ( ( #6390 ) ) GLOBAL_UNIT_ASSIGNED_CONTEXT ( ( #6393, #6392, #6391 ) ) REPRESENTATION_CONTEXT ( 'NONE', 'WORKASPACE' ) );
#6450 =( NAMED_UNIT ( * ) SI_UNIT ( $, .STERADIAN. ) SOLID_ANGLE_UNIT ( ) );
#6451 =( GEOMETRIC_REPRESENTATION_CONTEXT ( 3 ) GLOBAL_UNCERTAINTY_ASSIGNED_CONTEXT ( ( #6452 ) ) GLOBAL_UNIT_ASSIGNED_CONTEXT ( ( #6455, #6454, #6453 ) ) REPRESENTATION_CONTEXT ( 'NONE', 'WORKASPACE' ) );
#6452 = UNCERTAINTY_MEASURE_WITH_UNIT (LENGTH_MEASURE( 1.000000000000000100E-005 ), #6455, 'distance_accuracy_value', 'NONE');
#6453 =( NAMED_UNIT ( * ) SI_UNIT ( $, .STERADIAN. ) SOLID_ANGLE_UNIT ( ) );
#6454 =( NAMED_UNIT ( * ) PLANE_ANGLE_UNIT ( ) SI_UNIT ( $, .RADIAN. ) );
#6455 =( LENGTH_UNIT ( ) NAMED_UNIT ( * ) SI_UNIT ( .MILLI., .METRE. ) );
#6456 = MECHANICAL_DESIGN_GEOMETRIC_PRESENTATION_REPRESENTATION (  '', ( #6458 ), #6451 ) ;
#6457 = PRESENTATION_LAYER_ASSIGNMENT (  '', '', ( #6458 ) ) ;
#6458 = STYLED_ITEM ( 'NONE', ( #6459 ), #1660 ) ;
#6459 = PRESENTATION_STYLE_ASSIGNMENT (( #6460 ) ) ;
#6460 = SURFACE_STYLE_USAGE ( .BOTH. , #6461 ) ;
#6461 = SURFACE_SIDE_STYLE ('',( #6462 ) ) ;
#6462 = SURFACE_STYLE_FILL_AREA ( #6463 ) ;
#6463 = FILL_AREA_STYLE ('',( #6470 ) ) ;
#6464 = COLOUR_RGB ( '',0.7529411764705882200, 0.7529411764705882200, 0.7529411764705882200 ) ;
#6465 = FACE_OUTER_BOUND ( 'NONE', #1685, .T. ) ;
#6466 = DIRECTION ( 'NONE',  ( -1.000000000000000000, 0.0000000000000000000, 0.0000000000000000000 ) ) ;
#6467 = VECTOR ( 'NONE', #6466, 1000.000000000000000 ) ;
#6468 = CARTESIAN_POINT ( 'NONE',  ( 1.249999999999999100, -10.00000000000000000, 0.4999999999999901200 ) ) ;
#6469 = LINE ( 'NONE', #6468, #6467 ) ;
#6470 = FILL_AREA_STYLE_COLOUR ( '', #6464 ) ;
#6471 = DIRECTION ( 'NONE',  ( 0.0000000000000000000, -1.000000000000000000, -1.275531967630005200E-016 ) ) ;
#6472 = DIRECTION ( 'NONE',  ( 0.0000000000000000000, -1.275531967630005200E-016, 1.000000000000000000 ) ) ;
#6473 = CARTESIAN_POINT ( 'NONE',  ( 3.249999999999999100, -8.300000000000000700, -0.1000000000000085700 ) ) ;
#6474 = AXIS2_PLACEMENT_3D ( 'NONE', #6473, #6472, #6471 ) ;
#6475 = PLANE ( 'NONE',  #6474 ) ;
#6476 =( GEOMETRIC_REPRESENTATION_CONTEXT ( 3 ) GLOBAL_UNCERTAINTY_ASSIGNED_CONTEXT ( ( #6425 ) ) GLOBAL_UNIT_ASSIGNED_CONTEXT ( ( #6428, #6427, #6426 ) ) REPRESENTATION_CONTEXT ( 'NONE', 'WORKASPACE' ) );
#6477 =( NAMED_UNIT ( * ) PLANE_ANGLE_UNIT ( ) SI_UNIT ( $, .RADIAN. ) );
#6478 =( LENGTH_UNIT ( ) NAMED_UNIT ( * ) SI_UNIT ( .MILLI., .METRE. ) );
#6479 = MECHANICAL_DESIGN_GEOMETRIC_PRESENTATION_REPRESENTATION (  '', ( #6481 ), #6530 ) ;
#6480 = PRESENTATION_LAYER_ASSIGNMENT (  '', '', ( #6481 ) ) ;
#6481 = STYLED_ITEM ( 'NONE', ( #6482 ), #1670 ) ;
#6482 = PRESENTATION_STYLE_ASSIGNMENT (( #6483 ) ) ;
#6483 = SURFACE_STYLE_USAGE ( .BOTH. , #6484 ) ;
#6484 = SURFACE_SIDE_STYLE ('',( #6485 ) ) ;
#6485 = SURFACE_STYLE_FILL_AREA ( #6486 ) ;
#6486 = FILL_AREA_STYLE ('',( #6493 ) ) ;
#6487 = COLOUR_RGB ( '',0.7529411764705882200, 0.7529411764705882200, 0.7529411764705882200 ) ;
#6488 = FACE_OUTER_BOUND ( 'NONE', #1671, .T. ) ;
#6489 = DIRECTION ( 'NONE',  ( -1.000000000000000000, 0.0000000000000000000, 0.0000000000000000000 ) ) ;
#6490 = VECTOR ( 'NONE', #6489, 1000.000000000000000 ) ;
#6491 = CARTESIAN_POINT ( 'NONE',  ( 1.249999999999999100, -8.300000000000000700, -0.1000000000000096600 ) ) ;
#6492 = LINE ( 'NONE', #6491, #6490 ) ;
#6493 = FILL_AREA_STYLE_COLOUR ( '', #6487 ) ;
#6494 = CARTESIAN_POINT ( 'NONE',  ( 1.249999999999999100, -8.300000000000000700, -0.1000000000000096600 ) ) ;
#6495 = DIRECTION ( 'NONE',  ( 0.0000000000000000000, 0.7071067811865510100, 0.7071067811865441300 ) ) ;
#6496 = VECTOR ( 'NONE', #6495, 999.9999999999998900 ) ;
#6497 = CARTESIAN_POINT ( 'NONE',  ( 1.249999999999999100, -8.300000000000000700, -0.1000000000000096600 ) ) ;
#6498 = LINE ( 'NONE', #6497, #6496 ) ;
#6499 = CARTESIAN_POINT ( 'NONE',  ( 0.7499999999999991100, -8.300000000000000700, -0.1000000000000096600 ) ) ;
#6500 = DIRECTION ( 'NONE',  ( 0.0000000000000000000, 0.7071067811865510100, 0.7071067811865441300 ) ) ;
#6501 = VECTOR ( 'NONE', #6500, 999.9999999999998900 ) ;
#6502 = CARTESIAN_POINT ( 'NONE',  ( 0.7499999999999991100, -8.300000000000000700, -0.1000000000000096600 ) ) ;
#6503 = LINE ( 'NONE', #6502, #6501 ) ;
#6504 = DIRECTION ( 'NONE',  ( 0.0000000000000000000, -0.7071067811865510100, -0.7071067811865441300 ) ) ;
#6505 = DIRECTION ( 'NONE',  ( 0.0000000000000000000, -0.7071067811865441300, 0.7071067811865510100 ) ) ;
#6506 = CARTESIAN_POINT ( 'NONE',  ( 1.249999999999999100, -8.300000000000000700, -0.1000000000000096600 ) ) ;
#6507 = AXIS2_PLACEMENT_3D ( 'NONE', #6506, #6505, #6504 ) ;
#6508 = PLANE ( 'NONE',  #6507 ) ;
#6509 =( GEOMETRIC_REPRESENTATION_CONTEXT ( 3 ) GLOBAL_UNCERTAINTY_ASSIGNED_CONTEXT ( ( #6510 ) ) GLOBAL_UNIT_ASSIGNED_CONTEXT ( ( #6513, #6512, #6511 ) ) REPRESENTATION_CONTEXT ( 'NONE', 'WORKASPACE' ) );
#6510 = UNCERTAINTY_MEASURE_WITH_UNIT (LENGTH_MEASURE( 1.000000000000000100E-005 ), #6513, 'distance_accuracy_value', 'NONE');
#6511 =( NAMED_UNIT ( * ) SI_UNIT ( $, .STERADIAN. ) SOLID_ANGLE_UNIT ( ) );
#6512 =( NAMED_UNIT ( * ) PLANE_ANGLE_UNIT ( ) SI_UNIT ( $, .RADIAN. ) );
#6513 =( LENGTH_UNIT ( ) NAMED_UNIT ( * ) SI_UNIT ( .MILLI., .METRE. ) );
#6514 = MECHANICAL_DESIGN_GEOMETRIC_PRESENTATION_REPRESENTATION (  '', ( #6516 ), #6509 ) ;
#6515 = PRESENTATION_LAYER_ASSIGNMENT (  '', '', ( #6516 ) ) ;
#6516 = STYLED_ITEM ( 'NONE', ( #6517 ), #1676 ) ;
#6517 = PRESENTATION_STYLE_ASSIGNMENT (( #6518 ) ) ;
#6518 = SURFACE_STYLE_USAGE ( .BOTH. , #6519 ) ;
#6519 = SURFACE_SIDE_STYLE ('',( #6520 ) ) ;
#6520 = SURFACE_STYLE_FILL_AREA ( #6521 ) ;
#6521 = FILL_AREA_STYLE ('',( #6528 ) ) ;
#6522 = COLOUR_RGB ( '',0.7529411764705882200, 0.7529411764705882200, 0.7529411764705882200 ) ;
#6523 = FACE_OUTER_BOUND ( 'NONE', #1677, .T. ) ;
#6524 = DIRECTION ( 'NONE',  ( 0.0000000000000000000, 0.0000000000000000000, -1.000000000000000000 ) ) ;
#6525 = DIRECTION ( 'NONE',  ( 1.000000000000000000, 0.0000000000000000000, 0.0000000000000000000 ) ) ;
#6526 = CARTESIAN_POINT ( 'NONE',  ( 1.249999999999999100, -8.599999999999999600, 2.849999999999990300 ) ) ;
#6527 = AXIS2_PLACEMENT_3D ( 'NONE', #6526, #6525, #6524 ) ;
#6528 = FILL_AREA_STYLE_COLOUR ( '', #6522 ) ;
#6529 = PLANE ( 'NONE',  #6527 ) ;
#6530 =( GEOMETRIC_REPRESENTATION_CONTEXT ( 3 ) GLOBAL_UNCERTAINTY_ASSIGNED_CONTEXT ( ( #6531 ) ) GLOBAL_UNIT_ASSIGNED_CONTEXT ( ( #6478, #6477, #6532 ) ) REPRESENTATION_CONTEXT ( 'NONE', 'WORKASPACE' ) );
#6531 = UNCERTAINTY_MEASURE_WITH_UNIT (LENGTH_MEASURE( 1.000000000000000100E-005 ), #6478, 'distance_accuracy_value', 'NONE');
#6532 =( NAMED_UNIT ( * ) SI_UNIT ( $, .STERADIAN. ) SOLID_ANGLE_UNIT ( ) );
#6533 =( NAMED_UNIT ( * ) SI_UNIT ( $, .STERADIAN. ) SOLID_ANGLE_UNIT ( ) );
#6534 =( NAMED_UNIT ( * ) PLANE_ANGLE_UNIT ( ) SI_UNIT ( $, .RADIAN. ) );
#6535 =( LENGTH_UNIT ( ) NAMED_UNIT ( * ) SI_UNIT ( .MILLI., .METRE. ) );
#6536 = MECHANICAL_DESIGN_GEOMETRIC_PRESENTATION_REPRESENTATION (  '', ( #6538 ), #6588 ) ;
#6537 = PRESENTATION_LAYER_ASSIGNMENT (  '', '', ( #6538 ) ) ;
#6538 = STYLED_ITEM ( 'NONE', ( #6539 ), #1690 ) ;
#6539 = PRESENTATION_STYLE_ASSIGNMENT (( #6540 ) ) ;
#6540 = SURFACE_STYLE_USAGE ( .BOTH. , #6541 ) ;
#6541 = SURFACE_SIDE_STYLE ('',( #6542 ) ) ;
#6542 = SURFACE_STYLE_FILL_AREA ( #6543 ) ;
#6543 = FILL_AREA_STYLE ('',( #6550 ) ) ;
#6544 = COLOUR_RGB ( '',0.7529411764705882200, 0.7529411764705882200, 0.7529411764705882200 ) ;
#6545 = FACE_OUTER_BOUND ( 'NONE', #1691, .T. ) ;
#6546 = DIRECTION ( 'NONE',  ( 0.0000000000000000000, 1.000000000000000000, 8.340016711426957800E-017 ) ) ;
#6547 = VECTOR ( 'NONE', #6546, 1000.000000000000000 ) ;
#6548 = CARTESIAN_POINT ( 'NONE',  ( 1.249999999999999100, -2.600000000000000500, 2.349999999999990300 ) ) ;
#6549 = LINE ( 'NONE', #6548, #6547 ) ;
#6550 = FILL_AREA_STYLE_COLOUR ( '', #6544 ) ;
#6551 = CARTESIAN_POINT ( 'NONE',  ( 0.7499999999999991100, -10.00000000000000000, 0.4999999999999901200 ) ) ;
#6552 = DIRECTION ( 'NONE',  ( 0.0000000000000000000, -1.000000000000000000, -7.744301232039316700E-017 ) ) ;
#6553 = VECTOR ( 'NONE', #6552, 1000.000000000000000 ) ;
#6554 = CARTESIAN_POINT ( 'NONE',  ( 0.7499999999999991100, -8.599999999999999600, 0.4999999999999902300 ) ) ;
#6555 = LINE ( 'NONE', #6554, #6553 ) ;
#6556 = CARTESIAN_POINT ( 'NONE',  ( 1.249999999999999100, -10.00000000000000000, 0.4999999999999901200 ) ) ;
#6557 = DIRECTION ( 'NONE',  ( 0.0000000000000000000, -1.000000000000000000, -7.744301232039316700E-017 ) ) ;
#6558 = VECTOR ( 'NONE', #6557, 1000.000000000000000 ) ;
#6559 = CARTESIAN_POINT ( 'NONE',  ( 1.249999999999999100, -8.599999999999999600, 0.4999999999999902300 ) ) ;
#6560 = LINE ( 'NONE', #6559, #6558 ) ;
#6561 = DIRECTION ( 'NONE',  ( 0.0000000000000000000, 1.000000000000000000, 7.744301232039316700E-017 ) ) ;
#6562 = DIRECTION ( 'NONE',  ( 0.0000000000000000000, 7.744301232039316700E-017, -1.000000000000000000 ) ) ;
#6563 = CARTESIAN_POINT ( 'NONE',  ( 1.249999999999999100, -8.599999999999999600, 0.4999999999999902300 ) ) ;
#6564 = AXIS2_PLACEMENT_3D ( 'NONE', #6563, #6562, #6561 ) ;
#6565 = PLANE ( 'NONE',  #6564 ) ;
#6566 = PLANE ( 'NONE',  #6619 ) ;
#6567 =( GEOMETRIC_REPRESENTATION_CONTEXT ( 3 ) GLOBAL_UNCERTAINTY_ASSIGNED_CONTEXT ( ( #6568 ) ) GLOBAL_UNIT_ASSIGNED_CONTEXT ( ( #6571, #6570, #6569 ) ) REPRESENTATION_CONTEXT ( 'NONE', 'WORKASPACE' ) );
#6568 = UNCERTAINTY_MEASURE_WITH_UNIT (LENGTH_MEASURE( 1.000000000000000100E-005 ), #6571, 'distance_accuracy_value', 'NONE');
#6569 =( NAMED_UNIT ( * ) SI_UNIT ( $, .STERADIAN. ) SOLID_ANGLE_UNIT ( ) );
#6570 =( NAMED_UNIT ( * ) PLANE_ANGLE_UNIT ( ) SI_UNIT ( $, .RADIAN. ) );
#6571 =( LENGTH_UNIT ( ) NAMED_UNIT ( * ) SI_UNIT ( .MILLI., .METRE. ) );
#6572 = MECHANICAL_DESIGN_GEOMETRIC_PRESENTATION_REPRESENTATION (  '', ( #6574 ), #6567 ) ;
#6573 = PRESENTATION_LAYER_ASSIGNMENT (  '', '', ( #6574 ) ) ;
#6574 = STYLED_ITEM ( 'NONE', ( #6575 ), #1696 ) ;
#6575 = PRESENTATION_STYLE_ASSIGNMENT (( #6576 ) ) ;
#6576 = SURFACE_STYLE_USAGE ( .BOTH. , #6577 ) ;
#6577 = SURFACE_SIDE_STYLE ('',( #6578 ) ) ;
#6578 = SURFACE_STYLE_FILL_AREA ( #6579 ) ;
#6579 = FILL_AREA_STYLE ('',( #6586 ) ) ;
#6580 = COLOUR_RGB ( '',0.7529411764705882200, 0.7529411764705882200, 0.7529411764705882200 ) ;
#6581 = FACE_OUTER_BOUND ( 'NONE', #1619, .T. ) ;
#6582 = DIRECTION ( 'NONE',  ( -1.000000000000000000, 0.0000000000000000000, 0.0000000000000000000 ) ) ;
#6583 = DIRECTION ( 'NONE',  ( 0.0000000000000000000, 0.0000000000000000000, -1.000000000000000000 ) ) ;
#6584 = CARTESIAN_POINT ( 'NONE',  ( 1.249999999999999100, -8.599999999999999600, 2.849999999999990300 ) ) ;
#6585 = AXIS2_PLACEMENT_3D ( 'NONE', #6584, #6583, #6582 ) ;
#6586 = FILL_AREA_STYLE_COLOUR ( '', #6580 ) ;
#6587 = PLANE ( 'NONE',  #6585 ) ;
#6588 =( GEOMETRIC_REPRESENTATION_CONTEXT ( 3 ) GLOBAL_UNCERTAINTY_ASSIGNED_CONTEXT ( ( #6589 ) ) GLOBAL_UNIT_ASSIGNED_CONTEXT ( ( #6535, #6534, #6533 ) ) REPRESENTATION_CONTEXT ( 'NONE', 'WORKASPACE' ) );
#6589 = UNCERTAINTY_MEASURE_WITH_UNIT (LENGTH_MEASURE( 1.000000000000000100E-005 ), #6535, 'distance_accuracy_value', 'NONE');
#6590 = DIRECTION ( 'NONE',  ( 0.0000000000000000000, -1.000000000000000000, -1.275531967630005200E-016 ) ) ;
#6591 = DIRECTION ( 'NONE',  ( 0.0000000000000000000, -1.275531967630005200E-016, 1.000000000000000000 ) ) ;
#6592 = CARTESIAN_POINT ( 'NONE',  ( 1.249999999999999100, -8.300000000000000700, -0.1000000000000096600 ) ) ;
#6593 = AXIS2_PLACEMENT_3D ( 'NONE', #6592, #6591, #6590 ) ;
#6594 = FILL_AREA_STYLE_COLOUR ( '', #6646 ) ;
#6595 = PLANE ( 'NONE',  #6593 ) ;
#6596 =( GEOMETRIC_REPRESENTATION_CONTEXT ( 3 ) GLOBAL_UNCERTAINTY_ASSIGNED_CONTEXT ( ( #6597 ) ) GLOBAL_UNIT_ASSIGNED_CONTEXT ( ( #6600, #6599, #6598 ) ) REPRESENTATION_CONTEXT ( 'NONE', 'WORKASPACE' ) );
#6597 = UNCERTAINTY_MEASURE_WITH_UNIT (LENGTH_MEASURE( 1.000000000000000100E-005 ), #6600, 'distance_accuracy_value', 'NONE');
#6598 =( NAMED_UNIT ( * ) SI_UNIT ( $, .STERADIAN. ) SOLID_ANGLE_UNIT ( ) );
#6599 =( NAMED_UNIT ( * ) PLANE_ANGLE_UNIT ( ) SI_UNIT ( $, .RADIAN. ) );
#6600 =( LENGTH_UNIT ( ) NAMED_UNIT ( * ) SI_UNIT ( .MILLI., .METRE. ) );
#6601 = MECHANICAL_DESIGN_GEOMETRIC_PRESENTATION_REPRESENTATION (  '', ( #6603 ), #6596 ) ;
#6602 = PRESENTATION_LAYER_ASSIGNMENT (  '', '', ( #6603 ) ) ;
#6603 = STYLED_ITEM ( 'NONE', ( #6604 ), #1703 ) ;
#6604 = PRESENTATION_STYLE_ASSIGNMENT (( #6605 ) ) ;
#6605 = SURFACE_STYLE_USAGE ( .BOTH. , #6606 ) ;
#6606 = SURFACE_SIDE_STYLE ('',( #6607 ) ) ;
#6607 = SURFACE_STYLE_FILL_AREA ( #6608 ) ;
#6608 = FILL_AREA_STYLE ('',( #6615 ) ) ;
#6609 = COLOUR_RGB ( '',0.7529411764705882200, 0.7529411764705882200, 0.7529411764705882200 ) ;
#6610 = FACE_OUTER_BOUND ( 'NONE', #1704, .T. ) ;
#6611 = DIRECTION ( 'NONE',  ( 0.0000000000000000000, -1.000000000000000000, 0.0000000000000000000 ) ) ;
#6612 = VECTOR ( 'NONE', #6611, 1000.000000000000000 ) ;
#6613 = CARTESIAN_POINT ( 'NONE',  ( -1.250000000000000900, -8.599999999999999600, 2.849999999999989400 ) ) ;
#6614 = LINE ( 'NONE', #6613, #6612 ) ;
#6615 = FILL_AREA_STYLE_COLOUR ( '', #6609 ) ;
#6616 = DIRECTION ( 'NONE',  ( 0.0000000000000000000, -1.000000000000000000, -8.340016711426957800E-017 ) ) ;
#6617 = DIRECTION ( 'NONE',  ( 0.0000000000000000000, -8.340016711426957800E-017, 1.000000000000000000 ) ) ;
#6618 = CARTESIAN_POINT ( 'NONE',  ( 1.249999999999999100, -2.600000000000000500, 2.349999999999990300 ) ) ;
#6619 = AXIS2_PLACEMENT_3D ( 'NONE', #6618, #6617, #6616 ) ;
#6620 = DIRECTION ( 'NONE',  ( 0.0000000000000000000, 1.000000000000000000, 1.275531967630005200E-016 ) ) ;
#6621 = VECTOR ( 'NONE', #6620, 1000.000000000000000 ) ;
#6622 = CARTESIAN_POINT ( 'NONE',  ( 0.7499999999999991100, -8.300000000000000700, -0.1000000000000096600 ) ) ;
#6623 = LINE ( 'NONE', #6622, #6621 ) ;
#6624 = DIRECTION ( 'NONE',  ( 0.0000000000000000000, 0.0000000000000000000, 1.000000000000000000 ) ) ;
#6625 = VECTOR ( 'NONE', #6624, 1000.000000000000000 ) ;
#6626 = CARTESIAN_POINT ( 'NONE',  ( -1.250000000000000900, -2.600000000000000500, 2.849999999999989400 ) ) ;
#6627 = LINE ( 'NONE', #6626, #6625 ) ;
#6628 = DIRECTION ( 'NONE',  ( 0.0000000000000000000, 0.0000000000000000000, -1.000000000000000000 ) ) ;
#6629 = DIRECTION ( 'NONE',  ( 0.0000000000000000000, -1.000000000000000000, 0.0000000000000000000 ) ) ;
#6630 = CARTESIAN_POINT ( 'NONE',  ( -0.7500000000000008900, -2.600000000000000500, 2.849999999999989400 ) ) ;
#6631 = AXIS2_PLACEMENT_3D ( 'NONE', #6630, #6629, #6628 ) ;
#6632 = PLANE ( 'NONE',  #6631 ) ;
#6633 =( GEOMETRIC_REPRESENTATION_CONTEXT ( 3 ) GLOBAL_UNCERTAINTY_ASSIGNED_CONTEXT ( ( #6634 ) ) GLOBAL_UNIT_ASSIGNED_CONTEXT ( ( #6637, #6636, #6635 ) ) REPRESENTATION_CONTEXT ( 'NONE', 'WORKASPACE' ) );
#6634 = UNCERTAINTY_MEASURE_WITH_UNIT (LENGTH_MEASURE( 1.000000000000000100E-005 ), #6637, 'distance_accuracy_value', 'NONE');
#6635 =( NAMED_UNIT ( * ) SI_UNIT ( $, .STERADIAN. ) SOLID_ANGLE_UNIT ( ) );
#6636 =( NAMED_UNIT ( * ) PLANE_ANGLE_UNIT ( ) SI_UNIT ( $, .RADIAN. ) );
#6637 =( LENGTH_UNIT ( ) NAMED_UNIT ( * ) SI_UNIT ( .MILLI., .METRE. ) );
#6638 = MECHANICAL_DESIGN_GEOMETRIC_PRESENTATION_REPRESENTATION (  '', ( #6640 ), #6633 ) ;
#6639 = PRESENTATION_LAYER_ASSIGNMENT (  '', '', ( #6640 ) ) ;
#6640 = STYLED_ITEM ( 'NONE', ( #6641 ), #1709 ) ;
#6641 = PRESENTATION_STYLE_ASSIGNMENT (( #6642 ) ) ;
#6642 = SURFACE_STYLE_USAGE ( .BOTH. , #6643 ) ;
#6643 = SURFACE_SIDE_STYLE ('',( #6644 ) ) ;
#6644 = SURFACE_STYLE_FILL_AREA ( #6645 ) ;
#6645 = FILL_AREA_STYLE ('',( #6594 ) ) ;
#6646 = COLOUR_RGB ( '',0.7529411764705882200, 0.7529411764705882200, 0.7529411764705882200 ) ;
#6647 = FACE_OUTER_BOUND ( 'NONE', #1710, .T. ) ;
#6648 = DIRECTION ( 'NONE',  ( 0.0000000000000000000, 0.0000000000000000000, 1.000000000000000000 ) ) ;
#6649 = DIRECTION ( 'NONE',  ( 0.0000000000000000000, 1.000000000000000000, 0.0000000000000000000 ) ) ;
#6650 = CARTESIAN_POINT ( 'NONE',  ( 1.249999999999999100, -10.00000000000000000, 0.4999999999999901200 ) ) ;
#6651 = AXIS2_PLACEMENT_3D ( 'NONE', #6650, #6649, #6648 ) ;
#6652 = LINE ( 'NONE', #6703, #6702 ) ;
#6653 = PLANE ( 'NONE',  #6651 ) ;
#6654 =( GEOMETRIC_REPRESENTATION_CONTEXT ( 3 ) GLOBAL_UNCERTAINTY_ASSIGNED_CONTEXT ( ( #6655 ) ) GLOBAL_UNIT_ASSIGNED_CONTEXT ( ( #6658, #6657, #6656 ) ) REPRESENTATION_CONTEXT ( 'NONE', 'WORKASPACE' ) );
#6655 = UNCERTAINTY_MEASURE_WITH_UNIT (LENGTH_MEASURE( 1.000000000000000100E-005 ), #6658, 'distance_accuracy_value', 'NONE');
#6656 =( NAMED_UNIT ( * ) SI_UNIT ( $, .STERADIAN. ) SOLID_ANGLE_UNIT ( ) );
#6657 =( NAMED_UNIT ( * ) PLANE_ANGLE_UNIT ( ) SI_UNIT ( $, .RADIAN. ) );
#6658 =( LENGTH_UNIT ( ) NAMED_UNIT ( * ) SI_UNIT ( .MILLI., .METRE. ) );
#6659 = MECHANICAL_DESIGN_GEOMETRIC_PRESENTATION_REPRESENTATION (  '', ( #6661 ), #6654 ) ;
#6660 = PRESENTATION_LAYER_ASSIGNMENT (  '', '', ( #6661 ) ) ;
#6661 = STYLED_ITEM ( 'NONE', ( #6662 ), #1721 ) ;
#6662 = PRESENTATION_STYLE_ASSIGNMENT (( #6663 ) ) ;
#6663 = SURFACE_STYLE_USAGE ( .BOTH. , #6664 ) ;
#6664 = SURFACE_SIDE_STYLE ('',( #6665 ) ) ;
#6665 = SURFACE_STYLE_FILL_AREA ( #6666 ) ;
#6666 = FILL_AREA_STYLE ('',( #6673 ) ) ;
#6667 = COLOUR_RGB ( '',0.7529411764705882200, 0.7529411764705882200, 0.7529411764705882200 ) ;
#6668 = FACE_OUTER_BOUND ( 'NONE', #1722, .T. ) ;
#6669 = DIRECTION ( 'NONE',  ( 0.0000000000000000000, 0.0000000000000000000, -1.000000000000000000 ) ) ;
#6670 = VECTOR ( 'NONE', #6669, 1000.000000000000000 ) ;
#6671 = CARTESIAN_POINT ( 'NONE',  ( 0.7499999999999991100, -10.00000000000000000, 0.4999999999999901200 ) ) ;
#6672 = LINE ( 'NONE', #6671, #6670 ) ;
#6673 = FILL_AREA_STYLE_COLOUR ( '', #6667 ) ;
#6674 = CARTESIAN_POINT ( 'NONE',  ( 0.7499999999999991100, -10.00000000000000000, -0.1000000000000098900 ) ) ;
#6675 = UNCERTAINTY_MEASURE_WITH_UNIT (LENGTH_MEASURE( 1.000000000000000100E-005 ), #7692, 'distance_accuracy_value', 'NONE');
#6676 =( GEOMETRIC_REPRESENTATION_CONTEXT ( 3 ) GLOBAL_UNCERTAINTY_ASSIGNED_CONTEXT ( ( #6677 ) ) GLOBAL_UNIT_ASSIGNED_CONTEXT ( ( #6680, #6679, #6678 ) ) REPRESENTATION_CONTEXT ( 'NONE', 'WORKASPACE' ) );
#6677 = UNCERTAINTY_MEASURE_WITH_UNIT (LENGTH_MEASURE( 1.000000000000000100E-005 ), #6680, 'distance_accuracy_value', 'NONE');
#6678 =( NAMED_UNIT ( * ) SI_UNIT ( $, .STERADIAN. ) SOLID_ANGLE_UNIT ( ) );
#6679 =( NAMED_UNIT ( * ) PLANE_ANGLE_UNIT ( ) SI_UNIT ( $, .RADIAN. ) );
#6680 =( LENGTH_UNIT ( ) NAMED_UNIT ( * ) SI_UNIT ( .MILLI., .METRE. ) );
#6681 = MECHANICAL_DESIGN_GEOMETRIC_PRESENTATION_REPRESENTATION (  '', ( #6683 ), #6676 ) ;
#6682 = PRESENTATION_LAYER_ASSIGNMENT (  '', '', ( #6683 ) ) ;
#6683 = STYLED_ITEM ( 'NONE', ( #6684 ), #1735 ) ;
#6684 = PRESENTATION_STYLE_ASSIGNMENT (( #6685 ) ) ;
#6685 = SURFACE_STYLE_USAGE ( .BOTH. , #6686 ) ;
#6686 = SURFACE_SIDE_STYLE ('',( #6687 ) ) ;
#6687 = SURFACE_STYLE_FILL_AREA ( #6688 ) ;
#6688 = FILL_AREA_STYLE ('',( #6695 ) ) ;
#6689 = COLOUR_RGB ( '',0.7529411764705882200, 0.7529411764705882200, 0.7529411764705882200 ) ;
#6690 = FACE_OUTER_BOUND ( 'NONE', #1736, .T. ) ;
#6691 = DIRECTION ( 'NONE',  ( 0.0000000000000000000, 1.000000000000000000, 1.275531967630005200E-016 ) ) ;
#6692 = VECTOR ( 'NONE', #6691, 1000.000000000000000 ) ;
#6693 = CARTESIAN_POINT ( 'NONE',  ( 1.249999999999999100, -8.300000000000000700, -0.1000000000000096600 ) ) ;
#6694 = LINE ( 'NONE', #6693, #6692 ) ;
#6695 = FILL_AREA_STYLE_COLOUR ( '', #6689 ) ;
#6696 = CARTESIAN_POINT ( 'NONE',  ( 1.249999999999999100, -10.00000000000000000, -0.1000000000000098900 ) ) ;
#6697 = DIRECTION ( 'NONE',  ( 0.0000000000000000000, 0.0000000000000000000, -1.000000000000000000 ) ) ;
#6698 = VECTOR ( 'NONE', #6697, 1000.000000000000000 ) ;
#6699 = CARTESIAN_POINT ( 'NONE',  ( 1.249999999999999100, -10.00000000000000000, 0.4999999999999901200 ) ) ;
#6700 = LINE ( 'NONE', #6699, #6698 ) ;
#6701 = DIRECTION ( 'NONE',  ( -1.000000000000000000, 0.0000000000000000000, 0.0000000000000000000 ) ) ;
#6702 = VECTOR ( 'NONE', #6701, 1000.000000000000000 ) ;
#6703 = CARTESIAN_POINT ( 'NONE',  ( 1.249999999999999100, -10.00000000000000000, -0.1000000000000098900 ) ) ;
#6704 = AXIS2_PLACEMENT_3D ( 'NONE', #6761, #6760, #6759 ) ;
#6705 = PLANE ( 'NONE',  #6704 ) ;
#6706 =( GEOMETRIC_REPRESENTATION_CONTEXT ( 3 ) GLOBAL_UNCERTAINTY_ASSIGNED_CONTEXT ( ( #6707 ) ) GLOBAL_UNIT_ASSIGNED_CONTEXT ( ( #6710, #6709, #6708 ) ) REPRESENTATION_CONTEXT ( 'NONE', 'WORKASPACE' ) );
#6707 = UNCERTAINTY_MEASURE_WITH_UNIT (LENGTH_MEASURE( 1.000000000000000100E-005 ), #6710, 'distance_accuracy_value', 'NONE');
#6708 =( NAMED_UNIT ( * ) SI_UNIT ( $, .STERADIAN. ) SOLID_ANGLE_UNIT ( ) );
#6709 =( NAMED_UNIT ( * ) PLANE_ANGLE_UNIT ( ) SI_UNIT ( $, .RADIAN. ) );
#6710 =( LENGTH_UNIT ( ) NAMED_UNIT ( * ) SI_UNIT ( .MILLI., .METRE. ) );
#6711 = MECHANICAL_DESIGN_GEOMETRIC_PRESENTATION_REPRESENTATION (  '', ( #6713 ), #6706 ) ;
#6712 = PRESENTATION_LAYER_ASSIGNMENT (  '', '', ( #6713 ) ) ;
#6713 = STYLED_ITEM ( 'NONE', ( #6714 ), #1745 ) ;
#6714 = PRESENTATION_STYLE_ASSIGNMENT (( #6715 ) ) ;
#6715 = SURFACE_STYLE_USAGE ( .BOTH. , #6716 ) ;
#6716 = SURFACE_SIDE_STYLE ('',( #6717 ) ) ;
#6717 = SURFACE_STYLE_FILL_AREA ( #6718 ) ;
#6718 = FILL_AREA_STYLE ('',( #6719 ) ) ;
#6719 = FILL_AREA_STYLE_COLOUR ( '', #6720 ) ;
#6720 = COLOUR_RGB ( '',0.7529411764705882200, 0.7529411764705882200, 0.7529411764705882200 ) ;
#6721 = FACE_OUTER_BOUND ( 'NONE', #1746, .T. ) ;
#6722 = CARTESIAN_POINT ( 'NONE',  ( -1.250000000000000900, -8.300000000000000700, -0.1000000000000107700 ) ) ;
#6723 = DIRECTION ( 'NONE',  ( 0.0000000000000000000, 0.7071067811865510100, 0.7071067811865441300 ) ) ;
#6724 = VECTOR ( 'NONE', #6723, 999.9999999999998900 ) ;
#6725 = CARTESIAN_POINT ( 'NONE',  ( -1.250000000000000900, -8.300000000000000700, -0.1000000000000107700 ) ) ;
#6726 = LINE ( 'NONE', #6725, #6724 ) ;
#6727 = DIRECTION ( 'NONE',  ( 0.0000000000000000000, 0.0000000000000000000, -1.000000000000000000 ) ) ;
#6728 = DIRECTION ( 'NONE',  ( 1.000000000000000000, 0.0000000000000000000, 0.0000000000000000000 ) ) ;
#6729 = CARTESIAN_POINT ( 'NONE',  ( 0.7499999999999991100, -8.599999999999999600, 2.849999999999990300 ) ) ;
#6730 = AXIS2_PLACEMENT_3D ( 'NONE', #6729, #6728, #6727 ) ;
#6731 = PLANE ( 'NONE',  #6730 ) ;
#6732 = COLOUR_RGB ( '',0.7529411764705882200, 0.7529411764705882200, 0.7529411764705882200 ) ;
#6733 = FACE_OUTER_BOUND ( 'NONE', #1757, .T. ) ;
#6734 = DIRECTION ( 'NONE',  ( 0.0000000000000000000, 1.000000000000000000, 8.340016711426957800E-017 ) ) ;
#6735 = VECTOR ( 'NONE', #6734, 1000.000000000000000 ) ;
#6736 = CARTESIAN_POINT ( 'NONE',  ( -1.250000000000000900, -2.600000000000000500, 2.349999999999989400 ) ) ;
#6737 = LINE ( 'NONE', #6736, #6735 ) ;
#6738 = FILL_AREA_STYLE_COLOUR ( '', #6732 ) ;
#6739 = DIRECTION ( 'NONE',  ( 0.0000000000000000000, 1.000000000000000000, 7.744301232039316700E-017 ) ) ;
#6740 = DIRECTION ( 'NONE',  ( 0.0000000000000000000, 7.744301232039316700E-017, -1.000000000000000000 ) ) ;
#6741 = CARTESIAN_POINT ( 'NONE',  ( -0.7500000000000008900, -8.599999999999999600, 0.4999999999999891800 ) ) ;
#6742 = AXIS2_PLACEMENT_3D ( 'NONE', #6741, #6740, #6739 ) ;
#6743 = PLANE ( 'NONE',  #6742 ) ;
#6744 =( GEOMETRIC_REPRESENTATION_CONTEXT ( 3 ) GLOBAL_UNCERTAINTY_ASSIGNED_CONTEXT ( ( #6745 ) ) GLOBAL_UNIT_ASSIGNED_CONTEXT ( ( #6748, #6747, #6746 ) ) REPRESENTATION_CONTEXT ( 'NONE', 'WORKASPACE' ) );
#6745 = UNCERTAINTY_MEASURE_WITH_UNIT (LENGTH_MEASURE( 1.000000000000000100E-005 ), #6748, 'distance_accuracy_value', 'NONE');
#6746 =( NAMED_UNIT ( * ) SI_UNIT ( $, .STERADIAN. ) SOLID_ANGLE_UNIT ( ) );
#6747 =( NAMED_UNIT ( * ) PLANE_ANGLE_UNIT ( ) SI_UNIT ( $, .RADIAN. ) );
#6748 =( LENGTH_UNIT ( ) NAMED_UNIT ( * ) SI_UNIT ( .MILLI., .METRE. ) );
#6749 = MECHANICAL_DESIGN_GEOMETRIC_PRESENTATION_REPRESENTATION (  '', ( #6751 ), #6744 ) ;
#6750 = PRESENTATION_LAYER_ASSIGNMENT (  '', '', ( #6751 ) ) ;
#6751 = STYLED_ITEM ( 'NONE', ( #6752 ), #1751 ) ;
#6752 = PRESENTATION_STYLE_ASSIGNMENT (( #6753 ) ) ;
#6753 = SURFACE_STYLE_USAGE ( .BOTH. , #6754 ) ;
#6754 = SURFACE_SIDE_STYLE ('',( #6755 ) ) ;
#6755 = SURFACE_STYLE_FILL_AREA ( #6756 ) ;
#6756 = FILL_AREA_STYLE ('',( #6762 ) ) ;
#6757 = COLOUR_RGB ( '',0.7529411764705882200, 0.7529411764705882200, 0.7529411764705882200 ) ;
#6758 = FACE_OUTER_BOUND ( 'NONE', #1752, .T. ) ;
#6759 = DIRECTION ( 'NONE',  ( 0.0000000000000000000, -1.000000000000000000, -8.340016711426957800E-017 ) ) ;
#6760 = DIRECTION ( 'NONE',  ( 0.0000000000000000000, -8.340016711426957800E-017, 1.000000000000000000 ) ) ;
#6761 = CARTESIAN_POINT ( 'NONE',  ( -0.7500000000000008900, -2.600000000000000500, 2.349999999999989400 ) ) ;
#6762 = FILL_AREA_STYLE_COLOUR ( '', #6757 ) ;
#6763 = VECTOR ( 'NONE', #6814, 1000.000000000000000 ) ;
#6764 = CARTESIAN_POINT ( 'NONE',  ( -0.7500000000000008900, -2.600000000000000500, 2.349999999999989400 ) ) ;
#6765 = LINE ( 'NONE', #6764, #6763 ) ;
#6766 = FILL_AREA_STYLE_COLOUR ( '', #6812 ) ;
#6767 = DIRECTION ( 'NONE',  ( 0.0000000000000000000, -1.000000000000000000, 0.0000000000000000000 ) ) ;
#6768 = VECTOR ( 'NONE', #6767, 1000.000000000000000 ) ;
#6769 = CARTESIAN_POINT ( 'NONE',  ( -0.7500000000000008900, -8.599999999999999600, 2.849999999999989400 ) ) ;
#6770 = LINE ( 'NONE', #6769, #6768 ) ;
#6771 = DIRECTION ( 'NONE',  ( 0.0000000000000000000, 0.0000000000000000000, -1.000000000000000000 ) ) ;
#6772 = DIRECTION ( 'NONE',  ( 1.000000000000000000, 0.0000000000000000000, 0.0000000000000000000 ) ) ;
#6773 = CARTESIAN_POINT ( 'NONE',  ( -0.7500000000000008900, -8.599999999999999600, 2.849999999999989400 ) ) ;
#6774 = AXIS2_PLACEMENT_3D ( 'NONE', #6773, #6772, #6771 ) ;
#6775 = PLANE ( 'NONE',  #6774 ) ;
#6776 =( GEOMETRIC_REPRESENTATION_CONTEXT ( 3 ) GLOBAL_UNCERTAINTY_ASSIGNED_CONTEXT ( ( #6777 ) ) GLOBAL_UNIT_ASSIGNED_CONTEXT ( ( #6780, #6779, #6778 ) ) REPRESENTATION_CONTEXT ( 'NONE', 'WORKASPACE' ) );
#6777 = UNCERTAINTY_MEASURE_WITH_UNIT (LENGTH_MEASURE( 1.000000000000000100E-005 ), #6780, 'distance_accuracy_value', 'NONE');
#6778 =( NAMED_UNIT ( * ) SI_UNIT ( $, .STERADIAN. ) SOLID_ANGLE_UNIT ( ) );
#6779 =( NAMED_UNIT ( * ) PLANE_ANGLE_UNIT ( ) SI_UNIT ( $, .RADIAN. ) );
#6780 =( LENGTH_UNIT ( ) NAMED_UNIT ( * ) SI_UNIT ( .MILLI., .METRE. ) );
#6781 = MECHANICAL_DESIGN_GEOMETRIC_PRESENTATION_REPRESENTATION (  '', ( #6783 ), #6776 ) ;
#6782 = PRESENTATION_LAYER_ASSIGNMENT (  '', '', ( #6783 ) ) ;
#6783 = STYLED_ITEM ( 'NONE', ( #6784 ), #1756 ) ;
#6784 = PRESENTATION_STYLE_ASSIGNMENT (( #6785 ) ) ;
#6785 = SURFACE_STYLE_USAGE ( .BOTH. , #6786 ) ;
#6786 = SURFACE_SIDE_STYLE ('',( #6787 ) ) ;
#6787 = SURFACE_STYLE_FILL_AREA ( #6788 ) ;
#6788 = FILL_AREA_STYLE ('',( #6738 ) ) ;
#6789 = CARTESIAN_POINT ( 'NONE',  ( -0.7500000000000008900, -2.600000000000000500, 2.849999999999989400 ) ) ;
#6790 = DIRECTION ( 'NONE',  ( -1.000000000000000000, 0.0000000000000000000, 0.0000000000000000000 ) ) ;
#6791 = VECTOR ( 'NONE', #6790, 1000.000000000000000 ) ;
#6792 = CARTESIAN_POINT ( 'NONE',  ( -0.7500000000000008900, -2.600000000000000500, 2.849999999999989400 ) ) ;
#6793 = LINE ( 'NONE', #6792, #6791 ) ;
#6794 = DIRECTION ( 'NONE',  ( -1.000000000000000000, 0.0000000000000000000, 0.0000000000000000000 ) ) ;
#6795 = DIRECTION ( 'NONE',  ( 0.0000000000000000000, 0.0000000000000000000, -1.000000000000000000 ) ) ;
#6796 = CARTESIAN_POINT ( 'NONE',  ( -0.7500000000000008900, -8.599999999999999600, 2.849999999999989400 ) ) ;
#6797 = AXIS2_PLACEMENT_3D ( 'NONE', #6796, #6795, #6794 ) ;
#6798 = PLANE ( 'NONE',  #6797 ) ;
#6799 =( GEOMETRIC_REPRESENTATION_CONTEXT ( 3 ) GLOBAL_UNCERTAINTY_ASSIGNED_CONTEXT ( ( #6800 ) ) GLOBAL_UNIT_ASSIGNED_CONTEXT ( ( #6803, #6802, #6801 ) ) REPRESENTATION_CONTEXT ( 'NONE', 'WORKASPACE' ) );
#6800 = UNCERTAINTY_MEASURE_WITH_UNIT (LENGTH_MEASURE( 1.000000000000000100E-005 ), #6803, 'distance_accuracy_value', 'NONE');
#6801 =( NAMED_UNIT ( * ) SI_UNIT ( $, .STERADIAN. ) SOLID_ANGLE_UNIT ( ) );
#6802 =( NAMED_UNIT ( * ) PLANE_ANGLE_UNIT ( ) SI_UNIT ( $, .RADIAN. ) );
#6803 =( LENGTH_UNIT ( ) NAMED_UNIT ( * ) SI_UNIT ( .MILLI., .METRE. ) );
#6804 = MECHANICAL_DESIGN_GEOMETRIC_PRESENTATION_REPRESENTATION (  '', ( #6806 ), #6799 ) ;
#6805 = PRESENTATION_LAYER_ASSIGNMENT (  '', '', ( #6806 ) ) ;
#6806 = STYLED_ITEM ( 'NONE', ( #6807 ), #1764 ) ;
#6807 = PRESENTATION_STYLE_ASSIGNMENT (( #6808 ) ) ;
#6808 = SURFACE_STYLE_USAGE ( .BOTH. , #6809 ) ;
#6809 = SURFACE_SIDE_STYLE ('',( #6810 ) ) ;
#6810 = SURFACE_STYLE_FILL_AREA ( #6811 ) ;
#6811 = FILL_AREA_STYLE ('',( #6766 ) ) ;
#6812 = COLOUR_RGB ( '',0.7529411764705882200, 0.7529411764705882200, 0.7529411764705882200 ) ;
#6813 = FACE_OUTER_BOUND ( 'NONE', #1765, .T. ) ;
#6814 = DIRECTION ( 'NONE',  ( 0.0000000000000000000, 1.000000000000000000, 8.340016711426957800E-017 ) ) ;
#6815 = FACE_OUTER_BOUND ( 'NONE', #1777, .T. ) ;
#6816 = DIRECTION ( 'NONE',  ( 0.0000000000000000000, 0.0000000000000000000, -1.000000000000000000 ) ) ;
#6817 = DIRECTION ( 'NONE',  ( 1.000000000000000000, 0.0000000000000000000, 0.0000000000000000000 ) ) ;
#6818 = CARTESIAN_POINT ( 'NONE',  ( -1.250000000000000900, -8.599999999999999600, 2.849999999999989400 ) ) ;
#6819 = AXIS2_PLACEMENT_3D ( 'NONE', #6818, #6817, #6816 ) ;
#6820 = FILL_AREA_STYLE_COLOUR ( '', #6878 ) ;
#6821 = PLANE ( 'NONE',  #6819 ) ;
#6822 =( GEOMETRIC_REPRESENTATION_CONTEXT ( 3 ) GLOBAL_UNCERTAINTY_ASSIGNED_CONTEXT ( ( #6823 ) ) GLOBAL_UNIT_ASSIGNED_CONTEXT ( ( #6826, #6825, #6824 ) ) REPRESENTATION_CONTEXT ( 'NONE', 'WORKASPACE' ) );
#6823 = UNCERTAINTY_MEASURE_WITH_UNIT (LENGTH_MEASURE( 1.000000000000000100E-005 ), #6826, 'distance_accuracy_value', 'NONE');
#6824 =( NAMED_UNIT ( * ) SI_UNIT ( $, .STERADIAN. ) SOLID_ANGLE_UNIT ( ) );
#6825 =( NAMED_UNIT ( * ) PLANE_ANGLE_UNIT ( ) SI_UNIT ( $, .RADIAN. ) );
#6826 =( LENGTH_UNIT ( ) NAMED_UNIT ( * ) SI_UNIT ( .MILLI., .METRE. ) );
#6827 = MECHANICAL_DESIGN_GEOMETRIC_PRESENTATION_REPRESENTATION (  '', ( #6829 ), #6822 ) ;
#6828 = PRESENTATION_LAYER_ASSIGNMENT (  '', '', ( #6829 ) ) ;
#6829 = STYLED_ITEM ( 'NONE', ( #6830 ), #1775 ) ;
#6830 = PRESENTATION_STYLE_ASSIGNMENT (( #6831 ) ) ;
#6831 = SURFACE_STYLE_USAGE ( .BOTH. , #6832 ) ;
#6832 = SURFACE_SIDE_STYLE ('',( #6833 ) ) ;
#6833 = SURFACE_STYLE_FILL_AREA ( #6834 ) ;
#6834 = FILL_AREA_STYLE ('',( #6841 ) ) ;
#6835 = COLOUR_RGB ( '',0.7529411764705882200, 0.7529411764705882200, 0.7529411764705882200 ) ;
#6836 = FACE_OUTER_BOUND ( 'NONE', #1697, .T. ) ;
#6837 = DIRECTION ( 'NONE',  ( -1.000000000000000000, 0.0000000000000000000, 0.0000000000000000000 ) ) ;
#6838 = VECTOR ( 'NONE', #6837, 1000.000000000000000 ) ;
#6839 = CARTESIAN_POINT ( 'NONE',  ( -0.7500000000000008900, -2.600000000000000500, 2.349999999999989400 ) ) ;
#6840 = LINE ( 'NONE', #6839, #6838 ) ;
#6841 = FILL_AREA_STYLE_COLOUR ( '', #6835 ) ;
#6842 = CARTESIAN_POINT ( 'NONE',  ( -0.7500000000000008900, -2.600000000000000500, 2.349999999999989400 ) ) ;
#6843 = DIRECTION ( 'NONE',  ( 0.0000000000000000000, 0.0000000000000000000, 1.000000000000000000 ) ) ;
#6844 = VECTOR ( 'NONE', #6843, 1000.000000000000000 ) ;
#6845 = CARTESIAN_POINT ( 'NONE',  ( -0.7500000000000008900, -2.600000000000000500, 2.849999999999989400 ) ) ;
#6846 = LINE ( 'NONE', #6845, #6844 ) ;
#6847 = STYLED_ITEM ( 'NONE', ( #6848 ), #1783 ) ;
#6848 = PRESENTATION_STYLE_ASSIGNMENT (( #6849 ) ) ;
#6849 = SURFACE_STYLE_USAGE ( .BOTH. , #6850 ) ;
#6850 = SURFACE_SIDE_STYLE ('',( #6851 ) ) ;
#6851 = SURFACE_STYLE_FILL_AREA ( #6852 ) ;
#6852 = FILL_AREA_STYLE ('',( #6859 ) ) ;
#6853 = COLOUR_RGB ( '',0.7529411764705882200, 0.7529411764705882200, 0.7529411764705882200 ) ;
#6854 = FACE_OUTER_BOUND ( 'NONE', #1784, .T. ) ;
#6855 = DIRECTION ( 'NONE',  ( 0.0000000000000000000, 1.000000000000000000, 1.275531967630005200E-016 ) ) ;
#6856 = VECTOR ( 'NONE', #6855, 1000.000000000000000 ) ;
#6857 = CARTESIAN_POINT ( 'NONE',  ( -0.7500000000000008900, -8.300000000000000700, -0.1000000000000107700 ) ) ;
#6858 = LINE ( 'NONE', #6857, #6856 ) ;
#6859 = FILL_AREA_STYLE_COLOUR ( '', #6853 ) ;
#6860 = DIRECTION ( 'NONE',  ( 0.0000000000000000000, -1.000000000000000000, -1.275531967630005200E-016 ) ) ;
#6861 = DIRECTION ( 'NONE',  ( 0.0000000000000000000, -1.275531967630005200E-016, 1.000000000000000000 ) ) ;
#6862 = CARTESIAN_POINT ( 'NONE',  ( -0.7500000000000008900, -8.300000000000000700, -0.1000000000000107700 ) ) ;
#6863 = AXIS2_PLACEMENT_3D ( 'NONE', #6862, #6861, #6860 ) ;
#6864 = PLANE ( 'NONE',  #6863 ) ;
#6865 =( GEOMETRIC_REPRESENTATION_CONTEXT ( 3 ) GLOBAL_UNCERTAINTY_ASSIGNED_CONTEXT ( ( #6866 ) ) GLOBAL_UNIT_ASSIGNED_CONTEXT ( ( #6869, #6868, #6867 ) ) REPRESENTATION_CONTEXT ( 'NONE', 'WORKASPACE' ) );
#6866 = UNCERTAINTY_MEASURE_WITH_UNIT (LENGTH_MEASURE( 1.000000000000000100E-005 ), #6869, 'distance_accuracy_value', 'NONE');
#6867 =( NAMED_UNIT ( * ) SI_UNIT ( $, .STERADIAN. ) SOLID_ANGLE_UNIT ( ) );
#6868 =( NAMED_UNIT ( * ) PLANE_ANGLE_UNIT ( ) SI_UNIT ( $, .RADIAN. ) );
#6869 =( LENGTH_UNIT ( ) NAMED_UNIT ( * ) SI_UNIT ( .MILLI., .METRE. ) );
#6870 = MECHANICAL_DESIGN_GEOMETRIC_PRESENTATION_REPRESENTATION (  '', ( #6872 ), #6865 ) ;
#6871 = PRESENTATION_LAYER_ASSIGNMENT (  '', '', ( #6872 ) ) ;
#6872 = STYLED_ITEM ( 'NONE', ( #6873 ), #1776 ) ;
#6873 = PRESENTATION_STYLE_ASSIGNMENT (( #6874 ) ) ;
#6874 = SURFACE_STYLE_USAGE ( .BOTH. , #6875 ) ;
#6875 = SURFACE_SIDE_STYLE ('',( #6876 ) ) ;
#6876 = SURFACE_STYLE_FILL_AREA ( #6877 ) ;
#6877 = FILL_AREA_STYLE ('',( #6820 ) ) ;
#6878 = COLOUR_RGB ( '',0.7529411764705882200, 0.7529411764705882200, 0.7529411764705882200 ) ;
#6879 = CARTESIAN_POINT ( 'NONE',  ( -0.7500000000000008900, -8.300000000000000700, -0.1000000000000107700 ) ) ;
#6880 = DIRECTION ( 'NONE',  ( 0.0000000000000000000, 0.7071067811865510100, 0.7071067811865441300 ) ) ;
#6881 = VECTOR ( 'NONE', #6880, 999.9999999999998900 ) ;
#6882 = CARTESIAN_POINT ( 'NONE',  ( -0.7500000000000008900, -8.300000000000000700, -0.1000000000000107700 ) ) ;
#6883 = LINE ( 'NONE', #6882, #6881 ) ;
#6884 = CARTESIAN_POINT ( 'NONE',  ( -1.250000000000000900, -10.00000000000000000, -0.1000000000000110000 ) ) ;
#6885 = DIRECTION ( 'NONE',  ( 0.0000000000000000000, 1.000000000000000000, 1.275531967630005200E-016 ) ) ;
#6886 = VECTOR ( 'NONE', #6885, 1000.000000000000000 ) ;
#6887 = CARTESIAN_POINT ( 'NONE',  ( -1.250000000000000900, -8.300000000000000700, -0.1000000000000107700 ) ) ;
#6888 = LINE ( 'NONE', #6887, #6886 ) ;
#6889 = DIRECTION ( 'NONE',  ( 0.0000000000000000000, 0.0000000000000000000, -1.000000000000000000 ) ) ;
#6890 = DIRECTION ( 'NONE',  ( 1.000000000000000000, 0.0000000000000000000, 0.0000000000000000000 ) ) ;
#6891 = CARTESIAN_POINT ( 'NONE',  ( -1.250000000000000900, -8.599999999999999600, 2.849999999999989400 ) ) ;
#6892 = AXIS2_PLACEMENT_3D ( 'NONE', #6891, #6890, #6889 ) ;
#6893 = PLANE ( 'NONE',  #6892 ) ;
#6894 =( GEOMETRIC_REPRESENTATION_CONTEXT ( 3 ) GLOBAL_UNCERTAINTY_ASSIGNED_CONTEXT ( ( #6895 ) ) GLOBAL_UNIT_ASSIGNED_CONTEXT ( ( #6898, #6897, #6896 ) ) REPRESENTATION_CONTEXT ( 'NONE', 'WORKASPACE' ) );
#6895 = UNCERTAINTY_MEASURE_WITH_UNIT (LENGTH_MEASURE( 1.000000000000000100E-005 ), #6898, 'distance_accuracy_value', 'NONE');
#6896 =( NAMED_UNIT ( * ) SI_UNIT ( $, .STERADIAN. ) SOLID_ANGLE_UNIT ( ) );
#6897 =( NAMED_UNIT ( * ) PLANE_ANGLE_UNIT ( ) SI_UNIT ( $, .RADIAN. ) );
#6898 =( LENGTH_UNIT ( ) NAMED_UNIT ( * ) SI_UNIT ( .MILLI., .METRE. ) );
#6899 = MECHANICAL_DESIGN_GEOMETRIC_PRESENTATION_REPRESENTATION (  '', ( #6847 ), #6894 ) ;
#6900 = PRESENTATION_LAYER_ASSIGNMENT (  '', '', ( #6847 ) ) ;
#6901 = DIRECTION ( 'NONE',  ( 0.0000000000000000000, 0.0000000000000000000, -1.000000000000000000 ) ) ;
#6902 = VECTOR ( 'NONE', #6901, 1000.000000000000000 ) ;
#6903 = CARTESIAN_POINT ( 'NONE',  ( -0.7500000000000008900, -10.00000000000000000, 0.4999999999999890600 ) ) ;
#6904 = LINE ( 'NONE', #6903, #6902 ) ;
#6905 = DIRECTION ( 'NONE',  ( 0.0000000000000000000, 0.0000000000000000000, -1.000000000000000000 ) ) ;
#6906 = DIRECTION ( 'NONE',  ( 1.000000000000000000, 0.0000000000000000000, 0.0000000000000000000 ) ) ;
#6907 = CARTESIAN_POINT ( 'NONE',  ( -0.7500000000000008900, -8.599999999999999600, 2.849999999999989400 ) ) ;
#6908 = AXIS2_PLACEMENT_3D ( 'NONE', #6907, #6906, #6905 ) ;
#6909 = PLANE ( 'NONE',  #6908 ) ;
#6910 =( GEOMETRIC_REPRESENTATION_CONTEXT ( 3 ) GLOBAL_UNCERTAINTY_ASSIGNED_CONTEXT ( ( #6911 ) ) GLOBAL_UNIT_ASSIGNED_CONTEXT ( ( #6914, #6913, #6912 ) ) REPRESENTATION_CONTEXT ( 'NONE', 'WORKASPACE' ) );
#6911 = UNCERTAINTY_MEASURE_WITH_UNIT (LENGTH_MEASURE( 1.000000000000000100E-005 ), #6914, 'distance_accuracy_value', 'NONE');
#6912 =( NAMED_UNIT ( * ) SI_UNIT ( $, .STERADIAN. ) SOLID_ANGLE_UNIT ( ) );
#6913 =( NAMED_UNIT ( * ) PLANE_ANGLE_UNIT ( ) SI_UNIT ( $, .RADIAN. ) );
#6914 =( LENGTH_UNIT ( ) NAMED_UNIT ( * ) SI_UNIT ( .MILLI., .METRE. ) );
#6915 = MECHANICAL_DESIGN_GEOMETRIC_PRESENTATION_REPRESENTATION (  '', ( #6917 ), #6910 ) ;
#6916 = PRESENTATION_LAYER_ASSIGNMENT (  '', '', ( #6917 ) ) ;
#6917 = STYLED_ITEM ( 'NONE', ( #6918 ), #1798 ) ;
#6918 = PRESENTATION_STYLE_ASSIGNMENT (( #6919 ) ) ;
#6919 = SURFACE_STYLE_USAGE ( .BOTH. , #6920 ) ;
#6920 = SURFACE_SIDE_STYLE ('',( #6921 ) ) ;
#6921 = SURFACE_STYLE_FILL_AREA ( #6922 ) ;
#6922 = FILL_AREA_STYLE ('',( #6929 ) ) ;
#6923 = COLOUR_RGB ( '',0.7529411764705882200, 0.7529411764705882200, 0.7529411764705882200 ) ;
#6924 = FACE_OUTER_BOUND ( 'NONE', #1799, .T. ) ;
#6925 = DIRECTION ( 'NONE',  ( -1.000000000000000000, 0.0000000000000000000, 0.0000000000000000000 ) ) ;
#6926 = VECTOR ( 'NONE', #6925, 1000.000000000000000 ) ;
#6927 = CARTESIAN_POINT ( 'NONE',  ( -0.7500000000000008900, -8.300000000000000700, -0.1000000000000107700 ) ) ;
#6928 = LINE ( 'NONE', #6927, #6926 ) ;
#6929 = FILL_AREA_STYLE_COLOUR ( '', #6923 ) ;
#6930 = UNCERTAINTY_MEASURE_WITH_UNIT (LENGTH_MEASURE( 1.000000000000000100E-005 ), #6933, 'distance_accuracy_value', 'NONE');
#6931 =( NAMED_UNIT ( * ) SI_UNIT ( $, .STERADIAN. ) SOLID_ANGLE_UNIT ( ) );
#6932 =( NAMED_UNIT ( * ) PLANE_ANGLE_UNIT ( ) SI_UNIT ( $, .RADIAN. ) );
#6933 =( LENGTH_UNIT ( ) NAMED_UNIT ( * ) SI_UNIT ( .MILLI., .METRE. ) );
#6934 = MECHANICAL_DESIGN_GEOMETRIC_PRESENTATION_REPRESENTATION (  '', ( #6936 ), #6987 ) ;
#6935 = PRESENTATION_LAYER_ASSIGNMENT (  '', '', ( #6936 ) ) ;
#6936 = STYLED_ITEM ( 'NONE', ( #6937 ), #1815 ) ;
#6937 = PRESENTATION_STYLE_ASSIGNMENT (( #6938 ) ) ;
#6938 = SURFACE_STYLE_USAGE ( .BOTH. , #6939 ) ;
#6939 = SURFACE_SIDE_STYLE ('',( #6940 ) ) ;
#6940 = SURFACE_STYLE_FILL_AREA ( #6941 ) ;
#6941 = FILL_AREA_STYLE ('',( #6948 ) ) ;
#6942 = COLOUR_RGB ( '',0.7529411764705882200, 0.7529411764705882200, 0.7529411764705882200 ) ;
#6943 = FACE_OUTER_BOUND ( 'NONE', #1737, .T. ) ;
#6944 = DIRECTION ( 'NONE',  ( -1.000000000000000000, 0.0000000000000000000, 0.0000000000000000000 ) ) ;
#6945 = VECTOR ( 'NONE', #6944, 1000.000000000000000 ) ;
#6946 = CARTESIAN_POINT ( 'NONE',  ( -0.7500000000000008900, -10.00000000000000000, 0.4999999999999890600 ) ) ;
#6947 = LINE ( 'NONE', #6946, #6945 ) ;
#6948 = FILL_AREA_STYLE_COLOUR ( '', #6942 ) ;
#6949 = CARTESIAN_POINT ( 'NONE',  ( -1.250000000000000900, -10.00000000000000000, 0.4999999999999890600 ) ) ;
#6950 = DIRECTION ( 'NONE',  ( 0.0000000000000000000, -1.000000000000000000, -7.744301232039316700E-017 ) ) ;
#6951 = VECTOR ( 'NONE', #6950, 1000.000000000000000 ) ;
#6952 = CARTESIAN_POINT ( 'NONE',  ( -1.250000000000000900, -8.599999999999999600, 0.4999999999999891800 ) ) ;
#6953 = LINE ( 'NONE', #6952, #6951 ) ;
#6954 = CARTESIAN_POINT ( 'NONE',  ( -0.7500000000000008900, -10.00000000000000000, 0.4999999999999890600 ) ) ;
#6955 = DIRECTION ( 'NONE',  ( 0.0000000000000000000, -1.000000000000000000, -7.744301232039316700E-017 ) ) ;
#6956 = VECTOR ( 'NONE', #6955, 1000.000000000000000 ) ;
#6957 = CARTESIAN_POINT ( 'NONE',  ( -0.7500000000000008900, -8.599999999999999600, 0.4999999999999891800 ) ) ;
#6958 = LINE ( 'NONE', #6957, #6956 ) ;
#6959 = CARTESIAN_POINT ( 'NONE',  ( -0.7500000000000008900, -10.00000000000000000, -0.1000000000000110000 ) ) ;
#6960 = CARTESIAN_POINT ( 'NONE',  ( -7.250000000000004400, -8.900000000000000400, 0.4999999999999856800 ) ) ;
#6961 = CARTESIAN_POINT ( 'NONE',  ( 14.00000000000000000, -7.200000000000000200, 2.400000000000000400 ) ) ;
#6962 = DIRECTION ( 'NONE',  ( 1.000000000000000000, 0.0000000000000000000, 0.0000000000000000000 ) ) ;
#6963 = VECTOR ( 'NONE', #6962, 1000.000000000000000 ) ;
#6964 = CARTESIAN_POINT ( 'NONE',  ( 12.90000000000000000, -7.200000000000000200, 2.400000000000000400 ) ) ;
#6965 = LINE ( 'NONE', #6964, #6963 ) ;
#6966 = CARTESIAN_POINT ( 'NONE',  ( 13.29999999999999900, -7.200000000000000200, 2.400000000000000400 ) ) ;
#6967 = DIRECTION ( 'NONE',  ( 0.0000000000000000000, 0.0000000000000000000, 1.000000000000000000 ) ) ;
#6968 = VECTOR ( 'NONE', #6967, 1000.000000000000000 ) ;
#6969 = CARTESIAN_POINT ( 'NONE',  ( 13.29999999999999900, -7.200000000000000200, 3.400000000000000400 ) ) ;
#6970 = LINE ( 'NONE', #6969, #6968 ) ;
#6971 = DIRECTION ( 'NONE',  ( 0.0000000000000000000, 0.0000000000000000000, 1.000000000000000000 ) ) ;
#6972 = DIRECTION ( 'NONE',  ( 0.0000000000000000000, 1.000000000000000000, 0.0000000000000000000 ) ) ;
#6973 = CARTESIAN_POINT ( 'NONE',  ( 12.90000000000000000, -7.200000000000000200, 3.400000000000000400 ) ) ;
#6974 = AXIS2_PLACEMENT_3D ( 'NONE', #6973, #6972, #6971 ) ;
#6975 = PLANE ( 'NONE',  #6974 ) ;
#6976 = FACE_OUTER_BOUND ( 'NONE', #1821, .T. ) ;
#6977 = DIRECTION ( 'NONE',  ( 0.0000000000000000000, 0.8253072612498314500, 0.5646839155919907100 ) ) ;
#6978 = VECTOR ( 'NONE', #6977, 1000.000000000000000 ) ;
#6979 = CARTESIAN_POINT ( 'NONE',  ( 14.00000000000000000, -5.300000000000002500, 4.700000000000000200 ) ) ;
#6980 = LINE ( 'NONE', #6979, #6978 ) ;
#6981 = CARTESIAN_POINT ( 'NONE',  ( 14.00000000000000000, -7.200000000000000200, 3.400000000000000400 ) ) ;
#6982 = DIRECTION ( 'NONE',  ( 0.0000000000000000000, -0.7071067811865510100, -0.7071067811865441300 ) ) ;
#6983 = DIRECTION ( 'NONE',  ( 0.0000000000000000000, -0.7071067811865441300, 0.7071067811865510100 ) ) ;
#6984 = CARTESIAN_POINT ( 'NONE',  ( -0.7500000000000008900, -8.300000000000000700, -0.1000000000000107700 ) ) ;
#6985 = AXIS2_PLACEMENT_3D ( 'NONE', #6984, #6983, #6982 ) ;
#6986 = PLANE ( 'NONE',  #6985 ) ;
#6987 =( GEOMETRIC_REPRESENTATION_CONTEXT ( 3 ) GLOBAL_UNCERTAINTY_ASSIGNED_CONTEXT ( ( #6930 ) ) GLOBAL_UNIT_ASSIGNED_CONTEXT ( ( #6933, #6932, #6931 ) ) REPRESENTATION_CONTEXT ( 'NONE', 'WORKASPACE' ) );
#6988 = DIRECTION ( 'NONE',  ( 0.0000000000000000000, 0.0000000000000000000, -1.000000000000000000 ) ) ;
#6989 = DIRECTION ( 'NONE',  ( 0.0000000000000000000, -1.000000000000000000, 0.0000000000000000000 ) ) ;
#6990 = CARTESIAN_POINT ( 'NONE',  ( -2.750000000000001300, -2.600000000000000500, 2.849999999999988100 ) ) ;
#6991 = AXIS2_PLACEMENT_3D ( 'NONE', #6990, #6989, #6988 ) ;
#6992 = PLANE ( 'NONE',  #6991 ) ;
#6993 =( GEOMETRIC_REPRESENTATION_CONTEXT ( 3 ) GLOBAL_UNCERTAINTY_ASSIGNED_CONTEXT ( ( #6994 ) ) GLOBAL_UNIT_ASSIGNED_CONTEXT ( ( #6997, #6996, #6995 ) ) REPRESENTATION_CONTEXT ( 'NONE', 'WORKASPACE' ) );
#6994 = UNCERTAINTY_MEASURE_WITH_UNIT (LENGTH_MEASURE( 1.000000000000000100E-005 ), #6997, 'distance_accuracy_value', 'NONE');
#6995 =( NAMED_UNIT ( * ) SI_UNIT ( $, .STERADIAN. ) SOLID_ANGLE_UNIT ( ) );
#6996 =( NAMED_UNIT ( * ) PLANE_ANGLE_UNIT ( ) SI_UNIT ( $, .RADIAN. ) );
#6997 =( LENGTH_UNIT ( ) NAMED_UNIT ( * ) SI_UNIT ( .MILLI., .METRE. ) );
#6998 = MECHANICAL_DESIGN_GEOMETRIC_PRESENTATION_REPRESENTATION (  '', ( #7000 ), #6993 ) ;
#6999 = PRESENTATION_LAYER_ASSIGNMENT (  '', '', ( #7000 ) ) ;
#7000 = STYLED_ITEM ( 'NONE', ( #7001 ), #1838 ) ;
#7001 = PRESENTATION_STYLE_ASSIGNMENT (( #7002 ) ) ;
#7002 = SURFACE_STYLE_USAGE ( .BOTH. , #7003 ) ;
#7003 = SURFACE_SIDE_STYLE ('',( #7004 ) ) ;
#7004 = SURFACE_STYLE_FILL_AREA ( #7005 ) ;
#7005 = FILL_AREA_STYLE ('',( #7012 ) ) ;
#7006 = COLOUR_RGB ( '',0.7529411764705882200, 0.7529411764705882200, 0.7529411764705882200 ) ;
#7007 = FACE_OUTER_BOUND ( 'NONE', #1839, .T. ) ;
#7008 = DIRECTION ( 'NONE',  ( 0.0000000000000000000, 0.0000000000000000000, 1.000000000000000000 ) ) ;
#7009 = VECTOR ( 'NONE', #7008, 1000.000000000000000 ) ;
#7010 = CARTESIAN_POINT ( 'NONE',  ( -14.00000000000000000, -5.300000000000002500, 5.700000000000000200 ) ) ;
#7011 = LINE ( 'NONE', #7010, #7009 ) ;
#7012 = FILL_AREA_STYLE_COLOUR ( '', #7006 ) ;
#7013 = DIRECTION ( 'NONE',  ( -1.000000000000000000, 0.0000000000000000000, 0.0000000000000000000 ) ) ;
#7014 = VECTOR ( 'NONE', #7013, 1000.000000000000000 ) ;
#7015 = CARTESIAN_POINT ( 'NONE',  ( 14.00000000000000000, -8.900000000000000400, 0.4999999999999856800 ) ) ;
#7016 = LINE ( 'NONE', #7015, #7014 ) ;
#7017 = UNCERTAINTY_MEASURE_WITH_UNIT (LENGTH_MEASURE( 1.000000000000000100E-005 ), #7020, 'distance_accuracy_value', 'NONE');
#7018 =( NAMED_UNIT ( * ) SI_UNIT ( $, .STERADIAN. ) SOLID_ANGLE_UNIT ( ) );
#7019 =( NAMED_UNIT ( * ) PLANE_ANGLE_UNIT ( ) SI_UNIT ( $, .RADIAN. ) );
#7020 =( LENGTH_UNIT ( ) NAMED_UNIT ( * ) SI_UNIT ( .MILLI., .METRE. ) );
#7021 = MECHANICAL_DESIGN_GEOMETRIC_PRESENTATION_REPRESENTATION (  '', ( #7023 ), #7077 ) ;
#7022 = PRESENTATION_LAYER_ASSIGNMENT (  '', '', ( #7023 ) ) ;
#7023 = STYLED_ITEM ( 'NONE', ( #7024 ), #1852 ) ;
#7024 = PRESENTATION_STYLE_ASSIGNMENT (( #7025 ) ) ;
#7025 = SURFACE_STYLE_USAGE ( .BOTH. , #7026 ) ;
#7026 = SURFACE_SIDE_STYLE ('',( #7027 ) ) ;
#7027 = SURFACE_STYLE_FILL_AREA ( #7028 ) ;
#7028 = FILL_AREA_STYLE ('',( #7035 ) ) ;
#7029 = COLOUR_RGB ( '',0.7529411764705882200, 0.7529411764705882200, 0.7529411764705882200 ) ;
#7030 = FACE_OUTER_BOUND ( 'NONE', #1792, .T. ) ;
#7031 = DIRECTION ( 'NONE',  ( 0.0000000000000000000, 0.0000000000000000000, -1.000000000000000000 ) ) ;
#7032 = VECTOR ( 'NONE', #7031, 1000.000000000000000 ) ;
#7033 = CARTESIAN_POINT ( 'NONE',  ( -1.250000000000000900, -10.00000000000000000, 0.4999999999999890600 ) ) ;
#7034 = LINE ( 'NONE', #7033, #7032 ) ;
#7035 = FILL_AREA_STYLE_COLOUR ( '', #7029 ) ;
#7036 = CARTESIAN_POINT ( 'NONE',  ( -2.750000000000001300, -2.600000000000000500, 2.349999999999988100 ) ) ;
#7037 = DIRECTION ( 'NONE',  ( 0.0000000000000000000, 0.0000000000000000000, 1.000000000000000000 ) ) ;
#7038 = VECTOR ( 'NONE', #7037, 1000.000000000000000 ) ;
#7039 = CARTESIAN_POINT ( 'NONE',  ( -2.750000000000001300, -2.600000000000000500, 2.849999999999988100 ) ) ;
#7040 = LINE ( 'NONE', #7039, #7038 ) ;
#7041 = CARTESIAN_POINT ( 'NONE',  ( -2.750000000000001300, -2.600000000000000500, 2.849999999999988100 ) ) ;
#7042 = DIRECTION ( 'NONE',  ( -1.000000000000000000, 0.0000000000000000000, 0.0000000000000000000 ) ) ;
#7043 = VECTOR ( 'NONE', #7042, 1000.000000000000000 ) ;
#7044 = CARTESIAN_POINT ( 'NONE',  ( -2.750000000000001300, -2.600000000000000500, 2.849999999999988100 ) ) ;
#7045 = LINE ( 'NONE', #7044, #7043 ) ;
#7046 = CARTESIAN_POINT ( 'NONE',  ( -3.250000000000001300, -2.600000000000000500, 2.849999999999988100 ) ) ;
#7047 = CARTESIAN_POINT ( 'NONE',  ( -3.250000000000001300, -2.600000000000000500, 2.349999999999988100 ) ) ;
#7048 = DIRECTION ( 'NONE',  ( 0.0000000000000000000, 0.0000000000000000000, 1.000000000000000000 ) ) ;
#7049 = VECTOR ( 'NONE', #7048, 1000.000000000000000 ) ;
#7050 = CARTESIAN_POINT ( 'NONE',  ( -3.250000000000001300, -2.600000000000000500, 2.849999999999988100 ) ) ;
#7051 = LINE ( 'NONE', #7050, #7049 ) ;
#7052 = DIRECTION ( 'NONE',  ( 0.0000000000000000000, 0.0000000000000000000, 1.000000000000000000 ) ) ;
#7053 = DIRECTION ( 'NONE',  ( -1.000000000000000000, 0.0000000000000000000, 0.0000000000000000000 ) ) ;
#7054 = CARTESIAN_POINT ( 'NONE',  ( 12.90000000000000000, -6.100000000000000500, -7.470098758316502100E-016 ) ) ;
#7055 = AXIS2_PLACEMENT_3D ( 'NONE', #7054, #7053, #7052 ) ;
#7056 = PLANE ( 'NONE',  #7055 ) ;
#7057 = FACE_OUTER_BOUND ( 'NONE', #1865, .T. ) ;
#7058 = DIRECTION ( 'NONE',  ( 0.0000000000000000000, -1.000000000000000000, -1.224606353822377500E-016 ) ) ;
#7059 = VECTOR ( 'NONE', #7058, 1000.000000000000000 ) ;
#7060 = CARTESIAN_POINT ( 'NONE',  ( 13.29999999999999900, -6.100000000000000500, 1.599999999999999400 ) ) ;
#7061 = LINE ( 'NONE', #7060, #7059 ) ;
#7062 = CARTESIAN_POINT ( 'NONE',  ( 13.29999999999999900, -6.100000000000000500, 1.599999999999999400 ) ) ;
#7063 = DIRECTION ( 'NONE',  ( 1.000000000000000000, 0.0000000000000000000, 0.0000000000000000000 ) ) ;
#7064 = VECTOR ( 'NONE', #7063, 1000.000000000000000 ) ;
#7065 = CARTESIAN_POINT ( 'NONE',  ( 14.00000000000000000, -6.100000000000000500, 1.599999999999999400 ) ) ;
#7066 = LINE ( 'NONE', #7065, #7064 ) ;
#7067 = CARTESIAN_POINT ( 'NONE',  ( 14.00000000000000000, -6.100000000000000500, 1.599999999999999400 ) ) ;
#7068 = DIRECTION ( 'NONE',  ( -1.000000000000000000, 0.0000000000000000000, 0.0000000000000000000 ) ) ;
#7069 = VECTOR ( 'NONE', #7068, 1000.000000000000000 ) ;
#7070 = CARTESIAN_POINT ( 'NONE',  ( -0.7500000000000008900, -10.00000000000000000, -0.1000000000000110000 ) ) ;
#7071 = LINE ( 'NONE', #7070, #7069 ) ;
#7072 = DIRECTION ( 'NONE',  ( 0.0000000000000000000, 0.0000000000000000000, 1.000000000000000000 ) ) ;
#7073 = DIRECTION ( 'NONE',  ( 0.0000000000000000000, 1.000000000000000000, 0.0000000000000000000 ) ) ;
#7074 = CARTESIAN_POINT ( 'NONE',  ( -0.7500000000000008900, -10.00000000000000000, 0.4999999999999890600 ) ) ;
#7075 = AXIS2_PLACEMENT_3D ( 'NONE', #7074, #7073, #7072 ) ;
#7076 = PLANE ( 'NONE',  #7075 ) ;
#7077 =( GEOMETRIC_REPRESENTATION_CONTEXT ( 3 ) GLOBAL_UNCERTAINTY_ASSIGNED_CONTEXT ( ( #7017 ) ) GLOBAL_UNIT_ASSIGNED_CONTEXT ( ( #7020, #7019, #7018 ) ) REPRESENTATION_CONTEXT ( 'NONE', 'WORKASPACE' ) );
#7078 = DIRECTION ( 'NONE',  ( -1.000000000000000000, 2.453990272072593400E-032, -2.003901306254803300E-016 ) ) ;
#7079 = VECTOR ( 'NONE', #7078, 1000.000000000000000 ) ;
#7080 = CARTESIAN_POINT ( 'NONE',  ( 14.00000000000000000, -6.100000000000000500, -5.265807321436217700E-016 ) ) ;
#7081 = LINE ( 'NONE', #7080, #7079 ) ;
#7082 = CARTESIAN_POINT ( 'NONE',  ( 14.00000000000000000, -6.100000000000000500, -5.265807321436217700E-016 ) ) ;
#7083 = DIRECTION ( 'NONE',  ( 0.0000000000000000000, 1.224606353822377500E-016, -1.000000000000000000 ) ) ;
#7084 = VECTOR ( 'NONE', #7083, 1000.000000000000000 ) ;
#7085 = CARTESIAN_POINT ( 'NONE',  ( 14.00000000000000000, -6.100000000000000500, -5.265807321436217700E-016 ) ) ;
#7086 = LINE ( 'NONE', #7085, #7084 ) ;
#7087 = CARTESIAN_POINT ( 'NONE',  ( 13.29999999999999900, -6.100000000000000500, -6.668538235814582700E-016 ) ) ;
#7088 = DIRECTION ( 'NONE',  ( 0.0000000000000000000, 0.0000000000000000000, -1.000000000000000000 ) ) ;
#7089 = VECTOR ( 'NONE', #7088, 1000.000000000000000 ) ;
#7090 = CARTESIAN_POINT ( 'NONE',  ( 13.29999999999999900, -6.099999999999999600, -0.1000000000000003400 ) ) ;
#7091 = LINE ( 'NONE', #7090, #7089 ) ;
#7092 = DIRECTION ( 'NONE',  ( 0.0000000000000000000, 1.224606353822377500E-016, -1.000000000000000000 ) ) ;
#7093 = DIRECTION ( 'NONE',  ( 0.0000000000000000000, -1.000000000000000000, -1.224606353822377500E-016 ) ) ;
#7094 = CARTESIAN_POINT ( 'NONE',  ( 14.00000000000000000, -6.100000000000000500, 1.599999999999999400 ) ) ;
#7095 = AXIS2_PLACEMENT_3D ( 'NONE', #7094, #7093, #7092 ) ;
#7096 = PLANE ( 'NONE',  #7095 ) ;
#7097 = FACE_OUTER_BOUND ( 'NONE', #1876, .T. ) ;
#7098 = DIRECTION ( 'NONE',  ( 0.0000000000000000000, -1.224606353822377300E-016, 1.000000000000000000 ) ) ;
#7099 = VECTOR ( 'NONE', #7098, 1000.000000000000000 ) ;
#7100 = CARTESIAN_POINT ( 'NONE',  ( 12.90000000000000000, 0.0000000000000000000, 0.0000000000000000000 ) ) ;
#7101 = LINE ( 'NONE', #7100, #7099 ) ;
#7102 = CARTESIAN_POINT ( 'NONE',  ( 12.90000000000000000, -7.347638122934266500E-017, 0.6000000000000003100 ) ) ;
#7103 = DIRECTION ( 'NONE',  ( 0.0000000000000000000, 1.000000000000000000, 1.224606353822377500E-016 ) ) ;
#7104 = VECTOR ( 'NONE', #7103, 1000.000000000000000 ) ;
#7105 = CARTESIAN_POINT ( 'NONE',  ( 12.90000000000000000, -6.100000000000000500, 0.5999999999999994200 ) ) ;
#7106 = LINE ( 'NONE', #7105, #7104 ) ;
#7107 = CARTESIAN_POINT ( 'NONE',  ( 12.90000000000000000, -3.299999999999999800, 0.5999999999999998700 ) ) ;
#7108 = DIRECTION ( 'NONE',  ( 0.0000000000000000000, 0.0000000000000000000, 1.000000000000000000 ) ) ;
#7109 = VECTOR ( 'NONE', #7108, 1000.000000000000000 ) ;
#7110 = CARTESIAN_POINT ( 'NONE',  ( 12.90000000000000000, -3.299999999999999800, 5.599999999999998800 ) ) ;
#7111 = LINE ( 'NONE', #7110, #7109 ) ;
#7112 = LINE ( 'NONE', #7176, #7175 ) ;
#7113 = CARTESIAN_POINT ( 'NONE',  ( 14.00000000000000000, -8.900000000000000400, 2.400000000000000400 ) ) ;
#7114 = DIRECTION ( 'NONE',  ( 1.000000000000000000, 0.0000000000000000000, 0.0000000000000000000 ) ) ;
#7115 = VECTOR ( 'NONE', #7114, 1000.000000000000000 ) ;
#7116 = CARTESIAN_POINT ( 'NONE',  ( 12.90000000000000000, -8.900000000000000400, 2.400000000000000400 ) ) ;
#7117 = LINE ( 'NONE', #7116, #7115 ) ;
#7118 = CARTESIAN_POINT ( 'NONE',  ( 13.29999999999999900, -8.900000000000000400, 2.400000000000000400 ) ) ;
#7119 = DIRECTION ( 'NONE',  ( 1.000000000000000000, 0.0000000000000000000, 0.0000000000000000000 ) ) ;
#7120 = VECTOR ( 'NONE', #7119, 1000.000000000000000 ) ;
#7121 = CARTESIAN_POINT ( 'NONE',  ( 12.90000000000000000, -7.200000000000000200, 3.400000000000000400 ) ) ;
#7122 = LINE ( 'NONE', #7121, #7120 ) ;
#7123 = DIRECTION ( 'NONE',  ( 0.0000000000000000000, 1.000000000000000000, 1.224606353822377500E-016 ) ) ;
#7124 = VECTOR ( 'NONE', #7123, 1000.000000000000000 ) ;
#7125 = CARTESIAN_POINT ( 'NONE',  ( 13.30000000000000100, -2.963547376250153100E-015, 1.599999999999999900 ) ) ;
#7126 = LINE ( 'NONE', #7125, #7124 ) ;
#7127 = CARTESIAN_POINT ( 'NONE',  ( 13.30000000000000100, -3.465635981317327900E-015, 1.600000000000000800 ) ) ;
#7128 = DIRECTION ( 'NONE',  ( 1.000000000000000000, 0.0000000000000000000, 0.0000000000000000000 ) ) ;
#7129 = VECTOR ( 'NONE', #7128, 1000.000000000000000 ) ;
#7130 = CARTESIAN_POINT ( 'NONE',  ( 14.00000000000000000, -1.959370166115803700E-016, 1.600000000000000100 ) ) ;
#7131 = LINE ( 'NONE', #7130, #7129 ) ;
#7132 = CARTESIAN_POINT ( 'NONE',  ( 12.90000000000000000, -1.959370166115803700E-016, 1.600000000000000100 ) ) ;
#7133 = DIRECTION ( 'NONE',  ( 0.0000000000000000000, 1.000000000000000000, 1.224606353822377500E-016 ) ) ;
#7134 = VECTOR ( 'NONE', #7133, 1000.000000000000000 ) ;
#7135 = CARTESIAN_POINT ( 'NONE',  ( 12.90000000000000000, -6.100000000000000500, 1.599999999999999400 ) ) ;
#7136 = LINE ( 'NONE', #7135, #7134 ) ;
#7137 = CARTESIAN_POINT ( 'NONE',  ( 13.29999999999999900, -3.299999999999999800, 1.599999999999999900 ) ) ;
#7138 = CARTESIAN_POINT ( 'NONE',  ( 12.90000000000000000, -3.300000000000000700, 1.599999999999999900 ) ) ;
#7139 = DIRECTION ( 'NONE',  ( 1.000000000000000000, 0.0000000000000000000, 0.0000000000000000000 ) ) ;
#7140 = VECTOR ( 'NONE', #7139, 1000.000000000000000 ) ;
#7141 = CARTESIAN_POINT ( 'NONE',  ( 14.00000000000000000, -3.299999999999999800, 1.599999999999999900 ) ) ;
#7142 = LINE ( 'NONE', #7141, #7140 ) ;
#7143 = DIRECTION ( 'NONE',  ( 0.0000000000000000000, 0.8253072612498314500, 0.5646839155919907100 ) ) ;
#7144 = VECTOR ( 'NONE', #7143, 1000.000000000000000 ) ;
#7145 = CARTESIAN_POINT ( 'NONE',  ( 13.29999999999999900, -5.300000000000002500, 4.700000000000000200 ) ) ;
#7146 = LINE ( 'NONE', #7145, #7144 ) ;
#7147 = DIRECTION ( 'NONE',  ( 0.0000000000000000000, 0.8253072612498313400, 0.5646839155919907100 ) ) ;
#7148 = DIRECTION ( 'NONE',  ( 0.0000000000000000000, 0.5646839155919907100, -0.8253072612498313400 ) ) ;
#7149 = CARTESIAN_POINT ( 'NONE',  ( 12.90000000000000000, -5.300000000000002500, 4.700000000000000200 ) ) ;
#7150 = AXIS2_PLACEMENT_3D ( 'NONE', #7149, #7148, #7147 ) ;
#7151 = PLANE ( 'NONE',  #7150 ) ;
#7152 = FACE_OUTER_BOUND ( 'NONE', #1919, .T. ) ;
#7153 = DIRECTION ( 'NONE',  ( 0.0000000000000000000, 0.0000000000000000000, 1.000000000000000000 ) ) ;
#7154 = VECTOR ( 'NONE', #7153, 1000.000000000000000 ) ;
#7155 = CARTESIAN_POINT ( 'NONE',  ( 12.90000000000000000, -5.300000000000002500, 5.700000000000000200 ) ) ;
#7156 = LINE ( 'NONE', #7155, #7154 ) ;
#7157 = CARTESIAN_POINT ( 'NONE',  ( 12.90000000000000000, -5.300000000000002500, 5.700000000000000200 ) ) ;
#7158 = DIRECTION ( 'NONE',  ( 1.000000000000000000, 0.0000000000000000000, 0.0000000000000000000 ) ) ;
#7159 = VECTOR ( 'NONE', #7158, 1000.000000000000000 ) ;
#7160 = CARTESIAN_POINT ( 'NONE',  ( 12.90000000000000000, -5.300000000000002500, 5.700000000000000200 ) ) ;
#7161 = LINE ( 'NONE', #7160, #7159 ) ;
#7162 = CARTESIAN_POINT ( 'NONE',  ( 14.00000000000000000, -5.300000000000002500, 5.700000000000000200 ) ) ;
#7163 = DIRECTION ( 'NONE',  ( 0.0000000000000000000, 0.0000000000000000000, 1.000000000000000000 ) ) ;
#7164 = VECTOR ( 'NONE', #7163, 1000.000000000000000 ) ;
#7165 = CARTESIAN_POINT ( 'NONE',  ( 14.00000000000000000, -5.300000000000002500, 5.700000000000000200 ) ) ;
#7166 = LINE ( 'NONE', #7165, #7164 ) ;
#7167 = CARTESIAN_POINT ( 'NONE',  ( 14.00000000000000000, -5.300000000000002500, 4.700000000000000200 ) ) ;
#7168 = DIRECTION ( 'NONE',  ( 0.0000000000000000000, 0.0000000000000000000, 1.000000000000000000 ) ) ;
#7169 = DIRECTION ( 'NONE',  ( -1.000000000000000000, 0.0000000000000000000, 0.0000000000000000000 ) ) ;
#7170 = CARTESIAN_POINT ( 'NONE',  ( 12.90000000000000000, -5.300000000000002500, 5.700000000000000200 ) ) ;
#7171 = AXIS2_PLACEMENT_3D ( 'NONE', #7170, #7169, #7168 ) ;
#7172 = PLANE ( 'NONE',  #7171 ) ;
#7173 = FACE_OUTER_BOUND ( 'NONE', #1829, .T. ) ;
#7174 = DIRECTION ( 'NONE',  ( 0.0000000000000000000, 1.000000000000000000, 0.0000000000000000000 ) ) ;
#7175 = VECTOR ( 'NONE', #7174, 1000.000000000000000 ) ;
#7176 = CARTESIAN_POINT ( 'NONE',  ( 14.00000000000000000, -7.200000000000000200, 2.400000000000000400 ) ) ;
#7177 = ORIENTED_EDGE ( 'NONE', *, *, #7182, .F. ) ;
#7178 = VERTEX_POINT ( 'NONE', #9309 ) ;
#7179 = ORIENTED_EDGE ( 'NONE', *, *, #7181, .F. ) ;
#7180 = VERTEX_POINT ( 'NONE', #9308 ) ;
#7181 = EDGE_CURVE ( 'NONE', #322, #7178, #9307, .T. ) ;
#7182 = EDGE_CURVE ( 'NONE', #7178, #7180, #9303, .T. ) ;
#7183 = ORIENTED_EDGE ( 'NONE', *, *, #7184, .T. ) ;
#7184 = EDGE_CURVE ( 'NONE', #98, #7180, #9299, .T. ) ;
#7185 = VERTEX_POINT ( 'NONE', #9295 ) ;
#7186 = ORIENTED_EDGE ( 'NONE', *, *, #1977, .F. ) ;
#7187 = EDGE_LOOP ( 'NONE', ( #7188, #7189, #7191, #7186, #2, #372, #373, #374, #375, #376 ) ) ;
#7188 = ORIENTED_EDGE ( 'NONE', *, *, #2643, .T. ) ;
#7189 = ORIENTED_EDGE ( 'NONE', *, *, #1911, .F. ) ;
#7190 = EDGE_LOOP ( 'NONE', ( #652, #654, #655, #657 ) ) ;
#7191 = ORIENTED_EDGE ( 'NONE', *, *, #1818, .F. ) ;
#7192 = ORIENTED_EDGE ( 'NONE', *, *, #2105, .T. ) ;
#7193 = EDGE_CURVE ( 'NONE', #2041, #7194, #9294, .T. ) ;
#7194 = VERTEX_POINT ( 'NONE', #9290 ) ;
#7195 = ORIENTED_EDGE ( 'NONE', *, *, #7193, .F. ) ;
#7196 = ORIENTED_EDGE ( 'NONE', *, *, #1261, .F. ) ;
#7197 = VERTEX_POINT ( 'NONE', #9353 ) ;
#7198 = ORIENTED_EDGE ( 'NONE', *, *, #7199, .F. ) ;
#7199 = EDGE_CURVE ( 'NONE', #7194, #7197, #9352, .T. ) ;
#7200 = EDGE_CURVE ( 'NONE', #325, #7197, #9348, .T. ) ;
#7201 = ORIENTED_EDGE ( 'NONE', *, *, #7200, .T. ) ;
#7202 = ORIENTED_EDGE ( 'NONE', *, *, #309, .T. ) ;
#7203 = VERTEX_POINT ( 'NONE', #9344 ) ;
#7204 = VERTEX_POINT ( 'NONE', #9343 ) ;
#7205 = ORIENTED_EDGE ( 'NONE', *, *, #71, .F. ) ;
#7206 = ORIENTED_EDGE ( 'NONE', *, *, #7208, .F. ) ;
#7207 = EDGE_CURVE ( 'NONE', #7204, #1871, #9342, .T. ) ;
#7208 = EDGE_CURVE ( 'NONE', #310, #7203, #9338, .T. ) ;
#7209 = ORIENTED_EDGE ( 'NONE', *, *, #7207, .F. ) ;
#7210 = VERTEX_POINT ( 'NONE', #9334 ) ;
#7211 = EDGE_CURVE ( 'NONE', #7210, #98, #9333, .T. ) ;
#7212 = ORIENTED_EDGE ( 'NONE', *, *, #7211, .T. ) ;
#7213 = EDGE_CURVE ( 'NONE', #323, #322, #9329, .T. ) ;
#7214 = ORIENTED_EDGE ( 'NONE', *, *, #2692, .F. ) ;
#7215 = ORIENTED_EDGE ( 'NONE', *, *, #9481, .F. ) ;
#7216 = ORIENTED_EDGE ( 'NONE', *, *, #7213, .F. ) ;
#7217 = VERTEX_POINT ( 'NONE', #9325 ) ;
#7218 = ORIENTED_EDGE ( 'NONE', *, *, #7219, .F. ) ;
#7219 = EDGE_CURVE ( 'NONE', #7217, #2693, #9324, .T. ) ;
#7220 = EDGE_CURVE ( 'NONE', #7223, #2731, #9383, .T. ) ;
#7221 = ORIENTED_EDGE ( 'NONE', *, *, #7220, .T. ) ;
#7222 = VERTEX_POINT ( 'NONE', #9379 ) ;
#7223 = VERTEX_POINT ( 'NONE', #9378 ) ;
#7224 = ORIENTED_EDGE ( 'NONE', *, *, #7226, .F. ) ;
#7225 = VERTEX_POINT ( 'NONE', #9377 ) ;
#7226 = EDGE_CURVE ( 'NONE', #7223, #7222, #9376, .T. ) ;
#7227 = ORIENTED_EDGE ( 'NONE', *, *, #9097, .F. ) ;
#7228 = VERTEX_POINT ( 'NONE', #9372 ) ;
#7229 = VERTEX_POINT ( 'NONE', #9371 ) ;
#7230 = VERTEX_POINT ( 'NONE', #9370 ) ;
#7231 = DIRECTION ( 'NONE',  ( 0.0000000000000000000, -1.000000000000000000, -1.224606353822377500E-016 ) ) ;
#7232 = DIRECTION ( 'NONE',  ( 0.0000000000000000000, -1.224606353822377500E-016, 1.000000000000000000 ) ) ;
#7233 = CARTESIAN_POINT ( 'NONE',  ( 14.00000000000000000, -6.100000000000000500, 1.599999999999999400 ) ) ;
#7234 = AXIS2_PLACEMENT_3D ( 'NONE', #7233, #7232, #7231 ) ;
#7235 = PLANE ( 'NONE',  #7234 ) ;
#7236 = FACE_OUTER_BOUND ( 'NONE', #1938, .T. ) ;
#7237 = DIRECTION ( 'NONE',  ( 0.0000000000000000000, 0.8253072612498314500, 0.5646839155919907100 ) ) ;
#7238 = VECTOR ( 'NONE', #7237, 1000.000000000000000 ) ;
#7239 = CARTESIAN_POINT ( 'NONE',  ( -14.00000000000000000, -5.300000000000002500, 4.700000000000000200 ) ) ;
#7240 = LINE ( 'NONE', #7239, #7238 ) ;
#7241 = CARTESIAN_POINT ( 'NONE',  ( -14.00000000000000000, -5.300000000000002500, 4.700000000000000200 ) ) ;
#7242 = DIRECTION ( 'NONE',  ( -1.000000000000000000, 0.0000000000000000000, 0.0000000000000000000 ) ) ;
#7243 = VECTOR ( 'NONE', #7242, 1000.000000000000000 ) ;
#7244 = CARTESIAN_POINT ( 'NONE',  ( -12.90000000000000000, -5.300000000000002500, 4.700000000000000200 ) ) ;
#7245 = LINE ( 'NONE', #7244, #7243 ) ;
#7246 = CARTESIAN_POINT ( 'NONE',  ( -13.29999999999999900, -5.300000000000002500, 4.700000000000000200 ) ) ;
#7247 = DIRECTION ( 'NONE',  ( 0.0000000000000000000, 0.8253072612498314500, 0.5646839155919907100 ) ) ;
#7248 = VECTOR ( 'NONE', #7247, 1000.000000000000000 ) ;
#7249 = CARTESIAN_POINT ( 'NONE',  ( -13.29999999999999900, -5.300000000000002500, 4.700000000000000200 ) ) ;
#7250 = LINE ( 'NONE', #7249, #7248 ) ;
#7251 = DIRECTION ( 'NONE',  ( 0.0000000000000000000, -0.8253072612498313400, -0.5646839155919907100 ) ) ;
#7252 = DIRECTION ( 'NONE',  ( 0.0000000000000000000, -0.5646839155919907100, 0.8253072612498313400 ) ) ;
#7253 = CARTESIAN_POINT ( 'NONE',  ( -12.90000000000000000, -5.300000000000002500, 4.700000000000000200 ) ) ;
#7254 = AXIS2_PLACEMENT_3D ( 'NONE', #7253, #7252, #7251 ) ;
#7255 = PLANE ( 'NONE',  #7254 ) ;
#7256 = FACE_OUTER_BOUND ( 'NONE', #1927, .T. ) ;
#7257 = DIRECTION ( 'NONE',  ( 0.0000000000000000000, 0.0000000000000000000, 1.000000000000000000 ) ) ;
#7258 = VECTOR ( 'NONE', #7257, 1000.000000000000000 ) ;
#7259 = CARTESIAN_POINT ( 'NONE',  ( -14.00000000000000000, -7.200000000000000200, 3.400000000000000400 ) ) ;
#7260 = LINE ( 'NONE', #7259, #7258 ) ;
#7261 = CARTESIAN_POINT ( 'NONE',  ( 13.29999999999999900, -7.200000000000000200, 3.400000000000000400 ) ) ;
#7262 = DIRECTION ( 'NONE',  ( 0.0000000000000000000, 0.0000000000000000000, 1.000000000000000000 ) ) ;
#7263 = DIRECTION ( 'NONE',  ( 0.0000000000000000000, 1.000000000000000000, 0.0000000000000000000 ) ) ;
#7264 = CARTESIAN_POINT ( 'NONE',  ( 3.799999999999999800, -4.600000000000001400, 4.549999999999998000 ) ) ;
#7265 = AXIS2_PLACEMENT_3D ( 'NONE', #7264, #7263, #7262 ) ;
#7266 = PLANE ( 'NONE',  #7265 ) ;
#7267 = FACE_OUTER_BOUND ( 'NONE', #1956, .T. ) ;
#7268 = DIRECTION ( 'NONE',  ( 0.0000000000000000000, -1.000000000000000000, 0.0000000000000000000 ) ) ;
#7269 = VECTOR ( 'NONE', #7268, 1000.000000000000000 ) ;
#7270 = CARTESIAN_POINT ( 'NONE',  ( -3.799999999999999800, -2.750000000000001800, 5.149999999999997700 ) ) ;
#7271 = LINE ( 'NONE', #7270, #7269 ) ;
#7272 = CARTESIAN_POINT ( 'NONE',  ( -3.799999999999999800, -2.750000000000001800, 5.149999999999997700 ) ) ;
#7273 = DIRECTION ( 'NONE',  ( -1.000000000000000000, 0.0000000000000000000, 0.0000000000000000000 ) ) ;
#7274 = VECTOR ( 'NONE', #7273, 1000.000000000000000 ) ;
#7275 = CARTESIAN_POINT ( 'NONE',  ( 3.799999999999999800, -2.750000000000001800, 5.149999999999997700 ) ) ;
#7276 = LINE ( 'NONE', #7275, #7274 ) ;
#7277 = CARTESIAN_POINT ( 'NONE',  ( -5.699999999999998400, -8.900000000000000400, 4.549999999999998000 ) ) ;
#7278 = DIRECTION ( 'NONE',  ( 0.0000000000000000000, 1.000000000000000000, 1.224606353822377300E-016 ) ) ;
#7279 = VECTOR ( 'NONE', #7278, 1000.000000000000000 ) ;
#7280 = CARTESIAN_POINT ( 'NONE',  ( -5.700000000000000200, -8.900000000000000400, 4.549999999999998000 ) ) ;
#7281 = LINE ( 'NONE', #7280, #7279 ) ;
#7282 = DIRECTION ( 'NONE',  ( 0.0000000000000000000, 1.000000000000000000, 1.224606353822377300E-016 ) ) ;
#7283 = VECTOR ( 'NONE', #7282, 1000.000000000000000 ) ;
#7284 = CARTESIAN_POINT ( 'NONE',  ( 5.700000000000000200, -8.900000000000000400, 4.549999999999998000 ) ) ;
#7285 = LINE ( 'NONE', #7284, #7283 ) ;
#7286 = DIRECTION ( 'NONE',  ( 0.0000000000000000000, -1.000000000000000000, 0.0000000000000000000 ) ) ;
#7287 = VECTOR ( 'NONE', #7286, 1000.000000000000000 ) ;
#7288 = CARTESIAN_POINT ( 'NONE',  ( -2.199999999999999700, 0.0000000000000000000, 4.549999999999998000 ) ) ;
#7289 = LINE ( 'NONE', #7288, #7287 ) ;
#7290 = DIRECTION ( 'NONE',  ( 0.0000000000000000000, 1.000000000000000000, 1.224606353822377500E-016 ) ) ;
#7291 = VECTOR ( 'NONE', #7290, 1000.000000000000000 ) ;
#7292 = CARTESIAN_POINT ( 'NONE',  ( 14.00000000000000000, -6.100000000000000500, 1.599999999999999400 ) ) ;
#7293 = LINE ( 'NONE', #7292, #7291 ) ;
#7294 = LINE ( 'NONE', #7360, #7359 ) ;
#7295 = DIRECTION ( 'NONE',  ( 1.000000000000000000, 0.0000000000000000000, 0.0000000000000000000 ) ) ;
#7296 = VECTOR ( 'NONE', #7295, 1000.000000000000000 ) ;
#7297 = CARTESIAN_POINT ( 'NONE',  ( 12.90000000000000000, -5.300000000000002500, 4.700000000000000200 ) ) ;
#7298 = LINE ( 'NONE', #7297, #7296 ) ;
#7299 = CARTESIAN_POINT ( 'NONE',  ( 13.29999999999999900, -5.300000000000002500, 4.700000000000000200 ) ) ;
#7300 = DIRECTION ( 'NONE',  ( 0.0000000000000000000, 0.0000000000000000000, 1.000000000000000000 ) ) ;
#7301 = VECTOR ( 'NONE', #7300, 1000.000000000000000 ) ;
#7302 = CARTESIAN_POINT ( 'NONE',  ( 13.29999999999999900, -5.300000000000002500, 5.700000000000000200 ) ) ;
#7303 = LINE ( 'NONE', #7302, #7301 ) ;
#7304 = CARTESIAN_POINT ( 'NONE',  ( 12.90000000000000000, -5.300000000000002500, 5.599999999999998800 ) ) ;
#7305 = CARTESIAN_POINT ( 'NONE',  ( 13.29999999999999900, -5.300000000000002500, 5.599999999999998800 ) ) ;
#7306 = DIRECTION ( 'NONE',  ( -1.000000000000000000, 0.0000000000000000000, 0.0000000000000000000 ) ) ;
#7307 = VECTOR ( 'NONE', #7306, 1000.000000000000000 ) ;
#7308 = CARTESIAN_POINT ( 'NONE',  ( 12.90000000000000000, -5.300000000000002500, 5.599999999999998800 ) ) ;
#7309 = LINE ( 'NONE', #7308, #7307 ) ;
#7310 = DIRECTION ( 'NONE',  ( 0.0000000000000000000, 0.0000000000000000000, 1.000000000000000000 ) ) ;
#7311 = DIRECTION ( 'NONE',  ( 0.0000000000000000000, 1.000000000000000000, 0.0000000000000000000 ) ) ;
#7312 = CARTESIAN_POINT ( 'NONE',  ( 12.90000000000000000, -5.300000000000002500, 5.700000000000000200 ) ) ;
#7313 = AXIS2_PLACEMENT_3D ( 'NONE', #7312, #7311, #7310 ) ;
#7314 = PLANE ( 'NONE',  #7313 ) ;
#7315 = FACE_OUTER_BOUND ( 'NONE', #1886, .T. ) ;
#7316 = CARTESIAN_POINT ( 'NONE',  ( -14.00000000000000000, -7.200000000000000200, 3.400000000000000400 ) ) ;
#7317 = DIRECTION ( 'NONE',  ( 0.0000000000000000000, 0.0000000000000000000, -1.000000000000000000 ) ) ;
#7318 = VECTOR ( 'NONE', #7317, 1000.000000000000000 ) ;
#7319 = CARTESIAN_POINT ( 'NONE',  ( -2.199999999999999700, -4.600000000000001400, 5.149999999999998600 ) ) ;
#7320 = LINE ( 'NONE', #7319, #7318 ) ;
#7321 = CARTESIAN_POINT ( 'NONE',  ( -3.799999999999999800, -4.600000000000001400, 4.549999999999998000 ) ) ;
#7322 = CARTESIAN_POINT ( 'NONE',  ( -2.199999999999999700, -4.600000000000001400, 4.549999999999998000 ) ) ;
#7323 = DIRECTION ( 'NONE',  ( -1.000000000000000000, 0.0000000000000000000, 0.0000000000000000000 ) ) ;
#7324 = VECTOR ( 'NONE', #7323, 1000.000000000000000 ) ;
#7325 = CARTESIAN_POINT ( 'NONE',  ( 3.799999999999999800, -4.600000000000001400, 4.549999999999998000 ) ) ;
#7326 = LINE ( 'NONE', #7325, #7324 ) ;
#7327 = FACE_BOUND ( 'NONE', #2010, .T. ) ;
#7328 = FACE_BOUND ( 'NONE', #1997, .T. ) ;
#7329 = FACE_OUTER_BOUND ( 'NONE', #1993, .T. ) ;
#7330 = DIRECTION ( 'NONE',  ( 0.0000000000000000000, 0.0000000000000000000, 1.000000000000000000 ) ) ;
#7331 = VECTOR ( 'NONE', #7330, 1000.000000000000000 ) ;
#7332 = CARTESIAN_POINT ( 'NONE',  ( -3.799999999999999800, -2.750000000000001800, 4.549999999999998000 ) ) ;
#7333 = LINE ( 'NONE', #7332, #7331 ) ;
#7334 = CARTESIAN_POINT ( 'NONE',  ( -3.799999999999999400, -2.750000000000000900, 4.549999999999998900 ) ) ;
#7335 = DIRECTION ( 'NONE',  ( -1.000000000000000000, 0.0000000000000000000, 0.0000000000000000000 ) ) ;
#7336 = VECTOR ( 'NONE', #7335, 1000.000000000000000 ) ;
#7337 = CARTESIAN_POINT ( 'NONE',  ( 3.799999999999999800, -2.750000000000001800, 4.549999999999998000 ) ) ;
#7338 = LINE ( 'NONE', #7337, #7336 ) ;
#7339 = CARTESIAN_POINT ( 'NONE',  ( -2.199999999999999700, -2.750000000000001800, 4.549999999999998000 ) ) ;
#7340 = DIRECTION ( 'NONE',  ( 0.0000000000000000000, 0.0000000000000000000, -1.000000000000000000 ) ) ;
#7341 = VECTOR ( 'NONE', #7340, 1000.000000000000000 ) ;
#7342 = CARTESIAN_POINT ( 'NONE',  ( -2.200000000000000200, -2.750000000000001800, 4.549999999999998000 ) ) ;
#7343 = LINE ( 'NONE', #7342, #7341 ) ;
#7344 = DIRECTION ( 'NONE',  ( 0.0000000000000000000, 1.000000000000000000, 1.521687259628779000E-016 ) ) ;
#7345 = VECTOR ( 'NONE', #7344, 1000.000000000000000 ) ;
#7346 = CARTESIAN_POINT ( 'NONE',  ( 13.29999999999999900, -6.099999999999999600, 2.399999999999999000 ) ) ;
#7347 = LINE ( 'NONE', #7346, #7345 ) ;
#7348 = DIRECTION ( 'NONE',  ( -1.000000000000000000, 0.0000000000000000000, 0.0000000000000000000 ) ) ;
#7349 = DIRECTION ( 'NONE',  ( 0.0000000000000000000, 0.0000000000000000000, -1.000000000000000000 ) ) ;
#7350 = CARTESIAN_POINT ( 'NONE',  ( 12.90000000000000000, -7.200000000000000200, 2.400000000000000400 ) ) ;
#7351 = AXIS2_PLACEMENT_3D ( 'NONE', #7350, #7349, #7348 ) ;
#7352 = PLANE ( 'NONE',  #7351 ) ;
#7353 = FACE_OUTER_BOUND ( 'NONE', #1980, .T. ) ;
#7354 = DIRECTION ( 'NONE',  ( 0.0000000000000000000, 0.0000000000000000000, 1.000000000000000000 ) ) ;
#7355 = VECTOR ( 'NONE', #7354, 1000.000000000000000 ) ;
#7356 = CARTESIAN_POINT ( 'NONE',  ( 14.00000000000000000, -7.200000000000000200, 3.400000000000000400 ) ) ;
#7357 = LINE ( 'NONE', #7356, #7355 ) ;
#7358 = DIRECTION ( 'NONE',  ( -1.000000000000000000, 0.0000000000000000000, 0.0000000000000000000 ) ) ;
#7359 = VECTOR ( 'NONE', #7358, 1000.000000000000000 ) ;
#7360 = CARTESIAN_POINT ( 'NONE',  ( -12.90000000000000000, -7.200000000000000200, 3.400000000000000400 ) ) ;
#7361 = LINE ( 'NONE', #7425, #7424 ) ;
#7362 = CARTESIAN_POINT ( 'NONE',  ( 12.90000000000000000, -8.900000000000000400, 5.599999999999998800 ) ) ;
#7363 = DIRECTION ( 'NONE',  ( -1.000000000000000000, 0.0000000000000000000, 0.0000000000000000000 ) ) ;
#7364 = VECTOR ( 'NONE', #7363, 1000.000000000000000 ) ;
#7365 = CARTESIAN_POINT ( 'NONE',  ( 3.799999999999999800, -4.600000000000001400, 4.549999999999998000 ) ) ;
#7366 = LINE ( 'NONE', #7365, #7364 ) ;
#7367 = CARTESIAN_POINT ( 'NONE',  ( 3.799999999999999800, -4.600000000000001400, 4.549999999999998000 ) ) ;
#7368 = DIRECTION ( 'NONE',  ( 0.0000000000000000000, 1.000000000000000000, 0.0000000000000000000 ) ) ;
#7369 = VECTOR ( 'NONE', #7368, 1000.000000000000000 ) ;
#7370 = CARTESIAN_POINT ( 'NONE',  ( 3.799999999999999800, -2.750000000000001800, 4.549999999999998000 ) ) ;
#7371 = LINE ( 'NONE', #7370, #7369 ) ;
#7372 = CARTESIAN_POINT ( 'NONE',  ( 3.799999999999999800, -2.750000000000001800, 4.549999999999998000 ) ) ;
#7373 = DIRECTION ( 'NONE',  ( -1.000000000000000000, 0.0000000000000000000, 0.0000000000000000000 ) ) ;
#7374 = VECTOR ( 'NONE', #7373, 1000.000000000000000 ) ;
#7375 = CARTESIAN_POINT ( 'NONE',  ( 3.799999999999999800, -2.750000000000001800, 4.549999999999998000 ) ) ;
#7376 = LINE ( 'NONE', #7375, #7374 ) ;
#7377 = CARTESIAN_POINT ( 'NONE',  ( 2.200000000000000200, -4.600000000000001400, 4.550000000000000700 ) ) ;
#7378 = CARTESIAN_POINT ( 'NONE',  ( 2.200000000000001100, -2.750000000000001800, 4.549999999999998000 ) ) ;
#7379 = DIRECTION ( 'NONE',  ( 0.0000000000000000000, -1.000000000000000000, 0.0000000000000000000 ) ) ;
#7380 = VECTOR ( 'NONE', #7379, 1000.000000000000000 ) ;
#7381 = CARTESIAN_POINT ( 'NONE',  ( 2.200000000000000200, 0.0000000000000000000, 4.550000000000000700 ) ) ;
#7382 = LINE ( 'NONE', #7381, #7380 ) ;
#7383 = DIRECTION ( 'NONE',  ( -1.000000000000000000, 0.0000000000000000000, 0.0000000000000000000 ) ) ;
#7384 = VECTOR ( 'NONE', #7383, 1000.000000000000000 ) ;
#7385 = CARTESIAN_POINT ( 'NONE',  ( 5.700000000000000200, -8.900000000000000400, 4.549999999999998000 ) ) ;
#7386 = LINE ( 'NONE', #7385, #7384 ) ;
#7387 = CARTESIAN_POINT ( 'NONE',  ( 5.700000000000000200, -8.900000000000000400, 4.549999999999998000 ) ) ;
#7388 = DIRECTION ( 'NONE',  ( 0.0000000000000000000, 1.000000000000000000, 1.224606353822377300E-016 ) ) ;
#7389 = DIRECTION ( 'NONE',  ( 0.0000000000000000000, 1.224606353822377300E-016, -1.000000000000000000 ) ) ;
#7390 = CARTESIAN_POINT ( 'NONE',  ( 5.700000000000000200, -8.900000000000000400, 4.549999999999998000 ) ) ;
#7391 = AXIS2_PLACEMENT_3D ( 'NONE', #7390, #7389, #7388 ) ;
#7392 = PLANE ( 'NONE',  #7391 ) ;
#7393 = DIRECTION ( 'NONE',  ( 0.0000000000000000000, -1.000000000000000000, -2.409338161078900700E-016 ) ) ;
#7394 = VECTOR ( 'NONE', #7393, 1000.000000000000000 ) ;
#7395 = CARTESIAN_POINT ( 'NONE',  ( -12.90000000000000000, -8.900000000000000400, 5.699999999999999300 ) ) ;
#7396 = LINE ( 'NONE', #7395, #7394 ) ;
#7397 = CARTESIAN_POINT ( 'NONE',  ( -10.75000000000000000, -8.900000000000000400, 0.0000000000000000000 ) ) ;
#7398 = DIRECTION ( 'NONE',  ( 0.0000000000000000000, 0.0000000000000000000, -1.000000000000000000 ) ) ;
#7399 = VECTOR ( 'NONE', #7398, 1000.000000000000000 ) ;
#7400 = CARTESIAN_POINT ( 'NONE',  ( -10.75000000000000000, -8.900000000000000400, 5.699999999999999300 ) ) ;
#7401 = LINE ( 'NONE', #7400, #7399 ) ;
#7402 = DIRECTION ( 'NONE',  ( 0.0000000000000000000, -1.000000000000000000, 0.0000000000000000000 ) ) ;
#7403 = VECTOR ( 'NONE', #7402, 1000.000000000000000 ) ;
#7404 = CARTESIAN_POINT ( 'NONE',  ( -2.199999999999999700, 0.0000000000000000000, 5.149999999999998600 ) ) ;
#7405 = LINE ( 'NONE', #7404, #7403 ) ;
#7406 = CARTESIAN_POINT ( 'NONE',  ( -3.799999999999999800, -4.600000000000001400, 5.149999999999997700 ) ) ;
#7407 = CARTESIAN_POINT ( 'NONE',  ( -2.199999999999999700, -4.600000000000001400, 5.149999999999998600 ) ) ;
#7408 = DIRECTION ( 'NONE',  ( -1.000000000000000000, 0.0000000000000000000, 0.0000000000000000000 ) ) ;
#7409 = VECTOR ( 'NONE', #7408, 1000.000000000000000 ) ;
#7410 = CARTESIAN_POINT ( 'NONE',  ( 3.799999999999999800, -4.600000000000001400, 5.149999999999997700 ) ) ;
#7411 = LINE ( 'NONE', #7410, #7409 ) ;
#7412 = DIRECTION ( 'NONE',  ( -1.000000000000000000, 0.0000000000000000000, 0.0000000000000000000 ) ) ;
#7413 = DIRECTION ( 'NONE',  ( 0.0000000000000000000, 0.0000000000000000000, -1.000000000000000000 ) ) ;
#7414 = CARTESIAN_POINT ( 'NONE',  ( 3.799999999999999800, -2.750000000000001800, 5.149999999999997700 ) ) ;
#7415 = AXIS2_PLACEMENT_3D ( 'NONE', #7414, #7413, #7412 ) ;
#7416 = PLANE ( 'NONE',  #7415 ) ;
#7417 = FACE_OUTER_BOUND ( 'NONE', #2018, .T. ) ;
#7418 = DIRECTION ( 'NONE',  ( 0.0000000000000000000, 0.0000000000000000000, -1.000000000000000000 ) ) ;
#7419 = VECTOR ( 'NONE', #7418, 1000.000000000000000 ) ;
#7420 = CARTESIAN_POINT ( 'NONE',  ( 12.90000000000000000, -8.900000000000000400, 2.400000000000000400 ) ) ;
#7421 = LINE ( 'NONE', #7420, #7419 ) ;
#7422 = CARTESIAN_POINT ( 'NONE',  ( 12.90000000000000000, -8.900000000000000400, 5.699999999999999300 ) ) ;
#7423 = DIRECTION ( 'NONE',  ( 0.0000000000000000000, -1.000000000000000000, -2.409338161078900700E-016 ) ) ;
#7424 = VECTOR ( 'NONE', #7423, 1000.000000000000000 ) ;
#7425 = CARTESIAN_POINT ( 'NONE',  ( 12.90000000000000000, -8.900000000000000400, 5.699999999999999300 ) ) ;
#7426 = DIRECTION ( 'NONE',  ( 0.0000000000000000000, 1.000000000000000000, 1.221636250687892700E-016 ) ) ;
#7427 = DIRECTION ( 'NONE',  ( 0.0000000000000000000, 1.221636250687892700E-016, -1.000000000000000000 ) ) ;
#7428 = CARTESIAN_POINT ( 'NONE',  ( 14.00000000000000000, -1.800000000000001200, 5.700000000000000200 ) ) ;
#7429 = AXIS2_PLACEMENT_3D ( 'NONE', #7428, #7427, #7426 ) ;
#7430 = PLANE ( 'NONE',  #7429 ) ;
#7431 = FACE_OUTER_BOUND ( 'NONE', #2106, .T. ) ;
#7432 = DIRECTION ( 'NONE',  ( 0.0000000000000000000, 0.0000000000000000000, -1.000000000000000000 ) ) ;
#7433 = VECTOR ( 'NONE', #7432, 1000.000000000000000 ) ;
#7434 = CARTESIAN_POINT ( 'NONE',  ( -7.250000000000004400, -8.900000000000000400, 5.699999999999999300 ) ) ;
#7435 = LINE ( 'NONE', #7434, #7433 ) ;
#7436 = DIRECTION ( 'NONE',  ( -1.000000000000000000, 0.0000000000000000000, 0.0000000000000000000 ) ) ;
#7437 = VECTOR ( 'NONE', #7436, 1000.000000000000000 ) ;
#7438 = CARTESIAN_POINT ( 'NONE',  ( -12.90000000000000000, -5.300000000000002500, 5.700000000000000200 ) ) ;
#7439 = LINE ( 'NONE', #7438, #7437 ) ;
#7440 = DIRECTION ( 'NONE',  ( 0.0000000000000000000, 1.000000000000000000, 0.0000000000000000000 ) ) ;
#7441 = VECTOR ( 'NONE', #7440, 1000.000000000000000 ) ;
#7442 = CARTESIAN_POINT ( 'NONE',  ( -3.799999999999999800, -2.750000000000001800, 4.549999999999998000 ) ) ;
#7443 = LINE ( 'NONE', #7442, #7441 ) ;
#7444 = CARTESIAN_POINT ( 'NONE',  ( -7.250000000000004400, -8.900000000000000400, 0.0000000000000000000 ) ) ;
#7445 = CARTESIAN_POINT ( 'NONE',  ( -8.750000000000001800, -8.900000000000000400, 0.4999999999999848500 ) ) ;
#7446 = CARTESIAN_POINT ( 'NONE',  ( -9.250000000000000000, -8.900000000000000400, 0.4999999999999848500 ) ) ;
#7447 = DIRECTION ( 'NONE',  ( -1.000000000000000000, 0.0000000000000000000, 0.0000000000000000000 ) ) ;
#7448 = VECTOR ( 'NONE', #7447, 1000.000000000000000 ) ;
#7449 = CARTESIAN_POINT ( 'NONE',  ( 14.00000000000000000, -8.900000000000000400, 0.0000000000000000000 ) ) ;
#7450 = LINE ( 'NONE', #7449, #7448 ) ;
#7451 = CARTESIAN_POINT ( 'NONE',  ( -10.75000000000000000, -8.900000000000000400, 0.4999999999999839600 ) ) ;
#7452 = DIRECTION ( 'NONE',  ( -1.000000000000000000, 0.0000000000000000000, 0.0000000000000000000 ) ) ;
#7453 = VECTOR ( 'NONE', #7452, 1000.000000000000000 ) ;
#7454 = CARTESIAN_POINT ( 'NONE',  ( 14.00000000000000000, -8.900000000000000400, 0.4999999999999839600 ) ) ;
#7455 = LINE ( 'NONE', #7454, #7453 ) ;
#7456 = CARTESIAN_POINT ( 'NONE',  ( -10.85000000000000000, -8.900000000000000400, 5.699999999999997500 ) ) ;
#7457 =( NAMED_UNIT ( * ) PLANE_ANGLE_UNIT ( ) SI_UNIT ( $, .RADIAN. ) );
#7458 = DIRECTION ( 'NONE',  ( 0.0000000000000000000, -1.000000000000000000, 0.0000000000000000000 ) ) ;
#7459 = VECTOR ( 'NONE', #7458, 1000.000000000000000 ) ;
#7460 = CARTESIAN_POINT ( 'NONE',  ( 12.90000000000000000, -5.300000000000002500, 5.599999999999998800 ) ) ;
#7461 = LINE ( 'NONE', #7460, #7459 ) ;
#7462 = CARTESIAN_POINT ( 'NONE',  ( -8.749999999999998200, -8.900000000000000400, 0.0000000000000000000 ) ) ;
#7463 = DIRECTION ( 'NONE',  ( 0.0000000000000000000, 0.0000000000000000000, -1.000000000000000000 ) ) ;
#7464 = VECTOR ( 'NONE', #7463, 1000.000000000000000 ) ;
#7465 = CARTESIAN_POINT ( 'NONE',  ( -9.250000000000000000, -8.900000000000000400, 5.699999999999999300 ) ) ;
#7466 = LINE ( 'NONE', #7465, #7464 ) ;
#7467 = DIRECTION ( 'NONE',  ( 0.0000000000000000000, 0.0000000000000000000, 1.000000000000000000 ) ) ;
#7468 = DIRECTION ( 'NONE',  ( 0.0000000000000000000, 1.000000000000000000, 0.0000000000000000000 ) ) ;
#7469 = CARTESIAN_POINT ( 'NONE',  ( 14.00000000000000000, -8.900000000000000400, 5.699999999999999300 ) ) ;
#7470 = AXIS2_PLACEMENT_3D ( 'NONE', #7469, #7468, #7467 ) ;
#7471 = PLANE ( 'NONE',  #7470 ) ;
#7472 = FACE_OUTER_BOUND ( 'NONE', #2058, .T. ) ;
#7473 = DIRECTION ( 'NONE',  ( 0.0000000000000000000, 0.0000000000000000000, -1.000000000000000000 ) ) ;
#7474 = VECTOR ( 'NONE', #7473, 1000.000000000000000 ) ;
#7475 = CARTESIAN_POINT ( 'NONE',  ( -8.749999999999998200, -8.900000000000000400, 5.699999999999999300 ) ) ;
#7476 = LINE ( 'NONE', #7475, #7474 ) ;
#7477 = DIRECTION ( 'NONE',  ( 0.0000000000000000000, -1.000000000000000000, -1.221636250687892700E-016 ) ) ;
#7478 = VECTOR ( 'NONE', #7477, 1000.000000000000000 ) ;
#7479 = CARTESIAN_POINT ( 'NONE',  ( -14.00000000000000000, -1.800000000000001200, 5.700000000000000200 ) ) ;
#7480 = LINE ( 'NONE', #7479, #7478 ) ;
#7481 = DIRECTION ( 'NONE',  ( -1.000000000000000000, 0.0000000000000000000, 0.0000000000000000000 ) ) ;
#7482 = VECTOR ( 'NONE', #7481, 1000.000000000000000 ) ;
#7483 = CARTESIAN_POINT ( 'NONE',  ( 14.00000000000000000, -8.900000000000000400, 0.4999999999999848500 ) ) ;
#7484 = LINE ( 'NONE', #7483, #7482 ) ;
#7485 = CARTESIAN_POINT ( 'NONE',  ( -9.250000000000000000, -8.900000000000000400, 0.0000000000000000000 ) ) ;
#7486 = CARTESIAN_POINT ( 'NONE',  ( -11.25000000000000200, -8.900000000000000400, 0.4999999999999839600 ) ) ;
#7487 = DIRECTION ( 'NONE',  ( -1.000000000000000000, 0.0000000000000000000, 0.0000000000000000000 ) ) ;
#7488 = VECTOR ( 'NONE', #7487, 1000.000000000000000 ) ;
#7489 = CARTESIAN_POINT ( 'NONE',  ( 14.00000000000000000, -8.900000000000000400, 5.699999999999999300 ) ) ;
#7490 = LINE ( 'NONE', #7489, #7488 ) ;
#7491 = UNCERTAINTY_MEASURE_WITH_UNIT (LENGTH_MEASURE( 1.000000000000000100E-005 ), #7494, 'distance_accuracy_value', 'NONE');
#7492 =( NAMED_UNIT ( * ) SI_UNIT ( $, .STERADIAN. ) SOLID_ANGLE_UNIT ( ) );
#7493 =( NAMED_UNIT ( * ) PLANE_ANGLE_UNIT ( ) SI_UNIT ( $, .RADIAN. ) );
#7494 =( LENGTH_UNIT ( ) NAMED_UNIT ( * ) SI_UNIT ( .MILLI., .METRE. ) );
#7495 = MECHANICAL_DESIGN_GEOMETRIC_PRESENTATION_REPRESENTATION (  '', ( #7497 ), #7544 ) ;
#7496 = PRESENTATION_LAYER_ASSIGNMENT (  '', '', ( #7497 ) ) ;
#7497 = STYLED_ITEM ( 'NONE', ( #7498 ), #2073 ) ;
#7498 = PRESENTATION_STYLE_ASSIGNMENT (( #7499 ) ) ;
#7499 = SURFACE_STYLE_USAGE ( .BOTH. , #7500 ) ;
#7500 = SURFACE_SIDE_STYLE ('',( #7501 ) ) ;
#7501 = SURFACE_STYLE_FILL_AREA ( #7502 ) ;
#7502 = FILL_AREA_STYLE ('',( #7509 ) ) ;
#7503 = COLOUR_RGB ( '',0.7529411764705882200, 0.7529411764705882200, 0.7529411764705882200 ) ;
#7504 = FACE_OUTER_BOUND ( 'NONE', #2074, .T. ) ;
#7505 = DIRECTION ( 'NONE',  ( 0.0000000000000000000, 1.000000000000000000, 8.340016711426957800E-017 ) ) ;
#7506 = VECTOR ( 'NONE', #7505, 1000.000000000000000 ) ;
#7507 = CARTESIAN_POINT ( 'NONE',  ( -2.750000000000001300, -2.600000000000000500, 2.349999999999988100 ) ) ;
#7508 = LINE ( 'NONE', #7507, #7506 ) ;
#7509 = FILL_AREA_STYLE_COLOUR ( '', #7503 ) ;
#7510 = DIRECTION ( 'NONE',  ( 0.0000000000000000000, 0.0000000000000000000, -1.000000000000000000 ) ) ;
#7511 = DIRECTION ( 'NONE',  ( 0.0000000000000000000, -1.000000000000000000, 0.0000000000000000000 ) ) ;
#7512 = CARTESIAN_POINT ( 'NONE',  ( 3.799999999999999800, -2.750000000000001800, 4.549999999999998000 ) ) ;
#7513 = AXIS2_PLACEMENT_3D ( 'NONE', #7512, #7511, #7510 ) ;
#7514 = PLANE ( 'NONE',  #7513 ) ;
#7515 = FACE_OUTER_BOUND ( 'NONE', #1964, .T. ) ;
#7516 = DIRECTION ( 'NONE',  ( 0.0000000000000000000, 0.0000000000000000000, -1.000000000000000000 ) ) ;
#7517 = VECTOR ( 'NONE', #7516, 1000.000000000000000 ) ;
#7518 = CARTESIAN_POINT ( 'NONE',  ( -3.799999999999999800, -4.600000000000001400, 4.549999999999998000 ) ) ;
#7519 = LINE ( 'NONE', #7518, #7517 ) ;
#7520 = CARTESIAN_POINT ( 'NONE',  ( -2.750000000000001300, -2.600000000000000500, 2.349999999999988100 ) ) ;
#7521 = AXIS2_PLACEMENT_3D ( 'NONE', #7520, #7572, #7571 ) ;
#7522 = PLANE ( 'NONE',  #7521 ) ;
#7523 =( GEOMETRIC_REPRESENTATION_CONTEXT ( 3 ) GLOBAL_UNCERTAINTY_ASSIGNED_CONTEXT ( ( #7524 ) ) GLOBAL_UNIT_ASSIGNED_CONTEXT ( ( #7527, #7526, #7525 ) ) REPRESENTATION_CONTEXT ( 'NONE', 'WORKASPACE' ) );
#7524 = UNCERTAINTY_MEASURE_WITH_UNIT (LENGTH_MEASURE( 1.000000000000000100E-005 ), #7527, 'distance_accuracy_value', 'NONE');
#7525 =( NAMED_UNIT ( * ) SI_UNIT ( $, .STERADIAN. ) SOLID_ANGLE_UNIT ( ) );
#7526 =( NAMED_UNIT ( * ) PLANE_ANGLE_UNIT ( ) SI_UNIT ( $, .RADIAN. ) );
#7527 =( LENGTH_UNIT ( ) NAMED_UNIT ( * ) SI_UNIT ( .MILLI., .METRE. ) );
#7528 = MECHANICAL_DESIGN_GEOMETRIC_PRESENTATION_REPRESENTATION (  '', ( #7530 ), #7523 ) ;
#7529 = PRESENTATION_LAYER_ASSIGNMENT (  '', '', ( #7530 ) ) ;
#7530 = STYLED_ITEM ( 'NONE', ( #7531 ), #2079 ) ;
#7531 = PRESENTATION_STYLE_ASSIGNMENT (( #7532 ) ) ;
#7532 = SURFACE_STYLE_USAGE ( .BOTH. , #7533 ) ;
#7533 = SURFACE_SIDE_STYLE ('',( #7534 ) ) ;
#7534 = SURFACE_STYLE_FILL_AREA ( #7535 ) ;
#7535 = FILL_AREA_STYLE ('',( #7542 ) ) ;
#7536 = COLOUR_RGB ( '',0.7529411764705882200, 0.7529411764705882200, 0.7529411764705882200 ) ;
#7537 = FACE_OUTER_BOUND ( 'NONE', #2080, .T. ) ;
#7538 = DIRECTION ( 'NONE',  ( -1.000000000000000000, 0.0000000000000000000, 0.0000000000000000000 ) ) ;
#7539 = DIRECTION ( 'NONE',  ( 0.0000000000000000000, 0.0000000000000000000, -1.000000000000000000 ) ) ;
#7540 = CARTESIAN_POINT ( 'NONE',  ( -2.750000000000001300, -8.599999999999999600, 2.849999999999988100 ) ) ;
#7541 = AXIS2_PLACEMENT_3D ( 'NONE', #7540, #7539, #7538 ) ;
#7542 = FILL_AREA_STYLE_COLOUR ( '', #7536 ) ;
#7543 = PLANE ( 'NONE',  #7541 ) ;
#7544 =( GEOMETRIC_REPRESENTATION_CONTEXT ( 3 ) GLOBAL_UNCERTAINTY_ASSIGNED_CONTEXT ( ( #7491 ) ) GLOBAL_UNIT_ASSIGNED_CONTEXT ( ( #7494, #7493, #7492 ) ) REPRESENTATION_CONTEXT ( 'NONE', 'WORKASPACE' ) );
#7545 = LINE ( 'NONE', #7600, #7599 ) ;
#7546 = DIRECTION ( 'NONE',  ( 0.0000000000000000000, 0.0000000000000000000, -1.000000000000000000 ) ) ;
#7547 = DIRECTION ( 'NONE',  ( 1.000000000000000000, 0.0000000000000000000, 0.0000000000000000000 ) ) ;
#7548 = CARTESIAN_POINT ( 'NONE',  ( -3.250000000000001300, -8.599999999999999600, 2.849999999999988100 ) ) ;
#7549 = AXIS2_PLACEMENT_3D ( 'NONE', #7548, #7547, #7546 ) ;
#7550 = PLANE ( 'NONE',  #7549 ) ;
#7551 =( GEOMETRIC_REPRESENTATION_CONTEXT ( 3 ) GLOBAL_UNCERTAINTY_ASSIGNED_CONTEXT ( ( #7552 ) ) GLOBAL_UNIT_ASSIGNED_CONTEXT ( ( #7555, #7554, #7553 ) ) REPRESENTATION_CONTEXT ( 'NONE', 'WORKASPACE' ) );
#7552 = UNCERTAINTY_MEASURE_WITH_UNIT (LENGTH_MEASURE( 1.000000000000000100E-005 ), #7555, 'distance_accuracy_value', 'NONE');
#7553 =( NAMED_UNIT ( * ) SI_UNIT ( $, .STERADIAN. ) SOLID_ANGLE_UNIT ( ) );
#7554 =( NAMED_UNIT ( * ) PLANE_ANGLE_UNIT ( ) SI_UNIT ( $, .RADIAN. ) );
#7555 =( LENGTH_UNIT ( ) NAMED_UNIT ( * ) SI_UNIT ( .MILLI., .METRE. ) );
#7556 = MECHANICAL_DESIGN_GEOMETRIC_PRESENTATION_REPRESENTATION (  '', ( #7558 ), #7551 ) ;
#7557 = PRESENTATION_LAYER_ASSIGNMENT (  '', '', ( #7558 ) ) ;
#7558 = STYLED_ITEM ( 'NONE', ( #7559 ), #2083 ) ;
#7559 = PRESENTATION_STYLE_ASSIGNMENT (( #7560 ) ) ;
#7560 = SURFACE_STYLE_USAGE ( .BOTH. , #7561 ) ;
#7561 = SURFACE_SIDE_STYLE ('',( #7562 ) ) ;
#7562 = SURFACE_STYLE_FILL_AREA ( #7563 ) ;
#7563 = FILL_AREA_STYLE ('',( #7570 ) ) ;
#7564 = COLOUR_RGB ( '',0.7529411764705882200, 0.7529411764705882200, 0.7529411764705882200 ) ;
#7565 = FACE_OUTER_BOUND ( 'NONE', #2084, .T. ) ;
#7566 = DIRECTION ( 'NONE',  ( -1.000000000000000000, 0.0000000000000000000, 0.0000000000000000000 ) ) ;
#7567 = VECTOR ( 'NONE', #7566, 1000.000000000000000 ) ;
#7568 = CARTESIAN_POINT ( 'NONE',  ( -2.750000000000001300, -2.600000000000000500, 2.349999999999988100 ) ) ;
#7569 = LINE ( 'NONE', #7568, #7567 ) ;
#7570 = FILL_AREA_STYLE_COLOUR ( '', #7564 ) ;
#7571 = DIRECTION ( 'NONE',  ( 0.0000000000000000000, -1.000000000000000000, -8.340016711426957800E-017 ) ) ;
#7572 = DIRECTION ( 'NONE',  ( 0.0000000000000000000, -8.340016711426957800E-017, 1.000000000000000000 ) ) ;
#7573 = DIRECTION ( 'NONE',  ( 0.0000000000000000000, 0.0000000000000000000, -1.000000000000000000 ) ) ;
#7574 = DIRECTION ( 'NONE',  ( 1.000000000000000000, 0.0000000000000000000, 0.0000000000000000000 ) ) ;
#7575 = CARTESIAN_POINT ( 'NONE',  ( -2.750000000000001300, -8.599999999999999600, 2.849999999999988100 ) ) ;
#7576 = AXIS2_PLACEMENT_3D ( 'NONE', #7575, #7574, #7573 ) ;
#7577 = PLANE ( 'NONE',  #7576 ) ;
#7578 =( GEOMETRIC_REPRESENTATION_CONTEXT ( 3 ) GLOBAL_UNCERTAINTY_ASSIGNED_CONTEXT ( ( #7579 ) ) GLOBAL_UNIT_ASSIGNED_CONTEXT ( ( #7582, #7581, #7580 ) ) REPRESENTATION_CONTEXT ( 'NONE', 'WORKASPACE' ) );
#7579 = UNCERTAINTY_MEASURE_WITH_UNIT (LENGTH_MEASURE( 1.000000000000000100E-005 ), #7582, 'distance_accuracy_value', 'NONE');
#7580 =( NAMED_UNIT ( * ) SI_UNIT ( $, .STERADIAN. ) SOLID_ANGLE_UNIT ( ) );
#7581 =( NAMED_UNIT ( * ) PLANE_ANGLE_UNIT ( ) SI_UNIT ( $, .RADIAN. ) );
#7582 =( LENGTH_UNIT ( ) NAMED_UNIT ( * ) SI_UNIT ( .MILLI., .METRE. ) );
#7583 = MECHANICAL_DESIGN_GEOMETRIC_PRESENTATION_REPRESENTATION (  '', ( #7585 ), #7578 ) ;
#7584 = PRESENTATION_LAYER_ASSIGNMENT (  '', '', ( #7585 ) ) ;
#7585 = STYLED_ITEM ( 'NONE', ( #7586 ), #2091 ) ;
#7586 = PRESENTATION_STYLE_ASSIGNMENT (( #7587 ) ) ;
#7587 = SURFACE_STYLE_USAGE ( .BOTH. , #7588 ) ;
#7588 = SURFACE_SIDE_STYLE ('',( #7589 ) ) ;
#7589 = SURFACE_STYLE_FILL_AREA ( #7590 ) ;
#7590 = FILL_AREA_STYLE ('',( #7597 ) ) ;
#7591 = COLOUR_RGB ( '',0.7529411764705882200, 0.7529411764705882200, 0.7529411764705882200 ) ;
#7592 = FACE_OUTER_BOUND ( 'NONE', #2092, .T. ) ;
#7593 = DIRECTION ( 'NONE',  ( 0.0000000000000000000, 1.000000000000000000, 8.340016711426957800E-017 ) ) ;
#7594 = VECTOR ( 'NONE', #7593, 1000.000000000000000 ) ;
#7595 = CARTESIAN_POINT ( 'NONE',  ( -3.250000000000001300, -2.600000000000000500, 2.349999999999988100 ) ) ;
#7596 = LINE ( 'NONE', #7595, #7594 ) ;
#7597 = FILL_AREA_STYLE_COLOUR ( '', #7591 ) ;
#7598 = DIRECTION ( 'NONE',  ( 0.0000000000000000000, -1.000000000000000000, 0.0000000000000000000 ) ) ;
#7599 = VECTOR ( 'NONE', #7598, 1000.000000000000000 ) ;
#7600 = CARTESIAN_POINT ( 'NONE',  ( -3.250000000000001300, -8.599999999999999600, 2.849999999999988100 ) ) ;
#7601 = UNCERTAINTY_MEASURE_WITH_UNIT (LENGTH_MEASURE( 1.000000000000000100E-005 ), #7604, 'distance_accuracy_value', 'NONE');
#7602 =( NAMED_UNIT ( * ) SI_UNIT ( $, .STERADIAN. ) SOLID_ANGLE_UNIT ( ) );
#7603 =( NAMED_UNIT ( * ) PLANE_ANGLE_UNIT ( ) SI_UNIT ( $, .RADIAN. ) );
#7604 =( LENGTH_UNIT ( ) NAMED_UNIT ( * ) SI_UNIT ( .MILLI., .METRE. ) );
#7605 = MECHANICAL_DESIGN_GEOMETRIC_PRESENTATION_REPRESENTATION (  '', ( #7607 ), #7664 ) ;
#7606 = PRESENTATION_LAYER_ASSIGNMENT (  '', '', ( #7607 ) ) ;
#7607 = STYLED_ITEM ( 'NONE', ( #7608 ), #2109 ) ;
#7608 = PRESENTATION_STYLE_ASSIGNMENT (( #7609 ) ) ;
#7609 = SURFACE_STYLE_USAGE ( .BOTH. , #7610 ) ;
#7610 = SURFACE_SIDE_STYLE ('',( #7611 ) ) ;
#7611 = SURFACE_STYLE_FILL_AREA ( #7612 ) ;
#7612 = FILL_AREA_STYLE ('',( #7619 ) ) ;
#7613 = COLOUR_RGB ( '',0.7529411764705882200, 0.7529411764705882200, 0.7529411764705882200 ) ;
#7614 = FACE_OUTER_BOUND ( 'NONE', #2110, .T. ) ;
#7615 = DIRECTION ( 'NONE',  ( 0.0000000000000000000, 1.000000000000000000, 1.224606353822377300E-016 ) ) ;
#7616 = VECTOR ( 'NONE', #7615, 1000.000000000000000 ) ;
#7617 = CARTESIAN_POINT ( 'NONE',  ( -10.85000000000000000, -8.900000000000000400, 5.699999999999997500 ) ) ;
#7618 = LINE ( 'NONE', #7617, #7616 ) ;
#7619 = FILL_AREA_STYLE_COLOUR ( '', #7613 ) ;
#7620 = DIRECTION ( 'NONE',  ( -1.000000000000000000, 0.0000000000000000000, 0.0000000000000000000 ) ) ;
#7621 = VECTOR ( 'NONE', #7620, 1000.000000000000000 ) ;
#7622 = CARTESIAN_POINT ( 'NONE',  ( 14.00000000000000000, -8.900000000000000400, 0.0000000000000000000 ) ) ;
#7623 = LINE ( 'NONE', #7622, #7621 ) ;
#7624 = CARTESIAN_POINT ( 'NONE',  ( -12.90000000000000000, -8.900000000000000400, 5.699999999999999300 ) ) ;
#7625 = CARTESIAN_POINT ( 'NONE',  ( -14.00000000000000000, -5.300000000000001600, 5.700000000000000200 ) ) ;
#7626 = CARTESIAN_POINT ( 'NONE',  ( -12.90000000000000000, -5.300000000000002500, 5.700000000000000200 ) ) ;
#7627 = CARTESIAN_POINT ( 'NONE',  ( -13.29999999999999900, -7.200000000000000200, 3.400000000000000400 ) ) ;
#7628 = DIRECTION ( 'NONE',  ( 0.0000000000000000000, 0.0000000000000000000, 1.000000000000000000 ) ) ;
#7629 = VECTOR ( 'NONE', #7628, 1000.000000000000000 ) ;
#7630 = CARTESIAN_POINT ( 'NONE',  ( -13.29999999999999900, -7.200000000000000200, 3.400000000000000400 ) ) ;
#7631 = LINE ( 'NONE', #7630, #7629 ) ;
#7632 = CARTESIAN_POINT ( 'NONE',  ( -6.750000000000004400, -8.900000000000000400, 0.4999999999999856800 ) ) ;
#7633 = DIRECTION ( 'NONE',  ( 0.0000000000000000000, -1.000000000000000000, 0.0000000000000000000 ) ) ;
#7634 = VECTOR ( 'NONE', #7633, 1000.000000000000000 ) ;
#7635 = CARTESIAN_POINT ( 'NONE',  ( -2.750000000000001300, -8.599999999999999600, 2.849999999999988100 ) ) ;
#7636 = LINE ( 'NONE', #7635, #7634 ) ;
#7637 =( NAMED_UNIT ( * ) PLANE_ANGLE_UNIT ( ) SI_UNIT ( $, .RADIAN. ) );
#7638 =( LENGTH_UNIT ( ) NAMED_UNIT ( * ) SI_UNIT ( .MILLI., .METRE. ) );
#7639 = MECHANICAL_DESIGN_GEOMETRIC_PRESENTATION_REPRESENTATION (  '', ( #7641 ), #7689 ) ;
#7640 = PRESENTATION_LAYER_ASSIGNMENT (  '', '', ( #7641 ) ) ;
#7641 = STYLED_ITEM ( 'NONE', ( #7642 ), #2120 ) ;
#7642 = PRESENTATION_STYLE_ASSIGNMENT (( #7643 ) ) ;
#7643 = SURFACE_STYLE_USAGE ( .BOTH. , #7644 ) ;
#7644 = SURFACE_SIDE_STYLE ('',( #7645 ) ) ;
#7645 = SURFACE_STYLE_FILL_AREA ( #7646 ) ;
#7646 = FILL_AREA_STYLE ('',( #7653 ) ) ;
#7647 = COLOUR_RGB ( '',0.7529411764705882200, 0.7529411764705882200, 0.7529411764705882200 ) ;
#7648 = FACE_OUTER_BOUND ( 'NONE', #2121, .T. ) ;
#7649 = DIRECTION ( 'NONE',  ( 0.0000000000000000000, 1.000000000000000000, 1.275531967630005200E-016 ) ) ;
#7650 = VECTOR ( 'NONE', #7649, 1000.000000000000000 ) ;
#7651 = CARTESIAN_POINT ( 'NONE',  ( -2.750000000000001300, -8.300000000000000700, -0.1000000000000118700 ) ) ;
#7652 = LINE ( 'NONE', #7651, #7650 ) ;
#7653 = FILL_AREA_STYLE_COLOUR ( '', #7647 ) ;
#7654 = CARTESIAN_POINT ( 'NONE',  ( -2.750000000000001300, -10.00000000000000000, -0.1000000000000120900 ) ) ;
#7655 = DIRECTION ( 'NONE',  ( 0.0000000000000000000, 0.0000000000000000000, -1.000000000000000000 ) ) ;
#7656 = VECTOR ( 'NONE', #7655, 1000.000000000000000 ) ;
#7657 = CARTESIAN_POINT ( 'NONE',  ( -2.750000000000001300, -10.00000000000000000, 0.4999999999999879500 ) ) ;
#7658 = LINE ( 'NONE', #7657, #7656 ) ;
#7659 = DIRECTION ( 'NONE',  ( 0.0000000000000000000, 0.0000000000000000000, -1.000000000000000000 ) ) ;
#7660 = DIRECTION ( 'NONE',  ( 1.000000000000000000, 0.0000000000000000000, 0.0000000000000000000 ) ) ;
#7661 = CARTESIAN_POINT ( 'NONE',  ( -2.750000000000001300, -8.599999999999999600, 2.849999999999988100 ) ) ;
#7662 = AXIS2_PLACEMENT_3D ( 'NONE', #7661, #7660, #7659 ) ;
#7663 = PLANE ( 'NONE',  #7662 ) ;
#7664 =( GEOMETRIC_REPRESENTATION_CONTEXT ( 3 ) GLOBAL_UNCERTAINTY_ASSIGNED_CONTEXT ( ( #7601 ) ) GLOBAL_UNIT_ASSIGNED_CONTEXT ( ( #7604, #7603, #7602 ) ) REPRESENTATION_CONTEXT ( 'NONE', 'WORKASPACE' ) );
#7665 = UNCERTAINTY_MEASURE_WITH_UNIT (LENGTH_MEASURE( 1.000000000000000100E-005 ), #7668, 'distance_accuracy_value', 'NONE');
#7666 =( NAMED_UNIT ( * ) SI_UNIT ( $, .STERADIAN. ) SOLID_ANGLE_UNIT ( ) );
#7667 =( NAMED_UNIT ( * ) PLANE_ANGLE_UNIT ( ) SI_UNIT ( $, .RADIAN. ) );
#7668 =( LENGTH_UNIT ( ) NAMED_UNIT ( * ) SI_UNIT ( .MILLI., .METRE. ) );
#7669 = MECHANICAL_DESIGN_GEOMETRIC_PRESENTATION_REPRESENTATION (  '', ( #7671 ), #7723 ) ;
#7670 = PRESENTATION_LAYER_ASSIGNMENT (  '', '', ( #7671 ) ) ;
#7671 = STYLED_ITEM ( 'NONE', ( #7672 ), #2125 ) ;
#7672 = PRESENTATION_STYLE_ASSIGNMENT (( #7673 ) ) ;
#7673 = SURFACE_STYLE_USAGE ( .BOTH. , #7674 ) ;
#7674 = SURFACE_SIDE_STYLE ('',( #7675 ) ) ;
#7675 = SURFACE_STYLE_FILL_AREA ( #7676 ) ;
#7676 = FILL_AREA_STYLE ('',( #7683 ) ) ;
#7677 = COLOUR_RGB ( '',0.7529411764705882200, 0.7529411764705882200, 0.7529411764705882200 ) ;
#7678 = FACE_OUTER_BOUND ( 'NONE', #2126, .T. ) ;
#7679 = DIRECTION ( 'NONE',  ( -1.000000000000000000, 0.0000000000000000000, 0.0000000000000000000 ) ) ;
#7680 = VECTOR ( 'NONE', #7679, 1000.000000000000000 ) ;
#7681 = CARTESIAN_POINT ( 'NONE',  ( -2.750000000000001300, -10.00000000000000000, 0.4999999999999879500 ) ) ;
#7682 = LINE ( 'NONE', #7681, #7680 ) ;
#7683 = FILL_AREA_STYLE_COLOUR ( '', #7677 ) ;
#7684 = DIRECTION ( 'NONE',  ( 0.0000000000000000000, 0.0000000000000000000, -1.000000000000000000 ) ) ;
#7685 = DIRECTION ( 'NONE',  ( 1.000000000000000000, 0.0000000000000000000, 0.0000000000000000000 ) ) ;
#7686 = CARTESIAN_POINT ( 'NONE',  ( -3.250000000000001300, -8.599999999999999600, 2.849999999999988100 ) ) ;
#7687 = AXIS2_PLACEMENT_3D ( 'NONE', #7686, #7685, #7684 ) ;
#7688 = PLANE ( 'NONE',  #7687 ) ;
#7689 =( GEOMETRIC_REPRESENTATION_CONTEXT ( 3 ) GLOBAL_UNCERTAINTY_ASSIGNED_CONTEXT ( ( #7690 ) ) GLOBAL_UNIT_ASSIGNED_CONTEXT ( ( #7638, #7637, #7691 ) ) REPRESENTATION_CONTEXT ( 'NONE', 'WORKASPACE' ) );
#7690 = UNCERTAINTY_MEASURE_WITH_UNIT (LENGTH_MEASURE( 1.000000000000000100E-005 ), #7638, 'distance_accuracy_value', 'NONE');
#7691 =( NAMED_UNIT ( * ) SI_UNIT ( $, .STERADIAN. ) SOLID_ANGLE_UNIT ( ) );
#7692 =( LENGTH_UNIT ( ) NAMED_UNIT ( * ) SI_UNIT ( .MILLI., .METRE. ) );
#7693 = MECHANICAL_DESIGN_GEOMETRIC_PRESENTATION_REPRESENTATION (  '', ( #7695 ), #7752 ) ;
#7694 = PRESENTATION_LAYER_ASSIGNMENT (  '', '', ( #7695 ) ) ;
#7695 = STYLED_ITEM ( 'NONE', ( #7696 ), #2140 ) ;
#7696 = PRESENTATION_STYLE_ASSIGNMENT (( #7697 ) ) ;
#7697 = SURFACE_STYLE_USAGE ( .BOTH. , #7698 ) ;
#7698 = SURFACE_SIDE_STYLE ('',( #7699 ) ) ;
#7699 = SURFACE_STYLE_FILL_AREA ( #7700 ) ;
#7700 = FILL_AREA_STYLE ('',( #7707 ) ) ;
#7701 = COLOUR_RGB ( '',0.7529411764705882200, 0.7529411764705882200, 0.7529411764705882200 ) ;
#7702 = FACE_OUTER_BOUND ( 'NONE', #2141, .T. ) ;
#7703 = DIRECTION ( 'NONE',  ( -1.000000000000000000, 0.0000000000000000000, 0.0000000000000000000 ) ) ;
#7704 = VECTOR ( 'NONE', #7703, 1000.000000000000000 ) ;
#7705 = CARTESIAN_POINT ( 'NONE',  ( -2.750000000000001300, -8.300000000000000700, -0.1000000000000118700 ) ) ;
#7706 = LINE ( 'NONE', #7705, #7704 ) ;
#7707 = FILL_AREA_STYLE_COLOUR ( '', #7701 ) ;
#7708 = CARTESIAN_POINT ( 'NONE',  ( -2.750000000000001300, -8.300000000000000700, -0.1000000000000118700 ) ) ;
#7709 = DIRECTION ( 'NONE',  ( 0.0000000000000000000, 0.7071067811865510100, 0.7071067811865441300 ) ) ;
#7710 = VECTOR ( 'NONE', #7709, 999.9999999999998900 ) ;
#7711 = CARTESIAN_POINT ( 'NONE',  ( -2.750000000000001300, -8.300000000000000700, -0.1000000000000118700 ) ) ;
#7712 = LINE ( 'NONE', #7711, #7710 ) ;
#7713 = CARTESIAN_POINT ( 'NONE',  ( -3.250000000000001300, -8.300000000000000700, -0.1000000000000118700 ) ) ;
#7714 = DIRECTION ( 'NONE',  ( 0.0000000000000000000, 0.7071067811865510100, 0.7071067811865441300 ) ) ;
#7715 = VECTOR ( 'NONE', #7714, 999.9999999999998900 ) ;
#7716 = CARTESIAN_POINT ( 'NONE',  ( -3.250000000000001300, -8.300000000000000700, -0.1000000000000118700 ) ) ;
#7717 = LINE ( 'NONE', #7716, #7715 ) ;
#7718 = DIRECTION ( 'NONE',  ( 0.0000000000000000000, -0.7071067811865510100, -0.7071067811865441300 ) ) ;
#7719 = DIRECTION ( 'NONE',  ( 0.0000000000000000000, -0.7071067811865441300, 0.7071067811865510100 ) ) ;
#7720 = CARTESIAN_POINT ( 'NONE',  ( -2.750000000000001300, -8.300000000000000700, -0.1000000000000118700 ) ) ;
#7721 = AXIS2_PLACEMENT_3D ( 'NONE', #7720, #7719, #7718 ) ;
#7722 = PLANE ( 'NONE',  #7721 ) ;
#7723 =( GEOMETRIC_REPRESENTATION_CONTEXT ( 3 ) GLOBAL_UNCERTAINTY_ASSIGNED_CONTEXT ( ( #7665 ) ) GLOBAL_UNIT_ASSIGNED_CONTEXT ( ( #7668, #7667, #7666 ) ) REPRESENTATION_CONTEXT ( 'NONE', 'WORKASPACE' ) );
#7724 = DIRECTION ( 'NONE',  ( -1.000000000000000000, 0.0000000000000000000, 0.0000000000000000000 ) ) ;
#7725 = VECTOR ( 'NONE', #7724, 1000.000000000000000 ) ;
#7726 = CARTESIAN_POINT ( 'NONE',  ( -4.750000000000000900, -2.600000000000000500, 2.849999999999987200 ) ) ;
#7727 = LINE ( 'NONE', #7726, #7725 ) ;
#7728 = CARTESIAN_POINT ( 'NONE',  ( -5.250000000000000900, -2.600000000000000500, 2.849999999999987200 ) ) ;
#7729 = DIRECTION ( 'NONE',  ( 0.0000000000000000000, 0.0000000000000000000, 1.000000000000000000 ) ) ;
#7730 = VECTOR ( 'NONE', #7729, 1000.000000000000000 ) ;
#7731 = CARTESIAN_POINT ( 'NONE',  ( -5.250000000000000900, -2.600000000000000500, 2.849999999999987200 ) ) ;
#7732 = LINE ( 'NONE', #7731, #7730 ) ;
#7733 = DIRECTION ( 'NONE',  ( 0.0000000000000000000, 1.000000000000000000, 8.340016711426957800E-017 ) ) ;
#7734 = VECTOR ( 'NONE', #7733, 1000.000000000000000 ) ;
#7735 = CARTESIAN_POINT ( 'NONE',  ( -4.750000000000000900, -2.600000000000000500, 2.349999999999987200 ) ) ;
#7736 = LINE ( 'NONE', #7735, #7734 ) ;
#7737 = CARTESIAN_POINT ( 'NONE',  ( -3.250000000000001300, -10.00000000000000000, 0.4999999999999879500 ) ) ;
#7738 = DIRECTION ( 'NONE',  ( 0.0000000000000000000, -1.000000000000000000, -7.744301232039316700E-017 ) ) ;
#7739 = VECTOR ( 'NONE', #7738, 1000.000000000000000 ) ;
#7740 = CARTESIAN_POINT ( 'NONE',  ( -3.250000000000001300, -8.599999999999999600, 0.4999999999999880700 ) ) ;
#7741 = LINE ( 'NONE', #7740, #7739 ) ;
#7742 = CARTESIAN_POINT ( 'NONE',  ( -2.750000000000001300, -10.00000000000000000, 0.4999999999999879500 ) ) ;
#7743 = DIRECTION ( 'NONE',  ( 0.0000000000000000000, -1.000000000000000000, -7.744301232039316700E-017 ) ) ;
#7744 = VECTOR ( 'NONE', #7743, 1000.000000000000000 ) ;
#7745 = CARTESIAN_POINT ( 'NONE',  ( -2.750000000000001300, -8.599999999999999600, 0.4999999999999880700 ) ) ;
#7746 = LINE ( 'NONE', #7745, #7744 ) ;
#7747 = DIRECTION ( 'NONE',  ( 0.0000000000000000000, 1.000000000000000000, 7.744301232039316700E-017 ) ) ;
#7748 = DIRECTION ( 'NONE',  ( 0.0000000000000000000, 7.744301232039316700E-017, -1.000000000000000000 ) ) ;
#7749 = CARTESIAN_POINT ( 'NONE',  ( -2.750000000000001300, -8.599999999999999600, 0.4999999999999880700 ) ) ;
#7750 = AXIS2_PLACEMENT_3D ( 'NONE', #7749, #7748, #7747 ) ;
#7751 = PLANE ( 'NONE',  #7750 ) ;
#7752 =( GEOMETRIC_REPRESENTATION_CONTEXT ( 3 ) GLOBAL_UNCERTAINTY_ASSIGNED_CONTEXT ( ( #6675 ) ) GLOBAL_UNIT_ASSIGNED_CONTEXT ( ( #7692, #7457, #6450 ) ) REPRESENTATION_CONTEXT ( 'NONE', 'WORKASPACE' ) );
#7753 = PLANE ( 'NONE',  #7810 ) ;
#7754 =( GEOMETRIC_REPRESENTATION_CONTEXT ( 3 ) GLOBAL_UNCERTAINTY_ASSIGNED_CONTEXT ( ( #7755 ) ) GLOBAL_UNIT_ASSIGNED_CONTEXT ( ( #7758, #7757, #7756 ) ) REPRESENTATION_CONTEXT ( 'NONE', 'WORKASPACE' ) );
#7755 = UNCERTAINTY_MEASURE_WITH_UNIT (LENGTH_MEASURE( 1.000000000000000100E-005 ), #7758, 'distance_accuracy_value', 'NONE');
#7756 =( NAMED_UNIT ( * ) SI_UNIT ( $, .STERADIAN. ) SOLID_ANGLE_UNIT ( ) );
#7757 =( NAMED_UNIT ( * ) PLANE_ANGLE_UNIT ( ) SI_UNIT ( $, .RADIAN. ) );
#7758 =( LENGTH_UNIT ( ) NAMED_UNIT ( * ) SI_UNIT ( .MILLI., .METRE. ) );
#7759 = MECHANICAL_DESIGN_GEOMETRIC_PRESENTATION_REPRESENTATION (  '', ( #7761 ), #7754 ) ;
#7760 = PRESENTATION_LAYER_ASSIGNMENT (  '', '', ( #7761 ) ) ;
#7761 = STYLED_ITEM ( 'NONE', ( #7762 ), #2162 ) ;
#7762 = PRESENTATION_STYLE_ASSIGNMENT (( #7763 ) ) ;
#7763 = SURFACE_STYLE_USAGE ( .BOTH. , #7764 ) ;
#7764 = SURFACE_SIDE_STYLE ('',( #7765 ) ) ;
#7765 = SURFACE_STYLE_FILL_AREA ( #7766 ) ;
#7766 = FILL_AREA_STYLE ('',( #7773 ) ) ;
#7767 = COLOUR_RGB ( '',0.7529411764705882200, 0.7529411764705882200, 0.7529411764705882200 ) ;
#7768 = FACE_OUTER_BOUND ( 'NONE', #2163, .T. ) ;
#7769 = DIRECTION ( 'NONE',  ( -1.000000000000000000, 0.0000000000000000000, 0.0000000000000000000 ) ) ;
#7770 = VECTOR ( 'NONE', #7769, 1000.000000000000000 ) ;
#7771 = CARTESIAN_POINT ( 'NONE',  ( -4.750000000000000900, -2.600000000000000500, 2.349999999999987200 ) ) ;
#7772 = LINE ( 'NONE', #7771, #7770 ) ;
#7773 = FILL_AREA_STYLE_COLOUR ( '', #7767 ) ;
#7774 = CARTESIAN_POINT ( 'NONE',  ( -4.750000000000000900, -2.600000000000000500, 2.349999999999987200 ) ) ;
#7775 = DIRECTION ( 'NONE',  ( 0.0000000000000000000, 0.0000000000000000000, 1.000000000000000000 ) ) ;
#7776 = VECTOR ( 'NONE', #7775, 1000.000000000000000 ) ;
#7777 = CARTESIAN_POINT ( 'NONE',  ( -4.750000000000000900, -2.600000000000000500, 2.849999999999987200 ) ) ;
#7778 = LINE ( 'NONE', #7777, #7776 ) ;
#7779 = CARTESIAN_POINT ( 'NONE',  ( -4.750000000000000900, -2.600000000000000500, 2.849999999999987200 ) ) ;
#7780 = FILL_AREA_STYLE_COLOUR ( '', #7836 ) ;
#7781 = DIRECTION ( 'NONE',  ( 0.0000000000000000000, -1.000000000000000000, -1.275531967630005200E-016 ) ) ;
#7782 = DIRECTION ( 'NONE',  ( 0.0000000000000000000, -1.275531967630005200E-016, 1.000000000000000000 ) ) ;
#7783 = CARTESIAN_POINT ( 'NONE',  ( -2.750000000000001300, -8.300000000000000700, -0.1000000000000118700 ) ) ;
#7784 = AXIS2_PLACEMENT_3D ( 'NONE', #7783, #7782, #7781 ) ;
#7785 = FACE_OUTER_BOUND ( 'NONE', #2177, .T. ) ;
#7786 = PLANE ( 'NONE',  #7784 ) ;
#7787 =( GEOMETRIC_REPRESENTATION_CONTEXT ( 3 ) GLOBAL_UNCERTAINTY_ASSIGNED_CONTEXT ( ( #7788 ) ) GLOBAL_UNIT_ASSIGNED_CONTEXT ( ( #7791, #7790, #7789 ) ) REPRESENTATION_CONTEXT ( 'NONE', 'WORKASPACE' ) );
#7788 = UNCERTAINTY_MEASURE_WITH_UNIT (LENGTH_MEASURE( 1.000000000000000100E-005 ), #7791, 'distance_accuracy_value', 'NONE');
#7789 =( NAMED_UNIT ( * ) SI_UNIT ( $, .STERADIAN. ) SOLID_ANGLE_UNIT ( ) );
#7790 =( NAMED_UNIT ( * ) PLANE_ANGLE_UNIT ( ) SI_UNIT ( $, .RADIAN. ) );
#7791 =( LENGTH_UNIT ( ) NAMED_UNIT ( * ) SI_UNIT ( .MILLI., .METRE. ) );
#7792 = MECHANICAL_DESIGN_GEOMETRIC_PRESENTATION_REPRESENTATION (  '', ( #7794 ), #7787 ) ;
#7793 = PRESENTATION_LAYER_ASSIGNMENT (  '', '', ( #7794 ) ) ;
#7794 = STYLED_ITEM ( 'NONE', ( #7795 ), #2170 ) ;
#7795 = PRESENTATION_STYLE_ASSIGNMENT (( #7796 ) ) ;
#7796 = SURFACE_STYLE_USAGE ( .BOTH. , #7797 ) ;
#7797 = SURFACE_SIDE_STYLE ('',( #7798 ) ) ;
#7798 = SURFACE_STYLE_FILL_AREA ( #7799 ) ;
#7799 = FILL_AREA_STYLE ('',( #7806 ) ) ;
#7800 = COLOUR_RGB ( '',0.7529411764705882200, 0.7529411764705882200, 0.7529411764705882200 ) ;
#7801 = FACE_OUTER_BOUND ( 'NONE', #2171, .T. ) ;
#7802 = DIRECTION ( 'NONE',  ( -1.000000000000000000, 0.0000000000000000000, 0.0000000000000000000 ) ) ;
#7803 = VECTOR ( 'NONE', #7802, 1000.000000000000000 ) ;
#7804 = CARTESIAN_POINT ( 'NONE',  ( -2.750000000000001300, -10.00000000000000000, -0.1000000000000120900 ) ) ;
#7805 = LINE ( 'NONE', #7804, #7803 ) ;
#7806 = FILL_AREA_STYLE_COLOUR ( '', #7800 ) ;
#7807 = DIRECTION ( 'NONE',  ( 0.0000000000000000000, 0.0000000000000000000, -1.000000000000000000 ) ) ;
#7808 = DIRECTION ( 'NONE',  ( 1.000000000000000000, 0.0000000000000000000, 0.0000000000000000000 ) ) ;
#7809 = CARTESIAN_POINT ( 'NONE',  ( -5.250000000000000900, -8.599999999999999600, 2.849999999999987200 ) ) ;
#7810 = AXIS2_PLACEMENT_3D ( 'NONE', #7809, #7808, #7807 ) ;
#7811 = FILL_AREA_STYLE_COLOUR ( '', #7865 ) ;
#7812 = CARTESIAN_POINT ( 'NONE',  ( -3.250000000000001300, -10.00000000000000000, -0.1000000000000120900 ) ) ;
#7813 = DIRECTION ( 'NONE',  ( 0.0000000000000000000, 1.000000000000000000, 1.275531967630005200E-016 ) ) ;
#7814 = VECTOR ( 'NONE', #7813, 1000.000000000000000 ) ;
#7815 = CARTESIAN_POINT ( 'NONE',  ( -3.250000000000001300, -8.300000000000000700, -0.1000000000000118700 ) ) ;
#7816 = LINE ( 'NONE', #7815, #7814 ) ;
#7817 = CARTESIAN_POINT ( 'NONE',  ( -5.250000000000000900, -2.600000000000000500, 2.349999999999987200 ) ) ;
#7818 = DIRECTION ( 'NONE',  ( 0.0000000000000000000, 0.0000000000000000000, -1.000000000000000000 ) ) ;
#7819 = DIRECTION ( 'NONE',  ( 0.0000000000000000000, -1.000000000000000000, 0.0000000000000000000 ) ) ;
#7820 = CARTESIAN_POINT ( 'NONE',  ( -4.750000000000000900, -2.600000000000000500, 2.849999999999987200 ) ) ;
#7821 = AXIS2_PLACEMENT_3D ( 'NONE', #7820, #7819, #7818 ) ;
#7822 = PLANE ( 'NONE',  #7821 ) ;
#7823 =( GEOMETRIC_REPRESENTATION_CONTEXT ( 3 ) GLOBAL_UNCERTAINTY_ASSIGNED_CONTEXT ( ( #7824 ) ) GLOBAL_UNIT_ASSIGNED_CONTEXT ( ( #7827, #7826, #7825 ) ) REPRESENTATION_CONTEXT ( 'NONE', 'WORKASPACE' ) );
#7824 = UNCERTAINTY_MEASURE_WITH_UNIT (LENGTH_MEASURE( 1.000000000000000100E-005 ), #7827, 'distance_accuracy_value', 'NONE');
#7825 =( NAMED_UNIT ( * ) SI_UNIT ( $, .STERADIAN. ) SOLID_ANGLE_UNIT ( ) );
#7826 =( NAMED_UNIT ( * ) PLANE_ANGLE_UNIT ( ) SI_UNIT ( $, .RADIAN. ) );
#7827 =( LENGTH_UNIT ( ) NAMED_UNIT ( * ) SI_UNIT ( .MILLI., .METRE. ) );
#7828 = MECHANICAL_DESIGN_GEOMETRIC_PRESENTATION_REPRESENTATION (  '', ( #7830 ), #7823 ) ;
#7829 = PRESENTATION_LAYER_ASSIGNMENT (  '', '', ( #7830 ) ) ;
#7830 = STYLED_ITEM ( 'NONE', ( #7831 ), #2176 ) ;
#7831 = PRESENTATION_STYLE_ASSIGNMENT (( #7832 ) ) ;
#7832 = SURFACE_STYLE_USAGE ( .BOTH. , #7833 ) ;
#7833 = SURFACE_SIDE_STYLE ('',( #7834 ) ) ;
#7834 = SURFACE_STYLE_FILL_AREA ( #7835 ) ;
#7835 = FILL_AREA_STYLE ('',( #7780 ) ) ;
#7836 = COLOUR_RGB ( '',0.7529411764705882200, 0.7529411764705882200, 0.7529411764705882200 ) ;
#7837 = STYLED_ITEM ( 'NONE', ( #7838 ), #2192 ) ;
#7838 = PRESENTATION_STYLE_ASSIGNMENT (( #7839 ) ) ;
#7839 = SURFACE_STYLE_USAGE ( .BOTH. , #7840 ) ;
#7840 = SURFACE_SIDE_STYLE ('',( #7841 ) ) ;
#7841 = SURFACE_STYLE_FILL_AREA ( #7842 ) ;
#7842 = FILL_AREA_STYLE ('',( #7843 ) ) ;
#7843 = FILL_AREA_STYLE_COLOUR ( '', #7844 ) ;
#7844 = COLOUR_RGB ( '',0.7529411764705882200, 0.7529411764705882200, 0.7529411764705882200 ) ;
#7845 = FACE_OUTER_BOUND ( 'NONE', #2193, .T. ) ;
#7846 = CARTESIAN_POINT ( 'NONE',  ( -4.750000000000000900, -10.00000000000000000, -0.1000000000000131900 ) ) ;
#7847 = DIRECTION ( 'NONE',  ( 0.0000000000000000000, 0.0000000000000000000, 1.000000000000000000 ) ) ;
#7848 = DIRECTION ( 'NONE',  ( 0.0000000000000000000, 1.000000000000000000, 0.0000000000000000000 ) ) ;
#7849 = CARTESIAN_POINT ( 'NONE',  ( -2.750000000000001300, -10.00000000000000000, 0.4999999999999879500 ) ) ;
#7850 = AXIS2_PLACEMENT_3D ( 'NONE', #7849, #7848, #7847 ) ;
#7851 = PLANE ( 'NONE',  #7850 ) ;
#7852 =( GEOMETRIC_REPRESENTATION_CONTEXT ( 3 ) GLOBAL_UNCERTAINTY_ASSIGNED_CONTEXT ( ( #7853 ) ) GLOBAL_UNIT_ASSIGNED_CONTEXT ( ( #7856, #7855, #7854 ) ) REPRESENTATION_CONTEXT ( 'NONE', 'WORKASPACE' ) );
#7853 = UNCERTAINTY_MEASURE_WITH_UNIT (LENGTH_MEASURE( 1.000000000000000100E-005 ), #7856, 'distance_accuracy_value', 'NONE');
#7854 =( NAMED_UNIT ( * ) SI_UNIT ( $, .STERADIAN. ) SOLID_ANGLE_UNIT ( ) );
#7855 =( NAMED_UNIT ( * ) PLANE_ANGLE_UNIT ( ) SI_UNIT ( $, .RADIAN. ) );
#7856 =( LENGTH_UNIT ( ) NAMED_UNIT ( * ) SI_UNIT ( .MILLI., .METRE. ) );
#7857 = MECHANICAL_DESIGN_GEOMETRIC_PRESENTATION_REPRESENTATION (  '', ( #7859 ), #7852 ) ;
#7858 = PRESENTATION_LAYER_ASSIGNMENT (  '', '', ( #7859 ) ) ;
#7859 = STYLED_ITEM ( 'NONE', ( #7860 ), #2187 ) ;
#7860 = PRESENTATION_STYLE_ASSIGNMENT (( #7861 ) ) ;
#7861 = SURFACE_STYLE_USAGE ( .BOTH. , #7862 ) ;
#7862 = SURFACE_SIDE_STYLE ('',( #7863 ) ) ;
#7863 = SURFACE_STYLE_FILL_AREA ( #7864 ) ;
#7864 = FILL_AREA_STYLE ('',( #7811 ) ) ;
#7865 = COLOUR_RGB ( '',0.7529411764705882200, 0.7529411764705882200, 0.7529411764705882200 ) ;
#7866 = FACE_OUTER_BOUND ( 'NONE', #2188, .T. ) ;
#7867 = DIRECTION ( 'NONE',  ( 0.0000000000000000000, 0.0000000000000000000, -1.000000000000000000 ) ) ;
#7868 = VECTOR ( 'NONE', #7867, 1000.000000000000000 ) ;
#7869 = CARTESIAN_POINT ( 'NONE',  ( -3.250000000000001300, -10.00000000000000000, 0.4999999999999879500 ) ) ;
#7870 = LINE ( 'NONE', #7869, #7868 ) ;
#7871 = CARTESIAN_POINT ( 'NONE',  ( -5.250000000000000900, -10.00000000000000000, 0.4999999999999869000 ) ) ;
#7872 = DIRECTION ( 'NONE',  ( 0.0000000000000000000, -1.000000000000000000, -7.744301232039316700E-017 ) ) ;
#7873 = VECTOR ( 'NONE', #7872, 1000.000000000000000 ) ;
#7874 = CARTESIAN_POINT ( 'NONE',  ( -5.250000000000000900, -8.599999999999999600, 0.4999999999999870100 ) ) ;
#7875 = LINE ( 'NONE', #7874, #7873 ) ;
#7876 = CARTESIAN_POINT ( 'NONE',  ( -4.750000000000000900, -10.00000000000000000, 0.4999999999999869000 ) ) ;
#7877 = DIRECTION ( 'NONE',  ( 0.0000000000000000000, -1.000000000000000000, -7.744301232039316700E-017 ) ) ;
#7878 = VECTOR ( 'NONE', #7877, 1000.000000000000000 ) ;
#7879 = CARTESIAN_POINT ( 'NONE',  ( -4.750000000000000900, -8.599999999999999600, 0.4999999999999870100 ) ) ;
#7880 = LINE ( 'NONE', #7879, #7878 ) ;
#7881 = DIRECTION ( 'NONE',  ( 0.0000000000000000000, 1.000000000000000000, 7.744301232039316700E-017 ) ) ;
#7882 = DIRECTION ( 'NONE',  ( 0.0000000000000000000, 7.744301232039316700E-017, -1.000000000000000000 ) ) ;
#7883 = CARTESIAN_POINT ( 'NONE',  ( -4.750000000000000900, -8.599999999999999600, 0.4999999999999870100 ) ) ;
#7884 = AXIS2_PLACEMENT_3D ( 'NONE', #7883, #7882, #7881 ) ;
#7885 = PLANE ( 'NONE',  #7884 ) ;
#7886 =( GEOMETRIC_REPRESENTATION_CONTEXT ( 3 ) GLOBAL_UNCERTAINTY_ASSIGNED_CONTEXT ( ( #7887 ) ) GLOBAL_UNIT_ASSIGNED_CONTEXT ( ( #7890, #7889, #7888 ) ) REPRESENTATION_CONTEXT ( 'NONE', 'WORKASPACE' ) );
#7887 = UNCERTAINTY_MEASURE_WITH_UNIT (LENGTH_MEASURE( 1.000000000000000100E-005 ), #7890, 'distance_accuracy_value', 'NONE');
#7888 =( NAMED_UNIT ( * ) SI_UNIT ( $, .STERADIAN. ) SOLID_ANGLE_UNIT ( ) );
#7889 =( NAMED_UNIT ( * ) PLANE_ANGLE_UNIT ( ) SI_UNIT ( $, .RADIAN. ) );
#7890 =( LENGTH_UNIT ( ) NAMED_UNIT ( * ) SI_UNIT ( .MILLI., .METRE. ) );
#7891 = MECHANICAL_DESIGN_GEOMETRIC_PRESENTATION_REPRESENTATION (  '', ( #7837 ), #7886 ) ;
#7892 = PRESENTATION_LAYER_ASSIGNMENT (  '', '', ( #7837 ) ) ;
#7893 = MECHANICAL_DESIGN_GEOMETRIC_PRESENTATION_REPRESENTATION (  '', ( #7895 ), #7948 ) ;
#7894 = PRESENTATION_LAYER_ASSIGNMENT (  '', '', ( #7895 ) ) ;
#7895 = STYLED_ITEM ( 'NONE', ( #7896 ), #2206 ) ;
#7896 = PRESENTATION_STYLE_ASSIGNMENT (( #7897 ) ) ;
#7897 = SURFACE_STYLE_USAGE ( .BOTH. , #7898 ) ;
#7898 = SURFACE_SIDE_STYLE ('',( #7899 ) ) ;
#7899 = SURFACE_STYLE_FILL_AREA ( #7900 ) ;
#7900 = FILL_AREA_STYLE ('',( #7907 ) ) ;
#7901 = COLOUR_RGB ( '',0.7529411764705882200, 0.7529411764705882200, 0.7529411764705882200 ) ;
#7902 = FACE_OUTER_BOUND ( 'NONE', #2207, .T. ) ;
#7903 = DIRECTION ( 'NONE',  ( 0.0000000000000000000, -0.7071067811865510100, -0.7071067811865441300 ) ) ;
#7904 = DIRECTION ( 'NONE',  ( 0.0000000000000000000, -0.7071067811865441300, 0.7071067811865510100 ) ) ;
#7905 = CARTESIAN_POINT ( 'NONE',  ( -4.750000000000000900, -8.300000000000000700, -0.1000000000000129800 ) ) ;
#7906 = AXIS2_PLACEMENT_3D ( 'NONE', #7905, #7904, #7903 ) ;
#7907 = FILL_AREA_STYLE_COLOUR ( '', #7901 ) ;
#7908 = PLANE ( 'NONE',  #7906 ) ;
#7909 =( GEOMETRIC_REPRESENTATION_CONTEXT ( 3 ) GLOBAL_UNCERTAINTY_ASSIGNED_CONTEXT ( ( #7910 ) ) GLOBAL_UNIT_ASSIGNED_CONTEXT ( ( #7913, #7912, #7911 ) ) REPRESENTATION_CONTEXT ( 'NONE', 'WORKASPACE' ) );
#7910 = UNCERTAINTY_MEASURE_WITH_UNIT (LENGTH_MEASURE( 1.000000000000000100E-005 ), #7913, 'distance_accuracy_value', 'NONE');
#7911 =( NAMED_UNIT ( * ) SI_UNIT ( $, .STERADIAN. ) SOLID_ANGLE_UNIT ( ) );
#7912 =( NAMED_UNIT ( * ) PLANE_ANGLE_UNIT ( ) SI_UNIT ( $, .RADIAN. ) );
#7913 =( LENGTH_UNIT ( ) NAMED_UNIT ( * ) SI_UNIT ( .MILLI., .METRE. ) );
#7914 = MECHANICAL_DESIGN_GEOMETRIC_PRESENTATION_REPRESENTATION (  '', ( #7916 ), #7909 ) ;
#7915 = PRESENTATION_LAYER_ASSIGNMENT (  '', '', ( #7916 ) ) ;
#7916 = STYLED_ITEM ( 'NONE', ( #7917 ), #2203 ) ;
#7917 = PRESENTATION_STYLE_ASSIGNMENT (( #7918 ) ) ;
#7918 = SURFACE_STYLE_USAGE ( .BOTH. , #7919 ) ;
#7919 = SURFACE_SIDE_STYLE ('',( #7920 ) ) ;
#7920 = SURFACE_STYLE_FILL_AREA ( #7921 ) ;
#7921 = FILL_AREA_STYLE ('',( #7928 ) ) ;
#7922 = COLOUR_RGB ( '',0.7529411764705882200, 0.7529411764705882200, 0.7529411764705882200 ) ;
#7923 = FACE_OUTER_BOUND ( 'NONE', #2204, .T. ) ;
#7924 = DIRECTION ( 'NONE',  ( -1.000000000000000000, 0.0000000000000000000, 0.0000000000000000000 ) ) ;
#7925 = VECTOR ( 'NONE', #7924, 1000.000000000000000 ) ;
#7926 = CARTESIAN_POINT ( 'NONE',  ( -4.750000000000000900, -10.00000000000000000, 0.4999999999999869000 ) ) ;
#7927 = LINE ( 'NONE', #7926, #7925 ) ;
#7928 = FILL_AREA_STYLE_COLOUR ( '', #7922 ) ;
#7929 =( NAMED_UNIT ( * ) SI_UNIT ( $, .STERADIAN. ) SOLID_ANGLE_UNIT ( ) );
#7930 =( NAMED_UNIT ( * ) PLANE_ANGLE_UNIT ( ) SI_UNIT ( $, .RADIAN. ) );
#7931 =( LENGTH_UNIT ( ) NAMED_UNIT ( * ) SI_UNIT ( .MILLI., .METRE. ) );
#7932 = MECHANICAL_DESIGN_GEOMETRIC_PRESENTATION_REPRESENTATION (  '', ( #7934 ), #7980 ) ;
#7933 = PRESENTATION_LAYER_ASSIGNMENT (  '', '', ( #7934 ) ) ;
#7934 = STYLED_ITEM ( 'NONE', ( #7935 ), #2212 ) ;
#7935 = PRESENTATION_STYLE_ASSIGNMENT (( #7936 ) ) ;
#7936 = SURFACE_STYLE_USAGE ( .BOTH. , #7937 ) ;
#7937 = SURFACE_SIDE_STYLE ('',( #7938 ) ) ;
#7938 = SURFACE_STYLE_FILL_AREA ( #7939 ) ;
#7939 = FILL_AREA_STYLE ('',( #7946 ) ) ;
#7940 = COLOUR_RGB ( '',0.7529411764705882200, 0.7529411764705882200, 0.7529411764705882200 ) ;
#7941 = FACE_OUTER_BOUND ( 'NONE', #2213, .T. ) ;
#7942 = DIRECTION ( 'NONE',  ( -1.000000000000000000, 0.0000000000000000000, 0.0000000000000000000 ) ) ;
#7943 = DIRECTION ( 'NONE',  ( 0.0000000000000000000, 0.0000000000000000000, -1.000000000000000000 ) ) ;
#7944 = CARTESIAN_POINT ( 'NONE',  ( -4.750000000000000900, -8.599999999999999600, 2.849999999999987200 ) ) ;
#7945 = AXIS2_PLACEMENT_3D ( 'NONE', #7944, #7943, #7942 ) ;
#7946 = FILL_AREA_STYLE_COLOUR ( '', #7940 ) ;
#7947 = PLANE ( 'NONE',  #7945 ) ;
#7948 =( GEOMETRIC_REPRESENTATION_CONTEXT ( 3 ) GLOBAL_UNCERTAINTY_ASSIGNED_CONTEXT ( ( #7949 ) ) GLOBAL_UNIT_ASSIGNED_CONTEXT ( ( #7952, #7951, #7950 ) ) REPRESENTATION_CONTEXT ( 'NONE', 'WORKASPACE' ) );
#7949 = UNCERTAINTY_MEASURE_WITH_UNIT (LENGTH_MEASURE( 1.000000000000000100E-005 ), #7952, 'distance_accuracy_value', 'NONE');
#7950 =( NAMED_UNIT ( * ) SI_UNIT ( $, .STERADIAN. ) SOLID_ANGLE_UNIT ( ) );
#7951 =( NAMED_UNIT ( * ) PLANE_ANGLE_UNIT ( ) SI_UNIT ( $, .RADIAN. ) );
#7952 =( LENGTH_UNIT ( ) NAMED_UNIT ( * ) SI_UNIT ( .MILLI., .METRE. ) );
#7953 =( NAMED_UNIT ( * ) SI_UNIT ( $, .STERADIAN. ) SOLID_ANGLE_UNIT ( ) );
#7954 =( NAMED_UNIT ( * ) PLANE_ANGLE_UNIT ( ) SI_UNIT ( $, .RADIAN. ) );
#7955 =( LENGTH_UNIT ( ) NAMED_UNIT ( * ) SI_UNIT ( .MILLI., .METRE. ) );
#7956 = MECHANICAL_DESIGN_GEOMETRIC_PRESENTATION_REPRESENTATION (  '', ( #7958 ), #8010 ) ;
#7957 = PRESENTATION_LAYER_ASSIGNMENT (  '', '', ( #7958 ) ) ;
#7958 = STYLED_ITEM ( 'NONE', ( #7959 ), #2222 ) ;
#7959 = PRESENTATION_STYLE_ASSIGNMENT (( #7960 ) ) ;
#7960 = SURFACE_STYLE_USAGE ( .BOTH. , #7961 ) ;
#7961 = SURFACE_SIDE_STYLE ('',( #7962 ) ) ;
#7962 = SURFACE_STYLE_FILL_AREA ( #7963 ) ;
#7963 = FILL_AREA_STYLE ('',( #7970 ) ) ;
#7964 = COLOUR_RGB ( '',0.7529411764705882200, 0.7529411764705882200, 0.7529411764705882200 ) ;
#7965 = FACE_OUTER_BOUND ( 'NONE', #2223, .T. ) ;
#7966 = DIRECTION ( 'NONE',  ( 0.0000000000000000000, 1.000000000000000000, 8.340016711426957800E-017 ) ) ;
#7967 = VECTOR ( 'NONE', #7966, 1000.000000000000000 ) ;
#7968 = CARTESIAN_POINT ( 'NONE',  ( -5.250000000000000900, -2.600000000000000500, 2.349999999999987200 ) ) ;
#7969 = LINE ( 'NONE', #7968, #7967 ) ;
#7970 = FILL_AREA_STYLE_COLOUR ( '', #7964 ) ;
#7971 = DIRECTION ( 'NONE',  ( 0.0000000000000000000, -1.000000000000000000, 0.0000000000000000000 ) ) ;
#7972 = VECTOR ( 'NONE', #7971, 1000.000000000000000 ) ;
#7973 = CARTESIAN_POINT ( 'NONE',  ( -5.250000000000000900, -8.599999999999999600, 2.849999999999987200 ) ) ;
#7974 = LINE ( 'NONE', #7973, #7972 ) ;
#7975 = DIRECTION ( 'NONE',  ( 0.0000000000000000000, -1.000000000000000000, -8.340016711426957800E-017 ) ) ;
#7976 = DIRECTION ( 'NONE',  ( 0.0000000000000000000, -8.340016711426957800E-017, 1.000000000000000000 ) ) ;
#7977 = CARTESIAN_POINT ( 'NONE',  ( -4.750000000000000900, -2.600000000000000500, 2.349999999999987200 ) ) ;
#7978 = AXIS2_PLACEMENT_3D ( 'NONE', #7977, #7976, #7975 ) ;
#7979 = PLANE ( 'NONE',  #7978 ) ;
#7980 =( GEOMETRIC_REPRESENTATION_CONTEXT ( 3 ) GLOBAL_UNCERTAINTY_ASSIGNED_CONTEXT ( ( #7983 ) ) GLOBAL_UNIT_ASSIGNED_CONTEXT ( ( #7931, #7930, #7929 ) ) REPRESENTATION_CONTEXT ( 'NONE', 'WORKASPACE' ) );
#7981 = ORIENTED_EDGE ( 'NONE', *, *, #178, .F. ) ;
#7982 = EDGE_CURVE ( 'NONE', #7222, #176, #9369, .T. ) ;
#7983 = UNCERTAINTY_MEASURE_WITH_UNIT (LENGTH_MEASURE( 1.000000000000000100E-005 ), #7931, 'distance_accuracy_value', 'NONE');
#7984 = DIRECTION ( 'NONE',  ( 0.0000000000000000000, 0.0000000000000000000, -1.000000000000000000 ) ) ;
#7985 = VECTOR ( 'NONE', #7984, 1000.000000000000000 ) ;
#7986 = CARTESIAN_POINT ( 'NONE',  ( -5.250000000000000900, -10.00000000000000000, 0.4999999999999869000 ) ) ;
#7987 = LINE ( 'NONE', #7986, #7985 ) ;
#7988 = FILL_AREA_STYLE_COLOUR ( '', #8043 ) ;
#7989 = ORIENTED_EDGE ( 'NONE', *, *, #7982, .F. ) ;
#7990 = CARTESIAN_POINT ( 'NONE',  ( -5.250000000000000900, -10.00000000000000000, -0.1000000000000131900 ) ) ;
#7991 = DIRECTION ( 'NONE',  ( 0.0000000000000000000, 1.000000000000000000, 1.275531967630005200E-016 ) ) ;
#7992 = VECTOR ( 'NONE', #7991, 1000.000000000000000 ) ;
#7993 = CARTESIAN_POINT ( 'NONE',  ( -5.250000000000000900, -8.300000000000000700, -0.1000000000000129800 ) ) ;
#7994 = LINE ( 'NONE', #7993, #7992 ) ;
#7995 = CARTESIAN_POINT ( 'NONE',  ( -6.750000000000002700, -2.600000000000000500, 2.849999999999985900 ) ) ;
#7996 = DIRECTION ( 'NONE',  ( -1.000000000000000000, 0.0000000000000000000, 0.0000000000000000000 ) ) ;
#7997 = VECTOR ( 'NONE', #7996, 1000.000000000000000 ) ;
#7998 = CARTESIAN_POINT ( 'NONE',  ( -6.750000000000002700, -2.600000000000000500, 2.849999999999985900 ) ) ;
#7999 = LINE ( 'NONE', #7998, #7997 ) ;
#8000 = CARTESIAN_POINT ( 'NONE',  ( -7.250000000000002700, -2.600000000000000500, 2.849999999999985900 ) ) ;
#8001 = DIRECTION ( 'NONE',  ( 0.0000000000000000000, -1.000000000000000000, 0.0000000000000000000 ) ) ;
#8002 = VECTOR ( 'NONE', #8001, 1000.000000000000000 ) ;
#8003 = CARTESIAN_POINT ( 'NONE',  ( -4.750000000000000900, -8.599999999999999600, 2.849999999999987200 ) ) ;
#8004 = LINE ( 'NONE', #8003, #8002 ) ;
#8005 = DIRECTION ( 'NONE',  ( 0.0000000000000000000, 0.0000000000000000000, -1.000000000000000000 ) ) ;
#8006 = DIRECTION ( 'NONE',  ( 1.000000000000000000, 0.0000000000000000000, 0.0000000000000000000 ) ) ;
#8007 = CARTESIAN_POINT ( 'NONE',  ( -4.750000000000000900, -8.599999999999999600, 2.849999999999987200 ) ) ;
#8008 = AXIS2_PLACEMENT_3D ( 'NONE', #8007, #8006, #8005 ) ;
#8009 = PLANE ( 'NONE',  #8008 ) ;
#8010 =( GEOMETRIC_REPRESENTATION_CONTEXT ( 3 ) GLOBAL_UNCERTAINTY_ASSIGNED_CONTEXT ( ( #8011 ) ) GLOBAL_UNIT_ASSIGNED_CONTEXT ( ( #7955, #7954, #7953 ) ) REPRESENTATION_CONTEXT ( 'NONE', 'WORKASPACE' ) );
#8011 = UNCERTAINTY_MEASURE_WITH_UNIT (LENGTH_MEASURE( 1.000000000000000100E-005 ), #7955, 'distance_accuracy_value', 'NONE');
#8012 = STYLED_ITEM ( 'NONE', ( #8013 ), #2243 ) ;
#8013 = PRESENTATION_STYLE_ASSIGNMENT (( #8014 ) ) ;
#8014 = SURFACE_STYLE_USAGE ( .BOTH. , #8015 ) ;
#8015 = SURFACE_SIDE_STYLE ('',( #8016 ) ) ;
#8016 = SURFACE_STYLE_FILL_AREA ( #8017 ) ;
#8017 = FILL_AREA_STYLE ('',( #8024 ) ) ;
#8018 = COLOUR_RGB ( '',0.7529411764705882200, 0.7529411764705882200, 0.7529411764705882200 ) ;
#8019 = FACE_OUTER_BOUND ( 'NONE', #2244, .T. ) ;
#8020 = DIRECTION ( 'NONE',  ( -1.000000000000000000, 0.0000000000000000000, 0.0000000000000000000 ) ) ;
#8021 = VECTOR ( 'NONE', #8020, 1000.000000000000000 ) ;
#8022 = CARTESIAN_POINT ( 'NONE',  ( -4.750000000000000900, -10.00000000000000000, -0.1000000000000131900 ) ) ;
#8023 = LINE ( 'NONE', #8022, #8021 ) ;
#8024 = FILL_AREA_STYLE_COLOUR ( '', #8018 ) ;
#8025 = DIRECTION ( 'NONE',  ( 0.0000000000000000000, 0.0000000000000000000, 1.000000000000000000 ) ) ;
#8026 = DIRECTION ( 'NONE',  ( 0.0000000000000000000, 1.000000000000000000, 0.0000000000000000000 ) ) ;
#8027 = CARTESIAN_POINT ( 'NONE',  ( -4.750000000000000900, -10.00000000000000000, 0.4999999999999869000 ) ) ;
#8028 = AXIS2_PLACEMENT_3D ( 'NONE', #8027, #8026, #8025 ) ;
#8029 = PLANE ( 'NONE',  #8028 ) ;
#8030 =( GEOMETRIC_REPRESENTATION_CONTEXT ( 3 ) GLOBAL_UNCERTAINTY_ASSIGNED_CONTEXT ( ( #8031 ) ) GLOBAL_UNIT_ASSIGNED_CONTEXT ( ( #8034, #8033, #8032 ) ) REPRESENTATION_CONTEXT ( 'NONE', 'WORKASPACE' ) );
#8031 = UNCERTAINTY_MEASURE_WITH_UNIT (LENGTH_MEASURE( 1.000000000000000100E-005 ), #8034, 'distance_accuracy_value', 'NONE');
#8032 =( NAMED_UNIT ( * ) SI_UNIT ( $, .STERADIAN. ) SOLID_ANGLE_UNIT ( ) );
#8033 =( NAMED_UNIT ( * ) PLANE_ANGLE_UNIT ( ) SI_UNIT ( $, .RADIAN. ) );
#8034 =( LENGTH_UNIT ( ) NAMED_UNIT ( * ) SI_UNIT ( .MILLI., .METRE. ) );
#8035 = MECHANICAL_DESIGN_GEOMETRIC_PRESENTATION_REPRESENTATION (  '', ( #8037 ), #8030 ) ;
#8036 = PRESENTATION_LAYER_ASSIGNMENT (  '', '', ( #8037 ) ) ;
#8037 = STYLED_ITEM ( 'NONE', ( #8038 ), #2236 ) ;
#8038 = PRESENTATION_STYLE_ASSIGNMENT (( #8039 ) ) ;
#8039 = SURFACE_STYLE_USAGE ( .BOTH. , #8040 ) ;
#8040 = SURFACE_SIDE_STYLE ('',( #8041 ) ) ;
#8041 = SURFACE_STYLE_FILL_AREA ( #8042 ) ;
#8042 = FILL_AREA_STYLE ('',( #7988 ) ) ;
#8043 = COLOUR_RGB ( '',0.7529411764705882200, 0.7529411764705882200, 0.7529411764705882200 ) ;
#8044 = FACE_OUTER_BOUND ( 'NONE', #2237, .T. ) ;
#8045 = FILL_AREA_STYLE ('',( #8056 ) ) ;
#8046 = COLOUR_RGB ( '',0.7529411764705882200, 0.7529411764705882200, 0.7529411764705882200 ) ;
#8047 = FACE_OUTER_BOUND ( 'NONE', #2251, .T. ) ;
#8048 = PRESENTATION_STYLE_ASSIGNMENT (( #8049 ) ) ;
#8049 = SURFACE_STYLE_USAGE ( .BOTH. , #8050 ) ;
#8050 = SURFACE_SIDE_STYLE ('',( #8051 ) ) ;
#8051 = SURFACE_STYLE_FILL_AREA ( #8045 ) ;
#8052 = DIRECTION ( 'NONE',  ( 0.0000000000000000000, 1.000000000000000000, 1.275531967630005200E-016 ) ) ;
#8053 = VECTOR ( 'NONE', #8052, 1000.000000000000000 ) ;
#8054 = CARTESIAN_POINT ( 'NONE',  ( -4.750000000000000900, -8.300000000000000700, -0.1000000000000129800 ) ) ;
#8055 = LINE ( 'NONE', #8054, #8053 ) ;
#8056 = FILL_AREA_STYLE_COLOUR ( '', #8046 ) ;
#8057 = DIRECTION ( 'NONE',  ( 0.0000000000000000000, 0.0000000000000000000, -1.000000000000000000 ) ) ;
#8058 = VECTOR ( 'NONE', #8057, 1000.000000000000000 ) ;
#8059 = CARTESIAN_POINT ( 'NONE',  ( -4.750000000000000900, -10.00000000000000000, 0.4999999999999869000 ) ) ;
#8060 = LINE ( 'NONE', #8059, #8058 ) ;
#8061 = DIRECTION ( 'NONE',  ( 0.0000000000000000000, -1.000000000000000000, -1.275531967630005200E-016 ) ) ;
#8062 = DIRECTION ( 'NONE',  ( 0.0000000000000000000, -1.275531967630005200E-016, 1.000000000000000000 ) ) ;
#8063 = CARTESIAN_POINT ( 'NONE',  ( -4.750000000000000900, -8.300000000000000700, -0.1000000000000129800 ) ) ;
#8064 = AXIS2_PLACEMENT_3D ( 'NONE', #8063, #8062, #8061 ) ;
#8065 = PLANE ( 'NONE',  #8064 ) ;
#8066 =( GEOMETRIC_REPRESENTATION_CONTEXT ( 3 ) GLOBAL_UNCERTAINTY_ASSIGNED_CONTEXT ( ( #8067 ) ) GLOBAL_UNIT_ASSIGNED_CONTEXT ( ( #8070, #8069, #8068 ) ) REPRESENTATION_CONTEXT ( 'NONE', 'WORKASPACE' ) );
#8067 = UNCERTAINTY_MEASURE_WITH_UNIT (LENGTH_MEASURE( 1.000000000000000100E-005 ), #8070, 'distance_accuracy_value', 'NONE');
#8068 =( NAMED_UNIT ( * ) SI_UNIT ( $, .STERADIAN. ) SOLID_ANGLE_UNIT ( ) );
#8069 =( NAMED_UNIT ( * ) PLANE_ANGLE_UNIT ( ) SI_UNIT ( $, .RADIAN. ) );
#8070 =( LENGTH_UNIT ( ) NAMED_UNIT ( * ) SI_UNIT ( .MILLI., .METRE. ) );
#8071 = MECHANICAL_DESIGN_GEOMETRIC_PRESENTATION_REPRESENTATION (  '', ( #8012 ), #8066 ) ;
#8072 = PRESENTATION_LAYER_ASSIGNMENT (  '', '', ( #8012 ) ) ;
#8073 = CARTESIAN_POINT ( 'NONE',  ( -4.750000000000000900, -8.300000000000000700, -0.1000000000000129800 ) ) ;
#8074 = DIRECTION ( 'NONE',  ( 0.0000000000000000000, 0.7071067811865510100, 0.7071067811865441300 ) ) ;
#8075 = VECTOR ( 'NONE', #8074, 999.9999999999998900 ) ;
#8076 = CARTESIAN_POINT ( 'NONE',  ( -4.750000000000000900, -8.300000000000000700, -0.1000000000000129800 ) ) ;
#8077 = LINE ( 'NONE', #8076, #8075 ) ;
#8078 = CARTESIAN_POINT ( 'NONE',  ( -5.250000000000000900, -8.300000000000000700, -0.1000000000000129800 ) ) ;
#8079 = DIRECTION ( 'NONE',  ( 0.0000000000000000000, 0.7071067811865510100, 0.7071067811865441300 ) ) ;
#8080 = VECTOR ( 'NONE', #8079, 999.9999999999998900 ) ;
#8081 = CARTESIAN_POINT ( 'NONE',  ( -5.250000000000000900, -8.300000000000000700, -0.1000000000000129800 ) ) ;
#8082 = LINE ( 'NONE', #8081, #8080 ) ;
#8083 = DIRECTION ( 'NONE',  ( 0.0000000000000000000, 0.0000000000000000000, -1.000000000000000000 ) ) ;
#8084 = DIRECTION ( 'NONE',  ( 1.000000000000000000, 0.0000000000000000000, 0.0000000000000000000 ) ) ;
#8085 = CARTESIAN_POINT ( 'NONE',  ( -5.250000000000000900, -8.599999999999999600, 2.849999999999987200 ) ) ;
#8086 = AXIS2_PLACEMENT_3D ( 'NONE', #8085, #8084, #8083 ) ;
#8087 = PLANE ( 'NONE',  #8086 ) ;
#8088 =( GEOMETRIC_REPRESENTATION_CONTEXT ( 3 ) GLOBAL_UNCERTAINTY_ASSIGNED_CONTEXT ( ( #8089 ) ) GLOBAL_UNIT_ASSIGNED_CONTEXT ( ( #8092, #8091, #8090 ) ) REPRESENTATION_CONTEXT ( 'NONE', 'WORKASPACE' ) );
#8089 = UNCERTAINTY_MEASURE_WITH_UNIT (LENGTH_MEASURE( 1.000000000000000100E-005 ), #8092, 'distance_accuracy_value', 'NONE');
#8090 =( NAMED_UNIT ( * ) SI_UNIT ( $, .STERADIAN. ) SOLID_ANGLE_UNIT ( ) );
#8091 =( NAMED_UNIT ( * ) PLANE_ANGLE_UNIT ( ) SI_UNIT ( $, .RADIAN. ) );
#8092 =( LENGTH_UNIT ( ) NAMED_UNIT ( * ) SI_UNIT ( .MILLI., .METRE. ) );
#8093 = MECHANICAL_DESIGN_GEOMETRIC_PRESENTATION_REPRESENTATION (  '', ( #8095 ), #8088 ) ;
#8094 = PRESENTATION_LAYER_ASSIGNMENT (  '', '', ( #8095 ) ) ;
#8095 = STYLED_ITEM ( 'NONE', ( #8048 ), #2250 ) ;
#8096 = VECTOR ( 'NONE', #8150, 1000.000000000000000 ) ;
#8097 = CARTESIAN_POINT ( 'NONE',  ( -6.750000000000002700, -8.599999999999999600, 0.4999999999999859000 ) ) ;
#8098 = LINE ( 'NONE', #8097, #8096 ) ;
#8099 = DIRECTION ( 'NONE',  ( 0.0000000000000000000, 0.0000000000000000000, -1.000000000000000000 ) ) ;
#8100 = DIRECTION ( 'NONE',  ( 1.000000000000000000, 0.0000000000000000000, 0.0000000000000000000 ) ) ;
#8101 = CARTESIAN_POINT ( 'NONE',  ( -4.750000000000000900, -8.599999999999999600, 2.849999999999987200 ) ) ;
#8102 = AXIS2_PLACEMENT_3D ( 'NONE', #8101, #8100, #8099 ) ;
#8103 = PLANE ( 'NONE',  #8102 ) ;
#8104 =( GEOMETRIC_REPRESENTATION_CONTEXT ( 3 ) GLOBAL_UNCERTAINTY_ASSIGNED_CONTEXT ( ( #8105 ) ) GLOBAL_UNIT_ASSIGNED_CONTEXT ( ( #8108, #8107, #8106 ) ) REPRESENTATION_CONTEXT ( 'NONE', 'WORKASPACE' ) );
#8105 = UNCERTAINTY_MEASURE_WITH_UNIT (LENGTH_MEASURE( 1.000000000000000100E-005 ), #8108, 'distance_accuracy_value', 'NONE');
#8106 =( NAMED_UNIT ( * ) SI_UNIT ( $, .STERADIAN. ) SOLID_ANGLE_UNIT ( ) );
#8107 =( NAMED_UNIT ( * ) PLANE_ANGLE_UNIT ( ) SI_UNIT ( $, .RADIAN. ) );
#8108 =( LENGTH_UNIT ( ) NAMED_UNIT ( * ) SI_UNIT ( .MILLI., .METRE. ) );
#8109 = MECHANICAL_DESIGN_GEOMETRIC_PRESENTATION_REPRESENTATION (  '', ( #8111 ), #8104 ) ;
#8110 = PRESENTATION_LAYER_ASSIGNMENT (  '', '', ( #8111 ) ) ;
#8111 = STYLED_ITEM ( 'NONE', ( #8112 ), #2265 ) ;
#8112 = PRESENTATION_STYLE_ASSIGNMENT (( #8113 ) ) ;
#8113 = SURFACE_STYLE_USAGE ( .BOTH. , #8114 ) ;
#8114 = SURFACE_SIDE_STYLE ('',( #8115 ) ) ;
#8115 = SURFACE_STYLE_FILL_AREA ( #8116 ) ;
#8116 = FILL_AREA_STYLE ('',( #8123 ) ) ;
#8117 = COLOUR_RGB ( '',0.7529411764705882200, 0.7529411764705882200, 0.7529411764705882200 ) ;
#8118 = FACE_OUTER_BOUND ( 'NONE', #2266, .T. ) ;
#8119 = DIRECTION ( 'NONE',  ( -1.000000000000000000, 0.0000000000000000000, 0.0000000000000000000 ) ) ;
#8120 = VECTOR ( 'NONE', #8119, 1000.000000000000000 ) ;
#8121 = CARTESIAN_POINT ( 'NONE',  ( -4.750000000000000900, -8.300000000000000700, -0.1000000000000129800 ) ) ;
#8122 = LINE ( 'NONE', #8121, #8120 ) ;
#8123 = FILL_AREA_STYLE_COLOUR ( '', #8117 ) ;
#8124 = PLANE ( 'NONE',  #8180 ) ;
#8125 =( GEOMETRIC_REPRESENTATION_CONTEXT ( 3 ) GLOBAL_UNCERTAINTY_ASSIGNED_CONTEXT ( ( #8126 ) ) GLOBAL_UNIT_ASSIGNED_CONTEXT ( ( #8129, #8128, #8127 ) ) REPRESENTATION_CONTEXT ( 'NONE', 'WORKASPACE' ) );
#8126 = UNCERTAINTY_MEASURE_WITH_UNIT (LENGTH_MEASURE( 1.000000000000000100E-005 ), #8129, 'distance_accuracy_value', 'NONE');
#8127 =( NAMED_UNIT ( * ) SI_UNIT ( $, .STERADIAN. ) SOLID_ANGLE_UNIT ( ) );
#8128 =( NAMED_UNIT ( * ) PLANE_ANGLE_UNIT ( ) SI_UNIT ( $, .RADIAN. ) );
#8129 =( LENGTH_UNIT ( ) NAMED_UNIT ( * ) SI_UNIT ( .MILLI., .METRE. ) );
#8130 = MECHANICAL_DESIGN_GEOMETRIC_PRESENTATION_REPRESENTATION (  '', ( #8132 ), #8125 ) ;
#8131 = PRESENTATION_LAYER_ASSIGNMENT (  '', '', ( #8132 ) ) ;
#8132 = STYLED_ITEM ( 'NONE', ( #8133 ), #2278 ) ;
#8133 = PRESENTATION_STYLE_ASSIGNMENT (( #8134 ) ) ;
#8134 = SURFACE_STYLE_USAGE ( .BOTH. , #8135 ) ;
#8135 = SURFACE_SIDE_STYLE ('',( #8136 ) ) ;
#8136 = SURFACE_STYLE_FILL_AREA ( #8137 ) ;
#8137 = FILL_AREA_STYLE ('',( #8144 ) ) ;
#8138 = COLOUR_RGB ( '',0.7529411764705882200, 0.7529411764705882200, 0.7529411764705882200 ) ;
#8139 = FACE_OUTER_BOUND ( 'NONE', #2279, .T. ) ;
#8140 = DIRECTION ( 'NONE',  ( 0.0000000000000000000, 1.000000000000000000, 8.340016711426957800E-017 ) ) ;
#8141 = VECTOR ( 'NONE', #8140, 1000.000000000000000 ) ;
#8142 = CARTESIAN_POINT ( 'NONE',  ( -6.750000000000002700, -2.600000000000000500, 2.349999999999985900 ) ) ;
#8143 = LINE ( 'NONE', #8142, #8141 ) ;
#8144 = FILL_AREA_STYLE_COLOUR ( '', #8138 ) ;
#8145 = DIRECTION ( 'NONE',  ( 0.0000000000000000000, -1.000000000000000000, 0.0000000000000000000 ) ) ;
#8146 = VECTOR ( 'NONE', #8145, 1000.000000000000000 ) ;
#8147 = CARTESIAN_POINT ( 'NONE',  ( -6.750000000000002700, -8.599999999999999600, 2.849999999999985900 ) ) ;
#8148 = LINE ( 'NONE', #8147, #8146 ) ;
#8149 = CARTESIAN_POINT ( 'NONE',  ( -6.750000000000002700, -10.00000000000000000, 0.4999999999999857900 ) ) ;
#8150 = DIRECTION ( 'NONE',  ( 0.0000000000000000000, -1.000000000000000000, -7.744301232039316700E-017 ) ) ;
#8151 = UNCERTAINTY_MEASURE_WITH_UNIT (LENGTH_MEASURE( 1.000000000000000100E-005 ), #8613, 'distance_accuracy_value', 'NONE');
#8152 =( GEOMETRIC_REPRESENTATION_CONTEXT ( 3 ) GLOBAL_UNCERTAINTY_ASSIGNED_CONTEXT ( ( #8153 ) ) GLOBAL_UNIT_ASSIGNED_CONTEXT ( ( #8156, #8155, #8154 ) ) REPRESENTATION_CONTEXT ( 'NONE', 'WORKASPACE' ) );
#8153 = UNCERTAINTY_MEASURE_WITH_UNIT (LENGTH_MEASURE( 1.000000000000000100E-005 ), #8156, 'distance_accuracy_value', 'NONE');
#8154 =( NAMED_UNIT ( * ) SI_UNIT ( $, .STERADIAN. ) SOLID_ANGLE_UNIT ( ) );
#8155 =( NAMED_UNIT ( * ) PLANE_ANGLE_UNIT ( ) SI_UNIT ( $, .RADIAN. ) );
#8156 =( LENGTH_UNIT ( ) NAMED_UNIT ( * ) SI_UNIT ( .MILLI., .METRE. ) );
#8157 = MECHANICAL_DESIGN_GEOMETRIC_PRESENTATION_REPRESENTATION (  '', ( #8159 ), #8152 ) ;
#8158 = PRESENTATION_LAYER_ASSIGNMENT (  '', '', ( #8159 ) ) ;
#8159 = STYLED_ITEM ( 'NONE', ( #8160 ), #2289 ) ;
#8160 = PRESENTATION_STYLE_ASSIGNMENT (( #8161 ) ) ;
#8161 = SURFACE_STYLE_USAGE ( .BOTH. , #8162 ) ;
#8162 = SURFACE_SIDE_STYLE ('',( #8163 ) ) ;
#8163 = SURFACE_STYLE_FILL_AREA ( #8164 ) ;
#8164 = FILL_AREA_STYLE ('',( #8171 ) ) ;
#8165 = COLOUR_RGB ( '',0.7529411764705882200, 0.7529411764705882200, 0.7529411764705882200 ) ;
#8166 = FACE_OUTER_BOUND ( 'NONE', #2290, .T. ) ;
#8167 = DIRECTION ( 'NONE',  ( -1.000000000000000000, 0.0000000000000000000, 0.0000000000000000000 ) ) ;
#8168 = VECTOR ( 'NONE', #8167, 1000.000000000000000 ) ;
#8169 = CARTESIAN_POINT ( 'NONE',  ( -6.750000000000002700, -2.600000000000000500, 2.349999999999985900 ) ) ;
#8170 = LINE ( 'NONE', #8169, #8168 ) ;
#8171 = FILL_AREA_STYLE_COLOUR ( '', #8165 ) ;
#8172 = CARTESIAN_POINT ( 'NONE',  ( -6.750000000000002700, -2.600000000000000500, 2.349999999999985900 ) ) ;
#8173 = DIRECTION ( 'NONE',  ( 0.0000000000000000000, 0.0000000000000000000, 1.000000000000000000 ) ) ;
#8174 = VECTOR ( 'NONE', #8173, 1000.000000000000000 ) ;
#8175 = CARTESIAN_POINT ( 'NONE',  ( -6.750000000000002700, -2.600000000000000500, 2.849999999999985900 ) ) ;
#8176 = LINE ( 'NONE', #8175, #8174 ) ;
#8177 = DIRECTION ( 'NONE',  ( -1.000000000000000000, 0.0000000000000000000, 0.0000000000000000000 ) ) ;
#8178 = DIRECTION ( 'NONE',  ( 0.0000000000000000000, 0.0000000000000000000, -1.000000000000000000 ) ) ;
#8179 = CARTESIAN_POINT ( 'NONE',  ( -6.750000000000002700, -8.599999999999999600, 2.849999999999985900 ) ) ;
#8180 = AXIS2_PLACEMENT_3D ( 'NONE', #8179, #8178, #8177 ) ;
#8181 =( GEOMETRIC_REPRESENTATION_CONTEXT ( 3 ) GLOBAL_UNCERTAINTY_ASSIGNED_CONTEXT ( ( #8182 ) ) GLOBAL_UNIT_ASSIGNED_CONTEXT ( ( #8185, #8184, #8183 ) ) REPRESENTATION_CONTEXT ( 'NONE', 'WORKASPACE' ) );
#8182 = UNCERTAINTY_MEASURE_WITH_UNIT (LENGTH_MEASURE( 1.000000000000000100E-005 ), #8185, 'distance_accuracy_value', 'NONE');
#8183 =( NAMED_UNIT ( * ) SI_UNIT ( $, .STERADIAN. ) SOLID_ANGLE_UNIT ( ) );
#8184 =( NAMED_UNIT ( * ) PLANE_ANGLE_UNIT ( ) SI_UNIT ( $, .RADIAN. ) );
#8185 =( LENGTH_UNIT ( ) NAMED_UNIT ( * ) SI_UNIT ( .MILLI., .METRE. ) );
#8186 = MECHANICAL_DESIGN_GEOMETRIC_PRESENTATION_REPRESENTATION (  '', ( #8188 ), #8181 ) ;
#8187 = PRESENTATION_LAYER_ASSIGNMENT (  '', '', ( #8188 ) ) ;
#8188 = STYLED_ITEM ( 'NONE', ( #8189 ), #2297 ) ;
#8189 = PRESENTATION_STYLE_ASSIGNMENT (( #8190 ) ) ;
#8190 = SURFACE_STYLE_USAGE ( .BOTH. , #8191 ) ;
#8191 = SURFACE_SIDE_STYLE ('',( #8192 ) ) ;
#8192 = SURFACE_STYLE_FILL_AREA ( #8193 ) ;
#8193 = FILL_AREA_STYLE ('',( #8200 ) ) ;
#8194 = COLOUR_RGB ( '',0.7529411764705882200, 0.7529411764705882200, 0.7529411764705882200 ) ;
#8195 = FACE_OUTER_BOUND ( 'NONE', #2298, .T. ) ;
#8196 = DIRECTION ( 'NONE',  ( 0.0000000000000000000, 1.000000000000000000, 8.340016711426957800E-017 ) ) ;
#8197 = VECTOR ( 'NONE', #8196, 1000.000000000000000 ) ;
#8198 = CARTESIAN_POINT ( 'NONE',  ( -7.250000000000002700, -2.600000000000000500, 2.349999999999985900 ) ) ;
#8199 = LINE ( 'NONE', #8198, #8197 ) ;
#8200 = FILL_AREA_STYLE_COLOUR ( '', #8194 ) ;
#8201 = DIRECTION ( 'NONE',  ( 0.0000000000000000000, -1.000000000000000000, 0.0000000000000000000 ) ) ;
#8202 = VECTOR ( 'NONE', #8201, 1000.000000000000000 ) ;
#8203 = CARTESIAN_POINT ( 'NONE',  ( -7.250000000000002700, -8.599999999999999600, 2.849999999999985900 ) ) ;
#8204 = LINE ( 'NONE', #8203, #8202 ) ;
#8205 = DIRECTION ( 'NONE',  ( 0.0000000000000000000, 0.0000000000000000000, -1.000000000000000000 ) ) ;
#8206 = DIRECTION ( 'NONE',  ( 1.000000000000000000, 0.0000000000000000000, 0.0000000000000000000 ) ) ;
#8207 = CARTESIAN_POINT ( 'NONE',  ( -7.250000000000002700, -8.599999999999999600, 2.849999999999985900 ) ) ;
#8208 = AXIS2_PLACEMENT_3D ( 'NONE', #8207, #8206, #8205 ) ;
#8209 = PLANE ( 'NONE',  #8208 ) ;
#8210 = DIRECTION ( 'NONE',  ( 0.0000000000000000000, 0.0000000000000000000, -1.000000000000000000 ) ) ;
#8211 = DIRECTION ( 'NONE',  ( 0.0000000000000000000, -1.000000000000000000, 0.0000000000000000000 ) ) ;
#8212 = CARTESIAN_POINT ( 'NONE',  ( -6.750000000000002700, -2.600000000000000500, 2.849999999999985900 ) ) ;
#8213 = AXIS2_PLACEMENT_3D ( 'NONE', #8212, #8211, #8210 ) ;
#8214 = PLANE ( 'NONE',  #8213 ) ;
#8215 =( GEOMETRIC_REPRESENTATION_CONTEXT ( 3 ) GLOBAL_UNCERTAINTY_ASSIGNED_CONTEXT ( ( #8216 ) ) GLOBAL_UNIT_ASSIGNED_CONTEXT ( ( #8219, #8218, #8217 ) ) REPRESENTATION_CONTEXT ( 'NONE', 'WORKASPACE' ) );
#8216 = UNCERTAINTY_MEASURE_WITH_UNIT (LENGTH_MEASURE( 1.000000000000000100E-005 ), #8219, 'distance_accuracy_value', 'NONE');
#8217 =( NAMED_UNIT ( * ) SI_UNIT ( $, .STERADIAN. ) SOLID_ANGLE_UNIT ( ) );
#8218 =( NAMED_UNIT ( * ) PLANE_ANGLE_UNIT ( ) SI_UNIT ( $, .RADIAN. ) );
#8219 =( LENGTH_UNIT ( ) NAMED_UNIT ( * ) SI_UNIT ( .MILLI., .METRE. ) );
#8220 = MECHANICAL_DESIGN_GEOMETRIC_PRESENTATION_REPRESENTATION (  '', ( #8222 ), #8215 ) ;
#8221 = PRESENTATION_LAYER_ASSIGNMENT (  '', '', ( #8222 ) ) ;
#8222 = STYLED_ITEM ( 'NONE', ( #8223 ), #2303 ) ;
#8223 = PRESENTATION_STYLE_ASSIGNMENT (( #8224 ) ) ;
#8224 = SURFACE_STYLE_USAGE ( .BOTH. , #8225 ) ;
#8225 = SURFACE_SIDE_STYLE ('',( #8226 ) ) ;
#8226 = SURFACE_STYLE_FILL_AREA ( #8227 ) ;
#8227 = FILL_AREA_STYLE ('',( #8234 ) ) ;
#8228 = COLOUR_RGB ( '',0.7529411764705882200, 0.7529411764705882200, 0.7529411764705882200 ) ;
#8229 = FACE_OUTER_BOUND ( 'NONE', #2304, .T. ) ;
#8230 = DIRECTION ( 'NONE',  ( 0.0000000000000000000, 0.0000000000000000000, -1.000000000000000000 ) ) ;
#8231 = DIRECTION ( 'NONE',  ( 1.000000000000000000, 0.0000000000000000000, 0.0000000000000000000 ) ) ;
#8232 = CARTESIAN_POINT ( 'NONE',  ( -6.750000000000002700, -8.599999999999999600, 2.849999999999985900 ) ) ;
#8233 = AXIS2_PLACEMENT_3D ( 'NONE', #8232, #8231, #8230 ) ;
#8234 = FILL_AREA_STYLE_COLOUR ( '', #8228 ) ;
#8235 = PLANE ( 'NONE',  #8233 ) ;
#8236 =( GEOMETRIC_REPRESENTATION_CONTEXT ( 3 ) GLOBAL_UNCERTAINTY_ASSIGNED_CONTEXT ( ( #8237 ) ) GLOBAL_UNIT_ASSIGNED_CONTEXT ( ( #8240, #8239, #8238 ) ) REPRESENTATION_CONTEXT ( 'NONE', 'WORKASPACE' ) );
#8237 = UNCERTAINTY_MEASURE_WITH_UNIT (LENGTH_MEASURE( 1.000000000000000100E-005 ), #8240, 'distance_accuracy_value', 'NONE');
#8238 =( NAMED_UNIT ( * ) SI_UNIT ( $, .STERADIAN. ) SOLID_ANGLE_UNIT ( ) );
#8239 =( NAMED_UNIT ( * ) PLANE_ANGLE_UNIT ( ) SI_UNIT ( $, .RADIAN. ) );
#8240 =( LENGTH_UNIT ( ) NAMED_UNIT ( * ) SI_UNIT ( .MILLI., .METRE. ) );
#8241 = MECHANICAL_DESIGN_GEOMETRIC_PRESENTATION_REPRESENTATION (  '', ( #8243 ), #8236 ) ;
#8242 = PRESENTATION_LAYER_ASSIGNMENT (  '', '', ( #8243 ) ) ;
#8243 = STYLED_ITEM ( 'NONE', ( #8244 ), #2312 ) ;
#8244 = PRESENTATION_STYLE_ASSIGNMENT (( #8245 ) ) ;
#8245 = SURFACE_STYLE_USAGE ( .BOTH. , #8246 ) ;
#8246 = SURFACE_SIDE_STYLE ('',( #8247 ) ) ;
#8247 = SURFACE_STYLE_FILL_AREA ( #8248 ) ;
#8248 = FILL_AREA_STYLE ('',( #8255 ) ) ;
#8249 = COLOUR_RGB ( '',0.7529411764705882200, 0.7529411764705882200, 0.7529411764705882200 ) ;
#8250 = FACE_OUTER_BOUND ( 'NONE', #2313, .T. ) ;
#8251 = DIRECTION ( 'NONE',  ( 0.0000000000000000000, 0.0000000000000000000, -1.000000000000000000 ) ) ;
#8252 = VECTOR ( 'NONE', #8251, 1000.000000000000000 ) ;
#8253 = CARTESIAN_POINT ( 'NONE',  ( -7.250000000000002700, -10.00000000000000000, 0.4999999999999857900 ) ) ;
#8254 = LINE ( 'NONE', #8253, #8252 ) ;
#8255 = FILL_AREA_STYLE_COLOUR ( '', #8249 ) ;
#8256 = CARTESIAN_POINT ( 'NONE',  ( -7.250000000000002700, -10.00000000000000000, -0.1000000000000142900 ) ) ;
#8257 = DIRECTION ( 'NONE',  ( 0.0000000000000000000, 1.000000000000000000, 1.275531967630005200E-016 ) ) ;
#8258 = VECTOR ( 'NONE', #8257, 1000.000000000000000 ) ;
#8259 = CARTESIAN_POINT ( 'NONE',  ( -7.250000000000002700, -8.300000000000000700, -0.1000000000000140800 ) ) ;
#8260 = LINE ( 'NONE', #8259, #8258 ) ;
#8261 = CARTESIAN_POINT ( 'NONE',  ( -7.250000000000002700, -2.600000000000000500, 2.349999999999985900 ) ) ;
#8262 = DIRECTION ( 'NONE',  ( 0.0000000000000000000, 0.0000000000000000000, 1.000000000000000000 ) ) ;
#8263 = VECTOR ( 'NONE', #8262, 1000.000000000000000 ) ;
#8264 = CARTESIAN_POINT ( 'NONE',  ( -7.250000000000002700, -2.600000000000000500, 2.849999999999985900 ) ) ;
#8265 = LINE ( 'NONE', #8264, #8263 ) ;
#8266 = AXIS2_PLACEMENT_3D ( 'NONE', #8327, #8326, #8325 ) ;
#8267 = PLANE ( 'NONE',  #8266 ) ;
#8268 =( GEOMETRIC_REPRESENTATION_CONTEXT ( 3 ) GLOBAL_UNCERTAINTY_ASSIGNED_CONTEXT ( ( #8269 ) ) GLOBAL_UNIT_ASSIGNED_CONTEXT ( ( #8272, #8271, #8270 ) ) REPRESENTATION_CONTEXT ( 'NONE', 'WORKASPACE' ) );
#8269 = UNCERTAINTY_MEASURE_WITH_UNIT (LENGTH_MEASURE( 1.000000000000000100E-005 ), #8272, 'distance_accuracy_value', 'NONE');
#8270 =( NAMED_UNIT ( * ) SI_UNIT ( $, .STERADIAN. ) SOLID_ANGLE_UNIT ( ) );
#8271 =( NAMED_UNIT ( * ) PLANE_ANGLE_UNIT ( ) SI_UNIT ( $, .RADIAN. ) );
#8272 =( LENGTH_UNIT ( ) NAMED_UNIT ( * ) SI_UNIT ( .MILLI., .METRE. ) );
#8273 = MECHANICAL_DESIGN_GEOMETRIC_PRESENTATION_REPRESENTATION (  '', ( #8275 ), #8268 ) ;
#8274 = PRESENTATION_LAYER_ASSIGNMENT (  '', '', ( #8275 ) ) ;
#8275 = STYLED_ITEM ( 'NONE', ( #8276 ), #2316 ) ;
#8276 = PRESENTATION_STYLE_ASSIGNMENT (( #8277 ) ) ;
#8277 = SURFACE_STYLE_USAGE ( .BOTH. , #8278 ) ;
#8278 = SURFACE_SIDE_STYLE ('',( #8279 ) ) ;
#8279 = SURFACE_STYLE_FILL_AREA ( #8280 ) ;
#8280 = FILL_AREA_STYLE ('',( #8287 ) ) ;
#8281 = COLOUR_RGB ( '',0.7529411764705882200, 0.7529411764705882200, 0.7529411764705882200 ) ;
#8282 = FACE_OUTER_BOUND ( 'NONE', #2340, .T. ) ;
#8283 = DIRECTION ( 'NONE',  ( -1.000000000000000000, 0.0000000000000000000, 0.0000000000000000000 ) ) ;
#8284 = VECTOR ( 'NONE', #8283, 1000.000000000000000 ) ;
#8285 = CARTESIAN_POINT ( 'NONE',  ( -6.750000000000002700, -8.300000000000000700, -0.1000000000000140800 ) ) ;
#8286 = LINE ( 'NONE', #8285, #8284 ) ;
#8287 = FILL_AREA_STYLE_COLOUR ( '', #8281 ) ;
#8288 = DIRECTION ( 'NONE',  ( 0.0000000000000000000, 0.0000000000000000000, 1.000000000000000000 ) ) ;
#8289 = DIRECTION ( 'NONE',  ( 0.0000000000000000000, 1.000000000000000000, 0.0000000000000000000 ) ) ;
#8290 = CARTESIAN_POINT ( 'NONE',  ( -6.750000000000002700, -10.00000000000000000, 0.4999999999999857900 ) ) ;
#8291 = AXIS2_PLACEMENT_3D ( 'NONE', #8290, #8289, #8288 ) ;
#8292 = PLANE ( 'NONE',  #8291 ) ;
#8293 =( NAMED_UNIT ( * ) SI_UNIT ( $, .STERADIAN. ) SOLID_ANGLE_UNIT ( ) );
#8294 =( NAMED_UNIT ( * ) PLANE_ANGLE_UNIT ( ) SI_UNIT ( $, .RADIAN. ) );
#8295 =( LENGTH_UNIT ( ) NAMED_UNIT ( * ) SI_UNIT ( .MILLI., .METRE. ) );
#8296 = MECHANICAL_DESIGN_GEOMETRIC_PRESENTATION_REPRESENTATION (  '', ( #8298 ), #8356 ) ;
#8297 = PRESENTATION_LAYER_ASSIGNMENT (  '', '', ( #8298 ) ) ;
#8298 = STYLED_ITEM ( 'NONE', ( #8299 ), #2330 ) ;
#8299 = PRESENTATION_STYLE_ASSIGNMENT (( #8300 ) ) ;
#8300 = SURFACE_STYLE_USAGE ( .BOTH. , #8301 ) ;
#8301 = SURFACE_SIDE_STYLE ('',( #8302 ) ) ;
#8302 = SURFACE_STYLE_FILL_AREA ( #8303 ) ;
#8303 = FILL_AREA_STYLE ('',( #8310 ) ) ;
#8304 = COLOUR_RGB ( '',0.7529411764705882200, 0.7529411764705882200, 0.7529411764705882200 ) ;
#8305 = FACE_OUTER_BOUND ( 'NONE', #2331, .T. ) ;
#8306 = DIRECTION ( 'NONE',  ( -1.000000000000000000, 0.0000000000000000000, 0.0000000000000000000 ) ) ;
#8307 = VECTOR ( 'NONE', #8306, 1000.000000000000000 ) ;
#8308 = CARTESIAN_POINT ( 'NONE',  ( -6.750000000000002700, -10.00000000000000000, 0.4999999999999857900 ) ) ;
#8309 = LINE ( 'NONE', #8308, #8307 ) ;
#8310 = FILL_AREA_STYLE_COLOUR ( '', #8304 ) ;
#8311 = CARTESIAN_POINT ( 'NONE',  ( -7.250000000000002700, -10.00000000000000000, 0.4999999999999857900 ) ) ;
#8312 = DIRECTION ( 'NONE',  ( 0.0000000000000000000, -1.000000000000000000, -7.744301232039316700E-017 ) ) ;
#8313 = VECTOR ( 'NONE', #8312, 1000.000000000000000 ) ;
#8314 = CARTESIAN_POINT ( 'NONE',  ( -7.250000000000002700, -8.599999999999999600, 0.4999999999999859000 ) ) ;
#8315 = LINE ( 'NONE', #8314, #8313 ) ;
#8316 = DIRECTION ( 'NONE',  ( 0.0000000000000000000, 1.000000000000000000, 1.275531967630005200E-016 ) ) ;
#8317 = VECTOR ( 'NONE', #8316, 1000.000000000000000 ) ;
#8318 = CARTESIAN_POINT ( 'NONE',  ( -6.750000000000002700, -8.300000000000000700, -0.1000000000000140800 ) ) ;
#8319 = LINE ( 'NONE', #8318, #8317 ) ;
#8320 = CARTESIAN_POINT ( 'NONE',  ( -6.750000000000002700, -10.00000000000000000, -0.1000000000000142900 ) ) ;
#8321 = DIRECTION ( 'NONE',  ( 0.0000000000000000000, 0.0000000000000000000, -1.000000000000000000 ) ) ;
#8322 = VECTOR ( 'NONE', #8321, 1000.000000000000000 ) ;
#8323 = CARTESIAN_POINT ( 'NONE',  ( -6.750000000000002700, -10.00000000000000000, 0.4999999999999857900 ) ) ;
#8324 = LINE ( 'NONE', #8323, #8322 ) ;
#8325 = DIRECTION ( 'NONE',  ( 0.0000000000000000000, 0.0000000000000000000, -1.000000000000000000 ) ) ;
#8326 = DIRECTION ( 'NONE',  ( 1.000000000000000000, 0.0000000000000000000, 0.0000000000000000000 ) ) ;
#8327 = CARTESIAN_POINT ( 'NONE',  ( -6.750000000000002700, -8.599999999999999600, 2.849999999999985900 ) ) ;
#8328 =( NAMED_UNIT ( * ) PLANE_ANGLE_UNIT ( ) SI_UNIT ( $, .RADIAN. ) );
#8329 =( LENGTH_UNIT ( ) NAMED_UNIT ( * ) SI_UNIT ( .MILLI., .METRE. ) );
#8330 = MECHANICAL_DESIGN_GEOMETRIC_PRESENTATION_REPRESENTATION (  '', ( #8332 ), #8379 ) ;
#8331 = PRESENTATION_LAYER_ASSIGNMENT (  '', '', ( #8332 ) ) ;
#8332 = STYLED_ITEM ( 'NONE', ( #8333 ), #2342 ) ;
#8333 = PRESENTATION_STYLE_ASSIGNMENT (( #8334 ) ) ;
#8334 = SURFACE_STYLE_USAGE ( .BOTH. , #8335 ) ;
#8335 = SURFACE_SIDE_STYLE ('',( #8336 ) ) ;
#8336 = SURFACE_STYLE_FILL_AREA ( #8337 ) ;
#8337 = FILL_AREA_STYLE ('',( #8338 ) ) ;
#8338 = FILL_AREA_STYLE_COLOUR ( '', #8339 ) ;
#8339 = COLOUR_RGB ( '',0.7529411764705882200, 0.7529411764705882200, 0.7529411764705882200 ) ;
#8340 = FACE_OUTER_BOUND ( 'NONE', #2283, .T. ) ;
#8341 = CARTESIAN_POINT ( 'NONE',  ( -6.750000000000002700, -8.300000000000000700, -0.1000000000000140800 ) ) ;
#8342 = DIRECTION ( 'NONE',  ( 0.0000000000000000000, 0.7071067811865510100, 0.7071067811865441300 ) ) ;
#8343 = VECTOR ( 'NONE', #8342, 999.9999999999998900 ) ;
#8344 = CARTESIAN_POINT ( 'NONE',  ( -6.750000000000002700, -8.300000000000000700, -0.1000000000000140800 ) ) ;
#8345 = LINE ( 'NONE', #8344, #8343 ) ;
#8346 = CARTESIAN_POINT ( 'NONE',  ( -7.250000000000002700, -8.300000000000000700, -0.1000000000000140800 ) ) ;
#8347 = DIRECTION ( 'NONE',  ( 0.0000000000000000000, 0.7071067811865510100, 0.7071067811865441300 ) ) ;
#8348 = VECTOR ( 'NONE', #8347, 999.9999999999998900 ) ;
#8349 = CARTESIAN_POINT ( 'NONE',  ( -7.250000000000002700, -8.300000000000000700, -0.1000000000000140800 ) ) ;
#8350 = LINE ( 'NONE', #8349, #8348 ) ;
#8351 = DIRECTION ( 'NONE',  ( 0.0000000000000000000, -0.7071067811865510100, -0.7071067811865441300 ) ) ;
#8352 = DIRECTION ( 'NONE',  ( 0.0000000000000000000, -0.7071067811865441300, 0.7071067811865510100 ) ) ;
#8353 = CARTESIAN_POINT ( 'NONE',  ( -6.750000000000002700, -8.300000000000000700, -0.1000000000000140800 ) ) ;
#8354 = AXIS2_PLACEMENT_3D ( 'NONE', #8353, #8352, #8351 ) ;
#8355 = PLANE ( 'NONE',  #8354 ) ;
#8356 =( GEOMETRIC_REPRESENTATION_CONTEXT ( 3 ) GLOBAL_UNCERTAINTY_ASSIGNED_CONTEXT ( ( #8357 ) ) GLOBAL_UNIT_ASSIGNED_CONTEXT ( ( #8295, #8294, #8293 ) ) REPRESENTATION_CONTEXT ( 'NONE', 'WORKASPACE' ) );
#8357 = UNCERTAINTY_MEASURE_WITH_UNIT (LENGTH_MEASURE( 1.000000000000000100E-005 ), #8295, 'distance_accuracy_value', 'NONE');
#8358 =( GEOMETRIC_REPRESENTATION_CONTEXT ( 3 ) GLOBAL_UNCERTAINTY_ASSIGNED_CONTEXT ( ( #8359 ) ) GLOBAL_UNIT_ASSIGNED_CONTEXT ( ( #8362, #8361, #8360 ) ) REPRESENTATION_CONTEXT ( 'NONE', 'WORKASPACE' ) );
#8359 = UNCERTAINTY_MEASURE_WITH_UNIT (LENGTH_MEASURE( 1.000000000000000100E-005 ), #8362, 'distance_accuracy_value', 'NONE');
#8360 =( NAMED_UNIT ( * ) SI_UNIT ( $, .STERADIAN. ) SOLID_ANGLE_UNIT ( ) );
#8361 =( NAMED_UNIT ( * ) PLANE_ANGLE_UNIT ( ) SI_UNIT ( $, .RADIAN. ) );
#8362 =( LENGTH_UNIT ( ) NAMED_UNIT ( * ) SI_UNIT ( .MILLI., .METRE. ) );
#8363 = MECHANICAL_DESIGN_GEOMETRIC_PRESENTATION_REPRESENTATION (  '', ( #8365 ), #8358 ) ;
#8364 = PRESENTATION_LAYER_ASSIGNMENT (  '', '', ( #8365 ) ) ;
#8365 = STYLED_ITEM ( 'NONE', ( #8366 ), #2347 ) ;
#8366 = PRESENTATION_STYLE_ASSIGNMENT (( #8367 ) ) ;
#8367 = SURFACE_STYLE_USAGE ( .BOTH. , #8368 ) ;
#8368 = SURFACE_SIDE_STYLE ('',( #8369 ) ) ;
#8369 = SURFACE_STYLE_FILL_AREA ( #8370 ) ;
#8370 = FILL_AREA_STYLE ('',( #8377 ) ) ;
#8371 = COLOUR_RGB ( '',0.7529411764705882200, 0.7529411764705882200, 0.7529411764705882200 ) ;
#8372 = FACE_OUTER_BOUND ( 'NONE', #104, .T. ) ;
#8373 = DIRECTION ( 'NONE',  ( 0.0000000000000000000, -1.000000000000000000, -8.340016711426957800E-017 ) ) ;
#8374 = DIRECTION ( 'NONE',  ( 0.0000000000000000000, -8.340016711426957800E-017, 1.000000000000000000 ) ) ;
#8375 = CARTESIAN_POINT ( 'NONE',  ( -6.750000000000002700, -2.600000000000000500, 2.349999999999985900 ) ) ;
#8376 = AXIS2_PLACEMENT_3D ( 'NONE', #8375, #8374, #8373 ) ;
#8377 = FILL_AREA_STYLE_COLOUR ( '', #8371 ) ;
#8378 = PLANE ( 'NONE',  #8376 ) ;
#8379 =( GEOMETRIC_REPRESENTATION_CONTEXT ( 3 ) GLOBAL_UNCERTAINTY_ASSIGNED_CONTEXT ( ( #8380 ) ) GLOBAL_UNIT_ASSIGNED_CONTEXT ( ( #8329, #8328, #8381 ) ) REPRESENTATION_CONTEXT ( 'NONE', 'WORKASPACE' ) );
#8380 = UNCERTAINTY_MEASURE_WITH_UNIT (LENGTH_MEASURE( 1.000000000000000100E-005 ), #8329, 'distance_accuracy_value', 'NONE');
#8381 =( NAMED_UNIT ( * ) SI_UNIT ( $, .STERADIAN. ) SOLID_ANGLE_UNIT ( ) );
#8382 = DIRECTION ( 'NONE',  ( 0.0000000000000000000, 0.0000000000000000000, -1.000000000000000000 ) ) ;
#8383 = DIRECTION ( 'NONE',  ( 1.000000000000000000, 0.0000000000000000000, 0.0000000000000000000 ) ) ;
#8384 = CARTESIAN_POINT ( 'NONE',  ( -8.750000000000000000, -8.599999999999999600, 2.849999999999985000 ) ) ;
#8385 = AXIS2_PLACEMENT_3D ( 'NONE', #8384, #8383, #8382 ) ;
#8386 = PLANE ( 'NONE',  #8385 ) ;
#8387 =( GEOMETRIC_REPRESENTATION_CONTEXT ( 3 ) GLOBAL_UNCERTAINTY_ASSIGNED_CONTEXT ( ( #8388 ) ) GLOBAL_UNIT_ASSIGNED_CONTEXT ( ( #8391, #8390, #8389 ) ) REPRESENTATION_CONTEXT ( 'NONE', 'WORKASPACE' ) );
#8388 = UNCERTAINTY_MEASURE_WITH_UNIT (LENGTH_MEASURE( 1.000000000000000100E-005 ), #8391, 'distance_accuracy_value', 'NONE');
#8389 =( NAMED_UNIT ( * ) SI_UNIT ( $, .STERADIAN. ) SOLID_ANGLE_UNIT ( ) );
#8390 =( NAMED_UNIT ( * ) PLANE_ANGLE_UNIT ( ) SI_UNIT ( $, .RADIAN. ) );
#8391 =( LENGTH_UNIT ( ) NAMED_UNIT ( * ) SI_UNIT ( .MILLI., .METRE. ) );
#8392 = MECHANICAL_DESIGN_GEOMETRIC_PRESENTATION_REPRESENTATION (  '', ( #8394 ), #8387 ) ;
#8393 = PRESENTATION_LAYER_ASSIGNMENT (  '', '', ( #8394 ) ) ;
#8394 = STYLED_ITEM ( 'NONE', ( #8395 ), #2348 ) ;
#8395 = PRESENTATION_STYLE_ASSIGNMENT (( #8396 ) ) ;
#8396 = SURFACE_STYLE_USAGE ( .BOTH. , #8397 ) ;
#8397 = SURFACE_SIDE_STYLE ('',( #8398 ) ) ;
#8398 = SURFACE_STYLE_FILL_AREA ( #8399 ) ;
#8399 = FILL_AREA_STYLE ('',( #8406 ) ) ;
#8400 = COLOUR_RGB ( '',0.7529411764705882200, 0.7529411764705882200, 0.7529411764705882200 ) ;
#8401 = FACE_OUTER_BOUND ( 'NONE', #2349, .T. ) ;
#8402 = DIRECTION ( 'NONE',  ( 0.0000000000000000000, 1.000000000000000000, 7.744301232039316700E-017 ) ) ;
#8403 = DIRECTION ( 'NONE',  ( 0.0000000000000000000, 7.744301232039316700E-017, -1.000000000000000000 ) ) ;
#8404 = CARTESIAN_POINT ( 'NONE',  ( -6.750000000000002700, -8.599999999999999600, 0.4999999999999859000 ) ) ;
#8405 = AXIS2_PLACEMENT_3D ( 'NONE', #8404, #8403, #8402 ) ;
#8406 = FILL_AREA_STYLE_COLOUR ( '', #8400 ) ;
#8407 = PLANE ( 'NONE',  #8405 ) ;
#8408 = COLOUR_RGB ( '',0.7529411764705882200, 0.7529411764705882200, 0.7529411764705882200 ) ;
#8409 = FACE_OUTER_BOUND ( 'NONE', #2368, .T. ) ;
#8410 = DIRECTION ( 'NONE',  ( -1.000000000000000000, 0.0000000000000000000, 0.0000000000000000000 ) ) ;
#8411 = VECTOR ( 'NONE', #8410, 1000.000000000000000 ) ;
#8412 = CARTESIAN_POINT ( 'NONE',  ( -8.750000000000000000, -2.600000000000000500, 2.349999999999985000 ) ) ;
#8413 = LINE ( 'NONE', #8412, #8411 ) ;
#8414 = FILL_AREA_STYLE_COLOUR ( '', #8408 ) ;
#8415 = CARTESIAN_POINT ( 'NONE',  ( -8.750000000000000000, -2.600000000000000500, 2.349999999999985000 ) ) ;
#8416 = DIRECTION ( 'NONE',  ( 0.0000000000000000000, 0.0000000000000000000, 1.000000000000000000 ) ) ;
#8417 = VECTOR ( 'NONE', #8416, 1000.000000000000000 ) ;
#8418 = CARTESIAN_POINT ( 'NONE',  ( -8.750000000000000000, -2.600000000000000500, 2.849999999999985000 ) ) ;
#8419 = LINE ( 'NONE', #8418, #8417 ) ;
#8420 = CARTESIAN_POINT ( 'NONE',  ( -8.750000000000000000, -2.600000000000000500, 2.849999999999985000 ) ) ;
#8421 = DIRECTION ( 'NONE',  ( -1.000000000000000000, 0.0000000000000000000, 0.0000000000000000000 ) ) ;
#8422 = VECTOR ( 'NONE', #8421, 1000.000000000000000 ) ;
#8423 = CARTESIAN_POINT ( 'NONE',  ( -8.750000000000000000, -2.600000000000000500, 2.849999999999985000 ) ) ;
#8424 = LINE ( 'NONE', #8423, #8422 ) ;
#8425 = CARTESIAN_POINT ( 'NONE',  ( -9.250000000000001800, -2.600000000000000500, 2.849999999999985000 ) ) ;
#8426 = CARTESIAN_POINT ( 'NONE',  ( -9.250000000000001800, -2.600000000000000500, 2.349999999999985000 ) ) ;
#8427 = DIRECTION ( 'NONE',  ( 0.0000000000000000000, 0.0000000000000000000, 1.000000000000000000 ) ) ;
#8428 = VECTOR ( 'NONE', #8427, 1000.000000000000000 ) ;
#8429 = CARTESIAN_POINT ( 'NONE',  ( -9.250000000000001800, -2.600000000000000500, 2.849999999999985000 ) ) ;
#8430 = LINE ( 'NONE', #8429, #8428 ) ;
#8431 = DIRECTION ( 'NONE',  ( 0.0000000000000000000, 1.000000000000000000, 8.340016711426957800E-017 ) ) ;
#8432 = VECTOR ( 'NONE', #8431, 1000.000000000000000 ) ;
#8433 = CARTESIAN_POINT ( 'NONE',  ( -8.750000000000000000, -2.600000000000000500, 2.349999999999985000 ) ) ;
#8434 = LINE ( 'NONE', #8433, #8432 ) ;
#8435 = DIRECTION ( 'NONE',  ( 0.0000000000000000000, -1.000000000000000000, 0.0000000000000000000 ) ) ;
#8436 = VECTOR ( 'NONE', #8435, 1000.000000000000000 ) ;
#8437 = CARTESIAN_POINT ( 'NONE',  ( -8.750000000000000000, -8.599999999999999600, 2.849999999999985000 ) ) ;
#8438 = LINE ( 'NONE', #8437, #8436 ) ;
#8439 = MECHANICAL_DESIGN_GEOMETRIC_PRESENTATION_REPRESENTATION (  '', ( #8441 ), #8491 ) ;
#8440 = PRESENTATION_LAYER_ASSIGNMENT (  '', '', ( #8441 ) ) ;
#8441 = STYLED_ITEM ( 'NONE', ( #8442 ), #2373 ) ;
#8442 = PRESENTATION_STYLE_ASSIGNMENT (( #8443 ) ) ;
#8443 = SURFACE_STYLE_USAGE ( .BOTH. , #8444 ) ;
#8444 = SURFACE_SIDE_STYLE ('',( #8445 ) ) ;
#8445 = SURFACE_STYLE_FILL_AREA ( #8446 ) ;
#8446 = FILL_AREA_STYLE ('',( #8453 ) ) ;
#8447 = COLOUR_RGB ( '',0.7529411764705882200, 0.7529411764705882200, 0.7529411764705882200 ) ;
#8448 = FACE_OUTER_BOUND ( 'NONE', #2374, .T. ) ;
#8449 = DIRECTION ( 'NONE',  ( -1.000000000000000000, 0.0000000000000000000, 0.0000000000000000000 ) ) ;
#8450 = VECTOR ( 'NONE', #8449, 1000.000000000000000 ) ;
#8451 = CARTESIAN_POINT ( 'NONE',  ( -6.750000000000002700, -10.00000000000000000, -0.1000000000000142900 ) ) ;
#8452 = LINE ( 'NONE', #8451, #8450 ) ;
#8453 = FILL_AREA_STYLE_COLOUR ( '', #8447 ) ;
#8454 = DIRECTION ( 'NONE',  ( 0.0000000000000000000, 0.0000000000000000000, -1.000000000000000000 ) ) ;
#8455 = DIRECTION ( 'NONE',  ( 1.000000000000000000, 0.0000000000000000000, 0.0000000000000000000 ) ) ;
#8456 = CARTESIAN_POINT ( 'NONE',  ( -9.250000000000001800, -8.599999999999999600, 2.849999999999985000 ) ) ;
#8457 = AXIS2_PLACEMENT_3D ( 'NONE', #8456, #8455, #8454 ) ;
#8458 = PLANE ( 'NONE',  #8457 ) ;
#8459 =( GEOMETRIC_REPRESENTATION_CONTEXT ( 3 ) GLOBAL_UNCERTAINTY_ASSIGNED_CONTEXT ( ( #8460 ) ) GLOBAL_UNIT_ASSIGNED_CONTEXT ( ( #8463, #8462, #8461 ) ) REPRESENTATION_CONTEXT ( 'NONE', 'WORKASPACE' ) );
#8460 = UNCERTAINTY_MEASURE_WITH_UNIT (LENGTH_MEASURE( 1.000000000000000100E-005 ), #8463, 'distance_accuracy_value', 'NONE');
#8461 =( NAMED_UNIT ( * ) SI_UNIT ( $, .STERADIAN. ) SOLID_ANGLE_UNIT ( ) );
#8462 =( NAMED_UNIT ( * ) PLANE_ANGLE_UNIT ( ) SI_UNIT ( $, .RADIAN. ) );
#8463 =( LENGTH_UNIT ( ) NAMED_UNIT ( * ) SI_UNIT ( .MILLI., .METRE. ) );
#8464 = MECHANICAL_DESIGN_GEOMETRIC_PRESENTATION_REPRESENTATION (  '', ( #8466 ), #8459 ) ;
#8465 = PRESENTATION_LAYER_ASSIGNMENT (  '', '', ( #8466 ) ) ;
#8466 = STYLED_ITEM ( 'NONE', ( #8467 ), #2367 ) ;
#8467 = PRESENTATION_STYLE_ASSIGNMENT (( #8468 ) ) ;
#8468 = SURFACE_STYLE_USAGE ( .BOTH. , #8469 ) ;
#8469 = SURFACE_SIDE_STYLE ('',( #8470 ) ) ;
#8470 = SURFACE_STYLE_FILL_AREA ( #8471 ) ;
#8471 = FILL_AREA_STYLE ('',( #8414 ) ) ;
#8472 =( NAMED_UNIT ( * ) SI_UNIT ( $, .STERADIAN. ) SOLID_ANGLE_UNIT ( ) );
#8473 =( NAMED_UNIT ( * ) PLANE_ANGLE_UNIT ( ) SI_UNIT ( $, .RADIAN. ) );
#8474 =( LENGTH_UNIT ( ) NAMED_UNIT ( * ) SI_UNIT ( .MILLI., .METRE. ) );
#8475 = MECHANICAL_DESIGN_GEOMETRIC_PRESENTATION_REPRESENTATION (  '', ( #8477 ), #8517 ) ;
#8476 = PRESENTATION_LAYER_ASSIGNMENT (  '', '', ( #8477 ) ) ;
#8477 = STYLED_ITEM ( 'NONE', ( #8478 ), #2379 ) ;
#8478 = PRESENTATION_STYLE_ASSIGNMENT (( #8479 ) ) ;
#8479 = SURFACE_STYLE_USAGE ( .BOTH. , #8480 ) ;
#8480 = SURFACE_SIDE_STYLE ('',( #8481 ) ) ;
#8481 = SURFACE_STYLE_FILL_AREA ( #8482 ) ;
#8482 = FILL_AREA_STYLE ('',( #8489 ) ) ;
#8483 = COLOUR_RGB ( '',0.7529411764705882200, 0.7529411764705882200, 0.7529411764705882200 ) ;
#8484 = FACE_OUTER_BOUND ( 'NONE', #2380, .T. ) ;
#8485 = DIRECTION ( 'NONE',  ( 0.0000000000000000000, -1.000000000000000000, -1.275531967630005200E-016 ) ) ;
#8486 = DIRECTION ( 'NONE',  ( 0.0000000000000000000, -1.275531967630005200E-016, 1.000000000000000000 ) ) ;
#8487 = CARTESIAN_POINT ( 'NONE',  ( -6.750000000000002700, -8.300000000000000700, -0.1000000000000140800 ) ) ;
#8488 = AXIS2_PLACEMENT_3D ( 'NONE', #8487, #8486, #8485 ) ;
#8489 = FILL_AREA_STYLE_COLOUR ( '', #8483 ) ;
#8490 = PLANE ( 'NONE',  #8488 ) ;
#8491 =( GEOMETRIC_REPRESENTATION_CONTEXT ( 3 ) GLOBAL_UNCERTAINTY_ASSIGNED_CONTEXT ( ( #8492 ) ) GLOBAL_UNIT_ASSIGNED_CONTEXT ( ( #8495, #8494, #8493 ) ) REPRESENTATION_CONTEXT ( 'NONE', 'WORKASPACE' ) );
#8492 = UNCERTAINTY_MEASURE_WITH_UNIT (LENGTH_MEASURE( 1.000000000000000100E-005 ), #8495, 'distance_accuracy_value', 'NONE');
#8493 =( NAMED_UNIT ( * ) SI_UNIT ( $, .STERADIAN. ) SOLID_ANGLE_UNIT ( ) );
#8494 =( NAMED_UNIT ( * ) PLANE_ANGLE_UNIT ( ) SI_UNIT ( $, .RADIAN. ) );
#8495 =( LENGTH_UNIT ( ) NAMED_UNIT ( * ) SI_UNIT ( .MILLI., .METRE. ) );
#8496 =( GEOMETRIC_REPRESENTATION_CONTEXT ( 3 ) GLOBAL_UNCERTAINTY_ASSIGNED_CONTEXT ( ( #8497 ) ) GLOBAL_UNIT_ASSIGNED_CONTEXT ( ( #8500, #8499, #8498 ) ) REPRESENTATION_CONTEXT ( 'NONE', 'WORKASPACE' ) );
#8497 = UNCERTAINTY_MEASURE_WITH_UNIT (LENGTH_MEASURE( 1.000000000000000100E-005 ), #8500, 'distance_accuracy_value', 'NONE');
#8498 =( NAMED_UNIT ( * ) SI_UNIT ( $, .STERADIAN. ) SOLID_ANGLE_UNIT ( ) );
#8499 =( NAMED_UNIT ( * ) PLANE_ANGLE_UNIT ( ) SI_UNIT ( $, .RADIAN. ) );
#8500 =( LENGTH_UNIT ( ) NAMED_UNIT ( * ) SI_UNIT ( .MILLI., .METRE. ) );
#8501 = MECHANICAL_DESIGN_GEOMETRIC_PRESENTATION_REPRESENTATION (  '', ( #8503 ), #8496 ) ;
#8502 = PRESENTATION_LAYER_ASSIGNMENT (  '', '', ( #8503 ) ) ;
#8503 = STYLED_ITEM ( 'NONE', ( #8504 ), #2381 ) ;
#8504 = PRESENTATION_STYLE_ASSIGNMENT (( #8505 ) ) ;
#8505 = SURFACE_STYLE_USAGE ( .BOTH. , #8506 ) ;
#8506 = SURFACE_SIDE_STYLE ('',( #8507 ) ) ;
#8507 = SURFACE_STYLE_FILL_AREA ( #8508 ) ;
#8508 = FILL_AREA_STYLE ('',( #8515 ) ) ;
#8509 = COLOUR_RGB ( '',0.7529411764705882200, 0.7529411764705882200, 0.7529411764705882200 ) ;
#8510 = FACE_OUTER_BOUND ( 'NONE', #2382, .T. ) ;
#8511 = DIRECTION ( 'NONE',  ( 0.0000000000000000000, 0.0000000000000000000, -1.000000000000000000 ) ) ;
#8512 = DIRECTION ( 'NONE',  ( 0.0000000000000000000, -1.000000000000000000, 0.0000000000000000000 ) ) ;
#8513 = CARTESIAN_POINT ( 'NONE',  ( -8.750000000000000000, -2.600000000000000500, 2.849999999999985000 ) ) ;
#8514 = AXIS2_PLACEMENT_3D ( 'NONE', #8513, #8512, #8511 ) ;
#8515 = FILL_AREA_STYLE_COLOUR ( '', #8509 ) ;
#8516 = PLANE ( 'NONE',  #8514 ) ;
#8517 =( GEOMETRIC_REPRESENTATION_CONTEXT ( 3 ) GLOBAL_UNCERTAINTY_ASSIGNED_CONTEXT ( ( #8518 ) ) GLOBAL_UNIT_ASSIGNED_CONTEXT ( ( #8474, #8473, #8472 ) ) REPRESENTATION_CONTEXT ( 'NONE', 'WORKASPACE' ) );
#8518 = UNCERTAINTY_MEASURE_WITH_UNIT (LENGTH_MEASURE( 1.000000000000000100E-005 ), #8474, 'distance_accuracy_value', 'NONE');
#8519 = STYLED_ITEM ( 'NONE', ( #8520 ), #2394 ) ;
#8520 = PRESENTATION_STYLE_ASSIGNMENT (( #8521 ) ) ;
#8521 = SURFACE_STYLE_USAGE ( .BOTH. , #8522 ) ;
#8522 = SURFACE_SIDE_STYLE ('',( #8523 ) ) ;
#8523 = SURFACE_STYLE_FILL_AREA ( #8524 ) ;
#8524 = FILL_AREA_STYLE ('',( #8531 ) ) ;
#8525 = COLOUR_RGB ( '',0.7529411764705882200, 0.7529411764705882200, 0.7529411764705882200 ) ;
#8526 = FACE_OUTER_BOUND ( 'NONE', #2395, .T. ) ;
#8527 = DIRECTION ( 'NONE',  ( 0.0000000000000000000, 0.0000000000000000000, -1.000000000000000000 ) ) ;
#8528 = DIRECTION ( 'NONE',  ( 1.000000000000000000, 0.0000000000000000000, 0.0000000000000000000 ) ) ;
#8529 = CARTESIAN_POINT ( 'NONE',  ( -8.750000000000000000, -8.599999999999999600, 2.849999999999985000 ) ) ;
#8530 = AXIS2_PLACEMENT_3D ( 'NONE', #8529, #8528, #8527 ) ;
#8531 = FILL_AREA_STYLE_COLOUR ( '', #8525 ) ;
#8532 = PLANE ( 'NONE',  #8530 ) ;
#8533 =( GEOMETRIC_REPRESENTATION_CONTEXT ( 3 ) GLOBAL_UNCERTAINTY_ASSIGNED_CONTEXT ( ( #8534 ) ) GLOBAL_UNIT_ASSIGNED_CONTEXT ( ( #8537, #8536, #8535 ) ) REPRESENTATION_CONTEXT ( 'NONE', 'WORKASPACE' ) );
#8534 = UNCERTAINTY_MEASURE_WITH_UNIT (LENGTH_MEASURE( 1.000000000000000100E-005 ), #8537, 'distance_accuracy_value', 'NONE');
#8535 =( NAMED_UNIT ( * ) SI_UNIT ( $, .STERADIAN. ) SOLID_ANGLE_UNIT ( ) );
#8536 =( NAMED_UNIT ( * ) PLANE_ANGLE_UNIT ( ) SI_UNIT ( $, .RADIAN. ) );
#8537 =( LENGTH_UNIT ( ) NAMED_UNIT ( * ) SI_UNIT ( .MILLI., .METRE. ) );
#8538 = MECHANICAL_DESIGN_GEOMETRIC_PRESENTATION_REPRESENTATION (  '', ( #8540 ), #8533 ) ;
#8539 = PRESENTATION_LAYER_ASSIGNMENT (  '', '', ( #8540 ) ) ;
#8540 = STYLED_ITEM ( 'NONE', ( #8541 ), #2388 ) ;
#8541 = PRESENTATION_STYLE_ASSIGNMENT (( #8542 ) ) ;
#8542 = SURFACE_STYLE_USAGE ( .BOTH. , #8543 ) ;
#8543 = SURFACE_SIDE_STYLE ('',( #8544 ) ) ;
#8544 = SURFACE_STYLE_FILL_AREA ( #8545 ) ;
#8545 = FILL_AREA_STYLE ('',( #8553 ) ) ;
#8546 = COLOUR_RGB ( '',0.7529411764705882200, 0.7529411764705882200, 0.7529411764705882200 ) ;
#8547 = FACE_OUTER_BOUND ( 'NONE', #2389, .T. ) ;
#8548 = DIRECTION ( 'NONE',  ( 0.0000000000000000000, 0.0000000000000000000, -1.000000000000000000 ) ) ;
#8549 = DIRECTION ( 'NONE',  ( 1.000000000000000000, 0.0000000000000000000, 0.0000000000000000000 ) ) ;
#8550 = CARTESIAN_POINT ( 'NONE',  ( -7.250000000000002700, -8.599999999999999600, 2.849999999999985900 ) ) ;
#8551 = AXIS2_PLACEMENT_3D ( 'NONE', #8550, #8549, #8548 ) ;
#8552 = PLANE ( 'NONE',  #8551 ) ;
#8553 = FILL_AREA_STYLE_COLOUR ( '', #8546 ) ;
#8554 = CARTESIAN_POINT ( 'NONE',  ( -9.250000000000001800, -10.00000000000000000, 0.4999999999999846200 ) ) ;
#8555 = DIRECTION ( 'NONE',  ( 0.0000000000000000000, -1.000000000000000000, -7.744301232039316700E-017 ) ) ;
#8556 = VECTOR ( 'NONE', #8555, 1000.000000000000000 ) ;
#8557 = CARTESIAN_POINT ( 'NONE',  ( -9.250000000000001800, -8.599999999999999600, 0.4999999999999847300 ) ) ;
#8558 = LINE ( 'NONE', #8557, #8556 ) ;
#8559 = CARTESIAN_POINT ( 'NONE',  ( -8.750000000000000000, -10.00000000000000000, 0.4999999999999846200 ) ) ;
#8560 = DIRECTION ( 'NONE',  ( 0.0000000000000000000, -1.000000000000000000, -7.744301232039316700E-017 ) ) ;
#8561 = VECTOR ( 'NONE', #8560, 1000.000000000000000 ) ;
#8562 = CARTESIAN_POINT ( 'NONE',  ( -8.750000000000000000, -8.599999999999999600, 0.4999999999999847300 ) ) ;
#8563 = LINE ( 'NONE', #8562, #8561 ) ;
#8564 = DIRECTION ( 'NONE',  ( 0.0000000000000000000, 1.000000000000000000, 7.744301232039316700E-017 ) ) ;
#8565 = DIRECTION ( 'NONE',  ( 0.0000000000000000000, 7.744301232039316700E-017, -1.000000000000000000 ) ) ;
#8566 = CARTESIAN_POINT ( 'NONE',  ( -8.750000000000000000, -8.599999999999999600, 0.4999999999999847300 ) ) ;
#8567 = AXIS2_PLACEMENT_3D ( 'NONE', #8566, #8565, #8564 ) ;
#8568 = PLANE ( 'NONE',  #8567 ) ;
#8569 =( GEOMETRIC_REPRESENTATION_CONTEXT ( 3 ) GLOBAL_UNCERTAINTY_ASSIGNED_CONTEXT ( ( #8570 ) ) GLOBAL_UNIT_ASSIGNED_CONTEXT ( ( #8573, #8572, #8571 ) ) REPRESENTATION_CONTEXT ( 'NONE', 'WORKASPACE' ) );
#8570 = UNCERTAINTY_MEASURE_WITH_UNIT (LENGTH_MEASURE( 1.000000000000000100E-005 ), #8573, 'distance_accuracy_value', 'NONE');
#8571 =( NAMED_UNIT ( * ) SI_UNIT ( $, .STERADIAN. ) SOLID_ANGLE_UNIT ( ) );
#8572 =( NAMED_UNIT ( * ) PLANE_ANGLE_UNIT ( ) SI_UNIT ( $, .RADIAN. ) );
#8573 =( LENGTH_UNIT ( ) NAMED_UNIT ( * ) SI_UNIT ( .MILLI., .METRE. ) );
#8574 = MECHANICAL_DESIGN_GEOMETRIC_PRESENTATION_REPRESENTATION (  '', ( #8519 ), #8569 ) ;
#8575 = PRESENTATION_LAYER_ASSIGNMENT (  '', '', ( #8519 ) ) ;
#8576 = STYLED_ITEM ( 'NONE', ( #8577 ), #2409 ) ;
#8577 = PRESENTATION_STYLE_ASSIGNMENT (( #8578 ) ) ;
#8578 = SURFACE_STYLE_USAGE ( .BOTH. , #8579 ) ;
#8579 = SURFACE_SIDE_STYLE ('',( #8580 ) ) ;
#8580 = SURFACE_STYLE_FILL_AREA ( #8581 ) ;
#8581 = FILL_AREA_STYLE ('',( #8582 ) ) ;
#8582 = FILL_AREA_STYLE_COLOUR ( '', #8583 ) ;
#8583 = COLOUR_RGB ( '',0.7529411764705882200, 0.7529411764705882200, 0.7529411764705882200 ) ;
#8584 = FACE_OUTER_BOUND ( 'NONE', #2410, .T. ) ;
#8585 = CARTESIAN_POINT ( 'NONE',  ( -9.250000000000001800, -8.300000000000000700, -0.1000000000000151900 ) ) ;
#8586 = DIRECTION ( 'NONE',  ( 0.0000000000000000000, -0.7071067811865510100, -0.7071067811865441300 ) ) ;
#8587 = DIRECTION ( 'NONE',  ( 0.0000000000000000000, -0.7071067811865441300, 0.7071067811865510100 ) ) ;
#8588 = CARTESIAN_POINT ( 'NONE',  ( -8.750000000000000000, -8.300000000000000700, -0.1000000000000151900 ) ) ;
#8589 = AXIS2_PLACEMENT_3D ( 'NONE', #8588, #8587, #8586 ) ;
#8590 = PLANE ( 'NONE',  #8589 ) ;
#8591 =( GEOMETRIC_REPRESENTATION_CONTEXT ( 3 ) GLOBAL_UNCERTAINTY_ASSIGNED_CONTEXT ( ( #8592 ) ) GLOBAL_UNIT_ASSIGNED_CONTEXT ( ( #8595, #8594, #8593 ) ) REPRESENTATION_CONTEXT ( 'NONE', 'WORKASPACE' ) );
#8592 = UNCERTAINTY_MEASURE_WITH_UNIT (LENGTH_MEASURE( 1.000000000000000100E-005 ), #8595, 'distance_accuracy_value', 'NONE');
#8593 =( NAMED_UNIT ( * ) SI_UNIT ( $, .STERADIAN. ) SOLID_ANGLE_UNIT ( ) );
#8594 =( NAMED_UNIT ( * ) PLANE_ANGLE_UNIT ( ) SI_UNIT ( $, .RADIAN. ) );
#8595 =( LENGTH_UNIT ( ) NAMED_UNIT ( * ) SI_UNIT ( .MILLI., .METRE. ) );
#8596 = MECHANICAL_DESIGN_GEOMETRIC_PRESENTATION_REPRESENTATION (  '', ( #8598 ), #8591 ) ;
#8597 = PRESENTATION_LAYER_ASSIGNMENT (  '', '', ( #8598 ) ) ;
#8598 = STYLED_ITEM ( 'NONE', ( #8599 ), #2405 ) ;
#8599 = PRESENTATION_STYLE_ASSIGNMENT (( #8600 ) ) ;
#8600 = SURFACE_STYLE_USAGE ( .BOTH. , #8601 ) ;
#8601 = SURFACE_SIDE_STYLE ('',( #8602 ) ) ;
#8602 = SURFACE_STYLE_FILL_AREA ( #8603 ) ;
#8603 = FILL_AREA_STYLE ('',( #8610 ) ) ;
#8604 = COLOUR_RGB ( '',0.7529411764705882200, 0.7529411764705882200, 0.7529411764705882200 ) ;
#8605 = FACE_OUTER_BOUND ( 'NONE', #2406, .T. ) ;
#8606 = DIRECTION ( 'NONE',  ( -1.000000000000000000, 0.0000000000000000000, 0.0000000000000000000 ) ) ;
#8607 = VECTOR ( 'NONE', #8606, 1000.000000000000000 ) ;
#8608 = CARTESIAN_POINT ( 'NONE',  ( -8.750000000000000000, -10.00000000000000000, 0.4999999999999846200 ) ) ;
#8609 = LINE ( 'NONE', #8608, #8607 ) ;
#8610 = FILL_AREA_STYLE_COLOUR ( '', #8604 ) ;
#8611 =( NAMED_UNIT ( * ) SI_UNIT ( $, .STERADIAN. ) SOLID_ANGLE_UNIT ( ) );
#8612 =( NAMED_UNIT ( * ) PLANE_ANGLE_UNIT ( ) SI_UNIT ( $, .RADIAN. ) );
#8613 =( LENGTH_UNIT ( ) NAMED_UNIT ( * ) SI_UNIT ( .MILLI., .METRE. ) );
#8614 = MECHANICAL_DESIGN_GEOMETRIC_PRESENTATION_REPRESENTATION (  '', ( #8616 ), #8665 ) ;
#8615 = PRESENTATION_LAYER_ASSIGNMENT (  '', '', ( #8616 ) ) ;
#8616 = STYLED_ITEM ( 'NONE', ( #8617 ), #2415 ) ;
#8617 = PRESENTATION_STYLE_ASSIGNMENT (( #8618 ) ) ;
#8618 = SURFACE_STYLE_USAGE ( .BOTH. , #8619 ) ;
#8619 = SURFACE_SIDE_STYLE ('',( #8620 ) ) ;
#8620 = SURFACE_STYLE_FILL_AREA ( #8621 ) ;
#8621 = FILL_AREA_STYLE ('',( #8628 ) ) ;
#8622 = COLOUR_RGB ( '',0.7529411764705882200, 0.7529411764705882200, 0.7529411764705882200 ) ;
#8623 = FACE_OUTER_BOUND ( 'NONE', #2416, .T. ) ;
#8624 = DIRECTION ( 'NONE',  ( -1.000000000000000000, 0.0000000000000000000, 0.0000000000000000000 ) ) ;
#8625 = DIRECTION ( 'NONE',  ( 0.0000000000000000000, 0.0000000000000000000, -1.000000000000000000 ) ) ;
#8626 = CARTESIAN_POINT ( 'NONE',  ( -8.750000000000000000, -8.599999999999999600, 2.849999999999985000 ) ) ;
#8627 = AXIS2_PLACEMENT_3D ( 'NONE', #8626, #8625, #8624 ) ;
#8628 = FILL_AREA_STYLE_COLOUR ( '', #8622 ) ;
#8629 = PLANE ( 'NONE',  #8627 ) ;
#8630 =( GEOMETRIC_REPRESENTATION_CONTEXT ( 3 ) GLOBAL_UNCERTAINTY_ASSIGNED_CONTEXT ( ( #8631 ) ) GLOBAL_UNIT_ASSIGNED_CONTEXT ( ( #8634, #8633, #8632 ) ) REPRESENTATION_CONTEXT ( 'NONE', 'WORKASPACE' ) );
#8631 = UNCERTAINTY_MEASURE_WITH_UNIT (LENGTH_MEASURE( 1.000000000000000100E-005 ), #8634, 'distance_accuracy_value', 'NONE');
#8632 =( NAMED_UNIT ( * ) SI_UNIT ( $, .STERADIAN. ) SOLID_ANGLE_UNIT ( ) );
#8633 =( NAMED_UNIT ( * ) PLANE_ANGLE_UNIT ( ) SI_UNIT ( $, .RADIAN. ) );
#8634 =( LENGTH_UNIT ( ) NAMED_UNIT ( * ) SI_UNIT ( .MILLI., .METRE. ) );
#8635 = MECHANICAL_DESIGN_GEOMETRIC_PRESENTATION_REPRESENTATION (  '', ( #8576 ), #8630 ) ;
#8636 = PRESENTATION_LAYER_ASSIGNMENT (  '', '', ( #8576 ) ) ;
#8637 = UNCERTAINTY_MEASURE_WITH_UNIT (LENGTH_MEASURE( 1.000000000000000100E-005 ), #8640, 'distance_accuracy_value', 'NONE');
#8638 =( NAMED_UNIT ( * ) SI_UNIT ( $, .STERADIAN. ) SOLID_ANGLE_UNIT ( ) );
#8639 =( NAMED_UNIT ( * ) PLANE_ANGLE_UNIT ( ) SI_UNIT ( $, .RADIAN. ) );
#8640 =( LENGTH_UNIT ( ) NAMED_UNIT ( * ) SI_UNIT ( .MILLI., .METRE. ) );
#8641 = MECHANICAL_DESIGN_GEOMETRIC_PRESENTATION_REPRESENTATION (  '', ( #8643 ), #8696 ) ;
#8642 = PRESENTATION_LAYER_ASSIGNMENT (  '', '', ( #8643 ) ) ;
#8643 = STYLED_ITEM ( 'NONE', ( #8644 ), #2426 ) ;
#8644 = PRESENTATION_STYLE_ASSIGNMENT (( #8645 ) ) ;
#8645 = SURFACE_STYLE_USAGE ( .BOTH. , #8646 ) ;
#8646 = SURFACE_SIDE_STYLE ('',( #8647 ) ) ;
#8647 = SURFACE_STYLE_FILL_AREA ( #8648 ) ;
#8648 = FILL_AREA_STYLE ('',( #8655 ) ) ;
#8649 = COLOUR_RGB ( '',0.7529411764705882200, 0.7529411764705882200, 0.7529411764705882200 ) ;
#8650 = FACE_OUTER_BOUND ( 'NONE', #2427, .T. ) ;
#8651 = DIRECTION ( 'NONE',  ( 0.0000000000000000000, 1.000000000000000000, 8.340016711426957800E-017 ) ) ;
#8652 = VECTOR ( 'NONE', #8651, 1000.000000000000000 ) ;
#8653 = CARTESIAN_POINT ( 'NONE',  ( -9.250000000000001800, -2.600000000000000500, 2.349999999999985000 ) ) ;
#8654 = LINE ( 'NONE', #8653, #8652 ) ;
#8655 = FILL_AREA_STYLE_COLOUR ( '', #8649 ) ;
#8656 = DIRECTION ( 'NONE',  ( 0.0000000000000000000, -1.000000000000000000, 0.0000000000000000000 ) ) ;
#8657 = VECTOR ( 'NONE', #8656, 1000.000000000000000 ) ;
#8658 = CARTESIAN_POINT ( 'NONE',  ( -9.250000000000001800, -8.599999999999999600, 2.849999999999985000 ) ) ;
#8659 = LINE ( 'NONE', #8658, #8657 ) ;
#8660 = DIRECTION ( 'NONE',  ( 0.0000000000000000000, -1.000000000000000000, -8.340016711426957800E-017 ) ) ;
#8661 = DIRECTION ( 'NONE',  ( 0.0000000000000000000, -8.340016711426957800E-017, 1.000000000000000000 ) ) ;
#8662 = CARTESIAN_POINT ( 'NONE',  ( -8.750000000000000000, -2.600000000000000500, 2.349999999999985000 ) ) ;
#8663 = AXIS2_PLACEMENT_3D ( 'NONE', #8662, #8661, #8660 ) ;
#8664 = PLANE ( 'NONE',  #8663 ) ;
#8665 =( GEOMETRIC_REPRESENTATION_CONTEXT ( 3 ) GLOBAL_UNCERTAINTY_ASSIGNED_CONTEXT ( ( #8151 ) ) GLOBAL_UNIT_ASSIGNED_CONTEXT ( ( #8613, #8612, #8611 ) ) REPRESENTATION_CONTEXT ( 'NONE', 'WORKASPACE' ) );
#8666 = SURFACE_STYLE_FILL_AREA ( #8667 ) ;
#8667 = FILL_AREA_STYLE ('',( #8674 ) ) ;
#8668 = COLOUR_RGB ( '',0.7529411764705882200, 0.7529411764705882200, 0.7529411764705882200 ) ;
#8669 = FACE_OUTER_BOUND ( 'NONE', #2442, .T. ) ;
#8670 = DIRECTION ( 'NONE',  ( 0.0000000000000000000, 0.0000000000000000000, -1.000000000000000000 ) ) ;
#8671 = VECTOR ( 'NONE', #8670, 1000.000000000000000 ) ;
#8672 = CARTESIAN_POINT ( 'NONE',  ( -9.250000000000001800, -10.00000000000000000, 0.4999999999999846200 ) ) ;
#8673 = LINE ( 'NONE', #8672, #8671 ) ;
#8674 = FILL_AREA_STYLE_COLOUR ( '', #8668 ) ;
#8675 = CARTESIAN_POINT ( 'NONE',  ( -9.250000000000001800, -10.00000000000000000, -0.1000000000000154000 ) ) ;
#8676 = DIRECTION ( 'NONE',  ( 0.0000000000000000000, 1.000000000000000000, 1.275531967630005200E-016 ) ) ;
#8677 = VECTOR ( 'NONE', #8676, 1000.000000000000000 ) ;
#8678 = CARTESIAN_POINT ( 'NONE',  ( -9.250000000000001800, -8.300000000000000700, -0.1000000000000151900 ) ) ;
#8679 = LINE ( 'NONE', #8678, #8677 ) ;
#8680 = CARTESIAN_POINT ( 'NONE',  ( -10.75000000000000000, -2.600000000000000500, 2.849999999999983700 ) ) ;
#8681 = DIRECTION ( 'NONE',  ( -1.000000000000000000, 0.0000000000000000000, 0.0000000000000000000 ) ) ;
#8682 = VECTOR ( 'NONE', #8681, 1000.000000000000000 ) ;
#8683 = CARTESIAN_POINT ( 'NONE',  ( -10.75000000000000000, -2.600000000000000500, 2.849999999999983700 ) ) ;
#8684 = LINE ( 'NONE', #8683, #8682 ) ;
#8685 = CARTESIAN_POINT ( 'NONE',  ( -11.25000000000000000, -2.600000000000000500, 2.849999999999983700 ) ) ;
#8686 = CARTESIAN_POINT ( 'NONE',  ( -11.25000000000000000, -2.600000000000000500, 2.349999999999983700 ) ) ;
#8687 = DIRECTION ( 'NONE',  ( 0.0000000000000000000, 0.0000000000000000000, 1.000000000000000000 ) ) ;
#8688 = VECTOR ( 'NONE', #8687, 1000.000000000000000 ) ;
#8689 = CARTESIAN_POINT ( 'NONE',  ( -11.25000000000000000, -2.600000000000000500, 2.849999999999983700 ) ) ;
#8690 = LINE ( 'NONE', #8689, #8688 ) ;
#8691 = DIRECTION ( 'NONE',  ( 0.0000000000000000000, 0.0000000000000000000, -1.000000000000000000 ) ) ;
#8692 = DIRECTION ( 'NONE',  ( 0.0000000000000000000, -1.000000000000000000, 0.0000000000000000000 ) ) ;
#8693 = CARTESIAN_POINT ( 'NONE',  ( -10.75000000000000000, -2.600000000000000500, 2.849999999999983700 ) ) ;
#8694 = AXIS2_PLACEMENT_3D ( 'NONE', #8693, #8692, #8691 ) ;
#8695 = PLANE ( 'NONE',  #8694 ) ;
#8696 =( GEOMETRIC_REPRESENTATION_CONTEXT ( 3 ) GLOBAL_UNCERTAINTY_ASSIGNED_CONTEXT ( ( #8637 ) ) GLOBAL_UNIT_ASSIGNED_CONTEXT ( ( #8640, #8639, #8638 ) ) REPRESENTATION_CONTEXT ( 'NONE', 'WORKASPACE' ) );
#8697 = PRESENTATION_LAYER_ASSIGNMENT (  '', '', ( #8698 ) ) ;
#8698 = STYLED_ITEM ( 'NONE', ( #8699 ), #2448 ) ;
#8699 = PRESENTATION_STYLE_ASSIGNMENT (( #8700 ) ) ;
#8700 = SURFACE_STYLE_USAGE ( .BOTH. , #8701 ) ;
#8701 = SURFACE_SIDE_STYLE ('',( #8702 ) ) ;
#8702 = SURFACE_STYLE_FILL_AREA ( #8703 ) ;
#8703 = FILL_AREA_STYLE ('',( #8710 ) ) ;
#8704 = COLOUR_RGB ( '',0.7529411764705882200, 0.7529411764705882200, 0.7529411764705882200 ) ;
#8705 = FACE_OUTER_BOUND ( 'NONE', #2501, .T. ) ;
#8706 = DIRECTION ( 'NONE',  ( -1.000000000000000000, 0.0000000000000000000, 0.0000000000000000000 ) ) ;
#8707 = VECTOR ( 'NONE', #8706, 1000.000000000000000 ) ;
#8708 = CARTESIAN_POINT ( 'NONE',  ( -8.750000000000000000, -10.00000000000000000, -0.1000000000000154000 ) ) ;
#8709 = LINE ( 'NONE', #8708, #8707 ) ;
#8710 = FILL_AREA_STYLE_COLOUR ( '', #8704 ) ;
#8711 = DIRECTION ( 'NONE',  ( 0.0000000000000000000, 0.0000000000000000000, 1.000000000000000000 ) ) ;
#8712 = DIRECTION ( 'NONE',  ( 0.0000000000000000000, 1.000000000000000000, 0.0000000000000000000 ) ) ;
#8713 = CARTESIAN_POINT ( 'NONE',  ( -8.750000000000000000, -10.00000000000000000, 0.4999999999999846200 ) ) ;
#8714 = AXIS2_PLACEMENT_3D ( 'NONE', #8713, #8712, #8711 ) ;
#8715 = PLANE ( 'NONE',  #8714 ) ;
#8716 =( GEOMETRIC_REPRESENTATION_CONTEXT ( 3 ) GLOBAL_UNCERTAINTY_ASSIGNED_CONTEXT ( ( #8717 ) ) GLOBAL_UNIT_ASSIGNED_CONTEXT ( ( #8720, #8719, #8718 ) ) REPRESENTATION_CONTEXT ( 'NONE', 'WORKASPACE' ) );
#8717 = UNCERTAINTY_MEASURE_WITH_UNIT (LENGTH_MEASURE( 1.000000000000000100E-005 ), #8720, 'distance_accuracy_value', 'NONE');
#8718 =( NAMED_UNIT ( * ) SI_UNIT ( $, .STERADIAN. ) SOLID_ANGLE_UNIT ( ) );
#8719 =( NAMED_UNIT ( * ) PLANE_ANGLE_UNIT ( ) SI_UNIT ( $, .RADIAN. ) );
#8720 =( LENGTH_UNIT ( ) NAMED_UNIT ( * ) SI_UNIT ( .MILLI., .METRE. ) );
#8721 = MECHANICAL_DESIGN_GEOMETRIC_PRESENTATION_REPRESENTATION (  '', ( #8723 ), #8716 ) ;
#8722 = PRESENTATION_LAYER_ASSIGNMENT (  '', '', ( #8723 ) ) ;
#8723 = STYLED_ITEM ( 'NONE', ( #8724 ), #2441 ) ;
#8724 = PRESENTATION_STYLE_ASSIGNMENT (( #8725 ) ) ;
#8725 = SURFACE_STYLE_USAGE ( .BOTH. , #8726 ) ;
#8726 = SURFACE_SIDE_STYLE ('',( #8666 ) ) ;
#8727 = PRESENTATION_STYLE_ASSIGNMENT (( #8728 ) ) ;
#8728 = SURFACE_STYLE_USAGE ( .BOTH. , #8729 ) ;
#8729 = SURFACE_SIDE_STYLE ('',( #8730 ) ) ;
#8730 = SURFACE_STYLE_FILL_AREA ( #8731 ) ;
#8731 = FILL_AREA_STYLE ('',( #8738 ) ) ;
#8732 = COLOUR_RGB ( '',0.7529411764705882200, 0.7529411764705882200, 0.7529411764705882200 ) ;
#8733 = FACE_OUTER_BOUND ( 'NONE', #2456, .T. ) ;
#8734 = DIRECTION ( 'NONE',  ( 0.0000000000000000000, 1.000000000000000000, 1.275531967630005200E-016 ) ) ;
#8735 = VECTOR ( 'NONE', #8734, 1000.000000000000000 ) ;
#8736 = CARTESIAN_POINT ( 'NONE',  ( -8.750000000000000000, -8.300000000000000700, -0.1000000000000151900 ) ) ;
#8737 = LINE ( 'NONE', #8736, #8735 ) ;
#8738 = FILL_AREA_STYLE_COLOUR ( '', #8732 ) ;
#8739 = CARTESIAN_POINT ( 'NONE',  ( -8.750000000000000000, -10.00000000000000000, -0.1000000000000154000 ) ) ;
#8740 = DIRECTION ( 'NONE',  ( 0.0000000000000000000, 0.0000000000000000000, -1.000000000000000000 ) ) ;
#8741 = VECTOR ( 'NONE', #8740, 1000.000000000000000 ) ;
#8742 = CARTESIAN_POINT ( 'NONE',  ( -8.750000000000000000, -10.00000000000000000, 0.4999999999999846200 ) ) ;
#8743 = LINE ( 'NONE', #8742, #8741 ) ;
#8744 = DIRECTION ( 'NONE',  ( 0.0000000000000000000, -1.000000000000000000, -1.275531967630005200E-016 ) ) ;
#8745 = DIRECTION ( 'NONE',  ( 0.0000000000000000000, -1.275531967630005200E-016, 1.000000000000000000 ) ) ;
#8746 = CARTESIAN_POINT ( 'NONE',  ( -8.750000000000000000, -8.300000000000000700, -0.1000000000000151900 ) ) ;
#8747 = AXIS2_PLACEMENT_3D ( 'NONE', #8746, #8745, #8744 ) ;
#8748 = PLANE ( 'NONE',  #8747 ) ;
#8749 =( GEOMETRIC_REPRESENTATION_CONTEXT ( 3 ) GLOBAL_UNCERTAINTY_ASSIGNED_CONTEXT ( ( #8750 ) ) GLOBAL_UNIT_ASSIGNED_CONTEXT ( ( #8753, #8752, #8751 ) ) REPRESENTATION_CONTEXT ( 'NONE', 'WORKASPACE' ) );
#8750 = UNCERTAINTY_MEASURE_WITH_UNIT (LENGTH_MEASURE( 1.000000000000000100E-005 ), #8753, 'distance_accuracy_value', 'NONE');
#8751 =( NAMED_UNIT ( * ) SI_UNIT ( $, .STERADIAN. ) SOLID_ANGLE_UNIT ( ) );
#8752 =( NAMED_UNIT ( * ) PLANE_ANGLE_UNIT ( ) SI_UNIT ( $, .RADIAN. ) );
#8753 =( LENGTH_UNIT ( ) NAMED_UNIT ( * ) SI_UNIT ( .MILLI., .METRE. ) );
#8754 = MECHANICAL_DESIGN_GEOMETRIC_PRESENTATION_REPRESENTATION (  '', ( #8698 ), #8749 ) ;
#8755 = CARTESIAN_POINT ( 'NONE',  ( -8.750000000000000000, -8.300000000000000700, -0.1000000000000151900 ) ) ;
#8756 = LINE ( 'NONE', #8805, #8804 ) ;
#8757 = DIRECTION ( 'NONE',  ( 0.0000000000000000000, 0.7071067811865510100, 0.7071067811865441300 ) ) ;
#8758 = VECTOR ( 'NONE', #8757, 999.9999999999998900 ) ;
#8759 = CARTESIAN_POINT ( 'NONE',  ( -8.750000000000000000, -8.300000000000000700, -0.1000000000000151900 ) ) ;
#8760 = LINE ( 'NONE', #8759, #8758 ) ;
#8761 = DIRECTION ( 'NONE',  ( 0.0000000000000000000, 0.7071067811865510100, 0.7071067811865441300 ) ) ;
#8762 = VECTOR ( 'NONE', #8761, 999.9999999999998900 ) ;
#8763 = CARTESIAN_POINT ( 'NONE',  ( -9.250000000000001800, -8.300000000000000700, -0.1000000000000151900 ) ) ;
#8764 = LINE ( 'NONE', #8763, #8762 ) ;
#8765 = DIRECTION ( 'NONE',  ( 0.0000000000000000000, 0.0000000000000000000, -1.000000000000000000 ) ) ;
#8766 = DIRECTION ( 'NONE',  ( 1.000000000000000000, 0.0000000000000000000, 0.0000000000000000000 ) ) ;
#8767 = CARTESIAN_POINT ( 'NONE',  ( -9.250000000000001800, -8.599999999999999600, 2.849999999999985000 ) ) ;
#8768 = AXIS2_PLACEMENT_3D ( 'NONE', #8767, #8766, #8765 ) ;
#8769 = PLANE ( 'NONE',  #8768 ) ;
#8770 =( GEOMETRIC_REPRESENTATION_CONTEXT ( 3 ) GLOBAL_UNCERTAINTY_ASSIGNED_CONTEXT ( ( #8771 ) ) GLOBAL_UNIT_ASSIGNED_CONTEXT ( ( #8774, #8773, #8772 ) ) REPRESENTATION_CONTEXT ( 'NONE', 'WORKASPACE' ) );
#8771 = UNCERTAINTY_MEASURE_WITH_UNIT (LENGTH_MEASURE( 1.000000000000000100E-005 ), #8774, 'distance_accuracy_value', 'NONE');
#8772 =( NAMED_UNIT ( * ) SI_UNIT ( $, .STERADIAN. ) SOLID_ANGLE_UNIT ( ) );
#8773 =( NAMED_UNIT ( * ) PLANE_ANGLE_UNIT ( ) SI_UNIT ( $, .RADIAN. ) );
#8774 =( LENGTH_UNIT ( ) NAMED_UNIT ( * ) SI_UNIT ( .MILLI., .METRE. ) );
#8775 = MECHANICAL_DESIGN_GEOMETRIC_PRESENTATION_REPRESENTATION (  '', ( #8777 ), #8770 ) ;
#8776 = PRESENTATION_LAYER_ASSIGNMENT (  '', '', ( #8777 ) ) ;
#8777 = STYLED_ITEM ( 'NONE', ( #8727 ), #2455 ) ;
#8778 = CARTESIAN_POINT ( 'NONE',  ( -10.75000000000000000, -10.00000000000000000, 0.4999999999999835100 ) ) ;
#8779 = DIRECTION ( 'NONE',  ( 0.0000000000000000000, -1.000000000000000000, -7.744301232039316700E-017 ) ) ;
#8780 = VECTOR ( 'NONE', #8779, 1000.000000000000000 ) ;
#8781 = CARTESIAN_POINT ( 'NONE',  ( -10.75000000000000000, -8.599999999999999600, 0.4999999999999836200 ) ) ;
#8782 = LINE ( 'NONE', #8781, #8780 ) ;
#8783 = DIRECTION ( 'NONE',  ( 0.0000000000000000000, 1.000000000000000000, 7.744301232039316700E-017 ) ) ;
#8784 = DIRECTION ( 'NONE',  ( 0.0000000000000000000, 7.744301232039316700E-017, -1.000000000000000000 ) ) ;
#8785 = CARTESIAN_POINT ( 'NONE',  ( -10.75000000000000000, -8.599999999999999600, 0.4999999999999836200 ) ) ;
#8786 = AXIS2_PLACEMENT_3D ( 'NONE', #8785, #8784, #8783 ) ;
#8787 = PLANE ( 'NONE',  #8786 ) ;
#8788 =( GEOMETRIC_REPRESENTATION_CONTEXT ( 3 ) GLOBAL_UNCERTAINTY_ASSIGNED_CONTEXT ( ( #8789 ) ) GLOBAL_UNIT_ASSIGNED_CONTEXT ( ( #8792, #8791, #8790 ) ) REPRESENTATION_CONTEXT ( 'NONE', 'WORKASPACE' ) );
#8789 = UNCERTAINTY_MEASURE_WITH_UNIT (LENGTH_MEASURE( 1.000000000000000100E-005 ), #8792, 'distance_accuracy_value', 'NONE');
#8790 =( NAMED_UNIT ( * ) SI_UNIT ( $, .STERADIAN. ) SOLID_ANGLE_UNIT ( ) );
#8791 =( NAMED_UNIT ( * ) PLANE_ANGLE_UNIT ( ) SI_UNIT ( $, .RADIAN. ) );
#8792 =( LENGTH_UNIT ( ) NAMED_UNIT ( * ) SI_UNIT ( .MILLI., .METRE. ) );
#8793 = MECHANICAL_DESIGN_GEOMETRIC_PRESENTATION_REPRESENTATION (  '', ( #8795 ), #8788 ) ;
#8794 = PRESENTATION_LAYER_ASSIGNMENT (  '', '', ( #8795 ) ) ;
#8795 = STYLED_ITEM ( 'NONE', ( #8796 ), #2471 ) ;
#8796 = PRESENTATION_STYLE_ASSIGNMENT (( #8797 ) ) ;
#8797 = SURFACE_STYLE_USAGE ( .BOTH. , #8798 ) ;
#8798 = SURFACE_SIDE_STYLE ('',( #8799 ) ) ;
#8799 = SURFACE_STYLE_FILL_AREA ( #8800 ) ;
#8800 = FILL_AREA_STYLE ('',( #8806 ) ) ;
#8801 = COLOUR_RGB ( '',0.7529411764705882200, 0.7529411764705882200, 0.7529411764705882200 ) ;
#8802 = FACE_OUTER_BOUND ( 'NONE', #2472, .T. ) ;
#8803 = DIRECTION ( 'NONE',  ( -1.000000000000000000, 0.0000000000000000000, 0.0000000000000000000 ) ) ;
#8804 = VECTOR ( 'NONE', #8803, 1000.000000000000000 ) ;
#8805 = CARTESIAN_POINT ( 'NONE',  ( -8.750000000000000000, -8.300000000000000700, -0.1000000000000151900 ) ) ;
#8806 = FILL_AREA_STYLE_COLOUR ( '', #8801 ) ;
#8807 = CARTESIAN_POINT ( 'NONE',  ( -10.75000000000000000, -8.599999999999999600, 2.849999999999983700 ) ) ;
#8808 = LINE ( 'NONE', #8807, #8862 ) ;
#8809 = DIRECTION ( 'NONE',  ( 0.0000000000000000000, 0.0000000000000000000, -1.000000000000000000 ) ) ;
#8810 = DIRECTION ( 'NONE',  ( 1.000000000000000000, 0.0000000000000000000, 0.0000000000000000000 ) ) ;
#8811 = CARTESIAN_POINT ( 'NONE',  ( -10.75000000000000000, -8.599999999999999600, 2.849999999999983700 ) ) ;
#8812 = AXIS2_PLACEMENT_3D ( 'NONE', #8811, #8810, #8809 ) ;
#8813 = PLANE ( 'NONE',  #8812 ) ;
#8814 =( GEOMETRIC_REPRESENTATION_CONTEXT ( 3 ) GLOBAL_UNCERTAINTY_ASSIGNED_CONTEXT ( ( #8815 ) ) GLOBAL_UNIT_ASSIGNED_CONTEXT ( ( #8818, #8817, #8816 ) ) REPRESENTATION_CONTEXT ( 'NONE', 'WORKASPACE' ) );
#8815 = UNCERTAINTY_MEASURE_WITH_UNIT (LENGTH_MEASURE( 1.000000000000000100E-005 ), #8818, 'distance_accuracy_value', 'NONE');
#8816 =( NAMED_UNIT ( * ) SI_UNIT ( $, .STERADIAN. ) SOLID_ANGLE_UNIT ( ) );
#8817 =( NAMED_UNIT ( * ) PLANE_ANGLE_UNIT ( ) SI_UNIT ( $, .RADIAN. ) );
#8818 =( LENGTH_UNIT ( ) NAMED_UNIT ( * ) SI_UNIT ( .MILLI., .METRE. ) );
#8819 = MECHANICAL_DESIGN_GEOMETRIC_PRESENTATION_REPRESENTATION (  '', ( #8821 ), #8814 ) ;
#8820 = PRESENTATION_LAYER_ASSIGNMENT (  '', '', ( #8821 ) ) ;
#8821 = STYLED_ITEM ( 'NONE', ( #8822 ), #2477 ) ;
#8822 = PRESENTATION_STYLE_ASSIGNMENT (( #8823 ) ) ;
#8823 = SURFACE_STYLE_USAGE ( .BOTH. , #8824 ) ;
#8824 = SURFACE_SIDE_STYLE ('',( #8825 ) ) ;
#8825 = SURFACE_STYLE_FILL_AREA ( #8826 ) ;
#8826 = FILL_AREA_STYLE ('',( #8833 ) ) ;
#8827 = COLOUR_RGB ( '',0.7529411764705882200, 0.7529411764705882200, 0.7529411764705882200 ) ;
#8828 = FACE_OUTER_BOUND ( 'NONE', #2478, .T. ) ;
#8829 = DIRECTION ( 'NONE',  ( 0.0000000000000000000, 1.000000000000000000, 8.340016711426957800E-017 ) ) ;
#8830 = VECTOR ( 'NONE', #8829, 1000.000000000000000 ) ;
#8831 = CARTESIAN_POINT ( 'NONE',  ( -11.25000000000000000, -2.600000000000000500, 2.349999999999983700 ) ) ;
#8832 = LINE ( 'NONE', #8831, #8830 ) ;
#8833 = FILL_AREA_STYLE_COLOUR ( '', #8827 ) ;
#8834 = LINE ( 'NONE', #8891, #8890 ) ;
#8835 = DIRECTION ( 'NONE',  ( 1.000000000000000000, 0.0000000000000000000, 0.0000000000000000000 ) ) ;
#8836 = DIRECTION ( 'NONE',  ( -1.000000000000000000, 0.0000000000000000000, 0.0000000000000000000 ) ) ;
#8837 = DIRECTION ( 'NONE',  ( 0.0000000000000000000, 0.0000000000000000000, -1.000000000000000000 ) ) ;
#8838 = CARTESIAN_POINT ( 'NONE',  ( -10.75000000000000000, -8.599999999999999600, 2.849999999999983700 ) ) ;
#8839 = AXIS2_PLACEMENT_3D ( 'NONE', #8838, #8837, #8836 ) ;
#8840 = PLANE ( 'NONE',  #8839 ) ;
#8841 =( GEOMETRIC_REPRESENTATION_CONTEXT ( 3 ) GLOBAL_UNCERTAINTY_ASSIGNED_CONTEXT ( ( #8842 ) ) GLOBAL_UNIT_ASSIGNED_CONTEXT ( ( #8845, #8844, #8843 ) ) REPRESENTATION_CONTEXT ( 'NONE', 'WORKASPACE' ) );
#8842 = UNCERTAINTY_MEASURE_WITH_UNIT (LENGTH_MEASURE( 1.000000000000000100E-005 ), #8845, 'distance_accuracy_value', 'NONE');
#8843 =( NAMED_UNIT ( * ) SI_UNIT ( $, .STERADIAN. ) SOLID_ANGLE_UNIT ( ) );
#8844 =( NAMED_UNIT ( * ) PLANE_ANGLE_UNIT ( ) SI_UNIT ( $, .RADIAN. ) );
#8845 =( LENGTH_UNIT ( ) NAMED_UNIT ( * ) SI_UNIT ( .MILLI., .METRE. ) );
#8846 = MECHANICAL_DESIGN_GEOMETRIC_PRESENTATION_REPRESENTATION (  '', ( #8848 ), #8841 ) ;
#8847 = PRESENTATION_LAYER_ASSIGNMENT (  '', '', ( #8848 ) ) ;
#8848 = STYLED_ITEM ( 'NONE', ( #8849 ), #2485 ) ;
#8849 = PRESENTATION_STYLE_ASSIGNMENT (( #8850 ) ) ;
#8850 = SURFACE_STYLE_USAGE ( .BOTH. , #8851 ) ;
#8851 = SURFACE_SIDE_STYLE ('',( #8852 ) ) ;
#8852 = SURFACE_STYLE_FILL_AREA ( #8853 ) ;
#8853 = FILL_AREA_STYLE ('',( #8860 ) ) ;
#8854 = COLOUR_RGB ( '',0.7529411764705882200, 0.7529411764705882200, 0.7529411764705882200 ) ;
#8855 = FACE_OUTER_BOUND ( 'NONE', #2486, .T. ) ;
#8856 = DIRECTION ( 'NONE',  ( 0.0000000000000000000, 1.000000000000000000, 8.340016711426957800E-017 ) ) ;
#8857 = VECTOR ( 'NONE', #8856, 1000.000000000000000 ) ;
#8858 = CARTESIAN_POINT ( 'NONE',  ( -10.75000000000000000, -2.600000000000000500, 2.349999999999983700 ) ) ;
#8859 = LINE ( 'NONE', #8858, #8857 ) ;
#8860 = FILL_AREA_STYLE_COLOUR ( '', #8854 ) ;
#8861 = DIRECTION ( 'NONE',  ( 0.0000000000000000000, -1.000000000000000000, 0.0000000000000000000 ) ) ;
#8862 = VECTOR ( 'NONE', #8861, 1000.000000000000000 ) ;
#8863 = DIRECTION ( 'NONE',  ( 0.0000000000000000000, 0.0000000000000000000, -1.000000000000000000 ) ) ;
#8864 = DIRECTION ( 'NONE',  ( 1.000000000000000000, 0.0000000000000000000, 0.0000000000000000000 ) ) ;
#8865 = CARTESIAN_POINT ( 'NONE',  ( -11.25000000000000000, -8.599999999999999600, 2.849999999999983700 ) ) ;
#8866 = AXIS2_PLACEMENT_3D ( 'NONE', #8865, #8864, #8863 ) ;
#8867 = PLANE ( 'NONE',  #8866 ) ;
#8868 =( GEOMETRIC_REPRESENTATION_CONTEXT ( 3 ) GLOBAL_UNCERTAINTY_ASSIGNED_CONTEXT ( ( #8869 ) ) GLOBAL_UNIT_ASSIGNED_CONTEXT ( ( #8872, #8871, #8870 ) ) REPRESENTATION_CONTEXT ( 'NONE', 'WORKASPACE' ) );
#8869 = UNCERTAINTY_MEASURE_WITH_UNIT (LENGTH_MEASURE( 1.000000000000000100E-005 ), #8872, 'distance_accuracy_value', 'NONE');
#8870 =( NAMED_UNIT ( * ) SI_UNIT ( $, .STERADIAN. ) SOLID_ANGLE_UNIT ( ) );
#8871 =( NAMED_UNIT ( * ) PLANE_ANGLE_UNIT ( ) SI_UNIT ( $, .RADIAN. ) );
#8872 =( LENGTH_UNIT ( ) NAMED_UNIT ( * ) SI_UNIT ( .MILLI., .METRE. ) );
#8873 = MECHANICAL_DESIGN_GEOMETRIC_PRESENTATION_REPRESENTATION (  '', ( #8875 ), #8868 ) ;
#8874 = PRESENTATION_LAYER_ASSIGNMENT (  '', '', ( #8875 ) ) ;
#8875 = STYLED_ITEM ( 'NONE', ( #8876 ), #2494 ) ;
#8876 = PRESENTATION_STYLE_ASSIGNMENT (( #8877 ) ) ;
#8877 = SURFACE_STYLE_USAGE ( .BOTH. , #8878 ) ;
#8878 = SURFACE_SIDE_STYLE ('',( #8879 ) ) ;
#8879 = SURFACE_STYLE_FILL_AREA ( #8880 ) ;
#8880 = FILL_AREA_STYLE ('',( #8887 ) ) ;
#8881 = COLOUR_RGB ( '',0.7529411764705882200, 0.7529411764705882200, 0.7529411764705882200 ) ;
#8882 = FACE_OUTER_BOUND ( 'NONE', #2495, .T. ) ;
#8883 = DIRECTION ( 'NONE',  ( -1.000000000000000000, 0.0000000000000000000, 0.0000000000000000000 ) ) ;
#8884 = VECTOR ( 'NONE', #8883, 1000.000000000000000 ) ;
#8885 = CARTESIAN_POINT ( 'NONE',  ( -10.75000000000000000, -2.600000000000000500, 2.349999999999983700 ) ) ;
#8886 = LINE ( 'NONE', #8885, #8884 ) ;
#8887 = FILL_AREA_STYLE_COLOUR ( '', #8881 ) ;
#8888 = CARTESIAN_POINT ( 'NONE',  ( -10.75000000000000000, -2.600000000000000500, 2.349999999999983700 ) ) ;
#8889 = DIRECTION ( 'NONE',  ( 0.0000000000000000000, 0.0000000000000000000, 1.000000000000000000 ) ) ;
#8890 = VECTOR ( 'NONE', #8889, 1000.000000000000000 ) ;
#8891 = CARTESIAN_POINT ( 'NONE',  ( -10.75000000000000000, -2.600000000000000500, 2.849999999999983700 ) ) ;
#8892 = UNCERTAINTY_MEASURE_WITH_UNIT (LENGTH_MEASURE( 1.000000000000000100E-005 ), #8895, 'distance_accuracy_value', 'NONE');
#8893 =( NAMED_UNIT ( * ) SI_UNIT ( $, .STERADIAN. ) SOLID_ANGLE_UNIT ( ) );
#8894 =( NAMED_UNIT ( * ) PLANE_ANGLE_UNIT ( ) SI_UNIT ( $, .RADIAN. ) );
#8895 =( LENGTH_UNIT ( ) NAMED_UNIT ( * ) SI_UNIT ( .MILLI., .METRE. ) );
#8896 = MECHANICAL_DESIGN_GEOMETRIC_PRESENTATION_REPRESENTATION (  '', ( #8898 ), #8956 ) ;
#8897 = PRESENTATION_LAYER_ASSIGNMENT (  '', '', ( #8898 ) ) ;
#8898 = STYLED_ITEM ( 'NONE', ( #8899 ), #2519 ) ;
#8899 = PRESENTATION_STYLE_ASSIGNMENT (( #8900 ) ) ;
#8900 = SURFACE_STYLE_USAGE ( .BOTH. , #8901 ) ;
#8901 = SURFACE_SIDE_STYLE ('',( #8902 ) ) ;
#8902 = SURFACE_STYLE_FILL_AREA ( #8903 ) ;
#8903 = FILL_AREA_STYLE ('',( #8910 ) ) ;
#8904 = COLOUR_RGB ( '',0.7529411764705882200, 0.7529411764705882200, 0.7529411764705882200 ) ;
#8905 = FACE_OUTER_BOUND ( 'NONE', #2520, .T. ) ;
#8906 = DIRECTION ( 'NONE',  ( -1.000000000000000000, 0.0000000000000000000, 0.0000000000000000000 ) ) ;
#8907 = VECTOR ( 'NONE', #8906, 1000.000000000000000 ) ;
#8908 = CARTESIAN_POINT ( 'NONE',  ( -10.75000000000000000, -8.300000000000000700, -0.1000000000000162800 ) ) ;
#8909 = LINE ( 'NONE', #8908, #8907 ) ;
#8910 = FILL_AREA_STYLE_COLOUR ( '', #8904 ) ;
#8911 = CARTESIAN_POINT ( 'NONE',  ( -10.75000000000000000, -8.300000000000000700, -0.1000000000000162800 ) ) ;
#8912 = DIRECTION ( 'NONE',  ( 0.0000000000000000000, 0.0000000000000000000, -1.000000000000000000 ) ) ;
#8913 = VECTOR ( 'NONE', #8912, 1000.000000000000000 ) ;
#8914 = CARTESIAN_POINT ( 'NONE',  ( -11.25000000000000000, -10.00000000000000000, 0.4999999999999835100 ) ) ;
#8915 = LINE ( 'NONE', #8914, #8913 ) ;
#8916 = CARTESIAN_POINT ( 'NONE',  ( -11.25000000000000000, -10.00000000000000000, -0.1000000000000164900 ) ) ;
#8917 = DIRECTION ( 'NONE',  ( 0.0000000000000000000, 1.000000000000000000, 1.275531967630005200E-016 ) ) ;
#8918 = VECTOR ( 'NONE', #8917, 1000.000000000000000 ) ;
#8919 = CARTESIAN_POINT ( 'NONE',  ( -11.25000000000000000, -8.300000000000000700, -0.1000000000000162800 ) ) ;
#8920 = LINE ( 'NONE', #8919, #8918 ) ;
#8921 = DIRECTION ( 'NONE',  ( 0.0000000000000000000, -1.000000000000000000, 0.0000000000000000000 ) ) ;
#8922 = VECTOR ( 'NONE', #8921, 1000.000000000000000 ) ;
#8923 = CARTESIAN_POINT ( 'NONE',  ( -11.25000000000000000, -8.599999999999999600, 2.849999999999983700 ) ) ;
#8924 = LINE ( 'NONE', #8923, #8922 ) ;
#8925 = PRESENTATION_STYLE_ASSIGNMENT (( #8926 ) ) ;
#8926 = SURFACE_STYLE_USAGE ( .BOTH. , #8927 ) ;
#8927 = SURFACE_SIDE_STYLE ('',( #8928 ) ) ;
#8928 = SURFACE_STYLE_FILL_AREA ( #8929 ) ;
#8929 = FILL_AREA_STYLE ('',( #8936 ) ) ;
#8930 = COLOUR_RGB ( '',0.7529411764705882200, 0.7529411764705882200, 0.7529411764705882200 ) ;
#8931 = FACE_OUTER_BOUND ( 'NONE', #2536, .T. ) ;
#8932 = DIRECTION ( 'NONE',  ( -1.000000000000000000, 0.0000000000000000000, 0.0000000000000000000 ) ) ;
#8933 = VECTOR ( 'NONE', #8932, 1000.000000000000000 ) ;
#8934 = CARTESIAN_POINT ( 'NONE',  ( -10.75000000000000000, -10.00000000000000000, 0.4999999999999835100 ) ) ;
#8935 = LINE ( 'NONE', #8934, #8933 ) ;
#8936 = FILL_AREA_STYLE_COLOUR ( '', #8930 ) ;
#8937 = CARTESIAN_POINT ( 'NONE',  ( -11.25000000000000000, -10.00000000000000000, 0.4999999999999835100 ) ) ;
#8938 = DIRECTION ( 'NONE',  ( 0.0000000000000000000, -1.000000000000000000, -7.744301232039316700E-017 ) ) ;
#8939 = VECTOR ( 'NONE', #8938, 1000.000000000000000 ) ;
#8940 = CARTESIAN_POINT ( 'NONE',  ( -11.25000000000000000, -8.599999999999999600, 0.4999999999999836200 ) ) ;
#8941 = LINE ( 'NONE', #8940, #8939 ) ;
#8942 = DIRECTION ( 'NONE',  ( 0.0000000000000000000, 1.000000000000000000, 1.275531967630005200E-016 ) ) ;
#8943 = VECTOR ( 'NONE', #8942, 1000.000000000000000 ) ;
#8944 = CARTESIAN_POINT ( 'NONE',  ( -10.75000000000000000, -8.300000000000000700, -0.1000000000000162800 ) ) ;
#8945 = LINE ( 'NONE', #8944, #8943 ) ;
#8946 = CARTESIAN_POINT ( 'NONE',  ( -10.75000000000000000, -10.00000000000000000, -0.1000000000000164900 ) ) ;
#8947 = DIRECTION ( 'NONE',  ( 0.0000000000000000000, 0.0000000000000000000, -1.000000000000000000 ) ) ;
#8948 = VECTOR ( 'NONE', #8947, 1000.000000000000000 ) ;
#8949 = CARTESIAN_POINT ( 'NONE',  ( -10.75000000000000000, -10.00000000000000000, 0.4999999999999835100 ) ) ;
#8950 = LINE ( 'NONE', #8949, #8948 ) ;
#8951 = DIRECTION ( 'NONE',  ( 0.0000000000000000000, 0.0000000000000000000, -1.000000000000000000 ) ) ;
#8952 = DIRECTION ( 'NONE',  ( 1.000000000000000000, 0.0000000000000000000, 0.0000000000000000000 ) ) ;
#8953 = CARTESIAN_POINT ( 'NONE',  ( -10.75000000000000000, -8.599999999999999600, 2.849999999999983700 ) ) ;
#8954 = AXIS2_PLACEMENT_3D ( 'NONE', #8953, #8952, #8951 ) ;
#8955 = PLANE ( 'NONE',  #8954 ) ;
#8956 =( GEOMETRIC_REPRESENTATION_CONTEXT ( 3 ) GLOBAL_UNCERTAINTY_ASSIGNED_CONTEXT ( ( #8892 ) ) GLOBAL_UNIT_ASSIGNED_CONTEXT ( ( #8895, #8894, #8893 ) ) REPRESENTATION_CONTEXT ( 'NONE', 'WORKASPACE' ) );
#8957 = SURFACE_STYLE_FILL_AREA ( #8958 ) ;
#8958 = FILL_AREA_STYLE ('',( #8965 ) ) ;
#8959 = COLOUR_RGB ( '',0.7529411764705882200, 0.7529411764705882200, 0.7529411764705882200 ) ;
#8960 = FACE_OUTER_BOUND ( 'NONE', #2546, .T. ) ;
#8961 = DIRECTION ( 'NONE',  ( 0.0000000000000000000, 0.7071067811865510100, 0.7071067811865441300 ) ) ;
#8962 = VECTOR ( 'NONE', #8961, 999.9999999999998900 ) ;
#8963 = CARTESIAN_POINT ( 'NONE',  ( -10.75000000000000000, -8.300000000000000700, -0.1000000000000162800 ) ) ;
#8964 = LINE ( 'NONE', #8963, #8962 ) ;
#8965 = FILL_AREA_STYLE_COLOUR ( '', #8959 ) ;
#8966 = CARTESIAN_POINT ( 'NONE',  ( -11.25000000000000000, -8.300000000000000700, -0.1000000000000162800 ) ) ;
#8967 = DIRECTION ( 'NONE',  ( 0.0000000000000000000, 0.7071067811865510100, 0.7071067811865441300 ) ) ;
#8968 = VECTOR ( 'NONE', #8967, 999.9999999999998900 ) ;
#8969 = CARTESIAN_POINT ( 'NONE',  ( -11.25000000000000000, -8.300000000000000700, -0.1000000000000162800 ) ) ;
#8970 = LINE ( 'NONE', #8969, #8968 ) ;
#8971 = DIRECTION ( 'NONE',  ( 0.0000000000000000000, -0.7071067811865510100, -0.7071067811865441300 ) ) ;
#8972 = DIRECTION ( 'NONE',  ( 0.0000000000000000000, -0.7071067811865441300, 0.7071067811865510100 ) ) ;
#8973 = CARTESIAN_POINT ( 'NONE',  ( -10.75000000000000000, -8.300000000000000700, -0.1000000000000162800 ) ) ;
#8974 = AXIS2_PLACEMENT_3D ( 'NONE', #8973, #8972, #8971 ) ;
#8975 = PLANE ( 'NONE',  #8974 ) ;
#8976 =( GEOMETRIC_REPRESENTATION_CONTEXT ( 3 ) GLOBAL_UNCERTAINTY_ASSIGNED_CONTEXT ( ( #8977 ) ) GLOBAL_UNIT_ASSIGNED_CONTEXT ( ( #8980, #8979, #8978 ) ) REPRESENTATION_CONTEXT ( 'NONE', 'WORKASPACE' ) );
#8977 = UNCERTAINTY_MEASURE_WITH_UNIT (LENGTH_MEASURE( 1.000000000000000100E-005 ), #8980, 'distance_accuracy_value', 'NONE');
#8978 =( NAMED_UNIT ( * ) SI_UNIT ( $, .STERADIAN. ) SOLID_ANGLE_UNIT ( ) );
#8979 =( NAMED_UNIT ( * ) PLANE_ANGLE_UNIT ( ) SI_UNIT ( $, .RADIAN. ) );
#8980 =( LENGTH_UNIT ( ) NAMED_UNIT ( * ) SI_UNIT ( .MILLI., .METRE. ) );
#8981 = MECHANICAL_DESIGN_GEOMETRIC_PRESENTATION_REPRESENTATION (  '', ( #8983 ), #8976 ) ;
#8982 = PRESENTATION_LAYER_ASSIGNMENT (  '', '', ( #8983 ) ) ;
#8983 = STYLED_ITEM ( 'NONE', ( #8925 ), #2535 ) ;
#8984 = PLANE ( 'NONE',  #9043 ) ;
#8985 = FACE_OUTER_BOUND ( 'NONE', #2556, .T. ) ;
#8986 = DIRECTION ( 'NONE',  ( 0.0000000000000000000, -1.000000000000000000, -1.224606353822377800E-016 ) ) ;
#8987 = VECTOR ( 'NONE', #8986, 1000.000000000000000 ) ;
#8988 = CARTESIAN_POINT ( 'NONE',  ( -7.350000000000000500, 0.0000000000000000000, 4.599999999999996100 ) ) ;
#8989 = LINE ( 'NONE', #8988, #8987 ) ;
#8990 = DIRECTION ( 'NONE',  ( 0.0000000000000000000, -1.000000000000000000, -1.224606353822377800E-016 ) ) ;
#8991 = VECTOR ( 'NONE', #8990, 1000.000000000000000 ) ;
#8992 = CARTESIAN_POINT ( 'NONE',  ( -6.250000000000000000, 0.0000000000000000000, 4.599999999999996100 ) ) ;
#8993 = LINE ( 'NONE', #8992, #8991 ) ;
#8994 = DIRECTION ( 'NONE',  ( 0.0000000000000000000, -1.000000000000000000, -8.340016711426957800E-017 ) ) ;
#8995 = DIRECTION ( 'NONE',  ( 0.0000000000000000000, -8.340016711426957800E-017, 1.000000000000000000 ) ) ;
#8996 = CARTESIAN_POINT ( 'NONE',  ( -10.75000000000000000, -2.600000000000000500, 2.349999999999983700 ) ) ;
#8997 = AXIS2_PLACEMENT_3D ( 'NONE', #8996, #8995, #8994 ) ;
#8998 = PLANE ( 'NONE',  #8997 ) ;
#8999 =( GEOMETRIC_REPRESENTATION_CONTEXT ( 3 ) GLOBAL_UNCERTAINTY_ASSIGNED_CONTEXT ( ( #9000 ) ) GLOBAL_UNIT_ASSIGNED_CONTEXT ( ( #9003, #9002, #9001 ) ) REPRESENTATION_CONTEXT ( 'NONE', 'WORKASPACE' ) );
#9000 = UNCERTAINTY_MEASURE_WITH_UNIT (LENGTH_MEASURE( 1.000000000000000100E-005 ), #9003, 'distance_accuracy_value', 'NONE');
#9001 =( NAMED_UNIT ( * ) SI_UNIT ( $, .STERADIAN. ) SOLID_ANGLE_UNIT ( ) );
#9002 =( NAMED_UNIT ( * ) PLANE_ANGLE_UNIT ( ) SI_UNIT ( $, .RADIAN. ) );
#9003 =( LENGTH_UNIT ( ) NAMED_UNIT ( * ) SI_UNIT ( .MILLI., .METRE. ) );
#9004 = MECHANICAL_DESIGN_GEOMETRIC_PRESENTATION_REPRESENTATION (  '', ( #9006 ), #8999 ) ;
#9005 = PRESENTATION_LAYER_ASSIGNMENT (  '', '', ( #9006 ) ) ;
#9006 = STYLED_ITEM ( 'NONE', ( #9007 ), #2545 ) ;
#9007 = PRESENTATION_STYLE_ASSIGNMENT (( #9008 ) ) ;
#9008 = SURFACE_STYLE_USAGE ( .BOTH. , #9009 ) ;
#9009 = SURFACE_SIDE_STYLE ('',( #8957 ) ) ;
#9010 =( NAMED_UNIT ( * ) SI_UNIT ( $, .STERADIAN. ) SOLID_ANGLE_UNIT ( ) );
#9011 =( NAMED_UNIT ( * ) PLANE_ANGLE_UNIT ( ) SI_UNIT ( $, .RADIAN. ) );
#9012 =( LENGTH_UNIT ( ) NAMED_UNIT ( * ) SI_UNIT ( .MILLI., .METRE. ) );
#9013 = MECHANICAL_DESIGN_GEOMETRIC_PRESENTATION_REPRESENTATION (  '', ( #9015 ), #9068 ) ;
#9014 = PRESENTATION_LAYER_ASSIGNMENT (  '', '', ( #9015 ) ) ;
#9015 = STYLED_ITEM ( 'NONE', ( #9016 ), #2570 ) ;
#9016 = PRESENTATION_STYLE_ASSIGNMENT (( #9017 ) ) ;
#9017 = SURFACE_STYLE_USAGE ( .BOTH. , #9018 ) ;
#9018 = SURFACE_SIDE_STYLE ('',( #9019 ) ) ;
#9019 = SURFACE_STYLE_FILL_AREA ( #9020 ) ;
#9020 = FILL_AREA_STYLE ('',( #9028 ) ) ;
#9021 = COLOUR_RGB ( '',0.7529411764705882200, 0.7529411764705882200, 0.7529411764705882200 ) ;
#9022 = FACE_OUTER_BOUND ( 'NONE', #2515, .T. ) ;
#9023 = DIRECTION ( 'NONE',  ( 0.0000000000000000000, 0.0000000000000000000, -1.000000000000000000 ) ) ;
#9024 = DIRECTION ( 'NONE',  ( 1.000000000000000000, 0.0000000000000000000, 0.0000000000000000000 ) ) ;
#9025 = CARTESIAN_POINT ( 'NONE',  ( 11.40000000000000900, 0.0000000000000000000, 3.899999999999997200 ) ) ;
#9026 = AXIS2_PLACEMENT_3D ( 'NONE', #9025, #9024, #9023 ) ;
#9027 = PLANE ( 'NONE',  #9026 ) ;
#9028 = FILL_AREA_STYLE_COLOUR ( '', #9021 ) ;
#9029 = FACE_OUTER_BOUND ( 'NONE', #2566, .T. ) ;
#9030 = DIRECTION ( 'NONE',  ( 0.0000000000000000000, -1.000000000000000000, -1.224606353822377800E-016 ) ) ;
#9031 = VECTOR ( 'NONE', #9030, 1000.000000000000000 ) ;
#9032 = CARTESIAN_POINT ( 'NONE',  ( 11.40000000000000900, 0.0000000000000000000, 4.999999999999997300 ) ) ;
#9033 = LINE ( 'NONE', #9032, #9031 ) ;
#9034 = DIRECTION ( 'NONE',  ( 0.0000000000000000000, 1.000000000000000000, 1.224606353822377800E-016 ) ) ;
#9035 = DIRECTION ( 'NONE',  ( 0.0000000000000000000, 1.224606353822377800E-016, -1.000000000000000000 ) ) ;
#9036 = CARTESIAN_POINT ( 'NONE',  ( 12.20000000000000100, 0.0000000000000000000, 4.999999999999997300 ) ) ;
#9037 = AXIS2_PLACEMENT_3D ( 'NONE', #9036, #9035, #9034 ) ;
#9038 = PLANE ( 'NONE',  #9037 ) ;
#9039 = FACE_OUTER_BOUND ( 'NONE', #2581, .T. ) ;
#9040 = DIRECTION ( 'NONE',  ( 6.938893903907247300E-015, 0.0000000000000000000, 1.000000000000000000 ) ) ;
#9041 = DIRECTION ( 'NONE',  ( -1.000000000000000000, -8.497413563224176500E-031, 6.938893903907247300E-015 ) ) ;
#9042 = CARTESIAN_POINT ( 'NONE',  ( -6.250000000000003600, 0.0000000000000000000, 4.099999999999997900 ) ) ;
#9043 = AXIS2_PLACEMENT_3D ( 'NONE', #9042, #9041, #9040 ) ;
#9044 = UNCERTAINTY_MEASURE_WITH_UNIT (LENGTH_MEASURE( 1.000000000000000100E-005 ), #9047, 'distance_accuracy_value', 'NONE');
#9045 =( NAMED_UNIT ( * ) SI_UNIT ( $, .STERADIAN. ) SOLID_ANGLE_UNIT ( ) );
#9046 =( NAMED_UNIT ( * ) PLANE_ANGLE_UNIT ( ) SI_UNIT ( $, .RADIAN. ) );
#9047 =( LENGTH_UNIT ( ) NAMED_UNIT ( * ) SI_UNIT ( .MILLI., .METRE. ) );
#9048 = MECHANICAL_DESIGN_GEOMETRIC_PRESENTATION_REPRESENTATION (  '', ( #9050 ), #9095 ) ;
#9049 = PRESENTATION_LAYER_ASSIGNMENT (  '', '', ( #9050 ) ) ;
#9050 = STYLED_ITEM ( 'NONE', ( #9051 ), #2576 ) ;
#9051 = PRESENTATION_STYLE_ASSIGNMENT (( #9052 ) ) ;
#9052 = SURFACE_STYLE_USAGE ( .BOTH. , #9053 ) ;
#9053 = SURFACE_SIDE_STYLE ('',( #9054 ) ) ;
#9054 = SURFACE_STYLE_FILL_AREA ( #9055 ) ;
#9055 = FILL_AREA_STYLE ('',( #9062 ) ) ;
#9056 = COLOUR_RGB ( '',0.7529411764705882200, 0.7529411764705882200, 0.7529411764705882200 ) ;
#9057 = FACE_OUTER_BOUND ( 'NONE', #2577, .T. ) ;
#9058 = DIRECTION ( 'NONE',  ( -1.000000000000000000, 0.0000000000000000000, 0.0000000000000000000 ) ) ;
#9059 = VECTOR ( 'NONE', #9058, 1000.000000000000000 ) ;
#9060 = CARTESIAN_POINT ( 'NONE',  ( -10.75000000000000000, -10.00000000000000000, -0.1000000000000164900 ) ) ;
#9061 = LINE ( 'NONE', #9060, #9059 ) ;
#9062 = FILL_AREA_STYLE_COLOUR ( '', #9056 ) ;
#9063 = DIRECTION ( 'NONE',  ( 0.0000000000000000000, 0.0000000000000000000, 1.000000000000000000 ) ) ;
#9064 = DIRECTION ( 'NONE',  ( 0.0000000000000000000, 1.000000000000000000, 0.0000000000000000000 ) ) ;
#9065 = CARTESIAN_POINT ( 'NONE',  ( -10.75000000000000000, -10.00000000000000000, 0.4999999999999835100 ) ) ;
#9066 = AXIS2_PLACEMENT_3D ( 'NONE', #9065, #9064, #9063 ) ;
#9067 = PLANE ( 'NONE',  #9066 ) ;
#9068 =( GEOMETRIC_REPRESENTATION_CONTEXT ( 3 ) GLOBAL_UNCERTAINTY_ASSIGNED_CONTEXT ( ( #9069 ) ) GLOBAL_UNIT_ASSIGNED_CONTEXT ( ( #9012, #9011, #9010 ) ) REPRESENTATION_CONTEXT ( 'NONE', 'WORKASPACE' ) );
#9069 = UNCERTAINTY_MEASURE_WITH_UNIT (LENGTH_MEASURE( 1.000000000000000100E-005 ), #9012, 'distance_accuracy_value', 'NONE');
#9070 = CARTESIAN_POINT ( 'NONE',  ( -11.25000000000000000, -8.599999999999999600, 2.849999999999983700 ) ) ;
#9071 = AXIS2_PLACEMENT_3D ( 'NONE', #9070, #8835, #9129 ) ;
#9072 = DIRECTION ( 'NONE',  ( 0.0000000000000000000, 1.000000000000000000, 0.0000000000000000000 ) ) ;
#9073 = PLANE ( 'NONE',  #9071 ) ;
#9074 =( GEOMETRIC_REPRESENTATION_CONTEXT ( 3 ) GLOBAL_UNCERTAINTY_ASSIGNED_CONTEXT ( ( #9075 ) ) GLOBAL_UNIT_ASSIGNED_CONTEXT ( ( #9078, #9077, #9076 ) ) REPRESENTATION_CONTEXT ( 'NONE', 'WORKASPACE' ) );
#9075 = UNCERTAINTY_MEASURE_WITH_UNIT (LENGTH_MEASURE( 1.000000000000000100E-005 ), #9078, 'distance_accuracy_value', 'NONE');
#9076 =( NAMED_UNIT ( * ) SI_UNIT ( $, .STERADIAN. ) SOLID_ANGLE_UNIT ( ) );
#9077 =( NAMED_UNIT ( * ) PLANE_ANGLE_UNIT ( ) SI_UNIT ( $, .RADIAN. ) );
#9078 =( LENGTH_UNIT ( ) NAMED_UNIT ( * ) SI_UNIT ( .MILLI., .METRE. ) );
#9079 = MECHANICAL_DESIGN_GEOMETRIC_PRESENTATION_REPRESENTATION (  '', ( #9081 ), #9074 ) ;
#9080 = PRESENTATION_LAYER_ASSIGNMENT (  '', '', ( #9081 ) ) ;
#9081 = STYLED_ITEM ( 'NONE', ( #9082 ), #2583 ) ;
#9082 = PRESENTATION_STYLE_ASSIGNMENT (( #9083 ) ) ;
#9083 = SURFACE_STYLE_USAGE ( .BOTH. , #9084 ) ;
#9084 = SURFACE_SIDE_STYLE ('',( #9085 ) ) ;
#9085 = SURFACE_STYLE_FILL_AREA ( #9086 ) ;
#9086 = FILL_AREA_STYLE ('',( #9093 ) ) ;
#9087 = COLOUR_RGB ( '',0.7529411764705882200, 0.7529411764705882200, 0.7529411764705882200 ) ;
#9088 = FACE_OUTER_BOUND ( 'NONE', #2584, .T. ) ;
#9089 = DIRECTION ( 'NONE',  ( 0.0000000000000000000, -1.000000000000000000, -1.275531967630005200E-016 ) ) ;
#9090 = DIRECTION ( 'NONE',  ( 0.0000000000000000000, -1.275531967630005200E-016, 1.000000000000000000 ) ) ;
#9091 = CARTESIAN_POINT ( 'NONE',  ( -10.75000000000000000, -8.300000000000000700, -0.1000000000000162800 ) ) ;
#9092 = AXIS2_PLACEMENT_3D ( 'NONE', #9091, #9090, #9089 ) ;
#9093 = FILL_AREA_STYLE_COLOUR ( '', #9087 ) ;
#9094 = PLANE ( 'NONE',  #9092 ) ;
#9095 =( GEOMETRIC_REPRESENTATION_CONTEXT ( 3 ) GLOBAL_UNCERTAINTY_ASSIGNED_CONTEXT ( ( #9044 ) ) GLOBAL_UNIT_ASSIGNED_CONTEXT ( ( #9047, #9046, #9045 ) ) REPRESENTATION_CONTEXT ( 'NONE', 'WORKASPACE' ) );
#9096 = DIRECTION ( 'NONE',  ( 0.0000000000000000000, -1.000000000000000000, -1.224606353822377800E-016 ) ) ;
#9097 = EDGE_CURVE ( 'NONE', #7225, #7229, #9365, .T. ) ;
#9098 = VECTOR ( 'NONE', #9096, 1000.000000000000000 ) ;
#9099 = CARTESIAN_POINT ( 'NONE',  ( 7.350000000000000500, 0.0000000000000000000, 4.599999999999996100 ) ) ;
#9100 = LINE ( 'NONE', #9099, #9098 ) ;
#9101 = DIRECTION ( 'NONE',  ( 0.0000000000000000000, 1.000000000000000000, 1.224606353822377800E-016 ) ) ;
#9102 = DIRECTION ( 'NONE',  ( 0.0000000000000000000, 1.224606353822377800E-016, -1.000000000000000000 ) ) ;
#9103 = CARTESIAN_POINT ( 'NONE',  ( 7.350000000000000500, 0.0000000000000000000, 4.599999999999996100 ) ) ;
#9104 = AXIS2_PLACEMENT_3D ( 'NONE', #9103, #9102, #9101 ) ;
#9105 = PLANE ( 'NONE',  #9104 ) ;
#9106 = FACE_OUTER_BOUND ( 'NONE', #2605, .T. ) ;
#9107 = DIRECTION ( 'NONE',  ( 0.0000000000000000000, -1.000000000000000000, -1.224606353822377800E-016 ) ) ;
#9108 = VECTOR ( 'NONE', #9107, 1000.000000000000000 ) ;
#9109 = CARTESIAN_POINT ( 'NONE',  ( 6.250000000000000000, 0.0000000000000000000, 4.599999999999996100 ) ) ;
#9110 = LINE ( 'NONE', #9109, #9108 ) ;
#9111 = DIRECTION ( 'NONE',  ( 6.938893903907247300E-015, 0.0000000000000000000, -1.000000000000000000 ) ) ;
#9112 = DIRECTION ( 'NONE',  ( 1.000000000000000000, -8.497413563224176500E-031, 6.938893903907247300E-015 ) ) ;
#9113 = CARTESIAN_POINT ( 'NONE',  ( 6.250000000000003600, 0.0000000000000000000, 4.099999999999997900 ) ) ;
#9114 = AXIS2_PLACEMENT_3D ( 'NONE', #9113, #9112, #9111 ) ;
#9115 = PLANE ( 'NONE',  #9114 ) ;
#9116 = FACE_OUTER_BOUND ( 'NONE', #2598, .T. ) ;
#9117 = DIRECTION ( 'NONE',  ( 0.0000000000000000000, 0.0000000000000000000, 1.000000000000000000 ) ) ;
#9118 = DIRECTION ( 'NONE',  ( -1.000000000000000000, 0.0000000000000000000, 0.0000000000000000000 ) ) ;
#9119 = CARTESIAN_POINT ( 'NONE',  ( 7.350000000000000500, 0.0000000000000000000, 3.899999999999997200 ) ) ;
#9120 = AXIS2_PLACEMENT_3D ( 'NONE', #9119, #9118, #9117 ) ;
#9121 = PLANE ( 'NONE',  #9120 ) ;
#9122 = FACE_OUTER_BOUND ( 'NONE', #2594, .T. ) ;
#9123 = DIRECTION ( 'NONE',  ( 0.0000000000000000000, 0.0000000000000000000, -1.000000000000000000 ) ) ;
#9124 = DIRECTION ( 'NONE',  ( 1.000000000000000000, 0.0000000000000000000, 0.0000000000000000000 ) ) ;
#9125 = CARTESIAN_POINT ( 'NONE',  ( -7.350000000000000500, 0.0000000000000000000, 3.899999999999997200 ) ) ;
#9126 = AXIS2_PLACEMENT_3D ( 'NONE', #9125, #9124, #9123 ) ;
#9127 = PLANE ( 'NONE',  #9126 ) ;
#9128 = FACE_OUTER_BOUND ( 'NONE', #2588, .T. ) ;
#9129 = DIRECTION ( 'NONE',  ( 0.0000000000000000000, 0.0000000000000000000, -1.000000000000000000 ) ) ;
#9130 = DIRECTION ( 'NONE',  ( 0.0000000000000000000, 1.221636250687892700E-016, -1.000000000000000000 ) ) ;
#9131 = CARTESIAN_POINT ( 'NONE',  ( 14.00000000000000000, -1.800000000000001200, 5.700000000000000200 ) ) ;
#9132 = AXIS2_PLACEMENT_3D ( 'NONE', #9131, #9130, #9192 ) ;
#9133 = FACE_OUTER_BOUND ( 'NONE', #2628, .T. ) ;
#9134 = PLANE ( 'NONE',  #9132 ) ;
#9135 = FACE_OUTER_BOUND ( 'NONE', #2633, .T. ) ;
#9136 = DIRECTION ( 'NONE',  ( 0.0000000000000000000, 1.000000000000000000, 0.0000000000000000000 ) ) ;
#9137 = VECTOR ( 'NONE', #9136, 1000.000000000000000 ) ;
#9138 = CARTESIAN_POINT ( 'NONE',  ( -14.00000000000000000, -8.900000000000000400, 0.0000000000000000000 ) ) ;
#9139 = LINE ( 'NONE', #9138, #9137 ) ;
#9140 = DIRECTION ( 'NONE',  ( 0.0000000000000000000, 1.000000000000000000, 1.224606353822377500E-016 ) ) ;
#9141 = VECTOR ( 'NONE', #9140, 1000.000000000000000 ) ;
#9142 = CARTESIAN_POINT ( 'NONE',  ( -14.00000000000000000, -6.100000000000000500, 1.599999999999999400 ) ) ;
#9143 = LINE ( 'NONE', #9142, #9141 ) ;
#9144 = DIRECTION ( 'NONE',  ( 0.0000000000000000000, 1.000000000000000000, 1.224606353822377800E-016 ) ) ;
#9145 = DIRECTION ( 'NONE',  ( 0.0000000000000000000, 1.224606353822377800E-016, -1.000000000000000000 ) ) ;
#9146 = CARTESIAN_POINT ( 'NONE',  ( -6.250000000000000000, 0.0000000000000000000, 4.599999999999996100 ) ) ;
#9147 = AXIS2_PLACEMENT_3D ( 'NONE', #9146, #9145, #9144 ) ;
#9148 = PLANE ( 'NONE',  #9147 ) ;
#9149 = FACE_OUTER_BOUND ( 'NONE', #2548, .T. ) ;
#9150 = DIRECTION ( 'NONE',  ( 0.0000000000000000000, -1.000000000000000000, -1.224606353822377800E-016 ) ) ;
#9151 = VECTOR ( 'NONE', #9150, 1000.000000000000000 ) ;
#9152 = CARTESIAN_POINT ( 'NONE',  ( 6.250000000000003600, 0.0000000000000000000, 4.099999999999997900 ) ) ;
#9153 = LINE ( 'NONE', #9152, #9151 ) ;
#9154 = DIRECTION ( 'NONE',  ( 0.0000000000000000000, 1.000000000000000000, 1.224606353822377800E-016 ) ) ;
#9155 = DIRECTION ( 'NONE',  ( 0.0000000000000000000, 1.224606353822377800E-016, -1.000000000000000000 ) ) ;
#9156 = CARTESIAN_POINT ( 'NONE',  ( 6.250000000000003600, 0.0000000000000000000, 4.099999999999997900 ) ) ;
#9157 = AXIS2_PLACEMENT_3D ( 'NONE', #9156, #9155, #9154 ) ;
#9158 = PLANE ( 'NONE',  #9157 ) ;
#9159 = FACE_OUTER_BOUND ( 'NONE', #2615, .T. ) ;
#9160 = DIRECTION ( 'NONE',  ( 0.0000000000000000000, -1.000000000000000000, -1.224606353822377800E-016 ) ) ;
#9161 = VECTOR ( 'NONE', #9160, 1000.000000000000000 ) ;
#9162 = CARTESIAN_POINT ( 'NONE',  ( -6.250000000000003600, 0.0000000000000000000, 4.099999999999997900 ) ) ;
#9163 = LINE ( 'NONE', #9162, #9161 ) ;
#9164 = PLANE ( 'NONE',  #9224 ) ;
#9165 = FACE_OUTER_BOUND ( 'NONE', #2656, .T. ) ;
#9166 = CARTESIAN_POINT ( 'NONE',  ( 2.749999999999999100, -8.900000000000000400, 0.0000000000000000000 ) ) ;
#9167 = DIRECTION ( 'NONE',  ( -1.000000000000000000, 0.0000000000000000000, 0.0000000000000000000 ) ) ;
#9168 = VECTOR ( 'NONE', #9167, 1000.000000000000000 ) ;
#9169 = CARTESIAN_POINT ( 'NONE',  ( 14.00000000000000000, -8.900000000000000400, 0.0000000000000000000 ) ) ;
#9170 = LINE ( 'NONE', #9169, #9168 ) ;
#9171 = DIRECTION ( 'NONE',  ( 0.0000000000000000000, -1.000000000000000000, -1.221636250687892700E-016 ) ) ;
#9172 = VECTOR ( 'NONE', #9171, 1000.000000000000000 ) ;
#9173 = CARTESIAN_POINT ( 'NONE',  ( 14.00000000000000000, -1.800000000000001200, 5.700000000000000200 ) ) ;
#9174 = LINE ( 'NONE', #9173, #9172 ) ;
#9175 = DIRECTION ( 'NONE',  ( 0.0000000000000000000, 1.000000000000000000, 1.224606353822377300E-016 ) ) ;
#9176 = VECTOR ( 'NONE', #9175, 1000.000000000000000 ) ;
#9177 = CARTESIAN_POINT ( 'NONE',  ( 10.85000000000000000, -8.900000000000000400, 5.699999999999997500 ) ) ;
#9178 = LINE ( 'NONE', #9177, #9176 ) ;
#9179 = DIRECTION ( 'NONE',  ( 0.0000000000000000000, 1.000000000000000000, 1.224606353822377300E-016 ) ) ;
#9180 = VECTOR ( 'NONE', #9179, 1000.000000000000000 ) ;
#9181 = CARTESIAN_POINT ( 'NONE',  ( 5.700000000000000200, -8.900000000000000400, 5.699999999999999300 ) ) ;
#9182 = LINE ( 'NONE', #9181, #9180 ) ;
#9183 = DIRECTION ( 'NONE',  ( 0.0000000000000000000, 1.000000000000000000, 1.224606353822377300E-016 ) ) ;
#9184 = VECTOR ( 'NONE', #9183, 1000.000000000000000 ) ;
#9185 = CARTESIAN_POINT ( 'NONE',  ( 7.900000000000000400, -8.900000000000000400, 5.699999999999997500 ) ) ;
#9186 = LINE ( 'NONE', #9185, #9184 ) ;
#9187 = DIRECTION ( 'NONE',  ( 0.0000000000000000000, 1.000000000000000000, 1.221636250687892700E-016 ) ) ;
#9188 = DIRECTION ( 'NONE',  ( 0.0000000000000000000, 1.221636250687892700E-016, -1.000000000000000000 ) ) ;
#9189 = CARTESIAN_POINT ( 'NONE',  ( 14.00000000000000000, -1.800000000000001200, 5.700000000000000200 ) ) ;
#9190 = AXIS2_PLACEMENT_3D ( 'NONE', #9189, #9188, #9187 ) ;
#9191 = PLANE ( 'NONE',  #9190 ) ;
#9192 = DIRECTION ( 'NONE',  ( 0.0000000000000000000, 1.000000000000000000, 1.221636250687892700E-016 ) ) ;
#9193 = CARTESIAN_POINT ( 'NONE',  ( -12.20000000000000100, -4.775964779907267600E-016, 3.899999999999997200 ) ) ;
#9194 = LINE ( 'NONE', #9193, #9257 ) ;
#9195 = CARTESIAN_POINT ( 'NONE',  ( -13.30000000000000100, -1.959370166115803700E-016, 1.600000000000000100 ) ) ;
#9196 = DIRECTION ( 'NONE',  ( 0.0000000000000000000, 1.224606353822377300E-016, -1.000000000000000000 ) ) ;
#9197 = VECTOR ( 'NONE', #9196, 1000.000000000000000 ) ;
#9198 = CARTESIAN_POINT ( 'NONE',  ( -12.90000000000000000, 0.0000000000000000000, 0.0000000000000000000 ) ) ;
#9199 = LINE ( 'NONE', #9198, #9197 ) ;
#9200 = CARTESIAN_POINT ( 'NONE',  ( -12.20000000000000100, -2.755364296100349300E-016, 2.250000000000000400 ) ) ;
#9201 = DIRECTION ( 'NONE',  ( 0.0000000000000000000, 0.0000000000000000000, -1.000000000000000000 ) ) ;
#9202 = VECTOR ( 'NONE', #9201, 1000.000000000000000 ) ;
#9203 = CARTESIAN_POINT ( 'NONE',  ( -13.30000000000000100, -2.081830801498039500E-016, 5.700000000000000200 ) ) ;
#9204 = LINE ( 'NONE', #9203, #9202 ) ;
#9205 = CARTESIAN_POINT ( 'NONE',  ( -12.90000000000000000, -7.347638122934266500E-017, 0.6000000000000003100 ) ) ;
#9206 = CARTESIAN_POINT ( 'NONE',  ( -12.20000000000000100, -1.347066989204611300E-016, 1.099999999999997000 ) ) ;
#9207 = DIRECTION ( 'NONE',  ( -1.000000000000000000, 0.0000000000000000000, 0.0000000000000000000 ) ) ;
#9208 = VECTOR ( 'NONE', #9207, 1000.000000000000000 ) ;
#9209 = CARTESIAN_POINT ( 'NONE',  ( 14.00000000000000000, -2.755364296100349300E-016, 2.250000000000000400 ) ) ;
#9210 = LINE ( 'NONE', #9209, #9208 ) ;
#9211 = DIRECTION ( 'NONE',  ( 0.0000000000000000000, 0.0000000000000000000, 1.000000000000000000 ) ) ;
#9212 = DIRECTION ( 'NONE',  ( -1.000000000000000000, 0.0000000000000000000, 0.0000000000000000000 ) ) ;
#9213 = CARTESIAN_POINT ( 'NONE',  ( -11.40000000000000900, 0.0000000000000000000, 3.899999999999997200 ) ) ;
#9214 = AXIS2_PLACEMENT_3D ( 'NONE', #9213, #9212, #9211 ) ;
#9215 = PLANE ( 'NONE',  #9214 ) ;
#9216 = FACE_OUTER_BOUND ( 'NONE', #105, .T. ) ;
#9217 = DIRECTION ( 'NONE',  ( 0.0000000000000000000, -1.000000000000000000, -1.224606353822377800E-016 ) ) ;
#9218 = VECTOR ( 'NONE', #9217, 1000.000000000000000 ) ;
#9219 = CARTESIAN_POINT ( 'NONE',  ( -11.40000000000000900, 0.0000000000000000000, 4.999999999999997300 ) ) ;
#9220 = LINE ( 'NONE', #9219, #9218 ) ;
#9221 = DIRECTION ( 'NONE',  ( 0.0000000000000000000, 1.000000000000000000, 1.224606353822377800E-016 ) ) ;
#9222 = DIRECTION ( 'NONE',  ( 0.0000000000000000000, 1.224606353822377800E-016, -1.000000000000000000 ) ) ;
#9223 = CARTESIAN_POINT ( 'NONE',  ( -12.20000000000000100, 0.0000000000000000000, 4.999999999999997300 ) ) ;
#9224 = AXIS2_PLACEMENT_3D ( 'NONE', #9223, #9222, #9221 ) ;
#9225 = CARTESIAN_POINT ( 'NONE',  ( -12.44999999999999900, -7.347638122934266500E-017, 0.6000000000000003100 ) ) ;
#9226 = DIRECTION ( 'NONE',  ( 0.0000000000000000000, 1.224606353822377300E-016, -1.000000000000000000 ) ) ;
#9227 = VECTOR ( 'NONE', #9226, 1000.000000000000000 ) ;
#9228 = CARTESIAN_POINT ( 'NONE',  ( -12.44999999999999900, 4.248706781612076000E-031, -3.469446951953614200E-015 ) ) ;
#9229 = LINE ( 'NONE', #9228, #9227 ) ;
#9230 = CARTESIAN_POINT ( 'NONE',  ( -11.25000000000000000, -8.199999999999983300, -1.355252715606880500E-017 ) ) ;
#9231 = DIRECTION ( 'NONE',  ( 1.000000000000000000, 0.0000000000000000000, 0.0000000000000000000 ) ) ;
#9232 = VECTOR ( 'NONE', #9231, 1000.000000000000000 ) ;
#9233 = CARTESIAN_POINT ( 'NONE',  ( 14.00000000000000000, -8.199999999999983300, 0.0000000000000000000 ) ) ;
#9234 = LINE ( 'NONE', #9233, #9232 ) ;
#9235 = CARTESIAN_POINT ( 'NONE',  ( -10.75000000000000000, -8.199999999999983300, 0.0000000000000000000 ) ) ;
#9236 = DIRECTION ( 'NONE',  ( 0.0000000000000000000, 1.000000000000000000, 0.0000000000000000000 ) ) ;
#9237 = VECTOR ( 'NONE', #9236, 1000.000000000000000 ) ;
#9238 = CARTESIAN_POINT ( 'NONE',  ( -10.75000000000000000, -8.900000000000000400, 0.0000000000000000000 ) ) ;
#9239 = LINE ( 'NONE', #9238, #9237 ) ;
#9240 = CARTESIAN_POINT ( 'NONE',  ( -13.30000000000000100, -2.081830801498039500E-016, 2.250000000000000400 ) ) ;
#9241 = DIRECTION ( 'NONE',  ( 1.000000000000000000, 0.0000000000000000000, 0.0000000000000000000 ) ) ;
#9242 = VECTOR ( 'NONE', #9241, 1000.000000000000000 ) ;
#9243 = CARTESIAN_POINT ( 'NONE',  ( -14.00000000000000000, -1.959370166115803700E-016, 1.600000000000000100 ) ) ;
#9244 = LINE ( 'NONE', #9243, #9242 ) ;
#9245 = DIRECTION ( 'NONE',  ( 0.0000000000000000000, 1.000000000000000000, 2.409338161078898700E-016 ) ) ;
#9246 = DIRECTION ( 'NONE',  ( 0.0000000000000000000, 2.409338161078898700E-016, -1.000000000000000000 ) ) ;
#9247 = CARTESIAN_POINT ( 'NONE',  ( 14.00000000000000000, -2.755364296100349300E-016, 2.250000000000000400 ) ) ;
#9248 = AXIS2_PLACEMENT_3D ( 'NONE', #9247, #9246, #9245 ) ;
#9249 = PLANE ( 'NONE',  #9248 ) ;
#9250 = FACE_OUTER_BOUND ( 'NONE', #2680, .T. ) ;
#9251 = DIRECTION ( 'NONE',  ( 0.0000000000000000000, 0.0000000000000000000, -1.000000000000000000 ) ) ;
#9252 = VECTOR ( 'NONE', #9251, 1000.000000000000000 ) ;
#9253 = CARTESIAN_POINT ( 'NONE',  ( -11.00000000000000000, -7.715020029080979100E-016, 5.700000000000000200 ) ) ;
#9254 = LINE ( 'NONE', #9253, #9252 ) ;
#9255 = CARTESIAN_POINT ( 'NONE',  ( -10.99999999999999100, -1.347066989204611300E-016, 1.099999999999997000 ) ) ;
#9256 = DIRECTION ( 'NONE',  ( 0.0000000000000000000, -1.224606353822377000E-016, 1.000000000000000000 ) ) ;
#9257 = VECTOR ( 'NONE', #9256, 1000.000000000000000 ) ;
#9258 = CARTESIAN_POINT ( 'NONE',  ( -11.25000000000000200, -8.900000000000000400, 0.0000000000000000000 ) ) ;
#9259 = LINE ( 'NONE', #9258, #9321 ) ;
#9260 = CARTESIAN_POINT ( 'NONE',  ( -12.44999999999999900, 4.248706781612076000E-031, -3.469446951953614200E-015 ) ) ;
#9261 = CARTESIAN_POINT ( 'NONE',  ( 5.249999999999999100, -8.900000000000000400, 0.4999999999999926200 ) ) ;
#9262 = DIRECTION ( 'NONE',  ( -1.000000000000000000, 0.0000000000000000000, 0.0000000000000000000 ) ) ;
#9263 = VECTOR ( 'NONE', #9262, 1000.000000000000000 ) ;
#9264 = CARTESIAN_POINT ( 'NONE',  ( 14.00000000000000000, -8.900000000000000400, 0.4999999999999926200 ) ) ;
#9265 = LINE ( 'NONE', #9264, #9263 ) ;
#9266 = DIRECTION ( 'NONE',  ( 0.0000000000000000000, 1.224606353822377300E-016, -1.000000000000000000 ) ) ;
#9267 = DIRECTION ( 'NONE',  ( 0.0000000000000000000, -1.000000000000000000, -1.224606353822377300E-016 ) ) ;
#9268 = CARTESIAN_POINT ( 'NONE',  ( 14.00000000000000000, 0.0000000000000000000, 0.0000000000000000000 ) ) ;
#9269 = AXIS2_PLACEMENT_3D ( 'NONE', #9268, #9267, #9266 ) ;
#9270 = PLANE ( 'NONE',  #9269 ) ;
#9271 = FACE_OUTER_BOUND ( 'NONE', #2702, .T. ) ;
#9272 = DIRECTION ( 'NONE',  ( 0.0000000000000000000, -1.000000000000000000, -2.409338161078898700E-016 ) ) ;
#9273 = VECTOR ( 'NONE', #9272, 1000.000000000000000 ) ;
#9274 = CARTESIAN_POINT ( 'NONE',  ( -13.30000000000000100, -2.755364296100349300E-016, 2.250000000000000400 ) ) ;
#9275 = LINE ( 'NONE', #9274, #9273 ) ;
#9276 = DIRECTION ( 'NONE',  ( 0.0000000000000000000, 1.000000000000000000, 2.409338161078898700E-016 ) ) ;
#9277 = VECTOR ( 'NONE', #9276, 1000.000000000000000 ) ;
#9278 = CARTESIAN_POINT ( 'NONE',  ( -12.20000000000000100, -2.755364296100349300E-016, 2.250000000000000400 ) ) ;
#9279 = LINE ( 'NONE', #9278, #9277 ) ;
#9280 = CARTESIAN_POINT ( 'NONE',  ( -12.90000000000000000, -1.959370166115803700E-016, 1.600000000000000100 ) ) ;
#9281 = DIRECTION ( 'NONE',  ( 1.000000000000000000, 0.0000000000000000000, 0.0000000000000000000 ) ) ;
#9282 = VECTOR ( 'NONE', #9281, 1000.000000000000000 ) ;
#9283 = CARTESIAN_POINT ( 'NONE',  ( -13.29999999999999900, -7.347638122934266500E-017, 0.6000000000000003100 ) ) ;
#9284 = LINE ( 'NONE', #9283, #9282 ) ;
#9285 = CARTESIAN_POINT ( 'NONE',  ( -11.00000000000000000, -7.715020029080979100E-016, 0.0000000000000000000 ) ) ;
#9286 = DIRECTION ( 'NONE',  ( -1.000000000000000000, 0.0000000000000000000, 0.0000000000000000000 ) ) ;
#9287 = VECTOR ( 'NONE', #9286, 1000.000000000000000 ) ;
#9288 = CARTESIAN_POINT ( 'NONE',  ( 14.00000000000000000, 0.0000000000000000000, 0.0000000000000000000 ) ) ;
#9289 = LINE ( 'NONE', #9288, #9287 ) ;
#9290 = CARTESIAN_POINT ( 'NONE',  ( -7.250000000000003600, -8.199999999999985100, -2.032879073410320800E-017 ) ) ;
#9291 = DIRECTION ( 'NONE',  ( 0.0000000000000000000, 1.000000000000000000, 0.0000000000000000000 ) ) ;
#9292 = VECTOR ( 'NONE', #9291, 1000.000000000000000 ) ;
#9293 = CARTESIAN_POINT ( 'NONE',  ( -7.250000000000004400, -8.900000000000000400, 0.0000000000000000000 ) ) ;
#9294 = LINE ( 'NONE', #9293, #9292 ) ;
#9295 = CARTESIAN_POINT ( 'NONE',  ( -8.750000000000001800, -8.199999999999983300, 0.0000000000000000000 ) ) ;
#9296 = DIRECTION ( 'NONE',  ( 0.0000000000000000000, 1.000000000000000000, 0.0000000000000000000 ) ) ;
#9297 = VECTOR ( 'NONE', #9296, 1000.000000000000000 ) ;
#9298 = CARTESIAN_POINT ( 'NONE',  ( -2.750000000000000900, -8.900000000000000400, 0.0000000000000000000 ) ) ;
#9299 = LINE ( 'NONE', #9298, #9297 ) ;
#9300 = DIRECTION ( 'NONE',  ( 1.000000000000000000, 0.0000000000000000000, 0.0000000000000000000 ) ) ;
#9301 = VECTOR ( 'NONE', #9300, 1000.000000000000000 ) ;
#9302 = CARTESIAN_POINT ( 'NONE',  ( 14.00000000000000000, -8.199999999999986900, 0.0000000000000000000 ) ) ;
#9303 = LINE ( 'NONE', #9302, #9301 ) ;
#9304 = DIRECTION ( 'NONE',  ( 0.0000000000000000000, 1.000000000000000000, 0.0000000000000000000 ) ) ;
#9305 = VECTOR ( 'NONE', #9304, 1000.000000000000000 ) ;
#9306 = CARTESIAN_POINT ( 'NONE',  ( -3.250000000000001300, -8.900000000000000400, 0.0000000000000000000 ) ) ;
#9307 = LINE ( 'NONE', #9306, #9305 ) ;
#9308 = CARTESIAN_POINT ( 'NONE',  ( -2.750000000000000900, -8.199999999999986900, 0.0000000000000000000 ) ) ;
#9309 = CARTESIAN_POINT ( 'NONE',  ( -3.250000000000001300, -8.199999999999986900, 6.776263578034402700E-018 ) ) ;
#9310 = DIRECTION ( 'NONE',  ( -1.000000000000000000, 0.0000000000000000000, 0.0000000000000000000 ) ) ;
#9311 = VECTOR ( 'NONE', #9310, 1000.000000000000000 ) ;
#9312 = CARTESIAN_POINT ( 'NONE',  ( 12.20000000000000100, -1.347066989204611300E-016, 1.099999999999997000 ) ) ;
#9313 = LINE ( 'NONE', #9312, #9311 ) ;
#9314 = DIRECTION ( 'NONE',  ( 1.000000000000000000, 0.0000000000000000000, 0.0000000000000000000 ) ) ;
#9315 = DIRECTION ( 'NONE',  ( 0.0000000000000000000, 0.0000000000000000000, 1.000000000000000000 ) ) ;
#9316 = CARTESIAN_POINT ( 'NONE',  ( 14.00000000000000000, -8.900000000000000400, 0.0000000000000000000 ) ) ;
#9317 = AXIS2_PLACEMENT_3D ( 'NONE', #9316, #9315, #9314 ) ;
#9318 = PLANE ( 'NONE',  #9317 ) ;
#9319 = FACE_OUTER_BOUND ( 'NONE', #2736, .T. ) ;
#9320 = DIRECTION ( 'NONE',  ( 0.0000000000000000000, 1.000000000000000000, 0.0000000000000000000 ) ) ;
#9321 = VECTOR ( 'NONE', #9320, 1000.000000000000000 ) ;
#9322 = VECTOR ( 'NONE', #9072, 1000.000000000000000 ) ;
#9323 = CARTESIAN_POINT ( 'NONE',  ( -11.00000000000000000, -7.715020029080979100E-016, 0.0000000000000000000 ) ) ;
#9324 = LINE ( 'NONE', #9323, #9322 ) ;
#9325 = CARTESIAN_POINT ( 'NONE',  ( -11.00000000000000000, -1.299999999999997400, 0.0000000000000000000 ) ) ;
#9326 = DIRECTION ( 'NONE',  ( 0.0000000000000000000, 0.0000000000000000000, -1.000000000000000000 ) ) ;
#9327 = VECTOR ( 'NONE', #9326, 1000.000000000000000 ) ;
#9328 = CARTESIAN_POINT ( 'NONE',  ( -3.250000000000001300, -8.900000000000000400, 5.699999999999999300 ) ) ;
#9329 = LINE ( 'NONE', #9328, #9327 ) ;
#9330 = DIRECTION ( 'NONE',  ( 0.0000000000000000000, 0.0000000000000000000, -1.000000000000000000 ) ) ;
#9331 = VECTOR ( 'NONE', #9330, 1000.000000000000000 ) ;
#9332 = CARTESIAN_POINT ( 'NONE',  ( -2.750000000000000900, -8.900000000000000400, 5.699999999999999300 ) ) ;
#9333 = LINE ( 'NONE', #9332, #9331 ) ;
#9334 = CARTESIAN_POINT ( 'NONE',  ( -2.750000000000000900, -8.900000000000000400, 0.4999999999999882900 ) ) ;
#9335 = DIRECTION ( 'NONE',  ( 0.0000000000000000000, 1.000000000000000000, 0.0000000000000000000 ) ) ;
#9336 = VECTOR ( 'NONE', #9335, 1000.000000000000000 ) ;
#9337 = CARTESIAN_POINT ( 'NONE',  ( -5.250000000000002700, -8.900000000000000400, 0.0000000000000000000 ) ) ;
#9338 = LINE ( 'NONE', #9337, #9336 ) ;
#9339 = DIRECTION ( 'NONE',  ( 1.000000000000000000, 0.0000000000000000000, 0.0000000000000000000 ) ) ;
#9340 = VECTOR ( 'NONE', #9339, 1000.000000000000000 ) ;
#9341 = CARTESIAN_POINT ( 'NONE',  ( 13.29999999999999900, -7.347638122934266500E-017, 0.6000000000000003100 ) ) ;
#9342 = LINE ( 'NONE', #9341, #9340 ) ;
#9343 = CARTESIAN_POINT ( 'NONE',  ( 12.44999999999999900, -7.347638122934266500E-017, 0.6000000000000003100 ) ) ;
#9344 = CARTESIAN_POINT ( 'NONE',  ( -5.250000000000001800, -8.199999999999986900, -6.776263578034402700E-018 ) ) ;
#9345 = DIRECTION ( 'NONE',  ( 0.0000000000000000000, 1.000000000000000000, 0.0000000000000000000 ) ) ;
#9346 = VECTOR ( 'NONE', #9345, 1000.000000000000000 ) ;
#9347 = CARTESIAN_POINT ( 'NONE',  ( -6.750000000000004400, -8.900000000000000400, 0.0000000000000000000 ) ) ;
#9348 = LINE ( 'NONE', #9347, #9346 ) ;
#9349 = DIRECTION ( 'NONE',  ( 1.000000000000000000, 0.0000000000000000000, 0.0000000000000000000 ) ) ;
#9350 = VECTOR ( 'NONE', #9349, 1000.000000000000000 ) ;
#9351 = CARTESIAN_POINT ( 'NONE',  ( 14.00000000000000000, -8.199999999999985100, 0.0000000000000000000 ) ) ;
#9352 = LINE ( 'NONE', #9351, #9350 ) ;
#9353 = CARTESIAN_POINT ( 'NONE',  ( -6.750000000000004400, -8.199999999999985100, 0.0000000000000000000 ) ) ;
#9354 = DIRECTION ( 'NONE',  ( -1.000000000000000000, 1.239088197126291100E-016, 0.0000000000000000000 ) ) ;
#9355 = VECTOR ( 'NONE', #9354, 1000.000000000000000 ) ;
#9356 = CARTESIAN_POINT ( 'NONE',  ( 7.000000000000000000, -1.800000000000002500, 0.0000000000000000000 ) ) ;
#9357 = LINE ( 'NONE', #9356, #9355 ) ;
#9358 = DIRECTION ( 'NONE',  ( 0.0000000000000000000, -1.000000000000000000, 0.0000000000000000000 ) ) ;
#9359 = VECTOR ( 'NONE', #9358, 1000.000000000000000 ) ;
#9360 = CARTESIAN_POINT ( 'NONE',  ( 7.000000000000000000, -1.299999999999999200, 0.0000000000000000000 ) ) ;
#9361 = LINE ( 'NONE', #9360, #9359 ) ;
#9362 = DIRECTION ( 'NONE',  ( -1.000000000000000000, 2.168404344971009400E-016, 0.0000000000000000000 ) ) ;
#9363 = VECTOR ( 'NONE', #9362, 1000.000000000000000 ) ;
#9364 = CARTESIAN_POINT ( 'NONE',  ( 11.00000000000000000, -1.300000000000000000, 0.0000000000000000000 ) ) ;
#9365 = LINE ( 'NONE', #9364, #9363 ) ;
#9366 = DIRECTION ( 'NONE',  ( -1.000000000000000000, -2.453990272072593400E-032, 2.003901306254803300E-016 ) ) ;
#9367 = VECTOR ( 'NONE', #9366, 1000.000000000000000 ) ;
#9368 = CARTESIAN_POINT ( 'NONE',  ( -14.00000000000000000, -6.100000000000000500, -5.265807321436217700E-016 ) ) ;
#9369 = LINE ( 'NONE', #9368, #9367 ) ;
#9370 = CARTESIAN_POINT ( 'NONE',  ( -6.999999999999999100, -1.800000000000000700, 0.0000000000000000000 ) ) ;
#9371 = CARTESIAN_POINT ( 'NONE',  ( 7.000000000000000000, -1.299999999999999200, 0.0000000000000000000 ) ) ;
#9372 = CARTESIAN_POINT ( 'NONE',  ( 7.000000000000000000, -1.800000000000002500, 0.0000000000000000000 ) ) ;
#9373 = DIRECTION ( 'NONE',  ( -1.000000000000000000, -2.453990272072593400E-032, 2.003901306254803300E-016 ) ) ;
#9374 = VECTOR ( 'NONE', #9373, 1000.000000000000000 ) ;
#9375 = CARTESIAN_POINT ( 'NONE',  ( -14.00000000000000000, -6.100000000000000500, -5.265807321436217700E-016 ) ) ;
#9376 = LINE ( 'NONE', #9375, #9374 ) ;
#9377 = CARTESIAN_POINT ( 'NONE',  ( 11.00000000000000000, -1.300000000000000000, 0.0000000000000000000 ) ) ;
#9378 = CARTESIAN_POINT ( 'NONE',  ( -12.44999999999999900, -6.100000000000000500, -4.216456827785264000E-015 ) ) ;
#9379 = CARTESIAN_POINT ( 'NONE',  ( -12.90000000000000000, -6.100000000000000500, -7.470098758316502100E-016 ) ) ;
#9380 = DIRECTION ( 'NONE',  ( 0.0000000000000000000, 1.000000000000000000, 1.224606353822377500E-016 ) ) ;
#9381 = VECTOR ( 'NONE', #9380, 1000.000000000000000 ) ;
#9382 = CARTESIAN_POINT ( 'NONE',  ( -12.44999999999999900, -6.100000000000000500, -4.216456827785264000E-015 ) ) ;
#9383 = LINE ( 'NONE', #9382, #9381 ) ;
#9384 = DIRECTION ( 'NONE',  ( 1.000000000000000000, 0.0000000000000000000, 0.0000000000000000000 ) ) ;
#9385 = CARTESIAN_POINT ( 'NONE',  ( 14.00000000000000000, -8.199999999999990400, 0.0000000000000000000 ) ) ;
#9386 = LINE ( 'NONE', #9385, #9447 ) ;
#9387 = CARTESIAN_POINT ( 'NONE',  ( 3.249999999999999600, -8.199999999999990400, 0.0000000000000000000 ) ) ;
#9388 = CARTESIAN_POINT ( 'NONE',  ( 12.44999999999999900, 4.248706781612076000E-031, -3.469446951953614200E-015 ) ) ;
#9389 = DIRECTION ( 'NONE',  ( 0.0000000000000000000, 1.000000000000000000, 1.224606353822377500E-016 ) ) ;
#9390 = VECTOR ( 'NONE', #9389, 1000.000000000000000 ) ;
#9391 = CARTESIAN_POINT ( 'NONE',  ( 12.44999999999999900, -6.100000000000000500, -4.216456827785264000E-015 ) ) ;
#9392 = LINE ( 'NONE', #9391, #9390 ) ;
#9393 = CARTESIAN_POINT ( 'NONE',  ( 12.44999999999999900, -6.100000000000000500, -4.216456827785264000E-015 ) ) ;
#9394 = CARTESIAN_POINT ( 'NONE',  ( 12.90000000000000000, -6.100000000000000500, -7.470098758316502100E-016 ) ) ;
#9395 = DIRECTION ( 'NONE',  ( -1.000000000000000000, 2.453990272072593400E-032, -2.003901306254803300E-016 ) ) ;
#9396 = VECTOR ( 'NONE', #9395, 1000.000000000000000 ) ;
#9397 = CARTESIAN_POINT ( 'NONE',  ( 14.00000000000000000, -6.100000000000000500, -5.265807321436217700E-016 ) ) ;
#9398 = LINE ( 'NONE', #9397, #9396 ) ;
#9399 = DIRECTION ( 'NONE',  ( -1.000000000000000000, 2.453990272072593400E-032, -2.003901306254803300E-016 ) ) ;
#9400 = VECTOR ( 'NONE', #9399, 1000.000000000000000 ) ;
#9401 = CARTESIAN_POINT ( 'NONE',  ( 14.00000000000000000, -6.100000000000000500, -5.265807321436217700E-016 ) ) ;
#9402 = LINE ( 'NONE', #9401, #9400 ) ;
#9403 = DIRECTION ( 'NONE',  ( -1.000000000000000000, 0.0000000000000000000, 0.0000000000000000000 ) ) ;
#9404 = VECTOR ( 'NONE', #9403, 1000.000000000000000 ) ;
#9405 = CARTESIAN_POINT ( 'NONE',  ( -6.999999999999999100, -1.299999999999997400, 0.0000000000000000000 ) ) ;
#9406 = LINE ( 'NONE', #9405, #9404 ) ;
#9407 = CARTESIAN_POINT ( 'NONE',  ( -6.999999999999999100, -1.299999999999997400, 0.0000000000000000000 ) ) ;
#9408 = DIRECTION ( 'NONE',  ( 0.0000000000000000000, 1.000000000000000000, 0.0000000000000000000 ) ) ;
#9409 = VECTOR ( 'NONE', #9408, 1000.000000000000000 ) ;
#9410 = CARTESIAN_POINT ( 'NONE',  ( -6.999999999999999100, -1.800000000000000700, 0.0000000000000000000 ) ) ;
#9411 = LINE ( 'NONE', #9410, #9409 ) ;
#9412 = DIRECTION ( 'NONE',  ( -1.000000000000000000, 0.0000000000000000000, 0.0000000000000000000 ) ) ;
#9413 = VECTOR ( 'NONE', #9412, 1000.000000000000000 ) ;
#9414 = CARTESIAN_POINT ( 'NONE',  ( 14.00000000000000000, -8.900000000000000400, 0.4999999999999882900 ) ) ;
#9415 = LINE ( 'NONE', #9414, #9413 ) ;
#9416 = DIRECTION ( 'NONE',  ( 0.0000000000000000000, 1.000000000000000000, 0.0000000000000000000 ) ) ;
#9417 = VECTOR ( 'NONE', #9416, 1000.000000000000000 ) ;
#9418 = CARTESIAN_POINT ( 'NONE',  ( -4.750000000000002700, -8.900000000000000400, 0.0000000000000000000 ) ) ;
#9419 = LINE ( 'NONE', #9418, #9417 ) ;
#9420 = DIRECTION ( 'NONE',  ( 1.000000000000000000, 0.0000000000000000000, 0.0000000000000000000 ) ) ;
#9421 = VECTOR ( 'NONE', #9420, 1000.000000000000000 ) ;
#9422 = CARTESIAN_POINT ( 'NONE',  ( 14.00000000000000000, -8.199999999999986900, 0.0000000000000000000 ) ) ;
#9423 = LINE ( 'NONE', #9422, #9421 ) ;
#9424 = CARTESIAN_POINT ( 'NONE',  ( -4.750000000000002700, -8.199999999999986900, 0.0000000000000000000 ) ) ;
#9425 = DIRECTION ( 'NONE',  ( 0.0000000000000000000, 1.000000000000000000, 0.0000000000000000000 ) ) ;
#9426 = VECTOR ( 'NONE', #9425, 1000.000000000000000 ) ;
#9427 = CARTESIAN_POINT ( 'NONE',  ( -0.7500000000000006700, -8.900000000000000400, 0.0000000000000000000 ) ) ;
#9428 = LINE ( 'NONE', #9427, #9426 ) ;
#9429 = DIRECTION ( 'NONE',  ( 0.0000000000000000000, 1.000000000000000000, 0.0000000000000000000 ) ) ;
#9430 = VECTOR ( 'NONE', #9429, 1000.000000000000000 ) ;
#9431 = CARTESIAN_POINT ( 'NONE',  ( 0.7499999999999988900, -8.900000000000000400, 0.0000000000000000000 ) ) ;
#9432 = LINE ( 'NONE', #9431, #9430 ) ;
#9433 = CARTESIAN_POINT ( 'NONE',  ( -0.7500000000000006700, -8.199999999999988600, 0.0000000000000000000 ) ) ;
#9434 = DIRECTION ( 'NONE',  ( 1.000000000000000000, 0.0000000000000000000, 0.0000000000000000000 ) ) ;
#9435 = VECTOR ( 'NONE', #9434, 1000.000000000000000 ) ;
#9436 = CARTESIAN_POINT ( 'NONE',  ( 14.00000000000000000, -8.199999999999988600, 0.0000000000000000000 ) ) ;
#9437 = LINE ( 'NONE', #9436, #9435 ) ;
#9438 = CARTESIAN_POINT ( 'NONE',  ( -1.250000000000001100, -8.199999999999988600, 1.355252715606880500E-017 ) ) ;
#9439 = DIRECTION ( 'NONE',  ( 0.0000000000000000000, 1.000000000000000000, 0.0000000000000000000 ) ) ;
#9440 = VECTOR ( 'NONE', #9439, 1000.000000000000000 ) ;
#9441 = CARTESIAN_POINT ( 'NONE',  ( -1.250000000000001100, -8.900000000000000400, 0.0000000000000000000 ) ) ;
#9442 = LINE ( 'NONE', #9441, #9440 ) ;
#9443 = DIRECTION ( 'NONE',  ( 0.0000000000000000000, 1.000000000000000000, 0.0000000000000000000 ) ) ;
#9444 = VECTOR ( 'NONE', #9443, 1000.000000000000000 ) ;
#9445 = CARTESIAN_POINT ( 'NONE',  ( 3.249999999999999600, -8.900000000000000400, 0.0000000000000000000 ) ) ;
#9446 = LINE ( 'NONE', #9445, #9444 ) ;
#9447 = VECTOR ( 'NONE', #9384, 1000.000000000000000 ) ;
#9448 = DIRECTION ( 'NONE',  ( 1.000000000000000000, 0.0000000000000000000, 0.0000000000000000000 ) ) ;
#9449 = CARTESIAN_POINT ( 'NONE',  ( 0.0000000000000000000, 0.0000000000000000000, 0.0000000000000000000 ) ) ;
#9450 = AXIS2_PLACEMENT_3D ( 'NONE', #9449, #9458, #9448 ) ;
#9451 = SHAPE_DEFINITION_REPRESENTATION ( #9460, #9452 ) ;
#9452 = ADVANCED_BREP_SHAPE_REPRESENTATION ( 'SM12B-PASS', ( #198, #9450 ), #9453 ) ;
#9453 =( GEOMETRIC_REPRESENTATION_CONTEXT ( 3 ) GLOBAL_UNCERTAINTY_ASSIGNED_CONTEXT ( ( #9454 ) ) GLOBAL_UNIT_ASSIGNED_CONTEXT ( ( #9457, #9456, #9455 ) ) REPRESENTATION_CONTEXT ( 'NONE', 'WORKASPACE' ) );
#9454 = UNCERTAINTY_MEASURE_WITH_UNIT (LENGTH_MEASURE( 1.000000000000000100E-005 ), #9457, 'distance_accuracy_value', 'NONE');
#9455 =( NAMED_UNIT ( * ) SI_UNIT ( $, .STERADIAN. ) SOLID_ANGLE_UNIT ( ) );
#9456 =( NAMED_UNIT ( * ) PLANE_ANGLE_UNIT ( ) SI_UNIT ( $, .RADIAN. ) );
#9457 =( LENGTH_UNIT ( ) NAMED_UNIT ( * ) SI_UNIT ( .MILLI., .METRE. ) );
#9458 = DIRECTION ( 'NONE',  ( 0.0000000000000000000, 0.0000000000000000000, 1.000000000000000000 ) ) ;
#9459 = CARTESIAN_POINT ( 'NONE',  ( -0.7500000000000006700, -8.900000000000000400, 0.4999999999999891800 ) ) ;
#9460 = PRODUCT_DEFINITION_SHAPE ( 'NONE', 'NONE',  #9463 ) ;
#9461 = PRODUCT_RELATED_PRODUCT_CATEGORY ( 'part', '', ( #9468 ) ) ;
#9462 = PRODUCT_DEFINITION_FORMATION_WITH_SPECIFIED_SOURCE ( 'ANY', '', #9468, .NOT_KNOWN. ) ;
#9463 = PRODUCT_DEFINITION ( 'UNKNOWN', '', #9462, #9464 ) ;
#9464 = PRODUCT_DEFINITION_CONTEXT ( 'detailed design', #9466, 'design' ) ;
#9465 = APPLICATION_PROTOCOL_DEFINITION ( 'draft international standard', 'automotive_design', 1998, #9466 ) ;
#9466 = APPLICATION_CONTEXT ( 'automotive_design' ) ;
#9467 = ORIENTED_EDGE ( 'NONE', *, *, #9472, .F. ) ;
#9468 = PRODUCT ( 'SM12B-PASS', 'SM12B-PASS', '', ( #9469 ) ) ;
#9469 = PRODUCT_CONTEXT ( 'NONE', #9471, 'mechanical' ) ;
#9470 = APPLICATION_PROTOCOL_DEFINITION ( 'draft international standard', 'automotive_design', 1998, #9471 ) ;
#9471 = APPLICATION_CONTEXT ( 'automotive_design' ) ;
#9472 = EDGE_CURVE ( 'NONE', #7229, #7228, #9361, .T. ) ;
#9473 = ORIENTED_EDGE ( 'NONE', *, *, #9474, .F. ) ;
#9474 = EDGE_CURVE ( 'NONE', #7228, #7230, #9357, .T. ) ;
#9475 = ORIENTED_EDGE ( 'NONE', *, *, #9476, .F. ) ;
#9476 = EDGE_CURVE ( 'NONE', #7210, #323, #9415, .T. ) ;
#9477 = EDGE_CURVE ( 'NONE', #7230, #9479, #9411, .T. ) ;
#9478 = ORIENTED_EDGE ( 'NONE', *, *, #9477, .F. ) ;
#9479 = VERTEX_POINT ( 'NONE', #9407 ) ;
#9480 = ORIENTED_EDGE ( 'NONE', *, *, #1885, .F. ) ;
#9481 = EDGE_CURVE ( 'NONE', #9479, #7217, #9406, .T. ) ;
#9482 = EDGE_CURVE ( 'NONE', #1879, #9485, #9402, .T. ) ;
#9483 = ORIENTED_EDGE ( 'NONE', *, *, #9482, .F. ) ;
#9484 = EDGE_CURVE ( 'NONE', #9485, #9487, #9398, .T. ) ;
#9485 = VERTEX_POINT ( 'NONE', #9394 ) ;
#9486 = ORIENTED_EDGE ( 'NONE', *, *, #9484, .F. ) ;
#9487 = VERTEX_POINT ( 'NONE', #9393 ) ;
#9488 = EDGE_CURVE ( 'NONE', #9487, #9489, #9392, .T. ) ;
#9489 = VERTEX_POINT ( 'NONE', #9388 ) ;
#9490 = ORIENTED_EDGE ( 'NONE', *, *, #9488, .F. ) ;
#9491 = VERTEX_POINT ( 'NONE', #9387 ) ;
#9492 = EDGE_CURVE ( 'NONE', #73, #9491, #9386, .T. ) ;
#9493 = ORIENTED_EDGE ( 'NONE', *, *, #9492, .F. ) ;
#9494 = EDGE_CURVE ( 'NONE', #342, #9491, #9446, .T. ) ;
#9495 = ORIENTED_EDGE ( 'NONE', *, *, #114, .T. ) ;
#9496 = ORIENTED_EDGE ( 'NONE', *, *, #9497, .F. ) ;
#9497 = EDGE_CURVE ( 'NONE', #95, #9498, #9442, .T. ) ;
#9498 = VERTEX_POINT ( 'NONE', #9438 ) ;
#9499 = EDGE_CURVE ( 'NONE', #9498, #9504, #9437, .T. ) ;
#9500 = ORIENTED_EDGE ( 'NONE', *, *, #9499, .F. ) ;
#9501 = ORIENTED_EDGE ( 'NONE', *, *, #9511, .F. ) ;
#9502 = ORIENTED_EDGE ( 'NONE', *, *, #132, .T. ) ;
#9503 = ORIENTED_EDGE ( 'NONE', *, *, #9505, .F. ) ;
#9504 = VERTEX_POINT ( 'NONE', #9433 ) ;
#9505 = EDGE_CURVE ( 'NONE', #130, #40, #9432, .T. ) ;
#9506 = ORIENTED_EDGE ( 'NONE', *, *, #9507, .T. ) ;
#9507 = EDGE_CURVE ( 'NONE', #84, #9504, #9428, .T. ) ;
#9508 = ORIENTED_EDGE ( 'NONE', *, *, #321, .T. ) ;
#9509 = ORIENTED_EDGE ( 'NONE', *, *, #9512, .T. ) ;
#9510 = VERTEX_POINT ( 'NONE', #9424 ) ;
#9511 = EDGE_CURVE ( 'NONE', #7203, #9510, #9423, .T. ) ;
#9512 = EDGE_CURVE ( 'NONE', #319, #9510, #9419, .T. ) ;
#9513 = VERTEX_POINT ( 'NONE', #9459 ) ;
ENDSEC;
END-ISO-10303-21;
