ISO-10303-21;
HEADER;
FILE_DESCRIPTION (( 'STEP AP214' ),
    '1' );
FILE_NAME ('SM08B-PASS.STEP',
    '2014-02-28T08:10:11',
    ( 'JSTOEC' ),
    ( '' ),
    'SwSTEP 2.0',
    'SolidWorks 2005235',
    '' );
FILE_SCHEMA (( 'AUTOMOTIVE_DESIGN' ));
ENDSEC;

DATA;
#1 = ORIENTED_EDGE ( 'NONE', *, *, #2087, .F. ) ;
#2 = ADVANCED_FACE ( 'NONE', ( #2116 ), #2100, .F. ) ;
#3 = ORIENTED_EDGE ( 'NONE', *, *, #122, .T. ) ;
#4 = ORIENTED_EDGE ( 'NONE', *, *, #105, .T. ) ;
#5 = ORIENTED_EDGE ( 'NONE', *, *, #1781, .F. ) ;
#6 = ADVANCED_FACE ( 'NONE', ( #2095 ), #2094, .F. ) ;
#7 = EDGE_LOOP ( 'NONE', ( #8, #9, #10, #11 ) ) ;
#8 = ORIENTED_EDGE ( 'NONE', *, *, #1804, .T. ) ;
#9 = ORIENTED_EDGE ( 'NONE', *, *, #1543, .T. ) ;
#10 = ORIENTED_EDGE ( 'NONE', *, *, #1467, .T. ) ;
#11 = ORIENTED_EDGE ( 'NONE', *, *, #1393, .T. ) ;
#12 = ADVANCED_FACE ( 'NONE', ( #2146 ), #2145, .F. ) ;
#13 = EDGE_LOOP ( 'NONE', ( #14, #26, #28, #29, #31, #32, #33, #34 ) ) ;
#14 = ORIENTED_EDGE ( 'NONE', *, *, #15, .T. ) ;
#15 = EDGE_CURVE ( 'NONE', #16, #17, #2140, .T. ) ;
#16 = VERTEX_POINT ( 'NONE', #2136 ) ;
#17 = VERTEX_POINT ( 'NONE', #2135 ) ;
#18 = VERTEX_POINT ( 'NONE', #2134 ) ;
#19 = ADVANCED_FACE ( 'NONE', ( #2133 ), #2132, .F. ) ;
#20 = EDGE_LOOP ( 'NONE', ( #21, #24, #80, #81 ) ) ;
#21 = ORIENTED_EDGE ( 'NONE', *, *, #22, .T. ) ;
#22 = EDGE_CURVE ( 'NONE', #1313, #23, #2127, .T. ) ;
#23 = VERTEX_POINT ( 'NONE', #2123 ) ;
#24 = ORIENTED_EDGE ( 'NONE', *, *, #25, .T. ) ;
#25 = EDGE_CURVE ( 'NONE', #23, #1134, #2122, .T. ) ;
#26 = ORIENTED_EDGE ( 'NONE', *, *, #27, .T. ) ;
#27 = EDGE_CURVE ( 'NONE', #17, #1342, #2182, .T. ) ;
#28 = ORIENTED_EDGE ( 'NONE', *, *, #1340, .F. ) ;
#29 = ORIENTED_EDGE ( 'NONE', *, *, #30, .F. ) ;
#30 = EDGE_CURVE ( 'NONE', #1300, #1341, #2178, .T. ) ;
#31 = ORIENTED_EDGE ( 'NONE', *, *, #1299, .T. ) ;
#32 = ORIENTED_EDGE ( 'NONE', *, *, #1706, .F. ) ;
#33 = ORIENTED_EDGE ( 'NONE', *, *, #1872, .F. ) ;
#34 = ORIENTED_EDGE ( 'NONE', *, *, #35, .F. ) ;
#35 = EDGE_CURVE ( 'NONE', #16, #1870, #2174, .T. ) ;
#36 = ADVANCED_FACE ( 'NONE', ( #2170 ), #2169, .F. ) ;
#37 = ORIENTED_EDGE ( 'NONE', *, *, #1118, .T. ) ;
#38 = EDGE_LOOP ( 'NONE', ( #39, #1061, #113, #114 ) ) ;
#39 = ORIENTED_EDGE ( 'NONE', *, *, #56, .F. ) ;
#40 = ADVANCED_FACE ( 'NONE', ( #2164 ), #2163, .F. ) ;
#41 = EDGE_LOOP ( 'NONE', ( #42, #44, #45, #47 ) ) ;
#42 = ORIENTED_EDGE ( 'NONE', *, *, #43, .T. ) ;
#43 = EDGE_CURVE ( 'NONE', #58, #1097, #2158, .T. ) ;
#44 = ORIENTED_EDGE ( 'NONE', *, *, #1099, .F. ) ;
#45 = ORIENTED_EDGE ( 'NONE', *, *, #46, .F. ) ;
#46 = EDGE_CURVE ( 'NONE', #61, #1104, #2154, .T. ) ;
#47 = ORIENTED_EDGE ( 'NONE', *, *, #60, .T. ) ;
#48 = ADVANCED_FACE ( 'NONE', ( #2150 ), #2215, .F. ) ;
#49 = EDGE_LOOP ( 'NONE', ( #50, #52, #53, #128 ) ) ;
#50 = ORIENTED_EDGE ( 'NONE', *, *, #51, .T. ) ;
#51 = EDGE_CURVE ( 'NONE', #1172, #57, #2210, .T. ) ;
#52 = ORIENTED_EDGE ( 'NONE', *, *, #66, .F. ) ;
#53 = ORIENTED_EDGE ( 'NONE', *, *, #127, .F. ) ;
#54 = ADVANCED_FACE ( 'NONE', ( #2206 ), #2205, .F. ) ;
#55 = ORIENTED_EDGE ( 'NONE', *, *, #56, .T. ) ;
#56 = EDGE_CURVE ( 'NONE', #57, #58, #2200, .T. ) ;
#57 = VERTEX_POINT ( 'NONE', #2196 ) ;
#58 = VERTEX_POINT ( 'NONE', #2195 ) ;
#59 = ORIENTED_EDGE ( 'NONE', *, *, #60, .F. ) ;
#60 = EDGE_CURVE ( 'NONE', #61, #58, #2194, .T. ) ;
#61 = VERTEX_POINT ( 'NONE', #2190 ) ;
#62 = ORIENTED_EDGE ( 'NONE', *, *, #63, .F. ) ;
#63 = EDGE_CURVE ( 'NONE', #64, #61, #2189, .T. ) ;
#64 = VERTEX_POINT ( 'NONE', #2185 ) ;
#65 = ORIENTED_EDGE ( 'NONE', *, *, #66, .T. ) ;
#66 = EDGE_CURVE ( 'NONE', #64, #57, #2184, .T. ) ;
#67 = ORIENTED_EDGE ( 'NONE', *, *, #1683, .F. ) ;
#68 = ORIENTED_EDGE ( 'NONE', *, *, #1581, .F. ) ;
#69 = ORIENTED_EDGE ( 'NONE', *, *, #70, .F. ) ;
#70 = EDGE_CURVE ( 'NONE', #1628, #1579, #2248, .T. ) ;
#71 = ADVANCED_FACE ( 'NONE', ( #2244 ), #2243, .T. ) ;
#72 = EDGE_LOOP ( 'NONE', ( #73, #75, #76, #77, #78 ) ) ;
#73 = ORIENTED_EDGE ( 'NONE', *, *, #74, .T. ) ;
#74 = EDGE_CURVE ( 'NONE', #1349, #1298, #2238, .T. ) ;
#75 = ORIENTED_EDGE ( 'NONE', *, *, #1297, .T. ) ;
#76 = ORIENTED_EDGE ( 'NONE', *, *, #1391, .T. ) ;
#77 = ORIENTED_EDGE ( 'NONE', *, *, #1228, .F. ) ;
#78 = ORIENTED_EDGE ( 'NONE', *, *, #1351, .F. ) ;
#79 = EDGE_LOOP ( 'NONE', ( #55, #59, #62, #65 ) ) ;
#80 = ORIENTED_EDGE ( 'NONE', *, *, #1131, .F. ) ;
#81 = ORIENTED_EDGE ( 'NONE', *, *, #1315, .F. ) ;
#82 = ADVANCED_FACE ( 'NONE', ( #2234 ), #2233, .F. ) ;
#83 = EDGE_LOOP ( 'NONE', ( #84, #85, #87, #88 ) ) ;
#84 = ORIENTED_EDGE ( 'NONE', *, *, #1301, .T. ) ;
#85 = ORIENTED_EDGE ( 'NONE', *, *, #86, .T. ) ;
#86 = EDGE_CURVE ( 'NONE', #1305, #23, #2228, .T. ) ;
#87 = ORIENTED_EDGE ( 'NONE', *, *, #22, .F. ) ;
#88 = ORIENTED_EDGE ( 'NONE', *, *, #1312, .F. ) ;
#89 = ADVANCED_FACE ( 'NONE', ( #2224 ), #2223, .F. ) ;
#90 = EDGE_LOOP ( 'NONE', ( #91, #92, #67, #68, #69 ) ) ;
#91 = ORIENTED_EDGE ( 'NONE', *, *, #1631, .T. ) ;
#92 = ORIENTED_EDGE ( 'NONE', *, *, #1797, .T. ) ;
#93 = EDGE_LOOP ( 'NONE', ( #94, #95, #96, #97 ) ) ;
#94 = ORIENTED_EDGE ( 'NONE', *, *, #1421, .T. ) ;
#95 = ORIENTED_EDGE ( 'NONE', *, *, #1235, .T. ) ;
#96 = ORIENTED_EDGE ( 'NONE', *, *, #30, .T. ) ;
#97 = ORIENTED_EDGE ( 'NONE', *, *, #1430, .T. ) ;
#98 = EDGE_LOOP ( 'NONE', ( #7210, #7208, #7207, #7217 ) ) ;
#99 = ORIENTED_EDGE ( 'NONE', *, *, #100, .T. ) ;
#100 = EDGE_CURVE ( 'NONE', #126, #119, #2217, .T. ) ;
#101 = ADVANCED_FACE ( 'NONE', ( #2276 ), #2261, .F. ) ;
#102 = EDGE_LOOP ( 'NONE', ( #103, #104, #106, #107 ) ) ;
#103 = ORIENTED_EDGE ( 'NONE', *, *, #2089, .F. ) ;
#104 = ORIENTED_EDGE ( 'NONE', *, *, #105, .F. ) ;
#105 = EDGE_CURVE ( 'NONE', #120, #2027, #2256, .T. ) ;
#106 = ORIENTED_EDGE ( 'NONE', *, *, #118, .F. ) ;
#107 = ORIENTED_EDGE ( 'NONE', *, *, #108, .F. ) ;
#108 = EDGE_CURVE ( 'NONE', #2090, #119, #2251, .T. ) ;
#109 = ADVANCED_FACE ( 'NONE', ( #2307 ), #2292, .T. ) ;
#110 = EDGE_LOOP ( 'NONE', ( #111, #7199, #7201, #7254 ) ) ;
#111 = ORIENTED_EDGE ( 'NONE', *, *, #112, .T. ) ;
#112 = EDGE_CURVE ( 'NONE', #123, #2025, #2286, .T. ) ;
#113 = ORIENTED_EDGE ( 'NONE', *, *, #1171, .F. ) ;
#114 = ORIENTED_EDGE ( 'NONE', *, *, #43, .F. ) ;
#115 = ADVANCED_FACE ( 'NONE', ( #2282 ), #2322, .F. ) ;
#116 = EDGE_LOOP ( 'NONE', ( #117, #121, #124, #99 ) ) ;
#117 = ORIENTED_EDGE ( 'NONE', *, *, #118, .T. ) ;
#118 = EDGE_CURVE ( 'NONE', #119, #120, #2317, .T. ) ;
#119 = VERTEX_POINT ( 'NONE', #2313 ) ;
#120 = VERTEX_POINT ( 'NONE', #2312 ) ;
#121 = ORIENTED_EDGE ( 'NONE', *, *, #122, .F. ) ;
#122 = EDGE_CURVE ( 'NONE', #123, #120, #2311, .T. ) ;
#123 = VERTEX_POINT ( 'NONE', #2371 ) ;
#124 = ORIENTED_EDGE ( 'NONE', *, *, #125, .F. ) ;
#125 = EDGE_CURVE ( 'NONE', #126, #123, #2370, .T. ) ;
#126 = VERTEX_POINT ( 'NONE', #2366 ) ;
#127 = EDGE_CURVE ( 'NONE', #1101, #64, #2365, .T. ) ;
#128 = ORIENTED_EDGE ( 'NONE', *, *, #1170, .T. ) ;
#129 = ADVANCED_FACE ( 'NONE', ( #2361 ), #2360, .F. ) ;
#130 = EDGE_LOOP ( 'NONE', ( #131, #132, #133, #134 ) ) ;
#131 = ORIENTED_EDGE ( 'NONE', *, *, #63, .T. ) ;
#132 = ORIENTED_EDGE ( 'NONE', *, *, #46, .T. ) ;
#133 = ORIENTED_EDGE ( 'NONE', *, *, #1103, .T. ) ;
#134 = ORIENTED_EDGE ( 'NONE', *, *, #127, .T. ) ;
#135 = ADVANCED_FACE ( 'NONE', ( #2355 ), #2354, .T. ) ;
#136 = VERTEX_POINT ( 'NONE', #2349 ) ;
#137 = ORIENTED_EDGE ( 'NONE', *, *, #138, .T. ) ;
#138 = EDGE_CURVE ( 'NONE', #136, #209, #2347, .T. ) ;
#139 = ADVANCED_FACE ( 'NONE', ( #2343 ), #2396, .F. ) ;
#140 = EDGE_LOOP ( 'NONE', ( #193, #194, #195, #196, #198, #199, #201 ) ) ;
#141 = ORIENTED_EDGE ( 'NONE', *, *, #162, .T. ) ;
#142 = ORIENTED_EDGE ( 'NONE', *, *, #156, .F. ) ;
#143 = ORIENTED_EDGE ( 'NONE', *, *, #144, .F. ) ;
#144 = EDGE_CURVE ( 'NONE', #7316, #154, #2390, .T. ) ;
#145 = ORIENTED_EDGE ( 'NONE', *, *, #7318, .T. ) ;
#146 = ADVANCED_FACE ( 'NONE', ( #2386 ), #2427, .F. ) ;
#147 = EDGE_LOOP ( 'NONE', ( #148, #149, #150, #151 ) ) ;
#148 = ORIENTED_EDGE ( 'NONE', *, *, #144, .T. ) ;
#149 = ORIENTED_EDGE ( 'NONE', *, *, #153, .T. ) ;
#150 = ORIENTED_EDGE ( 'NONE', *, *, #1512, .T. ) ;
#151 = ORIENTED_EDGE ( 'NONE', *, *, #7312, .T. ) ;
#152 = ORIENTED_EDGE ( 'NONE', *, *, #153, .F. ) ;
#153 = EDGE_CURVE ( 'NONE', #154, #1474, #2422, .T. ) ;
#154 = VERTEX_POINT ( 'NONE', #2418 ) ;
#155 = ORIENTED_EDGE ( 'NONE', *, *, #156, .T. ) ;
#156 = EDGE_CURVE ( 'NONE', #154, #7255, #2416, .T. ) ;
#157 = ADVANCED_FACE ( 'NONE', ( #2412 ), #2453, .T. ) ;
#158 = EDGE_LOOP ( 'NONE', ( #159, #160, #161, #163 ) ) ;
#159 = ORIENTED_EDGE ( 'NONE', *, *, #1445, .T. ) ;
#160 = ORIENTED_EDGE ( 'NONE', *, *, #173, .F. ) ;
#161 = ORIENTED_EDGE ( 'NONE', *, *, #162, .F. ) ;
#162 = EDGE_CURVE ( 'NONE', #7315, #7255, #2447, .T. ) ;
#163 = ORIENTED_EDGE ( 'NONE', *, *, #169, .F. ) ;
#164 = ADVANCED_FACE ( 'NONE', ( #2443 ), #2481, .F. ) ;
#165 = EDGE_LOOP ( 'NONE', ( #141, #142, #143, #145 ) ) ;
#166 = ORIENTED_EDGE ( 'NONE', *, *, #1460, .T. ) ;
#167 = ORIENTED_EDGE ( 'NONE', *, *, #1448, .T. ) ;
#168 = ORIENTED_EDGE ( 'NONE', *, *, #169, .T. ) ;
#169 = EDGE_CURVE ( 'NONE', #1446, #7315, #2475, .T. ) ;
#170 = ADVANCED_FACE ( 'NONE', ( #2471 ), #2508, .F. ) ;
#171 = EDGE_LOOP ( 'NONE', ( #172, #7263, #7261, #7262, #152, #155 ) ) ;
#172 = ORIENTED_EDGE ( 'NONE', *, *, #173, .T. ) ;
#173 = EDGE_CURVE ( 'NONE', #7255, #1443, #2502, .T. ) ;
#174 = ORIENTED_EDGE ( 'NONE', *, *, #251, .F. ) ;
#175 = ORIENTED_EDGE ( 'NONE', *, *, #138, .F. ) ;
#176 = ORIENTED_EDGE ( 'NONE', *, *, #197, .T. ) ;
#177 = ADVANCED_FACE ( 'NONE', ( #2498 ), #2535, .T. ) ;
#178 = EDGE_LOOP ( 'NONE', ( #179, #180, #236, #237, #240, #243 ) ) ;
#179 = ORIENTED_EDGE ( 'NONE', *, *, #1424, .F. ) ;
#180 = ORIENTED_EDGE ( 'NONE', *, *, #1344, .F. ) ;
#181 = ORIENTED_EDGE ( 'NONE', *, *, #25, .F. ) ;
#182 = ORIENTED_EDGE ( 'NONE', *, *, #86, .F. ) ;
#183 = ORIENTED_EDGE ( 'NONE', *, *, #1304, .T. ) ;
#184 = ORIENTED_EDGE ( 'NONE', *, *, #200, .T. ) ;
#185 = ORIENTED_EDGE ( 'NONE', *, *, #211, .T. ) ;
#186 = ORIENTED_EDGE ( 'NONE', *, *, #187, .F. ) ;
#187 = EDGE_CURVE ( 'NONE', #1134, #208, #2529, .T. ) ;
#188 = ADVANCED_FACE ( 'NONE', ( #2525 ), #2510, .T. ) ;
#189 = EDGE_LOOP ( 'NONE', ( #190, #191, #192, #250 ) ) ;
#190 = ORIENTED_EDGE ( 'NONE', *, *, #1133, .F. ) ;
#191 = ORIENTED_EDGE ( 'NONE', *, *, #187, .T. ) ;
#192 = ORIENTED_EDGE ( 'NONE', *, *, #207, .T. ) ;
#193 = ORIENTED_EDGE ( 'NONE', *, *, #1438, .F. ) ;
#194 = ORIENTED_EDGE ( 'NONE', *, *, #1290, .F. ) ;
#195 = ORIENTED_EDGE ( 'NONE', *, *, #1377, .F. ) ;
#196 = ORIENTED_EDGE ( 'NONE', *, *, #197, .F. ) ;
#197 = EDGE_CURVE ( 'NONE', #136, #1374, #2559, .T. ) ;
#198 = ORIENTED_EDGE ( 'NONE', *, *, #214, .F. ) ;
#199 = ORIENTED_EDGE ( 'NONE', *, *, #200, .F. ) ;
#200 = EDGE_CURVE ( 'NONE', #1298, #212, #2554, .T. ) ;
#201 = ORIENTED_EDGE ( 'NONE', *, *, #74, .F. ) ;
#202 = ADVANCED_FACE ( 'NONE', ( #2550 ), #2592, .T. ) ;
#203 = EDGE_LOOP ( 'NONE', ( #181, #182, #183, #184, #185, #186 ) ) ;
#204 = ADVANCED_FACE ( 'NONE', ( #2587 ), #2572, .T. ) ;
#205 = EDGE_LOOP ( 'NONE', ( #206, #210, #213, #137 ) ) ;
#206 = ORIENTED_EDGE ( 'NONE', *, *, #207, .F. ) ;
#207 = EDGE_CURVE ( 'NONE', #208, #209, #2566, .T. ) ;
#208 = VERTEX_POINT ( 'NONE', #2623 ) ;
#209 = VERTEX_POINT ( 'NONE', #2622 ) ;
#210 = ORIENTED_EDGE ( 'NONE', *, *, #211, .F. ) ;
#211 = EDGE_CURVE ( 'NONE', #212, #208, #2621, .T. ) ;
#212 = VERTEX_POINT ( 'NONE', #2617 ) ;
#213 = ORIENTED_EDGE ( 'NONE', *, *, #214, .T. ) ;
#214 = EDGE_CURVE ( 'NONE', #212, #136, #2616, .T. ) ;
#215 = EDGE_LOOP ( 'NONE', ( #216, #217, #218, #220 ) ) ;
#216 = ORIENTED_EDGE ( 'NONE', *, *, #290, .F. ) ;
#217 = ORIENTED_EDGE ( 'NONE', *, *, #241, .F. ) ;
#218 = ORIENTED_EDGE ( 'NONE', *, *, #219, .T. ) ;
#219 = EDGE_CURVE ( 'NONE', #239, #227, #2611, .T. ) ;
#220 = ORIENTED_EDGE ( 'NONE', *, *, #226, .T. ) ;
#221 = ADVANCED_FACE ( 'NONE', ( #2607 ), #2654, .F. ) ;
#222 = EDGE_LOOP ( 'NONE', ( #223, #274, #275, #276 ) ) ;
#223 = ORIENTED_EDGE ( 'NONE', *, *, #219, .F. ) ;
#224 = VERTEX_POINT ( 'NONE', #2649 ) ;
#225 = ORIENTED_EDGE ( 'NONE', *, *, #226, .F. ) ;
#226 = EDGE_CURVE ( 'NONE', #227, #224, #2648, .T. ) ;
#227 = VERTEX_POINT ( 'NONE', #2644 ) ;
#228 = ORIENTED_EDGE ( 'NONE', *, *, #229, .T. ) ;
#229 = EDGE_CURVE ( 'NONE', #227, #16, #2642, .T. ) ;
#230 = ORIENTED_EDGE ( 'NONE', *, *, #35, .T. ) ;
#231 = ORIENTED_EDGE ( 'NONE', *, *, #1869, .F. ) ;
#232 = ADVANCED_FACE ( 'NONE', ( #2638 ), #2686, .T. ) ;
#233 = EDGE_LOOP ( 'NONE', ( #234, #235, #289, #291 ) ) ;
#234 = ORIENTED_EDGE ( 'NONE', *, *, #1456, .T. ) ;
#235 = ORIENTED_EDGE ( 'NONE', *, *, #244, .T. ) ;
#236 = ORIENTED_EDGE ( 'NONE', *, *, #27, .F. ) ;
#237 = ORIENTED_EDGE ( 'NONE', *, *, #238, .T. ) ;
#238 = EDGE_CURVE ( 'NONE', #17, #239, #2681, .T. ) ;
#239 = VERTEX_POINT ( 'NONE', #2677 ) ;
#240 = ORIENTED_EDGE ( 'NONE', *, *, #241, .T. ) ;
#241 = EDGE_CURVE ( 'NONE', #239, #242, #2676, .T. ) ;
#242 = VERTEX_POINT ( 'NONE', #2672 ) ;
#243 = ORIENTED_EDGE ( 'NONE', *, *, #244, .F. ) ;
#244 = EDGE_CURVE ( 'NONE', #1425, #242, #2670, .T. ) ;
#245 = ADVANCED_FACE ( 'NONE', ( #2666 ), #2711, .T. ) ;
#246 = EDGE_LOOP ( 'NONE', ( #247, #248, #225, #228, #230, #231 ) ) ;
#247 = ORIENTED_EDGE ( 'NONE', *, *, #1398, .T. ) ;
#248 = ORIENTED_EDGE ( 'NONE', *, *, #249, .F. ) ;
#249 = EDGE_CURVE ( 'NONE', #224, #1457, #2706, .T. ) ;
#250 = ORIENTED_EDGE ( 'NONE', *, *, #251, .T. ) ;
#251 = EDGE_CURVE ( 'NONE', #209, #1135, #2701, .T. ) ;
#252 = ADVANCED_FACE ( 'NONE', ( #2697 ), #2735, .T. ) ;
#253 = EDGE_LOOP ( 'NONE', ( #254, #174, #175, #176 ) ) ;
#254 = ORIENTED_EDGE ( 'NONE', *, *, #1130, .F. ) ;
#255 = EDGE_LOOP ( 'NONE', ( #256, #257, #258, #259 ) ) ;
#256 = ORIENTED_EDGE ( 'NONE', *, *, #2015, .F. ) ;
#257 = ORIENTED_EDGE ( 'NONE', *, *, #329, .F. ) ;
#258 = ORIENTED_EDGE ( 'NONE', *, *, #284, .T. ) ;
#259 = ORIENTED_EDGE ( 'NONE', *, *, #268, .T. ) ;
#260 = ADVANCED_FACE ( 'NONE', ( #2729 ), #2764, .F. ) ;
#261 = EDGE_LOOP ( 'NONE', ( #317, #318, #319, #320 ) ) ;
#262 = ORIENTED_EDGE ( 'NONE', *, *, #263, .T. ) ;
#263 = EDGE_CURVE ( 'NONE', #288, #281, #2758, .T. ) ;
#264 = ADVANCED_FACE ( 'NONE', ( #2754 ), #2793, .F. ) ;
#265 = EDGE_LOOP ( 'NONE', ( #266, #267, #269, #270 ) ) ;
#266 = ORIENTED_EDGE ( 'NONE', *, *, #2018, .F. ) ;
#267 = ORIENTED_EDGE ( 'NONE', *, *, #268, .F. ) ;
#268 = EDGE_CURVE ( 'NONE', #282, #2016, #2788, .T. ) ;
#269 = ORIENTED_EDGE ( 'NONE', *, *, #280, .F. ) ;
#270 = ORIENTED_EDGE ( 'NONE', *, *, #271, .F. ) ;
#271 = EDGE_CURVE ( 'NONE', #2019, #281, #2783, .T. ) ;
#272 = ADVANCED_FACE ( 'NONE', ( #2779 ), #2818, .T. ) ;
#273 = EDGE_LOOP ( 'NONE', ( #1057, #330, #331, #333 ) ) ;
#274 = ORIENTED_EDGE ( 'NONE', *, *, #238, .F. ) ;
#275 = ORIENTED_EDGE ( 'NONE', *, *, #15, .F. ) ;
#276 = ORIENTED_EDGE ( 'NONE', *, *, #229, .F. ) ;
#277 = ADVANCED_FACE ( 'NONE', ( #2812 ), #2797, .F. ) ;
#278 = EDGE_LOOP ( 'NONE', ( #279, #283, #286, #262 ) ) ;
#279 = ORIENTED_EDGE ( 'NONE', *, *, #280, .T. ) ;
#280 = EDGE_CURVE ( 'NONE', #281, #282, #2852, .T. ) ;
#281 = VERTEX_POINT ( 'NONE', #2848 ) ;
#282 = VERTEX_POINT ( 'NONE', #2847 ) ;
#283 = ORIENTED_EDGE ( 'NONE', *, *, #284, .F. ) ;
#284 = EDGE_CURVE ( 'NONE', #285, #282, #2846, .T. ) ;
#285 = VERTEX_POINT ( 'NONE', #2842 ) ;
#286 = ORIENTED_EDGE ( 'NONE', *, *, #287, .F. ) ;
#287 = EDGE_CURVE ( 'NONE', #288, #285, #2841, .T. ) ;
#288 = VERTEX_POINT ( 'NONE', #2837 ) ;
#289 = ORIENTED_EDGE ( 'NONE', *, *, #290, .T. ) ;
#290 = EDGE_CURVE ( 'NONE', #242, #224, #2835, .T. ) ;
#291 = ORIENTED_EDGE ( 'NONE', *, *, #249, .T. ) ;
#292 = ADVANCED_FACE ( 'NONE', ( #2831 ), #2879, .T. ) ;
#293 = ORIENTED_EDGE ( 'NONE', *, *, #1253, .F. ) ;
#294 = ORIENTED_EDGE ( 'NONE', *, *, #309, .T. ) ;
#295 = ORIENTED_EDGE ( 'NONE', *, *, #296, .T. ) ;
#296 = EDGE_CURVE ( 'NONE', #310, #297, #2874, .T. ) ;
#297 = VERTEX_POINT ( 'NONE', #2870 ) ;
#298 = ORIENTED_EDGE ( 'NONE', *, *, #299, .T. ) ;
#299 = EDGE_CURVE ( 'NONE', #297, #328, #2868, .T. ) ;
#300 = ORIENTED_EDGE ( 'NONE', *, *, #303, .T. ) ;
#301 = ADVANCED_FACE ( 'NONE', ( #2864 ), #2907, .F. ) ;
#302 = EDGE_LOOP ( 'NONE', ( #358, #359, #360, #361, #364, #366 ) ) ;
#303 = EDGE_CURVE ( 'NONE', #328, #1564, #2902, .T. ) ;
#304 = ORIENTED_EDGE ( 'NONE', *, *, #305, .T. ) ;
#305 = EDGE_CURVE ( 'NONE', #328, #325, #2897, .T. ) ;
#306 = ADVANCED_FACE ( 'NONE', ( #2893 ), #2936, .F. ) ;
#307 = EDGE_LOOP ( 'NONE', ( #308, #311, #312, #315 ) ) ;
#308 = ORIENTED_EDGE ( 'NONE', *, *, #309, .F. ) ;
#309 = EDGE_CURVE ( 'NONE', #1246, #310, #2931, .T. ) ;
#310 = VERTEX_POINT ( 'NONE', #2927 ) ;
#311 = ORIENTED_EDGE ( 'NONE', *, *, #1249, .T. ) ;
#312 = ORIENTED_EDGE ( 'NONE', *, *, #313, .T. ) ;
#313 = EDGE_CURVE ( 'NONE', #1243, #314, #2926, .T. ) ;
#314 = VERTEX_POINT ( 'NONE', #2922 ) ;
#315 = ORIENTED_EDGE ( 'NONE', *, *, #316, .F. ) ;
#316 = EDGE_CURVE ( 'NONE', #310, #314, #2920, .T. ) ;
#317 = ORIENTED_EDGE ( 'NONE', *, *, #2021, .F. ) ;
#318 = ORIENTED_EDGE ( 'NONE', *, *, #271, .T. ) ;
#319 = ORIENTED_EDGE ( 'NONE', *, *, #263, .F. ) ;
#320 = ORIENTED_EDGE ( 'NONE', *, *, #332, .F. ) ;
#321 = ADVANCED_FACE ( 'NONE', ( #2916 ), #2953, .F. ) ;
#322 = EDGE_LOOP ( 'NONE', ( #323, #326, #327, #304 ) ) ;
#323 = ORIENTED_EDGE ( 'NONE', *, *, #324, .T. ) ;
#324 = EDGE_CURVE ( 'NONE', #325, #1567, #2948, .T. ) ;
#325 = VERTEX_POINT ( 'NONE', #2944 ) ;
#326 = ORIENTED_EDGE ( 'NONE', *, *, #1566, .T. ) ;
#327 = ORIENTED_EDGE ( 'NONE', *, *, #303, .F. ) ;
#328 = VERTEX_POINT ( 'NONE', #2943 ) ;
#329 = EDGE_CURVE ( 'NONE', #285, #2043, #2942, .T. ) ;
#330 = ORIENTED_EDGE ( 'NONE', *, *, #2012, .T. ) ;
#331 = ORIENTED_EDGE ( 'NONE', *, *, #332, .T. ) ;
#332 = EDGE_CURVE ( 'NONE', #2013, #288, #2989, .T. ) ;
#333 = ORIENTED_EDGE ( 'NONE', *, *, #287, .T. ) ;
#334 = ADVANCED_FACE ( 'NONE', ( #2985 ), #2970, .F. ) ;
#335 = EDGE_CURVE ( 'NONE', #336, #411, #2965, .T. ) ;
#336 = VERTEX_POINT ( 'NONE', #3019 ) ;
#337 = ORIENTED_EDGE ( 'NONE', *, *, #338, .F. ) ;
#338 = EDGE_CURVE ( 'NONE', #339, #336, #3018, .T. ) ;
#339 = VERTEX_POINT ( 'NONE', #3014 ) ;
#340 = ORIENTED_EDGE ( 'NONE', *, *, #341, .T. ) ;
#341 = EDGE_CURVE ( 'NONE', #339, #410, #3012, .T. ) ;
#342 = ADVANCED_FACE ( 'NONE', ( #3008 ), #2993, .F. ) ;
#343 = EDGE_LOOP ( 'NONE', ( #344, #396, #398, #399 ) ) ;
#344 = ORIENTED_EDGE ( 'NONE', *, *, #2037, .F. ) ;
#345 = ORIENTED_EDGE ( 'NONE', *, *, #346, .F. ) ;
#346 = EDGE_CURVE ( 'NONE', #297, #363, #3045, .T. ) ;
#347 = ORIENTED_EDGE ( 'NONE', *, *, #296, .F. ) ;
#348 = ORIENTED_EDGE ( 'NONE', *, *, #316, .T. ) ;
#349 = ADVANCED_FACE ( 'NONE', ( #3041 ), #3026, .F. ) ;
#350 = EDGE_LOOP ( 'NONE', ( #351, #352, #353, #354 ) ) ;
#351 = ORIENTED_EDGE ( 'NONE', *, *, #362, .T. ) ;
#352 = ORIENTED_EDGE ( 'NONE', *, *, #305, .F. ) ;
#353 = ORIENTED_EDGE ( 'NONE', *, *, #299, .F. ) ;
#354 = ORIENTED_EDGE ( 'NONE', *, *, #346, .T. ) ;
#355 = ADVANCED_FACE ( 'NONE', ( #3077 ), #3061, .F. ) ;
#356 = EDGE_LOOP ( 'NONE', ( #357, #412, #337, #340 ) ) ;
#357 = ORIENTED_EDGE ( 'NONE', *, *, #409, .T. ) ;
#358 = ORIENTED_EDGE ( 'NONE', *, *, #1245, .T. ) ;
#359 = ORIENTED_EDGE ( 'NONE', *, *, #1569, .T. ) ;
#360 = ORIENTED_EDGE ( 'NONE', *, *, #324, .F. ) ;
#361 = ORIENTED_EDGE ( 'NONE', *, *, #362, .F. ) ;
#362 = EDGE_CURVE ( 'NONE', #363, #325, #3056, .T. ) ;
#363 = VERTEX_POINT ( 'NONE', #3052 ) ;
#364 = ORIENTED_EDGE ( 'NONE', *, *, #365, .F. ) ;
#365 = EDGE_CURVE ( 'NONE', #314, #363, #3111, .T. ) ;
#366 = ORIENTED_EDGE ( 'NONE', *, *, #313, .F. ) ;
#367 = ADVANCED_FACE ( 'NONE', ( #3107 ), #3092, .F. ) ;
#368 = EDGE_LOOP ( 'NONE', ( #369, #345, #347, #348 ) ) ;
#369 = ORIENTED_EDGE ( 'NONE', *, *, #365, .T. ) ;
#370 = ADVANCED_FACE ( 'NONE', ( #3086 ), #3133, .T. ) ;
#371 = EDGE_LOOP ( 'NONE', ( #372, #293, #294, #295, #298, #300 ) ) ;
#372 = ORIENTED_EDGE ( 'NONE', *, *, #1563, .F. ) ;
#373 = ORIENTED_EDGE ( 'NONE', *, *, #1655, .T. ) ;
#374 = ORIENTED_EDGE ( 'NONE', *, *, #375, .F. ) ;
#375 = EDGE_CURVE ( 'NONE', #376, #1653, #3128, .T. ) ;
#376 = VERTEX_POINT ( 'NONE', #3124 ) ;
#377 = ORIENTED_EDGE ( 'NONE', *, *, #378, .T. ) ;
#378 = EDGE_CURVE ( 'NONE', #376, #452, #3122, .T. ) ;
#379 = ADVANCED_FACE ( 'NONE', ( #3118 ), #3159, .F. ) ;
#380 = EDGE_LOOP ( 'NONE', ( #381, #438, #439, #442 ) ) ;
#381 = ORIENTED_EDGE ( 'NONE', *, *, #382, .F. ) ;
#382 = EDGE_CURVE ( 'NONE', #1177, #437, #3153, .T. ) ;
#383 = ADVANCED_FACE ( 'NONE', ( #3149 ), #3187, .F. ) ;
#384 = EDGE_LOOP ( 'NONE', ( #385, #386, #387, #388 ) ) ;
#385 = ORIENTED_EDGE ( 'NONE', *, *, #2034, .F. ) ;
#386 = ORIENTED_EDGE ( 'NONE', *, *, #404, .F. ) ;
#387 = ORIENTED_EDGE ( 'NONE', *, *, #335, .T. ) ;
#388 = ORIENTED_EDGE ( 'NONE', *, *, #397, .T. ) ;
#389 = ADVANCED_FACE ( 'NONE', ( #3181 ), #3219, .F. ) ;
#390 = EDGE_LOOP ( 'NONE', ( #391, #392, #393, #394 ) ) ;
#391 = ORIENTED_EDGE ( 'NONE', *, *, #2040, .F. ) ;
#392 = ORIENTED_EDGE ( 'NONE', *, *, #400, .T. ) ;
#393 = ORIENTED_EDGE ( 'NONE', *, *, #341, .F. ) ;
#394 = ORIENTED_EDGE ( 'NONE', *, *, #407, .F. ) ;
#395 = EDGE_LOOP ( 'NONE', ( #450, #373, #374, #377 ) ) ;
#396 = ORIENTED_EDGE ( 'NONE', *, *, #397, .F. ) ;
#397 = EDGE_CURVE ( 'NONE', #411, #2035, #3214, .T. ) ;
#398 = ORIENTED_EDGE ( 'NONE', *, *, #409, .F. ) ;
#399 = ORIENTED_EDGE ( 'NONE', *, *, #400, .F. ) ;
#400 = EDGE_CURVE ( 'NONE', #2038, #410, #3209, .T. ) ;
#401 = ADVANCED_FACE ( 'NONE', ( #3205 ), #3251, .T. ) ;
#402 = EDGE_LOOP ( 'NONE', ( #403, #405, #406, #408 ) ) ;
#403 = ORIENTED_EDGE ( 'NONE', *, *, #404, .T. ) ;
#404 = EDGE_CURVE ( 'NONE', #336, #2031, #3246, .T. ) ;
#405 = ORIENTED_EDGE ( 'NONE', *, *, #2030, .T. ) ;
#406 = ORIENTED_EDGE ( 'NONE', *, *, #407, .T. ) ;
#407 = EDGE_CURVE ( 'NONE', #2032, #339, #3242, .T. ) ;
#408 = ORIENTED_EDGE ( 'NONE', *, *, #338, .T. ) ;
#409 = EDGE_CURVE ( 'NONE', #410, #411, #3238, .T. ) ;
#410 = VERTEX_POINT ( 'NONE', #3234 ) ;
#411 = VERTEX_POINT ( 'NONE', #3233 ) ;
#412 = ORIENTED_EDGE ( 'NONE', *, *, #335, .F. ) ;
#413 = ORIENTED_EDGE ( 'NONE', *, *, #440, .F. ) ;
#414 = ADVANCED_FACE ( 'NONE', ( #3232 ), #3275, .F. ) ;
#415 = EDGE_LOOP ( 'NONE', ( #416, #417, #419, #420 ) ) ;
#416 = ORIENTED_EDGE ( 'NONE', *, *, #492, .T. ) ;
#417 = ORIENTED_EDGE ( 'NONE', *, *, #418, .F. ) ;
#418 = EDGE_CURVE ( 'NONE', #425, #436, #3269, .T. ) ;
#419 = ORIENTED_EDGE ( 'NONE', *, *, #424, .F. ) ;
#420 = ORIENTED_EDGE ( 'NONE', *, *, #443, .T. ) ;
#421 = ADVANCED_FACE ( 'NONE', ( #3265 ), #3306, .F. ) ;
#422 = EDGE_LOOP ( 'NONE', ( #477, #478, #479, #480 ) ) ;
#423 = ORIENTED_EDGE ( 'NONE', *, *, #424, .T. ) ;
#424 = EDGE_CURVE ( 'NONE', #437, #425, #3301, .T. ) ;
#425 = VERTEX_POINT ( 'NONE', #3297 ) ;
#426 = ORIENTED_EDGE ( 'NONE', *, *, #427, .T. ) ;
#427 = EDGE_CURVE ( 'NONE', #425, #376, #3295, .T. ) ;
#428 = ORIENTED_EDGE ( 'NONE', *, *, #375, .T. ) ;
#429 = ADVANCED_FACE ( 'NONE', ( #3291 ), #3334, .F. ) ;
#430 = EDGE_LOOP ( 'NONE', ( #431, #432, #433, #434, #491, #413 ) ) ;
#431 = ORIENTED_EDGE ( 'NONE', *, *, #1176, .T. ) ;
#432 = ORIENTED_EDGE ( 'NONE', *, *, #1658, .T. ) ;
#433 = ORIENTED_EDGE ( 'NONE', *, *, #451, .F. ) ;
#434 = ORIENTED_EDGE ( 'NONE', *, *, #435, .F. ) ;
#435 = EDGE_CURVE ( 'NONE', #436, #452, #3329, .T. ) ;
#436 = VERTEX_POINT ( 'NONE', #3325 ) ;
#437 = VERTEX_POINT ( 'NONE', #3324 ) ;
#438 = ORIENTED_EDGE ( 'NONE', *, *, #1238, .T. ) ;
#439 = ORIENTED_EDGE ( 'NONE', *, *, #440, .T. ) ;
#440 = EDGE_CURVE ( 'NONE', #1240, #441, #3323, .T. ) ;
#441 = VERTEX_POINT ( 'NONE', #3319 ) ;
#442 = ORIENTED_EDGE ( 'NONE', *, *, #443, .F. ) ;
#443 = EDGE_CURVE ( 'NONE', #437, #441, #3317, .T. ) ;
#444 = ADVANCED_FACE ( 'NONE', ( #3313 ), #3355, .T. ) ;
#445 = EDGE_LOOP ( 'NONE', ( #446, #447, #448, #423, #426, #428 ) ) ;
#446 = ORIENTED_EDGE ( 'NONE', *, *, #1652, .F. ) ;
#447 = ORIENTED_EDGE ( 'NONE', *, *, #1241, .F. ) ;
#448 = ORIENTED_EDGE ( 'NONE', *, *, #382, .T. ) ;
#449 = ADVANCED_FACE ( 'NONE', ( #3349 ), #3392, .F. ) ;
#450 = ORIENTED_EDGE ( 'NONE', *, *, #451, .T. ) ;
#451 = EDGE_CURVE ( 'NONE', #452, #1656, #3387, .T. ) ;
#452 = VERTEX_POINT ( 'NONE', #3383 ) ;
#453 = EDGE_CURVE ( 'NONE', #489, #1960, #3382, .T. ) ;
#454 = ORIENTED_EDGE ( 'NONE', *, *, #1959, .T. ) ;
#455 = ORIENTED_EDGE ( 'NONE', *, *, #456, .T. ) ;
#456 = EDGE_CURVE ( 'NONE', #1961, #464, #3377, .T. ) ;
#457 = ORIENTED_EDGE ( 'NONE', *, *, #463, .T. ) ;
#458 = ADVANCED_FACE ( 'NONE', ( #3373 ), #3414, .F. ) ;
#459 = EDGE_LOOP ( 'NONE', ( #460, #461, #462, #519 ) ) ;
#460 = ORIENTED_EDGE ( 'NONE', *, *, #1963, .F. ) ;
#461 = ORIENTED_EDGE ( 'NONE', *, *, #453, .F. ) ;
#462 = ORIENTED_EDGE ( 'NONE', *, *, #488, .T. ) ;
#463 = EDGE_CURVE ( 'NONE', #464, #489, #3409, .T. ) ;
#464 = VERTEX_POINT ( 'NONE', #3405 ) ;
#465 = ORIENTED_EDGE ( 'NONE', *, *, #466, .T. ) ;
#466 = EDGE_CURVE ( 'NONE', #464, #485, #3403, .T. ) ;
#467 = ADVANCED_FACE ( 'NONE', ( #3399 ), #3439, .F. ) ;
#468 = EDGE_LOOP ( 'NONE', ( #469, #470, #472, #473 ) ) ;
#469 = ORIENTED_EDGE ( 'NONE', *, *, #1966, .F. ) ;
#470 = ORIENTED_EDGE ( 'NONE', *, *, #471, .F. ) ;
#471 = EDGE_CURVE ( 'NONE', #486, #1964, #3434, .T. ) ;
#472 = ORIENTED_EDGE ( 'NONE', *, *, #484, .F. ) ;
#473 = ORIENTED_EDGE ( 'NONE', *, *, #474, .F. ) ;
#474 = EDGE_CURVE ( 'NONE', #1967, #485, #3429, .T. ) ;
#475 = ADVANCED_FACE ( 'NONE', ( #3425 ), #3467, .T. ) ;
#476 = EDGE_LOOP ( 'NONE', ( #532, #454, #455, #457 ) ) ;
#477 = ORIENTED_EDGE ( 'NONE', *, *, #435, .T. ) ;
#478 = ORIENTED_EDGE ( 'NONE', *, *, #378, .F. ) ;
#479 = ORIENTED_EDGE ( 'NONE', *, *, #427, .F. ) ;
#480 = ORIENTED_EDGE ( 'NONE', *, *, #418, .T. ) ;
#481 = ADVANCED_FACE ( 'NONE', ( #3461 ), #3500, .F. ) ;
#482 = EDGE_LOOP ( 'NONE', ( #483, #487, #490, #465 ) ) ;
#483 = ORIENTED_EDGE ( 'NONE', *, *, #484, .T. ) ;
#484 = EDGE_CURVE ( 'NONE', #485, #486, #3495, .T. ) ;
#485 = VERTEX_POINT ( 'NONE', #3491 ) ;
#486 = VERTEX_POINT ( 'NONE', #3490 ) ;
#487 = ORIENTED_EDGE ( 'NONE', *, *, #488, .F. ) ;
#488 = EDGE_CURVE ( 'NONE', #489, #486, #3489, .T. ) ;
#489 = VERTEX_POINT ( 'NONE', #3485 ) ;
#490 = ORIENTED_EDGE ( 'NONE', *, *, #463, .F. ) ;
#491 = ORIENTED_EDGE ( 'NONE', *, *, #492, .F. ) ;
#492 = EDGE_CURVE ( 'NONE', #441, #436, #3483, .T. ) ;
#493 = ADVANCED_FACE ( 'NONE', ( #3530 ), #3514, .T. ) ;
#494 = ORIENTED_EDGE ( 'NONE', *, *, #1592, .F. ) ;
#495 = ORIENTED_EDGE ( 'NONE', *, *, #1251, .F. ) ;
#496 = ORIENTED_EDGE ( 'NONE', *, *, #512, .T. ) ;
#497 = ORIENTED_EDGE ( 'NONE', *, *, #498, .T. ) ;
#498 = EDGE_CURVE ( 'NONE', #513, #499, #3509, .T. ) ;
#499 = VERTEX_POINT ( 'NONE', #3505 ) ;
#500 = ORIENTED_EDGE ( 'NONE', *, *, #501, .T. ) ;
#501 = EDGE_CURVE ( 'NONE', #499, #506, #3559, .T. ) ;
#502 = ORIENTED_EDGE ( 'NONE', *, *, #505, .T. ) ;
#503 = EDGE_LOOP ( 'NONE', ( #560, #561, #562, #563, #566, #568 ) ) ;
#504 = ORIENTED_EDGE ( 'NONE', *, *, #505, .F. ) ;
#505 = EDGE_CURVE ( 'NONE', #506, #1593, #3555, .T. ) ;
#506 = VERTEX_POINT ( 'NONE', #3551 ) ;
#507 = ORIENTED_EDGE ( 'NONE', *, *, #508, .T. ) ;
#508 = EDGE_CURVE ( 'NONE', #506, #530, #3549, .T. ) ;
#509 = ADVANCED_FACE ( 'NONE', ( #3545 ), #3590, .F. ) ;
#510 = EDGE_LOOP ( 'NONE', ( #511, #514, #515, #571 ) ) ;
#511 = ORIENTED_EDGE ( 'NONE', *, *, #512, .F. ) ;
#512 = EDGE_CURVE ( 'NONE', #1264, #513, #3585, .T. ) ;
#513 = VERTEX_POINT ( 'NONE', #3581 ) ;
#514 = ORIENTED_EDGE ( 'NONE', *, *, #1184, .T. ) ;
#515 = ORIENTED_EDGE ( 'NONE', *, *, #516, .T. ) ;
#516 = EDGE_CURVE ( 'NONE', #1186, #517, #3580, .T. ) ;
#517 = VERTEX_POINT ( 'NONE', #3576 ) ;
#518 = EDGE_LOOP ( 'NONE', ( #494, #495, #496, #497, #500, #502 ) ) ;
#519 = ORIENTED_EDGE ( 'NONE', *, *, #471, .T. ) ;
#520 = ADVANCED_FACE ( 'NONE', ( #3575 ), #3617, .F. ) ;
#521 = EDGE_LOOP ( 'NONE', ( #522, #523, #524, #525 ) ) ;
#522 = ORIENTED_EDGE ( 'NONE', *, *, #1969, .F. ) ;
#523 = ORIENTED_EDGE ( 'NONE', *, *, #474, .T. ) ;
#524 = ORIENTED_EDGE ( 'NONE', *, *, #466, .F. ) ;
#525 = ORIENTED_EDGE ( 'NONE', *, *, #456, .F. ) ;
#526 = ADVANCED_FACE ( 'NONE', ( #3611 ), #3596, .F. ) ;
#527 = EDGE_LOOP ( 'NONE', ( #528, #531, #504, #507 ) ) ;
#528 = ORIENTED_EDGE ( 'NONE', *, *, #529, .T. ) ;
#529 = EDGE_CURVE ( 'NONE', #530, #1596, #3591, .T. ) ;
#530 = VERTEX_POINT ( 'NONE', #3650 ) ;
#531 = ORIENTED_EDGE ( 'NONE', *, *, #1595, .T. ) ;
#532 = ORIENTED_EDGE ( 'NONE', *, *, #453, .T. ) ;
#533 = EDGE_LOOP ( 'NONE', ( #534, #538, #541, #544 ) ) ;
#534 = ORIENTED_EDGE ( 'NONE', *, *, #535, .T. ) ;
#535 = EDGE_CURVE ( 'NONE', #536, #537, #3649, .T. ) ;
#536 = VERTEX_POINT ( 'NONE', #3645 ) ;
#537 = VERTEX_POINT ( 'NONE', #3644 ) ;
#538 = ORIENTED_EDGE ( 'NONE', *, *, #539, .F. ) ;
#539 = EDGE_CURVE ( 'NONE', #540, #537, #3643, .T. ) ;
#540 = VERTEX_POINT ( 'NONE', #3639 ) ;
#541 = ORIENTED_EDGE ( 'NONE', *, *, #542, .F. ) ;
#542 = EDGE_CURVE ( 'NONE', #543, #540, #3638, .T. ) ;
#543 = VERTEX_POINT ( 'NONE', #3634 ) ;
#544 = ORIENTED_EDGE ( 'NONE', *, *, #545, .T. ) ;
#545 = EDGE_CURVE ( 'NONE', #543, #536, #3632, .T. ) ;
#546 = ADVANCED_FACE ( 'NONE', ( #3628 ), #3676, .F. ) ;
#547 = EDGE_LOOP ( 'NONE', ( #599, #600, #602, #603 ) ) ;
#548 = ORIENTED_EDGE ( 'NONE', *, *, #567, .T. ) ;
#549 = ORIENTED_EDGE ( 'NONE', *, *, #550, .F. ) ;
#550 = EDGE_CURVE ( 'NONE', #499, #565, #3670, .T. ) ;
#551 = ORIENTED_EDGE ( 'NONE', *, *, #498, .F. ) ;
#552 = ORIENTED_EDGE ( 'NONE', *, *, #572, .T. ) ;
#553 = ADVANCED_FACE ( 'NONE', ( #3666 ), #3701, .F. ) ;
#554 = EDGE_LOOP ( 'NONE', ( #555, #556, #557, #558 ) ) ;
#555 = ORIENTED_EDGE ( 'NONE', *, *, #564, .T. ) ;
#556 = ORIENTED_EDGE ( 'NONE', *, *, #508, .F. ) ;
#557 = ORIENTED_EDGE ( 'NONE', *, *, #501, .F. ) ;
#558 = ORIENTED_EDGE ( 'NONE', *, *, #550, .T. ) ;
#559 = ADVANCED_FACE ( 'NONE', ( #3695 ), #3732, .F. ) ;
#560 = ORIENTED_EDGE ( 'NONE', *, *, #1185, .T. ) ;
#561 = ORIENTED_EDGE ( 'NONE', *, *, #1598, .T. ) ;
#562 = ORIENTED_EDGE ( 'NONE', *, *, #529, .F. ) ;
#563 = ORIENTED_EDGE ( 'NONE', *, *, #564, .F. ) ;
#564 = EDGE_CURVE ( 'NONE', #565, #530, #3727, .T. ) ;
#565 = VERTEX_POINT ( 'NONE', #3723 ) ;
#566 = ORIENTED_EDGE ( 'NONE', *, *, #567, .F. ) ;
#567 = EDGE_CURVE ( 'NONE', #517, #565, #3721, .T. ) ;
#568 = ORIENTED_EDGE ( 'NONE', *, *, #516, .F. ) ;
#569 = ADVANCED_FACE ( 'NONE', ( #3717 ), #3759, .F. ) ;
#570 = EDGE_LOOP ( 'NONE', ( #548, #549, #551, #552 ) ) ;
#571 = ORIENTED_EDGE ( 'NONE', *, *, #572, .F. ) ;
#572 = EDGE_CURVE ( 'NONE', #513, #517, #3753, .T. ) ;
#573 = ORIENTED_EDGE ( 'NONE', *, *, #1572, .F. ) ;
#574 = ORIENTED_EDGE ( 'NONE', *, *, #1188, .F. ) ;
#575 = ORIENTED_EDGE ( 'NONE', *, *, #545, .F. ) ;
#576 = ORIENTED_EDGE ( 'NONE', *, *, #611, .F. ) ;
#577 = ADVANCED_FACE ( 'NONE', ( #3749 ), #3734, .F. ) ;
#578 = EDGE_LOOP ( 'NONE', ( #579, #582, #583, #586 ) ) ;
#579 = ORIENTED_EDGE ( 'NONE', *, *, #580, .T. ) ;
#580 = EDGE_CURVE ( 'NONE', #581, #1486, #3788, .T. ) ;
#581 = VERTEX_POINT ( 'NONE', #3784 ) ;
#582 = ORIENTED_EDGE ( 'NONE', *, *, #1485, .T. ) ;
#583 = ORIENTED_EDGE ( 'NONE', *, *, #584, .F. ) ;
#584 = EDGE_CURVE ( 'NONE', #585, #1483, #3783, .T. ) ;
#585 = VERTEX_POINT ( 'NONE', #3779 ) ;
#586 = ORIENTED_EDGE ( 'NONE', *, *, #587, .T. ) ;
#587 = EDGE_CURVE ( 'NONE', #585, #581, #3777, .T. ) ;
#588 = ORIENTED_EDGE ( 'NONE', *, *, #542, .T. ) ;
#589 = ADVANCED_FACE ( 'NONE', ( #3773 ), #3817, .F. ) ;
#590 = EDGE_LOOP ( 'NONE', ( #591, #592, #593, #594 ) ) ;
#591 = ORIENTED_EDGE ( 'NONE', *, *, #1981, .F. ) ;
#592 = ORIENTED_EDGE ( 'NONE', *, *, #608, .F. ) ;
#593 = ORIENTED_EDGE ( 'NONE', *, *, #539, .T. ) ;
#594 = ORIENTED_EDGE ( 'NONE', *, *, #601, .T. ) ;
#595 = ADVANCED_FACE ( 'NONE', ( #3811 ), #3796, .F. ) ;
#596 = EDGE_LOOP ( 'NONE', ( #597, #598, #575, #576 ) ) ;
#597 = ORIENTED_EDGE ( 'NONE', *, *, #2046, .F. ) ;
#598 = ORIENTED_EDGE ( 'NONE', *, *, #604, .T. ) ;
#599 = ORIENTED_EDGE ( 'NONE', *, *, #1984, .F. ) ;
#600 = ORIENTED_EDGE ( 'NONE', *, *, #601, .F. ) ;
#601 = EDGE_CURVE ( 'NONE', #537, #1982, #3844, .T. ) ;
#602 = ORIENTED_EDGE ( 'NONE', *, *, #535, .F. ) ;
#603 = ORIENTED_EDGE ( 'NONE', *, *, #604, .F. ) ;
#604 = EDGE_CURVE ( 'NONE', #2044, #536, #3839, .T. ) ;
#605 = ADVANCED_FACE ( 'NONE', ( #3835 ), #3820, .T. ) ;
#606 = EDGE_LOOP ( 'NONE', ( #607, #609, #610, #588 ) ) ;
#607 = ORIENTED_EDGE ( 'NONE', *, *, #608, .T. ) ;
#608 = EDGE_CURVE ( 'NONE', #540, #1978, #3869, .T. ) ;
#609 = ORIENTED_EDGE ( 'NONE', *, *, #1977, .T. ) ;
#610 = ORIENTED_EDGE ( 'NONE', *, *, #611, .T. ) ;
#611 = EDGE_CURVE ( 'NONE', #1979, #543, #3864, .T. ) ;
#612 = ADVANCED_FACE ( 'NONE', ( #3860 ), #3845, .F. ) ;
#613 = EDGE_CURVE ( 'NONE', #614, #690, #3901, .T. ) ;
#614 = VERTEX_POINT ( 'NONE', #3897 ) ;
#615 = ORIENTED_EDGE ( 'NONE', *, *, #616, .F. ) ;
#616 = EDGE_CURVE ( 'NONE', #617, #581, #3896, .T. ) ;
#617 = VERTEX_POINT ( 'NONE', #3892 ) ;
#618 = ORIENTED_EDGE ( 'NONE', *, *, #619, .F. ) ;
#619 = EDGE_CURVE ( 'NONE', #648, #617, #3890, .T. ) ;
#620 = ORIENTED_EDGE ( 'NONE', *, *, #647, .F. ) ;
#621 = ADVANCED_FACE ( 'NONE', ( #3886 ), #3936, .F. ) ;
#622 = EDGE_LOOP ( 'NONE', ( #623, #624, #626, #627 ) ) ;
#623 = ORIENTED_EDGE ( 'NONE', *, *, #619, .T. ) ;
#624 = ORIENTED_EDGE ( 'NONE', *, *, #625, .F. ) ;
#625 = EDGE_CURVE ( 'NONE', #631, #617, #3931, .T. ) ;
#626 = ORIENTED_EDGE ( 'NONE', *, *, #630, .F. ) ;
#627 = ORIENTED_EDGE ( 'NONE', *, *, #650, .T. ) ;
#628 = ORIENTED_EDGE ( 'NONE', *, *, #643, .T. ) ;
#629 = ORIENTED_EDGE ( 'NONE', *, *, #630, .T. ) ;
#630 = EDGE_CURVE ( 'NONE', #644, #631, #3927, .T. ) ;
#631 = VERTEX_POINT ( 'NONE', #3923 ) ;
#632 = ORIENTED_EDGE ( 'NONE', *, *, #633, .T. ) ;
#633 = EDGE_CURVE ( 'NONE', #631, #585, #3921, .T. ) ;
#634 = ORIENTED_EDGE ( 'NONE', *, *, #584, .T. ) ;
#635 = ADVANCED_FACE ( 'NONE', ( #3917 ), #3958, .F. ) ;
#636 = EDGE_LOOP ( 'NONE', ( #637, #638, #639, #615, #618, #620 ) ) ;
#637 = ORIENTED_EDGE ( 'NONE', *, *, #1190, .T. ) ;
#638 = ORIENTED_EDGE ( 'NONE', *, *, #1488, .T. ) ;
#639 = ORIENTED_EDGE ( 'NONE', *, *, #580, .F. ) ;
#640 = ADVANCED_FACE ( 'NONE', ( #3952 ), #3993, .F. ) ;
#641 = EDGE_LOOP ( 'NONE', ( #642, #645, #646, #649 ) ) ;
#642 = ORIENTED_EDGE ( 'NONE', *, *, #643, .F. ) ;
#643 = EDGE_CURVE ( 'NONE', #1192, #644, #3988, .T. ) ;
#644 = VERTEX_POINT ( 'NONE', #3984 ) ;
#645 = ORIENTED_EDGE ( 'NONE', *, *, #1194, .T. ) ;
#646 = ORIENTED_EDGE ( 'NONE', *, *, #647, .T. ) ;
#647 = EDGE_CURVE ( 'NONE', #1191, #648, #3983, .T. ) ;
#648 = VERTEX_POINT ( 'NONE', #3979 ) ;
#649 = ORIENTED_EDGE ( 'NONE', *, *, #650, .F. ) ;
#650 = EDGE_CURVE ( 'NONE', #644, #648, #3977, .T. ) ;
#651 = ADVANCED_FACE ( 'NONE', ( #3973 ), #4019, .T. ) ;
#652 = EDGE_LOOP ( 'NONE', ( #573, #574, #628, #629, #632, #634 ) ) ;
#653 = EDGE_CURVE ( 'NONE', #1056, #1605, #4014, .T. ) ;
#654 = ORIENTED_EDGE ( 'NONE', *, *, #655, .F. ) ;
#655 = EDGE_CURVE ( 'NONE', #1972, #689, #4009, .T. ) ;
#656 = ADVANCED_FACE ( 'NONE', ( #4005 ), #4048, .T. ) ;
#657 = EDGE_LOOP ( 'NONE', ( #658, #660, #661, #663 ) ) ;
#658 = ORIENTED_EDGE ( 'NONE', *, *, #659, .T. ) ;
#659 = EDGE_CURVE ( 'NONE', #614, #1996, #4043, .T. ) ;
#660 = ORIENTED_EDGE ( 'NONE', *, *, #1995, .T. ) ;
#661 = ORIENTED_EDGE ( 'NONE', *, *, #662, .T. ) ;
#662 = EDGE_CURVE ( 'NONE', #1997, #670, #4038, .T. ) ;
#663 = ORIENTED_EDGE ( 'NONE', *, *, #669, .T. ) ;
#664 = ADVANCED_FACE ( 'NONE', ( #4034 ), #4077, .F. ) ;
#665 = EDGE_LOOP ( 'NONE', ( #666, #667, #720, #721 ) ) ;
#666 = ORIENTED_EDGE ( 'NONE', *, *, #1999, .F. ) ;
#667 = ORIENTED_EDGE ( 'NONE', *, *, #659, .F. ) ;
#668 = ORIENTED_EDGE ( 'NONE', *, *, #669, .F. ) ;
#669 = EDGE_CURVE ( 'NONE', #670, #614, #4072, .T. ) ;
#670 = VERTEX_POINT ( 'NONE', #4068 ) ;
#671 = ORIENTED_EDGE ( 'NONE', *, *, #672, .T. ) ;
#672 = EDGE_CURVE ( 'NONE', #670, #689, #4066, .T. ) ;
#673 = ADVANCED_FACE ( 'NONE', ( #4062 ), #4103, .F. ) ;
#674 = EDGE_LOOP ( 'NONE', ( #675, #676, #678, #654 ) ) ;
#675 = ORIENTED_EDGE ( 'NONE', *, *, #1971, .F. ) ;
#676 = ORIENTED_EDGE ( 'NONE', *, *, #677, .F. ) ;
#677 = EDGE_CURVE ( 'NONE', #690, #2000, #4097, .T. ) ;
#678 = ORIENTED_EDGE ( 'NONE', *, *, #688, .F. ) ;
#679 = ADVANCED_FACE ( 'NONE', ( #4093 ), #4128, .F. ) ;
#680 = EDGE_LOOP ( 'NONE', ( #681, #682, #683, #684 ) ) ;
#681 = ORIENTED_EDGE ( 'NONE', *, *, #616, .T. ) ;
#682 = ORIENTED_EDGE ( 'NONE', *, *, #587, .F. ) ;
#683 = ORIENTED_EDGE ( 'NONE', *, *, #633, .F. ) ;
#684 = ORIENTED_EDGE ( 'NONE', *, *, #625, .T. ) ;
#685 = ADVANCED_FACE ( 'NONE', ( #4122 ), #4163, .F. ) ;
#686 = EDGE_LOOP ( 'NONE', ( #687, #691, #668, #671 ) ) ;
#687 = ORIENTED_EDGE ( 'NONE', *, *, #688, .T. ) ;
#688 = EDGE_CURVE ( 'NONE', #689, #690, #4158, .T. ) ;
#689 = VERTEX_POINT ( 'NONE', #4154 ) ;
#690 = VERTEX_POINT ( 'NONE', #4153 ) ;
#691 = ORIENTED_EDGE ( 'NONE', *, *, #613, .F. ) ;
#692 = EDGE_LOOP ( 'NONE', ( #750, #751, #753, #754 ) ) ;
#693 = EDGE_CURVE ( 'NONE', #1202, #719, #4152, .T. ) ;
#694 = ORIENTED_EDGE ( 'NONE', *, *, #695, .F. ) ;
#695 = EDGE_CURVE ( 'NONE', #716, #719, #4147, .T. ) ;
#696 = ADVANCED_FACE ( 'NONE', ( #4143 ), #4192, .T. ) ;
#697 = EDGE_LOOP ( 'NONE', ( #698, #699, #700, #701, #704, #761 ) ) ;
#698 = ORIENTED_EDGE ( 'NONE', *, *, #1494, .F. ) ;
#699 = ORIENTED_EDGE ( 'NONE', *, *, #1198, .F. ) ;
#700 = ORIENTED_EDGE ( 'NONE', *, *, #715, .T. ) ;
#701 = ORIENTED_EDGE ( 'NONE', *, *, #702, .T. ) ;
#702 = EDGE_CURVE ( 'NONE', #716, #703, #4187, .T. ) ;
#703 = VERTEX_POINT ( 'NONE', #4183 ) ;
#704 = ORIENTED_EDGE ( 'NONE', *, *, #705, .T. ) ;
#705 = EDGE_CURVE ( 'NONE', #703, #709, #4182, .T. ) ;
#706 = ORIENTED_EDGE ( 'NONE', *, *, #1604, .T. ) ;
#707 = ORIENTED_EDGE ( 'NONE', *, *, #708, .F. ) ;
#708 = EDGE_CURVE ( 'NONE', #709, #1495, #4178, .T. ) ;
#709 = VERTEX_POINT ( 'NONE', #4174 ) ;
#710 = ORIENTED_EDGE ( 'NONE', *, *, #711, .T. ) ;
#711 = EDGE_CURVE ( 'NONE', #709, #1056, #4172, .T. ) ;
#712 = ADVANCED_FACE ( 'NONE', ( #4168 ), #4214, .F. ) ;
#713 = EDGE_LOOP ( 'NONE', ( #714, #717, #718, #694 ) ) ;
#714 = ORIENTED_EDGE ( 'NONE', *, *, #715, .F. ) ;
#715 = EDGE_CURVE ( 'NONE', #1203, #716, #4209, .T. ) ;
#716 = VERTEX_POINT ( 'NONE', #4205 ) ;
#717 = ORIENTED_EDGE ( 'NONE', *, *, #1200, .T. ) ;
#718 = ORIENTED_EDGE ( 'NONE', *, *, #693, .T. ) ;
#719 = VERTEX_POINT ( 'NONE', #4204 ) ;
#720 = ORIENTED_EDGE ( 'NONE', *, *, #613, .T. ) ;
#721 = ORIENTED_EDGE ( 'NONE', *, *, #677, .T. ) ;
#722 = ADVANCED_FACE ( 'NONE', ( #4203 ), #4242, .F. ) ;
#723 = EDGE_LOOP ( 'NONE', ( #724, #725, #726, #727 ) ) ;
#724 = ORIENTED_EDGE ( 'NONE', *, *, #1974, .F. ) ;
#725 = ORIENTED_EDGE ( 'NONE', *, *, #655, .T. ) ;
#726 = ORIENTED_EDGE ( 'NONE', *, *, #672, .F. ) ;
#727 = ORIENTED_EDGE ( 'NONE', *, *, #662, .F. ) ;
#728 = ADVANCED_FACE ( 'NONE', ( #4236 ), #4273, .F. ) ;
#729 = EDGE_LOOP ( 'NONE', ( #730, #706, #707, #710 ) ) ;
#730 = ORIENTED_EDGE ( 'NONE', *, *, #653, .T. ) ;
#731 = EDGE_LOOP ( 'NONE', ( #732, #734, #788, #790 ) ) ;
#732 = ORIENTED_EDGE ( 'NONE', *, *, #733, .T. ) ;
#733 = EDGE_CURVE ( 'NONE', #743, #1925, #4267, .T. ) ;
#734 = ORIENTED_EDGE ( 'NONE', *, *, #1924, .T. ) ;
#735 = ORIENTED_EDGE ( 'NONE', *, *, #752, .T. ) ;
#736 = ADVANCED_FACE ( 'NONE', ( #4263 ), #4304, .F. ) ;
#737 = ORIENTED_EDGE ( 'NONE', *, *, #738, .T. ) ;
#738 = EDGE_CURVE ( 'NONE', #739, #740, #4299, .T. ) ;
#739 = VERTEX_POINT ( 'NONE', #4295 ) ;
#740 = VERTEX_POINT ( 'NONE', #4294 ) ;
#741 = ORIENTED_EDGE ( 'NONE', *, *, #742, .F. ) ;
#742 = EDGE_CURVE ( 'NONE', #743, #740, #4293, .T. ) ;
#743 = VERTEX_POINT ( 'NONE', #4289 ) ;
#744 = ORIENTED_EDGE ( 'NONE', *, *, #745, .F. ) ;
#745 = EDGE_CURVE ( 'NONE', #746, #743, #4288, .T. ) ;
#746 = VERTEX_POINT ( 'NONE', #4284 ) ;
#747 = ORIENTED_EDGE ( 'NONE', *, *, #748, .T. ) ;
#748 = EDGE_CURVE ( 'NONE', #746, #739, #4282, .T. ) ;
#749 = ADVANCED_FACE ( 'NONE', ( #4278 ), #4324, .F. ) ;
#750 = ORIENTED_EDGE ( 'NONE', *, *, #771, .T. ) ;
#751 = ORIENTED_EDGE ( 'NONE', *, *, #752, .F. ) ;
#752 = EDGE_CURVE ( 'NONE', #703, #769, #4318, .T. ) ;
#753 = ORIENTED_EDGE ( 'NONE', *, *, #702, .F. ) ;
#754 = ORIENTED_EDGE ( 'NONE', *, *, #695, .T. ) ;
#755 = ADVANCED_FACE ( 'NONE', ( #4314 ), #4356, .F. ) ;
#756 = EDGE_LOOP ( 'NONE', ( #757, #758, #759, #735 ) ) ;
#757 = ORIENTED_EDGE ( 'NONE', *, *, #768, .T. ) ;
#758 = ORIENTED_EDGE ( 'NONE', *, *, #711, .F. ) ;
#759 = ORIENTED_EDGE ( 'NONE', *, *, #705, .F. ) ;
#760 = EDGE_LOOP ( 'NONE', ( #737, #741, #744, #747 ) ) ;
#761 = ORIENTED_EDGE ( 'NONE', *, *, #708, .T. ) ;
#762 = ADVANCED_FACE ( 'NONE', ( #4350 ), #4389, .F. ) ;
#763 = EDGE_LOOP ( 'NONE', ( #764, #765, #766, #767, #770, #772 ) ) ;
#764 = ORIENTED_EDGE ( 'NONE', *, *, #1204, .T. ) ;
#765 = ORIENTED_EDGE ( 'NONE', *, *, #1607, .T. ) ;
#766 = ORIENTED_EDGE ( 'NONE', *, *, #653, .F. ) ;
#767 = ORIENTED_EDGE ( 'NONE', *, *, #768, .F. ) ;
#768 = EDGE_CURVE ( 'NONE', #769, #1056, #4384, .T. ) ;
#769 = VERTEX_POINT ( 'NONE', #4380 ) ;
#770 = ORIENTED_EDGE ( 'NONE', *, *, #771, .F. ) ;
#771 = EDGE_CURVE ( 'NONE', #719, #769, #4378, .T. ) ;
#772 = ORIENTED_EDGE ( 'NONE', *, *, #693, .F. ) ;
#773 = ADVANCED_FACE ( 'NONE', ( #4374 ), #4412, .T. ) ;
#774 = EDGE_LOOP ( 'NONE', ( #827, #828, #829, #830, #833, #835 ) ) ;
#775 = ORIENTED_EDGE ( 'NONE', *, *, #807, .T. ) ;
#776 = ORIENTED_EDGE ( 'NONE', *, *, #748, .F. ) ;
#777 = ORIENTED_EDGE ( 'NONE', *, *, #789, .F. ) ;
#778 = ADVANCED_FACE ( 'NONE', ( #4406 ), #4448, .F. ) ;
#779 = EDGE_LOOP ( 'NONE', ( #780, #783, #784, #787 ) ) ;
#780 = ORIENTED_EDGE ( 'NONE', *, *, #781, .T. ) ;
#781 = EDGE_CURVE ( 'NONE', #782, #1617, #4443, .T. ) ;
#782 = VERTEX_POINT ( 'NONE', #4439 ) ;
#783 = ORIENTED_EDGE ( 'NONE', *, *, #1616, .T. ) ;
#784 = ORIENTED_EDGE ( 'NONE', *, *, #785, .F. ) ;
#785 = EDGE_CURVE ( 'NONE', #786, #1614, #4438, .T. ) ;
#786 = VERTEX_POINT ( 'NONE', #4434 ) ;
#787 = ORIENTED_EDGE ( 'NONE', *, *, #839, .T. ) ;
#788 = ORIENTED_EDGE ( 'NONE', *, *, #789, .T. ) ;
#789 = EDGE_CURVE ( 'NONE', #1926, #746, #4432, .T. ) ;
#790 = ORIENTED_EDGE ( 'NONE', *, *, #745, .T. ) ;
#791 = ADVANCED_FACE ( 'NONE', ( #4428 ), #4470, .F. ) ;
#792 = EDGE_LOOP ( 'NONE', ( #793, #794, #795, #796 ) ) ;
#793 = ORIENTED_EDGE ( 'NONE', *, *, #1986, .F. ) ;
#794 = ORIENTED_EDGE ( 'NONE', *, *, #733, .F. ) ;
#795 = ORIENTED_EDGE ( 'NONE', *, *, #742, .T. ) ;
#796 = ORIENTED_EDGE ( 'NONE', *, *, #804, .T. ) ;
#797 = ADVANCED_FACE ( 'NONE', ( #4464 ), #4449, .F. ) ;
#798 = EDGE_LOOP ( 'NONE', ( #799, #775, #776, #777 ) ) ;
#799 = ORIENTED_EDGE ( 'NONE', *, *, #1992, .F. ) ;
#800 = ADVANCED_FACE ( 'NONE', ( #4496 ), #4481, .F. ) ;
#801 = EDGE_LOOP ( 'NONE', ( #802, #803, #805, #806 ) ) ;
#802 = ORIENTED_EDGE ( 'NONE', *, *, #1989, .F. ) ;
#803 = ORIENTED_EDGE ( 'NONE', *, *, #804, .F. ) ;
#804 = EDGE_CURVE ( 'NONE', #740, #1987, #4476, .T. ) ;
#805 = ORIENTED_EDGE ( 'NONE', *, *, #738, .F. ) ;
#806 = ORIENTED_EDGE ( 'NONE', *, *, #807, .F. ) ;
#807 = EDGE_CURVE ( 'NONE', #1990, #739, #4526, .T. ) ;
#808 = ADVANCED_FACE ( 'NONE', ( #4522 ), #4507, .T. ) ;
#809 = EDGE_LOOP ( 'NONE', ( #810, #865, #868, #871 ) ) ;
#810 = ORIENTED_EDGE ( 'NONE', *, *, #811, .T. ) ;
#811 = EDGE_CURVE ( 'NONE', #812, #813, #4502, .T. ) ;
#812 = VERTEX_POINT ( 'NONE', #4554 ) ;
#813 = VERTEX_POINT ( 'NONE', #4553 ) ;
#814 = ORIENTED_EDGE ( 'NONE', *, *, #1574, .T. ) ;
#815 = ORIENTED_EDGE ( 'NONE', *, *, #781, .F. ) ;
#816 = ORIENTED_EDGE ( 'NONE', *, *, #817, .F. ) ;
#817 = EDGE_CURVE ( 'NONE', #818, #782, #4552, .T. ) ;
#818 = VERTEX_POINT ( 'NONE', #4548 ) ;
#819 = ORIENTED_EDGE ( 'NONE', *, *, #820, .F. ) ;
#820 = EDGE_CURVE ( 'NONE', #848, #818, #4546, .T. ) ;
#821 = ORIENTED_EDGE ( 'NONE', *, *, #847, .F. ) ;
#822 = ADVANCED_FACE ( 'NONE', ( #4542 ), #4589, .F. ) ;
#823 = EDGE_LOOP ( 'NONE', ( #824, #825, #879, #880 ) ) ;
#824 = ORIENTED_EDGE ( 'NONE', *, *, #820, .T. ) ;
#825 = ORIENTED_EDGE ( 'NONE', *, *, #826, .F. ) ;
#826 = EDGE_CURVE ( 'NONE', #832, #818, #4584, .T. ) ;
#827 = ORIENTED_EDGE ( 'NONE', *, *, #1613, .F. ) ;
#828 = ORIENTED_EDGE ( 'NONE', *, *, #1201, .F. ) ;
#829 = ORIENTED_EDGE ( 'NONE', *, *, #843, .T. ) ;
#830 = ORIENTED_EDGE ( 'NONE', *, *, #831, .T. ) ;
#831 = EDGE_CURVE ( 'NONE', #844, #832, #4580, .T. ) ;
#832 = VERTEX_POINT ( 'NONE', #4576 ) ;
#833 = ORIENTED_EDGE ( 'NONE', *, *, #834, .T. ) ;
#834 = EDGE_CURVE ( 'NONE', #832, #786, #4574, .T. ) ;
#835 = ORIENTED_EDGE ( 'NONE', *, *, #785, .T. ) ;
#836 = ADVANCED_FACE ( 'NONE', ( #4570 ), #4613, .F. ) ;
#837 = EDGE_LOOP ( 'NONE', ( #838, #814, #815, #816, #819, #821 ) ) ;
#838 = ORIENTED_EDGE ( 'NONE', *, *, #1209, .T. ) ;
#839 = EDGE_CURVE ( 'NONE', #786, #782, #4607, .T. ) ;
#840 = ADVANCED_FACE ( 'NONE', ( #4603 ), #4647, .F. ) ;
#841 = EDGE_LOOP ( 'NONE', ( #842, #845, #846, #849 ) ) ;
#842 = ORIENTED_EDGE ( 'NONE', *, *, #843, .F. ) ;
#843 = EDGE_CURVE ( 'NONE', #1207, #844, #4642, .T. ) ;
#844 = VERTEX_POINT ( 'NONE', #4638 ) ;
#845 = ORIENTED_EDGE ( 'NONE', *, *, #1208, .T. ) ;
#846 = ORIENTED_EDGE ( 'NONE', *, *, #847, .T. ) ;
#847 = EDGE_CURVE ( 'NONE', #1210, #848, #4637, .T. ) ;
#848 = VERTEX_POINT ( 'NONE', #4633 ) ;
#849 = ORIENTED_EDGE ( 'NONE', *, *, #850, .F. ) ;
#850 = EDGE_CURVE ( 'NONE', #844, #848, #4631, .T. ) ;
#851 = ADVANCED_FACE ( 'NONE', ( #4627 ), #4672, .F. ) ;
#852 = EDGE_LOOP ( 'NONE', ( #906, #909, #910, #913 ) ) ;
#853 = ORIENTED_EDGE ( 'NONE', *, *, #854, .F. ) ;
#854 = EDGE_CURVE ( 'NONE', #1919, #812, #4666, .T. ) ;
#855 = ADVANCED_FACE ( 'NONE', ( #4662 ), #4703, .T. ) ;
#856 = EDGE_LOOP ( 'NONE', ( #857, #859, #860, #862 ) ) ;
#857 = ORIENTED_EDGE ( 'NONE', *, *, #858, .T. ) ;
#858 = EDGE_CURVE ( 'NONE', #867, #1938, #4698, .T. ) ;
#859 = ORIENTED_EDGE ( 'NONE', *, *, #1937, .T. ) ;
#860 = ORIENTED_EDGE ( 'NONE', *, *, #861, .T. ) ;
#861 = EDGE_CURVE ( 'NONE', #2001, #870, #4693, .T. ) ;
#862 = ORIENTED_EDGE ( 'NONE', *, *, #869, .T. ) ;
#863 = ADVANCED_FACE ( 'NONE', ( #4689 ), #4735, .F. ) ;
#864 = EDGE_LOOP ( 'NONE', ( #921, #922, #923, #924 ) ) ;
#865 = ORIENTED_EDGE ( 'NONE', *, *, #866, .F. ) ;
#866 = EDGE_CURVE ( 'NONE', #867, #813, #4730, .T. ) ;
#867 = VERTEX_POINT ( 'NONE', #4726 ) ;
#868 = ORIENTED_EDGE ( 'NONE', *, *, #869, .F. ) ;
#869 = EDGE_CURVE ( 'NONE', #870, #867, #4725, .T. ) ;
#870 = VERTEX_POINT ( 'NONE', #4721 ) ;
#871 = ORIENTED_EDGE ( 'NONE', *, *, #872, .T. ) ;
#872 = EDGE_CURVE ( 'NONE', #870, #812, #4719, .T. ) ;
#873 = ADVANCED_FACE ( 'NONE', ( #4715 ), #4758, .F. ) ;
#874 = EDGE_LOOP ( 'NONE', ( #875, #876, #878, #853 ) ) ;
#875 = ORIENTED_EDGE ( 'NONE', *, *, #1918, .F. ) ;
#876 = ORIENTED_EDGE ( 'NONE', *, *, #877, .F. ) ;
#877 = EDGE_CURVE ( 'NONE', #813, #2004, #4752, .T. ) ;
#878 = ORIENTED_EDGE ( 'NONE', *, *, #811, .F. ) ;
#879 = ORIENTED_EDGE ( 'NONE', *, *, #831, .F. ) ;
#880 = ORIENTED_EDGE ( 'NONE', *, *, #850, .T. ) ;
#881 = ADVANCED_FACE ( 'NONE', ( #4748 ), #4783, .F. ) ;
#882 = EDGE_LOOP ( 'NONE', ( #883, #884, #885, #886 ) ) ;
#883 = ORIENTED_EDGE ( 'NONE', *, *, #817, .T. ) ;
#884 = ORIENTED_EDGE ( 'NONE', *, *, #839, .F. ) ;
#885 = ORIENTED_EDGE ( 'NONE', *, *, #834, .F. ) ;
#886 = ORIENTED_EDGE ( 'NONE', *, *, #826, .T. ) ;
#887 = ADVANCED_FACE ( 'NONE', ( #4777 ), #4821, .F. ) ;
#888 = ORIENTED_EDGE ( 'NONE', *, *, #889, .F. ) ;
#889 = EDGE_CURVE ( 'NONE', #890, #908, #4816, .T. ) ;
#890 = VERTEX_POINT ( 'NONE', #4812 ) ;
#891 = ORIENTED_EDGE ( 'NONE', *, *, #892, .F. ) ;
#892 = EDGE_CURVE ( 'NONE', #895, #890, #4811, .T. ) ;
#893 = ORIENTED_EDGE ( 'NONE', *, *, #894, .T. ) ;
#894 = EDGE_CURVE ( 'NONE', #1059, #895, #4807, .T. ) ;
#895 = VERTEX_POINT ( 'NONE', #4803 ) ;
#896 = ORIENTED_EDGE ( 'NONE', *, *, #897, .F. ) ;
#897 = EDGE_CURVE ( 'NONE', #919, #895, #4801, .T. ) ;
#898 = ADVANCED_FACE ( 'NONE', ( #4797 ), #4841, .T. ) ;
#899 = EDGE_LOOP ( 'NONE', ( #900, #901, #902, #903, #960, #962 ) ) ;
#900 = ORIENTED_EDGE ( 'NONE', *, *, #1520, .F. ) ;
#901 = ORIENTED_EDGE ( 'NONE', *, *, #1213, .F. ) ;
#902 = ORIENTED_EDGE ( 'NONE', *, *, #918, .T. ) ;
#903 = ORIENTED_EDGE ( 'NONE', *, *, #904, .T. ) ;
#904 = EDGE_CURVE ( 'NONE', #919, #905, #4836, .T. ) ;
#905 = VERTEX_POINT ( 'NONE', #4832 ) ;
#906 = ORIENTED_EDGE ( 'NONE', *, *, #907, .T. ) ;
#907 = EDGE_CURVE ( 'NONE', #908, #1524, #4831, .T. ) ;
#908 = VERTEX_POINT ( 'NONE', #4827 ) ;
#909 = ORIENTED_EDGE ( 'NONE', *, *, #1523, .T. ) ;
#910 = ORIENTED_EDGE ( 'NONE', *, *, #911, .F. ) ;
#911 = EDGE_CURVE ( 'NONE', #912, #1521, #4826, .T. ) ;
#912 = VERTEX_POINT ( 'NONE', #4822 ) ;
#913 = ORIENTED_EDGE ( 'NONE', *, *, #914, .T. ) ;
#914 = EDGE_CURVE ( 'NONE', #912, #908, #4871, .T. ) ;
#915 = ADVANCED_FACE ( 'NONE', ( #4867 ), #4852, .F. ) ;
#916 = EDGE_LOOP ( 'NONE', ( #917, #920, #893, #896 ) ) ;
#917 = ORIENTED_EDGE ( 'NONE', *, *, #918, .F. ) ;
#918 = EDGE_CURVE ( 'NONE', #1217, #919, #4846, .T. ) ;
#919 = VERTEX_POINT ( 'NONE', #4899 ) ;
#920 = ORIENTED_EDGE ( 'NONE', *, *, #1216, .T. ) ;
#921 = ORIENTED_EDGE ( 'NONE', *, *, #2003, .F. ) ;
#922 = ORIENTED_EDGE ( 'NONE', *, *, #858, .F. ) ;
#923 = ORIENTED_EDGE ( 'NONE', *, *, #866, .T. ) ;
#924 = ORIENTED_EDGE ( 'NONE', *, *, #877, .T. ) ;
#925 = ADVANCED_FACE ( 'NONE', ( #4898 ), #4882, .F. ) ;
#926 = EDGE_LOOP ( 'NONE', ( #927, #928, #929, #930 ) ) ;
#927 = ORIENTED_EDGE ( 'NONE', *, *, #1921, .F. ) ;
#928 = ORIENTED_EDGE ( 'NONE', *, *, #854, .T. ) ;
#929 = ORIENTED_EDGE ( 'NONE', *, *, #872, .F. ) ;
#930 = ORIENTED_EDGE ( 'NONE', *, *, #861, .F. ) ;
#931 = EDGE_CURVE ( 'NONE', #2073, #1681, #4876, .T. ) ;
#932 = ORIENTED_EDGE ( 'NONE', *, *, #1747, .T. ) ;
#933 = ORIENTED_EDGE ( 'NONE', *, *, #1887, .F. ) ;
#934 = ADVANCED_FACE ( 'NONE', ( #4937 ), #4877, .F. ) ;
#935 = EDGE_LOOP ( 'NONE', ( #988, #989, #990, #991 ) ) ;
#936 = ORIENTED_EDGE ( 'NONE', *, *, #961, .F. ) ;
#937 = ORIENTED_EDGE ( 'NONE', *, *, #953, .T. ) ;
#938 = ADVANCED_FACE ( 'NONE', ( #4932 ), #4931, .F. ) ;
#939 = EDGE_LOOP ( 'NONE', ( #940, #941, #943, #944 ) ) ;
#940 = ORIENTED_EDGE ( 'NONE', *, *, #2075, .T. ) ;
#941 = ORIENTED_EDGE ( 'NONE', *, *, #942, .T. ) ;
#942 = EDGE_CURVE ( 'NONE', #2011, #1720, #4926, .T. ) ;
#943 = ORIENTED_EDGE ( 'NONE', *, *, #1719, .T. ) ;
#944 = ORIENTED_EDGE ( 'NONE', *, *, #1336, .F. ) ;
#945 = ADVANCED_FACE ( 'NONE', ( #4922 ), #4921, .F. ) ;
#946 = EDGE_LOOP ( 'NONE', ( #947, #1000, #1001, #1002 ) ) ;
#947 = ORIENTED_EDGE ( 'NONE', *, *, #2010, .T. ) ;
#948 = ORIENTED_EDGE ( 'NONE', *, *, #894, .F. ) ;
#949 = ADVANCED_FACE ( 'NONE', ( #4915 ), #4961, .F. ) ;
#950 = EDGE_LOOP ( 'NONE', ( #951, #952, #954, #955 ) ) ;
#951 = ORIENTED_EDGE ( 'NONE', *, *, #892, .T. ) ;
#952 = ORIENTED_EDGE ( 'NONE', *, *, #953, .F. ) ;
#953 = EDGE_CURVE ( 'NONE', #905, #890, #4955, .T. ) ;
#954 = ORIENTED_EDGE ( 'NONE', *, *, #904, .F. ) ;
#955 = ORIENTED_EDGE ( 'NONE', *, *, #897, .T. ) ;
#956 = ADVANCED_FACE ( 'NONE', ( #4951 ), #4988, .F. ) ;
#957 = EDGE_LOOP ( 'NONE', ( #958, #959, #936, #937 ) ) ;
#958 = ORIENTED_EDGE ( 'NONE', *, *, #889, .T. ) ;
#959 = ORIENTED_EDGE ( 'NONE', *, *, #914, .F. ) ;
#960 = ORIENTED_EDGE ( 'NONE', *, *, #961, .T. ) ;
#961 = EDGE_CURVE ( 'NONE', #905, #912, #4982, .T. ) ;
#962 = ORIENTED_EDGE ( 'NONE', *, *, #911, .T. ) ;
#963 = ADVANCED_FACE ( 'NONE', ( #4978 ), #5020, .F. ) ;
#964 = EDGE_LOOP ( 'NONE', ( #965, #966, #967, #888, #891, #948 ) ) ;
#965 = ORIENTED_EDGE ( 'NONE', *, *, #1060, .T. ) ;
#966 = ORIENTED_EDGE ( 'NONE', *, *, #1413, .T. ) ;
#967 = ORIENTED_EDGE ( 'NONE', *, *, #907, .F. ) ;
#968 = ORIENTED_EDGE ( 'NONE', *, *, #1733, .T. ) ;
#969 = ORIENTED_EDGE ( 'NONE', *, *, #1042, .F. ) ;
#970 = ORIENTED_EDGE ( 'NONE', *, *, #2063, .F. ) ;
#971 = ORIENTED_EDGE ( 'NONE', *, *, #972, .T. ) ;
#972 = EDGE_CURVE ( 'NONE', #2061, #1734, #5015, .T. ) ;
#973 = ADVANCED_FACE ( 'NONE', ( #5011 ), #5010, .F. ) ;
#974 = EDGE_LOOP ( 'NONE', ( #975, #976, #1029, #1030 ) ) ;
#975 = ORIENTED_EDGE ( 'NONE', *, *, #1736, .T. ) ;
#976 = ORIENTED_EDGE ( 'NONE', *, *, #972, .F. ) ;
#977 = EDGE_LOOP ( 'NONE', ( #978, #979, #980, #981 ) ) ;
#978 = ORIENTED_EDGE ( 'NONE', *, *, #1664, .T. ) ;
#979 = ORIENTED_EDGE ( 'NONE', *, *, #1951, .F. ) ;
#980 = ORIENTED_EDGE ( 'NONE', *, *, #2069, .F. ) ;
#981 = ORIENTED_EDGE ( 'NONE', *, *, #982, .T. ) ;
#982 = EDGE_CURVE ( 'NONE', #2067, #1665, #5005, .T. ) ;
#983 = ADVANCED_FACE ( 'NONE', ( #5001 ), #5000, .F. ) ;
#984 = EDGE_LOOP ( 'NONE', ( #985, #986, #987, #1041 ) ) ;
#985 = ORIENTED_EDGE ( 'NONE', *, *, #1667, .T. ) ;
#986 = ORIENTED_EDGE ( 'NONE', *, *, #982, .F. ) ;
#987 = ORIENTED_EDGE ( 'NONE', *, *, #2066, .F. ) ;
#988 = ORIENTED_EDGE ( 'NONE', *, *, #2072, .T. ) ;
#989 = ORIENTED_EDGE ( 'NONE', *, *, #1954, .T. ) ;
#990 = ORIENTED_EDGE ( 'NONE', *, *, #1749, .T. ) ;
#991 = ORIENTED_EDGE ( 'NONE', *, *, #931, .F. ) ;
#992 = ADVANCED_FACE ( 'NONE', ( #4995 ), #4994, .F. ) ;
#993 = EDGE_LOOP ( 'NONE', ( #994, #995, #997, #998 ) ) ;
#994 = ORIENTED_EDGE ( 'NONE', *, *, #1745, .T. ) ;
#995 = ORIENTED_EDGE ( 'NONE', *, *, #996, .F. ) ;
#996 = EDGE_CURVE ( 'NONE', #2079, #1743, #5056, .T. ) ;
#997 = ORIENTED_EDGE ( 'NONE', *, *, #2078, .F. ) ;
#998 = ORIENTED_EDGE ( 'NONE', *, *, #1323, .T. ) ;
#999 = ADVANCED_FACE ( 'NONE', ( #5052 ), #5051, .F. ) ;
#1000 = ORIENTED_EDGE ( 'NONE', *, *, #1877, .T. ) ;
#1001 = ORIENTED_EDGE ( 'NONE', *, *, #1722, .T. ) ;
#1002 = ORIENTED_EDGE ( 'NONE', *, *, #942, .F. ) ;
#1003 = ADVANCED_FACE ( 'NONE', ( #5046 ), #5045, .F. ) ;
#1004 = EDGE_LOOP ( 'NONE', ( #1005, #1006, #932, #933 ) ) ;
#1005 = ORIENTED_EDGE ( 'NONE', *, *, #2118, .T. ) ;
#1006 = ORIENTED_EDGE ( 'NONE', *, *, #931, .T. ) ;
#1007 = ORIENTED_EDGE ( 'NONE', *, *, #1027, .F. ) ;
#1008 = ORIENTED_EDGE ( 'NONE', *, *, #1147, .F. ) ;
#1009 = ORIENTED_EDGE ( 'NONE', *, *, #1010, .T. ) ;
#1010 = EDGE_CURVE ( 'NONE', #1141, #1714, #5040, .T. ) ;
#1011 = ADVANCED_FACE ( 'NONE', ( #5036 ), #5035, .F. ) ;
#1012 = EDGE_LOOP ( 'NONE', ( #1013, #1014, #1015, #1016 ) ) ;
#1013 = ORIENTED_EDGE ( 'NONE', *, *, #1716, .T. ) ;
#1014 = ORIENTED_EDGE ( 'NONE', *, *, #1010, .F. ) ;
#1015 = ORIENTED_EDGE ( 'NONE', *, *, #1144, .F. ) ;
#1016 = ORIENTED_EDGE ( 'NONE', *, *, #1150, .T. ) ;
#1017 = ORIENTED_EDGE ( 'NONE', *, *, #1742, .T. ) ;
#1018 = ORIENTED_EDGE ( 'NONE', *, *, #1038, .F. ) ;
#1019 = ORIENTED_EDGE ( 'NONE', *, *, #2081, .F. ) ;
#1020 = ORIENTED_EDGE ( 'NONE', *, *, #996, .T. ) ;
#1021 = ADVANCED_FACE ( 'NONE', ( #5030 ), #5029, .F. ) ;
#1022 = EDGE_LOOP ( 'NONE', ( #1023, #1024, #1025, #1026 ) ) ;
#1023 = ORIENTED_EDGE ( 'NONE', *, *, #1710, .T. ) ;
#1024 = ORIENTED_EDGE ( 'NONE', *, *, #1382, .F. ) ;
#1025 = ORIENTED_EDGE ( 'NONE', *, *, #1139, .F. ) ;
#1026 = ORIENTED_EDGE ( 'NONE', *, *, #1027, .T. ) ;
#1027 = EDGE_CURVE ( 'NONE', #1148, #1711, #5024, .T. ) ;
#1028 = ADVANCED_FACE ( 'NONE', ( #5089 ), #5088, .F. ) ;
#1029 = ORIENTED_EDGE ( 'NONE', *, *, #2060, .F. ) ;
#1030 = ORIENTED_EDGE ( 'NONE', *, *, #1031, .T. ) ;
#1031 = EDGE_CURVE ( 'NONE', #2085, #1737, #5083, .T. ) ;
#1032 = ADVANCED_FACE ( 'NONE', ( #5079 ), #5078, .F. ) ;
#1033 = EDGE_LOOP ( 'NONE', ( #1034, #1035, #1036, #1037 ) ) ;
#1034 = ORIENTED_EDGE ( 'NONE', *, *, #1739, .T. ) ;
#1035 = ORIENTED_EDGE ( 'NONE', *, *, #1031, .F. ) ;
#1036 = ORIENTED_EDGE ( 'NONE', *, *, #2084, .F. ) ;
#1037 = ORIENTED_EDGE ( 'NONE', *, *, #1038, .T. ) ;
#1038 = EDGE_CURVE ( 'NONE', #2082, #1740, #5073, .T. ) ;
#1039 = ADVANCED_FACE ( 'NONE', ( #5069 ), #5068, .F. ) ;
#1040 = EDGE_LOOP ( 'NONE', ( #1017, #1018, #1019, #1020 ) ) ;
#1041 = ORIENTED_EDGE ( 'NONE', *, *, #1042, .T. ) ;
#1042 = EDGE_CURVE ( 'NONE', #2064, #1668, #5063, .T. ) ;
#1043 = ADVANCED_FACE ( 'NONE', ( #5059 ), #5058, .F. ) ;
#1044 = EDGE_LOOP ( 'NONE', ( #968, #969, #970, #971 ) ) ;
#1045 = ORIENTED_EDGE ( 'NONE', *, *, #1393, .F. ) ;
#1046 = ORIENTED_EDGE ( 'NONE', *, *, #1050, .T. ) ;
#1047 = EDGE_CURVE ( 'NONE', #1126, #1094, #5117, .T. ) ;
#1048 = VERTEX_POINT ( 'NONE', #5113 ) ;
#1049 = ORIENTED_EDGE ( 'NONE', *, *, #1127, .T. ) ;
#1050 = EDGE_CURVE ( 'NONE', #1048, #1124, #5112, .T. ) ;
#1051 = ORIENTED_EDGE ( 'NONE', *, *, #1123, .F. ) ;
#1052 = ORIENTED_EDGE ( 'NONE', *, *, #1047, .F. ) ;
#1053 = ORIENTED_EDGE ( 'NONE', *, *, #1208, .F. ) ;
#1054 = ORIENTED_EDGE ( 'NONE', *, *, #1201, .T. ) ;
#1055 = ORIENTED_EDGE ( 'NONE', *, *, #1188, .T. ) ;
#1056 = VERTEX_POINT ( 'NONE', #5108 ) ;
#1057 = ORIENTED_EDGE ( 'NONE', *, *, #329, .T. ) ;
#1058 = ORIENTED_EDGE ( 'NONE', *, *, #1184, .F. ) ;
#1059 = VERTEX_POINT ( 'NONE', #5107 ) ;
#1060 = EDGE_CURVE ( 'NONE', #1059, #1525, #5106, .T. ) ;
#1061 = ORIENTED_EDGE ( 'NONE', *, *, #51, .F. ) ;
#1062 = EDGE_CURVE ( 'NONE', #18, #1291, #5102, .T. ) ;
#1063 = CLOSED_SHELL ( 'NONE', ( #851, #963, #1513, #956, #898, #949, #915, #1165, #762, #773, #559, #444, #7234, #1841, #1818, #635, #1915, #1876, #836, #493, #177, #1450, #728, #7218, #1832, #1785, #651, #449, #1860, #526, #1807, #577, #245, #370, #6, #36, #778, #696, #7232, #429, #321, #170, #1852, #1898, #1337, #1307, #301, #232, #7320, #157, #1277, #1756, #1370, #2049, #1540, #188, #7310, #1028, #19, #379, #1011, #1122, #640, #1115, #1086, #1329, #7216, #306, #712, #1021, #2055, #1079, #252, #1066, #1697, #509, #7302, #1360, #840, #1072, #755, #749, #822, #881, #569, #553, #421, #414, #7242, #7269, #1943, #1686, #1622, #89, #1471, #1645, #621, #679, #221, #12, #292, #1775, #1955, #349, #367, #164, #146, #1431, #71, #1289, #1825, #1905, #139, #7294, #1530, #204, #202, #7265, #82, #7276, #129, #135, #40, #48, #1575, #1237, #1934, #992, #1003, #934, #1043, #938, #1039, #973, #945, #999, #1890, #983, #1316, #1032, #54, #264, #342, #605, #656, #791, #109, #800, #334, #272, #855, #808, #101, #546, #863, #873, #389, #475, #797, #458, #589, #664, #260, #401, #595, #7225, #722, #673, #2, #467, #383, #520, #925, #277, #355, #612, #685, #736, #115, #887, #481 ) ) ;
#1064 = ORIENTED_EDGE ( 'NONE', *, *, #1065, .T. ) ;
#1065 = EDGE_CURVE ( 'NONE', #1164, #1694, #5098, .T. ) ;
#1066 = ADVANCED_FACE ( 'NONE', ( #5094 ), #5092, .F. ) ;
#1067 = EDGE_LOOP ( 'NONE', ( #1068, #1069, #1070, #1071 ) ) ;
#1068 = ORIENTED_EDGE ( 'NONE', *, *, #1669, .T. ) ;
#1069 = ORIENTED_EDGE ( 'NONE', *, *, #1065, .F. ) ;
#1070 = ORIENTED_EDGE ( 'NONE', *, *, #1223, .F. ) ;
#1071 = ORIENTED_EDGE ( 'NONE', *, *, #1704, .T. ) ;
#1072 = ADVANCED_FACE ( 'NONE', ( #5153 ), #5152, .F. ) ;
#1073 = EDGE_LOOP ( 'NONE', ( #1074, #1075, #1076, #1077 ) ) ;
#1074 = ORIENTED_EDGE ( 'NONE', *, *, #1690, .T. ) ;
#1075 = ORIENTED_EDGE ( 'NONE', *, *, #1353, .F. ) ;
#1076 = ORIENTED_EDGE ( 'NONE', *, *, #1163, .F. ) ;
#1077 = ORIENTED_EDGE ( 'NONE', *, *, #1078, .T. ) ;
#1078 = EDGE_CURVE ( 'NONE', #1153, #1691, #5147, .T. ) ;
#1079 = ADVANCED_FACE ( 'NONE', ( #5143 ), #5142, .F. ) ;
#1080 = EDGE_LOOP ( 'NONE', ( #1081, #1082, #1083, #1064 ) ) ;
#1081 = ORIENTED_EDGE ( 'NONE', *, *, #1693, .T. ) ;
#1082 = ORIENTED_EDGE ( 'NONE', *, *, #1078, .F. ) ;
#1083 = ORIENTED_EDGE ( 'NONE', *, *, #1159, .F. ) ;
#1084 = EDGE_LOOP ( 'NONE', ( #1085, #1007, #1008, #1009 ) ) ;
#1085 = ORIENTED_EDGE ( 'NONE', *, *, #1713, .T. ) ;
#1086 = ADVANCED_FACE ( 'NONE', ( #5137 ), #5136, .F. ) ;
#1087 = EDGE_LOOP ( 'NONE', ( #1088, #1091, #1168, #1156 ) ) ;
#1088 = ORIENTED_EDGE ( 'NONE', *, *, #1090, .T. ) ;
#1089 = VERTEX_POINT ( 'NONE', #5131 ) ;
#1090 = EDGE_CURVE ( 'NONE', #1092, #1089, #5130, .T. ) ;
#1091 = ORIENTED_EDGE ( 'NONE', *, *, #1150, .F. ) ;
#1092 = VERTEX_POINT ( 'NONE', #5126 ) ;
#1093 = ORIENTED_EDGE ( 'NONE', *, *, #1123, .T. ) ;
#1094 = VERTEX_POINT ( 'NONE', #5125 ) ;
#1095 = EDGE_CURVE ( 'NONE', #1116, #1107, #5124, .T. ) ;
#1096 = EDGE_LOOP ( 'NONE', ( #1102, #1098, #1100, #1169 ) ) ;
#1097 = VERTEX_POINT ( 'NONE', #5186 ) ;
#1098 = ORIENTED_EDGE ( 'NONE', *, *, #1099, .T. ) ;
#1099 = EDGE_CURVE ( 'NONE', #1104, #1097, #5185, .T. ) ;
#1100 = ORIENTED_EDGE ( 'NONE', *, *, #1171, .T. ) ;
#1101 = VERTEX_POINT ( 'NONE', #5181 ) ;
#1102 = ORIENTED_EDGE ( 'NONE', *, *, #1103, .F. ) ;
#1103 = EDGE_CURVE ( 'NONE', #1104, #1101, #5180, .T. ) ;
#1104 = VERTEX_POINT ( 'NONE', #5176 ) ;
#1105 = EDGE_CURVE ( 'NONE', #1094, #1627, #5175, .T. ) ;
#1106 = EDGE_CURVE ( 'NONE', #1111, #1114, #5171, .T. ) ;
#1107 = VERTEX_POINT ( 'NONE', #5167 ) ;
#1108 = ORIENTED_EDGE ( 'NONE', *, *, #1109, .T. ) ;
#1109 = EDGE_CURVE ( 'NONE', #1111, #1107, #5166, .T. ) ;
#1110 = ORIENTED_EDGE ( 'NONE', *, *, #1106, .F. ) ;
#1111 = VERTEX_POINT ( 'NONE', #5162 ) ;
#1112 = ORIENTED_EDGE ( 'NONE', *, *, #1095, .F. ) ;
#1113 = EDGE_LOOP ( 'NONE', ( #1117, #1110, #1108, #1112 ) ) ;
#1114 = VERTEX_POINT ( 'NONE', #5161 ) ;
#1115 = ADVANCED_FACE ( 'NONE', ( #5160, #5159 ), #5158, .F. ) ;
#1116 = VERTEX_POINT ( 'NONE', #5218 ) ;
#1117 = ORIENTED_EDGE ( 'NONE', *, *, #1118, .F. ) ;
#1118 = EDGE_CURVE ( 'NONE', #1114, #1116, #5217, .T. ) ;
#1119 = ORIENTED_EDGE ( 'NONE', *, *, #1120, .T. ) ;
#1120 = EDGE_CURVE ( 'NONE', #1124, #1636, #5213, .T. ) ;
#1121 = ORIENTED_EDGE ( 'NONE', *, *, #1637, .F. ) ;
#1122 = ADVANCED_FACE ( 'NONE', ( #5209 ), #5208, .F. ) ;
#1123 = EDGE_CURVE ( 'NONE', #1094, #1124, #5203, .T. ) ;
#1124 = VERTEX_POINT ( 'NONE', #5199 ) ;
#1125 = EDGE_LOOP ( 'NONE', ( #1052, #1049, #1046, #1051 ) ) ;
#1126 = VERTEX_POINT ( 'NONE', #5198 ) ;
#1127 = EDGE_CURVE ( 'NONE', #1126, #1048, #5197, .T. ) ;
#1128 = ORIENTED_EDGE ( 'NONE', *, *, #1373, .T. ) ;
#1129 = ORIENTED_EDGE ( 'NONE', *, *, #1219, .T. ) ;
#1130 = EDGE_CURVE ( 'NONE', #1135, #1374, #5193, .T. ) ;
#1131 = EDGE_CURVE ( 'NONE', #1365, #1134, #5187, .T. ) ;
#1132 = ORIENTED_EDGE ( 'NONE', *, *, #1133, .T. ) ;
#1133 = EDGE_CURVE ( 'NONE', #1134, #1135, #5249, .T. ) ;
#1134 = VERTEX_POINT ( 'NONE', #5245 ) ;
#1135 = VERTEX_POINT ( 'NONE', #5244 ) ;
#1136 = ORIENTED_EDGE ( 'NONE', *, *, #1130, .T. ) ;
#1137 = ORIENTED_EDGE ( 'NONE', *, *, #1131, .T. ) ;
#1138 = EDGE_CURVE ( 'NONE', #1114, #1152, #5243, .T. ) ;
#1139 = EDGE_CURVE ( 'NONE', #1148, #1364, #5239, .T. ) ;
#1140 = ORIENTED_EDGE ( 'NONE', *, *, #1363, .T. ) ;
#1141 = VERTEX_POINT ( 'NONE', #5235 ) ;
#1142 = ORIENTED_EDGE ( 'NONE', *, *, #1151, .T. ) ;
#1143 = ORIENTED_EDGE ( 'NONE', *, *, #1144, .T. ) ;
#1144 = EDGE_CURVE ( 'NONE', #1157, #1141, #5234, .T. ) ;
#1145 = ORIENTED_EDGE ( 'NONE', *, *, #1139, .T. ) ;
#1146 = ORIENTED_EDGE ( 'NONE', *, *, #1147, .T. ) ;
#1147 = EDGE_CURVE ( 'NONE', #1141, #1148, #5230, .T. ) ;
#1148 = VERTEX_POINT ( 'NONE', #5226 ) ;
#1149 = ORIENTED_EDGE ( 'NONE', *, *, #1138, .T. ) ;
#1150 = EDGE_CURVE ( 'NONE', #1157, #1089, #5225, .T. ) ;
#1151 = EDGE_CURVE ( 'NONE', #1152, #1157, #5221, .T. ) ;
#1152 = VERTEX_POINT ( 'NONE', #5281 ) ;
#1153 = VERTEX_POINT ( 'NONE', #5280 ) ;
#1154 = EDGE_CURVE ( 'NONE', #1152, #1092, #5279, .T. ) ;
#1155 = ORIENTED_EDGE ( 'NONE', *, *, #1106, .T. ) ;
#1156 = ORIENTED_EDGE ( 'NONE', *, *, #1154, .T. ) ;
#1157 = VERTEX_POINT ( 'NONE', #5275 ) ;
#1158 = ORIENTED_EDGE ( 'NONE', *, *, #1159, .T. ) ;
#1159 = EDGE_CURVE ( 'NONE', #1164, #1153, #5274, .T. ) ;
#1160 = ORIENTED_EDGE ( 'NONE', *, *, #1332, .T. ) ;
#1161 = ORIENTED_EDGE ( 'NONE', *, *, #1167, .T. ) ;
#1162 = ORIENTED_EDGE ( 'NONE', *, *, #1163, .T. ) ;
#1163 = EDGE_CURVE ( 'NONE', #1153, #1333, #5270, .T. ) ;
#1164 = VERTEX_POINT ( 'NONE', #5266 ) ;
#1165 = ADVANCED_FACE ( 'NONE', ( #5265 ), #5264, .F. ) ;
#1166 = EDGE_LOOP ( 'NONE', ( #1158, #1162, #1160, #1161, #1155, #1149, #1142, #1143, #1146, #1145, #1140, #1137, #1132, #1136, #1128, #1129, #1218, #1220, #1211, #1212, #1214, #1215, #1053, #1054, #1195, #1206, #1205, #1197, #1199, #1196, #1193, #1055, #1187, #1189, #1058, #1250, #1247, #1175, #1178, #1239, #1242, #1244, #1248, #1252, #1254, #1255, #1258, #1261, #1263, #1265, #1173, #1174, #1182, #1179, #1230, #1222 ) ) ;
#1167 = EDGE_CURVE ( 'NONE', #1334, #1111, #5259, .T. ) ;
#1168 = ORIENTED_EDGE ( 'NONE', *, *, #1151, .F. ) ;
#1169 = ORIENTED_EDGE ( 'NONE', *, *, #1170, .F. ) ;
#1170 = EDGE_CURVE ( 'NONE', #1101, #1172, #5254, .T. ) ;
#1171 = EDGE_CURVE ( 'NONE', #1097, #1172, #5255, .T. ) ;
#1172 = VERTEX_POINT ( 'NONE', #5311 ) ;
#1173 = ORIENTED_EDGE ( 'NONE', *, *, #1127, .F. ) ;
#1174 = ORIENTED_EDGE ( 'NONE', *, *, #1180, .F. ) ;
#1175 = ORIENTED_EDGE ( 'NONE', *, *, #1176, .F. ) ;
#1176 = EDGE_CURVE ( 'NONE', #1240, #1659, #5310, .T. ) ;
#1177 = VERTEX_POINT ( 'NONE', #5306 ) ;
#1178 = ORIENTED_EDGE ( 'NONE', *, *, #1238, .F. ) ;
#1179 = ORIENTED_EDGE ( 'NONE', *, *, #1644, .F. ) ;
#1180 = EDGE_CURVE ( 'NONE', #1181, #1126, #5305, .T. ) ;
#1181 = VERTEX_POINT ( 'NONE', #5301 ) ;
#1182 = ORIENTED_EDGE ( 'NONE', *, *, #1183, .T. ) ;
#1183 = EDGE_CURVE ( 'NONE', #1181, #1639, #5300, .T. ) ;
#1184 = EDGE_CURVE ( 'NONE', #1264, #1186, #5296, .T. ) ;
#1185 = EDGE_CURVE ( 'NONE', #1186, #1599, #5292, .T. ) ;
#1186 = VERTEX_POINT ( 'NONE', #5288 ) ;
#1187 = ORIENTED_EDGE ( 'NONE', *, *, #1601, .F. ) ;
#1188 = EDGE_CURVE ( 'NONE', #1192, #1602, #5287, .T. ) ;
#1189 = ORIENTED_EDGE ( 'NONE', *, *, #1185, .F. ) ;
#1190 = EDGE_CURVE ( 'NONE', #1191, #1489, #5344, .T. ) ;
#1191 = VERTEX_POINT ( 'NONE', #5340 ) ;
#1192 = VERTEX_POINT ( 'NONE', #5339 ) ;
#1193 = ORIENTED_EDGE ( 'NONE', *, *, #1194, .F. ) ;
#1194 = EDGE_CURVE ( 'NONE', #1192, #1191, #5338, .T. ) ;
#1195 = ORIENTED_EDGE ( 'NONE', *, *, #1610, .F. ) ;
#1196 = ORIENTED_EDGE ( 'NONE', *, *, #1190, .F. ) ;
#1197 = ORIENTED_EDGE ( 'NONE', *, *, #1198, .T. ) ;
#1198 = EDGE_CURVE ( 'NONE', #1203, #1492, #5334, .T. ) ;
#1199 = ORIENTED_EDGE ( 'NONE', *, *, #1491, .F. ) ;
#1200 = EDGE_CURVE ( 'NONE', #1203, #1202, #5330, .T. ) ;
#1201 = EDGE_CURVE ( 'NONE', #1207, #1611, #5326, .T. ) ;
#1202 = VERTEX_POINT ( 'NONE', #5322 ) ;
#1203 = VERTEX_POINT ( 'NONE', #5321 ) ;
#1204 = EDGE_CURVE ( 'NONE', #1202, #1608, #5320, .T. ) ;
#1205 = ORIENTED_EDGE ( 'NONE', *, *, #1200, .F. ) ;
#1206 = ORIENTED_EDGE ( 'NONE', *, *, #1204, .F. ) ;
#1207 = VERTEX_POINT ( 'NONE', #5316 ) ;
#1208 = EDGE_CURVE ( 'NONE', #1207, #1210, #5315, .T. ) ;
#1209 = EDGE_CURVE ( 'NONE', #1210, #1517, #5375, .T. ) ;
#1210 = VERTEX_POINT ( 'NONE', #5371 ) ;
#1211 = ORIENTED_EDGE ( 'NONE', *, *, #1216, .F. ) ;
#1212 = ORIENTED_EDGE ( 'NONE', *, *, #1213, .T. ) ;
#1213 = EDGE_CURVE ( 'NONE', #1217, #1518, #5370, .T. ) ;
#1214 = ORIENTED_EDGE ( 'NONE', *, *, #1516, .F. ) ;
#1215 = ORIENTED_EDGE ( 'NONE', *, *, #1209, .F. ) ;
#1216 = EDGE_CURVE ( 'NONE', #1217, #1059, #5366, .T. ) ;
#1217 = VERTEX_POINT ( 'NONE', #5362 ) ;
#1218 = ORIENTED_EDGE ( 'NONE', *, *, #1415, .F. ) ;
#1219 = EDGE_CURVE ( 'NONE', #1375, #1416, #5361, .T. ) ;
#1220 = ORIENTED_EDGE ( 'NONE', *, *, #1060, .F. ) ;
#1221 = EDGE_LOOP ( 'NONE', ( #1306, #1224, #1225, #1226, #1227, #1229, #1295, #1302, #1292, #1293 ) ) ;
#1222 = ORIENTED_EDGE ( 'NONE', *, *, #1223, .T. ) ;
#1223 = EDGE_CURVE ( 'NONE', #1232, #1164, #5357, .T. ) ;
#1224 = ORIENTED_EDGE ( 'NONE', *, *, #1284, .T. ) ;
#1225 = ORIENTED_EDGE ( 'NONE', *, *, #1281, .T. ) ;
#1226 = ORIENTED_EDGE ( 'NONE', *, *, #1369, .T. ) ;
#1227 = ORIENTED_EDGE ( 'NONE', *, *, #1228, .T. ) ;
#1228 = EDGE_CURVE ( 'NONE', #1367, #1389, #5353, .T. ) ;
#1229 = ORIENTED_EDGE ( 'NONE', *, *, #1388, .F. ) ;
#1230 = ORIENTED_EDGE ( 'NONE', *, *, #1231, .T. ) ;
#1231 = EDGE_CURVE ( 'NONE', #1642, #1232, #5348, .T. ) ;
#1232 = VERTEX_POINT ( 'NONE', #5409 ) ;
#1233 = EDGE_CURVE ( 'NONE', #1234, #1386, #5408, .T. ) ;
#1234 = VERTEX_POINT ( 'NONE', #5404 ) ;
#1235 = EDGE_CURVE ( 'NONE', #1419, #1300, #5403, .T. ) ;
#1236 = ORIENTED_EDGE ( 'NONE', *, *, #1297, .F. ) ;
#1237 = ADVANCED_FACE ( 'NONE', ( #5399 ), #5398, .F. ) ;
#1238 = EDGE_CURVE ( 'NONE', #1177, #1240, #5393, .T. ) ;
#1239 = ORIENTED_EDGE ( 'NONE', *, *, #1241, .T. ) ;
#1240 = VERTEX_POINT ( 'NONE', #5389 ) ;
#1241 = EDGE_CURVE ( 'NONE', #1177, #1650, #5388, .T. ) ;
#1242 = ORIENTED_EDGE ( 'NONE', *, *, #1649, .F. ) ;
#1243 = VERTEX_POINT ( 'NONE', #5384 ) ;
#1244 = ORIENTED_EDGE ( 'NONE', *, *, #1245, .F. ) ;
#1245 = EDGE_CURVE ( 'NONE', #1243, #1570, #5383, .T. ) ;
#1246 = VERTEX_POINT ( 'NONE', #5379 ) ;
#1247 = ORIENTED_EDGE ( 'NONE', *, *, #1590, .F. ) ;
#1248 = ORIENTED_EDGE ( 'NONE', *, *, #1249, .F. ) ;
#1249 = EDGE_CURVE ( 'NONE', #1246, #1243, #5441, .T. ) ;
#1250 = ORIENTED_EDGE ( 'NONE', *, *, #1251, .T. ) ;
#1251 = EDGE_CURVE ( 'NONE', #1264, #1660, #5437, .T. ) ;
#1252 = ORIENTED_EDGE ( 'NONE', *, *, #1253, .T. ) ;
#1253 = EDGE_CURVE ( 'NONE', #1246, #1561, #5433, .T. ) ;
#1254 = ORIENTED_EDGE ( 'NONE', *, *, #1560, .F. ) ;
#1255 = ORIENTED_EDGE ( 'NONE', *, *, #1256, .F. ) ;
#1256 = EDGE_CURVE ( 'NONE', #1257, #1558, #5429, .T. ) ;
#1257 = VERTEX_POINT ( 'NONE', #5425 ) ;
#1258 = ORIENTED_EDGE ( 'NONE', *, *, #1259, .F. ) ;
#1259 = EDGE_CURVE ( 'NONE', #1260, #1257, #5424, .T. ) ;
#1260 = VERTEX_POINT ( 'NONE', #5420 ) ;
#1261 = ORIENTED_EDGE ( 'NONE', *, *, #1262, .T. ) ;
#1262 = EDGE_CURVE ( 'NONE', #1260, #1549, #5419, .T. ) ;
#1263 = ORIENTED_EDGE ( 'NONE', *, *, #1548, .F. ) ;
#1264 = VERTEX_POINT ( 'NONE', #5415 ) ;
#1265 = ORIENTED_EDGE ( 'NONE', *, *, #1266, .F. ) ;
#1266 = EDGE_CURVE ( 'NONE', #1048, #1546, #5414, .T. ) ;
#1267 = VERTEX_POINT ( 'NONE', #5410 ) ;
#1268 = ORIENTED_EDGE ( 'NONE', *, *, #1269, .F. ) ;
#1269 = EDGE_CURVE ( 'NONE', #1270, #1267, #5474, .T. ) ;
#1270 = VERTEX_POINT ( 'NONE', #5470 ) ;
#1271 = EDGE_CURVE ( 'NONE', #1346, #1272, #5469, .T. ) ;
#1272 = VERTEX_POINT ( 'NONE', #5465 ) ;
#1273 = ORIENTED_EDGE ( 'NONE', *, *, #1274, .T. ) ;
#1274 = EDGE_CURVE ( 'NONE', #1346, #1275, #5464, .T. ) ;
#1275 = VERTEX_POINT ( 'NONE', #5460 ) ;
#1276 = ORIENTED_EDGE ( 'NONE', *, *, #1271, .F. ) ;
#1277 = ADVANCED_FACE ( 'NONE', ( #5459 ), #5458, .F. ) ;
#1278 = EDGE_LOOP ( 'NONE', ( #1276, #1273, #1347, #1268, #1453, #1509 ) ) ;
#1279 = ORIENTED_EDGE ( 'NONE', *, *, #1626, .F. ) ;
#1280 = ORIENTED_EDGE ( 'NONE', *, *, #1638, .F. ) ;
#1281 = EDGE_CURVE ( 'NONE', #1381, #1436, #5453, .T. ) ;
#1282 = ORIENTED_EDGE ( 'NONE', *, *, #1434, .T. ) ;
#1283 = ORIENTED_EDGE ( 'NONE', *, *, #1281, .F. ) ;
#1284 = EDGE_CURVE ( 'NONE', #1375, #1381, #5449, .T. ) ;
#1285 = EDGE_LOOP ( 'NONE', ( #1286, #1287, #1282, #1283 ) ) ;
#1286 = ORIENTED_EDGE ( 'NONE', *, *, #1380, .F. ) ;
#1287 = ORIENTED_EDGE ( 'NONE', *, *, #1290, .T. ) ;
#1288 = ORIENTED_EDGE ( 'NONE', *, *, #1284, .F. ) ;
#1289 = ADVANCED_FACE ( 'NONE', ( #5445 ), #5444, .T. ) ;
#1290 = EDGE_CURVE ( 'NONE', #1378, #1435, #5504, .T. ) ;
#1291 = VERTEX_POINT ( 'NONE', #5500 ) ;
#1292 = ORIENTED_EDGE ( 'NONE', *, *, #1235, .F. ) ;
#1293 = ORIENTED_EDGE ( 'NONE', *, *, #1418, .F. ) ;
#1294 = EDGE_LOOP ( 'NONE', ( #1236, #1296, #1303, #1696 ) ) ;
#1295 = ORIENTED_EDGE ( 'NONE', *, *, #1233, .F. ) ;
#1296 = ORIENTED_EDGE ( 'NONE', *, *, #1304, .F. ) ;
#1297 = EDGE_CURVE ( 'NONE', #1298, #1392, #5499, .T. ) ;
#1298 = VERTEX_POINT ( 'NONE', #5495 ) ;
#1299 = EDGE_CURVE ( 'NONE', #1300, #1234, #5494, .T. ) ;
#1300 = VERTEX_POINT ( 'NONE', #5490 ) ;
#1301 = EDGE_CURVE ( 'NONE', #1310, #1305, #5489, .T. ) ;
#1302 = ORIENTED_EDGE ( 'NONE', *, *, #1299, .F. ) ;
#1303 = ORIENTED_EDGE ( 'NONE', *, *, #1301, .F. ) ;
#1304 = EDGE_CURVE ( 'NONE', #1305, #1298, #5485, .T. ) ;
#1305 = VERTEX_POINT ( 'NONE', #5481 ) ;
#1306 = ORIENTED_EDGE ( 'NONE', *, *, #1219, .F. ) ;
#1307 = ADVANCED_FACE ( 'NONE', ( #5480 ), #5479, .T. ) ;
#1308 = ORIENTED_EDGE ( 'NONE', *, *, #1309, .T. ) ;
#1309 = EDGE_CURVE ( 'NONE', #1392, #1310, #5540, .T. ) ;
#1310 = VERTEX_POINT ( 'NONE', #5536 ) ;
#1311 = ORIENTED_EDGE ( 'NONE', *, *, #1312, .T. ) ;
#1312 = EDGE_CURVE ( 'NONE', #1310, #1313, #5535, .T. ) ;
#1313 = VERTEX_POINT ( 'NONE', #5531 ) ;
#1314 = ORIENTED_EDGE ( 'NONE', *, *, #1315, .T. ) ;
#1315 = EDGE_CURVE ( 'NONE', #1313, #1365, #5530, .T. ) ;
#1316 = ADVANCED_FACE ( 'NONE', ( #5526 ), #5525, .F. ) ;
#1317 = EDGE_LOOP ( 'NONE', ( #1318, #1322, #1325, #1335 ) ) ;
#1318 = ORIENTED_EDGE ( 'NONE', *, *, #1319, .F. ) ;
#1319 = EDGE_CURVE ( 'NONE', #1320, #1321, #5520, .T. ) ;
#1320 = VERTEX_POINT ( 'NONE', #5516 ) ;
#1321 = VERTEX_POINT ( 'NONE', #5515 ) ;
#1322 = ORIENTED_EDGE ( 'NONE', *, *, #1323, .F. ) ;
#1323 = EDGE_CURVE ( 'NONE', #1324, #1320, #5514, .T. ) ;
#1324 = VERTEX_POINT ( 'NONE', #5510 ) ;
#1325 = ORIENTED_EDGE ( 'NONE', *, *, #1326, .F. ) ;
#1326 = EDGE_CURVE ( 'NONE', #1327, #1324, #5509, .T. ) ;
#1327 = VERTEX_POINT ( 'NONE', #5568 ) ;
#1328 = MANIFOLD_SOLID_BREP ( 'NONE', #1063 ) ;
#1329 = ADVANCED_FACE ( 'NONE', ( #5552 ), #5551, .F. ) ;
#1330 = EDGE_LOOP ( 'NONE', ( #1331, #1352, #1355, #1358 ) ) ;
#1331 = ORIENTED_EDGE ( 'NONE', *, *, #1332, .F. ) ;
#1332 = EDGE_CURVE ( 'NONE', #1333, #1334, #5546, .T. ) ;
#1333 = VERTEX_POINT ( 'NONE', #5542 ) ;
#1334 = VERTEX_POINT ( 'NONE', #5541 ) ;
#1335 = ORIENTED_EDGE ( 'NONE', *, *, #1336, .T. ) ;
#1336 = EDGE_CURVE ( 'NONE', #1327, #1321, #5600, .T. ) ;
#1337 = ADVANCED_FACE ( 'NONE', ( #5596 ), #5595, .F. ) ;
#1338 = EDGE_LOOP ( 'NONE', ( #1339, #1343, #1426, #1429 ) ) ;
#1339 = ORIENTED_EDGE ( 'NONE', *, *, #1340, .T. ) ;
#1340 = EDGE_CURVE ( 'NONE', #1341, #1342, #5590, .T. ) ;
#1341 = VERTEX_POINT ( 'NONE', #5586 ) ;
#1342 = VERTEX_POINT ( 'NONE', #5585 ) ;
#1343 = ORIENTED_EDGE ( 'NONE', *, *, #1344, .T. ) ;
#1344 = EDGE_CURVE ( 'NONE', #1342, #1345, #5584, .T. ) ;
#1345 = VERTEX_POINT ( 'NONE', #5580 ) ;
#1346 = VERTEX_POINT ( 'NONE', #5579 ) ;
#1347 = ORIENTED_EDGE ( 'NONE', *, *, #1348, .F. ) ;
#1348 = EDGE_CURVE ( 'NONE', #1267, #1275, #5578, .T. ) ;
#1349 = VERTEX_POINT ( 'NONE', #5574 ) ;
#1350 = ORIENTED_EDGE ( 'NONE', *, *, #1351, .T. ) ;
#1351 = EDGE_CURVE ( 'NONE', #1349, #1367, #5573, .T. ) ;
#1352 = ORIENTED_EDGE ( 'NONE', *, *, #1353, .T. ) ;
#1353 = EDGE_CURVE ( 'NONE', #1333, #1354, #5634, .T. ) ;
#1354 = VERTEX_POINT ( 'NONE', #5630 ) ;
#1355 = ORIENTED_EDGE ( 'NONE', *, *, #1356, .T. ) ;
#1356 = EDGE_CURVE ( 'NONE', #1354, #1357, #5629, .T. ) ;
#1357 = VERTEX_POINT ( 'NONE', #5625 ) ;
#1358 = ORIENTED_EDGE ( 'NONE', *, *, #1359, .F. ) ;
#1359 = EDGE_CURVE ( 'NONE', #1334, #1357, #5624, .T. ) ;
#1360 = ADVANCED_FACE ( 'NONE', ( #5620 ), #5619, .F. ) ;
#1361 = EDGE_LOOP ( 'NONE', ( #1362, #1366, #1384, #1387, #1390, #1308, #1311, #1314 ) ) ;
#1362 = ORIENTED_EDGE ( 'NONE', *, *, #1363, .F. ) ;
#1363 = EDGE_CURVE ( 'NONE', #1364, #1365, #5614, .T. ) ;
#1364 = VERTEX_POINT ( 'NONE', #5610 ) ;
#1365 = VERTEX_POINT ( 'NONE', #5609 ) ;
#1366 = ORIENTED_EDGE ( 'NONE', *, *, #1382, .T. ) ;
#1367 = VERTEX_POINT ( 'NONE', #5608 ) ;
#1368 = ORIENTED_EDGE ( 'NONE', *, *, #1369, .F. ) ;
#1369 = EDGE_CURVE ( 'NONE', #1436, #1367, #5607, .T. ) ;
#1370 = ADVANCED_FACE ( 'NONE', ( #5603 ), #5601, .T. ) ;
#1371 = EDGE_LOOP ( 'NONE', ( #1372, #1376, #1379, #1288 ) ) ;
#1372 = ORIENTED_EDGE ( 'NONE', *, *, #1373, .F. ) ;
#1373 = EDGE_CURVE ( 'NONE', #1374, #1375, #5663, .T. ) ;
#1374 = VERTEX_POINT ( 'NONE', #5659 ) ;
#1375 = VERTEX_POINT ( 'NONE', #5658 ) ;
#1376 = ORIENTED_EDGE ( 'NONE', *, *, #1377, .T. ) ;
#1377 = EDGE_CURVE ( 'NONE', #1374, #1378, #5657, .T. ) ;
#1378 = VERTEX_POINT ( 'NONE', #5653 ) ;
#1379 = ORIENTED_EDGE ( 'NONE', *, *, #1380, .T. ) ;
#1380 = EDGE_CURVE ( 'NONE', #1378, #1381, #5652, .T. ) ;
#1381 = VERTEX_POINT ( 'NONE', #5648 ) ;
#1382 = EDGE_CURVE ( 'NONE', #1364, #1383, #5647, .T. ) ;
#1383 = VERTEX_POINT ( 'NONE', #5643 ) ;
#1384 = ORIENTED_EDGE ( 'NONE', *, *, #1385, .T. ) ;
#1385 = EDGE_CURVE ( 'NONE', #1383, #1386, #5642, .T. ) ;
#1386 = VERTEX_POINT ( 'NONE', #5638 ) ;
#1387 = ORIENTED_EDGE ( 'NONE', *, *, #1388, .T. ) ;
#1388 = EDGE_CURVE ( 'NONE', #1386, #1389, #5637, .T. ) ;
#1389 = VERTEX_POINT ( 'NONE', #5695 ) ;
#1390 = ORIENTED_EDGE ( 'NONE', *, *, #1391, .F. ) ;
#1391 = EDGE_CURVE ( 'NONE', #1392, #1389, #5694, .T. ) ;
#1392 = VERTEX_POINT ( 'NONE', #5690 ) ;
#1393 = EDGE_CURVE ( 'NONE', #1465, #1482, #5689, .T. ) ;
#1394 = ORIENTED_EDGE ( 'NONE', *, *, #1464, .T. ) ;
#1395 = ORIENTED_EDGE ( 'NONE', *, *, #1396, .F. ) ;
#1396 = EDGE_CURVE ( 'NONE', #1397, #1461, #5685, .T. ) ;
#1397 = VERTEX_POINT ( 'NONE', #5681 ) ;
#1398 = EDGE_CURVE ( 'NONE', #1399, #1457, #5680, .T. ) ;
#1399 = VERTEX_POINT ( 'NONE', #5676 ) ;
#1400 = ORIENTED_EDGE ( 'NONE', *, *, #1401, .F. ) ;
#1401 = EDGE_CURVE ( 'NONE', #1402, #1399, #5675, .T. ) ;
#1402 = VERTEX_POINT ( 'NONE', #5671 ) ;
#1403 = ORIENTED_EDGE ( 'NONE', *, *, #1404, .F. ) ;
#1404 = EDGE_CURVE ( 'NONE', #1405, #1402, #5670, .T. ) ;
#1405 = VERTEX_POINT ( 'NONE', #5666 ) ;
#1406 = ORIENTED_EDGE ( 'NONE', *, *, #1407, .F. ) ;
#1407 = EDGE_CURVE ( 'NONE', #1408, #1405, #5729, .T. ) ;
#1408 = VERTEX_POINT ( 'NONE', #5725 ) ;
#1409 = ORIENTED_EDGE ( 'NONE', *, *, #1410, .F. ) ;
#1410 = EDGE_CURVE ( 'NONE', #1411, #1408, #5724, .T. ) ;
#1411 = VERTEX_POINT ( 'NONE', #5720 ) ;
#1412 = ORIENTED_EDGE ( 'NONE', *, *, #1413, .F. ) ;
#1413 = EDGE_CURVE ( 'NONE', #1525, #1524, #5719, .T. ) ;
#1414 = ORIENTED_EDGE ( 'NONE', *, *, #1415, .T. ) ;
#1415 = EDGE_CURVE ( 'NONE', #1525, #1416, #5715, .T. ) ;
#1416 = VERTEX_POINT ( 'NONE', #5711 ) ;
#1417 = ORIENTED_EDGE ( 'NONE', *, *, #1418, .T. ) ;
#1418 = EDGE_CURVE ( 'NONE', #1416, #1419, #5710, .T. ) ;
#1419 = VERTEX_POINT ( 'NONE', #5706 ) ;
#1420 = ORIENTED_EDGE ( 'NONE', *, *, #1421, .F. ) ;
#1421 = EDGE_CURVE ( 'NONE', #1428, #1419, #5705, .T. ) ;
#1422 = ORIENTED_EDGE ( 'NONE', *, *, #1427, .F. ) ;
#1423 = ORIENTED_EDGE ( 'NONE', *, *, #1424, .T. ) ;
#1424 = EDGE_CURVE ( 'NONE', #1345, #1425, #5701, .T. ) ;
#1425 = VERTEX_POINT ( 'NONE', #5697 ) ;
#1426 = ORIENTED_EDGE ( 'NONE', *, *, #1427, .T. ) ;
#1427 = EDGE_CURVE ( 'NONE', #1345, #1428, #5761, .T. ) ;
#1428 = VERTEX_POINT ( 'NONE', #5757 ) ;
#1429 = ORIENTED_EDGE ( 'NONE', *, *, #1430, .F. ) ;
#1430 = EDGE_CURVE ( 'NONE', #1341, #1428, #5756, .T. ) ;
#1431 = ADVANCED_FACE ( 'NONE', ( #5752 ), #5751, .T. ) ;
#1432 = EDGE_LOOP ( 'NONE', ( #1433, #1437, #1350, #1368 ) ) ;
#1433 = ORIENTED_EDGE ( 'NONE', *, *, #1434, .F. ) ;
#1434 = EDGE_CURVE ( 'NONE', #1435, #1436, #5746, .T. ) ;
#1435 = VERTEX_POINT ( 'NONE', #5742 ) ;
#1436 = VERTEX_POINT ( 'NONE', #5741 ) ;
#1437 = ORIENTED_EDGE ( 'NONE', *, *, #1438, .T. ) ;
#1438 = EDGE_CURVE ( 'NONE', #1435, #1349, #5740, .T. ) ;
#1439 = EDGE_CURVE ( 'NONE', #1275, #1527, #5736, .T. ) ;
#1440 = ORIENTED_EDGE ( 'NONE', *, *, #1274, .F. ) ;
#1441 = ORIENTED_EDGE ( 'NONE', *, *, #1442, .F. ) ;
#1442 = EDGE_CURVE ( 'NONE', #1443, #1346, #5730, .T. ) ;
#1443 = VERTEX_POINT ( 'NONE', #5793 ) ;
#1444 = ORIENTED_EDGE ( 'NONE', *, *, #1445, .F. ) ;
#1445 = EDGE_CURVE ( 'NONE', #1446, #1443, #5792, .T. ) ;
#1446 = VERTEX_POINT ( 'NONE', #5788 ) ;
#1447 = ORIENTED_EDGE ( 'NONE', *, *, #1448, .F. ) ;
#1448 = EDGE_CURVE ( 'NONE', #1462, #1446, #5787, .T. ) ;
#1449 = ORIENTED_EDGE ( 'NONE', *, *, #1470, .F. ) ;
#1450 = ADVANCED_FACE ( 'NONE', ( #5783 ), #5782, .F. ) ;
#1451 = EDGE_LOOP ( 'NONE', ( #1459, #1463, #1466, #1469 ) ) ;
#1452 = EDGE_CURVE ( 'NONE', #1270, #1454, #5777, .T. ) ;
#1453 = ORIENTED_EDGE ( 'NONE', *, *, #1452, .T. ) ;
#1454 = VERTEX_POINT ( 'NONE', #5773 ) ;
#1455 = ORIENTED_EDGE ( 'NONE', *, *, #1456, .F. ) ;
#1456 = EDGE_CURVE ( 'NONE', #1457, #1425, #5772, .T. ) ;
#1457 = VERTEX_POINT ( 'NONE', #5768 ) ;
#1458 = ORIENTED_EDGE ( 'NONE', *, *, #1398, .F. ) ;
#1459 = ORIENTED_EDGE ( 'NONE', *, *, #1460, .F. ) ;
#1460 = EDGE_CURVE ( 'NONE', #1461, #1462, #5767, .T. ) ;
#1461 = VERTEX_POINT ( 'NONE', #5763 ) ;
#1462 = VERTEX_POINT ( 'NONE', #5762 ) ;
#1463 = ORIENTED_EDGE ( 'NONE', *, *, #1464, .F. ) ;
#1464 = EDGE_CURVE ( 'NONE', #1465, #1461, #5825, .T. ) ;
#1465 = VERTEX_POINT ( 'NONE', #5821 ) ;
#1466 = ORIENTED_EDGE ( 'NONE', *, *, #1467, .F. ) ;
#1467 = EDGE_CURVE ( 'NONE', #1468, #1465, #5820, .T. ) ;
#1468 = VERTEX_POINT ( 'NONE', #5816 ) ;
#1469 = ORIENTED_EDGE ( 'NONE', *, *, #1470, .T. ) ;
#1470 = EDGE_CURVE ( 'NONE', #1468, #1462, #5815, .T. ) ;
#1471 = ADVANCED_FACE ( 'NONE', ( #5811 ), #5810, .F. ) ;
#1472 = EDGE_LOOP ( 'NONE', ( #1473, #1476, #1477, #1480, #1045, #1394, #1395, #1511 ) ) ;
#1473 = ORIENTED_EDGE ( 'NONE', *, *, #1475, .T. ) ;
#1474 = VERTEX_POINT ( 'NONE', #5805 ) ;
#1475 = EDGE_CURVE ( 'NONE', #1474, #1272, #5804, .T. ) ;
#1476 = ORIENTED_EDGE ( 'NONE', *, *, #1510, .T. ) ;
#1477 = ORIENTED_EDGE ( 'NONE', *, *, #1478, .F. ) ;
#1478 = EDGE_CURVE ( 'NONE', #1479, #1454, #5800, .T. ) ;
#1479 = VERTEX_POINT ( 'NONE', #5796 ) ;
#1480 = ORIENTED_EDGE ( 'NONE', *, *, #1481, .F. ) ;
#1481 = EDGE_CURVE ( 'NONE', #1482, #1479, #5795, .T. ) ;
#1482 = VERTEX_POINT ( 'NONE', #5854 ) ;
#1483 = VERTEX_POINT ( 'NONE', #5853 ) ;
#1484 = ORIENTED_EDGE ( 'NONE', *, *, #1485, .F. ) ;
#1485 = EDGE_CURVE ( 'NONE', #1486, #1483, #5852, .T. ) ;
#1486 = VERTEX_POINT ( 'NONE', #5848 ) ;
#1487 = ORIENTED_EDGE ( 'NONE', *, *, #1488, .F. ) ;
#1488 = EDGE_CURVE ( 'NONE', #1489, #1486, #5847, .T. ) ;
#1489 = VERTEX_POINT ( 'NONE', #5843 ) ;
#1490 = ORIENTED_EDGE ( 'NONE', *, *, #1491, .T. ) ;
#1491 = EDGE_CURVE ( 'NONE', #1489, #1492, #5842, .T. ) ;
#1492 = VERTEX_POINT ( 'NONE', #5838 ) ;
#1493 = ORIENTED_EDGE ( 'NONE', *, *, #1494, .T. ) ;
#1494 = EDGE_CURVE ( 'NONE', #1492, #1495, #5837, .T. ) ;
#1495 = VERTEX_POINT ( 'NONE', #5833 ) ;
#1496 = ORIENTED_EDGE ( 'NONE', *, *, #1497, .F. ) ;
#1497 = EDGE_CURVE ( 'NONE', #1498, #1411, #5832, .T. ) ;
#1498 = VERTEX_POINT ( 'NONE', #5828 ) ;
#1499 = ORIENTED_EDGE ( 'NONE', *, *, #1500, .F. ) ;
#1500 = EDGE_CURVE ( 'NONE', #1501, #1498, #5827, .T. ) ;
#1501 = VERTEX_POINT ( 'NONE', #5888 ) ;
#1502 = ORIENTED_EDGE ( 'NONE', *, *, #1503, .F. ) ;
#1503 = EDGE_CURVE ( 'NONE', #1504, #1501, #5887, .T. ) ;
#1504 = VERTEX_POINT ( 'NONE', #5883 ) ;
#1505 = ORIENTED_EDGE ( 'NONE', *, *, #1506, .F. ) ;
#1506 = EDGE_CURVE ( 'NONE', #1507, #1504, #5882, .T. ) ;
#1507 = VERTEX_POINT ( 'NONE', #5878 ) ;
#1508 = ORIENTED_EDGE ( 'NONE', *, *, #1526, .F. ) ;
#1509 = ORIENTED_EDGE ( 'NONE', *, *, #1510, .F. ) ;
#1510 = EDGE_CURVE ( 'NONE', #1272, #1454, #5877, .T. ) ;
#1511 = ORIENTED_EDGE ( 'NONE', *, *, #1512, .F. ) ;
#1512 = EDGE_CURVE ( 'NONE', #1474, #1397, #5873, .T. ) ;
#1513 = ADVANCED_FACE ( 'NONE', ( #5869 ), #5868, .F. ) ;
#1514 = EDGE_LOOP ( 'NONE', ( #1515, #1519, #1522, #1412, #1414, #1417, #1420, #1422, #1423, #1455, #1458, #1400, #1403, #1406, #1409, #1496, #1499, #1502, #1505, #1508, #1528, #1440, #1441, #1444, #1447, #1449, #1542, #1544, #1547, #1550, #1553, #1556, #1559, #1562, #1565, #1568, #1648, #1651, #1654, #1657, #1589, #1591, #1594, #1597, #1600, #1571, #1484, #1487, #1490, #1493, #1603, #1606, #1609, #1612, #1615, #1573 ) ) ;
#1515 = ORIENTED_EDGE ( 'NONE', *, *, #1516, .T. ) ;
#1516 = EDGE_CURVE ( 'NONE', #1517, #1518, #5863, .T. ) ;
#1517 = VERTEX_POINT ( 'NONE', #5859 ) ;
#1518 = VERTEX_POINT ( 'NONE', #5858 ) ;
#1519 = ORIENTED_EDGE ( 'NONE', *, *, #1520, .T. ) ;
#1520 = EDGE_CURVE ( 'NONE', #1518, #1521, #5922, .T. ) ;
#1521 = VERTEX_POINT ( 'NONE', #5918 ) ;
#1522 = ORIENTED_EDGE ( 'NONE', *, *, #1523, .F. ) ;
#1523 = EDGE_CURVE ( 'NONE', #1524, #1521, #5917, .T. ) ;
#1524 = VERTEX_POINT ( 'NONE', #5913 ) ;
#1525 = VERTEX_POINT ( 'NONE', #5912 ) ;
#1526 = EDGE_CURVE ( 'NONE', #1527, #1507, #5911, .T. ) ;
#1527 = VERTEX_POINT ( 'NONE', #5907 ) ;
#1528 = ORIENTED_EDGE ( 'NONE', *, *, #1439, .F. ) ;
#1529 = EDGE_LOOP ( 'NONE', ( #1576, #1580, #1583, #1586 ) ) ;
#1530 = ADVANCED_FACE ( 'NONE', ( #5906 ), #5905, .F. ) ;
#1531 = ORIENTED_EDGE ( 'NONE', *, *, #1532, .F. ) ;
#1532 = EDGE_CURVE ( 'NONE', #1578, #1533, #5900, .T. ) ;
#1533 = VERTEX_POINT ( 'NONE', #5896 ) ;
#1534 = ORIENTED_EDGE ( 'NONE', *, *, #1587, .F. ) ;
#1535 = ORIENTED_EDGE ( 'NONE', *, *, #1536, .F. ) ;
#1536 = EDGE_CURVE ( 'NONE', #1537, #1585, #5895, .T. ) ;
#1537 = VERTEX_POINT ( 'NONE', #5891 ) ;
#1538 = ORIENTED_EDGE ( 'NONE', *, *, #1539, .T. ) ;
#1539 = EDGE_CURVE ( 'NONE', #1537, #1533, #5956, .T. ) ;
#1540 = ADVANCED_FACE ( 'NONE', ( #5952 ), #5951, .F. ) ;
#1541 = EDGE_LOOP ( 'NONE', ( #1280, #1647, #1640, #1643 ) ) ;
#1542 = ORIENTED_EDGE ( 'NONE', *, *, #1543, .F. ) ;
#1543 = EDGE_CURVE ( 'NONE', #1661, #1468, #5946, .T. ) ;
#1544 = ORIENTED_EDGE ( 'NONE', *, *, #1545, .F. ) ;
#1545 = EDGE_CURVE ( 'NONE', #1546, #1661, #5942, .T. ) ;
#1546 = VERTEX_POINT ( 'NONE', #5938 ) ;
#1547 = ORIENTED_EDGE ( 'NONE', *, *, #1548, .T. ) ;
#1548 = EDGE_CURVE ( 'NONE', #1546, #1549, #5937, .T. ) ;
#1549 = VERTEX_POINT ( 'NONE', #5933 ) ;
#1550 = ORIENTED_EDGE ( 'NONE', *, *, #1551, .T. ) ;
#1551 = EDGE_CURVE ( 'NONE', #1549, #1552, #5932, .T. ) ;
#1552 = VERTEX_POINT ( 'NONE', #5928 ) ;
#1553 = ORIENTED_EDGE ( 'NONE', *, *, #1554, .F. ) ;
#1554 = EDGE_CURVE ( 'NONE', #1555, #1552, #5927, .T. ) ;
#1555 = VERTEX_POINT ( 'NONE', #5923 ) ;
#1556 = ORIENTED_EDGE ( 'NONE', *, *, #1557, .F. ) ;
#1557 = EDGE_CURVE ( 'NONE', #1558, #1555, #5986, .T. ) ;
#1558 = VERTEX_POINT ( 'NONE', #5982 ) ;
#1559 = ORIENTED_EDGE ( 'NONE', *, *, #1560, .T. ) ;
#1560 = EDGE_CURVE ( 'NONE', #1558, #1561, #5981, .T. ) ;
#1561 = VERTEX_POINT ( 'NONE', #5977 ) ;
#1562 = ORIENTED_EDGE ( 'NONE', *, *, #1563, .T. ) ;
#1563 = EDGE_CURVE ( 'NONE', #1561, #1564, #5976, .T. ) ;
#1564 = VERTEX_POINT ( 'NONE', #5972 ) ;
#1565 = ORIENTED_EDGE ( 'NONE', *, *, #1566, .F. ) ;
#1566 = EDGE_CURVE ( 'NONE', #1567, #1564, #5971, .T. ) ;
#1567 = VERTEX_POINT ( 'NONE', #5967 ) ;
#1568 = ORIENTED_EDGE ( 'NONE', *, *, #1569, .F. ) ;
#1569 = EDGE_CURVE ( 'NONE', #1570, #1567, #5966, .T. ) ;
#1570 = VERTEX_POINT ( 'NONE', #5962 ) ;
#1571 = ORIENTED_EDGE ( 'NONE', *, *, #1572, .T. ) ;
#1572 = EDGE_CURVE ( 'NONE', #1602, #1483, #5961, .T. ) ;
#1573 = ORIENTED_EDGE ( 'NONE', *, *, #1574, .F. ) ;
#1574 = EDGE_CURVE ( 'NONE', #1517, #1617, #5957, .T. ) ;
#1575 = ADVANCED_FACE ( 'NONE', ( #6016 ), #6015, .F. ) ;
#1576 = ORIENTED_EDGE ( 'NONE', *, *, #1577, .T. ) ;
#1577 = EDGE_CURVE ( 'NONE', #1578, #1579, #6010, .T. ) ;
#1578 = VERTEX_POINT ( 'NONE', #6006 ) ;
#1579 = VERTEX_POINT ( 'NONE', #6005 ) ;
#1580 = ORIENTED_EDGE ( 'NONE', *, *, #1581, .T. ) ;
#1581 = EDGE_CURVE ( 'NONE', #1579, #1582, #6004, .T. ) ;
#1582 = VERTEX_POINT ( 'NONE', #6000 ) ;
#1583 = ORIENTED_EDGE ( 'NONE', *, *, #1584, .F. ) ;
#1584 = EDGE_CURVE ( 'NONE', #1585, #1582, #5999, .T. ) ;
#1585 = VERTEX_POINT ( 'NONE', #5995 ) ;
#1586 = ORIENTED_EDGE ( 'NONE', *, *, #1587, .T. ) ;
#1587 = EDGE_CURVE ( 'NONE', #1585, #1578, #5994, .T. ) ;
#1588 = EDGE_LOOP ( 'NONE', ( #1531, #1534, #1535, #1538 ) ) ;
#1589 = ORIENTED_EDGE ( 'NONE', *, *, #1590, .T. ) ;
#1590 = EDGE_CURVE ( 'NONE', #1659, #1660, #5990, .T. ) ;
#1591 = ORIENTED_EDGE ( 'NONE', *, *, #1592, .T. ) ;
#1592 = EDGE_CURVE ( 'NONE', #1660, #1593, #6050, .T. ) ;
#1593 = VERTEX_POINT ( 'NONE', #6046 ) ;
#1594 = ORIENTED_EDGE ( 'NONE', *, *, #1595, .F. ) ;
#1595 = EDGE_CURVE ( 'NONE', #1596, #1593, #6045, .T. ) ;
#1596 = VERTEX_POINT ( 'NONE', #6041 ) ;
#1597 = ORIENTED_EDGE ( 'NONE', *, *, #1598, .F. ) ;
#1598 = EDGE_CURVE ( 'NONE', #1599, #1596, #6040, .T. ) ;
#1599 = VERTEX_POINT ( 'NONE', #6036 ) ;
#1600 = ORIENTED_EDGE ( 'NONE', *, *, #1601, .T. ) ;
#1601 = EDGE_CURVE ( 'NONE', #1599, #1602, #6035, .T. ) ;
#1602 = VERTEX_POINT ( 'NONE', #6031 ) ;
#1603 = ORIENTED_EDGE ( 'NONE', *, *, #1604, .F. ) ;
#1604 = EDGE_CURVE ( 'NONE', #1605, #1495, #6030, .T. ) ;
#1605 = VERTEX_POINT ( 'NONE', #6026 ) ;
#1606 = ORIENTED_EDGE ( 'NONE', *, *, #1607, .F. ) ;
#1607 = EDGE_CURVE ( 'NONE', #1608, #1605, #6025, .T. ) ;
#1608 = VERTEX_POINT ( 'NONE', #6021 ) ;
#1609 = ORIENTED_EDGE ( 'NONE', *, *, #1610, .T. ) ;
#1610 = EDGE_CURVE ( 'NONE', #1608, #1611, #6020, .T. ) ;
#1611 = VERTEX_POINT ( 'NONE', #6080 ) ;
#1612 = ORIENTED_EDGE ( 'NONE', *, *, #1613, .T. ) ;
#1613 = EDGE_CURVE ( 'NONE', #1611, #1614, #6079, .T. ) ;
#1614 = VERTEX_POINT ( 'NONE', #6075 ) ;
#1615 = ORIENTED_EDGE ( 'NONE', *, *, #1616, .F. ) ;
#1616 = EDGE_CURVE ( 'NONE', #1617, #1614, #6074, .T. ) ;
#1617 = VERTEX_POINT ( 'NONE', #6070 ) ;
#1618 = ORIENTED_EDGE ( 'NONE', *, *, #1641, .T. ) ;
#1619 = ORIENTED_EDGE ( 'NONE', *, *, #1536, .T. ) ;
#1620 = ORIENTED_EDGE ( 'NONE', *, *, #1584, .T. ) ;
#1621 = VERTEX_POINT ( 'NONE', #6069 ) ;
#1622 = ADVANCED_FACE ( 'NONE', ( #6068 ), #6067, .F. ) ;
#1623 = ORIENTED_EDGE ( 'NONE', *, *, #1105, .F. ) ;
#1624 = EDGE_LOOP ( 'NONE', ( #1623, #1093, #1119, #1121 ) ) ;
#1625 = ORIENTED_EDGE ( 'NONE', *, *, #1637, .T. ) ;
#1626 = EDGE_CURVE ( 'NONE', #1627, #1628, #6062, .T. ) ;
#1627 = VERTEX_POINT ( 'NONE', #6058 ) ;
#1628 = VERTEX_POINT ( 'NONE', #6057 ) ;
#1629 = EDGE_LOOP ( 'NONE', ( #1910, #1911, #1913, #1914 ) ) ;
#1630 = ORIENTED_EDGE ( 'NONE', *, *, #1631, .F. ) ;
#1631 = EDGE_CURVE ( 'NONE', #1628, #1632, #6056, .T. ) ;
#1632 = VERTEX_POINT ( 'NONE', #6052 ) ;
#1633 = VERTEX_POINT ( 'NONE', #6051 ) ;
#1634 = ORIENTED_EDGE ( 'NONE', *, *, #1635, .T. ) ;
#1635 = EDGE_CURVE ( 'NONE', #1636, #1632, #6117, .T. ) ;
#1636 = VERTEX_POINT ( 'NONE', #6113 ) ;
#1637 = EDGE_CURVE ( 'NONE', #1627, #1636, #6112, .T. ) ;
#1638 = EDGE_CURVE ( 'NONE', #1533, #1639, #6108, .T. ) ;
#1639 = VERTEX_POINT ( 'NONE', #6104 ) ;
#1640 = ORIENTED_EDGE ( 'NONE', *, *, #1641, .F. ) ;
#1641 = EDGE_CURVE ( 'NONE', #1642, #1537, #6103, .T. ) ;
#1642 = VERTEX_POINT ( 'NONE', #6099 ) ;
#1643 = ORIENTED_EDGE ( 'NONE', *, *, #1644, .T. ) ;
#1644 = EDGE_CURVE ( 'NONE', #1642, #1639, #6098, .T. ) ;
#1645 = ADVANCED_FACE ( 'NONE', ( #6094 ), #6093, .F. ) ;
#1646 = EDGE_LOOP ( 'NONE', ( #1279, #1625, #1634, #1630 ) ) ;
#1647 = ORIENTED_EDGE ( 'NONE', *, *, #1539, .F. ) ;
#1648 = ORIENTED_EDGE ( 'NONE', *, *, #1649, .T. ) ;
#1649 = EDGE_CURVE ( 'NONE', #1570, #1650, #6088, .T. ) ;
#1650 = VERTEX_POINT ( 'NONE', #6084 ) ;
#1651 = ORIENTED_EDGE ( 'NONE', *, *, #1652, .T. ) ;
#1652 = EDGE_CURVE ( 'NONE', #1650, #1653, #6150, .T. ) ;
#1653 = VERTEX_POINT ( 'NONE', #6146 ) ;
#1654 = ORIENTED_EDGE ( 'NONE', *, *, #1655, .F. ) ;
#1655 = EDGE_CURVE ( 'NONE', #1656, #1653, #6145, .T. ) ;
#1656 = VERTEX_POINT ( 'NONE', #6141 ) ;
#1657 = ORIENTED_EDGE ( 'NONE', *, *, #1658, .F. ) ;
#1658 = EDGE_CURVE ( 'NONE', #1659, #1656, #6140, .T. ) ;
#1659 = VERTEX_POINT ( 'NONE', #6136 ) ;
#1660 = VERTEX_POINT ( 'NONE', #6135 ) ;
#1661 = VERTEX_POINT ( 'NONE', #6134 ) ;
#1662 = VERTEX_POINT ( 'NONE', #6133 ) ;
#1663 = ORIENTED_EDGE ( 'NONE', *, *, #1664, .F. ) ;
#1664 = EDGE_CURVE ( 'NONE', #1665, #1662, #6132, .T. ) ;
#1665 = VERTEX_POINT ( 'NONE', #6128 ) ;
#1666 = ORIENTED_EDGE ( 'NONE', *, *, #1667, .F. ) ;
#1667 = EDGE_CURVE ( 'NONE', #1668, #1665, #6127, .T. ) ;
#1668 = VERTEX_POINT ( 'NONE', #6123 ) ;
#1669 = EDGE_CURVE ( 'NONE', #1702, #1694, #6121, .T. ) ;
#1670 = ORIENTED_EDGE ( 'NONE', *, *, #1700, .F. ) ;
#1671 = ORIENTED_EDGE ( 'NONE', *, *, #1672, .F. ) ;
#1672 = EDGE_CURVE ( 'NONE', #1479, #1701, #6181, .T. ) ;
#1673 = ORIENTED_EDGE ( 'NONE', *, *, #1478, .T. ) ;
#1674 = ORIENTED_EDGE ( 'NONE', *, *, #1452, .F. ) ;
#1675 = ORIENTED_EDGE ( 'NONE', *, *, #1676, .T. ) ;
#1676 = EDGE_CURVE ( 'NONE', #1270, #1677, #6177, .T. ) ;
#1677 = VERTEX_POINT ( 'NONE', #6173 ) ;
#1678 = ORIENTED_EDGE ( 'NONE', *, *, #1679, .T. ) ;
#1679 = EDGE_CURVE ( 'NONE', #1677, #1680, #6172, .T. ) ;
#1680 = VERTEX_POINT ( 'NONE', #6168 ) ;
#1681 = VERTEX_POINT ( 'NONE', #6167 ) ;
#1682 = ORIENTED_EDGE ( 'NONE', *, *, #1683, .T. ) ;
#1683 = EDGE_CURVE ( 'NONE', #1582, #1621, #6166, .T. ) ;
#1684 = ORIENTED_EDGE ( 'NONE', *, *, #1685, .F. ) ;
#1685 = EDGE_CURVE ( 'NONE', #1701, #1621, #6162, .T. ) ;
#1686 = ADVANCED_FACE ( 'NONE', ( #6158 ), #6157, .F. ) ;
#1687 = EDGE_LOOP ( 'NONE', ( #1688, #1689, #1692, #1695, #1670, #1671, #1673, #1674, #1675, #1678, #1746, #1748, #1751, #1663, #1666, #1732, #1735, #1738, #1741, #1744, #1717, #1718, #1721, #1724, #1727, #1730, #1794, #1707, #1708, #1709, #1712, #1715, #1779, #1780, #1782, #1783 ) ) ;
#1688 = ORIENTED_EDGE ( 'NONE', *, *, #1356, .F. ) ;
#1689 = ORIENTED_EDGE ( 'NONE', *, *, #1690, .F. ) ;
#1690 = EDGE_CURVE ( 'NONE', #1691, #1354, #6152, .T. ) ;
#1691 = VERTEX_POINT ( 'NONE', #6212 ) ;
#1692 = ORIENTED_EDGE ( 'NONE', *, *, #1693, .F. ) ;
#1693 = EDGE_CURVE ( 'NONE', #1694, #1691, #6211, .T. ) ;
#1694 = VERTEX_POINT ( 'NONE', #6207 ) ;
#1695 = ORIENTED_EDGE ( 'NONE', *, *, #1669, .F. ) ;
#1696 = ORIENTED_EDGE ( 'NONE', *, *, #1309, .F. ) ;
#1697 = ADVANCED_FACE ( 'NONE', ( #6206 ), #6205, .F. ) ;
#1698 = EDGE_LOOP ( 'NONE', ( #1699, #1703, #1705, #1618, #1619, #1620, #1682, #1684 ) ) ;
#1699 = ORIENTED_EDGE ( 'NONE', *, *, #1700, .T. ) ;
#1700 = EDGE_CURVE ( 'NONE', #1701, #1702, #6200, .T. ) ;
#1701 = VERTEX_POINT ( 'NONE', #6196 ) ;
#1702 = VERTEX_POINT ( 'NONE', #6195 ) ;
#1703 = ORIENTED_EDGE ( 'NONE', *, *, #1704, .F. ) ;
#1704 = EDGE_CURVE ( 'NONE', #1232, #1702, #6194, .T. ) ;
#1705 = ORIENTED_EDGE ( 'NONE', *, *, #1231, .F. ) ;
#1706 = EDGE_CURVE ( 'NONE', #1793, #1234, #6190, .T. ) ;
#1707 = ORIENTED_EDGE ( 'NONE', *, *, #1233, .T. ) ;
#1708 = ORIENTED_EDGE ( 'NONE', *, *, #1385, .F. ) ;
#1709 = ORIENTED_EDGE ( 'NONE', *, *, #1710, .F. ) ;
#1710 = EDGE_CURVE ( 'NONE', #1711, #1383, #6186, .T. ) ;
#1711 = VERTEX_POINT ( 'NONE', #6182 ) ;
#1712 = ORIENTED_EDGE ( 'NONE', *, *, #1713, .F. ) ;
#1713 = EDGE_CURVE ( 'NONE', #1714, #1711, #6243, .T. ) ;
#1714 = VERTEX_POINT ( 'NONE', #6239 ) ;
#1715 = ORIENTED_EDGE ( 'NONE', *, *, #1716, .F. ) ;
#1716 = EDGE_CURVE ( 'NONE', #1089, #1714, #6238, .T. ) ;
#1717 = ORIENTED_EDGE ( 'NONE', *, *, #1319, .T. ) ;
#1718 = ORIENTED_EDGE ( 'NONE', *, *, #1719, .F. ) ;
#1719 = EDGE_CURVE ( 'NONE', #1720, #1321, #6234, .T. ) ;
#1720 = VERTEX_POINT ( 'NONE', #6230 ) ;
#1721 = ORIENTED_EDGE ( 'NONE', *, *, #1722, .F. ) ;
#1722 = EDGE_CURVE ( 'NONE', #1723, #1720, #6229, .T. ) ;
#1723 = VERTEX_POINT ( 'NONE', #6225 ) ;
#1724 = ORIENTED_EDGE ( 'NONE', *, *, #1725, .T. ) ;
#1725 = EDGE_CURVE ( 'NONE', #1723, #1726, #6224, .T. ) ;
#1726 = VERTEX_POINT ( 'NONE', #6220 ) ;
#1727 = ORIENTED_EDGE ( 'NONE', *, *, #1728, .T. ) ;
#1728 = EDGE_CURVE ( 'NONE', #1726, #1729, #6219, .T. ) ;
#1729 = VERTEX_POINT ( 'NONE', #6215 ) ;
#1730 = ORIENTED_EDGE ( 'NONE', *, *, #1731, .T. ) ;
#1731 = EDGE_CURVE ( 'NONE', #1729, #1793, #6277, .T. ) ;
#1732 = ORIENTED_EDGE ( 'NONE', *, *, #1733, .F. ) ;
#1733 = EDGE_CURVE ( 'NONE', #1734, #1668, #6273, .T. ) ;
#1734 = VERTEX_POINT ( 'NONE', #6269 ) ;
#1735 = ORIENTED_EDGE ( 'NONE', *, *, #1736, .F. ) ;
#1736 = EDGE_CURVE ( 'NONE', #1737, #1734, #6268, .T. ) ;
#1737 = VERTEX_POINT ( 'NONE', #6264 ) ;
#1738 = ORIENTED_EDGE ( 'NONE', *, *, #1739, .F. ) ;
#1739 = EDGE_CURVE ( 'NONE', #1740, #1737, #6263, .T. ) ;
#1740 = VERTEX_POINT ( 'NONE', #6259 ) ;
#1741 = ORIENTED_EDGE ( 'NONE', *, *, #1742, .F. ) ;
#1742 = EDGE_CURVE ( 'NONE', #1743, #1740, #6258, .T. ) ;
#1743 = VERTEX_POINT ( 'NONE', #6254 ) ;
#1744 = ORIENTED_EDGE ( 'NONE', *, *, #1745, .F. ) ;
#1745 = EDGE_CURVE ( 'NONE', #1320, #1743, #6253, .T. ) ;
#1746 = ORIENTED_EDGE ( 'NONE', *, *, #1747, .F. ) ;
#1747 = EDGE_CURVE ( 'NONE', #1681, #1680, #6249, .T. ) ;
#1748 = ORIENTED_EDGE ( 'NONE', *, *, #1749, .F. ) ;
#1749 = EDGE_CURVE ( 'NONE', #1750, #1681, #6245, .T. ) ;
#1750 = VERTEX_POINT ( 'NONE', #6307 ) ;
#1751 = ORIENTED_EDGE ( 'NONE', *, *, #1752, .T. ) ;
#1752 = EDGE_CURVE ( 'NONE', #1750, #1662, #6306, .T. ) ;
#1753 = ORIENTED_EDGE ( 'NONE', *, *, #1788, .T. ) ;
#1754 = ORIENTED_EDGE ( 'NONE', *, *, #1755, .T. ) ;
#1755 = EDGE_CURVE ( 'NONE', #1790, #1729, #6302, .T. ) ;
#1756 = ADVANCED_FACE ( 'NONE', ( #6298 ), #6297, .F. ) ;
#1757 = EDGE_LOOP ( 'NONE', ( #1758, #1762, #1765, #1821, #1822, #1823 ) ) ;
#1758 = ORIENTED_EDGE ( 'NONE', *, *, #1759, .F. ) ;
#1759 = EDGE_CURVE ( 'NONE', #1760, #1761, #6292, .T. ) ;
#1760 = VERTEX_POINT ( 'NONE', #6288 ) ;
#1761 = VERTEX_POINT ( 'NONE', #6287 ) ;
#1762 = ORIENTED_EDGE ( 'NONE', *, *, #1763, .F. ) ;
#1763 = EDGE_CURVE ( 'NONE', #1764, #1760, #6286, .T. ) ;
#1764 = VERTEX_POINT ( 'NONE', #6282 ) ;
#1765 = ORIENTED_EDGE ( 'NONE', *, *, #1766, .F. ) ;
#1766 = EDGE_CURVE ( 'NONE', #1267, #1764, #6281, .T. ) ;
#1767 = ORIENTED_EDGE ( 'NONE', *, *, #1768, .F. ) ;
#1768 = EDGE_CURVE ( 'NONE', #1769, #1633, #6342, .T. ) ;
#1769 = VERTEX_POINT ( 'NONE', #6338 ) ;
#1770 = ORIENTED_EDGE ( 'NONE', *, *, #1771, .T. ) ;
#1771 = EDGE_CURVE ( 'NONE', #1769, #1405, #6337, .T. ) ;
#1772 = ORIENTED_EDGE ( 'NONE', *, *, #1404, .T. ) ;
#1773 = ORIENTED_EDGE ( 'NONE', *, *, #1774, .F. ) ;
#1774 = EDGE_CURVE ( 'NONE', #1790, #1402, #6333, .T. ) ;
#1775 = ADVANCED_FACE ( 'NONE', ( #6329 ), #6328, .F. ) ;
#1776 = EDGE_LOOP ( 'NONE', ( #1777, #1778, #1753, #1754 ) ) ;
#1777 = ORIENTED_EDGE ( 'NONE', *, *, #1728, .F. ) ;
#1778 = ORIENTED_EDGE ( 'NONE', *, *, #1834, .T. ) ;
#1779 = ORIENTED_EDGE ( 'NONE', *, *, #1090, .F. ) ;
#1780 = ORIENTED_EDGE ( 'NONE', *, *, #1781, .T. ) ;
#1781 = EDGE_CURVE ( 'NONE', #1092, #1116, #6323, .T. ) ;
#1782 = ORIENTED_EDGE ( 'NONE', *, *, #1095, .T. ) ;
#1783 = ORIENTED_EDGE ( 'NONE', *, *, #1784, .T. ) ;
#1784 = EDGE_CURVE ( 'NONE', #1107, #1357, #6319, .T. ) ;
#1785 = ADVANCED_FACE ( 'NONE', ( #6315 ), #6314, .F. ) ;
#1786 = EDGE_LOOP ( 'NONE', ( #1787, #1791, #1767, #1770, #1772, #1773 ) ) ;
#1787 = ORIENTED_EDGE ( 'NONE', *, *, #1788, .F. ) ;
#1788 = EDGE_CURVE ( 'NONE', #1789, #1790, #6373, .T. ) ;
#1789 = VERTEX_POINT ( 'NONE', #6369 ) ;
#1790 = VERTEX_POINT ( 'NONE', #6368 ) ;
#1791 = ORIENTED_EDGE ( 'NONE', *, *, #1792, .F. ) ;
#1792 = EDGE_CURVE ( 'NONE', #1633, #1789, #6367, .T. ) ;
#1793 = VERTEX_POINT ( 'NONE', #6363 ) ;
#1794 = ORIENTED_EDGE ( 'NONE', *, *, #1706, .T. ) ;
#1795 = EDGE_LOOP ( 'NONE', ( #1853, #1854, #1857, #1859 ) ) ;
#1796 = ORIENTED_EDGE ( 'NONE', *, *, #1797, .F. ) ;
#1797 = EDGE_CURVE ( 'NONE', #1632, #1621, #6362, .T. ) ;
#1798 = ORIENTED_EDGE ( 'NONE', *, *, #1635, .F. ) ;
#1799 = ORIENTED_EDGE ( 'NONE', *, *, #1120, .F. ) ;
#1800 = ORIENTED_EDGE ( 'NONE', *, *, #1050, .F. ) ;
#1801 = ORIENTED_EDGE ( 'NONE', *, *, #1266, .T. ) ;
#1802 = ORIENTED_EDGE ( 'NONE', *, *, #1545, .T. ) ;
#1803 = ORIENTED_EDGE ( 'NONE', *, *, #1804, .F. ) ;
#1804 = EDGE_CURVE ( 'NONE', #1482, #1661, #6358, .T. ) ;
#1805 = ORIENTED_EDGE ( 'NONE', *, *, #1481, .T. ) ;
#1806 = ORIENTED_EDGE ( 'NONE', *, *, #1672, .T. ) ;
#1807 = ADVANCED_FACE ( 'NONE', ( #6354 ), #6353, .F. ) ;
#1808 = EDGE_LOOP ( 'NONE', ( #1867, #1868, #1871, #1873, #1874, #1875 ) ) ;
#1809 = ORIENTED_EDGE ( 'NONE', *, *, #1810, .F. ) ;
#1810 = EDGE_CURVE ( 'NONE', #1811, #1498, #6348, .T. ) ;
#1811 = VERTEX_POINT ( 'NONE', #6344 ) ;
#1812 = ORIENTED_EDGE ( 'NONE', *, *, #1813, .T. ) ;
#1813 = EDGE_CURVE ( 'NONE', #1811, #1814, #6343, .T. ) ;
#1814 = VERTEX_POINT ( 'NONE', #6404 ) ;
#1815 = ORIENTED_EDGE ( 'NONE', *, *, #1816, .T. ) ;
#1816 = EDGE_CURVE ( 'NONE', #1814, #1501, #6403, .T. ) ;
#1817 = ORIENTED_EDGE ( 'NONE', *, *, #1500, .T. ) ;
#1818 = ADVANCED_FACE ( 'NONE', ( #6399 ), #6398, .F. ) ;
#1819 = EDGE_LOOP ( 'NONE', ( #1820, #1796, #1798, #1799, #1800, #1801, #1802, #1803, #1805, #1806 ) ) ;
#1820 = ORIENTED_EDGE ( 'NONE', *, *, #1685, .T. ) ;
#1821 = ORIENTED_EDGE ( 'NONE', *, *, #1348, .T. ) ;
#1822 = ORIENTED_EDGE ( 'NONE', *, *, #1439, .T. ) ;
#1823 = ORIENTED_EDGE ( 'NONE', *, *, #1824, .F. ) ;
#1824 = EDGE_CURVE ( 'NONE', #1761, #1527, #6393, .T. ) ;
#1825 = ADVANCED_FACE ( 'NONE', ( #6389 ), #6388, .F. ) ;
#1826 = EDGE_LOOP ( 'NONE', ( #1827, #1828, #1830, #1831 ) ) ;
#1827 = ORIENTED_EDGE ( 'NONE', *, *, #1766, .T. ) ;
#1828 = ORIENTED_EDGE ( 'NONE', *, *, #1829, .T. ) ;
#1829 = EDGE_CURVE ( 'NONE', #1764, #1677, #6383, .T. ) ;
#1830 = ORIENTED_EDGE ( 'NONE', *, *, #1676, .F. ) ;
#1831 = ORIENTED_EDGE ( 'NONE', *, *, #1269, .T. ) ;
#1832 = ADVANCED_FACE ( 'NONE', ( #6379 ), #6378, .F. ) ;
#1833 = EDGE_LOOP ( 'NONE', ( #1809, #1812, #1815, #1817 ) ) ;
#1834 = EDGE_CURVE ( 'NONE', #1726, #1789, #6437, .T. ) ;
#1835 = ORIENTED_EDGE ( 'NONE', *, *, #1839, .F. ) ;
#1836 = ORIENTED_EDGE ( 'NONE', *, *, #1837, .T. ) ;
#1837 = EDGE_CURVE ( 'NONE', #1865, #1811, #6433, .T. ) ;
#1838 = ORIENTED_EDGE ( 'NONE', *, *, #1810, .T. ) ;
#1839 = EDGE_CURVE ( 'NONE', #1865, #1411, #6429, .T. ) ;
#1840 = ORIENTED_EDGE ( 'NONE', *, *, #1410, .T. ) ;
#1841 = ADVANCED_FACE ( 'NONE', ( #6425 ), #6424, .F. ) ;
#1842 = EDGE_LOOP ( 'NONE', ( #1843, #1846, #1849, #1851 ) ) ;
#1843 = ORIENTED_EDGE ( 'NONE', *, *, #1844, .F. ) ;
#1844 = EDGE_CURVE ( 'NONE', #1845, #1504, #6419, .T. ) ;
#1845 = VERTEX_POINT ( 'NONE', #6415 ) ;
#1846 = ORIENTED_EDGE ( 'NONE', *, *, #1847, .T. ) ;
#1847 = EDGE_CURVE ( 'NONE', #1845, #1848, #6414, .T. ) ;
#1848 = VERTEX_POINT ( 'NONE', #6410 ) ;
#1849 = ORIENTED_EDGE ( 'NONE', *, *, #1850, .T. ) ;
#1850 = EDGE_CURVE ( 'NONE', #1848, #1507, #6409, .T. ) ;
#1851 = ORIENTED_EDGE ( 'NONE', *, *, #1506, .T. ) ;
#1852 = ADVANCED_FACE ( 'NONE', ( #6468 ), #6467, .F. ) ;
#1853 = ORIENTED_EDGE ( 'NONE', *, *, #1771, .F. ) ;
#1854 = ORIENTED_EDGE ( 'NONE', *, *, #1855, .T. ) ;
#1855 = EDGE_CURVE ( 'NONE', #1769, #1856, #6462, .T. ) ;
#1856 = VERTEX_POINT ( 'NONE', #6458 ) ;
#1857 = ORIENTED_EDGE ( 'NONE', *, *, #1858, .T. ) ;
#1858 = EDGE_CURVE ( 'NONE', #1856, #1408, #6457, .T. ) ;
#1859 = ORIENTED_EDGE ( 'NONE', *, *, #1407, .T. ) ;
#1860 = ADVANCED_FACE ( 'NONE', ( #6453 ), #6452, .F. ) ;
#1861 = EDGE_LOOP ( 'NONE', ( #1862, #1863, #1866, #1840 ) ) ;
#1862 = ORIENTED_EDGE ( 'NONE', *, *, #1858, .F. ) ;
#1863 = ORIENTED_EDGE ( 'NONE', *, *, #1864, .T. ) ;
#1864 = EDGE_CURVE ( 'NONE', #1856, #1865, #6447, .T. ) ;
#1865 = VERTEX_POINT ( 'NONE', #6443 ) ;
#1866 = ORIENTED_EDGE ( 'NONE', *, *, #1839, .T. ) ;
#1867 = ORIENTED_EDGE ( 'NONE', *, *, #1401, .T. ) ;
#1868 = ORIENTED_EDGE ( 'NONE', *, *, #1869, .T. ) ;
#1869 = EDGE_CURVE ( 'NONE', #1399, #1870, #6442, .T. ) ;
#1870 = VERTEX_POINT ( 'NONE', #6438 ) ;
#1871 = ORIENTED_EDGE ( 'NONE', *, *, #1872, .T. ) ;
#1872 = EDGE_CURVE ( 'NONE', #1870, #1793, #6503, .T. ) ;
#1873 = ORIENTED_EDGE ( 'NONE', *, *, #1731, .F. ) ;
#1874 = ORIENTED_EDGE ( 'NONE', *, *, #1755, .F. ) ;
#1875 = ORIENTED_EDGE ( 'NONE', *, *, #1774, .T. ) ;
#1876 = ADVANCED_FACE ( 'NONE', ( #6499 ), #6498, .F. ) ;
#1877 = EDGE_CURVE ( 'NONE', #1878, #1723, #6493, .T. ) ;
#1878 = VERTEX_POINT ( 'NONE', #6489 ) ;
#1879 = ORIENTED_EDGE ( 'NONE', *, *, #1880, .F. ) ;
#1880 = EDGE_CURVE ( 'NONE', #1881, #1878, #6488, .T. ) ;
#1881 = VERTEX_POINT ( 'NONE', #6484 ) ;
#1882 = EDGE_CURVE ( 'NONE', #1909, #1760, #6483, .T. ) ;
#1883 = ORIENTED_EDGE ( 'NONE', *, *, #1884, .F. ) ;
#1884 = EDGE_CURVE ( 'NONE', #1885, #1909, #6479, .T. ) ;
#1885 = VERTEX_POINT ( 'NONE', #6475 ) ;
#1886 = ORIENTED_EDGE ( 'NONE', *, *, #1887, .T. ) ;
#1887 = EDGE_CURVE ( 'NONE', #1885, #1680, #6474, .T. ) ;
#1888 = ORIENTED_EDGE ( 'NONE', *, *, #1679, .F. ) ;
#1889 = ORIENTED_EDGE ( 'NONE', *, *, #1829, .F. ) ;
#1890 = ADVANCED_FACE ( 'NONE', ( #6537 ), #6536, .F. ) ;
#1891 = EDGE_LOOP ( 'NONE', ( #1892, #1896, #1952, #1953 ) ) ;
#1892 = ORIENTED_EDGE ( 'NONE', *, *, #1893, .F. ) ;
#1893 = EDGE_CURVE ( 'NONE', #1894, #1895, #6531, .T. ) ;
#1894 = VERTEX_POINT ( 'NONE', #6527 ) ;
#1895 = VERTEX_POINT ( 'NONE', #6526 ) ;
#1896 = ORIENTED_EDGE ( 'NONE', *, *, #1951, .T. ) ;
#1897 = ORIENTED_EDGE ( 'NONE', *, *, #1497, .T. ) ;
#1898 = ADVANCED_FACE ( 'NONE', ( #6525 ), #6524, .F. ) ;
#1899 = EDGE_LOOP ( 'NONE', ( #1900, #1901, #1903, #1904 ) ) ;
#1900 = ORIENTED_EDGE ( 'NONE', *, *, #1816, .F. ) ;
#1901 = ORIENTED_EDGE ( 'NONE', *, *, #1902, .T. ) ;
#1902 = EDGE_CURVE ( 'NONE', #1814, #1845, #6519, .T. ) ;
#1903 = ORIENTED_EDGE ( 'NONE', *, *, #1844, .T. ) ;
#1904 = ORIENTED_EDGE ( 'NONE', *, *, #1503, .T. ) ;
#1905 = ADVANCED_FACE ( 'NONE', ( #6515 ), #6514, .F. ) ;
#1906 = EDGE_LOOP ( 'NONE', ( #1907, #1908, #1883, #1886, #1888, #1889 ) ) ;
#1907 = ORIENTED_EDGE ( 'NONE', *, *, #1763, .T. ) ;
#1908 = ORIENTED_EDGE ( 'NONE', *, *, #1882, .F. ) ;
#1909 = VERTEX_POINT ( 'NONE', #6509 ) ;
#1910 = ORIENTED_EDGE ( 'NONE', *, *, #1850, .F. ) ;
#1911 = ORIENTED_EDGE ( 'NONE', *, *, #1912, .T. ) ;
#1912 = EDGE_CURVE ( 'NONE', #1848, #1761, #6508, .T. ) ;
#1913 = ORIENTED_EDGE ( 'NONE', *, *, #1824, .T. ) ;
#1914 = ORIENTED_EDGE ( 'NONE', *, *, #1526, .T. ) ;
#1915 = ADVANCED_FACE ( 'NONE', ( #6504 ), #6575, .F. ) ;
#1916 = EDGE_LOOP ( 'NONE', ( #1835, #1836, #1838, #1897 ) ) ;
#1917 = ORIENTED_EDGE ( 'NONE', *, *, #1918, .T. ) ;
#1918 = EDGE_CURVE ( 'NONE', #2004, #1919, #6570, .T. ) ;
#1919 = VERTEX_POINT ( 'NONE', #6566 ) ;
#1920 = ORIENTED_EDGE ( 'NONE', *, *, #1921, .T. ) ;
#1921 = EDGE_CURVE ( 'NONE', #1919, #2001, #6565, .T. ) ;
#1922 = EDGE_LOOP ( 'NONE', ( #1923, #1985, #1988, #1991 ) ) ;
#1923 = ORIENTED_EDGE ( 'NONE', *, *, #1924, .F. ) ;
#1924 = EDGE_CURVE ( 'NONE', #1925, #1926, #6561, .T. ) ;
#1925 = VERTEX_POINT ( 'NONE', #6557 ) ;
#1926 = VERTEX_POINT ( 'NONE', #6556 ) ;
#1927 = ORIENTED_EDGE ( 'NONE', *, *, #1912, .F. ) ;
#1928 = ORIENTED_EDGE ( 'NONE', *, *, #1847, .F. ) ;
#1929 = ORIENTED_EDGE ( 'NONE', *, *, #1902, .F. ) ;
#1930 = ORIENTED_EDGE ( 'NONE', *, *, #1813, .F. ) ;
#1931 = ORIENTED_EDGE ( 'NONE', *, *, #1837, .F. ) ;
#1932 = ORIENTED_EDGE ( 'NONE', *, *, #1864, .F. ) ;
#1933 = ORIENTED_EDGE ( 'NONE', *, *, #1855, .F. ) ;
#1934 = ADVANCED_FACE ( 'NONE', ( #6555, #6554, #6553, #6552, #6551, #6550, #6549, #6548, #6547 ), #6546, .T. ) ;
#1935 = EDGE_LOOP ( 'NONE', ( #1936, #2002, #1917, #1920 ) ) ;
#1936 = ORIENTED_EDGE ( 'NONE', *, *, #1937, .F. ) ;
#1937 = EDGE_CURVE ( 'NONE', #1938, #2001, #6541, .T. ) ;
#1938 = VERTEX_POINT ( 'NONE', #6606 ) ;
#1939 = ORIENTED_EDGE ( 'NONE', *, *, #1940, .T. ) ;
#1940 = EDGE_CURVE ( 'NONE', #1881, #1633, #6605, .T. ) ;
#1941 = ORIENTED_EDGE ( 'NONE', *, *, #1792, .T. ) ;
#1942 = ORIENTED_EDGE ( 'NONE', *, *, #1834, .F. ) ;
#1943 = ADVANCED_FACE ( 'NONE', ( #6601 ), #6600, .F. ) ;
#1944 = EDGE_LOOP ( 'NONE', ( #1945, #1946, #1947, #1949, #1950, #1927, #1928, #1929, #1930, #1931, #1932, #1933 ) ) ;
#1945 = ORIENTED_EDGE ( 'NONE', *, *, #1768, .T. ) ;
#1946 = ORIENTED_EDGE ( 'NONE', *, *, #1940, .F. ) ;
#1947 = ORIENTED_EDGE ( 'NONE', *, *, #1948, .F. ) ;
#1948 = EDGE_CURVE ( 'NONE', #1909, #1881, #6595, .T. ) ;
#1949 = ORIENTED_EDGE ( 'NONE', *, *, #1882, .T. ) ;
#1950 = ORIENTED_EDGE ( 'NONE', *, *, #1759, .T. ) ;
#1951 = EDGE_CURVE ( 'NONE', #1894, #1662, #6591, .T. ) ;
#1952 = ORIENTED_EDGE ( 'NONE', *, *, #1752, .F. ) ;
#1953 = ORIENTED_EDGE ( 'NONE', *, *, #1954, .F. ) ;
#1954 = EDGE_CURVE ( 'NONE', #1895, #1750, #6587, .T. ) ;
#1955 = ADVANCED_FACE ( 'NONE', ( #6583 ), #6582, .F. ) ;
#1956 = EDGE_LOOP ( 'NONE', ( #1957, #1958, #1879, #1939, #1941, #1942 ) ) ;
#1957 = ORIENTED_EDGE ( 'NONE', *, *, #1725, .F. ) ;
#1958 = ORIENTED_EDGE ( 'NONE', *, *, #1877, .F. ) ;
#1959 = EDGE_CURVE ( 'NONE', #1960, #1961, #6577, .T. ) ;
#1960 = VERTEX_POINT ( 'NONE', #6636 ) ;
#1961 = VERTEX_POINT ( 'NONE', #6635 ) ;
#1962 = ORIENTED_EDGE ( 'NONE', *, *, #1963, .T. ) ;
#1963 = EDGE_CURVE ( 'NONE', #1960, #1964, #6634, .T. ) ;
#1964 = VERTEX_POINT ( 'NONE', #6630 ) ;
#1965 = ORIENTED_EDGE ( 'NONE', *, *, #1966, .T. ) ;
#1966 = EDGE_CURVE ( 'NONE', #1964, #1967, #6629, .T. ) ;
#1967 = VERTEX_POINT ( 'NONE', #6625 ) ;
#1968 = ORIENTED_EDGE ( 'NONE', *, *, #1969, .T. ) ;
#1969 = EDGE_CURVE ( 'NONE', #1967, #1961, #6624, .T. ) ;
#1970 = ORIENTED_EDGE ( 'NONE', *, *, #1971, .T. ) ;
#1971 = EDGE_CURVE ( 'NONE', #2000, #1972, #6620, .T. ) ;
#1972 = VERTEX_POINT ( 'NONE', #6616 ) ;
#1973 = ORIENTED_EDGE ( 'NONE', *, *, #1974, .T. ) ;
#1974 = EDGE_CURVE ( 'NONE', #1972, #1997, #6615, .T. ) ;
#1975 = EDGE_LOOP ( 'NONE', ( #1976, #1980, #1983, #2045 ) ) ;
#1976 = ORIENTED_EDGE ( 'NONE', *, *, #1977, .F. ) ;
#1977 = EDGE_CURVE ( 'NONE', #1978, #1979, #6611, .T. ) ;
#1978 = VERTEX_POINT ( 'NONE', #6607 ) ;
#1979 = VERTEX_POINT ( 'NONE', #6671 ) ;
#1980 = ORIENTED_EDGE ( 'NONE', *, *, #1981, .T. ) ;
#1981 = EDGE_CURVE ( 'NONE', #1978, #1982, #6670, .T. ) ;
#1982 = VERTEX_POINT ( 'NONE', #6666 ) ;
#1983 = ORIENTED_EDGE ( 'NONE', *, *, #1984, .T. ) ;
#1984 = EDGE_CURVE ( 'NONE', #1982, #2044, #6665, .T. ) ;
#1985 = ORIENTED_EDGE ( 'NONE', *, *, #1986, .T. ) ;
#1986 = EDGE_CURVE ( 'NONE', #1925, #1987, #6661, .T. ) ;
#1987 = VERTEX_POINT ( 'NONE', #6657 ) ;
#1988 = ORIENTED_EDGE ( 'NONE', *, *, #1989, .T. ) ;
#1989 = EDGE_CURVE ( 'NONE', #1987, #1990, #6656, .T. ) ;
#1990 = VERTEX_POINT ( 'NONE', #6652 ) ;
#1991 = ORIENTED_EDGE ( 'NONE', *, *, #1992, .T. ) ;
#1992 = EDGE_CURVE ( 'NONE', #1990, #1926, #6651, .T. ) ;
#1993 = EDGE_LOOP ( 'NONE', ( #1994, #1998, #1970, #1973 ) ) ;
#1994 = ORIENTED_EDGE ( 'NONE', *, *, #1995, .F. ) ;
#1995 = EDGE_CURVE ( 'NONE', #1996, #1997, #6647, .T. ) ;
#1996 = VERTEX_POINT ( 'NONE', #6643 ) ;
#1997 = VERTEX_POINT ( 'NONE', #6642 ) ;
#1998 = ORIENTED_EDGE ( 'NONE', *, *, #1999, .T. ) ;
#1999 = EDGE_CURVE ( 'NONE', #1996, #2000, #6640, .T. ) ;
#2000 = VERTEX_POINT ( 'NONE', #6702 ) ;
#2001 = VERTEX_POINT ( 'NONE', #6701 ) ;
#2002 = ORIENTED_EDGE ( 'NONE', *, *, #2003, .T. ) ;
#2003 = EDGE_CURVE ( 'NONE', #1938, #2004, #6700, .T. ) ;
#2004 = VERTEX_POINT ( 'NONE', #6696 ) ;
#2005 = EDGE_LOOP ( 'NONE', ( #2006, #2007, #2008, #2009, #2074, #2076, #2077, #2080, #2083, #2059, #2062, #2065, #2068, #2070, #2071, #2117 ) ) ;
#2006 = ORIENTED_EDGE ( 'NONE', *, *, #1884, .T. ) ;
#2007 = ORIENTED_EDGE ( 'NONE', *, *, #1948, .T. ) ;
#2008 = ORIENTED_EDGE ( 'NONE', *, *, #1880, .T. ) ;
#2009 = ORIENTED_EDGE ( 'NONE', *, *, #2010, .F. ) ;
#2010 = EDGE_CURVE ( 'NONE', #2011, #1878, #6695, .T. ) ;
#2011 = VERTEX_POINT ( 'NONE', #6691 ) ;
#2012 = EDGE_CURVE ( 'NONE', #2043, #2013, #6690, .T. ) ;
#2013 = VERTEX_POINT ( 'NONE', #6686 ) ;
#2014 = ORIENTED_EDGE ( 'NONE', *, *, #2015, .T. ) ;
#2015 = EDGE_CURVE ( 'NONE', #2043, #2016, #6685, .T. ) ;
#2016 = VERTEX_POINT ( 'NONE', #6681 ) ;
#2017 = ORIENTED_EDGE ( 'NONE', *, *, #2018, .T. ) ;
#2018 = EDGE_CURVE ( 'NONE', #2016, #2019, #6680, .T. ) ;
#2019 = VERTEX_POINT ( 'NONE', #6676 ) ;
#2020 = ORIENTED_EDGE ( 'NONE', *, *, #2021, .T. ) ;
#2021 = EDGE_CURVE ( 'NONE', #2019, #2013, #6675, .T. ) ;
#2022 = EDGE_LOOP ( 'NONE', ( #2023, #2086, #2088, #2091 ) ) ;
#2023 = ORIENTED_EDGE ( 'NONE', *, *, #2024, .F. ) ;
#2024 = EDGE_CURVE ( 'NONE', #2025, #2026, #6735, .T. ) ;
#2025 = VERTEX_POINT ( 'NONE', #6731 ) ;
#2026 = VERTEX_POINT ( 'NONE', #6730 ) ;
#2027 = VERTEX_POINT ( 'NONE', #6729 ) ;
#2028 = EDGE_LOOP ( 'NONE', ( #2029, #2033, #2036, #2039 ) ) ;
#2029 = ORIENTED_EDGE ( 'NONE', *, *, #2030, .F. ) ;
#2030 = EDGE_CURVE ( 'NONE', #2031, #2032, #6728, .T. ) ;
#2031 = VERTEX_POINT ( 'NONE', #6724 ) ;
#2032 = VERTEX_POINT ( 'NONE', #6723 ) ;
#2033 = ORIENTED_EDGE ( 'NONE', *, *, #2034, .T. ) ;
#2034 = EDGE_CURVE ( 'NONE', #2031, #2035, #6722, .T. ) ;
#2035 = VERTEX_POINT ( 'NONE', #6718 ) ;
#2036 = ORIENTED_EDGE ( 'NONE', *, *, #2037, .T. ) ;
#2037 = EDGE_CURVE ( 'NONE', #2035, #2038, #6717, .T. ) ;
#2038 = VERTEX_POINT ( 'NONE', #6713 ) ;
#2039 = ORIENTED_EDGE ( 'NONE', *, *, #2040, .T. ) ;
#2040 = EDGE_CURVE ( 'NONE', #2038, #2032, #6712, .T. ) ;
#2041 = EDGE_LOOP ( 'NONE', ( #2042, #2014, #2017, #2020 ) ) ;
#2042 = ORIENTED_EDGE ( 'NONE', *, *, #2012, .F. ) ;
#2043 = VERTEX_POINT ( 'NONE', #6708 ) ;
#2044 = VERTEX_POINT ( 'NONE', #6707 ) ;
#2045 = ORIENTED_EDGE ( 'NONE', *, *, #2046, .T. ) ;
#2046 = EDGE_CURVE ( 'NONE', #2044, #1979, #6706, .T. ) ;
#2047 = EDGE_LOOP ( 'NONE', ( #2048, #1962, #1965, #1968 ) ) ;
#2048 = ORIENTED_EDGE ( 'NONE', *, *, #1959, .F. ) ;
#2049 = ADVANCED_FACE ( 'NONE', ( #6766 ), #6764, .F. ) ;
#2050 = EDGE_LOOP ( 'NONE', ( #2051, #2052, #2053, #2054 ) ) ;
#2051 = ORIENTED_EDGE ( 'NONE', *, *, #1109, .F. ) ;
#2052 = ORIENTED_EDGE ( 'NONE', *, *, #1167, .F. ) ;
#2053 = ORIENTED_EDGE ( 'NONE', *, *, #1359, .T. ) ;
#2054 = ORIENTED_EDGE ( 'NONE', *, *, #1784, .F. ) ;
#2055 = ADVANCED_FACE ( 'NONE', ( #6765 ), #6759, .F. ) ;
#2056 = EDGE_LOOP ( 'NONE', ( #2057, #2058, #37, #5 ) ) ;
#2057 = ORIENTED_EDGE ( 'NONE', *, *, #1154, .F. ) ;
#2058 = ORIENTED_EDGE ( 'NONE', *, *, #1138, .F. ) ;
#2059 = ORIENTED_EDGE ( 'NONE', *, *, #2060, .T. ) ;
#2060 = EDGE_CURVE ( 'NONE', #2085, #2061, #6754, .T. ) ;
#2061 = VERTEX_POINT ( 'NONE', #6750 ) ;
#2062 = ORIENTED_EDGE ( 'NONE', *, *, #2063, .T. ) ;
#2063 = EDGE_CURVE ( 'NONE', #2061, #2064, #6749, .T. ) ;
#2064 = VERTEX_POINT ( 'NONE', #6745 ) ;
#2065 = ORIENTED_EDGE ( 'NONE', *, *, #2066, .T. ) ;
#2066 = EDGE_CURVE ( 'NONE', #2064, #2067, #6744, .T. ) ;
#2067 = VERTEX_POINT ( 'NONE', #6740 ) ;
#2068 = ORIENTED_EDGE ( 'NONE', *, *, #2069, .T. ) ;
#2069 = EDGE_CURVE ( 'NONE', #2067, #1894, #6739, .T. ) ;
#2070 = ORIENTED_EDGE ( 'NONE', *, *, #1893, .T. ) ;
#2071 = ORIENTED_EDGE ( 'NONE', *, *, #2072, .F. ) ;
#2072 = EDGE_CURVE ( 'NONE', #2073, #1895, #6799, .T. ) ;
#2073 = VERTEX_POINT ( 'NONE', #6795 ) ;
#2074 = ORIENTED_EDGE ( 'NONE', *, *, #2075, .F. ) ;
#2075 = EDGE_CURVE ( 'NONE', #1327, #2011, #6794, .T. ) ;
#2076 = ORIENTED_EDGE ( 'NONE', *, *, #1326, .T. ) ;
#2077 = ORIENTED_EDGE ( 'NONE', *, *, #2078, .T. ) ;
#2078 = EDGE_CURVE ( 'NONE', #1324, #2079, #6790, .T. ) ;
#2079 = VERTEX_POINT ( 'NONE', #6786 ) ;
#2080 = ORIENTED_EDGE ( 'NONE', *, *, #2081, .T. ) ;
#2081 = EDGE_CURVE ( 'NONE', #2079, #2082, #6785, .T. ) ;
#2082 = VERTEX_POINT ( 'NONE', #6781 ) ;
#2083 = ORIENTED_EDGE ( 'NONE', *, *, #2084, .T. ) ;
#2084 = EDGE_CURVE ( 'NONE', #2082, #2085, #6780, .T. ) ;
#2085 = VERTEX_POINT ( 'NONE', #6776 ) ;
#2086 = ORIENTED_EDGE ( 'NONE', *, *, #2087, .T. ) ;
#2087 = EDGE_CURVE ( 'NONE', #2025, #2027, #6775, .T. ) ;
#2088 = ORIENTED_EDGE ( 'NONE', *, *, #2089, .T. ) ;
#2089 = EDGE_CURVE ( 'NONE', #2027, #2090, #6771, .T. ) ;
#2090 = VERTEX_POINT ( 'NONE', #6767 ) ;
#2091 = ORIENTED_EDGE ( 'NONE', *, *, #2092, .T. ) ;
#2092 = EDGE_CURVE ( 'NONE', #2090, #2026, #6834, .T. ) ;
#2093 = AXIS2_PLACEMENT_3D ( 'NONE', #2149, #2148, #2147 ) ;
#2094 = PLANE ( 'NONE',  #2093 ) ;
#2095 = FACE_OUTER_BOUND ( 'NONE', #7, .T. ) ;
#2096 = DIRECTION ( 'NONE',  ( 0.0000000000000000000, -1.000000000000000000, -8.340016711426957800E-017 ) ) ;
#2097 = DIRECTION ( 'NONE',  ( 0.0000000000000000000, -8.340016711426957800E-017, 1.000000000000000000 ) ) ;
#2098 = CARTESIAN_POINT ( 'NONE',  ( 7.249999999999999100, 1.849999999999999600, 2.349999999999998300 ) ) ;
#2099 = AXIS2_PLACEMENT_3D ( 'NONE', #2098, #2097, #2096 ) ;
#2100 = PLANE ( 'NONE',  #2099 ) ;
#2101 =( GEOMETRIC_REPRESENTATION_CONTEXT ( 3 ) GLOBAL_UNCERTAINTY_ASSIGNED_CONTEXT ( ( #2102 ) ) GLOBAL_UNIT_ASSIGNED_CONTEXT ( ( #2105, #2104, #2103 ) ) REPRESENTATION_CONTEXT ( 'NONE', 'WORKASPACE' ) );
#2102 = UNCERTAINTY_MEASURE_WITH_UNIT (LENGTH_MEASURE( 1.000000000000000100E-005 ), #2105, 'distance_accuracy_value', 'NONE');
#2103 =( NAMED_UNIT ( * ) SI_UNIT ( $, .STERADIAN. ) SOLID_ANGLE_UNIT ( ) );
#2104 =( NAMED_UNIT ( * ) PLANE_ANGLE_UNIT ( ) SI_UNIT ( $, .RADIAN. ) );
#2105 =( LENGTH_UNIT ( ) NAMED_UNIT ( * ) SI_UNIT ( .MILLI., .METRE. ) );
#2106 = MECHANICAL_DESIGN_GEOMETRIC_PRESENTATION_REPRESENTATION (  '', ( #2108 ), #2101 ) ;
#2107 = PRESENTATION_LAYER_ASSIGNMENT (  '', '', ( #2108 ) ) ;
#2108 = STYLED_ITEM ( 'NONE', ( #2109 ), #2 ) ;
#2109 = PRESENTATION_STYLE_ASSIGNMENT (( #2110 ) ) ;
#2110 = SURFACE_STYLE_USAGE ( .BOTH. , #2111 ) ;
#2111 = SURFACE_SIDE_STYLE ('',( #2112 ) ) ;
#2112 = SURFACE_STYLE_FILL_AREA ( #2113 ) ;
#2113 = FILL_AREA_STYLE ('',( #2114 ) ) ;
#2114 = FILL_AREA_STYLE_COLOUR ( '', #2115 ) ;
#2115 = COLOUR_RGB ( '',0.7529411764705882200, 0.7529411764705882200, 0.7529411764705882200 ) ;
#2116 = FACE_OUTER_BOUND ( 'NONE', #98, .T. ) ;
#2117 = ORIENTED_EDGE ( 'NONE', *, *, #2118, .F. ) ;
#2118 = EDGE_CURVE ( 'NONE', #1885, #2073, #6830, .T. ) ;
#2119 = DIRECTION ( 'NONE',  ( 0.0000000000000000000, -1.000000000000000000, 0.0000000000000000000 ) ) ;
#2120 = VECTOR ( 'NONE', #2119, 1000.000000000000000 ) ;
#2121 = CARTESIAN_POINT ( 'NONE',  ( -8.900000000000002100, -4.499999999999998200, 5.599999999999998800 ) ) ;
#2122 = LINE ( 'NONE', #2121, #2120 ) ;
#2123 = CARTESIAN_POINT ( 'NONE',  ( -8.900000000000002100, 1.149999999999999900, 5.599999999999998800 ) ) ;
#2124 = DIRECTION ( 'NONE',  ( 0.0000000000000000000, 0.0000000000000000000, -1.000000000000000000 ) ) ;
#2125 = VECTOR ( 'NONE', #2124, 1000.000000000000000 ) ;
#2126 = CARTESIAN_POINT ( 'NONE',  ( -8.900000000000002100, 1.149999999999999900, 5.700000000000000200 ) ) ;
#2127 = LINE ( 'NONE', #2126, #2125 ) ;
#2128 = DIRECTION ( 'NONE',  ( 0.0000000000000000000, 0.0000000000000000000, -1.000000000000000000 ) ) ;
#2129 = DIRECTION ( 'NONE',  ( 1.000000000000000000, 0.0000000000000000000, 0.0000000000000000000 ) ) ;
#2130 = CARTESIAN_POINT ( 'NONE',  ( -8.900000000000002100, -1.599999999999999900, 5.700000000000000200 ) ) ;
#2131 = AXIS2_PLACEMENT_3D ( 'NONE', #2130, #2129, #2128 ) ;
#2132 = PLANE ( 'NONE',  #2131 ) ;
#2133 = FACE_OUTER_BOUND ( 'NONE', #20, .T. ) ;
#2134 = CARTESIAN_POINT ( 'NONE',  ( 8.900000000000002100, -4.499999999999998200, 5.599999999999998800 ) ) ;
#2135 = CARTESIAN_POINT ( 'NONE',  ( -9.304999999999999700, -1.649999999999998600, 1.599999999999999200 ) ) ;
#2136 = CARTESIAN_POINT ( 'NONE',  ( -9.305000000000001500, 1.150000000000000800, 1.599999999999999200 ) ) ;
#2137 = DIRECTION ( 'NONE',  ( 6.195440985631455300E-016, -1.000000000000000000, 0.0000000000000000000 ) ) ;
#2138 = VECTOR ( 'NONE', #2137, 1000.000000000000000 ) ;
#2139 = CARTESIAN_POINT ( 'NONE',  ( -9.305000000000001500, 1.150000000000000800, 1.599999999999999200 ) ) ;
#2140 = LINE ( 'NONE', #2139, #2138 ) ;
#2141 = DIRECTION ( 'NONE',  ( 0.0000000000000000000, -1.000000000000000000, -1.224606353822377500E-016 ) ) ;
#2142 = DIRECTION ( 'NONE',  ( 0.0000000000000000000, -1.224606353822377500E-016, 1.000000000000000000 ) ) ;
#2143 = CARTESIAN_POINT ( 'NONE',  ( -10.00000000000000000, -1.950000000000000400, 1.599999999999999200 ) ) ;
#2144 = AXIS2_PLACEMENT_3D ( 'NONE', #2143, #2142, #2141 ) ;
#2145 = PLANE ( 'NONE',  #2144 ) ;
#2146 = FACE_OUTER_BOUND ( 'NONE', #13, .T. ) ;
#2147 = DIRECTION ( 'NONE',  ( 0.0000000000000000000, 1.224606353822377300E-016, -1.000000000000000000 ) ) ;
#2148 = DIRECTION ( 'NONE',  ( 0.0000000000000000000, -1.000000000000000000, -1.224606353822377300E-016 ) ) ;
#2149 = CARTESIAN_POINT ( 'NONE',  ( 10.00000000000000000, -1.950000000000000400, 1.599999999999999200 ) ) ;
#2150 = FACE_OUTER_BOUND ( 'NONE', #49, .T. ) ;
#2151 = DIRECTION ( 'NONE',  ( 0.0000000000000000000, 0.0000000000000000000, -1.000000000000000000 ) ) ;
#2152 = VECTOR ( 'NONE', #2151, 1000.000000000000000 ) ;
#2153 = CARTESIAN_POINT ( 'NONE',  ( 0.8000000000000000400, -0.1500000000000016900, 4.599999999999997900 ) ) ;
#2154 = LINE ( 'NONE', #2153, #2152 ) ;
#2155 = DIRECTION ( 'NONE',  ( 0.0000000000000000000, 0.0000000000000000000, -1.000000000000000000 ) ) ;
#2156 = VECTOR ( 'NONE', #2155, 1000.000000000000000 ) ;
#2157 = CARTESIAN_POINT ( 'NONE',  ( -0.8000000000000000400, -0.1500000000000016900, 4.599999999999997900 ) ) ;
#2158 = LINE ( 'NONE', #2157, #2156 ) ;
#2159 = DIRECTION ( 'NONE',  ( 0.0000000000000000000, 0.0000000000000000000, 1.000000000000000000 ) ) ;
#2160 = DIRECTION ( 'NONE',  ( 0.0000000000000000000, 1.000000000000000000, 0.0000000000000000000 ) ) ;
#2161 = CARTESIAN_POINT ( 'NONE',  ( 0.8000000000000000400, -0.1500000000000016900, 4.599999999999997900 ) ) ;
#2162 = AXIS2_PLACEMENT_3D ( 'NONE', #2161, #2160, #2159 ) ;
#2163 = PLANE ( 'NONE',  #2162 ) ;
#2164 = FACE_OUTER_BOUND ( 'NONE', #41, .T. ) ;
#2165 = DIRECTION ( 'NONE',  ( 0.0000000000000000000, 1.224606353822377300E-016, -1.000000000000000000 ) ) ;
#2166 = DIRECTION ( 'NONE',  ( -5.473822126268817900E-048, -1.000000000000000000, -1.224606353822377300E-016 ) ) ;
#2167 = CARTESIAN_POINT ( 'NONE',  ( -10.00000000000000000, -1.950000000000000400, -5.633189227582932200E-016 ) ) ;
#2168 = AXIS2_PLACEMENT_3D ( 'NONE', #2167, #2166, #2165 ) ;
#2169 = PLANE ( 'NONE',  #2168 ) ;
#2170 = FACE_OUTER_BOUND ( 'NONE', #93, .T. ) ;
#2171 = DIRECTION ( 'NONE',  ( 1.000000000000000000, 2.409338161078898700E-016, 0.0000000000000000000 ) ) ;
#2172 = VECTOR ( 'NONE', #2171, 1000.000000000000000 ) ;
#2173 = CARTESIAN_POINT ( 'NONE',  ( -9.305000000000001500, 1.150000000000000800, 1.599999999999999200 ) ) ;
#2174 = LINE ( 'NONE', #2173, #2172 ) ;
#2175 = DIRECTION ( 'NONE',  ( 1.000000000000000000, 0.0000000000000000000, 0.0000000000000000000 ) ) ;
#2176 = VECTOR ( 'NONE', #2175, 1000.000000000000000 ) ;
#2177 = CARTESIAN_POINT ( 'NONE',  ( -10.00000000000000000, -1.950000000000000400, 1.599999999999999200 ) ) ;
#2178 = LINE ( 'NONE', #2177, #2176 ) ;
#2179 = DIRECTION ( 'NONE',  ( 1.000000000000000000, 2.409338161078898700E-016, 0.0000000000000000000 ) ) ;
#2180 = VECTOR ( 'NONE', #2179, 1000.000000000000000 ) ;
#2181 = CARTESIAN_POINT ( 'NONE',  ( -9.304999999999999700, -1.649999999999998600, 1.599999999999999200 ) ) ;
#2182 = LINE ( 'NONE', #2181, #2180 ) ;
#2183 = CARTESIAN_POINT ( 'NONE',  ( 0.8000000000000000400, 1.699999999999998400, 5.199999999999998400 ) ) ;
#2184 = LINE ( 'NONE', #2183, #2250 ) ;
#2185 = CARTESIAN_POINT ( 'NONE',  ( 0.8000000000000000400, 1.699999999999998400, 5.199999999999998400 ) ) ;
#2186 = DIRECTION ( 'NONE',  ( 0.0000000000000000000, -1.000000000000000000, 0.0000000000000000000 ) ) ;
#2187 = VECTOR ( 'NONE', #2186, 1000.000000000000000 ) ;
#2188 = CARTESIAN_POINT ( 'NONE',  ( 0.8000000000000000400, 1.699999999999998400, 5.199999999999998400 ) ) ;
#2189 = LINE ( 'NONE', #2188, #2187 ) ;
#2190 = CARTESIAN_POINT ( 'NONE',  ( 0.8000000000000000400, -0.1500000000000016900, 5.199999999999998400 ) ) ;
#2191 = DIRECTION ( 'NONE',  ( -1.000000000000000000, 0.0000000000000000000, 0.0000000000000000000 ) ) ;
#2192 = VECTOR ( 'NONE', #2191, 1000.000000000000000 ) ;
#2193 = CARTESIAN_POINT ( 'NONE',  ( 0.8000000000000000400, -0.1500000000000016900, 5.199999999999998400 ) ) ;
#2194 = LINE ( 'NONE', #2193, #2192 ) ;
#2195 = CARTESIAN_POINT ( 'NONE',  ( -0.8000000000000000400, -0.1500000000000016900, 5.199999999999998400 ) ) ;
#2196 = CARTESIAN_POINT ( 'NONE',  ( -0.8000000000000000400, 1.699999999999998400, 5.199999999999998400 ) ) ;
#2197 = DIRECTION ( 'NONE',  ( 0.0000000000000000000, -1.000000000000000000, 0.0000000000000000000 ) ) ;
#2198 = VECTOR ( 'NONE', #2197, 1000.000000000000000 ) ;
#2199 = CARTESIAN_POINT ( 'NONE',  ( -0.8000000000000000400, 1.699999999999998400, 5.199999999999998400 ) ) ;
#2200 = LINE ( 'NONE', #2199, #2198 ) ;
#2201 = DIRECTION ( 'NONE',  ( -1.000000000000000000, 0.0000000000000000000, 0.0000000000000000000 ) ) ;
#2202 = DIRECTION ( 'NONE',  ( 0.0000000000000000000, 0.0000000000000000000, -1.000000000000000000 ) ) ;
#2203 = CARTESIAN_POINT ( 'NONE',  ( 0.8000000000000000400, 1.699999999999998400, 5.199999999999998400 ) ) ;
#2204 = AXIS2_PLACEMENT_3D ( 'NONE', #2203, #2202, #2201 ) ;
#2205 = PLANE ( 'NONE',  #2204 ) ;
#2206 = FACE_OUTER_BOUND ( 'NONE', #79, .T. ) ;
#2207 = DIRECTION ( 'NONE',  ( 0.0000000000000000000, 0.0000000000000000000, 1.000000000000000000 ) ) ;
#2208 = VECTOR ( 'NONE', #2207, 1000.000000000000000 ) ;
#2209 = CARTESIAN_POINT ( 'NONE',  ( -0.8000000000000000400, 1.699999999999998400, 4.599999999999997900 ) ) ;
#2210 = LINE ( 'NONE', #2209, #2208 ) ;
#2211 = DIRECTION ( 'NONE',  ( 0.0000000000000000000, 0.0000000000000000000, -1.000000000000000000 ) ) ;
#2212 = DIRECTION ( 'NONE',  ( 0.0000000000000000000, -1.000000000000000000, 0.0000000000000000000 ) ) ;
#2213 = CARTESIAN_POINT ( 'NONE',  ( 0.8000000000000000400, 1.699999999999998400, 4.599999999999997900 ) ) ;
#2214 = AXIS2_PLACEMENT_3D ( 'NONE', #2213, #2212, #2211 ) ;
#2215 = PLANE ( 'NONE',  #2214 ) ;
#2216 = CARTESIAN_POINT ( 'NONE',  ( 7.249999999999999100, 1.849999999999999600, 2.349999999999998300 ) ) ;
#2217 = LINE ( 'NONE', #2216, #2278 ) ;
#2218 = FILL_AREA_STYLE_COLOUR ( '', #2275 ) ;
#2219 = DIRECTION ( 'NONE',  ( 0.0000000000000000000, 0.0000000000000000000, 1.000000000000000000 ) ) ;
#2220 = DIRECTION ( 'NONE',  ( 0.0000000000000000000, 1.000000000000000000, 0.0000000000000000000 ) ) ;
#2221 = CARTESIAN_POINT ( 'NONE',  ( 8.900000000000000400, -0.8500000000000026400, 5.700000000000000200 ) ) ;
#2222 = AXIS2_PLACEMENT_3D ( 'NONE', #2221, #2220, #2219 ) ;
#2223 = PLANE ( 'NONE',  #2222 ) ;
#2224 = FACE_OUTER_BOUND ( 'NONE', #90, .T. ) ;
#2225 = DIRECTION ( 'NONE',  ( 1.000000000000000000, 0.0000000000000000000, 0.0000000000000000000 ) ) ;
#2226 = VECTOR ( 'NONE', #2225, 1000.000000000000000 ) ;
#2227 = CARTESIAN_POINT ( 'NONE',  ( -9.300000000000000700, 1.149999999999999900, 5.599999999999998800 ) ) ;
#2228 = LINE ( 'NONE', #2227, #2226 ) ;
#2229 = DIRECTION ( 'NONE',  ( 0.0000000000000000000, 0.0000000000000000000, 1.000000000000000000 ) ) ;
#2230 = DIRECTION ( 'NONE',  ( 0.0000000000000000000, 1.000000000000000000, 0.0000000000000000000 ) ) ;
#2231 = CARTESIAN_POINT ( 'NONE',  ( -9.300000000000000700, 1.149999999999999900, 5.700000000000000200 ) ) ;
#2232 = AXIS2_PLACEMENT_3D ( 'NONE', #2231, #2230, #2229 ) ;
#2233 = PLANE ( 'NONE',  #2232 ) ;
#2234 = FACE_OUTER_BOUND ( 'NONE', #83, .T. ) ;
#2235 = DIRECTION ( 'NONE',  ( 0.0000000000000000000, 0.0000000000000000000, 1.000000000000000000 ) ) ;
#2236 = VECTOR ( 'NONE', #2235, 1000.000000000000000 ) ;
#2237 = CARTESIAN_POINT ( 'NONE',  ( -9.300000000000000700, -0.8500000000000026400, 5.700000000000000200 ) ) ;
#2238 = LINE ( 'NONE', #2237, #2236 ) ;
#2239 = DIRECTION ( 'NONE',  ( 0.0000000000000000000, 0.0000000000000000000, -1.000000000000000000 ) ) ;
#2240 = DIRECTION ( 'NONE',  ( 0.0000000000000000000, -1.000000000000000000, 0.0000000000000000000 ) ) ;
#2241 = CARTESIAN_POINT ( 'NONE',  ( -8.900000000000000400, -0.8500000000000026400, 5.700000000000000200 ) ) ;
#2242 = AXIS2_PLACEMENT_3D ( 'NONE', #2241, #2240, #2239 ) ;
#2243 = PLANE ( 'NONE',  #2242 ) ;
#2244 = FACE_OUTER_BOUND ( 'NONE', #72, .T. ) ;
#2245 = DIRECTION ( 'NONE',  ( 0.0000000000000000000, 0.0000000000000000000, 1.000000000000000000 ) ) ;
#2246 = VECTOR ( 'NONE', #2245, 1000.000000000000000 ) ;
#2247 = CARTESIAN_POINT ( 'NONE',  ( 9.300000000000000700, -0.8500000000000026400, 5.700000000000000200 ) ) ;
#2248 = LINE ( 'NONE', #2247, #2246 ) ;
#2249 = DIRECTION ( 'NONE',  ( -1.000000000000000000, 0.0000000000000000000, 0.0000000000000000000 ) ) ;
#2250 = VECTOR ( 'NONE', #2249, 1000.000000000000000 ) ;
#2251 = LINE ( 'NONE', #2310, #2309 ) ;
#2252 = FILL_AREA_STYLE_COLOUR ( '', #2306 ) ;
#2253 = DIRECTION ( 'NONE',  ( 0.0000000000000000000, -1.000000000000000000, 0.0000000000000000000 ) ) ;
#2254 = VECTOR ( 'NONE', #2253, 1000.000000000000000 ) ;
#2255 = CARTESIAN_POINT ( 'NONE',  ( 6.750000000000000000, -4.150000000000000400, 2.849999999999998300 ) ) ;
#2256 = LINE ( 'NONE', #2255, #2254 ) ;
#2257 = DIRECTION ( 'NONE',  ( 0.0000000000000000000, 0.0000000000000000000, -1.000000000000000000 ) ) ;
#2258 = DIRECTION ( 'NONE',  ( 1.000000000000000000, 0.0000000000000000000, 0.0000000000000000000 ) ) ;
#2259 = CARTESIAN_POINT ( 'NONE',  ( 6.750000000000000000, -4.150000000000000400, 2.849999999999998300 ) ) ;
#2260 = AXIS2_PLACEMENT_3D ( 'NONE', #2259, #2258, #2257 ) ;
#2261 = PLANE ( 'NONE',  #2260 ) ;
#2262 =( GEOMETRIC_REPRESENTATION_CONTEXT ( 3 ) GLOBAL_UNCERTAINTY_ASSIGNED_CONTEXT ( ( #2263 ) ) GLOBAL_UNIT_ASSIGNED_CONTEXT ( ( #2266, #2265, #2264 ) ) REPRESENTATION_CONTEXT ( 'NONE', 'WORKASPACE' ) );
#2263 = UNCERTAINTY_MEASURE_WITH_UNIT (LENGTH_MEASURE( 1.000000000000000100E-005 ), #2266, 'distance_accuracy_value', 'NONE');
#2264 =( NAMED_UNIT ( * ) SI_UNIT ( $, .STERADIAN. ) SOLID_ANGLE_UNIT ( ) );
#2265 =( NAMED_UNIT ( * ) PLANE_ANGLE_UNIT ( ) SI_UNIT ( $, .RADIAN. ) );
#2266 =( LENGTH_UNIT ( ) NAMED_UNIT ( * ) SI_UNIT ( .MILLI., .METRE. ) );
#2267 = MECHANICAL_DESIGN_GEOMETRIC_PRESENTATION_REPRESENTATION (  '', ( #2269 ), #2262 ) ;
#2268 = PRESENTATION_LAYER_ASSIGNMENT (  '', '', ( #2269 ) ) ;
#2269 = STYLED_ITEM ( 'NONE', ( #2270 ), #101 ) ;
#2270 = PRESENTATION_STYLE_ASSIGNMENT (( #2271 ) ) ;
#2271 = SURFACE_STYLE_USAGE ( .BOTH. , #2272 ) ;
#2272 = SURFACE_SIDE_STYLE ('',( #2273 ) ) ;
#2273 = SURFACE_STYLE_FILL_AREA ( #2274 ) ;
#2274 = FILL_AREA_STYLE ('',( #2218 ) ) ;
#2275 = COLOUR_RGB ( '',0.7529411764705882200, 0.7529411764705882200, 0.7529411764705882200 ) ;
#2276 = FACE_OUTER_BOUND ( 'NONE', #102, .T. ) ;
#2277 = DIRECTION ( 'NONE',  ( -1.000000000000000000, 0.0000000000000000000, 0.0000000000000000000 ) ) ;
#2278 = VECTOR ( 'NONE', #2277, 1000.000000000000000 ) ;
#2279 = SURFACE_STYLE_FILL_AREA ( #2280 ) ;
#2280 = FILL_AREA_STYLE ('',( #2287 ) ) ;
#2281 = COLOUR_RGB ( '',0.7529411764705882200, 0.7529411764705882200, 0.7529411764705882200 ) ;
#2282 = FACE_OUTER_BOUND ( 'NONE', #116, .T. ) ;
#2283 = DIRECTION ( 'NONE',  ( 0.0000000000000000000, -1.000000000000000000, 0.0000000000000000000 ) ) ;
#2284 = VECTOR ( 'NONE', #2283, 1000.000000000000000 ) ;
#2285 = CARTESIAN_POINT ( 'NONE',  ( 7.249999999999999100, -4.150000000000000400, 2.849999999999998300 ) ) ;
#2286 = LINE ( 'NONE', #2285, #2284 ) ;
#2287 = FILL_AREA_STYLE_COLOUR ( '', #2281 ) ;
#2288 = DIRECTION ( 'NONE',  ( 0.0000000000000000000, 0.0000000000000000000, -1.000000000000000000 ) ) ;
#2289 = DIRECTION ( 'NONE',  ( 1.000000000000000000, 0.0000000000000000000, 0.0000000000000000000 ) ) ;
#2290 = CARTESIAN_POINT ( 'NONE',  ( 7.249999999999999100, -4.150000000000000400, 2.849999999999998300 ) ) ;
#2291 = AXIS2_PLACEMENT_3D ( 'NONE', #2290, #2289, #2288 ) ;
#2292 = PLANE ( 'NONE',  #2291 ) ;
#2293 =( GEOMETRIC_REPRESENTATION_CONTEXT ( 3 ) GLOBAL_UNCERTAINTY_ASSIGNED_CONTEXT ( ( #2294 ) ) GLOBAL_UNIT_ASSIGNED_CONTEXT ( ( #2297, #2296, #2295 ) ) REPRESENTATION_CONTEXT ( 'NONE', 'WORKASPACE' ) );
#2294 = UNCERTAINTY_MEASURE_WITH_UNIT (LENGTH_MEASURE( 1.000000000000000100E-005 ), #2297, 'distance_accuracy_value', 'NONE');
#2295 =( NAMED_UNIT ( * ) SI_UNIT ( $, .STERADIAN. ) SOLID_ANGLE_UNIT ( ) );
#2296 =( NAMED_UNIT ( * ) PLANE_ANGLE_UNIT ( ) SI_UNIT ( $, .RADIAN. ) );
#2297 =( LENGTH_UNIT ( ) NAMED_UNIT ( * ) SI_UNIT ( .MILLI., .METRE. ) );
#2298 = MECHANICAL_DESIGN_GEOMETRIC_PRESENTATION_REPRESENTATION (  '', ( #2300 ), #2293 ) ;
#2299 = PRESENTATION_LAYER_ASSIGNMENT (  '', '', ( #2300 ) ) ;
#2300 = STYLED_ITEM ( 'NONE', ( #2301 ), #109 ) ;
#2301 = PRESENTATION_STYLE_ASSIGNMENT (( #2302 ) ) ;
#2302 = SURFACE_STYLE_USAGE ( .BOTH. , #2303 ) ;
#2303 = SURFACE_SIDE_STYLE ('',( #2304 ) ) ;
#2304 = SURFACE_STYLE_FILL_AREA ( #2305 ) ;
#2305 = FILL_AREA_STYLE ('',( #2252 ) ) ;
#2306 = COLOUR_RGB ( '',0.7529411764705882200, 0.7529411764705882200, 0.7529411764705882200 ) ;
#2307 = FACE_OUTER_BOUND ( 'NONE', #110, .T. ) ;
#2308 = DIRECTION ( 'NONE',  ( 0.0000000000000000000, 1.000000000000000000, 8.340016711426957800E-017 ) ) ;
#2309 = VECTOR ( 'NONE', #2308, 1000.000000000000000 ) ;
#2310 = CARTESIAN_POINT ( 'NONE',  ( 6.750000000000000000, 1.849999999999999600, 2.349999999999998300 ) ) ;
#2311 = LINE ( 'NONE', #2374, #2373 ) ;
#2312 = CARTESIAN_POINT ( 'NONE',  ( 6.750000000000000000, 1.849999999999999600, 2.849999999999998300 ) ) ;
#2313 = CARTESIAN_POINT ( 'NONE',  ( 6.750000000000000000, 1.849999999999999600, 2.349999999999998300 ) ) ;
#2314 = DIRECTION ( 'NONE',  ( 0.0000000000000000000, 0.0000000000000000000, 1.000000000000000000 ) ) ;
#2315 = VECTOR ( 'NONE', #2314, 1000.000000000000000 ) ;
#2316 = CARTESIAN_POINT ( 'NONE',  ( 6.750000000000000000, 1.849999999999999600, 2.849999999999998300 ) ) ;
#2317 = LINE ( 'NONE', #2316, #2315 ) ;
#2318 = DIRECTION ( 'NONE',  ( 0.0000000000000000000, 0.0000000000000000000, -1.000000000000000000 ) ) ;
#2319 = DIRECTION ( 'NONE',  ( 0.0000000000000000000, -1.000000000000000000, 0.0000000000000000000 ) ) ;
#2320 = CARTESIAN_POINT ( 'NONE',  ( 7.249999999999999100, 1.849999999999999600, 2.849999999999998300 ) ) ;
#2321 = AXIS2_PLACEMENT_3D ( 'NONE', #2320, #2319, #2318 ) ;
#2322 = PLANE ( 'NONE',  #2321 ) ;
#2323 =( GEOMETRIC_REPRESENTATION_CONTEXT ( 3 ) GLOBAL_UNCERTAINTY_ASSIGNED_CONTEXT ( ( #2324 ) ) GLOBAL_UNIT_ASSIGNED_CONTEXT ( ( #2327, #2326, #2325 ) ) REPRESENTATION_CONTEXT ( 'NONE', 'WORKASPACE' ) );
#2324 = UNCERTAINTY_MEASURE_WITH_UNIT (LENGTH_MEASURE( 1.000000000000000100E-005 ), #2327, 'distance_accuracy_value', 'NONE');
#2325 =( NAMED_UNIT ( * ) SI_UNIT ( $, .STERADIAN. ) SOLID_ANGLE_UNIT ( ) );
#2326 =( NAMED_UNIT ( * ) PLANE_ANGLE_UNIT ( ) SI_UNIT ( $, .RADIAN. ) );
#2327 =( LENGTH_UNIT ( ) NAMED_UNIT ( * ) SI_UNIT ( .MILLI., .METRE. ) );
#2328 = MECHANICAL_DESIGN_GEOMETRIC_PRESENTATION_REPRESENTATION (  '', ( #2330 ), #2323 ) ;
#2329 = PRESENTATION_LAYER_ASSIGNMENT (  '', '', ( #2330 ) ) ;
#2330 = STYLED_ITEM ( 'NONE', ( #2331 ), #115 ) ;
#2331 = PRESENTATION_STYLE_ASSIGNMENT (( #2332 ) ) ;
#2332 = SURFACE_STYLE_USAGE ( .BOTH. , #2333 ) ;
#2333 = SURFACE_SIDE_STYLE ('',( #2279 ) ) ;
#2334 = MECHANICAL_DESIGN_GEOMETRIC_PRESENTATION_REPRESENTATION (  '', ( #2336 ), #2397 ) ;
#2335 = PRESENTATION_LAYER_ASSIGNMENT (  '', '', ( #2336 ) ) ;
#2336 = STYLED_ITEM ( 'NONE', ( #2337 ), #139 ) ;
#2337 = PRESENTATION_STYLE_ASSIGNMENT (( #2338 ) ) ;
#2338 = SURFACE_STYLE_USAGE ( .BOTH. , #2339 ) ;
#2339 = SURFACE_SIDE_STYLE ('',( #2340 ) ) ;
#2340 = SURFACE_STYLE_FILL_AREA ( #2341 ) ;
#2341 = FILL_AREA_STYLE ('',( #2348 ) ) ;
#2342 = COLOUR_RGB ( '',0.7529411764705882200, 0.7529411764705882200, 0.7529411764705882200 ) ;
#2343 = FACE_OUTER_BOUND ( 'NONE', #140, .T. ) ;
#2344 = DIRECTION ( 'NONE',  ( 1.000000000000000000, 0.0000000000000000000, 0.0000000000000000000 ) ) ;
#2345 = VECTOR ( 'NONE', #2344, 1000.000000000000000 ) ;
#2346 = CARTESIAN_POINT ( 'NONE',  ( -9.300000000000000700, -4.499999999999998200, 2.399999999999998600 ) ) ;
#2347 = LINE ( 'NONE', #2346, #2345 ) ;
#2348 = FILL_AREA_STYLE_COLOUR ( '', #2342 ) ;
#2349 = CARTESIAN_POINT ( 'NONE',  ( -9.300000000000000700, -4.499999999999998200, 2.399999999999998600 ) ) ;
#2350 = DIRECTION ( 'NONE',  ( 0.0000000000000000000, 0.0000000000000000000, 1.000000000000000000 ) ) ;
#2351 = DIRECTION ( 'NONE',  ( -1.000000000000000000, 0.0000000000000000000, 0.0000000000000000000 ) ) ;
#2352 = CARTESIAN_POINT ( 'NONE',  ( -0.8000000000000000400, -0.1500000000000016900, 5.199999999999998400 ) ) ;
#2353 = AXIS2_PLACEMENT_3D ( 'NONE', #2352, #2351, #2350 ) ;
#2354 = PLANE ( 'NONE',  #2353 ) ;
#2355 = FACE_OUTER_BOUND ( 'NONE', #38, .T. ) ;
#2356 = DIRECTION ( 'NONE',  ( 0.0000000000000000000, 0.0000000000000000000, 1.000000000000000000 ) ) ;
#2357 = DIRECTION ( 'NONE',  ( -1.000000000000000000, 0.0000000000000000000, 0.0000000000000000000 ) ) ;
#2358 = CARTESIAN_POINT ( 'NONE',  ( 0.8000000000000000400, -0.1500000000000016900, 5.199999999999998400 ) ) ;
#2359 = AXIS2_PLACEMENT_3D ( 'NONE', #2358, #2357, #2356 ) ;
#2360 = PLANE ( 'NONE',  #2359 ) ;
#2361 = FACE_OUTER_BOUND ( 'NONE', #130, .T. ) ;
#2362 = DIRECTION ( 'NONE',  ( 0.0000000000000000000, 0.0000000000000000000, 1.000000000000000000 ) ) ;
#2363 = VECTOR ( 'NONE', #2362, 1000.000000000000000 ) ;
#2364 = CARTESIAN_POINT ( 'NONE',  ( 0.8000000000000000400, 1.699999999999998400, 4.599999999999997900 ) ) ;
#2365 = LINE ( 'NONE', #2364, #2363 ) ;
#2366 = CARTESIAN_POINT ( 'NONE',  ( 7.249999999999999100, 1.849999999999999600, 2.349999999999998300 ) ) ;
#2367 = DIRECTION ( 'NONE',  ( 0.0000000000000000000, 0.0000000000000000000, 1.000000000000000000 ) ) ;
#2368 = VECTOR ( 'NONE', #2367, 1000.000000000000000 ) ;
#2369 = CARTESIAN_POINT ( 'NONE',  ( 7.249999999999999100, 1.849999999999999600, 2.849999999999998300 ) ) ;
#2370 = LINE ( 'NONE', #2369, #2368 ) ;
#2371 = CARTESIAN_POINT ( 'NONE',  ( 7.249999999999999100, 1.849999999999999600, 2.849999999999998300 ) ) ;
#2372 = DIRECTION ( 'NONE',  ( -1.000000000000000000, 0.0000000000000000000, 0.0000000000000000000 ) ) ;
#2373 = VECTOR ( 'NONE', #2372, 1000.000000000000000 ) ;
#2374 = CARTESIAN_POINT ( 'NONE',  ( 7.249999999999999100, 1.849999999999999600, 2.849999999999998300 ) ) ;
#2375 =( NAMED_UNIT ( * ) PLANE_ANGLE_UNIT ( ) SI_UNIT ( $, .RADIAN. ) );
#2376 =( LENGTH_UNIT ( ) NAMED_UNIT ( * ) SI_UNIT ( .MILLI., .METRE. ) );
#2377 = MECHANICAL_DESIGN_GEOMETRIC_PRESENTATION_REPRESENTATION (  '', ( #2379 ), #2428 ) ;
#2378 = PRESENTATION_LAYER_ASSIGNMENT (  '', '', ( #2379 ) ) ;
#2379 = STYLED_ITEM ( 'NONE', ( #2380 ), #146 ) ;
#2380 = PRESENTATION_STYLE_ASSIGNMENT (( #2381 ) ) ;
#2381 = SURFACE_STYLE_USAGE ( .BOTH. , #2382 ) ;
#2382 = SURFACE_SIDE_STYLE ('',( #2383 ) ) ;
#2383 = SURFACE_STYLE_FILL_AREA ( #2384 ) ;
#2384 = FILL_AREA_STYLE ('',( #2391 ) ) ;
#2385 = COLOUR_RGB ( '',0.7529411764705882200, 0.7529411764705882200, 0.7529411764705882200 ) ;
#2386 = FACE_OUTER_BOUND ( 'NONE', #147, .T. ) ;
#2387 = DIRECTION ( 'NONE',  ( 6.195440985631455300E-016, 1.000000000000000000, 1.210047067506143700E-016 ) ) ;
#2388 = VECTOR ( 'NONE', #2387, 1000.000000000000000 ) ;
#2389 = CARTESIAN_POINT ( 'NONE',  ( 9.305000000000001500, 1.150000000000000800, -0.1000000000000000100 ) ) ;
#2390 = LINE ( 'NONE', #2389, #2388 ) ;
#2391 = FILL_AREA_STYLE_COLOUR ( '', #2385 ) ;
#2392 = DIRECTION ( 'NONE',  ( 0.0000000000000000000, 0.0000000000000000000, 1.000000000000000000 ) ) ;
#2393 = DIRECTION ( 'NONE',  ( 1.000000000000000000, 0.0000000000000000000, 0.0000000000000000000 ) ) ;
#2394 = CARTESIAN_POINT ( 'NONE',  ( -9.300000000000000700, -4.499999999999998200, 5.599999999999998800 ) ) ;
#2395 = AXIS2_PLACEMENT_3D ( 'NONE', #2394, #2393, #2392 ) ;
#2396 = PLANE ( 'NONE',  #2395 ) ;
#2397 =( GEOMETRIC_REPRESENTATION_CONTEXT ( 3 ) GLOBAL_UNCERTAINTY_ASSIGNED_CONTEXT ( ( #2398 ) ) GLOBAL_UNIT_ASSIGNED_CONTEXT ( ( #2401, #2400, #2399 ) ) REPRESENTATION_CONTEXT ( 'NONE', 'WORKASPACE' ) );
#2398 = UNCERTAINTY_MEASURE_WITH_UNIT (LENGTH_MEASURE( 1.000000000000000100E-005 ), #2401, 'distance_accuracy_value', 'NONE');
#2399 =( NAMED_UNIT ( * ) SI_UNIT ( $, .STERADIAN. ) SOLID_ANGLE_UNIT ( ) );
#2400 =( NAMED_UNIT ( * ) PLANE_ANGLE_UNIT ( ) SI_UNIT ( $, .RADIAN. ) );
#2401 =( LENGTH_UNIT ( ) NAMED_UNIT ( * ) SI_UNIT ( .MILLI., .METRE. ) );
#2402 =( LENGTH_UNIT ( ) NAMED_UNIT ( * ) SI_UNIT ( .MILLI., .METRE. ) );
#2403 = MECHANICAL_DESIGN_GEOMETRIC_PRESENTATION_REPRESENTATION (  '', ( #2405 ), #2454 ) ;
#2404 = PRESENTATION_LAYER_ASSIGNMENT (  '', '', ( #2405 ) ) ;
#2405 = STYLED_ITEM ( 'NONE', ( #2406 ), #157 ) ;
#2406 = PRESENTATION_STYLE_ASSIGNMENT (( #2407 ) ) ;
#2407 = SURFACE_STYLE_USAGE ( .BOTH. , #2408 ) ;
#2408 = SURFACE_SIDE_STYLE ('',( #2409 ) ) ;
#2409 = SURFACE_STYLE_FILL_AREA ( #2410 ) ;
#2410 = FILL_AREA_STYLE ('',( #2417 ) ) ;
#2411 = COLOUR_RGB ( '',0.7529411764705882200, 0.7529411764705882200, 0.7529411764705882200 ) ;
#2412 = FACE_OUTER_BOUND ( 'NONE', #158, .T. ) ;
#2413 = DIRECTION ( 'NONE',  ( -1.000000000000000000, 0.0000000000000000000, 0.0000000000000000000 ) ) ;
#2414 = VECTOR ( 'NONE', #2413, 1000.000000000000000 ) ;
#2415 = CARTESIAN_POINT ( 'NONE',  ( 9.300000000000000700, 1.149999999999999900, -0.1000000000000000100 ) ) ;
#2416 = LINE ( 'NONE', #2415, #2414 ) ;
#2417 = FILL_AREA_STYLE_COLOUR ( '', #2411 ) ;
#2418 = CARTESIAN_POINT ( 'NONE',  ( 9.305000000000001500, 1.150000000000000800, -0.1000000000000000100 ) ) ;
#2419 = DIRECTION ( 'NONE',  ( 0.0000000000000000000, 0.0000000000000000000, 1.000000000000000000 ) ) ;
#2420 = VECTOR ( 'NONE', #2419, 1000.000000000000000 ) ;
#2421 = CARTESIAN_POINT ( 'NONE',  ( 9.305000000000001500, 1.150000000000000800, -0.1000000000000000100 ) ) ;
#2422 = LINE ( 'NONE', #2421, #2420 ) ;
#2423 = DIRECTION ( 'NONE',  ( -6.195440985631455300E-016, -1.000000000000000000, 0.0000000000000000000 ) ) ;
#2424 = DIRECTION ( 'NONE',  ( -1.000000000000000000, 6.195440985631455300E-016, 0.0000000000000000000 ) ) ;
#2425 = CARTESIAN_POINT ( 'NONE',  ( 9.304999999999999700, -1.649999999999998600, -0.1000000000000003400 ) ) ;
#2426 = AXIS2_PLACEMENT_3D ( 'NONE', #2425, #2424, #2423 ) ;
#2427 = PLANE ( 'NONE',  #2426 ) ;
#2428 =( GEOMETRIC_REPRESENTATION_CONTEXT ( 3 ) GLOBAL_UNCERTAINTY_ASSIGNED_CONTEXT ( ( #2429 ) ) GLOBAL_UNIT_ASSIGNED_CONTEXT ( ( #2376, #2375, #2430 ) ) REPRESENTATION_CONTEXT ( 'NONE', 'WORKASPACE' ) );
#2429 = UNCERTAINTY_MEASURE_WITH_UNIT (LENGTH_MEASURE( 1.000000000000000100E-005 ), #2376, 'distance_accuracy_value', 'NONE');
#2430 =( NAMED_UNIT ( * ) SI_UNIT ( $, .STERADIAN. ) SOLID_ANGLE_UNIT ( ) );
#2431 =( NAMED_UNIT ( * ) SI_UNIT ( $, .STERADIAN. ) SOLID_ANGLE_UNIT ( ) );
#2432 =( NAMED_UNIT ( * ) PLANE_ANGLE_UNIT ( ) SI_UNIT ( $, .RADIAN. ) );
#2433 =( LENGTH_UNIT ( ) NAMED_UNIT ( * ) SI_UNIT ( .MILLI., .METRE. ) );
#2434 = MECHANICAL_DESIGN_GEOMETRIC_PRESENTATION_REPRESENTATION (  '', ( #2436 ), #2482 ) ;
#2435 = PRESENTATION_LAYER_ASSIGNMENT (  '', '', ( #2436 ) ) ;
#2436 = STYLED_ITEM ( 'NONE', ( #2437 ), #164 ) ;
#2437 = PRESENTATION_STYLE_ASSIGNMENT (( #2438 ) ) ;
#2438 = SURFACE_STYLE_USAGE ( .BOTH. , #2439 ) ;
#2439 = SURFACE_SIDE_STYLE ('',( #2440 ) ) ;
#2440 = SURFACE_STYLE_FILL_AREA ( #2441 ) ;
#2441 = FILL_AREA_STYLE ('',( #2448 ) ) ;
#2442 = COLOUR_RGB ( '',0.7529411764705882200, 0.7529411764705882200, 0.7529411764705882200 ) ;
#2443 = FACE_OUTER_BOUND ( 'NONE', #165, .T. ) ;
#2444 = DIRECTION ( 'NONE',  ( 0.0000000000000000000, 1.000000000000000000, 1.258448950206389400E-016 ) ) ;
#2445 = VECTOR ( 'NONE', #2444, 1000.000000000000000 ) ;
#2446 = CARTESIAN_POINT ( 'NONE',  ( 8.900000000000002100, 1.149999999999999900, -0.1000000000000000100 ) ) ;
#2447 = LINE ( 'NONE', #2446, #2445 ) ;
#2448 = FILL_AREA_STYLE_COLOUR ( '', #2442 ) ;
#2449 = DIRECTION ( 'NONE',  ( 0.0000000000000000000, 0.0000000000000000000, 1.000000000000000000 ) ) ;
#2450 = DIRECTION ( 'NONE',  ( -1.000000000000000000, 0.0000000000000000000, 0.0000000000000000000 ) ) ;
#2451 = CARTESIAN_POINT ( 'NONE',  ( 8.900000000000002100, -4.499999999999998200, 5.599999999999998800 ) ) ;
#2452 = AXIS2_PLACEMENT_3D ( 'NONE', #2451, #2450, #2449 ) ;
#2453 = PLANE ( 'NONE',  #2452 ) ;
#2454 =( GEOMETRIC_REPRESENTATION_CONTEXT ( 3 ) GLOBAL_UNCERTAINTY_ASSIGNED_CONTEXT ( ( #2455 ) ) GLOBAL_UNIT_ASSIGNED_CONTEXT ( ( #2402, #2457, #2456 ) ) REPRESENTATION_CONTEXT ( 'NONE', 'WORKASPACE' ) );
#2455 = UNCERTAINTY_MEASURE_WITH_UNIT (LENGTH_MEASURE( 1.000000000000000100E-005 ), #2402, 'distance_accuracy_value', 'NONE');
#2456 =( NAMED_UNIT ( * ) SI_UNIT ( $, .STERADIAN. ) SOLID_ANGLE_UNIT ( ) );
#2457 =( NAMED_UNIT ( * ) PLANE_ANGLE_UNIT ( ) SI_UNIT ( $, .RADIAN. ) );
#2458 = UNCERTAINTY_MEASURE_WITH_UNIT (LENGTH_MEASURE( 1.000000000000000100E-005 ), #2461, 'distance_accuracy_value', 'NONE');
#2459 =( NAMED_UNIT ( * ) SI_UNIT ( $, .STERADIAN. ) SOLID_ANGLE_UNIT ( ) );
#2460 =( NAMED_UNIT ( * ) PLANE_ANGLE_UNIT ( ) SI_UNIT ( $, .RADIAN. ) );
#2461 =( LENGTH_UNIT ( ) NAMED_UNIT ( * ) SI_UNIT ( .MILLI., .METRE. ) );
#2462 = MECHANICAL_DESIGN_GEOMETRIC_PRESENTATION_REPRESENTATION (  '', ( #2464 ), #2509 ) ;
#2463 = PRESENTATION_LAYER_ASSIGNMENT (  '', '', ( #2464 ) ) ;
#2464 = STYLED_ITEM ( 'NONE', ( #2465 ), #170 ) ;
#2465 = PRESENTATION_STYLE_ASSIGNMENT (( #2466 ) ) ;
#2466 = SURFACE_STYLE_USAGE ( .BOTH. , #2467 ) ;
#2467 = SURFACE_SIDE_STYLE ('',( #2468 ) ) ;
#2468 = SURFACE_STYLE_FILL_AREA ( #2469 ) ;
#2469 = FILL_AREA_STYLE ('',( #2476 ) ) ;
#2470 = COLOUR_RGB ( '',0.7529411764705882200, 0.7529411764705882200, 0.7529411764705882200 ) ;
#2471 = FACE_OUTER_BOUND ( 'NONE', #171, .T. ) ;
#2472 = DIRECTION ( 'NONE',  ( 0.0000000000000000000, 0.0000000000000000000, -1.000000000000000000 ) ) ;
#2473 = VECTOR ( 'NONE', #2472, 1000.000000000000000 ) ;
#2474 = CARTESIAN_POINT ( 'NONE',  ( 8.900000000000002100, -1.649999999999999500, -0.1000000000000003500 ) ) ;
#2475 = LINE ( 'NONE', #2474, #2473 ) ;
#2476 = FILL_AREA_STYLE_COLOUR ( '', #2470 ) ;
#2477 = DIRECTION ( 'NONE',  ( 0.0000000000000000000, -1.000000000000000000, -1.258448950206389400E-016 ) ) ;
#2478 = DIRECTION ( 'NONE',  ( 0.0000000000000000000, -1.258448950206389400E-016, 1.000000000000000000 ) ) ;
#2479 = CARTESIAN_POINT ( 'NONE',  ( 9.300000000000000700, 1.149999999999999900, -0.1000000000000000100 ) ) ;
#2480 = AXIS2_PLACEMENT_3D ( 'NONE', #2479, #2478, #2477 ) ;
#2481 = PLANE ( 'NONE',  #2480 ) ;
#2482 =( GEOMETRIC_REPRESENTATION_CONTEXT ( 3 ) GLOBAL_UNCERTAINTY_ASSIGNED_CONTEXT ( ( #2483 ) ) GLOBAL_UNIT_ASSIGNED_CONTEXT ( ( #2433, #2432, #2431 ) ) REPRESENTATION_CONTEXT ( 'NONE', 'WORKASPACE' ) );
#2483 = UNCERTAINTY_MEASURE_WITH_UNIT (LENGTH_MEASURE( 1.000000000000000100E-005 ), #2433, 'distance_accuracy_value', 'NONE');
#2484 =( GEOMETRIC_REPRESENTATION_CONTEXT ( 3 ) GLOBAL_UNCERTAINTY_ASSIGNED_CONTEXT ( ( #2485 ) ) GLOBAL_UNIT_ASSIGNED_CONTEXT ( ( #2488, #2487, #2486 ) ) REPRESENTATION_CONTEXT ( 'NONE', 'WORKASPACE' ) );
#2485 = UNCERTAINTY_MEASURE_WITH_UNIT (LENGTH_MEASURE( 1.000000000000000100E-005 ), #2488, 'distance_accuracy_value', 'NONE');
#2486 =( NAMED_UNIT ( * ) SI_UNIT ( $, .STERADIAN. ) SOLID_ANGLE_UNIT ( ) );
#2487 =( NAMED_UNIT ( * ) PLANE_ANGLE_UNIT ( ) SI_UNIT ( $, .RADIAN. ) );
#2488 =( LENGTH_UNIT ( ) NAMED_UNIT ( * ) SI_UNIT ( .MILLI., .METRE. ) );
#2489 = MECHANICAL_DESIGN_GEOMETRIC_PRESENTATION_REPRESENTATION (  '', ( #2491 ), #2484 ) ;
#2490 = PRESENTATION_LAYER_ASSIGNMENT (  '', '', ( #2491 ) ) ;
#2491 = STYLED_ITEM ( 'NONE', ( #2492 ), #177 ) ;
#2492 = PRESENTATION_STYLE_ASSIGNMENT (( #2493 ) ) ;
#2493 = SURFACE_STYLE_USAGE ( .BOTH. , #2494 ) ;
#2494 = SURFACE_SIDE_STYLE ('',( #2495 ) ) ;
#2495 = SURFACE_STYLE_FILL_AREA ( #2496 ) ;
#2496 = FILL_AREA_STYLE ('',( #2503 ) ) ;
#2497 = COLOUR_RGB ( '',0.7529411764705882200, 0.7529411764705882200, 0.7529411764705882200 ) ;
#2498 = FACE_OUTER_BOUND ( 'NONE', #178, .T. ) ;
#2499 = DIRECTION ( 'NONE',  ( 0.0000000000000000000, 0.0000000000000000000, 1.000000000000000000 ) ) ;
#2500 = VECTOR ( 'NONE', #2499, 1000.000000000000000 ) ;
#2501 = CARTESIAN_POINT ( 'NONE',  ( 8.900000000000002100, 1.149999999999999900, 5.599999999999998800 ) ) ;
#2502 = LINE ( 'NONE', #2501, #2500 ) ;
#2503 = FILL_AREA_STYLE_COLOUR ( '', #2497 ) ;
#2504 = DIRECTION ( 'NONE',  ( 0.0000000000000000000, 0.0000000000000000000, -1.000000000000000000 ) ) ;
#2505 = DIRECTION ( 'NONE',  ( 0.0000000000000000000, -1.000000000000000000, 0.0000000000000000000 ) ) ;
#2506 = CARTESIAN_POINT ( 'NONE',  ( 9.300000000000000700, 1.149999999999999900, 5.599999999999998800 ) ) ;
#2507 = AXIS2_PLACEMENT_3D ( 'NONE', #2506, #2505, #2504 ) ;
#2508 = PLANE ( 'NONE',  #2507 ) ;
#2509 =( GEOMETRIC_REPRESENTATION_CONTEXT ( 3 ) GLOBAL_UNCERTAINTY_ASSIGNED_CONTEXT ( ( #2458 ) ) GLOBAL_UNIT_ASSIGNED_CONTEXT ( ( #2461, #2460, #2459 ) ) REPRESENTATION_CONTEXT ( 'NONE', 'WORKASPACE' ) );
#2510 = PLANE ( 'NONE',  #2563 ) ;
#2511 =( GEOMETRIC_REPRESENTATION_CONTEXT ( 3 ) GLOBAL_UNCERTAINTY_ASSIGNED_CONTEXT ( ( #2512 ) ) GLOBAL_UNIT_ASSIGNED_CONTEXT ( ( #2515, #2514, #2513 ) ) REPRESENTATION_CONTEXT ( 'NONE', 'WORKASPACE' ) );
#2512 = UNCERTAINTY_MEASURE_WITH_UNIT (LENGTH_MEASURE( 1.000000000000000100E-005 ), #2515, 'distance_accuracy_value', 'NONE');
#2513 =( NAMED_UNIT ( * ) SI_UNIT ( $, .STERADIAN. ) SOLID_ANGLE_UNIT ( ) );
#2514 =( NAMED_UNIT ( * ) PLANE_ANGLE_UNIT ( ) SI_UNIT ( $, .RADIAN. ) );
#2515 =( LENGTH_UNIT ( ) NAMED_UNIT ( * ) SI_UNIT ( .MILLI., .METRE. ) );
#2516 = MECHANICAL_DESIGN_GEOMETRIC_PRESENTATION_REPRESENTATION (  '', ( #2518 ), #2511 ) ;
#2517 = PRESENTATION_LAYER_ASSIGNMENT (  '', '', ( #2518 ) ) ;
#2518 = STYLED_ITEM ( 'NONE', ( #2519 ), #188 ) ;
#2519 = PRESENTATION_STYLE_ASSIGNMENT (( #2520 ) ) ;
#2520 = SURFACE_STYLE_USAGE ( .BOTH. , #2521 ) ;
#2521 = SURFACE_SIDE_STYLE ('',( #2522 ) ) ;
#2522 = SURFACE_STYLE_FILL_AREA ( #2523 ) ;
#2523 = FILL_AREA_STYLE ('',( #2530 ) ) ;
#2524 = COLOUR_RGB ( '',0.7529411764705882200, 0.7529411764705882200, 0.7529411764705882200 ) ;
#2525 = FACE_OUTER_BOUND ( 'NONE', #189, .T. ) ;
#2526 = DIRECTION ( 'NONE',  ( 0.0000000000000000000, -1.000000000000000000, 0.0000000000000000000 ) ) ;
#2527 = VECTOR ( 'NONE', #2526, 1000.000000000000000 ) ;
#2528 = CARTESIAN_POINT ( 'NONE',  ( -8.900000000000002100, -4.499999999999998200, 5.599999999999998800 ) ) ;
#2529 = LINE ( 'NONE', #2528, #2527 ) ;
#2530 = FILL_AREA_STYLE_COLOUR ( '', #2524 ) ;
#2531 = DIRECTION ( 'NONE',  ( 0.0000000000000000000, 0.0000000000000000000, -1.000000000000000000 ) ) ;
#2532 = DIRECTION ( 'NONE',  ( 0.0000000000000000000, -1.000000000000000000, 0.0000000000000000000 ) ) ;
#2533 = CARTESIAN_POINT ( 'NONE',  ( -9.300000000000000700, -1.649999999999999500, -0.1000000000000003500 ) ) ;
#2534 = AXIS2_PLACEMENT_3D ( 'NONE', #2533, #2532, #2531 ) ;
#2535 = PLANE ( 'NONE',  #2534 ) ;
#2536 =( GEOMETRIC_REPRESENTATION_CONTEXT ( 3 ) GLOBAL_UNCERTAINTY_ASSIGNED_CONTEXT ( ( #2537 ) ) GLOBAL_UNIT_ASSIGNED_CONTEXT ( ( #2540, #2539, #2538 ) ) REPRESENTATION_CONTEXT ( 'NONE', 'WORKASPACE' ) );
#2537 = UNCERTAINTY_MEASURE_WITH_UNIT (LENGTH_MEASURE( 1.000000000000000100E-005 ), #2540, 'distance_accuracy_value', 'NONE');
#2538 =( NAMED_UNIT ( * ) SI_UNIT ( $, .STERADIAN. ) SOLID_ANGLE_UNIT ( ) );
#2539 =( NAMED_UNIT ( * ) PLANE_ANGLE_UNIT ( ) SI_UNIT ( $, .RADIAN. ) );
#2540 =( LENGTH_UNIT ( ) NAMED_UNIT ( * ) SI_UNIT ( .MILLI., .METRE. ) );
#2541 = MECHANICAL_DESIGN_GEOMETRIC_PRESENTATION_REPRESENTATION (  '', ( #2543 ), #2536 ) ;
#2542 = PRESENTATION_LAYER_ASSIGNMENT (  '', '', ( #2543 ) ) ;
#2543 = STYLED_ITEM ( 'NONE', ( #2544 ), #202 ) ;
#2544 = PRESENTATION_STYLE_ASSIGNMENT (( #2545 ) ) ;
#2545 = SURFACE_STYLE_USAGE ( .BOTH. , #2546 ) ;
#2546 = SURFACE_SIDE_STYLE ('',( #2547 ) ) ;
#2547 = SURFACE_STYLE_FILL_AREA ( #2548 ) ;
#2548 = FILL_AREA_STYLE ('',( #2555 ) ) ;
#2549 = COLOUR_RGB ( '',0.7529411764705882200, 0.7529411764705882200, 0.7529411764705882200 ) ;
#2550 = FACE_OUTER_BOUND ( 'NONE', #203, .T. ) ;
#2551 = DIRECTION ( 'NONE',  ( 0.0000000000000000000, -1.000000000000000000, 0.0000000000000000000 ) ) ;
#2552 = VECTOR ( 'NONE', #2551, 1000.000000000000000 ) ;
#2553 = CARTESIAN_POINT ( 'NONE',  ( -9.300000000000000700, -4.499999999999998200, 5.599999999999998800 ) ) ;
#2554 = LINE ( 'NONE', #2553, #2552 ) ;
#2555 = FILL_AREA_STYLE_COLOUR ( '', #2549 ) ;
#2556 = DIRECTION ( 'NONE',  ( 0.0000000000000000000, 1.000000000000000000, 1.521687259628779000E-016 ) ) ;
#2557 = VECTOR ( 'NONE', #2556, 1000.000000000000000 ) ;
#2558 = CARTESIAN_POINT ( 'NONE',  ( -9.300000000000000700, -1.649999999999999500, 2.399999999999999000 ) ) ;
#2559 = LINE ( 'NONE', #2558, #2557 ) ;
#2560 = DIRECTION ( 'NONE',  ( 0.0000000000000000000, 0.0000000000000000000, 1.000000000000000000 ) ) ;
#2561 = DIRECTION ( 'NONE',  ( 1.000000000000000000, 0.0000000000000000000, 0.0000000000000000000 ) ) ;
#2562 = CARTESIAN_POINT ( 'NONE',  ( -8.900000000000002100, -4.499999999999998200, 5.599999999999998800 ) ) ;
#2563 = AXIS2_PLACEMENT_3D ( 'NONE', #2562, #2561, #2560 ) ;
#2564 = VECTOR ( 'NONE', #2624, 1000.000000000000000 ) ;
#2565 = CARTESIAN_POINT ( 'NONE',  ( -8.900000000000002100, -4.499999999999998200, 2.399999999999998600 ) ) ;
#2566 = LINE ( 'NONE', #2565, #2564 ) ;
#2567 = DIRECTION ( 'NONE',  ( 0.0000000000000000000, -1.000000000000000000, 0.0000000000000000000 ) ) ;
#2568 = DIRECTION ( 'NONE',  ( 0.0000000000000000000, 0.0000000000000000000, -1.000000000000000000 ) ) ;
#2569 = DIRECTION ( 'NONE',  ( 0.0000000000000000000, -1.000000000000000000, 0.0000000000000000000 ) ) ;
#2570 = CARTESIAN_POINT ( 'NONE',  ( -9.300000000000000700, -4.499999999999998200, 2.399999999999998600 ) ) ;
#2571 = AXIS2_PLACEMENT_3D ( 'NONE', #2570, #2569, #2568 ) ;
#2572 = PLANE ( 'NONE',  #2571 ) ;
#2573 =( GEOMETRIC_REPRESENTATION_CONTEXT ( 3 ) GLOBAL_UNCERTAINTY_ASSIGNED_CONTEXT ( ( #2574 ) ) GLOBAL_UNIT_ASSIGNED_CONTEXT ( ( #2577, #2576, #2575 ) ) REPRESENTATION_CONTEXT ( 'NONE', 'WORKASPACE' ) );
#2574 = UNCERTAINTY_MEASURE_WITH_UNIT (LENGTH_MEASURE( 1.000000000000000100E-005 ), #2577, 'distance_accuracy_value', 'NONE');
#2575 =( NAMED_UNIT ( * ) SI_UNIT ( $, .STERADIAN. ) SOLID_ANGLE_UNIT ( ) );
#2576 =( NAMED_UNIT ( * ) PLANE_ANGLE_UNIT ( ) SI_UNIT ( $, .RADIAN. ) );
#2577 =( LENGTH_UNIT ( ) NAMED_UNIT ( * ) SI_UNIT ( .MILLI., .METRE. ) );
#2578 = MECHANICAL_DESIGN_GEOMETRIC_PRESENTATION_REPRESENTATION (  '', ( #2580 ), #2573 ) ;
#2579 = PRESENTATION_LAYER_ASSIGNMENT (  '', '', ( #2580 ) ) ;
#2580 = STYLED_ITEM ( 'NONE', ( #2581 ), #204 ) ;
#2581 = PRESENTATION_STYLE_ASSIGNMENT (( #2582 ) ) ;
#2582 = SURFACE_STYLE_USAGE ( .BOTH. , #2583 ) ;
#2583 = SURFACE_SIDE_STYLE ('',( #2584 ) ) ;
#2584 = SURFACE_STYLE_FILL_AREA ( #2585 ) ;
#2585 = FILL_AREA_STYLE ('',( #2593 ) ) ;
#2586 = COLOUR_RGB ( '',0.7529411764705882200, 0.7529411764705882200, 0.7529411764705882200 ) ;
#2587 = FACE_OUTER_BOUND ( 'NONE', #205, .T. ) ;
#2588 = DIRECTION ( 'NONE',  ( 1.000000000000000000, 0.0000000000000000000, 0.0000000000000000000 ) ) ;
#2589 = DIRECTION ( 'NONE',  ( 0.0000000000000000000, 0.0000000000000000000, 1.000000000000000000 ) ) ;
#2590 = CARTESIAN_POINT ( 'NONE',  ( -9.300000000000000700, -4.499999999999998200, 5.599999999999998800 ) ) ;
#2591 = AXIS2_PLACEMENT_3D ( 'NONE', #2590, #2589, #2588 ) ;
#2592 = PLANE ( 'NONE',  #2591 ) ;
#2593 = FILL_AREA_STYLE_COLOUR ( '', #2586 ) ;
#2594 = UNCERTAINTY_MEASURE_WITH_UNIT (LENGTH_MEASURE( 1.000000000000000100E-005 ), #2597, 'distance_accuracy_value', 'NONE');
#2595 =( NAMED_UNIT ( * ) SI_UNIT ( $, .STERADIAN. ) SOLID_ANGLE_UNIT ( ) );
#2596 =( NAMED_UNIT ( * ) PLANE_ANGLE_UNIT ( ) SI_UNIT ( $, .RADIAN. ) );
#2597 =( LENGTH_UNIT ( ) NAMED_UNIT ( * ) SI_UNIT ( .MILLI., .METRE. ) );
#2598 = MECHANICAL_DESIGN_GEOMETRIC_PRESENTATION_REPRESENTATION (  '', ( #2600 ), #2655 ) ;
#2599 = PRESENTATION_LAYER_ASSIGNMENT (  '', '', ( #2600 ) ) ;
#2600 = STYLED_ITEM ( 'NONE', ( #2601 ), #221 ) ;
#2601 = PRESENTATION_STYLE_ASSIGNMENT (( #2602 ) ) ;
#2602 = SURFACE_STYLE_USAGE ( .BOTH. , #2603 ) ;
#2603 = SURFACE_SIDE_STYLE ('',( #2604 ) ) ;
#2604 = SURFACE_STYLE_FILL_AREA ( #2605 ) ;
#2605 = FILL_AREA_STYLE ('',( #2612 ) ) ;
#2606 = COLOUR_RGB ( '',0.7529411764705882200, 0.7529411764705882200, 0.7529411764705882200 ) ;
#2607 = FACE_OUTER_BOUND ( 'NONE', #222, .T. ) ;
#2608 = DIRECTION ( 'NONE',  ( -6.195440985631455300E-016, 1.000000000000000000, 1.210047067506143700E-016 ) ) ;
#2609 = VECTOR ( 'NONE', #2608, 1000.000000000000000 ) ;
#2610 = CARTESIAN_POINT ( 'NONE',  ( -9.305000000000001500, 1.150000000000000800, -0.1000000000000000100 ) ) ;
#2611 = LINE ( 'NONE', #2610, #2609 ) ;
#2612 = FILL_AREA_STYLE_COLOUR ( '', #2606 ) ;
#2613 = DIRECTION ( 'NONE',  ( 0.0000000000000000000, 0.0000000000000000000, -1.000000000000000000 ) ) ;
#2614 = VECTOR ( 'NONE', #2613, 1000.000000000000000 ) ;
#2615 = CARTESIAN_POINT ( 'NONE',  ( -9.300000000000000700, -4.499999999999998200, 2.399999999999998600 ) ) ;
#2616 = LINE ( 'NONE', #2615, #2614 ) ;
#2617 = CARTESIAN_POINT ( 'NONE',  ( -9.300000000000000700, -4.499999999999998200, 5.599999999999998800 ) ) ;
#2618 = DIRECTION ( 'NONE',  ( 1.000000000000000000, 0.0000000000000000000, 0.0000000000000000000 ) ) ;
#2619 = VECTOR ( 'NONE', #2618, 1000.000000000000000 ) ;
#2620 = CARTESIAN_POINT ( 'NONE',  ( -9.300000000000000700, -4.499999999999998200, 5.599999999999998800 ) ) ;
#2621 = LINE ( 'NONE', #2620, #2619 ) ;
#2622 = CARTESIAN_POINT ( 'NONE',  ( -8.900000000000002100, -4.499999999999998200, 2.399999999999998600 ) ) ;
#2623 = CARTESIAN_POINT ( 'NONE',  ( -8.900000000000002100, -4.499999999999998200, 5.599999999999998800 ) ) ;
#2624 = DIRECTION ( 'NONE',  ( 0.0000000000000000000, 0.0000000000000000000, -1.000000000000000000 ) ) ;
#2625 = UNCERTAINTY_MEASURE_WITH_UNIT (LENGTH_MEASURE( 1.000000000000000100E-005 ), #2628, 'distance_accuracy_value', 'NONE');
#2626 =( NAMED_UNIT ( * ) SI_UNIT ( $, .STERADIAN. ) SOLID_ANGLE_UNIT ( ) );
#2627 =( NAMED_UNIT ( * ) PLANE_ANGLE_UNIT ( ) SI_UNIT ( $, .RADIAN. ) );
#2628 =( LENGTH_UNIT ( ) NAMED_UNIT ( * ) SI_UNIT ( .MILLI., .METRE. ) );
#2629 = MECHANICAL_DESIGN_GEOMETRIC_PRESENTATION_REPRESENTATION (  '', ( #2631 ), #2687 ) ;
#2630 = PRESENTATION_LAYER_ASSIGNMENT (  '', '', ( #2631 ) ) ;
#2631 = STYLED_ITEM ( 'NONE', ( #2632 ), #232 ) ;
#2632 = PRESENTATION_STYLE_ASSIGNMENT (( #2633 ) ) ;
#2633 = SURFACE_STYLE_USAGE ( .BOTH. , #2634 ) ;
#2634 = SURFACE_SIDE_STYLE ('',( #2635 ) ) ;
#2635 = SURFACE_STYLE_FILL_AREA ( #2636 ) ;
#2636 = FILL_AREA_STYLE ('',( #2643 ) ) ;
#2637 = COLOUR_RGB ( '',0.7529411764705882200, 0.7529411764705882200, 0.7529411764705882200 ) ;
#2638 = FACE_OUTER_BOUND ( 'NONE', #233, .T. ) ;
#2639 = DIRECTION ( 'NONE',  ( 0.0000000000000000000, 0.0000000000000000000, 1.000000000000000000 ) ) ;
#2640 = VECTOR ( 'NONE', #2639, 1000.000000000000000 ) ;
#2641 = CARTESIAN_POINT ( 'NONE',  ( -9.305000000000001500, 1.150000000000000800, -0.1000000000000000100 ) ) ;
#2642 = LINE ( 'NONE', #2641, #2640 ) ;
#2643 = FILL_AREA_STYLE_COLOUR ( '', #2637 ) ;
#2644 = CARTESIAN_POINT ( 'NONE',  ( -9.305000000000001500, 1.150000000000000800, -0.1000000000000000100 ) ) ;
#2645 = DIRECTION ( 'NONE',  ( 1.000000000000000000, 0.0000000000000000000, 0.0000000000000000000 ) ) ;
#2646 = VECTOR ( 'NONE', #2645, 1000.000000000000000 ) ;
#2647 = CARTESIAN_POINT ( 'NONE',  ( -9.300000000000000700, 1.149999999999999900, -0.1000000000000000100 ) ) ;
#2648 = LINE ( 'NONE', #2647, #2646 ) ;
#2649 = CARTESIAN_POINT ( 'NONE',  ( -8.900000000000002100, 1.149999999999999900, -0.1000000000000000100 ) ) ;
#2650 = DIRECTION ( 'NONE',  ( 6.195440985631455300E-016, -1.000000000000000000, 0.0000000000000000000 ) ) ;
#2651 = DIRECTION ( 'NONE',  ( 1.000000000000000000, 6.195440985631455300E-016, 0.0000000000000000000 ) ) ;
#2652 = CARTESIAN_POINT ( 'NONE',  ( -9.304999999999999700, -1.649999999999998600, -0.1000000000000003400 ) ) ;
#2653 = AXIS2_PLACEMENT_3D ( 'NONE', #2652, #2651, #2650 ) ;
#2654 = PLANE ( 'NONE',  #2653 ) ;
#2655 =( GEOMETRIC_REPRESENTATION_CONTEXT ( 3 ) GLOBAL_UNCERTAINTY_ASSIGNED_CONTEXT ( ( #2594 ) ) GLOBAL_UNIT_ASSIGNED_CONTEXT ( ( #2597, #2596, #2595 ) ) REPRESENTATION_CONTEXT ( 'NONE', 'WORKASPACE' ) );
#2656 =( LENGTH_UNIT ( ) NAMED_UNIT ( * ) SI_UNIT ( .MILLI., .METRE. ) );
#2657 = MECHANICAL_DESIGN_GEOMETRIC_PRESENTATION_REPRESENTATION (  '', ( #2659 ), #2712 ) ;
#2658 = PRESENTATION_LAYER_ASSIGNMENT (  '', '', ( #2659 ) ) ;
#2659 = STYLED_ITEM ( 'NONE', ( #2660 ), #245 ) ;
#2660 = PRESENTATION_STYLE_ASSIGNMENT (( #2661 ) ) ;
#2661 = SURFACE_STYLE_USAGE ( .BOTH. , #2662 ) ;
#2662 = SURFACE_SIDE_STYLE ('',( #2663 ) ) ;
#2663 = SURFACE_STYLE_FILL_AREA ( #2664 ) ;
#2664 = FILL_AREA_STYLE ('',( #2671 ) ) ;
#2665 = COLOUR_RGB ( '',0.7529411764705882200, 0.7529411764705882200, 0.7529411764705882200 ) ;
#2666 = FACE_OUTER_BOUND ( 'NONE', #246, .T. ) ;
#2667 = DIRECTION ( 'NONE',  ( 0.0000000000000000000, 0.0000000000000000000, -1.000000000000000000 ) ) ;
#2668 = VECTOR ( 'NONE', #2667, 1000.000000000000000 ) ;
#2669 = CARTESIAN_POINT ( 'NONE',  ( -8.900000000000002100, -1.649999999999999500, -0.1000000000000003500 ) ) ;
#2670 = LINE ( 'NONE', #2669, #2668 ) ;
#2671 = FILL_AREA_STYLE_COLOUR ( '', #2665 ) ;
#2672 = CARTESIAN_POINT ( 'NONE',  ( -8.900000000000002100, -1.649999999999999500, -0.1000000000000003500 ) ) ;
#2673 = DIRECTION ( 'NONE',  ( 1.000000000000000000, 0.0000000000000000000, 0.0000000000000000000 ) ) ;
#2674 = VECTOR ( 'NONE', #2673, 1000.000000000000000 ) ;
#2675 = CARTESIAN_POINT ( 'NONE',  ( -9.300000000000000700, -1.649999999999999500, -0.1000000000000003500 ) ) ;
#2676 = LINE ( 'NONE', #2675, #2674 ) ;
#2677 = CARTESIAN_POINT ( 'NONE',  ( -9.304999999999999700, -1.649999999999998600, -0.1000000000000003400 ) ) ;
#2678 = DIRECTION ( 'NONE',  ( 0.0000000000000000000, 0.0000000000000000000, -1.000000000000000000 ) ) ;
#2679 = VECTOR ( 'NONE', #2678, 1000.000000000000000 ) ;
#2680 = CARTESIAN_POINT ( 'NONE',  ( -9.304999999999999700, -1.649999999999998600, -0.1000000000000003400 ) ) ;
#2681 = LINE ( 'NONE', #2680, #2679 ) ;
#2682 = DIRECTION ( 'NONE',  ( 0.0000000000000000000, 0.0000000000000000000, 1.000000000000000000 ) ) ;
#2683 = DIRECTION ( 'NONE',  ( 1.000000000000000000, 0.0000000000000000000, 0.0000000000000000000 ) ) ;
#2684 = CARTESIAN_POINT ( 'NONE',  ( -8.900000000000002100, -4.499999999999998200, 5.599999999999998800 ) ) ;
#2685 = AXIS2_PLACEMENT_3D ( 'NONE', #2684, #2683, #2682 ) ;
#2686 = PLANE ( 'NONE',  #2685 ) ;
#2687 =( GEOMETRIC_REPRESENTATION_CONTEXT ( 3 ) GLOBAL_UNCERTAINTY_ASSIGNED_CONTEXT ( ( #2625 ) ) GLOBAL_UNIT_ASSIGNED_CONTEXT ( ( #2628, #2627, #2626 ) ) REPRESENTATION_CONTEXT ( 'NONE', 'WORKASPACE' ) );
#2688 = MECHANICAL_DESIGN_GEOMETRIC_PRESENTATION_REPRESENTATION (  '', ( #2690 ), #2736 ) ;
#2689 = PRESENTATION_LAYER_ASSIGNMENT (  '', '', ( #2690 ) ) ;
#2690 = STYLED_ITEM ( 'NONE', ( #2691 ), #252 ) ;
#2691 = PRESENTATION_STYLE_ASSIGNMENT (( #2692 ) ) ;
#2692 = SURFACE_STYLE_USAGE ( .BOTH. , #2693 ) ;
#2693 = SURFACE_SIDE_STYLE ('',( #2694 ) ) ;
#2694 = SURFACE_STYLE_FILL_AREA ( #2695 ) ;
#2695 = FILL_AREA_STYLE ('',( #2702 ) ) ;
#2696 = COLOUR_RGB ( '',0.7529411764705882200, 0.7529411764705882200, 0.7529411764705882200 ) ;
#2697 = FACE_OUTER_BOUND ( 'NONE', #253, .T. ) ;
#2698 = DIRECTION ( 'NONE',  ( 0.0000000000000000000, 1.000000000000000000, 1.521687259628779000E-016 ) ) ;
#2699 = VECTOR ( 'NONE', #2698, 1000.000000000000000 ) ;
#2700 = CARTESIAN_POINT ( 'NONE',  ( -8.900000000000002100, -1.649999999999999500, 2.399999999999999000 ) ) ;
#2701 = LINE ( 'NONE', #2700, #2699 ) ;
#2702 = FILL_AREA_STYLE_COLOUR ( '', #2696 ) ;
#2703 = DIRECTION ( 'NONE',  ( 0.0000000000000000000, 0.0000000000000000000, 1.000000000000000000 ) ) ;
#2704 = VECTOR ( 'NONE', #2703, 1000.000000000000000 ) ;
#2705 = CARTESIAN_POINT ( 'NONE',  ( -8.900000000000002100, 1.149999999999999900, 5.599999999999998800 ) ) ;
#2706 = LINE ( 'NONE', #2705, #2704 ) ;
#2707 = DIRECTION ( 'NONE',  ( 0.0000000000000000000, 0.0000000000000000000, 1.000000000000000000 ) ) ;
#2708 = DIRECTION ( 'NONE',  ( 0.0000000000000000000, 1.000000000000000000, 0.0000000000000000000 ) ) ;
#2709 = CARTESIAN_POINT ( 'NONE',  ( -9.300000000000000700, 1.149999999999999900, 5.599999999999998800 ) ) ;
#2710 = AXIS2_PLACEMENT_3D ( 'NONE', #2709, #2708, #2707 ) ;
#2711 = PLANE ( 'NONE',  #2710 ) ;
#2712 =( GEOMETRIC_REPRESENTATION_CONTEXT ( 3 ) GLOBAL_UNCERTAINTY_ASSIGNED_CONTEXT ( ( #2713 ) ) GLOBAL_UNIT_ASSIGNED_CONTEXT ( ( #2656, #2715, #2714 ) ) REPRESENTATION_CONTEXT ( 'NONE', 'WORKASPACE' ) );
#2713 = UNCERTAINTY_MEASURE_WITH_UNIT (LENGTH_MEASURE( 1.000000000000000100E-005 ), #2656, 'distance_accuracy_value', 'NONE');
#2714 =( NAMED_UNIT ( * ) SI_UNIT ( $, .STERADIAN. ) SOLID_ANGLE_UNIT ( ) );
#2715 =( NAMED_UNIT ( * ) PLANE_ANGLE_UNIT ( ) SI_UNIT ( $, .RADIAN. ) );
#2716 = UNCERTAINTY_MEASURE_WITH_UNIT (LENGTH_MEASURE( 1.000000000000000100E-005 ), #2719, 'distance_accuracy_value', 'NONE');
#2717 =( NAMED_UNIT ( * ) SI_UNIT ( $, .STERADIAN. ) SOLID_ANGLE_UNIT ( ) );
#2718 =( NAMED_UNIT ( * ) PLANE_ANGLE_UNIT ( ) SI_UNIT ( $, .RADIAN. ) );
#2719 =( LENGTH_UNIT ( ) NAMED_UNIT ( * ) SI_UNIT ( .MILLI., .METRE. ) );
#2720 = MECHANICAL_DESIGN_GEOMETRIC_PRESENTATION_REPRESENTATION (  '', ( #2722 ), #2765 ) ;
#2721 = PRESENTATION_LAYER_ASSIGNMENT (  '', '', ( #2722 ) ) ;
#2722 = STYLED_ITEM ( 'NONE', ( #2723 ), #260 ) ;
#2723 = PRESENTATION_STYLE_ASSIGNMENT (( #2724 ) ) ;
#2724 = SURFACE_STYLE_USAGE ( .BOTH. , #2725 ) ;
#2725 = SURFACE_SIDE_STYLE ('',( #2726 ) ) ;
#2726 = SURFACE_STYLE_FILL_AREA ( #2727 ) ;
#2727 = FILL_AREA_STYLE ('',( #2734 ) ) ;
#2728 = COLOUR_RGB ( '',0.7529411764705882200, 0.7529411764705882200, 0.7529411764705882200 ) ;
#2729 = FACE_OUTER_BOUND ( 'NONE', #261, .T. ) ;
#2730 = DIRECTION ( 'NONE',  ( 0.0000000000000000000, 1.000000000000000000, 1.521687259628779000E-016 ) ) ;
#2731 = DIRECTION ( 'NONE',  ( 0.0000000000000000000, 1.521687259628779000E-016, -1.000000000000000000 ) ) ;
#2732 = CARTESIAN_POINT ( 'NONE',  ( -9.300000000000000700, -1.649999999999999500, 2.399999999999999000 ) ) ;
#2733 = AXIS2_PLACEMENT_3D ( 'NONE', #2732, #2731, #2730 ) ;
#2734 = FILL_AREA_STYLE_COLOUR ( '', #2728 ) ;
#2735 = PLANE ( 'NONE',  #2733 ) ;
#2736 =( GEOMETRIC_REPRESENTATION_CONTEXT ( 3 ) GLOBAL_UNCERTAINTY_ASSIGNED_CONTEXT ( ( #2737 ) ) GLOBAL_UNIT_ASSIGNED_CONTEXT ( ( #2740, #2739, #2738 ) ) REPRESENTATION_CONTEXT ( 'NONE', 'WORKASPACE' ) );
#2737 = UNCERTAINTY_MEASURE_WITH_UNIT (LENGTH_MEASURE( 1.000000000000000100E-005 ), #2740, 'distance_accuracy_value', 'NONE');
#2738 =( NAMED_UNIT ( * ) SI_UNIT ( $, .STERADIAN. ) SOLID_ANGLE_UNIT ( ) );
#2739 =( NAMED_UNIT ( * ) PLANE_ANGLE_UNIT ( ) SI_UNIT ( $, .RADIAN. ) );
#2740 =( LENGTH_UNIT ( ) NAMED_UNIT ( * ) SI_UNIT ( .MILLI., .METRE. ) );
#2741 = UNCERTAINTY_MEASURE_WITH_UNIT (LENGTH_MEASURE( 1.000000000000000100E-005 ), #2744, 'distance_accuracy_value', 'NONE');
#2742 =( NAMED_UNIT ( * ) SI_UNIT ( $, .STERADIAN. ) SOLID_ANGLE_UNIT ( ) );
#2743 =( NAMED_UNIT ( * ) PLANE_ANGLE_UNIT ( ) SI_UNIT ( $, .RADIAN. ) );
#2744 =( LENGTH_UNIT ( ) NAMED_UNIT ( * ) SI_UNIT ( .MILLI., .METRE. ) );
#2745 = MECHANICAL_DESIGN_GEOMETRIC_PRESENTATION_REPRESENTATION (  '', ( #2747 ), #2794 ) ;
#2746 = PRESENTATION_LAYER_ASSIGNMENT (  '', '', ( #2747 ) ) ;
#2747 = STYLED_ITEM ( 'NONE', ( #2748 ), #264 ) ;
#2748 = PRESENTATION_STYLE_ASSIGNMENT (( #2749 ) ) ;
#2749 = SURFACE_STYLE_USAGE ( .BOTH. , #2750 ) ;
#2750 = SURFACE_SIDE_STYLE ('',( #2751 ) ) ;
#2751 = SURFACE_STYLE_FILL_AREA ( #2752 ) ;
#2752 = FILL_AREA_STYLE ('',( #2759 ) ) ;
#2753 = COLOUR_RGB ( '',0.7529411764705882200, 0.7529411764705882200, 0.7529411764705882200 ) ;
#2754 = FACE_OUTER_BOUND ( 'NONE', #265, .T. ) ;
#2755 = DIRECTION ( 'NONE',  ( -1.000000000000000000, 0.0000000000000000000, 0.0000000000000000000 ) ) ;
#2756 = VECTOR ( 'NONE', #2755, 1000.000000000000000 ) ;
#2757 = CARTESIAN_POINT ( 'NONE',  ( 5.249999999999999100, 1.849999999999999600, 2.349999999999998300 ) ) ;
#2758 = LINE ( 'NONE', #2757, #2756 ) ;
#2759 = FILL_AREA_STYLE_COLOUR ( '', #2753 ) ;
#2760 = DIRECTION ( 'NONE',  ( 0.0000000000000000000, -1.000000000000000000, -8.340016711426957800E-017 ) ) ;
#2761 = DIRECTION ( 'NONE',  ( 0.0000000000000000000, -8.340016711426957800E-017, 1.000000000000000000 ) ) ;
#2762 = CARTESIAN_POINT ( 'NONE',  ( 5.249999999999999100, 1.849999999999999600, 2.349999999999998300 ) ) ;
#2763 = AXIS2_PLACEMENT_3D ( 'NONE', #2762, #2761, #2760 ) ;
#2764 = PLANE ( 'NONE',  #2763 ) ;
#2765 =( GEOMETRIC_REPRESENTATION_CONTEXT ( 3 ) GLOBAL_UNCERTAINTY_ASSIGNED_CONTEXT ( ( #2716 ) ) GLOBAL_UNIT_ASSIGNED_CONTEXT ( ( #2719, #2718, #2717 ) ) REPRESENTATION_CONTEXT ( 'NONE', 'WORKASPACE' ) );
#2766 = UNCERTAINTY_MEASURE_WITH_UNIT (LENGTH_MEASURE( 1.000000000000000100E-005 ), #2769, 'distance_accuracy_value', 'NONE');
#2767 =( NAMED_UNIT ( * ) SI_UNIT ( $, .STERADIAN. ) SOLID_ANGLE_UNIT ( ) );
#2768 =( NAMED_UNIT ( * ) PLANE_ANGLE_UNIT ( ) SI_UNIT ( $, .RADIAN. ) );
#2769 =( LENGTH_UNIT ( ) NAMED_UNIT ( * ) SI_UNIT ( .MILLI., .METRE. ) );
#2770 = MECHANICAL_DESIGN_GEOMETRIC_PRESENTATION_REPRESENTATION (  '', ( #2772 ), #2819 ) ;
#2771 = PRESENTATION_LAYER_ASSIGNMENT (  '', '', ( #2772 ) ) ;
#2772 = STYLED_ITEM ( 'NONE', ( #2773 ), #272 ) ;
#2773 = PRESENTATION_STYLE_ASSIGNMENT (( #2774 ) ) ;
#2774 = SURFACE_STYLE_USAGE ( .BOTH. , #2775 ) ;
#2775 = SURFACE_SIDE_STYLE ('',( #2776 ) ) ;
#2776 = SURFACE_STYLE_FILL_AREA ( #2777 ) ;
#2777 = FILL_AREA_STYLE ('',( #2784 ) ) ;
#2778 = COLOUR_RGB ( '',0.7529411764705882200, 0.7529411764705882200, 0.7529411764705882200 ) ;
#2779 = FACE_OUTER_BOUND ( 'NONE', #273, .T. ) ;
#2780 = DIRECTION ( 'NONE',  ( 0.0000000000000000000, 1.000000000000000000, 8.340016711426957800E-017 ) ) ;
#2781 = VECTOR ( 'NONE', #2780, 1000.000000000000000 ) ;
#2782 = CARTESIAN_POINT ( 'NONE',  ( 4.750000000000000000, 1.849999999999999600, 2.349999999999998300 ) ) ;
#2783 = LINE ( 'NONE', #2782, #2781 ) ;
#2784 = FILL_AREA_STYLE_COLOUR ( '', #2778 ) ;
#2785 = DIRECTION ( 'NONE',  ( 0.0000000000000000000, -1.000000000000000000, 0.0000000000000000000 ) ) ;
#2786 = VECTOR ( 'NONE', #2785, 1000.000000000000000 ) ;
#2787 = CARTESIAN_POINT ( 'NONE',  ( 4.750000000000000000, -4.150000000000000400, 2.849999999999998300 ) ) ;
#2788 = LINE ( 'NONE', #2787, #2786 ) ;
#2789 = DIRECTION ( 'NONE',  ( 0.0000000000000000000, 0.0000000000000000000, -1.000000000000000000 ) ) ;
#2790 = DIRECTION ( 'NONE',  ( 1.000000000000000000, 0.0000000000000000000, 0.0000000000000000000 ) ) ;
#2791 = CARTESIAN_POINT ( 'NONE',  ( 4.750000000000000000, -4.150000000000000400, 2.849999999999998300 ) ) ;
#2792 = AXIS2_PLACEMENT_3D ( 'NONE', #2791, #2790, #2789 ) ;
#2793 = PLANE ( 'NONE',  #2792 ) ;
#2794 =( GEOMETRIC_REPRESENTATION_CONTEXT ( 3 ) GLOBAL_UNCERTAINTY_ASSIGNED_CONTEXT ( ( #2741 ) ) GLOBAL_UNIT_ASSIGNED_CONTEXT ( ( #2744, #2743, #2742 ) ) REPRESENTATION_CONTEXT ( 'NONE', 'WORKASPACE' ) );
#2795 = CARTESIAN_POINT ( 'NONE',  ( 5.249999999999999100, 1.849999999999999600, 2.849999999999998300 ) ) ;
#2796 = AXIS2_PLACEMENT_3D ( 'NONE', #2795, #2567, #2853 ) ;
#2797 = PLANE ( 'NONE',  #2796 ) ;
#2798 =( GEOMETRIC_REPRESENTATION_CONTEXT ( 3 ) GLOBAL_UNCERTAINTY_ASSIGNED_CONTEXT ( ( #2799 ) ) GLOBAL_UNIT_ASSIGNED_CONTEXT ( ( #2802, #2801, #2800 ) ) REPRESENTATION_CONTEXT ( 'NONE', 'WORKASPACE' ) );
#2799 = UNCERTAINTY_MEASURE_WITH_UNIT (LENGTH_MEASURE( 1.000000000000000100E-005 ), #2802, 'distance_accuracy_value', 'NONE');
#2800 =( NAMED_UNIT ( * ) SI_UNIT ( $, .STERADIAN. ) SOLID_ANGLE_UNIT ( ) );
#2801 =( NAMED_UNIT ( * ) PLANE_ANGLE_UNIT ( ) SI_UNIT ( $, .RADIAN. ) );
#2802 =( LENGTH_UNIT ( ) NAMED_UNIT ( * ) SI_UNIT ( .MILLI., .METRE. ) );
#2803 = MECHANICAL_DESIGN_GEOMETRIC_PRESENTATION_REPRESENTATION (  '', ( #2805 ), #2798 ) ;
#2804 = PRESENTATION_LAYER_ASSIGNMENT (  '', '', ( #2805 ) ) ;
#2805 = STYLED_ITEM ( 'NONE', ( #2806 ), #277 ) ;
#2806 = PRESENTATION_STYLE_ASSIGNMENT (( #2807 ) ) ;
#2807 = SURFACE_STYLE_USAGE ( .BOTH. , #2808 ) ;
#2808 = SURFACE_SIDE_STYLE ('',( #2809 ) ) ;
#2809 = SURFACE_STYLE_FILL_AREA ( #2810 ) ;
#2810 = FILL_AREA_STYLE ('',( #2817 ) ) ;
#2811 = COLOUR_RGB ( '',0.7529411764705882200, 0.7529411764705882200, 0.7529411764705882200 ) ;
#2812 = FACE_OUTER_BOUND ( 'NONE', #278, .T. ) ;
#2813 = DIRECTION ( 'NONE',  ( 0.0000000000000000000, 0.0000000000000000000, -1.000000000000000000 ) ) ;
#2814 = DIRECTION ( 'NONE',  ( 1.000000000000000000, 0.0000000000000000000, 0.0000000000000000000 ) ) ;
#2815 = CARTESIAN_POINT ( 'NONE',  ( 5.249999999999999100, -4.150000000000000400, 2.849999999999998300 ) ) ;
#2816 = AXIS2_PLACEMENT_3D ( 'NONE', #2815, #2814, #2813 ) ;
#2817 = FILL_AREA_STYLE_COLOUR ( '', #2811 ) ;
#2818 = PLANE ( 'NONE',  #2816 ) ;
#2819 =( GEOMETRIC_REPRESENTATION_CONTEXT ( 3 ) GLOBAL_UNCERTAINTY_ASSIGNED_CONTEXT ( ( #2766 ) ) GLOBAL_UNIT_ASSIGNED_CONTEXT ( ( #2769, #2768, #2767 ) ) REPRESENTATION_CONTEXT ( 'NONE', 'WORKASPACE' ) );
#2820 =( NAMED_UNIT ( * ) PLANE_ANGLE_UNIT ( ) SI_UNIT ( $, .RADIAN. ) );
#2821 =( LENGTH_UNIT ( ) NAMED_UNIT ( * ) SI_UNIT ( .MILLI., .METRE. ) );
#2822 = MECHANICAL_DESIGN_GEOMETRIC_PRESENTATION_REPRESENTATION (  '', ( #2824 ), #2880 ) ;
#2823 = PRESENTATION_LAYER_ASSIGNMENT (  '', '', ( #2824 ) ) ;
#2824 = STYLED_ITEM ( 'NONE', ( #2825 ), #292 ) ;
#2825 = PRESENTATION_STYLE_ASSIGNMENT (( #2826 ) ) ;
#2826 = SURFACE_STYLE_USAGE ( .BOTH. , #2827 ) ;
#2827 = SURFACE_SIDE_STYLE ('',( #2828 ) ) ;
#2828 = SURFACE_STYLE_FILL_AREA ( #2829 ) ;
#2829 = FILL_AREA_STYLE ('',( #2836 ) ) ;
#2830 = COLOUR_RGB ( '',0.7529411764705882200, 0.7529411764705882200, 0.7529411764705882200 ) ;
#2831 = FACE_OUTER_BOUND ( 'NONE', #215, .T. ) ;
#2832 = DIRECTION ( 'NONE',  ( 0.0000000000000000000, 1.000000000000000000, 1.258448950206389400E-016 ) ) ;
#2833 = VECTOR ( 'NONE', #2832, 1000.000000000000000 ) ;
#2834 = CARTESIAN_POINT ( 'NONE',  ( -8.900000000000002100, 1.149999999999999900, -0.1000000000000000100 ) ) ;
#2835 = LINE ( 'NONE', #2834, #2833 ) ;
#2836 = FILL_AREA_STYLE_COLOUR ( '', #2830 ) ;
#2837 = CARTESIAN_POINT ( 'NONE',  ( 5.249999999999999100, 1.849999999999999600, 2.349999999999998300 ) ) ;
#2838 = DIRECTION ( 'NONE',  ( 0.0000000000000000000, 0.0000000000000000000, 1.000000000000000000 ) ) ;
#2839 = VECTOR ( 'NONE', #2838, 1000.000000000000000 ) ;
#2840 = CARTESIAN_POINT ( 'NONE',  ( 5.249999999999999100, 1.849999999999999600, 2.849999999999998300 ) ) ;
#2841 = LINE ( 'NONE', #2840, #2839 ) ;
#2842 = CARTESIAN_POINT ( 'NONE',  ( 5.249999999999999100, 1.849999999999999600, 2.849999999999998300 ) ) ;
#2843 = DIRECTION ( 'NONE',  ( -1.000000000000000000, 0.0000000000000000000, 0.0000000000000000000 ) ) ;
#2844 = VECTOR ( 'NONE', #2843, 1000.000000000000000 ) ;
#2845 = CARTESIAN_POINT ( 'NONE',  ( 5.249999999999999100, 1.849999999999999600, 2.849999999999998300 ) ) ;
#2846 = LINE ( 'NONE', #2845, #2844 ) ;
#2847 = CARTESIAN_POINT ( 'NONE',  ( 4.750000000000000000, 1.849999999999999600, 2.849999999999998300 ) ) ;
#2848 = CARTESIAN_POINT ( 'NONE',  ( 4.750000000000000000, 1.849999999999999600, 2.349999999999998300 ) ) ;
#2849 = DIRECTION ( 'NONE',  ( 0.0000000000000000000, 0.0000000000000000000, 1.000000000000000000 ) ) ;
#2850 = VECTOR ( 'NONE', #2849, 1000.000000000000000 ) ;
#2851 = CARTESIAN_POINT ( 'NONE',  ( 4.750000000000000000, 1.849999999999999600, 2.849999999999998300 ) ) ;
#2852 = LINE ( 'NONE', #2851, #2850 ) ;
#2853 = DIRECTION ( 'NONE',  ( 0.0000000000000000000, 0.0000000000000000000, -1.000000000000000000 ) ) ;
#2854 =( LENGTH_UNIT ( ) NAMED_UNIT ( * ) SI_UNIT ( .MILLI., .METRE. ) );
#2855 = MECHANICAL_DESIGN_GEOMETRIC_PRESENTATION_REPRESENTATION (  '', ( #2857 ), #2908 ) ;
#2856 = PRESENTATION_LAYER_ASSIGNMENT (  '', '', ( #2857 ) ) ;
#2857 = STYLED_ITEM ( 'NONE', ( #2858 ), #301 ) ;
#2858 = PRESENTATION_STYLE_ASSIGNMENT (( #2859 ) ) ;
#2859 = SURFACE_STYLE_USAGE ( .BOTH. , #2860 ) ;
#2860 = SURFACE_SIDE_STYLE ('',( #2861 ) ) ;
#2861 = SURFACE_STYLE_FILL_AREA ( #2862 ) ;
#2862 = FILL_AREA_STYLE ('',( #2869 ) ) ;
#2863 = COLOUR_RGB ( '',0.7529411764705882200, 0.7529411764705882200, 0.7529411764705882200 ) ;
#2864 = FACE_OUTER_BOUND ( 'NONE', #302, .T. ) ;
#2865 = DIRECTION ( 'NONE',  ( 0.0000000000000000000, 1.000000000000000000, 1.514694211560631100E-016 ) ) ;
#2866 = VECTOR ( 'NONE', #2865, 1000.000000000000000 ) ;
#2867 = CARTESIAN_POINT ( 'NONE',  ( 5.249999999999999100, -3.850000000000000100, -0.1000000000000016300 ) ) ;
#2868 = LINE ( 'NONE', #2867, #2866 ) ;
#2869 = FILL_AREA_STYLE_COLOUR ( '', #2863 ) ;
#2870 = CARTESIAN_POINT ( 'NONE',  ( 5.249999999999999100, -5.549999999999999800, -0.1000000000000018900 ) ) ;
#2871 = DIRECTION ( 'NONE',  ( 0.0000000000000000000, 0.0000000000000000000, -1.000000000000000000 ) ) ;
#2872 = VECTOR ( 'NONE', #2871, 1000.000000000000000 ) ;
#2873 = CARTESIAN_POINT ( 'NONE',  ( 5.249999999999999100, -5.549999999999999800, 0.4999999999999980600 ) ) ;
#2874 = LINE ( 'NONE', #2873, #2872 ) ;
#2875 = DIRECTION ( 'NONE',  ( 0.0000000000000000000, 1.000000000000000000, 1.258448950206389400E-016 ) ) ;
#2876 = DIRECTION ( 'NONE',  ( 0.0000000000000000000, 1.258448950206389400E-016, -1.000000000000000000 ) ) ;
#2877 = CARTESIAN_POINT ( 'NONE',  ( -9.300000000000000700, 1.149999999999999900, -0.1000000000000000100 ) ) ;
#2878 = AXIS2_PLACEMENT_3D ( 'NONE', #2877, #2876, #2875 ) ;
#2879 = PLANE ( 'NONE',  #2878 ) ;
#2880 =( GEOMETRIC_REPRESENTATION_CONTEXT ( 3 ) GLOBAL_UNCERTAINTY_ASSIGNED_CONTEXT ( ( #2881 ) ) GLOBAL_UNIT_ASSIGNED_CONTEXT ( ( #2821, #2820, #2882 ) ) REPRESENTATION_CONTEXT ( 'NONE', 'WORKASPACE' ) );
#2881 = UNCERTAINTY_MEASURE_WITH_UNIT (LENGTH_MEASURE( 1.000000000000000100E-005 ), #2821, 'distance_accuracy_value', 'NONE');
#2882 =( NAMED_UNIT ( * ) SI_UNIT ( $, .STERADIAN. ) SOLID_ANGLE_UNIT ( ) );
#2883 =( LENGTH_UNIT ( ) NAMED_UNIT ( * ) SI_UNIT ( .MILLI., .METRE. ) );
#2884 = MECHANICAL_DESIGN_GEOMETRIC_PRESENTATION_REPRESENTATION (  '', ( #2886 ), #2937 ) ;
#2885 = PRESENTATION_LAYER_ASSIGNMENT (  '', '', ( #2886 ) ) ;
#2886 = STYLED_ITEM ( 'NONE', ( #2887 ), #306 ) ;
#2887 = PRESENTATION_STYLE_ASSIGNMENT (( #2888 ) ) ;
#2888 = SURFACE_STYLE_USAGE ( .BOTH. , #2889 ) ;
#2889 = SURFACE_SIDE_STYLE ('',( #2890 ) ) ;
#2890 = SURFACE_STYLE_FILL_AREA ( #2891 ) ;
#2891 = FILL_AREA_STYLE ('',( #2898 ) ) ;
#2892 = COLOUR_RGB ( '',0.7529411764705882200, 0.7529411764705882200, 0.7529411764705882200 ) ;
#2893 = FACE_OUTER_BOUND ( 'NONE', #307, .T. ) ;
#2894 = DIRECTION ( 'NONE',  ( -1.000000000000000000, 0.0000000000000000000, 0.0000000000000000000 ) ) ;
#2895 = VECTOR ( 'NONE', #2894, 1000.000000000000000 ) ;
#2896 = CARTESIAN_POINT ( 'NONE',  ( 5.249999999999999100, -3.850000000000000100, -0.1000000000000016300 ) ) ;
#2897 = LINE ( 'NONE', #2896, #2895 ) ;
#2898 = FILL_AREA_STYLE_COLOUR ( '', #2892 ) ;
#2899 = DIRECTION ( 'NONE',  ( 0.0000000000000000000, 0.7071067811865476800, 0.7071067811865472400 ) ) ;
#2900 = VECTOR ( 'NONE', #2899, 1000.000000000000100 ) ;
#2901 = CARTESIAN_POINT ( 'NONE',  ( 5.249999999999999100, -3.349999999999999600, 0.3999999999999984700 ) ) ;
#2902 = LINE ( 'NONE', #2901, #2900 ) ;
#2903 = DIRECTION ( 'NONE',  ( 0.0000000000000000000, 0.0000000000000000000, -1.000000000000000000 ) ) ;
#2904 = DIRECTION ( 'NONE',  ( 1.000000000000000000, 0.0000000000000000000, 0.0000000000000000000 ) ) ;
#2905 = CARTESIAN_POINT ( 'NONE',  ( 4.750000000000000000, -4.150000000000000400, 2.849999999999998300 ) ) ;
#2906 = AXIS2_PLACEMENT_3D ( 'NONE', #2905, #2904, #2903 ) ;
#2907 = PLANE ( 'NONE',  #2906 ) ;
#2908 =( GEOMETRIC_REPRESENTATION_CONTEXT ( 3 ) GLOBAL_UNCERTAINTY_ASSIGNED_CONTEXT ( ( #2909 ) ) GLOBAL_UNIT_ASSIGNED_CONTEXT ( ( #2854, #2911, #2910 ) ) REPRESENTATION_CONTEXT ( 'NONE', 'WORKASPACE' ) );
#2909 = UNCERTAINTY_MEASURE_WITH_UNIT (LENGTH_MEASURE( 1.000000000000000100E-005 ), #2854, 'distance_accuracy_value', 'NONE');
#2910 =( NAMED_UNIT ( * ) SI_UNIT ( $, .STERADIAN. ) SOLID_ANGLE_UNIT ( ) );
#2911 =( NAMED_UNIT ( * ) PLANE_ANGLE_UNIT ( ) SI_UNIT ( $, .RADIAN. ) );
#2912 = SURFACE_SIDE_STYLE ('',( #2913 ) ) ;
#2913 = SURFACE_STYLE_FILL_AREA ( #2914 ) ;
#2914 = FILL_AREA_STYLE ('',( #2921 ) ) ;
#2915 = COLOUR_RGB ( '',0.7529411764705882200, 0.7529411764705882200, 0.7529411764705882200 ) ;
#2916 = FACE_OUTER_BOUND ( 'NONE', #322, .T. ) ;
#2917 = DIRECTION ( 'NONE',  ( -1.000000000000000000, 0.0000000000000000000, 0.0000000000000000000 ) ) ;
#2918 = VECTOR ( 'NONE', #2917, 1000.000000000000000 ) ;
#2919 = CARTESIAN_POINT ( 'NONE',  ( 5.249999999999999100, -5.549999999999999800, 0.4999999999999980600 ) ) ;
#2920 = LINE ( 'NONE', #2919, #2918 ) ;
#2921 = FILL_AREA_STYLE_COLOUR ( '', #2915 ) ;
#2922 = CARTESIAN_POINT ( 'NONE',  ( 4.750000000000000000, -5.549999999999999800, 0.4999999999999980600 ) ) ;
#2923 = DIRECTION ( 'NONE',  ( 0.0000000000000000000, -1.000000000000000000, -1.548860246407863300E-016 ) ) ;
#2924 = VECTOR ( 'NONE', #2923, 1000.000000000000000 ) ;
#2925 = CARTESIAN_POINT ( 'NONE',  ( 4.750000000000000000, -4.150000000000000400, 0.4999999999999982800 ) ) ;
#2926 = LINE ( 'NONE', #2925, #2924 ) ;
#2927 = CARTESIAN_POINT ( 'NONE',  ( 5.249999999999999100, -5.549999999999999800, 0.4999999999999980600 ) ) ;
#2928 = DIRECTION ( 'NONE',  ( 0.0000000000000000000, -1.000000000000000000, -1.548860246407863300E-016 ) ) ;
#2929 = VECTOR ( 'NONE', #2928, 1000.000000000000000 ) ;
#2930 = CARTESIAN_POINT ( 'NONE',  ( 5.249999999999999100, -4.150000000000000400, 0.4999999999999982800 ) ) ;
#2931 = LINE ( 'NONE', #2930, #2929 ) ;
#2932 = DIRECTION ( 'NONE',  ( 0.0000000000000000000, 1.000000000000000000, 1.548860246407863300E-016 ) ) ;
#2933 = DIRECTION ( 'NONE',  ( 0.0000000000000000000, 1.548860246407863300E-016, -1.000000000000000000 ) ) ;
#2934 = CARTESIAN_POINT ( 'NONE',  ( 5.249999999999999100, -4.150000000000000400, 0.4999999999999982800 ) ) ;
#2935 = AXIS2_PLACEMENT_3D ( 'NONE', #2934, #2933, #2932 ) ;
#2936 = PLANE ( 'NONE',  #2935 ) ;
#2937 =( GEOMETRIC_REPRESENTATION_CONTEXT ( 3 ) GLOBAL_UNCERTAINTY_ASSIGNED_CONTEXT ( ( #2938 ) ) GLOBAL_UNIT_ASSIGNED_CONTEXT ( ( #2883, #2940, #2939 ) ) REPRESENTATION_CONTEXT ( 'NONE', 'WORKASPACE' ) );
#2938 = UNCERTAINTY_MEASURE_WITH_UNIT (LENGTH_MEASURE( 1.000000000000000100E-005 ), #2883, 'distance_accuracy_value', 'NONE');
#2939 =( NAMED_UNIT ( * ) SI_UNIT ( $, .STERADIAN. ) SOLID_ANGLE_UNIT ( ) );
#2940 =( NAMED_UNIT ( * ) PLANE_ANGLE_UNIT ( ) SI_UNIT ( $, .RADIAN. ) );
#2941 = CARTESIAN_POINT ( 'NONE',  ( 5.249999999999999100, -4.150000000000000400, 2.849999999999998300 ) ) ;
#2942 = LINE ( 'NONE', #2941, #2992 ) ;
#2943 = CARTESIAN_POINT ( 'NONE',  ( 5.249999999999999100, -3.850000000000000100, -0.1000000000000016300 ) ) ;
#2944 = CARTESIAN_POINT ( 'NONE',  ( 4.750000000000000000, -3.850000000000000100, -0.1000000000000016300 ) ) ;
#2945 = DIRECTION ( 'NONE',  ( 0.0000000000000000000, 0.7071067811865476800, 0.7071067811865472400 ) ) ;
#2946 = VECTOR ( 'NONE', #2945, 1000.000000000000100 ) ;
#2947 = CARTESIAN_POINT ( 'NONE',  ( 4.750000000000000000, -3.349999999999999600, 0.3999999999999984700 ) ) ;
#2948 = LINE ( 'NONE', #2947, #2946 ) ;
#2949 = DIRECTION ( 'NONE',  ( 0.0000000000000000000, -0.7071067811865476800, -0.7071067811865472400 ) ) ;
#2950 = DIRECTION ( 'NONE',  ( 0.0000000000000000000, -0.7071067811865473500, 0.7071067811865477900 ) ) ;
#2951 = CARTESIAN_POINT ( 'NONE',  ( 5.249999999999999100, -3.349999999999999600, 0.3999999999999984700 ) ) ;
#2952 = AXIS2_PLACEMENT_3D ( 'NONE', #2951, #2950, #2949 ) ;
#2953 = PLANE ( 'NONE',  #2952 ) ;
#2954 =( GEOMETRIC_REPRESENTATION_CONTEXT ( 3 ) GLOBAL_UNCERTAINTY_ASSIGNED_CONTEXT ( ( #2955 ) ) GLOBAL_UNIT_ASSIGNED_CONTEXT ( ( #2958, #2957, #2956 ) ) REPRESENTATION_CONTEXT ( 'NONE', 'WORKASPACE' ) );
#2955 = UNCERTAINTY_MEASURE_WITH_UNIT (LENGTH_MEASURE( 1.000000000000000100E-005 ), #2958, 'distance_accuracy_value', 'NONE');
#2956 =( NAMED_UNIT ( * ) SI_UNIT ( $, .STERADIAN. ) SOLID_ANGLE_UNIT ( ) );
#2957 =( NAMED_UNIT ( * ) PLANE_ANGLE_UNIT ( ) SI_UNIT ( $, .RADIAN. ) );
#2958 =( LENGTH_UNIT ( ) NAMED_UNIT ( * ) SI_UNIT ( .MILLI., .METRE. ) );
#2959 = MECHANICAL_DESIGN_GEOMETRIC_PRESENTATION_REPRESENTATION (  '', ( #2961 ), #2954 ) ;
#2960 = PRESENTATION_LAYER_ASSIGNMENT (  '', '', ( #2961 ) ) ;
#2961 = STYLED_ITEM ( 'NONE', ( #2962 ), #321 ) ;
#2962 = PRESENTATION_STYLE_ASSIGNMENT (( #2963 ) ) ;
#2963 = SURFACE_STYLE_USAGE ( .BOTH. , #2912 ) ;
#2964 = CARTESIAN_POINT ( 'NONE',  ( 3.250000000000000000, 1.849999999999999600, 2.849999999999998300 ) ) ;
#2965 = LINE ( 'NONE', #2964, #3021 ) ;
#2966 = DIRECTION ( 'NONE',  ( -1.000000000000000000, 0.0000000000000000000, 0.0000000000000000000 ) ) ;
#2967 = DIRECTION ( 'NONE',  ( 0.0000000000000000000, 0.0000000000000000000, -1.000000000000000000 ) ) ;
#2968 = CARTESIAN_POINT ( 'NONE',  ( 5.249999999999999100, -4.150000000000000400, 2.849999999999998300 ) ) ;
#2969 = AXIS2_PLACEMENT_3D ( 'NONE', #2968, #2967, #2966 ) ;
#2970 = PLANE ( 'NONE',  #2969 ) ;
#2971 =( GEOMETRIC_REPRESENTATION_CONTEXT ( 3 ) GLOBAL_UNCERTAINTY_ASSIGNED_CONTEXT ( ( #2972 ) ) GLOBAL_UNIT_ASSIGNED_CONTEXT ( ( #2975, #2974, #2973 ) ) REPRESENTATION_CONTEXT ( 'NONE', 'WORKASPACE' ) );
#2972 = UNCERTAINTY_MEASURE_WITH_UNIT (LENGTH_MEASURE( 1.000000000000000100E-005 ), #2975, 'distance_accuracy_value', 'NONE');
#2973 =( NAMED_UNIT ( * ) SI_UNIT ( $, .STERADIAN. ) SOLID_ANGLE_UNIT ( ) );
#2974 =( NAMED_UNIT ( * ) PLANE_ANGLE_UNIT ( ) SI_UNIT ( $, .RADIAN. ) );
#2975 =( LENGTH_UNIT ( ) NAMED_UNIT ( * ) SI_UNIT ( .MILLI., .METRE. ) );
#2976 = MECHANICAL_DESIGN_GEOMETRIC_PRESENTATION_REPRESENTATION (  '', ( #2978 ), #2971 ) ;
#2977 = PRESENTATION_LAYER_ASSIGNMENT (  '', '', ( #2978 ) ) ;
#2978 = STYLED_ITEM ( 'NONE', ( #2979 ), #334 ) ;
#2979 = PRESENTATION_STYLE_ASSIGNMENT (( #2980 ) ) ;
#2980 = SURFACE_STYLE_USAGE ( .BOTH. , #2981 ) ;
#2981 = SURFACE_SIDE_STYLE ('',( #2982 ) ) ;
#2982 = SURFACE_STYLE_FILL_AREA ( #2983 ) ;
#2983 = FILL_AREA_STYLE ('',( #2990 ) ) ;
#2984 = COLOUR_RGB ( '',0.7529411764705882200, 0.7529411764705882200, 0.7529411764705882200 ) ;
#2985 = FACE_OUTER_BOUND ( 'NONE', #255, .T. ) ;
#2986 = DIRECTION ( 'NONE',  ( 0.0000000000000000000, 1.000000000000000000, 8.340016711426957800E-017 ) ) ;
#2987 = VECTOR ( 'NONE', #2986, 1000.000000000000000 ) ;
#2988 = CARTESIAN_POINT ( 'NONE',  ( 5.249999999999999100, 1.849999999999999600, 2.349999999999998300 ) ) ;
#2989 = LINE ( 'NONE', #2988, #2987 ) ;
#2990 = FILL_AREA_STYLE_COLOUR ( '', #2984 ) ;
#2991 = DIRECTION ( 'NONE',  ( 0.0000000000000000000, -1.000000000000000000, 0.0000000000000000000 ) ) ;
#2992 = VECTOR ( 'NONE', #2991, 1000.000000000000000 ) ;
#2993 = PLANE ( 'NONE',  #3050 ) ;
#2994 =( GEOMETRIC_REPRESENTATION_CONTEXT ( 3 ) GLOBAL_UNCERTAINTY_ASSIGNED_CONTEXT ( ( #2995 ) ) GLOBAL_UNIT_ASSIGNED_CONTEXT ( ( #2998, #2997, #2996 ) ) REPRESENTATION_CONTEXT ( 'NONE', 'WORKASPACE' ) );
#2995 = UNCERTAINTY_MEASURE_WITH_UNIT (LENGTH_MEASURE( 1.000000000000000100E-005 ), #2998, 'distance_accuracy_value', 'NONE');
#2996 =( NAMED_UNIT ( * ) SI_UNIT ( $, .STERADIAN. ) SOLID_ANGLE_UNIT ( ) );
#2997 =( NAMED_UNIT ( * ) PLANE_ANGLE_UNIT ( ) SI_UNIT ( $, .RADIAN. ) );
#2998 =( LENGTH_UNIT ( ) NAMED_UNIT ( * ) SI_UNIT ( .MILLI., .METRE. ) );
#2999 = MECHANICAL_DESIGN_GEOMETRIC_PRESENTATION_REPRESENTATION (  '', ( #3001 ), #2994 ) ;
#3000 = PRESENTATION_LAYER_ASSIGNMENT (  '', '', ( #3001 ) ) ;
#3001 = STYLED_ITEM ( 'NONE', ( #3002 ), #342 ) ;
#3002 = PRESENTATION_STYLE_ASSIGNMENT (( #3003 ) ) ;
#3003 = SURFACE_STYLE_USAGE ( .BOTH. , #3004 ) ;
#3004 = SURFACE_SIDE_STYLE ('',( #3005 ) ) ;
#3005 = SURFACE_STYLE_FILL_AREA ( #3006 ) ;
#3006 = FILL_AREA_STYLE ('',( #3013 ) ) ;
#3007 = COLOUR_RGB ( '',0.7529411764705882200, 0.7529411764705882200, 0.7529411764705882200 ) ;
#3008 = FACE_OUTER_BOUND ( 'NONE', #343, .T. ) ;
#3009 = DIRECTION ( 'NONE',  ( -1.000000000000000000, 0.0000000000000000000, 0.0000000000000000000 ) ) ;
#3010 = VECTOR ( 'NONE', #3009, 1000.000000000000000 ) ;
#3011 = CARTESIAN_POINT ( 'NONE',  ( 3.250000000000000000, 1.849999999999999600, 2.349999999999998300 ) ) ;
#3012 = LINE ( 'NONE', #3011, #3010 ) ;
#3013 = FILL_AREA_STYLE_COLOUR ( '', #3007 ) ;
#3014 = CARTESIAN_POINT ( 'NONE',  ( 3.250000000000000000, 1.849999999999999600, 2.349999999999998300 ) ) ;
#3015 = DIRECTION ( 'NONE',  ( 0.0000000000000000000, 0.0000000000000000000, 1.000000000000000000 ) ) ;
#3016 = VECTOR ( 'NONE', #3015, 1000.000000000000000 ) ;
#3017 = CARTESIAN_POINT ( 'NONE',  ( 3.250000000000000000, 1.849999999999999600, 2.849999999999998300 ) ) ;
#3018 = LINE ( 'NONE', #3017, #3016 ) ;
#3019 = CARTESIAN_POINT ( 'NONE',  ( 3.250000000000000000, 1.849999999999999600, 2.849999999999998300 ) ) ;
#3020 = DIRECTION ( 'NONE',  ( -1.000000000000000000, 0.0000000000000000000, 0.0000000000000000000 ) ) ;
#3021 = VECTOR ( 'NONE', #3020, 1000.000000000000000 ) ;
#3022 = DIRECTION ( 'NONE',  ( 0.0000000000000000000, -1.000000000000000000, -1.514694211560631100E-016 ) ) ;
#3023 = DIRECTION ( 'NONE',  ( 0.0000000000000000000, -1.514694211560631100E-016, 1.000000000000000000 ) ) ;
#3024 = CARTESIAN_POINT ( 'NONE',  ( 5.249999999999999100, -3.850000000000000100, -0.1000000000000016300 ) ) ;
#3025 = AXIS2_PLACEMENT_3D ( 'NONE', #3024, #3023, #3022 ) ;
#3026 = PLANE ( 'NONE',  #3025 ) ;
#3027 =( GEOMETRIC_REPRESENTATION_CONTEXT ( 3 ) GLOBAL_UNCERTAINTY_ASSIGNED_CONTEXT ( ( #3028 ) ) GLOBAL_UNIT_ASSIGNED_CONTEXT ( ( #3031, #3030, #3029 ) ) REPRESENTATION_CONTEXT ( 'NONE', 'WORKASPACE' ) );
#3028 = UNCERTAINTY_MEASURE_WITH_UNIT (LENGTH_MEASURE( 1.000000000000000100E-005 ), #3031, 'distance_accuracy_value', 'NONE');
#3029 =( NAMED_UNIT ( * ) SI_UNIT ( $, .STERADIAN. ) SOLID_ANGLE_UNIT ( ) );
#3030 =( NAMED_UNIT ( * ) PLANE_ANGLE_UNIT ( ) SI_UNIT ( $, .RADIAN. ) );
#3031 =( LENGTH_UNIT ( ) NAMED_UNIT ( * ) SI_UNIT ( .MILLI., .METRE. ) );
#3032 = MECHANICAL_DESIGN_GEOMETRIC_PRESENTATION_REPRESENTATION (  '', ( #3034 ), #3027 ) ;
#3033 = PRESENTATION_LAYER_ASSIGNMENT (  '', '', ( #3034 ) ) ;
#3034 = STYLED_ITEM ( 'NONE', ( #3035 ), #349 ) ;
#3035 = PRESENTATION_STYLE_ASSIGNMENT (( #3036 ) ) ;
#3036 = SURFACE_STYLE_USAGE ( .BOTH. , #3037 ) ;
#3037 = SURFACE_SIDE_STYLE ('',( #3038 ) ) ;
#3038 = SURFACE_STYLE_FILL_AREA ( #3039 ) ;
#3039 = FILL_AREA_STYLE ('',( #3046 ) ) ;
#3040 = COLOUR_RGB ( '',0.7529411764705882200, 0.7529411764705882200, 0.7529411764705882200 ) ;
#3041 = FACE_OUTER_BOUND ( 'NONE', #350, .T. ) ;
#3042 = DIRECTION ( 'NONE',  ( -1.000000000000000000, 0.0000000000000000000, 0.0000000000000000000 ) ) ;
#3043 = VECTOR ( 'NONE', #3042, 1000.000000000000000 ) ;
#3044 = CARTESIAN_POINT ( 'NONE',  ( 5.249999999999999100, -5.549999999999999800, -0.1000000000000018900 ) ) ;
#3045 = LINE ( 'NONE', #3044, #3043 ) ;
#3046 = FILL_AREA_STYLE_COLOUR ( '', #3040 ) ;
#3047 = DIRECTION ( 'NONE',  ( 0.0000000000000000000, 0.0000000000000000000, -1.000000000000000000 ) ) ;
#3048 = DIRECTION ( 'NONE',  ( 1.000000000000000000, 0.0000000000000000000, 0.0000000000000000000 ) ) ;
#3049 = CARTESIAN_POINT ( 'NONE',  ( 2.750000000000000000, -4.150000000000000400, 2.849999999999998300 ) ) ;
#3050 = AXIS2_PLACEMENT_3D ( 'NONE', #3049, #3048, #3047 ) ;
#3051 = FILL_AREA_STYLE_COLOUR ( '', #3106 ) ;
#3052 = CARTESIAN_POINT ( 'NONE',  ( 4.750000000000000000, -5.549999999999999800, -0.1000000000000018900 ) ) ;
#3053 = DIRECTION ( 'NONE',  ( 0.0000000000000000000, 1.000000000000000000, 1.514694211560631100E-016 ) ) ;
#3054 = VECTOR ( 'NONE', #3053, 1000.000000000000000 ) ;
#3055 = CARTESIAN_POINT ( 'NONE',  ( 4.750000000000000000, -3.850000000000000100, -0.1000000000000016300 ) ) ;
#3056 = LINE ( 'NONE', #3055, #3054 ) ;
#3057 = DIRECTION ( 'NONE',  ( 0.0000000000000000000, 0.0000000000000000000, -1.000000000000000000 ) ) ;
#3058 = DIRECTION ( 'NONE',  ( 0.0000000000000000000, -1.000000000000000000, 0.0000000000000000000 ) ) ;
#3059 = CARTESIAN_POINT ( 'NONE',  ( 3.250000000000000000, 1.849999999999999600, 2.849999999999998300 ) ) ;
#3060 = AXIS2_PLACEMENT_3D ( 'NONE', #3059, #3058, #3057 ) ;
#3061 = PLANE ( 'NONE',  #3060 ) ;
#3062 =( GEOMETRIC_REPRESENTATION_CONTEXT ( 3 ) GLOBAL_UNCERTAINTY_ASSIGNED_CONTEXT ( ( #3063 ) ) GLOBAL_UNIT_ASSIGNED_CONTEXT ( ( #3066, #3065, #3064 ) ) REPRESENTATION_CONTEXT ( 'NONE', 'WORKASPACE' ) );
#3063 = UNCERTAINTY_MEASURE_WITH_UNIT (LENGTH_MEASURE( 1.000000000000000100E-005 ), #3066, 'distance_accuracy_value', 'NONE');
#3064 =( NAMED_UNIT ( * ) SI_UNIT ( $, .STERADIAN. ) SOLID_ANGLE_UNIT ( ) );
#3065 =( NAMED_UNIT ( * ) PLANE_ANGLE_UNIT ( ) SI_UNIT ( $, .RADIAN. ) );
#3066 =( LENGTH_UNIT ( ) NAMED_UNIT ( * ) SI_UNIT ( .MILLI., .METRE. ) );
#3067 = MECHANICAL_DESIGN_GEOMETRIC_PRESENTATION_REPRESENTATION (  '', ( #3069 ), #3062 ) ;
#3068 = PRESENTATION_LAYER_ASSIGNMENT (  '', '', ( #3069 ) ) ;
#3069 = STYLED_ITEM ( 'NONE', ( #3070 ), #355 ) ;
#3070 = PRESENTATION_STYLE_ASSIGNMENT (( #3071 ) ) ;
#3071 = SURFACE_STYLE_USAGE ( .BOTH. , #3072 ) ;
#3072 = SURFACE_SIDE_STYLE ('',( #3073 ) ) ;
#3073 = SURFACE_STYLE_FILL_AREA ( #3074 ) ;
#3074 = FILL_AREA_STYLE ('',( #3075 ) ) ;
#3075 = FILL_AREA_STYLE_COLOUR ( '', #3076 ) ;
#3076 = COLOUR_RGB ( '',0.7529411764705882200, 0.7529411764705882200, 0.7529411764705882200 ) ;
#3077 = FACE_OUTER_BOUND ( 'NONE', #356, .T. ) ;
#3078 = PRESENTATION_LAYER_ASSIGNMENT (  '', '', ( #3079 ) ) ;
#3079 = STYLED_ITEM ( 'NONE', ( #3080 ), #370 ) ;
#3080 = PRESENTATION_STYLE_ASSIGNMENT (( #3081 ) ) ;
#3081 = SURFACE_STYLE_USAGE ( .BOTH. , #3082 ) ;
#3082 = SURFACE_SIDE_STYLE ('',( #3083 ) ) ;
#3083 = SURFACE_STYLE_FILL_AREA ( #3084 ) ;
#3084 = FILL_AREA_STYLE ('',( #3091 ) ) ;
#3085 = COLOUR_RGB ( '',0.7529411764705882200, 0.7529411764705882200, 0.7529411764705882200 ) ;
#3086 = FACE_OUTER_BOUND ( 'NONE', #371, .T. ) ;
#3087 = DIRECTION ( 'NONE',  ( 0.0000000000000000000, 0.0000000000000000000, 1.000000000000000000 ) ) ;
#3088 = DIRECTION ( 'NONE',  ( 0.0000000000000000000, 1.000000000000000000, 0.0000000000000000000 ) ) ;
#3089 = CARTESIAN_POINT ( 'NONE',  ( 5.249999999999999100, -5.549999999999999800, 0.4999999999999980600 ) ) ;
#3090 = AXIS2_PLACEMENT_3D ( 'NONE', #3089, #3088, #3087 ) ;
#3091 = FILL_AREA_STYLE_COLOUR ( '', #3085 ) ;
#3092 = PLANE ( 'NONE',  #3090 ) ;
#3093 =( GEOMETRIC_REPRESENTATION_CONTEXT ( 3 ) GLOBAL_UNCERTAINTY_ASSIGNED_CONTEXT ( ( #3094 ) ) GLOBAL_UNIT_ASSIGNED_CONTEXT ( ( #3097, #3096, #3095 ) ) REPRESENTATION_CONTEXT ( 'NONE', 'WORKASPACE' ) );
#3094 = UNCERTAINTY_MEASURE_WITH_UNIT (LENGTH_MEASURE( 1.000000000000000100E-005 ), #3097, 'distance_accuracy_value', 'NONE');
#3095 =( NAMED_UNIT ( * ) SI_UNIT ( $, .STERADIAN. ) SOLID_ANGLE_UNIT ( ) );
#3096 =( NAMED_UNIT ( * ) PLANE_ANGLE_UNIT ( ) SI_UNIT ( $, .RADIAN. ) );
#3097 =( LENGTH_UNIT ( ) NAMED_UNIT ( * ) SI_UNIT ( .MILLI., .METRE. ) );
#3098 = MECHANICAL_DESIGN_GEOMETRIC_PRESENTATION_REPRESENTATION (  '', ( #3100 ), #3093 ) ;
#3099 = PRESENTATION_LAYER_ASSIGNMENT (  '', '', ( #3100 ) ) ;
#3100 = STYLED_ITEM ( 'NONE', ( #3101 ), #367 ) ;
#3101 = PRESENTATION_STYLE_ASSIGNMENT (( #3102 ) ) ;
#3102 = SURFACE_STYLE_USAGE ( .BOTH. , #3103 ) ;
#3103 = SURFACE_SIDE_STYLE ('',( #3104 ) ) ;
#3104 = SURFACE_STYLE_FILL_AREA ( #3105 ) ;
#3105 = FILL_AREA_STYLE ('',( #3051 ) ) ;
#3106 = COLOUR_RGB ( '',0.7529411764705882200, 0.7529411764705882200, 0.7529411764705882200 ) ;
#3107 = FACE_OUTER_BOUND ( 'NONE', #368, .T. ) ;
#3108 = DIRECTION ( 'NONE',  ( 0.0000000000000000000, 0.0000000000000000000, -1.000000000000000000 ) ) ;
#3109 = VECTOR ( 'NONE', #3108, 1000.000000000000000 ) ;
#3110 = CARTESIAN_POINT ( 'NONE',  ( 4.750000000000000000, -5.549999999999999800, 0.4999999999999980600 ) ) ;
#3111 = LINE ( 'NONE', #3110, #3109 ) ;
#3112 = PRESENTATION_STYLE_ASSIGNMENT (( #3113 ) ) ;
#3113 = SURFACE_STYLE_USAGE ( .BOTH. , #3114 ) ;
#3114 = SURFACE_SIDE_STYLE ('',( #3115 ) ) ;
#3115 = SURFACE_STYLE_FILL_AREA ( #3116 ) ;
#3116 = FILL_AREA_STYLE ('',( #3123 ) ) ;
#3117 = COLOUR_RGB ( '',0.7529411764705882200, 0.7529411764705882200, 0.7529411764705882200 ) ;
#3118 = FACE_OUTER_BOUND ( 'NONE', #380, .T. ) ;
#3119 = DIRECTION ( 'NONE',  ( -1.000000000000000000, 0.0000000000000000000, 0.0000000000000000000 ) ) ;
#3120 = VECTOR ( 'NONE', #3119, 1000.000000000000000 ) ;
#3121 = CARTESIAN_POINT ( 'NONE',  ( 3.250000000000000000, -3.850000000000000100, -0.1000000000000016300 ) ) ;
#3122 = LINE ( 'NONE', #3121, #3120 ) ;
#3123 = FILL_AREA_STYLE_COLOUR ( '', #3117 ) ;
#3124 = CARTESIAN_POINT ( 'NONE',  ( 3.250000000000000000, -3.850000000000000100, -0.1000000000000016300 ) ) ;
#3125 = DIRECTION ( 'NONE',  ( 0.0000000000000000000, 0.7071067811865476800, 0.7071067811865472400 ) ) ;
#3126 = VECTOR ( 'NONE', #3125, 1000.000000000000100 ) ;
#3127 = CARTESIAN_POINT ( 'NONE',  ( 3.250000000000000000, -3.349999999999999600, 0.3999999999999984700 ) ) ;
#3128 = LINE ( 'NONE', #3127, #3126 ) ;
#3129 = DIRECTION ( 'NONE',  ( 0.0000000000000000000, 0.0000000000000000000, -1.000000000000000000 ) ) ;
#3130 = DIRECTION ( 'NONE',  ( 1.000000000000000000, 0.0000000000000000000, 0.0000000000000000000 ) ) ;
#3131 = CARTESIAN_POINT ( 'NONE',  ( 5.249999999999999100, -4.150000000000000400, 2.849999999999998300 ) ) ;
#3132 = AXIS2_PLACEMENT_3D ( 'NONE', #3131, #3130, #3129 ) ;
#3133 = PLANE ( 'NONE',  #3132 ) ;
#3134 =( GEOMETRIC_REPRESENTATION_CONTEXT ( 3 ) GLOBAL_UNCERTAINTY_ASSIGNED_CONTEXT ( ( #3135 ) ) GLOBAL_UNIT_ASSIGNED_CONTEXT ( ( #3138, #3137, #3136 ) ) REPRESENTATION_CONTEXT ( 'NONE', 'WORKASPACE' ) );
#3135 = UNCERTAINTY_MEASURE_WITH_UNIT (LENGTH_MEASURE( 1.000000000000000100E-005 ), #3138, 'distance_accuracy_value', 'NONE');
#3136 =( NAMED_UNIT ( * ) SI_UNIT ( $, .STERADIAN. ) SOLID_ANGLE_UNIT ( ) );
#3137 =( NAMED_UNIT ( * ) PLANE_ANGLE_UNIT ( ) SI_UNIT ( $, .RADIAN. ) );
#3138 =( LENGTH_UNIT ( ) NAMED_UNIT ( * ) SI_UNIT ( .MILLI., .METRE. ) );
#3139 = MECHANICAL_DESIGN_GEOMETRIC_PRESENTATION_REPRESENTATION (  '', ( #3079 ), #3134 ) ;
#3140 = MECHANICAL_DESIGN_GEOMETRIC_PRESENTATION_REPRESENTATION (  '', ( #3142 ), #3188 ) ;
#3141 = PRESENTATION_LAYER_ASSIGNMENT (  '', '', ( #3142 ) ) ;
#3142 = STYLED_ITEM ( 'NONE', ( #3143 ), #383 ) ;
#3143 = PRESENTATION_STYLE_ASSIGNMENT (( #3144 ) ) ;
#3144 = SURFACE_STYLE_USAGE ( .BOTH. , #3145 ) ;
#3145 = SURFACE_SIDE_STYLE ('',( #3146 ) ) ;
#3146 = SURFACE_STYLE_FILL_AREA ( #3147 ) ;
#3147 = FILL_AREA_STYLE ('',( #3154 ) ) ;
#3148 = COLOUR_RGB ( '',0.7529411764705882200, 0.7529411764705882200, 0.7529411764705882200 ) ;
#3149 = FACE_OUTER_BOUND ( 'NONE', #384, .T. ) ;
#3150 = DIRECTION ( 'NONE',  ( 0.0000000000000000000, -1.000000000000000000, -1.548860246407863300E-016 ) ) ;
#3151 = VECTOR ( 'NONE', #3150, 1000.000000000000000 ) ;
#3152 = CARTESIAN_POINT ( 'NONE',  ( 3.250000000000000000, -4.150000000000000400, 0.4999999999999982800 ) ) ;
#3153 = LINE ( 'NONE', #3152, #3151 ) ;
#3154 = FILL_AREA_STYLE_COLOUR ( '', #3148 ) ;
#3155 = DIRECTION ( 'NONE',  ( 0.0000000000000000000, 1.000000000000000000, 1.548860246407863300E-016 ) ) ;
#3156 = DIRECTION ( 'NONE',  ( 0.0000000000000000000, 1.548860246407863300E-016, -1.000000000000000000 ) ) ;
#3157 = CARTESIAN_POINT ( 'NONE',  ( 3.250000000000000000, -4.150000000000000400, 0.4999999999999982800 ) ) ;
#3158 = AXIS2_PLACEMENT_3D ( 'NONE', #3157, #3156, #3155 ) ;
#3159 = PLANE ( 'NONE',  #3158 ) ;
#3160 =( GEOMETRIC_REPRESENTATION_CONTEXT ( 3 ) GLOBAL_UNCERTAINTY_ASSIGNED_CONTEXT ( ( #3161 ) ) GLOBAL_UNIT_ASSIGNED_CONTEXT ( ( #3164, #3163, #3162 ) ) REPRESENTATION_CONTEXT ( 'NONE', 'WORKASPACE' ) );
#3161 = UNCERTAINTY_MEASURE_WITH_UNIT (LENGTH_MEASURE( 1.000000000000000100E-005 ), #3164, 'distance_accuracy_value', 'NONE');
#3162 =( NAMED_UNIT ( * ) SI_UNIT ( $, .STERADIAN. ) SOLID_ANGLE_UNIT ( ) );
#3163 =( NAMED_UNIT ( * ) PLANE_ANGLE_UNIT ( ) SI_UNIT ( $, .RADIAN. ) );
#3164 =( LENGTH_UNIT ( ) NAMED_UNIT ( * ) SI_UNIT ( .MILLI., .METRE. ) );
#3165 = MECHANICAL_DESIGN_GEOMETRIC_PRESENTATION_REPRESENTATION (  '', ( #3167 ), #3160 ) ;
#3166 = PRESENTATION_LAYER_ASSIGNMENT (  '', '', ( #3167 ) ) ;
#3167 = STYLED_ITEM ( 'NONE', ( #3112 ), #379 ) ;
#3168 = UNCERTAINTY_MEASURE_WITH_UNIT (LENGTH_MEASURE( 1.000000000000000100E-005 ), #3171, 'distance_accuracy_value', 'NONE');
#3169 =( NAMED_UNIT ( * ) SI_UNIT ( $, .STERADIAN. ) SOLID_ANGLE_UNIT ( ) );
#3170 =( NAMED_UNIT ( * ) PLANE_ANGLE_UNIT ( ) SI_UNIT ( $, .RADIAN. ) );
#3171 =( LENGTH_UNIT ( ) NAMED_UNIT ( * ) SI_UNIT ( .MILLI., .METRE. ) );
#3172 = MECHANICAL_DESIGN_GEOMETRIC_PRESENTATION_REPRESENTATION (  '', ( #3174 ), #3220 ) ;
#3173 = PRESENTATION_LAYER_ASSIGNMENT (  '', '', ( #3174 ) ) ;
#3174 = STYLED_ITEM ( 'NONE', ( #3175 ), #389 ) ;
#3175 = PRESENTATION_STYLE_ASSIGNMENT (( #3176 ) ) ;
#3176 = SURFACE_STYLE_USAGE ( .BOTH. , #3177 ) ;
#3177 = SURFACE_SIDE_STYLE ('',( #3178 ) ) ;
#3178 = SURFACE_STYLE_FILL_AREA ( #3179 ) ;
#3179 = FILL_AREA_STYLE ('',( #3186 ) ) ;
#3180 = COLOUR_RGB ( '',0.7529411764705882200, 0.7529411764705882200, 0.7529411764705882200 ) ;
#3181 = FACE_OUTER_BOUND ( 'NONE', #390, .T. ) ;
#3182 = DIRECTION ( 'NONE',  ( -1.000000000000000000, 0.0000000000000000000, 0.0000000000000000000 ) ) ;
#3183 = DIRECTION ( 'NONE',  ( 0.0000000000000000000, 0.0000000000000000000, -1.000000000000000000 ) ) ;
#3184 = CARTESIAN_POINT ( 'NONE',  ( 3.250000000000000000, -4.150000000000000400, 2.849999999999998300 ) ) ;
#3185 = AXIS2_PLACEMENT_3D ( 'NONE', #3184, #3183, #3182 ) ;
#3186 = FILL_AREA_STYLE_COLOUR ( '', #3180 ) ;
#3187 = PLANE ( 'NONE',  #3185 ) ;
#3188 =( GEOMETRIC_REPRESENTATION_CONTEXT ( 3 ) GLOBAL_UNCERTAINTY_ASSIGNED_CONTEXT ( ( #3189 ) ) GLOBAL_UNIT_ASSIGNED_CONTEXT ( ( #3192, #3191, #3190 ) ) REPRESENTATION_CONTEXT ( 'NONE', 'WORKASPACE' ) );
#3189 = UNCERTAINTY_MEASURE_WITH_UNIT (LENGTH_MEASURE( 1.000000000000000100E-005 ), #3192, 'distance_accuracy_value', 'NONE');
#3190 =( NAMED_UNIT ( * ) SI_UNIT ( $, .STERADIAN. ) SOLID_ANGLE_UNIT ( ) );
#3191 =( NAMED_UNIT ( * ) PLANE_ANGLE_UNIT ( ) SI_UNIT ( $, .RADIAN. ) );
#3192 =( LENGTH_UNIT ( ) NAMED_UNIT ( * ) SI_UNIT ( .MILLI., .METRE. ) );
#3193 =( NAMED_UNIT ( * ) SI_UNIT ( $, .STERADIAN. ) SOLID_ANGLE_UNIT ( ) );
#3194 =( NAMED_UNIT ( * ) PLANE_ANGLE_UNIT ( ) SI_UNIT ( $, .RADIAN. ) );
#3195 =( LENGTH_UNIT ( ) NAMED_UNIT ( * ) SI_UNIT ( .MILLI., .METRE. ) );
#3196 = MECHANICAL_DESIGN_GEOMETRIC_PRESENTATION_REPRESENTATION (  '', ( #3198 ), #3252 ) ;
#3197 = PRESENTATION_LAYER_ASSIGNMENT (  '', '', ( #3198 ) ) ;
#3198 = STYLED_ITEM ( 'NONE', ( #3199 ), #401 ) ;
#3199 = PRESENTATION_STYLE_ASSIGNMENT (( #3200 ) ) ;
#3200 = SURFACE_STYLE_USAGE ( .BOTH. , #3201 ) ;
#3201 = SURFACE_SIDE_STYLE ('',( #3202 ) ) ;
#3202 = SURFACE_STYLE_FILL_AREA ( #3203 ) ;
#3203 = FILL_AREA_STYLE ('',( #3210 ) ) ;
#3204 = COLOUR_RGB ( '',0.7529411764705882200, 0.7529411764705882200, 0.7529411764705882200 ) ;
#3205 = FACE_OUTER_BOUND ( 'NONE', #402, .T. ) ;
#3206 = DIRECTION ( 'NONE',  ( 0.0000000000000000000, 1.000000000000000000, 8.340016711426957800E-017 ) ) ;
#3207 = VECTOR ( 'NONE', #3206, 1000.000000000000000 ) ;
#3208 = CARTESIAN_POINT ( 'NONE',  ( 2.750000000000000000, 1.849999999999999600, 2.349999999999998300 ) ) ;
#3209 = LINE ( 'NONE', #3208, #3207 ) ;
#3210 = FILL_AREA_STYLE_COLOUR ( '', #3204 ) ;
#3211 = DIRECTION ( 'NONE',  ( 0.0000000000000000000, -1.000000000000000000, 0.0000000000000000000 ) ) ;
#3212 = VECTOR ( 'NONE', #3211, 1000.000000000000000 ) ;
#3213 = CARTESIAN_POINT ( 'NONE',  ( 2.750000000000000000, -4.150000000000000400, 2.849999999999998300 ) ) ;
#3214 = LINE ( 'NONE', #3213, #3212 ) ;
#3215 = DIRECTION ( 'NONE',  ( 0.0000000000000000000, -1.000000000000000000, -8.340016711426957800E-017 ) ) ;
#3216 = DIRECTION ( 'NONE',  ( 0.0000000000000000000, -8.340016711426957800E-017, 1.000000000000000000 ) ) ;
#3217 = CARTESIAN_POINT ( 'NONE',  ( 3.250000000000000000, 1.849999999999999600, 2.349999999999998300 ) ) ;
#3218 = AXIS2_PLACEMENT_3D ( 'NONE', #3217, #3216, #3215 ) ;
#3219 = PLANE ( 'NONE',  #3218 ) ;
#3220 =( GEOMETRIC_REPRESENTATION_CONTEXT ( 3 ) GLOBAL_UNCERTAINTY_ASSIGNED_CONTEXT ( ( #3168 ) ) GLOBAL_UNIT_ASSIGNED_CONTEXT ( ( #3171, #3170, #3169 ) ) REPRESENTATION_CONTEXT ( 'NONE', 'WORKASPACE' ) );
#3221 =( LENGTH_UNIT ( ) NAMED_UNIT ( * ) SI_UNIT ( .MILLI., .METRE. ) );
#3222 = MECHANICAL_DESIGN_GEOMETRIC_PRESENTATION_REPRESENTATION (  '', ( #3224 ), #3276 ) ;
#3223 = PRESENTATION_LAYER_ASSIGNMENT (  '', '', ( #3224 ) ) ;
#3224 = STYLED_ITEM ( 'NONE', ( #3225 ), #414 ) ;
#3225 = PRESENTATION_STYLE_ASSIGNMENT (( #3226 ) ) ;
#3226 = SURFACE_STYLE_USAGE ( .BOTH. , #3227 ) ;
#3227 = SURFACE_SIDE_STYLE ('',( #3228 ) ) ;
#3228 = SURFACE_STYLE_FILL_AREA ( #3229 ) ;
#3229 = FILL_AREA_STYLE ('',( #3230 ) ) ;
#3230 = FILL_AREA_STYLE_COLOUR ( '', #3231 ) ;
#3231 = COLOUR_RGB ( '',0.7529411764705882200, 0.7529411764705882200, 0.7529411764705882200 ) ;
#3232 = FACE_OUTER_BOUND ( 'NONE', #415, .T. ) ;
#3233 = CARTESIAN_POINT ( 'NONE',  ( 2.750000000000000000, 1.849999999999999600, 2.849999999999998300 ) ) ;
#3234 = CARTESIAN_POINT ( 'NONE',  ( 2.750000000000000000, 1.849999999999999600, 2.349999999999998300 ) ) ;
#3235 = DIRECTION ( 'NONE',  ( 0.0000000000000000000, 0.0000000000000000000, 1.000000000000000000 ) ) ;
#3236 = VECTOR ( 'NONE', #3235, 1000.000000000000000 ) ;
#3237 = CARTESIAN_POINT ( 'NONE',  ( 2.750000000000000000, 1.849999999999999600, 2.849999999999998300 ) ) ;
#3238 = LINE ( 'NONE', #3237, #3236 ) ;
#3239 = DIRECTION ( 'NONE',  ( 0.0000000000000000000, 1.000000000000000000, 8.340016711426957800E-017 ) ) ;
#3240 = VECTOR ( 'NONE', #3239, 1000.000000000000000 ) ;
#3241 = CARTESIAN_POINT ( 'NONE',  ( 3.250000000000000000, 1.849999999999999600, 2.349999999999998300 ) ) ;
#3242 = LINE ( 'NONE', #3241, #3240 ) ;
#3243 = DIRECTION ( 'NONE',  ( 0.0000000000000000000, -1.000000000000000000, 0.0000000000000000000 ) ) ;
#3244 = VECTOR ( 'NONE', #3243, 1000.000000000000000 ) ;
#3245 = CARTESIAN_POINT ( 'NONE',  ( 3.250000000000000000, -4.150000000000000400, 2.849999999999998300 ) ) ;
#3246 = LINE ( 'NONE', #3245, #3244 ) ;
#3247 = DIRECTION ( 'NONE',  ( 0.0000000000000000000, 0.0000000000000000000, -1.000000000000000000 ) ) ;
#3248 = DIRECTION ( 'NONE',  ( 1.000000000000000000, 0.0000000000000000000, 0.0000000000000000000 ) ) ;
#3249 = CARTESIAN_POINT ( 'NONE',  ( 3.250000000000000000, -4.150000000000000400, 2.849999999999998300 ) ) ;
#3250 = AXIS2_PLACEMENT_3D ( 'NONE', #3249, #3248, #3247 ) ;
#3251 = PLANE ( 'NONE',  #3250 ) ;
#3252 =( GEOMETRIC_REPRESENTATION_CONTEXT ( 3 ) GLOBAL_UNCERTAINTY_ASSIGNED_CONTEXT ( ( #3253 ) ) GLOBAL_UNIT_ASSIGNED_CONTEXT ( ( #3195, #3194, #3193 ) ) REPRESENTATION_CONTEXT ( 'NONE', 'WORKASPACE' ) );
#3253 = UNCERTAINTY_MEASURE_WITH_UNIT (LENGTH_MEASURE( 1.000000000000000100E-005 ), #3195, 'distance_accuracy_value', 'NONE');
#3254 =( NAMED_UNIT ( * ) PLANE_ANGLE_UNIT ( ) SI_UNIT ( $, .RADIAN. ) );
#3255 =( LENGTH_UNIT ( ) NAMED_UNIT ( * ) SI_UNIT ( .MILLI., .METRE. ) );
#3256 = MECHANICAL_DESIGN_GEOMETRIC_PRESENTATION_REPRESENTATION (  '', ( #3258 ), #3307 ) ;
#3257 = PRESENTATION_LAYER_ASSIGNMENT (  '', '', ( #3258 ) ) ;
#3258 = STYLED_ITEM ( 'NONE', ( #3259 ), #421 ) ;
#3259 = PRESENTATION_STYLE_ASSIGNMENT (( #3260 ) ) ;
#3260 = SURFACE_STYLE_USAGE ( .BOTH. , #3261 ) ;
#3261 = SURFACE_SIDE_STYLE ('',( #3262 ) ) ;
#3262 = SURFACE_STYLE_FILL_AREA ( #3263 ) ;
#3263 = FILL_AREA_STYLE ('',( #3270 ) ) ;
#3264 = COLOUR_RGB ( '',0.7529411764705882200, 0.7529411764705882200, 0.7529411764705882200 ) ;
#3265 = FACE_OUTER_BOUND ( 'NONE', #422, .T. ) ;
#3266 = DIRECTION ( 'NONE',  ( -1.000000000000000000, 0.0000000000000000000, 0.0000000000000000000 ) ) ;
#3267 = VECTOR ( 'NONE', #3266, 1000.000000000000000 ) ;
#3268 = CARTESIAN_POINT ( 'NONE',  ( 3.250000000000000000, -5.549999999999999800, -0.1000000000000018900 ) ) ;
#3269 = LINE ( 'NONE', #3268, #3267 ) ;
#3270 = FILL_AREA_STYLE_COLOUR ( '', #3264 ) ;
#3271 = DIRECTION ( 'NONE',  ( 0.0000000000000000000, 0.0000000000000000000, 1.000000000000000000 ) ) ;
#3272 = DIRECTION ( 'NONE',  ( 0.0000000000000000000, 1.000000000000000000, 0.0000000000000000000 ) ) ;
#3273 = CARTESIAN_POINT ( 'NONE',  ( 3.250000000000000000, -5.549999999999999800, 0.4999999999999980600 ) ) ;
#3274 = AXIS2_PLACEMENT_3D ( 'NONE', #3273, #3272, #3271 ) ;
#3275 = PLANE ( 'NONE',  #3274 ) ;
#3276 =( GEOMETRIC_REPRESENTATION_CONTEXT ( 3 ) GLOBAL_UNCERTAINTY_ASSIGNED_CONTEXT ( ( #3277 ) ) GLOBAL_UNIT_ASSIGNED_CONTEXT ( ( #3221, #3279, #3278 ) ) REPRESENTATION_CONTEXT ( 'NONE', 'WORKASPACE' ) );
#3277 = UNCERTAINTY_MEASURE_WITH_UNIT (LENGTH_MEASURE( 1.000000000000000100E-005 ), #3221, 'distance_accuracy_value', 'NONE');
#3278 =( NAMED_UNIT ( * ) SI_UNIT ( $, .STERADIAN. ) SOLID_ANGLE_UNIT ( ) );
#3279 =( NAMED_UNIT ( * ) PLANE_ANGLE_UNIT ( ) SI_UNIT ( $, .RADIAN. ) );
#3280 =( NAMED_UNIT ( * ) PLANE_ANGLE_UNIT ( ) SI_UNIT ( $, .RADIAN. ) );
#3281 =( LENGTH_UNIT ( ) NAMED_UNIT ( * ) SI_UNIT ( .MILLI., .METRE. ) );
#3282 = MECHANICAL_DESIGN_GEOMETRIC_PRESENTATION_REPRESENTATION (  '', ( #3284 ), #3335 ) ;
#3283 = PRESENTATION_LAYER_ASSIGNMENT (  '', '', ( #3284 ) ) ;
#3284 = STYLED_ITEM ( 'NONE', ( #3285 ), #429 ) ;
#3285 = PRESENTATION_STYLE_ASSIGNMENT (( #3286 ) ) ;
#3286 = SURFACE_STYLE_USAGE ( .BOTH. , #3287 ) ;
#3287 = SURFACE_SIDE_STYLE ('',( #3288 ) ) ;
#3288 = SURFACE_STYLE_FILL_AREA ( #3289 ) ;
#3289 = FILL_AREA_STYLE ('',( #3296 ) ) ;
#3290 = COLOUR_RGB ( '',0.7529411764705882200, 0.7529411764705882200, 0.7529411764705882200 ) ;
#3291 = FACE_OUTER_BOUND ( 'NONE', #430, .T. ) ;
#3292 = DIRECTION ( 'NONE',  ( 0.0000000000000000000, 1.000000000000000000, 1.514694211560631100E-016 ) ) ;
#3293 = VECTOR ( 'NONE', #3292, 1000.000000000000000 ) ;
#3294 = CARTESIAN_POINT ( 'NONE',  ( 3.250000000000000000, -3.850000000000000100, -0.1000000000000016300 ) ) ;
#3295 = LINE ( 'NONE', #3294, #3293 ) ;
#3296 = FILL_AREA_STYLE_COLOUR ( '', #3290 ) ;
#3297 = CARTESIAN_POINT ( 'NONE',  ( 3.250000000000000000, -5.549999999999999800, -0.1000000000000018900 ) ) ;
#3298 = DIRECTION ( 'NONE',  ( 0.0000000000000000000, 0.0000000000000000000, -1.000000000000000000 ) ) ;
#3299 = VECTOR ( 'NONE', #3298, 1000.000000000000000 ) ;
#3300 = CARTESIAN_POINT ( 'NONE',  ( 3.250000000000000000, -5.549999999999999800, 0.4999999999999980600 ) ) ;
#3301 = LINE ( 'NONE', #3300, #3299 ) ;
#3302 = DIRECTION ( 'NONE',  ( 0.0000000000000000000, -1.000000000000000000, -1.514694211560631100E-016 ) ) ;
#3303 = DIRECTION ( 'NONE',  ( 0.0000000000000000000, -1.514694211560631100E-016, 1.000000000000000000 ) ) ;
#3304 = CARTESIAN_POINT ( 'NONE',  ( 3.250000000000000000, -3.850000000000000100, -0.1000000000000016300 ) ) ;
#3305 = AXIS2_PLACEMENT_3D ( 'NONE', #3304, #3303, #3302 ) ;
#3306 = PLANE ( 'NONE',  #3305 ) ;
#3307 =( GEOMETRIC_REPRESENTATION_CONTEXT ( 3 ) GLOBAL_UNCERTAINTY_ASSIGNED_CONTEXT ( ( #3308 ) ) GLOBAL_UNIT_ASSIGNED_CONTEXT ( ( #3255, #3254, #3309 ) ) REPRESENTATION_CONTEXT ( 'NONE', 'WORKASPACE' ) );
#3308 = UNCERTAINTY_MEASURE_WITH_UNIT (LENGTH_MEASURE( 1.000000000000000100E-005 ), #3255, 'distance_accuracy_value', 'NONE');
#3309 =( NAMED_UNIT ( * ) SI_UNIT ( $, .STERADIAN. ) SOLID_ANGLE_UNIT ( ) );
#3310 = SURFACE_STYLE_FILL_AREA ( #3311 ) ;
#3311 = FILL_AREA_STYLE ('',( #3318 ) ) ;
#3312 = COLOUR_RGB ( '',0.7529411764705882200, 0.7529411764705882200, 0.7529411764705882200 ) ;
#3313 = FACE_OUTER_BOUND ( 'NONE', #445, .T. ) ;
#3314 = DIRECTION ( 'NONE',  ( -1.000000000000000000, 0.0000000000000000000, 0.0000000000000000000 ) ) ;
#3315 = VECTOR ( 'NONE', #3314, 1000.000000000000000 ) ;
#3316 = CARTESIAN_POINT ( 'NONE',  ( 3.250000000000000000, -5.549999999999999800, 0.4999999999999980600 ) ) ;
#3317 = LINE ( 'NONE', #3316, #3315 ) ;
#3318 = FILL_AREA_STYLE_COLOUR ( '', #3312 ) ;
#3319 = CARTESIAN_POINT ( 'NONE',  ( 2.750000000000000000, -5.549999999999999800, 0.4999999999999980600 ) ) ;
#3320 = DIRECTION ( 'NONE',  ( 0.0000000000000000000, -1.000000000000000000, -1.548860246407863300E-016 ) ) ;
#3321 = VECTOR ( 'NONE', #3320, 1000.000000000000000 ) ;
#3322 = CARTESIAN_POINT ( 'NONE',  ( 2.750000000000000000, -4.150000000000000400, 0.4999999999999982800 ) ) ;
#3323 = LINE ( 'NONE', #3322, #3321 ) ;
#3324 = CARTESIAN_POINT ( 'NONE',  ( 3.250000000000000000, -5.549999999999999800, 0.4999999999999980600 ) ) ;
#3325 = CARTESIAN_POINT ( 'NONE',  ( 2.750000000000000000, -5.549999999999999800, -0.1000000000000018900 ) ) ;
#3326 = DIRECTION ( 'NONE',  ( 0.0000000000000000000, 1.000000000000000000, 1.514694211560631100E-016 ) ) ;
#3327 = VECTOR ( 'NONE', #3326, 1000.000000000000000 ) ;
#3328 = CARTESIAN_POINT ( 'NONE',  ( 2.750000000000000000, -3.850000000000000100, -0.1000000000000016300 ) ) ;
#3329 = LINE ( 'NONE', #3328, #3327 ) ;
#3330 = DIRECTION ( 'NONE',  ( 0.0000000000000000000, 0.0000000000000000000, -1.000000000000000000 ) ) ;
#3331 = DIRECTION ( 'NONE',  ( 1.000000000000000000, 0.0000000000000000000, 0.0000000000000000000 ) ) ;
#3332 = CARTESIAN_POINT ( 'NONE',  ( 2.750000000000000000, -4.150000000000000400, 2.849999999999998300 ) ) ;
#3333 = AXIS2_PLACEMENT_3D ( 'NONE', #3332, #3331, #3330 ) ;
#3334 = PLANE ( 'NONE',  #3333 ) ;
#3335 =( GEOMETRIC_REPRESENTATION_CONTEXT ( 3 ) GLOBAL_UNCERTAINTY_ASSIGNED_CONTEXT ( ( #3336 ) ) GLOBAL_UNIT_ASSIGNED_CONTEXT ( ( #3281, #3280, #3337 ) ) REPRESENTATION_CONTEXT ( 'NONE', 'WORKASPACE' ) );
#3336 = UNCERTAINTY_MEASURE_WITH_UNIT (LENGTH_MEASURE( 1.000000000000000100E-005 ), #3281, 'distance_accuracy_value', 'NONE');
#3337 =( NAMED_UNIT ( * ) SI_UNIT ( $, .STERADIAN. ) SOLID_ANGLE_UNIT ( ) );
#3338 =( NAMED_UNIT ( * ) PLANE_ANGLE_UNIT ( ) SI_UNIT ( $, .RADIAN. ) );
#3339 =( LENGTH_UNIT ( ) NAMED_UNIT ( * ) SI_UNIT ( .MILLI., .METRE. ) );
#3340 = MECHANICAL_DESIGN_GEOMETRIC_PRESENTATION_REPRESENTATION (  '', ( #3342 ), #3393 ) ;
#3341 = PRESENTATION_LAYER_ASSIGNMENT (  '', '', ( #3342 ) ) ;
#3342 = STYLED_ITEM ( 'NONE', ( #3343 ), #449 ) ;
#3343 = PRESENTATION_STYLE_ASSIGNMENT (( #3344 ) ) ;
#3344 = SURFACE_STYLE_USAGE ( .BOTH. , #3345 ) ;
#3345 = SURFACE_SIDE_STYLE ('',( #3346 ) ) ;
#3346 = SURFACE_STYLE_FILL_AREA ( #3347 ) ;
#3347 = FILL_AREA_STYLE ('',( #3354 ) ) ;
#3348 = COLOUR_RGB ( '',0.7529411764705882200, 0.7529411764705882200, 0.7529411764705882200 ) ;
#3349 = FACE_OUTER_BOUND ( 'NONE', #395, .T. ) ;
#3350 = DIRECTION ( 'NONE',  ( 0.0000000000000000000, 0.0000000000000000000, -1.000000000000000000 ) ) ;
#3351 = DIRECTION ( 'NONE',  ( 1.000000000000000000, 0.0000000000000000000, 0.0000000000000000000 ) ) ;
#3352 = CARTESIAN_POINT ( 'NONE',  ( 3.250000000000000000, -4.150000000000000400, 2.849999999999998300 ) ) ;
#3353 = AXIS2_PLACEMENT_3D ( 'NONE', #3352, #3351, #3350 ) ;
#3354 = FILL_AREA_STYLE_COLOUR ( '', #3348 ) ;
#3355 = PLANE ( 'NONE',  #3353 ) ;
#3356 =( GEOMETRIC_REPRESENTATION_CONTEXT ( 3 ) GLOBAL_UNCERTAINTY_ASSIGNED_CONTEXT ( ( #3357 ) ) GLOBAL_UNIT_ASSIGNED_CONTEXT ( ( #3360, #3359, #3358 ) ) REPRESENTATION_CONTEXT ( 'NONE', 'WORKASPACE' ) );
#3357 = UNCERTAINTY_MEASURE_WITH_UNIT (LENGTH_MEASURE( 1.000000000000000100E-005 ), #3360, 'distance_accuracy_value', 'NONE');
#3358 =( NAMED_UNIT ( * ) SI_UNIT ( $, .STERADIAN. ) SOLID_ANGLE_UNIT ( ) );
#3359 =( NAMED_UNIT ( * ) PLANE_ANGLE_UNIT ( ) SI_UNIT ( $, .RADIAN. ) );
#3360 =( LENGTH_UNIT ( ) NAMED_UNIT ( * ) SI_UNIT ( .MILLI., .METRE. ) );
#3361 = MECHANICAL_DESIGN_GEOMETRIC_PRESENTATION_REPRESENTATION (  '', ( #3363 ), #3356 ) ;
#3362 = PRESENTATION_LAYER_ASSIGNMENT (  '', '', ( #3363 ) ) ;
#3363 = STYLED_ITEM ( 'NONE', ( #3364 ), #444 ) ;
#3364 = PRESENTATION_STYLE_ASSIGNMENT (( #3365 ) ) ;
#3365 = SURFACE_STYLE_USAGE ( .BOTH. , #3366 ) ;
#3366 = SURFACE_SIDE_STYLE ('',( #3310 ) ) ;
#3367 = PRESENTATION_STYLE_ASSIGNMENT (( #3368 ) ) ;
#3368 = SURFACE_STYLE_USAGE ( .BOTH. , #3369 ) ;
#3369 = SURFACE_SIDE_STYLE ('',( #3370 ) ) ;
#3370 = SURFACE_STYLE_FILL_AREA ( #3371 ) ;
#3371 = FILL_AREA_STYLE ('',( #3378 ) ) ;
#3372 = COLOUR_RGB ( '',0.7529411764705882200, 0.7529411764705882200, 0.7529411764705882200 ) ;
#3373 = FACE_OUTER_BOUND ( 'NONE', #459, .T. ) ;
#3374 = DIRECTION ( 'NONE',  ( 0.0000000000000000000, 1.000000000000000000, 8.340016711426957800E-017 ) ) ;
#3375 = VECTOR ( 'NONE', #3374, 1000.000000000000000 ) ;
#3376 = CARTESIAN_POINT ( 'NONE',  ( 1.250000000000000000, 1.849999999999999600, 2.349999999999998300 ) ) ;
#3377 = LINE ( 'NONE', #3376, #3375 ) ;
#3378 = FILL_AREA_STYLE_COLOUR ( '', #3372 ) ;
#3379 = DIRECTION ( 'NONE',  ( 0.0000000000000000000, -1.000000000000000000, 0.0000000000000000000 ) ) ;
#3380 = VECTOR ( 'NONE', #3379, 1000.000000000000000 ) ;
#3381 = CARTESIAN_POINT ( 'NONE',  ( 1.250000000000000000, -4.150000000000000400, 2.849999999999998300 ) ) ;
#3382 = LINE ( 'NONE', #3381, #3380 ) ;
#3383 = CARTESIAN_POINT ( 'NONE',  ( 2.750000000000000000, -3.850000000000000100, -0.1000000000000016300 ) ) ;
#3384 = DIRECTION ( 'NONE',  ( 0.0000000000000000000, 0.7071067811865476800, 0.7071067811865472400 ) ) ;
#3385 = VECTOR ( 'NONE', #3384, 1000.000000000000100 ) ;
#3386 = CARTESIAN_POINT ( 'NONE',  ( 2.750000000000000000, -3.349999999999999600, 0.3999999999999984700 ) ) ;
#3387 = LINE ( 'NONE', #3386, #3385 ) ;
#3388 = DIRECTION ( 'NONE',  ( 0.0000000000000000000, -0.7071067811865476800, -0.7071067811865472400 ) ) ;
#3389 = DIRECTION ( 'NONE',  ( 0.0000000000000000000, -0.7071067811865473500, 0.7071067811865477900 ) ) ;
#3390 = CARTESIAN_POINT ( 'NONE',  ( 3.250000000000000000, -3.349999999999999600, 0.3999999999999984700 ) ) ;
#3391 = AXIS2_PLACEMENT_3D ( 'NONE', #3390, #3389, #3388 ) ;
#3392 = PLANE ( 'NONE',  #3391 ) ;
#3393 =( GEOMETRIC_REPRESENTATION_CONTEXT ( 3 ) GLOBAL_UNCERTAINTY_ASSIGNED_CONTEXT ( ( #3394 ) ) GLOBAL_UNIT_ASSIGNED_CONTEXT ( ( #3339, #3338, #3395 ) ) REPRESENTATION_CONTEXT ( 'NONE', 'WORKASPACE' ) );
#3394 = UNCERTAINTY_MEASURE_WITH_UNIT (LENGTH_MEASURE( 1.000000000000000100E-005 ), #3339, 'distance_accuracy_value', 'NONE');
#3395 =( NAMED_UNIT ( * ) SI_UNIT ( $, .STERADIAN. ) SOLID_ANGLE_UNIT ( ) );
#3396 = SURFACE_STYLE_FILL_AREA ( #3397 ) ;
#3397 = FILL_AREA_STYLE ('',( #3404 ) ) ;
#3398 = COLOUR_RGB ( '',0.7529411764705882200, 0.7529411764705882200, 0.7529411764705882200 ) ;
#3399 = FACE_OUTER_BOUND ( 'NONE', #468, .T. ) ;
#3400 = DIRECTION ( 'NONE',  ( -1.000000000000000000, 0.0000000000000000000, 0.0000000000000000000 ) ) ;
#3401 = VECTOR ( 'NONE', #3400, 1000.000000000000000 ) ;
#3402 = CARTESIAN_POINT ( 'NONE',  ( 1.250000000000000000, 1.849999999999999600, 2.349999999999998300 ) ) ;
#3403 = LINE ( 'NONE', #3402, #3401 ) ;
#3404 = FILL_AREA_STYLE_COLOUR ( '', #3398 ) ;
#3405 = CARTESIAN_POINT ( 'NONE',  ( 1.250000000000000000, 1.849999999999999600, 2.349999999999998300 ) ) ;
#3406 = DIRECTION ( 'NONE',  ( 0.0000000000000000000, 0.0000000000000000000, 1.000000000000000000 ) ) ;
#3407 = VECTOR ( 'NONE', #3406, 1000.000000000000000 ) ;
#3408 = CARTESIAN_POINT ( 'NONE',  ( 1.250000000000000000, 1.849999999999999600, 2.849999999999998300 ) ) ;
#3409 = LINE ( 'NONE', #3408, #3407 ) ;
#3410 = DIRECTION ( 'NONE',  ( -1.000000000000000000, 0.0000000000000000000, 0.0000000000000000000 ) ) ;
#3411 = DIRECTION ( 'NONE',  ( 0.0000000000000000000, 0.0000000000000000000, -1.000000000000000000 ) ) ;
#3412 = CARTESIAN_POINT ( 'NONE',  ( 1.250000000000000000, -4.150000000000000400, 2.849999999999998300 ) ) ;
#3413 = AXIS2_PLACEMENT_3D ( 'NONE', #3412, #3411, #3410 ) ;
#3414 = PLANE ( 'NONE',  #3413 ) ;
#3415 =( GEOMETRIC_REPRESENTATION_CONTEXT ( 3 ) GLOBAL_UNCERTAINTY_ASSIGNED_CONTEXT ( ( #3416 ) ) GLOBAL_UNIT_ASSIGNED_CONTEXT ( ( #3419, #3418, #3417 ) ) REPRESENTATION_CONTEXT ( 'NONE', 'WORKASPACE' ) );
#3416 = UNCERTAINTY_MEASURE_WITH_UNIT (LENGTH_MEASURE( 1.000000000000000100E-005 ), #3419, 'distance_accuracy_value', 'NONE');
#3417 =( NAMED_UNIT ( * ) SI_UNIT ( $, .STERADIAN. ) SOLID_ANGLE_UNIT ( ) );
#3418 =( NAMED_UNIT ( * ) PLANE_ANGLE_UNIT ( ) SI_UNIT ( $, .RADIAN. ) );
#3419 =( LENGTH_UNIT ( ) NAMED_UNIT ( * ) SI_UNIT ( .MILLI., .METRE. ) );
#3420 = MECHANICAL_DESIGN_GEOMETRIC_PRESENTATION_REPRESENTATION (  '', ( #3422 ), #3415 ) ;
#3421 = PRESENTATION_LAYER_ASSIGNMENT (  '', '', ( #3422 ) ) ;
#3422 = STYLED_ITEM ( 'NONE', ( #3367 ), #458 ) ;
#3423 = FILL_AREA_STYLE_COLOUR ( '', #3424 ) ;
#3424 = COLOUR_RGB ( '',0.7529411764705882200, 0.7529411764705882200, 0.7529411764705882200 ) ;
#3425 = FACE_OUTER_BOUND ( 'NONE', #476, .T. ) ;
#3426 = DIRECTION ( 'NONE',  ( 0.0000000000000000000, 1.000000000000000000, 8.340016711426957800E-017 ) ) ;
#3427 = VECTOR ( 'NONE', #3426, 1000.000000000000000 ) ;
#3428 = CARTESIAN_POINT ( 'NONE',  ( 0.7500000000000000000, 1.849999999999999600, 2.349999999999998300 ) ) ;
#3429 = LINE ( 'NONE', #3428, #3427 ) ;
#3430 = FILL_AREA_STYLE ('',( #3423 ) ) ;
#3431 = DIRECTION ( 'NONE',  ( 0.0000000000000000000, -1.000000000000000000, 0.0000000000000000000 ) ) ;
#3432 = VECTOR ( 'NONE', #3431, 1000.000000000000000 ) ;
#3433 = CARTESIAN_POINT ( 'NONE',  ( 0.7500000000000000000, -4.150000000000000400, 2.849999999999998300 ) ) ;
#3434 = LINE ( 'NONE', #3433, #3432 ) ;
#3435 = DIRECTION ( 'NONE',  ( 0.0000000000000000000, 0.0000000000000000000, -1.000000000000000000 ) ) ;
#3436 = DIRECTION ( 'NONE',  ( 1.000000000000000000, 0.0000000000000000000, 0.0000000000000000000 ) ) ;
#3437 = CARTESIAN_POINT ( 'NONE',  ( 0.7500000000000000000, -4.150000000000000400, 2.849999999999998300 ) ) ;
#3438 = AXIS2_PLACEMENT_3D ( 'NONE', #3437, #3436, #3435 ) ;
#3439 = PLANE ( 'NONE',  #3438 ) ;
#3440 =( GEOMETRIC_REPRESENTATION_CONTEXT ( 3 ) GLOBAL_UNCERTAINTY_ASSIGNED_CONTEXT ( ( #3441 ) ) GLOBAL_UNIT_ASSIGNED_CONTEXT ( ( #3444, #3443, #3442 ) ) REPRESENTATION_CONTEXT ( 'NONE', 'WORKASPACE' ) );
#3441 = UNCERTAINTY_MEASURE_WITH_UNIT (LENGTH_MEASURE( 1.000000000000000100E-005 ), #3444, 'distance_accuracy_value', 'NONE');
#3442 =( NAMED_UNIT ( * ) SI_UNIT ( $, .STERADIAN. ) SOLID_ANGLE_UNIT ( ) );
#3443 =( NAMED_UNIT ( * ) PLANE_ANGLE_UNIT ( ) SI_UNIT ( $, .RADIAN. ) );
#3444 =( LENGTH_UNIT ( ) NAMED_UNIT ( * ) SI_UNIT ( .MILLI., .METRE. ) );
#3445 = MECHANICAL_DESIGN_GEOMETRIC_PRESENTATION_REPRESENTATION (  '', ( #3447 ), #3440 ) ;
#3446 = PRESENTATION_LAYER_ASSIGNMENT (  '', '', ( #3447 ) ) ;
#3447 = STYLED_ITEM ( 'NONE', ( #3448 ), #467 ) ;
#3448 = PRESENTATION_STYLE_ASSIGNMENT (( #3449 ) ) ;
#3449 = SURFACE_STYLE_USAGE ( .BOTH. , #3450 ) ;
#3450 = SURFACE_SIDE_STYLE ('',( #3396 ) ) ;
#3451 =( LENGTH_UNIT ( ) NAMED_UNIT ( * ) SI_UNIT ( .MILLI., .METRE. ) );
#3452 = MECHANICAL_DESIGN_GEOMETRIC_PRESENTATION_REPRESENTATION (  '', ( #3454 ), #3501 ) ;
#3453 = PRESENTATION_LAYER_ASSIGNMENT (  '', '', ( #3454 ) ) ;
#3454 = STYLED_ITEM ( 'NONE', ( #3455 ), #481 ) ;
#3455 = PRESENTATION_STYLE_ASSIGNMENT (( #3456 ) ) ;
#3456 = SURFACE_STYLE_USAGE ( .BOTH. , #3457 ) ;
#3457 = SURFACE_SIDE_STYLE ('',( #3458 ) ) ;
#3458 = SURFACE_STYLE_FILL_AREA ( #3459 ) ;
#3459 = FILL_AREA_STYLE ('',( #3466 ) ) ;
#3460 = COLOUR_RGB ( '',0.7529411764705882200, 0.7529411764705882200, 0.7529411764705882200 ) ;
#3461 = FACE_OUTER_BOUND ( 'NONE', #482, .T. ) ;
#3462 = DIRECTION ( 'NONE',  ( 0.0000000000000000000, 0.0000000000000000000, -1.000000000000000000 ) ) ;
#3463 = DIRECTION ( 'NONE',  ( 1.000000000000000000, 0.0000000000000000000, 0.0000000000000000000 ) ) ;
#3464 = CARTESIAN_POINT ( 'NONE',  ( 1.250000000000000000, -4.150000000000000400, 2.849999999999998300 ) ) ;
#3465 = AXIS2_PLACEMENT_3D ( 'NONE', #3464, #3463, #3462 ) ;
#3466 = FILL_AREA_STYLE_COLOUR ( '', #3460 ) ;
#3467 = PLANE ( 'NONE',  #3465 ) ;
#3468 =( GEOMETRIC_REPRESENTATION_CONTEXT ( 3 ) GLOBAL_UNCERTAINTY_ASSIGNED_CONTEXT ( ( #3469 ) ) GLOBAL_UNIT_ASSIGNED_CONTEXT ( ( #3472, #3471, #3470 ) ) REPRESENTATION_CONTEXT ( 'NONE', 'WORKASPACE' ) );
#3469 = UNCERTAINTY_MEASURE_WITH_UNIT (LENGTH_MEASURE( 1.000000000000000100E-005 ), #3472, 'distance_accuracy_value', 'NONE');
#3470 =( NAMED_UNIT ( * ) SI_UNIT ( $, .STERADIAN. ) SOLID_ANGLE_UNIT ( ) );
#3471 =( NAMED_UNIT ( * ) PLANE_ANGLE_UNIT ( ) SI_UNIT ( $, .RADIAN. ) );
#3472 =( LENGTH_UNIT ( ) NAMED_UNIT ( * ) SI_UNIT ( .MILLI., .METRE. ) );
#3473 = MECHANICAL_DESIGN_GEOMETRIC_PRESENTATION_REPRESENTATION (  '', ( #3475 ), #3468 ) ;
#3474 = PRESENTATION_LAYER_ASSIGNMENT (  '', '', ( #3475 ) ) ;
#3475 = STYLED_ITEM ( 'NONE', ( #3476 ), #475 ) ;
#3476 = PRESENTATION_STYLE_ASSIGNMENT (( #3477 ) ) ;
#3477 = SURFACE_STYLE_USAGE ( .BOTH. , #3478 ) ;
#3478 = SURFACE_SIDE_STYLE ('',( #3479 ) ) ;
#3479 = SURFACE_STYLE_FILL_AREA ( #3430 ) ;
#3480 = DIRECTION ( 'NONE',  ( 0.0000000000000000000, 0.0000000000000000000, -1.000000000000000000 ) ) ;
#3481 = VECTOR ( 'NONE', #3480, 1000.000000000000000 ) ;
#3482 = CARTESIAN_POINT ( 'NONE',  ( 2.750000000000000000, -5.549999999999999800, 0.4999999999999980600 ) ) ;
#3483 = LINE ( 'NONE', #3482, #3481 ) ;
#3484 =( GEOMETRIC_REPRESENTATION_CONTEXT ( 3 ) GLOBAL_UNCERTAINTY_ASSIGNED_CONTEXT ( ( #3704 ) ) GLOBAL_UNIT_ASSIGNED_CONTEXT ( ( #3707, #3706, #3705 ) ) REPRESENTATION_CONTEXT ( 'NONE', 'WORKASPACE' ) );
#3485 = CARTESIAN_POINT ( 'NONE',  ( 1.250000000000000000, 1.849999999999999600, 2.849999999999998300 ) ) ;
#3486 = DIRECTION ( 'NONE',  ( -1.000000000000000000, 0.0000000000000000000, 0.0000000000000000000 ) ) ;
#3487 = VECTOR ( 'NONE', #3486, 1000.000000000000000 ) ;
#3488 = CARTESIAN_POINT ( 'NONE',  ( 1.250000000000000000, 1.849999999999999600, 2.849999999999998300 ) ) ;
#3489 = LINE ( 'NONE', #3488, #3487 ) ;
#3490 = CARTESIAN_POINT ( 'NONE',  ( 0.7500000000000000000, 1.849999999999999600, 2.849999999999998300 ) ) ;
#3491 = CARTESIAN_POINT ( 'NONE',  ( 0.7500000000000000000, 1.849999999999999600, 2.349999999999998300 ) ) ;
#3492 = DIRECTION ( 'NONE',  ( 0.0000000000000000000, 0.0000000000000000000, 1.000000000000000000 ) ) ;
#3493 = VECTOR ( 'NONE', #3492, 1000.000000000000000 ) ;
#3494 = CARTESIAN_POINT ( 'NONE',  ( 0.7500000000000000000, 1.849999999999999600, 2.849999999999998300 ) ) ;
#3495 = LINE ( 'NONE', #3494, #3493 ) ;
#3496 = DIRECTION ( 'NONE',  ( 0.0000000000000000000, 0.0000000000000000000, -1.000000000000000000 ) ) ;
#3497 = DIRECTION ( 'NONE',  ( 0.0000000000000000000, -1.000000000000000000, 0.0000000000000000000 ) ) ;
#3498 = CARTESIAN_POINT ( 'NONE',  ( 1.250000000000000000, 1.849999999999999600, 2.849999999999998300 ) ) ;
#3499 = AXIS2_PLACEMENT_3D ( 'NONE', #3498, #3497, #3496 ) ;
#3500 = PLANE ( 'NONE',  #3499 ) ;
#3501 =( GEOMETRIC_REPRESENTATION_CONTEXT ( 3 ) GLOBAL_UNCERTAINTY_ASSIGNED_CONTEXT ( ( #3502 ) ) GLOBAL_UNIT_ASSIGNED_CONTEXT ( ( #3451, #3504, #3503 ) ) REPRESENTATION_CONTEXT ( 'NONE', 'WORKASPACE' ) );
#3502 = UNCERTAINTY_MEASURE_WITH_UNIT (LENGTH_MEASURE( 1.000000000000000100E-005 ), #3451, 'distance_accuracy_value', 'NONE');
#3503 =( NAMED_UNIT ( * ) SI_UNIT ( $, .STERADIAN. ) SOLID_ANGLE_UNIT ( ) );
#3504 =( NAMED_UNIT ( * ) PLANE_ANGLE_UNIT ( ) SI_UNIT ( $, .RADIAN. ) );
#3505 = CARTESIAN_POINT ( 'NONE',  ( 1.250000000000000000, -5.549999999999999800, -0.1000000000000018900 ) ) ;
#3506 = DIRECTION ( 'NONE',  ( 0.0000000000000000000, 0.0000000000000000000, -1.000000000000000000 ) ) ;
#3507 = VECTOR ( 'NONE', #3506, 1000.000000000000000 ) ;
#3508 = CARTESIAN_POINT ( 'NONE',  ( 1.250000000000000000, -5.549999999999999800, 0.4999999999999980600 ) ) ;
#3509 = LINE ( 'NONE', #3508, #3507 ) ;
#3510 = DIRECTION ( 'NONE',  ( 0.0000000000000000000, 0.0000000000000000000, -1.000000000000000000 ) ) ;
#3511 = DIRECTION ( 'NONE',  ( 1.000000000000000000, 0.0000000000000000000, 0.0000000000000000000 ) ) ;
#3512 = CARTESIAN_POINT ( 'NONE',  ( 1.250000000000000000, -4.150000000000000400, 2.849999999999998300 ) ) ;
#3513 = AXIS2_PLACEMENT_3D ( 'NONE', #3512, #3511, #3510 ) ;
#3514 = PLANE ( 'NONE',  #3513 ) ;
#3515 =( GEOMETRIC_REPRESENTATION_CONTEXT ( 3 ) GLOBAL_UNCERTAINTY_ASSIGNED_CONTEXT ( ( #3516 ) ) GLOBAL_UNIT_ASSIGNED_CONTEXT ( ( #3519, #3518, #3517 ) ) REPRESENTATION_CONTEXT ( 'NONE', 'WORKASPACE' ) );
#3516 = UNCERTAINTY_MEASURE_WITH_UNIT (LENGTH_MEASURE( 1.000000000000000100E-005 ), #3519, 'distance_accuracy_value', 'NONE');
#3517 =( NAMED_UNIT ( * ) SI_UNIT ( $, .STERADIAN. ) SOLID_ANGLE_UNIT ( ) );
#3518 =( NAMED_UNIT ( * ) PLANE_ANGLE_UNIT ( ) SI_UNIT ( $, .RADIAN. ) );
#3519 =( LENGTH_UNIT ( ) NAMED_UNIT ( * ) SI_UNIT ( .MILLI., .METRE. ) );
#3520 = MECHANICAL_DESIGN_GEOMETRIC_PRESENTATION_REPRESENTATION (  '', ( #3522 ), #3515 ) ;
#3521 = PRESENTATION_LAYER_ASSIGNMENT (  '', '', ( #3522 ) ) ;
#3522 = STYLED_ITEM ( 'NONE', ( #3523 ), #493 ) ;
#3523 = PRESENTATION_STYLE_ASSIGNMENT (( #3524 ) ) ;
#3524 = SURFACE_STYLE_USAGE ( .BOTH. , #3525 ) ;
#3525 = SURFACE_SIDE_STYLE ('',( #3526 ) ) ;
#3526 = SURFACE_STYLE_FILL_AREA ( #3527 ) ;
#3527 = FILL_AREA_STYLE ('',( #3528 ) ) ;
#3528 = FILL_AREA_STYLE_COLOUR ( '', #3529 ) ;
#3529 = COLOUR_RGB ( '',0.7529411764705882200, 0.7529411764705882200, 0.7529411764705882200 ) ;
#3530 = FACE_OUTER_BOUND ( 'NONE', #518, .T. ) ;
#3531 =( GEOMETRIC_REPRESENTATION_CONTEXT ( 3 ) GLOBAL_UNCERTAINTY_ASSIGNED_CONTEXT ( ( #3532 ) ) GLOBAL_UNIT_ASSIGNED_CONTEXT ( ( #3535, #3534, #3533 ) ) REPRESENTATION_CONTEXT ( 'NONE', 'WORKASPACE' ) );
#3532 = UNCERTAINTY_MEASURE_WITH_UNIT (LENGTH_MEASURE( 1.000000000000000100E-005 ), #3535, 'distance_accuracy_value', 'NONE');
#3533 =( NAMED_UNIT ( * ) SI_UNIT ( $, .STERADIAN. ) SOLID_ANGLE_UNIT ( ) );
#3534 =( NAMED_UNIT ( * ) PLANE_ANGLE_UNIT ( ) SI_UNIT ( $, .RADIAN. ) );
#3535 =( LENGTH_UNIT ( ) NAMED_UNIT ( * ) SI_UNIT ( .MILLI., .METRE. ) );
#3536 = MECHANICAL_DESIGN_GEOMETRIC_PRESENTATION_REPRESENTATION (  '', ( #3538 ), #3531 ) ;
#3537 = PRESENTATION_LAYER_ASSIGNMENT (  '', '', ( #3538 ) ) ;
#3538 = STYLED_ITEM ( 'NONE', ( #3539 ), #509 ) ;
#3539 = PRESENTATION_STYLE_ASSIGNMENT (( #3540 ) ) ;
#3540 = SURFACE_STYLE_USAGE ( .BOTH. , #3541 ) ;
#3541 = SURFACE_SIDE_STYLE ('',( #3542 ) ) ;
#3542 = SURFACE_STYLE_FILL_AREA ( #3543 ) ;
#3543 = FILL_AREA_STYLE ('',( #3550 ) ) ;
#3544 = COLOUR_RGB ( '',0.7529411764705882200, 0.7529411764705882200, 0.7529411764705882200 ) ;
#3545 = FACE_OUTER_BOUND ( 'NONE', #510, .T. ) ;
#3546 = DIRECTION ( 'NONE',  ( -1.000000000000000000, 0.0000000000000000000, 0.0000000000000000000 ) ) ;
#3547 = VECTOR ( 'NONE', #3546, 1000.000000000000000 ) ;
#3548 = CARTESIAN_POINT ( 'NONE',  ( 1.250000000000000000, -3.850000000000000100, -0.1000000000000016300 ) ) ;
#3549 = LINE ( 'NONE', #3548, #3547 ) ;
#3550 = FILL_AREA_STYLE_COLOUR ( '', #3544 ) ;
#3551 = CARTESIAN_POINT ( 'NONE',  ( 1.250000000000000000, -3.850000000000000100, -0.1000000000000016300 ) ) ;
#3552 = DIRECTION ( 'NONE',  ( 0.0000000000000000000, 0.7071067811865476800, 0.7071067811865472400 ) ) ;
#3553 = VECTOR ( 'NONE', #3552, 1000.000000000000100 ) ;
#3554 = CARTESIAN_POINT ( 'NONE',  ( 1.250000000000000000, -3.349999999999999600, 0.3999999999999984700 ) ) ;
#3555 = LINE ( 'NONE', #3554, #3553 ) ;
#3556 = DIRECTION ( 'NONE',  ( 0.0000000000000000000, 1.000000000000000000, 1.514694211560631100E-016 ) ) ;
#3557 = VECTOR ( 'NONE', #3556, 1000.000000000000000 ) ;
#3558 = CARTESIAN_POINT ( 'NONE',  ( 1.250000000000000000, -3.850000000000000100, -0.1000000000000016300 ) ) ;
#3559 = LINE ( 'NONE', #3558, #3557 ) ;
#3560 =( GEOMETRIC_REPRESENTATION_CONTEXT ( 3 ) GLOBAL_UNCERTAINTY_ASSIGNED_CONTEXT ( ( #3561 ) ) GLOBAL_UNIT_ASSIGNED_CONTEXT ( ( #3564, #3563, #3562 ) ) REPRESENTATION_CONTEXT ( 'NONE', 'WORKASPACE' ) );
#3561 = UNCERTAINTY_MEASURE_WITH_UNIT (LENGTH_MEASURE( 1.000000000000000100E-005 ), #3564, 'distance_accuracy_value', 'NONE');
#3562 =( NAMED_UNIT ( * ) SI_UNIT ( $, .STERADIAN. ) SOLID_ANGLE_UNIT ( ) );
#3563 =( NAMED_UNIT ( * ) PLANE_ANGLE_UNIT ( ) SI_UNIT ( $, .RADIAN. ) );
#3564 =( LENGTH_UNIT ( ) NAMED_UNIT ( * ) SI_UNIT ( .MILLI., .METRE. ) );
#3565 = MECHANICAL_DESIGN_GEOMETRIC_PRESENTATION_REPRESENTATION (  '', ( #3567 ), #3560 ) ;
#3566 = PRESENTATION_LAYER_ASSIGNMENT (  '', '', ( #3567 ) ) ;
#3567 = STYLED_ITEM ( 'NONE', ( #3568 ), #520 ) ;
#3568 = PRESENTATION_STYLE_ASSIGNMENT (( #3569 ) ) ;
#3569 = SURFACE_STYLE_USAGE ( .BOTH. , #3570 ) ;
#3570 = SURFACE_SIDE_STYLE ('',( #3571 ) ) ;
#3571 = SURFACE_STYLE_FILL_AREA ( #3572 ) ;
#3572 = FILL_AREA_STYLE ('',( #3573 ) ) ;
#3573 = FILL_AREA_STYLE_COLOUR ( '', #3574 ) ;
#3574 = COLOUR_RGB ( '',0.7529411764705882200, 0.7529411764705882200, 0.7529411764705882200 ) ;
#3575 = FACE_OUTER_BOUND ( 'NONE', #521, .T. ) ;
#3576 = CARTESIAN_POINT ( 'NONE',  ( 0.7500000000000000000, -5.549999999999999800, 0.4999999999999980600 ) ) ;
#3577 = DIRECTION ( 'NONE',  ( 0.0000000000000000000, -1.000000000000000000, -1.548860246407863300E-016 ) ) ;
#3578 = VECTOR ( 'NONE', #3577, 1000.000000000000000 ) ;
#3579 = CARTESIAN_POINT ( 'NONE',  ( 0.7500000000000000000, -4.150000000000000400, 0.4999999999999982800 ) ) ;
#3580 = LINE ( 'NONE', #3579, #3578 ) ;
#3581 = CARTESIAN_POINT ( 'NONE',  ( 1.250000000000000000, -5.549999999999999800, 0.4999999999999980600 ) ) ;
#3582 = DIRECTION ( 'NONE',  ( 0.0000000000000000000, -1.000000000000000000, -1.548860246407863300E-016 ) ) ;
#3583 = VECTOR ( 'NONE', #3582, 1000.000000000000000 ) ;
#3584 = CARTESIAN_POINT ( 'NONE',  ( 1.250000000000000000, -4.150000000000000400, 0.4999999999999982800 ) ) ;
#3585 = LINE ( 'NONE', #3584, #3583 ) ;
#3586 = DIRECTION ( 'NONE',  ( 0.0000000000000000000, 1.000000000000000000, 1.548860246407863300E-016 ) ) ;
#3587 = DIRECTION ( 'NONE',  ( 0.0000000000000000000, 1.548860246407863300E-016, -1.000000000000000000 ) ) ;
#3588 = CARTESIAN_POINT ( 'NONE',  ( 1.250000000000000000, -4.150000000000000400, 0.4999999999999982800 ) ) ;
#3589 = AXIS2_PLACEMENT_3D ( 'NONE', #3588, #3587, #3586 ) ;
#3590 = PLANE ( 'NONE',  #3589 ) ;
#3591 = LINE ( 'NONE', #3653, #3652 ) ;
#3592 = DIRECTION ( 'NONE',  ( 0.0000000000000000000, -0.7071067811865476800, -0.7071067811865472400 ) ) ;
#3593 = DIRECTION ( 'NONE',  ( 0.0000000000000000000, -0.7071067811865473500, 0.7071067811865477900 ) ) ;
#3594 = CARTESIAN_POINT ( 'NONE',  ( 1.250000000000000000, -3.349999999999999600, 0.3999999999999984700 ) ) ;
#3595 = AXIS2_PLACEMENT_3D ( 'NONE', #3594, #3593, #3592 ) ;
#3596 = PLANE ( 'NONE',  #3595 ) ;
#3597 =( GEOMETRIC_REPRESENTATION_CONTEXT ( 3 ) GLOBAL_UNCERTAINTY_ASSIGNED_CONTEXT ( ( #3598 ) ) GLOBAL_UNIT_ASSIGNED_CONTEXT ( ( #3601, #3600, #3599 ) ) REPRESENTATION_CONTEXT ( 'NONE', 'WORKASPACE' ) );
#3598 = UNCERTAINTY_MEASURE_WITH_UNIT (LENGTH_MEASURE( 1.000000000000000100E-005 ), #3601, 'distance_accuracy_value', 'NONE');
#3599 =( NAMED_UNIT ( * ) SI_UNIT ( $, .STERADIAN. ) SOLID_ANGLE_UNIT ( ) );
#3600 =( NAMED_UNIT ( * ) PLANE_ANGLE_UNIT ( ) SI_UNIT ( $, .RADIAN. ) );
#3601 =( LENGTH_UNIT ( ) NAMED_UNIT ( * ) SI_UNIT ( .MILLI., .METRE. ) );
#3602 = MECHANICAL_DESIGN_GEOMETRIC_PRESENTATION_REPRESENTATION (  '', ( #3604 ), #3597 ) ;
#3603 = PRESENTATION_LAYER_ASSIGNMENT (  '', '', ( #3604 ) ) ;
#3604 = STYLED_ITEM ( 'NONE', ( #3605 ), #526 ) ;
#3605 = PRESENTATION_STYLE_ASSIGNMENT (( #3606 ) ) ;
#3606 = SURFACE_STYLE_USAGE ( .BOTH. , #3607 ) ;
#3607 = SURFACE_SIDE_STYLE ('',( #3608 ) ) ;
#3608 = SURFACE_STYLE_FILL_AREA ( #3609 ) ;
#3609 = FILL_AREA_STYLE ('',( #3616 ) ) ;
#3610 = COLOUR_RGB ( '',0.7529411764705882200, 0.7529411764705882200, 0.7529411764705882200 ) ;
#3611 = FACE_OUTER_BOUND ( 'NONE', #527, .T. ) ;
#3612 = DIRECTION ( 'NONE',  ( 0.0000000000000000000, -1.000000000000000000, -8.340016711426957800E-017 ) ) ;
#3613 = DIRECTION ( 'NONE',  ( 0.0000000000000000000, -8.340016711426957800E-017, 1.000000000000000000 ) ) ;
#3614 = CARTESIAN_POINT ( 'NONE',  ( 1.250000000000000000, 1.849999999999999600, 2.349999999999998300 ) ) ;
#3615 = AXIS2_PLACEMENT_3D ( 'NONE', #3614, #3613, #3612 ) ;
#3616 = FILL_AREA_STYLE_COLOUR ( '', #3610 ) ;
#3617 = PLANE ( 'NONE',  #3615 ) ;
#3618 =( LENGTH_UNIT ( ) NAMED_UNIT ( * ) SI_UNIT ( .MILLI., .METRE. ) );
#3619 = MECHANICAL_DESIGN_GEOMETRIC_PRESENTATION_REPRESENTATION (  '', ( #3621 ), #3677 ) ;
#3620 = PRESENTATION_LAYER_ASSIGNMENT (  '', '', ( #3621 ) ) ;
#3621 = STYLED_ITEM ( 'NONE', ( #3622 ), #546 ) ;
#3622 = PRESENTATION_STYLE_ASSIGNMENT (( #3623 ) ) ;
#3623 = SURFACE_STYLE_USAGE ( .BOTH. , #3624 ) ;
#3624 = SURFACE_SIDE_STYLE ('',( #3625 ) ) ;
#3625 = SURFACE_STYLE_FILL_AREA ( #3626 ) ;
#3626 = FILL_AREA_STYLE ('',( #3633 ) ) ;
#3627 = COLOUR_RGB ( '',0.7529411764705882200, 0.7529411764705882200, 0.7529411764705882200 ) ;
#3628 = FACE_OUTER_BOUND ( 'NONE', #547, .T. ) ;
#3629 = DIRECTION ( 'NONE',  ( -1.000000000000000000, 0.0000000000000000000, 0.0000000000000000000 ) ) ;
#3630 = VECTOR ( 'NONE', #3629, 1000.000000000000000 ) ;
#3631 = CARTESIAN_POINT ( 'NONE',  ( -0.7500000000000000000, 1.849999999999999600, 2.349999999999998300 ) ) ;
#3632 = LINE ( 'NONE', #3631, #3630 ) ;
#3633 = FILL_AREA_STYLE_COLOUR ( '', #3627 ) ;
#3634 = CARTESIAN_POINT ( 'NONE',  ( -0.7500000000000000000, 1.849999999999999600, 2.349999999999998300 ) ) ;
#3635 = DIRECTION ( 'NONE',  ( 0.0000000000000000000, 0.0000000000000000000, 1.000000000000000000 ) ) ;
#3636 = VECTOR ( 'NONE', #3635, 1000.000000000000000 ) ;
#3637 = CARTESIAN_POINT ( 'NONE',  ( -0.7500000000000000000, 1.849999999999999600, 2.849999999999998300 ) ) ;
#3638 = LINE ( 'NONE', #3637, #3636 ) ;
#3639 = CARTESIAN_POINT ( 'NONE',  ( -0.7500000000000000000, 1.849999999999999600, 2.849999999999998300 ) ) ;
#3640 = DIRECTION ( 'NONE',  ( -1.000000000000000000, 0.0000000000000000000, 0.0000000000000000000 ) ) ;
#3641 = VECTOR ( 'NONE', #3640, 1000.000000000000000 ) ;
#3642 = CARTESIAN_POINT ( 'NONE',  ( -0.7500000000000000000, 1.849999999999999600, 2.849999999999998300 ) ) ;
#3643 = LINE ( 'NONE', #3642, #3641 ) ;
#3644 = CARTESIAN_POINT ( 'NONE',  ( -1.250000000000000000, 1.849999999999999600, 2.849999999999998300 ) ) ;
#3645 = CARTESIAN_POINT ( 'NONE',  ( -1.250000000000000000, 1.849999999999999600, 2.349999999999998300 ) ) ;
#3646 = DIRECTION ( 'NONE',  ( 0.0000000000000000000, 0.0000000000000000000, 1.000000000000000000 ) ) ;
#3647 = VECTOR ( 'NONE', #3646, 1000.000000000000000 ) ;
#3648 = CARTESIAN_POINT ( 'NONE',  ( -1.250000000000000000, 1.849999999999999600, 2.849999999999998300 ) ) ;
#3649 = LINE ( 'NONE', #3648, #3647 ) ;
#3650 = CARTESIAN_POINT ( 'NONE',  ( 0.7500000000000000000, -3.850000000000000100, -0.1000000000000016300 ) ) ;
#3651 = DIRECTION ( 'NONE',  ( 0.0000000000000000000, 0.7071067811865476800, 0.7071067811865472400 ) ) ;
#3652 = VECTOR ( 'NONE', #3651, 1000.000000000000100 ) ;
#3653 = CARTESIAN_POINT ( 'NONE',  ( 0.7500000000000000000, -3.349999999999999600, 0.3999999999999984700 ) ) ;
#3654 =( NAMED_UNIT ( * ) SI_UNIT ( $, .STERADIAN. ) SOLID_ANGLE_UNIT ( ) );
#3655 =( NAMED_UNIT ( * ) PLANE_ANGLE_UNIT ( ) SI_UNIT ( $, .RADIAN. ) );
#3656 =( LENGTH_UNIT ( ) NAMED_UNIT ( * ) SI_UNIT ( .MILLI., .METRE. ) );
#3657 = MECHANICAL_DESIGN_GEOMETRIC_PRESENTATION_REPRESENTATION (  '', ( #3659 ), #3702 ) ;
#3658 = PRESENTATION_LAYER_ASSIGNMENT (  '', '', ( #3659 ) ) ;
#3659 = STYLED_ITEM ( 'NONE', ( #3660 ), #553 ) ;
#3660 = PRESENTATION_STYLE_ASSIGNMENT (( #3661 ) ) ;
#3661 = SURFACE_STYLE_USAGE ( .BOTH. , #3662 ) ;
#3662 = SURFACE_SIDE_STYLE ('',( #3663 ) ) ;
#3663 = SURFACE_STYLE_FILL_AREA ( #3664 ) ;
#3664 = FILL_AREA_STYLE ('',( #3671 ) ) ;
#3665 = COLOUR_RGB ( '',0.7529411764705882200, 0.7529411764705882200, 0.7529411764705882200 ) ;
#3666 = FACE_OUTER_BOUND ( 'NONE', #554, .T. ) ;
#3667 = DIRECTION ( 'NONE',  ( -1.000000000000000000, 0.0000000000000000000, 0.0000000000000000000 ) ) ;
#3668 = VECTOR ( 'NONE', #3667, 1000.000000000000000 ) ;
#3669 = CARTESIAN_POINT ( 'NONE',  ( 1.250000000000000000, -5.549999999999999800, -0.1000000000000018900 ) ) ;
#3670 = LINE ( 'NONE', #3669, #3668 ) ;
#3671 = FILL_AREA_STYLE_COLOUR ( '', #3665 ) ;
#3672 = DIRECTION ( 'NONE',  ( 0.0000000000000000000, 0.0000000000000000000, -1.000000000000000000 ) ) ;
#3673 = DIRECTION ( 'NONE',  ( 1.000000000000000000, 0.0000000000000000000, 0.0000000000000000000 ) ) ;
#3674 = CARTESIAN_POINT ( 'NONE',  ( -1.250000000000000000, -4.150000000000000400, 2.849999999999998300 ) ) ;
#3675 = AXIS2_PLACEMENT_3D ( 'NONE', #3674, #3673, #3672 ) ;
#3676 = PLANE ( 'NONE',  #3675 ) ;
#3677 =( GEOMETRIC_REPRESENTATION_CONTEXT ( 3 ) GLOBAL_UNCERTAINTY_ASSIGNED_CONTEXT ( ( #3678 ) ) GLOBAL_UNIT_ASSIGNED_CONTEXT ( ( #3618, #3680, #3679 ) ) REPRESENTATION_CONTEXT ( 'NONE', 'WORKASPACE' ) );
#3678 = UNCERTAINTY_MEASURE_WITH_UNIT (LENGTH_MEASURE( 1.000000000000000100E-005 ), #3618, 'distance_accuracy_value', 'NONE');
#3679 =( NAMED_UNIT ( * ) SI_UNIT ( $, .STERADIAN. ) SOLID_ANGLE_UNIT ( ) );
#3680 =( NAMED_UNIT ( * ) PLANE_ANGLE_UNIT ( ) SI_UNIT ( $, .RADIAN. ) );
#3681 =( GEOMETRIC_REPRESENTATION_CONTEXT ( 3 ) GLOBAL_UNCERTAINTY_ASSIGNED_CONTEXT ( ( #3682 ) ) GLOBAL_UNIT_ASSIGNED_CONTEXT ( ( #3685, #3684, #3683 ) ) REPRESENTATION_CONTEXT ( 'NONE', 'WORKASPACE' ) );
#3682 = UNCERTAINTY_MEASURE_WITH_UNIT (LENGTH_MEASURE( 1.000000000000000100E-005 ), #3685, 'distance_accuracy_value', 'NONE');
#3683 =( NAMED_UNIT ( * ) SI_UNIT ( $, .STERADIAN. ) SOLID_ANGLE_UNIT ( ) );
#3684 =( NAMED_UNIT ( * ) PLANE_ANGLE_UNIT ( ) SI_UNIT ( $, .RADIAN. ) );
#3685 =( LENGTH_UNIT ( ) NAMED_UNIT ( * ) SI_UNIT ( .MILLI., .METRE. ) );
#3686 = MECHANICAL_DESIGN_GEOMETRIC_PRESENTATION_REPRESENTATION (  '', ( #3688 ), #3681 ) ;
#3687 = PRESENTATION_LAYER_ASSIGNMENT (  '', '', ( #3688 ) ) ;
#3688 = STYLED_ITEM ( 'NONE', ( #3689 ), #559 ) ;
#3689 = PRESENTATION_STYLE_ASSIGNMENT (( #3690 ) ) ;
#3690 = SURFACE_STYLE_USAGE ( .BOTH. , #3691 ) ;
#3691 = SURFACE_SIDE_STYLE ('',( #3692 ) ) ;
#3692 = SURFACE_STYLE_FILL_AREA ( #3693 ) ;
#3693 = FILL_AREA_STYLE ('',( #3700 ) ) ;
#3694 = COLOUR_RGB ( '',0.7529411764705882200, 0.7529411764705882200, 0.7529411764705882200 ) ;
#3695 = FACE_OUTER_BOUND ( 'NONE', #503, .T. ) ;
#3696 = DIRECTION ( 'NONE',  ( 0.0000000000000000000, -1.000000000000000000, -1.514694211560631100E-016 ) ) ;
#3697 = DIRECTION ( 'NONE',  ( 0.0000000000000000000, -1.514694211560631100E-016, 1.000000000000000000 ) ) ;
#3698 = CARTESIAN_POINT ( 'NONE',  ( 1.250000000000000000, -3.850000000000000100, -0.1000000000000016300 ) ) ;
#3699 = AXIS2_PLACEMENT_3D ( 'NONE', #3698, #3697, #3696 ) ;
#3700 = FILL_AREA_STYLE_COLOUR ( '', #3694 ) ;
#3701 = PLANE ( 'NONE',  #3699 ) ;
#3702 =( GEOMETRIC_REPRESENTATION_CONTEXT ( 3 ) GLOBAL_UNCERTAINTY_ASSIGNED_CONTEXT ( ( #3703 ) ) GLOBAL_UNIT_ASSIGNED_CONTEXT ( ( #3656, #3655, #3654 ) ) REPRESENTATION_CONTEXT ( 'NONE', 'WORKASPACE' ) );
#3703 = UNCERTAINTY_MEASURE_WITH_UNIT (LENGTH_MEASURE( 1.000000000000000100E-005 ), #3656, 'distance_accuracy_value', 'NONE');
#3704 = UNCERTAINTY_MEASURE_WITH_UNIT (LENGTH_MEASURE( 1.000000000000000100E-005 ), #3707, 'distance_accuracy_value', 'NONE');
#3705 =( NAMED_UNIT ( * ) SI_UNIT ( $, .STERADIAN. ) SOLID_ANGLE_UNIT ( ) );
#3706 =( NAMED_UNIT ( * ) PLANE_ANGLE_UNIT ( ) SI_UNIT ( $, .RADIAN. ) );
#3707 =( LENGTH_UNIT ( ) NAMED_UNIT ( * ) SI_UNIT ( .MILLI., .METRE. ) );
#3708 = MECHANICAL_DESIGN_GEOMETRIC_PRESENTATION_REPRESENTATION (  '', ( #3710 ), #3484 ) ;
#3709 = PRESENTATION_LAYER_ASSIGNMENT (  '', '', ( #3710 ) ) ;
#3710 = STYLED_ITEM ( 'NONE', ( #3711 ), #569 ) ;
#3711 = PRESENTATION_STYLE_ASSIGNMENT (( #3712 ) ) ;
#3712 = SURFACE_STYLE_USAGE ( .BOTH. , #3713 ) ;
#3713 = SURFACE_SIDE_STYLE ('',( #3714 ) ) ;
#3714 = SURFACE_STYLE_FILL_AREA ( #3715 ) ;
#3715 = FILL_AREA_STYLE ('',( #3722 ) ) ;
#3716 = COLOUR_RGB ( '',0.7529411764705882200, 0.7529411764705882200, 0.7529411764705882200 ) ;
#3717 = FACE_OUTER_BOUND ( 'NONE', #570, .T. ) ;
#3718 = DIRECTION ( 'NONE',  ( 0.0000000000000000000, 0.0000000000000000000, -1.000000000000000000 ) ) ;
#3719 = VECTOR ( 'NONE', #3718, 1000.000000000000000 ) ;
#3720 = CARTESIAN_POINT ( 'NONE',  ( 0.7500000000000000000, -5.549999999999999800, 0.4999999999999980600 ) ) ;
#3721 = LINE ( 'NONE', #3720, #3719 ) ;
#3722 = FILL_AREA_STYLE_COLOUR ( '', #3716 ) ;
#3723 = CARTESIAN_POINT ( 'NONE',  ( 0.7500000000000000000, -5.549999999999999800, -0.1000000000000018900 ) ) ;
#3724 = DIRECTION ( 'NONE',  ( 0.0000000000000000000, 1.000000000000000000, 1.514694211560631100E-016 ) ) ;
#3725 = VECTOR ( 'NONE', #3724, 1000.000000000000000 ) ;
#3726 = CARTESIAN_POINT ( 'NONE',  ( 0.7500000000000000000, -3.850000000000000100, -0.1000000000000016300 ) ) ;
#3727 = LINE ( 'NONE', #3726, #3725 ) ;
#3728 = DIRECTION ( 'NONE',  ( 0.0000000000000000000, 0.0000000000000000000, -1.000000000000000000 ) ) ;
#3729 = DIRECTION ( 'NONE',  ( 1.000000000000000000, 0.0000000000000000000, 0.0000000000000000000 ) ) ;
#3730 = CARTESIAN_POINT ( 'NONE',  ( 0.7500000000000000000, -4.150000000000000400, 2.849999999999998300 ) ) ;
#3731 = AXIS2_PLACEMENT_3D ( 'NONE', #3730, #3729, #3728 ) ;
#3732 = PLANE ( 'NONE',  #3731 ) ;
#3733 = AXIS2_PLACEMENT_3D ( 'NONE', #3791, #3790, #3789 ) ;
#3734 = PLANE ( 'NONE',  #3733 ) ;
#3735 =( GEOMETRIC_REPRESENTATION_CONTEXT ( 3 ) GLOBAL_UNCERTAINTY_ASSIGNED_CONTEXT ( ( #3736 ) ) GLOBAL_UNIT_ASSIGNED_CONTEXT ( ( #3739, #3738, #3737 ) ) REPRESENTATION_CONTEXT ( 'NONE', 'WORKASPACE' ) );
#3736 = UNCERTAINTY_MEASURE_WITH_UNIT (LENGTH_MEASURE( 1.000000000000000100E-005 ), #3739, 'distance_accuracy_value', 'NONE');
#3737 =( NAMED_UNIT ( * ) SI_UNIT ( $, .STERADIAN. ) SOLID_ANGLE_UNIT ( ) );
#3738 =( NAMED_UNIT ( * ) PLANE_ANGLE_UNIT ( ) SI_UNIT ( $, .RADIAN. ) );
#3739 =( LENGTH_UNIT ( ) NAMED_UNIT ( * ) SI_UNIT ( .MILLI., .METRE. ) );
#3740 = MECHANICAL_DESIGN_GEOMETRIC_PRESENTATION_REPRESENTATION (  '', ( #3742 ), #3735 ) ;
#3741 = PRESENTATION_LAYER_ASSIGNMENT (  '', '', ( #3742 ) ) ;
#3742 = STYLED_ITEM ( 'NONE', ( #3743 ), #577 ) ;
#3743 = PRESENTATION_STYLE_ASSIGNMENT (( #3744 ) ) ;
#3744 = SURFACE_STYLE_USAGE ( .BOTH. , #3745 ) ;
#3745 = SURFACE_SIDE_STYLE ('',( #3746 ) ) ;
#3746 = SURFACE_STYLE_FILL_AREA ( #3747 ) ;
#3747 = FILL_AREA_STYLE ('',( #3754 ) ) ;
#3748 = COLOUR_RGB ( '',0.7529411764705882200, 0.7529411764705882200, 0.7529411764705882200 ) ;
#3749 = FACE_OUTER_BOUND ( 'NONE', #578, .T. ) ;
#3750 = DIRECTION ( 'NONE',  ( -1.000000000000000000, 0.0000000000000000000, 0.0000000000000000000 ) ) ;
#3751 = VECTOR ( 'NONE', #3750, 1000.000000000000000 ) ;
#3752 = CARTESIAN_POINT ( 'NONE',  ( 1.250000000000000000, -5.549999999999999800, 0.4999999999999980600 ) ) ;
#3753 = LINE ( 'NONE', #3752, #3751 ) ;
#3754 = FILL_AREA_STYLE_COLOUR ( '', #3748 ) ;
#3755 = DIRECTION ( 'NONE',  ( 0.0000000000000000000, 0.0000000000000000000, 1.000000000000000000 ) ) ;
#3756 = DIRECTION ( 'NONE',  ( 0.0000000000000000000, 1.000000000000000000, 0.0000000000000000000 ) ) ;
#3757 = CARTESIAN_POINT ( 'NONE',  ( 1.250000000000000000, -5.549999999999999800, 0.4999999999999980600 ) ) ;
#3758 = AXIS2_PLACEMENT_3D ( 'NONE', #3757, #3756, #3755 ) ;
#3759 = PLANE ( 'NONE',  #3758 ) ;
#3760 = UNCERTAINTY_MEASURE_WITH_UNIT (LENGTH_MEASURE( 1.000000000000000100E-005 ), #3763, 'distance_accuracy_value', 'NONE');
#3761 =( NAMED_UNIT ( * ) SI_UNIT ( $, .STERADIAN. ) SOLID_ANGLE_UNIT ( ) );
#3762 =( NAMED_UNIT ( * ) PLANE_ANGLE_UNIT ( ) SI_UNIT ( $, .RADIAN. ) );
#3763 =( LENGTH_UNIT ( ) NAMED_UNIT ( * ) SI_UNIT ( .MILLI., .METRE. ) );
#3764 = MECHANICAL_DESIGN_GEOMETRIC_PRESENTATION_REPRESENTATION (  '', ( #3766 ), #3818 ) ;
#3765 = PRESENTATION_LAYER_ASSIGNMENT (  '', '', ( #3766 ) ) ;
#3766 = STYLED_ITEM ( 'NONE', ( #3767 ), #589 ) ;
#3767 = PRESENTATION_STYLE_ASSIGNMENT (( #3768 ) ) ;
#3768 = SURFACE_STYLE_USAGE ( .BOTH. , #3769 ) ;
#3769 = SURFACE_SIDE_STYLE ('',( #3770 ) ) ;
#3770 = SURFACE_STYLE_FILL_AREA ( #3771 ) ;
#3771 = FILL_AREA_STYLE ('',( #3778 ) ) ;
#3772 = COLOUR_RGB ( '',0.7529411764705882200, 0.7529411764705882200, 0.7529411764705882200 ) ;
#3773 = FACE_OUTER_BOUND ( 'NONE', #590, .T. ) ;
#3774 = DIRECTION ( 'NONE',  ( -1.000000000000000000, 0.0000000000000000000, 0.0000000000000000000 ) ) ;
#3775 = VECTOR ( 'NONE', #3774, 1000.000000000000000 ) ;
#3776 = CARTESIAN_POINT ( 'NONE',  ( -0.7500000000000000000, -3.850000000000000100, -0.1000000000000016300 ) ) ;
#3777 = LINE ( 'NONE', #3776, #3775 ) ;
#3778 = FILL_AREA_STYLE_COLOUR ( '', #3772 ) ;
#3779 = CARTESIAN_POINT ( 'NONE',  ( -0.7500000000000000000, -3.850000000000000100, -0.1000000000000016300 ) ) ;
#3780 = DIRECTION ( 'NONE',  ( 0.0000000000000000000, 0.7071067811865476800, 0.7071067811865472400 ) ) ;
#3781 = VECTOR ( 'NONE', #3780, 1000.000000000000100 ) ;
#3782 = CARTESIAN_POINT ( 'NONE',  ( -0.7500000000000000000, -3.349999999999999600, 0.3999999999999984700 ) ) ;
#3783 = LINE ( 'NONE', #3782, #3781 ) ;
#3784 = CARTESIAN_POINT ( 'NONE',  ( -1.250000000000000000, -3.850000000000000100, -0.1000000000000016300 ) ) ;
#3785 = DIRECTION ( 'NONE',  ( 0.0000000000000000000, 0.7071067811865476800, 0.7071067811865472400 ) ) ;
#3786 = VECTOR ( 'NONE', #3785, 1000.000000000000100 ) ;
#3787 = CARTESIAN_POINT ( 'NONE',  ( -1.250000000000000000, -3.349999999999999600, 0.3999999999999984700 ) ) ;
#3788 = LINE ( 'NONE', #3787, #3786 ) ;
#3789 = DIRECTION ( 'NONE',  ( 0.0000000000000000000, -0.7071067811865476800, -0.7071067811865472400 ) ) ;
#3790 = DIRECTION ( 'NONE',  ( 0.0000000000000000000, -0.7071067811865473500, 0.7071067811865477900 ) ) ;
#3791 = CARTESIAN_POINT ( 'NONE',  ( -0.7500000000000000000, -3.349999999999999600, 0.3999999999999984700 ) ) ;
#3792 = DIRECTION ( 'NONE',  ( 0.0000000000000000000, -1.000000000000000000, -8.340016711426957800E-017 ) ) ;
#3793 = DIRECTION ( 'NONE',  ( 0.0000000000000000000, -8.340016711426957800E-017, 1.000000000000000000 ) ) ;
#3794 = CARTESIAN_POINT ( 'NONE',  ( -0.7500000000000000000, 1.849999999999999600, 2.349999999999998300 ) ) ;
#3795 = AXIS2_PLACEMENT_3D ( 'NONE', #3794, #3793, #3792 ) ;
#3796 = PLANE ( 'NONE',  #3795 ) ;
#3797 =( GEOMETRIC_REPRESENTATION_CONTEXT ( 3 ) GLOBAL_UNCERTAINTY_ASSIGNED_CONTEXT ( ( #3798 ) ) GLOBAL_UNIT_ASSIGNED_CONTEXT ( ( #3801, #3800, #3799 ) ) REPRESENTATION_CONTEXT ( 'NONE', 'WORKASPACE' ) );
#3798 = UNCERTAINTY_MEASURE_WITH_UNIT (LENGTH_MEASURE( 1.000000000000000100E-005 ), #3801, 'distance_accuracy_value', 'NONE');
#3799 =( NAMED_UNIT ( * ) SI_UNIT ( $, .STERADIAN. ) SOLID_ANGLE_UNIT ( ) );
#3800 =( NAMED_UNIT ( * ) PLANE_ANGLE_UNIT ( ) SI_UNIT ( $, .RADIAN. ) );
#3801 =( LENGTH_UNIT ( ) NAMED_UNIT ( * ) SI_UNIT ( .MILLI., .METRE. ) );
#3802 = MECHANICAL_DESIGN_GEOMETRIC_PRESENTATION_REPRESENTATION (  '', ( #3804 ), #3797 ) ;
#3803 = PRESENTATION_LAYER_ASSIGNMENT (  '', '', ( #3804 ) ) ;
#3804 = STYLED_ITEM ( 'NONE', ( #3805 ), #595 ) ;
#3805 = PRESENTATION_STYLE_ASSIGNMENT (( #3806 ) ) ;
#3806 = SURFACE_STYLE_USAGE ( .BOTH. , #3807 ) ;
#3807 = SURFACE_SIDE_STYLE ('',( #3808 ) ) ;
#3808 = SURFACE_STYLE_FILL_AREA ( #3809 ) ;
#3809 = FILL_AREA_STYLE ('',( #3816 ) ) ;
#3810 = COLOUR_RGB ( '',0.7529411764705882200, 0.7529411764705882200, 0.7529411764705882200 ) ;
#3811 = FACE_OUTER_BOUND ( 'NONE', #596, .T. ) ;
#3812 = DIRECTION ( 'NONE',  ( -1.000000000000000000, 0.0000000000000000000, 0.0000000000000000000 ) ) ;
#3813 = DIRECTION ( 'NONE',  ( 0.0000000000000000000, 0.0000000000000000000, -1.000000000000000000 ) ) ;
#3814 = CARTESIAN_POINT ( 'NONE',  ( -0.7500000000000000000, -4.150000000000000400, 2.849999999999998300 ) ) ;
#3815 = AXIS2_PLACEMENT_3D ( 'NONE', #3814, #3813, #3812 ) ;
#3816 = FILL_AREA_STYLE_COLOUR ( '', #3810 ) ;
#3817 = PLANE ( 'NONE',  #3815 ) ;
#3818 =( GEOMETRIC_REPRESENTATION_CONTEXT ( 3 ) GLOBAL_UNCERTAINTY_ASSIGNED_CONTEXT ( ( #3760 ) ) GLOBAL_UNIT_ASSIGNED_CONTEXT ( ( #3763, #3762, #3761 ) ) REPRESENTATION_CONTEXT ( 'NONE', 'WORKASPACE' ) );
#3819 = AXIS2_PLACEMENT_3D ( 'NONE', #3872, #3871, #3870 ) ;
#3820 = PLANE ( 'NONE',  #3819 ) ;
#3821 =( GEOMETRIC_REPRESENTATION_CONTEXT ( 3 ) GLOBAL_UNCERTAINTY_ASSIGNED_CONTEXT ( ( #3822 ) ) GLOBAL_UNIT_ASSIGNED_CONTEXT ( ( #3825, #3824, #3823 ) ) REPRESENTATION_CONTEXT ( 'NONE', 'WORKASPACE' ) );
#3822 = UNCERTAINTY_MEASURE_WITH_UNIT (LENGTH_MEASURE( 1.000000000000000100E-005 ), #3825, 'distance_accuracy_value', 'NONE');
#3823 =( NAMED_UNIT ( * ) SI_UNIT ( $, .STERADIAN. ) SOLID_ANGLE_UNIT ( ) );
#3824 =( NAMED_UNIT ( * ) PLANE_ANGLE_UNIT ( ) SI_UNIT ( $, .RADIAN. ) );
#3825 =( LENGTH_UNIT ( ) NAMED_UNIT ( * ) SI_UNIT ( .MILLI., .METRE. ) );
#3826 = MECHANICAL_DESIGN_GEOMETRIC_PRESENTATION_REPRESENTATION (  '', ( #3828 ), #3821 ) ;
#3827 = PRESENTATION_LAYER_ASSIGNMENT (  '', '', ( #3828 ) ) ;
#3828 = STYLED_ITEM ( 'NONE', ( #3829 ), #605 ) ;
#3829 = PRESENTATION_STYLE_ASSIGNMENT (( #3830 ) ) ;
#3830 = SURFACE_STYLE_USAGE ( .BOTH. , #3831 ) ;
#3831 = SURFACE_SIDE_STYLE ('',( #3832 ) ) ;
#3832 = SURFACE_STYLE_FILL_AREA ( #3833 ) ;
#3833 = FILL_AREA_STYLE ('',( #3840 ) ) ;
#3834 = COLOUR_RGB ( '',0.7529411764705882200, 0.7529411764705882200, 0.7529411764705882200 ) ;
#3835 = FACE_OUTER_BOUND ( 'NONE', #606, .T. ) ;
#3836 = DIRECTION ( 'NONE',  ( 0.0000000000000000000, 1.000000000000000000, 8.340016711426957800E-017 ) ) ;
#3837 = VECTOR ( 'NONE', #3836, 1000.000000000000000 ) ;
#3838 = CARTESIAN_POINT ( 'NONE',  ( -1.250000000000000000, 1.849999999999999600, 2.349999999999998300 ) ) ;
#3839 = LINE ( 'NONE', #3838, #3837 ) ;
#3840 = FILL_AREA_STYLE_COLOUR ( '', #3834 ) ;
#3841 = DIRECTION ( 'NONE',  ( 0.0000000000000000000, -1.000000000000000000, 0.0000000000000000000 ) ) ;
#3842 = VECTOR ( 'NONE', #3841, 1000.000000000000000 ) ;
#3843 = CARTESIAN_POINT ( 'NONE',  ( -1.250000000000000000, -4.150000000000000400, 2.849999999999998300 ) ) ;
#3844 = LINE ( 'NONE', #3843, #3842 ) ;
#3845 = PLANE ( 'NONE',  #3905 ) ;
#3846 =( GEOMETRIC_REPRESENTATION_CONTEXT ( 3 ) GLOBAL_UNCERTAINTY_ASSIGNED_CONTEXT ( ( #3847 ) ) GLOBAL_UNIT_ASSIGNED_CONTEXT ( ( #3850, #3849, #3848 ) ) REPRESENTATION_CONTEXT ( 'NONE', 'WORKASPACE' ) );
#3847 = UNCERTAINTY_MEASURE_WITH_UNIT (LENGTH_MEASURE( 1.000000000000000100E-005 ), #3850, 'distance_accuracy_value', 'NONE');
#3848 =( NAMED_UNIT ( * ) SI_UNIT ( $, .STERADIAN. ) SOLID_ANGLE_UNIT ( ) );
#3849 =( NAMED_UNIT ( * ) PLANE_ANGLE_UNIT ( ) SI_UNIT ( $, .RADIAN. ) );
#3850 =( LENGTH_UNIT ( ) NAMED_UNIT ( * ) SI_UNIT ( .MILLI., .METRE. ) );
#3851 = MECHANICAL_DESIGN_GEOMETRIC_PRESENTATION_REPRESENTATION (  '', ( #3853 ), #3846 ) ;
#3852 = PRESENTATION_LAYER_ASSIGNMENT (  '', '', ( #3853 ) ) ;
#3853 = STYLED_ITEM ( 'NONE', ( #3854 ), #612 ) ;
#3854 = PRESENTATION_STYLE_ASSIGNMENT (( #3855 ) ) ;
#3855 = SURFACE_STYLE_USAGE ( .BOTH. , #3856 ) ;
#3856 = SURFACE_SIDE_STYLE ('',( #3857 ) ) ;
#3857 = SURFACE_STYLE_FILL_AREA ( #3858 ) ;
#3858 = FILL_AREA_STYLE ('',( #3865 ) ) ;
#3859 = COLOUR_RGB ( '',0.7529411764705882200, 0.7529411764705882200, 0.7529411764705882200 ) ;
#3860 = FACE_OUTER_BOUND ( 'NONE', #533, .T. ) ;
#3861 = DIRECTION ( 'NONE',  ( 0.0000000000000000000, 1.000000000000000000, 8.340016711426957800E-017 ) ) ;
#3862 = VECTOR ( 'NONE', #3861, 1000.000000000000000 ) ;
#3863 = CARTESIAN_POINT ( 'NONE',  ( -0.7500000000000000000, 1.849999999999999600, 2.349999999999998300 ) ) ;
#3864 = LINE ( 'NONE', #3863, #3862 ) ;
#3865 = FILL_AREA_STYLE_COLOUR ( '', #3859 ) ;
#3866 = DIRECTION ( 'NONE',  ( 0.0000000000000000000, -1.000000000000000000, 0.0000000000000000000 ) ) ;
#3867 = VECTOR ( 'NONE', #3866, 1000.000000000000000 ) ;
#3868 = CARTESIAN_POINT ( 'NONE',  ( -0.7500000000000000000, -4.150000000000000400, 2.849999999999998300 ) ) ;
#3869 = LINE ( 'NONE', #3868, #3867 ) ;
#3870 = DIRECTION ( 'NONE',  ( 0.0000000000000000000, 0.0000000000000000000, -1.000000000000000000 ) ) ;
#3871 = DIRECTION ( 'NONE',  ( 1.000000000000000000, 0.0000000000000000000, 0.0000000000000000000 ) ) ;
#3872 = CARTESIAN_POINT ( 'NONE',  ( -0.7500000000000000000, -4.150000000000000400, 2.849999999999998300 ) ) ;
#3873 = UNCERTAINTY_MEASURE_WITH_UNIT (LENGTH_MEASURE( 1.000000000000000100E-005 ), #3876, 'distance_accuracy_value', 'NONE');
#3874 =( NAMED_UNIT ( * ) SI_UNIT ( $, .STERADIAN. ) SOLID_ANGLE_UNIT ( ) );
#3875 =( NAMED_UNIT ( * ) PLANE_ANGLE_UNIT ( ) SI_UNIT ( $, .RADIAN. ) );
#3876 =( LENGTH_UNIT ( ) NAMED_UNIT ( * ) SI_UNIT ( .MILLI., .METRE. ) );
#3877 = MECHANICAL_DESIGN_GEOMETRIC_PRESENTATION_REPRESENTATION (  '', ( #3879 ), #3937 ) ;
#3878 = PRESENTATION_LAYER_ASSIGNMENT (  '', '', ( #3879 ) ) ;
#3879 = STYLED_ITEM ( 'NONE', ( #3880 ), #621 ) ;
#3880 = PRESENTATION_STYLE_ASSIGNMENT (( #3881 ) ) ;
#3881 = SURFACE_STYLE_USAGE ( .BOTH. , #3882 ) ;
#3882 = SURFACE_SIDE_STYLE ('',( #3883 ) ) ;
#3883 = SURFACE_STYLE_FILL_AREA ( #3884 ) ;
#3884 = FILL_AREA_STYLE ('',( #3891 ) ) ;
#3885 = COLOUR_RGB ( '',0.7529411764705882200, 0.7529411764705882200, 0.7529411764705882200 ) ;
#3886 = FACE_OUTER_BOUND ( 'NONE', #622, .T. ) ;
#3887 = DIRECTION ( 'NONE',  ( 0.0000000000000000000, 0.0000000000000000000, -1.000000000000000000 ) ) ;
#3888 = VECTOR ( 'NONE', #3887, 1000.000000000000000 ) ;
#3889 = CARTESIAN_POINT ( 'NONE',  ( -1.250000000000000000, -5.549999999999999800, 0.4999999999999980600 ) ) ;
#3890 = LINE ( 'NONE', #3889, #3888 ) ;
#3891 = FILL_AREA_STYLE_COLOUR ( '', #3885 ) ;
#3892 = CARTESIAN_POINT ( 'NONE',  ( -1.250000000000000000, -5.549999999999999800, -0.1000000000000018900 ) ) ;
#3893 = DIRECTION ( 'NONE',  ( 0.0000000000000000000, 1.000000000000000000, 1.514694211560631100E-016 ) ) ;
#3894 = VECTOR ( 'NONE', #3893, 1000.000000000000000 ) ;
#3895 = CARTESIAN_POINT ( 'NONE',  ( -1.250000000000000000, -3.850000000000000100, -0.1000000000000016300 ) ) ;
#3896 = LINE ( 'NONE', #3895, #3894 ) ;
#3897 = CARTESIAN_POINT ( 'NONE',  ( -2.750000000000000400, 1.849999999999999600, 2.849999999999998300 ) ) ;
#3898 = DIRECTION ( 'NONE',  ( -1.000000000000000000, 0.0000000000000000000, 0.0000000000000000000 ) ) ;
#3899 = VECTOR ( 'NONE', #3898, 1000.000000000000000 ) ;
#3900 = CARTESIAN_POINT ( 'NONE',  ( -2.750000000000000400, 1.849999999999999600, 2.849999999999998300 ) ) ;
#3901 = LINE ( 'NONE', #3900, #3899 ) ;
#3902 = DIRECTION ( 'NONE',  ( 0.0000000000000000000, 0.0000000000000000000, -1.000000000000000000 ) ) ;
#3903 = DIRECTION ( 'NONE',  ( 0.0000000000000000000, -1.000000000000000000, 0.0000000000000000000 ) ) ;
#3904 = CARTESIAN_POINT ( 'NONE',  ( -0.7500000000000000000, 1.849999999999999600, 2.849999999999998300 ) ) ;
#3905 = AXIS2_PLACEMENT_3D ( 'NONE', #3904, #3903, #3902 ) ;
#3906 =( NAMED_UNIT ( * ) PLANE_ANGLE_UNIT ( ) SI_UNIT ( $, .RADIAN. ) );
#3907 =( LENGTH_UNIT ( ) NAMED_UNIT ( * ) SI_UNIT ( .MILLI., .METRE. ) );
#3908 = MECHANICAL_DESIGN_GEOMETRIC_PRESENTATION_REPRESENTATION (  '', ( #3910 ), #3959 ) ;
#3909 = PRESENTATION_LAYER_ASSIGNMENT (  '', '', ( #3910 ) ) ;
#3910 = STYLED_ITEM ( 'NONE', ( #3911 ), #635 ) ;
#3911 = PRESENTATION_STYLE_ASSIGNMENT (( #3912 ) ) ;
#3912 = SURFACE_STYLE_USAGE ( .BOTH. , #3913 ) ;
#3913 = SURFACE_SIDE_STYLE ('',( #3914 ) ) ;
#3914 = SURFACE_STYLE_FILL_AREA ( #3915 ) ;
#3915 = FILL_AREA_STYLE ('',( #3922 ) ) ;
#3916 = COLOUR_RGB ( '',0.7529411764705882200, 0.7529411764705882200, 0.7529411764705882200 ) ;
#3917 = FACE_OUTER_BOUND ( 'NONE', #636, .T. ) ;
#3918 = DIRECTION ( 'NONE',  ( 0.0000000000000000000, 1.000000000000000000, 1.514694211560631100E-016 ) ) ;
#3919 = VECTOR ( 'NONE', #3918, 1000.000000000000000 ) ;
#3920 = CARTESIAN_POINT ( 'NONE',  ( -0.7500000000000000000, -3.850000000000000100, -0.1000000000000016300 ) ) ;
#3921 = LINE ( 'NONE', #3920, #3919 ) ;
#3922 = FILL_AREA_STYLE_COLOUR ( '', #3916 ) ;
#3923 = CARTESIAN_POINT ( 'NONE',  ( -0.7500000000000000000, -5.549999999999999800, -0.1000000000000018900 ) ) ;
#3924 = DIRECTION ( 'NONE',  ( 0.0000000000000000000, 0.0000000000000000000, -1.000000000000000000 ) ) ;
#3925 = VECTOR ( 'NONE', #3924, 1000.000000000000000 ) ;
#3926 = CARTESIAN_POINT ( 'NONE',  ( -0.7500000000000000000, -5.549999999999999800, 0.4999999999999980600 ) ) ;
#3927 = LINE ( 'NONE', #3926, #3925 ) ;
#3928 = DIRECTION ( 'NONE',  ( -1.000000000000000000, 0.0000000000000000000, 0.0000000000000000000 ) ) ;
#3929 = VECTOR ( 'NONE', #3928, 1000.000000000000000 ) ;
#3930 = CARTESIAN_POINT ( 'NONE',  ( -0.7500000000000000000, -5.549999999999999800, -0.1000000000000018900 ) ) ;
#3931 = LINE ( 'NONE', #3930, #3929 ) ;
#3932 = DIRECTION ( 'NONE',  ( 0.0000000000000000000, 0.0000000000000000000, 1.000000000000000000 ) ) ;
#3933 = DIRECTION ( 'NONE',  ( 0.0000000000000000000, 1.000000000000000000, 0.0000000000000000000 ) ) ;
#3934 = CARTESIAN_POINT ( 'NONE',  ( -0.7500000000000000000, -5.549999999999999800, 0.4999999999999980600 ) ) ;
#3935 = AXIS2_PLACEMENT_3D ( 'NONE', #3934, #3933, #3932 ) ;
#3936 = PLANE ( 'NONE',  #3935 ) ;
#3937 =( GEOMETRIC_REPRESENTATION_CONTEXT ( 3 ) GLOBAL_UNCERTAINTY_ASSIGNED_CONTEXT ( ( #3873 ) ) GLOBAL_UNIT_ASSIGNED_CONTEXT ( ( #3876, #3875, #3874 ) ) REPRESENTATION_CONTEXT ( 'NONE', 'WORKASPACE' ) );
#3938 =( GEOMETRIC_REPRESENTATION_CONTEXT ( 3 ) GLOBAL_UNCERTAINTY_ASSIGNED_CONTEXT ( ( #3939 ) ) GLOBAL_UNIT_ASSIGNED_CONTEXT ( ( #3942, #3941, #3940 ) ) REPRESENTATION_CONTEXT ( 'NONE', 'WORKASPACE' ) );
#3939 = UNCERTAINTY_MEASURE_WITH_UNIT (LENGTH_MEASURE( 1.000000000000000100E-005 ), #3942, 'distance_accuracy_value', 'NONE');
#3940 =( NAMED_UNIT ( * ) SI_UNIT ( $, .STERADIAN. ) SOLID_ANGLE_UNIT ( ) );
#3941 =( NAMED_UNIT ( * ) PLANE_ANGLE_UNIT ( ) SI_UNIT ( $, .RADIAN. ) );
#3942 =( LENGTH_UNIT ( ) NAMED_UNIT ( * ) SI_UNIT ( .MILLI., .METRE. ) );
#3943 = MECHANICAL_DESIGN_GEOMETRIC_PRESENTATION_REPRESENTATION (  '', ( #3945 ), #3938 ) ;
#3944 = PRESENTATION_LAYER_ASSIGNMENT (  '', '', ( #3945 ) ) ;
#3945 = STYLED_ITEM ( 'NONE', ( #3946 ), #640 ) ;
#3946 = PRESENTATION_STYLE_ASSIGNMENT (( #3947 ) ) ;
#3947 = SURFACE_STYLE_USAGE ( .BOTH. , #3948 ) ;
#3948 = SURFACE_SIDE_STYLE ('',( #3949 ) ) ;
#3949 = SURFACE_STYLE_FILL_AREA ( #3950 ) ;
#3950 = FILL_AREA_STYLE ('',( #3957 ) ) ;
#3951 = COLOUR_RGB ( '',0.7529411764705882200, 0.7529411764705882200, 0.7529411764705882200 ) ;
#3952 = FACE_OUTER_BOUND ( 'NONE', #641, .T. ) ;
#3953 = DIRECTION ( 'NONE',  ( 0.0000000000000000000, 0.0000000000000000000, -1.000000000000000000 ) ) ;
#3954 = DIRECTION ( 'NONE',  ( 1.000000000000000000, 0.0000000000000000000, 0.0000000000000000000 ) ) ;
#3955 = CARTESIAN_POINT ( 'NONE',  ( -1.250000000000000000, -4.150000000000000400, 2.849999999999998300 ) ) ;
#3956 = AXIS2_PLACEMENT_3D ( 'NONE', #3955, #3954, #3953 ) ;
#3957 = FILL_AREA_STYLE_COLOUR ( '', #3951 ) ;
#3958 = PLANE ( 'NONE',  #3956 ) ;
#3959 =( GEOMETRIC_REPRESENTATION_CONTEXT ( 3 ) GLOBAL_UNCERTAINTY_ASSIGNED_CONTEXT ( ( #3960 ) ) GLOBAL_UNIT_ASSIGNED_CONTEXT ( ( #3907, #3906, #3961 ) ) REPRESENTATION_CONTEXT ( 'NONE', 'WORKASPACE' ) );
#3960 = UNCERTAINTY_MEASURE_WITH_UNIT (LENGTH_MEASURE( 1.000000000000000100E-005 ), #3907, 'distance_accuracy_value', 'NONE');
#3961 =( NAMED_UNIT ( * ) SI_UNIT ( $, .STERADIAN. ) SOLID_ANGLE_UNIT ( ) );
#3962 =( NAMED_UNIT ( * ) PLANE_ANGLE_UNIT ( ) SI_UNIT ( $, .RADIAN. ) );
#3963 =( LENGTH_UNIT ( ) NAMED_UNIT ( * ) SI_UNIT ( .MILLI., .METRE. ) );
#3964 = MECHANICAL_DESIGN_GEOMETRIC_PRESENTATION_REPRESENTATION (  '', ( #3966 ), #4020 ) ;
#3965 = PRESENTATION_LAYER_ASSIGNMENT (  '', '', ( #3966 ) ) ;
#3966 = STYLED_ITEM ( 'NONE', ( #3967 ), #651 ) ;
#3967 = PRESENTATION_STYLE_ASSIGNMENT (( #3968 ) ) ;
#3968 = SURFACE_STYLE_USAGE ( .BOTH. , #3969 ) ;
#3969 = SURFACE_SIDE_STYLE ('',( #3970 ) ) ;
#3970 = SURFACE_STYLE_FILL_AREA ( #3971 ) ;
#3971 = FILL_AREA_STYLE ('',( #3978 ) ) ;
#3972 = COLOUR_RGB ( '',0.7529411764705882200, 0.7529411764705882200, 0.7529411764705882200 ) ;
#3973 = FACE_OUTER_BOUND ( 'NONE', #652, .T. ) ;
#3974 = DIRECTION ( 'NONE',  ( -1.000000000000000000, 0.0000000000000000000, 0.0000000000000000000 ) ) ;
#3975 = VECTOR ( 'NONE', #3974, 1000.000000000000000 ) ;
#3976 = CARTESIAN_POINT ( 'NONE',  ( -0.7500000000000000000, -5.549999999999999800, 0.4999999999999980600 ) ) ;
#3977 = LINE ( 'NONE', #3976, #3975 ) ;
#3978 = FILL_AREA_STYLE_COLOUR ( '', #3972 ) ;
#3979 = CARTESIAN_POINT ( 'NONE',  ( -1.250000000000000000, -5.549999999999999800, 0.4999999999999980600 ) ) ;
#3980 = DIRECTION ( 'NONE',  ( 0.0000000000000000000, -1.000000000000000000, -1.548860246407863300E-016 ) ) ;
#3981 = VECTOR ( 'NONE', #3980, 1000.000000000000000 ) ;
#3982 = CARTESIAN_POINT ( 'NONE',  ( -1.250000000000000000, -4.150000000000000400, 0.4999999999999982800 ) ) ;
#3983 = LINE ( 'NONE', #3982, #3981 ) ;
#3984 = CARTESIAN_POINT ( 'NONE',  ( -0.7500000000000000000, -5.549999999999999800, 0.4999999999999980600 ) ) ;
#3985 = DIRECTION ( 'NONE',  ( 0.0000000000000000000, -1.000000000000000000, -1.548860246407863300E-016 ) ) ;
#3986 = VECTOR ( 'NONE', #3985, 1000.000000000000000 ) ;
#3987 = CARTESIAN_POINT ( 'NONE',  ( -0.7500000000000000000, -4.150000000000000400, 0.4999999999999982800 ) ) ;
#3988 = LINE ( 'NONE', #3987, #3986 ) ;
#3989 = DIRECTION ( 'NONE',  ( 0.0000000000000000000, 1.000000000000000000, 1.548860246407863300E-016 ) ) ;
#3990 = DIRECTION ( 'NONE',  ( 0.0000000000000000000, 1.548860246407863300E-016, -1.000000000000000000 ) ) ;
#3991 = CARTESIAN_POINT ( 'NONE',  ( -0.7500000000000000000, -4.150000000000000400, 0.4999999999999982800 ) ) ;
#3992 = AXIS2_PLACEMENT_3D ( 'NONE', #3991, #3990, #3989 ) ;
#3993 = PLANE ( 'NONE',  #3992 ) ;
#3994 =( NAMED_UNIT ( * ) PLANE_ANGLE_UNIT ( ) SI_UNIT ( $, .RADIAN. ) );
#3995 =( LENGTH_UNIT ( ) NAMED_UNIT ( * ) SI_UNIT ( .MILLI., .METRE. ) );
#3996 = MECHANICAL_DESIGN_GEOMETRIC_PRESENTATION_REPRESENTATION (  '', ( #3998 ), #4049 ) ;
#3997 = PRESENTATION_LAYER_ASSIGNMENT (  '', '', ( #3998 ) ) ;
#3998 = STYLED_ITEM ( 'NONE', ( #3999 ), #656 ) ;
#3999 = PRESENTATION_STYLE_ASSIGNMENT (( #4000 ) ) ;
#4000 = SURFACE_STYLE_USAGE ( .BOTH. , #4001 ) ;
#4001 = SURFACE_SIDE_STYLE ('',( #4002 ) ) ;
#4002 = SURFACE_STYLE_FILL_AREA ( #4003 ) ;
#4003 = FILL_AREA_STYLE ('',( #4010 ) ) ;
#4004 = COLOUR_RGB ( '',0.7529411764705882200, 0.7529411764705882200, 0.7529411764705882200 ) ;
#4005 = FACE_OUTER_BOUND ( 'NONE', #657, .T. ) ;
#4006 = DIRECTION ( 'NONE',  ( 0.0000000000000000000, 1.000000000000000000, 8.340016711426957800E-017 ) ) ;
#4007 = VECTOR ( 'NONE', #4006, 1000.000000000000000 ) ;
#4008 = CARTESIAN_POINT ( 'NONE',  ( -3.250000000000000400, 1.849999999999999600, 2.349999999999998300 ) ) ;
#4009 = LINE ( 'NONE', #4008, #4007 ) ;
#4010 = FILL_AREA_STYLE_COLOUR ( '', #4004 ) ;
#4011 = DIRECTION ( 'NONE',  ( 0.0000000000000000000, 0.7071067811865476800, 0.7071067811865472400 ) ) ;
#4012 = VECTOR ( 'NONE', #4011, 1000.000000000000100 ) ;
#4013 = CARTESIAN_POINT ( 'NONE',  ( -3.250000000000000400, -3.349999999999999600, 0.3999999999999984700 ) ) ;
#4014 = LINE ( 'NONE', #4013, #4012 ) ;
#4015 = DIRECTION ( 'NONE',  ( 0.0000000000000000000, 0.0000000000000000000, -1.000000000000000000 ) ) ;
#4016 = DIRECTION ( 'NONE',  ( 1.000000000000000000, 0.0000000000000000000, 0.0000000000000000000 ) ) ;
#4017 = CARTESIAN_POINT ( 'NONE',  ( -0.7500000000000000000, -4.150000000000000400, 2.849999999999998300 ) ) ;
#4018 = AXIS2_PLACEMENT_3D ( 'NONE', #4017, #4016, #4015 ) ;
#4019 = PLANE ( 'NONE',  #4018 ) ;
#4020 =( GEOMETRIC_REPRESENTATION_CONTEXT ( 3 ) GLOBAL_UNCERTAINTY_ASSIGNED_CONTEXT ( ( #4021 ) ) GLOBAL_UNIT_ASSIGNED_CONTEXT ( ( #3963, #3962, #4022 ) ) REPRESENTATION_CONTEXT ( 'NONE', 'WORKASPACE' ) );
#4021 = UNCERTAINTY_MEASURE_WITH_UNIT (LENGTH_MEASURE( 1.000000000000000100E-005 ), #3963, 'distance_accuracy_value', 'NONE');
#4022 =( NAMED_UNIT ( * ) SI_UNIT ( $, .STERADIAN. ) SOLID_ANGLE_UNIT ( ) );
#4023 =( NAMED_UNIT ( * ) PLANE_ANGLE_UNIT ( ) SI_UNIT ( $, .RADIAN. ) );
#4024 =( LENGTH_UNIT ( ) NAMED_UNIT ( * ) SI_UNIT ( .MILLI., .METRE. ) );
#4025 = MECHANICAL_DESIGN_GEOMETRIC_PRESENTATION_REPRESENTATION (  '', ( #4027 ), #4078 ) ;
#4026 = PRESENTATION_LAYER_ASSIGNMENT (  '', '', ( #4027 ) ) ;
#4027 = STYLED_ITEM ( 'NONE', ( #4028 ), #664 ) ;
#4028 = PRESENTATION_STYLE_ASSIGNMENT (( #4029 ) ) ;
#4029 = SURFACE_STYLE_USAGE ( .BOTH. , #4030 ) ;
#4030 = SURFACE_SIDE_STYLE ('',( #4031 ) ) ;
#4031 = SURFACE_STYLE_FILL_AREA ( #4032 ) ;
#4032 = FILL_AREA_STYLE ('',( #4039 ) ) ;
#4033 = COLOUR_RGB ( '',0.7529411764705882200, 0.7529411764705882200, 0.7529411764705882200 ) ;
#4034 = FACE_OUTER_BOUND ( 'NONE', #665, .T. ) ;
#4035 = DIRECTION ( 'NONE',  ( 0.0000000000000000000, 1.000000000000000000, 8.340016711426957800E-017 ) ) ;
#4036 = VECTOR ( 'NONE', #4035, 1000.000000000000000 ) ;
#4037 = CARTESIAN_POINT ( 'NONE',  ( -2.750000000000000400, 1.849999999999999600, 2.349999999999998300 ) ) ;
#4038 = LINE ( 'NONE', #4037, #4036 ) ;
#4039 = FILL_AREA_STYLE_COLOUR ( '', #4033 ) ;
#4040 = DIRECTION ( 'NONE',  ( 0.0000000000000000000, -1.000000000000000000, 0.0000000000000000000 ) ) ;
#4041 = VECTOR ( 'NONE', #4040, 1000.000000000000000 ) ;
#4042 = CARTESIAN_POINT ( 'NONE',  ( -2.750000000000000400, -4.150000000000000400, 2.849999999999998300 ) ) ;
#4043 = LINE ( 'NONE', #4042, #4041 ) ;
#4044 = DIRECTION ( 'NONE',  ( 0.0000000000000000000, 0.0000000000000000000, -1.000000000000000000 ) ) ;
#4045 = DIRECTION ( 'NONE',  ( 1.000000000000000000, 0.0000000000000000000, 0.0000000000000000000 ) ) ;
#4046 = CARTESIAN_POINT ( 'NONE',  ( -2.750000000000000400, -4.150000000000000400, 2.849999999999998300 ) ) ;
#4047 = AXIS2_PLACEMENT_3D ( 'NONE', #4046, #4045, #4044 ) ;
#4048 = PLANE ( 'NONE',  #4047 ) ;
#4049 =( GEOMETRIC_REPRESENTATION_CONTEXT ( 3 ) GLOBAL_UNCERTAINTY_ASSIGNED_CONTEXT ( ( #4050 ) ) GLOBAL_UNIT_ASSIGNED_CONTEXT ( ( #3995, #3994, #4051 ) ) REPRESENTATION_CONTEXT ( 'NONE', 'WORKASPACE' ) );
#4050 = UNCERTAINTY_MEASURE_WITH_UNIT (LENGTH_MEASURE( 1.000000000000000100E-005 ), #3995, 'distance_accuracy_value', 'NONE');
#4051 =( NAMED_UNIT ( * ) SI_UNIT ( $, .STERADIAN. ) SOLID_ANGLE_UNIT ( ) );
#4052 =( LENGTH_UNIT ( ) NAMED_UNIT ( * ) SI_UNIT ( .MILLI., .METRE. ) );
#4053 = MECHANICAL_DESIGN_GEOMETRIC_PRESENTATION_REPRESENTATION (  '', ( #4055 ), #4104 ) ;
#4054 = PRESENTATION_LAYER_ASSIGNMENT (  '', '', ( #4055 ) ) ;
#4055 = STYLED_ITEM ( 'NONE', ( #4056 ), #673 ) ;
#4056 = PRESENTATION_STYLE_ASSIGNMENT (( #4057 ) ) ;
#4057 = SURFACE_STYLE_USAGE ( .BOTH. , #4058 ) ;
#4058 = SURFACE_SIDE_STYLE ('',( #4059 ) ) ;
#4059 = SURFACE_STYLE_FILL_AREA ( #4060 ) ;
#4060 = FILL_AREA_STYLE ('',( #4067 ) ) ;
#4061 = COLOUR_RGB ( '',0.7529411764705882200, 0.7529411764705882200, 0.7529411764705882200 ) ;
#4062 = FACE_OUTER_BOUND ( 'NONE', #674, .T. ) ;
#4063 = DIRECTION ( 'NONE',  ( -1.000000000000000000, 0.0000000000000000000, 0.0000000000000000000 ) ) ;
#4064 = VECTOR ( 'NONE', #4063, 1000.000000000000000 ) ;
#4065 = CARTESIAN_POINT ( 'NONE',  ( -2.750000000000000400, 1.849999999999999600, 2.349999999999998300 ) ) ;
#4066 = LINE ( 'NONE', #4065, #4064 ) ;
#4067 = FILL_AREA_STYLE_COLOUR ( '', #4061 ) ;
#4068 = CARTESIAN_POINT ( 'NONE',  ( -2.750000000000000400, 1.849999999999999600, 2.349999999999998300 ) ) ;
#4069 = DIRECTION ( 'NONE',  ( 0.0000000000000000000, 0.0000000000000000000, 1.000000000000000000 ) ) ;
#4070 = VECTOR ( 'NONE', #4069, 1000.000000000000000 ) ;
#4071 = CARTESIAN_POINT ( 'NONE',  ( -2.750000000000000400, 1.849999999999999600, 2.849999999999998300 ) ) ;
#4072 = LINE ( 'NONE', #4071, #4070 ) ;
#4073 = DIRECTION ( 'NONE',  ( -1.000000000000000000, 0.0000000000000000000, 0.0000000000000000000 ) ) ;
#4074 = DIRECTION ( 'NONE',  ( 0.0000000000000000000, 0.0000000000000000000, -1.000000000000000000 ) ) ;
#4075 = CARTESIAN_POINT ( 'NONE',  ( -2.750000000000000400, -4.150000000000000400, 2.849999999999998300 ) ) ;
#4076 = AXIS2_PLACEMENT_3D ( 'NONE', #4075, #4074, #4073 ) ;
#4077 = PLANE ( 'NONE',  #4076 ) ;
#4078 =( GEOMETRIC_REPRESENTATION_CONTEXT ( 3 ) GLOBAL_UNCERTAINTY_ASSIGNED_CONTEXT ( ( #4079 ) ) GLOBAL_UNIT_ASSIGNED_CONTEXT ( ( #4024, #4023, #4080 ) ) REPRESENTATION_CONTEXT ( 'NONE', 'WORKASPACE' ) );
#4079 = UNCERTAINTY_MEASURE_WITH_UNIT (LENGTH_MEASURE( 1.000000000000000100E-005 ), #4024, 'distance_accuracy_value', 'NONE');
#4080 =( NAMED_UNIT ( * ) SI_UNIT ( $, .STERADIAN. ) SOLID_ANGLE_UNIT ( ) );
#4081 =( NAMED_UNIT ( * ) SI_UNIT ( $, .STERADIAN. ) SOLID_ANGLE_UNIT ( ) );
#4082 =( NAMED_UNIT ( * ) PLANE_ANGLE_UNIT ( ) SI_UNIT ( $, .RADIAN. ) );
#4083 =( LENGTH_UNIT ( ) NAMED_UNIT ( * ) SI_UNIT ( .MILLI., .METRE. ) );
#4084 = MECHANICAL_DESIGN_GEOMETRIC_PRESENTATION_REPRESENTATION (  '', ( #4086 ), #4129 ) ;
#4085 = PRESENTATION_LAYER_ASSIGNMENT (  '', '', ( #4086 ) ) ;
#4086 = STYLED_ITEM ( 'NONE', ( #4087 ), #679 ) ;
#4087 = PRESENTATION_STYLE_ASSIGNMENT (( #4088 ) ) ;
#4088 = SURFACE_STYLE_USAGE ( .BOTH. , #4089 ) ;
#4089 = SURFACE_SIDE_STYLE ('',( #4090 ) ) ;
#4090 = SURFACE_STYLE_FILL_AREA ( #4091 ) ;
#4091 = FILL_AREA_STYLE ('',( #4098 ) ) ;
#4092 = COLOUR_RGB ( '',0.7529411764705882200, 0.7529411764705882200, 0.7529411764705882200 ) ;
#4093 = FACE_OUTER_BOUND ( 'NONE', #680, .T. ) ;
#4094 = DIRECTION ( 'NONE',  ( 0.0000000000000000000, -1.000000000000000000, 0.0000000000000000000 ) ) ;
#4095 = VECTOR ( 'NONE', #4094, 1000.000000000000000 ) ;
#4096 = CARTESIAN_POINT ( 'NONE',  ( -3.250000000000000400, -4.150000000000000400, 2.849999999999998300 ) ) ;
#4097 = LINE ( 'NONE', #4096, #4095 ) ;
#4098 = FILL_AREA_STYLE_COLOUR ( '', #4092 ) ;
#4099 = DIRECTION ( 'NONE',  ( 0.0000000000000000000, 0.0000000000000000000, -1.000000000000000000 ) ) ;
#4100 = DIRECTION ( 'NONE',  ( 1.000000000000000000, 0.0000000000000000000, 0.0000000000000000000 ) ) ;
#4101 = CARTESIAN_POINT ( 'NONE',  ( -3.250000000000000400, -4.150000000000000400, 2.849999999999998300 ) ) ;
#4102 = AXIS2_PLACEMENT_3D ( 'NONE', #4101, #4100, #4099 ) ;
#4103 = PLANE ( 'NONE',  #4102 ) ;
#4104 =( GEOMETRIC_REPRESENTATION_CONTEXT ( 3 ) GLOBAL_UNCERTAINTY_ASSIGNED_CONTEXT ( ( #4105 ) ) GLOBAL_UNIT_ASSIGNED_CONTEXT ( ( #4052, #4107, #4106 ) ) REPRESENTATION_CONTEXT ( 'NONE', 'WORKASPACE' ) );
#4105 = UNCERTAINTY_MEASURE_WITH_UNIT (LENGTH_MEASURE( 1.000000000000000100E-005 ), #4052, 'distance_accuracy_value', 'NONE');
#4106 =( NAMED_UNIT ( * ) SI_UNIT ( $, .STERADIAN. ) SOLID_ANGLE_UNIT ( ) );
#4107 =( NAMED_UNIT ( * ) PLANE_ANGLE_UNIT ( ) SI_UNIT ( $, .RADIAN. ) );
#4108 =( GEOMETRIC_REPRESENTATION_CONTEXT ( 3 ) GLOBAL_UNCERTAINTY_ASSIGNED_CONTEXT ( ( #4109 ) ) GLOBAL_UNIT_ASSIGNED_CONTEXT ( ( #4112, #4111, #4110 ) ) REPRESENTATION_CONTEXT ( 'NONE', 'WORKASPACE' ) );
#4109 = UNCERTAINTY_MEASURE_WITH_UNIT (LENGTH_MEASURE( 1.000000000000000100E-005 ), #4112, 'distance_accuracy_value', 'NONE');
#4110 =( NAMED_UNIT ( * ) SI_UNIT ( $, .STERADIAN. ) SOLID_ANGLE_UNIT ( ) );
#4111 =( NAMED_UNIT ( * ) PLANE_ANGLE_UNIT ( ) SI_UNIT ( $, .RADIAN. ) );
#4112 =( LENGTH_UNIT ( ) NAMED_UNIT ( * ) SI_UNIT ( .MILLI., .METRE. ) );
#4113 = MECHANICAL_DESIGN_GEOMETRIC_PRESENTATION_REPRESENTATION (  '', ( #4115 ), #4108 ) ;
#4114 = PRESENTATION_LAYER_ASSIGNMENT (  '', '', ( #4115 ) ) ;
#4115 = STYLED_ITEM ( 'NONE', ( #4116 ), #685 ) ;
#4116 = PRESENTATION_STYLE_ASSIGNMENT (( #4117 ) ) ;
#4117 = SURFACE_STYLE_USAGE ( .BOTH. , #4118 ) ;
#4118 = SURFACE_SIDE_STYLE ('',( #4119 ) ) ;
#4119 = SURFACE_STYLE_FILL_AREA ( #4120 ) ;
#4120 = FILL_AREA_STYLE ('',( #4127 ) ) ;
#4121 = COLOUR_RGB ( '',0.7529411764705882200, 0.7529411764705882200, 0.7529411764705882200 ) ;
#4122 = FACE_OUTER_BOUND ( 'NONE', #686, .T. ) ;
#4123 = DIRECTION ( 'NONE',  ( 0.0000000000000000000, -1.000000000000000000, -1.514694211560631100E-016 ) ) ;
#4124 = DIRECTION ( 'NONE',  ( 0.0000000000000000000, -1.514694211560631100E-016, 1.000000000000000000 ) ) ;
#4125 = CARTESIAN_POINT ( 'NONE',  ( -0.7500000000000000000, -3.850000000000000100, -0.1000000000000016300 ) ) ;
#4126 = AXIS2_PLACEMENT_3D ( 'NONE', #4125, #4124, #4123 ) ;
#4127 = FILL_AREA_STYLE_COLOUR ( '', #4121 ) ;
#4128 = PLANE ( 'NONE',  #4126 ) ;
#4129 =( GEOMETRIC_REPRESENTATION_CONTEXT ( 3 ) GLOBAL_UNCERTAINTY_ASSIGNED_CONTEXT ( ( #4130 ) ) GLOBAL_UNIT_ASSIGNED_CONTEXT ( ( #4083, #4082, #4081 ) ) REPRESENTATION_CONTEXT ( 'NONE', 'WORKASPACE' ) );
#4130 = UNCERTAINTY_MEASURE_WITH_UNIT (LENGTH_MEASURE( 1.000000000000000100E-005 ), #4083, 'distance_accuracy_value', 'NONE');
#4131 =( NAMED_UNIT ( * ) SI_UNIT ( $, .STERADIAN. ) SOLID_ANGLE_UNIT ( ) );
#4132 =( NAMED_UNIT ( * ) PLANE_ANGLE_UNIT ( ) SI_UNIT ( $, .RADIAN. ) );
#4133 =( LENGTH_UNIT ( ) NAMED_UNIT ( * ) SI_UNIT ( .MILLI., .METRE. ) );
#4134 = MECHANICAL_DESIGN_GEOMETRIC_PRESENTATION_REPRESENTATION (  '', ( #4136 ), #4193 ) ;
#4135 = PRESENTATION_LAYER_ASSIGNMENT (  '', '', ( #4136 ) ) ;
#4136 = STYLED_ITEM ( 'NONE', ( #4137 ), #696 ) ;
#4137 = PRESENTATION_STYLE_ASSIGNMENT (( #4138 ) ) ;
#4138 = SURFACE_STYLE_USAGE ( .BOTH. , #4139 ) ;
#4139 = SURFACE_SIDE_STYLE ('',( #4140 ) ) ;
#4140 = SURFACE_STYLE_FILL_AREA ( #4141 ) ;
#4141 = FILL_AREA_STYLE ('',( #4148 ) ) ;
#4142 = COLOUR_RGB ( '',0.7529411764705882200, 0.7529411764705882200, 0.7529411764705882200 ) ;
#4143 = FACE_OUTER_BOUND ( 'NONE', #697, .T. ) ;
#4144 = DIRECTION ( 'NONE',  ( -1.000000000000000000, 0.0000000000000000000, 0.0000000000000000000 ) ) ;
#4145 = VECTOR ( 'NONE', #4144, 1000.000000000000000 ) ;
#4146 = CARTESIAN_POINT ( 'NONE',  ( -2.750000000000000400, -5.549999999999999800, 0.4999999999999980600 ) ) ;
#4147 = LINE ( 'NONE', #4146, #4145 ) ;
#4148 = FILL_AREA_STYLE_COLOUR ( '', #4142 ) ;
#4149 = DIRECTION ( 'NONE',  ( 0.0000000000000000000, -1.000000000000000000, -1.548860246407863300E-016 ) ) ;
#4150 = VECTOR ( 'NONE', #4149, 1000.000000000000000 ) ;
#4151 = CARTESIAN_POINT ( 'NONE',  ( -3.250000000000000400, -4.150000000000000400, 0.4999999999999982800 ) ) ;
#4152 = LINE ( 'NONE', #4151, #4150 ) ;
#4153 = CARTESIAN_POINT ( 'NONE',  ( -3.250000000000000400, 1.849999999999999600, 2.849999999999998300 ) ) ;
#4154 = CARTESIAN_POINT ( 'NONE',  ( -3.250000000000000400, 1.849999999999999600, 2.349999999999998300 ) ) ;
#4155 = DIRECTION ( 'NONE',  ( 0.0000000000000000000, 0.0000000000000000000, 1.000000000000000000 ) ) ;
#4156 = VECTOR ( 'NONE', #4155, 1000.000000000000000 ) ;
#4157 = CARTESIAN_POINT ( 'NONE',  ( -3.250000000000000400, 1.849999999999999600, 2.849999999999998300 ) ) ;
#4158 = LINE ( 'NONE', #4157, #4156 ) ;
#4159 = DIRECTION ( 'NONE',  ( 0.0000000000000000000, 0.0000000000000000000, -1.000000000000000000 ) ) ;
#4160 = DIRECTION ( 'NONE',  ( 0.0000000000000000000, -1.000000000000000000, 0.0000000000000000000 ) ) ;
#4161 = CARTESIAN_POINT ( 'NONE',  ( -2.750000000000000400, 1.849999999999999600, 2.849999999999998300 ) ) ;
#4162 = AXIS2_PLACEMENT_3D ( 'NONE', #4161, #4160, #4159 ) ;
#4163 = PLANE ( 'NONE',  #4162 ) ;
#4164 = SURFACE_SIDE_STYLE ('',( #4165 ) ) ;
#4165 = SURFACE_STYLE_FILL_AREA ( #4166 ) ;
#4166 = FILL_AREA_STYLE ('',( #4173 ) ) ;
#4167 = COLOUR_RGB ( '',0.7529411764705882200, 0.7529411764705882200, 0.7529411764705882200 ) ;
#4168 = FACE_OUTER_BOUND ( 'NONE', #713, .T. ) ;
#4169 = DIRECTION ( 'NONE',  ( -1.000000000000000000, 0.0000000000000000000, 0.0000000000000000000 ) ) ;
#4170 = VECTOR ( 'NONE', #4169, 1000.000000000000000 ) ;
#4171 = CARTESIAN_POINT ( 'NONE',  ( -2.750000000000000400, -3.850000000000000100, -0.1000000000000016300 ) ) ;
#4172 = LINE ( 'NONE', #4171, #4170 ) ;
#4173 = FILL_AREA_STYLE_COLOUR ( '', #4167 ) ;
#4174 = CARTESIAN_POINT ( 'NONE',  ( -2.750000000000000400, -3.850000000000000100, -0.1000000000000016300 ) ) ;
#4175 = DIRECTION ( 'NONE',  ( 0.0000000000000000000, 0.7071067811865476800, 0.7071067811865472400 ) ) ;
#4176 = VECTOR ( 'NONE', #4175, 1000.000000000000100 ) ;
#4177 = CARTESIAN_POINT ( 'NONE',  ( -2.750000000000000400, -3.349999999999999600, 0.3999999999999984700 ) ) ;
#4178 = LINE ( 'NONE', #4177, #4176 ) ;
#4179 = DIRECTION ( 'NONE',  ( 0.0000000000000000000, 1.000000000000000000, 1.514694211560631100E-016 ) ) ;
#4180 = VECTOR ( 'NONE', #4179, 1000.000000000000000 ) ;
#4181 = CARTESIAN_POINT ( 'NONE',  ( -2.750000000000000400, -3.850000000000000100, -0.1000000000000016300 ) ) ;
#4182 = LINE ( 'NONE', #4181, #4180 ) ;
#4183 = CARTESIAN_POINT ( 'NONE',  ( -2.750000000000000400, -5.549999999999999800, -0.1000000000000018900 ) ) ;
#4184 = DIRECTION ( 'NONE',  ( 0.0000000000000000000, 0.0000000000000000000, -1.000000000000000000 ) ) ;
#4185 = VECTOR ( 'NONE', #4184, 1000.000000000000000 ) ;
#4186 = CARTESIAN_POINT ( 'NONE',  ( -2.750000000000000400, -5.549999999999999800, 0.4999999999999980600 ) ) ;
#4187 = LINE ( 'NONE', #4186, #4185 ) ;
#4188 = DIRECTION ( 'NONE',  ( 0.0000000000000000000, 0.0000000000000000000, -1.000000000000000000 ) ) ;
#4189 = DIRECTION ( 'NONE',  ( 1.000000000000000000, 0.0000000000000000000, 0.0000000000000000000 ) ) ;
#4190 = CARTESIAN_POINT ( 'NONE',  ( -2.750000000000000400, -4.150000000000000400, 2.849999999999998300 ) ) ;
#4191 = AXIS2_PLACEMENT_3D ( 'NONE', #4190, #4189, #4188 ) ;
#4192 = PLANE ( 'NONE',  #4191 ) ;
#4193 =( GEOMETRIC_REPRESENTATION_CONTEXT ( 3 ) GLOBAL_UNCERTAINTY_ASSIGNED_CONTEXT ( ( #4194 ) ) GLOBAL_UNIT_ASSIGNED_CONTEXT ( ( #4133, #4132, #4131 ) ) REPRESENTATION_CONTEXT ( 'NONE', 'WORKASPACE' ) );
#4194 = UNCERTAINTY_MEASURE_WITH_UNIT (LENGTH_MEASURE( 1.000000000000000100E-005 ), #4133, 'distance_accuracy_value', 'NONE');
#4195 = STYLED_ITEM ( 'NONE', ( #4196 ), #722 ) ;
#4196 = PRESENTATION_STYLE_ASSIGNMENT (( #4197 ) ) ;
#4197 = SURFACE_STYLE_USAGE ( .BOTH. , #4198 ) ;
#4198 = SURFACE_SIDE_STYLE ('',( #4199 ) ) ;
#4199 = SURFACE_STYLE_FILL_AREA ( #4200 ) ;
#4200 = FILL_AREA_STYLE ('',( #4201 ) ) ;
#4201 = FILL_AREA_STYLE_COLOUR ( '', #4202 ) ;
#4202 = COLOUR_RGB ( '',0.7529411764705882200, 0.7529411764705882200, 0.7529411764705882200 ) ;
#4203 = FACE_OUTER_BOUND ( 'NONE', #723, .T. ) ;
#4204 = CARTESIAN_POINT ( 'NONE',  ( -3.250000000000000400, -5.549999999999999800, 0.4999999999999980600 ) ) ;
#4205 = CARTESIAN_POINT ( 'NONE',  ( -2.750000000000000400, -5.549999999999999800, 0.4999999999999980600 ) ) ;
#4206 = DIRECTION ( 'NONE',  ( 0.0000000000000000000, -1.000000000000000000, -1.548860246407863300E-016 ) ) ;
#4207 = VECTOR ( 'NONE', #4206, 1000.000000000000000 ) ;
#4208 = CARTESIAN_POINT ( 'NONE',  ( -2.750000000000000400, -4.150000000000000400, 0.4999999999999982800 ) ) ;
#4209 = LINE ( 'NONE', #4208, #4207 ) ;
#4210 = DIRECTION ( 'NONE',  ( 0.0000000000000000000, 1.000000000000000000, 1.548860246407863300E-016 ) ) ;
#4211 = DIRECTION ( 'NONE',  ( 0.0000000000000000000, 1.548860246407863300E-016, -1.000000000000000000 ) ) ;
#4212 = CARTESIAN_POINT ( 'NONE',  ( -2.750000000000000400, -4.150000000000000400, 0.4999999999999982800 ) ) ;
#4213 = AXIS2_PLACEMENT_3D ( 'NONE', #4212, #4211, #4210 ) ;
#4214 = PLANE ( 'NONE',  #4213 ) ;
#4215 =( GEOMETRIC_REPRESENTATION_CONTEXT ( 3 ) GLOBAL_UNCERTAINTY_ASSIGNED_CONTEXT ( ( #4216 ) ) GLOBAL_UNIT_ASSIGNED_CONTEXT ( ( #4219, #4218, #4217 ) ) REPRESENTATION_CONTEXT ( 'NONE', 'WORKASPACE' ) );
#4216 = UNCERTAINTY_MEASURE_WITH_UNIT (LENGTH_MEASURE( 1.000000000000000100E-005 ), #4219, 'distance_accuracy_value', 'NONE');
#4217 =( NAMED_UNIT ( * ) SI_UNIT ( $, .STERADIAN. ) SOLID_ANGLE_UNIT ( ) );
#4218 =( NAMED_UNIT ( * ) PLANE_ANGLE_UNIT ( ) SI_UNIT ( $, .RADIAN. ) );
#4219 =( LENGTH_UNIT ( ) NAMED_UNIT ( * ) SI_UNIT ( .MILLI., .METRE. ) );
#4220 = MECHANICAL_DESIGN_GEOMETRIC_PRESENTATION_REPRESENTATION (  '', ( #4222 ), #4215 ) ;
#4221 = PRESENTATION_LAYER_ASSIGNMENT (  '', '', ( #4222 ) ) ;
#4222 = STYLED_ITEM ( 'NONE', ( #4223 ), #712 ) ;
#4223 = PRESENTATION_STYLE_ASSIGNMENT (( #4224 ) ) ;
#4224 = SURFACE_STYLE_USAGE ( .BOTH. , #4164 ) ;
#4225 =( NAMED_UNIT ( * ) PLANE_ANGLE_UNIT ( ) SI_UNIT ( $, .RADIAN. ) );
#4226 =( LENGTH_UNIT ( ) NAMED_UNIT ( * ) SI_UNIT ( .MILLI., .METRE. ) );
#4227 = MECHANICAL_DESIGN_GEOMETRIC_PRESENTATION_REPRESENTATION (  '', ( #4229 ), #4274 ) ;
#4228 = PRESENTATION_LAYER_ASSIGNMENT (  '', '', ( #4229 ) ) ;
#4229 = STYLED_ITEM ( 'NONE', ( #4230 ), #728 ) ;
#4230 = PRESENTATION_STYLE_ASSIGNMENT (( #4231 ) ) ;
#4231 = SURFACE_STYLE_USAGE ( .BOTH. , #4232 ) ;
#4232 = SURFACE_SIDE_STYLE ('',( #4233 ) ) ;
#4233 = SURFACE_STYLE_FILL_AREA ( #4234 ) ;
#4234 = FILL_AREA_STYLE ('',( #4241 ) ) ;
#4235 = COLOUR_RGB ( '',0.7529411764705882200, 0.7529411764705882200, 0.7529411764705882200 ) ;
#4236 = FACE_OUTER_BOUND ( 'NONE', #729, .T. ) ;
#4237 = DIRECTION ( 'NONE',  ( 0.0000000000000000000, -1.000000000000000000, -8.340016711426957800E-017 ) ) ;
#4238 = DIRECTION ( 'NONE',  ( 0.0000000000000000000, -8.340016711426957800E-017, 1.000000000000000000 ) ) ;
#4239 = CARTESIAN_POINT ( 'NONE',  ( -2.750000000000000400, 1.849999999999999600, 2.349999999999998300 ) ) ;
#4240 = AXIS2_PLACEMENT_3D ( 'NONE', #4239, #4238, #4237 ) ;
#4241 = FILL_AREA_STYLE_COLOUR ( '', #4235 ) ;
#4242 = PLANE ( 'NONE',  #4240 ) ;
#4243 =( GEOMETRIC_REPRESENTATION_CONTEXT ( 3 ) GLOBAL_UNCERTAINTY_ASSIGNED_CONTEXT ( ( #4244 ) ) GLOBAL_UNIT_ASSIGNED_CONTEXT ( ( #4247, #4246, #4245 ) ) REPRESENTATION_CONTEXT ( 'NONE', 'WORKASPACE' ) );
#4244 = UNCERTAINTY_MEASURE_WITH_UNIT (LENGTH_MEASURE( 1.000000000000000100E-005 ), #4247, 'distance_accuracy_value', 'NONE');
#4245 =( NAMED_UNIT ( * ) SI_UNIT ( $, .STERADIAN. ) SOLID_ANGLE_UNIT ( ) );
#4246 =( NAMED_UNIT ( * ) PLANE_ANGLE_UNIT ( ) SI_UNIT ( $, .RADIAN. ) );
#4247 =( LENGTH_UNIT ( ) NAMED_UNIT ( * ) SI_UNIT ( .MILLI., .METRE. ) );
#4248 = MECHANICAL_DESIGN_GEOMETRIC_PRESENTATION_REPRESENTATION (  '', ( #4195 ), #4243 ) ;
#4249 = PRESENTATION_LAYER_ASSIGNMENT (  '', '', ( #4195 ) ) ;
#4250 = UNCERTAINTY_MEASURE_WITH_UNIT (LENGTH_MEASURE( 1.000000000000000100E-005 ), #4253, 'distance_accuracy_value', 'NONE');
#4251 =( NAMED_UNIT ( * ) SI_UNIT ( $, .STERADIAN. ) SOLID_ANGLE_UNIT ( ) );
#4252 =( NAMED_UNIT ( * ) PLANE_ANGLE_UNIT ( ) SI_UNIT ( $, .RADIAN. ) );
#4253 =( LENGTH_UNIT ( ) NAMED_UNIT ( * ) SI_UNIT ( .MILLI., .METRE. ) );
#4254 = MECHANICAL_DESIGN_GEOMETRIC_PRESENTATION_REPRESENTATION (  '', ( #4256 ), #4305 ) ;
#4255 = PRESENTATION_LAYER_ASSIGNMENT (  '', '', ( #4256 ) ) ;
#4256 = STYLED_ITEM ( 'NONE', ( #4257 ), #736 ) ;
#4257 = PRESENTATION_STYLE_ASSIGNMENT (( #4258 ) ) ;
#4258 = SURFACE_STYLE_USAGE ( .BOTH. , #4259 ) ;
#4259 = SURFACE_SIDE_STYLE ('',( #4260 ) ) ;
#4260 = SURFACE_STYLE_FILL_AREA ( #4261 ) ;
#4261 = FILL_AREA_STYLE ('',( #4268 ) ) ;
#4262 = COLOUR_RGB ( '',0.7529411764705882200, 0.7529411764705882200, 0.7529411764705882200 ) ;
#4263 = FACE_OUTER_BOUND ( 'NONE', #760, .T. ) ;
#4264 = DIRECTION ( 'NONE',  ( 0.0000000000000000000, -1.000000000000000000, 0.0000000000000000000 ) ) ;
#4265 = VECTOR ( 'NONE', #4264, 1000.000000000000000 ) ;
#4266 = CARTESIAN_POINT ( 'NONE',  ( -4.750000000000000900, -4.150000000000000400, 2.849999999999998300 ) ) ;
#4267 = LINE ( 'NONE', #4266, #4265 ) ;
#4268 = FILL_AREA_STYLE_COLOUR ( '', #4262 ) ;
#4269 = DIRECTION ( 'NONE',  ( 0.0000000000000000000, -0.7071067811865476800, -0.7071067811865472400 ) ) ;
#4270 = DIRECTION ( 'NONE',  ( 0.0000000000000000000, -0.7071067811865473500, 0.7071067811865477900 ) ) ;
#4271 = CARTESIAN_POINT ( 'NONE',  ( -2.750000000000000400, -3.349999999999999600, 0.3999999999999984700 ) ) ;
#4272 = AXIS2_PLACEMENT_3D ( 'NONE', #4271, #4270, #4269 ) ;
#4273 = PLANE ( 'NONE',  #4272 ) ;
#4274 =( GEOMETRIC_REPRESENTATION_CONTEXT ( 3 ) GLOBAL_UNCERTAINTY_ASSIGNED_CONTEXT ( ( #4275 ) ) GLOBAL_UNIT_ASSIGNED_CONTEXT ( ( #4226, #4225, #4276 ) ) REPRESENTATION_CONTEXT ( 'NONE', 'WORKASPACE' ) );
#4275 = UNCERTAINTY_MEASURE_WITH_UNIT (LENGTH_MEASURE( 1.000000000000000100E-005 ), #4226, 'distance_accuracy_value', 'NONE');
#4276 =( NAMED_UNIT ( * ) SI_UNIT ( $, .STERADIAN. ) SOLID_ANGLE_UNIT ( ) );
#4277 = FILL_AREA_STYLE_COLOUR ( '', #4337 ) ;
#4278 = FACE_OUTER_BOUND ( 'NONE', #692, .T. ) ;
#4279 = DIRECTION ( 'NONE',  ( -1.000000000000000000, 0.0000000000000000000, 0.0000000000000000000 ) ) ;
#4280 = VECTOR ( 'NONE', #4279, 1000.000000000000000 ) ;
#4281 = CARTESIAN_POINT ( 'NONE',  ( -4.750000000000000900, 1.849999999999999600, 2.349999999999998300 ) ) ;
#4282 = LINE ( 'NONE', #4281, #4280 ) ;
#4283 = FILL_AREA_STYLE ('',( #4277 ) ) ;
#4284 = CARTESIAN_POINT ( 'NONE',  ( -4.750000000000000900, 1.849999999999999600, 2.349999999999998300 ) ) ;
#4285 = DIRECTION ( 'NONE',  ( 0.0000000000000000000, 0.0000000000000000000, 1.000000000000000000 ) ) ;
#4286 = VECTOR ( 'NONE', #4285, 1000.000000000000000 ) ;
#4287 = CARTESIAN_POINT ( 'NONE',  ( -4.750000000000000900, 1.849999999999999600, 2.849999999999998300 ) ) ;
#4288 = LINE ( 'NONE', #4287, #4286 ) ;
#4289 = CARTESIAN_POINT ( 'NONE',  ( -4.750000000000000900, 1.849999999999999600, 2.849999999999998300 ) ) ;
#4290 = DIRECTION ( 'NONE',  ( -1.000000000000000000, 0.0000000000000000000, 0.0000000000000000000 ) ) ;
#4291 = VECTOR ( 'NONE', #4290, 1000.000000000000000 ) ;
#4292 = CARTESIAN_POINT ( 'NONE',  ( -4.750000000000000900, 1.849999999999999600, 2.849999999999998300 ) ) ;
#4293 = LINE ( 'NONE', #4292, #4291 ) ;
#4294 = CARTESIAN_POINT ( 'NONE',  ( -5.250000000000000000, 1.849999999999999600, 2.849999999999998300 ) ) ;
#4295 = CARTESIAN_POINT ( 'NONE',  ( -5.250000000000000000, 1.849999999999999600, 2.349999999999998300 ) ) ;
#4296 = DIRECTION ( 'NONE',  ( 0.0000000000000000000, 0.0000000000000000000, 1.000000000000000000 ) ) ;
#4297 = VECTOR ( 'NONE', #4296, 1000.000000000000000 ) ;
#4298 = CARTESIAN_POINT ( 'NONE',  ( -5.250000000000000000, 1.849999999999999600, 2.849999999999998300 ) ) ;
#4299 = LINE ( 'NONE', #4298, #4297 ) ;
#4300 = DIRECTION ( 'NONE',  ( 0.0000000000000000000, 0.0000000000000000000, -1.000000000000000000 ) ) ;
#4301 = DIRECTION ( 'NONE',  ( 0.0000000000000000000, -1.000000000000000000, 0.0000000000000000000 ) ) ;
#4302 = CARTESIAN_POINT ( 'NONE',  ( -4.750000000000000900, 1.849999999999999600, 2.849999999999998300 ) ) ;
#4303 = AXIS2_PLACEMENT_3D ( 'NONE', #4302, #4301, #4300 ) ;
#4304 = PLANE ( 'NONE',  #4303 ) ;
#4305 =( GEOMETRIC_REPRESENTATION_CONTEXT ( 3 ) GLOBAL_UNCERTAINTY_ASSIGNED_CONTEXT ( ( #4250 ) ) GLOBAL_UNIT_ASSIGNED_CONTEXT ( ( #4253, #4252, #4251 ) ) REPRESENTATION_CONTEXT ( 'NONE', 'WORKASPACE' ) );
#4306 = PRESENTATION_LAYER_ASSIGNMENT (  '', '', ( #4307 ) ) ;
#4307 = STYLED_ITEM ( 'NONE', ( #4308 ), #755 ) ;
#4308 = PRESENTATION_STYLE_ASSIGNMENT (( #4309 ) ) ;
#4309 = SURFACE_STYLE_USAGE ( .BOTH. , #4310 ) ;
#4310 = SURFACE_SIDE_STYLE ('',( #4311 ) ) ;
#4311 = SURFACE_STYLE_FILL_AREA ( #4312 ) ;
#4312 = FILL_AREA_STYLE ('',( #4319 ) ) ;
#4313 = COLOUR_RGB ( '',0.7529411764705882200, 0.7529411764705882200, 0.7529411764705882200 ) ;
#4314 = FACE_OUTER_BOUND ( 'NONE', #756, .T. ) ;
#4315 = DIRECTION ( 'NONE',  ( -1.000000000000000000, 0.0000000000000000000, 0.0000000000000000000 ) ) ;
#4316 = VECTOR ( 'NONE', #4315, 1000.000000000000000 ) ;
#4317 = CARTESIAN_POINT ( 'NONE',  ( -2.750000000000000400, -5.549999999999999800, -0.1000000000000018900 ) ) ;
#4318 = LINE ( 'NONE', #4317, #4316 ) ;
#4319 = FILL_AREA_STYLE_COLOUR ( '', #4313 ) ;
#4320 = DIRECTION ( 'NONE',  ( 0.0000000000000000000, 0.0000000000000000000, 1.000000000000000000 ) ) ;
#4321 = DIRECTION ( 'NONE',  ( 0.0000000000000000000, 1.000000000000000000, 0.0000000000000000000 ) ) ;
#4322 = CARTESIAN_POINT ( 'NONE',  ( -2.750000000000000400, -5.549999999999999800, 0.4999999999999980600 ) ) ;
#4323 = AXIS2_PLACEMENT_3D ( 'NONE', #4322, #4321, #4320 ) ;
#4324 = PLANE ( 'NONE',  #4323 ) ;
#4325 =( GEOMETRIC_REPRESENTATION_CONTEXT ( 3 ) GLOBAL_UNCERTAINTY_ASSIGNED_CONTEXT ( ( #4326 ) ) GLOBAL_UNIT_ASSIGNED_CONTEXT ( ( #4329, #4328, #4327 ) ) REPRESENTATION_CONTEXT ( 'NONE', 'WORKASPACE' ) );
#4326 = UNCERTAINTY_MEASURE_WITH_UNIT (LENGTH_MEASURE( 1.000000000000000100E-005 ), #4329, 'distance_accuracy_value', 'NONE');
#4327 =( NAMED_UNIT ( * ) SI_UNIT ( $, .STERADIAN. ) SOLID_ANGLE_UNIT ( ) );
#4328 =( NAMED_UNIT ( * ) PLANE_ANGLE_UNIT ( ) SI_UNIT ( $, .RADIAN. ) );
#4329 =( LENGTH_UNIT ( ) NAMED_UNIT ( * ) SI_UNIT ( .MILLI., .METRE. ) );
#4330 = MECHANICAL_DESIGN_GEOMETRIC_PRESENTATION_REPRESENTATION (  '', ( #4332 ), #4325 ) ;
#4331 = PRESENTATION_LAYER_ASSIGNMENT (  '', '', ( #4332 ) ) ;
#4332 = STYLED_ITEM ( 'NONE', ( #4333 ), #749 ) ;
#4333 = PRESENTATION_STYLE_ASSIGNMENT (( #4334 ) ) ;
#4334 = SURFACE_STYLE_USAGE ( .BOTH. , #4335 ) ;
#4335 = SURFACE_SIDE_STYLE ('',( #4336 ) ) ;
#4336 = SURFACE_STYLE_FILL_AREA ( #4283 ) ;
#4337 = COLOUR_RGB ( '',0.7529411764705882200, 0.7529411764705882200, 0.7529411764705882200 ) ;
#4338 =( NAMED_UNIT ( * ) SI_UNIT ( $, .STERADIAN. ) SOLID_ANGLE_UNIT ( ) );
#4339 =( NAMED_UNIT ( * ) PLANE_ANGLE_UNIT ( ) SI_UNIT ( $, .RADIAN. ) );
#4340 =( LENGTH_UNIT ( ) NAMED_UNIT ( * ) SI_UNIT ( .MILLI., .METRE. ) );
#4341 = MECHANICAL_DESIGN_GEOMETRIC_PRESENTATION_REPRESENTATION (  '', ( #4343 ), #4390 ) ;
#4342 = PRESENTATION_LAYER_ASSIGNMENT (  '', '', ( #4343 ) ) ;
#4343 = STYLED_ITEM ( 'NONE', ( #4344 ), #762 ) ;
#4344 = PRESENTATION_STYLE_ASSIGNMENT (( #4345 ) ) ;
#4345 = SURFACE_STYLE_USAGE ( .BOTH. , #4346 ) ;
#4346 = SURFACE_SIDE_STYLE ('',( #4347 ) ) ;
#4347 = SURFACE_STYLE_FILL_AREA ( #4348 ) ;
#4348 = FILL_AREA_STYLE ('',( #4355 ) ) ;
#4349 = COLOUR_RGB ( '',0.7529411764705882200, 0.7529411764705882200, 0.7529411764705882200 ) ;
#4350 = FACE_OUTER_BOUND ( 'NONE', #763, .T. ) ;
#4351 = DIRECTION ( 'NONE',  ( 0.0000000000000000000, -1.000000000000000000, -1.514694211560631100E-016 ) ) ;
#4352 = DIRECTION ( 'NONE',  ( 0.0000000000000000000, -1.514694211560631100E-016, 1.000000000000000000 ) ) ;
#4353 = CARTESIAN_POINT ( 'NONE',  ( -2.750000000000000400, -3.850000000000000100, -0.1000000000000016300 ) ) ;
#4354 = AXIS2_PLACEMENT_3D ( 'NONE', #4353, #4352, #4351 ) ;
#4355 = FILL_AREA_STYLE_COLOUR ( '', #4349 ) ;
#4356 = PLANE ( 'NONE',  #4354 ) ;
#4357 =( GEOMETRIC_REPRESENTATION_CONTEXT ( 3 ) GLOBAL_UNCERTAINTY_ASSIGNED_CONTEXT ( ( #4358 ) ) GLOBAL_UNIT_ASSIGNED_CONTEXT ( ( #4361, #4360, #4359 ) ) REPRESENTATION_CONTEXT ( 'NONE', 'WORKASPACE' ) );
#4358 = UNCERTAINTY_MEASURE_WITH_UNIT (LENGTH_MEASURE( 1.000000000000000100E-005 ), #4361, 'distance_accuracy_value', 'NONE');
#4359 =( NAMED_UNIT ( * ) SI_UNIT ( $, .STERADIAN. ) SOLID_ANGLE_UNIT ( ) );
#4360 =( NAMED_UNIT ( * ) PLANE_ANGLE_UNIT ( ) SI_UNIT ( $, .RADIAN. ) );
#4361 =( LENGTH_UNIT ( ) NAMED_UNIT ( * ) SI_UNIT ( .MILLI., .METRE. ) );
#4362 = MECHANICAL_DESIGN_GEOMETRIC_PRESENTATION_REPRESENTATION (  '', ( #4307 ), #4357 ) ;
#4363 =( NAMED_UNIT ( * ) PLANE_ANGLE_UNIT ( ) SI_UNIT ( $, .RADIAN. ) );
#4364 =( LENGTH_UNIT ( ) NAMED_UNIT ( * ) SI_UNIT ( .MILLI., .METRE. ) );
#4365 = MECHANICAL_DESIGN_GEOMETRIC_PRESENTATION_REPRESENTATION (  '', ( #4367 ), #4413 ) ;
#4366 = PRESENTATION_LAYER_ASSIGNMENT (  '', '', ( #4367 ) ) ;
#4367 = STYLED_ITEM ( 'NONE', ( #4368 ), #773 ) ;
#4368 = PRESENTATION_STYLE_ASSIGNMENT (( #4369 ) ) ;
#4369 = SURFACE_STYLE_USAGE ( .BOTH. , #4370 ) ;
#4370 = SURFACE_SIDE_STYLE ('',( #4371 ) ) ;
#4371 = SURFACE_STYLE_FILL_AREA ( #4372 ) ;
#4372 = FILL_AREA_STYLE ('',( #4379 ) ) ;
#4373 = COLOUR_RGB ( '',0.7529411764705882200, 0.7529411764705882200, 0.7529411764705882200 ) ;
#4374 = FACE_OUTER_BOUND ( 'NONE', #774, .T. ) ;
#4375 = DIRECTION ( 'NONE',  ( 0.0000000000000000000, 0.0000000000000000000, -1.000000000000000000 ) ) ;
#4376 = VECTOR ( 'NONE', #4375, 1000.000000000000000 ) ;
#4377 = CARTESIAN_POINT ( 'NONE',  ( -3.250000000000000400, -5.549999999999999800, 0.4999999999999980600 ) ) ;
#4378 = LINE ( 'NONE', #4377, #4376 ) ;
#4379 = FILL_AREA_STYLE_COLOUR ( '', #4373 ) ;
#4380 = CARTESIAN_POINT ( 'NONE',  ( -3.250000000000000400, -5.549999999999999800, -0.1000000000000018900 ) ) ;
#4381 = DIRECTION ( 'NONE',  ( 0.0000000000000000000, 1.000000000000000000, 1.514694211560631100E-016 ) ) ;
#4382 = VECTOR ( 'NONE', #4381, 1000.000000000000000 ) ;
#4383 = CARTESIAN_POINT ( 'NONE',  ( -3.250000000000000400, -3.850000000000000100, -0.1000000000000016300 ) ) ;
#4384 = LINE ( 'NONE', #4383, #4382 ) ;
#4385 = DIRECTION ( 'NONE',  ( 0.0000000000000000000, 0.0000000000000000000, -1.000000000000000000 ) ) ;
#4386 = DIRECTION ( 'NONE',  ( 1.000000000000000000, 0.0000000000000000000, 0.0000000000000000000 ) ) ;
#4387 = CARTESIAN_POINT ( 'NONE',  ( -3.250000000000000400, -4.150000000000000400, 2.849999999999998300 ) ) ;
#4388 = AXIS2_PLACEMENT_3D ( 'NONE', #4387, #4386, #4385 ) ;
#4389 = PLANE ( 'NONE',  #4388 ) ;
#4390 =( GEOMETRIC_REPRESENTATION_CONTEXT ( 3 ) GLOBAL_UNCERTAINTY_ASSIGNED_CONTEXT ( ( #4391 ) ) GLOBAL_UNIT_ASSIGNED_CONTEXT ( ( #4340, #4339, #4338 ) ) REPRESENTATION_CONTEXT ( 'NONE', 'WORKASPACE' ) );
#4391 = UNCERTAINTY_MEASURE_WITH_UNIT (LENGTH_MEASURE( 1.000000000000000100E-005 ), #4340, 'distance_accuracy_value', 'NONE');
#4392 =( GEOMETRIC_REPRESENTATION_CONTEXT ( 3 ) GLOBAL_UNCERTAINTY_ASSIGNED_CONTEXT ( ( #4393 ) ) GLOBAL_UNIT_ASSIGNED_CONTEXT ( ( #4396, #4395, #4394 ) ) REPRESENTATION_CONTEXT ( 'NONE', 'WORKASPACE' ) );
#4393 = UNCERTAINTY_MEASURE_WITH_UNIT (LENGTH_MEASURE( 1.000000000000000100E-005 ), #4396, 'distance_accuracy_value', 'NONE');
#4394 =( NAMED_UNIT ( * ) SI_UNIT ( $, .STERADIAN. ) SOLID_ANGLE_UNIT ( ) );
#4395 =( NAMED_UNIT ( * ) PLANE_ANGLE_UNIT ( ) SI_UNIT ( $, .RADIAN. ) );
#4396 =( LENGTH_UNIT ( ) NAMED_UNIT ( * ) SI_UNIT ( .MILLI., .METRE. ) );
#4397 = MECHANICAL_DESIGN_GEOMETRIC_PRESENTATION_REPRESENTATION (  '', ( #4399 ), #4392 ) ;
#4398 = PRESENTATION_LAYER_ASSIGNMENT (  '', '', ( #4399 ) ) ;
#4399 = STYLED_ITEM ( 'NONE', ( #4400 ), #778 ) ;
#4400 = PRESENTATION_STYLE_ASSIGNMENT (( #4401 ) ) ;
#4401 = SURFACE_STYLE_USAGE ( .BOTH. , #4402 ) ;
#4402 = SURFACE_SIDE_STYLE ('',( #4403 ) ) ;
#4403 = SURFACE_STYLE_FILL_AREA ( #4404 ) ;
#4404 = FILL_AREA_STYLE ('',( #4411 ) ) ;
#4405 = COLOUR_RGB ( '',0.7529411764705882200, 0.7529411764705882200, 0.7529411764705882200 ) ;
#4406 = FACE_OUTER_BOUND ( 'NONE', #779, .T. ) ;
#4407 = DIRECTION ( 'NONE',  ( 0.0000000000000000000, 0.0000000000000000000, -1.000000000000000000 ) ) ;
#4408 = DIRECTION ( 'NONE',  ( 1.000000000000000000, 0.0000000000000000000, 0.0000000000000000000 ) ) ;
#4409 = CARTESIAN_POINT ( 'NONE',  ( -4.750000000000000900, -4.150000000000000400, 2.849999999999998300 ) ) ;
#4410 = AXIS2_PLACEMENT_3D ( 'NONE', #4409, #4408, #4407 ) ;
#4411 = FILL_AREA_STYLE_COLOUR ( '', #4405 ) ;
#4412 = PLANE ( 'NONE',  #4410 ) ;
#4413 =( GEOMETRIC_REPRESENTATION_CONTEXT ( 3 ) GLOBAL_UNCERTAINTY_ASSIGNED_CONTEXT ( ( #4414 ) ) GLOBAL_UNIT_ASSIGNED_CONTEXT ( ( #4364, #4363, #4415 ) ) REPRESENTATION_CONTEXT ( 'NONE', 'WORKASPACE' ) );
#4414 = UNCERTAINTY_MEASURE_WITH_UNIT (LENGTH_MEASURE( 1.000000000000000100E-005 ), #4364, 'distance_accuracy_value', 'NONE');
#4415 =( NAMED_UNIT ( * ) SI_UNIT ( $, .STERADIAN. ) SOLID_ANGLE_UNIT ( ) );
#4416 =( NAMED_UNIT ( * ) SI_UNIT ( $, .STERADIAN. ) SOLID_ANGLE_UNIT ( ) );
#4417 =( NAMED_UNIT ( * ) PLANE_ANGLE_UNIT ( ) SI_UNIT ( $, .RADIAN. ) );
#4418 =( LENGTH_UNIT ( ) NAMED_UNIT ( * ) SI_UNIT ( .MILLI., .METRE. ) );
#4419 = MECHANICAL_DESIGN_GEOMETRIC_PRESENTATION_REPRESENTATION (  '', ( #4421 ), #4471 ) ;
#4420 = PRESENTATION_LAYER_ASSIGNMENT (  '', '', ( #4421 ) ) ;
#4421 = STYLED_ITEM ( 'NONE', ( #4422 ), #791 ) ;
#4422 = PRESENTATION_STYLE_ASSIGNMENT (( #4423 ) ) ;
#4423 = SURFACE_STYLE_USAGE ( .BOTH. , #4424 ) ;
#4424 = SURFACE_SIDE_STYLE ('',( #4425 ) ) ;
#4425 = SURFACE_STYLE_FILL_AREA ( #4426 ) ;
#4426 = FILL_AREA_STYLE ('',( #4433 ) ) ;
#4427 = COLOUR_RGB ( '',0.7529411764705882200, 0.7529411764705882200, 0.7529411764705882200 ) ;
#4428 = FACE_OUTER_BOUND ( 'NONE', #792, .T. ) ;
#4429 = DIRECTION ( 'NONE',  ( 0.0000000000000000000, 1.000000000000000000, 8.340016711426957800E-017 ) ) ;
#4430 = VECTOR ( 'NONE', #4429, 1000.000000000000000 ) ;
#4431 = CARTESIAN_POINT ( 'NONE',  ( -4.750000000000000900, 1.849999999999999600, 2.349999999999998300 ) ) ;
#4432 = LINE ( 'NONE', #4431, #4430 ) ;
#4433 = FILL_AREA_STYLE_COLOUR ( '', #4427 ) ;
#4434 = CARTESIAN_POINT ( 'NONE',  ( -4.750000000000000900, -3.850000000000000100, -0.1000000000000016300 ) ) ;
#4435 = DIRECTION ( 'NONE',  ( 0.0000000000000000000, 0.7071067811865476800, 0.7071067811865472400 ) ) ;
#4436 = VECTOR ( 'NONE', #4435, 1000.000000000000100 ) ;
#4437 = CARTESIAN_POINT ( 'NONE',  ( -4.750000000000000900, -3.349999999999999600, 0.3999999999999984700 ) ) ;
#4438 = LINE ( 'NONE', #4437, #4436 ) ;
#4439 = CARTESIAN_POINT ( 'NONE',  ( -5.250000000000000000, -3.850000000000000100, -0.1000000000000016300 ) ) ;
#4440 = DIRECTION ( 'NONE',  ( 0.0000000000000000000, 0.7071067811865476800, 0.7071067811865472400 ) ) ;
#4441 = VECTOR ( 'NONE', #4440, 1000.000000000000100 ) ;
#4442 = CARTESIAN_POINT ( 'NONE',  ( -5.250000000000000000, -3.349999999999999600, 0.3999999999999984700 ) ) ;
#4443 = LINE ( 'NONE', #4442, #4441 ) ;
#4444 = DIRECTION ( 'NONE',  ( 0.0000000000000000000, -0.7071067811865476800, -0.7071067811865472400 ) ) ;
#4445 = DIRECTION ( 'NONE',  ( 0.0000000000000000000, -0.7071067811865473500, 0.7071067811865477900 ) ) ;
#4446 = CARTESIAN_POINT ( 'NONE',  ( -4.750000000000000900, -3.349999999999999600, 0.3999999999999984700 ) ) ;
#4447 = AXIS2_PLACEMENT_3D ( 'NONE', #4446, #4445, #4444 ) ;
#4448 = PLANE ( 'NONE',  #4447 ) ;
#4449 = PLANE ( 'NONE',  #4500 ) ;
#4450 =( GEOMETRIC_REPRESENTATION_CONTEXT ( 3 ) GLOBAL_UNCERTAINTY_ASSIGNED_CONTEXT ( ( #4451 ) ) GLOBAL_UNIT_ASSIGNED_CONTEXT ( ( #4454, #4453, #4452 ) ) REPRESENTATION_CONTEXT ( 'NONE', 'WORKASPACE' ) );
#4451 = UNCERTAINTY_MEASURE_WITH_UNIT (LENGTH_MEASURE( 1.000000000000000100E-005 ), #4454, 'distance_accuracy_value', 'NONE');
#4452 =( NAMED_UNIT ( * ) SI_UNIT ( $, .STERADIAN. ) SOLID_ANGLE_UNIT ( ) );
#4453 =( NAMED_UNIT ( * ) PLANE_ANGLE_UNIT ( ) SI_UNIT ( $, .RADIAN. ) );
#4454 =( LENGTH_UNIT ( ) NAMED_UNIT ( * ) SI_UNIT ( .MILLI., .METRE. ) );
#4455 = MECHANICAL_DESIGN_GEOMETRIC_PRESENTATION_REPRESENTATION (  '', ( #4457 ), #4450 ) ;
#4456 = PRESENTATION_LAYER_ASSIGNMENT (  '', '', ( #4457 ) ) ;
#4457 = STYLED_ITEM ( 'NONE', ( #4458 ), #797 ) ;
#4458 = PRESENTATION_STYLE_ASSIGNMENT (( #4459 ) ) ;
#4459 = SURFACE_STYLE_USAGE ( .BOTH. , #4460 ) ;
#4460 = SURFACE_SIDE_STYLE ('',( #4461 ) ) ;
#4461 = SURFACE_STYLE_FILL_AREA ( #4462 ) ;
#4462 = FILL_AREA_STYLE ('',( #4469 ) ) ;
#4463 = COLOUR_RGB ( '',0.7529411764705882200, 0.7529411764705882200, 0.7529411764705882200 ) ;
#4464 = FACE_OUTER_BOUND ( 'NONE', #798, .T. ) ;
#4465 = DIRECTION ( 'NONE',  ( -1.000000000000000000, 0.0000000000000000000, 0.0000000000000000000 ) ) ;
#4466 = DIRECTION ( 'NONE',  ( 0.0000000000000000000, 0.0000000000000000000, -1.000000000000000000 ) ) ;
#4467 = CARTESIAN_POINT ( 'NONE',  ( -4.750000000000000900, -4.150000000000000400, 2.849999999999998300 ) ) ;
#4468 = AXIS2_PLACEMENT_3D ( 'NONE', #4467, #4466, #4465 ) ;
#4469 = FILL_AREA_STYLE_COLOUR ( '', #4463 ) ;
#4470 = PLANE ( 'NONE',  #4468 ) ;
#4471 =( GEOMETRIC_REPRESENTATION_CONTEXT ( 3 ) GLOBAL_UNCERTAINTY_ASSIGNED_CONTEXT ( ( #4472 ) ) GLOBAL_UNIT_ASSIGNED_CONTEXT ( ( #4418, #4417, #4416 ) ) REPRESENTATION_CONTEXT ( 'NONE', 'WORKASPACE' ) );
#4472 = UNCERTAINTY_MEASURE_WITH_UNIT (LENGTH_MEASURE( 1.000000000000000100E-005 ), #4418, 'distance_accuracy_value', 'NONE');
#4473 = DIRECTION ( 'NONE',  ( 0.0000000000000000000, -1.000000000000000000, 0.0000000000000000000 ) ) ;
#4474 = VECTOR ( 'NONE', #4473, 1000.000000000000000 ) ;
#4475 = CARTESIAN_POINT ( 'NONE',  ( -5.250000000000000000, -4.150000000000000400, 2.849999999999998300 ) ) ;
#4476 = LINE ( 'NONE', #4475, #4474 ) ;
#4477 = DIRECTION ( 'NONE',  ( 0.0000000000000000000, 0.0000000000000000000, -1.000000000000000000 ) ) ;
#4478 = DIRECTION ( 'NONE',  ( 1.000000000000000000, 0.0000000000000000000, 0.0000000000000000000 ) ) ;
#4479 = CARTESIAN_POINT ( 'NONE',  ( -5.250000000000000000, -4.150000000000000400, 2.849999999999998300 ) ) ;
#4480 = AXIS2_PLACEMENT_3D ( 'NONE', #4479, #4478, #4477 ) ;
#4481 = PLANE ( 'NONE',  #4480 ) ;
#4482 =( GEOMETRIC_REPRESENTATION_CONTEXT ( 3 ) GLOBAL_UNCERTAINTY_ASSIGNED_CONTEXT ( ( #4483 ) ) GLOBAL_UNIT_ASSIGNED_CONTEXT ( ( #4486, #4485, #4484 ) ) REPRESENTATION_CONTEXT ( 'NONE', 'WORKASPACE' ) );
#4483 = UNCERTAINTY_MEASURE_WITH_UNIT (LENGTH_MEASURE( 1.000000000000000100E-005 ), #4486, 'distance_accuracy_value', 'NONE');
#4484 =( NAMED_UNIT ( * ) SI_UNIT ( $, .STERADIAN. ) SOLID_ANGLE_UNIT ( ) );
#4485 =( NAMED_UNIT ( * ) PLANE_ANGLE_UNIT ( ) SI_UNIT ( $, .RADIAN. ) );
#4486 =( LENGTH_UNIT ( ) NAMED_UNIT ( * ) SI_UNIT ( .MILLI., .METRE. ) );
#4487 = MECHANICAL_DESIGN_GEOMETRIC_PRESENTATION_REPRESENTATION (  '', ( #4489 ), #4482 ) ;
#4488 = PRESENTATION_LAYER_ASSIGNMENT (  '', '', ( #4489 ) ) ;
#4489 = STYLED_ITEM ( 'NONE', ( #4490 ), #800 ) ;
#4490 = PRESENTATION_STYLE_ASSIGNMENT (( #4491 ) ) ;
#4491 = SURFACE_STYLE_USAGE ( .BOTH. , #4492 ) ;
#4492 = SURFACE_SIDE_STYLE ('',( #4493 ) ) ;
#4493 = SURFACE_STYLE_FILL_AREA ( #4494 ) ;
#4494 = FILL_AREA_STYLE ('',( #4501 ) ) ;
#4495 = COLOUR_RGB ( '',0.7529411764705882200, 0.7529411764705882200, 0.7529411764705882200 ) ;
#4496 = FACE_OUTER_BOUND ( 'NONE', #801, .T. ) ;
#4497 = DIRECTION ( 'NONE',  ( 0.0000000000000000000, -1.000000000000000000, -8.340016711426957800E-017 ) ) ;
#4498 = DIRECTION ( 'NONE',  ( 0.0000000000000000000, -8.340016711426957800E-017, 1.000000000000000000 ) ) ;
#4499 = CARTESIAN_POINT ( 'NONE',  ( -4.750000000000000900, 1.849999999999999600, 2.349999999999998300 ) ) ;
#4500 = AXIS2_PLACEMENT_3D ( 'NONE', #4499, #4498, #4497 ) ;
#4501 = FILL_AREA_STYLE_COLOUR ( '', #4495 ) ;
#4502 = LINE ( 'NONE', #4557, #4556 ) ;
#4503 = DIRECTION ( 'NONE',  ( 0.0000000000000000000, 0.0000000000000000000, -1.000000000000000000 ) ) ;
#4504 = DIRECTION ( 'NONE',  ( 1.000000000000000000, 0.0000000000000000000, 0.0000000000000000000 ) ) ;
#4505 = CARTESIAN_POINT ( 'NONE',  ( -4.750000000000000900, -4.150000000000000400, 2.849999999999998300 ) ) ;
#4506 = AXIS2_PLACEMENT_3D ( 'NONE', #4505, #4504, #4503 ) ;
#4507 = PLANE ( 'NONE',  #4506 ) ;
#4508 =( GEOMETRIC_REPRESENTATION_CONTEXT ( 3 ) GLOBAL_UNCERTAINTY_ASSIGNED_CONTEXT ( ( #4509 ) ) GLOBAL_UNIT_ASSIGNED_CONTEXT ( ( #4512, #4511, #4510 ) ) REPRESENTATION_CONTEXT ( 'NONE', 'WORKASPACE' ) );
#4509 = UNCERTAINTY_MEASURE_WITH_UNIT (LENGTH_MEASURE( 1.000000000000000100E-005 ), #4512, 'distance_accuracy_value', 'NONE');
#4510 =( NAMED_UNIT ( * ) SI_UNIT ( $, .STERADIAN. ) SOLID_ANGLE_UNIT ( ) );
#4511 =( NAMED_UNIT ( * ) PLANE_ANGLE_UNIT ( ) SI_UNIT ( $, .RADIAN. ) );
#4512 =( LENGTH_UNIT ( ) NAMED_UNIT ( * ) SI_UNIT ( .MILLI., .METRE. ) );
#4513 = MECHANICAL_DESIGN_GEOMETRIC_PRESENTATION_REPRESENTATION (  '', ( #4515 ), #4508 ) ;
#4514 = PRESENTATION_LAYER_ASSIGNMENT (  '', '', ( #4515 ) ) ;
#4515 = STYLED_ITEM ( 'NONE', ( #4516 ), #808 ) ;
#4516 = PRESENTATION_STYLE_ASSIGNMENT (( #4517 ) ) ;
#4517 = SURFACE_STYLE_USAGE ( .BOTH. , #4518 ) ;
#4518 = SURFACE_SIDE_STYLE ('',( #4519 ) ) ;
#4519 = SURFACE_STYLE_FILL_AREA ( #4520 ) ;
#4520 = FILL_AREA_STYLE ('',( #4527 ) ) ;
#4521 = COLOUR_RGB ( '',0.7529411764705882200, 0.7529411764705882200, 0.7529411764705882200 ) ;
#4522 = FACE_OUTER_BOUND ( 'NONE', #731, .T. ) ;
#4523 = DIRECTION ( 'NONE',  ( 0.0000000000000000000, 1.000000000000000000, 8.340016711426957800E-017 ) ) ;
#4524 = VECTOR ( 'NONE', #4523, 1000.000000000000000 ) ;
#4525 = CARTESIAN_POINT ( 'NONE',  ( -5.250000000000000000, 1.849999999999999600, 2.349999999999998300 ) ) ;
#4526 = LINE ( 'NONE', #4525, #4524 ) ;
#4527 = FILL_AREA_STYLE_COLOUR ( '', #4521 ) ;
#4528 =( GEOMETRIC_REPRESENTATION_CONTEXT ( 3 ) GLOBAL_UNCERTAINTY_ASSIGNED_CONTEXT ( ( #4529 ) ) GLOBAL_UNIT_ASSIGNED_CONTEXT ( ( #4532, #4531, #4530 ) ) REPRESENTATION_CONTEXT ( 'NONE', 'WORKASPACE' ) );
#4529 = UNCERTAINTY_MEASURE_WITH_UNIT (LENGTH_MEASURE( 1.000000000000000100E-005 ), #4532, 'distance_accuracy_value', 'NONE');
#4530 =( NAMED_UNIT ( * ) SI_UNIT ( $, .STERADIAN. ) SOLID_ANGLE_UNIT ( ) );
#4531 =( NAMED_UNIT ( * ) PLANE_ANGLE_UNIT ( ) SI_UNIT ( $, .RADIAN. ) );
#4532 =( LENGTH_UNIT ( ) NAMED_UNIT ( * ) SI_UNIT ( .MILLI., .METRE. ) );
#4533 = MECHANICAL_DESIGN_GEOMETRIC_PRESENTATION_REPRESENTATION (  '', ( #4535 ), #4528 ) ;
#4534 = PRESENTATION_LAYER_ASSIGNMENT (  '', '', ( #4535 ) ) ;
#4535 = STYLED_ITEM ( 'NONE', ( #4536 ), #822 ) ;
#4536 = PRESENTATION_STYLE_ASSIGNMENT (( #4537 ) ) ;
#4537 = SURFACE_STYLE_USAGE ( .BOTH. , #4538 ) ;
#4538 = SURFACE_SIDE_STYLE ('',( #4539 ) ) ;
#4539 = SURFACE_STYLE_FILL_AREA ( #4540 ) ;
#4540 = FILL_AREA_STYLE ('',( #4547 ) ) ;
#4541 = COLOUR_RGB ( '',0.7529411764705882200, 0.7529411764705882200, 0.7529411764705882200 ) ;
#4542 = FACE_OUTER_BOUND ( 'NONE', #823, .T. ) ;
#4543 = DIRECTION ( 'NONE',  ( 0.0000000000000000000, 0.0000000000000000000, -1.000000000000000000 ) ) ;
#4544 = VECTOR ( 'NONE', #4543, 1000.000000000000000 ) ;
#4545 = CARTESIAN_POINT ( 'NONE',  ( -5.250000000000000000, -5.549999999999999800, 0.4999999999999980600 ) ) ;
#4546 = LINE ( 'NONE', #4545, #4544 ) ;
#4547 = FILL_AREA_STYLE_COLOUR ( '', #4541 ) ;
#4548 = CARTESIAN_POINT ( 'NONE',  ( -5.250000000000000000, -5.549999999999999800, -0.1000000000000018900 ) ) ;
#4549 = DIRECTION ( 'NONE',  ( 0.0000000000000000000, 1.000000000000000000, 1.514694211560631100E-016 ) ) ;
#4550 = VECTOR ( 'NONE', #4549, 1000.000000000000000 ) ;
#4551 = CARTESIAN_POINT ( 'NONE',  ( -5.250000000000000000, -3.850000000000000100, -0.1000000000000016300 ) ) ;
#4552 = LINE ( 'NONE', #4551, #4550 ) ;
#4553 = CARTESIAN_POINT ( 'NONE',  ( -7.250000000000000000, 1.849999999999999600, 2.849999999999998300 ) ) ;
#4554 = CARTESIAN_POINT ( 'NONE',  ( -7.250000000000000000, 1.849999999999999600, 2.349999999999998300 ) ) ;
#4555 = DIRECTION ( 'NONE',  ( 0.0000000000000000000, 0.0000000000000000000, 1.000000000000000000 ) ) ;
#4556 = VECTOR ( 'NONE', #4555, 1000.000000000000000 ) ;
#4557 = CARTESIAN_POINT ( 'NONE',  ( -7.250000000000000000, 1.849999999999999600, 2.849999999999998300 ) ) ;
#4558 =( NAMED_UNIT ( * ) SI_UNIT ( $, .STERADIAN. ) SOLID_ANGLE_UNIT ( ) );
#4559 =( NAMED_UNIT ( * ) PLANE_ANGLE_UNIT ( ) SI_UNIT ( $, .RADIAN. ) );
#4560 =( LENGTH_UNIT ( ) NAMED_UNIT ( * ) SI_UNIT ( .MILLI., .METRE. ) );
#4561 = MECHANICAL_DESIGN_GEOMETRIC_PRESENTATION_REPRESENTATION (  '', ( #4563 ), #4614 ) ;
#4562 = PRESENTATION_LAYER_ASSIGNMENT (  '', '', ( #4563 ) ) ;
#4563 = STYLED_ITEM ( 'NONE', ( #4564 ), #836 ) ;
#4564 = PRESENTATION_STYLE_ASSIGNMENT (( #4565 ) ) ;
#4565 = SURFACE_STYLE_USAGE ( .BOTH. , #4566 ) ;
#4566 = SURFACE_SIDE_STYLE ('',( #4567 ) ) ;
#4567 = SURFACE_STYLE_FILL_AREA ( #4568 ) ;
#4568 = FILL_AREA_STYLE ('',( #4575 ) ) ;
#4569 = COLOUR_RGB ( '',0.7529411764705882200, 0.7529411764705882200, 0.7529411764705882200 ) ;
#4570 = FACE_OUTER_BOUND ( 'NONE', #837, .T. ) ;
#4571 = DIRECTION ( 'NONE',  ( 0.0000000000000000000, 1.000000000000000000, 1.514694211560631100E-016 ) ) ;
#4572 = VECTOR ( 'NONE', #4571, 1000.000000000000000 ) ;
#4573 = CARTESIAN_POINT ( 'NONE',  ( -4.750000000000000900, -3.850000000000000100, -0.1000000000000016300 ) ) ;
#4574 = LINE ( 'NONE', #4573, #4572 ) ;
#4575 = FILL_AREA_STYLE_COLOUR ( '', #4569 ) ;
#4576 = CARTESIAN_POINT ( 'NONE',  ( -4.750000000000000900, -5.549999999999999800, -0.1000000000000018900 ) ) ;
#4577 = DIRECTION ( 'NONE',  ( 0.0000000000000000000, 0.0000000000000000000, -1.000000000000000000 ) ) ;
#4578 = VECTOR ( 'NONE', #4577, 1000.000000000000000 ) ;
#4579 = CARTESIAN_POINT ( 'NONE',  ( -4.750000000000000900, -5.549999999999999800, 0.4999999999999980600 ) ) ;
#4580 = LINE ( 'NONE', #4579, #4578 ) ;
#4581 = DIRECTION ( 'NONE',  ( -1.000000000000000000, 0.0000000000000000000, 0.0000000000000000000 ) ) ;
#4582 = VECTOR ( 'NONE', #4581, 1000.000000000000000 ) ;
#4583 = CARTESIAN_POINT ( 'NONE',  ( -4.750000000000000900, -5.549999999999999800, -0.1000000000000018900 ) ) ;
#4584 = LINE ( 'NONE', #4583, #4582 ) ;
#4585 = DIRECTION ( 'NONE',  ( 0.0000000000000000000, 0.0000000000000000000, 1.000000000000000000 ) ) ;
#4586 = DIRECTION ( 'NONE',  ( 0.0000000000000000000, 1.000000000000000000, 0.0000000000000000000 ) ) ;
#4587 = CARTESIAN_POINT ( 'NONE',  ( -4.750000000000000900, -5.549999999999999800, 0.4999999999999980600 ) ) ;
#4588 = AXIS2_PLACEMENT_3D ( 'NONE', #4587, #4586, #4585 ) ;
#4589 = PLANE ( 'NONE',  #4588 ) ;
#4590 = UNCERTAINTY_MEASURE_WITH_UNIT (LENGTH_MEASURE( 1.000000000000000100E-005 ), #4593, 'distance_accuracy_value', 'NONE');
#4591 =( NAMED_UNIT ( * ) SI_UNIT ( $, .STERADIAN. ) SOLID_ANGLE_UNIT ( ) );
#4592 =( NAMED_UNIT ( * ) PLANE_ANGLE_UNIT ( ) SI_UNIT ( $, .RADIAN. ) );
#4593 =( LENGTH_UNIT ( ) NAMED_UNIT ( * ) SI_UNIT ( .MILLI., .METRE. ) );
#4594 = MECHANICAL_DESIGN_GEOMETRIC_PRESENTATION_REPRESENTATION (  '', ( #4596 ), #4648 ) ;
#4595 = PRESENTATION_LAYER_ASSIGNMENT (  '', '', ( #4596 ) ) ;
#4596 = STYLED_ITEM ( 'NONE', ( #4597 ), #840 ) ;
#4597 = PRESENTATION_STYLE_ASSIGNMENT (( #4598 ) ) ;
#4598 = SURFACE_STYLE_USAGE ( .BOTH. , #4599 ) ;
#4599 = SURFACE_SIDE_STYLE ('',( #4600 ) ) ;
#4600 = SURFACE_STYLE_FILL_AREA ( #4601 ) ;
#4601 = FILL_AREA_STYLE ('',( #4608 ) ) ;
#4602 = COLOUR_RGB ( '',0.7529411764705882200, 0.7529411764705882200, 0.7529411764705882200 ) ;
#4603 = FACE_OUTER_BOUND ( 'NONE', #841, .T. ) ;
#4604 = DIRECTION ( 'NONE',  ( -1.000000000000000000, 0.0000000000000000000, 0.0000000000000000000 ) ) ;
#4605 = VECTOR ( 'NONE', #4604, 1000.000000000000000 ) ;
#4606 = CARTESIAN_POINT ( 'NONE',  ( -4.750000000000000900, -3.850000000000000100, -0.1000000000000016300 ) ) ;
#4607 = LINE ( 'NONE', #4606, #4605 ) ;
#4608 = FILL_AREA_STYLE_COLOUR ( '', #4602 ) ;
#4609 = DIRECTION ( 'NONE',  ( 0.0000000000000000000, 0.0000000000000000000, -1.000000000000000000 ) ) ;
#4610 = DIRECTION ( 'NONE',  ( 1.000000000000000000, 0.0000000000000000000, 0.0000000000000000000 ) ) ;
#4611 = CARTESIAN_POINT ( 'NONE',  ( -5.250000000000000000, -4.150000000000000400, 2.849999999999998300 ) ) ;
#4612 = AXIS2_PLACEMENT_3D ( 'NONE', #4611, #4610, #4609 ) ;
#4613 = PLANE ( 'NONE',  #4612 ) ;
#4614 =( GEOMETRIC_REPRESENTATION_CONTEXT ( 3 ) GLOBAL_UNCERTAINTY_ASSIGNED_CONTEXT ( ( #4615 ) ) GLOBAL_UNIT_ASSIGNED_CONTEXT ( ( #4560, #4559, #4558 ) ) REPRESENTATION_CONTEXT ( 'NONE', 'WORKASPACE' ) );
#4615 = UNCERTAINTY_MEASURE_WITH_UNIT (LENGTH_MEASURE( 1.000000000000000100E-005 ), #4560, 'distance_accuracy_value', 'NONE');
#4616 =( NAMED_UNIT ( * ) PLANE_ANGLE_UNIT ( ) SI_UNIT ( $, .RADIAN. ) );
#4617 =( LENGTH_UNIT ( ) NAMED_UNIT ( * ) SI_UNIT ( .MILLI., .METRE. ) );
#4618 = MECHANICAL_DESIGN_GEOMETRIC_PRESENTATION_REPRESENTATION (  '', ( #4620 ), #4673 ) ;
#4619 = PRESENTATION_LAYER_ASSIGNMENT (  '', '', ( #4620 ) ) ;
#4620 = STYLED_ITEM ( 'NONE', ( #4621 ), #851 ) ;
#4621 = PRESENTATION_STYLE_ASSIGNMENT (( #4622 ) ) ;
#4622 = SURFACE_STYLE_USAGE ( .BOTH. , #4623 ) ;
#4623 = SURFACE_SIDE_STYLE ('',( #4624 ) ) ;
#4624 = SURFACE_STYLE_FILL_AREA ( #4625 ) ;
#4625 = FILL_AREA_STYLE ('',( #4632 ) ) ;
#4626 = COLOUR_RGB ( '',0.7529411764705882200, 0.7529411764705882200, 0.7529411764705882200 ) ;
#4627 = FACE_OUTER_BOUND ( 'NONE', #852, .T. ) ;
#4628 = DIRECTION ( 'NONE',  ( -1.000000000000000000, 0.0000000000000000000, 0.0000000000000000000 ) ) ;
#4629 = VECTOR ( 'NONE', #4628, 1000.000000000000000 ) ;
#4630 = CARTESIAN_POINT ( 'NONE',  ( -4.750000000000000900, -5.549999999999999800, 0.4999999999999980600 ) ) ;
#4631 = LINE ( 'NONE', #4630, #4629 ) ;
#4632 = FILL_AREA_STYLE_COLOUR ( '', #4626 ) ;
#4633 = CARTESIAN_POINT ( 'NONE',  ( -5.250000000000000000, -5.549999999999999800, 0.4999999999999980600 ) ) ;
#4634 = DIRECTION ( 'NONE',  ( 0.0000000000000000000, -1.000000000000000000, -1.548860246407863300E-016 ) ) ;
#4635 = VECTOR ( 'NONE', #4634, 1000.000000000000000 ) ;
#4636 = CARTESIAN_POINT ( 'NONE',  ( -5.250000000000000000, -4.150000000000000400, 0.4999999999999982800 ) ) ;
#4637 = LINE ( 'NONE', #4636, #4635 ) ;
#4638 = CARTESIAN_POINT ( 'NONE',  ( -4.750000000000000900, -5.549999999999999800, 0.4999999999999980600 ) ) ;
#4639 = DIRECTION ( 'NONE',  ( 0.0000000000000000000, -1.000000000000000000, -1.548860246407863300E-016 ) ) ;
#4640 = VECTOR ( 'NONE', #4639, 1000.000000000000000 ) ;
#4641 = CARTESIAN_POINT ( 'NONE',  ( -4.750000000000000900, -4.150000000000000400, 0.4999999999999982800 ) ) ;
#4642 = LINE ( 'NONE', #4641, #4640 ) ;
#4643 = DIRECTION ( 'NONE',  ( 0.0000000000000000000, 1.000000000000000000, 1.548860246407863300E-016 ) ) ;
#4644 = DIRECTION ( 'NONE',  ( 0.0000000000000000000, 1.548860246407863300E-016, -1.000000000000000000 ) ) ;
#4645 = CARTESIAN_POINT ( 'NONE',  ( -4.750000000000000900, -4.150000000000000400, 0.4999999999999982800 ) ) ;
#4646 = AXIS2_PLACEMENT_3D ( 'NONE', #4645, #4644, #4643 ) ;
#4647 = PLANE ( 'NONE',  #4646 ) ;
#4648 =( GEOMETRIC_REPRESENTATION_CONTEXT ( 3 ) GLOBAL_UNCERTAINTY_ASSIGNED_CONTEXT ( ( #4590 ) ) GLOBAL_UNIT_ASSIGNED_CONTEXT ( ( #4593, #4592, #4591 ) ) REPRESENTATION_CONTEXT ( 'NONE', 'WORKASPACE' ) );
#4649 = UNCERTAINTY_MEASURE_WITH_UNIT (LENGTH_MEASURE( 1.000000000000000100E-005 ), #4652, 'distance_accuracy_value', 'NONE');
#4650 =( NAMED_UNIT ( * ) SI_UNIT ( $, .STERADIAN. ) SOLID_ANGLE_UNIT ( ) );
#4651 =( NAMED_UNIT ( * ) PLANE_ANGLE_UNIT ( ) SI_UNIT ( $, .RADIAN. ) );
#4652 =( LENGTH_UNIT ( ) NAMED_UNIT ( * ) SI_UNIT ( .MILLI., .METRE. ) );
#4653 = MECHANICAL_DESIGN_GEOMETRIC_PRESENTATION_REPRESENTATION (  '', ( #4655 ), #4704 ) ;
#4654 = PRESENTATION_LAYER_ASSIGNMENT (  '', '', ( #4655 ) ) ;
#4655 = STYLED_ITEM ( 'NONE', ( #4656 ), #855 ) ;
#4656 = PRESENTATION_STYLE_ASSIGNMENT (( #4657 ) ) ;
#4657 = SURFACE_STYLE_USAGE ( .BOTH. , #4658 ) ;
#4658 = SURFACE_SIDE_STYLE ('',( #4659 ) ) ;
#4659 = SURFACE_STYLE_FILL_AREA ( #4660 ) ;
#4660 = FILL_AREA_STYLE ('',( #4667 ) ) ;
#4661 = COLOUR_RGB ( '',0.7529411764705882200, 0.7529411764705882200, 0.7529411764705882200 ) ;
#4662 = FACE_OUTER_BOUND ( 'NONE', #856, .T. ) ;
#4663 = DIRECTION ( 'NONE',  ( 0.0000000000000000000, 1.000000000000000000, 8.340016711426957800E-017 ) ) ;
#4664 = VECTOR ( 'NONE', #4663, 1000.000000000000000 ) ;
#4665 = CARTESIAN_POINT ( 'NONE',  ( -7.250000000000000000, 1.849999999999999600, 2.349999999999998300 ) ) ;
#4666 = LINE ( 'NONE', #4665, #4664 ) ;
#4667 = FILL_AREA_STYLE_COLOUR ( '', #4661 ) ;
#4668 = DIRECTION ( 'NONE',  ( 0.0000000000000000000, -0.7071067811865476800, -0.7071067811865472400 ) ) ;
#4669 = DIRECTION ( 'NONE',  ( 0.0000000000000000000, -0.7071067811865473500, 0.7071067811865477900 ) ) ;
#4670 = CARTESIAN_POINT ( 'NONE',  ( -6.750000000000000900, -3.349999999999999600, 0.3999999999999984700 ) ) ;
#4671 = AXIS2_PLACEMENT_3D ( 'NONE', #4670, #4669, #4668 ) ;
#4672 = PLANE ( 'NONE',  #4671 ) ;
#4673 =( GEOMETRIC_REPRESENTATION_CONTEXT ( 3 ) GLOBAL_UNCERTAINTY_ASSIGNED_CONTEXT ( ( #4674 ) ) GLOBAL_UNIT_ASSIGNED_CONTEXT ( ( #4617, #4616, #4675 ) ) REPRESENTATION_CONTEXT ( 'NONE', 'WORKASPACE' ) );
#4674 = UNCERTAINTY_MEASURE_WITH_UNIT (LENGTH_MEASURE( 1.000000000000000100E-005 ), #4617, 'distance_accuracy_value', 'NONE');
#4675 =( NAMED_UNIT ( * ) SI_UNIT ( $, .STERADIAN. ) SOLID_ANGLE_UNIT ( ) );
#4676 = UNCERTAINTY_MEASURE_WITH_UNIT (LENGTH_MEASURE( 1.000000000000000100E-005 ), #4679, 'distance_accuracy_value', 'NONE');
#4677 =( NAMED_UNIT ( * ) SI_UNIT ( $, .STERADIAN. ) SOLID_ANGLE_UNIT ( ) );
#4678 =( NAMED_UNIT ( * ) PLANE_ANGLE_UNIT ( ) SI_UNIT ( $, .RADIAN. ) );
#4679 =( LENGTH_UNIT ( ) NAMED_UNIT ( * ) SI_UNIT ( .MILLI., .METRE. ) );
#4680 = MECHANICAL_DESIGN_GEOMETRIC_PRESENTATION_REPRESENTATION (  '', ( #4682 ), #4736 ) ;
#4681 = PRESENTATION_LAYER_ASSIGNMENT (  '', '', ( #4682 ) ) ;
#4682 = STYLED_ITEM ( 'NONE', ( #4683 ), #863 ) ;
#4683 = PRESENTATION_STYLE_ASSIGNMENT (( #4684 ) ) ;
#4684 = SURFACE_STYLE_USAGE ( .BOTH. , #4685 ) ;
#4685 = SURFACE_SIDE_STYLE ('',( #4686 ) ) ;
#4686 = SURFACE_STYLE_FILL_AREA ( #4687 ) ;
#4687 = FILL_AREA_STYLE ('',( #4694 ) ) ;
#4688 = COLOUR_RGB ( '',0.7529411764705882200, 0.7529411764705882200, 0.7529411764705882200 ) ;
#4689 = FACE_OUTER_BOUND ( 'NONE', #864, .T. ) ;
#4690 = DIRECTION ( 'NONE',  ( 0.0000000000000000000, 1.000000000000000000, 8.340016711426957800E-017 ) ) ;
#4691 = VECTOR ( 'NONE', #4690, 1000.000000000000000 ) ;
#4692 = CARTESIAN_POINT ( 'NONE',  ( -6.750000000000000900, 1.849999999999999600, 2.349999999999998300 ) ) ;
#4693 = LINE ( 'NONE', #4692, #4691 ) ;
#4694 = FILL_AREA_STYLE_COLOUR ( '', #4688 ) ;
#4695 = DIRECTION ( 'NONE',  ( 0.0000000000000000000, -1.000000000000000000, 0.0000000000000000000 ) ) ;
#4696 = VECTOR ( 'NONE', #4695, 1000.000000000000000 ) ;
#4697 = CARTESIAN_POINT ( 'NONE',  ( -6.750000000000000900, -4.150000000000000400, 2.849999999999998300 ) ) ;
#4698 = LINE ( 'NONE', #4697, #4696 ) ;
#4699 = DIRECTION ( 'NONE',  ( 0.0000000000000000000, 0.0000000000000000000, -1.000000000000000000 ) ) ;
#4700 = DIRECTION ( 'NONE',  ( 1.000000000000000000, 0.0000000000000000000, 0.0000000000000000000 ) ) ;
#4701 = CARTESIAN_POINT ( 'NONE',  ( -6.750000000000000900, -4.150000000000000400, 2.849999999999998300 ) ) ;
#4702 = AXIS2_PLACEMENT_3D ( 'NONE', #4701, #4700, #4699 ) ;
#4703 = PLANE ( 'NONE',  #4702 ) ;
#4704 =( GEOMETRIC_REPRESENTATION_CONTEXT ( 3 ) GLOBAL_UNCERTAINTY_ASSIGNED_CONTEXT ( ( #4649 ) ) GLOBAL_UNIT_ASSIGNED_CONTEXT ( ( #4652, #4651, #4650 ) ) REPRESENTATION_CONTEXT ( 'NONE', 'WORKASPACE' ) );
#4705 =( LENGTH_UNIT ( ) NAMED_UNIT ( * ) SI_UNIT ( .MILLI., .METRE. ) );
#4706 = MECHANICAL_DESIGN_GEOMETRIC_PRESENTATION_REPRESENTATION (  '', ( #4708 ), #4759 ) ;
#4707 = PRESENTATION_LAYER_ASSIGNMENT (  '', '', ( #4708 ) ) ;
#4708 = STYLED_ITEM ( 'NONE', ( #4709 ), #873 ) ;
#4709 = PRESENTATION_STYLE_ASSIGNMENT (( #4710 ) ) ;
#4710 = SURFACE_STYLE_USAGE ( .BOTH. , #4711 ) ;
#4711 = SURFACE_SIDE_STYLE ('',( #4712 ) ) ;
#4712 = SURFACE_STYLE_FILL_AREA ( #4713 ) ;
#4713 = FILL_AREA_STYLE ('',( #4720 ) ) ;
#4714 = COLOUR_RGB ( '',0.7529411764705882200, 0.7529411764705882200, 0.7529411764705882200 ) ;
#4715 = FACE_OUTER_BOUND ( 'NONE', #874, .T. ) ;
#4716 = DIRECTION ( 'NONE',  ( -1.000000000000000000, 0.0000000000000000000, 0.0000000000000000000 ) ) ;
#4717 = VECTOR ( 'NONE', #4716, 1000.000000000000000 ) ;
#4718 = CARTESIAN_POINT ( 'NONE',  ( -6.750000000000000900, 1.849999999999999600, 2.349999999999998300 ) ) ;
#4719 = LINE ( 'NONE', #4718, #4717 ) ;
#4720 = FILL_AREA_STYLE_COLOUR ( '', #4714 ) ;
#4721 = CARTESIAN_POINT ( 'NONE',  ( -6.750000000000000900, 1.849999999999999600, 2.349999999999998300 ) ) ;
#4722 = DIRECTION ( 'NONE',  ( 0.0000000000000000000, 0.0000000000000000000, 1.000000000000000000 ) ) ;
#4723 = VECTOR ( 'NONE', #4722, 1000.000000000000000 ) ;
#4724 = CARTESIAN_POINT ( 'NONE',  ( -6.750000000000000900, 1.849999999999999600, 2.849999999999998300 ) ) ;
#4725 = LINE ( 'NONE', #4724, #4723 ) ;
#4726 = CARTESIAN_POINT ( 'NONE',  ( -6.750000000000000900, 1.849999999999999600, 2.849999999999998300 ) ) ;
#4727 = DIRECTION ( 'NONE',  ( -1.000000000000000000, 0.0000000000000000000, 0.0000000000000000000 ) ) ;
#4728 = VECTOR ( 'NONE', #4727, 1000.000000000000000 ) ;
#4729 = CARTESIAN_POINT ( 'NONE',  ( -6.750000000000000900, 1.849999999999999600, 2.849999999999998300 ) ) ;
#4730 = LINE ( 'NONE', #4729, #4728 ) ;
#4731 = DIRECTION ( 'NONE',  ( -1.000000000000000000, 0.0000000000000000000, 0.0000000000000000000 ) ) ;
#4732 = DIRECTION ( 'NONE',  ( 0.0000000000000000000, 0.0000000000000000000, -1.000000000000000000 ) ) ;
#4733 = CARTESIAN_POINT ( 'NONE',  ( -6.750000000000000900, -4.150000000000000400, 2.849999999999998300 ) ) ;
#4734 = AXIS2_PLACEMENT_3D ( 'NONE', #4733, #4732, #4731 ) ;
#4735 = PLANE ( 'NONE',  #4734 ) ;
#4736 =( GEOMETRIC_REPRESENTATION_CONTEXT ( 3 ) GLOBAL_UNCERTAINTY_ASSIGNED_CONTEXT ( ( #4676 ) ) GLOBAL_UNIT_ASSIGNED_CONTEXT ( ( #4679, #4678, #4677 ) ) REPRESENTATION_CONTEXT ( 'NONE', 'WORKASPACE' ) );
#4737 =( NAMED_UNIT ( * ) PLANE_ANGLE_UNIT ( ) SI_UNIT ( $, .RADIAN. ) );
#4738 =( LENGTH_UNIT ( ) NAMED_UNIT ( * ) SI_UNIT ( .MILLI., .METRE. ) );
#4739 = MECHANICAL_DESIGN_GEOMETRIC_PRESENTATION_REPRESENTATION (  '', ( #4741 ), #4784 ) ;
#4740 = PRESENTATION_LAYER_ASSIGNMENT (  '', '', ( #4741 ) ) ;
#4741 = STYLED_ITEM ( 'NONE', ( #4742 ), #881 ) ;
#4742 = PRESENTATION_STYLE_ASSIGNMENT (( #4743 ) ) ;
#4743 = SURFACE_STYLE_USAGE ( .BOTH. , #4744 ) ;
#4744 = SURFACE_SIDE_STYLE ('',( #4745 ) ) ;
#4745 = SURFACE_STYLE_FILL_AREA ( #4746 ) ;
#4746 = FILL_AREA_STYLE ('',( #4753 ) ) ;
#4747 = COLOUR_RGB ( '',0.7529411764705882200, 0.7529411764705882200, 0.7529411764705882200 ) ;
#4748 = FACE_OUTER_BOUND ( 'NONE', #882, .T. ) ;
#4749 = DIRECTION ( 'NONE',  ( 0.0000000000000000000, -1.000000000000000000, 0.0000000000000000000 ) ) ;
#4750 = VECTOR ( 'NONE', #4749, 1000.000000000000000 ) ;
#4751 = CARTESIAN_POINT ( 'NONE',  ( -7.250000000000000000, -4.150000000000000400, 2.849999999999998300 ) ) ;
#4752 = LINE ( 'NONE', #4751, #4750 ) ;
#4753 = FILL_AREA_STYLE_COLOUR ( '', #4747 ) ;
#4754 = DIRECTION ( 'NONE',  ( 0.0000000000000000000, 0.0000000000000000000, -1.000000000000000000 ) ) ;
#4755 = DIRECTION ( 'NONE',  ( 1.000000000000000000, 0.0000000000000000000, 0.0000000000000000000 ) ) ;
#4756 = CARTESIAN_POINT ( 'NONE',  ( -7.250000000000000000, -4.150000000000000400, 2.849999999999998300 ) ) ;
#4757 = AXIS2_PLACEMENT_3D ( 'NONE', #4756, #4755, #4754 ) ;
#4758 = PLANE ( 'NONE',  #4757 ) ;
#4759 =( GEOMETRIC_REPRESENTATION_CONTEXT ( 3 ) GLOBAL_UNCERTAINTY_ASSIGNED_CONTEXT ( ( #4760 ) ) GLOBAL_UNIT_ASSIGNED_CONTEXT ( ( #4705, #4762, #4761 ) ) REPRESENTATION_CONTEXT ( 'NONE', 'WORKASPACE' ) );
#4760 = UNCERTAINTY_MEASURE_WITH_UNIT (LENGTH_MEASURE( 1.000000000000000100E-005 ), #4705, 'distance_accuracy_value', 'NONE');
#4761 =( NAMED_UNIT ( * ) SI_UNIT ( $, .STERADIAN. ) SOLID_ANGLE_UNIT ( ) );
#4762 =( NAMED_UNIT ( * ) PLANE_ANGLE_UNIT ( ) SI_UNIT ( $, .RADIAN. ) );
#4763 =( GEOMETRIC_REPRESENTATION_CONTEXT ( 3 ) GLOBAL_UNCERTAINTY_ASSIGNED_CONTEXT ( ( #4764 ) ) GLOBAL_UNIT_ASSIGNED_CONTEXT ( ( #4767, #4766, #4765 ) ) REPRESENTATION_CONTEXT ( 'NONE', 'WORKASPACE' ) );
#4764 = UNCERTAINTY_MEASURE_WITH_UNIT (LENGTH_MEASURE( 1.000000000000000100E-005 ), #4767, 'distance_accuracy_value', 'NONE');
#4765 =( NAMED_UNIT ( * ) SI_UNIT ( $, .STERADIAN. ) SOLID_ANGLE_UNIT ( ) );
#4766 =( NAMED_UNIT ( * ) PLANE_ANGLE_UNIT ( ) SI_UNIT ( $, .RADIAN. ) );
#4767 =( LENGTH_UNIT ( ) NAMED_UNIT ( * ) SI_UNIT ( .MILLI., .METRE. ) );
#4768 = MECHANICAL_DESIGN_GEOMETRIC_PRESENTATION_REPRESENTATION (  '', ( #4770 ), #4763 ) ;
#4769 = PRESENTATION_LAYER_ASSIGNMENT (  '', '', ( #4770 ) ) ;
#4770 = STYLED_ITEM ( 'NONE', ( #4771 ), #887 ) ;
#4771 = PRESENTATION_STYLE_ASSIGNMENT (( #4772 ) ) ;
#4772 = SURFACE_STYLE_USAGE ( .BOTH. , #4773 ) ;
#4773 = SURFACE_SIDE_STYLE ('',( #4774 ) ) ;
#4774 = SURFACE_STYLE_FILL_AREA ( #4775 ) ;
#4775 = FILL_AREA_STYLE ('',( #4782 ) ) ;
#4776 = COLOUR_RGB ( '',0.7529411764705882200, 0.7529411764705882200, 0.7529411764705882200 ) ;
#4777 = FACE_OUTER_BOUND ( 'NONE', #809, .T. ) ;
#4778 = DIRECTION ( 'NONE',  ( 0.0000000000000000000, -1.000000000000000000, -1.514694211560631100E-016 ) ) ;
#4779 = DIRECTION ( 'NONE',  ( 0.0000000000000000000, -1.514694211560631100E-016, 1.000000000000000000 ) ) ;
#4780 = CARTESIAN_POINT ( 'NONE',  ( -4.750000000000000900, -3.850000000000000100, -0.1000000000000016300 ) ) ;
#4781 = AXIS2_PLACEMENT_3D ( 'NONE', #4780, #4779, #4778 ) ;
#4782 = FILL_AREA_STYLE_COLOUR ( '', #4776 ) ;
#4783 = PLANE ( 'NONE',  #4781 ) ;
#4784 =( GEOMETRIC_REPRESENTATION_CONTEXT ( 3 ) GLOBAL_UNCERTAINTY_ASSIGNED_CONTEXT ( ( #4785 ) ) GLOBAL_UNIT_ASSIGNED_CONTEXT ( ( #4738, #4737, #4786 ) ) REPRESENTATION_CONTEXT ( 'NONE', 'WORKASPACE' ) );
#4785 = UNCERTAINTY_MEASURE_WITH_UNIT (LENGTH_MEASURE( 1.000000000000000100E-005 ), #4738, 'distance_accuracy_value', 'NONE');
#4786 =( NAMED_UNIT ( * ) SI_UNIT ( $, .STERADIAN. ) SOLID_ANGLE_UNIT ( ) );
#4787 =( LENGTH_UNIT ( ) NAMED_UNIT ( * ) SI_UNIT ( .MILLI., .METRE. ) );
#4788 = MECHANICAL_DESIGN_GEOMETRIC_PRESENTATION_REPRESENTATION (  '', ( #4790 ), #4842 ) ;
#4789 = PRESENTATION_LAYER_ASSIGNMENT (  '', '', ( #4790 ) ) ;
#4790 = STYLED_ITEM ( 'NONE', ( #4791 ), #898 ) ;
#4791 = PRESENTATION_STYLE_ASSIGNMENT (( #4792 ) ) ;
#4792 = SURFACE_STYLE_USAGE ( .BOTH. , #4793 ) ;
#4793 = SURFACE_SIDE_STYLE ('',( #4794 ) ) ;
#4794 = SURFACE_STYLE_FILL_AREA ( #4795 ) ;
#4795 = FILL_AREA_STYLE ('',( #4802 ) ) ;
#4796 = COLOUR_RGB ( '',0.7529411764705882200, 0.7529411764705882200, 0.7529411764705882200 ) ;
#4797 = FACE_OUTER_BOUND ( 'NONE', #899, .T. ) ;
#4798 = DIRECTION ( 'NONE',  ( -1.000000000000000000, 0.0000000000000000000, 0.0000000000000000000 ) ) ;
#4799 = VECTOR ( 'NONE', #4798, 1000.000000000000000 ) ;
#4800 = CARTESIAN_POINT ( 'NONE',  ( -6.750000000000000900, -5.549999999999999800, 0.4999999999999980600 ) ) ;
#4801 = LINE ( 'NONE', #4800, #4799 ) ;
#4802 = FILL_AREA_STYLE_COLOUR ( '', #4796 ) ;
#4803 = CARTESIAN_POINT ( 'NONE',  ( -7.250000000000000000, -5.549999999999999800, 0.4999999999999980600 ) ) ;
#4804 = DIRECTION ( 'NONE',  ( 0.0000000000000000000, -1.000000000000000000, -1.548860246407863300E-016 ) ) ;
#4805 = VECTOR ( 'NONE', #4804, 1000.000000000000000 ) ;
#4806 = CARTESIAN_POINT ( 'NONE',  ( -7.250000000000000000, -4.150000000000000400, 0.4999999999999982800 ) ) ;
#4807 = LINE ( 'NONE', #4806, #4805 ) ;
#4808 = DIRECTION ( 'NONE',  ( 0.0000000000000000000, 0.0000000000000000000, -1.000000000000000000 ) ) ;
#4809 = VECTOR ( 'NONE', #4808, 1000.000000000000000 ) ;
#4810 = CARTESIAN_POINT ( 'NONE',  ( -7.250000000000000000, -5.549999999999999800, 0.4999999999999980600 ) ) ;
#4811 = LINE ( 'NONE', #4810, #4809 ) ;
#4812 = CARTESIAN_POINT ( 'NONE',  ( -7.250000000000000000, -5.549999999999999800, -0.1000000000000018900 ) ) ;
#4813 = DIRECTION ( 'NONE',  ( 0.0000000000000000000, 1.000000000000000000, 1.514694211560631100E-016 ) ) ;
#4814 = VECTOR ( 'NONE', #4813, 1000.000000000000000 ) ;
#4815 = CARTESIAN_POINT ( 'NONE',  ( -7.250000000000000000, -3.850000000000000100, -0.1000000000000016300 ) ) ;
#4816 = LINE ( 'NONE', #4815, #4814 ) ;
#4817 = DIRECTION ( 'NONE',  ( 0.0000000000000000000, 0.0000000000000000000, -1.000000000000000000 ) ) ;
#4818 = DIRECTION ( 'NONE',  ( 0.0000000000000000000, -1.000000000000000000, 0.0000000000000000000 ) ) ;
#4819 = CARTESIAN_POINT ( 'NONE',  ( -6.750000000000000900, 1.849999999999999600, 2.849999999999998300 ) ) ;
#4820 = AXIS2_PLACEMENT_3D ( 'NONE', #4819, #4818, #4817 ) ;
#4821 = PLANE ( 'NONE',  #4820 ) ;
#4822 = CARTESIAN_POINT ( 'NONE',  ( -6.750000000000000900, -3.850000000000000100, -0.1000000000000016300 ) ) ;
#4823 = DIRECTION ( 'NONE',  ( 0.0000000000000000000, 0.7071067811865476800, 0.7071067811865472400 ) ) ;
#4824 = VECTOR ( 'NONE', #4823, 1000.000000000000100 ) ;
#4825 = CARTESIAN_POINT ( 'NONE',  ( -6.750000000000000900, -3.349999999999999600, 0.3999999999999984700 ) ) ;
#4826 = LINE ( 'NONE', #4825, #4824 ) ;
#4827 = CARTESIAN_POINT ( 'NONE',  ( -7.250000000000000000, -3.850000000000000100, -0.1000000000000016300 ) ) ;
#4828 = DIRECTION ( 'NONE',  ( 0.0000000000000000000, 0.7071067811865476800, 0.7071067811865472400 ) ) ;
#4829 = VECTOR ( 'NONE', #4828, 1000.000000000000100 ) ;
#4830 = CARTESIAN_POINT ( 'NONE',  ( -7.250000000000000000, -3.349999999999999600, 0.3999999999999984700 ) ) ;
#4831 = LINE ( 'NONE', #4830, #4829 ) ;
#4832 = CARTESIAN_POINT ( 'NONE',  ( -6.750000000000000900, -5.549999999999999800, -0.1000000000000018900 ) ) ;
#4833 = DIRECTION ( 'NONE',  ( 0.0000000000000000000, 0.0000000000000000000, -1.000000000000000000 ) ) ;
#4834 = VECTOR ( 'NONE', #4833, 1000.000000000000000 ) ;
#4835 = CARTESIAN_POINT ( 'NONE',  ( -6.750000000000000900, -5.549999999999999800, 0.4999999999999980600 ) ) ;
#4836 = LINE ( 'NONE', #4835, #4834 ) ;
#4837 = DIRECTION ( 'NONE',  ( 0.0000000000000000000, 0.0000000000000000000, -1.000000000000000000 ) ) ;
#4838 = DIRECTION ( 'NONE',  ( 1.000000000000000000, 0.0000000000000000000, 0.0000000000000000000 ) ) ;
#4839 = CARTESIAN_POINT ( 'NONE',  ( -6.750000000000000900, -4.150000000000000400, 2.849999999999998300 ) ) ;
#4840 = AXIS2_PLACEMENT_3D ( 'NONE', #4839, #4838, #4837 ) ;
#4841 = PLANE ( 'NONE',  #4840 ) ;
#4842 =( GEOMETRIC_REPRESENTATION_CONTEXT ( 3 ) GLOBAL_UNCERTAINTY_ASSIGNED_CONTEXT ( ( #4843 ) ) GLOBAL_UNIT_ASSIGNED_CONTEXT ( ( #4787, #4845, #4844 ) ) REPRESENTATION_CONTEXT ( 'NONE', 'WORKASPACE' ) );
#4843 = UNCERTAINTY_MEASURE_WITH_UNIT (LENGTH_MEASURE( 1.000000000000000100E-005 ), #4787, 'distance_accuracy_value', 'NONE');
#4844 =( NAMED_UNIT ( * ) SI_UNIT ( $, .STERADIAN. ) SOLID_ANGLE_UNIT ( ) );
#4845 =( NAMED_UNIT ( * ) PLANE_ANGLE_UNIT ( ) SI_UNIT ( $, .RADIAN. ) );
#4846 = LINE ( 'NONE', #4902, #4901 ) ;
#4847 = DIRECTION ( 'NONE',  ( 1.000000000000000000, 0.0000000000000000000, 0.0000000000000000000 ) ) ;
#4848 = DIRECTION ( 'NONE',  ( 0.0000000000000000000, 1.000000000000000000, 1.548860246407863300E-016 ) ) ;
#4849 = DIRECTION ( 'NONE',  ( 0.0000000000000000000, 1.548860246407863300E-016, -1.000000000000000000 ) ) ;
#4850 = CARTESIAN_POINT ( 'NONE',  ( -6.750000000000000900, -4.150000000000000400, 0.4999999999999982800 ) ) ;
#4851 = AXIS2_PLACEMENT_3D ( 'NONE', #4850, #4849, #4848 ) ;
#4852 = PLANE ( 'NONE',  #4851 ) ;
#4853 =( GEOMETRIC_REPRESENTATION_CONTEXT ( 3 ) GLOBAL_UNCERTAINTY_ASSIGNED_CONTEXT ( ( #4854 ) ) GLOBAL_UNIT_ASSIGNED_CONTEXT ( ( #4857, #4856, #4855 ) ) REPRESENTATION_CONTEXT ( 'NONE', 'WORKASPACE' ) );
#4854 = UNCERTAINTY_MEASURE_WITH_UNIT (LENGTH_MEASURE( 1.000000000000000100E-005 ), #4857, 'distance_accuracy_value', 'NONE');
#4855 =( NAMED_UNIT ( * ) SI_UNIT ( $, .STERADIAN. ) SOLID_ANGLE_UNIT ( ) );
#4856 =( NAMED_UNIT ( * ) PLANE_ANGLE_UNIT ( ) SI_UNIT ( $, .RADIAN. ) );
#4857 =( LENGTH_UNIT ( ) NAMED_UNIT ( * ) SI_UNIT ( .MILLI., .METRE. ) );
#4858 = MECHANICAL_DESIGN_GEOMETRIC_PRESENTATION_REPRESENTATION (  '', ( #4860 ), #4853 ) ;
#4859 = PRESENTATION_LAYER_ASSIGNMENT (  '', '', ( #4860 ) ) ;
#4860 = STYLED_ITEM ( 'NONE', ( #4861 ), #915 ) ;
#4861 = PRESENTATION_STYLE_ASSIGNMENT (( #4862 ) ) ;
#4862 = SURFACE_STYLE_USAGE ( .BOTH. , #4863 ) ;
#4863 = SURFACE_SIDE_STYLE ('',( #4864 ) ) ;
#4864 = SURFACE_STYLE_FILL_AREA ( #4865 ) ;
#4865 = FILL_AREA_STYLE ('',( #4872 ) ) ;
#4866 = COLOUR_RGB ( '',0.7529411764705882200, 0.7529411764705882200, 0.7529411764705882200 ) ;
#4867 = FACE_OUTER_BOUND ( 'NONE', #916, .T. ) ;
#4868 = DIRECTION ( 'NONE',  ( -1.000000000000000000, 0.0000000000000000000, 0.0000000000000000000 ) ) ;
#4869 = VECTOR ( 'NONE', #4868, 1000.000000000000000 ) ;
#4870 = CARTESIAN_POINT ( 'NONE',  ( -6.750000000000000900, -3.850000000000000100, -0.1000000000000016300 ) ) ;
#4871 = LINE ( 'NONE', #4870, #4869 ) ;
#4872 = FILL_AREA_STYLE_COLOUR ( '', #4866 ) ;
#4873 = DIRECTION ( 'NONE',  ( 0.0000000000000000000, 1.000000000000000000, 1.257045997084642900E-016 ) ) ;
#4874 = VECTOR ( 'NONE', #4873, 1000.000000000000000 ) ;
#4875 = CARTESIAN_POINT ( 'NONE',  ( 7.400000000000000400, -2.710147050873544600, 4.999999999999995600 ) ) ;
#4876 = LINE ( 'NONE', #4875, #4874 ) ;
#4877 = PLANE ( 'NONE',  #4936 ) ;
#4878 = DIRECTION ( 'NONE',  ( 0.0000000000000000000, -1.000000000000000000, -8.340016711426957800E-017 ) ) ;
#4879 = DIRECTION ( 'NONE',  ( 0.0000000000000000000, -8.340016711426957800E-017, 1.000000000000000000 ) ) ;
#4880 = CARTESIAN_POINT ( 'NONE',  ( -6.750000000000000900, 1.849999999999999600, 2.349999999999998300 ) ) ;
#4881 = AXIS2_PLACEMENT_3D ( 'NONE', #4880, #4879, #4878 ) ;
#4882 = PLANE ( 'NONE',  #4881 ) ;
#4883 =( GEOMETRIC_REPRESENTATION_CONTEXT ( 3 ) GLOBAL_UNCERTAINTY_ASSIGNED_CONTEXT ( ( #4884 ) ) GLOBAL_UNIT_ASSIGNED_CONTEXT ( ( #4887, #4886, #4885 ) ) REPRESENTATION_CONTEXT ( 'NONE', 'WORKASPACE' ) );
#4884 = UNCERTAINTY_MEASURE_WITH_UNIT (LENGTH_MEASURE( 1.000000000000000100E-005 ), #4887, 'distance_accuracy_value', 'NONE');
#4885 =( NAMED_UNIT ( * ) SI_UNIT ( $, .STERADIAN. ) SOLID_ANGLE_UNIT ( ) );
#4886 =( NAMED_UNIT ( * ) PLANE_ANGLE_UNIT ( ) SI_UNIT ( $, .RADIAN. ) );
#4887 =( LENGTH_UNIT ( ) NAMED_UNIT ( * ) SI_UNIT ( .MILLI., .METRE. ) );
#4888 = MECHANICAL_DESIGN_GEOMETRIC_PRESENTATION_REPRESENTATION (  '', ( #4890 ), #4883 ) ;
#4889 = PRESENTATION_LAYER_ASSIGNMENT (  '', '', ( #4890 ) ) ;
#4890 = STYLED_ITEM ( 'NONE', ( #4891 ), #925 ) ;
#4891 = PRESENTATION_STYLE_ASSIGNMENT (( #4892 ) ) ;
#4892 = SURFACE_STYLE_USAGE ( .BOTH. , #4893 ) ;
#4893 = SURFACE_SIDE_STYLE ('',( #4894 ) ) ;
#4894 = SURFACE_STYLE_FILL_AREA ( #4895 ) ;
#4895 = FILL_AREA_STYLE ('',( #4896 ) ) ;
#4896 = FILL_AREA_STYLE_COLOUR ( '', #4897 ) ;
#4897 = COLOUR_RGB ( '',0.7529411764705882200, 0.7529411764705882200, 0.7529411764705882200 ) ;
#4898 = FACE_OUTER_BOUND ( 'NONE', #926, .T. ) ;
#4899 = CARTESIAN_POINT ( 'NONE',  ( -6.750000000000000900, -5.549999999999999800, 0.4999999999999980600 ) ) ;
#4900 = DIRECTION ( 'NONE',  ( 0.0000000000000000000, -1.000000000000000000, -1.548860246407863300E-016 ) ) ;
#4901 = VECTOR ( 'NONE', #4900, 1000.000000000000000 ) ;
#4902 = CARTESIAN_POINT ( 'NONE',  ( -6.750000000000000900, -4.150000000000000400, 0.4999999999999982800 ) ) ;
#4903 =( NAMED_UNIT ( * ) SI_UNIT ( $, .STERADIAN. ) SOLID_ANGLE_UNIT ( ) );
#4904 =( NAMED_UNIT ( * ) PLANE_ANGLE_UNIT ( ) SI_UNIT ( $, .RADIAN. ) );
#4905 =( LENGTH_UNIT ( ) NAMED_UNIT ( * ) SI_UNIT ( .MILLI., .METRE. ) );
#4906 = MECHANICAL_DESIGN_GEOMETRIC_PRESENTATION_REPRESENTATION (  '', ( #4908 ), #4962 ) ;
#4907 = PRESENTATION_LAYER_ASSIGNMENT (  '', '', ( #4908 ) ) ;
#4908 = STYLED_ITEM ( 'NONE', ( #4909 ), #949 ) ;
#4909 = PRESENTATION_STYLE_ASSIGNMENT (( #4910 ) ) ;
#4910 = SURFACE_STYLE_USAGE ( .BOTH. , #4911 ) ;
#4911 = SURFACE_SIDE_STYLE ('',( #4912 ) ) ;
#4912 = SURFACE_STYLE_FILL_AREA ( #4913 ) ;
#4913 = FILL_AREA_STYLE ('',( #4920 ) ) ;
#4914 = COLOUR_RGB ( '',0.7529411764705882200, 0.7529411764705882200, 0.7529411764705882200 ) ;
#4915 = FACE_OUTER_BOUND ( 'NONE', #950, .T. ) ;
#4916 = DIRECTION ( 'NONE',  ( 1.000000000000000000, 0.0000000000000000000, -2.168404344971012400E-015 ) ) ;
#4917 = DIRECTION ( 'NONE',  ( 2.168404344971012400E-015, -1.257045997084642900E-016, 1.000000000000000000 ) ) ;
#4918 = CARTESIAN_POINT ( 'NONE',  ( -8.199999999999999300, -2.710147050873544600, 4.999999999999997300 ) ) ;
#4919 = AXIS2_PLACEMENT_3D ( 'NONE', #4918, #4917, #4916 ) ;
#4920 = FILL_AREA_STYLE_COLOUR ( '', #4914 ) ;
#4921 = PLANE ( 'NONE',  #4919 ) ;
#4922 = FACE_OUTER_BOUND ( 'NONE', #946, .T. ) ;
#4923 = DIRECTION ( 'NONE',  ( 0.0000000000000000000, 1.000000000000000000, 1.257045997084642900E-016 ) ) ;
#4924 = VECTOR ( 'NONE', #4923, 1000.000000000000000 ) ;
#4925 = CARTESIAN_POINT ( 'NONE',  ( -7.400000000000000400, -2.710147050873544600, 4.999999999999995600 ) ) ;
#4926 = LINE ( 'NONE', #4925, #4924 ) ;
#4927 = DIRECTION ( 'NONE',  ( 0.0000000000000000000, 0.0000000000000000000, -1.000000000000000000 ) ) ;
#4928 = DIRECTION ( 'NONE',  ( 1.000000000000000000, 0.0000000000000000000, 0.0000000000000000000 ) ) ;
#4929 = CARTESIAN_POINT ( 'NONE',  ( -7.400000000000000400, -2.710147050873544600, 3.899999999999997200 ) ) ;
#4930 = AXIS2_PLACEMENT_3D ( 'NONE', #4929, #4928, #4927 ) ;
#4931 = PLANE ( 'NONE',  #4930 ) ;
#4932 = FACE_OUTER_BOUND ( 'NONE', #939, .T. ) ;
#4933 = DIRECTION ( 'NONE',  ( 0.0000000000000000000, 0.0000000000000000000, 1.000000000000000000 ) ) ;
#4934 = DIRECTION ( 'NONE',  ( -1.000000000000000000, 0.0000000000000000000, 0.0000000000000000000 ) ) ;
#4935 = CARTESIAN_POINT ( 'NONE',  ( 7.400000000000000400, -2.710147050873544600, 3.899999999999997200 ) ) ;
#4936 = AXIS2_PLACEMENT_3D ( 'NONE', #4935, #4934, #4933 ) ;
#4937 = FACE_OUTER_BOUND ( 'NONE', #935, .T. ) ;
#4938 = UNCERTAINTY_MEASURE_WITH_UNIT (LENGTH_MEASURE( 1.000000000000000100E-005 ), #4941, 'distance_accuracy_value', 'NONE');
#4939 =( NAMED_UNIT ( * ) SI_UNIT ( $, .STERADIAN. ) SOLID_ANGLE_UNIT ( ) );
#4940 =( NAMED_UNIT ( * ) PLANE_ANGLE_UNIT ( ) SI_UNIT ( $, .RADIAN. ) );
#4941 =( LENGTH_UNIT ( ) NAMED_UNIT ( * ) SI_UNIT ( .MILLI., .METRE. ) );
#4942 = MECHANICAL_DESIGN_GEOMETRIC_PRESENTATION_REPRESENTATION (  '', ( #4944 ), #4989 ) ;
#4943 = PRESENTATION_LAYER_ASSIGNMENT (  '', '', ( #4944 ) ) ;
#4944 = STYLED_ITEM ( 'NONE', ( #4945 ), #956 ) ;
#4945 = PRESENTATION_STYLE_ASSIGNMENT (( #4946 ) ) ;
#4946 = SURFACE_STYLE_USAGE ( .BOTH. , #4947 ) ;
#4947 = SURFACE_SIDE_STYLE ('',( #4948 ) ) ;
#4948 = SURFACE_STYLE_FILL_AREA ( #4949 ) ;
#4949 = FILL_AREA_STYLE ('',( #4956 ) ) ;
#4950 = COLOUR_RGB ( '',0.7529411764705882200, 0.7529411764705882200, 0.7529411764705882200 ) ;
#4951 = FACE_OUTER_BOUND ( 'NONE', #957, .T. ) ;
#4952 = DIRECTION ( 'NONE',  ( -1.000000000000000000, 0.0000000000000000000, 0.0000000000000000000 ) ) ;
#4953 = VECTOR ( 'NONE', #4952, 1000.000000000000000 ) ;
#4954 = CARTESIAN_POINT ( 'NONE',  ( -6.750000000000000900, -5.549999999999999800, -0.1000000000000018900 ) ) ;
#4955 = LINE ( 'NONE', #4954, #4953 ) ;
#4956 = FILL_AREA_STYLE_COLOUR ( '', #4950 ) ;
#4957 = DIRECTION ( 'NONE',  ( 0.0000000000000000000, 0.0000000000000000000, 1.000000000000000000 ) ) ;
#4958 = DIRECTION ( 'NONE',  ( 0.0000000000000000000, 1.000000000000000000, 0.0000000000000000000 ) ) ;
#4959 = CARTESIAN_POINT ( 'NONE',  ( -6.750000000000000900, -5.549999999999999800, 0.4999999999999980600 ) ) ;
#4960 = AXIS2_PLACEMENT_3D ( 'NONE', #4959, #4958, #4957 ) ;
#4961 = PLANE ( 'NONE',  #4960 ) ;
#4962 =( GEOMETRIC_REPRESENTATION_CONTEXT ( 3 ) GLOBAL_UNCERTAINTY_ASSIGNED_CONTEXT ( ( #4963 ) ) GLOBAL_UNIT_ASSIGNED_CONTEXT ( ( #4905, #4904, #4903 ) ) REPRESENTATION_CONTEXT ( 'NONE', 'WORKASPACE' ) );
#4963 = UNCERTAINTY_MEASURE_WITH_UNIT (LENGTH_MEASURE( 1.000000000000000100E-005 ), #4905, 'distance_accuracy_value', 'NONE');
#4964 =( GEOMETRIC_REPRESENTATION_CONTEXT ( 3 ) GLOBAL_UNCERTAINTY_ASSIGNED_CONTEXT ( ( #4965 ) ) GLOBAL_UNIT_ASSIGNED_CONTEXT ( ( #4968, #4967, #4966 ) ) REPRESENTATION_CONTEXT ( 'NONE', 'WORKASPACE' ) );
#4965 = UNCERTAINTY_MEASURE_WITH_UNIT (LENGTH_MEASURE( 1.000000000000000100E-005 ), #4968, 'distance_accuracy_value', 'NONE');
#4966 =( NAMED_UNIT ( * ) SI_UNIT ( $, .STERADIAN. ) SOLID_ANGLE_UNIT ( ) );
#4967 =( NAMED_UNIT ( * ) PLANE_ANGLE_UNIT ( ) SI_UNIT ( $, .RADIAN. ) );
#4968 =( LENGTH_UNIT ( ) NAMED_UNIT ( * ) SI_UNIT ( .MILLI., .METRE. ) );
#4969 = MECHANICAL_DESIGN_GEOMETRIC_PRESENTATION_REPRESENTATION (  '', ( #4971 ), #4964 ) ;
#4970 = PRESENTATION_LAYER_ASSIGNMENT (  '', '', ( #4971 ) ) ;
#4971 = STYLED_ITEM ( 'NONE', ( #4972 ), #963 ) ;
#4972 = PRESENTATION_STYLE_ASSIGNMENT (( #4973 ) ) ;
#4973 = SURFACE_STYLE_USAGE ( .BOTH. , #4974 ) ;
#4974 = SURFACE_SIDE_STYLE ('',( #4975 ) ) ;
#4975 = SURFACE_STYLE_FILL_AREA ( #4976 ) ;
#4976 = FILL_AREA_STYLE ('',( #4983 ) ) ;
#4977 = COLOUR_RGB ( '',0.7529411764705882200, 0.7529411764705882200, 0.7529411764705882200 ) ;
#4978 = FACE_OUTER_BOUND ( 'NONE', #964, .T. ) ;
#4979 = DIRECTION ( 'NONE',  ( 0.0000000000000000000, 1.000000000000000000, 1.514694211560631100E-016 ) ) ;
#4980 = VECTOR ( 'NONE', #4979, 1000.000000000000000 ) ;
#4981 = CARTESIAN_POINT ( 'NONE',  ( -6.750000000000000900, -3.850000000000000100, -0.1000000000000016300 ) ) ;
#4982 = LINE ( 'NONE', #4981, #4980 ) ;
#4983 = FILL_AREA_STYLE_COLOUR ( '', #4977 ) ;
#4984 = DIRECTION ( 'NONE',  ( 0.0000000000000000000, -1.000000000000000000, -1.514694211560631100E-016 ) ) ;
#4985 = DIRECTION ( 'NONE',  ( 0.0000000000000000000, -1.514694211560631100E-016, 1.000000000000000000 ) ) ;
#4986 = CARTESIAN_POINT ( 'NONE',  ( -6.750000000000000900, -3.850000000000000100, -0.1000000000000016300 ) ) ;
#4987 = AXIS2_PLACEMENT_3D ( 'NONE', #4986, #4985, #4984 ) ;
#4988 = PLANE ( 'NONE',  #4987 ) ;
#4989 =( GEOMETRIC_REPRESENTATION_CONTEXT ( 3 ) GLOBAL_UNCERTAINTY_ASSIGNED_CONTEXT ( ( #4938 ) ) GLOBAL_UNIT_ASSIGNED_CONTEXT ( ( #4941, #4940, #4939 ) ) REPRESENTATION_CONTEXT ( 'NONE', 'WORKASPACE' ) );
#4990 = DIRECTION ( 'NONE',  ( 0.0000000000000000000, 0.0000000000000000000, 1.000000000000000000 ) ) ;
#4991 = DIRECTION ( 'NONE',  ( -1.000000000000000000, 0.0000000000000000000, 0.0000000000000000000 ) ) ;
#4992 = CARTESIAN_POINT ( 'NONE',  ( -4.000000000000000000, -1.350000000000001400, 4.599999999999998800 ) ) ;
#4993 = AXIS2_PLACEMENT_3D ( 'NONE', #4992, #4991, #4990 ) ;
#4994 = PLANE ( 'NONE',  #4993 ) ;
#4995 = FACE_OUTER_BOUND ( 'NONE', #993, .T. ) ;
#4996 = DIRECTION ( 'NONE',  ( 0.0000000000000000000, -1.000000000000000000, -1.257045997084642900E-016 ) ) ;
#4997 = DIRECTION ( 'NONE',  ( 0.0000000000000000000, -1.257045997084642900E-016, 1.000000000000000000 ) ) ;
#4998 = CARTESIAN_POINT ( 'NONE',  ( 4.000000000000000000, -1.350000000000001400, 4.599999999999997000 ) ) ;
#4999 = AXIS2_PLACEMENT_3D ( 'NONE', #4998, #4997, #4996 ) ;
#5000 = PLANE ( 'NONE',  #4999 ) ;
#5001 = FACE_OUTER_BOUND ( 'NONE', #984, .T. ) ;
#5002 = DIRECTION ( 'NONE',  ( 0.0000000000000000000, 1.000000000000000000, 1.257045997084642900E-016 ) ) ;
#5003 = VECTOR ( 'NONE', #5002, 1000.000000000000000 ) ;
#5004 = CARTESIAN_POINT ( 'NONE',  ( 4.000000000000000000, -1.350000000000001400, 4.599999999999997000 ) ) ;
#5005 = LINE ( 'NONE', #5004, #5003 ) ;
#5006 = DIRECTION ( 'NONE',  ( 0.0000000000000000000, -1.000000000000000000, -1.257045997084642900E-016 ) ) ;
#5007 = DIRECTION ( 'NONE',  ( 0.0000000000000000000, -1.257045997084642900E-016, 1.000000000000000000 ) ) ;
#5008 = CARTESIAN_POINT ( 'NONE',  ( 3.000000000000000400, -1.350000000000001400, 4.099999999999997000 ) ) ;
#5009 = AXIS2_PLACEMENT_3D ( 'NONE', #5008, #5007, #5006 ) ;
#5010 = PLANE ( 'NONE',  #5009 ) ;
#5011 = FACE_OUTER_BOUND ( 'NONE', #974, .T. ) ;
#5012 = DIRECTION ( 'NONE',  ( 0.0000000000000000000, 1.000000000000000000, 1.257045997084642900E-016 ) ) ;
#5013 = VECTOR ( 'NONE', #5012, 1000.000000000000000 ) ;
#5014 = CARTESIAN_POINT ( 'NONE',  ( 3.000000000000000400, -1.350000000000001400, 4.099999999999997000 ) ) ;
#5015 = LINE ( 'NONE', #5014, #5013 ) ;
#5016 = DIRECTION ( 'NONE',  ( 0.0000000000000000000, 0.0000000000000000000, -1.000000000000000000 ) ) ;
#5017 = DIRECTION ( 'NONE',  ( 1.000000000000000000, 0.0000000000000000000, 0.0000000000000000000 ) ) ;
#5018 = CARTESIAN_POINT ( 'NONE',  ( -7.250000000000000000, -4.150000000000000400, 2.849999999999998300 ) ) ;
#5019 = AXIS2_PLACEMENT_3D ( 'NONE', #5018, #5017, #5016 ) ;
#5020 = PLANE ( 'NONE',  #5019 ) ;
#5021 = DIRECTION ( 'NONE',  ( 0.0000000000000000000, 1.000000000000000000, 1.257045997084643100E-016 ) ) ;
#5022 = VECTOR ( 'NONE', #5021, 1000.000000000000000 ) ;
#5023 = CARTESIAN_POINT ( 'NONE',  ( -6.850000000000000500, -4.450000000000000200, 4.899999999999998600 ) ) ;
#5024 = LINE ( 'NONE', #5023, #5022 ) ;
#5025 = DIRECTION ( 'NONE',  ( 0.0000000000000000000, 0.0000000000000000000, 1.000000000000000000 ) ) ;
#5026 = DIRECTION ( 'NONE',  ( -1.000000000000000000, 0.0000000000000000000, 0.0000000000000000000 ) ) ;
#5027 = CARTESIAN_POINT ( 'NONE',  ( -6.850000000000000500, -4.450000000000000200, 5.699999999999999300 ) ) ;
#5028 = AXIS2_PLACEMENT_3D ( 'NONE', #5027, #5026, #5025 ) ;
#5029 = PLANE ( 'NONE',  #5028 ) ;
#5030 = FACE_OUTER_BOUND ( 'NONE', #1022, .T. ) ;
#5031 = DIRECTION ( 'NONE',  ( 0.0000000000000000000, 0.0000000000000000000, -1.000000000000000000 ) ) ;
#5032 = DIRECTION ( 'NONE',  ( 1.000000000000000000, 0.0000000000000000000, 0.0000000000000000000 ) ) ;
#5033 = CARTESIAN_POINT ( 'NONE',  ( -4.549999999999999800, -4.450000000000000200, 5.699999999999999300 ) ) ;
#5034 = AXIS2_PLACEMENT_3D ( 'NONE', #5033, #5032, #5031 ) ;
#5035 = PLANE ( 'NONE',  #5034 ) ;
#5036 = FACE_OUTER_BOUND ( 'NONE', #1012, .T. ) ;
#5037 = DIRECTION ( 'NONE',  ( 0.0000000000000000000, 1.000000000000000000, 1.257045997084643100E-016 ) ) ;
#5038 = VECTOR ( 'NONE', #5037, 1000.000000000000000 ) ;
#5039 = CARTESIAN_POINT ( 'NONE',  ( -4.549999999999999800, -4.450000000000000200, 4.899999999999997700 ) ) ;
#5040 = LINE ( 'NONE', #5039, #5038 ) ;
#5041 = DIRECTION ( 'NONE',  ( 0.0000000000000000000, -1.000000000000000000, -1.257045997084642900E-016 ) ) ;
#5042 = DIRECTION ( 'NONE',  ( 0.0000000000000000000, -1.257045997084642900E-016, 1.000000000000000000 ) ) ;
#5043 = CARTESIAN_POINT ( 'NONE',  ( 8.199999999999999300, -2.710147050873544600, 4.999999999999995600 ) ) ;
#5044 = AXIS2_PLACEMENT_3D ( 'NONE', #5043, #5042, #5041 ) ;
#5045 = PLANE ( 'NONE',  #5044 ) ;
#5046 = FACE_OUTER_BOUND ( 'NONE', #1004, .T. ) ;
#5047 = DIRECTION ( 'NONE',  ( 0.0000000000000000000, 0.0000000000000000000, -1.000000000000000000 ) ) ;
#5048 = DIRECTION ( 'NONE',  ( 1.000000000000000000, 0.0000000000000000000, 0.0000000000000000000 ) ) ;
#5049 = CARTESIAN_POINT ( 'NONE',  ( 4.000000000000000000, -1.350000000000001400, 3.899999999999998100 ) ) ;
#5050 = AXIS2_PLACEMENT_3D ( 'NONE', #5049, #5048, #5047 ) ;
#5051 = PLANE ( 'NONE',  #5050 ) ;
#5052 = FACE_OUTER_BOUND ( 'NONE', #977, .T. ) ;
#5053 = DIRECTION ( 'NONE',  ( 0.0000000000000000000, 1.000000000000000000, 1.257045997084642900E-016 ) ) ;
#5054 = VECTOR ( 'NONE', #5053, 1000.000000000000000 ) ;
#5055 = CARTESIAN_POINT ( 'NONE',  ( -4.000000000000000000, -1.350000000000001400, 4.599999999999998800 ) ) ;
#5056 = LINE ( 'NONE', #5055, #5054 ) ;
#5057 = AXIS2_PLACEMENT_3D ( 'NONE', #5120, #5119, #5118 ) ;
#5058 = PLANE ( 'NONE',  #5057 ) ;
#5059 = FACE_OUTER_BOUND ( 'NONE', #1044, .T. ) ;
#5060 = DIRECTION ( 'NONE',  ( 0.0000000000000000000, 1.000000000000000000, 1.257045997084642900E-016 ) ) ;
#5061 = VECTOR ( 'NONE', #5060, 1000.000000000000000 ) ;
#5062 = CARTESIAN_POINT ( 'NONE',  ( 3.000000000000000400, -1.350000000000001400, 4.599999999999997000 ) ) ;
#5063 = LINE ( 'NONE', #5062, #5061 ) ;
#5064 = DIRECTION ( 'NONE',  ( 0.0000000000000000000, -1.000000000000000000, -1.257045997084642900E-016 ) ) ;
#5065 = DIRECTION ( 'NONE',  ( 0.0000000000000000000, -1.257045997084642900E-016, 1.000000000000000000 ) ) ;
#5066 = CARTESIAN_POINT ( 'NONE',  ( -2.999999999999999600, -1.350000000000001400, 4.599999999999998800 ) ) ;
#5067 = AXIS2_PLACEMENT_3D ( 'NONE', #5066, #5065, #5064 ) ;
#5068 = PLANE ( 'NONE',  #5067 ) ;
#5069 = FACE_OUTER_BOUND ( 'NONE', #1040, .T. ) ;
#5070 = DIRECTION ( 'NONE',  ( 0.0000000000000000000, 1.000000000000000000, 1.257045997084642900E-016 ) ) ;
#5071 = VECTOR ( 'NONE', #5070, 1000.000000000000000 ) ;
#5072 = CARTESIAN_POINT ( 'NONE',  ( -2.999999999999999600, -1.350000000000001400, 4.599999999999998800 ) ) ;
#5073 = LINE ( 'NONE', #5072, #5071 ) ;
#5074 = DIRECTION ( 'NONE',  ( 8.673617379883998000E-016, 0.0000000000000000000, -1.000000000000000000 ) ) ;
#5075 = DIRECTION ( 'NONE',  ( 1.000000000000000000, -1.090313600762696700E-031, 8.673617379883998000E-016 ) ) ;
#5076 = CARTESIAN_POINT ( 'NONE',  ( -2.999999999999999100, -1.350000000000001400, 4.099999999999997000 ) ) ;
#5077 = AXIS2_PLACEMENT_3D ( 'NONE', #5076, #5075, #5074 ) ;
#5078 = PLANE ( 'NONE',  #5077 ) ;
#5079 = FACE_OUTER_BOUND ( 'NONE', #1033, .T. ) ;
#5080 = DIRECTION ( 'NONE',  ( 0.0000000000000000000, 1.000000000000000000, 1.257045997084642900E-016 ) ) ;
#5081 = VECTOR ( 'NONE', #5080, 1000.000000000000000 ) ;
#5082 = CARTESIAN_POINT ( 'NONE',  ( -2.999999999999999100, -1.350000000000001400, 4.099999999999997000 ) ) ;
#5083 = LINE ( 'NONE', #5082, #5081 ) ;
#5084 = DIRECTION ( 'NONE',  ( -1.000000000000000000, 0.0000000000000000000, 3.771137991253929600E-016 ) ) ;
#5085 = DIRECTION ( 'NONE',  ( -3.771137991253929600E-016, 1.257045997084643100E-016, -1.000000000000000000 ) ) ;
#5086 = CARTESIAN_POINT ( 'NONE',  ( -6.850000000000000500, -4.450000000000000200, 4.899999999999998600 ) ) ;
#5087 = AXIS2_PLACEMENT_3D ( 'NONE', #5086, #5085, #5084 ) ;
#5088 = PLANE ( 'NONE',  #5087 ) ;
#5089 = FACE_OUTER_BOUND ( 'NONE', #1084, .T. ) ;
#5090 = CARTESIAN_POINT ( 'NONE',  ( 6.850000000000000500, -4.450000000000000200, 5.699999999999999300 ) ) ;
#5091 = AXIS2_PLACEMENT_3D ( 'NONE', #5090, #4847, #5154 ) ;
#5092 = PLANE ( 'NONE',  #5091 ) ;
#5093 = AXIS2_PLACEMENT_3D ( 'NONE', #5349, #5665, #5664 ) ;
#5094 = FACE_OUTER_BOUND ( 'NONE', #1067, .T. ) ;
#5095 = DIRECTION ( 'NONE',  ( 0.0000000000000000000, 1.000000000000000000, 1.257045997084643100E-016 ) ) ;
#5096 = VECTOR ( 'NONE', #5095, 1000.000000000000000 ) ;
#5097 = CARTESIAN_POINT ( 'NONE',  ( 6.850000000000000500, -4.450000000000000200, 4.899999999999996800 ) ) ;
#5098 = LINE ( 'NONE', #5097, #5096 ) ;
#5099 = DIRECTION ( 'NONE',  ( 0.0000000000000000000, 0.0000000000000000000, -1.000000000000000000 ) ) ;
#5100 = VECTOR ( 'NONE', #5099, 1000.000000000000000 ) ;
#5101 = CARTESIAN_POINT ( 'NONE',  ( 8.900000000000002100, -4.499999999999998200, 2.399999999999998600 ) ) ;
#5102 = LINE ( 'NONE', #5101, #5100 ) ;
#5103 = DIRECTION ( 'NONE',  ( 0.0000000000000000000, 0.0000000000000000000, -1.000000000000000000 ) ) ;
#5104 = VECTOR ( 'NONE', #5103, 1000.000000000000000 ) ;
#5105 = CARTESIAN_POINT ( 'NONE',  ( -7.250000000000000900, -4.450000000000000200, 5.699999999999999300 ) ) ;
#5106 = LINE ( 'NONE', #5105, #5104 ) ;
#5107 = CARTESIAN_POINT ( 'NONE',  ( -7.250000000000000900, -4.450000000000000200, 0.4999999999999978400 ) ) ;
#5108 = CARTESIAN_POINT ( 'NONE',  ( -3.250000000000000400, -3.850000000000000100, -0.1000000000000016300 ) ) ;
#5109 = DIRECTION ( 'NONE',  ( 0.0000000000000000000, 1.000000000000000000, 0.0000000000000000000 ) ) ;
#5110 = VECTOR ( 'NONE', #5109, 1000.000000000000000 ) ;
#5111 = CARTESIAN_POINT ( 'NONE',  ( 10.00000000000000000, -2.750000000000000000, 2.400000000000000400 ) ) ;
#5112 = LINE ( 'NONE', #5111, #5110 ) ;
#5113 = CARTESIAN_POINT ( 'NONE',  ( 10.00000000000000000, -4.450000000000000200, 2.400000000000000400 ) ) ;
#5114 = DIRECTION ( 'NONE',  ( 0.0000000000000000000, 1.000000000000000000, 0.0000000000000000000 ) ) ;
#5115 = VECTOR ( 'NONE', #5114, 1000.000000000000000 ) ;
#5116 = CARTESIAN_POINT ( 'NONE',  ( 9.300000000000000700, -2.750000000000000000, 2.400000000000000400 ) ) ;
#5117 = LINE ( 'NONE', #5116, #5115 ) ;
#5118 = DIRECTION ( 'NONE',  ( 0.0000000000000000000, 0.0000000000000000000, 1.000000000000000000 ) ) ;
#5119 = DIRECTION ( 'NONE',  ( -1.000000000000000000, 0.0000000000000000000, 0.0000000000000000000 ) ) ;
#5120 = CARTESIAN_POINT ( 'NONE',  ( 3.000000000000000400, -1.350000000000001400, 4.599999999999997000 ) ) ;
#5121 = DIRECTION ( 'NONE',  ( 1.000000000000000000, 0.0000000000000000000, 0.0000000000000000000 ) ) ;
#5122 = VECTOR ( 'NONE', #5121, 1000.000000000000000 ) ;
#5123 = CARTESIAN_POINT ( 'NONE',  ( 10.00000000000000000, 2.649999999999998600, 4.599999999999998800 ) ) ;
#5124 = LINE ( 'NONE', #5123, #5122 ) ;
#5125 = CARTESIAN_POINT ( 'NONE',  ( 9.300000000000000700, -2.750000000000000000, 2.399999999999999000 ) ) ;
#5126 = CARTESIAN_POINT ( 'NONE',  ( -2.450000000000000200, 2.649999999999998600, 5.700000000000000200 ) ) ;
#5127 = DIRECTION ( 'NONE',  ( -1.000000000000000000, 0.0000000000000000000, 0.0000000000000000000 ) ) ;
#5128 = VECTOR ( 'NONE', #5127, 1000.000000000000000 ) ;
#5129 = CARTESIAN_POINT ( 'NONE',  ( 10.00000000000000000, 2.649999999999998600, 5.700000000000000200 ) ) ;
#5130 = LINE ( 'NONE', #5129, #5128 ) ;
#5131 = CARTESIAN_POINT ( 'NONE',  ( -4.549999999999999800, 2.649999999999998600, 5.700000000000000200 ) ) ;
#5132 = DIRECTION ( 'NONE',  ( 0.0000000000000000000, 1.000000000000000000, 1.221636250687892500E-016 ) ) ;
#5133 = DIRECTION ( 'NONE',  ( 0.0000000000000000000, 1.221636250687892500E-016, -1.000000000000000000 ) ) ;
#5134 = CARTESIAN_POINT ( 'NONE',  ( 10.00000000000000000, 2.649999999999998600, 5.700000000000000200 ) ) ;
#5135 = AXIS2_PLACEMENT_3D ( 'NONE', #5134, #5133, #5132 ) ;
#5136 = PLANE ( 'NONE',  #5135 ) ;
#5137 = FACE_OUTER_BOUND ( 'NONE', #1087, .T. ) ;
#5138 = DIRECTION ( 'NONE',  ( 0.0000000000000000000, 1.000000000000000000, 1.257045997084643100E-016 ) ) ;
#5139 = DIRECTION ( 'NONE',  ( 0.0000000000000000000, 1.257045997084643100E-016, -1.000000000000000000 ) ) ;
#5140 = CARTESIAN_POINT ( 'NONE',  ( 4.549999999999999800, -4.450000000000000200, 4.899999999999996800 ) ) ;
#5141 = AXIS2_PLACEMENT_3D ( 'NONE', #5140, #5139, #5138 ) ;
#5142 = PLANE ( 'NONE',  #5141 ) ;
#5143 = FACE_OUTER_BOUND ( 'NONE', #1080, .T. ) ;
#5144 = DIRECTION ( 'NONE',  ( 0.0000000000000000000, 1.000000000000000000, 1.257045997084643100E-016 ) ) ;
#5145 = VECTOR ( 'NONE', #5144, 1000.000000000000000 ) ;
#5146 = CARTESIAN_POINT ( 'NONE',  ( 4.549999999999999800, -4.450000000000000200, 4.899999999999996800 ) ) ;
#5147 = LINE ( 'NONE', #5146, #5145 ) ;
#5148 = DIRECTION ( 'NONE',  ( 0.0000000000000000000, 0.0000000000000000000, 1.000000000000000000 ) ) ;
#5149 = DIRECTION ( 'NONE',  ( -1.000000000000000000, 0.0000000000000000000, 0.0000000000000000000 ) ) ;
#5150 = CARTESIAN_POINT ( 'NONE',  ( 4.549999999999999800, -4.450000000000000200, 5.699999999999999300 ) ) ;
#5151 = AXIS2_PLACEMENT_3D ( 'NONE', #5150, #5149, #5148 ) ;
#5152 = PLANE ( 'NONE',  #5151 ) ;
#5153 = FACE_OUTER_BOUND ( 'NONE', #1073, .T. ) ;
#5154 = DIRECTION ( 'NONE',  ( 0.0000000000000000000, 0.0000000000000000000, -1.000000000000000000 ) ) ;
#5155 = DIRECTION ( 'NONE',  ( 0.0000000000000000000, 1.224606353822377300E-016, -1.000000000000000000 ) ) ;
#5156 = CARTESIAN_POINT ( 'NONE',  ( 2.450000000000000200, -4.450000000000000200, 4.599999999999997900 ) ) ;
#5157 = AXIS2_PLACEMENT_3D ( 'NONE', #5156, #5155, #5219 ) ;
#5158 = PLANE ( 'NONE',  #5157 ) ;
#5159 = FACE_BOUND ( 'NONE', #1096, .T. ) ;
#5160 = FACE_OUTER_BOUND ( 'NONE', #1113, .T. ) ;
#5161 = CARTESIAN_POINT ( 'NONE',  ( -2.450000000000000600, -4.450000000000000200, 4.599999999999997900 ) ) ;
#5162 = CARTESIAN_POINT ( 'NONE',  ( 2.450000000000000200, -4.450000000000000200, 4.599999999999997900 ) ) ;
#5163 = DIRECTION ( 'NONE',  ( 0.0000000000000000000, 1.000000000000000000, 1.224606353822377300E-016 ) ) ;
#5164 = VECTOR ( 'NONE', #5163, 1000.000000000000000 ) ;
#5165 = CARTESIAN_POINT ( 'NONE',  ( 2.450000000000000200, -4.450000000000000200, 4.599999999999997900 ) ) ;
#5166 = LINE ( 'NONE', #5165, #5164 ) ;
#5167 = CARTESIAN_POINT ( 'NONE',  ( 2.450000000000000200, 2.649999999999998600, 4.599999999999998800 ) ) ;
#5168 = DIRECTION ( 'NONE',  ( -1.000000000000000000, 0.0000000000000000000, 0.0000000000000000000 ) ) ;
#5169 = VECTOR ( 'NONE', #5168, 1000.000000000000000 ) ;
#5170 = CARTESIAN_POINT ( 'NONE',  ( 2.450000000000000200, -4.450000000000000200, 4.599999999999997900 ) ) ;
#5171 = LINE ( 'NONE', #5170, #5169 ) ;
#5172 = DIRECTION ( 'NONE',  ( 0.0000000000000000000, 0.0000000000000000000, 1.000000000000000000 ) ) ;
#5173 = VECTOR ( 'NONE', #5172, 1000.000000000000000 ) ;
#5174 = CARTESIAN_POINT ( 'NONE',  ( 9.300000000000000700, -2.750000000000000000, 3.400000000000000400 ) ) ;
#5175 = LINE ( 'NONE', #5174, #5173 ) ;
#5176 = CARTESIAN_POINT ( 'NONE',  ( 0.8000000000000000400, -0.1500000000000016900, 4.599999999999997900 ) ) ;
#5177 = DIRECTION ( 'NONE',  ( 0.0000000000000000000, 1.000000000000000000, 0.0000000000000000000 ) ) ;
#5178 = VECTOR ( 'NONE', #5177, 1000.000000000000000 ) ;
#5179 = CARTESIAN_POINT ( 'NONE',  ( 0.8000000000000000400, 1.699999999999998400, 4.599999999999997900 ) ) ;
#5180 = LINE ( 'NONE', #5179, #5178 ) ;
#5181 = CARTESIAN_POINT ( 'NONE',  ( 0.8000000000000000400, 1.699999999999998400, 4.599999999999997900 ) ) ;
#5182 = DIRECTION ( 'NONE',  ( -1.000000000000000000, 0.0000000000000000000, 0.0000000000000000000 ) ) ;
#5183 = VECTOR ( 'NONE', #5182, 1000.000000000000000 ) ;
#5184 = CARTESIAN_POINT ( 'NONE',  ( 0.8000000000000000400, -0.1500000000000016900, 4.599999999999997900 ) ) ;
#5185 = LINE ( 'NONE', #5184, #5183 ) ;
#5186 = CARTESIAN_POINT ( 'NONE',  ( -0.8000000000000000400, -0.1500000000000016900, 4.599999999999997900 ) ) ;
#5187 = LINE ( 'NONE', #5189, #5188 ) ;
#5188 = VECTOR ( 'NONE', #5250, 1000.000000000000000 ) ;
#5189 = CARTESIAN_POINT ( 'NONE',  ( -8.900000000000000400, -4.450000000000000200, 2.400000000000000400 ) ) ;
#5190 = DIRECTION ( 'NONE',  ( -1.000000000000000000, 0.0000000000000000000, 0.0000000000000000000 ) ) ;
#5191 = VECTOR ( 'NONE', #5190, 1000.000000000000000 ) ;
#5192 = CARTESIAN_POINT ( 'NONE',  ( -8.900000000000000400, -4.450000000000000200, 2.400000000000000400 ) ) ;
#5193 = LINE ( 'NONE', #5192, #5191 ) ;
#5194 = DIRECTION ( 'NONE',  ( 1.000000000000000000, 0.0000000000000000000, 0.0000000000000000000 ) ) ;
#5195 = VECTOR ( 'NONE', #5194, 1000.000000000000000 ) ;
#5196 = CARTESIAN_POINT ( 'NONE',  ( 8.900000000000000400, -4.450000000000000200, 2.400000000000000400 ) ) ;
#5197 = LINE ( 'NONE', #5196, #5195 ) ;
#5198 = CARTESIAN_POINT ( 'NONE',  ( 9.300000000000000700, -4.450000000000000200, 2.400000000000000400 ) ) ;
#5199 = CARTESIAN_POINT ( 'NONE',  ( 10.00000000000000000, -2.750000000000000000, 2.400000000000000400 ) ) ;
#5200 = DIRECTION ( 'NONE',  ( 1.000000000000000000, 0.0000000000000000000, 0.0000000000000000000 ) ) ;
#5201 = VECTOR ( 'NONE', #5200, 1000.000000000000000 ) ;
#5202 = CARTESIAN_POINT ( 'NONE',  ( 8.900000000000000400, -2.750000000000000000, 2.400000000000000400 ) ) ;
#5203 = LINE ( 'NONE', #5202, #5201 ) ;
#5204 = DIRECTION ( 'NONE',  ( -1.000000000000000000, 0.0000000000000000000, 0.0000000000000000000 ) ) ;
#5205 = DIRECTION ( 'NONE',  ( 0.0000000000000000000, 0.0000000000000000000, -1.000000000000000000 ) ) ;
#5206 = CARTESIAN_POINT ( 'NONE',  ( 8.900000000000000400, -2.750000000000000000, 2.400000000000000400 ) ) ;
#5207 = AXIS2_PLACEMENT_3D ( 'NONE', #5206, #5205, #5204 ) ;
#5208 = PLANE ( 'NONE',  #5207 ) ;
#5209 = FACE_OUTER_BOUND ( 'NONE', #1125, .T. ) ;
#5210 = DIRECTION ( 'NONE',  ( 0.0000000000000000000, 0.0000000000000000000, 1.000000000000000000 ) ) ;
#5211 = VECTOR ( 'NONE', #5210, 1000.000000000000000 ) ;
#5212 = CARTESIAN_POINT ( 'NONE',  ( 10.00000000000000000, -2.750000000000000000, 3.400000000000000400 ) ) ;
#5213 = LINE ( 'NONE', #5212, #5211 ) ;
#5214 = DIRECTION ( 'NONE',  ( 0.0000000000000000000, 1.000000000000000000, 1.224606353822377300E-016 ) ) ;
#5215 = VECTOR ( 'NONE', #5214, 1000.000000000000000 ) ;
#5216 = CARTESIAN_POINT ( 'NONE',  ( -2.450000000000000200, -4.450000000000000200, 4.599999999999997900 ) ) ;
#5217 = LINE ( 'NONE', #5216, #5215 ) ;
#5218 = CARTESIAN_POINT ( 'NONE',  ( -2.450000000000000200, 2.649999999999998600, 4.599999999999998800 ) ) ;
#5219 = DIRECTION ( 'NONE',  ( 0.0000000000000000000, 1.000000000000000000, 1.224606353822377300E-016 ) ) ;
#5220 = CARTESIAN_POINT ( 'NONE',  ( 10.00000000000000000, -4.450000000000000200, 5.699999999999999300 ) ) ;
#5221 = LINE ( 'NONE', #5220, #5283 ) ;
#5222 = DIRECTION ( 'NONE',  ( 0.0000000000000000000, 1.000000000000000000, 1.257045997084643100E-016 ) ) ;
#5223 = VECTOR ( 'NONE', #5222, 1000.000000000000000 ) ;
#5224 = CARTESIAN_POINT ( 'NONE',  ( -4.549999999999999800, -4.450000000000000200, 5.699999999999999300 ) ) ;
#5225 = LINE ( 'NONE', #5224, #5223 ) ;
#5226 = CARTESIAN_POINT ( 'NONE',  ( -6.850000000000000500, -4.450000000000000200, 4.899999999999998600 ) ) ;
#5227 = DIRECTION ( 'NONE',  ( -1.000000000000000000, 0.0000000000000000000, 3.771137991253928600E-016 ) ) ;
#5228 = VECTOR ( 'NONE', #5227, 1000.000000000000000 ) ;
#5229 = CARTESIAN_POINT ( 'NONE',  ( -6.850000000000000500, -4.450000000000000200, 4.899999999999998600 ) ) ;
#5230 = LINE ( 'NONE', #5229, #5228 ) ;
#5231 = DIRECTION ( 'NONE',  ( 0.0000000000000000000, 0.0000000000000000000, -1.000000000000000000 ) ) ;
#5232 = VECTOR ( 'NONE', #5231, 1000.000000000000000 ) ;
#5233 = CARTESIAN_POINT ( 'NONE',  ( -4.549999999999999800, -4.450000000000000200, 5.699999999999999300 ) ) ;
#5234 = LINE ( 'NONE', #5233, #5232 ) ;
#5235 = CARTESIAN_POINT ( 'NONE',  ( -4.549999999999999800, -4.450000000000000200, 4.899999999999997700 ) ) ;
#5236 = DIRECTION ( 'NONE',  ( 0.0000000000000000000, 0.0000000000000000000, 1.000000000000000000 ) ) ;
#5237 = VECTOR ( 'NONE', #5236, 1000.000000000000000 ) ;
#5238 = CARTESIAN_POINT ( 'NONE',  ( -6.850000000000000500, -4.450000000000000200, 5.699999999999999300 ) ) ;
#5239 = LINE ( 'NONE', #5238, #5237 ) ;
#5240 = DIRECTION ( 'NONE',  ( 0.0000000000000000000, -1.224606353822377500E-016, 1.000000000000000000 ) ) ;
#5241 = VECTOR ( 'NONE', #5240, 1000.000000000000000 ) ;
#5242 = CARTESIAN_POINT ( 'NONE',  ( -2.450000000000000200, -4.450000000000000200, 5.699999999999999300 ) ) ;
#5243 = LINE ( 'NONE', #5242, #5241 ) ;
#5244 = CARTESIAN_POINT ( 'NONE',  ( -8.900000000000002100, -4.450000000000000200, 2.399999999999998600 ) ) ;
#5245 = CARTESIAN_POINT ( 'NONE',  ( -8.900000000000002100, -4.450000000000000200, 5.599999999999998800 ) ) ;
#5246 = DIRECTION ( 'NONE',  ( 0.0000000000000000000, 0.0000000000000000000, -1.000000000000000000 ) ) ;
#5247 = VECTOR ( 'NONE', #5246, 1000.000000000000000 ) ;
#5248 = CARTESIAN_POINT ( 'NONE',  ( -8.900000000000000400, -4.450000000000000200, 5.699999999999999300 ) ) ;
#5249 = LINE ( 'NONE', #5248, #5247 ) ;
#5250 = DIRECTION ( 'NONE',  ( 0.0000000000000000000, 0.0000000000000000000, -1.000000000000000000 ) ) ;
#5251 = DIRECTION ( 'NONE',  ( -1.000000000000000000, 0.0000000000000000000, 0.0000000000000000000 ) ) ;
#5252 = VECTOR ( 'NONE', #5251, 1000.000000000000000 ) ;
#5253 = CARTESIAN_POINT ( 'NONE',  ( 0.8000000000000000400, 1.699999999999998400, 4.599999999999997900 ) ) ;
#5254 = LINE ( 'NONE', #5253, #5252 ) ;
#5255 = LINE ( 'NONE', #5314, #5313 ) ;
#5256 = DIRECTION ( 'NONE',  ( 0.0000000000000000000, 1.224606353822377500E-016, -1.000000000000000000 ) ) ;
#5257 = VECTOR ( 'NONE', #5256, 1000.000000000000000 ) ;
#5258 = CARTESIAN_POINT ( 'NONE',  ( 2.450000000000000200, -4.450000000000000200, 5.699999999999999300 ) ) ;
#5259 = LINE ( 'NONE', #5258, #5257 ) ;
#5260 = DIRECTION ( 'NONE',  ( 0.0000000000000000000, 0.0000000000000000000, 1.000000000000000000 ) ) ;
#5261 = DIRECTION ( 'NONE',  ( 0.0000000000000000000, 1.000000000000000000, 0.0000000000000000000 ) ) ;
#5262 = CARTESIAN_POINT ( 'NONE',  ( 10.00000000000000000, -4.450000000000000200, 5.699999999999999300 ) ) ;
#5263 = AXIS2_PLACEMENT_3D ( 'NONE', #5262, #5261, #5260 ) ;
#5264 = PLANE ( 'NONE',  #5263 ) ;
#5265 = FACE_OUTER_BOUND ( 'NONE', #1166, .T. ) ;
#5266 = CARTESIAN_POINT ( 'NONE',  ( 6.850000000000000500, -4.450000000000000200, 4.899999999999996800 ) ) ;
#5267 = DIRECTION ( 'NONE',  ( 0.0000000000000000000, 0.0000000000000000000, 1.000000000000000000 ) ) ;
#5268 = VECTOR ( 'NONE', #5267, 1000.000000000000000 ) ;
#5269 = CARTESIAN_POINT ( 'NONE',  ( 4.549999999999999800, -4.450000000000000200, 5.699999999999999300 ) ) ;
#5270 = LINE ( 'NONE', #5269, #5268 ) ;
#5271 = DIRECTION ( 'NONE',  ( -1.000000000000000000, 0.0000000000000000000, 0.0000000000000000000 ) ) ;
#5272 = VECTOR ( 'NONE', #5271, 1000.000000000000000 ) ;
#5273 = CARTESIAN_POINT ( 'NONE',  ( 4.549999999999999800, -4.450000000000000200, 4.899999999999996800 ) ) ;
#5274 = LINE ( 'NONE', #5273, #5272 ) ;
#5275 = CARTESIAN_POINT ( 'NONE',  ( -4.549999999999999800, -4.450000000000000200, 5.699999999999999300 ) ) ;
#5276 = DIRECTION ( 'NONE',  ( 0.0000000000000000000, 1.000000000000000000, 1.224606353822377300E-016 ) ) ;
#5277 = VECTOR ( 'NONE', #5276, 1000.000000000000000 ) ;
#5278 = CARTESIAN_POINT ( 'NONE',  ( -2.450000000000000200, -4.450000000000000200, 5.699999999999999300 ) ) ;
#5279 = LINE ( 'NONE', #5278, #5277 ) ;
#5280 = CARTESIAN_POINT ( 'NONE',  ( 4.549999999999999800, -4.450000000000000200, 4.899999999999996800 ) ) ;
#5281 = CARTESIAN_POINT ( 'NONE',  ( -2.450000000000000200, -4.450000000000000200, 5.699999999999999300 ) ) ;
#5282 = DIRECTION ( 'NONE',  ( -1.000000000000000000, 0.0000000000000000000, 0.0000000000000000000 ) ) ;
#5283 = VECTOR ( 'NONE', #5282, 1000.000000000000000 ) ;
#5284 = DIRECTION ( 'NONE',  ( 0.0000000000000000000, 0.0000000000000000000, -1.000000000000000000 ) ) ;
#5285 = VECTOR ( 'NONE', #5284, 1000.000000000000000 ) ;
#5286 = CARTESIAN_POINT ( 'NONE',  ( -0.7500000000000006700, -4.450000000000000200, 5.699999999999999300 ) ) ;
#5287 = LINE ( 'NONE', #5286, #5285 ) ;
#5288 = CARTESIAN_POINT ( 'NONE',  ( 0.7500000000000006700, -4.450000000000000200, 0.4999999999999978400 ) ) ;
#5289 = DIRECTION ( 'NONE',  ( 0.0000000000000000000, 0.0000000000000000000, -1.000000000000000000 ) ) ;
#5290 = VECTOR ( 'NONE', #5289, 1000.000000000000000 ) ;
#5291 = CARTESIAN_POINT ( 'NONE',  ( 0.7500000000000006700, -4.450000000000000200, 5.699999999999999300 ) ) ;
#5292 = LINE ( 'NONE', #5291, #5290 ) ;
#5293 = DIRECTION ( 'NONE',  ( -1.000000000000000000, 0.0000000000000000000, 0.0000000000000000000 ) ) ;
#5294 = VECTOR ( 'NONE', #5293, 1000.000000000000000 ) ;
#5295 = CARTESIAN_POINT ( 'NONE',  ( 10.00000000000000000, -4.450000000000000200, 0.4999999999999978400 ) ) ;
#5296 = LINE ( 'NONE', #5295, #5294 ) ;
#5297 = DIRECTION ( 'NONE',  ( 0.0000000000000000000, 0.0000000000000000000, 1.000000000000000000 ) ) ;
#5298 = VECTOR ( 'NONE', #5297, 1000.000000000000000 ) ;
#5299 = CARTESIAN_POINT ( 'NONE',  ( 8.900000000000002100, -4.450000000000000200, 5.699999999999999300 ) ) ;
#5300 = LINE ( 'NONE', #5299, #5298 ) ;
#5301 = CARTESIAN_POINT ( 'NONE',  ( 8.900000000000000400, -4.450000000000000200, 2.400000000000000400 ) ) ;
#5302 = DIRECTION ( 'NONE',  ( 1.000000000000000000, 0.0000000000000000000, 0.0000000000000000000 ) ) ;
#5303 = VECTOR ( 'NONE', #5302, 1000.000000000000000 ) ;
#5304 = CARTESIAN_POINT ( 'NONE',  ( 8.900000000000000400, -4.450000000000000200, 2.400000000000000400 ) ) ;
#5305 = LINE ( 'NONE', #5304, #5303 ) ;
#5306 = CARTESIAN_POINT ( 'NONE',  ( 3.250000000000000400, -4.450000000000000200, 0.4999999999999978400 ) ) ;
#5307 = DIRECTION ( 'NONE',  ( 0.0000000000000000000, 0.0000000000000000000, -1.000000000000000000 ) ) ;
#5308 = VECTOR ( 'NONE', #5307, 1000.000000000000000 ) ;
#5309 = CARTESIAN_POINT ( 'NONE',  ( 2.750000000000000000, -4.450000000000000200, 5.699999999999999300 ) ) ;
#5310 = LINE ( 'NONE', #5309, #5308 ) ;
#5311 = CARTESIAN_POINT ( 'NONE',  ( -0.7999999999999999300, 1.699999999999999300, 4.599999999999998800 ) ) ;
#5312 = DIRECTION ( 'NONE',  ( 0.0000000000000000000, 1.000000000000000000, 0.0000000000000000000 ) ) ;
#5313 = VECTOR ( 'NONE', #5312, 1000.000000000000000 ) ;
#5314 = CARTESIAN_POINT ( 'NONE',  ( -0.8000000000000000400, 1.699999999999998400, 4.599999999999997900 ) ) ;
#5315 = LINE ( 'NONE', #5378, #5377 ) ;
#5316 = CARTESIAN_POINT ( 'NONE',  ( -4.750000000000000900, -4.450000000000000200, 0.4999999999999978400 ) ) ;
#5317 = DIRECTION ( 'NONE',  ( 0.0000000000000000000, 0.0000000000000000000, -1.000000000000000000 ) ) ;
#5318 = VECTOR ( 'NONE', #5317, 1000.000000000000000 ) ;
#5319 = CARTESIAN_POINT ( 'NONE',  ( -3.250000000000001300, -4.450000000000000200, 5.699999999999999300 ) ) ;
#5320 = LINE ( 'NONE', #5319, #5318 ) ;
#5321 = CARTESIAN_POINT ( 'NONE',  ( -2.749999999999999100, -4.450000000000000200, 0.4999999999999978400 ) ) ;
#5322 = CARTESIAN_POINT ( 'NONE',  ( -3.250000000000001300, -4.450000000000000200, 0.4999999999999978400 ) ) ;
#5323 = DIRECTION ( 'NONE',  ( 0.0000000000000000000, 0.0000000000000000000, -1.000000000000000000 ) ) ;
#5324 = VECTOR ( 'NONE', #5323, 1000.000000000000000 ) ;
#5325 = CARTESIAN_POINT ( 'NONE',  ( -4.750000000000000900, -4.450000000000000200, 5.699999999999999300 ) ) ;
#5326 = LINE ( 'NONE', #5325, #5324 ) ;
#5327 = DIRECTION ( 'NONE',  ( -1.000000000000000000, 0.0000000000000000000, 0.0000000000000000000 ) ) ;
#5328 = VECTOR ( 'NONE', #5327, 1000.000000000000000 ) ;
#5329 = CARTESIAN_POINT ( 'NONE',  ( 10.00000000000000000, -4.450000000000000200, 0.4999999999999978400 ) ) ;
#5330 = LINE ( 'NONE', #5329, #5328 ) ;
#5331 = DIRECTION ( 'NONE',  ( 0.0000000000000000000, 0.0000000000000000000, -1.000000000000000000 ) ) ;
#5332 = VECTOR ( 'NONE', #5331, 1000.000000000000000 ) ;
#5333 = CARTESIAN_POINT ( 'NONE',  ( -2.750000000000000900, -4.450000000000000200, 5.699999999999999300 ) ) ;
#5334 = LINE ( 'NONE', #5333, #5332 ) ;
#5335 = DIRECTION ( 'NONE',  ( -1.000000000000000000, 0.0000000000000000000, 0.0000000000000000000 ) ) ;
#5336 = VECTOR ( 'NONE', #5335, 1000.000000000000000 ) ;
#5337 = CARTESIAN_POINT ( 'NONE',  ( 10.00000000000000000, -4.450000000000000200, 0.4999999999999978400 ) ) ;
#5338 = LINE ( 'NONE', #5337, #5336 ) ;
#5339 = CARTESIAN_POINT ( 'NONE',  ( -0.7499999999999988900, -4.450000000000000200, 0.4999999999999978400 ) ) ;
#5340 = CARTESIAN_POINT ( 'NONE',  ( -1.249999999999999300, -4.450000000000000200, 0.4999999999999978400 ) ) ;
#5341 = DIRECTION ( 'NONE',  ( 0.0000000000000000000, 0.0000000000000000000, -1.000000000000000000 ) ) ;
#5342 = VECTOR ( 'NONE', #5341, 1000.000000000000000 ) ;
#5343 = CARTESIAN_POINT ( 'NONE',  ( -1.249999999999999300, -4.450000000000000200, 5.699999999999999300 ) ) ;
#5344 = LINE ( 'NONE', #5343, #5342 ) ;
#5345 = DIRECTION ( 'NONE',  ( -1.000000000000000000, 0.0000000000000000000, 0.0000000000000000000 ) ) ;
#5346 = VECTOR ( 'NONE', #5345, 1000.000000000000000 ) ;
#5347 = CARTESIAN_POINT ( 'NONE',  ( 10.00000000000000000, -4.450000000000000200, 5.699999999999999300 ) ) ;
#5348 = LINE ( 'NONE', #5347, #5346 ) ;
#5349 = CARTESIAN_POINT ( 'NONE',  ( -8.900000000000000400, -2.750000000000000000, 2.400000000000000400 ) ) ;
#5350 = DIRECTION ( 'NONE',  ( 0.0000000000000000000, 0.0000000000000000000, 1.000000000000000000 ) ) ;
#5351 = VECTOR ( 'NONE', #5350, 1000.000000000000000 ) ;
#5352 = CARTESIAN_POINT ( 'NONE',  ( -10.00000000000000000, -0.8500000000000026400, 5.700000000000000200 ) ) ;
#5353 = LINE ( 'NONE', #5352, #5351 ) ;
#5354 = DIRECTION ( 'NONE',  ( 0.0000000000000000000, 0.0000000000000000000, -1.000000000000000000 ) ) ;
#5355 = VECTOR ( 'NONE', #5354, 1000.000000000000000 ) ;
#5356 = CARTESIAN_POINT ( 'NONE',  ( 6.850000000000000500, -4.450000000000000200, 5.699999999999999300 ) ) ;
#5357 = LINE ( 'NONE', #5356, #5355 ) ;
#5358 = DIRECTION ( 'NONE',  ( 0.0000000000000000000, 0.0000000000000000000, -1.000000000000000000 ) ) ;
#5359 = VECTOR ( 'NONE', #5358, 1000.000000000000000 ) ;
#5360 = CARTESIAN_POINT ( 'NONE',  ( -10.00000000000000000, -4.450000000000000200, 5.699999999999999300 ) ) ;
#5361 = LINE ( 'NONE', #5360, #5359 ) ;
#5362 = CARTESIAN_POINT ( 'NONE',  ( -6.750000000000000900, -4.450000000000000200, 0.4999999999999978400 ) ) ;
#5363 = DIRECTION ( 'NONE',  ( -1.000000000000000000, 0.0000000000000000000, 0.0000000000000000000 ) ) ;
#5364 = VECTOR ( 'NONE', #5363, 1000.000000000000000 ) ;
#5365 = CARTESIAN_POINT ( 'NONE',  ( 10.00000000000000000, -4.450000000000000200, 0.4999999999999978400 ) ) ;
#5366 = LINE ( 'NONE', #5365, #5364 ) ;
#5367 = DIRECTION ( 'NONE',  ( 0.0000000000000000000, 0.0000000000000000000, -1.000000000000000000 ) ) ;
#5368 = VECTOR ( 'NONE', #5367, 1000.000000000000000 ) ;
#5369 = CARTESIAN_POINT ( 'NONE',  ( -6.750000000000000900, -4.450000000000000200, 5.699999999999999300 ) ) ;
#5370 = LINE ( 'NONE', #5369, #5368 ) ;
#5371 = CARTESIAN_POINT ( 'NONE',  ( -5.249999999999999100, -4.450000000000000200, 0.4999999999999978400 ) ) ;
#5372 = DIRECTION ( 'NONE',  ( 0.0000000000000000000, 0.0000000000000000000, -1.000000000000000000 ) ) ;
#5373 = VECTOR ( 'NONE', #5372, 1000.000000000000000 ) ;
#5374 = CARTESIAN_POINT ( 'NONE',  ( -5.249999999999999100, -4.450000000000000200, 5.699999999999999300 ) ) ;
#5375 = LINE ( 'NONE', #5374, #5373 ) ;
#5376 = DIRECTION ( 'NONE',  ( -1.000000000000000000, 0.0000000000000000000, 0.0000000000000000000 ) ) ;
#5377 = VECTOR ( 'NONE', #5376, 1000.000000000000000 ) ;
#5378 = CARTESIAN_POINT ( 'NONE',  ( 10.00000000000000000, -4.450000000000000200, 0.4999999999999978400 ) ) ;
#5379 = CARTESIAN_POINT ( 'NONE',  ( 5.249999999999999100, -4.450000000000000200, 0.4999999999999978400 ) ) ;
#5380 = DIRECTION ( 'NONE',  ( 0.0000000000000000000, 0.0000000000000000000, -1.000000000000000000 ) ) ;
#5381 = VECTOR ( 'NONE', #5380, 1000.000000000000000 ) ;
#5382 = CARTESIAN_POINT ( 'NONE',  ( 4.750000000000000000, -4.450000000000000200, 5.699999999999999300 ) ) ;
#5383 = LINE ( 'NONE', #5382, #5381 ) ;
#5384 = CARTESIAN_POINT ( 'NONE',  ( 4.750000000000000000, -4.450000000000000200, 0.4999999999999978400 ) ) ;
#5385 = DIRECTION ( 'NONE',  ( 0.0000000000000000000, 0.0000000000000000000, -1.000000000000000000 ) ) ;
#5386 = VECTOR ( 'NONE', #5385, 1000.000000000000000 ) ;
#5387 = CARTESIAN_POINT ( 'NONE',  ( 3.249999999999999600, -4.450000000000000200, 5.699999999999999300 ) ) ;
#5388 = LINE ( 'NONE', #5387, #5386 ) ;
#5389 = CARTESIAN_POINT ( 'NONE',  ( 2.750000000000000000, -4.450000000000000200, 0.4999999999999978400 ) ) ;
#5390 = DIRECTION ( 'NONE',  ( -1.000000000000000000, 0.0000000000000000000, 0.0000000000000000000 ) ) ;
#5391 = VECTOR ( 'NONE', #5390, 1000.000000000000000 ) ;
#5392 = CARTESIAN_POINT ( 'NONE',  ( 10.00000000000000000, -4.450000000000000200, 0.4999999999999978400 ) ) ;
#5393 = LINE ( 'NONE', #5392, #5391 ) ;
#5394 = DIRECTION ( 'NONE',  ( 0.0000000000000000000, 0.0000000000000000000, 1.000000000000000000 ) ) ;
#5395 = DIRECTION ( 'NONE',  ( -1.000000000000000000, 0.0000000000000000000, 0.0000000000000000000 ) ) ;
#5396 = CARTESIAN_POINT ( 'NONE',  ( -9.300000000000000700, -1.599999999999999900, 5.700000000000000200 ) ) ;
#5397 = AXIS2_PLACEMENT_3D ( 'NONE', #5396, #5395, #5394 ) ;
#5398 = PLANE ( 'NONE',  #5397 ) ;
#5399 = FACE_OUTER_BOUND ( 'NONE', #1294, .T. ) ;
#5400 = DIRECTION ( 'NONE',  ( 0.0000000000000000000, -1.224606353822377500E-016, 1.000000000000000000 ) ) ;
#5401 = VECTOR ( 'NONE', #5400, 1000.000000000000000 ) ;
#5402 = CARTESIAN_POINT ( 'NONE',  ( -10.00000000000000000, -1.950000000000000400, -5.633189227582932200E-016 ) ) ;
#5403 = LINE ( 'NONE', #5402, #5401 ) ;
#5404 = CARTESIAN_POINT ( 'NONE',  ( -10.00000000000000000, 2.649999999999999500, 1.599999999999999900 ) ) ;
#5405 = DIRECTION ( 'NONE',  ( 0.0000000000000000000, -1.257045997084642900E-016, 1.000000000000000000 ) ) ;
#5406 = VECTOR ( 'NONE', #5405, 1000.000000000000000 ) ;
#5407 = CARTESIAN_POINT ( 'NONE',  ( -10.00000000000000000, 2.649999999999999000, 2.250000000000000000 ) ) ;
#5408 = LINE ( 'NONE', #5407, #5406 ) ;
#5409 = CARTESIAN_POINT ( 'NONE',  ( 6.850000000000000500, -4.450000000000000200, 5.699999999999999300 ) ) ;
#5410 = CARTESIAN_POINT ( 'NONE',  ( 9.300000000000000700, 4.449999999999997500, 2.250000000000000400 ) ) ;
#5411 = DIRECTION ( 'NONE',  ( 0.0000000000000000000, 0.0000000000000000000, -1.000000000000000000 ) ) ;
#5412 = VECTOR ( 'NONE', #5411, 1000.000000000000000 ) ;
#5413 = CARTESIAN_POINT ( 'NONE',  ( 10.00000000000000000, -4.450000000000000200, 5.699999999999999300 ) ) ;
#5414 = LINE ( 'NONE', #5413, #5412 ) ;
#5415 = CARTESIAN_POINT ( 'NONE',  ( 1.250000000000001100, -4.450000000000000200, 0.4999999999999978400 ) ) ;
#5416 = DIRECTION ( 'NONE',  ( 0.0000000000000000000, 0.0000000000000000000, -1.000000000000000000 ) ) ;
#5417 = VECTOR ( 'NONE', #5416, 1000.000000000000000 ) ;
#5418 = CARTESIAN_POINT ( 'NONE',  ( 7.249999999999999100, -4.450000000000000200, 5.699999999999999300 ) ) ;
#5419 = LINE ( 'NONE', #5418, #5417 ) ;
#5420 = CARTESIAN_POINT ( 'NONE',  ( 7.249999999999999100, -4.450000000000000200, 0.4999999999999978400 ) ) ;
#5421 = DIRECTION ( 'NONE',  ( -1.000000000000000000, 0.0000000000000000000, 0.0000000000000000000 ) ) ;
#5422 = VECTOR ( 'NONE', #5421, 1000.000000000000000 ) ;
#5423 = CARTESIAN_POINT ( 'NONE',  ( 10.00000000000000000, -4.450000000000000200, 0.4999999999999978400 ) ) ;
#5424 = LINE ( 'NONE', #5423, #5422 ) ;
#5425 = CARTESIAN_POINT ( 'NONE',  ( 6.750000000000000000, -4.450000000000000200, 0.4999999999999978400 ) ) ;
#5426 = DIRECTION ( 'NONE',  ( 0.0000000000000000000, 0.0000000000000000000, -1.000000000000000000 ) ) ;
#5427 = VECTOR ( 'NONE', #5426, 1000.000000000000000 ) ;
#5428 = CARTESIAN_POINT ( 'NONE',  ( 6.750000000000000000, -4.450000000000000200, 5.699999999999999300 ) ) ;
#5429 = LINE ( 'NONE', #5428, #5427 ) ;
#5430 = DIRECTION ( 'NONE',  ( 0.0000000000000000000, 0.0000000000000000000, -1.000000000000000000 ) ) ;
#5431 = VECTOR ( 'NONE', #5430, 1000.000000000000000 ) ;
#5432 = CARTESIAN_POINT ( 'NONE',  ( 5.249999999999999100, -4.450000000000000200, 5.699999999999999300 ) ) ;
#5433 = LINE ( 'NONE', #5432, #5431 ) ;
#5434 = DIRECTION ( 'NONE',  ( 0.0000000000000000000, 0.0000000000000000000, -1.000000000000000000 ) ) ;
#5435 = VECTOR ( 'NONE', #5434, 1000.000000000000000 ) ;
#5436 = CARTESIAN_POINT ( 'NONE',  ( 1.249999999999999300, -4.450000000000000200, 5.699999999999999300 ) ) ;
#5437 = LINE ( 'NONE', #5436, #5435 ) ;
#5438 = DIRECTION ( 'NONE',  ( -1.000000000000000000, 0.0000000000000000000, 0.0000000000000000000 ) ) ;
#5439 = VECTOR ( 'NONE', #5438, 1000.000000000000000 ) ;
#5440 = CARTESIAN_POINT ( 'NONE',  ( 10.00000000000000000, -4.450000000000000200, 0.4999999999999978400 ) ) ;
#5441 = LINE ( 'NONE', #5440, #5439 ) ;
#5442 = CARTESIAN_POINT ( 'NONE',  ( -8.900000000000000400, -2.750000000000000000, 3.400000000000000400 ) ) ;
#5443 = AXIS2_PLACEMENT_3D ( 'NONE', #5442, #5506, #5505 ) ;
#5444 = PLANE ( 'NONE',  #5443 ) ;
#5445 = FACE_OUTER_BOUND ( 'NONE', #1285, .T. ) ;
#5446 = DIRECTION ( 'NONE',  ( 0.0000000000000000000, 1.000000000000000000, 0.0000000000000000000 ) ) ;
#5447 = VECTOR ( 'NONE', #5446, 1000.000000000000000 ) ;
#5448 = CARTESIAN_POINT ( 'NONE',  ( -10.00000000000000000, -2.750000000000000000, 2.400000000000000400 ) ) ;
#5449 = LINE ( 'NONE', #5448, #5447 ) ;
#5450 = DIRECTION ( 'NONE',  ( 0.0000000000000000000, 0.0000000000000000000, 1.000000000000000000 ) ) ;
#5451 = VECTOR ( 'NONE', #5450, 1000.000000000000000 ) ;
#5452 = CARTESIAN_POINT ( 'NONE',  ( -10.00000000000000000, -2.750000000000000000, 3.400000000000000400 ) ) ;
#5453 = LINE ( 'NONE', #5452, #5451 ) ;
#5454 = DIRECTION ( 'NONE',  ( 0.0000000000000000000, 0.0000000000000000000, 1.000000000000000000 ) ) ;
#5455 = DIRECTION ( 'NONE',  ( -1.000000000000000000, 0.0000000000000000000, 0.0000000000000000000 ) ) ;
#5456 = CARTESIAN_POINT ( 'NONE',  ( 9.300000000000000700, 4.449999999999997500, 5.700000000000000200 ) ) ;
#5457 = AXIS2_PLACEMENT_3D ( 'NONE', #5456, #5455, #5454 ) ;
#5458 = PLANE ( 'NONE',  #5457 ) ;
#5459 = FACE_OUTER_BOUND ( 'NONE', #1278, .T. ) ;
#5460 = CARTESIAN_POINT ( 'NONE',  ( 9.300000000000000700, 4.449999999999997500, 0.0000000000000000000 ) ) ;
#5461 = DIRECTION ( 'NONE',  ( 0.0000000000000000000, 1.000000000000000000, 0.0000000000000000000 ) ) ;
#5462 = VECTOR ( 'NONE', #5461, 1000.000000000000000 ) ;
#5463 = CARTESIAN_POINT ( 'NONE',  ( 9.300000000000000700, 4.449999999999997500, 0.0000000000000000000 ) ) ;
#5464 = LINE ( 'NONE', #5463, #5462 ) ;
#5465 = CARTESIAN_POINT ( 'NONE',  ( 9.300000000000000700, 1.150000000000000800, 1.599999999999999600 ) ) ;
#5466 = DIRECTION ( 'NONE',  ( 0.0000000000000000000, 0.0000000000000000000, 1.000000000000000000 ) ) ;
#5467 = VECTOR ( 'NONE', #5466, 1000.000000000000000 ) ;
#5468 = CARTESIAN_POINT ( 'NONE',  ( 9.300000000000000700, 1.150000000000000800, -0.1000000000000000100 ) ) ;
#5469 = LINE ( 'NONE', #5468, #5467 ) ;
#5470 = CARTESIAN_POINT ( 'NONE',  ( 9.300000000000000700, 2.649999999999996800, 2.250000000000000000 ) ) ;
#5471 = DIRECTION ( 'NONE',  ( 0.0000000000000000000, 1.000000000000000000, 2.409338161078898200E-016 ) ) ;
#5472 = VECTOR ( 'NONE', #5471, 1000.000000000000000 ) ;
#5473 = CARTESIAN_POINT ( 'NONE',  ( 9.300000000000000700, 4.450000000000000200, 2.250000000000000400 ) ) ;
#5474 = LINE ( 'NONE', #5473, #5472 ) ;
#5475 = DIRECTION ( 'NONE',  ( 0.0000000000000000000, 0.0000000000000000000, 1.000000000000000000 ) ) ;
#5476 = DIRECTION ( 'NONE',  ( -1.000000000000000000, 0.0000000000000000000, 0.0000000000000000000 ) ) ;
#5477 = CARTESIAN_POINT ( 'NONE',  ( -10.00000000000000000, -4.450000000000000200, 0.0000000000000000000 ) ) ;
#5478 = AXIS2_PLACEMENT_3D ( 'NONE', #5477, #5476, #5475 ) ;
#5479 = PLANE ( 'NONE',  #5478 ) ;
#5480 = FACE_OUTER_BOUND ( 'NONE', #1221, .T. ) ;
#5481 = CARTESIAN_POINT ( 'NONE',  ( -9.300000000000000700, 1.149999999999999900, 5.599999999999998800 ) ) ;
#5482 = DIRECTION ( 'NONE',  ( 0.0000000000000000000, -1.000000000000000000, 0.0000000000000000000 ) ) ;
#5483 = VECTOR ( 'NONE', #5482, 1000.000000000000000 ) ;
#5484 = CARTESIAN_POINT ( 'NONE',  ( -9.300000000000000700, -4.499999999999998200, 5.599999999999998800 ) ) ;
#5485 = LINE ( 'NONE', #5484, #5483 ) ;
#5486 = DIRECTION ( 'NONE',  ( 0.0000000000000000000, 0.0000000000000000000, -1.000000000000000000 ) ) ;
#5487 = VECTOR ( 'NONE', #5486, 1000.000000000000000 ) ;
#5488 = CARTESIAN_POINT ( 'NONE',  ( -9.300000000000000700, 1.149999999999999900, 5.700000000000000200 ) ) ;
#5489 = LINE ( 'NONE', #5488, #5487 ) ;
#5490 = CARTESIAN_POINT ( 'NONE',  ( -10.00000000000000000, -1.950000000000000400, 1.599999999999999200 ) ) ;
#5491 = DIRECTION ( 'NONE',  ( 0.0000000000000000000, 1.000000000000000000, 1.224606353822377300E-016 ) ) ;
#5492 = VECTOR ( 'NONE', #5491, 1000.000000000000000 ) ;
#5493 = CARTESIAN_POINT ( 'NONE',  ( -10.00000000000000000, -1.950000000000000400, 1.599999999999999200 ) ) ;
#5494 = LINE ( 'NONE', #5493, #5492 ) ;
#5495 = CARTESIAN_POINT ( 'NONE',  ( -9.300000000000000700, -0.8500000000000035300, 5.599999999999998800 ) ) ;
#5496 = DIRECTION ( 'NONE',  ( 0.0000000000000000000, 0.0000000000000000000, 1.000000000000000000 ) ) ;
#5497 = VECTOR ( 'NONE', #5496, 1000.000000000000000 ) ;
#5498 = CARTESIAN_POINT ( 'NONE',  ( -9.300000000000000700, -0.8500000000000026400, 5.700000000000000200 ) ) ;
#5499 = LINE ( 'NONE', #5498, #5497 ) ;
#5500 = CARTESIAN_POINT ( 'NONE',  ( 8.900000000000002100, -4.499999999999998200, 2.399999999999998600 ) ) ;
#5501 = DIRECTION ( 'NONE',  ( 0.0000000000000000000, 0.0000000000000000000, 1.000000000000000000 ) ) ;
#5502 = VECTOR ( 'NONE', #5501, 1000.000000000000000 ) ;
#5503 = CARTESIAN_POINT ( 'NONE',  ( -9.300000000000000700, -2.750000000000000000, 3.400000000000000400 ) ) ;
#5504 = LINE ( 'NONE', #5503, #5502 ) ;
#5505 = DIRECTION ( 'NONE',  ( 0.0000000000000000000, 0.0000000000000000000, -1.000000000000000000 ) ) ;
#5506 = DIRECTION ( 'NONE',  ( 0.0000000000000000000, -1.000000000000000000, 0.0000000000000000000 ) ) ;
#5507 = DIRECTION ( 'NONE',  ( 1.000000000000000000, 0.0000000000000000000, 0.0000000000000000000 ) ) ;
#5508 = CARTESIAN_POINT ( 'NONE',  ( -8.199999999999999300, -1.350000000000001400, 3.899999999999997700 ) ) ;
#5509 = LINE ( 'NONE', #5508, #5569 ) ;
#5510 = CARTESIAN_POINT ( 'NONE',  ( -4.000000000000000000, -1.350000000000001400, 3.899999999999998100 ) ) ;
#5511 = DIRECTION ( 'NONE',  ( 0.0000000000000000000, 1.000000000000000000, 1.257045997084642900E-016 ) ) ;
#5512 = VECTOR ( 'NONE', #5511, 1000.000000000000000 ) ;
#5513 = CARTESIAN_POINT ( 'NONE',  ( -4.000000000000000000, -1.350000000000001400, 3.899999999999998100 ) ) ;
#5514 = LINE ( 'NONE', #5513, #5512 ) ;
#5515 = CARTESIAN_POINT ( 'NONE',  ( -7.400000000000000400, 2.649999999999998600, 3.899999999999998100 ) ) ;
#5516 = CARTESIAN_POINT ( 'NONE',  ( -4.000000000000000000, 2.649999999999998600, 3.899999999999998600 ) ) ;
#5517 = DIRECTION ( 'NONE',  ( -1.000000000000000000, 0.0000000000000000000, 0.0000000000000000000 ) ) ;
#5518 = VECTOR ( 'NONE', #5517, 1000.000000000000000 ) ;
#5519 = CARTESIAN_POINT ( 'NONE',  ( 10.00000000000000000, 2.649999999999998600, 3.899999999999998100 ) ) ;
#5520 = LINE ( 'NONE', #5519, #5518 ) ;
#5521 = DIRECTION ( 'NONE',  ( 0.0000000000000000000, -1.000000000000000000, -1.224606353822377300E-016 ) ) ;
#5522 = DIRECTION ( 'NONE',  ( 0.0000000000000000000, -1.224606353822377300E-016, 1.000000000000000000 ) ) ;
#5523 = CARTESIAN_POINT ( 'NONE',  ( -8.199999999999999300, -1.350000000000001400, 3.899999999999997700 ) ) ;
#5524 = AXIS2_PLACEMENT_3D ( 'NONE', #5523, #5522, #5521 ) ;
#5525 = PLANE ( 'NONE',  #5524 ) ;
#5526 = FACE_OUTER_BOUND ( 'NONE', #1317, .T. ) ;
#5527 = DIRECTION ( 'NONE',  ( 0.0000000000000000000, -1.000000000000000000, 0.0000000000000000000 ) ) ;
#5528 = VECTOR ( 'NONE', #5527, 1000.000000000000000 ) ;
#5529 = CARTESIAN_POINT ( 'NONE',  ( -8.900000000000002100, -1.599999999999999900, 5.700000000000000200 ) ) ;
#5530 = LINE ( 'NONE', #5529, #5528 ) ;
#5531 = CARTESIAN_POINT ( 'NONE',  ( -8.900000000000003900, 1.149999999999999900, 5.700000000000000200 ) ) ;
#5532 = DIRECTION ( 'NONE',  ( 1.000000000000000000, 0.0000000000000000000, 0.0000000000000000000 ) ) ;
#5533 = VECTOR ( 'NONE', #5532, 1000.000000000000000 ) ;
#5534 = CARTESIAN_POINT ( 'NONE',  ( -9.300000000000000700, 1.149999999999999900, 5.700000000000000200 ) ) ;
#5535 = LINE ( 'NONE', #5534, #5533 ) ;
#5536 = CARTESIAN_POINT ( 'NONE',  ( -9.300000000000000700, 1.149999999999999900, 5.700000000000000200 ) ) ;
#5537 = DIRECTION ( 'NONE',  ( 0.0000000000000000000, 1.000000000000000000, 0.0000000000000000000 ) ) ;
#5538 = VECTOR ( 'NONE', #5537, 1000.000000000000000 ) ;
#5539 = CARTESIAN_POINT ( 'NONE',  ( -9.300000000000000700, -1.599999999999999900, 5.700000000000000200 ) ) ;
#5540 = LINE ( 'NONE', #5539, #5538 ) ;
#5541 = CARTESIAN_POINT ( 'NONE',  ( 2.450000000000000200, -4.450000000000000200, 5.699999999999999300 ) ) ;
#5542 = CARTESIAN_POINT ( 'NONE',  ( 4.549999999999999800, -4.450000000000000200, 5.699999999999999300 ) ) ;
#5543 = DIRECTION ( 'NONE',  ( -1.000000000000000000, 0.0000000000000000000, 0.0000000000000000000 ) ) ;
#5544 = VECTOR ( 'NONE', #5543, 1000.000000000000000 ) ;
#5545 = CARTESIAN_POINT ( 'NONE',  ( 10.00000000000000000, -4.450000000000000200, 5.699999999999999300 ) ) ;
#5546 = LINE ( 'NONE', #5545, #5544 ) ;
#5547 = DIRECTION ( 'NONE',  ( 0.0000000000000000000, 1.000000000000000000, 1.221636250687892500E-016 ) ) ;
#5548 = DIRECTION ( 'NONE',  ( 0.0000000000000000000, 1.221636250687892500E-016, -1.000000000000000000 ) ) ;
#5549 = CARTESIAN_POINT ( 'NONE',  ( 10.00000000000000000, 2.649999999999998600, 5.700000000000000200 ) ) ;
#5550 = AXIS2_PLACEMENT_3D ( 'NONE', #5549, #5548, #5547 ) ;
#5551 = PLANE ( 'NONE',  #5550 ) ;
#5552 = FACE_OUTER_BOUND ( 'NONE', #1330, .T. ) ;
#5553 =( GEOMETRIC_REPRESENTATION_CONTEXT ( 3 ) GLOBAL_UNCERTAINTY_ASSIGNED_CONTEXT ( ( #5554 ) ) GLOBAL_UNIT_ASSIGNED_CONTEXT ( ( #5557, #5556, #5555 ) ) REPRESENTATION_CONTEXT ( 'NONE', 'WORKASPACE' ) );
#5554 = UNCERTAINTY_MEASURE_WITH_UNIT (LENGTH_MEASURE( 1.000000000000000100E-005 ), #5557, 'distance_accuracy_value', 'NONE');
#5555 =( NAMED_UNIT ( * ) SI_UNIT ( $, .STERADIAN. ) SOLID_ANGLE_UNIT ( ) );
#5556 =( NAMED_UNIT ( * ) PLANE_ANGLE_UNIT ( ) SI_UNIT ( $, .RADIAN. ) );
#5557 =( LENGTH_UNIT ( ) NAMED_UNIT ( * ) SI_UNIT ( .MILLI., .METRE. ) );
#5558 = MECHANICAL_DESIGN_GEOMETRIC_PRESENTATION_REPRESENTATION (  '', ( #5560 ), #5553 ) ;
#5559 = PRESENTATION_LAYER_ASSIGNMENT (  '', '', ( #5560 ) ) ;
#5560 = STYLED_ITEM ( 'NONE', ( #5561 ), #1328 ) ;
#5561 = PRESENTATION_STYLE_ASSIGNMENT (( #5562 ) ) ;
#5562 = SURFACE_STYLE_USAGE ( .BOTH. , #5563 ) ;
#5563 = SURFACE_SIDE_STYLE ('',( #5564 ) ) ;
#5564 = SURFACE_STYLE_FILL_AREA ( #5565 ) ;
#5565 = FILL_AREA_STYLE ('',( #5566 ) ) ;
#5566 = FILL_AREA_STYLE_COLOUR ( '', #5567 ) ;
#5567 = COLOUR_RGB ( '',0.0000000000000000000, 0.0000000000000000000, 0.6274509803921568500 ) ;
#5568 = CARTESIAN_POINT ( 'NONE',  ( -7.400000000000000400, -1.350000000000001400, 3.899999999999997700 ) ) ;
#5569 = VECTOR ( 'NONE', #5507, 1000.000000000000000 ) ;
#5570 = DIRECTION ( 'NONE',  ( -1.000000000000000000, 0.0000000000000000000, 0.0000000000000000000 ) ) ;
#5571 = VECTOR ( 'NONE', #5570, 1000.000000000000000 ) ;
#5572 = CARTESIAN_POINT ( 'NONE',  ( -8.900000000000000400, -0.8500000000000026400, 4.700000000000000200 ) ) ;
#5573 = LINE ( 'NONE', #5572, #5571 ) ;
#5574 = CARTESIAN_POINT ( 'NONE',  ( -9.300000000000000700, -0.8500000000000026400, 4.700000000000000200 ) ) ;
#5575 = DIRECTION ( 'NONE',  ( 0.0000000000000000000, 0.0000000000000000000, -1.000000000000000000 ) ) ;
#5576 = VECTOR ( 'NONE', #5575, 1000.000000000000000 ) ;
#5577 = CARTESIAN_POINT ( 'NONE',  ( 9.300000000000000700, 4.449999999999997500, 5.700000000000000200 ) ) ;
#5578 = LINE ( 'NONE', #5577, #5576 ) ;
#5579 = CARTESIAN_POINT ( 'NONE',  ( 9.300000000000000700, 1.149999999999997900, 0.0000000000000000000 ) ) ;
#5580 = CARTESIAN_POINT ( 'NONE',  ( -9.299999999999998900, -1.649999999999998600, -2.710505431213761100E-017 ) ) ;
#5581 = DIRECTION ( 'NONE',  ( 0.0000000000000000000, 0.0000000000000000000, -1.000000000000000000 ) ) ;
#5582 = VECTOR ( 'NONE', #5581, 1000.000000000000000 ) ;
#5583 = CARTESIAN_POINT ( 'NONE',  ( -9.299999999999998900, -1.649999999999998600, -0.1000000000000003400 ) ) ;
#5584 = LINE ( 'NONE', #5583, #5582 ) ;
#5585 = CARTESIAN_POINT ( 'NONE',  ( -9.299999999999998900, -1.649999999999998600, 1.599999999999999200 ) ) ;
#5586 = CARTESIAN_POINT ( 'NONE',  ( -9.300000000000000700, -1.950000000000000400, 1.599999999999999200 ) ) ;
#5587 = DIRECTION ( 'NONE',  ( 0.0000000000000000000, 1.000000000000000000, 1.224606353822377300E-016 ) ) ;
#5588 = VECTOR ( 'NONE', #5587, 1000.000000000000000 ) ;
#5589 = CARTESIAN_POINT ( 'NONE',  ( -9.300000000000000700, -1.950000000000000400, 1.599999999999999200 ) ) ;
#5590 = LINE ( 'NONE', #5589, #5588 ) ;
#5591 = DIRECTION ( 'NONE',  ( 0.0000000000000000000, 0.0000000000000000000, -1.000000000000000000 ) ) ;
#5592 = DIRECTION ( 'NONE',  ( 1.000000000000000000, 0.0000000000000000000, 0.0000000000000000000 ) ) ;
#5593 = CARTESIAN_POINT ( 'NONE',  ( -9.300000000000000700, 4.450000000000000200, 5.700000000000000200 ) ) ;
#5594 = AXIS2_PLACEMENT_3D ( 'NONE', #5593, #5592, #5591 ) ;
#5595 = PLANE ( 'NONE',  #5594 ) ;
#5596 = FACE_OUTER_BOUND ( 'NONE', #1338, .T. ) ;
#5597 = DIRECTION ( 'NONE',  ( 0.0000000000000000000, 1.000000000000000000, 1.257045997084642900E-016 ) ) ;
#5598 = VECTOR ( 'NONE', #5597, 1000.000000000000000 ) ;
#5599 = CARTESIAN_POINT ( 'NONE',  ( -7.400000000000000400, -2.710147050873544600, 3.899999999999997200 ) ) ;
#5600 = LINE ( 'NONE', #5599, #5598 ) ;
#5601 = PLANE ( 'NONE',  #5093 ) ;
#5602 = DIRECTION ( 'NONE',  ( -1.000000000000000000, 0.0000000000000000000, 0.0000000000000000000 ) ) ;
#5603 = FACE_OUTER_BOUND ( 'NONE', #1371, .T. ) ;
#5604 = DIRECTION ( 'NONE',  ( 0.0000000000000000000, 0.8253072612498314500, 0.5646839155919907100 ) ) ;
#5605 = VECTOR ( 'NONE', #5604, 1000.000000000000000 ) ;
#5606 = CARTESIAN_POINT ( 'NONE',  ( -10.00000000000000000, -0.8500000000000026400, 4.700000000000000200 ) ) ;
#5607 = LINE ( 'NONE', #5606, #5605 ) ;
#5608 = CARTESIAN_POINT ( 'NONE',  ( -10.00000000000000000, -0.8500000000000026400, 4.700000000000000200 ) ) ;
#5609 = CARTESIAN_POINT ( 'NONE',  ( -8.900000000000000400, -4.450000000000000200, 5.699999999999999300 ) ) ;
#5610 = CARTESIAN_POINT ( 'NONE',  ( -6.850000000000000500, -4.450000000000000200, 5.699999999999999300 ) ) ;
#5611 = DIRECTION ( 'NONE',  ( -1.000000000000000000, 0.0000000000000000000, 0.0000000000000000000 ) ) ;
#5612 = VECTOR ( 'NONE', #5611, 1000.000000000000000 ) ;
#5613 = CARTESIAN_POINT ( 'NONE',  ( 10.00000000000000000, -4.450000000000000200, 5.699999999999999300 ) ) ;
#5614 = LINE ( 'NONE', #5613, #5612 ) ;
#5615 = DIRECTION ( 'NONE',  ( 0.0000000000000000000, 1.000000000000000000, 1.221636250687892500E-016 ) ) ;
#5616 = DIRECTION ( 'NONE',  ( 0.0000000000000000000, 1.221636250687892500E-016, -1.000000000000000000 ) ) ;
#5617 = CARTESIAN_POINT ( 'NONE',  ( 10.00000000000000000, 2.649999999999998600, 5.700000000000000200 ) ) ;
#5618 = AXIS2_PLACEMENT_3D ( 'NONE', #5617, #5616, #5615 ) ;
#5619 = PLANE ( 'NONE',  #5618 ) ;
#5620 = FACE_OUTER_BOUND ( 'NONE', #1361, .T. ) ;
#5621 = DIRECTION ( 'NONE',  ( 0.0000000000000000000, 1.000000000000000000, 1.224606353822377300E-016 ) ) ;
#5622 = VECTOR ( 'NONE', #5621, 1000.000000000000000 ) ;
#5623 = CARTESIAN_POINT ( 'NONE',  ( 2.450000000000000200, -4.450000000000000200, 5.699999999999999300 ) ) ;
#5624 = LINE ( 'NONE', #5623, #5622 ) ;
#5625 = CARTESIAN_POINT ( 'NONE',  ( 2.450000000000000200, 2.649999999999998600, 5.700000000000000200 ) ) ;
#5626 = DIRECTION ( 'NONE',  ( -1.000000000000000000, 0.0000000000000000000, 0.0000000000000000000 ) ) ;
#5627 = VECTOR ( 'NONE', #5626, 1000.000000000000000 ) ;
#5628 = CARTESIAN_POINT ( 'NONE',  ( 10.00000000000000000, 2.649999999999998600, 5.700000000000000200 ) ) ;
#5629 = LINE ( 'NONE', #5628, #5627 ) ;
#5630 = CARTESIAN_POINT ( 'NONE',  ( 4.549999999999999800, 2.649999999999998600, 5.700000000000000200 ) ) ;
#5631 = DIRECTION ( 'NONE',  ( 0.0000000000000000000, 1.000000000000000000, 1.257045997084643100E-016 ) ) ;
#5632 = VECTOR ( 'NONE', #5631, 1000.000000000000000 ) ;
#5633 = CARTESIAN_POINT ( 'NONE',  ( 4.549999999999999800, -4.450000000000000200, 5.699999999999999300 ) ) ;
#5634 = LINE ( 'NONE', #5633, #5632 ) ;
#5635 = VECTOR ( 'NONE', #5696, 1000.000000000000000 ) ;
#5636 = CARTESIAN_POINT ( 'NONE',  ( -10.00000000000000000, 2.649999999999998600, 5.700000000000000200 ) ) ;
#5637 = LINE ( 'NONE', #5636, #5635 ) ;
#5638 = CARTESIAN_POINT ( 'NONE',  ( -10.00000000000000000, 2.649999999999998600, 5.700000000000000200 ) ) ;
#5639 = DIRECTION ( 'NONE',  ( -1.000000000000000000, 0.0000000000000000000, 0.0000000000000000000 ) ) ;
#5640 = VECTOR ( 'NONE', #5639, 1000.000000000000000 ) ;
#5641 = CARTESIAN_POINT ( 'NONE',  ( 10.00000000000000000, 2.649999999999998600, 5.700000000000000200 ) ) ;
#5642 = LINE ( 'NONE', #5641, #5640 ) ;
#5643 = CARTESIAN_POINT ( 'NONE',  ( -6.850000000000000500, 2.649999999999998600, 5.700000000000000200 ) ) ;
#5644 = DIRECTION ( 'NONE',  ( 0.0000000000000000000, 1.000000000000000000, 1.257045997084643100E-016 ) ) ;
#5645 = VECTOR ( 'NONE', #5644, 1000.000000000000000 ) ;
#5646 = CARTESIAN_POINT ( 'NONE',  ( -6.850000000000000500, -4.450000000000000200, 5.699999999999999300 ) ) ;
#5647 = LINE ( 'NONE', #5646, #5645 ) ;
#5648 = CARTESIAN_POINT ( 'NONE',  ( -10.00000000000000000, -2.750000000000000000, 2.400000000000000400 ) ) ;
#5649 = DIRECTION ( 'NONE',  ( -1.000000000000000000, 0.0000000000000000000, 0.0000000000000000000 ) ) ;
#5650 = VECTOR ( 'NONE', #5649, 1000.000000000000000 ) ;
#5651 = CARTESIAN_POINT ( 'NONE',  ( -8.900000000000000400, -2.750000000000000000, 2.400000000000000400 ) ) ;
#5652 = LINE ( 'NONE', #5651, #5650 ) ;
#5653 = CARTESIAN_POINT ( 'NONE',  ( -9.300000000000000700, -2.750000000000000000, 2.399999999999999000 ) ) ;
#5654 = DIRECTION ( 'NONE',  ( 0.0000000000000000000, 1.000000000000000000, 1.521687259628779000E-016 ) ) ;
#5655 = VECTOR ( 'NONE', #5654, 1000.000000000000000 ) ;
#5656 = CARTESIAN_POINT ( 'NONE',  ( -9.300000000000000700, -1.649999999999999500, 2.399999999999999000 ) ) ;
#5657 = LINE ( 'NONE', #5656, #5655 ) ;
#5658 = CARTESIAN_POINT ( 'NONE',  ( -10.00000000000000000, -4.450000000000000200, 2.400000000000000400 ) ) ;
#5659 = CARTESIAN_POINT ( 'NONE',  ( -9.300000000000000700, -4.450000000000000200, 2.399999999999998600 ) ) ;
#5660 = DIRECTION ( 'NONE',  ( -1.000000000000000000, 0.0000000000000000000, 0.0000000000000000000 ) ) ;
#5661 = VECTOR ( 'NONE', #5660, 1000.000000000000000 ) ;
#5662 = CARTESIAN_POINT ( 'NONE',  ( -8.900000000000000400, -4.450000000000000200, 2.400000000000000400 ) ) ;
#5663 = LINE ( 'NONE', #5662, #5661 ) ;
#5664 = DIRECTION ( 'NONE',  ( 1.000000000000000000, 0.0000000000000000000, 0.0000000000000000000 ) ) ;
#5665 = DIRECTION ( 'NONE',  ( 0.0000000000000000000, 0.0000000000000000000, 1.000000000000000000 ) ) ;
#5666 = CARTESIAN_POINT ( 'NONE',  ( -7.000000000000000000, 4.449999999999999300, 0.0000000000000000000 ) ) ;
#5667 = DIRECTION ( 'NONE',  ( -1.000000000000000000, 0.0000000000000000000, 0.0000000000000000000 ) ) ;
#5668 = VECTOR ( 'NONE', #5667, 1000.000000000000000 ) ;
#5669 = CARTESIAN_POINT ( 'NONE',  ( 10.00000000000000000, 4.450000000000000200, 0.0000000000000000000 ) ) ;
#5670 = LINE ( 'NONE', #5669, #5668 ) ;
#5671 = CARTESIAN_POINT ( 'NONE',  ( -9.300000000000000700, 4.450000000000000200, 0.0000000000000000000 ) ) ;
#5672 = DIRECTION ( 'NONE',  ( 0.0000000000000000000, -1.000000000000000000, 0.0000000000000000000 ) ) ;
#5673 = VECTOR ( 'NONE', #5672, 1000.000000000000000 ) ;
#5674 = CARTESIAN_POINT ( 'NONE',  ( -9.300000000000000700, 4.450000000000000200, 0.0000000000000000000 ) ) ;
#5675 = LINE ( 'NONE', #5674, #5673 ) ;
#5676 = CARTESIAN_POINT ( 'NONE',  ( -9.300000000000000700, 1.150000000000000800, 0.0000000000000000000 ) ) ;
#5677 = DIRECTION ( 'NONE',  ( 1.000000000000000000, 0.0000000000000000000, 0.0000000000000000000 ) ) ;
#5678 = VECTOR ( 'NONE', #5677, 1000.000000000000000 ) ;
#5679 = CARTESIAN_POINT ( 'NONE',  ( -9.300000000000000700, 1.149999999999999900, 0.0000000000000000000 ) ) ;
#5680 = LINE ( 'NONE', #5679, #5678 ) ;
#5681 = CARTESIAN_POINT ( 'NONE',  ( 9.304999999999999700, -1.649999999999998600, 1.599999999999999200 ) ) ;
#5682 = DIRECTION ( 'NONE',  ( -1.000000000000000000, 2.409338161078898700E-016, 0.0000000000000000000 ) ) ;
#5683 = VECTOR ( 'NONE', #5682, 1000.000000000000000 ) ;
#5684 = CARTESIAN_POINT ( 'NONE',  ( 9.304999999999999700, -1.649999999999998600, 1.599999999999999200 ) ) ;
#5685 = LINE ( 'NONE', #5684, #5683 ) ;
#5686 = DIRECTION ( 'NONE',  ( 1.000000000000000000, 0.0000000000000000000, 0.0000000000000000000 ) ) ;
#5687 = VECTOR ( 'NONE', #5686, 1000.000000000000000 ) ;
#5688 = CARTESIAN_POINT ( 'NONE',  ( 10.00000000000000000, -1.950000000000000400, 1.599999999999999200 ) ) ;
#5689 = LINE ( 'NONE', #5688, #5687 ) ;
#5690 = CARTESIAN_POINT ( 'NONE',  ( -9.300000000000000700, -0.8500000000000026400, 5.700000000000000200 ) ) ;
#5691 = DIRECTION ( 'NONE',  ( -1.000000000000000000, 0.0000000000000000000, 0.0000000000000000000 ) ) ;
#5692 = VECTOR ( 'NONE', #5691, 1000.000000000000000 ) ;
#5693 = CARTESIAN_POINT ( 'NONE',  ( -8.900000000000000400, -0.8500000000000026400, 5.700000000000000200 ) ) ;
#5694 = LINE ( 'NONE', #5693, #5692 ) ;
#5695 = CARTESIAN_POINT ( 'NONE',  ( -10.00000000000000000, -0.8500000000000026400, 5.700000000000000200 ) ) ;
#5696 = DIRECTION ( 'NONE',  ( 0.0000000000000000000, -1.000000000000000000, -1.221636250687892700E-016 ) ) ;
#5697 = CARTESIAN_POINT ( 'NONE',  ( -8.900000000000000400, -1.649999999999999500, 0.0000000000000000000 ) ) ;
#5698 = DIRECTION ( 'NONE',  ( 1.000000000000000000, 0.0000000000000000000, 0.0000000000000000000 ) ) ;
#5699 = VECTOR ( 'NONE', #5698, 1000.000000000000000 ) ;
#5700 = CARTESIAN_POINT ( 'NONE',  ( 10.00000000000000000, -1.649999999999999500, 0.0000000000000000000 ) ) ;
#5701 = LINE ( 'NONE', #5700, #5699 ) ;
#5702 = DIRECTION ( 'NONE',  ( -1.000000000000000000, -3.856270427542649500E-032, 3.148987766971835800E-016 ) ) ;
#5703 = VECTOR ( 'NONE', #5702, 1000.000000000000000 ) ;
#5704 = CARTESIAN_POINT ( 'NONE',  ( -10.00000000000000000, -1.950000000000000400, -5.633189227582932200E-016 ) ) ;
#5705 = LINE ( 'NONE', #5704, #5703 ) ;
#5706 = CARTESIAN_POINT ( 'NONE',  ( -10.00000000000000000, -1.950000000000000400, 0.0000000000000000000 ) ) ;
#5707 = DIRECTION ( 'NONE',  ( 0.0000000000000000000, 1.000000000000000000, 0.0000000000000000000 ) ) ;
#5708 = VECTOR ( 'NONE', #5707, 1000.000000000000000 ) ;
#5709 = CARTESIAN_POINT ( 'NONE',  ( -10.00000000000000000, -4.450000000000000200, 0.0000000000000000000 ) ) ;
#5710 = LINE ( 'NONE', #5709, #5708 ) ;
#5711 = CARTESIAN_POINT ( 'NONE',  ( -10.00000000000000000, -4.450000000000000200, 0.0000000000000000000 ) ) ;
#5712 = DIRECTION ( 'NONE',  ( -1.000000000000000000, 0.0000000000000000000, 0.0000000000000000000 ) ) ;
#5713 = VECTOR ( 'NONE', #5712, 1000.000000000000000 ) ;
#5714 = CARTESIAN_POINT ( 'NONE',  ( 10.00000000000000000, -4.450000000000000200, 0.0000000000000000000 ) ) ;
#5715 = LINE ( 'NONE', #5714, #5713 ) ;
#5716 = DIRECTION ( 'NONE',  ( 0.0000000000000000000, 1.000000000000000000, 0.0000000000000000000 ) ) ;
#5717 = VECTOR ( 'NONE', #5716, 1000.000000000000000 ) ;
#5718 = CARTESIAN_POINT ( 'NONE',  ( -7.250000000000000900, -4.450000000000000200, 0.0000000000000000000 ) ) ;
#5719 = LINE ( 'NONE', #5718, #5717 ) ;
#5720 = CARTESIAN_POINT ( 'NONE',  ( -3.000000000000000000, 3.149999999999999900, 0.0000000000000000000 ) ) ;
#5721 = DIRECTION ( 'NONE',  ( -1.000000000000000000, 4.336808689942017700E-016, 0.0000000000000000000 ) ) ;
#5722 = VECTOR ( 'NONE', #5721, 1000.000000000000000 ) ;
#5723 = CARTESIAN_POINT ( 'NONE',  ( -3.000000000000000000, 3.149999999999999900, 0.0000000000000000000 ) ) ;
#5724 = LINE ( 'NONE', #5723, #5722 ) ;
#5725 = CARTESIAN_POINT ( 'NONE',  ( -7.000000000000000000, 3.150000000000001700, 0.0000000000000000000 ) ) ;
#5726 = DIRECTION ( 'NONE',  ( 0.0000000000000000000, 1.000000000000000000, 0.0000000000000000000 ) ) ;
#5727 = VECTOR ( 'NONE', #5726, 1000.000000000000000 ) ;
#5728 = CARTESIAN_POINT ( 'NONE',  ( -7.000000000000000000, 4.449999999999999300, 0.0000000000000000000 ) ) ;
#5729 = LINE ( 'NONE', #5728, #5727 ) ;
#5730 = LINE ( 'NONE', #5732, #5731 ) ;
#5731 = VECTOR ( 'NONE', #5794, 1000.000000000000000 ) ;
#5732 = CARTESIAN_POINT ( 'NONE',  ( 9.300000000000000700, 1.149999999999997900, 0.0000000000000000000 ) ) ;
#5733 = DIRECTION ( 'NONE',  ( -1.000000000000000000, 0.0000000000000000000, 0.0000000000000000000 ) ) ;
#5734 = VECTOR ( 'NONE', #5733, 1000.000000000000000 ) ;
#5735 = CARTESIAN_POINT ( 'NONE',  ( 10.00000000000000000, 4.450000000000000200, 0.0000000000000000000 ) ) ;
#5736 = LINE ( 'NONE', #5735, #5734 ) ;
#5737 = DIRECTION ( 'NONE',  ( 0.0000000000000000000, 0.8253072612498314500, 0.5646839155919907100 ) ) ;
#5738 = VECTOR ( 'NONE', #5737, 1000.000000000000000 ) ;
#5739 = CARTESIAN_POINT ( 'NONE',  ( -9.300000000000000700, -0.8948113207547168100, 4.669339622641510700 ) ) ;
#5740 = LINE ( 'NONE', #5739, #5738 ) ;
#5741 = CARTESIAN_POINT ( 'NONE',  ( -10.00000000000000000, -2.750000000000000000, 3.400000000000000400 ) ) ;
#5742 = CARTESIAN_POINT ( 'NONE',  ( -9.300000000000000700, -2.750000000000000000, 3.400000000000000400 ) ) ;
#5743 = DIRECTION ( 'NONE',  ( -1.000000000000000000, 0.0000000000000000000, 0.0000000000000000000 ) ) ;
#5744 = VECTOR ( 'NONE', #5743, 1000.000000000000000 ) ;
#5745 = CARTESIAN_POINT ( 'NONE',  ( -8.900000000000000400, -2.750000000000000000, 3.400000000000000400 ) ) ;
#5746 = LINE ( 'NONE', #5745, #5744 ) ;
#5747 = DIRECTION ( 'NONE',  ( 0.0000000000000000000, -0.8253072612498313400, -0.5646839155919907100 ) ) ;
#5748 = DIRECTION ( 'NONE',  ( 0.0000000000000000000, -0.5646839155919907100, 0.8253072612498313400 ) ) ;
#5749 = CARTESIAN_POINT ( 'NONE',  ( -8.900000000000000400, -0.8500000000000026400, 4.700000000000000200 ) ) ;
#5750 = AXIS2_PLACEMENT_3D ( 'NONE', #5749, #5748, #5747 ) ;
#5751 = PLANE ( 'NONE',  #5750 ) ;
#5752 = FACE_OUTER_BOUND ( 'NONE', #1432, .T. ) ;
#5753 = DIRECTION ( 'NONE',  ( 0.0000000000000000000, 1.224606353822377300E-016, -1.000000000000000000 ) ) ;
#5754 = VECTOR ( 'NONE', #5753, 1000.000000000000000 ) ;
#5755 = CARTESIAN_POINT ( 'NONE',  ( -9.300000000000000700, -1.950000000000000400, -7.837480664463214600E-016 ) ) ;
#5756 = LINE ( 'NONE', #5755, #5754 ) ;
#5757 = CARTESIAN_POINT ( 'NONE',  ( -9.300000000000000700, -1.950000000000000400, -7.837480664463214600E-016 ) ) ;
#5758 = DIRECTION ( 'NONE',  ( 0.0000000000000000000, -1.000000000000000000, 0.0000000000000000000 ) ) ;
#5759 = VECTOR ( 'NONE', #5758, 1000.000000000000000 ) ;
#5760 = CARTESIAN_POINT ( 'NONE',  ( -9.300000000000000700, 4.450000000000000200, 0.0000000000000000000 ) ) ;
#5761 = LINE ( 'NONE', #5760, #5759 ) ;
#5762 = CARTESIAN_POINT ( 'NONE',  ( 9.300000000000000700, -1.649999999999999500, 0.0000000000000000000 ) ) ;
#5763 = CARTESIAN_POINT ( 'NONE',  ( 9.300000000000000700, -1.649999999999998600, 1.599999999999999200 ) ) ;
#5764 = DIRECTION ( 'NONE',  ( 0.0000000000000000000, 0.0000000000000000000, -1.000000000000000000 ) ) ;
#5765 = VECTOR ( 'NONE', #5764, 1000.000000000000000 ) ;
#5766 = CARTESIAN_POINT ( 'NONE',  ( 9.299999999999998900, -1.649999999999998600, -0.1000000000000003400 ) ) ;
#5767 = LINE ( 'NONE', #5766, #5765 ) ;
#5768 = CARTESIAN_POINT ( 'NONE',  ( -8.900000000000002100, 1.149999999999999900, 0.0000000000000000000 ) ) ;
#5769 = DIRECTION ( 'NONE',  ( 0.0000000000000000000, -1.000000000000000000, 0.0000000000000000000 ) ) ;
#5770 = VECTOR ( 'NONE', #5769, 1000.000000000000000 ) ;
#5771 = CARTESIAN_POINT ( 'NONE',  ( -8.900000000000002100, -1.599999999999999900, 0.0000000000000000000 ) ) ;
#5772 = LINE ( 'NONE', #5771, #5770 ) ;
#5773 = CARTESIAN_POINT ( 'NONE',  ( 9.300000000000000700, 2.649999999999996800, 1.599999999999999900 ) ) ;
#5774 = DIRECTION ( 'NONE',  ( 0.0000000000000000000, 0.0000000000000000000, -1.000000000000000000 ) ) ;
#5775 = VECTOR ( 'NONE', #5774, 1000.000000000000000 ) ;
#5776 = CARTESIAN_POINT ( 'NONE',  ( 9.300000000000000700, 2.649999999999996800, 5.700000000000000200 ) ) ;
#5777 = LINE ( 'NONE', #5776, #5775 ) ;
#5778 = DIRECTION ( 'NONE',  ( 0.0000000000000000000, 0.0000000000000000000, 1.000000000000000000 ) ) ;
#5779 = DIRECTION ( 'NONE',  ( -1.000000000000000000, 0.0000000000000000000, 0.0000000000000000000 ) ) ;
#5780 = CARTESIAN_POINT ( 'NONE',  ( 9.300000000000000700, 4.449999999999997500, 5.700000000000000200 ) ) ;
#5781 = AXIS2_PLACEMENT_3D ( 'NONE', #5780, #5779, #5778 ) ;
#5782 = PLANE ( 'NONE',  #5781 ) ;
#5783 = FACE_OUTER_BOUND ( 'NONE', #1451, .T. ) ;
#5784 = DIRECTION ( 'NONE',  ( -1.000000000000000000, 0.0000000000000000000, 0.0000000000000000000 ) ) ;
#5785 = VECTOR ( 'NONE', #5784, 1000.000000000000000 ) ;
#5786 = CARTESIAN_POINT ( 'NONE',  ( 10.00000000000000000, -1.649999999999999500, 0.0000000000000000000 ) ) ;
#5787 = LINE ( 'NONE', #5786, #5785 ) ;
#5788 = CARTESIAN_POINT ( 'NONE',  ( 8.900000000000002100, -1.649999999999999500, 0.0000000000000000000 ) ) ;
#5789 = DIRECTION ( 'NONE',  ( 0.0000000000000000000, 1.000000000000000000, 0.0000000000000000000 ) ) ;
#5790 = VECTOR ( 'NONE', #5789, 1000.000000000000000 ) ;
#5791 = CARTESIAN_POINT ( 'NONE',  ( 8.900000000000002100, -1.600000000000001600, 0.0000000000000000000 ) ) ;
#5792 = LINE ( 'NONE', #5791, #5790 ) ;
#5793 = CARTESIAN_POINT ( 'NONE',  ( 8.900000000000002100, 1.149999999999997900, 0.0000000000000000000 ) ) ;
#5794 = DIRECTION ( 'NONE',  ( 1.000000000000000000, 0.0000000000000000000, 0.0000000000000000000 ) ) ;
#5795 = LINE ( 'NONE', #5857, #5856 ) ;
#5796 = CARTESIAN_POINT ( 'NONE',  ( 10.00000000000000000, 2.649999999999999500, 1.599999999999999900 ) ) ;
#5797 = DIRECTION ( 'NONE',  ( -1.000000000000000000, 0.0000000000000000000, 0.0000000000000000000 ) ) ;
#5798 = VECTOR ( 'NONE', #5797, 1000.000000000000000 ) ;
#5799 = CARTESIAN_POINT ( 'NONE',  ( 10.00000000000000000, 2.649999999999999000, 1.599999999999999900 ) ) ;
#5800 = LINE ( 'NONE', #5799, #5798 ) ;
#5801 = DIRECTION ( 'NONE',  ( -1.000000000000000000, 2.409338161078898700E-016, 0.0000000000000000000 ) ) ;
#5802 = VECTOR ( 'NONE', #5801, 1000.000000000000000 ) ;
#5803 = CARTESIAN_POINT ( 'NONE',  ( 9.305000000000001500, 1.150000000000000800, 1.599999999999999200 ) ) ;
#5804 = LINE ( 'NONE', #5803, #5802 ) ;
#5805 = CARTESIAN_POINT ( 'NONE',  ( 9.305000000000001500, 1.150000000000000800, 1.599999999999999600 ) ) ;
#5806 = DIRECTION ( 'NONE',  ( 0.0000000000000000000, -1.000000000000000000, -1.224606353822377500E-016 ) ) ;
#5807 = DIRECTION ( 'NONE',  ( 0.0000000000000000000, -1.224606353822377500E-016, 1.000000000000000000 ) ) ;
#5808 = CARTESIAN_POINT ( 'NONE',  ( 10.00000000000000000, -1.950000000000000400, 1.599999999999999200 ) ) ;
#5809 = AXIS2_PLACEMENT_3D ( 'NONE', #5808, #5807, #5806 ) ;
#5810 = PLANE ( 'NONE',  #5809 ) ;
#5811 = FACE_OUTER_BOUND ( 'NONE', #1472, .T. ) ;
#5812 = DIRECTION ( 'NONE',  ( 0.0000000000000000000, 1.000000000000000000, 0.0000000000000000000 ) ) ;
#5813 = VECTOR ( 'NONE', #5812, 1000.000000000000000 ) ;
#5814 = CARTESIAN_POINT ( 'NONE',  ( 9.300000000000000700, 4.449999999999997500, 0.0000000000000000000 ) ) ;
#5815 = LINE ( 'NONE', #5814, #5813 ) ;
#5816 = CARTESIAN_POINT ( 'NONE',  ( 9.300000000000000700, -1.950000000000000400, -7.837480664463214600E-016 ) ) ;
#5817 = DIRECTION ( 'NONE',  ( 0.0000000000000000000, -1.224606353822377300E-016, 1.000000000000000000 ) ) ;
#5818 = VECTOR ( 'NONE', #5817, 1000.000000000000000 ) ;
#5819 = CARTESIAN_POINT ( 'NONE',  ( 9.300000000000000700, -1.950000000000000400, -7.837480664463214600E-016 ) ) ;
#5820 = LINE ( 'NONE', #5819, #5818 ) ;
#5821 = CARTESIAN_POINT ( 'NONE',  ( 9.300000000000000700, -1.950000000000000400, 1.599999999999999200 ) ) ;
#5822 = DIRECTION ( 'NONE',  ( 0.0000000000000000000, 1.000000000000000000, 1.224606353822377300E-016 ) ) ;
#5823 = VECTOR ( 'NONE', #5822, 1000.000000000000000 ) ;
#5824 = CARTESIAN_POINT ( 'NONE',  ( 9.300000000000000700, -1.950000000000000400, 1.599999999999999200 ) ) ;
#5825 = LINE ( 'NONE', #5824, #5823 ) ;
#5826 = CARTESIAN_POINT ( 'NONE',  ( -3.000000000000000000, 2.649999999999998600, 0.0000000000000000000 ) ) ;
#5827 = LINE ( 'NONE', #5826, #5890 ) ;
#5828 = CARTESIAN_POINT ( 'NONE',  ( -3.000000000000000000, 2.649999999999998600, 0.0000000000000000000 ) ) ;
#5829 = DIRECTION ( 'NONE',  ( 0.0000000000000000000, 1.000000000000000000, 0.0000000000000000000 ) ) ;
#5830 = VECTOR ( 'NONE', #5829, 1000.000000000000000 ) ;
#5831 = CARTESIAN_POINT ( 'NONE',  ( -3.000000000000000000, 3.149999999999999900, 0.0000000000000000000 ) ) ;
#5832 = LINE ( 'NONE', #5831, #5830 ) ;
#5833 = CARTESIAN_POINT ( 'NONE',  ( -2.749999999999999100, -3.749999999999999100, 0.0000000000000000000 ) ) ;
#5834 = DIRECTION ( 'NONE',  ( 0.0000000000000000000, 1.000000000000000000, 0.0000000000000000000 ) ) ;
#5835 = VECTOR ( 'NONE', #5834, 1000.000000000000000 ) ;
#5836 = CARTESIAN_POINT ( 'NONE',  ( -2.750000000000000900, -4.450000000000000200, 0.0000000000000000000 ) ) ;
#5837 = LINE ( 'NONE', #5836, #5835 ) ;
#5838 = CARTESIAN_POINT ( 'NONE',  ( -2.750000000000000900, -4.450000000000000200, 0.0000000000000000000 ) ) ;
#5839 = DIRECTION ( 'NONE',  ( -1.000000000000000000, 0.0000000000000000000, 0.0000000000000000000 ) ) ;
#5840 = VECTOR ( 'NONE', #5839, 1000.000000000000000 ) ;
#5841 = CARTESIAN_POINT ( 'NONE',  ( 10.00000000000000000, -4.450000000000000200, 0.0000000000000000000 ) ) ;
#5842 = LINE ( 'NONE', #5841, #5840 ) ;
#5843 = CARTESIAN_POINT ( 'NONE',  ( -1.249999999999999300, -4.450000000000000200, 0.0000000000000000000 ) ) ;
#5844 = DIRECTION ( 'NONE',  ( 0.0000000000000000000, 1.000000000000000000, 0.0000000000000000000 ) ) ;
#5845 = VECTOR ( 'NONE', #5844, 1000.000000000000000 ) ;
#5846 = CARTESIAN_POINT ( 'NONE',  ( -1.249999999999999300, -4.450000000000000200, 0.0000000000000000000 ) ) ;
#5847 = LINE ( 'NONE', #5846, #5845 ) ;
#5848 = CARTESIAN_POINT ( 'NONE',  ( -1.249999999999999800, -3.749999999999999100, 8.131516293641283300E-017 ) ) ;
#5849 = DIRECTION ( 'NONE',  ( 1.000000000000000000, 0.0000000000000000000, 0.0000000000000000000 ) ) ;
#5850 = VECTOR ( 'NONE', #5849, 1000.000000000000000 ) ;
#5851 = CARTESIAN_POINT ( 'NONE',  ( 10.00000000000000000, -3.749999999999999100, 0.0000000000000000000 ) ) ;
#5852 = LINE ( 'NONE', #5851, #5850 ) ;
#5853 = CARTESIAN_POINT ( 'NONE',  ( -0.7499999999999988900, -3.749999999999999100, 0.0000000000000000000 ) ) ;
#5854 = CARTESIAN_POINT ( 'NONE',  ( 10.00000000000000000, -1.950000000000000400, 1.599999999999999200 ) ) ;
#5855 = DIRECTION ( 'NONE',  ( 0.0000000000000000000, 1.000000000000000000, 1.224606353822377300E-016 ) ) ;
#5856 = VECTOR ( 'NONE', #5855, 1000.000000000000000 ) ;
#5857 = CARTESIAN_POINT ( 'NONE',  ( 10.00000000000000000, -1.950000000000000400, 1.599999999999999200 ) ) ;
#5858 = CARTESIAN_POINT ( 'NONE',  ( -6.750000000000000900, -4.450000000000000200, 0.0000000000000000000 ) ) ;
#5859 = CARTESIAN_POINT ( 'NONE',  ( -5.249999999999999100, -4.450000000000000200, 0.0000000000000000000 ) ) ;
#5860 = DIRECTION ( 'NONE',  ( -1.000000000000000000, 0.0000000000000000000, 0.0000000000000000000 ) ) ;
#5861 = VECTOR ( 'NONE', #5860, 1000.000000000000000 ) ;
#5862 = CARTESIAN_POINT ( 'NONE',  ( 10.00000000000000000, -4.450000000000000200, 0.0000000000000000000 ) ) ;
#5863 = LINE ( 'NONE', #5862, #5861 ) ;
#5864 = DIRECTION ( 'NONE',  ( 1.000000000000000000, 0.0000000000000000000, 0.0000000000000000000 ) ) ;
#5865 = DIRECTION ( 'NONE',  ( 0.0000000000000000000, 0.0000000000000000000, 1.000000000000000000 ) ) ;
#5866 = CARTESIAN_POINT ( 'NONE',  ( 10.00000000000000000, -4.450000000000000200, 0.0000000000000000000 ) ) ;
#5867 = AXIS2_PLACEMENT_3D ( 'NONE', #5866, #5865, #5864 ) ;
#5868 = PLANE ( 'NONE',  #5867 ) ;
#5869 = FACE_OUTER_BOUND ( 'NONE', #1514, .T. ) ;
#5870 = DIRECTION ( 'NONE',  ( -6.195440985631455300E-016, -1.000000000000000000, 0.0000000000000000000 ) ) ;
#5871 = VECTOR ( 'NONE', #5870, 1000.000000000000000 ) ;
#5872 = CARTESIAN_POINT ( 'NONE',  ( 9.305000000000001500, 1.150000000000000800, 1.599999999999999200 ) ) ;
#5873 = LINE ( 'NONE', #5872, #5871 ) ;
#5874 = DIRECTION ( 'NONE',  ( 0.0000000000000000000, 1.000000000000000000, 1.224606353822377300E-016 ) ) ;
#5875 = VECTOR ( 'NONE', #5874, 1000.000000000000000 ) ;
#5876 = CARTESIAN_POINT ( 'NONE',  ( 9.300000000000000700, -1.950000000000000400, 1.599999999999999200 ) ) ;
#5877 = LINE ( 'NONE', #5876, #5875 ) ;
#5878 = CARTESIAN_POINT ( 'NONE',  ( 7.000000000000000000, 3.149999999999999900, 0.0000000000000000000 ) ) ;
#5879 = DIRECTION ( 'NONE',  ( -1.000000000000000000, 0.0000000000000000000, 0.0000000000000000000 ) ) ;
#5880 = VECTOR ( 'NONE', #5879, 1000.000000000000000 ) ;
#5881 = CARTESIAN_POINT ( 'NONE',  ( 7.000000000000000000, 3.149999999999999900, 0.0000000000000000000 ) ) ;
#5882 = LINE ( 'NONE', #5881, #5880 ) ;
#5883 = CARTESIAN_POINT ( 'NONE',  ( 3.000000000000000000, 3.149999999999999900, 0.0000000000000000000 ) ) ;
#5884 = DIRECTION ( 'NONE',  ( 0.0000000000000000000, -1.000000000000000000, 0.0000000000000000000 ) ) ;
#5885 = VECTOR ( 'NONE', #5884, 1000.000000000000000 ) ;
#5886 = CARTESIAN_POINT ( 'NONE',  ( 3.000000000000000000, 3.149999999999999900, 0.0000000000000000000 ) ) ;
#5887 = LINE ( 'NONE', #5886, #5885 ) ;
#5888 = CARTESIAN_POINT ( 'NONE',  ( 3.000000000000000000, 2.649999999999998600, 0.0000000000000000000 ) ) ;
#5889 = DIRECTION ( 'NONE',  ( -1.000000000000000000, 0.0000000000000000000, 0.0000000000000000000 ) ) ;
#5890 = VECTOR ( 'NONE', #5889, 1000.000000000000000 ) ;
#5891 = CARTESIAN_POINT ( 'NONE',  ( 8.900000000000002100, 1.149999999999997900, 5.700000000000000200 ) ) ;
#5892 = DIRECTION ( 'NONE',  ( 1.000000000000000000, 0.0000000000000000000, 0.0000000000000000000 ) ) ;
#5893 = VECTOR ( 'NONE', #5892, 1000.000000000000000 ) ;
#5894 = CARTESIAN_POINT ( 'NONE',  ( 9.300000000000000700, 1.149999999999997900, 5.700000000000000200 ) ) ;
#5895 = LINE ( 'NONE', #5894, #5893 ) ;
#5896 = CARTESIAN_POINT ( 'NONE',  ( 8.900000000000002100, 1.149999999999997900, 5.599999999999998800 ) ) ;
#5897 = DIRECTION ( 'NONE',  ( -1.000000000000000000, 0.0000000000000000000, 0.0000000000000000000 ) ) ;
#5898 = VECTOR ( 'NONE', #5897, 1000.000000000000000 ) ;
#5899 = CARTESIAN_POINT ( 'NONE',  ( 9.300000000000000700, 1.149999999999999900, 5.599999999999998800 ) ) ;
#5900 = LINE ( 'NONE', #5899, #5898 ) ;
#5901 = DIRECTION ( 'NONE',  ( 0.0000000000000000000, 0.0000000000000000000, 1.000000000000000000 ) ) ;
#5902 = DIRECTION ( 'NONE',  ( 0.0000000000000000000, 1.000000000000000000, 0.0000000000000000000 ) ) ;
#5903 = CARTESIAN_POINT ( 'NONE',  ( 9.300000000000000700, 1.149999999999997900, 5.700000000000000200 ) ) ;
#5904 = AXIS2_PLACEMENT_3D ( 'NONE', #5903, #5902, #5901 ) ;
#5905 = PLANE ( 'NONE',  #5904 ) ;
#5906 = FACE_OUTER_BOUND ( 'NONE', #1588, .T. ) ;
#5907 = CARTESIAN_POINT ( 'NONE',  ( 7.000000000000000000, 4.449999999999997500, 0.0000000000000000000 ) ) ;
#5908 = DIRECTION ( 'NONE',  ( 0.0000000000000000000, -1.000000000000000000, 0.0000000000000000000 ) ) ;
#5909 = VECTOR ( 'NONE', #5908, 1000.000000000000000 ) ;
#5910 = CARTESIAN_POINT ( 'NONE',  ( 7.000000000000000000, 4.449999999999997500, 0.0000000000000000000 ) ) ;
#5911 = LINE ( 'NONE', #5910, #5909 ) ;
#5912 = CARTESIAN_POINT ( 'NONE',  ( -7.250000000000000900, -4.450000000000000200, 0.0000000000000000000 ) ) ;
#5913 = CARTESIAN_POINT ( 'NONE',  ( -7.250000000000000900, -3.749999999999999100, 8.131516293641283300E-017 ) ) ;
#5914 = DIRECTION ( 'NONE',  ( 1.000000000000000000, 0.0000000000000000000, 0.0000000000000000000 ) ) ;
#5915 = VECTOR ( 'NONE', #5914, 1000.000000000000000 ) ;
#5916 = CARTESIAN_POINT ( 'NONE',  ( 10.00000000000000000, -3.749999999999999100, 0.0000000000000000000 ) ) ;
#5917 = LINE ( 'NONE', #5916, #5915 ) ;
#5918 = CARTESIAN_POINT ( 'NONE',  ( -6.750000000000000900, -3.749999999999999100, 0.0000000000000000000 ) ) ;
#5919 = DIRECTION ( 'NONE',  ( 0.0000000000000000000, 1.000000000000000000, 0.0000000000000000000 ) ) ;
#5920 = VECTOR ( 'NONE', #5919, 1000.000000000000000 ) ;
#5921 = CARTESIAN_POINT ( 'NONE',  ( -6.750000000000000900, -4.450000000000000200, 0.0000000000000000000 ) ) ;
#5922 = LINE ( 'NONE', #5921, #5920 ) ;
#5923 = CARTESIAN_POINT ( 'NONE',  ( 6.750000000000000000, -3.749999999999999100, 8.131516293641283300E-017 ) ) ;
#5924 = DIRECTION ( 'NONE',  ( 1.000000000000000000, 0.0000000000000000000, 0.0000000000000000000 ) ) ;
#5925 = VECTOR ( 'NONE', #5924, 1000.000000000000000 ) ;
#5926 = CARTESIAN_POINT ( 'NONE',  ( 10.00000000000000000, -3.749999999999999100, 0.0000000000000000000 ) ) ;
#5927 = LINE ( 'NONE', #5926, #5925 ) ;
#5928 = CARTESIAN_POINT ( 'NONE',  ( 7.249999999999999100, -3.749999999999999100, 0.0000000000000000000 ) ) ;
#5929 = DIRECTION ( 'NONE',  ( 0.0000000000000000000, 1.000000000000000000, 0.0000000000000000000 ) ) ;
#5930 = VECTOR ( 'NONE', #5929, 1000.000000000000000 ) ;
#5931 = CARTESIAN_POINT ( 'NONE',  ( 7.249999999999999100, -4.450000000000000200, 0.0000000000000000000 ) ) ;
#5932 = LINE ( 'NONE', #5931, #5930 ) ;
#5933 = CARTESIAN_POINT ( 'NONE',  ( 7.249999999999999100, -4.450000000000000200, 0.0000000000000000000 ) ) ;
#5934 = DIRECTION ( 'NONE',  ( -1.000000000000000000, 0.0000000000000000000, 0.0000000000000000000 ) ) ;
#5935 = VECTOR ( 'NONE', #5934, 1000.000000000000000 ) ;
#5936 = CARTESIAN_POINT ( 'NONE',  ( 10.00000000000000000, -4.450000000000000200, 0.0000000000000000000 ) ) ;
#5937 = LINE ( 'NONE', #5936, #5935 ) ;
#5938 = CARTESIAN_POINT ( 'NONE',  ( 10.00000000000000000, -4.450000000000000200, 0.0000000000000000000 ) ) ;
#5939 = DIRECTION ( 'NONE',  ( 0.0000000000000000000, 1.000000000000000000, 0.0000000000000000000 ) ) ;
#5940 = VECTOR ( 'NONE', #5939, 1000.000000000000000 ) ;
#5941 = CARTESIAN_POINT ( 'NONE',  ( 10.00000000000000000, -4.450000000000000200, 0.0000000000000000000 ) ) ;
#5942 = LINE ( 'NONE', #5941, #5940 ) ;
#5943 = DIRECTION ( 'NONE',  ( -1.000000000000000000, 3.856270427542649500E-032, -3.148987766971835800E-016 ) ) ;
#5944 = VECTOR ( 'NONE', #5943, 1000.000000000000000 ) ;
#5945 = CARTESIAN_POINT ( 'NONE',  ( 10.00000000000000000, -1.950000000000000400, -5.633189227582932200E-016 ) ) ;
#5946 = LINE ( 'NONE', #5945, #5944 ) ;
#5947 = DIRECTION ( 'NONE',  ( 0.0000000000000000000, 0.0000000000000000000, 1.000000000000000000 ) ) ;
#5948 = DIRECTION ( 'NONE',  ( -1.000000000000000000, 0.0000000000000000000, 0.0000000000000000000 ) ) ;
#5949 = CARTESIAN_POINT ( 'NONE',  ( 8.900000000000002100, -1.600000000000001600, 5.700000000000000200 ) ) ;
#5950 = AXIS2_PLACEMENT_3D ( 'NONE', #5949, #5948, #5947 ) ;
#5951 = PLANE ( 'NONE',  #5950 ) ;
#5952 = FACE_OUTER_BOUND ( 'NONE', #1541, .T. ) ;
#5953 = DIRECTION ( 'NONE',  ( 0.0000000000000000000, 0.0000000000000000000, -1.000000000000000000 ) ) ;
#5954 = VECTOR ( 'NONE', #5953, 1000.000000000000000 ) ;
#5955 = CARTESIAN_POINT ( 'NONE',  ( 8.900000000000002100, 1.149999999999997900, 5.700000000000000200 ) ) ;
#5956 = LINE ( 'NONE', #5955, #5954 ) ;
#5957 = LINE ( 'NONE', #6019, #6018 ) ;
#5958 = DIRECTION ( 'NONE',  ( 0.0000000000000000000, 1.000000000000000000, 0.0000000000000000000 ) ) ;
#5959 = VECTOR ( 'NONE', #5958, 1000.000000000000000 ) ;
#5960 = CARTESIAN_POINT ( 'NONE',  ( -0.7500000000000006700, -4.450000000000000200, 0.0000000000000000000 ) ) ;
#5961 = LINE ( 'NONE', #5960, #5959 ) ;
#5962 = CARTESIAN_POINT ( 'NONE',  ( 4.750000000000000000, -4.450000000000000200, 0.0000000000000000000 ) ) ;
#5963 = DIRECTION ( 'NONE',  ( 0.0000000000000000000, 1.000000000000000000, 0.0000000000000000000 ) ) ;
#5964 = VECTOR ( 'NONE', #5963, 1000.000000000000000 ) ;
#5965 = CARTESIAN_POINT ( 'NONE',  ( 4.750000000000000000, -4.450000000000000200, 0.0000000000000000000 ) ) ;
#5966 = LINE ( 'NONE', #5965, #5964 ) ;
#5967 = CARTESIAN_POINT ( 'NONE',  ( 4.750000000000000000, -3.749999999999999100, 8.131516293641283300E-017 ) ) ;
#5968 = DIRECTION ( 'NONE',  ( 1.000000000000000000, 0.0000000000000000000, 0.0000000000000000000 ) ) ;
#5969 = VECTOR ( 'NONE', #5968, 1000.000000000000000 ) ;
#5970 = CARTESIAN_POINT ( 'NONE',  ( 10.00000000000000000, -3.749999999999999100, 0.0000000000000000000 ) ) ;
#5971 = LINE ( 'NONE', #5970, #5969 ) ;
#5972 = CARTESIAN_POINT ( 'NONE',  ( 5.249999999999999100, -3.749999999999999100, 0.0000000000000000000 ) ) ;
#5973 = DIRECTION ( 'NONE',  ( 0.0000000000000000000, 1.000000000000000000, 0.0000000000000000000 ) ) ;
#5974 = VECTOR ( 'NONE', #5973, 1000.000000000000000 ) ;
#5975 = CARTESIAN_POINT ( 'NONE',  ( 5.249999999999999100, -4.450000000000000200, 0.0000000000000000000 ) ) ;
#5976 = LINE ( 'NONE', #5975, #5974 ) ;
#5977 = CARTESIAN_POINT ( 'NONE',  ( 5.249999999999999100, -4.450000000000000200, 0.0000000000000000000 ) ) ;
#5978 = DIRECTION ( 'NONE',  ( -1.000000000000000000, 0.0000000000000000000, 0.0000000000000000000 ) ) ;
#5979 = VECTOR ( 'NONE', #5978, 1000.000000000000000 ) ;
#5980 = CARTESIAN_POINT ( 'NONE',  ( 10.00000000000000000, -4.450000000000000200, 0.0000000000000000000 ) ) ;
#5981 = LINE ( 'NONE', #5980, #5979 ) ;
#5982 = CARTESIAN_POINT ( 'NONE',  ( 6.750000000000000000, -4.450000000000000200, 0.0000000000000000000 ) ) ;
#5983 = DIRECTION ( 'NONE',  ( 0.0000000000000000000, 1.000000000000000000, 0.0000000000000000000 ) ) ;
#5984 = VECTOR ( 'NONE', #5983, 1000.000000000000000 ) ;
#5985 = CARTESIAN_POINT ( 'NONE',  ( 6.750000000000000000, -4.450000000000000200, 0.0000000000000000000 ) ) ;
#5986 = LINE ( 'NONE', #5985, #5984 ) ;
#5987 = DIRECTION ( 'NONE',  ( -1.000000000000000000, 0.0000000000000000000, 0.0000000000000000000 ) ) ;
#5988 = VECTOR ( 'NONE', #5987, 1000.000000000000000 ) ;
#5989 = CARTESIAN_POINT ( 'NONE',  ( 10.00000000000000000, -4.450000000000000200, 0.0000000000000000000 ) ) ;
#5990 = LINE ( 'NONE', #5989, #5988 ) ;
#5991 = DIRECTION ( 'NONE',  ( 0.0000000000000000000, 0.0000000000000000000, -1.000000000000000000 ) ) ;
#5992 = VECTOR ( 'NONE', #5991, 1000.000000000000000 ) ;
#5993 = CARTESIAN_POINT ( 'NONE',  ( 9.300000000000000700, 1.149999999999997900, 5.700000000000000200 ) ) ;
#5994 = LINE ( 'NONE', #5993, #5992 ) ;
#5995 = CARTESIAN_POINT ( 'NONE',  ( 9.300000000000000700, 1.149999999999997900, 5.700000000000000200 ) ) ;
#5996 = DIRECTION ( 'NONE',  ( 0.0000000000000000000, -1.000000000000000000, 0.0000000000000000000 ) ) ;
#5997 = VECTOR ( 'NONE', #5996, 1000.000000000000000 ) ;
#5998 = CARTESIAN_POINT ( 'NONE',  ( 9.300000000000000700, -1.600000000000001600, 5.700000000000000200 ) ) ;
#5999 = LINE ( 'NONE', #5998, #5997 ) ;
#6000 = CARTESIAN_POINT ( 'NONE',  ( 9.300000000000000700, -0.8500000000000026400, 5.700000000000000200 ) ) ;
#6001 = DIRECTION ( 'NONE',  ( 0.0000000000000000000, 0.0000000000000000000, 1.000000000000000000 ) ) ;
#6002 = VECTOR ( 'NONE', #6001, 1000.000000000000000 ) ;
#6003 = CARTESIAN_POINT ( 'NONE',  ( 9.300000000000000700, -0.8500000000000026400, 5.700000000000000200 ) ) ;
#6004 = LINE ( 'NONE', #6003, #6002 ) ;
#6005 = CARTESIAN_POINT ( 'NONE',  ( 9.300000000000000700, -0.8500000000000026400, 5.599999999999998800 ) ) ;
#6006 = CARTESIAN_POINT ( 'NONE',  ( 9.300000000000000700, 1.149999999999997900, 5.599999999999998800 ) ) ;
#6007 = DIRECTION ( 'NONE',  ( 0.0000000000000000000, -1.000000000000000000, 0.0000000000000000000 ) ) ;
#6008 = VECTOR ( 'NONE', #6007, 1000.000000000000000 ) ;
#6009 = CARTESIAN_POINT ( 'NONE',  ( 9.300000000000000700, -4.499999999999998200, 5.599999999999998800 ) ) ;
#6010 = LINE ( 'NONE', #6009, #6008 ) ;
#6011 = DIRECTION ( 'NONE',  ( 0.0000000000000000000, 0.0000000000000000000, -1.000000000000000000 ) ) ;
#6012 = DIRECTION ( 'NONE',  ( 1.000000000000000000, 0.0000000000000000000, 0.0000000000000000000 ) ) ;
#6013 = CARTESIAN_POINT ( 'NONE',  ( 9.300000000000000700, -1.600000000000001600, 5.700000000000000200 ) ) ;
#6014 = AXIS2_PLACEMENT_3D ( 'NONE', #6013, #6012, #6011 ) ;
#6015 = PLANE ( 'NONE',  #6014 ) ;
#6016 = FACE_OUTER_BOUND ( 'NONE', #1529, .T. ) ;
#6017 = DIRECTION ( 'NONE',  ( 0.0000000000000000000, 1.000000000000000000, 0.0000000000000000000 ) ) ;
#6018 = VECTOR ( 'NONE', #6017, 1000.000000000000000 ) ;
#6019 = CARTESIAN_POINT ( 'NONE',  ( -5.249999999999999100, -4.450000000000000200, 0.0000000000000000000 ) ) ;
#6020 = LINE ( 'NONE', #6083, #6082 ) ;
#6021 = CARTESIAN_POINT ( 'NONE',  ( -3.250000000000001300, -4.450000000000000200, 0.0000000000000000000 ) ) ;
#6022 = DIRECTION ( 'NONE',  ( 0.0000000000000000000, 1.000000000000000000, 0.0000000000000000000 ) ) ;
#6023 = VECTOR ( 'NONE', #6022, 1000.000000000000000 ) ;
#6024 = CARTESIAN_POINT ( 'NONE',  ( -3.250000000000001300, -4.450000000000000200, 0.0000000000000000000 ) ) ;
#6025 = LINE ( 'NONE', #6024, #6023 ) ;
#6026 = CARTESIAN_POINT ( 'NONE',  ( -3.250000000000000900, -3.749999999999999100, 8.131516293641283300E-017 ) ) ;
#6027 = DIRECTION ( 'NONE',  ( 1.000000000000000000, 0.0000000000000000000, 0.0000000000000000000 ) ) ;
#6028 = VECTOR ( 'NONE', #6027, 1000.000000000000000 ) ;
#6029 = CARTESIAN_POINT ( 'NONE',  ( 10.00000000000000000, -3.749999999999999100, 0.0000000000000000000 ) ) ;
#6030 = LINE ( 'NONE', #6029, #6028 ) ;
#6031 = CARTESIAN_POINT ( 'NONE',  ( -0.7500000000000006700, -4.450000000000000200, 0.0000000000000000000 ) ) ;
#6032 = DIRECTION ( 'NONE',  ( -1.000000000000000000, 0.0000000000000000000, 0.0000000000000000000 ) ) ;
#6033 = VECTOR ( 'NONE', #6032, 1000.000000000000000 ) ;
#6034 = CARTESIAN_POINT ( 'NONE',  ( 10.00000000000000000, -4.450000000000000200, 0.0000000000000000000 ) ) ;
#6035 = LINE ( 'NONE', #6034, #6033 ) ;
#6036 = CARTESIAN_POINT ( 'NONE',  ( 0.7500000000000006700, -4.450000000000000200, 0.0000000000000000000 ) ) ;
#6037 = DIRECTION ( 'NONE',  ( 0.0000000000000000000, 1.000000000000000000, 0.0000000000000000000 ) ) ;
#6038 = VECTOR ( 'NONE', #6037, 1000.000000000000000 ) ;
#6039 = CARTESIAN_POINT ( 'NONE',  ( 0.7500000000000006700, -4.450000000000000200, 0.0000000000000000000 ) ) ;
#6040 = LINE ( 'NONE', #6039, #6038 ) ;
#6041 = CARTESIAN_POINT ( 'NONE',  ( 0.7500000000000003300, -3.749999999999999100, 8.131516293641283300E-017 ) ) ;
#6042 = DIRECTION ( 'NONE',  ( 1.000000000000000000, 0.0000000000000000000, 0.0000000000000000000 ) ) ;
#6043 = VECTOR ( 'NONE', #6042, 1000.000000000000000 ) ;
#6044 = CARTESIAN_POINT ( 'NONE',  ( 10.00000000000000000, -3.749999999999999100, 0.0000000000000000000 ) ) ;
#6045 = LINE ( 'NONE', #6044, #6043 ) ;
#6046 = CARTESIAN_POINT ( 'NONE',  ( 1.250000000000001100, -3.749999999999999100, 0.0000000000000000000 ) ) ;
#6047 = DIRECTION ( 'NONE',  ( 0.0000000000000000000, 1.000000000000000000, 0.0000000000000000000 ) ) ;
#6048 = VECTOR ( 'NONE', #6047, 1000.000000000000000 ) ;
#6049 = CARTESIAN_POINT ( 'NONE',  ( 1.249999999999999300, -4.450000000000000200, 0.0000000000000000000 ) ) ;
#6050 = LINE ( 'NONE', #6049, #6048 ) ;
#6051 = CARTESIAN_POINT ( 'NONE',  ( -8.199999999999999300, 4.450000000000000200, 1.099999999999998500 ) ) ;
#6052 = CARTESIAN_POINT ( 'NONE',  ( 10.00000000000000000, -0.8500000000000026400, 4.700000000000000200 ) ) ;
#6053 = DIRECTION ( 'NONE',  ( 1.000000000000000000, 0.0000000000000000000, 0.0000000000000000000 ) ) ;
#6054 = VECTOR ( 'NONE', #6053, 1000.000000000000000 ) ;
#6055 = CARTESIAN_POINT ( 'NONE',  ( 8.900000000000000400, -0.8500000000000026400, 4.700000000000000200 ) ) ;
#6056 = LINE ( 'NONE', #6055, #6054 ) ;
#6057 = CARTESIAN_POINT ( 'NONE',  ( 9.300000000000000700, -0.8500000000000026400, 4.700000000000000200 ) ) ;
#6058 = CARTESIAN_POINT ( 'NONE',  ( 9.300000000000000700, -2.750000000000000000, 3.400000000000000400 ) ) ;
#6059 = DIRECTION ( 'NONE',  ( 0.0000000000000000000, 0.8253072612498314500, 0.5646839155919907100 ) ) ;
#6060 = VECTOR ( 'NONE', #6059, 1000.000000000000000 ) ;
#6061 = CARTESIAN_POINT ( 'NONE',  ( 9.300000000000000700, -0.8948113207547184800, 4.669339622641509800 ) ) ;
#6062 = LINE ( 'NONE', #6061, #6060 ) ;
#6063 = DIRECTION ( 'NONE',  ( 0.0000000000000000000, 0.0000000000000000000, 1.000000000000000000 ) ) ;
#6064 = DIRECTION ( 'NONE',  ( 0.0000000000000000000, 1.000000000000000000, 0.0000000000000000000 ) ) ;
#6065 = CARTESIAN_POINT ( 'NONE',  ( 8.900000000000000400, -2.750000000000000000, 3.400000000000000400 ) ) ;
#6066 = AXIS2_PLACEMENT_3D ( 'NONE', #6065, #6064, #6063 ) ;
#6067 = PLANE ( 'NONE',  #6066 ) ;
#6068 = FACE_OUTER_BOUND ( 'NONE', #1624, .T. ) ;
#6069 = CARTESIAN_POINT ( 'NONE',  ( 10.00000000000000000, -0.8500000000000026400, 5.700000000000000200 ) ) ;
#6070 = CARTESIAN_POINT ( 'NONE',  ( -5.249999999999999100, -3.749999999999999100, 8.131516293641283300E-017 ) ) ;
#6071 = DIRECTION ( 'NONE',  ( 1.000000000000000000, 0.0000000000000000000, 0.0000000000000000000 ) ) ;
#6072 = VECTOR ( 'NONE', #6071, 1000.000000000000000 ) ;
#6073 = CARTESIAN_POINT ( 'NONE',  ( 10.00000000000000000, -3.749999999999999100, 0.0000000000000000000 ) ) ;
#6074 = LINE ( 'NONE', #6073, #6072 ) ;
#6075 = CARTESIAN_POINT ( 'NONE',  ( -4.750000000000000900, -3.749999999999999100, 0.0000000000000000000 ) ) ;
#6076 = DIRECTION ( 'NONE',  ( 0.0000000000000000000, 1.000000000000000000, 0.0000000000000000000 ) ) ;
#6077 = VECTOR ( 'NONE', #6076, 1000.000000000000000 ) ;
#6078 = CARTESIAN_POINT ( 'NONE',  ( -4.750000000000000900, -4.450000000000000200, 0.0000000000000000000 ) ) ;
#6079 = LINE ( 'NONE', #6078, #6077 ) ;
#6080 = CARTESIAN_POINT ( 'NONE',  ( -4.750000000000000900, -4.450000000000000200, 0.0000000000000000000 ) ) ;
#6081 = DIRECTION ( 'NONE',  ( -1.000000000000000000, 0.0000000000000000000, 0.0000000000000000000 ) ) ;
#6082 = VECTOR ( 'NONE', #6081, 1000.000000000000000 ) ;
#6083 = CARTESIAN_POINT ( 'NONE',  ( 10.00000000000000000, -4.450000000000000200, 0.0000000000000000000 ) ) ;
#6084 = CARTESIAN_POINT ( 'NONE',  ( 3.249999999999999600, -4.450000000000000200, 0.0000000000000000000 ) ) ;
#6085 = DIRECTION ( 'NONE',  ( -1.000000000000000000, 0.0000000000000000000, 0.0000000000000000000 ) ) ;
#6086 = VECTOR ( 'NONE', #6085, 1000.000000000000000 ) ;
#6087 = CARTESIAN_POINT ( 'NONE',  ( 10.00000000000000000, -4.450000000000000200, 0.0000000000000000000 ) ) ;
#6088 = LINE ( 'NONE', #6087, #6086 ) ;
#6089 = DIRECTION ( 'NONE',  ( 0.0000000000000000000, 0.8253072612498313400, 0.5646839155919907100 ) ) ;
#6090 = DIRECTION ( 'NONE',  ( 0.0000000000000000000, 0.5646839155919907100, -0.8253072612498313400 ) ) ;
#6091 = CARTESIAN_POINT ( 'NONE',  ( 8.900000000000000400, -0.8500000000000026400, 4.700000000000000200 ) ) ;
#6092 = AXIS2_PLACEMENT_3D ( 'NONE', #6091, #6090, #6089 ) ;
#6093 = PLANE ( 'NONE',  #6092 ) ;
#6094 = FACE_OUTER_BOUND ( 'NONE', #1646, .T. ) ;
#6095 = DIRECTION ( 'NONE',  ( 0.0000000000000000000, 0.0000000000000000000, -1.000000000000000000 ) ) ;
#6096 = VECTOR ( 'NONE', #6095, 1000.000000000000000 ) ;
#6097 = CARTESIAN_POINT ( 'NONE',  ( 8.900000000000000400, -4.450000000000000200, 2.400000000000000400 ) ) ;
#6098 = LINE ( 'NONE', #6097, #6096 ) ;
#6099 = CARTESIAN_POINT ( 'NONE',  ( 8.900000000000000400, -4.450000000000000200, 5.699999999999999300 ) ) ;
#6100 = DIRECTION ( 'NONE',  ( 0.0000000000000000000, 1.000000000000000000, 0.0000000000000000000 ) ) ;
#6101 = VECTOR ( 'NONE', #6100, 1000.000000000000000 ) ;
#6102 = CARTESIAN_POINT ( 'NONE',  ( 8.900000000000002100, -1.600000000000001600, 5.700000000000000200 ) ) ;
#6103 = LINE ( 'NONE', #6102, #6101 ) ;
#6104 = CARTESIAN_POINT ( 'NONE',  ( 8.900000000000000400, -4.450000000000000200, 5.599999999999998800 ) ) ;
#6105 = DIRECTION ( 'NONE',  ( 0.0000000000000000000, -1.000000000000000000, 0.0000000000000000000 ) ) ;
#6106 = VECTOR ( 'NONE', #6105, 1000.000000000000000 ) ;
#6107 = CARTESIAN_POINT ( 'NONE',  ( 8.900000000000002100, -4.499999999999998200, 5.599999999999998800 ) ) ;
#6108 = LINE ( 'NONE', #6107, #6106 ) ;
#6109 = DIRECTION ( 'NONE',  ( 1.000000000000000000, 0.0000000000000000000, 0.0000000000000000000 ) ) ;
#6110 = VECTOR ( 'NONE', #6109, 1000.000000000000000 ) ;
#6111 = CARTESIAN_POINT ( 'NONE',  ( 8.900000000000000400, -2.750000000000000000, 3.400000000000000400 ) ) ;
#6112 = LINE ( 'NONE', #6111, #6110 ) ;
#6113 = CARTESIAN_POINT ( 'NONE',  ( 10.00000000000000000, -2.750000000000000000, 3.400000000000000400 ) ) ;
#6114 = DIRECTION ( 'NONE',  ( 0.0000000000000000000, 0.8253072612498314500, 0.5646839155919907100 ) ) ;
#6115 = VECTOR ( 'NONE', #6114, 1000.000000000000000 ) ;
#6116 = CARTESIAN_POINT ( 'NONE',  ( 10.00000000000000000, -0.8500000000000026400, 4.700000000000000200 ) ) ;
#6117 = LINE ( 'NONE', #6116, #6115 ) ;
#6118 = DIRECTION ( 'NONE',  ( 0.0000000000000000000, 0.0000000000000000000, -1.000000000000000000 ) ) ;
#6119 = VECTOR ( 'NONE', #6118, 1000.000000000000000 ) ;
#6120 = CARTESIAN_POINT ( 'NONE',  ( 6.850000000000000500, 2.649999999999998600, 5.700000000000000200 ) ) ;
#6121 = LINE ( 'NONE', #6120, #6119 ) ;
#6122 = VECTOR ( 'NONE', #5602, 1000.000000000000000 ) ;
#6123 = CARTESIAN_POINT ( 'NONE',  ( 3.000000000000000400, 2.649999999999998600, 4.599999999999997900 ) ) ;
#6124 = DIRECTION ( 'NONE',  ( 1.000000000000000000, 0.0000000000000000000, 0.0000000000000000000 ) ) ;
#6125 = VECTOR ( 'NONE', #6124, 1000.000000000000000 ) ;
#6126 = CARTESIAN_POINT ( 'NONE',  ( 4.000000000000000000, 2.649999999999998600, 4.599999999999997900 ) ) ;
#6127 = LINE ( 'NONE', #6126, #6125 ) ;
#6128 = CARTESIAN_POINT ( 'NONE',  ( 4.000000000000000000, 2.649999999999998600, 4.599999999999997900 ) ) ;
#6129 = DIRECTION ( 'NONE',  ( 0.0000000000000000000, 3.097720492815728600E-016, -1.000000000000000000 ) ) ;
#6130 = VECTOR ( 'NONE', #6129, 1000.000000000000000 ) ;
#6131 = CARTESIAN_POINT ( 'NONE',  ( 4.000000000000000000, 2.649999999999998600, 3.899999999999998600 ) ) ;
#6132 = LINE ( 'NONE', #6131, #6130 ) ;
#6133 = CARTESIAN_POINT ( 'NONE',  ( 4.000000000000000000, 2.649999999999998600, 3.899999999999998600 ) ) ;
#6134 = CARTESIAN_POINT ( 'NONE',  ( 10.00000000000000000, -1.950000000000000400, -5.633189227582932200E-016 ) ) ;
#6135 = CARTESIAN_POINT ( 'NONE',  ( 1.249999999999999300, -4.450000000000000200, 0.0000000000000000000 ) ) ;
#6136 = CARTESIAN_POINT ( 'NONE',  ( 2.750000000000000000, -4.450000000000000200, 0.0000000000000000000 ) ) ;
#6137 = DIRECTION ( 'NONE',  ( 0.0000000000000000000, 1.000000000000000000, 0.0000000000000000000 ) ) ;
#6138 = VECTOR ( 'NONE', #6137, 1000.000000000000000 ) ;
#6139 = CARTESIAN_POINT ( 'NONE',  ( 2.750000000000000000, -4.450000000000000200, 0.0000000000000000000 ) ) ;
#6140 = LINE ( 'NONE', #6139, #6138 ) ;
#6141 = CARTESIAN_POINT ( 'NONE',  ( 2.750000000000000000, -3.749999999999999100, 8.131516293641283300E-017 ) ) ;
#6142 = DIRECTION ( 'NONE',  ( 1.000000000000000000, 0.0000000000000000000, 0.0000000000000000000 ) ) ;
#6143 = VECTOR ( 'NONE', #6142, 1000.000000000000000 ) ;
#6144 = CARTESIAN_POINT ( 'NONE',  ( 10.00000000000000000, -3.749999999999999100, 0.0000000000000000000 ) ) ;
#6145 = LINE ( 'NONE', #6144, #6143 ) ;
#6146 = CARTESIAN_POINT ( 'NONE',  ( 3.250000000000000400, -3.749999999999999100, 0.0000000000000000000 ) ) ;
#6147 = DIRECTION ( 'NONE',  ( 0.0000000000000000000, 1.000000000000000000, 0.0000000000000000000 ) ) ;
#6148 = VECTOR ( 'NONE', #6147, 1000.000000000000000 ) ;
#6149 = CARTESIAN_POINT ( 'NONE',  ( 3.249999999999999600, -4.450000000000000200, 0.0000000000000000000 ) ) ;
#6150 = LINE ( 'NONE', #6149, #6148 ) ;
#6151 = CARTESIAN_POINT ( 'NONE',  ( 4.549999999999999800, 2.649999999999998600, 5.700000000000000200 ) ) ;
#6152 = LINE ( 'NONE', #6151, #6214 ) ;
#6153 = DIRECTION ( 'NONE',  ( 0.0000000000000000000, 1.257045997084642900E-016, -1.000000000000000000 ) ) ;
#6154 = DIRECTION ( 'NONE',  ( 0.0000000000000000000, -1.000000000000000000, -1.257045997084642900E-016 ) ) ;
#6155 = CARTESIAN_POINT ( 'NONE',  ( 10.00000000000000000, 2.649999999999999000, 2.250000000000000000 ) ) ;
#6156 = AXIS2_PLACEMENT_3D ( 'NONE', #6155, #6154, #6153 ) ;
#6157 = PLANE ( 'NONE',  #6156 ) ;
#6158 = FACE_OUTER_BOUND ( 'NONE', #1687, .T. ) ;
#6159 = DIRECTION ( 'NONE',  ( 0.0000000000000000000, -1.000000000000000000, -1.221636250687892700E-016 ) ) ;
#6160 = VECTOR ( 'NONE', #6159, 1000.000000000000000 ) ;
#6161 = CARTESIAN_POINT ( 'NONE',  ( 10.00000000000000000, 2.649999999999998600, 5.700000000000000200 ) ) ;
#6162 = LINE ( 'NONE', #6161, #6160 ) ;
#6163 = DIRECTION ( 'NONE',  ( 1.000000000000000000, 0.0000000000000000000, 0.0000000000000000000 ) ) ;
#6164 = VECTOR ( 'NONE', #6163, 1000.000000000000000 ) ;
#6165 = CARTESIAN_POINT ( 'NONE',  ( 8.900000000000000400, -0.8500000000000026400, 5.700000000000000200 ) ) ;
#6166 = LINE ( 'NONE', #6165, #6164 ) ;
#6167 = CARTESIAN_POINT ( 'NONE',  ( 7.400000000000000400, 2.649999999999998600, 4.999999999999996400 ) ) ;
#6168 = CARTESIAN_POINT ( 'NONE',  ( 8.199999999999999300, 2.649999999999998600, 4.999999999999996400 ) ) ;
#6169 = DIRECTION ( 'NONE',  ( 0.0000000000000000000, -1.257045997084642900E-016, 1.000000000000000000 ) ) ;
#6170 = VECTOR ( 'NONE', #6169, 1000.000000000000000 ) ;
#6171 = CARTESIAN_POINT ( 'NONE',  ( 8.199999999999999300, 2.649999999999999000, 2.250000000000000000 ) ) ;
#6172 = LINE ( 'NONE', #6171, #6170 ) ;
#6173 = CARTESIAN_POINT ( 'NONE',  ( 8.199999999999999300, 2.649999999999999000, 2.250000000000000000 ) ) ;
#6174 = DIRECTION ( 'NONE',  ( -1.000000000000000000, 0.0000000000000000000, 0.0000000000000000000 ) ) ;
#6175 = VECTOR ( 'NONE', #6174, 1000.000000000000000 ) ;
#6176 = CARTESIAN_POINT ( 'NONE',  ( 10.00000000000000000, 2.649999999999999000, 2.250000000000000000 ) ) ;
#6177 = LINE ( 'NONE', #6176, #6175 ) ;
#6178 = DIRECTION ( 'NONE',  ( 0.0000000000000000000, -1.257045997084642900E-016, 1.000000000000000000 ) ) ;
#6179 = VECTOR ( 'NONE', #6178, 1000.000000000000000 ) ;
#6180 = CARTESIAN_POINT ( 'NONE',  ( 10.00000000000000000, 2.649999999999999000, 2.250000000000000000 ) ) ;
#6181 = LINE ( 'NONE', #6180, #6179 ) ;
#6182 = CARTESIAN_POINT ( 'NONE',  ( -6.850000000000000500, 2.649999999999998600, 4.899999999999999500 ) ) ;
#6183 = DIRECTION ( 'NONE',  ( 0.0000000000000000000, 0.0000000000000000000, 1.000000000000000000 ) ) ;
#6184 = VECTOR ( 'NONE', #6183, 1000.000000000000000 ) ;
#6185 = CARTESIAN_POINT ( 'NONE',  ( -6.850000000000000500, 2.649999999999998600, 5.700000000000000200 ) ) ;
#6186 = LINE ( 'NONE', #6185, #6184 ) ;
#6187 = DIRECTION ( 'NONE',  ( -1.000000000000000000, 0.0000000000000000000, 0.0000000000000000000 ) ) ;
#6188 = VECTOR ( 'NONE', #6187, 1000.000000000000000 ) ;
#6189 = CARTESIAN_POINT ( 'NONE',  ( 10.00000000000000000, 2.649999999999999000, 1.599999999999999900 ) ) ;
#6190 = LINE ( 'NONE', #6189, #6188 ) ;
#6191 = DIRECTION ( 'NONE',  ( 0.0000000000000000000, 1.000000000000000000, 1.257045997084643100E-016 ) ) ;
#6192 = VECTOR ( 'NONE', #6191, 1000.000000000000000 ) ;
#6193 = CARTESIAN_POINT ( 'NONE',  ( 6.850000000000000500, -4.450000000000000200, 5.699999999999999300 ) ) ;
#6194 = LINE ( 'NONE', #6193, #6192 ) ;
#6195 = CARTESIAN_POINT ( 'NONE',  ( 6.850000000000000500, 2.649999999999998600, 5.700000000000000200 ) ) ;
#6196 = CARTESIAN_POINT ( 'NONE',  ( 10.00000000000000000, 2.649999999999998600, 5.700000000000000200 ) ) ;
#6197 = DIRECTION ( 'NONE',  ( -1.000000000000000000, 0.0000000000000000000, 0.0000000000000000000 ) ) ;
#6198 = VECTOR ( 'NONE', #6197, 1000.000000000000000 ) ;
#6199 = CARTESIAN_POINT ( 'NONE',  ( 10.00000000000000000, 2.649999999999998600, 5.700000000000000200 ) ) ;
#6200 = LINE ( 'NONE', #6199, #6198 ) ;
#6201 = DIRECTION ( 'NONE',  ( 0.0000000000000000000, 1.000000000000000000, 1.221636250687892500E-016 ) ) ;
#6202 = DIRECTION ( 'NONE',  ( 0.0000000000000000000, 1.221636250687892500E-016, -1.000000000000000000 ) ) ;
#6203 = CARTESIAN_POINT ( 'NONE',  ( 10.00000000000000000, 2.649999999999998600, 5.700000000000000200 ) ) ;
#6204 = AXIS2_PLACEMENT_3D ( 'NONE', #6203, #6202, #6201 ) ;
#6205 = PLANE ( 'NONE',  #6204 ) ;
#6206 = FACE_OUTER_BOUND ( 'NONE', #1698, .T. ) ;
#6207 = CARTESIAN_POINT ( 'NONE',  ( 6.850000000000000500, 2.649999999999998600, 4.899999999999997700 ) ) ;
#6208 = DIRECTION ( 'NONE',  ( -1.000000000000000000, 0.0000000000000000000, 0.0000000000000000000 ) ) ;
#6209 = VECTOR ( 'NONE', #6208, 1000.000000000000000 ) ;
#6210 = CARTESIAN_POINT ( 'NONE',  ( 4.549999999999999800, 2.649999999999998600, 4.899999999999997700 ) ) ;
#6211 = LINE ( 'NONE', #6210, #6209 ) ;
#6212 = CARTESIAN_POINT ( 'NONE',  ( 4.549999999999999800, 2.649999999999998600, 4.899999999999997700 ) ) ;
#6213 = DIRECTION ( 'NONE',  ( 0.0000000000000000000, 0.0000000000000000000, 1.000000000000000000 ) ) ;
#6214 = VECTOR ( 'NONE', #6213, 1000.000000000000000 ) ;
#6215 = CARTESIAN_POINT ( 'NONE',  ( -9.300000000000000700, 2.649999999999999500, 2.250000000000000000 ) ) ;
#6216 = DIRECTION ( 'NONE',  ( -1.000000000000000000, 0.0000000000000000000, 0.0000000000000000000 ) ) ;
#6217 = VECTOR ( 'NONE', #6216, 1000.000000000000000 ) ;
#6218 = CARTESIAN_POINT ( 'NONE',  ( 10.00000000000000000, 2.649999999999999000, 2.250000000000000000 ) ) ;
#6219 = LINE ( 'NONE', #6218, #6217 ) ;
#6220 = CARTESIAN_POINT ( 'NONE',  ( -8.200000000000001100, 2.649999999999999000, 2.250000000000000000 ) ) ;
#6221 = DIRECTION ( 'NONE',  ( 0.0000000000000000000, 1.257045997084642900E-016, -1.000000000000000000 ) ) ;
#6222 = VECTOR ( 'NONE', #6221, 1000.000000000000000 ) ;
#6223 = CARTESIAN_POINT ( 'NONE',  ( -8.200000000000001100, 2.649999999999999000, 2.250000000000000000 ) ) ;
#6224 = LINE ( 'NONE', #6223, #6222 ) ;
#6225 = CARTESIAN_POINT ( 'NONE',  ( -8.199999999999999300, 2.649999999999998600, 4.999999999999998200 ) ) ;
#6226 = DIRECTION ( 'NONE',  ( 1.000000000000000000, 0.0000000000000000000, -2.168404344971012800E-015 ) ) ;
#6227 = VECTOR ( 'NONE', #6226, 1000.000000000000000 ) ;
#6228 = CARTESIAN_POINT ( 'NONE',  ( -8.199999999999999300, 2.649999999999998600, 4.999999999999998200 ) ) ;
#6229 = LINE ( 'NONE', #6228, #6227 ) ;
#6230 = CARTESIAN_POINT ( 'NONE',  ( -7.400000000000000400, 2.649999999999998600, 4.999999999999996400 ) ) ;
#6231 = DIRECTION ( 'NONE',  ( 0.0000000000000000000, 1.971276677246374200E-016, -1.000000000000000000 ) ) ;
#6232 = VECTOR ( 'NONE', #6231, 1000.000000000000000 ) ;
#6233 = CARTESIAN_POINT ( 'NONE',  ( -7.400000000000000400, 2.649999999999998600, 3.899999999999998100 ) ) ;
#6234 = LINE ( 'NONE', #6233, #6232 ) ;
#6235 = DIRECTION ( 'NONE',  ( 0.0000000000000000000, 0.0000000000000000000, -1.000000000000000000 ) ) ;
#6236 = VECTOR ( 'NONE', #6235, 1000.000000000000000 ) ;
#6237 = CARTESIAN_POINT ( 'NONE',  ( -4.549999999999999800, 2.649999999999998600, 5.700000000000000200 ) ) ;
#6238 = LINE ( 'NONE', #6237, #6236 ) ;
#6239 = CARTESIAN_POINT ( 'NONE',  ( -4.549999999999999800, 2.649999999999998600, 4.899999999999998600 ) ) ;
#6240 = DIRECTION ( 'NONE',  ( -1.000000000000000000, 0.0000000000000000000, 3.771137991253928600E-016 ) ) ;
#6241 = VECTOR ( 'NONE', #6240, 1000.000000000000000 ) ;
#6242 = CARTESIAN_POINT ( 'NONE',  ( -6.850000000000000500, 2.649999999999998600, 4.899999999999999500 ) ) ;
#6243 = LINE ( 'NONE', #6242, #6241 ) ;
#6244 = CARTESIAN_POINT ( 'NONE',  ( 7.400000000000000400, 2.649999999999998600, 3.899999999999998100 ) ) ;
#6245 = LINE ( 'NONE', #6244, #6309 ) ;
#6246 = DIRECTION ( 'NONE',  ( 1.000000000000000000, 0.0000000000000000000, 0.0000000000000000000 ) ) ;
#6247 = VECTOR ( 'NONE', #6246, 1000.000000000000000 ) ;
#6248 = CARTESIAN_POINT ( 'NONE',  ( 8.199999999999999300, 2.649999999999998600, 4.999999999999996400 ) ) ;
#6249 = LINE ( 'NONE', #6248, #6247 ) ;
#6250 = DIRECTION ( 'NONE',  ( 0.0000000000000000000, -3.097720492815720800E-016, 1.000000000000000000 ) ) ;
#6251 = VECTOR ( 'NONE', #6250, 1000.000000000000000 ) ;
#6252 = CARTESIAN_POINT ( 'NONE',  ( -4.000000000000000000, 2.649999999999998600, 4.599999999999999600 ) ) ;
#6253 = LINE ( 'NONE', #6252, #6251 ) ;
#6254 = CARTESIAN_POINT ( 'NONE',  ( -4.000000000000000000, 2.649999999999998600, 4.599999999999999600 ) ) ;
#6255 = DIRECTION ( 'NONE',  ( 1.000000000000000000, 0.0000000000000000000, 0.0000000000000000000 ) ) ;
#6256 = VECTOR ( 'NONE', #6255, 1000.000000000000000 ) ;
#6257 = CARTESIAN_POINT ( 'NONE',  ( -2.999999999999999600, 2.649999999999998600, 4.599999999999999600 ) ) ;
#6258 = LINE ( 'NONE', #6257, #6256 ) ;
#6259 = CARTESIAN_POINT ( 'NONE',  ( -2.999999999999999600, 2.649999999999998600, 4.599999999999999600 ) ) ;
#6260 = DIRECTION ( 'NONE',  ( 8.673617379883998000E-016, 4.336808689941999000E-016, -1.000000000000000000 ) ) ;
#6261 = VECTOR ( 'NONE', #6260, 1000.000000000000000 ) ;
#6262 = CARTESIAN_POINT ( 'NONE',  ( -2.999999999999999100, 2.649999999999998600, 4.099999999999997900 ) ) ;
#6263 = LINE ( 'NONE', #6262, #6261 ) ;
#6264 = CARTESIAN_POINT ( 'NONE',  ( -2.999999999999999100, 2.649999999999998600, 4.099999999999997900 ) ) ;
#6265 = DIRECTION ( 'NONE',  ( 1.000000000000000000, 0.0000000000000000000, 0.0000000000000000000 ) ) ;
#6266 = VECTOR ( 'NONE', #6265, 1000.000000000000000 ) ;
#6267 = CARTESIAN_POINT ( 'NONE',  ( 3.000000000000000400, 2.649999999999998600, 4.099999999999997900 ) ) ;
#6268 = LINE ( 'NONE', #6267, #6266 ) ;
#6269 = CARTESIAN_POINT ( 'NONE',  ( 3.000000000000000400, 2.649999999999998600, 4.099999999999997900 ) ) ;
#6270 = DIRECTION ( 'NONE',  ( 0.0000000000000000000, -4.336808689942013800E-016, 1.000000000000000000 ) ) ;
#6271 = VECTOR ( 'NONE', #6270, 1000.000000000000000 ) ;
#6272 = CARTESIAN_POINT ( 'NONE',  ( 3.000000000000000400, 2.649999999999998600, 4.599999999999997900 ) ) ;
#6273 = LINE ( 'NONE', #6272, #6271 ) ;
#6274 = DIRECTION ( 'NONE',  ( 0.0000000000000000000, 0.0000000000000000000, -1.000000000000000000 ) ) ;
#6275 = VECTOR ( 'NONE', #6274, 1000.000000000000000 ) ;
#6276 = CARTESIAN_POINT ( 'NONE',  ( -9.300000000000000700, 2.649999999999999500, 5.700000000000000200 ) ) ;
#6277 = LINE ( 'NONE', #6276, #6275 ) ;
#6278 = DIRECTION ( 'NONE',  ( -1.000000000000000000, 0.0000000000000000000, 0.0000000000000000000 ) ) ;
#6279 = VECTOR ( 'NONE', #6278, 1000.000000000000000 ) ;
#6280 = CARTESIAN_POINT ( 'NONE',  ( 10.00000000000000000, 4.450000000000000200, 2.250000000000000400 ) ) ;
#6281 = LINE ( 'NONE', #6280, #6279 ) ;
#6282 = CARTESIAN_POINT ( 'NONE',  ( 8.199999999999999300, 4.450000000000000200, 2.250000000000000400 ) ) ;
#6283 = DIRECTION ( 'NONE',  ( 0.0000000000000000000, 1.224606353822377500E-016, -1.000000000000000000 ) ) ;
#6284 = VECTOR ( 'NONE', #6283, 1000.000000000000000 ) ;
#6285 = CARTESIAN_POINT ( 'NONE',  ( 8.199999999999999300, 4.449999999999999300, 3.899999999999998600 ) ) ;
#6286 = LINE ( 'NONE', #6285, #6284 ) ;
#6287 = CARTESIAN_POINT ( 'NONE',  ( 7.000000000000000000, 4.450000000000000200, 1.099999999999998500 ) ) ;
#6288 = CARTESIAN_POINT ( 'NONE',  ( 8.199999999999999300, 4.450000000000000200, 1.099999999999998500 ) ) ;
#6289 = DIRECTION ( 'NONE',  ( -1.000000000000000000, 0.0000000000000000000, 0.0000000000000000000 ) ) ;
#6290 = VECTOR ( 'NONE', #6289, 1000.000000000000000 ) ;
#6291 = CARTESIAN_POINT ( 'NONE',  ( 8.199999999999999300, 4.450000000000000200, 1.099999999999998500 ) ) ;
#6292 = LINE ( 'NONE', #6291, #6290 ) ;
#6293 = DIRECTION ( 'NONE',  ( 0.0000000000000000000, 1.224606353822377300E-016, -1.000000000000000000 ) ) ;
#6294 = DIRECTION ( 'NONE',  ( 0.0000000000000000000, -1.000000000000000000, -1.224606353822377300E-016 ) ) ;
#6295 = CARTESIAN_POINT ( 'NONE',  ( 10.00000000000000000, 4.450000000000000200, 0.0000000000000000000 ) ) ;
#6296 = AXIS2_PLACEMENT_3D ( 'NONE', #6295, #6294, #6293 ) ;
#6297 = PLANE ( 'NONE',  #6296 ) ;
#6298 = FACE_OUTER_BOUND ( 'NONE', #1757, .T. ) ;
#6299 = DIRECTION ( 'NONE',  ( 0.0000000000000000000, -1.000000000000000000, -2.409338161078898200E-016 ) ) ;
#6300 = VECTOR ( 'NONE', #6299, 1000.000000000000000 ) ;
#6301 = CARTESIAN_POINT ( 'NONE',  ( -9.300000000000000700, 4.450000000000000200, 2.250000000000000400 ) ) ;
#6302 = LINE ( 'NONE', #6301, #6300 ) ;
#6303 = DIRECTION ( 'NONE',  ( -1.000000000000000000, 0.0000000000000000000, 0.0000000000000000000 ) ) ;
#6304 = VECTOR ( 'NONE', #6303, 1000.000000000000000 ) ;
#6305 = CARTESIAN_POINT ( 'NONE',  ( 10.00000000000000000, 2.649999999999998600, 3.899999999999998100 ) ) ;
#6306 = LINE ( 'NONE', #6305, #6304 ) ;
#6307 = CARTESIAN_POINT ( 'NONE',  ( 7.400000000000000400, 2.649999999999998600, 3.899999999999998100 ) ) ;
#6308 = DIRECTION ( 'NONE',  ( 0.0000000000000000000, -1.971276677246374200E-016, 1.000000000000000000 ) ) ;
#6309 = VECTOR ( 'NONE', #6308, 1000.000000000000000 ) ;
#6310 = DIRECTION ( 'NONE',  ( 0.0000000000000000000, 1.224606353822377300E-016, -1.000000000000000000 ) ) ;
#6311 = DIRECTION ( 'NONE',  ( 0.0000000000000000000, -1.000000000000000000, -1.224606353822377300E-016 ) ) ;
#6312 = CARTESIAN_POINT ( 'NONE',  ( 10.00000000000000000, 4.450000000000000200, 0.0000000000000000000 ) ) ;
#6313 = AXIS2_PLACEMENT_3D ( 'NONE', #6312, #6311, #6310 ) ;
#6314 = PLANE ( 'NONE',  #6313 ) ;
#6315 = FACE_OUTER_BOUND ( 'NONE', #1786, .T. ) ;
#6316 = DIRECTION ( 'NONE',  ( 0.0000000000000000000, -1.257045997084642900E-016, 1.000000000000000000 ) ) ;
#6317 = VECTOR ( 'NONE', #6316, 1000.000000000000000 ) ;
#6318 = CARTESIAN_POINT ( 'NONE',  ( 2.450000000000000600, 2.649999999999999000, 2.250000000000000000 ) ) ;
#6319 = LINE ( 'NONE', #6318, #6317 ) ;
#6320 = DIRECTION ( 'NONE',  ( 0.0000000000000000000, 1.257045997084642900E-016, -1.000000000000000000 ) ) ;
#6321 = VECTOR ( 'NONE', #6320, 1000.000000000000000 ) ;
#6322 = CARTESIAN_POINT ( 'NONE',  ( -2.450000000000000600, 2.649999999999999000, 2.250000000000000000 ) ) ;
#6323 = LINE ( 'NONE', #6322, #6321 ) ;
#6324 = DIRECTION ( 'NONE',  ( 0.0000000000000000000, 1.000000000000000000, 2.409338161078898200E-016 ) ) ;
#6325 = DIRECTION ( 'NONE',  ( 0.0000000000000000000, 2.409338161078898200E-016, -1.000000000000000000 ) ) ;
#6326 = CARTESIAN_POINT ( 'NONE',  ( 10.00000000000000000, 4.450000000000000200, 2.250000000000000400 ) ) ;
#6327 = AXIS2_PLACEMENT_3D ( 'NONE', #6326, #6325, #6324 ) ;
#6328 = PLANE ( 'NONE',  #6327 ) ;
#6329 = FACE_OUTER_BOUND ( 'NONE', #1776, .T. ) ;
#6330 = DIRECTION ( 'NONE',  ( 0.0000000000000000000, 0.0000000000000000000, -1.000000000000000000 ) ) ;
#6331 = VECTOR ( 'NONE', #6330, 1000.000000000000000 ) ;
#6332 = CARTESIAN_POINT ( 'NONE',  ( -9.300000000000000700, 4.450000000000000200, 5.700000000000000200 ) ) ;
#6333 = LINE ( 'NONE', #6332, #6331 ) ;
#6334 = DIRECTION ( 'NONE',  ( 0.0000000000000000000, 0.0000000000000000000, -1.000000000000000000 ) ) ;
#6335 = VECTOR ( 'NONE', #6334, 1000.000000000000000 ) ;
#6336 = CARTESIAN_POINT ( 'NONE',  ( -7.000000000000000000, 4.449999999999999300, 5.700000000000000200 ) ) ;
#6337 = LINE ( 'NONE', #6336, #6335 ) ;
#6338 = CARTESIAN_POINT ( 'NONE',  ( -6.999999999999999100, 4.450000000000000200, 1.099999999999998500 ) ) ;
#6339 = DIRECTION ( 'NONE',  ( -1.000000000000000000, 0.0000000000000000000, 0.0000000000000000000 ) ) ;
#6340 = VECTOR ( 'NONE', #6339, 1000.000000000000000 ) ;
#6341 = CARTESIAN_POINT ( 'NONE',  ( 8.199999999999999300, 4.450000000000000200, 1.099999999999998500 ) ) ;
#6342 = LINE ( 'NONE', #6341, #6340 ) ;
#6343 = LINE ( 'NONE', #6407, #6406 ) ;
#6344 = CARTESIAN_POINT ( 'NONE',  ( -3.000000000000000900, 2.649999999999999500, 1.099999999999998300 ) ) ;
#6345 = DIRECTION ( 'NONE',  ( 0.0000000000000000000, 0.0000000000000000000, -1.000000000000000000 ) ) ;
#6346 = VECTOR ( 'NONE', #6345, 1000.000000000000000 ) ;
#6347 = CARTESIAN_POINT ( 'NONE',  ( -3.000000000000000000, 2.649999999999998600, 5.700000000000000200 ) ) ;
#6348 = LINE ( 'NONE', #6347, #6346 ) ;
#6349 = DIRECTION ( 'NONE',  ( 0.0000000000000000000, 0.0000000000000000000, -1.000000000000000000 ) ) ;
#6350 = DIRECTION ( 'NONE',  ( 1.000000000000000000, 0.0000000000000000000, 0.0000000000000000000 ) ) ;
#6351 = CARTESIAN_POINT ( 'NONE',  ( -9.300000000000000700, 4.450000000000000200, 5.700000000000000200 ) ) ;
#6352 = AXIS2_PLACEMENT_3D ( 'NONE', #6351, #6350, #6349 ) ;
#6353 = PLANE ( 'NONE',  #6352 ) ;
#6354 = FACE_OUTER_BOUND ( 'NONE', #1808, .T. ) ;
#6355 = DIRECTION ( 'NONE',  ( 0.0000000000000000000, 1.224606353822377500E-016, -1.000000000000000000 ) ) ;
#6356 = VECTOR ( 'NONE', #6355, 1000.000000000000000 ) ;
#6357 = CARTESIAN_POINT ( 'NONE',  ( 10.00000000000000000, -1.950000000000000400, -5.633189227582932200E-016 ) ) ;
#6358 = LINE ( 'NONE', #6357, #6356 ) ;
#6359 = DIRECTION ( 'NONE',  ( 0.0000000000000000000, 0.0000000000000000000, 1.000000000000000000 ) ) ;
#6360 = VECTOR ( 'NONE', #6359, 1000.000000000000000 ) ;
#6361 = CARTESIAN_POINT ( 'NONE',  ( 10.00000000000000000, -0.8500000000000026400, 5.700000000000000200 ) ) ;
#6362 = LINE ( 'NONE', #6361, #6360 ) ;
#6363 = CARTESIAN_POINT ( 'NONE',  ( -9.300000000000000700, 2.649999999999999500, 1.599999999999999900 ) ) ;
#6364 = DIRECTION ( 'NONE',  ( 0.0000000000000000000, -1.224606353822377500E-016, 1.000000000000000000 ) ) ;
#6365 = VECTOR ( 'NONE', #6364, 1000.000000000000000 ) ;
#6366 = CARTESIAN_POINT ( 'NONE',  ( -8.199999999999999300, 4.449999999999999300, 3.899999999999998600 ) ) ;
#6367 = LINE ( 'NONE', #6366, #6365 ) ;
#6368 = CARTESIAN_POINT ( 'NONE',  ( -9.300000000000000700, 4.450000000000000200, 2.250000000000000400 ) ) ;
#6369 = CARTESIAN_POINT ( 'NONE',  ( -8.199999999999999300, 4.450000000000000200, 2.250000000000000400 ) ) ;
#6370 = DIRECTION ( 'NONE',  ( -1.000000000000000000, 0.0000000000000000000, 0.0000000000000000000 ) ) ;
#6371 = VECTOR ( 'NONE', #6370, 1000.000000000000000 ) ;
#6372 = CARTESIAN_POINT ( 'NONE',  ( 10.00000000000000000, 4.450000000000000200, 2.250000000000000400 ) ) ;
#6373 = LINE ( 'NONE', #6372, #6371 ) ;
#6374 = DIRECTION ( 'NONE',  ( 0.0000000000000000000, 1.257045997084642900E-016, -1.000000000000000000 ) ) ;
#6375 = DIRECTION ( 'NONE',  ( 0.0000000000000000000, -1.000000000000000000, -1.257045997084642900E-016 ) ) ;
#6376 = CARTESIAN_POINT ( 'NONE',  ( 10.00000000000000000, 2.649999999999999000, 2.250000000000000000 ) ) ;
#6377 = AXIS2_PLACEMENT_3D ( 'NONE', #6376, #6375, #6374 ) ;
#6378 = PLANE ( 'NONE',  #6377 ) ;
#6379 = FACE_OUTER_BOUND ( 'NONE', #1833, .T. ) ;
#6380 = DIRECTION ( 'NONE',  ( 0.0000000000000000000, -1.000000000000000000, -2.409338161078898200E-016 ) ) ;
#6381 = VECTOR ( 'NONE', #6380, 1000.000000000000000 ) ;
#6382 = CARTESIAN_POINT ( 'NONE',  ( 8.199999999999999300, 4.450000000000000200, 2.250000000000000400 ) ) ;
#6383 = LINE ( 'NONE', #6382, #6381 ) ;
#6384 = DIRECTION ( 'NONE',  ( 0.0000000000000000000, 1.000000000000000000, 2.409338161078898200E-016 ) ) ;
#6385 = DIRECTION ( 'NONE',  ( 0.0000000000000000000, 2.409338161078898200E-016, -1.000000000000000000 ) ) ;
#6386 = CARTESIAN_POINT ( 'NONE',  ( 10.00000000000000000, 4.450000000000000200, 2.250000000000000400 ) ) ;
#6387 = AXIS2_PLACEMENT_3D ( 'NONE', #6386, #6385, #6384 ) ;
#6388 = PLANE ( 'NONE',  #6387 ) ;
#6389 = FACE_OUTER_BOUND ( 'NONE', #1826, .T. ) ;
#6390 = DIRECTION ( 'NONE',  ( 0.0000000000000000000, 0.0000000000000000000, -1.000000000000000000 ) ) ;
#6391 = VECTOR ( 'NONE', #6390, 1000.000000000000000 ) ;
#6392 = CARTESIAN_POINT ( 'NONE',  ( 7.000000000000000000, 4.449999999999997500, 5.700000000000000200 ) ) ;
#6393 = LINE ( 'NONE', #6392, #6391 ) ;
#6394 = DIRECTION ( 'NONE',  ( 0.0000000000000000000, 0.0000000000000000000, 1.000000000000000000 ) ) ;
#6395 = DIRECTION ( 'NONE',  ( -1.000000000000000000, 0.0000000000000000000, 0.0000000000000000000 ) ) ;
#6396 = CARTESIAN_POINT ( 'NONE',  ( 10.00000000000000000, -4.450000000000000200, 0.0000000000000000000 ) ) ;
#6397 = AXIS2_PLACEMENT_3D ( 'NONE', #6396, #6395, #6394 ) ;
#6398 = PLANE ( 'NONE',  #6397 ) ;
#6399 = FACE_OUTER_BOUND ( 'NONE', #1819, .T. ) ;
#6400 = DIRECTION ( 'NONE',  ( 0.0000000000000000000, 0.0000000000000000000, -1.000000000000000000 ) ) ;
#6401 = VECTOR ( 'NONE', #6400, 1000.000000000000000 ) ;
#6402 = CARTESIAN_POINT ( 'NONE',  ( 3.000000000000000000, 2.649999999999998600, 5.700000000000000200 ) ) ;
#6403 = LINE ( 'NONE', #6402, #6401 ) ;
#6404 = CARTESIAN_POINT ( 'NONE',  ( 3.000000000000000000, 2.649999999999998600, 1.099999999999998500 ) ) ;
#6405 = DIRECTION ( 'NONE',  ( 1.000000000000000000, 0.0000000000000000000, 0.0000000000000000000 ) ) ;
#6406 = VECTOR ( 'NONE', #6405, 1000.000000000000000 ) ;
#6407 = CARTESIAN_POINT ( 'NONE',  ( 10.00000000000000000, 2.649999999999999500, 1.099999999999998300 ) ) ;
#6408 = CARTESIAN_POINT ( 'NONE',  ( 7.000000000000000000, 3.149999999999999900, 5.700000000000000200 ) ) ;
#6409 = LINE ( 'NONE', #6408, #6470 ) ;
#6410 = CARTESIAN_POINT ( 'NONE',  ( 7.000000000000000000, 3.149999999999999900, 1.099999999999998500 ) ) ;
#6411 = DIRECTION ( 'NONE',  ( 1.000000000000000000, 0.0000000000000000000, 0.0000000000000000000 ) ) ;
#6412 = VECTOR ( 'NONE', #6411, 1000.000000000000000 ) ;
#6413 = CARTESIAN_POINT ( 'NONE',  ( 7.000000000000000000, 3.149999999999999900, 1.099999999999998500 ) ) ;
#6414 = LINE ( 'NONE', #6413, #6412 ) ;
#6415 = CARTESIAN_POINT ( 'NONE',  ( 3.000000000000000000, 3.149999999999999900, 1.099999999999998500 ) ) ;
#6416 = DIRECTION ( 'NONE',  ( 0.0000000000000000000, 0.0000000000000000000, -1.000000000000000000 ) ) ;
#6417 = VECTOR ( 'NONE', #6416, 1000.000000000000000 ) ;
#6418 = CARTESIAN_POINT ( 'NONE',  ( 3.000000000000000000, 3.149999999999999900, 5.700000000000000200 ) ) ;
#6419 = LINE ( 'NONE', #6418, #6417 ) ;
#6420 = DIRECTION ( 'NONE',  ( 0.0000000000000000000, 0.0000000000000000000, -1.000000000000000000 ) ) ;
#6421 = DIRECTION ( 'NONE',  ( 0.0000000000000000000, -1.000000000000000000, 0.0000000000000000000 ) ) ;
#6422 = CARTESIAN_POINT ( 'NONE',  ( 7.000000000000000000, 3.149999999999999900, 5.700000000000000200 ) ) ;
#6423 = AXIS2_PLACEMENT_3D ( 'NONE', #6422, #6421, #6420 ) ;
#6424 = PLANE ( 'NONE',  #6423 ) ;
#6425 = FACE_OUTER_BOUND ( 'NONE', #1842, .T. ) ;
#6426 = DIRECTION ( 'NONE',  ( 0.0000000000000000000, 0.0000000000000000000, -1.000000000000000000 ) ) ;
#6427 = VECTOR ( 'NONE', #6426, 1000.000000000000000 ) ;
#6428 = CARTESIAN_POINT ( 'NONE',  ( -3.000000000000000000, 3.149999999999999900, 5.700000000000000200 ) ) ;
#6429 = LINE ( 'NONE', #6428, #6427 ) ;
#6430 = DIRECTION ( 'NONE',  ( 0.0000000000000000000, -1.000000000000000000, -1.224606353822377300E-016 ) ) ;
#6431 = VECTOR ( 'NONE', #6430, 1000.000000000000000 ) ;
#6432 = CARTESIAN_POINT ( 'NONE',  ( -3.000000000000000000, 3.150000000000000800, 1.099999999999998500 ) ) ;
#6433 = LINE ( 'NONE', #6432, #6431 ) ;
#6434 = DIRECTION ( 'NONE',  ( 0.0000000000000000000, 1.000000000000000000, 2.409338161078898200E-016 ) ) ;
#6435 = VECTOR ( 'NONE', #6434, 1000.000000000000000 ) ;
#6436 = CARTESIAN_POINT ( 'NONE',  ( -8.200000000000001100, 4.450000000000000200, 2.250000000000000400 ) ) ;
#6437 = LINE ( 'NONE', #6436, #6435 ) ;
#6438 = CARTESIAN_POINT ( 'NONE',  ( -9.300000000000000700, 1.150000000000000800, 1.599999999999999200 ) ) ;
#6439 = DIRECTION ( 'NONE',  ( 0.0000000000000000000, 0.0000000000000000000, 1.000000000000000000 ) ) ;
#6440 = VECTOR ( 'NONE', #6439, 1000.000000000000000 ) ;
#6441 = CARTESIAN_POINT ( 'NONE',  ( -9.300000000000000700, 1.150000000000000800, -0.1000000000000000100 ) ) ;
#6442 = LINE ( 'NONE', #6441, #6440 ) ;
#6443 = CARTESIAN_POINT ( 'NONE',  ( -3.000000000000000000, 3.149999999999999900, 1.099999999999998500 ) ) ;
#6444 = DIRECTION ( 'NONE',  ( 1.000000000000000000, -4.336808689942017200E-016, -5.310883477015093900E-032 ) ) ;
#6445 = VECTOR ( 'NONE', #6444, 1000.000000000000000 ) ;
#6446 = CARTESIAN_POINT ( 'NONE',  ( -3.000000000000000000, 3.149999999999999900, 1.099999999999998500 ) ) ;
#6447 = LINE ( 'NONE', #6446, #6445 ) ;
#6448 = DIRECTION ( 'NONE',  ( 1.000000000000000000, -4.336808689942017200E-016, 0.0000000000000000000 ) ) ;
#6449 = DIRECTION ( 'NONE',  ( -4.336808689942017200E-016, -1.000000000000000000, 0.0000000000000000000 ) ) ;
#6450 = CARTESIAN_POINT ( 'NONE',  ( -3.000000000000000000, 3.149999999999999900, 5.700000000000000200 ) ) ;
#6451 = AXIS2_PLACEMENT_3D ( 'NONE', #6450, #6449, #6448 ) ;
#6452 = PLANE ( 'NONE',  #6451 ) ;
#6453 = FACE_OUTER_BOUND ( 'NONE', #1861, .T. ) ;
#6454 = DIRECTION ( 'NONE',  ( 0.0000000000000000000, 0.0000000000000000000, -1.000000000000000000 ) ) ;
#6455 = VECTOR ( 'NONE', #6454, 1000.000000000000000 ) ;
#6456 = CARTESIAN_POINT ( 'NONE',  ( -7.000000000000000000, 3.150000000000001700, 5.700000000000000200 ) ) ;
#6457 = LINE ( 'NONE', #6456, #6455 ) ;
#6458 = CARTESIAN_POINT ( 'NONE',  ( -7.000000000000000000, 3.150000000000001700, 1.099999999999998500 ) ) ;
#6459 = DIRECTION ( 'NONE',  ( 0.0000000000000000000, -1.000000000000000000, -1.224606353822377300E-016 ) ) ;
#6460 = VECTOR ( 'NONE', #6459, 1000.000000000000000 ) ;
#6461 = CARTESIAN_POINT ( 'NONE',  ( -7.000000000000000000, 4.450000000000000200, 1.099999999999998500 ) ) ;
#6462 = LINE ( 'NONE', #6461, #6460 ) ;
#6463 = DIRECTION ( 'NONE',  ( 0.0000000000000000000, 0.0000000000000000000, -1.000000000000000000 ) ) ;
#6464 = DIRECTION ( 'NONE',  ( 1.000000000000000000, 0.0000000000000000000, 0.0000000000000000000 ) ) ;
#6465 = CARTESIAN_POINT ( 'NONE',  ( 7.000000000000000000, 4.449999999999997500, 5.700000000000000200 ) ) ;
#6466 = AXIS2_PLACEMENT_3D ( 'NONE', #6465, #6464, #6463 ) ;
#6467 = PLANE ( 'NONE',  #6466 ) ;
#6468 = FACE_OUTER_BOUND ( 'NONE', #1629, .T. ) ;
#6469 = DIRECTION ( 'NONE',  ( 0.0000000000000000000, 0.0000000000000000000, -1.000000000000000000 ) ) ;
#6470 = VECTOR ( 'NONE', #6469, 1000.000000000000000 ) ;
#6471 = DIRECTION ( 'NONE',  ( 0.0000000000000000000, 1.000000000000000000, 1.257045997084642900E-016 ) ) ;
#6472 = VECTOR ( 'NONE', #6471, 1000.000000000000000 ) ;
#6473 = CARTESIAN_POINT ( 'NONE',  ( 8.199999999999999300, -2.710147050873544600, 4.999999999999995600 ) ) ;
#6474 = LINE ( 'NONE', #6473, #6472 ) ;
#6475 = CARTESIAN_POINT ( 'NONE',  ( 8.199999999999999300, -1.350000000000001400, 4.999999999999995600 ) ) ;
#6476 = DIRECTION ( 'NONE',  ( 0.0000000000000000000, 1.224606353822377500E-016, -1.000000000000000000 ) ) ;
#6477 = VECTOR ( 'NONE', #6476, 1000.000000000000000 ) ;
#6478 = CARTESIAN_POINT ( 'NONE',  ( 8.199999999999999300, -1.350000000000001400, 3.899999999999997700 ) ) ;
#6479 = LINE ( 'NONE', #6478, #6477 ) ;
#6480 = DIRECTION ( 'NONE',  ( 0.0000000000000000000, 1.000000000000000000, 1.224606353822377300E-016 ) ) ;
#6481 = VECTOR ( 'NONE', #6480, 1000.000000000000000 ) ;
#6482 = CARTESIAN_POINT ( 'NONE',  ( 8.199999999999999300, -1.350000000000000500, 1.099999999999997900 ) ) ;
#6483 = LINE ( 'NONE', #6482, #6481 ) ;
#6484 = CARTESIAN_POINT ( 'NONE',  ( -8.199999999999999300, -1.350000000000000500, 1.099999999999997900 ) ) ;
#6485 = DIRECTION ( 'NONE',  ( 0.0000000000000000000, -1.224606353822377500E-016, 1.000000000000000000 ) ) ;
#6486 = VECTOR ( 'NONE', #6485, 1000.000000000000000 ) ;
#6487 = CARTESIAN_POINT ( 'NONE',  ( -8.199999999999999300, -1.350000000000001400, 3.899999999999997700 ) ) ;
#6488 = LINE ( 'NONE', #6487, #6486 ) ;
#6489 = CARTESIAN_POINT ( 'NONE',  ( -8.199999999999999300, -1.350000000000001400, 4.999999999999997300 ) ) ;
#6490 = DIRECTION ( 'NONE',  ( 0.0000000000000000000, 1.000000000000000000, 1.257045997084642900E-016 ) ) ;
#6491 = VECTOR ( 'NONE', #6490, 1000.000000000000000 ) ;
#6492 = CARTESIAN_POINT ( 'NONE',  ( -8.199999999999999300, -2.710147050873544600, 4.999999999999997300 ) ) ;
#6493 = LINE ( 'NONE', #6492, #6491 ) ;
#6494 = DIRECTION ( 'NONE',  ( 0.0000000000000000000, 0.0000000000000000000, 1.000000000000000000 ) ) ;
#6495 = DIRECTION ( 'NONE',  ( -1.000000000000000000, 0.0000000000000000000, 0.0000000000000000000 ) ) ;
#6496 = CARTESIAN_POINT ( 'NONE',  ( -7.000000000000000000, 4.449999999999999300, 5.700000000000000200 ) ) ;
#6497 = AXIS2_PLACEMENT_3D ( 'NONE', #6496, #6495, #6494 ) ;
#6498 = PLANE ( 'NONE',  #6497 ) ;
#6499 = FACE_OUTER_BOUND ( 'NONE', #1795, .T. ) ;
#6500 = DIRECTION ( 'NONE',  ( 0.0000000000000000000, 1.000000000000000000, 1.224606353822377300E-016 ) ) ;
#6501 = VECTOR ( 'NONE', #6500, 1000.000000000000000 ) ;
#6502 = CARTESIAN_POINT ( 'NONE',  ( -9.300000000000000700, -1.950000000000000400, 1.599999999999999200 ) ) ;
#6503 = LINE ( 'NONE', #6502, #6501 ) ;
#6504 = FACE_OUTER_BOUND ( 'NONE', #1916, .T. ) ;
#6505 = DIRECTION ( 'NONE',  ( 0.0000000000000000000, 1.000000000000000000, 1.224606353822377300E-016 ) ) ;
#6506 = VECTOR ( 'NONE', #6505, 1000.000000000000000 ) ;
#6507 = CARTESIAN_POINT ( 'NONE',  ( 7.000000000000000000, 4.449999999999998400, 1.099999999999998500 ) ) ;
#6508 = LINE ( 'NONE', #6507, #6506 ) ;
#6509 = CARTESIAN_POINT ( 'NONE',  ( 8.199999999999999300, -1.350000000000000500, 1.099999999999997900 ) ) ;
#6510 = DIRECTION ( 'NONE',  ( 0.0000000000000000000, 0.0000000000000000000, -1.000000000000000000 ) ) ;
#6511 = DIRECTION ( 'NONE',  ( 1.000000000000000000, 0.0000000000000000000, 0.0000000000000000000 ) ) ;
#6512 = CARTESIAN_POINT ( 'NONE',  ( 8.199999999999999300, -1.350000000000001400, 3.899999999999997700 ) ) ;
#6513 = AXIS2_PLACEMENT_3D ( 'NONE', #6512, #6511, #6510 ) ;
#6514 = PLANE ( 'NONE',  #6513 ) ;
#6515 = FACE_OUTER_BOUND ( 'NONE', #1906, .T. ) ;
#6516 = DIRECTION ( 'NONE',  ( 0.0000000000000000000, 1.000000000000000000, 1.224606353822377300E-016 ) ) ;
#6517 = VECTOR ( 'NONE', #6516, 1000.000000000000000 ) ;
#6518 = CARTESIAN_POINT ( 'NONE',  ( 3.000000000000000000, 3.150000000000000800, 1.099999999999998500 ) ) ;
#6519 = LINE ( 'NONE', #6518, #6517 ) ;
#6520 = DIRECTION ( 'NONE',  ( 0.0000000000000000000, 0.0000000000000000000, -1.000000000000000000 ) ) ;
#6521 = DIRECTION ( 'NONE',  ( 1.000000000000000000, 0.0000000000000000000, 0.0000000000000000000 ) ) ;
#6522 = CARTESIAN_POINT ( 'NONE',  ( 3.000000000000000000, 3.149999999999999900, 5.700000000000000200 ) ) ;
#6523 = AXIS2_PLACEMENT_3D ( 'NONE', #6522, #6521, #6520 ) ;
#6524 = PLANE ( 'NONE',  #6523 ) ;
#6525 = FACE_OUTER_BOUND ( 'NONE', #1899, .T. ) ;
#6526 = CARTESIAN_POINT ( 'NONE',  ( 7.400000000000000400, -1.350000000000001400, 3.899999999999997200 ) ) ;
#6527 = CARTESIAN_POINT ( 'NONE',  ( 4.000000000000000000, -1.350000000000001400, 3.899999999999997700 ) ) ;
#6528 = DIRECTION ( 'NONE',  ( 1.000000000000000000, 0.0000000000000000000, 0.0000000000000000000 ) ) ;
#6529 = VECTOR ( 'NONE', #6528, 1000.000000000000000 ) ;
#6530 = CARTESIAN_POINT ( 'NONE',  ( -8.199999999999999300, -1.350000000000001400, 3.899999999999997700 ) ) ;
#6531 = LINE ( 'NONE', #6530, #6529 ) ;
#6532 = DIRECTION ( 'NONE',  ( 0.0000000000000000000, -1.000000000000000000, -1.224606353822377300E-016 ) ) ;
#6533 = DIRECTION ( 'NONE',  ( 0.0000000000000000000, -1.224606353822377300E-016, 1.000000000000000000 ) ) ;
#6534 = CARTESIAN_POINT ( 'NONE',  ( -8.199999999999999300, -1.350000000000001400, 3.899999999999997700 ) ) ;
#6535 = AXIS2_PLACEMENT_3D ( 'NONE', #6534, #6533, #6532 ) ;
#6536 = PLANE ( 'NONE',  #6535 ) ;
#6537 = FACE_OUTER_BOUND ( 'NONE', #1891, .T. ) ;
#6538 = DIRECTION ( 'NONE',  ( 0.0000000000000000000, 1.224606353822377500E-016, -1.000000000000000000 ) ) ;
#6539 = VECTOR ( 'NONE', #6538, 1000.000000000000000 ) ;
#6540 = CARTESIAN_POINT ( 'NONE',  ( -6.750000000000000900, -1.350000000000000500, 1.099999999999997900 ) ) ;
#6541 = LINE ( 'NONE', #6540, #6539 ) ;
#6542 = DIRECTION ( 'NONE',  ( 0.0000000000000000000, -1.224606353822377500E-016, 1.000000000000000000 ) ) ;
#6543 = DIRECTION ( 'NONE',  ( 0.0000000000000000000, 1.000000000000000000, 1.224606353822377500E-016 ) ) ;
#6544 = CARTESIAN_POINT ( 'NONE',  ( 8.199999999999999300, -1.350000000000000500, 1.099999999999997900 ) ) ;
#6545 = AXIS2_PLACEMENT_3D ( 'NONE', #6544, #6543, #6542 ) ;
#6546 = PLANE ( 'NONE',  #6545 ) ;
#6547 = FACE_OUTER_BOUND ( 'NONE', #2005, .T. ) ;
#6548 = FACE_BOUND ( 'NONE', #2022, .T. ) ;
#6549 = FACE_BOUND ( 'NONE', #2041, .T. ) ;
#6550 = FACE_BOUND ( 'NONE', #2028, .T. ) ;
#6551 = FACE_BOUND ( 'NONE', #2047, .T. ) ;
#6552 = FACE_BOUND ( 'NONE', #1975, .T. ) ;
#6553 = FACE_BOUND ( 'NONE', #1993, .T. ) ;
#6554 = FACE_BOUND ( 'NONE', #1922, .T. ) ;
#6555 = FACE_BOUND ( 'NONE', #1935, .T. ) ;
#6556 = CARTESIAN_POINT ( 'NONE',  ( -4.750000000000000900, -1.350000000000000500, 2.349999999999997900 ) ) ;
#6557 = CARTESIAN_POINT ( 'NONE',  ( -4.750000000000000900, -1.350000000000000500, 2.849999999999998300 ) ) ;
#6558 = DIRECTION ( 'NONE',  ( 0.0000000000000000000, 1.224606353822377500E-016, -1.000000000000000000 ) ) ;
#6559 = VECTOR ( 'NONE', #6558, 1000.000000000000000 ) ;
#6560 = CARTESIAN_POINT ( 'NONE',  ( -4.750000000000000900, -1.350000000000000500, 1.099999999999997900 ) ) ;
#6561 = LINE ( 'NONE', #6560, #6559 ) ;
#6562 = DIRECTION ( 'NONE',  ( 1.000000000000000000, 0.0000000000000000000, 0.0000000000000000000 ) ) ;
#6563 = VECTOR ( 'NONE', #6562, 1000.000000000000000 ) ;
#6564 = CARTESIAN_POINT ( 'NONE',  ( 8.199999999999999300, -1.350000000000000500, 2.349999999999997900 ) ) ;
#6565 = LINE ( 'NONE', #6564, #6563 ) ;
#6566 = CARTESIAN_POINT ( 'NONE',  ( -7.249999999999999100, -1.350000000000000500, 2.349999999999997900 ) ) ;
#6567 = DIRECTION ( 'NONE',  ( 0.0000000000000000000, 1.224606353822377500E-016, -1.000000000000000000 ) ) ;
#6568 = VECTOR ( 'NONE', #6567, 1000.000000000000000 ) ;
#6569 = CARTESIAN_POINT ( 'NONE',  ( -7.249999999999999100, -1.350000000000000500, 1.099999999999997900 ) ) ;
#6570 = LINE ( 'NONE', #6569, #6568 ) ;
#6571 = DIRECTION ( 'NONE',  ( 0.0000000000000000000, 0.0000000000000000000, 1.000000000000000000 ) ) ;
#6572 = DIRECTION ( 'NONE',  ( -1.000000000000000000, 0.0000000000000000000, 0.0000000000000000000 ) ) ;
#6573 = CARTESIAN_POINT ( 'NONE',  ( -3.000000000000000000, 3.149999999999999900, 5.700000000000000200 ) ) ;
#6574 = AXIS2_PLACEMENT_3D ( 'NONE', #6573, #6572, #6571 ) ;
#6575 = PLANE ( 'NONE',  #6574 ) ;
#6576 = CARTESIAN_POINT ( 'NONE',  ( 1.250000000000000200, -1.350000000000000500, 1.099999999999997900 ) ) ;
#6577 = LINE ( 'NONE', #6576, #6638 ) ;
#6578 = DIRECTION ( 'NONE',  ( 0.0000000000000000000, 0.0000000000000000000, 1.000000000000000000 ) ) ;
#6579 = DIRECTION ( 'NONE',  ( -1.000000000000000000, 0.0000000000000000000, 0.0000000000000000000 ) ) ;
#6580 = CARTESIAN_POINT ( 'NONE',  ( -8.199999999999999300, -1.350000000000001400, 3.899999999999997700 ) ) ;
#6581 = AXIS2_PLACEMENT_3D ( 'NONE', #6580, #6579, #6578 ) ;
#6582 = PLANE ( 'NONE',  #6581 ) ;
#6583 = FACE_OUTER_BOUND ( 'NONE', #1956, .T. ) ;
#6584 = DIRECTION ( 'NONE',  ( 0.0000000000000000000, 1.000000000000000000, 1.257045997084642900E-016 ) ) ;
#6585 = VECTOR ( 'NONE', #6584, 1000.000000000000000 ) ;
#6586 = CARTESIAN_POINT ( 'NONE',  ( 7.400000000000000400, -2.710147050873544600, 3.899999999999997200 ) ) ;
#6587 = LINE ( 'NONE', #6586, #6585 ) ;
#6588 = DIRECTION ( 'NONE',  ( 0.0000000000000000000, 1.000000000000000000, 1.257045997084642900E-016 ) ) ;
#6589 = VECTOR ( 'NONE', #6588, 1000.000000000000000 ) ;
#6590 = CARTESIAN_POINT ( 'NONE',  ( 4.000000000000000000, -1.350000000000001400, 3.899999999999998100 ) ) ;
#6591 = LINE ( 'NONE', #6590, #6589 ) ;
#6592 = DIRECTION ( 'NONE',  ( -1.000000000000000000, 0.0000000000000000000, 0.0000000000000000000 ) ) ;
#6593 = VECTOR ( 'NONE', #6592, 1000.000000000000000 ) ;
#6594 = CARTESIAN_POINT ( 'NONE',  ( 8.199999999999999300, -1.350000000000000500, 1.099999999999997900 ) ) ;
#6595 = LINE ( 'NONE', #6594, #6593 ) ;
#6596 = DIRECTION ( 'NONE',  ( 0.0000000000000000000, 1.000000000000000000, 1.224606353822377300E-016 ) ) ;
#6597 = DIRECTION ( 'NONE',  ( 0.0000000000000000000, 1.224606353822377300E-016, -1.000000000000000000 ) ) ;
#6598 = CARTESIAN_POINT ( 'NONE',  ( 8.199999999999999300, -1.350000000000000500, 1.099999999999997900 ) ) ;
#6599 = AXIS2_PLACEMENT_3D ( 'NONE', #6598, #6597, #6596 ) ;
#6600 = PLANE ( 'NONE',  #6599 ) ;
#6601 = FACE_OUTER_BOUND ( 'NONE', #1944, .T. ) ;
#6602 = DIRECTION ( 'NONE',  ( 0.0000000000000000000, 1.000000000000000000, 1.224606353822377300E-016 ) ) ;
#6603 = VECTOR ( 'NONE', #6602, 1000.000000000000000 ) ;
#6604 = CARTESIAN_POINT ( 'NONE',  ( -8.199999999999999300, -1.350000000000000500, 1.099999999999997900 ) ) ;
#6605 = LINE ( 'NONE', #6604, #6603 ) ;
#6606 = CARTESIAN_POINT ( 'NONE',  ( -6.750000000000000900, -1.350000000000000500, 2.849999999999998300 ) ) ;
#6607 = CARTESIAN_POINT ( 'NONE',  ( -0.7500000000000000000, -1.350000000000000500, 2.849999999999998300 ) ) ;
#6608 = DIRECTION ( 'NONE',  ( 0.0000000000000000000, 1.224606353822377500E-016, -1.000000000000000000 ) ) ;
#6609 = VECTOR ( 'NONE', #6608, 1000.000000000000000 ) ;
#6610 = CARTESIAN_POINT ( 'NONE',  ( -0.7500000000000006700, -1.350000000000000500, 1.099999999999997900 ) ) ;
#6611 = LINE ( 'NONE', #6610, #6609 ) ;
#6612 = DIRECTION ( 'NONE',  ( 1.000000000000000000, 0.0000000000000000000, 0.0000000000000000000 ) ) ;
#6613 = VECTOR ( 'NONE', #6612, 1000.000000000000000 ) ;
#6614 = CARTESIAN_POINT ( 'NONE',  ( 8.199999999999999300, -1.350000000000000500, 2.349999999999997900 ) ) ;
#6615 = LINE ( 'NONE', #6614, #6613 ) ;
#6616 = CARTESIAN_POINT ( 'NONE',  ( -3.249999999999999600, -1.350000000000000500, 2.349999999999997900 ) ) ;
#6617 = DIRECTION ( 'NONE',  ( 0.0000000000000000000, 1.224606353822377500E-016, -1.000000000000000000 ) ) ;
#6618 = VECTOR ( 'NONE', #6617, 1000.000000000000000 ) ;
#6619 = CARTESIAN_POINT ( 'NONE',  ( -3.249999999999999600, -1.350000000000000500, 1.099999999999997900 ) ) ;
#6620 = LINE ( 'NONE', #6619, #6618 ) ;
#6621 = DIRECTION ( 'NONE',  ( 1.000000000000000000, 0.0000000000000000000, 0.0000000000000000000 ) ) ;
#6622 = VECTOR ( 'NONE', #6621, 1000.000000000000000 ) ;
#6623 = CARTESIAN_POINT ( 'NONE',  ( 8.199999999999999300, -1.350000000000000500, 2.349999999999997900 ) ) ;
#6624 = LINE ( 'NONE', #6623, #6622 ) ;
#6625 = CARTESIAN_POINT ( 'NONE',  ( 0.7499999999999997800, -1.350000000000000500, 2.349999999999997900 ) ) ;
#6626 = DIRECTION ( 'NONE',  ( 0.0000000000000000000, 1.224606353822377500E-016, -1.000000000000000000 ) ) ;
#6627 = VECTOR ( 'NONE', #6626, 1000.000000000000000 ) ;
#6628 = CARTESIAN_POINT ( 'NONE',  ( 0.7499999999999997800, -1.350000000000000500, 1.099999999999997900 ) ) ;
#6629 = LINE ( 'NONE', #6628, #6627 ) ;
#6630 = CARTESIAN_POINT ( 'NONE',  ( 0.7500000000000000000, -1.350000000000000500, 2.849999999999998300 ) ) ;
#6631 = DIRECTION ( 'NONE',  ( -1.000000000000000000, 0.0000000000000000000, 0.0000000000000000000 ) ) ;
#6632 = VECTOR ( 'NONE', #6631, 1000.000000000000000 ) ;
#6633 = CARTESIAN_POINT ( 'NONE',  ( 8.199999999999999300, -1.350000000000000500, 2.849999999999998300 ) ) ;
#6634 = LINE ( 'NONE', #6633, #6632 ) ;
#6635 = CARTESIAN_POINT ( 'NONE',  ( 1.250000000000000000, -1.350000000000000500, 2.349999999999997900 ) ) ;
#6636 = CARTESIAN_POINT ( 'NONE',  ( 1.250000000000000000, -1.350000000000000500, 2.849999999999998300 ) ) ;
#6637 = DIRECTION ( 'NONE',  ( 0.0000000000000000000, 1.224606353822377500E-016, -1.000000000000000000 ) ) ;
#6638 = VECTOR ( 'NONE', #6637, 1000.000000000000000 ) ;
#6639 = CARTESIAN_POINT ( 'NONE',  ( 8.199999999999999300, -1.350000000000000500, 2.849999999999998300 ) ) ;
#6640 = LINE ( 'NONE', #6639, #6122 ) ;
#6641 = AXIS2_PLACEMENT_3D ( 'NONE', #7169, #7168, #7167 ) ;
#6642 = CARTESIAN_POINT ( 'NONE',  ( -2.750000000000000400, -1.350000000000000500, 2.349999999999997900 ) ) ;
#6643 = CARTESIAN_POINT ( 'NONE',  ( -2.750000000000000400, -1.350000000000000500, 2.849999999999998300 ) ) ;
#6644 = DIRECTION ( 'NONE',  ( 0.0000000000000000000, 1.224606353822377500E-016, -1.000000000000000000 ) ) ;
#6645 = VECTOR ( 'NONE', #6644, 1000.000000000000000 ) ;
#6646 = CARTESIAN_POINT ( 'NONE',  ( -2.750000000000000900, -1.350000000000000500, 1.099999999999997900 ) ) ;
#6647 = LINE ( 'NONE', #6646, #6645 ) ;
#6648 = DIRECTION ( 'NONE',  ( 1.000000000000000000, 0.0000000000000000000, 0.0000000000000000000 ) ) ;
#6649 = VECTOR ( 'NONE', #6648, 1000.000000000000000 ) ;
#6650 = CARTESIAN_POINT ( 'NONE',  ( 8.199999999999999300, -1.350000000000000500, 2.349999999999997900 ) ) ;
#6651 = LINE ( 'NONE', #6650, #6649 ) ;
#6652 = CARTESIAN_POINT ( 'NONE',  ( -5.250000000000000900, -1.350000000000000500, 2.349999999999997900 ) ) ;
#6653 = DIRECTION ( 'NONE',  ( 0.0000000000000000000, 1.224606353822377500E-016, -1.000000000000000000 ) ) ;
#6654 = VECTOR ( 'NONE', #6653, 1000.000000000000000 ) ;
#6655 = CARTESIAN_POINT ( 'NONE',  ( -5.250000000000000900, -1.350000000000000500, 1.099999999999997900 ) ) ;
#6656 = LINE ( 'NONE', #6655, #6654 ) ;
#6657 = CARTESIAN_POINT ( 'NONE',  ( -5.250000000000000000, -1.350000000000000500, 2.849999999999998300 ) ) ;
#6658 = DIRECTION ( 'NONE',  ( -1.000000000000000000, 0.0000000000000000000, 0.0000000000000000000 ) ) ;
#6659 = VECTOR ( 'NONE', #6658, 1000.000000000000000 ) ;
#6660 = CARTESIAN_POINT ( 'NONE',  ( 8.199999999999999300, -1.350000000000000500, 2.849999999999998300 ) ) ;
#6661 = LINE ( 'NONE', #6660, #6659 ) ;
#6662 = DIRECTION ( 'NONE',  ( 0.0000000000000000000, 1.224606353822377500E-016, -1.000000000000000000 ) ) ;
#6663 = VECTOR ( 'NONE', #6662, 1000.000000000000000 ) ;
#6664 = CARTESIAN_POINT ( 'NONE',  ( -1.249999999999999300, -1.350000000000000500, 1.099999999999997900 ) ) ;
#6665 = LINE ( 'NONE', #6664, #6663 ) ;
#6666 = CARTESIAN_POINT ( 'NONE',  ( -1.250000000000000000, -1.350000000000000500, 2.849999999999998300 ) ) ;
#6667 = DIRECTION ( 'NONE',  ( -1.000000000000000000, 0.0000000000000000000, 0.0000000000000000000 ) ) ;
#6668 = VECTOR ( 'NONE', #6667, 1000.000000000000000 ) ;
#6669 = CARTESIAN_POINT ( 'NONE',  ( 8.199999999999999300, -1.350000000000000500, 2.849999999999998300 ) ) ;
#6670 = LINE ( 'NONE', #6669, #6668 ) ;
#6671 = CARTESIAN_POINT ( 'NONE',  ( -0.7500000000000000000, -1.350000000000000500, 2.349999999999997900 ) ) ;
#6672 = DIRECTION ( 'NONE',  ( 1.000000000000000000, 0.0000000000000000000, 0.0000000000000000000 ) ) ;
#6673 = VECTOR ( 'NONE', #6672, 1000.000000000000000 ) ;
#6674 = CARTESIAN_POINT ( 'NONE',  ( 8.199999999999999300, -1.350000000000000500, 2.349999999999997900 ) ) ;
#6675 = LINE ( 'NONE', #6674, #6673 ) ;
#6676 = CARTESIAN_POINT ( 'NONE',  ( 4.750000000000000000, -1.350000000000000500, 2.349999999999997900 ) ) ;
#6677 = DIRECTION ( 'NONE',  ( 0.0000000000000000000, 1.224606353822377500E-016, -1.000000000000000000 ) ) ;
#6678 = VECTOR ( 'NONE', #6677, 1000.000000000000000 ) ;
#6679 = CARTESIAN_POINT ( 'NONE',  ( 4.750000000000000000, -1.350000000000000500, 1.099999999999997900 ) ) ;
#6680 = LINE ( 'NONE', #6679, #6678 ) ;
#6681 = CARTESIAN_POINT ( 'NONE',  ( 4.750000000000000000, -1.350000000000000500, 2.849999999999998300 ) ) ;
#6682 = DIRECTION ( 'NONE',  ( -1.000000000000000000, 0.0000000000000000000, 0.0000000000000000000 ) ) ;
#6683 = VECTOR ( 'NONE', #6682, 1000.000000000000000 ) ;
#6684 = CARTESIAN_POINT ( 'NONE',  ( 8.199999999999999300, -1.350000000000000500, 2.849999999999998300 ) ) ;
#6685 = LINE ( 'NONE', #6684, #6683 ) ;
#6686 = CARTESIAN_POINT ( 'NONE',  ( 5.249999999999999100, -1.350000000000000500, 2.349999999999997900 ) ) ;
#6687 = DIRECTION ( 'NONE',  ( 0.0000000000000000000, 1.224606353822377500E-016, -1.000000000000000000 ) ) ;
#6688 = VECTOR ( 'NONE', #6687, 1000.000000000000000 ) ;
#6689 = CARTESIAN_POINT ( 'NONE',  ( 5.249999999999999100, -1.350000000000000500, 1.099999999999997900 ) ) ;
#6690 = LINE ( 'NONE', #6689, #6688 ) ;
#6691 = CARTESIAN_POINT ( 'NONE',  ( -7.400000000000000400, -1.350000000000001400, 4.999999999999995600 ) ) ;
#6692 = DIRECTION ( 'NONE',  ( -1.000000000000000000, -2.655441738507552300E-031, 2.168404344971012400E-015 ) ) ;
#6693 = VECTOR ( 'NONE', #6692, 1000.000000000000000 ) ;
#6694 = CARTESIAN_POINT ( 'NONE',  ( -8.199999999999999300, -1.350000000000001400, 4.999999999999997300 ) ) ;
#6695 = LINE ( 'NONE', #6694, #6693 ) ;
#6696 = CARTESIAN_POINT ( 'NONE',  ( -7.250000000000000000, -1.350000000000000500, 2.849999999999998300 ) ) ;
#6697 = DIRECTION ( 'NONE',  ( -1.000000000000000000, 0.0000000000000000000, 0.0000000000000000000 ) ) ;
#6698 = VECTOR ( 'NONE', #6697, 1000.000000000000000 ) ;
#6699 = CARTESIAN_POINT ( 'NONE',  ( 8.199999999999999300, -1.350000000000000500, 2.849999999999998300 ) ) ;
#6700 = LINE ( 'NONE', #6699, #6698 ) ;
#6701 = CARTESIAN_POINT ( 'NONE',  ( -6.750000000000000900, -1.350000000000000500, 2.349999999999997900 ) ) ;
#6702 = CARTESIAN_POINT ( 'NONE',  ( -3.250000000000000400, -1.350000000000000500, 2.849999999999998300 ) ) ;
#6703 = DIRECTION ( 'NONE',  ( 1.000000000000000000, 0.0000000000000000000, 0.0000000000000000000 ) ) ;
#6704 = VECTOR ( 'NONE', #6703, 1000.000000000000000 ) ;
#6705 = CARTESIAN_POINT ( 'NONE',  ( 8.199999999999999300, -1.350000000000000500, 2.349999999999997900 ) ) ;
#6706 = LINE ( 'NONE', #6705, #6704 ) ;
#6707 = CARTESIAN_POINT ( 'NONE',  ( -1.249999999999999300, -1.350000000000000500, 2.349999999999997900 ) ) ;
#6708 = CARTESIAN_POINT ( 'NONE',  ( 5.249999999999999100, -1.350000000000000500, 2.849999999999998300 ) ) ;
#6709 = DIRECTION ( 'NONE',  ( 1.000000000000000000, 0.0000000000000000000, 0.0000000000000000000 ) ) ;
#6710 = VECTOR ( 'NONE', #6709, 1000.000000000000000 ) ;
#6711 = CARTESIAN_POINT ( 'NONE',  ( 8.199999999999999300, -1.350000000000000500, 2.349999999999997900 ) ) ;
#6712 = LINE ( 'NONE', #6711, #6710 ) ;
#6713 = CARTESIAN_POINT ( 'NONE',  ( 2.750000000000000000, -1.350000000000000500, 2.349999999999997900 ) ) ;
#6714 = DIRECTION ( 'NONE',  ( 0.0000000000000000000, 1.224606353822377500E-016, -1.000000000000000000 ) ) ;
#6715 = VECTOR ( 'NONE', #6714, 1000.000000000000000 ) ;
#6716 = CARTESIAN_POINT ( 'NONE',  ( 2.750000000000000000, -1.350000000000000500, 1.099999999999997900 ) ) ;
#6717 = LINE ( 'NONE', #6716, #6715 ) ;
#6718 = CARTESIAN_POINT ( 'NONE',  ( 2.750000000000000000, -1.350000000000000500, 2.849999999999998300 ) ) ;
#6719 = DIRECTION ( 'NONE',  ( -1.000000000000000000, 0.0000000000000000000, 0.0000000000000000000 ) ) ;
#6720 = VECTOR ( 'NONE', #6719, 1000.000000000000000 ) ;
#6721 = CARTESIAN_POINT ( 'NONE',  ( 8.199999999999999300, -1.350000000000000500, 2.849999999999998300 ) ) ;
#6722 = LINE ( 'NONE', #6721, #6720 ) ;
#6723 = CARTESIAN_POINT ( 'NONE',  ( 3.250000000000000000, -1.350000000000000500, 2.349999999999997900 ) ) ;
#6724 = CARTESIAN_POINT ( 'NONE',  ( 3.250000000000000000, -1.350000000000000500, 2.849999999999998300 ) ) ;
#6725 = DIRECTION ( 'NONE',  ( 0.0000000000000000000, 1.224606353822377500E-016, -1.000000000000000000 ) ) ;
#6726 = VECTOR ( 'NONE', #6725, 1000.000000000000000 ) ;
#6727 = CARTESIAN_POINT ( 'NONE',  ( 3.249999999999999600, -1.350000000000000500, 1.099999999999997900 ) ) ;
#6728 = LINE ( 'NONE', #6727, #6726 ) ;
#6729 = CARTESIAN_POINT ( 'NONE',  ( 6.750000000000000000, -1.350000000000000500, 2.849999999999998300 ) ) ;
#6730 = CARTESIAN_POINT ( 'NONE',  ( 7.249999999999999100, -1.350000000000000500, 2.349999999999997900 ) ) ;
#6731 = CARTESIAN_POINT ( 'NONE',  ( 7.249999999999999100, -1.350000000000000500, 2.849999999999998300 ) ) ;
#6732 = DIRECTION ( 'NONE',  ( 0.0000000000000000000, 1.224606353822377500E-016, -1.000000000000000000 ) ) ;
#6733 = VECTOR ( 'NONE', #6732, 1000.000000000000000 ) ;
#6734 = CARTESIAN_POINT ( 'NONE',  ( 7.249999999999999100, -1.350000000000000500, 1.099999999999997900 ) ) ;
#6735 = LINE ( 'NONE', #6734, #6733 ) ;
#6736 = DIRECTION ( 'NONE',  ( 0.0000000000000000000, 3.097720492815728600E-016, -1.000000000000000000 ) ) ;
#6737 = VECTOR ( 'NONE', #6736, 1000.000000000000000 ) ;
#6738 = CARTESIAN_POINT ( 'NONE',  ( 4.000000000000000000, -1.350000000000001400, 3.899999999999998100 ) ) ;
#6739 = LINE ( 'NONE', #6738, #6737 ) ;
#6740 = CARTESIAN_POINT ( 'NONE',  ( 4.000000000000000000, -1.350000000000001400, 4.599999999999997000 ) ) ;
#6741 = DIRECTION ( 'NONE',  ( 1.000000000000000000, 0.0000000000000000000, 0.0000000000000000000 ) ) ;
#6742 = VECTOR ( 'NONE', #6741, 1000.000000000000000 ) ;
#6743 = CARTESIAN_POINT ( 'NONE',  ( 4.000000000000000000, -1.350000000000001400, 4.599999999999997000 ) ) ;
#6744 = LINE ( 'NONE', #6743, #6742 ) ;
#6745 = CARTESIAN_POINT ( 'NONE',  ( 3.000000000000000400, -1.350000000000001400, 4.599999999999997000 ) ) ;
#6746 = DIRECTION ( 'NONE',  ( 0.0000000000000000000, -4.336808689942013800E-016, 1.000000000000000000 ) ) ;
#6747 = VECTOR ( 'NONE', #6746, 1000.000000000000000 ) ;
#6748 = CARTESIAN_POINT ( 'NONE',  ( 3.000000000000000400, -1.350000000000001400, 4.599999999999997000 ) ) ;
#6749 = LINE ( 'NONE', #6748, #6747 ) ;
#6750 = CARTESIAN_POINT ( 'NONE',  ( 3.000000000000000400, -1.350000000000001400, 4.099999999999997000 ) ) ;
#6751 = DIRECTION ( 'NONE',  ( 1.000000000000000000, 0.0000000000000000000, 0.0000000000000000000 ) ) ;
#6752 = VECTOR ( 'NONE', #6751, 1000.000000000000000 ) ;
#6753 = CARTESIAN_POINT ( 'NONE',  ( 3.000000000000000400, -1.350000000000001400, 4.099999999999997000 ) ) ;
#6754 = LINE ( 'NONE', #6753, #6752 ) ;
#6755 = DIRECTION ( 'NONE',  ( 0.0000000000000000000, 0.0000000000000000000, 1.000000000000000000 ) ) ;
#6756 = DIRECTION ( 'NONE',  ( -1.000000000000000000, 0.0000000000000000000, 0.0000000000000000000 ) ) ;
#6757 = CARTESIAN_POINT ( 'NONE',  ( -2.450000000000000200, -4.450000000000000200, 5.699999999999999300 ) ) ;
#6758 = AXIS2_PLACEMENT_3D ( 'NONE', #6757, #6756, #6755 ) ;
#6759 = PLANE ( 'NONE',  #6758 ) ;
#6760 = DIRECTION ( 'NONE',  ( 0.0000000000000000000, 0.0000000000000000000, -1.000000000000000000 ) ) ;
#6761 = DIRECTION ( 'NONE',  ( 1.000000000000000000, 0.0000000000000000000, 0.0000000000000000000 ) ) ;
#6762 = CARTESIAN_POINT ( 'NONE',  ( 2.450000000000000200, -4.450000000000000200, 5.699999999999999300 ) ) ;
#6763 = AXIS2_PLACEMENT_3D ( 'NONE', #6762, #6761, #6760 ) ;
#6764 = PLANE ( 'NONE',  #6763 ) ;
#6765 = FACE_OUTER_BOUND ( 'NONE', #2056, .T. ) ;
#6766 = FACE_OUTER_BOUND ( 'NONE', #2050, .T. ) ;
#6767 = CARTESIAN_POINT ( 'NONE',  ( 6.750000000000000000, -1.350000000000000500, 2.349999999999997900 ) ) ;
#6768 = DIRECTION ( 'NONE',  ( 0.0000000000000000000, 1.224606353822377500E-016, -1.000000000000000000 ) ) ;
#6769 = VECTOR ( 'NONE', #6768, 1000.000000000000000 ) ;
#6770 = CARTESIAN_POINT ( 'NONE',  ( 6.750000000000000000, -1.350000000000000500, 1.099999999999997900 ) ) ;
#6771 = LINE ( 'NONE', #6770, #6769 ) ;
#6772 = DIRECTION ( 'NONE',  ( -1.000000000000000000, 0.0000000000000000000, 0.0000000000000000000 ) ) ;
#6773 = VECTOR ( 'NONE', #6772, 1000.000000000000000 ) ;
#6774 = CARTESIAN_POINT ( 'NONE',  ( 8.199999999999999300, -1.350000000000000500, 2.849999999999998300 ) ) ;
#6775 = LINE ( 'NONE', #6774, #6773 ) ;
#6776 = CARTESIAN_POINT ( 'NONE',  ( -2.999999999999999100, -1.350000000000001400, 4.099999999999997000 ) ) ;
#6777 = DIRECTION ( 'NONE',  ( 8.673617379883998000E-016, 4.336808689941999000E-016, -1.000000000000000000 ) ) ;
#6778 = VECTOR ( 'NONE', #6777, 1000.000000000000000 ) ;
#6779 = CARTESIAN_POINT ( 'NONE',  ( -2.999999999999999100, -1.350000000000001400, 4.099999999999997000 ) ) ;
#6780 = LINE ( 'NONE', #6779, #6778 ) ;
#6781 = CARTESIAN_POINT ( 'NONE',  ( -2.999999999999999600, -1.350000000000001400, 4.599999999999998800 ) ) ;
#6782 = DIRECTION ( 'NONE',  ( 1.000000000000000000, 0.0000000000000000000, 0.0000000000000000000 ) ) ;
#6783 = VECTOR ( 'NONE', #6782, 1000.000000000000000 ) ;
#6784 = CARTESIAN_POINT ( 'NONE',  ( -2.999999999999999600, -1.350000000000001400, 4.599999999999998800 ) ) ;
#6785 = LINE ( 'NONE', #6784, #6783 ) ;
#6786 = CARTESIAN_POINT ( 'NONE',  ( -4.000000000000000000, -1.350000000000001400, 4.599999999999998800 ) ) ;
#6787 = DIRECTION ( 'NONE',  ( 0.0000000000000000000, -3.097720492815720800E-016, 1.000000000000000000 ) ) ;
#6788 = VECTOR ( 'NONE', #6787, 1000.000000000000000 ) ;
#6789 = CARTESIAN_POINT ( 'NONE',  ( -4.000000000000000000, -1.350000000000001400, 4.599999999999998800 ) ) ;
#6790 = LINE ( 'NONE', #6789, #6788 ) ;
#6791 = DIRECTION ( 'NONE',  ( 0.0000000000000000000, -1.224606353822377500E-016, 1.000000000000000000 ) ) ;
#6792 = VECTOR ( 'NONE', #6791, 1000.000000000000000 ) ;
#6793 = CARTESIAN_POINT ( 'NONE',  ( -7.400000000000000400, -1.350000000000001400, 3.899999999999997200 ) ) ;
#6794 = LINE ( 'NONE', #6793, #6792 ) ;
#6795 = CARTESIAN_POINT ( 'NONE',  ( 7.400000000000000400, -1.350000000000001400, 4.999999999999996400 ) ) ;
#6796 = DIRECTION ( 'NONE',  ( 0.0000000000000000000, 1.224606353822377500E-016, -1.000000000000000000 ) ) ;
#6797 = VECTOR ( 'NONE', #6796, 1000.000000000000000 ) ;
#6798 = CARTESIAN_POINT ( 'NONE',  ( 7.400000000000000400, -1.350000000000001400, 3.899999999999997200 ) ) ;
#6799 = LINE ( 'NONE', #6798, #6797 ) ;
#6800 =( LENGTH_UNIT ( ) NAMED_UNIT ( * ) SI_UNIT ( .MILLI., .METRE. ) );
#6801 = MECHANICAL_DESIGN_GEOMETRIC_PRESENTATION_REPRESENTATION (  '', ( #6803 ), #6855 ) ;
#6802 = PRESENTATION_LAYER_ASSIGNMENT (  '', '', ( #6803 ) ) ;
#6803 = STYLED_ITEM ( 'NONE', ( #6804 ), #7216 ) ;
#6804 = PRESENTATION_STYLE_ASSIGNMENT (( #6805 ) ) ;
#6805 = SURFACE_STYLE_USAGE ( .BOTH. , #6806 ) ;
#6806 = SURFACE_SIDE_STYLE ('',( #6807 ) ) ;
#6807 = SURFACE_STYLE_FILL_AREA ( #6808 ) ;
#6808 = FILL_AREA_STYLE ('',( #6809 ) ) ;
#6809 = FILL_AREA_STYLE_COLOUR ( '', #6810 ) ;
#6810 = COLOUR_RGB ( '',0.7529411764705882200, 0.7529411764705882200, 0.7529411764705882200 ) ;
#6811 = FACE_OUTER_BOUND ( 'NONE', #7202, .T. ) ;
#6812 = CARTESIAN_POINT ( 'NONE',  ( 7.249999999999999100, -5.549999999999999800, -0.1000000000000018900 ) ) ;
#6813 = CARTESIAN_POINT ( 'NONE',  ( 7.249999999999999100, -3.850000000000000100, -0.1000000000000016300 ) ) ;
#6814 = CARTESIAN_POINT ( 'NONE',  ( 7.249999999999999100, -5.549999999999999800, 0.4999999999999980600 ) ) ;
#6815 = DIRECTION ( 'NONE',  ( 0.0000000000000000000, -1.000000000000000000, -1.548860246407863300E-016 ) ) ;
#6816 = VECTOR ( 'NONE', #6815, 1000.000000000000000 ) ;
#6817 = CARTESIAN_POINT ( 'NONE',  ( 6.750000000000000000, -4.150000000000000400, 0.4999999999999982800 ) ) ;
#6818 = LINE ( 'NONE', #6817, #6816 ) ;
#6819 = DIRECTION ( 'NONE',  ( 0.0000000000000000000, -1.000000000000000000, -1.548860246407863300E-016 ) ) ;
#6820 = VECTOR ( 'NONE', #6819, 1000.000000000000000 ) ;
#6821 = CARTESIAN_POINT ( 'NONE',  ( 7.249999999999999100, -4.150000000000000400, 0.4999999999999982800 ) ) ;
#6822 = LINE ( 'NONE', #6821, #6820 ) ;
#6823 = DIRECTION ( 'NONE',  ( 0.0000000000000000000, 1.000000000000000000, 8.340016711426957800E-017 ) ) ;
#6824 = VECTOR ( 'NONE', #6823, 1000.000000000000000 ) ;
#6825 = CARTESIAN_POINT ( 'NONE',  ( 7.249999999999999100, 1.849999999999999600, 2.349999999999998300 ) ) ;
#6826 = LINE ( 'NONE', #6825, #6824 ) ;
#6827 = DIRECTION ( 'NONE',  ( -1.000000000000000000, 0.0000000000000000000, 0.0000000000000000000 ) ) ;
#6828 = VECTOR ( 'NONE', #6827, 1000.000000000000000 ) ;
#6829 = CARTESIAN_POINT ( 'NONE',  ( 8.199999999999999300, -1.350000000000001400, 4.999999999999995600 ) ) ;
#6830 = LINE ( 'NONE', #6829, #6828 ) ;
#6831 = DIRECTION ( 'NONE',  ( 1.000000000000000000, 0.0000000000000000000, 0.0000000000000000000 ) ) ;
#6832 = VECTOR ( 'NONE', #6831, 1000.000000000000000 ) ;
#6833 = CARTESIAN_POINT ( 'NONE',  ( 8.199999999999999300, -1.350000000000000500, 2.349999999999997900 ) ) ;
#6834 = LINE ( 'NONE', #6833, #6832 ) ;
#6835 = UNCERTAINTY_MEASURE_WITH_UNIT (LENGTH_MEASURE( 1.000000000000000100E-005 ), #6838, 'distance_accuracy_value', 'NONE');
#6836 =( NAMED_UNIT ( * ) SI_UNIT ( $, .STERADIAN. ) SOLID_ANGLE_UNIT ( ) );
#6837 =( NAMED_UNIT ( * ) PLANE_ANGLE_UNIT ( ) SI_UNIT ( $, .RADIAN. ) );
#6838 =( LENGTH_UNIT ( ) NAMED_UNIT ( * ) SI_UNIT ( .MILLI., .METRE. ) );
#6839 = MECHANICAL_DESIGN_GEOMETRIC_PRESENTATION_REPRESENTATION (  '', ( #6841 ), #6888 ) ;
#6840 = PRESENTATION_LAYER_ASSIGNMENT (  '', '', ( #6841 ) ) ;
#6841 = STYLED_ITEM ( 'NONE', ( #6842 ), #7218 ) ;
#6842 = PRESENTATION_STYLE_ASSIGNMENT (( #6843 ) ) ;
#6843 = SURFACE_STYLE_USAGE ( .BOTH. , #6844 ) ;
#6844 = SURFACE_SIDE_STYLE ('',( #6845 ) ) ;
#6845 = SURFACE_STYLE_FILL_AREA ( #6846 ) ;
#6846 = FILL_AREA_STYLE ('',( #6853 ) ) ;
#6847 = COLOUR_RGB ( '',0.7529411764705882200, 0.7529411764705882200, 0.7529411764705882200 ) ;
#6848 = FACE_OUTER_BOUND ( 'NONE', #7211, .T. ) ;
#6849 = DIRECTION ( 'NONE',  ( 0.0000000000000000000, 1.000000000000000000, 1.548860246407863300E-016 ) ) ;
#6850 = DIRECTION ( 'NONE',  ( 0.0000000000000000000, 1.548860246407863300E-016, -1.000000000000000000 ) ) ;
#6851 = CARTESIAN_POINT ( 'NONE',  ( 7.249999999999999100, -4.150000000000000400, 0.4999999999999982800 ) ) ;
#6852 = AXIS2_PLACEMENT_3D ( 'NONE', #6851, #6850, #6849 ) ;
#6853 = FILL_AREA_STYLE_COLOUR ( '', #6847 ) ;
#6854 = PLANE ( 'NONE',  #6852 ) ;
#6855 =( GEOMETRIC_REPRESENTATION_CONTEXT ( 3 ) GLOBAL_UNCERTAINTY_ASSIGNED_CONTEXT ( ( #6856 ) ) GLOBAL_UNIT_ASSIGNED_CONTEXT ( ( #6800, #6858, #6857 ) ) REPRESENTATION_CONTEXT ( 'NONE', 'WORKASPACE' ) );
#6856 = UNCERTAINTY_MEASURE_WITH_UNIT (LENGTH_MEASURE( 1.000000000000000100E-005 ), #6800, 'distance_accuracy_value', 'NONE');
#6857 =( NAMED_UNIT ( * ) SI_UNIT ( $, .STERADIAN. ) SOLID_ANGLE_UNIT ( ) );
#6858 =( NAMED_UNIT ( * ) PLANE_ANGLE_UNIT ( ) SI_UNIT ( $, .RADIAN. ) );
#6859 = UNCERTAINTY_MEASURE_WITH_UNIT (LENGTH_MEASURE( 1.000000000000000100E-005 ), #6862, 'distance_accuracy_value', 'NONE');
#6860 =( NAMED_UNIT ( * ) SI_UNIT ( $, .STERADIAN. ) SOLID_ANGLE_UNIT ( ) );
#6861 =( NAMED_UNIT ( * ) PLANE_ANGLE_UNIT ( ) SI_UNIT ( $, .RADIAN. ) );
#6862 =( LENGTH_UNIT ( ) NAMED_UNIT ( * ) SI_UNIT ( .MILLI., .METRE. ) );
#6863 = MECHANICAL_DESIGN_GEOMETRIC_PRESENTATION_REPRESENTATION (  '', ( #6865 ), #6918 ) ;
#6864 = PRESENTATION_LAYER_ASSIGNMENT (  '', '', ( #6865 ) ) ;
#6865 = STYLED_ITEM ( 'NONE', ( #6866 ), #7225 ) ;
#6866 = PRESENTATION_STYLE_ASSIGNMENT (( #6867 ) ) ;
#6867 = SURFACE_STYLE_USAGE ( .BOTH. , #6868 ) ;
#6868 = SURFACE_SIDE_STYLE ('',( #6869 ) ) ;
#6869 = SURFACE_STYLE_FILL_AREA ( #6870 ) ;
#6870 = FILL_AREA_STYLE ('',( #6877 ) ) ;
#6871 = COLOUR_RGB ( '',0.7529411764705882200, 0.7529411764705882200, 0.7529411764705882200 ) ;
#6872 = FACE_OUTER_BOUND ( 'NONE', #7264, .T. ) ;
#6873 = DIRECTION ( 'NONE',  ( 0.0000000000000000000, 0.7071067811865476800, 0.7071067811865472400 ) ) ;
#6874 = VECTOR ( 'NONE', #6873, 1000.000000000000100 ) ;
#6875 = CARTESIAN_POINT ( 'NONE',  ( 7.249999999999999100, -3.349999999999999600, 0.3999999999999984700 ) ) ;
#6876 = LINE ( 'NONE', #6875, #6874 ) ;
#6877 = FILL_AREA_STYLE_COLOUR ( '', #6871 ) ;
#6878 = CARTESIAN_POINT ( 'NONE',  ( 6.750000000000000000, -3.850000000000000100, -0.1000000000000016300 ) ) ;
#6879 = DIRECTION ( 'NONE',  ( -1.000000000000000000, 0.0000000000000000000, 0.0000000000000000000 ) ) ;
#6880 = VECTOR ( 'NONE', #6879, 1000.000000000000000 ) ;
#6881 = CARTESIAN_POINT ( 'NONE',  ( 7.249999999999999100, -3.850000000000000100, -0.1000000000000016300 ) ) ;
#6882 = LINE ( 'NONE', #6881, #6880 ) ;
#6883 = DIRECTION ( 'NONE',  ( 0.0000000000000000000, 0.0000000000000000000, -1.000000000000000000 ) ) ;
#6884 = DIRECTION ( 'NONE',  ( 1.000000000000000000, 0.0000000000000000000, 0.0000000000000000000 ) ) ;
#6885 = CARTESIAN_POINT ( 'NONE',  ( 7.249999999999999100, -4.150000000000000400, 2.849999999999998300 ) ) ;
#6886 = AXIS2_PLACEMENT_3D ( 'NONE', #6885, #6884, #6883 ) ;
#6887 = PLANE ( 'NONE',  #6886 ) ;
#6888 =( GEOMETRIC_REPRESENTATION_CONTEXT ( 3 ) GLOBAL_UNCERTAINTY_ASSIGNED_CONTEXT ( ( #6835 ) ) GLOBAL_UNIT_ASSIGNED_CONTEXT ( ( #6838, #6837, #6836 ) ) REPRESENTATION_CONTEXT ( 'NONE', 'WORKASPACE' ) );
#6889 = UNCERTAINTY_MEASURE_WITH_UNIT (LENGTH_MEASURE( 1.000000000000000100E-005 ), #6892, 'distance_accuracy_value', 'NONE');
#6890 =( NAMED_UNIT ( * ) SI_UNIT ( $, .STERADIAN. ) SOLID_ANGLE_UNIT ( ) );
#6891 =( NAMED_UNIT ( * ) PLANE_ANGLE_UNIT ( ) SI_UNIT ( $, .RADIAN. ) );
#6892 =( LENGTH_UNIT ( ) NAMED_UNIT ( * ) SI_UNIT ( .MILLI., .METRE. ) );
#6893 = MECHANICAL_DESIGN_GEOMETRIC_PRESENTATION_REPRESENTATION (  '', ( #6895 ), #6943 ) ;
#6894 = PRESENTATION_LAYER_ASSIGNMENT (  '', '', ( #6895 ) ) ;
#6895 = STYLED_ITEM ( 'NONE', ( #6896 ), #7232 ) ;
#6896 = PRESENTATION_STYLE_ASSIGNMENT (( #6897 ) ) ;
#6897 = SURFACE_STYLE_USAGE ( .BOTH. , #6898 ) ;
#6898 = SURFACE_SIDE_STYLE ('',( #6899 ) ) ;
#6899 = SURFACE_STYLE_FILL_AREA ( #6900 ) ;
#6900 = FILL_AREA_STYLE ('',( #6907 ) ) ;
#6901 = COLOUR_RGB ( '',0.7529411764705882200, 0.7529411764705882200, 0.7529411764705882200 ) ;
#6902 = FACE_OUTER_BOUND ( 'NONE', #7214, .T. ) ;
#6903 = DIRECTION ( 'NONE',  ( -1.000000000000000000, 0.0000000000000000000, 0.0000000000000000000 ) ) ;
#6904 = VECTOR ( 'NONE', #6903, 1000.000000000000000 ) ;
#6905 = CARTESIAN_POINT ( 'NONE',  ( 7.249999999999999100, -5.549999999999999800, 0.4999999999999980600 ) ) ;
#6906 = LINE ( 'NONE', #6905, #6904 ) ;
#6907 = FILL_AREA_STYLE_COLOUR ( '', #6901 ) ;
#6908 = CARTESIAN_POINT ( 'NONE',  ( 6.750000000000000000, -5.549999999999999800, 0.4999999999999980600 ) ) ;
#6909 = DIRECTION ( 'NONE',  ( 0.0000000000000000000, 0.7071067811865476800, 0.7071067811865472400 ) ) ;
#6910 = VECTOR ( 'NONE', #6909, 1000.000000000000100 ) ;
#6911 = CARTESIAN_POINT ( 'NONE',  ( 6.750000000000000000, -3.349999999999999600, 0.3999999999999984700 ) ) ;
#6912 = LINE ( 'NONE', #6911, #6910 ) ;
#6913 = DIRECTION ( 'NONE',  ( -1.000000000000000000, 0.0000000000000000000, 0.0000000000000000000 ) ) ;
#6914 = DIRECTION ( 'NONE',  ( 0.0000000000000000000, 0.0000000000000000000, -1.000000000000000000 ) ) ;
#6915 = CARTESIAN_POINT ( 'NONE',  ( 7.249999999999999100, -4.150000000000000400, 2.849999999999998300 ) ) ;
#6916 = AXIS2_PLACEMENT_3D ( 'NONE', #6915, #6914, #6913 ) ;
#6917 = PLANE ( 'NONE',  #6916 ) ;
#6918 =( GEOMETRIC_REPRESENTATION_CONTEXT ( 3 ) GLOBAL_UNCERTAINTY_ASSIGNED_CONTEXT ( ( #6859 ) ) GLOBAL_UNIT_ASSIGNED_CONTEXT ( ( #6862, #6861, #6860 ) ) REPRESENTATION_CONTEXT ( 'NONE', 'WORKASPACE' ) );
#6919 = UNCERTAINTY_MEASURE_WITH_UNIT (LENGTH_MEASURE( 1.000000000000000100E-005 ), #6922, 'distance_accuracy_value', 'NONE');
#6920 =( NAMED_UNIT ( * ) SI_UNIT ( $, .STERADIAN. ) SOLID_ANGLE_UNIT ( ) );
#6921 =( NAMED_UNIT ( * ) PLANE_ANGLE_UNIT ( ) SI_UNIT ( $, .RADIAN. ) );
#6922 =( LENGTH_UNIT ( ) NAMED_UNIT ( * ) SI_UNIT ( .MILLI., .METRE. ) );
#6923 = MECHANICAL_DESIGN_GEOMETRIC_PRESENTATION_REPRESENTATION (  '', ( #6925 ), #6970 ) ;
#6924 = PRESENTATION_LAYER_ASSIGNMENT (  '', '', ( #6925 ) ) ;
#6925 = STYLED_ITEM ( 'NONE', ( #6926 ), #7234 ) ;
#6926 = PRESENTATION_STYLE_ASSIGNMENT (( #6927 ) ) ;
#6927 = SURFACE_STYLE_USAGE ( .BOTH. , #6928 ) ;
#6928 = SURFACE_SIDE_STYLE ('',( #6929 ) ) ;
#6929 = SURFACE_STYLE_FILL_AREA ( #6930 ) ;
#6930 = FILL_AREA_STYLE ('',( #6937 ) ) ;
#6931 = COLOUR_RGB ( '',0.7529411764705882200, 0.7529411764705882200, 0.7529411764705882200 ) ;
#6932 = FACE_OUTER_BOUND ( 'NONE', #7229, .T. ) ;
#6933 = DIRECTION ( 'NONE',  ( 0.0000000000000000000, 1.000000000000000000, 1.514694211560631100E-016 ) ) ;
#6934 = VECTOR ( 'NONE', #6933, 1000.000000000000000 ) ;
#6935 = CARTESIAN_POINT ( 'NONE',  ( 7.249999999999999100, -3.850000000000000100, -0.1000000000000016300 ) ) ;
#6936 = LINE ( 'NONE', #6935, #6934 ) ;
#6937 = FILL_AREA_STYLE_COLOUR ( '', #6931 ) ;
#6938 = DIRECTION ( 'NONE',  ( 0.0000000000000000000, -0.7071067811865476800, -0.7071067811865472400 ) ) ;
#6939 = DIRECTION ( 'NONE',  ( 0.0000000000000000000, -0.7071067811865473500, 0.7071067811865477900 ) ) ;
#6940 = CARTESIAN_POINT ( 'NONE',  ( 7.249999999999999100, -3.349999999999999600, 0.3999999999999984700 ) ) ;
#6941 = AXIS2_PLACEMENT_3D ( 'NONE', #6940, #6939, #6938 ) ;
#6942 = PLANE ( 'NONE',  #6941 ) ;
#6943 =( GEOMETRIC_REPRESENTATION_CONTEXT ( 3 ) GLOBAL_UNCERTAINTY_ASSIGNED_CONTEXT ( ( #6889 ) ) GLOBAL_UNIT_ASSIGNED_CONTEXT ( ( #6892, #6891, #6890 ) ) REPRESENTATION_CONTEXT ( 'NONE', 'WORKASPACE' ) );
#6944 =( GEOMETRIC_REPRESENTATION_CONTEXT ( 3 ) GLOBAL_UNCERTAINTY_ASSIGNED_CONTEXT ( ( #6945 ) ) GLOBAL_UNIT_ASSIGNED_CONTEXT ( ( #6948, #6947, #6946 ) ) REPRESENTATION_CONTEXT ( 'NONE', 'WORKASPACE' ) );
#6945 = UNCERTAINTY_MEASURE_WITH_UNIT (LENGTH_MEASURE( 1.000000000000000100E-005 ), #6948, 'distance_accuracy_value', 'NONE');
#6946 =( NAMED_UNIT ( * ) SI_UNIT ( $, .STERADIAN. ) SOLID_ANGLE_UNIT ( ) );
#6947 =( NAMED_UNIT ( * ) PLANE_ANGLE_UNIT ( ) SI_UNIT ( $, .RADIAN. ) );
#6948 =( LENGTH_UNIT ( ) NAMED_UNIT ( * ) SI_UNIT ( .MILLI., .METRE. ) );
#6949 = MECHANICAL_DESIGN_GEOMETRIC_PRESENTATION_REPRESENTATION (  '', ( #6951 ), #6944 ) ;
#6950 = PRESENTATION_LAYER_ASSIGNMENT (  '', '', ( #6951 ) ) ;
#6951 = STYLED_ITEM ( 'NONE', ( #6952 ), #7242 ) ;
#6952 = PRESENTATION_STYLE_ASSIGNMENT (( #6953 ) ) ;
#6953 = SURFACE_STYLE_USAGE ( .BOTH. , #6954 ) ;
#6954 = SURFACE_SIDE_STYLE ('',( #6955 ) ) ;
#6955 = SURFACE_STYLE_FILL_AREA ( #6956 ) ;
#6956 = FILL_AREA_STYLE ('',( #6963 ) ) ;
#6957 = COLOUR_RGB ( '',0.7529411764705882200, 0.7529411764705882200, 0.7529411764705882200 ) ;
#6958 = FACE_OUTER_BOUND ( 'NONE', #7245, .T. ) ;
#6959 = DIRECTION ( 'NONE',  ( 0.0000000000000000000, 0.0000000000000000000, -1.000000000000000000 ) ) ;
#6960 = VECTOR ( 'NONE', #6959, 1000.000000000000000 ) ;
#6961 = CARTESIAN_POINT ( 'NONE',  ( 7.249999999999999100, -5.549999999999999800, 0.4999999999999980600 ) ) ;
#6962 = LINE ( 'NONE', #6961, #6960 ) ;
#6963 = FILL_AREA_STYLE_COLOUR ( '', #6957 ) ;
#6964 = CARTESIAN_POINT ( 'NONE',  ( 6.750000000000000000, -5.549999999999999800, -0.1000000000000018900 ) ) ;
#6965 = DIRECTION ( 'NONE',  ( 0.0000000000000000000, 0.0000000000000000000, -1.000000000000000000 ) ) ;
#6966 = DIRECTION ( 'NONE',  ( 1.000000000000000000, 0.0000000000000000000, 0.0000000000000000000 ) ) ;
#6967 = CARTESIAN_POINT ( 'NONE',  ( 6.750000000000000000, -4.150000000000000400, 2.849999999999998300 ) ) ;
#6968 = AXIS2_PLACEMENT_3D ( 'NONE', #6967, #6966, #6965 ) ;
#6969 = PLANE ( 'NONE',  #6968 ) ;
#6970 =( GEOMETRIC_REPRESENTATION_CONTEXT ( 3 ) GLOBAL_UNCERTAINTY_ASSIGNED_CONTEXT ( ( #6919 ) ) GLOBAL_UNIT_ASSIGNED_CONTEXT ( ( #6922, #6921, #6920 ) ) REPRESENTATION_CONTEXT ( 'NONE', 'WORKASPACE' ) );
#6971 = UNCERTAINTY_MEASURE_WITH_UNIT (LENGTH_MEASURE( 1.000000000000000100E-005 ), #6974, 'distance_accuracy_value', 'NONE');
#6972 =( NAMED_UNIT ( * ) SI_UNIT ( $, .STERADIAN. ) SOLID_ANGLE_UNIT ( ) );
#6973 =( NAMED_UNIT ( * ) PLANE_ANGLE_UNIT ( ) SI_UNIT ( $, .RADIAN. ) );
#6974 =( LENGTH_UNIT ( ) NAMED_UNIT ( * ) SI_UNIT ( .MILLI., .METRE. ) );
#6975 = MECHANICAL_DESIGN_GEOMETRIC_PRESENTATION_REPRESENTATION (  '', ( #6977 ), #7028 ) ;
#6976 = PRESENTATION_LAYER_ASSIGNMENT (  '', '', ( #6977 ) ) ;
#6977 = STYLED_ITEM ( 'NONE', ( #6978 ), #7265 ) ;
#6978 = PRESENTATION_STYLE_ASSIGNMENT (( #6979 ) ) ;
#6979 = SURFACE_STYLE_USAGE ( .BOTH. , #6980 ) ;
#6980 = SURFACE_SIDE_STYLE ('',( #6981 ) ) ;
#6981 = SURFACE_STYLE_FILL_AREA ( #6982 ) ;
#6982 = FILL_AREA_STYLE ('',( #6984 ) ) ;
#6983 = COLOUR_RGB ( '',0.7529411764705882200, 0.7529411764705882200, 0.7529411764705882200 ) ;
#6984 = FILL_AREA_STYLE_COLOUR ( '', #6983 ) ;
#6985 = FACE_OUTER_BOUND ( 'NONE', #7267, .T. ) ;
#6986 = CARTESIAN_POINT ( 'NONE',  ( 8.900000000000002100, 1.149999999999999900, -0.1000000000000000100 ) ) ;
#6987 = DIRECTION ( 'NONE',  ( 0.0000000000000000000, 1.000000000000000000, 1.514694211560631100E-016 ) ) ;
#6988 = VECTOR ( 'NONE', #6987, 1000.000000000000000 ) ;
#6989 = CARTESIAN_POINT ( 'NONE',  ( 6.750000000000000000, -3.850000000000000100, -0.1000000000000016300 ) ) ;
#6990 = LINE ( 'NONE', #6989, #6988 ) ;
#6991 = DIRECTION ( 'NONE',  ( 0.0000000000000000000, 0.0000000000000000000, -1.000000000000000000 ) ) ;
#6992 = VECTOR ( 'NONE', #6991, 1000.000000000000000 ) ;
#6993 = CARTESIAN_POINT ( 'NONE',  ( 6.750000000000000000, -5.549999999999999800, 0.4999999999999980600 ) ) ;
#6994 = LINE ( 'NONE', #6993, #6992 ) ;
#6995 = DIRECTION ( 'NONE',  ( -1.000000000000000000, 0.0000000000000000000, 0.0000000000000000000 ) ) ;
#6996 = VECTOR ( 'NONE', #6995, 1000.000000000000000 ) ;
#6997 = CARTESIAN_POINT ( 'NONE',  ( 7.249999999999999100, -5.549999999999999800, -0.1000000000000018900 ) ) ;
#6998 = LINE ( 'NONE', #6997, #6996 ) ;
#6999 = DIRECTION ( 'NONE',  ( 0.0000000000000000000, 0.0000000000000000000, 1.000000000000000000 ) ) ;
#7000 = DIRECTION ( 'NONE',  ( 0.0000000000000000000, 1.000000000000000000, 0.0000000000000000000 ) ) ;
#7001 = CARTESIAN_POINT ( 'NONE',  ( 7.249999999999999100, -5.549999999999999800, 0.4999999999999980600 ) ) ;
#7002 = AXIS2_PLACEMENT_3D ( 'NONE', #7001, #7000, #6999 ) ;
#7003 = PLANE ( 'NONE',  #7002 ) ;
#7004 = AXIS2_PLACEMENT_3D ( 'NONE', #7056, #7055, #7054 ) ;
#7005 = FILL_AREA_STYLE_COLOUR ( '', #7052 ) ;
#7006 = PLANE ( 'NONE',  #7004 ) ;
#7007 =( GEOMETRIC_REPRESENTATION_CONTEXT ( 3 ) GLOBAL_UNCERTAINTY_ASSIGNED_CONTEXT ( ( #7008 ) ) GLOBAL_UNIT_ASSIGNED_CONTEXT ( ( #7011, #7010, #7009 ) ) REPRESENTATION_CONTEXT ( 'NONE', 'WORKASPACE' ) );
#7008 = UNCERTAINTY_MEASURE_WITH_UNIT (LENGTH_MEASURE( 1.000000000000000100E-005 ), #7011, 'distance_accuracy_value', 'NONE');
#7009 =( NAMED_UNIT ( * ) SI_UNIT ( $, .STERADIAN. ) SOLID_ANGLE_UNIT ( ) );
#7010 =( NAMED_UNIT ( * ) PLANE_ANGLE_UNIT ( ) SI_UNIT ( $, .RADIAN. ) );
#7011 =( LENGTH_UNIT ( ) NAMED_UNIT ( * ) SI_UNIT ( .MILLI., .METRE. ) );
#7012 = MECHANICAL_DESIGN_GEOMETRIC_PRESENTATION_REPRESENTATION (  '', ( #7014 ), #7007 ) ;
#7013 = PRESENTATION_LAYER_ASSIGNMENT (  '', '', ( #7014 ) ) ;
#7014 = STYLED_ITEM ( 'NONE', ( #7015 ), #7269 ) ;
#7015 = PRESENTATION_STYLE_ASSIGNMENT (( #7016 ) ) ;
#7016 = SURFACE_STYLE_USAGE ( .BOTH. , #7017 ) ;
#7017 = SURFACE_SIDE_STYLE ('',( #7018 ) ) ;
#7018 = SURFACE_STYLE_FILL_AREA ( #7019 ) ;
#7019 = FILL_AREA_STYLE ('',( #7026 ) ) ;
#7020 = COLOUR_RGB ( '',0.7529411764705882200, 0.7529411764705882200, 0.7529411764705882200 ) ;
#7021 = FACE_OUTER_BOUND ( 'NONE', #7285, .T. ) ;
#7022 = DIRECTION ( 'NONE',  ( 0.0000000000000000000, 0.0000000000000000000, 1.000000000000000000 ) ) ;
#7023 = DIRECTION ( 'NONE',  ( 0.0000000000000000000, 1.000000000000000000, 0.0000000000000000000 ) ) ;
#7024 = CARTESIAN_POINT ( 'NONE',  ( 9.300000000000000700, -4.499999999999998200, 2.399999999999998600 ) ) ;
#7025 = AXIS2_PLACEMENT_3D ( 'NONE', #7024, #7023, #7022 ) ;
#7026 = FILL_AREA_STYLE_COLOUR ( '', #7020 ) ;
#7027 = PLANE ( 'NONE',  #7025 ) ;
#7028 =( GEOMETRIC_REPRESENTATION_CONTEXT ( 3 ) GLOBAL_UNCERTAINTY_ASSIGNED_CONTEXT ( ( #6971 ) ) GLOBAL_UNIT_ASSIGNED_CONTEXT ( ( #6974, #6973, #6972 ) ) REPRESENTATION_CONTEXT ( 'NONE', 'WORKASPACE' ) );
#7029 = CARTESIAN_POINT ( 'NONE',  ( 9.300000000000000700, -4.499999999999998200, 5.599999999999998800 ) ) ;
#7030 = DIRECTION ( 'NONE',  ( -1.000000000000000000, 0.0000000000000000000, 0.0000000000000000000 ) ) ;
#7031 = VECTOR ( 'NONE', #7030, 1000.000000000000000 ) ;
#7032 = CARTESIAN_POINT ( 'NONE',  ( 9.300000000000000700, -4.499999999999998200, 5.599999999999998800 ) ) ;
#7033 = LINE ( 'NONE', #7032, #7031 ) ;
#7034 = DIRECTION ( 'NONE',  ( 0.0000000000000000000, 0.0000000000000000000, 1.000000000000000000 ) ) ;
#7035 = DIRECTION ( 'NONE',  ( -1.000000000000000000, 0.0000000000000000000, 0.0000000000000000000 ) ) ;
#7036 = CARTESIAN_POINT ( 'NONE',  ( 9.300000000000000700, -4.499999999999998200, 5.599999999999998800 ) ) ;
#7037 = AXIS2_PLACEMENT_3D ( 'NONE', #7036, #7035, #7034 ) ;
#7038 = PLANE ( 'NONE',  #7037 ) ;
#7039 =( GEOMETRIC_REPRESENTATION_CONTEXT ( 3 ) GLOBAL_UNCERTAINTY_ASSIGNED_CONTEXT ( ( #7040 ) ) GLOBAL_UNIT_ASSIGNED_CONTEXT ( ( #7043, #7042, #7041 ) ) REPRESENTATION_CONTEXT ( 'NONE', 'WORKASPACE' ) );
#7040 = UNCERTAINTY_MEASURE_WITH_UNIT (LENGTH_MEASURE( 1.000000000000000100E-005 ), #7043, 'distance_accuracy_value', 'NONE');
#7041 =( NAMED_UNIT ( * ) SI_UNIT ( $, .STERADIAN. ) SOLID_ANGLE_UNIT ( ) );
#7042 =( NAMED_UNIT ( * ) PLANE_ANGLE_UNIT ( ) SI_UNIT ( $, .RADIAN. ) );
#7043 =( LENGTH_UNIT ( ) NAMED_UNIT ( * ) SI_UNIT ( .MILLI., .METRE. ) );
#7044 = MECHANICAL_DESIGN_GEOMETRIC_PRESENTATION_REPRESENTATION (  '', ( #7046 ), #7039 ) ;
#7045 = PRESENTATION_LAYER_ASSIGNMENT (  '', '', ( #7046 ) ) ;
#7046 = STYLED_ITEM ( 'NONE', ( #7047 ), #7276 ) ;
#7047 = PRESENTATION_STYLE_ASSIGNMENT (( #7048 ) ) ;
#7048 = SURFACE_STYLE_USAGE ( .BOTH. , #7049 ) ;
#7049 = SURFACE_SIDE_STYLE ('',( #7050 ) ) ;
#7050 = SURFACE_STYLE_FILL_AREA ( #7051 ) ;
#7051 = FILL_AREA_STYLE ('',( #7005 ) ) ;
#7052 = COLOUR_RGB ( '',0.7529411764705882200, 0.7529411764705882200, 0.7529411764705882200 ) ;
#7053 = FACE_OUTER_BOUND ( 'NONE', #7275, .T. ) ;
#7054 = DIRECTION ( 'NONE',  ( 0.0000000000000000000, -1.000000000000000000, -1.514694211560631100E-016 ) ) ;
#7055 = DIRECTION ( 'NONE',  ( 0.0000000000000000000, -1.514694211560631100E-016, 1.000000000000000000 ) ) ;
#7056 = CARTESIAN_POINT ( 'NONE',  ( 7.249999999999999100, -3.850000000000000100, -0.1000000000000016300 ) ) ;
#7057 = PLANE ( 'NONE',  #7114 ) ;
#7058 =( GEOMETRIC_REPRESENTATION_CONTEXT ( 3 ) GLOBAL_UNCERTAINTY_ASSIGNED_CONTEXT ( ( #7059 ) ) GLOBAL_UNIT_ASSIGNED_CONTEXT ( ( #7062, #7061, #7060 ) ) REPRESENTATION_CONTEXT ( 'NONE', 'WORKASPACE' ) );
#7059 = UNCERTAINTY_MEASURE_WITH_UNIT (LENGTH_MEASURE( 1.000000000000000100E-005 ), #7062, 'distance_accuracy_value', 'NONE');
#7060 =( NAMED_UNIT ( * ) SI_UNIT ( $, .STERADIAN. ) SOLID_ANGLE_UNIT ( ) );
#7061 =( NAMED_UNIT ( * ) PLANE_ANGLE_UNIT ( ) SI_UNIT ( $, .RADIAN. ) );
#7062 =( LENGTH_UNIT ( ) NAMED_UNIT ( * ) SI_UNIT ( .MILLI., .METRE. ) );
#7063 = MECHANICAL_DESIGN_GEOMETRIC_PRESENTATION_REPRESENTATION (  '', ( #7065 ), #7058 ) ;
#7064 = PRESENTATION_LAYER_ASSIGNMENT (  '', '', ( #7065 ) ) ;
#7065 = STYLED_ITEM ( 'NONE', ( #7066 ), #7294 ) ;
#7066 = PRESENTATION_STYLE_ASSIGNMENT (( #7067 ) ) ;
#7067 = SURFACE_STYLE_USAGE ( .BOTH. , #7068 ) ;
#7068 = SURFACE_SIDE_STYLE ('',( #7069 ) ) ;
#7069 = SURFACE_STYLE_FILL_AREA ( #7070 ) ;
#7070 = FILL_AREA_STYLE ('',( #7077 ) ) ;
#7071 = COLOUR_RGB ( '',0.7529411764705882200, 0.7529411764705882200, 0.7529411764705882200 ) ;
#7072 = FACE_OUTER_BOUND ( 'NONE', #7293, .T. ) ;
#7073 = DIRECTION ( 'NONE',  ( 0.0000000000000000000, -1.000000000000000000, 0.0000000000000000000 ) ) ;
#7074 = VECTOR ( 'NONE', #7073, 1000.000000000000000 ) ;
#7075 = CARTESIAN_POINT ( 'NONE',  ( 8.900000000000002100, -4.499999999999998200, 5.599999999999998800 ) ) ;
#7076 = LINE ( 'NONE', #7075, #7074 ) ;
#7077 = FILL_AREA_STYLE_COLOUR ( '', #7071 ) ;
#7078 = DIRECTION ( 'NONE',  ( -1.000000000000000000, 0.0000000000000000000, 0.0000000000000000000 ) ) ;
#7079 = VECTOR ( 'NONE', #7078, 1000.000000000000000 ) ;
#7080 = CARTESIAN_POINT ( 'NONE',  ( 9.300000000000000700, -4.499999999999998200, 2.399999999999998600 ) ) ;
#7081 = LINE ( 'NONE', #7080, #7079 ) ;
#7082 = CARTESIAN_POINT ( 'NONE',  ( 9.300000000000000700, -4.499999999999998200, 2.399999999999998600 ) ) ;
#7083 = DIRECTION ( 'NONE',  ( 0.0000000000000000000, 0.0000000000000000000, -1.000000000000000000 ) ) ;
#7084 = VECTOR ( 'NONE', #7083, 1000.000000000000000 ) ;
#7085 = CARTESIAN_POINT ( 'NONE',  ( 9.300000000000000700, -4.499999999999998200, 2.399999999999998600 ) ) ;
#7086 = LINE ( 'NONE', #7085, #7084 ) ;
#7087 =( GEOMETRIC_REPRESENTATION_CONTEXT ( 3 ) GLOBAL_UNCERTAINTY_ASSIGNED_CONTEXT ( ( #7088 ) ) GLOBAL_UNIT_ASSIGNED_CONTEXT ( ( #7091, #7090, #7089 ) ) REPRESENTATION_CONTEXT ( 'NONE', 'WORKASPACE' ) );
#7088 = UNCERTAINTY_MEASURE_WITH_UNIT (LENGTH_MEASURE( 1.000000000000000100E-005 ), #7091, 'distance_accuracy_value', 'NONE');
#7089 =( NAMED_UNIT ( * ) SI_UNIT ( $, .STERADIAN. ) SOLID_ANGLE_UNIT ( ) );
#7090 =( NAMED_UNIT ( * ) PLANE_ANGLE_UNIT ( ) SI_UNIT ( $, .RADIAN. ) );
#7091 =( LENGTH_UNIT ( ) NAMED_UNIT ( * ) SI_UNIT ( .MILLI., .METRE. ) );
#7092 = MECHANICAL_DESIGN_GEOMETRIC_PRESENTATION_REPRESENTATION (  '', ( #7094 ), #7087 ) ;
#7093 = PRESENTATION_LAYER_ASSIGNMENT (  '', '', ( #7094 ) ) ;
#7094 = STYLED_ITEM ( 'NONE', ( #7095 ), #7302 ) ;
#7095 = PRESENTATION_STYLE_ASSIGNMENT (( #7096 ) ) ;
#7096 = SURFACE_STYLE_USAGE ( .BOTH. , #7097 ) ;
#7097 = SURFACE_SIDE_STYLE ('',( #7098 ) ) ;
#7098 = SURFACE_STYLE_FILL_AREA ( #7099 ) ;
#7099 = FILL_AREA_STYLE ('',( #7106 ) ) ;
#7100 = COLOUR_RGB ( '',0.7529411764705882200, 0.7529411764705882200, 0.7529411764705882200 ) ;
#7101 = FACE_OUTER_BOUND ( 'NONE', #7300, .T. ) ;
#7102 = DIRECTION ( 'NONE',  ( 0.0000000000000000000, -1.000000000000000000, 0.0000000000000000000 ) ) ;
#7103 = VECTOR ( 'NONE', #7102, 1000.000000000000000 ) ;
#7104 = CARTESIAN_POINT ( 'NONE',  ( 9.300000000000000700, -4.499999999999998200, 5.599999999999998800 ) ) ;
#7105 = LINE ( 'NONE', #7104, #7103 ) ;
#7106 = FILL_AREA_STYLE_COLOUR ( '', #7100 ) ;
#7107 = DIRECTION ( 'NONE',  ( 0.0000000000000000000, 1.000000000000000000, 1.521687259628779000E-016 ) ) ;
#7108 = VECTOR ( 'NONE', #7107, 1000.000000000000000 ) ;
#7109 = CARTESIAN_POINT ( 'NONE',  ( 9.300000000000000700, -1.649999999999999500, 2.399999999999999000 ) ) ;
#7110 = LINE ( 'NONE', #7109, #7108 ) ;
#7111 = DIRECTION ( 'NONE',  ( -1.000000000000000000, 0.0000000000000000000, 0.0000000000000000000 ) ) ;
#7112 = DIRECTION ( 'NONE',  ( 0.0000000000000000000, 0.0000000000000000000, -1.000000000000000000 ) ) ;
#7113 = CARTESIAN_POINT ( 'NONE',  ( 9.300000000000000700, -4.499999999999998200, 5.599999999999998800 ) ) ;
#7114 = AXIS2_PLACEMENT_3D ( 'NONE', #7113, #7112, #7111 ) ;
#7115 = PLANE ( 'NONE',  #6641 ) ;
#7116 =( GEOMETRIC_REPRESENTATION_CONTEXT ( 3 ) GLOBAL_UNCERTAINTY_ASSIGNED_CONTEXT ( ( #7117 ) ) GLOBAL_UNIT_ASSIGNED_CONTEXT ( ( #7120, #7119, #7118 ) ) REPRESENTATION_CONTEXT ( 'NONE', 'WORKASPACE' ) );
#7117 = UNCERTAINTY_MEASURE_WITH_UNIT (LENGTH_MEASURE( 1.000000000000000100E-005 ), #7120, 'distance_accuracy_value', 'NONE');
#7118 =( NAMED_UNIT ( * ) SI_UNIT ( $, .STERADIAN. ) SOLID_ANGLE_UNIT ( ) );
#7119 =( NAMED_UNIT ( * ) PLANE_ANGLE_UNIT ( ) SI_UNIT ( $, .RADIAN. ) );
#7120 =( LENGTH_UNIT ( ) NAMED_UNIT ( * ) SI_UNIT ( .MILLI., .METRE. ) );
#7121 = MECHANICAL_DESIGN_GEOMETRIC_PRESENTATION_REPRESENTATION (  '', ( #7123 ), #7116 ) ;
#7122 = PRESENTATION_LAYER_ASSIGNMENT (  '', '', ( #7123 ) ) ;
#7123 = STYLED_ITEM ( 'NONE', ( #7124 ), #7310 ) ;
#7124 = PRESENTATION_STYLE_ASSIGNMENT (( #7125 ) ) ;
#7125 = SURFACE_STYLE_USAGE ( .BOTH. , #7126 ) ;
#7126 = SURFACE_SIDE_STYLE ('',( #7127 ) ) ;
#7127 = SURFACE_STYLE_FILL_AREA ( #7128 ) ;
#7128 = FILL_AREA_STYLE ('',( #7135 ) ) ;
#7129 = COLOUR_RGB ( '',0.7529411764705882200, 0.7529411764705882200, 0.7529411764705882200 ) ;
#7130 = FACE_OUTER_BOUND ( 'NONE', #7321, .T. ) ;
#7131 = DIRECTION ( 'NONE',  ( 0.0000000000000000000, 1.000000000000000000, 1.521687259628779000E-016 ) ) ;
#7132 = VECTOR ( 'NONE', #7131, 1000.000000000000000 ) ;
#7133 = CARTESIAN_POINT ( 'NONE',  ( 8.900000000000002100, -1.649999999999999500, 2.399999999999999000 ) ) ;
#7134 = LINE ( 'NONE', #7133, #7132 ) ;
#7135 = FILL_AREA_STYLE_COLOUR ( '', #7129 ) ;
#7136 = DIRECTION ( 'NONE',  ( 0.0000000000000000000, -1.000000000000000000, -1.521687259628779000E-016 ) ) ;
#7137 = DIRECTION ( 'NONE',  ( 0.0000000000000000000, -1.521687259628779000E-016, 1.000000000000000000 ) ) ;
#7138 = CARTESIAN_POINT ( 'NONE',  ( 9.300000000000000700, -1.649999999999999500, 2.399999999999999000 ) ) ;
#7139 = AXIS2_PLACEMENT_3D ( 'NONE', #7138, #7137, #7136 ) ;
#7140 = PLANE ( 'NONE',  #7139 ) ;
#7141 =( GEOMETRIC_REPRESENTATION_CONTEXT ( 3 ) GLOBAL_UNCERTAINTY_ASSIGNED_CONTEXT ( ( #7142 ) ) GLOBAL_UNIT_ASSIGNED_CONTEXT ( ( #7145, #7144, #7143 ) ) REPRESENTATION_CONTEXT ( 'NONE', 'WORKASPACE' ) );
#7142 = UNCERTAINTY_MEASURE_WITH_UNIT (LENGTH_MEASURE( 1.000000000000000100E-005 ), #7145, 'distance_accuracy_value', 'NONE');
#7143 =( NAMED_UNIT ( * ) SI_UNIT ( $, .STERADIAN. ) SOLID_ANGLE_UNIT ( ) );
#7144 =( NAMED_UNIT ( * ) PLANE_ANGLE_UNIT ( ) SI_UNIT ( $, .RADIAN. ) );
#7145 =( LENGTH_UNIT ( ) NAMED_UNIT ( * ) SI_UNIT ( .MILLI., .METRE. ) );
#7146 = MECHANICAL_DESIGN_GEOMETRIC_PRESENTATION_REPRESENTATION (  '', ( #7148 ), #7141 ) ;
#7147 = PRESENTATION_LAYER_ASSIGNMENT (  '', '', ( #7148 ) ) ;
#7148 = STYLED_ITEM ( 'NONE', ( #7149 ), #7320 ) ;
#7149 = PRESENTATION_STYLE_ASSIGNMENT (( #7150 ) ) ;
#7150 = SURFACE_STYLE_USAGE ( .BOTH. , #7151 ) ;
#7151 = SURFACE_SIDE_STYLE ('',( #7152 ) ) ;
#7152 = SURFACE_STYLE_FILL_AREA ( #7153 ) ;
#7153 = FILL_AREA_STYLE ('',( #7160 ) ) ;
#7154 = COLOUR_RGB ( '',0.7529411764705882200, 0.7529411764705882200, 0.7529411764705882200 ) ;
#7155 = FACE_OUTER_BOUND ( 'NONE', #7319, .T. ) ;
#7156 = DIRECTION ( 'NONE',  ( -1.000000000000000000, 0.0000000000000000000, 0.0000000000000000000 ) ) ;
#7157 = VECTOR ( 'NONE', #7156, 1000.000000000000000 ) ;
#7158 = CARTESIAN_POINT ( 'NONE',  ( 9.300000000000000700, -1.649999999999999500, -0.1000000000000003500 ) ) ;
#7159 = LINE ( 'NONE', #7158, #7157 ) ;
#7160 = FILL_AREA_STYLE_COLOUR ( '', #7154 ) ;
#7161 = CARTESIAN_POINT ( 'NONE',  ( 9.304999999999999700, -1.649999999999998600, -0.1000000000000003400 ) ) ;
#7162 = CARTESIAN_POINT ( 'NONE',  ( 8.900000000000002100, -1.649999999999999500, -0.1000000000000003500 ) ) ;
#7163 = DIRECTION ( 'NONE',  ( 0.0000000000000000000, 0.0000000000000000000, -1.000000000000000000 ) ) ;
#7164 = VECTOR ( 'NONE', #7163, 1000.000000000000000 ) ;
#7165 = CARTESIAN_POINT ( 'NONE',  ( 9.304999999999999700, -1.649999999999998600, -0.1000000000000003400 ) ) ;
#7166 = LINE ( 'NONE', #7165, #7164 ) ;
#7167 = DIRECTION ( 'NONE',  ( 0.0000000000000000000, 0.0000000000000000000, 1.000000000000000000 ) ) ;
#7168 = DIRECTION ( 'NONE',  ( -1.000000000000000000, 0.0000000000000000000, 0.0000000000000000000 ) ) ;
#7169 = CARTESIAN_POINT ( 'NONE',  ( 8.900000000000002100, -4.499999999999998200, 5.599999999999998800 ) ) ;
#7170 = SHAPE_DEFINITION_REPRESENTATION ( #7186, #7175 ) ;
#7171 = DIRECTION ( 'NONE',  ( 1.000000000000000000, 0.0000000000000000000, 0.0000000000000000000 ) ) ;
#7172 = DIRECTION ( 'NONE',  ( 0.0000000000000000000, 0.0000000000000000000, 1.000000000000000000 ) ) ;
#7173 = CARTESIAN_POINT ( 'NONE',  ( 0.0000000000000000000, 0.0000000000000000000, 0.0000000000000000000 ) ) ;
#7174 = AXIS2_PLACEMENT_3D ( 'NONE', #7173, #7172, #7171 ) ;
#7175 = ADVANCED_BREP_SHAPE_REPRESENTATION ( 'SM08B-PASS', ( #1328, #7174 ), #7176 ) ;
#7176 =( GEOMETRIC_REPRESENTATION_CONTEXT ( 3 ) GLOBAL_UNCERTAINTY_ASSIGNED_CONTEXT ( ( #7177 ) ) GLOBAL_UNIT_ASSIGNED_CONTEXT ( ( #7180, #7179, #7178 ) ) REPRESENTATION_CONTEXT ( 'NONE', 'WORKASPACE' ) );
#7177 = UNCERTAINTY_MEASURE_WITH_UNIT (LENGTH_MEASURE( 1.000000000000000100E-005 ), #7180, 'distance_accuracy_value', 'NONE');
#7178 =( NAMED_UNIT ( * ) SI_UNIT ( $, .STERADIAN. ) SOLID_ANGLE_UNIT ( ) );
#7179 =( NAMED_UNIT ( * ) PLANE_ANGLE_UNIT ( ) SI_UNIT ( $, .RADIAN. ) );
#7180 =( LENGTH_UNIT ( ) NAMED_UNIT ( * ) SI_UNIT ( .MILLI., .METRE. ) );
#7181 = DIRECTION ( 'NONE',  ( 0.0000000000000000000, 0.0000000000000000000, 1.000000000000000000 ) ) ;
#7182 = DIRECTION ( 'NONE',  ( 0.0000000000000000000, 1.000000000000000000, 0.0000000000000000000 ) ) ;
#7183 = CARTESIAN_POINT ( 'NONE',  ( 9.300000000000000700, -1.649999999999999500, -0.1000000000000003500 ) ) ;
#7184 = AXIS2_PLACEMENT_3D ( 'NONE', #7183, #7182, #7181 ) ;
#7185 = PLANE ( 'NONE',  #7184 ) ;
#7186 = PRODUCT_DEFINITION_SHAPE ( 'NONE', 'NONE',  #7189 ) ;
#7187 = PRODUCT_RELATED_PRODUCT_CATEGORY ( 'part', '', ( #7193 ) ) ;
#7188 = PRODUCT_DEFINITION_FORMATION_WITH_SPECIFIED_SOURCE ( 'ANY', '', #7193, .NOT_KNOWN. ) ;
#7189 = PRODUCT_DEFINITION ( 'UNKNOWN', '', #7188, #7190 ) ;
#7190 = PRODUCT_DEFINITION_CONTEXT ( 'detailed design', #7192, 'design' ) ;
#7191 = APPLICATION_PROTOCOL_DEFINITION ( 'draft international standard', 'automotive_design', 1998, #7192 ) ;
#7192 = APPLICATION_CONTEXT ( 'automotive_design' ) ;
#7193 = PRODUCT ( 'SM08B-PASS', 'SM08B-PASS', '', ( #7194 ) ) ;
#7194 = PRODUCT_CONTEXT ( 'NONE', #7196, 'mechanical' ) ;
#7195 = APPLICATION_PROTOCOL_DEFINITION ( 'draft international standard', 'automotive_design', 1998, #7196 ) ;
#7196 = APPLICATION_CONTEXT ( 'automotive_design' ) ;
#7197 = ORIENTED_EDGE ( 'NONE', *, *, #1259, .T. ) ;
#7198 = EDGE_CURVE ( 'NONE', #2026, #126, #6826, .T. ) ;
#7199 = ORIENTED_EDGE ( 'NONE', *, *, #2024, .T. ) ;
#7200 = ORIENTED_EDGE ( 'NONE', *, *, #7203, .F. ) ;
#7201 = ORIENTED_EDGE ( 'NONE', *, *, #7198, .T. ) ;
#7202 = EDGE_LOOP ( 'NONE', ( #7200, #7197, #7205, #7231 ) ) ;
#7203 = EDGE_CURVE ( 'NONE', #1260, #7206, #6822, .T. ) ;
#7204 = EDGE_CURVE ( 'NONE', #1257, #7228, #6818, .T. ) ;
#7205 = ORIENTED_EDGE ( 'NONE', *, *, #7204, .T. ) ;
#7206 = VERTEX_POINT ( 'NONE', #6814 ) ;
#7207 = ORIENTED_EDGE ( 'NONE', *, *, #100, .F. ) ;
#7208 = ORIENTED_EDGE ( 'NONE', *, *, #108, .T. ) ;
#7209 = VERTEX_POINT ( 'NONE', #6813 ) ;
#7210 = ORIENTED_EDGE ( 'NONE', *, *, #2092, .F. ) ;
#7211 = EDGE_LOOP ( 'NONE', ( #7215, #7240, #7241, #7213, #7236, #7235 ) ) ;
#7212 = VERTEX_POINT ( 'NONE', #6812 ) ;
#7213 = ORIENTED_EDGE ( 'NONE', *, *, #7233, .T. ) ;
#7214 = EDGE_LOOP ( 'NONE', ( #7227, #7223, #7221, #7220 ) ) ;
#7215 = ORIENTED_EDGE ( 'NONE', *, *, #1262, .F. ) ;
#7216 = ADVANCED_FACE ( 'NONE', ( #6811 ), #6854, .F. ) ;
#7217 = ORIENTED_EDGE ( 'NONE', *, *, #7198, .F. ) ;
#7218 = ADVANCED_FACE ( 'NONE', ( #6848 ), #6887, .T. ) ;
#7219 = EDGE_CURVE ( 'NONE', #7209, #7222, #6882, .T. ) ;
#7220 = ORIENTED_EDGE ( 'NONE', *, *, #7219, .T. ) ;
#7221 = ORIENTED_EDGE ( 'NONE', *, *, #7224, .F. ) ;
#7222 = VERTEX_POINT ( 'NONE', #6878 ) ;
#7223 = ORIENTED_EDGE ( 'NONE', *, *, #1554, .T. ) ;
#7224 = EDGE_CURVE ( 'NONE', #7209, #1552, #6876, .T. ) ;
#7225 = ADVANCED_FACE ( 'NONE', ( #6872 ), #6917, .F. ) ;
#7226 = EDGE_CURVE ( 'NONE', #7222, #1555, #6912, .T. ) ;
#7227 = ORIENTED_EDGE ( 'NONE', *, *, #7226, .T. ) ;
#7228 = VERTEX_POINT ( 'NONE', #6908 ) ;
#7229 = EDGE_LOOP ( 'NONE', ( #7253, #7252, #7249, #7238, #7251, #7247 ) ) ;
#7230 = EDGE_CURVE ( 'NONE', #7206, #7228, #6906, .T. ) ;
#7231 = ORIENTED_EDGE ( 'NONE', *, *, #7230, .F. ) ;
#7232 = ADVANCED_FACE ( 'NONE', ( #6902 ), #6942, .F. ) ;
#7233 = EDGE_CURVE ( 'NONE', #7212, #7209, #6936, .T. ) ;
#7234 = ADVANCED_FACE ( 'NONE', ( #6932 ), #6969, .F. ) ;
#7235 = ORIENTED_EDGE ( 'NONE', *, *, #1551, .F. ) ;
#7236 = ORIENTED_EDGE ( 'NONE', *, *, #7224, .T. ) ;
#7237 = VERTEX_POINT ( 'NONE', #6964 ) ;
#7238 = ORIENTED_EDGE ( 'NONE', *, *, #7226, .F. ) ;
#7239 = EDGE_CURVE ( 'NONE', #7206, #7212, #6962, .T. ) ;
#7240 = ORIENTED_EDGE ( 'NONE', *, *, #7203, .T. ) ;
#7241 = ORIENTED_EDGE ( 'NONE', *, *, #7239, .T. ) ;
#7242 = ADVANCED_FACE ( 'NONE', ( #6958 ), #7003, .F. ) ;
#7243 = ORIENTED_EDGE ( 'NONE', *, *, #7248, .T. ) ;
#7244 = ORIENTED_EDGE ( 'NONE', *, *, #7246, .F. ) ;
#7245 = EDGE_LOOP ( 'NONE', ( #7243, #7244, #7271, #7270 ) ) ;
#7246 = EDGE_CURVE ( 'NONE', #7212, #7237, #6998, .T. ) ;
#7247 = ORIENTED_EDGE ( 'NONE', *, *, #7248, .F. ) ;
#7248 = EDGE_CURVE ( 'NONE', #7228, #7237, #6994, .T. ) ;
#7249 = ORIENTED_EDGE ( 'NONE', *, *, #1557, .T. ) ;
#7250 = EDGE_CURVE ( 'NONE', #7237, #7222, #6990, .T. ) ;
#7251 = ORIENTED_EDGE ( 'NONE', *, *, #7250, .F. ) ;
#7252 = ORIENTED_EDGE ( 'NONE', *, *, #1256, .T. ) ;
#7253 = ORIENTED_EDGE ( 'NONE', *, *, #7204, .F. ) ;
#7254 = ORIENTED_EDGE ( 'NONE', *, *, #125, .T. ) ;
#7255 = VERTEX_POINT ( 'NONE', #6986 ) ;
#7256 = ORIENTED_EDGE ( 'NONE', *, *, #112, .F. ) ;
#7257 = ORIENTED_EDGE ( 'NONE', *, *, #1180, .T. ) ;
#7258 = ORIENTED_EDGE ( 'NONE', *, *, #7305, .T. ) ;
#7259 = ORIENTED_EDGE ( 'NONE', *, *, #7296, .F. ) ;
#7260 = ORIENTED_EDGE ( 'NONE', *, *, #7288, .T. ) ;
#7261 = ORIENTED_EDGE ( 'NONE', *, *, #1271, .T. ) ;
#7262 = ORIENTED_EDGE ( 'NONE', *, *, #1475, .F. ) ;
#7263 = ORIENTED_EDGE ( 'NONE', *, *, #1442, .T. ) ;
#7264 = EDGE_LOOP ( 'NONE', ( #1, #7256, #3, #4 ) ) ;
#7265 = ADVANCED_FACE ( 'NONE', ( #6985 ), #7027, .F. ) ;
#7266 = ORIENTED_EDGE ( 'NONE', *, *, #7246, .T. ) ;
#7267 = EDGE_LOOP ( 'NONE', ( #7268, #7287, #7280, #7281 ) ) ;
#7268 = ORIENTED_EDGE ( 'NONE', *, *, #1062, .T. ) ;
#7269 = ADVANCED_FACE ( 'NONE', ( #7021 ), #7006, .F. ) ;
#7270 = ORIENTED_EDGE ( 'NONE', *, *, #7230, .T. ) ;
#7271 = ORIENTED_EDGE ( 'NONE', *, *, #7239, .F. ) ;
#7272 = ORIENTED_EDGE ( 'NONE', *, *, #7299, .T. ) ;
#7273 = ORIENTED_EDGE ( 'NONE', *, *, #70, .T. ) ;
#7274 = ORIENTED_EDGE ( 'NONE', *, *, #1626, .T. ) ;
#7275 = EDGE_LOOP ( 'NONE', ( #7274, #7273, #7272, #7301, #7297, #7298, #7295 ) ) ;
#7276 = ADVANCED_FACE ( 'NONE', ( #7053 ), #7038, .F. ) ;
#7277 = EDGE_CURVE ( 'NONE', #7278, #18, #7033, .T. ) ;
#7278 = VERTEX_POINT ( 'NONE', #7029 ) ;
#7279 = EDGE_CURVE ( 'NONE', #7278, #7286, #7086, .T. ) ;
#7280 = ORIENTED_EDGE ( 'NONE', *, *, #7279, .F. ) ;
#7281 = ORIENTED_EDGE ( 'NONE', *, *, #7277, .T. ) ;
#7282 = ORIENTED_EDGE ( 'NONE', *, *, #7233, .F. ) ;
#7283 = ORIENTED_EDGE ( 'NONE', *, *, #7219, .F. ) ;
#7284 = ORIENTED_EDGE ( 'NONE', *, *, #7250, .T. ) ;
#7285 = EDGE_LOOP ( 'NONE', ( #7284, #7283, #7282, #7266 ) ) ;
#7286 = VERTEX_POINT ( 'NONE', #7082 ) ;
#7287 = ORIENTED_EDGE ( 'NONE', *, *, #7288, .F. ) ;
#7288 = EDGE_CURVE ( 'NONE', #7286, #1291, #7081, .T. ) ;
#7289 = ORIENTED_EDGE ( 'NONE', *, *, #7277, .F. ) ;
#7290 = EDGE_CURVE ( 'NONE', #1639, #18, #7076, .T. ) ;
#7291 = ORIENTED_EDGE ( 'NONE', *, *, #7290, .T. ) ;
#7292 = ORIENTED_EDGE ( 'NONE', *, *, #1638, .T. ) ;
#7293 = EDGE_LOOP ( 'NONE', ( #7292, #7291, #7289, #7311, #7308, #7309 ) ) ;
#7294 = ADVANCED_FACE ( 'NONE', ( #7072 ), #7057, .F. ) ;
#7295 = ORIENTED_EDGE ( 'NONE', *, *, #1105, .T. ) ;
#7296 = EDGE_CURVE ( 'NONE', #7286, #1126, #7110, .T. ) ;
#7297 = ORIENTED_EDGE ( 'NONE', *, *, #7296, .T. ) ;
#7298 = ORIENTED_EDGE ( 'NONE', *, *, #1047, .T. ) ;
#7299 = EDGE_CURVE ( 'NONE', #1579, #7278, #7105, .T. ) ;
#7300 = EDGE_LOOP ( 'NONE', ( #7258, #7257, #7259, #7260 ) ) ;
#7301 = ORIENTED_EDGE ( 'NONE', *, *, #7279, .T. ) ;
#7302 = ADVANCED_FACE ( 'NONE', ( #7101 ), #7140, .F. ) ;
#7303 = ORIENTED_EDGE ( 'NONE', *, *, #7290, .F. ) ;
#7304 = ORIENTED_EDGE ( 'NONE', *, *, #1062, .F. ) ;
#7305 = EDGE_CURVE ( 'NONE', #1291, #1181, #7134, .T. ) ;
#7306 = ORIENTED_EDGE ( 'NONE', *, *, #1183, .F. ) ;
#7307 = ORIENTED_EDGE ( 'NONE', *, *, #7305, .F. ) ;
#7308 = ORIENTED_EDGE ( 'NONE', *, *, #1577, .F. ) ;
#7309 = ORIENTED_EDGE ( 'NONE', *, *, #1532, .T. ) ;
#7310 = ADVANCED_FACE ( 'NONE', ( #7130 ), #7115, .T. ) ;
#7311 = ORIENTED_EDGE ( 'NONE', *, *, #7299, .F. ) ;
#7312 = EDGE_CURVE ( 'NONE', #1397, #7316, #7166, .T. ) ;
#7313 = ORIENTED_EDGE ( 'NONE', *, *, #1396, .T. ) ;
#7314 = ORIENTED_EDGE ( 'NONE', *, *, #7312, .F. ) ;
#7315 = VERTEX_POINT ( 'NONE', #7162 ) ;
#7316 = VERTEX_POINT ( 'NONE', #7161 ) ;
#7317 = ORIENTED_EDGE ( 'NONE', *, *, #7318, .F. ) ;
#7318 = EDGE_CURVE ( 'NONE', #7316, #7315, #7159, .T. ) ;
#7319 = EDGE_LOOP ( 'NONE', ( #7317, #7314, #7313, #166, #167, #168 ) ) ;
#7320 = ADVANCED_FACE ( 'NONE', ( #7155 ), #7185, .F. ) ;
#7321 = EDGE_LOOP ( 'NONE', ( #7306, #7307, #7304, #7303 ) ) ;
ENDSEC;
END-ISO-10303-21;
