ISO-10303-21;
HEADER;
FILE_DESCRIPTION((''),'2;1');
FILE_NAME('430450809','2020-04-16T',('gga'),(''),
'PRO/ENGINEER BY PARAMETRIC TECHNOLOGY CORPORATION, 2016010',
'PRO/ENGINEER BY PARAMETRIC TECHNOLOGY CORPORATION, 2016010','');
FILE_SCHEMA(('CONFIG_CONTROL_DESIGN'));
ENDSEC;
DATA;
#1=DIRECTION('',(-1.E0,0.E0,0.E0));
#2=VECTOR('',#1,6.4E-1);
#3=CARTESIAN_POINT('',(-4.18E0,1.82E0,-6.905E0));
#4=LINE('',#3,#2);
#5=DIRECTION('',(-1.E0,0.E0,0.E0));
#6=VECTOR('',#5,6.4E-1);
#7=CARTESIAN_POINT('',(-4.18E0,1.82E0,1.555E0));
#8=LINE('',#7,#6);
#9=DIRECTION('',(0.E0,0.E0,1.E0));
#10=VECTOR('',#9,1.3E0);
#11=CARTESIAN_POINT('',(-4.82E0,1.82E0,-4.955E0));
#12=LINE('',#11,#10);
#13=DIRECTION('',(0.E0,0.E0,1.E0));
#14=VECTOR('',#13,6.3E-1);
#15=CARTESIAN_POINT('',(-4.82E0,1.18E0,-4.285E0));
#16=LINE('',#15,#14);
#17=DIRECTION('',(0.E0,0.E0,1.E0));
#18=VECTOR('',#17,6.3E-1);
#19=CARTESIAN_POINT('',(-4.82E0,3.2E-1,-4.285E0));
#20=LINE('',#19,#18);
#21=DIRECTION('',(0.E0,0.E0,-1.E0));
#22=VECTOR('',#21,6.3E-1);
#23=CARTESIAN_POINT('',(-4.82E0,-1.18E0,-3.655E0));
#24=LINE('',#23,#22);
#25=DIRECTION('',(0.E0,0.E0,1.E0));
#26=VECTOR('',#25,6.3E-1);
#27=CARTESIAN_POINT('',(-4.82E0,-3.2E-1,-4.285E0));
#28=LINE('',#27,#26);
#29=DIRECTION('',(1.E0,0.E0,0.E0));
#30=VECTOR('',#29,6.4E-1);
#31=CARTESIAN_POINT('',(-4.82E0,1.82E0,-3.655E0));
#32=LINE('',#31,#30);
#33=DIRECTION('',(0.E0,-1.E0,0.E0));
#34=VECTOR('',#33,1.355E0);
#35=CARTESIAN_POINT('',(-4.82E0,3.175E0,-3.655E0));
#36=LINE('',#35,#34);
#37=DIRECTION('',(1.E0,0.E0,0.E0));
#38=VECTOR('',#37,6.4E-1);
#39=CARTESIAN_POINT('',(-4.82E0,1.18E0,-3.655E0));
#40=LINE('',#39,#38);
#41=DIRECTION('',(0.E0,-1.E0,0.E0));
#42=VECTOR('',#41,8.6E-1);
#43=CARTESIAN_POINT('',(-4.82E0,1.18E0,-3.655E0));
#44=LINE('',#43,#42);
#45=DIRECTION('',(1.E0,0.E0,0.E0));
#46=VECTOR('',#45,6.4E-1);
#47=CARTESIAN_POINT('',(-4.82E0,3.2E-1,-3.655E0));
#48=LINE('',#47,#46);
#49=DIRECTION('',(1.E0,0.E0,0.E0));
#50=VECTOR('',#49,6.4E-1);
#51=CARTESIAN_POINT('',(-4.82E0,-3.2E-1,-3.655E0));
#52=LINE('',#51,#50);
#53=DIRECTION('',(0.E0,-1.E0,0.E0));
#54=VECTOR('',#53,8.6E-1);
#55=CARTESIAN_POINT('',(-4.82E0,-3.2E-1,-3.655E0));
#56=LINE('',#55,#54);
#57=DIRECTION('',(1.E0,0.E0,0.E0));
#58=VECTOR('',#57,6.4E-1);
#59=CARTESIAN_POINT('',(-4.82E0,-1.18E0,-3.655E0));
#60=LINE('',#59,#58);
#61=DIRECTION('',(0.E0,0.E0,-1.E0));
#62=VECTOR('',#61,1.3E0);
#63=CARTESIAN_POINT('',(-4.18E0,1.82E0,-3.655E0));
#64=LINE('',#63,#62);
#65=DIRECTION('',(0.E0,-1.E0,0.E0));
#66=VECTOR('',#65,1.355E0);
#67=CARTESIAN_POINT('',(-4.18E0,3.175E0,-3.655E0));
#68=LINE('',#67,#66);
#69=DIRECTION('',(0.E0,0.E0,-1.E0));
#70=VECTOR('',#69,6.3E-1);
#71=CARTESIAN_POINT('',(-4.18E0,1.18E0,-3.655E0));
#72=LINE('',#71,#70);
#73=DIRECTION('',(0.E0,-1.E0,0.E0));
#74=VECTOR('',#73,8.6E-1);
#75=CARTESIAN_POINT('',(-4.18E0,1.18E0,-3.655E0));
#76=LINE('',#75,#74);
#77=DIRECTION('',(0.E0,0.E0,-1.E0));
#78=VECTOR('',#77,6.3E-1);
#79=CARTESIAN_POINT('',(-4.18E0,3.2E-1,-3.655E0));
#80=LINE('',#79,#78);
#81=DIRECTION('',(0.E0,0.E0,-1.E0));
#82=VECTOR('',#81,6.3E-1);
#83=CARTESIAN_POINT('',(-4.18E0,-3.2E-1,-3.655E0));
#84=LINE('',#83,#82);
#85=DIRECTION('',(0.E0,-1.E0,0.E0));
#86=VECTOR('',#85,8.6E-1);
#87=CARTESIAN_POINT('',(-4.18E0,-3.2E-1,-3.655E0));
#88=LINE('',#87,#86);
#89=DIRECTION('',(0.E0,0.E0,-1.E0));
#90=VECTOR('',#89,6.3E-1);
#91=CARTESIAN_POINT('',(-4.18E0,-1.18E0,-3.655E0));
#92=LINE('',#91,#90);
#93=DIRECTION('',(-1.E0,0.E0,0.E0));
#94=VECTOR('',#93,1.75E0);
#95=CARTESIAN_POINT('',(8.075E0,3.43E0,-4.955E0));
#96=LINE('',#95,#94);
#97=DIRECTION('',(0.E0,1.E0,0.E0));
#98=VECTOR('',#97,2.55E-1);
#99=CARTESIAN_POINT('',(6.325E0,3.175E0,-4.955E0));
#100=LINE('',#99,#98);
#101=DIRECTION('',(1.E0,0.E0,0.E0));
#102=VECTOR('',#101,1.505E0);
#103=CARTESIAN_POINT('',(4.82E0,3.175E0,-4.955E0));
#104=LINE('',#103,#102);
#105=DIRECTION('',(0.E0,1.E0,0.E0));
#106=VECTOR('',#105,1.355E0);
#107=CARTESIAN_POINT('',(4.82E0,1.82E0,-4.955E0));
#108=LINE('',#107,#106);
#109=DIRECTION('',(0.E0,1.E0,0.E0));
#110=VECTOR('',#109,2.2E-1);
#111=CARTESIAN_POINT('',(4.82E0,1.6E0,-4.955E0));
#112=LINE('',#111,#110);
#113=DIRECTION('',(0.E0,1.E0,0.E0));
#114=VECTOR('',#113,2.2E-1);
#115=CARTESIAN_POINT('',(4.18E0,1.6E0,-4.955E0));
#116=LINE('',#115,#114);
#117=DIRECTION('',(0.E0,1.E0,0.E0));
#118=VECTOR('',#117,1.355E0);
#119=CARTESIAN_POINT('',(4.18E0,1.82E0,-4.955E0));
#120=LINE('',#119,#118);
#121=DIRECTION('',(1.E0,0.E0,0.E0));
#122=VECTOR('',#121,2.36E0);
#123=CARTESIAN_POINT('',(1.82E0,3.175E0,-4.955E0));
#124=LINE('',#123,#122);
#125=DIRECTION('',(0.E0,1.E0,0.E0));
#126=VECTOR('',#125,1.355E0);
#127=CARTESIAN_POINT('',(1.82E0,1.82E0,-4.955E0));
#128=LINE('',#127,#126);
#129=DIRECTION('',(0.E0,1.E0,0.E0));
#130=VECTOR('',#129,2.2E-1);
#131=CARTESIAN_POINT('',(1.82E0,1.6E0,-4.955E0));
#132=LINE('',#131,#130);
#133=DIRECTION('',(0.E0,1.E0,0.E0));
#134=VECTOR('',#133,2.2E-1);
#135=CARTESIAN_POINT('',(1.18E0,1.6E0,-4.955E0));
#136=LINE('',#135,#134);
#137=DIRECTION('',(0.E0,1.E0,0.E0));
#138=VECTOR('',#137,1.355E0);
#139=CARTESIAN_POINT('',(1.18E0,1.82E0,-4.955E0));
#140=LINE('',#139,#138);
#141=DIRECTION('',(1.E0,0.E0,0.E0));
#142=VECTOR('',#141,2.36E0);
#143=CARTESIAN_POINT('',(-1.18E0,3.175E0,-4.955E0));
#144=LINE('',#143,#142);
#145=DIRECTION('',(0.E0,1.E0,0.E0));
#146=VECTOR('',#145,1.355E0);
#147=CARTESIAN_POINT('',(-1.18E0,1.82E0,-4.955E0));
#148=LINE('',#147,#146);
#149=DIRECTION('',(0.E0,1.E0,0.E0));
#150=VECTOR('',#149,2.2E-1);
#151=CARTESIAN_POINT('',(-1.18E0,1.6E0,-4.955E0));
#152=LINE('',#151,#150);
#153=DIRECTION('',(0.E0,1.E0,0.E0));
#154=VECTOR('',#153,2.2E-1);
#155=CARTESIAN_POINT('',(-1.82E0,1.6E0,-4.955E0));
#156=LINE('',#155,#154);
#157=DIRECTION('',(0.E0,1.E0,0.E0));
#158=VECTOR('',#157,1.355E0);
#159=CARTESIAN_POINT('',(-1.82E0,1.82E0,-4.955E0));
#160=LINE('',#159,#158);
#161=DIRECTION('',(1.E0,0.E0,0.E0));
#162=VECTOR('',#161,2.36E0);
#163=CARTESIAN_POINT('',(-4.18E0,3.175E0,-4.955E0));
#164=LINE('',#163,#162);
#165=DIRECTION('',(0.E0,1.E0,0.E0));
#166=VECTOR('',#165,1.355E0);
#167=CARTESIAN_POINT('',(-4.18E0,1.82E0,-4.955E0));
#168=LINE('',#167,#166);
#169=DIRECTION('',(0.E0,1.E0,0.E0));
#170=VECTOR('',#169,2.2E-1);
#171=CARTESIAN_POINT('',(-4.18E0,1.6E0,-4.955E0));
#172=LINE('',#171,#170);
#173=DIRECTION('',(0.E0,1.E0,0.E0));
#174=VECTOR('',#173,1.355E0);
#175=CARTESIAN_POINT('',(-4.82E0,1.82E0,-4.955E0));
#176=LINE('',#175,#174);
#177=DIRECTION('',(1.E0,0.E0,0.E0));
#178=VECTOR('',#177,1.505E0);
#179=CARTESIAN_POINT('',(-6.325E0,3.175E0,-4.955E0));
#180=LINE('',#179,#178);
#181=DIRECTION('',(0.E0,1.E0,0.E0));
#182=VECTOR('',#181,2.55E-1);
#183=CARTESIAN_POINT('',(-6.325E0,3.175E0,-4.955E0));
#184=LINE('',#183,#182);
#185=DIRECTION('',(-1.E0,0.E0,0.E0));
#186=VECTOR('',#185,1.75E0);
#187=CARTESIAN_POINT('',(-6.325E0,3.43E0,-4.955E0));
#188=LINE('',#187,#186);
#189=DIRECTION('',(0.E0,1.E0,0.E0));
#190=VECTOR('',#189,2.2E-1);
#191=CARTESIAN_POINT('',(-4.82E0,1.6E0,-4.955E0));
#192=LINE('',#191,#190);
#193=DIRECTION('',(-1.E0,0.E0,0.E0));
#194=VECTOR('',#193,3.255E0);
#195=CARTESIAN_POINT('',(8.075E0,1.6E0,-4.955E0));
#196=LINE('',#195,#194);
#197=DIRECTION('',(0.E0,0.E0,-1.E0));
#198=VECTOR('',#197,6.7E-1);
#199=CARTESIAN_POINT('',(4.82E0,1.6E0,-4.285E0));
#200=LINE('',#199,#198);
#201=DIRECTION('',(0.E0,0.E0,-1.E0));
#202=VECTOR('',#201,6.7E-1);
#203=CARTESIAN_POINT('',(4.18E0,1.6E0,-4.285E0));
#204=LINE('',#203,#202);
#205=DIRECTION('',(-1.E0,0.E0,0.E0));
#206=VECTOR('',#205,2.36E0);
#207=CARTESIAN_POINT('',(4.18E0,1.6E0,-4.955E0));
#208=LINE('',#207,#206);
#209=DIRECTION('',(0.E0,0.E0,-1.E0));
#210=VECTOR('',#209,6.7E-1);
#211=CARTESIAN_POINT('',(1.82E0,1.6E0,-4.285E0));
#212=LINE('',#211,#210);
#213=DIRECTION('',(0.E0,0.E0,-1.E0));
#214=VECTOR('',#213,6.7E-1);
#215=CARTESIAN_POINT('',(1.18E0,1.6E0,-4.285E0));
#216=LINE('',#215,#214);
#217=DIRECTION('',(-1.E0,0.E0,0.E0));
#218=VECTOR('',#217,2.36E0);
#219=CARTESIAN_POINT('',(1.18E0,1.6E0,-4.955E0));
#220=LINE('',#219,#218);
#221=DIRECTION('',(0.E0,0.E0,-1.E0));
#222=VECTOR('',#221,6.7E-1);
#223=CARTESIAN_POINT('',(-1.18E0,1.6E0,-4.285E0));
#224=LINE('',#223,#222);
#225=DIRECTION('',(0.E0,0.E0,-1.E0));
#226=VECTOR('',#225,6.7E-1);
#227=CARTESIAN_POINT('',(-1.82E0,1.6E0,-4.285E0));
#228=LINE('',#227,#226);
#229=DIRECTION('',(-1.E0,0.E0,0.E0));
#230=VECTOR('',#229,2.36E0);
#231=CARTESIAN_POINT('',(-1.82E0,1.6E0,-4.955E0));
#232=LINE('',#231,#230);
#233=DIRECTION('',(0.E0,0.E0,-1.E0));
#234=VECTOR('',#233,6.7E-1);
#235=CARTESIAN_POINT('',(-4.18E0,1.6E0,-4.285E0));
#236=LINE('',#235,#234);
#237=DIRECTION('',(-1.E0,0.E0,0.E0));
#238=VECTOR('',#237,3.255E0);
#239=CARTESIAN_POINT('',(-4.82E0,1.6E0,-4.955E0));
#240=LINE('',#239,#238);
#241=DIRECTION('',(0.E0,0.E0,-1.E0));
#242=VECTOR('',#241,6.7E-1);
#243=CARTESIAN_POINT('',(-4.82E0,1.6E0,-4.285E0));
#244=LINE('',#243,#242);
#245=DIRECTION('',(0.E0,1.E0,0.E0));
#246=VECTOR('',#245,8.6E-1);
#247=CARTESIAN_POINT('',(-4.18E0,-1.18E0,-4.285E0));
#248=LINE('',#247,#246);
#249=DIRECTION('',(0.E0,1.E0,0.E0));
#250=VECTOR('',#249,8.6E-1);
#251=CARTESIAN_POINT('',(-4.82E0,-1.18E0,-4.285E0));
#252=LINE('',#251,#250);
#253=DIRECTION('',(0.E0,1.E0,0.E0));
#254=VECTOR('',#253,6.4E-1);
#255=CARTESIAN_POINT('',(-4.82E0,-3.2E-1,-4.285E0));
#256=LINE('',#255,#254);
#257=DIRECTION('',(0.E0,1.E0,0.E0));
#258=VECTOR('',#257,8.6E-1);
#259=CARTESIAN_POINT('',(-4.82E0,3.2E-1,-4.285E0));
#260=LINE('',#259,#258);
#261=DIRECTION('',(0.E0,1.E0,0.E0));
#262=VECTOR('',#261,4.2E-1);
#263=CARTESIAN_POINT('',(-4.82E0,1.18E0,-4.285E0));
#264=LINE('',#263,#262);
#265=DIRECTION('',(-1.E0,0.E0,0.E0));
#266=VECTOR('',#265,3.255E0);
#267=CARTESIAN_POINT('',(-4.82E0,1.6E0,-4.285E0));
#268=LINE('',#267,#266);
#269=DIRECTION('',(1.E0,0.E0,0.E0));
#270=VECTOR('',#269,1.7E0);
#271=CARTESIAN_POINT('',(-8.075E0,1.E0,-4.285E0));
#272=LINE('',#271,#270);
#273=DIRECTION('',(0.E0,1.E0,0.E0));
#274=VECTOR('',#273,2.E0);
#275=CARTESIAN_POINT('',(-6.375E0,-1.E0,-4.285E0));
#276=LINE('',#275,#274);
#277=DIRECTION('',(1.E0,0.E0,0.E0));
#278=VECTOR('',#277,1.7E0);
#279=CARTESIAN_POINT('',(-8.075E0,-1.E0,-4.285E0));
#280=LINE('',#279,#278);
#281=DIRECTION('',(1.E0,0.E0,0.E0));
#282=VECTOR('',#281,1.615E1);
#283=CARTESIAN_POINT('',(-8.075E0,-2.78E0,-4.285E0));
#284=LINE('',#283,#282);
#285=DIRECTION('',(-1.E0,0.E0,0.E0));
#286=VECTOR('',#285,1.7E0);
#287=CARTESIAN_POINT('',(8.075E0,-1.E0,-4.285E0));
#288=LINE('',#287,#286);
#289=DIRECTION('',(0.E0,1.E0,0.E0));
#290=VECTOR('',#289,2.E0);
#291=CARTESIAN_POINT('',(6.375E0,-1.E0,-4.285E0));
#292=LINE('',#291,#290);
#293=DIRECTION('',(-1.E0,0.E0,0.E0));
#294=VECTOR('',#293,1.7E0);
#295=CARTESIAN_POINT('',(8.075E0,1.E0,-4.285E0));
#296=LINE('',#295,#294);
#297=DIRECTION('',(-1.E0,0.E0,0.E0));
#298=VECTOR('',#297,3.255E0);
#299=CARTESIAN_POINT('',(8.075E0,1.6E0,-4.285E0));
#300=LINE('',#299,#298);
#301=DIRECTION('',(0.E0,1.E0,0.E0));
#302=VECTOR('',#301,4.2E-1);
#303=CARTESIAN_POINT('',(4.82E0,1.18E0,-4.285E0));
#304=LINE('',#303,#302);
#305=DIRECTION('',(0.E0,1.E0,0.E0));
#306=VECTOR('',#305,8.6E-1);
#307=CARTESIAN_POINT('',(4.82E0,3.2E-1,-4.285E0));
#308=LINE('',#307,#306);
#309=DIRECTION('',(0.E0,1.E0,0.E0));
#310=VECTOR('',#309,6.4E-1);
#311=CARTESIAN_POINT('',(4.82E0,-3.2E-1,-4.285E0));
#312=LINE('',#311,#310);
#313=DIRECTION('',(0.E0,1.E0,0.E0));
#314=VECTOR('',#313,8.6E-1);
#315=CARTESIAN_POINT('',(4.82E0,-1.18E0,-4.285E0));
#316=LINE('',#315,#314);
#317=DIRECTION('',(0.E0,1.E0,0.E0));
#318=VECTOR('',#317,8.6E-1);
#319=CARTESIAN_POINT('',(4.18E0,-1.18E0,-4.285E0));
#320=LINE('',#319,#318);
#321=DIRECTION('',(0.E0,1.E0,0.E0));
#322=VECTOR('',#321,6.4E-1);
#323=CARTESIAN_POINT('',(4.18E0,-3.2E-1,-4.285E0));
#324=LINE('',#323,#322);
#325=DIRECTION('',(0.E0,1.E0,0.E0));
#326=VECTOR('',#325,8.6E-1);
#327=CARTESIAN_POINT('',(4.18E0,3.2E-1,-4.285E0));
#328=LINE('',#327,#326);
#329=DIRECTION('',(0.E0,1.E0,0.E0));
#330=VECTOR('',#329,4.2E-1);
#331=CARTESIAN_POINT('',(4.18E0,1.18E0,-4.285E0));
#332=LINE('',#331,#330);
#333=DIRECTION('',(-1.E0,0.E0,0.E0));
#334=VECTOR('',#333,2.36E0);
#335=CARTESIAN_POINT('',(4.18E0,1.6E0,-4.285E0));
#336=LINE('',#335,#334);
#337=DIRECTION('',(0.E0,1.E0,0.E0));
#338=VECTOR('',#337,4.2E-1);
#339=CARTESIAN_POINT('',(1.82E0,1.18E0,-4.285E0));
#340=LINE('',#339,#338);
#341=DIRECTION('',(0.E0,1.E0,0.E0));
#342=VECTOR('',#341,8.6E-1);
#343=CARTESIAN_POINT('',(1.82E0,3.2E-1,-4.285E0));
#344=LINE('',#343,#342);
#345=DIRECTION('',(0.E0,1.E0,0.E0));
#346=VECTOR('',#345,6.4E-1);
#347=CARTESIAN_POINT('',(1.82E0,-3.2E-1,-4.285E0));
#348=LINE('',#347,#346);
#349=DIRECTION('',(0.E0,1.E0,0.E0));
#350=VECTOR('',#349,8.6E-1);
#351=CARTESIAN_POINT('',(1.82E0,-1.18E0,-4.285E0));
#352=LINE('',#351,#350);
#353=DIRECTION('',(0.E0,1.E0,0.E0));
#354=VECTOR('',#353,8.6E-1);
#355=CARTESIAN_POINT('',(1.18E0,-1.18E0,-4.285E0));
#356=LINE('',#355,#354);
#357=DIRECTION('',(0.E0,1.E0,0.E0));
#358=VECTOR('',#357,6.4E-1);
#359=CARTESIAN_POINT('',(1.18E0,-3.2E-1,-4.285E0));
#360=LINE('',#359,#358);
#361=DIRECTION('',(0.E0,1.E0,0.E0));
#362=VECTOR('',#361,8.6E-1);
#363=CARTESIAN_POINT('',(1.18E0,3.2E-1,-4.285E0));
#364=LINE('',#363,#362);
#365=DIRECTION('',(0.E0,1.E0,0.E0));
#366=VECTOR('',#365,4.2E-1);
#367=CARTESIAN_POINT('',(1.18E0,1.18E0,-4.285E0));
#368=LINE('',#367,#366);
#369=DIRECTION('',(-1.E0,0.E0,0.E0));
#370=VECTOR('',#369,2.36E0);
#371=CARTESIAN_POINT('',(1.18E0,1.6E0,-4.285E0));
#372=LINE('',#371,#370);
#373=DIRECTION('',(0.E0,1.E0,0.E0));
#374=VECTOR('',#373,4.2E-1);
#375=CARTESIAN_POINT('',(-1.18E0,1.18E0,-4.285E0));
#376=LINE('',#375,#374);
#377=DIRECTION('',(0.E0,1.E0,0.E0));
#378=VECTOR('',#377,8.6E-1);
#379=CARTESIAN_POINT('',(-1.18E0,3.2E-1,-4.285E0));
#380=LINE('',#379,#378);
#381=DIRECTION('',(0.E0,1.E0,0.E0));
#382=VECTOR('',#381,6.4E-1);
#383=CARTESIAN_POINT('',(-1.18E0,-3.2E-1,-4.285E0));
#384=LINE('',#383,#382);
#385=DIRECTION('',(0.E0,1.E0,0.E0));
#386=VECTOR('',#385,8.6E-1);
#387=CARTESIAN_POINT('',(-1.18E0,-1.18E0,-4.285E0));
#388=LINE('',#387,#386);
#389=DIRECTION('',(0.E0,1.E0,0.E0));
#390=VECTOR('',#389,8.6E-1);
#391=CARTESIAN_POINT('',(-1.82E0,-1.18E0,-4.285E0));
#392=LINE('',#391,#390);
#393=DIRECTION('',(0.E0,1.E0,0.E0));
#394=VECTOR('',#393,6.4E-1);
#395=CARTESIAN_POINT('',(-1.82E0,-3.2E-1,-4.285E0));
#396=LINE('',#395,#394);
#397=DIRECTION('',(0.E0,1.E0,0.E0));
#398=VECTOR('',#397,8.6E-1);
#399=CARTESIAN_POINT('',(-1.82E0,3.2E-1,-4.285E0));
#400=LINE('',#399,#398);
#401=DIRECTION('',(0.E0,1.E0,0.E0));
#402=VECTOR('',#401,4.2E-1);
#403=CARTESIAN_POINT('',(-1.82E0,1.18E0,-4.285E0));
#404=LINE('',#403,#402);
#405=DIRECTION('',(-1.E0,0.E0,0.E0));
#406=VECTOR('',#405,2.36E0);
#407=CARTESIAN_POINT('',(-1.82E0,1.6E0,-4.285E0));
#408=LINE('',#407,#406);
#409=DIRECTION('',(0.E0,1.E0,0.E0));
#410=VECTOR('',#409,4.2E-1);
#411=CARTESIAN_POINT('',(-4.18E0,1.18E0,-4.285E0));
#412=LINE('',#411,#410);
#413=DIRECTION('',(0.E0,1.E0,0.E0));
#414=VECTOR('',#413,8.6E-1);
#415=CARTESIAN_POINT('',(-4.18E0,3.2E-1,-4.285E0));
#416=LINE('',#415,#414);
#417=DIRECTION('',(0.E0,1.E0,0.E0));
#418=VECTOR('',#417,6.4E-1);
#419=CARTESIAN_POINT('',(-4.18E0,-3.2E-1,-4.285E0));
#420=LINE('',#419,#418);
#421=DIRECTION('',(-1.E0,0.E0,0.E0));
#422=VECTOR('',#421,6.4E-1);
#423=CARTESIAN_POINT('',(-4.18E0,-1.18E0,-4.285E0));
#424=LINE('',#423,#422);
#425=DIRECTION('',(-1.E0,0.E0,0.E0));
#426=VECTOR('',#425,6.4E-1);
#427=CARTESIAN_POINT('',(-4.18E0,-1.18E0,1.555E0));
#428=LINE('',#427,#426);
#429=DIRECTION('',(1.744369497455E-1,1.744369497455E-1,-9.690941652528E-1));
#430=VECTOR('',#429,1.031891467161E0);
#431=CARTESIAN_POINT('',(-4.36E0,-1.36E0,2.555E0));
#432=LINE('',#431,#430);
#433=DIRECTION('',(-1.E0,0.E0,0.E0));
#434=VECTOR('',#433,2.8E-1);
#435=CARTESIAN_POINT('',(-4.36E0,-1.64E0,2.555E0));
#436=LINE('',#435,#434);
#437=DIRECTION('',(0.E0,1.E0,0.E0));
#438=VECTOR('',#437,2.8E-1);
#439=CARTESIAN_POINT('',(-4.64E0,-1.64E0,2.555E0));
#440=LINE('',#439,#438);
#441=DIRECTION('',(-1.E0,0.E0,0.E0));
#442=VECTOR('',#441,2.8E-1);
#443=CARTESIAN_POINT('',(-4.36E0,-1.36E0,2.555E0));
#444=LINE('',#443,#442);
#445=DIRECTION('',(0.E0,-1.E0,0.E0));
#446=VECTOR('',#445,2.8E-1);
#447=CARTESIAN_POINT('',(-4.36E0,-1.36E0,2.555E0));
#448=LINE('',#447,#446);
#449=DIRECTION('',(-1.744369497455E-1,1.744369497455E-1,9.690941652528E-1));
#450=VECTOR('',#449,1.031891467161E0);
#451=CARTESIAN_POINT('',(-4.18E0,-1.82E0,1.555E0));
#452=LINE('',#451,#450);
#453=DIRECTION('',(-1.744369497455E-1,-1.744369497455E-1,-9.690941652528E-1));
#454=VECTOR('',#453,1.031891467161E0);
#455=CARTESIAN_POINT('',(-4.64E0,-1.64E0,2.555E0));
#456=LINE('',#455,#454);
#457=DIRECTION('',(-1.E0,0.E0,0.E0));
#458=VECTOR('',#457,6.4E-1);
#459=CARTESIAN_POINT('',(-4.18E0,-1.82E0,1.555E0));
#460=LINE('',#459,#458);
#461=DIRECTION('',(0.E0,0.E0,1.E0));
#462=VECTOR('',#461,1.95E0);
#463=CARTESIAN_POINT('',(-4.18E0,1.82E0,-6.905E0));
#464=LINE('',#463,#462);
#465=DIRECTION('',(0.E0,1.E0,0.E0));
#466=VECTOR('',#465,1.E0);
#467=CARTESIAN_POINT('',(-4.18E0,8.2E-1,-6.905E0));
#468=LINE('',#467,#466);
#469=DIRECTION('',(0.E0,9.038807571657E-1,4.277844981127E-1));
#470=VECTOR('',#469,4.547059960528E0);
#471=CARTESIAN_POINT('',(-4.18E0,-3.29E0,-8.850161763103E0));
#472=LINE('',#471,#470);
#473=DIRECTION('',(0.E0,0.E0,1.E0));
#474=VECTOR('',#473,1.274838236897E0);
#475=CARTESIAN_POINT('',(-4.18E0,-3.29E0,-1.0125E1));
#476=LINE('',#475,#474);
#477=CARTESIAN_POINT('',(-4.18E0,-3.61E0,-1.0125E1));
#478=DIRECTION('',(1.E0,0.E0,0.E0));
#479=DIRECTION('',(0.E0,-1.E0,0.E0));
#480=AXIS2_PLACEMENT_3D('',#477,#478,#479);
#482=DIRECTION('',(0.E0,0.E0,-1.E0));
#483=VECTOR('',#482,1.68E0);
#484=CARTESIAN_POINT('',(-4.18E0,-3.93E0,-8.445E0));
#485=LINE('',#484,#483);
#486=DIRECTION('',(0.E0,-9.038807571657E-1,-4.277844981127E-1));
#487=VECTOR('',#486,5.336867956104E0);
#488=CARTESIAN_POINT('',(-4.18E0,8.938922490563E-1,-6.161970619905E0));
#489=LINE('',#488,#487);
#490=CARTESIAN_POINT('',(-4.18E0,6.8E-1,-5.710030241322E0));
#491=DIRECTION('',(-1.E0,0.E0,0.E0));
#492=DIRECTION('',(0.E0,1.E0,0.E0));
#493=AXIS2_PLACEMENT_3D('',#490,#491,#492);
#495=DIRECTION('',(0.E0,0.E0,-1.E0));
#496=VECTOR('',#495,1.425030241322E0);
#497=CARTESIAN_POINT('',(-4.18E0,1.18E0,-4.285E0));
#498=LINE('',#497,#496);
#499=DIRECTION('',(0.E0,0.E0,1.E0));
#500=VECTOR('',#499,6.7E-1);
#501=CARTESIAN_POINT('',(-4.18E0,3.2E-1,-4.955E0));
#502=LINE('',#501,#500);
#503=DIRECTION('',(0.E0,1.E0,0.E0));
#504=VECTOR('',#503,6.4E-1);
#505=CARTESIAN_POINT('',(-4.18E0,-3.2E-1,-4.955E0));
#506=LINE('',#505,#504);
#507=DIRECTION('',(0.E0,0.E0,-1.E0));
#508=VECTOR('',#507,6.7E-1);
#509=CARTESIAN_POINT('',(-4.18E0,-3.2E-1,-4.285E0));
#510=LINE('',#509,#508);
#511=DIRECTION('',(0.E0,0.E0,1.E0));
#512=VECTOR('',#511,4.7E-1);
#513=CARTESIAN_POINT('',(-4.18E0,-3.29E0,-5.425E0));
#514=LINE('',#513,#512);
#515=CARTESIAN_POINT('',(-4.18E0,-3.61E0,-5.425E0));
#516=DIRECTION('',(1.E0,0.E0,0.E0));
#517=DIRECTION('',(0.E0,-1.E0,0.E0));
#518=AXIS2_PLACEMENT_3D('',#515,#516,#517);
#520=DIRECTION('',(0.E0,0.E0,-1.E0));
#521=VECTOR('',#520,1.68E0);
#522=CARTESIAN_POINT('',(-4.18E0,-3.93E0,-3.745E0));
#523=LINE('',#522,#521);
#524=DIRECTION('',(0.E0,-1.E0,0.E0));
#525=VECTOR('',#524,5.E-1);
#526=CARTESIAN_POINT('',(-4.18E0,-3.43E0,-3.745E0));
#527=LINE('',#526,#525);
#528=DIRECTION('',(0.E0,-1.E0,0.E0));
#529=VECTOR('',#528,6.4E-1);
#530=CARTESIAN_POINT('',(-4.18E0,1.82E0,1.555E0));
#531=LINE('',#530,#529);
#532=DIRECTION('',(0.E0,0.E0,1.E0));
#533=VECTOR('',#532,3.2E0);
#534=CARTESIAN_POINT('',(-4.18E0,1.82E0,-1.645E0));
#535=LINE('',#534,#533);
#536=DIRECTION('',(0.E0,0.E0,-1.E0));
#537=VECTOR('',#536,3.2E0);
#538=CARTESIAN_POINT('',(-4.18E0,1.18E0,1.555E0));
#539=LINE('',#538,#537);
#540=DIRECTION('',(0.E0,-1.E0,0.E0));
#541=VECTOR('',#540,6.4E-1);
#542=CARTESIAN_POINT('',(-4.18E0,-1.18E0,1.555E0));
#543=LINE('',#542,#541);
#544=DIRECTION('',(0.E0,0.E0,1.E0));
#545=VECTOR('',#544,3.2E0);
#546=CARTESIAN_POINT('',(-4.18E0,-1.18E0,-1.645E0));
#547=LINE('',#546,#545);
#548=DIRECTION('',(0.E0,0.E0,-1.E0));
#549=VECTOR('',#548,3.2E0);
#550=CARTESIAN_POINT('',(-4.18E0,-1.82E0,1.555E0));
#551=LINE('',#550,#549);
#552=DIRECTION('',(-1.E0,0.E0,0.E0));
#553=VECTOR('',#552,6.4E-1);
#554=CARTESIAN_POINT('',(-4.18E0,8.2E-1,-6.905E0));
#555=LINE('',#554,#553);
#556=DIRECTION('',(0.E0,0.E0,-1.E0));
#557=VECTOR('',#556,1.425030241322E0);
#558=CARTESIAN_POINT('',(-4.82E0,1.18E0,-4.285E0));
#559=LINE('',#558,#557);
#560=CARTESIAN_POINT('',(-4.82E0,6.8E-1,-5.710030241322E0));
#561=DIRECTION('',(-1.E0,0.E0,0.E0));
#562=DIRECTION('',(0.E0,1.E0,0.E0));
#563=AXIS2_PLACEMENT_3D('',#560,#561,#562);
#565=DIRECTION('',(0.E0,-9.038807571657E-1,-4.277844981127E-1));
#566=VECTOR('',#565,5.336867956104E0);
#567=CARTESIAN_POINT('',(-4.82E0,8.938922490563E-1,-6.161970619905E0));
#568=LINE('',#567,#566);
#569=DIRECTION('',(0.E0,0.E0,-1.E0));
#570=VECTOR('',#569,1.68E0);
#571=CARTESIAN_POINT('',(-4.82E0,-3.93E0,-8.445E0));
#572=LINE('',#571,#570);
#573=CARTESIAN_POINT('',(-4.82E0,-3.61E0,-1.0125E1));
#574=DIRECTION('',(1.E0,0.E0,0.E0));
#575=DIRECTION('',(0.E0,-1.E0,0.E0));
#576=AXIS2_PLACEMENT_3D('',#573,#574,#575);
#578=DIRECTION('',(0.E0,0.E0,1.E0));
#579=VECTOR('',#578,1.274838236897E0);
#580=CARTESIAN_POINT('',(-4.82E0,-3.29E0,-1.0125E1));
#581=LINE('',#580,#579);
#582=DIRECTION('',(0.E0,9.038807571657E-1,4.277844981127E-1));
#583=VECTOR('',#582,4.547059960528E0);
#584=CARTESIAN_POINT('',(-4.82E0,-3.29E0,-8.850161763103E0));
#585=LINE('',#584,#583);
#586=DIRECTION('',(0.E0,1.E0,0.E0));
#587=VECTOR('',#586,1.E0);
#588=CARTESIAN_POINT('',(-4.82E0,8.2E-1,-6.905E0));
#589=LINE('',#588,#587);
#590=DIRECTION('',(0.E0,0.E0,1.E0));
#591=VECTOR('',#590,1.95E0);
#592=CARTESIAN_POINT('',(-4.82E0,1.82E0,-6.905E0));
#593=LINE('',#592,#591);
#594=DIRECTION('',(0.E0,0.E0,-1.E0));
#595=VECTOR('',#594,6.7E-1);
#596=CARTESIAN_POINT('',(-4.82E0,-3.2E-1,-4.285E0));
#597=LINE('',#596,#595);
#598=DIRECTION('',(0.E0,1.E0,0.E0));
#599=VECTOR('',#598,6.4E-1);
#600=CARTESIAN_POINT('',(-4.82E0,-3.2E-1,-4.955E0));
#601=LINE('',#600,#599);
#602=DIRECTION('',(0.E0,0.E0,1.E0));
#603=VECTOR('',#602,6.7E-1);
#604=CARTESIAN_POINT('',(-4.82E0,3.2E-1,-4.955E0));
#605=LINE('',#604,#603);
#606=DIRECTION('',(0.E0,-1.E0,0.E0));
#607=VECTOR('',#606,5.E-1);
#608=CARTESIAN_POINT('',(-4.82E0,-3.43E0,-3.745E0));
#609=LINE('',#608,#607);
#610=DIRECTION('',(0.E0,0.E0,-1.E0));
#611=VECTOR('',#610,1.68E0);
#612=CARTESIAN_POINT('',(-4.82E0,-3.93E0,-3.745E0));
#613=LINE('',#612,#611);
#614=CARTESIAN_POINT('',(-4.82E0,-3.61E0,-5.425E0));
#615=DIRECTION('',(1.E0,0.E0,0.E0));
#616=DIRECTION('',(0.E0,-1.E0,0.E0));
#617=AXIS2_PLACEMENT_3D('',#614,#615,#616);
#619=DIRECTION('',(0.E0,0.E0,1.E0));
#620=VECTOR('',#619,4.7E-1);
#621=CARTESIAN_POINT('',(-4.82E0,-3.29E0,-5.425E0));
#622=LINE('',#621,#620);
#623=DIRECTION('',(0.E0,1.E0,0.E0));
#624=VECTOR('',#623,6.4E-1);
#625=CARTESIAN_POINT('',(-4.82E0,1.18E0,1.555E0));
#626=LINE('',#625,#624);
#627=DIRECTION('',(0.E0,0.E0,-1.E0));
#628=VECTOR('',#627,3.2E0);
#629=CARTESIAN_POINT('',(-4.82E0,1.18E0,1.555E0));
#630=LINE('',#629,#628);
#631=DIRECTION('',(0.E0,0.E0,1.E0));
#632=VECTOR('',#631,3.2E0);
#633=CARTESIAN_POINT('',(-4.82E0,1.82E0,-1.645E0));
#634=LINE('',#633,#632);
#635=DIRECTION('',(0.E0,1.E0,0.E0));
#636=VECTOR('',#635,6.4E-1);
#637=CARTESIAN_POINT('',(-4.82E0,-1.82E0,1.555E0));
#638=LINE('',#637,#636);
#639=DIRECTION('',(0.E0,0.E0,-1.E0));
#640=VECTOR('',#639,3.2E0);
#641=CARTESIAN_POINT('',(-4.82E0,-1.82E0,1.555E0));
#642=LINE('',#641,#640);
#643=DIRECTION('',(0.E0,0.E0,1.E0));
#644=VECTOR('',#643,3.2E0);
#645=CARTESIAN_POINT('',(-4.82E0,-1.18E0,-1.645E0));
#646=LINE('',#645,#644);
#647=DIRECTION('',(-1.E0,0.E0,0.E0));
#648=VECTOR('',#647,6.4E-1);
#649=CARTESIAN_POINT('',(-4.18E0,1.18E0,1.555E0));
#650=LINE('',#649,#648);
#651=DIRECTION('',(-1.E0,0.E0,0.E0));
#652=VECTOR('',#651,6.4E-1);
#653=CARTESIAN_POINT('',(-4.18E0,1.18E0,-5.710030241322E0));
#654=LINE('',#653,#652);
#655=DIRECTION('',(-1.E0,0.E0,0.E0));
#656=VECTOR('',#655,6.4E-1);
#657=CARTESIAN_POINT('',(-4.18E0,8.938922490563E-1,-6.161970619905E0));
#658=LINE('',#657,#656);
#659=DIRECTION('',(-1.E0,0.E0,0.E0));
#660=VECTOR('',#659,6.4E-1);
#661=CARTESIAN_POINT('',(-4.18E0,-3.93E0,-8.445E0));
#662=LINE('',#661,#660);
#663=DIRECTION('',(-1.E0,0.E0,0.E0));
#664=VECTOR('',#663,6.4E-1);
#665=CARTESIAN_POINT('',(-4.18E0,-3.93E0,-1.0125E1));
#666=LINE('',#665,#664);
#667=DIRECTION('',(-1.E0,0.E0,0.E0));
#668=VECTOR('',#667,6.4E-1);
#669=CARTESIAN_POINT('',(-4.18E0,-3.29E0,-1.0125E1));
#670=LINE('',#669,#668);
#671=DIRECTION('',(-1.E0,0.E0,0.E0));
#672=VECTOR('',#671,6.4E-1);
#673=CARTESIAN_POINT('',(-4.18E0,-3.29E0,-8.850161763103E0));
#674=LINE('',#673,#672);
#675=DIRECTION('',(-1.744369497455E-1,1.744369497455E-1,9.690941652528E-1));
#676=VECTOR('',#675,1.031891467161E0);
#677=CARTESIAN_POINT('',(-4.18E0,1.18E0,1.555E0));
#678=LINE('',#677,#676);
#679=DIRECTION('',(-1.744369497455E-1,-1.744369497455E-1,-9.690941652528E-1));
#680=VECTOR('',#679,1.031891467161E0);
#681=CARTESIAN_POINT('',(-4.64E0,1.36E0,2.555E0));
#682=LINE('',#681,#680);
#683=DIRECTION('',(-1.E0,0.E0,0.E0));
#684=VECTOR('',#683,2.8E-1);
#685=CARTESIAN_POINT('',(-4.36E0,1.36E0,2.555E0));
#686=LINE('',#685,#684);
#687=DIRECTION('',(0.E0,1.E0,0.E0));
#688=VECTOR('',#687,2.8E-1);
#689=CARTESIAN_POINT('',(-4.64E0,1.36E0,2.555E0));
#690=LINE('',#689,#688);
#691=DIRECTION('',(-1.E0,0.E0,0.E0));
#692=VECTOR('',#691,2.8E-1);
#693=CARTESIAN_POINT('',(-4.36E0,1.64E0,2.555E0));
#694=LINE('',#693,#692);
#695=DIRECTION('',(0.E0,-1.E0,0.E0));
#696=VECTOR('',#695,2.8E-1);
#697=CARTESIAN_POINT('',(-4.36E0,1.64E0,2.555E0));
#698=LINE('',#697,#696);
#699=DIRECTION('',(-1.744369497455E-1,1.744369497455E-1,-9.690941652528E-1));
#700=VECTOR('',#699,1.031891467161E0);
#701=CARTESIAN_POINT('',(-4.64E0,1.64E0,2.555E0));
#702=LINE('',#701,#700);
#703=DIRECTION('',(1.744369497455E-1,1.744369497455E-1,-9.690941652528E-1));
#704=VECTOR('',#703,1.031891467161E0);
#705=CARTESIAN_POINT('',(-4.36E0,1.64E0,2.555E0));
#706=LINE('',#705,#704);
#707=DIRECTION('',(0.E0,-1.E0,0.E0));
#708=VECTOR('',#707,1.84E0);
#709=CARTESIAN_POINT('',(3.23E0,2.77E0,-1.645E0));
#710=LINE('',#709,#708);
#711=DIRECTION('',(-1.E0,0.E0,0.E0));
#712=VECTOR('',#711,2.54E0);
#713=CARTESIAN_POINT('',(5.77E0,2.77E0,-1.645E0));
#714=LINE('',#713,#712);
#715=DIRECTION('',(0.E0,1.E0,0.E0));
#716=VECTOR('',#715,2.54E0);
#717=CARTESIAN_POINT('',(5.77E0,2.3E-1,-1.645E0));
#718=LINE('',#717,#716);
#719=DIRECTION('',(1.E0,0.E0,0.E0));
#720=VECTOR('',#719,1.84E0);
#721=CARTESIAN_POINT('',(3.93E0,2.3E-1,-1.645E0));
#722=LINE('',#721,#720);
#723=DIRECTION('',(7.071067811865E-1,-7.071067811865E-1,0.E0));
#724=VECTOR('',#723,9.899494936612E-1);
#725=CARTESIAN_POINT('',(3.23E0,9.3E-1,-1.645E0));
#726=LINE('',#725,#724);
#727=DIRECTION('',(-1.E0,0.E0,0.E0));
#728=VECTOR('',#727,2.54E0);
#729=CARTESIAN_POINT('',(5.77E0,-2.3E-1,-1.645E0));
#730=LINE('',#729,#728);
#731=DIRECTION('',(0.E0,1.E0,0.E0));
#732=VECTOR('',#731,2.54E0);
#733=CARTESIAN_POINT('',(5.77E0,-2.77E0,-1.645E0));
#734=LINE('',#733,#732);
#735=DIRECTION('',(1.E0,0.E0,0.E0));
#736=VECTOR('',#735,1.84E0);
#737=CARTESIAN_POINT('',(3.93E0,-2.77E0,-1.645E0));
#738=LINE('',#737,#736);
#739=DIRECTION('',(7.071067811865E-1,-7.071067811865E-1,0.E0));
#740=VECTOR('',#739,9.899494936612E-1);
#741=CARTESIAN_POINT('',(3.23E0,-2.07E0,-1.645E0));
#742=LINE('',#741,#740);
#743=DIRECTION('',(0.E0,-1.E0,0.E0));
#744=VECTOR('',#743,1.84E0);
#745=CARTESIAN_POINT('',(3.23E0,-2.3E-1,-1.645E0));
#746=LINE('',#745,#744);
#747=DIRECTION('',(0.E0,-1.E0,0.E0));
#748=VECTOR('',#747,2.54E0);
#749=CARTESIAN_POINT('',(2.3E-1,-2.3E-1,-1.645E0));
#750=LINE('',#749,#748);
#751=DIRECTION('',(-1.E0,0.E0,0.E0));
#752=VECTOR('',#751,2.54E0);
#753=CARTESIAN_POINT('',(2.77E0,-2.3E-1,-1.645E0));
#754=LINE('',#753,#752);
#755=DIRECTION('',(0.E0,1.E0,0.E0));
#756=VECTOR('',#755,1.84E0);
#757=CARTESIAN_POINT('',(2.77E0,-2.07E0,-1.645E0));
#758=LINE('',#757,#756);
#759=DIRECTION('',(7.071067811865E-1,7.071067811865E-1,0.E0));
#760=VECTOR('',#759,9.899494936612E-1);
#761=CARTESIAN_POINT('',(2.07E0,-2.77E0,-1.645E0));
#762=LINE('',#761,#760);
#763=DIRECTION('',(1.E0,0.E0,0.E0));
#764=VECTOR('',#763,1.84E0);
#765=CARTESIAN_POINT('',(2.3E-1,-2.77E0,-1.645E0));
#766=LINE('',#765,#764);
#767=DIRECTION('',(1.E0,0.E0,0.E0));
#768=VECTOR('',#767,1.84E0);
#769=CARTESIAN_POINT('',(2.3E-1,2.3E-1,-1.645E0));
#770=LINE('',#769,#768);
#771=DIRECTION('',(0.E0,-1.E0,0.E0));
#772=VECTOR('',#771,2.54E0);
#773=CARTESIAN_POINT('',(2.3E-1,2.77E0,-1.645E0));
#774=LINE('',#773,#772);
#775=DIRECTION('',(-1.E0,0.E0,0.E0));
#776=VECTOR('',#775,2.54E0);
#777=CARTESIAN_POINT('',(2.77E0,2.77E0,-1.645E0));
#778=LINE('',#777,#776);
#779=DIRECTION('',(0.E0,1.E0,0.E0));
#780=VECTOR('',#779,1.84E0);
#781=CARTESIAN_POINT('',(2.77E0,9.3E-1,-1.645E0));
#782=LINE('',#781,#780);
#783=DIRECTION('',(7.071067811865E-1,7.071067811865E-1,0.E0));
#784=VECTOR('',#783,9.899494936612E-1);
#785=CARTESIAN_POINT('',(2.07E0,2.3E-1,-1.645E0));
#786=LINE('',#785,#784);
#787=DIRECTION('',(1.E0,0.E0,0.E0));
#788=VECTOR('',#787,1.84E0);
#789=CARTESIAN_POINT('',(-2.07E0,2.3E-1,-1.645E0));
#790=LINE('',#789,#788);
#791=DIRECTION('',(7.071067811865E-1,-7.071067811865E-1,0.E0));
#792=VECTOR('',#791,9.899494936612E-1);
#793=CARTESIAN_POINT('',(-2.77E0,9.3E-1,-1.645E0));
#794=LINE('',#793,#792);
#795=DIRECTION('',(0.E0,-1.E0,0.E0));
#796=VECTOR('',#795,1.84E0);
#797=CARTESIAN_POINT('',(-2.77E0,2.77E0,-1.645E0));
#798=LINE('',#797,#796);
#799=DIRECTION('',(-1.E0,0.E0,0.E0));
#800=VECTOR('',#799,2.54E0);
#801=CARTESIAN_POINT('',(-2.3E-1,2.77E0,-1.645E0));
#802=LINE('',#801,#800);
#803=DIRECTION('',(0.E0,1.E0,0.E0));
#804=VECTOR('',#803,2.54E0);
#805=CARTESIAN_POINT('',(-2.3E-1,2.3E-1,-1.645E0));
#806=LINE('',#805,#804);
#807=DIRECTION('',(-1.E0,0.E0,0.E0));
#808=VECTOR('',#807,2.54E0);
#809=CARTESIAN_POINT('',(-2.3E-1,-2.3E-1,-1.645E0));
#810=LINE('',#809,#808);
#811=DIRECTION('',(0.E0,1.E0,0.E0));
#812=VECTOR('',#811,2.54E0);
#813=CARTESIAN_POINT('',(-2.3E-1,-2.77E0,-1.645E0));
#814=LINE('',#813,#812);
#815=DIRECTION('',(1.E0,0.E0,0.E0));
#816=VECTOR('',#815,1.84E0);
#817=CARTESIAN_POINT('',(-2.07E0,-2.77E0,-1.645E0));
#818=LINE('',#817,#816);
#819=DIRECTION('',(7.071067811865E-1,-7.071067811865E-1,0.E0));
#820=VECTOR('',#819,9.899494936612E-1);
#821=CARTESIAN_POINT('',(-2.77E0,-2.07E0,-1.645E0));
#822=LINE('',#821,#820);
#823=DIRECTION('',(0.E0,-1.E0,0.E0));
#824=VECTOR('',#823,1.84E0);
#825=CARTESIAN_POINT('',(-2.77E0,-2.3E-1,-1.645E0));
#826=LINE('',#825,#824);
#827=DIRECTION('',(1.E0,0.E0,0.E0));
#828=VECTOR('',#827,1.84E0);
#829=CARTESIAN_POINT('',(-5.77E0,-2.77E0,-1.645E0));
#830=LINE('',#829,#828);
#831=DIRECTION('',(0.E0,-1.E0,0.E0));
#832=VECTOR('',#831,2.54E0);
#833=CARTESIAN_POINT('',(-5.77E0,-2.3E-1,-1.645E0));
#834=LINE('',#833,#832);
#835=DIRECTION('',(-1.E0,0.E0,0.E0));
#836=VECTOR('',#835,2.54E0);
#837=CARTESIAN_POINT('',(-3.23E0,-2.3E-1,-1.645E0));
#838=LINE('',#837,#836);
#839=DIRECTION('',(0.E0,1.E0,0.E0));
#840=VECTOR('',#839,1.84E0);
#841=CARTESIAN_POINT('',(-3.23E0,-2.07E0,-1.645E0));
#842=LINE('',#841,#840);
#843=DIRECTION('',(7.071067811865E-1,7.071067811865E-1,0.E0));
#844=VECTOR('',#843,9.899494936612E-1);
#845=CARTESIAN_POINT('',(-3.93E0,-2.77E0,-1.645E0));
#846=LINE('',#845,#844);
#847=DIRECTION('',(1.E0,0.E0,0.E0));
#848=VECTOR('',#847,2.54E0);
#849=CARTESIAN_POINT('',(-5.77E0,2.3E-1,-1.645E0));
#850=LINE('',#849,#848);
#851=DIRECTION('',(0.E0,-1.E0,0.E0));
#852=VECTOR('',#851,2.54E0);
#853=CARTESIAN_POINT('',(-5.77E0,2.77E0,-1.645E0));
#854=LINE('',#853,#852);
#855=DIRECTION('',(-1.E0,0.E0,0.E0));
#856=VECTOR('',#855,2.54E0);
#857=CARTESIAN_POINT('',(-3.23E0,2.77E0,-1.645E0));
#858=LINE('',#857,#856);
#859=DIRECTION('',(0.E0,1.E0,0.E0));
#860=VECTOR('',#859,2.54E0);
#861=CARTESIAN_POINT('',(-3.23E0,2.3E-1,-1.645E0));
#862=LINE('',#861,#860);
#863=DIRECTION('',(0.E0,1.E0,0.E0));
#864=VECTOR('',#863,6.4E-1);
#865=CARTESIAN_POINT('',(4.82E0,-1.82E0,-1.645E0));
#866=LINE('',#865,#864);
#867=DIRECTION('',(1.E0,0.E0,0.E0));
#868=VECTOR('',#867,6.4E-1);
#869=CARTESIAN_POINT('',(4.18E0,-1.18E0,-1.645E0));
#870=LINE('',#869,#868);
#871=DIRECTION('',(0.E0,1.E0,0.E0));
#872=VECTOR('',#871,6.4E-1);
#873=CARTESIAN_POINT('',(4.18E0,-1.82E0,-1.645E0));
#874=LINE('',#873,#872);
#875=DIRECTION('',(1.E0,0.E0,0.E0));
#876=VECTOR('',#875,6.4E-1);
#877=CARTESIAN_POINT('',(4.18E0,-1.82E0,-1.645E0));
#878=LINE('',#877,#876);
#879=DIRECTION('',(0.E0,1.E0,0.E0));
#880=VECTOR('',#879,6.4E-1);
#881=CARTESIAN_POINT('',(4.82E0,1.18E0,-1.645E0));
#882=LINE('',#881,#880);
#883=DIRECTION('',(1.E0,0.E0,0.E0));
#884=VECTOR('',#883,6.4E-1);
#885=CARTESIAN_POINT('',(4.18E0,1.82E0,-1.645E0));
#886=LINE('',#885,#884);
#887=DIRECTION('',(0.E0,1.E0,0.E0));
#888=VECTOR('',#887,6.4E-1);
#889=CARTESIAN_POINT('',(4.18E0,1.18E0,-1.645E0));
#890=LINE('',#889,#888);
#891=DIRECTION('',(1.E0,0.E0,0.E0));
#892=VECTOR('',#891,6.4E-1);
#893=CARTESIAN_POINT('',(4.18E0,1.18E0,-1.645E0));
#894=LINE('',#893,#892);
#895=DIRECTION('',(0.E0,1.E0,0.E0));
#896=VECTOR('',#895,6.4E-1);
#897=CARTESIAN_POINT('',(1.82E0,-1.82E0,-1.645E0));
#898=LINE('',#897,#896);
#899=DIRECTION('',(1.E0,0.E0,0.E0));
#900=VECTOR('',#899,6.4E-1);
#901=CARTESIAN_POINT('',(1.18E0,-1.18E0,-1.645E0));
#902=LINE('',#901,#900);
#903=DIRECTION('',(0.E0,1.E0,0.E0));
#904=VECTOR('',#903,6.4E-1);
#905=CARTESIAN_POINT('',(1.18E0,-1.82E0,-1.645E0));
#906=LINE('',#905,#904);
#907=DIRECTION('',(1.E0,0.E0,0.E0));
#908=VECTOR('',#907,6.4E-1);
#909=CARTESIAN_POINT('',(1.18E0,-1.82E0,-1.645E0));
#910=LINE('',#909,#908);
#911=DIRECTION('',(0.E0,1.E0,0.E0));
#912=VECTOR('',#911,6.4E-1);
#913=CARTESIAN_POINT('',(1.82E0,1.18E0,-1.645E0));
#914=LINE('',#913,#912);
#915=DIRECTION('',(1.E0,0.E0,0.E0));
#916=VECTOR('',#915,6.4E-1);
#917=CARTESIAN_POINT('',(1.18E0,1.82E0,-1.645E0));
#918=LINE('',#917,#916);
#919=DIRECTION('',(0.E0,1.E0,0.E0));
#920=VECTOR('',#919,6.4E-1);
#921=CARTESIAN_POINT('',(1.18E0,1.18E0,-1.645E0));
#922=LINE('',#921,#920);
#923=DIRECTION('',(1.E0,0.E0,0.E0));
#924=VECTOR('',#923,6.4E-1);
#925=CARTESIAN_POINT('',(1.18E0,1.18E0,-1.645E0));
#926=LINE('',#925,#924);
#927=DIRECTION('',(0.E0,1.E0,0.E0));
#928=VECTOR('',#927,6.4E-1);
#929=CARTESIAN_POINT('',(-1.18E0,-1.82E0,-1.645E0));
#930=LINE('',#929,#928);
#931=DIRECTION('',(1.E0,0.E0,0.E0));
#932=VECTOR('',#931,6.4E-1);
#933=CARTESIAN_POINT('',(-1.82E0,-1.18E0,-1.645E0));
#934=LINE('',#933,#932);
#935=DIRECTION('',(0.E0,1.E0,0.E0));
#936=VECTOR('',#935,6.4E-1);
#937=CARTESIAN_POINT('',(-1.82E0,-1.82E0,-1.645E0));
#938=LINE('',#937,#936);
#939=DIRECTION('',(1.E0,0.E0,0.E0));
#940=VECTOR('',#939,6.4E-1);
#941=CARTESIAN_POINT('',(-1.82E0,-1.82E0,-1.645E0));
#942=LINE('',#941,#940);
#943=DIRECTION('',(0.E0,1.E0,0.E0));
#944=VECTOR('',#943,6.4E-1);
#945=CARTESIAN_POINT('',(-1.18E0,1.18E0,-1.645E0));
#946=LINE('',#945,#944);
#947=DIRECTION('',(1.E0,0.E0,0.E0));
#948=VECTOR('',#947,6.4E-1);
#949=CARTESIAN_POINT('',(-1.82E0,1.82E0,-1.645E0));
#950=LINE('',#949,#948);
#951=DIRECTION('',(0.E0,1.E0,0.E0));
#952=VECTOR('',#951,6.4E-1);
#953=CARTESIAN_POINT('',(-1.82E0,1.18E0,-1.645E0));
#954=LINE('',#953,#952);
#955=DIRECTION('',(1.E0,0.E0,0.E0));
#956=VECTOR('',#955,6.4E-1);
#957=CARTESIAN_POINT('',(-1.82E0,1.18E0,-1.645E0));
#958=LINE('',#957,#956);
#959=DIRECTION('',(0.E0,1.E0,0.E0));
#960=VECTOR('',#959,6.4E-1);
#961=CARTESIAN_POINT('',(-4.18E0,-1.82E0,-1.645E0));
#962=LINE('',#961,#960);
#963=DIRECTION('',(1.E0,0.E0,0.E0));
#964=VECTOR('',#963,6.4E-1);
#965=CARTESIAN_POINT('',(-4.82E0,-1.18E0,-1.645E0));
#966=LINE('',#965,#964);
#967=DIRECTION('',(0.E0,1.E0,0.E0));
#968=VECTOR('',#967,6.4E-1);
#969=CARTESIAN_POINT('',(-4.82E0,-1.82E0,-1.645E0));
#970=LINE('',#969,#968);
#971=DIRECTION('',(1.E0,0.E0,0.E0));
#972=VECTOR('',#971,6.4E-1);
#973=CARTESIAN_POINT('',(-4.82E0,-1.82E0,-1.645E0));
#974=LINE('',#973,#972);
#975=DIRECTION('',(0.E0,1.E0,0.E0));
#976=VECTOR('',#975,6.4E-1);
#977=CARTESIAN_POINT('',(-4.18E0,1.18E0,-1.645E0));
#978=LINE('',#977,#976);
#979=DIRECTION('',(1.E0,0.E0,0.E0));
#980=VECTOR('',#979,6.4E-1);
#981=CARTESIAN_POINT('',(-4.82E0,1.82E0,-1.645E0));
#982=LINE('',#981,#980);
#983=DIRECTION('',(0.E0,1.E0,0.E0));
#984=VECTOR('',#983,6.4E-1);
#985=CARTESIAN_POINT('',(-4.82E0,1.18E0,-1.645E0));
#986=LINE('',#985,#984);
#987=DIRECTION('',(1.E0,0.E0,0.E0));
#988=VECTOR('',#987,6.4E-1);
#989=CARTESIAN_POINT('',(-4.82E0,1.18E0,-1.645E0));
#990=LINE('',#989,#988);
#991=DIRECTION('',(0.E0,0.E0,-1.E0));
#992=VECTOR('',#991,6.6E0);
#993=CARTESIAN_POINT('',(3.23E0,2.77E0,4.955E0));
#994=LINE('',#993,#992);
#995=DIRECTION('',(0.E0,1.E0,0.E0));
#996=VECTOR('',#995,5.09E0);
#997=CARTESIAN_POINT('',(6.425E0,-2.41E0,4.955E0));
#998=LINE('',#997,#996);
#999=DIRECTION('',(0.E0,-1.E0,0.E0));
#1000=VECTOR('',#999,1.02E0);
#1001=CARTESIAN_POINT('',(6.425E0,-2.41E0,4.955E0));
#1002=LINE('',#1001,#1000);
#1003=DIRECTION('',(0.E0,-1.E0,0.E0));
#1004=VECTOR('',#1003,1.02E0);
#1005=CARTESIAN_POINT('',(-6.425E0,-2.41E0,4.955E0));
#1006=LINE('',#1005,#1004);
#1007=DIRECTION('',(0.E0,1.E0,0.E0));
#1008=VECTOR('',#1007,5.09E0);
#1009=CARTESIAN_POINT('',(-6.425E0,-2.41E0,4.955E0));
#1010=LINE('',#1009,#1008);
#1011=DIRECTION('',(0.E0,-1.E0,0.E0));
#1012=VECTOR('',#1011,7.5E-1);
#1013=CARTESIAN_POINT('',(-6.425E0,3.43E0,4.955E0));
#1014=LINE('',#1013,#1012);
#1015=DIRECTION('',(1.E0,0.E0,0.E0));
#1016=VECTOR('',#1015,1.285E1);
#1017=CARTESIAN_POINT('',(-6.425E0,3.43E0,4.955E0));
#1018=LINE('',#1017,#1016);
#1019=DIRECTION('',(0.E0,-1.E0,0.E0));
#1020=VECTOR('',#1019,7.5E-1);
#1021=CARTESIAN_POINT('',(6.425E0,3.43E0,4.955E0));
#1022=LINE('',#1021,#1020);
#1023=DIRECTION('',(7.071067811865E-1,-7.071067811865E-1,0.E0));
#1024=VECTOR('',#1023,9.899494936612E-1);
#1025=CARTESIAN_POINT('',(3.23E0,9.3E-1,4.955E0));
#1026=LINE('',#1025,#1024);
#1027=DIRECTION('',(1.E0,0.E0,0.E0));
#1028=VECTOR('',#1027,1.84E0);
#1029=CARTESIAN_POINT('',(3.93E0,2.3E-1,4.955E0));
#1030=LINE('',#1029,#1028);
#1031=DIRECTION('',(0.E0,1.E0,0.E0));
#1032=VECTOR('',#1031,2.54E0);
#1033=CARTESIAN_POINT('',(5.77E0,2.3E-1,4.955E0));
#1034=LINE('',#1033,#1032);
#1035=DIRECTION('',(-1.E0,0.E0,0.E0));
#1036=VECTOR('',#1035,2.54E0);
#1037=CARTESIAN_POINT('',(5.77E0,2.77E0,4.955E0));
#1038=LINE('',#1037,#1036);
#1039=DIRECTION('',(0.E0,-1.E0,0.E0));
#1040=VECTOR('',#1039,1.84E0);
#1041=CARTESIAN_POINT('',(3.23E0,2.77E0,4.955E0));
#1042=LINE('',#1041,#1040);
#1043=DIRECTION('',(-1.E0,0.E0,0.E0));
#1044=VECTOR('',#1043,2.54E0);
#1045=CARTESIAN_POINT('',(5.77E0,-2.3E-1,4.955E0));
#1046=LINE('',#1045,#1044);
#1047=DIRECTION('',(0.E0,-1.E0,0.E0));
#1048=VECTOR('',#1047,1.84E0);
#1049=CARTESIAN_POINT('',(3.23E0,-2.3E-1,4.955E0));
#1050=LINE('',#1049,#1048);
#1051=DIRECTION('',(7.071067811865E-1,-7.071067811865E-1,0.E0));
#1052=VECTOR('',#1051,9.899494936612E-1);
#1053=CARTESIAN_POINT('',(3.23E0,-2.07E0,4.955E0));
#1054=LINE('',#1053,#1052);
#1055=DIRECTION('',(1.E0,0.E0,0.E0));
#1056=VECTOR('',#1055,1.84E0);
#1057=CARTESIAN_POINT('',(3.93E0,-2.77E0,4.955E0));
#1058=LINE('',#1057,#1056);
#1059=DIRECTION('',(0.E0,1.E0,0.E0));
#1060=VECTOR('',#1059,2.54E0);
#1061=CARTESIAN_POINT('',(5.77E0,-2.77E0,4.955E0));
#1062=LINE('',#1061,#1060);
#1063=DIRECTION('',(1.E0,0.E0,0.E0));
#1064=VECTOR('',#1063,1.84E0);
#1065=CARTESIAN_POINT('',(-5.77E0,-2.77E0,4.955E0));
#1066=LINE('',#1065,#1064);
#1067=DIRECTION('',(7.071067811865E-1,7.071067811865E-1,0.E0));
#1068=VECTOR('',#1067,9.899494936612E-1);
#1069=CARTESIAN_POINT('',(-3.93E0,-2.77E0,4.955E0));
#1070=LINE('',#1069,#1068);
#1071=DIRECTION('',(0.E0,1.E0,0.E0));
#1072=VECTOR('',#1071,1.84E0);
#1073=CARTESIAN_POINT('',(-3.23E0,-2.07E0,4.955E0));
#1074=LINE('',#1073,#1072);
#1075=DIRECTION('',(-1.E0,0.E0,0.E0));
#1076=VECTOR('',#1075,2.54E0);
#1077=CARTESIAN_POINT('',(-3.23E0,-2.3E-1,4.955E0));
#1078=LINE('',#1077,#1076);
#1079=DIRECTION('',(0.E0,-1.E0,0.E0));
#1080=VECTOR('',#1079,2.54E0);
#1081=CARTESIAN_POINT('',(-5.77E0,-2.3E-1,4.955E0));
#1082=LINE('',#1081,#1080);
#1083=DIRECTION('',(1.E0,0.E0,0.E0));
#1084=VECTOR('',#1083,2.54E0);
#1085=CARTESIAN_POINT('',(-5.77E0,2.3E-1,4.955E0));
#1086=LINE('',#1085,#1084);
#1087=DIRECTION('',(0.E0,1.E0,0.E0));
#1088=VECTOR('',#1087,2.54E0);
#1089=CARTESIAN_POINT('',(-3.23E0,2.3E-1,4.955E0));
#1090=LINE('',#1089,#1088);
#1091=DIRECTION('',(-1.E0,0.E0,0.E0));
#1092=VECTOR('',#1091,2.54E0);
#1093=CARTESIAN_POINT('',(-3.23E0,2.77E0,4.955E0));
#1094=LINE('',#1093,#1092);
#1095=DIRECTION('',(0.E0,-1.E0,0.E0));
#1096=VECTOR('',#1095,2.54E0);
#1097=CARTESIAN_POINT('',(-5.77E0,2.77E0,4.955E0));
#1098=LINE('',#1097,#1096);
#1099=DIRECTION('',(0.E0,-1.E0,0.E0));
#1100=VECTOR('',#1099,2.54E0);
#1101=CARTESIAN_POINT('',(2.3E-1,-2.3E-1,4.955E0));
#1102=LINE('',#1101,#1100);
#1103=DIRECTION('',(1.E0,0.E0,0.E0));
#1104=VECTOR('',#1103,1.84E0);
#1105=CARTESIAN_POINT('',(2.3E-1,-2.77E0,4.955E0));
#1106=LINE('',#1105,#1104);
#1107=DIRECTION('',(7.071067811865E-1,7.071067811865E-1,0.E0));
#1108=VECTOR('',#1107,9.899494936612E-1);
#1109=CARTESIAN_POINT('',(2.07E0,-2.77E0,4.955E0));
#1110=LINE('',#1109,#1108);
#1111=DIRECTION('',(0.E0,1.E0,0.E0));
#1112=VECTOR('',#1111,1.84E0);
#1113=CARTESIAN_POINT('',(2.77E0,-2.07E0,4.955E0));
#1114=LINE('',#1113,#1112);
#1115=DIRECTION('',(-1.E0,0.E0,0.E0));
#1116=VECTOR('',#1115,2.54E0);
#1117=CARTESIAN_POINT('',(2.77E0,-2.3E-1,4.955E0));
#1118=LINE('',#1117,#1116);
#1119=DIRECTION('',(1.E0,0.E0,0.E0));
#1120=VECTOR('',#1119,1.84E0);
#1121=CARTESIAN_POINT('',(2.3E-1,2.3E-1,4.955E0));
#1122=LINE('',#1121,#1120);
#1123=DIRECTION('',(7.071067811865E-1,7.071067811865E-1,0.E0));
#1124=VECTOR('',#1123,9.899494936612E-1);
#1125=CARTESIAN_POINT('',(2.07E0,2.3E-1,4.955E0));
#1126=LINE('',#1125,#1124);
#1127=DIRECTION('',(0.E0,1.E0,0.E0));
#1128=VECTOR('',#1127,1.84E0);
#1129=CARTESIAN_POINT('',(2.77E0,9.3E-1,4.955E0));
#1130=LINE('',#1129,#1128);
#1131=DIRECTION('',(-1.E0,0.E0,0.E0));
#1132=VECTOR('',#1131,2.54E0);
#1133=CARTESIAN_POINT('',(2.77E0,2.77E0,4.955E0));
#1134=LINE('',#1133,#1132);
#1135=DIRECTION('',(0.E0,-1.E0,0.E0));
#1136=VECTOR('',#1135,2.54E0);
#1137=CARTESIAN_POINT('',(2.3E-1,2.77E0,4.955E0));
#1138=LINE('',#1137,#1136);
#1139=DIRECTION('',(1.E0,0.E0,0.E0));
#1140=VECTOR('',#1139,1.84E0);
#1141=CARTESIAN_POINT('',(-2.07E0,2.3E-1,4.955E0));
#1142=LINE('',#1141,#1140);
#1143=DIRECTION('',(0.E0,1.E0,0.E0));
#1144=VECTOR('',#1143,2.54E0);
#1145=CARTESIAN_POINT('',(-2.3E-1,2.3E-1,4.955E0));
#1146=LINE('',#1145,#1144);
#1147=DIRECTION('',(-1.E0,0.E0,0.E0));
#1148=VECTOR('',#1147,2.54E0);
#1149=CARTESIAN_POINT('',(-2.3E-1,2.77E0,4.955E0));
#1150=LINE('',#1149,#1148);
#1151=DIRECTION('',(0.E0,-1.E0,0.E0));
#1152=VECTOR('',#1151,1.84E0);
#1153=CARTESIAN_POINT('',(-2.77E0,2.77E0,4.955E0));
#1154=LINE('',#1153,#1152);
#1155=DIRECTION('',(7.071067811865E-1,-7.071067811865E-1,0.E0));
#1156=VECTOR('',#1155,9.899494936612E-1);
#1157=CARTESIAN_POINT('',(-2.77E0,9.3E-1,4.955E0));
#1158=LINE('',#1157,#1156);
#1159=DIRECTION('',(-1.E0,0.E0,0.E0));
#1160=VECTOR('',#1159,2.54E0);
#1161=CARTESIAN_POINT('',(-2.3E-1,-2.3E-1,4.955E0));
#1162=LINE('',#1161,#1160);
#1163=DIRECTION('',(0.E0,-1.E0,0.E0));
#1164=VECTOR('',#1163,1.84E0);
#1165=CARTESIAN_POINT('',(-2.77E0,-2.3E-1,4.955E0));
#1166=LINE('',#1165,#1164);
#1167=DIRECTION('',(7.071067811865E-1,-7.071067811865E-1,0.E0));
#1168=VECTOR('',#1167,9.899494936612E-1);
#1169=CARTESIAN_POINT('',(-2.77E0,-2.07E0,4.955E0));
#1170=LINE('',#1169,#1168);
#1171=DIRECTION('',(1.E0,0.E0,0.E0));
#1172=VECTOR('',#1171,1.84E0);
#1173=CARTESIAN_POINT('',(-2.07E0,-2.77E0,4.955E0));
#1174=LINE('',#1173,#1172);
#1175=DIRECTION('',(0.E0,1.E0,0.E0));
#1176=VECTOR('',#1175,2.54E0);
#1177=CARTESIAN_POINT('',(-2.3E-1,-2.77E0,4.955E0));
#1178=LINE('',#1177,#1176);
#1179=DIRECTION('',(0.E0,0.E0,-1.E0));
#1180=VECTOR('',#1179,2.75E0);
#1181=CARTESIAN_POINT('',(6.425E0,5.75E-1,-1.95E-1));
#1182=LINE('',#1181,#1180);
#1183=DIRECTION('',(0.E0,1.E0,0.E0));
#1184=VECTOR('',#1183,5.25E-1);
#1185=CARTESIAN_POINT('',(6.425E0,-1.1E0,-1.95E-1));
#1186=LINE('',#1185,#1184);
#1187=DIRECTION('',(0.E0,0.E0,-1.E0));
#1188=VECTOR('',#1187,3.5E0);
#1189=CARTESIAN_POINT('',(6.425E0,-1.1E0,3.305E0));
#1190=LINE('',#1189,#1188);
#1191=DIRECTION('',(0.E0,-1.E0,0.E0));
#1192=VECTOR('',#1191,1.31E0);
#1193=CARTESIAN_POINT('',(6.425E0,-1.1E0,3.305E0));
#1194=LINE('',#1193,#1192);
#1195=DIRECTION('',(0.E0,-1.E0,0.E0));
#1196=VECTOR('',#1195,1.58E0);
#1197=CARTESIAN_POINT('',(6.425E0,2.68E0,3.305E0));
#1198=LINE('',#1197,#1196);
#1199=DIRECTION('',(0.E0,0.E0,1.E0));
#1200=VECTOR('',#1199,3.5E0);
#1201=CARTESIAN_POINT('',(6.425E0,1.1E0,-1.95E-1));
#1202=LINE('',#1201,#1200);
#1203=DIRECTION('',(0.E0,1.E0,0.E0));
#1204=VECTOR('',#1203,5.25E-1);
#1205=CARTESIAN_POINT('',(6.425E0,5.75E-1,-1.95E-1));
#1206=LINE('',#1205,#1204);
#1207=DIRECTION('',(-1.E0,0.E0,0.E0));
#1208=VECTOR('',#1207,1.E0);
#1209=CARTESIAN_POINT('',(7.825E0,5.75E-1,-2.695E0));
#1210=LINE('',#1209,#1208);
#1211=DIRECTION('',(0.E0,0.E0,-1.E0));
#1212=VECTOR('',#1211,2.5E-1);
#1213=CARTESIAN_POINT('',(6.825E0,5.75E-1,-2.695E0));
#1214=LINE('',#1213,#1212);
#1215=DIRECTION('',(0.E0,1.E0,0.E0));
#1216=VECTOR('',#1215,1.75E-1);
#1217=CARTESIAN_POINT('',(6.825E0,-5.75E-1,-2.695E0));
#1218=LINE('',#1217,#1216);
#1219=DIRECTION('',(1.E0,0.E0,0.E0));
#1220=VECTOR('',#1219,3.E-1);
#1221=CARTESIAN_POINT('',(6.825E0,-4.E-1,-2.695E0));
#1222=LINE('',#1221,#1220);
#1223=DIRECTION('',(0.E0,1.E0,0.E0));
#1224=VECTOR('',#1223,8.E-1);
#1225=CARTESIAN_POINT('',(7.125E0,-4.E-1,-2.695E0));
#1226=LINE('',#1225,#1224);
#1227=DIRECTION('',(-1.E0,0.E0,0.E0));
#1228=VECTOR('',#1227,3.E-1);
#1229=CARTESIAN_POINT('',(7.125E0,4.E-1,-2.695E0));
#1230=LINE('',#1229,#1228);
#1231=DIRECTION('',(0.E0,-1.E0,0.E0));
#1232=VECTOR('',#1231,1.75E-1);
#1233=CARTESIAN_POINT('',(6.825E0,5.75E-1,-2.695E0));
#1234=LINE('',#1233,#1232);
#1235=DIRECTION('',(-1.E0,0.E0,0.E0));
#1236=VECTOR('',#1235,1.E0);
#1237=CARTESIAN_POINT('',(7.825E0,-5.75E-1,-2.695E0));
#1238=LINE('',#1237,#1236);
#1239=DIRECTION('',(0.E0,0.E0,-1.E0));
#1240=VECTOR('',#1239,2.5E-1);
#1241=CARTESIAN_POINT('',(6.825E0,-5.75E-1,-2.695E0));
#1242=LINE('',#1241,#1240);
#1243=DIRECTION('',(0.E0,0.E0,-1.E0));
#1244=VECTOR('',#1243,2.75E0);
#1245=CARTESIAN_POINT('',(6.425E0,-5.75E-1,-1.95E-1));
#1246=LINE('',#1245,#1244);
#1247=DIRECTION('',(-1.E0,0.E0,0.E0));
#1248=VECTOR('',#1247,1.4E0);
#1249=CARTESIAN_POINT('',(7.825E0,-5.75E-1,-1.95E-1));
#1250=LINE('',#1249,#1248);
#1251=DIRECTION('',(-1.E0,0.E0,0.E0));
#1252=VECTOR('',#1251,4.E-1);
#1253=CARTESIAN_POINT('',(6.825E0,5.75E-1,-2.945E0));
#1254=LINE('',#1253,#1252);
#1255=DIRECTION('',(0.E0,1.E0,0.E0));
#1256=VECTOR('',#1255,1.75E-1);
#1257=CARTESIAN_POINT('',(6.825E0,4.E-1,-2.945E0));
#1258=LINE('',#1257,#1256);
#1259=DIRECTION('',(-1.E0,0.E0,0.E0));
#1260=VECTOR('',#1259,3.E-1);
#1261=CARTESIAN_POINT('',(7.125E0,4.E-1,-2.945E0));
#1262=LINE('',#1261,#1260);
#1263=DIRECTION('',(0.E0,1.E0,0.E0));
#1264=VECTOR('',#1263,8.E-1);
#1265=CARTESIAN_POINT('',(7.125E0,-4.E-1,-2.945E0));
#1266=LINE('',#1265,#1264);
#1267=DIRECTION('',(1.E0,0.E0,0.E0));
#1268=VECTOR('',#1267,3.E-1);
#1269=CARTESIAN_POINT('',(6.825E0,-4.E-1,-2.945E0));
#1270=LINE('',#1269,#1268);
#1271=DIRECTION('',(0.E0,1.E0,0.E0));
#1272=VECTOR('',#1271,1.75E-1);
#1273=CARTESIAN_POINT('',(6.825E0,-5.75E-1,-2.945E0));
#1274=LINE('',#1273,#1272);
#1275=DIRECTION('',(1.E0,0.E0,0.E0));
#1276=VECTOR('',#1275,4.E-1);
#1277=CARTESIAN_POINT('',(6.425E0,-5.75E-1,-2.945E0));
#1278=LINE('',#1277,#1276);
#1279=DIRECTION('',(0.E0,-1.E0,0.E0));
#1280=VECTOR('',#1279,1.15E0);
#1281=CARTESIAN_POINT('',(6.425E0,5.75E-1,-2.945E0));
#1282=LINE('',#1281,#1280);
#1283=DIRECTION('',(0.E0,-1.E0,0.E0));
#1284=VECTOR('',#1283,1.75E-1);
#1285=CARTESIAN_POINT('',(-6.825E0,5.75E-1,-2.945E0));
#1286=LINE('',#1285,#1284);
#1287=DIRECTION('',(-1.E0,0.E0,0.E0));
#1288=VECTOR('',#1287,4.E-1);
#1289=CARTESIAN_POINT('',(-6.425E0,5.75E-1,-2.945E0));
#1290=LINE('',#1289,#1288);
#1291=DIRECTION('',(0.E0,1.E0,0.E0));
#1292=VECTOR('',#1291,1.15E0);
#1293=CARTESIAN_POINT('',(-6.425E0,-5.75E-1,-2.945E0));
#1294=LINE('',#1293,#1292);
#1295=DIRECTION('',(1.E0,0.E0,0.E0));
#1296=VECTOR('',#1295,4.E-1);
#1297=CARTESIAN_POINT('',(-6.825E0,-5.75E-1,-2.945E0));
#1298=LINE('',#1297,#1296);
#1299=DIRECTION('',(0.E0,-1.E0,0.E0));
#1300=VECTOR('',#1299,1.75E-1);
#1301=CARTESIAN_POINT('',(-6.825E0,-4.E-1,-2.945E0));
#1302=LINE('',#1301,#1300);
#1303=DIRECTION('',(1.E0,0.E0,0.E0));
#1304=VECTOR('',#1303,3.E-1);
#1305=CARTESIAN_POINT('',(-7.125E0,-4.E-1,-2.945E0));
#1306=LINE('',#1305,#1304);
#1307=DIRECTION('',(0.E0,-1.E0,0.E0));
#1308=VECTOR('',#1307,8.E-1);
#1309=CARTESIAN_POINT('',(-7.125E0,4.E-1,-2.945E0));
#1310=LINE('',#1309,#1308);
#1311=DIRECTION('',(-1.E0,0.E0,0.E0));
#1312=VECTOR('',#1311,3.E-1);
#1313=CARTESIAN_POINT('',(-6.825E0,4.E-1,-2.945E0));
#1314=LINE('',#1313,#1312);
#1315=DIRECTION('',(0.E0,0.E0,-1.E0));
#1316=VECTOR('',#1315,2.5E-1);
#1317=CARTESIAN_POINT('',(6.825E0,4.E-1,-2.695E0));
#1318=LINE('',#1317,#1316);
#1319=DIRECTION('',(0.E0,0.E0,-1.E0));
#1320=VECTOR('',#1319,2.5E-1);
#1321=CARTESIAN_POINT('',(7.125E0,4.E-1,-2.695E0));
#1322=LINE('',#1321,#1320);
#1323=DIRECTION('',(0.E0,0.E0,-1.E0));
#1324=VECTOR('',#1323,2.5E-1);
#1325=CARTESIAN_POINT('',(7.125E0,-4.E-1,-2.695E0));
#1326=LINE('',#1325,#1324);
#1327=DIRECTION('',(0.E0,0.E0,-1.E0));
#1328=VECTOR('',#1327,2.5E-1);
#1329=CARTESIAN_POINT('',(6.825E0,-4.E-1,-2.695E0));
#1330=LINE('',#1329,#1328);
#1331=DIRECTION('',(0.E0,0.E0,-1.E0));
#1332=VECTOR('',#1331,2.5E-1);
#1333=CARTESIAN_POINT('',(-6.825E0,5.75E-1,-2.695E0));
#1334=LINE('',#1333,#1332);
#1335=DIRECTION('',(0.E0,-1.E0,0.E0));
#1336=VECTOR('',#1335,1.75E-1);
#1337=CARTESIAN_POINT('',(-6.825E0,5.75E-1,-2.695E0));
#1338=LINE('',#1337,#1336);
#1339=DIRECTION('',(-1.E0,0.E0,0.E0));
#1340=VECTOR('',#1339,3.E-1);
#1341=CARTESIAN_POINT('',(-6.825E0,4.E-1,-2.695E0));
#1342=LINE('',#1341,#1340);
#1343=DIRECTION('',(0.E0,-1.E0,0.E0));
#1344=VECTOR('',#1343,8.E-1);
#1345=CARTESIAN_POINT('',(-7.125E0,4.E-1,-2.695E0));
#1346=LINE('',#1345,#1344);
#1347=DIRECTION('',(1.E0,0.E0,0.E0));
#1348=VECTOR('',#1347,3.E-1);
#1349=CARTESIAN_POINT('',(-7.125E0,-4.E-1,-2.695E0));
#1350=LINE('',#1349,#1348);
#1351=DIRECTION('',(0.E0,1.E0,0.E0));
#1352=VECTOR('',#1351,1.75E-1);
#1353=CARTESIAN_POINT('',(-6.825E0,-5.75E-1,-2.695E0));
#1354=LINE('',#1353,#1352);
#1355=DIRECTION('',(1.E0,0.E0,0.E0));
#1356=VECTOR('',#1355,1.E0);
#1357=CARTESIAN_POINT('',(-7.825E0,-5.75E-1,-2.695E0));
#1358=LINE('',#1357,#1356);
#1359=DIRECTION('',(0.E0,0.E0,-1.E0));
#1360=VECTOR('',#1359,2.5E-1);
#1361=CARTESIAN_POINT('',(-6.825E0,4.E-1,-2.695E0));
#1362=LINE('',#1361,#1360);
#1363=DIRECTION('',(0.E0,0.E0,-1.E0));
#1364=VECTOR('',#1363,2.5E-1);
#1365=CARTESIAN_POINT('',(-7.125E0,4.E-1,-2.695E0));
#1366=LINE('',#1365,#1364);
#1367=DIRECTION('',(0.E0,0.E0,-1.E0));
#1368=VECTOR('',#1367,2.5E-1);
#1369=CARTESIAN_POINT('',(-7.125E0,-4.E-1,-2.695E0));
#1370=LINE('',#1369,#1368);
#1371=DIRECTION('',(0.E0,0.E0,-1.E0));
#1372=VECTOR('',#1371,2.5E-1);
#1373=CARTESIAN_POINT('',(-6.825E0,-4.E-1,-2.695E0));
#1374=LINE('',#1373,#1372);
#1375=DIRECTION('',(0.E0,0.E0,-1.E0));
#1376=VECTOR('',#1375,2.5E-1);
#1377=CARTESIAN_POINT('',(-6.825E0,-5.75E-1,-2.695E0));
#1378=LINE('',#1377,#1376);
#1379=DIRECTION('',(1.E0,0.E0,0.E0));
#1380=VECTOR('',#1379,1.4E0);
#1381=CARTESIAN_POINT('',(-7.825E0,-5.75E-1,-1.95E-1));
#1382=LINE('',#1381,#1380);
#1383=DIRECTION('',(0.E0,0.E0,-1.E0));
#1384=VECTOR('',#1383,2.75E0);
#1385=CARTESIAN_POINT('',(-6.425E0,-5.75E-1,-1.95E-1));
#1386=LINE('',#1385,#1384);
#1387=DIRECTION('',(0.E0,1.E0,0.E0));
#1388=VECTOR('',#1387,5.25E-1);
#1389=CARTESIAN_POINT('',(-6.425E0,5.75E-1,-1.95E-1));
#1390=LINE('',#1389,#1388);
#1391=DIRECTION('',(0.E0,0.E0,1.E0));
#1392=VECTOR('',#1391,3.5E0);
#1393=CARTESIAN_POINT('',(-6.425E0,1.1E0,-1.95E-1));
#1394=LINE('',#1393,#1392);
#1395=DIRECTION('',(0.E0,0.E0,-1.E0));
#1396=VECTOR('',#1395,3.5E0);
#1397=CARTESIAN_POINT('',(-6.425E0,-1.1E0,3.305E0));
#1398=LINE('',#1397,#1396);
#1399=DIRECTION('',(0.E0,1.E0,0.E0));
#1400=VECTOR('',#1399,5.25E-1);
#1401=CARTESIAN_POINT('',(-6.425E0,-1.1E0,-1.95E-1));
#1402=LINE('',#1401,#1400);
#1403=DIRECTION('',(0.E0,0.E0,-1.E0));
#1404=VECTOR('',#1403,2.75E0);
#1405=CARTESIAN_POINT('',(-6.425E0,5.75E-1,-1.95E-1));
#1406=LINE('',#1405,#1404);
#1407=DIRECTION('',(1.E0,0.E0,0.E0));
#1408=VECTOR('',#1407,1.E0);
#1409=CARTESIAN_POINT('',(-7.825E0,5.75E-1,-2.695E0));
#1410=LINE('',#1409,#1408);
#1411=DIRECTION('',(0.E0,0.E0,-1.E0));
#1412=VECTOR('',#1411,3.5E0);
#1413=CARTESIAN_POINT('',(-7.825E0,-1.1E0,3.305E0));
#1414=LINE('',#1413,#1412);
#1415=DIRECTION('',(0.E0,1.E0,0.E0));
#1416=VECTOR('',#1415,1.31E0);
#1417=CARTESIAN_POINT('',(-7.825E0,-2.41E0,3.305E0));
#1418=LINE('',#1417,#1416);
#1419=DIRECTION('',(0.E0,-1.E0,0.E0));
#1420=VECTOR('',#1419,5.2E-1);
#1421=CARTESIAN_POINT('',(-7.825E0,-2.41E0,3.305E0));
#1422=LINE('',#1421,#1420);
#1423=DIRECTION('',(0.E0,0.E0,-1.E0));
#1424=VECTOR('',#1423,6.66E0);
#1425=CARTESIAN_POINT('',(-7.825E0,-2.93E0,3.305E0));
#1426=LINE('',#1425,#1424);
#1427=DIRECTION('',(0.E0,1.E0,0.E0));
#1428=VECTOR('',#1427,6.36E0);
#1429=CARTESIAN_POINT('',(-7.825E0,-2.93E0,-3.355E0));
#1430=LINE('',#1429,#1428);
#1431=DIRECTION('',(0.E0,0.E0,1.E0));
#1432=VECTOR('',#1431,6.66E0);
#1433=CARTESIAN_POINT('',(-7.825E0,3.43E0,-3.355E0));
#1434=LINE('',#1433,#1432);
#1435=DIRECTION('',(0.E0,-1.E0,0.E0));
#1436=VECTOR('',#1435,7.5E-1);
#1437=CARTESIAN_POINT('',(-7.825E0,3.43E0,3.305E0));
#1438=LINE('',#1437,#1436);
#1439=DIRECTION('',(0.E0,1.E0,0.E0));
#1440=VECTOR('',#1439,1.58E0);
#1441=CARTESIAN_POINT('',(-7.825E0,1.1E0,3.305E0));
#1442=LINE('',#1441,#1440);
#1443=DIRECTION('',(0.E0,0.E0,-1.E0));
#1444=VECTOR('',#1443,3.5E0);
#1445=CARTESIAN_POINT('',(-7.825E0,1.1E0,3.305E0));
#1446=LINE('',#1445,#1444);
#1447=DIRECTION('',(0.E0,1.E0,0.E0));
#1448=VECTOR('',#1447,5.25E-1);
#1449=CARTESIAN_POINT('',(-7.825E0,5.75E-1,-1.95E-1));
#1450=LINE('',#1449,#1448);
#1451=DIRECTION('',(0.E0,0.E0,1.E0));
#1452=VECTOR('',#1451,2.5E0);
#1453=CARTESIAN_POINT('',(-7.825E0,5.75E-1,-2.695E0));
#1454=LINE('',#1453,#1452);
#1455=DIRECTION('',(0.E0,1.E0,0.E0));
#1456=VECTOR('',#1455,1.15E0);
#1457=CARTESIAN_POINT('',(-7.825E0,-5.75E-1,-2.695E0));
#1458=LINE('',#1457,#1456);
#1459=DIRECTION('',(0.E0,0.E0,-1.E0));
#1460=VECTOR('',#1459,2.5E0);
#1461=CARTESIAN_POINT('',(-7.825E0,-5.75E-1,-1.95E-1));
#1462=LINE('',#1461,#1460);
#1463=DIRECTION('',(0.E0,1.E0,0.E0));
#1464=VECTOR('',#1463,5.25E-1);
#1465=CARTESIAN_POINT('',(-7.825E0,-1.1E0,-1.95E-1));
#1466=LINE('',#1465,#1464);
#1467=DIRECTION('',(1.E0,0.E0,0.E0));
#1468=VECTOR('',#1467,1.4E0);
#1469=CARTESIAN_POINT('',(-7.825E0,-1.1E0,-1.95E-1));
#1470=LINE('',#1469,#1468);
#1471=DIRECTION('',(-1.E0,0.E0,0.E0));
#1472=VECTOR('',#1471,1.4E0);
#1473=CARTESIAN_POINT('',(-6.425E0,-1.1E0,3.305E0));
#1474=LINE('',#1473,#1472);
#1475=DIRECTION('',(0.E0,-1.E0,0.E0));
#1476=VECTOR('',#1475,1.31E0);
#1477=CARTESIAN_POINT('',(-6.425E0,-1.1E0,3.305E0));
#1478=LINE('',#1477,#1476);
#1479=DIRECTION('',(-1.E0,0.E0,0.E0));
#1480=VECTOR('',#1479,1.4E0);
#1481=CARTESIAN_POINT('',(-6.425E0,1.1E0,3.305E0));
#1482=LINE('',#1481,#1480);
#1483=DIRECTION('',(0.E0,-1.E0,0.E0));
#1484=VECTOR('',#1483,1.58E0);
#1485=CARTESIAN_POINT('',(-6.425E0,2.68E0,3.305E0));
#1486=LINE('',#1485,#1484);
#1487=DIRECTION('',(0.E0,0.E0,1.E0));
#1488=VECTOR('',#1487,1.65E0);
#1489=CARTESIAN_POINT('',(6.425E0,-2.41E0,3.305E0));
#1490=LINE('',#1489,#1488);
#1491=DIRECTION('',(-1.E0,0.E0,0.E0));
#1492=VECTOR('',#1491,1.4E0);
#1493=CARTESIAN_POINT('',(7.825E0,-2.41E0,3.305E0));
#1494=LINE('',#1493,#1492);
#1495=DIRECTION('',(-1.E0,0.E0,0.E0));
#1496=VECTOR('',#1495,1.4E0);
#1497=CARTESIAN_POINT('',(-6.425E0,-2.41E0,3.305E0));
#1498=LINE('',#1497,#1496);
#1499=DIRECTION('',(0.E0,0.E0,-1.E0));
#1500=VECTOR('',#1499,1.65E0);
#1501=CARTESIAN_POINT('',(-6.425E0,-2.41E0,4.955E0));
#1502=LINE('',#1501,#1500);
#1503=DIRECTION('',(-6.469774481951E-1,0.E0,7.625091353728E-1));
#1504=VECTOR('',#1503,2.163908500838E0);
#1505=CARTESIAN_POINT('',(7.825E0,2.68E0,3.305E0));
#1506=LINE('',#1505,#1504);
#1507=DIRECTION('',(-6.469774481951E-1,0.E0,7.625091353728E-1));
#1508=VECTOR('',#1507,2.163908500838E0);
#1509=CARTESIAN_POINT('',(7.825E0,-2.41E0,3.305E0));
#1510=LINE('',#1509,#1508);
#1511=DIRECTION('',(-6.124445259040E-1,-3.223392241600E-1,7.218096198155E-1));
#1512=VECTOR('',#1511,1.551160896732E0);
#1513=CARTESIAN_POINT('',(7.825E0,-2.93E0,3.305E0));
#1514=LINE('',#1513,#1512);
#1515=DIRECTION('',(-1.E0,0.E0,0.E0));
#1516=VECTOR('',#1515,1.4E0);
#1517=CARTESIAN_POINT('',(7.825E0,2.68E0,3.305E0));
#1518=LINE('',#1517,#1516);
#1519=DIRECTION('',(0.E0,0.E0,1.E0));
#1520=VECTOR('',#1519,1.65E0);
#1521=CARTESIAN_POINT('',(6.425E0,2.68E0,3.305E0));
#1522=LINE('',#1521,#1520);
#1523=DIRECTION('',(0.E0,0.E0,-1.E0));
#1524=VECTOR('',#1523,1.65E0);
#1525=CARTESIAN_POINT('',(-6.425E0,2.68E0,4.955E0));
#1526=LINE('',#1525,#1524);
#1527=DIRECTION('',(-1.E0,0.E0,0.E0));
#1528=VECTOR('',#1527,1.4E0);
#1529=CARTESIAN_POINT('',(-6.425E0,2.68E0,3.305E0));
#1530=LINE('',#1529,#1528);
#1531=DIRECTION('',(-1.E0,0.E0,0.E0));
#1532=VECTOR('',#1531,1.4E0);
#1533=CARTESIAN_POINT('',(7.825E0,-1.1E0,3.305E0));
#1534=LINE('',#1533,#1532);
#1535=DIRECTION('',(-1.E0,0.E0,0.E0));
#1536=VECTOR('',#1535,1.4E0);
#1537=CARTESIAN_POINT('',(7.825E0,1.1E0,3.305E0));
#1538=LINE('',#1537,#1536);
#1539=DIRECTION('',(0.E0,0.E0,-1.E0));
#1540=VECTOR('',#1539,3.5E0);
#1541=CARTESIAN_POINT('',(7.825E0,-1.1E0,3.305E0));
#1542=LINE('',#1541,#1540);
#1543=DIRECTION('',(0.E0,1.E0,0.E0));
#1544=VECTOR('',#1543,5.25E-1);
#1545=CARTESIAN_POINT('',(7.825E0,-1.1E0,-1.95E-1));
#1546=LINE('',#1545,#1544);
#1547=DIRECTION('',(0.E0,0.E0,-1.E0));
#1548=VECTOR('',#1547,2.5E0);
#1549=CARTESIAN_POINT('',(7.825E0,-5.75E-1,-1.95E-1));
#1550=LINE('',#1549,#1548);
#1551=DIRECTION('',(0.E0,1.E0,0.E0));
#1552=VECTOR('',#1551,1.15E0);
#1553=CARTESIAN_POINT('',(7.825E0,-5.75E-1,-2.695E0));
#1554=LINE('',#1553,#1552);
#1555=DIRECTION('',(0.E0,0.E0,1.E0));
#1556=VECTOR('',#1555,2.5E0);
#1557=CARTESIAN_POINT('',(7.825E0,5.75E-1,-2.695E0));
#1558=LINE('',#1557,#1556);
#1559=DIRECTION('',(0.E0,1.E0,0.E0));
#1560=VECTOR('',#1559,5.25E-1);
#1561=CARTESIAN_POINT('',(7.825E0,5.75E-1,-1.95E-1));
#1562=LINE('',#1561,#1560);
#1563=DIRECTION('',(0.E0,0.E0,-1.E0));
#1564=VECTOR('',#1563,3.5E0);
#1565=CARTESIAN_POINT('',(7.825E0,1.1E0,3.305E0));
#1566=LINE('',#1565,#1564);
#1567=DIRECTION('',(0.E0,1.E0,0.E0));
#1568=VECTOR('',#1567,1.58E0);
#1569=CARTESIAN_POINT('',(7.825E0,1.1E0,3.305E0));
#1570=LINE('',#1569,#1568);
#1571=DIRECTION('',(0.E0,-1.E0,0.E0));
#1572=VECTOR('',#1571,7.5E-1);
#1573=CARTESIAN_POINT('',(7.825E0,3.43E0,3.305E0));
#1574=LINE('',#1573,#1572);
#1575=DIRECTION('',(0.E0,0.E0,1.E0));
#1576=VECTOR('',#1575,6.66E0);
#1577=CARTESIAN_POINT('',(7.825E0,3.43E0,-3.355E0));
#1578=LINE('',#1577,#1576);
#1579=DIRECTION('',(0.E0,1.E0,0.E0));
#1580=VECTOR('',#1579,6.36E0);
#1581=CARTESIAN_POINT('',(7.825E0,-2.93E0,-3.355E0));
#1582=LINE('',#1581,#1580);
#1583=DIRECTION('',(0.E0,0.E0,-1.E0));
#1584=VECTOR('',#1583,6.66E0);
#1585=CARTESIAN_POINT('',(7.825E0,-2.93E0,3.305E0));
#1586=LINE('',#1585,#1584);
#1587=DIRECTION('',(0.E0,-1.E0,0.E0));
#1588=VECTOR('',#1587,5.2E-1);
#1589=CARTESIAN_POINT('',(7.825E0,-2.41E0,3.305E0));
#1590=LINE('',#1589,#1588);
#1591=DIRECTION('',(0.E0,1.E0,0.E0));
#1592=VECTOR('',#1591,1.31E0);
#1593=CARTESIAN_POINT('',(7.825E0,-2.41E0,3.305E0));
#1594=LINE('',#1593,#1592);
#1595=DIRECTION('',(0.E0,0.E0,1.E0));
#1596=VECTOR('',#1595,1.25E0);
#1597=CARTESIAN_POINT('',(7.825E0,-2.1875E0,1.555E0));
#1598=LINE('',#1597,#1596);
#1599=DIRECTION('',(0.E0,-1.E0,0.E0));
#1600=VECTOR('',#1599,1.5625E-1);
#1601=CARTESIAN_POINT('',(7.825E0,-2.1875E0,2.805E0));
#1602=LINE('',#1601,#1600);
#1603=DIRECTION('',(0.E0,-6.428712937139E-1,-7.659742160926E-1));
#1604=VECTOR('',#1603,2.430502054266E-1);
#1605=CARTESIAN_POINT('',(7.825E0,-2.34375E0,2.805E0));
#1606=LINE('',#1605,#1604);
#1607=DIRECTION('',(0.E0,0.E0,-1.E0));
#1608=VECTOR('',#1607,2.127660065889E-1);
#1609=CARTESIAN_POINT('',(7.825E0,-2.5E0,2.618829809427E0));
#1610=LINE('',#1609,#1608);
#1611=DIRECTION('',(0.E0,6.428711427642E-1,7.659743427825E-1));
#1612=VECTOR('',#1611,2.430502624961E-1);
#1613=CARTESIAN_POINT('',(7.825E0,-2.5E0,2.406063802838E0));
#1614=LINE('',#1613,#1612);
#1615=DIRECTION('',(0.E0,0.E0,-1.E0));
#1616=VECTOR('',#1615,1.037234067917E0);
#1617=CARTESIAN_POINT('',(7.825E0,-2.34375E0,2.592234067917E0));
#1618=LINE('',#1617,#1616);
#1619=DIRECTION('',(0.E0,1.E0,0.E0));
#1620=VECTOR('',#1619,1.5625E-1);
#1621=CARTESIAN_POINT('',(7.825E0,-2.34375E0,1.555E0));
#1622=LINE('',#1621,#1620);
#1623=DIRECTION('',(-1.E0,0.E0,0.E0));
#1624=VECTOR('',#1623,1.4E0);
#1625=CARTESIAN_POINT('',(7.825E0,-1.1E0,-1.95E-1));
#1626=LINE('',#1625,#1624);
#1627=DIRECTION('',(-1.E0,0.E0,0.E0));
#1628=VECTOR('',#1627,1.4E0);
#1629=CARTESIAN_POINT('',(7.825E0,5.75E-1,-1.95E-1));
#1630=LINE('',#1629,#1628);
#1631=DIRECTION('',(-1.E0,0.E0,0.E0));
#1632=VECTOR('',#1631,1.4E0);
#1633=CARTESIAN_POINT('',(7.825E0,1.1E0,-1.95E-1));
#1634=LINE('',#1633,#1632);
#1635=DIRECTION('',(0.E0,0.E0,-1.E0));
#1636=VECTOR('',#1635,3.16E0);
#1637=CARTESIAN_POINT('',(-7.E-1,3.43E0,4.415E0));
#1638=LINE('',#1637,#1636);
#1639=DIRECTION('',(1.E0,0.E0,0.E0));
#1640=VECTOR('',#1639,1.4E0);
#1641=CARTESIAN_POINT('',(-7.E-1,3.43E0,4.415E0));
#1642=LINE('',#1641,#1640);
#1643=DIRECTION('',(0.E0,0.E0,-1.E0));
#1644=VECTOR('',#1643,3.16E0);
#1645=CARTESIAN_POINT('',(7.E-1,3.43E0,4.415E0));
#1646=LINE('',#1645,#1644);
#1647=DIRECTION('',(1.E0,0.E0,0.E0));
#1648=VECTOR('',#1647,1.4E0);
#1649=CARTESIAN_POINT('',(-7.E-1,3.43E0,1.255E0));
#1650=LINE('',#1649,#1648);
#1651=DIRECTION('',(0.E0,0.E0,1.E0));
#1652=VECTOR('',#1651,1.85E0);
#1653=CARTESIAN_POINT('',(-6.325E0,3.43E0,-4.955E0));
#1654=LINE('',#1653,#1652);
#1655=DIRECTION('',(1.E0,0.E0,0.E0));
#1656=VECTOR('',#1655,1.265E1);
#1657=CARTESIAN_POINT('',(-6.325E0,3.43E0,-3.105E0));
#1658=LINE('',#1657,#1656);
#1659=DIRECTION('',(0.E0,0.E0,1.E0));
#1660=VECTOR('',#1659,1.85E0);
#1661=CARTESIAN_POINT('',(6.325E0,3.43E0,-4.955E0));
#1662=LINE('',#1661,#1660);
#1663=DIRECTION('',(-6.469774481951E-1,0.E0,7.625091353728E-1));
#1664=VECTOR('',#1663,2.163908500838E0);
#1665=CARTESIAN_POINT('',(7.825E0,3.43E0,3.305E0));
#1666=LINE('',#1665,#1664);
#1667=DIRECTION('',(-6.469774481951E-1,0.E0,-7.625091353728E-1));
#1668=VECTOR('',#1667,2.163908500838E0);
#1669=CARTESIAN_POINT('',(-6.425E0,3.43E0,4.955E0));
#1670=LINE('',#1669,#1668);
#1671=DIRECTION('',(-1.E0,0.E0,0.E0));
#1672=VECTOR('',#1671,2.5E-1);
#1673=CARTESIAN_POINT('',(-7.825E0,3.43E0,-3.355E0));
#1674=LINE('',#1673,#1672);
#1675=CARTESIAN_POINT('',(-7.E-1,4.18E0,1.255E0));
#1676=DIRECTION('',(-1.E0,0.E0,0.E0));
#1677=DIRECTION('',(0.E0,-1.E0,0.E0));
#1678=AXIS2_PLACEMENT_3D('',#1675,#1676,#1677);
#1680=DIRECTION('',(0.E0,1.E0,0.E0));
#1681=VECTOR('',#1680,6.5E-1);
#1682=CARTESIAN_POINT('',(-7.E-1,4.18E0,2.005E0));
#1683=LINE('',#1682,#1681);
#1684=DIRECTION('',(0.E0,0.E0,1.E0));
#1685=VECTOR('',#1684,7.5E-1);
#1686=CARTESIAN_POINT('',(-7.E-1,4.83E0,2.005E0));
#1687=LINE('',#1686,#1685);
#1688=DIRECTION('',(0.E0,-6.447027996602E-1,7.644333195971E-1));
#1689=VECTOR('',#1688,2.171543230056E0);
#1690=CARTESIAN_POINT('',(-7.E-1,4.83E0,2.755E0));
#1691=LINE('',#1690,#1689);
#1692=DIRECTION('',(0.E0,-6.447027996602E-1,7.644333195971E-1));
#1693=VECTOR('',#1692,2.171543230056E0);
#1694=CARTESIAN_POINT('',(7.E-1,4.83E0,2.755E0));
#1695=LINE('',#1694,#1693);
#1696=DIRECTION('',(0.E0,0.E0,1.E0));
#1697=VECTOR('',#1696,7.5E-1);
#1698=CARTESIAN_POINT('',(7.E-1,4.83E0,2.005E0));
#1699=LINE('',#1698,#1697);
#1700=DIRECTION('',(0.E0,1.E0,0.E0));
#1701=VECTOR('',#1700,6.5E-1);
#1702=CARTESIAN_POINT('',(7.E-1,4.18E0,2.005E0));
#1703=LINE('',#1702,#1701);
#1704=CARTESIAN_POINT('',(7.E-1,4.18E0,1.255E0));
#1705=DIRECTION('',(-1.E0,0.E0,0.E0));
#1706=DIRECTION('',(0.E0,-1.E0,0.E0));
#1707=AXIS2_PLACEMENT_3D('',#1704,#1705,#1706);
#1709=DIRECTION('',(1.E0,0.E0,0.E0));
#1710=VECTOR('',#1709,1.4E0);
#1711=CARTESIAN_POINT('',(-7.E-1,4.83E0,2.755E0));
#1712=LINE('',#1711,#1710);
#1713=DIRECTION('',(1.E0,0.E0,0.E0));
#1714=VECTOR('',#1713,1.4E0);
#1715=CARTESIAN_POINT('',(-7.E-1,4.83E0,2.005E0));
#1716=LINE('',#1715,#1714);
#1717=DIRECTION('',(1.E0,0.E0,0.E0));
#1718=VECTOR('',#1717,1.4E0);
#1719=CARTESIAN_POINT('',(-7.E-1,4.18E0,2.005E0));
#1720=LINE('',#1719,#1718);
#1721=DIRECTION('',(0.E0,0.E0,1.E0));
#1722=VECTOR('',#1721,1.3E0);
#1723=CARTESIAN_POINT('',(-4.82E0,3.175E0,-4.955E0));
#1724=LINE('',#1723,#1722);
#1725=DIRECTION('',(1.E0,0.E0,0.E0));
#1726=VECTOR('',#1725,6.4E-1);
#1727=CARTESIAN_POINT('',(-4.82E0,3.175E0,-3.655E0));
#1728=LINE('',#1727,#1726);
#1729=DIRECTION('',(0.E0,0.E0,1.E0));
#1730=VECTOR('',#1729,1.3E0);
#1731=CARTESIAN_POINT('',(-4.18E0,3.175E0,-4.955E0));
#1732=LINE('',#1731,#1730);
#1733=DIRECTION('',(0.E0,0.E0,1.E0));
#1734=VECTOR('',#1733,1.3E0);
#1735=CARTESIAN_POINT('',(-1.82E0,3.175E0,-4.955E0));
#1736=LINE('',#1735,#1734);
#1737=DIRECTION('',(1.E0,0.E0,0.E0));
#1738=VECTOR('',#1737,6.4E-1);
#1739=CARTESIAN_POINT('',(-1.82E0,3.175E0,-3.655E0));
#1740=LINE('',#1739,#1738);
#1741=DIRECTION('',(0.E0,0.E0,1.E0));
#1742=VECTOR('',#1741,1.3E0);
#1743=CARTESIAN_POINT('',(-1.18E0,3.175E0,-4.955E0));
#1744=LINE('',#1743,#1742);
#1745=DIRECTION('',(0.E0,0.E0,1.E0));
#1746=VECTOR('',#1745,1.3E0);
#1747=CARTESIAN_POINT('',(1.18E0,3.175E0,-4.955E0));
#1748=LINE('',#1747,#1746);
#1749=DIRECTION('',(1.E0,0.E0,0.E0));
#1750=VECTOR('',#1749,6.4E-1);
#1751=CARTESIAN_POINT('',(1.18E0,3.175E0,-3.655E0));
#1752=LINE('',#1751,#1750);
#1753=DIRECTION('',(0.E0,0.E0,1.E0));
#1754=VECTOR('',#1753,1.3E0);
#1755=CARTESIAN_POINT('',(1.82E0,3.175E0,-4.955E0));
#1756=LINE('',#1755,#1754);
#1757=DIRECTION('',(0.E0,0.E0,1.E0));
#1758=VECTOR('',#1757,1.3E0);
#1759=CARTESIAN_POINT('',(4.18E0,3.175E0,-4.955E0));
#1760=LINE('',#1759,#1758);
#1761=DIRECTION('',(1.E0,0.E0,0.E0));
#1762=VECTOR('',#1761,6.4E-1);
#1763=CARTESIAN_POINT('',(4.18E0,3.175E0,-3.655E0));
#1764=LINE('',#1763,#1762);
#1765=DIRECTION('',(0.E0,0.E0,1.E0));
#1766=VECTOR('',#1765,1.3E0);
#1767=CARTESIAN_POINT('',(4.82E0,3.175E0,-4.955E0));
#1768=LINE('',#1767,#1766);
#1769=DIRECTION('',(0.E0,0.E0,-1.E0));
#1770=VECTOR('',#1769,1.85E0);
#1771=CARTESIAN_POINT('',(6.325E0,3.175E0,-3.105E0));
#1772=LINE('',#1771,#1770);
#1773=DIRECTION('',(1.E0,0.E0,0.E0));
#1774=VECTOR('',#1773,1.265E1);
#1775=CARTESIAN_POINT('',(-6.325E0,3.175E0,-3.105E0));
#1776=LINE('',#1775,#1774);
#1777=DIRECTION('',(0.E0,0.E0,1.E0));
#1778=VECTOR('',#1777,1.85E0);
#1779=CARTESIAN_POINT('',(-6.325E0,3.175E0,-4.955E0));
#1780=LINE('',#1779,#1778);
#1781=DIRECTION('',(0.E0,0.E0,1.E0));
#1782=VECTOR('',#1781,1.3E0);
#1783=CARTESIAN_POINT('',(-1.82E0,1.82E0,-4.955E0));
#1784=LINE('',#1783,#1782);
#1785=DIRECTION('',(0.E0,0.E0,1.E0));
#1786=VECTOR('',#1785,6.3E-1);
#1787=CARTESIAN_POINT('',(-1.82E0,1.18E0,-4.285E0));
#1788=LINE('',#1787,#1786);
#1789=DIRECTION('',(0.E0,0.E0,1.E0));
#1790=VECTOR('',#1789,6.3E-1);
#1791=CARTESIAN_POINT('',(-1.82E0,3.2E-1,-4.285E0));
#1792=LINE('',#1791,#1790);
#1793=DIRECTION('',(0.E0,0.E0,-1.E0));
#1794=VECTOR('',#1793,6.3E-1);
#1795=CARTESIAN_POINT('',(-1.82E0,-1.18E0,-3.655E0));
#1796=LINE('',#1795,#1794);
#1797=DIRECTION('',(0.E0,0.E0,1.E0));
#1798=VECTOR('',#1797,6.3E-1);
#1799=CARTESIAN_POINT('',(-1.82E0,-3.2E-1,-4.285E0));
#1800=LINE('',#1799,#1798);
#1801=DIRECTION('',(-1.E0,0.E0,0.E0));
#1802=VECTOR('',#1801,6.4E-1);
#1803=CARTESIAN_POINT('',(-1.18E0,1.82E0,-6.905E0));
#1804=LINE('',#1803,#1802);
#1805=DIRECTION('',(-1.E0,0.E0,0.E0));
#1806=VECTOR('',#1805,6.4E-1);
#1807=CARTESIAN_POINT('',(-1.18E0,1.82E0,1.555E0));
#1808=LINE('',#1807,#1806);
#1809=DIRECTION('',(0.E0,0.E0,-1.E0));
#1810=VECTOR('',#1809,1.425030241322E0);
#1811=CARTESIAN_POINT('',(-1.82E0,1.18E0,-4.285E0));
#1812=LINE('',#1811,#1810);
#1813=CARTESIAN_POINT('',(-1.82E0,6.8E-1,-5.710030241322E0));
#1814=DIRECTION('',(-1.E0,0.E0,0.E0));
#1815=DIRECTION('',(0.E0,1.E0,0.E0));
#1816=AXIS2_PLACEMENT_3D('',#1813,#1814,#1815);
#1818=DIRECTION('',(0.E0,-9.038807571657E-1,-4.277844981127E-1));
#1819=VECTOR('',#1818,5.336867956104E0);
#1820=CARTESIAN_POINT('',(-1.82E0,8.938922490563E-1,-6.161970619905E0));
#1821=LINE('',#1820,#1819);
#1822=DIRECTION('',(0.E0,0.E0,-1.E0));
#1823=VECTOR('',#1822,1.68E0);
#1824=CARTESIAN_POINT('',(-1.82E0,-3.93E0,-8.445E0));
#1825=LINE('',#1824,#1823);
#1826=CARTESIAN_POINT('',(-1.82E0,-3.61E0,-1.0125E1));
#1827=DIRECTION('',(1.E0,0.E0,0.E0));
#1828=DIRECTION('',(0.E0,-1.E0,0.E0));
#1829=AXIS2_PLACEMENT_3D('',#1826,#1827,#1828);
#1831=DIRECTION('',(0.E0,0.E0,1.E0));
#1832=VECTOR('',#1831,1.274838236897E0);
#1833=CARTESIAN_POINT('',(-1.82E0,-3.29E0,-1.0125E1));
#1834=LINE('',#1833,#1832);
#1835=DIRECTION('',(0.E0,9.038807571657E-1,4.277844981127E-1));
#1836=VECTOR('',#1835,4.547059960528E0);
#1837=CARTESIAN_POINT('',(-1.82E0,-3.29E0,-8.850161763103E0));
#1838=LINE('',#1837,#1836);
#1839=DIRECTION('',(0.E0,1.E0,0.E0));
#1840=VECTOR('',#1839,1.E0);
#1841=CARTESIAN_POINT('',(-1.82E0,8.2E-1,-6.905E0));
#1842=LINE('',#1841,#1840);
#1843=DIRECTION('',(0.E0,0.E0,1.E0));
#1844=VECTOR('',#1843,1.95E0);
#1845=CARTESIAN_POINT('',(-1.82E0,1.82E0,-6.905E0));
#1846=LINE('',#1845,#1844);
#1847=DIRECTION('',(0.E0,0.E0,-1.E0));
#1848=VECTOR('',#1847,6.7E-1);
#1849=CARTESIAN_POINT('',(-1.82E0,-3.2E-1,-4.285E0));
#1850=LINE('',#1849,#1848);
#1851=DIRECTION('',(0.E0,1.E0,0.E0));
#1852=VECTOR('',#1851,6.4E-1);
#1853=CARTESIAN_POINT('',(-1.82E0,-3.2E-1,-4.955E0));
#1854=LINE('',#1853,#1852);
#1855=DIRECTION('',(0.E0,0.E0,1.E0));
#1856=VECTOR('',#1855,6.7E-1);
#1857=CARTESIAN_POINT('',(-1.82E0,3.2E-1,-4.955E0));
#1858=LINE('',#1857,#1856);
#1859=DIRECTION('',(0.E0,-1.E0,0.E0));
#1860=VECTOR('',#1859,5.E-1);
#1861=CARTESIAN_POINT('',(-1.82E0,-3.43E0,-3.745E0));
#1862=LINE('',#1861,#1860);
#1863=DIRECTION('',(0.E0,0.E0,-1.E0));
#1864=VECTOR('',#1863,1.68E0);
#1865=CARTESIAN_POINT('',(-1.82E0,-3.93E0,-3.745E0));
#1866=LINE('',#1865,#1864);
#1867=CARTESIAN_POINT('',(-1.82E0,-3.61E0,-5.425E0));
#1868=DIRECTION('',(1.E0,0.E0,0.E0));
#1869=DIRECTION('',(0.E0,-1.E0,0.E0));
#1870=AXIS2_PLACEMENT_3D('',#1867,#1868,#1869);
#1872=DIRECTION('',(0.E0,0.E0,1.E0));
#1873=VECTOR('',#1872,4.7E-1);
#1874=CARTESIAN_POINT('',(-1.82E0,-3.29E0,-5.425E0));
#1875=LINE('',#1874,#1873);
#1876=DIRECTION('',(0.E0,1.E0,0.E0));
#1877=VECTOR('',#1876,6.4E-1);
#1878=CARTESIAN_POINT('',(-1.82E0,1.18E0,1.555E0));
#1879=LINE('',#1878,#1877);
#1880=DIRECTION('',(0.E0,0.E0,-1.E0));
#1881=VECTOR('',#1880,3.2E0);
#1882=CARTESIAN_POINT('',(-1.82E0,1.18E0,1.555E0));
#1883=LINE('',#1882,#1881);
#1884=DIRECTION('',(0.E0,0.E0,1.E0));
#1885=VECTOR('',#1884,3.2E0);
#1886=CARTESIAN_POINT('',(-1.82E0,1.82E0,-1.645E0));
#1887=LINE('',#1886,#1885);
#1888=DIRECTION('',(0.E0,1.E0,0.E0));
#1889=VECTOR('',#1888,6.4E-1);
#1890=CARTESIAN_POINT('',(-1.82E0,-1.82E0,1.555E0));
#1891=LINE('',#1890,#1889);
#1892=DIRECTION('',(0.E0,0.E0,-1.E0));
#1893=VECTOR('',#1892,3.2E0);
#1894=CARTESIAN_POINT('',(-1.82E0,-1.82E0,1.555E0));
#1895=LINE('',#1894,#1893);
#1896=DIRECTION('',(0.E0,0.E0,1.E0));
#1897=VECTOR('',#1896,3.2E0);
#1898=CARTESIAN_POINT('',(-1.82E0,-1.18E0,-1.645E0));
#1899=LINE('',#1898,#1897);
#1900=DIRECTION('',(-1.E0,0.E0,0.E0));
#1901=VECTOR('',#1900,6.4E-1);
#1902=CARTESIAN_POINT('',(-1.18E0,1.18E0,1.555E0));
#1903=LINE('',#1902,#1901);
#1904=DIRECTION('',(1.E0,0.E0,0.E0));
#1905=VECTOR('',#1904,6.4E-1);
#1906=CARTESIAN_POINT('',(-1.82E0,1.82E0,-3.655E0));
#1907=LINE('',#1906,#1905);
#1908=DIRECTION('',(0.E0,-1.E0,0.E0));
#1909=VECTOR('',#1908,1.355E0);
#1910=CARTESIAN_POINT('',(-1.82E0,3.175E0,-3.655E0));
#1911=LINE('',#1910,#1909);
#1912=DIRECTION('',(1.E0,0.E0,0.E0));
#1913=VECTOR('',#1912,6.4E-1);
#1914=CARTESIAN_POINT('',(-1.82E0,1.18E0,-3.655E0));
#1915=LINE('',#1914,#1913);
#1916=DIRECTION('',(0.E0,-1.E0,0.E0));
#1917=VECTOR('',#1916,8.6E-1);
#1918=CARTESIAN_POINT('',(-1.82E0,1.18E0,-3.655E0));
#1919=LINE('',#1918,#1917);
#1920=DIRECTION('',(1.E0,0.E0,0.E0));
#1921=VECTOR('',#1920,6.4E-1);
#1922=CARTESIAN_POINT('',(-1.82E0,3.2E-1,-3.655E0));
#1923=LINE('',#1922,#1921);
#1924=DIRECTION('',(1.E0,0.E0,0.E0));
#1925=VECTOR('',#1924,6.4E-1);
#1926=CARTESIAN_POINT('',(-1.82E0,-3.2E-1,-3.655E0));
#1927=LINE('',#1926,#1925);
#1928=DIRECTION('',(0.E0,-1.E0,0.E0));
#1929=VECTOR('',#1928,8.6E-1);
#1930=CARTESIAN_POINT('',(-1.82E0,-3.2E-1,-3.655E0));
#1931=LINE('',#1930,#1929);
#1932=DIRECTION('',(1.E0,0.E0,0.E0));
#1933=VECTOR('',#1932,6.4E-1);
#1934=CARTESIAN_POINT('',(-1.82E0,-1.18E0,-3.655E0));
#1935=LINE('',#1934,#1933);
#1936=DIRECTION('',(0.E0,0.E0,-1.E0));
#1937=VECTOR('',#1936,1.3E0);
#1938=CARTESIAN_POINT('',(-1.18E0,1.82E0,-3.655E0));
#1939=LINE('',#1938,#1937);
#1940=DIRECTION('',(0.E0,-1.E0,0.E0));
#1941=VECTOR('',#1940,1.355E0);
#1942=CARTESIAN_POINT('',(-1.18E0,3.175E0,-3.655E0));
#1943=LINE('',#1942,#1941);
#1944=DIRECTION('',(0.E0,0.E0,-1.E0));
#1945=VECTOR('',#1944,6.3E-1);
#1946=CARTESIAN_POINT('',(-1.18E0,1.18E0,-3.655E0));
#1947=LINE('',#1946,#1945);
#1948=DIRECTION('',(0.E0,-1.E0,0.E0));
#1949=VECTOR('',#1948,8.6E-1);
#1950=CARTESIAN_POINT('',(-1.18E0,1.18E0,-3.655E0));
#1951=LINE('',#1950,#1949);
#1952=DIRECTION('',(0.E0,0.E0,-1.E0));
#1953=VECTOR('',#1952,6.3E-1);
#1954=CARTESIAN_POINT('',(-1.18E0,3.2E-1,-3.655E0));
#1955=LINE('',#1954,#1953);
#1956=DIRECTION('',(0.E0,0.E0,-1.E0));
#1957=VECTOR('',#1956,6.3E-1);
#1958=CARTESIAN_POINT('',(-1.18E0,-3.2E-1,-3.655E0));
#1959=LINE('',#1958,#1957);
#1960=DIRECTION('',(0.E0,-1.E0,0.E0));
#1961=VECTOR('',#1960,8.6E-1);
#1962=CARTESIAN_POINT('',(-1.18E0,-3.2E-1,-3.655E0));
#1963=LINE('',#1962,#1961);
#1964=DIRECTION('',(0.E0,0.E0,-1.E0));
#1965=VECTOR('',#1964,6.3E-1);
#1966=CARTESIAN_POINT('',(-1.18E0,-1.18E0,-3.655E0));
#1967=LINE('',#1966,#1965);
#1968=DIRECTION('',(-1.E0,0.E0,0.E0));
#1969=VECTOR('',#1968,6.4E-1);
#1970=CARTESIAN_POINT('',(-1.18E0,3.2E-1,-4.955E0));
#1971=LINE('',#1970,#1969);
#1972=DIRECTION('',(0.E0,0.E0,1.E0));
#1973=VECTOR('',#1972,1.95E0);
#1974=CARTESIAN_POINT('',(-1.18E0,1.82E0,-6.905E0));
#1975=LINE('',#1974,#1973);
#1976=DIRECTION('',(0.E0,1.E0,0.E0));
#1977=VECTOR('',#1976,1.E0);
#1978=CARTESIAN_POINT('',(-1.18E0,8.2E-1,-6.905E0));
#1979=LINE('',#1978,#1977);
#1980=DIRECTION('',(0.E0,9.038807571657E-1,4.277844981127E-1));
#1981=VECTOR('',#1980,4.547059960528E0);
#1982=CARTESIAN_POINT('',(-1.18E0,-3.29E0,-8.850161763103E0));
#1983=LINE('',#1982,#1981);
#1984=DIRECTION('',(0.E0,0.E0,1.E0));
#1985=VECTOR('',#1984,1.274838236897E0);
#1986=CARTESIAN_POINT('',(-1.18E0,-3.29E0,-1.0125E1));
#1987=LINE('',#1986,#1985);
#1988=CARTESIAN_POINT('',(-1.18E0,-3.61E0,-1.0125E1));
#1989=DIRECTION('',(1.E0,0.E0,0.E0));
#1990=DIRECTION('',(0.E0,-1.E0,0.E0));
#1991=AXIS2_PLACEMENT_3D('',#1988,#1989,#1990);
#1993=DIRECTION('',(0.E0,0.E0,-1.E0));
#1994=VECTOR('',#1993,1.68E0);
#1995=CARTESIAN_POINT('',(-1.18E0,-3.93E0,-8.445E0));
#1996=LINE('',#1995,#1994);
#1997=DIRECTION('',(0.E0,-9.038807571657E-1,-4.277844981127E-1));
#1998=VECTOR('',#1997,5.336867956104E0);
#1999=CARTESIAN_POINT('',(-1.18E0,8.938922490563E-1,-6.161970619905E0));
#2000=LINE('',#1999,#1998);
#2001=CARTESIAN_POINT('',(-1.18E0,6.8E-1,-5.710030241322E0));
#2002=DIRECTION('',(-1.E0,0.E0,0.E0));
#2003=DIRECTION('',(0.E0,1.E0,0.E0));
#2004=AXIS2_PLACEMENT_3D('',#2001,#2002,#2003);
#2006=DIRECTION('',(0.E0,0.E0,-1.E0));
#2007=VECTOR('',#2006,1.425030241322E0);
#2008=CARTESIAN_POINT('',(-1.18E0,1.18E0,-4.285E0));
#2009=LINE('',#2008,#2007);
#2010=DIRECTION('',(0.E0,0.E0,1.E0));
#2011=VECTOR('',#2010,6.7E-1);
#2012=CARTESIAN_POINT('',(-1.18E0,3.2E-1,-4.955E0));
#2013=LINE('',#2012,#2011);
#2014=DIRECTION('',(0.E0,1.E0,0.E0));
#2015=VECTOR('',#2014,6.4E-1);
#2016=CARTESIAN_POINT('',(-1.18E0,-3.2E-1,-4.955E0));
#2017=LINE('',#2016,#2015);
#2018=DIRECTION('',(0.E0,0.E0,-1.E0));
#2019=VECTOR('',#2018,6.7E-1);
#2020=CARTESIAN_POINT('',(-1.18E0,-3.2E-1,-4.285E0));
#2021=LINE('',#2020,#2019);
#2022=DIRECTION('',(0.E0,0.E0,1.E0));
#2023=VECTOR('',#2022,4.7E-1);
#2024=CARTESIAN_POINT('',(-1.18E0,-3.29E0,-5.425E0));
#2025=LINE('',#2024,#2023);
#2026=CARTESIAN_POINT('',(-1.18E0,-3.61E0,-5.425E0));
#2027=DIRECTION('',(1.E0,0.E0,0.E0));
#2028=DIRECTION('',(0.E0,-1.E0,0.E0));
#2029=AXIS2_PLACEMENT_3D('',#2026,#2027,#2028);
#2031=DIRECTION('',(0.E0,0.E0,-1.E0));
#2032=VECTOR('',#2031,1.68E0);
#2033=CARTESIAN_POINT('',(-1.18E0,-3.93E0,-3.745E0));
#2034=LINE('',#2033,#2032);
#2035=DIRECTION('',(0.E0,-1.E0,0.E0));
#2036=VECTOR('',#2035,5.E-1);
#2037=CARTESIAN_POINT('',(-1.18E0,-3.43E0,-3.745E0));
#2038=LINE('',#2037,#2036);
#2039=DIRECTION('',(0.E0,-1.E0,0.E0));
#2040=VECTOR('',#2039,6.4E-1);
#2041=CARTESIAN_POINT('',(-1.18E0,1.82E0,1.555E0));
#2042=LINE('',#2041,#2040);
#2043=DIRECTION('',(0.E0,0.E0,1.E0));
#2044=VECTOR('',#2043,3.2E0);
#2045=CARTESIAN_POINT('',(-1.18E0,1.82E0,-1.645E0));
#2046=LINE('',#2045,#2044);
#2047=DIRECTION('',(0.E0,0.E0,-1.E0));
#2048=VECTOR('',#2047,3.2E0);
#2049=CARTESIAN_POINT('',(-1.18E0,1.18E0,1.555E0));
#2050=LINE('',#2049,#2048);
#2051=DIRECTION('',(0.E0,-1.E0,0.E0));
#2052=VECTOR('',#2051,6.4E-1);
#2053=CARTESIAN_POINT('',(-1.18E0,-1.18E0,1.555E0));
#2054=LINE('',#2053,#2052);
#2055=DIRECTION('',(0.E0,0.E0,1.E0));
#2056=VECTOR('',#2055,3.2E0);
#2057=CARTESIAN_POINT('',(-1.18E0,-1.18E0,-1.645E0));
#2058=LINE('',#2057,#2056);
#2059=DIRECTION('',(0.E0,0.E0,-1.E0));
#2060=VECTOR('',#2059,3.2E0);
#2061=CARTESIAN_POINT('',(-1.18E0,-1.82E0,1.555E0));
#2062=LINE('',#2061,#2060);
#2063=DIRECTION('',(-1.E0,0.E0,0.E0));
#2064=VECTOR('',#2063,6.4E-1);
#2065=CARTESIAN_POINT('',(-1.18E0,8.2E-1,-6.905E0));
#2066=LINE('',#2065,#2064);
#2067=DIRECTION('',(-1.E0,0.E0,0.E0));
#2068=VECTOR('',#2067,6.4E-1);
#2069=CARTESIAN_POINT('',(-1.18E0,-3.29E0,-8.850161763103E0));
#2070=LINE('',#2069,#2068);
#2071=DIRECTION('',(-1.E0,0.E0,0.E0));
#2072=VECTOR('',#2071,6.4E-1);
#2073=CARTESIAN_POINT('',(-1.18E0,-3.29E0,-1.0125E1));
#2074=LINE('',#2073,#2072);
#2075=DIRECTION('',(-1.E0,0.E0,0.E0));
#2076=VECTOR('',#2075,6.4E-1);
#2077=CARTESIAN_POINT('',(-1.18E0,-3.93E0,-1.0125E1));
#2078=LINE('',#2077,#2076);
#2079=DIRECTION('',(-1.E0,0.E0,0.E0));
#2080=VECTOR('',#2079,6.4E-1);
#2081=CARTESIAN_POINT('',(-1.18E0,-3.93E0,-8.445E0));
#2082=LINE('',#2081,#2080);
#2083=DIRECTION('',(-1.E0,0.E0,0.E0));
#2084=VECTOR('',#2083,6.4E-1);
#2085=CARTESIAN_POINT('',(-1.18E0,8.938922490563E-1,-6.161970619905E0));
#2086=LINE('',#2085,#2084);
#2087=DIRECTION('',(-1.E0,0.E0,0.E0));
#2088=VECTOR('',#2087,6.4E-1);
#2089=CARTESIAN_POINT('',(-1.18E0,1.18E0,-5.710030241322E0));
#2090=LINE('',#2089,#2088);
#2091=DIRECTION('',(-1.E0,0.E0,0.E0));
#2092=VECTOR('',#2091,6.4E-1);
#2093=CARTESIAN_POINT('',(-1.18E0,-3.2E-1,-4.955E0));
#2094=LINE('',#2093,#2092);
#2095=DIRECTION('',(1.E0,0.E0,0.E0));
#2096=VECTOR('',#2095,1.E0);
#2097=CARTESIAN_POINT('',(-3.85E0,-3.43E0,3.305E0));
#2098=LINE('',#2097,#2096);
#2099=DIRECTION('',(0.E0,0.E0,1.E0));
#2100=VECTOR('',#2099,6.66E0);
#2101=CARTESIAN_POINT('',(-3.85E0,-3.43E0,-3.355E0));
#2102=LINE('',#2101,#2100);
#2103=DIRECTION('',(1.E0,0.E0,0.E0));
#2104=VECTOR('',#2103,1.E0);
#2105=CARTESIAN_POINT('',(-3.85E0,-3.43E0,-3.355E0));
#2106=LINE('',#2105,#2104);
#2107=DIRECTION('',(0.E0,0.E0,1.E0));
#2108=VECTOR('',#2107,6.66E0);
#2109=CARTESIAN_POINT('',(-2.85E0,-3.43E0,-3.355E0));
#2110=LINE('',#2109,#2108);
#2111=DIRECTION('',(1.E0,0.E0,0.E0));
#2112=VECTOR('',#2111,1.E0);
#2113=CARTESIAN_POINT('',(2.85E0,-3.43E0,3.305E0));
#2114=LINE('',#2113,#2112);
#2115=DIRECTION('',(0.E0,0.E0,1.E0));
#2116=VECTOR('',#2115,6.66E0);
#2117=CARTESIAN_POINT('',(2.85E0,-3.43E0,-3.355E0));
#2118=LINE('',#2117,#2116);
#2119=DIRECTION('',(1.E0,0.E0,0.E0));
#2120=VECTOR('',#2119,1.E0);
#2121=CARTESIAN_POINT('',(2.85E0,-3.43E0,-3.355E0));
#2122=LINE('',#2121,#2120);
#2123=DIRECTION('',(0.E0,0.E0,1.E0));
#2124=VECTOR('',#2123,6.66E0);
#2125=CARTESIAN_POINT('',(3.85E0,-3.43E0,-3.355E0));
#2126=LINE('',#2125,#2124);
#2127=DIRECTION('',(1.E0,0.E0,0.E0));
#2128=VECTOR('',#2127,3.5E-1);
#2129=CARTESIAN_POINT('',(-6.775E0,-3.43E0,-2.8E-1));
#2130=LINE('',#2129,#2128);
#2131=DIRECTION('',(0.E0,0.E0,1.E0));
#2132=VECTOR('',#2131,1.27E0);
#2133=CARTESIAN_POINT('',(-6.425E0,-3.43E0,-2.8E-1));
#2134=LINE('',#2133,#2132);
#2135=DIRECTION('',(1.E0,0.E0,0.E0));
#2136=VECTOR('',#2135,3.5E-1);
#2137=CARTESIAN_POINT('',(-6.775E0,-3.43E0,9.9E-1));
#2138=LINE('',#2137,#2136);
#2139=DIRECTION('',(0.E0,0.E0,1.E0));
#2140=VECTOR('',#2139,1.27E0);
#2141=CARTESIAN_POINT('',(-6.775E0,-3.43E0,-2.8E-1));
#2142=LINE('',#2141,#2140);
#2143=DIRECTION('',(1.E0,0.E0,0.E0));
#2144=VECTOR('',#2143,3.5E-1);
#2145=CARTESIAN_POINT('',(6.425E0,-3.43E0,-2.8E-1));
#2146=LINE('',#2145,#2144);
#2147=DIRECTION('',(0.E0,0.E0,1.E0));
#2148=VECTOR('',#2147,1.27E0);
#2149=CARTESIAN_POINT('',(6.775E0,-3.43E0,-2.8E-1));
#2150=LINE('',#2149,#2148);
#2151=DIRECTION('',(1.E0,0.E0,0.E0));
#2152=VECTOR('',#2151,3.5E-1);
#2153=CARTESIAN_POINT('',(6.425E0,-3.43E0,9.9E-1));
#2154=LINE('',#2153,#2152);
#2155=DIRECTION('',(0.E0,0.E0,1.E0));
#2156=VECTOR('',#2155,1.27E0);
#2157=CARTESIAN_POINT('',(6.425E0,-3.43E0,-2.8E-1));
#2158=LINE('',#2157,#2156);
#2159=DIRECTION('',(0.E0,0.E0,1.E0));
#2160=VECTOR('',#2159,6.4E-1);
#2161=CARTESIAN_POINT('',(-6.625E0,-3.43E0,-3.075E0));
#2162=LINE('',#2161,#2160);
#2163=DIRECTION('',(1.E0,0.E0,0.E0));
#2164=VECTOR('',#2163,2.5E-1);
#2165=CARTESIAN_POINT('',(-6.875E0,-3.43E0,-2.435E0));
#2166=LINE('',#2165,#2164);
#2167=DIRECTION('',(0.E0,0.E0,-1.E0));
#2168=VECTOR('',#2167,6.859642857143E0);
#2169=CARTESIAN_POINT('',(-6.875E0,-3.43E0,4.424642857143E0));
#2170=LINE('',#2169,#2168);
#2171=DIRECTION('',(-6.469774481951E-1,0.E0,-7.625091353728E-1));
#2172=VECTOR('',#2171,6.955420181266E-1);
#2173=CARTESIAN_POINT('',(-6.425E0,-3.43E0,4.955E0));
#2174=LINE('',#2173,#2172);
#2175=DIRECTION('',(1.E0,0.E0,0.E0));
#2176=VECTOR('',#2175,1.285E1);
#2177=CARTESIAN_POINT('',(-6.425E0,-3.43E0,4.955E0));
#2178=LINE('',#2177,#2176);
#2179=DIRECTION('',(-6.469774481951E-1,0.E0,7.625091353728E-1));
#2180=VECTOR('',#2179,6.955420181266E-1);
#2181=CARTESIAN_POINT('',(6.875E0,-3.43E0,4.424642857143E0));
#2182=LINE('',#2181,#2180);
#2183=DIRECTION('',(0.E0,0.E0,-1.E0));
#2184=VECTOR('',#2183,6.859642857143E0);
#2185=CARTESIAN_POINT('',(6.875E0,-3.43E0,4.424642857143E0));
#2186=LINE('',#2185,#2184);
#2187=DIRECTION('',(-1.E0,0.E0,0.E0));
#2188=VECTOR('',#2187,2.5E-1);
#2189=CARTESIAN_POINT('',(6.875E0,-3.43E0,-2.435E0));
#2190=LINE('',#2189,#2188);
#2191=DIRECTION('',(0.E0,0.E0,-1.E0));
#2192=VECTOR('',#2191,6.4E-1);
#2193=CARTESIAN_POINT('',(6.625E0,-3.43E0,-2.435E0));
#2194=LINE('',#2193,#2192);
#2195=DIRECTION('',(-1.E0,0.E0,0.E0));
#2196=VECTOR('',#2195,2.5E-1);
#2197=CARTESIAN_POINT('',(6.875E0,-3.43E0,-3.075E0));
#2198=LINE('',#2197,#2196);
#2199=DIRECTION('',(0.E0,0.E0,-1.E0));
#2200=VECTOR('',#2199,2.8E-1);
#2201=CARTESIAN_POINT('',(6.875E0,-3.43E0,-3.075E0));
#2202=LINE('',#2201,#2200);
#2203=DIRECTION('',(0.E0,0.E0,-1.E0));
#2204=VECTOR('',#2203,1.6E0);
#2205=CARTESIAN_POINT('',(6.875E0,-3.43E0,-3.355E0));
#2206=LINE('',#2205,#2204);
#2207=DIRECTION('',(0.E0,0.E0,1.E0));
#2208=VECTOR('',#2207,1.21E0);
#2209=CARTESIAN_POINT('',(4.82E0,-3.43E0,-4.955E0));
#2210=LINE('',#2209,#2208);
#2211=DIRECTION('',(1.E0,0.E0,0.E0));
#2212=VECTOR('',#2211,6.4E-1);
#2213=CARTESIAN_POINT('',(4.18E0,-3.43E0,-3.745E0));
#2214=LINE('',#2213,#2212);
#2215=DIRECTION('',(0.E0,0.E0,1.E0));
#2216=VECTOR('',#2215,1.21E0);
#2217=CARTESIAN_POINT('',(4.18E0,-3.43E0,-4.955E0));
#2218=LINE('',#2217,#2216);
#2219=DIRECTION('',(0.E0,0.E0,1.E0));
#2220=VECTOR('',#2219,1.21E0);
#2221=CARTESIAN_POINT('',(1.82E0,-3.43E0,-4.955E0));
#2222=LINE('',#2221,#2220);
#2223=DIRECTION('',(1.E0,0.E0,0.E0));
#2224=VECTOR('',#2223,6.4E-1);
#2225=CARTESIAN_POINT('',(1.18E0,-3.43E0,-3.745E0));
#2226=LINE('',#2225,#2224);
#2227=DIRECTION('',(0.E0,0.E0,1.E0));
#2228=VECTOR('',#2227,1.21E0);
#2229=CARTESIAN_POINT('',(1.18E0,-3.43E0,-4.955E0));
#2230=LINE('',#2229,#2228);
#2231=DIRECTION('',(0.E0,0.E0,1.E0));
#2232=VECTOR('',#2231,1.21E0);
#2233=CARTESIAN_POINT('',(-1.18E0,-3.43E0,-4.955E0));
#2234=LINE('',#2233,#2232);
#2235=DIRECTION('',(1.E0,0.E0,0.E0));
#2236=VECTOR('',#2235,6.4E-1);
#2237=CARTESIAN_POINT('',(-1.82E0,-3.43E0,-3.745E0));
#2238=LINE('',#2237,#2236);
#2239=DIRECTION('',(0.E0,0.E0,1.E0));
#2240=VECTOR('',#2239,1.21E0);
#2241=CARTESIAN_POINT('',(-1.82E0,-3.43E0,-4.955E0));
#2242=LINE('',#2241,#2240);
#2243=DIRECTION('',(0.E0,0.E0,1.E0));
#2244=VECTOR('',#2243,1.21E0);
#2245=CARTESIAN_POINT('',(-4.18E0,-3.43E0,-4.955E0));
#2246=LINE('',#2245,#2244);
#2247=DIRECTION('',(1.E0,0.E0,0.E0));
#2248=VECTOR('',#2247,6.4E-1);
#2249=CARTESIAN_POINT('',(-4.82E0,-3.43E0,-3.745E0));
#2250=LINE('',#2249,#2248);
#2251=DIRECTION('',(0.E0,0.E0,1.E0));
#2252=VECTOR('',#2251,1.21E0);
#2253=CARTESIAN_POINT('',(-4.82E0,-3.43E0,-4.955E0));
#2254=LINE('',#2253,#2252);
#2255=DIRECTION('',(0.E0,0.E0,-1.E0));
#2256=VECTOR('',#2255,2.8E-1);
#2257=CARTESIAN_POINT('',(-6.875E0,-3.43E0,-3.075E0));
#2258=LINE('',#2257,#2256);
#2259=DIRECTION('',(1.E0,0.E0,0.E0));
#2260=VECTOR('',#2259,2.5E-1);
#2261=CARTESIAN_POINT('',(-6.875E0,-3.43E0,-3.075E0));
#2262=LINE('',#2261,#2260);
#2263=DIRECTION('',(0.E0,1.E0,0.E0));
#2264=VECTOR('',#2263,5.E-1);
#2265=CARTESIAN_POINT('',(-2.85E0,-3.93E0,3.305E0));
#2266=LINE('',#2265,#2264);
#2267=DIRECTION('',(1.E0,0.E0,0.E0));
#2268=VECTOR('',#2267,1.E0);
#2269=CARTESIAN_POINT('',(-3.85E0,-3.93E0,3.305E0));
#2270=LINE('',#2269,#2268);
#2271=DIRECTION('',(0.E0,-1.E0,0.E0));
#2272=VECTOR('',#2271,5.E-1);
#2273=CARTESIAN_POINT('',(-3.85E0,-3.43E0,3.305E0));
#2274=LINE('',#2273,#2272);
#2275=DIRECTION('',(0.E0,1.E0,0.E0));
#2276=VECTOR('',#2275,5.E-1);
#2277=CARTESIAN_POINT('',(3.85E0,-3.93E0,3.305E0));
#2278=LINE('',#2277,#2276);
#2279=DIRECTION('',(1.E0,0.E0,0.E0));
#2280=VECTOR('',#2279,1.E0);
#2281=CARTESIAN_POINT('',(2.85E0,-3.93E0,3.305E0));
#2282=LINE('',#2281,#2280);
#2283=DIRECTION('',(0.E0,-1.E0,0.E0));
#2284=VECTOR('',#2283,5.E-1);
#2285=CARTESIAN_POINT('',(2.85E0,-3.43E0,3.305E0));
#2286=LINE('',#2285,#2284);
#2287=DIRECTION('',(0.E0,0.E0,-1.E0));
#2288=VECTOR('',#2287,6.66E0);
#2289=CARTESIAN_POINT('',(-2.85E0,-3.93E0,3.305E0));
#2290=LINE('',#2289,#2288);
#2291=DIRECTION('',(0.E0,-1.E0,0.E0));
#2292=VECTOR('',#2291,5.E-1);
#2293=CARTESIAN_POINT('',(-3.85E0,-3.43E0,-3.355E0));
#2294=LINE('',#2293,#2292);
#2295=DIRECTION('',(1.E0,0.E0,0.E0));
#2296=VECTOR('',#2295,1.E0);
#2297=CARTESIAN_POINT('',(-3.85E0,-3.93E0,-3.355E0));
#2298=LINE('',#2297,#2296);
#2299=DIRECTION('',(0.E0,1.E0,0.E0));
#2300=VECTOR('',#2299,5.E-1);
#2301=CARTESIAN_POINT('',(-2.85E0,-3.93E0,-3.355E0));
#2302=LINE('',#2301,#2300);
#2303=DIRECTION('',(0.E0,-1.E0,0.E0));
#2304=VECTOR('',#2303,5.E-1);
#2305=CARTESIAN_POINT('',(2.85E0,-3.43E0,-3.355E0));
#2306=LINE('',#2305,#2304);
#2307=DIRECTION('',(1.E0,0.E0,0.E0));
#2308=VECTOR('',#2307,1.E0);
#2309=CARTESIAN_POINT('',(2.85E0,-3.93E0,-3.355E0));
#2310=LINE('',#2309,#2308);
#2311=DIRECTION('',(0.E0,1.E0,0.E0));
#2312=VECTOR('',#2311,5.E-1);
#2313=CARTESIAN_POINT('',(3.85E0,-3.93E0,-3.355E0));
#2314=LINE('',#2313,#2312);
#2315=DIRECTION('',(0.E0,0.E0,-1.E0));
#2316=VECTOR('',#2315,6.66E0);
#2317=CARTESIAN_POINT('',(-3.85E0,-3.93E0,3.305E0));
#2318=LINE('',#2317,#2316);
#2319=DIRECTION('',(0.E0,0.E0,-1.E0));
#2320=VECTOR('',#2319,6.66E0);
#2321=CARTESIAN_POINT('',(2.85E0,-3.93E0,3.305E0));
#2322=LINE('',#2321,#2320);
#2323=DIRECTION('',(0.E0,0.E0,-1.E0));
#2324=VECTOR('',#2323,6.66E0);
#2325=CARTESIAN_POINT('',(3.85E0,-3.93E0,3.305E0));
#2326=LINE('',#2325,#2324);
#2327=DIRECTION('',(0.E0,-1.E0,0.E0));
#2328=VECTOR('',#2327,6.E-2);
#2329=CARTESIAN_POINT('',(-6.775E0,-3.43E0,-2.8E-1));
#2330=LINE('',#2329,#2328);
#2331=CARTESIAN_POINT('',(-6.875E0,-3.49E0,-2.8E-1));
#2332=DIRECTION('',(0.E0,0.E0,-1.E0));
#2333=DIRECTION('',(1.E0,-1.332267629550E-14,0.E0));
#2334=AXIS2_PLACEMENT_3D('',#2331,#2332,#2333);
#2336=DIRECTION('',(-1.E0,-1.625818124197E-14,0.E0));
#2337=VECTOR('',#2336,2.95E0);
#2338=CARTESIAN_POINT('',(-6.875E0,-3.59E0,-2.8E-1));
#2339=LINE('',#2338,#2337);
#2340=DIRECTION('',(1.015061051086E-14,-1.E0,0.E0));
#2341=VECTOR('',#2340,3.5E-1);
#2342=CARTESIAN_POINT('',(-9.825E0,-3.59E0,-2.8E-1));
#2343=LINE('',#2342,#2341);
#2344=DIRECTION('',(1.E0,0.E0,0.E0));
#2345=VECTOR('',#2344,2.95E0);
#2346=CARTESIAN_POINT('',(-9.825E0,-3.94E0,-2.8E-1));
#2347=LINE('',#2346,#2345);
#2348=CARTESIAN_POINT('',(-6.875E0,-3.49E0,-2.8E-1));
#2349=DIRECTION('',(0.E0,0.E0,1.E0));
#2350=DIRECTION('',(-7.697546304068E-14,-1.E0,0.E0));
#2351=AXIS2_PLACEMENT_3D('',#2348,#2349,#2350);
#2353=DIRECTION('',(-1.480297366167E-14,1.E0,0.E0));
#2354=VECTOR('',#2353,6.E-2);
#2355=CARTESIAN_POINT('',(-6.425E0,-3.49E0,-2.8E-1));
#2356=LINE('',#2355,#2354);
#2357=DIRECTION('',(-1.480297366167E-14,-1.E0,0.E0));
#2358=VECTOR('',#2357,6.E-2);
#2359=CARTESIAN_POINT('',(6.425E0,-3.43E0,-2.8E-1));
#2360=LINE('',#2359,#2358);
#2361=CARTESIAN_POINT('',(6.875E0,-3.49E0,-2.8E-1));
#2362=DIRECTION('',(0.E0,0.E0,1.E0));
#2363=DIRECTION('',(-1.E0,0.E0,0.E0));
#2364=AXIS2_PLACEMENT_3D('',#2361,#2362,#2363);
#2366=DIRECTION('',(1.E0,0.E0,0.E0));
#2367=VECTOR('',#2366,2.95E0);
#2368=CARTESIAN_POINT('',(6.875E0,-3.94E0,-2.8E-1));
#2369=LINE('',#2368,#2367);
#2370=DIRECTION('',(6.597896832059E-14,1.E0,0.E0));
#2371=VECTOR('',#2370,3.5E-1);
#2372=CARTESIAN_POINT('',(9.825E0,-3.94E0,-2.8E-1));
#2373=LINE('',#2372,#2371);
#2374=DIRECTION('',(-1.E0,1.625818124197E-14,0.E0));
#2375=VECTOR('',#2374,2.95E0);
#2376=CARTESIAN_POINT('',(9.825E0,-3.59E0,-2.8E-1));
#2377=LINE('',#2376,#2375);
#2378=CARTESIAN_POINT('',(6.875E0,-3.49E0,-2.8E-1));
#2379=DIRECTION('',(0.E0,0.E0,-1.E0));
#2380=DIRECTION('',(-1.953992523340E-13,-1.E0,0.E0));
#2381=AXIS2_PLACEMENT_3D('',#2378,#2379,#2380);
#2383=DIRECTION('',(0.E0,1.E0,0.E0));
#2384=VECTOR('',#2383,6.E-2);
#2385=CARTESIAN_POINT('',(6.775E0,-3.49E0,-2.8E-1));
#2386=LINE('',#2385,#2384);
#2387=DIRECTION('',(-1.480297366167E-14,1.E0,0.E0));
#2388=VECTOR('',#2387,6.E-2);
#2389=CARTESIAN_POINT('',(-6.425E0,-3.49E0,9.9E-1));
#2390=LINE('',#2389,#2388);
#2391=CARTESIAN_POINT('',(-6.875E0,-3.49E0,9.9E-1));
#2392=DIRECTION('',(0.E0,0.E0,1.E0));
#2393=DIRECTION('',(-7.697546304068E-14,-1.E0,0.E0));
#2394=AXIS2_PLACEMENT_3D('',#2391,#2392,#2393);
#2396=DIRECTION('',(1.E0,0.E0,0.E0));
#2397=VECTOR('',#2396,2.95E0);
#2398=CARTESIAN_POINT('',(-9.825E0,-3.94E0,9.9E-1));
#2399=LINE('',#2398,#2397);
#2400=DIRECTION('',(1.015061051086E-14,-1.E0,0.E0));
#2401=VECTOR('',#2400,3.5E-1);
#2402=CARTESIAN_POINT('',(-9.825E0,-3.59E0,9.9E-1));
#2403=LINE('',#2402,#2401);
#2404=DIRECTION('',(-1.E0,-1.625818124197E-14,0.E0));
#2405=VECTOR('',#2404,2.95E0);
#2406=CARTESIAN_POINT('',(-6.875E0,-3.59E0,9.9E-1));
#2407=LINE('',#2406,#2405);
#2408=CARTESIAN_POINT('',(-6.875E0,-3.49E0,9.9E-1));
#2409=DIRECTION('',(0.E0,0.E0,-1.E0));
#2410=DIRECTION('',(1.E0,-1.332267629550E-14,0.E0));
#2411=AXIS2_PLACEMENT_3D('',#2408,#2409,#2410);
#2413=DIRECTION('',(0.E0,-1.E0,0.E0));
#2414=VECTOR('',#2413,6.E-2);
#2415=CARTESIAN_POINT('',(-6.775E0,-3.43E0,9.9E-1));
#2416=LINE('',#2415,#2414);
#2417=DIRECTION('',(0.E0,1.E0,0.E0));
#2418=VECTOR('',#2417,6.E-2);
#2419=CARTESIAN_POINT('',(6.775E0,-3.49E0,9.9E-1));
#2420=LINE('',#2419,#2418);
#2421=CARTESIAN_POINT('',(6.875E0,-3.49E0,9.9E-1));
#2422=DIRECTION('',(0.E0,0.E0,-1.E0));
#2423=DIRECTION('',(-1.953992523340E-13,-1.E0,0.E0));
#2424=AXIS2_PLACEMENT_3D('',#2421,#2422,#2423);
#2426=DIRECTION('',(-1.E0,1.625818124197E-14,0.E0));
#2427=VECTOR('',#2426,2.95E0);
#2428=CARTESIAN_POINT('',(9.825E0,-3.59E0,9.9E-1));
#2429=LINE('',#2428,#2427);
#2430=DIRECTION('',(6.597896832059E-14,1.E0,0.E0));
#2431=VECTOR('',#2430,3.5E-1);
#2432=CARTESIAN_POINT('',(9.825E0,-3.94E0,9.9E-1));
#2433=LINE('',#2432,#2431);
#2434=DIRECTION('',(1.E0,0.E0,0.E0));
#2435=VECTOR('',#2434,2.95E0);
#2436=CARTESIAN_POINT('',(6.875E0,-3.94E0,9.9E-1));
#2437=LINE('',#2436,#2435);
#2438=CARTESIAN_POINT('',(6.875E0,-3.49E0,9.9E-1));
#2439=DIRECTION('',(0.E0,0.E0,1.E0));
#2440=DIRECTION('',(-1.E0,0.E0,0.E0));
#2441=AXIS2_PLACEMENT_3D('',#2438,#2439,#2440);
#2443=DIRECTION('',(0.E0,-1.E0,0.E0));
#2444=VECTOR('',#2443,6.E-2);
#2445=CARTESIAN_POINT('',(6.425E0,-3.43E0,9.9E-1));
#2446=LINE('',#2445,#2444);
#2447=DIRECTION('',(0.E0,0.E0,1.E0));
#2448=VECTOR('',#2447,1.27E0);
#2449=CARTESIAN_POINT('',(-6.425E0,-3.49E0,-2.8E-1));
#2450=LINE('',#2449,#2448);
#2451=DIRECTION('',(0.E0,0.E0,1.E0));
#2452=VECTOR('',#2451,1.27E0);
#2453=CARTESIAN_POINT('',(-6.875E0,-3.94E0,-2.8E-1));
#2454=LINE('',#2453,#2452);
#2455=DIRECTION('',(0.E0,0.E0,1.E0));
#2456=VECTOR('',#2455,1.27E0);
#2457=CARTESIAN_POINT('',(-9.825E0,-3.94E0,-2.8E-1));
#2458=LINE('',#2457,#2456);
#2459=DIRECTION('',(0.E0,0.E0,1.E0));
#2460=VECTOR('',#2459,1.27E0);
#2461=CARTESIAN_POINT('',(-9.825E0,-3.59E0,-2.8E-1));
#2462=LINE('',#2461,#2460);
#2463=DIRECTION('',(0.E0,0.E0,1.E0));
#2464=VECTOR('',#2463,1.27E0);
#2465=CARTESIAN_POINT('',(-6.875E0,-3.59E0,-2.8E-1));
#2466=LINE('',#2465,#2464);
#2467=DIRECTION('',(0.E0,0.E0,1.E0));
#2468=VECTOR('',#2467,1.27E0);
#2469=CARTESIAN_POINT('',(-6.775E0,-3.49E0,-2.8E-1));
#2470=LINE('',#2469,#2468);
#2471=DIRECTION('',(0.E0,0.E0,1.E0));
#2472=VECTOR('',#2471,1.27E0);
#2473=CARTESIAN_POINT('',(6.775E0,-3.49E0,-2.8E-1));
#2474=LINE('',#2473,#2472);
#2475=DIRECTION('',(0.E0,0.E0,1.E0));
#2476=VECTOR('',#2475,1.27E0);
#2477=CARTESIAN_POINT('',(6.875E0,-3.59E0,-2.8E-1));
#2478=LINE('',#2477,#2476);
#2479=DIRECTION('',(0.E0,0.E0,1.E0));
#2480=VECTOR('',#2479,1.27E0);
#2481=CARTESIAN_POINT('',(9.825E0,-3.59E0,-2.8E-1));
#2482=LINE('',#2481,#2480);
#2483=DIRECTION('',(0.E0,0.E0,1.E0));
#2484=VECTOR('',#2483,1.27E0);
#2485=CARTESIAN_POINT('',(9.825E0,-3.94E0,-2.8E-1));
#2486=LINE('',#2485,#2484);
#2487=DIRECTION('',(0.E0,0.E0,1.E0));
#2488=VECTOR('',#2487,1.27E0);
#2489=CARTESIAN_POINT('',(6.875E0,-3.94E0,-2.8E-1));
#2490=LINE('',#2489,#2488);
#2491=DIRECTION('',(0.E0,0.E0,1.E0));
#2492=VECTOR('',#2491,1.27E0);
#2493=CARTESIAN_POINT('',(6.425E0,-3.49E0,-2.8E-1));
#2494=LINE('',#2493,#2492);
#2495=CARTESIAN_POINT('',(-6.974428104193E0,-3.41E0,-2.435E0));
#2496=DIRECTION('',(0.E0,0.E0,1.E0));
#2497=DIRECTION('',(0.E0,-1.E0,0.E0));
#2498=AXIS2_PLACEMENT_3D('',#2495,#2496,#2497);
#2500=DIRECTION('',(-1.E0,0.E0,0.E0));
#2501=VECTOR('',#2500,7.605718958069E-1);
#2502=CARTESIAN_POINT('',(-6.974428104193E0,-3.76E0,-2.435E0));
#2503=LINE('',#2502,#2501);
#2504=DIRECTION('',(0.E0,0.E0,1.E0));
#2505=VECTOR('',#2504,6.4E-1);
#2506=CARTESIAN_POINT('',(-6.974428104193E0,-3.76E0,-3.075E0));
#2507=LINE('',#2506,#2505);
#2508=DIRECTION('',(1.E0,0.E0,0.E0));
#2509=VECTOR('',#2508,7.605718958069E-1);
#2510=CARTESIAN_POINT('',(-7.735E0,-3.76E0,-3.075E0));
#2511=LINE('',#2510,#2509);
#2512=DIRECTION('',(0.E0,0.E0,-1.E0));
#2513=VECTOR('',#2512,6.4E-1);
#2514=CARTESIAN_POINT('',(-7.735E0,-3.76E0,-2.435E0));
#2515=LINE('',#2514,#2513);
#2516=DIRECTION('',(1.E0,0.E0,0.E0));
#2517=VECTOR('',#2516,7.605718958069E-1);
#2518=CARTESIAN_POINT('',(6.974428104193E0,-3.76E0,-3.075E0));
#2519=LINE('',#2518,#2517);
#2520=DIRECTION('',(0.E0,0.E0,-1.E0));
#2521=VECTOR('',#2520,6.4E-1);
#2522=CARTESIAN_POINT('',(6.974428104193E0,-3.76E0,-2.435E0));
#2523=LINE('',#2522,#2521);
#2524=DIRECTION('',(-1.E0,0.E0,0.E0));
#2525=VECTOR('',#2524,7.605718958069E-1);
#2526=CARTESIAN_POINT('',(7.735E0,-3.76E0,-2.435E0));
#2527=LINE('',#2526,#2525);
#2528=DIRECTION('',(0.E0,0.E0,1.E0));
#2529=VECTOR('',#2528,6.4E-1);
#2530=CARTESIAN_POINT('',(7.735E0,-3.76E0,-3.075E0));
#2531=LINE('',#2530,#2529);
#2532=CARTESIAN_POINT('',(-6.974428104193E0,-3.41E0,-3.075E0));
#2533=DIRECTION('',(0.E0,0.E0,-1.E0));
#2534=DIRECTION('',(9.983660119804E-1,-5.714285714286E-2,0.E0));
#2535=AXIS2_PLACEMENT_3D('',#2532,#2533,#2534);
#2537=DIRECTION('',(0.E0,-1.E0,0.E0));
#2538=VECTOR('',#2537,3.3E-1);
#2539=CARTESIAN_POINT('',(-7.735E0,-3.43E0,-3.075E0));
#2540=LINE('',#2539,#2538);
#2541=DIRECTION('',(-1.E0,0.E0,0.E0));
#2542=VECTOR('',#2541,8.6E-1);
#2543=CARTESIAN_POINT('',(-6.875E0,-3.43E0,-2.435E0));
#2544=LINE('',#2543,#2542);
#2545=DIRECTION('',(0.E0,0.E0,-1.E0));
#2546=VECTOR('',#2545,6.4E-1);
#2547=CARTESIAN_POINT('',(-7.735E0,-3.43E0,-2.435E0));
#2548=LINE('',#2547,#2546);
#2549=DIRECTION('',(1.E0,0.E0,0.E0));
#2550=VECTOR('',#2549,8.6E-1);
#2551=CARTESIAN_POINT('',(-7.735E0,-3.43E0,-3.075E0));
#2552=LINE('',#2551,#2550);
#2553=DIRECTION('',(1.E0,0.E0,0.E0));
#2554=VECTOR('',#2553,8.6E-1);
#2555=CARTESIAN_POINT('',(6.875E0,-3.43E0,-3.075E0));
#2556=LINE('',#2555,#2554);
#2557=DIRECTION('',(0.E0,0.E0,1.E0));
#2558=VECTOR('',#2557,6.4E-1);
#2559=CARTESIAN_POINT('',(7.735E0,-3.43E0,-3.075E0));
#2560=LINE('',#2559,#2558);
#2561=DIRECTION('',(-1.E0,0.E0,0.E0));
#2562=VECTOR('',#2561,8.6E-1);
#2563=CARTESIAN_POINT('',(7.735E0,-3.43E0,-2.435E0));
#2564=LINE('',#2563,#2562);
#2565=DIRECTION('',(0.E0,0.E0,-1.E0));
#2566=VECTOR('',#2565,6.4E-1);
#2567=CARTESIAN_POINT('',(-6.875E0,-3.43E0,-2.435E0));
#2568=LINE('',#2567,#2566);
#2569=DIRECTION('',(0.E0,1.E0,0.E0));
#2570=VECTOR('',#2569,5.1E-1);
#2571=CARTESIAN_POINT('',(6.875E0,-3.94E0,-3.355E0));
#2572=LINE('',#2571,#2570);
#2573=DIRECTION('',(-8.849182223820E-1,-4.657464328326E-1,0.E0));
#2574=VECTOR('',#2573,1.073545527679E0);
#2575=CARTESIAN_POINT('',(7.825E0,-2.93E0,-3.355E0));
#2576=LINE('',#2575,#2574);
#2577=DIRECTION('',(1.E0,0.E0,0.E0));
#2578=VECTOR('',#2577,2.5E-1);
#2579=CARTESIAN_POINT('',(7.825E0,3.43E0,-3.355E0));
#2580=LINE('',#2579,#2578);
#2581=DIRECTION('',(-1.E0,0.E0,0.E0));
#2582=VECTOR('',#2581,1.2E0);
#2583=CARTESIAN_POINT('',(8.075E0,-3.94E0,-3.355E0));
#2584=LINE('',#2583,#2582);
#2585=DIRECTION('',(0.E0,1.E0,0.E0));
#2586=VECTOR('',#2585,5.1E-1);
#2587=CARTESIAN_POINT('',(-6.875E0,-3.94E0,-3.355E0));
#2588=LINE('',#2587,#2586);
#2589=DIRECTION('',(-1.E0,0.E0,0.E0));
#2590=VECTOR('',#2589,1.2E0);
#2591=CARTESIAN_POINT('',(-6.875E0,-3.94E0,-3.355E0));
#2592=LINE('',#2591,#2590);
#2593=DIRECTION('',(-8.849182223820E-1,4.657464328326E-1,0.E0));
#2594=VECTOR('',#2593,1.073545527679E0);
#2595=CARTESIAN_POINT('',(-6.875E0,-3.43E0,-3.355E0));
#2596=LINE('',#2595,#2594);
#2597=DIRECTION('',(0.E0,0.E0,-1.E0));
#2598=VECTOR('',#2597,1.6E0);
#2599=CARTESIAN_POINT('',(6.875E0,-3.94E0,-3.355E0));
#2600=LINE('',#2599,#2598);
#2601=DIRECTION('',(-1.E0,0.E0,0.E0));
#2602=VECTOR('',#2601,1.2E0);
#2603=CARTESIAN_POINT('',(8.075E0,-3.94E0,-4.955E0));
#2604=LINE('',#2603,#2602);
#2605=DIRECTION('',(0.E0,0.E0,-1.E0));
#2606=VECTOR('',#2605,1.6E0);
#2607=CARTESIAN_POINT('',(-6.875E0,-3.94E0,-3.355E0));
#2608=LINE('',#2607,#2606);
#2609=DIRECTION('',(-1.E0,0.E0,0.E0));
#2610=VECTOR('',#2609,1.2E0);
#2611=CARTESIAN_POINT('',(-6.875E0,-3.94E0,-4.955E0));
#2612=LINE('',#2611,#2610);
#2613=DIRECTION('',(0.E0,0.E0,1.E0));
#2614=VECTOR('',#2613,6.E-1);
#2615=CARTESIAN_POINT('',(8.075E0,1.E0,-4.285E0));
#2616=LINE('',#2615,#2614);
#2617=DIRECTION('',(0.E0,-1.E0,0.E0));
#2618=VECTOR('',#2617,2.E0);
#2619=CARTESIAN_POINT('',(8.075E0,1.E0,-3.685E0));
#2620=LINE('',#2619,#2618);
#2621=DIRECTION('',(0.E0,0.E0,-1.E0));
#2622=VECTOR('',#2621,6.E-1);
#2623=CARTESIAN_POINT('',(8.075E0,-1.E0,-3.685E0));
#2624=LINE('',#2623,#2622);
#2625=DIRECTION('',(0.E0,1.E0,0.E0));
#2626=VECTOR('',#2625,1.78E0);
#2627=CARTESIAN_POINT('',(8.075E0,-2.78E0,-4.285E0));
#2628=LINE('',#2627,#2626);
#2629=DIRECTION('',(0.E0,0.E0,1.E0));
#2630=VECTOR('',#2629,6.7E-1);
#2631=CARTESIAN_POINT('',(8.075E0,-2.78E0,-4.955E0));
#2632=LINE('',#2631,#2630);
#2633=DIRECTION('',(0.E0,1.E0,0.E0));
#2634=VECTOR('',#2633,1.16E0);
#2635=CARTESIAN_POINT('',(8.075E0,-3.94E0,-4.955E0));
#2636=LINE('',#2635,#2634);
#2637=DIRECTION('',(0.E0,0.E0,-1.E0));
#2638=VECTOR('',#2637,1.6E0);
#2639=CARTESIAN_POINT('',(8.075E0,-3.94E0,-3.355E0));
#2640=LINE('',#2639,#2638);
#2641=DIRECTION('',(0.E0,-1.E0,0.E0));
#2642=VECTOR('',#2641,7.37E0);
#2643=CARTESIAN_POINT('',(8.075E0,3.43E0,-3.355E0));
#2644=LINE('',#2643,#2642);
#2645=DIRECTION('',(0.E0,0.E0,1.E0));
#2646=VECTOR('',#2645,1.6E0);
#2647=CARTESIAN_POINT('',(8.075E0,3.43E0,-4.955E0));
#2648=LINE('',#2647,#2646);
#2649=DIRECTION('',(0.E0,1.E0,0.E0));
#2650=VECTOR('',#2649,1.83E0);
#2651=CARTESIAN_POINT('',(8.075E0,1.6E0,-4.955E0));
#2652=LINE('',#2651,#2650);
#2653=DIRECTION('',(0.E0,0.E0,-1.E0));
#2654=VECTOR('',#2653,6.7E-1);
#2655=CARTESIAN_POINT('',(8.075E0,1.6E0,-4.285E0));
#2656=LINE('',#2655,#2654);
#2657=DIRECTION('',(0.E0,1.E0,0.E0));
#2658=VECTOR('',#2657,6.E-1);
#2659=CARTESIAN_POINT('',(8.075E0,1.E0,-4.285E0));
#2660=LINE('',#2659,#2658);
#2661=DIRECTION('',(0.E0,0.E0,1.E0));
#2662=VECTOR('',#2661,6.E-1);
#2663=CARTESIAN_POINT('',(6.375E0,1.E0,-4.285E0));
#2664=LINE('',#2663,#2662);
#2665=DIRECTION('',(0.E0,0.E0,-1.E0));
#2666=VECTOR('',#2665,6.E-1);
#2667=CARTESIAN_POINT('',(6.375E0,-1.E0,-3.685E0));
#2668=LINE('',#2667,#2666);
#2669=DIRECTION('',(0.E0,-1.E0,0.E0));
#2670=VECTOR('',#2669,2.E0);
#2671=CARTESIAN_POINT('',(6.375E0,1.E0,-3.685E0));
#2672=LINE('',#2671,#2670);
#2673=DIRECTION('',(-1.E0,0.E0,0.E0));
#2674=VECTOR('',#2673,1.7E0);
#2675=CARTESIAN_POINT('',(8.075E0,-1.E0,-3.685E0));
#2676=LINE('',#2675,#2674);
#2677=DIRECTION('',(-1.E0,0.E0,0.E0));
#2678=VECTOR('',#2677,1.7E0);
#2679=CARTESIAN_POINT('',(8.075E0,1.E0,-3.685E0));
#2680=LINE('',#2679,#2678);
#2681=DIRECTION('',(0.E0,0.E0,1.E0));
#2682=VECTOR('',#2681,6.E-1);
#2683=CARTESIAN_POINT('',(-8.075E0,1.E0,-4.285E0));
#2684=LINE('',#2683,#2682);
#2685=DIRECTION('',(0.E0,-1.E0,0.E0));
#2686=VECTOR('',#2685,6.E-1);
#2687=CARTESIAN_POINT('',(-8.075E0,1.6E0,-4.285E0));
#2688=LINE('',#2687,#2686);
#2689=DIRECTION('',(0.E0,0.E0,1.E0));
#2690=VECTOR('',#2689,6.7E-1);
#2691=CARTESIAN_POINT('',(-8.075E0,1.6E0,-4.955E0));
#2692=LINE('',#2691,#2690);
#2693=DIRECTION('',(0.E0,-1.E0,0.E0));
#2694=VECTOR('',#2693,1.83E0);
#2695=CARTESIAN_POINT('',(-8.075E0,3.43E0,-4.955E0));
#2696=LINE('',#2695,#2694);
#2697=DIRECTION('',(0.E0,0.E0,-1.E0));
#2698=VECTOR('',#2697,1.6E0);
#2699=CARTESIAN_POINT('',(-8.075E0,3.43E0,-3.355E0));
#2700=LINE('',#2699,#2698);
#2701=DIRECTION('',(0.E0,1.E0,0.E0));
#2702=VECTOR('',#2701,7.37E0);
#2703=CARTESIAN_POINT('',(-8.075E0,-3.94E0,-3.355E0));
#2704=LINE('',#2703,#2702);
#2705=DIRECTION('',(0.E0,0.E0,1.E0));
#2706=VECTOR('',#2705,1.6E0);
#2707=CARTESIAN_POINT('',(-8.075E0,-3.94E0,-4.955E0));
#2708=LINE('',#2707,#2706);
#2709=DIRECTION('',(0.E0,-1.E0,0.E0));
#2710=VECTOR('',#2709,1.16E0);
#2711=CARTESIAN_POINT('',(-8.075E0,-2.78E0,-4.955E0));
#2712=LINE('',#2711,#2710);
#2713=DIRECTION('',(0.E0,0.E0,-1.E0));
#2714=VECTOR('',#2713,6.7E-1);
#2715=CARTESIAN_POINT('',(-8.075E0,-2.78E0,-4.285E0));
#2716=LINE('',#2715,#2714);
#2717=DIRECTION('',(0.E0,-1.E0,0.E0));
#2718=VECTOR('',#2717,1.78E0);
#2719=CARTESIAN_POINT('',(-8.075E0,-1.E0,-4.285E0));
#2720=LINE('',#2719,#2718);
#2721=DIRECTION('',(0.E0,0.E0,-1.E0));
#2722=VECTOR('',#2721,6.E-1);
#2723=CARTESIAN_POINT('',(-8.075E0,-1.E0,-3.685E0));
#2724=LINE('',#2723,#2722);
#2725=DIRECTION('',(0.E0,-1.E0,0.E0));
#2726=VECTOR('',#2725,2.E0);
#2727=CARTESIAN_POINT('',(-8.075E0,1.E0,-3.685E0));
#2728=LINE('',#2727,#2726);
#2729=DIRECTION('',(1.E0,0.E0,0.E0));
#2730=VECTOR('',#2729,1.7E0);
#2731=CARTESIAN_POINT('',(-8.075E0,1.E0,-3.685E0));
#2732=LINE('',#2731,#2730);
#2733=DIRECTION('',(1.E0,0.E0,0.E0));
#2734=VECTOR('',#2733,1.7E0);
#2735=CARTESIAN_POINT('',(-8.075E0,-1.E0,-3.685E0));
#2736=LINE('',#2735,#2734);
#2737=DIRECTION('',(0.E0,0.E0,1.E0));
#2738=VECTOR('',#2737,6.E-1);
#2739=CARTESIAN_POINT('',(-6.375E0,1.E0,-4.285E0));
#2740=LINE('',#2739,#2738);
#2741=DIRECTION('',(0.E0,-1.E0,0.E0));
#2742=VECTOR('',#2741,2.E0);
#2743=CARTESIAN_POINT('',(-6.375E0,1.E0,-3.685E0));
#2744=LINE('',#2743,#2742);
#2745=DIRECTION('',(0.E0,0.E0,-1.E0));
#2746=VECTOR('',#2745,6.E-1);
#2747=CARTESIAN_POINT('',(-6.375E0,-1.E0,-3.685E0));
#2748=LINE('',#2747,#2746);
#2749=DIRECTION('',(-1.E0,0.E0,0.E0));
#2750=VECTOR('',#2749,2.36E0);
#2751=CARTESIAN_POINT('',(-1.82E0,-3.43E0,-4.955E0));
#2752=LINE('',#2751,#2750);
#2753=DIRECTION('',(0.E0,1.E0,0.E0));
#2754=VECTOR('',#2753,1.4E-1);
#2755=CARTESIAN_POINT('',(-1.82E0,-3.43E0,-4.955E0));
#2756=LINE('',#2755,#2754);
#2757=DIRECTION('',(1.E0,0.E0,0.E0));
#2758=VECTOR('',#2757,6.4E-1);
#2759=CARTESIAN_POINT('',(-1.82E0,-3.29E0,-4.955E0));
#2760=LINE('',#2759,#2758);
#2761=DIRECTION('',(0.E0,1.E0,0.E0));
#2762=VECTOR('',#2761,1.4E-1);
#2763=CARTESIAN_POINT('',(-1.18E0,-3.43E0,-4.955E0));
#2764=LINE('',#2763,#2762);
#2765=DIRECTION('',(-1.E0,0.E0,0.E0));
#2766=VECTOR('',#2765,2.36E0);
#2767=CARTESIAN_POINT('',(1.18E0,-3.43E0,-4.955E0));
#2768=LINE('',#2767,#2766);
#2769=DIRECTION('',(0.E0,1.E0,0.E0));
#2770=VECTOR('',#2769,1.4E-1);
#2771=CARTESIAN_POINT('',(1.18E0,-3.43E0,-4.955E0));
#2772=LINE('',#2771,#2770);
#2773=DIRECTION('',(1.E0,0.E0,0.E0));
#2774=VECTOR('',#2773,6.4E-1);
#2775=CARTESIAN_POINT('',(1.18E0,-3.29E0,-4.955E0));
#2776=LINE('',#2775,#2774);
#2777=DIRECTION('',(0.E0,1.E0,0.E0));
#2778=VECTOR('',#2777,1.4E-1);
#2779=CARTESIAN_POINT('',(1.82E0,-3.43E0,-4.955E0));
#2780=LINE('',#2779,#2778);
#2781=DIRECTION('',(-1.E0,0.E0,0.E0));
#2782=VECTOR('',#2781,2.36E0);
#2783=CARTESIAN_POINT('',(4.18E0,-3.43E0,-4.955E0));
#2784=LINE('',#2783,#2782);
#2785=DIRECTION('',(0.E0,1.E0,0.E0));
#2786=VECTOR('',#2785,1.4E-1);
#2787=CARTESIAN_POINT('',(4.18E0,-3.43E0,-4.955E0));
#2788=LINE('',#2787,#2786);
#2789=DIRECTION('',(1.E0,0.E0,0.E0));
#2790=VECTOR('',#2789,6.4E-1);
#2791=CARTESIAN_POINT('',(4.18E0,-3.29E0,-4.955E0));
#2792=LINE('',#2791,#2790);
#2793=DIRECTION('',(0.E0,1.E0,0.E0));
#2794=VECTOR('',#2793,1.4E-1);
#2795=CARTESIAN_POINT('',(4.82E0,-3.43E0,-4.955E0));
#2796=LINE('',#2795,#2794);
#2797=DIRECTION('',(-1.E0,0.E0,0.E0));
#2798=VECTOR('',#2797,2.055E0);
#2799=CARTESIAN_POINT('',(6.875E0,-3.43E0,-4.955E0));
#2800=LINE('',#2799,#2798);
#2801=DIRECTION('',(0.E0,1.E0,0.E0));
#2802=VECTOR('',#2801,5.1E-1);
#2803=CARTESIAN_POINT('',(6.875E0,-3.94E0,-4.955E0));
#2804=LINE('',#2803,#2802);
#2805=DIRECTION('',(-1.E0,0.E0,0.E0));
#2806=VECTOR('',#2805,1.615E1);
#2807=CARTESIAN_POINT('',(8.075E0,-2.78E0,-4.955E0));
#2808=LINE('',#2807,#2806);
#2809=DIRECTION('',(0.E0,1.E0,0.E0));
#2810=VECTOR('',#2809,5.1E-1);
#2811=CARTESIAN_POINT('',(-6.875E0,-3.94E0,-4.955E0));
#2812=LINE('',#2811,#2810);
#2813=DIRECTION('',(-1.E0,0.E0,0.E0));
#2814=VECTOR('',#2813,2.055E0);
#2815=CARTESIAN_POINT('',(-4.82E0,-3.43E0,-4.955E0));
#2816=LINE('',#2815,#2814);
#2817=DIRECTION('',(0.E0,1.E0,0.E0));
#2818=VECTOR('',#2817,1.4E-1);
#2819=CARTESIAN_POINT('',(-4.82E0,-3.43E0,-4.955E0));
#2820=LINE('',#2819,#2818);
#2821=DIRECTION('',(1.E0,0.E0,0.E0));
#2822=VECTOR('',#2821,6.4E-1);
#2823=CARTESIAN_POINT('',(-4.82E0,-3.29E0,-4.955E0));
#2824=LINE('',#2823,#2822);
#2825=DIRECTION('',(0.E0,1.E0,0.E0));
#2826=VECTOR('',#2825,1.4E-1);
#2827=CARTESIAN_POINT('',(-4.18E0,-3.43E0,-4.955E0));
#2828=LINE('',#2827,#2826);
#2829=DIRECTION('',(-1.E0,0.E0,0.E0));
#2830=VECTOR('',#2829,6.4E-1);
#2831=CARTESIAN_POINT('',(-1.18E0,-3.29E0,-5.425E0));
#2832=LINE('',#2831,#2830);
#2833=DIRECTION('',(-1.E0,0.E0,0.E0));
#2834=VECTOR('',#2833,6.4E-1);
#2835=CARTESIAN_POINT('',(-1.18E0,-3.93E0,-5.425E0));
#2836=LINE('',#2835,#2834);
#2837=DIRECTION('',(-1.E0,0.E0,0.E0));
#2838=VECTOR('',#2837,6.4E-1);
#2839=CARTESIAN_POINT('',(-1.18E0,-3.93E0,-3.745E0));
#2840=LINE('',#2839,#2838);
#2841=DIRECTION('',(0.E0,0.E0,-1.E0));
#2842=VECTOR('',#2841,1.425030241322E0);
#2843=CARTESIAN_POINT('',(1.18E0,1.18E0,-4.285E0));
#2844=LINE('',#2843,#2842);
#2845=CARTESIAN_POINT('',(1.18E0,6.8E-1,-5.710030241322E0));
#2846=DIRECTION('',(-1.E0,0.E0,0.E0));
#2847=DIRECTION('',(0.E0,1.E0,0.E0));
#2848=AXIS2_PLACEMENT_3D('',#2845,#2846,#2847);
#2850=DIRECTION('',(0.E0,-9.038807571657E-1,-4.277844981127E-1));
#2851=VECTOR('',#2850,5.336867956104E0);
#2852=CARTESIAN_POINT('',(1.18E0,8.938922490563E-1,-6.161970619905E0));
#2853=LINE('',#2852,#2851);
#2854=DIRECTION('',(0.E0,0.E0,-1.E0));
#2855=VECTOR('',#2854,1.68E0);
#2856=CARTESIAN_POINT('',(1.18E0,-3.93E0,-8.445E0));
#2857=LINE('',#2856,#2855);
#2858=CARTESIAN_POINT('',(1.18E0,-3.61E0,-1.0125E1));
#2859=DIRECTION('',(1.E0,0.E0,0.E0));
#2860=DIRECTION('',(0.E0,-1.E0,0.E0));
#2861=AXIS2_PLACEMENT_3D('',#2858,#2859,#2860);
#2863=DIRECTION('',(0.E0,0.E0,1.E0));
#2864=VECTOR('',#2863,1.274838236897E0);
#2865=CARTESIAN_POINT('',(1.18E0,-3.29E0,-1.0125E1));
#2866=LINE('',#2865,#2864);
#2867=DIRECTION('',(0.E0,9.038807571657E-1,4.277844981127E-1));
#2868=VECTOR('',#2867,4.547059960528E0);
#2869=CARTESIAN_POINT('',(1.18E0,-3.29E0,-8.850161763103E0));
#2870=LINE('',#2869,#2868);
#2871=DIRECTION('',(0.E0,1.E0,0.E0));
#2872=VECTOR('',#2871,1.E0);
#2873=CARTESIAN_POINT('',(1.18E0,8.2E-1,-6.905E0));
#2874=LINE('',#2873,#2872);
#2875=DIRECTION('',(0.E0,0.E0,1.E0));
#2876=VECTOR('',#2875,1.95E0);
#2877=CARTESIAN_POINT('',(1.18E0,1.82E0,-6.905E0));
#2878=LINE('',#2877,#2876);
#2879=DIRECTION('',(0.E0,0.E0,-1.E0));
#2880=VECTOR('',#2879,6.7E-1);
#2881=CARTESIAN_POINT('',(1.18E0,-3.2E-1,-4.285E0));
#2882=LINE('',#2881,#2880);
#2883=DIRECTION('',(0.E0,1.E0,0.E0));
#2884=VECTOR('',#2883,6.4E-1);
#2885=CARTESIAN_POINT('',(1.18E0,-3.2E-1,-4.955E0));
#2886=LINE('',#2885,#2884);
#2887=DIRECTION('',(0.E0,0.E0,1.E0));
#2888=VECTOR('',#2887,6.7E-1);
#2889=CARTESIAN_POINT('',(1.18E0,3.2E-1,-4.955E0));
#2890=LINE('',#2889,#2888);
#2891=DIRECTION('',(0.E0,-1.E0,0.E0));
#2892=VECTOR('',#2891,5.E-1);
#2893=CARTESIAN_POINT('',(1.18E0,-3.43E0,-3.745E0));
#2894=LINE('',#2893,#2892);
#2895=DIRECTION('',(0.E0,0.E0,-1.E0));
#2896=VECTOR('',#2895,1.68E0);
#2897=CARTESIAN_POINT('',(1.18E0,-3.93E0,-3.745E0));
#2898=LINE('',#2897,#2896);
#2899=CARTESIAN_POINT('',(1.18E0,-3.61E0,-5.425E0));
#2900=DIRECTION('',(1.E0,0.E0,0.E0));
#2901=DIRECTION('',(0.E0,-1.E0,0.E0));
#2902=AXIS2_PLACEMENT_3D('',#2899,#2900,#2901);
#2904=DIRECTION('',(0.E0,0.E0,1.E0));
#2905=VECTOR('',#2904,4.7E-1);
#2906=CARTESIAN_POINT('',(1.18E0,-3.29E0,-5.425E0));
#2907=LINE('',#2906,#2905);
#2908=DIRECTION('',(0.E0,1.E0,0.E0));
#2909=VECTOR('',#2908,6.4E-1);
#2910=CARTESIAN_POINT('',(1.18E0,1.18E0,1.555E0));
#2911=LINE('',#2910,#2909);
#2912=DIRECTION('',(0.E0,0.E0,-1.E0));
#2913=VECTOR('',#2912,3.2E0);
#2914=CARTESIAN_POINT('',(1.18E0,1.18E0,1.555E0));
#2915=LINE('',#2914,#2913);
#2916=DIRECTION('',(0.E0,0.E0,1.E0));
#2917=VECTOR('',#2916,3.2E0);
#2918=CARTESIAN_POINT('',(1.18E0,1.82E0,-1.645E0));
#2919=LINE('',#2918,#2917);
#2920=DIRECTION('',(0.E0,1.E0,0.E0));
#2921=VECTOR('',#2920,6.4E-1);
#2922=CARTESIAN_POINT('',(1.18E0,-1.82E0,1.555E0));
#2923=LINE('',#2922,#2921);
#2924=DIRECTION('',(0.E0,0.E0,-1.E0));
#2925=VECTOR('',#2924,3.2E0);
#2926=CARTESIAN_POINT('',(1.18E0,-1.82E0,1.555E0));
#2927=LINE('',#2926,#2925);
#2928=DIRECTION('',(0.E0,0.E0,1.E0));
#2929=VECTOR('',#2928,3.2E0);
#2930=CARTESIAN_POINT('',(1.18E0,-1.18E0,-1.645E0));
#2931=LINE('',#2930,#2929);
#2932=DIRECTION('',(-1.E0,0.E0,0.E0));
#2933=VECTOR('',#2932,6.4E-1);
#2934=CARTESIAN_POINT('',(1.82E0,1.18E0,1.555E0));
#2935=LINE('',#2934,#2933);
#2936=DIRECTION('',(0.E0,0.E0,1.E0));
#2937=VECTOR('',#2936,1.3E0);
#2938=CARTESIAN_POINT('',(1.18E0,1.82E0,-4.955E0));
#2939=LINE('',#2938,#2937);
#2940=DIRECTION('',(0.E0,0.E0,1.E0));
#2941=VECTOR('',#2940,6.3E-1);
#2942=CARTESIAN_POINT('',(1.18E0,1.18E0,-4.285E0));
#2943=LINE('',#2942,#2941);
#2944=DIRECTION('',(0.E0,0.E0,1.E0));
#2945=VECTOR('',#2944,6.3E-1);
#2946=CARTESIAN_POINT('',(1.18E0,3.2E-1,-4.285E0));
#2947=LINE('',#2946,#2945);
#2948=DIRECTION('',(0.E0,0.E0,-1.E0));
#2949=VECTOR('',#2948,6.3E-1);
#2950=CARTESIAN_POINT('',(1.18E0,-1.18E0,-3.655E0));
#2951=LINE('',#2950,#2949);
#2952=DIRECTION('',(0.E0,0.E0,1.E0));
#2953=VECTOR('',#2952,6.3E-1);
#2954=CARTESIAN_POINT('',(1.18E0,-3.2E-1,-4.285E0));
#2955=LINE('',#2954,#2953);
#2956=DIRECTION('',(-1.E0,0.E0,0.E0));
#2957=VECTOR('',#2956,6.4E-1);
#2958=CARTESIAN_POINT('',(1.82E0,1.82E0,-6.905E0));
#2959=LINE('',#2958,#2957);
#2960=DIRECTION('',(-1.E0,0.E0,0.E0));
#2961=VECTOR('',#2960,6.4E-1);
#2962=CARTESIAN_POINT('',(1.82E0,1.82E0,1.555E0));
#2963=LINE('',#2962,#2961);
#2964=DIRECTION('',(-1.E0,0.E0,0.E0));
#2965=VECTOR('',#2964,6.4E-1);
#2966=CARTESIAN_POINT('',(1.82E0,8.2E-1,-6.905E0));
#2967=LINE('',#2966,#2965);
#2968=DIRECTION('',(0.E0,0.E0,1.E0));
#2969=VECTOR('',#2968,1.95E0);
#2970=CARTESIAN_POINT('',(1.82E0,1.82E0,-6.905E0));
#2971=LINE('',#2970,#2969);
#2972=DIRECTION('',(0.E0,1.E0,0.E0));
#2973=VECTOR('',#2972,1.E0);
#2974=CARTESIAN_POINT('',(1.82E0,8.2E-1,-6.905E0));
#2975=LINE('',#2974,#2973);
#2976=DIRECTION('',(0.E0,9.038807571657E-1,4.277844981127E-1));
#2977=VECTOR('',#2976,4.547059960528E0);
#2978=CARTESIAN_POINT('',(1.82E0,-3.29E0,-8.850161763103E0));
#2979=LINE('',#2978,#2977);
#2980=DIRECTION('',(0.E0,0.E0,1.E0));
#2981=VECTOR('',#2980,1.274838236897E0);
#2982=CARTESIAN_POINT('',(1.82E0,-3.29E0,-1.0125E1));
#2983=LINE('',#2982,#2981);
#2984=CARTESIAN_POINT('',(1.82E0,-3.61E0,-1.0125E1));
#2985=DIRECTION('',(1.E0,0.E0,0.E0));
#2986=DIRECTION('',(0.E0,-1.E0,0.E0));
#2987=AXIS2_PLACEMENT_3D('',#2984,#2985,#2986);
#2989=DIRECTION('',(0.E0,0.E0,-1.E0));
#2990=VECTOR('',#2989,1.68E0);
#2991=CARTESIAN_POINT('',(1.82E0,-3.93E0,-8.445E0));
#2992=LINE('',#2991,#2990);
#2993=DIRECTION('',(0.E0,-9.038807571657E-1,-4.277844981127E-1));
#2994=VECTOR('',#2993,5.336867956104E0);
#2995=CARTESIAN_POINT('',(1.82E0,8.938922490563E-1,-6.161970619905E0));
#2996=LINE('',#2995,#2994);
#2997=CARTESIAN_POINT('',(1.82E0,6.8E-1,-5.710030241322E0));
#2998=DIRECTION('',(-1.E0,0.E0,0.E0));
#2999=DIRECTION('',(0.E0,1.E0,0.E0));
#3000=AXIS2_PLACEMENT_3D('',#2997,#2998,#2999);
#3002=DIRECTION('',(0.E0,0.E0,-1.E0));
#3003=VECTOR('',#3002,1.425030241322E0);
#3004=CARTESIAN_POINT('',(1.82E0,1.18E0,-4.285E0));
#3005=LINE('',#3004,#3003);
#3006=DIRECTION('',(0.E0,0.E0,1.E0));
#3007=VECTOR('',#3006,6.7E-1);
#3008=CARTESIAN_POINT('',(1.82E0,3.2E-1,-4.955E0));
#3009=LINE('',#3008,#3007);
#3010=DIRECTION('',(0.E0,1.E0,0.E0));
#3011=VECTOR('',#3010,6.4E-1);
#3012=CARTESIAN_POINT('',(1.82E0,-3.2E-1,-4.955E0));
#3013=LINE('',#3012,#3011);
#3014=DIRECTION('',(0.E0,0.E0,-1.E0));
#3015=VECTOR('',#3014,6.7E-1);
#3016=CARTESIAN_POINT('',(1.82E0,-3.2E-1,-4.285E0));
#3017=LINE('',#3016,#3015);
#3018=DIRECTION('',(0.E0,0.E0,1.E0));
#3019=VECTOR('',#3018,4.7E-1);
#3020=CARTESIAN_POINT('',(1.82E0,-3.29E0,-5.425E0));
#3021=LINE('',#3020,#3019);
#3022=CARTESIAN_POINT('',(1.82E0,-3.61E0,-5.425E0));
#3023=DIRECTION('',(1.E0,0.E0,0.E0));
#3024=DIRECTION('',(0.E0,-1.E0,0.E0));
#3025=AXIS2_PLACEMENT_3D('',#3022,#3023,#3024);
#3027=DIRECTION('',(0.E0,0.E0,-1.E0));
#3028=VECTOR('',#3027,1.68E0);
#3029=CARTESIAN_POINT('',(1.82E0,-3.93E0,-3.745E0));
#3030=LINE('',#3029,#3028);
#3031=DIRECTION('',(0.E0,-1.E0,0.E0));
#3032=VECTOR('',#3031,5.E-1);
#3033=CARTESIAN_POINT('',(1.82E0,-3.43E0,-3.745E0));
#3034=LINE('',#3033,#3032);
#3035=DIRECTION('',(0.E0,-1.E0,0.E0));
#3036=VECTOR('',#3035,6.4E-1);
#3037=CARTESIAN_POINT('',(1.82E0,1.82E0,1.555E0));
#3038=LINE('',#3037,#3036);
#3039=DIRECTION('',(0.E0,0.E0,1.E0));
#3040=VECTOR('',#3039,3.2E0);
#3041=CARTESIAN_POINT('',(1.82E0,1.82E0,-1.645E0));
#3042=LINE('',#3041,#3040);
#3043=DIRECTION('',(0.E0,0.E0,-1.E0));
#3044=VECTOR('',#3043,3.2E0);
#3045=CARTESIAN_POINT('',(1.82E0,1.18E0,1.555E0));
#3046=LINE('',#3045,#3044);
#3047=DIRECTION('',(0.E0,-1.E0,0.E0));
#3048=VECTOR('',#3047,6.4E-1);
#3049=CARTESIAN_POINT('',(1.82E0,-1.18E0,1.555E0));
#3050=LINE('',#3049,#3048);
#3051=DIRECTION('',(0.E0,0.E0,1.E0));
#3052=VECTOR('',#3051,3.2E0);
#3053=CARTESIAN_POINT('',(1.82E0,-1.18E0,-1.645E0));
#3054=LINE('',#3053,#3052);
#3055=DIRECTION('',(0.E0,0.E0,-1.E0));
#3056=VECTOR('',#3055,3.2E0);
#3057=CARTESIAN_POINT('',(1.82E0,-1.82E0,1.555E0));
#3058=LINE('',#3057,#3056);
#3059=DIRECTION('',(-1.E0,0.E0,0.E0));
#3060=VECTOR('',#3059,6.4E-1);
#3061=CARTESIAN_POINT('',(1.82E0,-3.29E0,-8.850161763103E0));
#3062=LINE('',#3061,#3060);
#3063=DIRECTION('',(-1.E0,0.E0,0.E0));
#3064=VECTOR('',#3063,6.4E-1);
#3065=CARTESIAN_POINT('',(1.82E0,-3.29E0,-1.0125E1));
#3066=LINE('',#3065,#3064);
#3067=DIRECTION('',(-1.E0,0.E0,0.E0));
#3068=VECTOR('',#3067,6.4E-1);
#3069=CARTESIAN_POINT('',(1.82E0,-3.93E0,-1.0125E1));
#3070=LINE('',#3069,#3068);
#3071=DIRECTION('',(-1.E0,0.E0,0.E0));
#3072=VECTOR('',#3071,6.4E-1);
#3073=CARTESIAN_POINT('',(1.82E0,-3.93E0,-8.445E0));
#3074=LINE('',#3073,#3072);
#3075=DIRECTION('',(-1.E0,0.E0,0.E0));
#3076=VECTOR('',#3075,6.4E-1);
#3077=CARTESIAN_POINT('',(1.82E0,8.938922490563E-1,-6.161970619905E0));
#3078=LINE('',#3077,#3076);
#3079=DIRECTION('',(-1.E0,0.E0,0.E0));
#3080=VECTOR('',#3079,6.4E-1);
#3081=CARTESIAN_POINT('',(1.82E0,1.18E0,-5.710030241322E0));
#3082=LINE('',#3081,#3080);
#3083=DIRECTION('',(-1.E0,0.E0,0.E0));
#3084=VECTOR('',#3083,6.4E-1);
#3085=CARTESIAN_POINT('',(1.82E0,3.2E-1,-4.955E0));
#3086=LINE('',#3085,#3084);
#3087=DIRECTION('',(0.E0,0.E0,-1.E0));
#3088=VECTOR('',#3087,1.3E0);
#3089=CARTESIAN_POINT('',(1.82E0,1.82E0,-3.655E0));
#3090=LINE('',#3089,#3088);
#3091=DIRECTION('',(0.E0,-1.E0,0.E0));
#3092=VECTOR('',#3091,1.355E0);
#3093=CARTESIAN_POINT('',(1.82E0,3.175E0,-3.655E0));
#3094=LINE('',#3093,#3092);
#3095=DIRECTION('',(0.E0,0.E0,-1.E0));
#3096=VECTOR('',#3095,6.3E-1);
#3097=CARTESIAN_POINT('',(1.82E0,1.18E0,-3.655E0));
#3098=LINE('',#3097,#3096);
#3099=DIRECTION('',(0.E0,-1.E0,0.E0));
#3100=VECTOR('',#3099,8.6E-1);
#3101=CARTESIAN_POINT('',(1.82E0,1.18E0,-3.655E0));
#3102=LINE('',#3101,#3100);
#3103=DIRECTION('',(0.E0,0.E0,-1.E0));
#3104=VECTOR('',#3103,6.3E-1);
#3105=CARTESIAN_POINT('',(1.82E0,3.2E-1,-3.655E0));
#3106=LINE('',#3105,#3104);
#3107=DIRECTION('',(0.E0,0.E0,-1.E0));
#3108=VECTOR('',#3107,6.3E-1);
#3109=CARTESIAN_POINT('',(1.82E0,-3.2E-1,-3.655E0));
#3110=LINE('',#3109,#3108);
#3111=DIRECTION('',(0.E0,-1.E0,0.E0));
#3112=VECTOR('',#3111,8.6E-1);
#3113=CARTESIAN_POINT('',(1.82E0,-3.2E-1,-3.655E0));
#3114=LINE('',#3113,#3112);
#3115=DIRECTION('',(0.E0,0.E0,-1.E0));
#3116=VECTOR('',#3115,6.3E-1);
#3117=CARTESIAN_POINT('',(1.82E0,-1.18E0,-3.655E0));
#3118=LINE('',#3117,#3116);
#3119=DIRECTION('',(1.E0,0.E0,0.E0));
#3120=VECTOR('',#3119,6.4E-1);
#3121=CARTESIAN_POINT('',(1.18E0,1.82E0,-3.655E0));
#3122=LINE('',#3121,#3120);
#3123=DIRECTION('',(0.E0,-1.E0,0.E0));
#3124=VECTOR('',#3123,1.355E0);
#3125=CARTESIAN_POINT('',(1.18E0,3.175E0,-3.655E0));
#3126=LINE('',#3125,#3124);
#3127=DIRECTION('',(1.E0,0.E0,0.E0));
#3128=VECTOR('',#3127,6.4E-1);
#3129=CARTESIAN_POINT('',(1.18E0,1.18E0,-3.655E0));
#3130=LINE('',#3129,#3128);
#3131=DIRECTION('',(0.E0,-1.E0,0.E0));
#3132=VECTOR('',#3131,8.6E-1);
#3133=CARTESIAN_POINT('',(1.18E0,1.18E0,-3.655E0));
#3134=LINE('',#3133,#3132);
#3135=DIRECTION('',(1.E0,0.E0,0.E0));
#3136=VECTOR('',#3135,6.4E-1);
#3137=CARTESIAN_POINT('',(1.18E0,3.2E-1,-3.655E0));
#3138=LINE('',#3137,#3136);
#3139=DIRECTION('',(1.E0,0.E0,0.E0));
#3140=VECTOR('',#3139,6.4E-1);
#3141=CARTESIAN_POINT('',(1.18E0,-3.2E-1,-3.655E0));
#3142=LINE('',#3141,#3140);
#3143=DIRECTION('',(0.E0,-1.E0,0.E0));
#3144=VECTOR('',#3143,8.6E-1);
#3145=CARTESIAN_POINT('',(1.18E0,-3.2E-1,-3.655E0));
#3146=LINE('',#3145,#3144);
#3147=DIRECTION('',(1.E0,0.E0,0.E0));
#3148=VECTOR('',#3147,6.4E-1);
#3149=CARTESIAN_POINT('',(1.18E0,-1.18E0,-3.655E0));
#3150=LINE('',#3149,#3148);
#3151=DIRECTION('',(-1.E0,0.E0,0.E0));
#3152=VECTOR('',#3151,6.4E-1);
#3153=CARTESIAN_POINT('',(1.82E0,-3.2E-1,-4.955E0));
#3154=LINE('',#3153,#3152);
#3155=DIRECTION('',(-1.E0,0.E0,0.E0));
#3156=VECTOR('',#3155,6.4E-1);
#3157=CARTESIAN_POINT('',(1.82E0,-1.18E0,-4.285E0));
#3158=LINE('',#3157,#3156);
#3159=DIRECTION('',(-1.E0,0.E0,0.E0));
#3160=VECTOR('',#3159,6.4E-1);
#3161=CARTESIAN_POINT('',(1.82E0,-1.18E0,1.555E0));
#3162=LINE('',#3161,#3160);
#3163=DIRECTION('',(1.744369497455E-1,1.744369497455E-1,-9.690941652528E-1));
#3164=VECTOR('',#3163,1.031891467161E0);
#3165=CARTESIAN_POINT('',(1.64E0,-1.36E0,2.555E0));
#3166=LINE('',#3165,#3164);
#3167=DIRECTION('',(-1.E0,0.E0,0.E0));
#3168=VECTOR('',#3167,2.8E-1);
#3169=CARTESIAN_POINT('',(1.64E0,-1.64E0,2.555E0));
#3170=LINE('',#3169,#3168);
#3171=DIRECTION('',(0.E0,1.E0,0.E0));
#3172=VECTOR('',#3171,2.8E-1);
#3173=CARTESIAN_POINT('',(1.36E0,-1.64E0,2.555E0));
#3174=LINE('',#3173,#3172);
#3175=DIRECTION('',(-1.E0,0.E0,0.E0));
#3176=VECTOR('',#3175,2.8E-1);
#3177=CARTESIAN_POINT('',(1.64E0,-1.36E0,2.555E0));
#3178=LINE('',#3177,#3176);
#3179=DIRECTION('',(0.E0,-1.E0,0.E0));
#3180=VECTOR('',#3179,2.8E-1);
#3181=CARTESIAN_POINT('',(1.64E0,-1.36E0,2.555E0));
#3182=LINE('',#3181,#3180);
#3183=DIRECTION('',(-1.744369497455E-1,1.744369497455E-1,9.690941652528E-1));
#3184=VECTOR('',#3183,1.031891467161E0);
#3185=CARTESIAN_POINT('',(1.82E0,-1.82E0,1.555E0));
#3186=LINE('',#3185,#3184);
#3187=DIRECTION('',(-1.744369497455E-1,-1.744369497455E-1,-9.690941652528E-1));
#3188=VECTOR('',#3187,1.031891467161E0);
#3189=CARTESIAN_POINT('',(1.36E0,-1.64E0,2.555E0));
#3190=LINE('',#3189,#3188);
#3191=DIRECTION('',(-1.E0,0.E0,0.E0));
#3192=VECTOR('',#3191,6.4E-1);
#3193=CARTESIAN_POINT('',(1.82E0,-1.82E0,1.555E0));
#3194=LINE('',#3193,#3192);
#3195=DIRECTION('',(-1.744369497455E-1,1.744369497455E-1,-9.690941652528E-1));
#3196=VECTOR('',#3195,1.031891467161E0);
#3197=CARTESIAN_POINT('',(1.36E0,-1.36E0,2.555E0));
#3198=LINE('',#3197,#3196);
#3199=DIRECTION('',(-1.E0,0.E0,0.E0));
#3200=VECTOR('',#3199,6.4E-1);
#3201=CARTESIAN_POINT('',(1.82E0,-3.29E0,-5.425E0));
#3202=LINE('',#3201,#3200);
#3203=DIRECTION('',(-1.E0,0.E0,0.E0));
#3204=VECTOR('',#3203,6.4E-1);
#3205=CARTESIAN_POINT('',(1.82E0,-3.93E0,-5.425E0));
#3206=LINE('',#3205,#3204);
#3207=DIRECTION('',(-1.E0,0.E0,0.E0));
#3208=VECTOR('',#3207,6.4E-1);
#3209=CARTESIAN_POINT('',(1.82E0,-3.93E0,-3.745E0));
#3210=LINE('',#3209,#3208);
#3211=DIRECTION('',(-1.E0,0.E0,0.E0));
#3212=VECTOR('',#3211,2.8E-1);
#3213=CARTESIAN_POINT('',(1.64E0,1.36E0,2.555E0));
#3214=LINE('',#3213,#3212);
#3215=DIRECTION('',(0.E0,1.E0,0.E0));
#3216=VECTOR('',#3215,2.8E-1);
#3217=CARTESIAN_POINT('',(1.36E0,1.36E0,2.555E0));
#3218=LINE('',#3217,#3216);
#3219=DIRECTION('',(-1.E0,0.E0,0.E0));
#3220=VECTOR('',#3219,2.8E-1);
#3221=CARTESIAN_POINT('',(1.64E0,1.64E0,2.555E0));
#3222=LINE('',#3221,#3220);
#3223=DIRECTION('',(0.E0,-1.E0,0.E0));
#3224=VECTOR('',#3223,2.8E-1);
#3225=CARTESIAN_POINT('',(1.64E0,1.64E0,2.555E0));
#3226=LINE('',#3225,#3224);
#3227=DIRECTION('',(-1.744369497455E-1,1.744369497455E-1,9.690941652528E-1));
#3228=VECTOR('',#3227,1.031891467161E0);
#3229=CARTESIAN_POINT('',(1.82E0,1.18E0,1.555E0));
#3230=LINE('',#3229,#3228);
#3231=DIRECTION('',(-1.744369497455E-1,-1.744369497455E-1,-9.690941652528E-1));
#3232=VECTOR('',#3231,1.031891467161E0);
#3233=CARTESIAN_POINT('',(1.36E0,1.36E0,2.555E0));
#3234=LINE('',#3233,#3232);
#3235=DIRECTION('',(-1.744369497455E-1,1.744369497455E-1,-9.690941652528E-1));
#3236=VECTOR('',#3235,1.031891467161E0);
#3237=CARTESIAN_POINT('',(1.36E0,1.64E0,2.555E0));
#3238=LINE('',#3237,#3236);
#3239=DIRECTION('',(1.744369497455E-1,1.744369497455E-1,-9.690941652528E-1));
#3240=VECTOR('',#3239,1.031891467161E0);
#3241=CARTESIAN_POINT('',(1.64E0,1.64E0,2.555E0));
#3242=LINE('',#3241,#3240);
#3243=DIRECTION('',(0.E0,-1.E0,0.E0));
#3244=VECTOR('',#3243,5.E-1);
#3245=CARTESIAN_POINT('',(4.18E0,-3.43E0,-3.745E0));
#3246=LINE('',#3245,#3244);
#3247=DIRECTION('',(0.E0,0.E0,-1.E0));
#3248=VECTOR('',#3247,1.68E0);
#3249=CARTESIAN_POINT('',(4.18E0,-3.93E0,-3.745E0));
#3250=LINE('',#3249,#3248);
#3251=CARTESIAN_POINT('',(4.18E0,-3.61E0,-5.425E0));
#3252=DIRECTION('',(1.E0,0.E0,0.E0));
#3253=DIRECTION('',(0.E0,-1.E0,0.E0));
#3254=AXIS2_PLACEMENT_3D('',#3251,#3252,#3253);
#3256=DIRECTION('',(0.E0,0.E0,1.E0));
#3257=VECTOR('',#3256,4.7E-1);
#3258=CARTESIAN_POINT('',(4.18E0,-3.29E0,-5.425E0));
#3259=LINE('',#3258,#3257);
#3260=DIRECTION('',(0.E0,0.E0,1.E0));
#3261=VECTOR('',#3260,1.95E0);
#3262=CARTESIAN_POINT('',(4.18E0,1.82E0,-6.905E0));
#3263=LINE('',#3262,#3261);
#3264=DIRECTION('',(0.E0,0.E0,-1.E0));
#3265=VECTOR('',#3264,1.425030241322E0);
#3266=CARTESIAN_POINT('',(4.18E0,1.18E0,-4.285E0));
#3267=LINE('',#3266,#3265);
#3268=CARTESIAN_POINT('',(4.18E0,6.8E-1,-5.710030241322E0));
#3269=DIRECTION('',(-1.E0,0.E0,0.E0));
#3270=DIRECTION('',(0.E0,1.E0,0.E0));
#3271=AXIS2_PLACEMENT_3D('',#3268,#3269,#3270);
#3273=DIRECTION('',(0.E0,-9.038807571657E-1,-4.277844981127E-1));
#3274=VECTOR('',#3273,5.336867956104E0);
#3275=CARTESIAN_POINT('',(4.18E0,8.938922490563E-1,-6.161970619905E0));
#3276=LINE('',#3275,#3274);
#3277=DIRECTION('',(0.E0,0.E0,-1.E0));
#3278=VECTOR('',#3277,1.68E0);
#3279=CARTESIAN_POINT('',(4.18E0,-3.93E0,-8.445E0));
#3280=LINE('',#3279,#3278);
#3281=CARTESIAN_POINT('',(4.18E0,-3.61E0,-1.0125E1));
#3282=DIRECTION('',(1.E0,0.E0,0.E0));
#3283=DIRECTION('',(0.E0,-1.E0,0.E0));
#3284=AXIS2_PLACEMENT_3D('',#3281,#3282,#3283);
#3286=DIRECTION('',(0.E0,0.E0,1.E0));
#3287=VECTOR('',#3286,1.274838236897E0);
#3288=CARTESIAN_POINT('',(4.18E0,-3.29E0,-1.0125E1));
#3289=LINE('',#3288,#3287);
#3290=DIRECTION('',(0.E0,9.038807571657E-1,4.277844981127E-1));
#3291=VECTOR('',#3290,4.547059960528E0);
#3292=CARTESIAN_POINT('',(4.18E0,-3.29E0,-8.850161763103E0));
#3293=LINE('',#3292,#3291);
#3294=DIRECTION('',(0.E0,1.E0,0.E0));
#3295=VECTOR('',#3294,1.E0);
#3296=CARTESIAN_POINT('',(4.18E0,8.2E-1,-6.905E0));
#3297=LINE('',#3296,#3295);
#3298=DIRECTION('',(0.E0,0.E0,-1.E0));
#3299=VECTOR('',#3298,6.7E-1);
#3300=CARTESIAN_POINT('',(4.18E0,-3.2E-1,-4.285E0));
#3301=LINE('',#3300,#3299);
#3302=DIRECTION('',(0.E0,1.E0,0.E0));
#3303=VECTOR('',#3302,6.4E-1);
#3304=CARTESIAN_POINT('',(4.18E0,-3.2E-1,-4.955E0));
#3305=LINE('',#3304,#3303);
#3306=DIRECTION('',(0.E0,0.E0,1.E0));
#3307=VECTOR('',#3306,6.7E-1);
#3308=CARTESIAN_POINT('',(4.18E0,3.2E-1,-4.955E0));
#3309=LINE('',#3308,#3307);
#3310=DIRECTION('',(0.E0,1.E0,0.E0));
#3311=VECTOR('',#3310,6.4E-1);
#3312=CARTESIAN_POINT('',(4.18E0,1.18E0,1.555E0));
#3313=LINE('',#3312,#3311);
#3314=DIRECTION('',(0.E0,0.E0,-1.E0));
#3315=VECTOR('',#3314,3.2E0);
#3316=CARTESIAN_POINT('',(4.18E0,1.18E0,1.555E0));
#3317=LINE('',#3316,#3315);
#3318=DIRECTION('',(0.E0,0.E0,1.E0));
#3319=VECTOR('',#3318,3.2E0);
#3320=CARTESIAN_POINT('',(4.18E0,1.82E0,-1.645E0));
#3321=LINE('',#3320,#3319);
#3322=DIRECTION('',(0.E0,1.E0,0.E0));
#3323=VECTOR('',#3322,6.4E-1);
#3324=CARTESIAN_POINT('',(4.18E0,-1.82E0,1.555E0));
#3325=LINE('',#3324,#3323);
#3326=DIRECTION('',(0.E0,0.E0,-1.E0));
#3327=VECTOR('',#3326,3.2E0);
#3328=CARTESIAN_POINT('',(4.18E0,-1.82E0,1.555E0));
#3329=LINE('',#3328,#3327);
#3330=DIRECTION('',(0.E0,0.E0,1.E0));
#3331=VECTOR('',#3330,3.2E0);
#3332=CARTESIAN_POINT('',(4.18E0,-1.18E0,-1.645E0));
#3333=LINE('',#3332,#3331);
#3334=DIRECTION('',(0.E0,0.E0,1.E0));
#3335=VECTOR('',#3334,1.95E0);
#3336=CARTESIAN_POINT('',(4.82E0,1.82E0,-6.905E0));
#3337=LINE('',#3336,#3335);
#3338=DIRECTION('',(0.E0,1.E0,0.E0));
#3339=VECTOR('',#3338,1.E0);
#3340=CARTESIAN_POINT('',(4.82E0,8.2E-1,-6.905E0));
#3341=LINE('',#3340,#3339);
#3342=DIRECTION('',(0.E0,9.038807571657E-1,4.277844981127E-1));
#3343=VECTOR('',#3342,4.547059960528E0);
#3344=CARTESIAN_POINT('',(4.82E0,-3.29E0,-8.850161763103E0));
#3345=LINE('',#3344,#3343);
#3346=DIRECTION('',(0.E0,0.E0,1.E0));
#3347=VECTOR('',#3346,1.274838236897E0);
#3348=CARTESIAN_POINT('',(4.82E0,-3.29E0,-1.0125E1));
#3349=LINE('',#3348,#3347);
#3350=CARTESIAN_POINT('',(4.82E0,-3.61E0,-1.0125E1));
#3351=DIRECTION('',(1.E0,0.E0,0.E0));
#3352=DIRECTION('',(0.E0,-1.E0,0.E0));
#3353=AXIS2_PLACEMENT_3D('',#3350,#3351,#3352);
#3355=DIRECTION('',(0.E0,0.E0,-1.E0));
#3356=VECTOR('',#3355,1.68E0);
#3357=CARTESIAN_POINT('',(4.82E0,-3.93E0,-8.445E0));
#3358=LINE('',#3357,#3356);
#3359=DIRECTION('',(0.E0,-9.038807571657E-1,-4.277844981127E-1));
#3360=VECTOR('',#3359,5.336867956104E0);
#3361=CARTESIAN_POINT('',(4.82E0,8.938922490563E-1,-6.161970619905E0));
#3362=LINE('',#3361,#3360);
#3363=CARTESIAN_POINT('',(4.82E0,6.8E-1,-5.710030241322E0));
#3364=DIRECTION('',(-1.E0,0.E0,0.E0));
#3365=DIRECTION('',(0.E0,1.E0,0.E0));
#3366=AXIS2_PLACEMENT_3D('',#3363,#3364,#3365);
#3368=DIRECTION('',(0.E0,0.E0,-1.E0));
#3369=VECTOR('',#3368,1.425030241322E0);
#3370=CARTESIAN_POINT('',(4.82E0,1.18E0,-4.285E0));
#3371=LINE('',#3370,#3369);
#3372=DIRECTION('',(0.E0,0.E0,1.E0));
#3373=VECTOR('',#3372,6.7E-1);
#3374=CARTESIAN_POINT('',(4.82E0,3.2E-1,-4.955E0));
#3375=LINE('',#3374,#3373);
#3376=DIRECTION('',(0.E0,1.E0,0.E0));
#3377=VECTOR('',#3376,6.4E-1);
#3378=CARTESIAN_POINT('',(4.82E0,-3.2E-1,-4.955E0));
#3379=LINE('',#3378,#3377);
#3380=DIRECTION('',(0.E0,0.E0,-1.E0));
#3381=VECTOR('',#3380,6.7E-1);
#3382=CARTESIAN_POINT('',(4.82E0,-3.2E-1,-4.285E0));
#3383=LINE('',#3382,#3381);
#3384=DIRECTION('',(0.E0,0.E0,1.E0));
#3385=VECTOR('',#3384,4.7E-1);
#3386=CARTESIAN_POINT('',(4.82E0,-3.29E0,-5.425E0));
#3387=LINE('',#3386,#3385);
#3388=CARTESIAN_POINT('',(4.82E0,-3.61E0,-5.425E0));
#3389=DIRECTION('',(1.E0,0.E0,0.E0));
#3390=DIRECTION('',(0.E0,-1.E0,0.E0));
#3391=AXIS2_PLACEMENT_3D('',#3388,#3389,#3390);
#3393=DIRECTION('',(0.E0,0.E0,-1.E0));
#3394=VECTOR('',#3393,1.68E0);
#3395=CARTESIAN_POINT('',(4.82E0,-3.93E0,-3.745E0));
#3396=LINE('',#3395,#3394);
#3397=DIRECTION('',(0.E0,-1.E0,0.E0));
#3398=VECTOR('',#3397,5.E-1);
#3399=CARTESIAN_POINT('',(4.82E0,-3.43E0,-3.745E0));
#3400=LINE('',#3399,#3398);
#3401=DIRECTION('',(0.E0,-1.E0,0.E0));
#3402=VECTOR('',#3401,6.4E-1);
#3403=CARTESIAN_POINT('',(4.82E0,1.82E0,1.555E0));
#3404=LINE('',#3403,#3402);
#3405=DIRECTION('',(0.E0,0.E0,1.E0));
#3406=VECTOR('',#3405,3.2E0);
#3407=CARTESIAN_POINT('',(4.82E0,1.82E0,-1.645E0));
#3408=LINE('',#3407,#3406);
#3409=DIRECTION('',(0.E0,0.E0,-1.E0));
#3410=VECTOR('',#3409,3.2E0);
#3411=CARTESIAN_POINT('',(4.82E0,1.18E0,1.555E0));
#3412=LINE('',#3411,#3410);
#3413=DIRECTION('',(0.E0,-1.E0,0.E0));
#3414=VECTOR('',#3413,6.4E-1);
#3415=CARTESIAN_POINT('',(4.82E0,-1.18E0,1.555E0));
#3416=LINE('',#3415,#3414);
#3417=DIRECTION('',(0.E0,0.E0,1.E0));
#3418=VECTOR('',#3417,3.2E0);
#3419=CARTESIAN_POINT('',(4.82E0,-1.18E0,-1.645E0));
#3420=LINE('',#3419,#3418);
#3421=DIRECTION('',(0.E0,0.E0,-1.E0));
#3422=VECTOR('',#3421,3.2E0);
#3423=CARTESIAN_POINT('',(4.82E0,-1.82E0,1.555E0));
#3424=LINE('',#3423,#3422);
#3425=DIRECTION('',(-1.E0,0.E0,0.E0));
#3426=VECTOR('',#3425,6.4E-1);
#3427=CARTESIAN_POINT('',(4.82E0,1.82E0,-6.905E0));
#3428=LINE('',#3427,#3426);
#3429=DIRECTION('',(-1.E0,0.E0,0.E0));
#3430=VECTOR('',#3429,6.4E-1);
#3431=CARTESIAN_POINT('',(4.82E0,1.82E0,1.555E0));
#3432=LINE('',#3431,#3430);
#3433=DIRECTION('',(0.E0,0.E0,1.E0));
#3434=VECTOR('',#3433,1.3E0);
#3435=CARTESIAN_POINT('',(4.18E0,1.82E0,-4.955E0));
#3436=LINE('',#3435,#3434);
#3437=DIRECTION('',(0.E0,0.E0,1.E0));
#3438=VECTOR('',#3437,6.3E-1);
#3439=CARTESIAN_POINT('',(4.18E0,1.18E0,-4.285E0));
#3440=LINE('',#3439,#3438);
#3441=DIRECTION('',(0.E0,0.E0,1.E0));
#3442=VECTOR('',#3441,6.3E-1);
#3443=CARTESIAN_POINT('',(4.18E0,3.2E-1,-4.285E0));
#3444=LINE('',#3443,#3442);
#3445=DIRECTION('',(0.E0,0.E0,-1.E0));
#3446=VECTOR('',#3445,6.3E-1);
#3447=CARTESIAN_POINT('',(4.18E0,-1.18E0,-3.655E0));
#3448=LINE('',#3447,#3446);
#3449=DIRECTION('',(0.E0,0.E0,1.E0));
#3450=VECTOR('',#3449,6.3E-1);
#3451=CARTESIAN_POINT('',(4.18E0,-3.2E-1,-4.285E0));
#3452=LINE('',#3451,#3450);
#3453=DIRECTION('',(0.E0,-1.E0,0.E0));
#3454=VECTOR('',#3453,1.355E0);
#3455=CARTESIAN_POINT('',(4.18E0,3.175E0,-3.655E0));
#3456=LINE('',#3455,#3454);
#3457=DIRECTION('',(1.E0,0.E0,0.E0));
#3458=VECTOR('',#3457,6.4E-1);
#3459=CARTESIAN_POINT('',(4.18E0,1.82E0,-3.655E0));
#3460=LINE('',#3459,#3458);
#3461=DIRECTION('',(1.E0,0.E0,0.E0));
#3462=VECTOR('',#3461,6.4E-1);
#3463=CARTESIAN_POINT('',(4.18E0,1.18E0,-3.655E0));
#3464=LINE('',#3463,#3462);
#3465=DIRECTION('',(0.E0,-1.E0,0.E0));
#3466=VECTOR('',#3465,8.6E-1);
#3467=CARTESIAN_POINT('',(4.18E0,1.18E0,-3.655E0));
#3468=LINE('',#3467,#3466);
#3469=DIRECTION('',(1.E0,0.E0,0.E0));
#3470=VECTOR('',#3469,6.4E-1);
#3471=CARTESIAN_POINT('',(4.18E0,3.2E-1,-3.655E0));
#3472=LINE('',#3471,#3470);
#3473=DIRECTION('',(1.E0,0.E0,0.E0));
#3474=VECTOR('',#3473,6.4E-1);
#3475=CARTESIAN_POINT('',(4.18E0,-3.2E-1,-3.655E0));
#3476=LINE('',#3475,#3474);
#3477=DIRECTION('',(0.E0,-1.E0,0.E0));
#3478=VECTOR('',#3477,8.6E-1);
#3479=CARTESIAN_POINT('',(4.18E0,-3.2E-1,-3.655E0));
#3480=LINE('',#3479,#3478);
#3481=DIRECTION('',(1.E0,0.E0,0.E0));
#3482=VECTOR('',#3481,6.4E-1);
#3483=CARTESIAN_POINT('',(4.18E0,-1.18E0,-3.655E0));
#3484=LINE('',#3483,#3482);
#3485=DIRECTION('',(0.E0,-1.E0,0.E0));
#3486=VECTOR('',#3485,1.355E0);
#3487=CARTESIAN_POINT('',(4.82E0,3.175E0,-3.655E0));
#3488=LINE('',#3487,#3486);
#3489=DIRECTION('',(0.E0,0.E0,-1.E0));
#3490=VECTOR('',#3489,1.3E0);
#3491=CARTESIAN_POINT('',(4.82E0,1.82E0,-3.655E0));
#3492=LINE('',#3491,#3490);
#3493=DIRECTION('',(0.E0,0.E0,-1.E0));
#3494=VECTOR('',#3493,6.3E-1);
#3495=CARTESIAN_POINT('',(4.82E0,1.18E0,-3.655E0));
#3496=LINE('',#3495,#3494);
#3497=DIRECTION('',(0.E0,-1.E0,0.E0));
#3498=VECTOR('',#3497,8.6E-1);
#3499=CARTESIAN_POINT('',(4.82E0,1.18E0,-3.655E0));
#3500=LINE('',#3499,#3498);
#3501=DIRECTION('',(0.E0,0.E0,-1.E0));
#3502=VECTOR('',#3501,6.3E-1);
#3503=CARTESIAN_POINT('',(4.82E0,3.2E-1,-3.655E0));
#3504=LINE('',#3503,#3502);
#3505=DIRECTION('',(0.E0,0.E0,-1.E0));
#3506=VECTOR('',#3505,6.3E-1);
#3507=CARTESIAN_POINT('',(4.82E0,-3.2E-1,-3.655E0));
#3508=LINE('',#3507,#3506);
#3509=DIRECTION('',(0.E0,-1.E0,0.E0));
#3510=VECTOR('',#3509,8.6E-1);
#3511=CARTESIAN_POINT('',(4.82E0,-3.2E-1,-3.655E0));
#3512=LINE('',#3511,#3510);
#3513=DIRECTION('',(0.E0,0.E0,-1.E0));
#3514=VECTOR('',#3513,6.3E-1);
#3515=CARTESIAN_POINT('',(4.82E0,-1.18E0,-3.655E0));
#3516=LINE('',#3515,#3514);
#3517=DIRECTION('',(-1.E0,0.E0,0.E0));
#3518=VECTOR('',#3517,6.4E-1);
#3519=CARTESIAN_POINT('',(4.82E0,1.18E0,1.555E0));
#3520=LINE('',#3519,#3518);
#3521=DIRECTION('',(-1.E0,0.E0,0.E0));
#3522=VECTOR('',#3521,6.4E-1);
#3523=CARTESIAN_POINT('',(4.82E0,1.18E0,-5.710030241322E0));
#3524=LINE('',#3523,#3522);
#3525=DIRECTION('',(-1.E0,0.E0,0.E0));
#3526=VECTOR('',#3525,6.4E-1);
#3527=CARTESIAN_POINT('',(4.82E0,8.938922490563E-1,-6.161970619905E0));
#3528=LINE('',#3527,#3526);
#3529=DIRECTION('',(-1.E0,0.E0,0.E0));
#3530=VECTOR('',#3529,6.4E-1);
#3531=CARTESIAN_POINT('',(4.82E0,-3.93E0,-8.445E0));
#3532=LINE('',#3531,#3530);
#3533=DIRECTION('',(-1.E0,0.E0,0.E0));
#3534=VECTOR('',#3533,6.4E-1);
#3535=CARTESIAN_POINT('',(4.82E0,-3.93E0,-1.0125E1));
#3536=LINE('',#3535,#3534);
#3537=DIRECTION('',(-1.E0,0.E0,0.E0));
#3538=VECTOR('',#3537,6.4E-1);
#3539=CARTESIAN_POINT('',(4.82E0,-3.29E0,-1.0125E1));
#3540=LINE('',#3539,#3538);
#3541=DIRECTION('',(-1.E0,0.E0,0.E0));
#3542=VECTOR('',#3541,6.4E-1);
#3543=CARTESIAN_POINT('',(4.82E0,-3.29E0,-8.850161763103E0));
#3544=LINE('',#3543,#3542);
#3545=DIRECTION('',(-1.E0,0.E0,0.E0));
#3546=VECTOR('',#3545,6.4E-1);
#3547=CARTESIAN_POINT('',(4.82E0,8.2E-1,-6.905E0));
#3548=LINE('',#3547,#3546);
#3549=DIRECTION('',(-1.744369497455E-1,1.744369497455E-1,9.690941652528E-1));
#3550=VECTOR('',#3549,1.031891467161E0);
#3551=CARTESIAN_POINT('',(4.82E0,1.18E0,1.555E0));
#3552=LINE('',#3551,#3550);
#3553=DIRECTION('',(-1.744369497455E-1,-1.744369497455E-1,-9.690941652528E-1));
#3554=VECTOR('',#3553,1.031891467161E0);
#3555=CARTESIAN_POINT('',(4.36E0,1.36E0,2.555E0));
#3556=LINE('',#3555,#3554);
#3557=DIRECTION('',(-1.E0,0.E0,0.E0));
#3558=VECTOR('',#3557,2.8E-1);
#3559=CARTESIAN_POINT('',(4.64E0,1.36E0,2.555E0));
#3560=LINE('',#3559,#3558);
#3561=DIRECTION('',(0.E0,1.E0,0.E0));
#3562=VECTOR('',#3561,2.8E-1);
#3563=CARTESIAN_POINT('',(4.36E0,1.36E0,2.555E0));
#3564=LINE('',#3563,#3562);
#3565=DIRECTION('',(-1.E0,0.E0,0.E0));
#3566=VECTOR('',#3565,2.8E-1);
#3567=CARTESIAN_POINT('',(4.64E0,1.64E0,2.555E0));
#3568=LINE('',#3567,#3566);
#3569=DIRECTION('',(0.E0,-1.E0,0.E0));
#3570=VECTOR('',#3569,2.8E-1);
#3571=CARTESIAN_POINT('',(4.64E0,1.64E0,2.555E0));
#3572=LINE('',#3571,#3570);
#3573=DIRECTION('',(-1.744369497455E-1,1.744369497455E-1,-9.690941652528E-1));
#3574=VECTOR('',#3573,1.031891467161E0);
#3575=CARTESIAN_POINT('',(4.36E0,1.64E0,2.555E0));
#3576=LINE('',#3575,#3574);
#3577=DIRECTION('',(1.744369497455E-1,1.744369497455E-1,-9.690941652528E-1));
#3578=VECTOR('',#3577,1.031891467161E0);
#3579=CARTESIAN_POINT('',(4.64E0,1.64E0,2.555E0));
#3580=LINE('',#3579,#3578);
#3581=DIRECTION('',(-1.E0,0.E0,0.E0));
#3582=VECTOR('',#3581,6.4E-1);
#3583=CARTESIAN_POINT('',(4.82E0,3.2E-1,-4.955E0));
#3584=LINE('',#3583,#3582);
#3585=DIRECTION('',(-1.E0,0.E0,0.E0));
#3586=VECTOR('',#3585,6.4E-1);
#3587=CARTESIAN_POINT('',(4.82E0,-3.2E-1,-4.955E0));
#3588=LINE('',#3587,#3586);
#3589=DIRECTION('',(-1.E0,0.E0,0.E0));
#3590=VECTOR('',#3589,6.4E-1);
#3591=CARTESIAN_POINT('',(4.82E0,-1.18E0,-4.285E0));
#3592=LINE('',#3591,#3590);
#3593=DIRECTION('',(-1.E0,0.E0,0.E0));
#3594=VECTOR('',#3593,6.4E-1);
#3595=CARTESIAN_POINT('',(4.82E0,-1.18E0,1.555E0));
#3596=LINE('',#3595,#3594);
#3597=DIRECTION('',(1.744369497455E-1,1.744369497455E-1,-9.690941652528E-1));
#3598=VECTOR('',#3597,1.031891467161E0);
#3599=CARTESIAN_POINT('',(4.64E0,-1.36E0,2.555E0));
#3600=LINE('',#3599,#3598);
#3601=DIRECTION('',(-1.E0,0.E0,0.E0));
#3602=VECTOR('',#3601,2.8E-1);
#3603=CARTESIAN_POINT('',(4.64E0,-1.64E0,2.555E0));
#3604=LINE('',#3603,#3602);
#3605=DIRECTION('',(0.E0,1.E0,0.E0));
#3606=VECTOR('',#3605,2.8E-1);
#3607=CARTESIAN_POINT('',(4.36E0,-1.64E0,2.555E0));
#3608=LINE('',#3607,#3606);
#3609=DIRECTION('',(-1.E0,0.E0,0.E0));
#3610=VECTOR('',#3609,2.8E-1);
#3611=CARTESIAN_POINT('',(4.64E0,-1.36E0,2.555E0));
#3612=LINE('',#3611,#3610);
#3613=DIRECTION('',(0.E0,-1.E0,0.E0));
#3614=VECTOR('',#3613,2.8E-1);
#3615=CARTESIAN_POINT('',(4.64E0,-1.36E0,2.555E0));
#3616=LINE('',#3615,#3614);
#3617=DIRECTION('',(-1.744369497455E-1,1.744369497455E-1,9.690941652528E-1));
#3618=VECTOR('',#3617,1.031891467161E0);
#3619=CARTESIAN_POINT('',(4.82E0,-1.82E0,1.555E0));
#3620=LINE('',#3619,#3618);
#3621=DIRECTION('',(-1.744369497455E-1,-1.744369497455E-1,-9.690941652528E-1));
#3622=VECTOR('',#3621,1.031891467161E0);
#3623=CARTESIAN_POINT('',(4.36E0,-1.64E0,2.555E0));
#3624=LINE('',#3623,#3622);
#3625=DIRECTION('',(-1.E0,0.E0,0.E0));
#3626=VECTOR('',#3625,6.4E-1);
#3627=CARTESIAN_POINT('',(4.82E0,-1.82E0,1.555E0));
#3628=LINE('',#3627,#3626);
#3629=DIRECTION('',(-1.744369497455E-1,1.744369497455E-1,-9.690941652528E-1));
#3630=VECTOR('',#3629,1.031891467161E0);
#3631=CARTESIAN_POINT('',(4.36E0,-1.36E0,2.555E0));
#3632=LINE('',#3631,#3630);
#3633=DIRECTION('',(-1.E0,0.E0,0.E0));
#3634=VECTOR('',#3633,6.4E-1);
#3635=CARTESIAN_POINT('',(4.82E0,-3.29E0,-5.425E0));
#3636=LINE('',#3635,#3634);
#3637=DIRECTION('',(-1.E0,0.E0,0.E0));
#3638=VECTOR('',#3637,6.4E-1);
#3639=CARTESIAN_POINT('',(4.82E0,-3.93E0,-5.425E0));
#3640=LINE('',#3639,#3638);
#3641=DIRECTION('',(-1.E0,0.E0,0.E0));
#3642=VECTOR('',#3641,6.4E-1);
#3643=CARTESIAN_POINT('',(4.82E0,-3.93E0,-3.745E0));
#3644=LINE('',#3643,#3642);
#3645=DIRECTION('',(0.E0,0.E0,-1.E0));
#3646=VECTOR('',#3645,1.6E0);
#3647=CARTESIAN_POINT('',(-6.875E0,-3.43E0,-3.355E0));
#3648=LINE('',#3647,#3646);
#3649=DIRECTION('',(-1.E0,0.E0,0.E0));
#3650=VECTOR('',#3649,6.4E-1);
#3651=CARTESIAN_POINT('',(-4.18E0,-3.29E0,-5.425E0));
#3652=LINE('',#3651,#3650);
#3653=DIRECTION('',(-1.E0,0.E0,0.E0));
#3654=VECTOR('',#3653,6.4E-1);
#3655=CARTESIAN_POINT('',(-4.18E0,-3.93E0,-5.425E0));
#3656=LINE('',#3655,#3654);
#3657=DIRECTION('',(-1.E0,0.E0,0.E0));
#3658=VECTOR('',#3657,6.4E-1);
#3659=CARTESIAN_POINT('',(-4.18E0,-3.93E0,-3.745E0));
#3660=LINE('',#3659,#3658);
#3661=DIRECTION('',(0.E0,0.E0,-1.E0));
#3662=VECTOR('',#3661,6.4E-1);
#3663=CARTESIAN_POINT('',(6.875E0,-3.43E0,-2.435E0));
#3664=LINE('',#3663,#3662);
#3665=DIRECTION('',(-6.469774481951E-1,0.E0,-7.625091353728E-1));
#3666=VECTOR('',#3665,2.163908500838E0);
#3667=CARTESIAN_POINT('',(-6.425E0,2.68E0,4.955E0));
#3668=LINE('',#3667,#3666);
#3669=DIRECTION('',(-6.469774481951E-1,0.E0,-7.625091353728E-1));
#3670=VECTOR('',#3669,2.163908500838E0);
#3671=CARTESIAN_POINT('',(-6.425E0,-2.41E0,4.955E0));
#3672=LINE('',#3671,#3670);
#3673=DIRECTION('',(6.124445259040E-1,-3.223392241600E-1,7.218096198155E-1));
#3674=VECTOR('',#3673,1.551160896732E0);
#3675=CARTESIAN_POINT('',(-7.825E0,-2.93E0,3.305E0));
#3676=LINE('',#3675,#3674);
#3677=DIRECTION('',(0.E0,-1.E0,0.E0));
#3678=VECTOR('',#3677,3.3E-1);
#3679=CARTESIAN_POINT('',(-7.735E0,-3.43E0,-2.435E0));
#3680=LINE('',#3679,#3678);
#3681=CARTESIAN_POINT('',(6.974428104193E0,-3.41E0,-3.075E0));
#3682=DIRECTION('',(0.E0,0.E0,-1.E0));
#3683=DIRECTION('',(0.E0,-1.E0,0.E0));
#3684=AXIS2_PLACEMENT_3D('',#3681,#3682,#3683);
#3686=DIRECTION('',(0.E0,-1.E0,0.E0));
#3687=VECTOR('',#3686,3.3E-1);
#3688=CARTESIAN_POINT('',(7.735E0,-3.43E0,-3.075E0));
#3689=LINE('',#3688,#3687);
#3690=CARTESIAN_POINT('',(6.974428104193E0,-3.41E0,-2.435E0));
#3691=DIRECTION('',(0.E0,0.E0,1.E0));
#3692=DIRECTION('',(-9.983660119804E-1,-5.714285714286E-2,0.E0));
#3693=AXIS2_PLACEMENT_3D('',#3690,#3691,#3692);
#3695=DIRECTION('',(0.E0,-1.E0,0.E0));
#3696=VECTOR('',#3695,3.3E-1);
#3697=CARTESIAN_POINT('',(7.735E0,-3.43E0,-2.435E0));
#3698=LINE('',#3697,#3696);
#3699=DIRECTION('',(-1.E0,0.E0,0.E0));
#3700=VECTOR('',#3699,2.8E-1);
#3701=CARTESIAN_POINT('',(-1.36E0,1.36E0,2.555E0));
#3702=LINE('',#3701,#3700);
#3703=DIRECTION('',(0.E0,1.E0,0.E0));
#3704=VECTOR('',#3703,2.8E-1);
#3705=CARTESIAN_POINT('',(-1.64E0,1.36E0,2.555E0));
#3706=LINE('',#3705,#3704);
#3707=DIRECTION('',(-1.E0,0.E0,0.E0));
#3708=VECTOR('',#3707,2.8E-1);
#3709=CARTESIAN_POINT('',(-1.36E0,1.64E0,2.555E0));
#3710=LINE('',#3709,#3708);
#3711=DIRECTION('',(0.E0,-1.E0,0.E0));
#3712=VECTOR('',#3711,2.8E-1);
#3713=CARTESIAN_POINT('',(-1.36E0,1.64E0,2.555E0));
#3714=LINE('',#3713,#3712);
#3715=DIRECTION('',(-1.744369497455E-1,1.744369497455E-1,9.690941652528E-1));
#3716=VECTOR('',#3715,1.031891467161E0);
#3717=CARTESIAN_POINT('',(-1.18E0,1.18E0,1.555E0));
#3718=LINE('',#3717,#3716);
#3719=DIRECTION('',(-1.744369497455E-1,-1.744369497455E-1,-9.690941652528E-1));
#3720=VECTOR('',#3719,1.031891467161E0);
#3721=CARTESIAN_POINT('',(-1.64E0,1.36E0,2.555E0));
#3722=LINE('',#3721,#3720);
#3723=DIRECTION('',(-1.744369497455E-1,1.744369497455E-1,-9.690941652528E-1));
#3724=VECTOR('',#3723,1.031891467161E0);
#3725=CARTESIAN_POINT('',(-1.64E0,1.64E0,2.555E0));
#3726=LINE('',#3725,#3724);
#3727=DIRECTION('',(1.744369497455E-1,1.744369497455E-1,-9.690941652528E-1));
#3728=VECTOR('',#3727,1.031891467161E0);
#3729=CARTESIAN_POINT('',(-1.36E0,1.64E0,2.555E0));
#3730=LINE('',#3729,#3728);
#3731=DIRECTION('',(-1.E0,0.E0,0.E0));
#3732=VECTOR('',#3731,2.8E-1);
#3733=CARTESIAN_POINT('',(-1.36E0,-1.64E0,2.555E0));
#3734=LINE('',#3733,#3732);
#3735=DIRECTION('',(0.E0,1.E0,0.E0));
#3736=VECTOR('',#3735,2.8E-1);
#3737=CARTESIAN_POINT('',(-1.64E0,-1.64E0,2.555E0));
#3738=LINE('',#3737,#3736);
#3739=DIRECTION('',(-1.E0,0.E0,0.E0));
#3740=VECTOR('',#3739,2.8E-1);
#3741=CARTESIAN_POINT('',(-1.36E0,-1.36E0,2.555E0));
#3742=LINE('',#3741,#3740);
#3743=DIRECTION('',(0.E0,-1.E0,0.E0));
#3744=VECTOR('',#3743,2.8E-1);
#3745=CARTESIAN_POINT('',(-1.36E0,-1.36E0,2.555E0));
#3746=LINE('',#3745,#3744);
#3747=DIRECTION('',(-1.744369497455E-1,1.744369497455E-1,9.690941652528E-1));
#3748=VECTOR('',#3747,1.031891467161E0);
#3749=CARTESIAN_POINT('',(-1.18E0,-1.82E0,1.555E0));
#3750=LINE('',#3749,#3748);
#3751=DIRECTION('',(-1.744369497455E-1,-1.744369497455E-1,-9.690941652528E-1));
#3752=VECTOR('',#3751,1.031891467161E0);
#3753=CARTESIAN_POINT('',(-1.64E0,-1.64E0,2.555E0));
#3754=LINE('',#3753,#3752);
#3755=DIRECTION('',(-1.E0,0.E0,0.E0));
#3756=VECTOR('',#3755,6.4E-1);
#3757=CARTESIAN_POINT('',(-1.18E0,-1.82E0,1.555E0));
#3758=LINE('',#3757,#3756);
#3759=DIRECTION('',(-1.744369497455E-1,1.744369497455E-1,-9.690941652528E-1));
#3760=VECTOR('',#3759,1.031891467161E0);
#3761=CARTESIAN_POINT('',(-1.64E0,-1.36E0,2.555E0));
#3762=LINE('',#3761,#3760);
#3763=DIRECTION('',(1.744369497455E-1,1.744369497455E-1,-9.690941652528E-1));
#3764=VECTOR('',#3763,1.031891467161E0);
#3765=CARTESIAN_POINT('',(-1.36E0,-1.36E0,2.555E0));
#3766=LINE('',#3765,#3764);
#3767=DIRECTION('',(-1.E0,0.E0,0.E0));
#3768=VECTOR('',#3767,6.4E-1);
#3769=CARTESIAN_POINT('',(-1.18E0,-1.18E0,-4.285E0));
#3770=LINE('',#3769,#3768);
#3771=DIRECTION('',(-1.E0,0.E0,0.E0));
#3772=VECTOR('',#3771,6.4E-1);
#3773=CARTESIAN_POINT('',(-1.18E0,-1.18E0,1.555E0));
#3774=LINE('',#3773,#3772);
#3775=DIRECTION('',(0.E0,-1.E0,0.E0));
#3776=VECTOR('',#3775,2.55E-1);
#3777=CARTESIAN_POINT('',(6.325E0,3.43E0,-3.105E0));
#3778=LINE('',#3777,#3776);
#3779=DIRECTION('',(0.E0,-1.E0,0.E0));
#3780=VECTOR('',#3779,2.55E-1);
#3781=CARTESIAN_POINT('',(-6.325E0,3.43E0,-3.105E0));
#3782=LINE('',#3781,#3780);
#3783=DIRECTION('',(-1.E0,0.E0,0.E0));
#3784=VECTOR('',#3783,5.E-2);
#3785=CARTESIAN_POINT('',(7.825E0,-2.1875E0,1.555E0));
#3786=LINE('',#3785,#3784);
#3787=DIRECTION('',(-1.E0,0.E0,0.E0));
#3788=VECTOR('',#3787,5.E-2);
#3789=CARTESIAN_POINT('',(7.825E0,-2.34375E0,1.555E0));
#3790=LINE('',#3789,#3788);
#3791=DIRECTION('',(-1.E0,0.E0,0.E0));
#3792=VECTOR('',#3791,5.E-2);
#3793=CARTESIAN_POINT('',(7.825E0,-2.34375E0,2.592234067917E0));
#3794=LINE('',#3793,#3792);
#3795=DIRECTION('',(-1.E0,0.E0,0.E0));
#3796=VECTOR('',#3795,5.E-2);
#3797=CARTESIAN_POINT('',(7.825E0,-2.5E0,2.406063802838E0));
#3798=LINE('',#3797,#3796);
#3799=DIRECTION('',(-1.E0,0.E0,0.E0));
#3800=VECTOR('',#3799,5.E-2);
#3801=CARTESIAN_POINT('',(7.825E0,-2.5E0,2.618829809427E0));
#3802=LINE('',#3801,#3800);
#3803=DIRECTION('',(-1.E0,0.E0,0.E0));
#3804=VECTOR('',#3803,5.E-2);
#3805=CARTESIAN_POINT('',(7.825E0,-2.34375E0,2.805E0));
#3806=LINE('',#3805,#3804);
#3807=DIRECTION('',(-1.E0,0.E0,0.E0));
#3808=VECTOR('',#3807,5.E-2);
#3809=CARTESIAN_POINT('',(7.825E0,-2.1875E0,2.805E0));
#3810=LINE('',#3809,#3808);
#3811=DIRECTION('',(0.E0,0.E0,1.E0));
#3812=VECTOR('',#3811,1.25E0);
#3813=CARTESIAN_POINT('',(7.775E0,-2.1875E0,1.555E0));
#3814=LINE('',#3813,#3812);
#3815=DIRECTION('',(0.E0,1.E0,0.E0));
#3816=VECTOR('',#3815,1.5625E-1);
#3817=CARTESIAN_POINT('',(7.775E0,-2.34375E0,1.555E0));
#3818=LINE('',#3817,#3816);
#3819=DIRECTION('',(0.E0,0.E0,-1.E0));
#3820=VECTOR('',#3819,1.037234067917E0);
#3821=CARTESIAN_POINT('',(7.775E0,-2.34375E0,2.592234067917E0));
#3822=LINE('',#3821,#3820);
#3823=DIRECTION('',(0.E0,6.428711427642E-1,7.659743427825E-1));
#3824=VECTOR('',#3823,2.430502624961E-1);
#3825=CARTESIAN_POINT('',(7.775E0,-2.5E0,2.406063802838E0));
#3826=LINE('',#3825,#3824);
#3827=DIRECTION('',(0.E0,0.E0,-1.E0));
#3828=VECTOR('',#3827,2.127660065889E-1);
#3829=CARTESIAN_POINT('',(7.775E0,-2.5E0,2.618829809427E0));
#3830=LINE('',#3829,#3828);
#3831=DIRECTION('',(0.E0,-6.428712937139E-1,-7.659742160926E-1));
#3832=VECTOR('',#3831,2.430502054266E-1);
#3833=CARTESIAN_POINT('',(7.775E0,-2.34375E0,2.805E0));
#3834=LINE('',#3833,#3832);
#3835=DIRECTION('',(0.E0,-1.E0,0.E0));
#3836=VECTOR('',#3835,1.5625E-1);
#3837=CARTESIAN_POINT('',(7.775E0,-2.1875E0,2.805E0));
#3838=LINE('',#3837,#3836);
#3839=DIRECTION('',(1.E0,0.E0,0.E0));
#3840=VECTOR('',#3839,1.4E0);
#3841=CARTESIAN_POINT('',(-7.825E0,1.1E0,-1.95E-1));
#3842=LINE('',#3841,#3840);
#3843=DIRECTION('',(1.E0,0.E0,0.E0));
#3844=VECTOR('',#3843,1.4E0);
#3845=CARTESIAN_POINT('',(-7.825E0,5.75E-1,-1.95E-1));
#3846=LINE('',#3845,#3844);
#3847=DIRECTION('',(0.E0,0.E0,-1.E0));
#3848=VECTOR('',#3847,6.6E0);
#3849=CARTESIAN_POINT('',(3.23E0,9.3E-1,4.955E0));
#3850=LINE('',#3849,#3848);
#3851=DIRECTION('',(0.E0,0.E0,-1.E0));
#3852=VECTOR('',#3851,6.6E0);
#3853=CARTESIAN_POINT('',(3.93E0,2.3E-1,4.955E0));
#3854=LINE('',#3853,#3852);
#3855=DIRECTION('',(0.E0,0.E0,-1.E0));
#3856=VECTOR('',#3855,6.6E0);
#3857=CARTESIAN_POINT('',(5.77E0,2.3E-1,4.955E0));
#3858=LINE('',#3857,#3856);
#3859=DIRECTION('',(0.E0,0.E0,-1.E0));
#3860=VECTOR('',#3859,6.6E0);
#3861=CARTESIAN_POINT('',(5.77E0,2.77E0,4.955E0));
#3862=LINE('',#3861,#3860);
#3863=DIRECTION('',(0.E0,0.E0,-1.E0));
#3864=VECTOR('',#3863,6.6E0);
#3865=CARTESIAN_POINT('',(5.77E0,-2.3E-1,4.955E0));
#3866=LINE('',#3865,#3864);
#3867=DIRECTION('',(0.E0,0.E0,-1.E0));
#3868=VECTOR('',#3867,6.6E0);
#3869=CARTESIAN_POINT('',(5.77E0,-2.77E0,4.955E0));
#3870=LINE('',#3869,#3868);
#3871=DIRECTION('',(0.E0,0.E0,-1.E0));
#3872=VECTOR('',#3871,6.6E0);
#3873=CARTESIAN_POINT('',(3.93E0,-2.77E0,4.955E0));
#3874=LINE('',#3873,#3872);
#3875=DIRECTION('',(0.E0,0.E0,-1.E0));
#3876=VECTOR('',#3875,6.6E0);
#3877=CARTESIAN_POINT('',(3.23E0,-2.07E0,4.955E0));
#3878=LINE('',#3877,#3876);
#3879=DIRECTION('',(0.E0,0.E0,-1.E0));
#3880=VECTOR('',#3879,6.6E0);
#3881=CARTESIAN_POINT('',(3.23E0,-2.3E-1,4.955E0));
#3882=LINE('',#3881,#3880);
#3883=DIRECTION('',(0.E0,0.E0,-1.E0));
#3884=VECTOR('',#3883,6.6E0);
#3885=CARTESIAN_POINT('',(-5.77E0,-2.77E0,4.955E0));
#3886=LINE('',#3885,#3884);
#3887=DIRECTION('',(0.E0,0.E0,-1.E0));
#3888=VECTOR('',#3887,6.6E0);
#3889=CARTESIAN_POINT('',(-5.77E0,-2.3E-1,4.955E0));
#3890=LINE('',#3889,#3888);
#3891=DIRECTION('',(0.E0,0.E0,-1.E0));
#3892=VECTOR('',#3891,6.6E0);
#3893=CARTESIAN_POINT('',(-3.23E0,-2.3E-1,4.955E0));
#3894=LINE('',#3893,#3892);
#3895=DIRECTION('',(0.E0,0.E0,-1.E0));
#3896=VECTOR('',#3895,6.6E0);
#3897=CARTESIAN_POINT('',(-3.23E0,-2.07E0,4.955E0));
#3898=LINE('',#3897,#3896);
#3899=DIRECTION('',(0.E0,0.E0,-1.E0));
#3900=VECTOR('',#3899,6.6E0);
#3901=CARTESIAN_POINT('',(-3.93E0,-2.77E0,4.955E0));
#3902=LINE('',#3901,#3900);
#3903=DIRECTION('',(0.E0,0.E0,-1.E0));
#3904=VECTOR('',#3903,6.6E0);
#3905=CARTESIAN_POINT('',(-5.77E0,2.3E-1,4.955E0));
#3906=LINE('',#3905,#3904);
#3907=DIRECTION('',(0.E0,0.E0,-1.E0));
#3908=VECTOR('',#3907,6.6E0);
#3909=CARTESIAN_POINT('',(-5.77E0,2.77E0,4.955E0));
#3910=LINE('',#3909,#3908);
#3911=DIRECTION('',(0.E0,0.E0,-1.E0));
#3912=VECTOR('',#3911,6.6E0);
#3913=CARTESIAN_POINT('',(-3.23E0,2.77E0,4.955E0));
#3914=LINE('',#3913,#3912);
#3915=DIRECTION('',(0.E0,0.E0,-1.E0));
#3916=VECTOR('',#3915,6.6E0);
#3917=CARTESIAN_POINT('',(-3.23E0,2.3E-1,4.955E0));
#3918=LINE('',#3917,#3916);
#3919=DIRECTION('',(0.E0,0.E0,-1.E0));
#3920=VECTOR('',#3919,6.6E0);
#3921=CARTESIAN_POINT('',(2.3E-1,-2.3E-1,4.955E0));
#3922=LINE('',#3921,#3920);
#3923=DIRECTION('',(0.E0,0.E0,-1.E0));
#3924=VECTOR('',#3923,6.6E0);
#3925=CARTESIAN_POINT('',(2.77E0,-2.3E-1,4.955E0));
#3926=LINE('',#3925,#3924);
#3927=DIRECTION('',(0.E0,0.E0,-1.E0));
#3928=VECTOR('',#3927,6.6E0);
#3929=CARTESIAN_POINT('',(2.77E0,-2.07E0,4.955E0));
#3930=LINE('',#3929,#3928);
#3931=DIRECTION('',(0.E0,0.E0,-1.E0));
#3932=VECTOR('',#3931,6.6E0);
#3933=CARTESIAN_POINT('',(2.07E0,-2.77E0,4.955E0));
#3934=LINE('',#3933,#3932);
#3935=DIRECTION('',(0.E0,0.E0,-1.E0));
#3936=VECTOR('',#3935,6.6E0);
#3937=CARTESIAN_POINT('',(2.3E-1,-2.77E0,4.955E0));
#3938=LINE('',#3937,#3936);
#3939=DIRECTION('',(0.E0,0.E0,-1.E0));
#3940=VECTOR('',#3939,6.6E0);
#3941=CARTESIAN_POINT('',(2.3E-1,2.3E-1,4.955E0));
#3942=LINE('',#3941,#3940);
#3943=DIRECTION('',(0.E0,0.E0,-1.E0));
#3944=VECTOR('',#3943,6.6E0);
#3945=CARTESIAN_POINT('',(2.3E-1,2.77E0,4.955E0));
#3946=LINE('',#3945,#3944);
#3947=DIRECTION('',(0.E0,0.E0,-1.E0));
#3948=VECTOR('',#3947,6.6E0);
#3949=CARTESIAN_POINT('',(2.77E0,2.77E0,4.955E0));
#3950=LINE('',#3949,#3948);
#3951=DIRECTION('',(0.E0,0.E0,-1.E0));
#3952=VECTOR('',#3951,6.6E0);
#3953=CARTESIAN_POINT('',(2.77E0,9.3E-1,4.955E0));
#3954=LINE('',#3953,#3952);
#3955=DIRECTION('',(0.E0,0.E0,-1.E0));
#3956=VECTOR('',#3955,6.6E0);
#3957=CARTESIAN_POINT('',(2.07E0,2.3E-1,4.955E0));
#3958=LINE('',#3957,#3956);
#3959=DIRECTION('',(0.E0,0.E0,-1.E0));
#3960=VECTOR('',#3959,6.6E0);
#3961=CARTESIAN_POINT('',(-2.07E0,2.3E-1,4.955E0));
#3962=LINE('',#3961,#3960);
#3963=DIRECTION('',(0.E0,0.E0,-1.E0));
#3964=VECTOR('',#3963,6.6E0);
#3965=CARTESIAN_POINT('',(-2.77E0,9.3E-1,4.955E0));
#3966=LINE('',#3965,#3964);
#3967=DIRECTION('',(0.E0,0.E0,-1.E0));
#3968=VECTOR('',#3967,6.6E0);
#3969=CARTESIAN_POINT('',(-2.77E0,2.77E0,4.955E0));
#3970=LINE('',#3969,#3968);
#3971=DIRECTION('',(0.E0,0.E0,-1.E0));
#3972=VECTOR('',#3971,6.6E0);
#3973=CARTESIAN_POINT('',(-2.3E-1,2.77E0,4.955E0));
#3974=LINE('',#3973,#3972);
#3975=DIRECTION('',(0.E0,0.E0,-1.E0));
#3976=VECTOR('',#3975,6.6E0);
#3977=CARTESIAN_POINT('',(-2.3E-1,2.3E-1,4.955E0));
#3978=LINE('',#3977,#3976);
#3979=DIRECTION('',(0.E0,0.E0,-1.E0));
#3980=VECTOR('',#3979,6.6E0);
#3981=CARTESIAN_POINT('',(-2.3E-1,-2.3E-1,4.955E0));
#3982=LINE('',#3981,#3980);
#3983=DIRECTION('',(0.E0,0.E0,-1.E0));
#3984=VECTOR('',#3983,6.6E0);
#3985=CARTESIAN_POINT('',(-2.3E-1,-2.77E0,4.955E0));
#3986=LINE('',#3985,#3984);
#3987=DIRECTION('',(0.E0,0.E0,-1.E0));
#3988=VECTOR('',#3987,6.6E0);
#3989=CARTESIAN_POINT('',(-2.07E0,-2.77E0,4.955E0));
#3990=LINE('',#3989,#3988);
#3991=DIRECTION('',(0.E0,0.E0,-1.E0));
#3992=VECTOR('',#3991,6.6E0);
#3993=CARTESIAN_POINT('',(-2.77E0,-2.07E0,4.955E0));
#3994=LINE('',#3993,#3992);
#3995=DIRECTION('',(0.E0,0.E0,-1.E0));
#3996=VECTOR('',#3995,6.6E0);
#3997=CARTESIAN_POINT('',(-2.77E0,-2.3E-1,4.955E0));
#3998=LINE('',#3997,#3996);
#3999=DIRECTION('',(-1.E0,0.E0,0.E0));
#4000=VECTOR('',#3999,6.4E-1);
#4001=CARTESIAN_POINT('',(-4.18E0,-3.2E-1,-4.955E0));
#4002=LINE('',#4001,#4000);
#4003=DIRECTION('',(-1.E0,0.E0,0.E0));
#4004=VECTOR('',#4003,6.4E-1);
#4005=CARTESIAN_POINT('',(-4.18E0,3.2E-1,-4.955E0));
#4006=LINE('',#4005,#4004);
#4007=DIRECTION('',(-1.744369497455E-1,1.744369497455E-1,-9.690941652528E-1));
#4008=VECTOR('',#4007,1.031891467161E0);
#4009=CARTESIAN_POINT('',(-4.64E0,-1.36E0,2.555E0));
#4010=LINE('',#4009,#4008);
#4011=CARTESIAN_POINT('',(-6.425E0,3.43E0,4.955E0));
#4012=CARTESIAN_POINT('',(-7.825E0,3.43E0,3.305E0));
#4013=VERTEX_POINT('',#4011);
#4014=VERTEX_POINT('',#4012);
#4015=CARTESIAN_POINT('',(7.825E0,3.43E0,3.305E0));
#4016=CARTESIAN_POINT('',(6.425E0,3.43E0,4.955E0));
#4017=VERTEX_POINT('',#4015);
#4018=VERTEX_POINT('',#4016);
#4019=CARTESIAN_POINT('',(-6.425E0,-3.43E0,4.955E0));
#4020=CARTESIAN_POINT('',(6.425E0,-3.43E0,4.955E0));
#4021=VERTEX_POINT('',#4019);
#4022=VERTEX_POINT('',#4020);
#4023=CARTESIAN_POINT('',(-7.E-1,4.18E0,2.005E0));
#4024=CARTESIAN_POINT('',(-7.E-1,4.83E0,2.005E0));
#4025=VERTEX_POINT('',#4023);
#4026=VERTEX_POINT('',#4024);
#4027=CARTESIAN_POINT('',(-7.E-1,4.83E0,2.755E0));
#4028=VERTEX_POINT('',#4027);
#4029=CARTESIAN_POINT('',(7.E-1,4.18E0,2.005E0));
#4030=CARTESIAN_POINT('',(7.E-1,4.83E0,2.005E0));
#4031=VERTEX_POINT('',#4029);
#4032=VERTEX_POINT('',#4030);
#4033=CARTESIAN_POINT('',(7.E-1,4.83E0,2.755E0));
#4034=VERTEX_POINT('',#4033);
#4035=CARTESIAN_POINT('',(-7.E-1,3.43E0,4.415E0));
#4036=CARTESIAN_POINT('',(-7.E-1,3.43E0,1.255E0));
#4037=VERTEX_POINT('',#4035);
#4038=VERTEX_POINT('',#4036);
#4039=CARTESIAN_POINT('',(7.E-1,3.43E0,4.415E0));
#4040=CARTESIAN_POINT('',(7.E-1,3.43E0,1.255E0));
#4041=VERTEX_POINT('',#4039);
#4042=VERTEX_POINT('',#4040);
#4043=CARTESIAN_POINT('',(6.425E0,-2.41E0,4.955E0));
#4044=CARTESIAN_POINT('',(6.425E0,2.68E0,4.955E0));
#4045=VERTEX_POINT('',#4043);
#4046=VERTEX_POINT('',#4044);
#4047=CARTESIAN_POINT('',(7.825E0,2.68E0,3.305E0));
#4048=VERTEX_POINT('',#4047);
#4049=CARTESIAN_POINT('',(7.825E0,-2.41E0,3.305E0));
#4050=VERTEX_POINT('',#4049);
#4051=CARTESIAN_POINT('',(6.425E0,2.68E0,3.305E0));
#4052=VERTEX_POINT('',#4051);
#4053=CARTESIAN_POINT('',(6.425E0,-2.41E0,3.305E0));
#4054=VERTEX_POINT('',#4053);
#4055=CARTESIAN_POINT('',(7.825E0,-2.93E0,3.305E0));
#4056=CARTESIAN_POINT('',(7.825E0,-2.93E0,-3.355E0));
#4057=VERTEX_POINT('',#4055);
#4058=VERTEX_POINT('',#4056);
#4059=CARTESIAN_POINT('',(-6.425E0,-2.41E0,4.955E0));
#4060=CARTESIAN_POINT('',(-6.425E0,2.68E0,4.955E0));
#4061=VERTEX_POINT('',#4059);
#4062=VERTEX_POINT('',#4060);
#4063=CARTESIAN_POINT('',(-7.825E0,2.68E0,3.305E0));
#4064=VERTEX_POINT('',#4063);
#4065=CARTESIAN_POINT('',(-7.825E0,-2.41E0,3.305E0));
#4066=VERTEX_POINT('',#4065);
#4067=CARTESIAN_POINT('',(-6.425E0,2.68E0,3.305E0));
#4068=VERTEX_POINT('',#4067);
#4069=CARTESIAN_POINT('',(-6.425E0,-2.41E0,3.305E0));
#4070=VERTEX_POINT('',#4069);
#4071=CARTESIAN_POINT('',(6.375E0,1.E0,-3.685E0));
#4072=CARTESIAN_POINT('',(6.375E0,-1.E0,-3.685E0));
#4073=VERTEX_POINT('',#4071);
#4074=VERTEX_POINT('',#4072);
#4075=CARTESIAN_POINT('',(8.075E0,1.E0,-4.285E0));
#4076=CARTESIAN_POINT('',(6.375E0,1.E0,-4.285E0));
#4077=VERTEX_POINT('',#4075);
#4078=VERTEX_POINT('',#4076);
#4079=CARTESIAN_POINT('',(8.075E0,-1.E0,-4.285E0));
#4080=CARTESIAN_POINT('',(6.375E0,-1.E0,-4.285E0));
#4081=VERTEX_POINT('',#4079);
#4082=VERTEX_POINT('',#4080);
#4083=CARTESIAN_POINT('',(8.075E0,1.E0,-3.685E0));
#4084=VERTEX_POINT('',#4083);
#4085=CARTESIAN_POINT('',(8.075E0,-1.E0,-3.685E0));
#4086=VERTEX_POINT('',#4085);
#4087=CARTESIAN_POINT('',(-6.325E0,3.175E0,-3.105E0));
#4088=CARTESIAN_POINT('',(6.325E0,3.175E0,-3.105E0));
#4089=VERTEX_POINT('',#4087);
#4090=VERTEX_POINT('',#4088);
#4091=CARTESIAN_POINT('',(-6.325E0,3.43E0,-4.955E0));
#4092=CARTESIAN_POINT('',(-6.325E0,3.43E0,-3.105E0));
#4093=VERTEX_POINT('',#4091);
#4094=VERTEX_POINT('',#4092);
#4095=CARTESIAN_POINT('',(6.325E0,3.43E0,-3.105E0));
#4096=VERTEX_POINT('',#4095);
#4097=CARTESIAN_POINT('',(6.325E0,3.43E0,-4.955E0));
#4098=VERTEX_POINT('',#4097);
#4099=CARTESIAN_POINT('',(-6.325E0,3.175E0,-4.955E0));
#4100=VERTEX_POINT('',#4099);
#4101=CARTESIAN_POINT('',(6.325E0,3.175E0,-4.955E0));
#4102=VERTEX_POINT('',#4101);
#4103=CARTESIAN_POINT('',(4.18E0,-3.43E0,-4.955E0));
#4104=CARTESIAN_POINT('',(4.18E0,-3.29E0,-4.955E0));
#4105=VERTEX_POINT('',#4103);
#4106=VERTEX_POINT('',#4104);
#4107=CARTESIAN_POINT('',(6.875E0,-3.94E0,-3.355E0));
#4108=CARTESIAN_POINT('',(6.875E0,-3.43E0,-3.355E0));
#4109=VERTEX_POINT('',#4107);
#4110=VERTEX_POINT('',#4108);
#4111=CARTESIAN_POINT('',(-6.875E0,-3.94E0,-3.355E0));
#4112=CARTESIAN_POINT('',(-6.875E0,-3.43E0,-3.355E0));
#4113=VERTEX_POINT('',#4111);
#4114=VERTEX_POINT('',#4112);
#4115=CARTESIAN_POINT('',(6.875E0,-3.94E0,-4.955E0));
#4116=VERTEX_POINT('',#4115);
#4117=CARTESIAN_POINT('',(-6.875E0,-3.94E0,-4.955E0));
#4118=VERTEX_POINT('',#4117);
#4119=CARTESIAN_POINT('',(6.875E0,-3.43E0,-4.955E0));
#4120=VERTEX_POINT('',#4119);
#4121=CARTESIAN_POINT('',(-6.875E0,-3.43E0,-4.955E0));
#4122=VERTEX_POINT('',#4121);
#4123=CARTESIAN_POINT('',(4.82E0,-3.43E0,-4.955E0));
#4124=VERTEX_POINT('',#4123);
#4125=CARTESIAN_POINT('',(4.18E0,3.175E0,-3.655E0));
#4126=CARTESIAN_POINT('',(4.18E0,1.82E0,-3.655E0));
#4127=VERTEX_POINT('',#4125);
#4128=VERTEX_POINT('',#4126);
#4129=CARTESIAN_POINT('',(4.82E0,3.175E0,-3.655E0));
#4130=CARTESIAN_POINT('',(4.82E0,1.82E0,-3.655E0));
#4131=VERTEX_POINT('',#4129);
#4132=VERTEX_POINT('',#4130);
#4133=CARTESIAN_POINT('',(-6.375E0,1.E0,-3.685E0));
#4134=CARTESIAN_POINT('',(-6.375E0,-1.E0,-3.685E0));
#4135=VERTEX_POINT('',#4133);
#4136=VERTEX_POINT('',#4134);
#4137=CARTESIAN_POINT('',(-6.375E0,-1.E0,-4.285E0));
#4138=CARTESIAN_POINT('',(-6.375E0,1.E0,-4.285E0));
#4139=VERTEX_POINT('',#4137);
#4140=VERTEX_POINT('',#4138);
#4141=CARTESIAN_POINT('',(-8.075E0,1.E0,-4.285E0));
#4142=VERTEX_POINT('',#4141);
#4143=CARTESIAN_POINT('',(-8.075E0,-1.E0,-4.285E0));
#4144=VERTEX_POINT('',#4143);
#4145=CARTESIAN_POINT('',(-8.075E0,1.E0,-3.685E0));
#4146=VERTEX_POINT('',#4145);
#4147=CARTESIAN_POINT('',(-8.075E0,-1.E0,-3.685E0));
#4148=VERTEX_POINT('',#4147);
#4149=CARTESIAN_POINT('',(6.425E0,-1.1E0,-1.95E-1));
#4150=CARTESIAN_POINT('',(6.425E0,-5.75E-1,-1.95E-1));
#4151=VERTEX_POINT('',#4149);
#4152=VERTEX_POINT('',#4150);
#4153=CARTESIAN_POINT('',(6.425E0,5.75E-1,-1.95E-1));
#4154=CARTESIAN_POINT('',(6.425E0,1.1E0,-1.95E-1));
#4155=VERTEX_POINT('',#4153);
#4156=VERTEX_POINT('',#4154);
#4157=CARTESIAN_POINT('',(7.825E0,-1.1E0,3.305E0));
#4158=CARTESIAN_POINT('',(7.825E0,-1.1E0,-1.95E-1));
#4159=VERTEX_POINT('',#4157);
#4160=VERTEX_POINT('',#4158);
#4161=CARTESIAN_POINT('',(7.825E0,-5.75E-1,-1.95E-1));
#4162=VERTEX_POINT('',#4161);
#4163=CARTESIAN_POINT('',(7.825E0,-5.75E-1,-2.695E0));
#4164=VERTEX_POINT('',#4163);
#4165=CARTESIAN_POINT('',(7.825E0,5.75E-1,-2.695E0));
#4166=VERTEX_POINT('',#4165);
#4167=CARTESIAN_POINT('',(7.825E0,5.75E-1,-1.95E-1));
#4168=VERTEX_POINT('',#4167);
#4169=CARTESIAN_POINT('',(7.825E0,1.1E0,-1.95E-1));
#4170=VERTEX_POINT('',#4169);
#4171=CARTESIAN_POINT('',(7.825E0,1.1E0,3.305E0));
#4172=VERTEX_POINT('',#4171);
#4173=CARTESIAN_POINT('',(6.425E0,-1.1E0,3.305E0));
#4174=VERTEX_POINT('',#4173);
#4175=CARTESIAN_POINT('',(6.425E0,1.1E0,3.305E0));
#4176=VERTEX_POINT('',#4175);
#4177=CARTESIAN_POINT('',(-6.425E0,-1.1E0,-1.95E-1));
#4178=CARTESIAN_POINT('',(-6.425E0,-5.75E-1,-1.95E-1));
#4179=VERTEX_POINT('',#4177);
#4180=VERTEX_POINT('',#4178);
#4181=CARTESIAN_POINT('',(-6.425E0,5.75E-1,-1.95E-1));
#4182=CARTESIAN_POINT('',(-6.425E0,1.1E0,-1.95E-1));
#4183=VERTEX_POINT('',#4181);
#4184=VERTEX_POINT('',#4182);
#4185=CARTESIAN_POINT('',(-7.825E0,-1.1E0,3.305E0));
#4186=CARTESIAN_POINT('',(-7.825E0,-1.1E0,-1.95E-1));
#4187=VERTEX_POINT('',#4185);
#4188=VERTEX_POINT('',#4186);
#4189=CARTESIAN_POINT('',(-7.825E0,-5.75E-1,-1.95E-1));
#4190=VERTEX_POINT('',#4189);
#4191=CARTESIAN_POINT('',(-7.825E0,-5.75E-1,-2.695E0));
#4192=VERTEX_POINT('',#4191);
#4193=CARTESIAN_POINT('',(-7.825E0,5.75E-1,-2.695E0));
#4194=VERTEX_POINT('',#4193);
#4195=CARTESIAN_POINT('',(-7.825E0,5.75E-1,-1.95E-1));
#4196=VERTEX_POINT('',#4195);
#4197=CARTESIAN_POINT('',(-7.825E0,1.1E0,-1.95E-1));
#4198=VERTEX_POINT('',#4197);
#4199=CARTESIAN_POINT('',(-7.825E0,1.1E0,3.305E0));
#4200=VERTEX_POINT('',#4199);
#4201=CARTESIAN_POINT('',(-6.425E0,-1.1E0,3.305E0));
#4202=VERTEX_POINT('',#4201);
#4203=CARTESIAN_POINT('',(-6.425E0,1.1E0,3.305E0));
#4204=VERTEX_POINT('',#4203);
#4205=CARTESIAN_POINT('',(4.82E0,8.938922490563E-1,-6.161970619905E0));
#4206=CARTESIAN_POINT('',(4.82E0,-3.93E0,-8.445E0));
#4207=VERTEX_POINT('',#4205);
#4208=VERTEX_POINT('',#4206);
#4209=CARTESIAN_POINT('',(4.82E0,-3.29E0,-8.850161763103E0));
#4210=CARTESIAN_POINT('',(4.82E0,8.2E-1,-6.905E0));
#4211=VERTEX_POINT('',#4209);
#4212=VERTEX_POINT('',#4210);
#4213=CARTESIAN_POINT('',(4.18E0,8.938922490563E-1,-6.161970619905E0));
#4214=CARTESIAN_POINT('',(4.18E0,-3.93E0,-8.445E0));
#4215=VERTEX_POINT('',#4213);
#4216=VERTEX_POINT('',#4214);
#4217=CARTESIAN_POINT('',(4.18E0,-3.29E0,-8.850161763103E0));
#4218=CARTESIAN_POINT('',(4.18E0,8.2E-1,-6.905E0));
#4219=VERTEX_POINT('',#4217);
#4220=VERTEX_POINT('',#4218);
#4221=CARTESIAN_POINT('',(4.18E0,-3.43E0,-3.745E0));
#4222=VERTEX_POINT('',#4221);
#4223=CARTESIAN_POINT('',(4.18E0,1.82E0,-4.955E0));
#4224=VERTEX_POINT('',#4223);
#4225=CARTESIAN_POINT('',(4.18E0,1.18E0,-4.285E0));
#4226=CARTESIAN_POINT('',(4.18E0,1.18E0,-3.655E0));
#4227=VERTEX_POINT('',#4225);
#4228=VERTEX_POINT('',#4226);
#4229=CARTESIAN_POINT('',(4.82E0,1.18E0,-3.655E0));
#4230=VERTEX_POINT('',#4229);
#4231=CARTESIAN_POINT('',(4.18E0,3.175E0,-4.955E0));
#4232=VERTEX_POINT('',#4231);
#4233=CARTESIAN_POINT('',(4.18E0,3.2E-1,-3.655E0));
#4234=VERTEX_POINT('',#4233);
#4235=CARTESIAN_POINT('',(4.18E0,-1.18E0,-4.285E0));
#4236=CARTESIAN_POINT('',(4.18E0,-3.2E-1,-4.285E0));
#4237=VERTEX_POINT('',#4235);
#4238=VERTEX_POINT('',#4236);
#4239=CARTESIAN_POINT('',(4.82E0,1.82E0,-6.905E0));
#4240=CARTESIAN_POINT('',(4.82E0,1.82E0,-4.955E0));
#4241=VERTEX_POINT('',#4239);
#4242=VERTEX_POINT('',#4240);
#4243=CARTESIAN_POINT('',(4.18E0,1.82E0,-6.905E0));
#4244=VERTEX_POINT('',#4243);
#4245=CARTESIAN_POINT('',(4.82E0,1.6E0,-4.285E0));
#4246=CARTESIAN_POINT('',(4.82E0,1.6E0,-4.955E0));
#4247=VERTEX_POINT('',#4245);
#4248=VERTEX_POINT('',#4246);
#4249=CARTESIAN_POINT('',(4.18E0,1.6E0,-4.285E0));
#4250=CARTESIAN_POINT('',(4.18E0,1.6E0,-4.955E0));
#4251=VERTEX_POINT('',#4249);
#4252=VERTEX_POINT('',#4250);
#4253=CARTESIAN_POINT('',(4.82E0,1.18E0,-4.285E0));
#4254=VERTEX_POINT('',#4253);
#4255=CARTESIAN_POINT('',(4.82E0,3.175E0,-4.955E0));
#4256=VERTEX_POINT('',#4255);
#4257=CARTESIAN_POINT('',(4.82E0,3.2E-1,-3.655E0));
#4258=VERTEX_POINT('',#4257);
#4259=CARTESIAN_POINT('',(4.82E0,-1.18E0,-4.285E0));
#4260=CARTESIAN_POINT('',(4.82E0,-3.2E-1,-4.285E0));
#4261=VERTEX_POINT('',#4259);
#4262=VERTEX_POINT('',#4260);
#4263=CARTESIAN_POINT('',(1.82E0,8.938922490563E-1,-6.161970619905E0));
#4264=CARTESIAN_POINT('',(1.82E0,-3.93E0,-8.445E0));
#4265=VERTEX_POINT('',#4263);
#4266=VERTEX_POINT('',#4264);
#4267=CARTESIAN_POINT('',(1.82E0,-3.29E0,-8.850161763103E0));
#4268=CARTESIAN_POINT('',(1.82E0,8.2E-1,-6.905E0));
#4269=VERTEX_POINT('',#4267);
#4270=VERTEX_POINT('',#4268);
#4271=CARTESIAN_POINT('',(1.18E0,8.938922490563E-1,-6.161970619905E0));
#4272=CARTESIAN_POINT('',(1.18E0,-3.93E0,-8.445E0));
#4273=VERTEX_POINT('',#4271);
#4274=VERTEX_POINT('',#4272);
#4275=CARTESIAN_POINT('',(1.18E0,-3.29E0,-8.850161763103E0));
#4276=CARTESIAN_POINT('',(1.18E0,8.2E-1,-6.905E0));
#4277=VERTEX_POINT('',#4275);
#4278=VERTEX_POINT('',#4276);
#4279=CARTESIAN_POINT('',(1.82E0,1.6E0,-4.285E0));
#4280=CARTESIAN_POINT('',(1.82E0,1.6E0,-4.955E0));
#4281=VERTEX_POINT('',#4279);
#4282=VERTEX_POINT('',#4280);
#4283=CARTESIAN_POINT('',(1.18E0,1.6E0,-4.285E0));
#4284=CARTESIAN_POINT('',(1.18E0,1.6E0,-4.955E0));
#4285=VERTEX_POINT('',#4283);
#4286=VERTEX_POINT('',#4284);
#4287=CARTESIAN_POINT('',(1.82E0,1.82E0,-4.955E0));
#4288=VERTEX_POINT('',#4287);
#4289=CARTESIAN_POINT('',(1.18E0,1.82E0,-4.955E0));
#4290=VERTEX_POINT('',#4289);
#4291=CARTESIAN_POINT('',(1.18E0,1.82E0,-3.655E0));
#4292=VERTEX_POINT('',#4291);
#4293=CARTESIAN_POINT('',(1.18E0,1.18E0,-4.285E0));
#4294=CARTESIAN_POINT('',(1.18E0,1.18E0,-3.655E0));
#4295=VERTEX_POINT('',#4293);
#4296=VERTEX_POINT('',#4294);
#4297=CARTESIAN_POINT('',(1.82E0,1.82E0,-3.655E0));
#4298=VERTEX_POINT('',#4297);
#4299=CARTESIAN_POINT('',(1.82E0,1.18E0,-3.655E0));
#4300=VERTEX_POINT('',#4299);
#4301=CARTESIAN_POINT('',(1.82E0,1.18E0,-4.285E0));
#4302=VERTEX_POINT('',#4301);
#4303=CARTESIAN_POINT('',(1.18E0,-1.18E0,-4.285E0));
#4304=CARTESIAN_POINT('',(1.18E0,-3.2E-1,-4.285E0));
#4305=VERTEX_POINT('',#4303);
#4306=VERTEX_POINT('',#4304);
#4307=CARTESIAN_POINT('',(1.82E0,-1.18E0,-4.285E0));
#4308=CARTESIAN_POINT('',(1.82E0,-3.2E-1,-4.285E0));
#4309=VERTEX_POINT('',#4307);
#4310=VERTEX_POINT('',#4308);
#4311=CARTESIAN_POINT('',(1.18E0,3.175E0,-4.955E0));
#4312=VERTEX_POINT('',#4311);
#4313=CARTESIAN_POINT('',(1.82E0,3.175E0,-4.955E0));
#4314=VERTEX_POINT('',#4313);
#4315=CARTESIAN_POINT('',(1.18E0,3.175E0,-3.655E0));
#4316=VERTEX_POINT('',#4315);
#4317=CARTESIAN_POINT('',(1.18E0,3.2E-1,-3.655E0));
#4318=VERTEX_POINT('',#4317);
#4319=CARTESIAN_POINT('',(1.82E0,3.175E0,-3.655E0));
#4320=VERTEX_POINT('',#4319);
#4321=CARTESIAN_POINT('',(1.82E0,3.2E-1,-3.655E0));
#4322=VERTEX_POINT('',#4321);
#4323=CARTESIAN_POINT('',(1.82E0,1.82E0,-6.905E0));
#4324=VERTEX_POINT('',#4323);
#4325=CARTESIAN_POINT('',(1.18E0,1.82E0,-6.905E0));
#4326=VERTEX_POINT('',#4325);
#4327=CARTESIAN_POINT('',(-1.18E0,8.938922490563E-1,-6.161970619905E0));
#4328=CARTESIAN_POINT('',(-1.18E0,-3.93E0,-8.445E0));
#4329=VERTEX_POINT('',#4327);
#4330=VERTEX_POINT('',#4328);
#4331=CARTESIAN_POINT('',(-1.18E0,-3.29E0,-8.850161763103E0));
#4332=CARTESIAN_POINT('',(-1.18E0,8.2E-1,-6.905E0));
#4333=VERTEX_POINT('',#4331);
#4334=VERTEX_POINT('',#4332);
#4335=CARTESIAN_POINT('',(-1.82E0,8.938922490563E-1,-6.161970619905E0));
#4336=CARTESIAN_POINT('',(-1.82E0,-3.93E0,-8.445E0));
#4337=VERTEX_POINT('',#4335);
#4338=VERTEX_POINT('',#4336);
#4339=CARTESIAN_POINT('',(-1.82E0,-3.29E0,-8.850161763103E0));
#4340=CARTESIAN_POINT('',(-1.82E0,8.2E-1,-6.905E0));
#4341=VERTEX_POINT('',#4339);
#4342=VERTEX_POINT('',#4340);
#4343=CARTESIAN_POINT('',(-1.18E0,1.6E0,-4.285E0));
#4344=CARTESIAN_POINT('',(-1.18E0,1.6E0,-4.955E0));
#4345=VERTEX_POINT('',#4343);
#4346=VERTEX_POINT('',#4344);
#4347=CARTESIAN_POINT('',(-1.82E0,1.6E0,-4.285E0));
#4348=CARTESIAN_POINT('',(-1.82E0,1.6E0,-4.955E0));
#4349=VERTEX_POINT('',#4347);
#4350=VERTEX_POINT('',#4348);
#4351=CARTESIAN_POINT('',(-1.18E0,1.82E0,-4.955E0));
#4352=VERTEX_POINT('',#4351);
#4353=CARTESIAN_POINT('',(-1.82E0,1.82E0,-4.955E0));
#4354=VERTEX_POINT('',#4353);
#4355=CARTESIAN_POINT('',(-1.82E0,1.82E0,-3.655E0));
#4356=VERTEX_POINT('',#4355);
#4357=CARTESIAN_POINT('',(-1.82E0,1.18E0,-4.285E0));
#4358=CARTESIAN_POINT('',(-1.82E0,1.18E0,-3.655E0));
#4359=VERTEX_POINT('',#4357);
#4360=VERTEX_POINT('',#4358);
#4361=CARTESIAN_POINT('',(-1.18E0,1.82E0,-3.655E0));
#4362=VERTEX_POINT('',#4361);
#4363=CARTESIAN_POINT('',(-1.18E0,1.18E0,-3.655E0));
#4364=VERTEX_POINT('',#4363);
#4365=CARTESIAN_POINT('',(-1.18E0,1.18E0,-4.285E0));
#4366=VERTEX_POINT('',#4365);
#4367=CARTESIAN_POINT('',(-1.82E0,-1.18E0,-4.285E0));
#4368=CARTESIAN_POINT('',(-1.82E0,-3.2E-1,-4.285E0));
#4369=VERTEX_POINT('',#4367);
#4370=VERTEX_POINT('',#4368);
#4371=CARTESIAN_POINT('',(-1.18E0,-1.18E0,-4.285E0));
#4372=CARTESIAN_POINT('',(-1.18E0,-3.2E-1,-4.285E0));
#4373=VERTEX_POINT('',#4371);
#4374=VERTEX_POINT('',#4372);
#4375=CARTESIAN_POINT('',(-1.82E0,3.175E0,-4.955E0));
#4376=VERTEX_POINT('',#4375);
#4377=CARTESIAN_POINT('',(-1.18E0,3.175E0,-4.955E0));
#4378=VERTEX_POINT('',#4377);
#4379=CARTESIAN_POINT('',(-1.82E0,3.175E0,-3.655E0));
#4380=VERTEX_POINT('',#4379);
#4381=CARTESIAN_POINT('',(-1.82E0,3.2E-1,-3.655E0));
#4382=VERTEX_POINT('',#4381);
#4383=CARTESIAN_POINT('',(-1.18E0,3.175E0,-3.655E0));
#4384=VERTEX_POINT('',#4383);
#4385=CARTESIAN_POINT('',(-1.18E0,3.2E-1,-3.655E0));
#4386=VERTEX_POINT('',#4385);
#4387=CARTESIAN_POINT('',(-1.18E0,1.82E0,-6.905E0));
#4388=VERTEX_POINT('',#4387);
#4389=CARTESIAN_POINT('',(-1.82E0,1.82E0,-6.905E0));
#4390=VERTEX_POINT('',#4389);
#4391=CARTESIAN_POINT('',(-4.18E0,8.938922490563E-1,-6.161970619905E0));
#4392=CARTESIAN_POINT('',(-4.18E0,-3.93E0,-8.445E0));
#4393=VERTEX_POINT('',#4391);
#4394=VERTEX_POINT('',#4392);
#4395=CARTESIAN_POINT('',(-4.18E0,-3.29E0,-8.850161763103E0));
#4396=CARTESIAN_POINT('',(-4.18E0,8.2E-1,-6.905E0));
#4397=VERTEX_POINT('',#4395);
#4398=VERTEX_POINT('',#4396);
#4399=CARTESIAN_POINT('',(-4.82E0,8.938922490563E-1,-6.161970619905E0));
#4400=CARTESIAN_POINT('',(-4.82E0,-3.93E0,-8.445E0));
#4401=VERTEX_POINT('',#4399);
#4402=VERTEX_POINT('',#4400);
#4403=CARTESIAN_POINT('',(-4.82E0,-3.29E0,-8.850161763103E0));
#4404=CARTESIAN_POINT('',(-4.82E0,8.2E-1,-6.905E0));
#4405=VERTEX_POINT('',#4403);
#4406=VERTEX_POINT('',#4404);
#4407=CARTESIAN_POINT('',(-4.18E0,1.6E0,-4.285E0));
#4408=CARTESIAN_POINT('',(-4.18E0,1.6E0,-4.955E0));
#4409=VERTEX_POINT('',#4407);
#4410=VERTEX_POINT('',#4408);
#4411=CARTESIAN_POINT('',(-4.82E0,1.6E0,-4.285E0));
#4412=CARTESIAN_POINT('',(-4.82E0,1.6E0,-4.955E0));
#4413=VERTEX_POINT('',#4411);
#4414=VERTEX_POINT('',#4412);
#4415=CARTESIAN_POINT('',(-4.18E0,1.82E0,-4.955E0));
#4416=VERTEX_POINT('',#4415);
#4417=CARTESIAN_POINT('',(-4.82E0,1.82E0,-4.955E0));
#4418=VERTEX_POINT('',#4417);
#4419=CARTESIAN_POINT('',(-4.82E0,1.82E0,-3.655E0));
#4420=VERTEX_POINT('',#4419);
#4421=CARTESIAN_POINT('',(-4.82E0,1.18E0,-4.285E0));
#4422=CARTESIAN_POINT('',(-4.82E0,1.18E0,-3.655E0));
#4423=VERTEX_POINT('',#4421);
#4424=VERTEX_POINT('',#4422);
#4425=CARTESIAN_POINT('',(-4.18E0,1.82E0,-3.655E0));
#4426=VERTEX_POINT('',#4425);
#4427=CARTESIAN_POINT('',(-4.18E0,1.18E0,-3.655E0));
#4428=VERTEX_POINT('',#4427);
#4429=CARTESIAN_POINT('',(-4.18E0,1.18E0,-4.285E0));
#4430=VERTEX_POINT('',#4429);
#4431=CARTESIAN_POINT('',(-4.82E0,-1.18E0,-4.285E0));
#4432=CARTESIAN_POINT('',(-4.82E0,-3.2E-1,-4.285E0));
#4433=VERTEX_POINT('',#4431);
#4434=VERTEX_POINT('',#4432);
#4435=CARTESIAN_POINT('',(-4.18E0,-1.18E0,-4.285E0));
#4436=CARTESIAN_POINT('',(-4.18E0,-3.2E-1,-4.285E0));
#4437=VERTEX_POINT('',#4435);
#4438=VERTEX_POINT('',#4436);
#4439=CARTESIAN_POINT('',(-4.82E0,3.175E0,-4.955E0));
#4440=VERTEX_POINT('',#4439);
#4441=CARTESIAN_POINT('',(-4.18E0,3.175E0,-4.955E0));
#4442=VERTEX_POINT('',#4441);
#4443=CARTESIAN_POINT('',(-4.82E0,3.175E0,-3.655E0));
#4444=VERTEX_POINT('',#4443);
#4445=CARTESIAN_POINT('',(-4.82E0,3.2E-1,-3.655E0));
#4446=VERTEX_POINT('',#4445);
#4447=CARTESIAN_POINT('',(-4.18E0,3.175E0,-3.655E0));
#4448=VERTEX_POINT('',#4447);
#4449=CARTESIAN_POINT('',(-4.18E0,3.2E-1,-3.655E0));
#4450=VERTEX_POINT('',#4449);
#4451=CARTESIAN_POINT('',(-4.18E0,1.82E0,-6.905E0));
#4452=VERTEX_POINT('',#4451);
#4453=CARTESIAN_POINT('',(-4.82E0,1.82E0,-6.905E0));
#4454=VERTEX_POINT('',#4453);
#4455=CARTESIAN_POINT('',(4.18E0,3.2E-1,-4.285E0));
#4456=VERTEX_POINT('',#4455);
#4457=CARTESIAN_POINT('',(4.82E0,3.2E-1,-4.285E0));
#4458=VERTEX_POINT('',#4457);
#4459=CARTESIAN_POINT('',(1.18E0,3.2E-1,-4.285E0));
#4460=VERTEX_POINT('',#4459);
#4461=CARTESIAN_POINT('',(1.82E0,3.2E-1,-4.285E0));
#4462=VERTEX_POINT('',#4461);
#4463=CARTESIAN_POINT('',(-1.82E0,3.2E-1,-4.285E0));
#4464=VERTEX_POINT('',#4463);
#4465=CARTESIAN_POINT('',(-1.18E0,3.2E-1,-4.285E0));
#4466=VERTEX_POINT('',#4465);
#4467=CARTESIAN_POINT('',(-4.82E0,3.2E-1,-4.285E0));
#4468=VERTEX_POINT('',#4467);
#4469=CARTESIAN_POINT('',(-4.18E0,3.2E-1,-4.285E0));
#4470=VERTEX_POINT('',#4469);
#4471=CARTESIAN_POINT('',(4.82E0,-3.2E-1,-4.955E0));
#4472=CARTESIAN_POINT('',(4.82E0,3.2E-1,-4.955E0));
#4473=VERTEX_POINT('',#4471);
#4474=VERTEX_POINT('',#4472);
#4475=CARTESIAN_POINT('',(4.18E0,-3.2E-1,-4.955E0));
#4476=CARTESIAN_POINT('',(4.18E0,3.2E-1,-4.955E0));
#4477=VERTEX_POINT('',#4475);
#4478=VERTEX_POINT('',#4476);
#4479=CARTESIAN_POINT('',(1.82E0,-3.2E-1,-4.955E0));
#4480=CARTESIAN_POINT('',(1.82E0,3.2E-1,-4.955E0));
#4481=VERTEX_POINT('',#4479);
#4482=VERTEX_POINT('',#4480);
#4483=CARTESIAN_POINT('',(1.18E0,-3.2E-1,-4.955E0));
#4484=CARTESIAN_POINT('',(1.18E0,3.2E-1,-4.955E0));
#4485=VERTEX_POINT('',#4483);
#4486=VERTEX_POINT('',#4484);
#4487=CARTESIAN_POINT('',(-1.18E0,-3.2E-1,-4.955E0));
#4488=CARTESIAN_POINT('',(-1.18E0,3.2E-1,-4.955E0));
#4489=VERTEX_POINT('',#4487);
#4490=VERTEX_POINT('',#4488);
#4491=CARTESIAN_POINT('',(-1.82E0,-3.2E-1,-4.955E0));
#4492=CARTESIAN_POINT('',(-1.82E0,3.2E-1,-4.955E0));
#4493=VERTEX_POINT('',#4491);
#4494=VERTEX_POINT('',#4492);
#4495=CARTESIAN_POINT('',(-4.18E0,-3.2E-1,-4.955E0));
#4496=CARTESIAN_POINT('',(-4.18E0,3.2E-1,-4.955E0));
#4497=VERTEX_POINT('',#4495);
#4498=VERTEX_POINT('',#4496);
#4499=CARTESIAN_POINT('',(-4.82E0,-3.2E-1,-4.955E0));
#4500=CARTESIAN_POINT('',(-4.82E0,3.2E-1,-4.955E0));
#4501=VERTEX_POINT('',#4499);
#4502=VERTEX_POINT('',#4500);
#4503=CARTESIAN_POINT('',(4.82E0,-3.43E0,-3.745E0));
#4504=VERTEX_POINT('',#4503);
#4505=CARTESIAN_POINT('',(1.82E0,-3.43E0,-4.955E0));
#4506=CARTESIAN_POINT('',(1.82E0,-3.43E0,-3.745E0));
#4507=VERTEX_POINT('',#4505);
#4508=VERTEX_POINT('',#4506);
#4509=CARTESIAN_POINT('',(1.18E0,-3.43E0,-4.955E0));
#4510=CARTESIAN_POINT('',(1.18E0,-3.43E0,-3.745E0));
#4511=VERTEX_POINT('',#4509);
#4512=VERTEX_POINT('',#4510);
#4513=CARTESIAN_POINT('',(-1.18E0,-3.43E0,-4.955E0));
#4514=CARTESIAN_POINT('',(-1.18E0,-3.43E0,-3.745E0));
#4515=VERTEX_POINT('',#4513);
#4516=VERTEX_POINT('',#4514);
#4517=CARTESIAN_POINT('',(-1.82E0,-3.43E0,-4.955E0));
#4518=CARTESIAN_POINT('',(-1.82E0,-3.43E0,-3.745E0));
#4519=VERTEX_POINT('',#4517);
#4520=VERTEX_POINT('',#4518);
#4521=CARTESIAN_POINT('',(-4.18E0,-3.43E0,-4.955E0));
#4522=CARTESIAN_POINT('',(-4.18E0,-3.43E0,-3.745E0));
#4523=VERTEX_POINT('',#4521);
#4524=VERTEX_POINT('',#4522);
#4525=CARTESIAN_POINT('',(-4.82E0,-3.43E0,-4.955E0));
#4526=CARTESIAN_POINT('',(-4.82E0,-3.43E0,-3.745E0));
#4527=VERTEX_POINT('',#4525);
#4528=VERTEX_POINT('',#4526);
#4529=CARTESIAN_POINT('',(6.825E0,5.75E-1,-2.945E0));
#4530=CARTESIAN_POINT('',(6.425E0,5.75E-1,-2.945E0));
#4531=VERTEX_POINT('',#4529);
#4532=VERTEX_POINT('',#4530);
#4533=CARTESIAN_POINT('',(6.425E0,-5.75E-1,-2.945E0));
#4534=VERTEX_POINT('',#4533);
#4535=CARTESIAN_POINT('',(6.825E0,-5.75E-1,-2.945E0));
#4536=VERTEX_POINT('',#4535);
#4537=CARTESIAN_POINT('',(6.825E0,-4.E-1,-2.945E0));
#4538=VERTEX_POINT('',#4537);
#4539=CARTESIAN_POINT('',(7.125E0,-4.E-1,-2.945E0));
#4540=VERTEX_POINT('',#4539);
#4541=CARTESIAN_POINT('',(7.125E0,4.E-1,-2.945E0));
#4542=VERTEX_POINT('',#4541);
#4543=CARTESIAN_POINT('',(6.825E0,4.E-1,-2.945E0));
#4544=VERTEX_POINT('',#4543);
#4545=CARTESIAN_POINT('',(-6.825E0,5.75E-1,-2.945E0));
#4546=CARTESIAN_POINT('',(-6.825E0,4.E-1,-2.945E0));
#4547=VERTEX_POINT('',#4545);
#4548=VERTEX_POINT('',#4546);
#4549=CARTESIAN_POINT('',(-7.125E0,4.E-1,-2.945E0));
#4550=VERTEX_POINT('',#4549);
#4551=CARTESIAN_POINT('',(-7.125E0,-4.E-1,-2.945E0));
#4552=VERTEX_POINT('',#4551);
#4553=CARTESIAN_POINT('',(-6.825E0,-4.E-1,-2.945E0));
#4554=VERTEX_POINT('',#4553);
#4555=CARTESIAN_POINT('',(-6.825E0,-5.75E-1,-2.945E0));
#4556=VERTEX_POINT('',#4555);
#4557=CARTESIAN_POINT('',(-6.425E0,-5.75E-1,-2.945E0));
#4558=VERTEX_POINT('',#4557);
#4559=CARTESIAN_POINT('',(-6.425E0,5.75E-1,-2.945E0));
#4560=VERTEX_POINT('',#4559);
#4561=CARTESIAN_POINT('',(6.825E0,-5.75E-1,-2.695E0));
#4562=CARTESIAN_POINT('',(6.825E0,-4.E-1,-2.695E0));
#4563=VERTEX_POINT('',#4561);
#4564=VERTEX_POINT('',#4562);
#4565=CARTESIAN_POINT('',(7.125E0,-4.E-1,-2.695E0));
#4566=VERTEX_POINT('',#4565);
#4567=CARTESIAN_POINT('',(7.125E0,4.E-1,-2.695E0));
#4568=VERTEX_POINT('',#4567);
#4569=CARTESIAN_POINT('',(6.825E0,4.E-1,-2.695E0));
#4570=VERTEX_POINT('',#4569);
#4571=CARTESIAN_POINT('',(6.825E0,5.75E-1,-2.695E0));
#4572=VERTEX_POINT('',#4571);
#4573=CARTESIAN_POINT('',(-6.825E0,5.75E-1,-2.695E0));
#4574=CARTESIAN_POINT('',(-6.825E0,4.E-1,-2.695E0));
#4575=VERTEX_POINT('',#4573);
#4576=VERTEX_POINT('',#4574);
#4577=CARTESIAN_POINT('',(-7.125E0,4.E-1,-2.695E0));
#4578=VERTEX_POINT('',#4577);
#4579=CARTESIAN_POINT('',(-7.125E0,-4.E-1,-2.695E0));
#4580=VERTEX_POINT('',#4579);
#4581=CARTESIAN_POINT('',(-6.825E0,-4.E-1,-2.695E0));
#4582=VERTEX_POINT('',#4581);
#4583=CARTESIAN_POINT('',(-6.825E0,-5.75E-1,-2.695E0));
#4584=VERTEX_POINT('',#4583);
#4585=CARTESIAN_POINT('',(2.85E0,-3.93E0,3.305E0));
#4586=CARTESIAN_POINT('',(3.85E0,-3.93E0,3.305E0));
#4587=VERTEX_POINT('',#4585);
#4588=VERTEX_POINT('',#4586);
#4589=CARTESIAN_POINT('',(2.85E0,-3.93E0,-3.355E0));
#4590=CARTESIAN_POINT('',(3.85E0,-3.93E0,-3.355E0));
#4591=VERTEX_POINT('',#4589);
#4592=VERTEX_POINT('',#4590);
#4593=CARTESIAN_POINT('',(-3.85E0,-3.43E0,3.305E0));
#4594=CARTESIAN_POINT('',(-2.85E0,-3.43E0,3.305E0));
#4595=VERTEX_POINT('',#4593);
#4596=VERTEX_POINT('',#4594);
#4597=CARTESIAN_POINT('',(2.85E0,-3.43E0,3.305E0));
#4598=CARTESIAN_POINT('',(3.85E0,-3.43E0,3.305E0));
#4599=VERTEX_POINT('',#4597);
#4600=VERTEX_POINT('',#4598);
#4601=CARTESIAN_POINT('',(-3.85E0,-3.43E0,-3.355E0));
#4602=CARTESIAN_POINT('',(-2.85E0,-3.43E0,-3.355E0));
#4603=VERTEX_POINT('',#4601);
#4604=VERTEX_POINT('',#4602);
#4605=CARTESIAN_POINT('',(2.85E0,-3.43E0,-3.355E0));
#4606=CARTESIAN_POINT('',(3.85E0,-3.43E0,-3.355E0));
#4607=VERTEX_POINT('',#4605);
#4608=VERTEX_POINT('',#4606);
#4609=CARTESIAN_POINT('',(4.82E0,-3.93E0,-3.745E0));
#4610=CARTESIAN_POINT('',(4.82E0,-3.93E0,-5.425E0));
#4611=VERTEX_POINT('',#4609);
#4612=VERTEX_POINT('',#4610);
#4613=CARTESIAN_POINT('',(4.82E0,-3.29E0,-5.425E0));
#4614=VERTEX_POINT('',#4613);
#4615=CARTESIAN_POINT('',(4.18E0,-3.93E0,-3.745E0));
#4616=CARTESIAN_POINT('',(4.18E0,-3.93E0,-5.425E0));
#4617=VERTEX_POINT('',#4615);
#4618=VERTEX_POINT('',#4616);
#4619=CARTESIAN_POINT('',(4.18E0,-3.29E0,-5.425E0));
#4620=VERTEX_POINT('',#4619);
#4621=CARTESIAN_POINT('',(1.82E0,-3.93E0,-3.745E0));
#4622=CARTESIAN_POINT('',(1.82E0,-3.93E0,-5.425E0));
#4623=VERTEX_POINT('',#4621);
#4624=VERTEX_POINT('',#4622);
#4625=CARTESIAN_POINT('',(1.82E0,-3.29E0,-5.425E0));
#4626=VERTEX_POINT('',#4625);
#4627=CARTESIAN_POINT('',(1.18E0,-3.93E0,-3.745E0));
#4628=CARTESIAN_POINT('',(1.18E0,-3.93E0,-5.425E0));
#4629=VERTEX_POINT('',#4627);
#4630=VERTEX_POINT('',#4628);
#4631=CARTESIAN_POINT('',(1.18E0,-3.29E0,-5.425E0));
#4632=VERTEX_POINT('',#4631);
#4633=CARTESIAN_POINT('',(-1.18E0,-3.93E0,-3.745E0));
#4634=CARTESIAN_POINT('',(-1.18E0,-3.93E0,-5.425E0));
#4635=VERTEX_POINT('',#4633);
#4636=VERTEX_POINT('',#4634);
#4637=CARTESIAN_POINT('',(-1.18E0,-3.29E0,-5.425E0));
#4638=VERTEX_POINT('',#4637);
#4639=CARTESIAN_POINT('',(-1.82E0,-3.93E0,-3.745E0));
#4640=CARTESIAN_POINT('',(-1.82E0,-3.93E0,-5.425E0));
#4641=VERTEX_POINT('',#4639);
#4642=VERTEX_POINT('',#4640);
#4643=CARTESIAN_POINT('',(-1.82E0,-3.29E0,-5.425E0));
#4644=VERTEX_POINT('',#4643);
#4645=CARTESIAN_POINT('',(-4.18E0,-3.93E0,-3.745E0));
#4646=CARTESIAN_POINT('',(-4.18E0,-3.93E0,-5.425E0));
#4647=VERTEX_POINT('',#4645);
#4648=VERTEX_POINT('',#4646);
#4649=CARTESIAN_POINT('',(-4.18E0,-3.29E0,-5.425E0));
#4650=VERTEX_POINT('',#4649);
#4651=CARTESIAN_POINT('',(-4.82E0,-3.93E0,-3.745E0));
#4652=CARTESIAN_POINT('',(-4.82E0,-3.93E0,-5.425E0));
#4653=VERTEX_POINT('',#4651);
#4654=VERTEX_POINT('',#4652);
#4655=CARTESIAN_POINT('',(-4.82E0,-3.29E0,-5.425E0));
#4656=VERTEX_POINT('',#4655);
#4657=CARTESIAN_POINT('',(4.82E0,-3.29E0,-4.955E0));
#4658=VERTEX_POINT('',#4657);
#4659=CARTESIAN_POINT('',(1.82E0,-3.29E0,-4.955E0));
#4660=VERTEX_POINT('',#4659);
#4661=CARTESIAN_POINT('',(1.18E0,-3.29E0,-4.955E0));
#4662=VERTEX_POINT('',#4661);
#4663=CARTESIAN_POINT('',(-1.18E0,-3.29E0,-4.955E0));
#4664=VERTEX_POINT('',#4663);
#4665=CARTESIAN_POINT('',(-1.82E0,-3.29E0,-4.955E0));
#4666=VERTEX_POINT('',#4665);
#4667=CARTESIAN_POINT('',(-4.18E0,-3.29E0,-4.955E0));
#4668=VERTEX_POINT('',#4667);
#4669=CARTESIAN_POINT('',(-4.82E0,-3.29E0,-4.955E0));
#4670=VERTEX_POINT('',#4669);
#4671=CARTESIAN_POINT('',(4.82E0,-3.93E0,-1.0125E1));
#4672=VERTEX_POINT('',#4671);
#4673=CARTESIAN_POINT('',(4.82E0,-3.29E0,-1.0125E1));
#4674=VERTEX_POINT('',#4673);
#4675=CARTESIAN_POINT('',(4.82E0,1.18E0,-5.710030241322E0));
#4676=VERTEX_POINT('',#4675);
#4677=CARTESIAN_POINT('',(4.18E0,-3.93E0,-1.0125E1));
#4678=VERTEX_POINT('',#4677);
#4679=CARTESIAN_POINT('',(4.18E0,-3.29E0,-1.0125E1));
#4680=VERTEX_POINT('',#4679);
#4681=CARTESIAN_POINT('',(4.18E0,1.18E0,-5.710030241322E0));
#4682=VERTEX_POINT('',#4681);
#4683=CARTESIAN_POINT('',(1.82E0,-3.93E0,-1.0125E1));
#4684=VERTEX_POINT('',#4683);
#4685=CARTESIAN_POINT('',(1.82E0,-3.29E0,-1.0125E1));
#4686=VERTEX_POINT('',#4685);
#4687=CARTESIAN_POINT('',(1.82E0,1.18E0,-5.710030241322E0));
#4688=VERTEX_POINT('',#4687);
#4689=CARTESIAN_POINT('',(1.18E0,-3.93E0,-1.0125E1));
#4690=VERTEX_POINT('',#4689);
#4691=CARTESIAN_POINT('',(1.18E0,-3.29E0,-1.0125E1));
#4692=VERTEX_POINT('',#4691);
#4693=CARTESIAN_POINT('',(1.18E0,1.18E0,-5.710030241322E0));
#4694=VERTEX_POINT('',#4693);
#4695=CARTESIAN_POINT('',(-1.18E0,-3.93E0,-1.0125E1));
#4696=VERTEX_POINT('',#4695);
#4697=CARTESIAN_POINT('',(-1.18E0,-3.29E0,-1.0125E1));
#4698=VERTEX_POINT('',#4697);
#4699=CARTESIAN_POINT('',(-1.18E0,1.18E0,-5.710030241322E0));
#4700=VERTEX_POINT('',#4699);
#4701=CARTESIAN_POINT('',(-1.82E0,-3.93E0,-1.0125E1));
#4702=VERTEX_POINT('',#4701);
#4703=CARTESIAN_POINT('',(-1.82E0,-3.29E0,-1.0125E1));
#4704=VERTEX_POINT('',#4703);
#4705=CARTESIAN_POINT('',(-1.82E0,1.18E0,-5.710030241322E0));
#4706=VERTEX_POINT('',#4705);
#4707=CARTESIAN_POINT('',(-4.18E0,-3.93E0,-1.0125E1));
#4708=VERTEX_POINT('',#4707);
#4709=CARTESIAN_POINT('',(-4.18E0,-3.29E0,-1.0125E1));
#4710=VERTEX_POINT('',#4709);
#4711=CARTESIAN_POINT('',(-4.18E0,1.18E0,-5.710030241322E0));
#4712=VERTEX_POINT('',#4711);
#4713=CARTESIAN_POINT('',(-4.82E0,-3.93E0,-1.0125E1));
#4714=VERTEX_POINT('',#4713);
#4715=CARTESIAN_POINT('',(-4.82E0,-3.29E0,-1.0125E1));
#4716=VERTEX_POINT('',#4715);
#4717=CARTESIAN_POINT('',(-4.82E0,1.18E0,-5.710030241322E0));
#4718=VERTEX_POINT('',#4717);
#4719=CARTESIAN_POINT('',(3.23E0,2.77E0,-1.645E0));
#4720=CARTESIAN_POINT('',(3.23E0,9.3E-1,-1.645E0));
#4721=VERTEX_POINT('',#4719);
#4722=VERTEX_POINT('',#4720);
#4723=CARTESIAN_POINT('',(3.93E0,2.3E-1,-1.645E0));
#4724=VERTEX_POINT('',#4723);
#4725=CARTESIAN_POINT('',(5.77E0,2.3E-1,-1.645E0));
#4726=VERTEX_POINT('',#4725);
#4727=CARTESIAN_POINT('',(5.77E0,2.77E0,-1.645E0));
#4728=VERTEX_POINT('',#4727);
#4729=CARTESIAN_POINT('',(5.77E0,-2.3E-1,-1.645E0));
#4730=CARTESIAN_POINT('',(3.23E0,-2.3E-1,-1.645E0));
#4731=VERTEX_POINT('',#4729);
#4732=VERTEX_POINT('',#4730);
#4733=CARTESIAN_POINT('',(3.23E0,-2.07E0,-1.645E0));
#4734=VERTEX_POINT('',#4733);
#4735=CARTESIAN_POINT('',(3.93E0,-2.77E0,-1.645E0));
#4736=VERTEX_POINT('',#4735);
#4737=CARTESIAN_POINT('',(5.77E0,-2.77E0,-1.645E0));
#4738=VERTEX_POINT('',#4737);
#4739=CARTESIAN_POINT('',(2.3E-1,-2.3E-1,-1.645E0));
#4740=CARTESIAN_POINT('',(2.3E-1,-2.77E0,-1.645E0));
#4741=VERTEX_POINT('',#4739);
#4742=VERTEX_POINT('',#4740);
#4743=CARTESIAN_POINT('',(2.07E0,-2.77E0,-1.645E0));
#4744=VERTEX_POINT('',#4743);
#4745=CARTESIAN_POINT('',(2.77E0,-2.07E0,-1.645E0));
#4746=VERTEX_POINT('',#4745);
#4747=CARTESIAN_POINT('',(2.77E0,-2.3E-1,-1.645E0));
#4748=VERTEX_POINT('',#4747);
#4749=CARTESIAN_POINT('',(2.3E-1,2.3E-1,-1.645E0));
#4750=CARTESIAN_POINT('',(2.07E0,2.3E-1,-1.645E0));
#4751=VERTEX_POINT('',#4749);
#4752=VERTEX_POINT('',#4750);
#4753=CARTESIAN_POINT('',(2.77E0,9.3E-1,-1.645E0));
#4754=VERTEX_POINT('',#4753);
#4755=CARTESIAN_POINT('',(2.77E0,2.77E0,-1.645E0));
#4756=VERTEX_POINT('',#4755);
#4757=CARTESIAN_POINT('',(2.3E-1,2.77E0,-1.645E0));
#4758=VERTEX_POINT('',#4757);
#4759=CARTESIAN_POINT('',(-2.07E0,2.3E-1,-1.645E0));
#4760=CARTESIAN_POINT('',(-2.3E-1,2.3E-1,-1.645E0));
#4761=VERTEX_POINT('',#4759);
#4762=VERTEX_POINT('',#4760);
#4763=CARTESIAN_POINT('',(-2.3E-1,2.77E0,-1.645E0));
#4764=VERTEX_POINT('',#4763);
#4765=CARTESIAN_POINT('',(-2.77E0,2.77E0,-1.645E0));
#4766=VERTEX_POINT('',#4765);
#4767=CARTESIAN_POINT('',(-2.77E0,9.3E-1,-1.645E0));
#4768=VERTEX_POINT('',#4767);
#4769=CARTESIAN_POINT('',(-2.3E-1,-2.3E-1,-1.645E0));
#4770=CARTESIAN_POINT('',(-2.77E0,-2.3E-1,-1.645E0));
#4771=VERTEX_POINT('',#4769);
#4772=VERTEX_POINT('',#4770);
#4773=CARTESIAN_POINT('',(-2.77E0,-2.07E0,-1.645E0));
#4774=VERTEX_POINT('',#4773);
#4775=CARTESIAN_POINT('',(-2.07E0,-2.77E0,-1.645E0));
#4776=VERTEX_POINT('',#4775);
#4777=CARTESIAN_POINT('',(-2.3E-1,-2.77E0,-1.645E0));
#4778=VERTEX_POINT('',#4777);
#4779=CARTESIAN_POINT('',(-5.77E0,-2.77E0,-1.645E0));
#4780=CARTESIAN_POINT('',(-3.93E0,-2.77E0,-1.645E0));
#4781=VERTEX_POINT('',#4779);
#4782=VERTEX_POINT('',#4780);
#4783=CARTESIAN_POINT('',(-3.23E0,-2.07E0,-1.645E0));
#4784=VERTEX_POINT('',#4783);
#4785=CARTESIAN_POINT('',(-3.23E0,-2.3E-1,-1.645E0));
#4786=VERTEX_POINT('',#4785);
#4787=CARTESIAN_POINT('',(-5.77E0,-2.3E-1,-1.645E0));
#4788=VERTEX_POINT('',#4787);
#4789=CARTESIAN_POINT('',(-5.77E0,2.3E-1,-1.645E0));
#4790=CARTESIAN_POINT('',(-3.23E0,2.3E-1,-1.645E0));
#4791=VERTEX_POINT('',#4789);
#4792=VERTEX_POINT('',#4790);
#4793=CARTESIAN_POINT('',(-3.23E0,2.77E0,-1.645E0));
#4794=VERTEX_POINT('',#4793);
#4795=CARTESIAN_POINT('',(-5.77E0,2.77E0,-1.645E0));
#4796=VERTEX_POINT('',#4795);
#4797=CARTESIAN_POINT('',(3.23E0,9.3E-1,4.955E0));
#4798=CARTESIAN_POINT('',(3.93E0,2.3E-1,4.955E0));
#4799=VERTEX_POINT('',#4797);
#4800=VERTEX_POINT('',#4798);
#4801=CARTESIAN_POINT('',(5.77E0,2.3E-1,4.955E0));
#4802=VERTEX_POINT('',#4801);
#4803=CARTESIAN_POINT('',(5.77E0,2.77E0,4.955E0));
#4804=VERTEX_POINT('',#4803);
#4805=CARTESIAN_POINT('',(3.23E0,2.77E0,4.955E0));
#4806=VERTEX_POINT('',#4805);
#4807=CARTESIAN_POINT('',(5.77E0,-2.3E-1,4.955E0));
#4808=CARTESIAN_POINT('',(3.23E0,-2.3E-1,4.955E0));
#4809=VERTEX_POINT('',#4807);
#4810=VERTEX_POINT('',#4808);
#4811=CARTESIAN_POINT('',(3.93E0,-2.77E0,4.955E0));
#4812=CARTESIAN_POINT('',(5.77E0,-2.77E0,4.955E0));
#4813=VERTEX_POINT('',#4811);
#4814=VERTEX_POINT('',#4812);
#4815=CARTESIAN_POINT('',(-5.77E0,-2.77E0,4.955E0));
#4816=CARTESIAN_POINT('',(-3.93E0,-2.77E0,4.955E0));
#4817=VERTEX_POINT('',#4815);
#4818=VERTEX_POINT('',#4816);
#4819=CARTESIAN_POINT('',(-3.23E0,-2.07E0,4.955E0));
#4820=VERTEX_POINT('',#4819);
#4821=CARTESIAN_POINT('',(-3.23E0,-2.3E-1,4.955E0));
#4822=CARTESIAN_POINT('',(-5.77E0,-2.3E-1,4.955E0));
#4823=VERTEX_POINT('',#4821);
#4824=VERTEX_POINT('',#4822);
#4825=CARTESIAN_POINT('',(-5.77E0,2.3E-1,4.955E0));
#4826=CARTESIAN_POINT('',(-3.23E0,2.3E-1,4.955E0));
#4827=VERTEX_POINT('',#4825);
#4828=VERTEX_POINT('',#4826);
#4829=CARTESIAN_POINT('',(-3.23E0,2.77E0,4.955E0));
#4830=CARTESIAN_POINT('',(-5.77E0,2.77E0,4.955E0));
#4831=VERTEX_POINT('',#4829);
#4832=VERTEX_POINT('',#4830);
#4833=CARTESIAN_POINT('',(4.18E0,-3.2E-1,-3.655E0));
#4834=VERTEX_POINT('',#4833);
#4835=CARTESIAN_POINT('',(4.82E0,-3.2E-1,-3.655E0));
#4836=VERTEX_POINT('',#4835);
#4837=CARTESIAN_POINT('',(4.18E0,-1.18E0,-3.655E0));
#4838=VERTEX_POINT('',#4837);
#4839=CARTESIAN_POINT('',(4.82E0,-1.18E0,-3.655E0));
#4840=VERTEX_POINT('',#4839);
#4841=CARTESIAN_POINT('',(1.18E0,-3.2E-1,-3.655E0));
#4842=VERTEX_POINT('',#4841);
#4843=CARTESIAN_POINT('',(1.82E0,-3.2E-1,-3.655E0));
#4844=VERTEX_POINT('',#4843);
#4845=CARTESIAN_POINT('',(1.18E0,-1.18E0,-3.655E0));
#4846=VERTEX_POINT('',#4845);
#4847=CARTESIAN_POINT('',(1.82E0,-1.18E0,-3.655E0));
#4848=VERTEX_POINT('',#4847);
#4849=CARTESIAN_POINT('',(-1.82E0,-3.2E-1,-3.655E0));
#4850=VERTEX_POINT('',#4849);
#4851=CARTESIAN_POINT('',(-1.18E0,-3.2E-1,-3.655E0));
#4852=VERTEX_POINT('',#4851);
#4853=CARTESIAN_POINT('',(-1.82E0,-1.18E0,-3.655E0));
#4854=VERTEX_POINT('',#4853);
#4855=CARTESIAN_POINT('',(-1.18E0,-1.18E0,-3.655E0));
#4856=VERTEX_POINT('',#4855);
#4857=CARTESIAN_POINT('',(-4.82E0,-3.2E-1,-3.655E0));
#4858=VERTEX_POINT('',#4857);
#4859=CARTESIAN_POINT('',(-4.18E0,-3.2E-1,-3.655E0));
#4860=VERTEX_POINT('',#4859);
#4861=CARTESIAN_POINT('',(-4.82E0,-1.18E0,-3.655E0));
#4862=VERTEX_POINT('',#4861);
#4863=CARTESIAN_POINT('',(-4.18E0,-1.18E0,-3.655E0));
#4864=VERTEX_POINT('',#4863);
#4865=CARTESIAN_POINT('',(3.23E0,-2.07E0,4.955E0));
#4866=VERTEX_POINT('',#4865);
#4867=CARTESIAN_POINT('',(2.3E-1,-2.3E-1,4.955E0));
#4868=CARTESIAN_POINT('',(2.3E-1,-2.77E0,4.955E0));
#4869=VERTEX_POINT('',#4867);
#4870=VERTEX_POINT('',#4868);
#4871=CARTESIAN_POINT('',(2.07E0,-2.77E0,4.955E0));
#4872=VERTEX_POINT('',#4871);
#4873=CARTESIAN_POINT('',(2.77E0,-2.07E0,4.955E0));
#4874=VERTEX_POINT('',#4873);
#4875=CARTESIAN_POINT('',(2.77E0,-2.3E-1,4.955E0));
#4876=VERTEX_POINT('',#4875);
#4877=CARTESIAN_POINT('',(2.3E-1,2.3E-1,4.955E0));
#4878=CARTESIAN_POINT('',(2.07E0,2.3E-1,4.955E0));
#4879=VERTEX_POINT('',#4877);
#4880=VERTEX_POINT('',#4878);
#4881=CARTESIAN_POINT('',(2.77E0,9.3E-1,4.955E0));
#4882=VERTEX_POINT('',#4881);
#4883=CARTESIAN_POINT('',(2.77E0,2.77E0,4.955E0));
#4884=VERTEX_POINT('',#4883);
#4885=CARTESIAN_POINT('',(2.3E-1,2.77E0,4.955E0));
#4886=VERTEX_POINT('',#4885);
#4887=CARTESIAN_POINT('',(-2.07E0,2.3E-1,4.955E0));
#4888=CARTESIAN_POINT('',(-2.3E-1,2.3E-1,4.955E0));
#4889=VERTEX_POINT('',#4887);
#4890=VERTEX_POINT('',#4888);
#4891=CARTESIAN_POINT('',(-2.3E-1,2.77E0,4.955E0));
#4892=VERTEX_POINT('',#4891);
#4893=CARTESIAN_POINT('',(-2.77E0,2.77E0,4.955E0));
#4894=VERTEX_POINT('',#4893);
#4895=CARTESIAN_POINT('',(-2.77E0,9.3E-1,4.955E0));
#4896=VERTEX_POINT('',#4895);
#4897=CARTESIAN_POINT('',(-2.3E-1,-2.3E-1,4.955E0));
#4898=CARTESIAN_POINT('',(-2.77E0,-2.3E-1,4.955E0));
#4899=VERTEX_POINT('',#4897);
#4900=VERTEX_POINT('',#4898);
#4901=CARTESIAN_POINT('',(-2.77E0,-2.07E0,4.955E0));
#4902=VERTEX_POINT('',#4901);
#4903=CARTESIAN_POINT('',(-2.07E0,-2.77E0,4.955E0));
#4904=VERTEX_POINT('',#4903);
#4905=CARTESIAN_POINT('',(-2.3E-1,-2.77E0,4.955E0));
#4906=VERTEX_POINT('',#4905);
#4907=CARTESIAN_POINT('',(8.075E0,-3.94E0,-4.955E0));
#4908=CARTESIAN_POINT('',(8.075E0,-2.78E0,-4.955E0));
#4909=VERTEX_POINT('',#4907);
#4910=VERTEX_POINT('',#4908);
#4911=CARTESIAN_POINT('',(8.075E0,-2.78E0,-4.285E0));
#4912=VERTEX_POINT('',#4911);
#4913=CARTESIAN_POINT('',(8.075E0,1.6E0,-4.285E0));
#4914=CARTESIAN_POINT('',(8.075E0,1.6E0,-4.955E0));
#4915=VERTEX_POINT('',#4913);
#4916=VERTEX_POINT('',#4914);
#4917=CARTESIAN_POINT('',(8.075E0,3.43E0,-4.955E0));
#4918=VERTEX_POINT('',#4917);
#4919=CARTESIAN_POINT('',(8.075E0,3.43E0,-3.355E0));
#4920=VERTEX_POINT('',#4919);
#4921=CARTESIAN_POINT('',(8.075E0,-3.94E0,-3.355E0));
#4922=VERTEX_POINT('',#4921);
#4923=CARTESIAN_POINT('',(7.825E0,3.43E0,-3.355E0));
#4924=VERTEX_POINT('',#4923);
#4925=CARTESIAN_POINT('',(-8.075E0,-2.78E0,-4.285E0));
#4926=CARTESIAN_POINT('',(-8.075E0,-2.78E0,-4.955E0));
#4927=VERTEX_POINT('',#4925);
#4928=VERTEX_POINT('',#4926);
#4929=CARTESIAN_POINT('',(-8.075E0,-3.94E0,-4.955E0));
#4930=VERTEX_POINT('',#4929);
#4931=CARTESIAN_POINT('',(-8.075E0,-3.94E0,-3.355E0));
#4932=VERTEX_POINT('',#4931);
#4933=CARTESIAN_POINT('',(-8.075E0,3.43E0,-3.355E0));
#4934=VERTEX_POINT('',#4933);
#4935=CARTESIAN_POINT('',(-8.075E0,3.43E0,-4.955E0));
#4936=VERTEX_POINT('',#4935);
#4937=CARTESIAN_POINT('',(-8.075E0,1.6E0,-4.955E0));
#4938=VERTEX_POINT('',#4937);
#4939=CARTESIAN_POINT('',(-8.075E0,1.6E0,-4.285E0));
#4940=VERTEX_POINT('',#4939);
#4941=CARTESIAN_POINT('',(-7.825E0,3.43E0,-3.355E0));
#4942=VERTEX_POINT('',#4941);
#4943=CARTESIAN_POINT('',(6.875E0,-3.43E0,4.424642857143E0));
#4944=VERTEX_POINT('',#4943);
#4945=CARTESIAN_POINT('',(-6.875E0,-3.43E0,4.424642857143E0));
#4946=VERTEX_POINT('',#4945);
#4947=CARTESIAN_POINT('',(-7.825E0,-2.93E0,3.305E0));
#4948=VERTEX_POINT('',#4947);
#4949=CARTESIAN_POINT('',(-7.825E0,-2.93E0,-3.355E0));
#4950=VERTEX_POINT('',#4949);
#4951=CARTESIAN_POINT('',(7.775E0,-2.1875E0,1.555E0));
#4952=CARTESIAN_POINT('',(7.775E0,-2.1875E0,2.805E0));
#4953=VERTEX_POINT('',#4951);
#4954=VERTEX_POINT('',#4952);
#4955=CARTESIAN_POINT('',(7.775E0,-2.34375E0,2.805E0));
#4956=VERTEX_POINT('',#4955);
#4957=CARTESIAN_POINT('',(7.775E0,-2.5E0,2.618829809427E0));
#4958=VERTEX_POINT('',#4957);
#4959=CARTESIAN_POINT('',(7.775E0,-2.5E0,2.406063802838E0));
#4960=VERTEX_POINT('',#4959);
#4961=CARTESIAN_POINT('',(7.775E0,-2.34375E0,2.592234067917E0));
#4962=VERTEX_POINT('',#4961);
#4963=CARTESIAN_POINT('',(7.775E0,-2.34375E0,1.555E0));
#4964=VERTEX_POINT('',#4963);
#4965=CARTESIAN_POINT('',(7.825E0,-2.1875E0,1.555E0));
#4966=CARTESIAN_POINT('',(7.825E0,-2.1875E0,2.805E0));
#4967=VERTEX_POINT('',#4965);
#4968=VERTEX_POINT('',#4966);
#4969=CARTESIAN_POINT('',(7.825E0,-2.34375E0,2.805E0));
#4970=VERTEX_POINT('',#4969);
#4971=CARTESIAN_POINT('',(7.825E0,-2.5E0,2.618829809427E0));
#4972=VERTEX_POINT('',#4971);
#4973=CARTESIAN_POINT('',(7.825E0,-2.5E0,2.406063802838E0));
#4974=VERTEX_POINT('',#4973);
#4975=CARTESIAN_POINT('',(7.825E0,-2.34375E0,2.592234067917E0));
#4976=VERTEX_POINT('',#4975);
#4977=CARTESIAN_POINT('',(7.825E0,-2.34375E0,1.555E0));
#4978=VERTEX_POINT('',#4977);
#4979=CARTESIAN_POINT('',(6.425E0,-3.49E0,-2.8E-1));
#4980=CARTESIAN_POINT('',(6.875E0,-3.94E0,-2.8E-1));
#4981=VERTEX_POINT('',#4979);
#4982=VERTEX_POINT('',#4980);
#4983=CARTESIAN_POINT('',(9.825E0,-3.94E0,-2.8E-1));
#4984=VERTEX_POINT('',#4983);
#4985=CARTESIAN_POINT('',(9.825E0,-3.59E0,-2.8E-1));
#4986=CARTESIAN_POINT('',(6.875E0,-3.59E0,-2.8E-1));
#4987=VERTEX_POINT('',#4985);
#4988=VERTEX_POINT('',#4986);
#4989=CARTESIAN_POINT('',(6.775E0,-3.49E0,-2.8E-1));
#4990=VERTEX_POINT('',#4989);
#4991=CARTESIAN_POINT('',(6.425E0,-3.49E0,9.9E-1));
#4992=CARTESIAN_POINT('',(6.875E0,-3.94E0,9.9E-1));
#4993=VERTEX_POINT('',#4991);
#4994=VERTEX_POINT('',#4992);
#4995=CARTESIAN_POINT('',(9.825E0,-3.94E0,9.9E-1));
#4996=VERTEX_POINT('',#4995);
#4997=CARTESIAN_POINT('',(9.825E0,-3.59E0,9.9E-1));
#4998=CARTESIAN_POINT('',(6.875E0,-3.59E0,9.9E-1));
#4999=VERTEX_POINT('',#4997);
#5000=VERTEX_POINT('',#4998);
#5001=CARTESIAN_POINT('',(6.775E0,-3.49E0,9.9E-1));
#5002=VERTEX_POINT('',#5001);
#5003=CARTESIAN_POINT('',(-6.775E0,-3.43E0,-2.8E-1));
#5004=CARTESIAN_POINT('',(-6.425E0,-3.43E0,-2.8E-1));
#5005=VERTEX_POINT('',#5003);
#5006=VERTEX_POINT('',#5004);
#5007=CARTESIAN_POINT('',(6.425E0,-3.43E0,-2.8E-1));
#5008=CARTESIAN_POINT('',(6.775E0,-3.43E0,-2.8E-1));
#5009=VERTEX_POINT('',#5007);
#5010=VERTEX_POINT('',#5008);
#5011=CARTESIAN_POINT('',(-6.775E0,-3.43E0,9.9E-1));
#5012=CARTESIAN_POINT('',(-6.425E0,-3.43E0,9.9E-1));
#5013=VERTEX_POINT('',#5011);
#5014=VERTEX_POINT('',#5012);
#5015=CARTESIAN_POINT('',(6.425E0,-3.43E0,9.9E-1));
#5016=CARTESIAN_POINT('',(6.775E0,-3.43E0,9.9E-1));
#5017=VERTEX_POINT('',#5015);
#5018=VERTEX_POINT('',#5016);
#5019=CARTESIAN_POINT('',(4.64E0,1.36E0,2.555E0));
#5020=CARTESIAN_POINT('',(4.36E0,1.36E0,2.555E0));
#5021=VERTEX_POINT('',#5019);
#5022=VERTEX_POINT('',#5020);
#5023=CARTESIAN_POINT('',(4.82E0,1.18E0,1.555E0));
#5024=CARTESIAN_POINT('',(4.18E0,1.18E0,1.555E0));
#5025=VERTEX_POINT('',#5023);
#5026=VERTEX_POINT('',#5024);
#5027=CARTESIAN_POINT('',(4.18E0,1.82E0,1.555E0));
#5028=VERTEX_POINT('',#5027);
#5029=CARTESIAN_POINT('',(4.36E0,1.64E0,2.555E0));
#5030=VERTEX_POINT('',#5029);
#5031=CARTESIAN_POINT('',(4.82E0,1.82E0,1.555E0));
#5032=VERTEX_POINT('',#5031);
#5033=CARTESIAN_POINT('',(4.64E0,1.64E0,2.555E0));
#5034=VERTEX_POINT('',#5033);
#5035=CARTESIAN_POINT('',(4.64E0,-1.64E0,2.555E0));
#5036=CARTESIAN_POINT('',(4.36E0,-1.64E0,2.555E0));
#5037=VERTEX_POINT('',#5035);
#5038=VERTEX_POINT('',#5036);
#5039=CARTESIAN_POINT('',(4.82E0,-1.82E0,1.555E0));
#5040=CARTESIAN_POINT('',(4.18E0,-1.82E0,1.555E0));
#5041=VERTEX_POINT('',#5039);
#5042=VERTEX_POINT('',#5040);
#5043=CARTESIAN_POINT('',(4.18E0,-1.18E0,1.555E0));
#5044=VERTEX_POINT('',#5043);
#5045=CARTESIAN_POINT('',(4.36E0,-1.36E0,2.555E0));
#5046=VERTEX_POINT('',#5045);
#5047=CARTESIAN_POINT('',(4.82E0,-1.18E0,1.555E0));
#5048=VERTEX_POINT('',#5047);
#5049=CARTESIAN_POINT('',(4.64E0,-1.36E0,2.555E0));
#5050=VERTEX_POINT('',#5049);
#5051=CARTESIAN_POINT('',(4.82E0,1.18E0,-1.645E0));
#5052=VERTEX_POINT('',#5051);
#5053=CARTESIAN_POINT('',(4.18E0,1.18E0,-1.645E0));
#5054=VERTEX_POINT('',#5053);
#5055=CARTESIAN_POINT('',(4.82E0,1.82E0,-1.645E0));
#5056=VERTEX_POINT('',#5055);
#5057=CARTESIAN_POINT('',(4.18E0,1.82E0,-1.645E0));
#5058=VERTEX_POINT('',#5057);
#5059=CARTESIAN_POINT('',(4.82E0,-1.82E0,-1.645E0));
#5060=VERTEX_POINT('',#5059);
#5061=CARTESIAN_POINT('',(4.18E0,-1.82E0,-1.645E0));
#5062=VERTEX_POINT('',#5061);
#5063=CARTESIAN_POINT('',(1.64E0,1.36E0,2.555E0));
#5064=CARTESIAN_POINT('',(1.36E0,1.36E0,2.555E0));
#5065=VERTEX_POINT('',#5063);
#5066=VERTEX_POINT('',#5064);
#5067=CARTESIAN_POINT('',(1.82E0,1.18E0,1.555E0));
#5068=CARTESIAN_POINT('',(1.18E0,1.18E0,1.555E0));
#5069=VERTEX_POINT('',#5067);
#5070=VERTEX_POINT('',#5068);
#5071=CARTESIAN_POINT('',(1.18E0,1.82E0,1.555E0));
#5072=VERTEX_POINT('',#5071);
#5073=CARTESIAN_POINT('',(1.36E0,1.64E0,2.555E0));
#5074=VERTEX_POINT('',#5073);
#5075=CARTESIAN_POINT('',(1.82E0,1.82E0,1.555E0));
#5076=VERTEX_POINT('',#5075);
#5077=CARTESIAN_POINT('',(1.64E0,1.64E0,2.555E0));
#5078=VERTEX_POINT('',#5077);
#5079=CARTESIAN_POINT('',(1.64E0,-1.64E0,2.555E0));
#5080=CARTESIAN_POINT('',(1.36E0,-1.64E0,2.555E0));
#5081=VERTEX_POINT('',#5079);
#5082=VERTEX_POINT('',#5080);
#5083=CARTESIAN_POINT('',(1.82E0,-1.82E0,1.555E0));
#5084=CARTESIAN_POINT('',(1.18E0,-1.82E0,1.555E0));
#5085=VERTEX_POINT('',#5083);
#5086=VERTEX_POINT('',#5084);
#5087=CARTESIAN_POINT('',(1.18E0,-1.18E0,1.555E0));
#5088=VERTEX_POINT('',#5087);
#5089=CARTESIAN_POINT('',(1.36E0,-1.36E0,2.555E0));
#5090=VERTEX_POINT('',#5089);
#5091=CARTESIAN_POINT('',(1.82E0,-1.18E0,1.555E0));
#5092=VERTEX_POINT('',#5091);
#5093=CARTESIAN_POINT('',(1.64E0,-1.36E0,2.555E0));
#5094=VERTEX_POINT('',#5093);
#5095=CARTESIAN_POINT('',(1.82E0,1.18E0,-1.645E0));
#5096=VERTEX_POINT('',#5095);
#5097=CARTESIAN_POINT('',(1.18E0,1.18E0,-1.645E0));
#5098=VERTEX_POINT('',#5097);
#5099=CARTESIAN_POINT('',(1.82E0,1.82E0,-1.645E0));
#5100=VERTEX_POINT('',#5099);
#5101=CARTESIAN_POINT('',(1.18E0,1.82E0,-1.645E0));
#5102=VERTEX_POINT('',#5101);
#5103=CARTESIAN_POINT('',(1.82E0,-1.82E0,-1.645E0));
#5104=VERTEX_POINT('',#5103);
#5105=CARTESIAN_POINT('',(1.18E0,-1.82E0,-1.645E0));
#5106=VERTEX_POINT('',#5105);
#5107=CARTESIAN_POINT('',(-1.36E0,1.36E0,2.555E0));
#5108=CARTESIAN_POINT('',(-1.64E0,1.36E0,2.555E0));
#5109=VERTEX_POINT('',#5107);
#5110=VERTEX_POINT('',#5108);
#5111=CARTESIAN_POINT('',(-1.18E0,1.18E0,1.555E0));
#5112=CARTESIAN_POINT('',(-1.82E0,1.18E0,1.555E0));
#5113=VERTEX_POINT('',#5111);
#5114=VERTEX_POINT('',#5112);
#5115=CARTESIAN_POINT('',(-1.82E0,1.82E0,1.555E0));
#5116=VERTEX_POINT('',#5115);
#5117=CARTESIAN_POINT('',(-1.64E0,1.64E0,2.555E0));
#5118=VERTEX_POINT('',#5117);
#5119=CARTESIAN_POINT('',(-1.18E0,1.82E0,1.555E0));
#5120=VERTEX_POINT('',#5119);
#5121=CARTESIAN_POINT('',(-1.36E0,1.64E0,2.555E0));
#5122=VERTEX_POINT('',#5121);
#5123=CARTESIAN_POINT('',(-1.36E0,-1.64E0,2.555E0));
#5124=CARTESIAN_POINT('',(-1.64E0,-1.64E0,2.555E0));
#5125=VERTEX_POINT('',#5123);
#5126=VERTEX_POINT('',#5124);
#5127=CARTESIAN_POINT('',(-1.18E0,-1.82E0,1.555E0));
#5128=CARTESIAN_POINT('',(-1.82E0,-1.82E0,1.555E0));
#5129=VERTEX_POINT('',#5127);
#5130=VERTEX_POINT('',#5128);
#5131=CARTESIAN_POINT('',(-1.82E0,-1.18E0,1.555E0));
#5132=VERTEX_POINT('',#5131);
#5133=CARTESIAN_POINT('',(-1.64E0,-1.36E0,2.555E0));
#5134=VERTEX_POINT('',#5133);
#5135=CARTESIAN_POINT('',(-1.18E0,-1.18E0,1.555E0));
#5136=VERTEX_POINT('',#5135);
#5137=CARTESIAN_POINT('',(-1.36E0,-1.36E0,2.555E0));
#5138=VERTEX_POINT('',#5137);
#5139=CARTESIAN_POINT('',(-1.18E0,1.18E0,-1.645E0));
#5140=VERTEX_POINT('',#5139);
#5141=CARTESIAN_POINT('',(-1.82E0,1.18E0,-1.645E0));
#5142=VERTEX_POINT('',#5141);
#5143=CARTESIAN_POINT('',(-1.18E0,1.82E0,-1.645E0));
#5144=VERTEX_POINT('',#5143);
#5145=CARTESIAN_POINT('',(-1.82E0,1.82E0,-1.645E0));
#5146=VERTEX_POINT('',#5145);
#5147=CARTESIAN_POINT('',(-1.18E0,-1.82E0,-1.645E0));
#5148=VERTEX_POINT('',#5147);
#5149=CARTESIAN_POINT('',(-1.82E0,-1.82E0,-1.645E0));
#5150=VERTEX_POINT('',#5149);
#5151=CARTESIAN_POINT('',(-4.36E0,1.36E0,2.555E0));
#5152=CARTESIAN_POINT('',(-4.64E0,1.36E0,2.555E0));
#5153=VERTEX_POINT('',#5151);
#5154=VERTEX_POINT('',#5152);
#5155=CARTESIAN_POINT('',(-4.18E0,1.18E0,1.555E0));
#5156=CARTESIAN_POINT('',(-4.82E0,1.18E0,1.555E0));
#5157=VERTEX_POINT('',#5155);
#5158=VERTEX_POINT('',#5156);
#5159=CARTESIAN_POINT('',(-4.82E0,1.82E0,1.555E0));
#5160=VERTEX_POINT('',#5159);
#5161=CARTESIAN_POINT('',(-4.64E0,1.64E0,2.555E0));
#5162=VERTEX_POINT('',#5161);
#5163=CARTESIAN_POINT('',(-4.18E0,1.82E0,1.555E0));
#5164=VERTEX_POINT('',#5163);
#5165=CARTESIAN_POINT('',(-4.36E0,1.64E0,2.555E0));
#5166=VERTEX_POINT('',#5165);
#5167=CARTESIAN_POINT('',(-4.36E0,-1.64E0,2.555E0));
#5168=CARTESIAN_POINT('',(-4.64E0,-1.64E0,2.555E0));
#5169=VERTEX_POINT('',#5167);
#5170=VERTEX_POINT('',#5168);
#5171=CARTESIAN_POINT('',(-4.18E0,-1.82E0,1.555E0));
#5172=CARTESIAN_POINT('',(-4.82E0,-1.82E0,1.555E0));
#5173=VERTEX_POINT('',#5171);
#5174=VERTEX_POINT('',#5172);
#5175=CARTESIAN_POINT('',(-4.82E0,-1.18E0,1.555E0));
#5176=VERTEX_POINT('',#5175);
#5177=CARTESIAN_POINT('',(-4.64E0,-1.36E0,2.555E0));
#5178=VERTEX_POINT('',#5177);
#5179=CARTESIAN_POINT('',(-4.18E0,-1.18E0,1.555E0));
#5180=VERTEX_POINT('',#5179);
#5181=CARTESIAN_POINT('',(-4.36E0,-1.36E0,2.555E0));
#5182=VERTEX_POINT('',#5181);
#5183=CARTESIAN_POINT('',(-4.18E0,1.18E0,-1.645E0));
#5184=VERTEX_POINT('',#5183);
#5185=CARTESIAN_POINT('',(-4.82E0,1.18E0,-1.645E0));
#5186=VERTEX_POINT('',#5185);
#5187=CARTESIAN_POINT('',(-4.18E0,1.82E0,-1.645E0));
#5188=VERTEX_POINT('',#5187);
#5189=CARTESIAN_POINT('',(-4.82E0,1.82E0,-1.645E0));
#5190=VERTEX_POINT('',#5189);
#5191=CARTESIAN_POINT('',(-4.18E0,-1.82E0,-1.645E0));
#5192=VERTEX_POINT('',#5191);
#5193=CARTESIAN_POINT('',(-4.82E0,-1.82E0,-1.645E0));
#5194=VERTEX_POINT('',#5193);
#5195=CARTESIAN_POINT('',(-3.85E0,-3.93E0,3.305E0));
#5196=CARTESIAN_POINT('',(-2.85E0,-3.93E0,3.305E0));
#5197=VERTEX_POINT('',#5195);
#5198=VERTEX_POINT('',#5196);
#5199=CARTESIAN_POINT('',(-3.85E0,-3.93E0,-3.355E0));
#5200=CARTESIAN_POINT('',(-2.85E0,-3.93E0,-3.355E0));
#5201=VERTEX_POINT('',#5199);
#5202=VERTEX_POINT('',#5200);
#5203=CARTESIAN_POINT('',(4.82E0,-1.18E0,-1.645E0));
#5204=VERTEX_POINT('',#5203);
#5205=CARTESIAN_POINT('',(4.18E0,-1.18E0,-1.645E0));
#5206=VERTEX_POINT('',#5205);
#5207=CARTESIAN_POINT('',(1.82E0,-1.18E0,-1.645E0));
#5208=VERTEX_POINT('',#5207);
#5209=CARTESIAN_POINT('',(1.18E0,-1.18E0,-1.645E0));
#5210=VERTEX_POINT('',#5209);
#5211=CARTESIAN_POINT('',(-1.18E0,-1.18E0,-1.645E0));
#5212=VERTEX_POINT('',#5211);
#5213=CARTESIAN_POINT('',(-1.82E0,-1.18E0,-1.645E0));
#5214=VERTEX_POINT('',#5213);
#5215=CARTESIAN_POINT('',(-4.18E0,-1.18E0,-1.645E0));
#5216=VERTEX_POINT('',#5215);
#5217=CARTESIAN_POINT('',(-4.82E0,-1.18E0,-1.645E0));
#5218=VERTEX_POINT('',#5217);
#5219=CARTESIAN_POINT('',(-7.735E0,-3.43E0,-2.435E0));
#5220=CARTESIAN_POINT('',(-7.735E0,-3.43E0,-3.075E0));
#5221=VERTEX_POINT('',#5219);
#5222=VERTEX_POINT('',#5220);
#5223=CARTESIAN_POINT('',(-7.735E0,-3.76E0,-2.435E0));
#5224=CARTESIAN_POINT('',(-7.735E0,-3.76E0,-3.075E0));
#5225=VERTEX_POINT('',#5223);
#5226=VERTEX_POINT('',#5224);
#5227=CARTESIAN_POINT('',(-6.875E0,-3.43E0,-2.435E0));
#5228=CARTESIAN_POINT('',(-6.875E0,-3.43E0,-3.075E0));
#5229=VERTEX_POINT('',#5227);
#5230=VERTEX_POINT('',#5228);
#5231=CARTESIAN_POINT('',(7.735E0,-3.43E0,-3.075E0));
#5232=CARTESIAN_POINT('',(7.735E0,-3.43E0,-2.435E0));
#5233=VERTEX_POINT('',#5231);
#5234=VERTEX_POINT('',#5232);
#5235=CARTESIAN_POINT('',(7.735E0,-3.76E0,-3.075E0));
#5236=CARTESIAN_POINT('',(7.735E0,-3.76E0,-2.435E0));
#5237=VERTEX_POINT('',#5235);
#5238=VERTEX_POINT('',#5236);
#5239=CARTESIAN_POINT('',(6.875E0,-3.43E0,-2.435E0));
#5240=CARTESIAN_POINT('',(6.875E0,-3.43E0,-3.075E0));
#5241=VERTEX_POINT('',#5239);
#5242=VERTEX_POINT('',#5240);
#5243=CARTESIAN_POINT('',(-6.974428104193E0,-3.76E0,-2.435E0));
#5244=VERTEX_POINT('',#5243);
#5245=CARTESIAN_POINT('',(-6.974428104193E0,-3.76E0,-3.075E0));
#5246=VERTEX_POINT('',#5245);
#5247=CARTESIAN_POINT('',(6.974428104193E0,-3.76E0,-3.075E0));
#5248=VERTEX_POINT('',#5247);
#5249=CARTESIAN_POINT('',(6.974428104193E0,-3.76E0,-2.435E0));
#5250=VERTEX_POINT('',#5249);
#5251=CARTESIAN_POINT('',(-6.625E0,-3.43E0,-2.435E0));
#5252=VERTEX_POINT('',#5251);
#5253=CARTESIAN_POINT('',(-6.625E0,-3.43E0,-3.075E0));
#5254=VERTEX_POINT('',#5253);
#5255=CARTESIAN_POINT('',(6.625E0,-3.43E0,-3.075E0));
#5256=VERTEX_POINT('',#5255);
#5257=CARTESIAN_POINT('',(6.625E0,-3.43E0,-2.435E0));
#5258=VERTEX_POINT('',#5257);
#5259=CARTESIAN_POINT('',(-6.775E0,-3.49E0,-2.8E-1));
#5260=CARTESIAN_POINT('',(-6.875E0,-3.59E0,-2.8E-1));
#5261=VERTEX_POINT('',#5259);
#5262=VERTEX_POINT('',#5260);
#5263=CARTESIAN_POINT('',(-9.825E0,-3.59E0,-2.8E-1));
#5264=VERTEX_POINT('',#5263);
#5265=CARTESIAN_POINT('',(-9.825E0,-3.94E0,-2.8E-1));
#5266=VERTEX_POINT('',#5265);
#5267=CARTESIAN_POINT('',(-6.875E0,-3.94E0,-2.8E-1));
#5268=VERTEX_POINT('',#5267);
#5269=CARTESIAN_POINT('',(-6.425E0,-3.49E0,-2.8E-1));
#5270=VERTEX_POINT('',#5269);
#5271=CARTESIAN_POINT('',(-6.775E0,-3.49E0,9.9E-1));
#5272=CARTESIAN_POINT('',(-6.875E0,-3.59E0,9.9E-1));
#5273=VERTEX_POINT('',#5271);
#5274=VERTEX_POINT('',#5272);
#5275=CARTESIAN_POINT('',(-9.825E0,-3.59E0,9.9E-1));
#5276=VERTEX_POINT('',#5275);
#5277=CARTESIAN_POINT('',(-9.825E0,-3.94E0,9.9E-1));
#5278=VERTEX_POINT('',#5277);
#5279=CARTESIAN_POINT('',(-6.875E0,-3.94E0,9.9E-1));
#5280=VERTEX_POINT('',#5279);
#5281=CARTESIAN_POINT('',(-6.425E0,-3.49E0,9.9E-1));
#5282=VERTEX_POINT('',#5281);
#5283=CARTESIAN_POINT('',(-4.18E0,1.82E0,-6.905E0));
#5284=DIRECTION('',(0.E0,1.E0,0.E0));
#5285=DIRECTION('',(0.E0,0.E0,1.E0));
#5286=AXIS2_PLACEMENT_3D('',#5283,#5284,#5285);
#5287=PLANE('',#5286);
#5289=ORIENTED_EDGE('',*,*,#5288,.F.);
#5291=ORIENTED_EDGE('',*,*,#5290,.F.);
#5293=ORIENTED_EDGE('',*,*,#5292,.F.);
#5295=ORIENTED_EDGE('',*,*,#5294,.T.);
#5297=ORIENTED_EDGE('',*,*,#5296,.F.);
#5299=ORIENTED_EDGE('',*,*,#5298,.F.);
#5300=EDGE_LOOP('',(#5289,#5291,#5293,#5295,#5297,#5299));
#5301=FACE_OUTER_BOUND('',#5300,.F.);
#5302=ADVANCED_FACE('',(#5301),#5287,.T.);
#5303=CARTESIAN_POINT('',(-4.18E0,1.82E0,-6.905E0));
#5304=DIRECTION('',(0.E0,1.E0,0.E0));
#5305=DIRECTION('',(0.E0,0.E0,1.E0));
#5306=AXIS2_PLACEMENT_3D('',#5303,#5304,#5305);
#5307=PLANE('',#5306);
#5309=ORIENTED_EDGE('',*,*,#5308,.T.);
#5311=ORIENTED_EDGE('',*,*,#5310,.F.);
#5313=ORIENTED_EDGE('',*,*,#5312,.T.);
#5315=ORIENTED_EDGE('',*,*,#5314,.T.);
#5316=EDGE_LOOP('',(#5309,#5311,#5313,#5315));
#5317=FACE_OUTER_BOUND('',#5316,.F.);
#5318=ADVANCED_FACE('',(#5317),#5307,.T.);
#5319=CARTESIAN_POINT('',(-4.82E0,3.43E0,-4.955E0));
#5320=DIRECTION('',(-1.E0,0.E0,0.E0));
#5321=DIRECTION('',(0.E0,0.E0,1.E0));
#5322=AXIS2_PLACEMENT_3D('',#5319,#5320,#5321);
#5323=PLANE('',#5322);
#5324=ORIENTED_EDGE('',*,*,#5288,.T.);
#5326=ORIENTED_EDGE('',*,*,#5325,.F.);
#5328=ORIENTED_EDGE('',*,*,#5327,.F.);
#5330=ORIENTED_EDGE('',*,*,#5329,.F.);
#5331=EDGE_LOOP('',(#5324,#5326,#5328,#5330));
#5332=FACE_OUTER_BOUND('',#5331,.F.);
#5333=ADVANCED_FACE('',(#5332),#5323,.F.);
#5334=CARTESIAN_POINT('',(-4.82E0,3.43E0,-4.955E0));
#5335=DIRECTION('',(-1.E0,0.E0,0.E0));
#5336=DIRECTION('',(0.E0,0.E0,1.E0));
#5337=AXIS2_PLACEMENT_3D('',#5334,#5335,#5336);
#5338=PLANE('',#5337);
#5340=ORIENTED_EDGE('',*,*,#5339,.F.);
#5342=ORIENTED_EDGE('',*,*,#5341,.F.);
#5344=ORIENTED_EDGE('',*,*,#5343,.T.);
#5346=ORIENTED_EDGE('',*,*,#5345,.F.);
#5347=EDGE_LOOP('',(#5340,#5342,#5344,#5346));
#5348=FACE_OUTER_BOUND('',#5347,.F.);
#5349=ADVANCED_FACE('',(#5348),#5338,.F.);
#5350=CARTESIAN_POINT('',(-4.82E0,3.43E0,-4.955E0));
#5351=DIRECTION('',(-1.E0,0.E0,0.E0));
#5352=DIRECTION('',(0.E0,0.E0,1.E0));
#5353=AXIS2_PLACEMENT_3D('',#5350,#5351,#5352);
#5354=PLANE('',#5353);
#5356=ORIENTED_EDGE('',*,*,#5355,.F.);
#5358=ORIENTED_EDGE('',*,*,#5357,.F.);
#5360=ORIENTED_EDGE('',*,*,#5359,.F.);
#5362=ORIENTED_EDGE('',*,*,#5361,.F.);
#5363=EDGE_LOOP('',(#5356,#5358,#5360,#5362));
#5364=FACE_OUTER_BOUND('',#5363,.F.);
#5365=ADVANCED_FACE('',(#5364),#5354,.F.);
#5366=CARTESIAN_POINT('',(-4.82E0,3.43E0,-3.655E0));
#5367=DIRECTION('',(0.E0,0.E0,1.E0));
#5368=DIRECTION('',(1.E0,0.E0,0.E0));
#5369=AXIS2_PLACEMENT_3D('',#5366,#5367,#5368);
#5370=PLANE('',#5369);
#5371=ORIENTED_EDGE('',*,*,#5298,.T.);
#5373=ORIENTED_EDGE('',*,*,#5372,.F.);
#5375=ORIENTED_EDGE('',*,*,#5374,.F.);
#5376=ORIENTED_EDGE('',*,*,#5325,.T.);
#5377=EDGE_LOOP('',(#5371,#5373,#5375,#5376));
#5378=FACE_OUTER_BOUND('',#5377,.F.);
#5379=ADVANCED_FACE('',(#5378),#5370,.F.);
#5380=CARTESIAN_POINT('',(-4.82E0,3.43E0,-3.655E0));
#5381=DIRECTION('',(0.E0,0.E0,1.E0));
#5382=DIRECTION('',(1.E0,0.E0,0.E0));
#5383=AXIS2_PLACEMENT_3D('',#5380,#5381,#5382);
#5384=PLANE('',#5383);
#5386=ORIENTED_EDGE('',*,*,#5385,.F.);
#5387=ORIENTED_EDGE('',*,*,#5345,.T.);
#5389=ORIENTED_EDGE('',*,*,#5388,.T.);
#5391=ORIENTED_EDGE('',*,*,#5390,.F.);
#5392=EDGE_LOOP('',(#5386,#5387,#5389,#5391));
#5393=FACE_OUTER_BOUND('',#5392,.F.);
#5394=ADVANCED_FACE('',(#5393),#5384,.F.);
#5395=CARTESIAN_POINT('',(-4.82E0,3.43E0,-3.655E0));
#5396=DIRECTION('',(0.E0,0.E0,1.E0));
#5397=DIRECTION('',(1.E0,0.E0,0.E0));
#5398=AXIS2_PLACEMENT_3D('',#5395,#5396,#5397);
#5399=PLANE('',#5398);
#5401=ORIENTED_EDGE('',*,*,#5400,.F.);
#5402=ORIENTED_EDGE('',*,*,#5359,.T.);
#5404=ORIENTED_EDGE('',*,*,#5403,.T.);
#5406=ORIENTED_EDGE('',*,*,#5405,.F.);
#5407=EDGE_LOOP('',(#5401,#5402,#5404,#5406));
#5408=FACE_OUTER_BOUND('',#5407,.F.);
#5409=ADVANCED_FACE('',(#5408),#5399,.F.);
#5410=CARTESIAN_POINT('',(-4.18E0,3.43E0,-3.655E0));
#5411=DIRECTION('',(1.E0,0.E0,0.E0));
#5412=DIRECTION('',(0.E0,0.E0,-1.E0));
#5413=AXIS2_PLACEMENT_3D('',#5410,#5411,#5412);
#5414=PLANE('',#5413);
#5415=ORIENTED_EDGE('',*,*,#5296,.T.);
#5417=ORIENTED_EDGE('',*,*,#5416,.T.);
#5419=ORIENTED_EDGE('',*,*,#5418,.T.);
#5420=ORIENTED_EDGE('',*,*,#5372,.T.);
#5421=EDGE_LOOP('',(#5415,#5417,#5419,#5420));
#5422=FACE_OUTER_BOUND('',#5421,.F.);
#5423=ADVANCED_FACE('',(#5422),#5414,.F.);
#5424=CARTESIAN_POINT('',(-4.18E0,3.43E0,-3.655E0));
#5425=DIRECTION('',(1.E0,0.E0,0.E0));
#5426=DIRECTION('',(0.E0,0.E0,-1.E0));
#5427=AXIS2_PLACEMENT_3D('',#5424,#5425,#5426);
#5428=PLANE('',#5427);
#5430=ORIENTED_EDGE('',*,*,#5429,.F.);
#5431=ORIENTED_EDGE('',*,*,#5390,.T.);
#5433=ORIENTED_EDGE('',*,*,#5432,.T.);
#5435=ORIENTED_EDGE('',*,*,#5434,.T.);
#5436=EDGE_LOOP('',(#5430,#5431,#5433,#5435));
#5437=FACE_OUTER_BOUND('',#5436,.F.);
#5438=ADVANCED_FACE('',(#5437),#5428,.F.);
#5439=CARTESIAN_POINT('',(-4.18E0,3.43E0,-3.655E0));
#5440=DIRECTION('',(1.E0,0.E0,0.E0));
#5441=DIRECTION('',(0.E0,0.E0,-1.E0));
#5442=AXIS2_PLACEMENT_3D('',#5439,#5440,#5441);
#5443=PLANE('',#5442);
#5445=ORIENTED_EDGE('',*,*,#5444,.T.);
#5447=ORIENTED_EDGE('',*,*,#5446,.F.);
#5448=ORIENTED_EDGE('',*,*,#5405,.T.);
#5450=ORIENTED_EDGE('',*,*,#5449,.T.);
#5451=EDGE_LOOP('',(#5445,#5447,#5448,#5450));
#5452=FACE_OUTER_BOUND('',#5451,.F.);
#5453=ADVANCED_FACE('',(#5452),#5443,.F.);
#5454=CARTESIAN_POINT('',(-7.825E0,1.6E0,-4.955E0));
#5455=DIRECTION('',(0.E0,0.E0,-1.E0));
#5456=DIRECTION('',(0.E0,1.E0,0.E0));
#5457=AXIS2_PLACEMENT_3D('',#5454,#5455,#5456);
#5458=PLANE('',#5457);
#5460=ORIENTED_EDGE('',*,*,#5459,.F.);
#5462=ORIENTED_EDGE('',*,*,#5461,.T.);
#5464=ORIENTED_EDGE('',*,*,#5463,.T.);
#5466=ORIENTED_EDGE('',*,*,#5465,.F.);
#5468=ORIENTED_EDGE('',*,*,#5467,.F.);
#5470=ORIENTED_EDGE('',*,*,#5469,.F.);
#5472=ORIENTED_EDGE('',*,*,#5471,.F.);
#5473=EDGE_LOOP('',(#5460,#5462,#5464,#5466,#5468,#5470,#5472));
#5474=FACE_OUTER_BOUND('',#5473,.F.);
#5475=ADVANCED_FACE('',(#5474),#5458,.T.);
#5476=CARTESIAN_POINT('',(-7.825E0,1.6E0,-4.955E0));
#5477=DIRECTION('',(0.E0,0.E0,-1.E0));
#5478=DIRECTION('',(0.E0,1.E0,0.E0));
#5479=AXIS2_PLACEMENT_3D('',#5476,#5477,#5478);
#5480=PLANE('',#5479);
#5482=ORIENTED_EDGE('',*,*,#5481,.F.);
#5484=ORIENTED_EDGE('',*,*,#5483,.T.);
#5486=ORIENTED_EDGE('',*,*,#5485,.T.);
#5488=ORIENTED_EDGE('',*,*,#5487,.F.);
#5490=ORIENTED_EDGE('',*,*,#5489,.F.);
#5492=ORIENTED_EDGE('',*,*,#5491,.F.);
#5493=EDGE_LOOP('',(#5482,#5484,#5486,#5488,#5490,#5492));
#5494=FACE_OUTER_BOUND('',#5493,.F.);
#5495=ADVANCED_FACE('',(#5494),#5480,.T.);
#5496=CARTESIAN_POINT('',(-7.825E0,1.6E0,-4.955E0));
#5497=DIRECTION('',(0.E0,0.E0,-1.E0));
#5498=DIRECTION('',(0.E0,1.E0,0.E0));
#5499=AXIS2_PLACEMENT_3D('',#5496,#5497,#5498);
#5500=PLANE('',#5499);
#5502=ORIENTED_EDGE('',*,*,#5501,.F.);
#5504=ORIENTED_EDGE('',*,*,#5503,.T.);
#5506=ORIENTED_EDGE('',*,*,#5505,.T.);
#5508=ORIENTED_EDGE('',*,*,#5507,.F.);
#5510=ORIENTED_EDGE('',*,*,#5509,.F.);
#5512=ORIENTED_EDGE('',*,*,#5511,.F.);
#5513=EDGE_LOOP('',(#5502,#5504,#5506,#5508,#5510,#5512));
#5514=FACE_OUTER_BOUND('',#5513,.F.);
#5515=ADVANCED_FACE('',(#5514),#5500,.T.);
#5516=CARTESIAN_POINT('',(-7.825E0,1.6E0,-4.955E0));
#5517=DIRECTION('',(0.E0,0.E0,-1.E0));
#5518=DIRECTION('',(0.E0,1.E0,0.E0));
#5519=AXIS2_PLACEMENT_3D('',#5516,#5517,#5518);
#5520=PLANE('',#5519);
#5522=ORIENTED_EDGE('',*,*,#5521,.F.);
#5524=ORIENTED_EDGE('',*,*,#5523,.T.);
#5526=ORIENTED_EDGE('',*,*,#5525,.T.);
#5528=ORIENTED_EDGE('',*,*,#5527,.F.);
#5529=ORIENTED_EDGE('',*,*,#5416,.F.);
#5531=ORIENTED_EDGE('',*,*,#5530,.F.);
#5532=EDGE_LOOP('',(#5522,#5524,#5526,#5528,#5529,#5531));
#5533=FACE_OUTER_BOUND('',#5532,.F.);
#5534=ADVANCED_FACE('',(#5533),#5520,.T.);
#5535=CARTESIAN_POINT('',(-7.825E0,1.6E0,-4.955E0));
#5536=DIRECTION('',(0.E0,0.E0,-1.E0));
#5537=DIRECTION('',(0.E0,1.E0,0.E0));
#5538=AXIS2_PLACEMENT_3D('',#5535,#5536,#5537);
#5539=PLANE('',#5538);
#5540=ORIENTED_EDGE('',*,*,#5329,.T.);
#5542=ORIENTED_EDGE('',*,*,#5541,.F.);
#5544=ORIENTED_EDGE('',*,*,#5543,.T.);
#5546=ORIENTED_EDGE('',*,*,#5545,.T.);
#5548=ORIENTED_EDGE('',*,*,#5547,.T.);
#5550=ORIENTED_EDGE('',*,*,#5549,.F.);
#5552=ORIENTED_EDGE('',*,*,#5551,.T.);
#5553=EDGE_LOOP('',(#5540,#5542,#5544,#5546,#5548,#5550,#5552));
#5554=FACE_OUTER_BOUND('',#5553,.F.);
#5555=ADVANCED_FACE('',(#5554),#5539,.T.);
#5556=CARTESIAN_POINT('',(-7.825E0,1.6E0,-4.285E0));
#5557=DIRECTION('',(0.E0,-1.E0,0.E0));
#5558=DIRECTION('',(0.E0,0.E0,-1.E0));
#5559=AXIS2_PLACEMENT_3D('',#5556,#5557,#5558);
#5560=PLANE('',#5559);
#5562=ORIENTED_EDGE('',*,*,#5561,.F.);
#5564=ORIENTED_EDGE('',*,*,#5563,.T.);
#5565=ORIENTED_EDGE('',*,*,#5459,.T.);
#5567=ORIENTED_EDGE('',*,*,#5566,.F.);
#5568=EDGE_LOOP('',(#5562,#5564,#5565,#5567));
#5569=FACE_OUTER_BOUND('',#5568,.F.);
#5570=ADVANCED_FACE('',(#5569),#5560,.T.);
#5571=CARTESIAN_POINT('',(-7.825E0,1.6E0,-4.285E0));
#5572=DIRECTION('',(0.E0,-1.E0,0.E0));
#5573=DIRECTION('',(0.E0,0.E0,-1.E0));
#5574=AXIS2_PLACEMENT_3D('',#5571,#5572,#5573);
#5575=PLANE('',#5574);
#5577=ORIENTED_EDGE('',*,*,#5576,.F.);
#5579=ORIENTED_EDGE('',*,*,#5578,.T.);
#5580=ORIENTED_EDGE('',*,*,#5481,.T.);
#5582=ORIENTED_EDGE('',*,*,#5581,.F.);
#5583=EDGE_LOOP('',(#5577,#5579,#5580,#5582));
#5584=FACE_OUTER_BOUND('',#5583,.F.);
#5585=ADVANCED_FACE('',(#5584),#5575,.T.);
#5586=CARTESIAN_POINT('',(-7.825E0,1.6E0,-4.285E0));
#5587=DIRECTION('',(0.E0,-1.E0,0.E0));
#5588=DIRECTION('',(0.E0,0.E0,-1.E0));
#5589=AXIS2_PLACEMENT_3D('',#5586,#5587,#5588);
#5590=PLANE('',#5589);
#5592=ORIENTED_EDGE('',*,*,#5591,.F.);
#5594=ORIENTED_EDGE('',*,*,#5593,.T.);
#5595=ORIENTED_EDGE('',*,*,#5501,.T.);
#5597=ORIENTED_EDGE('',*,*,#5596,.F.);
#5598=EDGE_LOOP('',(#5592,#5594,#5595,#5597));
#5599=FACE_OUTER_BOUND('',#5598,.F.);
#5600=ADVANCED_FACE('',(#5599),#5590,.T.);
#5601=CARTESIAN_POINT('',(-7.825E0,1.6E0,-4.285E0));
#5602=DIRECTION('',(0.E0,-1.E0,0.E0));
#5603=DIRECTION('',(0.E0,0.E0,-1.E0));
#5604=AXIS2_PLACEMENT_3D('',#5601,#5602,#5603);
#5605=PLANE('',#5604);
#5607=ORIENTED_EDGE('',*,*,#5606,.F.);
#5609=ORIENTED_EDGE('',*,*,#5608,.T.);
#5610=ORIENTED_EDGE('',*,*,#5521,.T.);
#5612=ORIENTED_EDGE('',*,*,#5611,.F.);
#5613=EDGE_LOOP('',(#5607,#5609,#5610,#5612));
#5614=FACE_OUTER_BOUND('',#5613,.F.);
#5615=ADVANCED_FACE('',(#5614),#5605,.T.);
#5616=CARTESIAN_POINT('',(-7.825E0,1.6E0,-4.285E0));
#5617=DIRECTION('',(0.E0,-1.E0,0.E0));
#5618=DIRECTION('',(0.E0,0.E0,-1.E0));
#5619=AXIS2_PLACEMENT_3D('',#5616,#5617,#5618);
#5620=PLANE('',#5619);
#5621=ORIENTED_EDGE('',*,*,#5549,.T.);
#5623=ORIENTED_EDGE('',*,*,#5622,.T.);
#5625=ORIENTED_EDGE('',*,*,#5624,.F.);
#5627=ORIENTED_EDGE('',*,*,#5626,.T.);
#5628=EDGE_LOOP('',(#5621,#5623,#5625,#5627));
#5629=FACE_OUTER_BOUND('',#5628,.F.);
#5630=ADVANCED_FACE('',(#5629),#5620,.T.);
#5631=CARTESIAN_POINT('',(-7.825E0,-2.78E0,-4.285E0));
#5632=DIRECTION('',(0.E0,0.E0,-1.E0));
#5633=DIRECTION('',(0.E0,1.E0,0.E0));
#5634=AXIS2_PLACEMENT_3D('',#5631,#5632,#5633);
#5635=PLANE('',#5634);
#5636=ORIENTED_EDGE('',*,*,#5444,.F.);
#5638=ORIENTED_EDGE('',*,*,#5637,.T.);
#5639=ORIENTED_EDGE('',*,*,#5355,.T.);
#5641=ORIENTED_EDGE('',*,*,#5640,.T.);
#5642=ORIENTED_EDGE('',*,*,#5341,.T.);
#5644=ORIENTED_EDGE('',*,*,#5643,.T.);
#5645=ORIENTED_EDGE('',*,*,#5624,.T.);
#5647=ORIENTED_EDGE('',*,*,#5646,.T.);
#5649=ORIENTED_EDGE('',*,*,#5648,.T.);
#5651=ORIENTED_EDGE('',*,*,#5650,.F.);
#5653=ORIENTED_EDGE('',*,*,#5652,.F.);
#5655=ORIENTED_EDGE('',*,*,#5654,.T.);
#5657=ORIENTED_EDGE('',*,*,#5656,.T.);
#5659=ORIENTED_EDGE('',*,*,#5658,.T.);
#5661=ORIENTED_EDGE('',*,*,#5660,.T.);
#5663=ORIENTED_EDGE('',*,*,#5662,.T.);
#5665=ORIENTED_EDGE('',*,*,#5664,.F.);
#5667=ORIENTED_EDGE('',*,*,#5666,.T.);
#5668=ORIENTED_EDGE('',*,*,#5561,.T.);
#5670=ORIENTED_EDGE('',*,*,#5669,.F.);
#5672=ORIENTED_EDGE('',*,*,#5671,.F.);
#5674=ORIENTED_EDGE('',*,*,#5673,.F.);
#5676=ORIENTED_EDGE('',*,*,#5675,.F.);
#5678=ORIENTED_EDGE('',*,*,#5677,.T.);
#5680=ORIENTED_EDGE('',*,*,#5679,.T.);
#5682=ORIENTED_EDGE('',*,*,#5681,.T.);
#5684=ORIENTED_EDGE('',*,*,#5683,.T.);
#5686=ORIENTED_EDGE('',*,*,#5685,.T.);
#5687=ORIENTED_EDGE('',*,*,#5576,.T.);
#5689=ORIENTED_EDGE('',*,*,#5688,.F.);
#5691=ORIENTED_EDGE('',*,*,#5690,.F.);
#5693=ORIENTED_EDGE('',*,*,#5692,.F.);
#5695=ORIENTED_EDGE('',*,*,#5694,.F.);
#5697=ORIENTED_EDGE('',*,*,#5696,.T.);
#5699=ORIENTED_EDGE('',*,*,#5698,.T.);
#5701=ORIENTED_EDGE('',*,*,#5700,.T.);
#5703=ORIENTED_EDGE('',*,*,#5702,.T.);
#5705=ORIENTED_EDGE('',*,*,#5704,.T.);
#5706=ORIENTED_EDGE('',*,*,#5591,.T.);
#5708=ORIENTED_EDGE('',*,*,#5707,.F.);
#5710=ORIENTED_EDGE('',*,*,#5709,.F.);
#5712=ORIENTED_EDGE('',*,*,#5711,.F.);
#5714=ORIENTED_EDGE('',*,*,#5713,.F.);
#5716=ORIENTED_EDGE('',*,*,#5715,.T.);
#5718=ORIENTED_EDGE('',*,*,#5717,.T.);
#5720=ORIENTED_EDGE('',*,*,#5719,.T.);
#5722=ORIENTED_EDGE('',*,*,#5721,.T.);
#5724=ORIENTED_EDGE('',*,*,#5723,.T.);
#5725=ORIENTED_EDGE('',*,*,#5606,.T.);
#5727=ORIENTED_EDGE('',*,*,#5726,.F.);
#5728=ORIENTED_EDGE('',*,*,#5434,.F.);
#5730=ORIENTED_EDGE('',*,*,#5729,.F.);
#5731=EDGE_LOOP('',(#5636,#5638,#5639,#5641,#5642,#5644,#5645,#5647,#5649,#5651,
#5653,#5655,#5657,#5659,#5661,#5663,#5665,#5667,#5668,#5670,#5672,#5674,#5676,
#5678,#5680,#5682,#5684,#5686,#5687,#5689,#5691,#5693,#5695,#5697,#5699,#5701,
#5703,#5705,#5706,#5708,#5710,#5712,#5714,#5716,#5718,#5720,#5722,#5724,#5725,
#5727,#5728,#5730));
#5732=FACE_OUTER_BOUND('',#5731,.F.);
#5733=ADVANCED_FACE('',(#5732),#5635,.T.);
#5734=CARTESIAN_POINT('',(-4.18E0,-1.18E0,-4.285E0));
#5735=DIRECTION('',(0.E0,1.E0,0.E0));
#5736=DIRECTION('',(0.E0,0.E0,1.E0));
#5737=AXIS2_PLACEMENT_3D('',#5734,#5735,#5736);
#5738=PLANE('',#5737);
#5739=ORIENTED_EDGE('',*,*,#5357,.T.);
#5740=ORIENTED_EDGE('',*,*,#5637,.F.);
#5741=ORIENTED_EDGE('',*,*,#5449,.F.);
#5742=ORIENTED_EDGE('',*,*,#5403,.F.);
#5743=EDGE_LOOP('',(#5739,#5740,#5741,#5742));
#5744=FACE_OUTER_BOUND('',#5743,.F.);
#5745=ADVANCED_FACE('',(#5744),#5738,.T.);
#5746=CARTESIAN_POINT('',(-4.18E0,-1.18E0,-4.285E0));
#5747=DIRECTION('',(0.E0,1.E0,0.E0));
#5748=DIRECTION('',(0.E0,0.E0,1.E0));
#5749=AXIS2_PLACEMENT_3D('',#5746,#5747,#5748);
#5750=PLANE('',#5749);
#5752=ORIENTED_EDGE('',*,*,#5751,.T.);
#5754=ORIENTED_EDGE('',*,*,#5753,.F.);
#5756=ORIENTED_EDGE('',*,*,#5755,.T.);
#5758=ORIENTED_EDGE('',*,*,#5757,.T.);
#5759=EDGE_LOOP('',(#5752,#5754,#5756,#5758));
#5760=FACE_OUTER_BOUND('',#5759,.F.);
#5761=ADVANCED_FACE('',(#5760),#5750,.T.);
#5762=CARTESIAN_POINT('',(-4.5E0,-1.27E0,2.055E0));
#5763=DIRECTION('',(0.E0,9.841833239737E-1,1.771529983153E-1));
#5764=DIRECTION('',(0.E0,1.771529983153E-1,-9.841833239737E-1));
#5765=AXIS2_PLACEMENT_3D('',#5762,#5763,#5764);
#5766=PLANE('',#5765);
#5767=ORIENTED_EDGE('',*,*,#5751,.F.);
#5769=ORIENTED_EDGE('',*,*,#5768,.F.);
#5771=ORIENTED_EDGE('',*,*,#5770,.T.);
#5773=ORIENTED_EDGE('',*,*,#5772,.T.);
#5774=EDGE_LOOP('',(#5767,#5769,#5771,#5773));
#5775=FACE_OUTER_BOUND('',#5774,.F.);
#5776=ADVANCED_FACE('',(#5775),#5766,.T.);
#5777=CARTESIAN_POINT('',(-4.27E0,-1.5E0,2.055E0));
#5778=DIRECTION('',(9.841833239737E-1,0.E0,1.771529983153E-1));
#5779=DIRECTION('',(-1.771529983153E-1,0.E0,9.841833239737E-1));
#5780=AXIS2_PLACEMENT_3D('',#5777,#5778,#5779);
#5781=PLANE('',#5780);
#5783=ORIENTED_EDGE('',*,*,#5782,.F.);
#5784=ORIENTED_EDGE('',*,*,#5768,.T.);
#5786=ORIENTED_EDGE('',*,*,#5785,.T.);
#5788=ORIENTED_EDGE('',*,*,#5787,.T.);
#5789=EDGE_LOOP('',(#5783,#5784,#5786,#5788));
#5790=FACE_OUTER_BOUND('',#5789,.F.);
#5791=ADVANCED_FACE('',(#5790),#5781,.T.);
#5792=CARTESIAN_POINT('',(-4.18E0,-1.18E0,2.555E0));
#5793=DIRECTION('',(0.E0,0.E0,1.E0));
#5794=DIRECTION('',(0.E0,-1.E0,0.E0));
#5795=AXIS2_PLACEMENT_3D('',#5792,#5793,#5794);
#5796=PLANE('',#5795);
#5798=ORIENTED_EDGE('',*,*,#5797,.T.);
#5800=ORIENTED_EDGE('',*,*,#5799,.T.);
#5801=ORIENTED_EDGE('',*,*,#5770,.F.);
#5802=ORIENTED_EDGE('',*,*,#5782,.T.);
#5803=EDGE_LOOP('',(#5798,#5800,#5801,#5802));
#5804=FACE_OUTER_BOUND('',#5803,.F.);
#5805=ADVANCED_FACE('',(#5804),#5796,.T.);
#5806=CARTESIAN_POINT('',(-4.5E0,-1.73E0,2.055E0));
#5807=DIRECTION('',(0.E0,-9.841833239737E-1,1.771529983153E-1));
#5808=DIRECTION('',(0.E0,1.771529983153E-1,9.841833239737E-1));
#5809=AXIS2_PLACEMENT_3D('',#5806,#5807,#5808);
#5810=PLANE('',#5809);
#5811=ORIENTED_EDGE('',*,*,#5797,.F.);
#5812=ORIENTED_EDGE('',*,*,#5787,.F.);
#5814=ORIENTED_EDGE('',*,*,#5813,.T.);
#5816=ORIENTED_EDGE('',*,*,#5815,.F.);
#5817=EDGE_LOOP('',(#5811,#5812,#5814,#5816));
#5818=FACE_OUTER_BOUND('',#5817,.F.);
#5819=ADVANCED_FACE('',(#5818),#5810,.T.);
#5820=CARTESIAN_POINT('',(-4.18E0,-1.82E0,2.555E0));
#5821=DIRECTION('',(0.E0,-1.E0,0.E0));
#5822=DIRECTION('',(0.E0,0.E0,-1.E0));
#5823=AXIS2_PLACEMENT_3D('',#5820,#5821,#5822);
#5824=PLANE('',#5823);
#5825=ORIENTED_EDGE('',*,*,#5813,.F.);
#5827=ORIENTED_EDGE('',*,*,#5826,.T.);
#5829=ORIENTED_EDGE('',*,*,#5828,.F.);
#5831=ORIENTED_EDGE('',*,*,#5830,.F.);
#5832=EDGE_LOOP('',(#5825,#5827,#5829,#5831));
#5833=FACE_OUTER_BOUND('',#5832,.F.);
#5834=ADVANCED_FACE('',(#5833),#5824,.T.);
#5835=CARTESIAN_POINT('',(-4.18E0,0.E0,0.E0));
#5836=DIRECTION('',(1.E0,0.E0,0.E0));
#5837=DIRECTION('',(0.E0,0.E0,-1.E0));
#5838=AXIS2_PLACEMENT_3D('',#5835,#5836,#5837);
#5839=PLANE('',#5838);
#5840=ORIENTED_EDGE('',*,*,#5611,.T.);
#5841=ORIENTED_EDGE('',*,*,#5530,.T.);
#5842=ORIENTED_EDGE('',*,*,#5294,.F.);
#5844=ORIENTED_EDGE('',*,*,#5843,.F.);
#5846=ORIENTED_EDGE('',*,*,#5845,.F.);
#5848=ORIENTED_EDGE('',*,*,#5847,.F.);
#5850=ORIENTED_EDGE('',*,*,#5849,.F.);
#5852=ORIENTED_EDGE('',*,*,#5851,.F.);
#5854=ORIENTED_EDGE('',*,*,#5853,.F.);
#5856=ORIENTED_EDGE('',*,*,#5855,.F.);
#5858=ORIENTED_EDGE('',*,*,#5857,.F.);
#5859=ORIENTED_EDGE('',*,*,#5726,.T.);
#5860=EDGE_LOOP('',(#5840,#5841,#5842,#5844,#5846,#5848,#5850,#5852,#5854,#5856,
#5858,#5859));
#5861=FACE_OUTER_BOUND('',#5860,.F.);
#5862=ADVANCED_FACE('',(#5861),#5839,.T.);
#5863=CARTESIAN_POINT('',(-4.18E0,0.E0,0.E0));
#5864=DIRECTION('',(1.E0,0.E0,0.E0));
#5865=DIRECTION('',(0.E0,0.E0,-1.E0));
#5866=AXIS2_PLACEMENT_3D('',#5863,#5864,#5865);
#5867=PLANE('',#5866);
#5868=ORIENTED_EDGE('',*,*,#5729,.T.);
#5870=ORIENTED_EDGE('',*,*,#5869,.F.);
#5872=ORIENTED_EDGE('',*,*,#5871,.F.);
#5874=ORIENTED_EDGE('',*,*,#5873,.F.);
#5875=EDGE_LOOP('',(#5868,#5870,#5872,#5874));
#5876=FACE_OUTER_BOUND('',#5875,.F.);
#5877=ADVANCED_FACE('',(#5876),#5867,.T.);
#5878=CARTESIAN_POINT('',(-4.18E0,0.E0,0.E0));
#5879=DIRECTION('',(1.E0,0.E0,0.E0));
#5880=DIRECTION('',(0.E0,0.E0,-1.E0));
#5881=AXIS2_PLACEMENT_3D('',#5878,#5879,#5880);
#5882=PLANE('',#5881);
#5884=ORIENTED_EDGE('',*,*,#5883,.F.);
#5886=ORIENTED_EDGE('',*,*,#5885,.T.);
#5888=ORIENTED_EDGE('',*,*,#5887,.F.);
#5890=ORIENTED_EDGE('',*,*,#5889,.F.);
#5892=ORIENTED_EDGE('',*,*,#5891,.F.);
#5894=ORIENTED_EDGE('',*,*,#5893,.F.);
#5895=EDGE_LOOP('',(#5884,#5886,#5888,#5890,#5892,#5894));
#5896=FACE_OUTER_BOUND('',#5895,.F.);
#5897=ADVANCED_FACE('',(#5896),#5882,.T.);
#5898=CARTESIAN_POINT('',(-4.18E0,0.E0,0.E0));
#5899=DIRECTION('',(1.E0,0.E0,0.E0));
#5900=DIRECTION('',(0.E0,0.E0,-1.E0));
#5901=AXIS2_PLACEMENT_3D('',#5898,#5899,#5900);
#5902=PLANE('',#5901);
#5904=ORIENTED_EDGE('',*,*,#5903,.F.);
#5905=ORIENTED_EDGE('',*,*,#5314,.F.);
#5907=ORIENTED_EDGE('',*,*,#5906,.F.);
#5909=ORIENTED_EDGE('',*,*,#5908,.F.);
#5910=EDGE_LOOP('',(#5904,#5905,#5907,#5909));
#5911=FACE_OUTER_BOUND('',#5910,.F.);
#5912=ADVANCED_FACE('',(#5911),#5902,.T.);
#5913=CARTESIAN_POINT('',(-4.18E0,0.E0,0.E0));
#5914=DIRECTION('',(1.E0,0.E0,0.E0));
#5915=DIRECTION('',(0.E0,0.E0,-1.E0));
#5916=AXIS2_PLACEMENT_3D('',#5913,#5914,#5915);
#5917=PLANE('',#5916);
#5918=ORIENTED_EDGE('',*,*,#5785,.F.);
#5919=ORIENTED_EDGE('',*,*,#5757,.F.);
#5921=ORIENTED_EDGE('',*,*,#5920,.F.);
#5922=ORIENTED_EDGE('',*,*,#5826,.F.);
#5923=EDGE_LOOP('',(#5918,#5919,#5921,#5922));
#5924=FACE_OUTER_BOUND('',#5923,.F.);
#5925=ADVANCED_FACE('',(#5924),#5917,.T.);
#5926=CARTESIAN_POINT('',(-4.18E0,8.2E-1,-6.905E0));
#5927=DIRECTION('',(0.E0,0.E0,-1.E0));
#5928=DIRECTION('',(0.E0,1.E0,0.E0));
#5929=AXIS2_PLACEMENT_3D('',#5926,#5927,#5928);
#5930=PLANE('',#5929);
#5931=ORIENTED_EDGE('',*,*,#5843,.T.);
#5932=ORIENTED_EDGE('',*,*,#5292,.T.);
#5934=ORIENTED_EDGE('',*,*,#5933,.F.);
#5936=ORIENTED_EDGE('',*,*,#5935,.F.);
#5937=EDGE_LOOP('',(#5931,#5932,#5934,#5936));
#5938=FACE_OUTER_BOUND('',#5937,.F.);
#5939=ADVANCED_FACE('',(#5938),#5930,.T.);
#5940=CARTESIAN_POINT('',(-4.82E0,0.E0,0.E0));
#5941=DIRECTION('',(1.E0,0.E0,0.E0));
#5942=DIRECTION('',(0.E0,0.E0,-1.E0));
#5943=AXIS2_PLACEMENT_3D('',#5940,#5941,#5942);
#5944=PLANE('',#5943);
#5945=ORIENTED_EDGE('',*,*,#5626,.F.);
#5946=ORIENTED_EDGE('',*,*,#5643,.F.);
#5948=ORIENTED_EDGE('',*,*,#5947,.T.);
#5950=ORIENTED_EDGE('',*,*,#5949,.T.);
#5952=ORIENTED_EDGE('',*,*,#5951,.T.);
#5954=ORIENTED_EDGE('',*,*,#5953,.T.);
#5956=ORIENTED_EDGE('',*,*,#5955,.T.);
#5958=ORIENTED_EDGE('',*,*,#5957,.T.);
#5960=ORIENTED_EDGE('',*,*,#5959,.T.);
#5961=ORIENTED_EDGE('',*,*,#5933,.T.);
#5962=ORIENTED_EDGE('',*,*,#5290,.T.);
#5963=ORIENTED_EDGE('',*,*,#5551,.F.);
#5964=EDGE_LOOP('',(#5945,#5946,#5948,#5950,#5952,#5954,#5956,#5958,#5960,#5961,
#5962,#5963));
#5965=FACE_OUTER_BOUND('',#5964,.F.);
#5966=ADVANCED_FACE('',(#5965),#5944,.F.);
#5967=CARTESIAN_POINT('',(-4.82E0,0.E0,0.E0));
#5968=DIRECTION('',(1.E0,0.E0,0.E0));
#5969=DIRECTION('',(0.E0,0.E0,-1.E0));
#5970=AXIS2_PLACEMENT_3D('',#5967,#5968,#5969);
#5971=PLANE('',#5970);
#5972=ORIENTED_EDGE('',*,*,#5640,.F.);
#5974=ORIENTED_EDGE('',*,*,#5973,.T.);
#5976=ORIENTED_EDGE('',*,*,#5975,.T.);
#5978=ORIENTED_EDGE('',*,*,#5977,.T.);
#5979=EDGE_LOOP('',(#5972,#5974,#5976,#5978));
#5980=FACE_OUTER_BOUND('',#5979,.F.);
#5981=ADVANCED_FACE('',(#5980),#5971,.F.);
#5982=CARTESIAN_POINT('',(-4.82E0,0.E0,0.E0));
#5983=DIRECTION('',(1.E0,0.E0,0.E0));
#5984=DIRECTION('',(0.E0,0.E0,-1.E0));
#5985=AXIS2_PLACEMENT_3D('',#5982,#5983,#5984);
#5986=PLANE('',#5985);
#5988=ORIENTED_EDGE('',*,*,#5987,.T.);
#5990=ORIENTED_EDGE('',*,*,#5989,.T.);
#5992=ORIENTED_EDGE('',*,*,#5991,.T.);
#5994=ORIENTED_EDGE('',*,*,#5993,.T.);
#5996=ORIENTED_EDGE('',*,*,#5995,.T.);
#5998=ORIENTED_EDGE('',*,*,#5997,.F.);
#5999=EDGE_LOOP('',(#5988,#5990,#5992,#5994,#5996,#5998));
#6000=FACE_OUTER_BOUND('',#5999,.F.);
#6001=ADVANCED_FACE('',(#6000),#5986,.F.);
#6002=CARTESIAN_POINT('',(-4.82E0,0.E0,0.E0));
#6003=DIRECTION('',(1.E0,0.E0,0.E0));
#6004=DIRECTION('',(0.E0,0.E0,-1.E0));
#6005=AXIS2_PLACEMENT_3D('',#6002,#6003,#6004);
#6006=PLANE('',#6005);
#6008=ORIENTED_EDGE('',*,*,#6007,.F.);
#6010=ORIENTED_EDGE('',*,*,#6009,.T.);
#6012=ORIENTED_EDGE('',*,*,#6011,.T.);
#6013=ORIENTED_EDGE('',*,*,#5310,.T.);
#6014=EDGE_LOOP('',(#6008,#6010,#6012,#6013));
#6015=FACE_OUTER_BOUND('',#6014,.F.);
#6016=ADVANCED_FACE('',(#6015),#6006,.F.);
#6017=CARTESIAN_POINT('',(-4.82E0,0.E0,0.E0));
#6018=DIRECTION('',(1.E0,0.E0,0.E0));
#6019=DIRECTION('',(0.E0,0.E0,-1.E0));
#6020=AXIS2_PLACEMENT_3D('',#6017,#6018,#6019);
#6021=PLANE('',#6020);
#6023=ORIENTED_EDGE('',*,*,#6022,.F.);
#6024=ORIENTED_EDGE('',*,*,#5830,.T.);
#6026=ORIENTED_EDGE('',*,*,#6025,.T.);
#6027=ORIENTED_EDGE('',*,*,#5753,.T.);
#6028=EDGE_LOOP('',(#6023,#6024,#6026,#6027));
#6029=FACE_OUTER_BOUND('',#6028,.F.);
#6030=ADVANCED_FACE('',(#6029),#6021,.F.);
#6031=CARTESIAN_POINT('',(-4.18E0,1.18E0,2.555E0));
#6032=DIRECTION('',(0.E0,-1.E0,0.E0));
#6033=DIRECTION('',(0.E0,0.E0,-1.E0));
#6034=AXIS2_PLACEMENT_3D('',#6031,#6032,#6033);
#6035=PLANE('',#6034);
#6036=ORIENTED_EDGE('',*,*,#5339,.T.);
#6037=ORIENTED_EDGE('',*,*,#5385,.T.);
#6038=ORIENTED_EDGE('',*,*,#5429,.T.);
#6039=ORIENTED_EDGE('',*,*,#5857,.T.);
#6041=ORIENTED_EDGE('',*,*,#6040,.T.);
#6042=ORIENTED_EDGE('',*,*,#5947,.F.);
#6043=EDGE_LOOP('',(#6036,#6037,#6038,#6039,#6041,#6042));
#6044=FACE_OUTER_BOUND('',#6043,.F.);
#6045=ADVANCED_FACE('',(#6044),#6035,.T.);
#6046=CARTESIAN_POINT('',(-4.18E0,1.18E0,2.555E0));
#6047=DIRECTION('',(0.E0,-1.E0,0.E0));
#6048=DIRECTION('',(0.E0,0.E0,-1.E0));
#6049=AXIS2_PLACEMENT_3D('',#6046,#6047,#6048);
#6050=PLANE('',#6049);
#6052=ORIENTED_EDGE('',*,*,#6051,.F.);
#6053=ORIENTED_EDGE('',*,*,#5908,.T.);
#6055=ORIENTED_EDGE('',*,*,#6054,.F.);
#6056=ORIENTED_EDGE('',*,*,#6009,.F.);
#6057=EDGE_LOOP('',(#6052,#6053,#6055,#6056));
#6058=FACE_OUTER_BOUND('',#6057,.F.);
#6059=ADVANCED_FACE('',(#6058),#6050,.T.);
#6060=CARTESIAN_POINT('',(-4.18E0,6.8E-1,-5.710030241322E0));
#6061=DIRECTION('',(1.E0,0.E0,0.E0));
#6062=DIRECTION('',(0.E0,0.E0,-1.E0));
#6063=AXIS2_PLACEMENT_3D('',#6060,#6061,#6062);
#6064=CYLINDRICAL_SURFACE('',#6063,5.E-1);
#6065=ORIENTED_EDGE('',*,*,#5855,.T.);
#6067=ORIENTED_EDGE('',*,*,#6066,.T.);
#6068=ORIENTED_EDGE('',*,*,#5949,.F.);
#6069=ORIENTED_EDGE('',*,*,#6040,.F.);
#6070=EDGE_LOOP('',(#6065,#6067,#6068,#6069));
#6071=FACE_OUTER_BOUND('',#6070,.F.);
#6072=ADVANCED_FACE('',(#6071),#6064,.F.);
#6073=CARTESIAN_POINT('',(-4.18E0,8.938922490563E-1,-6.161970619905E0));
#6074=DIRECTION('',(0.E0,-4.277844981127E-1,9.038807571657E-1));
#6075=DIRECTION('',(0.E0,-9.038807571657E-1,-4.277844981127E-1));
#6076=AXIS2_PLACEMENT_3D('',#6073,#6074,#6075);
#6077=PLANE('',#6076);
#6078=ORIENTED_EDGE('',*,*,#5853,.T.);
#6080=ORIENTED_EDGE('',*,*,#6079,.T.);
#6081=ORIENTED_EDGE('',*,*,#5951,.F.);
#6082=ORIENTED_EDGE('',*,*,#6066,.F.);
#6083=EDGE_LOOP('',(#6078,#6080,#6081,#6082));
#6084=FACE_OUTER_BOUND('',#6083,.F.);
#6085=ADVANCED_FACE('',(#6084),#6077,.T.);
#6086=CARTESIAN_POINT('',(-4.18E0,-3.93E0,-8.445E0));
#6087=DIRECTION('',(0.E0,-1.E0,0.E0));
#6088=DIRECTION('',(0.E0,0.E0,-1.E0));
#6089=AXIS2_PLACEMENT_3D('',#6086,#6087,#6088);
#6090=PLANE('',#6089);
#6091=ORIENTED_EDGE('',*,*,#5851,.T.);
#6093=ORIENTED_EDGE('',*,*,#6092,.T.);
#6094=ORIENTED_EDGE('',*,*,#5953,.F.);
#6095=ORIENTED_EDGE('',*,*,#6079,.F.);
#6096=EDGE_LOOP('',(#6091,#6093,#6094,#6095));
#6097=FACE_OUTER_BOUND('',#6096,.F.);
#6098=ADVANCED_FACE('',(#6097),#6090,.T.);
#6099=CARTESIAN_POINT('',(-4.18E0,-3.61E0,-1.0125E1));
#6100=DIRECTION('',(1.E0,0.E0,0.E0));
#6101=DIRECTION('',(0.E0,0.E0,-1.E0));
#6102=AXIS2_PLACEMENT_3D('',#6099,#6100,#6101);
#6103=CYLINDRICAL_SURFACE('',#6102,3.2E-1);
#6104=ORIENTED_EDGE('',*,*,#5849,.T.);
#6106=ORIENTED_EDGE('',*,*,#6105,.T.);
#6107=ORIENTED_EDGE('',*,*,#5955,.F.);
#6108=ORIENTED_EDGE('',*,*,#6092,.F.);
#6109=EDGE_LOOP('',(#6104,#6106,#6107,#6108));
#6110=FACE_OUTER_BOUND('',#6109,.F.);
#6111=ADVANCED_FACE('',(#6110),#6103,.T.);
#6112=CARTESIAN_POINT('',(-4.18E0,-3.29E0,-1.0125E1));
#6113=DIRECTION('',(0.E0,1.E0,0.E0));
#6114=DIRECTION('',(0.E0,0.E0,1.E0));
#6115=AXIS2_PLACEMENT_3D('',#6112,#6113,#6114);
#6116=PLANE('',#6115);
#6117=ORIENTED_EDGE('',*,*,#5847,.T.);
#6119=ORIENTED_EDGE('',*,*,#6118,.T.);
#6120=ORIENTED_EDGE('',*,*,#5957,.F.);
#6121=ORIENTED_EDGE('',*,*,#6105,.F.);
#6122=EDGE_LOOP('',(#6117,#6119,#6120,#6121));
#6123=FACE_OUTER_BOUND('',#6122,.F.);
#6124=ADVANCED_FACE('',(#6123),#6116,.T.);
#6125=CARTESIAN_POINT('',(-4.18E0,-3.29E0,-8.850161763103E0));
#6126=DIRECTION('',(0.E0,4.277844981127E-1,-9.038807571657E-1));
#6127=DIRECTION('',(0.E0,9.038807571657E-1,4.277844981127E-1));
#6128=AXIS2_PLACEMENT_3D('',#6125,#6126,#6127);
#6129=PLANE('',#6128);
#6130=ORIENTED_EDGE('',*,*,#5845,.T.);
#6131=ORIENTED_EDGE('',*,*,#5935,.T.);
#6132=ORIENTED_EDGE('',*,*,#5959,.F.);
#6133=ORIENTED_EDGE('',*,*,#6118,.F.);
#6134=EDGE_LOOP('',(#6130,#6131,#6132,#6133));
#6135=FACE_OUTER_BOUND('',#6134,.F.);
#6136=ADVANCED_FACE('',(#6135),#6129,.T.);
#6137=CARTESIAN_POINT('',(-4.5E0,1.27E0,2.055E0));
#6138=DIRECTION('',(0.E0,-9.841833239737E-1,1.771529983153E-1));
#6139=DIRECTION('',(0.E0,1.771529983153E-1,9.841833239737E-1));
#6140=AXIS2_PLACEMENT_3D('',#6137,#6138,#6139);
#6141=PLANE('',#6140);
#6143=ORIENTED_EDGE('',*,*,#6142,.F.);
#6145=ORIENTED_EDGE('',*,*,#6144,.F.);
#6146=ORIENTED_EDGE('',*,*,#6051,.T.);
#6148=ORIENTED_EDGE('',*,*,#6147,.F.);
#6149=EDGE_LOOP('',(#6143,#6145,#6146,#6148));
#6150=FACE_OUTER_BOUND('',#6149,.F.);
#6151=ADVANCED_FACE('',(#6150),#6141,.T.);
#6152=CARTESIAN_POINT('',(-4.18E0,1.82E0,2.555E0));
#6153=DIRECTION('',(0.E0,0.E0,1.E0));
#6154=DIRECTION('',(0.E0,-1.E0,0.E0));
#6155=AXIS2_PLACEMENT_3D('',#6152,#6153,#6154);
#6156=PLANE('',#6155);
#6157=ORIENTED_EDGE('',*,*,#6142,.T.);
#6159=ORIENTED_EDGE('',*,*,#6158,.T.);
#6161=ORIENTED_EDGE('',*,*,#6160,.F.);
#6163=ORIENTED_EDGE('',*,*,#6162,.T.);
#6164=EDGE_LOOP('',(#6157,#6159,#6161,#6163));
#6165=FACE_OUTER_BOUND('',#6164,.F.);
#6166=ADVANCED_FACE('',(#6165),#6156,.T.);
#6167=CARTESIAN_POINT('',(-4.73E0,1.5E0,2.055E0));
#6168=DIRECTION('',(-9.841833239737E-1,0.E0,1.771529983153E-1));
#6169=DIRECTION('',(1.771529983153E-1,0.E0,9.841833239737E-1));
#6170=AXIS2_PLACEMENT_3D('',#6167,#6168,#6169);
#6171=PLANE('',#6170);
#6172=ORIENTED_EDGE('',*,*,#6007,.T.);
#6174=ORIENTED_EDGE('',*,*,#6173,.F.);
#6175=ORIENTED_EDGE('',*,*,#6158,.F.);
#6176=ORIENTED_EDGE('',*,*,#6147,.T.);
#6177=EDGE_LOOP('',(#6172,#6174,#6175,#6176));
#6178=FACE_OUTER_BOUND('',#6177,.F.);
#6179=ADVANCED_FACE('',(#6178),#6171,.T.);
#6180=CARTESIAN_POINT('',(-4.5E0,1.73E0,2.055E0));
#6181=DIRECTION('',(0.E0,9.841833239737E-1,1.771529983153E-1));
#6182=DIRECTION('',(0.E0,1.771529983153E-1,-9.841833239737E-1));
#6183=AXIS2_PLACEMENT_3D('',#6180,#6181,#6182);
#6184=PLANE('',#6183);
#6185=ORIENTED_EDGE('',*,*,#5308,.F.);
#6187=ORIENTED_EDGE('',*,*,#6186,.F.);
#6188=ORIENTED_EDGE('',*,*,#6160,.T.);
#6189=ORIENTED_EDGE('',*,*,#6173,.T.);
#6190=EDGE_LOOP('',(#6185,#6187,#6188,#6189));
#6191=FACE_OUTER_BOUND('',#6190,.F.);
#6192=ADVANCED_FACE('',(#6191),#6184,.T.);
#6193=CARTESIAN_POINT('',(-4.27E0,1.5E0,2.055E0));
#6194=DIRECTION('',(9.841833239737E-1,0.E0,1.771529983153E-1));
#6195=DIRECTION('',(-1.771529983153E-1,0.E0,9.841833239737E-1));
#6196=AXIS2_PLACEMENT_3D('',#6193,#6194,#6195);
#6197=PLANE('',#6196);
#6198=ORIENTED_EDGE('',*,*,#6162,.F.);
#6199=ORIENTED_EDGE('',*,*,#6186,.T.);
#6200=ORIENTED_EDGE('',*,*,#5903,.T.);
#6201=ORIENTED_EDGE('',*,*,#6144,.T.);
#6202=EDGE_LOOP('',(#6198,#6199,#6200,#6201));
#6203=FACE_OUTER_BOUND('',#6202,.F.);
#6204=ADVANCED_FACE('',(#6203),#6197,.T.);
#6205=CARTESIAN_POINT('',(-7.825E0,3.43E0,-1.645E0));
#6206=DIRECTION('',(0.E0,0.E0,1.E0));
#6207=DIRECTION('',(1.E0,0.E0,0.E0));
#6208=AXIS2_PLACEMENT_3D('',#6205,#6206,#6207);
#6209=PLANE('',#6208);
#6211=ORIENTED_EDGE('',*,*,#6210,.F.);
#6213=ORIENTED_EDGE('',*,*,#6212,.F.);
#6215=ORIENTED_EDGE('',*,*,#6214,.F.);
#6217=ORIENTED_EDGE('',*,*,#6216,.F.);
#6219=ORIENTED_EDGE('',*,*,#6218,.F.);
#6220=EDGE_LOOP('',(#6211,#6213,#6215,#6217,#6219));
#6221=FACE_OUTER_BOUND('',#6220,.F.);
#6223=ORIENTED_EDGE('',*,*,#6222,.T.);
#6225=ORIENTED_EDGE('',*,*,#6224,.F.);
#6227=ORIENTED_EDGE('',*,*,#6226,.F.);
#6229=ORIENTED_EDGE('',*,*,#6228,.T.);
#6230=EDGE_LOOP('',(#6223,#6225,#6227,#6229));
#6231=FACE_BOUND('',#6230,.F.);
#6232=ADVANCED_FACE('',(#6221,#6231),#6209,.T.);
#6233=CARTESIAN_POINT('',(-7.825E0,3.43E0,-1.645E0));
#6234=DIRECTION('',(0.E0,0.E0,1.E0));
#6235=DIRECTION('',(1.E0,0.E0,0.E0));
#6236=AXIS2_PLACEMENT_3D('',#6233,#6234,#6235);
#6237=PLANE('',#6236);
#6239=ORIENTED_EDGE('',*,*,#6238,.F.);
#6241=ORIENTED_EDGE('',*,*,#6240,.F.);
#6243=ORIENTED_EDGE('',*,*,#6242,.F.);
#6245=ORIENTED_EDGE('',*,*,#6244,.F.);
#6247=ORIENTED_EDGE('',*,*,#6246,.F.);
#6248=EDGE_LOOP('',(#6239,#6241,#6243,#6245,#6247));
#6249=FACE_OUTER_BOUND('',#6248,.F.);
#6251=ORIENTED_EDGE('',*,*,#6250,.T.);
#6253=ORIENTED_EDGE('',*,*,#6252,.F.);
#6255=ORIENTED_EDGE('',*,*,#6254,.F.);
#6257=ORIENTED_EDGE('',*,*,#6256,.T.);
#6258=EDGE_LOOP('',(#6251,#6253,#6255,#6257));
#6259=FACE_BOUND('',#6258,.F.);
#6260=ADVANCED_FACE('',(#6249,#6259),#6237,.T.);
#6261=CARTESIAN_POINT('',(-7.825E0,3.43E0,-1.645E0));
#6262=DIRECTION('',(0.E0,0.E0,1.E0));
#6263=DIRECTION('',(1.E0,0.E0,0.E0));
#6264=AXIS2_PLACEMENT_3D('',#6261,#6262,#6263);
#6265=PLANE('',#6264);
#6267=ORIENTED_EDGE('',*,*,#6266,.F.);
#6269=ORIENTED_EDGE('',*,*,#6268,.F.);
#6271=ORIENTED_EDGE('',*,*,#6270,.F.);
#6273=ORIENTED_EDGE('',*,*,#6272,.F.);
#6275=ORIENTED_EDGE('',*,*,#6274,.F.);
#6276=EDGE_LOOP('',(#6267,#6269,#6271,#6273,#6275));
#6277=FACE_OUTER_BOUND('',#6276,.F.);
#6279=ORIENTED_EDGE('',*,*,#6278,.T.);
#6281=ORIENTED_EDGE('',*,*,#6280,.F.);
#6283=ORIENTED_EDGE('',*,*,#6282,.F.);
#6285=ORIENTED_EDGE('',*,*,#6284,.T.);
#6286=EDGE_LOOP('',(#6279,#6281,#6283,#6285));
#6287=FACE_BOUND('',#6286,.F.);
#6288=ADVANCED_FACE('',(#6277,#6287),#6265,.T.);
#6289=CARTESIAN_POINT('',(-7.825E0,3.43E0,-1.645E0));
#6290=DIRECTION('',(0.E0,0.E0,1.E0));
#6291=DIRECTION('',(1.E0,0.E0,0.E0));
#6292=AXIS2_PLACEMENT_3D('',#6289,#6290,#6291);
#6293=PLANE('',#6292);
#6295=ORIENTED_EDGE('',*,*,#6294,.F.);
#6297=ORIENTED_EDGE('',*,*,#6296,.F.);
#6299=ORIENTED_EDGE('',*,*,#6298,.F.);
#6301=ORIENTED_EDGE('',*,*,#6300,.F.);
#6303=ORIENTED_EDGE('',*,*,#6302,.F.);
#6304=EDGE_LOOP('',(#6295,#6297,#6299,#6301,#6303));
#6305=FACE_OUTER_BOUND('',#6304,.F.);
#6307=ORIENTED_EDGE('',*,*,#6306,.T.);
#6309=ORIENTED_EDGE('',*,*,#6308,.F.);
#6311=ORIENTED_EDGE('',*,*,#6310,.F.);
#6313=ORIENTED_EDGE('',*,*,#6312,.T.);
#6314=EDGE_LOOP('',(#6307,#6309,#6311,#6313));
#6315=FACE_BOUND('',#6314,.F.);
#6316=ADVANCED_FACE('',(#6305,#6315),#6293,.T.);
#6317=CARTESIAN_POINT('',(-7.825E0,3.43E0,-1.645E0));
#6318=DIRECTION('',(0.E0,0.E0,1.E0));
#6319=DIRECTION('',(1.E0,0.E0,0.E0));
#6320=AXIS2_PLACEMENT_3D('',#6317,#6318,#6319);
#6321=PLANE('',#6320);
#6323=ORIENTED_EDGE('',*,*,#6322,.F.);
#6325=ORIENTED_EDGE('',*,*,#6324,.F.);
#6327=ORIENTED_EDGE('',*,*,#6326,.F.);
#6329=ORIENTED_EDGE('',*,*,#6328,.F.);
#6331=ORIENTED_EDGE('',*,*,#6330,.F.);
#6332=EDGE_LOOP('',(#6323,#6325,#6327,#6329,#6331));
#6333=FACE_OUTER_BOUND('',#6332,.F.);
#6335=ORIENTED_EDGE('',*,*,#6334,.T.);
#6337=ORIENTED_EDGE('',*,*,#6336,.F.);
#6339=ORIENTED_EDGE('',*,*,#6338,.F.);
#6341=ORIENTED_EDGE('',*,*,#6340,.T.);
#6342=EDGE_LOOP('',(#6335,#6337,#6339,#6341));
#6343=FACE_BOUND('',#6342,.F.);
#6344=ADVANCED_FACE('',(#6333,#6343),#6321,.T.);
#6345=CARTESIAN_POINT('',(-7.825E0,3.43E0,-1.645E0));
#6346=DIRECTION('',(0.E0,0.E0,1.E0));
#6347=DIRECTION('',(1.E0,0.E0,0.E0));
#6348=AXIS2_PLACEMENT_3D('',#6345,#6346,#6347);
#6349=PLANE('',#6348);
#6351=ORIENTED_EDGE('',*,*,#6350,.F.);
#6353=ORIENTED_EDGE('',*,*,#6352,.F.);
#6355=ORIENTED_EDGE('',*,*,#6354,.F.);
#6357=ORIENTED_EDGE('',*,*,#6356,.F.);
#6359=ORIENTED_EDGE('',*,*,#6358,.F.);
#6360=EDGE_LOOP('',(#6351,#6353,#6355,#6357,#6359));
#6361=FACE_OUTER_BOUND('',#6360,.F.);
#6363=ORIENTED_EDGE('',*,*,#6362,.T.);
#6365=ORIENTED_EDGE('',*,*,#6364,.F.);
#6367=ORIENTED_EDGE('',*,*,#6366,.F.);
#6369=ORIENTED_EDGE('',*,*,#6368,.T.);
#6370=EDGE_LOOP('',(#6363,#6365,#6367,#6369));
#6371=FACE_BOUND('',#6370,.F.);
#6372=ADVANCED_FACE('',(#6361,#6371),#6349,.T.);
#6373=CARTESIAN_POINT('',(-7.825E0,3.43E0,-1.645E0));
#6374=DIRECTION('',(0.E0,0.E0,1.E0));
#6375=DIRECTION('',(1.E0,0.E0,0.E0));
#6376=AXIS2_PLACEMENT_3D('',#6373,#6374,#6375);
#6377=PLANE('',#6376);
#6379=ORIENTED_EDGE('',*,*,#6378,.F.);
#6381=ORIENTED_EDGE('',*,*,#6380,.F.);
#6383=ORIENTED_EDGE('',*,*,#6382,.F.);
#6385=ORIENTED_EDGE('',*,*,#6384,.F.);
#6387=ORIENTED_EDGE('',*,*,#6386,.F.);
#6388=EDGE_LOOP('',(#6379,#6381,#6383,#6385,#6387));
#6389=FACE_OUTER_BOUND('',#6388,.F.);
#6390=ORIENTED_EDGE('',*,*,#5920,.T.);
#6391=ORIENTED_EDGE('',*,*,#5755,.F.);
#6392=ORIENTED_EDGE('',*,*,#6025,.F.);
#6393=ORIENTED_EDGE('',*,*,#5828,.T.);
#6394=EDGE_LOOP('',(#6390,#6391,#6392,#6393));
#6395=FACE_BOUND('',#6394,.F.);
#6396=ADVANCED_FACE('',(#6389,#6395),#6377,.T.);
#6397=CARTESIAN_POINT('',(-7.825E0,3.43E0,-1.645E0));
#6398=DIRECTION('',(0.E0,0.E0,1.E0));
#6399=DIRECTION('',(1.E0,0.E0,0.E0));
#6400=AXIS2_PLACEMENT_3D('',#6397,#6398,#6399);
#6401=PLANE('',#6400);
#6403=ORIENTED_EDGE('',*,*,#6402,.F.);
#6405=ORIENTED_EDGE('',*,*,#6404,.F.);
#6407=ORIENTED_EDGE('',*,*,#6406,.F.);
#6409=ORIENTED_EDGE('',*,*,#6408,.F.);
#6410=EDGE_LOOP('',(#6403,#6405,#6407,#6409));
#6411=FACE_OUTER_BOUND('',#6410,.F.);
#6412=ORIENTED_EDGE('',*,*,#5906,.T.);
#6413=ORIENTED_EDGE('',*,*,#5312,.F.);
#6414=ORIENTED_EDGE('',*,*,#6011,.F.);
#6415=ORIENTED_EDGE('',*,*,#6054,.T.);
#6416=EDGE_LOOP('',(#6412,#6413,#6414,#6415));
#6417=FACE_BOUND('',#6416,.F.);
#6418=ADVANCED_FACE('',(#6411,#6417),#6401,.T.);
#6419=CARTESIAN_POINT('',(3.23E0,2.77E0,4.955E0));
#6420=DIRECTION('',(-1.E0,0.E0,0.E0));
#6421=DIRECTION('',(0.E0,-1.E0,0.E0));
#6422=AXIS2_PLACEMENT_3D('',#6419,#6420,#6421);
#6423=PLANE('',#6422);
#6425=ORIENTED_EDGE('',*,*,#6424,.F.);
#6427=ORIENTED_EDGE('',*,*,#6426,.T.);
#6428=ORIENTED_EDGE('',*,*,#6210,.T.);
#6430=ORIENTED_EDGE('',*,*,#6429,.F.);
#6431=EDGE_LOOP('',(#6425,#6427,#6428,#6430));
#6432=FACE_OUTER_BOUND('',#6431,.F.);
#6433=ADVANCED_FACE('',(#6432),#6423,.F.);
#6434=CARTESIAN_POINT('',(-7.825E0,3.43E0,4.955E0));
#6435=DIRECTION('',(0.E0,0.E0,1.E0));
#6436=DIRECTION('',(0.E0,-1.E0,0.E0));
#6437=AXIS2_PLACEMENT_3D('',#6434,#6435,#6436);
#6438=PLANE('',#6437);
#6440=ORIENTED_EDGE('',*,*,#6439,.F.);
#6442=ORIENTED_EDGE('',*,*,#6441,.T.);
#6444=ORIENTED_EDGE('',*,*,#6443,.F.);
#6446=ORIENTED_EDGE('',*,*,#6445,.F.);
#6448=ORIENTED_EDGE('',*,*,#6447,.T.);
#6450=ORIENTED_EDGE('',*,*,#6449,.F.);
#6452=ORIENTED_EDGE('',*,*,#6451,.T.);
#6454=ORIENTED_EDGE('',*,*,#6453,.T.);
#6455=EDGE_LOOP('',(#6440,#6442,#6444,#6446,#6448,#6450,#6452,#6454));
#6456=FACE_OUTER_BOUND('',#6455,.F.);
#6458=ORIENTED_EDGE('',*,*,#6457,.T.);
#6460=ORIENTED_EDGE('',*,*,#6459,.T.);
#6462=ORIENTED_EDGE('',*,*,#6461,.T.);
#6464=ORIENTED_EDGE('',*,*,#6463,.T.);
#6465=ORIENTED_EDGE('',*,*,#6424,.T.);
#6466=EDGE_LOOP('',(#6458,#6460,#6462,#6464,#6465));
#6467=FACE_BOUND('',#6466,.F.);
#6469=ORIENTED_EDGE('',*,*,#6468,.T.);
#6471=ORIENTED_EDGE('',*,*,#6470,.T.);
#6473=ORIENTED_EDGE('',*,*,#6472,.T.);
#6475=ORIENTED_EDGE('',*,*,#6474,.T.);
#6477=ORIENTED_EDGE('',*,*,#6476,.T.);
#6478=EDGE_LOOP('',(#6469,#6471,#6473,#6475,#6477));
#6479=FACE_BOUND('',#6478,.F.);
#6481=ORIENTED_EDGE('',*,*,#6480,.T.);
#6483=ORIENTED_EDGE('',*,*,#6482,.T.);
#6485=ORIENTED_EDGE('',*,*,#6484,.T.);
#6487=ORIENTED_EDGE('',*,*,#6486,.T.);
#6489=ORIENTED_EDGE('',*,*,#6488,.T.);
#6490=EDGE_LOOP('',(#6481,#6483,#6485,#6487,#6489));
#6491=FACE_BOUND('',#6490,.F.);
#6493=ORIENTED_EDGE('',*,*,#6492,.T.);
#6495=ORIENTED_EDGE('',*,*,#6494,.T.);
#6497=ORIENTED_EDGE('',*,*,#6496,.T.);
#6499=ORIENTED_EDGE('',*,*,#6498,.T.);
#6500=EDGE_LOOP('',(#6493,#6495,#6497,#6499));
#6501=FACE_BOUND('',#6500,.F.);
#6503=ORIENTED_EDGE('',*,*,#6502,.T.);
#6505=ORIENTED_EDGE('',*,*,#6504,.T.);
#6507=ORIENTED_EDGE('',*,*,#6506,.T.);
#6509=ORIENTED_EDGE('',*,*,#6508,.T.);
#6511=ORIENTED_EDGE('',*,*,#6510,.T.);
#6512=EDGE_LOOP('',(#6503,#6505,#6507,#6509,#6511));
#6513=FACE_BOUND('',#6512,.F.);
#6515=ORIENTED_EDGE('',*,*,#6514,.T.);
#6517=ORIENTED_EDGE('',*,*,#6516,.T.);
#6519=ORIENTED_EDGE('',*,*,#6518,.T.);
#6521=ORIENTED_EDGE('',*,*,#6520,.T.);
#6523=ORIENTED_EDGE('',*,*,#6522,.T.);
#6524=EDGE_LOOP('',(#6515,#6517,#6519,#6521,#6523));
#6525=FACE_BOUND('',#6524,.F.);
#6527=ORIENTED_EDGE('',*,*,#6526,.T.);
#6529=ORIENTED_EDGE('',*,*,#6528,.T.);
#6531=ORIENTED_EDGE('',*,*,#6530,.T.);
#6533=ORIENTED_EDGE('',*,*,#6532,.T.);
#6535=ORIENTED_EDGE('',*,*,#6534,.T.);
#6536=EDGE_LOOP('',(#6527,#6529,#6531,#6533,#6535));
#6537=FACE_BOUND('',#6536,.F.);
#6539=ORIENTED_EDGE('',*,*,#6538,.T.);
#6541=ORIENTED_EDGE('',*,*,#6540,.T.);
#6543=ORIENTED_EDGE('',*,*,#6542,.T.);
#6545=ORIENTED_EDGE('',*,*,#6544,.T.);
#6547=ORIENTED_EDGE('',*,*,#6546,.T.);
#6548=EDGE_LOOP('',(#6539,#6541,#6543,#6545,#6547));
#6549=FACE_BOUND('',#6548,.F.);
#6550=ADVANCED_FACE('',(#6456,#6467,#6479,#6491,#6501,#6513,#6525,#6537,#6549),
#6438,.T.);
#6551=CARTESIAN_POINT('',(6.425E0,2.68E0,3.305E0));
#6552=DIRECTION('',(-1.E0,0.E0,0.E0));
#6553=DIRECTION('',(0.E0,0.E0,1.E0));
#6554=AXIS2_PLACEMENT_3D('',#6551,#6552,#6553);
#6555=PLANE('',#6554);
#6557=ORIENTED_EDGE('',*,*,#6556,.T.);
#6559=ORIENTED_EDGE('',*,*,#6558,.T.);
#6561=ORIENTED_EDGE('',*,*,#6560,.F.);
#6563=ORIENTED_EDGE('',*,*,#6562,.F.);
#6565=ORIENTED_EDGE('',*,*,#6564,.F.);
#6567=ORIENTED_EDGE('',*,*,#6566,.T.);
#6569=ORIENTED_EDGE('',*,*,#6568,.T.);
#6570=ORIENTED_EDGE('',*,*,#6439,.T.);
#6572=ORIENTED_EDGE('',*,*,#6571,.F.);
#6574=ORIENTED_EDGE('',*,*,#6573,.T.);
#6576=ORIENTED_EDGE('',*,*,#6575,.F.);
#6578=ORIENTED_EDGE('',*,*,#6577,.F.);
#6579=EDGE_LOOP('',(#6557,#6559,#6561,#6563,#6565,#6567,#6569,#6570,#6572,#6574,
#6576,#6578));
#6580=FACE_OUTER_BOUND('',#6579,.F.);
#6581=ADVANCED_FACE('',(#6580),#6555,.F.);
#6582=CARTESIAN_POINT('',(8.325E0,5.75E-1,-2.695E0));
#6583=DIRECTION('',(0.E0,1.E0,0.E0));
#6584=DIRECTION('',(0.E0,0.E0,1.E0));
#6585=AXIS2_PLACEMENT_3D('',#6582,#6583,#6584);
#6586=PLANE('',#6585);
#6588=ORIENTED_EDGE('',*,*,#6587,.T.);
#6590=ORIENTED_EDGE('',*,*,#6589,.T.);
#6592=ORIENTED_EDGE('',*,*,#6591,.T.);
#6593=ORIENTED_EDGE('',*,*,#6556,.F.);
#6595=ORIENTED_EDGE('',*,*,#6594,.F.);
#6597=ORIENTED_EDGE('',*,*,#6596,.F.);
#6598=EDGE_LOOP('',(#6588,#6590,#6592,#6593,#6595,#6597));
#6599=FACE_OUTER_BOUND('',#6598,.F.);
#6600=ADVANCED_FACE('',(#6599),#6586,.F.);
#6601=CARTESIAN_POINT('',(8.325E0,-5.75E-1,-2.695E0));
#6602=DIRECTION('',(0.E0,0.E0,-1.E0));
#6603=DIRECTION('',(0.E0,1.E0,0.E0));
#6604=AXIS2_PLACEMENT_3D('',#6601,#6602,#6603);
#6605=PLANE('',#6604);
#6607=ORIENTED_EDGE('',*,*,#6606,.T.);
#6609=ORIENTED_EDGE('',*,*,#6608,.T.);
#6611=ORIENTED_EDGE('',*,*,#6610,.T.);
#6613=ORIENTED_EDGE('',*,*,#6612,.T.);
#6615=ORIENTED_EDGE('',*,*,#6614,.F.);
#6616=ORIENTED_EDGE('',*,*,#6587,.F.);
#6618=ORIENTED_EDGE('',*,*,#6617,.F.);
#6620=ORIENTED_EDGE('',*,*,#6619,.T.);
#6621=EDGE_LOOP('',(#6607,#6609,#6611,#6613,#6615,#6616,#6618,#6620));
#6622=FACE_OUTER_BOUND('',#6621,.F.);
#6623=ADVANCED_FACE('',(#6622),#6605,.F.);
#6624=CARTESIAN_POINT('',(6.825E0,-5.75E-1,-2.695E0));
#6625=DIRECTION('',(1.E0,0.E0,0.E0));
#6626=DIRECTION('',(0.E0,1.E0,0.E0));
#6627=AXIS2_PLACEMENT_3D('',#6624,#6625,#6626);
#6628=PLANE('',#6627);
#6629=ORIENTED_EDGE('',*,*,#6606,.F.);
#6631=ORIENTED_EDGE('',*,*,#6630,.T.);
#6633=ORIENTED_EDGE('',*,*,#6632,.T.);
#6635=ORIENTED_EDGE('',*,*,#6634,.F.);
#6636=EDGE_LOOP('',(#6629,#6631,#6633,#6635));
#6637=FACE_OUTER_BOUND('',#6636,.F.);
#6638=ADVANCED_FACE('',(#6637),#6628,.F.);
#6639=CARTESIAN_POINT('',(8.325E0,-5.75E-1,-1.95E-1));
#6640=DIRECTION('',(0.E0,-1.E0,0.E0));
#6641=DIRECTION('',(0.E0,0.E0,-1.E0));
#6642=AXIS2_PLACEMENT_3D('',#6639,#6640,#6641);
#6643=PLANE('',#6642);
#6644=ORIENTED_EDGE('',*,*,#6560,.T.);
#6646=ORIENTED_EDGE('',*,*,#6645,.T.);
#6647=ORIENTED_EDGE('',*,*,#6630,.F.);
#6648=ORIENTED_EDGE('',*,*,#6619,.F.);
#6650=ORIENTED_EDGE('',*,*,#6649,.F.);
#6652=ORIENTED_EDGE('',*,*,#6651,.T.);
#6653=EDGE_LOOP('',(#6644,#6646,#6647,#6648,#6650,#6652));
#6654=FACE_OUTER_BOUND('',#6653,.F.);
#6655=ADVANCED_FACE('',(#6654),#6643,.F.);
#6656=CARTESIAN_POINT('',(8.325E0,-5.75E-1,-2.945E0));
#6657=DIRECTION('',(0.E0,0.E0,1.E0));
#6658=DIRECTION('',(1.E0,0.E0,0.E0));
#6659=AXIS2_PLACEMENT_3D('',#6656,#6657,#6658);
#6660=PLANE('',#6659);
#6661=ORIENTED_EDGE('',*,*,#6591,.F.);
#6663=ORIENTED_EDGE('',*,*,#6662,.F.);
#6665=ORIENTED_EDGE('',*,*,#6664,.F.);
#6667=ORIENTED_EDGE('',*,*,#6666,.F.);
#6669=ORIENTED_EDGE('',*,*,#6668,.F.);
#6670=ORIENTED_EDGE('',*,*,#6632,.F.);
#6671=ORIENTED_EDGE('',*,*,#6645,.F.);
#6672=ORIENTED_EDGE('',*,*,#6558,.F.);
#6673=EDGE_LOOP('',(#6661,#6663,#6665,#6667,#6669,#6670,#6671,#6672));
#6674=FACE_OUTER_BOUND('',#6673,.F.);
#6675=ADVANCED_FACE('',(#6674),#6660,.T.);
#6676=CARTESIAN_POINT('',(8.325E0,-5.75E-1,-2.945E0));
#6677=DIRECTION('',(0.E0,0.E0,1.E0));
#6678=DIRECTION('',(1.E0,0.E0,0.E0));
#6679=AXIS2_PLACEMENT_3D('',#6676,#6677,#6678);
#6680=PLANE('',#6679);
#6682=ORIENTED_EDGE('',*,*,#6681,.F.);
#6684=ORIENTED_EDGE('',*,*,#6683,.F.);
#6686=ORIENTED_EDGE('',*,*,#6685,.F.);
#6688=ORIENTED_EDGE('',*,*,#6687,.F.);
#6690=ORIENTED_EDGE('',*,*,#6689,.F.);
#6692=ORIENTED_EDGE('',*,*,#6691,.F.);
#6694=ORIENTED_EDGE('',*,*,#6693,.F.);
#6696=ORIENTED_EDGE('',*,*,#6695,.F.);
#6697=EDGE_LOOP('',(#6682,#6684,#6686,#6688,#6690,#6692,#6694,#6696));
#6698=FACE_OUTER_BOUND('',#6697,.F.);
#6699=ADVANCED_FACE('',(#6698),#6680,.T.);
#6700=CARTESIAN_POINT('',(6.825E0,4.E-1,-2.695E0));
#6701=DIRECTION('',(1.E0,0.E0,0.E0));
#6702=DIRECTION('',(0.E0,1.E0,0.E0));
#6703=AXIS2_PLACEMENT_3D('',#6700,#6701,#6702);
#6704=PLANE('',#6703);
#6705=ORIENTED_EDGE('',*,*,#6614,.T.);
#6707=ORIENTED_EDGE('',*,*,#6706,.T.);
#6708=ORIENTED_EDGE('',*,*,#6662,.T.);
#6709=ORIENTED_EDGE('',*,*,#6589,.F.);
#6710=EDGE_LOOP('',(#6705,#6707,#6708,#6709));
#6711=FACE_OUTER_BOUND('',#6710,.F.);
#6712=ADVANCED_FACE('',(#6711),#6704,.F.);
#6713=CARTESIAN_POINT('',(7.125E0,4.E-1,-2.695E0));
#6714=DIRECTION('',(0.E0,1.E0,0.E0));
#6715=DIRECTION('',(-1.E0,0.E0,0.E0));
#6716=AXIS2_PLACEMENT_3D('',#6713,#6714,#6715);
#6717=PLANE('',#6716);
#6718=ORIENTED_EDGE('',*,*,#6612,.F.);
#6720=ORIENTED_EDGE('',*,*,#6719,.T.);
#6721=ORIENTED_EDGE('',*,*,#6664,.T.);
#6722=ORIENTED_EDGE('',*,*,#6706,.F.);
#6723=EDGE_LOOP('',(#6718,#6720,#6721,#6722));
#6724=FACE_OUTER_BOUND('',#6723,.F.);
#6725=ADVANCED_FACE('',(#6724),#6717,.F.);
#6726=CARTESIAN_POINT('',(7.125E0,-4.E-1,-2.695E0));
#6727=DIRECTION('',(1.E0,0.E0,0.E0));
#6728=DIRECTION('',(0.E0,1.E0,0.E0));
#6729=AXIS2_PLACEMENT_3D('',#6726,#6727,#6728);
#6730=PLANE('',#6729);
#6731=ORIENTED_EDGE('',*,*,#6610,.F.);
#6733=ORIENTED_EDGE('',*,*,#6732,.T.);
#6734=ORIENTED_EDGE('',*,*,#6666,.T.);
#6735=ORIENTED_EDGE('',*,*,#6719,.F.);
#6736=EDGE_LOOP('',(#6731,#6733,#6734,#6735));
#6737=FACE_OUTER_BOUND('',#6736,.F.);
#6738=ADVANCED_FACE('',(#6737),#6730,.F.);
#6739=CARTESIAN_POINT('',(6.825E0,-4.E-1,-2.695E0));
#6740=DIRECTION('',(0.E0,-1.E0,0.E0));
#6741=DIRECTION('',(1.E0,0.E0,0.E0));
#6742=AXIS2_PLACEMENT_3D('',#6739,#6740,#6741);
#6743=PLANE('',#6742);
#6744=ORIENTED_EDGE('',*,*,#6608,.F.);
#6745=ORIENTED_EDGE('',*,*,#6634,.T.);
#6746=ORIENTED_EDGE('',*,*,#6668,.T.);
#6747=ORIENTED_EDGE('',*,*,#6732,.F.);
#6748=EDGE_LOOP('',(#6744,#6745,#6746,#6747));
#6749=FACE_OUTER_BOUND('',#6748,.F.);
#6750=ADVANCED_FACE('',(#6749),#6743,.F.);
#6751=CARTESIAN_POINT('',(-6.825E0,5.75E-1,-2.695E0));
#6752=DIRECTION('',(-1.E0,0.E0,0.E0));
#6753=DIRECTION('',(0.E0,-1.E0,0.E0));
#6754=AXIS2_PLACEMENT_3D('',#6751,#6752,#6753);
#6755=PLANE('',#6754);
#6757=ORIENTED_EDGE('',*,*,#6756,.F.);
#6759=ORIENTED_EDGE('',*,*,#6758,.T.);
#6760=ORIENTED_EDGE('',*,*,#6681,.T.);
#6762=ORIENTED_EDGE('',*,*,#6761,.F.);
#6763=EDGE_LOOP('',(#6757,#6759,#6760,#6762));
#6764=FACE_OUTER_BOUND('',#6763,.F.);
#6765=ADVANCED_FACE('',(#6764),#6755,.F.);
#6766=CARTESIAN_POINT('',(-8.325E0,-5.75E-1,-2.695E0));
#6767=DIRECTION('',(0.E0,0.E0,1.E0));
#6768=DIRECTION('',(0.E0,1.E0,0.E0));
#6769=AXIS2_PLACEMENT_3D('',#6766,#6767,#6768);
#6770=PLANE('',#6769);
#6771=ORIENTED_EDGE('',*,*,#6756,.T.);
#6773=ORIENTED_EDGE('',*,*,#6772,.T.);
#6775=ORIENTED_EDGE('',*,*,#6774,.T.);
#6777=ORIENTED_EDGE('',*,*,#6776,.T.);
#6779=ORIENTED_EDGE('',*,*,#6778,.F.);
#6781=ORIENTED_EDGE('',*,*,#6780,.F.);
#6783=ORIENTED_EDGE('',*,*,#6782,.T.);
#6785=ORIENTED_EDGE('',*,*,#6784,.T.);
#6786=EDGE_LOOP('',(#6771,#6773,#6775,#6777,#6779,#6781,#6783,#6785));
#6787=FACE_OUTER_BOUND('',#6786,.F.);
#6788=ADVANCED_FACE('',(#6787),#6770,.T.);
#6789=CARTESIAN_POINT('',(-6.825E0,4.E-1,-2.695E0));
#6790=DIRECTION('',(0.E0,1.E0,0.E0));
#6791=DIRECTION('',(-1.E0,0.E0,0.E0));
#6792=AXIS2_PLACEMENT_3D('',#6789,#6790,#6791);
#6793=PLANE('',#6792);
#6794=ORIENTED_EDGE('',*,*,#6772,.F.);
#6795=ORIENTED_EDGE('',*,*,#6761,.T.);
#6796=ORIENTED_EDGE('',*,*,#6695,.T.);
#6798=ORIENTED_EDGE('',*,*,#6797,.F.);
#6799=EDGE_LOOP('',(#6794,#6795,#6796,#6798));
#6800=FACE_OUTER_BOUND('',#6799,.F.);
#6801=ADVANCED_FACE('',(#6800),#6793,.F.);
#6802=CARTESIAN_POINT('',(-7.125E0,4.E-1,-2.695E0));
#6803=DIRECTION('',(-1.E0,0.E0,0.E0));
#6804=DIRECTION('',(0.E0,-1.E0,0.E0));
#6805=AXIS2_PLACEMENT_3D('',#6802,#6803,#6804);
#6806=PLANE('',#6805);
#6807=ORIENTED_EDGE('',*,*,#6774,.F.);
#6808=ORIENTED_EDGE('',*,*,#6797,.T.);
#6809=ORIENTED_EDGE('',*,*,#6693,.T.);
#6811=ORIENTED_EDGE('',*,*,#6810,.F.);
#6812=EDGE_LOOP('',(#6807,#6808,#6809,#6811));
#6813=FACE_OUTER_BOUND('',#6812,.F.);
#6814=ADVANCED_FACE('',(#6813),#6806,.F.);
#6815=CARTESIAN_POINT('',(-7.125E0,-4.E-1,-2.695E0));
#6816=DIRECTION('',(0.E0,-1.E0,0.E0));
#6817=DIRECTION('',(1.E0,0.E0,0.E0));
#6818=AXIS2_PLACEMENT_3D('',#6815,#6816,#6817);
#6819=PLANE('',#6818);
#6820=ORIENTED_EDGE('',*,*,#6776,.F.);
#6821=ORIENTED_EDGE('',*,*,#6810,.T.);
#6822=ORIENTED_EDGE('',*,*,#6691,.T.);
#6824=ORIENTED_EDGE('',*,*,#6823,.F.);
#6825=EDGE_LOOP('',(#6820,#6821,#6822,#6824));
#6826=FACE_OUTER_BOUND('',#6825,.F.);
#6827=ADVANCED_FACE('',(#6826),#6819,.F.);
#6828=CARTESIAN_POINT('',(-6.825E0,-4.E-1,-2.695E0));
#6829=DIRECTION('',(-1.E0,0.E0,0.E0));
#6830=DIRECTION('',(0.E0,-1.E0,0.E0));
#6831=AXIS2_PLACEMENT_3D('',#6828,#6829,#6830);
#6832=PLANE('',#6831);
#6833=ORIENTED_EDGE('',*,*,#6778,.T.);
#6834=ORIENTED_EDGE('',*,*,#6823,.T.);
#6835=ORIENTED_EDGE('',*,*,#6689,.T.);
#6837=ORIENTED_EDGE('',*,*,#6836,.F.);
#6838=EDGE_LOOP('',(#6833,#6834,#6835,#6837));
#6839=FACE_OUTER_BOUND('',#6838,.F.);
#6840=ADVANCED_FACE('',(#6839),#6832,.F.);
#6841=CARTESIAN_POINT('',(-8.325E0,-5.75E-1,-1.95E-1));
#6842=DIRECTION('',(0.E0,1.E0,0.E0));
#6843=DIRECTION('',(0.E0,0.E0,-1.E0));
#6844=AXIS2_PLACEMENT_3D('',#6841,#6842,#6843);
#6845=PLANE('',#6844);
#6846=ORIENTED_EDGE('',*,*,#6780,.T.);
#6847=ORIENTED_EDGE('',*,*,#6836,.T.);
#6848=ORIENTED_EDGE('',*,*,#6687,.T.);
#6850=ORIENTED_EDGE('',*,*,#6849,.F.);
#6852=ORIENTED_EDGE('',*,*,#6851,.F.);
#6854=ORIENTED_EDGE('',*,*,#6853,.T.);
#6855=EDGE_LOOP('',(#6846,#6847,#6848,#6850,#6852,#6854));
#6856=FACE_OUTER_BOUND('',#6855,.F.);
#6857=ADVANCED_FACE('',(#6856),#6845,.T.);
#6858=CARTESIAN_POINT('',(-6.425E0,2.68E0,4.955E0));
#6859=DIRECTION('',(1.E0,0.E0,0.E0));
#6860=DIRECTION('',(0.E0,0.E0,-1.E0));
#6861=AXIS2_PLACEMENT_3D('',#6858,#6859,#6860);
#6862=PLANE('',#6861);
#6863=ORIENTED_EDGE('',*,*,#6849,.T.);
#6864=ORIENTED_EDGE('',*,*,#6685,.T.);
#6866=ORIENTED_EDGE('',*,*,#6865,.F.);
#6868=ORIENTED_EDGE('',*,*,#6867,.T.);
#6870=ORIENTED_EDGE('',*,*,#6869,.T.);
#6872=ORIENTED_EDGE('',*,*,#6871,.F.);
#6874=ORIENTED_EDGE('',*,*,#6873,.F.);
#6875=ORIENTED_EDGE('',*,*,#6447,.F.);
#6877=ORIENTED_EDGE('',*,*,#6876,.T.);
#6879=ORIENTED_EDGE('',*,*,#6878,.F.);
#6881=ORIENTED_EDGE('',*,*,#6880,.T.);
#6883=ORIENTED_EDGE('',*,*,#6882,.T.);
#6884=EDGE_LOOP('',(#6863,#6864,#6866,#6868,#6870,#6872,#6874,#6875,#6877,#6879,
#6881,#6883));
#6885=FACE_OUTER_BOUND('',#6884,.F.);
#6886=ADVANCED_FACE('',(#6885),#6862,.F.);
#6887=CARTESIAN_POINT('',(-8.325E0,5.75E-1,-2.695E0));
#6888=DIRECTION('',(0.E0,-1.E0,0.E0));
#6889=DIRECTION('',(0.E0,0.E0,1.E0));
#6890=AXIS2_PLACEMENT_3D('',#6887,#6888,#6889);
#6891=PLANE('',#6890);
#6892=ORIENTED_EDGE('',*,*,#6865,.T.);
#6893=ORIENTED_EDGE('',*,*,#6683,.T.);
#6894=ORIENTED_EDGE('',*,*,#6758,.F.);
#6895=ORIENTED_EDGE('',*,*,#6784,.F.);
#6897=ORIENTED_EDGE('',*,*,#6896,.T.);
#6899=ORIENTED_EDGE('',*,*,#6898,.T.);
#6900=EDGE_LOOP('',(#6892,#6893,#6894,#6895,#6897,#6899));
#6901=FACE_OUTER_BOUND('',#6900,.F.);
#6902=ADVANCED_FACE('',(#6901),#6891,.T.);
#6903=CARTESIAN_POINT('',(-7.825E0,0.E0,0.E0));
#6904=DIRECTION('',(1.E0,0.E0,0.E0));
#6905=DIRECTION('',(0.E0,0.E0,-1.E0));
#6906=AXIS2_PLACEMENT_3D('',#6903,#6904,#6905);
#6907=PLANE('',#6906);
#6909=ORIENTED_EDGE('',*,*,#6908,.F.);
#6911=ORIENTED_EDGE('',*,*,#6910,.F.);
#6913=ORIENTED_EDGE('',*,*,#6912,.T.);
#6915=ORIENTED_EDGE('',*,*,#6914,.T.);
#6917=ORIENTED_EDGE('',*,*,#6916,.T.);
#6919=ORIENTED_EDGE('',*,*,#6918,.T.);
#6921=ORIENTED_EDGE('',*,*,#6920,.T.);
#6923=ORIENTED_EDGE('',*,*,#6922,.F.);
#6925=ORIENTED_EDGE('',*,*,#6924,.T.);
#6927=ORIENTED_EDGE('',*,*,#6926,.F.);
#6928=ORIENTED_EDGE('',*,*,#6896,.F.);
#6929=ORIENTED_EDGE('',*,*,#6782,.F.);
#6930=ORIENTED_EDGE('',*,*,#6853,.F.);
#6932=ORIENTED_EDGE('',*,*,#6931,.F.);
#6933=EDGE_LOOP('',(#6909,#6911,#6913,#6915,#6917,#6919,#6921,#6923,#6925,#6927,
#6928,#6929,#6930,#6932));
#6934=FACE_OUTER_BOUND('',#6933,.F.);
#6935=ADVANCED_FACE('',(#6934),#6907,.F.);
#6936=CARTESIAN_POINT('',(-8.325E0,-1.1E0,3.305E0));
#6937=DIRECTION('',(0.E0,1.E0,0.E0));
#6938=DIRECTION('',(0.E0,0.E0,-1.E0));
#6939=AXIS2_PLACEMENT_3D('',#6936,#6937,#6938);
#6940=PLANE('',#6939);
#6941=ORIENTED_EDGE('',*,*,#6908,.T.);
#6943=ORIENTED_EDGE('',*,*,#6942,.T.);
#6944=ORIENTED_EDGE('',*,*,#6880,.F.);
#6946=ORIENTED_EDGE('',*,*,#6945,.T.);
#6947=EDGE_LOOP('',(#6941,#6943,#6944,#6946));
#6948=FACE_OUTER_BOUND('',#6947,.F.);
#6949=ADVANCED_FACE('',(#6948),#6940,.T.);
#6950=CARTESIAN_POINT('',(-8.325E0,-1.1E0,-1.95E-1));
#6951=DIRECTION('',(0.E0,0.E0,1.E0));
#6952=DIRECTION('',(0.E0,1.E0,0.E0));
#6953=AXIS2_PLACEMENT_3D('',#6950,#6951,#6952);
#6954=PLANE('',#6953);
#6955=ORIENTED_EDGE('',*,*,#6931,.T.);
#6956=ORIENTED_EDGE('',*,*,#6851,.T.);
#6957=ORIENTED_EDGE('',*,*,#6882,.F.);
#6958=ORIENTED_EDGE('',*,*,#6942,.F.);
#6959=EDGE_LOOP('',(#6955,#6956,#6957,#6958));
#6960=FACE_OUTER_BOUND('',#6959,.F.);
#6961=ADVANCED_FACE('',(#6960),#6954,.T.);
#6962=CARTESIAN_POINT('',(-6.425E0,2.68E0,3.305E0));
#6963=DIRECTION('',(0.E0,0.E0,-1.E0));
#6964=DIRECTION('',(-1.E0,0.E0,0.E0));
#6965=AXIS2_PLACEMENT_3D('',#6962,#6963,#6964);
#6966=PLANE('',#6965);
#6967=ORIENTED_EDGE('',*,*,#6945,.F.);
#6968=ORIENTED_EDGE('',*,*,#6878,.T.);
#6970=ORIENTED_EDGE('',*,*,#6969,.T.);
#6971=ORIENTED_EDGE('',*,*,#6910,.T.);
#6972=EDGE_LOOP('',(#6967,#6968,#6970,#6971));
#6973=FACE_OUTER_BOUND('',#6972,.F.);
#6974=ADVANCED_FACE('',(#6973),#6966,.F.);
#6975=CARTESIAN_POINT('',(-6.425E0,2.68E0,3.305E0));
#6976=DIRECTION('',(0.E0,0.E0,-1.E0));
#6977=DIRECTION('',(-1.E0,0.E0,0.E0));
#6978=AXIS2_PLACEMENT_3D('',#6975,#6976,#6977);
#6979=PLANE('',#6978);
#6981=ORIENTED_EDGE('',*,*,#6980,.T.);
#6982=ORIENTED_EDGE('',*,*,#6922,.T.);
#6984=ORIENTED_EDGE('',*,*,#6983,.F.);
#6985=ORIENTED_EDGE('',*,*,#6871,.T.);
#6986=EDGE_LOOP('',(#6981,#6982,#6984,#6985));
#6987=FACE_OUTER_BOUND('',#6986,.F.);
#6988=ADVANCED_FACE('',(#6987),#6979,.F.);
#6989=CARTESIAN_POINT('',(0.E0,-2.41E0,0.E0));
#6990=DIRECTION('',(0.E0,1.E0,0.E0));
#6991=DIRECTION('',(1.E0,0.E0,0.E0));
#6992=AXIS2_PLACEMENT_3D('',#6989,#6990,#6991);
#6993=PLANE('',#6992);
#6995=ORIENTED_EDGE('',*,*,#6994,.T.);
#6996=ORIENTED_EDGE('',*,*,#6568,.F.);
#6998=ORIENTED_EDGE('',*,*,#6997,.F.);
#6999=EDGE_LOOP('',(#6995,#6996,#6998));
#7000=FACE_OUTER_BOUND('',#6999,.F.);
#7001=ADVANCED_FACE('',(#7000),#6993,.T.);
#7002=CARTESIAN_POINT('',(0.E0,-2.41E0,0.E0));
#7003=DIRECTION('',(0.E0,1.E0,0.E0));
#7004=DIRECTION('',(1.E0,0.E0,0.E0));
#7005=AXIS2_PLACEMENT_3D('',#7002,#7003,#7004);
#7006=PLANE('',#7005);
#7008=ORIENTED_EDGE('',*,*,#7007,.T.);
#7009=ORIENTED_EDGE('',*,*,#6969,.F.);
#7010=ORIENTED_EDGE('',*,*,#6876,.F.);
#7011=EDGE_LOOP('',(#7008,#7009,#7010));
#7012=FACE_OUTER_BOUND('',#7011,.F.);
#7013=ADVANCED_FACE('',(#7012),#7006,.T.);
#7014=CARTESIAN_POINT('',(7.825E0,3.43E0,3.305E0));
#7015=DIRECTION('',(-7.625091353728E-1,0.E0,-6.469774481951E-1));
#7016=DIRECTION('',(-6.469774481951E-1,0.E0,7.625091353728E-1));
#7017=AXIS2_PLACEMENT_3D('',#7014,#7015,#7016);
#7018=PLANE('',#7017);
#7020=ORIENTED_EDGE('',*,*,#7019,.T.);
#7021=ORIENTED_EDGE('',*,*,#6453,.F.);
#7023=ORIENTED_EDGE('',*,*,#7022,.F.);
#7025=ORIENTED_EDGE('',*,*,#7024,.T.);
#7026=EDGE_LOOP('',(#7020,#7021,#7023,#7025));
#7027=FACE_OUTER_BOUND('',#7026,.F.);
#7028=ADVANCED_FACE('',(#7027),#7018,.F.);
#7029=CARTESIAN_POINT('',(7.825E0,3.43E0,3.305E0));
#7030=DIRECTION('',(-7.625091353728E-1,0.E0,-6.469774481951E-1));
#7031=DIRECTION('',(-6.469774481951E-1,0.E0,7.625091353728E-1));
#7032=AXIS2_PLACEMENT_3D('',#7029,#7030,#7031);
#7033=PLANE('',#7032);
#7034=ORIENTED_EDGE('',*,*,#6994,.F.);
#7036=ORIENTED_EDGE('',*,*,#7035,.T.);
#7038=ORIENTED_EDGE('',*,*,#7037,.T.);
#7040=ORIENTED_EDGE('',*,*,#7039,.T.);
#7041=ORIENTED_EDGE('',*,*,#6441,.F.);
#7042=EDGE_LOOP('',(#7034,#7036,#7038,#7040,#7041));
#7043=FACE_OUTER_BOUND('',#7042,.F.);
#7044=ADVANCED_FACE('',(#7043),#7033,.F.);
#7045=CARTESIAN_POINT('',(0.E0,2.68E0,0.E0));
#7046=DIRECTION('',(0.E0,1.E0,0.E0));
#7047=DIRECTION('',(1.E0,0.E0,0.E0));
#7048=AXIS2_PLACEMENT_3D('',#7045,#7046,#7047);
#7049=PLANE('',#7048);
#7050=ORIENTED_EDGE('',*,*,#7019,.F.);
#7052=ORIENTED_EDGE('',*,*,#7051,.T.);
#7053=ORIENTED_EDGE('',*,*,#6571,.T.);
#7054=EDGE_LOOP('',(#7050,#7052,#7053));
#7055=FACE_OUTER_BOUND('',#7054,.F.);
#7056=ADVANCED_FACE('',(#7055),#7049,.F.);
#7057=CARTESIAN_POINT('',(0.E0,2.68E0,0.E0));
#7058=DIRECTION('',(0.E0,1.E0,0.E0));
#7059=DIRECTION('',(1.E0,0.E0,0.E0));
#7060=AXIS2_PLACEMENT_3D('',#7057,#7058,#7059);
#7061=PLANE('',#7060);
#7063=ORIENTED_EDGE('',*,*,#7062,.F.);
#7064=ORIENTED_EDGE('',*,*,#6873,.T.);
#7065=ORIENTED_EDGE('',*,*,#6983,.T.);
#7066=EDGE_LOOP('',(#7063,#7064,#7065));
#7067=FACE_OUTER_BOUND('',#7066,.F.);
#7068=ADVANCED_FACE('',(#7067),#7061,.F.);
#7069=CARTESIAN_POINT('',(7.825E0,2.68E0,3.305E0));
#7070=DIRECTION('',(0.E0,0.E0,-1.E0));
#7071=DIRECTION('',(-1.E0,0.E0,0.E0));
#7072=AXIS2_PLACEMENT_3D('',#7069,#7070,#7071);
#7073=PLANE('',#7072);
#7075=ORIENTED_EDGE('',*,*,#7074,.F.);
#7077=ORIENTED_EDGE('',*,*,#7076,.F.);
#7078=ORIENTED_EDGE('',*,*,#6997,.T.);
#7079=ORIENTED_EDGE('',*,*,#6566,.F.);
#7080=EDGE_LOOP('',(#7075,#7077,#7078,#7079));
#7081=FACE_OUTER_BOUND('',#7080,.F.);
#7082=ADVANCED_FACE('',(#7081),#7073,.F.);
#7083=CARTESIAN_POINT('',(7.825E0,2.68E0,3.305E0));
#7084=DIRECTION('',(0.E0,0.E0,-1.E0));
#7085=DIRECTION('',(-1.E0,0.E0,0.E0));
#7086=AXIS2_PLACEMENT_3D('',#7083,#7084,#7085);
#7087=PLANE('',#7086);
#7089=ORIENTED_EDGE('',*,*,#7088,.T.);
#7090=ORIENTED_EDGE('',*,*,#6573,.F.);
#7091=ORIENTED_EDGE('',*,*,#7051,.F.);
#7093=ORIENTED_EDGE('',*,*,#7092,.F.);
#7094=EDGE_LOOP('',(#7089,#7090,#7091,#7093));
#7095=FACE_OUTER_BOUND('',#7094,.F.);
#7096=ADVANCED_FACE('',(#7095),#7087,.F.);
#7097=CARTESIAN_POINT('',(8.325E0,-1.1E0,3.305E0));
#7098=DIRECTION('',(0.E0,-1.E0,0.E0));
#7099=DIRECTION('',(0.E0,0.E0,-1.E0));
#7100=AXIS2_PLACEMENT_3D('',#7097,#7098,#7099);
#7101=PLANE('',#7100);
#7103=ORIENTED_EDGE('',*,*,#7102,.F.);
#7104=ORIENTED_EDGE('',*,*,#7074,.T.);
#7105=ORIENTED_EDGE('',*,*,#6564,.T.);
#7107=ORIENTED_EDGE('',*,*,#7106,.F.);
#7108=EDGE_LOOP('',(#7103,#7104,#7105,#7107));
#7109=FACE_OUTER_BOUND('',#7108,.F.);
#7110=ADVANCED_FACE('',(#7109),#7101,.F.);
#7111=CARTESIAN_POINT('',(7.825E0,0.E0,0.E0));
#7112=DIRECTION('',(1.E0,0.E0,0.E0));
#7113=DIRECTION('',(0.E0,0.E0,-1.E0));
#7114=AXIS2_PLACEMENT_3D('',#7111,#7112,#7113);
#7115=PLANE('',#7114);
#7116=ORIENTED_EDGE('',*,*,#7102,.T.);
#7118=ORIENTED_EDGE('',*,*,#7117,.T.);
#7119=ORIENTED_EDGE('',*,*,#6649,.T.);
#7120=ORIENTED_EDGE('',*,*,#6617,.T.);
#7121=ORIENTED_EDGE('',*,*,#6596,.T.);
#7123=ORIENTED_EDGE('',*,*,#7122,.T.);
#7125=ORIENTED_EDGE('',*,*,#7124,.F.);
#7126=ORIENTED_EDGE('',*,*,#7092,.T.);
#7127=ORIENTED_EDGE('',*,*,#7024,.F.);
#7129=ORIENTED_EDGE('',*,*,#7128,.F.);
#7131=ORIENTED_EDGE('',*,*,#7130,.F.);
#7133=ORIENTED_EDGE('',*,*,#7132,.F.);
#7134=ORIENTED_EDGE('',*,*,#7035,.F.);
#7135=ORIENTED_EDGE('',*,*,#7076,.T.);
#7136=EDGE_LOOP('',(#7116,#7118,#7119,#7120,#7121,#7123,#7125,#7126,#7127,#7129,
#7131,#7133,#7134,#7135));
#7137=FACE_OUTER_BOUND('',#7136,.F.);
#7139=ORIENTED_EDGE('',*,*,#7138,.T.);
#7141=ORIENTED_EDGE('',*,*,#7140,.T.);
#7143=ORIENTED_EDGE('',*,*,#7142,.T.);
#7145=ORIENTED_EDGE('',*,*,#7144,.T.);
#7147=ORIENTED_EDGE('',*,*,#7146,.T.);
#7149=ORIENTED_EDGE('',*,*,#7148,.T.);
#7151=ORIENTED_EDGE('',*,*,#7150,.T.);
#7152=EDGE_LOOP('',(#7139,#7141,#7143,#7145,#7147,#7149,#7151));
#7153=FACE_BOUND('',#7152,.F.);
#7154=ADVANCED_FACE('',(#7137,#7153),#7115,.T.);
#7155=CARTESIAN_POINT('',(8.325E0,-1.1E0,-1.95E-1));
#7156=DIRECTION('',(0.E0,0.E0,-1.E0));
#7157=DIRECTION('',(0.E0,1.E0,0.E0));
#7158=AXIS2_PLACEMENT_3D('',#7155,#7156,#7157);
#7159=PLANE('',#7158);
#7160=ORIENTED_EDGE('',*,*,#7117,.F.);
#7161=ORIENTED_EDGE('',*,*,#7106,.T.);
#7162=ORIENTED_EDGE('',*,*,#6562,.T.);
#7163=ORIENTED_EDGE('',*,*,#6651,.F.);
#7164=EDGE_LOOP('',(#7160,#7161,#7162,#7163));
#7165=FACE_OUTER_BOUND('',#7164,.F.);
#7166=ADVANCED_FACE('',(#7165),#7159,.F.);
#7167=CARTESIAN_POINT('',(8.325E0,5.75E-1,-1.95E-1));
#7168=DIRECTION('',(0.E0,0.E0,-1.E0));
#7169=DIRECTION('',(0.E0,1.E0,0.E0));
#7170=AXIS2_PLACEMENT_3D('',#7167,#7168,#7169);
#7171=PLANE('',#7170);
#7172=ORIENTED_EDGE('',*,*,#7122,.F.);
#7173=ORIENTED_EDGE('',*,*,#6594,.T.);
#7174=ORIENTED_EDGE('',*,*,#6577,.T.);
#7176=ORIENTED_EDGE('',*,*,#7175,.F.);
#7177=EDGE_LOOP('',(#7172,#7173,#7174,#7176));
#7178=FACE_OUTER_BOUND('',#7177,.F.);
#7179=ADVANCED_FACE('',(#7178),#7171,.F.);
#7180=CARTESIAN_POINT('',(8.325E0,1.1E0,-1.95E-1));
#7181=DIRECTION('',(0.E0,1.E0,0.E0));
#7182=DIRECTION('',(0.E0,0.E0,1.E0));
#7183=AXIS2_PLACEMENT_3D('',#7180,#7181,#7182);
#7184=PLANE('',#7183);
#7185=ORIENTED_EDGE('',*,*,#7124,.T.);
#7186=ORIENTED_EDGE('',*,*,#7175,.T.);
#7187=ORIENTED_EDGE('',*,*,#6575,.T.);
#7188=ORIENTED_EDGE('',*,*,#7088,.F.);
#7189=EDGE_LOOP('',(#7185,#7186,#7187,#7188));
#7190=FACE_OUTER_BOUND('',#7189,.F.);
#7191=ADVANCED_FACE('',(#7190),#7184,.F.);
#7192=CARTESIAN_POINT('',(-7.825E0,3.43E0,-4.955E0));
#7193=DIRECTION('',(0.E0,1.E0,0.E0));
#7194=DIRECTION('',(0.E0,0.E0,1.E0));
#7195=AXIS2_PLACEMENT_3D('',#7192,#7193,#7194);
#7196=PLANE('',#7195);
#7198=ORIENTED_EDGE('',*,*,#7197,.T.);
#7200=ORIENTED_EDGE('',*,*,#7199,.T.);
#7202=ORIENTED_EDGE('',*,*,#7201,.F.);
#7203=ORIENTED_EDGE('',*,*,#5463,.F.);
#7205=ORIENTED_EDGE('',*,*,#7204,.T.);
#7207=ORIENTED_EDGE('',*,*,#7206,.F.);
#7208=ORIENTED_EDGE('',*,*,#7128,.T.);
#7209=ORIENTED_EDGE('',*,*,#7022,.T.);
#7210=ORIENTED_EDGE('',*,*,#6451,.F.);
#7212=ORIENTED_EDGE('',*,*,#7211,.T.);
#7213=ORIENTED_EDGE('',*,*,#6918,.F.);
#7215=ORIENTED_EDGE('',*,*,#7214,.T.);
#7217=ORIENTED_EDGE('',*,*,#7216,.T.);
#7218=ORIENTED_EDGE('',*,*,#5545,.F.);
#7219=EDGE_LOOP('',(#7198,#7200,#7202,#7203,#7205,#7207,#7208,#7209,#7210,#7212,
#7213,#7215,#7217,#7218));
#7220=FACE_OUTER_BOUND('',#7219,.F.);
#7222=ORIENTED_EDGE('',*,*,#7221,.F.);
#7224=ORIENTED_EDGE('',*,*,#7223,.T.);
#7226=ORIENTED_EDGE('',*,*,#7225,.T.);
#7228=ORIENTED_EDGE('',*,*,#7227,.F.);
#7229=EDGE_LOOP('',(#7222,#7224,#7226,#7228));
#7230=FACE_BOUND('',#7229,.F.);
#7231=ADVANCED_FACE('',(#7220,#7230),#7196,.T.);
#7232=CARTESIAN_POINT('',(-7.E-1,0.E0,0.E0));
#7233=DIRECTION('',(1.E0,0.E0,0.E0));
#7234=DIRECTION('',(0.E0,0.E0,-1.E0));
#7235=AXIS2_PLACEMENT_3D('',#7232,#7233,#7234);
#7236=PLANE('',#7235);
#7237=ORIENTED_EDGE('',*,*,#7221,.T.);
#7239=ORIENTED_EDGE('',*,*,#7238,.T.);
#7241=ORIENTED_EDGE('',*,*,#7240,.T.);
#7243=ORIENTED_EDGE('',*,*,#7242,.T.);
#7245=ORIENTED_EDGE('',*,*,#7244,.T.);
#7246=EDGE_LOOP('',(#7237,#7239,#7241,#7243,#7245));
#7247=FACE_OUTER_BOUND('',#7246,.F.);
#7248=ADVANCED_FACE('',(#7247),#7236,.F.);
#7249=CARTESIAN_POINT('',(-7.E-1,4.18E0,1.255E0));
#7250=DIRECTION('',(1.E0,0.E0,0.E0));
#7251=DIRECTION('',(0.E0,0.E0,-1.E0));
#7252=AXIS2_PLACEMENT_3D('',#7249,#7250,#7251);
#7253=CYLINDRICAL_SURFACE('',#7252,7.5E-1);
#7254=ORIENTED_EDGE('',*,*,#7227,.T.);
#7256=ORIENTED_EDGE('',*,*,#7255,.T.);
#7258=ORIENTED_EDGE('',*,*,#7257,.F.);
#7259=ORIENTED_EDGE('',*,*,#7238,.F.);
#7260=EDGE_LOOP('',(#7254,#7256,#7258,#7259));
#7261=FACE_OUTER_BOUND('',#7260,.F.);
#7262=ADVANCED_FACE('',(#7261),#7253,.F.);
#7263=CARTESIAN_POINT('',(7.E-1,0.E0,0.E0));
#7264=DIRECTION('',(1.E0,0.E0,0.E0));
#7265=DIRECTION('',(0.E0,0.E0,-1.E0));
#7266=AXIS2_PLACEMENT_3D('',#7263,#7264,#7265);
#7267=PLANE('',#7266);
#7268=ORIENTED_EDGE('',*,*,#7225,.F.);
#7270=ORIENTED_EDGE('',*,*,#7269,.F.);
#7272=ORIENTED_EDGE('',*,*,#7271,.F.);
#7274=ORIENTED_EDGE('',*,*,#7273,.F.);
#7275=ORIENTED_EDGE('',*,*,#7255,.F.);
#7276=EDGE_LOOP('',(#7268,#7270,#7272,#7274,#7275));
#7277=FACE_OUTER_BOUND('',#7276,.F.);
#7278=ADVANCED_FACE('',(#7277),#7267,.T.);
#7279=CARTESIAN_POINT('',(-7.E-1,4.83E0,2.755E0));
#7280=DIRECTION('',(0.E0,7.644333195971E-1,6.447027996602E-1));
#7281=DIRECTION('',(0.E0,-6.447027996602E-1,7.644333195971E-1));
#7282=AXIS2_PLACEMENT_3D('',#7279,#7280,#7281);
#7283=PLANE('',#7282);
#7284=ORIENTED_EDGE('',*,*,#7223,.F.);
#7285=ORIENTED_EDGE('',*,*,#7244,.F.);
#7287=ORIENTED_EDGE('',*,*,#7286,.T.);
#7288=ORIENTED_EDGE('',*,*,#7269,.T.);
#7289=EDGE_LOOP('',(#7284,#7285,#7287,#7288));
#7290=FACE_OUTER_BOUND('',#7289,.F.);
#7291=ADVANCED_FACE('',(#7290),#7283,.T.);
#7292=CARTESIAN_POINT('',(-7.E-1,4.83E0,2.005E0));
#7293=DIRECTION('',(0.E0,1.E0,0.E0));
#7294=DIRECTION('',(0.E0,0.E0,1.E0));
#7295=AXIS2_PLACEMENT_3D('',#7292,#7293,#7294);
#7296=PLANE('',#7295);
#7297=ORIENTED_EDGE('',*,*,#7242,.F.);
#7299=ORIENTED_EDGE('',*,*,#7298,.T.);
#7300=ORIENTED_EDGE('',*,*,#7271,.T.);
#7301=ORIENTED_EDGE('',*,*,#7286,.F.);
#7302=EDGE_LOOP('',(#7297,#7299,#7300,#7301));
#7303=FACE_OUTER_BOUND('',#7302,.F.);
#7304=ADVANCED_FACE('',(#7303),#7296,.T.);
#7305=CARTESIAN_POINT('',(-7.E-1,4.18E0,2.005E0));
#7306=DIRECTION('',(0.E0,0.E0,-1.E0));
#7307=DIRECTION('',(0.E0,1.E0,0.E0));
#7308=AXIS2_PLACEMENT_3D('',#7305,#7306,#7307);
#7309=PLANE('',#7308);
#7310=ORIENTED_EDGE('',*,*,#7240,.F.);
#7311=ORIENTED_EDGE('',*,*,#7257,.T.);
#7312=ORIENTED_EDGE('',*,*,#7273,.T.);
#7313=ORIENTED_EDGE('',*,*,#7298,.F.);
#7314=EDGE_LOOP('',(#7310,#7311,#7312,#7313));
#7315=FACE_OUTER_BOUND('',#7314,.F.);
#7316=ADVANCED_FACE('',(#7315),#7309,.T.);
#7317=CARTESIAN_POINT('',(-6.325E0,3.43E0,-4.955E0));
#7318=DIRECTION('',(-1.E0,0.E0,0.E0));
#7319=DIRECTION('',(0.E0,0.E0,1.E0));
#7320=AXIS2_PLACEMENT_3D('',#7317,#7318,#7319);
#7321=PLANE('',#7320);
#7322=ORIENTED_EDGE('',*,*,#7197,.F.);
#7323=ORIENTED_EDGE('',*,*,#5543,.F.);
#7325=ORIENTED_EDGE('',*,*,#7324,.T.);
#7327=ORIENTED_EDGE('',*,*,#7326,.F.);
#7328=EDGE_LOOP('',(#7322,#7323,#7325,#7327));
#7329=FACE_OUTER_BOUND('',#7328,.F.);
#7330=ADVANCED_FACE('',(#7329),#7321,.F.);
#7331=CARTESIAN_POINT('',(-7.825E0,3.175E0,-4.955E0));
#7332=DIRECTION('',(0.E0,1.E0,0.E0));
#7333=DIRECTION('',(1.E0,0.E0,0.E0));
#7334=AXIS2_PLACEMENT_3D('',#7331,#7332,#7333);
#7335=PLANE('',#7334);
#7336=ORIENTED_EDGE('',*,*,#5327,.T.);
#7337=ORIENTED_EDGE('',*,*,#5374,.T.);
#7338=ORIENTED_EDGE('',*,*,#5418,.F.);
#7339=ORIENTED_EDGE('',*,*,#5527,.T.);
#7341=ORIENTED_EDGE('',*,*,#7340,.T.);
#7343=ORIENTED_EDGE('',*,*,#7342,.T.);
#7345=ORIENTED_EDGE('',*,*,#7344,.F.);
#7346=ORIENTED_EDGE('',*,*,#5507,.T.);
#7348=ORIENTED_EDGE('',*,*,#7347,.T.);
#7350=ORIENTED_EDGE('',*,*,#7349,.T.);
#7352=ORIENTED_EDGE('',*,*,#7351,.F.);
#7353=ORIENTED_EDGE('',*,*,#5487,.T.);
#7355=ORIENTED_EDGE('',*,*,#7354,.T.);
#7357=ORIENTED_EDGE('',*,*,#7356,.T.);
#7359=ORIENTED_EDGE('',*,*,#7358,.F.);
#7360=ORIENTED_EDGE('',*,*,#5467,.T.);
#7362=ORIENTED_EDGE('',*,*,#7361,.F.);
#7364=ORIENTED_EDGE('',*,*,#7363,.F.);
#7365=ORIENTED_EDGE('',*,*,#7324,.F.);
#7366=ORIENTED_EDGE('',*,*,#5541,.T.);
#7367=EDGE_LOOP('',(#7336,#7337,#7338,#7339,#7341,#7343,#7345,#7346,#7348,#7350,
#7352,#7353,#7355,#7357,#7359,#7360,#7362,#7364,#7365,#7366));
#7368=FACE_OUTER_BOUND('',#7367,.F.);
#7369=ADVANCED_FACE('',(#7368),#7335,.T.);
#7370=CARTESIAN_POINT('',(-1.82E0,3.43E0,-4.955E0));
#7371=DIRECTION('',(-1.E0,0.E0,0.E0));
#7372=DIRECTION('',(0.E0,0.E0,1.E0));
#7373=AXIS2_PLACEMENT_3D('',#7370,#7371,#7372);
#7374=PLANE('',#7373);
#7376=ORIENTED_EDGE('',*,*,#7375,.T.);
#7378=ORIENTED_EDGE('',*,*,#7377,.F.);
#7379=ORIENTED_EDGE('',*,*,#7340,.F.);
#7380=ORIENTED_EDGE('',*,*,#5525,.F.);
#7381=EDGE_LOOP('',(#7376,#7378,#7379,#7380));
#7382=FACE_OUTER_BOUND('',#7381,.F.);
#7383=ADVANCED_FACE('',(#7382),#7374,.F.);
#7384=CARTESIAN_POINT('',(-1.82E0,3.43E0,-4.955E0));
#7385=DIRECTION('',(-1.E0,0.E0,0.E0));
#7386=DIRECTION('',(0.E0,0.E0,1.E0));
#7387=AXIS2_PLACEMENT_3D('',#7384,#7385,#7386);
#7388=PLANE('',#7387);
#7390=ORIENTED_EDGE('',*,*,#7389,.F.);
#7391=ORIENTED_EDGE('',*,*,#5721,.F.);
#7393=ORIENTED_EDGE('',*,*,#7392,.T.);
#7395=ORIENTED_EDGE('',*,*,#7394,.F.);
#7396=EDGE_LOOP('',(#7390,#7391,#7393,#7395));
#7397=FACE_OUTER_BOUND('',#7396,.F.);
#7398=ADVANCED_FACE('',(#7397),#7388,.F.);
#7399=CARTESIAN_POINT('',(-1.82E0,3.43E0,-4.955E0));
#7400=DIRECTION('',(-1.E0,0.E0,0.E0));
#7401=DIRECTION('',(0.E0,0.E0,1.E0));
#7402=AXIS2_PLACEMENT_3D('',#7399,#7400,#7401);
#7403=PLANE('',#7402);
#7404=ORIENTED_EDGE('',*,*,#5717,.F.);
#7406=ORIENTED_EDGE('',*,*,#7405,.F.);
#7408=ORIENTED_EDGE('',*,*,#7407,.F.);
#7410=ORIENTED_EDGE('',*,*,#7409,.F.);
#7411=EDGE_LOOP('',(#7404,#7406,#7408,#7410));
#7412=FACE_OUTER_BOUND('',#7411,.F.);
#7413=ADVANCED_FACE('',(#7412),#7403,.F.);
#7414=CARTESIAN_POINT('',(-1.18E0,1.82E0,-6.905E0));
#7415=DIRECTION('',(0.E0,1.E0,0.E0));
#7416=DIRECTION('',(0.E0,0.E0,1.E0));
#7417=AXIS2_PLACEMENT_3D('',#7414,#7415,#7416);
#7418=PLANE('',#7417);
#7419=ORIENTED_EDGE('',*,*,#7375,.F.);
#7421=ORIENTED_EDGE('',*,*,#7420,.F.);
#7423=ORIENTED_EDGE('',*,*,#7422,.F.);
#7425=ORIENTED_EDGE('',*,*,#7424,.T.);
#7427=ORIENTED_EDGE('',*,*,#7426,.F.);
#7429=ORIENTED_EDGE('',*,*,#7428,.F.);
#7430=EDGE_LOOP('',(#7419,#7421,#7423,#7425,#7427,#7429));
#7431=FACE_OUTER_BOUND('',#7430,.F.);
#7432=ADVANCED_FACE('',(#7431),#7418,.T.);
#7433=CARTESIAN_POINT('',(-1.18E0,1.82E0,-6.905E0));
#7434=DIRECTION('',(0.E0,1.E0,0.E0));
#7435=DIRECTION('',(0.E0,0.E0,1.E0));
#7436=AXIS2_PLACEMENT_3D('',#7433,#7434,#7435);
#7437=PLANE('',#7436);
#7439=ORIENTED_EDGE('',*,*,#7438,.T.);
#7441=ORIENTED_EDGE('',*,*,#7440,.F.);
#7442=ORIENTED_EDGE('',*,*,#6336,.T.);
#7444=ORIENTED_EDGE('',*,*,#7443,.T.);
#7445=EDGE_LOOP('',(#7439,#7441,#7442,#7444));
#7446=FACE_OUTER_BOUND('',#7445,.F.);
#7447=ADVANCED_FACE('',(#7446),#7437,.T.);
#7448=CARTESIAN_POINT('',(-1.82E0,0.E0,0.E0));
#7449=DIRECTION('',(1.E0,0.E0,0.E0));
#7450=DIRECTION('',(0.E0,0.E0,-1.E0));
#7451=AXIS2_PLACEMENT_3D('',#7448,#7449,#7450);
#7452=PLANE('',#7451);
#7453=ORIENTED_EDGE('',*,*,#5608,.F.);
#7454=ORIENTED_EDGE('',*,*,#5723,.F.);
#7456=ORIENTED_EDGE('',*,*,#7455,.T.);
#7458=ORIENTED_EDGE('',*,*,#7457,.T.);
#7460=ORIENTED_EDGE('',*,*,#7459,.T.);
#7462=ORIENTED_EDGE('',*,*,#7461,.T.);
#7464=ORIENTED_EDGE('',*,*,#7463,.T.);
#7466=ORIENTED_EDGE('',*,*,#7465,.T.);
#7468=ORIENTED_EDGE('',*,*,#7467,.T.);
#7470=ORIENTED_EDGE('',*,*,#7469,.T.);
#7471=ORIENTED_EDGE('',*,*,#7420,.T.);
#7472=ORIENTED_EDGE('',*,*,#5523,.F.);
#7473=EDGE_LOOP('',(#7453,#7454,#7456,#7458,#7460,#7462,#7464,#7466,#7468,#7470,
#7471,#7472));
#7474=FACE_OUTER_BOUND('',#7473,.F.);
#7475=ADVANCED_FACE('',(#7474),#7452,.F.);
#7476=CARTESIAN_POINT('',(-1.82E0,0.E0,0.E0));
#7477=DIRECTION('',(1.E0,0.E0,0.E0));
#7478=DIRECTION('',(0.E0,0.E0,-1.E0));
#7479=AXIS2_PLACEMENT_3D('',#7476,#7477,#7478);
#7480=PLANE('',#7479);
#7481=ORIENTED_EDGE('',*,*,#5719,.F.);
#7483=ORIENTED_EDGE('',*,*,#7482,.T.);
#7485=ORIENTED_EDGE('',*,*,#7484,.T.);
#7487=ORIENTED_EDGE('',*,*,#7486,.T.);
#7488=EDGE_LOOP('',(#7481,#7483,#7485,#7487));
#7489=FACE_OUTER_BOUND('',#7488,.F.);
#7490=ADVANCED_FACE('',(#7489),#7480,.F.);
#7491=CARTESIAN_POINT('',(-1.82E0,0.E0,0.E0));
#7492=DIRECTION('',(1.E0,0.E0,0.E0));
#7493=DIRECTION('',(0.E0,0.E0,-1.E0));
#7494=AXIS2_PLACEMENT_3D('',#7491,#7492,#7493);
#7495=PLANE('',#7494);
#7497=ORIENTED_EDGE('',*,*,#7496,.T.);
#7499=ORIENTED_EDGE('',*,*,#7498,.T.);
#7501=ORIENTED_EDGE('',*,*,#7500,.T.);
#7503=ORIENTED_EDGE('',*,*,#7502,.T.);
#7505=ORIENTED_EDGE('',*,*,#7504,.T.);
#7507=ORIENTED_EDGE('',*,*,#7506,.F.);
#7508=EDGE_LOOP('',(#7497,#7499,#7501,#7503,#7505,#7507));
#7509=FACE_OUTER_BOUND('',#7508,.F.);
#7510=ADVANCED_FACE('',(#7509),#7495,.F.);
#7511=CARTESIAN_POINT('',(-1.82E0,0.E0,0.E0));
#7512=DIRECTION('',(1.E0,0.E0,0.E0));
#7513=DIRECTION('',(0.E0,0.E0,-1.E0));
#7514=AXIS2_PLACEMENT_3D('',#7511,#7512,#7513);
#7515=PLANE('',#7514);
#7517=ORIENTED_EDGE('',*,*,#7516,.F.);
#7519=ORIENTED_EDGE('',*,*,#7518,.T.);
#7520=ORIENTED_EDGE('',*,*,#6338,.T.);
#7521=ORIENTED_EDGE('',*,*,#7440,.T.);
#7522=EDGE_LOOP('',(#7517,#7519,#7520,#7521));
#7523=FACE_OUTER_BOUND('',#7522,.F.);
#7524=ADVANCED_FACE('',(#7523),#7515,.F.);
#7525=CARTESIAN_POINT('',(-1.82E0,0.E0,0.E0));
#7526=DIRECTION('',(1.E0,0.E0,0.E0));
#7527=DIRECTION('',(0.E0,0.E0,-1.E0));
#7528=AXIS2_PLACEMENT_3D('',#7525,#7526,#7527);
#7529=PLANE('',#7528);
#7531=ORIENTED_EDGE('',*,*,#7530,.F.);
#7533=ORIENTED_EDGE('',*,*,#7532,.T.);
#7534=ORIENTED_EDGE('',*,*,#6366,.T.);
#7536=ORIENTED_EDGE('',*,*,#7535,.T.);
#7537=EDGE_LOOP('',(#7531,#7533,#7534,#7536));
#7538=FACE_OUTER_BOUND('',#7537,.F.);
#7539=ADVANCED_FACE('',(#7538),#7529,.F.);
#7540=CARTESIAN_POINT('',(-1.18E0,1.18E0,2.555E0));
#7541=DIRECTION('',(0.E0,-1.E0,0.E0));
#7542=DIRECTION('',(0.E0,0.E0,-1.E0));
#7543=AXIS2_PLACEMENT_3D('',#7540,#7541,#7542);
#7544=PLANE('',#7543);
#7545=ORIENTED_EDGE('',*,*,#7389,.T.);
#7547=ORIENTED_EDGE('',*,*,#7546,.T.);
#7549=ORIENTED_EDGE('',*,*,#7548,.T.);
#7551=ORIENTED_EDGE('',*,*,#7550,.T.);
#7553=ORIENTED_EDGE('',*,*,#7552,.T.);
#7554=ORIENTED_EDGE('',*,*,#7455,.F.);
#7555=EDGE_LOOP('',(#7545,#7547,#7549,#7551,#7553,#7554));
#7556=FACE_OUTER_BOUND('',#7555,.F.);
#7557=ADVANCED_FACE('',(#7556),#7544,.T.);
#7558=CARTESIAN_POINT('',(-1.18E0,1.18E0,2.555E0));
#7559=DIRECTION('',(0.E0,-1.E0,0.E0));
#7560=DIRECTION('',(0.E0,0.E0,-1.E0));
#7561=AXIS2_PLACEMENT_3D('',#7558,#7559,#7560);
#7562=PLANE('',#7561);
#7564=ORIENTED_EDGE('',*,*,#7563,.F.);
#7566=ORIENTED_EDGE('',*,*,#7565,.T.);
#7567=ORIENTED_EDGE('',*,*,#6340,.F.);
#7568=ORIENTED_EDGE('',*,*,#7518,.F.);
#7569=EDGE_LOOP('',(#7564,#7566,#7567,#7568));
#7570=FACE_OUTER_BOUND('',#7569,.F.);
#7571=ADVANCED_FACE('',(#7570),#7562,.T.);
#7572=CARTESIAN_POINT('',(-1.82E0,3.43E0,-3.655E0));
#7573=DIRECTION('',(0.E0,0.E0,1.E0));
#7574=DIRECTION('',(1.E0,0.E0,0.E0));
#7575=AXIS2_PLACEMENT_3D('',#7572,#7573,#7574);
#7576=PLANE('',#7575);
#7577=ORIENTED_EDGE('',*,*,#7428,.T.);
#7579=ORIENTED_EDGE('',*,*,#7578,.F.);
#7580=ORIENTED_EDGE('',*,*,#7342,.F.);
#7581=ORIENTED_EDGE('',*,*,#7377,.T.);
#7582=EDGE_LOOP('',(#7577,#7579,#7580,#7581));
#7583=FACE_OUTER_BOUND('',#7582,.F.);
#7584=ADVANCED_FACE('',(#7583),#7576,.F.);
#7585=CARTESIAN_POINT('',(-1.82E0,3.43E0,-3.655E0));
#7586=DIRECTION('',(0.E0,0.E0,1.E0));
#7587=DIRECTION('',(1.E0,0.E0,0.E0));
#7588=AXIS2_PLACEMENT_3D('',#7585,#7586,#7587);
#7589=PLANE('',#7588);
#7590=ORIENTED_EDGE('',*,*,#7546,.F.);
#7591=ORIENTED_EDGE('',*,*,#7394,.T.);
#7593=ORIENTED_EDGE('',*,*,#7592,.T.);
#7595=ORIENTED_EDGE('',*,*,#7594,.F.);
#7596=EDGE_LOOP('',(#7590,#7591,#7593,#7595));
#7597=FACE_OUTER_BOUND('',#7596,.F.);
#7598=ADVANCED_FACE('',(#7597),#7589,.F.);
#7599=CARTESIAN_POINT('',(-1.82E0,3.43E0,-3.655E0));
#7600=DIRECTION('',(0.E0,0.E0,1.E0));
#7601=DIRECTION('',(1.E0,0.E0,0.E0));
#7602=AXIS2_PLACEMENT_3D('',#7599,#7600,#7601);
#7603=PLANE('',#7602);
#7605=ORIENTED_EDGE('',*,*,#7604,.F.);
#7606=ORIENTED_EDGE('',*,*,#7407,.T.);
#7608=ORIENTED_EDGE('',*,*,#7607,.T.);
#7610=ORIENTED_EDGE('',*,*,#7609,.F.);
#7611=EDGE_LOOP('',(#7605,#7606,#7608,#7610));
#7612=FACE_OUTER_BOUND('',#7611,.F.);
#7613=ADVANCED_FACE('',(#7612),#7603,.F.);
#7614=CARTESIAN_POINT('',(-1.18E0,3.43E0,-3.655E0));
#7615=DIRECTION('',(1.E0,0.E0,0.E0));
#7616=DIRECTION('',(0.E0,0.E0,-1.E0));
#7617=AXIS2_PLACEMENT_3D('',#7614,#7615,#7616);
#7618=PLANE('',#7617);
#7619=ORIENTED_EDGE('',*,*,#7426,.T.);
#7620=ORIENTED_EDGE('',*,*,#5509,.T.);
#7621=ORIENTED_EDGE('',*,*,#7344,.T.);
#7622=ORIENTED_EDGE('',*,*,#7578,.T.);
#7623=EDGE_LOOP('',(#7619,#7620,#7621,#7622));
#7624=FACE_OUTER_BOUND('',#7623,.F.);
#7625=ADVANCED_FACE('',(#7624),#7618,.F.);
#7626=CARTESIAN_POINT('',(-1.18E0,3.43E0,-3.655E0));
#7627=DIRECTION('',(1.E0,0.E0,0.E0));
#7628=DIRECTION('',(0.E0,0.E0,-1.E0));
#7629=AXIS2_PLACEMENT_3D('',#7626,#7627,#7628);
#7630=PLANE('',#7629);
#7631=ORIENTED_EDGE('',*,*,#7548,.F.);
#7632=ORIENTED_EDGE('',*,*,#7594,.T.);
#7634=ORIENTED_EDGE('',*,*,#7633,.T.);
#7635=ORIENTED_EDGE('',*,*,#5709,.T.);
#7636=EDGE_LOOP('',(#7631,#7632,#7634,#7635));
#7637=FACE_OUTER_BOUND('',#7636,.F.);
#7638=ADVANCED_FACE('',(#7637),#7630,.F.);
#7639=CARTESIAN_POINT('',(-1.18E0,3.43E0,-3.655E0));
#7640=DIRECTION('',(1.E0,0.E0,0.E0));
#7641=DIRECTION('',(0.E0,0.E0,-1.E0));
#7642=AXIS2_PLACEMENT_3D('',#7639,#7640,#7641);
#7643=PLANE('',#7642);
#7644=ORIENTED_EDGE('',*,*,#5713,.T.);
#7646=ORIENTED_EDGE('',*,*,#7645,.F.);
#7647=ORIENTED_EDGE('',*,*,#7609,.T.);
#7649=ORIENTED_EDGE('',*,*,#7648,.T.);
#7650=EDGE_LOOP('',(#7644,#7646,#7647,#7649));
#7651=FACE_OUTER_BOUND('',#7650,.F.);
#7652=ADVANCED_FACE('',(#7651),#7643,.F.);
#7653=CARTESIAN_POINT('',(-1.18E0,3.2E-1,-4.955E0));
#7654=DIRECTION('',(0.E0,1.E0,0.E0));
#7655=DIRECTION('',(0.E0,0.E0,1.E0));
#7656=AXIS2_PLACEMENT_3D('',#7653,#7654,#7655);
#7657=PLANE('',#7656);
#7659=ORIENTED_EDGE('',*,*,#7658,.T.);
#7660=ORIENTED_EDGE('',*,*,#7633,.F.);
#7661=ORIENTED_EDGE('',*,*,#7592,.F.);
#7662=ORIENTED_EDGE('',*,*,#7392,.F.);
#7663=ORIENTED_EDGE('',*,*,#7486,.F.);
#7665=ORIENTED_EDGE('',*,*,#7664,.F.);
#7666=EDGE_LOOP('',(#7659,#7660,#7661,#7662,#7663,#7665));
#7667=FACE_OUTER_BOUND('',#7666,.F.);
#7668=ADVANCED_FACE('',(#7667),#7657,.T.);
#7669=CARTESIAN_POINT('',(-1.18E0,0.E0,0.E0));
#7670=DIRECTION('',(1.E0,0.E0,0.E0));
#7671=DIRECTION('',(0.E0,0.E0,-1.E0));
#7672=AXIS2_PLACEMENT_3D('',#7669,#7670,#7671);
#7673=PLANE('',#7672);
#7674=ORIENTED_EDGE('',*,*,#5596,.T.);
#7675=ORIENTED_EDGE('',*,*,#5511,.T.);
#7676=ORIENTED_EDGE('',*,*,#7424,.F.);
#7678=ORIENTED_EDGE('',*,*,#7677,.F.);
#7680=ORIENTED_EDGE('',*,*,#7679,.F.);
#7682=ORIENTED_EDGE('',*,*,#7681,.F.);
#7684=ORIENTED_EDGE('',*,*,#7683,.F.);
#7686=ORIENTED_EDGE('',*,*,#7685,.F.);
#7688=ORIENTED_EDGE('',*,*,#7687,.F.);
#7690=ORIENTED_EDGE('',*,*,#7689,.F.);
#7691=ORIENTED_EDGE('',*,*,#7550,.F.);
#7692=ORIENTED_EDGE('',*,*,#5707,.T.);
#7693=EDGE_LOOP('',(#7674,#7675,#7676,#7678,#7680,#7682,#7684,#7686,#7688,#7690,
#7691,#7692));
#7694=FACE_OUTER_BOUND('',#7693,.F.);
#7695=ADVANCED_FACE('',(#7694),#7673,.T.);
#7696=CARTESIAN_POINT('',(-1.18E0,0.E0,0.E0));
#7697=DIRECTION('',(1.E0,0.E0,0.E0));
#7698=DIRECTION('',(0.E0,0.E0,-1.E0));
#7699=AXIS2_PLACEMENT_3D('',#7696,#7697,#7698);
#7700=PLANE('',#7699);
#7701=ORIENTED_EDGE('',*,*,#5711,.T.);
#7702=ORIENTED_EDGE('',*,*,#7658,.F.);
#7704=ORIENTED_EDGE('',*,*,#7703,.F.);
#7706=ORIENTED_EDGE('',*,*,#7705,.F.);
#7707=EDGE_LOOP('',(#7701,#7702,#7704,#7706));
#7708=FACE_OUTER_BOUND('',#7707,.F.);
#7709=ADVANCED_FACE('',(#7708),#7700,.T.);
#7710=CARTESIAN_POINT('',(-1.18E0,0.E0,0.E0));
#7711=DIRECTION('',(1.E0,0.E0,0.E0));
#7712=DIRECTION('',(0.E0,0.E0,-1.E0));
#7713=AXIS2_PLACEMENT_3D('',#7710,#7711,#7712);
#7714=PLANE('',#7713);
#7716=ORIENTED_EDGE('',*,*,#7715,.F.);
#7718=ORIENTED_EDGE('',*,*,#7717,.T.);
#7720=ORIENTED_EDGE('',*,*,#7719,.F.);
#7722=ORIENTED_EDGE('',*,*,#7721,.F.);
#7724=ORIENTED_EDGE('',*,*,#7723,.F.);
#7726=ORIENTED_EDGE('',*,*,#7725,.F.);
#7727=EDGE_LOOP('',(#7716,#7718,#7720,#7722,#7724,#7726));
#7728=FACE_OUTER_BOUND('',#7727,.F.);
#7729=ADVANCED_FACE('',(#7728),#7714,.T.);
#7730=CARTESIAN_POINT('',(-1.18E0,0.E0,0.E0));
#7731=DIRECTION('',(1.E0,0.E0,0.E0));
#7732=DIRECTION('',(0.E0,0.E0,-1.E0));
#7733=AXIS2_PLACEMENT_3D('',#7730,#7731,#7732);
#7734=PLANE('',#7733);
#7736=ORIENTED_EDGE('',*,*,#7735,.F.);
#7737=ORIENTED_EDGE('',*,*,#7443,.F.);
#7738=ORIENTED_EDGE('',*,*,#6334,.F.);
#7739=ORIENTED_EDGE('',*,*,#7565,.F.);
#7740=EDGE_LOOP('',(#7736,#7737,#7738,#7739));
#7741=FACE_OUTER_BOUND('',#7740,.F.);
#7742=ADVANCED_FACE('',(#7741),#7734,.T.);
#7743=CARTESIAN_POINT('',(-1.18E0,0.E0,0.E0));
#7744=DIRECTION('',(1.E0,0.E0,0.E0));
#7745=DIRECTION('',(0.E0,0.E0,-1.E0));
#7746=AXIS2_PLACEMENT_3D('',#7743,#7744,#7745);
#7747=PLANE('',#7746);
#7749=ORIENTED_EDGE('',*,*,#7748,.F.);
#7751=ORIENTED_EDGE('',*,*,#7750,.F.);
#7752=ORIENTED_EDGE('',*,*,#6362,.F.);
#7754=ORIENTED_EDGE('',*,*,#7753,.F.);
#7755=EDGE_LOOP('',(#7749,#7751,#7752,#7754));
#7756=FACE_OUTER_BOUND('',#7755,.F.);
#7757=ADVANCED_FACE('',(#7756),#7747,.T.);
#7758=CARTESIAN_POINT('',(-1.18E0,8.2E-1,-6.905E0));
#7759=DIRECTION('',(0.E0,0.E0,-1.E0));
#7760=DIRECTION('',(0.E0,1.E0,0.E0));
#7761=AXIS2_PLACEMENT_3D('',#7758,#7759,#7760);
#7762=PLANE('',#7761);
#7763=ORIENTED_EDGE('',*,*,#7677,.T.);
#7764=ORIENTED_EDGE('',*,*,#7422,.T.);
#7765=ORIENTED_EDGE('',*,*,#7469,.F.);
#7767=ORIENTED_EDGE('',*,*,#7766,.F.);
#7768=EDGE_LOOP('',(#7763,#7764,#7765,#7767));
#7769=FACE_OUTER_BOUND('',#7768,.F.);
#7770=ADVANCED_FACE('',(#7769),#7762,.T.);
#7771=CARTESIAN_POINT('',(-1.18E0,-3.29E0,-8.850161763103E0));
#7772=DIRECTION('',(0.E0,4.277844981127E-1,-9.038807571657E-1));
#7773=DIRECTION('',(0.E0,9.038807571657E-1,4.277844981127E-1));
#7774=AXIS2_PLACEMENT_3D('',#7771,#7772,#7773);
#7775=PLANE('',#7774);
#7776=ORIENTED_EDGE('',*,*,#7679,.T.);
#7777=ORIENTED_EDGE('',*,*,#7766,.T.);
#7778=ORIENTED_EDGE('',*,*,#7467,.F.);
#7780=ORIENTED_EDGE('',*,*,#7779,.F.);
#7781=EDGE_LOOP('',(#7776,#7777,#7778,#7780));
#7782=FACE_OUTER_BOUND('',#7781,.F.);
#7783=ADVANCED_FACE('',(#7782),#7775,.T.);
#7784=CARTESIAN_POINT('',(-1.18E0,-3.29E0,-1.0125E1));
#7785=DIRECTION('',(0.E0,1.E0,0.E0));
#7786=DIRECTION('',(0.E0,0.E0,1.E0));
#7787=AXIS2_PLACEMENT_3D('',#7784,#7785,#7786);
#7788=PLANE('',#7787);
#7789=ORIENTED_EDGE('',*,*,#7681,.T.);
#7790=ORIENTED_EDGE('',*,*,#7779,.T.);
#7791=ORIENTED_EDGE('',*,*,#7465,.F.);
#7793=ORIENTED_EDGE('',*,*,#7792,.F.);
#7794=EDGE_LOOP('',(#7789,#7790,#7791,#7793));
#7795=FACE_OUTER_BOUND('',#7794,.F.);
#7796=ADVANCED_FACE('',(#7795),#7788,.T.);
#7797=CARTESIAN_POINT('',(-1.18E0,-3.61E0,-1.0125E1));
#7798=DIRECTION('',(1.E0,0.E0,0.E0));
#7799=DIRECTION('',(0.E0,0.E0,-1.E0));
#7800=AXIS2_PLACEMENT_3D('',#7797,#7798,#7799);
#7801=CYLINDRICAL_SURFACE('',#7800,3.2E-1);
#7802=ORIENTED_EDGE('',*,*,#7683,.T.);
#7803=ORIENTED_EDGE('',*,*,#7792,.T.);
#7804=ORIENTED_EDGE('',*,*,#7463,.F.);
#7806=ORIENTED_EDGE('',*,*,#7805,.F.);
#7807=EDGE_LOOP('',(#7802,#7803,#7804,#7806));
#7808=FACE_OUTER_BOUND('',#7807,.F.);
#7809=ADVANCED_FACE('',(#7808),#7801,.T.);
#7810=CARTESIAN_POINT('',(-1.18E0,-3.93E0,-8.445E0));
#7811=DIRECTION('',(0.E0,-1.E0,0.E0));
#7812=DIRECTION('',(0.E0,0.E0,-1.E0));
#7813=AXIS2_PLACEMENT_3D('',#7810,#7811,#7812);
#7814=PLANE('',#7813);
#7815=ORIENTED_EDGE('',*,*,#7685,.T.);
#7816=ORIENTED_EDGE('',*,*,#7805,.T.);
#7817=ORIENTED_EDGE('',*,*,#7461,.F.);
#7819=ORIENTED_EDGE('',*,*,#7818,.F.);
#7820=EDGE_LOOP('',(#7815,#7816,#7817,#7819));
#7821=FACE_OUTER_BOUND('',#7820,.F.);
#7822=ADVANCED_FACE('',(#7821),#7814,.T.);
#7823=CARTESIAN_POINT('',(-1.18E0,8.938922490563E-1,-6.161970619905E0));
#7824=DIRECTION('',(0.E0,-4.277844981127E-1,9.038807571657E-1));
#7825=DIRECTION('',(0.E0,-9.038807571657E-1,-4.277844981127E-1));
#7826=AXIS2_PLACEMENT_3D('',#7823,#7824,#7825);
#7827=PLANE('',#7826);
#7828=ORIENTED_EDGE('',*,*,#7687,.T.);
#7829=ORIENTED_EDGE('',*,*,#7818,.T.);
#7830=ORIENTED_EDGE('',*,*,#7459,.F.);
#7832=ORIENTED_EDGE('',*,*,#7831,.F.);
#7833=EDGE_LOOP('',(#7828,#7829,#7830,#7832));
#7834=FACE_OUTER_BOUND('',#7833,.F.);
#7835=ADVANCED_FACE('',(#7834),#7827,.T.);
#7836=CARTESIAN_POINT('',(-1.18E0,6.8E-1,-5.710030241322E0));
#7837=DIRECTION('',(1.E0,0.E0,0.E0));
#7838=DIRECTION('',(0.E0,0.E0,-1.E0));
#7839=AXIS2_PLACEMENT_3D('',#7836,#7837,#7838);
#7840=CYLINDRICAL_SURFACE('',#7839,5.E-1);
#7841=ORIENTED_EDGE('',*,*,#7689,.T.);
#7842=ORIENTED_EDGE('',*,*,#7831,.T.);
#7843=ORIENTED_EDGE('',*,*,#7457,.F.);
#7844=ORIENTED_EDGE('',*,*,#7552,.F.);
#7845=EDGE_LOOP('',(#7841,#7842,#7843,#7844));
#7846=FACE_OUTER_BOUND('',#7845,.F.);
#7847=ADVANCED_FACE('',(#7846),#7840,.F.);
#7848=CARTESIAN_POINT('',(-1.18E0,-3.2E-1,-4.955E0));
#7849=DIRECTION('',(0.E0,0.E0,-1.E0));
#7850=DIRECTION('',(0.E0,1.E0,0.E0));
#7851=AXIS2_PLACEMENT_3D('',#7848,#7849,#7850);
#7852=PLANE('',#7851);
#7853=ORIENTED_EDGE('',*,*,#7703,.T.);
#7854=ORIENTED_EDGE('',*,*,#7664,.T.);
#7855=ORIENTED_EDGE('',*,*,#7484,.F.);
#7857=ORIENTED_EDGE('',*,*,#7856,.F.);
#7858=EDGE_LOOP('',(#7853,#7854,#7855,#7857));
#7859=FACE_OUTER_BOUND('',#7858,.F.);
#7860=ADVANCED_FACE('',(#7859),#7852,.T.);
#7861=CARTESIAN_POINT('',(-1.18E0,-3.2E-1,-3.655E0));
#7862=DIRECTION('',(0.E0,-1.E0,0.E0));
#7863=DIRECTION('',(0.E0,0.E0,-1.E0));
#7864=AXIS2_PLACEMENT_3D('',#7861,#7862,#7863);
#7865=PLANE('',#7864);
#7866=ORIENTED_EDGE('',*,*,#7705,.T.);
#7867=ORIENTED_EDGE('',*,*,#7856,.T.);
#7868=ORIENTED_EDGE('',*,*,#7482,.F.);
#7869=ORIENTED_EDGE('',*,*,#7409,.T.);
#7870=ORIENTED_EDGE('',*,*,#7604,.T.);
#7871=ORIENTED_EDGE('',*,*,#7645,.T.);
#7872=EDGE_LOOP('',(#7866,#7867,#7868,#7869,#7870,#7871));
#7873=FACE_OUTER_BOUND('',#7872,.F.);
#7874=ADVANCED_FACE('',(#7873),#7865,.T.);
#7875=CARTESIAN_POINT('',(-7.825E0,-3.43E0,4.955E0));
#7876=DIRECTION('',(0.E0,-1.E0,0.E0));
#7877=DIRECTION('',(0.E0,0.E0,-1.E0));
#7878=AXIS2_PLACEMENT_3D('',#7875,#7876,#7877);
#7879=PLANE('',#7878);
#7881=ORIENTED_EDGE('',*,*,#7880,.T.);
#7883=ORIENTED_EDGE('',*,*,#7882,.F.);
#7885=ORIENTED_EDGE('',*,*,#7884,.F.);
#7887=ORIENTED_EDGE('',*,*,#7886,.F.);
#7888=ORIENTED_EDGE('',*,*,#6443,.T.);
#7889=ORIENTED_EDGE('',*,*,#7039,.F.);
#7891=ORIENTED_EDGE('',*,*,#7890,.T.);
#7893=ORIENTED_EDGE('',*,*,#7892,.T.);
#7895=ORIENTED_EDGE('',*,*,#7894,.T.);
#7897=ORIENTED_EDGE('',*,*,#7896,.F.);
#7899=ORIENTED_EDGE('',*,*,#7898,.T.);
#7901=ORIENTED_EDGE('',*,*,#7900,.T.);
#7903=ORIENTED_EDGE('',*,*,#7902,.T.);
#7905=ORIENTED_EDGE('',*,*,#7904,.T.);
#7907=ORIENTED_EDGE('',*,*,#7906,.F.);
#7909=ORIENTED_EDGE('',*,*,#7908,.F.);
#7911=ORIENTED_EDGE('',*,*,#7910,.T.);
#7913=ORIENTED_EDGE('',*,*,#7912,.T.);
#7915=ORIENTED_EDGE('',*,*,#7914,.F.);
#7917=ORIENTED_EDGE('',*,*,#7916,.F.);
#7919=ORIENTED_EDGE('',*,*,#7918,.T.);
#7920=ORIENTED_EDGE('',*,*,#7715,.T.);
#7922=ORIENTED_EDGE('',*,*,#7921,.F.);
#7923=ORIENTED_EDGE('',*,*,#7496,.F.);
#7925=ORIENTED_EDGE('',*,*,#7924,.T.);
#7926=ORIENTED_EDGE('',*,*,#5883,.T.);
#7928=ORIENTED_EDGE('',*,*,#7927,.F.);
#7929=ORIENTED_EDGE('',*,*,#5987,.F.);
#7931=ORIENTED_EDGE('',*,*,#7930,.T.);
#7933=ORIENTED_EDGE('',*,*,#7932,.F.);
#7935=ORIENTED_EDGE('',*,*,#7934,.F.);
#7937=ORIENTED_EDGE('',*,*,#7936,.T.);
#7938=EDGE_LOOP('',(#7881,#7883,#7885,#7887,#7888,#7889,#7891,#7893,#7895,#7897,
#7899,#7901,#7903,#7905,#7907,#7909,#7911,#7913,#7915,#7917,#7919,#7920,#7922,
#7923,#7925,#7926,#7928,#7929,#7931,#7933,#7935,#7937));
#7939=FACE_OUTER_BOUND('',#7938,.F.);
#7941=ORIENTED_EDGE('',*,*,#7940,.F.);
#7943=ORIENTED_EDGE('',*,*,#7942,.F.);
#7945=ORIENTED_EDGE('',*,*,#7944,.T.);
#7947=ORIENTED_EDGE('',*,*,#7946,.T.);
#7948=EDGE_LOOP('',(#7941,#7943,#7945,#7947));
#7949=FACE_BOUND('',#7948,.F.);
#7951=ORIENTED_EDGE('',*,*,#7950,.T.);
#7953=ORIENTED_EDGE('',*,*,#7952,.T.);
#7955=ORIENTED_EDGE('',*,*,#7954,.F.);
#7957=ORIENTED_EDGE('',*,*,#7956,.F.);
#7958=EDGE_LOOP('',(#7951,#7953,#7955,#7957));
#7959=FACE_BOUND('',#7958,.F.);
#7961=ORIENTED_EDGE('',*,*,#7960,.T.);
#7963=ORIENTED_EDGE('',*,*,#7962,.T.);
#7965=ORIENTED_EDGE('',*,*,#7964,.F.);
#7967=ORIENTED_EDGE('',*,*,#7966,.F.);
#7968=EDGE_LOOP('',(#7961,#7963,#7965,#7967));
#7969=FACE_BOUND('',#7968,.F.);
#7971=ORIENTED_EDGE('',*,*,#7970,.F.);
#7973=ORIENTED_EDGE('',*,*,#7972,.F.);
#7975=ORIENTED_EDGE('',*,*,#7974,.T.);
#7977=ORIENTED_EDGE('',*,*,#7976,.T.);
#7978=EDGE_LOOP('',(#7971,#7973,#7975,#7977));
#7979=FACE_BOUND('',#7978,.F.);
#7980=ADVANCED_FACE('',(#7939,#7949,#7959,#7969,#7979),#7879,.T.);
#7981=CARTESIAN_POINT('',(7.825E0,2.68E0,3.305E0));
#7982=DIRECTION('',(0.E0,0.E0,1.E0));
#7983=DIRECTION('',(1.E0,0.E0,0.E0));
#7984=AXIS2_PLACEMENT_3D('',#7981,#7982,#7983);
#7985=PLANE('',#7984);
#7986=ORIENTED_EDGE('',*,*,#7970,.T.);
#7988=ORIENTED_EDGE('',*,*,#7987,.F.);
#7990=ORIENTED_EDGE('',*,*,#7989,.F.);
#7992=ORIENTED_EDGE('',*,*,#7991,.F.);
#7993=EDGE_LOOP('',(#7986,#7988,#7990,#7992));
#7994=FACE_OUTER_BOUND('',#7993,.F.);
#7995=ADVANCED_FACE('',(#7994),#7985,.T.);
#7996=CARTESIAN_POINT('',(7.825E0,2.68E0,3.305E0));
#7997=DIRECTION('',(0.E0,0.E0,1.E0));
#7998=DIRECTION('',(1.E0,0.E0,0.E0));
#7999=AXIS2_PLACEMENT_3D('',#7996,#7997,#7998);
#8000=PLANE('',#7999);
#8001=ORIENTED_EDGE('',*,*,#7940,.T.);
#8003=ORIENTED_EDGE('',*,*,#8002,.F.);
#8005=ORIENTED_EDGE('',*,*,#8004,.F.);
#8007=ORIENTED_EDGE('',*,*,#8006,.F.);
#8008=EDGE_LOOP('',(#8001,#8003,#8005,#8007));
#8009=FACE_OUTER_BOUND('',#8008,.F.);
#8010=ADVANCED_FACE('',(#8009),#8000,.T.);
#8011=CARTESIAN_POINT('',(-2.85E0,-3.93E0,3.305E0));
#8012=DIRECTION('',(1.E0,0.E0,0.E0));
#8013=DIRECTION('',(0.E0,1.E0,0.E0));
#8014=AXIS2_PLACEMENT_3D('',#8011,#8012,#8013);
#8015=PLANE('',#8014);
#8016=ORIENTED_EDGE('',*,*,#7976,.F.);
#8018=ORIENTED_EDGE('',*,*,#8017,.F.);
#8020=ORIENTED_EDGE('',*,*,#8019,.F.);
#8021=ORIENTED_EDGE('',*,*,#7987,.T.);
#8022=EDGE_LOOP('',(#8016,#8018,#8020,#8021));
#8023=FACE_OUTER_BOUND('',#8022,.F.);
#8024=ADVANCED_FACE('',(#8023),#8015,.T.);
#8025=CARTESIAN_POINT('',(-7.825E0,-3.43E0,-3.355E0));
#8026=DIRECTION('',(0.E0,0.E0,1.E0));
#8027=DIRECTION('',(0.E0,-1.E0,0.E0));
#8028=AXIS2_PLACEMENT_3D('',#8025,#8026,#8027);
#8029=PLANE('',#8028);
#8030=ORIENTED_EDGE('',*,*,#7974,.F.);
#8032=ORIENTED_EDGE('',*,*,#8031,.T.);
#8034=ORIENTED_EDGE('',*,*,#8033,.T.);
#8035=ORIENTED_EDGE('',*,*,#8017,.T.);
#8036=EDGE_LOOP('',(#8030,#8032,#8034,#8035));
#8037=FACE_OUTER_BOUND('',#8036,.F.);
#8038=ADVANCED_FACE('',(#8037),#8029,.F.);
#8039=CARTESIAN_POINT('',(-7.825E0,-3.43E0,-3.355E0));
#8040=DIRECTION('',(0.E0,0.E0,1.E0));
#8041=DIRECTION('',(0.E0,-1.E0,0.E0));
#8042=AXIS2_PLACEMENT_3D('',#8039,#8040,#8041);
#8043=PLANE('',#8042);
#8044=ORIENTED_EDGE('',*,*,#7944,.F.);
#8046=ORIENTED_EDGE('',*,*,#8045,.T.);
#8048=ORIENTED_EDGE('',*,*,#8047,.T.);
#8050=ORIENTED_EDGE('',*,*,#8049,.T.);
#8051=EDGE_LOOP('',(#8044,#8046,#8048,#8050));
#8052=FACE_OUTER_BOUND('',#8051,.F.);
#8053=ADVANCED_FACE('',(#8052),#8043,.F.);
#8054=CARTESIAN_POINT('',(-3.85E0,-3.43E0,3.305E0));
#8055=DIRECTION('',(-1.E0,0.E0,0.E0));
#8056=DIRECTION('',(0.E0,-1.E0,0.E0));
#8057=AXIS2_PLACEMENT_3D('',#8054,#8055,#8056);
#8058=PLANE('',#8057);
#8059=ORIENTED_EDGE('',*,*,#7972,.T.);
#8060=ORIENTED_EDGE('',*,*,#7991,.T.);
#8062=ORIENTED_EDGE('',*,*,#8061,.T.);
#8063=ORIENTED_EDGE('',*,*,#8031,.F.);
#8064=EDGE_LOOP('',(#8059,#8060,#8062,#8063));
#8065=FACE_OUTER_BOUND('',#8064,.F.);
#8066=ADVANCED_FACE('',(#8065),#8058,.T.);
#8067=CARTESIAN_POINT('',(-3.85E0,-3.93E0,3.305E0));
#8068=DIRECTION('',(0.E0,-1.E0,0.E0));
#8069=DIRECTION('',(1.E0,0.E0,0.E0));
#8070=AXIS2_PLACEMENT_3D('',#8067,#8068,#8069);
#8071=PLANE('',#8070);
#8072=ORIENTED_EDGE('',*,*,#7989,.T.);
#8073=ORIENTED_EDGE('',*,*,#8019,.T.);
#8074=ORIENTED_EDGE('',*,*,#8033,.F.);
#8075=ORIENTED_EDGE('',*,*,#8061,.F.);
#8076=EDGE_LOOP('',(#8072,#8073,#8074,#8075));
#8077=FACE_OUTER_BOUND('',#8076,.F.);
#8078=ADVANCED_FACE('',(#8077),#8071,.T.);
#8079=CARTESIAN_POINT('',(2.85E0,-3.43E0,3.305E0));
#8080=DIRECTION('',(-1.E0,0.E0,0.E0));
#8081=DIRECTION('',(0.E0,-1.E0,0.E0));
#8082=AXIS2_PLACEMENT_3D('',#8079,#8080,#8081);
#8083=PLANE('',#8082);
#8084=ORIENTED_EDGE('',*,*,#7942,.T.);
#8085=ORIENTED_EDGE('',*,*,#8006,.T.);
#8087=ORIENTED_EDGE('',*,*,#8086,.T.);
#8088=ORIENTED_EDGE('',*,*,#8045,.F.);
#8089=EDGE_LOOP('',(#8084,#8085,#8087,#8088));
#8090=FACE_OUTER_BOUND('',#8089,.F.);
#8091=ADVANCED_FACE('',(#8090),#8083,.T.);
#8092=CARTESIAN_POINT('',(2.85E0,-3.93E0,3.305E0));
#8093=DIRECTION('',(0.E0,-1.E0,0.E0));
#8094=DIRECTION('',(1.E0,0.E0,0.E0));
#8095=AXIS2_PLACEMENT_3D('',#8092,#8093,#8094);
#8096=PLANE('',#8095);
#8097=ORIENTED_EDGE('',*,*,#8004,.T.);
#8099=ORIENTED_EDGE('',*,*,#8098,.T.);
#8100=ORIENTED_EDGE('',*,*,#8047,.F.);
#8101=ORIENTED_EDGE('',*,*,#8086,.F.);
#8102=EDGE_LOOP('',(#8097,#8099,#8100,#8101));
#8103=FACE_OUTER_BOUND('',#8102,.F.);
#8104=ADVANCED_FACE('',(#8103),#8096,.T.);
#8105=CARTESIAN_POINT('',(3.85E0,-3.93E0,3.305E0));
#8106=DIRECTION('',(1.E0,0.E0,0.E0));
#8107=DIRECTION('',(0.E0,1.E0,0.E0));
#8108=AXIS2_PLACEMENT_3D('',#8105,#8106,#8107);
#8109=PLANE('',#8108);
#8110=ORIENTED_EDGE('',*,*,#7946,.F.);
#8111=ORIENTED_EDGE('',*,*,#8049,.F.);
#8112=ORIENTED_EDGE('',*,*,#8098,.F.);
#8113=ORIENTED_EDGE('',*,*,#8002,.T.);
#8114=EDGE_LOOP('',(#8110,#8111,#8112,#8113));
#8115=FACE_OUTER_BOUND('',#8114,.F.);
#8116=ADVANCED_FACE('',(#8115),#8109,.T.);
#8117=CARTESIAN_POINT('',(-7.825E0,0.E0,-2.8E-1));
#8118=DIRECTION('',(0.E0,0.E0,1.E0));
#8119=DIRECTION('',(1.E0,0.E0,0.E0));
#8120=AXIS2_PLACEMENT_3D('',#8117,#8118,#8119);
#8121=PLANE('',#8120);
#8122=ORIENTED_EDGE('',*,*,#7950,.F.);
#8124=ORIENTED_EDGE('',*,*,#8123,.T.);
#8126=ORIENTED_EDGE('',*,*,#8125,.T.);
#8128=ORIENTED_EDGE('',*,*,#8127,.T.);
#8130=ORIENTED_EDGE('',*,*,#8129,.T.);
#8132=ORIENTED_EDGE('',*,*,#8131,.T.);
#8134=ORIENTED_EDGE('',*,*,#8133,.T.);
#8136=ORIENTED_EDGE('',*,*,#8135,.T.);
#8137=EDGE_LOOP('',(#8122,#8124,#8126,#8128,#8130,#8132,#8134,#8136));
#8138=FACE_OUTER_BOUND('',#8137,.F.);
#8139=ADVANCED_FACE('',(#8138),#8121,.F.);
#8140=CARTESIAN_POINT('',(-7.825E0,0.E0,-2.8E-1));
#8141=DIRECTION('',(0.E0,0.E0,1.E0));
#8142=DIRECTION('',(1.E0,0.E0,0.E0));
#8143=AXIS2_PLACEMENT_3D('',#8140,#8141,#8142);
#8144=PLANE('',#8143);
#8145=ORIENTED_EDGE('',*,*,#7960,.F.);
#8147=ORIENTED_EDGE('',*,*,#8146,.T.);
#8149=ORIENTED_EDGE('',*,*,#8148,.T.);
#8151=ORIENTED_EDGE('',*,*,#8150,.T.);
#8153=ORIENTED_EDGE('',*,*,#8152,.T.);
#8155=ORIENTED_EDGE('',*,*,#8154,.T.);
#8157=ORIENTED_EDGE('',*,*,#8156,.T.);
#8159=ORIENTED_EDGE('',*,*,#8158,.T.);
#8160=EDGE_LOOP('',(#8145,#8147,#8149,#8151,#8153,#8155,#8157,#8159));
#8161=FACE_OUTER_BOUND('',#8160,.F.);
#8162=ADVANCED_FACE('',(#8161),#8144,.F.);
#8163=CARTESIAN_POINT('',(-6.775E0,-3.43E0,-2.8E-1));
#8164=DIRECTION('',(-1.E0,0.E0,0.E0));
#8165=DIRECTION('',(0.E0,-1.E0,0.E0));
#8166=AXIS2_PLACEMENT_3D('',#8163,#8164,#8165);
#8167=PLANE('',#8166);
#8168=ORIENTED_EDGE('',*,*,#7956,.T.);
#8170=ORIENTED_EDGE('',*,*,#8169,.T.);
#8172=ORIENTED_EDGE('',*,*,#8171,.F.);
#8173=ORIENTED_EDGE('',*,*,#8123,.F.);
#8174=EDGE_LOOP('',(#8168,#8170,#8172,#8173));
#8175=FACE_OUTER_BOUND('',#8174,.F.);
#8176=ADVANCED_FACE('',(#8175),#8167,.T.);
#8177=CARTESIAN_POINT('',(-7.825E0,0.E0,9.9E-1));
#8178=DIRECTION('',(0.E0,0.E0,1.E0));
#8179=DIRECTION('',(1.E0,0.E0,0.E0));
#8180=AXIS2_PLACEMENT_3D('',#8177,#8178,#8179);
#8181=PLANE('',#8180);
#8182=ORIENTED_EDGE('',*,*,#7954,.T.);
#8184=ORIENTED_EDGE('',*,*,#8183,.F.);
#8186=ORIENTED_EDGE('',*,*,#8185,.F.);
#8188=ORIENTED_EDGE('',*,*,#8187,.F.);
#8190=ORIENTED_EDGE('',*,*,#8189,.F.);
#8192=ORIENTED_EDGE('',*,*,#8191,.F.);
#8194=ORIENTED_EDGE('',*,*,#8193,.F.);
#8195=ORIENTED_EDGE('',*,*,#8169,.F.);
#8196=EDGE_LOOP('',(#8182,#8184,#8186,#8188,#8190,#8192,#8194,#8195));
#8197=FACE_OUTER_BOUND('',#8196,.F.);
#8198=ADVANCED_FACE('',(#8197),#8181,.T.);
#8199=CARTESIAN_POINT('',(-7.825E0,0.E0,9.9E-1));
#8200=DIRECTION('',(0.E0,0.E0,1.E0));
#8201=DIRECTION('',(1.E0,0.E0,0.E0));
#8202=AXIS2_PLACEMENT_3D('',#8199,#8200,#8201);
#8203=PLANE('',#8202);
#8204=ORIENTED_EDGE('',*,*,#7964,.T.);
#8206=ORIENTED_EDGE('',*,*,#8205,.F.);
#8208=ORIENTED_EDGE('',*,*,#8207,.F.);
#8210=ORIENTED_EDGE('',*,*,#8209,.F.);
#8212=ORIENTED_EDGE('',*,*,#8211,.F.);
#8214=ORIENTED_EDGE('',*,*,#8213,.F.);
#8216=ORIENTED_EDGE('',*,*,#8215,.F.);
#8218=ORIENTED_EDGE('',*,*,#8217,.F.);
#8219=EDGE_LOOP('',(#8204,#8206,#8208,#8210,#8212,#8214,#8216,#8218));
#8220=FACE_OUTER_BOUND('',#8219,.F.);
#8221=ADVANCED_FACE('',(#8220),#8203,.T.);
#8222=CARTESIAN_POINT('',(-6.425E0,-3.49E0,-2.8E-1));
#8223=DIRECTION('',(1.E0,0.E0,0.E0));
#8224=DIRECTION('',(0.E0,1.E0,0.E0));
#8225=AXIS2_PLACEMENT_3D('',#8222,#8223,#8224);
#8226=PLANE('',#8225);
#8227=ORIENTED_EDGE('',*,*,#7952,.F.);
#8228=ORIENTED_EDGE('',*,*,#8135,.F.);
#8230=ORIENTED_EDGE('',*,*,#8229,.T.);
#8231=ORIENTED_EDGE('',*,*,#8183,.T.);
#8232=EDGE_LOOP('',(#8227,#8228,#8230,#8231));
#8233=FACE_OUTER_BOUND('',#8232,.F.);
#8234=ADVANCED_FACE('',(#8233),#8226,.T.);
#8235=CARTESIAN_POINT('',(-6.875E0,-3.49E0,-2.8E-1));
#8236=DIRECTION('',(0.E0,0.E0,1.E0));
#8237=DIRECTION('',(1.E0,0.E0,0.E0));
#8238=AXIS2_PLACEMENT_3D('',#8235,#8236,#8237);
#8239=CYLINDRICAL_SURFACE('',#8238,4.5E-1);
#8240=ORIENTED_EDGE('',*,*,#8133,.F.);
#8242=ORIENTED_EDGE('',*,*,#8241,.T.);
#8243=ORIENTED_EDGE('',*,*,#8185,.T.);
#8244=ORIENTED_EDGE('',*,*,#8229,.F.);
#8245=EDGE_LOOP('',(#8240,#8242,#8243,#8244));
#8246=FACE_OUTER_BOUND('',#8245,.F.);
#8247=ADVANCED_FACE('',(#8246),#8239,.T.);
#8248=CARTESIAN_POINT('',(-9.825E0,-3.94E0,-2.8E-1));
#8249=DIRECTION('',(0.E0,-1.E0,0.E0));
#8250=DIRECTION('',(1.E0,0.E0,0.E0));
#8251=AXIS2_PLACEMENT_3D('',#8248,#8249,#8250);
#8252=PLANE('',#8251);
#8253=ORIENTED_EDGE('',*,*,#8131,.F.);
#8255=ORIENTED_EDGE('',*,*,#8254,.T.);
#8256=ORIENTED_EDGE('',*,*,#8187,.T.);
#8257=ORIENTED_EDGE('',*,*,#8241,.F.);
#8258=EDGE_LOOP('',(#8253,#8255,#8256,#8257));
#8259=FACE_OUTER_BOUND('',#8258,.F.);
#8260=ADVANCED_FACE('',(#8259),#8252,.T.);
#8261=CARTESIAN_POINT('',(-9.825E0,-3.59E0,-2.8E-1));
#8262=DIRECTION('',(-1.E0,-1.078502366779E-14,0.E0));
#8263=DIRECTION('',(1.078502366779E-14,-1.E0,0.E0));
#8264=AXIS2_PLACEMENT_3D('',#8261,#8262,#8263);
#8265=PLANE('',#8264);
#8266=ORIENTED_EDGE('',*,*,#8129,.F.);
#8268=ORIENTED_EDGE('',*,*,#8267,.T.);
#8269=ORIENTED_EDGE('',*,*,#8189,.T.);
#8270=ORIENTED_EDGE('',*,*,#8254,.F.);
#8271=EDGE_LOOP('',(#8266,#8268,#8269,#8270));
#8272=FACE_OUTER_BOUND('',#8271,.F.);
#8273=ADVANCED_FACE('',(#8272),#8265,.T.);
#8274=CARTESIAN_POINT('',(-6.875E0,-3.59E0,-2.8E-1));
#8275=DIRECTION('',(-1.640871995717E-14,1.E0,0.E0));
#8276=DIRECTION('',(-1.E0,-1.640871995717E-14,0.E0));
#8277=AXIS2_PLACEMENT_3D('',#8274,#8275,#8276);
#8278=PLANE('',#8277);
#8279=ORIENTED_EDGE('',*,*,#8127,.F.);
#8281=ORIENTED_EDGE('',*,*,#8280,.T.);
#8282=ORIENTED_EDGE('',*,*,#8191,.T.);
#8283=ORIENTED_EDGE('',*,*,#8267,.F.);
#8284=EDGE_LOOP('',(#8279,#8281,#8282,#8283));
#8285=FACE_OUTER_BOUND('',#8284,.F.);
#8286=ADVANCED_FACE('',(#8285),#8278,.T.);
#8287=CARTESIAN_POINT('',(-6.875E0,-3.49E0,-2.8E-1));
#8288=DIRECTION('',(0.E0,0.E0,1.E0));
#8289=DIRECTION('',(1.E0,0.E0,0.E0));
#8290=AXIS2_PLACEMENT_3D('',#8287,#8288,#8289);
#8291=CYLINDRICAL_SURFACE('',#8290,1.E-1);
#8292=ORIENTED_EDGE('',*,*,#8125,.F.);
#8293=ORIENTED_EDGE('',*,*,#8171,.T.);
#8294=ORIENTED_EDGE('',*,*,#8193,.T.);
#8295=ORIENTED_EDGE('',*,*,#8280,.F.);
#8296=EDGE_LOOP('',(#8292,#8293,#8294,#8295));
#8297=FACE_OUTER_BOUND('',#8296,.F.);
#8298=ADVANCED_FACE('',(#8297),#8291,.F.);
#8299=CARTESIAN_POINT('',(6.775E0,-3.49E0,-2.8E-1));
#8300=DIRECTION('',(1.E0,0.E0,0.E0));
#8301=DIRECTION('',(0.E0,1.E0,0.E0));
#8302=AXIS2_PLACEMENT_3D('',#8299,#8300,#8301);
#8303=PLANE('',#8302);
#8304=ORIENTED_EDGE('',*,*,#7962,.F.);
#8305=ORIENTED_EDGE('',*,*,#8158,.F.);
#8307=ORIENTED_EDGE('',*,*,#8306,.T.);
#8308=ORIENTED_EDGE('',*,*,#8205,.T.);
#8309=EDGE_LOOP('',(#8304,#8305,#8307,#8308));
#8310=FACE_OUTER_BOUND('',#8309,.F.);
#8311=ADVANCED_FACE('',(#8310),#8303,.T.);
#8312=CARTESIAN_POINT('',(6.875E0,-3.49E0,-2.8E-1));
#8313=DIRECTION('',(0.E0,0.E0,1.E0));
#8314=DIRECTION('',(1.E0,0.E0,0.E0));
#8315=AXIS2_PLACEMENT_3D('',#8312,#8313,#8314);
#8316=CYLINDRICAL_SURFACE('',#8315,1.E-1);
#8317=ORIENTED_EDGE('',*,*,#8156,.F.);
#8319=ORIENTED_EDGE('',*,*,#8318,.T.);
#8320=ORIENTED_EDGE('',*,*,#8207,.T.);
#8321=ORIENTED_EDGE('',*,*,#8306,.F.);
#8322=EDGE_LOOP('',(#8317,#8319,#8320,#8321));
#8323=FACE_OUTER_BOUND('',#8322,.F.);
#8324=ADVANCED_FACE('',(#8323),#8316,.F.);
#8325=CARTESIAN_POINT('',(9.825E0,-3.59E0,-2.8E-1));
#8326=DIRECTION('',(1.640871995717E-14,1.E0,0.E0));
#8327=DIRECTION('',(-1.E0,1.640871995717E-14,0.E0));
#8328=AXIS2_PLACEMENT_3D('',#8325,#8326,#8327);
#8329=PLANE('',#8328);
#8330=ORIENTED_EDGE('',*,*,#8154,.F.);
#8332=ORIENTED_EDGE('',*,*,#8331,.T.);
#8333=ORIENTED_EDGE('',*,*,#8209,.T.);
#8334=ORIENTED_EDGE('',*,*,#8318,.F.);
#8335=EDGE_LOOP('',(#8330,#8332,#8333,#8334));
#8336=FACE_OUTER_BOUND('',#8335,.F.);
#8337=ADVANCED_FACE('',(#8336),#8329,.T.);
#8338=CARTESIAN_POINT('',(9.825E0,-3.94E0,-2.8E-1));
#8339=DIRECTION('',(1.E0,-6.090366306516E-14,0.E0));
#8340=DIRECTION('',(6.090366306516E-14,1.E0,0.E0));
#8341=AXIS2_PLACEMENT_3D('',#8338,#8339,#8340);
#8342=PLANE('',#8341);
#8343=ORIENTED_EDGE('',*,*,#8152,.F.);
#8345=ORIENTED_EDGE('',*,*,#8344,.T.);
#8346=ORIENTED_EDGE('',*,*,#8211,.T.);
#8347=ORIENTED_EDGE('',*,*,#8331,.F.);
#8348=EDGE_LOOP('',(#8343,#8345,#8346,#8347));
#8349=FACE_OUTER_BOUND('',#8348,.F.);
#8350=ADVANCED_FACE('',(#8349),#8342,.T.);
#8351=CARTESIAN_POINT('',(6.875E0,-3.94E0,-2.8E-1));
#8352=DIRECTION('',(0.E0,-1.E0,0.E0));
#8353=DIRECTION('',(1.E0,0.E0,0.E0));
#8354=AXIS2_PLACEMENT_3D('',#8351,#8352,#8353);
#8355=PLANE('',#8354);
#8356=ORIENTED_EDGE('',*,*,#8150,.F.);
#8358=ORIENTED_EDGE('',*,*,#8357,.T.);
#8359=ORIENTED_EDGE('',*,*,#8213,.T.);
#8360=ORIENTED_EDGE('',*,*,#8344,.F.);
#8361=EDGE_LOOP('',(#8356,#8358,#8359,#8360));
#8362=FACE_OUTER_BOUND('',#8361,.F.);
#8363=ADVANCED_FACE('',(#8362),#8355,.T.);
#8364=CARTESIAN_POINT('',(6.875E0,-3.49E0,-2.8E-1));
#8365=DIRECTION('',(0.E0,0.E0,1.E0));
#8366=DIRECTION('',(1.E0,0.E0,0.E0));
#8367=AXIS2_PLACEMENT_3D('',#8364,#8365,#8366);
#8368=CYLINDRICAL_SURFACE('',#8367,4.5E-1);
#8369=ORIENTED_EDGE('',*,*,#8148,.F.);
#8371=ORIENTED_EDGE('',*,*,#8370,.T.);
#8372=ORIENTED_EDGE('',*,*,#8215,.T.);
#8373=ORIENTED_EDGE('',*,*,#8357,.F.);
#8374=EDGE_LOOP('',(#8369,#8371,#8372,#8373));
#8375=FACE_OUTER_BOUND('',#8374,.F.);
#8376=ADVANCED_FACE('',(#8375),#8368,.T.);
#8377=CARTESIAN_POINT('',(6.425E0,-3.43E0,-2.8E-1));
#8378=DIRECTION('',(-1.E0,0.E0,0.E0));
#8379=DIRECTION('',(0.E0,-1.E0,0.E0));
#8380=AXIS2_PLACEMENT_3D('',#8377,#8378,#8379);
#8381=PLANE('',#8380);
#8382=ORIENTED_EDGE('',*,*,#7966,.T.);
#8383=ORIENTED_EDGE('',*,*,#8217,.T.);
#8384=ORIENTED_EDGE('',*,*,#8370,.F.);
#8385=ORIENTED_EDGE('',*,*,#8146,.F.);
#8386=EDGE_LOOP('',(#8382,#8383,#8384,#8385));
#8387=FACE_OUTER_BOUND('',#8386,.F.);
#8388=ADVANCED_FACE('',(#8387),#8381,.T.);
#8389=CARTESIAN_POINT('',(-6.974428104193E0,-3.41E0,-3.2271176E1));
#8390=DIRECTION('',(0.E0,0.E0,1.E0));
#8391=DIRECTION('',(0.E0,-1.E0,0.E0));
#8392=AXIS2_PLACEMENT_3D('',#8389,#8390,#8391);
#8393=CYLINDRICAL_SURFACE('',#8392,3.5E-1);
#8395=ORIENTED_EDGE('',*,*,#8394,.T.);
#8396=ORIENTED_EDGE('',*,*,#7880,.F.);
#8398=ORIENTED_EDGE('',*,*,#8397,.T.);
#8400=ORIENTED_EDGE('',*,*,#8399,.T.);
#8401=EDGE_LOOP('',(#8395,#8396,#8398,#8400));
#8402=FACE_OUTER_BOUND('',#8401,.F.);
#8403=ADVANCED_FACE('',(#8402),#8393,.T.);
#8404=CARTESIAN_POINT('',(-6.625E0,-3.43E0,-2.435E0));
#8405=DIRECTION('',(0.E0,0.E0,1.E0));
#8406=DIRECTION('',(-1.E0,0.E0,0.E0));
#8407=AXIS2_PLACEMENT_3D('',#8404,#8405,#8406);
#8408=PLANE('',#8407);
#8410=ORIENTED_EDGE('',*,*,#8409,.T.);
#8412=ORIENTED_EDGE('',*,*,#8411,.F.);
#8414=ORIENTED_EDGE('',*,*,#8413,.F.);
#8415=ORIENTED_EDGE('',*,*,#7882,.T.);
#8416=ORIENTED_EDGE('',*,*,#8394,.F.);
#8417=EDGE_LOOP('',(#8410,#8412,#8414,#8415,#8416));
#8418=FACE_OUTER_BOUND('',#8417,.F.);
#8419=ADVANCED_FACE('',(#8418),#8408,.T.);
#8420=CARTESIAN_POINT('',(-7.825E0,-3.76E0,0.E0));
#8421=DIRECTION('',(0.E0,-1.E0,0.E0));
#8422=DIRECTION('',(-1.E0,0.E0,0.E0));
#8423=AXIS2_PLACEMENT_3D('',#8420,#8421,#8422);
#8424=PLANE('',#8423);
#8425=ORIENTED_EDGE('',*,*,#8409,.F.);
#8426=ORIENTED_EDGE('',*,*,#8399,.F.);
#8428=ORIENTED_EDGE('',*,*,#8427,.F.);
#8430=ORIENTED_EDGE('',*,*,#8429,.F.);
#8431=EDGE_LOOP('',(#8425,#8426,#8428,#8430));
#8432=FACE_OUTER_BOUND('',#8431,.F.);
#8433=ADVANCED_FACE('',(#8432),#8424,.T.);
#8434=CARTESIAN_POINT('',(-7.825E0,-3.76E0,0.E0));
#8435=DIRECTION('',(0.E0,-1.E0,0.E0));
#8436=DIRECTION('',(-1.E0,0.E0,0.E0));
#8437=AXIS2_PLACEMENT_3D('',#8434,#8435,#8436);
#8438=PLANE('',#8437);
#8440=ORIENTED_EDGE('',*,*,#8439,.F.);
#8442=ORIENTED_EDGE('',*,*,#8441,.F.);
#8444=ORIENTED_EDGE('',*,*,#8443,.F.);
#8446=ORIENTED_EDGE('',*,*,#8445,.F.);
#8447=EDGE_LOOP('',(#8440,#8442,#8444,#8446));
#8448=FACE_OUTER_BOUND('',#8447,.F.);
#8449=ADVANCED_FACE('',(#8448),#8438,.T.);
#8450=CARTESIAN_POINT('',(-7.735E0,-3.43E0,-3.075E0));
#8451=DIRECTION('',(0.E0,0.E0,-1.E0));
#8452=DIRECTION('',(1.E0,0.E0,0.E0));
#8453=AXIS2_PLACEMENT_3D('',#8450,#8451,#8452);
#8454=PLANE('',#8453);
#8455=ORIENTED_EDGE('',*,*,#8427,.T.);
#8456=ORIENTED_EDGE('',*,*,#8397,.F.);
#8457=ORIENTED_EDGE('',*,*,#7936,.F.);
#8459=ORIENTED_EDGE('',*,*,#8458,.F.);
#8461=ORIENTED_EDGE('',*,*,#8460,.T.);
#8462=EDGE_LOOP('',(#8455,#8456,#8457,#8459,#8461));
#8463=FACE_OUTER_BOUND('',#8462,.F.);
#8464=ADVANCED_FACE('',(#8463),#8454,.T.);
#8465=CARTESIAN_POINT('',(-7.825E0,-3.43E0,0.E0));
#8466=DIRECTION('',(0.E0,-1.E0,0.E0));
#8467=DIRECTION('',(-1.E0,0.E0,0.E0));
#8468=AXIS2_PLACEMENT_3D('',#8465,#8466,#8467);
#8469=PLANE('',#8468);
#8471=ORIENTED_EDGE('',*,*,#8470,.F.);
#8472=ORIENTED_EDGE('',*,*,#8413,.T.);
#8474=ORIENTED_EDGE('',*,*,#8473,.T.);
#8475=ORIENTED_EDGE('',*,*,#8458,.T.);
#8476=EDGE_LOOP('',(#8471,#8472,#8474,#8475));
#8477=FACE_OUTER_BOUND('',#8476,.F.);
#8478=ADVANCED_FACE('',(#8477),#8469,.F.);
#8479=CARTESIAN_POINT('',(-7.825E0,-3.43E0,0.E0));
#8480=DIRECTION('',(0.E0,-1.E0,0.E0));
#8481=DIRECTION('',(-1.E0,0.E0,0.E0));
#8482=AXIS2_PLACEMENT_3D('',#8479,#8480,#8481);
#8483=PLANE('',#8482);
#8485=ORIENTED_EDGE('',*,*,#8484,.T.);
#8487=ORIENTED_EDGE('',*,*,#8486,.T.);
#8489=ORIENTED_EDGE('',*,*,#8488,.T.);
#8491=ORIENTED_EDGE('',*,*,#8490,.T.);
#8492=EDGE_LOOP('',(#8485,#8487,#8489,#8491));
#8493=FACE_OUTER_BOUND('',#8492,.F.);
#8494=ADVANCED_FACE('',(#8493),#8483,.F.);
#8495=CARTESIAN_POINT('',(-6.875E0,-3.43E0,4.955E0));
#8496=DIRECTION('',(4.657464328326E-1,8.849182223820E-1,0.E0));
#8497=DIRECTION('',(-8.849182223820E-1,4.657464328326E-1,0.E0));
#8498=AXIS2_PLACEMENT_3D('',#8495,#8496,#8497);
#8499=PLANE('',#8498);
#8500=ORIENTED_EDGE('',*,*,#8470,.T.);
#8501=ORIENTED_EDGE('',*,*,#7934,.T.);
#8503=ORIENTED_EDGE('',*,*,#8502,.T.);
#8504=ORIENTED_EDGE('',*,*,#6914,.F.);
#8506=ORIENTED_EDGE('',*,*,#8505,.T.);
#8507=ORIENTED_EDGE('',*,*,#7884,.T.);
#8508=EDGE_LOOP('',(#8500,#8501,#8503,#8504,#8506,#8507));
#8509=FACE_OUTER_BOUND('',#8508,.F.);
#8510=ADVANCED_FACE('',(#8509),#8499,.F.);
#8511=CARTESIAN_POINT('',(-7.825E0,-3.43E0,-3.355E0));
#8512=DIRECTION('',(0.E0,0.E0,1.E0));
#8513=DIRECTION('',(0.E0,-1.E0,0.E0));
#8514=AXIS2_PLACEMENT_3D('',#8511,#8512,#8513);
#8515=PLANE('',#8514);
#8517=ORIENTED_EDGE('',*,*,#8516,.T.);
#8519=ORIENTED_EDGE('',*,*,#8518,.F.);
#8520=ORIENTED_EDGE('',*,*,#7130,.T.);
#8521=ORIENTED_EDGE('',*,*,#7206,.T.);
#8523=ORIENTED_EDGE('',*,*,#8522,.T.);
#8525=ORIENTED_EDGE('',*,*,#8524,.T.);
#8526=EDGE_LOOP('',(#8517,#8519,#8520,#8521,#8523,#8525));
#8527=FACE_OUTER_BOUND('',#8526,.F.);
#8528=ADVANCED_FACE('',(#8527),#8515,.T.);
#8529=CARTESIAN_POINT('',(-7.825E0,-3.43E0,-3.355E0));
#8530=DIRECTION('',(0.E0,0.E0,1.E0));
#8531=DIRECTION('',(0.E0,-1.E0,0.E0));
#8532=AXIS2_PLACEMENT_3D('',#8529,#8530,#8531);
#8533=PLANE('',#8532);
#8535=ORIENTED_EDGE('',*,*,#8534,.F.);
#8537=ORIENTED_EDGE('',*,*,#8536,.T.);
#8539=ORIENTED_EDGE('',*,*,#8538,.T.);
#8540=ORIENTED_EDGE('',*,*,#7214,.F.);
#8541=ORIENTED_EDGE('',*,*,#6916,.F.);
#8542=ORIENTED_EDGE('',*,*,#8502,.F.);
#8543=EDGE_LOOP('',(#8535,#8537,#8539,#8540,#8541,#8542));
#8544=FACE_OUTER_BOUND('',#8543,.F.);
#8545=ADVANCED_FACE('',(#8544),#8533,.T.);
#8546=CARTESIAN_POINT('',(6.875E0,-3.94E0,-3.355E0));
#8547=DIRECTION('',(1.E0,0.E0,0.E0));
#8548=DIRECTION('',(0.E0,1.E0,0.E0));
#8549=AXIS2_PLACEMENT_3D('',#8546,#8547,#8548);
#8550=PLANE('',#8549);
#8551=ORIENTED_EDGE('',*,*,#8516,.F.);
#8553=ORIENTED_EDGE('',*,*,#8552,.T.);
#8555=ORIENTED_EDGE('',*,*,#8554,.T.);
#8556=ORIENTED_EDGE('',*,*,#7900,.F.);
#8557=EDGE_LOOP('',(#8551,#8553,#8555,#8556));
#8558=FACE_OUTER_BOUND('',#8557,.F.);
#8559=ADVANCED_FACE('',(#8558),#8550,.F.);
#8560=CARTESIAN_POINT('',(-7.825E0,-3.94E0,-3.355E0));
#8561=DIRECTION('',(0.E0,-1.E0,0.E0));
#8562=DIRECTION('',(0.E0,0.E0,-1.E0));
#8563=AXIS2_PLACEMENT_3D('',#8560,#8561,#8562);
#8564=PLANE('',#8563);
#8565=ORIENTED_EDGE('',*,*,#8552,.F.);
#8566=ORIENTED_EDGE('',*,*,#8524,.F.);
#8568=ORIENTED_EDGE('',*,*,#8567,.T.);
#8570=ORIENTED_EDGE('',*,*,#8569,.T.);
#8571=EDGE_LOOP('',(#8565,#8566,#8568,#8570));
#8572=FACE_OUTER_BOUND('',#8571,.F.);
#8573=ADVANCED_FACE('',(#8572),#8564,.T.);
#8574=CARTESIAN_POINT('',(-7.825E0,-3.94E0,-3.355E0));
#8575=DIRECTION('',(0.E0,-1.E0,0.E0));
#8576=DIRECTION('',(0.E0,0.E0,-1.E0));
#8577=AXIS2_PLACEMENT_3D('',#8574,#8575,#8576);
#8578=PLANE('',#8577);
#8580=ORIENTED_EDGE('',*,*,#8579,.T.);
#8582=ORIENTED_EDGE('',*,*,#8581,.T.);
#8584=ORIENTED_EDGE('',*,*,#8583,.T.);
#8585=ORIENTED_EDGE('',*,*,#8536,.F.);
#8586=EDGE_LOOP('',(#8580,#8582,#8584,#8585));
#8587=FACE_OUTER_BOUND('',#8586,.F.);
#8588=ADVANCED_FACE('',(#8587),#8578,.T.);
#8589=CARTESIAN_POINT('',(8.075E0,0.E0,0.E0));
#8590=DIRECTION('',(1.E0,0.E0,0.E0));
#8591=DIRECTION('',(0.E0,-1.E0,0.E0));
#8592=AXIS2_PLACEMENT_3D('',#8589,#8590,#8591);
#8593=PLANE('',#8592);
#8595=ORIENTED_EDGE('',*,*,#8594,.T.);
#8597=ORIENTED_EDGE('',*,*,#8596,.T.);
#8599=ORIENTED_EDGE('',*,*,#8598,.T.);
#8600=ORIENTED_EDGE('',*,*,#5658,.F.);
#8602=ORIENTED_EDGE('',*,*,#8601,.F.);
#8604=ORIENTED_EDGE('',*,*,#8603,.F.);
#8605=ORIENTED_EDGE('',*,*,#8567,.F.);
#8606=ORIENTED_EDGE('',*,*,#8522,.F.);
#8607=ORIENTED_EDGE('',*,*,#7204,.F.);
#8608=ORIENTED_EDGE('',*,*,#5461,.F.);
#8609=ORIENTED_EDGE('',*,*,#5563,.F.);
#8610=ORIENTED_EDGE('',*,*,#5666,.F.);
#8611=EDGE_LOOP('',(#8595,#8597,#8599,#8600,#8602,#8604,#8605,#8606,#8607,#8608,
#8609,#8610));
#8612=FACE_OUTER_BOUND('',#8611,.F.);
#8613=ADVANCED_FACE('',(#8612),#8593,.T.);
#8614=CARTESIAN_POINT('',(8.075E0,1.E0,-4.285E0));
#8615=DIRECTION('',(0.E0,1.E0,0.E0));
#8616=DIRECTION('',(0.E0,0.E0,1.E0));
#8617=AXIS2_PLACEMENT_3D('',#8614,#8615,#8616);
#8618=PLANE('',#8617);
#8619=ORIENTED_EDGE('',*,*,#5664,.T.);
#8621=ORIENTED_EDGE('',*,*,#8620,.T.);
#8623=ORIENTED_EDGE('',*,*,#8622,.F.);
#8624=ORIENTED_EDGE('',*,*,#8594,.F.);
#8625=EDGE_LOOP('',(#8619,#8621,#8623,#8624));
#8626=FACE_OUTER_BOUND('',#8625,.F.);
#8627=ADVANCED_FACE('',(#8626),#8618,.F.);
#8628=CARTESIAN_POINT('',(6.375E0,0.E0,0.E0));
#8629=DIRECTION('',(1.E0,0.E0,0.E0));
#8630=DIRECTION('',(0.E0,0.E0,-1.E0));
#8631=AXIS2_PLACEMENT_3D('',#8628,#8629,#8630);
#8632=PLANE('',#8631);
#8633=ORIENTED_EDGE('',*,*,#8620,.F.);
#8634=ORIENTED_EDGE('',*,*,#5662,.F.);
#8636=ORIENTED_EDGE('',*,*,#8635,.F.);
#8638=ORIENTED_EDGE('',*,*,#8637,.F.);
#8639=EDGE_LOOP('',(#8633,#8634,#8636,#8638));
#8640=FACE_OUTER_BOUND('',#8639,.F.);
#8641=ADVANCED_FACE('',(#8640),#8632,.T.);
#8642=CARTESIAN_POINT('',(8.075E0,-1.E0,-3.685E0));
#8643=DIRECTION('',(0.E0,-1.E0,0.E0));
#8644=DIRECTION('',(0.E0,0.E0,-1.E0));
#8645=AXIS2_PLACEMENT_3D('',#8642,#8643,#8644);
#8646=PLANE('',#8645);
#8647=ORIENTED_EDGE('',*,*,#5660,.F.);
#8648=ORIENTED_EDGE('',*,*,#8598,.F.);
#8650=ORIENTED_EDGE('',*,*,#8649,.T.);
#8651=ORIENTED_EDGE('',*,*,#8635,.T.);
#8652=EDGE_LOOP('',(#8647,#8648,#8650,#8651));
#8653=FACE_OUTER_BOUND('',#8652,.F.);
#8654=ADVANCED_FACE('',(#8653),#8646,.F.);
#8655=CARTESIAN_POINT('',(8.075E0,1.E0,-3.685E0));
#8656=DIRECTION('',(0.E0,0.E0,1.E0));
#8657=DIRECTION('',(0.E0,-1.E0,0.E0));
#8658=AXIS2_PLACEMENT_3D('',#8655,#8656,#8657);
#8659=PLANE('',#8658);
#8660=ORIENTED_EDGE('',*,*,#8622,.T.);
#8661=ORIENTED_EDGE('',*,*,#8637,.T.);
#8662=ORIENTED_EDGE('',*,*,#8649,.F.);
#8663=ORIENTED_EDGE('',*,*,#8596,.F.);
#8664=EDGE_LOOP('',(#8660,#8661,#8662,#8663));
#8665=FACE_OUTER_BOUND('',#8664,.F.);
#8666=ADVANCED_FACE('',(#8665),#8659,.F.);
#8667=CARTESIAN_POINT('',(-7.825E0,-2.78E0,-4.955E0));
#8668=DIRECTION('',(0.E0,1.E0,0.E0));
#8669=DIRECTION('',(0.E0,0.E0,1.E0));
#8670=AXIS2_PLACEMENT_3D('',#8667,#8668,#8669);
#8671=PLANE('',#8670);
#8672=ORIENTED_EDGE('',*,*,#5656,.F.);
#8674=ORIENTED_EDGE('',*,*,#8673,.T.);
#8676=ORIENTED_EDGE('',*,*,#8675,.F.);
#8677=ORIENTED_EDGE('',*,*,#8601,.T.);
#8678=EDGE_LOOP('',(#8672,#8674,#8676,#8677));
#8679=FACE_OUTER_BOUND('',#8678,.F.);
#8680=ADVANCED_FACE('',(#8679),#8671,.T.);
#8681=CARTESIAN_POINT('',(-8.075E0,0.E0,0.E0));
#8682=DIRECTION('',(-1.E0,0.E0,0.E0));
#8683=DIRECTION('',(0.E0,1.E0,0.E0));
#8684=AXIS2_PLACEMENT_3D('',#8681,#8682,#8683);
#8685=PLANE('',#8684);
#8687=ORIENTED_EDGE('',*,*,#8686,.F.);
#8688=ORIENTED_EDGE('',*,*,#5646,.F.);
#8689=ORIENTED_EDGE('',*,*,#5622,.F.);
#8690=ORIENTED_EDGE('',*,*,#5547,.F.);
#8691=ORIENTED_EDGE('',*,*,#7216,.F.);
#8692=ORIENTED_EDGE('',*,*,#8538,.F.);
#8693=ORIENTED_EDGE('',*,*,#8583,.F.);
#8695=ORIENTED_EDGE('',*,*,#8694,.F.);
#8696=ORIENTED_EDGE('',*,*,#8673,.F.);
#8697=ORIENTED_EDGE('',*,*,#5654,.F.);
#8699=ORIENTED_EDGE('',*,*,#8698,.F.);
#8701=ORIENTED_EDGE('',*,*,#8700,.F.);
#8702=EDGE_LOOP('',(#8687,#8688,#8689,#8690,#8691,#8692,#8693,#8695,#8696,#8697,
#8699,#8701));
#8703=FACE_OUTER_BOUND('',#8702,.F.);
#8704=ADVANCED_FACE('',(#8703),#8685,.T.);
#8705=CARTESIAN_POINT('',(-8.075E0,1.E0,-4.285E0));
#8706=DIRECTION('',(0.E0,-1.E0,0.E0));
#8707=DIRECTION('',(0.E0,0.E0,1.E0));
#8708=AXIS2_PLACEMENT_3D('',#8705,#8706,#8707);
#8709=PLANE('',#8708);
#8710=ORIENTED_EDGE('',*,*,#5648,.F.);
#8711=ORIENTED_EDGE('',*,*,#8686,.T.);
#8713=ORIENTED_EDGE('',*,*,#8712,.T.);
#8715=ORIENTED_EDGE('',*,*,#8714,.F.);
#8716=EDGE_LOOP('',(#8710,#8711,#8713,#8715));
#8717=FACE_OUTER_BOUND('',#8716,.F.);
#8718=ADVANCED_FACE('',(#8717),#8709,.T.);
#8719=CARTESIAN_POINT('',(-8.075E0,1.E0,-3.685E0));
#8720=DIRECTION('',(0.E0,0.E0,-1.E0));
#8721=DIRECTION('',(0.E0,-1.E0,0.E0));
#8722=AXIS2_PLACEMENT_3D('',#8719,#8720,#8721);
#8723=PLANE('',#8722);
#8724=ORIENTED_EDGE('',*,*,#8712,.F.);
#8725=ORIENTED_EDGE('',*,*,#8700,.T.);
#8727=ORIENTED_EDGE('',*,*,#8726,.T.);
#8729=ORIENTED_EDGE('',*,*,#8728,.F.);
#8730=EDGE_LOOP('',(#8724,#8725,#8727,#8729));
#8731=FACE_OUTER_BOUND('',#8730,.F.);
#8732=ADVANCED_FACE('',(#8731),#8723,.T.);
#8733=CARTESIAN_POINT('',(-8.075E0,-1.E0,-3.685E0));
#8734=DIRECTION('',(0.E0,1.E0,0.E0));
#8735=DIRECTION('',(0.E0,0.E0,-1.E0));
#8736=AXIS2_PLACEMENT_3D('',#8733,#8734,#8735);
#8737=PLANE('',#8736);
#8738=ORIENTED_EDGE('',*,*,#5652,.T.);
#8740=ORIENTED_EDGE('',*,*,#8739,.F.);
#8741=ORIENTED_EDGE('',*,*,#8726,.F.);
#8742=ORIENTED_EDGE('',*,*,#8698,.T.);
#8743=EDGE_LOOP('',(#8738,#8740,#8741,#8742));
#8744=FACE_OUTER_BOUND('',#8743,.F.);
#8745=ADVANCED_FACE('',(#8744),#8737,.T.);
#8746=CARTESIAN_POINT('',(-6.375E0,0.E0,0.E0));
#8747=DIRECTION('',(1.E0,0.E0,0.E0));
#8748=DIRECTION('',(0.E0,0.E0,-1.E0));
#8749=AXIS2_PLACEMENT_3D('',#8746,#8747,#8748);
#8750=PLANE('',#8749);
#8751=ORIENTED_EDGE('',*,*,#5650,.T.);
#8752=ORIENTED_EDGE('',*,*,#8714,.T.);
#8753=ORIENTED_EDGE('',*,*,#8728,.T.);
#8754=ORIENTED_EDGE('',*,*,#8739,.T.);
#8755=EDGE_LOOP('',(#8751,#8752,#8753,#8754));
#8756=FACE_OUTER_BOUND('',#8755,.F.);
#8757=ADVANCED_FACE('',(#8756),#8750,.F.);
#8758=CARTESIAN_POINT('',(-7.825E0,-3.94E0,-4.955E0));
#8759=DIRECTION('',(0.E0,0.E0,-1.E0));
#8760=DIRECTION('',(0.E0,1.E0,0.E0));
#8761=AXIS2_PLACEMENT_3D('',#8758,#8759,#8760);
#8762=PLANE('',#8761);
#8763=ORIENTED_EDGE('',*,*,#7924,.F.);
#8764=ORIENTED_EDGE('',*,*,#7506,.T.);
#8766=ORIENTED_EDGE('',*,*,#8765,.T.);
#8767=ORIENTED_EDGE('',*,*,#7717,.F.);
#8768=ORIENTED_EDGE('',*,*,#7918,.F.);
#8770=ORIENTED_EDGE('',*,*,#8769,.T.);
#8772=ORIENTED_EDGE('',*,*,#8771,.T.);
#8774=ORIENTED_EDGE('',*,*,#8773,.F.);
#8775=ORIENTED_EDGE('',*,*,#7910,.F.);
#8777=ORIENTED_EDGE('',*,*,#8776,.T.);
#8779=ORIENTED_EDGE('',*,*,#8778,.T.);
#8781=ORIENTED_EDGE('',*,*,#8780,.F.);
#8782=ORIENTED_EDGE('',*,*,#7902,.F.);
#8783=ORIENTED_EDGE('',*,*,#8554,.F.);
#8784=ORIENTED_EDGE('',*,*,#8569,.F.);
#8785=ORIENTED_EDGE('',*,*,#8603,.T.);
#8786=ORIENTED_EDGE('',*,*,#8675,.T.);
#8787=ORIENTED_EDGE('',*,*,#8694,.T.);
#8788=ORIENTED_EDGE('',*,*,#8581,.F.);
#8790=ORIENTED_EDGE('',*,*,#8789,.T.);
#8791=ORIENTED_EDGE('',*,*,#7930,.F.);
#8792=ORIENTED_EDGE('',*,*,#5997,.T.);
#8794=ORIENTED_EDGE('',*,*,#8793,.T.);
#8795=ORIENTED_EDGE('',*,*,#5885,.F.);
#8796=EDGE_LOOP('',(#8763,#8764,#8766,#8767,#8768,#8770,#8772,#8774,#8775,#8777,
#8779,#8781,#8782,#8783,#8784,#8785,#8786,#8787,#8788,#8790,#8791,#8792,#8794,
#8795));
#8797=FACE_OUTER_BOUND('',#8796,.F.);
#8798=ADVANCED_FACE('',(#8797),#8762,.T.);
#8799=CARTESIAN_POINT('',(-1.18E0,-3.29E0,-5.425E0));
#8800=DIRECTION('',(0.E0,1.E0,0.E0));
#8801=DIRECTION('',(0.E0,0.E0,1.E0));
#8802=AXIS2_PLACEMENT_3D('',#8799,#8800,#8801);
#8803=PLANE('',#8802);
#8804=ORIENTED_EDGE('',*,*,#7719,.T.);
#8805=ORIENTED_EDGE('',*,*,#8765,.F.);
#8806=ORIENTED_EDGE('',*,*,#7504,.F.);
#8808=ORIENTED_EDGE('',*,*,#8807,.F.);
#8809=EDGE_LOOP('',(#8804,#8805,#8806,#8808));
#8810=FACE_OUTER_BOUND('',#8809,.F.);
#8811=ADVANCED_FACE('',(#8810),#8803,.T.);
#8812=CARTESIAN_POINT('',(-1.18E0,-3.61E0,-5.425E0));
#8813=DIRECTION('',(1.E0,0.E0,0.E0));
#8814=DIRECTION('',(0.E0,0.E0,-1.E0));
#8815=AXIS2_PLACEMENT_3D('',#8812,#8813,#8814);
#8816=CYLINDRICAL_SURFACE('',#8815,3.2E-1);
#8817=ORIENTED_EDGE('',*,*,#7721,.T.);
#8818=ORIENTED_EDGE('',*,*,#8807,.T.);
#8819=ORIENTED_EDGE('',*,*,#7502,.F.);
#8821=ORIENTED_EDGE('',*,*,#8820,.F.);
#8822=EDGE_LOOP('',(#8817,#8818,#8819,#8821));
#8823=FACE_OUTER_BOUND('',#8822,.F.);
#8824=ADVANCED_FACE('',(#8823),#8816,.T.);
#8825=CARTESIAN_POINT('',(-1.18E0,-3.93E0,-3.745E0));
#8826=DIRECTION('',(0.E0,-1.E0,0.E0));
#8827=DIRECTION('',(0.E0,0.E0,-1.E0));
#8828=AXIS2_PLACEMENT_3D('',#8825,#8826,#8827);
#8829=PLANE('',#8828);
#8830=ORIENTED_EDGE('',*,*,#7723,.T.);
#8831=ORIENTED_EDGE('',*,*,#8820,.T.);
#8832=ORIENTED_EDGE('',*,*,#7500,.F.);
#8834=ORIENTED_EDGE('',*,*,#8833,.F.);
#8835=EDGE_LOOP('',(#8830,#8831,#8832,#8834));
#8836=FACE_OUTER_BOUND('',#8835,.F.);
#8837=ADVANCED_FACE('',(#8836),#8829,.T.);
#8838=CARTESIAN_POINT('',(-1.18E0,-1.82E0,-3.745E0));
#8839=DIRECTION('',(0.E0,0.E0,1.E0));
#8840=DIRECTION('',(0.E0,-1.E0,0.E0));
#8841=AXIS2_PLACEMENT_3D('',#8838,#8839,#8840);
#8842=PLANE('',#8841);
#8843=ORIENTED_EDGE('',*,*,#7725,.T.);
#8844=ORIENTED_EDGE('',*,*,#8833,.T.);
#8845=ORIENTED_EDGE('',*,*,#7498,.F.);
#8846=ORIENTED_EDGE('',*,*,#7921,.T.);
#8847=EDGE_LOOP('',(#8843,#8844,#8845,#8846));
#8848=FACE_OUTER_BOUND('',#8847,.F.);
#8849=ADVANCED_FACE('',(#8848),#8842,.T.);
#8850=CARTESIAN_POINT('',(1.18E0,0.E0,0.E0));
#8851=DIRECTION('',(1.E0,0.E0,0.E0));
#8852=DIRECTION('',(0.E0,0.E0,-1.E0));
#8853=AXIS2_PLACEMENT_3D('',#8850,#8851,#8852);
#8854=PLANE('',#8853);
#8855=ORIENTED_EDGE('',*,*,#5593,.F.);
#8856=ORIENTED_EDGE('',*,*,#5704,.F.);
#8858=ORIENTED_EDGE('',*,*,#8857,.T.);
#8860=ORIENTED_EDGE('',*,*,#8859,.T.);
#8862=ORIENTED_EDGE('',*,*,#8861,.T.);
#8864=ORIENTED_EDGE('',*,*,#8863,.T.);
#8866=ORIENTED_EDGE('',*,*,#8865,.T.);
#8868=ORIENTED_EDGE('',*,*,#8867,.T.);
#8870=ORIENTED_EDGE('',*,*,#8869,.T.);
#8872=ORIENTED_EDGE('',*,*,#8871,.T.);
#8874=ORIENTED_EDGE('',*,*,#8873,.T.);
#8875=ORIENTED_EDGE('',*,*,#5503,.F.);
#8876=EDGE_LOOP('',(#8855,#8856,#8858,#8860,#8862,#8864,#8866,#8868,#8870,#8872,
#8874,#8875));
#8877=FACE_OUTER_BOUND('',#8876,.F.);
#8878=ADVANCED_FACE('',(#8877),#8854,.F.);
#8879=CARTESIAN_POINT('',(1.18E0,0.E0,0.E0));
#8880=DIRECTION('',(1.E0,0.E0,0.E0));
#8881=DIRECTION('',(0.E0,0.E0,-1.E0));
#8882=AXIS2_PLACEMENT_3D('',#8879,#8880,#8881);
#8883=PLANE('',#8882);
#8884=ORIENTED_EDGE('',*,*,#5700,.F.);
#8886=ORIENTED_EDGE('',*,*,#8885,.T.);
#8888=ORIENTED_EDGE('',*,*,#8887,.T.);
#8890=ORIENTED_EDGE('',*,*,#8889,.T.);
#8891=EDGE_LOOP('',(#8884,#8886,#8888,#8890));
#8892=FACE_OUTER_BOUND('',#8891,.F.);
#8893=ADVANCED_FACE('',(#8892),#8883,.F.);
#8894=CARTESIAN_POINT('',(1.18E0,0.E0,0.E0));
#8895=DIRECTION('',(1.E0,0.E0,0.E0));
#8896=DIRECTION('',(0.E0,0.E0,-1.E0));
#8897=AXIS2_PLACEMENT_3D('',#8894,#8895,#8896);
#8898=PLANE('',#8897);
#8899=ORIENTED_EDGE('',*,*,#7916,.T.);
#8901=ORIENTED_EDGE('',*,*,#8900,.T.);
#8903=ORIENTED_EDGE('',*,*,#8902,.T.);
#8905=ORIENTED_EDGE('',*,*,#8904,.T.);
#8907=ORIENTED_EDGE('',*,*,#8906,.T.);
#8908=ORIENTED_EDGE('',*,*,#8769,.F.);
#8909=EDGE_LOOP('',(#8899,#8901,#8903,#8905,#8907,#8908));
#8910=FACE_OUTER_BOUND('',#8909,.F.);
#8911=ADVANCED_FACE('',(#8910),#8898,.F.);
#8912=CARTESIAN_POINT('',(1.18E0,0.E0,0.E0));
#8913=DIRECTION('',(1.E0,0.E0,0.E0));
#8914=DIRECTION('',(0.E0,0.E0,-1.E0));
#8915=AXIS2_PLACEMENT_3D('',#8912,#8913,#8914);
#8916=PLANE('',#8915);
#8918=ORIENTED_EDGE('',*,*,#8917,.F.);
#8920=ORIENTED_EDGE('',*,*,#8919,.T.);
#8921=ORIENTED_EDGE('',*,*,#6310,.T.);
#8923=ORIENTED_EDGE('',*,*,#8922,.T.);
#8924=EDGE_LOOP('',(#8918,#8920,#8921,#8923));
#8925=FACE_OUTER_BOUND('',#8924,.F.);
#8926=ADVANCED_FACE('',(#8925),#8916,.F.);
#8927=CARTESIAN_POINT('',(1.18E0,0.E0,0.E0));
#8928=DIRECTION('',(1.E0,0.E0,0.E0));
#8929=DIRECTION('',(0.E0,0.E0,-1.E0));
#8930=AXIS2_PLACEMENT_3D('',#8927,#8928,#8929);
#8931=PLANE('',#8930);
#8933=ORIENTED_EDGE('',*,*,#8932,.F.);
#8935=ORIENTED_EDGE('',*,*,#8934,.T.);
#8936=ORIENTED_EDGE('',*,*,#6282,.T.);
#8938=ORIENTED_EDGE('',*,*,#8937,.T.);
#8939=EDGE_LOOP('',(#8933,#8935,#8936,#8938));
#8940=FACE_OUTER_BOUND('',#8939,.F.);
#8941=ADVANCED_FACE('',(#8940),#8931,.F.);
#8942=CARTESIAN_POINT('',(1.82E0,1.18E0,2.555E0));
#8943=DIRECTION('',(0.E0,-1.E0,0.E0));
#8944=DIRECTION('',(0.E0,0.E0,-1.E0));
#8945=AXIS2_PLACEMENT_3D('',#8942,#8943,#8944);
#8946=PLANE('',#8945);
#8948=ORIENTED_EDGE('',*,*,#8947,.T.);
#8950=ORIENTED_EDGE('',*,*,#8949,.T.);
#8952=ORIENTED_EDGE('',*,*,#8951,.T.);
#8954=ORIENTED_EDGE('',*,*,#8953,.T.);
#8956=ORIENTED_EDGE('',*,*,#8955,.T.);
#8957=ORIENTED_EDGE('',*,*,#8857,.F.);
#8958=EDGE_LOOP('',(#8948,#8950,#8952,#8954,#8956,#8957));
#8959=FACE_OUTER_BOUND('',#8958,.F.);
#8960=ADVANCED_FACE('',(#8959),#8946,.T.);
#8961=CARTESIAN_POINT('',(1.82E0,1.18E0,2.555E0));
#8962=DIRECTION('',(0.E0,-1.E0,0.E0));
#8963=DIRECTION('',(0.E0,0.E0,-1.E0));
#8964=AXIS2_PLACEMENT_3D('',#8961,#8962,#8963);
#8965=PLANE('',#8964);
#8967=ORIENTED_EDGE('',*,*,#8966,.F.);
#8969=ORIENTED_EDGE('',*,*,#8968,.T.);
#8970=ORIENTED_EDGE('',*,*,#6312,.F.);
#8971=ORIENTED_EDGE('',*,*,#8919,.F.);
#8972=EDGE_LOOP('',(#8967,#8969,#8970,#8971));
#8973=FACE_OUTER_BOUND('',#8972,.F.);
#8974=ADVANCED_FACE('',(#8973),#8965,.T.);
#8975=CARTESIAN_POINT('',(1.18E0,3.43E0,-4.955E0));
#8976=DIRECTION('',(-1.E0,0.E0,0.E0));
#8977=DIRECTION('',(0.E0,0.E0,1.E0));
#8978=AXIS2_PLACEMENT_3D('',#8975,#8976,#8977);
#8979=PLANE('',#8978);
#8981=ORIENTED_EDGE('',*,*,#8980,.T.);
#8983=ORIENTED_EDGE('',*,*,#8982,.F.);
#8984=ORIENTED_EDGE('',*,*,#7347,.F.);
#8985=ORIENTED_EDGE('',*,*,#5505,.F.);
#8986=EDGE_LOOP('',(#8981,#8983,#8984,#8985));
#8987=FACE_OUTER_BOUND('',#8986,.F.);
#8988=ADVANCED_FACE('',(#8987),#8979,.F.);
#8989=CARTESIAN_POINT('',(1.18E0,3.43E0,-4.955E0));
#8990=DIRECTION('',(-1.E0,0.E0,0.E0));
#8991=DIRECTION('',(0.E0,0.E0,1.E0));
#8992=AXIS2_PLACEMENT_3D('',#8989,#8990,#8991);
#8993=PLANE('',#8992);
#8994=ORIENTED_EDGE('',*,*,#8947,.F.);
#8995=ORIENTED_EDGE('',*,*,#5702,.F.);
#8997=ORIENTED_EDGE('',*,*,#8996,.T.);
#8999=ORIENTED_EDGE('',*,*,#8998,.F.);
#9000=EDGE_LOOP('',(#8994,#8995,#8997,#8999));
#9001=FACE_OUTER_BOUND('',#9000,.F.);
#9002=ADVANCED_FACE('',(#9001),#8993,.F.);
#9003=CARTESIAN_POINT('',(1.18E0,3.43E0,-4.955E0));
#9004=DIRECTION('',(-1.E0,0.E0,0.E0));
#9005=DIRECTION('',(0.E0,0.E0,1.E0));
#9006=AXIS2_PLACEMENT_3D('',#9003,#9004,#9005);
#9007=PLANE('',#9006);
#9008=ORIENTED_EDGE('',*,*,#5698,.F.);
#9010=ORIENTED_EDGE('',*,*,#9009,.F.);
#9012=ORIENTED_EDGE('',*,*,#9011,.F.);
#9014=ORIENTED_EDGE('',*,*,#9013,.F.);
#9015=EDGE_LOOP('',(#9008,#9010,#9012,#9014));
#9016=FACE_OUTER_BOUND('',#9015,.F.);
#9017=ADVANCED_FACE('',(#9016),#9007,.F.);
#9018=CARTESIAN_POINT('',(1.82E0,1.82E0,-6.905E0));
#9019=DIRECTION('',(0.E0,1.E0,0.E0));
#9020=DIRECTION('',(0.E0,0.E0,1.E0));
#9021=AXIS2_PLACEMENT_3D('',#9018,#9019,#9020);
#9022=PLANE('',#9021);
#9023=ORIENTED_EDGE('',*,*,#8980,.F.);
#9024=ORIENTED_EDGE('',*,*,#8873,.F.);
#9026=ORIENTED_EDGE('',*,*,#9025,.F.);
#9028=ORIENTED_EDGE('',*,*,#9027,.T.);
#9030=ORIENTED_EDGE('',*,*,#9029,.F.);
#9032=ORIENTED_EDGE('',*,*,#9031,.F.);
#9033=EDGE_LOOP('',(#9023,#9024,#9026,#9028,#9030,#9032));
#9034=FACE_OUTER_BOUND('',#9033,.F.);
#9035=ADVANCED_FACE('',(#9034),#9022,.T.);
#9036=CARTESIAN_POINT('',(1.82E0,1.82E0,-6.905E0));
#9037=DIRECTION('',(0.E0,1.E0,0.E0));
#9038=DIRECTION('',(0.E0,0.E0,1.E0));
#9039=AXIS2_PLACEMENT_3D('',#9036,#9037,#9038);
#9040=PLANE('',#9039);
#9042=ORIENTED_EDGE('',*,*,#9041,.T.);
#9043=ORIENTED_EDGE('',*,*,#8922,.F.);
#9044=ORIENTED_EDGE('',*,*,#6308,.T.);
#9046=ORIENTED_EDGE('',*,*,#9045,.T.);
#9047=EDGE_LOOP('',(#9042,#9043,#9044,#9046));
#9048=FACE_OUTER_BOUND('',#9047,.F.);
#9049=ADVANCED_FACE('',(#9048),#9040,.T.);
#9050=CARTESIAN_POINT('',(1.82E0,8.2E-1,-6.905E0));
#9051=DIRECTION('',(0.E0,0.E0,-1.E0));
#9052=DIRECTION('',(0.E0,1.E0,0.E0));
#9053=AXIS2_PLACEMENT_3D('',#9050,#9051,#9052);
#9054=PLANE('',#9053);
#9056=ORIENTED_EDGE('',*,*,#9055,.T.);
#9057=ORIENTED_EDGE('',*,*,#9025,.T.);
#9058=ORIENTED_EDGE('',*,*,#8871,.F.);
#9060=ORIENTED_EDGE('',*,*,#9059,.F.);
#9061=EDGE_LOOP('',(#9056,#9057,#9058,#9060));
#9062=FACE_OUTER_BOUND('',#9061,.F.);
#9063=ADVANCED_FACE('',(#9062),#9054,.T.);
#9064=CARTESIAN_POINT('',(1.82E0,0.E0,0.E0));
#9065=DIRECTION('',(1.E0,0.E0,0.E0));
#9066=DIRECTION('',(0.E0,0.E0,-1.E0));
#9067=AXIS2_PLACEMENT_3D('',#9064,#9065,#9066);
#9068=PLANE('',#9067);
#9069=ORIENTED_EDGE('',*,*,#5581,.T.);
#9070=ORIENTED_EDGE('',*,*,#5491,.T.);
#9071=ORIENTED_EDGE('',*,*,#9027,.F.);
#9072=ORIENTED_EDGE('',*,*,#9055,.F.);
#9074=ORIENTED_EDGE('',*,*,#9073,.F.);
#9076=ORIENTED_EDGE('',*,*,#9075,.F.);
#9078=ORIENTED_EDGE('',*,*,#9077,.F.);
#9080=ORIENTED_EDGE('',*,*,#9079,.F.);
#9082=ORIENTED_EDGE('',*,*,#9081,.F.);
#9084=ORIENTED_EDGE('',*,*,#9083,.F.);
#9085=ORIENTED_EDGE('',*,*,#8953,.F.);
#9086=ORIENTED_EDGE('',*,*,#5688,.T.);
#9087=EDGE_LOOP('',(#9069,#9070,#9071,#9072,#9074,#9076,#9078,#9080,#9082,#9084,
#9085,#9086));
#9088=FACE_OUTER_BOUND('',#9087,.F.);
#9089=ADVANCED_FACE('',(#9088),#9068,.T.);
#9090=CARTESIAN_POINT('',(1.82E0,0.E0,0.E0));
#9091=DIRECTION('',(1.E0,0.E0,0.E0));
#9092=DIRECTION('',(0.E0,0.E0,-1.E0));
#9093=AXIS2_PLACEMENT_3D('',#9090,#9091,#9092);
#9094=PLANE('',#9093);
#9095=ORIENTED_EDGE('',*,*,#5692,.T.);
#9097=ORIENTED_EDGE('',*,*,#9096,.F.);
#9099=ORIENTED_EDGE('',*,*,#9098,.F.);
#9101=ORIENTED_EDGE('',*,*,#9100,.F.);
#9102=EDGE_LOOP('',(#9095,#9097,#9099,#9101));
#9103=FACE_OUTER_BOUND('',#9102,.F.);
#9104=ADVANCED_FACE('',(#9103),#9094,.T.);
#9105=CARTESIAN_POINT('',(1.82E0,0.E0,0.E0));
#9106=DIRECTION('',(1.E0,0.E0,0.E0));
#9107=DIRECTION('',(0.E0,0.E0,-1.E0));
#9108=AXIS2_PLACEMENT_3D('',#9105,#9106,#9107);
#9109=PLANE('',#9108);
#9110=ORIENTED_EDGE('',*,*,#7912,.F.);
#9111=ORIENTED_EDGE('',*,*,#8773,.T.);
#9113=ORIENTED_EDGE('',*,*,#9112,.F.);
#9115=ORIENTED_EDGE('',*,*,#9114,.F.);
#9117=ORIENTED_EDGE('',*,*,#9116,.F.);
#9119=ORIENTED_EDGE('',*,*,#9118,.F.);
#9120=EDGE_LOOP('',(#9110,#9111,#9113,#9115,#9117,#9119));
#9121=FACE_OUTER_BOUND('',#9120,.F.);
#9122=ADVANCED_FACE('',(#9121),#9109,.T.);
#9123=CARTESIAN_POINT('',(1.82E0,0.E0,0.E0));
#9124=DIRECTION('',(1.E0,0.E0,0.E0));
#9125=DIRECTION('',(0.E0,0.E0,-1.E0));
#9126=AXIS2_PLACEMENT_3D('',#9123,#9124,#9125);
#9127=PLANE('',#9126);
#9129=ORIENTED_EDGE('',*,*,#9128,.F.);
#9130=ORIENTED_EDGE('',*,*,#9045,.F.);
#9131=ORIENTED_EDGE('',*,*,#6306,.F.);
#9132=ORIENTED_EDGE('',*,*,#8968,.F.);
#9133=EDGE_LOOP('',(#9129,#9130,#9131,#9132));
#9134=FACE_OUTER_BOUND('',#9133,.F.);
#9135=ADVANCED_FACE('',(#9134),#9127,.T.);
#9136=CARTESIAN_POINT('',(1.82E0,0.E0,0.E0));
#9137=DIRECTION('',(1.E0,0.E0,0.E0));
#9138=DIRECTION('',(0.E0,0.E0,-1.E0));
#9139=AXIS2_PLACEMENT_3D('',#9136,#9137,#9138);
#9140=PLANE('',#9139);
#9142=ORIENTED_EDGE('',*,*,#9141,.F.);
#9144=ORIENTED_EDGE('',*,*,#9143,.F.);
#9145=ORIENTED_EDGE('',*,*,#6278,.F.);
#9147=ORIENTED_EDGE('',*,*,#9146,.F.);
#9148=EDGE_LOOP('',(#9142,#9144,#9145,#9147));
#9149=FACE_OUTER_BOUND('',#9148,.F.);
#9150=ADVANCED_FACE('',(#9149),#9140,.T.);
#9151=CARTESIAN_POINT('',(1.82E0,-3.29E0,-8.850161763103E0));
#9152=DIRECTION('',(0.E0,4.277844981127E-1,-9.038807571657E-1));
#9153=DIRECTION('',(0.E0,9.038807571657E-1,4.277844981127E-1));
#9154=AXIS2_PLACEMENT_3D('',#9151,#9152,#9153);
#9155=PLANE('',#9154);
#9156=ORIENTED_EDGE('',*,*,#9073,.T.);
#9157=ORIENTED_EDGE('',*,*,#9059,.T.);
#9158=ORIENTED_EDGE('',*,*,#8869,.F.);
#9160=ORIENTED_EDGE('',*,*,#9159,.F.);
#9161=EDGE_LOOP('',(#9156,#9157,#9158,#9160));
#9162=FACE_OUTER_BOUND('',#9161,.F.);
#9163=ADVANCED_FACE('',(#9162),#9155,.T.);
#9164=CARTESIAN_POINT('',(1.82E0,-3.29E0,-1.0125E1));
#9165=DIRECTION('',(0.E0,1.E0,0.E0));
#9166=DIRECTION('',(0.E0,0.E0,1.E0));
#9167=AXIS2_PLACEMENT_3D('',#9164,#9165,#9166);
#9168=PLANE('',#9167);
#9169=ORIENTED_EDGE('',*,*,#9075,.T.);
#9170=ORIENTED_EDGE('',*,*,#9159,.T.);
#9171=ORIENTED_EDGE('',*,*,#8867,.F.);
#9173=ORIENTED_EDGE('',*,*,#9172,.F.);
#9174=EDGE_LOOP('',(#9169,#9170,#9171,#9173));
#9175=FACE_OUTER_BOUND('',#9174,.F.);
#9176=ADVANCED_FACE('',(#9175),#9168,.T.);
#9177=CARTESIAN_POINT('',(1.82E0,-3.61E0,-1.0125E1));
#9178=DIRECTION('',(1.E0,0.E0,0.E0));
#9179=DIRECTION('',(0.E0,0.E0,-1.E0));
#9180=AXIS2_PLACEMENT_3D('',#9177,#9178,#9179);
#9181=CYLINDRICAL_SURFACE('',#9180,3.2E-1);
#9182=ORIENTED_EDGE('',*,*,#9077,.T.);
#9183=ORIENTED_EDGE('',*,*,#9172,.T.);
#9184=ORIENTED_EDGE('',*,*,#8865,.F.);
#9186=ORIENTED_EDGE('',*,*,#9185,.F.);
#9187=EDGE_LOOP('',(#9182,#9183,#9184,#9186));
#9188=FACE_OUTER_BOUND('',#9187,.F.);
#9189=ADVANCED_FACE('',(#9188),#9181,.T.);
#9190=CARTESIAN_POINT('',(1.82E0,-3.93E0,-8.445E0));
#9191=DIRECTION('',(0.E0,-1.E0,0.E0));
#9192=DIRECTION('',(0.E0,0.E0,-1.E0));
#9193=AXIS2_PLACEMENT_3D('',#9190,#9191,#9192);
#9194=PLANE('',#9193);
#9195=ORIENTED_EDGE('',*,*,#9079,.T.);
#9196=ORIENTED_EDGE('',*,*,#9185,.T.);
#9197=ORIENTED_EDGE('',*,*,#8863,.F.);
#9199=ORIENTED_EDGE('',*,*,#9198,.F.);
#9200=EDGE_LOOP('',(#9195,#9196,#9197,#9199));
#9201=FACE_OUTER_BOUND('',#9200,.F.);
#9202=ADVANCED_FACE('',(#9201),#9194,.T.);
#9203=CARTESIAN_POINT('',(1.82E0,8.938922490563E-1,-6.161970619905E0));
#9204=DIRECTION('',(0.E0,-4.277844981127E-1,9.038807571657E-1));
#9205=DIRECTION('',(0.E0,-9.038807571657E-1,-4.277844981127E-1));
#9206=AXIS2_PLACEMENT_3D('',#9203,#9204,#9205);
#9207=PLANE('',#9206);
#9208=ORIENTED_EDGE('',*,*,#9081,.T.);
#9209=ORIENTED_EDGE('',*,*,#9198,.T.);
#9210=ORIENTED_EDGE('',*,*,#8861,.F.);
#9212=ORIENTED_EDGE('',*,*,#9211,.F.);
#9213=EDGE_LOOP('',(#9208,#9209,#9210,#9212));
#9214=FACE_OUTER_BOUND('',#9213,.F.);
#9215=ADVANCED_FACE('',(#9214),#9207,.T.);
#9216=CARTESIAN_POINT('',(1.82E0,6.8E-1,-5.710030241322E0));
#9217=DIRECTION('',(1.E0,0.E0,0.E0));
#9218=DIRECTION('',(0.E0,0.E0,-1.E0));
#9219=AXIS2_PLACEMENT_3D('',#9216,#9217,#9218);
#9220=CYLINDRICAL_SURFACE('',#9219,5.E-1);
#9221=ORIENTED_EDGE('',*,*,#9083,.T.);
#9222=ORIENTED_EDGE('',*,*,#9211,.T.);
#9223=ORIENTED_EDGE('',*,*,#8859,.F.);
#9224=ORIENTED_EDGE('',*,*,#8955,.F.);
#9225=EDGE_LOOP('',(#9221,#9222,#9223,#9224));
#9226=FACE_OUTER_BOUND('',#9225,.F.);
#9227=ADVANCED_FACE('',(#9226),#9220,.F.);
#9228=CARTESIAN_POINT('',(1.82E0,3.2E-1,-4.955E0));
#9229=DIRECTION('',(0.E0,1.E0,0.E0));
#9230=DIRECTION('',(0.E0,0.E0,1.E0));
#9231=AXIS2_PLACEMENT_3D('',#9228,#9229,#9230);
#9232=PLANE('',#9231);
#9233=ORIENTED_EDGE('',*,*,#9096,.T.);
#9235=ORIENTED_EDGE('',*,*,#9234,.F.);
#9237=ORIENTED_EDGE('',*,*,#9236,.F.);
#9238=ORIENTED_EDGE('',*,*,#8996,.F.);
#9239=ORIENTED_EDGE('',*,*,#8889,.F.);
#9241=ORIENTED_EDGE('',*,*,#9240,.F.);
#9242=EDGE_LOOP('',(#9233,#9235,#9237,#9238,#9239,#9241));
#9243=FACE_OUTER_BOUND('',#9242,.F.);
#9244=ADVANCED_FACE('',(#9243),#9232,.T.);
#9245=CARTESIAN_POINT('',(1.82E0,3.43E0,-3.655E0));
#9246=DIRECTION('',(1.E0,0.E0,0.E0));
#9247=DIRECTION('',(0.E0,0.E0,-1.E0));
#9248=AXIS2_PLACEMENT_3D('',#9245,#9246,#9247);
#9249=PLANE('',#9248);
#9250=ORIENTED_EDGE('',*,*,#9029,.T.);
#9251=ORIENTED_EDGE('',*,*,#5489,.T.);
#9252=ORIENTED_EDGE('',*,*,#7351,.T.);
#9254=ORIENTED_EDGE('',*,*,#9253,.T.);
#9255=EDGE_LOOP('',(#9250,#9251,#9252,#9254));
#9256=FACE_OUTER_BOUND('',#9255,.F.);
#9257=ADVANCED_FACE('',(#9256),#9249,.F.);
#9258=CARTESIAN_POINT('',(1.82E0,3.43E0,-3.655E0));
#9259=DIRECTION('',(1.E0,0.E0,0.E0));
#9260=DIRECTION('',(0.E0,0.E0,-1.E0));
#9261=AXIS2_PLACEMENT_3D('',#9258,#9259,#9260);
#9262=PLANE('',#9261);
#9263=ORIENTED_EDGE('',*,*,#8951,.F.);
#9265=ORIENTED_EDGE('',*,*,#9264,.T.);
#9266=ORIENTED_EDGE('',*,*,#9234,.T.);
#9267=ORIENTED_EDGE('',*,*,#5690,.T.);
#9268=EDGE_LOOP('',(#9263,#9265,#9266,#9267));
#9269=FACE_OUTER_BOUND('',#9268,.F.);
#9270=ADVANCED_FACE('',(#9269),#9262,.F.);
#9271=CARTESIAN_POINT('',(1.82E0,3.43E0,-3.655E0));
#9272=DIRECTION('',(1.E0,0.E0,0.E0));
#9273=DIRECTION('',(0.E0,0.E0,-1.E0));
#9274=AXIS2_PLACEMENT_3D('',#9271,#9272,#9273);
#9275=PLANE('',#9274);
#9276=ORIENTED_EDGE('',*,*,#5694,.T.);
#9278=ORIENTED_EDGE('',*,*,#9277,.F.);
#9280=ORIENTED_EDGE('',*,*,#9279,.T.);
#9282=ORIENTED_EDGE('',*,*,#9281,.T.);
#9283=EDGE_LOOP('',(#9276,#9278,#9280,#9282));
#9284=FACE_OUTER_BOUND('',#9283,.F.);
#9285=ADVANCED_FACE('',(#9284),#9275,.F.);
#9286=CARTESIAN_POINT('',(1.18E0,3.43E0,-3.655E0));
#9287=DIRECTION('',(0.E0,0.E0,1.E0));
#9288=DIRECTION('',(1.E0,0.E0,0.E0));
#9289=AXIS2_PLACEMENT_3D('',#9286,#9287,#9288);
#9290=PLANE('',#9289);
#9291=ORIENTED_EDGE('',*,*,#9031,.T.);
#9292=ORIENTED_EDGE('',*,*,#9253,.F.);
#9293=ORIENTED_EDGE('',*,*,#7349,.F.);
#9294=ORIENTED_EDGE('',*,*,#8982,.T.);
#9295=EDGE_LOOP('',(#9291,#9292,#9293,#9294));
#9296=FACE_OUTER_BOUND('',#9295,.F.);
#9297=ADVANCED_FACE('',(#9296),#9290,.F.);
#9298=CARTESIAN_POINT('',(1.18E0,3.43E0,-3.655E0));
#9299=DIRECTION('',(0.E0,0.E0,1.E0));
#9300=DIRECTION('',(1.E0,0.E0,0.E0));
#9301=AXIS2_PLACEMENT_3D('',#9298,#9299,#9300);
#9302=PLANE('',#9301);
#9303=ORIENTED_EDGE('',*,*,#8949,.F.);
#9304=ORIENTED_EDGE('',*,*,#8998,.T.);
#9305=ORIENTED_EDGE('',*,*,#9236,.T.);
#9306=ORIENTED_EDGE('',*,*,#9264,.F.);
#9307=EDGE_LOOP('',(#9303,#9304,#9305,#9306));
#9308=FACE_OUTER_BOUND('',#9307,.F.);
#9309=ADVANCED_FACE('',(#9308),#9302,.F.);
#9310=CARTESIAN_POINT('',(1.18E0,3.43E0,-3.655E0));
#9311=DIRECTION('',(0.E0,0.E0,1.E0));
#9312=DIRECTION('',(1.E0,0.E0,0.E0));
#9313=AXIS2_PLACEMENT_3D('',#9310,#9311,#9312);
#9314=PLANE('',#9313);
#9316=ORIENTED_EDGE('',*,*,#9315,.F.);
#9317=ORIENTED_EDGE('',*,*,#9011,.T.);
#9319=ORIENTED_EDGE('',*,*,#9318,.T.);
#9320=ORIENTED_EDGE('',*,*,#9279,.F.);
#9321=EDGE_LOOP('',(#9316,#9317,#9319,#9320));
#9322=FACE_OUTER_BOUND('',#9321,.F.);
#9323=ADVANCED_FACE('',(#9322),#9314,.F.);
#9324=CARTESIAN_POINT('',(1.82E0,-3.2E-1,-3.655E0));
#9325=DIRECTION('',(0.E0,-1.E0,0.E0));
#9326=DIRECTION('',(0.E0,0.E0,-1.E0));
#9327=AXIS2_PLACEMENT_3D('',#9324,#9325,#9326);
#9328=PLANE('',#9327);
#9329=ORIENTED_EDGE('',*,*,#9100,.T.);
#9331=ORIENTED_EDGE('',*,*,#9330,.T.);
#9332=ORIENTED_EDGE('',*,*,#8885,.F.);
#9333=ORIENTED_EDGE('',*,*,#9013,.T.);
#9334=ORIENTED_EDGE('',*,*,#9315,.T.);
#9335=ORIENTED_EDGE('',*,*,#9277,.T.);
#9336=EDGE_LOOP('',(#9329,#9331,#9332,#9333,#9334,#9335));
#9337=FACE_OUTER_BOUND('',#9336,.F.);
#9338=ADVANCED_FACE('',(#9337),#9328,.T.);
#9339=CARTESIAN_POINT('',(1.82E0,-3.2E-1,-4.955E0));
#9340=DIRECTION('',(0.E0,0.E0,-1.E0));
#9341=DIRECTION('',(0.E0,1.E0,0.E0));
#9342=AXIS2_PLACEMENT_3D('',#9339,#9340,#9341);
#9343=PLANE('',#9342);
#9344=ORIENTED_EDGE('',*,*,#9098,.T.);
#9345=ORIENTED_EDGE('',*,*,#9240,.T.);
#9346=ORIENTED_EDGE('',*,*,#8887,.F.);
#9347=ORIENTED_EDGE('',*,*,#9330,.F.);
#9348=EDGE_LOOP('',(#9344,#9345,#9346,#9347));
#9349=FACE_OUTER_BOUND('',#9348,.F.);
#9350=ADVANCED_FACE('',(#9349),#9343,.T.);
#9351=CARTESIAN_POINT('',(1.82E0,-1.18E0,-4.285E0));
#9352=DIRECTION('',(0.E0,1.E0,0.E0));
#9353=DIRECTION('',(0.E0,0.E0,1.E0));
#9354=AXIS2_PLACEMENT_3D('',#9351,#9352,#9353);
#9355=PLANE('',#9354);
#9356=ORIENTED_EDGE('',*,*,#9009,.T.);
#9357=ORIENTED_EDGE('',*,*,#5696,.F.);
#9358=ORIENTED_EDGE('',*,*,#9281,.F.);
#9359=ORIENTED_EDGE('',*,*,#9318,.F.);
#9360=EDGE_LOOP('',(#9356,#9357,#9358,#9359));
#9361=FACE_OUTER_BOUND('',#9360,.F.);
#9362=ADVANCED_FACE('',(#9361),#9355,.T.);
#9363=CARTESIAN_POINT('',(1.82E0,-1.18E0,-4.285E0));
#9364=DIRECTION('',(0.E0,1.E0,0.E0));
#9365=DIRECTION('',(0.E0,0.E0,1.E0));
#9366=AXIS2_PLACEMENT_3D('',#9363,#9364,#9365);
#9367=PLANE('',#9366);
#9369=ORIENTED_EDGE('',*,*,#9368,.T.);
#9370=ORIENTED_EDGE('',*,*,#8937,.F.);
#9371=ORIENTED_EDGE('',*,*,#6280,.T.);
#9372=ORIENTED_EDGE('',*,*,#9143,.T.);
#9373=EDGE_LOOP('',(#9369,#9370,#9371,#9372));
#9374=FACE_OUTER_BOUND('',#9373,.F.);
#9375=ADVANCED_FACE('',(#9374),#9367,.T.);
#9376=CARTESIAN_POINT('',(1.5E0,-1.27E0,2.055E0));
#9377=DIRECTION('',(0.E0,9.841833239737E-1,1.771529983153E-1));
#9378=DIRECTION('',(0.E0,1.771529983153E-1,-9.841833239737E-1));
#9379=AXIS2_PLACEMENT_3D('',#9376,#9377,#9378);
#9380=PLANE('',#9379);
#9381=ORIENTED_EDGE('',*,*,#9368,.F.);
#9383=ORIENTED_EDGE('',*,*,#9382,.F.);
#9385=ORIENTED_EDGE('',*,*,#9384,.T.);
#9387=ORIENTED_EDGE('',*,*,#9386,.T.);
#9388=EDGE_LOOP('',(#9381,#9383,#9385,#9387));
#9389=FACE_OUTER_BOUND('',#9388,.F.);
#9390=ADVANCED_FACE('',(#9389),#9380,.T.);
#9391=CARTESIAN_POINT('',(1.73E0,-1.5E0,2.055E0));
#9392=DIRECTION('',(9.841833239737E-1,0.E0,1.771529983153E-1));
#9393=DIRECTION('',(-1.771529983153E-1,0.E0,9.841833239737E-1));
#9394=AXIS2_PLACEMENT_3D('',#9391,#9392,#9393);
#9395=PLANE('',#9394);
#9397=ORIENTED_EDGE('',*,*,#9396,.F.);
#9398=ORIENTED_EDGE('',*,*,#9382,.T.);
#9399=ORIENTED_EDGE('',*,*,#9141,.T.);
#9401=ORIENTED_EDGE('',*,*,#9400,.T.);
#9402=EDGE_LOOP('',(#9397,#9398,#9399,#9401));
#9403=FACE_OUTER_BOUND('',#9402,.F.);
#9404=ADVANCED_FACE('',(#9403),#9395,.T.);
#9405=CARTESIAN_POINT('',(1.82E0,-1.18E0,2.555E0));
#9406=DIRECTION('',(0.E0,0.E0,1.E0));
#9407=DIRECTION('',(0.E0,-1.E0,0.E0));
#9408=AXIS2_PLACEMENT_3D('',#9405,#9406,#9407);
#9409=PLANE('',#9408);
#9411=ORIENTED_EDGE('',*,*,#9410,.T.);
#9413=ORIENTED_EDGE('',*,*,#9412,.T.);
#9414=ORIENTED_EDGE('',*,*,#9384,.F.);
#9415=ORIENTED_EDGE('',*,*,#9396,.T.);
#9416=EDGE_LOOP('',(#9411,#9413,#9414,#9415));
#9417=FACE_OUTER_BOUND('',#9416,.F.);
#9418=ADVANCED_FACE('',(#9417),#9409,.T.);
#9419=CARTESIAN_POINT('',(1.5E0,-1.73E0,2.055E0));
#9420=DIRECTION('',(0.E0,-9.841833239737E-1,1.771529983153E-1));
#9421=DIRECTION('',(0.E0,1.771529983153E-1,9.841833239737E-1));
#9422=AXIS2_PLACEMENT_3D('',#9419,#9420,#9421);
#9423=PLANE('',#9422);
#9424=ORIENTED_EDGE('',*,*,#9410,.F.);
#9425=ORIENTED_EDGE('',*,*,#9400,.F.);
#9427=ORIENTED_EDGE('',*,*,#9426,.T.);
#9429=ORIENTED_EDGE('',*,*,#9428,.F.);
#9430=EDGE_LOOP('',(#9424,#9425,#9427,#9429));
#9431=FACE_OUTER_BOUND('',#9430,.F.);
#9432=ADVANCED_FACE('',(#9431),#9423,.T.);
#9433=CARTESIAN_POINT('',(1.82E0,-1.82E0,2.555E0));
#9434=DIRECTION('',(0.E0,-1.E0,0.E0));
#9435=DIRECTION('',(0.E0,0.E0,-1.E0));
#9436=AXIS2_PLACEMENT_3D('',#9433,#9434,#9435);
#9437=PLANE('',#9436);
#9438=ORIENTED_EDGE('',*,*,#9426,.F.);
#9439=ORIENTED_EDGE('',*,*,#9146,.T.);
#9440=ORIENTED_EDGE('',*,*,#6284,.F.);
#9441=ORIENTED_EDGE('',*,*,#8934,.F.);
#9442=EDGE_LOOP('',(#9438,#9439,#9440,#9441));
#9443=FACE_OUTER_BOUND('',#9442,.F.);
#9444=ADVANCED_FACE('',(#9443),#9437,.T.);
#9445=CARTESIAN_POINT('',(1.27E0,-1.5E0,2.055E0));
#9446=DIRECTION('',(-9.841833239737E-1,0.E0,1.771529983153E-1));
#9447=DIRECTION('',(1.771529983153E-1,0.E0,9.841833239737E-1));
#9448=AXIS2_PLACEMENT_3D('',#9445,#9446,#9447);
#9449=PLANE('',#9448);
#9450=ORIENTED_EDGE('',*,*,#8932,.T.);
#9451=ORIENTED_EDGE('',*,*,#9386,.F.);
#9452=ORIENTED_EDGE('',*,*,#9412,.F.);
#9453=ORIENTED_EDGE('',*,*,#9428,.T.);
#9454=EDGE_LOOP('',(#9450,#9451,#9452,#9453));
#9455=FACE_OUTER_BOUND('',#9454,.F.);
#9456=ADVANCED_FACE('',(#9455),#9449,.T.);
#9457=CARTESIAN_POINT('',(1.82E0,-3.29E0,-5.425E0));
#9458=DIRECTION('',(0.E0,1.E0,0.E0));
#9459=DIRECTION('',(0.E0,0.E0,1.E0));
#9460=AXIS2_PLACEMENT_3D('',#9457,#9458,#9459);
#9461=PLANE('',#9460);
#9462=ORIENTED_EDGE('',*,*,#9112,.T.);
#9463=ORIENTED_EDGE('',*,*,#8771,.F.);
#9464=ORIENTED_EDGE('',*,*,#8906,.F.);
#9466=ORIENTED_EDGE('',*,*,#9465,.F.);
#9467=EDGE_LOOP('',(#9462,#9463,#9464,#9466));
#9468=FACE_OUTER_BOUND('',#9467,.F.);
#9469=ADVANCED_FACE('',(#9468),#9461,.T.);
#9470=CARTESIAN_POINT('',(1.82E0,-3.61E0,-5.425E0));
#9471=DIRECTION('',(1.E0,0.E0,0.E0));
#9472=DIRECTION('',(0.E0,0.E0,-1.E0));
#9473=AXIS2_PLACEMENT_3D('',#9470,#9471,#9472);
#9474=CYLINDRICAL_SURFACE('',#9473,3.2E-1);
#9475=ORIENTED_EDGE('',*,*,#9114,.T.);
#9476=ORIENTED_EDGE('',*,*,#9465,.T.);
#9477=ORIENTED_EDGE('',*,*,#8904,.F.);
#9479=ORIENTED_EDGE('',*,*,#9478,.F.);
#9480=EDGE_LOOP('',(#9475,#9476,#9477,#9479));
#9481=FACE_OUTER_BOUND('',#9480,.F.);
#9482=ADVANCED_FACE('',(#9481),#9474,.T.);
#9483=CARTESIAN_POINT('',(1.82E0,-3.93E0,-3.745E0));
#9484=DIRECTION('',(0.E0,-1.E0,0.E0));
#9485=DIRECTION('',(0.E0,0.E0,-1.E0));
#9486=AXIS2_PLACEMENT_3D('',#9483,#9484,#9485);
#9487=PLANE('',#9486);
#9488=ORIENTED_EDGE('',*,*,#9116,.T.);
#9489=ORIENTED_EDGE('',*,*,#9478,.T.);
#9490=ORIENTED_EDGE('',*,*,#8902,.F.);
#9492=ORIENTED_EDGE('',*,*,#9491,.F.);
#9493=EDGE_LOOP('',(#9488,#9489,#9490,#9492));
#9494=FACE_OUTER_BOUND('',#9493,.F.);
#9495=ADVANCED_FACE('',(#9494),#9487,.T.);
#9496=CARTESIAN_POINT('',(1.82E0,-1.82E0,-3.745E0));
#9497=DIRECTION('',(0.E0,0.E0,1.E0));
#9498=DIRECTION('',(0.E0,-1.E0,0.E0));
#9499=AXIS2_PLACEMENT_3D('',#9496,#9497,#9498);
#9500=PLANE('',#9499);
#9501=ORIENTED_EDGE('',*,*,#9118,.T.);
#9502=ORIENTED_EDGE('',*,*,#9491,.T.);
#9503=ORIENTED_EDGE('',*,*,#8900,.F.);
#9504=ORIENTED_EDGE('',*,*,#7914,.T.);
#9505=EDGE_LOOP('',(#9501,#9502,#9503,#9504));
#9506=FACE_OUTER_BOUND('',#9505,.F.);
#9507=ADVANCED_FACE('',(#9506),#9500,.T.);
#9508=CARTESIAN_POINT('',(1.73E0,1.5E0,2.055E0));
#9509=DIRECTION('',(9.841833239737E-1,0.E0,1.771529983153E-1));
#9510=DIRECTION('',(-1.771529983153E-1,0.E0,9.841833239737E-1));
#9511=AXIS2_PLACEMENT_3D('',#9508,#9509,#9510);
#9512=PLANE('',#9511);
#9514=ORIENTED_EDGE('',*,*,#9513,.F.);
#9516=ORIENTED_EDGE('',*,*,#9515,.T.);
#9517=ORIENTED_EDGE('',*,*,#9128,.T.);
#9519=ORIENTED_EDGE('',*,*,#9518,.T.);
#9520=EDGE_LOOP('',(#9514,#9516,#9517,#9519));
#9521=FACE_OUTER_BOUND('',#9520,.F.);
#9522=ADVANCED_FACE('',(#9521),#9512,.T.);
#9523=CARTESIAN_POINT('',(1.82E0,1.82E0,2.555E0));
#9524=DIRECTION('',(0.E0,0.E0,1.E0));
#9525=DIRECTION('',(0.E0,-1.E0,0.E0));
#9526=AXIS2_PLACEMENT_3D('',#9523,#9524,#9525);
#9527=PLANE('',#9526);
#9529=ORIENTED_EDGE('',*,*,#9528,.T.);
#9531=ORIENTED_EDGE('',*,*,#9530,.T.);
#9533=ORIENTED_EDGE('',*,*,#9532,.F.);
#9534=ORIENTED_EDGE('',*,*,#9513,.T.);
#9535=EDGE_LOOP('',(#9529,#9531,#9533,#9534));
#9536=FACE_OUTER_BOUND('',#9535,.F.);
#9537=ADVANCED_FACE('',(#9536),#9527,.T.);
#9538=CARTESIAN_POINT('',(1.5E0,1.27E0,2.055E0));
#9539=DIRECTION('',(0.E0,-9.841833239737E-1,1.771529983153E-1));
#9540=DIRECTION('',(0.E0,1.771529983153E-1,9.841833239737E-1));
#9541=AXIS2_PLACEMENT_3D('',#9538,#9539,#9540);
#9542=PLANE('',#9541);
#9543=ORIENTED_EDGE('',*,*,#9528,.F.);
#9544=ORIENTED_EDGE('',*,*,#9518,.F.);
#9545=ORIENTED_EDGE('',*,*,#8966,.T.);
#9547=ORIENTED_EDGE('',*,*,#9546,.F.);
#9548=EDGE_LOOP('',(#9543,#9544,#9545,#9547));
#9549=FACE_OUTER_BOUND('',#9548,.F.);
#9550=ADVANCED_FACE('',(#9549),#9542,.T.);
#9551=CARTESIAN_POINT('',(1.27E0,1.5E0,2.055E0));
#9552=DIRECTION('',(-9.841833239737E-1,0.E0,1.771529983153E-1));
#9553=DIRECTION('',(1.771529983153E-1,0.E0,9.841833239737E-1));
#9554=AXIS2_PLACEMENT_3D('',#9551,#9552,#9553);
#9555=PLANE('',#9554);
#9556=ORIENTED_EDGE('',*,*,#8917,.T.);
#9558=ORIENTED_EDGE('',*,*,#9557,.F.);
#9559=ORIENTED_EDGE('',*,*,#9530,.F.);
#9560=ORIENTED_EDGE('',*,*,#9546,.T.);
#9561=EDGE_LOOP('',(#9556,#9558,#9559,#9560));
#9562=FACE_OUTER_BOUND('',#9561,.F.);
#9563=ADVANCED_FACE('',(#9562),#9555,.T.);
#9564=CARTESIAN_POINT('',(1.5E0,1.73E0,2.055E0));
#9565=DIRECTION('',(0.E0,9.841833239737E-1,1.771529983153E-1));
#9566=DIRECTION('',(0.E0,1.771529983153E-1,-9.841833239737E-1));
#9567=AXIS2_PLACEMENT_3D('',#9564,#9565,#9566);
#9568=PLANE('',#9567);
#9569=ORIENTED_EDGE('',*,*,#9041,.F.);
#9570=ORIENTED_EDGE('',*,*,#9515,.F.);
#9571=ORIENTED_EDGE('',*,*,#9532,.T.);
#9572=ORIENTED_EDGE('',*,*,#9557,.T.);
#9573=EDGE_LOOP('',(#9569,#9570,#9571,#9572));
#9574=FACE_OUTER_BOUND('',#9573,.F.);
#9575=ADVANCED_FACE('',(#9574),#9568,.T.);
#9576=CARTESIAN_POINT('',(4.18E0,0.E0,0.E0));
#9577=DIRECTION('',(1.E0,0.E0,0.E0));
#9578=DIRECTION('',(0.E0,0.E0,-1.E0));
#9579=AXIS2_PLACEMENT_3D('',#9576,#9577,#9578);
#9580=PLANE('',#9579);
#9581=ORIENTED_EDGE('',*,*,#8776,.F.);
#9582=ORIENTED_EDGE('',*,*,#7908,.T.);
#9584=ORIENTED_EDGE('',*,*,#9583,.T.);
#9586=ORIENTED_EDGE('',*,*,#9585,.T.);
#9588=ORIENTED_EDGE('',*,*,#9587,.T.);
#9590=ORIENTED_EDGE('',*,*,#9589,.T.);
#9591=EDGE_LOOP('',(#9581,#9582,#9584,#9586,#9588,#9590));
#9592=FACE_OUTER_BOUND('',#9591,.F.);
#9593=ADVANCED_FACE('',(#9592),#9580,.F.);
#9594=CARTESIAN_POINT('',(4.18E0,0.E0,0.E0));
#9595=DIRECTION('',(1.E0,0.E0,0.E0));
#9596=DIRECTION('',(0.E0,0.E0,-1.E0));
#9597=AXIS2_PLACEMENT_3D('',#9594,#9595,#9596);
#9598=PLANE('',#9597);
#9600=ORIENTED_EDGE('',*,*,#9599,.T.);
#9601=ORIENTED_EDGE('',*,*,#5483,.F.);
#9602=ORIENTED_EDGE('',*,*,#5578,.F.);
#9603=ORIENTED_EDGE('',*,*,#5685,.F.);
#9605=ORIENTED_EDGE('',*,*,#9604,.T.);
#9607=ORIENTED_EDGE('',*,*,#9606,.T.);
#9609=ORIENTED_EDGE('',*,*,#9608,.T.);
#9611=ORIENTED_EDGE('',*,*,#9610,.T.);
#9613=ORIENTED_EDGE('',*,*,#9612,.T.);
#9615=ORIENTED_EDGE('',*,*,#9614,.T.);
#9617=ORIENTED_EDGE('',*,*,#9616,.T.);
#9619=ORIENTED_EDGE('',*,*,#9618,.T.);
#9620=EDGE_LOOP('',(#9600,#9601,#9602,#9603,#9605,#9607,#9609,#9611,#9613,#9615,
#9617,#9619));
#9621=FACE_OUTER_BOUND('',#9620,.F.);
#9622=ADVANCED_FACE('',(#9621),#9598,.F.);
#9623=CARTESIAN_POINT('',(4.18E0,0.E0,0.E0));
#9624=DIRECTION('',(1.E0,0.E0,0.E0));
#9625=DIRECTION('',(0.E0,0.E0,-1.E0));
#9626=AXIS2_PLACEMENT_3D('',#9623,#9624,#9625);
#9627=PLANE('',#9626);
#9628=ORIENTED_EDGE('',*,*,#5681,.F.);
#9630=ORIENTED_EDGE('',*,*,#9629,.T.);
#9632=ORIENTED_EDGE('',*,*,#9631,.T.);
#9634=ORIENTED_EDGE('',*,*,#9633,.T.);
#9635=EDGE_LOOP('',(#9628,#9630,#9632,#9634));
#9636=FACE_OUTER_BOUND('',#9635,.F.);
#9637=ADVANCED_FACE('',(#9636),#9627,.F.);
#9638=CARTESIAN_POINT('',(4.18E0,0.E0,0.E0));
#9639=DIRECTION('',(1.E0,0.E0,0.E0));
#9640=DIRECTION('',(0.E0,0.E0,-1.E0));
#9641=AXIS2_PLACEMENT_3D('',#9638,#9639,#9640);
#9642=PLANE('',#9641);
#9644=ORIENTED_EDGE('',*,*,#9643,.F.);
#9646=ORIENTED_EDGE('',*,*,#9645,.T.);
#9647=ORIENTED_EDGE('',*,*,#6226,.T.);
#9649=ORIENTED_EDGE('',*,*,#9648,.T.);
#9650=EDGE_LOOP('',(#9644,#9646,#9647,#9649));
#9651=FACE_OUTER_BOUND('',#9650,.F.);
#9652=ADVANCED_FACE('',(#9651),#9642,.F.);
#9653=CARTESIAN_POINT('',(4.18E0,0.E0,0.E0));
#9654=DIRECTION('',(1.E0,0.E0,0.E0));
#9655=DIRECTION('',(0.E0,0.E0,-1.E0));
#9656=AXIS2_PLACEMENT_3D('',#9653,#9654,#9655);
#9657=PLANE('',#9656);
#9659=ORIENTED_EDGE('',*,*,#9658,.F.);
#9661=ORIENTED_EDGE('',*,*,#9660,.T.);
#9662=ORIENTED_EDGE('',*,*,#6254,.T.);
#9664=ORIENTED_EDGE('',*,*,#9663,.T.);
#9665=EDGE_LOOP('',(#9659,#9661,#9662,#9664));
#9666=FACE_OUTER_BOUND('',#9665,.F.);
#9667=ADVANCED_FACE('',(#9666),#9657,.F.);
#9668=CARTESIAN_POINT('',(4.82E0,-1.82E0,-3.745E0));
#9669=DIRECTION('',(0.E0,0.E0,1.E0));
#9670=DIRECTION('',(0.E0,-1.E0,0.E0));
#9671=AXIS2_PLACEMENT_3D('',#9668,#9669,#9670);
#9672=PLANE('',#9671);
#9674=ORIENTED_EDGE('',*,*,#9673,.T.);
#9676=ORIENTED_EDGE('',*,*,#9675,.T.);
#9677=ORIENTED_EDGE('',*,*,#9583,.F.);
#9678=ORIENTED_EDGE('',*,*,#7906,.T.);
#9679=EDGE_LOOP('',(#9674,#9676,#9677,#9678));
#9680=FACE_OUTER_BOUND('',#9679,.F.);
#9681=ADVANCED_FACE('',(#9680),#9672,.T.);
#9682=CARTESIAN_POINT('',(4.82E0,0.E0,0.E0));
#9683=DIRECTION('',(1.E0,0.E0,0.E0));
#9684=DIRECTION('',(0.E0,0.E0,-1.E0));
#9685=AXIS2_PLACEMENT_3D('',#9682,#9683,#9684);
#9686=PLANE('',#9685);
#9688=ORIENTED_EDGE('',*,*,#9687,.F.);
#9690=ORIENTED_EDGE('',*,*,#9689,.F.);
#9692=ORIENTED_EDGE('',*,*,#9691,.F.);
#9694=ORIENTED_EDGE('',*,*,#9693,.F.);
#9696=ORIENTED_EDGE('',*,*,#9695,.F.);
#9698=ORIENTED_EDGE('',*,*,#9697,.F.);
#9700=ORIENTED_EDGE('',*,*,#9699,.F.);
#9702=ORIENTED_EDGE('',*,*,#9701,.F.);
#9704=ORIENTED_EDGE('',*,*,#9703,.F.);
#9705=ORIENTED_EDGE('',*,*,#5669,.T.);
#9706=ORIENTED_EDGE('',*,*,#5566,.T.);
#9707=ORIENTED_EDGE('',*,*,#5471,.T.);
#9708=EDGE_LOOP('',(#9688,#9690,#9692,#9694,#9696,#9698,#9700,#9702,#9704,#9705,
#9706,#9707));
#9709=FACE_OUTER_BOUND('',#9708,.F.);
#9710=ADVANCED_FACE('',(#9709),#9686,.T.);
#9711=CARTESIAN_POINT('',(4.82E0,0.E0,0.E0));
#9712=DIRECTION('',(1.E0,0.E0,0.E0));
#9713=DIRECTION('',(0.E0,0.E0,-1.E0));
#9714=AXIS2_PLACEMENT_3D('',#9711,#9712,#9713);
#9715=PLANE('',#9714);
#9716=ORIENTED_EDGE('',*,*,#5673,.T.);
#9718=ORIENTED_EDGE('',*,*,#9717,.F.);
#9720=ORIENTED_EDGE('',*,*,#9719,.F.);
#9722=ORIENTED_EDGE('',*,*,#9721,.F.);
#9723=EDGE_LOOP('',(#9716,#9718,#9720,#9722));
#9724=FACE_OUTER_BOUND('',#9723,.F.);
#9725=ADVANCED_FACE('',(#9724),#9715,.T.);
#9726=CARTESIAN_POINT('',(4.82E0,0.E0,0.E0));
#9727=DIRECTION('',(1.E0,0.E0,0.E0));
#9728=DIRECTION('',(0.E0,0.E0,-1.E0));
#9729=AXIS2_PLACEMENT_3D('',#9726,#9727,#9728);
#9730=PLANE('',#9729);
#9731=ORIENTED_EDGE('',*,*,#7904,.F.);
#9732=ORIENTED_EDGE('',*,*,#8780,.T.);
#9734=ORIENTED_EDGE('',*,*,#9733,.F.);
#9736=ORIENTED_EDGE('',*,*,#9735,.F.);
#9738=ORIENTED_EDGE('',*,*,#9737,.F.);
#9739=ORIENTED_EDGE('',*,*,#9673,.F.);
#9740=EDGE_LOOP('',(#9731,#9732,#9734,#9736,#9738,#9739));
#9741=FACE_OUTER_BOUND('',#9740,.F.);
#9742=ADVANCED_FACE('',(#9741),#9730,.T.);
#9743=CARTESIAN_POINT('',(4.82E0,0.E0,0.E0));
#9744=DIRECTION('',(1.E0,0.E0,0.E0));
#9745=DIRECTION('',(0.E0,0.E0,-1.E0));
#9746=AXIS2_PLACEMENT_3D('',#9743,#9744,#9745);
#9747=PLANE('',#9746);
#9749=ORIENTED_EDGE('',*,*,#9748,.F.);
#9751=ORIENTED_EDGE('',*,*,#9750,.F.);
#9752=ORIENTED_EDGE('',*,*,#6222,.F.);
#9754=ORIENTED_EDGE('',*,*,#9753,.F.);
#9755=EDGE_LOOP('',(#9749,#9751,#9752,#9754));
#9756=FACE_OUTER_BOUND('',#9755,.F.);
#9757=ADVANCED_FACE('',(#9756),#9747,.T.);
#9758=CARTESIAN_POINT('',(4.82E0,0.E0,0.E0));
#9759=DIRECTION('',(1.E0,0.E0,0.E0));
#9760=DIRECTION('',(0.E0,0.E0,-1.E0));
#9761=AXIS2_PLACEMENT_3D('',#9758,#9759,#9760);
#9762=PLANE('',#9761);
#9764=ORIENTED_EDGE('',*,*,#9763,.F.);
#9766=ORIENTED_EDGE('',*,*,#9765,.F.);
#9767=ORIENTED_EDGE('',*,*,#6250,.F.);
#9769=ORIENTED_EDGE('',*,*,#9768,.F.);
#9770=EDGE_LOOP('',(#9764,#9766,#9767,#9769));
#9771=FACE_OUTER_BOUND('',#9770,.F.);
#9772=ADVANCED_FACE('',(#9771),#9762,.T.);
#9773=CARTESIAN_POINT('',(4.82E0,1.82E0,-6.905E0));
#9774=DIRECTION('',(0.E0,1.E0,0.E0));
#9775=DIRECTION('',(0.E0,0.E0,1.E0));
#9776=AXIS2_PLACEMENT_3D('',#9773,#9774,#9775);
#9777=PLANE('',#9776);
#9779=ORIENTED_EDGE('',*,*,#9778,.F.);
#9780=ORIENTED_EDGE('',*,*,#9599,.F.);
#9782=ORIENTED_EDGE('',*,*,#9781,.F.);
#9783=ORIENTED_EDGE('',*,*,#9687,.T.);
#9785=ORIENTED_EDGE('',*,*,#9784,.F.);
#9787=ORIENTED_EDGE('',*,*,#9786,.F.);
#9788=EDGE_LOOP('',(#9779,#9780,#9782,#9783,#9785,#9787));
#9789=FACE_OUTER_BOUND('',#9788,.F.);
#9790=ADVANCED_FACE('',(#9789),#9777,.T.);
#9791=CARTESIAN_POINT('',(4.82E0,1.82E0,-6.905E0));
#9792=DIRECTION('',(0.E0,1.E0,0.E0));
#9793=DIRECTION('',(0.E0,0.E0,1.E0));
#9794=AXIS2_PLACEMENT_3D('',#9791,#9792,#9793);
#9795=PLANE('',#9794);
#9797=ORIENTED_EDGE('',*,*,#9796,.T.);
#9798=ORIENTED_EDGE('',*,*,#9648,.F.);
#9799=ORIENTED_EDGE('',*,*,#6224,.T.);
#9800=ORIENTED_EDGE('',*,*,#9750,.T.);
#9801=EDGE_LOOP('',(#9797,#9798,#9799,#9800));
#9802=FACE_OUTER_BOUND('',#9801,.F.);
#9803=ADVANCED_FACE('',(#9802),#9795,.T.);
#9804=CARTESIAN_POINT('',(4.18E0,3.43E0,-4.955E0));
#9805=DIRECTION('',(-1.E0,0.E0,0.E0));
#9806=DIRECTION('',(0.E0,0.E0,1.E0));
#9807=AXIS2_PLACEMENT_3D('',#9804,#9805,#9806);
#9808=PLANE('',#9807);
#9810=ORIENTED_EDGE('',*,*,#9809,.F.);
#9811=ORIENTED_EDGE('',*,*,#7354,.F.);
#9812=ORIENTED_EDGE('',*,*,#5485,.F.);
#9813=ORIENTED_EDGE('',*,*,#9778,.T.);
#9814=EDGE_LOOP('',(#9810,#9811,#9812,#9813));
#9815=FACE_OUTER_BOUND('',#9814,.F.);
#9816=ADVANCED_FACE('',(#9815),#9808,.F.);
#9817=CARTESIAN_POINT('',(4.18E0,3.43E0,-4.955E0));
#9818=DIRECTION('',(-1.E0,0.E0,0.E0));
#9819=DIRECTION('',(0.E0,0.E0,1.E0));
#9820=AXIS2_PLACEMENT_3D('',#9817,#9818,#9819);
#9821=PLANE('',#9820);
#9823=ORIENTED_EDGE('',*,*,#9822,.F.);
#9824=ORIENTED_EDGE('',*,*,#5683,.F.);
#9826=ORIENTED_EDGE('',*,*,#9825,.T.);
#9828=ORIENTED_EDGE('',*,*,#9827,.F.);
#9829=EDGE_LOOP('',(#9823,#9824,#9826,#9828));
#9830=FACE_OUTER_BOUND('',#9829,.F.);
#9831=ADVANCED_FACE('',(#9830),#9821,.F.);
#9832=CARTESIAN_POINT('',(4.18E0,3.43E0,-4.955E0));
#9833=DIRECTION('',(-1.E0,0.E0,0.E0));
#9834=DIRECTION('',(0.E0,0.E0,1.E0));
#9835=AXIS2_PLACEMENT_3D('',#9832,#9833,#9834);
#9836=PLANE('',#9835);
#9837=ORIENTED_EDGE('',*,*,#5679,.F.);
#9839=ORIENTED_EDGE('',*,*,#9838,.F.);
#9841=ORIENTED_EDGE('',*,*,#9840,.F.);
#9843=ORIENTED_EDGE('',*,*,#9842,.F.);
#9844=EDGE_LOOP('',(#9837,#9839,#9841,#9843));
#9845=FACE_OUTER_BOUND('',#9844,.F.);
#9846=ADVANCED_FACE('',(#9845),#9836,.F.);
#9847=CARTESIAN_POINT('',(4.18E0,3.43E0,-3.655E0));
#9848=DIRECTION('',(0.E0,0.E0,1.E0));
#9849=DIRECTION('',(1.E0,0.E0,0.E0));
#9850=AXIS2_PLACEMENT_3D('',#9847,#9848,#9849);
#9851=PLANE('',#9850);
#9852=ORIENTED_EDGE('',*,*,#9809,.T.);
#9853=ORIENTED_EDGE('',*,*,#9786,.T.);
#9855=ORIENTED_EDGE('',*,*,#9854,.F.);
#9856=ORIENTED_EDGE('',*,*,#7356,.F.);
#9857=EDGE_LOOP('',(#9852,#9853,#9855,#9856));
#9858=FACE_OUTER_BOUND('',#9857,.F.);
#9859=ADVANCED_FACE('',(#9858),#9851,.F.);
#9860=CARTESIAN_POINT('',(4.18E0,3.43E0,-3.655E0));
#9861=DIRECTION('',(0.E0,0.E0,1.E0));
#9862=DIRECTION('',(1.E0,0.E0,0.E0));
#9863=AXIS2_PLACEMENT_3D('',#9860,#9861,#9862);
#9864=PLANE('',#9863);
#9866=ORIENTED_EDGE('',*,*,#9865,.F.);
#9867=ORIENTED_EDGE('',*,*,#9827,.T.);
#9869=ORIENTED_EDGE('',*,*,#9868,.T.);
#9871=ORIENTED_EDGE('',*,*,#9870,.F.);
#9872=EDGE_LOOP('',(#9866,#9867,#9869,#9871));
#9873=FACE_OUTER_BOUND('',#9872,.F.);
#9874=ADVANCED_FACE('',(#9873),#9864,.F.);
#9875=CARTESIAN_POINT('',(4.18E0,3.43E0,-3.655E0));
#9876=DIRECTION('',(0.E0,0.E0,1.E0));
#9877=DIRECTION('',(1.E0,0.E0,0.E0));
#9878=AXIS2_PLACEMENT_3D('',#9875,#9876,#9877);
#9879=PLANE('',#9878);
#9881=ORIENTED_EDGE('',*,*,#9880,.F.);
#9882=ORIENTED_EDGE('',*,*,#9840,.T.);
#9884=ORIENTED_EDGE('',*,*,#9883,.T.);
#9886=ORIENTED_EDGE('',*,*,#9885,.F.);
#9887=EDGE_LOOP('',(#9881,#9882,#9884,#9886));
#9888=FACE_OUTER_BOUND('',#9887,.F.);
#9889=ADVANCED_FACE('',(#9888),#9879,.F.);
#9890=CARTESIAN_POINT('',(4.82E0,3.43E0,-3.655E0));
#9891=DIRECTION('',(1.E0,0.E0,0.E0));
#9892=DIRECTION('',(0.E0,0.E0,-1.E0));
#9893=AXIS2_PLACEMENT_3D('',#9890,#9891,#9892);
#9894=PLANE('',#9893);
#9895=ORIENTED_EDGE('',*,*,#9854,.T.);
#9896=ORIENTED_EDGE('',*,*,#9784,.T.);
#9897=ORIENTED_EDGE('',*,*,#5469,.T.);
#9898=ORIENTED_EDGE('',*,*,#7358,.T.);
#9899=EDGE_LOOP('',(#9895,#9896,#9897,#9898));
#9900=FACE_OUTER_BOUND('',#9899,.F.);
#9901=ADVANCED_FACE('',(#9900),#9894,.F.);
#9902=CARTESIAN_POINT('',(4.82E0,3.43E0,-3.655E0));
#9903=DIRECTION('',(1.E0,0.E0,0.E0));
#9904=DIRECTION('',(0.E0,0.E0,-1.E0));
#9905=AXIS2_PLACEMENT_3D('',#9902,#9903,#9904);
#9906=PLANE('',#9905);
#9908=ORIENTED_EDGE('',*,*,#9907,.F.);
#9909=ORIENTED_EDGE('',*,*,#9870,.T.);
#9911=ORIENTED_EDGE('',*,*,#9910,.T.);
#9912=ORIENTED_EDGE('',*,*,#5671,.T.);
#9913=EDGE_LOOP('',(#9908,#9909,#9911,#9912));
#9914=FACE_OUTER_BOUND('',#9913,.F.);
#9915=ADVANCED_FACE('',(#9914),#9906,.F.);
#9916=CARTESIAN_POINT('',(4.82E0,3.43E0,-3.655E0));
#9917=DIRECTION('',(1.E0,0.E0,0.E0));
#9918=DIRECTION('',(0.E0,0.E0,-1.E0));
#9919=AXIS2_PLACEMENT_3D('',#9916,#9917,#9918);
#9920=PLANE('',#9919);
#9921=ORIENTED_EDGE('',*,*,#5675,.T.);
#9923=ORIENTED_EDGE('',*,*,#9922,.F.);
#9924=ORIENTED_EDGE('',*,*,#9885,.T.);
#9926=ORIENTED_EDGE('',*,*,#9925,.T.);
#9927=EDGE_LOOP('',(#9921,#9923,#9924,#9926));
#9928=FACE_OUTER_BOUND('',#9927,.F.);
#9929=ADVANCED_FACE('',(#9928),#9920,.F.);
#9930=CARTESIAN_POINT('',(4.82E0,1.18E0,2.555E0));
#9931=DIRECTION('',(0.E0,-1.E0,0.E0));
#9932=DIRECTION('',(0.E0,0.E0,-1.E0));
#9933=AXIS2_PLACEMENT_3D('',#9930,#9931,#9932);
#9934=PLANE('',#9933);
#9935=ORIENTED_EDGE('',*,*,#9822,.T.);
#9936=ORIENTED_EDGE('',*,*,#9865,.T.);
#9937=ORIENTED_EDGE('',*,*,#9907,.T.);
#9938=ORIENTED_EDGE('',*,*,#9703,.T.);
#9940=ORIENTED_EDGE('',*,*,#9939,.T.);
#9941=ORIENTED_EDGE('',*,*,#9604,.F.);
#9942=EDGE_LOOP('',(#9935,#9936,#9937,#9938,#9940,#9941));
#9943=FACE_OUTER_BOUND('',#9942,.F.);
#9944=ADVANCED_FACE('',(#9943),#9934,.T.);
#9945=CARTESIAN_POINT('',(4.82E0,1.18E0,2.555E0));
#9946=DIRECTION('',(0.E0,-1.E0,0.E0));
#9947=DIRECTION('',(0.E0,0.E0,-1.E0));
#9948=AXIS2_PLACEMENT_3D('',#9945,#9946,#9947);
#9949=PLANE('',#9948);
#9951=ORIENTED_EDGE('',*,*,#9950,.F.);
#9952=ORIENTED_EDGE('',*,*,#9753,.T.);
#9953=ORIENTED_EDGE('',*,*,#6228,.F.);
#9954=ORIENTED_EDGE('',*,*,#9645,.F.);
#9955=EDGE_LOOP('',(#9951,#9952,#9953,#9954));
#9956=FACE_OUTER_BOUND('',#9955,.F.);
#9957=ADVANCED_FACE('',(#9956),#9949,.T.);
#9958=CARTESIAN_POINT('',(4.82E0,6.8E-1,-5.710030241322E0));
#9959=DIRECTION('',(1.E0,0.E0,0.E0));
#9960=DIRECTION('',(0.E0,0.E0,-1.E0));
#9961=AXIS2_PLACEMENT_3D('',#9958,#9959,#9960);
#9962=CYLINDRICAL_SURFACE('',#9961,5.E-1);
#9963=ORIENTED_EDGE('',*,*,#9701,.T.);
#9965=ORIENTED_EDGE('',*,*,#9964,.T.);
#9966=ORIENTED_EDGE('',*,*,#9606,.F.);
#9967=ORIENTED_EDGE('',*,*,#9939,.F.);
#9968=EDGE_LOOP('',(#9963,#9965,#9966,#9967));
#9969=FACE_OUTER_BOUND('',#9968,.F.);
#9970=ADVANCED_FACE('',(#9969),#9962,.F.);
#9971=CARTESIAN_POINT('',(4.82E0,8.938922490563E-1,-6.161970619905E0));
#9972=DIRECTION('',(0.E0,-4.277844981127E-1,9.038807571657E-1));
#9973=DIRECTION('',(0.E0,-9.038807571657E-1,-4.277844981127E-1));
#9974=AXIS2_PLACEMENT_3D('',#9971,#9972,#9973);
#9975=PLANE('',#9974);
#9976=ORIENTED_EDGE('',*,*,#9699,.T.);
#9978=ORIENTED_EDGE('',*,*,#9977,.T.);
#9979=ORIENTED_EDGE('',*,*,#9608,.F.);
#9980=ORIENTED_EDGE('',*,*,#9964,.F.);
#9981=EDGE_LOOP('',(#9976,#9978,#9979,#9980));
#9982=FACE_OUTER_BOUND('',#9981,.F.);
#9983=ADVANCED_FACE('',(#9982),#9975,.T.);
#9984=CARTESIAN_POINT('',(4.82E0,-3.93E0,-8.445E0));
#9985=DIRECTION('',(0.E0,-1.E0,0.E0));
#9986=DIRECTION('',(0.E0,0.E0,-1.E0));
#9987=AXIS2_PLACEMENT_3D('',#9984,#9985,#9986);
#9988=PLANE('',#9987);
#9989=ORIENTED_EDGE('',*,*,#9697,.T.);
#9991=ORIENTED_EDGE('',*,*,#9990,.T.);
#9992=ORIENTED_EDGE('',*,*,#9610,.F.);
#9993=ORIENTED_EDGE('',*,*,#9977,.F.);
#9994=EDGE_LOOP('',(#9989,#9991,#9992,#9993));
#9995=FACE_OUTER_BOUND('',#9994,.F.);
#9996=ADVANCED_FACE('',(#9995),#9988,.T.);
#9997=CARTESIAN_POINT('',(4.82E0,-3.61E0,-1.0125E1));
#9998=DIRECTION('',(1.E0,0.E0,0.E0));
#9999=DIRECTION('',(0.E0,0.E0,-1.E0));
#10000=AXIS2_PLACEMENT_3D('',#9997,#9998,#9999);
#10001=CYLINDRICAL_SURFACE('',#10000,3.2E-1);
#10002=ORIENTED_EDGE('',*,*,#9695,.T.);
#10004=ORIENTED_EDGE('',*,*,#10003,.T.);
#10005=ORIENTED_EDGE('',*,*,#9612,.F.);
#10006=ORIENTED_EDGE('',*,*,#9990,.F.);
#10007=EDGE_LOOP('',(#10002,#10004,#10005,#10006));
#10008=FACE_OUTER_BOUND('',#10007,.F.);
#10009=ADVANCED_FACE('',(#10008),#10001,.T.);
#10010=CARTESIAN_POINT('',(4.82E0,-3.29E0,-1.0125E1));
#10011=DIRECTION('',(0.E0,1.E0,0.E0));
#10012=DIRECTION('',(0.E0,0.E0,1.E0));
#10013=AXIS2_PLACEMENT_3D('',#10010,#10011,#10012);
#10014=PLANE('',#10013);
#10015=ORIENTED_EDGE('',*,*,#9693,.T.);
#10017=ORIENTED_EDGE('',*,*,#10016,.T.);
#10018=ORIENTED_EDGE('',*,*,#9614,.F.);
#10019=ORIENTED_EDGE('',*,*,#10003,.F.);
#10020=EDGE_LOOP('',(#10015,#10017,#10018,#10019));
#10021=FACE_OUTER_BOUND('',#10020,.F.);
#10022=ADVANCED_FACE('',(#10021),#10014,.T.);
#10023=CARTESIAN_POINT('',(4.82E0,-3.29E0,-8.850161763103E0));
#10024=DIRECTION('',(0.E0,4.277844981127E-1,-9.038807571657E-1));
#10025=DIRECTION('',(0.E0,9.038807571657E-1,4.277844981127E-1));
#10026=AXIS2_PLACEMENT_3D('',#10023,#10024,#10025);
#10027=PLANE('',#10026);
#10028=ORIENTED_EDGE('',*,*,#9691,.T.);
#10030=ORIENTED_EDGE('',*,*,#10029,.T.);
#10031=ORIENTED_EDGE('',*,*,#9616,.F.);
#10032=ORIENTED_EDGE('',*,*,#10016,.F.);
#10033=EDGE_LOOP('',(#10028,#10030,#10031,#10032));
#10034=FACE_OUTER_BOUND('',#10033,.F.);
#10035=ADVANCED_FACE('',(#10034),#10027,.T.);
#10036=CARTESIAN_POINT('',(4.82E0,8.2E-1,-6.905E0));
#10037=DIRECTION('',(0.E0,0.E0,-1.E0));
#10038=DIRECTION('',(0.E0,1.E0,0.E0));
#10039=AXIS2_PLACEMENT_3D('',#10036,#10037,#10038);
#10040=PLANE('',#10039);
#10041=ORIENTED_EDGE('',*,*,#9689,.T.);
#10042=ORIENTED_EDGE('',*,*,#9781,.T.);
#10043=ORIENTED_EDGE('',*,*,#9618,.F.);
#10044=ORIENTED_EDGE('',*,*,#10029,.F.);
#10045=EDGE_LOOP('',(#10041,#10042,#10043,#10044));
#10046=FACE_OUTER_BOUND('',#10045,.F.);
#10047=ADVANCED_FACE('',(#10046),#10040,.T.);
#10048=CARTESIAN_POINT('',(4.5E0,1.27E0,2.055E0));
#10049=DIRECTION('',(0.E0,-9.841833239737E-1,1.771529983153E-1));
#10050=DIRECTION('',(0.E0,1.771529983153E-1,9.841833239737E-1));
#10051=AXIS2_PLACEMENT_3D('',#10048,#10049,#10050);
#10052=PLANE('',#10051);
#10054=ORIENTED_EDGE('',*,*,#10053,.F.);
#10056=ORIENTED_EDGE('',*,*,#10055,.F.);
#10057=ORIENTED_EDGE('',*,*,#9950,.T.);
#10059=ORIENTED_EDGE('',*,*,#10058,.F.);
#10060=EDGE_LOOP('',(#10054,#10056,#10057,#10059));
#10061=FACE_OUTER_BOUND('',#10060,.F.);
#10062=ADVANCED_FACE('',(#10061),#10052,.T.);
#10063=CARTESIAN_POINT('',(4.82E0,1.82E0,2.555E0));
#10064=DIRECTION('',(0.E0,0.E0,1.E0));
#10065=DIRECTION('',(0.E0,-1.E0,0.E0));
#10066=AXIS2_PLACEMENT_3D('',#10063,#10064,#10065);
#10067=PLANE('',#10066);
#10068=ORIENTED_EDGE('',*,*,#10053,.T.);
#10070=ORIENTED_EDGE('',*,*,#10069,.T.);
#10072=ORIENTED_EDGE('',*,*,#10071,.F.);
#10074=ORIENTED_EDGE('',*,*,#10073,.T.);
#10075=EDGE_LOOP('',(#10068,#10070,#10072,#10074));
#10076=FACE_OUTER_BOUND('',#10075,.F.);
#10077=ADVANCED_FACE('',(#10076),#10067,.T.);
#10078=CARTESIAN_POINT('',(4.27E0,1.5E0,2.055E0));
#10079=DIRECTION('',(-9.841833239737E-1,0.E0,1.771529983153E-1));
#10080=DIRECTION('',(1.771529983153E-1,0.E0,9.841833239737E-1));
#10081=AXIS2_PLACEMENT_3D('',#10078,#10079,#10080);
#10082=PLANE('',#10081);
#10083=ORIENTED_EDGE('',*,*,#9643,.T.);
#10085=ORIENTED_EDGE('',*,*,#10084,.F.);
#10086=ORIENTED_EDGE('',*,*,#10069,.F.);
#10087=ORIENTED_EDGE('',*,*,#10058,.T.);
#10088=EDGE_LOOP('',(#10083,#10085,#10086,#10087));
#10089=FACE_OUTER_BOUND('',#10088,.F.);
#10090=ADVANCED_FACE('',(#10089),#10082,.T.);
#10091=CARTESIAN_POINT('',(4.5E0,1.73E0,2.055E0));
#10092=DIRECTION('',(0.E0,9.841833239737E-1,1.771529983153E-1));
#10093=DIRECTION('',(0.E0,1.771529983153E-1,-9.841833239737E-1));
#10094=AXIS2_PLACEMENT_3D('',#10091,#10092,#10093);
#10095=PLANE('',#10094);
#10096=ORIENTED_EDGE('',*,*,#9796,.F.);
#10098=ORIENTED_EDGE('',*,*,#10097,.F.);
#10099=ORIENTED_EDGE('',*,*,#10071,.T.);
#10100=ORIENTED_EDGE('',*,*,#10084,.T.);
#10101=EDGE_LOOP('',(#10096,#10098,#10099,#10100));
#10102=FACE_OUTER_BOUND('',#10101,.F.);
#10103=ADVANCED_FACE('',(#10102),#10095,.T.);
#10104=CARTESIAN_POINT('',(4.73E0,1.5E0,2.055E0));
#10105=DIRECTION('',(9.841833239737E-1,0.E0,1.771529983153E-1));
#10106=DIRECTION('',(-1.771529983153E-1,0.E0,9.841833239737E-1));
#10107=AXIS2_PLACEMENT_3D('',#10104,#10105,#10106);
#10108=PLANE('',#10107);
#10109=ORIENTED_EDGE('',*,*,#10073,.F.);
#10110=ORIENTED_EDGE('',*,*,#10097,.T.);
#10111=ORIENTED_EDGE('',*,*,#9748,.T.);
#10112=ORIENTED_EDGE('',*,*,#10055,.T.);
#10113=EDGE_LOOP('',(#10109,#10110,#10111,#10112));
#10114=FACE_OUTER_BOUND('',#10113,.F.);
#10115=ADVANCED_FACE('',(#10114),#10108,.T.);
#10116=CARTESIAN_POINT('',(4.82E0,3.2E-1,-4.955E0));
#10117=DIRECTION('',(0.E0,1.E0,0.E0));
#10118=DIRECTION('',(0.E0,0.E0,1.E0));
#10119=AXIS2_PLACEMENT_3D('',#10116,#10117,#10118);
#10120=PLANE('',#10119);
#10121=ORIENTED_EDGE('',*,*,#9717,.T.);
#10122=ORIENTED_EDGE('',*,*,#9910,.F.);
#10123=ORIENTED_EDGE('',*,*,#9868,.F.);
#10124=ORIENTED_EDGE('',*,*,#9825,.F.);
#10125=ORIENTED_EDGE('',*,*,#9633,.F.);
#10127=ORIENTED_EDGE('',*,*,#10126,.F.);
#10128=EDGE_LOOP('',(#10121,#10122,#10123,#10124,#10125,#10127));
#10129=FACE_OUTER_BOUND('',#10128,.F.);
#10130=ADVANCED_FACE('',(#10129),#10120,.T.);
#10131=CARTESIAN_POINT('',(4.82E0,-3.2E-1,-4.955E0));
#10132=DIRECTION('',(0.E0,0.E0,-1.E0));
#10133=DIRECTION('',(0.E0,1.E0,0.E0));
#10134=AXIS2_PLACEMENT_3D('',#10131,#10132,#10133);
#10135=PLANE('',#10134);
#10136=ORIENTED_EDGE('',*,*,#9719,.T.);
#10137=ORIENTED_EDGE('',*,*,#10126,.T.);
#10138=ORIENTED_EDGE('',*,*,#9631,.F.);
#10140=ORIENTED_EDGE('',*,*,#10139,.F.);
#10141=EDGE_LOOP('',(#10136,#10137,#10138,#10140));
#10142=FACE_OUTER_BOUND('',#10141,.F.);
#10143=ADVANCED_FACE('',(#10142),#10135,.T.);
#10144=CARTESIAN_POINT('',(4.82E0,-3.2E-1,-3.655E0));
#10145=DIRECTION('',(0.E0,-1.E0,0.E0));
#10146=DIRECTION('',(0.E0,0.E0,-1.E0));
#10147=AXIS2_PLACEMENT_3D('',#10144,#10145,#10146);
#10148=PLANE('',#10147);
#10149=ORIENTED_EDGE('',*,*,#9721,.T.);
#10150=ORIENTED_EDGE('',*,*,#10139,.T.);
#10151=ORIENTED_EDGE('',*,*,#9629,.F.);
#10152=ORIENTED_EDGE('',*,*,#9842,.T.);
#10153=ORIENTED_EDGE('',*,*,#9880,.T.);
#10154=ORIENTED_EDGE('',*,*,#9922,.T.);
#10155=EDGE_LOOP('',(#10149,#10150,#10151,#10152,#10153,#10154));
#10156=FACE_OUTER_BOUND('',#10155,.F.);
#10157=ADVANCED_FACE('',(#10156),#10148,.T.);
#10158=CARTESIAN_POINT('',(4.82E0,-1.18E0,-4.285E0));
#10159=DIRECTION('',(0.E0,1.E0,0.E0));
#10160=DIRECTION('',(0.E0,0.E0,1.E0));
#10161=AXIS2_PLACEMENT_3D('',#10158,#10159,#10160);
#10162=PLANE('',#10161);
#10163=ORIENTED_EDGE('',*,*,#9838,.T.);
#10164=ORIENTED_EDGE('',*,*,#5677,.F.);
#10165=ORIENTED_EDGE('',*,*,#9925,.F.);
#10166=ORIENTED_EDGE('',*,*,#9883,.F.);
#10167=EDGE_LOOP('',(#10163,#10164,#10165,#10166));
#10168=FACE_OUTER_BOUND('',#10167,.F.);
#10169=ADVANCED_FACE('',(#10168),#10162,.T.);
#10170=CARTESIAN_POINT('',(4.82E0,-1.18E0,-4.285E0));
#10171=DIRECTION('',(0.E0,1.E0,0.E0));
#10172=DIRECTION('',(0.E0,0.E0,1.E0));
#10173=AXIS2_PLACEMENT_3D('',#10170,#10171,#10172);
#10174=PLANE('',#10173);
#10176=ORIENTED_EDGE('',*,*,#10175,.T.);
#10177=ORIENTED_EDGE('',*,*,#9663,.F.);
#10178=ORIENTED_EDGE('',*,*,#6252,.T.);
#10179=ORIENTED_EDGE('',*,*,#9765,.T.);
#10180=EDGE_LOOP('',(#10176,#10177,#10178,#10179));
#10181=FACE_OUTER_BOUND('',#10180,.F.);
#10182=ADVANCED_FACE('',(#10181),#10174,.T.);
#10183=CARTESIAN_POINT('',(4.5E0,-1.27E0,2.055E0));
#10184=DIRECTION('',(0.E0,9.841833239737E-1,1.771529983153E-1));
#10185=DIRECTION('',(0.E0,1.771529983153E-1,-9.841833239737E-1));
#10186=AXIS2_PLACEMENT_3D('',#10183,#10184,#10185);
#10187=PLANE('',#10186);
#10188=ORIENTED_EDGE('',*,*,#10175,.F.);
#10190=ORIENTED_EDGE('',*,*,#10189,.F.);
#10192=ORIENTED_EDGE('',*,*,#10191,.T.);
#10194=ORIENTED_EDGE('',*,*,#10193,.T.);
#10195=EDGE_LOOP('',(#10188,#10190,#10192,#10194));
#10196=FACE_OUTER_BOUND('',#10195,.F.);
#10197=ADVANCED_FACE('',(#10196),#10187,.T.);
#10198=CARTESIAN_POINT('',(4.73E0,-1.5E0,2.055E0));
#10199=DIRECTION('',(9.841833239737E-1,0.E0,1.771529983153E-1));
#10200=DIRECTION('',(-1.771529983153E-1,0.E0,9.841833239737E-1));
#10201=AXIS2_PLACEMENT_3D('',#10198,#10199,#10200);
#10202=PLANE('',#10201);
#10204=ORIENTED_EDGE('',*,*,#10203,.F.);
#10205=ORIENTED_EDGE('',*,*,#10189,.T.);
#10206=ORIENTED_EDGE('',*,*,#9763,.T.);
#10208=ORIENTED_EDGE('',*,*,#10207,.T.);
#10209=EDGE_LOOP('',(#10204,#10205,#10206,#10208));
#10210=FACE_OUTER_BOUND('',#10209,.F.);
#10211=ADVANCED_FACE('',(#10210),#10202,.T.);
#10212=CARTESIAN_POINT('',(4.82E0,-1.18E0,2.555E0));
#10213=DIRECTION('',(0.E0,0.E0,1.E0));
#10214=DIRECTION('',(0.E0,-1.E0,0.E0));
#10215=AXIS2_PLACEMENT_3D('',#10212,#10213,#10214);
#10216=PLANE('',#10215);
#10218=ORIENTED_EDGE('',*,*,#10217,.T.);
#10220=ORIENTED_EDGE('',*,*,#10219,.T.);
#10221=ORIENTED_EDGE('',*,*,#10191,.F.);
#10222=ORIENTED_EDGE('',*,*,#10203,.T.);
#10223=EDGE_LOOP('',(#10218,#10220,#10221,#10222));
#10224=FACE_OUTER_BOUND('',#10223,.F.);
#10225=ADVANCED_FACE('',(#10224),#10216,.T.);
#10226=CARTESIAN_POINT('',(4.5E0,-1.73E0,2.055E0));
#10227=DIRECTION('',(0.E0,-9.841833239737E-1,1.771529983153E-1));
#10228=DIRECTION('',(0.E0,1.771529983153E-1,9.841833239737E-1));
#10229=AXIS2_PLACEMENT_3D('',#10226,#10227,#10228);
#10230=PLANE('',#10229);
#10231=ORIENTED_EDGE('',*,*,#10217,.F.);
#10232=ORIENTED_EDGE('',*,*,#10207,.F.);
#10234=ORIENTED_EDGE('',*,*,#10233,.T.);
#10236=ORIENTED_EDGE('',*,*,#10235,.F.);
#10237=EDGE_LOOP('',(#10231,#10232,#10234,#10236));
#10238=FACE_OUTER_BOUND('',#10237,.F.);
#10239=ADVANCED_FACE('',(#10238),#10230,.T.);
#10240=CARTESIAN_POINT('',(4.82E0,-1.82E0,2.555E0));
#10241=DIRECTION('',(0.E0,-1.E0,0.E0));
#10242=DIRECTION('',(0.E0,0.E0,-1.E0));
#10243=AXIS2_PLACEMENT_3D('',#10240,#10241,#10242);
#10244=PLANE('',#10243);
#10245=ORIENTED_EDGE('',*,*,#10233,.F.);
#10246=ORIENTED_EDGE('',*,*,#9768,.T.);
#10247=ORIENTED_EDGE('',*,*,#6256,.F.);
#10248=ORIENTED_EDGE('',*,*,#9660,.F.);
#10249=EDGE_LOOP('',(#10245,#10246,#10247,#10248));
#10250=FACE_OUTER_BOUND('',#10249,.F.);
#10251=ADVANCED_FACE('',(#10250),#10244,.T.);
#10252=CARTESIAN_POINT('',(4.27E0,-1.5E0,2.055E0));
#10253=DIRECTION('',(-9.841833239737E-1,0.E0,1.771529983153E-1));
#10254=DIRECTION('',(1.771529983153E-1,0.E0,9.841833239737E-1));
#10255=AXIS2_PLACEMENT_3D('',#10252,#10253,#10254);
#10256=PLANE('',#10255);
#10257=ORIENTED_EDGE('',*,*,#9658,.T.);
#10258=ORIENTED_EDGE('',*,*,#10193,.F.);
#10259=ORIENTED_EDGE('',*,*,#10219,.F.);
#10260=ORIENTED_EDGE('',*,*,#10235,.T.);
#10261=EDGE_LOOP('',(#10257,#10258,#10259,#10260));
#10262=FACE_OUTER_BOUND('',#10261,.F.);
#10263=ADVANCED_FACE('',(#10262),#10256,.T.);
#10264=CARTESIAN_POINT('',(4.82E0,-3.29E0,-5.425E0));
#10265=DIRECTION('',(0.E0,1.E0,0.E0));
#10266=DIRECTION('',(0.E0,0.E0,1.E0));
#10267=AXIS2_PLACEMENT_3D('',#10264,#10265,#10266);
#10268=PLANE('',#10267);
#10269=ORIENTED_EDGE('',*,*,#9733,.T.);
#10270=ORIENTED_EDGE('',*,*,#8778,.F.);
#10271=ORIENTED_EDGE('',*,*,#9589,.F.);
#10273=ORIENTED_EDGE('',*,*,#10272,.F.);
#10274=EDGE_LOOP('',(#10269,#10270,#10271,#10273));
#10275=FACE_OUTER_BOUND('',#10274,.F.);
#10276=ADVANCED_FACE('',(#10275),#10268,.T.);
#10277=CARTESIAN_POINT('',(4.82E0,-3.61E0,-5.425E0));
#10278=DIRECTION('',(1.E0,0.E0,0.E0));
#10279=DIRECTION('',(0.E0,0.E0,-1.E0));
#10280=AXIS2_PLACEMENT_3D('',#10277,#10278,#10279);
#10281=CYLINDRICAL_SURFACE('',#10280,3.2E-1);
#10282=ORIENTED_EDGE('',*,*,#9735,.T.);
#10283=ORIENTED_EDGE('',*,*,#10272,.T.);
#10284=ORIENTED_EDGE('',*,*,#9587,.F.);
#10286=ORIENTED_EDGE('',*,*,#10285,.F.);
#10287=EDGE_LOOP('',(#10282,#10283,#10284,#10286));
#10288=FACE_OUTER_BOUND('',#10287,.F.);
#10289=ADVANCED_FACE('',(#10288),#10281,.T.);
#10290=CARTESIAN_POINT('',(4.82E0,-3.93E0,-3.745E0));
#10291=DIRECTION('',(0.E0,-1.E0,0.E0));
#10292=DIRECTION('',(0.E0,0.E0,-1.E0));
#10293=AXIS2_PLACEMENT_3D('',#10290,#10291,#10292);
#10294=PLANE('',#10293);
#10295=ORIENTED_EDGE('',*,*,#9737,.T.);
#10296=ORIENTED_EDGE('',*,*,#10285,.T.);
#10297=ORIENTED_EDGE('',*,*,#9585,.F.);
#10298=ORIENTED_EDGE('',*,*,#9675,.F.);
#10299=EDGE_LOOP('',(#10295,#10296,#10297,#10298));
#10300=FACE_OUTER_BOUND('',#10299,.F.);
#10301=ADVANCED_FACE('',(#10300),#10294,.T.);
#10302=CARTESIAN_POINT('',(-6.875E0,-3.43E0,-3.355E0));
#10303=DIRECTION('',(-1.E0,0.E0,0.E0));
#10304=DIRECTION('',(0.E0,-1.E0,0.E0));
#10305=AXIS2_PLACEMENT_3D('',#10302,#10303,#10304);
#10306=PLANE('',#10305);
#10307=ORIENTED_EDGE('',*,*,#8534,.T.);
#10308=ORIENTED_EDGE('',*,*,#7932,.T.);
#10309=ORIENTED_EDGE('',*,*,#8789,.F.);
#10310=ORIENTED_EDGE('',*,*,#8579,.F.);
#10311=EDGE_LOOP('',(#10307,#10308,#10309,#10310));
#10312=FACE_OUTER_BOUND('',#10311,.F.);
#10313=ADVANCED_FACE('',(#10312),#10306,.F.);
#10314=CARTESIAN_POINT('',(-4.18E0,-3.29E0,-5.425E0));
#10315=DIRECTION('',(0.E0,1.E0,0.E0));
#10316=DIRECTION('',(0.E0,0.E0,1.E0));
#10317=AXIS2_PLACEMENT_3D('',#10314,#10315,#10316);
#10318=PLANE('',#10317);
#10319=ORIENTED_EDGE('',*,*,#5887,.T.);
#10320=ORIENTED_EDGE('',*,*,#8793,.F.);
#10321=ORIENTED_EDGE('',*,*,#5995,.F.);
#10323=ORIENTED_EDGE('',*,*,#10322,.F.);
#10324=EDGE_LOOP('',(#10319,#10320,#10321,#10323));
#10325=FACE_OUTER_BOUND('',#10324,.F.);
#10326=ADVANCED_FACE('',(#10325),#10318,.T.);
#10327=CARTESIAN_POINT('',(-4.18E0,-3.61E0,-5.425E0));
#10328=DIRECTION('',(1.E0,0.E0,0.E0));
#10329=DIRECTION('',(0.E0,0.E0,-1.E0));
#10330=AXIS2_PLACEMENT_3D('',#10327,#10328,#10329);
#10331=CYLINDRICAL_SURFACE('',#10330,3.2E-1);
#10332=ORIENTED_EDGE('',*,*,#5889,.T.);
#10333=ORIENTED_EDGE('',*,*,#10322,.T.);
#10334=ORIENTED_EDGE('',*,*,#5993,.F.);
#10336=ORIENTED_EDGE('',*,*,#10335,.F.);
#10337=EDGE_LOOP('',(#10332,#10333,#10334,#10336));
#10338=FACE_OUTER_BOUND('',#10337,.F.);
#10339=ADVANCED_FACE('',(#10338),#10331,.T.);
#10340=CARTESIAN_POINT('',(-4.18E0,-3.93E0,-3.745E0));
#10341=DIRECTION('',(0.E0,-1.E0,0.E0));
#10342=DIRECTION('',(0.E0,0.E0,-1.E0));
#10343=AXIS2_PLACEMENT_3D('',#10340,#10341,#10342);
#10344=PLANE('',#10343);
#10345=ORIENTED_EDGE('',*,*,#5891,.T.);
#10346=ORIENTED_EDGE('',*,*,#10335,.T.);
#10347=ORIENTED_EDGE('',*,*,#5991,.F.);
#10349=ORIENTED_EDGE('',*,*,#10348,.F.);
#10350=EDGE_LOOP('',(#10345,#10346,#10347,#10349));
#10351=FACE_OUTER_BOUND('',#10350,.F.);
#10352=ADVANCED_FACE('',(#10351),#10344,.T.);
#10353=CARTESIAN_POINT('',(-4.18E0,-1.82E0,-3.745E0));
#10354=DIRECTION('',(0.E0,0.E0,1.E0));
#10355=DIRECTION('',(0.E0,-1.E0,0.E0));
#10356=AXIS2_PLACEMENT_3D('',#10353,#10354,#10355);
#10357=PLANE('',#10356);
#10358=ORIENTED_EDGE('',*,*,#5893,.T.);
#10359=ORIENTED_EDGE('',*,*,#10348,.T.);
#10360=ORIENTED_EDGE('',*,*,#5989,.F.);
#10361=ORIENTED_EDGE('',*,*,#7927,.T.);
#10362=EDGE_LOOP('',(#10358,#10359,#10360,#10361));
#10363=FACE_OUTER_BOUND('',#10362,.F.);
#10364=ADVANCED_FACE('',(#10363),#10357,.T.);
#10365=CARTESIAN_POINT('',(8.205E0,-2.73E0,4.955E0));
#10366=DIRECTION('',(-4.657464328326E-1,8.849182223820E-1,0.E0));
#10367=DIRECTION('',(-8.849182223820E-1,-4.657464328326E-1,0.E0));
#10368=AXIS2_PLACEMENT_3D('',#10365,#10366,#10367);
#10369=PLANE('',#10368);
#10370=ORIENTED_EDGE('',*,*,#8484,.F.);
#10371=ORIENTED_EDGE('',*,*,#7890,.F.);
#10372=ORIENTED_EDGE('',*,*,#7037,.F.);
#10373=ORIENTED_EDGE('',*,*,#7132,.T.);
#10374=ORIENTED_EDGE('',*,*,#8518,.T.);
#10375=ORIENTED_EDGE('',*,*,#7898,.F.);
#10376=EDGE_LOOP('',(#10370,#10371,#10372,#10373,#10374,#10375));
#10377=FACE_OUTER_BOUND('',#10376,.F.);
#10378=ADVANCED_FACE('',(#10377),#10369,.F.);
#10379=CARTESIAN_POINT('',(-6.425E0,3.43E0,4.955E0));
#10380=DIRECTION('',(7.625091353728E-1,0.E0,-6.469774481951E-1));
#10381=DIRECTION('',(-6.469774481951E-1,0.E0,-7.625091353728E-1));
#10382=AXIS2_PLACEMENT_3D('',#10379,#10380,#10381);
#10383=PLANE('',#10382);
#10384=ORIENTED_EDGE('',*,*,#7062,.T.);
#10385=ORIENTED_EDGE('',*,*,#6920,.F.);
#10386=ORIENTED_EDGE('',*,*,#7211,.F.);
#10387=ORIENTED_EDGE('',*,*,#6449,.T.);
#10388=EDGE_LOOP('',(#10384,#10385,#10386,#10387));
#10389=FACE_OUTER_BOUND('',#10388,.F.);
#10390=ADVANCED_FACE('',(#10389),#10383,.F.);
#10391=CARTESIAN_POINT('',(-6.425E0,3.43E0,4.955E0));
#10392=DIRECTION('',(7.625091353728E-1,0.E0,-6.469774481951E-1));
#10393=DIRECTION('',(-6.469774481951E-1,0.E0,-7.625091353728E-1));
#10394=AXIS2_PLACEMENT_3D('',#10391,#10392,#10393);
#10395=PLANE('',#10394);
#10396=ORIENTED_EDGE('',*,*,#7007,.F.);
#10397=ORIENTED_EDGE('',*,*,#6445,.T.);
#10398=ORIENTED_EDGE('',*,*,#7886,.T.);
#10399=ORIENTED_EDGE('',*,*,#8505,.F.);
#10400=ORIENTED_EDGE('',*,*,#6912,.F.);
#10401=EDGE_LOOP('',(#10396,#10397,#10398,#10399,#10400));
#10402=FACE_OUTER_BOUND('',#10401,.F.);
#10403=ADVANCED_FACE('',(#10402),#10395,.F.);
#10404=CARTESIAN_POINT('',(-7.735E0,-3.43E0,-2.435E0));
#10405=DIRECTION('',(-1.E0,0.E0,0.E0));
#10406=DIRECTION('',(0.E0,0.E0,-1.E0));
#10407=AXIS2_PLACEMENT_3D('',#10404,#10405,#10406);
#10408=PLANE('',#10407);
#10409=ORIENTED_EDGE('',*,*,#8473,.F.);
#10410=ORIENTED_EDGE('',*,*,#8411,.T.);
#10411=ORIENTED_EDGE('',*,*,#8429,.T.);
#10412=ORIENTED_EDGE('',*,*,#8460,.F.);
#10413=EDGE_LOOP('',(#10409,#10410,#10411,#10412));
#10414=FACE_OUTER_BOUND('',#10413,.F.);
#10415=ADVANCED_FACE('',(#10414),#10408,.T.);
#10416=CARTESIAN_POINT('',(6.625E0,-3.43E0,-3.075E0));
#10417=DIRECTION('',(0.E0,0.E0,-1.E0));
#10418=DIRECTION('',(1.E0,0.E0,0.E0));
#10419=AXIS2_PLACEMENT_3D('',#10416,#10417,#10418);
#10420=PLANE('',#10419);
#10421=ORIENTED_EDGE('',*,*,#8439,.T.);
#10423=ORIENTED_EDGE('',*,*,#10422,.F.);
#10424=ORIENTED_EDGE('',*,*,#8486,.F.);
#10425=ORIENTED_EDGE('',*,*,#7896,.T.);
#10427=ORIENTED_EDGE('',*,*,#10426,.F.);
#10428=EDGE_LOOP('',(#10421,#10423,#10424,#10425,#10427));
#10429=FACE_OUTER_BOUND('',#10428,.F.);
#10430=ADVANCED_FACE('',(#10429),#10420,.T.);
#10431=CARTESIAN_POINT('',(7.735E0,-3.43E0,-3.075E0));
#10432=DIRECTION('',(1.E0,0.E0,0.E0));
#10433=DIRECTION('',(0.E0,0.E0,1.E0));
#10434=AXIS2_PLACEMENT_3D('',#10431,#10432,#10433);
#10435=PLANE('',#10434);
#10436=ORIENTED_EDGE('',*,*,#8488,.F.);
#10437=ORIENTED_EDGE('',*,*,#10422,.T.);
#10438=ORIENTED_EDGE('',*,*,#8445,.T.);
#10440=ORIENTED_EDGE('',*,*,#10439,.F.);
#10441=EDGE_LOOP('',(#10436,#10437,#10438,#10440));
#10442=FACE_OUTER_BOUND('',#10441,.F.);
#10443=ADVANCED_FACE('',(#10442),#10435,.T.);
#10444=CARTESIAN_POINT('',(7.735E0,-3.43E0,-2.435E0));
#10445=DIRECTION('',(0.E0,0.E0,1.E0));
#10446=DIRECTION('',(-1.E0,0.E0,0.E0));
#10447=AXIS2_PLACEMENT_3D('',#10444,#10445,#10446);
#10448=PLANE('',#10447);
#10449=ORIENTED_EDGE('',*,*,#8443,.T.);
#10451=ORIENTED_EDGE('',*,*,#10450,.F.);
#10452=ORIENTED_EDGE('',*,*,#7892,.F.);
#10453=ORIENTED_EDGE('',*,*,#8490,.F.);
#10454=ORIENTED_EDGE('',*,*,#10439,.T.);
#10455=EDGE_LOOP('',(#10449,#10451,#10452,#10453,#10454));
#10456=FACE_OUTER_BOUND('',#10455,.F.);
#10457=ADVANCED_FACE('',(#10456),#10448,.T.);
#10458=CARTESIAN_POINT('',(6.974428104193E0,-3.41E0,2.6021176E1));
#10459=DIRECTION('',(0.E0,0.E0,-1.E0));
#10460=DIRECTION('',(0.E0,-1.E0,0.E0));
#10461=AXIS2_PLACEMENT_3D('',#10458,#10459,#10460);
#10462=CYLINDRICAL_SURFACE('',#10461,3.5E-1);
#10463=ORIENTED_EDGE('',*,*,#10426,.T.);
#10464=ORIENTED_EDGE('',*,*,#7894,.F.);
#10465=ORIENTED_EDGE('',*,*,#10450,.T.);
#10466=ORIENTED_EDGE('',*,*,#8441,.T.);
#10467=EDGE_LOOP('',(#10463,#10464,#10465,#10466));
#10468=FACE_OUTER_BOUND('',#10467,.F.);
#10469=ADVANCED_FACE('',(#10468),#10462,.T.);
#10470=CARTESIAN_POINT('',(-1.27E0,1.5E0,2.055E0));
#10471=DIRECTION('',(9.841833239737E-1,0.E0,1.771529983153E-1));
#10472=DIRECTION('',(-1.771529983153E-1,0.E0,9.841833239737E-1));
#10473=AXIS2_PLACEMENT_3D('',#10470,#10471,#10472);
#10474=PLANE('',#10473);
#10476=ORIENTED_EDGE('',*,*,#10475,.F.);
#10478=ORIENTED_EDGE('',*,*,#10477,.T.);
#10479=ORIENTED_EDGE('',*,*,#7735,.T.);
#10481=ORIENTED_EDGE('',*,*,#10480,.T.);
#10482=EDGE_LOOP('',(#10476,#10478,#10479,#10481));
#10483=FACE_OUTER_BOUND('',#10482,.F.);
#10484=ADVANCED_FACE('',(#10483),#10474,.T.);
#10485=CARTESIAN_POINT('',(-1.18E0,1.82E0,2.555E0));
#10486=DIRECTION('',(0.E0,0.E0,1.E0));
#10487=DIRECTION('',(0.E0,-1.E0,0.E0));
#10488=AXIS2_PLACEMENT_3D('',#10485,#10486,#10487);
#10489=PLANE('',#10488);
#10491=ORIENTED_EDGE('',*,*,#10490,.T.);
#10493=ORIENTED_EDGE('',*,*,#10492,.T.);
#10495=ORIENTED_EDGE('',*,*,#10494,.F.);
#10496=ORIENTED_EDGE('',*,*,#10475,.T.);
#10497=EDGE_LOOP('',(#10491,#10493,#10495,#10496));
#10498=FACE_OUTER_BOUND('',#10497,.F.);
#10499=ADVANCED_FACE('',(#10498),#10489,.T.);
#10500=CARTESIAN_POINT('',(-1.5E0,1.27E0,2.055E0));
#10501=DIRECTION('',(0.E0,-9.841833239737E-1,1.771529983153E-1));
#10502=DIRECTION('',(0.E0,1.771529983153E-1,9.841833239737E-1));
#10503=AXIS2_PLACEMENT_3D('',#10500,#10501,#10502);
#10504=PLANE('',#10503);
#10505=ORIENTED_EDGE('',*,*,#10490,.F.);
#10506=ORIENTED_EDGE('',*,*,#10480,.F.);
#10507=ORIENTED_EDGE('',*,*,#7563,.T.);
#10509=ORIENTED_EDGE('',*,*,#10508,.F.);
#10510=EDGE_LOOP('',(#10505,#10506,#10507,#10509));
#10511=FACE_OUTER_BOUND('',#10510,.F.);
#10512=ADVANCED_FACE('',(#10511),#10504,.T.);
#10513=CARTESIAN_POINT('',(-1.73E0,1.5E0,2.055E0));
#10514=DIRECTION('',(-9.841833239737E-1,0.E0,1.771529983153E-1));
#10515=DIRECTION('',(1.771529983153E-1,0.E0,9.841833239737E-1));
#10516=AXIS2_PLACEMENT_3D('',#10513,#10514,#10515);
#10517=PLANE('',#10516);
#10518=ORIENTED_EDGE('',*,*,#7516,.T.);
#10520=ORIENTED_EDGE('',*,*,#10519,.F.);
#10521=ORIENTED_EDGE('',*,*,#10492,.F.);
#10522=ORIENTED_EDGE('',*,*,#10508,.T.);
#10523=EDGE_LOOP('',(#10518,#10520,#10521,#10522));
#10524=FACE_OUTER_BOUND('',#10523,.F.);
#10525=ADVANCED_FACE('',(#10524),#10517,.T.);
#10526=CARTESIAN_POINT('',(-1.5E0,1.73E0,2.055E0));
#10527=DIRECTION('',(0.E0,9.841833239737E-1,1.771529983153E-1));
#10528=DIRECTION('',(0.E0,1.771529983153E-1,-9.841833239737E-1));
#10529=AXIS2_PLACEMENT_3D('',#10526,#10527,#10528);
#10530=PLANE('',#10529);
#10531=ORIENTED_EDGE('',*,*,#7438,.F.);
#10532=ORIENTED_EDGE('',*,*,#10477,.F.);
#10533=ORIENTED_EDGE('',*,*,#10494,.T.);
#10534=ORIENTED_EDGE('',*,*,#10519,.T.);
#10535=EDGE_LOOP('',(#10531,#10532,#10533,#10534));
#10536=FACE_OUTER_BOUND('',#10535,.F.);
#10537=ADVANCED_FACE('',(#10536),#10530,.T.);
#10538=CARTESIAN_POINT('',(-1.27E0,-1.5E0,2.055E0));
#10539=DIRECTION('',(9.841833239737E-1,0.E0,1.771529983153E-1));
#10540=DIRECTION('',(-1.771529983153E-1,0.E0,9.841833239737E-1));
#10541=AXIS2_PLACEMENT_3D('',#10538,#10539,#10540);
#10542=PLANE('',#10541);
#10544=ORIENTED_EDGE('',*,*,#10543,.F.);
#10546=ORIENTED_EDGE('',*,*,#10545,.T.);
#10547=ORIENTED_EDGE('',*,*,#7748,.T.);
#10549=ORIENTED_EDGE('',*,*,#10548,.T.);
#10550=EDGE_LOOP('',(#10544,#10546,#10547,#10549));
#10551=FACE_OUTER_BOUND('',#10550,.F.);
#10552=ADVANCED_FACE('',(#10551),#10542,.T.);
#10553=CARTESIAN_POINT('',(-1.18E0,-1.18E0,2.555E0));
#10554=DIRECTION('',(0.E0,0.E0,1.E0));
#10555=DIRECTION('',(0.E0,-1.E0,0.E0));
#10556=AXIS2_PLACEMENT_3D('',#10553,#10554,#10555);
#10557=PLANE('',#10556);
#10559=ORIENTED_EDGE('',*,*,#10558,.T.);
#10561=ORIENTED_EDGE('',*,*,#10560,.T.);
#10563=ORIENTED_EDGE('',*,*,#10562,.F.);
#10564=ORIENTED_EDGE('',*,*,#10543,.T.);
#10565=EDGE_LOOP('',(#10559,#10561,#10563,#10564));
#10566=FACE_OUTER_BOUND('',#10565,.F.);
#10567=ADVANCED_FACE('',(#10566),#10557,.T.);
#10568=CARTESIAN_POINT('',(-1.5E0,-1.73E0,2.055E0));
#10569=DIRECTION('',(0.E0,-9.841833239737E-1,1.771529983153E-1));
#10570=DIRECTION('',(0.E0,1.771529983153E-1,9.841833239737E-1));
#10571=AXIS2_PLACEMENT_3D('',#10568,#10569,#10570);
#10572=PLANE('',#10571);
#10573=ORIENTED_EDGE('',*,*,#10558,.F.);
#10574=ORIENTED_EDGE('',*,*,#10548,.F.);
#10576=ORIENTED_EDGE('',*,*,#10575,.T.);
#10578=ORIENTED_EDGE('',*,*,#10577,.F.);
#10579=EDGE_LOOP('',(#10573,#10574,#10576,#10578));
#10580=FACE_OUTER_BOUND('',#10579,.F.);
#10581=ADVANCED_FACE('',(#10580),#10572,.T.);
#10582=CARTESIAN_POINT('',(-1.18E0,-1.82E0,2.555E0));
#10583=DIRECTION('',(0.E0,-1.E0,0.E0));
#10584=DIRECTION('',(0.E0,0.E0,-1.E0));
#10585=AXIS2_PLACEMENT_3D('',#10582,#10583,#10584);
#10586=PLANE('',#10585);
#10587=ORIENTED_EDGE('',*,*,#10575,.F.);
#10588=ORIENTED_EDGE('',*,*,#7753,.T.);
#10589=ORIENTED_EDGE('',*,*,#6368,.F.);
#10590=ORIENTED_EDGE('',*,*,#7532,.F.);
#10591=EDGE_LOOP('',(#10587,#10588,#10589,#10590));
#10592=FACE_OUTER_BOUND('',#10591,.F.);
#10593=ADVANCED_FACE('',(#10592),#10586,.T.);
#10594=CARTESIAN_POINT('',(-1.73E0,-1.5E0,2.055E0));
#10595=DIRECTION('',(-9.841833239737E-1,0.E0,1.771529983153E-1));
#10596=DIRECTION('',(1.771529983153E-1,0.E0,9.841833239737E-1));
#10597=AXIS2_PLACEMENT_3D('',#10594,#10595,#10596);
#10598=PLANE('',#10597);
#10599=ORIENTED_EDGE('',*,*,#7530,.T.);
#10601=ORIENTED_EDGE('',*,*,#10600,.F.);
#10602=ORIENTED_EDGE('',*,*,#10560,.F.);
#10603=ORIENTED_EDGE('',*,*,#10577,.T.);
#10604=EDGE_LOOP('',(#10599,#10601,#10602,#10603));
#10605=FACE_OUTER_BOUND('',#10604,.F.);
#10606=ADVANCED_FACE('',(#10605),#10598,.T.);
#10607=CARTESIAN_POINT('',(-1.5E0,-1.27E0,2.055E0));
#10608=DIRECTION('',(0.E0,9.841833239737E-1,1.771529983153E-1));
#10609=DIRECTION('',(0.E0,1.771529983153E-1,-9.841833239737E-1));
#10610=AXIS2_PLACEMENT_3D('',#10607,#10608,#10609);
#10611=PLANE('',#10610);
#10613=ORIENTED_EDGE('',*,*,#10612,.F.);
#10614=ORIENTED_EDGE('',*,*,#10545,.F.);
#10615=ORIENTED_EDGE('',*,*,#10562,.T.);
#10616=ORIENTED_EDGE('',*,*,#10600,.T.);
#10617=EDGE_LOOP('',(#10613,#10614,#10615,#10616));
#10618=FACE_OUTER_BOUND('',#10617,.F.);
#10619=ADVANCED_FACE('',(#10618),#10611,.T.);
#10620=CARTESIAN_POINT('',(-1.18E0,-1.18E0,-4.285E0));
#10621=DIRECTION('',(0.E0,1.E0,0.E0));
#10622=DIRECTION('',(0.E0,0.E0,1.E0));
#10623=AXIS2_PLACEMENT_3D('',#10620,#10621,#10622);
#10624=PLANE('',#10623);
#10625=ORIENTED_EDGE('',*,*,#7405,.T.);
#10626=ORIENTED_EDGE('',*,*,#5715,.F.);
#10627=ORIENTED_EDGE('',*,*,#7648,.F.);
#10628=ORIENTED_EDGE('',*,*,#7607,.F.);
#10629=EDGE_LOOP('',(#10625,#10626,#10627,#10628));
#10630=FACE_OUTER_BOUND('',#10629,.F.);
#10631=ADVANCED_FACE('',(#10630),#10624,.T.);
#10632=CARTESIAN_POINT('',(-1.18E0,-1.18E0,-4.285E0));
#10633=DIRECTION('',(0.E0,1.E0,0.E0));
#10634=DIRECTION('',(0.E0,0.E0,1.E0));
#10635=AXIS2_PLACEMENT_3D('',#10632,#10633,#10634);
#10636=PLANE('',#10635);
#10637=ORIENTED_EDGE('',*,*,#10612,.T.);
#10638=ORIENTED_EDGE('',*,*,#7535,.F.);
#10639=ORIENTED_EDGE('',*,*,#6364,.T.);
#10640=ORIENTED_EDGE('',*,*,#7750,.T.);
#10641=EDGE_LOOP('',(#10637,#10638,#10639,#10640));
#10642=FACE_OUTER_BOUND('',#10641,.F.);
#10643=ADVANCED_FACE('',(#10642),#10636,.T.);
#10644=CARTESIAN_POINT('',(6.325E0,3.43E0,-3.105E0));
#10645=DIRECTION('',(1.E0,0.E0,0.E0));
#10646=DIRECTION('',(0.E0,0.E0,-1.E0));
#10647=AXIS2_PLACEMENT_3D('',#10644,#10645,#10646);
#10648=PLANE('',#10647);
#10649=ORIENTED_EDGE('',*,*,#7201,.T.);
#10651=ORIENTED_EDGE('',*,*,#10650,.T.);
#10652=ORIENTED_EDGE('',*,*,#7361,.T.);
#10653=ORIENTED_EDGE('',*,*,#5465,.T.);
#10654=EDGE_LOOP('',(#10649,#10651,#10652,#10653));
#10655=FACE_OUTER_BOUND('',#10654,.F.);
#10656=ADVANCED_FACE('',(#10655),#10648,.F.);
#10657=CARTESIAN_POINT('',(-6.325E0,3.43E0,-3.105E0));
#10658=DIRECTION('',(0.E0,0.E0,1.E0));
#10659=DIRECTION('',(1.E0,0.E0,0.E0));
#10660=AXIS2_PLACEMENT_3D('',#10657,#10658,#10659);
#10661=PLANE('',#10660);
#10662=ORIENTED_EDGE('',*,*,#7199,.F.);
#10663=ORIENTED_EDGE('',*,*,#7326,.T.);
#10664=ORIENTED_EDGE('',*,*,#7363,.T.);
#10665=ORIENTED_EDGE('',*,*,#10650,.F.);
#10666=EDGE_LOOP('',(#10662,#10663,#10664,#10665));
#10667=FACE_OUTER_BOUND('',#10666,.F.);
#10668=ADVANCED_FACE('',(#10667),#10661,.F.);
#10669=CARTESIAN_POINT('',(7.825E0,-2.1875E0,1.555E0));
#10670=DIRECTION('',(0.E0,1.E0,0.E0));
#10671=DIRECTION('',(0.E0,0.E0,1.E0));
#10672=AXIS2_PLACEMENT_3D('',#10669,#10670,#10671);
#10673=PLANE('',#10672);
#10674=ORIENTED_EDGE('',*,*,#7138,.F.);
#10676=ORIENTED_EDGE('',*,*,#10675,.T.);
#10678=ORIENTED_EDGE('',*,*,#10677,.T.);
#10680=ORIENTED_EDGE('',*,*,#10679,.F.);
#10681=EDGE_LOOP('',(#10674,#10676,#10678,#10680));
#10682=FACE_OUTER_BOUND('',#10681,.F.);
#10683=ADVANCED_FACE('',(#10682),#10673,.F.);
#10684=CARTESIAN_POINT('',(7.825E0,-2.34375E0,1.555E0));
#10685=DIRECTION('',(0.E0,0.E0,-1.E0));
#10686=DIRECTION('',(0.E0,1.E0,0.E0));
#10687=AXIS2_PLACEMENT_3D('',#10684,#10685,#10686);
#10688=PLANE('',#10687);
#10689=ORIENTED_EDGE('',*,*,#7150,.F.);
#10691=ORIENTED_EDGE('',*,*,#10690,.T.);
#10693=ORIENTED_EDGE('',*,*,#10692,.T.);
#10694=ORIENTED_EDGE('',*,*,#10675,.F.);
#10695=EDGE_LOOP('',(#10689,#10691,#10693,#10694));
#10696=FACE_OUTER_BOUND('',#10695,.F.);
#10697=ADVANCED_FACE('',(#10696),#10688,.F.);
#10698=CARTESIAN_POINT('',(7.825E0,-2.34375E0,2.592234067917E0));
#10699=DIRECTION('',(0.E0,-1.E0,0.E0));
#10700=DIRECTION('',(0.E0,0.E0,-1.E0));
#10701=AXIS2_PLACEMENT_3D('',#10698,#10699,#10700);
#10702=PLANE('',#10701);
#10703=ORIENTED_EDGE('',*,*,#7148,.F.);
#10705=ORIENTED_EDGE('',*,*,#10704,.T.);
#10707=ORIENTED_EDGE('',*,*,#10706,.T.);
#10708=ORIENTED_EDGE('',*,*,#10690,.F.);
#10709=EDGE_LOOP('',(#10703,#10705,#10707,#10708));
#10710=FACE_OUTER_BOUND('',#10709,.F.);
#10711=ADVANCED_FACE('',(#10710),#10702,.F.);
#10712=CARTESIAN_POINT('',(7.825E0,-2.5E0,2.406063802838E0));
#10713=DIRECTION('',(0.E0,7.659743427825E-1,-6.428711427642E-1));
#10714=DIRECTION('',(0.E0,6.428711427642E-1,7.659743427825E-1));
#10715=AXIS2_PLACEMENT_3D('',#10712,#10713,#10714);
#10716=PLANE('',#10715);
#10717=ORIENTED_EDGE('',*,*,#7146,.F.);
#10719=ORIENTED_EDGE('',*,*,#10718,.T.);
#10721=ORIENTED_EDGE('',*,*,#10720,.T.);
#10722=ORIENTED_EDGE('',*,*,#10704,.F.);
#10723=EDGE_LOOP('',(#10717,#10719,#10721,#10722));
#10724=FACE_OUTER_BOUND('',#10723,.F.);
#10725=ADVANCED_FACE('',(#10724),#10716,.F.);
#10726=CARTESIAN_POINT('',(7.825E0,-2.5E0,2.618829809427E0));
#10727=DIRECTION('',(0.E0,-1.E0,0.E0));
#10728=DIRECTION('',(0.E0,0.E0,-1.E0));
#10729=AXIS2_PLACEMENT_3D('',#10726,#10727,#10728);
#10730=PLANE('',#10729);
#10731=ORIENTED_EDGE('',*,*,#7144,.F.);
#10733=ORIENTED_EDGE('',*,*,#10732,.T.);
#10735=ORIENTED_EDGE('',*,*,#10734,.T.);
#10736=ORIENTED_EDGE('',*,*,#10718,.F.);
#10737=EDGE_LOOP('',(#10731,#10733,#10735,#10736));
#10738=FACE_OUTER_BOUND('',#10737,.F.);
#10739=ADVANCED_FACE('',(#10738),#10730,.F.);
#10740=CARTESIAN_POINT('',(7.825E0,-2.34375E0,2.805E0));
#10741=DIRECTION('',(0.E0,-7.659742160926E-1,6.428712937139E-1));
#10742=DIRECTION('',(0.E0,-6.428712937139E-1,-7.659742160926E-1));
#10743=AXIS2_PLACEMENT_3D('',#10740,#10741,#10742);
#10744=PLANE('',#10743);
#10745=ORIENTED_EDGE('',*,*,#7142,.F.);
#10747=ORIENTED_EDGE('',*,*,#10746,.T.);
#10749=ORIENTED_EDGE('',*,*,#10748,.T.);
#10750=ORIENTED_EDGE('',*,*,#10732,.F.);
#10751=EDGE_LOOP('',(#10745,#10747,#10749,#10750));
#10752=FACE_OUTER_BOUND('',#10751,.F.);
#10753=ADVANCED_FACE('',(#10752),#10744,.F.);
#10754=CARTESIAN_POINT('',(7.825E0,-2.1875E0,2.805E0));
#10755=DIRECTION('',(0.E0,0.E0,1.E0));
#10756=DIRECTION('',(0.E0,-1.E0,0.E0));
#10757=AXIS2_PLACEMENT_3D('',#10754,#10755,#10756);
#10758=PLANE('',#10757);
#10759=ORIENTED_EDGE('',*,*,#7140,.F.);
#10760=ORIENTED_EDGE('',*,*,#10679,.T.);
#10762=ORIENTED_EDGE('',*,*,#10761,.T.);
#10763=ORIENTED_EDGE('',*,*,#10746,.F.);
#10764=EDGE_LOOP('',(#10759,#10760,#10762,#10763));
#10765=FACE_OUTER_BOUND('',#10764,.F.);
#10766=ADVANCED_FACE('',(#10765),#10758,.F.);
#10767=CARTESIAN_POINT('',(7.775E0,0.E0,0.E0));
#10768=DIRECTION('',(1.E0,0.E0,0.E0));
#10769=DIRECTION('',(0.E0,0.E0,-1.E0));
#10770=AXIS2_PLACEMENT_3D('',#10767,#10768,#10769);
#10771=PLANE('',#10770);
#10772=ORIENTED_EDGE('',*,*,#10677,.F.);
#10773=ORIENTED_EDGE('',*,*,#10692,.F.);
#10774=ORIENTED_EDGE('',*,*,#10706,.F.);
#10775=ORIENTED_EDGE('',*,*,#10720,.F.);
#10776=ORIENTED_EDGE('',*,*,#10734,.F.);
#10777=ORIENTED_EDGE('',*,*,#10748,.F.);
#10778=ORIENTED_EDGE('',*,*,#10761,.F.);
#10779=EDGE_LOOP('',(#10772,#10773,#10774,#10775,#10776,#10777,#10778));
#10780=FACE_OUTER_BOUND('',#10779,.F.);
#10781=ADVANCED_FACE('',(#10780),#10771,.T.);
#10782=CARTESIAN_POINT('',(-8.325E0,1.1E0,-1.95E-1));
#10783=DIRECTION('',(0.E0,-1.E0,0.E0));
#10784=DIRECTION('',(0.E0,0.E0,1.E0));
#10785=AXIS2_PLACEMENT_3D('',#10782,#10783,#10784);
#10786=PLANE('',#10785);
#10787=ORIENTED_EDGE('',*,*,#6924,.F.);
#10788=ORIENTED_EDGE('',*,*,#6980,.F.);
#10789=ORIENTED_EDGE('',*,*,#6869,.F.);
#10791=ORIENTED_EDGE('',*,*,#10790,.F.);
#10792=EDGE_LOOP('',(#10787,#10788,#10789,#10791));
#10793=FACE_OUTER_BOUND('',#10792,.F.);
#10794=ADVANCED_FACE('',(#10793),#10786,.T.);
#10795=CARTESIAN_POINT('',(-8.325E0,5.75E-1,-1.95E-1));
#10796=DIRECTION('',(0.E0,0.E0,1.E0));
#10797=DIRECTION('',(0.E0,1.E0,0.E0));
#10798=AXIS2_PLACEMENT_3D('',#10795,#10796,#10797);
#10799=PLANE('',#10798);
#10800=ORIENTED_EDGE('',*,*,#6926,.T.);
#10801=ORIENTED_EDGE('',*,*,#10790,.T.);
#10802=ORIENTED_EDGE('',*,*,#6867,.F.);
#10803=ORIENTED_EDGE('',*,*,#6898,.F.);
#10804=EDGE_LOOP('',(#10800,#10801,#10802,#10803));
#10805=FACE_OUTER_BOUND('',#10804,.F.);
#10806=ADVANCED_FACE('',(#10805),#10799,.T.);
#10807=CARTESIAN_POINT('',(3.23E0,9.3E-1,4.955E0));
#10808=DIRECTION('',(-7.071067811865E-1,-7.071067811865E-1,0.E0));
#10809=DIRECTION('',(7.071067811865E-1,-7.071067811865E-1,0.E0));
#10810=AXIS2_PLACEMENT_3D('',#10807,#10808,#10809);
#10811=PLANE('',#10810);
#10812=ORIENTED_EDGE('',*,*,#6457,.F.);
#10813=ORIENTED_EDGE('',*,*,#6429,.T.);
#10814=ORIENTED_EDGE('',*,*,#6218,.T.);
#10816=ORIENTED_EDGE('',*,*,#10815,.F.);
#10817=EDGE_LOOP('',(#10812,#10813,#10814,#10816));
#10818=FACE_OUTER_BOUND('',#10817,.F.);
#10819=ADVANCED_FACE('',(#10818),#10811,.F.);
#10820=CARTESIAN_POINT('',(3.93E0,2.3E-1,4.955E0));
#10821=DIRECTION('',(0.E0,-1.E0,0.E0));
#10822=DIRECTION('',(1.E0,0.E0,0.E0));
#10823=AXIS2_PLACEMENT_3D('',#10820,#10821,#10822);
#10824=PLANE('',#10823);
#10825=ORIENTED_EDGE('',*,*,#6459,.F.);
#10826=ORIENTED_EDGE('',*,*,#10815,.T.);
#10827=ORIENTED_EDGE('',*,*,#6216,.T.);
#10829=ORIENTED_EDGE('',*,*,#10828,.F.);
#10830=EDGE_LOOP('',(#10825,#10826,#10827,#10829));
#10831=FACE_OUTER_BOUND('',#10830,.F.);
#10832=ADVANCED_FACE('',(#10831),#10824,.F.);
#10833=CARTESIAN_POINT('',(5.77E0,2.3E-1,4.955E0));
#10834=DIRECTION('',(1.E0,0.E0,0.E0));
#10835=DIRECTION('',(0.E0,1.E0,0.E0));
#10836=AXIS2_PLACEMENT_3D('',#10833,#10834,#10835);
#10837=PLANE('',#10836);
#10838=ORIENTED_EDGE('',*,*,#6461,.F.);
#10839=ORIENTED_EDGE('',*,*,#10828,.T.);
#10840=ORIENTED_EDGE('',*,*,#6214,.T.);
#10842=ORIENTED_EDGE('',*,*,#10841,.F.);
#10843=EDGE_LOOP('',(#10838,#10839,#10840,#10842));
#10844=FACE_OUTER_BOUND('',#10843,.F.);
#10845=ADVANCED_FACE('',(#10844),#10837,.F.);
#10846=CARTESIAN_POINT('',(5.77E0,2.77E0,4.955E0));
#10847=DIRECTION('',(0.E0,1.E0,0.E0));
#10848=DIRECTION('',(-1.E0,0.E0,0.E0));
#10849=AXIS2_PLACEMENT_3D('',#10846,#10847,#10848);
#10850=PLANE('',#10849);
#10851=ORIENTED_EDGE('',*,*,#6463,.F.);
#10852=ORIENTED_EDGE('',*,*,#10841,.T.);
#10853=ORIENTED_EDGE('',*,*,#6212,.T.);
#10854=ORIENTED_EDGE('',*,*,#6426,.F.);
#10855=EDGE_LOOP('',(#10851,#10852,#10853,#10854));
#10856=FACE_OUTER_BOUND('',#10855,.F.);
#10857=ADVANCED_FACE('',(#10856),#10850,.F.);
#10858=CARTESIAN_POINT('',(5.77E0,-2.3E-1,4.955E0));
#10859=DIRECTION('',(0.E0,1.E0,0.E0));
#10860=DIRECTION('',(-1.E0,0.E0,0.E0));
#10861=AXIS2_PLACEMENT_3D('',#10858,#10859,#10860);
#10862=PLANE('',#10861);
#10863=ORIENTED_EDGE('',*,*,#6468,.F.);
#10865=ORIENTED_EDGE('',*,*,#10864,.T.);
#10866=ORIENTED_EDGE('',*,*,#6238,.T.);
#10868=ORIENTED_EDGE('',*,*,#10867,.F.);
#10869=EDGE_LOOP('',(#10863,#10865,#10866,#10868));
#10870=FACE_OUTER_BOUND('',#10869,.F.);
#10871=ADVANCED_FACE('',(#10870),#10862,.F.);
#10872=CARTESIAN_POINT('',(5.77E0,-2.77E0,4.955E0));
#10873=DIRECTION('',(1.E0,0.E0,0.E0));
#10874=DIRECTION('',(0.E0,1.E0,0.E0));
#10875=AXIS2_PLACEMENT_3D('',#10872,#10873,#10874);
#10876=PLANE('',#10875);
#10877=ORIENTED_EDGE('',*,*,#6476,.F.);
#10879=ORIENTED_EDGE('',*,*,#10878,.T.);
#10880=ORIENTED_EDGE('',*,*,#6240,.T.);
#10881=ORIENTED_EDGE('',*,*,#10864,.F.);
#10882=EDGE_LOOP('',(#10877,#10879,#10880,#10881));
#10883=FACE_OUTER_BOUND('',#10882,.F.);
#10884=ADVANCED_FACE('',(#10883),#10876,.F.);
#10885=CARTESIAN_POINT('',(3.93E0,-2.77E0,4.955E0));
#10886=DIRECTION('',(0.E0,-1.E0,0.E0));
#10887=DIRECTION('',(1.E0,0.E0,0.E0));
#10888=AXIS2_PLACEMENT_3D('',#10885,#10886,#10887);
#10889=PLANE('',#10888);
#10890=ORIENTED_EDGE('',*,*,#6474,.F.);
#10892=ORIENTED_EDGE('',*,*,#10891,.T.);
#10893=ORIENTED_EDGE('',*,*,#6242,.T.);
#10894=ORIENTED_EDGE('',*,*,#10878,.F.);
#10895=EDGE_LOOP('',(#10890,#10892,#10893,#10894));
#10896=FACE_OUTER_BOUND('',#10895,.F.);
#10897=ADVANCED_FACE('',(#10896),#10889,.F.);
#10898=CARTESIAN_POINT('',(3.23E0,-2.07E0,4.955E0));
#10899=DIRECTION('',(-7.071067811865E-1,-7.071067811865E-1,0.E0));
#10900=DIRECTION('',(7.071067811865E-1,-7.071067811865E-1,0.E0));
#10901=AXIS2_PLACEMENT_3D('',#10898,#10899,#10900);
#10902=PLANE('',#10901);
#10903=ORIENTED_EDGE('',*,*,#6472,.F.);
#10905=ORIENTED_EDGE('',*,*,#10904,.T.);
#10906=ORIENTED_EDGE('',*,*,#6244,.T.);
#10907=ORIENTED_EDGE('',*,*,#10891,.F.);
#10908=EDGE_LOOP('',(#10903,#10905,#10906,#10907));
#10909=FACE_OUTER_BOUND('',#10908,.F.);
#10910=ADVANCED_FACE('',(#10909),#10902,.F.);
#10911=CARTESIAN_POINT('',(3.23E0,-2.3E-1,4.955E0));
#10912=DIRECTION('',(-1.E0,0.E0,0.E0));
#10913=DIRECTION('',(0.E0,-1.E0,0.E0));
#10914=AXIS2_PLACEMENT_3D('',#10911,#10912,#10913);
#10915=PLANE('',#10914);
#10916=ORIENTED_EDGE('',*,*,#6470,.F.);
#10917=ORIENTED_EDGE('',*,*,#10867,.T.);
#10918=ORIENTED_EDGE('',*,*,#6246,.T.);
#10919=ORIENTED_EDGE('',*,*,#10904,.F.);
#10920=EDGE_LOOP('',(#10916,#10917,#10918,#10919));
#10921=FACE_OUTER_BOUND('',#10920,.F.);
#10922=ADVANCED_FACE('',(#10921),#10915,.F.);
#10923=CARTESIAN_POINT('',(-5.77E0,-2.77E0,4.955E0));
#10924=DIRECTION('',(0.E0,-1.E0,0.E0));
#10925=DIRECTION('',(1.E0,0.E0,0.E0));
#10926=AXIS2_PLACEMENT_3D('',#10923,#10924,#10925);
#10927=PLANE('',#10926);
#10928=ORIENTED_EDGE('',*,*,#6480,.F.);
#10930=ORIENTED_EDGE('',*,*,#10929,.T.);
#10931=ORIENTED_EDGE('',*,*,#6378,.T.);
#10933=ORIENTED_EDGE('',*,*,#10932,.F.);
#10934=EDGE_LOOP('',(#10928,#10930,#10931,#10933));
#10935=FACE_OUTER_BOUND('',#10934,.F.);
#10936=ADVANCED_FACE('',(#10935),#10927,.F.);
#10937=CARTESIAN_POINT('',(-5.77E0,-2.3E-1,4.955E0));
#10938=DIRECTION('',(-1.E0,0.E0,0.E0));
#10939=DIRECTION('',(0.E0,-1.E0,0.E0));
#10940=AXIS2_PLACEMENT_3D('',#10937,#10938,#10939);
#10941=PLANE('',#10940);
#10942=ORIENTED_EDGE('',*,*,#6488,.F.);
#10944=ORIENTED_EDGE('',*,*,#10943,.T.);
#10945=ORIENTED_EDGE('',*,*,#6380,.T.);
#10946=ORIENTED_EDGE('',*,*,#10929,.F.);
#10947=EDGE_LOOP('',(#10942,#10944,#10945,#10946));
#10948=FACE_OUTER_BOUND('',#10947,.F.);
#10949=ADVANCED_FACE('',(#10948),#10941,.F.);
#10950=CARTESIAN_POINT('',(-3.23E0,-2.3E-1,4.955E0));
#10951=DIRECTION('',(0.E0,1.E0,0.E0));
#10952=DIRECTION('',(-1.E0,0.E0,0.E0));
#10953=AXIS2_PLACEMENT_3D('',#10950,#10951,#10952);
#10954=PLANE('',#10953);
#10955=ORIENTED_EDGE('',*,*,#6486,.F.);
#10957=ORIENTED_EDGE('',*,*,#10956,.T.);
#10958=ORIENTED_EDGE('',*,*,#6382,.T.);
#10959=ORIENTED_EDGE('',*,*,#10943,.F.);
#10960=EDGE_LOOP('',(#10955,#10957,#10958,#10959));
#10961=FACE_OUTER_BOUND('',#10960,.F.);
#10962=ADVANCED_FACE('',(#10961),#10954,.F.);
#10963=CARTESIAN_POINT('',(-3.23E0,-2.07E0,4.955E0));
#10964=DIRECTION('',(1.E0,0.E0,0.E0));
#10965=DIRECTION('',(0.E0,1.E0,0.E0));
#10966=AXIS2_PLACEMENT_3D('',#10963,#10964,#10965);
#10967=PLANE('',#10966);
#10968=ORIENTED_EDGE('',*,*,#6484,.F.);
#10970=ORIENTED_EDGE('',*,*,#10969,.T.);
#10971=ORIENTED_EDGE('',*,*,#6384,.T.);
#10972=ORIENTED_EDGE('',*,*,#10956,.F.);
#10973=EDGE_LOOP('',(#10968,#10970,#10971,#10972));
#10974=FACE_OUTER_BOUND('',#10973,.F.);
#10975=ADVANCED_FACE('',(#10974),#10967,.F.);
#10976=CARTESIAN_POINT('',(-3.93E0,-2.77E0,4.955E0));
#10977=DIRECTION('',(7.071067811865E-1,-7.071067811865E-1,0.E0));
#10978=DIRECTION('',(7.071067811865E-1,7.071067811865E-1,0.E0));
#10979=AXIS2_PLACEMENT_3D('',#10976,#10977,#10978);
#10980=PLANE('',#10979);
#10981=ORIENTED_EDGE('',*,*,#6482,.F.);
#10982=ORIENTED_EDGE('',*,*,#10932,.T.);
#10983=ORIENTED_EDGE('',*,*,#6386,.T.);
#10984=ORIENTED_EDGE('',*,*,#10969,.F.);
#10985=EDGE_LOOP('',(#10981,#10982,#10983,#10984));
#10986=FACE_OUTER_BOUND('',#10985,.F.);
#10987=ADVANCED_FACE('',(#10986),#10980,.F.);
#10988=CARTESIAN_POINT('',(-5.77E0,2.3E-1,4.955E0));
#10989=DIRECTION('',(0.E0,-1.E0,0.E0));
#10990=DIRECTION('',(1.E0,0.E0,0.E0));
#10991=AXIS2_PLACEMENT_3D('',#10988,#10989,#10990);
#10992=PLANE('',#10991);
#10993=ORIENTED_EDGE('',*,*,#6492,.F.);
#10995=ORIENTED_EDGE('',*,*,#10994,.T.);
#10996=ORIENTED_EDGE('',*,*,#6402,.T.);
#10998=ORIENTED_EDGE('',*,*,#10997,.F.);
#10999=EDGE_LOOP('',(#10993,#10995,#10996,#10998));
#11000=FACE_OUTER_BOUND('',#10999,.F.);
#11001=ADVANCED_FACE('',(#11000),#10992,.F.);
#11002=CARTESIAN_POINT('',(-5.77E0,2.77E0,4.955E0));
#11003=DIRECTION('',(-1.E0,0.E0,0.E0));
#11004=DIRECTION('',(0.E0,-1.E0,0.E0));
#11005=AXIS2_PLACEMENT_3D('',#11002,#11003,#11004);
#11006=PLANE('',#11005);
#11007=ORIENTED_EDGE('',*,*,#6498,.F.);
#11009=ORIENTED_EDGE('',*,*,#11008,.T.);
#11010=ORIENTED_EDGE('',*,*,#6404,.T.);
#11011=ORIENTED_EDGE('',*,*,#10994,.F.);
#11012=EDGE_LOOP('',(#11007,#11009,#11010,#11011));
#11013=FACE_OUTER_BOUND('',#11012,.F.);
#11014=ADVANCED_FACE('',(#11013),#11006,.F.);
#11015=CARTESIAN_POINT('',(-3.23E0,2.77E0,4.955E0));
#11016=DIRECTION('',(0.E0,1.E0,0.E0));
#11017=DIRECTION('',(-1.E0,0.E0,0.E0));
#11018=AXIS2_PLACEMENT_3D('',#11015,#11016,#11017);
#11019=PLANE('',#11018);
#11020=ORIENTED_EDGE('',*,*,#6496,.F.);
#11022=ORIENTED_EDGE('',*,*,#11021,.T.);
#11023=ORIENTED_EDGE('',*,*,#6406,.T.);
#11024=ORIENTED_EDGE('',*,*,#11008,.F.);
#11025=EDGE_LOOP('',(#11020,#11022,#11023,#11024));
#11026=FACE_OUTER_BOUND('',#11025,.F.);
#11027=ADVANCED_FACE('',(#11026),#11019,.F.);
#11028=CARTESIAN_POINT('',(-3.23E0,2.3E-1,4.955E0));
#11029=DIRECTION('',(1.E0,0.E0,0.E0));
#11030=DIRECTION('',(0.E0,1.E0,0.E0));
#11031=AXIS2_PLACEMENT_3D('',#11028,#11029,#11030);
#11032=PLANE('',#11031);
#11033=ORIENTED_EDGE('',*,*,#6494,.F.);
#11034=ORIENTED_EDGE('',*,*,#10997,.T.);
#11035=ORIENTED_EDGE('',*,*,#6408,.T.);
#11036=ORIENTED_EDGE('',*,*,#11021,.F.);
#11037=EDGE_LOOP('',(#11033,#11034,#11035,#11036));
#11038=FACE_OUTER_BOUND('',#11037,.F.);
#11039=ADVANCED_FACE('',(#11038),#11032,.F.);
#11040=CARTESIAN_POINT('',(2.3E-1,-2.3E-1,4.955E0));
#11041=DIRECTION('',(-1.E0,0.E0,0.E0));
#11042=DIRECTION('',(0.E0,-1.E0,0.E0));
#11043=AXIS2_PLACEMENT_3D('',#11040,#11041,#11042);
#11044=PLANE('',#11043);
#11045=ORIENTED_EDGE('',*,*,#6502,.F.);
#11047=ORIENTED_EDGE('',*,*,#11046,.T.);
#11048=ORIENTED_EDGE('',*,*,#6266,.T.);
#11050=ORIENTED_EDGE('',*,*,#11049,.F.);
#11051=EDGE_LOOP('',(#11045,#11047,#11048,#11050));
#11052=FACE_OUTER_BOUND('',#11051,.F.);
#11053=ADVANCED_FACE('',(#11052),#11044,.F.);
#11054=CARTESIAN_POINT('',(2.77E0,-2.3E-1,4.955E0));
#11055=DIRECTION('',(0.E0,1.E0,0.E0));
#11056=DIRECTION('',(-1.E0,0.E0,0.E0));
#11057=AXIS2_PLACEMENT_3D('',#11054,#11055,#11056);
#11058=PLANE('',#11057);
#11059=ORIENTED_EDGE('',*,*,#6510,.F.);
#11061=ORIENTED_EDGE('',*,*,#11060,.T.);
#11062=ORIENTED_EDGE('',*,*,#6268,.T.);
#11063=ORIENTED_EDGE('',*,*,#11046,.F.);
#11064=EDGE_LOOP('',(#11059,#11061,#11062,#11063));
#11065=FACE_OUTER_BOUND('',#11064,.F.);
#11066=ADVANCED_FACE('',(#11065),#11058,.F.);
#11067=CARTESIAN_POINT('',(2.77E0,-2.07E0,4.955E0));
#11068=DIRECTION('',(1.E0,0.E0,0.E0));
#11069=DIRECTION('',(0.E0,1.E0,0.E0));
#11070=AXIS2_PLACEMENT_3D('',#11067,#11068,#11069);
#11071=PLANE('',#11070);
#11072=ORIENTED_EDGE('',*,*,#6508,.F.);
#11074=ORIENTED_EDGE('',*,*,#11073,.T.);
#11075=ORIENTED_EDGE('',*,*,#6270,.T.);
#11076=ORIENTED_EDGE('',*,*,#11060,.F.);
#11077=EDGE_LOOP('',(#11072,#11074,#11075,#11076));
#11078=FACE_OUTER_BOUND('',#11077,.F.);
#11079=ADVANCED_FACE('',(#11078),#11071,.F.);
#11080=CARTESIAN_POINT('',(2.07E0,-2.77E0,4.955E0));
#11081=DIRECTION('',(7.071067811865E-1,-7.071067811865E-1,0.E0));
#11082=DIRECTION('',(7.071067811865E-1,7.071067811865E-1,0.E0));
#11083=AXIS2_PLACEMENT_3D('',#11080,#11081,#11082);
#11084=PLANE('',#11083);
#11085=ORIENTED_EDGE('',*,*,#6506,.F.);
#11087=ORIENTED_EDGE('',*,*,#11086,.T.);
#11088=ORIENTED_EDGE('',*,*,#6272,.T.);
#11089=ORIENTED_EDGE('',*,*,#11073,.F.);
#11090=EDGE_LOOP('',(#11085,#11087,#11088,#11089));
#11091=FACE_OUTER_BOUND('',#11090,.F.);
#11092=ADVANCED_FACE('',(#11091),#11084,.F.);
#11093=CARTESIAN_POINT('',(2.3E-1,-2.77E0,4.955E0));
#11094=DIRECTION('',(0.E0,-1.E0,0.E0));
#11095=DIRECTION('',(1.E0,0.E0,0.E0));
#11096=AXIS2_PLACEMENT_3D('',#11093,#11094,#11095);
#11097=PLANE('',#11096);
#11098=ORIENTED_EDGE('',*,*,#6504,.F.);
#11099=ORIENTED_EDGE('',*,*,#11049,.T.);
#11100=ORIENTED_EDGE('',*,*,#6274,.T.);
#11101=ORIENTED_EDGE('',*,*,#11086,.F.);
#11102=EDGE_LOOP('',(#11098,#11099,#11100,#11101));
#11103=FACE_OUTER_BOUND('',#11102,.F.);
#11104=ADVANCED_FACE('',(#11103),#11097,.F.);
#11105=CARTESIAN_POINT('',(2.3E-1,2.3E-1,4.955E0));
#11106=DIRECTION('',(0.E0,-1.E0,0.E0));
#11107=DIRECTION('',(1.E0,0.E0,0.E0));
#11108=AXIS2_PLACEMENT_3D('',#11105,#11106,#11107);
#11109=PLANE('',#11108);
#11110=ORIENTED_EDGE('',*,*,#6514,.F.);
#11112=ORIENTED_EDGE('',*,*,#11111,.T.);
#11113=ORIENTED_EDGE('',*,*,#6294,.T.);
#11115=ORIENTED_EDGE('',*,*,#11114,.F.);
#11116=EDGE_LOOP('',(#11110,#11112,#11113,#11115));
#11117=FACE_OUTER_BOUND('',#11116,.F.);
#11118=ADVANCED_FACE('',(#11117),#11109,.F.);
#11119=CARTESIAN_POINT('',(2.3E-1,2.77E0,4.955E0));
#11120=DIRECTION('',(-1.E0,0.E0,0.E0));
#11121=DIRECTION('',(0.E0,-1.E0,0.E0));
#11122=AXIS2_PLACEMENT_3D('',#11119,#11120,#11121);
#11123=PLANE('',#11122);
#11124=ORIENTED_EDGE('',*,*,#6522,.F.);
#11126=ORIENTED_EDGE('',*,*,#11125,.T.);
#11127=ORIENTED_EDGE('',*,*,#6296,.T.);
#11128=ORIENTED_EDGE('',*,*,#11111,.F.);
#11129=EDGE_LOOP('',(#11124,#11126,#11127,#11128));
#11130=FACE_OUTER_BOUND('',#11129,.F.);
#11131=ADVANCED_FACE('',(#11130),#11123,.F.);
#11132=CARTESIAN_POINT('',(2.77E0,2.77E0,4.955E0));
#11133=DIRECTION('',(0.E0,1.E0,0.E0));
#11134=DIRECTION('',(-1.E0,0.E0,0.E0));
#11135=AXIS2_PLACEMENT_3D('',#11132,#11133,#11134);
#11136=PLANE('',#11135);
#11137=ORIENTED_EDGE('',*,*,#6520,.F.);
#11139=ORIENTED_EDGE('',*,*,#11138,.T.);
#11140=ORIENTED_EDGE('',*,*,#6298,.T.);
#11141=ORIENTED_EDGE('',*,*,#11125,.F.);
#11142=EDGE_LOOP('',(#11137,#11139,#11140,#11141));
#11143=FACE_OUTER_BOUND('',#11142,.F.);
#11144=ADVANCED_FACE('',(#11143),#11136,.F.);
#11145=CARTESIAN_POINT('',(2.77E0,9.3E-1,4.955E0));
#11146=DIRECTION('',(1.E0,0.E0,0.E0));
#11147=DIRECTION('',(0.E0,1.E0,0.E0));
#11148=AXIS2_PLACEMENT_3D('',#11145,#11146,#11147);
#11149=PLANE('',#11148);
#11150=ORIENTED_EDGE('',*,*,#6518,.F.);
#11152=ORIENTED_EDGE('',*,*,#11151,.T.);
#11153=ORIENTED_EDGE('',*,*,#6300,.T.);
#11154=ORIENTED_EDGE('',*,*,#11138,.F.);
#11155=EDGE_LOOP('',(#11150,#11152,#11153,#11154));
#11156=FACE_OUTER_BOUND('',#11155,.F.);
#11157=ADVANCED_FACE('',(#11156),#11149,.F.);
#11158=CARTESIAN_POINT('',(2.07E0,2.3E-1,4.955E0));
#11159=DIRECTION('',(7.071067811865E-1,-7.071067811865E-1,0.E0));
#11160=DIRECTION('',(7.071067811865E-1,7.071067811865E-1,0.E0));
#11161=AXIS2_PLACEMENT_3D('',#11158,#11159,#11160);
#11162=PLANE('',#11161);
#11163=ORIENTED_EDGE('',*,*,#6516,.F.);
#11164=ORIENTED_EDGE('',*,*,#11114,.T.);
#11165=ORIENTED_EDGE('',*,*,#6302,.T.);
#11166=ORIENTED_EDGE('',*,*,#11151,.F.);
#11167=EDGE_LOOP('',(#11163,#11164,#11165,#11166));
#11168=FACE_OUTER_BOUND('',#11167,.F.);
#11169=ADVANCED_FACE('',(#11168),#11162,.F.);
#11170=CARTESIAN_POINT('',(-2.07E0,2.3E-1,4.955E0));
#11171=DIRECTION('',(0.E0,-1.E0,0.E0));
#11172=DIRECTION('',(1.E0,0.E0,0.E0));
#11173=AXIS2_PLACEMENT_3D('',#11170,#11171,#11172);
#11174=PLANE('',#11173);
#11175=ORIENTED_EDGE('',*,*,#6526,.F.);
#11177=ORIENTED_EDGE('',*,*,#11176,.T.);
#11178=ORIENTED_EDGE('',*,*,#6322,.T.);
#11180=ORIENTED_EDGE('',*,*,#11179,.F.);
#11181=EDGE_LOOP('',(#11175,#11177,#11178,#11180));
#11182=FACE_OUTER_BOUND('',#11181,.F.);
#11183=ADVANCED_FACE('',(#11182),#11174,.F.);
#11184=CARTESIAN_POINT('',(-2.77E0,9.3E-1,4.955E0));
#11185=DIRECTION('',(-7.071067811865E-1,-7.071067811865E-1,0.E0));
#11186=DIRECTION('',(7.071067811865E-1,-7.071067811865E-1,0.E0));
#11187=AXIS2_PLACEMENT_3D('',#11184,#11185,#11186);
#11188=PLANE('',#11187);
#11189=ORIENTED_EDGE('',*,*,#6534,.F.);
#11191=ORIENTED_EDGE('',*,*,#11190,.T.);
#11192=ORIENTED_EDGE('',*,*,#6324,.T.);
#11193=ORIENTED_EDGE('',*,*,#11176,.F.);
#11194=EDGE_LOOP('',(#11189,#11191,#11192,#11193));
#11195=FACE_OUTER_BOUND('',#11194,.F.);
#11196=ADVANCED_FACE('',(#11195),#11188,.F.);
#11197=CARTESIAN_POINT('',(-2.77E0,2.77E0,4.955E0));
#11198=DIRECTION('',(-1.E0,0.E0,0.E0));
#11199=DIRECTION('',(0.E0,-1.E0,0.E0));
#11200=AXIS2_PLACEMENT_3D('',#11197,#11198,#11199);
#11201=PLANE('',#11200);
#11202=ORIENTED_EDGE('',*,*,#6532,.F.);
#11204=ORIENTED_EDGE('',*,*,#11203,.T.);
#11205=ORIENTED_EDGE('',*,*,#6326,.T.);
#11206=ORIENTED_EDGE('',*,*,#11190,.F.);
#11207=EDGE_LOOP('',(#11202,#11204,#11205,#11206));
#11208=FACE_OUTER_BOUND('',#11207,.F.);
#11209=ADVANCED_FACE('',(#11208),#11201,.F.);
#11210=CARTESIAN_POINT('',(-2.3E-1,2.77E0,4.955E0));
#11211=DIRECTION('',(0.E0,1.E0,0.E0));
#11212=DIRECTION('',(-1.E0,0.E0,0.E0));
#11213=AXIS2_PLACEMENT_3D('',#11210,#11211,#11212);
#11214=PLANE('',#11213);
#11215=ORIENTED_EDGE('',*,*,#6530,.F.);
#11217=ORIENTED_EDGE('',*,*,#11216,.T.);
#11218=ORIENTED_EDGE('',*,*,#6328,.T.);
#11219=ORIENTED_EDGE('',*,*,#11203,.F.);
#11220=EDGE_LOOP('',(#11215,#11217,#11218,#11219));
#11221=FACE_OUTER_BOUND('',#11220,.F.);
#11222=ADVANCED_FACE('',(#11221),#11214,.F.);
#11223=CARTESIAN_POINT('',(-2.3E-1,2.3E-1,4.955E0));
#11224=DIRECTION('',(1.E0,0.E0,0.E0));
#11225=DIRECTION('',(0.E0,1.E0,0.E0));
#11226=AXIS2_PLACEMENT_3D('',#11223,#11224,#11225);
#11227=PLANE('',#11226);
#11228=ORIENTED_EDGE('',*,*,#6528,.F.);
#11229=ORIENTED_EDGE('',*,*,#11179,.T.);
#11230=ORIENTED_EDGE('',*,*,#6330,.T.);
#11231=ORIENTED_EDGE('',*,*,#11216,.F.);
#11232=EDGE_LOOP('',(#11228,#11229,#11230,#11231));
#11233=FACE_OUTER_BOUND('',#11232,.F.);
#11234=ADVANCED_FACE('',(#11233),#11227,.F.);
#11235=CARTESIAN_POINT('',(-2.3E-1,-2.3E-1,4.955E0));
#11236=DIRECTION('',(0.E0,1.E0,0.E0));
#11237=DIRECTION('',(-1.E0,0.E0,0.E0));
#11238=AXIS2_PLACEMENT_3D('',#11235,#11236,#11237);
#11239=PLANE('',#11238);
#11240=ORIENTED_EDGE('',*,*,#6538,.F.);
#11242=ORIENTED_EDGE('',*,*,#11241,.T.);
#11243=ORIENTED_EDGE('',*,*,#6350,.T.);
#11245=ORIENTED_EDGE('',*,*,#11244,.F.);
#11246=EDGE_LOOP('',(#11240,#11242,#11243,#11245));
#11247=FACE_OUTER_BOUND('',#11246,.F.);
#11248=ADVANCED_FACE('',(#11247),#11239,.F.);
#11249=CARTESIAN_POINT('',(-2.3E-1,-2.77E0,4.955E0));
#11250=DIRECTION('',(1.E0,0.E0,0.E0));
#11251=DIRECTION('',(0.E0,1.E0,0.E0));
#11252=AXIS2_PLACEMENT_3D('',#11249,#11250,#11251);
#11253=PLANE('',#11252);
#11254=ORIENTED_EDGE('',*,*,#6546,.F.);
#11256=ORIENTED_EDGE('',*,*,#11255,.T.);
#11257=ORIENTED_EDGE('',*,*,#6352,.T.);
#11258=ORIENTED_EDGE('',*,*,#11241,.F.);
#11259=EDGE_LOOP('',(#11254,#11256,#11257,#11258));
#11260=FACE_OUTER_BOUND('',#11259,.F.);
#11261=ADVANCED_FACE('',(#11260),#11253,.F.);
#11262=CARTESIAN_POINT('',(-2.07E0,-2.77E0,4.955E0));
#11263=DIRECTION('',(0.E0,-1.E0,0.E0));
#11264=DIRECTION('',(1.E0,0.E0,0.E0));
#11265=AXIS2_PLACEMENT_3D('',#11262,#11263,#11264);
#11266=PLANE('',#11265);
#11267=ORIENTED_EDGE('',*,*,#6544,.F.);
#11269=ORIENTED_EDGE('',*,*,#11268,.T.);
#11270=ORIENTED_EDGE('',*,*,#6354,.T.);
#11271=ORIENTED_EDGE('',*,*,#11255,.F.);
#11272=EDGE_LOOP('',(#11267,#11269,#11270,#11271));
#11273=FACE_OUTER_BOUND('',#11272,.F.);
#11274=ADVANCED_FACE('',(#11273),#11266,.F.);
#11275=CARTESIAN_POINT('',(-2.77E0,-2.07E0,4.955E0));
#11276=DIRECTION('',(-7.071067811865E-1,-7.071067811865E-1,0.E0));
#11277=DIRECTION('',(7.071067811865E-1,-7.071067811865E-1,0.E0));
#11278=AXIS2_PLACEMENT_3D('',#11275,#11276,#11277);
#11279=PLANE('',#11278);
#11280=ORIENTED_EDGE('',*,*,#6542,.F.);
#11282=ORIENTED_EDGE('',*,*,#11281,.T.);
#11283=ORIENTED_EDGE('',*,*,#6356,.T.);
#11284=ORIENTED_EDGE('',*,*,#11268,.F.);
#11285=EDGE_LOOP('',(#11280,#11282,#11283,#11284));
#11286=FACE_OUTER_BOUND('',#11285,.F.);
#11287=ADVANCED_FACE('',(#11286),#11279,.F.);
#11288=CARTESIAN_POINT('',(-2.77E0,-2.3E-1,4.955E0));
#11289=DIRECTION('',(-1.E0,0.E0,0.E0));
#11290=DIRECTION('',(0.E0,-1.E0,0.E0));
#11291=AXIS2_PLACEMENT_3D('',#11288,#11289,#11290);
#11292=PLANE('',#11291);
#11293=ORIENTED_EDGE('',*,*,#6540,.F.);
#11294=ORIENTED_EDGE('',*,*,#11244,.T.);
#11295=ORIENTED_EDGE('',*,*,#6358,.T.);
#11296=ORIENTED_EDGE('',*,*,#11281,.F.);
#11297=EDGE_LOOP('',(#11293,#11294,#11295,#11296));
#11298=FACE_OUTER_BOUND('',#11297,.F.);
#11299=ADVANCED_FACE('',(#11298),#11292,.F.);
#11300=CARTESIAN_POINT('',(-4.18E0,-3.2E-1,-3.655E0));
#11301=DIRECTION('',(0.E0,-1.E0,0.E0));
#11302=DIRECTION('',(0.E0,0.E0,-1.E0));
#11303=AXIS2_PLACEMENT_3D('',#11300,#11301,#11302);
#11304=PLANE('',#11303);
#11305=ORIENTED_EDGE('',*,*,#5873,.T.);
#11307=ORIENTED_EDGE('',*,*,#11306,.T.);
#11308=ORIENTED_EDGE('',*,*,#5973,.F.);
#11309=ORIENTED_EDGE('',*,*,#5361,.T.);
#11310=ORIENTED_EDGE('',*,*,#5400,.T.);
#11311=ORIENTED_EDGE('',*,*,#5446,.T.);
#11312=EDGE_LOOP('',(#11305,#11307,#11308,#11309,#11310,#11311));
#11313=FACE_OUTER_BOUND('',#11312,.F.);
#11314=ADVANCED_FACE('',(#11313),#11304,.T.);
#11315=CARTESIAN_POINT('',(-4.18E0,-3.2E-1,-4.955E0));
#11316=DIRECTION('',(0.E0,0.E0,-1.E0));
#11317=DIRECTION('',(0.E0,1.E0,0.E0));
#11318=AXIS2_PLACEMENT_3D('',#11315,#11316,#11317);
#11319=PLANE('',#11318);
#11320=ORIENTED_EDGE('',*,*,#5871,.T.);
#11322=ORIENTED_EDGE('',*,*,#11321,.T.);
#11323=ORIENTED_EDGE('',*,*,#5975,.F.);
#11324=ORIENTED_EDGE('',*,*,#11306,.F.);
#11325=EDGE_LOOP('',(#11320,#11322,#11323,#11324));
#11326=FACE_OUTER_BOUND('',#11325,.F.);
#11327=ADVANCED_FACE('',(#11326),#11319,.T.);
#11328=CARTESIAN_POINT('',(-4.18E0,3.2E-1,-4.955E0));
#11329=DIRECTION('',(0.E0,1.E0,0.E0));
#11330=DIRECTION('',(0.E0,0.E0,1.E0));
#11331=AXIS2_PLACEMENT_3D('',#11328,#11329,#11330);
#11332=PLANE('',#11331);
#11333=ORIENTED_EDGE('',*,*,#5869,.T.);
#11334=ORIENTED_EDGE('',*,*,#5432,.F.);
#11335=ORIENTED_EDGE('',*,*,#5388,.F.);
#11336=ORIENTED_EDGE('',*,*,#5343,.F.);
#11337=ORIENTED_EDGE('',*,*,#5977,.F.);
#11338=ORIENTED_EDGE('',*,*,#11321,.F.);
#11339=EDGE_LOOP('',(#11333,#11334,#11335,#11336,#11337,#11338));
#11340=FACE_OUTER_BOUND('',#11339,.F.);
#11341=ADVANCED_FACE('',(#11340),#11332,.T.);
#11342=CARTESIAN_POINT('',(-4.73E0,-1.5E0,2.055E0));
#11343=DIRECTION('',(-9.841833239737E-1,0.E0,1.771529983153E-1));
#11344=DIRECTION('',(1.771529983153E-1,0.E0,9.841833239737E-1));
#11345=AXIS2_PLACEMENT_3D('',#11342,#11343,#11344);
#11346=PLANE('',#11345);
#11347=ORIENTED_EDGE('',*,*,#6022,.T.);
#11348=ORIENTED_EDGE('',*,*,#5772,.F.);
#11349=ORIENTED_EDGE('',*,*,#5799,.F.);
#11350=ORIENTED_EDGE('',*,*,#5815,.T.);
#11351=EDGE_LOOP('',(#11347,#11348,#11349,#11350));
#11352=FACE_OUTER_BOUND('',#11351,.F.);
#11353=ADVANCED_FACE('',(#11352),#11346,.T.);
#11354=CLOSED_SHELL('',(#5302,#5318,#5333,#5349,#5365,#5379,#5394,#5409,#5423,
#5438,#5453,#5475,#5495,#5515,#5534,#5555,#5570,#5585,#5600,#5615,#5630,#5733,
#5745,#5761,#5776,#5791,#5805,#5819,#5834,#5862,#5877,#5897,#5912,#5925,#5939,
#5966,#5981,#6001,#6016,#6030,#6045,#6059,#6072,#6085,#6098,#6111,#6124,#6136,
#6151,#6166,#6179,#6192,#6204,#6232,#6260,#6288,#6316,#6344,#6372,#6396,#6418,
#6433,#6550,#6581,#6600,#6623,#6638,#6655,#6675,#6699,#6712,#6725,#6738,#6750,
#6765,#6788,#6801,#6814,#6827,#6840,#6857,#6886,#6902,#6935,#6949,#6961,#6974,
#6988,#7001,#7013,#7028,#7044,#7056,#7068,#7082,#7096,#7110,#7154,#7166,#7179,
#7191,#7231,#7248,#7262,#7278,#7291,#7304,#7316,#7330,#7369,#7383,#7398,#7413,
#7432,#7447,#7475,#7490,#7510,#7524,#7539,#7557,#7571,#7584,#7598,#7613,#7625,
#7638,#7652,#7668,#7695,#7709,#7729,#7742,#7757,#7770,#7783,#7796,#7809,#7822,
#7835,#7847,#7860,#7874,#7980,#7995,#8010,#8024,#8038,#8053,#8066,#8078,#8091,
#8104,#8116,#8139,#8162,#8176,#8198,#8221,#8234,#8247,#8260,#8273,#8286,#8298,
#8311,#8324,#8337,#8350,#8363,#8376,#8388,#8403,#8419,#8433,#8449,#8464,#8478,
#8494,#8510,#8528,#8545,#8559,#8573,#8588,#8613,#8627,#8641,#8654,#8666,#8680,
#8704,#8718,#8732,#8745,#8757,#8798,#8811,#8824,#8837,#8849,#8878,#8893,#8911,
#8926,#8941,#8960,#8974,#8988,#9002,#9017,#9035,#9049,#9063,#9089,#9104,#9122,
#9135,#9150,#9163,#9176,#9189,#9202,#9215,#9227,#9244,#9257,#9270,#9285,#9297,
#9309,#9323,#9338,#9350,#9362,#9375,#9390,#9404,#9418,#9432,#9444,#9456,#9469,
#9482,#9495,#9507,#9522,#9537,#9550,#9563,#9575,#9593,#9622,#9637,#9652,#9667,
#9681,#9710,#9725,#9742,#9757,#9772,#9790,#9803,#9816,#9831,#9846,#9859,#9874,
#9889,#9901,#9915,#9929,#9944,#9957,#9970,#9983,#9996,#10009,#10022,#10035,
#10047,#10062,#10077,#10090,#10103,#10115,#10130,#10143,#10157,#10169,#10182,
#10197,#10211,#10225,#10239,#10251,#10263,#10276,#10289,#10301,#10313,#10326,
#10339,#10352,#10364,#10378,#10390,#10403,#10415,#10430,#10443,#10457,#10469,
#10484,#10499,#10512,#10525,#10537,#10552,#10567,#10581,#10593,#10606,#10619,
#10631,#10643,#10656,#10668,#10683,#10697,#10711,#10725,#10739,#10753,#10766,
#10781,#10794,#10806,#10819,#10832,#10845,#10857,#10871,#10884,#10897,#10910,
#10922,#10936,#10949,#10962,#10975,#10987,#11001,#11014,#11027,#11039,#11053,
#11066,#11079,#11092,#11104,#11118,#11131,#11144,#11157,#11169,#11183,#11196,
#11209,#11222,#11234,#11248,#11261,#11274,#11287,#11299,#11314,#11327,#11341,
#11353));
#11355=DIRECTION('',(0.E0,1.E0,0.E0));
#11356=VECTOR('',#11355,4.7E-1);
#11357=CARTESIAN_POINT('',(4.18E0,-2.29E0,-3.745E0));
#11358=LINE('',#11357,#11356);
#11359=DIRECTION('',(0.E0,0.E0,-1.E0));
#11360=VECTOR('',#11359,9.E-2);
#11361=CARTESIAN_POINT('',(4.18E0,-1.82E0,-3.655E0));
#11362=LINE('',#11361,#11360);
#11363=DIRECTION('',(0.E0,0.E0,1.E0));
#11364=VECTOR('',#11363,9.E-2);
#11365=CARTESIAN_POINT('',(4.18E0,-2.29E0,-3.745E0));
#11366=LINE('',#11365,#11364);
#11367=DIRECTION('',(1.E0,0.E0,0.E0));
#11368=VECTOR('',#11367,6.4E-1);
#11369=CARTESIAN_POINT('',(4.18E0,-2.29E0,-3.655E0));
#11370=LINE('',#11369,#11368);
#11371=DIRECTION('',(0.E0,0.E0,-1.E0));
#11372=VECTOR('',#11371,9.E-2);
#11373=CARTESIAN_POINT('',(4.82E0,-2.29E0,-3.655E0));
#11374=LINE('',#11373,#11372);
#11375=DIRECTION('',(1.E0,0.E0,0.E0));
#11376=VECTOR('',#11375,6.4E-1);
#11377=CARTESIAN_POINT('',(4.18E0,-2.29E0,-3.745E0));
#11378=LINE('',#11377,#11376);
#11379=DIRECTION('',(1.E0,0.E0,0.E0));
#11380=VECTOR('',#11379,6.4E-1);
#11381=CARTESIAN_POINT('',(4.18E0,-1.82E0,-3.655E0));
#11382=LINE('',#11381,#11380);
#11383=DIRECTION('',(0.E0,-1.E0,0.E0));
#11384=VECTOR('',#11383,4.7E-1);
#11385=CARTESIAN_POINT('',(4.18E0,-1.82E0,-3.655E0));
#11386=LINE('',#11385,#11384);
#11387=DIRECTION('',(0.E0,-1.E0,0.E0));
#11388=VECTOR('',#11387,4.7E-1);
#11389=CARTESIAN_POINT('',(4.82E0,-1.82E0,-3.655E0));
#11390=LINE('',#11389,#11388);
#11391=DIRECTION('',(0.E0,0.E0,-1.E0));
#11392=VECTOR('',#11391,9.E-2);
#11393=CARTESIAN_POINT('',(4.82E0,-1.82E0,-3.655E0));
#11394=LINE('',#11393,#11392);
#11395=DIRECTION('',(0.E0,1.E0,0.E0));
#11396=VECTOR('',#11395,4.7E-1);
#11397=CARTESIAN_POINT('',(4.82E0,-2.29E0,-3.745E0));
#11398=LINE('',#11397,#11396);
#11399=DIRECTION('',(-1.E0,0.E0,0.E0));
#11400=VECTOR('',#11399,6.4E-1);
#11401=CARTESIAN_POINT('',(4.82E0,-1.82E0,-3.745E0));
#11402=LINE('',#11401,#11400);
#11403=CARTESIAN_POINT('',(4.18E0,-2.29E0,-3.655E0));
#11404=CARTESIAN_POINT('',(4.82E0,-2.29E0,-3.655E0));
#11405=VERTEX_POINT('',#11403);
#11406=VERTEX_POINT('',#11404);
#11407=CARTESIAN_POINT('',(4.18E0,-2.29E0,-3.745E0));
#11408=VERTEX_POINT('',#11407);
#11409=CARTESIAN_POINT('',(4.82E0,-2.29E0,-3.745E0));
#11410=VERTEX_POINT('',#11409);
#11411=CARTESIAN_POINT('',(4.18E0,-1.82E0,-3.745E0));
#11412=VERTEX_POINT('',#11411);
#11413=CARTESIAN_POINT('',(4.18E0,-1.82E0,-3.655E0));
#11414=VERTEX_POINT('',#11413);
#11415=CARTESIAN_POINT('',(4.82E0,-1.82E0,-3.655E0));
#11416=VERTEX_POINT('',#11415);
#11417=CARTESIAN_POINT('',(4.82E0,-1.82E0,-3.745E0));
#11418=VERTEX_POINT('',#11417);
#11419=CARTESIAN_POINT('',(4.82E0,-1.82E0,2.555E0));
#11420=DIRECTION('',(0.E0,-1.E0,0.E0));
#11421=DIRECTION('',(0.E0,0.E0,-1.E0));
#11422=AXIS2_PLACEMENT_3D('',#11419,#11420,#11421);
#11423=PLANE('',#11422);
#11425=ORIENTED_EDGE('',*,*,#11424,.T.);
#11427=ORIENTED_EDGE('',*,*,#11426,.F.);
#11429=ORIENTED_EDGE('',*,*,#11428,.F.);
#11431=ORIENTED_EDGE('',*,*,#11430,.F.);
#11432=EDGE_LOOP('',(#11425,#11427,#11429,#11431));
#11433=FACE_OUTER_BOUND('',#11432,.F.);
#11434=ADVANCED_FACE('',(#11433),#11423,.F.);
#11435=CARTESIAN_POINT('',(4.18E0,3.43E0,-4.955E0));
#11436=DIRECTION('',(-1.E0,0.E0,0.E0));
#11437=DIRECTION('',(0.E0,0.E0,1.E0));
#11438=AXIS2_PLACEMENT_3D('',#11435,#11436,#11437);
#11439=PLANE('',#11438);
#11441=ORIENTED_EDGE('',*,*,#11440,.F.);
#11443=ORIENTED_EDGE('',*,*,#11442,.T.);
#11444=ORIENTED_EDGE('',*,*,#11424,.F.);
#11446=ORIENTED_EDGE('',*,*,#11445,.T.);
#11447=EDGE_LOOP('',(#11441,#11443,#11444,#11446));
#11448=FACE_OUTER_BOUND('',#11447,.F.);
#11449=ADVANCED_FACE('',(#11448),#11439,.T.);
#11450=CARTESIAN_POINT('',(-7.825E0,-2.29E0,-4.955E0));
#11451=DIRECTION('',(0.E0,1.E0,0.E0));
#11452=DIRECTION('',(1.E0,0.E0,0.E0));
#11453=AXIS2_PLACEMENT_3D('',#11450,#11451,#11452);
#11454=PLANE('',#11453);
#11455=ORIENTED_EDGE('',*,*,#11440,.T.);
#11457=ORIENTED_EDGE('',*,*,#11456,.T.);
#11459=ORIENTED_EDGE('',*,*,#11458,.T.);
#11461=ORIENTED_EDGE('',*,*,#11460,.F.);
#11462=EDGE_LOOP('',(#11455,#11457,#11459,#11461));
#11463=FACE_OUTER_BOUND('',#11462,.F.);
#11464=ADVANCED_FACE('',(#11463),#11454,.F.);
#11465=CARTESIAN_POINT('',(4.18E0,3.43E0,-3.655E0));
#11466=DIRECTION('',(0.E0,0.E0,1.E0));
#11467=DIRECTION('',(1.E0,0.E0,0.E0));
#11468=AXIS2_PLACEMENT_3D('',#11465,#11466,#11467);
#11469=PLANE('',#11468);
#11470=ORIENTED_EDGE('',*,*,#11430,.T.);
#11472=ORIENTED_EDGE('',*,*,#11471,.T.);
#11473=ORIENTED_EDGE('',*,*,#11456,.F.);
#11474=ORIENTED_EDGE('',*,*,#11445,.F.);
#11475=EDGE_LOOP('',(#11470,#11472,#11473,#11474));
#11476=FACE_OUTER_BOUND('',#11475,.F.);
#11477=ADVANCED_FACE('',(#11476),#11469,.T.);
#11478=CARTESIAN_POINT('',(4.82E0,3.43E0,-3.655E0));
#11479=DIRECTION('',(1.E0,0.E0,0.E0));
#11480=DIRECTION('',(0.E0,0.E0,-1.E0));
#11481=AXIS2_PLACEMENT_3D('',#11478,#11479,#11480);
#11482=PLANE('',#11481);
#11483=ORIENTED_EDGE('',*,*,#11458,.F.);
#11484=ORIENTED_EDGE('',*,*,#11471,.F.);
#11485=ORIENTED_EDGE('',*,*,#11428,.T.);
#11487=ORIENTED_EDGE('',*,*,#11486,.F.);
#11488=EDGE_LOOP('',(#11483,#11484,#11485,#11487));
#11489=FACE_OUTER_BOUND('',#11488,.F.);
#11490=ADVANCED_FACE('',(#11489),#11482,.T.);
#11491=CARTESIAN_POINT('',(4.82E0,-1.82E0,-3.745E0));
#11492=DIRECTION('',(0.E0,0.E0,1.E0));
#11493=DIRECTION('',(0.E0,-1.E0,0.E0));
#11494=AXIS2_PLACEMENT_3D('',#11491,#11492,#11493);
#11495=PLANE('',#11494);
#11496=ORIENTED_EDGE('',*,*,#11460,.T.);
#11497=ORIENTED_EDGE('',*,*,#11486,.T.);
#11498=ORIENTED_EDGE('',*,*,#11426,.T.);
#11499=ORIENTED_EDGE('',*,*,#11442,.F.);
#11500=EDGE_LOOP('',(#11496,#11497,#11498,#11499));
#11501=FACE_OUTER_BOUND('',#11500,.F.);
#11502=ADVANCED_FACE('',(#11501),#11495,.F.);
#11503=CLOSED_SHELL('',(#11434,#11449,#11464,#11477,#11490,#11502));
#11504=DIRECTION('',(0.E0,1.E0,0.E0));
#11505=VECTOR('',#11504,4.7E-1);
#11506=CARTESIAN_POINT('',(1.18E0,-2.29E0,-3.745E0));
#11507=LINE('',#11506,#11505);
#11508=DIRECTION('',(0.E0,0.E0,-1.E0));
#11509=VECTOR('',#11508,9.E-2);
#11510=CARTESIAN_POINT('',(1.18E0,-1.82E0,-3.655E0));
#11511=LINE('',#11510,#11509);
#11512=DIRECTION('',(0.E0,0.E0,1.E0));
#11513=VECTOR('',#11512,9.E-2);
#11514=CARTESIAN_POINT('',(1.18E0,-2.29E0,-3.745E0));
#11515=LINE('',#11514,#11513);
#11516=DIRECTION('',(1.E0,0.E0,0.E0));
#11517=VECTOR('',#11516,6.4E-1);
#11518=CARTESIAN_POINT('',(1.18E0,-2.29E0,-3.655E0));
#11519=LINE('',#11518,#11517);
#11520=DIRECTION('',(0.E0,0.E0,-1.E0));
#11521=VECTOR('',#11520,9.E-2);
#11522=CARTESIAN_POINT('',(1.82E0,-2.29E0,-3.655E0));
#11523=LINE('',#11522,#11521);
#11524=DIRECTION('',(1.E0,0.E0,0.E0));
#11525=VECTOR('',#11524,6.4E-1);
#11526=CARTESIAN_POINT('',(1.18E0,-2.29E0,-3.745E0));
#11527=LINE('',#11526,#11525);
#11528=DIRECTION('',(1.E0,0.E0,0.E0));
#11529=VECTOR('',#11528,6.4E-1);
#11530=CARTESIAN_POINT('',(1.18E0,-1.82E0,-3.655E0));
#11531=LINE('',#11530,#11529);
#11532=DIRECTION('',(0.E0,-1.E0,0.E0));
#11533=VECTOR('',#11532,4.7E-1);
#11534=CARTESIAN_POINT('',(1.18E0,-1.82E0,-3.655E0));
#11535=LINE('',#11534,#11533);
#11536=DIRECTION('',(0.E0,-1.E0,0.E0));
#11537=VECTOR('',#11536,4.7E-1);
#11538=CARTESIAN_POINT('',(1.82E0,-1.82E0,-3.655E0));
#11539=LINE('',#11538,#11537);
#11540=DIRECTION('',(0.E0,0.E0,-1.E0));
#11541=VECTOR('',#11540,9.E-2);
#11542=CARTESIAN_POINT('',(1.82E0,-1.82E0,-3.655E0));
#11543=LINE('',#11542,#11541);
#11544=DIRECTION('',(0.E0,1.E0,0.E0));
#11545=VECTOR('',#11544,4.7E-1);
#11546=CARTESIAN_POINT('',(1.82E0,-2.29E0,-3.745E0));
#11547=LINE('',#11546,#11545);
#11548=DIRECTION('',(-1.E0,0.E0,0.E0));
#11549=VECTOR('',#11548,6.4E-1);
#11550=CARTESIAN_POINT('',(1.82E0,-1.82E0,-3.745E0));
#11551=LINE('',#11550,#11549);
#11552=CARTESIAN_POINT('',(1.18E0,-2.29E0,-3.655E0));
#11553=CARTESIAN_POINT('',(1.82E0,-2.29E0,-3.655E0));
#11554=VERTEX_POINT('',#11552);
#11555=VERTEX_POINT('',#11553);
#11556=CARTESIAN_POINT('',(1.18E0,-2.29E0,-3.745E0));
#11557=VERTEX_POINT('',#11556);
#11558=CARTESIAN_POINT('',(1.82E0,-2.29E0,-3.745E0));
#11559=VERTEX_POINT('',#11558);
#11560=CARTESIAN_POINT('',(1.18E0,-1.82E0,-3.745E0));
#11561=VERTEX_POINT('',#11560);
#11562=CARTESIAN_POINT('',(1.18E0,-1.82E0,-3.655E0));
#11563=VERTEX_POINT('',#11562);
#11564=CARTESIAN_POINT('',(1.82E0,-1.82E0,-3.655E0));
#11565=VERTEX_POINT('',#11564);
#11566=CARTESIAN_POINT('',(1.82E0,-1.82E0,-3.745E0));
#11567=VERTEX_POINT('',#11566);
#11568=CARTESIAN_POINT('',(1.82E0,-1.82E0,2.555E0));
#11569=DIRECTION('',(0.E0,-1.E0,0.E0));
#11570=DIRECTION('',(0.E0,0.E0,-1.E0));
#11571=AXIS2_PLACEMENT_3D('',#11568,#11569,#11570);
#11572=PLANE('',#11571);
#11574=ORIENTED_EDGE('',*,*,#11573,.T.);
#11576=ORIENTED_EDGE('',*,*,#11575,.F.);
#11578=ORIENTED_EDGE('',*,*,#11577,.F.);
#11580=ORIENTED_EDGE('',*,*,#11579,.F.);
#11581=EDGE_LOOP('',(#11574,#11576,#11578,#11580));
#11582=FACE_OUTER_BOUND('',#11581,.F.);
#11583=ADVANCED_FACE('',(#11582),#11572,.F.);
#11584=CARTESIAN_POINT('',(1.18E0,3.43E0,-4.955E0));
#11585=DIRECTION('',(-1.E0,0.E0,0.E0));
#11586=DIRECTION('',(0.E0,0.E0,1.E0));
#11587=AXIS2_PLACEMENT_3D('',#11584,#11585,#11586);
#11588=PLANE('',#11587);
#11590=ORIENTED_EDGE('',*,*,#11589,.F.);
#11592=ORIENTED_EDGE('',*,*,#11591,.T.);
#11593=ORIENTED_EDGE('',*,*,#11573,.F.);
#11595=ORIENTED_EDGE('',*,*,#11594,.T.);
#11596=EDGE_LOOP('',(#11590,#11592,#11593,#11595));
#11597=FACE_OUTER_BOUND('',#11596,.F.);
#11598=ADVANCED_FACE('',(#11597),#11588,.T.);
#11599=CARTESIAN_POINT('',(-7.825E0,-2.29E0,-4.955E0));
#11600=DIRECTION('',(0.E0,1.E0,0.E0));
#11601=DIRECTION('',(1.E0,0.E0,0.E0));
#11602=AXIS2_PLACEMENT_3D('',#11599,#11600,#11601);
#11603=PLANE('',#11602);
#11604=ORIENTED_EDGE('',*,*,#11589,.T.);
#11606=ORIENTED_EDGE('',*,*,#11605,.T.);
#11608=ORIENTED_EDGE('',*,*,#11607,.T.);
#11610=ORIENTED_EDGE('',*,*,#11609,.F.);
#11611=EDGE_LOOP('',(#11604,#11606,#11608,#11610));
#11612=FACE_OUTER_BOUND('',#11611,.F.);
#11613=ADVANCED_FACE('',(#11612),#11603,.F.);
#11614=CARTESIAN_POINT('',(1.18E0,3.43E0,-3.655E0));
#11615=DIRECTION('',(0.E0,0.E0,1.E0));
#11616=DIRECTION('',(1.E0,0.E0,0.E0));
#11617=AXIS2_PLACEMENT_3D('',#11614,#11615,#11616);
#11618=PLANE('',#11617);
#11619=ORIENTED_EDGE('',*,*,#11579,.T.);
#11621=ORIENTED_EDGE('',*,*,#11620,.T.);
#11622=ORIENTED_EDGE('',*,*,#11605,.F.);
#11623=ORIENTED_EDGE('',*,*,#11594,.F.);
#11624=EDGE_LOOP('',(#11619,#11621,#11622,#11623));
#11625=FACE_OUTER_BOUND('',#11624,.F.);
#11626=ADVANCED_FACE('',(#11625),#11618,.T.);
#11627=CARTESIAN_POINT('',(1.82E0,3.43E0,-3.655E0));
#11628=DIRECTION('',(1.E0,0.E0,0.E0));
#11629=DIRECTION('',(0.E0,0.E0,-1.E0));
#11630=AXIS2_PLACEMENT_3D('',#11627,#11628,#11629);
#11631=PLANE('',#11630);
#11632=ORIENTED_EDGE('',*,*,#11607,.F.);
#11633=ORIENTED_EDGE('',*,*,#11620,.F.);
#11634=ORIENTED_EDGE('',*,*,#11577,.T.);
#11636=ORIENTED_EDGE('',*,*,#11635,.F.);
#11637=EDGE_LOOP('',(#11632,#11633,#11634,#11636));
#11638=FACE_OUTER_BOUND('',#11637,.F.);
#11639=ADVANCED_FACE('',(#11638),#11631,.T.);
#11640=CARTESIAN_POINT('',(1.82E0,-1.82E0,-3.745E0));
#11641=DIRECTION('',(0.E0,0.E0,1.E0));
#11642=DIRECTION('',(0.E0,-1.E0,0.E0));
#11643=AXIS2_PLACEMENT_3D('',#11640,#11641,#11642);
#11644=PLANE('',#11643);
#11645=ORIENTED_EDGE('',*,*,#11609,.T.);
#11646=ORIENTED_EDGE('',*,*,#11635,.T.);
#11647=ORIENTED_EDGE('',*,*,#11575,.T.);
#11648=ORIENTED_EDGE('',*,*,#11591,.F.);
#11649=EDGE_LOOP('',(#11645,#11646,#11647,#11648));
#11650=FACE_OUTER_BOUND('',#11649,.F.);
#11651=ADVANCED_FACE('',(#11650),#11644,.F.);
#11652=CLOSED_SHELL('',(#11583,#11598,#11613,#11626,#11639,#11651));
#11653=DIRECTION('',(0.E0,1.E0,0.E0));
#11654=VECTOR('',#11653,4.7E-1);
#11655=CARTESIAN_POINT('',(-1.82E0,-2.29E0,-3.745E0));
#11656=LINE('',#11655,#11654);
#11657=DIRECTION('',(0.E0,0.E0,-1.E0));
#11658=VECTOR('',#11657,9.E-2);
#11659=CARTESIAN_POINT('',(-1.82E0,-1.82E0,-3.655E0));
#11660=LINE('',#11659,#11658);
#11661=DIRECTION('',(0.E0,0.E0,1.E0));
#11662=VECTOR('',#11661,9.E-2);
#11663=CARTESIAN_POINT('',(-1.82E0,-2.29E0,-3.745E0));
#11664=LINE('',#11663,#11662);
#11665=DIRECTION('',(1.E0,0.E0,0.E0));
#11666=VECTOR('',#11665,6.4E-1);
#11667=CARTESIAN_POINT('',(-1.82E0,-2.29E0,-3.655E0));
#11668=LINE('',#11667,#11666);
#11669=DIRECTION('',(0.E0,0.E0,-1.E0));
#11670=VECTOR('',#11669,9.E-2);
#11671=CARTESIAN_POINT('',(-1.18E0,-2.29E0,-3.655E0));
#11672=LINE('',#11671,#11670);
#11673=DIRECTION('',(1.E0,0.E0,0.E0));
#11674=VECTOR('',#11673,6.4E-1);
#11675=CARTESIAN_POINT('',(-1.82E0,-2.29E0,-3.745E0));
#11676=LINE('',#11675,#11674);
#11677=DIRECTION('',(1.E0,0.E0,0.E0));
#11678=VECTOR('',#11677,6.4E-1);
#11679=CARTESIAN_POINT('',(-1.82E0,-1.82E0,-3.655E0));
#11680=LINE('',#11679,#11678);
#11681=DIRECTION('',(0.E0,-1.E0,0.E0));
#11682=VECTOR('',#11681,4.7E-1);
#11683=CARTESIAN_POINT('',(-1.82E0,-1.82E0,-3.655E0));
#11684=LINE('',#11683,#11682);
#11685=DIRECTION('',(0.E0,-1.E0,0.E0));
#11686=VECTOR('',#11685,4.7E-1);
#11687=CARTESIAN_POINT('',(-1.18E0,-1.82E0,-3.655E0));
#11688=LINE('',#11687,#11686);
#11689=DIRECTION('',(0.E0,0.E0,-1.E0));
#11690=VECTOR('',#11689,9.E-2);
#11691=CARTESIAN_POINT('',(-1.18E0,-1.82E0,-3.655E0));
#11692=LINE('',#11691,#11690);
#11693=DIRECTION('',(0.E0,1.E0,0.E0));
#11694=VECTOR('',#11693,4.7E-1);
#11695=CARTESIAN_POINT('',(-1.18E0,-2.29E0,-3.745E0));
#11696=LINE('',#11695,#11694);
#11697=DIRECTION('',(-1.E0,0.E0,0.E0));
#11698=VECTOR('',#11697,6.4E-1);
#11699=CARTESIAN_POINT('',(-1.18E0,-1.82E0,-3.745E0));
#11700=LINE('',#11699,#11698);
#11701=CARTESIAN_POINT('',(-1.82E0,-2.29E0,-3.655E0));
#11702=CARTESIAN_POINT('',(-1.18E0,-2.29E0,-3.655E0));
#11703=VERTEX_POINT('',#11701);
#11704=VERTEX_POINT('',#11702);
#11705=CARTESIAN_POINT('',(-1.82E0,-2.29E0,-3.745E0));
#11706=VERTEX_POINT('',#11705);
#11707=CARTESIAN_POINT('',(-1.18E0,-2.29E0,-3.745E0));
#11708=VERTEX_POINT('',#11707);
#11709=CARTESIAN_POINT('',(-1.82E0,-1.82E0,-3.745E0));
#11710=VERTEX_POINT('',#11709);
#11711=CARTESIAN_POINT('',(-1.82E0,-1.82E0,-3.655E0));
#11712=VERTEX_POINT('',#11711);
#11713=CARTESIAN_POINT('',(-1.18E0,-1.82E0,-3.655E0));
#11714=VERTEX_POINT('',#11713);
#11715=CARTESIAN_POINT('',(-1.18E0,-1.82E0,-3.745E0));
#11716=VERTEX_POINT('',#11715);
#11717=CARTESIAN_POINT('',(-1.18E0,-1.82E0,2.555E0));
#11718=DIRECTION('',(0.E0,-1.E0,0.E0));
#11719=DIRECTION('',(0.E0,0.E0,-1.E0));
#11720=AXIS2_PLACEMENT_3D('',#11717,#11718,#11719);
#11721=PLANE('',#11720);
#11723=ORIENTED_EDGE('',*,*,#11722,.T.);
#11725=ORIENTED_EDGE('',*,*,#11724,.F.);
#11727=ORIENTED_EDGE('',*,*,#11726,.F.);
#11729=ORIENTED_EDGE('',*,*,#11728,.F.);
#11730=EDGE_LOOP('',(#11723,#11725,#11727,#11729));
#11731=FACE_OUTER_BOUND('',#11730,.F.);
#11732=ADVANCED_FACE('',(#11731),#11721,.F.);
#11733=CARTESIAN_POINT('',(-1.82E0,3.43E0,-4.955E0));
#11734=DIRECTION('',(-1.E0,0.E0,0.E0));
#11735=DIRECTION('',(0.E0,0.E0,1.E0));
#11736=AXIS2_PLACEMENT_3D('',#11733,#11734,#11735);
#11737=PLANE('',#11736);
#11739=ORIENTED_EDGE('',*,*,#11738,.F.);
#11741=ORIENTED_EDGE('',*,*,#11740,.T.);
#11742=ORIENTED_EDGE('',*,*,#11722,.F.);
#11744=ORIENTED_EDGE('',*,*,#11743,.T.);
#11745=EDGE_LOOP('',(#11739,#11741,#11742,#11744));
#11746=FACE_OUTER_BOUND('',#11745,.F.);
#11747=ADVANCED_FACE('',(#11746),#11737,.T.);
#11748=CARTESIAN_POINT('',(-7.825E0,-2.29E0,-4.955E0));
#11749=DIRECTION('',(0.E0,1.E0,0.E0));
#11750=DIRECTION('',(1.E0,0.E0,0.E0));
#11751=AXIS2_PLACEMENT_3D('',#11748,#11749,#11750);
#11752=PLANE('',#11751);
#11753=ORIENTED_EDGE('',*,*,#11738,.T.);
#11755=ORIENTED_EDGE('',*,*,#11754,.T.);
#11757=ORIENTED_EDGE('',*,*,#11756,.T.);
#11759=ORIENTED_EDGE('',*,*,#11758,.F.);
#11760=EDGE_LOOP('',(#11753,#11755,#11757,#11759));
#11761=FACE_OUTER_BOUND('',#11760,.F.);
#11762=ADVANCED_FACE('',(#11761),#11752,.F.);
#11763=CARTESIAN_POINT('',(-1.82E0,3.43E0,-3.655E0));
#11764=DIRECTION('',(0.E0,0.E0,1.E0));
#11765=DIRECTION('',(1.E0,0.E0,0.E0));
#11766=AXIS2_PLACEMENT_3D('',#11763,#11764,#11765);
#11767=PLANE('',#11766);
#11768=ORIENTED_EDGE('',*,*,#11728,.T.);
#11770=ORIENTED_EDGE('',*,*,#11769,.T.);
#11771=ORIENTED_EDGE('',*,*,#11754,.F.);
#11772=ORIENTED_EDGE('',*,*,#11743,.F.);
#11773=EDGE_LOOP('',(#11768,#11770,#11771,#11772));
#11774=FACE_OUTER_BOUND('',#11773,.F.);
#11775=ADVANCED_FACE('',(#11774),#11767,.T.);
#11776=CARTESIAN_POINT('',(-1.18E0,3.43E0,-3.655E0));
#11777=DIRECTION('',(1.E0,0.E0,0.E0));
#11778=DIRECTION('',(0.E0,0.E0,-1.E0));
#11779=AXIS2_PLACEMENT_3D('',#11776,#11777,#11778);
#11780=PLANE('',#11779);
#11781=ORIENTED_EDGE('',*,*,#11756,.F.);
#11782=ORIENTED_EDGE('',*,*,#11769,.F.);
#11783=ORIENTED_EDGE('',*,*,#11726,.T.);
#11785=ORIENTED_EDGE('',*,*,#11784,.F.);
#11786=EDGE_LOOP('',(#11781,#11782,#11783,#11785));
#11787=FACE_OUTER_BOUND('',#11786,.F.);
#11788=ADVANCED_FACE('',(#11787),#11780,.T.);
#11789=CARTESIAN_POINT('',(-1.18E0,-1.82E0,-3.745E0));
#11790=DIRECTION('',(0.E0,0.E0,1.E0));
#11791=DIRECTION('',(0.E0,-1.E0,0.E0));
#11792=AXIS2_PLACEMENT_3D('',#11789,#11790,#11791);
#11793=PLANE('',#11792);
#11794=ORIENTED_EDGE('',*,*,#11758,.T.);
#11795=ORIENTED_EDGE('',*,*,#11784,.T.);
#11796=ORIENTED_EDGE('',*,*,#11724,.T.);
#11797=ORIENTED_EDGE('',*,*,#11740,.F.);
#11798=EDGE_LOOP('',(#11794,#11795,#11796,#11797));
#11799=FACE_OUTER_BOUND('',#11798,.F.);
#11800=ADVANCED_FACE('',(#11799),#11793,.F.);
#11801=CLOSED_SHELL('',(#11732,#11747,#11762,#11775,#11788,#11800));
#11802=DIRECTION('',(0.E0,0.E0,1.E0));
#11803=VECTOR('',#11802,9.E-2);
#11804=CARTESIAN_POINT('',(-4.82E0,-2.29E0,-3.745E0));
#11805=LINE('',#11804,#11803);
#11806=DIRECTION('',(1.E0,0.E0,0.E0));
#11807=VECTOR('',#11806,6.4E-1);
#11808=CARTESIAN_POINT('',(-4.82E0,-2.29E0,-3.655E0));
#11809=LINE('',#11808,#11807);
#11810=DIRECTION('',(0.E0,0.E0,-1.E0));
#11811=VECTOR('',#11810,9.E-2);
#11812=CARTESIAN_POINT('',(-4.18E0,-2.29E0,-3.655E0));
#11813=LINE('',#11812,#11811);
#11814=DIRECTION('',(1.E0,0.E0,0.E0));
#11815=VECTOR('',#11814,6.4E-1);
#11816=CARTESIAN_POINT('',(-4.82E0,-2.29E0,-3.745E0));
#11817=LINE('',#11816,#11815);
#11818=DIRECTION('',(0.E0,1.E0,0.E0));
#11819=VECTOR('',#11818,4.7E-1);
#11820=CARTESIAN_POINT('',(-4.82E0,-2.29E0,-3.745E0));
#11821=LINE('',#11820,#11819);
#11822=DIRECTION('',(0.E0,0.E0,-1.E0));
#11823=VECTOR('',#11822,9.E-2);
#11824=CARTESIAN_POINT('',(-4.82E0,-1.82E0,-3.655E0));
#11825=LINE('',#11824,#11823);
#11826=DIRECTION('',(-1.E0,0.E0,0.E0));
#11827=VECTOR('',#11826,6.4E-1);
#11828=CARTESIAN_POINT('',(-4.18E0,-1.82E0,-3.745E0));
#11829=LINE('',#11828,#11827);
#11830=DIRECTION('',(0.E0,-1.E0,0.E0));
#11831=VECTOR('',#11830,4.7E-1);
#11832=CARTESIAN_POINT('',(-4.18E0,-1.82E0,-3.655E0));
#11833=LINE('',#11832,#11831);
#11834=DIRECTION('',(0.E0,0.E0,-1.E0));
#11835=VECTOR('',#11834,9.E-2);
#11836=CARTESIAN_POINT('',(-4.18E0,-1.82E0,-3.655E0));
#11837=LINE('',#11836,#11835);
#11838=DIRECTION('',(0.E0,1.E0,0.E0));
#11839=VECTOR('',#11838,4.7E-1);
#11840=CARTESIAN_POINT('',(-4.18E0,-2.29E0,-3.745E0));
#11841=LINE('',#11840,#11839);
#11842=DIRECTION('',(1.E0,0.E0,0.E0));
#11843=VECTOR('',#11842,6.4E-1);
#11844=CARTESIAN_POINT('',(-4.82E0,-1.82E0,-3.655E0));
#11845=LINE('',#11844,#11843);
#11846=DIRECTION('',(0.E0,-1.E0,0.E0));
#11847=VECTOR('',#11846,4.7E-1);
#11848=CARTESIAN_POINT('',(-4.82E0,-1.82E0,-3.655E0));
#11849=LINE('',#11848,#11847);
#11850=CARTESIAN_POINT('',(-4.82E0,-2.29E0,-3.655E0));
#11851=CARTESIAN_POINT('',(-4.18E0,-2.29E0,-3.655E0));
#11852=VERTEX_POINT('',#11850);
#11853=VERTEX_POINT('',#11851);
#11854=CARTESIAN_POINT('',(-4.82E0,-2.29E0,-3.745E0));
#11855=VERTEX_POINT('',#11854);
#11856=CARTESIAN_POINT('',(-4.18E0,-2.29E0,-3.745E0));
#11857=VERTEX_POINT('',#11856);
#11858=CARTESIAN_POINT('',(-4.82E0,-1.82E0,-3.745E0));
#11859=VERTEX_POINT('',#11858);
#11860=CARTESIAN_POINT('',(-4.82E0,-1.82E0,-3.655E0));
#11861=VERTEX_POINT('',#11860);
#11862=CARTESIAN_POINT('',(-4.18E0,-1.82E0,-3.655E0));
#11863=VERTEX_POINT('',#11862);
#11864=CARTESIAN_POINT('',(-4.18E0,-1.82E0,-3.745E0));
#11865=VERTEX_POINT('',#11864);
#11866=CARTESIAN_POINT('',(-7.825E0,-2.29E0,-4.955E0));
#11867=DIRECTION('',(0.E0,1.E0,0.E0));
#11868=DIRECTION('',(1.E0,0.E0,0.E0));
#11869=AXIS2_PLACEMENT_3D('',#11866,#11867,#11868);
#11870=PLANE('',#11869);
#11872=ORIENTED_EDGE('',*,*,#11871,.T.);
#11874=ORIENTED_EDGE('',*,*,#11873,.T.);
#11876=ORIENTED_EDGE('',*,*,#11875,.T.);
#11878=ORIENTED_EDGE('',*,*,#11877,.F.);
#11879=EDGE_LOOP('',(#11872,#11874,#11876,#11878));
#11880=FACE_OUTER_BOUND('',#11879,.F.);
#11881=ADVANCED_FACE('',(#11880),#11870,.F.);
#11882=CARTESIAN_POINT('',(-4.82E0,3.43E0,-4.955E0));
#11883=DIRECTION('',(-1.E0,0.E0,0.E0));
#11884=DIRECTION('',(0.E0,0.E0,1.E0));
#11885=AXIS2_PLACEMENT_3D('',#11882,#11883,#11884);
#11886=PLANE('',#11885);
#11887=ORIENTED_EDGE('',*,*,#11871,.F.);
#11889=ORIENTED_EDGE('',*,*,#11888,.T.);
#11891=ORIENTED_EDGE('',*,*,#11890,.F.);
#11893=ORIENTED_EDGE('',*,*,#11892,.T.);
#11894=EDGE_LOOP('',(#11887,#11889,#11891,#11893));
#11895=FACE_OUTER_BOUND('',#11894,.F.);
#11896=ADVANCED_FACE('',(#11895),#11886,.T.);
#11897=CARTESIAN_POINT('',(-4.18E0,-1.82E0,-3.745E0));
#11898=DIRECTION('',(0.E0,0.E0,1.E0));
#11899=DIRECTION('',(0.E0,-1.E0,0.E0));
#11900=AXIS2_PLACEMENT_3D('',#11897,#11898,#11899);
#11901=PLANE('',#11900);
#11902=ORIENTED_EDGE('',*,*,#11877,.T.);
#11904=ORIENTED_EDGE('',*,*,#11903,.T.);
#11906=ORIENTED_EDGE('',*,*,#11905,.T.);
#11907=ORIENTED_EDGE('',*,*,#11888,.F.);
#11908=EDGE_LOOP('',(#11902,#11904,#11906,#11907));
#11909=FACE_OUTER_BOUND('',#11908,.F.);
#11910=ADVANCED_FACE('',(#11909),#11901,.F.);
#11911=CARTESIAN_POINT('',(-4.18E0,3.43E0,-3.655E0));
#11912=DIRECTION('',(1.E0,0.E0,0.E0));
#11913=DIRECTION('',(0.E0,0.E0,-1.E0));
#11914=AXIS2_PLACEMENT_3D('',#11911,#11912,#11913);
#11915=PLANE('',#11914);
#11916=ORIENTED_EDGE('',*,*,#11875,.F.);
#11918=ORIENTED_EDGE('',*,*,#11917,.F.);
#11920=ORIENTED_EDGE('',*,*,#11919,.T.);
#11921=ORIENTED_EDGE('',*,*,#11903,.F.);
#11922=EDGE_LOOP('',(#11916,#11918,#11920,#11921));
#11923=FACE_OUTER_BOUND('',#11922,.F.);
#11924=ADVANCED_FACE('',(#11923),#11915,.T.);
#11925=CARTESIAN_POINT('',(-4.82E0,3.43E0,-3.655E0));
#11926=DIRECTION('',(0.E0,0.E0,1.E0));
#11927=DIRECTION('',(1.E0,0.E0,0.E0));
#11928=AXIS2_PLACEMENT_3D('',#11925,#11926,#11927);
#11929=PLANE('',#11928);
#11931=ORIENTED_EDGE('',*,*,#11930,.T.);
#11932=ORIENTED_EDGE('',*,*,#11917,.T.);
#11933=ORIENTED_EDGE('',*,*,#11873,.F.);
#11934=ORIENTED_EDGE('',*,*,#11892,.F.);
#11935=EDGE_LOOP('',(#11931,#11932,#11933,#11934));
#11936=FACE_OUTER_BOUND('',#11935,.F.);
#11937=ADVANCED_FACE('',(#11936),#11929,.T.);
#11938=CARTESIAN_POINT('',(-4.18E0,-1.82E0,2.555E0));
#11939=DIRECTION('',(0.E0,-1.E0,0.E0));
#11940=DIRECTION('',(0.E0,0.E0,-1.E0));
#11941=AXIS2_PLACEMENT_3D('',#11938,#11939,#11940);
#11942=PLANE('',#11941);
#11943=ORIENTED_EDGE('',*,*,#11890,.T.);
#11944=ORIENTED_EDGE('',*,*,#11905,.F.);
#11945=ORIENTED_EDGE('',*,*,#11919,.F.);
#11946=ORIENTED_EDGE('',*,*,#11930,.F.);
#11947=EDGE_LOOP('',(#11943,#11944,#11945,#11946));
#11948=FACE_OUTER_BOUND('',#11947,.F.);
#11949=ADVANCED_FACE('',(#11948),#11942,.F.);
#11950=CLOSED_SHELL('',(#11881,#11896,#11910,#11924,#11937,#11949));
#11951=ORIENTED_CLOSED_SHELL('',*,#11503,.F.);
#11952=ORIENTED_CLOSED_SHELL('',*,#11652,.F.);
#11953=ORIENTED_CLOSED_SHELL('',*,#11801,.F.);
#11954=ORIENTED_CLOSED_SHELL('',*,#11950,.F.);
#11955=BREP_WITH_VOIDS('',#11354,(#11951,#11952,#11953,#11954));
#11956=CARTESIAN_POINT('',(0.E0,0.E0,0.E0));
#11957=DIRECTION('',(0.E0,0.E0,1.E0));
#11958=DIRECTION('',(1.E0,0.E0,0.E0));
#11959=AXIS2_PLACEMENT_3D('CSYS',#11956,#11957,#11958);
#11960=DIRECTION('',(0.E0,0.E0,1.E0));
#11961=VECTOR('',#11960,7.779642857143E0);
#11962=CARTESIAN_POINT('',(7.825E0,-2.93E0,-3.355E0));
#11963=LINE('',#11962,#11961);
#11966=DIRECTION('',(0.E0,0.E0,1.E0));
#11967=VECTOR('',#11966,7.779642857143E0);
#11968=CARTESIAN_POINT('',(-7.825E0,-2.93E0,-3.355E0));
#11969=LINE('',#11968,#11967);
#11971=DIRECTION('',(0.E0,0.E0,-1.E0));
#11972=VECTOR('',#11971,1.65E0);
#11973=CARTESIAN_POINT('',(-1.01E1,-3.94E0,1.18E0));
#11974=LINE('',#11973,#11972);
#11977=DIRECTION('',(1.E0,0.E0,0.E0));
#11978=VECTOR('',#11977,3.43E0);
#11979=CARTESIAN_POINT('',(-1.01E1,-3.94E0,-4.7E-1));
#11980=LINE('',#11979,#11978);
#11983=DIRECTION('',(0.E0,0.E0,1.E0));
#11984=VECTOR('',#11983,1.65E0);
#11985=CARTESIAN_POINT('',(-6.67E0,-3.94E0,-4.7E-1));
#11986=LINE('',#11985,#11984);
#11989=DIRECTION('',(-1.E0,0.E0,0.E0));
#11990=VECTOR('',#11989,3.43E0);
#11991=CARTESIAN_POINT('',(-6.67E0,-3.94E0,1.18E0));
#11992=LINE('',#11991,#11990);
#11996=DIRECTION('',(-1.E0,0.E0,0.E0));
#11997=VECTOR('',#11996,3.43E0);
#11998=CARTESIAN_POINT('',(1.01E1,-3.94E0,1.18E0));
#11999=LINE('',#11998,#11997);
#12002=DIRECTION('',(0.E0,0.E0,-1.E0));
#12003=VECTOR('',#12002,1.65E0);
#12004=CARTESIAN_POINT('',(6.67E0,-3.94E0,1.18E0));
#12005=LINE('',#12004,#12003);
#12008=DIRECTION('',(1.E0,0.E0,0.E0));
#12009=VECTOR('',#12008,3.43E0);
#12010=CARTESIAN_POINT('',(6.67E0,-3.94E0,-4.7E-1));
#12011=LINE('',#12010,#12009);
#12014=DIRECTION('',(0.E0,0.E0,1.E0));
#12015=VECTOR('',#12014,1.65E0);
#12016=CARTESIAN_POINT('',(1.01E1,-3.94E0,-4.7E-1));
#12017=LINE('',#12016,#12015);
#12021=DIRECTION('',(0.E0,0.E0,-1.E0));
#12022=VECTOR('',#12021,2.92E0);
#12023=CARTESIAN_POINT('',(3.865E0,-3.94E0,-3.655E0));
#12024=LINE('',#12023,#12022);
#12027=DIRECTION('',(1.E0,0.E0,0.E0));
#12028=VECTOR('',#12027,1.27E0);
#12029=CARTESIAN_POINT('',(3.865E0,-3.94E0,-6.575E0));
#12030=LINE('',#12029,#12028);
#12033=DIRECTION('',(0.E0,0.E0,1.E0));
#12034=VECTOR('',#12033,2.92E0);
#12035=CARTESIAN_POINT('',(5.135E0,-3.94E0,-6.575E0));
#12036=LINE('',#12035,#12034);
#12039=DIRECTION('',(-1.E0,0.E0,0.E0));
#12040=VECTOR('',#12039,1.27E0);
#12041=CARTESIAN_POINT('',(5.135E0,-3.94E0,-3.655E0));
#12042=LINE('',#12041,#12040);
#12046=DIRECTION('',(0.E0,0.E0,-1.E0));
#12047=VECTOR('',#12046,2.92E0);
#12048=CARTESIAN_POINT('',(3.865E0,-3.94E0,-8.285E0));
#12049=LINE('',#12048,#12047);
#12052=DIRECTION('',(1.E0,0.E0,0.E0));
#12053=VECTOR('',#12052,1.27E0);
#12054=CARTESIAN_POINT('',(3.865E0,-3.94E0,-1.1205E1));
#12055=LINE('',#12054,#12053);
#12058=DIRECTION('',(0.E0,0.E0,1.E0));
#12059=VECTOR('',#12058,2.92E0);
#12060=CARTESIAN_POINT('',(5.135E0,-3.94E0,-1.1205E1));
#12061=LINE('',#12060,#12059);
#12064=DIRECTION('',(-1.E0,0.E0,0.E0));
#12065=VECTOR('',#12064,1.27E0);
#12066=CARTESIAN_POINT('',(5.135E0,-3.94E0,-8.285E0));
#12067=LINE('',#12066,#12065);
#12071=DIRECTION('',(0.E0,0.E0,-1.E0));
#12072=VECTOR('',#12071,2.92E0);
#12073=CARTESIAN_POINT('',(8.65E-1,-3.94E0,-3.655E0));
#12074=LINE('',#12073,#12072);
#12077=DIRECTION('',(1.E0,0.E0,0.E0));
#12078=VECTOR('',#12077,1.27E0);
#12079=CARTESIAN_POINT('',(8.65E-1,-3.94E0,-6.575E0));
#12080=LINE('',#12079,#12078);
#12083=DIRECTION('',(0.E0,0.E0,1.E0));
#12084=VECTOR('',#12083,2.92E0);
#12085=CARTESIAN_POINT('',(2.135E0,-3.94E0,-6.575E0));
#12086=LINE('',#12085,#12084);
#12089=DIRECTION('',(-1.E0,0.E0,0.E0));
#12090=VECTOR('',#12089,1.27E0);
#12091=CARTESIAN_POINT('',(2.135E0,-3.94E0,-3.655E0));
#12092=LINE('',#12091,#12090);
#12096=DIRECTION('',(0.E0,0.E0,-1.E0));
#12097=VECTOR('',#12096,2.92E0);
#12098=CARTESIAN_POINT('',(8.65E-1,-3.94E0,-8.285E0));
#12099=LINE('',#12098,#12097);
#12102=DIRECTION('',(1.E0,0.E0,0.E0));
#12103=VECTOR('',#12102,1.27E0);
#12104=CARTESIAN_POINT('',(8.65E-1,-3.94E0,-1.1205E1));
#12105=LINE('',#12104,#12103);
#12108=DIRECTION('',(0.E0,0.E0,1.E0));
#12109=VECTOR('',#12108,2.92E0);
#12110=CARTESIAN_POINT('',(2.135E0,-3.94E0,-1.1205E1));
#12111=LINE('',#12110,#12109);
#12114=DIRECTION('',(-1.E0,0.E0,0.E0));
#12115=VECTOR('',#12114,1.27E0);
#12116=CARTESIAN_POINT('',(2.135E0,-3.94E0,-8.285E0));
#12117=LINE('',#12116,#12115);
#12121=DIRECTION('',(0.E0,0.E0,-1.E0));
#12122=VECTOR('',#12121,2.92E0);
#12123=CARTESIAN_POINT('',(-2.135E0,-3.94E0,-3.655E0));
#12124=LINE('',#12123,#12122);
#12127=DIRECTION('',(1.E0,0.E0,0.E0));
#12128=VECTOR('',#12127,1.27E0);
#12129=CARTESIAN_POINT('',(-2.135E0,-3.94E0,-6.575E0));
#12130=LINE('',#12129,#12128);
#12133=DIRECTION('',(0.E0,0.E0,1.E0));
#12134=VECTOR('',#12133,2.92E0);
#12135=CARTESIAN_POINT('',(-8.65E-1,-3.94E0,-6.575E0));
#12136=LINE('',#12135,#12134);
#12139=DIRECTION('',(-1.E0,0.E0,0.E0));
#12140=VECTOR('',#12139,1.27E0);
#12141=CARTESIAN_POINT('',(-8.65E-1,-3.94E0,-3.655E0));
#12142=LINE('',#12141,#12140);
#12146=DIRECTION('',(0.E0,0.E0,-1.E0));
#12147=VECTOR('',#12146,2.92E0);
#12148=CARTESIAN_POINT('',(-2.135E0,-3.94E0,-8.285E0));
#12149=LINE('',#12148,#12147);
#12152=DIRECTION('',(1.E0,0.E0,0.E0));
#12153=VECTOR('',#12152,1.27E0);
#12154=CARTESIAN_POINT('',(-2.135E0,-3.94E0,-1.1205E1));
#12155=LINE('',#12154,#12153);
#12158=DIRECTION('',(0.E0,0.E0,1.E0));
#12159=VECTOR('',#12158,2.92E0);
#12160=CARTESIAN_POINT('',(-8.65E-1,-3.94E0,-1.1205E1));
#12161=LINE('',#12160,#12159);
#12164=DIRECTION('',(-1.E0,0.E0,0.E0));
#12165=VECTOR('',#12164,1.27E0);
#12166=CARTESIAN_POINT('',(-8.65E-1,-3.94E0,-8.285E0));
#12167=LINE('',#12166,#12165);
#12171=DIRECTION('',(0.E0,0.E0,-1.E0));
#12172=VECTOR('',#12171,2.92E0);
#12173=CARTESIAN_POINT('',(-5.135E0,-3.94E0,-3.655E0));
#12174=LINE('',#12173,#12172);
#12177=DIRECTION('',(1.E0,0.E0,0.E0));
#12178=VECTOR('',#12177,1.27E0);
#12179=CARTESIAN_POINT('',(-5.135E0,-3.94E0,-6.575E0));
#12180=LINE('',#12179,#12178);
#12183=DIRECTION('',(0.E0,0.E0,1.E0));
#12184=VECTOR('',#12183,2.92E0);
#12185=CARTESIAN_POINT('',(-3.865E0,-3.94E0,-6.575E0));
#12186=LINE('',#12185,#12184);
#12189=DIRECTION('',(-1.E0,0.E0,0.E0));
#12190=VECTOR('',#12189,1.27E0);
#12191=CARTESIAN_POINT('',(-3.865E0,-3.94E0,-3.655E0));
#12192=LINE('',#12191,#12190);
#12196=DIRECTION('',(0.E0,0.E0,-1.E0));
#12197=VECTOR('',#12196,2.92E0);
#12198=CARTESIAN_POINT('',(-5.135E0,-3.94E0,-8.285E0));
#12199=LINE('',#12198,#12197);
#12202=DIRECTION('',(1.E0,0.E0,0.E0));
#12203=VECTOR('',#12202,1.27E0);
#12204=CARTESIAN_POINT('',(-5.135E0,-3.94E0,-1.1205E1));
#12205=LINE('',#12204,#12203);
#12208=DIRECTION('',(0.E0,0.E0,1.E0));
#12209=VECTOR('',#12208,2.92E0);
#12210=CARTESIAN_POINT('',(-3.865E0,-3.94E0,-1.1205E1));
#12211=LINE('',#12210,#12209);
#12214=DIRECTION('',(-1.E0,0.E0,0.E0));
#12215=VECTOR('',#12214,1.27E0);
#12216=CARTESIAN_POINT('',(-3.865E0,-3.94E0,-8.285E0));
#12217=LINE('',#12216,#12215);
#12222=DIMENSIONAL_EXPONENTS(0.E0,0.E0,0.E0,0.E0,0.E0,0.E0,0.E0);
#12224=PLANE_ANGLE_MEASURE_WITH_UNIT(PLANE_ANGLE_MEASURE(1.745329251994E-2),
#12223);
#12225=(CONVERSION_BASED_UNIT('DEGREE',#12224)NAMED_UNIT(*)PLANE_ANGLE_UNIT());
#12227=UNCERTAINTY_MEASURE_WITH_UNIT(LENGTH_MEASURE(1.E-3),#12221,'closure',
'Maximum model space distance between geometric entities at asserted connectivities');
#12228=(GEOMETRIC_REPRESENTATION_CONTEXT(3)GLOBAL_UNCERTAINTY_ASSIGNED_CONTEXT((
#12227))GLOBAL_UNIT_ASSIGNED_CONTEXT((#12221,#12225,#12226))REPRESENTATION_CONTEXT('ID1','3'));
#11965=GEOMETRIC_SET('',(#11964,#11970,#11995,#12020,#12045,#12070,#12095,
#12120,#12145,#12170,#12195,#12220));
#12232=SHAPE_REPRESENTATION_RELATIONSHIP('','',#12231,#12229);
#12233=SHAPE_REPRESENTATION_RELATIONSHIP('','',#12231,#12230);
#12234=APPLICATION_CONTEXT(
'CONFIGURATION CONTROLLED 3D DESIGNS OF MECHANICAL PARTS AND ASSEMBLIES');
#12235=APPLICATION_PROTOCOL_DEFINITION('international standard',
'config_control_design',1994,#12234);
#12236=DESIGN_CONTEXT('',#12234,'design');
#12237=MECHANICAL_CONTEXT('',#12234,'mechanical');
#12238=PRODUCT('430450809','430450809','NOT SPECIFIED',(#12237));
#12239=PRODUCT_DEFINITION_FORMATION_WITH_SPECIFIED_SOURCE('2','LAST_VERSION',
#12238,.MADE.);
#12243=PRODUCT_CATEGORY('part','');
#12244=PRODUCT_RELATED_PRODUCT_CATEGORY('detail','',(#12238));
#12245=PRODUCT_CATEGORY_RELATIONSHIP('','',#12243,#12244);
#12246=SECURITY_CLASSIFICATION_LEVEL('unclassified');
#12247=SECURITY_CLASSIFICATION('','',#12246);
#12248=CC_DESIGN_SECURITY_CLASSIFICATION(#12247,(#12239));
#12249=APPROVAL_STATUS('approved');
#12250=APPROVAL(#12249,'');
#12251=CC_DESIGN_APPROVAL(#12250,(#12247,#12239,#12240));
#12252=CALENDAR_DATE(120,16,4);
#12253=COORDINATED_UNIVERSAL_TIME_OFFSET(5,30,.AHEAD.);
#12254=LOCAL_TIME(14,36,1.E0,#12253);
#12255=DATE_AND_TIME(#12252,#12254);
#12256=APPROVAL_DATE_TIME(#12255,#12250);
#12257=DATE_TIME_ROLE('creation_date');
#12258=CC_DESIGN_DATE_AND_TIME_ASSIGNMENT(#12255,#12257,(#12240));
#12259=DATE_TIME_ROLE('classification_date');
#12260=CC_DESIGN_DATE_AND_TIME_ASSIGNMENT(#12255,#12259,(#12247));
#12261=PERSON('UNSPECIFIED','UNSPECIFIED',$,$,$,$);
#12262=ORGANIZATION('UNSPECIFIED','UNSPECIFIED','UNSPECIFIED');
#12263=PERSON_AND_ORGANIZATION(#12261,#12262);
#12264=APPROVAL_ROLE('approver');
#12265=APPROVAL_PERSON_ORGANIZATION(#12263,#12250,#12264);
#12266=PERSON_AND_ORGANIZATION_ROLE('creator');
#12267=CC_DESIGN_PERSON_AND_ORGANIZATION_ASSIGNMENT(#12263,#12266,(#12239,
#12240));
#12268=PERSON_AND_ORGANIZATION_ROLE('design_supplier');
#12269=CC_DESIGN_PERSON_AND_ORGANIZATION_ASSIGNMENT(#12263,#12268,(#12239));
#12270=PERSON_AND_ORGANIZATION_ROLE('classification_officer');
#12271=CC_DESIGN_PERSON_AND_ORGANIZATION_ASSIGNMENT(#12263,#12270,(#12247));
#12272=PERSON_AND_ORGANIZATION_ROLE('design_owner');
#12273=CC_DESIGN_PERSON_AND_ORGANIZATION_ASSIGNMENT(#12263,#12272,(#12238));
#481=CIRCLE('',#480,3.2E-1);
#494=CIRCLE('',#493,5.E-1);
#519=CIRCLE('',#518,3.2E-1);
#564=CIRCLE('',#563,5.E-1);
#577=CIRCLE('',#576,3.2E-1);
#618=CIRCLE('',#617,3.2E-1);
#1679=CIRCLE('',#1678,7.5E-1);
#1708=CIRCLE('',#1707,7.5E-1);
#1817=CIRCLE('',#1816,5.E-1);
#1830=CIRCLE('',#1829,3.2E-1);
#1871=CIRCLE('',#1870,3.2E-1);
#1992=CIRCLE('',#1991,3.2E-1);
#2005=CIRCLE('',#2004,5.E-1);
#2030=CIRCLE('',#2029,3.2E-1);
#2335=CIRCLE('',#2334,1.E-1);
#2352=CIRCLE('',#2351,4.5E-1);
#2365=CIRCLE('',#2364,4.5E-1);
#2382=CIRCLE('',#2381,1.E-1);
#2395=CIRCLE('',#2394,4.5E-1);
#2412=CIRCLE('',#2411,1.E-1);
#2425=CIRCLE('',#2424,1.E-1);
#2442=CIRCLE('',#2441,4.5E-1);
#2499=CIRCLE('',#2498,3.5E-1);
#2536=CIRCLE('',#2535,3.5E-1);
#2849=CIRCLE('',#2848,5.E-1);
#2862=CIRCLE('',#2861,3.2E-1);
#2903=CIRCLE('',#2902,3.2E-1);
#2988=CIRCLE('',#2987,3.2E-1);
#3001=CIRCLE('',#3000,5.E-1);
#3026=CIRCLE('',#3025,3.2E-1);
#3255=CIRCLE('',#3254,3.2E-1);
#3272=CIRCLE('',#3271,5.E-1);
#3285=CIRCLE('',#3284,3.2E-1);
#3354=CIRCLE('',#3353,3.2E-1);
#3367=CIRCLE('',#3366,5.E-1);
#3392=CIRCLE('',#3391,3.2E-1);
#3685=CIRCLE('',#3684,3.5E-1);
#3694=CIRCLE('',#3693,3.5E-1);
#5288=EDGE_CURVE('',#4418,#4420,#12,.T.);
#5290=EDGE_CURVE('',#4454,#4418,#593,.T.);
#5292=EDGE_CURVE('',#4452,#4454,#4,.T.);
#5294=EDGE_CURVE('',#4452,#4416,#464,.T.);
#5296=EDGE_CURVE('',#4426,#4416,#64,.T.);
#5298=EDGE_CURVE('',#4420,#4426,#32,.T.);
#5308=EDGE_CURVE('',#5164,#5160,#8,.T.);
#5310=EDGE_CURVE('',#5190,#5160,#634,.T.);
#5312=EDGE_CURVE('',#5190,#5188,#982,.T.);
#5314=EDGE_CURVE('',#5188,#5164,#535,.T.);
#5325=EDGE_CURVE('',#4444,#4420,#36,.T.);
#5327=EDGE_CURVE('',#4440,#4444,#1724,.T.);
#5329=EDGE_CURVE('',#4418,#4440,#176,.T.);
#5339=EDGE_CURVE('',#4423,#4424,#16,.T.);
#5341=EDGE_CURVE('',#4468,#4423,#260,.T.);
#5343=EDGE_CURVE('',#4468,#4446,#20,.T.);
#5345=EDGE_CURVE('',#4424,#4446,#44,.T.);
#5355=EDGE_CURVE('',#4433,#4434,#252,.T.);
#5357=EDGE_CURVE('',#4862,#4433,#24,.T.);
#5359=EDGE_CURVE('',#4858,#4862,#56,.T.);
#5361=EDGE_CURVE('',#4434,#4858,#28,.T.);
#5372=EDGE_CURVE('',#4448,#4426,#68,.T.);
#5374=EDGE_CURVE('',#4444,#4448,#1728,.T.);
#5385=EDGE_CURVE('',#4424,#4428,#40,.T.);
#5388=EDGE_CURVE('',#4446,#4450,#48,.T.);
#5390=EDGE_CURVE('',#4428,#4450,#76,.T.);
#5400=EDGE_CURVE('',#4858,#4860,#52,.T.);
#5403=EDGE_CURVE('',#4862,#4864,#60,.T.);
#5405=EDGE_CURVE('',#4860,#4864,#88,.T.);
#5416=EDGE_CURVE('',#4416,#4442,#168,.T.);
#5418=EDGE_CURVE('',#4442,#4448,#1732,.T.);
#5429=EDGE_CURVE('',#4428,#4430,#72,.T.);
#5432=EDGE_CURVE('',#4450,#4470,#80,.T.);
#5434=EDGE_CURVE('',#4470,#4430,#416,.T.);
#5444=EDGE_CURVE('',#4437,#4438,#248,.T.);
#5446=EDGE_CURVE('',#4860,#4438,#84,.T.);
#5449=EDGE_CURVE('',#4864,#4437,#92,.T.);
#5459=EDGE_CURVE('',#4916,#4248,#196,.T.);
#5461=EDGE_CURVE('',#4916,#4918,#2652,.T.);
#5463=EDGE_CURVE('',#4918,#4098,#96,.T.);
#5465=EDGE_CURVE('',#4102,#4098,#100,.T.);
#5467=EDGE_CURVE('',#4256,#4102,#104,.T.);
#5469=EDGE_CURVE('',#4242,#4256,#108,.T.);
#5471=EDGE_CURVE('',#4248,#4242,#112,.T.);
#5481=EDGE_CURVE('',#4252,#4282,#208,.T.);
#5483=EDGE_CURVE('',#4252,#4224,#116,.T.);
#5485=EDGE_CURVE('',#4224,#4232,#120,.T.);
#5487=EDGE_CURVE('',#4314,#4232,#124,.T.);
#5489=EDGE_CURVE('',#4288,#4314,#128,.T.);
#5491=EDGE_CURVE('',#4282,#4288,#132,.T.);
#5501=EDGE_CURVE('',#4286,#4346,#220,.T.);
#5503=EDGE_CURVE('',#4286,#4290,#136,.T.);
#5505=EDGE_CURVE('',#4290,#4312,#140,.T.);
#5507=EDGE_CURVE('',#4378,#4312,#144,.T.);
#5509=EDGE_CURVE('',#4352,#4378,#148,.T.);
#5511=EDGE_CURVE('',#4346,#4352,#152,.T.);
#5521=EDGE_CURVE('',#4350,#4410,#232,.T.);
#5523=EDGE_CURVE('',#4350,#4354,#156,.T.);
#5525=EDGE_CURVE('',#4354,#4376,#160,.T.);
#5527=EDGE_CURVE('',#4442,#4376,#164,.T.);
#5530=EDGE_CURVE('',#4410,#4416,#172,.T.);
#5541=EDGE_CURVE('',#4100,#4440,#180,.T.);
#5543=EDGE_CURVE('',#4100,#4093,#184,.T.);
#5545=EDGE_CURVE('',#4093,#4936,#188,.T.);
#5547=EDGE_CURVE('',#4936,#4938,#2696,.T.);
#5549=EDGE_CURVE('',#4414,#4938,#240,.T.);
#5551=EDGE_CURVE('',#4414,#4418,#192,.T.);
#5561=EDGE_CURVE('',#4915,#4247,#300,.T.);
#5563=EDGE_CURVE('',#4915,#4916,#2656,.T.);
#5566=EDGE_CURVE('',#4247,#4248,#200,.T.);
#5576=EDGE_CURVE('',#4251,#4281,#336,.T.);
#5578=EDGE_CURVE('',#4251,#4252,#204,.T.);
#5581=EDGE_CURVE('',#4281,#4282,#212,.T.);
#5591=EDGE_CURVE('',#4285,#4345,#372,.T.);
#5593=EDGE_CURVE('',#4285,#4286,#216,.T.);
#5596=EDGE_CURVE('',#4345,#4346,#224,.T.);
#5606=EDGE_CURVE('',#4349,#4409,#408,.T.);
#5608=EDGE_CURVE('',#4349,#4350,#228,.T.);
#5611=EDGE_CURVE('',#4409,#4410,#236,.T.);
#5622=EDGE_CURVE('',#4938,#4940,#2692,.T.);
#5624=EDGE_CURVE('',#4413,#4940,#268,.T.);
#5626=EDGE_CURVE('',#4413,#4414,#244,.T.);
#5637=EDGE_CURVE('',#4437,#4433,#424,.T.);
#5640=EDGE_CURVE('',#4434,#4468,#256,.T.);
#5643=EDGE_CURVE('',#4423,#4413,#264,.T.);
#5646=EDGE_CURVE('',#4940,#4142,#2688,.T.);
#5648=EDGE_CURVE('',#4142,#4140,#272,.T.);
#5650=EDGE_CURVE('',#4139,#4140,#276,.T.);
#5652=EDGE_CURVE('',#4144,#4139,#280,.T.);
#5654=EDGE_CURVE('',#4144,#4927,#2720,.T.);
#5656=EDGE_CURVE('',#4927,#4912,#284,.T.);
#5658=EDGE_CURVE('',#4912,#4081,#2628,.T.);
#5660=EDGE_CURVE('',#4081,#4082,#288,.T.);
#5662=EDGE_CURVE('',#4082,#4078,#292,.T.);
#5664=EDGE_CURVE('',#4077,#4078,#296,.T.);
#5666=EDGE_CURVE('',#4077,#4915,#2660,.T.);
#5669=EDGE_CURVE('',#4254,#4247,#304,.T.);
#5671=EDGE_CURVE('',#4458,#4254,#308,.T.);
#5673=EDGE_CURVE('',#4262,#4458,#312,.T.);
#5675=EDGE_CURVE('',#4261,#4262,#316,.T.);
#5677=EDGE_CURVE('',#4261,#4237,#3592,.T.);
#5679=EDGE_CURVE('',#4237,#4238,#320,.T.);
#5681=EDGE_CURVE('',#4238,#4456,#324,.T.);
#5683=EDGE_CURVE('',#4456,#4227,#328,.T.);
#5685=EDGE_CURVE('',#4227,#4251,#332,.T.);
#5688=EDGE_CURVE('',#4302,#4281,#340,.T.);
#5690=EDGE_CURVE('',#4462,#4302,#344,.T.);
#5692=EDGE_CURVE('',#4310,#4462,#348,.T.);
#5694=EDGE_CURVE('',#4309,#4310,#352,.T.);
#5696=EDGE_CURVE('',#4309,#4305,#3158,.T.);
#5698=EDGE_CURVE('',#4305,#4306,#356,.T.);
#5700=EDGE_CURVE('',#4306,#4460,#360,.T.);
#5702=EDGE_CURVE('',#4460,#4295,#364,.T.);
#5704=EDGE_CURVE('',#4295,#4285,#368,.T.);
#5707=EDGE_CURVE('',#4366,#4345,#376,.T.);
#5709=EDGE_CURVE('',#4466,#4366,#380,.T.);
#5711=EDGE_CURVE('',#4374,#4466,#384,.T.);
#5713=EDGE_CURVE('',#4373,#4374,#388,.T.);
#5715=EDGE_CURVE('',#4373,#4369,#3770,.T.);
#5717=EDGE_CURVE('',#4369,#4370,#392,.T.);
#5719=EDGE_CURVE('',#4370,#4464,#396,.T.);
#5721=EDGE_CURVE('',#4464,#4359,#400,.T.);
#5723=EDGE_CURVE('',#4359,#4349,#404,.T.);
#5726=EDGE_CURVE('',#4430,#4409,#412,.T.);
#5729=EDGE_CURVE('',#4438,#4470,#420,.T.);
#5751=EDGE_CURVE('',#5180,#5176,#428,.T.);
#5753=EDGE_CURVE('',#5218,#5176,#646,.T.);
#5755=EDGE_CURVE('',#5218,#5216,#966,.T.);
#5757=EDGE_CURVE('',#5216,#5180,#547,.T.);
#5768=EDGE_CURVE('',#5182,#5180,#432,.T.);
#5770=EDGE_CURVE('',#5182,#5178,#444,.T.);
#5772=EDGE_CURVE('',#5178,#5176,#4010,.T.);
#5782=EDGE_CURVE('',#5182,#5169,#448,.T.);
#5785=EDGE_CURVE('',#5180,#5173,#543,.T.);
#5787=EDGE_CURVE('',#5173,#5169,#452,.T.);
#5797=EDGE_CURVE('',#5169,#5170,#436,.T.);
#5799=EDGE_CURVE('',#5170,#5178,#440,.T.);
#5813=EDGE_CURVE('',#5173,#5174,#460,.T.);
#5815=EDGE_CURVE('',#5170,#5174,#456,.T.);
#5826=EDGE_CURVE('',#5173,#5192,#551,.T.);
#5828=EDGE_CURVE('',#5194,#5192,#974,.T.);
#5830=EDGE_CURVE('',#5174,#5194,#642,.T.);
#5843=EDGE_CURVE('',#4398,#4452,#468,.T.);
#5845=EDGE_CURVE('',#4397,#4398,#472,.T.);
#5847=EDGE_CURVE('',#4710,#4397,#476,.T.);
#5849=EDGE_CURVE('',#4708,#4710,#481,.T.);
#5851=EDGE_CURVE('',#4394,#4708,#485,.T.);
#5853=EDGE_CURVE('',#4393,#4394,#489,.T.);
#5855=EDGE_CURVE('',#4712,#4393,#494,.T.);
#5857=EDGE_CURVE('',#4430,#4712,#498,.T.);
#5869=EDGE_CURVE('',#4498,#4470,#502,.T.);
#5871=EDGE_CURVE('',#4497,#4498,#506,.T.);
#5873=EDGE_CURVE('',#4438,#4497,#510,.T.);
#5883=EDGE_CURVE('',#4523,#4524,#2246,.T.);
#5885=EDGE_CURVE('',#4523,#4668,#2828,.T.);
#5887=EDGE_CURVE('',#4650,#4668,#514,.T.);
#5889=EDGE_CURVE('',#4648,#4650,#519,.T.);
#5891=EDGE_CURVE('',#4647,#4648,#523,.T.);
#5893=EDGE_CURVE('',#4524,#4647,#527,.T.);
#5903=EDGE_CURVE('',#5164,#5157,#531,.T.);
#5906=EDGE_CURVE('',#5184,#5188,#978,.T.);
#5908=EDGE_CURVE('',#5157,#5184,#539,.T.);
#5920=EDGE_CURVE('',#5192,#5216,#962,.T.);
#5933=EDGE_CURVE('',#4406,#4454,#589,.T.);
#5935=EDGE_CURVE('',#4398,#4406,#555,.T.);
#5947=EDGE_CURVE('',#4423,#4718,#559,.T.);
#5949=EDGE_CURVE('',#4718,#4401,#564,.T.);
#5951=EDGE_CURVE('',#4401,#4402,#568,.T.);
#5953=EDGE_CURVE('',#4402,#4714,#572,.T.);
#5955=EDGE_CURVE('',#4714,#4716,#577,.T.);
#5957=EDGE_CURVE('',#4716,#4405,#581,.T.);
#5959=EDGE_CURVE('',#4405,#4406,#585,.T.);
#5973=EDGE_CURVE('',#4434,#4501,#597,.T.);
#5975=EDGE_CURVE('',#4501,#4502,#601,.T.);
#5977=EDGE_CURVE('',#4502,#4468,#605,.T.);
#5987=EDGE_CURVE('',#4527,#4528,#2254,.T.);
#5989=EDGE_CURVE('',#4528,#4653,#609,.T.);
#5991=EDGE_CURVE('',#4653,#4654,#613,.T.);
#5993=EDGE_CURVE('',#4654,#4656,#618,.T.);
#5995=EDGE_CURVE('',#4656,#4670,#622,.T.);
#5997=EDGE_CURVE('',#4527,#4670,#2820,.T.);
#6007=EDGE_CURVE('',#5158,#5160,#626,.T.);
#6009=EDGE_CURVE('',#5158,#5186,#630,.T.);
#6011=EDGE_CURVE('',#5186,#5190,#986,.T.);
#6022=EDGE_CURVE('',#5174,#5176,#638,.T.);
#6025=EDGE_CURVE('',#5194,#5218,#970,.T.);
#6040=EDGE_CURVE('',#4712,#4718,#654,.T.);
#6051=EDGE_CURVE('',#5157,#5158,#650,.T.);
#6054=EDGE_CURVE('',#5186,#5184,#990,.T.);
#6066=EDGE_CURVE('',#4393,#4401,#658,.T.);
#6079=EDGE_CURVE('',#4394,#4402,#662,.T.);
#6092=EDGE_CURVE('',#4708,#4714,#666,.T.);
#6105=EDGE_CURVE('',#4710,#4716,#670,.T.);
#6118=EDGE_CURVE('',#4397,#4405,#674,.T.);
#6142=EDGE_CURVE('',#5153,#5154,#686,.T.);
#6144=EDGE_CURVE('',#5157,#5153,#678,.T.);
#6147=EDGE_CURVE('',#5154,#5158,#682,.T.);
#6158=EDGE_CURVE('',#5154,#5162,#690,.T.);
#6160=EDGE_CURVE('',#5166,#5162,#694,.T.);
#6162=EDGE_CURVE('',#5166,#5153,#698,.T.);
#6173=EDGE_CURVE('',#5162,#5160,#702,.T.);
#6186=EDGE_CURVE('',#5166,#5164,#706,.T.);
#6210=EDGE_CURVE('',#4721,#4722,#710,.T.);
#6212=EDGE_CURVE('',#4728,#4721,#714,.T.);
#6214=EDGE_CURVE('',#4726,#4728,#718,.T.);
#6216=EDGE_CURVE('',#4724,#4726,#722,.T.);
#6218=EDGE_CURVE('',#4722,#4724,#726,.T.);
#6222=EDGE_CURVE('',#5052,#5056,#882,.T.);
#6224=EDGE_CURVE('',#5058,#5056,#886,.T.);
#6226=EDGE_CURVE('',#5054,#5058,#890,.T.);
#6228=EDGE_CURVE('',#5054,#5052,#894,.T.);
#6238=EDGE_CURVE('',#4731,#4732,#730,.T.);
#6240=EDGE_CURVE('',#4738,#4731,#734,.T.);
#6242=EDGE_CURVE('',#4736,#4738,#738,.T.);
#6244=EDGE_CURVE('',#4734,#4736,#742,.T.);
#6246=EDGE_CURVE('',#4732,#4734,#746,.T.);
#6250=EDGE_CURVE('',#5060,#5204,#866,.T.);
#6252=EDGE_CURVE('',#5206,#5204,#870,.T.);
#6254=EDGE_CURVE('',#5062,#5206,#874,.T.);
#6256=EDGE_CURVE('',#5062,#5060,#878,.T.);
#6266=EDGE_CURVE('',#4741,#4742,#750,.T.);
#6268=EDGE_CURVE('',#4748,#4741,#754,.T.);
#6270=EDGE_CURVE('',#4746,#4748,#758,.T.);
#6272=EDGE_CURVE('',#4744,#4746,#762,.T.);
#6274=EDGE_CURVE('',#4742,#4744,#766,.T.);
#6278=EDGE_CURVE('',#5104,#5208,#898,.T.);
#6280=EDGE_CURVE('',#5210,#5208,#902,.T.);
#6282=EDGE_CURVE('',#5106,#5210,#906,.T.);
#6284=EDGE_CURVE('',#5106,#5104,#910,.T.);
#6294=EDGE_CURVE('',#4751,#4752,#770,.T.);
#6296=EDGE_CURVE('',#4758,#4751,#774,.T.);
#6298=EDGE_CURVE('',#4756,#4758,#778,.T.);
#6300=EDGE_CURVE('',#4754,#4756,#782,.T.);
#6302=EDGE_CURVE('',#4752,#4754,#786,.T.);
#6306=EDGE_CURVE('',#5096,#5100,#914,.T.);
#6308=EDGE_CURVE('',#5102,#5100,#918,.T.);
#6310=EDGE_CURVE('',#5098,#5102,#922,.T.);
#6312=EDGE_CURVE('',#5098,#5096,#926,.T.);
#6322=EDGE_CURVE('',#4761,#4762,#790,.T.);
#6324=EDGE_CURVE('',#4768,#4761,#794,.T.);
#6326=EDGE_CURVE('',#4766,#4768,#798,.T.);
#6328=EDGE_CURVE('',#4764,#4766,#802,.T.);
#6330=EDGE_CURVE('',#4762,#4764,#806,.T.);
#6334=EDGE_CURVE('',#5140,#5144,#946,.T.);
#6336=EDGE_CURVE('',#5146,#5144,#950,.T.);
#6338=EDGE_CURVE('',#5142,#5146,#954,.T.);
#6340=EDGE_CURVE('',#5142,#5140,#958,.T.);
#6350=EDGE_CURVE('',#4771,#4772,#810,.T.);
#6352=EDGE_CURVE('',#4778,#4771,#814,.T.);
#6354=EDGE_CURVE('',#4776,#4778,#818,.T.);
#6356=EDGE_CURVE('',#4774,#4776,#822,.T.);
#6358=EDGE_CURVE('',#4772,#4774,#826,.T.);
#6362=EDGE_CURVE('',#5148,#5212,#930,.T.);
#6364=EDGE_CURVE('',#5214,#5212,#934,.T.);
#6366=EDGE_CURVE('',#5150,#5214,#938,.T.);
#6368=EDGE_CURVE('',#5150,#5148,#942,.T.);
#6378=EDGE_CURVE('',#4781,#4782,#830,.T.);
#6380=EDGE_CURVE('',#4788,#4781,#834,.T.);
#6382=EDGE_CURVE('',#4786,#4788,#838,.T.);
#6384=EDGE_CURVE('',#4784,#4786,#842,.T.);
#6386=EDGE_CURVE('',#4782,#4784,#846,.T.);
#6402=EDGE_CURVE('',#4791,#4792,#850,.T.);
#6404=EDGE_CURVE('',#4796,#4791,#854,.T.);
#6406=EDGE_CURVE('',#4794,#4796,#858,.T.);
#6408=EDGE_CURVE('',#4792,#4794,#862,.T.);
#6424=EDGE_CURVE('',#4806,#4799,#1042,.T.);
#6426=EDGE_CURVE('',#4806,#4721,#994,.T.);
#6429=EDGE_CURVE('',#4799,#4722,#3850,.T.);
#6439=EDGE_CURVE('',#4045,#4046,#998,.T.);
#6441=EDGE_CURVE('',#4045,#4022,#1002,.T.);
#6443=EDGE_CURVE('',#4021,#4022,#2178,.T.);
#6445=EDGE_CURVE('',#4061,#4021,#1006,.T.);
#6447=EDGE_CURVE('',#4061,#4062,#1010,.T.);
#6449=EDGE_CURVE('',#4013,#4062,#1014,.T.);
#6451=EDGE_CURVE('',#4013,#4018,#1018,.T.);
#6453=EDGE_CURVE('',#4018,#4046,#1022,.T.);
#6457=EDGE_CURVE('',#4799,#4800,#1026,.T.);
#6459=EDGE_CURVE('',#4800,#4802,#1030,.T.);
#6461=EDGE_CURVE('',#4802,#4804,#1034,.T.);
#6463=EDGE_CURVE('',#4804,#4806,#1038,.T.);
#6468=EDGE_CURVE('',#4809,#4810,#1046,.T.);
#6470=EDGE_CURVE('',#4810,#4866,#1050,.T.);
#6472=EDGE_CURVE('',#4866,#4813,#1054,.T.);
#6474=EDGE_CURVE('',#4813,#4814,#1058,.T.);
#6476=EDGE_CURVE('',#4814,#4809,#1062,.T.);
#6480=EDGE_CURVE('',#4817,#4818,#1066,.T.);
#6482=EDGE_CURVE('',#4818,#4820,#1070,.T.);
#6484=EDGE_CURVE('',#4820,#4823,#1074,.T.);
#6486=EDGE_CURVE('',#4823,#4824,#1078,.T.);
#6488=EDGE_CURVE('',#4824,#4817,#1082,.T.);
#6492=EDGE_CURVE('',#4827,#4828,#1086,.T.);
#6494=EDGE_CURVE('',#4828,#4831,#1090,.T.);
#6496=EDGE_CURVE('',#4831,#4832,#1094,.T.);
#6498=EDGE_CURVE('',#4832,#4827,#1098,.T.);
#6502=EDGE_CURVE('',#4869,#4870,#1102,.T.);
#6504=EDGE_CURVE('',#4870,#4872,#1106,.T.);
#6506=EDGE_CURVE('',#4872,#4874,#1110,.T.);
#6508=EDGE_CURVE('',#4874,#4876,#1114,.T.);
#6510=EDGE_CURVE('',#4876,#4869,#1118,.T.);
#6514=EDGE_CURVE('',#4879,#4880,#1122,.T.);
#6516=EDGE_CURVE('',#4880,#4882,#1126,.T.);
#6518=EDGE_CURVE('',#4882,#4884,#1130,.T.);
#6520=EDGE_CURVE('',#4884,#4886,#1134,.T.);
#6522=EDGE_CURVE('',#4886,#4879,#1138,.T.);
#6526=EDGE_CURVE('',#4889,#4890,#1142,.T.);
#6528=EDGE_CURVE('',#4890,#4892,#1146,.T.);
#6530=EDGE_CURVE('',#4892,#4894,#1150,.T.);
#6532=EDGE_CURVE('',#4894,#4896,#1154,.T.);
#6534=EDGE_CURVE('',#4896,#4889,#1158,.T.);
#6538=EDGE_CURVE('',#4899,#4900,#1162,.T.);
#6540=EDGE_CURVE('',#4900,#4902,#1166,.T.);
#6542=EDGE_CURVE('',#4902,#4904,#1170,.T.);
#6544=EDGE_CURVE('',#4904,#4906,#1174,.T.);
#6546=EDGE_CURVE('',#4906,#4899,#1178,.T.);
#6556=EDGE_CURVE('',#4155,#4532,#1182,.T.);
#6558=EDGE_CURVE('',#4532,#4534,#1282,.T.);
#6560=EDGE_CURVE('',#4152,#4534,#1246,.T.);
#6562=EDGE_CURVE('',#4151,#4152,#1186,.T.);
#6564=EDGE_CURVE('',#4174,#4151,#1190,.T.);
#6566=EDGE_CURVE('',#4174,#4054,#1194,.T.);
#6568=EDGE_CURVE('',#4054,#4045,#1490,.T.);
#6571=EDGE_CURVE('',#4052,#4046,#1522,.T.);
#6573=EDGE_CURVE('',#4052,#4176,#1198,.T.);
#6575=EDGE_CURVE('',#4156,#4176,#1202,.T.);
#6577=EDGE_CURVE('',#4155,#4156,#1206,.T.);
#6587=EDGE_CURVE('',#4166,#4572,#1210,.T.);
#6589=EDGE_CURVE('',#4572,#4531,#1214,.T.);
#6591=EDGE_CURVE('',#4531,#4532,#1254,.T.);
#6594=EDGE_CURVE('',#4168,#4155,#1630,.T.);
#6596=EDGE_CURVE('',#4166,#4168,#1558,.T.);
#6606=EDGE_CURVE('',#4563,#4564,#1218,.T.);
#6608=EDGE_CURVE('',#4564,#4566,#1222,.T.);
#6610=EDGE_CURVE('',#4566,#4568,#1226,.T.);
#6612=EDGE_CURVE('',#4568,#4570,#1230,.T.);
#6614=EDGE_CURVE('',#4572,#4570,#1234,.T.);
#6617=EDGE_CURVE('',#4164,#4166,#1554,.T.);
#6619=EDGE_CURVE('',#4164,#4563,#1238,.T.);
#6630=EDGE_CURVE('',#4563,#4536,#1242,.T.);
#6632=EDGE_CURVE('',#4536,#4538,#1274,.T.);
#6634=EDGE_CURVE('',#4564,#4538,#1330,.T.);
#6645=EDGE_CURVE('',#4534,#4536,#1278,.T.);
#6649=EDGE_CURVE('',#4162,#4164,#1550,.T.);
#6651=EDGE_CURVE('',#4162,#4152,#1250,.T.);
#6662=EDGE_CURVE('',#4544,#4531,#1258,.T.);
#6664=EDGE_CURVE('',#4542,#4544,#1262,.T.);
#6666=EDGE_CURVE('',#4540,#4542,#1266,.T.);
#6668=EDGE_CURVE('',#4538,#4540,#1270,.T.);
#6681=EDGE_CURVE('',#4547,#4548,#1286,.T.);
#6683=EDGE_CURVE('',#4560,#4547,#1290,.T.);
#6685=EDGE_CURVE('',#4558,#4560,#1294,.T.);
#6687=EDGE_CURVE('',#4556,#4558,#1298,.T.);
#6689=EDGE_CURVE('',#4554,#4556,#1302,.T.);
#6691=EDGE_CURVE('',#4552,#4554,#1306,.T.);
#6693=EDGE_CURVE('',#4550,#4552,#1310,.T.);
#6695=EDGE_CURVE('',#4548,#4550,#1314,.T.);
#6706=EDGE_CURVE('',#4570,#4544,#1318,.T.);
#6719=EDGE_CURVE('',#4568,#4542,#1322,.T.);
#6732=EDGE_CURVE('',#4566,#4540,#1326,.T.);
#6756=EDGE_CURVE('',#4575,#4576,#1338,.T.);
#6758=EDGE_CURVE('',#4575,#4547,#1334,.T.);
#6761=EDGE_CURVE('',#4576,#4548,#1362,.T.);
#6772=EDGE_CURVE('',#4576,#4578,#1342,.T.);
#6774=EDGE_CURVE('',#4578,#4580,#1346,.T.);
#6776=EDGE_CURVE('',#4580,#4582,#1350,.T.);
#6778=EDGE_CURVE('',#4584,#4582,#1354,.T.);
#6780=EDGE_CURVE('',#4192,#4584,#1358,.T.);
#6782=EDGE_CURVE('',#4192,#4194,#1458,.T.);
#6784=EDGE_CURVE('',#4194,#4575,#1410,.T.);
#6797=EDGE_CURVE('',#4578,#4550,#1366,.T.);
#6810=EDGE_CURVE('',#4580,#4552,#1370,.T.);
#6823=EDGE_CURVE('',#4582,#4554,#1374,.T.);
#6836=EDGE_CURVE('',#4584,#4556,#1378,.T.);
#6849=EDGE_CURVE('',#4180,#4558,#1386,.T.);
#6851=EDGE_CURVE('',#4190,#4180,#1382,.T.);
#6853=EDGE_CURVE('',#4190,#4192,#1462,.T.);
#6865=EDGE_CURVE('',#4183,#4560,#1406,.T.);
#6867=EDGE_CURVE('',#4183,#4184,#1390,.T.);
#6869=EDGE_CURVE('',#4184,#4204,#1394,.T.);
#6871=EDGE_CURVE('',#4068,#4204,#1486,.T.);
#6873=EDGE_CURVE('',#4062,#4068,#1526,.T.);
#6876=EDGE_CURVE('',#4061,#4070,#1502,.T.);
#6878=EDGE_CURVE('',#4202,#4070,#1478,.T.);
#6880=EDGE_CURVE('',#4202,#4179,#1398,.T.);
#6882=EDGE_CURVE('',#4179,#4180,#1402,.T.);
#6896=EDGE_CURVE('',#4194,#4196,#1454,.T.);
#6898=EDGE_CURVE('',#4196,#4183,#3846,.T.);
#6908=EDGE_CURVE('',#4187,#4188,#1414,.T.);
#6910=EDGE_CURVE('',#4066,#4187,#1418,.T.);
#6912=EDGE_CURVE('',#4066,#4948,#1422,.T.);
#6914=EDGE_CURVE('',#4948,#4950,#1426,.T.);
#6916=EDGE_CURVE('',#4950,#4942,#1430,.T.);
#6918=EDGE_CURVE('',#4942,#4014,#1434,.T.);
#6920=EDGE_CURVE('',#4014,#4064,#1438,.T.);
#6922=EDGE_CURVE('',#4200,#4064,#1442,.T.);
#6924=EDGE_CURVE('',#4200,#4198,#1446,.T.);
#6926=EDGE_CURVE('',#4196,#4198,#1450,.T.);
#6931=EDGE_CURVE('',#4188,#4190,#1466,.T.);
#6942=EDGE_CURVE('',#4188,#4179,#1470,.T.);
#6945=EDGE_CURVE('',#4202,#4187,#1474,.T.);
#6969=EDGE_CURVE('',#4070,#4066,#1498,.T.);
#6980=EDGE_CURVE('',#4204,#4200,#1482,.T.);
#6983=EDGE_CURVE('',#4068,#4064,#1530,.T.);
#6994=EDGE_CURVE('',#4050,#4045,#1510,.T.);
#6997=EDGE_CURVE('',#4050,#4054,#1494,.T.);
#7007=EDGE_CURVE('',#4061,#4066,#3672,.T.);
#7019=EDGE_CURVE('',#4048,#4046,#1506,.T.);
#7022=EDGE_CURVE('',#4017,#4018,#1666,.T.);
#7024=EDGE_CURVE('',#4017,#4048,#1574,.T.);
#7035=EDGE_CURVE('',#4050,#4057,#1590,.T.);
#7037=EDGE_CURVE('',#4057,#4944,#1514,.T.);
#7039=EDGE_CURVE('',#4944,#4022,#2182,.T.);
#7051=EDGE_CURVE('',#4048,#4052,#1518,.T.);
#7062=EDGE_CURVE('',#4062,#4064,#3668,.T.);
#7074=EDGE_CURVE('',#4159,#4174,#1534,.T.);
#7076=EDGE_CURVE('',#4050,#4159,#1594,.T.);
#7088=EDGE_CURVE('',#4172,#4176,#1538,.T.);
#7092=EDGE_CURVE('',#4172,#4048,#1570,.T.);
#7102=EDGE_CURVE('',#4159,#4160,#1542,.T.);
#7106=EDGE_CURVE('',#4160,#4151,#1626,.T.);
#7117=EDGE_CURVE('',#4160,#4162,#1546,.T.);
#7122=EDGE_CURVE('',#4168,#4170,#1562,.T.);
#7124=EDGE_CURVE('',#4172,#4170,#1566,.T.);
#7128=EDGE_CURVE('',#4924,#4017,#1578,.T.);
#7130=EDGE_CURVE('',#4058,#4924,#1582,.T.);
#7132=EDGE_CURVE('',#4057,#4058,#1586,.T.);
#7138=EDGE_CURVE('',#4967,#4968,#1598,.T.);
#7140=EDGE_CURVE('',#4968,#4970,#1602,.T.);
#7142=EDGE_CURVE('',#4970,#4972,#1606,.T.);
#7144=EDGE_CURVE('',#4972,#4974,#1610,.T.);
#7146=EDGE_CURVE('',#4974,#4976,#1614,.T.);
#7148=EDGE_CURVE('',#4976,#4978,#1618,.T.);
#7150=EDGE_CURVE('',#4978,#4967,#1622,.T.);
#7175=EDGE_CURVE('',#4170,#4156,#1634,.T.);
#7197=EDGE_CURVE('',#4093,#4094,#1654,.T.);
#7199=EDGE_CURVE('',#4094,#4096,#1658,.T.);
#7201=EDGE_CURVE('',#4098,#4096,#1662,.T.);
#7204=EDGE_CURVE('',#4918,#4920,#2648,.T.);
#7206=EDGE_CURVE('',#4924,#4920,#2580,.T.);
#7211=EDGE_CURVE('',#4013,#4014,#1670,.T.);
#7214=EDGE_CURVE('',#4942,#4934,#1674,.T.);
#7216=EDGE_CURVE('',#4934,#4936,#2700,.T.);
#7221=EDGE_CURVE('',#4037,#4038,#1638,.T.);
#7223=EDGE_CURVE('',#4037,#4041,#1642,.T.);
#7225=EDGE_CURVE('',#4041,#4042,#1646,.T.);
#7227=EDGE_CURVE('',#4038,#4042,#1650,.T.);
#7238=EDGE_CURVE('',#4038,#4025,#1679,.T.);
#7240=EDGE_CURVE('',#4025,#4026,#1683,.T.);
#7242=EDGE_CURVE('',#4026,#4028,#1687,.T.);
#7244=EDGE_CURVE('',#4028,#4037,#1691,.T.);
#7255=EDGE_CURVE('',#4042,#4031,#1708,.T.);
#7257=EDGE_CURVE('',#4025,#4031,#1720,.T.);
#7269=EDGE_CURVE('',#4034,#4041,#1695,.T.);
#7271=EDGE_CURVE('',#4032,#4034,#1699,.T.);
#7273=EDGE_CURVE('',#4031,#4032,#1703,.T.);
#7286=EDGE_CURVE('',#4028,#4034,#1712,.T.);
#7298=EDGE_CURVE('',#4026,#4032,#1716,.T.);
#7324=EDGE_CURVE('',#4100,#4089,#1780,.T.);
#7326=EDGE_CURVE('',#4094,#4089,#3782,.T.);
#7340=EDGE_CURVE('',#4376,#4380,#1736,.T.);
#7342=EDGE_CURVE('',#4380,#4384,#1740,.T.);
#7344=EDGE_CURVE('',#4378,#4384,#1744,.T.);
#7347=EDGE_CURVE('',#4312,#4316,#1748,.T.);
#7349=EDGE_CURVE('',#4316,#4320,#1752,.T.);
#7351=EDGE_CURVE('',#4314,#4320,#1756,.T.);
#7354=EDGE_CURVE('',#4232,#4127,#1760,.T.);
#7356=EDGE_CURVE('',#4127,#4131,#1764,.T.);
#7358=EDGE_CURVE('',#4256,#4131,#1768,.T.);
#7361=EDGE_CURVE('',#4090,#4102,#1772,.T.);
#7363=EDGE_CURVE('',#4089,#4090,#1776,.T.);
#7375=EDGE_CURVE('',#4354,#4356,#1784,.T.);
#7377=EDGE_CURVE('',#4380,#4356,#1911,.T.);
#7389=EDGE_CURVE('',#4359,#4360,#1788,.T.);
#7392=EDGE_CURVE('',#4464,#4382,#1792,.T.);
#7394=EDGE_CURVE('',#4360,#4382,#1919,.T.);
#7405=EDGE_CURVE('',#4854,#4369,#1796,.T.);
#7407=EDGE_CURVE('',#4850,#4854,#1931,.T.);
#7409=EDGE_CURVE('',#4370,#4850,#1800,.T.);
#7420=EDGE_CURVE('',#4390,#4354,#1846,.T.);
#7422=EDGE_CURVE('',#4388,#4390,#1804,.T.);
#7424=EDGE_CURVE('',#4388,#4352,#1975,.T.);
#7426=EDGE_CURVE('',#4362,#4352,#1939,.T.);
#7428=EDGE_CURVE('',#4356,#4362,#1907,.T.);
#7438=EDGE_CURVE('',#5120,#5116,#1808,.T.);
#7440=EDGE_CURVE('',#5146,#5116,#1887,.T.);
#7443=EDGE_CURVE('',#5144,#5120,#2046,.T.);
#7455=EDGE_CURVE('',#4359,#4706,#1812,.T.);
#7457=EDGE_CURVE('',#4706,#4337,#1817,.T.);
#7459=EDGE_CURVE('',#4337,#4338,#1821,.T.);
#7461=EDGE_CURVE('',#4338,#4702,#1825,.T.);
#7463=EDGE_CURVE('',#4702,#4704,#1830,.T.);
#7465=EDGE_CURVE('',#4704,#4341,#1834,.T.);
#7467=EDGE_CURVE('',#4341,#4342,#1838,.T.);
#7469=EDGE_CURVE('',#4342,#4390,#1842,.T.);
#7482=EDGE_CURVE('',#4370,#4493,#1850,.T.);
#7484=EDGE_CURVE('',#4493,#4494,#1854,.T.);
#7486=EDGE_CURVE('',#4494,#4464,#1858,.T.);
#7496=EDGE_CURVE('',#4519,#4520,#2242,.T.);
#7498=EDGE_CURVE('',#4520,#4641,#1862,.T.);
#7500=EDGE_CURVE('',#4641,#4642,#1866,.T.);
#7502=EDGE_CURVE('',#4642,#4644,#1871,.T.);
#7504=EDGE_CURVE('',#4644,#4666,#1875,.T.);
#7506=EDGE_CURVE('',#4519,#4666,#2756,.T.);
#7516=EDGE_CURVE('',#5114,#5116,#1879,.T.);
#7518=EDGE_CURVE('',#5114,#5142,#1883,.T.);
#7530=EDGE_CURVE('',#5130,#5132,#1891,.T.);
#7532=EDGE_CURVE('',#5130,#5150,#1895,.T.);
#7535=EDGE_CURVE('',#5214,#5132,#1899,.T.);
#7546=EDGE_CURVE('',#4360,#4364,#1915,.T.);
#7548=EDGE_CURVE('',#4364,#4366,#1947,.T.);
#7550=EDGE_CURVE('',#4366,#4700,#2009,.T.);
#7552=EDGE_CURVE('',#4700,#4706,#2090,.T.);
#7563=EDGE_CURVE('',#5113,#5114,#1903,.T.);
#7565=EDGE_CURVE('',#5113,#5140,#2050,.T.);
#7578=EDGE_CURVE('',#4384,#4362,#1943,.T.);
#7592=EDGE_CURVE('',#4382,#4386,#1923,.T.);
#7594=EDGE_CURVE('',#4364,#4386,#1951,.T.);
#7604=EDGE_CURVE('',#4850,#4852,#1927,.T.);
#7607=EDGE_CURVE('',#4854,#4856,#1935,.T.);
#7609=EDGE_CURVE('',#4852,#4856,#1963,.T.);
#7633=EDGE_CURVE('',#4386,#4466,#1955,.T.);
#7645=EDGE_CURVE('',#4852,#4374,#1959,.T.);
#7648=EDGE_CURVE('',#4856,#4373,#1967,.T.);
#7658=EDGE_CURVE('',#4490,#4466,#2013,.T.);
#7664=EDGE_CURVE('',#4490,#4494,#1971,.T.);
#7677=EDGE_CURVE('',#4334,#4388,#1979,.T.);
#7679=EDGE_CURVE('',#4333,#4334,#1983,.T.);
#7681=EDGE_CURVE('',#4698,#4333,#1987,.T.);
#7683=EDGE_CURVE('',#4696,#4698,#1992,.T.);
#7685=EDGE_CURVE('',#4330,#4696,#1996,.T.);
#7687=EDGE_CURVE('',#4329,#4330,#2000,.T.);
#7689=EDGE_CURVE('',#4700,#4329,#2005,.T.);
#7703=EDGE_CURVE('',#4489,#4490,#2017,.T.);
#7705=EDGE_CURVE('',#4374,#4489,#2021,.T.);
#7715=EDGE_CURVE('',#4515,#4516,#2234,.T.);
#7717=EDGE_CURVE('',#4515,#4664,#2764,.T.);
#7719=EDGE_CURVE('',#4638,#4664,#2025,.T.);
#7721=EDGE_CURVE('',#4636,#4638,#2030,.T.);
#7723=EDGE_CURVE('',#4635,#4636,#2034,.T.);
#7725=EDGE_CURVE('',#4516,#4635,#2038,.T.);
#7735=EDGE_CURVE('',#5120,#5113,#2042,.T.);
#7748=EDGE_CURVE('',#5136,#5129,#2054,.T.);
#7750=EDGE_CURVE('',#5212,#5136,#2058,.T.);
#7753=EDGE_CURVE('',#5129,#5148,#2062,.T.);
#7766=EDGE_CURVE('',#4334,#4342,#2066,.T.);
#7779=EDGE_CURVE('',#4333,#4341,#2070,.T.);
#7792=EDGE_CURVE('',#4698,#4704,#2074,.T.);
#7805=EDGE_CURVE('',#4696,#4702,#2078,.T.);
#7818=EDGE_CURVE('',#4330,#4338,#2082,.T.);
#7831=EDGE_CURVE('',#4329,#4337,#2086,.T.);
#7856=EDGE_CURVE('',#4489,#4493,#2094,.T.);
#7880=EDGE_CURVE('',#5254,#5252,#2162,.T.);
#7882=EDGE_CURVE('',#5229,#5252,#2166,.T.);
#7884=EDGE_CURVE('',#4946,#5229,#2170,.T.);
#7886=EDGE_CURVE('',#4021,#4946,#2174,.T.);
#7890=EDGE_CURVE('',#4944,#5241,#2186,.T.);
#7892=EDGE_CURVE('',#5241,#5258,#2190,.T.);
#7894=EDGE_CURVE('',#5258,#5256,#2194,.T.);
#7896=EDGE_CURVE('',#5242,#5256,#2198,.T.);
#7898=EDGE_CURVE('',#5242,#4110,#2202,.T.);
#7900=EDGE_CURVE('',#4110,#4120,#2206,.T.);
#7902=EDGE_CURVE('',#4120,#4124,#2800,.T.);
#7904=EDGE_CURVE('',#4124,#4504,#2210,.T.);
#7906=EDGE_CURVE('',#4222,#4504,#2214,.T.);
#7908=EDGE_CURVE('',#4105,#4222,#2218,.T.);
#7910=EDGE_CURVE('',#4105,#4507,#2784,.T.);
#7912=EDGE_CURVE('',#4507,#4508,#2222,.T.);
#7914=EDGE_CURVE('',#4512,#4508,#2226,.T.);
#7916=EDGE_CURVE('',#4511,#4512,#2230,.T.);
#7918=EDGE_CURVE('',#4511,#4515,#2768,.T.);
#7921=EDGE_CURVE('',#4520,#4516,#2238,.T.);
#7924=EDGE_CURVE('',#4519,#4523,#2752,.T.);
#7927=EDGE_CURVE('',#4528,#4524,#2250,.T.);
#7930=EDGE_CURVE('',#4527,#4122,#2816,.T.);
#7932=EDGE_CURVE('',#4114,#4122,#3648,.T.);
#7934=EDGE_CURVE('',#5230,#4114,#2258,.T.);
#7936=EDGE_CURVE('',#5230,#5254,#2262,.T.);
#7940=EDGE_CURVE('',#4599,#4600,#2114,.T.);
#7942=EDGE_CURVE('',#4607,#4599,#2118,.T.);
#7944=EDGE_CURVE('',#4607,#4608,#2122,.T.);
#7946=EDGE_CURVE('',#4608,#4600,#2126,.T.);
#7950=EDGE_CURVE('',#5005,#5006,#2130,.T.);
#7952=EDGE_CURVE('',#5006,#5014,#2134,.T.);
#7954=EDGE_CURVE('',#5013,#5014,#2138,.T.);
#7956=EDGE_CURVE('',#5005,#5013,#2142,.T.);
#7960=EDGE_CURVE('',#5009,#5010,#2146,.T.);
#7962=EDGE_CURVE('',#5010,#5018,#2150,.T.);
#7964=EDGE_CURVE('',#5017,#5018,#2154,.T.);
#7966=EDGE_CURVE('',#5009,#5017,#2158,.T.);
#7970=EDGE_CURVE('',#4595,#4596,#2098,.T.);
#7972=EDGE_CURVE('',#4603,#4595,#2102,.T.);
#7974=EDGE_CURVE('',#4603,#4604,#2106,.T.);
#7976=EDGE_CURVE('',#4604,#4596,#2110,.T.);
#7987=EDGE_CURVE('',#5198,#4596,#2266,.T.);
#7989=EDGE_CURVE('',#5197,#5198,#2270,.T.);
#7991=EDGE_CURVE('',#4595,#5197,#2274,.T.);
#8002=EDGE_CURVE('',#4588,#4600,#2278,.T.);
#8004=EDGE_CURVE('',#4587,#4588,#2282,.T.);
#8006=EDGE_CURVE('',#4599,#4587,#2286,.T.);
#8017=EDGE_CURVE('',#5202,#4604,#2302,.T.);
#8019=EDGE_CURVE('',#5198,#5202,#2290,.T.);
#8031=EDGE_CURVE('',#4603,#5201,#2294,.T.);
#8033=EDGE_CURVE('',#5201,#5202,#2298,.T.);
#8045=EDGE_CURVE('',#4607,#4591,#2306,.T.);
#8047=EDGE_CURVE('',#4591,#4592,#2310,.T.);
#8049=EDGE_CURVE('',#4592,#4608,#2314,.T.);
#8061=EDGE_CURVE('',#5197,#5201,#2318,.T.);
#8086=EDGE_CURVE('',#4587,#4591,#2322,.T.);
#8098=EDGE_CURVE('',#4588,#4592,#2326,.T.);
#8123=EDGE_CURVE('',#5005,#5261,#2330,.T.);
#8125=EDGE_CURVE('',#5261,#5262,#2335,.T.);
#8127=EDGE_CURVE('',#5262,#5264,#2339,.T.);
#8129=EDGE_CURVE('',#5264,#5266,#2343,.T.);
#8131=EDGE_CURVE('',#5266,#5268,#2347,.T.);
#8133=EDGE_CURVE('',#5268,#5270,#2352,.T.);
#8135=EDGE_CURVE('',#5270,#5006,#2356,.T.);
#8146=EDGE_CURVE('',#5009,#4981,#2360,.T.);
#8148=EDGE_CURVE('',#4981,#4982,#2365,.T.);
#8150=EDGE_CURVE('',#4982,#4984,#2369,.T.);
#8152=EDGE_CURVE('',#4984,#4987,#2373,.T.);
#8154=EDGE_CURVE('',#4987,#4988,#2377,.T.);
#8156=EDGE_CURVE('',#4988,#4990,#2382,.T.);
#8158=EDGE_CURVE('',#4990,#5010,#2386,.T.);
#8169=EDGE_CURVE('',#5013,#5273,#2416,.T.);
#8171=EDGE_CURVE('',#5261,#5273,#2470,.T.);
#8183=EDGE_CURVE('',#5282,#5014,#2390,.T.);
#8185=EDGE_CURVE('',#5280,#5282,#2395,.T.);
#8187=EDGE_CURVE('',#5278,#5280,#2399,.T.);
#8189=EDGE_CURVE('',#5276,#5278,#2403,.T.);
#8191=EDGE_CURVE('',#5274,#5276,#2407,.T.);
#8193=EDGE_CURVE('',#5273,#5274,#2412,.T.);
#8205=EDGE_CURVE('',#5002,#5018,#2420,.T.);
#8207=EDGE_CURVE('',#5000,#5002,#2425,.T.);
#8209=EDGE_CURVE('',#4999,#5000,#2429,.T.);
#8211=EDGE_CURVE('',#4996,#4999,#2433,.T.);
#8213=EDGE_CURVE('',#4994,#4996,#2437,.T.);
#8215=EDGE_CURVE('',#4993,#4994,#2442,.T.);
#8217=EDGE_CURVE('',#5017,#4993,#2446,.T.);
#8229=EDGE_CURVE('',#5270,#5282,#2450,.T.);
#8241=EDGE_CURVE('',#5268,#5280,#2454,.T.);
#8254=EDGE_CURVE('',#5266,#5278,#2458,.T.);
#8267=EDGE_CURVE('',#5264,#5276,#2462,.T.);
#8280=EDGE_CURVE('',#5262,#5274,#2466,.T.);
#8306=EDGE_CURVE('',#4990,#5002,#2474,.T.);
#8318=EDGE_CURVE('',#4988,#5000,#2478,.T.);
#8331=EDGE_CURVE('',#4987,#4999,#2482,.T.);
#8344=EDGE_CURVE('',#4984,#4996,#2486,.T.);
#8357=EDGE_CURVE('',#4982,#4994,#2490,.T.);
#8370=EDGE_CURVE('',#4981,#4993,#2494,.T.);
#8394=EDGE_CURVE('',#5244,#5252,#2499,.T.);
#8397=EDGE_CURVE('',#5254,#5246,#2536,.T.);
#8399=EDGE_CURVE('',#5246,#5244,#2507,.T.);
#8409=EDGE_CURVE('',#5244,#5225,#2503,.T.);
#8411=EDGE_CURVE('',#5221,#5225,#3680,.T.);
#8413=EDGE_CURVE('',#5229,#5221,#2544,.T.);
#8427=EDGE_CURVE('',#5226,#5246,#2511,.T.);
#8429=EDGE_CURVE('',#5225,#5226,#2515,.T.);
#8439=EDGE_CURVE('',#5248,#5237,#2519,.T.);
#8441=EDGE_CURVE('',#5250,#5248,#2523,.T.);
#8443=EDGE_CURVE('',#5238,#5250,#2527,.T.);
#8445=EDGE_CURVE('',#5237,#5238,#2531,.T.);
#8458=EDGE_CURVE('',#5222,#5230,#2552,.T.);
#8460=EDGE_CURVE('',#5222,#5226,#2540,.T.);
#8470=EDGE_CURVE('',#5229,#5230,#2568,.T.);
#8473=EDGE_CURVE('',#5221,#5222,#2548,.T.);
#8484=EDGE_CURVE('',#5241,#5242,#3664,.T.);
#8486=EDGE_CURVE('',#5242,#5233,#2556,.T.);
#8488=EDGE_CURVE('',#5233,#5234,#2560,.T.);
#8490=EDGE_CURVE('',#5234,#5241,#2564,.T.);
#8502=EDGE_CURVE('',#4114,#4950,#2596,.T.);
#8505=EDGE_CURVE('',#4948,#4946,#3676,.T.);
#8516=EDGE_CURVE('',#4109,#4110,#2572,.T.);
#8518=EDGE_CURVE('',#4058,#4110,#2576,.T.);
#8522=EDGE_CURVE('',#4920,#4922,#2644,.T.);
#8524=EDGE_CURVE('',#4922,#4109,#2584,.T.);
#8534=EDGE_CURVE('',#4113,#4114,#2588,.T.);
#8536=EDGE_CURVE('',#4113,#4932,#2592,.T.);
#8538=EDGE_CURVE('',#4932,#4934,#2704,.T.);
#8552=EDGE_CURVE('',#4109,#4116,#2600,.T.);
#8554=EDGE_CURVE('',#4116,#4120,#2804,.T.);
#8567=EDGE_CURVE('',#4922,#4909,#2640,.T.);
#8569=EDGE_CURVE('',#4909,#4116,#2604,.T.);
#8579=EDGE_CURVE('',#4113,#4118,#2608,.T.);
#8581=EDGE_CURVE('',#4118,#4930,#2612,.T.);
#8583=EDGE_CURVE('',#4930,#4932,#2708,.T.);
#8594=EDGE_CURVE('',#4077,#4084,#2616,.T.);
#8596=EDGE_CURVE('',#4084,#4086,#2620,.T.);
#8598=EDGE_CURVE('',#4086,#4081,#2624,.T.);
#8601=EDGE_CURVE('',#4910,#4912,#2632,.T.);
#8603=EDGE_CURVE('',#4909,#4910,#2636,.T.);
#8620=EDGE_CURVE('',#4078,#4073,#2664,.T.);
#8622=EDGE_CURVE('',#4084,#4073,#2680,.T.);
#8635=EDGE_CURVE('',#4074,#4082,#2668,.T.);
#8637=EDGE_CURVE('',#4073,#4074,#2672,.T.);
#8649=EDGE_CURVE('',#4086,#4074,#2676,.T.);
#8673=EDGE_CURVE('',#4927,#4928,#2716,.T.);
#8675=EDGE_CURVE('',#4910,#4928,#2808,.T.);
#8686=EDGE_CURVE('',#4142,#4146,#2684,.T.);
#8694=EDGE_CURVE('',#4928,#4930,#2712,.T.);
#8698=EDGE_CURVE('',#4148,#4144,#2724,.T.);
#8700=EDGE_CURVE('',#4146,#4148,#2728,.T.);
#8712=EDGE_CURVE('',#4146,#4135,#2732,.T.);
#8714=EDGE_CURVE('',#4140,#4135,#2740,.T.);
#8726=EDGE_CURVE('',#4148,#4136,#2736,.T.);
#8728=EDGE_CURVE('',#4135,#4136,#2744,.T.);
#8739=EDGE_CURVE('',#4136,#4139,#2748,.T.);
#8765=EDGE_CURVE('',#4666,#4664,#2760,.T.);
#8769=EDGE_CURVE('',#4511,#4662,#2772,.T.);
#8771=EDGE_CURVE('',#4662,#4660,#2776,.T.);
#8773=EDGE_CURVE('',#4507,#4660,#2780,.T.);
#8776=EDGE_CURVE('',#4105,#4106,#2788,.T.);
#8778=EDGE_CURVE('',#4106,#4658,#2792,.T.);
#8780=EDGE_CURVE('',#4124,#4658,#2796,.T.);
#8789=EDGE_CURVE('',#4118,#4122,#2812,.T.);
#8793=EDGE_CURVE('',#4670,#4668,#2824,.T.);
#8807=EDGE_CURVE('',#4638,#4644,#2832,.T.);
#8820=EDGE_CURVE('',#4636,#4642,#2836,.T.);
#8833=EDGE_CURVE('',#4635,#4641,#2840,.T.);
#8857=EDGE_CURVE('',#4295,#4694,#2844,.T.);
#8859=EDGE_CURVE('',#4694,#4273,#2849,.T.);
#8861=EDGE_CURVE('',#4273,#4274,#2853,.T.);
#8863=EDGE_CURVE('',#4274,#4690,#2857,.T.);
#8865=EDGE_CURVE('',#4690,#4692,#2862,.T.);
#8867=EDGE_CURVE('',#4692,#4277,#2866,.T.);
#8869=EDGE_CURVE('',#4277,#4278,#2870,.T.);
#8871=EDGE_CURVE('',#4278,#4326,#2874,.T.);
#8873=EDGE_CURVE('',#4326,#4290,#2878,.T.);
#8885=EDGE_CURVE('',#4306,#4485,#2882,.T.);
#8887=EDGE_CURVE('',#4485,#4486,#2886,.T.);
#8889=EDGE_CURVE('',#4486,#4460,#2890,.T.);
#8900=EDGE_CURVE('',#4512,#4629,#2894,.T.);
#8902=EDGE_CURVE('',#4629,#4630,#2898,.T.);
#8904=EDGE_CURVE('',#4630,#4632,#2903,.T.);
#8906=EDGE_CURVE('',#4632,#4662,#2907,.T.);
#8917=EDGE_CURVE('',#5070,#5072,#2911,.T.);
#8919=EDGE_CURVE('',#5070,#5098,#2915,.T.);
#8922=EDGE_CURVE('',#5102,#5072,#2919,.T.);
#8932=EDGE_CURVE('',#5086,#5088,#2923,.T.);
#8934=EDGE_CURVE('',#5086,#5106,#2927,.T.);
#8937=EDGE_CURVE('',#5210,#5088,#2931,.T.);
#8947=EDGE_CURVE('',#4295,#4296,#2943,.T.);
#8949=EDGE_CURVE('',#4296,#4300,#3130,.T.);
#8951=EDGE_CURVE('',#4300,#4302,#3098,.T.);
#8953=EDGE_CURVE('',#4302,#4688,#3005,.T.);
#8955=EDGE_CURVE('',#4688,#4694,#3082,.T.);
#8966=EDGE_CURVE('',#5069,#5070,#2935,.T.);
#8968=EDGE_CURVE('',#5069,#5096,#3046,.T.);
#8980=EDGE_CURVE('',#4290,#4292,#2939,.T.);
#8982=EDGE_CURVE('',#4316,#4292,#3126,.T.);
#8996=EDGE_CURVE('',#4460,#4318,#2947,.T.);
#8998=EDGE_CURVE('',#4296,#4318,#3134,.T.);
#9009=EDGE_CURVE('',#4846,#4305,#2951,.T.);
#9011=EDGE_CURVE('',#4842,#4846,#3146,.T.);
#9013=EDGE_CURVE('',#4306,#4842,#2955,.T.);
#9025=EDGE_CURVE('',#4324,#4326,#2959,.T.);
#9027=EDGE_CURVE('',#4324,#4288,#2971,.T.);
#9029=EDGE_CURVE('',#4298,#4288,#3090,.T.);
#9031=EDGE_CURVE('',#4292,#4298,#3122,.T.);
#9041=EDGE_CURVE('',#5076,#5072,#2963,.T.);
#9045=EDGE_CURVE('',#5100,#5076,#3042,.T.);
#9055=EDGE_CURVE('',#4270,#4324,#2975,.T.);
#9059=EDGE_CURVE('',#4270,#4278,#2967,.T.);
#9073=EDGE_CURVE('',#4269,#4270,#2979,.T.);
#9075=EDGE_CURVE('',#4686,#4269,#2983,.T.);
#9077=EDGE_CURVE('',#4684,#4686,#2988,.T.);
#9079=EDGE_CURVE('',#4266,#4684,#2992,.T.);
#9081=EDGE_CURVE('',#4265,#4266,#2996,.T.);
#9083=EDGE_CURVE('',#4688,#4265,#3001,.T.);
#9096=EDGE_CURVE('',#4482,#4462,#3009,.T.);
#9098=EDGE_CURVE('',#4481,#4482,#3013,.T.);
#9100=EDGE_CURVE('',#4310,#4481,#3017,.T.);
#9112=EDGE_CURVE('',#4626,#4660,#3021,.T.);
#9114=EDGE_CURVE('',#4624,#4626,#3026,.T.);
#9116=EDGE_CURVE('',#4623,#4624,#3030,.T.);
#9118=EDGE_CURVE('',#4508,#4623,#3034,.T.);
#9128=EDGE_CURVE('',#5076,#5069,#3038,.T.);
#9141=EDGE_CURVE('',#5092,#5085,#3050,.T.);
#9143=EDGE_CURVE('',#5208,#5092,#3054,.T.);
#9146=EDGE_CURVE('',#5085,#5104,#3058,.T.);
#9159=EDGE_CURVE('',#4269,#4277,#3062,.T.);
#9172=EDGE_CURVE('',#4686,#4692,#3066,.T.);
#9185=EDGE_CURVE('',#4684,#4690,#3070,.T.);
#9198=EDGE_CURVE('',#4266,#4274,#3074,.T.);
#9211=EDGE_CURVE('',#4265,#4273,#3078,.T.);
#9234=EDGE_CURVE('',#4322,#4462,#3106,.T.);
#9236=EDGE_CURVE('',#4318,#4322,#3138,.T.);
#9240=EDGE_CURVE('',#4482,#4486,#3086,.T.);
#9253=EDGE_CURVE('',#4320,#4298,#3094,.T.);
#9264=EDGE_CURVE('',#4300,#4322,#3102,.T.);
#9277=EDGE_CURVE('',#4844,#4310,#3110,.T.);
#9279=EDGE_CURVE('',#4844,#4848,#3114,.T.);
#9281=EDGE_CURVE('',#4848,#4309,#3118,.T.);
#9315=EDGE_CURVE('',#4842,#4844,#3142,.T.);
#9318=EDGE_CURVE('',#4846,#4848,#3150,.T.);
#9330=EDGE_CURVE('',#4481,#4485,#3154,.T.);
#9368=EDGE_CURVE('',#5092,#5088,#3162,.T.);
#9382=EDGE_CURVE('',#5094,#5092,#3166,.T.);
#9384=EDGE_CURVE('',#5094,#5090,#3178,.T.);
#9386=EDGE_CURVE('',#5090,#5088,#3198,.T.);
#9396=EDGE_CURVE('',#5094,#5081,#3182,.T.);
#9400=EDGE_CURVE('',#5085,#5081,#3186,.T.);
#9410=EDGE_CURVE('',#5081,#5082,#3170,.T.);
#9412=EDGE_CURVE('',#5082,#5090,#3174,.T.);
#9426=EDGE_CURVE('',#5085,#5086,#3194,.T.);
#9428=EDGE_CURVE('',#5082,#5086,#3190,.T.);
#9465=EDGE_CURVE('',#4626,#4632,#3202,.T.);
#9478=EDGE_CURVE('',#4624,#4630,#3206,.T.);
#9491=EDGE_CURVE('',#4623,#4629,#3210,.T.);
#9513=EDGE_CURVE('',#5078,#5065,#3226,.T.);
#9515=EDGE_CURVE('',#5078,#5076,#3242,.T.);
#9518=EDGE_CURVE('',#5069,#5065,#3230,.T.);
#9528=EDGE_CURVE('',#5065,#5066,#3214,.T.);
#9530=EDGE_CURVE('',#5066,#5074,#3218,.T.);
#9532=EDGE_CURVE('',#5078,#5074,#3222,.T.);
#9546=EDGE_CURVE('',#5066,#5070,#3234,.T.);
#9557=EDGE_CURVE('',#5074,#5072,#3238,.T.);
#9583=EDGE_CURVE('',#4222,#4617,#3246,.T.);
#9585=EDGE_CURVE('',#4617,#4618,#3250,.T.);
#9587=EDGE_CURVE('',#4618,#4620,#3255,.T.);
#9589=EDGE_CURVE('',#4620,#4106,#3259,.T.);
#9599=EDGE_CURVE('',#4244,#4224,#3263,.T.);
#9604=EDGE_CURVE('',#4227,#4682,#3267,.T.);
#9606=EDGE_CURVE('',#4682,#4215,#3272,.T.);
#9608=EDGE_CURVE('',#4215,#4216,#3276,.T.);
#9610=EDGE_CURVE('',#4216,#4678,#3280,.T.);
#9612=EDGE_CURVE('',#4678,#4680,#3285,.T.);
#9614=EDGE_CURVE('',#4680,#4219,#3289,.T.);
#9616=EDGE_CURVE('',#4219,#4220,#3293,.T.);
#9618=EDGE_CURVE('',#4220,#4244,#3297,.T.);
#9629=EDGE_CURVE('',#4238,#4477,#3301,.T.);
#9631=EDGE_CURVE('',#4477,#4478,#3305,.T.);
#9633=EDGE_CURVE('',#4478,#4456,#3309,.T.);
#9643=EDGE_CURVE('',#5026,#5028,#3313,.T.);
#9645=EDGE_CURVE('',#5026,#5054,#3317,.T.);
#9648=EDGE_CURVE('',#5058,#5028,#3321,.T.);
#9658=EDGE_CURVE('',#5042,#5044,#3325,.T.);
#9660=EDGE_CURVE('',#5042,#5062,#3329,.T.);
#9663=EDGE_CURVE('',#5206,#5044,#3333,.T.);
#9673=EDGE_CURVE('',#4504,#4611,#3400,.T.);
#9675=EDGE_CURVE('',#4611,#4617,#3644,.T.);
#9687=EDGE_CURVE('',#4241,#4242,#3337,.T.);
#9689=EDGE_CURVE('',#4212,#4241,#3341,.T.);
#9691=EDGE_CURVE('',#4211,#4212,#3345,.T.);
#9693=EDGE_CURVE('',#4674,#4211,#3349,.T.);
#9695=EDGE_CURVE('',#4672,#4674,#3354,.T.);
#9697=EDGE_CURVE('',#4208,#4672,#3358,.T.);
#9699=EDGE_CURVE('',#4207,#4208,#3362,.T.);
#9701=EDGE_CURVE('',#4676,#4207,#3367,.T.);
#9703=EDGE_CURVE('',#4254,#4676,#3371,.T.);
#9717=EDGE_CURVE('',#4474,#4458,#3375,.T.);
#9719=EDGE_CURVE('',#4473,#4474,#3379,.T.);
#9721=EDGE_CURVE('',#4262,#4473,#3383,.T.);
#9733=EDGE_CURVE('',#4614,#4658,#3387,.T.);
#9735=EDGE_CURVE('',#4612,#4614,#3392,.T.);
#9737=EDGE_CURVE('',#4611,#4612,#3396,.T.);
#9748=EDGE_CURVE('',#5032,#5025,#3404,.T.);
#9750=EDGE_CURVE('',#5056,#5032,#3408,.T.);
#9753=EDGE_CURVE('',#5025,#5052,#3412,.T.);
#9763=EDGE_CURVE('',#5048,#5041,#3416,.T.);
#9765=EDGE_CURVE('',#5204,#5048,#3420,.T.);
#9768=EDGE_CURVE('',#5041,#5060,#3424,.T.);
#9778=EDGE_CURVE('',#4224,#4128,#3436,.T.);
#9781=EDGE_CURVE('',#4241,#4244,#3428,.T.);
#9784=EDGE_CURVE('',#4132,#4242,#3492,.T.);
#9786=EDGE_CURVE('',#4128,#4132,#3460,.T.);
#9796=EDGE_CURVE('',#5032,#5028,#3432,.T.);
#9809=EDGE_CURVE('',#4127,#4128,#3456,.T.);
#9822=EDGE_CURVE('',#4227,#4228,#3440,.T.);
#9825=EDGE_CURVE('',#4456,#4234,#3444,.T.);
#9827=EDGE_CURVE('',#4228,#4234,#3468,.T.);
#9838=EDGE_CURVE('',#4838,#4237,#3448,.T.);
#9840=EDGE_CURVE('',#4834,#4838,#3480,.T.);
#9842=EDGE_CURVE('',#4238,#4834,#3452,.T.);
#9854=EDGE_CURVE('',#4131,#4132,#3488,.T.);
#9865=EDGE_CURVE('',#4228,#4230,#3464,.T.);
#9868=EDGE_CURVE('',#4234,#4258,#3472,.T.);
#9870=EDGE_CURVE('',#4230,#4258,#3500,.T.);
#9880=EDGE_CURVE('',#4834,#4836,#3476,.T.);
#9883=EDGE_CURVE('',#4838,#4840,#3484,.T.);
#9885=EDGE_CURVE('',#4836,#4840,#3512,.T.);
#9907=EDGE_CURVE('',#4230,#4254,#3496,.T.);
#9910=EDGE_CURVE('',#4258,#4458,#3504,.T.);
#9922=EDGE_CURVE('',#4836,#4262,#3508,.T.);
#9925=EDGE_CURVE('',#4840,#4261,#3516,.T.);
#9939=EDGE_CURVE('',#4676,#4682,#3524,.T.);
#9950=EDGE_CURVE('',#5025,#5026,#3520,.T.);
#9964=EDGE_CURVE('',#4207,#4215,#3528,.T.);
#9977=EDGE_CURVE('',#4208,#4216,#3532,.T.);
#9990=EDGE_CURVE('',#4672,#4678,#3536,.T.);
#10003=EDGE_CURVE('',#4674,#4680,#3540,.T.);
#10016=EDGE_CURVE('',#4211,#4219,#3544,.T.);
#10029=EDGE_CURVE('',#4212,#4220,#3548,.T.);
#10053=EDGE_CURVE('',#5021,#5022,#3560,.T.);
#10055=EDGE_CURVE('',#5025,#5021,#3552,.T.);
#10058=EDGE_CURVE('',#5022,#5026,#3556,.T.);
#10069=EDGE_CURVE('',#5022,#5030,#3564,.T.);
#10071=EDGE_CURVE('',#5034,#5030,#3568,.T.);
#10073=EDGE_CURVE('',#5034,#5021,#3572,.T.);
#10084=EDGE_CURVE('',#5030,#5028,#3576,.T.);
#10097=EDGE_CURVE('',#5034,#5032,#3580,.T.);
#10126=EDGE_CURVE('',#4474,#4478,#3584,.T.);
#10139=EDGE_CURVE('',#4473,#4477,#3588,.T.);
#10175=EDGE_CURVE('',#5048,#5044,#3596,.T.);
#10189=EDGE_CURVE('',#5050,#5048,#3600,.T.);
#10191=EDGE_CURVE('',#5050,#5046,#3612,.T.);
#10193=EDGE_CURVE('',#5046,#5044,#3632,.T.);
#10203=EDGE_CURVE('',#5050,#5037,#3616,.T.);
#10207=EDGE_CURVE('',#5041,#5037,#3620,.T.);
#10217=EDGE_CURVE('',#5037,#5038,#3604,.T.);
#10219=EDGE_CURVE('',#5038,#5046,#3608,.T.);
#10233=EDGE_CURVE('',#5041,#5042,#3628,.T.);
#10235=EDGE_CURVE('',#5038,#5042,#3624,.T.);
#10272=EDGE_CURVE('',#4614,#4620,#3636,.T.);
#10285=EDGE_CURVE('',#4612,#4618,#3640,.T.);
#10322=EDGE_CURVE('',#4650,#4656,#3652,.T.);
#10335=EDGE_CURVE('',#4648,#4654,#3656,.T.);
#10348=EDGE_CURVE('',#4647,#4653,#3660,.T.);
#10422=EDGE_CURVE('',#5233,#5237,#3689,.T.);
#10426=EDGE_CURVE('',#5248,#5256,#3685,.T.);
#10439=EDGE_CURVE('',#5234,#5238,#3698,.T.);
#10450=EDGE_CURVE('',#5258,#5250,#3694,.T.);
#10475=EDGE_CURVE('',#5122,#5109,#3714,.T.);
#10477=EDGE_CURVE('',#5122,#5120,#3730,.T.);
#10480=EDGE_CURVE('',#5113,#5109,#3718,.T.);
#10490=EDGE_CURVE('',#5109,#5110,#3702,.T.);
#10492=EDGE_CURVE('',#5110,#5118,#3706,.T.);
#10494=EDGE_CURVE('',#5122,#5118,#3710,.T.);
#10508=EDGE_CURVE('',#5110,#5114,#3722,.T.);
#10519=EDGE_CURVE('',#5118,#5116,#3726,.T.);
#10543=EDGE_CURVE('',#5138,#5125,#3746,.T.);
#10545=EDGE_CURVE('',#5138,#5136,#3766,.T.);
#10548=EDGE_CURVE('',#5129,#5125,#3750,.T.);
#10558=EDGE_CURVE('',#5125,#5126,#3734,.T.);
#10560=EDGE_CURVE('',#5126,#5134,#3738,.T.);
#10562=EDGE_CURVE('',#5138,#5134,#3742,.T.);
#10575=EDGE_CURVE('',#5129,#5130,#3758,.T.);
#10577=EDGE_CURVE('',#5126,#5130,#3754,.T.);
#10600=EDGE_CURVE('',#5134,#5132,#3762,.T.);
#10612=EDGE_CURVE('',#5136,#5132,#3774,.T.);
#10650=EDGE_CURVE('',#4096,#4090,#3778,.T.);
#10675=EDGE_CURVE('',#4967,#4953,#3786,.T.);
#10677=EDGE_CURVE('',#4953,#4954,#3814,.T.);
#10679=EDGE_CURVE('',#4968,#4954,#3810,.T.);
#10690=EDGE_CURVE('',#4978,#4964,#3790,.T.);
#10692=EDGE_CURVE('',#4964,#4953,#3818,.T.);
#10704=EDGE_CURVE('',#4976,#4962,#3794,.T.);
#10706=EDGE_CURVE('',#4962,#4964,#3822,.T.);
#10718=EDGE_CURVE('',#4974,#4960,#3798,.T.);
#10720=EDGE_CURVE('',#4960,#4962,#3826,.T.);
#10732=EDGE_CURVE('',#4972,#4958,#3802,.T.);
#10734=EDGE_CURVE('',#4958,#4960,#3830,.T.);
#10746=EDGE_CURVE('',#4970,#4956,#3806,.T.);
#10748=EDGE_CURVE('',#4956,#4958,#3834,.T.);
#10761=EDGE_CURVE('',#4954,#4956,#3838,.T.);
#10790=EDGE_CURVE('',#4198,#4184,#3842,.T.);
#10815=EDGE_CURVE('',#4800,#4724,#3854,.T.);
#10828=EDGE_CURVE('',#4802,#4726,#3858,.T.);
#10841=EDGE_CURVE('',#4804,#4728,#3862,.T.);
#10864=EDGE_CURVE('',#4809,#4731,#3866,.T.);
#10867=EDGE_CURVE('',#4810,#4732,#3882,.T.);
#10878=EDGE_CURVE('',#4814,#4738,#3870,.T.);
#10891=EDGE_CURVE('',#4813,#4736,#3874,.T.);
#10904=EDGE_CURVE('',#4866,#4734,#3878,.T.);
#10929=EDGE_CURVE('',#4817,#4781,#3886,.T.);
#10932=EDGE_CURVE('',#4818,#4782,#3902,.T.);
#10943=EDGE_CURVE('',#4824,#4788,#3890,.T.);
#10956=EDGE_CURVE('',#4823,#4786,#3894,.T.);
#10969=EDGE_CURVE('',#4820,#4784,#3898,.T.);
#10994=EDGE_CURVE('',#4827,#4791,#3906,.T.);
#10997=EDGE_CURVE('',#4828,#4792,#3918,.T.);
#11008=EDGE_CURVE('',#4832,#4796,#3910,.T.);
#11021=EDGE_CURVE('',#4831,#4794,#3914,.T.);
#11046=EDGE_CURVE('',#4869,#4741,#3922,.T.);
#11049=EDGE_CURVE('',#4870,#4742,#3938,.T.);
#11060=EDGE_CURVE('',#4876,#4748,#3926,.T.);
#11073=EDGE_CURVE('',#4874,#4746,#3930,.T.);
#11086=EDGE_CURVE('',#4872,#4744,#3934,.T.);
#11111=EDGE_CURVE('',#4879,#4751,#3942,.T.);
#11114=EDGE_CURVE('',#4880,#4752,#3958,.T.);
#11125=EDGE_CURVE('',#4886,#4758,#3946,.T.);
#11138=EDGE_CURVE('',#4884,#4756,#3950,.T.);
#11151=EDGE_CURVE('',#4882,#4754,#3954,.T.);
#11176=EDGE_CURVE('',#4889,#4761,#3962,.T.);
#11179=EDGE_CURVE('',#4890,#4762,#3978,.T.);
#11190=EDGE_CURVE('',#4896,#4768,#3966,.T.);
#11203=EDGE_CURVE('',#4894,#4766,#3970,.T.);
#11216=EDGE_CURVE('',#4892,#4764,#3974,.T.);
#11241=EDGE_CURVE('',#4899,#4771,#3982,.T.);
#11244=EDGE_CURVE('',#4900,#4772,#3998,.T.);
#11255=EDGE_CURVE('',#4906,#4778,#3986,.T.);
#11268=EDGE_CURVE('',#4904,#4776,#3990,.T.);
#11281=EDGE_CURVE('',#4902,#4774,#3994,.T.);
#11306=EDGE_CURVE('',#4497,#4501,#4002,.T.);
#11321=EDGE_CURVE('',#4498,#4502,#4006,.T.);
#11424=EDGE_CURVE('',#11414,#11412,#11362,.T.);
#11426=EDGE_CURVE('',#11418,#11412,#11402,.T.);
#11428=EDGE_CURVE('',#11416,#11418,#11394,.T.);
#11430=EDGE_CURVE('',#11414,#11416,#11382,.T.);
#11440=EDGE_CURVE('',#11408,#11405,#11366,.T.);
#11442=EDGE_CURVE('',#11408,#11412,#11358,.T.);
#11445=EDGE_CURVE('',#11414,#11405,#11386,.T.);
#11456=EDGE_CURVE('',#11405,#11406,#11370,.T.);
#11458=EDGE_CURVE('',#11406,#11410,#11374,.T.);
#11460=EDGE_CURVE('',#11408,#11410,#11378,.T.);
#11471=EDGE_CURVE('',#11416,#11406,#11390,.T.);
#11486=EDGE_CURVE('',#11410,#11418,#11398,.T.);
#11573=EDGE_CURVE('',#11563,#11561,#11511,.T.);
#11575=EDGE_CURVE('',#11567,#11561,#11551,.T.);
#11577=EDGE_CURVE('',#11565,#11567,#11543,.T.);
#11579=EDGE_CURVE('',#11563,#11565,#11531,.T.);
#11589=EDGE_CURVE('',#11557,#11554,#11515,.T.);
#11591=EDGE_CURVE('',#11557,#11561,#11507,.T.);
#11594=EDGE_CURVE('',#11563,#11554,#11535,.T.);
#11605=EDGE_CURVE('',#11554,#11555,#11519,.T.);
#11607=EDGE_CURVE('',#11555,#11559,#11523,.T.);
#11609=EDGE_CURVE('',#11557,#11559,#11527,.T.);
#11620=EDGE_CURVE('',#11565,#11555,#11539,.T.);
#11635=EDGE_CURVE('',#11559,#11567,#11547,.T.);
#11722=EDGE_CURVE('',#11712,#11710,#11660,.T.);
#11724=EDGE_CURVE('',#11716,#11710,#11700,.T.);
#11726=EDGE_CURVE('',#11714,#11716,#11692,.T.);
#11728=EDGE_CURVE('',#11712,#11714,#11680,.T.);
#11738=EDGE_CURVE('',#11706,#11703,#11664,.T.);
#11740=EDGE_CURVE('',#11706,#11710,#11656,.T.);
#11743=EDGE_CURVE('',#11712,#11703,#11684,.T.);
#11754=EDGE_CURVE('',#11703,#11704,#11668,.T.);
#11756=EDGE_CURVE('',#11704,#11708,#11672,.T.);
#11758=EDGE_CURVE('',#11706,#11708,#11676,.T.);
#11769=EDGE_CURVE('',#11714,#11704,#11688,.T.);
#11784=EDGE_CURVE('',#11708,#11716,#11696,.T.);
#11871=EDGE_CURVE('',#11855,#11852,#11805,.T.);
#11873=EDGE_CURVE('',#11852,#11853,#11809,.T.);
#11875=EDGE_CURVE('',#11853,#11857,#11813,.T.);
#11877=EDGE_CURVE('',#11855,#11857,#11817,.T.);
#11888=EDGE_CURVE('',#11855,#11859,#11821,.T.);
#11890=EDGE_CURVE('',#11861,#11859,#11825,.T.);
#11892=EDGE_CURVE('',#11861,#11852,#11849,.T.);
#11903=EDGE_CURVE('',#11857,#11865,#11841,.T.);
#11905=EDGE_CURVE('',#11865,#11859,#11829,.T.);
#11917=EDGE_CURVE('',#11863,#11853,#11833,.T.);
#11919=EDGE_CURVE('',#11863,#11865,#11837,.T.);
#11930=EDGE_CURVE('',#11861,#11863,#11845,.T.);
#11964=TRIMMED_CURVE('A_1',#11963,(PARAMETER_VALUE(0.E0)),(PARAMETER_VALUE
(1.E0)),.T.,.UNSPECIFIED.);
#11970=TRIMMED_CURVE('A_2',#11969,(PARAMETER_VALUE(0.E0)),(PARAMETER_VALUE
(1.E0)),.T.,.UNSPECIFIED.);
#11975=TRIMMED_CURVE('',#11974,(PARAMETER_VALUE(0.E0)),(PARAMETER_VALUE(1.E0)),
.T.,.UNSPECIFIED.);
#11976=COMPOSITE_CURVE_SEGMENT(.CONTINUOUS.,.T.,#11975);
#11981=TRIMMED_CURVE('',#11980,(PARAMETER_VALUE(0.E0)),(PARAMETER_VALUE(1.E0)),
.T.,.UNSPECIFIED.);
#11982=COMPOSITE_CURVE_SEGMENT(.CONTINUOUS.,.T.,#11981);
#11987=TRIMMED_CURVE('',#11986,(PARAMETER_VALUE(0.E0)),(PARAMETER_VALUE(1.E0)),
.T.,.UNSPECIFIED.);
#11988=COMPOSITE_CURVE_SEGMENT(.CONTINUOUS.,.T.,#11987);
#11993=TRIMMED_CURVE('',#11992,(PARAMETER_VALUE(0.E0)),(PARAMETER_VALUE(1.E0)),
.T.,.UNSPECIFIED.);
#11994=COMPOSITE_CURVE_SEGMENT(.CONTINUOUS.,.T.,#11993);
#11995=COMPOSITE_CURVE('',(#11976,#11982,#11988,#11994),.F.);
#12000=TRIMMED_CURVE('',#11999,(PARAMETER_VALUE(0.E0)),(PARAMETER_VALUE(1.E0)),
.T.,.UNSPECIFIED.);
#12001=COMPOSITE_CURVE_SEGMENT(.CONTINUOUS.,.T.,#12000);
#12006=TRIMMED_CURVE('',#12005,(PARAMETER_VALUE(0.E0)),(PARAMETER_VALUE(1.E0)),
.T.,.UNSPECIFIED.);
#12007=COMPOSITE_CURVE_SEGMENT(.CONTINUOUS.,.T.,#12006);
#12012=TRIMMED_CURVE('',#12011,(PARAMETER_VALUE(0.E0)),(PARAMETER_VALUE(1.E0)),
.T.,.UNSPECIFIED.);
#12013=COMPOSITE_CURVE_SEGMENT(.CONTINUOUS.,.T.,#12012);
#12018=TRIMMED_CURVE('',#12017,(PARAMETER_VALUE(0.E0)),(PARAMETER_VALUE(1.E0)),
.T.,.UNSPECIFIED.);
#12019=COMPOSITE_CURVE_SEGMENT(.CONTINUOUS.,.T.,#12018);
#12020=COMPOSITE_CURVE('',(#12001,#12007,#12013,#12019),.F.);
#12025=TRIMMED_CURVE('',#12024,(PARAMETER_VALUE(0.E0)),(PARAMETER_VALUE(1.E0)),
.T.,.UNSPECIFIED.);
#12026=COMPOSITE_CURVE_SEGMENT(.CONTINUOUS.,.T.,#12025);
#12031=TRIMMED_CURVE('',#12030,(PARAMETER_VALUE(0.E0)),(PARAMETER_VALUE(1.E0)),
.T.,.UNSPECIFIED.);
#12032=COMPOSITE_CURVE_SEGMENT(.CONTINUOUS.,.T.,#12031);
#12037=TRIMMED_CURVE('',#12036,(PARAMETER_VALUE(0.E0)),(PARAMETER_VALUE(1.E0)),
.T.,.UNSPECIFIED.);
#12038=COMPOSITE_CURVE_SEGMENT(.CONTINUOUS.,.T.,#12037);
#12043=TRIMMED_CURVE('',#12042,(PARAMETER_VALUE(0.E0)),(PARAMETER_VALUE(1.E0)),
.T.,.UNSPECIFIED.);
#12044=COMPOSITE_CURVE_SEGMENT(.CONTINUOUS.,.T.,#12043);
#12045=COMPOSITE_CURVE('',(#12026,#12032,#12038,#12044),.F.);
#12050=TRIMMED_CURVE('',#12049,(PARAMETER_VALUE(0.E0)),(PARAMETER_VALUE(1.E0)),
.T.,.UNSPECIFIED.);
#12051=COMPOSITE_CURVE_SEGMENT(.CONTINUOUS.,.T.,#12050);
#12056=TRIMMED_CURVE('',#12055,(PARAMETER_VALUE(0.E0)),(PARAMETER_VALUE(1.E0)),
.T.,.UNSPECIFIED.);
#12057=COMPOSITE_CURVE_SEGMENT(.CONTINUOUS.,.T.,#12056);
#12062=TRIMMED_CURVE('',#12061,(PARAMETER_VALUE(0.E0)),(PARAMETER_VALUE(1.E0)),
.T.,.UNSPECIFIED.);
#12063=COMPOSITE_CURVE_SEGMENT(.CONTINUOUS.,.T.,#12062);
#12068=TRIMMED_CURVE('',#12067,(PARAMETER_VALUE(0.E0)),(PARAMETER_VALUE(1.E0)),
.T.,.UNSPECIFIED.);
#12069=COMPOSITE_CURVE_SEGMENT(.CONTINUOUS.,.T.,#12068);
#12070=COMPOSITE_CURVE('',(#12051,#12057,#12063,#12069),.F.);
#12075=TRIMMED_CURVE('',#12074,(PARAMETER_VALUE(0.E0)),(PARAMETER_VALUE(1.E0)),
.T.,.UNSPECIFIED.);
#12076=COMPOSITE_CURVE_SEGMENT(.CONTINUOUS.,.T.,#12075);
#12081=TRIMMED_CURVE('',#12080,(PARAMETER_VALUE(0.E0)),(PARAMETER_VALUE(1.E0)),
.T.,.UNSPECIFIED.);
#12082=COMPOSITE_CURVE_SEGMENT(.CONTINUOUS.,.T.,#12081);
#12087=TRIMMED_CURVE('',#12086,(PARAMETER_VALUE(0.E0)),(PARAMETER_VALUE(1.E0)),
.T.,.UNSPECIFIED.);
#12088=COMPOSITE_CURVE_SEGMENT(.CONTINUOUS.,.T.,#12087);
#12093=TRIMMED_CURVE('',#12092,(PARAMETER_VALUE(0.E0)),(PARAMETER_VALUE(1.E0)),
.T.,.UNSPECIFIED.);
#12094=COMPOSITE_CURVE_SEGMENT(.CONTINUOUS.,.T.,#12093);
#12095=COMPOSITE_CURVE('',(#12076,#12082,#12088,#12094),.F.);
#12100=TRIMMED_CURVE('',#12099,(PARAMETER_VALUE(0.E0)),(PARAMETER_VALUE(1.E0)),
.T.,.UNSPECIFIED.);
#12101=COMPOSITE_CURVE_SEGMENT(.CONTINUOUS.,.T.,#12100);
#12106=TRIMMED_CURVE('',#12105,(PARAMETER_VALUE(0.E0)),(PARAMETER_VALUE(1.E0)),
.T.,.UNSPECIFIED.);
#12107=COMPOSITE_CURVE_SEGMENT(.CONTINUOUS.,.T.,#12106);
#12112=TRIMMED_CURVE('',#12111,(PARAMETER_VALUE(0.E0)),(PARAMETER_VALUE(1.E0)),
.T.,.UNSPECIFIED.);
#12113=COMPOSITE_CURVE_SEGMENT(.CONTINUOUS.,.T.,#12112);
#12118=TRIMMED_CURVE('',#12117,(PARAMETER_VALUE(0.E0)),(PARAMETER_VALUE(1.E0)),
.T.,.UNSPECIFIED.);
#12119=COMPOSITE_CURVE_SEGMENT(.CONTINUOUS.,.T.,#12118);
#12120=COMPOSITE_CURVE('',(#12101,#12107,#12113,#12119),.F.);
#12125=TRIMMED_CURVE('',#12124,(PARAMETER_VALUE(0.E0)),(PARAMETER_VALUE(1.E0)),
.T.,.UNSPECIFIED.);
#12126=COMPOSITE_CURVE_SEGMENT(.CONTINUOUS.,.T.,#12125);
#12131=TRIMMED_CURVE('',#12130,(PARAMETER_VALUE(0.E0)),(PARAMETER_VALUE(1.E0)),
.T.,.UNSPECIFIED.);
#12132=COMPOSITE_CURVE_SEGMENT(.CONTINUOUS.,.T.,#12131);
#12137=TRIMMED_CURVE('',#12136,(PARAMETER_VALUE(0.E0)),(PARAMETER_VALUE(1.E0)),
.T.,.UNSPECIFIED.);
#12138=COMPOSITE_CURVE_SEGMENT(.CONTINUOUS.,.T.,#12137);
#12143=TRIMMED_CURVE('',#12142,(PARAMETER_VALUE(0.E0)),(PARAMETER_VALUE(1.E0)),
.T.,.UNSPECIFIED.);
#12144=COMPOSITE_CURVE_SEGMENT(.CONTINUOUS.,.T.,#12143);
#12145=COMPOSITE_CURVE('',(#12126,#12132,#12138,#12144),.F.);
#12150=TRIMMED_CURVE('',#12149,(PARAMETER_VALUE(0.E0)),(PARAMETER_VALUE(1.E0)),
.T.,.UNSPECIFIED.);
#12151=COMPOSITE_CURVE_SEGMENT(.CONTINUOUS.,.T.,#12150);
#12156=TRIMMED_CURVE('',#12155,(PARAMETER_VALUE(0.E0)),(PARAMETER_VALUE(1.E0)),
.T.,.UNSPECIFIED.);
#12157=COMPOSITE_CURVE_SEGMENT(.CONTINUOUS.,.T.,#12156);
#12162=TRIMMED_CURVE('',#12161,(PARAMETER_VALUE(0.E0)),(PARAMETER_VALUE(1.E0)),
.T.,.UNSPECIFIED.);
#12163=COMPOSITE_CURVE_SEGMENT(.CONTINUOUS.,.T.,#12162);
#12168=TRIMMED_CURVE('',#12167,(PARAMETER_VALUE(0.E0)),(PARAMETER_VALUE(1.E0)),
.T.,.UNSPECIFIED.);
#12169=COMPOSITE_CURVE_SEGMENT(.CONTINUOUS.,.T.,#12168);
#12170=COMPOSITE_CURVE('',(#12151,#12157,#12163,#12169),.F.);
#12175=TRIMMED_CURVE('',#12174,(PARAMETER_VALUE(0.E0)),(PARAMETER_VALUE(1.E0)),
.T.,.UNSPECIFIED.);
#12176=COMPOSITE_CURVE_SEGMENT(.CONTINUOUS.,.T.,#12175);
#12181=TRIMMED_CURVE('',#12180,(PARAMETER_VALUE(0.E0)),(PARAMETER_VALUE(1.E0)),
.T.,.UNSPECIFIED.);
#12182=COMPOSITE_CURVE_SEGMENT(.CONTINUOUS.,.T.,#12181);
#12187=TRIMMED_CURVE('',#12186,(PARAMETER_VALUE(0.E0)),(PARAMETER_VALUE(1.E0)),
.T.,.UNSPECIFIED.);
#12188=COMPOSITE_CURVE_SEGMENT(.CONTINUOUS.,.T.,#12187);
#12193=TRIMMED_CURVE('',#12192,(PARAMETER_VALUE(0.E0)),(PARAMETER_VALUE(1.E0)),
.T.,.UNSPECIFIED.);
#12194=COMPOSITE_CURVE_SEGMENT(.CONTINUOUS.,.T.,#12193);
#12195=COMPOSITE_CURVE('',(#12176,#12182,#12188,#12194),.F.);
#12200=TRIMMED_CURVE('',#12199,(PARAMETER_VALUE(0.E0)),(PARAMETER_VALUE(1.E0)),
.T.,.UNSPECIFIED.);
#12201=COMPOSITE_CURVE_SEGMENT(.CONTINUOUS.,.T.,#12200);
#12206=TRIMMED_CURVE('',#12205,(PARAMETER_VALUE(0.E0)),(PARAMETER_VALUE(1.E0)),
.T.,.UNSPECIFIED.);
#12207=COMPOSITE_CURVE_SEGMENT(.CONTINUOUS.,.T.,#12206);
#12212=TRIMMED_CURVE('',#12211,(PARAMETER_VALUE(0.E0)),(PARAMETER_VALUE(1.E0)),
.T.,.UNSPECIFIED.);
#12213=COMPOSITE_CURVE_SEGMENT(.CONTINUOUS.,.T.,#12212);
#12218=TRIMMED_CURVE('',#12217,(PARAMETER_VALUE(0.E0)),(PARAMETER_VALUE(1.E0)),
.T.,.UNSPECIFIED.);
#12219=COMPOSITE_CURVE_SEGMENT(.CONTINUOUS.,.T.,#12218);
#12220=COMPOSITE_CURVE('',(#12201,#12207,#12213,#12219),.F.);
#12221=(LENGTH_UNIT()NAMED_UNIT(*)SI_UNIT(.MILLI.,.METRE.));
#12223=(NAMED_UNIT(*)PLANE_ANGLE_UNIT()SI_UNIT($,.RADIAN.));
#12226=(NAMED_UNIT(*)SI_UNIT($,.STERADIAN.)SOLID_ANGLE_UNIT());
#12229=ADVANCED_BREP_SHAPE_REPRESENTATION('',(#11955),#12228);
#12230=GEOMETRICALLY_BOUNDED_SURFACE_SHAPE_REPRESENTATION('',(#11965),#12228);
#12231=SHAPE_REPRESENTATION('',(#11959),#12228);
#12240=PRODUCT_DEFINITION('design','',#12239,#12236);
#12241=PRODUCT_DEFINITION_SHAPE('','SHAPE FOR 430450809.',#12240);
#12242=SHAPE_DEFINITION_REPRESENTATION(#12241,#12231);
ENDSEC;
END-ISO-10303-21;
