ISO-10303-21;
HEADER;
FILE_DESCRIPTION((''),'2;1');
FILE_NAME('430451209','2020-04-16T',('gga'),(''),
'PRO/ENGINEER BY PARAMETRIC TECHNOLOGY CORPORATION, 2016010',
'PRO/ENGINEER BY PARAMETRIC TECHNOLOGY CORPORATION, 2016010','');
FILE_SCHEMA(('CONFIG_CONTROL_DESIGN'));
ENDSEC;
DATA;
#1=DIRECTION('',(-1.E0,0.E0,0.E0));
#2=VECTOR('',#1,6.4E-1);
#3=CARTESIAN_POINT('',(-4.18E0,-1.18E0,-4.285E0));
#4=LINE('',#3,#2);
#5=DIRECTION('',(-1.E0,0.E0,0.E0));
#6=VECTOR('',#5,6.4E-1);
#7=CARTESIAN_POINT('',(-4.18E0,-1.18E0,1.555E0));
#8=LINE('',#7,#6);
#9=DIRECTION('',(0.E0,0.E0,1.E0));
#10=VECTOR('',#9,1.3E0);
#11=CARTESIAN_POINT('',(-4.82E0,1.82E0,-4.955E0));
#12=LINE('',#11,#10);
#13=DIRECTION('',(0.E0,0.E0,1.E0));
#14=VECTOR('',#13,6.3E-1);
#15=CARTESIAN_POINT('',(-4.82E0,1.18E0,-4.285E0));
#16=LINE('',#15,#14);
#17=DIRECTION('',(0.E0,0.E0,1.E0));
#18=VECTOR('',#17,6.3E-1);
#19=CARTESIAN_POINT('',(-4.82E0,3.2E-1,-4.285E0));
#20=LINE('',#19,#18);
#21=DIRECTION('',(0.E0,0.E0,-1.E0));
#22=VECTOR('',#21,6.3E-1);
#23=CARTESIAN_POINT('',(-4.82E0,-1.18E0,-3.655E0));
#24=LINE('',#23,#22);
#25=DIRECTION('',(0.E0,0.E0,1.E0));
#26=VECTOR('',#25,6.3E-1);
#27=CARTESIAN_POINT('',(-4.82E0,-3.2E-1,-4.285E0));
#28=LINE('',#27,#26);
#29=DIRECTION('',(-1.E0,0.E0,0.E0));
#30=VECTOR('',#29,6.4E-1);
#31=CARTESIAN_POINT('',(-4.18E0,1.82E0,-6.905E0));
#32=LINE('',#31,#30);
#33=DIRECTION('',(-1.E0,0.E0,0.E0));
#34=VECTOR('',#33,6.4E-1);
#35=CARTESIAN_POINT('',(-4.18E0,1.82E0,1.555E0));
#36=LINE('',#35,#34);
#37=DIRECTION('',(0.E0,0.E0,-1.E0));
#38=VECTOR('',#37,1.425030241322E0);
#39=CARTESIAN_POINT('',(-4.82E0,1.18E0,-4.285E0));
#40=LINE('',#39,#38);
#41=CARTESIAN_POINT('',(-4.82E0,6.8E-1,-5.710030241322E0));
#42=DIRECTION('',(-1.E0,0.E0,0.E0));
#43=DIRECTION('',(0.E0,1.E0,0.E0));
#44=AXIS2_PLACEMENT_3D('',#41,#42,#43);
#46=DIRECTION('',(0.E0,-9.038807571657E-1,-4.277844981127E-1));
#47=VECTOR('',#46,5.336867956104E0);
#48=CARTESIAN_POINT('',(-4.82E0,8.938922490563E-1,-6.161970619905E0));
#49=LINE('',#48,#47);
#50=DIRECTION('',(0.E0,0.E0,-1.E0));
#51=VECTOR('',#50,1.68E0);
#52=CARTESIAN_POINT('',(-4.82E0,-3.93E0,-8.445E0));
#53=LINE('',#52,#51);
#54=CARTESIAN_POINT('',(-4.82E0,-3.61E0,-1.0125E1));
#55=DIRECTION('',(1.E0,0.E0,0.E0));
#56=DIRECTION('',(0.E0,-1.E0,0.E0));
#57=AXIS2_PLACEMENT_3D('',#54,#55,#56);
#59=DIRECTION('',(0.E0,0.E0,1.E0));
#60=VECTOR('',#59,1.274838236897E0);
#61=CARTESIAN_POINT('',(-4.82E0,-3.29E0,-1.0125E1));
#62=LINE('',#61,#60);
#63=DIRECTION('',(0.E0,9.038807571657E-1,4.277844981127E-1));
#64=VECTOR('',#63,4.547059960528E0);
#65=CARTESIAN_POINT('',(-4.82E0,-3.29E0,-8.850161763103E0));
#66=LINE('',#65,#64);
#67=DIRECTION('',(0.E0,1.E0,0.E0));
#68=VECTOR('',#67,1.E0);
#69=CARTESIAN_POINT('',(-4.82E0,8.2E-1,-6.905E0));
#70=LINE('',#69,#68);
#71=DIRECTION('',(0.E0,0.E0,1.E0));
#72=VECTOR('',#71,1.95E0);
#73=CARTESIAN_POINT('',(-4.82E0,1.82E0,-6.905E0));
#74=LINE('',#73,#72);
#75=DIRECTION('',(0.E0,0.E0,-1.E0));
#76=VECTOR('',#75,6.7E-1);
#77=CARTESIAN_POINT('',(-4.82E0,-3.2E-1,-4.285E0));
#78=LINE('',#77,#76);
#79=DIRECTION('',(0.E0,1.E0,0.E0));
#80=VECTOR('',#79,6.4E-1);
#81=CARTESIAN_POINT('',(-4.82E0,-3.2E-1,-4.955E0));
#82=LINE('',#81,#80);
#83=DIRECTION('',(0.E0,0.E0,1.E0));
#84=VECTOR('',#83,6.7E-1);
#85=CARTESIAN_POINT('',(-4.82E0,3.2E-1,-4.955E0));
#86=LINE('',#85,#84);
#87=DIRECTION('',(0.E0,-1.E0,0.E0));
#88=VECTOR('',#87,5.E-1);
#89=CARTESIAN_POINT('',(-4.82E0,-3.43E0,-3.745E0));
#90=LINE('',#89,#88);
#91=DIRECTION('',(0.E0,0.E0,-1.E0));
#92=VECTOR('',#91,1.68E0);
#93=CARTESIAN_POINT('',(-4.82E0,-3.93E0,-3.745E0));
#94=LINE('',#93,#92);
#95=CARTESIAN_POINT('',(-4.82E0,-3.61E0,-5.425E0));
#96=DIRECTION('',(1.E0,0.E0,0.E0));
#97=DIRECTION('',(0.E0,-1.E0,0.E0));
#98=AXIS2_PLACEMENT_3D('',#95,#96,#97);
#100=DIRECTION('',(0.E0,0.E0,1.E0));
#101=VECTOR('',#100,4.7E-1);
#102=CARTESIAN_POINT('',(-4.82E0,-3.29E0,-5.425E0));
#103=LINE('',#102,#101);
#104=DIRECTION('',(0.E0,1.E0,0.E0));
#105=VECTOR('',#104,6.4E-1);
#106=CARTESIAN_POINT('',(-4.82E0,1.18E0,1.555E0));
#107=LINE('',#106,#105);
#108=DIRECTION('',(0.E0,0.E0,-1.E0));
#109=VECTOR('',#108,3.2E0);
#110=CARTESIAN_POINT('',(-4.82E0,1.18E0,1.555E0));
#111=LINE('',#110,#109);
#112=DIRECTION('',(0.E0,0.E0,1.E0));
#113=VECTOR('',#112,3.2E0);
#114=CARTESIAN_POINT('',(-4.82E0,1.82E0,-1.645E0));
#115=LINE('',#114,#113);
#116=DIRECTION('',(0.E0,1.E0,0.E0));
#117=VECTOR('',#116,6.4E-1);
#118=CARTESIAN_POINT('',(-4.82E0,-1.82E0,1.555E0));
#119=LINE('',#118,#117);
#120=DIRECTION('',(0.E0,0.E0,-1.E0));
#121=VECTOR('',#120,3.2E0);
#122=CARTESIAN_POINT('',(-4.82E0,-1.82E0,1.555E0));
#123=LINE('',#122,#121);
#124=DIRECTION('',(0.E0,0.E0,1.E0));
#125=VECTOR('',#124,3.2E0);
#126=CARTESIAN_POINT('',(-4.82E0,-1.18E0,-1.645E0));
#127=LINE('',#126,#125);
#128=DIRECTION('',(-1.E0,0.E0,0.E0));
#129=VECTOR('',#128,3.255E0);
#130=CARTESIAN_POINT('',(1.1075E1,1.6E0,-4.955E0));
#131=LINE('',#130,#129);
#132=DIRECTION('',(0.E0,0.E0,-1.E0));
#133=VECTOR('',#132,6.7E-1);
#134=CARTESIAN_POINT('',(7.82E0,1.6E0,-4.285E0));
#135=LINE('',#134,#133);
#136=DIRECTION('',(0.E0,0.E0,-1.E0));
#137=VECTOR('',#136,6.7E-1);
#138=CARTESIAN_POINT('',(7.18E0,1.6E0,-4.285E0));
#139=LINE('',#138,#137);
#140=DIRECTION('',(-1.E0,0.E0,0.E0));
#141=VECTOR('',#140,2.36E0);
#142=CARTESIAN_POINT('',(7.18E0,1.6E0,-4.955E0));
#143=LINE('',#142,#141);
#144=DIRECTION('',(0.E0,0.E0,-1.E0));
#145=VECTOR('',#144,6.7E-1);
#146=CARTESIAN_POINT('',(4.82E0,1.6E0,-4.285E0));
#147=LINE('',#146,#145);
#148=DIRECTION('',(0.E0,0.E0,-1.E0));
#149=VECTOR('',#148,6.7E-1);
#150=CARTESIAN_POINT('',(4.18E0,1.6E0,-4.285E0));
#151=LINE('',#150,#149);
#152=DIRECTION('',(-1.E0,0.E0,0.E0));
#153=VECTOR('',#152,2.36E0);
#154=CARTESIAN_POINT('',(4.18E0,1.6E0,-4.955E0));
#155=LINE('',#154,#153);
#156=DIRECTION('',(0.E0,0.E0,-1.E0));
#157=VECTOR('',#156,6.7E-1);
#158=CARTESIAN_POINT('',(1.82E0,1.6E0,-4.285E0));
#159=LINE('',#158,#157);
#160=DIRECTION('',(0.E0,0.E0,-1.E0));
#161=VECTOR('',#160,6.7E-1);
#162=CARTESIAN_POINT('',(1.18E0,1.6E0,-4.285E0));
#163=LINE('',#162,#161);
#164=DIRECTION('',(-1.E0,0.E0,0.E0));
#165=VECTOR('',#164,2.36E0);
#166=CARTESIAN_POINT('',(1.18E0,1.6E0,-4.955E0));
#167=LINE('',#166,#165);
#168=DIRECTION('',(0.E0,0.E0,-1.E0));
#169=VECTOR('',#168,6.7E-1);
#170=CARTESIAN_POINT('',(-1.18E0,1.6E0,-4.285E0));
#171=LINE('',#170,#169);
#172=DIRECTION('',(0.E0,0.E0,-1.E0));
#173=VECTOR('',#172,6.7E-1);
#174=CARTESIAN_POINT('',(-1.82E0,1.6E0,-4.285E0));
#175=LINE('',#174,#173);
#176=DIRECTION('',(-1.E0,0.E0,0.E0));
#177=VECTOR('',#176,2.36E0);
#178=CARTESIAN_POINT('',(-1.82E0,1.6E0,-4.955E0));
#179=LINE('',#178,#177);
#180=DIRECTION('',(0.E0,0.E0,-1.E0));
#181=VECTOR('',#180,6.7E-1);
#182=CARTESIAN_POINT('',(-4.18E0,1.6E0,-4.285E0));
#183=LINE('',#182,#181);
#184=DIRECTION('',(0.E0,0.E0,-1.E0));
#185=VECTOR('',#184,6.7E-1);
#186=CARTESIAN_POINT('',(-4.82E0,1.6E0,-4.285E0));
#187=LINE('',#186,#185);
#188=DIRECTION('',(-1.E0,0.E0,0.E0));
#189=VECTOR('',#188,2.36E0);
#190=CARTESIAN_POINT('',(-4.82E0,1.6E0,-4.955E0));
#191=LINE('',#190,#189);
#192=DIRECTION('',(0.E0,0.E0,-1.E0));
#193=VECTOR('',#192,6.7E-1);
#194=CARTESIAN_POINT('',(-7.18E0,1.6E0,-4.285E0));
#195=LINE('',#194,#193);
#196=DIRECTION('',(-1.E0,0.E0,0.E0));
#197=VECTOR('',#196,3.255E0);
#198=CARTESIAN_POINT('',(-7.82E0,1.6E0,-4.955E0));
#199=LINE('',#198,#197);
#200=DIRECTION('',(0.E0,0.E0,-1.E0));
#201=VECTOR('',#200,6.7E-1);
#202=CARTESIAN_POINT('',(-7.82E0,1.6E0,-4.285E0));
#203=LINE('',#202,#201);
#204=DIRECTION('',(0.E0,1.E0,0.E0));
#205=VECTOR('',#204,8.6E-1);
#206=CARTESIAN_POINT('',(-7.18E0,-1.18E0,-4.285E0));
#207=LINE('',#206,#205);
#208=DIRECTION('',(0.E0,1.E0,0.E0));
#209=VECTOR('',#208,8.6E-1);
#210=CARTESIAN_POINT('',(-7.82E0,-1.18E0,-4.285E0));
#211=LINE('',#210,#209);
#212=DIRECTION('',(0.E0,1.E0,0.E0));
#213=VECTOR('',#212,6.4E-1);
#214=CARTESIAN_POINT('',(-7.82E0,-3.2E-1,-4.285E0));
#215=LINE('',#214,#213);
#216=DIRECTION('',(0.E0,1.E0,0.E0));
#217=VECTOR('',#216,8.6E-1);
#218=CARTESIAN_POINT('',(-7.82E0,3.2E-1,-4.285E0));
#219=LINE('',#218,#217);
#220=DIRECTION('',(0.E0,1.E0,0.E0));
#221=VECTOR('',#220,4.2E-1);
#222=CARTESIAN_POINT('',(-7.82E0,1.18E0,-4.285E0));
#223=LINE('',#222,#221);
#224=DIRECTION('',(-1.E0,0.E0,0.E0));
#225=VECTOR('',#224,3.255E0);
#226=CARTESIAN_POINT('',(-7.82E0,1.6E0,-4.285E0));
#227=LINE('',#226,#225);
#228=DIRECTION('',(1.E0,0.E0,0.E0));
#229=VECTOR('',#228,1.7E0);
#230=CARTESIAN_POINT('',(-1.1075E1,1.E0,-4.285E0));
#231=LINE('',#230,#229);
#232=DIRECTION('',(0.E0,1.E0,0.E0));
#233=VECTOR('',#232,2.E0);
#234=CARTESIAN_POINT('',(-9.375E0,-1.E0,-4.285E0));
#235=LINE('',#234,#233);
#236=DIRECTION('',(1.E0,0.E0,0.E0));
#237=VECTOR('',#236,1.7E0);
#238=CARTESIAN_POINT('',(-1.1075E1,-1.E0,-4.285E0));
#239=LINE('',#238,#237);
#240=DIRECTION('',(1.E0,0.E0,0.E0));
#241=VECTOR('',#240,2.215E1);
#242=CARTESIAN_POINT('',(-1.1075E1,-2.78E0,-4.285E0));
#243=LINE('',#242,#241);
#244=DIRECTION('',(-1.E0,0.E0,0.E0));
#245=VECTOR('',#244,1.7E0);
#246=CARTESIAN_POINT('',(1.1075E1,-1.E0,-4.285E0));
#247=LINE('',#246,#245);
#248=DIRECTION('',(0.E0,1.E0,0.E0));
#249=VECTOR('',#248,2.E0);
#250=CARTESIAN_POINT('',(9.375E0,-1.E0,-4.285E0));
#251=LINE('',#250,#249);
#252=DIRECTION('',(-1.E0,0.E0,0.E0));
#253=VECTOR('',#252,1.7E0);
#254=CARTESIAN_POINT('',(1.1075E1,1.E0,-4.285E0));
#255=LINE('',#254,#253);
#256=DIRECTION('',(-1.E0,0.E0,0.E0));
#257=VECTOR('',#256,3.255E0);
#258=CARTESIAN_POINT('',(1.1075E1,1.6E0,-4.285E0));
#259=LINE('',#258,#257);
#260=DIRECTION('',(0.E0,1.E0,0.E0));
#261=VECTOR('',#260,4.2E-1);
#262=CARTESIAN_POINT('',(7.82E0,1.18E0,-4.285E0));
#263=LINE('',#262,#261);
#264=DIRECTION('',(0.E0,1.E0,0.E0));
#265=VECTOR('',#264,8.6E-1);
#266=CARTESIAN_POINT('',(7.82E0,3.2E-1,-4.285E0));
#267=LINE('',#266,#265);
#268=DIRECTION('',(0.E0,1.E0,0.E0));
#269=VECTOR('',#268,6.4E-1);
#270=CARTESIAN_POINT('',(7.82E0,-3.2E-1,-4.285E0));
#271=LINE('',#270,#269);
#272=DIRECTION('',(0.E0,1.E0,0.E0));
#273=VECTOR('',#272,8.6E-1);
#274=CARTESIAN_POINT('',(7.82E0,-1.18E0,-4.285E0));
#275=LINE('',#274,#273);
#276=DIRECTION('',(0.E0,1.E0,0.E0));
#277=VECTOR('',#276,8.6E-1);
#278=CARTESIAN_POINT('',(7.18E0,-1.18E0,-4.285E0));
#279=LINE('',#278,#277);
#280=DIRECTION('',(0.E0,1.E0,0.E0));
#281=VECTOR('',#280,6.4E-1);
#282=CARTESIAN_POINT('',(7.18E0,-3.2E-1,-4.285E0));
#283=LINE('',#282,#281);
#284=DIRECTION('',(0.E0,1.E0,0.E0));
#285=VECTOR('',#284,8.6E-1);
#286=CARTESIAN_POINT('',(7.18E0,3.2E-1,-4.285E0));
#287=LINE('',#286,#285);
#288=DIRECTION('',(0.E0,1.E0,0.E0));
#289=VECTOR('',#288,4.2E-1);
#290=CARTESIAN_POINT('',(7.18E0,1.18E0,-4.285E0));
#291=LINE('',#290,#289);
#292=DIRECTION('',(-1.E0,0.E0,0.E0));
#293=VECTOR('',#292,2.36E0);
#294=CARTESIAN_POINT('',(7.18E0,1.6E0,-4.285E0));
#295=LINE('',#294,#293);
#296=DIRECTION('',(0.E0,1.E0,0.E0));
#297=VECTOR('',#296,4.2E-1);
#298=CARTESIAN_POINT('',(4.82E0,1.18E0,-4.285E0));
#299=LINE('',#298,#297);
#300=DIRECTION('',(0.E0,1.E0,0.E0));
#301=VECTOR('',#300,8.6E-1);
#302=CARTESIAN_POINT('',(4.82E0,3.2E-1,-4.285E0));
#303=LINE('',#302,#301);
#304=DIRECTION('',(0.E0,1.E0,0.E0));
#305=VECTOR('',#304,6.4E-1);
#306=CARTESIAN_POINT('',(4.82E0,-3.2E-1,-4.285E0));
#307=LINE('',#306,#305);
#308=DIRECTION('',(0.E0,1.E0,0.E0));
#309=VECTOR('',#308,8.6E-1);
#310=CARTESIAN_POINT('',(4.82E0,-1.18E0,-4.285E0));
#311=LINE('',#310,#309);
#312=DIRECTION('',(0.E0,1.E0,0.E0));
#313=VECTOR('',#312,8.6E-1);
#314=CARTESIAN_POINT('',(4.18E0,-1.18E0,-4.285E0));
#315=LINE('',#314,#313);
#316=DIRECTION('',(0.E0,1.E0,0.E0));
#317=VECTOR('',#316,6.4E-1);
#318=CARTESIAN_POINT('',(4.18E0,-3.2E-1,-4.285E0));
#319=LINE('',#318,#317);
#320=DIRECTION('',(0.E0,1.E0,0.E0));
#321=VECTOR('',#320,8.6E-1);
#322=CARTESIAN_POINT('',(4.18E0,3.2E-1,-4.285E0));
#323=LINE('',#322,#321);
#324=DIRECTION('',(0.E0,1.E0,0.E0));
#325=VECTOR('',#324,4.2E-1);
#326=CARTESIAN_POINT('',(4.18E0,1.18E0,-4.285E0));
#327=LINE('',#326,#325);
#328=DIRECTION('',(-1.E0,0.E0,0.E0));
#329=VECTOR('',#328,2.36E0);
#330=CARTESIAN_POINT('',(4.18E0,1.6E0,-4.285E0));
#331=LINE('',#330,#329);
#332=DIRECTION('',(0.E0,1.E0,0.E0));
#333=VECTOR('',#332,4.2E-1);
#334=CARTESIAN_POINT('',(1.82E0,1.18E0,-4.285E0));
#335=LINE('',#334,#333);
#336=DIRECTION('',(0.E0,1.E0,0.E0));
#337=VECTOR('',#336,8.6E-1);
#338=CARTESIAN_POINT('',(1.82E0,3.2E-1,-4.285E0));
#339=LINE('',#338,#337);
#340=DIRECTION('',(0.E0,1.E0,0.E0));
#341=VECTOR('',#340,6.4E-1);
#342=CARTESIAN_POINT('',(1.82E0,-3.2E-1,-4.285E0));
#343=LINE('',#342,#341);
#344=DIRECTION('',(0.E0,1.E0,0.E0));
#345=VECTOR('',#344,8.6E-1);
#346=CARTESIAN_POINT('',(1.82E0,-1.18E0,-4.285E0));
#347=LINE('',#346,#345);
#348=DIRECTION('',(0.E0,1.E0,0.E0));
#349=VECTOR('',#348,8.6E-1);
#350=CARTESIAN_POINT('',(1.18E0,-1.18E0,-4.285E0));
#351=LINE('',#350,#349);
#352=DIRECTION('',(0.E0,1.E0,0.E0));
#353=VECTOR('',#352,6.4E-1);
#354=CARTESIAN_POINT('',(1.18E0,-3.2E-1,-4.285E0));
#355=LINE('',#354,#353);
#356=DIRECTION('',(0.E0,1.E0,0.E0));
#357=VECTOR('',#356,8.6E-1);
#358=CARTESIAN_POINT('',(1.18E0,3.2E-1,-4.285E0));
#359=LINE('',#358,#357);
#360=DIRECTION('',(0.E0,1.E0,0.E0));
#361=VECTOR('',#360,4.2E-1);
#362=CARTESIAN_POINT('',(1.18E0,1.18E0,-4.285E0));
#363=LINE('',#362,#361);
#364=DIRECTION('',(-1.E0,0.E0,0.E0));
#365=VECTOR('',#364,2.36E0);
#366=CARTESIAN_POINT('',(1.18E0,1.6E0,-4.285E0));
#367=LINE('',#366,#365);
#368=DIRECTION('',(0.E0,1.E0,0.E0));
#369=VECTOR('',#368,4.2E-1);
#370=CARTESIAN_POINT('',(-1.18E0,1.18E0,-4.285E0));
#371=LINE('',#370,#369);
#372=DIRECTION('',(0.E0,1.E0,0.E0));
#373=VECTOR('',#372,8.6E-1);
#374=CARTESIAN_POINT('',(-1.18E0,3.2E-1,-4.285E0));
#375=LINE('',#374,#373);
#376=DIRECTION('',(0.E0,1.E0,0.E0));
#377=VECTOR('',#376,6.4E-1);
#378=CARTESIAN_POINT('',(-1.18E0,-3.2E-1,-4.285E0));
#379=LINE('',#378,#377);
#380=DIRECTION('',(0.E0,1.E0,0.E0));
#381=VECTOR('',#380,8.6E-1);
#382=CARTESIAN_POINT('',(-1.18E0,-1.18E0,-4.285E0));
#383=LINE('',#382,#381);
#384=DIRECTION('',(0.E0,1.E0,0.E0));
#385=VECTOR('',#384,8.6E-1);
#386=CARTESIAN_POINT('',(-1.82E0,-1.18E0,-4.285E0));
#387=LINE('',#386,#385);
#388=DIRECTION('',(0.E0,1.E0,0.E0));
#389=VECTOR('',#388,6.4E-1);
#390=CARTESIAN_POINT('',(-1.82E0,-3.2E-1,-4.285E0));
#391=LINE('',#390,#389);
#392=DIRECTION('',(0.E0,1.E0,0.E0));
#393=VECTOR('',#392,8.6E-1);
#394=CARTESIAN_POINT('',(-1.82E0,3.2E-1,-4.285E0));
#395=LINE('',#394,#393);
#396=DIRECTION('',(0.E0,1.E0,0.E0));
#397=VECTOR('',#396,4.2E-1);
#398=CARTESIAN_POINT('',(-1.82E0,1.18E0,-4.285E0));
#399=LINE('',#398,#397);
#400=DIRECTION('',(-1.E0,0.E0,0.E0));
#401=VECTOR('',#400,2.36E0);
#402=CARTESIAN_POINT('',(-1.82E0,1.6E0,-4.285E0));
#403=LINE('',#402,#401);
#404=DIRECTION('',(0.E0,1.E0,0.E0));
#405=VECTOR('',#404,4.2E-1);
#406=CARTESIAN_POINT('',(-4.18E0,1.18E0,-4.285E0));
#407=LINE('',#406,#405);
#408=DIRECTION('',(0.E0,1.E0,0.E0));
#409=VECTOR('',#408,8.6E-1);
#410=CARTESIAN_POINT('',(-4.18E0,3.2E-1,-4.285E0));
#411=LINE('',#410,#409);
#412=DIRECTION('',(0.E0,1.E0,0.E0));
#413=VECTOR('',#412,6.4E-1);
#414=CARTESIAN_POINT('',(-4.18E0,-3.2E-1,-4.285E0));
#415=LINE('',#414,#413);
#416=DIRECTION('',(0.E0,1.E0,0.E0));
#417=VECTOR('',#416,8.6E-1);
#418=CARTESIAN_POINT('',(-4.18E0,-1.18E0,-4.285E0));
#419=LINE('',#418,#417);
#420=DIRECTION('',(0.E0,1.E0,0.E0));
#421=VECTOR('',#420,8.6E-1);
#422=CARTESIAN_POINT('',(-4.82E0,-1.18E0,-4.285E0));
#423=LINE('',#422,#421);
#424=DIRECTION('',(0.E0,1.E0,0.E0));
#425=VECTOR('',#424,6.4E-1);
#426=CARTESIAN_POINT('',(-4.82E0,-3.2E-1,-4.285E0));
#427=LINE('',#426,#425);
#428=DIRECTION('',(0.E0,1.E0,0.E0));
#429=VECTOR('',#428,8.6E-1);
#430=CARTESIAN_POINT('',(-4.82E0,3.2E-1,-4.285E0));
#431=LINE('',#430,#429);
#432=DIRECTION('',(0.E0,1.E0,0.E0));
#433=VECTOR('',#432,4.2E-1);
#434=CARTESIAN_POINT('',(-4.82E0,1.18E0,-4.285E0));
#435=LINE('',#434,#433);
#436=DIRECTION('',(-1.E0,0.E0,0.E0));
#437=VECTOR('',#436,2.36E0);
#438=CARTESIAN_POINT('',(-4.82E0,1.6E0,-4.285E0));
#439=LINE('',#438,#437);
#440=DIRECTION('',(0.E0,1.E0,0.E0));
#441=VECTOR('',#440,4.2E-1);
#442=CARTESIAN_POINT('',(-7.18E0,1.18E0,-4.285E0));
#443=LINE('',#442,#441);
#444=DIRECTION('',(0.E0,1.E0,0.E0));
#445=VECTOR('',#444,8.6E-1);
#446=CARTESIAN_POINT('',(-7.18E0,3.2E-1,-4.285E0));
#447=LINE('',#446,#445);
#448=DIRECTION('',(0.E0,1.E0,0.E0));
#449=VECTOR('',#448,6.4E-1);
#450=CARTESIAN_POINT('',(-7.18E0,-3.2E-1,-4.285E0));
#451=LINE('',#450,#449);
#452=DIRECTION('',(0.E0,0.E0,-1.E0));
#453=VECTOR('',#452,1.3E0);
#454=CARTESIAN_POINT('',(-7.18E0,1.82E0,-3.655E0));
#455=LINE('',#454,#453);
#456=DIRECTION('',(0.E0,-1.E0,0.E0));
#457=VECTOR('',#456,1.355E0);
#458=CARTESIAN_POINT('',(-7.18E0,3.175E0,-3.655E0));
#459=LINE('',#458,#457);
#460=DIRECTION('',(0.E0,0.E0,-1.E0));
#461=VECTOR('',#460,6.3E-1);
#462=CARTESIAN_POINT('',(-7.18E0,1.18E0,-3.655E0));
#463=LINE('',#462,#461);
#464=DIRECTION('',(0.E0,-1.E0,0.E0));
#465=VECTOR('',#464,8.6E-1);
#466=CARTESIAN_POINT('',(-7.18E0,1.18E0,-3.655E0));
#467=LINE('',#466,#465);
#468=DIRECTION('',(0.E0,0.E0,-1.E0));
#469=VECTOR('',#468,6.3E-1);
#470=CARTESIAN_POINT('',(-7.18E0,3.2E-1,-3.655E0));
#471=LINE('',#470,#469);
#472=DIRECTION('',(0.E0,0.E0,-1.E0));
#473=VECTOR('',#472,6.3E-1);
#474=CARTESIAN_POINT('',(-7.18E0,-3.2E-1,-3.655E0));
#475=LINE('',#474,#473);
#476=DIRECTION('',(0.E0,-1.E0,0.E0));
#477=VECTOR('',#476,8.6E-1);
#478=CARTESIAN_POINT('',(-7.18E0,-3.2E-1,-3.655E0));
#479=LINE('',#478,#477);
#480=DIRECTION('',(0.E0,0.E0,-1.E0));
#481=VECTOR('',#480,6.3E-1);
#482=CARTESIAN_POINT('',(-7.18E0,-1.18E0,-3.655E0));
#483=LINE('',#482,#481);
#484=DIRECTION('',(-1.E0,0.E0,0.E0));
#485=VECTOR('',#484,6.4E-1);
#486=CARTESIAN_POINT('',(-7.18E0,1.82E0,-6.905E0));
#487=LINE('',#486,#485);
#488=DIRECTION('',(-1.E0,0.E0,0.E0));
#489=VECTOR('',#488,6.4E-1);
#490=CARTESIAN_POINT('',(-7.18E0,1.82E0,1.555E0));
#491=LINE('',#490,#489);
#492=DIRECTION('',(0.E0,0.E0,1.E0));
#493=VECTOR('',#492,1.3E0);
#494=CARTESIAN_POINT('',(-7.82E0,1.82E0,-4.955E0));
#495=LINE('',#494,#493);
#496=DIRECTION('',(0.E0,0.E0,1.E0));
#497=VECTOR('',#496,6.3E-1);
#498=CARTESIAN_POINT('',(-7.82E0,1.18E0,-4.285E0));
#499=LINE('',#498,#497);
#500=DIRECTION('',(0.E0,0.E0,1.E0));
#501=VECTOR('',#500,6.3E-1);
#502=CARTESIAN_POINT('',(-7.82E0,3.2E-1,-4.285E0));
#503=LINE('',#502,#501);
#504=DIRECTION('',(0.E0,0.E0,1.E0));
#505=VECTOR('',#504,6.3E-1);
#506=CARTESIAN_POINT('',(-7.82E0,-3.2E-1,-4.285E0));
#507=LINE('',#506,#505);
#508=DIRECTION('',(0.E0,0.E0,-1.E0));
#509=VECTOR('',#508,6.3E-1);
#510=CARTESIAN_POINT('',(-7.82E0,-1.18E0,-3.655E0));
#511=LINE('',#510,#509);
#512=DIRECTION('',(1.E0,0.E0,0.E0));
#513=VECTOR('',#512,6.4E-1);
#514=CARTESIAN_POINT('',(-7.82E0,1.82E0,-3.655E0));
#515=LINE('',#514,#513);
#516=DIRECTION('',(0.E0,-1.E0,0.E0));
#517=VECTOR('',#516,1.355E0);
#518=CARTESIAN_POINT('',(-7.82E0,3.175E0,-3.655E0));
#519=LINE('',#518,#517);
#520=DIRECTION('',(1.E0,0.E0,0.E0));
#521=VECTOR('',#520,6.4E-1);
#522=CARTESIAN_POINT('',(-7.82E0,1.18E0,-3.655E0));
#523=LINE('',#522,#521);
#524=DIRECTION('',(0.E0,-1.E0,0.E0));
#525=VECTOR('',#524,8.6E-1);
#526=CARTESIAN_POINT('',(-7.82E0,1.18E0,-3.655E0));
#527=LINE('',#526,#525);
#528=DIRECTION('',(1.E0,0.E0,0.E0));
#529=VECTOR('',#528,6.4E-1);
#530=CARTESIAN_POINT('',(-7.82E0,3.2E-1,-3.655E0));
#531=LINE('',#530,#529);
#532=DIRECTION('',(1.E0,0.E0,0.E0));
#533=VECTOR('',#532,6.4E-1);
#534=CARTESIAN_POINT('',(-7.82E0,-3.2E-1,-3.655E0));
#535=LINE('',#534,#533);
#536=DIRECTION('',(0.E0,-1.E0,0.E0));
#537=VECTOR('',#536,8.6E-1);
#538=CARTESIAN_POINT('',(-7.82E0,-3.2E-1,-3.655E0));
#539=LINE('',#538,#537);
#540=DIRECTION('',(1.E0,0.E0,0.E0));
#541=VECTOR('',#540,6.4E-1);
#542=CARTESIAN_POINT('',(-7.82E0,-1.18E0,-3.655E0));
#543=LINE('',#542,#541);
#544=DIRECTION('',(0.E0,0.E0,1.E0));
#545=VECTOR('',#544,1.3E0);
#546=CARTESIAN_POINT('',(-7.82E0,3.175E0,-4.955E0));
#547=LINE('',#546,#545);
#548=DIRECTION('',(1.E0,0.E0,0.E0));
#549=VECTOR('',#548,6.4E-1);
#550=CARTESIAN_POINT('',(-7.82E0,3.175E0,-3.655E0));
#551=LINE('',#550,#549);
#552=DIRECTION('',(0.E0,0.E0,1.E0));
#553=VECTOR('',#552,1.3E0);
#554=CARTESIAN_POINT('',(-7.18E0,3.175E0,-4.955E0));
#555=LINE('',#554,#553);
#556=DIRECTION('',(0.E0,0.E0,1.E0));
#557=VECTOR('',#556,1.3E0);
#558=CARTESIAN_POINT('',(-4.82E0,3.175E0,-4.955E0));
#559=LINE('',#558,#557);
#560=DIRECTION('',(1.E0,0.E0,0.E0));
#561=VECTOR('',#560,6.4E-1);
#562=CARTESIAN_POINT('',(-4.82E0,3.175E0,-3.655E0));
#563=LINE('',#562,#561);
#564=DIRECTION('',(0.E0,0.E0,1.E0));
#565=VECTOR('',#564,1.3E0);
#566=CARTESIAN_POINT('',(-4.18E0,3.175E0,-4.955E0));
#567=LINE('',#566,#565);
#568=DIRECTION('',(0.E0,0.E0,1.E0));
#569=VECTOR('',#568,1.3E0);
#570=CARTESIAN_POINT('',(-1.82E0,3.175E0,-4.955E0));
#571=LINE('',#570,#569);
#572=DIRECTION('',(1.E0,0.E0,0.E0));
#573=VECTOR('',#572,6.4E-1);
#574=CARTESIAN_POINT('',(-1.82E0,3.175E0,-3.655E0));
#575=LINE('',#574,#573);
#576=DIRECTION('',(0.E0,0.E0,1.E0));
#577=VECTOR('',#576,1.3E0);
#578=CARTESIAN_POINT('',(-1.18E0,3.175E0,-4.955E0));
#579=LINE('',#578,#577);
#580=DIRECTION('',(0.E0,0.E0,1.E0));
#581=VECTOR('',#580,1.3E0);
#582=CARTESIAN_POINT('',(1.18E0,3.175E0,-4.955E0));
#583=LINE('',#582,#581);
#584=DIRECTION('',(1.E0,0.E0,0.E0));
#585=VECTOR('',#584,6.4E-1);
#586=CARTESIAN_POINT('',(1.18E0,3.175E0,-3.655E0));
#587=LINE('',#586,#585);
#588=DIRECTION('',(0.E0,0.E0,1.E0));
#589=VECTOR('',#588,1.3E0);
#590=CARTESIAN_POINT('',(1.82E0,3.175E0,-4.955E0));
#591=LINE('',#590,#589);
#592=DIRECTION('',(0.E0,0.E0,1.E0));
#593=VECTOR('',#592,1.3E0);
#594=CARTESIAN_POINT('',(4.18E0,3.175E0,-4.955E0));
#595=LINE('',#594,#593);
#596=DIRECTION('',(1.E0,0.E0,0.E0));
#597=VECTOR('',#596,6.4E-1);
#598=CARTESIAN_POINT('',(4.18E0,3.175E0,-3.655E0));
#599=LINE('',#598,#597);
#600=DIRECTION('',(0.E0,0.E0,1.E0));
#601=VECTOR('',#600,1.3E0);
#602=CARTESIAN_POINT('',(4.82E0,3.175E0,-4.955E0));
#603=LINE('',#602,#601);
#604=DIRECTION('',(0.E0,0.E0,1.E0));
#605=VECTOR('',#604,1.3E0);
#606=CARTESIAN_POINT('',(7.18E0,3.175E0,-4.955E0));
#607=LINE('',#606,#605);
#608=DIRECTION('',(1.E0,0.E0,0.E0));
#609=VECTOR('',#608,6.4E-1);
#610=CARTESIAN_POINT('',(7.18E0,3.175E0,-3.655E0));
#611=LINE('',#610,#609);
#612=DIRECTION('',(0.E0,0.E0,1.E0));
#613=VECTOR('',#612,1.3E0);
#614=CARTESIAN_POINT('',(7.82E0,3.175E0,-4.955E0));
#615=LINE('',#614,#613);
#616=DIRECTION('',(0.E0,0.E0,-1.E0));
#617=VECTOR('',#616,1.85E0);
#618=CARTESIAN_POINT('',(9.325E0,3.175E0,-3.105E0));
#619=LINE('',#618,#617);
#620=DIRECTION('',(1.E0,0.E0,0.E0));
#621=VECTOR('',#620,1.865E1);
#622=CARTESIAN_POINT('',(-9.325E0,3.175E0,-3.105E0));
#623=LINE('',#622,#621);
#624=DIRECTION('',(0.E0,0.E0,1.E0));
#625=VECTOR('',#624,1.85E0);
#626=CARTESIAN_POINT('',(-9.325E0,3.175E0,-4.955E0));
#627=LINE('',#626,#625);
#628=DIRECTION('',(-1.E0,0.E0,0.E0));
#629=VECTOR('',#628,1.75E0);
#630=CARTESIAN_POINT('',(1.1075E1,3.43E0,-4.955E0));
#631=LINE('',#630,#629);
#632=DIRECTION('',(0.E0,1.E0,0.E0));
#633=VECTOR('',#632,2.55E-1);
#634=CARTESIAN_POINT('',(9.325E0,3.175E0,-4.955E0));
#635=LINE('',#634,#633);
#636=DIRECTION('',(1.E0,0.E0,0.E0));
#637=VECTOR('',#636,1.505E0);
#638=CARTESIAN_POINT('',(7.82E0,3.175E0,-4.955E0));
#639=LINE('',#638,#637);
#640=DIRECTION('',(0.E0,1.E0,0.E0));
#641=VECTOR('',#640,1.355E0);
#642=CARTESIAN_POINT('',(7.82E0,1.82E0,-4.955E0));
#643=LINE('',#642,#641);
#644=DIRECTION('',(0.E0,1.E0,0.E0));
#645=VECTOR('',#644,2.2E-1);
#646=CARTESIAN_POINT('',(7.82E0,1.6E0,-4.955E0));
#647=LINE('',#646,#645);
#648=DIRECTION('',(0.E0,1.E0,0.E0));
#649=VECTOR('',#648,2.2E-1);
#650=CARTESIAN_POINT('',(7.18E0,1.6E0,-4.955E0));
#651=LINE('',#650,#649);
#652=DIRECTION('',(0.E0,1.E0,0.E0));
#653=VECTOR('',#652,1.355E0);
#654=CARTESIAN_POINT('',(7.18E0,1.82E0,-4.955E0));
#655=LINE('',#654,#653);
#656=DIRECTION('',(1.E0,0.E0,0.E0));
#657=VECTOR('',#656,2.36E0);
#658=CARTESIAN_POINT('',(4.82E0,3.175E0,-4.955E0));
#659=LINE('',#658,#657);
#660=DIRECTION('',(0.E0,1.E0,0.E0));
#661=VECTOR('',#660,1.355E0);
#662=CARTESIAN_POINT('',(4.82E0,1.82E0,-4.955E0));
#663=LINE('',#662,#661);
#664=DIRECTION('',(0.E0,1.E0,0.E0));
#665=VECTOR('',#664,2.2E-1);
#666=CARTESIAN_POINT('',(4.82E0,1.6E0,-4.955E0));
#667=LINE('',#666,#665);
#668=DIRECTION('',(0.E0,1.E0,0.E0));
#669=VECTOR('',#668,2.2E-1);
#670=CARTESIAN_POINT('',(4.18E0,1.6E0,-4.955E0));
#671=LINE('',#670,#669);
#672=DIRECTION('',(0.E0,1.E0,0.E0));
#673=VECTOR('',#672,1.355E0);
#674=CARTESIAN_POINT('',(4.18E0,1.82E0,-4.955E0));
#675=LINE('',#674,#673);
#676=DIRECTION('',(1.E0,0.E0,0.E0));
#677=VECTOR('',#676,2.36E0);
#678=CARTESIAN_POINT('',(1.82E0,3.175E0,-4.955E0));
#679=LINE('',#678,#677);
#680=DIRECTION('',(0.E0,1.E0,0.E0));
#681=VECTOR('',#680,1.355E0);
#682=CARTESIAN_POINT('',(1.82E0,1.82E0,-4.955E0));
#683=LINE('',#682,#681);
#684=DIRECTION('',(0.E0,1.E0,0.E0));
#685=VECTOR('',#684,2.2E-1);
#686=CARTESIAN_POINT('',(1.82E0,1.6E0,-4.955E0));
#687=LINE('',#686,#685);
#688=DIRECTION('',(0.E0,1.E0,0.E0));
#689=VECTOR('',#688,2.2E-1);
#690=CARTESIAN_POINT('',(1.18E0,1.6E0,-4.955E0));
#691=LINE('',#690,#689);
#692=DIRECTION('',(0.E0,1.E0,0.E0));
#693=VECTOR('',#692,1.355E0);
#694=CARTESIAN_POINT('',(1.18E0,1.82E0,-4.955E0));
#695=LINE('',#694,#693);
#696=DIRECTION('',(1.E0,0.E0,0.E0));
#697=VECTOR('',#696,2.36E0);
#698=CARTESIAN_POINT('',(-1.18E0,3.175E0,-4.955E0));
#699=LINE('',#698,#697);
#700=DIRECTION('',(0.E0,1.E0,0.E0));
#701=VECTOR('',#700,1.355E0);
#702=CARTESIAN_POINT('',(-1.18E0,1.82E0,-4.955E0));
#703=LINE('',#702,#701);
#704=DIRECTION('',(0.E0,1.E0,0.E0));
#705=VECTOR('',#704,2.2E-1);
#706=CARTESIAN_POINT('',(-1.18E0,1.6E0,-4.955E0));
#707=LINE('',#706,#705);
#708=DIRECTION('',(0.E0,1.E0,0.E0));
#709=VECTOR('',#708,2.2E-1);
#710=CARTESIAN_POINT('',(-1.82E0,1.6E0,-4.955E0));
#711=LINE('',#710,#709);
#712=DIRECTION('',(0.E0,1.E0,0.E0));
#713=VECTOR('',#712,1.355E0);
#714=CARTESIAN_POINT('',(-1.82E0,1.82E0,-4.955E0));
#715=LINE('',#714,#713);
#716=DIRECTION('',(1.E0,0.E0,0.E0));
#717=VECTOR('',#716,2.36E0);
#718=CARTESIAN_POINT('',(-4.18E0,3.175E0,-4.955E0));
#719=LINE('',#718,#717);
#720=DIRECTION('',(0.E0,1.E0,0.E0));
#721=VECTOR('',#720,1.355E0);
#722=CARTESIAN_POINT('',(-4.18E0,1.82E0,-4.955E0));
#723=LINE('',#722,#721);
#724=DIRECTION('',(0.E0,1.E0,0.E0));
#725=VECTOR('',#724,2.2E-1);
#726=CARTESIAN_POINT('',(-4.18E0,1.6E0,-4.955E0));
#727=LINE('',#726,#725);
#728=DIRECTION('',(0.E0,1.E0,0.E0));
#729=VECTOR('',#728,2.2E-1);
#730=CARTESIAN_POINT('',(-4.82E0,1.6E0,-4.955E0));
#731=LINE('',#730,#729);
#732=DIRECTION('',(0.E0,1.E0,0.E0));
#733=VECTOR('',#732,1.355E0);
#734=CARTESIAN_POINT('',(-4.82E0,1.82E0,-4.955E0));
#735=LINE('',#734,#733);
#736=DIRECTION('',(1.E0,0.E0,0.E0));
#737=VECTOR('',#736,2.36E0);
#738=CARTESIAN_POINT('',(-7.18E0,3.175E0,-4.955E0));
#739=LINE('',#738,#737);
#740=DIRECTION('',(0.E0,1.E0,0.E0));
#741=VECTOR('',#740,1.355E0);
#742=CARTESIAN_POINT('',(-7.18E0,1.82E0,-4.955E0));
#743=LINE('',#742,#741);
#744=DIRECTION('',(0.E0,1.E0,0.E0));
#745=VECTOR('',#744,2.2E-1);
#746=CARTESIAN_POINT('',(-7.18E0,1.6E0,-4.955E0));
#747=LINE('',#746,#745);
#748=DIRECTION('',(0.E0,1.E0,0.E0));
#749=VECTOR('',#748,1.355E0);
#750=CARTESIAN_POINT('',(-7.82E0,1.82E0,-4.955E0));
#751=LINE('',#750,#749);
#752=DIRECTION('',(1.E0,0.E0,0.E0));
#753=VECTOR('',#752,1.505E0);
#754=CARTESIAN_POINT('',(-9.325E0,3.175E0,-4.955E0));
#755=LINE('',#754,#753);
#756=DIRECTION('',(0.E0,1.E0,0.E0));
#757=VECTOR('',#756,2.55E-1);
#758=CARTESIAN_POINT('',(-9.325E0,3.175E0,-4.955E0));
#759=LINE('',#758,#757);
#760=DIRECTION('',(-1.E0,0.E0,0.E0));
#761=VECTOR('',#760,1.75E0);
#762=CARTESIAN_POINT('',(-9.325E0,3.43E0,-4.955E0));
#763=LINE('',#762,#761);
#764=DIRECTION('',(0.E0,1.E0,0.E0));
#765=VECTOR('',#764,2.2E-1);
#766=CARTESIAN_POINT('',(-7.82E0,1.6E0,-4.955E0));
#767=LINE('',#766,#765);
#768=DIRECTION('',(0.E0,0.E0,1.E0));
#769=VECTOR('',#768,6.E-1);
#770=CARTESIAN_POINT('',(1.1075E1,1.E0,-4.285E0));
#771=LINE('',#770,#769);
#772=DIRECTION('',(0.E0,-1.E0,0.E0));
#773=VECTOR('',#772,2.E0);
#774=CARTESIAN_POINT('',(1.1075E1,1.E0,-3.685E0));
#775=LINE('',#774,#773);
#776=DIRECTION('',(0.E0,0.E0,-1.E0));
#777=VECTOR('',#776,6.E-1);
#778=CARTESIAN_POINT('',(1.1075E1,-1.E0,-3.685E0));
#779=LINE('',#778,#777);
#780=DIRECTION('',(0.E0,1.E0,0.E0));
#781=VECTOR('',#780,1.78E0);
#782=CARTESIAN_POINT('',(1.1075E1,-2.78E0,-4.285E0));
#783=LINE('',#782,#781);
#784=DIRECTION('',(0.E0,0.E0,1.E0));
#785=VECTOR('',#784,6.7E-1);
#786=CARTESIAN_POINT('',(1.1075E1,-2.78E0,-4.955E0));
#787=LINE('',#786,#785);
#788=DIRECTION('',(0.E0,1.E0,0.E0));
#789=VECTOR('',#788,1.16E0);
#790=CARTESIAN_POINT('',(1.1075E1,-3.94E0,-4.955E0));
#791=LINE('',#790,#789);
#792=DIRECTION('',(0.E0,0.E0,-1.E0));
#793=VECTOR('',#792,1.6E0);
#794=CARTESIAN_POINT('',(1.1075E1,-3.94E0,-3.355E0));
#795=LINE('',#794,#793);
#796=DIRECTION('',(0.E0,-1.E0,0.E0));
#797=VECTOR('',#796,7.37E0);
#798=CARTESIAN_POINT('',(1.1075E1,3.43E0,-3.355E0));
#799=LINE('',#798,#797);
#800=DIRECTION('',(0.E0,0.E0,1.E0));
#801=VECTOR('',#800,1.6E0);
#802=CARTESIAN_POINT('',(1.1075E1,3.43E0,-4.955E0));
#803=LINE('',#802,#801);
#804=DIRECTION('',(0.E0,1.E0,0.E0));
#805=VECTOR('',#804,1.83E0);
#806=CARTESIAN_POINT('',(1.1075E1,1.6E0,-4.955E0));
#807=LINE('',#806,#805);
#808=DIRECTION('',(0.E0,0.E0,-1.E0));
#809=VECTOR('',#808,6.7E-1);
#810=CARTESIAN_POINT('',(1.1075E1,1.6E0,-4.285E0));
#811=LINE('',#810,#809);
#812=DIRECTION('',(0.E0,1.E0,0.E0));
#813=VECTOR('',#812,6.E-1);
#814=CARTESIAN_POINT('',(1.1075E1,1.E0,-4.285E0));
#815=LINE('',#814,#813);
#816=DIRECTION('',(0.E0,0.E0,1.E0));
#817=VECTOR('',#816,6.E-1);
#818=CARTESIAN_POINT('',(9.375E0,1.E0,-4.285E0));
#819=LINE('',#818,#817);
#820=DIRECTION('',(0.E0,0.E0,-1.E0));
#821=VECTOR('',#820,6.E-1);
#822=CARTESIAN_POINT('',(9.375E0,-1.E0,-3.685E0));
#823=LINE('',#822,#821);
#824=DIRECTION('',(0.E0,-1.E0,0.E0));
#825=VECTOR('',#824,2.E0);
#826=CARTESIAN_POINT('',(9.375E0,1.E0,-3.685E0));
#827=LINE('',#826,#825);
#828=DIRECTION('',(-1.E0,0.E0,0.E0));
#829=VECTOR('',#828,1.7E0);
#830=CARTESIAN_POINT('',(1.1075E1,-1.E0,-3.685E0));
#831=LINE('',#830,#829);
#832=DIRECTION('',(-1.E0,0.E0,0.E0));
#833=VECTOR('',#832,1.7E0);
#834=CARTESIAN_POINT('',(1.1075E1,1.E0,-3.685E0));
#835=LINE('',#834,#833);
#836=DIRECTION('',(0.E0,0.E0,1.E0));
#837=VECTOR('',#836,6.E-1);
#838=CARTESIAN_POINT('',(-1.1075E1,1.E0,-4.285E0));
#839=LINE('',#838,#837);
#840=DIRECTION('',(0.E0,-1.E0,0.E0));
#841=VECTOR('',#840,6.E-1);
#842=CARTESIAN_POINT('',(-1.1075E1,1.6E0,-4.285E0));
#843=LINE('',#842,#841);
#844=DIRECTION('',(0.E0,0.E0,1.E0));
#845=VECTOR('',#844,6.7E-1);
#846=CARTESIAN_POINT('',(-1.1075E1,1.6E0,-4.955E0));
#847=LINE('',#846,#845);
#848=DIRECTION('',(0.E0,-1.E0,0.E0));
#849=VECTOR('',#848,1.83E0);
#850=CARTESIAN_POINT('',(-1.1075E1,3.43E0,-4.955E0));
#851=LINE('',#850,#849);
#852=DIRECTION('',(0.E0,0.E0,-1.E0));
#853=VECTOR('',#852,1.6E0);
#854=CARTESIAN_POINT('',(-1.1075E1,3.43E0,-3.355E0));
#855=LINE('',#854,#853);
#856=DIRECTION('',(0.E0,1.E0,0.E0));
#857=VECTOR('',#856,7.37E0);
#858=CARTESIAN_POINT('',(-1.1075E1,-3.94E0,-3.355E0));
#859=LINE('',#858,#857);
#860=DIRECTION('',(0.E0,0.E0,1.E0));
#861=VECTOR('',#860,1.6E0);
#862=CARTESIAN_POINT('',(-1.1075E1,-3.94E0,-4.955E0));
#863=LINE('',#862,#861);
#864=DIRECTION('',(0.E0,-1.E0,0.E0));
#865=VECTOR('',#864,1.16E0);
#866=CARTESIAN_POINT('',(-1.1075E1,-2.78E0,-4.955E0));
#867=LINE('',#866,#865);
#868=DIRECTION('',(0.E0,0.E0,-1.E0));
#869=VECTOR('',#868,6.7E-1);
#870=CARTESIAN_POINT('',(-1.1075E1,-2.78E0,-4.285E0));
#871=LINE('',#870,#869);
#872=DIRECTION('',(0.E0,-1.E0,0.E0));
#873=VECTOR('',#872,1.78E0);
#874=CARTESIAN_POINT('',(-1.1075E1,-1.E0,-4.285E0));
#875=LINE('',#874,#873);
#876=DIRECTION('',(0.E0,0.E0,-1.E0));
#877=VECTOR('',#876,6.E-1);
#878=CARTESIAN_POINT('',(-1.1075E1,-1.E0,-3.685E0));
#879=LINE('',#878,#877);
#880=DIRECTION('',(0.E0,-1.E0,0.E0));
#881=VECTOR('',#880,2.E0);
#882=CARTESIAN_POINT('',(-1.1075E1,1.E0,-3.685E0));
#883=LINE('',#882,#881);
#884=DIRECTION('',(1.E0,0.E0,0.E0));
#885=VECTOR('',#884,1.7E0);
#886=CARTESIAN_POINT('',(-1.1075E1,1.E0,-3.685E0));
#887=LINE('',#886,#885);
#888=DIRECTION('',(1.E0,0.E0,0.E0));
#889=VECTOR('',#888,1.7E0);
#890=CARTESIAN_POINT('',(-1.1075E1,-1.E0,-3.685E0));
#891=LINE('',#890,#889);
#892=DIRECTION('',(0.E0,0.E0,1.E0));
#893=VECTOR('',#892,6.E-1);
#894=CARTESIAN_POINT('',(-9.375E0,1.E0,-4.285E0));
#895=LINE('',#894,#893);
#896=DIRECTION('',(0.E0,-1.E0,0.E0));
#897=VECTOR('',#896,2.E0);
#898=CARTESIAN_POINT('',(-9.375E0,1.E0,-3.685E0));
#899=LINE('',#898,#897);
#900=DIRECTION('',(0.E0,0.E0,-1.E0));
#901=VECTOR('',#900,6.E-1);
#902=CARTESIAN_POINT('',(-9.375E0,-1.E0,-3.685E0));
#903=LINE('',#902,#901);
#904=DIRECTION('',(0.E0,0.E0,-1.E0));
#905=VECTOR('',#904,3.16E0);
#906=CARTESIAN_POINT('',(-7.E-1,3.43E0,4.415E0));
#907=LINE('',#906,#905);
#908=DIRECTION('',(1.E0,0.E0,0.E0));
#909=VECTOR('',#908,1.4E0);
#910=CARTESIAN_POINT('',(-7.E-1,3.43E0,4.415E0));
#911=LINE('',#910,#909);
#912=DIRECTION('',(0.E0,0.E0,-1.E0));
#913=VECTOR('',#912,3.16E0);
#914=CARTESIAN_POINT('',(7.E-1,3.43E0,4.415E0));
#915=LINE('',#914,#913);
#916=DIRECTION('',(1.E0,0.E0,0.E0));
#917=VECTOR('',#916,1.4E0);
#918=CARTESIAN_POINT('',(-7.E-1,3.43E0,1.255E0));
#919=LINE('',#918,#917);
#920=DIRECTION('',(0.E0,0.E0,1.E0));
#921=VECTOR('',#920,1.85E0);
#922=CARTESIAN_POINT('',(-9.325E0,3.43E0,-4.955E0));
#923=LINE('',#922,#921);
#924=DIRECTION('',(1.E0,0.E0,0.E0));
#925=VECTOR('',#924,1.865E1);
#926=CARTESIAN_POINT('',(-9.325E0,3.43E0,-3.105E0));
#927=LINE('',#926,#925);
#928=DIRECTION('',(0.E0,0.E0,1.E0));
#929=VECTOR('',#928,1.85E0);
#930=CARTESIAN_POINT('',(9.325E0,3.43E0,-4.955E0));
#931=LINE('',#930,#929);
#932=DIRECTION('',(-6.469774481951E-1,0.E0,7.625091353728E-1));
#933=VECTOR('',#932,2.163908500838E0);
#934=CARTESIAN_POINT('',(1.0825E1,3.43E0,3.305E0));
#935=LINE('',#934,#933);
#936=DIRECTION('',(-6.469774481951E-1,0.E0,-7.625091353728E-1));
#937=VECTOR('',#936,2.163908500838E0);
#938=CARTESIAN_POINT('',(-9.425E0,3.43E0,4.955E0));
#939=LINE('',#938,#937);
#940=DIRECTION('',(-1.E0,0.E0,0.E0));
#941=VECTOR('',#940,2.5E-1);
#942=CARTESIAN_POINT('',(-1.0825E1,3.43E0,-3.355E0));
#943=LINE('',#942,#941);
#944=CARTESIAN_POINT('',(-7.E-1,4.18E0,1.255E0));
#945=DIRECTION('',(-1.E0,0.E0,0.E0));
#946=DIRECTION('',(0.E0,-1.E0,0.E0));
#947=AXIS2_PLACEMENT_3D('',#944,#945,#946);
#949=DIRECTION('',(0.E0,1.E0,0.E0));
#950=VECTOR('',#949,6.5E-1);
#951=CARTESIAN_POINT('',(-7.E-1,4.18E0,2.005E0));
#952=LINE('',#951,#950);
#953=DIRECTION('',(0.E0,0.E0,1.E0));
#954=VECTOR('',#953,7.5E-1);
#955=CARTESIAN_POINT('',(-7.E-1,4.83E0,2.005E0));
#956=LINE('',#955,#954);
#957=DIRECTION('',(0.E0,-6.447027996602E-1,7.644333195971E-1));
#958=VECTOR('',#957,2.171543230056E0);
#959=CARTESIAN_POINT('',(-7.E-1,4.83E0,2.755E0));
#960=LINE('',#959,#958);
#961=DIRECTION('',(0.E0,-6.447027996602E-1,7.644333195971E-1));
#962=VECTOR('',#961,2.171543230056E0);
#963=CARTESIAN_POINT('',(7.E-1,4.83E0,2.755E0));
#964=LINE('',#963,#962);
#965=DIRECTION('',(0.E0,0.E0,1.E0));
#966=VECTOR('',#965,7.5E-1);
#967=CARTESIAN_POINT('',(7.E-1,4.83E0,2.005E0));
#968=LINE('',#967,#966);
#969=DIRECTION('',(0.E0,1.E0,0.E0));
#970=VECTOR('',#969,6.5E-1);
#971=CARTESIAN_POINT('',(7.E-1,4.18E0,2.005E0));
#972=LINE('',#971,#970);
#973=CARTESIAN_POINT('',(7.E-1,4.18E0,1.255E0));
#974=DIRECTION('',(-1.E0,0.E0,0.E0));
#975=DIRECTION('',(0.E0,-1.E0,0.E0));
#976=AXIS2_PLACEMENT_3D('',#973,#974,#975);
#978=DIRECTION('',(1.E0,0.E0,0.E0));
#979=VECTOR('',#978,1.4E0);
#980=CARTESIAN_POINT('',(-7.E-1,4.83E0,2.755E0));
#981=LINE('',#980,#979);
#982=DIRECTION('',(1.E0,0.E0,0.E0));
#983=VECTOR('',#982,1.4E0);
#984=CARTESIAN_POINT('',(-7.E-1,4.83E0,2.005E0));
#985=LINE('',#984,#983);
#986=DIRECTION('',(1.E0,0.E0,0.E0));
#987=VECTOR('',#986,1.4E0);
#988=CARTESIAN_POINT('',(-7.E-1,4.18E0,2.005E0));
#989=LINE('',#988,#987);
#990=DIRECTION('',(0.E0,-1.E0,0.E0));
#991=VECTOR('',#990,2.55E-1);
#992=CARTESIAN_POINT('',(-9.325E0,3.43E0,-3.105E0));
#993=LINE('',#992,#991);
#994=DIRECTION('',(0.E0,-1.E0,0.E0));
#995=VECTOR('',#994,2.55E-1);
#996=CARTESIAN_POINT('',(9.325E0,3.43E0,-3.105E0));
#997=LINE('',#996,#995);
#998=DIRECTION('',(0.E0,1.E0,0.E0));
#999=VECTOR('',#998,5.1E-1);
#1000=CARTESIAN_POINT('',(9.875E0,-3.94E0,-3.355E0));
#1001=LINE('',#1000,#999);
#1002=DIRECTION('',(-8.849182223820E-1,-4.657464328326E-1,0.E0));
#1003=VECTOR('',#1002,1.073545527679E0);
#1004=CARTESIAN_POINT('',(1.0825E1,-2.93E0,-3.355E0));
#1005=LINE('',#1004,#1003);
#1006=DIRECTION('',(1.E0,0.E0,0.E0));
#1007=VECTOR('',#1006,2.5E-1);
#1008=CARTESIAN_POINT('',(1.0825E1,3.43E0,-3.355E0));
#1009=LINE('',#1008,#1007);
#1010=DIRECTION('',(-1.E0,0.E0,0.E0));
#1011=VECTOR('',#1010,1.2E0);
#1012=CARTESIAN_POINT('',(1.1075E1,-3.94E0,-3.355E0));
#1013=LINE('',#1012,#1011);
#1014=DIRECTION('',(0.E0,1.E0,0.E0));
#1015=VECTOR('',#1014,5.1E-1);
#1016=CARTESIAN_POINT('',(-9.875E0,-3.94E0,-3.355E0));
#1017=LINE('',#1016,#1015);
#1018=DIRECTION('',(-1.E0,0.E0,0.E0));
#1019=VECTOR('',#1018,1.2E0);
#1020=CARTESIAN_POINT('',(-9.875E0,-3.94E0,-3.355E0));
#1021=LINE('',#1020,#1019);
#1022=DIRECTION('',(-8.849182223820E-1,4.657464328326E-1,0.E0));
#1023=VECTOR('',#1022,1.073545527679E0);
#1024=CARTESIAN_POINT('',(-9.875E0,-3.43E0,-3.355E0));
#1025=LINE('',#1024,#1023);
#1026=DIRECTION('',(0.E0,0.E0,-1.E0));
#1027=VECTOR('',#1026,1.6E0);
#1028=CARTESIAN_POINT('',(9.875E0,-3.94E0,-3.355E0));
#1029=LINE('',#1028,#1027);
#1030=DIRECTION('',(-1.E0,0.E0,0.E0));
#1031=VECTOR('',#1030,1.2E0);
#1032=CARTESIAN_POINT('',(1.1075E1,-3.94E0,-4.955E0));
#1033=LINE('',#1032,#1031);
#1034=DIRECTION('',(0.E0,0.E0,-1.E0));
#1035=VECTOR('',#1034,1.6E0);
#1036=CARTESIAN_POINT('',(-9.875E0,-3.94E0,-3.355E0));
#1037=LINE('',#1036,#1035);
#1038=DIRECTION('',(-1.E0,0.E0,0.E0));
#1039=VECTOR('',#1038,1.2E0);
#1040=CARTESIAN_POINT('',(-9.875E0,-3.94E0,-4.955E0));
#1041=LINE('',#1040,#1039);
#1042=DIRECTION('',(0.E0,1.E0,0.E0));
#1043=VECTOR('',#1042,1.4E-1);
#1044=CARTESIAN_POINT('',(-7.18E0,-3.43E0,-4.955E0));
#1045=LINE('',#1044,#1043);
#1046=DIRECTION('',(-1.E0,0.E0,0.E0));
#1047=VECTOR('',#1046,2.36E0);
#1048=CARTESIAN_POINT('',(-4.82E0,-3.43E0,-4.955E0));
#1049=LINE('',#1048,#1047);
#1050=DIRECTION('',(0.E0,1.E0,0.E0));
#1051=VECTOR('',#1050,1.4E-1);
#1052=CARTESIAN_POINT('',(-4.82E0,-3.43E0,-4.955E0));
#1053=LINE('',#1052,#1051);
#1054=DIRECTION('',(1.E0,0.E0,0.E0));
#1055=VECTOR('',#1054,6.4E-1);
#1056=CARTESIAN_POINT('',(-4.82E0,-3.29E0,-4.955E0));
#1057=LINE('',#1056,#1055);
#1058=DIRECTION('',(0.E0,1.E0,0.E0));
#1059=VECTOR('',#1058,1.4E-1);
#1060=CARTESIAN_POINT('',(-4.18E0,-3.43E0,-4.955E0));
#1061=LINE('',#1060,#1059);
#1062=DIRECTION('',(-1.E0,0.E0,0.E0));
#1063=VECTOR('',#1062,2.36E0);
#1064=CARTESIAN_POINT('',(-1.82E0,-3.43E0,-4.955E0));
#1065=LINE('',#1064,#1063);
#1066=DIRECTION('',(0.E0,1.E0,0.E0));
#1067=VECTOR('',#1066,1.4E-1);
#1068=CARTESIAN_POINT('',(-1.82E0,-3.43E0,-4.955E0));
#1069=LINE('',#1068,#1067);
#1070=DIRECTION('',(1.E0,0.E0,0.E0));
#1071=VECTOR('',#1070,6.4E-1);
#1072=CARTESIAN_POINT('',(-1.82E0,-3.29E0,-4.955E0));
#1073=LINE('',#1072,#1071);
#1074=DIRECTION('',(0.E0,1.E0,0.E0));
#1075=VECTOR('',#1074,1.4E-1);
#1076=CARTESIAN_POINT('',(-1.18E0,-3.43E0,-4.955E0));
#1077=LINE('',#1076,#1075);
#1078=DIRECTION('',(-1.E0,0.E0,0.E0));
#1079=VECTOR('',#1078,2.36E0);
#1080=CARTESIAN_POINT('',(1.18E0,-3.43E0,-4.955E0));
#1081=LINE('',#1080,#1079);
#1082=DIRECTION('',(0.E0,1.E0,0.E0));
#1083=VECTOR('',#1082,1.4E-1);
#1084=CARTESIAN_POINT('',(1.18E0,-3.43E0,-4.955E0));
#1085=LINE('',#1084,#1083);
#1086=DIRECTION('',(1.E0,0.E0,0.E0));
#1087=VECTOR('',#1086,6.4E-1);
#1088=CARTESIAN_POINT('',(1.18E0,-3.29E0,-4.955E0));
#1089=LINE('',#1088,#1087);
#1090=DIRECTION('',(0.E0,1.E0,0.E0));
#1091=VECTOR('',#1090,1.4E-1);
#1092=CARTESIAN_POINT('',(1.82E0,-3.43E0,-4.955E0));
#1093=LINE('',#1092,#1091);
#1094=DIRECTION('',(-1.E0,0.E0,0.E0));
#1095=VECTOR('',#1094,2.36E0);
#1096=CARTESIAN_POINT('',(4.18E0,-3.43E0,-4.955E0));
#1097=LINE('',#1096,#1095);
#1098=DIRECTION('',(0.E0,1.E0,0.E0));
#1099=VECTOR('',#1098,1.4E-1);
#1100=CARTESIAN_POINT('',(4.18E0,-3.43E0,-4.955E0));
#1101=LINE('',#1100,#1099);
#1102=DIRECTION('',(1.E0,0.E0,0.E0));
#1103=VECTOR('',#1102,6.4E-1);
#1104=CARTESIAN_POINT('',(4.18E0,-3.29E0,-4.955E0));
#1105=LINE('',#1104,#1103);
#1106=DIRECTION('',(0.E0,1.E0,0.E0));
#1107=VECTOR('',#1106,1.4E-1);
#1108=CARTESIAN_POINT('',(4.82E0,-3.43E0,-4.955E0));
#1109=LINE('',#1108,#1107);
#1110=DIRECTION('',(-1.E0,0.E0,0.E0));
#1111=VECTOR('',#1110,2.36E0);
#1112=CARTESIAN_POINT('',(7.18E0,-3.43E0,-4.955E0));
#1113=LINE('',#1112,#1111);
#1114=DIRECTION('',(0.E0,1.E0,0.E0));
#1115=VECTOR('',#1114,1.4E-1);
#1116=CARTESIAN_POINT('',(7.18E0,-3.43E0,-4.955E0));
#1117=LINE('',#1116,#1115);
#1118=DIRECTION('',(1.E0,0.E0,0.E0));
#1119=VECTOR('',#1118,6.4E-1);
#1120=CARTESIAN_POINT('',(7.18E0,-3.29E0,-4.955E0));
#1121=LINE('',#1120,#1119);
#1122=DIRECTION('',(0.E0,1.E0,0.E0));
#1123=VECTOR('',#1122,1.4E-1);
#1124=CARTESIAN_POINT('',(7.82E0,-3.43E0,-4.955E0));
#1125=LINE('',#1124,#1123);
#1126=DIRECTION('',(-1.E0,0.E0,0.E0));
#1127=VECTOR('',#1126,2.055E0);
#1128=CARTESIAN_POINT('',(9.875E0,-3.43E0,-4.955E0));
#1129=LINE('',#1128,#1127);
#1130=DIRECTION('',(0.E0,1.E0,0.E0));
#1131=VECTOR('',#1130,5.1E-1);
#1132=CARTESIAN_POINT('',(9.875E0,-3.94E0,-4.955E0));
#1133=LINE('',#1132,#1131);
#1134=DIRECTION('',(-1.E0,0.E0,0.E0));
#1135=VECTOR('',#1134,2.215E1);
#1136=CARTESIAN_POINT('',(1.1075E1,-2.78E0,-4.955E0));
#1137=LINE('',#1136,#1135);
#1138=DIRECTION('',(0.E0,1.E0,0.E0));
#1139=VECTOR('',#1138,5.1E-1);
#1140=CARTESIAN_POINT('',(-9.875E0,-3.94E0,-4.955E0));
#1141=LINE('',#1140,#1139);
#1142=DIRECTION('',(-1.E0,0.E0,0.E0));
#1143=VECTOR('',#1142,2.055E0);
#1144=CARTESIAN_POINT('',(-7.82E0,-3.43E0,-4.955E0));
#1145=LINE('',#1144,#1143);
#1146=DIRECTION('',(0.E0,1.E0,0.E0));
#1147=VECTOR('',#1146,1.4E-1);
#1148=CARTESIAN_POINT('',(-7.82E0,-3.43E0,-4.955E0));
#1149=LINE('',#1148,#1147);
#1150=DIRECTION('',(1.E0,0.E0,0.E0));
#1151=VECTOR('',#1150,6.4E-1);
#1152=CARTESIAN_POINT('',(-7.82E0,-3.29E0,-4.955E0));
#1153=LINE('',#1152,#1151);
#1154=DIRECTION('',(0.E0,0.E0,1.E0));
#1155=VECTOR('',#1154,4.7E-1);
#1156=CARTESIAN_POINT('',(-7.18E0,-3.29E0,-5.425E0));
#1157=LINE('',#1156,#1155);
#1158=CARTESIAN_POINT('',(-7.18E0,-3.61E0,-5.425E0));
#1159=DIRECTION('',(1.E0,0.E0,0.E0));
#1160=DIRECTION('',(0.E0,-1.E0,0.E0));
#1161=AXIS2_PLACEMENT_3D('',#1158,#1159,#1160);
#1163=DIRECTION('',(0.E0,0.E0,-1.E0));
#1164=VECTOR('',#1163,1.68E0);
#1165=CARTESIAN_POINT('',(-7.18E0,-3.93E0,-3.745E0));
#1166=LINE('',#1165,#1164);
#1167=DIRECTION('',(0.E0,-1.E0,0.E0));
#1168=VECTOR('',#1167,5.E-1);
#1169=CARTESIAN_POINT('',(-7.18E0,-3.43E0,-3.745E0));
#1170=LINE('',#1169,#1168);
#1171=DIRECTION('',(0.E0,0.E0,1.E0));
#1172=VECTOR('',#1171,6.7E-1);
#1173=CARTESIAN_POINT('',(-7.18E0,3.2E-1,-4.955E0));
#1174=LINE('',#1173,#1172);
#1175=DIRECTION('',(0.E0,1.E0,0.E0));
#1176=VECTOR('',#1175,6.4E-1);
#1177=CARTESIAN_POINT('',(-7.18E0,-3.2E-1,-4.955E0));
#1178=LINE('',#1177,#1176);
#1179=DIRECTION('',(0.E0,0.E0,-1.E0));
#1180=VECTOR('',#1179,6.7E-1);
#1181=CARTESIAN_POINT('',(-7.18E0,-3.2E-1,-4.285E0));
#1182=LINE('',#1181,#1180);
#1183=DIRECTION('',(0.E0,0.E0,1.E0));
#1184=VECTOR('',#1183,1.95E0);
#1185=CARTESIAN_POINT('',(-7.18E0,1.82E0,-6.905E0));
#1186=LINE('',#1185,#1184);
#1187=DIRECTION('',(0.E0,1.E0,0.E0));
#1188=VECTOR('',#1187,1.E0);
#1189=CARTESIAN_POINT('',(-7.18E0,8.2E-1,-6.905E0));
#1190=LINE('',#1189,#1188);
#1191=DIRECTION('',(0.E0,9.038807571657E-1,4.277844981127E-1));
#1192=VECTOR('',#1191,4.547059960528E0);
#1193=CARTESIAN_POINT('',(-7.18E0,-3.29E0,-8.850161763103E0));
#1194=LINE('',#1193,#1192);
#1195=DIRECTION('',(0.E0,0.E0,1.E0));
#1196=VECTOR('',#1195,1.274838236897E0);
#1197=CARTESIAN_POINT('',(-7.18E0,-3.29E0,-1.0125E1));
#1198=LINE('',#1197,#1196);
#1199=CARTESIAN_POINT('',(-7.18E0,-3.61E0,-1.0125E1));
#1200=DIRECTION('',(1.E0,0.E0,0.E0));
#1201=DIRECTION('',(0.E0,-1.E0,0.E0));
#1202=AXIS2_PLACEMENT_3D('',#1199,#1200,#1201);
#1204=DIRECTION('',(0.E0,0.E0,-1.E0));
#1205=VECTOR('',#1204,1.68E0);
#1206=CARTESIAN_POINT('',(-7.18E0,-3.93E0,-8.445E0));
#1207=LINE('',#1206,#1205);
#1208=DIRECTION('',(0.E0,-9.038807571657E-1,-4.277844981127E-1));
#1209=VECTOR('',#1208,5.336867956104E0);
#1210=CARTESIAN_POINT('',(-7.18E0,8.938922490563E-1,-6.161970619905E0));
#1211=LINE('',#1210,#1209);
#1212=CARTESIAN_POINT('',(-7.18E0,6.8E-1,-5.710030241322E0));
#1213=DIRECTION('',(-1.E0,0.E0,0.E0));
#1214=DIRECTION('',(0.E0,1.E0,0.E0));
#1215=AXIS2_PLACEMENT_3D('',#1212,#1213,#1214);
#1217=DIRECTION('',(0.E0,0.E0,-1.E0));
#1218=VECTOR('',#1217,1.425030241322E0);
#1219=CARTESIAN_POINT('',(-7.18E0,1.18E0,-4.285E0));
#1220=LINE('',#1219,#1218);
#1221=DIRECTION('',(0.E0,-1.E0,0.E0));
#1222=VECTOR('',#1221,6.4E-1);
#1223=CARTESIAN_POINT('',(-7.18E0,1.82E0,1.555E0));
#1224=LINE('',#1223,#1222);
#1225=DIRECTION('',(0.E0,0.E0,1.E0));
#1226=VECTOR('',#1225,3.2E0);
#1227=CARTESIAN_POINT('',(-7.18E0,1.82E0,-1.645E0));
#1228=LINE('',#1227,#1226);
#1229=DIRECTION('',(0.E0,0.E0,-1.E0));
#1230=VECTOR('',#1229,3.2E0);
#1231=CARTESIAN_POINT('',(-7.18E0,1.18E0,1.555E0));
#1232=LINE('',#1231,#1230);
#1233=DIRECTION('',(0.E0,-1.E0,0.E0));
#1234=VECTOR('',#1233,6.4E-1);
#1235=CARTESIAN_POINT('',(-7.18E0,-1.18E0,1.555E0));
#1236=LINE('',#1235,#1234);
#1237=DIRECTION('',(0.E0,0.E0,1.E0));
#1238=VECTOR('',#1237,3.2E0);
#1239=CARTESIAN_POINT('',(-7.18E0,-1.18E0,-1.645E0));
#1240=LINE('',#1239,#1238);
#1241=DIRECTION('',(0.E0,0.E0,-1.E0));
#1242=VECTOR('',#1241,3.2E0);
#1243=CARTESIAN_POINT('',(-7.18E0,-1.82E0,1.555E0));
#1244=LINE('',#1243,#1242);
#1245=DIRECTION('',(1.E0,0.E0,0.E0));
#1246=VECTOR('',#1245,1.E0);
#1247=CARTESIAN_POINT('',(-6.85E0,-3.43E0,3.305E0));
#1248=LINE('',#1247,#1246);
#1249=DIRECTION('',(0.E0,0.E0,1.E0));
#1250=VECTOR('',#1249,6.66E0);
#1251=CARTESIAN_POINT('',(-6.85E0,-3.43E0,-3.355E0));
#1252=LINE('',#1251,#1250);
#1253=DIRECTION('',(1.E0,0.E0,0.E0));
#1254=VECTOR('',#1253,1.E0);
#1255=CARTESIAN_POINT('',(-6.85E0,-3.43E0,-3.355E0));
#1256=LINE('',#1255,#1254);
#1257=DIRECTION('',(0.E0,0.E0,1.E0));
#1258=VECTOR('',#1257,6.66E0);
#1259=CARTESIAN_POINT('',(-5.85E0,-3.43E0,-3.355E0));
#1260=LINE('',#1259,#1258);
#1261=DIRECTION('',(1.E0,0.E0,0.E0));
#1262=VECTOR('',#1261,1.E0);
#1263=CARTESIAN_POINT('',(5.85E0,-3.43E0,3.305E0));
#1264=LINE('',#1263,#1262);
#1265=DIRECTION('',(0.E0,0.E0,1.E0));
#1266=VECTOR('',#1265,6.66E0);
#1267=CARTESIAN_POINT('',(5.85E0,-3.43E0,-3.355E0));
#1268=LINE('',#1267,#1266);
#1269=DIRECTION('',(1.E0,0.E0,0.E0));
#1270=VECTOR('',#1269,1.E0);
#1271=CARTESIAN_POINT('',(5.85E0,-3.43E0,-3.355E0));
#1272=LINE('',#1271,#1270);
#1273=DIRECTION('',(0.E0,0.E0,1.E0));
#1274=VECTOR('',#1273,6.66E0);
#1275=CARTESIAN_POINT('',(6.85E0,-3.43E0,-3.355E0));
#1276=LINE('',#1275,#1274);
#1277=DIRECTION('',(1.E0,0.E0,0.E0));
#1278=VECTOR('',#1277,3.5E-1);
#1279=CARTESIAN_POINT('',(-9.775E0,-3.43E0,-2.8E-1));
#1280=LINE('',#1279,#1278);
#1281=DIRECTION('',(0.E0,0.E0,1.E0));
#1282=VECTOR('',#1281,1.27E0);
#1283=CARTESIAN_POINT('',(-9.425E0,-3.43E0,-2.8E-1));
#1284=LINE('',#1283,#1282);
#1285=DIRECTION('',(1.E0,0.E0,0.E0));
#1286=VECTOR('',#1285,3.5E-1);
#1287=CARTESIAN_POINT('',(-9.775E0,-3.43E0,9.9E-1));
#1288=LINE('',#1287,#1286);
#1289=DIRECTION('',(0.E0,0.E0,1.E0));
#1290=VECTOR('',#1289,1.27E0);
#1291=CARTESIAN_POINT('',(-9.775E0,-3.43E0,-2.8E-1));
#1292=LINE('',#1291,#1290);
#1293=DIRECTION('',(1.E0,0.E0,0.E0));
#1294=VECTOR('',#1293,3.5E-1);
#1295=CARTESIAN_POINT('',(9.425E0,-3.43E0,-2.8E-1));
#1296=LINE('',#1295,#1294);
#1297=DIRECTION('',(0.E0,0.E0,1.E0));
#1298=VECTOR('',#1297,1.27E0);
#1299=CARTESIAN_POINT('',(9.775E0,-3.43E0,-2.8E-1));
#1300=LINE('',#1299,#1298);
#1301=DIRECTION('',(1.E0,0.E0,0.E0));
#1302=VECTOR('',#1301,3.5E-1);
#1303=CARTESIAN_POINT('',(9.425E0,-3.43E0,9.9E-1));
#1304=LINE('',#1303,#1302);
#1305=DIRECTION('',(0.E0,0.E0,1.E0));
#1306=VECTOR('',#1305,1.27E0);
#1307=CARTESIAN_POINT('',(9.425E0,-3.43E0,-2.8E-1));
#1308=LINE('',#1307,#1306);
#1309=DIRECTION('',(0.E0,0.E0,1.E0));
#1310=VECTOR('',#1309,6.4E-1);
#1311=CARTESIAN_POINT('',(-9.625E0,-3.43E0,-3.075E0));
#1312=LINE('',#1311,#1310);
#1313=DIRECTION('',(1.E0,0.E0,0.E0));
#1314=VECTOR('',#1313,2.5E-1);
#1315=CARTESIAN_POINT('',(-9.875E0,-3.43E0,-2.435E0));
#1316=LINE('',#1315,#1314);
#1317=DIRECTION('',(0.E0,0.E0,-1.E0));
#1318=VECTOR('',#1317,6.859642857143E0);
#1319=CARTESIAN_POINT('',(-9.875E0,-3.43E0,4.424642857143E0));
#1320=LINE('',#1319,#1318);
#1321=DIRECTION('',(-6.469774481951E-1,0.E0,-7.625091353728E-1));
#1322=VECTOR('',#1321,6.955420181266E-1);
#1323=CARTESIAN_POINT('',(-9.425E0,-3.43E0,4.955E0));
#1324=LINE('',#1323,#1322);
#1325=DIRECTION('',(1.E0,0.E0,0.E0));
#1326=VECTOR('',#1325,1.885E1);
#1327=CARTESIAN_POINT('',(-9.425E0,-3.43E0,4.955E0));
#1328=LINE('',#1327,#1326);
#1329=DIRECTION('',(-6.469774481951E-1,0.E0,7.625091353728E-1));
#1330=VECTOR('',#1329,6.955420181266E-1);
#1331=CARTESIAN_POINT('',(9.875E0,-3.43E0,4.424642857143E0));
#1332=LINE('',#1331,#1330);
#1333=DIRECTION('',(0.E0,0.E0,-1.E0));
#1334=VECTOR('',#1333,6.859642857143E0);
#1335=CARTESIAN_POINT('',(9.875E0,-3.43E0,4.424642857143E0));
#1336=LINE('',#1335,#1334);
#1337=DIRECTION('',(-1.E0,0.E0,0.E0));
#1338=VECTOR('',#1337,2.5E-1);
#1339=CARTESIAN_POINT('',(9.875E0,-3.43E0,-2.435E0));
#1340=LINE('',#1339,#1338);
#1341=DIRECTION('',(0.E0,0.E0,-1.E0));
#1342=VECTOR('',#1341,6.4E-1);
#1343=CARTESIAN_POINT('',(9.625E0,-3.43E0,-2.435E0));
#1344=LINE('',#1343,#1342);
#1345=DIRECTION('',(-1.E0,0.E0,0.E0));
#1346=VECTOR('',#1345,2.5E-1);
#1347=CARTESIAN_POINT('',(9.875E0,-3.43E0,-3.075E0));
#1348=LINE('',#1347,#1346);
#1349=DIRECTION('',(0.E0,0.E0,-1.E0));
#1350=VECTOR('',#1349,2.8E-1);
#1351=CARTESIAN_POINT('',(9.875E0,-3.43E0,-3.075E0));
#1352=LINE('',#1351,#1350);
#1353=DIRECTION('',(0.E0,0.E0,-1.E0));
#1354=VECTOR('',#1353,1.6E0);
#1355=CARTESIAN_POINT('',(9.875E0,-3.43E0,-3.355E0));
#1356=LINE('',#1355,#1354);
#1357=DIRECTION('',(0.E0,0.E0,1.E0));
#1358=VECTOR('',#1357,1.21E0);
#1359=CARTESIAN_POINT('',(7.82E0,-3.43E0,-4.955E0));
#1360=LINE('',#1359,#1358);
#1361=DIRECTION('',(1.E0,0.E0,0.E0));
#1362=VECTOR('',#1361,6.4E-1);
#1363=CARTESIAN_POINT('',(7.18E0,-3.43E0,-3.745E0));
#1364=LINE('',#1363,#1362);
#1365=DIRECTION('',(0.E0,0.E0,1.E0));
#1366=VECTOR('',#1365,1.21E0);
#1367=CARTESIAN_POINT('',(7.18E0,-3.43E0,-4.955E0));
#1368=LINE('',#1367,#1366);
#1369=DIRECTION('',(0.E0,0.E0,1.E0));
#1370=VECTOR('',#1369,1.21E0);
#1371=CARTESIAN_POINT('',(4.82E0,-3.43E0,-4.955E0));
#1372=LINE('',#1371,#1370);
#1373=DIRECTION('',(1.E0,0.E0,0.E0));
#1374=VECTOR('',#1373,6.4E-1);
#1375=CARTESIAN_POINT('',(4.18E0,-3.43E0,-3.745E0));
#1376=LINE('',#1375,#1374);
#1377=DIRECTION('',(0.E0,0.E0,1.E0));
#1378=VECTOR('',#1377,1.21E0);
#1379=CARTESIAN_POINT('',(4.18E0,-3.43E0,-4.955E0));
#1380=LINE('',#1379,#1378);
#1381=DIRECTION('',(0.E0,0.E0,1.E0));
#1382=VECTOR('',#1381,1.21E0);
#1383=CARTESIAN_POINT('',(1.82E0,-3.43E0,-4.955E0));
#1384=LINE('',#1383,#1382);
#1385=DIRECTION('',(1.E0,0.E0,0.E0));
#1386=VECTOR('',#1385,6.4E-1);
#1387=CARTESIAN_POINT('',(1.18E0,-3.43E0,-3.745E0));
#1388=LINE('',#1387,#1386);
#1389=DIRECTION('',(0.E0,0.E0,1.E0));
#1390=VECTOR('',#1389,1.21E0);
#1391=CARTESIAN_POINT('',(1.18E0,-3.43E0,-4.955E0));
#1392=LINE('',#1391,#1390);
#1393=DIRECTION('',(0.E0,0.E0,1.E0));
#1394=VECTOR('',#1393,1.21E0);
#1395=CARTESIAN_POINT('',(-1.18E0,-3.43E0,-4.955E0));
#1396=LINE('',#1395,#1394);
#1397=DIRECTION('',(1.E0,0.E0,0.E0));
#1398=VECTOR('',#1397,6.4E-1);
#1399=CARTESIAN_POINT('',(-1.82E0,-3.43E0,-3.745E0));
#1400=LINE('',#1399,#1398);
#1401=DIRECTION('',(0.E0,0.E0,1.E0));
#1402=VECTOR('',#1401,1.21E0);
#1403=CARTESIAN_POINT('',(-1.82E0,-3.43E0,-4.955E0));
#1404=LINE('',#1403,#1402);
#1405=DIRECTION('',(0.E0,0.E0,1.E0));
#1406=VECTOR('',#1405,1.21E0);
#1407=CARTESIAN_POINT('',(-4.18E0,-3.43E0,-4.955E0));
#1408=LINE('',#1407,#1406);
#1409=DIRECTION('',(1.E0,0.E0,0.E0));
#1410=VECTOR('',#1409,6.4E-1);
#1411=CARTESIAN_POINT('',(-4.82E0,-3.43E0,-3.745E0));
#1412=LINE('',#1411,#1410);
#1413=DIRECTION('',(0.E0,0.E0,1.E0));
#1414=VECTOR('',#1413,1.21E0);
#1415=CARTESIAN_POINT('',(-4.82E0,-3.43E0,-4.955E0));
#1416=LINE('',#1415,#1414);
#1417=DIRECTION('',(0.E0,0.E0,1.E0));
#1418=VECTOR('',#1417,1.21E0);
#1419=CARTESIAN_POINT('',(-7.18E0,-3.43E0,-4.955E0));
#1420=LINE('',#1419,#1418);
#1421=DIRECTION('',(1.E0,0.E0,0.E0));
#1422=VECTOR('',#1421,6.4E-1);
#1423=CARTESIAN_POINT('',(-7.82E0,-3.43E0,-3.745E0));
#1424=LINE('',#1423,#1422);
#1425=DIRECTION('',(0.E0,0.E0,1.E0));
#1426=VECTOR('',#1425,1.21E0);
#1427=CARTESIAN_POINT('',(-7.82E0,-3.43E0,-4.955E0));
#1428=LINE('',#1427,#1426);
#1429=DIRECTION('',(0.E0,0.E0,-1.E0));
#1430=VECTOR('',#1429,2.8E-1);
#1431=CARTESIAN_POINT('',(-9.875E0,-3.43E0,-3.075E0));
#1432=LINE('',#1431,#1430);
#1433=DIRECTION('',(1.E0,0.E0,0.E0));
#1434=VECTOR('',#1433,2.5E-1);
#1435=CARTESIAN_POINT('',(-9.875E0,-3.43E0,-3.075E0));
#1436=LINE('',#1435,#1434);
#1437=DIRECTION('',(0.E0,1.E0,0.E0));
#1438=VECTOR('',#1437,5.E-1);
#1439=CARTESIAN_POINT('',(-5.85E0,-3.93E0,3.305E0));
#1440=LINE('',#1439,#1438);
#1441=DIRECTION('',(1.E0,0.E0,0.E0));
#1442=VECTOR('',#1441,1.E0);
#1443=CARTESIAN_POINT('',(-6.85E0,-3.93E0,3.305E0));
#1444=LINE('',#1443,#1442);
#1445=DIRECTION('',(0.E0,-1.E0,0.E0));
#1446=VECTOR('',#1445,5.E-1);
#1447=CARTESIAN_POINT('',(-6.85E0,-3.43E0,3.305E0));
#1448=LINE('',#1447,#1446);
#1449=DIRECTION('',(0.E0,1.E0,0.E0));
#1450=VECTOR('',#1449,5.E-1);
#1451=CARTESIAN_POINT('',(6.85E0,-3.93E0,3.305E0));
#1452=LINE('',#1451,#1450);
#1453=DIRECTION('',(1.E0,0.E0,0.E0));
#1454=VECTOR('',#1453,1.E0);
#1455=CARTESIAN_POINT('',(5.85E0,-3.93E0,3.305E0));
#1456=LINE('',#1455,#1454);
#1457=DIRECTION('',(0.E0,-1.E0,0.E0));
#1458=VECTOR('',#1457,5.E-1);
#1459=CARTESIAN_POINT('',(5.85E0,-3.43E0,3.305E0));
#1460=LINE('',#1459,#1458);
#1461=DIRECTION('',(0.E0,0.E0,-1.E0));
#1462=VECTOR('',#1461,6.66E0);
#1463=CARTESIAN_POINT('',(-5.85E0,-3.93E0,3.305E0));
#1464=LINE('',#1463,#1462);
#1465=DIRECTION('',(0.E0,-1.E0,0.E0));
#1466=VECTOR('',#1465,5.E-1);
#1467=CARTESIAN_POINT('',(-6.85E0,-3.43E0,-3.355E0));
#1468=LINE('',#1467,#1466);
#1469=DIRECTION('',(1.E0,0.E0,0.E0));
#1470=VECTOR('',#1469,1.E0);
#1471=CARTESIAN_POINT('',(-6.85E0,-3.93E0,-3.355E0));
#1472=LINE('',#1471,#1470);
#1473=DIRECTION('',(0.E0,1.E0,0.E0));
#1474=VECTOR('',#1473,5.E-1);
#1475=CARTESIAN_POINT('',(-5.85E0,-3.93E0,-3.355E0));
#1476=LINE('',#1475,#1474);
#1477=DIRECTION('',(0.E0,-1.E0,0.E0));
#1478=VECTOR('',#1477,5.E-1);
#1479=CARTESIAN_POINT('',(5.85E0,-3.43E0,-3.355E0));
#1480=LINE('',#1479,#1478);
#1481=DIRECTION('',(1.E0,0.E0,0.E0));
#1482=VECTOR('',#1481,1.E0);
#1483=CARTESIAN_POINT('',(5.85E0,-3.93E0,-3.355E0));
#1484=LINE('',#1483,#1482);
#1485=DIRECTION('',(0.E0,1.E0,0.E0));
#1486=VECTOR('',#1485,5.E-1);
#1487=CARTESIAN_POINT('',(6.85E0,-3.93E0,-3.355E0));
#1488=LINE('',#1487,#1486);
#1489=DIRECTION('',(0.E0,0.E0,-1.E0));
#1490=VECTOR('',#1489,6.66E0);
#1491=CARTESIAN_POINT('',(-6.85E0,-3.93E0,3.305E0));
#1492=LINE('',#1491,#1490);
#1493=DIRECTION('',(0.E0,0.E0,-1.E0));
#1494=VECTOR('',#1493,6.66E0);
#1495=CARTESIAN_POINT('',(5.85E0,-3.93E0,3.305E0));
#1496=LINE('',#1495,#1494);
#1497=DIRECTION('',(0.E0,0.E0,-1.E0));
#1498=VECTOR('',#1497,6.66E0);
#1499=CARTESIAN_POINT('',(6.85E0,-3.93E0,3.305E0));
#1500=LINE('',#1499,#1498);
#1501=DIRECTION('',(0.E0,-1.E0,0.E0));
#1502=VECTOR('',#1501,6.E-2);
#1503=CARTESIAN_POINT('',(-9.775E0,-3.43E0,-2.8E-1));
#1504=LINE('',#1503,#1502);
#1505=CARTESIAN_POINT('',(-9.875E0,-3.49E0,-2.8E-1));
#1506=DIRECTION('',(0.E0,0.E0,-1.E0));
#1507=DIRECTION('',(1.E0,0.E0,0.E0));
#1508=AXIS2_PLACEMENT_3D('',#1505,#1506,#1507);
#1510=DIRECTION('',(-1.E0,0.E0,0.E0));
#1511=VECTOR('',#1510,2.95E0);
#1512=CARTESIAN_POINT('',(-9.875E0,-3.59E0,-2.8E-1));
#1513=LINE('',#1512,#1511);
#1514=DIRECTION('',(0.E0,-1.E0,0.E0));
#1515=VECTOR('',#1514,3.5E-1);
#1516=CARTESIAN_POINT('',(-1.2825E1,-3.59E0,-2.8E-1));
#1517=LINE('',#1516,#1515);
#1518=DIRECTION('',(1.E0,0.E0,0.E0));
#1519=VECTOR('',#1518,2.95E0);
#1520=CARTESIAN_POINT('',(-1.2825E1,-3.94E0,-2.8E-1));
#1521=LINE('',#1520,#1519);
#1522=CARTESIAN_POINT('',(-9.875E0,-3.49E0,-2.8E-1));
#1523=DIRECTION('',(0.E0,0.E0,1.E0));
#1524=DIRECTION('',(-1.184237892934E-14,-1.E0,0.E0));
#1525=AXIS2_PLACEMENT_3D('',#1522,#1523,#1524);
#1527=DIRECTION('',(0.E0,1.E0,0.E0));
#1528=VECTOR('',#1527,6.E-2);
#1529=CARTESIAN_POINT('',(-9.425E0,-3.49E0,-2.8E-1));
#1530=LINE('',#1529,#1528);
#1531=DIRECTION('',(0.E0,-1.E0,0.E0));
#1532=VECTOR('',#1531,6.E-2);
#1533=CARTESIAN_POINT('',(9.425E0,-3.43E0,-2.8E-1));
#1534=LINE('',#1533,#1532);
#1535=CARTESIAN_POINT('',(9.875E0,-3.49E0,-2.8E-1));
#1536=DIRECTION('',(0.E0,0.E0,1.E0));
#1537=DIRECTION('',(-1.E0,0.E0,0.E0));
#1538=AXIS2_PLACEMENT_3D('',#1535,#1536,#1537);
#1540=DIRECTION('',(1.E0,0.E0,0.E0));
#1541=VECTOR('',#1540,2.95E0);
#1542=CARTESIAN_POINT('',(9.875E0,-3.94E0,-2.8E-1));
#1543=LINE('',#1542,#1541);
#1544=DIRECTION('',(0.E0,1.E0,0.E0));
#1545=VECTOR('',#1544,3.5E-1);
#1546=CARTESIAN_POINT('',(1.2825E1,-3.94E0,-2.8E-1));
#1547=LINE('',#1546,#1545);
#1548=DIRECTION('',(-1.E0,0.E0,0.E0));
#1549=VECTOR('',#1548,2.95E0);
#1550=CARTESIAN_POINT('',(1.2825E1,-3.59E0,-2.8E-1));
#1551=LINE('',#1550,#1549);
#1552=CARTESIAN_POINT('',(9.875E0,-3.49E0,-2.8E-1));
#1553=DIRECTION('',(0.E0,0.E0,-1.E0));
#1554=DIRECTION('',(-3.552713678800E-14,-1.E0,0.E0));
#1555=AXIS2_PLACEMENT_3D('',#1552,#1553,#1554);
#1557=DIRECTION('',(0.E0,1.E0,0.E0));
#1558=VECTOR('',#1557,6.E-2);
#1559=CARTESIAN_POINT('',(9.775E0,-3.49E0,-2.8E-1));
#1560=LINE('',#1559,#1558);
#1561=DIRECTION('',(0.E0,1.E0,0.E0));
#1562=VECTOR('',#1561,6.E-2);
#1563=CARTESIAN_POINT('',(-9.425E0,-3.49E0,9.9E-1));
#1564=LINE('',#1563,#1562);
#1565=CARTESIAN_POINT('',(-9.875E0,-3.49E0,9.9E-1));
#1566=DIRECTION('',(0.E0,0.E0,1.E0));
#1567=DIRECTION('',(-1.184237892934E-14,-1.E0,0.E0));
#1568=AXIS2_PLACEMENT_3D('',#1565,#1566,#1567);
#1570=DIRECTION('',(1.E0,0.E0,0.E0));
#1571=VECTOR('',#1570,2.95E0);
#1572=CARTESIAN_POINT('',(-1.2825E1,-3.94E0,9.9E-1));
#1573=LINE('',#1572,#1571);
#1574=DIRECTION('',(0.E0,-1.E0,0.E0));
#1575=VECTOR('',#1574,3.5E-1);
#1576=CARTESIAN_POINT('',(-1.2825E1,-3.59E0,9.9E-1));
#1577=LINE('',#1576,#1575);
#1578=DIRECTION('',(-1.E0,0.E0,0.E0));
#1579=VECTOR('',#1578,2.95E0);
#1580=CARTESIAN_POINT('',(-9.875E0,-3.59E0,9.9E-1));
#1581=LINE('',#1580,#1579);
#1582=CARTESIAN_POINT('',(-9.875E0,-3.49E0,9.9E-1));
#1583=DIRECTION('',(0.E0,0.E0,-1.E0));
#1584=DIRECTION('',(1.E0,0.E0,0.E0));
#1585=AXIS2_PLACEMENT_3D('',#1582,#1583,#1584);
#1587=DIRECTION('',(0.E0,-1.E0,0.E0));
#1588=VECTOR('',#1587,6.E-2);
#1589=CARTESIAN_POINT('',(-9.775E0,-3.43E0,9.9E-1));
#1590=LINE('',#1589,#1588);
#1591=DIRECTION('',(0.E0,1.E0,0.E0));
#1592=VECTOR('',#1591,6.E-2);
#1593=CARTESIAN_POINT('',(9.775E0,-3.49E0,9.9E-1));
#1594=LINE('',#1593,#1592);
#1595=CARTESIAN_POINT('',(9.875E0,-3.49E0,9.9E-1));
#1596=DIRECTION('',(0.E0,0.E0,-1.E0));
#1597=DIRECTION('',(-3.552713678800E-14,-1.E0,0.E0));
#1598=AXIS2_PLACEMENT_3D('',#1595,#1596,#1597);
#1600=DIRECTION('',(-1.E0,0.E0,0.E0));
#1601=VECTOR('',#1600,2.95E0);
#1602=CARTESIAN_POINT('',(1.2825E1,-3.59E0,9.9E-1));
#1603=LINE('',#1602,#1601);
#1604=DIRECTION('',(0.E0,1.E0,0.E0));
#1605=VECTOR('',#1604,3.5E-1);
#1606=CARTESIAN_POINT('',(1.2825E1,-3.94E0,9.9E-1));
#1607=LINE('',#1606,#1605);
#1608=DIRECTION('',(1.E0,0.E0,0.E0));
#1609=VECTOR('',#1608,2.95E0);
#1610=CARTESIAN_POINT('',(9.875E0,-3.94E0,9.9E-1));
#1611=LINE('',#1610,#1609);
#1612=CARTESIAN_POINT('',(9.875E0,-3.49E0,9.9E-1));
#1613=DIRECTION('',(0.E0,0.E0,1.E0));
#1614=DIRECTION('',(-1.E0,0.E0,0.E0));
#1615=AXIS2_PLACEMENT_3D('',#1612,#1613,#1614);
#1617=DIRECTION('',(0.E0,-1.E0,0.E0));
#1618=VECTOR('',#1617,6.E-2);
#1619=CARTESIAN_POINT('',(9.425E0,-3.43E0,9.9E-1));
#1620=LINE('',#1619,#1618);
#1621=DIRECTION('',(0.E0,0.E0,1.E0));
#1622=VECTOR('',#1621,1.27E0);
#1623=CARTESIAN_POINT('',(-9.425E0,-3.49E0,-2.8E-1));
#1624=LINE('',#1623,#1622);
#1625=DIRECTION('',(0.E0,0.E0,1.E0));
#1626=VECTOR('',#1625,1.27E0);
#1627=CARTESIAN_POINT('',(-9.875E0,-3.94E0,-2.8E-1));
#1628=LINE('',#1627,#1626);
#1629=DIRECTION('',(0.E0,0.E0,1.E0));
#1630=VECTOR('',#1629,1.27E0);
#1631=CARTESIAN_POINT('',(-1.2825E1,-3.94E0,-2.8E-1));
#1632=LINE('',#1631,#1630);
#1633=DIRECTION('',(0.E0,0.E0,1.E0));
#1634=VECTOR('',#1633,1.27E0);
#1635=CARTESIAN_POINT('',(-1.2825E1,-3.59E0,-2.8E-1));
#1636=LINE('',#1635,#1634);
#1637=DIRECTION('',(0.E0,0.E0,1.E0));
#1638=VECTOR('',#1637,1.27E0);
#1639=CARTESIAN_POINT('',(-9.875E0,-3.59E0,-2.8E-1));
#1640=LINE('',#1639,#1638);
#1641=DIRECTION('',(0.E0,0.E0,1.E0));
#1642=VECTOR('',#1641,1.27E0);
#1643=CARTESIAN_POINT('',(-9.775E0,-3.49E0,-2.8E-1));
#1644=LINE('',#1643,#1642);
#1645=DIRECTION('',(0.E0,0.E0,1.E0));
#1646=VECTOR('',#1645,1.27E0);
#1647=CARTESIAN_POINT('',(9.775E0,-3.49E0,-2.8E-1));
#1648=LINE('',#1647,#1646);
#1649=DIRECTION('',(0.E0,0.E0,1.E0));
#1650=VECTOR('',#1649,1.27E0);
#1651=CARTESIAN_POINT('',(9.875E0,-3.59E0,-2.8E-1));
#1652=LINE('',#1651,#1650);
#1653=DIRECTION('',(0.E0,0.E0,1.E0));
#1654=VECTOR('',#1653,1.27E0);
#1655=CARTESIAN_POINT('',(1.2825E1,-3.59E0,-2.8E-1));
#1656=LINE('',#1655,#1654);
#1657=DIRECTION('',(0.E0,0.E0,1.E0));
#1658=VECTOR('',#1657,1.27E0);
#1659=CARTESIAN_POINT('',(1.2825E1,-3.94E0,-2.8E-1));
#1660=LINE('',#1659,#1658);
#1661=DIRECTION('',(0.E0,0.E0,1.E0));
#1662=VECTOR('',#1661,1.27E0);
#1663=CARTESIAN_POINT('',(9.875E0,-3.94E0,-2.8E-1));
#1664=LINE('',#1663,#1662);
#1665=DIRECTION('',(0.E0,0.E0,1.E0));
#1666=VECTOR('',#1665,1.27E0);
#1667=CARTESIAN_POINT('',(9.425E0,-3.49E0,-2.8E-1));
#1668=LINE('',#1667,#1666);
#1669=CARTESIAN_POINT('',(-9.974428104193E0,-3.41E0,-2.435E0));
#1670=DIRECTION('',(0.E0,0.E0,1.E0));
#1671=DIRECTION('',(0.E0,-1.E0,0.E0));
#1672=AXIS2_PLACEMENT_3D('',#1669,#1670,#1671);
#1674=DIRECTION('',(-1.E0,0.E0,0.E0));
#1675=VECTOR('',#1674,7.605718958069E-1);
#1676=CARTESIAN_POINT('',(-9.974428104193E0,-3.76E0,-2.435E0));
#1677=LINE('',#1676,#1675);
#1678=DIRECTION('',(0.E0,0.E0,1.E0));
#1679=VECTOR('',#1678,6.4E-1);
#1680=CARTESIAN_POINT('',(-9.974428104193E0,-3.76E0,-3.075E0));
#1681=LINE('',#1680,#1679);
#1682=DIRECTION('',(1.E0,0.E0,0.E0));
#1683=VECTOR('',#1682,7.605718958069E-1);
#1684=CARTESIAN_POINT('',(-1.0735E1,-3.76E0,-3.075E0));
#1685=LINE('',#1684,#1683);
#1686=DIRECTION('',(0.E0,0.E0,-1.E0));
#1687=VECTOR('',#1686,6.4E-1);
#1688=CARTESIAN_POINT('',(-1.0735E1,-3.76E0,-2.435E0));
#1689=LINE('',#1688,#1687);
#1690=DIRECTION('',(1.E0,0.E0,0.E0));
#1691=VECTOR('',#1690,7.605718958069E-1);
#1692=CARTESIAN_POINT('',(9.974428104193E0,-3.76E0,-3.075E0));
#1693=LINE('',#1692,#1691);
#1694=DIRECTION('',(0.E0,0.E0,-1.E0));
#1695=VECTOR('',#1694,6.4E-1);
#1696=CARTESIAN_POINT('',(9.974428104193E0,-3.76E0,-2.435E0));
#1697=LINE('',#1696,#1695);
#1698=DIRECTION('',(-1.E0,0.E0,0.E0));
#1699=VECTOR('',#1698,7.605718958069E-1);
#1700=CARTESIAN_POINT('',(1.0735E1,-3.76E0,-2.435E0));
#1701=LINE('',#1700,#1699);
#1702=DIRECTION('',(0.E0,0.E0,1.E0));
#1703=VECTOR('',#1702,6.4E-1);
#1704=CARTESIAN_POINT('',(1.0735E1,-3.76E0,-3.075E0));
#1705=LINE('',#1704,#1703);
#1706=CARTESIAN_POINT('',(-9.974428104193E0,-3.41E0,-3.075E0));
#1707=DIRECTION('',(0.E0,0.E0,-1.E0));
#1708=DIRECTION('',(9.983660119804E-1,-5.714285714286E-2,0.E0));
#1709=AXIS2_PLACEMENT_3D('',#1706,#1707,#1708);
#1711=DIRECTION('',(0.E0,-1.E0,0.E0));
#1712=VECTOR('',#1711,3.3E-1);
#1713=CARTESIAN_POINT('',(-1.0735E1,-3.43E0,-3.075E0));
#1714=LINE('',#1713,#1712);
#1715=DIRECTION('',(-1.E0,0.E0,0.E0));
#1716=VECTOR('',#1715,8.6E-1);
#1717=CARTESIAN_POINT('',(-9.875E0,-3.43E0,-2.435E0));
#1718=LINE('',#1717,#1716);
#1719=DIRECTION('',(0.E0,0.E0,-1.E0));
#1720=VECTOR('',#1719,6.4E-1);
#1721=CARTESIAN_POINT('',(-1.0735E1,-3.43E0,-2.435E0));
#1722=LINE('',#1721,#1720);
#1723=DIRECTION('',(1.E0,0.E0,0.E0));
#1724=VECTOR('',#1723,8.6E-1);
#1725=CARTESIAN_POINT('',(-1.0735E1,-3.43E0,-3.075E0));
#1726=LINE('',#1725,#1724);
#1727=DIRECTION('',(1.E0,0.E0,0.E0));
#1728=VECTOR('',#1727,8.6E-1);
#1729=CARTESIAN_POINT('',(9.875E0,-3.43E0,-3.075E0));
#1730=LINE('',#1729,#1728);
#1731=DIRECTION('',(0.E0,0.E0,1.E0));
#1732=VECTOR('',#1731,6.4E-1);
#1733=CARTESIAN_POINT('',(1.0735E1,-3.43E0,-3.075E0));
#1734=LINE('',#1733,#1732);
#1735=DIRECTION('',(-1.E0,0.E0,0.E0));
#1736=VECTOR('',#1735,8.6E-1);
#1737=CARTESIAN_POINT('',(1.0735E1,-3.43E0,-2.435E0));
#1738=LINE('',#1737,#1736);
#1739=DIRECTION('',(0.E0,0.E0,-1.E0));
#1740=VECTOR('',#1739,6.4E-1);
#1741=CARTESIAN_POINT('',(-9.875E0,-3.43E0,-2.435E0));
#1742=LINE('',#1741,#1740);
#1743=DIRECTION('',(0.E0,0.E0,-1.E0));
#1744=VECTOR('',#1743,3.5E0);
#1745=CARTESIAN_POINT('',(-1.0825E1,-1.1E0,3.305E0));
#1746=LINE('',#1745,#1744);
#1747=DIRECTION('',(0.E0,1.E0,0.E0));
#1748=VECTOR('',#1747,1.31E0);
#1749=CARTESIAN_POINT('',(-1.0825E1,-2.41E0,3.305E0));
#1750=LINE('',#1749,#1748);
#1751=DIRECTION('',(0.E0,-1.E0,0.E0));
#1752=VECTOR('',#1751,5.2E-1);
#1753=CARTESIAN_POINT('',(-1.0825E1,-2.41E0,3.305E0));
#1754=LINE('',#1753,#1752);
#1755=DIRECTION('',(0.E0,0.E0,-1.E0));
#1756=VECTOR('',#1755,6.66E0);
#1757=CARTESIAN_POINT('',(-1.0825E1,-2.93E0,3.305E0));
#1758=LINE('',#1757,#1756);
#1759=DIRECTION('',(0.E0,1.E0,0.E0));
#1760=VECTOR('',#1759,6.36E0);
#1761=CARTESIAN_POINT('',(-1.0825E1,-2.93E0,-3.355E0));
#1762=LINE('',#1761,#1760);
#1763=DIRECTION('',(0.E0,0.E0,1.E0));
#1764=VECTOR('',#1763,6.66E0);
#1765=CARTESIAN_POINT('',(-1.0825E1,3.43E0,-3.355E0));
#1766=LINE('',#1765,#1764);
#1767=DIRECTION('',(0.E0,-1.E0,0.E0));
#1768=VECTOR('',#1767,7.5E-1);
#1769=CARTESIAN_POINT('',(-1.0825E1,3.43E0,3.305E0));
#1770=LINE('',#1769,#1768);
#1771=DIRECTION('',(0.E0,1.E0,0.E0));
#1772=VECTOR('',#1771,1.58E0);
#1773=CARTESIAN_POINT('',(-1.0825E1,1.1E0,3.305E0));
#1774=LINE('',#1773,#1772);
#1775=DIRECTION('',(0.E0,0.E0,-1.E0));
#1776=VECTOR('',#1775,3.5E0);
#1777=CARTESIAN_POINT('',(-1.0825E1,1.1E0,3.305E0));
#1778=LINE('',#1777,#1776);
#1779=DIRECTION('',(0.E0,1.E0,0.E0));
#1780=VECTOR('',#1779,5.25E-1);
#1781=CARTESIAN_POINT('',(-1.0825E1,5.75E-1,-1.95E-1));
#1782=LINE('',#1781,#1780);
#1783=DIRECTION('',(0.E0,0.E0,1.E0));
#1784=VECTOR('',#1783,2.5E0);
#1785=CARTESIAN_POINT('',(-1.0825E1,5.75E-1,-2.695E0));
#1786=LINE('',#1785,#1784);
#1787=DIRECTION('',(0.E0,1.E0,0.E0));
#1788=VECTOR('',#1787,1.15E0);
#1789=CARTESIAN_POINT('',(-1.0825E1,-5.75E-1,-2.695E0));
#1790=LINE('',#1789,#1788);
#1791=DIRECTION('',(0.E0,0.E0,-1.E0));
#1792=VECTOR('',#1791,2.5E0);
#1793=CARTESIAN_POINT('',(-1.0825E1,-5.75E-1,-1.95E-1));
#1794=LINE('',#1793,#1792);
#1795=DIRECTION('',(0.E0,1.E0,0.E0));
#1796=VECTOR('',#1795,5.25E-1);
#1797=CARTESIAN_POINT('',(-1.0825E1,-1.1E0,-1.95E-1));
#1798=LINE('',#1797,#1796);
#1799=DIRECTION('',(1.E0,0.E0,0.E0));
#1800=VECTOR('',#1799,1.4E0);
#1801=CARTESIAN_POINT('',(-1.0825E1,-1.1E0,-1.95E-1));
#1802=LINE('',#1801,#1800);
#1803=DIRECTION('',(0.E0,0.E0,-1.E0));
#1804=VECTOR('',#1803,2.5E-1);
#1805=CARTESIAN_POINT('',(-9.825E0,-5.75E-1,-2.695E0));
#1806=LINE('',#1805,#1804);
#1807=DIRECTION('',(1.E0,0.E0,0.E0));
#1808=VECTOR('',#1807,1.4E0);
#1809=CARTESIAN_POINT('',(-1.0825E1,-5.75E-1,-1.95E-1));
#1810=LINE('',#1809,#1808);
#1811=DIRECTION('',(0.E0,-1.E0,0.E0));
#1812=VECTOR('',#1811,1.75E-1);
#1813=CARTESIAN_POINT('',(-9.825E0,5.75E-1,-2.695E0));
#1814=LINE('',#1813,#1812);
#1815=DIRECTION('',(-1.E0,0.E0,0.E0));
#1816=VECTOR('',#1815,3.E-1);
#1817=CARTESIAN_POINT('',(-9.825E0,4.E-1,-2.695E0));
#1818=LINE('',#1817,#1816);
#1819=DIRECTION('',(0.E0,-1.E0,0.E0));
#1820=VECTOR('',#1819,8.E-1);
#1821=CARTESIAN_POINT('',(-1.0125E1,4.E-1,-2.695E0));
#1822=LINE('',#1821,#1820);
#1823=DIRECTION('',(1.E0,0.E0,0.E0));
#1824=VECTOR('',#1823,3.E-1);
#1825=CARTESIAN_POINT('',(-1.0125E1,-4.E-1,-2.695E0));
#1826=LINE('',#1825,#1824);
#1827=DIRECTION('',(0.E0,1.E0,0.E0));
#1828=VECTOR('',#1827,1.75E-1);
#1829=CARTESIAN_POINT('',(-9.825E0,-5.75E-1,-2.695E0));
#1830=LINE('',#1829,#1828);
#1831=DIRECTION('',(1.E0,0.E0,0.E0));
#1832=VECTOR('',#1831,1.E0);
#1833=CARTESIAN_POINT('',(-1.0825E1,-5.75E-1,-2.695E0));
#1834=LINE('',#1833,#1832);
#1835=DIRECTION('',(0.E0,0.E0,-1.E0));
#1836=VECTOR('',#1835,2.5E-1);
#1837=CARTESIAN_POINT('',(-9.825E0,5.75E-1,-2.695E0));
#1838=LINE('',#1837,#1836);
#1839=DIRECTION('',(0.E0,0.E0,-1.E0));
#1840=VECTOR('',#1839,2.75E0);
#1841=CARTESIAN_POINT('',(-9.425E0,5.75E-1,-1.95E-1));
#1842=LINE('',#1841,#1840);
#1843=DIRECTION('',(1.E0,0.E0,0.E0));
#1844=VECTOR('',#1843,1.E0);
#1845=CARTESIAN_POINT('',(-1.0825E1,5.75E-1,-2.695E0));
#1846=LINE('',#1845,#1844);
#1847=DIRECTION('',(0.E0,0.E0,-1.E0));
#1848=VECTOR('',#1847,2.75E0);
#1849=CARTESIAN_POINT('',(-9.425E0,-5.75E-1,-1.95E-1));
#1850=LINE('',#1849,#1848);
#1851=DIRECTION('',(0.E0,1.E0,0.E0));
#1852=VECTOR('',#1851,5.25E-1);
#1853=CARTESIAN_POINT('',(-9.425E0,5.75E-1,-1.95E-1));
#1854=LINE('',#1853,#1852);
#1855=DIRECTION('',(0.E0,0.E0,1.E0));
#1856=VECTOR('',#1855,3.5E0);
#1857=CARTESIAN_POINT('',(-9.425E0,1.1E0,-1.95E-1));
#1858=LINE('',#1857,#1856);
#1859=DIRECTION('',(0.E0,0.E0,-1.E0));
#1860=VECTOR('',#1859,3.5E0);
#1861=CARTESIAN_POINT('',(-9.425E0,-1.1E0,3.305E0));
#1862=LINE('',#1861,#1860);
#1863=DIRECTION('',(0.E0,1.E0,0.E0));
#1864=VECTOR('',#1863,5.25E-1);
#1865=CARTESIAN_POINT('',(-9.425E0,-1.1E0,-1.95E-1));
#1866=LINE('',#1865,#1864);
#1867=DIRECTION('',(-1.E0,0.E0,0.E0));
#1868=VECTOR('',#1867,4.E-1);
#1869=CARTESIAN_POINT('',(9.825E0,5.75E-1,-2.945E0));
#1870=LINE('',#1869,#1868);
#1871=DIRECTION('',(1.015061051086E-14,1.E0,0.E0));
#1872=VECTOR('',#1871,1.75E-1);
#1873=CARTESIAN_POINT('',(9.825E0,4.E-1,-2.945E0));
#1874=LINE('',#1873,#1872);
#1875=DIRECTION('',(-1.E0,0.E0,0.E0));
#1876=VECTOR('',#1875,3.E-1);
#1877=CARTESIAN_POINT('',(1.0125E1,4.E-1,-2.945E0));
#1878=LINE('',#1877,#1876);
#1879=DIRECTION('',(0.E0,1.E0,0.E0));
#1880=VECTOR('',#1879,8.E-1);
#1881=CARTESIAN_POINT('',(1.0125E1,-4.E-1,-2.945E0));
#1882=LINE('',#1881,#1880);
#1883=DIRECTION('',(1.E0,0.E0,0.E0));
#1884=VECTOR('',#1883,3.E-1);
#1885=CARTESIAN_POINT('',(9.825E0,-4.E-1,-2.945E0));
#1886=LINE('',#1885,#1884);
#1887=DIRECTION('',(0.E0,1.E0,0.E0));
#1888=VECTOR('',#1887,1.75E-1);
#1889=CARTESIAN_POINT('',(9.825E0,-5.75E-1,-2.945E0));
#1890=LINE('',#1889,#1888);
#1891=DIRECTION('',(1.E0,0.E0,0.E0));
#1892=VECTOR('',#1891,4.E-1);
#1893=CARTESIAN_POINT('',(9.425E0,-5.75E-1,-2.945E0));
#1894=LINE('',#1893,#1892);
#1895=DIRECTION('',(0.E0,-1.E0,0.E0));
#1896=VECTOR('',#1895,1.15E0);
#1897=CARTESIAN_POINT('',(9.425E0,5.75E-1,-2.945E0));
#1898=LINE('',#1897,#1896);
#1899=DIRECTION('',(0.E0,-1.E0,0.E0));
#1900=VECTOR('',#1899,1.75E-1);
#1901=CARTESIAN_POINT('',(-9.825E0,5.75E-1,-2.945E0));
#1902=LINE('',#1901,#1900);
#1903=DIRECTION('',(-1.E0,0.E0,0.E0));
#1904=VECTOR('',#1903,4.E-1);
#1905=CARTESIAN_POINT('',(-9.425E0,5.75E-1,-2.945E0));
#1906=LINE('',#1905,#1904);
#1907=DIRECTION('',(0.E0,1.E0,0.E0));
#1908=VECTOR('',#1907,1.15E0);
#1909=CARTESIAN_POINT('',(-9.425E0,-5.75E-1,-2.945E0));
#1910=LINE('',#1909,#1908);
#1911=DIRECTION('',(1.E0,0.E0,0.E0));
#1912=VECTOR('',#1911,4.E-1);
#1913=CARTESIAN_POINT('',(-9.825E0,-5.75E-1,-2.945E0));
#1914=LINE('',#1913,#1912);
#1915=DIRECTION('',(0.E0,-1.E0,0.E0));
#1916=VECTOR('',#1915,1.75E-1);
#1917=CARTESIAN_POINT('',(-9.825E0,-4.E-1,-2.945E0));
#1918=LINE('',#1917,#1916);
#1919=DIRECTION('',(1.E0,0.E0,0.E0));
#1920=VECTOR('',#1919,3.E-1);
#1921=CARTESIAN_POINT('',(-1.0125E1,-4.E-1,-2.945E0));
#1922=LINE('',#1921,#1920);
#1923=DIRECTION('',(0.E0,-1.E0,0.E0));
#1924=VECTOR('',#1923,8.E-1);
#1925=CARTESIAN_POINT('',(-1.0125E1,4.E-1,-2.945E0));
#1926=LINE('',#1925,#1924);
#1927=DIRECTION('',(-1.E0,0.E0,0.E0));
#1928=VECTOR('',#1927,3.E-1);
#1929=CARTESIAN_POINT('',(-9.825E0,4.E-1,-2.945E0));
#1930=LINE('',#1929,#1928);
#1931=DIRECTION('',(-1.E0,0.E0,0.E0));
#1932=VECTOR('',#1931,1.E0);
#1933=CARTESIAN_POINT('',(1.0825E1,5.75E-1,-2.695E0));
#1934=LINE('',#1933,#1932);
#1935=DIRECTION('',(0.E0,0.E0,-1.E0));
#1936=VECTOR('',#1935,2.5E-1);
#1937=CARTESIAN_POINT('',(9.825E0,5.75E-1,-2.695E0));
#1938=LINE('',#1937,#1936);
#1939=DIRECTION('',(0.E0,1.E0,0.E0));
#1940=VECTOR('',#1939,1.75E-1);
#1941=CARTESIAN_POINT('',(9.825E0,-5.75E-1,-2.695E0));
#1942=LINE('',#1941,#1940);
#1943=DIRECTION('',(1.E0,0.E0,0.E0));
#1944=VECTOR('',#1943,3.E-1);
#1945=CARTESIAN_POINT('',(9.825E0,-4.E-1,-2.695E0));
#1946=LINE('',#1945,#1944);
#1947=DIRECTION('',(0.E0,1.E0,0.E0));
#1948=VECTOR('',#1947,8.E-1);
#1949=CARTESIAN_POINT('',(1.0125E1,-4.E-1,-2.695E0));
#1950=LINE('',#1949,#1948);
#1951=DIRECTION('',(-1.E0,0.E0,0.E0));
#1952=VECTOR('',#1951,3.E-1);
#1953=CARTESIAN_POINT('',(1.0125E1,4.E-1,-2.695E0));
#1954=LINE('',#1953,#1952);
#1955=DIRECTION('',(0.E0,-1.E0,0.E0));
#1956=VECTOR('',#1955,1.75E-1);
#1957=CARTESIAN_POINT('',(9.825E0,5.75E-1,-2.695E0));
#1958=LINE('',#1957,#1956);
#1959=DIRECTION('',(-1.E0,0.E0,0.E0));
#1960=VECTOR('',#1959,1.E0);
#1961=CARTESIAN_POINT('',(1.0825E1,-5.75E-1,-2.695E0));
#1962=LINE('',#1961,#1960);
#1963=DIRECTION('',(0.E0,0.E0,-1.E0));
#1964=VECTOR('',#1963,2.5E-1);
#1965=CARTESIAN_POINT('',(9.825E0,-5.75E-1,-2.695E0));
#1966=LINE('',#1965,#1964);
#1967=DIRECTION('',(0.E0,0.E0,-1.E0));
#1968=VECTOR('',#1967,2.75E0);
#1969=CARTESIAN_POINT('',(9.425E0,-5.75E-1,-1.95E-1));
#1970=LINE('',#1969,#1968);
#1971=DIRECTION('',(-1.E0,0.E0,0.E0));
#1972=VECTOR('',#1971,1.4E0);
#1973=CARTESIAN_POINT('',(1.0825E1,-5.75E-1,-1.95E-1));
#1974=LINE('',#1973,#1972);
#1975=DIRECTION('',(0.E0,0.E0,-1.E0));
#1976=VECTOR('',#1975,2.75E0);
#1977=CARTESIAN_POINT('',(9.425E0,5.75E-1,-1.95E-1));
#1978=LINE('',#1977,#1976);
#1979=DIRECTION('',(0.E0,1.E0,0.E0));
#1980=VECTOR('',#1979,5.25E-1);
#1981=CARTESIAN_POINT('',(9.425E0,-1.1E0,-1.95E-1));
#1982=LINE('',#1981,#1980);
#1983=DIRECTION('',(0.E0,0.E0,-1.E0));
#1984=VECTOR('',#1983,3.5E0);
#1985=CARTESIAN_POINT('',(9.425E0,-1.1E0,3.305E0));
#1986=LINE('',#1985,#1984);
#1987=DIRECTION('',(0.E0,-1.E0,0.E0));
#1988=VECTOR('',#1987,1.31E0);
#1989=CARTESIAN_POINT('',(9.425E0,-1.1E0,3.305E0));
#1990=LINE('',#1989,#1988);
#1991=DIRECTION('',(0.E0,-1.E0,0.E0));
#1992=VECTOR('',#1991,1.58E0);
#1993=CARTESIAN_POINT('',(9.425E0,2.68E0,3.305E0));
#1994=LINE('',#1993,#1992);
#1995=DIRECTION('',(0.E0,0.E0,1.E0));
#1996=VECTOR('',#1995,3.5E0);
#1997=CARTESIAN_POINT('',(9.425E0,1.1E0,-1.95E-1));
#1998=LINE('',#1997,#1996);
#1999=DIRECTION('',(0.E0,1.E0,0.E0));
#2000=VECTOR('',#1999,5.25E-1);
#2001=CARTESIAN_POINT('',(9.425E0,5.75E-1,-1.95E-1));
#2002=LINE('',#2001,#2000);
#2003=DIRECTION('',(-1.E0,0.E0,0.E0));
#2004=VECTOR('',#2003,1.4E0);
#2005=CARTESIAN_POINT('',(1.0825E1,-1.1E0,-1.95E-1));
#2006=LINE('',#2005,#2004);
#2007=DIRECTION('',(0.E0,0.E0,-1.E0));
#2008=VECTOR('',#2007,3.5E0);
#2009=CARTESIAN_POINT('',(1.0825E1,-1.1E0,3.305E0));
#2010=LINE('',#2009,#2008);
#2011=DIRECTION('',(0.E0,1.E0,0.E0));
#2012=VECTOR('',#2011,5.25E-1);
#2013=CARTESIAN_POINT('',(1.0825E1,-1.1E0,-1.95E-1));
#2014=LINE('',#2013,#2012);
#2015=DIRECTION('',(0.E0,0.E0,-1.E0));
#2016=VECTOR('',#2015,2.5E0);
#2017=CARTESIAN_POINT('',(1.0825E1,-5.75E-1,-1.95E-1));
#2018=LINE('',#2017,#2016);
#2019=DIRECTION('',(0.E0,1.E0,0.E0));
#2020=VECTOR('',#2019,1.15E0);
#2021=CARTESIAN_POINT('',(1.0825E1,-5.75E-1,-2.695E0));
#2022=LINE('',#2021,#2020);
#2023=DIRECTION('',(0.E0,0.E0,1.E0));
#2024=VECTOR('',#2023,2.5E0);
#2025=CARTESIAN_POINT('',(1.0825E1,5.75E-1,-2.695E0));
#2026=LINE('',#2025,#2024);
#2027=DIRECTION('',(0.E0,1.E0,0.E0));
#2028=VECTOR('',#2027,5.25E-1);
#2029=CARTESIAN_POINT('',(1.0825E1,5.75E-1,-1.95E-1));
#2030=LINE('',#2029,#2028);
#2031=DIRECTION('',(0.E0,0.E0,-1.E0));
#2032=VECTOR('',#2031,3.5E0);
#2033=CARTESIAN_POINT('',(1.0825E1,1.1E0,3.305E0));
#2034=LINE('',#2033,#2032);
#2035=DIRECTION('',(0.E0,1.E0,0.E0));
#2036=VECTOR('',#2035,1.58E0);
#2037=CARTESIAN_POINT('',(1.0825E1,1.1E0,3.305E0));
#2038=LINE('',#2037,#2036);
#2039=DIRECTION('',(0.E0,-1.E0,0.E0));
#2040=VECTOR('',#2039,7.5E-1);
#2041=CARTESIAN_POINT('',(1.0825E1,3.43E0,3.305E0));
#2042=LINE('',#2041,#2040);
#2043=DIRECTION('',(0.E0,0.E0,1.E0));
#2044=VECTOR('',#2043,6.66E0);
#2045=CARTESIAN_POINT('',(1.0825E1,3.43E0,-3.355E0));
#2046=LINE('',#2045,#2044);
#2047=DIRECTION('',(0.E0,1.E0,0.E0));
#2048=VECTOR('',#2047,6.36E0);
#2049=CARTESIAN_POINT('',(1.0825E1,-2.93E0,-3.355E0));
#2050=LINE('',#2049,#2048);
#2051=DIRECTION('',(0.E0,0.E0,-1.E0));
#2052=VECTOR('',#2051,6.66E0);
#2053=CARTESIAN_POINT('',(1.0825E1,-2.93E0,3.305E0));
#2054=LINE('',#2053,#2052);
#2055=DIRECTION('',(0.E0,-1.E0,0.E0));
#2056=VECTOR('',#2055,5.2E-1);
#2057=CARTESIAN_POINT('',(1.0825E1,-2.41E0,3.305E0));
#2058=LINE('',#2057,#2056);
#2059=DIRECTION('',(0.E0,1.E0,0.E0));
#2060=VECTOR('',#2059,1.31E0);
#2061=CARTESIAN_POINT('',(1.0825E1,-2.41E0,3.305E0));
#2062=LINE('',#2061,#2060);
#2063=DIRECTION('',(0.E0,0.E0,1.E0));
#2064=VECTOR('',#2063,1.25E0);
#2065=CARTESIAN_POINT('',(1.0825E1,-2.1875E0,1.555E0));
#2066=LINE('',#2065,#2064);
#2067=DIRECTION('',(0.E0,-1.E0,0.E0));
#2068=VECTOR('',#2067,1.5625E-1);
#2069=CARTESIAN_POINT('',(1.0825E1,-2.1875E0,2.805E0));
#2070=LINE('',#2069,#2068);
#2071=DIRECTION('',(0.E0,-6.428712937139E-1,-7.659742160926E-1));
#2072=VECTOR('',#2071,2.430502054266E-1);
#2073=CARTESIAN_POINT('',(1.0825E1,-2.34375E0,2.805E0));
#2074=LINE('',#2073,#2072);
#2075=DIRECTION('',(0.E0,0.E0,-1.E0));
#2076=VECTOR('',#2075,2.127660065889E-1);
#2077=CARTESIAN_POINT('',(1.0825E1,-2.5E0,2.618829809427E0));
#2078=LINE('',#2077,#2076);
#2079=DIRECTION('',(0.E0,6.428711427642E-1,7.659743427825E-1));
#2080=VECTOR('',#2079,2.430502624961E-1);
#2081=CARTESIAN_POINT('',(1.0825E1,-2.5E0,2.406063802838E0));
#2082=LINE('',#2081,#2080);
#2083=DIRECTION('',(0.E0,0.E0,-1.E0));
#2084=VECTOR('',#2083,1.037234067917E0);
#2085=CARTESIAN_POINT('',(1.0825E1,-2.34375E0,2.592234067917E0));
#2086=LINE('',#2085,#2084);
#2087=DIRECTION('',(0.E0,1.E0,0.E0));
#2088=VECTOR('',#2087,1.5625E-1);
#2089=CARTESIAN_POINT('',(1.0825E1,-2.34375E0,1.555E0));
#2090=LINE('',#2089,#2088);
#2091=DIRECTION('',(-1.E0,0.E0,0.E0));
#2092=VECTOR('',#2091,1.4E0);
#2093=CARTESIAN_POINT('',(1.0825E1,-1.1E0,3.305E0));
#2094=LINE('',#2093,#2092);
#2095=DIRECTION('',(-1.E0,0.E0,0.E0));
#2096=VECTOR('',#2095,1.4E0);
#2097=CARTESIAN_POINT('',(1.0825E1,1.1E0,3.305E0));
#2098=LINE('',#2097,#2096);
#2099=DIRECTION('',(0.E0,0.E0,1.E0));
#2100=VECTOR('',#2099,1.65E0);
#2101=CARTESIAN_POINT('',(9.425E0,-2.41E0,3.305E0));
#2102=LINE('',#2101,#2100);
#2103=DIRECTION('',(-1.E0,0.E0,0.E0));
#2104=VECTOR('',#2103,1.4E0);
#2105=CARTESIAN_POINT('',(1.0825E1,-2.41E0,3.305E0));
#2106=LINE('',#2105,#2104);
#2107=DIRECTION('',(-1.E0,0.E0,0.E0));
#2108=VECTOR('',#2107,1.4E0);
#2109=CARTESIAN_POINT('',(-9.425E0,-2.41E0,3.305E0));
#2110=LINE('',#2109,#2108);
#2111=DIRECTION('',(0.E0,0.E0,-1.E0));
#2112=VECTOR('',#2111,1.65E0);
#2113=CARTESIAN_POINT('',(-9.425E0,-2.41E0,4.955E0));
#2114=LINE('',#2113,#2112);
#2115=DIRECTION('',(-6.469774481951E-1,0.E0,7.625091353728E-1));
#2116=VECTOR('',#2115,2.163908500838E0);
#2117=CARTESIAN_POINT('',(1.0825E1,2.68E0,3.305E0));
#2118=LINE('',#2117,#2116);
#2119=DIRECTION('',(-6.469774481951E-1,0.E0,7.625091353728E-1));
#2120=VECTOR('',#2119,2.163908500838E0);
#2121=CARTESIAN_POINT('',(1.0825E1,-2.41E0,3.305E0));
#2122=LINE('',#2121,#2120);
#2123=DIRECTION('',(-6.124445259040E-1,-3.223392241600E-1,7.218096198155E-1));
#2124=VECTOR('',#2123,1.551160896732E0);
#2125=CARTESIAN_POINT('',(1.0825E1,-2.93E0,3.305E0));
#2126=LINE('',#2125,#2124);
#2127=DIRECTION('',(-1.E0,0.E0,0.E0));
#2128=VECTOR('',#2127,1.4E0);
#2129=CARTESIAN_POINT('',(1.0825E1,2.68E0,3.305E0));
#2130=LINE('',#2129,#2128);
#2131=DIRECTION('',(0.E0,0.E0,1.E0));
#2132=VECTOR('',#2131,1.65E0);
#2133=CARTESIAN_POINT('',(9.425E0,2.68E0,3.305E0));
#2134=LINE('',#2133,#2132);
#2135=DIRECTION('',(0.E0,0.E0,-1.E0));
#2136=VECTOR('',#2135,1.65E0);
#2137=CARTESIAN_POINT('',(-9.425E0,2.68E0,4.955E0));
#2138=LINE('',#2137,#2136);
#2139=DIRECTION('',(-1.E0,0.E0,0.E0));
#2140=VECTOR('',#2139,1.4E0);
#2141=CARTESIAN_POINT('',(-9.425E0,2.68E0,3.305E0));
#2142=LINE('',#2141,#2140);
#2143=DIRECTION('',(-6.469774481951E-1,0.E0,-7.625091353728E-1));
#2144=VECTOR('',#2143,2.163908500838E0);
#2145=CARTESIAN_POINT('',(-9.425E0,2.68E0,4.955E0));
#2146=LINE('',#2145,#2144);
#2147=DIRECTION('',(-6.469774481951E-1,0.E0,-7.625091353728E-1));
#2148=VECTOR('',#2147,2.163908500838E0);
#2149=CARTESIAN_POINT('',(-9.425E0,-2.41E0,4.955E0));
#2150=LINE('',#2149,#2148);
#2151=DIRECTION('',(6.124445259040E-1,-3.223392241600E-1,7.218096198155E-1));
#2152=VECTOR('',#2151,1.551160896732E0);
#2153=CARTESIAN_POINT('',(-1.0825E1,-2.93E0,3.305E0));
#2154=LINE('',#2153,#2152);
#2155=DIRECTION('',(0.E0,1.E0,0.E0));
#2156=VECTOR('',#2155,5.09E0);
#2157=CARTESIAN_POINT('',(9.425E0,-2.41E0,4.955E0));
#2158=LINE('',#2157,#2156);
#2159=DIRECTION('',(0.E0,-1.E0,0.E0));
#2160=VECTOR('',#2159,1.02E0);
#2161=CARTESIAN_POINT('',(9.425E0,-2.41E0,4.955E0));
#2162=LINE('',#2161,#2160);
#2163=DIRECTION('',(0.E0,-1.E0,0.E0));
#2164=VECTOR('',#2163,1.02E0);
#2165=CARTESIAN_POINT('',(-9.425E0,-2.41E0,4.955E0));
#2166=LINE('',#2165,#2164);
#2167=DIRECTION('',(0.E0,1.E0,0.E0));
#2168=VECTOR('',#2167,5.09E0);
#2169=CARTESIAN_POINT('',(-9.425E0,-2.41E0,4.955E0));
#2170=LINE('',#2169,#2168);
#2171=DIRECTION('',(0.E0,-1.E0,0.E0));
#2172=VECTOR('',#2171,7.5E-1);
#2173=CARTESIAN_POINT('',(-9.425E0,3.43E0,4.955E0));
#2174=LINE('',#2173,#2172);
#2175=DIRECTION('',(1.E0,0.E0,0.E0));
#2176=VECTOR('',#2175,1.885E1);
#2177=CARTESIAN_POINT('',(-9.425E0,3.43E0,4.955E0));
#2178=LINE('',#2177,#2176);
#2179=DIRECTION('',(0.E0,-1.E0,0.E0));
#2180=VECTOR('',#2179,7.5E-1);
#2181=CARTESIAN_POINT('',(9.425E0,3.43E0,4.955E0));
#2182=LINE('',#2181,#2180);
#2183=DIRECTION('',(1.E0,0.E0,0.E0));
#2184=VECTOR('',#2183,1.84E0);
#2185=CARTESIAN_POINT('',(6.23E0,2.3E-1,4.955E0));
#2186=LINE('',#2185,#2184);
#2187=DIRECTION('',(7.071067811865E-1,7.071067811866E-1,0.E0));
#2188=VECTOR('',#2187,9.899494936612E-1);
#2189=CARTESIAN_POINT('',(8.07E0,2.3E-1,4.955E0));
#2190=LINE('',#2189,#2188);
#2191=DIRECTION('',(0.E0,1.E0,0.E0));
#2192=VECTOR('',#2191,1.84E0);
#2193=CARTESIAN_POINT('',(8.77E0,9.3E-1,4.955E0));
#2194=LINE('',#2193,#2192);
#2195=DIRECTION('',(-1.E0,0.E0,0.E0));
#2196=VECTOR('',#2195,2.54E0);
#2197=CARTESIAN_POINT('',(8.77E0,2.77E0,4.955E0));
#2198=LINE('',#2197,#2196);
#2199=DIRECTION('',(0.E0,-1.E0,0.E0));
#2200=VECTOR('',#2199,2.54E0);
#2201=CARTESIAN_POINT('',(6.23E0,2.77E0,4.955E0));
#2202=LINE('',#2201,#2200);
#2203=DIRECTION('',(-1.E0,0.E0,0.E0));
#2204=VECTOR('',#2203,2.54E0);
#2205=CARTESIAN_POINT('',(8.77E0,-2.3E-1,4.955E0));
#2206=LINE('',#2205,#2204);
#2207=DIRECTION('',(0.E0,-1.E0,0.E0));
#2208=VECTOR('',#2207,2.54E0);
#2209=CARTESIAN_POINT('',(6.23E0,-2.3E-1,4.955E0));
#2210=LINE('',#2209,#2208);
#2211=DIRECTION('',(1.E0,0.E0,0.E0));
#2212=VECTOR('',#2211,1.84E0);
#2213=CARTESIAN_POINT('',(6.23E0,-2.77E0,4.955E0));
#2214=LINE('',#2213,#2212);
#2215=DIRECTION('',(7.071067811865E-1,7.071067811865E-1,0.E0));
#2216=VECTOR('',#2215,9.899494936612E-1);
#2217=CARTESIAN_POINT('',(8.07E0,-2.77E0,4.955E0));
#2218=LINE('',#2217,#2216);
#2219=DIRECTION('',(0.E0,1.E0,0.E0));
#2220=VECTOR('',#2219,1.84E0);
#2221=CARTESIAN_POINT('',(8.77E0,-2.07E0,4.955E0));
#2222=LINE('',#2221,#2220);
#2223=DIRECTION('',(-1.E0,0.E0,0.E0));
#2224=VECTOR('',#2223,2.54E0);
#2225=CARTESIAN_POINT('',(-6.23E0,-2.3E-1,4.955E0));
#2226=LINE('',#2225,#2224);
#2227=DIRECTION('',(0.E0,-1.E0,0.E0));
#2228=VECTOR('',#2227,2.54E0);
#2229=CARTESIAN_POINT('',(-8.77E0,-2.3E-1,4.955E0));
#2230=LINE('',#2229,#2228);
#2231=DIRECTION('',(1.E0,0.E0,0.E0));
#2232=VECTOR('',#2231,1.84E0);
#2233=CARTESIAN_POINT('',(-8.77E0,-2.77E0,4.955E0));
#2234=LINE('',#2233,#2232);
#2235=DIRECTION('',(7.071067811865E-1,7.071067811865E-1,0.E0));
#2236=VECTOR('',#2235,9.899494936612E-1);
#2237=CARTESIAN_POINT('',(-6.93E0,-2.77E0,4.955E0));
#2238=LINE('',#2237,#2236);
#2239=DIRECTION('',(0.E0,1.E0,0.E0));
#2240=VECTOR('',#2239,1.84E0);
#2241=CARTESIAN_POINT('',(-6.23E0,-2.07E0,4.955E0));
#2242=LINE('',#2241,#2240);
#2243=DIRECTION('',(-1.E0,0.E0,0.E0));
#2244=VECTOR('',#2243,2.54E0);
#2245=CARTESIAN_POINT('',(-6.23E0,2.77E0,4.955E0));
#2246=LINE('',#2245,#2244);
#2247=DIRECTION('',(0.E0,-1.E0,0.E0));
#2248=VECTOR('',#2247,2.54E0);
#2249=CARTESIAN_POINT('',(-8.77E0,2.77E0,4.955E0));
#2250=LINE('',#2249,#2248);
#2251=DIRECTION('',(1.E0,0.E0,0.E0));
#2252=VECTOR('',#2251,1.84E0);
#2253=CARTESIAN_POINT('',(-8.77E0,2.3E-1,4.955E0));
#2254=LINE('',#2253,#2252);
#2255=DIRECTION('',(7.071067811865E-1,7.071067811865E-1,0.E0));
#2256=VECTOR('',#2255,9.899494936612E-1);
#2257=CARTESIAN_POINT('',(-6.93E0,2.3E-1,4.955E0));
#2258=LINE('',#2257,#2256);
#2259=DIRECTION('',(0.E0,1.E0,0.E0));
#2260=VECTOR('',#2259,1.84E0);
#2261=CARTESIAN_POINT('',(-6.23E0,9.3E-1,4.955E0));
#2262=LINE('',#2261,#2260);
#2263=DIRECTION('',(0.E0,-1.E0,0.E0));
#2264=VECTOR('',#2263,1.84E0);
#2265=CARTESIAN_POINT('',(3.23E0,-2.3E-1,4.955E0));
#2266=LINE('',#2265,#2264);
#2267=DIRECTION('',(7.071067811865E-1,-7.071067811865E-1,0.E0));
#2268=VECTOR('',#2267,9.899494936612E-1);
#2269=CARTESIAN_POINT('',(3.23E0,-2.07E0,4.955E0));
#2270=LINE('',#2269,#2268);
#2271=DIRECTION('',(1.E0,0.E0,0.E0));
#2272=VECTOR('',#2271,1.84E0);
#2273=CARTESIAN_POINT('',(3.93E0,-2.77E0,4.955E0));
#2274=LINE('',#2273,#2272);
#2275=DIRECTION('',(0.E0,1.E0,0.E0));
#2276=VECTOR('',#2275,2.54E0);
#2277=CARTESIAN_POINT('',(5.77E0,-2.77E0,4.955E0));
#2278=LINE('',#2277,#2276);
#2279=DIRECTION('',(-1.E0,0.E0,0.E0));
#2280=VECTOR('',#2279,2.54E0);
#2281=CARTESIAN_POINT('',(5.77E0,-2.3E-1,4.955E0));
#2282=LINE('',#2281,#2280);
#2283=DIRECTION('',(1.E0,0.E0,0.E0));
#2284=VECTOR('',#2283,1.84E0);
#2285=CARTESIAN_POINT('',(3.93E0,2.3E-1,4.955E0));
#2286=LINE('',#2285,#2284);
#2287=DIRECTION('',(0.E0,1.E0,0.E0));
#2288=VECTOR('',#2287,2.54E0);
#2289=CARTESIAN_POINT('',(5.77E0,2.3E-1,4.955E0));
#2290=LINE('',#2289,#2288);
#2291=DIRECTION('',(-1.E0,0.E0,0.E0));
#2292=VECTOR('',#2291,2.54E0);
#2293=CARTESIAN_POINT('',(5.77E0,2.77E0,4.955E0));
#2294=LINE('',#2293,#2292);
#2295=DIRECTION('',(0.E0,-1.E0,0.E0));
#2296=VECTOR('',#2295,1.84E0);
#2297=CARTESIAN_POINT('',(3.23E0,2.77E0,4.955E0));
#2298=LINE('',#2297,#2296);
#2299=DIRECTION('',(7.071067811865E-1,-7.071067811865E-1,0.E0));
#2300=VECTOR('',#2299,9.899494936612E-1);
#2301=CARTESIAN_POINT('',(3.23E0,9.3E-1,4.955E0));
#2302=LINE('',#2301,#2300);
#2303=DIRECTION('',(1.E0,0.E0,0.E0));
#2304=VECTOR('',#2303,2.54E0);
#2305=CARTESIAN_POINT('',(2.3E-1,2.3E-1,4.955E0));
#2306=LINE('',#2305,#2304);
#2307=DIRECTION('',(0.E0,1.E0,0.E0));
#2308=VECTOR('',#2307,2.54E0);
#2309=CARTESIAN_POINT('',(2.77E0,2.3E-1,4.955E0));
#2310=LINE('',#2309,#2308);
#2311=DIRECTION('',(-1.E0,0.E0,0.E0));
#2312=VECTOR('',#2311,2.54E0);
#2313=CARTESIAN_POINT('',(2.77E0,2.77E0,4.955E0));
#2314=LINE('',#2313,#2312);
#2315=DIRECTION('',(0.E0,-1.E0,0.E0));
#2316=VECTOR('',#2315,2.54E0);
#2317=CARTESIAN_POINT('',(2.3E-1,2.77E0,4.955E0));
#2318=LINE('',#2317,#2316);
#2319=DIRECTION('',(-1.E0,0.E0,0.E0));
#2320=VECTOR('',#2319,2.54E0);
#2321=CARTESIAN_POINT('',(2.77E0,-2.3E-1,4.955E0));
#2322=LINE('',#2321,#2320);
#2323=DIRECTION('',(0.E0,-1.E0,0.E0));
#2324=VECTOR('',#2323,2.54E0);
#2325=CARTESIAN_POINT('',(2.3E-1,-2.3E-1,4.955E0));
#2326=LINE('',#2325,#2324);
#2327=DIRECTION('',(1.E0,0.E0,0.E0));
#2328=VECTOR('',#2327,1.84E0);
#2329=CARTESIAN_POINT('',(2.3E-1,-2.77E0,4.955E0));
#2330=LINE('',#2329,#2328);
#2331=DIRECTION('',(7.071067811865E-1,7.071067811865E-1,0.E0));
#2332=VECTOR('',#2331,9.899494936612E-1);
#2333=CARTESIAN_POINT('',(2.07E0,-2.77E0,4.955E0));
#2334=LINE('',#2333,#2332);
#2335=DIRECTION('',(0.E0,1.E0,0.E0));
#2336=VECTOR('',#2335,1.84E0);
#2337=CARTESIAN_POINT('',(2.77E0,-2.07E0,4.955E0));
#2338=LINE('',#2337,#2336);
#2339=DIRECTION('',(1.E0,0.E0,0.E0));
#2340=VECTOR('',#2339,1.84E0);
#2341=CARTESIAN_POINT('',(-2.77E0,-2.77E0,4.955E0));
#2342=LINE('',#2341,#2340);
#2343=DIRECTION('',(7.071067811865E-1,7.071067811866E-1,0.E0));
#2344=VECTOR('',#2343,9.899494936612E-1);
#2345=CARTESIAN_POINT('',(-9.3E-1,-2.77E0,4.955E0));
#2346=LINE('',#2345,#2344);
#2347=DIRECTION('',(0.E0,1.E0,0.E0));
#2348=VECTOR('',#2347,1.84E0);
#2349=CARTESIAN_POINT('',(-2.3E-1,-2.07E0,4.955E0));
#2350=LINE('',#2349,#2348);
#2351=DIRECTION('',(-1.E0,0.E0,0.E0));
#2352=VECTOR('',#2351,2.54E0);
#2353=CARTESIAN_POINT('',(-2.3E-1,-2.3E-1,4.955E0));
#2354=LINE('',#2353,#2352);
#2355=DIRECTION('',(0.E0,-1.E0,0.E0));
#2356=VECTOR('',#2355,2.54E0);
#2357=CARTESIAN_POINT('',(-2.77E0,-2.3E-1,4.955E0));
#2358=LINE('',#2357,#2356);
#2359=DIRECTION('',(1.E0,0.E0,0.E0));
#2360=VECTOR('',#2359,1.84E0);
#2361=CARTESIAN_POINT('',(-2.77E0,2.3E-1,4.955E0));
#2362=LINE('',#2361,#2360);
#2363=DIRECTION('',(7.071067811865E-1,7.071067811865E-1,0.E0));
#2364=VECTOR('',#2363,9.899494936612E-1);
#2365=CARTESIAN_POINT('',(-9.3E-1,2.3E-1,4.955E0));
#2366=LINE('',#2365,#2364);
#2367=DIRECTION('',(0.E0,1.E0,0.E0));
#2368=VECTOR('',#2367,1.84E0);
#2369=CARTESIAN_POINT('',(-2.3E-1,9.3E-1,4.955E0));
#2370=LINE('',#2369,#2368);
#2371=DIRECTION('',(-1.E0,0.E0,0.E0));
#2372=VECTOR('',#2371,2.54E0);
#2373=CARTESIAN_POINT('',(-2.3E-1,2.77E0,4.955E0));
#2374=LINE('',#2373,#2372);
#2375=DIRECTION('',(0.E0,-1.E0,0.E0));
#2376=VECTOR('',#2375,2.54E0);
#2377=CARTESIAN_POINT('',(-2.77E0,2.77E0,4.955E0));
#2378=LINE('',#2377,#2376);
#2379=DIRECTION('',(-1.E0,0.E0,0.E0));
#2380=VECTOR('',#2379,2.54E0);
#2381=CARTESIAN_POINT('',(-3.23E0,-2.3E-1,4.955E0));
#2382=LINE('',#2381,#2380);
#2383=DIRECTION('',(0.E0,-1.E0,0.E0));
#2384=VECTOR('',#2383,2.54E0);
#2385=CARTESIAN_POINT('',(-5.77E0,-2.3E-1,4.955E0));
#2386=LINE('',#2385,#2384);
#2387=DIRECTION('',(1.E0,0.E0,0.E0));
#2388=VECTOR('',#2387,1.84E0);
#2389=CARTESIAN_POINT('',(-5.77E0,-2.77E0,4.955E0));
#2390=LINE('',#2389,#2388);
#2391=DIRECTION('',(7.071067811865E-1,7.071067811865E-1,0.E0));
#2392=VECTOR('',#2391,9.899494936612E-1);
#2393=CARTESIAN_POINT('',(-3.93E0,-2.77E0,4.955E0));
#2394=LINE('',#2393,#2392);
#2395=DIRECTION('',(0.E0,1.E0,0.E0));
#2396=VECTOR('',#2395,1.84E0);
#2397=CARTESIAN_POINT('',(-3.23E0,-2.07E0,4.955E0));
#2398=LINE('',#2397,#2396);
#2399=DIRECTION('',(1.E0,0.E0,0.E0));
#2400=VECTOR('',#2399,1.84E0);
#2401=CARTESIAN_POINT('',(-5.77E0,2.3E-1,4.955E0));
#2402=LINE('',#2401,#2400);
#2403=DIRECTION('',(7.071067811865E-1,7.071067811865E-1,0.E0));
#2404=VECTOR('',#2403,9.899494936612E-1);
#2405=CARTESIAN_POINT('',(-3.93E0,2.3E-1,4.955E0));
#2406=LINE('',#2405,#2404);
#2407=DIRECTION('',(0.E0,1.E0,0.E0));
#2408=VECTOR('',#2407,1.84E0);
#2409=CARTESIAN_POINT('',(-3.23E0,9.3E-1,4.955E0));
#2410=LINE('',#2409,#2408);
#2411=DIRECTION('',(-1.E0,0.E0,0.E0));
#2412=VECTOR('',#2411,2.54E0);
#2413=CARTESIAN_POINT('',(-3.23E0,2.77E0,4.955E0));
#2414=LINE('',#2413,#2412);
#2415=DIRECTION('',(0.E0,-1.E0,0.E0));
#2416=VECTOR('',#2415,2.54E0);
#2417=CARTESIAN_POINT('',(-5.77E0,2.77E0,4.955E0));
#2418=LINE('',#2417,#2416);
#2419=DIRECTION('',(0.E0,0.E0,-1.E0));
#2420=VECTOR('',#2419,6.6E0);
#2421=CARTESIAN_POINT('',(6.23E0,2.3E-1,4.955E0));
#2422=LINE('',#2421,#2420);
#2423=DIRECTION('',(0.E0,0.E0,-1.E0));
#2424=VECTOR('',#2423,6.6E0);
#2425=CARTESIAN_POINT('',(6.23E0,2.77E0,4.955E0));
#2426=LINE('',#2425,#2424);
#2427=DIRECTION('',(0.E0,0.E0,-1.E0));
#2428=VECTOR('',#2427,6.6E0);
#2429=CARTESIAN_POINT('',(8.77E0,2.77E0,4.955E0));
#2430=LINE('',#2429,#2428);
#2431=DIRECTION('',(0.E0,0.E0,-1.E0));
#2432=VECTOR('',#2431,6.6E0);
#2433=CARTESIAN_POINT('',(8.77E0,9.3E-1,4.955E0));
#2434=LINE('',#2433,#2432);
#2435=DIRECTION('',(0.E0,0.E0,-1.E0));
#2436=VECTOR('',#2435,6.6E0);
#2437=CARTESIAN_POINT('',(8.07E0,2.3E-1,4.955E0));
#2438=LINE('',#2437,#2436);
#2439=DIRECTION('',(0.E0,-1.E0,0.E0));
#2440=VECTOR('',#2439,2.54E0);
#2441=CARTESIAN_POINT('',(6.23E0,2.77E0,-1.645E0));
#2442=LINE('',#2441,#2440);
#2443=DIRECTION('',(-1.E0,0.E0,0.E0));
#2444=VECTOR('',#2443,2.54E0);
#2445=CARTESIAN_POINT('',(8.77E0,2.77E0,-1.645E0));
#2446=LINE('',#2445,#2444);
#2447=DIRECTION('',(0.E0,1.E0,0.E0));
#2448=VECTOR('',#2447,1.84E0);
#2449=CARTESIAN_POINT('',(8.77E0,9.3E-1,-1.645E0));
#2450=LINE('',#2449,#2448);
#2451=DIRECTION('',(7.071067811865E-1,7.071067811866E-1,0.E0));
#2452=VECTOR('',#2451,9.899494936612E-1);
#2453=CARTESIAN_POINT('',(8.07E0,2.3E-1,-1.645E0));
#2454=LINE('',#2453,#2452);
#2455=DIRECTION('',(1.E0,0.E0,0.E0));
#2456=VECTOR('',#2455,1.84E0);
#2457=CARTESIAN_POINT('',(6.23E0,2.3E-1,-1.645E0));
#2458=LINE('',#2457,#2456);
#2459=DIRECTION('',(-1.E0,0.E0,0.E0));
#2460=VECTOR('',#2459,2.54E0);
#2461=CARTESIAN_POINT('',(8.77E0,-2.3E-1,-1.645E0));
#2462=LINE('',#2461,#2460);
#2463=DIRECTION('',(0.E0,1.E0,0.E0));
#2464=VECTOR('',#2463,1.84E0);
#2465=CARTESIAN_POINT('',(8.77E0,-2.07E0,-1.645E0));
#2466=LINE('',#2465,#2464);
#2467=DIRECTION('',(7.071067811865E-1,7.071067811865E-1,0.E0));
#2468=VECTOR('',#2467,9.899494936612E-1);
#2469=CARTESIAN_POINT('',(8.07E0,-2.77E0,-1.645E0));
#2470=LINE('',#2469,#2468);
#2471=DIRECTION('',(1.E0,0.E0,0.E0));
#2472=VECTOR('',#2471,1.84E0);
#2473=CARTESIAN_POINT('',(6.23E0,-2.77E0,-1.645E0));
#2474=LINE('',#2473,#2472);
#2475=DIRECTION('',(0.E0,-1.E0,0.E0));
#2476=VECTOR('',#2475,2.54E0);
#2477=CARTESIAN_POINT('',(6.23E0,-2.3E-1,-1.645E0));
#2478=LINE('',#2477,#2476);
#2479=DIRECTION('',(0.E0,-1.E0,0.E0));
#2480=VECTOR('',#2479,1.84E0);
#2481=CARTESIAN_POINT('',(3.23E0,-2.3E-1,-1.645E0));
#2482=LINE('',#2481,#2480);
#2483=DIRECTION('',(-1.E0,0.E0,0.E0));
#2484=VECTOR('',#2483,2.54E0);
#2485=CARTESIAN_POINT('',(5.77E0,-2.3E-1,-1.645E0));
#2486=LINE('',#2485,#2484);
#2487=DIRECTION('',(0.E0,1.E0,0.E0));
#2488=VECTOR('',#2487,2.54E0);
#2489=CARTESIAN_POINT('',(5.77E0,-2.77E0,-1.645E0));
#2490=LINE('',#2489,#2488);
#2491=DIRECTION('',(1.E0,0.E0,0.E0));
#2492=VECTOR('',#2491,1.84E0);
#2493=CARTESIAN_POINT('',(3.93E0,-2.77E0,-1.645E0));
#2494=LINE('',#2493,#2492);
#2495=DIRECTION('',(7.071067811865E-1,-7.071067811865E-1,0.E0));
#2496=VECTOR('',#2495,9.899494936612E-1);
#2497=CARTESIAN_POINT('',(3.23E0,-2.07E0,-1.645E0));
#2498=LINE('',#2497,#2496);
#2499=DIRECTION('',(1.E0,0.E0,0.E0));
#2500=VECTOR('',#2499,1.84E0);
#2501=CARTESIAN_POINT('',(3.93E0,2.3E-1,-1.645E0));
#2502=LINE('',#2501,#2500);
#2503=DIRECTION('',(7.071067811865E-1,-7.071067811865E-1,0.E0));
#2504=VECTOR('',#2503,9.899494936612E-1);
#2505=CARTESIAN_POINT('',(3.23E0,9.3E-1,-1.645E0));
#2506=LINE('',#2505,#2504);
#2507=DIRECTION('',(0.E0,-1.E0,0.E0));
#2508=VECTOR('',#2507,1.84E0);
#2509=CARTESIAN_POINT('',(3.23E0,2.77E0,-1.645E0));
#2510=LINE('',#2509,#2508);
#2511=DIRECTION('',(-1.E0,0.E0,0.E0));
#2512=VECTOR('',#2511,2.54E0);
#2513=CARTESIAN_POINT('',(5.77E0,2.77E0,-1.645E0));
#2514=LINE('',#2513,#2512);
#2515=DIRECTION('',(0.E0,1.E0,0.E0));
#2516=VECTOR('',#2515,2.54E0);
#2517=CARTESIAN_POINT('',(5.77E0,2.3E-1,-1.645E0));
#2518=LINE('',#2517,#2516);
#2519=DIRECTION('',(1.E0,0.E0,0.E0));
#2520=VECTOR('',#2519,2.54E0);
#2521=CARTESIAN_POINT('',(2.3E-1,2.3E-1,-1.645E0));
#2522=LINE('',#2521,#2520);
#2523=DIRECTION('',(0.E0,-1.E0,0.E0));
#2524=VECTOR('',#2523,2.54E0);
#2525=CARTESIAN_POINT('',(2.3E-1,2.77E0,-1.645E0));
#2526=LINE('',#2525,#2524);
#2527=DIRECTION('',(-1.E0,0.E0,0.E0));
#2528=VECTOR('',#2527,2.54E0);
#2529=CARTESIAN_POINT('',(2.77E0,2.77E0,-1.645E0));
#2530=LINE('',#2529,#2528);
#2531=DIRECTION('',(0.E0,1.E0,0.E0));
#2532=VECTOR('',#2531,2.54E0);
#2533=CARTESIAN_POINT('',(2.77E0,2.3E-1,-1.645E0));
#2534=LINE('',#2533,#2532);
#2535=DIRECTION('',(-1.E0,0.E0,0.E0));
#2536=VECTOR('',#2535,2.54E0);
#2537=CARTESIAN_POINT('',(2.77E0,-2.3E-1,-1.645E0));
#2538=LINE('',#2537,#2536);
#2539=DIRECTION('',(0.E0,1.E0,0.E0));
#2540=VECTOR('',#2539,1.84E0);
#2541=CARTESIAN_POINT('',(2.77E0,-2.07E0,-1.645E0));
#2542=LINE('',#2541,#2540);
#2543=DIRECTION('',(7.071067811865E-1,7.071067811865E-1,0.E0));
#2544=VECTOR('',#2543,9.899494936612E-1);
#2545=CARTESIAN_POINT('',(2.07E0,-2.77E0,-1.645E0));
#2546=LINE('',#2545,#2544);
#2547=DIRECTION('',(1.E0,0.E0,0.E0));
#2548=VECTOR('',#2547,1.84E0);
#2549=CARTESIAN_POINT('',(2.3E-1,-2.77E0,-1.645E0));
#2550=LINE('',#2549,#2548);
#2551=DIRECTION('',(0.E0,-1.E0,0.E0));
#2552=VECTOR('',#2551,2.54E0);
#2553=CARTESIAN_POINT('',(2.3E-1,-2.3E-1,-1.645E0));
#2554=LINE('',#2553,#2552);
#2555=DIRECTION('',(1.E0,0.E0,0.E0));
#2556=VECTOR('',#2555,1.84E0);
#2557=CARTESIAN_POINT('',(-2.77E0,-2.77E0,-1.645E0));
#2558=LINE('',#2557,#2556);
#2559=DIRECTION('',(0.E0,-1.E0,0.E0));
#2560=VECTOR('',#2559,2.54E0);
#2561=CARTESIAN_POINT('',(-2.77E0,-2.3E-1,-1.645E0));
#2562=LINE('',#2561,#2560);
#2563=DIRECTION('',(-1.E0,0.E0,0.E0));
#2564=VECTOR('',#2563,2.54E0);
#2565=CARTESIAN_POINT('',(-2.3E-1,-2.3E-1,-1.645E0));
#2566=LINE('',#2565,#2564);
#2567=DIRECTION('',(0.E0,1.E0,0.E0));
#2568=VECTOR('',#2567,1.84E0);
#2569=CARTESIAN_POINT('',(-2.3E-1,-2.07E0,-1.645E0));
#2570=LINE('',#2569,#2568);
#2571=DIRECTION('',(7.071067811865E-1,7.071067811866E-1,0.E0));
#2572=VECTOR('',#2571,9.899494936612E-1);
#2573=CARTESIAN_POINT('',(-9.3E-1,-2.77E0,-1.645E0));
#2574=LINE('',#2573,#2572);
#2575=DIRECTION('',(1.E0,0.E0,0.E0));
#2576=VECTOR('',#2575,1.84E0);
#2577=CARTESIAN_POINT('',(-2.77E0,2.3E-1,-1.645E0));
#2578=LINE('',#2577,#2576);
#2579=DIRECTION('',(0.E0,-1.E0,0.E0));
#2580=VECTOR('',#2579,2.54E0);
#2581=CARTESIAN_POINT('',(-2.77E0,2.77E0,-1.645E0));
#2582=LINE('',#2581,#2580);
#2583=DIRECTION('',(-1.E0,0.E0,0.E0));
#2584=VECTOR('',#2583,2.54E0);
#2585=CARTESIAN_POINT('',(-2.3E-1,2.77E0,-1.645E0));
#2586=LINE('',#2585,#2584);
#2587=DIRECTION('',(0.E0,1.E0,0.E0));
#2588=VECTOR('',#2587,1.84E0);
#2589=CARTESIAN_POINT('',(-2.3E-1,9.3E-1,-1.645E0));
#2590=LINE('',#2589,#2588);
#2591=DIRECTION('',(7.071067811865E-1,7.071067811865E-1,0.E0));
#2592=VECTOR('',#2591,9.899494936612E-1);
#2593=CARTESIAN_POINT('',(-9.3E-1,2.3E-1,-1.645E0));
#2594=LINE('',#2593,#2592);
#2595=DIRECTION('',(-1.E0,0.E0,0.E0));
#2596=VECTOR('',#2595,2.54E0);
#2597=CARTESIAN_POINT('',(-3.23E0,-2.3E-1,-1.645E0));
#2598=LINE('',#2597,#2596);
#2599=DIRECTION('',(0.E0,1.E0,0.E0));
#2600=VECTOR('',#2599,1.84E0);
#2601=CARTESIAN_POINT('',(-3.23E0,-2.07E0,-1.645E0));
#2602=LINE('',#2601,#2600);
#2603=DIRECTION('',(7.071067811865E-1,7.071067811865E-1,0.E0));
#2604=VECTOR('',#2603,9.899494936612E-1);
#2605=CARTESIAN_POINT('',(-3.93E0,-2.77E0,-1.645E0));
#2606=LINE('',#2605,#2604);
#2607=DIRECTION('',(1.E0,0.E0,0.E0));
#2608=VECTOR('',#2607,1.84E0);
#2609=CARTESIAN_POINT('',(-5.77E0,-2.77E0,-1.645E0));
#2610=LINE('',#2609,#2608);
#2611=DIRECTION('',(0.E0,-1.E0,0.E0));
#2612=VECTOR('',#2611,2.54E0);
#2613=CARTESIAN_POINT('',(-5.77E0,-2.3E-1,-1.645E0));
#2614=LINE('',#2613,#2612);
#2615=DIRECTION('',(1.E0,0.E0,0.E0));
#2616=VECTOR('',#2615,1.84E0);
#2617=CARTESIAN_POINT('',(-5.77E0,2.3E-1,-1.645E0));
#2618=LINE('',#2617,#2616);
#2619=DIRECTION('',(0.E0,-1.E0,0.E0));
#2620=VECTOR('',#2619,2.54E0);
#2621=CARTESIAN_POINT('',(-5.77E0,2.77E0,-1.645E0));
#2622=LINE('',#2621,#2620);
#2623=DIRECTION('',(-1.E0,0.E0,0.E0));
#2624=VECTOR('',#2623,2.54E0);
#2625=CARTESIAN_POINT('',(-3.23E0,2.77E0,-1.645E0));
#2626=LINE('',#2625,#2624);
#2627=DIRECTION('',(0.E0,1.E0,0.E0));
#2628=VECTOR('',#2627,1.84E0);
#2629=CARTESIAN_POINT('',(-3.23E0,9.3E-1,-1.645E0));
#2630=LINE('',#2629,#2628);
#2631=DIRECTION('',(7.071067811865E-1,7.071067811865E-1,0.E0));
#2632=VECTOR('',#2631,9.899494936612E-1);
#2633=CARTESIAN_POINT('',(-3.93E0,2.3E-1,-1.645E0));
#2634=LINE('',#2633,#2632);
#2635=DIRECTION('',(0.E0,1.E0,0.E0));
#2636=VECTOR('',#2635,1.84E0);
#2637=CARTESIAN_POINT('',(-6.23E0,-2.07E0,-1.645E0));
#2638=LINE('',#2637,#2636);
#2639=DIRECTION('',(7.071067811865E-1,7.071067811865E-1,0.E0));
#2640=VECTOR('',#2639,9.899494936612E-1);
#2641=CARTESIAN_POINT('',(-6.93E0,-2.77E0,-1.645E0));
#2642=LINE('',#2641,#2640);
#2643=DIRECTION('',(1.E0,0.E0,0.E0));
#2644=VECTOR('',#2643,1.84E0);
#2645=CARTESIAN_POINT('',(-8.77E0,-2.77E0,-1.645E0));
#2646=LINE('',#2645,#2644);
#2647=DIRECTION('',(0.E0,-1.E0,0.E0));
#2648=VECTOR('',#2647,2.54E0);
#2649=CARTESIAN_POINT('',(-8.77E0,-2.3E-1,-1.645E0));
#2650=LINE('',#2649,#2648);
#2651=DIRECTION('',(-1.E0,0.E0,0.E0));
#2652=VECTOR('',#2651,2.54E0);
#2653=CARTESIAN_POINT('',(-6.23E0,-2.3E-1,-1.645E0));
#2654=LINE('',#2653,#2652);
#2655=DIRECTION('',(0.E0,1.E0,0.E0));
#2656=VECTOR('',#2655,1.84E0);
#2657=CARTESIAN_POINT('',(-6.23E0,9.3E-1,-1.645E0));
#2658=LINE('',#2657,#2656);
#2659=DIRECTION('',(7.071067811865E-1,7.071067811865E-1,0.E0));
#2660=VECTOR('',#2659,9.899494936612E-1);
#2661=CARTESIAN_POINT('',(-6.93E0,2.3E-1,-1.645E0));
#2662=LINE('',#2661,#2660);
#2663=DIRECTION('',(1.E0,0.E0,0.E0));
#2664=VECTOR('',#2663,1.84E0);
#2665=CARTESIAN_POINT('',(-8.77E0,2.3E-1,-1.645E0));
#2666=LINE('',#2665,#2664);
#2667=DIRECTION('',(0.E0,-1.E0,0.E0));
#2668=VECTOR('',#2667,2.54E0);
#2669=CARTESIAN_POINT('',(-8.77E0,2.77E0,-1.645E0));
#2670=LINE('',#2669,#2668);
#2671=DIRECTION('',(-1.E0,0.E0,0.E0));
#2672=VECTOR('',#2671,2.54E0);
#2673=CARTESIAN_POINT('',(-6.23E0,2.77E0,-1.645E0));
#2674=LINE('',#2673,#2672);
#2675=DIRECTION('',(0.E0,1.E0,0.E0));
#2676=VECTOR('',#2675,6.4E-1);
#2677=CARTESIAN_POINT('',(7.82E0,-1.82E0,-1.645E0));
#2678=LINE('',#2677,#2676);
#2679=DIRECTION('',(1.E0,0.E0,0.E0));
#2680=VECTOR('',#2679,6.4E-1);
#2681=CARTESIAN_POINT('',(7.18E0,-1.18E0,-1.645E0));
#2682=LINE('',#2681,#2680);
#2683=DIRECTION('',(0.E0,1.E0,0.E0));
#2684=VECTOR('',#2683,6.4E-1);
#2685=CARTESIAN_POINT('',(7.18E0,-1.82E0,-1.645E0));
#2686=LINE('',#2685,#2684);
#2687=DIRECTION('',(1.E0,0.E0,0.E0));
#2688=VECTOR('',#2687,6.4E-1);
#2689=CARTESIAN_POINT('',(7.18E0,-1.82E0,-1.645E0));
#2690=LINE('',#2689,#2688);
#2691=DIRECTION('',(0.E0,1.E0,0.E0));
#2692=VECTOR('',#2691,6.4E-1);
#2693=CARTESIAN_POINT('',(7.82E0,1.18E0,-1.645E0));
#2694=LINE('',#2693,#2692);
#2695=DIRECTION('',(1.E0,0.E0,0.E0));
#2696=VECTOR('',#2695,6.4E-1);
#2697=CARTESIAN_POINT('',(7.18E0,1.82E0,-1.645E0));
#2698=LINE('',#2697,#2696);
#2699=DIRECTION('',(0.E0,1.E0,0.E0));
#2700=VECTOR('',#2699,6.4E-1);
#2701=CARTESIAN_POINT('',(7.18E0,1.18E0,-1.645E0));
#2702=LINE('',#2701,#2700);
#2703=DIRECTION('',(1.E0,0.E0,0.E0));
#2704=VECTOR('',#2703,6.4E-1);
#2705=CARTESIAN_POINT('',(7.18E0,1.18E0,-1.645E0));
#2706=LINE('',#2705,#2704);
#2707=DIRECTION('',(0.E0,1.E0,0.E0));
#2708=VECTOR('',#2707,6.4E-1);
#2709=CARTESIAN_POINT('',(4.82E0,-1.82E0,-1.645E0));
#2710=LINE('',#2709,#2708);
#2711=DIRECTION('',(1.E0,0.E0,0.E0));
#2712=VECTOR('',#2711,6.4E-1);
#2713=CARTESIAN_POINT('',(4.18E0,-1.18E0,-1.645E0));
#2714=LINE('',#2713,#2712);
#2715=DIRECTION('',(0.E0,1.E0,0.E0));
#2716=VECTOR('',#2715,6.4E-1);
#2717=CARTESIAN_POINT('',(4.18E0,-1.82E0,-1.645E0));
#2718=LINE('',#2717,#2716);
#2719=DIRECTION('',(1.E0,0.E0,0.E0));
#2720=VECTOR('',#2719,6.4E-1);
#2721=CARTESIAN_POINT('',(4.18E0,-1.82E0,-1.645E0));
#2722=LINE('',#2721,#2720);
#2723=DIRECTION('',(0.E0,1.E0,0.E0));
#2724=VECTOR('',#2723,6.4E-1);
#2725=CARTESIAN_POINT('',(4.82E0,1.18E0,-1.645E0));
#2726=LINE('',#2725,#2724);
#2727=DIRECTION('',(1.E0,0.E0,0.E0));
#2728=VECTOR('',#2727,6.4E-1);
#2729=CARTESIAN_POINT('',(4.18E0,1.82E0,-1.645E0));
#2730=LINE('',#2729,#2728);
#2731=DIRECTION('',(0.E0,1.E0,0.E0));
#2732=VECTOR('',#2731,6.4E-1);
#2733=CARTESIAN_POINT('',(4.18E0,1.18E0,-1.645E0));
#2734=LINE('',#2733,#2732);
#2735=DIRECTION('',(1.E0,0.E0,0.E0));
#2736=VECTOR('',#2735,6.4E-1);
#2737=CARTESIAN_POINT('',(4.18E0,1.18E0,-1.645E0));
#2738=LINE('',#2737,#2736);
#2739=DIRECTION('',(0.E0,1.E0,0.E0));
#2740=VECTOR('',#2739,6.4E-1);
#2741=CARTESIAN_POINT('',(1.82E0,-1.82E0,-1.645E0));
#2742=LINE('',#2741,#2740);
#2743=DIRECTION('',(1.E0,0.E0,0.E0));
#2744=VECTOR('',#2743,6.4E-1);
#2745=CARTESIAN_POINT('',(1.18E0,-1.18E0,-1.645E0));
#2746=LINE('',#2745,#2744);
#2747=DIRECTION('',(0.E0,1.E0,0.E0));
#2748=VECTOR('',#2747,6.4E-1);
#2749=CARTESIAN_POINT('',(1.18E0,-1.82E0,-1.645E0));
#2750=LINE('',#2749,#2748);
#2751=DIRECTION('',(1.E0,0.E0,0.E0));
#2752=VECTOR('',#2751,6.4E-1);
#2753=CARTESIAN_POINT('',(1.18E0,-1.82E0,-1.645E0));
#2754=LINE('',#2753,#2752);
#2755=DIRECTION('',(0.E0,1.E0,0.E0));
#2756=VECTOR('',#2755,6.4E-1);
#2757=CARTESIAN_POINT('',(1.82E0,1.18E0,-1.645E0));
#2758=LINE('',#2757,#2756);
#2759=DIRECTION('',(1.E0,0.E0,0.E0));
#2760=VECTOR('',#2759,6.4E-1);
#2761=CARTESIAN_POINT('',(1.18E0,1.82E0,-1.645E0));
#2762=LINE('',#2761,#2760);
#2763=DIRECTION('',(0.E0,1.E0,0.E0));
#2764=VECTOR('',#2763,6.4E-1);
#2765=CARTESIAN_POINT('',(1.18E0,1.18E0,-1.645E0));
#2766=LINE('',#2765,#2764);
#2767=DIRECTION('',(1.E0,0.E0,0.E0));
#2768=VECTOR('',#2767,6.4E-1);
#2769=CARTESIAN_POINT('',(1.18E0,1.18E0,-1.645E0));
#2770=LINE('',#2769,#2768);
#2771=DIRECTION('',(0.E0,1.E0,0.E0));
#2772=VECTOR('',#2771,6.4E-1);
#2773=CARTESIAN_POINT('',(-1.18E0,-1.82E0,-1.645E0));
#2774=LINE('',#2773,#2772);
#2775=DIRECTION('',(1.E0,0.E0,0.E0));
#2776=VECTOR('',#2775,6.4E-1);
#2777=CARTESIAN_POINT('',(-1.82E0,-1.18E0,-1.645E0));
#2778=LINE('',#2777,#2776);
#2779=DIRECTION('',(0.E0,1.E0,0.E0));
#2780=VECTOR('',#2779,6.4E-1);
#2781=CARTESIAN_POINT('',(-1.82E0,-1.82E0,-1.645E0));
#2782=LINE('',#2781,#2780);
#2783=DIRECTION('',(1.E0,0.E0,0.E0));
#2784=VECTOR('',#2783,6.4E-1);
#2785=CARTESIAN_POINT('',(-1.82E0,-1.82E0,-1.645E0));
#2786=LINE('',#2785,#2784);
#2787=DIRECTION('',(0.E0,1.E0,0.E0));
#2788=VECTOR('',#2787,6.4E-1);
#2789=CARTESIAN_POINT('',(-1.18E0,1.18E0,-1.645E0));
#2790=LINE('',#2789,#2788);
#2791=DIRECTION('',(1.E0,0.E0,0.E0));
#2792=VECTOR('',#2791,6.4E-1);
#2793=CARTESIAN_POINT('',(-1.82E0,1.82E0,-1.645E0));
#2794=LINE('',#2793,#2792);
#2795=DIRECTION('',(0.E0,1.E0,0.E0));
#2796=VECTOR('',#2795,6.4E-1);
#2797=CARTESIAN_POINT('',(-1.82E0,1.18E0,-1.645E0));
#2798=LINE('',#2797,#2796);
#2799=DIRECTION('',(1.E0,0.E0,0.E0));
#2800=VECTOR('',#2799,6.4E-1);
#2801=CARTESIAN_POINT('',(-1.82E0,1.18E0,-1.645E0));
#2802=LINE('',#2801,#2800);
#2803=DIRECTION('',(0.E0,1.E0,0.E0));
#2804=VECTOR('',#2803,6.4E-1);
#2805=CARTESIAN_POINT('',(-4.18E0,-1.82E0,-1.645E0));
#2806=LINE('',#2805,#2804);
#2807=DIRECTION('',(1.E0,0.E0,0.E0));
#2808=VECTOR('',#2807,6.4E-1);
#2809=CARTESIAN_POINT('',(-4.82E0,-1.18E0,-1.645E0));
#2810=LINE('',#2809,#2808);
#2811=DIRECTION('',(0.E0,1.E0,0.E0));
#2812=VECTOR('',#2811,6.4E-1);
#2813=CARTESIAN_POINT('',(-4.82E0,-1.82E0,-1.645E0));
#2814=LINE('',#2813,#2812);
#2815=DIRECTION('',(1.E0,0.E0,0.E0));
#2816=VECTOR('',#2815,6.4E-1);
#2817=CARTESIAN_POINT('',(-4.82E0,-1.82E0,-1.645E0));
#2818=LINE('',#2817,#2816);
#2819=DIRECTION('',(0.E0,1.E0,0.E0));
#2820=VECTOR('',#2819,6.4E-1);
#2821=CARTESIAN_POINT('',(-4.18E0,1.18E0,-1.645E0));
#2822=LINE('',#2821,#2820);
#2823=DIRECTION('',(1.E0,0.E0,0.E0));
#2824=VECTOR('',#2823,6.4E-1);
#2825=CARTESIAN_POINT('',(-4.82E0,1.82E0,-1.645E0));
#2826=LINE('',#2825,#2824);
#2827=DIRECTION('',(0.E0,1.E0,0.E0));
#2828=VECTOR('',#2827,6.4E-1);
#2829=CARTESIAN_POINT('',(-4.82E0,1.18E0,-1.645E0));
#2830=LINE('',#2829,#2828);
#2831=DIRECTION('',(1.E0,0.E0,0.E0));
#2832=VECTOR('',#2831,6.4E-1);
#2833=CARTESIAN_POINT('',(-4.82E0,1.18E0,-1.645E0));
#2834=LINE('',#2833,#2832);
#2835=DIRECTION('',(0.E0,1.E0,0.E0));
#2836=VECTOR('',#2835,6.4E-1);
#2837=CARTESIAN_POINT('',(-7.18E0,-1.82E0,-1.645E0));
#2838=LINE('',#2837,#2836);
#2839=DIRECTION('',(1.E0,0.E0,0.E0));
#2840=VECTOR('',#2839,6.4E-1);
#2841=CARTESIAN_POINT('',(-7.82E0,-1.18E0,-1.645E0));
#2842=LINE('',#2841,#2840);
#2843=DIRECTION('',(0.E0,1.E0,0.E0));
#2844=VECTOR('',#2843,6.4E-1);
#2845=CARTESIAN_POINT('',(-7.82E0,-1.82E0,-1.645E0));
#2846=LINE('',#2845,#2844);
#2847=DIRECTION('',(1.E0,0.E0,0.E0));
#2848=VECTOR('',#2847,6.4E-1);
#2849=CARTESIAN_POINT('',(-7.82E0,-1.82E0,-1.645E0));
#2850=LINE('',#2849,#2848);
#2851=DIRECTION('',(0.E0,1.E0,0.E0));
#2852=VECTOR('',#2851,6.4E-1);
#2853=CARTESIAN_POINT('',(-7.18E0,1.18E0,-1.645E0));
#2854=LINE('',#2853,#2852);
#2855=DIRECTION('',(1.E0,0.E0,0.E0));
#2856=VECTOR('',#2855,6.4E-1);
#2857=CARTESIAN_POINT('',(-7.82E0,1.82E0,-1.645E0));
#2858=LINE('',#2857,#2856);
#2859=DIRECTION('',(0.E0,1.E0,0.E0));
#2860=VECTOR('',#2859,6.4E-1);
#2861=CARTESIAN_POINT('',(-7.82E0,1.18E0,-1.645E0));
#2862=LINE('',#2861,#2860);
#2863=DIRECTION('',(1.E0,0.E0,0.E0));
#2864=VECTOR('',#2863,6.4E-1);
#2865=CARTESIAN_POINT('',(-7.82E0,1.18E0,-1.645E0));
#2866=LINE('',#2865,#2864);
#2867=DIRECTION('',(0.E0,0.E0,-1.E0));
#2868=VECTOR('',#2867,6.6E0);
#2869=CARTESIAN_POINT('',(8.77E0,-2.3E-1,4.955E0));
#2870=LINE('',#2869,#2868);
#2871=DIRECTION('',(0.E0,0.E0,-1.E0));
#2872=VECTOR('',#2871,6.6E0);
#2873=CARTESIAN_POINT('',(8.77E0,-2.07E0,4.955E0));
#2874=LINE('',#2873,#2872);
#2875=DIRECTION('',(0.E0,0.E0,-1.E0));
#2876=VECTOR('',#2875,6.6E0);
#2877=CARTESIAN_POINT('',(8.07E0,-2.77E0,4.955E0));
#2878=LINE('',#2877,#2876);
#2879=DIRECTION('',(0.E0,0.E0,-1.E0));
#2880=VECTOR('',#2879,6.6E0);
#2881=CARTESIAN_POINT('',(6.23E0,-2.77E0,4.955E0));
#2882=LINE('',#2881,#2880);
#2883=DIRECTION('',(0.E0,0.E0,-1.E0));
#2884=VECTOR('',#2883,6.6E0);
#2885=CARTESIAN_POINT('',(6.23E0,-2.3E-1,4.955E0));
#2886=LINE('',#2885,#2884);
#2887=DIRECTION('',(0.E0,0.E0,-1.E0));
#2888=VECTOR('',#2887,6.6E0);
#2889=CARTESIAN_POINT('',(3.23E0,-2.3E-1,4.955E0));
#2890=LINE('',#2889,#2888);
#2891=DIRECTION('',(0.E0,0.E0,-1.E0));
#2892=VECTOR('',#2891,6.6E0);
#2893=CARTESIAN_POINT('',(5.77E0,-2.3E-1,4.955E0));
#2894=LINE('',#2893,#2892);
#2895=DIRECTION('',(0.E0,0.E0,-1.E0));
#2896=VECTOR('',#2895,6.6E0);
#2897=CARTESIAN_POINT('',(5.77E0,-2.77E0,4.955E0));
#2898=LINE('',#2897,#2896);
#2899=DIRECTION('',(0.E0,0.E0,-1.E0));
#2900=VECTOR('',#2899,6.6E0);
#2901=CARTESIAN_POINT('',(3.93E0,-2.77E0,4.955E0));
#2902=LINE('',#2901,#2900);
#2903=DIRECTION('',(0.E0,0.E0,-1.E0));
#2904=VECTOR('',#2903,6.6E0);
#2905=CARTESIAN_POINT('',(3.23E0,-2.07E0,4.955E0));
#2906=LINE('',#2905,#2904);
#2907=DIRECTION('',(0.E0,0.E0,-1.E0));
#2908=VECTOR('',#2907,6.6E0);
#2909=CARTESIAN_POINT('',(3.93E0,2.3E-1,4.955E0));
#2910=LINE('',#2909,#2908);
#2911=DIRECTION('',(0.E0,0.E0,-1.E0));
#2912=VECTOR('',#2911,6.6E0);
#2913=CARTESIAN_POINT('',(3.23E0,9.3E-1,4.955E0));
#2914=LINE('',#2913,#2912);
#2915=DIRECTION('',(0.E0,0.E0,-1.E0));
#2916=VECTOR('',#2915,6.6E0);
#2917=CARTESIAN_POINT('',(3.23E0,2.77E0,4.955E0));
#2918=LINE('',#2917,#2916);
#2919=DIRECTION('',(0.E0,0.E0,-1.E0));
#2920=VECTOR('',#2919,6.6E0);
#2921=CARTESIAN_POINT('',(5.77E0,2.77E0,4.955E0));
#2922=LINE('',#2921,#2920);
#2923=DIRECTION('',(0.E0,0.E0,-1.E0));
#2924=VECTOR('',#2923,6.6E0);
#2925=CARTESIAN_POINT('',(5.77E0,2.3E-1,4.955E0));
#2926=LINE('',#2925,#2924);
#2927=DIRECTION('',(0.E0,0.E0,-1.E0));
#2928=VECTOR('',#2927,6.6E0);
#2929=CARTESIAN_POINT('',(2.3E-1,2.3E-1,4.955E0));
#2930=LINE('',#2929,#2928);
#2931=DIRECTION('',(0.E0,0.E0,-1.E0));
#2932=VECTOR('',#2931,6.6E0);
#2933=CARTESIAN_POINT('',(2.3E-1,2.77E0,4.955E0));
#2934=LINE('',#2933,#2932);
#2935=DIRECTION('',(0.E0,0.E0,-1.E0));
#2936=VECTOR('',#2935,6.6E0);
#2937=CARTESIAN_POINT('',(2.77E0,2.77E0,4.955E0));
#2938=LINE('',#2937,#2936);
#2939=DIRECTION('',(0.E0,0.E0,-1.E0));
#2940=VECTOR('',#2939,6.6E0);
#2941=CARTESIAN_POINT('',(2.77E0,2.3E-1,4.955E0));
#2942=LINE('',#2941,#2940);
#2943=DIRECTION('',(0.E0,0.E0,-1.E0));
#2944=VECTOR('',#2943,6.6E0);
#2945=CARTESIAN_POINT('',(2.77E0,-2.3E-1,4.955E0));
#2946=LINE('',#2945,#2944);
#2947=DIRECTION('',(0.E0,0.E0,-1.E0));
#2948=VECTOR('',#2947,6.6E0);
#2949=CARTESIAN_POINT('',(2.77E0,-2.07E0,4.955E0));
#2950=LINE('',#2949,#2948);
#2951=DIRECTION('',(0.E0,0.E0,-1.E0));
#2952=VECTOR('',#2951,6.6E0);
#2953=CARTESIAN_POINT('',(2.07E0,-2.77E0,4.955E0));
#2954=LINE('',#2953,#2952);
#2955=DIRECTION('',(0.E0,0.E0,-1.E0));
#2956=VECTOR('',#2955,6.6E0);
#2957=CARTESIAN_POINT('',(2.3E-1,-2.77E0,4.955E0));
#2958=LINE('',#2957,#2956);
#2959=DIRECTION('',(0.E0,0.E0,-1.E0));
#2960=VECTOR('',#2959,6.6E0);
#2961=CARTESIAN_POINT('',(2.3E-1,-2.3E-1,4.955E0));
#2962=LINE('',#2961,#2960);
#2963=DIRECTION('',(0.E0,0.E0,-1.E0));
#2964=VECTOR('',#2963,6.6E0);
#2965=CARTESIAN_POINT('',(-2.77E0,-2.77E0,4.955E0));
#2966=LINE('',#2965,#2964);
#2967=DIRECTION('',(0.E0,0.E0,-1.E0));
#2968=VECTOR('',#2967,6.6E0);
#2969=CARTESIAN_POINT('',(-2.77E0,-2.3E-1,4.955E0));
#2970=LINE('',#2969,#2968);
#2971=DIRECTION('',(0.E0,0.E0,-1.E0));
#2972=VECTOR('',#2971,6.6E0);
#2973=CARTESIAN_POINT('',(-2.3E-1,-2.3E-1,4.955E0));
#2974=LINE('',#2973,#2972);
#2975=DIRECTION('',(0.E0,0.E0,-1.E0));
#2976=VECTOR('',#2975,6.6E0);
#2977=CARTESIAN_POINT('',(-2.3E-1,-2.07E0,4.955E0));
#2978=LINE('',#2977,#2976);
#2979=DIRECTION('',(0.E0,0.E0,-1.E0));
#2980=VECTOR('',#2979,6.6E0);
#2981=CARTESIAN_POINT('',(-9.3E-1,-2.77E0,4.955E0));
#2982=LINE('',#2981,#2980);
#2983=DIRECTION('',(0.E0,0.E0,-1.E0));
#2984=VECTOR('',#2983,6.6E0);
#2985=CARTESIAN_POINT('',(-2.77E0,2.3E-1,4.955E0));
#2986=LINE('',#2985,#2984);
#2987=DIRECTION('',(0.E0,0.E0,-1.E0));
#2988=VECTOR('',#2987,6.6E0);
#2989=CARTESIAN_POINT('',(-2.77E0,2.77E0,4.955E0));
#2990=LINE('',#2989,#2988);
#2991=DIRECTION('',(0.E0,0.E0,-1.E0));
#2992=VECTOR('',#2991,6.6E0);
#2993=CARTESIAN_POINT('',(-2.3E-1,2.77E0,4.955E0));
#2994=LINE('',#2993,#2992);
#2995=DIRECTION('',(0.E0,0.E0,-1.E0));
#2996=VECTOR('',#2995,6.6E0);
#2997=CARTESIAN_POINT('',(-2.3E-1,9.3E-1,4.955E0));
#2998=LINE('',#2997,#2996);
#2999=DIRECTION('',(0.E0,0.E0,-1.E0));
#3000=VECTOR('',#2999,6.6E0);
#3001=CARTESIAN_POINT('',(-9.3E-1,2.3E-1,4.955E0));
#3002=LINE('',#3001,#3000);
#3003=DIRECTION('',(0.E0,0.E0,-1.E0));
#3004=VECTOR('',#3003,6.6E0);
#3005=CARTESIAN_POINT('',(-3.23E0,-2.3E-1,4.955E0));
#3006=LINE('',#3005,#3004);
#3007=DIRECTION('',(0.E0,0.E0,-1.E0));
#3008=VECTOR('',#3007,6.6E0);
#3009=CARTESIAN_POINT('',(-3.23E0,-2.07E0,4.955E0));
#3010=LINE('',#3009,#3008);
#3011=DIRECTION('',(0.E0,0.E0,-1.E0));
#3012=VECTOR('',#3011,6.6E0);
#3013=CARTESIAN_POINT('',(-3.93E0,-2.77E0,4.955E0));
#3014=LINE('',#3013,#3012);
#3015=DIRECTION('',(0.E0,0.E0,-1.E0));
#3016=VECTOR('',#3015,6.6E0);
#3017=CARTESIAN_POINT('',(-5.77E0,-2.77E0,4.955E0));
#3018=LINE('',#3017,#3016);
#3019=DIRECTION('',(0.E0,0.E0,-1.E0));
#3020=VECTOR('',#3019,6.6E0);
#3021=CARTESIAN_POINT('',(-5.77E0,-2.3E-1,4.955E0));
#3022=LINE('',#3021,#3020);
#3023=DIRECTION('',(0.E0,0.E0,-1.E0));
#3024=VECTOR('',#3023,6.6E0);
#3025=CARTESIAN_POINT('',(-5.77E0,2.3E-1,4.955E0));
#3026=LINE('',#3025,#3024);
#3027=DIRECTION('',(0.E0,0.E0,-1.E0));
#3028=VECTOR('',#3027,6.6E0);
#3029=CARTESIAN_POINT('',(-5.77E0,2.77E0,4.955E0));
#3030=LINE('',#3029,#3028);
#3031=DIRECTION('',(0.E0,0.E0,-1.E0));
#3032=VECTOR('',#3031,6.6E0);
#3033=CARTESIAN_POINT('',(-3.23E0,2.77E0,4.955E0));
#3034=LINE('',#3033,#3032);
#3035=DIRECTION('',(0.E0,0.E0,-1.E0));
#3036=VECTOR('',#3035,6.6E0);
#3037=CARTESIAN_POINT('',(-3.23E0,9.3E-1,4.955E0));
#3038=LINE('',#3037,#3036);
#3039=DIRECTION('',(0.E0,0.E0,-1.E0));
#3040=VECTOR('',#3039,6.6E0);
#3041=CARTESIAN_POINT('',(-3.93E0,2.3E-1,4.955E0));
#3042=LINE('',#3041,#3040);
#3043=DIRECTION('',(0.E0,0.E0,-1.E0));
#3044=VECTOR('',#3043,6.6E0);
#3045=CARTESIAN_POINT('',(-6.23E0,-2.07E0,4.955E0));
#3046=LINE('',#3045,#3044);
#3047=DIRECTION('',(0.E0,0.E0,-1.E0));
#3048=VECTOR('',#3047,6.6E0);
#3049=CARTESIAN_POINT('',(-6.93E0,-2.77E0,4.955E0));
#3050=LINE('',#3049,#3048);
#3051=DIRECTION('',(0.E0,0.E0,-1.E0));
#3052=VECTOR('',#3051,6.6E0);
#3053=CARTESIAN_POINT('',(-8.77E0,-2.77E0,4.955E0));
#3054=LINE('',#3053,#3052);
#3055=DIRECTION('',(0.E0,0.E0,-1.E0));
#3056=VECTOR('',#3055,6.6E0);
#3057=CARTESIAN_POINT('',(-8.77E0,-2.3E-1,4.955E0));
#3058=LINE('',#3057,#3056);
#3059=DIRECTION('',(0.E0,0.E0,-1.E0));
#3060=VECTOR('',#3059,6.6E0);
#3061=CARTESIAN_POINT('',(-6.23E0,-2.3E-1,4.955E0));
#3062=LINE('',#3061,#3060);
#3063=DIRECTION('',(0.E0,0.E0,-1.E0));
#3064=VECTOR('',#3063,6.6E0);
#3065=CARTESIAN_POINT('',(-6.23E0,9.3E-1,4.955E0));
#3066=LINE('',#3065,#3064);
#3067=DIRECTION('',(0.E0,0.E0,-1.E0));
#3068=VECTOR('',#3067,6.6E0);
#3069=CARTESIAN_POINT('',(-6.93E0,2.3E-1,4.955E0));
#3070=LINE('',#3069,#3068);
#3071=DIRECTION('',(0.E0,0.E0,-1.E0));
#3072=VECTOR('',#3071,6.6E0);
#3073=CARTESIAN_POINT('',(-8.77E0,2.3E-1,4.955E0));
#3074=LINE('',#3073,#3072);
#3075=DIRECTION('',(0.E0,0.E0,-1.E0));
#3076=VECTOR('',#3075,6.6E0);
#3077=CARTESIAN_POINT('',(-8.77E0,2.77E0,4.955E0));
#3078=LINE('',#3077,#3076);
#3079=DIRECTION('',(0.E0,0.E0,-1.E0));
#3080=VECTOR('',#3079,6.6E0);
#3081=CARTESIAN_POINT('',(-6.23E0,2.77E0,4.955E0));
#3082=LINE('',#3081,#3080);
#3083=DIRECTION('',(0.E0,0.E0,1.E0));
#3084=VECTOR('',#3083,1.95E0);
#3085=CARTESIAN_POINT('',(7.82E0,1.82E0,-6.905E0));
#3086=LINE('',#3085,#3084);
#3087=DIRECTION('',(0.E0,1.E0,0.E0));
#3088=VECTOR('',#3087,1.E0);
#3089=CARTESIAN_POINT('',(7.82E0,8.2E-1,-6.905E0));
#3090=LINE('',#3089,#3088);
#3091=DIRECTION('',(0.E0,9.038807571657E-1,4.277844981127E-1));
#3092=VECTOR('',#3091,4.547059960528E0);
#3093=CARTESIAN_POINT('',(7.82E0,-3.29E0,-8.850161763103E0));
#3094=LINE('',#3093,#3092);
#3095=DIRECTION('',(0.E0,0.E0,1.E0));
#3096=VECTOR('',#3095,1.274838236897E0);
#3097=CARTESIAN_POINT('',(7.82E0,-3.29E0,-1.0125E1));
#3098=LINE('',#3097,#3096);
#3099=CARTESIAN_POINT('',(7.82E0,-3.61E0,-1.0125E1));
#3100=DIRECTION('',(1.E0,0.E0,0.E0));
#3101=DIRECTION('',(0.E0,-1.E0,0.E0));
#3102=AXIS2_PLACEMENT_3D('',#3099,#3100,#3101);
#3104=DIRECTION('',(0.E0,0.E0,-1.E0));
#3105=VECTOR('',#3104,1.68E0);
#3106=CARTESIAN_POINT('',(7.82E0,-3.93E0,-8.445E0));
#3107=LINE('',#3106,#3105);
#3108=DIRECTION('',(0.E0,-9.038807571657E-1,-4.277844981127E-1));
#3109=VECTOR('',#3108,5.336867956104E0);
#3110=CARTESIAN_POINT('',(7.82E0,8.938922490563E-1,-6.161970619905E0));
#3111=LINE('',#3110,#3109);
#3112=CARTESIAN_POINT('',(7.82E0,6.8E-1,-5.710030241322E0));
#3113=DIRECTION('',(-1.E0,0.E0,0.E0));
#3114=DIRECTION('',(0.E0,1.E0,0.E0));
#3115=AXIS2_PLACEMENT_3D('',#3112,#3113,#3114);
#3117=DIRECTION('',(0.E0,0.E0,-1.E0));
#3118=VECTOR('',#3117,1.425030241322E0);
#3119=CARTESIAN_POINT('',(7.82E0,1.18E0,-4.285E0));
#3120=LINE('',#3119,#3118);
#3121=DIRECTION('',(0.E0,0.E0,1.E0));
#3122=VECTOR('',#3121,6.7E-1);
#3123=CARTESIAN_POINT('',(7.82E0,3.2E-1,-4.955E0));
#3124=LINE('',#3123,#3122);
#3125=DIRECTION('',(0.E0,1.E0,0.E0));
#3126=VECTOR('',#3125,6.4E-1);
#3127=CARTESIAN_POINT('',(7.82E0,-3.2E-1,-4.955E0));
#3128=LINE('',#3127,#3126);
#3129=DIRECTION('',(0.E0,0.E0,-1.E0));
#3130=VECTOR('',#3129,6.7E-1);
#3131=CARTESIAN_POINT('',(7.82E0,-3.2E-1,-4.285E0));
#3132=LINE('',#3131,#3130);
#3133=DIRECTION('',(0.E0,0.E0,1.E0));
#3134=VECTOR('',#3133,4.7E-1);
#3135=CARTESIAN_POINT('',(7.82E0,-3.29E0,-5.425E0));
#3136=LINE('',#3135,#3134);
#3137=CARTESIAN_POINT('',(7.82E0,-3.61E0,-5.425E0));
#3138=DIRECTION('',(1.E0,0.E0,0.E0));
#3139=DIRECTION('',(0.E0,-1.E0,0.E0));
#3140=AXIS2_PLACEMENT_3D('',#3137,#3138,#3139);
#3142=DIRECTION('',(0.E0,0.E0,-1.E0));
#3143=VECTOR('',#3142,1.68E0);
#3144=CARTESIAN_POINT('',(7.82E0,-3.93E0,-3.745E0));
#3145=LINE('',#3144,#3143);
#3146=DIRECTION('',(0.E0,-1.E0,0.E0));
#3147=VECTOR('',#3146,5.E-1);
#3148=CARTESIAN_POINT('',(7.82E0,-3.43E0,-3.745E0));
#3149=LINE('',#3148,#3147);
#3150=DIRECTION('',(0.E0,-1.E0,0.E0));
#3151=VECTOR('',#3150,6.4E-1);
#3152=CARTESIAN_POINT('',(7.82E0,1.82E0,1.555E0));
#3153=LINE('',#3152,#3151);
#3154=DIRECTION('',(0.E0,0.E0,1.E0));
#3155=VECTOR('',#3154,3.2E0);
#3156=CARTESIAN_POINT('',(7.82E0,1.82E0,-1.645E0));
#3157=LINE('',#3156,#3155);
#3158=DIRECTION('',(0.E0,0.E0,-1.E0));
#3159=VECTOR('',#3158,3.2E0);
#3160=CARTESIAN_POINT('',(7.82E0,1.18E0,1.555E0));
#3161=LINE('',#3160,#3159);
#3162=DIRECTION('',(0.E0,-1.E0,0.E0));
#3163=VECTOR('',#3162,6.4E-1);
#3164=CARTESIAN_POINT('',(7.82E0,-1.18E0,1.555E0));
#3165=LINE('',#3164,#3163);
#3166=DIRECTION('',(0.E0,0.E0,1.E0));
#3167=VECTOR('',#3166,3.2E0);
#3168=CARTESIAN_POINT('',(7.82E0,-1.18E0,-1.645E0));
#3169=LINE('',#3168,#3167);
#3170=DIRECTION('',(0.E0,0.E0,-1.E0));
#3171=VECTOR('',#3170,3.2E0);
#3172=CARTESIAN_POINT('',(7.82E0,-1.82E0,1.555E0));
#3173=LINE('',#3172,#3171);
#3174=DIRECTION('',(-1.E0,0.E0,0.E0));
#3175=VECTOR('',#3174,6.4E-1);
#3176=CARTESIAN_POINT('',(7.82E0,1.82E0,-6.905E0));
#3177=LINE('',#3176,#3175);
#3178=DIRECTION('',(-1.E0,0.E0,0.E0));
#3179=VECTOR('',#3178,6.4E-1);
#3180=CARTESIAN_POINT('',(7.82E0,1.82E0,1.555E0));
#3181=LINE('',#3180,#3179);
#3182=DIRECTION('',(0.E0,0.E0,1.E0));
#3183=VECTOR('',#3182,1.3E0);
#3184=CARTESIAN_POINT('',(7.18E0,1.82E0,-4.955E0));
#3185=LINE('',#3184,#3183);
#3186=DIRECTION('',(0.E0,0.E0,1.E0));
#3187=VECTOR('',#3186,6.3E-1);
#3188=CARTESIAN_POINT('',(7.18E0,1.18E0,-4.285E0));
#3189=LINE('',#3188,#3187);
#3190=DIRECTION('',(0.E0,0.E0,1.E0));
#3191=VECTOR('',#3190,6.3E-1);
#3192=CARTESIAN_POINT('',(7.18E0,3.2E-1,-4.285E0));
#3193=LINE('',#3192,#3191);
#3194=DIRECTION('',(0.E0,0.E0,-1.E0));
#3195=VECTOR('',#3194,6.3E-1);
#3196=CARTESIAN_POINT('',(7.18E0,-1.18E0,-3.655E0));
#3197=LINE('',#3196,#3195);
#3198=DIRECTION('',(0.E0,0.E0,1.E0));
#3199=VECTOR('',#3198,6.3E-1);
#3200=CARTESIAN_POINT('',(7.18E0,-3.2E-1,-4.285E0));
#3201=LINE('',#3200,#3199);
#3202=DIRECTION('',(0.E0,-1.E0,0.E0));
#3203=VECTOR('',#3202,1.355E0);
#3204=CARTESIAN_POINT('',(7.18E0,3.175E0,-3.655E0));
#3205=LINE('',#3204,#3203);
#3206=DIRECTION('',(1.E0,0.E0,0.E0));
#3207=VECTOR('',#3206,6.4E-1);
#3208=CARTESIAN_POINT('',(7.18E0,1.82E0,-3.655E0));
#3209=LINE('',#3208,#3207);
#3210=DIRECTION('',(1.E0,0.E0,0.E0));
#3211=VECTOR('',#3210,6.4E-1);
#3212=CARTESIAN_POINT('',(7.18E0,1.18E0,-3.655E0));
#3213=LINE('',#3212,#3211);
#3214=DIRECTION('',(0.E0,-1.E0,0.E0));
#3215=VECTOR('',#3214,8.6E-1);
#3216=CARTESIAN_POINT('',(7.18E0,1.18E0,-3.655E0));
#3217=LINE('',#3216,#3215);
#3218=DIRECTION('',(1.E0,0.E0,0.E0));
#3219=VECTOR('',#3218,6.4E-1);
#3220=CARTESIAN_POINT('',(7.18E0,3.2E-1,-3.655E0));
#3221=LINE('',#3220,#3219);
#3222=DIRECTION('',(1.E0,0.E0,0.E0));
#3223=VECTOR('',#3222,6.4E-1);
#3224=CARTESIAN_POINT('',(7.18E0,-3.2E-1,-3.655E0));
#3225=LINE('',#3224,#3223);
#3226=DIRECTION('',(0.E0,-1.E0,0.E0));
#3227=VECTOR('',#3226,8.6E-1);
#3228=CARTESIAN_POINT('',(7.18E0,-3.2E-1,-3.655E0));
#3229=LINE('',#3228,#3227);
#3230=DIRECTION('',(1.E0,0.E0,0.E0));
#3231=VECTOR('',#3230,6.4E-1);
#3232=CARTESIAN_POINT('',(7.18E0,-1.18E0,-3.655E0));
#3233=LINE('',#3232,#3231);
#3234=DIRECTION('',(0.E0,-1.E0,0.E0));
#3235=VECTOR('',#3234,1.355E0);
#3236=CARTESIAN_POINT('',(7.82E0,3.175E0,-3.655E0));
#3237=LINE('',#3236,#3235);
#3238=DIRECTION('',(0.E0,0.E0,-1.E0));
#3239=VECTOR('',#3238,1.3E0);
#3240=CARTESIAN_POINT('',(7.82E0,1.82E0,-3.655E0));
#3241=LINE('',#3240,#3239);
#3242=DIRECTION('',(0.E0,0.E0,-1.E0));
#3243=VECTOR('',#3242,6.3E-1);
#3244=CARTESIAN_POINT('',(7.82E0,1.18E0,-3.655E0));
#3245=LINE('',#3244,#3243);
#3246=DIRECTION('',(0.E0,-1.E0,0.E0));
#3247=VECTOR('',#3246,8.6E-1);
#3248=CARTESIAN_POINT('',(7.82E0,1.18E0,-3.655E0));
#3249=LINE('',#3248,#3247);
#3250=DIRECTION('',(0.E0,0.E0,-1.E0));
#3251=VECTOR('',#3250,6.3E-1);
#3252=CARTESIAN_POINT('',(7.82E0,3.2E-1,-3.655E0));
#3253=LINE('',#3252,#3251);
#3254=DIRECTION('',(0.E0,0.E0,-1.E0));
#3255=VECTOR('',#3254,6.3E-1);
#3256=CARTESIAN_POINT('',(7.82E0,-3.2E-1,-3.655E0));
#3257=LINE('',#3256,#3255);
#3258=DIRECTION('',(0.E0,-1.E0,0.E0));
#3259=VECTOR('',#3258,8.6E-1);
#3260=CARTESIAN_POINT('',(7.82E0,-3.2E-1,-3.655E0));
#3261=LINE('',#3260,#3259);
#3262=DIRECTION('',(0.E0,0.E0,-1.E0));
#3263=VECTOR('',#3262,6.3E-1);
#3264=CARTESIAN_POINT('',(7.82E0,-1.18E0,-3.655E0));
#3265=LINE('',#3264,#3263);
#3266=DIRECTION('',(-1.E0,0.E0,0.E0));
#3267=VECTOR('',#3266,6.4E-1);
#3268=CARTESIAN_POINT('',(7.82E0,1.18E0,1.555E0));
#3269=LINE('',#3268,#3267);
#3270=DIRECTION('',(-1.E0,0.E0,0.E0));
#3271=VECTOR('',#3270,6.4E-1);
#3272=CARTESIAN_POINT('',(7.82E0,1.18E0,-5.710030241322E0));
#3273=LINE('',#3272,#3271);
#3274=DIRECTION('',(-1.E0,0.E0,0.E0));
#3275=VECTOR('',#3274,6.4E-1);
#3276=CARTESIAN_POINT('',(7.82E0,8.938922490563E-1,-6.161970619905E0));
#3277=LINE('',#3276,#3275);
#3278=DIRECTION('',(-1.E0,0.E0,0.E0));
#3279=VECTOR('',#3278,6.4E-1);
#3280=CARTESIAN_POINT('',(7.82E0,-3.93E0,-8.445E0));
#3281=LINE('',#3280,#3279);
#3282=DIRECTION('',(-1.E0,0.E0,0.E0));
#3283=VECTOR('',#3282,6.4E-1);
#3284=CARTESIAN_POINT('',(7.82E0,-3.93E0,-1.0125E1));
#3285=LINE('',#3284,#3283);
#3286=DIRECTION('',(-1.E0,0.E0,0.E0));
#3287=VECTOR('',#3286,6.4E-1);
#3288=CARTESIAN_POINT('',(7.82E0,-3.29E0,-1.0125E1));
#3289=LINE('',#3288,#3287);
#3290=DIRECTION('',(-1.E0,0.E0,0.E0));
#3291=VECTOR('',#3290,6.4E-1);
#3292=CARTESIAN_POINT('',(7.82E0,-3.29E0,-8.850161763103E0));
#3293=LINE('',#3292,#3291);
#3294=DIRECTION('',(-1.E0,0.E0,0.E0));
#3295=VECTOR('',#3294,6.4E-1);
#3296=CARTESIAN_POINT('',(7.82E0,8.2E-1,-6.905E0));
#3297=LINE('',#3296,#3295);
#3298=DIRECTION('',(0.E0,-1.E0,0.E0));
#3299=VECTOR('',#3298,5.E-1);
#3300=CARTESIAN_POINT('',(7.18E0,-3.43E0,-3.745E0));
#3301=LINE('',#3300,#3299);
#3302=DIRECTION('',(0.E0,0.E0,-1.E0));
#3303=VECTOR('',#3302,1.68E0);
#3304=CARTESIAN_POINT('',(7.18E0,-3.93E0,-3.745E0));
#3305=LINE('',#3304,#3303);
#3306=CARTESIAN_POINT('',(7.18E0,-3.61E0,-5.425E0));
#3307=DIRECTION('',(1.E0,0.E0,0.E0));
#3308=DIRECTION('',(0.E0,-1.E0,0.E0));
#3309=AXIS2_PLACEMENT_3D('',#3306,#3307,#3308);
#3311=DIRECTION('',(0.E0,0.E0,1.E0));
#3312=VECTOR('',#3311,4.7E-1);
#3313=CARTESIAN_POINT('',(7.18E0,-3.29E0,-5.425E0));
#3314=LINE('',#3313,#3312);
#3315=DIRECTION('',(0.E0,0.E0,1.E0));
#3316=VECTOR('',#3315,1.95E0);
#3317=CARTESIAN_POINT('',(7.18E0,1.82E0,-6.905E0));
#3318=LINE('',#3317,#3316);
#3319=DIRECTION('',(0.E0,0.E0,-1.E0));
#3320=VECTOR('',#3319,1.425030241322E0);
#3321=CARTESIAN_POINT('',(7.18E0,1.18E0,-4.285E0));
#3322=LINE('',#3321,#3320);
#3323=CARTESIAN_POINT('',(7.18E0,6.8E-1,-5.710030241322E0));
#3324=DIRECTION('',(-1.E0,0.E0,0.E0));
#3325=DIRECTION('',(0.E0,1.E0,0.E0));
#3326=AXIS2_PLACEMENT_3D('',#3323,#3324,#3325);
#3328=DIRECTION('',(0.E0,-9.038807571657E-1,-4.277844981127E-1));
#3329=VECTOR('',#3328,5.336867956104E0);
#3330=CARTESIAN_POINT('',(7.18E0,8.938922490563E-1,-6.161970619905E0));
#3331=LINE('',#3330,#3329);
#3332=DIRECTION('',(0.E0,0.E0,-1.E0));
#3333=VECTOR('',#3332,1.68E0);
#3334=CARTESIAN_POINT('',(7.18E0,-3.93E0,-8.445E0));
#3335=LINE('',#3334,#3333);
#3336=CARTESIAN_POINT('',(7.18E0,-3.61E0,-1.0125E1));
#3337=DIRECTION('',(1.E0,0.E0,0.E0));
#3338=DIRECTION('',(0.E0,-1.E0,0.E0));
#3339=AXIS2_PLACEMENT_3D('',#3336,#3337,#3338);
#3341=DIRECTION('',(0.E0,0.E0,1.E0));
#3342=VECTOR('',#3341,1.274838236897E0);
#3343=CARTESIAN_POINT('',(7.18E0,-3.29E0,-1.0125E1));
#3344=LINE('',#3343,#3342);
#3345=DIRECTION('',(0.E0,9.038807571657E-1,4.277844981127E-1));
#3346=VECTOR('',#3345,4.547059960528E0);
#3347=CARTESIAN_POINT('',(7.18E0,-3.29E0,-8.850161763103E0));
#3348=LINE('',#3347,#3346);
#3349=DIRECTION('',(0.E0,1.E0,0.E0));
#3350=VECTOR('',#3349,1.E0);
#3351=CARTESIAN_POINT('',(7.18E0,8.2E-1,-6.905E0));
#3352=LINE('',#3351,#3350);
#3353=DIRECTION('',(0.E0,0.E0,-1.E0));
#3354=VECTOR('',#3353,6.7E-1);
#3355=CARTESIAN_POINT('',(7.18E0,-3.2E-1,-4.285E0));
#3356=LINE('',#3355,#3354);
#3357=DIRECTION('',(0.E0,1.E0,0.E0));
#3358=VECTOR('',#3357,6.4E-1);
#3359=CARTESIAN_POINT('',(7.18E0,-3.2E-1,-4.955E0));
#3360=LINE('',#3359,#3358);
#3361=DIRECTION('',(0.E0,0.E0,1.E0));
#3362=VECTOR('',#3361,6.7E-1);
#3363=CARTESIAN_POINT('',(7.18E0,3.2E-1,-4.955E0));
#3364=LINE('',#3363,#3362);
#3365=DIRECTION('',(0.E0,1.E0,0.E0));
#3366=VECTOR('',#3365,6.4E-1);
#3367=CARTESIAN_POINT('',(7.18E0,1.18E0,1.555E0));
#3368=LINE('',#3367,#3366);
#3369=DIRECTION('',(0.E0,0.E0,-1.E0));
#3370=VECTOR('',#3369,3.2E0);
#3371=CARTESIAN_POINT('',(7.18E0,1.18E0,1.555E0));
#3372=LINE('',#3371,#3370);
#3373=DIRECTION('',(0.E0,0.E0,1.E0));
#3374=VECTOR('',#3373,3.2E0);
#3375=CARTESIAN_POINT('',(7.18E0,1.82E0,-1.645E0));
#3376=LINE('',#3375,#3374);
#3377=DIRECTION('',(0.E0,1.E0,0.E0));
#3378=VECTOR('',#3377,6.4E-1);
#3379=CARTESIAN_POINT('',(7.18E0,-1.82E0,1.555E0));
#3380=LINE('',#3379,#3378);
#3381=DIRECTION('',(0.E0,0.E0,-1.E0));
#3382=VECTOR('',#3381,3.2E0);
#3383=CARTESIAN_POINT('',(7.18E0,-1.82E0,1.555E0));
#3384=LINE('',#3383,#3382);
#3385=DIRECTION('',(0.E0,0.E0,1.E0));
#3386=VECTOR('',#3385,3.2E0);
#3387=CARTESIAN_POINT('',(7.18E0,-1.18E0,-1.645E0));
#3388=LINE('',#3387,#3386);
#3389=DIRECTION('',(-1.E0,0.E0,0.E0));
#3390=VECTOR('',#3389,6.4E-1);
#3391=CARTESIAN_POINT('',(7.82E0,-3.93E0,-3.745E0));
#3392=LINE('',#3391,#3390);
#3393=DIRECTION('',(-1.E0,0.E0,0.E0));
#3394=VECTOR('',#3393,6.4E-1);
#3395=CARTESIAN_POINT('',(7.82E0,-3.93E0,-5.425E0));
#3396=LINE('',#3395,#3394);
#3397=DIRECTION('',(-1.E0,0.E0,0.E0));
#3398=VECTOR('',#3397,6.4E-1);
#3399=CARTESIAN_POINT('',(7.82E0,-3.29E0,-5.425E0));
#3400=LINE('',#3399,#3398);
#3401=DIRECTION('',(-1.E0,0.E0,0.E0));
#3402=VECTOR('',#3401,6.4E-1);
#3403=CARTESIAN_POINT('',(7.82E0,-3.2E-1,-4.955E0));
#3404=LINE('',#3403,#3402);
#3405=DIRECTION('',(-1.E0,0.E0,0.E0));
#3406=VECTOR('',#3405,6.4E-1);
#3407=CARTESIAN_POINT('',(7.82E0,3.2E-1,-4.955E0));
#3408=LINE('',#3407,#3406);
#3409=DIRECTION('',(-1.744369497455E-1,1.744369497455E-1,-9.690941652528E-1));
#3410=VECTOR('',#3409,1.031891467161E0);
#3411=CARTESIAN_POINT('',(7.36E0,1.64E0,2.555E0));
#3412=LINE('',#3411,#3410);
#3413=DIRECTION('',(1.744369497455E-1,1.744369497455E-1,-9.690941652528E-1));
#3414=VECTOR('',#3413,1.031891467161E0);
#3415=CARTESIAN_POINT('',(7.64E0,1.64E0,2.555E0));
#3416=LINE('',#3415,#3414);
#3417=DIRECTION('',(-1.E0,0.E0,0.E0));
#3418=VECTOR('',#3417,2.8E-1);
#3419=CARTESIAN_POINT('',(7.64E0,1.36E0,2.555E0));
#3420=LINE('',#3419,#3418);
#3421=DIRECTION('',(0.E0,1.E0,0.E0));
#3422=VECTOR('',#3421,2.8E-1);
#3423=CARTESIAN_POINT('',(7.36E0,1.36E0,2.555E0));
#3424=LINE('',#3423,#3422);
#3425=DIRECTION('',(-1.E0,0.E0,0.E0));
#3426=VECTOR('',#3425,2.8E-1);
#3427=CARTESIAN_POINT('',(7.64E0,1.64E0,2.555E0));
#3428=LINE('',#3427,#3426);
#3429=DIRECTION('',(0.E0,-1.E0,0.E0));
#3430=VECTOR('',#3429,2.8E-1);
#3431=CARTESIAN_POINT('',(7.64E0,1.64E0,2.555E0));
#3432=LINE('',#3431,#3430);
#3433=DIRECTION('',(-1.744369497455E-1,1.744369497455E-1,9.690941652528E-1));
#3434=VECTOR('',#3433,1.031891467161E0);
#3435=CARTESIAN_POINT('',(7.82E0,1.18E0,1.555E0));
#3436=LINE('',#3435,#3434);
#3437=DIRECTION('',(-1.744369497455E-1,-1.744369497455E-1,-9.690941652528E-1));
#3438=VECTOR('',#3437,1.031891467161E0);
#3439=CARTESIAN_POINT('',(7.36E0,1.36E0,2.555E0));
#3440=LINE('',#3439,#3438);
#3441=DIRECTION('',(-1.744369497455E-1,1.744369497455E-1,-9.690941652528E-1));
#3442=VECTOR('',#3441,1.031891467161E0);
#3443=CARTESIAN_POINT('',(7.36E0,-1.36E0,2.555E0));
#3444=LINE('',#3443,#3442);
#3445=DIRECTION('',(1.744369497455E-1,1.744369497455E-1,-9.690941652528E-1));
#3446=VECTOR('',#3445,1.031891467161E0);
#3447=CARTESIAN_POINT('',(7.64E0,-1.36E0,2.555E0));
#3448=LINE('',#3447,#3446);
#3449=DIRECTION('',(-1.E0,0.E0,0.E0));
#3450=VECTOR('',#3449,6.4E-1);
#3451=CARTESIAN_POINT('',(7.82E0,-1.18E0,-4.285E0));
#3452=LINE('',#3451,#3450);
#3453=DIRECTION('',(-1.E0,0.E0,0.E0));
#3454=VECTOR('',#3453,6.4E-1);
#3455=CARTESIAN_POINT('',(7.82E0,-1.18E0,1.555E0));
#3456=LINE('',#3455,#3454);
#3457=DIRECTION('',(-1.E0,0.E0,0.E0));
#3458=VECTOR('',#3457,2.8E-1);
#3459=CARTESIAN_POINT('',(7.64E0,-1.64E0,2.555E0));
#3460=LINE('',#3459,#3458);
#3461=DIRECTION('',(0.E0,1.E0,0.E0));
#3462=VECTOR('',#3461,2.8E-1);
#3463=CARTESIAN_POINT('',(7.36E0,-1.64E0,2.555E0));
#3464=LINE('',#3463,#3462);
#3465=DIRECTION('',(-1.E0,0.E0,0.E0));
#3466=VECTOR('',#3465,2.8E-1);
#3467=CARTESIAN_POINT('',(7.64E0,-1.36E0,2.555E0));
#3468=LINE('',#3467,#3466);
#3469=DIRECTION('',(0.E0,-1.E0,0.E0));
#3470=VECTOR('',#3469,2.8E-1);
#3471=CARTESIAN_POINT('',(7.64E0,-1.36E0,2.555E0));
#3472=LINE('',#3471,#3470);
#3473=DIRECTION('',(-1.744369497455E-1,1.744369497455E-1,9.690941652528E-1));
#3474=VECTOR('',#3473,1.031891467161E0);
#3475=CARTESIAN_POINT('',(7.82E0,-1.82E0,1.555E0));
#3476=LINE('',#3475,#3474);
#3477=DIRECTION('',(-1.744369497455E-1,-1.744369497455E-1,-9.690941652528E-1));
#3478=VECTOR('',#3477,1.031891467161E0);
#3479=CARTESIAN_POINT('',(7.36E0,-1.64E0,2.555E0));
#3480=LINE('',#3479,#3478);
#3481=DIRECTION('',(-1.E0,0.E0,0.E0));
#3482=VECTOR('',#3481,6.4E-1);
#3483=CARTESIAN_POINT('',(7.82E0,-1.82E0,1.555E0));
#3484=LINE('',#3483,#3482);
#3485=DIRECTION('',(0.E0,0.E0,1.E0));
#3486=VECTOR('',#3485,1.95E0);
#3487=CARTESIAN_POINT('',(4.82E0,1.82E0,-6.905E0));
#3488=LINE('',#3487,#3486);
#3489=DIRECTION('',(0.E0,1.E0,0.E0));
#3490=VECTOR('',#3489,1.E0);
#3491=CARTESIAN_POINT('',(4.82E0,8.2E-1,-6.905E0));
#3492=LINE('',#3491,#3490);
#3493=DIRECTION('',(0.E0,9.038807571657E-1,4.277844981127E-1));
#3494=VECTOR('',#3493,4.547059960528E0);
#3495=CARTESIAN_POINT('',(4.82E0,-3.29E0,-8.850161763103E0));
#3496=LINE('',#3495,#3494);
#3497=DIRECTION('',(0.E0,0.E0,1.E0));
#3498=VECTOR('',#3497,1.274838236897E0);
#3499=CARTESIAN_POINT('',(4.82E0,-3.29E0,-1.0125E1));
#3500=LINE('',#3499,#3498);
#3501=CARTESIAN_POINT('',(4.82E0,-3.61E0,-1.0125E1));
#3502=DIRECTION('',(1.E0,0.E0,0.E0));
#3503=DIRECTION('',(0.E0,-1.E0,0.E0));
#3504=AXIS2_PLACEMENT_3D('',#3501,#3502,#3503);
#3506=DIRECTION('',(0.E0,0.E0,-1.E0));
#3507=VECTOR('',#3506,1.68E0);
#3508=CARTESIAN_POINT('',(4.82E0,-3.93E0,-8.445E0));
#3509=LINE('',#3508,#3507);
#3510=DIRECTION('',(0.E0,-9.038807571657E-1,-4.277844981127E-1));
#3511=VECTOR('',#3510,5.336867956104E0);
#3512=CARTESIAN_POINT('',(4.82E0,8.938922490563E-1,-6.161970619905E0));
#3513=LINE('',#3512,#3511);
#3514=CARTESIAN_POINT('',(4.82E0,6.8E-1,-5.710030241322E0));
#3515=DIRECTION('',(-1.E0,0.E0,0.E0));
#3516=DIRECTION('',(0.E0,1.E0,0.E0));
#3517=AXIS2_PLACEMENT_3D('',#3514,#3515,#3516);
#3519=DIRECTION('',(0.E0,0.E0,-1.E0));
#3520=VECTOR('',#3519,1.425030241322E0);
#3521=CARTESIAN_POINT('',(4.82E0,1.18E0,-4.285E0));
#3522=LINE('',#3521,#3520);
#3523=DIRECTION('',(0.E0,0.E0,1.E0));
#3524=VECTOR('',#3523,6.7E-1);
#3525=CARTESIAN_POINT('',(4.82E0,3.2E-1,-4.955E0));
#3526=LINE('',#3525,#3524);
#3527=DIRECTION('',(0.E0,1.E0,0.E0));
#3528=VECTOR('',#3527,6.4E-1);
#3529=CARTESIAN_POINT('',(4.82E0,-3.2E-1,-4.955E0));
#3530=LINE('',#3529,#3528);
#3531=DIRECTION('',(0.E0,0.E0,-1.E0));
#3532=VECTOR('',#3531,6.7E-1);
#3533=CARTESIAN_POINT('',(4.82E0,-3.2E-1,-4.285E0));
#3534=LINE('',#3533,#3532);
#3535=DIRECTION('',(0.E0,0.E0,1.E0));
#3536=VECTOR('',#3535,4.7E-1);
#3537=CARTESIAN_POINT('',(4.82E0,-3.29E0,-5.425E0));
#3538=LINE('',#3537,#3536);
#3539=CARTESIAN_POINT('',(4.82E0,-3.61E0,-5.425E0));
#3540=DIRECTION('',(1.E0,0.E0,0.E0));
#3541=DIRECTION('',(0.E0,-1.E0,0.E0));
#3542=AXIS2_PLACEMENT_3D('',#3539,#3540,#3541);
#3544=DIRECTION('',(0.E0,0.E0,-1.E0));
#3545=VECTOR('',#3544,1.68E0);
#3546=CARTESIAN_POINT('',(4.82E0,-3.93E0,-3.745E0));
#3547=LINE('',#3546,#3545);
#3548=DIRECTION('',(0.E0,-1.E0,0.E0));
#3549=VECTOR('',#3548,5.E-1);
#3550=CARTESIAN_POINT('',(4.82E0,-3.43E0,-3.745E0));
#3551=LINE('',#3550,#3549);
#3552=DIRECTION('',(0.E0,-1.E0,0.E0));
#3553=VECTOR('',#3552,6.4E-1);
#3554=CARTESIAN_POINT('',(4.82E0,1.82E0,1.555E0));
#3555=LINE('',#3554,#3553);
#3556=DIRECTION('',(0.E0,0.E0,1.E0));
#3557=VECTOR('',#3556,3.2E0);
#3558=CARTESIAN_POINT('',(4.82E0,1.82E0,-1.645E0));
#3559=LINE('',#3558,#3557);
#3560=DIRECTION('',(0.E0,0.E0,-1.E0));
#3561=VECTOR('',#3560,3.2E0);
#3562=CARTESIAN_POINT('',(4.82E0,1.18E0,1.555E0));
#3563=LINE('',#3562,#3561);
#3564=DIRECTION('',(0.E0,-1.E0,0.E0));
#3565=VECTOR('',#3564,6.4E-1);
#3566=CARTESIAN_POINT('',(4.82E0,-1.18E0,1.555E0));
#3567=LINE('',#3566,#3565);
#3568=DIRECTION('',(0.E0,0.E0,1.E0));
#3569=VECTOR('',#3568,3.2E0);
#3570=CARTESIAN_POINT('',(4.82E0,-1.18E0,-1.645E0));
#3571=LINE('',#3570,#3569);
#3572=DIRECTION('',(0.E0,0.E0,-1.E0));
#3573=VECTOR('',#3572,3.2E0);
#3574=CARTESIAN_POINT('',(4.82E0,-1.82E0,1.555E0));
#3575=LINE('',#3574,#3573);
#3576=DIRECTION('',(-1.E0,0.E0,0.E0));
#3577=VECTOR('',#3576,6.4E-1);
#3578=CARTESIAN_POINT('',(4.82E0,1.82E0,-6.905E0));
#3579=LINE('',#3578,#3577);
#3580=DIRECTION('',(-1.E0,0.E0,0.E0));
#3581=VECTOR('',#3580,6.4E-1);
#3582=CARTESIAN_POINT('',(4.82E0,1.82E0,1.555E0));
#3583=LINE('',#3582,#3581);
#3584=DIRECTION('',(0.E0,0.E0,1.E0));
#3585=VECTOR('',#3584,1.3E0);
#3586=CARTESIAN_POINT('',(4.18E0,1.82E0,-4.955E0));
#3587=LINE('',#3586,#3585);
#3588=DIRECTION('',(0.E0,0.E0,1.E0));
#3589=VECTOR('',#3588,6.3E-1);
#3590=CARTESIAN_POINT('',(4.18E0,1.18E0,-4.285E0));
#3591=LINE('',#3590,#3589);
#3592=DIRECTION('',(0.E0,0.E0,1.E0));
#3593=VECTOR('',#3592,6.3E-1);
#3594=CARTESIAN_POINT('',(4.18E0,3.2E-1,-4.285E0));
#3595=LINE('',#3594,#3593);
#3596=DIRECTION('',(0.E0,0.E0,-1.E0));
#3597=VECTOR('',#3596,6.3E-1);
#3598=CARTESIAN_POINT('',(4.18E0,-1.18E0,-3.655E0));
#3599=LINE('',#3598,#3597);
#3600=DIRECTION('',(0.E0,0.E0,1.E0));
#3601=VECTOR('',#3600,6.3E-1);
#3602=CARTESIAN_POINT('',(4.18E0,-3.2E-1,-4.285E0));
#3603=LINE('',#3602,#3601);
#3604=DIRECTION('',(1.E0,0.E0,0.E0));
#3605=VECTOR('',#3604,6.4E-1);
#3606=CARTESIAN_POINT('',(4.18E0,1.82E0,-3.655E0));
#3607=LINE('',#3606,#3605);
#3608=DIRECTION('',(0.E0,-1.E0,0.E0));
#3609=VECTOR('',#3608,1.355E0);
#3610=CARTESIAN_POINT('',(4.18E0,3.175E0,-3.655E0));
#3611=LINE('',#3610,#3609);
#3612=DIRECTION('',(1.E0,0.E0,0.E0));
#3613=VECTOR('',#3612,6.4E-1);
#3614=CARTESIAN_POINT('',(4.18E0,1.18E0,-3.655E0));
#3615=LINE('',#3614,#3613);
#3616=DIRECTION('',(0.E0,-1.E0,0.E0));
#3617=VECTOR('',#3616,8.6E-1);
#3618=CARTESIAN_POINT('',(4.18E0,1.18E0,-3.655E0));
#3619=LINE('',#3618,#3617);
#3620=DIRECTION('',(1.E0,0.E0,0.E0));
#3621=VECTOR('',#3620,6.4E-1);
#3622=CARTESIAN_POINT('',(4.18E0,3.2E-1,-3.655E0));
#3623=LINE('',#3622,#3621);
#3624=DIRECTION('',(1.E0,0.E0,0.E0));
#3625=VECTOR('',#3624,6.4E-1);
#3626=CARTESIAN_POINT('',(4.18E0,-3.2E-1,-3.655E0));
#3627=LINE('',#3626,#3625);
#3628=DIRECTION('',(0.E0,-1.E0,0.E0));
#3629=VECTOR('',#3628,8.6E-1);
#3630=CARTESIAN_POINT('',(4.18E0,-3.2E-1,-3.655E0));
#3631=LINE('',#3630,#3629);
#3632=DIRECTION('',(1.E0,0.E0,0.E0));
#3633=VECTOR('',#3632,6.4E-1);
#3634=CARTESIAN_POINT('',(4.18E0,-1.18E0,-3.655E0));
#3635=LINE('',#3634,#3633);
#3636=DIRECTION('',(0.E0,0.E0,-1.E0));
#3637=VECTOR('',#3636,1.3E0);
#3638=CARTESIAN_POINT('',(4.82E0,1.82E0,-3.655E0));
#3639=LINE('',#3638,#3637);
#3640=DIRECTION('',(0.E0,-1.E0,0.E0));
#3641=VECTOR('',#3640,1.355E0);
#3642=CARTESIAN_POINT('',(4.82E0,3.175E0,-3.655E0));
#3643=LINE('',#3642,#3641);
#3644=DIRECTION('',(0.E0,0.E0,-1.E0));
#3645=VECTOR('',#3644,6.3E-1);
#3646=CARTESIAN_POINT('',(4.82E0,1.18E0,-3.655E0));
#3647=LINE('',#3646,#3645);
#3648=DIRECTION('',(0.E0,-1.E0,0.E0));
#3649=VECTOR('',#3648,8.6E-1);
#3650=CARTESIAN_POINT('',(4.82E0,1.18E0,-3.655E0));
#3651=LINE('',#3650,#3649);
#3652=DIRECTION('',(0.E0,0.E0,-1.E0));
#3653=VECTOR('',#3652,6.3E-1);
#3654=CARTESIAN_POINT('',(4.82E0,3.2E-1,-3.655E0));
#3655=LINE('',#3654,#3653);
#3656=DIRECTION('',(0.E0,0.E0,-1.E0));
#3657=VECTOR('',#3656,6.3E-1);
#3658=CARTESIAN_POINT('',(4.82E0,-3.2E-1,-3.655E0));
#3659=LINE('',#3658,#3657);
#3660=DIRECTION('',(0.E0,-1.E0,0.E0));
#3661=VECTOR('',#3660,8.6E-1);
#3662=CARTESIAN_POINT('',(4.82E0,-3.2E-1,-3.655E0));
#3663=LINE('',#3662,#3661);
#3664=DIRECTION('',(0.E0,0.E0,-1.E0));
#3665=VECTOR('',#3664,6.3E-1);
#3666=CARTESIAN_POINT('',(4.82E0,-1.18E0,-3.655E0));
#3667=LINE('',#3666,#3665);
#3668=DIRECTION('',(-1.E0,0.E0,0.E0));
#3669=VECTOR('',#3668,6.4E-1);
#3670=CARTESIAN_POINT('',(4.82E0,1.18E0,1.555E0));
#3671=LINE('',#3670,#3669);
#3672=DIRECTION('',(-1.E0,0.E0,0.E0));
#3673=VECTOR('',#3672,6.4E-1);
#3674=CARTESIAN_POINT('',(4.82E0,1.18E0,-5.710030241322E0));
#3675=LINE('',#3674,#3673);
#3676=DIRECTION('',(-1.E0,0.E0,0.E0));
#3677=VECTOR('',#3676,6.4E-1);
#3678=CARTESIAN_POINT('',(4.82E0,8.938922490563E-1,-6.161970619905E0));
#3679=LINE('',#3678,#3677);
#3680=DIRECTION('',(-1.E0,0.E0,0.E0));
#3681=VECTOR('',#3680,6.4E-1);
#3682=CARTESIAN_POINT('',(4.82E0,-3.93E0,-8.445E0));
#3683=LINE('',#3682,#3681);
#3684=DIRECTION('',(-1.E0,0.E0,0.E0));
#3685=VECTOR('',#3684,6.4E-1);
#3686=CARTESIAN_POINT('',(4.82E0,-3.93E0,-1.0125E1));
#3687=LINE('',#3686,#3685);
#3688=DIRECTION('',(-1.E0,0.E0,0.E0));
#3689=VECTOR('',#3688,6.4E-1);
#3690=CARTESIAN_POINT('',(4.82E0,-3.29E0,-1.0125E1));
#3691=LINE('',#3690,#3689);
#3692=DIRECTION('',(-1.E0,0.E0,0.E0));
#3693=VECTOR('',#3692,6.4E-1);
#3694=CARTESIAN_POINT('',(4.82E0,-3.29E0,-8.850161763103E0));
#3695=LINE('',#3694,#3693);
#3696=DIRECTION('',(-1.E0,0.E0,0.E0));
#3697=VECTOR('',#3696,6.4E-1);
#3698=CARTESIAN_POINT('',(4.82E0,8.2E-1,-6.905E0));
#3699=LINE('',#3698,#3697);
#3700=DIRECTION('',(0.E0,0.E0,-1.E0));
#3701=VECTOR('',#3700,1.425030241322E0);
#3702=CARTESIAN_POINT('',(4.18E0,1.18E0,-4.285E0));
#3703=LINE('',#3702,#3701);
#3704=CARTESIAN_POINT('',(4.18E0,6.8E-1,-5.710030241322E0));
#3705=DIRECTION('',(-1.E0,0.E0,0.E0));
#3706=DIRECTION('',(0.E0,1.E0,0.E0));
#3707=AXIS2_PLACEMENT_3D('',#3704,#3705,#3706);
#3709=DIRECTION('',(0.E0,-9.038807571657E-1,-4.277844981127E-1));
#3710=VECTOR('',#3709,5.336867956104E0);
#3711=CARTESIAN_POINT('',(4.18E0,8.938922490563E-1,-6.161970619905E0));
#3712=LINE('',#3711,#3710);
#3713=DIRECTION('',(0.E0,0.E0,-1.E0));
#3714=VECTOR('',#3713,1.68E0);
#3715=CARTESIAN_POINT('',(4.18E0,-3.93E0,-8.445E0));
#3716=LINE('',#3715,#3714);
#3717=CARTESIAN_POINT('',(4.18E0,-3.61E0,-1.0125E1));
#3718=DIRECTION('',(1.E0,0.E0,0.E0));
#3719=DIRECTION('',(0.E0,-1.E0,0.E0));
#3720=AXIS2_PLACEMENT_3D('',#3717,#3718,#3719);
#3722=DIRECTION('',(0.E0,0.E0,1.E0));
#3723=VECTOR('',#3722,1.274838236897E0);
#3724=CARTESIAN_POINT('',(4.18E0,-3.29E0,-1.0125E1));
#3725=LINE('',#3724,#3723);
#3726=DIRECTION('',(0.E0,9.038807571657E-1,4.277844981127E-1));
#3727=VECTOR('',#3726,4.547059960528E0);
#3728=CARTESIAN_POINT('',(4.18E0,-3.29E0,-8.850161763103E0));
#3729=LINE('',#3728,#3727);
#3730=DIRECTION('',(0.E0,1.E0,0.E0));
#3731=VECTOR('',#3730,1.E0);
#3732=CARTESIAN_POINT('',(4.18E0,8.2E-1,-6.905E0));
#3733=LINE('',#3732,#3731);
#3734=DIRECTION('',(0.E0,0.E0,1.E0));
#3735=VECTOR('',#3734,1.95E0);
#3736=CARTESIAN_POINT('',(4.18E0,1.82E0,-6.905E0));
#3737=LINE('',#3736,#3735);
#3738=DIRECTION('',(0.E0,0.E0,-1.E0));
#3739=VECTOR('',#3738,6.7E-1);
#3740=CARTESIAN_POINT('',(4.18E0,-3.2E-1,-4.285E0));
#3741=LINE('',#3740,#3739);
#3742=DIRECTION('',(0.E0,1.E0,0.E0));
#3743=VECTOR('',#3742,6.4E-1);
#3744=CARTESIAN_POINT('',(4.18E0,-3.2E-1,-4.955E0));
#3745=LINE('',#3744,#3743);
#3746=DIRECTION('',(0.E0,0.E0,1.E0));
#3747=VECTOR('',#3746,6.7E-1);
#3748=CARTESIAN_POINT('',(4.18E0,3.2E-1,-4.955E0));
#3749=LINE('',#3748,#3747);
#3750=DIRECTION('',(0.E0,-1.E0,0.E0));
#3751=VECTOR('',#3750,5.E-1);
#3752=CARTESIAN_POINT('',(4.18E0,-3.43E0,-3.745E0));
#3753=LINE('',#3752,#3751);
#3754=DIRECTION('',(0.E0,0.E0,-1.E0));
#3755=VECTOR('',#3754,1.68E0);
#3756=CARTESIAN_POINT('',(4.18E0,-3.93E0,-3.745E0));
#3757=LINE('',#3756,#3755);
#3758=CARTESIAN_POINT('',(4.18E0,-3.61E0,-5.425E0));
#3759=DIRECTION('',(1.E0,0.E0,0.E0));
#3760=DIRECTION('',(0.E0,-1.E0,0.E0));
#3761=AXIS2_PLACEMENT_3D('',#3758,#3759,#3760);
#3763=DIRECTION('',(0.E0,0.E0,1.E0));
#3764=VECTOR('',#3763,4.7E-1);
#3765=CARTESIAN_POINT('',(4.18E0,-3.29E0,-5.425E0));
#3766=LINE('',#3765,#3764);
#3767=DIRECTION('',(0.E0,1.E0,0.E0));
#3768=VECTOR('',#3767,6.4E-1);
#3769=CARTESIAN_POINT('',(4.18E0,1.18E0,1.555E0));
#3770=LINE('',#3769,#3768);
#3771=DIRECTION('',(0.E0,0.E0,-1.E0));
#3772=VECTOR('',#3771,3.2E0);
#3773=CARTESIAN_POINT('',(4.18E0,1.18E0,1.555E0));
#3774=LINE('',#3773,#3772);
#3775=DIRECTION('',(0.E0,0.E0,1.E0));
#3776=VECTOR('',#3775,3.2E0);
#3777=CARTESIAN_POINT('',(4.18E0,1.82E0,-1.645E0));
#3778=LINE('',#3777,#3776);
#3779=DIRECTION('',(0.E0,1.E0,0.E0));
#3780=VECTOR('',#3779,6.4E-1);
#3781=CARTESIAN_POINT('',(4.18E0,-1.82E0,1.555E0));
#3782=LINE('',#3781,#3780);
#3783=DIRECTION('',(0.E0,0.E0,-1.E0));
#3784=VECTOR('',#3783,3.2E0);
#3785=CARTESIAN_POINT('',(4.18E0,-1.82E0,1.555E0));
#3786=LINE('',#3785,#3784);
#3787=DIRECTION('',(0.E0,0.E0,1.E0));
#3788=VECTOR('',#3787,3.2E0);
#3789=CARTESIAN_POINT('',(4.18E0,-1.18E0,-1.645E0));
#3790=LINE('',#3789,#3788);
#3791=DIRECTION('',(-1.E0,0.E0,0.E0));
#3792=VECTOR('',#3791,6.4E-1);
#3793=CARTESIAN_POINT('',(4.82E0,-3.2E-1,-4.955E0));
#3794=LINE('',#3793,#3792);
#3795=DIRECTION('',(-1.E0,0.E0,0.E0));
#3796=VECTOR('',#3795,6.4E-1);
#3797=CARTESIAN_POINT('',(4.82E0,3.2E-1,-4.955E0));
#3798=LINE('',#3797,#3796);
#3799=DIRECTION('',(-1.E0,0.E0,0.E0));
#3800=VECTOR('',#3799,6.4E-1);
#3801=CARTESIAN_POINT('',(4.82E0,-3.93E0,-3.745E0));
#3802=LINE('',#3801,#3800);
#3803=DIRECTION('',(-1.E0,0.E0,0.E0));
#3804=VECTOR('',#3803,6.4E-1);
#3805=CARTESIAN_POINT('',(4.82E0,-3.93E0,-5.425E0));
#3806=LINE('',#3805,#3804);
#3807=DIRECTION('',(-1.E0,0.E0,0.E0));
#3808=VECTOR('',#3807,6.4E-1);
#3809=CARTESIAN_POINT('',(4.82E0,-3.29E0,-5.425E0));
#3810=LINE('',#3809,#3808);
#3811=DIRECTION('',(-1.744369497455E-1,1.744369497455E-1,-9.690941652528E-1));
#3812=VECTOR('',#3811,1.031891467161E0);
#3813=CARTESIAN_POINT('',(4.36E0,1.64E0,2.555E0));
#3814=LINE('',#3813,#3812);
#3815=DIRECTION('',(1.744369497455E-1,1.744369497455E-1,-9.690941652528E-1));
#3816=VECTOR('',#3815,1.031891467161E0);
#3817=CARTESIAN_POINT('',(4.64E0,1.64E0,2.555E0));
#3818=LINE('',#3817,#3816);
#3819=DIRECTION('',(-1.E0,0.E0,0.E0));
#3820=VECTOR('',#3819,2.8E-1);
#3821=CARTESIAN_POINT('',(4.64E0,1.36E0,2.555E0));
#3822=LINE('',#3821,#3820);
#3823=DIRECTION('',(0.E0,1.E0,0.E0));
#3824=VECTOR('',#3823,2.8E-1);
#3825=CARTESIAN_POINT('',(4.36E0,1.36E0,2.555E0));
#3826=LINE('',#3825,#3824);
#3827=DIRECTION('',(-1.E0,0.E0,0.E0));
#3828=VECTOR('',#3827,2.8E-1);
#3829=CARTESIAN_POINT('',(4.64E0,1.64E0,2.555E0));
#3830=LINE('',#3829,#3828);
#3831=DIRECTION('',(0.E0,-1.E0,0.E0));
#3832=VECTOR('',#3831,2.8E-1);
#3833=CARTESIAN_POINT('',(4.64E0,1.64E0,2.555E0));
#3834=LINE('',#3833,#3832);
#3835=DIRECTION('',(-1.744369497455E-1,1.744369497455E-1,9.690941652528E-1));
#3836=VECTOR('',#3835,1.031891467161E0);
#3837=CARTESIAN_POINT('',(4.82E0,1.18E0,1.555E0));
#3838=LINE('',#3837,#3836);
#3839=DIRECTION('',(-1.744369497455E-1,-1.744369497455E-1,-9.690941652528E-1));
#3840=VECTOR('',#3839,1.031891467161E0);
#3841=CARTESIAN_POINT('',(4.36E0,1.36E0,2.555E0));
#3842=LINE('',#3841,#3840);
#3843=DIRECTION('',(-1.744369497455E-1,1.744369497455E-1,-9.690941652528E-1));
#3844=VECTOR('',#3843,1.031891467161E0);
#3845=CARTESIAN_POINT('',(4.36E0,-1.36E0,2.555E0));
#3846=LINE('',#3845,#3844);
#3847=DIRECTION('',(1.744369497455E-1,1.744369497455E-1,-9.690941652528E-1));
#3848=VECTOR('',#3847,1.031891467161E0);
#3849=CARTESIAN_POINT('',(4.64E0,-1.36E0,2.555E0));
#3850=LINE('',#3849,#3848);
#3851=DIRECTION('',(-1.E0,0.E0,0.E0));
#3852=VECTOR('',#3851,6.4E-1);
#3853=CARTESIAN_POINT('',(4.82E0,-1.18E0,-4.285E0));
#3854=LINE('',#3853,#3852);
#3855=DIRECTION('',(-1.E0,0.E0,0.E0));
#3856=VECTOR('',#3855,6.4E-1);
#3857=CARTESIAN_POINT('',(4.82E0,-1.18E0,1.555E0));
#3858=LINE('',#3857,#3856);
#3859=DIRECTION('',(-1.E0,0.E0,0.E0));
#3860=VECTOR('',#3859,2.8E-1);
#3861=CARTESIAN_POINT('',(4.64E0,-1.64E0,2.555E0));
#3862=LINE('',#3861,#3860);
#3863=DIRECTION('',(0.E0,1.E0,0.E0));
#3864=VECTOR('',#3863,2.8E-1);
#3865=CARTESIAN_POINT('',(4.36E0,-1.64E0,2.555E0));
#3866=LINE('',#3865,#3864);
#3867=DIRECTION('',(-1.E0,0.E0,0.E0));
#3868=VECTOR('',#3867,2.8E-1);
#3869=CARTESIAN_POINT('',(4.64E0,-1.36E0,2.555E0));
#3870=LINE('',#3869,#3868);
#3871=DIRECTION('',(0.E0,-1.E0,0.E0));
#3872=VECTOR('',#3871,2.8E-1);
#3873=CARTESIAN_POINT('',(4.64E0,-1.36E0,2.555E0));
#3874=LINE('',#3873,#3872);
#3875=DIRECTION('',(-1.744369497455E-1,1.744369497455E-1,9.690941652528E-1));
#3876=VECTOR('',#3875,1.031891467161E0);
#3877=CARTESIAN_POINT('',(4.82E0,-1.82E0,1.555E0));
#3878=LINE('',#3877,#3876);
#3879=DIRECTION('',(-1.744369497455E-1,-1.744369497455E-1,-9.690941652528E-1));
#3880=VECTOR('',#3879,1.031891467161E0);
#3881=CARTESIAN_POINT('',(4.36E0,-1.64E0,2.555E0));
#3882=LINE('',#3881,#3880);
#3883=DIRECTION('',(-1.E0,0.E0,0.E0));
#3884=VECTOR('',#3883,6.4E-1);
#3885=CARTESIAN_POINT('',(4.82E0,-1.82E0,1.555E0));
#3886=LINE('',#3885,#3884);
#3887=DIRECTION('',(0.E0,0.E0,1.E0));
#3888=VECTOR('',#3887,1.95E0);
#3889=CARTESIAN_POINT('',(1.82E0,1.82E0,-6.905E0));
#3890=LINE('',#3889,#3888);
#3891=DIRECTION('',(0.E0,1.E0,0.E0));
#3892=VECTOR('',#3891,1.E0);
#3893=CARTESIAN_POINT('',(1.82E0,8.2E-1,-6.905E0));
#3894=LINE('',#3893,#3892);
#3895=DIRECTION('',(0.E0,9.038807571657E-1,4.277844981127E-1));
#3896=VECTOR('',#3895,4.547059960528E0);
#3897=CARTESIAN_POINT('',(1.82E0,-3.29E0,-8.850161763103E0));
#3898=LINE('',#3897,#3896);
#3899=DIRECTION('',(0.E0,0.E0,1.E0));
#3900=VECTOR('',#3899,1.274838236897E0);
#3901=CARTESIAN_POINT('',(1.82E0,-3.29E0,-1.0125E1));
#3902=LINE('',#3901,#3900);
#3903=CARTESIAN_POINT('',(1.82E0,-3.61E0,-1.0125E1));
#3904=DIRECTION('',(1.E0,0.E0,0.E0));
#3905=DIRECTION('',(0.E0,-1.E0,0.E0));
#3906=AXIS2_PLACEMENT_3D('',#3903,#3904,#3905);
#3908=DIRECTION('',(0.E0,0.E0,-1.E0));
#3909=VECTOR('',#3908,1.68E0);
#3910=CARTESIAN_POINT('',(1.82E0,-3.93E0,-8.445E0));
#3911=LINE('',#3910,#3909);
#3912=DIRECTION('',(0.E0,-9.038807571657E-1,-4.277844981127E-1));
#3913=VECTOR('',#3912,5.336867956104E0);
#3914=CARTESIAN_POINT('',(1.82E0,8.938922490563E-1,-6.161970619905E0));
#3915=LINE('',#3914,#3913);
#3916=CARTESIAN_POINT('',(1.82E0,6.8E-1,-5.710030241322E0));
#3917=DIRECTION('',(-1.E0,0.E0,0.E0));
#3918=DIRECTION('',(0.E0,1.E0,0.E0));
#3919=AXIS2_PLACEMENT_3D('',#3916,#3917,#3918);
#3921=DIRECTION('',(0.E0,0.E0,-1.E0));
#3922=VECTOR('',#3921,1.425030241322E0);
#3923=CARTESIAN_POINT('',(1.82E0,1.18E0,-4.285E0));
#3924=LINE('',#3923,#3922);
#3925=DIRECTION('',(0.E0,0.E0,1.E0));
#3926=VECTOR('',#3925,6.7E-1);
#3927=CARTESIAN_POINT('',(1.82E0,3.2E-1,-4.955E0));
#3928=LINE('',#3927,#3926);
#3929=DIRECTION('',(0.E0,1.E0,0.E0));
#3930=VECTOR('',#3929,6.4E-1);
#3931=CARTESIAN_POINT('',(1.82E0,-3.2E-1,-4.955E0));
#3932=LINE('',#3931,#3930);
#3933=DIRECTION('',(0.E0,0.E0,-1.E0));
#3934=VECTOR('',#3933,6.7E-1);
#3935=CARTESIAN_POINT('',(1.82E0,-3.2E-1,-4.285E0));
#3936=LINE('',#3935,#3934);
#3937=DIRECTION('',(0.E0,0.E0,1.E0));
#3938=VECTOR('',#3937,4.7E-1);
#3939=CARTESIAN_POINT('',(1.82E0,-3.29E0,-5.425E0));
#3940=LINE('',#3939,#3938);
#3941=CARTESIAN_POINT('',(1.82E0,-3.61E0,-5.425E0));
#3942=DIRECTION('',(1.E0,0.E0,0.E0));
#3943=DIRECTION('',(0.E0,-1.E0,0.E0));
#3944=AXIS2_PLACEMENT_3D('',#3941,#3942,#3943);
#3946=DIRECTION('',(0.E0,0.E0,-1.E0));
#3947=VECTOR('',#3946,1.68E0);
#3948=CARTESIAN_POINT('',(1.82E0,-3.93E0,-3.745E0));
#3949=LINE('',#3948,#3947);
#3950=DIRECTION('',(0.E0,-1.E0,0.E0));
#3951=VECTOR('',#3950,5.E-1);
#3952=CARTESIAN_POINT('',(1.82E0,-3.43E0,-3.745E0));
#3953=LINE('',#3952,#3951);
#3954=DIRECTION('',(0.E0,-1.E0,0.E0));
#3955=VECTOR('',#3954,6.4E-1);
#3956=CARTESIAN_POINT('',(1.82E0,1.82E0,1.555E0));
#3957=LINE('',#3956,#3955);
#3958=DIRECTION('',(0.E0,0.E0,1.E0));
#3959=VECTOR('',#3958,3.2E0);
#3960=CARTESIAN_POINT('',(1.82E0,1.82E0,-1.645E0));
#3961=LINE('',#3960,#3959);
#3962=DIRECTION('',(0.E0,0.E0,-1.E0));
#3963=VECTOR('',#3962,3.2E0);
#3964=CARTESIAN_POINT('',(1.82E0,1.18E0,1.555E0));
#3965=LINE('',#3964,#3963);
#3966=DIRECTION('',(0.E0,-1.E0,0.E0));
#3967=VECTOR('',#3966,6.4E-1);
#3968=CARTESIAN_POINT('',(1.82E0,-1.18E0,1.555E0));
#3969=LINE('',#3968,#3967);
#3970=DIRECTION('',(0.E0,0.E0,1.E0));
#3971=VECTOR('',#3970,3.2E0);
#3972=CARTESIAN_POINT('',(1.82E0,-1.18E0,-1.645E0));
#3973=LINE('',#3972,#3971);
#3974=DIRECTION('',(0.E0,0.E0,-1.E0));
#3975=VECTOR('',#3974,3.2E0);
#3976=CARTESIAN_POINT('',(1.82E0,-1.82E0,1.555E0));
#3977=LINE('',#3976,#3975);
#3978=DIRECTION('',(-1.E0,0.E0,0.E0));
#3979=VECTOR('',#3978,6.4E-1);
#3980=CARTESIAN_POINT('',(1.82E0,1.82E0,-6.905E0));
#3981=LINE('',#3980,#3979);
#3982=DIRECTION('',(-1.E0,0.E0,0.E0));
#3983=VECTOR('',#3982,6.4E-1);
#3984=CARTESIAN_POINT('',(1.82E0,1.82E0,1.555E0));
#3985=LINE('',#3984,#3983);
#3986=DIRECTION('',(0.E0,0.E0,1.E0));
#3987=VECTOR('',#3986,1.3E0);
#3988=CARTESIAN_POINT('',(1.18E0,1.82E0,-4.955E0));
#3989=LINE('',#3988,#3987);
#3990=DIRECTION('',(0.E0,0.E0,1.E0));
#3991=VECTOR('',#3990,6.3E-1);
#3992=CARTESIAN_POINT('',(1.18E0,1.18E0,-4.285E0));
#3993=LINE('',#3992,#3991);
#3994=DIRECTION('',(0.E0,0.E0,1.E0));
#3995=VECTOR('',#3994,6.3E-1);
#3996=CARTESIAN_POINT('',(1.18E0,3.2E-1,-4.285E0));
#3997=LINE('',#3996,#3995);
#3998=DIRECTION('',(0.E0,0.E0,-1.E0));
#3999=VECTOR('',#3998,6.3E-1);
#4000=CARTESIAN_POINT('',(1.18E0,-1.18E0,-3.655E0));
#4001=LINE('',#4000,#3999);
#4002=DIRECTION('',(0.E0,0.E0,1.E0));
#4003=VECTOR('',#4002,6.3E-1);
#4004=CARTESIAN_POINT('',(1.18E0,-3.2E-1,-4.285E0));
#4005=LINE('',#4004,#4003);
#4006=DIRECTION('',(1.E0,0.E0,0.E0));
#4007=VECTOR('',#4006,6.4E-1);
#4008=CARTESIAN_POINT('',(1.18E0,1.82E0,-3.655E0));
#4009=LINE('',#4008,#4007);
#4010=DIRECTION('',(0.E0,-1.E0,0.E0));
#4011=VECTOR('',#4010,1.355E0);
#4012=CARTESIAN_POINT('',(1.18E0,3.175E0,-3.655E0));
#4013=LINE('',#4012,#4011);
#4014=DIRECTION('',(1.E0,0.E0,0.E0));
#4015=VECTOR('',#4014,6.4E-1);
#4016=CARTESIAN_POINT('',(1.18E0,1.18E0,-3.655E0));
#4017=LINE('',#4016,#4015);
#4018=DIRECTION('',(0.E0,-1.E0,0.E0));
#4019=VECTOR('',#4018,8.6E-1);
#4020=CARTESIAN_POINT('',(1.18E0,1.18E0,-3.655E0));
#4021=LINE('',#4020,#4019);
#4022=DIRECTION('',(1.E0,0.E0,0.E0));
#4023=VECTOR('',#4022,6.4E-1);
#4024=CARTESIAN_POINT('',(1.18E0,3.2E-1,-3.655E0));
#4025=LINE('',#4024,#4023);
#4026=DIRECTION('',(1.E0,0.E0,0.E0));
#4027=VECTOR('',#4026,6.4E-1);
#4028=CARTESIAN_POINT('',(1.18E0,-3.2E-1,-3.655E0));
#4029=LINE('',#4028,#4027);
#4030=DIRECTION('',(0.E0,-1.E0,0.E0));
#4031=VECTOR('',#4030,8.6E-1);
#4032=CARTESIAN_POINT('',(1.18E0,-3.2E-1,-3.655E0));
#4033=LINE('',#4032,#4031);
#4034=DIRECTION('',(1.E0,0.E0,0.E0));
#4035=VECTOR('',#4034,6.4E-1);
#4036=CARTESIAN_POINT('',(1.18E0,-1.18E0,-3.655E0));
#4037=LINE('',#4036,#4035);
#4038=DIRECTION('',(0.E0,0.E0,-1.E0));
#4039=VECTOR('',#4038,1.3E0);
#4040=CARTESIAN_POINT('',(1.82E0,1.82E0,-3.655E0));
#4041=LINE('',#4040,#4039);
#4042=DIRECTION('',(0.E0,-1.E0,0.E0));
#4043=VECTOR('',#4042,1.355E0);
#4044=CARTESIAN_POINT('',(1.82E0,3.175E0,-3.655E0));
#4045=LINE('',#4044,#4043);
#4046=DIRECTION('',(0.E0,0.E0,-1.E0));
#4047=VECTOR('',#4046,6.3E-1);
#4048=CARTESIAN_POINT('',(1.82E0,1.18E0,-3.655E0));
#4049=LINE('',#4048,#4047);
#4050=DIRECTION('',(0.E0,-1.E0,0.E0));
#4051=VECTOR('',#4050,8.6E-1);
#4052=CARTESIAN_POINT('',(1.82E0,1.18E0,-3.655E0));
#4053=LINE('',#4052,#4051);
#4054=DIRECTION('',(0.E0,0.E0,-1.E0));
#4055=VECTOR('',#4054,6.3E-1);
#4056=CARTESIAN_POINT('',(1.82E0,3.2E-1,-3.655E0));
#4057=LINE('',#4056,#4055);
#4058=DIRECTION('',(0.E0,0.E0,-1.E0));
#4059=VECTOR('',#4058,6.3E-1);
#4060=CARTESIAN_POINT('',(1.82E0,-3.2E-1,-3.655E0));
#4061=LINE('',#4060,#4059);
#4062=DIRECTION('',(0.E0,-1.E0,0.E0));
#4063=VECTOR('',#4062,8.6E-1);
#4064=CARTESIAN_POINT('',(1.82E0,-3.2E-1,-3.655E0));
#4065=LINE('',#4064,#4063);
#4066=DIRECTION('',(0.E0,0.E0,-1.E0));
#4067=VECTOR('',#4066,6.3E-1);
#4068=CARTESIAN_POINT('',(1.82E0,-1.18E0,-3.655E0));
#4069=LINE('',#4068,#4067);
#4070=DIRECTION('',(-1.E0,0.E0,0.E0));
#4071=VECTOR('',#4070,6.4E-1);
#4072=CARTESIAN_POINT('',(1.82E0,1.18E0,1.555E0));
#4073=LINE('',#4072,#4071);
#4074=DIRECTION('',(-1.E0,0.E0,0.E0));
#4075=VECTOR('',#4074,6.4E-1);
#4076=CARTESIAN_POINT('',(1.82E0,1.18E0,-5.710030241322E0));
#4077=LINE('',#4076,#4075);
#4078=DIRECTION('',(-1.E0,0.E0,0.E0));
#4079=VECTOR('',#4078,6.4E-1);
#4080=CARTESIAN_POINT('',(1.82E0,8.938922490563E-1,-6.161970619905E0));
#4081=LINE('',#4080,#4079);
#4082=DIRECTION('',(-1.E0,0.E0,0.E0));
#4083=VECTOR('',#4082,6.4E-1);
#4084=CARTESIAN_POINT('',(1.82E0,-3.93E0,-8.445E0));
#4085=LINE('',#4084,#4083);
#4086=DIRECTION('',(-1.E0,0.E0,0.E0));
#4087=VECTOR('',#4086,6.4E-1);
#4088=CARTESIAN_POINT('',(1.82E0,-3.93E0,-1.0125E1));
#4089=LINE('',#4088,#4087);
#4090=DIRECTION('',(-1.E0,0.E0,0.E0));
#4091=VECTOR('',#4090,6.4E-1);
#4092=CARTESIAN_POINT('',(1.82E0,-3.29E0,-1.0125E1));
#4093=LINE('',#4092,#4091);
#4094=DIRECTION('',(-1.E0,0.E0,0.E0));
#4095=VECTOR('',#4094,6.4E-1);
#4096=CARTESIAN_POINT('',(1.82E0,-3.29E0,-8.850161763103E0));
#4097=LINE('',#4096,#4095);
#4098=DIRECTION('',(-1.E0,0.E0,0.E0));
#4099=VECTOR('',#4098,6.4E-1);
#4100=CARTESIAN_POINT('',(1.82E0,8.2E-1,-6.905E0));
#4101=LINE('',#4100,#4099);
#4102=DIRECTION('',(0.E0,0.E0,-1.E0));
#4103=VECTOR('',#4102,1.425030241322E0);
#4104=CARTESIAN_POINT('',(1.18E0,1.18E0,-4.285E0));
#4105=LINE('',#4104,#4103);
#4106=CARTESIAN_POINT('',(1.18E0,6.8E-1,-5.710030241322E0));
#4107=DIRECTION('',(-1.E0,0.E0,0.E0));
#4108=DIRECTION('',(0.E0,1.E0,0.E0));
#4109=AXIS2_PLACEMENT_3D('',#4106,#4107,#4108);
#4111=DIRECTION('',(0.E0,-9.038807571657E-1,-4.277844981127E-1));
#4112=VECTOR('',#4111,5.336867956104E0);
#4113=CARTESIAN_POINT('',(1.18E0,8.938922490563E-1,-6.161970619905E0));
#4114=LINE('',#4113,#4112);
#4115=DIRECTION('',(0.E0,0.E0,-1.E0));
#4116=VECTOR('',#4115,1.68E0);
#4117=CARTESIAN_POINT('',(1.18E0,-3.93E0,-8.445E0));
#4118=LINE('',#4117,#4116);
#4119=CARTESIAN_POINT('',(1.18E0,-3.61E0,-1.0125E1));
#4120=DIRECTION('',(1.E0,0.E0,0.E0));
#4121=DIRECTION('',(0.E0,-1.E0,0.E0));
#4122=AXIS2_PLACEMENT_3D('',#4119,#4120,#4121);
#4124=DIRECTION('',(0.E0,0.E0,1.E0));
#4125=VECTOR('',#4124,1.274838236897E0);
#4126=CARTESIAN_POINT('',(1.18E0,-3.29E0,-1.0125E1));
#4127=LINE('',#4126,#4125);
#4128=DIRECTION('',(0.E0,9.038807571657E-1,4.277844981127E-1));
#4129=VECTOR('',#4128,4.547059960528E0);
#4130=CARTESIAN_POINT('',(1.18E0,-3.29E0,-8.850161763103E0));
#4131=LINE('',#4130,#4129);
#4132=DIRECTION('',(0.E0,1.E0,0.E0));
#4133=VECTOR('',#4132,1.E0);
#4134=CARTESIAN_POINT('',(1.18E0,8.2E-1,-6.905E0));
#4135=LINE('',#4134,#4133);
#4136=DIRECTION('',(0.E0,0.E0,1.E0));
#4137=VECTOR('',#4136,1.95E0);
#4138=CARTESIAN_POINT('',(1.18E0,1.82E0,-6.905E0));
#4139=LINE('',#4138,#4137);
#4140=DIRECTION('',(0.E0,0.E0,-1.E0));
#4141=VECTOR('',#4140,6.7E-1);
#4142=CARTESIAN_POINT('',(1.18E0,-3.2E-1,-4.285E0));
#4143=LINE('',#4142,#4141);
#4144=DIRECTION('',(0.E0,1.E0,0.E0));
#4145=VECTOR('',#4144,6.4E-1);
#4146=CARTESIAN_POINT('',(1.18E0,-3.2E-1,-4.955E0));
#4147=LINE('',#4146,#4145);
#4148=DIRECTION('',(0.E0,0.E0,1.E0));
#4149=VECTOR('',#4148,6.7E-1);
#4150=CARTESIAN_POINT('',(1.18E0,3.2E-1,-4.955E0));
#4151=LINE('',#4150,#4149);
#4152=DIRECTION('',(0.E0,-1.E0,0.E0));
#4153=VECTOR('',#4152,5.E-1);
#4154=CARTESIAN_POINT('',(1.18E0,-3.43E0,-3.745E0));
#4155=LINE('',#4154,#4153);
#4156=DIRECTION('',(0.E0,0.E0,-1.E0));
#4157=VECTOR('',#4156,1.68E0);
#4158=CARTESIAN_POINT('',(1.18E0,-3.93E0,-3.745E0));
#4159=LINE('',#4158,#4157);
#4160=CARTESIAN_POINT('',(1.18E0,-3.61E0,-5.425E0));
#4161=DIRECTION('',(1.E0,0.E0,0.E0));
#4162=DIRECTION('',(0.E0,-1.E0,0.E0));
#4163=AXIS2_PLACEMENT_3D('',#4160,#4161,#4162);
#4165=DIRECTION('',(0.E0,0.E0,1.E0));
#4166=VECTOR('',#4165,4.7E-1);
#4167=CARTESIAN_POINT('',(1.18E0,-3.29E0,-5.425E0));
#4168=LINE('',#4167,#4166);
#4169=DIRECTION('',(0.E0,1.E0,0.E0));
#4170=VECTOR('',#4169,6.4E-1);
#4171=CARTESIAN_POINT('',(1.18E0,1.18E0,1.555E0));
#4172=LINE('',#4171,#4170);
#4173=DIRECTION('',(0.E0,0.E0,-1.E0));
#4174=VECTOR('',#4173,3.2E0);
#4175=CARTESIAN_POINT('',(1.18E0,1.18E0,1.555E0));
#4176=LINE('',#4175,#4174);
#4177=DIRECTION('',(0.E0,0.E0,1.E0));
#4178=VECTOR('',#4177,3.2E0);
#4179=CARTESIAN_POINT('',(1.18E0,1.82E0,-1.645E0));
#4180=LINE('',#4179,#4178);
#4181=DIRECTION('',(0.E0,1.E0,0.E0));
#4182=VECTOR('',#4181,6.4E-1);
#4183=CARTESIAN_POINT('',(1.18E0,-1.82E0,1.555E0));
#4184=LINE('',#4183,#4182);
#4185=DIRECTION('',(0.E0,0.E0,-1.E0));
#4186=VECTOR('',#4185,3.2E0);
#4187=CARTESIAN_POINT('',(1.18E0,-1.82E0,1.555E0));
#4188=LINE('',#4187,#4186);
#4189=DIRECTION('',(0.E0,0.E0,1.E0));
#4190=VECTOR('',#4189,3.2E0);
#4191=CARTESIAN_POINT('',(1.18E0,-1.18E0,-1.645E0));
#4192=LINE('',#4191,#4190);
#4193=DIRECTION('',(-1.E0,0.E0,0.E0));
#4194=VECTOR('',#4193,6.4E-1);
#4195=CARTESIAN_POINT('',(1.82E0,-3.2E-1,-4.955E0));
#4196=LINE('',#4195,#4194);
#4197=DIRECTION('',(-1.E0,0.E0,0.E0));
#4198=VECTOR('',#4197,6.4E-1);
#4199=CARTESIAN_POINT('',(1.82E0,3.2E-1,-4.955E0));
#4200=LINE('',#4199,#4198);
#4201=DIRECTION('',(-1.E0,0.E0,0.E0));
#4202=VECTOR('',#4201,6.4E-1);
#4203=CARTESIAN_POINT('',(1.82E0,-3.93E0,-3.745E0));
#4204=LINE('',#4203,#4202);
#4205=DIRECTION('',(-1.E0,0.E0,0.E0));
#4206=VECTOR('',#4205,6.4E-1);
#4207=CARTESIAN_POINT('',(1.82E0,-3.93E0,-5.425E0));
#4208=LINE('',#4207,#4206);
#4209=DIRECTION('',(-1.E0,0.E0,0.E0));
#4210=VECTOR('',#4209,6.4E-1);
#4211=CARTESIAN_POINT('',(1.82E0,-3.29E0,-5.425E0));
#4212=LINE('',#4211,#4210);
#4213=DIRECTION('',(-1.744369497455E-1,1.744369497455E-1,-9.690941652528E-1));
#4214=VECTOR('',#4213,1.031891467161E0);
#4215=CARTESIAN_POINT('',(1.36E0,1.64E0,2.555E0));
#4216=LINE('',#4215,#4214);
#4217=DIRECTION('',(1.744369497455E-1,1.744369497455E-1,-9.690941652528E-1));
#4218=VECTOR('',#4217,1.031891467161E0);
#4219=CARTESIAN_POINT('',(1.64E0,1.64E0,2.555E0));
#4220=LINE('',#4219,#4218);
#4221=DIRECTION('',(-1.E0,0.E0,0.E0));
#4222=VECTOR('',#4221,2.8E-1);
#4223=CARTESIAN_POINT('',(1.64E0,1.36E0,2.555E0));
#4224=LINE('',#4223,#4222);
#4225=DIRECTION('',(0.E0,1.E0,0.E0));
#4226=VECTOR('',#4225,2.8E-1);
#4227=CARTESIAN_POINT('',(1.36E0,1.36E0,2.555E0));
#4228=LINE('',#4227,#4226);
#4229=DIRECTION('',(-1.E0,0.E0,0.E0));
#4230=VECTOR('',#4229,2.8E-1);
#4231=CARTESIAN_POINT('',(1.64E0,1.64E0,2.555E0));
#4232=LINE('',#4231,#4230);
#4233=DIRECTION('',(0.E0,-1.E0,0.E0));
#4234=VECTOR('',#4233,2.8E-1);
#4235=CARTESIAN_POINT('',(1.64E0,1.64E0,2.555E0));
#4236=LINE('',#4235,#4234);
#4237=DIRECTION('',(-1.744369497455E-1,1.744369497455E-1,9.690941652528E-1));
#4238=VECTOR('',#4237,1.031891467161E0);
#4239=CARTESIAN_POINT('',(1.82E0,1.18E0,1.555E0));
#4240=LINE('',#4239,#4238);
#4241=DIRECTION('',(-1.744369497455E-1,-1.744369497455E-1,-9.690941652528E-1));
#4242=VECTOR('',#4241,1.031891467161E0);
#4243=CARTESIAN_POINT('',(1.36E0,1.36E0,2.555E0));
#4244=LINE('',#4243,#4242);
#4245=DIRECTION('',(-1.744369497455E-1,1.744369497455E-1,-9.690941652528E-1));
#4246=VECTOR('',#4245,1.031891467161E0);
#4247=CARTESIAN_POINT('',(1.36E0,-1.36E0,2.555E0));
#4248=LINE('',#4247,#4246);
#4249=DIRECTION('',(1.744369497455E-1,1.744369497455E-1,-9.690941652528E-1));
#4250=VECTOR('',#4249,1.031891467161E0);
#4251=CARTESIAN_POINT('',(1.64E0,-1.36E0,2.555E0));
#4252=LINE('',#4251,#4250);
#4253=DIRECTION('',(-1.E0,0.E0,0.E0));
#4254=VECTOR('',#4253,6.4E-1);
#4255=CARTESIAN_POINT('',(1.82E0,-1.18E0,-4.285E0));
#4256=LINE('',#4255,#4254);
#4257=DIRECTION('',(-1.E0,0.E0,0.E0));
#4258=VECTOR('',#4257,6.4E-1);
#4259=CARTESIAN_POINT('',(1.82E0,-1.18E0,1.555E0));
#4260=LINE('',#4259,#4258);
#4261=DIRECTION('',(-1.E0,0.E0,0.E0));
#4262=VECTOR('',#4261,2.8E-1);
#4263=CARTESIAN_POINT('',(1.64E0,-1.64E0,2.555E0));
#4264=LINE('',#4263,#4262);
#4265=DIRECTION('',(0.E0,1.E0,0.E0));
#4266=VECTOR('',#4265,2.8E-1);
#4267=CARTESIAN_POINT('',(1.36E0,-1.64E0,2.555E0));
#4268=LINE('',#4267,#4266);
#4269=DIRECTION('',(-1.E0,0.E0,0.E0));
#4270=VECTOR('',#4269,2.8E-1);
#4271=CARTESIAN_POINT('',(1.64E0,-1.36E0,2.555E0));
#4272=LINE('',#4271,#4270);
#4273=DIRECTION('',(0.E0,-1.E0,0.E0));
#4274=VECTOR('',#4273,2.8E-1);
#4275=CARTESIAN_POINT('',(1.64E0,-1.36E0,2.555E0));
#4276=LINE('',#4275,#4274);
#4277=DIRECTION('',(-1.744369497455E-1,1.744369497455E-1,9.690941652528E-1));
#4278=VECTOR('',#4277,1.031891467161E0);
#4279=CARTESIAN_POINT('',(1.82E0,-1.82E0,1.555E0));
#4280=LINE('',#4279,#4278);
#4281=DIRECTION('',(-1.744369497455E-1,-1.744369497455E-1,-9.690941652528E-1));
#4282=VECTOR('',#4281,1.031891467161E0);
#4283=CARTESIAN_POINT('',(1.36E0,-1.64E0,2.555E0));
#4284=LINE('',#4283,#4282);
#4285=DIRECTION('',(-1.E0,0.E0,0.E0));
#4286=VECTOR('',#4285,6.4E-1);
#4287=CARTESIAN_POINT('',(1.82E0,-1.82E0,1.555E0));
#4288=LINE('',#4287,#4286);
#4289=DIRECTION('',(0.E0,0.E0,1.E0));
#4290=VECTOR('',#4289,1.95E0);
#4291=CARTESIAN_POINT('',(-1.18E0,1.82E0,-6.905E0));
#4292=LINE('',#4291,#4290);
#4293=DIRECTION('',(0.E0,1.E0,0.E0));
#4294=VECTOR('',#4293,1.E0);
#4295=CARTESIAN_POINT('',(-1.18E0,8.2E-1,-6.905E0));
#4296=LINE('',#4295,#4294);
#4297=DIRECTION('',(0.E0,9.038807571657E-1,4.277844981127E-1));
#4298=VECTOR('',#4297,4.547059960528E0);
#4299=CARTESIAN_POINT('',(-1.18E0,-3.29E0,-8.850161763103E0));
#4300=LINE('',#4299,#4298);
#4301=DIRECTION('',(0.E0,0.E0,1.E0));
#4302=VECTOR('',#4301,1.274838236897E0);
#4303=CARTESIAN_POINT('',(-1.18E0,-3.29E0,-1.0125E1));
#4304=LINE('',#4303,#4302);
#4305=CARTESIAN_POINT('',(-1.18E0,-3.61E0,-1.0125E1));
#4306=DIRECTION('',(1.E0,0.E0,0.E0));
#4307=DIRECTION('',(0.E0,-1.E0,0.E0));
#4308=AXIS2_PLACEMENT_3D('',#4305,#4306,#4307);
#4310=DIRECTION('',(0.E0,0.E0,-1.E0));
#4311=VECTOR('',#4310,1.68E0);
#4312=CARTESIAN_POINT('',(-1.18E0,-3.93E0,-8.445E0));
#4313=LINE('',#4312,#4311);
#4314=DIRECTION('',(0.E0,-9.038807571657E-1,-4.277844981127E-1));
#4315=VECTOR('',#4314,5.336867956104E0);
#4316=CARTESIAN_POINT('',(-1.18E0,8.938922490563E-1,-6.161970619905E0));
#4317=LINE('',#4316,#4315);
#4318=CARTESIAN_POINT('',(-1.18E0,6.8E-1,-5.710030241322E0));
#4319=DIRECTION('',(-1.E0,0.E0,0.E0));
#4320=DIRECTION('',(0.E0,1.E0,0.E0));
#4321=AXIS2_PLACEMENT_3D('',#4318,#4319,#4320);
#4323=DIRECTION('',(0.E0,0.E0,-1.E0));
#4324=VECTOR('',#4323,1.425030241322E0);
#4325=CARTESIAN_POINT('',(-1.18E0,1.18E0,-4.285E0));
#4326=LINE('',#4325,#4324);
#4327=DIRECTION('',(0.E0,0.E0,1.E0));
#4328=VECTOR('',#4327,6.7E-1);
#4329=CARTESIAN_POINT('',(-1.18E0,3.2E-1,-4.955E0));
#4330=LINE('',#4329,#4328);
#4331=DIRECTION('',(0.E0,1.E0,0.E0));
#4332=VECTOR('',#4331,6.4E-1);
#4333=CARTESIAN_POINT('',(-1.18E0,-3.2E-1,-4.955E0));
#4334=LINE('',#4333,#4332);
#4335=DIRECTION('',(0.E0,0.E0,-1.E0));
#4336=VECTOR('',#4335,6.7E-1);
#4337=CARTESIAN_POINT('',(-1.18E0,-3.2E-1,-4.285E0));
#4338=LINE('',#4337,#4336);
#4339=DIRECTION('',(0.E0,0.E0,1.E0));
#4340=VECTOR('',#4339,4.7E-1);
#4341=CARTESIAN_POINT('',(-1.18E0,-3.29E0,-5.425E0));
#4342=LINE('',#4341,#4340);
#4343=CARTESIAN_POINT('',(-1.18E0,-3.61E0,-5.425E0));
#4344=DIRECTION('',(1.E0,0.E0,0.E0));
#4345=DIRECTION('',(0.E0,-1.E0,0.E0));
#4346=AXIS2_PLACEMENT_3D('',#4343,#4344,#4345);
#4348=DIRECTION('',(0.E0,0.E0,-1.E0));
#4349=VECTOR('',#4348,1.68E0);
#4350=CARTESIAN_POINT('',(-1.18E0,-3.93E0,-3.745E0));
#4351=LINE('',#4350,#4349);
#4352=DIRECTION('',(0.E0,-1.E0,0.E0));
#4353=VECTOR('',#4352,5.E-1);
#4354=CARTESIAN_POINT('',(-1.18E0,-3.43E0,-3.745E0));
#4355=LINE('',#4354,#4353);
#4356=DIRECTION('',(0.E0,-1.E0,0.E0));
#4357=VECTOR('',#4356,6.4E-1);
#4358=CARTESIAN_POINT('',(-1.18E0,1.82E0,1.555E0));
#4359=LINE('',#4358,#4357);
#4360=DIRECTION('',(0.E0,0.E0,1.E0));
#4361=VECTOR('',#4360,3.2E0);
#4362=CARTESIAN_POINT('',(-1.18E0,1.82E0,-1.645E0));
#4363=LINE('',#4362,#4361);
#4364=DIRECTION('',(0.E0,0.E0,-1.E0));
#4365=VECTOR('',#4364,3.2E0);
#4366=CARTESIAN_POINT('',(-1.18E0,1.18E0,1.555E0));
#4367=LINE('',#4366,#4365);
#4368=DIRECTION('',(0.E0,-1.E0,0.E0));
#4369=VECTOR('',#4368,6.4E-1);
#4370=CARTESIAN_POINT('',(-1.18E0,-1.18E0,1.555E0));
#4371=LINE('',#4370,#4369);
#4372=DIRECTION('',(0.E0,0.E0,1.E0));
#4373=VECTOR('',#4372,3.2E0);
#4374=CARTESIAN_POINT('',(-1.18E0,-1.18E0,-1.645E0));
#4375=LINE('',#4374,#4373);
#4376=DIRECTION('',(0.E0,0.E0,-1.E0));
#4377=VECTOR('',#4376,3.2E0);
#4378=CARTESIAN_POINT('',(-1.18E0,-1.82E0,1.555E0));
#4379=LINE('',#4378,#4377);
#4380=DIRECTION('',(-1.E0,0.E0,0.E0));
#4381=VECTOR('',#4380,6.4E-1);
#4382=CARTESIAN_POINT('',(-1.18E0,1.82E0,-6.905E0));
#4383=LINE('',#4382,#4381);
#4384=DIRECTION('',(-1.E0,0.E0,0.E0));
#4385=VECTOR('',#4384,6.4E-1);
#4386=CARTESIAN_POINT('',(-1.18E0,1.82E0,1.555E0));
#4387=LINE('',#4386,#4385);
#4388=DIRECTION('',(0.E0,0.E0,1.E0));
#4389=VECTOR('',#4388,1.3E0);
#4390=CARTESIAN_POINT('',(-1.82E0,1.82E0,-4.955E0));
#4391=LINE('',#4390,#4389);
#4392=DIRECTION('',(0.E0,0.E0,1.E0));
#4393=VECTOR('',#4392,6.3E-1);
#4394=CARTESIAN_POINT('',(-1.82E0,1.18E0,-4.285E0));
#4395=LINE('',#4394,#4393);
#4396=DIRECTION('',(0.E0,0.E0,1.E0));
#4397=VECTOR('',#4396,6.3E-1);
#4398=CARTESIAN_POINT('',(-1.82E0,3.2E-1,-4.285E0));
#4399=LINE('',#4398,#4397);
#4400=DIRECTION('',(0.E0,0.E0,-1.E0));
#4401=VECTOR('',#4400,6.3E-1);
#4402=CARTESIAN_POINT('',(-1.82E0,-1.18E0,-3.655E0));
#4403=LINE('',#4402,#4401);
#4404=DIRECTION('',(0.E0,0.E0,1.E0));
#4405=VECTOR('',#4404,6.3E-1);
#4406=CARTESIAN_POINT('',(-1.82E0,-3.2E-1,-4.285E0));
#4407=LINE('',#4406,#4405);
#4408=DIRECTION('',(1.E0,0.E0,0.E0));
#4409=VECTOR('',#4408,6.4E-1);
#4410=CARTESIAN_POINT('',(-1.82E0,1.82E0,-3.655E0));
#4411=LINE('',#4410,#4409);
#4412=DIRECTION('',(0.E0,-1.E0,0.E0));
#4413=VECTOR('',#4412,1.355E0);
#4414=CARTESIAN_POINT('',(-1.82E0,3.175E0,-3.655E0));
#4415=LINE('',#4414,#4413);
#4416=DIRECTION('',(1.E0,0.E0,0.E0));
#4417=VECTOR('',#4416,6.4E-1);
#4418=CARTESIAN_POINT('',(-1.82E0,1.18E0,-3.655E0));
#4419=LINE('',#4418,#4417);
#4420=DIRECTION('',(0.E0,-1.E0,0.E0));
#4421=VECTOR('',#4420,8.6E-1);
#4422=CARTESIAN_POINT('',(-1.82E0,1.18E0,-3.655E0));
#4423=LINE('',#4422,#4421);
#4424=DIRECTION('',(1.E0,0.E0,0.E0));
#4425=VECTOR('',#4424,6.4E-1);
#4426=CARTESIAN_POINT('',(-1.82E0,3.2E-1,-3.655E0));
#4427=LINE('',#4426,#4425);
#4428=DIRECTION('',(1.E0,0.E0,0.E0));
#4429=VECTOR('',#4428,6.4E-1);
#4430=CARTESIAN_POINT('',(-1.82E0,-3.2E-1,-3.655E0));
#4431=LINE('',#4430,#4429);
#4432=DIRECTION('',(0.E0,-1.E0,0.E0));
#4433=VECTOR('',#4432,8.6E-1);
#4434=CARTESIAN_POINT('',(-1.82E0,-3.2E-1,-3.655E0));
#4435=LINE('',#4434,#4433);
#4436=DIRECTION('',(1.E0,0.E0,0.E0));
#4437=VECTOR('',#4436,6.4E-1);
#4438=CARTESIAN_POINT('',(-1.82E0,-1.18E0,-3.655E0));
#4439=LINE('',#4438,#4437);
#4440=DIRECTION('',(0.E0,0.E0,-1.E0));
#4441=VECTOR('',#4440,1.3E0);
#4442=CARTESIAN_POINT('',(-1.18E0,1.82E0,-3.655E0));
#4443=LINE('',#4442,#4441);
#4444=DIRECTION('',(0.E0,-1.E0,0.E0));
#4445=VECTOR('',#4444,1.355E0);
#4446=CARTESIAN_POINT('',(-1.18E0,3.175E0,-3.655E0));
#4447=LINE('',#4446,#4445);
#4448=DIRECTION('',(0.E0,0.E0,-1.E0));
#4449=VECTOR('',#4448,6.3E-1);
#4450=CARTESIAN_POINT('',(-1.18E0,1.18E0,-3.655E0));
#4451=LINE('',#4450,#4449);
#4452=DIRECTION('',(0.E0,-1.E0,0.E0));
#4453=VECTOR('',#4452,8.6E-1);
#4454=CARTESIAN_POINT('',(-1.18E0,1.18E0,-3.655E0));
#4455=LINE('',#4454,#4453);
#4456=DIRECTION('',(0.E0,0.E0,-1.E0));
#4457=VECTOR('',#4456,6.3E-1);
#4458=CARTESIAN_POINT('',(-1.18E0,3.2E-1,-3.655E0));
#4459=LINE('',#4458,#4457);
#4460=DIRECTION('',(0.E0,0.E0,-1.E0));
#4461=VECTOR('',#4460,6.3E-1);
#4462=CARTESIAN_POINT('',(-1.18E0,-3.2E-1,-3.655E0));
#4463=LINE('',#4462,#4461);
#4464=DIRECTION('',(0.E0,-1.E0,0.E0));
#4465=VECTOR('',#4464,8.6E-1);
#4466=CARTESIAN_POINT('',(-1.18E0,-3.2E-1,-3.655E0));
#4467=LINE('',#4466,#4465);
#4468=DIRECTION('',(0.E0,0.E0,-1.E0));
#4469=VECTOR('',#4468,6.3E-1);
#4470=CARTESIAN_POINT('',(-1.18E0,-1.18E0,-3.655E0));
#4471=LINE('',#4470,#4469);
#4472=DIRECTION('',(-1.E0,0.E0,0.E0));
#4473=VECTOR('',#4472,6.4E-1);
#4474=CARTESIAN_POINT('',(-1.18E0,1.18E0,1.555E0));
#4475=LINE('',#4474,#4473);
#4476=DIRECTION('',(-1.E0,0.E0,0.E0));
#4477=VECTOR('',#4476,6.4E-1);
#4478=CARTESIAN_POINT('',(-1.18E0,1.18E0,-5.710030241322E0));
#4479=LINE('',#4478,#4477);
#4480=DIRECTION('',(-1.E0,0.E0,0.E0));
#4481=VECTOR('',#4480,6.4E-1);
#4482=CARTESIAN_POINT('',(-1.18E0,8.938922490563E-1,-6.161970619905E0));
#4483=LINE('',#4482,#4481);
#4484=DIRECTION('',(-1.E0,0.E0,0.E0));
#4485=VECTOR('',#4484,6.4E-1);
#4486=CARTESIAN_POINT('',(-1.18E0,-3.93E0,-8.445E0));
#4487=LINE('',#4486,#4485);
#4488=DIRECTION('',(-1.E0,0.E0,0.E0));
#4489=VECTOR('',#4488,6.4E-1);
#4490=CARTESIAN_POINT('',(-1.18E0,-3.93E0,-1.0125E1));
#4491=LINE('',#4490,#4489);
#4492=DIRECTION('',(-1.E0,0.E0,0.E0));
#4493=VECTOR('',#4492,6.4E-1);
#4494=CARTESIAN_POINT('',(-1.18E0,-3.29E0,-1.0125E1));
#4495=LINE('',#4494,#4493);
#4496=DIRECTION('',(-1.E0,0.E0,0.E0));
#4497=VECTOR('',#4496,6.4E-1);
#4498=CARTESIAN_POINT('',(-1.18E0,-3.29E0,-8.850161763103E0));
#4499=LINE('',#4498,#4497);
#4500=DIRECTION('',(-1.E0,0.E0,0.E0));
#4501=VECTOR('',#4500,6.4E-1);
#4502=CARTESIAN_POINT('',(-1.18E0,8.2E-1,-6.905E0));
#4503=LINE('',#4502,#4501);
#4504=DIRECTION('',(0.E0,0.E0,-1.E0));
#4505=VECTOR('',#4504,1.425030241322E0);
#4506=CARTESIAN_POINT('',(-1.82E0,1.18E0,-4.285E0));
#4507=LINE('',#4506,#4505);
#4508=CARTESIAN_POINT('',(-1.82E0,6.8E-1,-5.710030241322E0));
#4509=DIRECTION('',(-1.E0,0.E0,0.E0));
#4510=DIRECTION('',(0.E0,1.E0,0.E0));
#4511=AXIS2_PLACEMENT_3D('',#4508,#4509,#4510);
#4513=DIRECTION('',(0.E0,-9.038807571657E-1,-4.277844981127E-1));
#4514=VECTOR('',#4513,5.336867956104E0);
#4515=CARTESIAN_POINT('',(-1.82E0,8.938922490563E-1,-6.161970619905E0));
#4516=LINE('',#4515,#4514);
#4517=DIRECTION('',(0.E0,0.E0,-1.E0));
#4518=VECTOR('',#4517,1.68E0);
#4519=CARTESIAN_POINT('',(-1.82E0,-3.93E0,-8.445E0));
#4520=LINE('',#4519,#4518);
#4521=CARTESIAN_POINT('',(-1.82E0,-3.61E0,-1.0125E1));
#4522=DIRECTION('',(1.E0,0.E0,0.E0));
#4523=DIRECTION('',(0.E0,-1.E0,0.E0));
#4524=AXIS2_PLACEMENT_3D('',#4521,#4522,#4523);
#4526=DIRECTION('',(0.E0,0.E0,1.E0));
#4527=VECTOR('',#4526,1.274838236897E0);
#4528=CARTESIAN_POINT('',(-1.82E0,-3.29E0,-1.0125E1));
#4529=LINE('',#4528,#4527);
#4530=DIRECTION('',(0.E0,9.038807571657E-1,4.277844981127E-1));
#4531=VECTOR('',#4530,4.547059960528E0);
#4532=CARTESIAN_POINT('',(-1.82E0,-3.29E0,-8.850161763103E0));
#4533=LINE('',#4532,#4531);
#4534=DIRECTION('',(0.E0,1.E0,0.E0));
#4535=VECTOR('',#4534,1.E0);
#4536=CARTESIAN_POINT('',(-1.82E0,8.2E-1,-6.905E0));
#4537=LINE('',#4536,#4535);
#4538=DIRECTION('',(0.E0,0.E0,1.E0));
#4539=VECTOR('',#4538,1.95E0);
#4540=CARTESIAN_POINT('',(-1.82E0,1.82E0,-6.905E0));
#4541=LINE('',#4540,#4539);
#4542=DIRECTION('',(0.E0,0.E0,-1.E0));
#4543=VECTOR('',#4542,6.7E-1);
#4544=CARTESIAN_POINT('',(-1.82E0,-3.2E-1,-4.285E0));
#4545=LINE('',#4544,#4543);
#4546=DIRECTION('',(0.E0,1.E0,0.E0));
#4547=VECTOR('',#4546,6.4E-1);
#4548=CARTESIAN_POINT('',(-1.82E0,-3.2E-1,-4.955E0));
#4549=LINE('',#4548,#4547);
#4550=DIRECTION('',(0.E0,0.E0,1.E0));
#4551=VECTOR('',#4550,6.7E-1);
#4552=CARTESIAN_POINT('',(-1.82E0,3.2E-1,-4.955E0));
#4553=LINE('',#4552,#4551);
#4554=DIRECTION('',(0.E0,-1.E0,0.E0));
#4555=VECTOR('',#4554,5.E-1);
#4556=CARTESIAN_POINT('',(-1.82E0,-3.43E0,-3.745E0));
#4557=LINE('',#4556,#4555);
#4558=DIRECTION('',(0.E0,0.E0,-1.E0));
#4559=VECTOR('',#4558,1.68E0);
#4560=CARTESIAN_POINT('',(-1.82E0,-3.93E0,-3.745E0));
#4561=LINE('',#4560,#4559);
#4562=CARTESIAN_POINT('',(-1.82E0,-3.61E0,-5.425E0));
#4563=DIRECTION('',(1.E0,0.E0,0.E0));
#4564=DIRECTION('',(0.E0,-1.E0,0.E0));
#4565=AXIS2_PLACEMENT_3D('',#4562,#4563,#4564);
#4567=DIRECTION('',(0.E0,0.E0,1.E0));
#4568=VECTOR('',#4567,4.7E-1);
#4569=CARTESIAN_POINT('',(-1.82E0,-3.29E0,-5.425E0));
#4570=LINE('',#4569,#4568);
#4571=DIRECTION('',(0.E0,1.E0,0.E0));
#4572=VECTOR('',#4571,6.4E-1);
#4573=CARTESIAN_POINT('',(-1.82E0,1.18E0,1.555E0));
#4574=LINE('',#4573,#4572);
#4575=DIRECTION('',(0.E0,0.E0,-1.E0));
#4576=VECTOR('',#4575,3.2E0);
#4577=CARTESIAN_POINT('',(-1.82E0,1.18E0,1.555E0));
#4578=LINE('',#4577,#4576);
#4579=DIRECTION('',(0.E0,0.E0,1.E0));
#4580=VECTOR('',#4579,3.2E0);
#4581=CARTESIAN_POINT('',(-1.82E0,1.82E0,-1.645E0));
#4582=LINE('',#4581,#4580);
#4583=DIRECTION('',(0.E0,1.E0,0.E0));
#4584=VECTOR('',#4583,6.4E-1);
#4585=CARTESIAN_POINT('',(-1.82E0,-1.82E0,1.555E0));
#4586=LINE('',#4585,#4584);
#4587=DIRECTION('',(0.E0,0.E0,-1.E0));
#4588=VECTOR('',#4587,3.2E0);
#4589=CARTESIAN_POINT('',(-1.82E0,-1.82E0,1.555E0));
#4590=LINE('',#4589,#4588);
#4591=DIRECTION('',(0.E0,0.E0,1.E0));
#4592=VECTOR('',#4591,3.2E0);
#4593=CARTESIAN_POINT('',(-1.82E0,-1.18E0,-1.645E0));
#4594=LINE('',#4593,#4592);
#4595=DIRECTION('',(-1.E0,0.E0,0.E0));
#4596=VECTOR('',#4595,6.4E-1);
#4597=CARTESIAN_POINT('',(-1.18E0,-3.2E-1,-4.955E0));
#4598=LINE('',#4597,#4596);
#4599=DIRECTION('',(-1.E0,0.E0,0.E0));
#4600=VECTOR('',#4599,6.4E-1);
#4601=CARTESIAN_POINT('',(-1.18E0,3.2E-1,-4.955E0));
#4602=LINE('',#4601,#4600);
#4603=DIRECTION('',(-1.E0,0.E0,0.E0));
#4604=VECTOR('',#4603,6.4E-1);
#4605=CARTESIAN_POINT('',(-1.18E0,-3.93E0,-3.745E0));
#4606=LINE('',#4605,#4604);
#4607=DIRECTION('',(-1.E0,0.E0,0.E0));
#4608=VECTOR('',#4607,6.4E-1);
#4609=CARTESIAN_POINT('',(-1.18E0,-3.93E0,-5.425E0));
#4610=LINE('',#4609,#4608);
#4611=DIRECTION('',(-1.E0,0.E0,0.E0));
#4612=VECTOR('',#4611,6.4E-1);
#4613=CARTESIAN_POINT('',(-1.18E0,-3.29E0,-5.425E0));
#4614=LINE('',#4613,#4612);
#4615=DIRECTION('',(-1.744369497455E-1,1.744369497455E-1,-9.690941652528E-1));
#4616=VECTOR('',#4615,1.031891467161E0);
#4617=CARTESIAN_POINT('',(-1.64E0,1.64E0,2.555E0));
#4618=LINE('',#4617,#4616);
#4619=DIRECTION('',(1.744369497455E-1,1.744369497455E-1,-9.690941652528E-1));
#4620=VECTOR('',#4619,1.031891467161E0);
#4621=CARTESIAN_POINT('',(-1.36E0,1.64E0,2.555E0));
#4622=LINE('',#4621,#4620);
#4623=DIRECTION('',(-1.E0,0.E0,0.E0));
#4624=VECTOR('',#4623,2.8E-1);
#4625=CARTESIAN_POINT('',(-1.36E0,1.36E0,2.555E0));
#4626=LINE('',#4625,#4624);
#4627=DIRECTION('',(0.E0,1.E0,0.E0));
#4628=VECTOR('',#4627,2.8E-1);
#4629=CARTESIAN_POINT('',(-1.64E0,1.36E0,2.555E0));
#4630=LINE('',#4629,#4628);
#4631=DIRECTION('',(-1.E0,0.E0,0.E0));
#4632=VECTOR('',#4631,2.8E-1);
#4633=CARTESIAN_POINT('',(-1.36E0,1.64E0,2.555E0));
#4634=LINE('',#4633,#4632);
#4635=DIRECTION('',(0.E0,-1.E0,0.E0));
#4636=VECTOR('',#4635,2.8E-1);
#4637=CARTESIAN_POINT('',(-1.36E0,1.64E0,2.555E0));
#4638=LINE('',#4637,#4636);
#4639=DIRECTION('',(-1.744369497455E-1,1.744369497455E-1,9.690941652528E-1));
#4640=VECTOR('',#4639,1.031891467161E0);
#4641=CARTESIAN_POINT('',(-1.18E0,1.18E0,1.555E0));
#4642=LINE('',#4641,#4640);
#4643=DIRECTION('',(-1.744369497455E-1,-1.744369497455E-1,-9.690941652528E-1));
#4644=VECTOR('',#4643,1.031891467161E0);
#4645=CARTESIAN_POINT('',(-1.64E0,1.36E0,2.555E0));
#4646=LINE('',#4645,#4644);
#4647=DIRECTION('',(-1.744369497455E-1,1.744369497455E-1,-9.690941652528E-1));
#4648=VECTOR('',#4647,1.031891467161E0);
#4649=CARTESIAN_POINT('',(-1.64E0,-1.36E0,2.555E0));
#4650=LINE('',#4649,#4648);
#4651=DIRECTION('',(1.744369497455E-1,1.744369497455E-1,-9.690941652528E-1));
#4652=VECTOR('',#4651,1.031891467161E0);
#4653=CARTESIAN_POINT('',(-1.36E0,-1.36E0,2.555E0));
#4654=LINE('',#4653,#4652);
#4655=DIRECTION('',(-1.E0,0.E0,0.E0));
#4656=VECTOR('',#4655,6.4E-1);
#4657=CARTESIAN_POINT('',(-1.18E0,-1.18E0,-4.285E0));
#4658=LINE('',#4657,#4656);
#4659=DIRECTION('',(-1.E0,0.E0,0.E0));
#4660=VECTOR('',#4659,6.4E-1);
#4661=CARTESIAN_POINT('',(-1.18E0,-1.18E0,1.555E0));
#4662=LINE('',#4661,#4660);
#4663=DIRECTION('',(-1.E0,0.E0,0.E0));
#4664=VECTOR('',#4663,2.8E-1);
#4665=CARTESIAN_POINT('',(-1.36E0,-1.64E0,2.555E0));
#4666=LINE('',#4665,#4664);
#4667=DIRECTION('',(0.E0,1.E0,0.E0));
#4668=VECTOR('',#4667,2.8E-1);
#4669=CARTESIAN_POINT('',(-1.64E0,-1.64E0,2.555E0));
#4670=LINE('',#4669,#4668);
#4671=DIRECTION('',(-1.E0,0.E0,0.E0));
#4672=VECTOR('',#4671,2.8E-1);
#4673=CARTESIAN_POINT('',(-1.36E0,-1.36E0,2.555E0));
#4674=LINE('',#4673,#4672);
#4675=DIRECTION('',(0.E0,-1.E0,0.E0));
#4676=VECTOR('',#4675,2.8E-1);
#4677=CARTESIAN_POINT('',(-1.36E0,-1.36E0,2.555E0));
#4678=LINE('',#4677,#4676);
#4679=DIRECTION('',(-1.744369497455E-1,1.744369497455E-1,9.690941652528E-1));
#4680=VECTOR('',#4679,1.031891467161E0);
#4681=CARTESIAN_POINT('',(-1.18E0,-1.82E0,1.555E0));
#4682=LINE('',#4681,#4680);
#4683=DIRECTION('',(-1.744369497455E-1,-1.744369497455E-1,-9.690941652528E-1));
#4684=VECTOR('',#4683,1.031891467161E0);
#4685=CARTESIAN_POINT('',(-1.64E0,-1.64E0,2.555E0));
#4686=LINE('',#4685,#4684);
#4687=DIRECTION('',(-1.E0,0.E0,0.E0));
#4688=VECTOR('',#4687,6.4E-1);
#4689=CARTESIAN_POINT('',(-1.18E0,-1.82E0,1.555E0));
#4690=LINE('',#4689,#4688);
#4691=DIRECTION('',(0.E0,0.E0,1.E0));
#4692=VECTOR('',#4691,1.95E0);
#4693=CARTESIAN_POINT('',(-4.18E0,1.82E0,-6.905E0));
#4694=LINE('',#4693,#4692);
#4695=DIRECTION('',(0.E0,1.E0,0.E0));
#4696=VECTOR('',#4695,1.E0);
#4697=CARTESIAN_POINT('',(-4.18E0,8.2E-1,-6.905E0));
#4698=LINE('',#4697,#4696);
#4699=DIRECTION('',(0.E0,9.038807571657E-1,4.277844981127E-1));
#4700=VECTOR('',#4699,4.547059960528E0);
#4701=CARTESIAN_POINT('',(-4.18E0,-3.29E0,-8.850161763103E0));
#4702=LINE('',#4701,#4700);
#4703=DIRECTION('',(0.E0,0.E0,1.E0));
#4704=VECTOR('',#4703,1.274838236897E0);
#4705=CARTESIAN_POINT('',(-4.18E0,-3.29E0,-1.0125E1));
#4706=LINE('',#4705,#4704);
#4707=CARTESIAN_POINT('',(-4.18E0,-3.61E0,-1.0125E1));
#4708=DIRECTION('',(1.E0,0.E0,0.E0));
#4709=DIRECTION('',(0.E0,-1.E0,0.E0));
#4710=AXIS2_PLACEMENT_3D('',#4707,#4708,#4709);
#4712=DIRECTION('',(0.E0,0.E0,-1.E0));
#4713=VECTOR('',#4712,1.68E0);
#4714=CARTESIAN_POINT('',(-4.18E0,-3.93E0,-8.445E0));
#4715=LINE('',#4714,#4713);
#4716=DIRECTION('',(0.E0,-9.038807571657E-1,-4.277844981127E-1));
#4717=VECTOR('',#4716,5.336867956104E0);
#4718=CARTESIAN_POINT('',(-4.18E0,8.938922490563E-1,-6.161970619905E0));
#4719=LINE('',#4718,#4717);
#4720=CARTESIAN_POINT('',(-4.18E0,6.8E-1,-5.710030241322E0));
#4721=DIRECTION('',(-1.E0,0.E0,0.E0));
#4722=DIRECTION('',(0.E0,1.E0,0.E0));
#4723=AXIS2_PLACEMENT_3D('',#4720,#4721,#4722);
#4725=DIRECTION('',(0.E0,0.E0,-1.E0));
#4726=VECTOR('',#4725,1.425030241322E0);
#4727=CARTESIAN_POINT('',(-4.18E0,1.18E0,-4.285E0));
#4728=LINE('',#4727,#4726);
#4729=DIRECTION('',(0.E0,0.E0,1.E0));
#4730=VECTOR('',#4729,6.7E-1);
#4731=CARTESIAN_POINT('',(-4.18E0,3.2E-1,-4.955E0));
#4732=LINE('',#4731,#4730);
#4733=DIRECTION('',(0.E0,1.E0,0.E0));
#4734=VECTOR('',#4733,6.4E-1);
#4735=CARTESIAN_POINT('',(-4.18E0,-3.2E-1,-4.955E0));
#4736=LINE('',#4735,#4734);
#4737=DIRECTION('',(0.E0,0.E0,-1.E0));
#4738=VECTOR('',#4737,6.7E-1);
#4739=CARTESIAN_POINT('',(-4.18E0,-3.2E-1,-4.285E0));
#4740=LINE('',#4739,#4738);
#4741=DIRECTION('',(0.E0,0.E0,1.E0));
#4742=VECTOR('',#4741,4.7E-1);
#4743=CARTESIAN_POINT('',(-4.18E0,-3.29E0,-5.425E0));
#4744=LINE('',#4743,#4742);
#4745=CARTESIAN_POINT('',(-4.18E0,-3.61E0,-5.425E0));
#4746=DIRECTION('',(1.E0,0.E0,0.E0));
#4747=DIRECTION('',(0.E0,-1.E0,0.E0));
#4748=AXIS2_PLACEMENT_3D('',#4745,#4746,#4747);
#4750=DIRECTION('',(0.E0,0.E0,-1.E0));
#4751=VECTOR('',#4750,1.68E0);
#4752=CARTESIAN_POINT('',(-4.18E0,-3.93E0,-3.745E0));
#4753=LINE('',#4752,#4751);
#4754=DIRECTION('',(0.E0,-1.E0,0.E0));
#4755=VECTOR('',#4754,5.E-1);
#4756=CARTESIAN_POINT('',(-4.18E0,-3.43E0,-3.745E0));
#4757=LINE('',#4756,#4755);
#4758=DIRECTION('',(0.E0,-1.E0,0.E0));
#4759=VECTOR('',#4758,6.4E-1);
#4760=CARTESIAN_POINT('',(-4.18E0,1.82E0,1.555E0));
#4761=LINE('',#4760,#4759);
#4762=DIRECTION('',(0.E0,0.E0,1.E0));
#4763=VECTOR('',#4762,3.2E0);
#4764=CARTESIAN_POINT('',(-4.18E0,1.82E0,-1.645E0));
#4765=LINE('',#4764,#4763);
#4766=DIRECTION('',(0.E0,0.E0,-1.E0));
#4767=VECTOR('',#4766,3.2E0);
#4768=CARTESIAN_POINT('',(-4.18E0,1.18E0,1.555E0));
#4769=LINE('',#4768,#4767);
#4770=DIRECTION('',(0.E0,-1.E0,0.E0));
#4771=VECTOR('',#4770,6.4E-1);
#4772=CARTESIAN_POINT('',(-4.18E0,-1.18E0,1.555E0));
#4773=LINE('',#4772,#4771);
#4774=DIRECTION('',(0.E0,0.E0,1.E0));
#4775=VECTOR('',#4774,3.2E0);
#4776=CARTESIAN_POINT('',(-4.18E0,-1.18E0,-1.645E0));
#4777=LINE('',#4776,#4775);
#4778=DIRECTION('',(0.E0,0.E0,-1.E0));
#4779=VECTOR('',#4778,3.2E0);
#4780=CARTESIAN_POINT('',(-4.18E0,-1.82E0,1.555E0));
#4781=LINE('',#4780,#4779);
#4782=DIRECTION('',(-1.E0,0.E0,0.E0));
#4783=VECTOR('',#4782,6.4E-1);
#4784=CARTESIAN_POINT('',(-4.18E0,8.2E-1,-6.905E0));
#4785=LINE('',#4784,#4783);
#4786=DIRECTION('',(-1.E0,0.E0,0.E0));
#4787=VECTOR('',#4786,6.4E-1);
#4788=CARTESIAN_POINT('',(-4.18E0,-3.29E0,-8.850161763103E0));
#4789=LINE('',#4788,#4787);
#4790=DIRECTION('',(-1.E0,0.E0,0.E0));
#4791=VECTOR('',#4790,6.4E-1);
#4792=CARTESIAN_POINT('',(-4.18E0,-3.29E0,-1.0125E1));
#4793=LINE('',#4792,#4791);
#4794=DIRECTION('',(-1.E0,0.E0,0.E0));
#4795=VECTOR('',#4794,6.4E-1);
#4796=CARTESIAN_POINT('',(-4.18E0,-3.93E0,-1.0125E1));
#4797=LINE('',#4796,#4795);
#4798=DIRECTION('',(-1.E0,0.E0,0.E0));
#4799=VECTOR('',#4798,6.4E-1);
#4800=CARTESIAN_POINT('',(-4.18E0,-3.93E0,-8.445E0));
#4801=LINE('',#4800,#4799);
#4802=DIRECTION('',(-1.E0,0.E0,0.E0));
#4803=VECTOR('',#4802,6.4E-1);
#4804=CARTESIAN_POINT('',(-4.18E0,8.938922490563E-1,-6.161970619905E0));
#4805=LINE('',#4804,#4803);
#4806=DIRECTION('',(-1.E0,0.E0,0.E0));
#4807=VECTOR('',#4806,6.4E-1);
#4808=CARTESIAN_POINT('',(-4.18E0,1.18E0,-5.710030241322E0));
#4809=LINE('',#4808,#4807);
#4810=DIRECTION('',(-1.E0,0.E0,0.E0));
#4811=VECTOR('',#4810,6.4E-1);
#4812=CARTESIAN_POINT('',(-4.18E0,1.18E0,1.555E0));
#4813=LINE('',#4812,#4811);
#4814=DIRECTION('',(1.E0,0.E0,0.E0));
#4815=VECTOR('',#4814,6.4E-1);
#4816=CARTESIAN_POINT('',(-4.82E0,1.82E0,-3.655E0));
#4817=LINE('',#4816,#4815);
#4818=DIRECTION('',(0.E0,-1.E0,0.E0));
#4819=VECTOR('',#4818,1.355E0);
#4820=CARTESIAN_POINT('',(-4.82E0,3.175E0,-3.655E0));
#4821=LINE('',#4820,#4819);
#4822=DIRECTION('',(1.E0,0.E0,0.E0));
#4823=VECTOR('',#4822,6.4E-1);
#4824=CARTESIAN_POINT('',(-4.82E0,1.18E0,-3.655E0));
#4825=LINE('',#4824,#4823);
#4826=DIRECTION('',(0.E0,-1.E0,0.E0));
#4827=VECTOR('',#4826,8.6E-1);
#4828=CARTESIAN_POINT('',(-4.82E0,1.18E0,-3.655E0));
#4829=LINE('',#4828,#4827);
#4830=DIRECTION('',(1.E0,0.E0,0.E0));
#4831=VECTOR('',#4830,6.4E-1);
#4832=CARTESIAN_POINT('',(-4.82E0,3.2E-1,-3.655E0));
#4833=LINE('',#4832,#4831);
#4834=DIRECTION('',(1.E0,0.E0,0.E0));
#4835=VECTOR('',#4834,6.4E-1);
#4836=CARTESIAN_POINT('',(-4.82E0,-3.2E-1,-3.655E0));
#4837=LINE('',#4836,#4835);
#4838=DIRECTION('',(0.E0,-1.E0,0.E0));
#4839=VECTOR('',#4838,8.6E-1);
#4840=CARTESIAN_POINT('',(-4.82E0,-3.2E-1,-3.655E0));
#4841=LINE('',#4840,#4839);
#4842=DIRECTION('',(1.E0,0.E0,0.E0));
#4843=VECTOR('',#4842,6.4E-1);
#4844=CARTESIAN_POINT('',(-4.82E0,-1.18E0,-3.655E0));
#4845=LINE('',#4844,#4843);
#4846=DIRECTION('',(0.E0,0.E0,-1.E0));
#4847=VECTOR('',#4846,1.3E0);
#4848=CARTESIAN_POINT('',(-4.18E0,1.82E0,-3.655E0));
#4849=LINE('',#4848,#4847);
#4850=DIRECTION('',(0.E0,-1.E0,0.E0));
#4851=VECTOR('',#4850,1.355E0);
#4852=CARTESIAN_POINT('',(-4.18E0,3.175E0,-3.655E0));
#4853=LINE('',#4852,#4851);
#4854=DIRECTION('',(0.E0,0.E0,-1.E0));
#4855=VECTOR('',#4854,6.3E-1);
#4856=CARTESIAN_POINT('',(-4.18E0,1.18E0,-3.655E0));
#4857=LINE('',#4856,#4855);
#4858=DIRECTION('',(0.E0,-1.E0,0.E0));
#4859=VECTOR('',#4858,8.6E-1);
#4860=CARTESIAN_POINT('',(-4.18E0,1.18E0,-3.655E0));
#4861=LINE('',#4860,#4859);
#4862=DIRECTION('',(0.E0,0.E0,-1.E0));
#4863=VECTOR('',#4862,6.3E-1);
#4864=CARTESIAN_POINT('',(-4.18E0,3.2E-1,-3.655E0));
#4865=LINE('',#4864,#4863);
#4866=DIRECTION('',(0.E0,0.E0,-1.E0));
#4867=VECTOR('',#4866,6.3E-1);
#4868=CARTESIAN_POINT('',(-4.18E0,-3.2E-1,-3.655E0));
#4869=LINE('',#4868,#4867);
#4870=DIRECTION('',(0.E0,-1.E0,0.E0));
#4871=VECTOR('',#4870,8.6E-1);
#4872=CARTESIAN_POINT('',(-4.18E0,-3.2E-1,-3.655E0));
#4873=LINE('',#4872,#4871);
#4874=DIRECTION('',(0.E0,0.E0,-1.E0));
#4875=VECTOR('',#4874,6.3E-1);
#4876=CARTESIAN_POINT('',(-4.18E0,-1.18E0,-3.655E0));
#4877=LINE('',#4876,#4875);
#4878=DIRECTION('',(-1.E0,0.E0,0.E0));
#4879=VECTOR('',#4878,6.4E-1);
#4880=CARTESIAN_POINT('',(-4.18E0,3.2E-1,-4.955E0));
#4881=LINE('',#4880,#4879);
#4882=DIRECTION('',(-1.E0,0.E0,0.E0));
#4883=VECTOR('',#4882,6.4E-1);
#4884=CARTESIAN_POINT('',(-4.18E0,-3.2E-1,-4.955E0));
#4885=LINE('',#4884,#4883);
#4886=DIRECTION('',(-1.744369497455E-1,1.744369497455E-1,9.690941652528E-1));
#4887=VECTOR('',#4886,1.031891467161E0);
#4888=CARTESIAN_POINT('',(-4.18E0,1.18E0,1.555E0));
#4889=LINE('',#4888,#4887);
#4890=DIRECTION('',(-1.744369497455E-1,-1.744369497455E-1,-9.690941652528E-1));
#4891=VECTOR('',#4890,1.031891467161E0);
#4892=CARTESIAN_POINT('',(-4.64E0,1.36E0,2.555E0));
#4893=LINE('',#4892,#4891);
#4894=DIRECTION('',(-1.E0,0.E0,0.E0));
#4895=VECTOR('',#4894,2.8E-1);
#4896=CARTESIAN_POINT('',(-4.36E0,1.36E0,2.555E0));
#4897=LINE('',#4896,#4895);
#4898=DIRECTION('',(0.E0,1.E0,0.E0));
#4899=VECTOR('',#4898,2.8E-1);
#4900=CARTESIAN_POINT('',(-4.64E0,1.36E0,2.555E0));
#4901=LINE('',#4900,#4899);
#4902=DIRECTION('',(-1.E0,0.E0,0.E0));
#4903=VECTOR('',#4902,2.8E-1);
#4904=CARTESIAN_POINT('',(-4.36E0,1.64E0,2.555E0));
#4905=LINE('',#4904,#4903);
#4906=DIRECTION('',(0.E0,-1.E0,0.E0));
#4907=VECTOR('',#4906,2.8E-1);
#4908=CARTESIAN_POINT('',(-4.36E0,1.64E0,2.555E0));
#4909=LINE('',#4908,#4907);
#4910=DIRECTION('',(-1.744369497455E-1,1.744369497455E-1,-9.690941652528E-1));
#4911=VECTOR('',#4910,1.031891467161E0);
#4912=CARTESIAN_POINT('',(-4.64E0,1.64E0,2.555E0));
#4913=LINE('',#4912,#4911);
#4914=DIRECTION('',(1.744369497455E-1,1.744369497455E-1,-9.690941652528E-1));
#4915=VECTOR('',#4914,1.031891467161E0);
#4916=CARTESIAN_POINT('',(-4.36E0,1.64E0,2.555E0));
#4917=LINE('',#4916,#4915);
#4918=DIRECTION('',(-1.E0,0.E0,0.E0));
#4919=VECTOR('',#4918,6.4E-1);
#4920=CARTESIAN_POINT('',(-4.18E0,-3.29E0,-5.425E0));
#4921=LINE('',#4920,#4919);
#4922=DIRECTION('',(-1.E0,0.E0,0.E0));
#4923=VECTOR('',#4922,6.4E-1);
#4924=CARTESIAN_POINT('',(-4.18E0,-3.93E0,-5.425E0));
#4925=LINE('',#4924,#4923);
#4926=DIRECTION('',(-1.E0,0.E0,0.E0));
#4927=VECTOR('',#4926,6.4E-1);
#4928=CARTESIAN_POINT('',(-4.18E0,-3.93E0,-3.745E0));
#4929=LINE('',#4928,#4927);
#4930=DIRECTION('',(-1.E0,0.E0,0.E0));
#4931=VECTOR('',#4930,2.8E-1);
#4932=CARTESIAN_POINT('',(-4.36E0,-1.64E0,2.555E0));
#4933=LINE('',#4932,#4931);
#4934=DIRECTION('',(0.E0,1.E0,0.E0));
#4935=VECTOR('',#4934,2.8E-1);
#4936=CARTESIAN_POINT('',(-4.64E0,-1.64E0,2.555E0));
#4937=LINE('',#4936,#4935);
#4938=DIRECTION('',(-1.E0,0.E0,0.E0));
#4939=VECTOR('',#4938,2.8E-1);
#4940=CARTESIAN_POINT('',(-4.36E0,-1.36E0,2.555E0));
#4941=LINE('',#4940,#4939);
#4942=DIRECTION('',(0.E0,-1.E0,0.E0));
#4943=VECTOR('',#4942,2.8E-1);
#4944=CARTESIAN_POINT('',(-4.36E0,-1.36E0,2.555E0));
#4945=LINE('',#4944,#4943);
#4946=DIRECTION('',(-1.744369497455E-1,1.744369497455E-1,9.690941652528E-1));
#4947=VECTOR('',#4946,1.031891467161E0);
#4948=CARTESIAN_POINT('',(-4.18E0,-1.82E0,1.555E0));
#4949=LINE('',#4948,#4947);
#4950=DIRECTION('',(-1.744369497455E-1,-1.744369497455E-1,-9.690941652528E-1));
#4951=VECTOR('',#4950,1.031891467161E0);
#4952=CARTESIAN_POINT('',(-4.64E0,-1.64E0,2.555E0));
#4953=LINE('',#4952,#4951);
#4954=DIRECTION('',(-1.E0,0.E0,0.E0));
#4955=VECTOR('',#4954,6.4E-1);
#4956=CARTESIAN_POINT('',(-4.18E0,-1.82E0,1.555E0));
#4957=LINE('',#4956,#4955);
#4958=DIRECTION('',(-1.744369497455E-1,1.744369497455E-1,-9.690941652528E-1));
#4959=VECTOR('',#4958,1.031891467161E0);
#4960=CARTESIAN_POINT('',(-4.64E0,-1.36E0,2.555E0));
#4961=LINE('',#4960,#4959);
#4962=DIRECTION('',(1.744369497455E-1,1.744369497455E-1,-9.690941652528E-1));
#4963=VECTOR('',#4962,1.031891467161E0);
#4964=CARTESIAN_POINT('',(-4.36E0,-1.36E0,2.555E0));
#4965=LINE('',#4964,#4963);
#4966=DIRECTION('',(-1.E0,0.E0,0.E0));
#4967=VECTOR('',#4966,6.4E-1);
#4968=CARTESIAN_POINT('',(-7.18E0,-1.18E0,-4.285E0));
#4969=LINE('',#4968,#4967);
#4970=DIRECTION('',(-1.E0,0.E0,0.E0));
#4971=VECTOR('',#4970,6.4E-1);
#4972=CARTESIAN_POINT('',(-7.18E0,-1.18E0,1.555E0));
#4973=LINE('',#4972,#4971);
#4974=DIRECTION('',(1.744369497455E-1,1.744369497455E-1,-9.690941652528E-1));
#4975=VECTOR('',#4974,1.031891467161E0);
#4976=CARTESIAN_POINT('',(-7.36E0,-1.36E0,2.555E0));
#4977=LINE('',#4976,#4975);
#4978=DIRECTION('',(-1.744369497455E-1,1.744369497455E-1,9.690941652528E-1));
#4979=VECTOR('',#4978,1.031891467161E0);
#4980=CARTESIAN_POINT('',(-7.18E0,-1.82E0,1.555E0));
#4981=LINE('',#4980,#4979);
#4982=DIRECTION('',(-1.744369497455E-1,-1.744369497455E-1,-9.690941652528E-1));
#4983=VECTOR('',#4982,1.031891467161E0);
#4984=CARTESIAN_POINT('',(-7.64E0,-1.64E0,2.555E0));
#4985=LINE('',#4984,#4983);
#4986=DIRECTION('',(-1.E0,0.E0,0.E0));
#4987=VECTOR('',#4986,6.4E-1);
#4988=CARTESIAN_POINT('',(-7.18E0,-1.82E0,1.555E0));
#4989=LINE('',#4988,#4987);
#4990=DIRECTION('',(0.E0,-1.E0,0.E0));
#4991=VECTOR('',#4990,5.E-1);
#4992=CARTESIAN_POINT('',(-7.82E0,-3.43E0,-3.745E0));
#4993=LINE('',#4992,#4991);
#4994=DIRECTION('',(0.E0,0.E0,-1.E0));
#4995=VECTOR('',#4994,1.68E0);
#4996=CARTESIAN_POINT('',(-7.82E0,-3.93E0,-3.745E0));
#4997=LINE('',#4996,#4995);
#4998=CARTESIAN_POINT('',(-7.82E0,-3.61E0,-5.425E0));
#4999=DIRECTION('',(1.E0,0.E0,0.E0));
#5000=DIRECTION('',(0.E0,-1.E0,0.E0));
#5001=AXIS2_PLACEMENT_3D('',#4998,#4999,#5000);
#5003=DIRECTION('',(0.E0,0.E0,1.E0));
#5004=VECTOR('',#5003,4.7E-1);
#5005=CARTESIAN_POINT('',(-7.82E0,-3.29E0,-5.425E0));
#5006=LINE('',#5005,#5004);
#5007=DIRECTION('',(0.E0,0.E0,-1.E0));
#5008=VECTOR('',#5007,6.7E-1);
#5009=CARTESIAN_POINT('',(-7.82E0,-3.2E-1,-4.285E0));
#5010=LINE('',#5009,#5008);
#5011=DIRECTION('',(0.E0,1.E0,0.E0));
#5012=VECTOR('',#5011,6.4E-1);
#5013=CARTESIAN_POINT('',(-7.82E0,-3.2E-1,-4.955E0));
#5014=LINE('',#5013,#5012);
#5015=DIRECTION('',(0.E0,0.E0,1.E0));
#5016=VECTOR('',#5015,6.7E-1);
#5017=CARTESIAN_POINT('',(-7.82E0,3.2E-1,-4.955E0));
#5018=LINE('',#5017,#5016);
#5019=DIRECTION('',(0.E0,0.E0,-1.E0));
#5020=VECTOR('',#5019,1.425030241322E0);
#5021=CARTESIAN_POINT('',(-7.82E0,1.18E0,-4.285E0));
#5022=LINE('',#5021,#5020);
#5023=CARTESIAN_POINT('',(-7.82E0,6.8E-1,-5.710030241322E0));
#5024=DIRECTION('',(-1.E0,0.E0,0.E0));
#5025=DIRECTION('',(0.E0,1.E0,0.E0));
#5026=AXIS2_PLACEMENT_3D('',#5023,#5024,#5025);
#5028=DIRECTION('',(0.E0,-9.038807571657E-1,-4.277844981127E-1));
#5029=VECTOR('',#5028,5.336867956104E0);
#5030=CARTESIAN_POINT('',(-7.82E0,8.938922490563E-1,-6.161970619905E0));
#5031=LINE('',#5030,#5029);
#5032=DIRECTION('',(0.E0,0.E0,-1.E0));
#5033=VECTOR('',#5032,1.68E0);
#5034=CARTESIAN_POINT('',(-7.82E0,-3.93E0,-8.445E0));
#5035=LINE('',#5034,#5033);
#5036=CARTESIAN_POINT('',(-7.82E0,-3.61E0,-1.0125E1));
#5037=DIRECTION('',(1.E0,0.E0,0.E0));
#5038=DIRECTION('',(0.E0,-1.E0,0.E0));
#5039=AXIS2_PLACEMENT_3D('',#5036,#5037,#5038);
#5041=DIRECTION('',(0.E0,0.E0,1.E0));
#5042=VECTOR('',#5041,1.274838236897E0);
#5043=CARTESIAN_POINT('',(-7.82E0,-3.29E0,-1.0125E1));
#5044=LINE('',#5043,#5042);
#5045=DIRECTION('',(0.E0,9.038807571657E-1,4.277844981127E-1));
#5046=VECTOR('',#5045,4.547059960528E0);
#5047=CARTESIAN_POINT('',(-7.82E0,-3.29E0,-8.850161763103E0));
#5048=LINE('',#5047,#5046);
#5049=DIRECTION('',(0.E0,1.E0,0.E0));
#5050=VECTOR('',#5049,1.E0);
#5051=CARTESIAN_POINT('',(-7.82E0,8.2E-1,-6.905E0));
#5052=LINE('',#5051,#5050);
#5053=DIRECTION('',(0.E0,0.E0,1.E0));
#5054=VECTOR('',#5053,1.95E0);
#5055=CARTESIAN_POINT('',(-7.82E0,1.82E0,-6.905E0));
#5056=LINE('',#5055,#5054);
#5057=DIRECTION('',(0.E0,1.E0,0.E0));
#5058=VECTOR('',#5057,6.4E-1);
#5059=CARTESIAN_POINT('',(-7.82E0,1.18E0,1.555E0));
#5060=LINE('',#5059,#5058);
#5061=DIRECTION('',(0.E0,0.E0,-1.E0));
#5062=VECTOR('',#5061,3.2E0);
#5063=CARTESIAN_POINT('',(-7.82E0,1.18E0,1.555E0));
#5064=LINE('',#5063,#5062);
#5065=DIRECTION('',(0.E0,0.E0,1.E0));
#5066=VECTOR('',#5065,3.2E0);
#5067=CARTESIAN_POINT('',(-7.82E0,1.82E0,-1.645E0));
#5068=LINE('',#5067,#5066);
#5069=DIRECTION('',(0.E0,1.E0,0.E0));
#5070=VECTOR('',#5069,6.4E-1);
#5071=CARTESIAN_POINT('',(-7.82E0,-1.82E0,1.555E0));
#5072=LINE('',#5071,#5070);
#5073=DIRECTION('',(0.E0,0.E0,-1.E0));
#5074=VECTOR('',#5073,3.2E0);
#5075=CARTESIAN_POINT('',(-7.82E0,-1.82E0,1.555E0));
#5076=LINE('',#5075,#5074);
#5077=DIRECTION('',(0.E0,0.E0,1.E0));
#5078=VECTOR('',#5077,3.2E0);
#5079=CARTESIAN_POINT('',(-7.82E0,-1.18E0,-1.645E0));
#5080=LINE('',#5079,#5078);
#5081=DIRECTION('',(-1.E0,0.E0,0.E0));
#5082=VECTOR('',#5081,6.4E-1);
#5083=CARTESIAN_POINT('',(-7.18E0,-3.93E0,-3.745E0));
#5084=LINE('',#5083,#5082);
#5085=DIRECTION('',(-1.E0,0.E0,0.E0));
#5086=VECTOR('',#5085,6.4E-1);
#5087=CARTESIAN_POINT('',(-7.18E0,-3.93E0,-5.425E0));
#5088=LINE('',#5087,#5086);
#5089=DIRECTION('',(-1.E0,0.E0,0.E0));
#5090=VECTOR('',#5089,6.4E-1);
#5091=CARTESIAN_POINT('',(-7.18E0,-3.29E0,-5.425E0));
#5092=LINE('',#5091,#5090);
#5093=DIRECTION('',(-1.E0,0.E0,0.E0));
#5094=VECTOR('',#5093,6.4E-1);
#5095=CARTESIAN_POINT('',(-7.18E0,-3.2E-1,-4.955E0));
#5096=LINE('',#5095,#5094);
#5097=DIRECTION('',(-1.E0,0.E0,0.E0));
#5098=VECTOR('',#5097,6.4E-1);
#5099=CARTESIAN_POINT('',(-7.18E0,3.2E-1,-4.955E0));
#5100=LINE('',#5099,#5098);
#5101=DIRECTION('',(-1.E0,0.E0,0.E0));
#5102=VECTOR('',#5101,6.4E-1);
#5103=CARTESIAN_POINT('',(-7.18E0,1.18E0,1.555E0));
#5104=LINE('',#5103,#5102);
#5105=DIRECTION('',(-1.E0,0.E0,0.E0));
#5106=VECTOR('',#5105,6.4E-1);
#5107=CARTESIAN_POINT('',(-7.18E0,1.18E0,-5.710030241322E0));
#5108=LINE('',#5107,#5106);
#5109=DIRECTION('',(-1.E0,0.E0,0.E0));
#5110=VECTOR('',#5109,6.4E-1);
#5111=CARTESIAN_POINT('',(-7.18E0,8.938922490563E-1,-6.161970619905E0));
#5112=LINE('',#5111,#5110);
#5113=DIRECTION('',(-1.E0,0.E0,0.E0));
#5114=VECTOR('',#5113,6.4E-1);
#5115=CARTESIAN_POINT('',(-7.18E0,-3.93E0,-8.445E0));
#5116=LINE('',#5115,#5114);
#5117=DIRECTION('',(-1.E0,0.E0,0.E0));
#5118=VECTOR('',#5117,6.4E-1);
#5119=CARTESIAN_POINT('',(-7.18E0,-3.93E0,-1.0125E1));
#5120=LINE('',#5119,#5118);
#5121=DIRECTION('',(-1.E0,0.E0,0.E0));
#5122=VECTOR('',#5121,6.4E-1);
#5123=CARTESIAN_POINT('',(-7.18E0,-3.29E0,-1.0125E1));
#5124=LINE('',#5123,#5122);
#5125=DIRECTION('',(-1.E0,0.E0,0.E0));
#5126=VECTOR('',#5125,6.4E-1);
#5127=CARTESIAN_POINT('',(-7.18E0,-3.29E0,-8.850161763103E0));
#5128=LINE('',#5127,#5126);
#5129=DIRECTION('',(-1.E0,0.E0,0.E0));
#5130=VECTOR('',#5129,6.4E-1);
#5131=CARTESIAN_POINT('',(-7.18E0,8.2E-1,-6.905E0));
#5132=LINE('',#5131,#5130);
#5133=DIRECTION('',(-1.744369497455E-1,1.744369497455E-1,9.690941652528E-1));
#5134=VECTOR('',#5133,1.031891467161E0);
#5135=CARTESIAN_POINT('',(-7.18E0,1.18E0,1.555E0));
#5136=LINE('',#5135,#5134);
#5137=DIRECTION('',(-1.744369497455E-1,-1.744369497455E-1,-9.690941652528E-1));
#5138=VECTOR('',#5137,1.031891467161E0);
#5139=CARTESIAN_POINT('',(-7.64E0,1.36E0,2.555E0));
#5140=LINE('',#5139,#5138);
#5141=DIRECTION('',(1.744369497455E-1,1.744369497455E-1,-9.690941652528E-1));
#5142=VECTOR('',#5141,1.031891467161E0);
#5143=CARTESIAN_POINT('',(-7.36E0,1.64E0,2.555E0));
#5144=LINE('',#5143,#5142);
#5145=DIRECTION('',(-1.E0,0.E0,0.E0));
#5146=VECTOR('',#5145,2.8E-1);
#5147=CARTESIAN_POINT('',(-7.36E0,1.36E0,2.555E0));
#5148=LINE('',#5147,#5146);
#5149=DIRECTION('',(0.E0,1.E0,0.E0));
#5150=VECTOR('',#5149,2.8E-1);
#5151=CARTESIAN_POINT('',(-7.64E0,1.36E0,2.555E0));
#5152=LINE('',#5151,#5150);
#5153=DIRECTION('',(-1.E0,0.E0,0.E0));
#5154=VECTOR('',#5153,2.8E-1);
#5155=CARTESIAN_POINT('',(-7.36E0,1.64E0,2.555E0));
#5156=LINE('',#5155,#5154);
#5157=DIRECTION('',(0.E0,-1.E0,0.E0));
#5158=VECTOR('',#5157,2.8E-1);
#5159=CARTESIAN_POINT('',(-7.36E0,1.64E0,2.555E0));
#5160=LINE('',#5159,#5158);
#5161=DIRECTION('',(-1.744369497455E-1,1.744369497455E-1,-9.690941652528E-1));
#5162=VECTOR('',#5161,1.031891467161E0);
#5163=CARTESIAN_POINT('',(-7.64E0,1.64E0,2.555E0));
#5164=LINE('',#5163,#5162);
#5165=DIRECTION('',(-1.744369497455E-1,1.744369497455E-1,-9.690941652528E-1));
#5166=VECTOR('',#5165,1.031891467161E0);
#5167=CARTESIAN_POINT('',(-7.64E0,-1.36E0,2.555E0));
#5168=LINE('',#5167,#5166);
#5169=DIRECTION('',(-1.E0,0.E0,0.E0));
#5170=VECTOR('',#5169,2.8E-1);
#5171=CARTESIAN_POINT('',(-7.36E0,-1.64E0,2.555E0));
#5172=LINE('',#5171,#5170);
#5173=DIRECTION('',(0.E0,1.E0,0.E0));
#5174=VECTOR('',#5173,2.8E-1);
#5175=CARTESIAN_POINT('',(-7.64E0,-1.64E0,2.555E0));
#5176=LINE('',#5175,#5174);
#5177=DIRECTION('',(-1.E0,0.E0,0.E0));
#5178=VECTOR('',#5177,2.8E-1);
#5179=CARTESIAN_POINT('',(-7.36E0,-1.36E0,2.555E0));
#5180=LINE('',#5179,#5178);
#5181=DIRECTION('',(0.E0,-1.E0,0.E0));
#5182=VECTOR('',#5181,2.8E-1);
#5183=CARTESIAN_POINT('',(-7.36E0,-1.36E0,2.555E0));
#5184=LINE('',#5183,#5182);
#5185=DIRECTION('',(-1.E0,0.E0,0.E0));
#5186=VECTOR('',#5185,1.4E0);
#5187=CARTESIAN_POINT('',(-9.425E0,-1.1E0,3.305E0));
#5188=LINE('',#5187,#5186);
#5189=DIRECTION('',(0.E0,-1.E0,0.E0));
#5190=VECTOR('',#5189,1.31E0);
#5191=CARTESIAN_POINT('',(-9.425E0,-1.1E0,3.305E0));
#5192=LINE('',#5191,#5190);
#5193=DIRECTION('',(-1.E0,0.E0,0.E0));
#5194=VECTOR('',#5193,1.4E0);
#5195=CARTESIAN_POINT('',(-9.425E0,1.1E0,3.305E0));
#5196=LINE('',#5195,#5194);
#5197=DIRECTION('',(0.E0,-1.E0,0.E0));
#5198=VECTOR('',#5197,1.58E0);
#5199=CARTESIAN_POINT('',(-9.425E0,2.68E0,3.305E0));
#5200=LINE('',#5199,#5198);
#5201=DIRECTION('',(1.E0,0.E0,0.E0));
#5202=VECTOR('',#5201,1.4E0);
#5203=CARTESIAN_POINT('',(-1.0825E1,1.1E0,-1.95E-1));
#5204=LINE('',#5203,#5202);
#5205=DIRECTION('',(1.E0,0.E0,0.E0));
#5206=VECTOR('',#5205,1.4E0);
#5207=CARTESIAN_POINT('',(-1.0825E1,5.75E-1,-1.95E-1));
#5208=LINE('',#5207,#5206);
#5209=DIRECTION('',(0.E0,0.E0,-1.E0));
#5210=VECTOR('',#5209,6.4E-1);
#5211=CARTESIAN_POINT('',(9.875E0,-3.43E0,-2.435E0));
#5212=LINE('',#5211,#5210);
#5213=DIRECTION('',(-1.E0,0.E0,0.E0));
#5214=VECTOR('',#5213,1.4E0);
#5215=CARTESIAN_POINT('',(1.0825E1,1.1E0,-1.95E-1));
#5216=LINE('',#5215,#5214);
#5217=DIRECTION('',(-1.E0,0.E0,0.E0));
#5218=VECTOR('',#5217,1.4E0);
#5219=CARTESIAN_POINT('',(1.0825E1,5.75E-1,-1.95E-1));
#5220=LINE('',#5219,#5218);
#5221=DIRECTION('',(-1.E0,0.E0,0.E0));
#5222=VECTOR('',#5221,5.E-2);
#5223=CARTESIAN_POINT('',(1.0825E1,-2.1875E0,1.555E0));
#5224=LINE('',#5223,#5222);
#5225=DIRECTION('',(-1.E0,0.E0,0.E0));
#5226=VECTOR('',#5225,5.E-2);
#5227=CARTESIAN_POINT('',(1.0825E1,-2.34375E0,1.555E0));
#5228=LINE('',#5227,#5226);
#5229=DIRECTION('',(-1.E0,0.E0,0.E0));
#5230=VECTOR('',#5229,5.E-2);
#5231=CARTESIAN_POINT('',(1.0825E1,-2.34375E0,2.592234067917E0));
#5232=LINE('',#5231,#5230);
#5233=DIRECTION('',(-1.E0,0.E0,0.E0));
#5234=VECTOR('',#5233,5.E-2);
#5235=CARTESIAN_POINT('',(1.0825E1,-2.5E0,2.406063802838E0));
#5236=LINE('',#5235,#5234);
#5237=DIRECTION('',(-1.E0,0.E0,0.E0));
#5238=VECTOR('',#5237,5.E-2);
#5239=CARTESIAN_POINT('',(1.0825E1,-2.5E0,2.618829809427E0));
#5240=LINE('',#5239,#5238);
#5241=DIRECTION('',(-1.E0,0.E0,0.E0));
#5242=VECTOR('',#5241,5.E-2);
#5243=CARTESIAN_POINT('',(1.0825E1,-2.34375E0,2.805E0));
#5244=LINE('',#5243,#5242);
#5245=DIRECTION('',(-1.E0,0.E0,0.E0));
#5246=VECTOR('',#5245,5.E-2);
#5247=CARTESIAN_POINT('',(1.0825E1,-2.1875E0,2.805E0));
#5248=LINE('',#5247,#5246);
#5249=DIRECTION('',(0.E0,0.E0,1.E0));
#5250=VECTOR('',#5249,1.25E0);
#5251=CARTESIAN_POINT('',(1.0775E1,-2.1875E0,1.555E0));
#5252=LINE('',#5251,#5250);
#5253=DIRECTION('',(0.E0,1.E0,0.E0));
#5254=VECTOR('',#5253,1.5625E-1);
#5255=CARTESIAN_POINT('',(1.0775E1,-2.34375E0,1.555E0));
#5256=LINE('',#5255,#5254);
#5257=DIRECTION('',(0.E0,0.E0,-1.E0));
#5258=VECTOR('',#5257,1.037234067917E0);
#5259=CARTESIAN_POINT('',(1.0775E1,-2.34375E0,2.592234067917E0));
#5260=LINE('',#5259,#5258);
#5261=DIRECTION('',(0.E0,6.428711427642E-1,7.659743427825E-1));
#5262=VECTOR('',#5261,2.430502624961E-1);
#5263=CARTESIAN_POINT('',(1.0775E1,-2.5E0,2.406063802838E0));
#5264=LINE('',#5263,#5262);
#5265=DIRECTION('',(0.E0,0.E0,-1.E0));
#5266=VECTOR('',#5265,2.127660065889E-1);
#5267=CARTESIAN_POINT('',(1.0775E1,-2.5E0,2.618829809427E0));
#5268=LINE('',#5267,#5266);
#5269=DIRECTION('',(0.E0,-6.428712937139E-1,-7.659742160926E-1));
#5270=VECTOR('',#5269,2.430502054266E-1);
#5271=CARTESIAN_POINT('',(1.0775E1,-2.34375E0,2.805E0));
#5272=LINE('',#5271,#5270);
#5273=DIRECTION('',(0.E0,-1.E0,0.E0));
#5274=VECTOR('',#5273,1.5625E-1);
#5275=CARTESIAN_POINT('',(1.0775E1,-2.1875E0,2.805E0));
#5276=LINE('',#5275,#5274);
#5277=DIRECTION('',(0.E0,0.E0,-1.E0));
#5278=VECTOR('',#5277,2.5E-1);
#5279=CARTESIAN_POINT('',(9.825E0,-4.E-1,-2.695E0));
#5280=LINE('',#5279,#5278);
#5281=DIRECTION('',(0.E0,0.E0,-1.E0));
#5282=VECTOR('',#5281,2.5E-1);
#5283=CARTESIAN_POINT('',(1.0125E1,-4.E-1,-2.695E0));
#5284=LINE('',#5283,#5282);
#5285=DIRECTION('',(0.E0,0.E0,-1.E0));
#5286=VECTOR('',#5285,2.5E-1);
#5287=CARTESIAN_POINT('',(1.0125E1,4.E-1,-2.695E0));
#5288=LINE('',#5287,#5286);
#5289=DIRECTION('',(0.E0,0.E0,-1.E0));
#5290=VECTOR('',#5289,2.5E-1);
#5291=CARTESIAN_POINT('',(9.825E0,4.E-1,-2.695E0));
#5292=LINE('',#5291,#5290);
#5293=DIRECTION('',(0.E0,0.E0,-1.E0));
#5294=VECTOR('',#5293,2.5E-1);
#5295=CARTESIAN_POINT('',(-9.825E0,-4.E-1,-2.695E0));
#5296=LINE('',#5295,#5294);
#5297=DIRECTION('',(0.E0,0.E0,-1.E0));
#5298=VECTOR('',#5297,2.5E-1);
#5299=CARTESIAN_POINT('',(-1.0125E1,-4.E-1,-2.695E0));
#5300=LINE('',#5299,#5298);
#5301=DIRECTION('',(0.E0,0.E0,-1.E0));
#5302=VECTOR('',#5301,2.5E-1);
#5303=CARTESIAN_POINT('',(-1.0125E1,4.E-1,-2.695E0));
#5304=LINE('',#5303,#5302);
#5305=DIRECTION('',(0.E0,0.E0,-1.E0));
#5306=VECTOR('',#5305,2.5E-1);
#5307=CARTESIAN_POINT('',(-9.825E0,4.E-1,-2.695E0));
#5308=LINE('',#5307,#5306);
#5309=DIRECTION('',(0.E0,-1.E0,0.E0));
#5310=VECTOR('',#5309,3.3E-1);
#5311=CARTESIAN_POINT('',(-1.0735E1,-3.43E0,-2.435E0));
#5312=LINE('',#5311,#5310);
#5313=CARTESIAN_POINT('',(9.974428104193E0,-3.41E0,-3.075E0));
#5314=DIRECTION('',(0.E0,0.E0,-1.E0));
#5315=DIRECTION('',(0.E0,-1.E0,0.E0));
#5316=AXIS2_PLACEMENT_3D('',#5313,#5314,#5315);
#5318=DIRECTION('',(0.E0,-1.E0,0.E0));
#5319=VECTOR('',#5318,3.3E-1);
#5320=CARTESIAN_POINT('',(1.0735E1,-3.43E0,-3.075E0));
#5321=LINE('',#5320,#5319);
#5322=CARTESIAN_POINT('',(9.974428104193E0,-3.41E0,-2.435E0));
#5323=DIRECTION('',(0.E0,0.E0,1.E0));
#5324=DIRECTION('',(-9.983660119804E-1,-5.714285714286E-2,0.E0));
#5325=AXIS2_PLACEMENT_3D('',#5322,#5323,#5324);
#5327=DIRECTION('',(0.E0,-1.E0,0.E0));
#5328=VECTOR('',#5327,3.3E-1);
#5329=CARTESIAN_POINT('',(1.0735E1,-3.43E0,-2.435E0));
#5330=LINE('',#5329,#5328);
#5331=DIRECTION('',(0.E0,0.E0,-1.E0));
#5332=VECTOR('',#5331,1.6E0);
#5333=CARTESIAN_POINT('',(-9.875E0,-3.43E0,-3.355E0));
#5334=LINE('',#5333,#5332);
#5335=CARTESIAN_POINT('',(-9.425E0,3.43E0,4.955E0));
#5336=CARTESIAN_POINT('',(-1.0825E1,3.43E0,3.305E0));
#5337=VERTEX_POINT('',#5335);
#5338=VERTEX_POINT('',#5336);
#5339=CARTESIAN_POINT('',(1.0825E1,3.43E0,3.305E0));
#5340=CARTESIAN_POINT('',(9.425E0,3.43E0,4.955E0));
#5341=VERTEX_POINT('',#5339);
#5342=VERTEX_POINT('',#5340);
#5343=CARTESIAN_POINT('',(-9.425E0,-3.43E0,4.955E0));
#5344=CARTESIAN_POINT('',(9.425E0,-3.43E0,4.955E0));
#5345=VERTEX_POINT('',#5343);
#5346=VERTEX_POINT('',#5344);
#5347=CARTESIAN_POINT('',(-7.E-1,4.18E0,2.005E0));
#5348=CARTESIAN_POINT('',(-7.E-1,4.83E0,2.005E0));
#5349=VERTEX_POINT('',#5347);
#5350=VERTEX_POINT('',#5348);
#5351=CARTESIAN_POINT('',(-7.E-1,4.83E0,2.755E0));
#5352=VERTEX_POINT('',#5351);
#5353=CARTESIAN_POINT('',(7.E-1,4.18E0,2.005E0));
#5354=CARTESIAN_POINT('',(7.E-1,4.83E0,2.005E0));
#5355=VERTEX_POINT('',#5353);
#5356=VERTEX_POINT('',#5354);
#5357=CARTESIAN_POINT('',(7.E-1,4.83E0,2.755E0));
#5358=VERTEX_POINT('',#5357);
#5359=CARTESIAN_POINT('',(-7.E-1,3.43E0,4.415E0));
#5360=CARTESIAN_POINT('',(-7.E-1,3.43E0,1.255E0));
#5361=VERTEX_POINT('',#5359);
#5362=VERTEX_POINT('',#5360);
#5363=CARTESIAN_POINT('',(7.E-1,3.43E0,4.415E0));
#5364=CARTESIAN_POINT('',(7.E-1,3.43E0,1.255E0));
#5365=VERTEX_POINT('',#5363);
#5366=VERTEX_POINT('',#5364);
#5367=CARTESIAN_POINT('',(9.425E0,-2.41E0,4.955E0));
#5368=CARTESIAN_POINT('',(9.425E0,2.68E0,4.955E0));
#5369=VERTEX_POINT('',#5367);
#5370=VERTEX_POINT('',#5368);
#5371=CARTESIAN_POINT('',(1.0825E1,2.68E0,3.305E0));
#5372=VERTEX_POINT('',#5371);
#5373=CARTESIAN_POINT('',(1.0825E1,-2.41E0,3.305E0));
#5374=VERTEX_POINT('',#5373);
#5375=CARTESIAN_POINT('',(9.425E0,2.68E0,3.305E0));
#5376=VERTEX_POINT('',#5375);
#5377=CARTESIAN_POINT('',(9.425E0,-2.41E0,3.305E0));
#5378=VERTEX_POINT('',#5377);
#5379=CARTESIAN_POINT('',(1.0825E1,-2.93E0,3.305E0));
#5380=CARTESIAN_POINT('',(1.0825E1,-2.93E0,-3.355E0));
#5381=VERTEX_POINT('',#5379);
#5382=VERTEX_POINT('',#5380);
#5383=CARTESIAN_POINT('',(-9.425E0,-2.41E0,4.955E0));
#5384=CARTESIAN_POINT('',(-9.425E0,2.68E0,4.955E0));
#5385=VERTEX_POINT('',#5383);
#5386=VERTEX_POINT('',#5384);
#5387=CARTESIAN_POINT('',(-1.0825E1,2.68E0,3.305E0));
#5388=VERTEX_POINT('',#5387);
#5389=CARTESIAN_POINT('',(-1.0825E1,-2.41E0,3.305E0));
#5390=VERTEX_POINT('',#5389);
#5391=CARTESIAN_POINT('',(-9.425E0,2.68E0,3.305E0));
#5392=VERTEX_POINT('',#5391);
#5393=CARTESIAN_POINT('',(-9.425E0,-2.41E0,3.305E0));
#5394=VERTEX_POINT('',#5393);
#5395=CARTESIAN_POINT('',(9.375E0,1.E0,-3.685E0));
#5396=CARTESIAN_POINT('',(9.375E0,-1.E0,-3.685E0));
#5397=VERTEX_POINT('',#5395);
#5398=VERTEX_POINT('',#5396);
#5399=CARTESIAN_POINT('',(1.1075E1,1.E0,-4.285E0));
#5400=CARTESIAN_POINT('',(9.375E0,1.E0,-4.285E0));
#5401=VERTEX_POINT('',#5399);
#5402=VERTEX_POINT('',#5400);
#5403=CARTESIAN_POINT('',(1.1075E1,-1.E0,-4.285E0));
#5404=CARTESIAN_POINT('',(9.375E0,-1.E0,-4.285E0));
#5405=VERTEX_POINT('',#5403);
#5406=VERTEX_POINT('',#5404);
#5407=CARTESIAN_POINT('',(1.1075E1,1.E0,-3.685E0));
#5408=VERTEX_POINT('',#5407);
#5409=CARTESIAN_POINT('',(1.1075E1,-1.E0,-3.685E0));
#5410=VERTEX_POINT('',#5409);
#5411=CARTESIAN_POINT('',(-9.325E0,3.175E0,-3.105E0));
#5412=CARTESIAN_POINT('',(9.325E0,3.175E0,-3.105E0));
#5413=VERTEX_POINT('',#5411);
#5414=VERTEX_POINT('',#5412);
#5415=CARTESIAN_POINT('',(-9.325E0,3.43E0,-4.955E0));
#5416=CARTESIAN_POINT('',(-9.325E0,3.43E0,-3.105E0));
#5417=VERTEX_POINT('',#5415);
#5418=VERTEX_POINT('',#5416);
#5419=CARTESIAN_POINT('',(9.325E0,3.43E0,-3.105E0));
#5420=VERTEX_POINT('',#5419);
#5421=CARTESIAN_POINT('',(9.325E0,3.43E0,-4.955E0));
#5422=VERTEX_POINT('',#5421);
#5423=CARTESIAN_POINT('',(-9.325E0,3.175E0,-4.955E0));
#5424=VERTEX_POINT('',#5423);
#5425=CARTESIAN_POINT('',(9.325E0,3.175E0,-4.955E0));
#5426=VERTEX_POINT('',#5425);
#5427=CARTESIAN_POINT('',(7.18E0,-3.43E0,-4.955E0));
#5428=CARTESIAN_POINT('',(7.18E0,-3.29E0,-4.955E0));
#5429=VERTEX_POINT('',#5427);
#5430=VERTEX_POINT('',#5428);
#5431=CARTESIAN_POINT('',(9.875E0,-3.94E0,-3.355E0));
#5432=CARTESIAN_POINT('',(9.875E0,-3.43E0,-3.355E0));
#5433=VERTEX_POINT('',#5431);
#5434=VERTEX_POINT('',#5432);
#5435=CARTESIAN_POINT('',(-9.875E0,-3.94E0,-3.355E0));
#5436=CARTESIAN_POINT('',(-9.875E0,-3.43E0,-3.355E0));
#5437=VERTEX_POINT('',#5435);
#5438=VERTEX_POINT('',#5436);
#5439=CARTESIAN_POINT('',(9.875E0,-3.94E0,-4.955E0));
#5440=VERTEX_POINT('',#5439);
#5441=CARTESIAN_POINT('',(-9.875E0,-3.94E0,-4.955E0));
#5442=VERTEX_POINT('',#5441);
#5443=CARTESIAN_POINT('',(9.875E0,-3.43E0,-4.955E0));
#5444=VERTEX_POINT('',#5443);
#5445=CARTESIAN_POINT('',(-9.875E0,-3.43E0,-4.955E0));
#5446=VERTEX_POINT('',#5445);
#5447=CARTESIAN_POINT('',(7.82E0,-3.43E0,-4.955E0));
#5448=VERTEX_POINT('',#5447);
#5449=CARTESIAN_POINT('',(7.18E0,3.175E0,-3.655E0));
#5450=CARTESIAN_POINT('',(7.18E0,1.82E0,-3.655E0));
#5451=VERTEX_POINT('',#5449);
#5452=VERTEX_POINT('',#5450);
#5453=CARTESIAN_POINT('',(7.82E0,3.175E0,-3.655E0));
#5454=CARTESIAN_POINT('',(7.82E0,1.82E0,-3.655E0));
#5455=VERTEX_POINT('',#5453);
#5456=VERTEX_POINT('',#5454);
#5457=CARTESIAN_POINT('',(-9.375E0,1.E0,-3.685E0));
#5458=CARTESIAN_POINT('',(-9.375E0,-1.E0,-3.685E0));
#5459=VERTEX_POINT('',#5457);
#5460=VERTEX_POINT('',#5458);
#5461=CARTESIAN_POINT('',(-9.375E0,-1.E0,-4.285E0));
#5462=CARTESIAN_POINT('',(-9.375E0,1.E0,-4.285E0));
#5463=VERTEX_POINT('',#5461);
#5464=VERTEX_POINT('',#5462);
#5465=CARTESIAN_POINT('',(-1.1075E1,1.E0,-4.285E0));
#5466=VERTEX_POINT('',#5465);
#5467=CARTESIAN_POINT('',(-1.1075E1,-1.E0,-4.285E0));
#5468=VERTEX_POINT('',#5467);
#5469=CARTESIAN_POINT('',(-1.1075E1,1.E0,-3.685E0));
#5470=VERTEX_POINT('',#5469);
#5471=CARTESIAN_POINT('',(-1.1075E1,-1.E0,-3.685E0));
#5472=VERTEX_POINT('',#5471);
#5473=CARTESIAN_POINT('',(9.425E0,-1.1E0,-1.95E-1));
#5474=CARTESIAN_POINT('',(9.425E0,-5.75E-1,-1.95E-1));
#5475=VERTEX_POINT('',#5473);
#5476=VERTEX_POINT('',#5474);
#5477=CARTESIAN_POINT('',(9.425E0,5.75E-1,-1.95E-1));
#5478=CARTESIAN_POINT('',(9.425E0,1.1E0,-1.95E-1));
#5479=VERTEX_POINT('',#5477);
#5480=VERTEX_POINT('',#5478);
#5481=CARTESIAN_POINT('',(1.0825E1,-1.1E0,3.305E0));
#5482=CARTESIAN_POINT('',(1.0825E1,-1.1E0,-1.95E-1));
#5483=VERTEX_POINT('',#5481);
#5484=VERTEX_POINT('',#5482);
#5485=CARTESIAN_POINT('',(1.0825E1,-5.75E-1,-1.95E-1));
#5486=VERTEX_POINT('',#5485);
#5487=CARTESIAN_POINT('',(1.0825E1,-5.75E-1,-2.695E0));
#5488=VERTEX_POINT('',#5487);
#5489=CARTESIAN_POINT('',(1.0825E1,5.75E-1,-2.695E0));
#5490=VERTEX_POINT('',#5489);
#5491=CARTESIAN_POINT('',(1.0825E1,5.75E-1,-1.95E-1));
#5492=VERTEX_POINT('',#5491);
#5493=CARTESIAN_POINT('',(1.0825E1,1.1E0,-1.95E-1));
#5494=VERTEX_POINT('',#5493);
#5495=CARTESIAN_POINT('',(1.0825E1,1.1E0,3.305E0));
#5496=VERTEX_POINT('',#5495);
#5497=CARTESIAN_POINT('',(9.425E0,-1.1E0,3.305E0));
#5498=VERTEX_POINT('',#5497);
#5499=CARTESIAN_POINT('',(9.425E0,1.1E0,3.305E0));
#5500=VERTEX_POINT('',#5499);
#5501=CARTESIAN_POINT('',(-9.425E0,-1.1E0,-1.95E-1));
#5502=CARTESIAN_POINT('',(-9.425E0,-5.75E-1,-1.95E-1));
#5503=VERTEX_POINT('',#5501);
#5504=VERTEX_POINT('',#5502);
#5505=CARTESIAN_POINT('',(-9.425E0,5.75E-1,-1.95E-1));
#5506=CARTESIAN_POINT('',(-9.425E0,1.1E0,-1.95E-1));
#5507=VERTEX_POINT('',#5505);
#5508=VERTEX_POINT('',#5506);
#5509=CARTESIAN_POINT('',(-1.0825E1,-1.1E0,3.305E0));
#5510=CARTESIAN_POINT('',(-1.0825E1,-1.1E0,-1.95E-1));
#5511=VERTEX_POINT('',#5509);
#5512=VERTEX_POINT('',#5510);
#5513=CARTESIAN_POINT('',(-1.0825E1,-5.75E-1,-1.95E-1));
#5514=VERTEX_POINT('',#5513);
#5515=CARTESIAN_POINT('',(-1.0825E1,-5.75E-1,-2.695E0));
#5516=VERTEX_POINT('',#5515);
#5517=CARTESIAN_POINT('',(-1.0825E1,5.75E-1,-2.695E0));
#5518=VERTEX_POINT('',#5517);
#5519=CARTESIAN_POINT('',(-1.0825E1,5.75E-1,-1.95E-1));
#5520=VERTEX_POINT('',#5519);
#5521=CARTESIAN_POINT('',(-1.0825E1,1.1E0,-1.95E-1));
#5522=VERTEX_POINT('',#5521);
#5523=CARTESIAN_POINT('',(-1.0825E1,1.1E0,3.305E0));
#5524=VERTEX_POINT('',#5523);
#5525=CARTESIAN_POINT('',(-9.425E0,-1.1E0,3.305E0));
#5526=VERTEX_POINT('',#5525);
#5527=CARTESIAN_POINT('',(-9.425E0,1.1E0,3.305E0));
#5528=VERTEX_POINT('',#5527);
#5529=CARTESIAN_POINT('',(7.82E0,8.938922490563E-1,-6.161970619905E0));
#5530=CARTESIAN_POINT('',(7.82E0,-3.93E0,-8.445E0));
#5531=VERTEX_POINT('',#5529);
#5532=VERTEX_POINT('',#5530);
#5533=CARTESIAN_POINT('',(7.82E0,-3.29E0,-8.850161763103E0));
#5534=CARTESIAN_POINT('',(7.82E0,8.2E-1,-6.905E0));
#5535=VERTEX_POINT('',#5533);
#5536=VERTEX_POINT('',#5534);
#5537=CARTESIAN_POINT('',(7.18E0,8.938922490563E-1,-6.161970619905E0));
#5538=CARTESIAN_POINT('',(7.18E0,-3.93E0,-8.445E0));
#5539=VERTEX_POINT('',#5537);
#5540=VERTEX_POINT('',#5538);
#5541=CARTESIAN_POINT('',(7.18E0,-3.29E0,-8.850161763103E0));
#5542=CARTESIAN_POINT('',(7.18E0,8.2E-1,-6.905E0));
#5543=VERTEX_POINT('',#5541);
#5544=VERTEX_POINT('',#5542);
#5545=CARTESIAN_POINT('',(7.18E0,-3.43E0,-3.745E0));
#5546=VERTEX_POINT('',#5545);
#5547=CARTESIAN_POINT('',(7.18E0,1.82E0,-4.955E0));
#5548=VERTEX_POINT('',#5547);
#5549=CARTESIAN_POINT('',(7.18E0,1.18E0,-4.285E0));
#5550=CARTESIAN_POINT('',(7.18E0,1.18E0,-3.655E0));
#5551=VERTEX_POINT('',#5549);
#5552=VERTEX_POINT('',#5550);
#5553=CARTESIAN_POINT('',(7.82E0,1.18E0,-3.655E0));
#5554=VERTEX_POINT('',#5553);
#5555=CARTESIAN_POINT('',(7.18E0,3.175E0,-4.955E0));
#5556=VERTEX_POINT('',#5555);
#5557=CARTESIAN_POINT('',(7.18E0,3.2E-1,-3.655E0));
#5558=VERTEX_POINT('',#5557);
#5559=CARTESIAN_POINT('',(7.18E0,-1.18E0,-4.285E0));
#5560=CARTESIAN_POINT('',(7.18E0,-3.2E-1,-4.285E0));
#5561=VERTEX_POINT('',#5559);
#5562=VERTEX_POINT('',#5560);
#5563=CARTESIAN_POINT('',(7.82E0,1.82E0,-6.905E0));
#5564=CARTESIAN_POINT('',(7.82E0,1.82E0,-4.955E0));
#5565=VERTEX_POINT('',#5563);
#5566=VERTEX_POINT('',#5564);
#5567=CARTESIAN_POINT('',(7.18E0,1.82E0,-6.905E0));
#5568=VERTEX_POINT('',#5567);
#5569=CARTESIAN_POINT('',(7.82E0,1.6E0,-4.285E0));
#5570=CARTESIAN_POINT('',(7.82E0,1.6E0,-4.955E0));
#5571=VERTEX_POINT('',#5569);
#5572=VERTEX_POINT('',#5570);
#5573=CARTESIAN_POINT('',(7.18E0,1.6E0,-4.285E0));
#5574=CARTESIAN_POINT('',(7.18E0,1.6E0,-4.955E0));
#5575=VERTEX_POINT('',#5573);
#5576=VERTEX_POINT('',#5574);
#5577=CARTESIAN_POINT('',(7.82E0,1.18E0,-4.285E0));
#5578=VERTEX_POINT('',#5577);
#5579=CARTESIAN_POINT('',(7.82E0,3.175E0,-4.955E0));
#5580=VERTEX_POINT('',#5579);
#5581=CARTESIAN_POINT('',(7.82E0,3.2E-1,-3.655E0));
#5582=VERTEX_POINT('',#5581);
#5583=CARTESIAN_POINT('',(7.82E0,-1.18E0,-4.285E0));
#5584=CARTESIAN_POINT('',(7.82E0,-3.2E-1,-4.285E0));
#5585=VERTEX_POINT('',#5583);
#5586=VERTEX_POINT('',#5584);
#5587=CARTESIAN_POINT('',(4.82E0,8.938922490563E-1,-6.161970619905E0));
#5588=CARTESIAN_POINT('',(4.82E0,-3.93E0,-8.445E0));
#5589=VERTEX_POINT('',#5587);
#5590=VERTEX_POINT('',#5588);
#5591=CARTESIAN_POINT('',(4.82E0,-3.29E0,-8.850161763103E0));
#5592=CARTESIAN_POINT('',(4.82E0,8.2E-1,-6.905E0));
#5593=VERTEX_POINT('',#5591);
#5594=VERTEX_POINT('',#5592);
#5595=CARTESIAN_POINT('',(4.18E0,8.938922490563E-1,-6.161970619905E0));
#5596=CARTESIAN_POINT('',(4.18E0,-3.93E0,-8.445E0));
#5597=VERTEX_POINT('',#5595);
#5598=VERTEX_POINT('',#5596);
#5599=CARTESIAN_POINT('',(4.18E0,-3.29E0,-8.850161763103E0));
#5600=CARTESIAN_POINT('',(4.18E0,8.2E-1,-6.905E0));
#5601=VERTEX_POINT('',#5599);
#5602=VERTEX_POINT('',#5600);
#5603=CARTESIAN_POINT('',(4.82E0,1.6E0,-4.285E0));
#5604=CARTESIAN_POINT('',(4.82E0,1.6E0,-4.955E0));
#5605=VERTEX_POINT('',#5603);
#5606=VERTEX_POINT('',#5604);
#5607=CARTESIAN_POINT('',(4.18E0,1.6E0,-4.285E0));
#5608=CARTESIAN_POINT('',(4.18E0,1.6E0,-4.955E0));
#5609=VERTEX_POINT('',#5607);
#5610=VERTEX_POINT('',#5608);
#5611=CARTESIAN_POINT('',(4.82E0,1.82E0,-4.955E0));
#5612=VERTEX_POINT('',#5611);
#5613=CARTESIAN_POINT('',(4.18E0,1.82E0,-4.955E0));
#5614=VERTEX_POINT('',#5613);
#5615=CARTESIAN_POINT('',(4.18E0,1.82E0,-3.655E0));
#5616=VERTEX_POINT('',#5615);
#5617=CARTESIAN_POINT('',(4.18E0,1.18E0,-4.285E0));
#5618=CARTESIAN_POINT('',(4.18E0,1.18E0,-3.655E0));
#5619=VERTEX_POINT('',#5617);
#5620=VERTEX_POINT('',#5618);
#5621=CARTESIAN_POINT('',(4.82E0,1.82E0,-3.655E0));
#5622=VERTEX_POINT('',#5621);
#5623=CARTESIAN_POINT('',(4.82E0,1.18E0,-3.655E0));
#5624=VERTEX_POINT('',#5623);
#5625=CARTESIAN_POINT('',(4.82E0,1.18E0,-4.285E0));
#5626=VERTEX_POINT('',#5625);
#5627=CARTESIAN_POINT('',(4.18E0,-1.18E0,-4.285E0));
#5628=CARTESIAN_POINT('',(4.18E0,-3.2E-1,-4.285E0));
#5629=VERTEX_POINT('',#5627);
#5630=VERTEX_POINT('',#5628);
#5631=CARTESIAN_POINT('',(4.82E0,-1.18E0,-4.285E0));
#5632=CARTESIAN_POINT('',(4.82E0,-3.2E-1,-4.285E0));
#5633=VERTEX_POINT('',#5631);
#5634=VERTEX_POINT('',#5632);
#5635=CARTESIAN_POINT('',(4.18E0,3.175E0,-4.955E0));
#5636=VERTEX_POINT('',#5635);
#5637=CARTESIAN_POINT('',(4.82E0,3.175E0,-4.955E0));
#5638=VERTEX_POINT('',#5637);
#5639=CARTESIAN_POINT('',(4.18E0,3.175E0,-3.655E0));
#5640=VERTEX_POINT('',#5639);
#5641=CARTESIAN_POINT('',(4.18E0,3.2E-1,-3.655E0));
#5642=VERTEX_POINT('',#5641);
#5643=CARTESIAN_POINT('',(4.82E0,3.175E0,-3.655E0));
#5644=VERTEX_POINT('',#5643);
#5645=CARTESIAN_POINT('',(4.82E0,3.2E-1,-3.655E0));
#5646=VERTEX_POINT('',#5645);
#5647=CARTESIAN_POINT('',(4.82E0,1.82E0,-6.905E0));
#5648=VERTEX_POINT('',#5647);
#5649=CARTESIAN_POINT('',(4.18E0,1.82E0,-6.905E0));
#5650=VERTEX_POINT('',#5649);
#5651=CARTESIAN_POINT('',(1.82E0,8.938922490563E-1,-6.161970619905E0));
#5652=CARTESIAN_POINT('',(1.82E0,-3.93E0,-8.445E0));
#5653=VERTEX_POINT('',#5651);
#5654=VERTEX_POINT('',#5652);
#5655=CARTESIAN_POINT('',(1.82E0,-3.29E0,-8.850161763103E0));
#5656=CARTESIAN_POINT('',(1.82E0,8.2E-1,-6.905E0));
#5657=VERTEX_POINT('',#5655);
#5658=VERTEX_POINT('',#5656);
#5659=CARTESIAN_POINT('',(1.18E0,8.938922490563E-1,-6.161970619905E0));
#5660=CARTESIAN_POINT('',(1.18E0,-3.93E0,-8.445E0));
#5661=VERTEX_POINT('',#5659);
#5662=VERTEX_POINT('',#5660);
#5663=CARTESIAN_POINT('',(1.18E0,-3.29E0,-8.850161763103E0));
#5664=CARTESIAN_POINT('',(1.18E0,8.2E-1,-6.905E0));
#5665=VERTEX_POINT('',#5663);
#5666=VERTEX_POINT('',#5664);
#5667=CARTESIAN_POINT('',(1.82E0,1.6E0,-4.285E0));
#5668=CARTESIAN_POINT('',(1.82E0,1.6E0,-4.955E0));
#5669=VERTEX_POINT('',#5667);
#5670=VERTEX_POINT('',#5668);
#5671=CARTESIAN_POINT('',(1.18E0,1.6E0,-4.285E0));
#5672=CARTESIAN_POINT('',(1.18E0,1.6E0,-4.955E0));
#5673=VERTEX_POINT('',#5671);
#5674=VERTEX_POINT('',#5672);
#5675=CARTESIAN_POINT('',(1.82E0,1.82E0,-4.955E0));
#5676=VERTEX_POINT('',#5675);
#5677=CARTESIAN_POINT('',(1.18E0,1.82E0,-4.955E0));
#5678=VERTEX_POINT('',#5677);
#5679=CARTESIAN_POINT('',(1.18E0,1.82E0,-3.655E0));
#5680=VERTEX_POINT('',#5679);
#5681=CARTESIAN_POINT('',(1.18E0,1.18E0,-4.285E0));
#5682=CARTESIAN_POINT('',(1.18E0,1.18E0,-3.655E0));
#5683=VERTEX_POINT('',#5681);
#5684=VERTEX_POINT('',#5682);
#5685=CARTESIAN_POINT('',(1.82E0,1.82E0,-3.655E0));
#5686=VERTEX_POINT('',#5685);
#5687=CARTESIAN_POINT('',(1.82E0,1.18E0,-3.655E0));
#5688=VERTEX_POINT('',#5687);
#5689=CARTESIAN_POINT('',(1.82E0,1.18E0,-4.285E0));
#5690=VERTEX_POINT('',#5689);
#5691=CARTESIAN_POINT('',(1.18E0,-1.18E0,-4.285E0));
#5692=CARTESIAN_POINT('',(1.18E0,-3.2E-1,-4.285E0));
#5693=VERTEX_POINT('',#5691);
#5694=VERTEX_POINT('',#5692);
#5695=CARTESIAN_POINT('',(1.82E0,-1.18E0,-4.285E0));
#5696=CARTESIAN_POINT('',(1.82E0,-3.2E-1,-4.285E0));
#5697=VERTEX_POINT('',#5695);
#5698=VERTEX_POINT('',#5696);
#5699=CARTESIAN_POINT('',(1.18E0,3.175E0,-4.955E0));
#5700=VERTEX_POINT('',#5699);
#5701=CARTESIAN_POINT('',(1.82E0,3.175E0,-4.955E0));
#5702=VERTEX_POINT('',#5701);
#5703=CARTESIAN_POINT('',(1.18E0,3.175E0,-3.655E0));
#5704=VERTEX_POINT('',#5703);
#5705=CARTESIAN_POINT('',(1.18E0,3.2E-1,-3.655E0));
#5706=VERTEX_POINT('',#5705);
#5707=CARTESIAN_POINT('',(1.82E0,3.175E0,-3.655E0));
#5708=VERTEX_POINT('',#5707);
#5709=CARTESIAN_POINT('',(1.82E0,3.2E-1,-3.655E0));
#5710=VERTEX_POINT('',#5709);
#5711=CARTESIAN_POINT('',(1.82E0,1.82E0,-6.905E0));
#5712=VERTEX_POINT('',#5711);
#5713=CARTESIAN_POINT('',(1.18E0,1.82E0,-6.905E0));
#5714=VERTEX_POINT('',#5713);
#5715=CARTESIAN_POINT('',(-1.18E0,8.938922490563E-1,-6.161970619905E0));
#5716=CARTESIAN_POINT('',(-1.18E0,-3.93E0,-8.445E0));
#5717=VERTEX_POINT('',#5715);
#5718=VERTEX_POINT('',#5716);
#5719=CARTESIAN_POINT('',(-1.18E0,-3.29E0,-8.850161763103E0));
#5720=CARTESIAN_POINT('',(-1.18E0,8.2E-1,-6.905E0));
#5721=VERTEX_POINT('',#5719);
#5722=VERTEX_POINT('',#5720);
#5723=CARTESIAN_POINT('',(-1.82E0,8.938922490563E-1,-6.161970619905E0));
#5724=CARTESIAN_POINT('',(-1.82E0,-3.93E0,-8.445E0));
#5725=VERTEX_POINT('',#5723);
#5726=VERTEX_POINT('',#5724);
#5727=CARTESIAN_POINT('',(-1.82E0,-3.29E0,-8.850161763103E0));
#5728=CARTESIAN_POINT('',(-1.82E0,8.2E-1,-6.905E0));
#5729=VERTEX_POINT('',#5727);
#5730=VERTEX_POINT('',#5728);
#5731=CARTESIAN_POINT('',(-1.18E0,1.6E0,-4.285E0));
#5732=CARTESIAN_POINT('',(-1.18E0,1.6E0,-4.955E0));
#5733=VERTEX_POINT('',#5731);
#5734=VERTEX_POINT('',#5732);
#5735=CARTESIAN_POINT('',(-1.82E0,1.6E0,-4.285E0));
#5736=CARTESIAN_POINT('',(-1.82E0,1.6E0,-4.955E0));
#5737=VERTEX_POINT('',#5735);
#5738=VERTEX_POINT('',#5736);
#5739=CARTESIAN_POINT('',(-1.18E0,1.82E0,-4.955E0));
#5740=VERTEX_POINT('',#5739);
#5741=CARTESIAN_POINT('',(-1.82E0,1.82E0,-4.955E0));
#5742=VERTEX_POINT('',#5741);
#5743=CARTESIAN_POINT('',(-1.82E0,1.82E0,-3.655E0));
#5744=VERTEX_POINT('',#5743);
#5745=CARTESIAN_POINT('',(-1.82E0,1.18E0,-4.285E0));
#5746=CARTESIAN_POINT('',(-1.82E0,1.18E0,-3.655E0));
#5747=VERTEX_POINT('',#5745);
#5748=VERTEX_POINT('',#5746);
#5749=CARTESIAN_POINT('',(-1.18E0,1.82E0,-3.655E0));
#5750=VERTEX_POINT('',#5749);
#5751=CARTESIAN_POINT('',(-1.18E0,1.18E0,-3.655E0));
#5752=VERTEX_POINT('',#5751);
#5753=CARTESIAN_POINT('',(-1.18E0,1.18E0,-4.285E0));
#5754=VERTEX_POINT('',#5753);
#5755=CARTESIAN_POINT('',(-1.82E0,-1.18E0,-4.285E0));
#5756=CARTESIAN_POINT('',(-1.82E0,-3.2E-1,-4.285E0));
#5757=VERTEX_POINT('',#5755);
#5758=VERTEX_POINT('',#5756);
#5759=CARTESIAN_POINT('',(-1.18E0,-1.18E0,-4.285E0));
#5760=CARTESIAN_POINT('',(-1.18E0,-3.2E-1,-4.285E0));
#5761=VERTEX_POINT('',#5759);
#5762=VERTEX_POINT('',#5760);
#5763=CARTESIAN_POINT('',(-1.82E0,3.175E0,-4.955E0));
#5764=VERTEX_POINT('',#5763);
#5765=CARTESIAN_POINT('',(-1.18E0,3.175E0,-4.955E0));
#5766=VERTEX_POINT('',#5765);
#5767=CARTESIAN_POINT('',(-1.82E0,3.175E0,-3.655E0));
#5768=VERTEX_POINT('',#5767);
#5769=CARTESIAN_POINT('',(-1.82E0,3.2E-1,-3.655E0));
#5770=VERTEX_POINT('',#5769);
#5771=CARTESIAN_POINT('',(-1.18E0,3.175E0,-3.655E0));
#5772=VERTEX_POINT('',#5771);
#5773=CARTESIAN_POINT('',(-1.18E0,3.2E-1,-3.655E0));
#5774=VERTEX_POINT('',#5773);
#5775=CARTESIAN_POINT('',(-1.18E0,1.82E0,-6.905E0));
#5776=VERTEX_POINT('',#5775);
#5777=CARTESIAN_POINT('',(-1.82E0,1.82E0,-6.905E0));
#5778=VERTEX_POINT('',#5777);
#5779=CARTESIAN_POINT('',(-4.18E0,8.938922490563E-1,-6.161970619905E0));
#5780=CARTESIAN_POINT('',(-4.18E0,-3.93E0,-8.445E0));
#5781=VERTEX_POINT('',#5779);
#5782=VERTEX_POINT('',#5780);
#5783=CARTESIAN_POINT('',(-4.18E0,-3.29E0,-8.850161763103E0));
#5784=CARTESIAN_POINT('',(-4.18E0,8.2E-1,-6.905E0));
#5785=VERTEX_POINT('',#5783);
#5786=VERTEX_POINT('',#5784);
#5787=CARTESIAN_POINT('',(-4.82E0,8.938922490563E-1,-6.161970619905E0));
#5788=CARTESIAN_POINT('',(-4.82E0,-3.93E0,-8.445E0));
#5789=VERTEX_POINT('',#5787);
#5790=VERTEX_POINT('',#5788);
#5791=CARTESIAN_POINT('',(-4.82E0,-3.29E0,-8.850161763103E0));
#5792=CARTESIAN_POINT('',(-4.82E0,8.2E-1,-6.905E0));
#5793=VERTEX_POINT('',#5791);
#5794=VERTEX_POINT('',#5792);
#5795=CARTESIAN_POINT('',(-4.18E0,1.6E0,-4.285E0));
#5796=CARTESIAN_POINT('',(-4.18E0,1.6E0,-4.955E0));
#5797=VERTEX_POINT('',#5795);
#5798=VERTEX_POINT('',#5796);
#5799=CARTESIAN_POINT('',(-4.82E0,1.6E0,-4.285E0));
#5800=CARTESIAN_POINT('',(-4.82E0,1.6E0,-4.955E0));
#5801=VERTEX_POINT('',#5799);
#5802=VERTEX_POINT('',#5800);
#5803=CARTESIAN_POINT('',(-4.18E0,1.82E0,-4.955E0));
#5804=VERTEX_POINT('',#5803);
#5805=CARTESIAN_POINT('',(-4.82E0,1.82E0,-4.955E0));
#5806=VERTEX_POINT('',#5805);
#5807=CARTESIAN_POINT('',(-4.82E0,1.82E0,-3.655E0));
#5808=VERTEX_POINT('',#5807);
#5809=CARTESIAN_POINT('',(-4.82E0,1.18E0,-4.285E0));
#5810=CARTESIAN_POINT('',(-4.82E0,1.18E0,-3.655E0));
#5811=VERTEX_POINT('',#5809);
#5812=VERTEX_POINT('',#5810);
#5813=CARTESIAN_POINT('',(-4.18E0,1.82E0,-3.655E0));
#5814=VERTEX_POINT('',#5813);
#5815=CARTESIAN_POINT('',(-4.18E0,1.18E0,-3.655E0));
#5816=VERTEX_POINT('',#5815);
#5817=CARTESIAN_POINT('',(-4.18E0,1.18E0,-4.285E0));
#5818=VERTEX_POINT('',#5817);
#5819=CARTESIAN_POINT('',(-4.82E0,-1.18E0,-4.285E0));
#5820=CARTESIAN_POINT('',(-4.82E0,-3.2E-1,-4.285E0));
#5821=VERTEX_POINT('',#5819);
#5822=VERTEX_POINT('',#5820);
#5823=CARTESIAN_POINT('',(-4.18E0,-1.18E0,-4.285E0));
#5824=CARTESIAN_POINT('',(-4.18E0,-3.2E-1,-4.285E0));
#5825=VERTEX_POINT('',#5823);
#5826=VERTEX_POINT('',#5824);
#5827=CARTESIAN_POINT('',(-4.82E0,3.175E0,-4.955E0));
#5828=VERTEX_POINT('',#5827);
#5829=CARTESIAN_POINT('',(-4.18E0,3.175E0,-4.955E0));
#5830=VERTEX_POINT('',#5829);
#5831=CARTESIAN_POINT('',(-4.82E0,3.175E0,-3.655E0));
#5832=VERTEX_POINT('',#5831);
#5833=CARTESIAN_POINT('',(-4.82E0,3.2E-1,-3.655E0));
#5834=VERTEX_POINT('',#5833);
#5835=CARTESIAN_POINT('',(-4.18E0,3.175E0,-3.655E0));
#5836=VERTEX_POINT('',#5835);
#5837=CARTESIAN_POINT('',(-4.18E0,3.2E-1,-3.655E0));
#5838=VERTEX_POINT('',#5837);
#5839=CARTESIAN_POINT('',(-4.18E0,1.82E0,-6.905E0));
#5840=VERTEX_POINT('',#5839);
#5841=CARTESIAN_POINT('',(-4.82E0,1.82E0,-6.905E0));
#5842=VERTEX_POINT('',#5841);
#5843=CARTESIAN_POINT('',(7.18E0,3.2E-1,-4.285E0));
#5844=VERTEX_POINT('',#5843);
#5845=CARTESIAN_POINT('',(7.82E0,3.2E-1,-4.285E0));
#5846=VERTEX_POINT('',#5845);
#5847=CARTESIAN_POINT('',(4.18E0,3.2E-1,-4.285E0));
#5848=VERTEX_POINT('',#5847);
#5849=CARTESIAN_POINT('',(4.82E0,3.2E-1,-4.285E0));
#5850=VERTEX_POINT('',#5849);
#5851=CARTESIAN_POINT('',(1.18E0,3.2E-1,-4.285E0));
#5852=VERTEX_POINT('',#5851);
#5853=CARTESIAN_POINT('',(1.82E0,3.2E-1,-4.285E0));
#5854=VERTEX_POINT('',#5853);
#5855=CARTESIAN_POINT('',(-1.82E0,3.2E-1,-4.285E0));
#5856=VERTEX_POINT('',#5855);
#5857=CARTESIAN_POINT('',(-1.18E0,3.2E-1,-4.285E0));
#5858=VERTEX_POINT('',#5857);
#5859=CARTESIAN_POINT('',(-4.82E0,3.2E-1,-4.285E0));
#5860=VERTEX_POINT('',#5859);
#5861=CARTESIAN_POINT('',(-4.18E0,3.2E-1,-4.285E0));
#5862=VERTEX_POINT('',#5861);
#5863=CARTESIAN_POINT('',(7.82E0,-3.2E-1,-4.955E0));
#5864=CARTESIAN_POINT('',(7.82E0,3.2E-1,-4.955E0));
#5865=VERTEX_POINT('',#5863);
#5866=VERTEX_POINT('',#5864);
#5867=CARTESIAN_POINT('',(7.18E0,-3.2E-1,-4.955E0));
#5868=CARTESIAN_POINT('',(7.18E0,3.2E-1,-4.955E0));
#5869=VERTEX_POINT('',#5867);
#5870=VERTEX_POINT('',#5868);
#5871=CARTESIAN_POINT('',(4.82E0,-3.2E-1,-4.955E0));
#5872=CARTESIAN_POINT('',(4.82E0,3.2E-1,-4.955E0));
#5873=VERTEX_POINT('',#5871);
#5874=VERTEX_POINT('',#5872);
#5875=CARTESIAN_POINT('',(4.18E0,-3.2E-1,-4.955E0));
#5876=CARTESIAN_POINT('',(4.18E0,3.2E-1,-4.955E0));
#5877=VERTEX_POINT('',#5875);
#5878=VERTEX_POINT('',#5876);
#5879=CARTESIAN_POINT('',(1.82E0,-3.2E-1,-4.955E0));
#5880=CARTESIAN_POINT('',(1.82E0,3.2E-1,-4.955E0));
#5881=VERTEX_POINT('',#5879);
#5882=VERTEX_POINT('',#5880);
#5883=CARTESIAN_POINT('',(1.18E0,-3.2E-1,-4.955E0));
#5884=CARTESIAN_POINT('',(1.18E0,3.2E-1,-4.955E0));
#5885=VERTEX_POINT('',#5883);
#5886=VERTEX_POINT('',#5884);
#5887=CARTESIAN_POINT('',(-1.18E0,-3.2E-1,-4.955E0));
#5888=CARTESIAN_POINT('',(-1.18E0,3.2E-1,-4.955E0));
#5889=VERTEX_POINT('',#5887);
#5890=VERTEX_POINT('',#5888);
#5891=CARTESIAN_POINT('',(-1.82E0,-3.2E-1,-4.955E0));
#5892=CARTESIAN_POINT('',(-1.82E0,3.2E-1,-4.955E0));
#5893=VERTEX_POINT('',#5891);
#5894=VERTEX_POINT('',#5892);
#5895=CARTESIAN_POINT('',(-4.18E0,-3.2E-1,-4.955E0));
#5896=CARTESIAN_POINT('',(-4.18E0,3.2E-1,-4.955E0));
#5897=VERTEX_POINT('',#5895);
#5898=VERTEX_POINT('',#5896);
#5899=CARTESIAN_POINT('',(-4.82E0,-3.2E-1,-4.955E0));
#5900=CARTESIAN_POINT('',(-4.82E0,3.2E-1,-4.955E0));
#5901=VERTEX_POINT('',#5899);
#5902=VERTEX_POINT('',#5900);
#5903=CARTESIAN_POINT('',(7.82E0,-3.43E0,-3.745E0));
#5904=VERTEX_POINT('',#5903);
#5905=CARTESIAN_POINT('',(4.82E0,-3.43E0,-4.955E0));
#5906=CARTESIAN_POINT('',(4.82E0,-3.43E0,-3.745E0));
#5907=VERTEX_POINT('',#5905);
#5908=VERTEX_POINT('',#5906);
#5909=CARTESIAN_POINT('',(4.18E0,-3.43E0,-4.955E0));
#5910=CARTESIAN_POINT('',(4.18E0,-3.43E0,-3.745E0));
#5911=VERTEX_POINT('',#5909);
#5912=VERTEX_POINT('',#5910);
#5913=CARTESIAN_POINT('',(1.82E0,-3.43E0,-4.955E0));
#5914=CARTESIAN_POINT('',(1.82E0,-3.43E0,-3.745E0));
#5915=VERTEX_POINT('',#5913);
#5916=VERTEX_POINT('',#5914);
#5917=CARTESIAN_POINT('',(1.18E0,-3.43E0,-4.955E0));
#5918=CARTESIAN_POINT('',(1.18E0,-3.43E0,-3.745E0));
#5919=VERTEX_POINT('',#5917);
#5920=VERTEX_POINT('',#5918);
#5921=CARTESIAN_POINT('',(-1.18E0,-3.43E0,-4.955E0));
#5922=CARTESIAN_POINT('',(-1.18E0,-3.43E0,-3.745E0));
#5923=VERTEX_POINT('',#5921);
#5924=VERTEX_POINT('',#5922);
#5925=CARTESIAN_POINT('',(-1.82E0,-3.43E0,-4.955E0));
#5926=CARTESIAN_POINT('',(-1.82E0,-3.43E0,-3.745E0));
#5927=VERTEX_POINT('',#5925);
#5928=VERTEX_POINT('',#5926);
#5929=CARTESIAN_POINT('',(-4.18E0,-3.43E0,-4.955E0));
#5930=CARTESIAN_POINT('',(-4.18E0,-3.43E0,-3.745E0));
#5931=VERTEX_POINT('',#5929);
#5932=VERTEX_POINT('',#5930);
#5933=CARTESIAN_POINT('',(-4.82E0,-3.43E0,-4.955E0));
#5934=CARTESIAN_POINT('',(-4.82E0,-3.43E0,-3.745E0));
#5935=VERTEX_POINT('',#5933);
#5936=VERTEX_POINT('',#5934);
#5937=CARTESIAN_POINT('',(9.825E0,5.75E-1,-2.945E0));
#5938=CARTESIAN_POINT('',(9.425E0,5.75E-1,-2.945E0));
#5939=VERTEX_POINT('',#5937);
#5940=VERTEX_POINT('',#5938);
#5941=CARTESIAN_POINT('',(9.425E0,-5.75E-1,-2.945E0));
#5942=VERTEX_POINT('',#5941);
#5943=CARTESIAN_POINT('',(9.825E0,-5.75E-1,-2.945E0));
#5944=VERTEX_POINT('',#5943);
#5945=CARTESIAN_POINT('',(9.825E0,-4.E-1,-2.945E0));
#5946=VERTEX_POINT('',#5945);
#5947=CARTESIAN_POINT('',(1.0125E1,-4.E-1,-2.945E0));
#5948=VERTEX_POINT('',#5947);
#5949=CARTESIAN_POINT('',(1.0125E1,4.E-1,-2.945E0));
#5950=VERTEX_POINT('',#5949);
#5951=CARTESIAN_POINT('',(9.825E0,4.E-1,-2.945E0));
#5952=VERTEX_POINT('',#5951);
#5953=CARTESIAN_POINT('',(-9.825E0,5.75E-1,-2.945E0));
#5954=CARTESIAN_POINT('',(-9.825E0,4.E-1,-2.945E0));
#5955=VERTEX_POINT('',#5953);
#5956=VERTEX_POINT('',#5954);
#5957=CARTESIAN_POINT('',(-1.0125E1,4.E-1,-2.945E0));
#5958=VERTEX_POINT('',#5957);
#5959=CARTESIAN_POINT('',(-1.0125E1,-4.E-1,-2.945E0));
#5960=VERTEX_POINT('',#5959);
#5961=CARTESIAN_POINT('',(-9.825E0,-4.E-1,-2.945E0));
#5962=VERTEX_POINT('',#5961);
#5963=CARTESIAN_POINT('',(-9.825E0,-5.75E-1,-2.945E0));
#5964=VERTEX_POINT('',#5963);
#5965=CARTESIAN_POINT('',(-9.425E0,-5.75E-1,-2.945E0));
#5966=VERTEX_POINT('',#5965);
#5967=CARTESIAN_POINT('',(-9.425E0,5.75E-1,-2.945E0));
#5968=VERTEX_POINT('',#5967);
#5969=CARTESIAN_POINT('',(9.825E0,-5.75E-1,-2.695E0));
#5970=CARTESIAN_POINT('',(9.825E0,-4.E-1,-2.695E0));
#5971=VERTEX_POINT('',#5969);
#5972=VERTEX_POINT('',#5970);
#5973=CARTESIAN_POINT('',(1.0125E1,-4.E-1,-2.695E0));
#5974=VERTEX_POINT('',#5973);
#5975=CARTESIAN_POINT('',(1.0125E1,4.E-1,-2.695E0));
#5976=VERTEX_POINT('',#5975);
#5977=CARTESIAN_POINT('',(9.825E0,4.E-1,-2.695E0));
#5978=VERTEX_POINT('',#5977);
#5979=CARTESIAN_POINT('',(9.825E0,5.75E-1,-2.695E0));
#5980=VERTEX_POINT('',#5979);
#5981=CARTESIAN_POINT('',(-9.825E0,5.75E-1,-2.695E0));
#5982=CARTESIAN_POINT('',(-9.825E0,4.E-1,-2.695E0));
#5983=VERTEX_POINT('',#5981);
#5984=VERTEX_POINT('',#5982);
#5985=CARTESIAN_POINT('',(-1.0125E1,4.E-1,-2.695E0));
#5986=VERTEX_POINT('',#5985);
#5987=CARTESIAN_POINT('',(-1.0125E1,-4.E-1,-2.695E0));
#5988=VERTEX_POINT('',#5987);
#5989=CARTESIAN_POINT('',(-9.825E0,-4.E-1,-2.695E0));
#5990=VERTEX_POINT('',#5989);
#5991=CARTESIAN_POINT('',(-9.825E0,-5.75E-1,-2.695E0));
#5992=VERTEX_POINT('',#5991);
#5993=CARTESIAN_POINT('',(-7.82E0,3.175E0,-4.955E0));
#5994=CARTESIAN_POINT('',(-7.82E0,3.175E0,-3.655E0));
#5995=VERTEX_POINT('',#5993);
#5996=VERTEX_POINT('',#5994);
#5997=CARTESIAN_POINT('',(-7.18E0,3.175E0,-3.655E0));
#5998=VERTEX_POINT('',#5997);
#5999=CARTESIAN_POINT('',(-7.18E0,3.175E0,-4.955E0));
#6000=VERTEX_POINT('',#5999);
#6001=CARTESIAN_POINT('',(5.85E0,-3.93E0,3.305E0));
#6002=CARTESIAN_POINT('',(6.85E0,-3.93E0,3.305E0));
#6003=VERTEX_POINT('',#6001);
#6004=VERTEX_POINT('',#6002);
#6005=CARTESIAN_POINT('',(5.85E0,-3.93E0,-3.355E0));
#6006=CARTESIAN_POINT('',(6.85E0,-3.93E0,-3.355E0));
#6007=VERTEX_POINT('',#6005);
#6008=VERTEX_POINT('',#6006);
#6009=CARTESIAN_POINT('',(-6.85E0,-3.43E0,3.305E0));
#6010=CARTESIAN_POINT('',(-5.85E0,-3.43E0,3.305E0));
#6011=VERTEX_POINT('',#6009);
#6012=VERTEX_POINT('',#6010);
#6013=CARTESIAN_POINT('',(5.85E0,-3.43E0,3.305E0));
#6014=CARTESIAN_POINT('',(6.85E0,-3.43E0,3.305E0));
#6015=VERTEX_POINT('',#6013);
#6016=VERTEX_POINT('',#6014);
#6017=CARTESIAN_POINT('',(-6.85E0,-3.43E0,-3.355E0));
#6018=CARTESIAN_POINT('',(-5.85E0,-3.43E0,-3.355E0));
#6019=VERTEX_POINT('',#6017);
#6020=VERTEX_POINT('',#6018);
#6021=CARTESIAN_POINT('',(5.85E0,-3.43E0,-3.355E0));
#6022=CARTESIAN_POINT('',(6.85E0,-3.43E0,-3.355E0));
#6023=VERTEX_POINT('',#6021);
#6024=VERTEX_POINT('',#6022);
#6025=CARTESIAN_POINT('',(7.82E0,-3.93E0,-3.745E0));
#6026=CARTESIAN_POINT('',(7.82E0,-3.93E0,-5.425E0));
#6027=VERTEX_POINT('',#6025);
#6028=VERTEX_POINT('',#6026);
#6029=CARTESIAN_POINT('',(7.82E0,-3.29E0,-5.425E0));
#6030=VERTEX_POINT('',#6029);
#6031=CARTESIAN_POINT('',(7.18E0,-3.93E0,-3.745E0));
#6032=CARTESIAN_POINT('',(7.18E0,-3.93E0,-5.425E0));
#6033=VERTEX_POINT('',#6031);
#6034=VERTEX_POINT('',#6032);
#6035=CARTESIAN_POINT('',(7.18E0,-3.29E0,-5.425E0));
#6036=VERTEX_POINT('',#6035);
#6037=CARTESIAN_POINT('',(4.82E0,-3.93E0,-3.745E0));
#6038=CARTESIAN_POINT('',(4.82E0,-3.93E0,-5.425E0));
#6039=VERTEX_POINT('',#6037);
#6040=VERTEX_POINT('',#6038);
#6041=CARTESIAN_POINT('',(4.82E0,-3.29E0,-5.425E0));
#6042=VERTEX_POINT('',#6041);
#6043=CARTESIAN_POINT('',(4.18E0,-3.93E0,-3.745E0));
#6044=CARTESIAN_POINT('',(4.18E0,-3.93E0,-5.425E0));
#6045=VERTEX_POINT('',#6043);
#6046=VERTEX_POINT('',#6044);
#6047=CARTESIAN_POINT('',(4.18E0,-3.29E0,-5.425E0));
#6048=VERTEX_POINT('',#6047);
#6049=CARTESIAN_POINT('',(1.82E0,-3.93E0,-3.745E0));
#6050=CARTESIAN_POINT('',(1.82E0,-3.93E0,-5.425E0));
#6051=VERTEX_POINT('',#6049);
#6052=VERTEX_POINT('',#6050);
#6053=CARTESIAN_POINT('',(1.82E0,-3.29E0,-5.425E0));
#6054=VERTEX_POINT('',#6053);
#6055=CARTESIAN_POINT('',(1.18E0,-3.93E0,-3.745E0));
#6056=CARTESIAN_POINT('',(1.18E0,-3.93E0,-5.425E0));
#6057=VERTEX_POINT('',#6055);
#6058=VERTEX_POINT('',#6056);
#6059=CARTESIAN_POINT('',(1.18E0,-3.29E0,-5.425E0));
#6060=VERTEX_POINT('',#6059);
#6061=CARTESIAN_POINT('',(-1.18E0,-3.93E0,-3.745E0));
#6062=CARTESIAN_POINT('',(-1.18E0,-3.93E0,-5.425E0));
#6063=VERTEX_POINT('',#6061);
#6064=VERTEX_POINT('',#6062);
#6065=CARTESIAN_POINT('',(-1.18E0,-3.29E0,-5.425E0));
#6066=VERTEX_POINT('',#6065);
#6067=CARTESIAN_POINT('',(-1.82E0,-3.93E0,-3.745E0));
#6068=CARTESIAN_POINT('',(-1.82E0,-3.93E0,-5.425E0));
#6069=VERTEX_POINT('',#6067);
#6070=VERTEX_POINT('',#6068);
#6071=CARTESIAN_POINT('',(-1.82E0,-3.29E0,-5.425E0));
#6072=VERTEX_POINT('',#6071);
#6073=CARTESIAN_POINT('',(-4.18E0,-3.93E0,-3.745E0));
#6074=CARTESIAN_POINT('',(-4.18E0,-3.93E0,-5.425E0));
#6075=VERTEX_POINT('',#6073);
#6076=VERTEX_POINT('',#6074);
#6077=CARTESIAN_POINT('',(-4.18E0,-3.29E0,-5.425E0));
#6078=VERTEX_POINT('',#6077);
#6079=CARTESIAN_POINT('',(-4.82E0,-3.93E0,-3.745E0));
#6080=CARTESIAN_POINT('',(-4.82E0,-3.93E0,-5.425E0));
#6081=VERTEX_POINT('',#6079);
#6082=VERTEX_POINT('',#6080);
#6083=CARTESIAN_POINT('',(-4.82E0,-3.29E0,-5.425E0));
#6084=VERTEX_POINT('',#6083);
#6085=CARTESIAN_POINT('',(7.82E0,-3.29E0,-4.955E0));
#6086=VERTEX_POINT('',#6085);
#6087=CARTESIAN_POINT('',(4.82E0,-3.29E0,-4.955E0));
#6088=VERTEX_POINT('',#6087);
#6089=CARTESIAN_POINT('',(4.18E0,-3.29E0,-4.955E0));
#6090=VERTEX_POINT('',#6089);
#6091=CARTESIAN_POINT('',(1.82E0,-3.29E0,-4.955E0));
#6092=VERTEX_POINT('',#6091);
#6093=CARTESIAN_POINT('',(1.18E0,-3.29E0,-4.955E0));
#6094=VERTEX_POINT('',#6093);
#6095=CARTESIAN_POINT('',(-1.18E0,-3.29E0,-4.955E0));
#6096=VERTEX_POINT('',#6095);
#6097=CARTESIAN_POINT('',(-1.82E0,-3.29E0,-4.955E0));
#6098=VERTEX_POINT('',#6097);
#6099=CARTESIAN_POINT('',(-4.18E0,-3.29E0,-4.955E0));
#6100=VERTEX_POINT('',#6099);
#6101=CARTESIAN_POINT('',(-4.82E0,-3.29E0,-4.955E0));
#6102=VERTEX_POINT('',#6101);
#6103=CARTESIAN_POINT('',(7.82E0,-3.93E0,-1.0125E1));
#6104=VERTEX_POINT('',#6103);
#6105=CARTESIAN_POINT('',(7.82E0,-3.29E0,-1.0125E1));
#6106=VERTEX_POINT('',#6105);
#6107=CARTESIAN_POINT('',(7.82E0,1.18E0,-5.710030241322E0));
#6108=VERTEX_POINT('',#6107);
#6109=CARTESIAN_POINT('',(7.18E0,-3.93E0,-1.0125E1));
#6110=VERTEX_POINT('',#6109);
#6111=CARTESIAN_POINT('',(7.18E0,-3.29E0,-1.0125E1));
#6112=VERTEX_POINT('',#6111);
#6113=CARTESIAN_POINT('',(7.18E0,1.18E0,-5.710030241322E0));
#6114=VERTEX_POINT('',#6113);
#6115=CARTESIAN_POINT('',(4.82E0,-3.93E0,-1.0125E1));
#6116=VERTEX_POINT('',#6115);
#6117=CARTESIAN_POINT('',(4.82E0,-3.29E0,-1.0125E1));
#6118=VERTEX_POINT('',#6117);
#6119=CARTESIAN_POINT('',(4.82E0,1.18E0,-5.710030241322E0));
#6120=VERTEX_POINT('',#6119);
#6121=CARTESIAN_POINT('',(4.18E0,-3.93E0,-1.0125E1));
#6122=VERTEX_POINT('',#6121);
#6123=CARTESIAN_POINT('',(4.18E0,-3.29E0,-1.0125E1));
#6124=VERTEX_POINT('',#6123);
#6125=CARTESIAN_POINT('',(4.18E0,1.18E0,-5.710030241322E0));
#6126=VERTEX_POINT('',#6125);
#6127=CARTESIAN_POINT('',(1.82E0,-3.93E0,-1.0125E1));
#6128=VERTEX_POINT('',#6127);
#6129=CARTESIAN_POINT('',(1.82E0,-3.29E0,-1.0125E1));
#6130=VERTEX_POINT('',#6129);
#6131=CARTESIAN_POINT('',(1.82E0,1.18E0,-5.710030241322E0));
#6132=VERTEX_POINT('',#6131);
#6133=CARTESIAN_POINT('',(1.18E0,-3.93E0,-1.0125E1));
#6134=VERTEX_POINT('',#6133);
#6135=CARTESIAN_POINT('',(1.18E0,-3.29E0,-1.0125E1));
#6136=VERTEX_POINT('',#6135);
#6137=CARTESIAN_POINT('',(1.18E0,1.18E0,-5.710030241322E0));
#6138=VERTEX_POINT('',#6137);
#6139=CARTESIAN_POINT('',(-1.18E0,-3.93E0,-1.0125E1));
#6140=VERTEX_POINT('',#6139);
#6141=CARTESIAN_POINT('',(-1.18E0,-3.29E0,-1.0125E1));
#6142=VERTEX_POINT('',#6141);
#6143=CARTESIAN_POINT('',(-1.18E0,1.18E0,-5.710030241322E0));
#6144=VERTEX_POINT('',#6143);
#6145=CARTESIAN_POINT('',(-1.82E0,-3.93E0,-1.0125E1));
#6146=VERTEX_POINT('',#6145);
#6147=CARTESIAN_POINT('',(-1.82E0,-3.29E0,-1.0125E1));
#6148=VERTEX_POINT('',#6147);
#6149=CARTESIAN_POINT('',(-1.82E0,1.18E0,-5.710030241322E0));
#6150=VERTEX_POINT('',#6149);
#6151=CARTESIAN_POINT('',(-4.18E0,-3.93E0,-1.0125E1));
#6152=VERTEX_POINT('',#6151);
#6153=CARTESIAN_POINT('',(-4.18E0,-3.29E0,-1.0125E1));
#6154=VERTEX_POINT('',#6153);
#6155=CARTESIAN_POINT('',(-4.18E0,1.18E0,-5.710030241322E0));
#6156=VERTEX_POINT('',#6155);
#6157=CARTESIAN_POINT('',(-4.82E0,-3.93E0,-1.0125E1));
#6158=VERTEX_POINT('',#6157);
#6159=CARTESIAN_POINT('',(-4.82E0,-3.29E0,-1.0125E1));
#6160=VERTEX_POINT('',#6159);
#6161=CARTESIAN_POINT('',(-4.82E0,1.18E0,-5.710030241322E0));
#6162=VERTEX_POINT('',#6161);
#6163=CARTESIAN_POINT('',(6.23E0,2.77E0,-1.645E0));
#6164=CARTESIAN_POINT('',(6.23E0,2.3E-1,-1.645E0));
#6165=VERTEX_POINT('',#6163);
#6166=VERTEX_POINT('',#6164);
#6167=CARTESIAN_POINT('',(8.07E0,2.3E-1,-1.645E0));
#6168=VERTEX_POINT('',#6167);
#6169=CARTESIAN_POINT('',(8.77E0,9.3E-1,-1.645E0));
#6170=VERTEX_POINT('',#6169);
#6171=CARTESIAN_POINT('',(8.77E0,2.77E0,-1.645E0));
#6172=VERTEX_POINT('',#6171);
#6173=CARTESIAN_POINT('',(8.77E0,-2.3E-1,-1.645E0));
#6174=CARTESIAN_POINT('',(6.23E0,-2.3E-1,-1.645E0));
#6175=VERTEX_POINT('',#6173);
#6176=VERTEX_POINT('',#6174);
#6177=CARTESIAN_POINT('',(6.23E0,-2.77E0,-1.645E0));
#6178=VERTEX_POINT('',#6177);
#6179=CARTESIAN_POINT('',(8.07E0,-2.77E0,-1.645E0));
#6180=VERTEX_POINT('',#6179);
#6181=CARTESIAN_POINT('',(8.77E0,-2.07E0,-1.645E0));
#6182=VERTEX_POINT('',#6181);
#6183=CARTESIAN_POINT('',(3.23E0,-2.3E-1,-1.645E0));
#6184=CARTESIAN_POINT('',(3.23E0,-2.07E0,-1.645E0));
#6185=VERTEX_POINT('',#6183);
#6186=VERTEX_POINT('',#6184);
#6187=CARTESIAN_POINT('',(3.93E0,-2.77E0,-1.645E0));
#6188=VERTEX_POINT('',#6187);
#6189=CARTESIAN_POINT('',(5.77E0,-2.77E0,-1.645E0));
#6190=VERTEX_POINT('',#6189);
#6191=CARTESIAN_POINT('',(5.77E0,-2.3E-1,-1.645E0));
#6192=VERTEX_POINT('',#6191);
#6193=CARTESIAN_POINT('',(3.93E0,2.3E-1,-1.645E0));
#6194=CARTESIAN_POINT('',(5.77E0,2.3E-1,-1.645E0));
#6195=VERTEX_POINT('',#6193);
#6196=VERTEX_POINT('',#6194);
#6197=CARTESIAN_POINT('',(5.77E0,2.77E0,-1.645E0));
#6198=VERTEX_POINT('',#6197);
#6199=CARTESIAN_POINT('',(3.23E0,2.77E0,-1.645E0));
#6200=VERTEX_POINT('',#6199);
#6201=CARTESIAN_POINT('',(3.23E0,9.3E-1,-1.645E0));
#6202=VERTEX_POINT('',#6201);
#6203=CARTESIAN_POINT('',(2.3E-1,2.3E-1,-1.645E0));
#6204=CARTESIAN_POINT('',(2.77E0,2.3E-1,-1.645E0));
#6205=VERTEX_POINT('',#6203);
#6206=VERTEX_POINT('',#6204);
#6207=CARTESIAN_POINT('',(2.77E0,2.77E0,-1.645E0));
#6208=VERTEX_POINT('',#6207);
#6209=CARTESIAN_POINT('',(2.3E-1,2.77E0,-1.645E0));
#6210=VERTEX_POINT('',#6209);
#6211=CARTESIAN_POINT('',(2.77E0,-2.3E-1,-1.645E0));
#6212=CARTESIAN_POINT('',(2.3E-1,-2.3E-1,-1.645E0));
#6213=VERTEX_POINT('',#6211);
#6214=VERTEX_POINT('',#6212);
#6215=CARTESIAN_POINT('',(2.3E-1,-2.77E0,-1.645E0));
#6216=VERTEX_POINT('',#6215);
#6217=CARTESIAN_POINT('',(2.07E0,-2.77E0,-1.645E0));
#6218=VERTEX_POINT('',#6217);
#6219=CARTESIAN_POINT('',(2.77E0,-2.07E0,-1.645E0));
#6220=VERTEX_POINT('',#6219);
#6221=CARTESIAN_POINT('',(-2.77E0,-2.77E0,-1.645E0));
#6222=CARTESIAN_POINT('',(-9.3E-1,-2.77E0,-1.645E0));
#6223=VERTEX_POINT('',#6221);
#6224=VERTEX_POINT('',#6222);
#6225=CARTESIAN_POINT('',(-2.3E-1,-2.07E0,-1.645E0));
#6226=VERTEX_POINT('',#6225);
#6227=CARTESIAN_POINT('',(-2.3E-1,-2.3E-1,-1.645E0));
#6228=VERTEX_POINT('',#6227);
#6229=CARTESIAN_POINT('',(-2.77E0,-2.3E-1,-1.645E0));
#6230=VERTEX_POINT('',#6229);
#6231=CARTESIAN_POINT('',(-2.77E0,2.3E-1,-1.645E0));
#6232=CARTESIAN_POINT('',(-9.3E-1,2.3E-1,-1.645E0));
#6233=VERTEX_POINT('',#6231);
#6234=VERTEX_POINT('',#6232);
#6235=CARTESIAN_POINT('',(-2.3E-1,9.3E-1,-1.645E0));
#6236=VERTEX_POINT('',#6235);
#6237=CARTESIAN_POINT('',(-2.3E-1,2.77E0,-1.645E0));
#6238=VERTEX_POINT('',#6237);
#6239=CARTESIAN_POINT('',(-2.77E0,2.77E0,-1.645E0));
#6240=VERTEX_POINT('',#6239);
#6241=CARTESIAN_POINT('',(-3.23E0,-2.3E-1,-1.645E0));
#6242=CARTESIAN_POINT('',(-5.77E0,-2.3E-1,-1.645E0));
#6243=VERTEX_POINT('',#6241);
#6244=VERTEX_POINT('',#6242);
#6245=CARTESIAN_POINT('',(-5.77E0,-2.77E0,-1.645E0));
#6246=VERTEX_POINT('',#6245);
#6247=CARTESIAN_POINT('',(-3.93E0,-2.77E0,-1.645E0));
#6248=VERTEX_POINT('',#6247);
#6249=CARTESIAN_POINT('',(-3.23E0,-2.07E0,-1.645E0));
#6250=VERTEX_POINT('',#6249);
#6251=CARTESIAN_POINT('',(-5.77E0,2.3E-1,-1.645E0));
#6252=CARTESIAN_POINT('',(-3.93E0,2.3E-1,-1.645E0));
#6253=VERTEX_POINT('',#6251);
#6254=VERTEX_POINT('',#6252);
#6255=CARTESIAN_POINT('',(-3.23E0,9.3E-1,-1.645E0));
#6256=VERTEX_POINT('',#6255);
#6257=CARTESIAN_POINT('',(-3.23E0,2.77E0,-1.645E0));
#6258=VERTEX_POINT('',#6257);
#6259=CARTESIAN_POINT('',(-5.77E0,2.77E0,-1.645E0));
#6260=VERTEX_POINT('',#6259);
#6261=CARTESIAN_POINT('',(-6.23E0,-2.07E0,-1.645E0));
#6262=CARTESIAN_POINT('',(-6.23E0,-2.3E-1,-1.645E0));
#6263=VERTEX_POINT('',#6261);
#6264=VERTEX_POINT('',#6262);
#6265=CARTESIAN_POINT('',(-8.77E0,-2.3E-1,-1.645E0));
#6266=VERTEX_POINT('',#6265);
#6267=CARTESIAN_POINT('',(-8.77E0,-2.77E0,-1.645E0));
#6268=VERTEX_POINT('',#6267);
#6269=CARTESIAN_POINT('',(-6.93E0,-2.77E0,-1.645E0));
#6270=VERTEX_POINT('',#6269);
#6271=CARTESIAN_POINT('',(-6.23E0,9.3E-1,-1.645E0));
#6272=CARTESIAN_POINT('',(-6.23E0,2.77E0,-1.645E0));
#6273=VERTEX_POINT('',#6271);
#6274=VERTEX_POINT('',#6272);
#6275=CARTESIAN_POINT('',(-8.77E0,2.77E0,-1.645E0));
#6276=VERTEX_POINT('',#6275);
#6277=CARTESIAN_POINT('',(-8.77E0,2.3E-1,-1.645E0));
#6278=VERTEX_POINT('',#6277);
#6279=CARTESIAN_POINT('',(-6.93E0,2.3E-1,-1.645E0));
#6280=VERTEX_POINT('',#6279);
#6281=CARTESIAN_POINT('',(6.23E0,2.3E-1,4.955E0));
#6282=CARTESIAN_POINT('',(8.07E0,2.3E-1,4.955E0));
#6283=VERTEX_POINT('',#6281);
#6284=VERTEX_POINT('',#6282);
#6285=CARTESIAN_POINT('',(8.77E0,2.77E0,4.955E0));
#6286=CARTESIAN_POINT('',(6.23E0,2.77E0,4.955E0));
#6287=VERTEX_POINT('',#6285);
#6288=VERTEX_POINT('',#6286);
#6289=CARTESIAN_POINT('',(8.77E0,-2.3E-1,4.955E0));
#6290=CARTESIAN_POINT('',(6.23E0,-2.3E-1,4.955E0));
#6291=VERTEX_POINT('',#6289);
#6292=VERTEX_POINT('',#6290);
#6293=CARTESIAN_POINT('',(6.23E0,-2.77E0,4.955E0));
#6294=CARTESIAN_POINT('',(8.07E0,-2.77E0,4.955E0));
#6295=VERTEX_POINT('',#6293);
#6296=VERTEX_POINT('',#6294);
#6297=CARTESIAN_POINT('',(-6.23E0,-2.3E-1,4.955E0));
#6298=CARTESIAN_POINT('',(-8.77E0,-2.3E-1,4.955E0));
#6299=VERTEX_POINT('',#6297);
#6300=VERTEX_POINT('',#6298);
#6301=CARTESIAN_POINT('',(-8.77E0,-2.77E0,4.955E0));
#6302=CARTESIAN_POINT('',(-6.93E0,-2.77E0,4.955E0));
#6303=VERTEX_POINT('',#6301);
#6304=VERTEX_POINT('',#6302);
#6305=CARTESIAN_POINT('',(-6.23E0,-2.07E0,4.955E0));
#6306=VERTEX_POINT('',#6305);
#6307=CARTESIAN_POINT('',(-6.23E0,2.77E0,4.955E0));
#6308=CARTESIAN_POINT('',(-8.77E0,2.77E0,4.955E0));
#6309=VERTEX_POINT('',#6307);
#6310=VERTEX_POINT('',#6308);
#6311=CARTESIAN_POINT('',(-8.77E0,2.3E-1,4.955E0));
#6312=CARTESIAN_POINT('',(-6.93E0,2.3E-1,4.955E0));
#6313=VERTEX_POINT('',#6311);
#6314=VERTEX_POINT('',#6312);
#6315=CARTESIAN_POINT('',(-6.23E0,9.3E-1,4.955E0));
#6316=VERTEX_POINT('',#6315);
#6317=CARTESIAN_POINT('',(8.77E0,-2.07E0,4.955E0));
#6318=VERTEX_POINT('',#6317);
#6319=CARTESIAN_POINT('',(8.77E0,9.3E-1,4.955E0));
#6320=VERTEX_POINT('',#6319);
#6321=CARTESIAN_POINT('',(3.23E0,-2.3E-1,4.955E0));
#6322=CARTESIAN_POINT('',(3.23E0,-2.07E0,4.955E0));
#6323=VERTEX_POINT('',#6321);
#6324=VERTEX_POINT('',#6322);
#6325=CARTESIAN_POINT('',(3.93E0,-2.77E0,4.955E0));
#6326=VERTEX_POINT('',#6325);
#6327=CARTESIAN_POINT('',(5.77E0,-2.77E0,4.955E0));
#6328=VERTEX_POINT('',#6327);
#6329=CARTESIAN_POINT('',(5.77E0,-2.3E-1,4.955E0));
#6330=VERTEX_POINT('',#6329);
#6331=CARTESIAN_POINT('',(3.93E0,2.3E-1,4.955E0));
#6332=CARTESIAN_POINT('',(5.77E0,2.3E-1,4.955E0));
#6333=VERTEX_POINT('',#6331);
#6334=VERTEX_POINT('',#6332);
#6335=CARTESIAN_POINT('',(5.77E0,2.77E0,4.955E0));
#6336=VERTEX_POINT('',#6335);
#6337=CARTESIAN_POINT('',(3.23E0,2.77E0,4.955E0));
#6338=VERTEX_POINT('',#6337);
#6339=CARTESIAN_POINT('',(3.23E0,9.3E-1,4.955E0));
#6340=VERTEX_POINT('',#6339);
#6341=CARTESIAN_POINT('',(2.3E-1,2.3E-1,4.955E0));
#6342=CARTESIAN_POINT('',(2.77E0,2.3E-1,4.955E0));
#6343=VERTEX_POINT('',#6341);
#6344=VERTEX_POINT('',#6342);
#6345=CARTESIAN_POINT('',(2.77E0,2.77E0,4.955E0));
#6346=VERTEX_POINT('',#6345);
#6347=CARTESIAN_POINT('',(2.3E-1,2.77E0,4.955E0));
#6348=VERTEX_POINT('',#6347);
#6349=CARTESIAN_POINT('',(2.77E0,-2.3E-1,4.955E0));
#6350=CARTESIAN_POINT('',(2.3E-1,-2.3E-1,4.955E0));
#6351=VERTEX_POINT('',#6349);
#6352=VERTEX_POINT('',#6350);
#6353=CARTESIAN_POINT('',(2.3E-1,-2.77E0,4.955E0));
#6354=VERTEX_POINT('',#6353);
#6355=CARTESIAN_POINT('',(2.07E0,-2.77E0,4.955E0));
#6356=VERTEX_POINT('',#6355);
#6357=CARTESIAN_POINT('',(2.77E0,-2.07E0,4.955E0));
#6358=VERTEX_POINT('',#6357);
#6359=CARTESIAN_POINT('',(-2.77E0,-2.77E0,4.955E0));
#6360=CARTESIAN_POINT('',(-9.3E-1,-2.77E0,4.955E0));
#6361=VERTEX_POINT('',#6359);
#6362=VERTEX_POINT('',#6360);
#6363=CARTESIAN_POINT('',(-2.3E-1,-2.07E0,4.955E0));
#6364=VERTEX_POINT('',#6363);
#6365=CARTESIAN_POINT('',(-2.3E-1,-2.3E-1,4.955E0));
#6366=VERTEX_POINT('',#6365);
#6367=CARTESIAN_POINT('',(-2.77E0,-2.3E-1,4.955E0));
#6368=VERTEX_POINT('',#6367);
#6369=CARTESIAN_POINT('',(-2.77E0,2.3E-1,4.955E0));
#6370=CARTESIAN_POINT('',(-9.3E-1,2.3E-1,4.955E0));
#6371=VERTEX_POINT('',#6369);
#6372=VERTEX_POINT('',#6370);
#6373=CARTESIAN_POINT('',(-2.3E-1,9.3E-1,4.955E0));
#6374=VERTEX_POINT('',#6373);
#6375=CARTESIAN_POINT('',(-2.3E-1,2.77E0,4.955E0));
#6376=VERTEX_POINT('',#6375);
#6377=CARTESIAN_POINT('',(-2.77E0,2.77E0,4.955E0));
#6378=VERTEX_POINT('',#6377);
#6379=CARTESIAN_POINT('',(-3.23E0,-2.3E-1,4.955E0));
#6380=CARTESIAN_POINT('',(-5.77E0,-2.3E-1,4.955E0));
#6381=VERTEX_POINT('',#6379);
#6382=VERTEX_POINT('',#6380);
#6383=CARTESIAN_POINT('',(-5.77E0,-2.77E0,4.955E0));
#6384=VERTEX_POINT('',#6383);
#6385=CARTESIAN_POINT('',(-3.93E0,-2.77E0,4.955E0));
#6386=VERTEX_POINT('',#6385);
#6387=CARTESIAN_POINT('',(-3.23E0,-2.07E0,4.955E0));
#6388=VERTEX_POINT('',#6387);
#6389=CARTESIAN_POINT('',(-5.77E0,2.3E-1,4.955E0));
#6390=CARTESIAN_POINT('',(-3.93E0,2.3E-1,4.955E0));
#6391=VERTEX_POINT('',#6389);
#6392=VERTEX_POINT('',#6390);
#6393=CARTESIAN_POINT('',(-3.23E0,9.3E-1,4.955E0));
#6394=VERTEX_POINT('',#6393);
#6395=CARTESIAN_POINT('',(-3.23E0,2.77E0,4.955E0));
#6396=VERTEX_POINT('',#6395);
#6397=CARTESIAN_POINT('',(-5.77E0,2.77E0,4.955E0));
#6398=VERTEX_POINT('',#6397);
#6399=CARTESIAN_POINT('',(7.18E0,-3.2E-1,-3.655E0));
#6400=VERTEX_POINT('',#6399);
#6401=CARTESIAN_POINT('',(7.82E0,-3.2E-1,-3.655E0));
#6402=VERTEX_POINT('',#6401);
#6403=CARTESIAN_POINT('',(7.18E0,-1.18E0,-3.655E0));
#6404=VERTEX_POINT('',#6403);
#6405=CARTESIAN_POINT('',(7.82E0,-1.18E0,-3.655E0));
#6406=VERTEX_POINT('',#6405);
#6407=CARTESIAN_POINT('',(4.18E0,-3.2E-1,-3.655E0));
#6408=VERTEX_POINT('',#6407);
#6409=CARTESIAN_POINT('',(4.82E0,-3.2E-1,-3.655E0));
#6410=VERTEX_POINT('',#6409);
#6411=CARTESIAN_POINT('',(4.18E0,-1.18E0,-3.655E0));
#6412=VERTEX_POINT('',#6411);
#6413=CARTESIAN_POINT('',(4.82E0,-1.18E0,-3.655E0));
#6414=VERTEX_POINT('',#6413);
#6415=CARTESIAN_POINT('',(1.18E0,-3.2E-1,-3.655E0));
#6416=VERTEX_POINT('',#6415);
#6417=CARTESIAN_POINT('',(1.82E0,-3.2E-1,-3.655E0));
#6418=VERTEX_POINT('',#6417);
#6419=CARTESIAN_POINT('',(1.18E0,-1.18E0,-3.655E0));
#6420=VERTEX_POINT('',#6419);
#6421=CARTESIAN_POINT('',(1.82E0,-1.18E0,-3.655E0));
#6422=VERTEX_POINT('',#6421);
#6423=CARTESIAN_POINT('',(-1.82E0,-3.2E-1,-3.655E0));
#6424=VERTEX_POINT('',#6423);
#6425=CARTESIAN_POINT('',(-1.18E0,-3.2E-1,-3.655E0));
#6426=VERTEX_POINT('',#6425);
#6427=CARTESIAN_POINT('',(-1.82E0,-1.18E0,-3.655E0));
#6428=VERTEX_POINT('',#6427);
#6429=CARTESIAN_POINT('',(-1.18E0,-1.18E0,-3.655E0));
#6430=VERTEX_POINT('',#6429);
#6431=CARTESIAN_POINT('',(-4.82E0,-3.2E-1,-3.655E0));
#6432=VERTEX_POINT('',#6431);
#6433=CARTESIAN_POINT('',(-4.18E0,-3.2E-1,-3.655E0));
#6434=VERTEX_POINT('',#6433);
#6435=CARTESIAN_POINT('',(-4.82E0,-1.18E0,-3.655E0));
#6436=VERTEX_POINT('',#6435);
#6437=CARTESIAN_POINT('',(-4.18E0,-1.18E0,-3.655E0));
#6438=VERTEX_POINT('',#6437);
#6439=CARTESIAN_POINT('',(1.1075E1,-3.94E0,-4.955E0));
#6440=CARTESIAN_POINT('',(1.1075E1,-2.78E0,-4.955E0));
#6441=VERTEX_POINT('',#6439);
#6442=VERTEX_POINT('',#6440);
#6443=CARTESIAN_POINT('',(1.1075E1,-2.78E0,-4.285E0));
#6444=VERTEX_POINT('',#6443);
#6445=CARTESIAN_POINT('',(1.1075E1,1.6E0,-4.285E0));
#6446=CARTESIAN_POINT('',(1.1075E1,1.6E0,-4.955E0));
#6447=VERTEX_POINT('',#6445);
#6448=VERTEX_POINT('',#6446);
#6449=CARTESIAN_POINT('',(1.1075E1,3.43E0,-4.955E0));
#6450=VERTEX_POINT('',#6449);
#6451=CARTESIAN_POINT('',(1.1075E1,3.43E0,-3.355E0));
#6452=VERTEX_POINT('',#6451);
#6453=CARTESIAN_POINT('',(1.1075E1,-3.94E0,-3.355E0));
#6454=VERTEX_POINT('',#6453);
#6455=CARTESIAN_POINT('',(1.0825E1,3.43E0,-3.355E0));
#6456=VERTEX_POINT('',#6455);
#6457=CARTESIAN_POINT('',(-1.1075E1,-2.78E0,-4.285E0));
#6458=CARTESIAN_POINT('',(-1.1075E1,-2.78E0,-4.955E0));
#6459=VERTEX_POINT('',#6457);
#6460=VERTEX_POINT('',#6458);
#6461=CARTESIAN_POINT('',(-1.1075E1,-3.94E0,-4.955E0));
#6462=VERTEX_POINT('',#6461);
#6463=CARTESIAN_POINT('',(-1.1075E1,-3.94E0,-3.355E0));
#6464=VERTEX_POINT('',#6463);
#6465=CARTESIAN_POINT('',(-1.1075E1,3.43E0,-3.355E0));
#6466=VERTEX_POINT('',#6465);
#6467=CARTESIAN_POINT('',(-1.1075E1,3.43E0,-4.955E0));
#6468=VERTEX_POINT('',#6467);
#6469=CARTESIAN_POINT('',(-1.1075E1,1.6E0,-4.955E0));
#6470=VERTEX_POINT('',#6469);
#6471=CARTESIAN_POINT('',(-1.1075E1,1.6E0,-4.285E0));
#6472=VERTEX_POINT('',#6471);
#6473=CARTESIAN_POINT('',(-1.0825E1,3.43E0,-3.355E0));
#6474=VERTEX_POINT('',#6473);
#6475=CARTESIAN_POINT('',(9.875E0,-3.43E0,4.424642857143E0));
#6476=VERTEX_POINT('',#6475);
#6477=CARTESIAN_POINT('',(-9.875E0,-3.43E0,4.424642857143E0));
#6478=VERTEX_POINT('',#6477);
#6479=CARTESIAN_POINT('',(-1.0825E1,-2.93E0,3.305E0));
#6480=VERTEX_POINT('',#6479);
#6481=CARTESIAN_POINT('',(-1.0825E1,-2.93E0,-3.355E0));
#6482=VERTEX_POINT('',#6481);
#6483=CARTESIAN_POINT('',(1.0775E1,-2.1875E0,1.555E0));
#6484=CARTESIAN_POINT('',(1.0775E1,-2.1875E0,2.805E0));
#6485=VERTEX_POINT('',#6483);
#6486=VERTEX_POINT('',#6484);
#6487=CARTESIAN_POINT('',(1.0775E1,-2.34375E0,2.805E0));
#6488=VERTEX_POINT('',#6487);
#6489=CARTESIAN_POINT('',(1.0775E1,-2.5E0,2.618829809427E0));
#6490=VERTEX_POINT('',#6489);
#6491=CARTESIAN_POINT('',(1.0775E1,-2.5E0,2.406063802838E0));
#6492=VERTEX_POINT('',#6491);
#6493=CARTESIAN_POINT('',(1.0775E1,-2.34375E0,2.592234067917E0));
#6494=VERTEX_POINT('',#6493);
#6495=CARTESIAN_POINT('',(1.0775E1,-2.34375E0,1.555E0));
#6496=VERTEX_POINT('',#6495);
#6497=CARTESIAN_POINT('',(1.0825E1,-2.1875E0,1.555E0));
#6498=CARTESIAN_POINT('',(1.0825E1,-2.1875E0,2.805E0));
#6499=VERTEX_POINT('',#6497);
#6500=VERTEX_POINT('',#6498);
#6501=CARTESIAN_POINT('',(1.0825E1,-2.34375E0,2.805E0));
#6502=VERTEX_POINT('',#6501);
#6503=CARTESIAN_POINT('',(1.0825E1,-2.5E0,2.618829809427E0));
#6504=VERTEX_POINT('',#6503);
#6505=CARTESIAN_POINT('',(1.0825E1,-2.5E0,2.406063802838E0));
#6506=VERTEX_POINT('',#6505);
#6507=CARTESIAN_POINT('',(1.0825E1,-2.34375E0,2.592234067917E0));
#6508=VERTEX_POINT('',#6507);
#6509=CARTESIAN_POINT('',(1.0825E1,-2.34375E0,1.555E0));
#6510=VERTEX_POINT('',#6509);
#6511=CARTESIAN_POINT('',(9.425E0,-3.49E0,-2.8E-1));
#6512=CARTESIAN_POINT('',(9.875E0,-3.94E0,-2.8E-1));
#6513=VERTEX_POINT('',#6511);
#6514=VERTEX_POINT('',#6512);
#6515=CARTESIAN_POINT('',(1.2825E1,-3.94E0,-2.8E-1));
#6516=VERTEX_POINT('',#6515);
#6517=CARTESIAN_POINT('',(1.2825E1,-3.59E0,-2.8E-1));
#6518=CARTESIAN_POINT('',(9.875E0,-3.59E0,-2.8E-1));
#6519=VERTEX_POINT('',#6517);
#6520=VERTEX_POINT('',#6518);
#6521=CARTESIAN_POINT('',(9.775E0,-3.49E0,-2.8E-1));
#6522=VERTEX_POINT('',#6521);
#6523=CARTESIAN_POINT('',(9.425E0,-3.49E0,9.9E-1));
#6524=CARTESIAN_POINT('',(9.875E0,-3.94E0,9.9E-1));
#6525=VERTEX_POINT('',#6523);
#6526=VERTEX_POINT('',#6524);
#6527=CARTESIAN_POINT('',(1.2825E1,-3.94E0,9.9E-1));
#6528=VERTEX_POINT('',#6527);
#6529=CARTESIAN_POINT('',(1.2825E1,-3.59E0,9.9E-1));
#6530=CARTESIAN_POINT('',(9.875E0,-3.59E0,9.9E-1));
#6531=VERTEX_POINT('',#6529);
#6532=VERTEX_POINT('',#6530);
#6533=CARTESIAN_POINT('',(9.775E0,-3.49E0,9.9E-1));
#6534=VERTEX_POINT('',#6533);
#6535=CARTESIAN_POINT('',(-9.775E0,-3.43E0,-2.8E-1));
#6536=CARTESIAN_POINT('',(-9.425E0,-3.43E0,-2.8E-1));
#6537=VERTEX_POINT('',#6535);
#6538=VERTEX_POINT('',#6536);
#6539=CARTESIAN_POINT('',(9.425E0,-3.43E0,-2.8E-1));
#6540=CARTESIAN_POINT('',(9.775E0,-3.43E0,-2.8E-1));
#6541=VERTEX_POINT('',#6539);
#6542=VERTEX_POINT('',#6540);
#6543=CARTESIAN_POINT('',(-9.775E0,-3.43E0,9.9E-1));
#6544=CARTESIAN_POINT('',(-9.425E0,-3.43E0,9.9E-1));
#6545=VERTEX_POINT('',#6543);
#6546=VERTEX_POINT('',#6544);
#6547=CARTESIAN_POINT('',(9.425E0,-3.43E0,9.9E-1));
#6548=CARTESIAN_POINT('',(9.775E0,-3.43E0,9.9E-1));
#6549=VERTEX_POINT('',#6547);
#6550=VERTEX_POINT('',#6548);
#6551=CARTESIAN_POINT('',(7.64E0,1.36E0,2.555E0));
#6552=CARTESIAN_POINT('',(7.36E0,1.36E0,2.555E0));
#6553=VERTEX_POINT('',#6551);
#6554=VERTEX_POINT('',#6552);
#6555=CARTESIAN_POINT('',(7.82E0,1.18E0,1.555E0));
#6556=CARTESIAN_POINT('',(7.18E0,1.18E0,1.555E0));
#6557=VERTEX_POINT('',#6555);
#6558=VERTEX_POINT('',#6556);
#6559=CARTESIAN_POINT('',(7.18E0,1.82E0,1.555E0));
#6560=VERTEX_POINT('',#6559);
#6561=CARTESIAN_POINT('',(7.36E0,1.64E0,2.555E0));
#6562=VERTEX_POINT('',#6561);
#6563=CARTESIAN_POINT('',(7.82E0,1.82E0,1.555E0));
#6564=VERTEX_POINT('',#6563);
#6565=CARTESIAN_POINT('',(7.64E0,1.64E0,2.555E0));
#6566=VERTEX_POINT('',#6565);
#6567=CARTESIAN_POINT('',(7.64E0,-1.64E0,2.555E0));
#6568=CARTESIAN_POINT('',(7.36E0,-1.64E0,2.555E0));
#6569=VERTEX_POINT('',#6567);
#6570=VERTEX_POINT('',#6568);
#6571=CARTESIAN_POINT('',(7.82E0,-1.82E0,1.555E0));
#6572=CARTESIAN_POINT('',(7.18E0,-1.82E0,1.555E0));
#6573=VERTEX_POINT('',#6571);
#6574=VERTEX_POINT('',#6572);
#6575=CARTESIAN_POINT('',(7.18E0,-1.18E0,1.555E0));
#6576=VERTEX_POINT('',#6575);
#6577=CARTESIAN_POINT('',(7.36E0,-1.36E0,2.555E0));
#6578=VERTEX_POINT('',#6577);
#6579=CARTESIAN_POINT('',(7.82E0,-1.18E0,1.555E0));
#6580=VERTEX_POINT('',#6579);
#6581=CARTESIAN_POINT('',(7.64E0,-1.36E0,2.555E0));
#6582=VERTEX_POINT('',#6581);
#6583=CARTESIAN_POINT('',(7.82E0,1.18E0,-1.645E0));
#6584=VERTEX_POINT('',#6583);
#6585=CARTESIAN_POINT('',(7.18E0,1.18E0,-1.645E0));
#6586=VERTEX_POINT('',#6585);
#6587=CARTESIAN_POINT('',(7.82E0,1.82E0,-1.645E0));
#6588=VERTEX_POINT('',#6587);
#6589=CARTESIAN_POINT('',(7.18E0,1.82E0,-1.645E0));
#6590=VERTEX_POINT('',#6589);
#6591=CARTESIAN_POINT('',(7.82E0,-1.82E0,-1.645E0));
#6592=VERTEX_POINT('',#6591);
#6593=CARTESIAN_POINT('',(7.18E0,-1.82E0,-1.645E0));
#6594=VERTEX_POINT('',#6593);
#6595=CARTESIAN_POINT('',(4.64E0,1.36E0,2.555E0));
#6596=CARTESIAN_POINT('',(4.36E0,1.36E0,2.555E0));
#6597=VERTEX_POINT('',#6595);
#6598=VERTEX_POINT('',#6596);
#6599=CARTESIAN_POINT('',(4.82E0,1.18E0,1.555E0));
#6600=CARTESIAN_POINT('',(4.18E0,1.18E0,1.555E0));
#6601=VERTEX_POINT('',#6599);
#6602=VERTEX_POINT('',#6600);
#6603=CARTESIAN_POINT('',(4.18E0,1.82E0,1.555E0));
#6604=VERTEX_POINT('',#6603);
#6605=CARTESIAN_POINT('',(4.36E0,1.64E0,2.555E0));
#6606=VERTEX_POINT('',#6605);
#6607=CARTESIAN_POINT('',(4.82E0,1.82E0,1.555E0));
#6608=VERTEX_POINT('',#6607);
#6609=CARTESIAN_POINT('',(4.64E0,1.64E0,2.555E0));
#6610=VERTEX_POINT('',#6609);
#6611=CARTESIAN_POINT('',(4.64E0,-1.64E0,2.555E0));
#6612=CARTESIAN_POINT('',(4.36E0,-1.64E0,2.555E0));
#6613=VERTEX_POINT('',#6611);
#6614=VERTEX_POINT('',#6612);
#6615=CARTESIAN_POINT('',(4.82E0,-1.82E0,1.555E0));
#6616=CARTESIAN_POINT('',(4.18E0,-1.82E0,1.555E0));
#6617=VERTEX_POINT('',#6615);
#6618=VERTEX_POINT('',#6616);
#6619=CARTESIAN_POINT('',(4.18E0,-1.18E0,1.555E0));
#6620=VERTEX_POINT('',#6619);
#6621=CARTESIAN_POINT('',(4.36E0,-1.36E0,2.555E0));
#6622=VERTEX_POINT('',#6621);
#6623=CARTESIAN_POINT('',(4.82E0,-1.18E0,1.555E0));
#6624=VERTEX_POINT('',#6623);
#6625=CARTESIAN_POINT('',(4.64E0,-1.36E0,2.555E0));
#6626=VERTEX_POINT('',#6625);
#6627=CARTESIAN_POINT('',(4.82E0,1.18E0,-1.645E0));
#6628=VERTEX_POINT('',#6627);
#6629=CARTESIAN_POINT('',(4.18E0,1.18E0,-1.645E0));
#6630=VERTEX_POINT('',#6629);
#6631=CARTESIAN_POINT('',(4.82E0,1.82E0,-1.645E0));
#6632=VERTEX_POINT('',#6631);
#6633=CARTESIAN_POINT('',(4.18E0,1.82E0,-1.645E0));
#6634=VERTEX_POINT('',#6633);
#6635=CARTESIAN_POINT('',(4.82E0,-1.82E0,-1.645E0));
#6636=VERTEX_POINT('',#6635);
#6637=CARTESIAN_POINT('',(4.18E0,-1.82E0,-1.645E0));
#6638=VERTEX_POINT('',#6637);
#6639=CARTESIAN_POINT('',(1.64E0,1.36E0,2.555E0));
#6640=CARTESIAN_POINT('',(1.36E0,1.36E0,2.555E0));
#6641=VERTEX_POINT('',#6639);
#6642=VERTEX_POINT('',#6640);
#6643=CARTESIAN_POINT('',(1.82E0,1.18E0,1.555E0));
#6644=CARTESIAN_POINT('',(1.18E0,1.18E0,1.555E0));
#6645=VERTEX_POINT('',#6643);
#6646=VERTEX_POINT('',#6644);
#6647=CARTESIAN_POINT('',(1.18E0,1.82E0,1.555E0));
#6648=VERTEX_POINT('',#6647);
#6649=CARTESIAN_POINT('',(1.36E0,1.64E0,2.555E0));
#6650=VERTEX_POINT('',#6649);
#6651=CARTESIAN_POINT('',(1.82E0,1.82E0,1.555E0));
#6652=VERTEX_POINT('',#6651);
#6653=CARTESIAN_POINT('',(1.64E0,1.64E0,2.555E0));
#6654=VERTEX_POINT('',#6653);
#6655=CARTESIAN_POINT('',(1.64E0,-1.64E0,2.555E0));
#6656=CARTESIAN_POINT('',(1.36E0,-1.64E0,2.555E0));
#6657=VERTEX_POINT('',#6655);
#6658=VERTEX_POINT('',#6656);
#6659=CARTESIAN_POINT('',(1.82E0,-1.82E0,1.555E0));
#6660=CARTESIAN_POINT('',(1.18E0,-1.82E0,1.555E0));
#6661=VERTEX_POINT('',#6659);
#6662=VERTEX_POINT('',#6660);
#6663=CARTESIAN_POINT('',(1.18E0,-1.18E0,1.555E0));
#6664=VERTEX_POINT('',#6663);
#6665=CARTESIAN_POINT('',(1.36E0,-1.36E0,2.555E0));
#6666=VERTEX_POINT('',#6665);
#6667=CARTESIAN_POINT('',(1.82E0,-1.18E0,1.555E0));
#6668=VERTEX_POINT('',#6667);
#6669=CARTESIAN_POINT('',(1.64E0,-1.36E0,2.555E0));
#6670=VERTEX_POINT('',#6669);
#6671=CARTESIAN_POINT('',(1.82E0,1.18E0,-1.645E0));
#6672=VERTEX_POINT('',#6671);
#6673=CARTESIAN_POINT('',(1.18E0,1.18E0,-1.645E0));
#6674=VERTEX_POINT('',#6673);
#6675=CARTESIAN_POINT('',(1.82E0,1.82E0,-1.645E0));
#6676=VERTEX_POINT('',#6675);
#6677=CARTESIAN_POINT('',(1.18E0,1.82E0,-1.645E0));
#6678=VERTEX_POINT('',#6677);
#6679=CARTESIAN_POINT('',(1.82E0,-1.82E0,-1.645E0));
#6680=VERTEX_POINT('',#6679);
#6681=CARTESIAN_POINT('',(1.18E0,-1.82E0,-1.645E0));
#6682=VERTEX_POINT('',#6681);
#6683=CARTESIAN_POINT('',(-1.36E0,1.36E0,2.555E0));
#6684=CARTESIAN_POINT('',(-1.64E0,1.36E0,2.555E0));
#6685=VERTEX_POINT('',#6683);
#6686=VERTEX_POINT('',#6684);
#6687=CARTESIAN_POINT('',(-1.18E0,1.18E0,1.555E0));
#6688=CARTESIAN_POINT('',(-1.82E0,1.18E0,1.555E0));
#6689=VERTEX_POINT('',#6687);
#6690=VERTEX_POINT('',#6688);
#6691=CARTESIAN_POINT('',(-1.82E0,1.82E0,1.555E0));
#6692=VERTEX_POINT('',#6691);
#6693=CARTESIAN_POINT('',(-1.64E0,1.64E0,2.555E0));
#6694=VERTEX_POINT('',#6693);
#6695=CARTESIAN_POINT('',(-1.18E0,1.82E0,1.555E0));
#6696=VERTEX_POINT('',#6695);
#6697=CARTESIAN_POINT('',(-1.36E0,1.64E0,2.555E0));
#6698=VERTEX_POINT('',#6697);
#6699=CARTESIAN_POINT('',(-1.36E0,-1.64E0,2.555E0));
#6700=CARTESIAN_POINT('',(-1.64E0,-1.64E0,2.555E0));
#6701=VERTEX_POINT('',#6699);
#6702=VERTEX_POINT('',#6700);
#6703=CARTESIAN_POINT('',(-1.18E0,-1.82E0,1.555E0));
#6704=CARTESIAN_POINT('',(-1.82E0,-1.82E0,1.555E0));
#6705=VERTEX_POINT('',#6703);
#6706=VERTEX_POINT('',#6704);
#6707=CARTESIAN_POINT('',(-1.82E0,-1.18E0,1.555E0));
#6708=VERTEX_POINT('',#6707);
#6709=CARTESIAN_POINT('',(-1.64E0,-1.36E0,2.555E0));
#6710=VERTEX_POINT('',#6709);
#6711=CARTESIAN_POINT('',(-1.18E0,-1.18E0,1.555E0));
#6712=VERTEX_POINT('',#6711);
#6713=CARTESIAN_POINT('',(-1.36E0,-1.36E0,2.555E0));
#6714=VERTEX_POINT('',#6713);
#6715=CARTESIAN_POINT('',(-1.18E0,1.18E0,-1.645E0));
#6716=VERTEX_POINT('',#6715);
#6717=CARTESIAN_POINT('',(-1.82E0,1.18E0,-1.645E0));
#6718=VERTEX_POINT('',#6717);
#6719=CARTESIAN_POINT('',(-1.18E0,1.82E0,-1.645E0));
#6720=VERTEX_POINT('',#6719);
#6721=CARTESIAN_POINT('',(-1.82E0,1.82E0,-1.645E0));
#6722=VERTEX_POINT('',#6721);
#6723=CARTESIAN_POINT('',(-1.18E0,-1.82E0,-1.645E0));
#6724=VERTEX_POINT('',#6723);
#6725=CARTESIAN_POINT('',(-1.82E0,-1.82E0,-1.645E0));
#6726=VERTEX_POINT('',#6725);
#6727=CARTESIAN_POINT('',(-4.36E0,1.36E0,2.555E0));
#6728=CARTESIAN_POINT('',(-4.64E0,1.36E0,2.555E0));
#6729=VERTEX_POINT('',#6727);
#6730=VERTEX_POINT('',#6728);
#6731=CARTESIAN_POINT('',(-4.18E0,1.18E0,1.555E0));
#6732=CARTESIAN_POINT('',(-4.82E0,1.18E0,1.555E0));
#6733=VERTEX_POINT('',#6731);
#6734=VERTEX_POINT('',#6732);
#6735=CARTESIAN_POINT('',(-4.82E0,1.82E0,1.555E0));
#6736=VERTEX_POINT('',#6735);
#6737=CARTESIAN_POINT('',(-4.64E0,1.64E0,2.555E0));
#6738=VERTEX_POINT('',#6737);
#6739=CARTESIAN_POINT('',(-4.18E0,1.82E0,1.555E0));
#6740=VERTEX_POINT('',#6739);
#6741=CARTESIAN_POINT('',(-4.36E0,1.64E0,2.555E0));
#6742=VERTEX_POINT('',#6741);
#6743=CARTESIAN_POINT('',(-4.36E0,-1.64E0,2.555E0));
#6744=CARTESIAN_POINT('',(-4.64E0,-1.64E0,2.555E0));
#6745=VERTEX_POINT('',#6743);
#6746=VERTEX_POINT('',#6744);
#6747=CARTESIAN_POINT('',(-4.18E0,-1.82E0,1.555E0));
#6748=CARTESIAN_POINT('',(-4.82E0,-1.82E0,1.555E0));
#6749=VERTEX_POINT('',#6747);
#6750=VERTEX_POINT('',#6748);
#6751=CARTESIAN_POINT('',(-4.82E0,-1.18E0,1.555E0));
#6752=VERTEX_POINT('',#6751);
#6753=CARTESIAN_POINT('',(-4.64E0,-1.36E0,2.555E0));
#6754=VERTEX_POINT('',#6753);
#6755=CARTESIAN_POINT('',(-4.18E0,-1.18E0,1.555E0));
#6756=VERTEX_POINT('',#6755);
#6757=CARTESIAN_POINT('',(-4.36E0,-1.36E0,2.555E0));
#6758=VERTEX_POINT('',#6757);
#6759=CARTESIAN_POINT('',(-4.18E0,1.18E0,-1.645E0));
#6760=VERTEX_POINT('',#6759);
#6761=CARTESIAN_POINT('',(-4.82E0,1.18E0,-1.645E0));
#6762=VERTEX_POINT('',#6761);
#6763=CARTESIAN_POINT('',(-4.18E0,1.82E0,-1.645E0));
#6764=VERTEX_POINT('',#6763);
#6765=CARTESIAN_POINT('',(-4.82E0,1.82E0,-1.645E0));
#6766=VERTEX_POINT('',#6765);
#6767=CARTESIAN_POINT('',(-4.18E0,-1.82E0,-1.645E0));
#6768=VERTEX_POINT('',#6767);
#6769=CARTESIAN_POINT('',(-4.82E0,-1.82E0,-1.645E0));
#6770=VERTEX_POINT('',#6769);
#6771=CARTESIAN_POINT('',(-6.85E0,-3.93E0,3.305E0));
#6772=CARTESIAN_POINT('',(-5.85E0,-3.93E0,3.305E0));
#6773=VERTEX_POINT('',#6771);
#6774=VERTEX_POINT('',#6772);
#6775=CARTESIAN_POINT('',(-6.85E0,-3.93E0,-3.355E0));
#6776=CARTESIAN_POINT('',(-5.85E0,-3.93E0,-3.355E0));
#6777=VERTEX_POINT('',#6775);
#6778=VERTEX_POINT('',#6776);
#6779=CARTESIAN_POINT('',(-7.36E0,1.64E0,2.555E0));
#6780=CARTESIAN_POINT('',(-7.18E0,1.82E0,1.555E0));
#6781=VERTEX_POINT('',#6779);
#6782=VERTEX_POINT('',#6780);
#6783=CARTESIAN_POINT('',(-7.64E0,1.64E0,2.555E0));
#6784=CARTESIAN_POINT('',(-7.82E0,1.82E0,1.555E0));
#6785=VERTEX_POINT('',#6783);
#6786=VERTEX_POINT('',#6784);
#6787=CARTESIAN_POINT('',(-7.18E0,1.18E0,1.555E0));
#6788=CARTESIAN_POINT('',(-7.36E0,1.36E0,2.555E0));
#6789=VERTEX_POINT('',#6787);
#6790=VERTEX_POINT('',#6788);
#6791=CARTESIAN_POINT('',(-7.64E0,1.36E0,2.555E0));
#6792=CARTESIAN_POINT('',(-7.82E0,1.18E0,1.555E0));
#6793=VERTEX_POINT('',#6791);
#6794=VERTEX_POINT('',#6792);
#6795=CARTESIAN_POINT('',(-7.36E0,-1.36E0,2.555E0));
#6796=CARTESIAN_POINT('',(-7.18E0,-1.18E0,1.555E0));
#6797=VERTEX_POINT('',#6795);
#6798=VERTEX_POINT('',#6796);
#6799=CARTESIAN_POINT('',(-7.64E0,-1.36E0,2.555E0));
#6800=CARTESIAN_POINT('',(-7.82E0,-1.18E0,1.555E0));
#6801=VERTEX_POINT('',#6799);
#6802=VERTEX_POINT('',#6800);
#6803=CARTESIAN_POINT('',(-7.18E0,-1.82E0,1.555E0));
#6804=CARTESIAN_POINT('',(-7.36E0,-1.64E0,2.555E0));
#6805=VERTEX_POINT('',#6803);
#6806=VERTEX_POINT('',#6804);
#6807=CARTESIAN_POINT('',(-7.64E0,-1.64E0,2.555E0));
#6808=CARTESIAN_POINT('',(-7.82E0,-1.82E0,1.555E0));
#6809=VERTEX_POINT('',#6807);
#6810=VERTEX_POINT('',#6808);
#6811=CARTESIAN_POINT('',(7.82E0,-1.18E0,-1.645E0));
#6812=VERTEX_POINT('',#6811);
#6813=CARTESIAN_POINT('',(7.18E0,-1.18E0,-1.645E0));
#6814=VERTEX_POINT('',#6813);
#6815=CARTESIAN_POINT('',(4.82E0,-1.18E0,-1.645E0));
#6816=VERTEX_POINT('',#6815);
#6817=CARTESIAN_POINT('',(4.18E0,-1.18E0,-1.645E0));
#6818=VERTEX_POINT('',#6817);
#6819=CARTESIAN_POINT('',(1.82E0,-1.18E0,-1.645E0));
#6820=VERTEX_POINT('',#6819);
#6821=CARTESIAN_POINT('',(1.18E0,-1.18E0,-1.645E0));
#6822=VERTEX_POINT('',#6821);
#6823=CARTESIAN_POINT('',(-1.18E0,-1.18E0,-1.645E0));
#6824=VERTEX_POINT('',#6823);
#6825=CARTESIAN_POINT('',(-1.82E0,-1.18E0,-1.645E0));
#6826=VERTEX_POINT('',#6825);
#6827=CARTESIAN_POINT('',(-4.18E0,-1.18E0,-1.645E0));
#6828=VERTEX_POINT('',#6827);
#6829=CARTESIAN_POINT('',(-4.82E0,-1.18E0,-1.645E0));
#6830=VERTEX_POINT('',#6829);
#6831=CARTESIAN_POINT('',(-1.0735E1,-3.43E0,-2.435E0));
#6832=CARTESIAN_POINT('',(-1.0735E1,-3.43E0,-3.075E0));
#6833=VERTEX_POINT('',#6831);
#6834=VERTEX_POINT('',#6832);
#6835=CARTESIAN_POINT('',(-1.0735E1,-3.76E0,-2.435E0));
#6836=CARTESIAN_POINT('',(-1.0735E1,-3.76E0,-3.075E0));
#6837=VERTEX_POINT('',#6835);
#6838=VERTEX_POINT('',#6836);
#6839=CARTESIAN_POINT('',(-9.875E0,-3.43E0,-2.435E0));
#6840=CARTESIAN_POINT('',(-9.875E0,-3.43E0,-3.075E0));
#6841=VERTEX_POINT('',#6839);
#6842=VERTEX_POINT('',#6840);
#6843=CARTESIAN_POINT('',(1.0735E1,-3.43E0,-3.075E0));
#6844=CARTESIAN_POINT('',(1.0735E1,-3.43E0,-2.435E0));
#6845=VERTEX_POINT('',#6843);
#6846=VERTEX_POINT('',#6844);
#6847=CARTESIAN_POINT('',(1.0735E1,-3.76E0,-3.075E0));
#6848=CARTESIAN_POINT('',(1.0735E1,-3.76E0,-2.435E0));
#6849=VERTEX_POINT('',#6847);
#6850=VERTEX_POINT('',#6848);
#6851=CARTESIAN_POINT('',(9.875E0,-3.43E0,-2.435E0));
#6852=CARTESIAN_POINT('',(9.875E0,-3.43E0,-3.075E0));
#6853=VERTEX_POINT('',#6851);
#6854=VERTEX_POINT('',#6852);
#6855=CARTESIAN_POINT('',(-9.974428104193E0,-3.76E0,-2.435E0));
#6856=VERTEX_POINT('',#6855);
#6857=CARTESIAN_POINT('',(-9.974428104193E0,-3.76E0,-3.075E0));
#6858=VERTEX_POINT('',#6857);
#6859=CARTESIAN_POINT('',(9.974428104193E0,-3.76E0,-3.075E0));
#6860=VERTEX_POINT('',#6859);
#6861=CARTESIAN_POINT('',(9.974428104193E0,-3.76E0,-2.435E0));
#6862=VERTEX_POINT('',#6861);
#6863=CARTESIAN_POINT('',(-9.625E0,-3.43E0,-2.435E0));
#6864=VERTEX_POINT('',#6863);
#6865=CARTESIAN_POINT('',(-9.625E0,-3.43E0,-3.075E0));
#6866=VERTEX_POINT('',#6865);
#6867=CARTESIAN_POINT('',(9.625E0,-3.43E0,-3.075E0));
#6868=VERTEX_POINT('',#6867);
#6869=CARTESIAN_POINT('',(9.625E0,-3.43E0,-2.435E0));
#6870=VERTEX_POINT('',#6869);
#6871=CARTESIAN_POINT('',(-7.18E0,8.938922490563E-1,-6.161970619905E0));
#6872=CARTESIAN_POINT('',(-7.18E0,-3.93E0,-8.445E0));
#6873=VERTEX_POINT('',#6871);
#6874=VERTEX_POINT('',#6872);
#6875=CARTESIAN_POINT('',(-7.18E0,-3.93E0,-1.0125E1));
#6876=VERTEX_POINT('',#6875);
#6877=CARTESIAN_POINT('',(-7.18E0,-3.29E0,-1.0125E1));
#6878=VERTEX_POINT('',#6877);
#6879=CARTESIAN_POINT('',(-7.18E0,-3.29E0,-8.850161763103E0));
#6880=VERTEX_POINT('',#6879);
#6881=CARTESIAN_POINT('',(-7.18E0,8.2E-1,-6.905E0));
#6882=VERTEX_POINT('',#6881);
#6883=CARTESIAN_POINT('',(-7.18E0,1.82E0,-6.905E0));
#6884=VERTEX_POINT('',#6883);
#6885=CARTESIAN_POINT('',(-7.18E0,1.18E0,-5.710030241322E0));
#6886=VERTEX_POINT('',#6885);
#6887=CARTESIAN_POINT('',(-7.18E0,-3.2E-1,-4.955E0));
#6888=CARTESIAN_POINT('',(-7.18E0,3.2E-1,-4.955E0));
#6889=VERTEX_POINT('',#6887);
#6890=VERTEX_POINT('',#6888);
#6891=CARTESIAN_POINT('',(-7.18E0,-3.93E0,-3.745E0));
#6892=CARTESIAN_POINT('',(-7.18E0,-3.93E0,-5.425E0));
#6893=VERTEX_POINT('',#6891);
#6894=VERTEX_POINT('',#6892);
#6895=CARTESIAN_POINT('',(-7.18E0,-3.29E0,-5.425E0));
#6896=VERTEX_POINT('',#6895);
#6897=CARTESIAN_POINT('',(-7.82E0,8.938922490563E-1,-6.161970619905E0));
#6898=CARTESIAN_POINT('',(-7.82E0,-3.93E0,-8.445E0));
#6899=VERTEX_POINT('',#6897);
#6900=VERTEX_POINT('',#6898);
#6901=CARTESIAN_POINT('',(-7.82E0,-3.93E0,-1.0125E1));
#6902=VERTEX_POINT('',#6901);
#6903=CARTESIAN_POINT('',(-7.82E0,-3.29E0,-1.0125E1));
#6904=VERTEX_POINT('',#6903);
#6905=CARTESIAN_POINT('',(-7.82E0,-3.29E0,-8.850161763103E0));
#6906=VERTEX_POINT('',#6905);
#6907=CARTESIAN_POINT('',(-7.82E0,8.2E-1,-6.905E0));
#6908=VERTEX_POINT('',#6907);
#6909=CARTESIAN_POINT('',(-7.82E0,1.82E0,-6.905E0));
#6910=VERTEX_POINT('',#6909);
#6911=CARTESIAN_POINT('',(-7.82E0,1.18E0,-5.710030241322E0));
#6912=VERTEX_POINT('',#6911);
#6913=CARTESIAN_POINT('',(-7.82E0,-3.2E-1,-4.955E0));
#6914=CARTESIAN_POINT('',(-7.82E0,3.2E-1,-4.955E0));
#6915=VERTEX_POINT('',#6913);
#6916=VERTEX_POINT('',#6914);
#6917=CARTESIAN_POINT('',(-7.82E0,-3.93E0,-3.745E0));
#6918=CARTESIAN_POINT('',(-7.82E0,-3.93E0,-5.425E0));
#6919=VERTEX_POINT('',#6917);
#6920=VERTEX_POINT('',#6918);
#6921=CARTESIAN_POINT('',(-7.82E0,-3.29E0,-5.425E0));
#6922=VERTEX_POINT('',#6921);
#6923=CARTESIAN_POINT('',(-7.18E0,-3.43E0,-4.955E0));
#6924=CARTESIAN_POINT('',(-7.18E0,-3.43E0,-3.745E0));
#6925=VERTEX_POINT('',#6923);
#6926=VERTEX_POINT('',#6924);
#6927=CARTESIAN_POINT('',(-7.82E0,-3.43E0,-4.955E0));
#6928=CARTESIAN_POINT('',(-7.82E0,-3.43E0,-3.745E0));
#6929=VERTEX_POINT('',#6927);
#6930=VERTEX_POINT('',#6928);
#6931=CARTESIAN_POINT('',(-7.18E0,-3.29E0,-4.955E0));
#6932=VERTEX_POINT('',#6931);
#6933=CARTESIAN_POINT('',(-7.82E0,-3.29E0,-4.955E0));
#6934=VERTEX_POINT('',#6933);
#6935=CARTESIAN_POINT('',(-7.18E0,-3.2E-1,-4.285E0));
#6936=CARTESIAN_POINT('',(-7.18E0,3.2E-1,-4.285E0));
#6937=VERTEX_POINT('',#6935);
#6938=VERTEX_POINT('',#6936);
#6939=CARTESIAN_POINT('',(-7.18E0,1.18E0,-4.285E0));
#6940=CARTESIAN_POINT('',(-7.18E0,1.6E0,-4.285E0));
#6941=VERTEX_POINT('',#6939);
#6942=VERTEX_POINT('',#6940);
#6943=CARTESIAN_POINT('',(-7.82E0,-3.2E-1,-4.285E0));
#6944=CARTESIAN_POINT('',(-7.82E0,3.2E-1,-4.285E0));
#6945=VERTEX_POINT('',#6943);
#6946=VERTEX_POINT('',#6944);
#6947=CARTESIAN_POINT('',(-7.82E0,1.18E0,-4.285E0));
#6948=CARTESIAN_POINT('',(-7.82E0,1.6E0,-4.285E0));
#6949=VERTEX_POINT('',#6947);
#6950=VERTEX_POINT('',#6948);
#6951=CARTESIAN_POINT('',(-7.18E0,1.6E0,-4.955E0));
#6952=VERTEX_POINT('',#6951);
#6953=CARTESIAN_POINT('',(-7.82E0,1.6E0,-4.955E0));
#6954=VERTEX_POINT('',#6953);
#6955=CARTESIAN_POINT('',(-7.18E0,1.82E0,-4.955E0));
#6956=VERTEX_POINT('',#6955);
#6957=CARTESIAN_POINT('',(-7.82E0,1.82E0,-4.955E0));
#6958=VERTEX_POINT('',#6957);
#6959=CARTESIAN_POINT('',(-7.82E0,1.82E0,-3.655E0));
#6960=VERTEX_POINT('',#6959);
#6961=CARTESIAN_POINT('',(-7.82E0,1.18E0,-3.655E0));
#6962=VERTEX_POINT('',#6961);
#6963=CARTESIAN_POINT('',(-7.82E0,-3.2E-1,-3.655E0));
#6964=VERTEX_POINT('',#6963);
#6965=CARTESIAN_POINT('',(-7.82E0,3.2E-1,-3.655E0));
#6966=VERTEX_POINT('',#6965);
#6967=CARTESIAN_POINT('',(-7.82E0,-1.18E0,-3.655E0));
#6968=CARTESIAN_POINT('',(-7.82E0,-1.18E0,-4.285E0));
#6969=VERTEX_POINT('',#6967);
#6970=VERTEX_POINT('',#6968);
#6971=CARTESIAN_POINT('',(-7.18E0,1.82E0,-3.655E0));
#6972=VERTEX_POINT('',#6971);
#6973=CARTESIAN_POINT('',(-7.18E0,1.18E0,-3.655E0));
#6974=VERTEX_POINT('',#6973);
#6975=CARTESIAN_POINT('',(-7.18E0,-3.2E-1,-3.655E0));
#6976=VERTEX_POINT('',#6975);
#6977=CARTESIAN_POINT('',(-7.18E0,3.2E-1,-3.655E0));
#6978=VERTEX_POINT('',#6977);
#6979=CARTESIAN_POINT('',(-7.18E0,-1.18E0,-3.655E0));
#6980=VERTEX_POINT('',#6979);
#6981=CARTESIAN_POINT('',(-7.18E0,-1.18E0,-4.285E0));
#6982=VERTEX_POINT('',#6981);
#6983=CARTESIAN_POINT('',(-7.18E0,-1.82E0,-1.645E0));
#6984=CARTESIAN_POINT('',(-7.18E0,-1.18E0,-1.645E0));
#6985=VERTEX_POINT('',#6983);
#6986=VERTEX_POINT('',#6984);
#6987=CARTESIAN_POINT('',(-7.18E0,1.18E0,-1.645E0));
#6988=CARTESIAN_POINT('',(-7.18E0,1.82E0,-1.645E0));
#6989=VERTEX_POINT('',#6987);
#6990=VERTEX_POINT('',#6988);
#6991=CARTESIAN_POINT('',(-7.82E0,-1.82E0,-1.645E0));
#6992=CARTESIAN_POINT('',(-7.82E0,-1.18E0,-1.645E0));
#6993=VERTEX_POINT('',#6991);
#6994=VERTEX_POINT('',#6992);
#6995=CARTESIAN_POINT('',(-7.82E0,1.18E0,-1.645E0));
#6996=CARTESIAN_POINT('',(-7.82E0,1.82E0,-1.645E0));
#6997=VERTEX_POINT('',#6995);
#6998=VERTEX_POINT('',#6996);
#6999=CARTESIAN_POINT('',(-9.775E0,-3.49E0,-2.8E-1));
#7000=CARTESIAN_POINT('',(-9.875E0,-3.59E0,-2.8E-1));
#7001=VERTEX_POINT('',#6999);
#7002=VERTEX_POINT('',#7000);
#7003=CARTESIAN_POINT('',(-1.2825E1,-3.59E0,-2.8E-1));
#7004=VERTEX_POINT('',#7003);
#7005=CARTESIAN_POINT('',(-1.2825E1,-3.94E0,-2.8E-1));
#7006=VERTEX_POINT('',#7005);
#7007=CARTESIAN_POINT('',(-9.875E0,-3.94E0,-2.8E-1));
#7008=VERTEX_POINT('',#7007);
#7009=CARTESIAN_POINT('',(-9.425E0,-3.49E0,-2.8E-1));
#7010=VERTEX_POINT('',#7009);
#7011=CARTESIAN_POINT('',(-9.775E0,-3.49E0,9.9E-1));
#7012=CARTESIAN_POINT('',(-9.875E0,-3.59E0,9.9E-1));
#7013=VERTEX_POINT('',#7011);
#7014=VERTEX_POINT('',#7012);
#7015=CARTESIAN_POINT('',(-1.2825E1,-3.59E0,9.9E-1));
#7016=VERTEX_POINT('',#7015);
#7017=CARTESIAN_POINT('',(-1.2825E1,-3.94E0,9.9E-1));
#7018=VERTEX_POINT('',#7017);
#7019=CARTESIAN_POINT('',(-9.875E0,-3.94E0,9.9E-1));
#7020=VERTEX_POINT('',#7019);
#7021=CARTESIAN_POINT('',(-9.425E0,-3.49E0,9.9E-1));
#7022=VERTEX_POINT('',#7021);
#7023=CARTESIAN_POINT('',(-4.18E0,-1.18E0,-4.285E0));
#7024=DIRECTION('',(0.E0,1.E0,0.E0));
#7025=DIRECTION('',(0.E0,0.E0,1.E0));
#7026=AXIS2_PLACEMENT_3D('',#7023,#7024,#7025);
#7027=PLANE('',#7026);
#7029=ORIENTED_EDGE('',*,*,#7028,.T.);
#7031=ORIENTED_EDGE('',*,*,#7030,.F.);
#7033=ORIENTED_EDGE('',*,*,#7032,.F.);
#7035=ORIENTED_EDGE('',*,*,#7034,.F.);
#7036=EDGE_LOOP('',(#7029,#7031,#7033,#7035));
#7037=FACE_OUTER_BOUND('',#7036,.F.);
#7038=ADVANCED_FACE('',(#7037),#7027,.T.);
#7039=CARTESIAN_POINT('',(-4.18E0,-1.18E0,-4.285E0));
#7040=DIRECTION('',(0.E0,1.E0,0.E0));
#7041=DIRECTION('',(0.E0,0.E0,1.E0));
#7042=AXIS2_PLACEMENT_3D('',#7039,#7040,#7041);
#7043=PLANE('',#7042);
#7045=ORIENTED_EDGE('',*,*,#7044,.T.);
#7047=ORIENTED_EDGE('',*,*,#7046,.F.);
#7049=ORIENTED_EDGE('',*,*,#7048,.T.);
#7051=ORIENTED_EDGE('',*,*,#7050,.T.);
#7052=EDGE_LOOP('',(#7045,#7047,#7049,#7051));
#7053=FACE_OUTER_BOUND('',#7052,.F.);
#7054=ADVANCED_FACE('',(#7053),#7043,.T.);
#7055=CARTESIAN_POINT('',(-4.82E0,3.43E0,-4.955E0));
#7056=DIRECTION('',(-1.E0,0.E0,0.E0));
#7057=DIRECTION('',(0.E0,0.E0,1.E0));
#7058=AXIS2_PLACEMENT_3D('',#7055,#7056,#7057);
#7059=PLANE('',#7058);
#7061=ORIENTED_EDGE('',*,*,#7060,.T.);
#7063=ORIENTED_EDGE('',*,*,#7062,.F.);
#7065=ORIENTED_EDGE('',*,*,#7064,.F.);
#7067=ORIENTED_EDGE('',*,*,#7066,.F.);
#7068=EDGE_LOOP('',(#7061,#7063,#7065,#7067));
#7069=FACE_OUTER_BOUND('',#7068,.F.);
#7070=ADVANCED_FACE('',(#7069),#7059,.F.);
#7071=CARTESIAN_POINT('',(-4.82E0,3.43E0,-4.955E0));
#7072=DIRECTION('',(-1.E0,0.E0,0.E0));
#7073=DIRECTION('',(0.E0,0.E0,1.E0));
#7074=AXIS2_PLACEMENT_3D('',#7071,#7072,#7073);
#7075=PLANE('',#7074);
#7077=ORIENTED_EDGE('',*,*,#7076,.F.);
#7079=ORIENTED_EDGE('',*,*,#7078,.F.);
#7081=ORIENTED_EDGE('',*,*,#7080,.T.);
#7083=ORIENTED_EDGE('',*,*,#7082,.F.);
#7084=EDGE_LOOP('',(#7077,#7079,#7081,#7083));
#7085=FACE_OUTER_BOUND('',#7084,.F.);
#7086=ADVANCED_FACE('',(#7085),#7075,.F.);
#7087=CARTESIAN_POINT('',(-4.82E0,3.43E0,-4.955E0));
#7088=DIRECTION('',(-1.E0,0.E0,0.E0));
#7089=DIRECTION('',(0.E0,0.E0,1.E0));
#7090=AXIS2_PLACEMENT_3D('',#7087,#7088,#7089);
#7091=PLANE('',#7090);
#7093=ORIENTED_EDGE('',*,*,#7092,.F.);
#7094=ORIENTED_EDGE('',*,*,#7028,.F.);
#7096=ORIENTED_EDGE('',*,*,#7095,.F.);
#7098=ORIENTED_EDGE('',*,*,#7097,.F.);
#7099=EDGE_LOOP('',(#7093,#7094,#7096,#7098));
#7100=FACE_OUTER_BOUND('',#7099,.F.);
#7101=ADVANCED_FACE('',(#7100),#7091,.F.);
#7102=CARTESIAN_POINT('',(-4.18E0,1.82E0,-6.905E0));
#7103=DIRECTION('',(0.E0,1.E0,0.E0));
#7104=DIRECTION('',(0.E0,0.E0,1.E0));
#7105=AXIS2_PLACEMENT_3D('',#7102,#7103,#7104);
#7106=PLANE('',#7105);
#7107=ORIENTED_EDGE('',*,*,#7060,.F.);
#7109=ORIENTED_EDGE('',*,*,#7108,.F.);
#7111=ORIENTED_EDGE('',*,*,#7110,.F.);
#7113=ORIENTED_EDGE('',*,*,#7112,.T.);
#7115=ORIENTED_EDGE('',*,*,#7114,.F.);
#7117=ORIENTED_EDGE('',*,*,#7116,.F.);
#7118=EDGE_LOOP('',(#7107,#7109,#7111,#7113,#7115,#7117));
#7119=FACE_OUTER_BOUND('',#7118,.F.);
#7120=ADVANCED_FACE('',(#7119),#7106,.T.);
#7121=CARTESIAN_POINT('',(-4.18E0,1.82E0,-6.905E0));
#7122=DIRECTION('',(0.E0,1.E0,0.E0));
#7123=DIRECTION('',(0.E0,0.E0,1.E0));
#7124=AXIS2_PLACEMENT_3D('',#7121,#7122,#7123);
#7125=PLANE('',#7124);
#7127=ORIENTED_EDGE('',*,*,#7126,.T.);
#7129=ORIENTED_EDGE('',*,*,#7128,.F.);
#7131=ORIENTED_EDGE('',*,*,#7130,.T.);
#7133=ORIENTED_EDGE('',*,*,#7132,.T.);
#7134=EDGE_LOOP('',(#7127,#7129,#7131,#7133));
#7135=FACE_OUTER_BOUND('',#7134,.F.);
#7136=ADVANCED_FACE('',(#7135),#7125,.T.);
#7137=CARTESIAN_POINT('',(-4.82E0,0.E0,0.E0));
#7138=DIRECTION('',(1.E0,0.E0,0.E0));
#7139=DIRECTION('',(0.E0,0.E0,-1.E0));
#7140=AXIS2_PLACEMENT_3D('',#7137,#7138,#7139);
#7141=PLANE('',#7140);
#7143=ORIENTED_EDGE('',*,*,#7142,.F.);
#7145=ORIENTED_EDGE('',*,*,#7144,.F.);
#7147=ORIENTED_EDGE('',*,*,#7146,.T.);
#7149=ORIENTED_EDGE('',*,*,#7148,.T.);
#7151=ORIENTED_EDGE('',*,*,#7150,.T.);
#7153=ORIENTED_EDGE('',*,*,#7152,.T.);
#7155=ORIENTED_EDGE('',*,*,#7154,.T.);
#7157=ORIENTED_EDGE('',*,*,#7156,.T.);
#7159=ORIENTED_EDGE('',*,*,#7158,.T.);
#7161=ORIENTED_EDGE('',*,*,#7160,.T.);
#7162=ORIENTED_EDGE('',*,*,#7108,.T.);
#7164=ORIENTED_EDGE('',*,*,#7163,.F.);
#7165=EDGE_LOOP('',(#7143,#7145,#7147,#7149,#7151,#7153,#7155,#7157,#7159,#7161,
#7162,#7164));
#7166=FACE_OUTER_BOUND('',#7165,.F.);
#7167=ADVANCED_FACE('',(#7166),#7141,.F.);
#7168=CARTESIAN_POINT('',(-4.82E0,0.E0,0.E0));
#7169=DIRECTION('',(1.E0,0.E0,0.E0));
#7170=DIRECTION('',(0.E0,0.E0,-1.E0));
#7171=AXIS2_PLACEMENT_3D('',#7168,#7169,#7170);
#7172=PLANE('',#7171);
#7174=ORIENTED_EDGE('',*,*,#7173,.F.);
#7176=ORIENTED_EDGE('',*,*,#7175,.T.);
#7178=ORIENTED_EDGE('',*,*,#7177,.T.);
#7180=ORIENTED_EDGE('',*,*,#7179,.T.);
#7181=EDGE_LOOP('',(#7174,#7176,#7178,#7180));
#7182=FACE_OUTER_BOUND('',#7181,.F.);
#7183=ADVANCED_FACE('',(#7182),#7172,.F.);
#7184=CARTESIAN_POINT('',(-4.82E0,0.E0,0.E0));
#7185=DIRECTION('',(1.E0,0.E0,0.E0));
#7186=DIRECTION('',(0.E0,0.E0,-1.E0));
#7187=AXIS2_PLACEMENT_3D('',#7184,#7185,#7186);
#7188=PLANE('',#7187);
#7190=ORIENTED_EDGE('',*,*,#7189,.T.);
#7192=ORIENTED_EDGE('',*,*,#7191,.T.);
#7194=ORIENTED_EDGE('',*,*,#7193,.T.);
#7196=ORIENTED_EDGE('',*,*,#7195,.T.);
#7198=ORIENTED_EDGE('',*,*,#7197,.T.);
#7200=ORIENTED_EDGE('',*,*,#7199,.F.);
#7201=EDGE_LOOP('',(#7190,#7192,#7194,#7196,#7198,#7200));
#7202=FACE_OUTER_BOUND('',#7201,.F.);
#7203=ADVANCED_FACE('',(#7202),#7188,.F.);
#7204=CARTESIAN_POINT('',(-4.82E0,0.E0,0.E0));
#7205=DIRECTION('',(1.E0,0.E0,0.E0));
#7206=DIRECTION('',(0.E0,0.E0,-1.E0));
#7207=AXIS2_PLACEMENT_3D('',#7204,#7205,#7206);
#7208=PLANE('',#7207);
#7210=ORIENTED_EDGE('',*,*,#7209,.F.);
#7212=ORIENTED_EDGE('',*,*,#7211,.T.);
#7214=ORIENTED_EDGE('',*,*,#7213,.T.);
#7215=ORIENTED_EDGE('',*,*,#7128,.T.);
#7216=EDGE_LOOP('',(#7210,#7212,#7214,#7215));
#7217=FACE_OUTER_BOUND('',#7216,.F.);
#7218=ADVANCED_FACE('',(#7217),#7208,.F.);
#7219=CARTESIAN_POINT('',(-4.82E0,0.E0,0.E0));
#7220=DIRECTION('',(1.E0,0.E0,0.E0));
#7221=DIRECTION('',(0.E0,0.E0,-1.E0));
#7222=AXIS2_PLACEMENT_3D('',#7219,#7220,#7221);
#7223=PLANE('',#7222);
#7225=ORIENTED_EDGE('',*,*,#7224,.F.);
#7227=ORIENTED_EDGE('',*,*,#7226,.T.);
#7229=ORIENTED_EDGE('',*,*,#7228,.T.);
#7230=ORIENTED_EDGE('',*,*,#7046,.T.);
#7231=EDGE_LOOP('',(#7225,#7227,#7229,#7230));
#7232=FACE_OUTER_BOUND('',#7231,.F.);
#7233=ADVANCED_FACE('',(#7232),#7223,.F.);
#7234=CARTESIAN_POINT('',(-1.0825E1,1.6E0,-4.285E0));
#7235=DIRECTION('',(0.E0,-1.E0,0.E0));
#7236=DIRECTION('',(0.E0,0.E0,-1.E0));
#7237=AXIS2_PLACEMENT_3D('',#7234,#7235,#7236);
#7238=PLANE('',#7237);
#7240=ORIENTED_EDGE('',*,*,#7239,.F.);
#7242=ORIENTED_EDGE('',*,*,#7241,.T.);
#7244=ORIENTED_EDGE('',*,*,#7243,.T.);
#7246=ORIENTED_EDGE('',*,*,#7245,.F.);
#7247=EDGE_LOOP('',(#7240,#7242,#7244,#7246));
#7248=FACE_OUTER_BOUND('',#7247,.F.);
#7249=ADVANCED_FACE('',(#7248),#7238,.T.);
#7250=CARTESIAN_POINT('',(-1.0825E1,1.6E0,-4.285E0));
#7251=DIRECTION('',(0.E0,-1.E0,0.E0));
#7252=DIRECTION('',(0.E0,0.E0,-1.E0));
#7253=AXIS2_PLACEMENT_3D('',#7250,#7251,#7252);
#7254=PLANE('',#7253);
#7256=ORIENTED_EDGE('',*,*,#7255,.F.);
#7258=ORIENTED_EDGE('',*,*,#7257,.T.);
#7260=ORIENTED_EDGE('',*,*,#7259,.T.);
#7262=ORIENTED_EDGE('',*,*,#7261,.F.);
#7263=EDGE_LOOP('',(#7256,#7258,#7260,#7262));
#7264=FACE_OUTER_BOUND('',#7263,.F.);
#7265=ADVANCED_FACE('',(#7264),#7254,.T.);
#7266=CARTESIAN_POINT('',(-1.0825E1,1.6E0,-4.285E0));
#7267=DIRECTION('',(0.E0,-1.E0,0.E0));
#7268=DIRECTION('',(0.E0,0.E0,-1.E0));
#7269=AXIS2_PLACEMENT_3D('',#7266,#7267,#7268);
#7270=PLANE('',#7269);
#7272=ORIENTED_EDGE('',*,*,#7271,.F.);
#7274=ORIENTED_EDGE('',*,*,#7273,.T.);
#7276=ORIENTED_EDGE('',*,*,#7275,.T.);
#7278=ORIENTED_EDGE('',*,*,#7277,.F.);
#7279=EDGE_LOOP('',(#7272,#7274,#7276,#7278));
#7280=FACE_OUTER_BOUND('',#7279,.F.);
#7281=ADVANCED_FACE('',(#7280),#7270,.T.);
#7282=CARTESIAN_POINT('',(-1.0825E1,1.6E0,-4.285E0));
#7283=DIRECTION('',(0.E0,-1.E0,0.E0));
#7284=DIRECTION('',(0.E0,0.E0,-1.E0));
#7285=AXIS2_PLACEMENT_3D('',#7282,#7283,#7284);
#7286=PLANE('',#7285);
#7288=ORIENTED_EDGE('',*,*,#7287,.F.);
#7290=ORIENTED_EDGE('',*,*,#7289,.T.);
#7292=ORIENTED_EDGE('',*,*,#7291,.T.);
#7294=ORIENTED_EDGE('',*,*,#7293,.F.);
#7295=EDGE_LOOP('',(#7288,#7290,#7292,#7294));
#7296=FACE_OUTER_BOUND('',#7295,.F.);
#7297=ADVANCED_FACE('',(#7296),#7286,.T.);
#7298=CARTESIAN_POINT('',(-1.0825E1,1.6E0,-4.285E0));
#7299=DIRECTION('',(0.E0,-1.E0,0.E0));
#7300=DIRECTION('',(0.E0,0.E0,-1.E0));
#7301=AXIS2_PLACEMENT_3D('',#7298,#7299,#7300);
#7302=PLANE('',#7301);
#7304=ORIENTED_EDGE('',*,*,#7303,.F.);
#7306=ORIENTED_EDGE('',*,*,#7305,.T.);
#7308=ORIENTED_EDGE('',*,*,#7307,.T.);
#7310=ORIENTED_EDGE('',*,*,#7309,.F.);
#7311=EDGE_LOOP('',(#7304,#7306,#7308,#7310));
#7312=FACE_OUTER_BOUND('',#7311,.F.);
#7313=ADVANCED_FACE('',(#7312),#7302,.T.);
#7314=CARTESIAN_POINT('',(-1.0825E1,1.6E0,-4.285E0));
#7315=DIRECTION('',(0.E0,-1.E0,0.E0));
#7316=DIRECTION('',(0.E0,0.E0,-1.E0));
#7317=AXIS2_PLACEMENT_3D('',#7314,#7315,#7316);
#7318=PLANE('',#7317);
#7320=ORIENTED_EDGE('',*,*,#7319,.F.);
#7321=ORIENTED_EDGE('',*,*,#7142,.T.);
#7323=ORIENTED_EDGE('',*,*,#7322,.T.);
#7325=ORIENTED_EDGE('',*,*,#7324,.F.);
#7326=EDGE_LOOP('',(#7320,#7321,#7323,#7325));
#7327=FACE_OUTER_BOUND('',#7326,.F.);
#7328=ADVANCED_FACE('',(#7327),#7318,.T.);
#7329=CARTESIAN_POINT('',(-1.0825E1,1.6E0,-4.285E0));
#7330=DIRECTION('',(0.E0,-1.E0,0.E0));
#7331=DIRECTION('',(0.E0,0.E0,-1.E0));
#7332=AXIS2_PLACEMENT_3D('',#7329,#7330,#7331);
#7333=PLANE('',#7332);
#7335=ORIENTED_EDGE('',*,*,#7334,.T.);
#7337=ORIENTED_EDGE('',*,*,#7336,.T.);
#7339=ORIENTED_EDGE('',*,*,#7338,.F.);
#7341=ORIENTED_EDGE('',*,*,#7340,.T.);
#7342=EDGE_LOOP('',(#7335,#7337,#7339,#7341));
#7343=FACE_OUTER_BOUND('',#7342,.F.);
#7344=ADVANCED_FACE('',(#7343),#7333,.T.);
#7345=CARTESIAN_POINT('',(-1.0825E1,-2.78E0,-4.285E0));
#7346=DIRECTION('',(0.E0,0.E0,-1.E0));
#7347=DIRECTION('',(0.E0,1.E0,0.E0));
#7348=AXIS2_PLACEMENT_3D('',#7345,#7346,#7347);
#7349=PLANE('',#7348);
#7351=ORIENTED_EDGE('',*,*,#7350,.F.);
#7353=ORIENTED_EDGE('',*,*,#7352,.T.);
#7355=ORIENTED_EDGE('',*,*,#7354,.T.);
#7357=ORIENTED_EDGE('',*,*,#7356,.T.);
#7359=ORIENTED_EDGE('',*,*,#7358,.T.);
#7361=ORIENTED_EDGE('',*,*,#7360,.T.);
#7362=ORIENTED_EDGE('',*,*,#7338,.T.);
#7364=ORIENTED_EDGE('',*,*,#7363,.T.);
#7366=ORIENTED_EDGE('',*,*,#7365,.T.);
#7368=ORIENTED_EDGE('',*,*,#7367,.F.);
#7370=ORIENTED_EDGE('',*,*,#7369,.F.);
#7372=ORIENTED_EDGE('',*,*,#7371,.T.);
#7374=ORIENTED_EDGE('',*,*,#7373,.T.);
#7376=ORIENTED_EDGE('',*,*,#7375,.T.);
#7378=ORIENTED_EDGE('',*,*,#7377,.T.);
#7380=ORIENTED_EDGE('',*,*,#7379,.T.);
#7382=ORIENTED_EDGE('',*,*,#7381,.F.);
#7384=ORIENTED_EDGE('',*,*,#7383,.T.);
#7385=ORIENTED_EDGE('',*,*,#7239,.T.);
#7387=ORIENTED_EDGE('',*,*,#7386,.F.);
#7389=ORIENTED_EDGE('',*,*,#7388,.F.);
#7391=ORIENTED_EDGE('',*,*,#7390,.F.);
#7393=ORIENTED_EDGE('',*,*,#7392,.F.);
#7395=ORIENTED_EDGE('',*,*,#7394,.T.);
#7397=ORIENTED_EDGE('',*,*,#7396,.T.);
#7399=ORIENTED_EDGE('',*,*,#7398,.T.);
#7401=ORIENTED_EDGE('',*,*,#7400,.T.);
#7403=ORIENTED_EDGE('',*,*,#7402,.T.);
#7404=ORIENTED_EDGE('',*,*,#7255,.T.);
#7406=ORIENTED_EDGE('',*,*,#7405,.F.);
#7408=ORIENTED_EDGE('',*,*,#7407,.F.);
#7410=ORIENTED_EDGE('',*,*,#7409,.F.);
#7412=ORIENTED_EDGE('',*,*,#7411,.F.);
#7414=ORIENTED_EDGE('',*,*,#7413,.T.);
#7416=ORIENTED_EDGE('',*,*,#7415,.T.);
#7418=ORIENTED_EDGE('',*,*,#7417,.T.);
#7420=ORIENTED_EDGE('',*,*,#7419,.T.);
#7422=ORIENTED_EDGE('',*,*,#7421,.T.);
#7423=ORIENTED_EDGE('',*,*,#7271,.T.);
#7425=ORIENTED_EDGE('',*,*,#7424,.F.);
#7427=ORIENTED_EDGE('',*,*,#7426,.F.);
#7429=ORIENTED_EDGE('',*,*,#7428,.F.);
#7431=ORIENTED_EDGE('',*,*,#7430,.F.);
#7433=ORIENTED_EDGE('',*,*,#7432,.T.);
#7435=ORIENTED_EDGE('',*,*,#7434,.T.);
#7437=ORIENTED_EDGE('',*,*,#7436,.T.);
#7439=ORIENTED_EDGE('',*,*,#7438,.T.);
#7441=ORIENTED_EDGE('',*,*,#7440,.T.);
#7442=ORIENTED_EDGE('',*,*,#7287,.T.);
#7444=ORIENTED_EDGE('',*,*,#7443,.F.);
#7446=ORIENTED_EDGE('',*,*,#7445,.F.);
#7448=ORIENTED_EDGE('',*,*,#7447,.F.);
#7450=ORIENTED_EDGE('',*,*,#7449,.F.);
#7452=ORIENTED_EDGE('',*,*,#7451,.T.);
#7454=ORIENTED_EDGE('',*,*,#7453,.T.);
#7456=ORIENTED_EDGE('',*,*,#7455,.T.);
#7458=ORIENTED_EDGE('',*,*,#7457,.T.);
#7460=ORIENTED_EDGE('',*,*,#7459,.T.);
#7461=ORIENTED_EDGE('',*,*,#7303,.T.);
#7463=ORIENTED_EDGE('',*,*,#7462,.F.);
#7465=ORIENTED_EDGE('',*,*,#7464,.F.);
#7467=ORIENTED_EDGE('',*,*,#7466,.F.);
#7469=ORIENTED_EDGE('',*,*,#7468,.F.);
#7470=ORIENTED_EDGE('',*,*,#7030,.T.);
#7471=ORIENTED_EDGE('',*,*,#7092,.T.);
#7472=ORIENTED_EDGE('',*,*,#7173,.T.);
#7473=ORIENTED_EDGE('',*,*,#7078,.T.);
#7474=ORIENTED_EDGE('',*,*,#7144,.T.);
#7475=ORIENTED_EDGE('',*,*,#7319,.T.);
#7477=ORIENTED_EDGE('',*,*,#7476,.F.);
#7479=ORIENTED_EDGE('',*,*,#7478,.F.);
#7481=ORIENTED_EDGE('',*,*,#7480,.F.);
#7482=EDGE_LOOP('',(#7351,#7353,#7355,#7357,#7359,#7361,#7362,#7364,#7366,#7368,
#7370,#7372,#7374,#7376,#7378,#7380,#7382,#7384,#7385,#7387,#7389,#7391,#7393,
#7395,#7397,#7399,#7401,#7403,#7404,#7406,#7408,#7410,#7412,#7414,#7416,#7418,
#7420,#7422,#7423,#7425,#7427,#7429,#7431,#7433,#7435,#7437,#7439,#7441,#7442,
#7444,#7446,#7448,#7450,#7452,#7454,#7456,#7458,#7460,#7461,#7463,#7465,#7467,
#7469,#7470,#7471,#7472,#7473,#7474,#7475,#7477,#7479,#7481));
#7483=FACE_OUTER_BOUND('',#7482,.F.);
#7484=ADVANCED_FACE('',(#7483),#7349,.T.);
#7485=CARTESIAN_POINT('',(-7.18E0,3.43E0,-3.655E0));
#7486=DIRECTION('',(1.E0,0.E0,0.E0));
#7487=DIRECTION('',(0.E0,0.E0,-1.E0));
#7488=AXIS2_PLACEMENT_3D('',#7485,#7486,#7487);
#7489=PLANE('',#7488);
#7491=ORIENTED_EDGE('',*,*,#7490,.T.);
#7493=ORIENTED_EDGE('',*,*,#7492,.T.);
#7495=ORIENTED_EDGE('',*,*,#7494,.T.);
#7497=ORIENTED_EDGE('',*,*,#7496,.T.);
#7498=EDGE_LOOP('',(#7491,#7493,#7495,#7497));
#7499=FACE_OUTER_BOUND('',#7498,.F.);
#7500=ADVANCED_FACE('',(#7499),#7489,.F.);
#7501=CARTESIAN_POINT('',(-7.18E0,3.43E0,-3.655E0));
#7502=DIRECTION('',(1.E0,0.E0,0.E0));
#7503=DIRECTION('',(0.E0,0.E0,-1.E0));
#7504=AXIS2_PLACEMENT_3D('',#7501,#7502,#7503);
#7505=PLANE('',#7504);
#7507=ORIENTED_EDGE('',*,*,#7506,.F.);
#7509=ORIENTED_EDGE('',*,*,#7508,.T.);
#7511=ORIENTED_EDGE('',*,*,#7510,.T.);
#7512=ORIENTED_EDGE('',*,*,#7478,.T.);
#7513=EDGE_LOOP('',(#7507,#7509,#7511,#7512));
#7514=FACE_OUTER_BOUND('',#7513,.F.);
#7515=ADVANCED_FACE('',(#7514),#7505,.F.);
#7516=CARTESIAN_POINT('',(-7.18E0,3.43E0,-3.655E0));
#7517=DIRECTION('',(1.E0,0.E0,0.E0));
#7518=DIRECTION('',(0.E0,0.E0,-1.E0));
#7519=AXIS2_PLACEMENT_3D('',#7516,#7517,#7518);
#7520=PLANE('',#7519);
#7522=ORIENTED_EDGE('',*,*,#7521,.F.);
#7524=ORIENTED_EDGE('',*,*,#7523,.T.);
#7526=ORIENTED_EDGE('',*,*,#7525,.T.);
#7527=ORIENTED_EDGE('',*,*,#7350,.T.);
#7528=EDGE_LOOP('',(#7522,#7524,#7526,#7527));
#7529=FACE_OUTER_BOUND('',#7528,.F.);
#7530=ADVANCED_FACE('',(#7529),#7520,.F.);
#7531=CARTESIAN_POINT('',(-7.18E0,1.82E0,-6.905E0));
#7532=DIRECTION('',(0.E0,1.E0,0.E0));
#7533=DIRECTION('',(0.E0,0.E0,1.E0));
#7534=AXIS2_PLACEMENT_3D('',#7531,#7532,#7533);
#7535=PLANE('',#7534);
#7537=ORIENTED_EDGE('',*,*,#7536,.F.);
#7539=ORIENTED_EDGE('',*,*,#7538,.F.);
#7541=ORIENTED_EDGE('',*,*,#7540,.F.);
#7543=ORIENTED_EDGE('',*,*,#7542,.T.);
#7544=ORIENTED_EDGE('',*,*,#7490,.F.);
#7546=ORIENTED_EDGE('',*,*,#7545,.F.);
#7547=EDGE_LOOP('',(#7537,#7539,#7541,#7543,#7544,#7546));
#7548=FACE_OUTER_BOUND('',#7547,.F.);
#7549=ADVANCED_FACE('',(#7548),#7535,.T.);
#7550=CARTESIAN_POINT('',(-7.18E0,1.82E0,-6.905E0));
#7551=DIRECTION('',(0.E0,1.E0,0.E0));
#7552=DIRECTION('',(0.E0,0.E0,1.E0));
#7553=AXIS2_PLACEMENT_3D('',#7550,#7551,#7552);
#7554=PLANE('',#7553);
#7556=ORIENTED_EDGE('',*,*,#7555,.T.);
#7558=ORIENTED_EDGE('',*,*,#7557,.F.);
#7560=ORIENTED_EDGE('',*,*,#7559,.T.);
#7562=ORIENTED_EDGE('',*,*,#7561,.T.);
#7563=EDGE_LOOP('',(#7556,#7558,#7560,#7562));
#7564=FACE_OUTER_BOUND('',#7563,.F.);
#7565=ADVANCED_FACE('',(#7564),#7554,.T.);
#7566=CARTESIAN_POINT('',(-7.82E0,3.43E0,-4.955E0));
#7567=DIRECTION('',(-1.E0,0.E0,0.E0));
#7568=DIRECTION('',(0.E0,0.E0,1.E0));
#7569=AXIS2_PLACEMENT_3D('',#7566,#7567,#7568);
#7570=PLANE('',#7569);
#7571=ORIENTED_EDGE('',*,*,#7536,.T.);
#7573=ORIENTED_EDGE('',*,*,#7572,.F.);
#7575=ORIENTED_EDGE('',*,*,#7574,.F.);
#7577=ORIENTED_EDGE('',*,*,#7576,.F.);
#7578=EDGE_LOOP('',(#7571,#7573,#7575,#7577));
#7579=FACE_OUTER_BOUND('',#7578,.F.);
#7580=ADVANCED_FACE('',(#7579),#7570,.F.);
#7581=CARTESIAN_POINT('',(-7.82E0,3.43E0,-4.955E0));
#7582=DIRECTION('',(-1.E0,0.E0,0.E0));
#7583=DIRECTION('',(0.E0,0.E0,1.E0));
#7584=AXIS2_PLACEMENT_3D('',#7581,#7582,#7583);
#7585=PLANE('',#7584);
#7587=ORIENTED_EDGE('',*,*,#7586,.F.);
#7588=ORIENTED_EDGE('',*,*,#7358,.F.);
#7590=ORIENTED_EDGE('',*,*,#7589,.T.);
#7592=ORIENTED_EDGE('',*,*,#7591,.F.);
#7593=EDGE_LOOP('',(#7587,#7588,#7590,#7592));
#7594=FACE_OUTER_BOUND('',#7593,.F.);
#7595=ADVANCED_FACE('',(#7594),#7585,.F.);
#7596=CARTESIAN_POINT('',(-7.82E0,3.43E0,-4.955E0));
#7597=DIRECTION('',(-1.E0,0.E0,0.E0));
#7598=DIRECTION('',(0.E0,0.E0,1.E0));
#7599=AXIS2_PLACEMENT_3D('',#7596,#7597,#7598);
#7600=PLANE('',#7599);
#7602=ORIENTED_EDGE('',*,*,#7601,.F.);
#7603=ORIENTED_EDGE('',*,*,#7354,.F.);
#7605=ORIENTED_EDGE('',*,*,#7604,.F.);
#7607=ORIENTED_EDGE('',*,*,#7606,.F.);
#7608=EDGE_LOOP('',(#7602,#7603,#7605,#7607));
#7609=FACE_OUTER_BOUND('',#7608,.F.);
#7610=ADVANCED_FACE('',(#7609),#7600,.F.);
#7611=CARTESIAN_POINT('',(-7.82E0,3.43E0,-3.655E0));
#7612=DIRECTION('',(0.E0,0.E0,1.E0));
#7613=DIRECTION('',(1.E0,0.E0,0.E0));
#7614=AXIS2_PLACEMENT_3D('',#7611,#7612,#7613);
#7615=PLANE('',#7614);
#7616=ORIENTED_EDGE('',*,*,#7545,.T.);
#7617=ORIENTED_EDGE('',*,*,#7496,.F.);
#7619=ORIENTED_EDGE('',*,*,#7618,.F.);
#7620=ORIENTED_EDGE('',*,*,#7572,.T.);
#7621=EDGE_LOOP('',(#7616,#7617,#7619,#7620));
#7622=FACE_OUTER_BOUND('',#7621,.F.);
#7623=ADVANCED_FACE('',(#7622),#7615,.F.);
#7624=CARTESIAN_POINT('',(-7.82E0,3.43E0,-3.655E0));
#7625=DIRECTION('',(0.E0,0.E0,1.E0));
#7626=DIRECTION('',(1.E0,0.E0,0.E0));
#7627=AXIS2_PLACEMENT_3D('',#7624,#7625,#7626);
#7628=PLANE('',#7627);
#7630=ORIENTED_EDGE('',*,*,#7629,.F.);
#7631=ORIENTED_EDGE('',*,*,#7591,.T.);
#7633=ORIENTED_EDGE('',*,*,#7632,.T.);
#7634=ORIENTED_EDGE('',*,*,#7508,.F.);
#7635=EDGE_LOOP('',(#7630,#7631,#7633,#7634));
#7636=FACE_OUTER_BOUND('',#7635,.F.);
#7637=ADVANCED_FACE('',(#7636),#7628,.F.);
#7638=CARTESIAN_POINT('',(-7.82E0,3.43E0,-3.655E0));
#7639=DIRECTION('',(0.E0,0.E0,1.E0));
#7640=DIRECTION('',(1.E0,0.E0,0.E0));
#7641=AXIS2_PLACEMENT_3D('',#7638,#7639,#7640);
#7642=PLANE('',#7641);
#7644=ORIENTED_EDGE('',*,*,#7643,.F.);
#7645=ORIENTED_EDGE('',*,*,#7606,.T.);
#7647=ORIENTED_EDGE('',*,*,#7646,.T.);
#7648=ORIENTED_EDGE('',*,*,#7523,.F.);
#7649=EDGE_LOOP('',(#7644,#7645,#7647,#7648));
#7650=FACE_OUTER_BOUND('',#7649,.F.);
#7651=ADVANCED_FACE('',(#7650),#7642,.F.);
#7652=CARTESIAN_POINT('',(-1.0825E1,3.175E0,-4.955E0));
#7653=DIRECTION('',(0.E0,1.E0,0.E0));
#7654=DIRECTION('',(1.E0,0.E0,0.E0));
#7655=AXIS2_PLACEMENT_3D('',#7652,#7653,#7654);
#7656=PLANE('',#7655);
#7657=ORIENTED_EDGE('',*,*,#7574,.T.);
#7658=ORIENTED_EDGE('',*,*,#7618,.T.);
#7659=ORIENTED_EDGE('',*,*,#7494,.F.);
#7661=ORIENTED_EDGE('',*,*,#7660,.T.);
#7662=ORIENTED_EDGE('',*,*,#7064,.T.);
#7664=ORIENTED_EDGE('',*,*,#7663,.T.);
#7666=ORIENTED_EDGE('',*,*,#7665,.F.);
#7668=ORIENTED_EDGE('',*,*,#7667,.T.);
#7670=ORIENTED_EDGE('',*,*,#7669,.T.);
#7672=ORIENTED_EDGE('',*,*,#7671,.T.);
#7674=ORIENTED_EDGE('',*,*,#7673,.F.);
#7676=ORIENTED_EDGE('',*,*,#7675,.T.);
#7678=ORIENTED_EDGE('',*,*,#7677,.T.);
#7680=ORIENTED_EDGE('',*,*,#7679,.T.);
#7682=ORIENTED_EDGE('',*,*,#7681,.F.);
#7684=ORIENTED_EDGE('',*,*,#7683,.T.);
#7686=ORIENTED_EDGE('',*,*,#7685,.T.);
#7688=ORIENTED_EDGE('',*,*,#7687,.T.);
#7690=ORIENTED_EDGE('',*,*,#7689,.F.);
#7692=ORIENTED_EDGE('',*,*,#7691,.T.);
#7694=ORIENTED_EDGE('',*,*,#7693,.T.);
#7696=ORIENTED_EDGE('',*,*,#7695,.T.);
#7698=ORIENTED_EDGE('',*,*,#7697,.F.);
#7700=ORIENTED_EDGE('',*,*,#7699,.T.);
#7702=ORIENTED_EDGE('',*,*,#7701,.F.);
#7704=ORIENTED_EDGE('',*,*,#7703,.F.);
#7706=ORIENTED_EDGE('',*,*,#7705,.F.);
#7708=ORIENTED_EDGE('',*,*,#7707,.T.);
#7709=EDGE_LOOP('',(#7657,#7658,#7659,#7661,#7662,#7664,#7666,#7668,#7670,#7672,
#7674,#7676,#7678,#7680,#7682,#7684,#7686,#7688,#7690,#7692,#7694,#7696,#7698,
#7700,#7702,#7704,#7706,#7708));
#7710=FACE_OUTER_BOUND('',#7709,.F.);
#7711=ADVANCED_FACE('',(#7710),#7656,.T.);
#7712=CARTESIAN_POINT('',(-1.0825E1,1.6E0,-4.955E0));
#7713=DIRECTION('',(0.E0,0.E0,-1.E0));
#7714=DIRECTION('',(0.E0,1.E0,0.E0));
#7715=AXIS2_PLACEMENT_3D('',#7712,#7713,#7714);
#7716=PLANE('',#7715);
#7717=ORIENTED_EDGE('',*,*,#7243,.F.);
#7719=ORIENTED_EDGE('',*,*,#7718,.T.);
#7721=ORIENTED_EDGE('',*,*,#7720,.T.);
#7723=ORIENTED_EDGE('',*,*,#7722,.F.);
#7724=ORIENTED_EDGE('',*,*,#7699,.F.);
#7726=ORIENTED_EDGE('',*,*,#7725,.F.);
#7728=ORIENTED_EDGE('',*,*,#7727,.F.);
#7729=EDGE_LOOP('',(#7717,#7719,#7721,#7723,#7724,#7726,#7728));
#7730=FACE_OUTER_BOUND('',#7729,.F.);
#7731=ADVANCED_FACE('',(#7730),#7716,.T.);
#7732=CARTESIAN_POINT('',(-1.0825E1,1.6E0,-4.955E0));
#7733=DIRECTION('',(0.E0,0.E0,-1.E0));
#7734=DIRECTION('',(0.E0,1.E0,0.E0));
#7735=AXIS2_PLACEMENT_3D('',#7732,#7733,#7734);
#7736=PLANE('',#7735);
#7737=ORIENTED_EDGE('',*,*,#7259,.F.);
#7739=ORIENTED_EDGE('',*,*,#7738,.T.);
#7741=ORIENTED_EDGE('',*,*,#7740,.T.);
#7742=ORIENTED_EDGE('',*,*,#7691,.F.);
#7744=ORIENTED_EDGE('',*,*,#7743,.F.);
#7746=ORIENTED_EDGE('',*,*,#7745,.F.);
#7747=EDGE_LOOP('',(#7737,#7739,#7741,#7742,#7744,#7746));
#7748=FACE_OUTER_BOUND('',#7747,.F.);
#7749=ADVANCED_FACE('',(#7748),#7736,.T.);
#7750=CARTESIAN_POINT('',(-1.0825E1,1.6E0,-4.955E0));
#7751=DIRECTION('',(0.E0,0.E0,-1.E0));
#7752=DIRECTION('',(0.E0,1.E0,0.E0));
#7753=AXIS2_PLACEMENT_3D('',#7750,#7751,#7752);
#7754=PLANE('',#7753);
#7755=ORIENTED_EDGE('',*,*,#7275,.F.);
#7757=ORIENTED_EDGE('',*,*,#7756,.T.);
#7759=ORIENTED_EDGE('',*,*,#7758,.T.);
#7760=ORIENTED_EDGE('',*,*,#7683,.F.);
#7762=ORIENTED_EDGE('',*,*,#7761,.F.);
#7764=ORIENTED_EDGE('',*,*,#7763,.F.);
#7765=EDGE_LOOP('',(#7755,#7757,#7759,#7760,#7762,#7764));
#7766=FACE_OUTER_BOUND('',#7765,.F.);
#7767=ADVANCED_FACE('',(#7766),#7754,.T.);
#7768=CARTESIAN_POINT('',(-1.0825E1,1.6E0,-4.955E0));
#7769=DIRECTION('',(0.E0,0.E0,-1.E0));
#7770=DIRECTION('',(0.E0,1.E0,0.E0));
#7771=AXIS2_PLACEMENT_3D('',#7768,#7769,#7770);
#7772=PLANE('',#7771);
#7773=ORIENTED_EDGE('',*,*,#7291,.F.);
#7775=ORIENTED_EDGE('',*,*,#7774,.T.);
#7777=ORIENTED_EDGE('',*,*,#7776,.T.);
#7778=ORIENTED_EDGE('',*,*,#7675,.F.);
#7780=ORIENTED_EDGE('',*,*,#7779,.F.);
#7782=ORIENTED_EDGE('',*,*,#7781,.F.);
#7783=EDGE_LOOP('',(#7773,#7775,#7777,#7778,#7780,#7782));
#7784=FACE_OUTER_BOUND('',#7783,.F.);
#7785=ADVANCED_FACE('',(#7784),#7772,.T.);
#7786=CARTESIAN_POINT('',(-1.0825E1,1.6E0,-4.955E0));
#7787=DIRECTION('',(0.E0,0.E0,-1.E0));
#7788=DIRECTION('',(0.E0,1.E0,0.E0));
#7789=AXIS2_PLACEMENT_3D('',#7786,#7787,#7788);
#7790=PLANE('',#7789);
#7791=ORIENTED_EDGE('',*,*,#7307,.F.);
#7793=ORIENTED_EDGE('',*,*,#7792,.T.);
#7795=ORIENTED_EDGE('',*,*,#7794,.T.);
#7796=ORIENTED_EDGE('',*,*,#7667,.F.);
#7798=ORIENTED_EDGE('',*,*,#7797,.F.);
#7800=ORIENTED_EDGE('',*,*,#7799,.F.);
#7801=EDGE_LOOP('',(#7791,#7793,#7795,#7796,#7798,#7800));
#7802=FACE_OUTER_BOUND('',#7801,.F.);
#7803=ADVANCED_FACE('',(#7802),#7790,.T.);
#7804=CARTESIAN_POINT('',(-1.0825E1,1.6E0,-4.955E0));
#7805=DIRECTION('',(0.E0,0.E0,-1.E0));
#7806=DIRECTION('',(0.E0,1.E0,0.E0));
#7807=AXIS2_PLACEMENT_3D('',#7804,#7805,#7806);
#7808=PLANE('',#7807);
#7809=ORIENTED_EDGE('',*,*,#7322,.F.);
#7810=ORIENTED_EDGE('',*,*,#7163,.T.);
#7811=ORIENTED_EDGE('',*,*,#7066,.T.);
#7812=ORIENTED_EDGE('',*,*,#7660,.F.);
#7813=ORIENTED_EDGE('',*,*,#7492,.F.);
#7815=ORIENTED_EDGE('',*,*,#7814,.F.);
#7816=EDGE_LOOP('',(#7809,#7810,#7811,#7812,#7813,#7815));
#7817=FACE_OUTER_BOUND('',#7816,.F.);
#7818=ADVANCED_FACE('',(#7817),#7808,.T.);
#7819=CARTESIAN_POINT('',(-1.0825E1,1.6E0,-4.955E0));
#7820=DIRECTION('',(0.E0,0.E0,-1.E0));
#7821=DIRECTION('',(0.E0,1.E0,0.E0));
#7822=AXIS2_PLACEMENT_3D('',#7819,#7820,#7821);
#7823=PLANE('',#7822);
#7824=ORIENTED_EDGE('',*,*,#7576,.T.);
#7825=ORIENTED_EDGE('',*,*,#7707,.F.);
#7827=ORIENTED_EDGE('',*,*,#7826,.T.);
#7829=ORIENTED_EDGE('',*,*,#7828,.T.);
#7831=ORIENTED_EDGE('',*,*,#7830,.T.);
#7832=ORIENTED_EDGE('',*,*,#7334,.F.);
#7834=ORIENTED_EDGE('',*,*,#7833,.T.);
#7835=EDGE_LOOP('',(#7824,#7825,#7827,#7829,#7831,#7832,#7834));
#7836=FACE_OUTER_BOUND('',#7835,.F.);
#7837=ADVANCED_FACE('',(#7836),#7823,.T.);
#7838=CARTESIAN_POINT('',(1.1075E1,0.E0,0.E0));
#7839=DIRECTION('',(1.E0,0.E0,0.E0));
#7840=DIRECTION('',(0.E0,-1.E0,0.E0));
#7841=AXIS2_PLACEMENT_3D('',#7838,#7839,#7840);
#7842=PLANE('',#7841);
#7844=ORIENTED_EDGE('',*,*,#7843,.T.);
#7846=ORIENTED_EDGE('',*,*,#7845,.T.);
#7848=ORIENTED_EDGE('',*,*,#7847,.T.);
#7849=ORIENTED_EDGE('',*,*,#7375,.F.);
#7851=ORIENTED_EDGE('',*,*,#7850,.F.);
#7853=ORIENTED_EDGE('',*,*,#7852,.F.);
#7855=ORIENTED_EDGE('',*,*,#7854,.F.);
#7857=ORIENTED_EDGE('',*,*,#7856,.F.);
#7859=ORIENTED_EDGE('',*,*,#7858,.F.);
#7860=ORIENTED_EDGE('',*,*,#7718,.F.);
#7861=ORIENTED_EDGE('',*,*,#7241,.F.);
#7862=ORIENTED_EDGE('',*,*,#7383,.F.);
#7863=EDGE_LOOP('',(#7844,#7846,#7848,#7849,#7851,#7853,#7855,#7857,#7859,#7860,
#7861,#7862));
#7864=FACE_OUTER_BOUND('',#7863,.F.);
#7865=ADVANCED_FACE('',(#7864),#7842,.T.);
#7866=CARTESIAN_POINT('',(1.1075E1,1.E0,-4.285E0));
#7867=DIRECTION('',(0.E0,1.E0,0.E0));
#7868=DIRECTION('',(0.E0,0.E0,1.E0));
#7869=AXIS2_PLACEMENT_3D('',#7866,#7867,#7868);
#7870=PLANE('',#7869);
#7871=ORIENTED_EDGE('',*,*,#7381,.T.);
#7873=ORIENTED_EDGE('',*,*,#7872,.T.);
#7875=ORIENTED_EDGE('',*,*,#7874,.F.);
#7876=ORIENTED_EDGE('',*,*,#7843,.F.);
#7877=EDGE_LOOP('',(#7871,#7873,#7875,#7876));
#7878=FACE_OUTER_BOUND('',#7877,.F.);
#7879=ADVANCED_FACE('',(#7878),#7870,.F.);
#7880=CARTESIAN_POINT('',(9.375E0,0.E0,0.E0));
#7881=DIRECTION('',(1.E0,0.E0,0.E0));
#7882=DIRECTION('',(0.E0,0.E0,-1.E0));
#7883=AXIS2_PLACEMENT_3D('',#7880,#7881,#7882);
#7884=PLANE('',#7883);
#7885=ORIENTED_EDGE('',*,*,#7872,.F.);
#7886=ORIENTED_EDGE('',*,*,#7379,.F.);
#7888=ORIENTED_EDGE('',*,*,#7887,.F.);
#7890=ORIENTED_EDGE('',*,*,#7889,.F.);
#7891=EDGE_LOOP('',(#7885,#7886,#7888,#7890));
#7892=FACE_OUTER_BOUND('',#7891,.F.);
#7893=ADVANCED_FACE('',(#7892),#7884,.T.);
#7894=CARTESIAN_POINT('',(1.1075E1,-1.E0,-3.685E0));
#7895=DIRECTION('',(0.E0,-1.E0,0.E0));
#7896=DIRECTION('',(0.E0,0.E0,-1.E0));
#7897=AXIS2_PLACEMENT_3D('',#7894,#7895,#7896);
#7898=PLANE('',#7897);
#7899=ORIENTED_EDGE('',*,*,#7377,.F.);
#7900=ORIENTED_EDGE('',*,*,#7847,.F.);
#7902=ORIENTED_EDGE('',*,*,#7901,.T.);
#7903=ORIENTED_EDGE('',*,*,#7887,.T.);
#7904=EDGE_LOOP('',(#7899,#7900,#7902,#7903));
#7905=FACE_OUTER_BOUND('',#7904,.F.);
#7906=ADVANCED_FACE('',(#7905),#7898,.F.);
#7907=CARTESIAN_POINT('',(1.1075E1,1.E0,-3.685E0));
#7908=DIRECTION('',(0.E0,0.E0,1.E0));
#7909=DIRECTION('',(0.E0,-1.E0,0.E0));
#7910=AXIS2_PLACEMENT_3D('',#7907,#7908,#7909);
#7911=PLANE('',#7910);
#7912=ORIENTED_EDGE('',*,*,#7874,.T.);
#7913=ORIENTED_EDGE('',*,*,#7889,.T.);
#7914=ORIENTED_EDGE('',*,*,#7901,.F.);
#7915=ORIENTED_EDGE('',*,*,#7845,.F.);
#7916=EDGE_LOOP('',(#7912,#7913,#7914,#7915));
#7917=FACE_OUTER_BOUND('',#7916,.F.);
#7918=ADVANCED_FACE('',(#7917),#7911,.F.);
#7919=CARTESIAN_POINT('',(-1.0825E1,-2.78E0,-4.955E0));
#7920=DIRECTION('',(0.E0,1.E0,0.E0));
#7921=DIRECTION('',(0.E0,0.E0,1.E0));
#7922=AXIS2_PLACEMENT_3D('',#7919,#7920,#7921);
#7923=PLANE('',#7922);
#7924=ORIENTED_EDGE('',*,*,#7373,.F.);
#7926=ORIENTED_EDGE('',*,*,#7925,.T.);
#7928=ORIENTED_EDGE('',*,*,#7927,.F.);
#7929=ORIENTED_EDGE('',*,*,#7850,.T.);
#7930=EDGE_LOOP('',(#7924,#7926,#7928,#7929));
#7931=FACE_OUTER_BOUND('',#7930,.F.);
#7932=ADVANCED_FACE('',(#7931),#7923,.T.);
#7933=CARTESIAN_POINT('',(-1.1075E1,0.E0,0.E0));
#7934=DIRECTION('',(-1.E0,0.E0,0.E0));
#7935=DIRECTION('',(0.E0,1.E0,0.E0));
#7936=AXIS2_PLACEMENT_3D('',#7933,#7934,#7935);
#7937=PLANE('',#7936);
#7939=ORIENTED_EDGE('',*,*,#7938,.F.);
#7940=ORIENTED_EDGE('',*,*,#7363,.F.);
#7941=ORIENTED_EDGE('',*,*,#7336,.F.);
#7942=ORIENTED_EDGE('',*,*,#7830,.F.);
#7944=ORIENTED_EDGE('',*,*,#7943,.F.);
#7946=ORIENTED_EDGE('',*,*,#7945,.F.);
#7948=ORIENTED_EDGE('',*,*,#7947,.F.);
#7950=ORIENTED_EDGE('',*,*,#7949,.F.);
#7951=ORIENTED_EDGE('',*,*,#7925,.F.);
#7952=ORIENTED_EDGE('',*,*,#7371,.F.);
#7954=ORIENTED_EDGE('',*,*,#7953,.F.);
#7956=ORIENTED_EDGE('',*,*,#7955,.F.);
#7957=EDGE_LOOP('',(#7939,#7940,#7941,#7942,#7944,#7946,#7948,#7950,#7951,#7952,
#7954,#7956));
#7958=FACE_OUTER_BOUND('',#7957,.F.);
#7959=ADVANCED_FACE('',(#7958),#7937,.T.);
#7960=CARTESIAN_POINT('',(-1.1075E1,1.E0,-4.285E0));
#7961=DIRECTION('',(0.E0,-1.E0,0.E0));
#7962=DIRECTION('',(0.E0,0.E0,1.E0));
#7963=AXIS2_PLACEMENT_3D('',#7960,#7961,#7962);
#7964=PLANE('',#7963);
#7965=ORIENTED_EDGE('',*,*,#7365,.F.);
#7966=ORIENTED_EDGE('',*,*,#7938,.T.);
#7968=ORIENTED_EDGE('',*,*,#7967,.T.);
#7970=ORIENTED_EDGE('',*,*,#7969,.F.);
#7971=EDGE_LOOP('',(#7965,#7966,#7968,#7970));
#7972=FACE_OUTER_BOUND('',#7971,.F.);
#7973=ADVANCED_FACE('',(#7972),#7964,.T.);
#7974=CARTESIAN_POINT('',(-1.1075E1,1.E0,-3.685E0));
#7975=DIRECTION('',(0.E0,0.E0,-1.E0));
#7976=DIRECTION('',(0.E0,-1.E0,0.E0));
#7977=AXIS2_PLACEMENT_3D('',#7974,#7975,#7976);
#7978=PLANE('',#7977);
#7979=ORIENTED_EDGE('',*,*,#7967,.F.);
#7980=ORIENTED_EDGE('',*,*,#7955,.T.);
#7982=ORIENTED_EDGE('',*,*,#7981,.T.);
#7984=ORIENTED_EDGE('',*,*,#7983,.F.);
#7985=EDGE_LOOP('',(#7979,#7980,#7982,#7984));
#7986=FACE_OUTER_BOUND('',#7985,.F.);
#7987=ADVANCED_FACE('',(#7986),#7978,.T.);
#7988=CARTESIAN_POINT('',(-1.1075E1,-1.E0,-3.685E0));
#7989=DIRECTION('',(0.E0,1.E0,0.E0));
#7990=DIRECTION('',(0.E0,0.E0,-1.E0));
#7991=AXIS2_PLACEMENT_3D('',#7988,#7989,#7990);
#7992=PLANE('',#7991);
#7993=ORIENTED_EDGE('',*,*,#7369,.T.);
#7995=ORIENTED_EDGE('',*,*,#7994,.F.);
#7996=ORIENTED_EDGE('',*,*,#7981,.F.);
#7997=ORIENTED_EDGE('',*,*,#7953,.T.);
#7998=EDGE_LOOP('',(#7993,#7995,#7996,#7997));
#7999=FACE_OUTER_BOUND('',#7998,.F.);
#8000=ADVANCED_FACE('',(#7999),#7992,.T.);
#8001=CARTESIAN_POINT('',(-9.375E0,0.E0,0.E0));
#8002=DIRECTION('',(1.E0,0.E0,0.E0));
#8003=DIRECTION('',(0.E0,0.E0,-1.E0));
#8004=AXIS2_PLACEMENT_3D('',#8001,#8002,#8003);
#8005=PLANE('',#8004);
#8006=ORIENTED_EDGE('',*,*,#7367,.T.);
#8007=ORIENTED_EDGE('',*,*,#7969,.T.);
#8008=ORIENTED_EDGE('',*,*,#7983,.T.);
#8009=ORIENTED_EDGE('',*,*,#7994,.T.);
#8010=EDGE_LOOP('',(#8006,#8007,#8008,#8009));
#8011=FACE_OUTER_BOUND('',#8010,.F.);
#8012=ADVANCED_FACE('',(#8011),#8005,.F.);
#8013=CARTESIAN_POINT('',(-1.0825E1,3.43E0,-4.955E0));
#8014=DIRECTION('',(0.E0,1.E0,0.E0));
#8015=DIRECTION('',(0.E0,0.E0,1.E0));
#8016=AXIS2_PLACEMENT_3D('',#8013,#8014,#8015);
#8017=PLANE('',#8016);
#8019=ORIENTED_EDGE('',*,*,#8018,.T.);
#8021=ORIENTED_EDGE('',*,*,#8020,.T.);
#8023=ORIENTED_EDGE('',*,*,#8022,.F.);
#8024=ORIENTED_EDGE('',*,*,#7720,.F.);
#8025=ORIENTED_EDGE('',*,*,#7858,.T.);
#8027=ORIENTED_EDGE('',*,*,#8026,.F.);
#8029=ORIENTED_EDGE('',*,*,#8028,.T.);
#8031=ORIENTED_EDGE('',*,*,#8030,.T.);
#8033=ORIENTED_EDGE('',*,*,#8032,.F.);
#8035=ORIENTED_EDGE('',*,*,#8034,.T.);
#8037=ORIENTED_EDGE('',*,*,#8036,.F.);
#8039=ORIENTED_EDGE('',*,*,#8038,.T.);
#8040=ORIENTED_EDGE('',*,*,#7943,.T.);
#8041=ORIENTED_EDGE('',*,*,#7828,.F.);
#8042=EDGE_LOOP('',(#8019,#8021,#8023,#8024,#8025,#8027,#8029,#8031,#8033,#8035,
#8037,#8039,#8040,#8041));
#8043=FACE_OUTER_BOUND('',#8042,.F.);
#8045=ORIENTED_EDGE('',*,*,#8044,.F.);
#8047=ORIENTED_EDGE('',*,*,#8046,.T.);
#8049=ORIENTED_EDGE('',*,*,#8048,.T.);
#8051=ORIENTED_EDGE('',*,*,#8050,.F.);
#8052=EDGE_LOOP('',(#8045,#8047,#8049,#8051));
#8053=FACE_BOUND('',#8052,.F.);
#8054=ADVANCED_FACE('',(#8043,#8053),#8017,.T.);
#8055=CARTESIAN_POINT('',(-7.E-1,0.E0,0.E0));
#8056=DIRECTION('',(1.E0,0.E0,0.E0));
#8057=DIRECTION('',(0.E0,0.E0,-1.E0));
#8058=AXIS2_PLACEMENT_3D('',#8055,#8056,#8057);
#8059=PLANE('',#8058);
#8060=ORIENTED_EDGE('',*,*,#8044,.T.);
#8062=ORIENTED_EDGE('',*,*,#8061,.T.);
#8064=ORIENTED_EDGE('',*,*,#8063,.T.);
#8066=ORIENTED_EDGE('',*,*,#8065,.T.);
#8068=ORIENTED_EDGE('',*,*,#8067,.T.);
#8069=EDGE_LOOP('',(#8060,#8062,#8064,#8066,#8068));
#8070=FACE_OUTER_BOUND('',#8069,.F.);
#8071=ADVANCED_FACE('',(#8070),#8059,.F.);
#8072=CARTESIAN_POINT('',(-7.E-1,4.18E0,1.255E0));
#8073=DIRECTION('',(1.E0,0.E0,0.E0));
#8074=DIRECTION('',(0.E0,0.E0,-1.E0));
#8075=AXIS2_PLACEMENT_3D('',#8072,#8073,#8074);
#8076=CYLINDRICAL_SURFACE('',#8075,7.5E-1);
#8077=ORIENTED_EDGE('',*,*,#8050,.T.);
#8079=ORIENTED_EDGE('',*,*,#8078,.T.);
#8081=ORIENTED_EDGE('',*,*,#8080,.F.);
#8082=ORIENTED_EDGE('',*,*,#8061,.F.);
#8083=EDGE_LOOP('',(#8077,#8079,#8081,#8082));
#8084=FACE_OUTER_BOUND('',#8083,.F.);
#8085=ADVANCED_FACE('',(#8084),#8076,.F.);
#8086=CARTESIAN_POINT('',(7.E-1,0.E0,0.E0));
#8087=DIRECTION('',(1.E0,0.E0,0.E0));
#8088=DIRECTION('',(0.E0,0.E0,-1.E0));
#8089=AXIS2_PLACEMENT_3D('',#8086,#8087,#8088);
#8090=PLANE('',#8089);
#8091=ORIENTED_EDGE('',*,*,#8048,.F.);
#8093=ORIENTED_EDGE('',*,*,#8092,.F.);
#8095=ORIENTED_EDGE('',*,*,#8094,.F.);
#8097=ORIENTED_EDGE('',*,*,#8096,.F.);
#8098=ORIENTED_EDGE('',*,*,#8078,.F.);
#8099=EDGE_LOOP('',(#8091,#8093,#8095,#8097,#8098));
#8100=FACE_OUTER_BOUND('',#8099,.F.);
#8101=ADVANCED_FACE('',(#8100),#8090,.T.);
#8102=CARTESIAN_POINT('',(-7.E-1,4.83E0,2.755E0));
#8103=DIRECTION('',(0.E0,7.644333195971E-1,6.447027996602E-1));
#8104=DIRECTION('',(0.E0,-6.447027996602E-1,7.644333195971E-1));
#8105=AXIS2_PLACEMENT_3D('',#8102,#8103,#8104);
#8106=PLANE('',#8105);
#8107=ORIENTED_EDGE('',*,*,#8046,.F.);
#8108=ORIENTED_EDGE('',*,*,#8067,.F.);
#8110=ORIENTED_EDGE('',*,*,#8109,.T.);
#8111=ORIENTED_EDGE('',*,*,#8092,.T.);
#8112=EDGE_LOOP('',(#8107,#8108,#8110,#8111));
#8113=FACE_OUTER_BOUND('',#8112,.F.);
#8114=ADVANCED_FACE('',(#8113),#8106,.T.);
#8115=CARTESIAN_POINT('',(-7.E-1,4.83E0,2.005E0));
#8116=DIRECTION('',(0.E0,1.E0,0.E0));
#8117=DIRECTION('',(0.E0,0.E0,1.E0));
#8118=AXIS2_PLACEMENT_3D('',#8115,#8116,#8117);
#8119=PLANE('',#8118);
#8120=ORIENTED_EDGE('',*,*,#8065,.F.);
#8122=ORIENTED_EDGE('',*,*,#8121,.T.);
#8123=ORIENTED_EDGE('',*,*,#8094,.T.);
#8124=ORIENTED_EDGE('',*,*,#8109,.F.);
#8125=EDGE_LOOP('',(#8120,#8122,#8123,#8124));
#8126=FACE_OUTER_BOUND('',#8125,.F.);
#8127=ADVANCED_FACE('',(#8126),#8119,.T.);
#8128=CARTESIAN_POINT('',(-7.E-1,4.18E0,2.005E0));
#8129=DIRECTION('',(0.E0,0.E0,-1.E0));
#8130=DIRECTION('',(0.E0,1.E0,0.E0));
#8131=AXIS2_PLACEMENT_3D('',#8128,#8129,#8130);
#8132=PLANE('',#8131);
#8133=ORIENTED_EDGE('',*,*,#8063,.F.);
#8134=ORIENTED_EDGE('',*,*,#8080,.T.);
#8135=ORIENTED_EDGE('',*,*,#8096,.T.);
#8136=ORIENTED_EDGE('',*,*,#8121,.F.);
#8137=EDGE_LOOP('',(#8133,#8134,#8135,#8136));
#8138=FACE_OUTER_BOUND('',#8137,.F.);
#8139=ADVANCED_FACE('',(#8138),#8132,.T.);
#8140=CARTESIAN_POINT('',(-9.325E0,3.43E0,-4.955E0));
#8141=DIRECTION('',(-1.E0,0.E0,0.E0));
#8142=DIRECTION('',(0.E0,0.E0,1.E0));
#8143=AXIS2_PLACEMENT_3D('',#8140,#8141,#8142);
#8144=PLANE('',#8143);
#8145=ORIENTED_EDGE('',*,*,#8018,.F.);
#8146=ORIENTED_EDGE('',*,*,#7826,.F.);
#8147=ORIENTED_EDGE('',*,*,#7705,.T.);
#8149=ORIENTED_EDGE('',*,*,#8148,.F.);
#8150=EDGE_LOOP('',(#8145,#8146,#8147,#8149));
#8151=FACE_OUTER_BOUND('',#8150,.F.);
#8152=ADVANCED_FACE('',(#8151),#8144,.F.);
#8153=CARTESIAN_POINT('',(-9.325E0,3.43E0,-3.105E0));
#8154=DIRECTION('',(0.E0,0.E0,1.E0));
#8155=DIRECTION('',(1.E0,0.E0,0.E0));
#8156=AXIS2_PLACEMENT_3D('',#8153,#8154,#8155);
#8157=PLANE('',#8156);
#8158=ORIENTED_EDGE('',*,*,#8020,.F.);
#8159=ORIENTED_EDGE('',*,*,#8148,.T.);
#8160=ORIENTED_EDGE('',*,*,#7703,.T.);
#8162=ORIENTED_EDGE('',*,*,#8161,.F.);
#8163=EDGE_LOOP('',(#8158,#8159,#8160,#8162));
#8164=FACE_OUTER_BOUND('',#8163,.F.);
#8165=ADVANCED_FACE('',(#8164),#8157,.F.);
#8166=CARTESIAN_POINT('',(9.325E0,3.43E0,-3.105E0));
#8167=DIRECTION('',(1.E0,0.E0,0.E0));
#8168=DIRECTION('',(0.E0,0.E0,-1.E0));
#8169=AXIS2_PLACEMENT_3D('',#8166,#8167,#8168);
#8170=PLANE('',#8169);
#8171=ORIENTED_EDGE('',*,*,#8022,.T.);
#8172=ORIENTED_EDGE('',*,*,#8161,.T.);
#8173=ORIENTED_EDGE('',*,*,#7701,.T.);
#8174=ORIENTED_EDGE('',*,*,#7722,.T.);
#8175=EDGE_LOOP('',(#8171,#8172,#8173,#8174));
#8176=FACE_OUTER_BOUND('',#8175,.F.);
#8177=ADVANCED_FACE('',(#8176),#8170,.F.);
#8178=CARTESIAN_POINT('',(-1.0825E1,-3.43E0,-3.355E0));
#8179=DIRECTION('',(0.E0,0.E0,1.E0));
#8180=DIRECTION('',(0.E0,-1.E0,0.E0));
#8181=AXIS2_PLACEMENT_3D('',#8178,#8179,#8180);
#8182=PLANE('',#8181);
#8184=ORIENTED_EDGE('',*,*,#8183,.T.);
#8186=ORIENTED_EDGE('',*,*,#8185,.F.);
#8188=ORIENTED_EDGE('',*,*,#8187,.T.);
#8189=ORIENTED_EDGE('',*,*,#8026,.T.);
#8190=ORIENTED_EDGE('',*,*,#7856,.T.);
#8192=ORIENTED_EDGE('',*,*,#8191,.T.);
#8193=EDGE_LOOP('',(#8184,#8186,#8188,#8189,#8190,#8192));
#8194=FACE_OUTER_BOUND('',#8193,.F.);
#8195=ADVANCED_FACE('',(#8194),#8182,.T.);
#8196=CARTESIAN_POINT('',(-1.0825E1,-3.43E0,-3.355E0));
#8197=DIRECTION('',(0.E0,0.E0,1.E0));
#8198=DIRECTION('',(0.E0,-1.E0,0.E0));
#8199=AXIS2_PLACEMENT_3D('',#8196,#8197,#8198);
#8200=PLANE('',#8199);
#8202=ORIENTED_EDGE('',*,*,#8201,.F.);
#8204=ORIENTED_EDGE('',*,*,#8203,.T.);
#8205=ORIENTED_EDGE('',*,*,#7945,.T.);
#8206=ORIENTED_EDGE('',*,*,#8038,.F.);
#8208=ORIENTED_EDGE('',*,*,#8207,.F.);
#8210=ORIENTED_EDGE('',*,*,#8209,.F.);
#8211=EDGE_LOOP('',(#8202,#8204,#8205,#8206,#8208,#8210));
#8212=FACE_OUTER_BOUND('',#8211,.F.);
#8213=ADVANCED_FACE('',(#8212),#8200,.T.);
#8214=CARTESIAN_POINT('',(9.875E0,-3.94E0,-3.355E0));
#8215=DIRECTION('',(1.E0,0.E0,0.E0));
#8216=DIRECTION('',(0.E0,1.E0,0.E0));
#8217=AXIS2_PLACEMENT_3D('',#8214,#8215,#8216);
#8218=PLANE('',#8217);
#8219=ORIENTED_EDGE('',*,*,#8183,.F.);
#8221=ORIENTED_EDGE('',*,*,#8220,.T.);
#8223=ORIENTED_EDGE('',*,*,#8222,.T.);
#8225=ORIENTED_EDGE('',*,*,#8224,.F.);
#8226=EDGE_LOOP('',(#8219,#8221,#8223,#8225));
#8227=FACE_OUTER_BOUND('',#8226,.F.);
#8228=ADVANCED_FACE('',(#8227),#8218,.F.);
#8229=CARTESIAN_POINT('',(-1.0825E1,-3.94E0,-3.355E0));
#8230=DIRECTION('',(0.E0,-1.E0,0.E0));
#8231=DIRECTION('',(0.E0,0.E0,-1.E0));
#8232=AXIS2_PLACEMENT_3D('',#8229,#8230,#8231);
#8233=PLANE('',#8232);
#8234=ORIENTED_EDGE('',*,*,#8220,.F.);
#8235=ORIENTED_EDGE('',*,*,#8191,.F.);
#8236=ORIENTED_EDGE('',*,*,#7854,.T.);
#8238=ORIENTED_EDGE('',*,*,#8237,.T.);
#8239=EDGE_LOOP('',(#8234,#8235,#8236,#8238));
#8240=FACE_OUTER_BOUND('',#8239,.F.);
#8241=ADVANCED_FACE('',(#8240),#8233,.T.);
#8242=CARTESIAN_POINT('',(-1.0825E1,-3.94E0,-3.355E0));
#8243=DIRECTION('',(0.E0,-1.E0,0.E0));
#8244=DIRECTION('',(0.E0,0.E0,-1.E0));
#8245=AXIS2_PLACEMENT_3D('',#8242,#8243,#8244);
#8246=PLANE('',#8245);
#8248=ORIENTED_EDGE('',*,*,#8247,.T.);
#8250=ORIENTED_EDGE('',*,*,#8249,.T.);
#8251=ORIENTED_EDGE('',*,*,#7947,.T.);
#8252=ORIENTED_EDGE('',*,*,#8203,.F.);
#8253=EDGE_LOOP('',(#8248,#8250,#8251,#8252));
#8254=FACE_OUTER_BOUND('',#8253,.F.);
#8255=ADVANCED_FACE('',(#8254),#8246,.T.);
#8256=CARTESIAN_POINT('',(-1.0825E1,-3.94E0,-4.955E0));
#8257=DIRECTION('',(0.E0,0.E0,-1.E0));
#8258=DIRECTION('',(0.E0,1.E0,0.E0));
#8259=AXIS2_PLACEMENT_3D('',#8256,#8257,#8258);
#8260=PLANE('',#8259);
#8262=ORIENTED_EDGE('',*,*,#8261,.F.);
#8264=ORIENTED_EDGE('',*,*,#8263,.F.);
#8265=ORIENTED_EDGE('',*,*,#7199,.T.);
#8267=ORIENTED_EDGE('',*,*,#8266,.T.);
#8269=ORIENTED_EDGE('',*,*,#8268,.F.);
#8271=ORIENTED_EDGE('',*,*,#8270,.F.);
#8273=ORIENTED_EDGE('',*,*,#8272,.T.);
#8275=ORIENTED_EDGE('',*,*,#8274,.T.);
#8277=ORIENTED_EDGE('',*,*,#8276,.F.);
#8279=ORIENTED_EDGE('',*,*,#8278,.F.);
#8281=ORIENTED_EDGE('',*,*,#8280,.T.);
#8283=ORIENTED_EDGE('',*,*,#8282,.T.);
#8285=ORIENTED_EDGE('',*,*,#8284,.F.);
#8287=ORIENTED_EDGE('',*,*,#8286,.F.);
#8289=ORIENTED_EDGE('',*,*,#8288,.T.);
#8291=ORIENTED_EDGE('',*,*,#8290,.T.);
#8293=ORIENTED_EDGE('',*,*,#8292,.F.);
#8295=ORIENTED_EDGE('',*,*,#8294,.F.);
#8297=ORIENTED_EDGE('',*,*,#8296,.T.);
#8299=ORIENTED_EDGE('',*,*,#8298,.T.);
#8301=ORIENTED_EDGE('',*,*,#8300,.F.);
#8303=ORIENTED_EDGE('',*,*,#8302,.F.);
#8304=ORIENTED_EDGE('',*,*,#8222,.F.);
#8305=ORIENTED_EDGE('',*,*,#8237,.F.);
#8306=ORIENTED_EDGE('',*,*,#7852,.T.);
#8307=ORIENTED_EDGE('',*,*,#7927,.T.);
#8308=ORIENTED_EDGE('',*,*,#7949,.T.);
#8309=ORIENTED_EDGE('',*,*,#8249,.F.);
#8311=ORIENTED_EDGE('',*,*,#8310,.T.);
#8313=ORIENTED_EDGE('',*,*,#8312,.F.);
#8315=ORIENTED_EDGE('',*,*,#8314,.T.);
#8317=ORIENTED_EDGE('',*,*,#8316,.T.);
#8318=EDGE_LOOP('',(#8262,#8264,#8265,#8267,#8269,#8271,#8273,#8275,#8277,#8279,
#8281,#8283,#8285,#8287,#8289,#8291,#8293,#8295,#8297,#8299,#8301,#8303,#8304,
#8305,#8306,#8307,#8308,#8309,#8311,#8313,#8315,#8317));
#8319=FACE_OUTER_BOUND('',#8318,.F.);
#8320=ADVANCED_FACE('',(#8319),#8260,.T.);
#8321=CARTESIAN_POINT('',(-7.18E0,0.E0,0.E0));
#8322=DIRECTION('',(1.E0,0.E0,0.E0));
#8323=DIRECTION('',(0.E0,0.E0,-1.E0));
#8324=AXIS2_PLACEMENT_3D('',#8321,#8322,#8323);
#8325=PLANE('',#8324);
#8327=ORIENTED_EDGE('',*,*,#8326,.F.);
#8328=ORIENTED_EDGE('',*,*,#8261,.T.);
#8330=ORIENTED_EDGE('',*,*,#8329,.F.);
#8332=ORIENTED_EDGE('',*,*,#8331,.F.);
#8334=ORIENTED_EDGE('',*,*,#8333,.F.);
#8336=ORIENTED_EDGE('',*,*,#8335,.F.);
#8337=EDGE_LOOP('',(#8327,#8328,#8330,#8332,#8334,#8336));
#8338=FACE_OUTER_BOUND('',#8337,.F.);
#8339=ADVANCED_FACE('',(#8338),#8325,.T.);
#8340=CARTESIAN_POINT('',(-7.18E0,0.E0,0.E0));
#8341=DIRECTION('',(1.E0,0.E0,0.E0));
#8342=DIRECTION('',(0.E0,0.E0,-1.E0));
#8343=AXIS2_PLACEMENT_3D('',#8340,#8341,#8342);
#8344=PLANE('',#8343);
#8345=ORIENTED_EDGE('',*,*,#7480,.T.);
#8347=ORIENTED_EDGE('',*,*,#8346,.F.);
#8349=ORIENTED_EDGE('',*,*,#8348,.F.);
#8351=ORIENTED_EDGE('',*,*,#8350,.F.);
#8352=EDGE_LOOP('',(#8345,#8347,#8349,#8351));
#8353=FACE_OUTER_BOUND('',#8352,.F.);
#8354=ADVANCED_FACE('',(#8353),#8344,.T.);
#8355=CARTESIAN_POINT('',(-7.18E0,0.E0,0.E0));
#8356=DIRECTION('',(1.E0,0.E0,0.E0));
#8357=DIRECTION('',(0.E0,0.E0,-1.E0));
#8358=AXIS2_PLACEMENT_3D('',#8355,#8356,#8357);
#8359=PLANE('',#8358);
#8360=ORIENTED_EDGE('',*,*,#7476,.T.);
#8361=ORIENTED_EDGE('',*,*,#7324,.T.);
#8362=ORIENTED_EDGE('',*,*,#7814,.T.);
#8363=ORIENTED_EDGE('',*,*,#7542,.F.);
#8365=ORIENTED_EDGE('',*,*,#8364,.F.);
#8367=ORIENTED_EDGE('',*,*,#8366,.F.);
#8369=ORIENTED_EDGE('',*,*,#8368,.F.);
#8371=ORIENTED_EDGE('',*,*,#8370,.F.);
#8373=ORIENTED_EDGE('',*,*,#8372,.F.);
#8375=ORIENTED_EDGE('',*,*,#8374,.F.);
#8377=ORIENTED_EDGE('',*,*,#8376,.F.);
#8379=ORIENTED_EDGE('',*,*,#8378,.F.);
#8380=EDGE_LOOP('',(#8360,#8361,#8362,#8363,#8365,#8367,#8369,#8371,#8373,#8375,
#8377,#8379));
#8381=FACE_OUTER_BOUND('',#8380,.F.);
#8382=ADVANCED_FACE('',(#8381),#8359,.T.);
#8383=CARTESIAN_POINT('',(-7.18E0,0.E0,0.E0));
#8384=DIRECTION('',(1.E0,0.E0,0.E0));
#8385=DIRECTION('',(0.E0,0.E0,-1.E0));
#8386=AXIS2_PLACEMENT_3D('',#8383,#8384,#8385);
#8387=PLANE('',#8386);
#8389=ORIENTED_EDGE('',*,*,#8388,.F.);
#8390=ORIENTED_EDGE('',*,*,#7561,.F.);
#8392=ORIENTED_EDGE('',*,*,#8391,.F.);
#8394=ORIENTED_EDGE('',*,*,#8393,.F.);
#8395=EDGE_LOOP('',(#8389,#8390,#8392,#8394));
#8396=FACE_OUTER_BOUND('',#8395,.F.);
#8397=ADVANCED_FACE('',(#8396),#8387,.T.);
#8398=CARTESIAN_POINT('',(-7.18E0,0.E0,0.E0));
#8399=DIRECTION('',(1.E0,0.E0,0.E0));
#8400=DIRECTION('',(0.E0,0.E0,-1.E0));
#8401=AXIS2_PLACEMENT_3D('',#8398,#8399,#8400);
#8402=PLANE('',#8401);
#8404=ORIENTED_EDGE('',*,*,#8403,.F.);
#8406=ORIENTED_EDGE('',*,*,#8405,.F.);
#8408=ORIENTED_EDGE('',*,*,#8407,.F.);
#8410=ORIENTED_EDGE('',*,*,#8409,.F.);
#8411=EDGE_LOOP('',(#8404,#8406,#8408,#8410));
#8412=FACE_OUTER_BOUND('',#8411,.F.);
#8413=ADVANCED_FACE('',(#8412),#8402,.T.);
#8414=CARTESIAN_POINT('',(-1.0825E1,-3.43E0,4.955E0));
#8415=DIRECTION('',(0.E0,-1.E0,0.E0));
#8416=DIRECTION('',(0.E0,0.E0,-1.E0));
#8417=AXIS2_PLACEMENT_3D('',#8414,#8415,#8416);
#8418=PLANE('',#8417);
#8420=ORIENTED_EDGE('',*,*,#8419,.T.);
#8422=ORIENTED_EDGE('',*,*,#8421,.F.);
#8424=ORIENTED_EDGE('',*,*,#8423,.F.);
#8426=ORIENTED_EDGE('',*,*,#8425,.F.);
#8428=ORIENTED_EDGE('',*,*,#8427,.T.);
#8430=ORIENTED_EDGE('',*,*,#8429,.F.);
#8432=ORIENTED_EDGE('',*,*,#8431,.T.);
#8434=ORIENTED_EDGE('',*,*,#8433,.T.);
#8436=ORIENTED_EDGE('',*,*,#8435,.T.);
#8438=ORIENTED_EDGE('',*,*,#8437,.F.);
#8440=ORIENTED_EDGE('',*,*,#8439,.T.);
#8441=ORIENTED_EDGE('',*,*,#8224,.T.);
#8442=ORIENTED_EDGE('',*,*,#8302,.T.);
#8444=ORIENTED_EDGE('',*,*,#8443,.T.);
#8446=ORIENTED_EDGE('',*,*,#8445,.F.);
#8448=ORIENTED_EDGE('',*,*,#8447,.F.);
#8449=ORIENTED_EDGE('',*,*,#8294,.T.);
#8451=ORIENTED_EDGE('',*,*,#8450,.T.);
#8453=ORIENTED_EDGE('',*,*,#8452,.F.);
#8455=ORIENTED_EDGE('',*,*,#8454,.F.);
#8456=ORIENTED_EDGE('',*,*,#8286,.T.);
#8458=ORIENTED_EDGE('',*,*,#8457,.T.);
#8460=ORIENTED_EDGE('',*,*,#8459,.F.);
#8462=ORIENTED_EDGE('',*,*,#8461,.F.);
#8463=ORIENTED_EDGE('',*,*,#8278,.T.);
#8465=ORIENTED_EDGE('',*,*,#8464,.T.);
#8467=ORIENTED_EDGE('',*,*,#8466,.F.);
#8469=ORIENTED_EDGE('',*,*,#8468,.F.);
#8470=ORIENTED_EDGE('',*,*,#8270,.T.);
#8472=ORIENTED_EDGE('',*,*,#8471,.T.);
#8474=ORIENTED_EDGE('',*,*,#8473,.F.);
#8475=ORIENTED_EDGE('',*,*,#7189,.F.);
#8476=ORIENTED_EDGE('',*,*,#8263,.T.);
#8477=ORIENTED_EDGE('',*,*,#8326,.T.);
#8479=ORIENTED_EDGE('',*,*,#8478,.F.);
#8481=ORIENTED_EDGE('',*,*,#8480,.F.);
#8482=ORIENTED_EDGE('',*,*,#8312,.T.);
#8484=ORIENTED_EDGE('',*,*,#8483,.F.);
#8486=ORIENTED_EDGE('',*,*,#8485,.F.);
#8488=ORIENTED_EDGE('',*,*,#8487,.T.);
#8489=EDGE_LOOP('',(#8420,#8422,#8424,#8426,#8428,#8430,#8432,#8434,#8436,#8438,
#8440,#8441,#8442,#8444,#8446,#8448,#8449,#8451,#8453,#8455,#8456,#8458,#8460,
#8462,#8463,#8465,#8467,#8469,#8470,#8472,#8474,#8475,#8476,#8477,#8479,#8481,
#8482,#8484,#8486,#8488));
#8490=FACE_OUTER_BOUND('',#8489,.F.);
#8492=ORIENTED_EDGE('',*,*,#8491,.F.);
#8494=ORIENTED_EDGE('',*,*,#8493,.F.);
#8496=ORIENTED_EDGE('',*,*,#8495,.T.);
#8498=ORIENTED_EDGE('',*,*,#8497,.T.);
#8499=EDGE_LOOP('',(#8492,#8494,#8496,#8498));
#8500=FACE_BOUND('',#8499,.F.);
#8502=ORIENTED_EDGE('',*,*,#8501,.T.);
#8504=ORIENTED_EDGE('',*,*,#8503,.T.);
#8506=ORIENTED_EDGE('',*,*,#8505,.F.);
#8508=ORIENTED_EDGE('',*,*,#8507,.F.);
#8509=EDGE_LOOP('',(#8502,#8504,#8506,#8508));
#8510=FACE_BOUND('',#8509,.F.);
#8512=ORIENTED_EDGE('',*,*,#8511,.T.);
#8514=ORIENTED_EDGE('',*,*,#8513,.T.);
#8516=ORIENTED_EDGE('',*,*,#8515,.F.);
#8518=ORIENTED_EDGE('',*,*,#8517,.F.);
#8519=EDGE_LOOP('',(#8512,#8514,#8516,#8518));
#8520=FACE_BOUND('',#8519,.F.);
#8522=ORIENTED_EDGE('',*,*,#8521,.F.);
#8524=ORIENTED_EDGE('',*,*,#8523,.F.);
#8526=ORIENTED_EDGE('',*,*,#8525,.T.);
#8528=ORIENTED_EDGE('',*,*,#8527,.T.);
#8529=EDGE_LOOP('',(#8522,#8524,#8526,#8528));
#8530=FACE_BOUND('',#8529,.F.);
#8531=ADVANCED_FACE('',(#8490,#8500,#8510,#8520,#8530),#8418,.T.);
#8532=CARTESIAN_POINT('',(1.0825E1,2.68E0,3.305E0));
#8533=DIRECTION('',(0.E0,0.E0,1.E0));
#8534=DIRECTION('',(1.E0,0.E0,0.E0));
#8535=AXIS2_PLACEMENT_3D('',#8532,#8533,#8534);
#8536=PLANE('',#8535);
#8537=ORIENTED_EDGE('',*,*,#8521,.T.);
#8539=ORIENTED_EDGE('',*,*,#8538,.F.);
#8541=ORIENTED_EDGE('',*,*,#8540,.F.);
#8543=ORIENTED_EDGE('',*,*,#8542,.F.);
#8544=EDGE_LOOP('',(#8537,#8539,#8541,#8543));
#8545=FACE_OUTER_BOUND('',#8544,.F.);
#8546=ADVANCED_FACE('',(#8545),#8536,.T.);
#8547=CARTESIAN_POINT('',(1.0825E1,2.68E0,3.305E0));
#8548=DIRECTION('',(0.E0,0.E0,1.E0));
#8549=DIRECTION('',(1.E0,0.E0,0.E0));
#8550=AXIS2_PLACEMENT_3D('',#8547,#8548,#8549);
#8551=PLANE('',#8550);
#8552=ORIENTED_EDGE('',*,*,#8491,.T.);
#8554=ORIENTED_EDGE('',*,*,#8553,.F.);
#8556=ORIENTED_EDGE('',*,*,#8555,.F.);
#8558=ORIENTED_EDGE('',*,*,#8557,.F.);
#8559=EDGE_LOOP('',(#8552,#8554,#8556,#8558));
#8560=FACE_OUTER_BOUND('',#8559,.F.);
#8561=ADVANCED_FACE('',(#8560),#8551,.T.);
#8562=CARTESIAN_POINT('',(-5.85E0,-3.93E0,3.305E0));
#8563=DIRECTION('',(1.E0,0.E0,0.E0));
#8564=DIRECTION('',(0.E0,1.E0,0.E0));
#8565=AXIS2_PLACEMENT_3D('',#8562,#8563,#8564);
#8566=PLANE('',#8565);
#8567=ORIENTED_EDGE('',*,*,#8527,.F.);
#8569=ORIENTED_EDGE('',*,*,#8568,.F.);
#8571=ORIENTED_EDGE('',*,*,#8570,.F.);
#8572=ORIENTED_EDGE('',*,*,#8538,.T.);
#8573=EDGE_LOOP('',(#8567,#8569,#8571,#8572));
#8574=FACE_OUTER_BOUND('',#8573,.F.);
#8575=ADVANCED_FACE('',(#8574),#8566,.T.);
#8576=CARTESIAN_POINT('',(-1.0825E1,-3.43E0,-3.355E0));
#8577=DIRECTION('',(0.E0,0.E0,1.E0));
#8578=DIRECTION('',(0.E0,-1.E0,0.E0));
#8579=AXIS2_PLACEMENT_3D('',#8576,#8577,#8578);
#8580=PLANE('',#8579);
#8581=ORIENTED_EDGE('',*,*,#8525,.F.);
#8583=ORIENTED_EDGE('',*,*,#8582,.T.);
#8585=ORIENTED_EDGE('',*,*,#8584,.T.);
#8586=ORIENTED_EDGE('',*,*,#8568,.T.);
#8587=EDGE_LOOP('',(#8581,#8583,#8585,#8586));
#8588=FACE_OUTER_BOUND('',#8587,.F.);
#8589=ADVANCED_FACE('',(#8588),#8580,.F.);
#8590=CARTESIAN_POINT('',(-1.0825E1,-3.43E0,-3.355E0));
#8591=DIRECTION('',(0.E0,0.E0,1.E0));
#8592=DIRECTION('',(0.E0,-1.E0,0.E0));
#8593=AXIS2_PLACEMENT_3D('',#8590,#8591,#8592);
#8594=PLANE('',#8593);
#8595=ORIENTED_EDGE('',*,*,#8495,.F.);
#8597=ORIENTED_EDGE('',*,*,#8596,.T.);
#8599=ORIENTED_EDGE('',*,*,#8598,.T.);
#8601=ORIENTED_EDGE('',*,*,#8600,.T.);
#8602=EDGE_LOOP('',(#8595,#8597,#8599,#8601));
#8603=FACE_OUTER_BOUND('',#8602,.F.);
#8604=ADVANCED_FACE('',(#8603),#8594,.F.);
#8605=CARTESIAN_POINT('',(-6.85E0,-3.43E0,3.305E0));
#8606=DIRECTION('',(-1.E0,0.E0,0.E0));
#8607=DIRECTION('',(0.E0,-1.E0,0.E0));
#8608=AXIS2_PLACEMENT_3D('',#8605,#8606,#8607);
#8609=PLANE('',#8608);
#8610=ORIENTED_EDGE('',*,*,#8523,.T.);
#8611=ORIENTED_EDGE('',*,*,#8542,.T.);
#8613=ORIENTED_EDGE('',*,*,#8612,.T.);
#8614=ORIENTED_EDGE('',*,*,#8582,.F.);
#8615=EDGE_LOOP('',(#8610,#8611,#8613,#8614));
#8616=FACE_OUTER_BOUND('',#8615,.F.);
#8617=ADVANCED_FACE('',(#8616),#8609,.T.);
#8618=CARTESIAN_POINT('',(-6.85E0,-3.93E0,3.305E0));
#8619=DIRECTION('',(0.E0,-1.E0,0.E0));
#8620=DIRECTION('',(1.E0,0.E0,0.E0));
#8621=AXIS2_PLACEMENT_3D('',#8618,#8619,#8620);
#8622=PLANE('',#8621);
#8623=ORIENTED_EDGE('',*,*,#8540,.T.);
#8624=ORIENTED_EDGE('',*,*,#8570,.T.);
#8625=ORIENTED_EDGE('',*,*,#8584,.F.);
#8626=ORIENTED_EDGE('',*,*,#8612,.F.);
#8627=EDGE_LOOP('',(#8623,#8624,#8625,#8626));
#8628=FACE_OUTER_BOUND('',#8627,.F.);
#8629=ADVANCED_FACE('',(#8628),#8622,.T.);
#8630=CARTESIAN_POINT('',(5.85E0,-3.43E0,3.305E0));
#8631=DIRECTION('',(-1.E0,0.E0,0.E0));
#8632=DIRECTION('',(0.E0,-1.E0,0.E0));
#8633=AXIS2_PLACEMENT_3D('',#8630,#8631,#8632);
#8634=PLANE('',#8633);
#8635=ORIENTED_EDGE('',*,*,#8493,.T.);
#8636=ORIENTED_EDGE('',*,*,#8557,.T.);
#8638=ORIENTED_EDGE('',*,*,#8637,.T.);
#8639=ORIENTED_EDGE('',*,*,#8596,.F.);
#8640=EDGE_LOOP('',(#8635,#8636,#8638,#8639));
#8641=FACE_OUTER_BOUND('',#8640,.F.);
#8642=ADVANCED_FACE('',(#8641),#8634,.T.);
#8643=CARTESIAN_POINT('',(5.85E0,-3.93E0,3.305E0));
#8644=DIRECTION('',(0.E0,-1.E0,0.E0));
#8645=DIRECTION('',(1.E0,0.E0,0.E0));
#8646=AXIS2_PLACEMENT_3D('',#8643,#8644,#8645);
#8647=PLANE('',#8646);
#8648=ORIENTED_EDGE('',*,*,#8555,.T.);
#8650=ORIENTED_EDGE('',*,*,#8649,.T.);
#8651=ORIENTED_EDGE('',*,*,#8598,.F.);
#8652=ORIENTED_EDGE('',*,*,#8637,.F.);
#8653=EDGE_LOOP('',(#8648,#8650,#8651,#8652));
#8654=FACE_OUTER_BOUND('',#8653,.F.);
#8655=ADVANCED_FACE('',(#8654),#8647,.T.);
#8656=CARTESIAN_POINT('',(6.85E0,-3.93E0,3.305E0));
#8657=DIRECTION('',(1.E0,0.E0,0.E0));
#8658=DIRECTION('',(0.E0,1.E0,0.E0));
#8659=AXIS2_PLACEMENT_3D('',#8656,#8657,#8658);
#8660=PLANE('',#8659);
#8661=ORIENTED_EDGE('',*,*,#8497,.F.);
#8662=ORIENTED_EDGE('',*,*,#8600,.F.);
#8663=ORIENTED_EDGE('',*,*,#8649,.F.);
#8664=ORIENTED_EDGE('',*,*,#8553,.T.);
#8665=EDGE_LOOP('',(#8661,#8662,#8663,#8664));
#8666=FACE_OUTER_BOUND('',#8665,.F.);
#8667=ADVANCED_FACE('',(#8666),#8660,.T.);
#8668=CARTESIAN_POINT('',(-1.0825E1,0.E0,-2.8E-1));
#8669=DIRECTION('',(0.E0,0.E0,1.E0));
#8670=DIRECTION('',(1.E0,0.E0,0.E0));
#8671=AXIS2_PLACEMENT_3D('',#8668,#8669,#8670);
#8672=PLANE('',#8671);
#8673=ORIENTED_EDGE('',*,*,#8501,.F.);
#8675=ORIENTED_EDGE('',*,*,#8674,.T.);
#8677=ORIENTED_EDGE('',*,*,#8676,.T.);
#8679=ORIENTED_EDGE('',*,*,#8678,.T.);
#8681=ORIENTED_EDGE('',*,*,#8680,.T.);
#8683=ORIENTED_EDGE('',*,*,#8682,.T.);
#8685=ORIENTED_EDGE('',*,*,#8684,.T.);
#8687=ORIENTED_EDGE('',*,*,#8686,.T.);
#8688=EDGE_LOOP('',(#8673,#8675,#8677,#8679,#8681,#8683,#8685,#8687));
#8689=FACE_OUTER_BOUND('',#8688,.F.);
#8690=ADVANCED_FACE('',(#8689),#8672,.F.);
#8691=CARTESIAN_POINT('',(-1.0825E1,0.E0,-2.8E-1));
#8692=DIRECTION('',(0.E0,0.E0,1.E0));
#8693=DIRECTION('',(1.E0,0.E0,0.E0));
#8694=AXIS2_PLACEMENT_3D('',#8691,#8692,#8693);
#8695=PLANE('',#8694);
#8696=ORIENTED_EDGE('',*,*,#8511,.F.);
#8698=ORIENTED_EDGE('',*,*,#8697,.T.);
#8700=ORIENTED_EDGE('',*,*,#8699,.T.);
#8702=ORIENTED_EDGE('',*,*,#8701,.T.);
#8704=ORIENTED_EDGE('',*,*,#8703,.T.);
#8706=ORIENTED_EDGE('',*,*,#8705,.T.);
#8708=ORIENTED_EDGE('',*,*,#8707,.T.);
#8710=ORIENTED_EDGE('',*,*,#8709,.T.);
#8711=EDGE_LOOP('',(#8696,#8698,#8700,#8702,#8704,#8706,#8708,#8710));
#8712=FACE_OUTER_BOUND('',#8711,.F.);
#8713=ADVANCED_FACE('',(#8712),#8695,.F.);
#8714=CARTESIAN_POINT('',(-9.775E0,-3.43E0,-2.8E-1));
#8715=DIRECTION('',(-1.E0,0.E0,0.E0));
#8716=DIRECTION('',(0.E0,-1.E0,0.E0));
#8717=AXIS2_PLACEMENT_3D('',#8714,#8715,#8716);
#8718=PLANE('',#8717);
#8719=ORIENTED_EDGE('',*,*,#8507,.T.);
#8721=ORIENTED_EDGE('',*,*,#8720,.T.);
#8723=ORIENTED_EDGE('',*,*,#8722,.F.);
#8724=ORIENTED_EDGE('',*,*,#8674,.F.);
#8725=EDGE_LOOP('',(#8719,#8721,#8723,#8724));
#8726=FACE_OUTER_BOUND('',#8725,.F.);
#8727=ADVANCED_FACE('',(#8726),#8718,.T.);
#8728=CARTESIAN_POINT('',(-1.0825E1,0.E0,9.9E-1));
#8729=DIRECTION('',(0.E0,0.E0,1.E0));
#8730=DIRECTION('',(1.E0,0.E0,0.E0));
#8731=AXIS2_PLACEMENT_3D('',#8728,#8729,#8730);
#8732=PLANE('',#8731);
#8733=ORIENTED_EDGE('',*,*,#8505,.T.);
#8735=ORIENTED_EDGE('',*,*,#8734,.F.);
#8737=ORIENTED_EDGE('',*,*,#8736,.F.);
#8739=ORIENTED_EDGE('',*,*,#8738,.F.);
#8741=ORIENTED_EDGE('',*,*,#8740,.F.);
#8743=ORIENTED_EDGE('',*,*,#8742,.F.);
#8745=ORIENTED_EDGE('',*,*,#8744,.F.);
#8746=ORIENTED_EDGE('',*,*,#8720,.F.);
#8747=EDGE_LOOP('',(#8733,#8735,#8737,#8739,#8741,#8743,#8745,#8746));
#8748=FACE_OUTER_BOUND('',#8747,.F.);
#8749=ADVANCED_FACE('',(#8748),#8732,.T.);
#8750=CARTESIAN_POINT('',(-1.0825E1,0.E0,9.9E-1));
#8751=DIRECTION('',(0.E0,0.E0,1.E0));
#8752=DIRECTION('',(1.E0,0.E0,0.E0));
#8753=AXIS2_PLACEMENT_3D('',#8750,#8751,#8752);
#8754=PLANE('',#8753);
#8755=ORIENTED_EDGE('',*,*,#8515,.T.);
#8757=ORIENTED_EDGE('',*,*,#8756,.F.);
#8759=ORIENTED_EDGE('',*,*,#8758,.F.);
#8761=ORIENTED_EDGE('',*,*,#8760,.F.);
#8763=ORIENTED_EDGE('',*,*,#8762,.F.);
#8765=ORIENTED_EDGE('',*,*,#8764,.F.);
#8767=ORIENTED_EDGE('',*,*,#8766,.F.);
#8769=ORIENTED_EDGE('',*,*,#8768,.F.);
#8770=EDGE_LOOP('',(#8755,#8757,#8759,#8761,#8763,#8765,#8767,#8769));
#8771=FACE_OUTER_BOUND('',#8770,.F.);
#8772=ADVANCED_FACE('',(#8771),#8754,.T.);
#8773=CARTESIAN_POINT('',(-9.425E0,-3.49E0,-2.8E-1));
#8774=DIRECTION('',(1.E0,0.E0,0.E0));
#8775=DIRECTION('',(0.E0,1.E0,0.E0));
#8776=AXIS2_PLACEMENT_3D('',#8773,#8774,#8775);
#8777=PLANE('',#8776);
#8778=ORIENTED_EDGE('',*,*,#8503,.F.);
#8779=ORIENTED_EDGE('',*,*,#8686,.F.);
#8781=ORIENTED_EDGE('',*,*,#8780,.T.);
#8782=ORIENTED_EDGE('',*,*,#8734,.T.);
#8783=EDGE_LOOP('',(#8778,#8779,#8781,#8782));
#8784=FACE_OUTER_BOUND('',#8783,.F.);
#8785=ADVANCED_FACE('',(#8784),#8777,.T.);
#8786=CARTESIAN_POINT('',(-9.875E0,-3.49E0,-2.8E-1));
#8787=DIRECTION('',(0.E0,0.E0,1.E0));
#8788=DIRECTION('',(1.E0,0.E0,0.E0));
#8789=AXIS2_PLACEMENT_3D('',#8786,#8787,#8788);
#8790=CYLINDRICAL_SURFACE('',#8789,4.5E-1);
#8791=ORIENTED_EDGE('',*,*,#8684,.F.);
#8793=ORIENTED_EDGE('',*,*,#8792,.T.);
#8794=ORIENTED_EDGE('',*,*,#8736,.T.);
#8795=ORIENTED_EDGE('',*,*,#8780,.F.);
#8796=EDGE_LOOP('',(#8791,#8793,#8794,#8795));
#8797=FACE_OUTER_BOUND('',#8796,.F.);
#8798=ADVANCED_FACE('',(#8797),#8790,.T.);
#8799=CARTESIAN_POINT('',(-1.2825E1,-3.94E0,-2.8E-1));
#8800=DIRECTION('',(0.E0,-1.E0,0.E0));
#8801=DIRECTION('',(1.E0,0.E0,0.E0));
#8802=AXIS2_PLACEMENT_3D('',#8799,#8800,#8801);
#8803=PLANE('',#8802);
#8804=ORIENTED_EDGE('',*,*,#8682,.F.);
#8806=ORIENTED_EDGE('',*,*,#8805,.T.);
#8807=ORIENTED_EDGE('',*,*,#8738,.T.);
#8808=ORIENTED_EDGE('',*,*,#8792,.F.);
#8809=EDGE_LOOP('',(#8804,#8806,#8807,#8808));
#8810=FACE_OUTER_BOUND('',#8809,.F.);
#8811=ADVANCED_FACE('',(#8810),#8803,.T.);
#8812=CARTESIAN_POINT('',(-1.2825E1,-3.59E0,-2.8E-1));
#8813=DIRECTION('',(-1.E0,0.E0,0.E0));
#8814=DIRECTION('',(0.E0,-1.E0,0.E0));
#8815=AXIS2_PLACEMENT_3D('',#8812,#8813,#8814);
#8816=PLANE('',#8815);
#8817=ORIENTED_EDGE('',*,*,#8680,.F.);
#8819=ORIENTED_EDGE('',*,*,#8818,.T.);
#8820=ORIENTED_EDGE('',*,*,#8740,.T.);
#8821=ORIENTED_EDGE('',*,*,#8805,.F.);
#8822=EDGE_LOOP('',(#8817,#8819,#8820,#8821));
#8823=FACE_OUTER_BOUND('',#8822,.F.);
#8824=ADVANCED_FACE('',(#8823),#8816,.T.);
#8825=CARTESIAN_POINT('',(-9.875E0,-3.59E0,-2.8E-1));
#8826=DIRECTION('',(0.E0,1.E0,0.E0));
#8827=DIRECTION('',(-1.E0,0.E0,0.E0));
#8828=AXIS2_PLACEMENT_3D('',#8825,#8826,#8827);
#8829=PLANE('',#8828);
#8830=ORIENTED_EDGE('',*,*,#8678,.F.);
#8832=ORIENTED_EDGE('',*,*,#8831,.T.);
#8833=ORIENTED_EDGE('',*,*,#8742,.T.);
#8834=ORIENTED_EDGE('',*,*,#8818,.F.);
#8835=EDGE_LOOP('',(#8830,#8832,#8833,#8834));
#8836=FACE_OUTER_BOUND('',#8835,.F.);
#8837=ADVANCED_FACE('',(#8836),#8829,.T.);
#8838=CARTESIAN_POINT('',(-9.875E0,-3.49E0,-2.8E-1));
#8839=DIRECTION('',(0.E0,0.E0,1.E0));
#8840=DIRECTION('',(1.E0,0.E0,0.E0));
#8841=AXIS2_PLACEMENT_3D('',#8838,#8839,#8840);
#8842=CYLINDRICAL_SURFACE('',#8841,1.E-1);
#8843=ORIENTED_EDGE('',*,*,#8676,.F.);
#8844=ORIENTED_EDGE('',*,*,#8722,.T.);
#8845=ORIENTED_EDGE('',*,*,#8744,.T.);
#8846=ORIENTED_EDGE('',*,*,#8831,.F.);
#8847=EDGE_LOOP('',(#8843,#8844,#8845,#8846));
#8848=FACE_OUTER_BOUND('',#8847,.F.);
#8849=ADVANCED_FACE('',(#8848),#8842,.F.);
#8850=CARTESIAN_POINT('',(9.775E0,-3.49E0,-2.8E-1));
#8851=DIRECTION('',(1.E0,0.E0,0.E0));
#8852=DIRECTION('',(0.E0,1.E0,0.E0));
#8853=AXIS2_PLACEMENT_3D('',#8850,#8851,#8852);
#8854=PLANE('',#8853);
#8855=ORIENTED_EDGE('',*,*,#8513,.F.);
#8856=ORIENTED_EDGE('',*,*,#8709,.F.);
#8858=ORIENTED_EDGE('',*,*,#8857,.T.);
#8859=ORIENTED_EDGE('',*,*,#8756,.T.);
#8860=EDGE_LOOP('',(#8855,#8856,#8858,#8859));
#8861=FACE_OUTER_BOUND('',#8860,.F.);
#8862=ADVANCED_FACE('',(#8861),#8854,.T.);
#8863=CARTESIAN_POINT('',(9.875E0,-3.49E0,-2.8E-1));
#8864=DIRECTION('',(0.E0,0.E0,1.E0));
#8865=DIRECTION('',(1.E0,0.E0,0.E0));
#8866=AXIS2_PLACEMENT_3D('',#8863,#8864,#8865);
#8867=CYLINDRICAL_SURFACE('',#8866,1.E-1);
#8868=ORIENTED_EDGE('',*,*,#8707,.F.);
#8870=ORIENTED_EDGE('',*,*,#8869,.T.);
#8871=ORIENTED_EDGE('',*,*,#8758,.T.);
#8872=ORIENTED_EDGE('',*,*,#8857,.F.);
#8873=EDGE_LOOP('',(#8868,#8870,#8871,#8872));
#8874=FACE_OUTER_BOUND('',#8873,.F.);
#8875=ADVANCED_FACE('',(#8874),#8867,.F.);
#8876=CARTESIAN_POINT('',(1.2825E1,-3.59E0,-2.8E-1));
#8877=DIRECTION('',(0.E0,1.E0,0.E0));
#8878=DIRECTION('',(-1.E0,0.E0,0.E0));
#8879=AXIS2_PLACEMENT_3D('',#8876,#8877,#8878);
#8880=PLANE('',#8879);
#8881=ORIENTED_EDGE('',*,*,#8705,.F.);
#8883=ORIENTED_EDGE('',*,*,#8882,.T.);
#8884=ORIENTED_EDGE('',*,*,#8760,.T.);
#8885=ORIENTED_EDGE('',*,*,#8869,.F.);
#8886=EDGE_LOOP('',(#8881,#8883,#8884,#8885));
#8887=FACE_OUTER_BOUND('',#8886,.F.);
#8888=ADVANCED_FACE('',(#8887),#8880,.T.);
#8889=CARTESIAN_POINT('',(1.2825E1,-3.94E0,-2.8E-1));
#8890=DIRECTION('',(1.E0,0.E0,0.E0));
#8891=DIRECTION('',(0.E0,1.E0,0.E0));
#8892=AXIS2_PLACEMENT_3D('',#8889,#8890,#8891);
#8893=PLANE('',#8892);
#8894=ORIENTED_EDGE('',*,*,#8703,.F.);
#8896=ORIENTED_EDGE('',*,*,#8895,.T.);
#8897=ORIENTED_EDGE('',*,*,#8762,.T.);
#8898=ORIENTED_EDGE('',*,*,#8882,.F.);
#8899=EDGE_LOOP('',(#8894,#8896,#8897,#8898));
#8900=FACE_OUTER_BOUND('',#8899,.F.);
#8901=ADVANCED_FACE('',(#8900),#8893,.T.);
#8902=CARTESIAN_POINT('',(9.875E0,-3.94E0,-2.8E-1));
#8903=DIRECTION('',(0.E0,-1.E0,0.E0));
#8904=DIRECTION('',(1.E0,0.E0,0.E0));
#8905=AXIS2_PLACEMENT_3D('',#8902,#8903,#8904);
#8906=PLANE('',#8905);
#8907=ORIENTED_EDGE('',*,*,#8701,.F.);
#8909=ORIENTED_EDGE('',*,*,#8908,.T.);
#8910=ORIENTED_EDGE('',*,*,#8764,.T.);
#8911=ORIENTED_EDGE('',*,*,#8895,.F.);
#8912=EDGE_LOOP('',(#8907,#8909,#8910,#8911));
#8913=FACE_OUTER_BOUND('',#8912,.F.);
#8914=ADVANCED_FACE('',(#8913),#8906,.T.);
#8915=CARTESIAN_POINT('',(9.875E0,-3.49E0,-2.8E-1));
#8916=DIRECTION('',(0.E0,0.E0,1.E0));
#8917=DIRECTION('',(1.E0,0.E0,0.E0));
#8918=AXIS2_PLACEMENT_3D('',#8915,#8916,#8917);
#8919=CYLINDRICAL_SURFACE('',#8918,4.5E-1);
#8920=ORIENTED_EDGE('',*,*,#8699,.F.);
#8922=ORIENTED_EDGE('',*,*,#8921,.T.);
#8923=ORIENTED_EDGE('',*,*,#8766,.T.);
#8924=ORIENTED_EDGE('',*,*,#8908,.F.);
#8925=EDGE_LOOP('',(#8920,#8922,#8923,#8924));
#8926=FACE_OUTER_BOUND('',#8925,.F.);
#8927=ADVANCED_FACE('',(#8926),#8919,.T.);
#8928=CARTESIAN_POINT('',(9.425E0,-3.43E0,-2.8E-1));
#8929=DIRECTION('',(-1.E0,0.E0,0.E0));
#8930=DIRECTION('',(0.E0,-1.E0,0.E0));
#8931=AXIS2_PLACEMENT_3D('',#8928,#8929,#8930);
#8932=PLANE('',#8931);
#8933=ORIENTED_EDGE('',*,*,#8517,.T.);
#8934=ORIENTED_EDGE('',*,*,#8768,.T.);
#8935=ORIENTED_EDGE('',*,*,#8921,.F.);
#8936=ORIENTED_EDGE('',*,*,#8697,.F.);
#8937=EDGE_LOOP('',(#8933,#8934,#8935,#8936));
#8938=FACE_OUTER_BOUND('',#8937,.F.);
#8939=ADVANCED_FACE('',(#8938),#8932,.T.);
#8940=CARTESIAN_POINT('',(-9.974428104193E0,-3.41E0,-3.2271176E1));
#8941=DIRECTION('',(0.E0,0.E0,1.E0));
#8942=DIRECTION('',(0.E0,-1.E0,0.E0));
#8943=AXIS2_PLACEMENT_3D('',#8940,#8941,#8942);
#8944=CYLINDRICAL_SURFACE('',#8943,3.5E-1);
#8946=ORIENTED_EDGE('',*,*,#8945,.T.);
#8947=ORIENTED_EDGE('',*,*,#8419,.F.);
#8949=ORIENTED_EDGE('',*,*,#8948,.T.);
#8951=ORIENTED_EDGE('',*,*,#8950,.T.);
#8952=EDGE_LOOP('',(#8946,#8947,#8949,#8951));
#8953=FACE_OUTER_BOUND('',#8952,.F.);
#8954=ADVANCED_FACE('',(#8953),#8944,.T.);
#8955=CARTESIAN_POINT('',(-9.625E0,-3.43E0,-2.435E0));
#8956=DIRECTION('',(0.E0,0.E0,1.E0));
#8957=DIRECTION('',(-1.E0,0.E0,0.E0));
#8958=AXIS2_PLACEMENT_3D('',#8955,#8956,#8957);
#8959=PLANE('',#8958);
#8961=ORIENTED_EDGE('',*,*,#8960,.T.);
#8963=ORIENTED_EDGE('',*,*,#8962,.F.);
#8965=ORIENTED_EDGE('',*,*,#8964,.F.);
#8966=ORIENTED_EDGE('',*,*,#8421,.T.);
#8967=ORIENTED_EDGE('',*,*,#8945,.F.);
#8968=EDGE_LOOP('',(#8961,#8963,#8965,#8966,#8967));
#8969=FACE_OUTER_BOUND('',#8968,.F.);
#8970=ADVANCED_FACE('',(#8969),#8959,.T.);
#8971=CARTESIAN_POINT('',(-1.0825E1,-3.76E0,0.E0));
#8972=DIRECTION('',(0.E0,-1.E0,0.E0));
#8973=DIRECTION('',(-1.E0,0.E0,0.E0));
#8974=AXIS2_PLACEMENT_3D('',#8971,#8972,#8973);
#8975=PLANE('',#8974);
#8976=ORIENTED_EDGE('',*,*,#8960,.F.);
#8977=ORIENTED_EDGE('',*,*,#8950,.F.);
#8979=ORIENTED_EDGE('',*,*,#8978,.F.);
#8981=ORIENTED_EDGE('',*,*,#8980,.F.);
#8982=EDGE_LOOP('',(#8976,#8977,#8979,#8981));
#8983=FACE_OUTER_BOUND('',#8982,.F.);
#8984=ADVANCED_FACE('',(#8983),#8975,.T.);
#8985=CARTESIAN_POINT('',(-1.0825E1,-3.76E0,0.E0));
#8986=DIRECTION('',(0.E0,-1.E0,0.E0));
#8987=DIRECTION('',(-1.E0,0.E0,0.E0));
#8988=AXIS2_PLACEMENT_3D('',#8985,#8986,#8987);
#8989=PLANE('',#8988);
#8991=ORIENTED_EDGE('',*,*,#8990,.F.);
#8993=ORIENTED_EDGE('',*,*,#8992,.F.);
#8995=ORIENTED_EDGE('',*,*,#8994,.F.);
#8997=ORIENTED_EDGE('',*,*,#8996,.F.);
#8998=EDGE_LOOP('',(#8991,#8993,#8995,#8997));
#8999=FACE_OUTER_BOUND('',#8998,.F.);
#9000=ADVANCED_FACE('',(#8999),#8989,.T.);
#9001=CARTESIAN_POINT('',(-1.0735E1,-3.43E0,-3.075E0));
#9002=DIRECTION('',(0.E0,0.E0,-1.E0));
#9003=DIRECTION('',(1.E0,0.E0,0.E0));
#9004=AXIS2_PLACEMENT_3D('',#9001,#9002,#9003);
#9005=PLANE('',#9004);
#9006=ORIENTED_EDGE('',*,*,#8978,.T.);
#9007=ORIENTED_EDGE('',*,*,#8948,.F.);
#9008=ORIENTED_EDGE('',*,*,#8487,.F.);
#9010=ORIENTED_EDGE('',*,*,#9009,.F.);
#9012=ORIENTED_EDGE('',*,*,#9011,.T.);
#9013=EDGE_LOOP('',(#9006,#9007,#9008,#9010,#9012));
#9014=FACE_OUTER_BOUND('',#9013,.F.);
#9015=ADVANCED_FACE('',(#9014),#9005,.T.);
#9016=CARTESIAN_POINT('',(-1.0825E1,-3.43E0,0.E0));
#9017=DIRECTION('',(0.E0,-1.E0,0.E0));
#9018=DIRECTION('',(-1.E0,0.E0,0.E0));
#9019=AXIS2_PLACEMENT_3D('',#9016,#9017,#9018);
#9020=PLANE('',#9019);
#9022=ORIENTED_EDGE('',*,*,#9021,.F.);
#9023=ORIENTED_EDGE('',*,*,#8964,.T.);
#9025=ORIENTED_EDGE('',*,*,#9024,.T.);
#9026=ORIENTED_EDGE('',*,*,#9009,.T.);
#9027=EDGE_LOOP('',(#9022,#9023,#9025,#9026));
#9028=FACE_OUTER_BOUND('',#9027,.F.);
#9029=ADVANCED_FACE('',(#9028),#9020,.F.);
#9030=CARTESIAN_POINT('',(-1.0825E1,-3.43E0,0.E0));
#9031=DIRECTION('',(0.E0,-1.E0,0.E0));
#9032=DIRECTION('',(-1.E0,0.E0,0.E0));
#9033=AXIS2_PLACEMENT_3D('',#9030,#9031,#9032);
#9034=PLANE('',#9033);
#9036=ORIENTED_EDGE('',*,*,#9035,.T.);
#9038=ORIENTED_EDGE('',*,*,#9037,.T.);
#9040=ORIENTED_EDGE('',*,*,#9039,.T.);
#9042=ORIENTED_EDGE('',*,*,#9041,.T.);
#9043=EDGE_LOOP('',(#9036,#9038,#9040,#9042));
#9044=FACE_OUTER_BOUND('',#9043,.F.);
#9045=ADVANCED_FACE('',(#9044),#9034,.F.);
#9046=CARTESIAN_POINT('',(-9.875E0,-3.43E0,4.955E0));
#9047=DIRECTION('',(4.657464328326E-1,8.849182223820E-1,0.E0));
#9048=DIRECTION('',(-8.849182223820E-1,4.657464328326E-1,0.E0));
#9049=AXIS2_PLACEMENT_3D('',#9046,#9047,#9048);
#9050=PLANE('',#9049);
#9051=ORIENTED_EDGE('',*,*,#9021,.T.);
#9052=ORIENTED_EDGE('',*,*,#8485,.T.);
#9053=ORIENTED_EDGE('',*,*,#8209,.T.);
#9055=ORIENTED_EDGE('',*,*,#9054,.F.);
#9057=ORIENTED_EDGE('',*,*,#9056,.T.);
#9058=ORIENTED_EDGE('',*,*,#8423,.T.);
#9059=EDGE_LOOP('',(#9051,#9052,#9053,#9055,#9057,#9058));
#9060=FACE_OUTER_BOUND('',#9059,.F.);
#9061=ADVANCED_FACE('',(#9060),#9050,.F.);
#9062=CARTESIAN_POINT('',(-1.0825E1,0.E0,0.E0));
#9063=DIRECTION('',(1.E0,0.E0,0.E0));
#9064=DIRECTION('',(0.E0,0.E0,-1.E0));
#9065=AXIS2_PLACEMENT_3D('',#9062,#9063,#9064);
#9066=PLANE('',#9065);
#9068=ORIENTED_EDGE('',*,*,#9067,.F.);
#9070=ORIENTED_EDGE('',*,*,#9069,.F.);
#9072=ORIENTED_EDGE('',*,*,#9071,.T.);
#9073=ORIENTED_EDGE('',*,*,#9054,.T.);
#9074=ORIENTED_EDGE('',*,*,#8207,.T.);
#9075=ORIENTED_EDGE('',*,*,#8036,.T.);
#9077=ORIENTED_EDGE('',*,*,#9076,.T.);
#9079=ORIENTED_EDGE('',*,*,#9078,.F.);
#9081=ORIENTED_EDGE('',*,*,#9080,.T.);
#9083=ORIENTED_EDGE('',*,*,#9082,.F.);
#9085=ORIENTED_EDGE('',*,*,#9084,.F.);
#9087=ORIENTED_EDGE('',*,*,#9086,.F.);
#9089=ORIENTED_EDGE('',*,*,#9088,.F.);
#9091=ORIENTED_EDGE('',*,*,#9090,.F.);
#9092=EDGE_LOOP('',(#9068,#9070,#9072,#9073,#9074,#9075,#9077,#9079,#9081,#9083,
#9085,#9087,#9089,#9091));
#9093=FACE_OUTER_BOUND('',#9092,.F.);
#9094=ADVANCED_FACE('',(#9093),#9066,.F.);
#9095=CARTESIAN_POINT('',(-1.1325E1,-1.1E0,3.305E0));
#9096=DIRECTION('',(0.E0,1.E0,0.E0));
#9097=DIRECTION('',(0.E0,0.E0,-1.E0));
#9098=AXIS2_PLACEMENT_3D('',#9095,#9096,#9097);
#9099=PLANE('',#9098);
#9100=ORIENTED_EDGE('',*,*,#9067,.T.);
#9102=ORIENTED_EDGE('',*,*,#9101,.T.);
#9104=ORIENTED_EDGE('',*,*,#9103,.F.);
#9106=ORIENTED_EDGE('',*,*,#9105,.T.);
#9107=EDGE_LOOP('',(#9100,#9102,#9104,#9106));
#9108=FACE_OUTER_BOUND('',#9107,.F.);
#9109=ADVANCED_FACE('',(#9108),#9099,.T.);
#9110=CARTESIAN_POINT('',(-1.1325E1,-1.1E0,-1.95E-1));
#9111=DIRECTION('',(0.E0,0.E0,1.E0));
#9112=DIRECTION('',(0.E0,1.E0,0.E0));
#9113=AXIS2_PLACEMENT_3D('',#9110,#9111,#9112);
#9114=PLANE('',#9113);
#9115=ORIENTED_EDGE('',*,*,#9090,.T.);
#9117=ORIENTED_EDGE('',*,*,#9116,.T.);
#9119=ORIENTED_EDGE('',*,*,#9118,.F.);
#9120=ORIENTED_EDGE('',*,*,#9101,.F.);
#9121=EDGE_LOOP('',(#9115,#9117,#9119,#9120));
#9122=FACE_OUTER_BOUND('',#9121,.F.);
#9123=ADVANCED_FACE('',(#9122),#9114,.T.);
#9124=CARTESIAN_POINT('',(-1.1325E1,-5.75E-1,-1.95E-1));
#9125=DIRECTION('',(0.E0,1.E0,0.E0));
#9126=DIRECTION('',(0.E0,0.E0,-1.E0));
#9127=AXIS2_PLACEMENT_3D('',#9124,#9125,#9126);
#9128=PLANE('',#9127);
#9130=ORIENTED_EDGE('',*,*,#9129,.T.);
#9132=ORIENTED_EDGE('',*,*,#9131,.T.);
#9134=ORIENTED_EDGE('',*,*,#9133,.T.);
#9136=ORIENTED_EDGE('',*,*,#9135,.F.);
#9137=ORIENTED_EDGE('',*,*,#9116,.F.);
#9138=ORIENTED_EDGE('',*,*,#9088,.T.);
#9139=EDGE_LOOP('',(#9130,#9132,#9134,#9136,#9137,#9138));
#9140=FACE_OUTER_BOUND('',#9139,.F.);
#9141=ADVANCED_FACE('',(#9140),#9128,.T.);
#9142=CARTESIAN_POINT('',(-1.1325E1,-5.75E-1,-2.695E0));
#9143=DIRECTION('',(0.E0,0.E0,1.E0));
#9144=DIRECTION('',(0.E0,1.E0,0.E0));
#9145=AXIS2_PLACEMENT_3D('',#9142,#9143,#9144);
#9146=PLANE('',#9145);
#9148=ORIENTED_EDGE('',*,*,#9147,.T.);
#9150=ORIENTED_EDGE('',*,*,#9149,.T.);
#9152=ORIENTED_EDGE('',*,*,#9151,.T.);
#9154=ORIENTED_EDGE('',*,*,#9153,.T.);
#9156=ORIENTED_EDGE('',*,*,#9155,.F.);
#9157=ORIENTED_EDGE('',*,*,#9129,.F.);
#9158=ORIENTED_EDGE('',*,*,#9086,.T.);
#9160=ORIENTED_EDGE('',*,*,#9159,.T.);
#9161=EDGE_LOOP('',(#9148,#9150,#9152,#9154,#9156,#9157,#9158,#9160));
#9162=FACE_OUTER_BOUND('',#9161,.F.);
#9163=ADVANCED_FACE('',(#9162),#9146,.T.);
#9164=CARTESIAN_POINT('',(-9.825E0,5.75E-1,-2.695E0));
#9165=DIRECTION('',(-1.E0,0.E0,0.E0));
#9166=DIRECTION('',(0.E0,-1.E0,0.E0));
#9167=AXIS2_PLACEMENT_3D('',#9164,#9165,#9166);
#9168=PLANE('',#9167);
#9169=ORIENTED_EDGE('',*,*,#9147,.F.);
#9171=ORIENTED_EDGE('',*,*,#9170,.T.);
#9173=ORIENTED_EDGE('',*,*,#9172,.T.);
#9175=ORIENTED_EDGE('',*,*,#9174,.F.);
#9176=EDGE_LOOP('',(#9169,#9171,#9173,#9175));
#9177=FACE_OUTER_BOUND('',#9176,.F.);
#9178=ADVANCED_FACE('',(#9177),#9168,.F.);
#9179=CARTESIAN_POINT('',(-1.1325E1,5.75E-1,-2.695E0));
#9180=DIRECTION('',(0.E0,-1.E0,0.E0));
#9181=DIRECTION('',(0.E0,0.E0,1.E0));
#9182=AXIS2_PLACEMENT_3D('',#9179,#9180,#9181);
#9183=PLANE('',#9182);
#9185=ORIENTED_EDGE('',*,*,#9184,.T.);
#9187=ORIENTED_EDGE('',*,*,#9186,.T.);
#9188=ORIENTED_EDGE('',*,*,#9170,.F.);
#9189=ORIENTED_EDGE('',*,*,#9159,.F.);
#9190=ORIENTED_EDGE('',*,*,#9084,.T.);
#9192=ORIENTED_EDGE('',*,*,#9191,.T.);
#9193=EDGE_LOOP('',(#9185,#9187,#9188,#9189,#9190,#9192));
#9194=FACE_OUTER_BOUND('',#9193,.F.);
#9195=ADVANCED_FACE('',(#9194),#9183,.T.);
#9196=CARTESIAN_POINT('',(-9.425E0,2.68E0,4.955E0));
#9197=DIRECTION('',(1.E0,0.E0,0.E0));
#9198=DIRECTION('',(0.E0,0.E0,-1.E0));
#9199=AXIS2_PLACEMENT_3D('',#9196,#9197,#9198);
#9200=PLANE('',#9199);
#9201=ORIENTED_EDGE('',*,*,#9135,.T.);
#9203=ORIENTED_EDGE('',*,*,#9202,.T.);
#9204=ORIENTED_EDGE('',*,*,#9184,.F.);
#9206=ORIENTED_EDGE('',*,*,#9205,.T.);
#9208=ORIENTED_EDGE('',*,*,#9207,.T.);
#9210=ORIENTED_EDGE('',*,*,#9209,.F.);
#9212=ORIENTED_EDGE('',*,*,#9211,.F.);
#9214=ORIENTED_EDGE('',*,*,#9213,.F.);
#9216=ORIENTED_EDGE('',*,*,#9215,.T.);
#9218=ORIENTED_EDGE('',*,*,#9217,.F.);
#9219=ORIENTED_EDGE('',*,*,#9103,.T.);
#9220=ORIENTED_EDGE('',*,*,#9118,.T.);
#9221=EDGE_LOOP('',(#9201,#9203,#9204,#9206,#9208,#9210,#9212,#9214,#9216,#9218,
#9219,#9220));
#9222=FACE_OUTER_BOUND('',#9221,.F.);
#9223=ADVANCED_FACE('',(#9222),#9200,.F.);
#9224=CARTESIAN_POINT('',(1.1325E1,-5.75E-1,-2.945E0));
#9225=DIRECTION('',(0.E0,0.E0,1.E0));
#9226=DIRECTION('',(1.E0,0.E0,0.E0));
#9227=AXIS2_PLACEMENT_3D('',#9224,#9225,#9226);
#9228=PLANE('',#9227);
#9230=ORIENTED_EDGE('',*,*,#9229,.F.);
#9232=ORIENTED_EDGE('',*,*,#9231,.F.);
#9234=ORIENTED_EDGE('',*,*,#9233,.F.);
#9236=ORIENTED_EDGE('',*,*,#9235,.F.);
#9238=ORIENTED_EDGE('',*,*,#9237,.F.);
#9240=ORIENTED_EDGE('',*,*,#9239,.F.);
#9242=ORIENTED_EDGE('',*,*,#9241,.F.);
#9244=ORIENTED_EDGE('',*,*,#9243,.F.);
#9245=EDGE_LOOP('',(#9230,#9232,#9234,#9236,#9238,#9240,#9242,#9244));
#9246=FACE_OUTER_BOUND('',#9245,.F.);
#9247=ADVANCED_FACE('',(#9246),#9228,.T.);
#9248=CARTESIAN_POINT('',(1.1325E1,-5.75E-1,-2.945E0));
#9249=DIRECTION('',(0.E0,0.E0,1.E0));
#9250=DIRECTION('',(1.E0,0.E0,0.E0));
#9251=AXIS2_PLACEMENT_3D('',#9248,#9249,#9250);
#9252=PLANE('',#9251);
#9253=ORIENTED_EDGE('',*,*,#9172,.F.);
#9254=ORIENTED_EDGE('',*,*,#9186,.F.);
#9255=ORIENTED_EDGE('',*,*,#9202,.F.);
#9256=ORIENTED_EDGE('',*,*,#9133,.F.);
#9258=ORIENTED_EDGE('',*,*,#9257,.F.);
#9260=ORIENTED_EDGE('',*,*,#9259,.F.);
#9262=ORIENTED_EDGE('',*,*,#9261,.F.);
#9264=ORIENTED_EDGE('',*,*,#9263,.F.);
#9265=EDGE_LOOP('',(#9253,#9254,#9255,#9256,#9258,#9260,#9262,#9264));
#9266=FACE_OUTER_BOUND('',#9265,.F.);
#9267=ADVANCED_FACE('',(#9266),#9252,.T.);
#9268=CARTESIAN_POINT('',(1.1325E1,5.75E-1,-2.695E0));
#9269=DIRECTION('',(0.E0,1.E0,0.E0));
#9270=DIRECTION('',(0.E0,0.E0,1.E0));
#9271=AXIS2_PLACEMENT_3D('',#9268,#9269,#9270);
#9272=PLANE('',#9271);
#9274=ORIENTED_EDGE('',*,*,#9273,.T.);
#9276=ORIENTED_EDGE('',*,*,#9275,.T.);
#9277=ORIENTED_EDGE('',*,*,#9229,.T.);
#9279=ORIENTED_EDGE('',*,*,#9278,.F.);
#9281=ORIENTED_EDGE('',*,*,#9280,.F.);
#9283=ORIENTED_EDGE('',*,*,#9282,.F.);
#9284=EDGE_LOOP('',(#9274,#9276,#9277,#9279,#9281,#9283));
#9285=FACE_OUTER_BOUND('',#9284,.F.);
#9286=ADVANCED_FACE('',(#9285),#9272,.F.);
#9287=CARTESIAN_POINT('',(1.1325E1,-5.75E-1,-2.695E0));
#9288=DIRECTION('',(0.E0,0.E0,-1.E0));
#9289=DIRECTION('',(0.E0,1.E0,0.E0));
#9290=AXIS2_PLACEMENT_3D('',#9287,#9288,#9289);
#9291=PLANE('',#9290);
#9293=ORIENTED_EDGE('',*,*,#9292,.T.);
#9295=ORIENTED_EDGE('',*,*,#9294,.T.);
#9297=ORIENTED_EDGE('',*,*,#9296,.T.);
#9299=ORIENTED_EDGE('',*,*,#9298,.T.);
#9301=ORIENTED_EDGE('',*,*,#9300,.F.);
#9302=ORIENTED_EDGE('',*,*,#9273,.F.);
#9304=ORIENTED_EDGE('',*,*,#9303,.F.);
#9306=ORIENTED_EDGE('',*,*,#9305,.T.);
#9307=EDGE_LOOP('',(#9293,#9295,#9297,#9299,#9301,#9302,#9304,#9306));
#9308=FACE_OUTER_BOUND('',#9307,.F.);
#9309=ADVANCED_FACE('',(#9308),#9291,.F.);
#9310=CARTESIAN_POINT('',(9.825E0,-5.75E-1,-2.695E0));
#9311=DIRECTION('',(1.E0,0.E0,0.E0));
#9312=DIRECTION('',(0.E0,1.E0,0.E0));
#9313=AXIS2_PLACEMENT_3D('',#9310,#9311,#9312);
#9314=PLANE('',#9313);
#9315=ORIENTED_EDGE('',*,*,#9292,.F.);
#9317=ORIENTED_EDGE('',*,*,#9316,.T.);
#9318=ORIENTED_EDGE('',*,*,#9239,.T.);
#9320=ORIENTED_EDGE('',*,*,#9319,.F.);
#9321=EDGE_LOOP('',(#9315,#9317,#9318,#9320));
#9322=FACE_OUTER_BOUND('',#9321,.F.);
#9323=ADVANCED_FACE('',(#9322),#9314,.F.);
#9324=CARTESIAN_POINT('',(1.1325E1,-5.75E-1,-1.95E-1));
#9325=DIRECTION('',(0.E0,-1.E0,0.E0));
#9326=DIRECTION('',(0.E0,0.E0,-1.E0));
#9327=AXIS2_PLACEMENT_3D('',#9324,#9325,#9326);
#9328=PLANE('',#9327);
#9330=ORIENTED_EDGE('',*,*,#9329,.T.);
#9331=ORIENTED_EDGE('',*,*,#9241,.T.);
#9332=ORIENTED_EDGE('',*,*,#9316,.F.);
#9333=ORIENTED_EDGE('',*,*,#9305,.F.);
#9335=ORIENTED_EDGE('',*,*,#9334,.F.);
#9337=ORIENTED_EDGE('',*,*,#9336,.T.);
#9338=EDGE_LOOP('',(#9330,#9331,#9332,#9333,#9335,#9337));
#9339=FACE_OUTER_BOUND('',#9338,.F.);
#9340=ADVANCED_FACE('',(#9339),#9328,.F.);
#9341=CARTESIAN_POINT('',(9.425E0,2.68E0,3.305E0));
#9342=DIRECTION('',(-1.E0,0.E0,0.E0));
#9343=DIRECTION('',(0.E0,0.E0,1.E0));
#9344=AXIS2_PLACEMENT_3D('',#9341,#9342,#9343);
#9345=PLANE('',#9344);
#9346=ORIENTED_EDGE('',*,*,#9278,.T.);
#9347=ORIENTED_EDGE('',*,*,#9243,.T.);
#9348=ORIENTED_EDGE('',*,*,#9329,.F.);
#9350=ORIENTED_EDGE('',*,*,#9349,.F.);
#9352=ORIENTED_EDGE('',*,*,#9351,.F.);
#9354=ORIENTED_EDGE('',*,*,#9353,.T.);
#9356=ORIENTED_EDGE('',*,*,#9355,.T.);
#9358=ORIENTED_EDGE('',*,*,#9357,.T.);
#9360=ORIENTED_EDGE('',*,*,#9359,.F.);
#9362=ORIENTED_EDGE('',*,*,#9361,.T.);
#9364=ORIENTED_EDGE('',*,*,#9363,.F.);
#9366=ORIENTED_EDGE('',*,*,#9365,.F.);
#9367=EDGE_LOOP('',(#9346,#9347,#9348,#9350,#9352,#9354,#9356,#9358,#9360,#9362,
#9364,#9366));
#9368=FACE_OUTER_BOUND('',#9367,.F.);
#9369=ADVANCED_FACE('',(#9368),#9345,.F.);
#9370=CARTESIAN_POINT('',(1.1325E1,-1.1E0,-1.95E-1));
#9371=DIRECTION('',(0.E0,0.E0,-1.E0));
#9372=DIRECTION('',(0.E0,1.E0,0.E0));
#9373=AXIS2_PLACEMENT_3D('',#9370,#9371,#9372);
#9374=PLANE('',#9373);
#9376=ORIENTED_EDGE('',*,*,#9375,.F.);
#9378=ORIENTED_EDGE('',*,*,#9377,.T.);
#9379=ORIENTED_EDGE('',*,*,#9349,.T.);
#9380=ORIENTED_EDGE('',*,*,#9336,.F.);
#9381=EDGE_LOOP('',(#9376,#9378,#9379,#9380));
#9382=FACE_OUTER_BOUND('',#9381,.F.);
#9383=ADVANCED_FACE('',(#9382),#9374,.F.);
#9384=CARTESIAN_POINT('',(1.0825E1,0.E0,0.E0));
#9385=DIRECTION('',(1.E0,0.E0,0.E0));
#9386=DIRECTION('',(0.E0,0.E0,-1.E0));
#9387=AXIS2_PLACEMENT_3D('',#9384,#9385,#9386);
#9388=PLANE('',#9387);
#9390=ORIENTED_EDGE('',*,*,#9389,.T.);
#9391=ORIENTED_EDGE('',*,*,#9375,.T.);
#9392=ORIENTED_EDGE('',*,*,#9334,.T.);
#9393=ORIENTED_EDGE('',*,*,#9303,.T.);
#9394=ORIENTED_EDGE('',*,*,#9282,.T.);
#9396=ORIENTED_EDGE('',*,*,#9395,.T.);
#9398=ORIENTED_EDGE('',*,*,#9397,.F.);
#9400=ORIENTED_EDGE('',*,*,#9399,.T.);
#9402=ORIENTED_EDGE('',*,*,#9401,.F.);
#9403=ORIENTED_EDGE('',*,*,#8028,.F.);
#9404=ORIENTED_EDGE('',*,*,#8187,.F.);
#9406=ORIENTED_EDGE('',*,*,#9405,.F.);
#9408=ORIENTED_EDGE('',*,*,#9407,.F.);
#9410=ORIENTED_EDGE('',*,*,#9409,.T.);
#9411=EDGE_LOOP('',(#9390,#9391,#9392,#9393,#9394,#9396,#9398,#9400,#9402,#9403,
#9404,#9406,#9408,#9410));
#9412=FACE_OUTER_BOUND('',#9411,.F.);
#9414=ORIENTED_EDGE('',*,*,#9413,.T.);
#9416=ORIENTED_EDGE('',*,*,#9415,.T.);
#9418=ORIENTED_EDGE('',*,*,#9417,.T.);
#9420=ORIENTED_EDGE('',*,*,#9419,.T.);
#9422=ORIENTED_EDGE('',*,*,#9421,.T.);
#9424=ORIENTED_EDGE('',*,*,#9423,.T.);
#9426=ORIENTED_EDGE('',*,*,#9425,.T.);
#9427=EDGE_LOOP('',(#9414,#9416,#9418,#9420,#9422,#9424,#9426));
#9428=FACE_BOUND('',#9427,.F.);
#9429=ADVANCED_FACE('',(#9412,#9428),#9388,.T.);
#9430=CARTESIAN_POINT('',(1.1325E1,-1.1E0,3.305E0));
#9431=DIRECTION('',(0.E0,-1.E0,0.E0));
#9432=DIRECTION('',(0.E0,0.E0,-1.E0));
#9433=AXIS2_PLACEMENT_3D('',#9430,#9431,#9432);
#9434=PLANE('',#9433);
#9435=ORIENTED_EDGE('',*,*,#9389,.F.);
#9437=ORIENTED_EDGE('',*,*,#9436,.T.);
#9438=ORIENTED_EDGE('',*,*,#9351,.T.);
#9439=ORIENTED_EDGE('',*,*,#9377,.F.);
#9440=EDGE_LOOP('',(#9435,#9437,#9438,#9439));
#9441=FACE_OUTER_BOUND('',#9440,.F.);
#9442=ADVANCED_FACE('',(#9441),#9434,.F.);
#9443=CARTESIAN_POINT('',(1.0825E1,2.68E0,3.305E0));
#9444=DIRECTION('',(0.E0,0.E0,-1.E0));
#9445=DIRECTION('',(-1.E0,0.E0,0.E0));
#9446=AXIS2_PLACEMENT_3D('',#9443,#9444,#9445);
#9447=PLANE('',#9446);
#9448=ORIENTED_EDGE('',*,*,#9436,.F.);
#9449=ORIENTED_EDGE('',*,*,#9409,.F.);
#9451=ORIENTED_EDGE('',*,*,#9450,.T.);
#9452=ORIENTED_EDGE('',*,*,#9353,.F.);
#9453=EDGE_LOOP('',(#9448,#9449,#9451,#9452));
#9454=FACE_OUTER_BOUND('',#9453,.F.);
#9455=ADVANCED_FACE('',(#9454),#9447,.F.);
#9456=CARTESIAN_POINT('',(1.0825E1,2.68E0,3.305E0));
#9457=DIRECTION('',(0.E0,0.E0,-1.E0));
#9458=DIRECTION('',(-1.E0,0.E0,0.E0));
#9459=AXIS2_PLACEMENT_3D('',#9456,#9457,#9458);
#9460=PLANE('',#9459);
#9462=ORIENTED_EDGE('',*,*,#9461,.T.);
#9463=ORIENTED_EDGE('',*,*,#9361,.F.);
#9465=ORIENTED_EDGE('',*,*,#9464,.F.);
#9466=ORIENTED_EDGE('',*,*,#9399,.F.);
#9467=EDGE_LOOP('',(#9462,#9463,#9465,#9466));
#9468=FACE_OUTER_BOUND('',#9467,.F.);
#9469=ADVANCED_FACE('',(#9468),#9460,.F.);
#9470=CARTESIAN_POINT('',(0.E0,-2.41E0,0.E0));
#9471=DIRECTION('',(0.E0,1.E0,0.E0));
#9472=DIRECTION('',(1.E0,0.E0,0.E0));
#9473=AXIS2_PLACEMENT_3D('',#9470,#9471,#9472);
#9474=PLANE('',#9473);
#9476=ORIENTED_EDGE('',*,*,#9475,.T.);
#9477=ORIENTED_EDGE('',*,*,#9355,.F.);
#9478=ORIENTED_EDGE('',*,*,#9450,.F.);
#9479=EDGE_LOOP('',(#9476,#9477,#9478));
#9480=FACE_OUTER_BOUND('',#9479,.F.);
#9481=ADVANCED_FACE('',(#9480),#9474,.T.);
#9482=CARTESIAN_POINT('',(0.E0,-2.41E0,0.E0));
#9483=DIRECTION('',(0.E0,1.E0,0.E0));
#9484=DIRECTION('',(1.E0,0.E0,0.E0));
#9485=AXIS2_PLACEMENT_3D('',#9482,#9483,#9484);
#9486=PLANE('',#9485);
#9488=ORIENTED_EDGE('',*,*,#9487,.T.);
#9490=ORIENTED_EDGE('',*,*,#9489,.F.);
#9491=ORIENTED_EDGE('',*,*,#9215,.F.);
#9492=EDGE_LOOP('',(#9488,#9490,#9491));
#9493=FACE_OUTER_BOUND('',#9492,.F.);
#9494=ADVANCED_FACE('',(#9493),#9486,.T.);
#9495=CARTESIAN_POINT('',(1.0825E1,3.43E0,3.305E0));
#9496=DIRECTION('',(-7.625091353728E-1,0.E0,-6.469774481951E-1));
#9497=DIRECTION('',(-6.469774481951E-1,0.E0,7.625091353728E-1));
#9498=AXIS2_PLACEMENT_3D('',#9495,#9496,#9497);
#9499=PLANE('',#9498);
#9501=ORIENTED_EDGE('',*,*,#9500,.T.);
#9503=ORIENTED_EDGE('',*,*,#9502,.F.);
#9504=ORIENTED_EDGE('',*,*,#8030,.F.);
#9505=ORIENTED_EDGE('',*,*,#9401,.T.);
#9506=EDGE_LOOP('',(#9501,#9503,#9504,#9505));
#9507=FACE_OUTER_BOUND('',#9506,.F.);
#9508=ADVANCED_FACE('',(#9507),#9499,.F.);
#9509=CARTESIAN_POINT('',(1.0825E1,3.43E0,3.305E0));
#9510=DIRECTION('',(-7.625091353728E-1,0.E0,-6.469774481951E-1));
#9511=DIRECTION('',(-6.469774481951E-1,0.E0,7.625091353728E-1));
#9512=AXIS2_PLACEMENT_3D('',#9509,#9510,#9511);
#9513=PLANE('',#9512);
#9514=ORIENTED_EDGE('',*,*,#9475,.F.);
#9515=ORIENTED_EDGE('',*,*,#9407,.T.);
#9517=ORIENTED_EDGE('',*,*,#9516,.T.);
#9518=ORIENTED_EDGE('',*,*,#8429,.T.);
#9520=ORIENTED_EDGE('',*,*,#9519,.F.);
#9521=EDGE_LOOP('',(#9514,#9515,#9517,#9518,#9520));
#9522=FACE_OUTER_BOUND('',#9521,.F.);
#9523=ADVANCED_FACE('',(#9522),#9513,.F.);
#9524=CARTESIAN_POINT('',(0.E0,2.68E0,0.E0));
#9525=DIRECTION('',(0.E0,1.E0,0.E0));
#9526=DIRECTION('',(1.E0,0.E0,0.E0));
#9527=AXIS2_PLACEMENT_3D('',#9524,#9525,#9526);
#9528=PLANE('',#9527);
#9529=ORIENTED_EDGE('',*,*,#9500,.F.);
#9530=ORIENTED_EDGE('',*,*,#9464,.T.);
#9531=ORIENTED_EDGE('',*,*,#9359,.T.);
#9532=EDGE_LOOP('',(#9529,#9530,#9531));
#9533=FACE_OUTER_BOUND('',#9532,.F.);
#9534=ADVANCED_FACE('',(#9533),#9528,.F.);
#9535=CARTESIAN_POINT('',(0.E0,2.68E0,0.E0));
#9536=DIRECTION('',(0.E0,1.E0,0.E0));
#9537=DIRECTION('',(1.E0,0.E0,0.E0));
#9538=AXIS2_PLACEMENT_3D('',#9535,#9536,#9537);
#9539=PLANE('',#9538);
#9541=ORIENTED_EDGE('',*,*,#9540,.F.);
#9542=ORIENTED_EDGE('',*,*,#9211,.T.);
#9544=ORIENTED_EDGE('',*,*,#9543,.T.);
#9545=EDGE_LOOP('',(#9541,#9542,#9544));
#9546=FACE_OUTER_BOUND('',#9545,.F.);
#9547=ADVANCED_FACE('',(#9546),#9539,.F.);
#9548=CARTESIAN_POINT('',(-9.425E0,3.43E0,4.955E0));
#9549=DIRECTION('',(7.625091353728E-1,0.E0,-6.469774481951E-1));
#9550=DIRECTION('',(-6.469774481951E-1,0.E0,-7.625091353728E-1));
#9551=AXIS2_PLACEMENT_3D('',#9548,#9549,#9550);
#9552=PLANE('',#9551);
#9553=ORIENTED_EDGE('',*,*,#9540,.T.);
#9554=ORIENTED_EDGE('',*,*,#9076,.F.);
#9555=ORIENTED_EDGE('',*,*,#8034,.F.);
#9557=ORIENTED_EDGE('',*,*,#9556,.T.);
#9558=EDGE_LOOP('',(#9553,#9554,#9555,#9557));
#9559=FACE_OUTER_BOUND('',#9558,.F.);
#9560=ADVANCED_FACE('',(#9559),#9552,.F.);
#9561=CARTESIAN_POINT('',(-9.425E0,3.43E0,4.955E0));
#9562=DIRECTION('',(7.625091353728E-1,0.E0,-6.469774481951E-1));
#9563=DIRECTION('',(-6.469774481951E-1,0.E0,-7.625091353728E-1));
#9564=AXIS2_PLACEMENT_3D('',#9561,#9562,#9563);
#9565=PLANE('',#9564);
#9566=ORIENTED_EDGE('',*,*,#9487,.F.);
#9568=ORIENTED_EDGE('',*,*,#9567,.T.);
#9569=ORIENTED_EDGE('',*,*,#8425,.T.);
#9570=ORIENTED_EDGE('',*,*,#9056,.F.);
#9571=ORIENTED_EDGE('',*,*,#9071,.F.);
#9572=EDGE_LOOP('',(#9566,#9568,#9569,#9570,#9571));
#9573=FACE_OUTER_BOUND('',#9572,.F.);
#9574=ADVANCED_FACE('',(#9573),#9565,.F.);
#9575=CARTESIAN_POINT('',(-1.0825E1,3.43E0,4.955E0));
#9576=DIRECTION('',(0.E0,0.E0,1.E0));
#9577=DIRECTION('',(0.E0,-1.E0,0.E0));
#9578=AXIS2_PLACEMENT_3D('',#9575,#9576,#9577);
#9579=PLANE('',#9578);
#9580=ORIENTED_EDGE('',*,*,#9357,.F.);
#9581=ORIENTED_EDGE('',*,*,#9519,.T.);
#9582=ORIENTED_EDGE('',*,*,#8427,.F.);
#9583=ORIENTED_EDGE('',*,*,#9567,.F.);
#9584=ORIENTED_EDGE('',*,*,#9213,.T.);
#9585=ORIENTED_EDGE('',*,*,#9556,.F.);
#9586=ORIENTED_EDGE('',*,*,#8032,.T.);
#9587=ORIENTED_EDGE('',*,*,#9502,.T.);
#9588=EDGE_LOOP('',(#9580,#9581,#9582,#9583,#9584,#9585,#9586,#9587));
#9589=FACE_OUTER_BOUND('',#9588,.F.);
#9591=ORIENTED_EDGE('',*,*,#9590,.T.);
#9593=ORIENTED_EDGE('',*,*,#9592,.T.);
#9595=ORIENTED_EDGE('',*,*,#9594,.T.);
#9597=ORIENTED_EDGE('',*,*,#9596,.T.);
#9599=ORIENTED_EDGE('',*,*,#9598,.T.);
#9600=EDGE_LOOP('',(#9591,#9593,#9595,#9597,#9599));
#9601=FACE_BOUND('',#9600,.F.);
#9603=ORIENTED_EDGE('',*,*,#9602,.T.);
#9605=ORIENTED_EDGE('',*,*,#9604,.T.);
#9607=ORIENTED_EDGE('',*,*,#9606,.T.);
#9609=ORIENTED_EDGE('',*,*,#9608,.T.);
#9611=ORIENTED_EDGE('',*,*,#9610,.T.);
#9612=EDGE_LOOP('',(#9603,#9605,#9607,#9609,#9611));
#9613=FACE_BOUND('',#9612,.F.);
#9615=ORIENTED_EDGE('',*,*,#9614,.T.);
#9617=ORIENTED_EDGE('',*,*,#9616,.T.);
#9619=ORIENTED_EDGE('',*,*,#9618,.T.);
#9621=ORIENTED_EDGE('',*,*,#9620,.T.);
#9623=ORIENTED_EDGE('',*,*,#9622,.T.);
#9624=EDGE_LOOP('',(#9615,#9617,#9619,#9621,#9623));
#9625=FACE_BOUND('',#9624,.F.);
#9627=ORIENTED_EDGE('',*,*,#9626,.T.);
#9629=ORIENTED_EDGE('',*,*,#9628,.T.);
#9631=ORIENTED_EDGE('',*,*,#9630,.T.);
#9633=ORIENTED_EDGE('',*,*,#9632,.T.);
#9635=ORIENTED_EDGE('',*,*,#9634,.T.);
#9636=EDGE_LOOP('',(#9627,#9629,#9631,#9633,#9635));
#9637=FACE_BOUND('',#9636,.F.);
#9639=ORIENTED_EDGE('',*,*,#9638,.T.);
#9641=ORIENTED_EDGE('',*,*,#9640,.T.);
#9643=ORIENTED_EDGE('',*,*,#9642,.T.);
#9645=ORIENTED_EDGE('',*,*,#9644,.T.);
#9647=ORIENTED_EDGE('',*,*,#9646,.T.);
#9648=EDGE_LOOP('',(#9639,#9641,#9643,#9645,#9647));
#9649=FACE_BOUND('',#9648,.F.);
#9651=ORIENTED_EDGE('',*,*,#9650,.T.);
#9653=ORIENTED_EDGE('',*,*,#9652,.T.);
#9655=ORIENTED_EDGE('',*,*,#9654,.T.);
#9657=ORIENTED_EDGE('',*,*,#9656,.T.);
#9659=ORIENTED_EDGE('',*,*,#9658,.T.);
#9660=EDGE_LOOP('',(#9651,#9653,#9655,#9657,#9659));
#9661=FACE_BOUND('',#9660,.F.);
#9663=ORIENTED_EDGE('',*,*,#9662,.T.);
#9665=ORIENTED_EDGE('',*,*,#9664,.T.);
#9667=ORIENTED_EDGE('',*,*,#9666,.T.);
#9669=ORIENTED_EDGE('',*,*,#9668,.T.);
#9670=EDGE_LOOP('',(#9663,#9665,#9667,#9669));
#9671=FACE_BOUND('',#9670,.F.);
#9673=ORIENTED_EDGE('',*,*,#9672,.T.);
#9675=ORIENTED_EDGE('',*,*,#9674,.T.);
#9677=ORIENTED_EDGE('',*,*,#9676,.T.);
#9679=ORIENTED_EDGE('',*,*,#9678,.T.);
#9681=ORIENTED_EDGE('',*,*,#9680,.T.);
#9682=EDGE_LOOP('',(#9673,#9675,#9677,#9679,#9681));
#9683=FACE_BOUND('',#9682,.F.);
#9685=ORIENTED_EDGE('',*,*,#9684,.T.);
#9687=ORIENTED_EDGE('',*,*,#9686,.T.);
#9689=ORIENTED_EDGE('',*,*,#9688,.T.);
#9691=ORIENTED_EDGE('',*,*,#9690,.T.);
#9693=ORIENTED_EDGE('',*,*,#9692,.T.);
#9694=EDGE_LOOP('',(#9685,#9687,#9689,#9691,#9693));
#9695=FACE_BOUND('',#9694,.F.);
#9697=ORIENTED_EDGE('',*,*,#9696,.T.);
#9699=ORIENTED_EDGE('',*,*,#9698,.T.);
#9701=ORIENTED_EDGE('',*,*,#9700,.T.);
#9703=ORIENTED_EDGE('',*,*,#9702,.T.);
#9705=ORIENTED_EDGE('',*,*,#9704,.T.);
#9706=EDGE_LOOP('',(#9697,#9699,#9701,#9703,#9705));
#9707=FACE_BOUND('',#9706,.F.);
#9709=ORIENTED_EDGE('',*,*,#9708,.T.);
#9711=ORIENTED_EDGE('',*,*,#9710,.T.);
#9713=ORIENTED_EDGE('',*,*,#9712,.T.);
#9715=ORIENTED_EDGE('',*,*,#9714,.T.);
#9717=ORIENTED_EDGE('',*,*,#9716,.T.);
#9718=EDGE_LOOP('',(#9709,#9711,#9713,#9715,#9717));
#9719=FACE_BOUND('',#9718,.F.);
#9721=ORIENTED_EDGE('',*,*,#9720,.T.);
#9723=ORIENTED_EDGE('',*,*,#9722,.T.);
#9725=ORIENTED_EDGE('',*,*,#9724,.T.);
#9727=ORIENTED_EDGE('',*,*,#9726,.T.);
#9729=ORIENTED_EDGE('',*,*,#9728,.T.);
#9730=EDGE_LOOP('',(#9721,#9723,#9725,#9727,#9729));
#9731=FACE_BOUND('',#9730,.F.);
#9732=ADVANCED_FACE('',(#9589,#9601,#9613,#9625,#9637,#9649,#9661,#9671,#9683,
#9695,#9707,#9719,#9731),#9579,.T.);
#9733=CARTESIAN_POINT('',(6.23E0,2.3E-1,4.955E0));
#9734=DIRECTION('',(0.E0,-1.E0,0.E0));
#9735=DIRECTION('',(1.E0,0.E0,0.E0));
#9736=AXIS2_PLACEMENT_3D('',#9733,#9734,#9735);
#9737=PLANE('',#9736);
#9738=ORIENTED_EDGE('',*,*,#9590,.F.);
#9740=ORIENTED_EDGE('',*,*,#9739,.T.);
#9742=ORIENTED_EDGE('',*,*,#9741,.T.);
#9744=ORIENTED_EDGE('',*,*,#9743,.F.);
#9745=EDGE_LOOP('',(#9738,#9740,#9742,#9744));
#9746=FACE_OUTER_BOUND('',#9745,.F.);
#9747=ADVANCED_FACE('',(#9746),#9737,.F.);
#9748=CARTESIAN_POINT('',(6.23E0,2.77E0,4.955E0));
#9749=DIRECTION('',(-1.E0,0.E0,0.E0));
#9750=DIRECTION('',(0.E0,-1.E0,0.E0));
#9751=AXIS2_PLACEMENT_3D('',#9748,#9749,#9750);
#9752=PLANE('',#9751);
#9753=ORIENTED_EDGE('',*,*,#9598,.F.);
#9755=ORIENTED_EDGE('',*,*,#9754,.T.);
#9757=ORIENTED_EDGE('',*,*,#9756,.T.);
#9758=ORIENTED_EDGE('',*,*,#9739,.F.);
#9759=EDGE_LOOP('',(#9753,#9755,#9757,#9758));
#9760=FACE_OUTER_BOUND('',#9759,.F.);
#9761=ADVANCED_FACE('',(#9760),#9752,.F.);
#9762=CARTESIAN_POINT('',(8.77E0,2.77E0,4.955E0));
#9763=DIRECTION('',(0.E0,1.E0,0.E0));
#9764=DIRECTION('',(-1.E0,0.E0,0.E0));
#9765=AXIS2_PLACEMENT_3D('',#9762,#9763,#9764);
#9766=PLANE('',#9765);
#9767=ORIENTED_EDGE('',*,*,#9596,.F.);
#9769=ORIENTED_EDGE('',*,*,#9768,.T.);
#9771=ORIENTED_EDGE('',*,*,#9770,.T.);
#9772=ORIENTED_EDGE('',*,*,#9754,.F.);
#9773=EDGE_LOOP('',(#9767,#9769,#9771,#9772));
#9774=FACE_OUTER_BOUND('',#9773,.F.);
#9775=ADVANCED_FACE('',(#9774),#9766,.F.);
#9776=CARTESIAN_POINT('',(8.77E0,9.3E-1,4.955E0));
#9777=DIRECTION('',(1.E0,0.E0,0.E0));
#9778=DIRECTION('',(0.E0,1.E0,0.E0));
#9779=AXIS2_PLACEMENT_3D('',#9776,#9777,#9778);
#9780=PLANE('',#9779);
#9781=ORIENTED_EDGE('',*,*,#9768,.F.);
#9782=ORIENTED_EDGE('',*,*,#9594,.F.);
#9784=ORIENTED_EDGE('',*,*,#9783,.T.);
#9786=ORIENTED_EDGE('',*,*,#9785,.T.);
#9787=EDGE_LOOP('',(#9781,#9782,#9784,#9786));
#9788=FACE_OUTER_BOUND('',#9787,.F.);
#9789=ADVANCED_FACE('',(#9788),#9780,.F.);
#9790=CARTESIAN_POINT('',(8.07E0,2.3E-1,4.955E0));
#9791=DIRECTION('',(7.071067811866E-1,-7.071067811865E-1,0.E0));
#9792=DIRECTION('',(7.071067811865E-1,7.071067811866E-1,0.E0));
#9793=AXIS2_PLACEMENT_3D('',#9790,#9791,#9792);
#9794=PLANE('',#9793);
#9795=ORIENTED_EDGE('',*,*,#9592,.F.);
#9796=ORIENTED_EDGE('',*,*,#9743,.T.);
#9798=ORIENTED_EDGE('',*,*,#9797,.T.);
#9799=ORIENTED_EDGE('',*,*,#9783,.F.);
#9800=EDGE_LOOP('',(#9795,#9796,#9798,#9799));
#9801=FACE_OUTER_BOUND('',#9800,.F.);
#9802=ADVANCED_FACE('',(#9801),#9794,.F.);
#9803=CARTESIAN_POINT('',(-1.0825E1,3.43E0,-1.645E0));
#9804=DIRECTION('',(0.E0,0.E0,1.E0));
#9805=DIRECTION('',(1.E0,0.E0,0.E0));
#9806=AXIS2_PLACEMENT_3D('',#9803,#9804,#9805);
#9807=PLANE('',#9806);
#9808=ORIENTED_EDGE('',*,*,#9756,.F.);
#9809=ORIENTED_EDGE('',*,*,#9770,.F.);
#9810=ORIENTED_EDGE('',*,*,#9785,.F.);
#9811=ORIENTED_EDGE('',*,*,#9797,.F.);
#9812=ORIENTED_EDGE('',*,*,#9741,.F.);
#9813=EDGE_LOOP('',(#9808,#9809,#9810,#9811,#9812));
#9814=FACE_OUTER_BOUND('',#9813,.F.);
#9816=ORIENTED_EDGE('',*,*,#9815,.T.);
#9818=ORIENTED_EDGE('',*,*,#9817,.F.);
#9820=ORIENTED_EDGE('',*,*,#9819,.F.);
#9822=ORIENTED_EDGE('',*,*,#9821,.T.);
#9823=EDGE_LOOP('',(#9816,#9818,#9820,#9822));
#9824=FACE_BOUND('',#9823,.F.);
#9825=ADVANCED_FACE('',(#9814,#9824),#9807,.T.);
#9826=CARTESIAN_POINT('',(-1.0825E1,3.43E0,-1.645E0));
#9827=DIRECTION('',(0.E0,0.E0,1.E0));
#9828=DIRECTION('',(1.E0,0.E0,0.E0));
#9829=AXIS2_PLACEMENT_3D('',#9826,#9827,#9828);
#9830=PLANE('',#9829);
#9832=ORIENTED_EDGE('',*,*,#9831,.F.);
#9834=ORIENTED_EDGE('',*,*,#9833,.F.);
#9836=ORIENTED_EDGE('',*,*,#9835,.F.);
#9838=ORIENTED_EDGE('',*,*,#9837,.F.);
#9840=ORIENTED_EDGE('',*,*,#9839,.F.);
#9841=EDGE_LOOP('',(#9832,#9834,#9836,#9838,#9840));
#9842=FACE_OUTER_BOUND('',#9841,.F.);
#9844=ORIENTED_EDGE('',*,*,#9843,.T.);
#9846=ORIENTED_EDGE('',*,*,#9845,.F.);
#9848=ORIENTED_EDGE('',*,*,#9847,.F.);
#9850=ORIENTED_EDGE('',*,*,#9849,.T.);
#9851=EDGE_LOOP('',(#9844,#9846,#9848,#9850));
#9852=FACE_BOUND('',#9851,.F.);
#9853=ADVANCED_FACE('',(#9842,#9852),#9830,.T.);
#9854=CARTESIAN_POINT('',(-1.0825E1,3.43E0,-1.645E0));
#9855=DIRECTION('',(0.E0,0.E0,1.E0));
#9856=DIRECTION('',(1.E0,0.E0,0.E0));
#9857=AXIS2_PLACEMENT_3D('',#9854,#9855,#9856);
#9858=PLANE('',#9857);
#9860=ORIENTED_EDGE('',*,*,#9859,.F.);
#9862=ORIENTED_EDGE('',*,*,#9861,.F.);
#9864=ORIENTED_EDGE('',*,*,#9863,.F.);
#9866=ORIENTED_EDGE('',*,*,#9865,.F.);
#9868=ORIENTED_EDGE('',*,*,#9867,.F.);
#9869=EDGE_LOOP('',(#9860,#9862,#9864,#9866,#9868));
#9870=FACE_OUTER_BOUND('',#9869,.F.);
#9872=ORIENTED_EDGE('',*,*,#9871,.T.);
#9874=ORIENTED_EDGE('',*,*,#9873,.F.);
#9876=ORIENTED_EDGE('',*,*,#9875,.F.);
#9878=ORIENTED_EDGE('',*,*,#9877,.T.);
#9879=EDGE_LOOP('',(#9872,#9874,#9876,#9878));
#9880=FACE_BOUND('',#9879,.F.);
#9881=ADVANCED_FACE('',(#9870,#9880),#9858,.T.);
#9882=CARTESIAN_POINT('',(-1.0825E1,3.43E0,-1.645E0));
#9883=DIRECTION('',(0.E0,0.E0,1.E0));
#9884=DIRECTION('',(1.E0,0.E0,0.E0));
#9885=AXIS2_PLACEMENT_3D('',#9882,#9883,#9884);
#9886=PLANE('',#9885);
#9888=ORIENTED_EDGE('',*,*,#9887,.F.);
#9890=ORIENTED_EDGE('',*,*,#9889,.F.);
#9892=ORIENTED_EDGE('',*,*,#9891,.F.);
#9894=ORIENTED_EDGE('',*,*,#9893,.F.);
#9896=ORIENTED_EDGE('',*,*,#9895,.F.);
#9897=EDGE_LOOP('',(#9888,#9890,#9892,#9894,#9896));
#9898=FACE_OUTER_BOUND('',#9897,.F.);
#9900=ORIENTED_EDGE('',*,*,#9899,.T.);
#9902=ORIENTED_EDGE('',*,*,#9901,.F.);
#9904=ORIENTED_EDGE('',*,*,#9903,.F.);
#9906=ORIENTED_EDGE('',*,*,#9905,.T.);
#9907=EDGE_LOOP('',(#9900,#9902,#9904,#9906));
#9908=FACE_BOUND('',#9907,.F.);
#9909=ADVANCED_FACE('',(#9898,#9908),#9886,.T.);
#9910=CARTESIAN_POINT('',(-1.0825E1,3.43E0,-1.645E0));
#9911=DIRECTION('',(0.E0,0.E0,1.E0));
#9912=DIRECTION('',(1.E0,0.E0,0.E0));
#9913=AXIS2_PLACEMENT_3D('',#9910,#9911,#9912);
#9914=PLANE('',#9913);
#9916=ORIENTED_EDGE('',*,*,#9915,.F.);
#9918=ORIENTED_EDGE('',*,*,#9917,.F.);
#9920=ORIENTED_EDGE('',*,*,#9919,.F.);
#9922=ORIENTED_EDGE('',*,*,#9921,.F.);
#9923=EDGE_LOOP('',(#9916,#9918,#9920,#9922));
#9924=FACE_OUTER_BOUND('',#9923,.F.);
#9926=ORIENTED_EDGE('',*,*,#9925,.T.);
#9928=ORIENTED_EDGE('',*,*,#9927,.F.);
#9930=ORIENTED_EDGE('',*,*,#9929,.F.);
#9932=ORIENTED_EDGE('',*,*,#9931,.T.);
#9933=EDGE_LOOP('',(#9926,#9928,#9930,#9932));
#9934=FACE_BOUND('',#9933,.F.);
#9935=ADVANCED_FACE('',(#9924,#9934),#9914,.T.);
#9936=CARTESIAN_POINT('',(-1.0825E1,3.43E0,-1.645E0));
#9937=DIRECTION('',(0.E0,0.E0,1.E0));
#9938=DIRECTION('',(1.E0,0.E0,0.E0));
#9939=AXIS2_PLACEMENT_3D('',#9936,#9937,#9938);
#9940=PLANE('',#9939);
#9942=ORIENTED_EDGE('',*,*,#9941,.F.);
#9944=ORIENTED_EDGE('',*,*,#9943,.F.);
#9946=ORIENTED_EDGE('',*,*,#9945,.F.);
#9948=ORIENTED_EDGE('',*,*,#9947,.F.);
#9950=ORIENTED_EDGE('',*,*,#9949,.F.);
#9951=EDGE_LOOP('',(#9942,#9944,#9946,#9948,#9950));
#9952=FACE_OUTER_BOUND('',#9951,.F.);
#9954=ORIENTED_EDGE('',*,*,#9953,.T.);
#9956=ORIENTED_EDGE('',*,*,#9955,.F.);
#9958=ORIENTED_EDGE('',*,*,#9957,.F.);
#9960=ORIENTED_EDGE('',*,*,#9959,.T.);
#9961=EDGE_LOOP('',(#9954,#9956,#9958,#9960));
#9962=FACE_BOUND('',#9961,.F.);
#9963=ADVANCED_FACE('',(#9952,#9962),#9940,.T.);
#9964=CARTESIAN_POINT('',(-1.0825E1,3.43E0,-1.645E0));
#9965=DIRECTION('',(0.E0,0.E0,1.E0));
#9966=DIRECTION('',(1.E0,0.E0,0.E0));
#9967=AXIS2_PLACEMENT_3D('',#9964,#9965,#9966);
#9968=PLANE('',#9967);
#9970=ORIENTED_EDGE('',*,*,#9969,.F.);
#9972=ORIENTED_EDGE('',*,*,#9971,.F.);
#9974=ORIENTED_EDGE('',*,*,#9973,.F.);
#9976=ORIENTED_EDGE('',*,*,#9975,.F.);
#9978=ORIENTED_EDGE('',*,*,#9977,.F.);
#9979=EDGE_LOOP('',(#9970,#9972,#9974,#9976,#9978));
#9980=FACE_OUTER_BOUND('',#9979,.F.);
#9982=ORIENTED_EDGE('',*,*,#9981,.T.);
#9984=ORIENTED_EDGE('',*,*,#9983,.F.);
#9986=ORIENTED_EDGE('',*,*,#9985,.F.);
#9988=ORIENTED_EDGE('',*,*,#9987,.T.);
#9989=EDGE_LOOP('',(#9982,#9984,#9986,#9988));
#9990=FACE_BOUND('',#9989,.F.);
#9991=ADVANCED_FACE('',(#9980,#9990),#9968,.T.);
#9992=CARTESIAN_POINT('',(-1.0825E1,3.43E0,-1.645E0));
#9993=DIRECTION('',(0.E0,0.E0,1.E0));
#9994=DIRECTION('',(1.E0,0.E0,0.E0));
#9995=AXIS2_PLACEMENT_3D('',#9992,#9993,#9994);
#9996=PLANE('',#9995);
#9998=ORIENTED_EDGE('',*,*,#9997,.F.);
#10000=ORIENTED_EDGE('',*,*,#9999,.F.);
#10002=ORIENTED_EDGE('',*,*,#10001,.F.);
#10004=ORIENTED_EDGE('',*,*,#10003,.F.);
#10006=ORIENTED_EDGE('',*,*,#10005,.F.);
#10007=EDGE_LOOP('',(#9998,#10000,#10002,#10004,#10006));
#10008=FACE_OUTER_BOUND('',#10007,.F.);
#10010=ORIENTED_EDGE('',*,*,#10009,.T.);
#10012=ORIENTED_EDGE('',*,*,#10011,.F.);
#10014=ORIENTED_EDGE('',*,*,#10013,.F.);
#10016=ORIENTED_EDGE('',*,*,#10015,.T.);
#10017=EDGE_LOOP('',(#10010,#10012,#10014,#10016));
#10018=FACE_BOUND('',#10017,.F.);
#10019=ADVANCED_FACE('',(#10008,#10018),#9996,.T.);
#10020=CARTESIAN_POINT('',(-1.0825E1,3.43E0,-1.645E0));
#10021=DIRECTION('',(0.E0,0.E0,1.E0));
#10022=DIRECTION('',(1.E0,0.E0,0.E0));
#10023=AXIS2_PLACEMENT_3D('',#10020,#10021,#10022);
#10024=PLANE('',#10023);
#10026=ORIENTED_EDGE('',*,*,#10025,.F.);
#10028=ORIENTED_EDGE('',*,*,#10027,.F.);
#10030=ORIENTED_EDGE('',*,*,#10029,.F.);
#10032=ORIENTED_EDGE('',*,*,#10031,.F.);
#10034=ORIENTED_EDGE('',*,*,#10033,.F.);
#10035=EDGE_LOOP('',(#10026,#10028,#10030,#10032,#10034));
#10036=FACE_OUTER_BOUND('',#10035,.F.);
#10038=ORIENTED_EDGE('',*,*,#10037,.T.);
#10039=ORIENTED_EDGE('',*,*,#7048,.F.);
#10040=ORIENTED_EDGE('',*,*,#7228,.F.);
#10042=ORIENTED_EDGE('',*,*,#10041,.T.);
#10043=EDGE_LOOP('',(#10038,#10039,#10040,#10042));
#10044=FACE_BOUND('',#10043,.F.);
#10045=ADVANCED_FACE('',(#10036,#10044),#10024,.T.);
#10046=CARTESIAN_POINT('',(-1.0825E1,3.43E0,-1.645E0));
#10047=DIRECTION('',(0.E0,0.E0,1.E0));
#10048=DIRECTION('',(1.E0,0.E0,0.E0));
#10049=AXIS2_PLACEMENT_3D('',#10046,#10047,#10048);
#10050=PLANE('',#10049);
#10052=ORIENTED_EDGE('',*,*,#10051,.F.);
#10054=ORIENTED_EDGE('',*,*,#10053,.F.);
#10056=ORIENTED_EDGE('',*,*,#10055,.F.);
#10058=ORIENTED_EDGE('',*,*,#10057,.F.);
#10060=ORIENTED_EDGE('',*,*,#10059,.F.);
#10061=EDGE_LOOP('',(#10052,#10054,#10056,#10058,#10060));
#10062=FACE_OUTER_BOUND('',#10061,.F.);
#10064=ORIENTED_EDGE('',*,*,#10063,.T.);
#10065=ORIENTED_EDGE('',*,*,#7130,.F.);
#10066=ORIENTED_EDGE('',*,*,#7213,.F.);
#10068=ORIENTED_EDGE('',*,*,#10067,.T.);
#10069=EDGE_LOOP('',(#10064,#10065,#10066,#10068));
#10070=FACE_BOUND('',#10069,.F.);
#10071=ADVANCED_FACE('',(#10062,#10070),#10050,.T.);
#10072=CARTESIAN_POINT('',(-1.0825E1,3.43E0,-1.645E0));
#10073=DIRECTION('',(0.E0,0.E0,1.E0));
#10074=DIRECTION('',(1.E0,0.E0,0.E0));
#10075=AXIS2_PLACEMENT_3D('',#10072,#10073,#10074);
#10076=PLANE('',#10075);
#10078=ORIENTED_EDGE('',*,*,#10077,.F.);
#10080=ORIENTED_EDGE('',*,*,#10079,.F.);
#10082=ORIENTED_EDGE('',*,*,#10081,.F.);
#10084=ORIENTED_EDGE('',*,*,#10083,.F.);
#10086=ORIENTED_EDGE('',*,*,#10085,.F.);
#10087=EDGE_LOOP('',(#10078,#10080,#10082,#10084,#10086));
#10088=FACE_OUTER_BOUND('',#10087,.F.);
#10089=ORIENTED_EDGE('',*,*,#8407,.T.);
#10091=ORIENTED_EDGE('',*,*,#10090,.F.);
#10093=ORIENTED_EDGE('',*,*,#10092,.F.);
#10095=ORIENTED_EDGE('',*,*,#10094,.T.);
#10096=EDGE_LOOP('',(#10089,#10091,#10093,#10095));
#10097=FACE_BOUND('',#10096,.F.);
#10098=ADVANCED_FACE('',(#10088,#10097),#10076,.T.);
#10099=CARTESIAN_POINT('',(-1.0825E1,3.43E0,-1.645E0));
#10100=DIRECTION('',(0.E0,0.E0,1.E0));
#10101=DIRECTION('',(1.E0,0.E0,0.E0));
#10102=AXIS2_PLACEMENT_3D('',#10099,#10100,#10101);
#10103=PLANE('',#10102);
#10105=ORIENTED_EDGE('',*,*,#10104,.F.);
#10107=ORIENTED_EDGE('',*,*,#10106,.F.);
#10109=ORIENTED_EDGE('',*,*,#10108,.F.);
#10111=ORIENTED_EDGE('',*,*,#10110,.F.);
#10113=ORIENTED_EDGE('',*,*,#10112,.F.);
#10114=EDGE_LOOP('',(#10105,#10107,#10109,#10111,#10113));
#10115=FACE_OUTER_BOUND('',#10114,.F.);
#10116=ORIENTED_EDGE('',*,*,#8391,.T.);
#10117=ORIENTED_EDGE('',*,*,#7559,.F.);
#10119=ORIENTED_EDGE('',*,*,#10118,.F.);
#10121=ORIENTED_EDGE('',*,*,#10120,.T.);
#10122=EDGE_LOOP('',(#10116,#10117,#10119,#10121));
#10123=FACE_BOUND('',#10122,.F.);
#10124=ADVANCED_FACE('',(#10115,#10123),#10103,.T.);
#10125=CARTESIAN_POINT('',(8.77E0,-2.3E-1,4.955E0));
#10126=DIRECTION('',(0.E0,1.E0,0.E0));
#10127=DIRECTION('',(-1.E0,0.E0,0.E0));
#10128=AXIS2_PLACEMENT_3D('',#10125,#10126,#10127);
#10129=PLANE('',#10128);
#10130=ORIENTED_EDGE('',*,*,#9602,.F.);
#10132=ORIENTED_EDGE('',*,*,#10131,.T.);
#10133=ORIENTED_EDGE('',*,*,#9831,.T.);
#10135=ORIENTED_EDGE('',*,*,#10134,.F.);
#10136=EDGE_LOOP('',(#10130,#10132,#10133,#10135));
#10137=FACE_OUTER_BOUND('',#10136,.F.);
#10138=ADVANCED_FACE('',(#10137),#10129,.F.);
#10139=CARTESIAN_POINT('',(8.77E0,-2.07E0,4.955E0));
#10140=DIRECTION('',(1.E0,0.E0,0.E0));
#10141=DIRECTION('',(0.E0,1.E0,0.E0));
#10142=AXIS2_PLACEMENT_3D('',#10139,#10140,#10141);
#10143=PLANE('',#10142);
#10145=ORIENTED_EDGE('',*,*,#10144,.T.);
#10146=ORIENTED_EDGE('',*,*,#9833,.T.);
#10147=ORIENTED_EDGE('',*,*,#10131,.F.);
#10148=ORIENTED_EDGE('',*,*,#9610,.F.);
#10149=EDGE_LOOP('',(#10145,#10146,#10147,#10148));
#10150=FACE_OUTER_BOUND('',#10149,.F.);
#10151=ADVANCED_FACE('',(#10150),#10143,.F.);
#10152=CARTESIAN_POINT('',(8.07E0,-2.77E0,4.955E0));
#10153=DIRECTION('',(7.071067811865E-1,-7.071067811865E-1,0.E0));
#10154=DIRECTION('',(7.071067811865E-1,7.071067811865E-1,0.E0));
#10155=AXIS2_PLACEMENT_3D('',#10152,#10153,#10154);
#10156=PLANE('',#10155);
#10158=ORIENTED_EDGE('',*,*,#10157,.T.);
#10159=ORIENTED_EDGE('',*,*,#9835,.T.);
#10160=ORIENTED_EDGE('',*,*,#10144,.F.);
#10161=ORIENTED_EDGE('',*,*,#9608,.F.);
#10162=EDGE_LOOP('',(#10158,#10159,#10160,#10161));
#10163=FACE_OUTER_BOUND('',#10162,.F.);
#10164=ADVANCED_FACE('',(#10163),#10156,.F.);
#10165=CARTESIAN_POINT('',(6.23E0,-2.77E0,4.955E0));
#10166=DIRECTION('',(0.E0,-1.E0,0.E0));
#10167=DIRECTION('',(1.E0,0.E0,0.E0));
#10168=AXIS2_PLACEMENT_3D('',#10165,#10166,#10167);
#10169=PLANE('',#10168);
#10170=ORIENTED_EDGE('',*,*,#9606,.F.);
#10172=ORIENTED_EDGE('',*,*,#10171,.T.);
#10173=ORIENTED_EDGE('',*,*,#9837,.T.);
#10174=ORIENTED_EDGE('',*,*,#10157,.F.);
#10175=EDGE_LOOP('',(#10170,#10172,#10173,#10174));
#10176=FACE_OUTER_BOUND('',#10175,.F.);
#10177=ADVANCED_FACE('',(#10176),#10169,.F.);
#10178=CARTESIAN_POINT('',(6.23E0,-2.3E-1,4.955E0));
#10179=DIRECTION('',(-1.E0,0.E0,0.E0));
#10180=DIRECTION('',(0.E0,-1.E0,0.E0));
#10181=AXIS2_PLACEMENT_3D('',#10178,#10179,#10180);
#10182=PLANE('',#10181);
#10183=ORIENTED_EDGE('',*,*,#9604,.F.);
#10184=ORIENTED_EDGE('',*,*,#10134,.T.);
#10185=ORIENTED_EDGE('',*,*,#9839,.T.);
#10186=ORIENTED_EDGE('',*,*,#10171,.F.);
#10187=EDGE_LOOP('',(#10183,#10184,#10185,#10186));
#10188=FACE_OUTER_BOUND('',#10187,.F.);
#10189=ADVANCED_FACE('',(#10188),#10182,.F.);
#10190=CARTESIAN_POINT('',(3.23E0,-2.3E-1,4.955E0));
#10191=DIRECTION('',(-1.E0,0.E0,0.E0));
#10192=DIRECTION('',(0.E0,-1.E0,0.E0));
#10193=AXIS2_PLACEMENT_3D('',#10190,#10191,#10192);
#10194=PLANE('',#10193);
#10195=ORIENTED_EDGE('',*,*,#9638,.F.);
#10197=ORIENTED_EDGE('',*,*,#10196,.T.);
#10198=ORIENTED_EDGE('',*,*,#9859,.T.);
#10200=ORIENTED_EDGE('',*,*,#10199,.F.);
#10201=EDGE_LOOP('',(#10195,#10197,#10198,#10200));
#10202=FACE_OUTER_BOUND('',#10201,.F.);
#10203=ADVANCED_FACE('',(#10202),#10194,.F.);
#10204=CARTESIAN_POINT('',(5.77E0,-2.3E-1,4.955E0));
#10205=DIRECTION('',(0.E0,1.E0,0.E0));
#10206=DIRECTION('',(-1.E0,0.E0,0.E0));
#10207=AXIS2_PLACEMENT_3D('',#10204,#10205,#10206);
#10208=PLANE('',#10207);
#10209=ORIENTED_EDGE('',*,*,#9646,.F.);
#10211=ORIENTED_EDGE('',*,*,#10210,.T.);
#10212=ORIENTED_EDGE('',*,*,#9861,.T.);
#10213=ORIENTED_EDGE('',*,*,#10196,.F.);
#10214=EDGE_LOOP('',(#10209,#10211,#10212,#10213));
#10215=FACE_OUTER_BOUND('',#10214,.F.);
#10216=ADVANCED_FACE('',(#10215),#10208,.F.);
#10217=CARTESIAN_POINT('',(5.77E0,-2.77E0,4.955E0));
#10218=DIRECTION('',(1.E0,0.E0,0.E0));
#10219=DIRECTION('',(0.E0,1.E0,0.E0));
#10220=AXIS2_PLACEMENT_3D('',#10217,#10218,#10219);
#10221=PLANE('',#10220);
#10222=ORIENTED_EDGE('',*,*,#9644,.F.);
#10224=ORIENTED_EDGE('',*,*,#10223,.T.);
#10225=ORIENTED_EDGE('',*,*,#9863,.T.);
#10226=ORIENTED_EDGE('',*,*,#10210,.F.);
#10227=EDGE_LOOP('',(#10222,#10224,#10225,#10226));
#10228=FACE_OUTER_BOUND('',#10227,.F.);
#10229=ADVANCED_FACE('',(#10228),#10221,.F.);
#10230=CARTESIAN_POINT('',(3.93E0,-2.77E0,4.955E0));
#10231=DIRECTION('',(0.E0,-1.E0,0.E0));
#10232=DIRECTION('',(1.E0,0.E0,0.E0));
#10233=AXIS2_PLACEMENT_3D('',#10230,#10231,#10232);
#10234=PLANE('',#10233);
#10235=ORIENTED_EDGE('',*,*,#9642,.F.);
#10237=ORIENTED_EDGE('',*,*,#10236,.T.);
#10238=ORIENTED_EDGE('',*,*,#9865,.T.);
#10239=ORIENTED_EDGE('',*,*,#10223,.F.);
#10240=EDGE_LOOP('',(#10235,#10237,#10238,#10239));
#10241=FACE_OUTER_BOUND('',#10240,.F.);
#10242=ADVANCED_FACE('',(#10241),#10234,.F.);
#10243=CARTESIAN_POINT('',(3.23E0,-2.07E0,4.955E0));
#10244=DIRECTION('',(-7.071067811865E-1,-7.071067811865E-1,0.E0));
#10245=DIRECTION('',(7.071067811865E-1,-7.071067811865E-1,0.E0));
#10246=AXIS2_PLACEMENT_3D('',#10243,#10244,#10245);
#10247=PLANE('',#10246);
#10248=ORIENTED_EDGE('',*,*,#9640,.F.);
#10249=ORIENTED_EDGE('',*,*,#10199,.T.);
#10250=ORIENTED_EDGE('',*,*,#9867,.T.);
#10251=ORIENTED_EDGE('',*,*,#10236,.F.);
#10252=EDGE_LOOP('',(#10248,#10249,#10250,#10251));
#10253=FACE_OUTER_BOUND('',#10252,.F.);
#10254=ADVANCED_FACE('',(#10253),#10247,.F.);
#10255=CARTESIAN_POINT('',(3.93E0,2.3E-1,4.955E0));
#10256=DIRECTION('',(0.E0,-1.E0,0.E0));
#10257=DIRECTION('',(1.E0,0.E0,0.E0));
#10258=AXIS2_PLACEMENT_3D('',#10255,#10256,#10257);
#10259=PLANE('',#10258);
#10260=ORIENTED_EDGE('',*,*,#9650,.F.);
#10262=ORIENTED_EDGE('',*,*,#10261,.T.);
#10263=ORIENTED_EDGE('',*,*,#9887,.T.);
#10265=ORIENTED_EDGE('',*,*,#10264,.F.);
#10266=EDGE_LOOP('',(#10260,#10262,#10263,#10265));
#10267=FACE_OUTER_BOUND('',#10266,.F.);
#10268=ADVANCED_FACE('',(#10267),#10259,.F.);
#10269=CARTESIAN_POINT('',(3.23E0,9.3E-1,4.955E0));
#10270=DIRECTION('',(-7.071067811865E-1,-7.071067811865E-1,0.E0));
#10271=DIRECTION('',(7.071067811865E-1,-7.071067811865E-1,0.E0));
#10272=AXIS2_PLACEMENT_3D('',#10269,#10270,#10271);
#10273=PLANE('',#10272);
#10274=ORIENTED_EDGE('',*,*,#9658,.F.);
#10276=ORIENTED_EDGE('',*,*,#10275,.T.);
#10277=ORIENTED_EDGE('',*,*,#9889,.T.);
#10278=ORIENTED_EDGE('',*,*,#10261,.F.);
#10279=EDGE_LOOP('',(#10274,#10276,#10277,#10278));
#10280=FACE_OUTER_BOUND('',#10279,.F.);
#10281=ADVANCED_FACE('',(#10280),#10273,.F.);
#10282=CARTESIAN_POINT('',(3.23E0,2.77E0,4.955E0));
#10283=DIRECTION('',(-1.E0,0.E0,0.E0));
#10284=DIRECTION('',(0.E0,-1.E0,0.E0));
#10285=AXIS2_PLACEMENT_3D('',#10282,#10283,#10284);
#10286=PLANE('',#10285);
#10287=ORIENTED_EDGE('',*,*,#9656,.F.);
#10289=ORIENTED_EDGE('',*,*,#10288,.T.);
#10290=ORIENTED_EDGE('',*,*,#9891,.T.);
#10291=ORIENTED_EDGE('',*,*,#10275,.F.);
#10292=EDGE_LOOP('',(#10287,#10289,#10290,#10291));
#10293=FACE_OUTER_BOUND('',#10292,.F.);
#10294=ADVANCED_FACE('',(#10293),#10286,.F.);
#10295=CARTESIAN_POINT('',(5.77E0,2.77E0,4.955E0));
#10296=DIRECTION('',(0.E0,1.E0,0.E0));
#10297=DIRECTION('',(-1.E0,0.E0,0.E0));
#10298=AXIS2_PLACEMENT_3D('',#10295,#10296,#10297);
#10299=PLANE('',#10298);
#10300=ORIENTED_EDGE('',*,*,#9654,.F.);
#10302=ORIENTED_EDGE('',*,*,#10301,.T.);
#10303=ORIENTED_EDGE('',*,*,#9893,.T.);
#10304=ORIENTED_EDGE('',*,*,#10288,.F.);
#10305=EDGE_LOOP('',(#10300,#10302,#10303,#10304));
#10306=FACE_OUTER_BOUND('',#10305,.F.);
#10307=ADVANCED_FACE('',(#10306),#10299,.F.);
#10308=CARTESIAN_POINT('',(5.77E0,2.3E-1,4.955E0));
#10309=DIRECTION('',(1.E0,0.E0,0.E0));
#10310=DIRECTION('',(0.E0,1.E0,0.E0));
#10311=AXIS2_PLACEMENT_3D('',#10308,#10309,#10310);
#10312=PLANE('',#10311);
#10313=ORIENTED_EDGE('',*,*,#9652,.F.);
#10314=ORIENTED_EDGE('',*,*,#10264,.T.);
#10315=ORIENTED_EDGE('',*,*,#9895,.T.);
#10316=ORIENTED_EDGE('',*,*,#10301,.F.);
#10317=EDGE_LOOP('',(#10313,#10314,#10315,#10316));
#10318=FACE_OUTER_BOUND('',#10317,.F.);
#10319=ADVANCED_FACE('',(#10318),#10312,.F.);
#10320=CARTESIAN_POINT('',(2.3E-1,2.3E-1,4.955E0));
#10321=DIRECTION('',(0.E0,-1.E0,0.E0));
#10322=DIRECTION('',(1.E0,0.E0,0.E0));
#10323=AXIS2_PLACEMENT_3D('',#10320,#10321,#10322);
#10324=PLANE('',#10323);
#10325=ORIENTED_EDGE('',*,*,#9662,.F.);
#10327=ORIENTED_EDGE('',*,*,#10326,.T.);
#10328=ORIENTED_EDGE('',*,*,#9915,.T.);
#10330=ORIENTED_EDGE('',*,*,#10329,.F.);
#10331=EDGE_LOOP('',(#10325,#10327,#10328,#10330));
#10332=FACE_OUTER_BOUND('',#10331,.F.);
#10333=ADVANCED_FACE('',(#10332),#10324,.F.);
#10334=CARTESIAN_POINT('',(2.3E-1,2.77E0,4.955E0));
#10335=DIRECTION('',(-1.E0,0.E0,0.E0));
#10336=DIRECTION('',(0.E0,-1.E0,0.E0));
#10337=AXIS2_PLACEMENT_3D('',#10334,#10335,#10336);
#10338=PLANE('',#10337);
#10339=ORIENTED_EDGE('',*,*,#9668,.F.);
#10341=ORIENTED_EDGE('',*,*,#10340,.T.);
#10342=ORIENTED_EDGE('',*,*,#9917,.T.);
#10343=ORIENTED_EDGE('',*,*,#10326,.F.);
#10344=EDGE_LOOP('',(#10339,#10341,#10342,#10343));
#10345=FACE_OUTER_BOUND('',#10344,.F.);
#10346=ADVANCED_FACE('',(#10345),#10338,.F.);
#10347=CARTESIAN_POINT('',(2.77E0,2.77E0,4.955E0));
#10348=DIRECTION('',(0.E0,1.E0,0.E0));
#10349=DIRECTION('',(-1.E0,0.E0,0.E0));
#10350=AXIS2_PLACEMENT_3D('',#10347,#10348,#10349);
#10351=PLANE('',#10350);
#10352=ORIENTED_EDGE('',*,*,#9666,.F.);
#10354=ORIENTED_EDGE('',*,*,#10353,.T.);
#10355=ORIENTED_EDGE('',*,*,#9919,.T.);
#10356=ORIENTED_EDGE('',*,*,#10340,.F.);
#10357=EDGE_LOOP('',(#10352,#10354,#10355,#10356));
#10358=FACE_OUTER_BOUND('',#10357,.F.);
#10359=ADVANCED_FACE('',(#10358),#10351,.F.);
#10360=CARTESIAN_POINT('',(2.77E0,2.3E-1,4.955E0));
#10361=DIRECTION('',(1.E0,0.E0,0.E0));
#10362=DIRECTION('',(0.E0,1.E0,0.E0));
#10363=AXIS2_PLACEMENT_3D('',#10360,#10361,#10362);
#10364=PLANE('',#10363);
#10365=ORIENTED_EDGE('',*,*,#9664,.F.);
#10366=ORIENTED_EDGE('',*,*,#10329,.T.);
#10367=ORIENTED_EDGE('',*,*,#9921,.T.);
#10368=ORIENTED_EDGE('',*,*,#10353,.F.);
#10369=EDGE_LOOP('',(#10365,#10366,#10367,#10368));
#10370=FACE_OUTER_BOUND('',#10369,.F.);
#10371=ADVANCED_FACE('',(#10370),#10364,.F.);
#10372=CARTESIAN_POINT('',(2.77E0,-2.3E-1,4.955E0));
#10373=DIRECTION('',(0.E0,1.E0,0.E0));
#10374=DIRECTION('',(-1.E0,0.E0,0.E0));
#10375=AXIS2_PLACEMENT_3D('',#10372,#10373,#10374);
#10376=PLANE('',#10375);
#10377=ORIENTED_EDGE('',*,*,#9672,.F.);
#10379=ORIENTED_EDGE('',*,*,#10378,.T.);
#10380=ORIENTED_EDGE('',*,*,#9941,.T.);
#10382=ORIENTED_EDGE('',*,*,#10381,.F.);
#10383=EDGE_LOOP('',(#10377,#10379,#10380,#10382));
#10384=FACE_OUTER_BOUND('',#10383,.F.);
#10385=ADVANCED_FACE('',(#10384),#10376,.F.);
#10386=CARTESIAN_POINT('',(2.77E0,-2.07E0,4.955E0));
#10387=DIRECTION('',(1.E0,0.E0,0.E0));
#10388=DIRECTION('',(0.E0,1.E0,0.E0));
#10389=AXIS2_PLACEMENT_3D('',#10386,#10387,#10388);
#10390=PLANE('',#10389);
#10391=ORIENTED_EDGE('',*,*,#9680,.F.);
#10393=ORIENTED_EDGE('',*,*,#10392,.T.);
#10394=ORIENTED_EDGE('',*,*,#9943,.T.);
#10395=ORIENTED_EDGE('',*,*,#10378,.F.);
#10396=EDGE_LOOP('',(#10391,#10393,#10394,#10395));
#10397=FACE_OUTER_BOUND('',#10396,.F.);
#10398=ADVANCED_FACE('',(#10397),#10390,.F.);
#10399=CARTESIAN_POINT('',(2.07E0,-2.77E0,4.955E0));
#10400=DIRECTION('',(7.071067811865E-1,-7.071067811865E-1,0.E0));
#10401=DIRECTION('',(7.071067811865E-1,7.071067811865E-1,0.E0));
#10402=AXIS2_PLACEMENT_3D('',#10399,#10400,#10401);
#10403=PLANE('',#10402);
#10404=ORIENTED_EDGE('',*,*,#9678,.F.);
#10406=ORIENTED_EDGE('',*,*,#10405,.T.);
#10407=ORIENTED_EDGE('',*,*,#9945,.T.);
#10408=ORIENTED_EDGE('',*,*,#10392,.F.);
#10409=EDGE_LOOP('',(#10404,#10406,#10407,#10408));
#10410=FACE_OUTER_BOUND('',#10409,.F.);
#10411=ADVANCED_FACE('',(#10410),#10403,.F.);
#10412=CARTESIAN_POINT('',(2.3E-1,-2.77E0,4.955E0));
#10413=DIRECTION('',(0.E0,-1.E0,0.E0));
#10414=DIRECTION('',(1.E0,0.E0,0.E0));
#10415=AXIS2_PLACEMENT_3D('',#10412,#10413,#10414);
#10416=PLANE('',#10415);
#10417=ORIENTED_EDGE('',*,*,#9676,.F.);
#10419=ORIENTED_EDGE('',*,*,#10418,.T.);
#10420=ORIENTED_EDGE('',*,*,#9947,.T.);
#10421=ORIENTED_EDGE('',*,*,#10405,.F.);
#10422=EDGE_LOOP('',(#10417,#10419,#10420,#10421));
#10423=FACE_OUTER_BOUND('',#10422,.F.);
#10424=ADVANCED_FACE('',(#10423),#10416,.F.);
#10425=CARTESIAN_POINT('',(2.3E-1,-2.3E-1,4.955E0));
#10426=DIRECTION('',(-1.E0,0.E0,0.E0));
#10427=DIRECTION('',(0.E0,-1.E0,0.E0));
#10428=AXIS2_PLACEMENT_3D('',#10425,#10426,#10427);
#10429=PLANE('',#10428);
#10430=ORIENTED_EDGE('',*,*,#9674,.F.);
#10431=ORIENTED_EDGE('',*,*,#10381,.T.);
#10432=ORIENTED_EDGE('',*,*,#9949,.T.);
#10433=ORIENTED_EDGE('',*,*,#10418,.F.);
#10434=EDGE_LOOP('',(#10430,#10431,#10432,#10433));
#10435=FACE_OUTER_BOUND('',#10434,.F.);
#10436=ADVANCED_FACE('',(#10435),#10429,.F.);
#10437=CARTESIAN_POINT('',(-2.77E0,-2.77E0,4.955E0));
#10438=DIRECTION('',(0.E0,-1.E0,0.E0));
#10439=DIRECTION('',(1.E0,0.E0,0.E0));
#10440=AXIS2_PLACEMENT_3D('',#10437,#10438,#10439);
#10441=PLANE('',#10440);
#10442=ORIENTED_EDGE('',*,*,#9684,.F.);
#10444=ORIENTED_EDGE('',*,*,#10443,.T.);
#10445=ORIENTED_EDGE('',*,*,#9969,.T.);
#10447=ORIENTED_EDGE('',*,*,#10446,.F.);
#10448=EDGE_LOOP('',(#10442,#10444,#10445,#10447));
#10449=FACE_OUTER_BOUND('',#10448,.F.);
#10450=ADVANCED_FACE('',(#10449),#10441,.F.);
#10451=CARTESIAN_POINT('',(-2.77E0,-2.3E-1,4.955E0));
#10452=DIRECTION('',(-1.E0,0.E0,0.E0));
#10453=DIRECTION('',(0.E0,-1.E0,0.E0));
#10454=AXIS2_PLACEMENT_3D('',#10451,#10452,#10453);
#10455=PLANE('',#10454);
#10456=ORIENTED_EDGE('',*,*,#9692,.F.);
#10458=ORIENTED_EDGE('',*,*,#10457,.T.);
#10459=ORIENTED_EDGE('',*,*,#9971,.T.);
#10460=ORIENTED_EDGE('',*,*,#10443,.F.);
#10461=EDGE_LOOP('',(#10456,#10458,#10459,#10460));
#10462=FACE_OUTER_BOUND('',#10461,.F.);
#10463=ADVANCED_FACE('',(#10462),#10455,.F.);
#10464=CARTESIAN_POINT('',(-2.3E-1,-2.3E-1,4.955E0));
#10465=DIRECTION('',(0.E0,1.E0,0.E0));
#10466=DIRECTION('',(-1.E0,0.E0,0.E0));
#10467=AXIS2_PLACEMENT_3D('',#10464,#10465,#10466);
#10468=PLANE('',#10467);
#10469=ORIENTED_EDGE('',*,*,#9690,.F.);
#10471=ORIENTED_EDGE('',*,*,#10470,.T.);
#10472=ORIENTED_EDGE('',*,*,#9973,.T.);
#10473=ORIENTED_EDGE('',*,*,#10457,.F.);
#10474=EDGE_LOOP('',(#10469,#10471,#10472,#10473));
#10475=FACE_OUTER_BOUND('',#10474,.F.);
#10476=ADVANCED_FACE('',(#10475),#10468,.F.);
#10477=CARTESIAN_POINT('',(-2.3E-1,-2.07E0,4.955E0));
#10478=DIRECTION('',(1.E0,0.E0,0.E0));
#10479=DIRECTION('',(0.E0,1.E0,0.E0));
#10480=AXIS2_PLACEMENT_3D('',#10477,#10478,#10479);
#10481=PLANE('',#10480);
#10482=ORIENTED_EDGE('',*,*,#9688,.F.);
#10484=ORIENTED_EDGE('',*,*,#10483,.T.);
#10485=ORIENTED_EDGE('',*,*,#9975,.T.);
#10486=ORIENTED_EDGE('',*,*,#10470,.F.);
#10487=EDGE_LOOP('',(#10482,#10484,#10485,#10486));
#10488=FACE_OUTER_BOUND('',#10487,.F.);
#10489=ADVANCED_FACE('',(#10488),#10481,.F.);
#10490=CARTESIAN_POINT('',(-9.3E-1,-2.77E0,4.955E0));
#10491=DIRECTION('',(7.071067811866E-1,-7.071067811865E-1,0.E0));
#10492=DIRECTION('',(7.071067811865E-1,7.071067811866E-1,0.E0));
#10493=AXIS2_PLACEMENT_3D('',#10490,#10491,#10492);
#10494=PLANE('',#10493);
#10495=ORIENTED_EDGE('',*,*,#9686,.F.);
#10496=ORIENTED_EDGE('',*,*,#10446,.T.);
#10497=ORIENTED_EDGE('',*,*,#9977,.T.);
#10498=ORIENTED_EDGE('',*,*,#10483,.F.);
#10499=EDGE_LOOP('',(#10495,#10496,#10497,#10498));
#10500=FACE_OUTER_BOUND('',#10499,.F.);
#10501=ADVANCED_FACE('',(#10500),#10494,.F.);
#10502=CARTESIAN_POINT('',(-2.77E0,2.3E-1,4.955E0));
#10503=DIRECTION('',(0.E0,-1.E0,0.E0));
#10504=DIRECTION('',(1.E0,0.E0,0.E0));
#10505=AXIS2_PLACEMENT_3D('',#10502,#10503,#10504);
#10506=PLANE('',#10505);
#10507=ORIENTED_EDGE('',*,*,#9696,.F.);
#10509=ORIENTED_EDGE('',*,*,#10508,.T.);
#10510=ORIENTED_EDGE('',*,*,#9997,.T.);
#10512=ORIENTED_EDGE('',*,*,#10511,.F.);
#10513=EDGE_LOOP('',(#10507,#10509,#10510,#10512));
#10514=FACE_OUTER_BOUND('',#10513,.F.);
#10515=ADVANCED_FACE('',(#10514),#10506,.F.);
#10516=CARTESIAN_POINT('',(-2.77E0,2.77E0,4.955E0));
#10517=DIRECTION('',(-1.E0,0.E0,0.E0));
#10518=DIRECTION('',(0.E0,-1.E0,0.E0));
#10519=AXIS2_PLACEMENT_3D('',#10516,#10517,#10518);
#10520=PLANE('',#10519);
#10521=ORIENTED_EDGE('',*,*,#9704,.F.);
#10523=ORIENTED_EDGE('',*,*,#10522,.T.);
#10524=ORIENTED_EDGE('',*,*,#9999,.T.);
#10525=ORIENTED_EDGE('',*,*,#10508,.F.);
#10526=EDGE_LOOP('',(#10521,#10523,#10524,#10525));
#10527=FACE_OUTER_BOUND('',#10526,.F.);
#10528=ADVANCED_FACE('',(#10527),#10520,.F.);
#10529=CARTESIAN_POINT('',(-2.3E-1,2.77E0,4.955E0));
#10530=DIRECTION('',(0.E0,1.E0,0.E0));
#10531=DIRECTION('',(-1.E0,0.E0,0.E0));
#10532=AXIS2_PLACEMENT_3D('',#10529,#10530,#10531);
#10533=PLANE('',#10532);
#10534=ORIENTED_EDGE('',*,*,#9702,.F.);
#10536=ORIENTED_EDGE('',*,*,#10535,.T.);
#10537=ORIENTED_EDGE('',*,*,#10001,.T.);
#10538=ORIENTED_EDGE('',*,*,#10522,.F.);
#10539=EDGE_LOOP('',(#10534,#10536,#10537,#10538));
#10540=FACE_OUTER_BOUND('',#10539,.F.);
#10541=ADVANCED_FACE('',(#10540),#10533,.F.);
#10542=CARTESIAN_POINT('',(-2.3E-1,9.3E-1,4.955E0));
#10543=DIRECTION('',(1.E0,0.E0,0.E0));
#10544=DIRECTION('',(0.E0,1.E0,0.E0));
#10545=AXIS2_PLACEMENT_3D('',#10542,#10543,#10544);
#10546=PLANE('',#10545);
#10547=ORIENTED_EDGE('',*,*,#9700,.F.);
#10549=ORIENTED_EDGE('',*,*,#10548,.T.);
#10550=ORIENTED_EDGE('',*,*,#10003,.T.);
#10551=ORIENTED_EDGE('',*,*,#10535,.F.);
#10552=EDGE_LOOP('',(#10547,#10549,#10550,#10551));
#10553=FACE_OUTER_BOUND('',#10552,.F.);
#10554=ADVANCED_FACE('',(#10553),#10546,.F.);
#10555=CARTESIAN_POINT('',(-9.3E-1,2.3E-1,4.955E0));
#10556=DIRECTION('',(7.071067811865E-1,-7.071067811865E-1,0.E0));
#10557=DIRECTION('',(7.071067811865E-1,7.071067811865E-1,0.E0));
#10558=AXIS2_PLACEMENT_3D('',#10555,#10556,#10557);
#10559=PLANE('',#10558);
#10560=ORIENTED_EDGE('',*,*,#9698,.F.);
#10561=ORIENTED_EDGE('',*,*,#10511,.T.);
#10562=ORIENTED_EDGE('',*,*,#10005,.T.);
#10563=ORIENTED_EDGE('',*,*,#10548,.F.);
#10564=EDGE_LOOP('',(#10560,#10561,#10562,#10563));
#10565=FACE_OUTER_BOUND('',#10564,.F.);
#10566=ADVANCED_FACE('',(#10565),#10559,.F.);
#10567=CARTESIAN_POINT('',(-3.23E0,-2.3E-1,4.955E0));
#10568=DIRECTION('',(0.E0,1.E0,0.E0));
#10569=DIRECTION('',(-1.E0,0.E0,0.E0));
#10570=AXIS2_PLACEMENT_3D('',#10567,#10568,#10569);
#10571=PLANE('',#10570);
#10572=ORIENTED_EDGE('',*,*,#9708,.F.);
#10574=ORIENTED_EDGE('',*,*,#10573,.T.);
#10575=ORIENTED_EDGE('',*,*,#10025,.T.);
#10577=ORIENTED_EDGE('',*,*,#10576,.F.);
#10578=EDGE_LOOP('',(#10572,#10574,#10575,#10577));
#10579=FACE_OUTER_BOUND('',#10578,.F.);
#10580=ADVANCED_FACE('',(#10579),#10571,.F.);
#10581=CARTESIAN_POINT('',(-3.23E0,-2.07E0,4.955E0));
#10582=DIRECTION('',(1.E0,0.E0,0.E0));
#10583=DIRECTION('',(0.E0,1.E0,0.E0));
#10584=AXIS2_PLACEMENT_3D('',#10581,#10582,#10583);
#10585=PLANE('',#10584);
#10586=ORIENTED_EDGE('',*,*,#9716,.F.);
#10588=ORIENTED_EDGE('',*,*,#10587,.T.);
#10589=ORIENTED_EDGE('',*,*,#10027,.T.);
#10590=ORIENTED_EDGE('',*,*,#10573,.F.);
#10591=EDGE_LOOP('',(#10586,#10588,#10589,#10590));
#10592=FACE_OUTER_BOUND('',#10591,.F.);
#10593=ADVANCED_FACE('',(#10592),#10585,.F.);
#10594=CARTESIAN_POINT('',(-3.93E0,-2.77E0,4.955E0));
#10595=DIRECTION('',(7.071067811865E-1,-7.071067811865E-1,0.E0));
#10596=DIRECTION('',(7.071067811865E-1,7.071067811865E-1,0.E0));
#10597=AXIS2_PLACEMENT_3D('',#10594,#10595,#10596);
#10598=PLANE('',#10597);
#10599=ORIENTED_EDGE('',*,*,#9714,.F.);
#10601=ORIENTED_EDGE('',*,*,#10600,.T.);
#10602=ORIENTED_EDGE('',*,*,#10029,.T.);
#10603=ORIENTED_EDGE('',*,*,#10587,.F.);
#10604=EDGE_LOOP('',(#10599,#10601,#10602,#10603));
#10605=FACE_OUTER_BOUND('',#10604,.F.);
#10606=ADVANCED_FACE('',(#10605),#10598,.F.);
#10607=CARTESIAN_POINT('',(-5.77E0,-2.77E0,4.955E0));
#10608=DIRECTION('',(0.E0,-1.E0,0.E0));
#10609=DIRECTION('',(1.E0,0.E0,0.E0));
#10610=AXIS2_PLACEMENT_3D('',#10607,#10608,#10609);
#10611=PLANE('',#10610);
#10612=ORIENTED_EDGE('',*,*,#9712,.F.);
#10614=ORIENTED_EDGE('',*,*,#10613,.T.);
#10615=ORIENTED_EDGE('',*,*,#10031,.T.);
#10616=ORIENTED_EDGE('',*,*,#10600,.F.);
#10617=EDGE_LOOP('',(#10612,#10614,#10615,#10616));
#10618=FACE_OUTER_BOUND('',#10617,.F.);
#10619=ADVANCED_FACE('',(#10618),#10611,.F.);
#10620=CARTESIAN_POINT('',(-5.77E0,-2.3E-1,4.955E0));
#10621=DIRECTION('',(-1.E0,0.E0,0.E0));
#10622=DIRECTION('',(0.E0,-1.E0,0.E0));
#10623=AXIS2_PLACEMENT_3D('',#10620,#10621,#10622);
#10624=PLANE('',#10623);
#10625=ORIENTED_EDGE('',*,*,#9710,.F.);
#10626=ORIENTED_EDGE('',*,*,#10576,.T.);
#10627=ORIENTED_EDGE('',*,*,#10033,.T.);
#10628=ORIENTED_EDGE('',*,*,#10613,.F.);
#10629=EDGE_LOOP('',(#10625,#10626,#10627,#10628));
#10630=FACE_OUTER_BOUND('',#10629,.F.);
#10631=ADVANCED_FACE('',(#10630),#10624,.F.);
#10632=CARTESIAN_POINT('',(-5.77E0,2.3E-1,4.955E0));
#10633=DIRECTION('',(0.E0,-1.E0,0.E0));
#10634=DIRECTION('',(1.E0,0.E0,0.E0));
#10635=AXIS2_PLACEMENT_3D('',#10632,#10633,#10634);
#10636=PLANE('',#10635);
#10637=ORIENTED_EDGE('',*,*,#9720,.F.);
#10639=ORIENTED_EDGE('',*,*,#10638,.T.);
#10640=ORIENTED_EDGE('',*,*,#10051,.T.);
#10642=ORIENTED_EDGE('',*,*,#10641,.F.);
#10643=EDGE_LOOP('',(#10637,#10639,#10640,#10642));
#10644=FACE_OUTER_BOUND('',#10643,.F.);
#10645=ADVANCED_FACE('',(#10644),#10636,.F.);
#10646=CARTESIAN_POINT('',(-5.77E0,2.77E0,4.955E0));
#10647=DIRECTION('',(-1.E0,0.E0,0.E0));
#10648=DIRECTION('',(0.E0,-1.E0,0.E0));
#10649=AXIS2_PLACEMENT_3D('',#10646,#10647,#10648);
#10650=PLANE('',#10649);
#10651=ORIENTED_EDGE('',*,*,#9728,.F.);
#10653=ORIENTED_EDGE('',*,*,#10652,.T.);
#10654=ORIENTED_EDGE('',*,*,#10053,.T.);
#10655=ORIENTED_EDGE('',*,*,#10638,.F.);
#10656=EDGE_LOOP('',(#10651,#10653,#10654,#10655));
#10657=FACE_OUTER_BOUND('',#10656,.F.);
#10658=ADVANCED_FACE('',(#10657),#10650,.F.);
#10659=CARTESIAN_POINT('',(-3.23E0,2.77E0,4.955E0));
#10660=DIRECTION('',(0.E0,1.E0,0.E0));
#10661=DIRECTION('',(-1.E0,0.E0,0.E0));
#10662=AXIS2_PLACEMENT_3D('',#10659,#10660,#10661);
#10663=PLANE('',#10662);
#10664=ORIENTED_EDGE('',*,*,#9726,.F.);
#10666=ORIENTED_EDGE('',*,*,#10665,.T.);
#10667=ORIENTED_EDGE('',*,*,#10055,.T.);
#10668=ORIENTED_EDGE('',*,*,#10652,.F.);
#10669=EDGE_LOOP('',(#10664,#10666,#10667,#10668));
#10670=FACE_OUTER_BOUND('',#10669,.F.);
#10671=ADVANCED_FACE('',(#10670),#10663,.F.);
#10672=CARTESIAN_POINT('',(-3.23E0,9.3E-1,4.955E0));
#10673=DIRECTION('',(1.E0,0.E0,0.E0));
#10674=DIRECTION('',(0.E0,1.E0,0.E0));
#10675=AXIS2_PLACEMENT_3D('',#10672,#10673,#10674);
#10676=PLANE('',#10675);
#10677=ORIENTED_EDGE('',*,*,#9724,.F.);
#10679=ORIENTED_EDGE('',*,*,#10678,.T.);
#10680=ORIENTED_EDGE('',*,*,#10057,.T.);
#10681=ORIENTED_EDGE('',*,*,#10665,.F.);
#10682=EDGE_LOOP('',(#10677,#10679,#10680,#10681));
#10683=FACE_OUTER_BOUND('',#10682,.F.);
#10684=ADVANCED_FACE('',(#10683),#10676,.F.);
#10685=CARTESIAN_POINT('',(-3.93E0,2.3E-1,4.955E0));
#10686=DIRECTION('',(7.071067811865E-1,-7.071067811865E-1,0.E0));
#10687=DIRECTION('',(7.071067811865E-1,7.071067811865E-1,0.E0));
#10688=AXIS2_PLACEMENT_3D('',#10685,#10686,#10687);
#10689=PLANE('',#10688);
#10690=ORIENTED_EDGE('',*,*,#9722,.F.);
#10691=ORIENTED_EDGE('',*,*,#10641,.T.);
#10692=ORIENTED_EDGE('',*,*,#10059,.T.);
#10693=ORIENTED_EDGE('',*,*,#10678,.F.);
#10694=EDGE_LOOP('',(#10690,#10691,#10692,#10693));
#10695=FACE_OUTER_BOUND('',#10694,.F.);
#10696=ADVANCED_FACE('',(#10695),#10689,.F.);
#10697=CARTESIAN_POINT('',(-6.23E0,-2.07E0,4.955E0));
#10698=DIRECTION('',(1.E0,0.E0,0.E0));
#10699=DIRECTION('',(0.E0,1.E0,0.E0));
#10700=AXIS2_PLACEMENT_3D('',#10697,#10698,#10699);
#10701=PLANE('',#10700);
#10702=ORIENTED_EDGE('',*,*,#9622,.F.);
#10704=ORIENTED_EDGE('',*,*,#10703,.T.);
#10705=ORIENTED_EDGE('',*,*,#10077,.T.);
#10707=ORIENTED_EDGE('',*,*,#10706,.F.);
#10708=EDGE_LOOP('',(#10702,#10704,#10705,#10707));
#10709=FACE_OUTER_BOUND('',#10708,.F.);
#10710=ADVANCED_FACE('',(#10709),#10701,.F.);
#10711=CARTESIAN_POINT('',(-6.93E0,-2.77E0,4.955E0));
#10712=DIRECTION('',(7.071067811865E-1,-7.071067811865E-1,0.E0));
#10713=DIRECTION('',(7.071067811865E-1,7.071067811865E-1,0.E0));
#10714=AXIS2_PLACEMENT_3D('',#10711,#10712,#10713);
#10715=PLANE('',#10714);
#10716=ORIENTED_EDGE('',*,*,#9620,.F.);
#10718=ORIENTED_EDGE('',*,*,#10717,.T.);
#10719=ORIENTED_EDGE('',*,*,#10079,.T.);
#10720=ORIENTED_EDGE('',*,*,#10703,.F.);
#10721=EDGE_LOOP('',(#10716,#10718,#10719,#10720));
#10722=FACE_OUTER_BOUND('',#10721,.F.);
#10723=ADVANCED_FACE('',(#10722),#10715,.F.);
#10724=CARTESIAN_POINT('',(-8.77E0,-2.77E0,4.955E0));
#10725=DIRECTION('',(0.E0,-1.E0,0.E0));
#10726=DIRECTION('',(1.E0,0.E0,0.E0));
#10727=AXIS2_PLACEMENT_3D('',#10724,#10725,#10726);
#10728=PLANE('',#10727);
#10729=ORIENTED_EDGE('',*,*,#9618,.F.);
#10731=ORIENTED_EDGE('',*,*,#10730,.T.);
#10732=ORIENTED_EDGE('',*,*,#10081,.T.);
#10733=ORIENTED_EDGE('',*,*,#10717,.F.);
#10734=EDGE_LOOP('',(#10729,#10731,#10732,#10733));
#10735=FACE_OUTER_BOUND('',#10734,.F.);
#10736=ADVANCED_FACE('',(#10735),#10728,.F.);
#10737=CARTESIAN_POINT('',(-8.77E0,-2.3E-1,4.955E0));
#10738=DIRECTION('',(-1.E0,0.E0,0.E0));
#10739=DIRECTION('',(0.E0,-1.E0,0.E0));
#10740=AXIS2_PLACEMENT_3D('',#10737,#10738,#10739);
#10741=PLANE('',#10740);
#10742=ORIENTED_EDGE('',*,*,#10730,.F.);
#10743=ORIENTED_EDGE('',*,*,#9616,.F.);
#10745=ORIENTED_EDGE('',*,*,#10744,.T.);
#10746=ORIENTED_EDGE('',*,*,#10083,.T.);
#10747=EDGE_LOOP('',(#10742,#10743,#10745,#10746));
#10748=FACE_OUTER_BOUND('',#10747,.F.);
#10749=ADVANCED_FACE('',(#10748),#10741,.F.);
#10750=CARTESIAN_POINT('',(-6.23E0,-2.3E-1,4.955E0));
#10751=DIRECTION('',(0.E0,1.E0,0.E0));
#10752=DIRECTION('',(-1.E0,0.E0,0.E0));
#10753=AXIS2_PLACEMENT_3D('',#10750,#10751,#10752);
#10754=PLANE('',#10753);
#10755=ORIENTED_EDGE('',*,*,#9614,.F.);
#10756=ORIENTED_EDGE('',*,*,#10706,.T.);
#10757=ORIENTED_EDGE('',*,*,#10085,.T.);
#10758=ORIENTED_EDGE('',*,*,#10744,.F.);
#10759=EDGE_LOOP('',(#10755,#10756,#10757,#10758));
#10760=FACE_OUTER_BOUND('',#10759,.F.);
#10761=ADVANCED_FACE('',(#10760),#10754,.F.);
#10762=CARTESIAN_POINT('',(-6.23E0,9.3E-1,4.955E0));
#10763=DIRECTION('',(1.E0,0.E0,0.E0));
#10764=DIRECTION('',(0.E0,1.E0,0.E0));
#10765=AXIS2_PLACEMENT_3D('',#10762,#10763,#10764);
#10766=PLANE('',#10765);
#10767=ORIENTED_EDGE('',*,*,#9634,.F.);
#10769=ORIENTED_EDGE('',*,*,#10768,.T.);
#10770=ORIENTED_EDGE('',*,*,#10104,.T.);
#10772=ORIENTED_EDGE('',*,*,#10771,.F.);
#10773=EDGE_LOOP('',(#10767,#10769,#10770,#10772));
#10774=FACE_OUTER_BOUND('',#10773,.F.);
#10775=ADVANCED_FACE('',(#10774),#10766,.F.);
#10776=CARTESIAN_POINT('',(-6.93E0,2.3E-1,4.955E0));
#10777=DIRECTION('',(7.071067811865E-1,-7.071067811865E-1,0.E0));
#10778=DIRECTION('',(7.071067811865E-1,7.071067811865E-1,0.E0));
#10779=AXIS2_PLACEMENT_3D('',#10776,#10777,#10778);
#10780=PLANE('',#10779);
#10781=ORIENTED_EDGE('',*,*,#9632,.F.);
#10783=ORIENTED_EDGE('',*,*,#10782,.T.);
#10784=ORIENTED_EDGE('',*,*,#10106,.T.);
#10785=ORIENTED_EDGE('',*,*,#10768,.F.);
#10786=EDGE_LOOP('',(#10781,#10783,#10784,#10785));
#10787=FACE_OUTER_BOUND('',#10786,.F.);
#10788=ADVANCED_FACE('',(#10787),#10780,.F.);
#10789=CARTESIAN_POINT('',(-8.77E0,2.3E-1,4.955E0));
#10790=DIRECTION('',(0.E0,-1.E0,0.E0));
#10791=DIRECTION('',(1.E0,0.E0,0.E0));
#10792=AXIS2_PLACEMENT_3D('',#10789,#10790,#10791);
#10793=PLANE('',#10792);
#10794=ORIENTED_EDGE('',*,*,#9630,.F.);
#10796=ORIENTED_EDGE('',*,*,#10795,.T.);
#10797=ORIENTED_EDGE('',*,*,#10108,.T.);
#10798=ORIENTED_EDGE('',*,*,#10782,.F.);
#10799=EDGE_LOOP('',(#10794,#10796,#10797,#10798));
#10800=FACE_OUTER_BOUND('',#10799,.F.);
#10801=ADVANCED_FACE('',(#10800),#10793,.F.);
#10802=CARTESIAN_POINT('',(-8.77E0,2.77E0,4.955E0));
#10803=DIRECTION('',(-1.E0,0.E0,0.E0));
#10804=DIRECTION('',(0.E0,-1.E0,0.E0));
#10805=AXIS2_PLACEMENT_3D('',#10802,#10803,#10804);
#10806=PLANE('',#10805);
#10808=ORIENTED_EDGE('',*,*,#10807,.T.);
#10809=ORIENTED_EDGE('',*,*,#10110,.T.);
#10810=ORIENTED_EDGE('',*,*,#10795,.F.);
#10811=ORIENTED_EDGE('',*,*,#9628,.F.);
#10812=EDGE_LOOP('',(#10808,#10809,#10810,#10811));
#10813=FACE_OUTER_BOUND('',#10812,.F.);
#10814=ADVANCED_FACE('',(#10813),#10806,.F.);
#10815=CARTESIAN_POINT('',(-6.23E0,2.77E0,4.955E0));
#10816=DIRECTION('',(0.E0,1.E0,0.E0));
#10817=DIRECTION('',(-1.E0,0.E0,0.E0));
#10818=AXIS2_PLACEMENT_3D('',#10815,#10816,#10817);
#10819=PLANE('',#10818);
#10820=ORIENTED_EDGE('',*,*,#9626,.F.);
#10821=ORIENTED_EDGE('',*,*,#10771,.T.);
#10822=ORIENTED_EDGE('',*,*,#10112,.T.);
#10823=ORIENTED_EDGE('',*,*,#10807,.F.);
#10824=EDGE_LOOP('',(#10820,#10821,#10822,#10823));
#10825=FACE_OUTER_BOUND('',#10824,.F.);
#10826=ADVANCED_FACE('',(#10825),#10819,.F.);
#10827=CARTESIAN_POINT('',(7.82E0,0.E0,0.E0));
#10828=DIRECTION('',(1.E0,0.E0,0.E0));
#10829=DIRECTION('',(0.E0,0.E0,-1.E0));
#10830=AXIS2_PLACEMENT_3D('',#10827,#10828,#10829);
#10831=PLANE('',#10830);
#10833=ORIENTED_EDGE('',*,*,#10832,.F.);
#10835=ORIENTED_EDGE('',*,*,#10834,.F.);
#10837=ORIENTED_EDGE('',*,*,#10836,.F.);
#10839=ORIENTED_EDGE('',*,*,#10838,.F.);
#10841=ORIENTED_EDGE('',*,*,#10840,.F.);
#10843=ORIENTED_EDGE('',*,*,#10842,.F.);
#10845=ORIENTED_EDGE('',*,*,#10844,.F.);
#10847=ORIENTED_EDGE('',*,*,#10846,.F.);
#10849=ORIENTED_EDGE('',*,*,#10848,.F.);
#10850=ORIENTED_EDGE('',*,*,#7386,.T.);
#10851=ORIENTED_EDGE('',*,*,#7245,.T.);
#10852=ORIENTED_EDGE('',*,*,#7727,.T.);
#10853=EDGE_LOOP('',(#10833,#10835,#10837,#10839,#10841,#10843,#10845,#10847,
#10849,#10850,#10851,#10852));
#10854=FACE_OUTER_BOUND('',#10853,.F.);
#10855=ADVANCED_FACE('',(#10854),#10831,.T.);
#10856=CARTESIAN_POINT('',(7.82E0,0.E0,0.E0));
#10857=DIRECTION('',(1.E0,0.E0,0.E0));
#10858=DIRECTION('',(0.E0,0.E0,-1.E0));
#10859=AXIS2_PLACEMENT_3D('',#10856,#10857,#10858);
#10860=PLANE('',#10859);
#10861=ORIENTED_EDGE('',*,*,#7390,.T.);
#10863=ORIENTED_EDGE('',*,*,#10862,.F.);
#10865=ORIENTED_EDGE('',*,*,#10864,.F.);
#10867=ORIENTED_EDGE('',*,*,#10866,.F.);
#10868=EDGE_LOOP('',(#10861,#10863,#10865,#10867));
#10869=FACE_OUTER_BOUND('',#10868,.F.);
#10870=ADVANCED_FACE('',(#10869),#10860,.T.);
#10871=CARTESIAN_POINT('',(7.82E0,0.E0,0.E0));
#10872=DIRECTION('',(1.E0,0.E0,0.E0));
#10873=DIRECTION('',(0.E0,0.E0,-1.E0));
#10874=AXIS2_PLACEMENT_3D('',#10871,#10872,#10873);
#10875=PLANE('',#10874);
#10876=ORIENTED_EDGE('',*,*,#8443,.F.);
#10877=ORIENTED_EDGE('',*,*,#8300,.T.);
#10879=ORIENTED_EDGE('',*,*,#10878,.F.);
#10881=ORIENTED_EDGE('',*,*,#10880,.F.);
#10883=ORIENTED_EDGE('',*,*,#10882,.F.);
#10885=ORIENTED_EDGE('',*,*,#10884,.F.);
#10886=EDGE_LOOP('',(#10876,#10877,#10879,#10881,#10883,#10885));
#10887=FACE_OUTER_BOUND('',#10886,.F.);
#10888=ADVANCED_FACE('',(#10887),#10875,.T.);
#10889=CARTESIAN_POINT('',(7.82E0,0.E0,0.E0));
#10890=DIRECTION('',(1.E0,0.E0,0.E0));
#10891=DIRECTION('',(0.E0,0.E0,-1.E0));
#10892=AXIS2_PLACEMENT_3D('',#10889,#10890,#10891);
#10893=PLANE('',#10892);
#10895=ORIENTED_EDGE('',*,*,#10894,.F.);
#10897=ORIENTED_EDGE('',*,*,#10896,.F.);
#10898=ORIENTED_EDGE('',*,*,#9815,.F.);
#10900=ORIENTED_EDGE('',*,*,#10899,.F.);
#10901=EDGE_LOOP('',(#10895,#10897,#10898,#10900));
#10902=FACE_OUTER_BOUND('',#10901,.F.);
#10903=ADVANCED_FACE('',(#10902),#10893,.T.);
#10904=CARTESIAN_POINT('',(7.82E0,0.E0,0.E0));
#10905=DIRECTION('',(1.E0,0.E0,0.E0));
#10906=DIRECTION('',(0.E0,0.E0,-1.E0));
#10907=AXIS2_PLACEMENT_3D('',#10904,#10905,#10906);
#10908=PLANE('',#10907);
#10910=ORIENTED_EDGE('',*,*,#10909,.F.);
#10912=ORIENTED_EDGE('',*,*,#10911,.F.);
#10913=ORIENTED_EDGE('',*,*,#9843,.F.);
#10915=ORIENTED_EDGE('',*,*,#10914,.F.);
#10916=EDGE_LOOP('',(#10910,#10912,#10913,#10915));
#10917=FACE_OUTER_BOUND('',#10916,.F.);
#10918=ADVANCED_FACE('',(#10917),#10908,.T.);
#10919=CARTESIAN_POINT('',(7.82E0,1.82E0,-6.905E0));
#10920=DIRECTION('',(0.E0,1.E0,0.E0));
#10921=DIRECTION('',(0.E0,0.E0,1.E0));
#10922=AXIS2_PLACEMENT_3D('',#10919,#10920,#10921);
#10923=PLANE('',#10922);
#10925=ORIENTED_EDGE('',*,*,#10924,.F.);
#10927=ORIENTED_EDGE('',*,*,#10926,.F.);
#10929=ORIENTED_EDGE('',*,*,#10928,.F.);
#10930=ORIENTED_EDGE('',*,*,#10832,.T.);
#10932=ORIENTED_EDGE('',*,*,#10931,.F.);
#10934=ORIENTED_EDGE('',*,*,#10933,.F.);
#10935=EDGE_LOOP('',(#10925,#10927,#10929,#10930,#10932,#10934));
#10936=FACE_OUTER_BOUND('',#10935,.F.);
#10937=ADVANCED_FACE('',(#10936),#10923,.T.);
#10938=CARTESIAN_POINT('',(7.82E0,1.82E0,-6.905E0));
#10939=DIRECTION('',(0.E0,1.E0,0.E0));
#10940=DIRECTION('',(0.E0,0.E0,1.E0));
#10941=AXIS2_PLACEMENT_3D('',#10938,#10939,#10940);
#10942=PLANE('',#10941);
#10944=ORIENTED_EDGE('',*,*,#10943,.T.);
#10946=ORIENTED_EDGE('',*,*,#10945,.F.);
#10947=ORIENTED_EDGE('',*,*,#9817,.T.);
#10948=ORIENTED_EDGE('',*,*,#10896,.T.);
#10949=EDGE_LOOP('',(#10944,#10946,#10947,#10948));
#10950=FACE_OUTER_BOUND('',#10949,.F.);
#10951=ADVANCED_FACE('',(#10950),#10942,.T.);
#10952=CARTESIAN_POINT('',(7.18E0,3.43E0,-4.955E0));
#10953=DIRECTION('',(-1.E0,0.E0,0.E0));
#10954=DIRECTION('',(0.E0,0.E0,1.E0));
#10955=AXIS2_PLACEMENT_3D('',#10952,#10953,#10954);
#10956=PLANE('',#10955);
#10958=ORIENTED_EDGE('',*,*,#10957,.F.);
#10959=ORIENTED_EDGE('',*,*,#7693,.F.);
#10960=ORIENTED_EDGE('',*,*,#7740,.F.);
#10961=ORIENTED_EDGE('',*,*,#10924,.T.);
#10962=EDGE_LOOP('',(#10958,#10959,#10960,#10961));
#10963=FACE_OUTER_BOUND('',#10962,.F.);
#10964=ADVANCED_FACE('',(#10963),#10956,.F.);
#10965=CARTESIAN_POINT('',(7.18E0,3.43E0,-4.955E0));
#10966=DIRECTION('',(-1.E0,0.E0,0.E0));
#10967=DIRECTION('',(0.E0,0.E0,1.E0));
#10968=AXIS2_PLACEMENT_3D('',#10965,#10966,#10967);
#10969=PLANE('',#10968);
#10971=ORIENTED_EDGE('',*,*,#10970,.F.);
#10972=ORIENTED_EDGE('',*,*,#7400,.F.);
#10974=ORIENTED_EDGE('',*,*,#10973,.T.);
#10976=ORIENTED_EDGE('',*,*,#10975,.F.);
#10977=EDGE_LOOP('',(#10971,#10972,#10974,#10976));
#10978=FACE_OUTER_BOUND('',#10977,.F.);
#10979=ADVANCED_FACE('',(#10978),#10969,.F.);
#10980=CARTESIAN_POINT('',(7.18E0,3.43E0,-4.955E0));
#10981=DIRECTION('',(-1.E0,0.E0,0.E0));
#10982=DIRECTION('',(0.E0,0.E0,1.E0));
#10983=AXIS2_PLACEMENT_3D('',#10980,#10981,#10982);
#10984=PLANE('',#10983);
#10985=ORIENTED_EDGE('',*,*,#7396,.F.);
#10987=ORIENTED_EDGE('',*,*,#10986,.F.);
#10989=ORIENTED_EDGE('',*,*,#10988,.F.);
#10991=ORIENTED_EDGE('',*,*,#10990,.F.);
#10992=EDGE_LOOP('',(#10985,#10987,#10989,#10991));
#10993=FACE_OUTER_BOUND('',#10992,.F.);
#10994=ADVANCED_FACE('',(#10993),#10984,.F.);
#10995=CARTESIAN_POINT('',(7.18E0,3.43E0,-3.655E0));
#10996=DIRECTION('',(0.E0,0.E0,1.E0));
#10997=DIRECTION('',(1.E0,0.E0,0.E0));
#10998=AXIS2_PLACEMENT_3D('',#10995,#10996,#10997);
#10999=PLANE('',#10998);
#11000=ORIENTED_EDGE('',*,*,#10957,.T.);
#11001=ORIENTED_EDGE('',*,*,#10933,.T.);
#11003=ORIENTED_EDGE('',*,*,#11002,.F.);
#11004=ORIENTED_EDGE('',*,*,#7695,.F.);
#11005=EDGE_LOOP('',(#11000,#11001,#11003,#11004));
#11006=FACE_OUTER_BOUND('',#11005,.F.);
#11007=ADVANCED_FACE('',(#11006),#10999,.F.);
#11008=CARTESIAN_POINT('',(7.18E0,3.43E0,-3.655E0));
#11009=DIRECTION('',(0.E0,0.E0,1.E0));
#11010=DIRECTION('',(1.E0,0.E0,0.E0));
#11011=AXIS2_PLACEMENT_3D('',#11008,#11009,#11010);
#11012=PLANE('',#11011);
#11014=ORIENTED_EDGE('',*,*,#11013,.F.);
#11015=ORIENTED_EDGE('',*,*,#10975,.T.);
#11017=ORIENTED_EDGE('',*,*,#11016,.T.);
#11019=ORIENTED_EDGE('',*,*,#11018,.F.);
#11020=EDGE_LOOP('',(#11014,#11015,#11017,#11019));
#11021=FACE_OUTER_BOUND('',#11020,.F.);
#11022=ADVANCED_FACE('',(#11021),#11012,.F.);
#11023=CARTESIAN_POINT('',(7.18E0,3.43E0,-3.655E0));
#11024=DIRECTION('',(0.E0,0.E0,1.E0));
#11025=DIRECTION('',(1.E0,0.E0,0.E0));
#11026=AXIS2_PLACEMENT_3D('',#11023,#11024,#11025);
#11027=PLANE('',#11026);
#11029=ORIENTED_EDGE('',*,*,#11028,.F.);
#11030=ORIENTED_EDGE('',*,*,#10988,.T.);
#11032=ORIENTED_EDGE('',*,*,#11031,.T.);
#11034=ORIENTED_EDGE('',*,*,#11033,.F.);
#11035=EDGE_LOOP('',(#11029,#11030,#11032,#11034));
#11036=FACE_OUTER_BOUND('',#11035,.F.);
#11037=ADVANCED_FACE('',(#11036),#11027,.F.);
#11038=CARTESIAN_POINT('',(7.82E0,3.43E0,-3.655E0));
#11039=DIRECTION('',(1.E0,0.E0,0.E0));
#11040=DIRECTION('',(0.E0,0.E0,-1.E0));
#11041=AXIS2_PLACEMENT_3D('',#11038,#11039,#11040);
#11042=PLANE('',#11041);
#11043=ORIENTED_EDGE('',*,*,#11002,.T.);
#11044=ORIENTED_EDGE('',*,*,#10931,.T.);
#11045=ORIENTED_EDGE('',*,*,#7725,.T.);
#11046=ORIENTED_EDGE('',*,*,#7697,.T.);
#11047=EDGE_LOOP('',(#11043,#11044,#11045,#11046));
#11048=FACE_OUTER_BOUND('',#11047,.F.);
#11049=ADVANCED_FACE('',(#11048),#11042,.F.);
#11050=CARTESIAN_POINT('',(7.82E0,3.43E0,-3.655E0));
#11051=DIRECTION('',(1.E0,0.E0,0.E0));
#11052=DIRECTION('',(0.E0,0.E0,-1.E0));
#11053=AXIS2_PLACEMENT_3D('',#11050,#11051,#11052);
#11054=PLANE('',#11053);
#11056=ORIENTED_EDGE('',*,*,#11055,.F.);
#11057=ORIENTED_EDGE('',*,*,#11018,.T.);
#11059=ORIENTED_EDGE('',*,*,#11058,.T.);
#11060=ORIENTED_EDGE('',*,*,#7388,.T.);
#11061=EDGE_LOOP('',(#11056,#11057,#11059,#11060));
#11062=FACE_OUTER_BOUND('',#11061,.F.);
#11063=ADVANCED_FACE('',(#11062),#11054,.F.);
#11064=CARTESIAN_POINT('',(7.82E0,3.43E0,-3.655E0));
#11065=DIRECTION('',(1.E0,0.E0,0.E0));
#11066=DIRECTION('',(0.E0,0.E0,-1.E0));
#11067=AXIS2_PLACEMENT_3D('',#11064,#11065,#11066);
#11068=PLANE('',#11067);
#11069=ORIENTED_EDGE('',*,*,#7392,.T.);
#11071=ORIENTED_EDGE('',*,*,#11070,.F.);
#11072=ORIENTED_EDGE('',*,*,#11033,.T.);
#11074=ORIENTED_EDGE('',*,*,#11073,.T.);
#11075=EDGE_LOOP('',(#11069,#11071,#11072,#11074));
#11076=FACE_OUTER_BOUND('',#11075,.F.);
#11077=ADVANCED_FACE('',(#11076),#11068,.F.);
#11078=CARTESIAN_POINT('',(7.82E0,1.18E0,2.555E0));
#11079=DIRECTION('',(0.E0,-1.E0,0.E0));
#11080=DIRECTION('',(0.E0,0.E0,-1.E0));
#11081=AXIS2_PLACEMENT_3D('',#11078,#11079,#11080);
#11082=PLANE('',#11081);
#11083=ORIENTED_EDGE('',*,*,#10970,.T.);
#11084=ORIENTED_EDGE('',*,*,#11013,.T.);
#11085=ORIENTED_EDGE('',*,*,#11055,.T.);
#11086=ORIENTED_EDGE('',*,*,#10848,.T.);
#11088=ORIENTED_EDGE('',*,*,#11087,.T.);
#11090=ORIENTED_EDGE('',*,*,#11089,.F.);
#11091=EDGE_LOOP('',(#11083,#11084,#11085,#11086,#11088,#11090));
#11092=FACE_OUTER_BOUND('',#11091,.F.);
#11093=ADVANCED_FACE('',(#11092),#11082,.T.);
#11094=CARTESIAN_POINT('',(7.82E0,1.18E0,2.555E0));
#11095=DIRECTION('',(0.E0,-1.E0,0.E0));
#11096=DIRECTION('',(0.E0,0.E0,-1.E0));
#11097=AXIS2_PLACEMENT_3D('',#11094,#11095,#11096);
#11098=PLANE('',#11097);
#11100=ORIENTED_EDGE('',*,*,#11099,.F.);
#11101=ORIENTED_EDGE('',*,*,#10899,.T.);
#11102=ORIENTED_EDGE('',*,*,#9821,.F.);
#11104=ORIENTED_EDGE('',*,*,#11103,.F.);
#11105=EDGE_LOOP('',(#11100,#11101,#11102,#11104));
#11106=FACE_OUTER_BOUND('',#11105,.F.);
#11107=ADVANCED_FACE('',(#11106),#11098,.T.);
#11108=CARTESIAN_POINT('',(7.82E0,6.8E-1,-5.710030241322E0));
#11109=DIRECTION('',(1.E0,0.E0,0.E0));
#11110=DIRECTION('',(0.E0,0.E0,-1.E0));
#11111=AXIS2_PLACEMENT_3D('',#11108,#11109,#11110);
#11112=CYLINDRICAL_SURFACE('',#11111,5.E-1);
#11113=ORIENTED_EDGE('',*,*,#10846,.T.);
#11115=ORIENTED_EDGE('',*,*,#11114,.T.);
#11117=ORIENTED_EDGE('',*,*,#11116,.F.);
#11118=ORIENTED_EDGE('',*,*,#11087,.F.);
#11119=EDGE_LOOP('',(#11113,#11115,#11117,#11118));
#11120=FACE_OUTER_BOUND('',#11119,.F.);
#11121=ADVANCED_FACE('',(#11120),#11112,.F.);
#11122=CARTESIAN_POINT('',(7.82E0,8.938922490563E-1,-6.161970619905E0));
#11123=DIRECTION('',(0.E0,-4.277844981127E-1,9.038807571657E-1));
#11124=DIRECTION('',(0.E0,-9.038807571657E-1,-4.277844981127E-1));
#11125=AXIS2_PLACEMENT_3D('',#11122,#11123,#11124);
#11126=PLANE('',#11125);
#11127=ORIENTED_EDGE('',*,*,#10844,.T.);
#11129=ORIENTED_EDGE('',*,*,#11128,.T.);
#11131=ORIENTED_EDGE('',*,*,#11130,.F.);
#11132=ORIENTED_EDGE('',*,*,#11114,.F.);
#11133=EDGE_LOOP('',(#11127,#11129,#11131,#11132));
#11134=FACE_OUTER_BOUND('',#11133,.F.);
#11135=ADVANCED_FACE('',(#11134),#11126,.T.);
#11136=CARTESIAN_POINT('',(7.82E0,-3.93E0,-8.445E0));
#11137=DIRECTION('',(0.E0,-1.E0,0.E0));
#11138=DIRECTION('',(0.E0,0.E0,-1.E0));
#11139=AXIS2_PLACEMENT_3D('',#11136,#11137,#11138);
#11140=PLANE('',#11139);
#11141=ORIENTED_EDGE('',*,*,#10842,.T.);
#11143=ORIENTED_EDGE('',*,*,#11142,.T.);
#11145=ORIENTED_EDGE('',*,*,#11144,.F.);
#11146=ORIENTED_EDGE('',*,*,#11128,.F.);
#11147=EDGE_LOOP('',(#11141,#11143,#11145,#11146));
#11148=FACE_OUTER_BOUND('',#11147,.F.);
#11149=ADVANCED_FACE('',(#11148),#11140,.T.);
#11150=CARTESIAN_POINT('',(7.82E0,-3.61E0,-1.0125E1));
#11151=DIRECTION('',(1.E0,0.E0,0.E0));
#11152=DIRECTION('',(0.E0,0.E0,-1.E0));
#11153=AXIS2_PLACEMENT_3D('',#11150,#11151,#11152);
#11154=CYLINDRICAL_SURFACE('',#11153,3.2E-1);
#11155=ORIENTED_EDGE('',*,*,#10840,.T.);
#11157=ORIENTED_EDGE('',*,*,#11156,.T.);
#11159=ORIENTED_EDGE('',*,*,#11158,.F.);
#11160=ORIENTED_EDGE('',*,*,#11142,.F.);
#11161=EDGE_LOOP('',(#11155,#11157,#11159,#11160));
#11162=FACE_OUTER_BOUND('',#11161,.F.);
#11163=ADVANCED_FACE('',(#11162),#11154,.T.);
#11164=CARTESIAN_POINT('',(7.82E0,-3.29E0,-1.0125E1));
#11165=DIRECTION('',(0.E0,1.E0,0.E0));
#11166=DIRECTION('',(0.E0,0.E0,1.E0));
#11167=AXIS2_PLACEMENT_3D('',#11164,#11165,#11166);
#11168=PLANE('',#11167);
#11169=ORIENTED_EDGE('',*,*,#10838,.T.);
#11171=ORIENTED_EDGE('',*,*,#11170,.T.);
#11173=ORIENTED_EDGE('',*,*,#11172,.F.);
#11174=ORIENTED_EDGE('',*,*,#11156,.F.);
#11175=EDGE_LOOP('',(#11169,#11171,#11173,#11174));
#11176=FACE_OUTER_BOUND('',#11175,.F.);
#11177=ADVANCED_FACE('',(#11176),#11168,.T.);
#11178=CARTESIAN_POINT('',(7.82E0,-3.29E0,-8.850161763103E0));
#11179=DIRECTION('',(0.E0,4.277844981127E-1,-9.038807571657E-1));
#11180=DIRECTION('',(0.E0,9.038807571657E-1,4.277844981127E-1));
#11181=AXIS2_PLACEMENT_3D('',#11178,#11179,#11180);
#11182=PLANE('',#11181);
#11183=ORIENTED_EDGE('',*,*,#10836,.T.);
#11185=ORIENTED_EDGE('',*,*,#11184,.T.);
#11187=ORIENTED_EDGE('',*,*,#11186,.F.);
#11188=ORIENTED_EDGE('',*,*,#11170,.F.);
#11189=EDGE_LOOP('',(#11183,#11185,#11187,#11188));
#11190=FACE_OUTER_BOUND('',#11189,.F.);
#11191=ADVANCED_FACE('',(#11190),#11182,.T.);
#11192=CARTESIAN_POINT('',(7.82E0,8.2E-1,-6.905E0));
#11193=DIRECTION('',(0.E0,0.E0,-1.E0));
#11194=DIRECTION('',(0.E0,1.E0,0.E0));
#11195=AXIS2_PLACEMENT_3D('',#11192,#11193,#11194);
#11196=PLANE('',#11195);
#11197=ORIENTED_EDGE('',*,*,#10834,.T.);
#11198=ORIENTED_EDGE('',*,*,#10928,.T.);
#11200=ORIENTED_EDGE('',*,*,#11199,.F.);
#11201=ORIENTED_EDGE('',*,*,#11184,.F.);
#11202=EDGE_LOOP('',(#11197,#11198,#11200,#11201));
#11203=FACE_OUTER_BOUND('',#11202,.F.);
#11204=ADVANCED_FACE('',(#11203),#11196,.T.);
#11205=CARTESIAN_POINT('',(7.18E0,0.E0,0.E0));
#11206=DIRECTION('',(1.E0,0.E0,0.E0));
#11207=DIRECTION('',(0.E0,0.E0,-1.E0));
#11208=AXIS2_PLACEMENT_3D('',#11205,#11206,#11207);
#11209=PLANE('',#11208);
#11210=ORIENTED_EDGE('',*,*,#8296,.F.);
#11211=ORIENTED_EDGE('',*,*,#8447,.T.);
#11213=ORIENTED_EDGE('',*,*,#11212,.T.);
#11215=ORIENTED_EDGE('',*,*,#11214,.T.);
#11217=ORIENTED_EDGE('',*,*,#11216,.T.);
#11219=ORIENTED_EDGE('',*,*,#11218,.T.);
#11220=EDGE_LOOP('',(#11210,#11211,#11213,#11215,#11217,#11219));
#11221=FACE_OUTER_BOUND('',#11220,.F.);
#11222=ADVANCED_FACE('',(#11221),#11209,.F.);
#11223=CARTESIAN_POINT('',(7.18E0,0.E0,0.E0));
#11224=DIRECTION('',(1.E0,0.E0,0.E0));
#11225=DIRECTION('',(0.E0,0.E0,-1.E0));
#11226=AXIS2_PLACEMENT_3D('',#11223,#11224,#11225);
#11227=PLANE('',#11226);
#11228=ORIENTED_EDGE('',*,*,#10926,.T.);
#11229=ORIENTED_EDGE('',*,*,#7738,.F.);
#11230=ORIENTED_EDGE('',*,*,#7257,.F.);
#11231=ORIENTED_EDGE('',*,*,#7402,.F.);
#11232=ORIENTED_EDGE('',*,*,#11089,.T.);
#11233=ORIENTED_EDGE('',*,*,#11116,.T.);
#11234=ORIENTED_EDGE('',*,*,#11130,.T.);
#11235=ORIENTED_EDGE('',*,*,#11144,.T.);
#11236=ORIENTED_EDGE('',*,*,#11158,.T.);
#11237=ORIENTED_EDGE('',*,*,#11172,.T.);
#11238=ORIENTED_EDGE('',*,*,#11186,.T.);
#11239=ORIENTED_EDGE('',*,*,#11199,.T.);
#11240=EDGE_LOOP('',(#11228,#11229,#11230,#11231,#11232,#11233,#11234,#11235,
#11236,#11237,#11238,#11239));
#11241=FACE_OUTER_BOUND('',#11240,.F.);
#11242=ADVANCED_FACE('',(#11241),#11227,.F.);
#11243=CARTESIAN_POINT('',(7.18E0,0.E0,0.E0));
#11244=DIRECTION('',(1.E0,0.E0,0.E0));
#11245=DIRECTION('',(0.E0,0.E0,-1.E0));
#11246=AXIS2_PLACEMENT_3D('',#11243,#11244,#11245);
#11247=PLANE('',#11246);
#11248=ORIENTED_EDGE('',*,*,#7398,.F.);
#11250=ORIENTED_EDGE('',*,*,#11249,.T.);
#11252=ORIENTED_EDGE('',*,*,#11251,.T.);
#11254=ORIENTED_EDGE('',*,*,#11253,.T.);
#11255=EDGE_LOOP('',(#11248,#11250,#11252,#11254));
#11256=FACE_OUTER_BOUND('',#11255,.F.);
#11257=ADVANCED_FACE('',(#11256),#11247,.F.);
#11258=CARTESIAN_POINT('',(7.18E0,0.E0,0.E0));
#11259=DIRECTION('',(1.E0,0.E0,0.E0));
#11260=DIRECTION('',(0.E0,0.E0,-1.E0));
#11261=AXIS2_PLACEMENT_3D('',#11258,#11259,#11260);
#11262=PLANE('',#11261);
#11264=ORIENTED_EDGE('',*,*,#11263,.F.);
#11265=ORIENTED_EDGE('',*,*,#11103,.T.);
#11266=ORIENTED_EDGE('',*,*,#9819,.T.);
#11267=ORIENTED_EDGE('',*,*,#10945,.T.);
#11268=EDGE_LOOP('',(#11264,#11265,#11266,#11267));
#11269=FACE_OUTER_BOUND('',#11268,.F.);
#11270=ADVANCED_FACE('',(#11269),#11262,.F.);
#11271=CARTESIAN_POINT('',(7.18E0,0.E0,0.E0));
#11272=DIRECTION('',(1.E0,0.E0,0.E0));
#11273=DIRECTION('',(0.E0,0.E0,-1.E0));
#11274=AXIS2_PLACEMENT_3D('',#11271,#11272,#11273);
#11275=PLANE('',#11274);
#11277=ORIENTED_EDGE('',*,*,#11276,.F.);
#11279=ORIENTED_EDGE('',*,*,#11278,.T.);
#11280=ORIENTED_EDGE('',*,*,#9847,.T.);
#11282=ORIENTED_EDGE('',*,*,#11281,.T.);
#11283=EDGE_LOOP('',(#11277,#11279,#11280,#11282));
#11284=FACE_OUTER_BOUND('',#11283,.F.);
#11285=ADVANCED_FACE('',(#11284),#11275,.F.);
#11286=CARTESIAN_POINT('',(7.82E0,-1.82E0,-3.745E0));
#11287=DIRECTION('',(0.E0,0.E0,1.E0));
#11288=DIRECTION('',(0.E0,-1.E0,0.E0));
#11289=AXIS2_PLACEMENT_3D('',#11286,#11287,#11288);
#11290=PLANE('',#11289);
#11291=ORIENTED_EDGE('',*,*,#10884,.T.);
#11293=ORIENTED_EDGE('',*,*,#11292,.T.);
#11294=ORIENTED_EDGE('',*,*,#11212,.F.);
#11295=ORIENTED_EDGE('',*,*,#8445,.T.);
#11296=EDGE_LOOP('',(#11291,#11293,#11294,#11295));
#11297=FACE_OUTER_BOUND('',#11296,.F.);
#11298=ADVANCED_FACE('',(#11297),#11290,.T.);
#11299=CARTESIAN_POINT('',(7.82E0,-3.93E0,-3.745E0));
#11300=DIRECTION('',(0.E0,-1.E0,0.E0));
#11301=DIRECTION('',(0.E0,0.E0,-1.E0));
#11302=AXIS2_PLACEMENT_3D('',#11299,#11300,#11301);
#11303=PLANE('',#11302);
#11304=ORIENTED_EDGE('',*,*,#10882,.T.);
#11306=ORIENTED_EDGE('',*,*,#11305,.T.);
#11307=ORIENTED_EDGE('',*,*,#11214,.F.);
#11308=ORIENTED_EDGE('',*,*,#11292,.F.);
#11309=EDGE_LOOP('',(#11304,#11306,#11307,#11308));
#11310=FACE_OUTER_BOUND('',#11309,.F.);
#11311=ADVANCED_FACE('',(#11310),#11303,.T.);
#11312=CARTESIAN_POINT('',(7.82E0,-3.61E0,-5.425E0));
#11313=DIRECTION('',(1.E0,0.E0,0.E0));
#11314=DIRECTION('',(0.E0,0.E0,-1.E0));
#11315=AXIS2_PLACEMENT_3D('',#11312,#11313,#11314);
#11316=CYLINDRICAL_SURFACE('',#11315,3.2E-1);
#11317=ORIENTED_EDGE('',*,*,#10880,.T.);
#11319=ORIENTED_EDGE('',*,*,#11318,.T.);
#11320=ORIENTED_EDGE('',*,*,#11216,.F.);
#11321=ORIENTED_EDGE('',*,*,#11305,.F.);
#11322=EDGE_LOOP('',(#11317,#11319,#11320,#11321));
#11323=FACE_OUTER_BOUND('',#11322,.F.);
#11324=ADVANCED_FACE('',(#11323),#11316,.T.);
#11325=CARTESIAN_POINT('',(7.82E0,-3.29E0,-5.425E0));
#11326=DIRECTION('',(0.E0,1.E0,0.E0));
#11327=DIRECTION('',(0.E0,0.E0,1.E0));
#11328=AXIS2_PLACEMENT_3D('',#11325,#11326,#11327);
#11329=PLANE('',#11328);
#11330=ORIENTED_EDGE('',*,*,#10878,.T.);
#11331=ORIENTED_EDGE('',*,*,#8298,.F.);
#11332=ORIENTED_EDGE('',*,*,#11218,.F.);
#11333=ORIENTED_EDGE('',*,*,#11318,.F.);
#11334=EDGE_LOOP('',(#11330,#11331,#11332,#11333));
#11335=FACE_OUTER_BOUND('',#11334,.F.);
#11336=ADVANCED_FACE('',(#11335),#11329,.T.);
#11337=CARTESIAN_POINT('',(7.82E0,-3.2E-1,-3.655E0));
#11338=DIRECTION('',(0.E0,-1.E0,0.E0));
#11339=DIRECTION('',(0.E0,0.E0,-1.E0));
#11340=AXIS2_PLACEMENT_3D('',#11337,#11338,#11339);
#11341=PLANE('',#11340);
#11342=ORIENTED_EDGE('',*,*,#10866,.T.);
#11344=ORIENTED_EDGE('',*,*,#11343,.T.);
#11345=ORIENTED_EDGE('',*,*,#11249,.F.);
#11346=ORIENTED_EDGE('',*,*,#10990,.T.);
#11347=ORIENTED_EDGE('',*,*,#11028,.T.);
#11348=ORIENTED_EDGE('',*,*,#11070,.T.);
#11349=EDGE_LOOP('',(#11342,#11344,#11345,#11346,#11347,#11348));
#11350=FACE_OUTER_BOUND('',#11349,.F.);
#11351=ADVANCED_FACE('',(#11350),#11341,.T.);
#11352=CARTESIAN_POINT('',(7.82E0,-3.2E-1,-4.955E0));
#11353=DIRECTION('',(0.E0,0.E0,-1.E0));
#11354=DIRECTION('',(0.E0,1.E0,0.E0));
#11355=AXIS2_PLACEMENT_3D('',#11352,#11353,#11354);
#11356=PLANE('',#11355);
#11357=ORIENTED_EDGE('',*,*,#10864,.T.);
#11359=ORIENTED_EDGE('',*,*,#11358,.T.);
#11360=ORIENTED_EDGE('',*,*,#11251,.F.);
#11361=ORIENTED_EDGE('',*,*,#11343,.F.);
#11362=EDGE_LOOP('',(#11357,#11359,#11360,#11361));
#11363=FACE_OUTER_BOUND('',#11362,.F.);
#11364=ADVANCED_FACE('',(#11363),#11356,.T.);
#11365=CARTESIAN_POINT('',(7.82E0,3.2E-1,-4.955E0));
#11366=DIRECTION('',(0.E0,1.E0,0.E0));
#11367=DIRECTION('',(0.E0,0.E0,1.E0));
#11368=AXIS2_PLACEMENT_3D('',#11365,#11366,#11367);
#11369=PLANE('',#11368);
#11370=ORIENTED_EDGE('',*,*,#10862,.T.);
#11371=ORIENTED_EDGE('',*,*,#11058,.F.);
#11372=ORIENTED_EDGE('',*,*,#11016,.F.);
#11373=ORIENTED_EDGE('',*,*,#10973,.F.);
#11374=ORIENTED_EDGE('',*,*,#11253,.F.);
#11375=ORIENTED_EDGE('',*,*,#11358,.F.);
#11376=EDGE_LOOP('',(#11370,#11371,#11372,#11373,#11374,#11375));
#11377=FACE_OUTER_BOUND('',#11376,.F.);
#11378=ADVANCED_FACE('',(#11377),#11369,.T.);
#11379=CARTESIAN_POINT('',(7.27E0,1.5E0,2.055E0));
#11380=DIRECTION('',(-9.841833239737E-1,0.E0,1.771529983153E-1));
#11381=DIRECTION('',(1.771529983153E-1,0.E0,9.841833239737E-1));
#11382=AXIS2_PLACEMENT_3D('',#11379,#11380,#11381);
#11383=PLANE('',#11382);
#11384=ORIENTED_EDGE('',*,*,#11263,.T.);
#11386=ORIENTED_EDGE('',*,*,#11385,.F.);
#11388=ORIENTED_EDGE('',*,*,#11387,.F.);
#11390=ORIENTED_EDGE('',*,*,#11389,.T.);
#11391=EDGE_LOOP('',(#11384,#11386,#11388,#11390));
#11392=FACE_OUTER_BOUND('',#11391,.F.);
#11393=ADVANCED_FACE('',(#11392),#11383,.T.);
#11394=CARTESIAN_POINT('',(7.5E0,1.73E0,2.055E0));
#11395=DIRECTION('',(0.E0,9.841833239737E-1,1.771529983153E-1));
#11396=DIRECTION('',(0.E0,1.771529983153E-1,-9.841833239737E-1));
#11397=AXIS2_PLACEMENT_3D('',#11394,#11395,#11396);
#11398=PLANE('',#11397);
#11399=ORIENTED_EDGE('',*,*,#10943,.F.);
#11401=ORIENTED_EDGE('',*,*,#11400,.F.);
#11403=ORIENTED_EDGE('',*,*,#11402,.T.);
#11404=ORIENTED_EDGE('',*,*,#11385,.T.);
#11405=EDGE_LOOP('',(#11399,#11401,#11403,#11404));
#11406=FACE_OUTER_BOUND('',#11405,.F.);
#11407=ADVANCED_FACE('',(#11406),#11398,.T.);
#11408=CARTESIAN_POINT('',(7.73E0,1.5E0,2.055E0));
#11409=DIRECTION('',(9.841833239737E-1,0.E0,1.771529983153E-1));
#11410=DIRECTION('',(-1.771529983153E-1,0.E0,9.841833239737E-1));
#11411=AXIS2_PLACEMENT_3D('',#11408,#11409,#11410);
#11412=PLANE('',#11411);
#11414=ORIENTED_EDGE('',*,*,#11413,.F.);
#11415=ORIENTED_EDGE('',*,*,#11400,.T.);
#11416=ORIENTED_EDGE('',*,*,#10894,.T.);
#11418=ORIENTED_EDGE('',*,*,#11417,.T.);
#11419=EDGE_LOOP('',(#11414,#11415,#11416,#11418));
#11420=FACE_OUTER_BOUND('',#11419,.F.);
#11421=ADVANCED_FACE('',(#11420),#11412,.T.);
#11422=CARTESIAN_POINT('',(7.82E0,1.82E0,2.555E0));
#11423=DIRECTION('',(0.E0,0.E0,1.E0));
#11424=DIRECTION('',(0.E0,-1.E0,0.E0));
#11425=AXIS2_PLACEMENT_3D('',#11422,#11423,#11424);
#11426=PLANE('',#11425);
#11428=ORIENTED_EDGE('',*,*,#11427,.T.);
#11429=ORIENTED_EDGE('',*,*,#11387,.T.);
#11430=ORIENTED_EDGE('',*,*,#11402,.F.);
#11431=ORIENTED_EDGE('',*,*,#11413,.T.);
#11432=EDGE_LOOP('',(#11428,#11429,#11430,#11431));
#11433=FACE_OUTER_BOUND('',#11432,.F.);
#11434=ADVANCED_FACE('',(#11433),#11426,.T.);
#11435=CARTESIAN_POINT('',(7.5E0,1.27E0,2.055E0));
#11436=DIRECTION('',(0.E0,-9.841833239737E-1,1.771529983153E-1));
#11437=DIRECTION('',(0.E0,1.771529983153E-1,9.841833239737E-1));
#11438=AXIS2_PLACEMENT_3D('',#11435,#11436,#11437);
#11439=PLANE('',#11438);
#11440=ORIENTED_EDGE('',*,*,#11427,.F.);
#11441=ORIENTED_EDGE('',*,*,#11417,.F.);
#11442=ORIENTED_EDGE('',*,*,#11099,.T.);
#11443=ORIENTED_EDGE('',*,*,#11389,.F.);
#11444=EDGE_LOOP('',(#11440,#11441,#11442,#11443));
#11445=FACE_OUTER_BOUND('',#11444,.F.);
#11446=ADVANCED_FACE('',(#11445),#11439,.T.);
#11447=CARTESIAN_POINT('',(7.27E0,-1.5E0,2.055E0));
#11448=DIRECTION('',(-9.841833239737E-1,0.E0,1.771529983153E-1));
#11449=DIRECTION('',(1.771529983153E-1,0.E0,9.841833239737E-1));
#11450=AXIS2_PLACEMENT_3D('',#11447,#11448,#11449);
#11451=PLANE('',#11450);
#11452=ORIENTED_EDGE('',*,*,#11276,.T.);
#11454=ORIENTED_EDGE('',*,*,#11453,.F.);
#11456=ORIENTED_EDGE('',*,*,#11455,.F.);
#11458=ORIENTED_EDGE('',*,*,#11457,.T.);
#11459=EDGE_LOOP('',(#11452,#11454,#11456,#11458));
#11460=FACE_OUTER_BOUND('',#11459,.F.);
#11461=ADVANCED_FACE('',(#11460),#11451,.T.);
#11462=CARTESIAN_POINT('',(7.5E0,-1.27E0,2.055E0));
#11463=DIRECTION('',(0.E0,9.841833239737E-1,1.771529983153E-1));
#11464=DIRECTION('',(0.E0,1.771529983153E-1,-9.841833239737E-1));
#11465=AXIS2_PLACEMENT_3D('',#11462,#11463,#11464);
#11466=PLANE('',#11465);
#11468=ORIENTED_EDGE('',*,*,#11467,.F.);
#11470=ORIENTED_EDGE('',*,*,#11469,.F.);
#11472=ORIENTED_EDGE('',*,*,#11471,.T.);
#11473=ORIENTED_EDGE('',*,*,#11453,.T.);
#11474=EDGE_LOOP('',(#11468,#11470,#11472,#11473));
#11475=FACE_OUTER_BOUND('',#11474,.F.);
#11476=ADVANCED_FACE('',(#11475),#11466,.T.);
#11477=CARTESIAN_POINT('',(7.82E0,-1.18E0,-4.285E0));
#11478=DIRECTION('',(0.E0,1.E0,0.E0));
#11479=DIRECTION('',(0.E0,0.E0,1.E0));
#11480=AXIS2_PLACEMENT_3D('',#11477,#11478,#11479);
#11481=PLANE('',#11480);
#11482=ORIENTED_EDGE('',*,*,#10986,.T.);
#11483=ORIENTED_EDGE('',*,*,#7394,.F.);
#11484=ORIENTED_EDGE('',*,*,#11073,.F.);
#11485=ORIENTED_EDGE('',*,*,#11031,.F.);
#11486=EDGE_LOOP('',(#11482,#11483,#11484,#11485));
#11487=FACE_OUTER_BOUND('',#11486,.F.);
#11488=ADVANCED_FACE('',(#11487),#11481,.T.);
#11489=CARTESIAN_POINT('',(7.82E0,-1.18E0,-4.285E0));
#11490=DIRECTION('',(0.E0,1.E0,0.E0));
#11491=DIRECTION('',(0.E0,0.E0,1.E0));
#11492=AXIS2_PLACEMENT_3D('',#11489,#11490,#11491);
#11493=PLANE('',#11492);
#11494=ORIENTED_EDGE('',*,*,#11467,.T.);
#11495=ORIENTED_EDGE('',*,*,#11281,.F.);
#11496=ORIENTED_EDGE('',*,*,#9845,.T.);
#11497=ORIENTED_EDGE('',*,*,#10911,.T.);
#11498=EDGE_LOOP('',(#11494,#11495,#11496,#11497));
#11499=FACE_OUTER_BOUND('',#11498,.F.);
#11500=ADVANCED_FACE('',(#11499),#11493,.T.);
#11501=CARTESIAN_POINT('',(7.73E0,-1.5E0,2.055E0));
#11502=DIRECTION('',(9.841833239737E-1,0.E0,1.771529983153E-1));
#11503=DIRECTION('',(-1.771529983153E-1,0.E0,9.841833239737E-1));
#11504=AXIS2_PLACEMENT_3D('',#11501,#11502,#11503);
#11505=PLANE('',#11504);
#11507=ORIENTED_EDGE('',*,*,#11506,.F.);
#11508=ORIENTED_EDGE('',*,*,#11469,.T.);
#11509=ORIENTED_EDGE('',*,*,#10909,.T.);
#11511=ORIENTED_EDGE('',*,*,#11510,.T.);
#11512=EDGE_LOOP('',(#11507,#11508,#11509,#11511));
#11513=FACE_OUTER_BOUND('',#11512,.F.);
#11514=ADVANCED_FACE('',(#11513),#11505,.T.);
#11515=CARTESIAN_POINT('',(7.82E0,-1.18E0,2.555E0));
#11516=DIRECTION('',(0.E0,0.E0,1.E0));
#11517=DIRECTION('',(0.E0,-1.E0,0.E0));
#11518=AXIS2_PLACEMENT_3D('',#11515,#11516,#11517);
#11519=PLANE('',#11518);
#11521=ORIENTED_EDGE('',*,*,#11520,.T.);
#11522=ORIENTED_EDGE('',*,*,#11455,.T.);
#11523=ORIENTED_EDGE('',*,*,#11471,.F.);
#11524=ORIENTED_EDGE('',*,*,#11506,.T.);
#11525=EDGE_LOOP('',(#11521,#11522,#11523,#11524));
#11526=FACE_OUTER_BOUND('',#11525,.F.);
#11527=ADVANCED_FACE('',(#11526),#11519,.T.);
#11528=CARTESIAN_POINT('',(7.5E0,-1.73E0,2.055E0));
#11529=DIRECTION('',(0.E0,-9.841833239737E-1,1.771529983153E-1));
#11530=DIRECTION('',(0.E0,1.771529983153E-1,9.841833239737E-1));
#11531=AXIS2_PLACEMENT_3D('',#11528,#11529,#11530);
#11532=PLANE('',#11531);
#11533=ORIENTED_EDGE('',*,*,#11520,.F.);
#11534=ORIENTED_EDGE('',*,*,#11510,.F.);
#11536=ORIENTED_EDGE('',*,*,#11535,.T.);
#11537=ORIENTED_EDGE('',*,*,#11457,.F.);
#11538=EDGE_LOOP('',(#11533,#11534,#11536,#11537));
#11539=FACE_OUTER_BOUND('',#11538,.F.);
#11540=ADVANCED_FACE('',(#11539),#11532,.T.);
#11541=CARTESIAN_POINT('',(7.82E0,-1.82E0,2.555E0));
#11542=DIRECTION('',(0.E0,-1.E0,0.E0));
#11543=DIRECTION('',(0.E0,0.E0,-1.E0));
#11544=AXIS2_PLACEMENT_3D('',#11541,#11542,#11543);
#11545=PLANE('',#11544);
#11546=ORIENTED_EDGE('',*,*,#11535,.F.);
#11547=ORIENTED_EDGE('',*,*,#10914,.T.);
#11548=ORIENTED_EDGE('',*,*,#9849,.F.);
#11549=ORIENTED_EDGE('',*,*,#11278,.F.);
#11550=EDGE_LOOP('',(#11546,#11547,#11548,#11549));
#11551=FACE_OUTER_BOUND('',#11550,.F.);
#11552=ADVANCED_FACE('',(#11551),#11545,.T.);
#11553=CARTESIAN_POINT('',(4.82E0,0.E0,0.E0));
#11554=DIRECTION('',(1.E0,0.E0,0.E0));
#11555=DIRECTION('',(0.E0,0.E0,-1.E0));
#11556=AXIS2_PLACEMENT_3D('',#11553,#11554,#11555);
#11557=PLANE('',#11556);
#11558=ORIENTED_EDGE('',*,*,#7261,.T.);
#11559=ORIENTED_EDGE('',*,*,#7745,.T.);
#11561=ORIENTED_EDGE('',*,*,#11560,.F.);
#11563=ORIENTED_EDGE('',*,*,#11562,.F.);
#11565=ORIENTED_EDGE('',*,*,#11564,.F.);
#11567=ORIENTED_EDGE('',*,*,#11566,.F.);
#11569=ORIENTED_EDGE('',*,*,#11568,.F.);
#11571=ORIENTED_EDGE('',*,*,#11570,.F.);
#11573=ORIENTED_EDGE('',*,*,#11572,.F.);
#11575=ORIENTED_EDGE('',*,*,#11574,.F.);
#11577=ORIENTED_EDGE('',*,*,#11576,.F.);
#11578=ORIENTED_EDGE('',*,*,#7405,.T.);
#11579=EDGE_LOOP('',(#11558,#11559,#11561,#11563,#11565,#11567,#11569,#11571,
#11573,#11575,#11577,#11578));
#11580=FACE_OUTER_BOUND('',#11579,.F.);
#11581=ADVANCED_FACE('',(#11580),#11557,.T.);
#11582=CARTESIAN_POINT('',(4.82E0,0.E0,0.E0));
#11583=DIRECTION('',(1.E0,0.E0,0.E0));
#11584=DIRECTION('',(0.E0,0.E0,-1.E0));
#11585=AXIS2_PLACEMENT_3D('',#11582,#11583,#11584);
#11586=PLANE('',#11585);
#11587=ORIENTED_EDGE('',*,*,#7409,.T.);
#11589=ORIENTED_EDGE('',*,*,#11588,.F.);
#11591=ORIENTED_EDGE('',*,*,#11590,.F.);
#11593=ORIENTED_EDGE('',*,*,#11592,.F.);
#11594=EDGE_LOOP('',(#11587,#11589,#11591,#11593));
#11595=FACE_OUTER_BOUND('',#11594,.F.);
#11596=ADVANCED_FACE('',(#11595),#11586,.T.);
#11597=CARTESIAN_POINT('',(4.82E0,0.E0,0.E0));
#11598=DIRECTION('',(1.E0,0.E0,0.E0));
#11599=DIRECTION('',(0.E0,0.E0,-1.E0));
#11600=AXIS2_PLACEMENT_3D('',#11597,#11598,#11599);
#11601=PLANE('',#11600);
#11602=ORIENTED_EDGE('',*,*,#8450,.F.);
#11603=ORIENTED_EDGE('',*,*,#8292,.T.);
#11605=ORIENTED_EDGE('',*,*,#11604,.F.);
#11607=ORIENTED_EDGE('',*,*,#11606,.F.);
#11609=ORIENTED_EDGE('',*,*,#11608,.F.);
#11611=ORIENTED_EDGE('',*,*,#11610,.F.);
#11612=EDGE_LOOP('',(#11602,#11603,#11605,#11607,#11609,#11611));
#11613=FACE_OUTER_BOUND('',#11612,.F.);
#11614=ADVANCED_FACE('',(#11613),#11601,.T.);
#11615=CARTESIAN_POINT('',(4.82E0,0.E0,0.E0));
#11616=DIRECTION('',(1.E0,0.E0,0.E0));
#11617=DIRECTION('',(0.E0,0.E0,-1.E0));
#11618=AXIS2_PLACEMENT_3D('',#11615,#11616,#11617);
#11619=PLANE('',#11618);
#11621=ORIENTED_EDGE('',*,*,#11620,.F.);
#11623=ORIENTED_EDGE('',*,*,#11622,.F.);
#11624=ORIENTED_EDGE('',*,*,#9899,.F.);
#11626=ORIENTED_EDGE('',*,*,#11625,.F.);
#11627=EDGE_LOOP('',(#11621,#11623,#11624,#11626));
#11628=FACE_OUTER_BOUND('',#11627,.F.);
#11629=ADVANCED_FACE('',(#11628),#11619,.T.);
#11630=CARTESIAN_POINT('',(4.82E0,0.E0,0.E0));
#11631=DIRECTION('',(1.E0,0.E0,0.E0));
#11632=DIRECTION('',(0.E0,0.E0,-1.E0));
#11633=AXIS2_PLACEMENT_3D('',#11630,#11631,#11632);
#11634=PLANE('',#11633);
#11636=ORIENTED_EDGE('',*,*,#11635,.F.);
#11638=ORIENTED_EDGE('',*,*,#11637,.F.);
#11639=ORIENTED_EDGE('',*,*,#9871,.F.);
#11641=ORIENTED_EDGE('',*,*,#11640,.F.);
#11642=EDGE_LOOP('',(#11636,#11638,#11639,#11641));
#11643=FACE_OUTER_BOUND('',#11642,.F.);
#11644=ADVANCED_FACE('',(#11643),#11634,.T.);
#11645=CARTESIAN_POINT('',(4.82E0,1.82E0,-6.905E0));
#11646=DIRECTION('',(0.E0,1.E0,0.E0));
#11647=DIRECTION('',(0.E0,0.E0,1.E0));
#11648=AXIS2_PLACEMENT_3D('',#11645,#11646,#11647);
#11649=PLANE('',#11648);
#11651=ORIENTED_EDGE('',*,*,#11650,.F.);
#11653=ORIENTED_EDGE('',*,*,#11652,.F.);
#11655=ORIENTED_EDGE('',*,*,#11654,.F.);
#11656=ORIENTED_EDGE('',*,*,#11560,.T.);
#11658=ORIENTED_EDGE('',*,*,#11657,.F.);
#11660=ORIENTED_EDGE('',*,*,#11659,.F.);
#11661=EDGE_LOOP('',(#11651,#11653,#11655,#11656,#11658,#11660));
#11662=FACE_OUTER_BOUND('',#11661,.F.);
#11663=ADVANCED_FACE('',(#11662),#11649,.T.);
#11664=CARTESIAN_POINT('',(4.82E0,1.82E0,-6.905E0));
#11665=DIRECTION('',(0.E0,1.E0,0.E0));
#11666=DIRECTION('',(0.E0,0.E0,1.E0));
#11667=AXIS2_PLACEMENT_3D('',#11664,#11665,#11666);
#11668=PLANE('',#11667);
#11670=ORIENTED_EDGE('',*,*,#11669,.T.);
#11672=ORIENTED_EDGE('',*,*,#11671,.F.);
#11673=ORIENTED_EDGE('',*,*,#9901,.T.);
#11674=ORIENTED_EDGE('',*,*,#11622,.T.);
#11675=EDGE_LOOP('',(#11670,#11672,#11673,#11674));
#11676=FACE_OUTER_BOUND('',#11675,.F.);
#11677=ADVANCED_FACE('',(#11676),#11668,.T.);
#11678=CARTESIAN_POINT('',(4.18E0,3.43E0,-4.955E0));
#11679=DIRECTION('',(-1.E0,0.E0,0.E0));
#11680=DIRECTION('',(0.E0,0.E0,1.E0));
#11681=AXIS2_PLACEMENT_3D('',#11678,#11679,#11680);
#11682=PLANE('',#11681);
#11683=ORIENTED_EDGE('',*,*,#11650,.T.);
#11685=ORIENTED_EDGE('',*,*,#11684,.F.);
#11686=ORIENTED_EDGE('',*,*,#7685,.F.);
#11687=ORIENTED_EDGE('',*,*,#7758,.F.);
#11688=EDGE_LOOP('',(#11683,#11685,#11686,#11687));
#11689=FACE_OUTER_BOUND('',#11688,.F.);
#11690=ADVANCED_FACE('',(#11689),#11682,.F.);
#11691=CARTESIAN_POINT('',(4.18E0,3.43E0,-4.955E0));
#11692=DIRECTION('',(-1.E0,0.E0,0.E0));
#11693=DIRECTION('',(0.E0,0.E0,1.E0));
#11694=AXIS2_PLACEMENT_3D('',#11691,#11692,#11693);
#11695=PLANE('',#11694);
#11697=ORIENTED_EDGE('',*,*,#11696,.F.);
#11698=ORIENTED_EDGE('',*,*,#7419,.F.);
#11700=ORIENTED_EDGE('',*,*,#11699,.T.);
#11702=ORIENTED_EDGE('',*,*,#11701,.F.);
#11703=EDGE_LOOP('',(#11697,#11698,#11700,#11702));
#11704=FACE_OUTER_BOUND('',#11703,.F.);
#11705=ADVANCED_FACE('',(#11704),#11695,.F.);
#11706=CARTESIAN_POINT('',(4.18E0,3.43E0,-4.955E0));
#11707=DIRECTION('',(-1.E0,0.E0,0.E0));
#11708=DIRECTION('',(0.E0,0.E0,1.E0));
#11709=AXIS2_PLACEMENT_3D('',#11706,#11707,#11708);
#11710=PLANE('',#11709);
#11711=ORIENTED_EDGE('',*,*,#7415,.F.);
#11713=ORIENTED_EDGE('',*,*,#11712,.F.);
#11715=ORIENTED_EDGE('',*,*,#11714,.F.);
#11717=ORIENTED_EDGE('',*,*,#11716,.F.);
#11718=EDGE_LOOP('',(#11711,#11713,#11715,#11717));
#11719=FACE_OUTER_BOUND('',#11718,.F.);
#11720=ADVANCED_FACE('',(#11719),#11710,.F.);
#11721=CARTESIAN_POINT('',(4.18E0,3.43E0,-3.655E0));
#11722=DIRECTION('',(0.E0,0.E0,1.E0));
#11723=DIRECTION('',(1.E0,0.E0,0.E0));
#11724=AXIS2_PLACEMENT_3D('',#11721,#11722,#11723);
#11725=PLANE('',#11724);
#11726=ORIENTED_EDGE('',*,*,#11659,.T.);
#11728=ORIENTED_EDGE('',*,*,#11727,.F.);
#11729=ORIENTED_EDGE('',*,*,#7687,.F.);
#11730=ORIENTED_EDGE('',*,*,#11684,.T.);
#11731=EDGE_LOOP('',(#11726,#11728,#11729,#11730));
#11732=FACE_OUTER_BOUND('',#11731,.F.);
#11733=ADVANCED_FACE('',(#11732),#11725,.F.);
#11734=CARTESIAN_POINT('',(4.18E0,3.43E0,-3.655E0));
#11735=DIRECTION('',(0.E0,0.E0,1.E0));
#11736=DIRECTION('',(1.E0,0.E0,0.E0));
#11737=AXIS2_PLACEMENT_3D('',#11734,#11735,#11736);
#11738=PLANE('',#11737);
#11740=ORIENTED_EDGE('',*,*,#11739,.F.);
#11741=ORIENTED_EDGE('',*,*,#11701,.T.);
#11743=ORIENTED_EDGE('',*,*,#11742,.T.);
#11745=ORIENTED_EDGE('',*,*,#11744,.F.);
#11746=EDGE_LOOP('',(#11740,#11741,#11743,#11745));
#11747=FACE_OUTER_BOUND('',#11746,.F.);
#11748=ADVANCED_FACE('',(#11747),#11738,.F.);
#11749=CARTESIAN_POINT('',(4.18E0,3.43E0,-3.655E0));
#11750=DIRECTION('',(0.E0,0.E0,1.E0));
#11751=DIRECTION('',(1.E0,0.E0,0.E0));
#11752=AXIS2_PLACEMENT_3D('',#11749,#11750,#11751);
#11753=PLANE('',#11752);
#11755=ORIENTED_EDGE('',*,*,#11754,.F.);
#11756=ORIENTED_EDGE('',*,*,#11714,.T.);
#11758=ORIENTED_EDGE('',*,*,#11757,.T.);
#11760=ORIENTED_EDGE('',*,*,#11759,.F.);
#11761=EDGE_LOOP('',(#11755,#11756,#11758,#11760));
#11762=FACE_OUTER_BOUND('',#11761,.F.);
#11763=ADVANCED_FACE('',(#11762),#11753,.F.);
#11764=CARTESIAN_POINT('',(4.82E0,3.43E0,-3.655E0));
#11765=DIRECTION('',(1.E0,0.E0,0.E0));
#11766=DIRECTION('',(0.E0,0.E0,-1.E0));
#11767=AXIS2_PLACEMENT_3D('',#11764,#11765,#11766);
#11768=PLANE('',#11767);
#11769=ORIENTED_EDGE('',*,*,#11657,.T.);
#11770=ORIENTED_EDGE('',*,*,#7743,.T.);
#11771=ORIENTED_EDGE('',*,*,#7689,.T.);
#11772=ORIENTED_EDGE('',*,*,#11727,.T.);
#11773=EDGE_LOOP('',(#11769,#11770,#11771,#11772));
#11774=FACE_OUTER_BOUND('',#11773,.F.);
#11775=ADVANCED_FACE('',(#11774),#11768,.F.);
#11776=CARTESIAN_POINT('',(4.82E0,3.43E0,-3.655E0));
#11777=DIRECTION('',(1.E0,0.E0,0.E0));
#11778=DIRECTION('',(0.E0,0.E0,-1.E0));
#11779=AXIS2_PLACEMENT_3D('',#11776,#11777,#11778);
#11780=PLANE('',#11779);
#11782=ORIENTED_EDGE('',*,*,#11781,.F.);
#11783=ORIENTED_EDGE('',*,*,#11744,.T.);
#11785=ORIENTED_EDGE('',*,*,#11784,.T.);
#11786=ORIENTED_EDGE('',*,*,#7407,.T.);
#11787=EDGE_LOOP('',(#11782,#11783,#11785,#11786));
#11788=FACE_OUTER_BOUND('',#11787,.F.);
#11789=ADVANCED_FACE('',(#11788),#11780,.F.);
#11790=CARTESIAN_POINT('',(4.82E0,3.43E0,-3.655E0));
#11791=DIRECTION('',(1.E0,0.E0,0.E0));
#11792=DIRECTION('',(0.E0,0.E0,-1.E0));
#11793=AXIS2_PLACEMENT_3D('',#11790,#11791,#11792);
#11794=PLANE('',#11793);
#11795=ORIENTED_EDGE('',*,*,#7411,.T.);
#11797=ORIENTED_EDGE('',*,*,#11796,.F.);
#11798=ORIENTED_EDGE('',*,*,#11759,.T.);
#11800=ORIENTED_EDGE('',*,*,#11799,.T.);
#11801=EDGE_LOOP('',(#11795,#11797,#11798,#11800));
#11802=FACE_OUTER_BOUND('',#11801,.F.);
#11803=ADVANCED_FACE('',(#11802),#11794,.F.);
#11804=CARTESIAN_POINT('',(4.82E0,1.18E0,2.555E0));
#11805=DIRECTION('',(0.E0,-1.E0,0.E0));
#11806=DIRECTION('',(0.E0,0.E0,-1.E0));
#11807=AXIS2_PLACEMENT_3D('',#11804,#11805,#11806);
#11808=PLANE('',#11807);
#11809=ORIENTED_EDGE('',*,*,#11696,.T.);
#11810=ORIENTED_EDGE('',*,*,#11739,.T.);
#11811=ORIENTED_EDGE('',*,*,#11781,.T.);
#11812=ORIENTED_EDGE('',*,*,#11576,.T.);
#11814=ORIENTED_EDGE('',*,*,#11813,.T.);
#11816=ORIENTED_EDGE('',*,*,#11815,.F.);
#11817=EDGE_LOOP('',(#11809,#11810,#11811,#11812,#11814,#11816));
#11818=FACE_OUTER_BOUND('',#11817,.F.);
#11819=ADVANCED_FACE('',(#11818),#11808,.T.);
#11820=CARTESIAN_POINT('',(4.82E0,1.18E0,2.555E0));
#11821=DIRECTION('',(0.E0,-1.E0,0.E0));
#11822=DIRECTION('',(0.E0,0.E0,-1.E0));
#11823=AXIS2_PLACEMENT_3D('',#11820,#11821,#11822);
#11824=PLANE('',#11823);
#11826=ORIENTED_EDGE('',*,*,#11825,.F.);
#11827=ORIENTED_EDGE('',*,*,#11625,.T.);
#11828=ORIENTED_EDGE('',*,*,#9905,.F.);
#11830=ORIENTED_EDGE('',*,*,#11829,.F.);
#11831=EDGE_LOOP('',(#11826,#11827,#11828,#11830));
#11832=FACE_OUTER_BOUND('',#11831,.F.);
#11833=ADVANCED_FACE('',(#11832),#11824,.T.);
#11834=CARTESIAN_POINT('',(4.82E0,6.8E-1,-5.710030241322E0));
#11835=DIRECTION('',(1.E0,0.E0,0.E0));
#11836=DIRECTION('',(0.E0,0.E0,-1.E0));
#11837=AXIS2_PLACEMENT_3D('',#11834,#11835,#11836);
#11838=CYLINDRICAL_SURFACE('',#11837,5.E-1);
#11839=ORIENTED_EDGE('',*,*,#11574,.T.);
#11841=ORIENTED_EDGE('',*,*,#11840,.T.);
#11843=ORIENTED_EDGE('',*,*,#11842,.F.);
#11844=ORIENTED_EDGE('',*,*,#11813,.F.);
#11845=EDGE_LOOP('',(#11839,#11841,#11843,#11844));
#11846=FACE_OUTER_BOUND('',#11845,.F.);
#11847=ADVANCED_FACE('',(#11846),#11838,.F.);
#11848=CARTESIAN_POINT('',(4.82E0,8.938922490563E-1,-6.161970619905E0));
#11849=DIRECTION('',(0.E0,-4.277844981127E-1,9.038807571657E-1));
#11850=DIRECTION('',(0.E0,-9.038807571657E-1,-4.277844981127E-1));
#11851=AXIS2_PLACEMENT_3D('',#11848,#11849,#11850);
#11852=PLANE('',#11851);
#11853=ORIENTED_EDGE('',*,*,#11572,.T.);
#11855=ORIENTED_EDGE('',*,*,#11854,.T.);
#11857=ORIENTED_EDGE('',*,*,#11856,.F.);
#11858=ORIENTED_EDGE('',*,*,#11840,.F.);
#11859=EDGE_LOOP('',(#11853,#11855,#11857,#11858));
#11860=FACE_OUTER_BOUND('',#11859,.F.);
#11861=ADVANCED_FACE('',(#11860),#11852,.T.);
#11862=CARTESIAN_POINT('',(4.82E0,-3.93E0,-8.445E0));
#11863=DIRECTION('',(0.E0,-1.E0,0.E0));
#11864=DIRECTION('',(0.E0,0.E0,-1.E0));
#11865=AXIS2_PLACEMENT_3D('',#11862,#11863,#11864);
#11866=PLANE('',#11865);
#11867=ORIENTED_EDGE('',*,*,#11570,.T.);
#11869=ORIENTED_EDGE('',*,*,#11868,.T.);
#11871=ORIENTED_EDGE('',*,*,#11870,.F.);
#11872=ORIENTED_EDGE('',*,*,#11854,.F.);
#11873=EDGE_LOOP('',(#11867,#11869,#11871,#11872));
#11874=FACE_OUTER_BOUND('',#11873,.F.);
#11875=ADVANCED_FACE('',(#11874),#11866,.T.);
#11876=CARTESIAN_POINT('',(4.82E0,-3.61E0,-1.0125E1));
#11877=DIRECTION('',(1.E0,0.E0,0.E0));
#11878=DIRECTION('',(0.E0,0.E0,-1.E0));
#11879=AXIS2_PLACEMENT_3D('',#11876,#11877,#11878);
#11880=CYLINDRICAL_SURFACE('',#11879,3.2E-1);
#11881=ORIENTED_EDGE('',*,*,#11568,.T.);
#11883=ORIENTED_EDGE('',*,*,#11882,.T.);
#11885=ORIENTED_EDGE('',*,*,#11884,.F.);
#11886=ORIENTED_EDGE('',*,*,#11868,.F.);
#11887=EDGE_LOOP('',(#11881,#11883,#11885,#11886));
#11888=FACE_OUTER_BOUND('',#11887,.F.);
#11889=ADVANCED_FACE('',(#11888),#11880,.T.);
#11890=CARTESIAN_POINT('',(4.82E0,-3.29E0,-1.0125E1));
#11891=DIRECTION('',(0.E0,1.E0,0.E0));
#11892=DIRECTION('',(0.E0,0.E0,1.E0));
#11893=AXIS2_PLACEMENT_3D('',#11890,#11891,#11892);
#11894=PLANE('',#11893);
#11895=ORIENTED_EDGE('',*,*,#11566,.T.);
#11897=ORIENTED_EDGE('',*,*,#11896,.T.);
#11899=ORIENTED_EDGE('',*,*,#11898,.F.);
#11900=ORIENTED_EDGE('',*,*,#11882,.F.);
#11901=EDGE_LOOP('',(#11895,#11897,#11899,#11900));
#11902=FACE_OUTER_BOUND('',#11901,.F.);
#11903=ADVANCED_FACE('',(#11902),#11894,.T.);
#11904=CARTESIAN_POINT('',(4.82E0,-3.29E0,-8.850161763103E0));
#11905=DIRECTION('',(0.E0,4.277844981127E-1,-9.038807571657E-1));
#11906=DIRECTION('',(0.E0,9.038807571657E-1,4.277844981127E-1));
#11907=AXIS2_PLACEMENT_3D('',#11904,#11905,#11906);
#11908=PLANE('',#11907);
#11909=ORIENTED_EDGE('',*,*,#11564,.T.);
#11911=ORIENTED_EDGE('',*,*,#11910,.T.);
#11913=ORIENTED_EDGE('',*,*,#11912,.F.);
#11914=ORIENTED_EDGE('',*,*,#11896,.F.);
#11915=EDGE_LOOP('',(#11909,#11911,#11913,#11914));
#11916=FACE_OUTER_BOUND('',#11915,.F.);
#11917=ADVANCED_FACE('',(#11916),#11908,.T.);
#11918=CARTESIAN_POINT('',(4.82E0,8.2E-1,-6.905E0));
#11919=DIRECTION('',(0.E0,0.E0,-1.E0));
#11920=DIRECTION('',(0.E0,1.E0,0.E0));
#11921=AXIS2_PLACEMENT_3D('',#11918,#11919,#11920);
#11922=PLANE('',#11921);
#11923=ORIENTED_EDGE('',*,*,#11562,.T.);
#11924=ORIENTED_EDGE('',*,*,#11654,.T.);
#11926=ORIENTED_EDGE('',*,*,#11925,.F.);
#11927=ORIENTED_EDGE('',*,*,#11910,.F.);
#11928=EDGE_LOOP('',(#11923,#11924,#11926,#11927));
#11929=FACE_OUTER_BOUND('',#11928,.F.);
#11930=ADVANCED_FACE('',(#11929),#11922,.T.);
#11931=CARTESIAN_POINT('',(4.18E0,0.E0,0.E0));
#11932=DIRECTION('',(1.E0,0.E0,0.E0));
#11933=DIRECTION('',(0.E0,0.E0,-1.E0));
#11934=AXIS2_PLACEMENT_3D('',#11931,#11932,#11933);
#11935=PLANE('',#11934);
#11936=ORIENTED_EDGE('',*,*,#7273,.F.);
#11937=ORIENTED_EDGE('',*,*,#7421,.F.);
#11938=ORIENTED_EDGE('',*,*,#11815,.T.);
#11939=ORIENTED_EDGE('',*,*,#11842,.T.);
#11940=ORIENTED_EDGE('',*,*,#11856,.T.);
#11941=ORIENTED_EDGE('',*,*,#11870,.T.);
#11942=ORIENTED_EDGE('',*,*,#11884,.T.);
#11943=ORIENTED_EDGE('',*,*,#11898,.T.);
#11944=ORIENTED_EDGE('',*,*,#11912,.T.);
#11945=ORIENTED_EDGE('',*,*,#11925,.T.);
#11946=ORIENTED_EDGE('',*,*,#11652,.T.);
#11947=ORIENTED_EDGE('',*,*,#7756,.F.);
#11948=EDGE_LOOP('',(#11936,#11937,#11938,#11939,#11940,#11941,#11942,#11943,
#11944,#11945,#11946,#11947));
#11949=FACE_OUTER_BOUND('',#11948,.F.);
#11950=ADVANCED_FACE('',(#11949),#11935,.F.);
#11951=CARTESIAN_POINT('',(4.18E0,0.E0,0.E0));
#11952=DIRECTION('',(1.E0,0.E0,0.E0));
#11953=DIRECTION('',(0.E0,0.E0,-1.E0));
#11954=AXIS2_PLACEMENT_3D('',#11951,#11952,#11953);
#11955=PLANE('',#11954);
#11956=ORIENTED_EDGE('',*,*,#7417,.F.);
#11958=ORIENTED_EDGE('',*,*,#11957,.T.);
#11960=ORIENTED_EDGE('',*,*,#11959,.T.);
#11962=ORIENTED_EDGE('',*,*,#11961,.T.);
#11963=EDGE_LOOP('',(#11956,#11958,#11960,#11962));
#11964=FACE_OUTER_BOUND('',#11963,.F.);
#11965=ADVANCED_FACE('',(#11964),#11955,.F.);
#11966=CARTESIAN_POINT('',(4.18E0,0.E0,0.E0));
#11967=DIRECTION('',(1.E0,0.E0,0.E0));
#11968=DIRECTION('',(0.E0,0.E0,-1.E0));
#11969=AXIS2_PLACEMENT_3D('',#11966,#11967,#11968);
#11970=PLANE('',#11969);
#11971=ORIENTED_EDGE('',*,*,#8454,.T.);
#11973=ORIENTED_EDGE('',*,*,#11972,.T.);
#11975=ORIENTED_EDGE('',*,*,#11974,.T.);
#11977=ORIENTED_EDGE('',*,*,#11976,.T.);
#11979=ORIENTED_EDGE('',*,*,#11978,.T.);
#11980=ORIENTED_EDGE('',*,*,#8288,.F.);
#11981=EDGE_LOOP('',(#11971,#11973,#11975,#11977,#11979,#11980));
#11982=FACE_OUTER_BOUND('',#11981,.F.);
#11983=ADVANCED_FACE('',(#11982),#11970,.F.);
#11984=CARTESIAN_POINT('',(4.18E0,0.E0,0.E0));
#11985=DIRECTION('',(1.E0,0.E0,0.E0));
#11986=DIRECTION('',(0.E0,0.E0,-1.E0));
#11987=AXIS2_PLACEMENT_3D('',#11984,#11985,#11986);
#11988=PLANE('',#11987);
#11990=ORIENTED_EDGE('',*,*,#11989,.F.);
#11991=ORIENTED_EDGE('',*,*,#11829,.T.);
#11992=ORIENTED_EDGE('',*,*,#9903,.T.);
#11993=ORIENTED_EDGE('',*,*,#11671,.T.);
#11994=EDGE_LOOP('',(#11990,#11991,#11992,#11993));
#11995=FACE_OUTER_BOUND('',#11994,.F.);
#11996=ADVANCED_FACE('',(#11995),#11988,.F.);
#11997=CARTESIAN_POINT('',(4.18E0,0.E0,0.E0));
#11998=DIRECTION('',(1.E0,0.E0,0.E0));
#11999=DIRECTION('',(0.E0,0.E0,-1.E0));
#12000=AXIS2_PLACEMENT_3D('',#11997,#11998,#11999);
#12001=PLANE('',#12000);
#12003=ORIENTED_EDGE('',*,*,#12002,.F.);
#12005=ORIENTED_EDGE('',*,*,#12004,.T.);
#12006=ORIENTED_EDGE('',*,*,#9875,.T.);
#12008=ORIENTED_EDGE('',*,*,#12007,.T.);
#12009=EDGE_LOOP('',(#12003,#12005,#12006,#12008));
#12010=FACE_OUTER_BOUND('',#12009,.F.);
#12011=ADVANCED_FACE('',(#12010),#12001,.F.);
#12012=CARTESIAN_POINT('',(4.82E0,-3.2E-1,-3.655E0));
#12013=DIRECTION('',(0.E0,-1.E0,0.E0));
#12014=DIRECTION('',(0.E0,0.E0,-1.E0));
#12015=AXIS2_PLACEMENT_3D('',#12012,#12013,#12014);
#12016=PLANE('',#12015);
#12017=ORIENTED_EDGE('',*,*,#11592,.T.);
#12019=ORIENTED_EDGE('',*,*,#12018,.T.);
#12020=ORIENTED_EDGE('',*,*,#11957,.F.);
#12021=ORIENTED_EDGE('',*,*,#11716,.T.);
#12022=ORIENTED_EDGE('',*,*,#11754,.T.);
#12023=ORIENTED_EDGE('',*,*,#11796,.T.);
#12024=EDGE_LOOP('',(#12017,#12019,#12020,#12021,#12022,#12023));
#12025=FACE_OUTER_BOUND('',#12024,.F.);
#12026=ADVANCED_FACE('',(#12025),#12016,.T.);
#12027=CARTESIAN_POINT('',(4.82E0,-3.2E-1,-4.955E0));
#12028=DIRECTION('',(0.E0,0.E0,-1.E0));
#12029=DIRECTION('',(0.E0,1.E0,0.E0));
#12030=AXIS2_PLACEMENT_3D('',#12027,#12028,#12029);
#12031=PLANE('',#12030);
#12032=ORIENTED_EDGE('',*,*,#11590,.T.);
#12034=ORIENTED_EDGE('',*,*,#12033,.T.);
#12035=ORIENTED_EDGE('',*,*,#11959,.F.);
#12036=ORIENTED_EDGE('',*,*,#12018,.F.);
#12037=EDGE_LOOP('',(#12032,#12034,#12035,#12036));
#12038=FACE_OUTER_BOUND('',#12037,.F.);
#12039=ADVANCED_FACE('',(#12038),#12031,.T.);
#12040=CARTESIAN_POINT('',(4.82E0,3.2E-1,-4.955E0));
#12041=DIRECTION('',(0.E0,1.E0,0.E0));
#12042=DIRECTION('',(0.E0,0.E0,1.E0));
#12043=AXIS2_PLACEMENT_3D('',#12040,#12041,#12042);
#12044=PLANE('',#12043);
#12045=ORIENTED_EDGE('',*,*,#11588,.T.);
#12046=ORIENTED_EDGE('',*,*,#11784,.F.);
#12047=ORIENTED_EDGE('',*,*,#11742,.F.);
#12048=ORIENTED_EDGE('',*,*,#11699,.F.);
#12049=ORIENTED_EDGE('',*,*,#11961,.F.);
#12050=ORIENTED_EDGE('',*,*,#12033,.F.);
#12051=EDGE_LOOP('',(#12045,#12046,#12047,#12048,#12049,#12050));
#12052=FACE_OUTER_BOUND('',#12051,.F.);
#12053=ADVANCED_FACE('',(#12052),#12044,.T.);
#12054=CARTESIAN_POINT('',(4.82E0,-1.82E0,-3.745E0));
#12055=DIRECTION('',(0.E0,0.E0,1.E0));
#12056=DIRECTION('',(0.E0,-1.E0,0.E0));
#12057=AXIS2_PLACEMENT_3D('',#12054,#12055,#12056);
#12058=PLANE('',#12057);
#12059=ORIENTED_EDGE('',*,*,#11610,.T.);
#12061=ORIENTED_EDGE('',*,*,#12060,.T.);
#12062=ORIENTED_EDGE('',*,*,#11972,.F.);
#12063=ORIENTED_EDGE('',*,*,#8452,.T.);
#12064=EDGE_LOOP('',(#12059,#12061,#12062,#12063));
#12065=FACE_OUTER_BOUND('',#12064,.F.);
#12066=ADVANCED_FACE('',(#12065),#12058,.T.);
#12067=CARTESIAN_POINT('',(4.82E0,-3.93E0,-3.745E0));
#12068=DIRECTION('',(0.E0,-1.E0,0.E0));
#12069=DIRECTION('',(0.E0,0.E0,-1.E0));
#12070=AXIS2_PLACEMENT_3D('',#12067,#12068,#12069);
#12071=PLANE('',#12070);
#12072=ORIENTED_EDGE('',*,*,#11608,.T.);
#12074=ORIENTED_EDGE('',*,*,#12073,.T.);
#12075=ORIENTED_EDGE('',*,*,#11974,.F.);
#12076=ORIENTED_EDGE('',*,*,#12060,.F.);
#12077=EDGE_LOOP('',(#12072,#12074,#12075,#12076));
#12078=FACE_OUTER_BOUND('',#12077,.F.);
#12079=ADVANCED_FACE('',(#12078),#12071,.T.);
#12080=CARTESIAN_POINT('',(4.82E0,-3.61E0,-5.425E0));
#12081=DIRECTION('',(1.E0,0.E0,0.E0));
#12082=DIRECTION('',(0.E0,0.E0,-1.E0));
#12083=AXIS2_PLACEMENT_3D('',#12080,#12081,#12082);
#12084=CYLINDRICAL_SURFACE('',#12083,3.2E-1);
#12085=ORIENTED_EDGE('',*,*,#11606,.T.);
#12087=ORIENTED_EDGE('',*,*,#12086,.T.);
#12088=ORIENTED_EDGE('',*,*,#11976,.F.);
#12089=ORIENTED_EDGE('',*,*,#12073,.F.);
#12090=EDGE_LOOP('',(#12085,#12087,#12088,#12089));
#12091=FACE_OUTER_BOUND('',#12090,.F.);
#12092=ADVANCED_FACE('',(#12091),#12084,.T.);
#12093=CARTESIAN_POINT('',(4.82E0,-3.29E0,-5.425E0));
#12094=DIRECTION('',(0.E0,1.E0,0.E0));
#12095=DIRECTION('',(0.E0,0.E0,1.E0));
#12096=AXIS2_PLACEMENT_3D('',#12093,#12094,#12095);
#12097=PLANE('',#12096);
#12098=ORIENTED_EDGE('',*,*,#11604,.T.);
#12099=ORIENTED_EDGE('',*,*,#8290,.F.);
#12100=ORIENTED_EDGE('',*,*,#11978,.F.);
#12101=ORIENTED_EDGE('',*,*,#12086,.F.);
#12102=EDGE_LOOP('',(#12098,#12099,#12100,#12101));
#12103=FACE_OUTER_BOUND('',#12102,.F.);
#12104=ADVANCED_FACE('',(#12103),#12097,.T.);
#12105=CARTESIAN_POINT('',(4.27E0,1.5E0,2.055E0));
#12106=DIRECTION('',(-9.841833239737E-1,0.E0,1.771529983153E-1));
#12107=DIRECTION('',(1.771529983153E-1,0.E0,9.841833239737E-1));
#12108=AXIS2_PLACEMENT_3D('',#12105,#12106,#12107);
#12109=PLANE('',#12108);
#12110=ORIENTED_EDGE('',*,*,#11989,.T.);
#12112=ORIENTED_EDGE('',*,*,#12111,.F.);
#12114=ORIENTED_EDGE('',*,*,#12113,.F.);
#12116=ORIENTED_EDGE('',*,*,#12115,.T.);
#12117=EDGE_LOOP('',(#12110,#12112,#12114,#12116));
#12118=FACE_OUTER_BOUND('',#12117,.F.);
#12119=ADVANCED_FACE('',(#12118),#12109,.T.);
#12120=CARTESIAN_POINT('',(4.5E0,1.73E0,2.055E0));
#12121=DIRECTION('',(0.E0,9.841833239737E-1,1.771529983153E-1));
#12122=DIRECTION('',(0.E0,1.771529983153E-1,-9.841833239737E-1));
#12123=AXIS2_PLACEMENT_3D('',#12120,#12121,#12122);
#12124=PLANE('',#12123);
#12125=ORIENTED_EDGE('',*,*,#11669,.F.);
#12127=ORIENTED_EDGE('',*,*,#12126,.F.);
#12129=ORIENTED_EDGE('',*,*,#12128,.T.);
#12130=ORIENTED_EDGE('',*,*,#12111,.T.);
#12131=EDGE_LOOP('',(#12125,#12127,#12129,#12130));
#12132=FACE_OUTER_BOUND('',#12131,.F.);
#12133=ADVANCED_FACE('',(#12132),#12124,.T.);
#12134=CARTESIAN_POINT('',(4.73E0,1.5E0,2.055E0));
#12135=DIRECTION('',(9.841833239737E-1,0.E0,1.771529983153E-1));
#12136=DIRECTION('',(-1.771529983153E-1,0.E0,9.841833239737E-1));
#12137=AXIS2_PLACEMENT_3D('',#12134,#12135,#12136);
#12138=PLANE('',#12137);
#12140=ORIENTED_EDGE('',*,*,#12139,.F.);
#12141=ORIENTED_EDGE('',*,*,#12126,.T.);
#12142=ORIENTED_EDGE('',*,*,#11620,.T.);
#12144=ORIENTED_EDGE('',*,*,#12143,.T.);
#12145=EDGE_LOOP('',(#12140,#12141,#12142,#12144));
#12146=FACE_OUTER_BOUND('',#12145,.F.);
#12147=ADVANCED_FACE('',(#12146),#12138,.T.);
#12148=CARTESIAN_POINT('',(4.82E0,1.82E0,2.555E0));
#12149=DIRECTION('',(0.E0,0.E0,1.E0));
#12150=DIRECTION('',(0.E0,-1.E0,0.E0));
#12151=AXIS2_PLACEMENT_3D('',#12148,#12149,#12150);
#12152=PLANE('',#12151);
#12154=ORIENTED_EDGE('',*,*,#12153,.T.);
#12155=ORIENTED_EDGE('',*,*,#12113,.T.);
#12156=ORIENTED_EDGE('',*,*,#12128,.F.);
#12157=ORIENTED_EDGE('',*,*,#12139,.T.);
#12158=EDGE_LOOP('',(#12154,#12155,#12156,#12157));
#12159=FACE_OUTER_BOUND('',#12158,.F.);
#12160=ADVANCED_FACE('',(#12159),#12152,.T.);
#12161=CARTESIAN_POINT('',(4.5E0,1.27E0,2.055E0));
#12162=DIRECTION('',(0.E0,-9.841833239737E-1,1.771529983153E-1));
#12163=DIRECTION('',(0.E0,1.771529983153E-1,9.841833239737E-1));
#12164=AXIS2_PLACEMENT_3D('',#12161,#12162,#12163);
#12165=PLANE('',#12164);
#12166=ORIENTED_EDGE('',*,*,#12153,.F.);
#12167=ORIENTED_EDGE('',*,*,#12143,.F.);
#12168=ORIENTED_EDGE('',*,*,#11825,.T.);
#12169=ORIENTED_EDGE('',*,*,#12115,.F.);
#12170=EDGE_LOOP('',(#12166,#12167,#12168,#12169));
#12171=FACE_OUTER_BOUND('',#12170,.F.);
#12172=ADVANCED_FACE('',(#12171),#12165,.T.);
#12173=CARTESIAN_POINT('',(4.27E0,-1.5E0,2.055E0));
#12174=DIRECTION('',(-9.841833239737E-1,0.E0,1.771529983153E-1));
#12175=DIRECTION('',(1.771529983153E-1,0.E0,9.841833239737E-1));
#12176=AXIS2_PLACEMENT_3D('',#12173,#12174,#12175);
#12177=PLANE('',#12176);
#12178=ORIENTED_EDGE('',*,*,#12002,.T.);
#12180=ORIENTED_EDGE('',*,*,#12179,.F.);
#12182=ORIENTED_EDGE('',*,*,#12181,.F.);
#12184=ORIENTED_EDGE('',*,*,#12183,.T.);
#12185=EDGE_LOOP('',(#12178,#12180,#12182,#12184));
#12186=FACE_OUTER_BOUND('',#12185,.F.);
#12187=ADVANCED_FACE('',(#12186),#12177,.T.);
#12188=CARTESIAN_POINT('',(4.5E0,-1.27E0,2.055E0));
#12189=DIRECTION('',(0.E0,9.841833239737E-1,1.771529983153E-1));
#12190=DIRECTION('',(0.E0,1.771529983153E-1,-9.841833239737E-1));
#12191=AXIS2_PLACEMENT_3D('',#12188,#12189,#12190);
#12192=PLANE('',#12191);
#12194=ORIENTED_EDGE('',*,*,#12193,.F.);
#12196=ORIENTED_EDGE('',*,*,#12195,.F.);
#12198=ORIENTED_EDGE('',*,*,#12197,.T.);
#12199=ORIENTED_EDGE('',*,*,#12179,.T.);
#12200=EDGE_LOOP('',(#12194,#12196,#12198,#12199));
#12201=FACE_OUTER_BOUND('',#12200,.F.);
#12202=ADVANCED_FACE('',(#12201),#12192,.T.);
#12203=CARTESIAN_POINT('',(4.82E0,-1.18E0,-4.285E0));
#12204=DIRECTION('',(0.E0,1.E0,0.E0));
#12205=DIRECTION('',(0.E0,0.E0,1.E0));
#12206=AXIS2_PLACEMENT_3D('',#12203,#12204,#12205);
#12207=PLANE('',#12206);
#12208=ORIENTED_EDGE('',*,*,#11712,.T.);
#12209=ORIENTED_EDGE('',*,*,#7413,.F.);
#12210=ORIENTED_EDGE('',*,*,#11799,.F.);
#12211=ORIENTED_EDGE('',*,*,#11757,.F.);
#12212=EDGE_LOOP('',(#12208,#12209,#12210,#12211));
#12213=FACE_OUTER_BOUND('',#12212,.F.);
#12214=ADVANCED_FACE('',(#12213),#12207,.T.);
#12215=CARTESIAN_POINT('',(4.82E0,-1.18E0,-4.285E0));
#12216=DIRECTION('',(0.E0,1.E0,0.E0));
#12217=DIRECTION('',(0.E0,0.E0,1.E0));
#12218=AXIS2_PLACEMENT_3D('',#12215,#12216,#12217);
#12219=PLANE('',#12218);
#12220=ORIENTED_EDGE('',*,*,#12193,.T.);
#12221=ORIENTED_EDGE('',*,*,#12007,.F.);
#12222=ORIENTED_EDGE('',*,*,#9873,.T.);
#12223=ORIENTED_EDGE('',*,*,#11637,.T.);
#12224=EDGE_LOOP('',(#12220,#12221,#12222,#12223));
#12225=FACE_OUTER_BOUND('',#12224,.F.);
#12226=ADVANCED_FACE('',(#12225),#12219,.T.);
#12227=CARTESIAN_POINT('',(4.73E0,-1.5E0,2.055E0));
#12228=DIRECTION('',(9.841833239737E-1,0.E0,1.771529983153E-1));
#12229=DIRECTION('',(-1.771529983153E-1,0.E0,9.841833239737E-1));
#12230=AXIS2_PLACEMENT_3D('',#12227,#12228,#12229);
#12231=PLANE('',#12230);
#12233=ORIENTED_EDGE('',*,*,#12232,.F.);
#12234=ORIENTED_EDGE('',*,*,#12195,.T.);
#12235=ORIENTED_EDGE('',*,*,#11635,.T.);
#12237=ORIENTED_EDGE('',*,*,#12236,.T.);
#12238=EDGE_LOOP('',(#12233,#12234,#12235,#12237));
#12239=FACE_OUTER_BOUND('',#12238,.F.);
#12240=ADVANCED_FACE('',(#12239),#12231,.T.);
#12241=CARTESIAN_POINT('',(4.82E0,-1.18E0,2.555E0));
#12242=DIRECTION('',(0.E0,0.E0,1.E0));
#12243=DIRECTION('',(0.E0,-1.E0,0.E0));
#12244=AXIS2_PLACEMENT_3D('',#12241,#12242,#12243);
#12245=PLANE('',#12244);
#12247=ORIENTED_EDGE('',*,*,#12246,.T.);
#12248=ORIENTED_EDGE('',*,*,#12181,.T.);
#12249=ORIENTED_EDGE('',*,*,#12197,.F.);
#12250=ORIENTED_EDGE('',*,*,#12232,.T.);
#12251=EDGE_LOOP('',(#12247,#12248,#12249,#12250));
#12252=FACE_OUTER_BOUND('',#12251,.F.);
#12253=ADVANCED_FACE('',(#12252),#12245,.T.);
#12254=CARTESIAN_POINT('',(4.5E0,-1.73E0,2.055E0));
#12255=DIRECTION('',(0.E0,-9.841833239737E-1,1.771529983153E-1));
#12256=DIRECTION('',(0.E0,1.771529983153E-1,9.841833239737E-1));
#12257=AXIS2_PLACEMENT_3D('',#12254,#12255,#12256);
#12258=PLANE('',#12257);
#12259=ORIENTED_EDGE('',*,*,#12246,.F.);
#12260=ORIENTED_EDGE('',*,*,#12236,.F.);
#12262=ORIENTED_EDGE('',*,*,#12261,.T.);
#12263=ORIENTED_EDGE('',*,*,#12183,.F.);
#12264=EDGE_LOOP('',(#12259,#12260,#12262,#12263));
#12265=FACE_OUTER_BOUND('',#12264,.F.);
#12266=ADVANCED_FACE('',(#12265),#12258,.T.);
#12267=CARTESIAN_POINT('',(4.82E0,-1.82E0,2.555E0));
#12268=DIRECTION('',(0.E0,-1.E0,0.E0));
#12269=DIRECTION('',(0.E0,0.E0,-1.E0));
#12270=AXIS2_PLACEMENT_3D('',#12267,#12268,#12269);
#12271=PLANE('',#12270);
#12272=ORIENTED_EDGE('',*,*,#12261,.F.);
#12273=ORIENTED_EDGE('',*,*,#11640,.T.);
#12274=ORIENTED_EDGE('',*,*,#9877,.F.);
#12275=ORIENTED_EDGE('',*,*,#12004,.F.);
#12276=EDGE_LOOP('',(#12272,#12273,#12274,#12275));
#12277=FACE_OUTER_BOUND('',#12276,.F.);
#12278=ADVANCED_FACE('',(#12277),#12271,.T.);
#12279=CARTESIAN_POINT('',(1.82E0,0.E0,0.E0));
#12280=DIRECTION('',(1.E0,0.E0,0.E0));
#12281=DIRECTION('',(0.E0,0.E0,-1.E0));
#12282=AXIS2_PLACEMENT_3D('',#12279,#12280,#12281);
#12283=PLANE('',#12282);
#12284=ORIENTED_EDGE('',*,*,#7277,.T.);
#12285=ORIENTED_EDGE('',*,*,#7763,.T.);
#12287=ORIENTED_EDGE('',*,*,#12286,.F.);
#12289=ORIENTED_EDGE('',*,*,#12288,.F.);
#12291=ORIENTED_EDGE('',*,*,#12290,.F.);
#12293=ORIENTED_EDGE('',*,*,#12292,.F.);
#12295=ORIENTED_EDGE('',*,*,#12294,.F.);
#12297=ORIENTED_EDGE('',*,*,#12296,.F.);
#12299=ORIENTED_EDGE('',*,*,#12298,.F.);
#12301=ORIENTED_EDGE('',*,*,#12300,.F.);
#12303=ORIENTED_EDGE('',*,*,#12302,.F.);
#12304=ORIENTED_EDGE('',*,*,#7424,.T.);
#12305=EDGE_LOOP('',(#12284,#12285,#12287,#12289,#12291,#12293,#12295,#12297,
#12299,#12301,#12303,#12304));
#12306=FACE_OUTER_BOUND('',#12305,.F.);
#12307=ADVANCED_FACE('',(#12306),#12283,.T.);
#12308=CARTESIAN_POINT('',(1.82E0,0.E0,0.E0));
#12309=DIRECTION('',(1.E0,0.E0,0.E0));
#12310=DIRECTION('',(0.E0,0.E0,-1.E0));
#12311=AXIS2_PLACEMENT_3D('',#12308,#12309,#12310);
#12312=PLANE('',#12311);
#12313=ORIENTED_EDGE('',*,*,#7428,.T.);
#12315=ORIENTED_EDGE('',*,*,#12314,.F.);
#12317=ORIENTED_EDGE('',*,*,#12316,.F.);
#12319=ORIENTED_EDGE('',*,*,#12318,.F.);
#12320=EDGE_LOOP('',(#12313,#12315,#12317,#12319));
#12321=FACE_OUTER_BOUND('',#12320,.F.);
#12322=ADVANCED_FACE('',(#12321),#12312,.T.);
#12323=CARTESIAN_POINT('',(1.82E0,0.E0,0.E0));
#12324=DIRECTION('',(1.E0,0.E0,0.E0));
#12325=DIRECTION('',(0.E0,0.E0,-1.E0));
#12326=AXIS2_PLACEMENT_3D('',#12323,#12324,#12325);
#12327=PLANE('',#12326);
#12328=ORIENTED_EDGE('',*,*,#8457,.F.);
#12329=ORIENTED_EDGE('',*,*,#8284,.T.);
#12331=ORIENTED_EDGE('',*,*,#12330,.F.);
#12333=ORIENTED_EDGE('',*,*,#12332,.F.);
#12335=ORIENTED_EDGE('',*,*,#12334,.F.);
#12337=ORIENTED_EDGE('',*,*,#12336,.F.);
#12338=EDGE_LOOP('',(#12328,#12329,#12331,#12333,#12335,#12337));
#12339=FACE_OUTER_BOUND('',#12338,.F.);
#12340=ADVANCED_FACE('',(#12339),#12327,.T.);
#12341=CARTESIAN_POINT('',(1.82E0,0.E0,0.E0));
#12342=DIRECTION('',(1.E0,0.E0,0.E0));
#12343=DIRECTION('',(0.E0,0.E0,-1.E0));
#12344=AXIS2_PLACEMENT_3D('',#12341,#12342,#12343);
#12345=PLANE('',#12344);
#12347=ORIENTED_EDGE('',*,*,#12346,.F.);
#12349=ORIENTED_EDGE('',*,*,#12348,.F.);
#12350=ORIENTED_EDGE('',*,*,#9925,.F.);
#12352=ORIENTED_EDGE('',*,*,#12351,.F.);
#12353=EDGE_LOOP('',(#12347,#12349,#12350,#12352));
#12354=FACE_OUTER_BOUND('',#12353,.F.);
#12355=ADVANCED_FACE('',(#12354),#12345,.T.);
#12356=CARTESIAN_POINT('',(1.82E0,0.E0,0.E0));
#12357=DIRECTION('',(1.E0,0.E0,0.E0));
#12358=DIRECTION('',(0.E0,0.E0,-1.E0));
#12359=AXIS2_PLACEMENT_3D('',#12356,#12357,#12358);
#12360=PLANE('',#12359);
#12362=ORIENTED_EDGE('',*,*,#12361,.F.);
#12364=ORIENTED_EDGE('',*,*,#12363,.F.);
#12365=ORIENTED_EDGE('',*,*,#9953,.F.);
#12367=ORIENTED_EDGE('',*,*,#12366,.F.);
#12368=EDGE_LOOP('',(#12362,#12364,#12365,#12367));
#12369=FACE_OUTER_BOUND('',#12368,.F.);
#12370=ADVANCED_FACE('',(#12369),#12360,.T.);
#12371=CARTESIAN_POINT('',(1.82E0,1.82E0,-6.905E0));
#12372=DIRECTION('',(0.E0,1.E0,0.E0));
#12373=DIRECTION('',(0.E0,0.E0,1.E0));
#12374=AXIS2_PLACEMENT_3D('',#12371,#12372,#12373);
#12375=PLANE('',#12374);
#12377=ORIENTED_EDGE('',*,*,#12376,.F.);
#12379=ORIENTED_EDGE('',*,*,#12378,.F.);
#12381=ORIENTED_EDGE('',*,*,#12380,.F.);
#12382=ORIENTED_EDGE('',*,*,#12286,.T.);
#12384=ORIENTED_EDGE('',*,*,#12383,.F.);
#12386=ORIENTED_EDGE('',*,*,#12385,.F.);
#12387=EDGE_LOOP('',(#12377,#12379,#12381,#12382,#12384,#12386));
#12388=FACE_OUTER_BOUND('',#12387,.F.);
#12389=ADVANCED_FACE('',(#12388),#12375,.T.);
#12390=CARTESIAN_POINT('',(1.82E0,1.82E0,-6.905E0));
#12391=DIRECTION('',(0.E0,1.E0,0.E0));
#12392=DIRECTION('',(0.E0,0.E0,1.E0));
#12393=AXIS2_PLACEMENT_3D('',#12390,#12391,#12392);
#12394=PLANE('',#12393);
#12396=ORIENTED_EDGE('',*,*,#12395,.T.);
#12398=ORIENTED_EDGE('',*,*,#12397,.F.);
#12399=ORIENTED_EDGE('',*,*,#9927,.T.);
#12400=ORIENTED_EDGE('',*,*,#12348,.T.);
#12401=EDGE_LOOP('',(#12396,#12398,#12399,#12400));
#12402=FACE_OUTER_BOUND('',#12401,.F.);
#12403=ADVANCED_FACE('',(#12402),#12394,.T.);
#12404=CARTESIAN_POINT('',(1.18E0,3.43E0,-4.955E0));
#12405=DIRECTION('',(-1.E0,0.E0,0.E0));
#12406=DIRECTION('',(0.E0,0.E0,1.E0));
#12407=AXIS2_PLACEMENT_3D('',#12404,#12405,#12406);
#12408=PLANE('',#12407);
#12409=ORIENTED_EDGE('',*,*,#12376,.T.);
#12411=ORIENTED_EDGE('',*,*,#12410,.F.);
#12412=ORIENTED_EDGE('',*,*,#7677,.F.);
#12413=ORIENTED_EDGE('',*,*,#7776,.F.);
#12414=EDGE_LOOP('',(#12409,#12411,#12412,#12413));
#12415=FACE_OUTER_BOUND('',#12414,.F.);
#12416=ADVANCED_FACE('',(#12415),#12408,.F.);
#12417=CARTESIAN_POINT('',(1.18E0,3.43E0,-4.955E0));
#12418=DIRECTION('',(-1.E0,0.E0,0.E0));
#12419=DIRECTION('',(0.E0,0.E0,1.E0));
#12420=AXIS2_PLACEMENT_3D('',#12417,#12418,#12419);
#12421=PLANE('',#12420);
#12423=ORIENTED_EDGE('',*,*,#12422,.F.);
#12424=ORIENTED_EDGE('',*,*,#7438,.F.);
#12426=ORIENTED_EDGE('',*,*,#12425,.T.);
#12428=ORIENTED_EDGE('',*,*,#12427,.F.);
#12429=EDGE_LOOP('',(#12423,#12424,#12426,#12428));
#12430=FACE_OUTER_BOUND('',#12429,.F.);
#12431=ADVANCED_FACE('',(#12430),#12421,.F.);
#12432=CARTESIAN_POINT('',(1.18E0,3.43E0,-4.955E0));
#12433=DIRECTION('',(-1.E0,0.E0,0.E0));
#12434=DIRECTION('',(0.E0,0.E0,1.E0));
#12435=AXIS2_PLACEMENT_3D('',#12432,#12433,#12434);
#12436=PLANE('',#12435);
#12437=ORIENTED_EDGE('',*,*,#7434,.F.);
#12439=ORIENTED_EDGE('',*,*,#12438,.F.);
#12441=ORIENTED_EDGE('',*,*,#12440,.F.);
#12443=ORIENTED_EDGE('',*,*,#12442,.F.);
#12444=EDGE_LOOP('',(#12437,#12439,#12441,#12443));
#12445=FACE_OUTER_BOUND('',#12444,.F.);
#12446=ADVANCED_FACE('',(#12445),#12436,.F.);
#12447=CARTESIAN_POINT('',(1.18E0,3.43E0,-3.655E0));
#12448=DIRECTION('',(0.E0,0.E0,1.E0));
#12449=DIRECTION('',(1.E0,0.E0,0.E0));
#12450=AXIS2_PLACEMENT_3D('',#12447,#12448,#12449);
#12451=PLANE('',#12450);
#12452=ORIENTED_EDGE('',*,*,#12385,.T.);
#12454=ORIENTED_EDGE('',*,*,#12453,.F.);
#12455=ORIENTED_EDGE('',*,*,#7679,.F.);
#12456=ORIENTED_EDGE('',*,*,#12410,.T.);
#12457=EDGE_LOOP('',(#12452,#12454,#12455,#12456));
#12458=FACE_OUTER_BOUND('',#12457,.F.);
#12459=ADVANCED_FACE('',(#12458),#12451,.F.);
#12460=CARTESIAN_POINT('',(1.18E0,3.43E0,-3.655E0));
#12461=DIRECTION('',(0.E0,0.E0,1.E0));
#12462=DIRECTION('',(1.E0,0.E0,0.E0));
#12463=AXIS2_PLACEMENT_3D('',#12460,#12461,#12462);
#12464=PLANE('',#12463);
#12466=ORIENTED_EDGE('',*,*,#12465,.F.);
#12467=ORIENTED_EDGE('',*,*,#12427,.T.);
#12469=ORIENTED_EDGE('',*,*,#12468,.T.);
#12471=ORIENTED_EDGE('',*,*,#12470,.F.);
#12472=EDGE_LOOP('',(#12466,#12467,#12469,#12471));
#12473=FACE_OUTER_BOUND('',#12472,.F.);
#12474=ADVANCED_FACE('',(#12473),#12464,.F.);
#12475=CARTESIAN_POINT('',(1.18E0,3.43E0,-3.655E0));
#12476=DIRECTION('',(0.E0,0.E0,1.E0));
#12477=DIRECTION('',(1.E0,0.E0,0.E0));
#12478=AXIS2_PLACEMENT_3D('',#12475,#12476,#12477);
#12479=PLANE('',#12478);
#12481=ORIENTED_EDGE('',*,*,#12480,.F.);
#12482=ORIENTED_EDGE('',*,*,#12440,.T.);
#12484=ORIENTED_EDGE('',*,*,#12483,.T.);
#12486=ORIENTED_EDGE('',*,*,#12485,.F.);
#12487=EDGE_LOOP('',(#12481,#12482,#12484,#12486));
#12488=FACE_OUTER_BOUND('',#12487,.F.);
#12489=ADVANCED_FACE('',(#12488),#12479,.F.);
#12490=CARTESIAN_POINT('',(1.82E0,3.43E0,-3.655E0));
#12491=DIRECTION('',(1.E0,0.E0,0.E0));
#12492=DIRECTION('',(0.E0,0.E0,-1.E0));
#12493=AXIS2_PLACEMENT_3D('',#12490,#12491,#12492);
#12494=PLANE('',#12493);
#12495=ORIENTED_EDGE('',*,*,#12383,.T.);
#12496=ORIENTED_EDGE('',*,*,#7761,.T.);
#12497=ORIENTED_EDGE('',*,*,#7681,.T.);
#12498=ORIENTED_EDGE('',*,*,#12453,.T.);
#12499=EDGE_LOOP('',(#12495,#12496,#12497,#12498));
#12500=FACE_OUTER_BOUND('',#12499,.F.);
#12501=ADVANCED_FACE('',(#12500),#12494,.F.);
#12502=CARTESIAN_POINT('',(1.82E0,3.43E0,-3.655E0));
#12503=DIRECTION('',(1.E0,0.E0,0.E0));
#12504=DIRECTION('',(0.E0,0.E0,-1.E0));
#12505=AXIS2_PLACEMENT_3D('',#12502,#12503,#12504);
#12506=PLANE('',#12505);
#12508=ORIENTED_EDGE('',*,*,#12507,.F.);
#12509=ORIENTED_EDGE('',*,*,#12470,.T.);
#12511=ORIENTED_EDGE('',*,*,#12510,.T.);
#12512=ORIENTED_EDGE('',*,*,#7426,.T.);
#12513=EDGE_LOOP('',(#12508,#12509,#12511,#12512));
#12514=FACE_OUTER_BOUND('',#12513,.F.);
#12515=ADVANCED_FACE('',(#12514),#12506,.F.);
#12516=CARTESIAN_POINT('',(1.82E0,3.43E0,-3.655E0));
#12517=DIRECTION('',(1.E0,0.E0,0.E0));
#12518=DIRECTION('',(0.E0,0.E0,-1.E0));
#12519=AXIS2_PLACEMENT_3D('',#12516,#12517,#12518);
#12520=PLANE('',#12519);
#12521=ORIENTED_EDGE('',*,*,#7430,.T.);
#12523=ORIENTED_EDGE('',*,*,#12522,.F.);
#12524=ORIENTED_EDGE('',*,*,#12485,.T.);
#12526=ORIENTED_EDGE('',*,*,#12525,.T.);
#12527=EDGE_LOOP('',(#12521,#12523,#12524,#12526));
#12528=FACE_OUTER_BOUND('',#12527,.F.);
#12529=ADVANCED_FACE('',(#12528),#12520,.F.);
#12530=CARTESIAN_POINT('',(1.82E0,1.18E0,2.555E0));
#12531=DIRECTION('',(0.E0,-1.E0,0.E0));
#12532=DIRECTION('',(0.E0,0.E0,-1.E0));
#12533=AXIS2_PLACEMENT_3D('',#12530,#12531,#12532);
#12534=PLANE('',#12533);
#12535=ORIENTED_EDGE('',*,*,#12422,.T.);
#12536=ORIENTED_EDGE('',*,*,#12465,.T.);
#12537=ORIENTED_EDGE('',*,*,#12507,.T.);
#12538=ORIENTED_EDGE('',*,*,#12302,.T.);
#12540=ORIENTED_EDGE('',*,*,#12539,.T.);
#12542=ORIENTED_EDGE('',*,*,#12541,.F.);
#12543=EDGE_LOOP('',(#12535,#12536,#12537,#12538,#12540,#12542));
#12544=FACE_OUTER_BOUND('',#12543,.F.);
#12545=ADVANCED_FACE('',(#12544),#12534,.T.);
#12546=CARTESIAN_POINT('',(1.82E0,1.18E0,2.555E0));
#12547=DIRECTION('',(0.E0,-1.E0,0.E0));
#12548=DIRECTION('',(0.E0,0.E0,-1.E0));
#12549=AXIS2_PLACEMENT_3D('',#12546,#12547,#12548);
#12550=PLANE('',#12549);
#12552=ORIENTED_EDGE('',*,*,#12551,.F.);
#12553=ORIENTED_EDGE('',*,*,#12351,.T.);
#12554=ORIENTED_EDGE('',*,*,#9931,.F.);
#12556=ORIENTED_EDGE('',*,*,#12555,.F.);
#12557=EDGE_LOOP('',(#12552,#12553,#12554,#12556));
#12558=FACE_OUTER_BOUND('',#12557,.F.);
#12559=ADVANCED_FACE('',(#12558),#12550,.T.);
#12560=CARTESIAN_POINT('',(1.82E0,6.8E-1,-5.710030241322E0));
#12561=DIRECTION('',(1.E0,0.E0,0.E0));
#12562=DIRECTION('',(0.E0,0.E0,-1.E0));
#12563=AXIS2_PLACEMENT_3D('',#12560,#12561,#12562);
#12564=CYLINDRICAL_SURFACE('',#12563,5.E-1);
#12565=ORIENTED_EDGE('',*,*,#12300,.T.);
#12567=ORIENTED_EDGE('',*,*,#12566,.T.);
#12569=ORIENTED_EDGE('',*,*,#12568,.F.);
#12570=ORIENTED_EDGE('',*,*,#12539,.F.);
#12571=EDGE_LOOP('',(#12565,#12567,#12569,#12570));
#12572=FACE_OUTER_BOUND('',#12571,.F.);
#12573=ADVANCED_FACE('',(#12572),#12564,.F.);
#12574=CARTESIAN_POINT('',(1.82E0,8.938922490563E-1,-6.161970619905E0));
#12575=DIRECTION('',(0.E0,-4.277844981127E-1,9.038807571657E-1));
#12576=DIRECTION('',(0.E0,-9.038807571657E-1,-4.277844981127E-1));
#12577=AXIS2_PLACEMENT_3D('',#12574,#12575,#12576);
#12578=PLANE('',#12577);
#12579=ORIENTED_EDGE('',*,*,#12298,.T.);
#12581=ORIENTED_EDGE('',*,*,#12580,.T.);
#12583=ORIENTED_EDGE('',*,*,#12582,.F.);
#12584=ORIENTED_EDGE('',*,*,#12566,.F.);
#12585=EDGE_LOOP('',(#12579,#12581,#12583,#12584));
#12586=FACE_OUTER_BOUND('',#12585,.F.);
#12587=ADVANCED_FACE('',(#12586),#12578,.T.);
#12588=CARTESIAN_POINT('',(1.82E0,-3.93E0,-8.445E0));
#12589=DIRECTION('',(0.E0,-1.E0,0.E0));
#12590=DIRECTION('',(0.E0,0.E0,-1.E0));
#12591=AXIS2_PLACEMENT_3D('',#12588,#12589,#12590);
#12592=PLANE('',#12591);
#12593=ORIENTED_EDGE('',*,*,#12296,.T.);
#12595=ORIENTED_EDGE('',*,*,#12594,.T.);
#12597=ORIENTED_EDGE('',*,*,#12596,.F.);
#12598=ORIENTED_EDGE('',*,*,#12580,.F.);
#12599=EDGE_LOOP('',(#12593,#12595,#12597,#12598));
#12600=FACE_OUTER_BOUND('',#12599,.F.);
#12601=ADVANCED_FACE('',(#12600),#12592,.T.);
#12602=CARTESIAN_POINT('',(1.82E0,-3.61E0,-1.0125E1));
#12603=DIRECTION('',(1.E0,0.E0,0.E0));
#12604=DIRECTION('',(0.E0,0.E0,-1.E0));
#12605=AXIS2_PLACEMENT_3D('',#12602,#12603,#12604);
#12606=CYLINDRICAL_SURFACE('',#12605,3.2E-1);
#12607=ORIENTED_EDGE('',*,*,#12294,.T.);
#12609=ORIENTED_EDGE('',*,*,#12608,.T.);
#12611=ORIENTED_EDGE('',*,*,#12610,.F.);
#12612=ORIENTED_EDGE('',*,*,#12594,.F.);
#12613=EDGE_LOOP('',(#12607,#12609,#12611,#12612));
#12614=FACE_OUTER_BOUND('',#12613,.F.);
#12615=ADVANCED_FACE('',(#12614),#12606,.T.);
#12616=CARTESIAN_POINT('',(1.82E0,-3.29E0,-1.0125E1));
#12617=DIRECTION('',(0.E0,1.E0,0.E0));
#12618=DIRECTION('',(0.E0,0.E0,1.E0));
#12619=AXIS2_PLACEMENT_3D('',#12616,#12617,#12618);
#12620=PLANE('',#12619);
#12621=ORIENTED_EDGE('',*,*,#12292,.T.);
#12623=ORIENTED_EDGE('',*,*,#12622,.T.);
#12625=ORIENTED_EDGE('',*,*,#12624,.F.);
#12626=ORIENTED_EDGE('',*,*,#12608,.F.);
#12627=EDGE_LOOP('',(#12621,#12623,#12625,#12626));
#12628=FACE_OUTER_BOUND('',#12627,.F.);
#12629=ADVANCED_FACE('',(#12628),#12620,.T.);
#12630=CARTESIAN_POINT('',(1.82E0,-3.29E0,-8.850161763103E0));
#12631=DIRECTION('',(0.E0,4.277844981127E-1,-9.038807571657E-1));
#12632=DIRECTION('',(0.E0,9.038807571657E-1,4.277844981127E-1));
#12633=AXIS2_PLACEMENT_3D('',#12630,#12631,#12632);
#12634=PLANE('',#12633);
#12635=ORIENTED_EDGE('',*,*,#12290,.T.);
#12637=ORIENTED_EDGE('',*,*,#12636,.T.);
#12639=ORIENTED_EDGE('',*,*,#12638,.F.);
#12640=ORIENTED_EDGE('',*,*,#12622,.F.);
#12641=EDGE_LOOP('',(#12635,#12637,#12639,#12640));
#12642=FACE_OUTER_BOUND('',#12641,.F.);
#12643=ADVANCED_FACE('',(#12642),#12634,.T.);
#12644=CARTESIAN_POINT('',(1.82E0,8.2E-1,-6.905E0));
#12645=DIRECTION('',(0.E0,0.E0,-1.E0));
#12646=DIRECTION('',(0.E0,1.E0,0.E0));
#12647=AXIS2_PLACEMENT_3D('',#12644,#12645,#12646);
#12648=PLANE('',#12647);
#12649=ORIENTED_EDGE('',*,*,#12288,.T.);
#12650=ORIENTED_EDGE('',*,*,#12380,.T.);
#12652=ORIENTED_EDGE('',*,*,#12651,.F.);
#12653=ORIENTED_EDGE('',*,*,#12636,.F.);
#12654=EDGE_LOOP('',(#12649,#12650,#12652,#12653));
#12655=FACE_OUTER_BOUND('',#12654,.F.);
#12656=ADVANCED_FACE('',(#12655),#12648,.T.);
#12657=CARTESIAN_POINT('',(1.18E0,0.E0,0.E0));
#12658=DIRECTION('',(1.E0,0.E0,0.E0));
#12659=DIRECTION('',(0.E0,0.E0,-1.E0));
#12660=AXIS2_PLACEMENT_3D('',#12657,#12658,#12659);
#12661=PLANE('',#12660);
#12662=ORIENTED_EDGE('',*,*,#7289,.F.);
#12663=ORIENTED_EDGE('',*,*,#7440,.F.);
#12664=ORIENTED_EDGE('',*,*,#12541,.T.);
#12665=ORIENTED_EDGE('',*,*,#12568,.T.);
#12666=ORIENTED_EDGE('',*,*,#12582,.T.);
#12667=ORIENTED_EDGE('',*,*,#12596,.T.);
#12668=ORIENTED_EDGE('',*,*,#12610,.T.);
#12669=ORIENTED_EDGE('',*,*,#12624,.T.);
#12670=ORIENTED_EDGE('',*,*,#12638,.T.);
#12671=ORIENTED_EDGE('',*,*,#12651,.T.);
#12672=ORIENTED_EDGE('',*,*,#12378,.T.);
#12673=ORIENTED_EDGE('',*,*,#7774,.F.);
#12674=EDGE_LOOP('',(#12662,#12663,#12664,#12665,#12666,#12667,#12668,#12669,
#12670,#12671,#12672,#12673));
#12675=FACE_OUTER_BOUND('',#12674,.F.);
#12676=ADVANCED_FACE('',(#12675),#12661,.F.);
#12677=CARTESIAN_POINT('',(1.18E0,0.E0,0.E0));
#12678=DIRECTION('',(1.E0,0.E0,0.E0));
#12679=DIRECTION('',(0.E0,0.E0,-1.E0));
#12680=AXIS2_PLACEMENT_3D('',#12677,#12678,#12679);
#12681=PLANE('',#12680);
#12682=ORIENTED_EDGE('',*,*,#7436,.F.);
#12684=ORIENTED_EDGE('',*,*,#12683,.T.);
#12686=ORIENTED_EDGE('',*,*,#12685,.T.);
#12688=ORIENTED_EDGE('',*,*,#12687,.T.);
#12689=EDGE_LOOP('',(#12682,#12684,#12686,#12688));
#12690=FACE_OUTER_BOUND('',#12689,.F.);
#12691=ADVANCED_FACE('',(#12690),#12681,.F.);
#12692=CARTESIAN_POINT('',(1.18E0,0.E0,0.E0));
#12693=DIRECTION('',(1.E0,0.E0,0.E0));
#12694=DIRECTION('',(0.E0,0.E0,-1.E0));
#12695=AXIS2_PLACEMENT_3D('',#12692,#12693,#12694);
#12696=PLANE('',#12695);
#12697=ORIENTED_EDGE('',*,*,#8461,.T.);
#12699=ORIENTED_EDGE('',*,*,#12698,.T.);
#12701=ORIENTED_EDGE('',*,*,#12700,.T.);
#12703=ORIENTED_EDGE('',*,*,#12702,.T.);
#12705=ORIENTED_EDGE('',*,*,#12704,.T.);
#12706=ORIENTED_EDGE('',*,*,#8280,.F.);
#12707=EDGE_LOOP('',(#12697,#12699,#12701,#12703,#12705,#12706));
#12708=FACE_OUTER_BOUND('',#12707,.F.);
#12709=ADVANCED_FACE('',(#12708),#12696,.F.);
#12710=CARTESIAN_POINT('',(1.18E0,0.E0,0.E0));
#12711=DIRECTION('',(1.E0,0.E0,0.E0));
#12712=DIRECTION('',(0.E0,0.E0,-1.E0));
#12713=AXIS2_PLACEMENT_3D('',#12710,#12711,#12712);
#12714=PLANE('',#12713);
#12716=ORIENTED_EDGE('',*,*,#12715,.F.);
#12717=ORIENTED_EDGE('',*,*,#12555,.T.);
#12718=ORIENTED_EDGE('',*,*,#9929,.T.);
#12719=ORIENTED_EDGE('',*,*,#12397,.T.);
#12720=EDGE_LOOP('',(#12716,#12717,#12718,#12719));
#12721=FACE_OUTER_BOUND('',#12720,.F.);
#12722=ADVANCED_FACE('',(#12721),#12714,.F.);
#12723=CARTESIAN_POINT('',(1.18E0,0.E0,0.E0));
#12724=DIRECTION('',(1.E0,0.E0,0.E0));
#12725=DIRECTION('',(0.E0,0.E0,-1.E0));
#12726=AXIS2_PLACEMENT_3D('',#12723,#12724,#12725);
#12727=PLANE('',#12726);
#12729=ORIENTED_EDGE('',*,*,#12728,.F.);
#12731=ORIENTED_EDGE('',*,*,#12730,.T.);
#12732=ORIENTED_EDGE('',*,*,#9957,.T.);
#12734=ORIENTED_EDGE('',*,*,#12733,.T.);
#12735=EDGE_LOOP('',(#12729,#12731,#12732,#12734));
#12736=FACE_OUTER_BOUND('',#12735,.F.);
#12737=ADVANCED_FACE('',(#12736),#12727,.F.);
#12738=CARTESIAN_POINT('',(1.82E0,-3.2E-1,-3.655E0));
#12739=DIRECTION('',(0.E0,-1.E0,0.E0));
#12740=DIRECTION('',(0.E0,0.E0,-1.E0));
#12741=AXIS2_PLACEMENT_3D('',#12738,#12739,#12740);
#12742=PLANE('',#12741);
#12743=ORIENTED_EDGE('',*,*,#12318,.T.);
#12745=ORIENTED_EDGE('',*,*,#12744,.T.);
#12746=ORIENTED_EDGE('',*,*,#12683,.F.);
#12747=ORIENTED_EDGE('',*,*,#12442,.T.);
#12748=ORIENTED_EDGE('',*,*,#12480,.T.);
#12749=ORIENTED_EDGE('',*,*,#12522,.T.);
#12750=EDGE_LOOP('',(#12743,#12745,#12746,#12747,#12748,#12749));
#12751=FACE_OUTER_BOUND('',#12750,.F.);
#12752=ADVANCED_FACE('',(#12751),#12742,.T.);
#12753=CARTESIAN_POINT('',(1.82E0,-3.2E-1,-4.955E0));
#12754=DIRECTION('',(0.E0,0.E0,-1.E0));
#12755=DIRECTION('',(0.E0,1.E0,0.E0));
#12756=AXIS2_PLACEMENT_3D('',#12753,#12754,#12755);
#12757=PLANE('',#12756);
#12758=ORIENTED_EDGE('',*,*,#12316,.T.);
#12760=ORIENTED_EDGE('',*,*,#12759,.T.);
#12761=ORIENTED_EDGE('',*,*,#12685,.F.);
#12762=ORIENTED_EDGE('',*,*,#12744,.F.);
#12763=EDGE_LOOP('',(#12758,#12760,#12761,#12762));
#12764=FACE_OUTER_BOUND('',#12763,.F.);
#12765=ADVANCED_FACE('',(#12764),#12757,.T.);
#12766=CARTESIAN_POINT('',(1.82E0,3.2E-1,-4.955E0));
#12767=DIRECTION('',(0.E0,1.E0,0.E0));
#12768=DIRECTION('',(0.E0,0.E0,1.E0));
#12769=AXIS2_PLACEMENT_3D('',#12766,#12767,#12768);
#12770=PLANE('',#12769);
#12771=ORIENTED_EDGE('',*,*,#12314,.T.);
#12772=ORIENTED_EDGE('',*,*,#12510,.F.);
#12773=ORIENTED_EDGE('',*,*,#12468,.F.);
#12774=ORIENTED_EDGE('',*,*,#12425,.F.);
#12775=ORIENTED_EDGE('',*,*,#12687,.F.);
#12776=ORIENTED_EDGE('',*,*,#12759,.F.);
#12777=EDGE_LOOP('',(#12771,#12772,#12773,#12774,#12775,#12776));
#12778=FACE_OUTER_BOUND('',#12777,.F.);
#12779=ADVANCED_FACE('',(#12778),#12770,.T.);
#12780=CARTESIAN_POINT('',(1.82E0,-1.82E0,-3.745E0));
#12781=DIRECTION('',(0.E0,0.E0,1.E0));
#12782=DIRECTION('',(0.E0,-1.E0,0.E0));
#12783=AXIS2_PLACEMENT_3D('',#12780,#12781,#12782);
#12784=PLANE('',#12783);
#12785=ORIENTED_EDGE('',*,*,#12336,.T.);
#12787=ORIENTED_EDGE('',*,*,#12786,.T.);
#12788=ORIENTED_EDGE('',*,*,#12698,.F.);
#12789=ORIENTED_EDGE('',*,*,#8459,.T.);
#12790=EDGE_LOOP('',(#12785,#12787,#12788,#12789));
#12791=FACE_OUTER_BOUND('',#12790,.F.);
#12792=ADVANCED_FACE('',(#12791),#12784,.T.);
#12793=CARTESIAN_POINT('',(1.82E0,-3.93E0,-3.745E0));
#12794=DIRECTION('',(0.E0,-1.E0,0.E0));
#12795=DIRECTION('',(0.E0,0.E0,-1.E0));
#12796=AXIS2_PLACEMENT_3D('',#12793,#12794,#12795);
#12797=PLANE('',#12796);
#12798=ORIENTED_EDGE('',*,*,#12334,.T.);
#12800=ORIENTED_EDGE('',*,*,#12799,.T.);
#12801=ORIENTED_EDGE('',*,*,#12700,.F.);
#12802=ORIENTED_EDGE('',*,*,#12786,.F.);
#12803=EDGE_LOOP('',(#12798,#12800,#12801,#12802));
#12804=FACE_OUTER_BOUND('',#12803,.F.);
#12805=ADVANCED_FACE('',(#12804),#12797,.T.);
#12806=CARTESIAN_POINT('',(1.82E0,-3.61E0,-5.425E0));
#12807=DIRECTION('',(1.E0,0.E0,0.E0));
#12808=DIRECTION('',(0.E0,0.E0,-1.E0));
#12809=AXIS2_PLACEMENT_3D('',#12806,#12807,#12808);
#12810=CYLINDRICAL_SURFACE('',#12809,3.2E-1);
#12811=ORIENTED_EDGE('',*,*,#12332,.T.);
#12813=ORIENTED_EDGE('',*,*,#12812,.T.);
#12814=ORIENTED_EDGE('',*,*,#12702,.F.);
#12815=ORIENTED_EDGE('',*,*,#12799,.F.);
#12816=EDGE_LOOP('',(#12811,#12813,#12814,#12815));
#12817=FACE_OUTER_BOUND('',#12816,.F.);
#12818=ADVANCED_FACE('',(#12817),#12810,.T.);
#12819=CARTESIAN_POINT('',(1.82E0,-3.29E0,-5.425E0));
#12820=DIRECTION('',(0.E0,1.E0,0.E0));
#12821=DIRECTION('',(0.E0,0.E0,1.E0));
#12822=AXIS2_PLACEMENT_3D('',#12819,#12820,#12821);
#12823=PLANE('',#12822);
#12824=ORIENTED_EDGE('',*,*,#12330,.T.);
#12825=ORIENTED_EDGE('',*,*,#8282,.F.);
#12826=ORIENTED_EDGE('',*,*,#12704,.F.);
#12827=ORIENTED_EDGE('',*,*,#12812,.F.);
#12828=EDGE_LOOP('',(#12824,#12825,#12826,#12827));
#12829=FACE_OUTER_BOUND('',#12828,.F.);
#12830=ADVANCED_FACE('',(#12829),#12823,.T.);
#12831=CARTESIAN_POINT('',(1.27E0,1.5E0,2.055E0));
#12832=DIRECTION('',(-9.841833239737E-1,0.E0,1.771529983153E-1));
#12833=DIRECTION('',(1.771529983153E-1,0.E0,9.841833239737E-1));
#12834=AXIS2_PLACEMENT_3D('',#12831,#12832,#12833);
#12835=PLANE('',#12834);
#12836=ORIENTED_EDGE('',*,*,#12715,.T.);
#12838=ORIENTED_EDGE('',*,*,#12837,.F.);
#12840=ORIENTED_EDGE('',*,*,#12839,.F.);
#12842=ORIENTED_EDGE('',*,*,#12841,.T.);
#12843=EDGE_LOOP('',(#12836,#12838,#12840,#12842));
#12844=FACE_OUTER_BOUND('',#12843,.F.);
#12845=ADVANCED_FACE('',(#12844),#12835,.T.);
#12846=CARTESIAN_POINT('',(1.5E0,1.73E0,2.055E0));
#12847=DIRECTION('',(0.E0,9.841833239737E-1,1.771529983153E-1));
#12848=DIRECTION('',(0.E0,1.771529983153E-1,-9.841833239737E-1));
#12849=AXIS2_PLACEMENT_3D('',#12846,#12847,#12848);
#12850=PLANE('',#12849);
#12851=ORIENTED_EDGE('',*,*,#12395,.F.);
#12853=ORIENTED_EDGE('',*,*,#12852,.F.);
#12855=ORIENTED_EDGE('',*,*,#12854,.T.);
#12856=ORIENTED_EDGE('',*,*,#12837,.T.);
#12857=EDGE_LOOP('',(#12851,#12853,#12855,#12856));
#12858=FACE_OUTER_BOUND('',#12857,.F.);
#12859=ADVANCED_FACE('',(#12858),#12850,.T.);
#12860=CARTESIAN_POINT('',(1.73E0,1.5E0,2.055E0));
#12861=DIRECTION('',(9.841833239737E-1,0.E0,1.771529983153E-1));
#12862=DIRECTION('',(-1.771529983153E-1,0.E0,9.841833239737E-1));
#12863=AXIS2_PLACEMENT_3D('',#12860,#12861,#12862);
#12864=PLANE('',#12863);
#12866=ORIENTED_EDGE('',*,*,#12865,.F.);
#12867=ORIENTED_EDGE('',*,*,#12852,.T.);
#12868=ORIENTED_EDGE('',*,*,#12346,.T.);
#12870=ORIENTED_EDGE('',*,*,#12869,.T.);
#12871=EDGE_LOOP('',(#12866,#12867,#12868,#12870));
#12872=FACE_OUTER_BOUND('',#12871,.F.);
#12873=ADVANCED_FACE('',(#12872),#12864,.T.);
#12874=CARTESIAN_POINT('',(1.82E0,1.82E0,2.555E0));
#12875=DIRECTION('',(0.E0,0.E0,1.E0));
#12876=DIRECTION('',(0.E0,-1.E0,0.E0));
#12877=AXIS2_PLACEMENT_3D('',#12874,#12875,#12876);
#12878=PLANE('',#12877);
#12880=ORIENTED_EDGE('',*,*,#12879,.T.);
#12881=ORIENTED_EDGE('',*,*,#12839,.T.);
#12882=ORIENTED_EDGE('',*,*,#12854,.F.);
#12883=ORIENTED_EDGE('',*,*,#12865,.T.);
#12884=EDGE_LOOP('',(#12880,#12881,#12882,#12883));
#12885=FACE_OUTER_BOUND('',#12884,.F.);
#12886=ADVANCED_FACE('',(#12885),#12878,.T.);
#12887=CARTESIAN_POINT('',(1.5E0,1.27E0,2.055E0));
#12888=DIRECTION('',(0.E0,-9.841833239737E-1,1.771529983153E-1));
#12889=DIRECTION('',(0.E0,1.771529983153E-1,9.841833239737E-1));
#12890=AXIS2_PLACEMENT_3D('',#12887,#12888,#12889);
#12891=PLANE('',#12890);
#12892=ORIENTED_EDGE('',*,*,#12879,.F.);
#12893=ORIENTED_EDGE('',*,*,#12869,.F.);
#12894=ORIENTED_EDGE('',*,*,#12551,.T.);
#12895=ORIENTED_EDGE('',*,*,#12841,.F.);
#12896=EDGE_LOOP('',(#12892,#12893,#12894,#12895));
#12897=FACE_OUTER_BOUND('',#12896,.F.);
#12898=ADVANCED_FACE('',(#12897),#12891,.T.);
#12899=CARTESIAN_POINT('',(1.27E0,-1.5E0,2.055E0));
#12900=DIRECTION('',(-9.841833239737E-1,0.E0,1.771529983153E-1));
#12901=DIRECTION('',(1.771529983153E-1,0.E0,9.841833239737E-1));
#12902=AXIS2_PLACEMENT_3D('',#12899,#12900,#12901);
#12903=PLANE('',#12902);
#12904=ORIENTED_EDGE('',*,*,#12728,.T.);
#12906=ORIENTED_EDGE('',*,*,#12905,.F.);
#12908=ORIENTED_EDGE('',*,*,#12907,.F.);
#12910=ORIENTED_EDGE('',*,*,#12909,.T.);
#12911=EDGE_LOOP('',(#12904,#12906,#12908,#12910));
#12912=FACE_OUTER_BOUND('',#12911,.F.);
#12913=ADVANCED_FACE('',(#12912),#12903,.T.);
#12914=CARTESIAN_POINT('',(1.5E0,-1.27E0,2.055E0));
#12915=DIRECTION('',(0.E0,9.841833239737E-1,1.771529983153E-1));
#12916=DIRECTION('',(0.E0,1.771529983153E-1,-9.841833239737E-1));
#12917=AXIS2_PLACEMENT_3D('',#12914,#12915,#12916);
#12918=PLANE('',#12917);
#12920=ORIENTED_EDGE('',*,*,#12919,.F.);
#12922=ORIENTED_EDGE('',*,*,#12921,.F.);
#12924=ORIENTED_EDGE('',*,*,#12923,.T.);
#12925=ORIENTED_EDGE('',*,*,#12905,.T.);
#12926=EDGE_LOOP('',(#12920,#12922,#12924,#12925));
#12927=FACE_OUTER_BOUND('',#12926,.F.);
#12928=ADVANCED_FACE('',(#12927),#12918,.T.);
#12929=CARTESIAN_POINT('',(1.82E0,-1.18E0,-4.285E0));
#12930=DIRECTION('',(0.E0,1.E0,0.E0));
#12931=DIRECTION('',(0.E0,0.E0,1.E0));
#12932=AXIS2_PLACEMENT_3D('',#12929,#12930,#12931);
#12933=PLANE('',#12932);
#12934=ORIENTED_EDGE('',*,*,#12438,.T.);
#12935=ORIENTED_EDGE('',*,*,#7432,.F.);
#12936=ORIENTED_EDGE('',*,*,#12525,.F.);
#12937=ORIENTED_EDGE('',*,*,#12483,.F.);
#12938=EDGE_LOOP('',(#12934,#12935,#12936,#12937));
#12939=FACE_OUTER_BOUND('',#12938,.F.);
#12940=ADVANCED_FACE('',(#12939),#12933,.T.);
#12941=CARTESIAN_POINT('',(1.82E0,-1.18E0,-4.285E0));
#12942=DIRECTION('',(0.E0,1.E0,0.E0));
#12943=DIRECTION('',(0.E0,0.E0,1.E0));
#12944=AXIS2_PLACEMENT_3D('',#12941,#12942,#12943);
#12945=PLANE('',#12944);
#12946=ORIENTED_EDGE('',*,*,#12919,.T.);
#12947=ORIENTED_EDGE('',*,*,#12733,.F.);
#12948=ORIENTED_EDGE('',*,*,#9955,.T.);
#12949=ORIENTED_EDGE('',*,*,#12363,.T.);
#12950=EDGE_LOOP('',(#12946,#12947,#12948,#12949));
#12951=FACE_OUTER_BOUND('',#12950,.F.);
#12952=ADVANCED_FACE('',(#12951),#12945,.T.);
#12953=CARTESIAN_POINT('',(1.73E0,-1.5E0,2.055E0));
#12954=DIRECTION('',(9.841833239737E-1,0.E0,1.771529983153E-1));
#12955=DIRECTION('',(-1.771529983153E-1,0.E0,9.841833239737E-1));
#12956=AXIS2_PLACEMENT_3D('',#12953,#12954,#12955);
#12957=PLANE('',#12956);
#12959=ORIENTED_EDGE('',*,*,#12958,.F.);
#12960=ORIENTED_EDGE('',*,*,#12921,.T.);
#12961=ORIENTED_EDGE('',*,*,#12361,.T.);
#12963=ORIENTED_EDGE('',*,*,#12962,.T.);
#12964=EDGE_LOOP('',(#12959,#12960,#12961,#12963));
#12965=FACE_OUTER_BOUND('',#12964,.F.);
#12966=ADVANCED_FACE('',(#12965),#12957,.T.);
#12967=CARTESIAN_POINT('',(1.82E0,-1.18E0,2.555E0));
#12968=DIRECTION('',(0.E0,0.E0,1.E0));
#12969=DIRECTION('',(0.E0,-1.E0,0.E0));
#12970=AXIS2_PLACEMENT_3D('',#12967,#12968,#12969);
#12971=PLANE('',#12970);
#12973=ORIENTED_EDGE('',*,*,#12972,.T.);
#12974=ORIENTED_EDGE('',*,*,#12907,.T.);
#12975=ORIENTED_EDGE('',*,*,#12923,.F.);
#12976=ORIENTED_EDGE('',*,*,#12958,.T.);
#12977=EDGE_LOOP('',(#12973,#12974,#12975,#12976));
#12978=FACE_OUTER_BOUND('',#12977,.F.);
#12979=ADVANCED_FACE('',(#12978),#12971,.T.);
#12980=CARTESIAN_POINT('',(1.5E0,-1.73E0,2.055E0));
#12981=DIRECTION('',(0.E0,-9.841833239737E-1,1.771529983153E-1));
#12982=DIRECTION('',(0.E0,1.771529983153E-1,9.841833239737E-1));
#12983=AXIS2_PLACEMENT_3D('',#12980,#12981,#12982);
#12984=PLANE('',#12983);
#12985=ORIENTED_EDGE('',*,*,#12972,.F.);
#12986=ORIENTED_EDGE('',*,*,#12962,.F.);
#12988=ORIENTED_EDGE('',*,*,#12987,.T.);
#12989=ORIENTED_EDGE('',*,*,#12909,.F.);
#12990=EDGE_LOOP('',(#12985,#12986,#12988,#12989));
#12991=FACE_OUTER_BOUND('',#12990,.F.);
#12992=ADVANCED_FACE('',(#12991),#12984,.T.);
#12993=CARTESIAN_POINT('',(1.82E0,-1.82E0,2.555E0));
#12994=DIRECTION('',(0.E0,-1.E0,0.E0));
#12995=DIRECTION('',(0.E0,0.E0,-1.E0));
#12996=AXIS2_PLACEMENT_3D('',#12993,#12994,#12995);
#12997=PLANE('',#12996);
#12998=ORIENTED_EDGE('',*,*,#12987,.F.);
#12999=ORIENTED_EDGE('',*,*,#12366,.T.);
#13000=ORIENTED_EDGE('',*,*,#9959,.F.);
#13001=ORIENTED_EDGE('',*,*,#12730,.F.);
#13002=EDGE_LOOP('',(#12998,#12999,#13000,#13001));
#13003=FACE_OUTER_BOUND('',#13002,.F.);
#13004=ADVANCED_FACE('',(#13003),#12997,.T.);
#13005=CARTESIAN_POINT('',(-1.18E0,0.E0,0.E0));
#13006=DIRECTION('',(1.E0,0.E0,0.E0));
#13007=DIRECTION('',(0.E0,0.E0,-1.E0));
#13008=AXIS2_PLACEMENT_3D('',#13005,#13006,#13007);
#13009=PLANE('',#13008);
#13010=ORIENTED_EDGE('',*,*,#7293,.T.);
#13011=ORIENTED_EDGE('',*,*,#7781,.T.);
#13013=ORIENTED_EDGE('',*,*,#13012,.F.);
#13015=ORIENTED_EDGE('',*,*,#13014,.F.);
#13017=ORIENTED_EDGE('',*,*,#13016,.F.);
#13019=ORIENTED_EDGE('',*,*,#13018,.F.);
#13021=ORIENTED_EDGE('',*,*,#13020,.F.);
#13023=ORIENTED_EDGE('',*,*,#13022,.F.);
#13025=ORIENTED_EDGE('',*,*,#13024,.F.);
#13027=ORIENTED_EDGE('',*,*,#13026,.F.);
#13029=ORIENTED_EDGE('',*,*,#13028,.F.);
#13030=ORIENTED_EDGE('',*,*,#7443,.T.);
#13031=EDGE_LOOP('',(#13010,#13011,#13013,#13015,#13017,#13019,#13021,#13023,
#13025,#13027,#13029,#13030));
#13032=FACE_OUTER_BOUND('',#13031,.F.);
#13033=ADVANCED_FACE('',(#13032),#13009,.T.);
#13034=CARTESIAN_POINT('',(-1.18E0,0.E0,0.E0));
#13035=DIRECTION('',(1.E0,0.E0,0.E0));
#13036=DIRECTION('',(0.E0,0.E0,-1.E0));
#13037=AXIS2_PLACEMENT_3D('',#13034,#13035,#13036);
#13038=PLANE('',#13037);
#13039=ORIENTED_EDGE('',*,*,#7447,.T.);
#13041=ORIENTED_EDGE('',*,*,#13040,.F.);
#13043=ORIENTED_EDGE('',*,*,#13042,.F.);
#13045=ORIENTED_EDGE('',*,*,#13044,.F.);
#13046=EDGE_LOOP('',(#13039,#13041,#13043,#13045));
#13047=FACE_OUTER_BOUND('',#13046,.F.);
#13048=ADVANCED_FACE('',(#13047),#13038,.T.);
#13049=CARTESIAN_POINT('',(-1.18E0,0.E0,0.E0));
#13050=DIRECTION('',(1.E0,0.E0,0.E0));
#13051=DIRECTION('',(0.E0,0.E0,-1.E0));
#13052=AXIS2_PLACEMENT_3D('',#13049,#13050,#13051);
#13053=PLANE('',#13052);
#13054=ORIENTED_EDGE('',*,*,#8464,.F.);
#13055=ORIENTED_EDGE('',*,*,#8276,.T.);
#13057=ORIENTED_EDGE('',*,*,#13056,.F.);
#13059=ORIENTED_EDGE('',*,*,#13058,.F.);
#13061=ORIENTED_EDGE('',*,*,#13060,.F.);
#13063=ORIENTED_EDGE('',*,*,#13062,.F.);
#13064=EDGE_LOOP('',(#13054,#13055,#13057,#13059,#13061,#13063));
#13065=FACE_OUTER_BOUND('',#13064,.F.);
#13066=ADVANCED_FACE('',(#13065),#13053,.T.);
#13067=CARTESIAN_POINT('',(-1.18E0,0.E0,0.E0));
#13068=DIRECTION('',(1.E0,0.E0,0.E0));
#13069=DIRECTION('',(0.E0,0.E0,-1.E0));
#13070=AXIS2_PLACEMENT_3D('',#13067,#13068,#13069);
#13071=PLANE('',#13070);
#13073=ORIENTED_EDGE('',*,*,#13072,.F.);
#13075=ORIENTED_EDGE('',*,*,#13074,.F.);
#13076=ORIENTED_EDGE('',*,*,#10009,.F.);
#13078=ORIENTED_EDGE('',*,*,#13077,.F.);
#13079=EDGE_LOOP('',(#13073,#13075,#13076,#13078));
#13080=FACE_OUTER_BOUND('',#13079,.F.);
#13081=ADVANCED_FACE('',(#13080),#13071,.T.);
#13082=CARTESIAN_POINT('',(-1.18E0,0.E0,0.E0));
#13083=DIRECTION('',(1.E0,0.E0,0.E0));
#13084=DIRECTION('',(0.E0,0.E0,-1.E0));
#13085=AXIS2_PLACEMENT_3D('',#13082,#13083,#13084);
#13086=PLANE('',#13085);
#13088=ORIENTED_EDGE('',*,*,#13087,.F.);
#13090=ORIENTED_EDGE('',*,*,#13089,.F.);
#13091=ORIENTED_EDGE('',*,*,#9981,.F.);
#13093=ORIENTED_EDGE('',*,*,#13092,.F.);
#13094=EDGE_LOOP('',(#13088,#13090,#13091,#13093));
#13095=FACE_OUTER_BOUND('',#13094,.F.);
#13096=ADVANCED_FACE('',(#13095),#13086,.T.);
#13097=CARTESIAN_POINT('',(-1.18E0,1.82E0,-6.905E0));
#13098=DIRECTION('',(0.E0,1.E0,0.E0));
#13099=DIRECTION('',(0.E0,0.E0,1.E0));
#13100=AXIS2_PLACEMENT_3D('',#13097,#13098,#13099);
#13101=PLANE('',#13100);
#13103=ORIENTED_EDGE('',*,*,#13102,.F.);
#13105=ORIENTED_EDGE('',*,*,#13104,.F.);
#13107=ORIENTED_EDGE('',*,*,#13106,.F.);
#13108=ORIENTED_EDGE('',*,*,#13012,.T.);
#13110=ORIENTED_EDGE('',*,*,#13109,.F.);
#13112=ORIENTED_EDGE('',*,*,#13111,.F.);
#13113=EDGE_LOOP('',(#13103,#13105,#13107,#13108,#13110,#13112));
#13114=FACE_OUTER_BOUND('',#13113,.F.);
#13115=ADVANCED_FACE('',(#13114),#13101,.T.);
#13116=CARTESIAN_POINT('',(-1.18E0,1.82E0,-6.905E0));
#13117=DIRECTION('',(0.E0,1.E0,0.E0));
#13118=DIRECTION('',(0.E0,0.E0,1.E0));
#13119=AXIS2_PLACEMENT_3D('',#13116,#13117,#13118);
#13120=PLANE('',#13119);
#13122=ORIENTED_EDGE('',*,*,#13121,.T.);
#13124=ORIENTED_EDGE('',*,*,#13123,.F.);
#13125=ORIENTED_EDGE('',*,*,#10011,.T.);
#13126=ORIENTED_EDGE('',*,*,#13074,.T.);
#13127=EDGE_LOOP('',(#13122,#13124,#13125,#13126));
#13128=FACE_OUTER_BOUND('',#13127,.F.);
#13129=ADVANCED_FACE('',(#13128),#13120,.T.);
#13130=CARTESIAN_POINT('',(-1.82E0,3.43E0,-4.955E0));
#13131=DIRECTION('',(-1.E0,0.E0,0.E0));
#13132=DIRECTION('',(0.E0,0.E0,1.E0));
#13133=AXIS2_PLACEMENT_3D('',#13130,#13131,#13132);
#13134=PLANE('',#13133);
#13135=ORIENTED_EDGE('',*,*,#13102,.T.);
#13137=ORIENTED_EDGE('',*,*,#13136,.F.);
#13138=ORIENTED_EDGE('',*,*,#7669,.F.);
#13139=ORIENTED_EDGE('',*,*,#7794,.F.);
#13140=EDGE_LOOP('',(#13135,#13137,#13138,#13139));
#13141=FACE_OUTER_BOUND('',#13140,.F.);
#13142=ADVANCED_FACE('',(#13141),#13134,.F.);
#13143=CARTESIAN_POINT('',(-1.82E0,3.43E0,-4.955E0));
#13144=DIRECTION('',(-1.E0,0.E0,0.E0));
#13145=DIRECTION('',(0.E0,0.E0,1.E0));
#13146=AXIS2_PLACEMENT_3D('',#13143,#13144,#13145);
#13147=PLANE('',#13146);
#13149=ORIENTED_EDGE('',*,*,#13148,.F.);
#13150=ORIENTED_EDGE('',*,*,#7457,.F.);
#13152=ORIENTED_EDGE('',*,*,#13151,.T.);
#13154=ORIENTED_EDGE('',*,*,#13153,.F.);
#13155=EDGE_LOOP('',(#13149,#13150,#13152,#13154));
#13156=FACE_OUTER_BOUND('',#13155,.F.);
#13157=ADVANCED_FACE('',(#13156),#13147,.F.);
#13158=CARTESIAN_POINT('',(-1.82E0,3.43E0,-4.955E0));
#13159=DIRECTION('',(-1.E0,0.E0,0.E0));
#13160=DIRECTION('',(0.E0,0.E0,1.E0));
#13161=AXIS2_PLACEMENT_3D('',#13158,#13159,#13160);
#13162=PLANE('',#13161);
#13163=ORIENTED_EDGE('',*,*,#7453,.F.);
#13165=ORIENTED_EDGE('',*,*,#13164,.F.);
#13167=ORIENTED_EDGE('',*,*,#13166,.F.);
#13169=ORIENTED_EDGE('',*,*,#13168,.F.);
#13170=EDGE_LOOP('',(#13163,#13165,#13167,#13169));
#13171=FACE_OUTER_BOUND('',#13170,.F.);
#13172=ADVANCED_FACE('',(#13171),#13162,.F.);
#13173=CARTESIAN_POINT('',(-1.82E0,3.43E0,-3.655E0));
#13174=DIRECTION('',(0.E0,0.E0,1.E0));
#13175=DIRECTION('',(1.E0,0.E0,0.E0));
#13176=AXIS2_PLACEMENT_3D('',#13173,#13174,#13175);
#13177=PLANE('',#13176);
#13178=ORIENTED_EDGE('',*,*,#13111,.T.);
#13180=ORIENTED_EDGE('',*,*,#13179,.F.);
#13181=ORIENTED_EDGE('',*,*,#7671,.F.);
#13182=ORIENTED_EDGE('',*,*,#13136,.T.);
#13183=EDGE_LOOP('',(#13178,#13180,#13181,#13182));
#13184=FACE_OUTER_BOUND('',#13183,.F.);
#13185=ADVANCED_FACE('',(#13184),#13177,.F.);
#13186=CARTESIAN_POINT('',(-1.82E0,3.43E0,-3.655E0));
#13187=DIRECTION('',(0.E0,0.E0,1.E0));
#13188=DIRECTION('',(1.E0,0.E0,0.E0));
#13189=AXIS2_PLACEMENT_3D('',#13186,#13187,#13188);
#13190=PLANE('',#13189);
#13192=ORIENTED_EDGE('',*,*,#13191,.F.);
#13193=ORIENTED_EDGE('',*,*,#13153,.T.);
#13195=ORIENTED_EDGE('',*,*,#13194,.T.);
#13197=ORIENTED_EDGE('',*,*,#13196,.F.);
#13198=EDGE_LOOP('',(#13192,#13193,#13195,#13197));
#13199=FACE_OUTER_BOUND('',#13198,.F.);
#13200=ADVANCED_FACE('',(#13199),#13190,.F.);
#13201=CARTESIAN_POINT('',(-1.82E0,3.43E0,-3.655E0));
#13202=DIRECTION('',(0.E0,0.E0,1.E0));
#13203=DIRECTION('',(1.E0,0.E0,0.E0));
#13204=AXIS2_PLACEMENT_3D('',#13201,#13202,#13203);
#13205=PLANE('',#13204);
#13207=ORIENTED_EDGE('',*,*,#13206,.F.);
#13208=ORIENTED_EDGE('',*,*,#13166,.T.);
#13210=ORIENTED_EDGE('',*,*,#13209,.T.);
#13212=ORIENTED_EDGE('',*,*,#13211,.F.);
#13213=EDGE_LOOP('',(#13207,#13208,#13210,#13212));
#13214=FACE_OUTER_BOUND('',#13213,.F.);
#13215=ADVANCED_FACE('',(#13214),#13205,.F.);
#13216=CARTESIAN_POINT('',(-1.18E0,3.43E0,-3.655E0));
#13217=DIRECTION('',(1.E0,0.E0,0.E0));
#13218=DIRECTION('',(0.E0,0.E0,-1.E0));
#13219=AXIS2_PLACEMENT_3D('',#13216,#13217,#13218);
#13220=PLANE('',#13219);
#13221=ORIENTED_EDGE('',*,*,#13109,.T.);
#13222=ORIENTED_EDGE('',*,*,#7779,.T.);
#13223=ORIENTED_EDGE('',*,*,#7673,.T.);
#13224=ORIENTED_EDGE('',*,*,#13179,.T.);
#13225=EDGE_LOOP('',(#13221,#13222,#13223,#13224));
#13226=FACE_OUTER_BOUND('',#13225,.F.);
#13227=ADVANCED_FACE('',(#13226),#13220,.F.);
#13228=CARTESIAN_POINT('',(-1.18E0,3.43E0,-3.655E0));
#13229=DIRECTION('',(1.E0,0.E0,0.E0));
#13230=DIRECTION('',(0.E0,0.E0,-1.E0));
#13231=AXIS2_PLACEMENT_3D('',#13228,#13229,#13230);
#13232=PLANE('',#13231);
#13234=ORIENTED_EDGE('',*,*,#13233,.F.);
#13235=ORIENTED_EDGE('',*,*,#13196,.T.);
#13237=ORIENTED_EDGE('',*,*,#13236,.T.);
#13238=ORIENTED_EDGE('',*,*,#7445,.T.);
#13239=EDGE_LOOP('',(#13234,#13235,#13237,#13238));
#13240=FACE_OUTER_BOUND('',#13239,.F.);
#13241=ADVANCED_FACE('',(#13240),#13232,.F.);
#13242=CARTESIAN_POINT('',(-1.18E0,3.43E0,-3.655E0));
#13243=DIRECTION('',(1.E0,0.E0,0.E0));
#13244=DIRECTION('',(0.E0,0.E0,-1.E0));
#13245=AXIS2_PLACEMENT_3D('',#13242,#13243,#13244);
#13246=PLANE('',#13245);
#13247=ORIENTED_EDGE('',*,*,#7449,.T.);
#13249=ORIENTED_EDGE('',*,*,#13248,.F.);
#13250=ORIENTED_EDGE('',*,*,#13211,.T.);
#13252=ORIENTED_EDGE('',*,*,#13251,.T.);
#13253=EDGE_LOOP('',(#13247,#13249,#13250,#13252));
#13254=FACE_OUTER_BOUND('',#13253,.F.);
#13255=ADVANCED_FACE('',(#13254),#13246,.F.);
#13256=CARTESIAN_POINT('',(-1.18E0,1.18E0,2.555E0));
#13257=DIRECTION('',(0.E0,-1.E0,0.E0));
#13258=DIRECTION('',(0.E0,0.E0,-1.E0));
#13259=AXIS2_PLACEMENT_3D('',#13256,#13257,#13258);
#13260=PLANE('',#13259);
#13261=ORIENTED_EDGE('',*,*,#13148,.T.);
#13262=ORIENTED_EDGE('',*,*,#13191,.T.);
#13263=ORIENTED_EDGE('',*,*,#13233,.T.);
#13264=ORIENTED_EDGE('',*,*,#13028,.T.);
#13266=ORIENTED_EDGE('',*,*,#13265,.T.);
#13268=ORIENTED_EDGE('',*,*,#13267,.F.);
#13269=EDGE_LOOP('',(#13261,#13262,#13263,#13264,#13266,#13268));
#13270=FACE_OUTER_BOUND('',#13269,.F.);
#13271=ADVANCED_FACE('',(#13270),#13260,.T.);
#13272=CARTESIAN_POINT('',(-1.18E0,1.18E0,2.555E0));
#13273=DIRECTION('',(0.E0,-1.E0,0.E0));
#13274=DIRECTION('',(0.E0,0.E0,-1.E0));
#13275=AXIS2_PLACEMENT_3D('',#13272,#13273,#13274);
#13276=PLANE('',#13275);
#13278=ORIENTED_EDGE('',*,*,#13277,.F.);
#13279=ORIENTED_EDGE('',*,*,#13077,.T.);
#13280=ORIENTED_EDGE('',*,*,#10015,.F.);
#13282=ORIENTED_EDGE('',*,*,#13281,.F.);
#13283=EDGE_LOOP('',(#13278,#13279,#13280,#13282));
#13284=FACE_OUTER_BOUND('',#13283,.F.);
#13285=ADVANCED_FACE('',(#13284),#13276,.T.);
#13286=CARTESIAN_POINT('',(-1.18E0,6.8E-1,-5.710030241322E0));
#13287=DIRECTION('',(1.E0,0.E0,0.E0));
#13288=DIRECTION('',(0.E0,0.E0,-1.E0));
#13289=AXIS2_PLACEMENT_3D('',#13286,#13287,#13288);
#13290=CYLINDRICAL_SURFACE('',#13289,5.E-1);
#13291=ORIENTED_EDGE('',*,*,#13026,.T.);
#13293=ORIENTED_EDGE('',*,*,#13292,.T.);
#13295=ORIENTED_EDGE('',*,*,#13294,.F.);
#13296=ORIENTED_EDGE('',*,*,#13265,.F.);
#13297=EDGE_LOOP('',(#13291,#13293,#13295,#13296));
#13298=FACE_OUTER_BOUND('',#13297,.F.);
#13299=ADVANCED_FACE('',(#13298),#13290,.F.);
#13300=CARTESIAN_POINT('',(-1.18E0,8.938922490563E-1,-6.161970619905E0));
#13301=DIRECTION('',(0.E0,-4.277844981127E-1,9.038807571657E-1));
#13302=DIRECTION('',(0.E0,-9.038807571657E-1,-4.277844981127E-1));
#13303=AXIS2_PLACEMENT_3D('',#13300,#13301,#13302);
#13304=PLANE('',#13303);
#13305=ORIENTED_EDGE('',*,*,#13024,.T.);
#13307=ORIENTED_EDGE('',*,*,#13306,.T.);
#13309=ORIENTED_EDGE('',*,*,#13308,.F.);
#13310=ORIENTED_EDGE('',*,*,#13292,.F.);
#13311=EDGE_LOOP('',(#13305,#13307,#13309,#13310));
#13312=FACE_OUTER_BOUND('',#13311,.F.);
#13313=ADVANCED_FACE('',(#13312),#13304,.T.);
#13314=CARTESIAN_POINT('',(-1.18E0,-3.93E0,-8.445E0));
#13315=DIRECTION('',(0.E0,-1.E0,0.E0));
#13316=DIRECTION('',(0.E0,0.E0,-1.E0));
#13317=AXIS2_PLACEMENT_3D('',#13314,#13315,#13316);
#13318=PLANE('',#13317);
#13319=ORIENTED_EDGE('',*,*,#13022,.T.);
#13321=ORIENTED_EDGE('',*,*,#13320,.T.);
#13323=ORIENTED_EDGE('',*,*,#13322,.F.);
#13324=ORIENTED_EDGE('',*,*,#13306,.F.);
#13325=EDGE_LOOP('',(#13319,#13321,#13323,#13324));
#13326=FACE_OUTER_BOUND('',#13325,.F.);
#13327=ADVANCED_FACE('',(#13326),#13318,.T.);
#13328=CARTESIAN_POINT('',(-1.18E0,-3.61E0,-1.0125E1));
#13329=DIRECTION('',(1.E0,0.E0,0.E0));
#13330=DIRECTION('',(0.E0,0.E0,-1.E0));
#13331=AXIS2_PLACEMENT_3D('',#13328,#13329,#13330);
#13332=CYLINDRICAL_SURFACE('',#13331,3.2E-1);
#13333=ORIENTED_EDGE('',*,*,#13020,.T.);
#13335=ORIENTED_EDGE('',*,*,#13334,.T.);
#13337=ORIENTED_EDGE('',*,*,#13336,.F.);
#13338=ORIENTED_EDGE('',*,*,#13320,.F.);
#13339=EDGE_LOOP('',(#13333,#13335,#13337,#13338));
#13340=FACE_OUTER_BOUND('',#13339,.F.);
#13341=ADVANCED_FACE('',(#13340),#13332,.T.);
#13342=CARTESIAN_POINT('',(-1.18E0,-3.29E0,-1.0125E1));
#13343=DIRECTION('',(0.E0,1.E0,0.E0));
#13344=DIRECTION('',(0.E0,0.E0,1.E0));
#13345=AXIS2_PLACEMENT_3D('',#13342,#13343,#13344);
#13346=PLANE('',#13345);
#13347=ORIENTED_EDGE('',*,*,#13018,.T.);
#13349=ORIENTED_EDGE('',*,*,#13348,.T.);
#13351=ORIENTED_EDGE('',*,*,#13350,.F.);
#13352=ORIENTED_EDGE('',*,*,#13334,.F.);
#13353=EDGE_LOOP('',(#13347,#13349,#13351,#13352));
#13354=FACE_OUTER_BOUND('',#13353,.F.);
#13355=ADVANCED_FACE('',(#13354),#13346,.T.);
#13356=CARTESIAN_POINT('',(-1.18E0,-3.29E0,-8.850161763103E0));
#13357=DIRECTION('',(0.E0,4.277844981127E-1,-9.038807571657E-1));
#13358=DIRECTION('',(0.E0,9.038807571657E-1,4.277844981127E-1));
#13359=AXIS2_PLACEMENT_3D('',#13356,#13357,#13358);
#13360=PLANE('',#13359);
#13361=ORIENTED_EDGE('',*,*,#13016,.T.);
#13363=ORIENTED_EDGE('',*,*,#13362,.T.);
#13365=ORIENTED_EDGE('',*,*,#13364,.F.);
#13366=ORIENTED_EDGE('',*,*,#13348,.F.);
#13367=EDGE_LOOP('',(#13361,#13363,#13365,#13366));
#13368=FACE_OUTER_BOUND('',#13367,.F.);
#13369=ADVANCED_FACE('',(#13368),#13360,.T.);
#13370=CARTESIAN_POINT('',(-1.18E0,8.2E-1,-6.905E0));
#13371=DIRECTION('',(0.E0,0.E0,-1.E0));
#13372=DIRECTION('',(0.E0,1.E0,0.E0));
#13373=AXIS2_PLACEMENT_3D('',#13370,#13371,#13372);
#13374=PLANE('',#13373);
#13375=ORIENTED_EDGE('',*,*,#13014,.T.);
#13376=ORIENTED_EDGE('',*,*,#13106,.T.);
#13378=ORIENTED_EDGE('',*,*,#13377,.F.);
#13379=ORIENTED_EDGE('',*,*,#13362,.F.);
#13380=EDGE_LOOP('',(#13375,#13376,#13378,#13379));
#13381=FACE_OUTER_BOUND('',#13380,.F.);
#13382=ADVANCED_FACE('',(#13381),#13374,.T.);
#13383=CARTESIAN_POINT('',(-1.82E0,0.E0,0.E0));
#13384=DIRECTION('',(1.E0,0.E0,0.E0));
#13385=DIRECTION('',(0.E0,0.E0,-1.E0));
#13386=AXIS2_PLACEMENT_3D('',#13383,#13384,#13385);
#13387=PLANE('',#13386);
#13388=ORIENTED_EDGE('',*,*,#7305,.F.);
#13389=ORIENTED_EDGE('',*,*,#7459,.F.);
#13390=ORIENTED_EDGE('',*,*,#13267,.T.);
#13391=ORIENTED_EDGE('',*,*,#13294,.T.);
#13392=ORIENTED_EDGE('',*,*,#13308,.T.);
#13393=ORIENTED_EDGE('',*,*,#13322,.T.);
#13394=ORIENTED_EDGE('',*,*,#13336,.T.);
#13395=ORIENTED_EDGE('',*,*,#13350,.T.);
#13396=ORIENTED_EDGE('',*,*,#13364,.T.);
#13397=ORIENTED_EDGE('',*,*,#13377,.T.);
#13398=ORIENTED_EDGE('',*,*,#13104,.T.);
#13399=ORIENTED_EDGE('',*,*,#7792,.F.);
#13400=EDGE_LOOP('',(#13388,#13389,#13390,#13391,#13392,#13393,#13394,#13395,
#13396,#13397,#13398,#13399));
#13401=FACE_OUTER_BOUND('',#13400,.F.);
#13402=ADVANCED_FACE('',(#13401),#13387,.F.);
#13403=CARTESIAN_POINT('',(-1.82E0,0.E0,0.E0));
#13404=DIRECTION('',(1.E0,0.E0,0.E0));
#13405=DIRECTION('',(0.E0,0.E0,-1.E0));
#13406=AXIS2_PLACEMENT_3D('',#13403,#13404,#13405);
#13407=PLANE('',#13406);
#13408=ORIENTED_EDGE('',*,*,#7455,.F.);
#13410=ORIENTED_EDGE('',*,*,#13409,.T.);
#13412=ORIENTED_EDGE('',*,*,#13411,.T.);
#13414=ORIENTED_EDGE('',*,*,#13413,.T.);
#13415=EDGE_LOOP('',(#13408,#13410,#13412,#13414));
#13416=FACE_OUTER_BOUND('',#13415,.F.);
#13417=ADVANCED_FACE('',(#13416),#13407,.F.);
#13418=CARTESIAN_POINT('',(-1.82E0,0.E0,0.E0));
#13419=DIRECTION('',(1.E0,0.E0,0.E0));
#13420=DIRECTION('',(0.E0,0.E0,-1.E0));
#13421=AXIS2_PLACEMENT_3D('',#13418,#13419,#13420);
#13422=PLANE('',#13421);
#13423=ORIENTED_EDGE('',*,*,#8468,.T.);
#13425=ORIENTED_EDGE('',*,*,#13424,.T.);
#13427=ORIENTED_EDGE('',*,*,#13426,.T.);
#13429=ORIENTED_EDGE('',*,*,#13428,.T.);
#13431=ORIENTED_EDGE('',*,*,#13430,.T.);
#13432=ORIENTED_EDGE('',*,*,#8272,.F.);
#13433=EDGE_LOOP('',(#13423,#13425,#13427,#13429,#13431,#13432));
#13434=FACE_OUTER_BOUND('',#13433,.F.);
#13435=ADVANCED_FACE('',(#13434),#13422,.F.);
#13436=CARTESIAN_POINT('',(-1.82E0,0.E0,0.E0));
#13437=DIRECTION('',(1.E0,0.E0,0.E0));
#13438=DIRECTION('',(0.E0,0.E0,-1.E0));
#13439=AXIS2_PLACEMENT_3D('',#13436,#13437,#13438);
#13440=PLANE('',#13439);
#13442=ORIENTED_EDGE('',*,*,#13441,.F.);
#13443=ORIENTED_EDGE('',*,*,#13281,.T.);
#13444=ORIENTED_EDGE('',*,*,#10013,.T.);
#13445=ORIENTED_EDGE('',*,*,#13123,.T.);
#13446=EDGE_LOOP('',(#13442,#13443,#13444,#13445));
#13447=FACE_OUTER_BOUND('',#13446,.F.);
#13448=ADVANCED_FACE('',(#13447),#13440,.F.);
#13449=CARTESIAN_POINT('',(-1.82E0,0.E0,0.E0));
#13450=DIRECTION('',(1.E0,0.E0,0.E0));
#13451=DIRECTION('',(0.E0,0.E0,-1.E0));
#13452=AXIS2_PLACEMENT_3D('',#13449,#13450,#13451);
#13453=PLANE('',#13452);
#13455=ORIENTED_EDGE('',*,*,#13454,.F.);
#13457=ORIENTED_EDGE('',*,*,#13456,.T.);
#13458=ORIENTED_EDGE('',*,*,#9985,.T.);
#13460=ORIENTED_EDGE('',*,*,#13459,.T.);
#13461=EDGE_LOOP('',(#13455,#13457,#13458,#13460));
#13462=FACE_OUTER_BOUND('',#13461,.F.);
#13463=ADVANCED_FACE('',(#13462),#13453,.F.);
#13464=CARTESIAN_POINT('',(-1.18E0,-3.2E-1,-3.655E0));
#13465=DIRECTION('',(0.E0,-1.E0,0.E0));
#13466=DIRECTION('',(0.E0,0.E0,-1.E0));
#13467=AXIS2_PLACEMENT_3D('',#13464,#13465,#13466);
#13468=PLANE('',#13467);
#13469=ORIENTED_EDGE('',*,*,#13044,.T.);
#13471=ORIENTED_EDGE('',*,*,#13470,.T.);
#13472=ORIENTED_EDGE('',*,*,#13409,.F.);
#13473=ORIENTED_EDGE('',*,*,#13168,.T.);
#13474=ORIENTED_EDGE('',*,*,#13206,.T.);
#13475=ORIENTED_EDGE('',*,*,#13248,.T.);
#13476=EDGE_LOOP('',(#13469,#13471,#13472,#13473,#13474,#13475));
#13477=FACE_OUTER_BOUND('',#13476,.F.);
#13478=ADVANCED_FACE('',(#13477),#13468,.T.);
#13479=CARTESIAN_POINT('',(-1.18E0,-3.2E-1,-4.955E0));
#13480=DIRECTION('',(0.E0,0.E0,-1.E0));
#13481=DIRECTION('',(0.E0,1.E0,0.E0));
#13482=AXIS2_PLACEMENT_3D('',#13479,#13480,#13481);
#13483=PLANE('',#13482);
#13484=ORIENTED_EDGE('',*,*,#13042,.T.);
#13486=ORIENTED_EDGE('',*,*,#13485,.T.);
#13487=ORIENTED_EDGE('',*,*,#13411,.F.);
#13488=ORIENTED_EDGE('',*,*,#13470,.F.);
#13489=EDGE_LOOP('',(#13484,#13486,#13487,#13488));
#13490=FACE_OUTER_BOUND('',#13489,.F.);
#13491=ADVANCED_FACE('',(#13490),#13483,.T.);
#13492=CARTESIAN_POINT('',(-1.18E0,3.2E-1,-4.955E0));
#13493=DIRECTION('',(0.E0,1.E0,0.E0));
#13494=DIRECTION('',(0.E0,0.E0,1.E0));
#13495=AXIS2_PLACEMENT_3D('',#13492,#13493,#13494);
#13496=PLANE('',#13495);
#13497=ORIENTED_EDGE('',*,*,#13040,.T.);
#13498=ORIENTED_EDGE('',*,*,#13236,.F.);
#13499=ORIENTED_EDGE('',*,*,#13194,.F.);
#13500=ORIENTED_EDGE('',*,*,#13151,.F.);
#13501=ORIENTED_EDGE('',*,*,#13413,.F.);
#13502=ORIENTED_EDGE('',*,*,#13485,.F.);
#13503=EDGE_LOOP('',(#13497,#13498,#13499,#13500,#13501,#13502));
#13504=FACE_OUTER_BOUND('',#13503,.F.);
#13505=ADVANCED_FACE('',(#13504),#13496,.T.);
#13506=CARTESIAN_POINT('',(-1.18E0,-1.82E0,-3.745E0));
#13507=DIRECTION('',(0.E0,0.E0,1.E0));
#13508=DIRECTION('',(0.E0,-1.E0,0.E0));
#13509=AXIS2_PLACEMENT_3D('',#13506,#13507,#13508);
#13510=PLANE('',#13509);
#13511=ORIENTED_EDGE('',*,*,#13062,.T.);
#13513=ORIENTED_EDGE('',*,*,#13512,.T.);
#13514=ORIENTED_EDGE('',*,*,#13424,.F.);
#13515=ORIENTED_EDGE('',*,*,#8466,.T.);
#13516=EDGE_LOOP('',(#13511,#13513,#13514,#13515));
#13517=FACE_OUTER_BOUND('',#13516,.F.);
#13518=ADVANCED_FACE('',(#13517),#13510,.T.);
#13519=CARTESIAN_POINT('',(-1.18E0,-3.93E0,-3.745E0));
#13520=DIRECTION('',(0.E0,-1.E0,0.E0));
#13521=DIRECTION('',(0.E0,0.E0,-1.E0));
#13522=AXIS2_PLACEMENT_3D('',#13519,#13520,#13521);
#13523=PLANE('',#13522);
#13524=ORIENTED_EDGE('',*,*,#13060,.T.);
#13526=ORIENTED_EDGE('',*,*,#13525,.T.);
#13527=ORIENTED_EDGE('',*,*,#13426,.F.);
#13528=ORIENTED_EDGE('',*,*,#13512,.F.);
#13529=EDGE_LOOP('',(#13524,#13526,#13527,#13528));
#13530=FACE_OUTER_BOUND('',#13529,.F.);
#13531=ADVANCED_FACE('',(#13530),#13523,.T.);
#13532=CARTESIAN_POINT('',(-1.18E0,-3.61E0,-5.425E0));
#13533=DIRECTION('',(1.E0,0.E0,0.E0));
#13534=DIRECTION('',(0.E0,0.E0,-1.E0));
#13535=AXIS2_PLACEMENT_3D('',#13532,#13533,#13534);
#13536=CYLINDRICAL_SURFACE('',#13535,3.2E-1);
#13537=ORIENTED_EDGE('',*,*,#13058,.T.);
#13539=ORIENTED_EDGE('',*,*,#13538,.T.);
#13540=ORIENTED_EDGE('',*,*,#13428,.F.);
#13541=ORIENTED_EDGE('',*,*,#13525,.F.);
#13542=EDGE_LOOP('',(#13537,#13539,#13540,#13541));
#13543=FACE_OUTER_BOUND('',#13542,.F.);
#13544=ADVANCED_FACE('',(#13543),#13536,.T.);
#13545=CARTESIAN_POINT('',(-1.18E0,-3.29E0,-5.425E0));
#13546=DIRECTION('',(0.E0,1.E0,0.E0));
#13547=DIRECTION('',(0.E0,0.E0,1.E0));
#13548=AXIS2_PLACEMENT_3D('',#13545,#13546,#13547);
#13549=PLANE('',#13548);
#13550=ORIENTED_EDGE('',*,*,#13056,.T.);
#13551=ORIENTED_EDGE('',*,*,#8274,.F.);
#13552=ORIENTED_EDGE('',*,*,#13430,.F.);
#13553=ORIENTED_EDGE('',*,*,#13538,.F.);
#13554=EDGE_LOOP('',(#13550,#13551,#13552,#13553));
#13555=FACE_OUTER_BOUND('',#13554,.F.);
#13556=ADVANCED_FACE('',(#13555),#13549,.T.);
#13557=CARTESIAN_POINT('',(-1.73E0,1.5E0,2.055E0));
#13558=DIRECTION('',(-9.841833239737E-1,0.E0,1.771529983153E-1));
#13559=DIRECTION('',(1.771529983153E-1,0.E0,9.841833239737E-1));
#13560=AXIS2_PLACEMENT_3D('',#13557,#13558,#13559);
#13561=PLANE('',#13560);
#13562=ORIENTED_EDGE('',*,*,#13441,.T.);
#13564=ORIENTED_EDGE('',*,*,#13563,.F.);
#13566=ORIENTED_EDGE('',*,*,#13565,.F.);
#13568=ORIENTED_EDGE('',*,*,#13567,.T.);
#13569=EDGE_LOOP('',(#13562,#13564,#13566,#13568));
#13570=FACE_OUTER_BOUND('',#13569,.F.);
#13571=ADVANCED_FACE('',(#13570),#13561,.T.);
#13572=CARTESIAN_POINT('',(-1.5E0,1.73E0,2.055E0));
#13573=DIRECTION('',(0.E0,9.841833239737E-1,1.771529983153E-1));
#13574=DIRECTION('',(0.E0,1.771529983153E-1,-9.841833239737E-1));
#13575=AXIS2_PLACEMENT_3D('',#13572,#13573,#13574);
#13576=PLANE('',#13575);
#13577=ORIENTED_EDGE('',*,*,#13121,.F.);
#13579=ORIENTED_EDGE('',*,*,#13578,.F.);
#13581=ORIENTED_EDGE('',*,*,#13580,.T.);
#13582=ORIENTED_EDGE('',*,*,#13563,.T.);
#13583=EDGE_LOOP('',(#13577,#13579,#13581,#13582));
#13584=FACE_OUTER_BOUND('',#13583,.F.);
#13585=ADVANCED_FACE('',(#13584),#13576,.T.);
#13586=CARTESIAN_POINT('',(-1.27E0,1.5E0,2.055E0));
#13587=DIRECTION('',(9.841833239737E-1,0.E0,1.771529983153E-1));
#13588=DIRECTION('',(-1.771529983153E-1,0.E0,9.841833239737E-1));
#13589=AXIS2_PLACEMENT_3D('',#13586,#13587,#13588);
#13590=PLANE('',#13589);
#13592=ORIENTED_EDGE('',*,*,#13591,.F.);
#13593=ORIENTED_EDGE('',*,*,#13578,.T.);
#13594=ORIENTED_EDGE('',*,*,#13072,.T.);
#13596=ORIENTED_EDGE('',*,*,#13595,.T.);
#13597=EDGE_LOOP('',(#13592,#13593,#13594,#13596));
#13598=FACE_OUTER_BOUND('',#13597,.F.);
#13599=ADVANCED_FACE('',(#13598),#13590,.T.);
#13600=CARTESIAN_POINT('',(-1.18E0,1.82E0,2.555E0));
#13601=DIRECTION('',(0.E0,0.E0,1.E0));
#13602=DIRECTION('',(0.E0,-1.E0,0.E0));
#13603=AXIS2_PLACEMENT_3D('',#13600,#13601,#13602);
#13604=PLANE('',#13603);
#13606=ORIENTED_EDGE('',*,*,#13605,.T.);
#13607=ORIENTED_EDGE('',*,*,#13565,.T.);
#13608=ORIENTED_EDGE('',*,*,#13580,.F.);
#13609=ORIENTED_EDGE('',*,*,#13591,.T.);
#13610=EDGE_LOOP('',(#13606,#13607,#13608,#13609));
#13611=FACE_OUTER_BOUND('',#13610,.F.);
#13612=ADVANCED_FACE('',(#13611),#13604,.T.);
#13613=CARTESIAN_POINT('',(-1.5E0,1.27E0,2.055E0));
#13614=DIRECTION('',(0.E0,-9.841833239737E-1,1.771529983153E-1));
#13615=DIRECTION('',(0.E0,1.771529983153E-1,9.841833239737E-1));
#13616=AXIS2_PLACEMENT_3D('',#13613,#13614,#13615);
#13617=PLANE('',#13616);
#13618=ORIENTED_EDGE('',*,*,#13605,.F.);
#13619=ORIENTED_EDGE('',*,*,#13595,.F.);
#13620=ORIENTED_EDGE('',*,*,#13277,.T.);
#13621=ORIENTED_EDGE('',*,*,#13567,.F.);
#13622=EDGE_LOOP('',(#13618,#13619,#13620,#13621));
#13623=FACE_OUTER_BOUND('',#13622,.F.);
#13624=ADVANCED_FACE('',(#13623),#13617,.T.);
#13625=CARTESIAN_POINT('',(-1.73E0,-1.5E0,2.055E0));
#13626=DIRECTION('',(-9.841833239737E-1,0.E0,1.771529983153E-1));
#13627=DIRECTION('',(1.771529983153E-1,0.E0,9.841833239737E-1));
#13628=AXIS2_PLACEMENT_3D('',#13625,#13626,#13627);
#13629=PLANE('',#13628);
#13630=ORIENTED_EDGE('',*,*,#13454,.T.);
#13632=ORIENTED_EDGE('',*,*,#13631,.F.);
#13634=ORIENTED_EDGE('',*,*,#13633,.F.);
#13636=ORIENTED_EDGE('',*,*,#13635,.T.);
#13637=EDGE_LOOP('',(#13630,#13632,#13634,#13636));
#13638=FACE_OUTER_BOUND('',#13637,.F.);
#13639=ADVANCED_FACE('',(#13638),#13629,.T.);
#13640=CARTESIAN_POINT('',(-1.5E0,-1.27E0,2.055E0));
#13641=DIRECTION('',(0.E0,9.841833239737E-1,1.771529983153E-1));
#13642=DIRECTION('',(0.E0,1.771529983153E-1,-9.841833239737E-1));
#13643=AXIS2_PLACEMENT_3D('',#13640,#13641,#13642);
#13644=PLANE('',#13643);
#13646=ORIENTED_EDGE('',*,*,#13645,.F.);
#13648=ORIENTED_EDGE('',*,*,#13647,.F.);
#13650=ORIENTED_EDGE('',*,*,#13649,.T.);
#13651=ORIENTED_EDGE('',*,*,#13631,.T.);
#13652=EDGE_LOOP('',(#13646,#13648,#13650,#13651));
#13653=FACE_OUTER_BOUND('',#13652,.F.);
#13654=ADVANCED_FACE('',(#13653),#13644,.T.);
#13655=CARTESIAN_POINT('',(-1.18E0,-1.18E0,-4.285E0));
#13656=DIRECTION('',(0.E0,1.E0,0.E0));
#13657=DIRECTION('',(0.E0,0.E0,1.E0));
#13658=AXIS2_PLACEMENT_3D('',#13655,#13656,#13657);
#13659=PLANE('',#13658);
#13660=ORIENTED_EDGE('',*,*,#13164,.T.);
#13661=ORIENTED_EDGE('',*,*,#7451,.F.);
#13662=ORIENTED_EDGE('',*,*,#13251,.F.);
#13663=ORIENTED_EDGE('',*,*,#13209,.F.);
#13664=EDGE_LOOP('',(#13660,#13661,#13662,#13663));
#13665=FACE_OUTER_BOUND('',#13664,.F.);
#13666=ADVANCED_FACE('',(#13665),#13659,.T.);
#13667=CARTESIAN_POINT('',(-1.18E0,-1.18E0,-4.285E0));
#13668=DIRECTION('',(0.E0,1.E0,0.E0));
#13669=DIRECTION('',(0.E0,0.E0,1.E0));
#13670=AXIS2_PLACEMENT_3D('',#13667,#13668,#13669);
#13671=PLANE('',#13670);
#13672=ORIENTED_EDGE('',*,*,#13645,.T.);
#13673=ORIENTED_EDGE('',*,*,#13459,.F.);
#13674=ORIENTED_EDGE('',*,*,#9983,.T.);
#13675=ORIENTED_EDGE('',*,*,#13089,.T.);
#13676=EDGE_LOOP('',(#13672,#13673,#13674,#13675));
#13677=FACE_OUTER_BOUND('',#13676,.F.);
#13678=ADVANCED_FACE('',(#13677),#13671,.T.);
#13679=CARTESIAN_POINT('',(-1.27E0,-1.5E0,2.055E0));
#13680=DIRECTION('',(9.841833239737E-1,0.E0,1.771529983153E-1));
#13681=DIRECTION('',(-1.771529983153E-1,0.E0,9.841833239737E-1));
#13682=AXIS2_PLACEMENT_3D('',#13679,#13680,#13681);
#13683=PLANE('',#13682);
#13685=ORIENTED_EDGE('',*,*,#13684,.F.);
#13686=ORIENTED_EDGE('',*,*,#13647,.T.);
#13687=ORIENTED_EDGE('',*,*,#13087,.T.);
#13689=ORIENTED_EDGE('',*,*,#13688,.T.);
#13690=EDGE_LOOP('',(#13685,#13686,#13687,#13689));
#13691=FACE_OUTER_BOUND('',#13690,.F.);
#13692=ADVANCED_FACE('',(#13691),#13683,.T.);
#13693=CARTESIAN_POINT('',(-1.18E0,-1.18E0,2.555E0));
#13694=DIRECTION('',(0.E0,0.E0,1.E0));
#13695=DIRECTION('',(0.E0,-1.E0,0.E0));
#13696=AXIS2_PLACEMENT_3D('',#13693,#13694,#13695);
#13697=PLANE('',#13696);
#13699=ORIENTED_EDGE('',*,*,#13698,.T.);
#13700=ORIENTED_EDGE('',*,*,#13633,.T.);
#13701=ORIENTED_EDGE('',*,*,#13649,.F.);
#13702=ORIENTED_EDGE('',*,*,#13684,.T.);
#13703=EDGE_LOOP('',(#13699,#13700,#13701,#13702));
#13704=FACE_OUTER_BOUND('',#13703,.F.);
#13705=ADVANCED_FACE('',(#13704),#13697,.T.);
#13706=CARTESIAN_POINT('',(-1.5E0,-1.73E0,2.055E0));
#13707=DIRECTION('',(0.E0,-9.841833239737E-1,1.771529983153E-1));
#13708=DIRECTION('',(0.E0,1.771529983153E-1,9.841833239737E-1));
#13709=AXIS2_PLACEMENT_3D('',#13706,#13707,#13708);
#13710=PLANE('',#13709);
#13711=ORIENTED_EDGE('',*,*,#13698,.F.);
#13712=ORIENTED_EDGE('',*,*,#13688,.F.);
#13714=ORIENTED_EDGE('',*,*,#13713,.T.);
#13715=ORIENTED_EDGE('',*,*,#13635,.F.);
#13716=EDGE_LOOP('',(#13711,#13712,#13714,#13715));
#13717=FACE_OUTER_BOUND('',#13716,.F.);
#13718=ADVANCED_FACE('',(#13717),#13710,.T.);
#13719=CARTESIAN_POINT('',(-1.18E0,-1.82E0,2.555E0));
#13720=DIRECTION('',(0.E0,-1.E0,0.E0));
#13721=DIRECTION('',(0.E0,0.E0,-1.E0));
#13722=AXIS2_PLACEMENT_3D('',#13719,#13720,#13721);
#13723=PLANE('',#13722);
#13724=ORIENTED_EDGE('',*,*,#13713,.F.);
#13725=ORIENTED_EDGE('',*,*,#13092,.T.);
#13726=ORIENTED_EDGE('',*,*,#9987,.F.);
#13727=ORIENTED_EDGE('',*,*,#13456,.F.);
#13728=EDGE_LOOP('',(#13724,#13725,#13726,#13727));
#13729=FACE_OUTER_BOUND('',#13728,.F.);
#13730=ADVANCED_FACE('',(#13729),#13723,.T.);
#13731=CARTESIAN_POINT('',(-4.18E0,0.E0,0.E0));
#13732=DIRECTION('',(1.E0,0.E0,0.E0));
#13733=DIRECTION('',(0.E0,0.E0,-1.E0));
#13734=AXIS2_PLACEMENT_3D('',#13731,#13732,#13733);
#13735=PLANE('',#13734);
#13736=ORIENTED_EDGE('',*,*,#7309,.T.);
#13737=ORIENTED_EDGE('',*,*,#7799,.T.);
#13738=ORIENTED_EDGE('',*,*,#7112,.F.);
#13740=ORIENTED_EDGE('',*,*,#13739,.F.);
#13742=ORIENTED_EDGE('',*,*,#13741,.F.);
#13744=ORIENTED_EDGE('',*,*,#13743,.F.);
#13746=ORIENTED_EDGE('',*,*,#13745,.F.);
#13748=ORIENTED_EDGE('',*,*,#13747,.F.);
#13750=ORIENTED_EDGE('',*,*,#13749,.F.);
#13752=ORIENTED_EDGE('',*,*,#13751,.F.);
#13754=ORIENTED_EDGE('',*,*,#13753,.F.);
#13755=ORIENTED_EDGE('',*,*,#7462,.T.);
#13756=EDGE_LOOP('',(#13736,#13737,#13738,#13740,#13742,#13744,#13746,#13748,
#13750,#13752,#13754,#13755));
#13757=FACE_OUTER_BOUND('',#13756,.F.);
#13758=ADVANCED_FACE('',(#13757),#13735,.T.);
#13759=CARTESIAN_POINT('',(-4.18E0,0.E0,0.E0));
#13760=DIRECTION('',(1.E0,0.E0,0.E0));
#13761=DIRECTION('',(0.E0,0.E0,-1.E0));
#13762=AXIS2_PLACEMENT_3D('',#13759,#13760,#13761);
#13763=PLANE('',#13762);
#13764=ORIENTED_EDGE('',*,*,#7466,.T.);
#13766=ORIENTED_EDGE('',*,*,#13765,.F.);
#13768=ORIENTED_EDGE('',*,*,#13767,.F.);
#13770=ORIENTED_EDGE('',*,*,#13769,.F.);
#13771=EDGE_LOOP('',(#13764,#13766,#13768,#13770));
#13772=FACE_OUTER_BOUND('',#13771,.F.);
#13773=ADVANCED_FACE('',(#13772),#13763,.T.);
#13774=CARTESIAN_POINT('',(-4.18E0,0.E0,0.E0));
#13775=DIRECTION('',(1.E0,0.E0,0.E0));
#13776=DIRECTION('',(0.E0,0.E0,-1.E0));
#13777=AXIS2_PLACEMENT_3D('',#13774,#13775,#13776);
#13778=PLANE('',#13777);
#13779=ORIENTED_EDGE('',*,*,#8471,.F.);
#13780=ORIENTED_EDGE('',*,*,#8268,.T.);
#13782=ORIENTED_EDGE('',*,*,#13781,.F.);
#13784=ORIENTED_EDGE('',*,*,#13783,.F.);
#13786=ORIENTED_EDGE('',*,*,#13785,.F.);
#13788=ORIENTED_EDGE('',*,*,#13787,.F.);
#13789=EDGE_LOOP('',(#13779,#13780,#13782,#13784,#13786,#13788));
#13790=FACE_OUTER_BOUND('',#13789,.F.);
#13791=ADVANCED_FACE('',(#13790),#13778,.T.);
#13792=CARTESIAN_POINT('',(-4.18E0,0.E0,0.E0));
#13793=DIRECTION('',(1.E0,0.E0,0.E0));
#13794=DIRECTION('',(0.E0,0.E0,-1.E0));
#13795=AXIS2_PLACEMENT_3D('',#13792,#13793,#13794);
#13796=PLANE('',#13795);
#13798=ORIENTED_EDGE('',*,*,#13797,.F.);
#13799=ORIENTED_EDGE('',*,*,#7132,.F.);
#13800=ORIENTED_EDGE('',*,*,#10063,.F.);
#13802=ORIENTED_EDGE('',*,*,#13801,.F.);
#13803=EDGE_LOOP('',(#13798,#13799,#13800,#13802));
#13804=FACE_OUTER_BOUND('',#13803,.F.);
#13805=ADVANCED_FACE('',(#13804),#13796,.T.);
#13806=CARTESIAN_POINT('',(-4.18E0,0.E0,0.E0));
#13807=DIRECTION('',(1.E0,0.E0,0.E0));
#13808=DIRECTION('',(0.E0,0.E0,-1.E0));
#13809=AXIS2_PLACEMENT_3D('',#13806,#13807,#13808);
#13810=PLANE('',#13809);
#13812=ORIENTED_EDGE('',*,*,#13811,.F.);
#13813=ORIENTED_EDGE('',*,*,#7050,.F.);
#13814=ORIENTED_EDGE('',*,*,#10037,.F.);
#13816=ORIENTED_EDGE('',*,*,#13815,.F.);
#13817=EDGE_LOOP('',(#13812,#13813,#13814,#13816));
#13818=FACE_OUTER_BOUND('',#13817,.F.);
#13819=ADVANCED_FACE('',(#13818),#13810,.T.);
#13820=CARTESIAN_POINT('',(-4.18E0,8.2E-1,-6.905E0));
#13821=DIRECTION('',(0.E0,0.E0,-1.E0));
#13822=DIRECTION('',(0.E0,1.E0,0.E0));
#13823=AXIS2_PLACEMENT_3D('',#13820,#13821,#13822);
#13824=PLANE('',#13823);
#13825=ORIENTED_EDGE('',*,*,#13739,.T.);
#13826=ORIENTED_EDGE('',*,*,#7110,.T.);
#13827=ORIENTED_EDGE('',*,*,#7160,.F.);
#13829=ORIENTED_EDGE('',*,*,#13828,.F.);
#13830=EDGE_LOOP('',(#13825,#13826,#13827,#13829));
#13831=FACE_OUTER_BOUND('',#13830,.F.);
#13832=ADVANCED_FACE('',(#13831),#13824,.T.);
#13833=CARTESIAN_POINT('',(-4.18E0,-3.29E0,-8.850161763103E0));
#13834=DIRECTION('',(0.E0,4.277844981127E-1,-9.038807571657E-1));
#13835=DIRECTION('',(0.E0,9.038807571657E-1,4.277844981127E-1));
#13836=AXIS2_PLACEMENT_3D('',#13833,#13834,#13835);
#13837=PLANE('',#13836);
#13838=ORIENTED_EDGE('',*,*,#13741,.T.);
#13839=ORIENTED_EDGE('',*,*,#13828,.T.);
#13840=ORIENTED_EDGE('',*,*,#7158,.F.);
#13842=ORIENTED_EDGE('',*,*,#13841,.F.);
#13843=EDGE_LOOP('',(#13838,#13839,#13840,#13842));
#13844=FACE_OUTER_BOUND('',#13843,.F.);
#13845=ADVANCED_FACE('',(#13844),#13837,.T.);
#13846=CARTESIAN_POINT('',(-4.18E0,-3.29E0,-1.0125E1));
#13847=DIRECTION('',(0.E0,1.E0,0.E0));
#13848=DIRECTION('',(0.E0,0.E0,1.E0));
#13849=AXIS2_PLACEMENT_3D('',#13846,#13847,#13848);
#13850=PLANE('',#13849);
#13851=ORIENTED_EDGE('',*,*,#13743,.T.);
#13852=ORIENTED_EDGE('',*,*,#13841,.T.);
#13853=ORIENTED_EDGE('',*,*,#7156,.F.);
#13855=ORIENTED_EDGE('',*,*,#13854,.F.);
#13856=EDGE_LOOP('',(#13851,#13852,#13853,#13855));
#13857=FACE_OUTER_BOUND('',#13856,.F.);
#13858=ADVANCED_FACE('',(#13857),#13850,.T.);
#13859=CARTESIAN_POINT('',(-4.18E0,-3.61E0,-1.0125E1));
#13860=DIRECTION('',(1.E0,0.E0,0.E0));
#13861=DIRECTION('',(0.E0,0.E0,-1.E0));
#13862=AXIS2_PLACEMENT_3D('',#13859,#13860,#13861);
#13863=CYLINDRICAL_SURFACE('',#13862,3.2E-1);
#13864=ORIENTED_EDGE('',*,*,#13745,.T.);
#13865=ORIENTED_EDGE('',*,*,#13854,.T.);
#13866=ORIENTED_EDGE('',*,*,#7154,.F.);
#13868=ORIENTED_EDGE('',*,*,#13867,.F.);
#13869=EDGE_LOOP('',(#13864,#13865,#13866,#13868));
#13870=FACE_OUTER_BOUND('',#13869,.F.);
#13871=ADVANCED_FACE('',(#13870),#13863,.T.);
#13872=CARTESIAN_POINT('',(-4.18E0,-3.93E0,-8.445E0));
#13873=DIRECTION('',(0.E0,-1.E0,0.E0));
#13874=DIRECTION('',(0.E0,0.E0,-1.E0));
#13875=AXIS2_PLACEMENT_3D('',#13872,#13873,#13874);
#13876=PLANE('',#13875);
#13877=ORIENTED_EDGE('',*,*,#13747,.T.);
#13878=ORIENTED_EDGE('',*,*,#13867,.T.);
#13879=ORIENTED_EDGE('',*,*,#7152,.F.);
#13881=ORIENTED_EDGE('',*,*,#13880,.F.);
#13882=EDGE_LOOP('',(#13877,#13878,#13879,#13881));
#13883=FACE_OUTER_BOUND('',#13882,.F.);
#13884=ADVANCED_FACE('',(#13883),#13876,.T.);
#13885=CARTESIAN_POINT('',(-4.18E0,8.938922490563E-1,-6.161970619905E0));
#13886=DIRECTION('',(0.E0,-4.277844981127E-1,9.038807571657E-1));
#13887=DIRECTION('',(0.E0,-9.038807571657E-1,-4.277844981127E-1));
#13888=AXIS2_PLACEMENT_3D('',#13885,#13886,#13887);
#13889=PLANE('',#13888);
#13890=ORIENTED_EDGE('',*,*,#13749,.T.);
#13891=ORIENTED_EDGE('',*,*,#13880,.T.);
#13892=ORIENTED_EDGE('',*,*,#7150,.F.);
#13894=ORIENTED_EDGE('',*,*,#13893,.F.);
#13895=EDGE_LOOP('',(#13890,#13891,#13892,#13894));
#13896=FACE_OUTER_BOUND('',#13895,.F.);
#13897=ADVANCED_FACE('',(#13896),#13889,.T.);
#13898=CARTESIAN_POINT('',(-4.18E0,6.8E-1,-5.710030241322E0));
#13899=DIRECTION('',(1.E0,0.E0,0.E0));
#13900=DIRECTION('',(0.E0,0.E0,-1.E0));
#13901=AXIS2_PLACEMENT_3D('',#13898,#13899,#13900);
#13902=CYLINDRICAL_SURFACE('',#13901,5.E-1);
#13903=ORIENTED_EDGE('',*,*,#13751,.T.);
#13904=ORIENTED_EDGE('',*,*,#13893,.T.);
#13905=ORIENTED_EDGE('',*,*,#7148,.F.);
#13907=ORIENTED_EDGE('',*,*,#13906,.F.);
#13908=EDGE_LOOP('',(#13903,#13904,#13905,#13907));
#13909=FACE_OUTER_BOUND('',#13908,.F.);
#13910=ADVANCED_FACE('',(#13909),#13902,.F.);
#13911=CARTESIAN_POINT('',(-4.18E0,1.18E0,2.555E0));
#13912=DIRECTION('',(0.E0,-1.E0,0.E0));
#13913=DIRECTION('',(0.E0,0.E0,-1.E0));
#13914=AXIS2_PLACEMENT_3D('',#13911,#13912,#13913);
#13915=PLANE('',#13914);
#13916=ORIENTED_EDGE('',*,*,#7076,.T.);
#13918=ORIENTED_EDGE('',*,*,#13917,.T.);
#13920=ORIENTED_EDGE('',*,*,#13919,.T.);
#13921=ORIENTED_EDGE('',*,*,#13753,.T.);
#13922=ORIENTED_EDGE('',*,*,#13906,.T.);
#13923=ORIENTED_EDGE('',*,*,#7146,.F.);
#13924=EDGE_LOOP('',(#13916,#13918,#13920,#13921,#13922,#13923));
#13925=FACE_OUTER_BOUND('',#13924,.F.);
#13926=ADVANCED_FACE('',(#13925),#13915,.T.);
#13927=CARTESIAN_POINT('',(-4.18E0,1.18E0,2.555E0));
#13928=DIRECTION('',(0.E0,-1.E0,0.E0));
#13929=DIRECTION('',(0.E0,0.E0,-1.E0));
#13930=AXIS2_PLACEMENT_3D('',#13927,#13928,#13929);
#13931=PLANE('',#13930);
#13933=ORIENTED_EDGE('',*,*,#13932,.F.);
#13934=ORIENTED_EDGE('',*,*,#13801,.T.);
#13935=ORIENTED_EDGE('',*,*,#10067,.F.);
#13936=ORIENTED_EDGE('',*,*,#7211,.F.);
#13937=EDGE_LOOP('',(#13933,#13934,#13935,#13936));
#13938=FACE_OUTER_BOUND('',#13937,.F.);
#13939=ADVANCED_FACE('',(#13938),#13931,.T.);
#13940=CARTESIAN_POINT('',(-4.82E0,3.43E0,-3.655E0));
#13941=DIRECTION('',(0.E0,0.E0,1.E0));
#13942=DIRECTION('',(1.E0,0.E0,0.E0));
#13943=AXIS2_PLACEMENT_3D('',#13940,#13941,#13942);
#13944=PLANE('',#13943);
#13945=ORIENTED_EDGE('',*,*,#7116,.T.);
#13947=ORIENTED_EDGE('',*,*,#13946,.F.);
#13948=ORIENTED_EDGE('',*,*,#7663,.F.);
#13949=ORIENTED_EDGE('',*,*,#7062,.T.);
#13950=EDGE_LOOP('',(#13945,#13947,#13948,#13949));
#13951=FACE_OUTER_BOUND('',#13950,.F.);
#13952=ADVANCED_FACE('',(#13951),#13944,.F.);
#13953=CARTESIAN_POINT('',(-4.82E0,3.43E0,-3.655E0));
#13954=DIRECTION('',(0.E0,0.E0,1.E0));
#13955=DIRECTION('',(1.E0,0.E0,0.E0));
#13956=AXIS2_PLACEMENT_3D('',#13953,#13954,#13955);
#13957=PLANE('',#13956);
#13958=ORIENTED_EDGE('',*,*,#13917,.F.);
#13959=ORIENTED_EDGE('',*,*,#7082,.T.);
#13961=ORIENTED_EDGE('',*,*,#13960,.T.);
#13963=ORIENTED_EDGE('',*,*,#13962,.F.);
#13964=EDGE_LOOP('',(#13958,#13959,#13961,#13963));
#13965=FACE_OUTER_BOUND('',#13964,.F.);
#13966=ADVANCED_FACE('',(#13965),#13957,.F.);
#13967=CARTESIAN_POINT('',(-4.82E0,3.43E0,-3.655E0));
#13968=DIRECTION('',(0.E0,0.E0,1.E0));
#13969=DIRECTION('',(1.E0,0.E0,0.E0));
#13970=AXIS2_PLACEMENT_3D('',#13967,#13968,#13969);
#13971=PLANE('',#13970);
#13973=ORIENTED_EDGE('',*,*,#13972,.F.);
#13974=ORIENTED_EDGE('',*,*,#7095,.T.);
#13975=ORIENTED_EDGE('',*,*,#7034,.T.);
#13977=ORIENTED_EDGE('',*,*,#13976,.F.);
#13978=EDGE_LOOP('',(#13973,#13974,#13975,#13977));
#13979=FACE_OUTER_BOUND('',#13978,.F.);
#13980=ADVANCED_FACE('',(#13979),#13971,.F.);
#13981=CARTESIAN_POINT('',(-4.18E0,3.43E0,-3.655E0));
#13982=DIRECTION('',(1.E0,0.E0,0.E0));
#13983=DIRECTION('',(0.E0,0.E0,-1.E0));
#13984=AXIS2_PLACEMENT_3D('',#13981,#13982,#13983);
#13985=PLANE('',#13984);
#13986=ORIENTED_EDGE('',*,*,#7114,.T.);
#13987=ORIENTED_EDGE('',*,*,#7797,.T.);
#13988=ORIENTED_EDGE('',*,*,#7665,.T.);
#13989=ORIENTED_EDGE('',*,*,#13946,.T.);
#13990=EDGE_LOOP('',(#13986,#13987,#13988,#13989));
#13991=FACE_OUTER_BOUND('',#13990,.F.);
#13992=ADVANCED_FACE('',(#13991),#13985,.F.);
#13993=CARTESIAN_POINT('',(-4.18E0,3.43E0,-3.655E0));
#13994=DIRECTION('',(1.E0,0.E0,0.E0));
#13995=DIRECTION('',(0.E0,0.E0,-1.E0));
#13996=AXIS2_PLACEMENT_3D('',#13993,#13994,#13995);
#13997=PLANE('',#13996);
#13998=ORIENTED_EDGE('',*,*,#13919,.F.);
#13999=ORIENTED_EDGE('',*,*,#13962,.T.);
#14001=ORIENTED_EDGE('',*,*,#14000,.T.);
#14002=ORIENTED_EDGE('',*,*,#7464,.T.);
#14003=EDGE_LOOP('',(#13998,#13999,#14001,#14002));
#14004=FACE_OUTER_BOUND('',#14003,.F.);
#14005=ADVANCED_FACE('',(#14004),#13997,.F.);
#14006=CARTESIAN_POINT('',(-4.18E0,3.43E0,-3.655E0));
#14007=DIRECTION('',(1.E0,0.E0,0.E0));
#14008=DIRECTION('',(0.E0,0.E0,-1.E0));
#14009=AXIS2_PLACEMENT_3D('',#14006,#14007,#14008);
#14010=PLANE('',#14009);
#14011=ORIENTED_EDGE('',*,*,#7468,.T.);
#14013=ORIENTED_EDGE('',*,*,#14012,.F.);
#14014=ORIENTED_EDGE('',*,*,#13976,.T.);
#14015=ORIENTED_EDGE('',*,*,#7032,.T.);
#14016=EDGE_LOOP('',(#14011,#14013,#14014,#14015));
#14017=FACE_OUTER_BOUND('',#14016,.F.);
#14018=ADVANCED_FACE('',(#14017),#14010,.F.);
#14019=CARTESIAN_POINT('',(-4.18E0,3.2E-1,-4.955E0));
#14020=DIRECTION('',(0.E0,1.E0,0.E0));
#14021=DIRECTION('',(0.E0,0.E0,1.E0));
#14022=AXIS2_PLACEMENT_3D('',#14019,#14020,#14021);
#14023=PLANE('',#14022);
#14024=ORIENTED_EDGE('',*,*,#13765,.T.);
#14025=ORIENTED_EDGE('',*,*,#14000,.F.);
#14026=ORIENTED_EDGE('',*,*,#13960,.F.);
#14027=ORIENTED_EDGE('',*,*,#7080,.F.);
#14028=ORIENTED_EDGE('',*,*,#7179,.F.);
#14030=ORIENTED_EDGE('',*,*,#14029,.F.);
#14031=EDGE_LOOP('',(#14024,#14025,#14026,#14027,#14028,#14030));
#14032=FACE_OUTER_BOUND('',#14031,.F.);
#14033=ADVANCED_FACE('',(#14032),#14023,.T.);
#14034=CARTESIAN_POINT('',(-4.18E0,-3.2E-1,-4.955E0));
#14035=DIRECTION('',(0.E0,0.E0,-1.E0));
#14036=DIRECTION('',(0.E0,1.E0,0.E0));
#14037=AXIS2_PLACEMENT_3D('',#14034,#14035,#14036);
#14038=PLANE('',#14037);
#14039=ORIENTED_EDGE('',*,*,#13767,.T.);
#14040=ORIENTED_EDGE('',*,*,#14029,.T.);
#14041=ORIENTED_EDGE('',*,*,#7177,.F.);
#14043=ORIENTED_EDGE('',*,*,#14042,.F.);
#14044=EDGE_LOOP('',(#14039,#14040,#14041,#14043));
#14045=FACE_OUTER_BOUND('',#14044,.F.);
#14046=ADVANCED_FACE('',(#14045),#14038,.T.);
#14047=CARTESIAN_POINT('',(-4.18E0,-3.2E-1,-3.655E0));
#14048=DIRECTION('',(0.E0,-1.E0,0.E0));
#14049=DIRECTION('',(0.E0,0.E0,-1.E0));
#14050=AXIS2_PLACEMENT_3D('',#14047,#14048,#14049);
#14051=PLANE('',#14050);
#14052=ORIENTED_EDGE('',*,*,#13769,.T.);
#14053=ORIENTED_EDGE('',*,*,#14042,.T.);
#14054=ORIENTED_EDGE('',*,*,#7175,.F.);
#14055=ORIENTED_EDGE('',*,*,#7097,.T.);
#14056=ORIENTED_EDGE('',*,*,#13972,.T.);
#14057=ORIENTED_EDGE('',*,*,#14012,.T.);
#14058=EDGE_LOOP('',(#14052,#14053,#14054,#14055,#14056,#14057));
#14059=FACE_OUTER_BOUND('',#14058,.F.);
#14060=ADVANCED_FACE('',(#14059),#14051,.T.);
#14061=CARTESIAN_POINT('',(-4.5E0,1.27E0,2.055E0));
#14062=DIRECTION('',(0.E0,-9.841833239737E-1,1.771529983153E-1));
#14063=DIRECTION('',(0.E0,1.771529983153E-1,9.841833239737E-1));
#14064=AXIS2_PLACEMENT_3D('',#14061,#14062,#14063);
#14065=PLANE('',#14064);
#14067=ORIENTED_EDGE('',*,*,#14066,.F.);
#14069=ORIENTED_EDGE('',*,*,#14068,.F.);
#14070=ORIENTED_EDGE('',*,*,#13932,.T.);
#14072=ORIENTED_EDGE('',*,*,#14071,.F.);
#14073=EDGE_LOOP('',(#14067,#14069,#14070,#14072));
#14074=FACE_OUTER_BOUND('',#14073,.F.);
#14075=ADVANCED_FACE('',(#14074),#14065,.T.);
#14076=CARTESIAN_POINT('',(-4.18E0,1.82E0,2.555E0));
#14077=DIRECTION('',(0.E0,0.E0,1.E0));
#14078=DIRECTION('',(0.E0,-1.E0,0.E0));
#14079=AXIS2_PLACEMENT_3D('',#14076,#14077,#14078);
#14080=PLANE('',#14079);
#14081=ORIENTED_EDGE('',*,*,#14066,.T.);
#14083=ORIENTED_EDGE('',*,*,#14082,.T.);
#14085=ORIENTED_EDGE('',*,*,#14084,.F.);
#14087=ORIENTED_EDGE('',*,*,#14086,.T.);
#14088=EDGE_LOOP('',(#14081,#14083,#14085,#14087));
#14089=FACE_OUTER_BOUND('',#14088,.F.);
#14090=ADVANCED_FACE('',(#14089),#14080,.T.);
#14091=CARTESIAN_POINT('',(-4.73E0,1.5E0,2.055E0));
#14092=DIRECTION('',(-9.841833239737E-1,0.E0,1.771529983153E-1));
#14093=DIRECTION('',(1.771529983153E-1,0.E0,9.841833239737E-1));
#14094=AXIS2_PLACEMENT_3D('',#14091,#14092,#14093);
#14095=PLANE('',#14094);
#14096=ORIENTED_EDGE('',*,*,#7209,.T.);
#14098=ORIENTED_EDGE('',*,*,#14097,.F.);
#14099=ORIENTED_EDGE('',*,*,#14082,.F.);
#14100=ORIENTED_EDGE('',*,*,#14071,.T.);
#14101=EDGE_LOOP('',(#14096,#14098,#14099,#14100));
#14102=FACE_OUTER_BOUND('',#14101,.F.);
#14103=ADVANCED_FACE('',(#14102),#14095,.T.);
#14104=CARTESIAN_POINT('',(-4.5E0,1.73E0,2.055E0));
#14105=DIRECTION('',(0.E0,9.841833239737E-1,1.771529983153E-1));
#14106=DIRECTION('',(0.E0,1.771529983153E-1,-9.841833239737E-1));
#14107=AXIS2_PLACEMENT_3D('',#14104,#14105,#14106);
#14108=PLANE('',#14107);
#14109=ORIENTED_EDGE('',*,*,#7126,.F.);
#14111=ORIENTED_EDGE('',*,*,#14110,.F.);
#14112=ORIENTED_EDGE('',*,*,#14084,.T.);
#14113=ORIENTED_EDGE('',*,*,#14097,.T.);
#14114=EDGE_LOOP('',(#14109,#14111,#14112,#14113));
#14115=FACE_OUTER_BOUND('',#14114,.F.);
#14116=ADVANCED_FACE('',(#14115),#14108,.T.);
#14117=CARTESIAN_POINT('',(-4.27E0,1.5E0,2.055E0));
#14118=DIRECTION('',(9.841833239737E-1,0.E0,1.771529983153E-1));
#14119=DIRECTION('',(-1.771529983153E-1,0.E0,9.841833239737E-1));
#14120=AXIS2_PLACEMENT_3D('',#14117,#14118,#14119);
#14121=PLANE('',#14120);
#14122=ORIENTED_EDGE('',*,*,#14086,.F.);
#14123=ORIENTED_EDGE('',*,*,#14110,.T.);
#14124=ORIENTED_EDGE('',*,*,#13797,.T.);
#14125=ORIENTED_EDGE('',*,*,#14068,.T.);
#14126=EDGE_LOOP('',(#14122,#14123,#14124,#14125));
#14127=FACE_OUTER_BOUND('',#14126,.F.);
#14128=ADVANCED_FACE('',(#14127),#14121,.T.);
#14129=CARTESIAN_POINT('',(-4.18E0,-3.29E0,-5.425E0));
#14130=DIRECTION('',(0.E0,1.E0,0.E0));
#14131=DIRECTION('',(0.E0,0.E0,1.E0));
#14132=AXIS2_PLACEMENT_3D('',#14129,#14130,#14131);
#14133=PLANE('',#14132);
#14134=ORIENTED_EDGE('',*,*,#13781,.T.);
#14135=ORIENTED_EDGE('',*,*,#8266,.F.);
#14136=ORIENTED_EDGE('',*,*,#7197,.F.);
#14138=ORIENTED_EDGE('',*,*,#14137,.F.);
#14139=EDGE_LOOP('',(#14134,#14135,#14136,#14138));
#14140=FACE_OUTER_BOUND('',#14139,.F.);
#14141=ADVANCED_FACE('',(#14140),#14133,.T.);
#14142=CARTESIAN_POINT('',(-4.18E0,-3.61E0,-5.425E0));
#14143=DIRECTION('',(1.E0,0.E0,0.E0));
#14144=DIRECTION('',(0.E0,0.E0,-1.E0));
#14145=AXIS2_PLACEMENT_3D('',#14142,#14143,#14144);
#14146=CYLINDRICAL_SURFACE('',#14145,3.2E-1);
#14147=ORIENTED_EDGE('',*,*,#13783,.T.);
#14148=ORIENTED_EDGE('',*,*,#14137,.T.);
#14149=ORIENTED_EDGE('',*,*,#7195,.F.);
#14151=ORIENTED_EDGE('',*,*,#14150,.F.);
#14152=EDGE_LOOP('',(#14147,#14148,#14149,#14151));
#14153=FACE_OUTER_BOUND('',#14152,.F.);
#14154=ADVANCED_FACE('',(#14153),#14146,.T.);
#14155=CARTESIAN_POINT('',(-4.18E0,-3.93E0,-3.745E0));
#14156=DIRECTION('',(0.E0,-1.E0,0.E0));
#14157=DIRECTION('',(0.E0,0.E0,-1.E0));
#14158=AXIS2_PLACEMENT_3D('',#14155,#14156,#14157);
#14159=PLANE('',#14158);
#14160=ORIENTED_EDGE('',*,*,#13785,.T.);
#14161=ORIENTED_EDGE('',*,*,#14150,.T.);
#14162=ORIENTED_EDGE('',*,*,#7193,.F.);
#14164=ORIENTED_EDGE('',*,*,#14163,.F.);
#14165=EDGE_LOOP('',(#14160,#14161,#14162,#14164));
#14166=FACE_OUTER_BOUND('',#14165,.F.);
#14167=ADVANCED_FACE('',(#14166),#14159,.T.);
#14168=CARTESIAN_POINT('',(-4.18E0,-1.82E0,-3.745E0));
#14169=DIRECTION('',(0.E0,0.E0,1.E0));
#14170=DIRECTION('',(0.E0,-1.E0,0.E0));
#14171=AXIS2_PLACEMENT_3D('',#14168,#14169,#14170);
#14172=PLANE('',#14171);
#14173=ORIENTED_EDGE('',*,*,#13787,.T.);
#14174=ORIENTED_EDGE('',*,*,#14163,.T.);
#14175=ORIENTED_EDGE('',*,*,#7191,.F.);
#14176=ORIENTED_EDGE('',*,*,#8473,.T.);
#14177=EDGE_LOOP('',(#14173,#14174,#14175,#14176));
#14178=FACE_OUTER_BOUND('',#14177,.F.);
#14179=ADVANCED_FACE('',(#14178),#14172,.T.);
#14180=CARTESIAN_POINT('',(-4.27E0,-1.5E0,2.055E0));
#14181=DIRECTION('',(9.841833239737E-1,0.E0,1.771529983153E-1));
#14182=DIRECTION('',(-1.771529983153E-1,0.E0,9.841833239737E-1));
#14183=AXIS2_PLACEMENT_3D('',#14180,#14181,#14182);
#14184=PLANE('',#14183);
#14186=ORIENTED_EDGE('',*,*,#14185,.F.);
#14188=ORIENTED_EDGE('',*,*,#14187,.T.);
#14189=ORIENTED_EDGE('',*,*,#13811,.T.);
#14191=ORIENTED_EDGE('',*,*,#14190,.T.);
#14192=EDGE_LOOP('',(#14186,#14188,#14189,#14191));
#14193=FACE_OUTER_BOUND('',#14192,.F.);
#14194=ADVANCED_FACE('',(#14193),#14184,.T.);
#14195=CARTESIAN_POINT('',(-4.18E0,-1.18E0,2.555E0));
#14196=DIRECTION('',(0.E0,0.E0,1.E0));
#14197=DIRECTION('',(0.E0,-1.E0,0.E0));
#14198=AXIS2_PLACEMENT_3D('',#14195,#14196,#14197);
#14199=PLANE('',#14198);
#14201=ORIENTED_EDGE('',*,*,#14200,.T.);
#14203=ORIENTED_EDGE('',*,*,#14202,.T.);
#14205=ORIENTED_EDGE('',*,*,#14204,.F.);
#14206=ORIENTED_EDGE('',*,*,#14185,.T.);
#14207=EDGE_LOOP('',(#14201,#14203,#14205,#14206));
#14208=FACE_OUTER_BOUND('',#14207,.F.);
#14209=ADVANCED_FACE('',(#14208),#14199,.T.);
#14210=CARTESIAN_POINT('',(-4.5E0,-1.73E0,2.055E0));
#14211=DIRECTION('',(0.E0,-9.841833239737E-1,1.771529983153E-1));
#14212=DIRECTION('',(0.E0,1.771529983153E-1,9.841833239737E-1));
#14213=AXIS2_PLACEMENT_3D('',#14210,#14211,#14212);
#14214=PLANE('',#14213);
#14215=ORIENTED_EDGE('',*,*,#14200,.F.);
#14216=ORIENTED_EDGE('',*,*,#14190,.F.);
#14218=ORIENTED_EDGE('',*,*,#14217,.T.);
#14220=ORIENTED_EDGE('',*,*,#14219,.F.);
#14221=EDGE_LOOP('',(#14215,#14216,#14218,#14220));
#14222=FACE_OUTER_BOUND('',#14221,.F.);
#14223=ADVANCED_FACE('',(#14222),#14214,.T.);
#14224=CARTESIAN_POINT('',(-4.18E0,-1.82E0,2.555E0));
#14225=DIRECTION('',(0.E0,-1.E0,0.E0));
#14226=DIRECTION('',(0.E0,0.E0,-1.E0));
#14227=AXIS2_PLACEMENT_3D('',#14224,#14225,#14226);
#14228=PLANE('',#14227);
#14229=ORIENTED_EDGE('',*,*,#14217,.F.);
#14230=ORIENTED_EDGE('',*,*,#13815,.T.);
#14231=ORIENTED_EDGE('',*,*,#10041,.F.);
#14232=ORIENTED_EDGE('',*,*,#7226,.F.);
#14233=EDGE_LOOP('',(#14229,#14230,#14231,#14232));
#14234=FACE_OUTER_BOUND('',#14233,.F.);
#14235=ADVANCED_FACE('',(#14234),#14228,.T.);
#14236=CARTESIAN_POINT('',(-4.73E0,-1.5E0,2.055E0));
#14237=DIRECTION('',(-9.841833239737E-1,0.E0,1.771529983153E-1));
#14238=DIRECTION('',(1.771529983153E-1,0.E0,9.841833239737E-1));
#14239=AXIS2_PLACEMENT_3D('',#14236,#14237,#14238);
#14240=PLANE('',#14239);
#14241=ORIENTED_EDGE('',*,*,#7224,.T.);
#14243=ORIENTED_EDGE('',*,*,#14242,.F.);
#14244=ORIENTED_EDGE('',*,*,#14202,.F.);
#14245=ORIENTED_EDGE('',*,*,#14219,.T.);
#14246=EDGE_LOOP('',(#14241,#14243,#14244,#14245));
#14247=FACE_OUTER_BOUND('',#14246,.F.);
#14248=ADVANCED_FACE('',(#14247),#14240,.T.);
#14249=CARTESIAN_POINT('',(-4.5E0,-1.27E0,2.055E0));
#14250=DIRECTION('',(0.E0,9.841833239737E-1,1.771529983153E-1));
#14251=DIRECTION('',(0.E0,1.771529983153E-1,-9.841833239737E-1));
#14252=AXIS2_PLACEMENT_3D('',#14249,#14250,#14251);
#14253=PLANE('',#14252);
#14254=ORIENTED_EDGE('',*,*,#7044,.F.);
#14255=ORIENTED_EDGE('',*,*,#14187,.F.);
#14256=ORIENTED_EDGE('',*,*,#14204,.T.);
#14257=ORIENTED_EDGE('',*,*,#14242,.T.);
#14258=EDGE_LOOP('',(#14254,#14255,#14256,#14257));
#14259=FACE_OUTER_BOUND('',#14258,.F.);
#14260=ADVANCED_FACE('',(#14259),#14253,.T.);
#14261=CARTESIAN_POINT('',(-7.18E0,-1.18E0,-4.285E0));
#14262=DIRECTION('',(0.E0,1.E0,0.E0));
#14263=DIRECTION('',(0.E0,0.E0,1.E0));
#14264=AXIS2_PLACEMENT_3D('',#14261,#14262,#14263);
#14265=PLANE('',#14264);
#14266=ORIENTED_EDGE('',*,*,#7604,.T.);
#14267=ORIENTED_EDGE('',*,*,#7352,.F.);
#14268=ORIENTED_EDGE('',*,*,#7525,.F.);
#14269=ORIENTED_EDGE('',*,*,#7646,.F.);
#14270=EDGE_LOOP('',(#14266,#14267,#14268,#14269));
#14271=FACE_OUTER_BOUND('',#14270,.F.);
#14272=ADVANCED_FACE('',(#14271),#14265,.T.);
#14273=CARTESIAN_POINT('',(-7.18E0,-1.18E0,-4.285E0));
#14274=DIRECTION('',(0.E0,1.E0,0.E0));
#14275=DIRECTION('',(0.E0,0.E0,1.E0));
#14276=AXIS2_PLACEMENT_3D('',#14273,#14274,#14275);
#14277=PLANE('',#14276);
#14279=ORIENTED_EDGE('',*,*,#14278,.T.);
#14281=ORIENTED_EDGE('',*,*,#14280,.F.);
#14282=ORIENTED_EDGE('',*,*,#10090,.T.);
#14283=ORIENTED_EDGE('',*,*,#8405,.T.);
#14284=EDGE_LOOP('',(#14279,#14281,#14282,#14283));
#14285=FACE_OUTER_BOUND('',#14284,.F.);
#14286=ADVANCED_FACE('',(#14285),#14277,.T.);
#14287=CARTESIAN_POINT('',(-7.5E0,-1.27E0,2.055E0));
#14288=DIRECTION('',(0.E0,9.841833239737E-1,1.771529983153E-1));
#14289=DIRECTION('',(0.E0,1.771529983153E-1,-9.841833239737E-1));
#14290=AXIS2_PLACEMENT_3D('',#14287,#14288,#14289);
#14291=PLANE('',#14290);
#14293=ORIENTED_EDGE('',*,*,#14292,.F.);
#14295=ORIENTED_EDGE('',*,*,#14294,.T.);
#14297=ORIENTED_EDGE('',*,*,#14296,.T.);
#14298=ORIENTED_EDGE('',*,*,#14278,.F.);
#14299=EDGE_LOOP('',(#14293,#14295,#14297,#14298));
#14300=FACE_OUTER_BOUND('',#14299,.F.);
#14301=ADVANCED_FACE('',(#14300),#14291,.T.);
#14302=CARTESIAN_POINT('',(-7.27E0,-1.5E0,2.055E0));
#14303=DIRECTION('',(9.841833239737E-1,0.E0,1.771529983153E-1));
#14304=DIRECTION('',(-1.771529983153E-1,0.E0,9.841833239737E-1));
#14305=AXIS2_PLACEMENT_3D('',#14302,#14303,#14304);
#14306=PLANE('',#14305);
#14307=ORIENTED_EDGE('',*,*,#14292,.T.);
#14308=ORIENTED_EDGE('',*,*,#8403,.T.);
#14310=ORIENTED_EDGE('',*,*,#14309,.T.);
#14312=ORIENTED_EDGE('',*,*,#14311,.F.);
#14313=EDGE_LOOP('',(#14307,#14308,#14310,#14312));
#14314=FACE_OUTER_BOUND('',#14313,.F.);
#14315=ADVANCED_FACE('',(#14314),#14306,.T.);
#14316=CARTESIAN_POINT('',(-7.5E0,-1.73E0,2.055E0));
#14317=DIRECTION('',(0.E0,-9.841833239737E-1,1.771529983153E-1));
#14318=DIRECTION('',(0.E0,1.771529983153E-1,9.841833239737E-1));
#14319=AXIS2_PLACEMENT_3D('',#14316,#14317,#14318);
#14320=PLANE('',#14319);
#14321=ORIENTED_EDGE('',*,*,#14309,.F.);
#14323=ORIENTED_EDGE('',*,*,#14322,.T.);
#14325=ORIENTED_EDGE('',*,*,#14324,.F.);
#14327=ORIENTED_EDGE('',*,*,#14326,.F.);
#14328=EDGE_LOOP('',(#14321,#14323,#14325,#14327));
#14329=FACE_OUTER_BOUND('',#14328,.F.);
#14330=ADVANCED_FACE('',(#14329),#14320,.T.);
#14331=CARTESIAN_POINT('',(-7.18E0,-1.82E0,2.555E0));
#14332=DIRECTION('',(0.E0,-1.E0,0.E0));
#14333=DIRECTION('',(0.E0,0.E0,-1.E0));
#14334=AXIS2_PLACEMENT_3D('',#14331,#14332,#14333);
#14335=PLANE('',#14334);
#14336=ORIENTED_EDGE('',*,*,#14322,.F.);
#14337=ORIENTED_EDGE('',*,*,#8409,.T.);
#14338=ORIENTED_EDGE('',*,*,#10094,.F.);
#14340=ORIENTED_EDGE('',*,*,#14339,.F.);
#14341=EDGE_LOOP('',(#14336,#14337,#14338,#14340));
#14342=FACE_OUTER_BOUND('',#14341,.F.);
#14343=ADVANCED_FACE('',(#14342),#14335,.T.);
#14344=CARTESIAN_POINT('',(-7.82E0,0.E0,0.E0));
#14345=DIRECTION('',(1.E0,0.E0,0.E0));
#14346=DIRECTION('',(0.E0,0.E0,-1.E0));
#14347=AXIS2_PLACEMENT_3D('',#14344,#14345,#14346);
#14348=PLANE('',#14347);
#14349=ORIENTED_EDGE('',*,*,#8480,.T.);
#14351=ORIENTED_EDGE('',*,*,#14350,.T.);
#14353=ORIENTED_EDGE('',*,*,#14352,.T.);
#14355=ORIENTED_EDGE('',*,*,#14354,.T.);
#14357=ORIENTED_EDGE('',*,*,#14356,.T.);
#14358=ORIENTED_EDGE('',*,*,#8314,.F.);
#14359=EDGE_LOOP('',(#14349,#14351,#14353,#14355,#14357,#14358));
#14360=FACE_OUTER_BOUND('',#14359,.F.);
#14361=ADVANCED_FACE('',(#14360),#14348,.F.);
#14362=CARTESIAN_POINT('',(-7.82E0,0.E0,0.E0));
#14363=DIRECTION('',(1.E0,0.E0,0.E0));
#14364=DIRECTION('',(0.E0,0.E0,-1.E0));
#14365=AXIS2_PLACEMENT_3D('',#14362,#14363,#14364);
#14366=PLANE('',#14365);
#14367=ORIENTED_EDGE('',*,*,#7356,.F.);
#14369=ORIENTED_EDGE('',*,*,#14368,.T.);
#14371=ORIENTED_EDGE('',*,*,#14370,.T.);
#14373=ORIENTED_EDGE('',*,*,#14372,.T.);
#14374=EDGE_LOOP('',(#14367,#14369,#14371,#14373));
#14375=FACE_OUTER_BOUND('',#14374,.F.);
#14376=ADVANCED_FACE('',(#14375),#14366,.F.);
#14377=CARTESIAN_POINT('',(-7.82E0,0.E0,0.E0));
#14378=DIRECTION('',(1.E0,0.E0,0.E0));
#14379=DIRECTION('',(0.E0,0.E0,-1.E0));
#14380=AXIS2_PLACEMENT_3D('',#14377,#14378,#14379);
#14381=PLANE('',#14380);
#14382=ORIENTED_EDGE('',*,*,#7360,.F.);
#14384=ORIENTED_EDGE('',*,*,#14383,.T.);
#14386=ORIENTED_EDGE('',*,*,#14385,.T.);
#14388=ORIENTED_EDGE('',*,*,#14387,.T.);
#14390=ORIENTED_EDGE('',*,*,#14389,.T.);
#14392=ORIENTED_EDGE('',*,*,#14391,.T.);
#14394=ORIENTED_EDGE('',*,*,#14393,.T.);
#14396=ORIENTED_EDGE('',*,*,#14395,.T.);
#14398=ORIENTED_EDGE('',*,*,#14397,.T.);
#14399=ORIENTED_EDGE('',*,*,#7538,.T.);
#14400=ORIENTED_EDGE('',*,*,#7833,.F.);
#14401=ORIENTED_EDGE('',*,*,#7340,.F.);
#14402=EDGE_LOOP('',(#14382,#14384,#14386,#14388,#14390,#14392,#14394,#14396,
#14398,#14399,#14400,#14401));
#14403=FACE_OUTER_BOUND('',#14402,.F.);
#14404=ADVANCED_FACE('',(#14403),#14381,.F.);
#14405=CARTESIAN_POINT('',(-7.82E0,0.E0,0.E0));
#14406=DIRECTION('',(1.E0,0.E0,0.E0));
#14407=DIRECTION('',(0.E0,0.E0,-1.E0));
#14408=AXIS2_PLACEMENT_3D('',#14405,#14406,#14407);
#14409=PLANE('',#14408);
#14411=ORIENTED_EDGE('',*,*,#14410,.F.);
#14413=ORIENTED_EDGE('',*,*,#14412,.T.);
#14414=ORIENTED_EDGE('',*,*,#10118,.T.);
#14415=ORIENTED_EDGE('',*,*,#7557,.T.);
#14416=EDGE_LOOP('',(#14411,#14413,#14414,#14415));
#14417=FACE_OUTER_BOUND('',#14416,.F.);
#14418=ADVANCED_FACE('',(#14417),#14409,.F.);
#14419=CARTESIAN_POINT('',(-7.82E0,0.E0,0.E0));
#14420=DIRECTION('',(1.E0,0.E0,0.E0));
#14421=DIRECTION('',(0.E0,0.E0,-1.E0));
#14422=AXIS2_PLACEMENT_3D('',#14419,#14420,#14421);
#14423=PLANE('',#14422);
#14425=ORIENTED_EDGE('',*,*,#14424,.F.);
#14426=ORIENTED_EDGE('',*,*,#14339,.T.);
#14427=ORIENTED_EDGE('',*,*,#10092,.T.);
#14428=ORIENTED_EDGE('',*,*,#14280,.T.);
#14429=EDGE_LOOP('',(#14425,#14426,#14427,#14428));
#14430=FACE_OUTER_BOUND('',#14429,.F.);
#14431=ADVANCED_FACE('',(#14430),#14423,.F.);
#14432=CARTESIAN_POINT('',(-7.18E0,-1.82E0,-3.745E0));
#14433=DIRECTION('',(0.E0,0.E0,1.E0));
#14434=DIRECTION('',(0.E0,-1.E0,0.E0));
#14435=AXIS2_PLACEMENT_3D('',#14432,#14433,#14434);
#14436=PLANE('',#14435);
#14437=ORIENTED_EDGE('',*,*,#8478,.T.);
#14438=ORIENTED_EDGE('',*,*,#8335,.T.);
#14440=ORIENTED_EDGE('',*,*,#14439,.T.);
#14441=ORIENTED_EDGE('',*,*,#14350,.F.);
#14442=EDGE_LOOP('',(#14437,#14438,#14440,#14441));
#14443=FACE_OUTER_BOUND('',#14442,.F.);
#14444=ADVANCED_FACE('',(#14443),#14436,.T.);
#14445=CARTESIAN_POINT('',(-7.18E0,-3.93E0,-3.745E0));
#14446=DIRECTION('',(0.E0,-1.E0,0.E0));
#14447=DIRECTION('',(0.E0,0.E0,-1.E0));
#14448=AXIS2_PLACEMENT_3D('',#14445,#14446,#14447);
#14449=PLANE('',#14448);
#14450=ORIENTED_EDGE('',*,*,#8333,.T.);
#14452=ORIENTED_EDGE('',*,*,#14451,.T.);
#14453=ORIENTED_EDGE('',*,*,#14352,.F.);
#14454=ORIENTED_EDGE('',*,*,#14439,.F.);
#14455=EDGE_LOOP('',(#14450,#14452,#14453,#14454));
#14456=FACE_OUTER_BOUND('',#14455,.F.);
#14457=ADVANCED_FACE('',(#14456),#14449,.T.);
#14458=CARTESIAN_POINT('',(-7.18E0,-3.61E0,-5.425E0));
#14459=DIRECTION('',(1.E0,0.E0,0.E0));
#14460=DIRECTION('',(0.E0,0.E0,-1.E0));
#14461=AXIS2_PLACEMENT_3D('',#14458,#14459,#14460);
#14462=CYLINDRICAL_SURFACE('',#14461,3.2E-1);
#14463=ORIENTED_EDGE('',*,*,#8331,.T.);
#14465=ORIENTED_EDGE('',*,*,#14464,.T.);
#14466=ORIENTED_EDGE('',*,*,#14354,.F.);
#14467=ORIENTED_EDGE('',*,*,#14451,.F.);
#14468=EDGE_LOOP('',(#14463,#14465,#14466,#14467));
#14469=FACE_OUTER_BOUND('',#14468,.F.);
#14470=ADVANCED_FACE('',(#14469),#14462,.T.);
#14471=CARTESIAN_POINT('',(-7.18E0,-3.29E0,-5.425E0));
#14472=DIRECTION('',(0.E0,1.E0,0.E0));
#14473=DIRECTION('',(0.E0,0.E0,1.E0));
#14474=AXIS2_PLACEMENT_3D('',#14471,#14472,#14473);
#14475=PLANE('',#14474);
#14476=ORIENTED_EDGE('',*,*,#8316,.F.);
#14477=ORIENTED_EDGE('',*,*,#14356,.F.);
#14478=ORIENTED_EDGE('',*,*,#14464,.F.);
#14479=ORIENTED_EDGE('',*,*,#8329,.T.);
#14480=EDGE_LOOP('',(#14476,#14477,#14478,#14479));
#14481=FACE_OUTER_BOUND('',#14480,.F.);
#14482=ADVANCED_FACE('',(#14481),#14475,.T.);
#14483=CARTESIAN_POINT('',(-7.18E0,-3.2E-1,-3.655E0));
#14484=DIRECTION('',(0.E0,-1.E0,0.E0));
#14485=DIRECTION('',(0.E0,0.E0,-1.E0));
#14486=AXIS2_PLACEMENT_3D('',#14483,#14484,#14485);
#14487=PLANE('',#14486);
#14488=ORIENTED_EDGE('',*,*,#7601,.T.);
#14489=ORIENTED_EDGE('',*,*,#7643,.T.);
#14490=ORIENTED_EDGE('',*,*,#7521,.T.);
#14491=ORIENTED_EDGE('',*,*,#8350,.T.);
#14493=ORIENTED_EDGE('',*,*,#14492,.T.);
#14494=ORIENTED_EDGE('',*,*,#14368,.F.);
#14495=EDGE_LOOP('',(#14488,#14489,#14490,#14491,#14493,#14494));
#14496=FACE_OUTER_BOUND('',#14495,.F.);
#14497=ADVANCED_FACE('',(#14496),#14487,.T.);
#14498=CARTESIAN_POINT('',(-7.18E0,-3.2E-1,-4.955E0));
#14499=DIRECTION('',(0.E0,0.E0,-1.E0));
#14500=DIRECTION('',(0.E0,1.E0,0.E0));
#14501=AXIS2_PLACEMENT_3D('',#14498,#14499,#14500);
#14502=PLANE('',#14501);
#14503=ORIENTED_EDGE('',*,*,#8348,.T.);
#14505=ORIENTED_EDGE('',*,*,#14504,.T.);
#14506=ORIENTED_EDGE('',*,*,#14370,.F.);
#14507=ORIENTED_EDGE('',*,*,#14492,.F.);
#14508=EDGE_LOOP('',(#14503,#14505,#14506,#14507));
#14509=FACE_OUTER_BOUND('',#14508,.F.);
#14510=ADVANCED_FACE('',(#14509),#14502,.T.);
#14511=CARTESIAN_POINT('',(-7.18E0,3.2E-1,-4.955E0));
#14512=DIRECTION('',(0.E0,1.E0,0.E0));
#14513=DIRECTION('',(0.E0,0.E0,1.E0));
#14514=AXIS2_PLACEMENT_3D('',#14511,#14512,#14513);
#14515=PLANE('',#14514);
#14516=ORIENTED_EDGE('',*,*,#7589,.F.);
#14517=ORIENTED_EDGE('',*,*,#14372,.F.);
#14518=ORIENTED_EDGE('',*,*,#14504,.F.);
#14519=ORIENTED_EDGE('',*,*,#8346,.T.);
#14520=ORIENTED_EDGE('',*,*,#7510,.F.);
#14521=ORIENTED_EDGE('',*,*,#7632,.F.);
#14522=EDGE_LOOP('',(#14516,#14517,#14518,#14519,#14520,#14521));
#14523=FACE_OUTER_BOUND('',#14522,.F.);
#14524=ADVANCED_FACE('',(#14523),#14515,.T.);
#14525=CARTESIAN_POINT('',(-7.18E0,1.18E0,2.555E0));
#14526=DIRECTION('',(0.E0,-1.E0,0.E0));
#14527=DIRECTION('',(0.E0,0.E0,-1.E0));
#14528=AXIS2_PLACEMENT_3D('',#14525,#14526,#14527);
#14529=PLANE('',#14528);
#14530=ORIENTED_EDGE('',*,*,#7586,.T.);
#14531=ORIENTED_EDGE('',*,*,#7629,.T.);
#14532=ORIENTED_EDGE('',*,*,#7506,.T.);
#14533=ORIENTED_EDGE('',*,*,#8378,.T.);
#14535=ORIENTED_EDGE('',*,*,#14534,.T.);
#14536=ORIENTED_EDGE('',*,*,#14383,.F.);
#14537=EDGE_LOOP('',(#14530,#14531,#14532,#14533,#14535,#14536));
#14538=FACE_OUTER_BOUND('',#14537,.F.);
#14539=ADVANCED_FACE('',(#14538),#14529,.T.);
#14540=CARTESIAN_POINT('',(-7.18E0,1.18E0,2.555E0));
#14541=DIRECTION('',(0.E0,-1.E0,0.E0));
#14542=DIRECTION('',(0.E0,0.E0,-1.E0));
#14543=AXIS2_PLACEMENT_3D('',#14540,#14541,#14542);
#14544=PLANE('',#14543);
#14546=ORIENTED_EDGE('',*,*,#14545,.F.);
#14547=ORIENTED_EDGE('',*,*,#8393,.T.);
#14548=ORIENTED_EDGE('',*,*,#10120,.F.);
#14549=ORIENTED_EDGE('',*,*,#14412,.F.);
#14550=EDGE_LOOP('',(#14546,#14547,#14548,#14549));
#14551=FACE_OUTER_BOUND('',#14550,.F.);
#14552=ADVANCED_FACE('',(#14551),#14544,.T.);
#14553=CARTESIAN_POINT('',(-7.18E0,6.8E-1,-5.710030241322E0));
#14554=DIRECTION('',(1.E0,0.E0,0.E0));
#14555=DIRECTION('',(0.E0,0.E0,-1.E0));
#14556=AXIS2_PLACEMENT_3D('',#14553,#14554,#14555);
#14557=CYLINDRICAL_SURFACE('',#14556,5.E-1);
#14558=ORIENTED_EDGE('',*,*,#8376,.T.);
#14560=ORIENTED_EDGE('',*,*,#14559,.T.);
#14561=ORIENTED_EDGE('',*,*,#14385,.F.);
#14562=ORIENTED_EDGE('',*,*,#14534,.F.);
#14563=EDGE_LOOP('',(#14558,#14560,#14561,#14562));
#14564=FACE_OUTER_BOUND('',#14563,.F.);
#14565=ADVANCED_FACE('',(#14564),#14557,.F.);
#14566=CARTESIAN_POINT('',(-7.18E0,8.938922490563E-1,-6.161970619905E0));
#14567=DIRECTION('',(0.E0,-4.277844981127E-1,9.038807571657E-1));
#14568=DIRECTION('',(0.E0,-9.038807571657E-1,-4.277844981127E-1));
#14569=AXIS2_PLACEMENT_3D('',#14566,#14567,#14568);
#14570=PLANE('',#14569);
#14571=ORIENTED_EDGE('',*,*,#8374,.T.);
#14573=ORIENTED_EDGE('',*,*,#14572,.T.);
#14574=ORIENTED_EDGE('',*,*,#14387,.F.);
#14575=ORIENTED_EDGE('',*,*,#14559,.F.);
#14576=EDGE_LOOP('',(#14571,#14573,#14574,#14575));
#14577=FACE_OUTER_BOUND('',#14576,.F.);
#14578=ADVANCED_FACE('',(#14577),#14570,.T.);
#14579=CARTESIAN_POINT('',(-7.18E0,-3.93E0,-8.445E0));
#14580=DIRECTION('',(0.E0,-1.E0,0.E0));
#14581=DIRECTION('',(0.E0,0.E0,-1.E0));
#14582=AXIS2_PLACEMENT_3D('',#14579,#14580,#14581);
#14583=PLANE('',#14582);
#14584=ORIENTED_EDGE('',*,*,#8372,.T.);
#14586=ORIENTED_EDGE('',*,*,#14585,.T.);
#14587=ORIENTED_EDGE('',*,*,#14389,.F.);
#14588=ORIENTED_EDGE('',*,*,#14572,.F.);
#14589=EDGE_LOOP('',(#14584,#14586,#14587,#14588));
#14590=FACE_OUTER_BOUND('',#14589,.F.);
#14591=ADVANCED_FACE('',(#14590),#14583,.T.);
#14592=CARTESIAN_POINT('',(-7.18E0,-3.61E0,-1.0125E1));
#14593=DIRECTION('',(1.E0,0.E0,0.E0));
#14594=DIRECTION('',(0.E0,0.E0,-1.E0));
#14595=AXIS2_PLACEMENT_3D('',#14592,#14593,#14594);
#14596=CYLINDRICAL_SURFACE('',#14595,3.2E-1);
#14597=ORIENTED_EDGE('',*,*,#8370,.T.);
#14599=ORIENTED_EDGE('',*,*,#14598,.T.);
#14600=ORIENTED_EDGE('',*,*,#14391,.F.);
#14601=ORIENTED_EDGE('',*,*,#14585,.F.);
#14602=EDGE_LOOP('',(#14597,#14599,#14600,#14601));
#14603=FACE_OUTER_BOUND('',#14602,.F.);
#14604=ADVANCED_FACE('',(#14603),#14596,.T.);
#14605=CARTESIAN_POINT('',(-7.18E0,-3.29E0,-1.0125E1));
#14606=DIRECTION('',(0.E0,1.E0,0.E0));
#14607=DIRECTION('',(0.E0,0.E0,1.E0));
#14608=AXIS2_PLACEMENT_3D('',#14605,#14606,#14607);
#14609=PLANE('',#14608);
#14610=ORIENTED_EDGE('',*,*,#8368,.T.);
#14612=ORIENTED_EDGE('',*,*,#14611,.T.);
#14613=ORIENTED_EDGE('',*,*,#14393,.F.);
#14614=ORIENTED_EDGE('',*,*,#14598,.F.);
#14615=EDGE_LOOP('',(#14610,#14612,#14613,#14614));
#14616=FACE_OUTER_BOUND('',#14615,.F.);
#14617=ADVANCED_FACE('',(#14616),#14609,.T.);
#14618=CARTESIAN_POINT('',(-7.18E0,-3.29E0,-8.850161763103E0));
#14619=DIRECTION('',(0.E0,4.277844981127E-1,-9.038807571657E-1));
#14620=DIRECTION('',(0.E0,9.038807571657E-1,4.277844981127E-1));
#14621=AXIS2_PLACEMENT_3D('',#14618,#14619,#14620);
#14622=PLANE('',#14621);
#14623=ORIENTED_EDGE('',*,*,#8366,.T.);
#14625=ORIENTED_EDGE('',*,*,#14624,.T.);
#14626=ORIENTED_EDGE('',*,*,#14395,.F.);
#14627=ORIENTED_EDGE('',*,*,#14611,.F.);
#14628=EDGE_LOOP('',(#14623,#14625,#14626,#14627));
#14629=FACE_OUTER_BOUND('',#14628,.F.);
#14630=ADVANCED_FACE('',(#14629),#14622,.T.);
#14631=CARTESIAN_POINT('',(-7.18E0,8.2E-1,-6.905E0));
#14632=DIRECTION('',(0.E0,0.E0,-1.E0));
#14633=DIRECTION('',(0.E0,1.E0,0.E0));
#14634=AXIS2_PLACEMENT_3D('',#14631,#14632,#14633);
#14635=PLANE('',#14634);
#14636=ORIENTED_EDGE('',*,*,#8364,.T.);
#14637=ORIENTED_EDGE('',*,*,#7540,.T.);
#14638=ORIENTED_EDGE('',*,*,#14397,.F.);
#14639=ORIENTED_EDGE('',*,*,#14624,.F.);
#14640=EDGE_LOOP('',(#14636,#14637,#14638,#14639));
#14641=FACE_OUTER_BOUND('',#14640,.F.);
#14642=ADVANCED_FACE('',(#14641),#14635,.T.);
#14643=CARTESIAN_POINT('',(-7.5E0,1.27E0,2.055E0));
#14644=DIRECTION('',(0.E0,-9.841833239737E-1,1.771529983153E-1));
#14645=DIRECTION('',(0.E0,1.771529983153E-1,9.841833239737E-1));
#14646=AXIS2_PLACEMENT_3D('',#14643,#14644,#14645);
#14647=PLANE('',#14646);
#14649=ORIENTED_EDGE('',*,*,#14648,.F.);
#14650=ORIENTED_EDGE('',*,*,#14545,.T.);
#14652=ORIENTED_EDGE('',*,*,#14651,.F.);
#14654=ORIENTED_EDGE('',*,*,#14653,.F.);
#14655=EDGE_LOOP('',(#14649,#14650,#14652,#14654));
#14656=FACE_OUTER_BOUND('',#14655,.F.);
#14657=ADVANCED_FACE('',(#14656),#14647,.T.);
#14658=CARTESIAN_POINT('',(-7.27E0,1.5E0,2.055E0));
#14659=DIRECTION('',(9.841833239737E-1,0.E0,1.771529983153E-1));
#14660=DIRECTION('',(-1.771529983153E-1,0.E0,9.841833239737E-1));
#14661=AXIS2_PLACEMENT_3D('',#14658,#14659,#14660);
#14662=PLANE('',#14661);
#14664=ORIENTED_EDGE('',*,*,#14663,.T.);
#14665=ORIENTED_EDGE('',*,*,#8388,.T.);
#14666=ORIENTED_EDGE('',*,*,#14648,.T.);
#14668=ORIENTED_EDGE('',*,*,#14667,.F.);
#14669=EDGE_LOOP('',(#14664,#14665,#14666,#14668));
#14670=FACE_OUTER_BOUND('',#14669,.F.);
#14671=ADVANCED_FACE('',(#14670),#14662,.T.);
#14672=CARTESIAN_POINT('',(-7.5E0,1.73E0,2.055E0));
#14673=DIRECTION('',(0.E0,9.841833239737E-1,1.771529983153E-1));
#14674=DIRECTION('',(0.E0,1.771529983153E-1,-9.841833239737E-1));
#14675=AXIS2_PLACEMENT_3D('',#14672,#14673,#14674);
#14676=PLANE('',#14675);
#14677=ORIENTED_EDGE('',*,*,#14663,.F.);
#14679=ORIENTED_EDGE('',*,*,#14678,.T.);
#14681=ORIENTED_EDGE('',*,*,#14680,.T.);
#14682=ORIENTED_EDGE('',*,*,#7555,.F.);
#14683=EDGE_LOOP('',(#14677,#14679,#14681,#14682));
#14684=FACE_OUTER_BOUND('',#14683,.F.);
#14685=ADVANCED_FACE('',(#14684),#14676,.T.);
#14686=CARTESIAN_POINT('',(-7.18E0,1.82E0,2.555E0));
#14687=DIRECTION('',(0.E0,0.E0,1.E0));
#14688=DIRECTION('',(0.E0,-1.E0,0.E0));
#14689=AXIS2_PLACEMENT_3D('',#14686,#14687,#14688);
#14690=PLANE('',#14689);
#14691=ORIENTED_EDGE('',*,*,#14653,.T.);
#14693=ORIENTED_EDGE('',*,*,#14692,.T.);
#14694=ORIENTED_EDGE('',*,*,#14678,.F.);
#14695=ORIENTED_EDGE('',*,*,#14667,.T.);
#14696=EDGE_LOOP('',(#14691,#14693,#14694,#14695));
#14697=FACE_OUTER_BOUND('',#14696,.F.);
#14698=ADVANCED_FACE('',(#14697),#14690,.T.);
#14699=CARTESIAN_POINT('',(-7.73E0,1.5E0,2.055E0));
#14700=DIRECTION('',(-9.841833239737E-1,0.E0,1.771529983153E-1));
#14701=DIRECTION('',(1.771529983153E-1,0.E0,9.841833239737E-1));
#14702=AXIS2_PLACEMENT_3D('',#14699,#14700,#14701);
#14703=PLANE('',#14702);
#14704=ORIENTED_EDGE('',*,*,#14680,.F.);
#14705=ORIENTED_EDGE('',*,*,#14692,.F.);
#14706=ORIENTED_EDGE('',*,*,#14651,.T.);
#14707=ORIENTED_EDGE('',*,*,#14410,.T.);
#14708=EDGE_LOOP('',(#14704,#14705,#14706,#14707));
#14709=FACE_OUTER_BOUND('',#14708,.F.);
#14710=ADVANCED_FACE('',(#14709),#14703,.T.);
#14711=CARTESIAN_POINT('',(-7.73E0,-1.5E0,2.055E0));
#14712=DIRECTION('',(-9.841833239737E-1,0.E0,1.771529983153E-1));
#14713=DIRECTION('',(1.771529983153E-1,0.E0,9.841833239737E-1));
#14714=AXIS2_PLACEMENT_3D('',#14711,#14712,#14713);
#14715=PLANE('',#14714);
#14716=ORIENTED_EDGE('',*,*,#14296,.F.);
#14718=ORIENTED_EDGE('',*,*,#14717,.F.);
#14719=ORIENTED_EDGE('',*,*,#14324,.T.);
#14720=ORIENTED_EDGE('',*,*,#14424,.T.);
#14721=EDGE_LOOP('',(#14716,#14718,#14719,#14720));
#14722=FACE_OUTER_BOUND('',#14721,.F.);
#14723=ADVANCED_FACE('',(#14722),#14715,.T.);
#14724=CARTESIAN_POINT('',(-7.18E0,-1.18E0,2.555E0));
#14725=DIRECTION('',(0.E0,0.E0,1.E0));
#14726=DIRECTION('',(0.E0,-1.E0,0.E0));
#14727=AXIS2_PLACEMENT_3D('',#14724,#14725,#14726);
#14728=PLANE('',#14727);
#14729=ORIENTED_EDGE('',*,*,#14326,.T.);
#14730=ORIENTED_EDGE('',*,*,#14717,.T.);
#14731=ORIENTED_EDGE('',*,*,#14294,.F.);
#14732=ORIENTED_EDGE('',*,*,#14311,.T.);
#14733=EDGE_LOOP('',(#14729,#14730,#14731,#14732));
#14734=FACE_OUTER_BOUND('',#14733,.F.);
#14735=ADVANCED_FACE('',(#14734),#14728,.T.);
#14736=CARTESIAN_POINT('',(-9.425E0,2.68E0,3.305E0));
#14737=DIRECTION('',(0.E0,0.E0,-1.E0));
#14738=DIRECTION('',(-1.E0,0.E0,0.E0));
#14739=AXIS2_PLACEMENT_3D('',#14736,#14737,#14738);
#14740=PLANE('',#14739);
#14741=ORIENTED_EDGE('',*,*,#9105,.F.);
#14742=ORIENTED_EDGE('',*,*,#9217,.T.);
#14743=ORIENTED_EDGE('',*,*,#9489,.T.);
#14744=ORIENTED_EDGE('',*,*,#9069,.T.);
#14745=EDGE_LOOP('',(#14741,#14742,#14743,#14744));
#14746=FACE_OUTER_BOUND('',#14745,.F.);
#14747=ADVANCED_FACE('',(#14746),#14740,.F.);
#14748=CARTESIAN_POINT('',(-9.425E0,2.68E0,3.305E0));
#14749=DIRECTION('',(0.E0,0.E0,-1.E0));
#14750=DIRECTION('',(-1.E0,0.E0,0.E0));
#14751=AXIS2_PLACEMENT_3D('',#14748,#14749,#14750);
#14752=PLANE('',#14751);
#14754=ORIENTED_EDGE('',*,*,#14753,.T.);
#14755=ORIENTED_EDGE('',*,*,#9078,.T.);
#14756=ORIENTED_EDGE('',*,*,#9543,.F.);
#14757=ORIENTED_EDGE('',*,*,#9209,.T.);
#14758=EDGE_LOOP('',(#14754,#14755,#14756,#14757));
#14759=FACE_OUTER_BOUND('',#14758,.F.);
#14760=ADVANCED_FACE('',(#14759),#14752,.F.);
#14761=CARTESIAN_POINT('',(-1.1325E1,1.1E0,-1.95E-1));
#14762=DIRECTION('',(0.E0,-1.E0,0.E0));
#14763=DIRECTION('',(0.E0,0.E0,1.E0));
#14764=AXIS2_PLACEMENT_3D('',#14761,#14762,#14763);
#14765=PLANE('',#14764);
#14766=ORIENTED_EDGE('',*,*,#9080,.F.);
#14767=ORIENTED_EDGE('',*,*,#14753,.F.);
#14768=ORIENTED_EDGE('',*,*,#9207,.F.);
#14770=ORIENTED_EDGE('',*,*,#14769,.F.);
#14771=EDGE_LOOP('',(#14766,#14767,#14768,#14770));
#14772=FACE_OUTER_BOUND('',#14771,.F.);
#14773=ADVANCED_FACE('',(#14772),#14765,.T.);
#14774=CARTESIAN_POINT('',(-1.1325E1,5.75E-1,-1.95E-1));
#14775=DIRECTION('',(0.E0,0.E0,1.E0));
#14776=DIRECTION('',(0.E0,1.E0,0.E0));
#14777=AXIS2_PLACEMENT_3D('',#14774,#14775,#14776);
#14778=PLANE('',#14777);
#14779=ORIENTED_EDGE('',*,*,#9082,.T.);
#14780=ORIENTED_EDGE('',*,*,#14769,.T.);
#14781=ORIENTED_EDGE('',*,*,#9205,.F.);
#14782=ORIENTED_EDGE('',*,*,#9191,.F.);
#14783=EDGE_LOOP('',(#14779,#14780,#14781,#14782));
#14784=FACE_OUTER_BOUND('',#14783,.F.);
#14785=ADVANCED_FACE('',(#14784),#14778,.T.);
#14786=CARTESIAN_POINT('',(1.1205E1,-2.73E0,4.955E0));
#14787=DIRECTION('',(-4.657464328326E-1,8.849182223820E-1,0.E0));
#14788=DIRECTION('',(-8.849182223820E-1,-4.657464328326E-1,0.E0));
#14789=AXIS2_PLACEMENT_3D('',#14786,#14787,#14788);
#14790=PLANE('',#14789);
#14791=ORIENTED_EDGE('',*,*,#9035,.F.);
#14792=ORIENTED_EDGE('',*,*,#8431,.F.);
#14793=ORIENTED_EDGE('',*,*,#9516,.F.);
#14794=ORIENTED_EDGE('',*,*,#9405,.T.);
#14795=ORIENTED_EDGE('',*,*,#8185,.T.);
#14796=ORIENTED_EDGE('',*,*,#8439,.F.);
#14797=EDGE_LOOP('',(#14791,#14792,#14793,#14794,#14795,#14796));
#14798=FACE_OUTER_BOUND('',#14797,.F.);
#14799=ADVANCED_FACE('',(#14798),#14790,.F.);
#14800=CARTESIAN_POINT('',(1.1325E1,1.1E0,-1.95E-1));
#14801=DIRECTION('',(0.E0,1.E0,0.E0));
#14802=DIRECTION('',(0.E0,0.E0,1.E0));
#14803=AXIS2_PLACEMENT_3D('',#14800,#14801,#14802);
#14804=PLANE('',#14803);
#14805=ORIENTED_EDGE('',*,*,#9397,.T.);
#14807=ORIENTED_EDGE('',*,*,#14806,.T.);
#14808=ORIENTED_EDGE('',*,*,#9363,.T.);
#14809=ORIENTED_EDGE('',*,*,#9461,.F.);
#14810=EDGE_LOOP('',(#14805,#14807,#14808,#14809));
#14811=FACE_OUTER_BOUND('',#14810,.F.);
#14812=ADVANCED_FACE('',(#14811),#14804,.F.);
#14813=CARTESIAN_POINT('',(1.1325E1,5.75E-1,-1.95E-1));
#14814=DIRECTION('',(0.E0,0.E0,-1.E0));
#14815=DIRECTION('',(0.E0,1.E0,0.E0));
#14816=AXIS2_PLACEMENT_3D('',#14813,#14814,#14815);
#14817=PLANE('',#14816);
#14818=ORIENTED_EDGE('',*,*,#9395,.F.);
#14819=ORIENTED_EDGE('',*,*,#9280,.T.);
#14820=ORIENTED_EDGE('',*,*,#9365,.T.);
#14821=ORIENTED_EDGE('',*,*,#14806,.F.);
#14822=EDGE_LOOP('',(#14818,#14819,#14820,#14821));
#14823=FACE_OUTER_BOUND('',#14822,.F.);
#14824=ADVANCED_FACE('',(#14823),#14817,.F.);
#14825=CARTESIAN_POINT('',(1.0825E1,-2.1875E0,1.555E0));
#14826=DIRECTION('',(0.E0,1.E0,0.E0));
#14827=DIRECTION('',(0.E0,0.E0,1.E0));
#14828=AXIS2_PLACEMENT_3D('',#14825,#14826,#14827);
#14829=PLANE('',#14828);
#14830=ORIENTED_EDGE('',*,*,#9413,.F.);
#14832=ORIENTED_EDGE('',*,*,#14831,.T.);
#14834=ORIENTED_EDGE('',*,*,#14833,.T.);
#14836=ORIENTED_EDGE('',*,*,#14835,.F.);
#14837=EDGE_LOOP('',(#14830,#14832,#14834,#14836));
#14838=FACE_OUTER_BOUND('',#14837,.F.);
#14839=ADVANCED_FACE('',(#14838),#14829,.F.);
#14840=CARTESIAN_POINT('',(1.0825E1,-2.34375E0,1.555E0));
#14841=DIRECTION('',(0.E0,0.E0,-1.E0));
#14842=DIRECTION('',(0.E0,1.E0,0.E0));
#14843=AXIS2_PLACEMENT_3D('',#14840,#14841,#14842);
#14844=PLANE('',#14843);
#14845=ORIENTED_EDGE('',*,*,#9425,.F.);
#14847=ORIENTED_EDGE('',*,*,#14846,.T.);
#14849=ORIENTED_EDGE('',*,*,#14848,.T.);
#14850=ORIENTED_EDGE('',*,*,#14831,.F.);
#14851=EDGE_LOOP('',(#14845,#14847,#14849,#14850));
#14852=FACE_OUTER_BOUND('',#14851,.F.);
#14853=ADVANCED_FACE('',(#14852),#14844,.F.);
#14854=CARTESIAN_POINT('',(1.0825E1,-2.34375E0,2.592234067917E0));
#14855=DIRECTION('',(0.E0,-1.E0,0.E0));
#14856=DIRECTION('',(0.E0,0.E0,-1.E0));
#14857=AXIS2_PLACEMENT_3D('',#14854,#14855,#14856);
#14858=PLANE('',#14857);
#14859=ORIENTED_EDGE('',*,*,#9423,.F.);
#14861=ORIENTED_EDGE('',*,*,#14860,.T.);
#14863=ORIENTED_EDGE('',*,*,#14862,.T.);
#14864=ORIENTED_EDGE('',*,*,#14846,.F.);
#14865=EDGE_LOOP('',(#14859,#14861,#14863,#14864));
#14866=FACE_OUTER_BOUND('',#14865,.F.);
#14867=ADVANCED_FACE('',(#14866),#14858,.F.);
#14868=CARTESIAN_POINT('',(1.0825E1,-2.5E0,2.406063802838E0));
#14869=DIRECTION('',(0.E0,7.659743427825E-1,-6.428711427642E-1));
#14870=DIRECTION('',(0.E0,6.428711427642E-1,7.659743427825E-1));
#14871=AXIS2_PLACEMENT_3D('',#14868,#14869,#14870);
#14872=PLANE('',#14871);
#14873=ORIENTED_EDGE('',*,*,#9421,.F.);
#14875=ORIENTED_EDGE('',*,*,#14874,.T.);
#14877=ORIENTED_EDGE('',*,*,#14876,.T.);
#14878=ORIENTED_EDGE('',*,*,#14860,.F.);
#14879=EDGE_LOOP('',(#14873,#14875,#14877,#14878));
#14880=FACE_OUTER_BOUND('',#14879,.F.);
#14881=ADVANCED_FACE('',(#14880),#14872,.F.);
#14882=CARTESIAN_POINT('',(1.0825E1,-2.5E0,2.618829809427E0));
#14883=DIRECTION('',(0.E0,-1.E0,0.E0));
#14884=DIRECTION('',(0.E0,0.E0,-1.E0));
#14885=AXIS2_PLACEMENT_3D('',#14882,#14883,#14884);
#14886=PLANE('',#14885);
#14887=ORIENTED_EDGE('',*,*,#9419,.F.);
#14889=ORIENTED_EDGE('',*,*,#14888,.T.);
#14891=ORIENTED_EDGE('',*,*,#14890,.T.);
#14892=ORIENTED_EDGE('',*,*,#14874,.F.);
#14893=EDGE_LOOP('',(#14887,#14889,#14891,#14892));
#14894=FACE_OUTER_BOUND('',#14893,.F.);
#14895=ADVANCED_FACE('',(#14894),#14886,.F.);
#14896=CARTESIAN_POINT('',(1.0825E1,-2.34375E0,2.805E0));
#14897=DIRECTION('',(0.E0,-7.659742160926E-1,6.428712937139E-1));
#14898=DIRECTION('',(0.E0,-6.428712937139E-1,-7.659742160926E-1));
#14899=AXIS2_PLACEMENT_3D('',#14896,#14897,#14898);
#14900=PLANE('',#14899);
#14901=ORIENTED_EDGE('',*,*,#9417,.F.);
#14903=ORIENTED_EDGE('',*,*,#14902,.T.);
#14905=ORIENTED_EDGE('',*,*,#14904,.T.);
#14906=ORIENTED_EDGE('',*,*,#14888,.F.);
#14907=EDGE_LOOP('',(#14901,#14903,#14905,#14906));
#14908=FACE_OUTER_BOUND('',#14907,.F.);
#14909=ADVANCED_FACE('',(#14908),#14900,.F.);
#14910=CARTESIAN_POINT('',(1.0825E1,-2.1875E0,2.805E0));
#14911=DIRECTION('',(0.E0,0.E0,1.E0));
#14912=DIRECTION('',(0.E0,-1.E0,0.E0));
#14913=AXIS2_PLACEMENT_3D('',#14910,#14911,#14912);
#14914=PLANE('',#14913);
#14915=ORIENTED_EDGE('',*,*,#9415,.F.);
#14916=ORIENTED_EDGE('',*,*,#14835,.T.);
#14918=ORIENTED_EDGE('',*,*,#14917,.T.);
#14919=ORIENTED_EDGE('',*,*,#14902,.F.);
#14920=EDGE_LOOP('',(#14915,#14916,#14918,#14919));
#14921=FACE_OUTER_BOUND('',#14920,.F.);
#14922=ADVANCED_FACE('',(#14921),#14914,.F.);
#14923=CARTESIAN_POINT('',(1.0775E1,0.E0,0.E0));
#14924=DIRECTION('',(1.E0,0.E0,0.E0));
#14925=DIRECTION('',(0.E0,0.E0,-1.E0));
#14926=AXIS2_PLACEMENT_3D('',#14923,#14924,#14925);
#14927=PLANE('',#14926);
#14928=ORIENTED_EDGE('',*,*,#14833,.F.);
#14929=ORIENTED_EDGE('',*,*,#14848,.F.);
#14930=ORIENTED_EDGE('',*,*,#14862,.F.);
#14931=ORIENTED_EDGE('',*,*,#14876,.F.);
#14932=ORIENTED_EDGE('',*,*,#14890,.F.);
#14933=ORIENTED_EDGE('',*,*,#14904,.F.);
#14934=ORIENTED_EDGE('',*,*,#14917,.F.);
#14935=EDGE_LOOP('',(#14928,#14929,#14930,#14931,#14932,#14933,#14934));
#14936=FACE_OUTER_BOUND('',#14935,.F.);
#14937=ADVANCED_FACE('',(#14936),#14927,.T.);
#14938=CARTESIAN_POINT('',(9.825E0,-4.E-1,-2.695E0));
#14939=DIRECTION('',(0.E0,-1.E0,0.E0));
#14940=DIRECTION('',(1.E0,0.E0,0.E0));
#14941=AXIS2_PLACEMENT_3D('',#14938,#14939,#14940);
#14942=PLANE('',#14941);
#14943=ORIENTED_EDGE('',*,*,#9294,.F.);
#14944=ORIENTED_EDGE('',*,*,#9319,.T.);
#14945=ORIENTED_EDGE('',*,*,#9237,.T.);
#14947=ORIENTED_EDGE('',*,*,#14946,.F.);
#14948=EDGE_LOOP('',(#14943,#14944,#14945,#14947));
#14949=FACE_OUTER_BOUND('',#14948,.F.);
#14950=ADVANCED_FACE('',(#14949),#14942,.F.);
#14951=CARTESIAN_POINT('',(1.0125E1,-4.E-1,-2.695E0));
#14952=DIRECTION('',(1.E0,0.E0,0.E0));
#14953=DIRECTION('',(0.E0,1.E0,0.E0));
#14954=AXIS2_PLACEMENT_3D('',#14951,#14952,#14953);
#14955=PLANE('',#14954);
#14956=ORIENTED_EDGE('',*,*,#9296,.F.);
#14957=ORIENTED_EDGE('',*,*,#14946,.T.);
#14958=ORIENTED_EDGE('',*,*,#9235,.T.);
#14960=ORIENTED_EDGE('',*,*,#14959,.F.);
#14961=EDGE_LOOP('',(#14956,#14957,#14958,#14960));
#14962=FACE_OUTER_BOUND('',#14961,.F.);
#14963=ADVANCED_FACE('',(#14962),#14955,.F.);
#14964=CARTESIAN_POINT('',(1.0125E1,4.E-1,-2.695E0));
#14965=DIRECTION('',(0.E0,1.E0,0.E0));
#14966=DIRECTION('',(-1.E0,0.E0,0.E0));
#14967=AXIS2_PLACEMENT_3D('',#14964,#14965,#14966);
#14968=PLANE('',#14967);
#14969=ORIENTED_EDGE('',*,*,#9298,.F.);
#14970=ORIENTED_EDGE('',*,*,#14959,.T.);
#14971=ORIENTED_EDGE('',*,*,#9233,.T.);
#14973=ORIENTED_EDGE('',*,*,#14972,.F.);
#14974=EDGE_LOOP('',(#14969,#14970,#14971,#14973));
#14975=FACE_OUTER_BOUND('',#14974,.F.);
#14976=ADVANCED_FACE('',(#14975),#14968,.F.);
#14977=CARTESIAN_POINT('',(9.825E0,4.E-1,-2.695E0));
#14978=DIRECTION('',(1.E0,0.E0,0.E0));
#14979=DIRECTION('',(0.E0,1.E0,0.E0));
#14980=AXIS2_PLACEMENT_3D('',#14977,#14978,#14979);
#14981=PLANE('',#14980);
#14982=ORIENTED_EDGE('',*,*,#9300,.T.);
#14983=ORIENTED_EDGE('',*,*,#14972,.T.);
#14984=ORIENTED_EDGE('',*,*,#9231,.T.);
#14985=ORIENTED_EDGE('',*,*,#9275,.F.);
#14986=EDGE_LOOP('',(#14982,#14983,#14984,#14985));
#14987=FACE_OUTER_BOUND('',#14986,.F.);
#14988=ADVANCED_FACE('',(#14987),#14981,.F.);
#14989=CARTESIAN_POINT('',(-9.825E0,-4.E-1,-2.695E0));
#14990=DIRECTION('',(-1.E0,0.E0,0.E0));
#14991=DIRECTION('',(0.E0,-1.E0,0.E0));
#14992=AXIS2_PLACEMENT_3D('',#14989,#14990,#14991);
#14993=PLANE('',#14992);
#14994=ORIENTED_EDGE('',*,*,#9155,.T.);
#14996=ORIENTED_EDGE('',*,*,#14995,.T.);
#14997=ORIENTED_EDGE('',*,*,#9257,.T.);
#14998=ORIENTED_EDGE('',*,*,#9131,.F.);
#14999=EDGE_LOOP('',(#14994,#14996,#14997,#14998));
#15000=FACE_OUTER_BOUND('',#14999,.F.);
#15001=ADVANCED_FACE('',(#15000),#14993,.F.);
#15002=CARTESIAN_POINT('',(-1.0125E1,-4.E-1,-2.695E0));
#15003=DIRECTION('',(0.E0,-1.E0,0.E0));
#15004=DIRECTION('',(1.E0,0.E0,0.E0));
#15005=AXIS2_PLACEMENT_3D('',#15002,#15003,#15004);
#15006=PLANE('',#15005);
#15007=ORIENTED_EDGE('',*,*,#9153,.F.);
#15009=ORIENTED_EDGE('',*,*,#15008,.T.);
#15010=ORIENTED_EDGE('',*,*,#9259,.T.);
#15011=ORIENTED_EDGE('',*,*,#14995,.F.);
#15012=EDGE_LOOP('',(#15007,#15009,#15010,#15011));
#15013=FACE_OUTER_BOUND('',#15012,.F.);
#15014=ADVANCED_FACE('',(#15013),#15006,.F.);
#15015=CARTESIAN_POINT('',(-1.0125E1,4.E-1,-2.695E0));
#15016=DIRECTION('',(-1.E0,0.E0,0.E0));
#15017=DIRECTION('',(0.E0,-1.E0,0.E0));
#15018=AXIS2_PLACEMENT_3D('',#15015,#15016,#15017);
#15019=PLANE('',#15018);
#15020=ORIENTED_EDGE('',*,*,#9151,.F.);
#15022=ORIENTED_EDGE('',*,*,#15021,.T.);
#15023=ORIENTED_EDGE('',*,*,#9261,.T.);
#15024=ORIENTED_EDGE('',*,*,#15008,.F.);
#15025=EDGE_LOOP('',(#15020,#15022,#15023,#15024));
#15026=FACE_OUTER_BOUND('',#15025,.F.);
#15027=ADVANCED_FACE('',(#15026),#15019,.F.);
#15028=CARTESIAN_POINT('',(-9.825E0,4.E-1,-2.695E0));
#15029=DIRECTION('',(0.E0,1.E0,0.E0));
#15030=DIRECTION('',(-1.E0,0.E0,0.E0));
#15031=AXIS2_PLACEMENT_3D('',#15028,#15029,#15030);
#15032=PLANE('',#15031);
#15033=ORIENTED_EDGE('',*,*,#9149,.F.);
#15034=ORIENTED_EDGE('',*,*,#9174,.T.);
#15035=ORIENTED_EDGE('',*,*,#9263,.T.);
#15036=ORIENTED_EDGE('',*,*,#15021,.F.);
#15037=EDGE_LOOP('',(#15033,#15034,#15035,#15036));
#15038=FACE_OUTER_BOUND('',#15037,.F.);
#15039=ADVANCED_FACE('',(#15038),#15032,.F.);
#15040=CARTESIAN_POINT('',(-1.0735E1,-3.43E0,-2.435E0));
#15041=DIRECTION('',(-1.E0,0.E0,0.E0));
#15042=DIRECTION('',(0.E0,0.E0,-1.E0));
#15043=AXIS2_PLACEMENT_3D('',#15040,#15041,#15042);
#15044=PLANE('',#15043);
#15045=ORIENTED_EDGE('',*,*,#9024,.F.);
#15046=ORIENTED_EDGE('',*,*,#8962,.T.);
#15047=ORIENTED_EDGE('',*,*,#8980,.T.);
#15048=ORIENTED_EDGE('',*,*,#9011,.F.);
#15049=EDGE_LOOP('',(#15045,#15046,#15047,#15048));
#15050=FACE_OUTER_BOUND('',#15049,.F.);
#15051=ADVANCED_FACE('',(#15050),#15044,.T.);
#15052=CARTESIAN_POINT('',(9.625E0,-3.43E0,-3.075E0));
#15053=DIRECTION('',(0.E0,0.E0,-1.E0));
#15054=DIRECTION('',(1.E0,0.E0,0.E0));
#15055=AXIS2_PLACEMENT_3D('',#15052,#15053,#15054);
#15056=PLANE('',#15055);
#15057=ORIENTED_EDGE('',*,*,#8990,.T.);
#15059=ORIENTED_EDGE('',*,*,#15058,.F.);
#15060=ORIENTED_EDGE('',*,*,#9037,.F.);
#15061=ORIENTED_EDGE('',*,*,#8437,.T.);
#15063=ORIENTED_EDGE('',*,*,#15062,.F.);
#15064=EDGE_LOOP('',(#15057,#15059,#15060,#15061,#15063));
#15065=FACE_OUTER_BOUND('',#15064,.F.);
#15066=ADVANCED_FACE('',(#15065),#15056,.T.);
#15067=CARTESIAN_POINT('',(1.0735E1,-3.43E0,-3.075E0));
#15068=DIRECTION('',(1.E0,0.E0,0.E0));
#15069=DIRECTION('',(0.E0,0.E0,1.E0));
#15070=AXIS2_PLACEMENT_3D('',#15067,#15068,#15069);
#15071=PLANE('',#15070);
#15072=ORIENTED_EDGE('',*,*,#9039,.F.);
#15073=ORIENTED_EDGE('',*,*,#15058,.T.);
#15074=ORIENTED_EDGE('',*,*,#8996,.T.);
#15076=ORIENTED_EDGE('',*,*,#15075,.F.);
#15077=EDGE_LOOP('',(#15072,#15073,#15074,#15076));
#15078=FACE_OUTER_BOUND('',#15077,.F.);
#15079=ADVANCED_FACE('',(#15078),#15071,.T.);
#15080=CARTESIAN_POINT('',(1.0735E1,-3.43E0,-2.435E0));
#15081=DIRECTION('',(0.E0,0.E0,1.E0));
#15082=DIRECTION('',(-1.E0,0.E0,0.E0));
#15083=AXIS2_PLACEMENT_3D('',#15080,#15081,#15082);
#15084=PLANE('',#15083);
#15085=ORIENTED_EDGE('',*,*,#8994,.T.);
#15087=ORIENTED_EDGE('',*,*,#15086,.F.);
#15088=ORIENTED_EDGE('',*,*,#8433,.F.);
#15089=ORIENTED_EDGE('',*,*,#9041,.F.);
#15090=ORIENTED_EDGE('',*,*,#15075,.T.);
#15091=EDGE_LOOP('',(#15085,#15087,#15088,#15089,#15090));
#15092=FACE_OUTER_BOUND('',#15091,.F.);
#15093=ADVANCED_FACE('',(#15092),#15084,.T.);
#15094=CARTESIAN_POINT('',(9.974428104193E0,-3.41E0,2.6021176E1));
#15095=DIRECTION('',(0.E0,0.E0,-1.E0));
#15096=DIRECTION('',(0.E0,-1.E0,0.E0));
#15097=AXIS2_PLACEMENT_3D('',#15094,#15095,#15096);
#15098=CYLINDRICAL_SURFACE('',#15097,3.5E-1);
#15099=ORIENTED_EDGE('',*,*,#15062,.T.);
#15100=ORIENTED_EDGE('',*,*,#8435,.F.);
#15101=ORIENTED_EDGE('',*,*,#15086,.T.);
#15102=ORIENTED_EDGE('',*,*,#8992,.T.);
#15103=EDGE_LOOP('',(#15099,#15100,#15101,#15102));
#15104=FACE_OUTER_BOUND('',#15103,.F.);
#15105=ADVANCED_FACE('',(#15104),#15098,.T.);
#15106=CARTESIAN_POINT('',(-9.875E0,-3.43E0,-3.355E0));
#15107=DIRECTION('',(-1.E0,0.E0,0.E0));
#15108=DIRECTION('',(0.E0,-1.E0,0.E0));
#15109=AXIS2_PLACEMENT_3D('',#15106,#15107,#15108);
#15110=PLANE('',#15109);
#15111=ORIENTED_EDGE('',*,*,#8201,.T.);
#15112=ORIENTED_EDGE('',*,*,#8483,.T.);
#15113=ORIENTED_EDGE('',*,*,#8310,.F.);
#15114=ORIENTED_EDGE('',*,*,#8247,.F.);
#15115=EDGE_LOOP('',(#15111,#15112,#15113,#15114));
#15116=FACE_OUTER_BOUND('',#15115,.F.);
#15117=ADVANCED_FACE('',(#15116),#15110,.F.);
#15118=CLOSED_SHELL('',(#7038,#7054,#7070,#7086,#7101,#7120,#7136,#7167,#7183,
#7203,#7218,#7233,#7249,#7265,#7281,#7297,#7313,#7328,#7344,#7484,#7500,#7515,
#7530,#7549,#7565,#7580,#7595,#7610,#7623,#7637,#7651,#7711,#7731,#7749,#7767,
#7785,#7803,#7818,#7837,#7865,#7879,#7893,#7906,#7918,#7932,#7959,#7973,#7987,
#8000,#8012,#8054,#8071,#8085,#8101,#8114,#8127,#8139,#8152,#8165,#8177,#8195,
#8213,#8228,#8241,#8255,#8320,#8339,#8354,#8382,#8397,#8413,#8531,#8546,#8561,
#8575,#8589,#8604,#8617,#8629,#8642,#8655,#8667,#8690,#8713,#8727,#8749,#8772,
#8785,#8798,#8811,#8824,#8837,#8849,#8862,#8875,#8888,#8901,#8914,#8927,#8939,
#8954,#8970,#8984,#9000,#9015,#9029,#9045,#9061,#9094,#9109,#9123,#9141,#9163,
#9178,#9195,#9223,#9247,#9267,#9286,#9309,#9323,#9340,#9369,#9383,#9429,#9442,
#9455,#9469,#9481,#9494,#9508,#9523,#9534,#9547,#9560,#9574,#9732,#9747,#9761,
#9775,#9789,#9802,#9825,#9853,#9881,#9909,#9935,#9963,#9991,#10019,#10045,
#10071,#10098,#10124,#10138,#10151,#10164,#10177,#10189,#10203,#10216,#10229,
#10242,#10254,#10268,#10281,#10294,#10307,#10319,#10333,#10346,#10359,#10371,
#10385,#10398,#10411,#10424,#10436,#10450,#10463,#10476,#10489,#10501,#10515,
#10528,#10541,#10554,#10566,#10580,#10593,#10606,#10619,#10631,#10645,#10658,
#10671,#10684,#10696,#10710,#10723,#10736,#10749,#10761,#10775,#10788,#10801,
#10814,#10826,#10855,#10870,#10888,#10903,#10918,#10937,#10951,#10964,#10979,
#10994,#11007,#11022,#11037,#11049,#11063,#11077,#11093,#11107,#11121,#11135,
#11149,#11163,#11177,#11191,#11204,#11222,#11242,#11257,#11270,#11285,#11298,
#11311,#11324,#11336,#11351,#11364,#11378,#11393,#11407,#11421,#11434,#11446,
#11461,#11476,#11488,#11500,#11514,#11527,#11540,#11552,#11581,#11596,#11614,
#11629,#11644,#11663,#11677,#11690,#11705,#11720,#11733,#11748,#11763,#11775,
#11789,#11803,#11819,#11833,#11847,#11861,#11875,#11889,#11903,#11917,#11930,
#11950,#11965,#11983,#11996,#12011,#12026,#12039,#12053,#12066,#12079,#12092,
#12104,#12119,#12133,#12147,#12160,#12172,#12187,#12202,#12214,#12226,#12240,
#12253,#12266,#12278,#12307,#12322,#12340,#12355,#12370,#12389,#12403,#12416,
#12431,#12446,#12459,#12474,#12489,#12501,#12515,#12529,#12545,#12559,#12573,
#12587,#12601,#12615,#12629,#12643,#12656,#12676,#12691,#12709,#12722,#12737,
#12752,#12765,#12779,#12792,#12805,#12818,#12830,#12845,#12859,#12873,#12886,
#12898,#12913,#12928,#12940,#12952,#12966,#12979,#12992,#13004,#13033,#13048,
#13066,#13081,#13096,#13115,#13129,#13142,#13157,#13172,#13185,#13200,#13215,
#13227,#13241,#13255,#13271,#13285,#13299,#13313,#13327,#13341,#13355,#13369,
#13382,#13402,#13417,#13435,#13448,#13463,#13478,#13491,#13505,#13518,#13531,
#13544,#13556,#13571,#13585,#13599,#13612,#13624,#13639,#13654,#13666,#13678,
#13692,#13705,#13718,#13730,#13758,#13773,#13791,#13805,#13819,#13832,#13845,
#13858,#13871,#13884,#13897,#13910,#13926,#13939,#13952,#13966,#13980,#13992,
#14005,#14018,#14033,#14046,#14060,#14075,#14090,#14103,#14116,#14128,#14141,
#14154,#14167,#14179,#14194,#14209,#14223,#14235,#14248,#14260,#14272,#14286,
#14301,#14315,#14330,#14343,#14361,#14376,#14404,#14418,#14431,#14444,#14457,
#14470,#14482,#14497,#14510,#14524,#14539,#14552,#14565,#14578,#14591,#14604,
#14617,#14630,#14642,#14657,#14671,#14685,#14698,#14710,#14723,#14735,#14747,
#14760,#14773,#14785,#14799,#14812,#14824,#14839,#14853,#14867,#14881,#14895,
#14909,#14922,#14937,#14950,#14963,#14976,#14988,#15001,#15014,#15027,#15039,
#15051,#15066,#15079,#15093,#15105,#15117));
#15119=DIRECTION('',(0.E0,1.E0,0.E0));
#15120=VECTOR('',#15119,4.7E-1);
#15121=CARTESIAN_POINT('',(7.18E0,-2.29E0,-3.745E0));
#15122=LINE('',#15121,#15120);
#15123=DIRECTION('',(0.E0,0.E0,-1.E0));
#15124=VECTOR('',#15123,9.E-2);
#15125=CARTESIAN_POINT('',(7.18E0,-1.82E0,-3.655E0));
#15126=LINE('',#15125,#15124);
#15127=DIRECTION('',(0.E0,0.E0,1.E0));
#15128=VECTOR('',#15127,9.E-2);
#15129=CARTESIAN_POINT('',(7.18E0,-2.29E0,-3.745E0));
#15130=LINE('',#15129,#15128);
#15131=DIRECTION('',(1.E0,0.E0,0.E0));
#15132=VECTOR('',#15131,6.4E-1);
#15133=CARTESIAN_POINT('',(7.18E0,-2.29E0,-3.655E0));
#15134=LINE('',#15133,#15132);
#15135=DIRECTION('',(0.E0,0.E0,-1.E0));
#15136=VECTOR('',#15135,9.E-2);
#15137=CARTESIAN_POINT('',(7.82E0,-2.29E0,-3.655E0));
#15138=LINE('',#15137,#15136);
#15139=DIRECTION('',(1.E0,0.E0,0.E0));
#15140=VECTOR('',#15139,6.4E-1);
#15141=CARTESIAN_POINT('',(7.18E0,-2.29E0,-3.745E0));
#15142=LINE('',#15141,#15140);
#15143=DIRECTION('',(1.E0,0.E0,0.E0));
#15144=VECTOR('',#15143,6.4E-1);
#15145=CARTESIAN_POINT('',(7.18E0,-1.82E0,-3.655E0));
#15146=LINE('',#15145,#15144);
#15147=DIRECTION('',(0.E0,-1.E0,0.E0));
#15148=VECTOR('',#15147,4.7E-1);
#15149=CARTESIAN_POINT('',(7.18E0,-1.82E0,-3.655E0));
#15150=LINE('',#15149,#15148);
#15151=DIRECTION('',(0.E0,-1.E0,0.E0));
#15152=VECTOR('',#15151,4.7E-1);
#15153=CARTESIAN_POINT('',(7.82E0,-1.82E0,-3.655E0));
#15154=LINE('',#15153,#15152);
#15155=DIRECTION('',(0.E0,0.E0,-1.E0));
#15156=VECTOR('',#15155,9.E-2);
#15157=CARTESIAN_POINT('',(7.82E0,-1.82E0,-3.655E0));
#15158=LINE('',#15157,#15156);
#15159=DIRECTION('',(0.E0,1.E0,0.E0));
#15160=VECTOR('',#15159,4.7E-1);
#15161=CARTESIAN_POINT('',(7.82E0,-2.29E0,-3.745E0));
#15162=LINE('',#15161,#15160);
#15163=DIRECTION('',(-1.E0,0.E0,0.E0));
#15164=VECTOR('',#15163,6.4E-1);
#15165=CARTESIAN_POINT('',(7.82E0,-1.82E0,-3.745E0));
#15166=LINE('',#15165,#15164);
#15167=CARTESIAN_POINT('',(7.18E0,-2.29E0,-3.655E0));
#15168=CARTESIAN_POINT('',(7.82E0,-2.29E0,-3.655E0));
#15169=VERTEX_POINT('',#15167);
#15170=VERTEX_POINT('',#15168);
#15171=CARTESIAN_POINT('',(7.18E0,-2.29E0,-3.745E0));
#15172=VERTEX_POINT('',#15171);
#15173=CARTESIAN_POINT('',(7.82E0,-2.29E0,-3.745E0));
#15174=VERTEX_POINT('',#15173);
#15175=CARTESIAN_POINT('',(7.18E0,-1.82E0,-3.745E0));
#15176=VERTEX_POINT('',#15175);
#15177=CARTESIAN_POINT('',(7.18E0,-1.82E0,-3.655E0));
#15178=VERTEX_POINT('',#15177);
#15179=CARTESIAN_POINT('',(7.82E0,-1.82E0,-3.655E0));
#15180=VERTEX_POINT('',#15179);
#15181=CARTESIAN_POINT('',(7.82E0,-1.82E0,-3.745E0));
#15182=VERTEX_POINT('',#15181);
#15183=CARTESIAN_POINT('',(7.82E0,-1.82E0,2.555E0));
#15184=DIRECTION('',(0.E0,-1.E0,0.E0));
#15185=DIRECTION('',(0.E0,0.E0,-1.E0));
#15186=AXIS2_PLACEMENT_3D('',#15183,#15184,#15185);
#15187=PLANE('',#15186);
#15189=ORIENTED_EDGE('',*,*,#15188,.T.);
#15191=ORIENTED_EDGE('',*,*,#15190,.F.);
#15193=ORIENTED_EDGE('',*,*,#15192,.F.);
#15195=ORIENTED_EDGE('',*,*,#15194,.F.);
#15196=EDGE_LOOP('',(#15189,#15191,#15193,#15195));
#15197=FACE_OUTER_BOUND('',#15196,.F.);
#15198=ADVANCED_FACE('',(#15197),#15187,.F.);
#15199=CARTESIAN_POINT('',(7.18E0,3.43E0,-4.955E0));
#15200=DIRECTION('',(-1.E0,0.E0,0.E0));
#15201=DIRECTION('',(0.E0,0.E0,1.E0));
#15202=AXIS2_PLACEMENT_3D('',#15199,#15200,#15201);
#15203=PLANE('',#15202);
#15205=ORIENTED_EDGE('',*,*,#15204,.F.);
#15207=ORIENTED_EDGE('',*,*,#15206,.T.);
#15208=ORIENTED_EDGE('',*,*,#15188,.F.);
#15210=ORIENTED_EDGE('',*,*,#15209,.T.);
#15211=EDGE_LOOP('',(#15205,#15207,#15208,#15210));
#15212=FACE_OUTER_BOUND('',#15211,.F.);
#15213=ADVANCED_FACE('',(#15212),#15203,.T.);
#15214=CARTESIAN_POINT('',(-1.0825E1,-2.29E0,-4.955E0));
#15215=DIRECTION('',(0.E0,1.E0,0.E0));
#15216=DIRECTION('',(1.E0,0.E0,0.E0));
#15217=AXIS2_PLACEMENT_3D('',#15214,#15215,#15216);
#15218=PLANE('',#15217);
#15219=ORIENTED_EDGE('',*,*,#15204,.T.);
#15221=ORIENTED_EDGE('',*,*,#15220,.T.);
#15223=ORIENTED_EDGE('',*,*,#15222,.T.);
#15225=ORIENTED_EDGE('',*,*,#15224,.F.);
#15226=EDGE_LOOP('',(#15219,#15221,#15223,#15225));
#15227=FACE_OUTER_BOUND('',#15226,.F.);
#15228=ADVANCED_FACE('',(#15227),#15218,.F.);
#15229=CARTESIAN_POINT('',(7.18E0,3.43E0,-3.655E0));
#15230=DIRECTION('',(0.E0,0.E0,1.E0));
#15231=DIRECTION('',(1.E0,0.E0,0.E0));
#15232=AXIS2_PLACEMENT_3D('',#15229,#15230,#15231);
#15233=PLANE('',#15232);
#15234=ORIENTED_EDGE('',*,*,#15194,.T.);
#15236=ORIENTED_EDGE('',*,*,#15235,.T.);
#15237=ORIENTED_EDGE('',*,*,#15220,.F.);
#15238=ORIENTED_EDGE('',*,*,#15209,.F.);
#15239=EDGE_LOOP('',(#15234,#15236,#15237,#15238));
#15240=FACE_OUTER_BOUND('',#15239,.F.);
#15241=ADVANCED_FACE('',(#15240),#15233,.T.);
#15242=CARTESIAN_POINT('',(7.82E0,3.43E0,-3.655E0));
#15243=DIRECTION('',(1.E0,0.E0,0.E0));
#15244=DIRECTION('',(0.E0,0.E0,-1.E0));
#15245=AXIS2_PLACEMENT_3D('',#15242,#15243,#15244);
#15246=PLANE('',#15245);
#15247=ORIENTED_EDGE('',*,*,#15222,.F.);
#15248=ORIENTED_EDGE('',*,*,#15235,.F.);
#15249=ORIENTED_EDGE('',*,*,#15192,.T.);
#15251=ORIENTED_EDGE('',*,*,#15250,.F.);
#15252=EDGE_LOOP('',(#15247,#15248,#15249,#15251));
#15253=FACE_OUTER_BOUND('',#15252,.F.);
#15254=ADVANCED_FACE('',(#15253),#15246,.T.);
#15255=CARTESIAN_POINT('',(7.82E0,-1.82E0,-3.745E0));
#15256=DIRECTION('',(0.E0,0.E0,1.E0));
#15257=DIRECTION('',(0.E0,-1.E0,0.E0));
#15258=AXIS2_PLACEMENT_3D('',#15255,#15256,#15257);
#15259=PLANE('',#15258);
#15260=ORIENTED_EDGE('',*,*,#15224,.T.);
#15261=ORIENTED_EDGE('',*,*,#15250,.T.);
#15262=ORIENTED_EDGE('',*,*,#15190,.T.);
#15263=ORIENTED_EDGE('',*,*,#15206,.F.);
#15264=EDGE_LOOP('',(#15260,#15261,#15262,#15263));
#15265=FACE_OUTER_BOUND('',#15264,.F.);
#15266=ADVANCED_FACE('',(#15265),#15259,.F.);
#15267=CLOSED_SHELL('',(#15198,#15213,#15228,#15241,#15254,#15266));
#15268=DIRECTION('',(0.E0,1.E0,0.E0));
#15269=VECTOR('',#15268,4.7E-1);
#15270=CARTESIAN_POINT('',(4.18E0,-2.29E0,-3.745E0));
#15271=LINE('',#15270,#15269);
#15272=DIRECTION('',(0.E0,0.E0,-1.E0));
#15273=VECTOR('',#15272,9.E-2);
#15274=CARTESIAN_POINT('',(4.18E0,-1.82E0,-3.655E0));
#15275=LINE('',#15274,#15273);
#15276=DIRECTION('',(0.E0,0.E0,1.E0));
#15277=VECTOR('',#15276,9.E-2);
#15278=CARTESIAN_POINT('',(4.18E0,-2.29E0,-3.745E0));
#15279=LINE('',#15278,#15277);
#15280=DIRECTION('',(1.E0,0.E0,0.E0));
#15281=VECTOR('',#15280,6.4E-1);
#15282=CARTESIAN_POINT('',(4.18E0,-2.29E0,-3.655E0));
#15283=LINE('',#15282,#15281);
#15284=DIRECTION('',(0.E0,0.E0,-1.E0));
#15285=VECTOR('',#15284,9.E-2);
#15286=CARTESIAN_POINT('',(4.82E0,-2.29E0,-3.655E0));
#15287=LINE('',#15286,#15285);
#15288=DIRECTION('',(1.E0,0.E0,0.E0));
#15289=VECTOR('',#15288,6.4E-1);
#15290=CARTESIAN_POINT('',(4.18E0,-2.29E0,-3.745E0));
#15291=LINE('',#15290,#15289);
#15292=DIRECTION('',(1.E0,0.E0,0.E0));
#15293=VECTOR('',#15292,6.4E-1);
#15294=CARTESIAN_POINT('',(4.18E0,-1.82E0,-3.655E0));
#15295=LINE('',#15294,#15293);
#15296=DIRECTION('',(0.E0,-1.E0,0.E0));
#15297=VECTOR('',#15296,4.7E-1);
#15298=CARTESIAN_POINT('',(4.18E0,-1.82E0,-3.655E0));
#15299=LINE('',#15298,#15297);
#15300=DIRECTION('',(0.E0,-1.E0,0.E0));
#15301=VECTOR('',#15300,4.7E-1);
#15302=CARTESIAN_POINT('',(4.82E0,-1.82E0,-3.655E0));
#15303=LINE('',#15302,#15301);
#15304=DIRECTION('',(0.E0,0.E0,-1.E0));
#15305=VECTOR('',#15304,9.E-2);
#15306=CARTESIAN_POINT('',(4.82E0,-1.82E0,-3.655E0));
#15307=LINE('',#15306,#15305);
#15308=DIRECTION('',(0.E0,1.E0,0.E0));
#15309=VECTOR('',#15308,4.7E-1);
#15310=CARTESIAN_POINT('',(4.82E0,-2.29E0,-3.745E0));
#15311=LINE('',#15310,#15309);
#15312=DIRECTION('',(-1.E0,0.E0,0.E0));
#15313=VECTOR('',#15312,6.4E-1);
#15314=CARTESIAN_POINT('',(4.82E0,-1.82E0,-3.745E0));
#15315=LINE('',#15314,#15313);
#15316=CARTESIAN_POINT('',(4.18E0,-2.29E0,-3.655E0));
#15317=CARTESIAN_POINT('',(4.82E0,-2.29E0,-3.655E0));
#15318=VERTEX_POINT('',#15316);
#15319=VERTEX_POINT('',#15317);
#15320=CARTESIAN_POINT('',(4.18E0,-2.29E0,-3.745E0));
#15321=VERTEX_POINT('',#15320);
#15322=CARTESIAN_POINT('',(4.82E0,-2.29E0,-3.745E0));
#15323=VERTEX_POINT('',#15322);
#15324=CARTESIAN_POINT('',(4.18E0,-1.82E0,-3.745E0));
#15325=VERTEX_POINT('',#15324);
#15326=CARTESIAN_POINT('',(4.18E0,-1.82E0,-3.655E0));
#15327=VERTEX_POINT('',#15326);
#15328=CARTESIAN_POINT('',(4.82E0,-1.82E0,-3.655E0));
#15329=VERTEX_POINT('',#15328);
#15330=CARTESIAN_POINT('',(4.82E0,-1.82E0,-3.745E0));
#15331=VERTEX_POINT('',#15330);
#15332=CARTESIAN_POINT('',(4.82E0,-1.82E0,2.555E0));
#15333=DIRECTION('',(0.E0,-1.E0,0.E0));
#15334=DIRECTION('',(0.E0,0.E0,-1.E0));
#15335=AXIS2_PLACEMENT_3D('',#15332,#15333,#15334);
#15336=PLANE('',#15335);
#15338=ORIENTED_EDGE('',*,*,#15337,.T.);
#15340=ORIENTED_EDGE('',*,*,#15339,.F.);
#15342=ORIENTED_EDGE('',*,*,#15341,.F.);
#15344=ORIENTED_EDGE('',*,*,#15343,.F.);
#15345=EDGE_LOOP('',(#15338,#15340,#15342,#15344));
#15346=FACE_OUTER_BOUND('',#15345,.F.);
#15347=ADVANCED_FACE('',(#15346),#15336,.F.);
#15348=CARTESIAN_POINT('',(4.18E0,3.43E0,-4.955E0));
#15349=DIRECTION('',(-1.E0,0.E0,0.E0));
#15350=DIRECTION('',(0.E0,0.E0,1.E0));
#15351=AXIS2_PLACEMENT_3D('',#15348,#15349,#15350);
#15352=PLANE('',#15351);
#15354=ORIENTED_EDGE('',*,*,#15353,.F.);
#15356=ORIENTED_EDGE('',*,*,#15355,.T.);
#15357=ORIENTED_EDGE('',*,*,#15337,.F.);
#15359=ORIENTED_EDGE('',*,*,#15358,.T.);
#15360=EDGE_LOOP('',(#15354,#15356,#15357,#15359));
#15361=FACE_OUTER_BOUND('',#15360,.F.);
#15362=ADVANCED_FACE('',(#15361),#15352,.T.);
#15363=CARTESIAN_POINT('',(-1.0825E1,-2.29E0,-4.955E0));
#15364=DIRECTION('',(0.E0,1.E0,0.E0));
#15365=DIRECTION('',(1.E0,0.E0,0.E0));
#15366=AXIS2_PLACEMENT_3D('',#15363,#15364,#15365);
#15367=PLANE('',#15366);
#15368=ORIENTED_EDGE('',*,*,#15353,.T.);
#15370=ORIENTED_EDGE('',*,*,#15369,.T.);
#15372=ORIENTED_EDGE('',*,*,#15371,.T.);
#15374=ORIENTED_EDGE('',*,*,#15373,.F.);
#15375=EDGE_LOOP('',(#15368,#15370,#15372,#15374));
#15376=FACE_OUTER_BOUND('',#15375,.F.);
#15377=ADVANCED_FACE('',(#15376),#15367,.F.);
#15378=CARTESIAN_POINT('',(4.18E0,3.43E0,-3.655E0));
#15379=DIRECTION('',(0.E0,0.E0,1.E0));
#15380=DIRECTION('',(1.E0,0.E0,0.E0));
#15381=AXIS2_PLACEMENT_3D('',#15378,#15379,#15380);
#15382=PLANE('',#15381);
#15383=ORIENTED_EDGE('',*,*,#15343,.T.);
#15385=ORIENTED_EDGE('',*,*,#15384,.T.);
#15386=ORIENTED_EDGE('',*,*,#15369,.F.);
#15387=ORIENTED_EDGE('',*,*,#15358,.F.);
#15388=EDGE_LOOP('',(#15383,#15385,#15386,#15387));
#15389=FACE_OUTER_BOUND('',#15388,.F.);
#15390=ADVANCED_FACE('',(#15389),#15382,.T.);
#15391=CARTESIAN_POINT('',(4.82E0,3.43E0,-3.655E0));
#15392=DIRECTION('',(1.E0,0.E0,0.E0));
#15393=DIRECTION('',(0.E0,0.E0,-1.E0));
#15394=AXIS2_PLACEMENT_3D('',#15391,#15392,#15393);
#15395=PLANE('',#15394);
#15396=ORIENTED_EDGE('',*,*,#15371,.F.);
#15397=ORIENTED_EDGE('',*,*,#15384,.F.);
#15398=ORIENTED_EDGE('',*,*,#15341,.T.);
#15400=ORIENTED_EDGE('',*,*,#15399,.F.);
#15401=EDGE_LOOP('',(#15396,#15397,#15398,#15400));
#15402=FACE_OUTER_BOUND('',#15401,.F.);
#15403=ADVANCED_FACE('',(#15402),#15395,.T.);
#15404=CARTESIAN_POINT('',(4.82E0,-1.82E0,-3.745E0));
#15405=DIRECTION('',(0.E0,0.E0,1.E0));
#15406=DIRECTION('',(0.E0,-1.E0,0.E0));
#15407=AXIS2_PLACEMENT_3D('',#15404,#15405,#15406);
#15408=PLANE('',#15407);
#15409=ORIENTED_EDGE('',*,*,#15373,.T.);
#15410=ORIENTED_EDGE('',*,*,#15399,.T.);
#15411=ORIENTED_EDGE('',*,*,#15339,.T.);
#15412=ORIENTED_EDGE('',*,*,#15355,.F.);
#15413=EDGE_LOOP('',(#15409,#15410,#15411,#15412));
#15414=FACE_OUTER_BOUND('',#15413,.F.);
#15415=ADVANCED_FACE('',(#15414),#15408,.F.);
#15416=CLOSED_SHELL('',(#15347,#15362,#15377,#15390,#15403,#15415));
#15417=DIRECTION('',(0.E0,1.E0,0.E0));
#15418=VECTOR('',#15417,4.7E-1);
#15419=CARTESIAN_POINT('',(1.18E0,-2.29E0,-3.745E0));
#15420=LINE('',#15419,#15418);
#15421=DIRECTION('',(0.E0,0.E0,-1.E0));
#15422=VECTOR('',#15421,9.E-2);
#15423=CARTESIAN_POINT('',(1.18E0,-1.82E0,-3.655E0));
#15424=LINE('',#15423,#15422);
#15425=DIRECTION('',(0.E0,0.E0,1.E0));
#15426=VECTOR('',#15425,9.E-2);
#15427=CARTESIAN_POINT('',(1.18E0,-2.29E0,-3.745E0));
#15428=LINE('',#15427,#15426);
#15429=DIRECTION('',(1.E0,0.E0,0.E0));
#15430=VECTOR('',#15429,6.4E-1);
#15431=CARTESIAN_POINT('',(1.18E0,-2.29E0,-3.655E0));
#15432=LINE('',#15431,#15430);
#15433=DIRECTION('',(0.E0,0.E0,-1.E0));
#15434=VECTOR('',#15433,9.E-2);
#15435=CARTESIAN_POINT('',(1.82E0,-2.29E0,-3.655E0));
#15436=LINE('',#15435,#15434);
#15437=DIRECTION('',(1.E0,0.E0,0.E0));
#15438=VECTOR('',#15437,6.4E-1);
#15439=CARTESIAN_POINT('',(1.18E0,-2.29E0,-3.745E0));
#15440=LINE('',#15439,#15438);
#15441=DIRECTION('',(1.E0,0.E0,0.E0));
#15442=VECTOR('',#15441,6.4E-1);
#15443=CARTESIAN_POINT('',(1.18E0,-1.82E0,-3.655E0));
#15444=LINE('',#15443,#15442);
#15445=DIRECTION('',(0.E0,-1.E0,0.E0));
#15446=VECTOR('',#15445,4.7E-1);
#15447=CARTESIAN_POINT('',(1.18E0,-1.82E0,-3.655E0));
#15448=LINE('',#15447,#15446);
#15449=DIRECTION('',(0.E0,-1.E0,0.E0));
#15450=VECTOR('',#15449,4.7E-1);
#15451=CARTESIAN_POINT('',(1.82E0,-1.82E0,-3.655E0));
#15452=LINE('',#15451,#15450);
#15453=DIRECTION('',(0.E0,0.E0,-1.E0));
#15454=VECTOR('',#15453,9.E-2);
#15455=CARTESIAN_POINT('',(1.82E0,-1.82E0,-3.655E0));
#15456=LINE('',#15455,#15454);
#15457=DIRECTION('',(0.E0,1.E0,0.E0));
#15458=VECTOR('',#15457,4.7E-1);
#15459=CARTESIAN_POINT('',(1.82E0,-2.29E0,-3.745E0));
#15460=LINE('',#15459,#15458);
#15461=DIRECTION('',(-1.E0,0.E0,0.E0));
#15462=VECTOR('',#15461,6.4E-1);
#15463=CARTESIAN_POINT('',(1.82E0,-1.82E0,-3.745E0));
#15464=LINE('',#15463,#15462);
#15465=CARTESIAN_POINT('',(1.18E0,-2.29E0,-3.655E0));
#15466=CARTESIAN_POINT('',(1.82E0,-2.29E0,-3.655E0));
#15467=VERTEX_POINT('',#15465);
#15468=VERTEX_POINT('',#15466);
#15469=CARTESIAN_POINT('',(1.18E0,-2.29E0,-3.745E0));
#15470=VERTEX_POINT('',#15469);
#15471=CARTESIAN_POINT('',(1.82E0,-2.29E0,-3.745E0));
#15472=VERTEX_POINT('',#15471);
#15473=CARTESIAN_POINT('',(1.18E0,-1.82E0,-3.745E0));
#15474=VERTEX_POINT('',#15473);
#15475=CARTESIAN_POINT('',(1.18E0,-1.82E0,-3.655E0));
#15476=VERTEX_POINT('',#15475);
#15477=CARTESIAN_POINT('',(1.82E0,-1.82E0,-3.655E0));
#15478=VERTEX_POINT('',#15477);
#15479=CARTESIAN_POINT('',(1.82E0,-1.82E0,-3.745E0));
#15480=VERTEX_POINT('',#15479);
#15481=CARTESIAN_POINT('',(1.82E0,-1.82E0,2.555E0));
#15482=DIRECTION('',(0.E0,-1.E0,0.E0));
#15483=DIRECTION('',(0.E0,0.E0,-1.E0));
#15484=AXIS2_PLACEMENT_3D('',#15481,#15482,#15483);
#15485=PLANE('',#15484);
#15487=ORIENTED_EDGE('',*,*,#15486,.T.);
#15489=ORIENTED_EDGE('',*,*,#15488,.F.);
#15491=ORIENTED_EDGE('',*,*,#15490,.F.);
#15493=ORIENTED_EDGE('',*,*,#15492,.F.);
#15494=EDGE_LOOP('',(#15487,#15489,#15491,#15493));
#15495=FACE_OUTER_BOUND('',#15494,.F.);
#15496=ADVANCED_FACE('',(#15495),#15485,.F.);
#15497=CARTESIAN_POINT('',(1.18E0,3.43E0,-4.955E0));
#15498=DIRECTION('',(-1.E0,0.E0,0.E0));
#15499=DIRECTION('',(0.E0,0.E0,1.E0));
#15500=AXIS2_PLACEMENT_3D('',#15497,#15498,#15499);
#15501=PLANE('',#15500);
#15503=ORIENTED_EDGE('',*,*,#15502,.F.);
#15505=ORIENTED_EDGE('',*,*,#15504,.T.);
#15506=ORIENTED_EDGE('',*,*,#15486,.F.);
#15508=ORIENTED_EDGE('',*,*,#15507,.T.);
#15509=EDGE_LOOP('',(#15503,#15505,#15506,#15508));
#15510=FACE_OUTER_BOUND('',#15509,.F.);
#15511=ADVANCED_FACE('',(#15510),#15501,.T.);
#15512=CARTESIAN_POINT('',(-1.0825E1,-2.29E0,-4.955E0));
#15513=DIRECTION('',(0.E0,1.E0,0.E0));
#15514=DIRECTION('',(1.E0,0.E0,0.E0));
#15515=AXIS2_PLACEMENT_3D('',#15512,#15513,#15514);
#15516=PLANE('',#15515);
#15517=ORIENTED_EDGE('',*,*,#15502,.T.);
#15519=ORIENTED_EDGE('',*,*,#15518,.T.);
#15521=ORIENTED_EDGE('',*,*,#15520,.T.);
#15523=ORIENTED_EDGE('',*,*,#15522,.F.);
#15524=EDGE_LOOP('',(#15517,#15519,#15521,#15523));
#15525=FACE_OUTER_BOUND('',#15524,.F.);
#15526=ADVANCED_FACE('',(#15525),#15516,.F.);
#15527=CARTESIAN_POINT('',(1.18E0,3.43E0,-3.655E0));
#15528=DIRECTION('',(0.E0,0.E0,1.E0));
#15529=DIRECTION('',(1.E0,0.E0,0.E0));
#15530=AXIS2_PLACEMENT_3D('',#15527,#15528,#15529);
#15531=PLANE('',#15530);
#15532=ORIENTED_EDGE('',*,*,#15492,.T.);
#15534=ORIENTED_EDGE('',*,*,#15533,.T.);
#15535=ORIENTED_EDGE('',*,*,#15518,.F.);
#15536=ORIENTED_EDGE('',*,*,#15507,.F.);
#15537=EDGE_LOOP('',(#15532,#15534,#15535,#15536));
#15538=FACE_OUTER_BOUND('',#15537,.F.);
#15539=ADVANCED_FACE('',(#15538),#15531,.T.);
#15540=CARTESIAN_POINT('',(1.82E0,3.43E0,-3.655E0));
#15541=DIRECTION('',(1.E0,0.E0,0.E0));
#15542=DIRECTION('',(0.E0,0.E0,-1.E0));
#15543=AXIS2_PLACEMENT_3D('',#15540,#15541,#15542);
#15544=PLANE('',#15543);
#15545=ORIENTED_EDGE('',*,*,#15520,.F.);
#15546=ORIENTED_EDGE('',*,*,#15533,.F.);
#15547=ORIENTED_EDGE('',*,*,#15490,.T.);
#15549=ORIENTED_EDGE('',*,*,#15548,.F.);
#15550=EDGE_LOOP('',(#15545,#15546,#15547,#15549));
#15551=FACE_OUTER_BOUND('',#15550,.F.);
#15552=ADVANCED_FACE('',(#15551),#15544,.T.);
#15553=CARTESIAN_POINT('',(1.82E0,-1.82E0,-3.745E0));
#15554=DIRECTION('',(0.E0,0.E0,1.E0));
#15555=DIRECTION('',(0.E0,-1.E0,0.E0));
#15556=AXIS2_PLACEMENT_3D('',#15553,#15554,#15555);
#15557=PLANE('',#15556);
#15558=ORIENTED_EDGE('',*,*,#15522,.T.);
#15559=ORIENTED_EDGE('',*,*,#15548,.T.);
#15560=ORIENTED_EDGE('',*,*,#15488,.T.);
#15561=ORIENTED_EDGE('',*,*,#15504,.F.);
#15562=EDGE_LOOP('',(#15558,#15559,#15560,#15561));
#15563=FACE_OUTER_BOUND('',#15562,.F.);
#15564=ADVANCED_FACE('',(#15563),#15557,.F.);
#15565=CLOSED_SHELL('',(#15496,#15511,#15526,#15539,#15552,#15564));
#15566=DIRECTION('',(0.E0,1.E0,0.E0));
#15567=VECTOR('',#15566,4.7E-1);
#15568=CARTESIAN_POINT('',(-1.82E0,-2.29E0,-3.745E0));
#15569=LINE('',#15568,#15567);
#15570=DIRECTION('',(0.E0,0.E0,-1.E0));
#15571=VECTOR('',#15570,9.E-2);
#15572=CARTESIAN_POINT('',(-1.82E0,-1.82E0,-3.655E0));
#15573=LINE('',#15572,#15571);
#15574=DIRECTION('',(0.E0,0.E0,1.E0));
#15575=VECTOR('',#15574,9.E-2);
#15576=CARTESIAN_POINT('',(-1.82E0,-2.29E0,-3.745E0));
#15577=LINE('',#15576,#15575);
#15578=DIRECTION('',(1.E0,0.E0,0.E0));
#15579=VECTOR('',#15578,6.4E-1);
#15580=CARTESIAN_POINT('',(-1.82E0,-2.29E0,-3.655E0));
#15581=LINE('',#15580,#15579);
#15582=DIRECTION('',(0.E0,0.E0,-1.E0));
#15583=VECTOR('',#15582,9.E-2);
#15584=CARTESIAN_POINT('',(-1.18E0,-2.29E0,-3.655E0));
#15585=LINE('',#15584,#15583);
#15586=DIRECTION('',(1.E0,0.E0,0.E0));
#15587=VECTOR('',#15586,6.4E-1);
#15588=CARTESIAN_POINT('',(-1.82E0,-2.29E0,-3.745E0));
#15589=LINE('',#15588,#15587);
#15590=DIRECTION('',(1.E0,0.E0,0.E0));
#15591=VECTOR('',#15590,6.4E-1);
#15592=CARTESIAN_POINT('',(-1.82E0,-1.82E0,-3.655E0));
#15593=LINE('',#15592,#15591);
#15594=DIRECTION('',(0.E0,-1.E0,0.E0));
#15595=VECTOR('',#15594,4.7E-1);
#15596=CARTESIAN_POINT('',(-1.82E0,-1.82E0,-3.655E0));
#15597=LINE('',#15596,#15595);
#15598=DIRECTION('',(0.E0,-1.E0,0.E0));
#15599=VECTOR('',#15598,4.7E-1);
#15600=CARTESIAN_POINT('',(-1.18E0,-1.82E0,-3.655E0));
#15601=LINE('',#15600,#15599);
#15602=DIRECTION('',(0.E0,0.E0,-1.E0));
#15603=VECTOR('',#15602,9.E-2);
#15604=CARTESIAN_POINT('',(-1.18E0,-1.82E0,-3.655E0));
#15605=LINE('',#15604,#15603);
#15606=DIRECTION('',(0.E0,1.E0,0.E0));
#15607=VECTOR('',#15606,4.7E-1);
#15608=CARTESIAN_POINT('',(-1.18E0,-2.29E0,-3.745E0));
#15609=LINE('',#15608,#15607);
#15610=DIRECTION('',(-1.E0,0.E0,0.E0));
#15611=VECTOR('',#15610,6.4E-1);
#15612=CARTESIAN_POINT('',(-1.18E0,-1.82E0,-3.745E0));
#15613=LINE('',#15612,#15611);
#15614=CARTESIAN_POINT('',(-1.82E0,-2.29E0,-3.655E0));
#15615=CARTESIAN_POINT('',(-1.18E0,-2.29E0,-3.655E0));
#15616=VERTEX_POINT('',#15614);
#15617=VERTEX_POINT('',#15615);
#15618=CARTESIAN_POINT('',(-1.82E0,-2.29E0,-3.745E0));
#15619=VERTEX_POINT('',#15618);
#15620=CARTESIAN_POINT('',(-1.18E0,-2.29E0,-3.745E0));
#15621=VERTEX_POINT('',#15620);
#15622=CARTESIAN_POINT('',(-1.82E0,-1.82E0,-3.745E0));
#15623=VERTEX_POINT('',#15622);
#15624=CARTESIAN_POINT('',(-1.82E0,-1.82E0,-3.655E0));
#15625=VERTEX_POINT('',#15624);
#15626=CARTESIAN_POINT('',(-1.18E0,-1.82E0,-3.655E0));
#15627=VERTEX_POINT('',#15626);
#15628=CARTESIAN_POINT('',(-1.18E0,-1.82E0,-3.745E0));
#15629=VERTEX_POINT('',#15628);
#15630=CARTESIAN_POINT('',(-1.18E0,-1.82E0,2.555E0));
#15631=DIRECTION('',(0.E0,-1.E0,0.E0));
#15632=DIRECTION('',(0.E0,0.E0,-1.E0));
#15633=AXIS2_PLACEMENT_3D('',#15630,#15631,#15632);
#15634=PLANE('',#15633);
#15636=ORIENTED_EDGE('',*,*,#15635,.T.);
#15638=ORIENTED_EDGE('',*,*,#15637,.F.);
#15640=ORIENTED_EDGE('',*,*,#15639,.F.);
#15642=ORIENTED_EDGE('',*,*,#15641,.F.);
#15643=EDGE_LOOP('',(#15636,#15638,#15640,#15642));
#15644=FACE_OUTER_BOUND('',#15643,.F.);
#15645=ADVANCED_FACE('',(#15644),#15634,.F.);
#15646=CARTESIAN_POINT('',(-1.82E0,3.43E0,-4.955E0));
#15647=DIRECTION('',(-1.E0,0.E0,0.E0));
#15648=DIRECTION('',(0.E0,0.E0,1.E0));
#15649=AXIS2_PLACEMENT_3D('',#15646,#15647,#15648);
#15650=PLANE('',#15649);
#15652=ORIENTED_EDGE('',*,*,#15651,.F.);
#15654=ORIENTED_EDGE('',*,*,#15653,.T.);
#15655=ORIENTED_EDGE('',*,*,#15635,.F.);
#15657=ORIENTED_EDGE('',*,*,#15656,.T.);
#15658=EDGE_LOOP('',(#15652,#15654,#15655,#15657));
#15659=FACE_OUTER_BOUND('',#15658,.F.);
#15660=ADVANCED_FACE('',(#15659),#15650,.T.);
#15661=CARTESIAN_POINT('',(-1.0825E1,-2.29E0,-4.955E0));
#15662=DIRECTION('',(0.E0,1.E0,0.E0));
#15663=DIRECTION('',(1.E0,0.E0,0.E0));
#15664=AXIS2_PLACEMENT_3D('',#15661,#15662,#15663);
#15665=PLANE('',#15664);
#15666=ORIENTED_EDGE('',*,*,#15651,.T.);
#15668=ORIENTED_EDGE('',*,*,#15667,.T.);
#15670=ORIENTED_EDGE('',*,*,#15669,.T.);
#15672=ORIENTED_EDGE('',*,*,#15671,.F.);
#15673=EDGE_LOOP('',(#15666,#15668,#15670,#15672));
#15674=FACE_OUTER_BOUND('',#15673,.F.);
#15675=ADVANCED_FACE('',(#15674),#15665,.F.);
#15676=CARTESIAN_POINT('',(-1.82E0,3.43E0,-3.655E0));
#15677=DIRECTION('',(0.E0,0.E0,1.E0));
#15678=DIRECTION('',(1.E0,0.E0,0.E0));
#15679=AXIS2_PLACEMENT_3D('',#15676,#15677,#15678);
#15680=PLANE('',#15679);
#15681=ORIENTED_EDGE('',*,*,#15641,.T.);
#15683=ORIENTED_EDGE('',*,*,#15682,.T.);
#15684=ORIENTED_EDGE('',*,*,#15667,.F.);
#15685=ORIENTED_EDGE('',*,*,#15656,.F.);
#15686=EDGE_LOOP('',(#15681,#15683,#15684,#15685));
#15687=FACE_OUTER_BOUND('',#15686,.F.);
#15688=ADVANCED_FACE('',(#15687),#15680,.T.);
#15689=CARTESIAN_POINT('',(-1.18E0,3.43E0,-3.655E0));
#15690=DIRECTION('',(1.E0,0.E0,0.E0));
#15691=DIRECTION('',(0.E0,0.E0,-1.E0));
#15692=AXIS2_PLACEMENT_3D('',#15689,#15690,#15691);
#15693=PLANE('',#15692);
#15694=ORIENTED_EDGE('',*,*,#15669,.F.);
#15695=ORIENTED_EDGE('',*,*,#15682,.F.);
#15696=ORIENTED_EDGE('',*,*,#15639,.T.);
#15698=ORIENTED_EDGE('',*,*,#15697,.F.);
#15699=EDGE_LOOP('',(#15694,#15695,#15696,#15698));
#15700=FACE_OUTER_BOUND('',#15699,.F.);
#15701=ADVANCED_FACE('',(#15700),#15693,.T.);
#15702=CARTESIAN_POINT('',(-1.18E0,-1.82E0,-3.745E0));
#15703=DIRECTION('',(0.E0,0.E0,1.E0));
#15704=DIRECTION('',(0.E0,-1.E0,0.E0));
#15705=AXIS2_PLACEMENT_3D('',#15702,#15703,#15704);
#15706=PLANE('',#15705);
#15707=ORIENTED_EDGE('',*,*,#15671,.T.);
#15708=ORIENTED_EDGE('',*,*,#15697,.T.);
#15709=ORIENTED_EDGE('',*,*,#15637,.T.);
#15710=ORIENTED_EDGE('',*,*,#15653,.F.);
#15711=EDGE_LOOP('',(#15707,#15708,#15709,#15710));
#15712=FACE_OUTER_BOUND('',#15711,.F.);
#15713=ADVANCED_FACE('',(#15712),#15706,.F.);
#15714=CLOSED_SHELL('',(#15645,#15660,#15675,#15688,#15701,#15713));
#15715=DIRECTION('',(0.E0,1.E0,0.E0));
#15716=VECTOR('',#15715,4.7E-1);
#15717=CARTESIAN_POINT('',(-4.82E0,-2.29E0,-3.745E0));
#15718=LINE('',#15717,#15716);
#15719=DIRECTION('',(0.E0,0.E0,-1.E0));
#15720=VECTOR('',#15719,9.E-2);
#15721=CARTESIAN_POINT('',(-4.82E0,-1.82E0,-3.655E0));
#15722=LINE('',#15721,#15720);
#15723=DIRECTION('',(0.E0,0.E0,1.E0));
#15724=VECTOR('',#15723,9.E-2);
#15725=CARTESIAN_POINT('',(-4.82E0,-2.29E0,-3.745E0));
#15726=LINE('',#15725,#15724);
#15727=DIRECTION('',(1.E0,0.E0,0.E0));
#15728=VECTOR('',#15727,6.4E-1);
#15729=CARTESIAN_POINT('',(-4.82E0,-2.29E0,-3.655E0));
#15730=LINE('',#15729,#15728);
#15731=DIRECTION('',(0.E0,0.E0,-1.E0));
#15732=VECTOR('',#15731,9.E-2);
#15733=CARTESIAN_POINT('',(-4.18E0,-2.29E0,-3.655E0));
#15734=LINE('',#15733,#15732);
#15735=DIRECTION('',(1.E0,0.E0,0.E0));
#15736=VECTOR('',#15735,6.4E-1);
#15737=CARTESIAN_POINT('',(-4.82E0,-2.29E0,-3.745E0));
#15738=LINE('',#15737,#15736);
#15739=DIRECTION('',(1.E0,0.E0,0.E0));
#15740=VECTOR('',#15739,6.4E-1);
#15741=CARTESIAN_POINT('',(-4.82E0,-1.82E0,-3.655E0));
#15742=LINE('',#15741,#15740);
#15743=DIRECTION('',(0.E0,-1.E0,0.E0));
#15744=VECTOR('',#15743,4.7E-1);
#15745=CARTESIAN_POINT('',(-4.82E0,-1.82E0,-3.655E0));
#15746=LINE('',#15745,#15744);
#15747=DIRECTION('',(0.E0,-1.E0,0.E0));
#15748=VECTOR('',#15747,4.7E-1);
#15749=CARTESIAN_POINT('',(-4.18E0,-1.82E0,-3.655E0));
#15750=LINE('',#15749,#15748);
#15751=DIRECTION('',(0.E0,0.E0,-1.E0));
#15752=VECTOR('',#15751,9.E-2);
#15753=CARTESIAN_POINT('',(-4.18E0,-1.82E0,-3.655E0));
#15754=LINE('',#15753,#15752);
#15755=DIRECTION('',(0.E0,1.E0,0.E0));
#15756=VECTOR('',#15755,4.7E-1);
#15757=CARTESIAN_POINT('',(-4.18E0,-2.29E0,-3.745E0));
#15758=LINE('',#15757,#15756);
#15759=DIRECTION('',(-1.E0,0.E0,0.E0));
#15760=VECTOR('',#15759,6.4E-1);
#15761=CARTESIAN_POINT('',(-4.18E0,-1.82E0,-3.745E0));
#15762=LINE('',#15761,#15760);
#15763=CARTESIAN_POINT('',(-4.82E0,-2.29E0,-3.655E0));
#15764=CARTESIAN_POINT('',(-4.18E0,-2.29E0,-3.655E0));
#15765=VERTEX_POINT('',#15763);
#15766=VERTEX_POINT('',#15764);
#15767=CARTESIAN_POINT('',(-4.82E0,-2.29E0,-3.745E0));
#15768=VERTEX_POINT('',#15767);
#15769=CARTESIAN_POINT('',(-4.18E0,-2.29E0,-3.745E0));
#15770=VERTEX_POINT('',#15769);
#15771=CARTESIAN_POINT('',(-4.82E0,-1.82E0,-3.745E0));
#15772=VERTEX_POINT('',#15771);
#15773=CARTESIAN_POINT('',(-4.82E0,-1.82E0,-3.655E0));
#15774=VERTEX_POINT('',#15773);
#15775=CARTESIAN_POINT('',(-4.18E0,-1.82E0,-3.655E0));
#15776=VERTEX_POINT('',#15775);
#15777=CARTESIAN_POINT('',(-4.18E0,-1.82E0,-3.745E0));
#15778=VERTEX_POINT('',#15777);
#15779=CARTESIAN_POINT('',(-4.18E0,-1.82E0,2.555E0));
#15780=DIRECTION('',(0.E0,-1.E0,0.E0));
#15781=DIRECTION('',(0.E0,0.E0,-1.E0));
#15782=AXIS2_PLACEMENT_3D('',#15779,#15780,#15781);
#15783=PLANE('',#15782);
#15785=ORIENTED_EDGE('',*,*,#15784,.T.);
#15787=ORIENTED_EDGE('',*,*,#15786,.F.);
#15789=ORIENTED_EDGE('',*,*,#15788,.F.);
#15791=ORIENTED_EDGE('',*,*,#15790,.F.);
#15792=EDGE_LOOP('',(#15785,#15787,#15789,#15791));
#15793=FACE_OUTER_BOUND('',#15792,.F.);
#15794=ADVANCED_FACE('',(#15793),#15783,.F.);
#15795=CARTESIAN_POINT('',(-4.82E0,3.43E0,-4.955E0));
#15796=DIRECTION('',(-1.E0,0.E0,0.E0));
#15797=DIRECTION('',(0.E0,0.E0,1.E0));
#15798=AXIS2_PLACEMENT_3D('',#15795,#15796,#15797);
#15799=PLANE('',#15798);
#15801=ORIENTED_EDGE('',*,*,#15800,.F.);
#15803=ORIENTED_EDGE('',*,*,#15802,.T.);
#15804=ORIENTED_EDGE('',*,*,#15784,.F.);
#15806=ORIENTED_EDGE('',*,*,#15805,.T.);
#15807=EDGE_LOOP('',(#15801,#15803,#15804,#15806));
#15808=FACE_OUTER_BOUND('',#15807,.F.);
#15809=ADVANCED_FACE('',(#15808),#15799,.T.);
#15810=CARTESIAN_POINT('',(-1.0825E1,-2.29E0,-4.955E0));
#15811=DIRECTION('',(0.E0,1.E0,0.E0));
#15812=DIRECTION('',(1.E0,0.E0,0.E0));
#15813=AXIS2_PLACEMENT_3D('',#15810,#15811,#15812);
#15814=PLANE('',#15813);
#15815=ORIENTED_EDGE('',*,*,#15800,.T.);
#15817=ORIENTED_EDGE('',*,*,#15816,.T.);
#15819=ORIENTED_EDGE('',*,*,#15818,.T.);
#15821=ORIENTED_EDGE('',*,*,#15820,.F.);
#15822=EDGE_LOOP('',(#15815,#15817,#15819,#15821));
#15823=FACE_OUTER_BOUND('',#15822,.F.);
#15824=ADVANCED_FACE('',(#15823),#15814,.F.);
#15825=CARTESIAN_POINT('',(-4.82E0,3.43E0,-3.655E0));
#15826=DIRECTION('',(0.E0,0.E0,1.E0));
#15827=DIRECTION('',(1.E0,0.E0,0.E0));
#15828=AXIS2_PLACEMENT_3D('',#15825,#15826,#15827);
#15829=PLANE('',#15828);
#15830=ORIENTED_EDGE('',*,*,#15790,.T.);
#15832=ORIENTED_EDGE('',*,*,#15831,.T.);
#15833=ORIENTED_EDGE('',*,*,#15816,.F.);
#15834=ORIENTED_EDGE('',*,*,#15805,.F.);
#15835=EDGE_LOOP('',(#15830,#15832,#15833,#15834));
#15836=FACE_OUTER_BOUND('',#15835,.F.);
#15837=ADVANCED_FACE('',(#15836),#15829,.T.);
#15838=CARTESIAN_POINT('',(-4.18E0,3.43E0,-3.655E0));
#15839=DIRECTION('',(1.E0,0.E0,0.E0));
#15840=DIRECTION('',(0.E0,0.E0,-1.E0));
#15841=AXIS2_PLACEMENT_3D('',#15838,#15839,#15840);
#15842=PLANE('',#15841);
#15843=ORIENTED_EDGE('',*,*,#15818,.F.);
#15844=ORIENTED_EDGE('',*,*,#15831,.F.);
#15845=ORIENTED_EDGE('',*,*,#15788,.T.);
#15847=ORIENTED_EDGE('',*,*,#15846,.F.);
#15848=EDGE_LOOP('',(#15843,#15844,#15845,#15847));
#15849=FACE_OUTER_BOUND('',#15848,.F.);
#15850=ADVANCED_FACE('',(#15849),#15842,.T.);
#15851=CARTESIAN_POINT('',(-4.18E0,-1.82E0,-3.745E0));
#15852=DIRECTION('',(0.E0,0.E0,1.E0));
#15853=DIRECTION('',(0.E0,-1.E0,0.E0));
#15854=AXIS2_PLACEMENT_3D('',#15851,#15852,#15853);
#15855=PLANE('',#15854);
#15856=ORIENTED_EDGE('',*,*,#15820,.T.);
#15857=ORIENTED_EDGE('',*,*,#15846,.T.);
#15858=ORIENTED_EDGE('',*,*,#15786,.T.);
#15859=ORIENTED_EDGE('',*,*,#15802,.F.);
#15860=EDGE_LOOP('',(#15856,#15857,#15858,#15859));
#15861=FACE_OUTER_BOUND('',#15860,.F.);
#15862=ADVANCED_FACE('',(#15861),#15855,.F.);
#15863=CLOSED_SHELL('',(#15794,#15809,#15824,#15837,#15850,#15862));
#15864=DIRECTION('',(1.E0,0.E0,0.E0));
#15865=VECTOR('',#15864,6.4E-1);
#15866=CARTESIAN_POINT('',(-7.82E0,-2.29E0,-3.745E0));
#15867=LINE('',#15866,#15865);
#15868=DIRECTION('',(0.E0,0.E0,1.E0));
#15869=VECTOR('',#15868,9.E-2);
#15870=CARTESIAN_POINT('',(-7.82E0,-2.29E0,-3.745E0));
#15871=LINE('',#15870,#15869);
#15872=DIRECTION('',(1.E0,0.E0,0.E0));
#15873=VECTOR('',#15872,6.4E-1);
#15874=CARTESIAN_POINT('',(-7.82E0,-2.29E0,-3.655E0));
#15875=LINE('',#15874,#15873);
#15876=DIRECTION('',(0.E0,0.E0,-1.E0));
#15877=VECTOR('',#15876,9.E-2);
#15878=CARTESIAN_POINT('',(-7.18E0,-2.29E0,-3.655E0));
#15879=LINE('',#15878,#15877);
#15880=DIRECTION('',(-1.E0,0.E0,0.E0));
#15881=VECTOR('',#15880,6.4E-1);
#15882=CARTESIAN_POINT('',(-7.18E0,-1.82E0,-3.745E0));
#15883=LINE('',#15882,#15881);
#15884=DIRECTION('',(0.E0,1.E0,0.E0));
#15885=VECTOR('',#15884,4.7E-1);
#15886=CARTESIAN_POINT('',(-7.18E0,-2.29E0,-3.745E0));
#15887=LINE('',#15886,#15885);
#15888=DIRECTION('',(0.E0,-1.E0,0.E0));
#15889=VECTOR('',#15888,4.7E-1);
#15890=CARTESIAN_POINT('',(-7.18E0,-1.82E0,-3.655E0));
#15891=LINE('',#15890,#15889);
#15892=DIRECTION('',(0.E0,0.E0,-1.E0));
#15893=VECTOR('',#15892,9.E-2);
#15894=CARTESIAN_POINT('',(-7.18E0,-1.82E0,-3.655E0));
#15895=LINE('',#15894,#15893);
#15896=DIRECTION('',(1.E0,0.E0,0.E0));
#15897=VECTOR('',#15896,6.4E-1);
#15898=CARTESIAN_POINT('',(-7.82E0,-1.82E0,-3.655E0));
#15899=LINE('',#15898,#15897);
#15900=DIRECTION('',(0.E0,-1.E0,0.E0));
#15901=VECTOR('',#15900,4.7E-1);
#15902=CARTESIAN_POINT('',(-7.82E0,-1.82E0,-3.655E0));
#15903=LINE('',#15902,#15901);
#15904=DIRECTION('',(0.E0,1.E0,0.E0));
#15905=VECTOR('',#15904,4.7E-1);
#15906=CARTESIAN_POINT('',(-7.82E0,-2.29E0,-3.745E0));
#15907=LINE('',#15906,#15905);
#15908=DIRECTION('',(0.E0,0.E0,-1.E0));
#15909=VECTOR('',#15908,9.E-2);
#15910=CARTESIAN_POINT('',(-7.82E0,-1.82E0,-3.655E0));
#15911=LINE('',#15910,#15909);
#15912=CARTESIAN_POINT('',(-7.82E0,-2.29E0,-3.655E0));
#15913=CARTESIAN_POINT('',(-7.18E0,-2.29E0,-3.655E0));
#15914=VERTEX_POINT('',#15912);
#15915=VERTEX_POINT('',#15913);
#15916=CARTESIAN_POINT('',(-7.82E0,-2.29E0,-3.745E0));
#15917=CARTESIAN_POINT('',(-7.18E0,-2.29E0,-3.745E0));
#15918=VERTEX_POINT('',#15916);
#15919=VERTEX_POINT('',#15917);
#15920=CARTESIAN_POINT('',(-7.82E0,-1.82E0,-3.745E0));
#15921=VERTEX_POINT('',#15920);
#15922=CARTESIAN_POINT('',(-7.82E0,-1.82E0,-3.655E0));
#15923=VERTEX_POINT('',#15922);
#15924=CARTESIAN_POINT('',(-7.18E0,-1.82E0,-3.655E0));
#15925=VERTEX_POINT('',#15924);
#15926=CARTESIAN_POINT('',(-7.18E0,-1.82E0,-3.745E0));
#15927=VERTEX_POINT('',#15926);
#15928=CARTESIAN_POINT('',(-1.0825E1,-2.29E0,-4.955E0));
#15929=DIRECTION('',(0.E0,1.E0,0.E0));
#15930=DIRECTION('',(1.E0,0.E0,0.E0));
#15931=AXIS2_PLACEMENT_3D('',#15928,#15929,#15930);
#15932=PLANE('',#15931);
#15934=ORIENTED_EDGE('',*,*,#15933,.F.);
#15936=ORIENTED_EDGE('',*,*,#15935,.T.);
#15938=ORIENTED_EDGE('',*,*,#15937,.T.);
#15940=ORIENTED_EDGE('',*,*,#15939,.T.);
#15941=EDGE_LOOP('',(#15934,#15936,#15938,#15940));
#15942=FACE_OUTER_BOUND('',#15941,.F.);
#15943=ADVANCED_FACE('',(#15942),#15932,.F.);
#15944=CARTESIAN_POINT('',(-7.18E0,-1.82E0,-3.745E0));
#15945=DIRECTION('',(0.E0,0.E0,1.E0));
#15946=DIRECTION('',(0.E0,-1.E0,0.E0));
#15947=AXIS2_PLACEMENT_3D('',#15944,#15945,#15946);
#15948=PLANE('',#15947);
#15949=ORIENTED_EDGE('',*,*,#15933,.T.);
#15951=ORIENTED_EDGE('',*,*,#15950,.T.);
#15953=ORIENTED_EDGE('',*,*,#15952,.T.);
#15955=ORIENTED_EDGE('',*,*,#15954,.F.);
#15956=EDGE_LOOP('',(#15949,#15951,#15953,#15955));
#15957=FACE_OUTER_BOUND('',#15956,.F.);
#15958=ADVANCED_FACE('',(#15957),#15948,.F.);
#15959=CARTESIAN_POINT('',(-7.18E0,3.43E0,-3.655E0));
#15960=DIRECTION('',(1.E0,0.E0,0.E0));
#15961=DIRECTION('',(0.E0,0.E0,-1.E0));
#15962=AXIS2_PLACEMENT_3D('',#15959,#15960,#15961);
#15963=PLANE('',#15962);
#15964=ORIENTED_EDGE('',*,*,#15950,.F.);
#15965=ORIENTED_EDGE('',*,*,#15939,.F.);
#15967=ORIENTED_EDGE('',*,*,#15966,.F.);
#15969=ORIENTED_EDGE('',*,*,#15968,.T.);
#15970=EDGE_LOOP('',(#15964,#15965,#15967,#15969));
#15971=FACE_OUTER_BOUND('',#15970,.F.);
#15972=ADVANCED_FACE('',(#15971),#15963,.T.);
#15973=CARTESIAN_POINT('',(-7.82E0,3.43E0,-3.655E0));
#15974=DIRECTION('',(0.E0,0.E0,1.E0));
#15975=DIRECTION('',(1.E0,0.E0,0.E0));
#15976=AXIS2_PLACEMENT_3D('',#15973,#15974,#15975);
#15977=PLANE('',#15976);
#15979=ORIENTED_EDGE('',*,*,#15978,.T.);
#15980=ORIENTED_EDGE('',*,*,#15966,.T.);
#15981=ORIENTED_EDGE('',*,*,#15937,.F.);
#15983=ORIENTED_EDGE('',*,*,#15982,.F.);
#15984=EDGE_LOOP('',(#15979,#15980,#15981,#15983));
#15985=FACE_OUTER_BOUND('',#15984,.F.);
#15986=ADVANCED_FACE('',(#15985),#15977,.T.);
#15987=CARTESIAN_POINT('',(-7.18E0,-1.82E0,2.555E0));
#15988=DIRECTION('',(0.E0,-1.E0,0.E0));
#15989=DIRECTION('',(0.E0,0.E0,-1.E0));
#15990=AXIS2_PLACEMENT_3D('',#15987,#15988,#15989);
#15991=PLANE('',#15990);
#15993=ORIENTED_EDGE('',*,*,#15992,.T.);
#15994=ORIENTED_EDGE('',*,*,#15952,.F.);
#15995=ORIENTED_EDGE('',*,*,#15968,.F.);
#15996=ORIENTED_EDGE('',*,*,#15978,.F.);
#15997=EDGE_LOOP('',(#15993,#15994,#15995,#15996));
#15998=FACE_OUTER_BOUND('',#15997,.F.);
#15999=ADVANCED_FACE('',(#15998),#15991,.F.);
#16000=CARTESIAN_POINT('',(-7.82E0,3.43E0,-4.955E0));
#16001=DIRECTION('',(-1.E0,0.E0,0.E0));
#16002=DIRECTION('',(0.E0,0.E0,1.E0));
#16003=AXIS2_PLACEMENT_3D('',#16000,#16001,#16002);
#16004=PLANE('',#16003);
#16005=ORIENTED_EDGE('',*,*,#15954,.T.);
#16006=ORIENTED_EDGE('',*,*,#15992,.F.);
#16007=ORIENTED_EDGE('',*,*,#15982,.T.);
#16008=ORIENTED_EDGE('',*,*,#15935,.F.);
#16009=EDGE_LOOP('',(#16005,#16006,#16007,#16008));
#16010=FACE_OUTER_BOUND('',#16009,.F.);
#16011=ADVANCED_FACE('',(#16010),#16004,.T.);
#16012=CLOSED_SHELL('',(#15943,#15958,#15972,#15986,#15999,#16011));
#16013=ORIENTED_CLOSED_SHELL('',*,#15267,.F.);
#16014=ORIENTED_CLOSED_SHELL('',*,#15416,.F.);
#16015=ORIENTED_CLOSED_SHELL('',*,#15565,.F.);
#16016=ORIENTED_CLOSED_SHELL('',*,#15714,.F.);
#16017=ORIENTED_CLOSED_SHELL('',*,#15863,.F.);
#16018=ORIENTED_CLOSED_SHELL('',*,#16012,.F.);
#16019=BREP_WITH_VOIDS('',#15118,(#16013,#16014,#16015,#16016,#16017,#16018));
#16020=CARTESIAN_POINT('',(0.E0,0.E0,0.E0));
#16021=DIRECTION('',(0.E0,0.E0,1.E0));
#16022=DIRECTION('',(1.E0,0.E0,0.E0));
#16023=AXIS2_PLACEMENT_3D('CSYS',#16020,#16021,#16022);
#16024=DIRECTION('',(0.E0,0.E0,1.E0));
#16025=VECTOR('',#16024,7.779642857143E0);
#16026=CARTESIAN_POINT('',(1.0825E1,-2.93E0,-3.355E0));
#16027=LINE('',#16026,#16025);
#16030=DIRECTION('',(0.E0,0.E0,1.E0));
#16031=VECTOR('',#16030,7.779642857143E0);
#16032=CARTESIAN_POINT('',(-1.0825E1,-2.93E0,-3.355E0));
#16033=LINE('',#16032,#16031);
#16035=DIRECTION('',(0.E0,0.E0,-1.E0));
#16036=VECTOR('',#16035,1.65E0);
#16037=CARTESIAN_POINT('',(-1.31E1,-3.94E0,1.18E0));
#16038=LINE('',#16037,#16036);
#16041=DIRECTION('',(1.E0,0.E0,0.E0));
#16042=VECTOR('',#16041,3.43E0);
#16043=CARTESIAN_POINT('',(-1.31E1,-3.94E0,-4.7E-1));
#16044=LINE('',#16043,#16042);
#16047=DIRECTION('',(0.E0,0.E0,1.E0));
#16048=VECTOR('',#16047,1.65E0);
#16049=CARTESIAN_POINT('',(-9.67E0,-3.94E0,-4.7E-1));
#16050=LINE('',#16049,#16048);
#16053=DIRECTION('',(-1.E0,0.E0,0.E0));
#16054=VECTOR('',#16053,3.43E0);
#16055=CARTESIAN_POINT('',(-9.67E0,-3.94E0,1.18E0));
#16056=LINE('',#16055,#16054);
#16060=DIRECTION('',(-1.E0,0.E0,0.E0));
#16061=VECTOR('',#16060,3.43E0);
#16062=CARTESIAN_POINT('',(1.31E1,-3.94E0,1.18E0));
#16063=LINE('',#16062,#16061);
#16066=DIRECTION('',(0.E0,0.E0,-1.E0));
#16067=VECTOR('',#16066,1.65E0);
#16068=CARTESIAN_POINT('',(9.67E0,-3.94E0,1.18E0));
#16069=LINE('',#16068,#16067);
#16072=DIRECTION('',(1.E0,0.E0,0.E0));
#16073=VECTOR('',#16072,3.43E0);
#16074=CARTESIAN_POINT('',(9.67E0,-3.94E0,-4.7E-1));
#16075=LINE('',#16074,#16073);
#16078=DIRECTION('',(0.E0,0.E0,1.E0));
#16079=VECTOR('',#16078,1.65E0);
#16080=CARTESIAN_POINT('',(1.31E1,-3.94E0,-4.7E-1));
#16081=LINE('',#16080,#16079);
#16085=DIRECTION('',(0.E0,0.E0,-1.E0));
#16086=VECTOR('',#16085,2.92E0);
#16087=CARTESIAN_POINT('',(6.865E0,-3.94E0,-3.655E0));
#16088=LINE('',#16087,#16086);
#16091=DIRECTION('',(1.E0,0.E0,0.E0));
#16092=VECTOR('',#16091,1.27E0);
#16093=CARTESIAN_POINT('',(6.865E0,-3.94E0,-6.575E0));
#16094=LINE('',#16093,#16092);
#16097=DIRECTION('',(0.E0,0.E0,1.E0));
#16098=VECTOR('',#16097,2.92E0);
#16099=CARTESIAN_POINT('',(8.135E0,-3.94E0,-6.575E0));
#16100=LINE('',#16099,#16098);
#16103=DIRECTION('',(-1.E0,0.E0,0.E0));
#16104=VECTOR('',#16103,1.27E0);
#16105=CARTESIAN_POINT('',(8.135E0,-3.94E0,-3.655E0));
#16106=LINE('',#16105,#16104);
#16110=DIRECTION('',(0.E0,0.E0,-1.E0));
#16111=VECTOR('',#16110,2.92E0);
#16112=CARTESIAN_POINT('',(6.865E0,-3.94E0,-8.285E0));
#16113=LINE('',#16112,#16111);
#16116=DIRECTION('',(1.E0,0.E0,0.E0));
#16117=VECTOR('',#16116,1.27E0);
#16118=CARTESIAN_POINT('',(6.865E0,-3.94E0,-1.1205E1));
#16119=LINE('',#16118,#16117);
#16122=DIRECTION('',(0.E0,0.E0,1.E0));
#16123=VECTOR('',#16122,2.92E0);
#16124=CARTESIAN_POINT('',(8.135E0,-3.94E0,-1.1205E1));
#16125=LINE('',#16124,#16123);
#16128=DIRECTION('',(-1.E0,0.E0,0.E0));
#16129=VECTOR('',#16128,1.27E0);
#16130=CARTESIAN_POINT('',(8.135E0,-3.94E0,-8.285E0));
#16131=LINE('',#16130,#16129);
#16135=DIRECTION('',(0.E0,0.E0,-1.E0));
#16136=VECTOR('',#16135,2.92E0);
#16137=CARTESIAN_POINT('',(3.865E0,-3.94E0,-3.655E0));
#16138=LINE('',#16137,#16136);
#16141=DIRECTION('',(1.E0,0.E0,0.E0));
#16142=VECTOR('',#16141,1.27E0);
#16143=CARTESIAN_POINT('',(3.865E0,-3.94E0,-6.575E0));
#16144=LINE('',#16143,#16142);
#16147=DIRECTION('',(0.E0,0.E0,1.E0));
#16148=VECTOR('',#16147,2.92E0);
#16149=CARTESIAN_POINT('',(5.135E0,-3.94E0,-6.575E0));
#16150=LINE('',#16149,#16148);
#16153=DIRECTION('',(-1.E0,0.E0,0.E0));
#16154=VECTOR('',#16153,1.27E0);
#16155=CARTESIAN_POINT('',(5.135E0,-3.94E0,-3.655E0));
#16156=LINE('',#16155,#16154);
#16160=DIRECTION('',(0.E0,0.E0,-1.E0));
#16161=VECTOR('',#16160,2.92E0);
#16162=CARTESIAN_POINT('',(3.865E0,-3.94E0,-8.285E0));
#16163=LINE('',#16162,#16161);
#16166=DIRECTION('',(1.E0,0.E0,0.E0));
#16167=VECTOR('',#16166,1.27E0);
#16168=CARTESIAN_POINT('',(3.865E0,-3.94E0,-1.1205E1));
#16169=LINE('',#16168,#16167);
#16172=DIRECTION('',(0.E0,0.E0,1.E0));
#16173=VECTOR('',#16172,2.92E0);
#16174=CARTESIAN_POINT('',(5.135E0,-3.94E0,-1.1205E1));
#16175=LINE('',#16174,#16173);
#16178=DIRECTION('',(-1.E0,0.E0,0.E0));
#16179=VECTOR('',#16178,1.27E0);
#16180=CARTESIAN_POINT('',(5.135E0,-3.94E0,-8.285E0));
#16181=LINE('',#16180,#16179);
#16185=DIRECTION('',(0.E0,0.E0,-1.E0));
#16186=VECTOR('',#16185,2.92E0);
#16187=CARTESIAN_POINT('',(8.65E-1,-3.94E0,-3.655E0));
#16188=LINE('',#16187,#16186);
#16191=DIRECTION('',(1.E0,0.E0,0.E0));
#16192=VECTOR('',#16191,1.27E0);
#16193=CARTESIAN_POINT('',(8.65E-1,-3.94E0,-6.575E0));
#16194=LINE('',#16193,#16192);
#16197=DIRECTION('',(0.E0,0.E0,1.E0));
#16198=VECTOR('',#16197,2.92E0);
#16199=CARTESIAN_POINT('',(2.135E0,-3.94E0,-6.575E0));
#16200=LINE('',#16199,#16198);
#16203=DIRECTION('',(-1.E0,0.E0,0.E0));
#16204=VECTOR('',#16203,1.27E0);
#16205=CARTESIAN_POINT('',(2.135E0,-3.94E0,-3.655E0));
#16206=LINE('',#16205,#16204);
#16210=DIRECTION('',(0.E0,0.E0,-1.E0));
#16211=VECTOR('',#16210,2.92E0);
#16212=CARTESIAN_POINT('',(8.65E-1,-3.94E0,-8.285E0));
#16213=LINE('',#16212,#16211);
#16216=DIRECTION('',(1.E0,0.E0,0.E0));
#16217=VECTOR('',#16216,1.27E0);
#16218=CARTESIAN_POINT('',(8.65E-1,-3.94E0,-1.1205E1));
#16219=LINE('',#16218,#16217);
#16222=DIRECTION('',(0.E0,0.E0,1.E0));
#16223=VECTOR('',#16222,2.92E0);
#16224=CARTESIAN_POINT('',(2.135E0,-3.94E0,-1.1205E1));
#16225=LINE('',#16224,#16223);
#16228=DIRECTION('',(-1.E0,0.E0,0.E0));
#16229=VECTOR('',#16228,1.27E0);
#16230=CARTESIAN_POINT('',(2.135E0,-3.94E0,-8.285E0));
#16231=LINE('',#16230,#16229);
#16235=DIRECTION('',(0.E0,0.E0,-1.E0));
#16236=VECTOR('',#16235,2.92E0);
#16237=CARTESIAN_POINT('',(-2.135E0,-3.94E0,-3.655E0));
#16238=LINE('',#16237,#16236);
#16241=DIRECTION('',(1.E0,0.E0,0.E0));
#16242=VECTOR('',#16241,1.27E0);
#16243=CARTESIAN_POINT('',(-2.135E0,-3.94E0,-6.575E0));
#16244=LINE('',#16243,#16242);
#16247=DIRECTION('',(0.E0,0.E0,1.E0));
#16248=VECTOR('',#16247,2.92E0);
#16249=CARTESIAN_POINT('',(-8.65E-1,-3.94E0,-6.575E0));
#16250=LINE('',#16249,#16248);
#16253=DIRECTION('',(-1.E0,0.E0,0.E0));
#16254=VECTOR('',#16253,1.27E0);
#16255=CARTESIAN_POINT('',(-8.65E-1,-3.94E0,-3.655E0));
#16256=LINE('',#16255,#16254);
#16260=DIRECTION('',(0.E0,0.E0,-1.E0));
#16261=VECTOR('',#16260,2.92E0);
#16262=CARTESIAN_POINT('',(-2.135E0,-3.94E0,-8.285E0));
#16263=LINE('',#16262,#16261);
#16266=DIRECTION('',(1.E0,0.E0,0.E0));
#16267=VECTOR('',#16266,1.27E0);
#16268=CARTESIAN_POINT('',(-2.135E0,-3.94E0,-1.1205E1));
#16269=LINE('',#16268,#16267);
#16272=DIRECTION('',(0.E0,0.E0,1.E0));
#16273=VECTOR('',#16272,2.92E0);
#16274=CARTESIAN_POINT('',(-8.65E-1,-3.94E0,-1.1205E1));
#16275=LINE('',#16274,#16273);
#16278=DIRECTION('',(-1.E0,0.E0,0.E0));
#16279=VECTOR('',#16278,1.27E0);
#16280=CARTESIAN_POINT('',(-8.65E-1,-3.94E0,-8.285E0));
#16281=LINE('',#16280,#16279);
#16285=DIRECTION('',(0.E0,0.E0,-1.E0));
#16286=VECTOR('',#16285,2.92E0);
#16287=CARTESIAN_POINT('',(-5.135E0,-3.94E0,-3.655E0));
#16288=LINE('',#16287,#16286);
#16291=DIRECTION('',(1.E0,0.E0,0.E0));
#16292=VECTOR('',#16291,1.27E0);
#16293=CARTESIAN_POINT('',(-5.135E0,-3.94E0,-6.575E0));
#16294=LINE('',#16293,#16292);
#16297=DIRECTION('',(0.E0,0.E0,1.E0));
#16298=VECTOR('',#16297,2.92E0);
#16299=CARTESIAN_POINT('',(-3.865E0,-3.94E0,-6.575E0));
#16300=LINE('',#16299,#16298);
#16303=DIRECTION('',(-1.E0,0.E0,0.E0));
#16304=VECTOR('',#16303,1.27E0);
#16305=CARTESIAN_POINT('',(-3.865E0,-3.94E0,-3.655E0));
#16306=LINE('',#16305,#16304);
#16310=DIRECTION('',(0.E0,0.E0,-1.E0));
#16311=VECTOR('',#16310,2.92E0);
#16312=CARTESIAN_POINT('',(-5.135E0,-3.94E0,-8.285E0));
#16313=LINE('',#16312,#16311);
#16316=DIRECTION('',(1.E0,0.E0,0.E0));
#16317=VECTOR('',#16316,1.27E0);
#16318=CARTESIAN_POINT('',(-5.135E0,-3.94E0,-1.1205E1));
#16319=LINE('',#16318,#16317);
#16322=DIRECTION('',(0.E0,0.E0,1.E0));
#16323=VECTOR('',#16322,2.92E0);
#16324=CARTESIAN_POINT('',(-3.865E0,-3.94E0,-1.1205E1));
#16325=LINE('',#16324,#16323);
#16328=DIRECTION('',(-1.E0,0.E0,0.E0));
#16329=VECTOR('',#16328,1.27E0);
#16330=CARTESIAN_POINT('',(-3.865E0,-3.94E0,-8.285E0));
#16331=LINE('',#16330,#16329);
#16335=DIRECTION('',(0.E0,0.E0,-1.E0));
#16336=VECTOR('',#16335,2.92E0);
#16337=CARTESIAN_POINT('',(-8.135E0,-3.94E0,-3.655E0));
#16338=LINE('',#16337,#16336);
#16341=DIRECTION('',(1.E0,0.E0,0.E0));
#16342=VECTOR('',#16341,1.27E0);
#16343=CARTESIAN_POINT('',(-8.135E0,-3.94E0,-6.575E0));
#16344=LINE('',#16343,#16342);
#16347=DIRECTION('',(0.E0,0.E0,1.E0));
#16348=VECTOR('',#16347,2.92E0);
#16349=CARTESIAN_POINT('',(-6.865E0,-3.94E0,-6.575E0));
#16350=LINE('',#16349,#16348);
#16353=DIRECTION('',(-1.E0,0.E0,0.E0));
#16354=VECTOR('',#16353,1.27E0);
#16355=CARTESIAN_POINT('',(-6.865E0,-3.94E0,-3.655E0));
#16356=LINE('',#16355,#16354);
#16360=DIRECTION('',(0.E0,0.E0,-1.E0));
#16361=VECTOR('',#16360,2.92E0);
#16362=CARTESIAN_POINT('',(-8.135E0,-3.94E0,-8.285E0));
#16363=LINE('',#16362,#16361);
#16366=DIRECTION('',(1.E0,0.E0,0.E0));
#16367=VECTOR('',#16366,1.27E0);
#16368=CARTESIAN_POINT('',(-8.135E0,-3.94E0,-1.1205E1));
#16369=LINE('',#16368,#16367);
#16372=DIRECTION('',(0.E0,0.E0,1.E0));
#16373=VECTOR('',#16372,2.92E0);
#16374=CARTESIAN_POINT('',(-6.865E0,-3.94E0,-1.1205E1));
#16375=LINE('',#16374,#16373);
#16378=DIRECTION('',(-1.E0,0.E0,0.E0));
#16379=VECTOR('',#16378,1.27E0);
#16380=CARTESIAN_POINT('',(-6.865E0,-3.94E0,-8.285E0));
#16381=LINE('',#16380,#16379);
#16386=DIMENSIONAL_EXPONENTS(0.E0,0.E0,0.E0,0.E0,0.E0,0.E0,0.E0);
#16388=PLANE_ANGLE_MEASURE_WITH_UNIT(PLANE_ANGLE_MEASURE(1.745329251994E-2),
#16387);
#16389=(CONVERSION_BASED_UNIT('DEGREE',#16388)NAMED_UNIT(*)PLANE_ANGLE_UNIT());
#16391=UNCERTAINTY_MEASURE_WITH_UNIT(LENGTH_MEASURE(1.E-3),#16385,'closure',
'Maximum model space distance between geometric entities at asserted connectivities');
#16392=(GEOMETRIC_REPRESENTATION_CONTEXT(3)GLOBAL_UNCERTAINTY_ASSIGNED_CONTEXT((
#16391))GLOBAL_UNIT_ASSIGNED_CONTEXT((#16385,#16389,#16390))REPRESENTATION_CONTEXT('ID1','3'));
#16029=GEOMETRIC_SET('',(#16028,#16034,#16059,#16084,#16109,#16134,#16159,
#16184,#16209,#16234,#16259,#16284,#16309,#16334,#16359,#16384));
#16396=SHAPE_REPRESENTATION_RELATIONSHIP('','',#16395,#16393);
#16397=SHAPE_REPRESENTATION_RELATIONSHIP('','',#16395,#16394);
#16398=APPLICATION_CONTEXT(
'CONFIGURATION CONTROLLED 3D DESIGNS OF MECHANICAL PARTS AND ASSEMBLIES');
#16399=APPLICATION_PROTOCOL_DEFINITION('international standard',
'config_control_design',1994,#16398);
#16400=DESIGN_CONTEXT('',#16398,'design');
#16401=MECHANICAL_CONTEXT('',#16398,'mechanical');
#16402=PRODUCT('430451209','430451209','NOT SPECIFIED',(#16401));
#16403=PRODUCT_DEFINITION_FORMATION_WITH_SPECIFIED_SOURCE('2','LAST_VERSION',
#16402,.MADE.);
#16407=PRODUCT_CATEGORY('part','');
#16408=PRODUCT_RELATED_PRODUCT_CATEGORY('detail','',(#16402));
#16409=PRODUCT_CATEGORY_RELATIONSHIP('','',#16407,#16408);
#16410=SECURITY_CLASSIFICATION_LEVEL('unclassified');
#16411=SECURITY_CLASSIFICATION('','',#16410);
#16412=CC_DESIGN_SECURITY_CLASSIFICATION(#16411,(#16403));
#16413=APPROVAL_STATUS('approved');
#16414=APPROVAL(#16413,'');
#16415=CC_DESIGN_APPROVAL(#16414,(#16411,#16403,#16404));
#16416=CALENDAR_DATE(120,16,4);
#16417=COORDINATED_UNIVERSAL_TIME_OFFSET(5,30,.AHEAD.);
#16418=LOCAL_TIME(14,36,1.8E1,#16417);
#16419=DATE_AND_TIME(#16416,#16418);
#16420=APPROVAL_DATE_TIME(#16419,#16414);
#16421=DATE_TIME_ROLE('creation_date');
#16422=CC_DESIGN_DATE_AND_TIME_ASSIGNMENT(#16419,#16421,(#16404));
#16423=DATE_TIME_ROLE('classification_date');
#16424=CC_DESIGN_DATE_AND_TIME_ASSIGNMENT(#16419,#16423,(#16411));
#16425=PERSON('UNSPECIFIED','UNSPECIFIED',$,$,$,$);
#16426=ORGANIZATION('UNSPECIFIED','UNSPECIFIED','UNSPECIFIED');
#16427=PERSON_AND_ORGANIZATION(#16425,#16426);
#16428=APPROVAL_ROLE('approver');
#16429=APPROVAL_PERSON_ORGANIZATION(#16427,#16414,#16428);
#16430=PERSON_AND_ORGANIZATION_ROLE('creator');
#16431=CC_DESIGN_PERSON_AND_ORGANIZATION_ASSIGNMENT(#16427,#16430,(#16403,
#16404));
#16432=PERSON_AND_ORGANIZATION_ROLE('design_supplier');
#16433=CC_DESIGN_PERSON_AND_ORGANIZATION_ASSIGNMENT(#16427,#16432,(#16403));
#16434=PERSON_AND_ORGANIZATION_ROLE('classification_officer');
#16435=CC_DESIGN_PERSON_AND_ORGANIZATION_ASSIGNMENT(#16427,#16434,(#16411));
#16436=PERSON_AND_ORGANIZATION_ROLE('design_owner');
#16437=CC_DESIGN_PERSON_AND_ORGANIZATION_ASSIGNMENT(#16427,#16436,(#16402));
#45=CIRCLE('',#44,5.E-1);
#58=CIRCLE('',#57,3.2E-1);
#99=CIRCLE('',#98,3.2E-1);
#948=CIRCLE('',#947,7.5E-1);
#977=CIRCLE('',#976,7.5E-1);
#1162=CIRCLE('',#1161,3.2E-1);
#1203=CIRCLE('',#1202,3.2E-1);
#1216=CIRCLE('',#1215,5.E-1);
#1509=CIRCLE('',#1508,1.E-1);
#1526=CIRCLE('',#1525,4.5E-1);
#1539=CIRCLE('',#1538,4.5E-1);
#1556=CIRCLE('',#1555,1.E-1);
#1569=CIRCLE('',#1568,4.5E-1);
#1586=CIRCLE('',#1585,1.E-1);
#1599=CIRCLE('',#1598,1.E-1);
#1616=CIRCLE('',#1615,4.5E-1);
#1673=CIRCLE('',#1672,3.5E-1);
#1710=CIRCLE('',#1709,3.5E-1);
#3103=CIRCLE('',#3102,3.2E-1);
#3116=CIRCLE('',#3115,5.E-1);
#3141=CIRCLE('',#3140,3.2E-1);
#3310=CIRCLE('',#3309,3.2E-1);
#3327=CIRCLE('',#3326,5.E-1);
#3340=CIRCLE('',#3339,3.2E-1);
#3505=CIRCLE('',#3504,3.2E-1);
#3518=CIRCLE('',#3517,5.E-1);
#3543=CIRCLE('',#3542,3.2E-1);
#3708=CIRCLE('',#3707,5.E-1);
#3721=CIRCLE('',#3720,3.2E-1);
#3762=CIRCLE('',#3761,3.2E-1);
#3907=CIRCLE('',#3906,3.2E-1);
#3920=CIRCLE('',#3919,5.E-1);
#3945=CIRCLE('',#3944,3.2E-1);
#4110=CIRCLE('',#4109,5.E-1);
#4123=CIRCLE('',#4122,3.2E-1);
#4164=CIRCLE('',#4163,3.2E-1);
#4309=CIRCLE('',#4308,3.2E-1);
#4322=CIRCLE('',#4321,5.E-1);
#4347=CIRCLE('',#4346,3.2E-1);
#4512=CIRCLE('',#4511,5.E-1);
#4525=CIRCLE('',#4524,3.2E-1);
#4566=CIRCLE('',#4565,3.2E-1);
#4711=CIRCLE('',#4710,3.2E-1);
#4724=CIRCLE('',#4723,5.E-1);
#4749=CIRCLE('',#4748,3.2E-1);
#5002=CIRCLE('',#5001,3.2E-1);
#5027=CIRCLE('',#5026,5.E-1);
#5040=CIRCLE('',#5039,3.2E-1);
#5317=CIRCLE('',#5316,3.5E-1);
#5326=CIRCLE('',#5325,3.5E-1);
#7028=EDGE_CURVE('',#6436,#5821,#24,.T.);
#7030=EDGE_CURVE('',#5825,#5821,#4,.T.);
#7032=EDGE_CURVE('',#6438,#5825,#4877,.T.);
#7034=EDGE_CURVE('',#6436,#6438,#4845,.T.);
#7044=EDGE_CURVE('',#6756,#6752,#8,.T.);
#7046=EDGE_CURVE('',#6830,#6752,#127,.T.);
#7048=EDGE_CURVE('',#6830,#6828,#2810,.T.);
#7050=EDGE_CURVE('',#6828,#6756,#4777,.T.);
#7060=EDGE_CURVE('',#5806,#5808,#12,.T.);
#7062=EDGE_CURVE('',#5832,#5808,#4821,.T.);
#7064=EDGE_CURVE('',#5828,#5832,#559,.T.);
#7066=EDGE_CURVE('',#5806,#5828,#735,.T.);
#7076=EDGE_CURVE('',#5811,#5812,#16,.T.);
#7078=EDGE_CURVE('',#5860,#5811,#431,.T.);
#7080=EDGE_CURVE('',#5860,#5834,#20,.T.);
#7082=EDGE_CURVE('',#5812,#5834,#4829,.T.);
#7092=EDGE_CURVE('',#5821,#5822,#423,.T.);
#7095=EDGE_CURVE('',#6432,#6436,#4841,.T.);
#7097=EDGE_CURVE('',#5822,#6432,#28,.T.);
#7108=EDGE_CURVE('',#5842,#5806,#74,.T.);
#7110=EDGE_CURVE('',#5840,#5842,#32,.T.);
#7112=EDGE_CURVE('',#5840,#5804,#4694,.T.);
#7114=EDGE_CURVE('',#5814,#5804,#4849,.T.);
#7116=EDGE_CURVE('',#5808,#5814,#4817,.T.);
#7126=EDGE_CURVE('',#6740,#6736,#36,.T.);
#7128=EDGE_CURVE('',#6766,#6736,#115,.T.);
#7130=EDGE_CURVE('',#6766,#6764,#2826,.T.);
#7132=EDGE_CURVE('',#6764,#6740,#4765,.T.);
#7142=EDGE_CURVE('',#5801,#5802,#187,.T.);
#7144=EDGE_CURVE('',#5811,#5801,#435,.T.);
#7146=EDGE_CURVE('',#5811,#6162,#40,.T.);
#7148=EDGE_CURVE('',#6162,#5789,#45,.T.);
#7150=EDGE_CURVE('',#5789,#5790,#49,.T.);
#7152=EDGE_CURVE('',#5790,#6158,#53,.T.);
#7154=EDGE_CURVE('',#6158,#6160,#58,.T.);
#7156=EDGE_CURVE('',#6160,#5793,#62,.T.);
#7158=EDGE_CURVE('',#5793,#5794,#66,.T.);
#7160=EDGE_CURVE('',#5794,#5842,#70,.T.);
#7163=EDGE_CURVE('',#5802,#5806,#731,.T.);
#7173=EDGE_CURVE('',#5822,#5860,#427,.T.);
#7175=EDGE_CURVE('',#5822,#5901,#78,.T.);
#7177=EDGE_CURVE('',#5901,#5902,#82,.T.);
#7179=EDGE_CURVE('',#5902,#5860,#86,.T.);
#7189=EDGE_CURVE('',#5935,#5936,#1416,.T.);
#7191=EDGE_CURVE('',#5936,#6081,#90,.T.);
#7193=EDGE_CURVE('',#6081,#6082,#94,.T.);
#7195=EDGE_CURVE('',#6082,#6084,#99,.T.);
#7197=EDGE_CURVE('',#6084,#6102,#103,.T.);
#7199=EDGE_CURVE('',#5935,#6102,#1053,.T.);
#7209=EDGE_CURVE('',#6734,#6736,#107,.T.);
#7211=EDGE_CURVE('',#6734,#6762,#111,.T.);
#7213=EDGE_CURVE('',#6762,#6766,#2830,.T.);
#7224=EDGE_CURVE('',#6750,#6752,#119,.T.);
#7226=EDGE_CURVE('',#6750,#6770,#123,.T.);
#7228=EDGE_CURVE('',#6770,#6830,#2814,.T.);
#7239=EDGE_CURVE('',#6447,#5571,#259,.T.);
#7241=EDGE_CURVE('',#6447,#6448,#811,.T.);
#7243=EDGE_CURVE('',#6448,#5572,#131,.T.);
#7245=EDGE_CURVE('',#5571,#5572,#135,.T.);
#7255=EDGE_CURVE('',#5575,#5605,#295,.T.);
#7257=EDGE_CURVE('',#5575,#5576,#139,.T.);
#7259=EDGE_CURVE('',#5576,#5606,#143,.T.);
#7261=EDGE_CURVE('',#5605,#5606,#147,.T.);
#7271=EDGE_CURVE('',#5609,#5669,#331,.T.);
#7273=EDGE_CURVE('',#5609,#5610,#151,.T.);
#7275=EDGE_CURVE('',#5610,#5670,#155,.T.);
#7277=EDGE_CURVE('',#5669,#5670,#159,.T.);
#7287=EDGE_CURVE('',#5673,#5733,#367,.T.);
#7289=EDGE_CURVE('',#5673,#5674,#163,.T.);
#7291=EDGE_CURVE('',#5674,#5734,#167,.T.);
#7293=EDGE_CURVE('',#5733,#5734,#171,.T.);
#7303=EDGE_CURVE('',#5737,#5797,#403,.T.);
#7305=EDGE_CURVE('',#5737,#5738,#175,.T.);
#7307=EDGE_CURVE('',#5738,#5798,#179,.T.);
#7309=EDGE_CURVE('',#5797,#5798,#183,.T.);
#7319=EDGE_CURVE('',#5801,#6942,#439,.T.);
#7322=EDGE_CURVE('',#5802,#6952,#191,.T.);
#7324=EDGE_CURVE('',#6942,#6952,#195,.T.);
#7334=EDGE_CURVE('',#6954,#6470,#199,.T.);
#7336=EDGE_CURVE('',#6470,#6472,#847,.T.);
#7338=EDGE_CURVE('',#6950,#6472,#227,.T.);
#7340=EDGE_CURVE('',#6950,#6954,#203,.T.);
#7350=EDGE_CURVE('',#6982,#6937,#207,.T.);
#7352=EDGE_CURVE('',#6982,#6970,#4969,.T.);
#7354=EDGE_CURVE('',#6970,#6945,#211,.T.);
#7356=EDGE_CURVE('',#6945,#6946,#215,.T.);
#7358=EDGE_CURVE('',#6946,#6949,#219,.T.);
#7360=EDGE_CURVE('',#6949,#6950,#223,.T.);
#7363=EDGE_CURVE('',#6472,#5466,#843,.T.);
#7365=EDGE_CURVE('',#5466,#5464,#231,.T.);
#7367=EDGE_CURVE('',#5463,#5464,#235,.T.);
#7369=EDGE_CURVE('',#5468,#5463,#239,.T.);
#7371=EDGE_CURVE('',#5468,#6459,#875,.T.);
#7373=EDGE_CURVE('',#6459,#6444,#243,.T.);
#7375=EDGE_CURVE('',#6444,#5405,#783,.T.);
#7377=EDGE_CURVE('',#5405,#5406,#247,.T.);
#7379=EDGE_CURVE('',#5406,#5402,#251,.T.);
#7381=EDGE_CURVE('',#5401,#5402,#255,.T.);
#7383=EDGE_CURVE('',#5401,#6447,#815,.T.);
#7386=EDGE_CURVE('',#5578,#5571,#263,.T.);
#7388=EDGE_CURVE('',#5846,#5578,#267,.T.);
#7390=EDGE_CURVE('',#5586,#5846,#271,.T.);
#7392=EDGE_CURVE('',#5585,#5586,#275,.T.);
#7394=EDGE_CURVE('',#5585,#5561,#3452,.T.);
#7396=EDGE_CURVE('',#5561,#5562,#279,.T.);
#7398=EDGE_CURVE('',#5562,#5844,#283,.T.);
#7400=EDGE_CURVE('',#5844,#5551,#287,.T.);
#7402=EDGE_CURVE('',#5551,#5575,#291,.T.);
#7405=EDGE_CURVE('',#5626,#5605,#299,.T.);
#7407=EDGE_CURVE('',#5850,#5626,#303,.T.);
#7409=EDGE_CURVE('',#5634,#5850,#307,.T.);
#7411=EDGE_CURVE('',#5633,#5634,#311,.T.);
#7413=EDGE_CURVE('',#5633,#5629,#3854,.T.);
#7415=EDGE_CURVE('',#5629,#5630,#315,.T.);
#7417=EDGE_CURVE('',#5630,#5848,#319,.T.);
#7419=EDGE_CURVE('',#5848,#5619,#323,.T.);
#7421=EDGE_CURVE('',#5619,#5609,#327,.T.);
#7424=EDGE_CURVE('',#5690,#5669,#335,.T.);
#7426=EDGE_CURVE('',#5854,#5690,#339,.T.);
#7428=EDGE_CURVE('',#5698,#5854,#343,.T.);
#7430=EDGE_CURVE('',#5697,#5698,#347,.T.);
#7432=EDGE_CURVE('',#5697,#5693,#4256,.T.);
#7434=EDGE_CURVE('',#5693,#5694,#351,.T.);
#7436=EDGE_CURVE('',#5694,#5852,#355,.T.);
#7438=EDGE_CURVE('',#5852,#5683,#359,.T.);
#7440=EDGE_CURVE('',#5683,#5673,#363,.T.);
#7443=EDGE_CURVE('',#5754,#5733,#371,.T.);
#7445=EDGE_CURVE('',#5858,#5754,#375,.T.);
#7447=EDGE_CURVE('',#5762,#5858,#379,.T.);
#7449=EDGE_CURVE('',#5761,#5762,#383,.T.);
#7451=EDGE_CURVE('',#5761,#5757,#4658,.T.);
#7453=EDGE_CURVE('',#5757,#5758,#387,.T.);
#7455=EDGE_CURVE('',#5758,#5856,#391,.T.);
#7457=EDGE_CURVE('',#5856,#5747,#395,.T.);
#7459=EDGE_CURVE('',#5747,#5737,#399,.T.);
#7462=EDGE_CURVE('',#5818,#5797,#407,.T.);
#7464=EDGE_CURVE('',#5862,#5818,#411,.T.);
#7466=EDGE_CURVE('',#5826,#5862,#415,.T.);
#7468=EDGE_CURVE('',#5825,#5826,#419,.T.);
#7476=EDGE_CURVE('',#6941,#6942,#443,.T.);
#7478=EDGE_CURVE('',#6938,#6941,#447,.T.);
#7480=EDGE_CURVE('',#6937,#6938,#451,.T.);
#7490=EDGE_CURVE('',#6972,#6956,#455,.T.);
#7492=EDGE_CURVE('',#6956,#6000,#743,.T.);
#7494=EDGE_CURVE('',#6000,#5998,#555,.T.);
#7496=EDGE_CURVE('',#5998,#6972,#459,.T.);
#7506=EDGE_CURVE('',#6974,#6941,#463,.T.);
#7508=EDGE_CURVE('',#6974,#6978,#467,.T.);
#7510=EDGE_CURVE('',#6978,#6938,#471,.T.);
#7521=EDGE_CURVE('',#6976,#6937,#475,.T.);
#7523=EDGE_CURVE('',#6976,#6980,#479,.T.);
#7525=EDGE_CURVE('',#6980,#6982,#483,.T.);
#7536=EDGE_CURVE('',#6958,#6960,#495,.T.);
#7538=EDGE_CURVE('',#6910,#6958,#5056,.T.);
#7540=EDGE_CURVE('',#6884,#6910,#487,.T.);
#7542=EDGE_CURVE('',#6884,#6956,#1186,.T.);
#7545=EDGE_CURVE('',#6960,#6972,#515,.T.);
#7555=EDGE_CURVE('',#6782,#6786,#491,.T.);
#7557=EDGE_CURVE('',#6998,#6786,#5068,.T.);
#7559=EDGE_CURVE('',#6998,#6990,#2858,.T.);
#7561=EDGE_CURVE('',#6990,#6782,#1228,.T.);
#7572=EDGE_CURVE('',#5996,#6960,#519,.T.);
#7574=EDGE_CURVE('',#5995,#5996,#547,.T.);
#7576=EDGE_CURVE('',#6958,#5995,#751,.T.);
#7586=EDGE_CURVE('',#6949,#6962,#499,.T.);
#7589=EDGE_CURVE('',#6946,#6966,#503,.T.);
#7591=EDGE_CURVE('',#6962,#6966,#527,.T.);
#7601=EDGE_CURVE('',#6945,#6964,#507,.T.);
#7604=EDGE_CURVE('',#6969,#6970,#511,.T.);
#7606=EDGE_CURVE('',#6964,#6969,#539,.T.);
#7618=EDGE_CURVE('',#5996,#5998,#551,.T.);
#7629=EDGE_CURVE('',#6962,#6974,#523,.T.);
#7632=EDGE_CURVE('',#6966,#6978,#531,.T.);
#7643=EDGE_CURVE('',#6964,#6976,#535,.T.);
#7646=EDGE_CURVE('',#6969,#6980,#543,.T.);
#7660=EDGE_CURVE('',#6000,#5828,#739,.T.);
#7663=EDGE_CURVE('',#5832,#5836,#563,.T.);
#7665=EDGE_CURVE('',#5830,#5836,#567,.T.);
#7667=EDGE_CURVE('',#5830,#5764,#719,.T.);
#7669=EDGE_CURVE('',#5764,#5768,#571,.T.);
#7671=EDGE_CURVE('',#5768,#5772,#575,.T.);
#7673=EDGE_CURVE('',#5766,#5772,#579,.T.);
#7675=EDGE_CURVE('',#5766,#5700,#699,.T.);
#7677=EDGE_CURVE('',#5700,#5704,#583,.T.);
#7679=EDGE_CURVE('',#5704,#5708,#587,.T.);
#7681=EDGE_CURVE('',#5702,#5708,#591,.T.);
#7683=EDGE_CURVE('',#5702,#5636,#679,.T.);
#7685=EDGE_CURVE('',#5636,#5640,#595,.T.);
#7687=EDGE_CURVE('',#5640,#5644,#599,.T.);
#7689=EDGE_CURVE('',#5638,#5644,#603,.T.);
#7691=EDGE_CURVE('',#5638,#5556,#659,.T.);
#7693=EDGE_CURVE('',#5556,#5451,#607,.T.);
#7695=EDGE_CURVE('',#5451,#5455,#611,.T.);
#7697=EDGE_CURVE('',#5580,#5455,#615,.T.);
#7699=EDGE_CURVE('',#5580,#5426,#639,.T.);
#7701=EDGE_CURVE('',#5414,#5426,#619,.T.);
#7703=EDGE_CURVE('',#5413,#5414,#623,.T.);
#7705=EDGE_CURVE('',#5424,#5413,#627,.T.);
#7707=EDGE_CURVE('',#5424,#5995,#755,.T.);
#7718=EDGE_CURVE('',#6448,#6450,#807,.T.);
#7720=EDGE_CURVE('',#6450,#5422,#631,.T.);
#7722=EDGE_CURVE('',#5426,#5422,#635,.T.);
#7725=EDGE_CURVE('',#5566,#5580,#643,.T.);
#7727=EDGE_CURVE('',#5572,#5566,#647,.T.);
#7738=EDGE_CURVE('',#5576,#5548,#651,.T.);
#7740=EDGE_CURVE('',#5548,#5556,#655,.T.);
#7743=EDGE_CURVE('',#5612,#5638,#663,.T.);
#7745=EDGE_CURVE('',#5606,#5612,#667,.T.);
#7756=EDGE_CURVE('',#5610,#5614,#671,.T.);
#7758=EDGE_CURVE('',#5614,#5636,#675,.T.);
#7761=EDGE_CURVE('',#5676,#5702,#683,.T.);
#7763=EDGE_CURVE('',#5670,#5676,#687,.T.);
#7774=EDGE_CURVE('',#5674,#5678,#691,.T.);
#7776=EDGE_CURVE('',#5678,#5700,#695,.T.);
#7779=EDGE_CURVE('',#5740,#5766,#703,.T.);
#7781=EDGE_CURVE('',#5734,#5740,#707,.T.);
#7792=EDGE_CURVE('',#5738,#5742,#711,.T.);
#7794=EDGE_CURVE('',#5742,#5764,#715,.T.);
#7797=EDGE_CURVE('',#5804,#5830,#723,.T.);
#7799=EDGE_CURVE('',#5798,#5804,#727,.T.);
#7814=EDGE_CURVE('',#6952,#6956,#747,.T.);
#7826=EDGE_CURVE('',#5424,#5417,#759,.T.);
#7828=EDGE_CURVE('',#5417,#6468,#763,.T.);
#7830=EDGE_CURVE('',#6468,#6470,#851,.T.);
#7833=EDGE_CURVE('',#6954,#6958,#767,.T.);
#7843=EDGE_CURVE('',#5401,#5408,#771,.T.);
#7845=EDGE_CURVE('',#5408,#5410,#775,.T.);
#7847=EDGE_CURVE('',#5410,#5405,#779,.T.);
#7850=EDGE_CURVE('',#6442,#6444,#787,.T.);
#7852=EDGE_CURVE('',#6441,#6442,#791,.T.);
#7854=EDGE_CURVE('',#6454,#6441,#795,.T.);
#7856=EDGE_CURVE('',#6452,#6454,#799,.T.);
#7858=EDGE_CURVE('',#6450,#6452,#803,.T.);
#7872=EDGE_CURVE('',#5402,#5397,#819,.T.);
#7874=EDGE_CURVE('',#5408,#5397,#835,.T.);
#7887=EDGE_CURVE('',#5398,#5406,#823,.T.);
#7889=EDGE_CURVE('',#5397,#5398,#827,.T.);
#7901=EDGE_CURVE('',#5410,#5398,#831,.T.);
#7925=EDGE_CURVE('',#6459,#6460,#871,.T.);
#7927=EDGE_CURVE('',#6442,#6460,#1137,.T.);
#7938=EDGE_CURVE('',#5466,#5470,#839,.T.);
#7943=EDGE_CURVE('',#6466,#6468,#855,.T.);
#7945=EDGE_CURVE('',#6464,#6466,#859,.T.);
#7947=EDGE_CURVE('',#6462,#6464,#863,.T.);
#7949=EDGE_CURVE('',#6460,#6462,#867,.T.);
#7953=EDGE_CURVE('',#5472,#5468,#879,.T.);
#7955=EDGE_CURVE('',#5470,#5472,#883,.T.);
#7967=EDGE_CURVE('',#5470,#5459,#887,.T.);
#7969=EDGE_CURVE('',#5464,#5459,#895,.T.);
#7981=EDGE_CURVE('',#5472,#5460,#891,.T.);
#7983=EDGE_CURVE('',#5459,#5460,#899,.T.);
#7994=EDGE_CURVE('',#5460,#5463,#903,.T.);
#8018=EDGE_CURVE('',#5417,#5418,#923,.T.);
#8020=EDGE_CURVE('',#5418,#5420,#927,.T.);
#8022=EDGE_CURVE('',#5422,#5420,#931,.T.);
#8026=EDGE_CURVE('',#6456,#6452,#1009,.T.);
#8028=EDGE_CURVE('',#6456,#5341,#2046,.T.);
#8030=EDGE_CURVE('',#5341,#5342,#935,.T.);
#8032=EDGE_CURVE('',#5337,#5342,#2178,.T.);
#8034=EDGE_CURVE('',#5337,#5338,#939,.T.);
#8036=EDGE_CURVE('',#6474,#5338,#1766,.T.);
#8038=EDGE_CURVE('',#6474,#6466,#943,.T.);
#8044=EDGE_CURVE('',#5361,#5362,#907,.T.);
#8046=EDGE_CURVE('',#5361,#5365,#911,.T.);
#8048=EDGE_CURVE('',#5365,#5366,#915,.T.);
#8050=EDGE_CURVE('',#5362,#5366,#919,.T.);
#8061=EDGE_CURVE('',#5362,#5349,#948,.T.);
#8063=EDGE_CURVE('',#5349,#5350,#952,.T.);
#8065=EDGE_CURVE('',#5350,#5352,#956,.T.);
#8067=EDGE_CURVE('',#5352,#5361,#960,.T.);
#8078=EDGE_CURVE('',#5366,#5355,#977,.T.);
#8080=EDGE_CURVE('',#5349,#5355,#989,.T.);
#8092=EDGE_CURVE('',#5358,#5365,#964,.T.);
#8094=EDGE_CURVE('',#5356,#5358,#968,.T.);
#8096=EDGE_CURVE('',#5355,#5356,#972,.T.);
#8109=EDGE_CURVE('',#5352,#5358,#981,.T.);
#8121=EDGE_CURVE('',#5350,#5356,#985,.T.);
#8148=EDGE_CURVE('',#5418,#5413,#993,.T.);
#8161=EDGE_CURVE('',#5420,#5414,#997,.T.);
#8183=EDGE_CURVE('',#5433,#5434,#1001,.T.);
#8185=EDGE_CURVE('',#5382,#5434,#1005,.T.);
#8187=EDGE_CURVE('',#5382,#6456,#2050,.T.);
#8191=EDGE_CURVE('',#6454,#5433,#1013,.T.);
#8201=EDGE_CURVE('',#5437,#5438,#1017,.T.);
#8203=EDGE_CURVE('',#5437,#6464,#1021,.T.);
#8207=EDGE_CURVE('',#6482,#6474,#1762,.T.);
#8209=EDGE_CURVE('',#5438,#6482,#1025,.T.);
#8220=EDGE_CURVE('',#5433,#5440,#1029,.T.);
#8222=EDGE_CURVE('',#5440,#5444,#1133,.T.);
#8224=EDGE_CURVE('',#5434,#5444,#1356,.T.);
#8237=EDGE_CURVE('',#6441,#5440,#1033,.T.);
#8247=EDGE_CURVE('',#5437,#5442,#1037,.T.);
#8249=EDGE_CURVE('',#5442,#6462,#1041,.T.);
#8261=EDGE_CURVE('',#6925,#6932,#1045,.T.);
#8263=EDGE_CURVE('',#5935,#6925,#1049,.T.);
#8266=EDGE_CURVE('',#6102,#6100,#1057,.T.);
#8268=EDGE_CURVE('',#5931,#6100,#1061,.T.);
#8270=EDGE_CURVE('',#5927,#5931,#1065,.T.);
#8272=EDGE_CURVE('',#5927,#6098,#1069,.T.);
#8274=EDGE_CURVE('',#6098,#6096,#1073,.T.);
#8276=EDGE_CURVE('',#5923,#6096,#1077,.T.);
#8278=EDGE_CURVE('',#5919,#5923,#1081,.T.);
#8280=EDGE_CURVE('',#5919,#6094,#1085,.T.);
#8282=EDGE_CURVE('',#6094,#6092,#1089,.T.);
#8284=EDGE_CURVE('',#5915,#6092,#1093,.T.);
#8286=EDGE_CURVE('',#5911,#5915,#1097,.T.);
#8288=EDGE_CURVE('',#5911,#6090,#1101,.T.);
#8290=EDGE_CURVE('',#6090,#6088,#1105,.T.);
#8292=EDGE_CURVE('',#5907,#6088,#1109,.T.);
#8294=EDGE_CURVE('',#5429,#5907,#1113,.T.);
#8296=EDGE_CURVE('',#5429,#5430,#1117,.T.);
#8298=EDGE_CURVE('',#5430,#6086,#1121,.T.);
#8300=EDGE_CURVE('',#5448,#6086,#1125,.T.);
#8302=EDGE_CURVE('',#5444,#5448,#1129,.T.);
#8310=EDGE_CURVE('',#5442,#5446,#1141,.T.);
#8312=EDGE_CURVE('',#6929,#5446,#1145,.T.);
#8314=EDGE_CURVE('',#6929,#6934,#1149,.T.);
#8316=EDGE_CURVE('',#6934,#6932,#1153,.T.);
#8326=EDGE_CURVE('',#6925,#6926,#1420,.T.);
#8329=EDGE_CURVE('',#6896,#6932,#1157,.T.);
#8331=EDGE_CURVE('',#6894,#6896,#1162,.T.);
#8333=EDGE_CURVE('',#6893,#6894,#1166,.T.);
#8335=EDGE_CURVE('',#6926,#6893,#1170,.T.);
#8346=EDGE_CURVE('',#6890,#6938,#1174,.T.);
#8348=EDGE_CURVE('',#6889,#6890,#1178,.T.);
#8350=EDGE_CURVE('',#6937,#6889,#1182,.T.);
#8364=EDGE_CURVE('',#6882,#6884,#1190,.T.);
#8366=EDGE_CURVE('',#6880,#6882,#1194,.T.);
#8368=EDGE_CURVE('',#6878,#6880,#1198,.T.);
#8370=EDGE_CURVE('',#6876,#6878,#1203,.T.);
#8372=EDGE_CURVE('',#6874,#6876,#1207,.T.);
#8374=EDGE_CURVE('',#6873,#6874,#1211,.T.);
#8376=EDGE_CURVE('',#6886,#6873,#1216,.T.);
#8378=EDGE_CURVE('',#6941,#6886,#1220,.T.);
#8388=EDGE_CURVE('',#6782,#6789,#1224,.T.);
#8391=EDGE_CURVE('',#6989,#6990,#2854,.T.);
#8393=EDGE_CURVE('',#6789,#6989,#1232,.T.);
#8403=EDGE_CURVE('',#6798,#6805,#1236,.T.);
#8405=EDGE_CURVE('',#6986,#6798,#1240,.T.);
#8407=EDGE_CURVE('',#6985,#6986,#2838,.T.);
#8409=EDGE_CURVE('',#6805,#6985,#1244,.T.);
#8419=EDGE_CURVE('',#6866,#6864,#1312,.T.);
#8421=EDGE_CURVE('',#6841,#6864,#1316,.T.);
#8423=EDGE_CURVE('',#6478,#6841,#1320,.T.);
#8425=EDGE_CURVE('',#5345,#6478,#1324,.T.);
#8427=EDGE_CURVE('',#5345,#5346,#1328,.T.);
#8429=EDGE_CURVE('',#6476,#5346,#1332,.T.);
#8431=EDGE_CURVE('',#6476,#6853,#1336,.T.);
#8433=EDGE_CURVE('',#6853,#6870,#1340,.T.);
#8435=EDGE_CURVE('',#6870,#6868,#1344,.T.);
#8437=EDGE_CURVE('',#6854,#6868,#1348,.T.);
#8439=EDGE_CURVE('',#6854,#5434,#1352,.T.);
#8443=EDGE_CURVE('',#5448,#5904,#1360,.T.);
#8445=EDGE_CURVE('',#5546,#5904,#1364,.T.);
#8447=EDGE_CURVE('',#5429,#5546,#1368,.T.);
#8450=EDGE_CURVE('',#5907,#5908,#1372,.T.);
#8452=EDGE_CURVE('',#5912,#5908,#1376,.T.);
#8454=EDGE_CURVE('',#5911,#5912,#1380,.T.);
#8457=EDGE_CURVE('',#5915,#5916,#1384,.T.);
#8459=EDGE_CURVE('',#5920,#5916,#1388,.T.);
#8461=EDGE_CURVE('',#5919,#5920,#1392,.T.);
#8464=EDGE_CURVE('',#5923,#5924,#1396,.T.);
#8466=EDGE_CURVE('',#5928,#5924,#1400,.T.);
#8468=EDGE_CURVE('',#5927,#5928,#1404,.T.);
#8471=EDGE_CURVE('',#5931,#5932,#1408,.T.);
#8473=EDGE_CURVE('',#5936,#5932,#1412,.T.);
#8478=EDGE_CURVE('',#6930,#6926,#1424,.T.);
#8480=EDGE_CURVE('',#6929,#6930,#1428,.T.);
#8483=EDGE_CURVE('',#5438,#5446,#5334,.T.);
#8485=EDGE_CURVE('',#6842,#5438,#1432,.T.);
#8487=EDGE_CURVE('',#6842,#6866,#1436,.T.);
#8491=EDGE_CURVE('',#6015,#6016,#1264,.T.);
#8493=EDGE_CURVE('',#6023,#6015,#1268,.T.);
#8495=EDGE_CURVE('',#6023,#6024,#1272,.T.);
#8497=EDGE_CURVE('',#6024,#6016,#1276,.T.);
#8501=EDGE_CURVE('',#6537,#6538,#1280,.T.);
#8503=EDGE_CURVE('',#6538,#6546,#1284,.T.);
#8505=EDGE_CURVE('',#6545,#6546,#1288,.T.);
#8507=EDGE_CURVE('',#6537,#6545,#1292,.T.);
#8511=EDGE_CURVE('',#6541,#6542,#1296,.T.);
#8513=EDGE_CURVE('',#6542,#6550,#1300,.T.);
#8515=EDGE_CURVE('',#6549,#6550,#1304,.T.);
#8517=EDGE_CURVE('',#6541,#6549,#1308,.T.);
#8521=EDGE_CURVE('',#6011,#6012,#1248,.T.);
#8523=EDGE_CURVE('',#6019,#6011,#1252,.T.);
#8525=EDGE_CURVE('',#6019,#6020,#1256,.T.);
#8527=EDGE_CURVE('',#6020,#6012,#1260,.T.);
#8538=EDGE_CURVE('',#6774,#6012,#1440,.T.);
#8540=EDGE_CURVE('',#6773,#6774,#1444,.T.);
#8542=EDGE_CURVE('',#6011,#6773,#1448,.T.);
#8553=EDGE_CURVE('',#6004,#6016,#1452,.T.);
#8555=EDGE_CURVE('',#6003,#6004,#1456,.T.);
#8557=EDGE_CURVE('',#6015,#6003,#1460,.T.);
#8568=EDGE_CURVE('',#6778,#6020,#1476,.T.);
#8570=EDGE_CURVE('',#6774,#6778,#1464,.T.);
#8582=EDGE_CURVE('',#6019,#6777,#1468,.T.);
#8584=EDGE_CURVE('',#6777,#6778,#1472,.T.);
#8596=EDGE_CURVE('',#6023,#6007,#1480,.T.);
#8598=EDGE_CURVE('',#6007,#6008,#1484,.T.);
#8600=EDGE_CURVE('',#6008,#6024,#1488,.T.);
#8612=EDGE_CURVE('',#6773,#6777,#1492,.T.);
#8637=EDGE_CURVE('',#6003,#6007,#1496,.T.);
#8649=EDGE_CURVE('',#6004,#6008,#1500,.T.);
#8674=EDGE_CURVE('',#6537,#7001,#1504,.T.);
#8676=EDGE_CURVE('',#7001,#7002,#1509,.T.);
#8678=EDGE_CURVE('',#7002,#7004,#1513,.T.);
#8680=EDGE_CURVE('',#7004,#7006,#1517,.T.);
#8682=EDGE_CURVE('',#7006,#7008,#1521,.T.);
#8684=EDGE_CURVE('',#7008,#7010,#1526,.T.);
#8686=EDGE_CURVE('',#7010,#6538,#1530,.T.);
#8697=EDGE_CURVE('',#6541,#6513,#1534,.T.);
#8699=EDGE_CURVE('',#6513,#6514,#1539,.T.);
#8701=EDGE_CURVE('',#6514,#6516,#1543,.T.);
#8703=EDGE_CURVE('',#6516,#6519,#1547,.T.);
#8705=EDGE_CURVE('',#6519,#6520,#1551,.T.);
#8707=EDGE_CURVE('',#6520,#6522,#1556,.T.);
#8709=EDGE_CURVE('',#6522,#6542,#1560,.T.);
#8720=EDGE_CURVE('',#6545,#7013,#1590,.T.);
#8722=EDGE_CURVE('',#7001,#7013,#1644,.T.);
#8734=EDGE_CURVE('',#7022,#6546,#1564,.T.);
#8736=EDGE_CURVE('',#7020,#7022,#1569,.T.);
#8738=EDGE_CURVE('',#7018,#7020,#1573,.T.);
#8740=EDGE_CURVE('',#7016,#7018,#1577,.T.);
#8742=EDGE_CURVE('',#7014,#7016,#1581,.T.);
#8744=EDGE_CURVE('',#7013,#7014,#1586,.T.);
#8756=EDGE_CURVE('',#6534,#6550,#1594,.T.);
#8758=EDGE_CURVE('',#6532,#6534,#1599,.T.);
#8760=EDGE_CURVE('',#6531,#6532,#1603,.T.);
#8762=EDGE_CURVE('',#6528,#6531,#1607,.T.);
#8764=EDGE_CURVE('',#6526,#6528,#1611,.T.);
#8766=EDGE_CURVE('',#6525,#6526,#1616,.T.);
#8768=EDGE_CURVE('',#6549,#6525,#1620,.T.);
#8780=EDGE_CURVE('',#7010,#7022,#1624,.T.);
#8792=EDGE_CURVE('',#7008,#7020,#1628,.T.);
#8805=EDGE_CURVE('',#7006,#7018,#1632,.T.);
#8818=EDGE_CURVE('',#7004,#7016,#1636,.T.);
#8831=EDGE_CURVE('',#7002,#7014,#1640,.T.);
#8857=EDGE_CURVE('',#6522,#6534,#1648,.T.);
#8869=EDGE_CURVE('',#6520,#6532,#1652,.T.);
#8882=EDGE_CURVE('',#6519,#6531,#1656,.T.);
#8895=EDGE_CURVE('',#6516,#6528,#1660,.T.);
#8908=EDGE_CURVE('',#6514,#6526,#1664,.T.);
#8921=EDGE_CURVE('',#6513,#6525,#1668,.T.);
#8945=EDGE_CURVE('',#6856,#6864,#1673,.T.);
#8948=EDGE_CURVE('',#6866,#6858,#1710,.T.);
#8950=EDGE_CURVE('',#6858,#6856,#1681,.T.);
#8960=EDGE_CURVE('',#6856,#6837,#1677,.T.);
#8962=EDGE_CURVE('',#6833,#6837,#5312,.T.);
#8964=EDGE_CURVE('',#6841,#6833,#1718,.T.);
#8978=EDGE_CURVE('',#6838,#6858,#1685,.T.);
#8980=EDGE_CURVE('',#6837,#6838,#1689,.T.);
#8990=EDGE_CURVE('',#6860,#6849,#1693,.T.);
#8992=EDGE_CURVE('',#6862,#6860,#1697,.T.);
#8994=EDGE_CURVE('',#6850,#6862,#1701,.T.);
#8996=EDGE_CURVE('',#6849,#6850,#1705,.T.);
#9009=EDGE_CURVE('',#6834,#6842,#1726,.T.);
#9011=EDGE_CURVE('',#6834,#6838,#1714,.T.);
#9021=EDGE_CURVE('',#6841,#6842,#1742,.T.);
#9024=EDGE_CURVE('',#6833,#6834,#1722,.T.);
#9035=EDGE_CURVE('',#6853,#6854,#5212,.T.);
#9037=EDGE_CURVE('',#6854,#6845,#1730,.T.);
#9039=EDGE_CURVE('',#6845,#6846,#1734,.T.);
#9041=EDGE_CURVE('',#6846,#6853,#1738,.T.);
#9054=EDGE_CURVE('',#6480,#6482,#1758,.T.);
#9056=EDGE_CURVE('',#6480,#6478,#2154,.T.);
#9067=EDGE_CURVE('',#5511,#5512,#1746,.T.);
#9069=EDGE_CURVE('',#5390,#5511,#1750,.T.);
#9071=EDGE_CURVE('',#5390,#6480,#1754,.T.);
#9076=EDGE_CURVE('',#5338,#5388,#1770,.T.);
#9078=EDGE_CURVE('',#5524,#5388,#1774,.T.);
#9080=EDGE_CURVE('',#5524,#5522,#1778,.T.);
#9082=EDGE_CURVE('',#5520,#5522,#1782,.T.);
#9084=EDGE_CURVE('',#5518,#5520,#1786,.T.);
#9086=EDGE_CURVE('',#5516,#5518,#1790,.T.);
#9088=EDGE_CURVE('',#5514,#5516,#1794,.T.);
#9090=EDGE_CURVE('',#5512,#5514,#1798,.T.);
#9101=EDGE_CURVE('',#5512,#5503,#1802,.T.);
#9103=EDGE_CURVE('',#5526,#5503,#1862,.T.);
#9105=EDGE_CURVE('',#5526,#5511,#5188,.T.);
#9116=EDGE_CURVE('',#5514,#5504,#1810,.T.);
#9118=EDGE_CURVE('',#5503,#5504,#1866,.T.);
#9129=EDGE_CURVE('',#5516,#5992,#1834,.T.);
#9131=EDGE_CURVE('',#5992,#5964,#1806,.T.);
#9133=EDGE_CURVE('',#5964,#5966,#1914,.T.);
#9135=EDGE_CURVE('',#5504,#5966,#1850,.T.);
#9147=EDGE_CURVE('',#5983,#5984,#1814,.T.);
#9149=EDGE_CURVE('',#5984,#5986,#1818,.T.);
#9151=EDGE_CURVE('',#5986,#5988,#1822,.T.);
#9153=EDGE_CURVE('',#5988,#5990,#1826,.T.);
#9155=EDGE_CURVE('',#5992,#5990,#1830,.T.);
#9159=EDGE_CURVE('',#5518,#5983,#1846,.T.);
#9170=EDGE_CURVE('',#5983,#5955,#1838,.T.);
#9172=EDGE_CURVE('',#5955,#5956,#1902,.T.);
#9174=EDGE_CURVE('',#5984,#5956,#5308,.T.);
#9184=EDGE_CURVE('',#5507,#5968,#1842,.T.);
#9186=EDGE_CURVE('',#5968,#5955,#1906,.T.);
#9191=EDGE_CURVE('',#5520,#5507,#5208,.T.);
#9202=EDGE_CURVE('',#5966,#5968,#1910,.T.);
#9205=EDGE_CURVE('',#5507,#5508,#1854,.T.);
#9207=EDGE_CURVE('',#5508,#5528,#1858,.T.);
#9209=EDGE_CURVE('',#5392,#5528,#5200,.T.);
#9211=EDGE_CURVE('',#5386,#5392,#2138,.T.);
#9213=EDGE_CURVE('',#5385,#5386,#2170,.T.);
#9215=EDGE_CURVE('',#5385,#5394,#2114,.T.);
#9217=EDGE_CURVE('',#5526,#5394,#5192,.T.);
#9229=EDGE_CURVE('',#5939,#5940,#1870,.T.);
#9231=EDGE_CURVE('',#5952,#5939,#1874,.T.);
#9233=EDGE_CURVE('',#5950,#5952,#1878,.T.);
#9235=EDGE_CURVE('',#5948,#5950,#1882,.T.);
#9237=EDGE_CURVE('',#5946,#5948,#1886,.T.);
#9239=EDGE_CURVE('',#5944,#5946,#1890,.T.);
#9241=EDGE_CURVE('',#5942,#5944,#1894,.T.);
#9243=EDGE_CURVE('',#5940,#5942,#1898,.T.);
#9257=EDGE_CURVE('',#5962,#5964,#1918,.T.);
#9259=EDGE_CURVE('',#5960,#5962,#1922,.T.);
#9261=EDGE_CURVE('',#5958,#5960,#1926,.T.);
#9263=EDGE_CURVE('',#5956,#5958,#1930,.T.);
#9273=EDGE_CURVE('',#5490,#5980,#1934,.T.);
#9275=EDGE_CURVE('',#5980,#5939,#1938,.T.);
#9278=EDGE_CURVE('',#5479,#5940,#1978,.T.);
#9280=EDGE_CURVE('',#5492,#5479,#5220,.T.);
#9282=EDGE_CURVE('',#5490,#5492,#2026,.T.);
#9292=EDGE_CURVE('',#5971,#5972,#1942,.T.);
#9294=EDGE_CURVE('',#5972,#5974,#1946,.T.);
#9296=EDGE_CURVE('',#5974,#5976,#1950,.T.);
#9298=EDGE_CURVE('',#5976,#5978,#1954,.T.);
#9300=EDGE_CURVE('',#5980,#5978,#1958,.T.);
#9303=EDGE_CURVE('',#5488,#5490,#2022,.T.);
#9305=EDGE_CURVE('',#5488,#5971,#1962,.T.);
#9316=EDGE_CURVE('',#5971,#5944,#1966,.T.);
#9319=EDGE_CURVE('',#5972,#5946,#5280,.T.);
#9329=EDGE_CURVE('',#5476,#5942,#1970,.T.);
#9334=EDGE_CURVE('',#5486,#5488,#2018,.T.);
#9336=EDGE_CURVE('',#5486,#5476,#1974,.T.);
#9349=EDGE_CURVE('',#5475,#5476,#1982,.T.);
#9351=EDGE_CURVE('',#5498,#5475,#1986,.T.);
#9353=EDGE_CURVE('',#5498,#5378,#1990,.T.);
#9355=EDGE_CURVE('',#5378,#5369,#2102,.T.);
#9357=EDGE_CURVE('',#5369,#5370,#2158,.T.);
#9359=EDGE_CURVE('',#5376,#5370,#2134,.T.);
#9361=EDGE_CURVE('',#5376,#5500,#1994,.T.);
#9363=EDGE_CURVE('',#5480,#5500,#1998,.T.);
#9365=EDGE_CURVE('',#5479,#5480,#2002,.T.);
#9375=EDGE_CURVE('',#5484,#5486,#2014,.T.);
#9377=EDGE_CURVE('',#5484,#5475,#2006,.T.);
#9389=EDGE_CURVE('',#5483,#5484,#2010,.T.);
#9395=EDGE_CURVE('',#5492,#5494,#2030,.T.);
#9397=EDGE_CURVE('',#5496,#5494,#2034,.T.);
#9399=EDGE_CURVE('',#5496,#5372,#2038,.T.);
#9401=EDGE_CURVE('',#5341,#5372,#2042,.T.);
#9405=EDGE_CURVE('',#5381,#5382,#2054,.T.);
#9407=EDGE_CURVE('',#5374,#5381,#2058,.T.);
#9409=EDGE_CURVE('',#5374,#5483,#2062,.T.);
#9413=EDGE_CURVE('',#6499,#6500,#2066,.T.);
#9415=EDGE_CURVE('',#6500,#6502,#2070,.T.);
#9417=EDGE_CURVE('',#6502,#6504,#2074,.T.);
#9419=EDGE_CURVE('',#6504,#6506,#2078,.T.);
#9421=EDGE_CURVE('',#6506,#6508,#2082,.T.);
#9423=EDGE_CURVE('',#6508,#6510,#2086,.T.);
#9425=EDGE_CURVE('',#6510,#6499,#2090,.T.);
#9436=EDGE_CURVE('',#5483,#5498,#2094,.T.);
#9450=EDGE_CURVE('',#5374,#5378,#2106,.T.);
#9461=EDGE_CURVE('',#5496,#5500,#2098,.T.);
#9464=EDGE_CURVE('',#5372,#5376,#2130,.T.);
#9475=EDGE_CURVE('',#5374,#5369,#2122,.T.);
#9487=EDGE_CURVE('',#5385,#5390,#2150,.T.);
#9489=EDGE_CURVE('',#5394,#5390,#2110,.T.);
#9500=EDGE_CURVE('',#5372,#5370,#2118,.T.);
#9502=EDGE_CURVE('',#5342,#5370,#2182,.T.);
#9516=EDGE_CURVE('',#5381,#6476,#2126,.T.);
#9519=EDGE_CURVE('',#5369,#5346,#2162,.T.);
#9540=EDGE_CURVE('',#5386,#5388,#2146,.T.);
#9543=EDGE_CURVE('',#5392,#5388,#2142,.T.);
#9556=EDGE_CURVE('',#5337,#5386,#2174,.T.);
#9567=EDGE_CURVE('',#5385,#5345,#2166,.T.);
#9590=EDGE_CURVE('',#6283,#6284,#2186,.T.);
#9592=EDGE_CURVE('',#6284,#6320,#2190,.T.);
#9594=EDGE_CURVE('',#6320,#6287,#2194,.T.);
#9596=EDGE_CURVE('',#6287,#6288,#2198,.T.);
#9598=EDGE_CURVE('',#6288,#6283,#2202,.T.);
#9602=EDGE_CURVE('',#6291,#6292,#2206,.T.);
#9604=EDGE_CURVE('',#6292,#6295,#2210,.T.);
#9606=EDGE_CURVE('',#6295,#6296,#2214,.T.);
#9608=EDGE_CURVE('',#6296,#6318,#2218,.T.);
#9610=EDGE_CURVE('',#6318,#6291,#2222,.T.);
#9614=EDGE_CURVE('',#6299,#6300,#2226,.T.);
#9616=EDGE_CURVE('',#6300,#6303,#2230,.T.);
#9618=EDGE_CURVE('',#6303,#6304,#2234,.T.);
#9620=EDGE_CURVE('',#6304,#6306,#2238,.T.);
#9622=EDGE_CURVE('',#6306,#6299,#2242,.T.);
#9626=EDGE_CURVE('',#6309,#6310,#2246,.T.);
#9628=EDGE_CURVE('',#6310,#6313,#2250,.T.);
#9630=EDGE_CURVE('',#6313,#6314,#2254,.T.);
#9632=EDGE_CURVE('',#6314,#6316,#2258,.T.);
#9634=EDGE_CURVE('',#6316,#6309,#2262,.T.);
#9638=EDGE_CURVE('',#6323,#6324,#2266,.T.);
#9640=EDGE_CURVE('',#6324,#6326,#2270,.T.);
#9642=EDGE_CURVE('',#6326,#6328,#2274,.T.);
#9644=EDGE_CURVE('',#6328,#6330,#2278,.T.);
#9646=EDGE_CURVE('',#6330,#6323,#2282,.T.);
#9650=EDGE_CURVE('',#6333,#6334,#2286,.T.);
#9652=EDGE_CURVE('',#6334,#6336,#2290,.T.);
#9654=EDGE_CURVE('',#6336,#6338,#2294,.T.);
#9656=EDGE_CURVE('',#6338,#6340,#2298,.T.);
#9658=EDGE_CURVE('',#6340,#6333,#2302,.T.);
#9662=EDGE_CURVE('',#6343,#6344,#2306,.T.);
#9664=EDGE_CURVE('',#6344,#6346,#2310,.T.);
#9666=EDGE_CURVE('',#6346,#6348,#2314,.T.);
#9668=EDGE_CURVE('',#6348,#6343,#2318,.T.);
#9672=EDGE_CURVE('',#6351,#6352,#2322,.T.);
#9674=EDGE_CURVE('',#6352,#6354,#2326,.T.);
#9676=EDGE_CURVE('',#6354,#6356,#2330,.T.);
#9678=EDGE_CURVE('',#6356,#6358,#2334,.T.);
#9680=EDGE_CURVE('',#6358,#6351,#2338,.T.);
#9684=EDGE_CURVE('',#6361,#6362,#2342,.T.);
#9686=EDGE_CURVE('',#6362,#6364,#2346,.T.);
#9688=EDGE_CURVE('',#6364,#6366,#2350,.T.);
#9690=EDGE_CURVE('',#6366,#6368,#2354,.T.);
#9692=EDGE_CURVE('',#6368,#6361,#2358,.T.);
#9696=EDGE_CURVE('',#6371,#6372,#2362,.T.);
#9698=EDGE_CURVE('',#6372,#6374,#2366,.T.);
#9700=EDGE_CURVE('',#6374,#6376,#2370,.T.);
#9702=EDGE_CURVE('',#6376,#6378,#2374,.T.);
#9704=EDGE_CURVE('',#6378,#6371,#2378,.T.);
#9708=EDGE_CURVE('',#6381,#6382,#2382,.T.);
#9710=EDGE_CURVE('',#6382,#6384,#2386,.T.);
#9712=EDGE_CURVE('',#6384,#6386,#2390,.T.);
#9714=EDGE_CURVE('',#6386,#6388,#2394,.T.);
#9716=EDGE_CURVE('',#6388,#6381,#2398,.T.);
#9720=EDGE_CURVE('',#6391,#6392,#2402,.T.);
#9722=EDGE_CURVE('',#6392,#6394,#2406,.T.);
#9724=EDGE_CURVE('',#6394,#6396,#2410,.T.);
#9726=EDGE_CURVE('',#6396,#6398,#2414,.T.);
#9728=EDGE_CURVE('',#6398,#6391,#2418,.T.);
#9739=EDGE_CURVE('',#6283,#6166,#2422,.T.);
#9741=EDGE_CURVE('',#6166,#6168,#2458,.T.);
#9743=EDGE_CURVE('',#6284,#6168,#2438,.T.);
#9754=EDGE_CURVE('',#6288,#6165,#2426,.T.);
#9756=EDGE_CURVE('',#6165,#6166,#2442,.T.);
#9768=EDGE_CURVE('',#6287,#6172,#2430,.T.);
#9770=EDGE_CURVE('',#6172,#6165,#2446,.T.);
#9783=EDGE_CURVE('',#6320,#6170,#2434,.T.);
#9785=EDGE_CURVE('',#6170,#6172,#2450,.T.);
#9797=EDGE_CURVE('',#6168,#6170,#2454,.T.);
#9815=EDGE_CURVE('',#6584,#6588,#2694,.T.);
#9817=EDGE_CURVE('',#6590,#6588,#2698,.T.);
#9819=EDGE_CURVE('',#6586,#6590,#2702,.T.);
#9821=EDGE_CURVE('',#6586,#6584,#2706,.T.);
#9831=EDGE_CURVE('',#6175,#6176,#2462,.T.);
#9833=EDGE_CURVE('',#6182,#6175,#2466,.T.);
#9835=EDGE_CURVE('',#6180,#6182,#2470,.T.);
#9837=EDGE_CURVE('',#6178,#6180,#2474,.T.);
#9839=EDGE_CURVE('',#6176,#6178,#2478,.T.);
#9843=EDGE_CURVE('',#6592,#6812,#2678,.T.);
#9845=EDGE_CURVE('',#6814,#6812,#2682,.T.);
#9847=EDGE_CURVE('',#6594,#6814,#2686,.T.);
#9849=EDGE_CURVE('',#6594,#6592,#2690,.T.);
#9859=EDGE_CURVE('',#6185,#6186,#2482,.T.);
#9861=EDGE_CURVE('',#6192,#6185,#2486,.T.);
#9863=EDGE_CURVE('',#6190,#6192,#2490,.T.);
#9865=EDGE_CURVE('',#6188,#6190,#2494,.T.);
#9867=EDGE_CURVE('',#6186,#6188,#2498,.T.);
#9871=EDGE_CURVE('',#6636,#6816,#2710,.T.);
#9873=EDGE_CURVE('',#6818,#6816,#2714,.T.);
#9875=EDGE_CURVE('',#6638,#6818,#2718,.T.);
#9877=EDGE_CURVE('',#6638,#6636,#2722,.T.);
#9887=EDGE_CURVE('',#6195,#6196,#2502,.T.);
#9889=EDGE_CURVE('',#6202,#6195,#2506,.T.);
#9891=EDGE_CURVE('',#6200,#6202,#2510,.T.);
#9893=EDGE_CURVE('',#6198,#6200,#2514,.T.);
#9895=EDGE_CURVE('',#6196,#6198,#2518,.T.);
#9899=EDGE_CURVE('',#6628,#6632,#2726,.T.);
#9901=EDGE_CURVE('',#6634,#6632,#2730,.T.);
#9903=EDGE_CURVE('',#6630,#6634,#2734,.T.);
#9905=EDGE_CURVE('',#6630,#6628,#2738,.T.);
#9915=EDGE_CURVE('',#6205,#6206,#2522,.T.);
#9917=EDGE_CURVE('',#6210,#6205,#2526,.T.);
#9919=EDGE_CURVE('',#6208,#6210,#2530,.T.);
#9921=EDGE_CURVE('',#6206,#6208,#2534,.T.);
#9925=EDGE_CURVE('',#6672,#6676,#2758,.T.);
#9927=EDGE_CURVE('',#6678,#6676,#2762,.T.);
#9929=EDGE_CURVE('',#6674,#6678,#2766,.T.);
#9931=EDGE_CURVE('',#6674,#6672,#2770,.T.);
#9941=EDGE_CURVE('',#6213,#6214,#2538,.T.);
#9943=EDGE_CURVE('',#6220,#6213,#2542,.T.);
#9945=EDGE_CURVE('',#6218,#6220,#2546,.T.);
#9947=EDGE_CURVE('',#6216,#6218,#2550,.T.);
#9949=EDGE_CURVE('',#6214,#6216,#2554,.T.);
#9953=EDGE_CURVE('',#6680,#6820,#2742,.T.);
#9955=EDGE_CURVE('',#6822,#6820,#2746,.T.);
#9957=EDGE_CURVE('',#6682,#6822,#2750,.T.);
#9959=EDGE_CURVE('',#6682,#6680,#2754,.T.);
#9969=EDGE_CURVE('',#6223,#6224,#2558,.T.);
#9971=EDGE_CURVE('',#6230,#6223,#2562,.T.);
#9973=EDGE_CURVE('',#6228,#6230,#2566,.T.);
#9975=EDGE_CURVE('',#6226,#6228,#2570,.T.);
#9977=EDGE_CURVE('',#6224,#6226,#2574,.T.);
#9981=EDGE_CURVE('',#6724,#6824,#2774,.T.);
#9983=EDGE_CURVE('',#6826,#6824,#2778,.T.);
#9985=EDGE_CURVE('',#6726,#6826,#2782,.T.);
#9987=EDGE_CURVE('',#6726,#6724,#2786,.T.);
#9997=EDGE_CURVE('',#6233,#6234,#2578,.T.);
#9999=EDGE_CURVE('',#6240,#6233,#2582,.T.);
#10001=EDGE_CURVE('',#6238,#6240,#2586,.T.);
#10003=EDGE_CURVE('',#6236,#6238,#2590,.T.);
#10005=EDGE_CURVE('',#6234,#6236,#2594,.T.);
#10009=EDGE_CURVE('',#6716,#6720,#2790,.T.);
#10011=EDGE_CURVE('',#6722,#6720,#2794,.T.);
#10013=EDGE_CURVE('',#6718,#6722,#2798,.T.);
#10015=EDGE_CURVE('',#6718,#6716,#2802,.T.);
#10025=EDGE_CURVE('',#6243,#6244,#2598,.T.);
#10027=EDGE_CURVE('',#6250,#6243,#2602,.T.);
#10029=EDGE_CURVE('',#6248,#6250,#2606,.T.);
#10031=EDGE_CURVE('',#6246,#6248,#2610,.T.);
#10033=EDGE_CURVE('',#6244,#6246,#2614,.T.);
#10037=EDGE_CURVE('',#6768,#6828,#2806,.T.);
#10041=EDGE_CURVE('',#6770,#6768,#2818,.T.);
#10051=EDGE_CURVE('',#6253,#6254,#2618,.T.);
#10053=EDGE_CURVE('',#6260,#6253,#2622,.T.);
#10055=EDGE_CURVE('',#6258,#6260,#2626,.T.);
#10057=EDGE_CURVE('',#6256,#6258,#2630,.T.);
#10059=EDGE_CURVE('',#6254,#6256,#2634,.T.);
#10063=EDGE_CURVE('',#6760,#6764,#2822,.T.);
#10067=EDGE_CURVE('',#6762,#6760,#2834,.T.);
#10077=EDGE_CURVE('',#6263,#6264,#2638,.T.);
#10079=EDGE_CURVE('',#6270,#6263,#2642,.T.);
#10081=EDGE_CURVE('',#6268,#6270,#2646,.T.);
#10083=EDGE_CURVE('',#6266,#6268,#2650,.T.);
#10085=EDGE_CURVE('',#6264,#6266,#2654,.T.);
#10090=EDGE_CURVE('',#6994,#6986,#2842,.T.);
#10092=EDGE_CURVE('',#6993,#6994,#2846,.T.);
#10094=EDGE_CURVE('',#6993,#6985,#2850,.T.);
#10104=EDGE_CURVE('',#6273,#6274,#2658,.T.);
#10106=EDGE_CURVE('',#6280,#6273,#2662,.T.);
#10108=EDGE_CURVE('',#6278,#6280,#2666,.T.);
#10110=EDGE_CURVE('',#6276,#6278,#2670,.T.);
#10112=EDGE_CURVE('',#6274,#6276,#2674,.T.);
#10118=EDGE_CURVE('',#6997,#6998,#2862,.T.);
#10120=EDGE_CURVE('',#6997,#6989,#2866,.T.);
#10131=EDGE_CURVE('',#6291,#6175,#2870,.T.);
#10134=EDGE_CURVE('',#6292,#6176,#2886,.T.);
#10144=EDGE_CURVE('',#6318,#6182,#2874,.T.);
#10157=EDGE_CURVE('',#6296,#6180,#2878,.T.);
#10171=EDGE_CURVE('',#6295,#6178,#2882,.T.);
#10196=EDGE_CURVE('',#6323,#6185,#2890,.T.);
#10199=EDGE_CURVE('',#6324,#6186,#2906,.T.);
#10210=EDGE_CURVE('',#6330,#6192,#2894,.T.);
#10223=EDGE_CURVE('',#6328,#6190,#2898,.T.);
#10236=EDGE_CURVE('',#6326,#6188,#2902,.T.);
#10261=EDGE_CURVE('',#6333,#6195,#2910,.T.);
#10264=EDGE_CURVE('',#6334,#6196,#2926,.T.);
#10275=EDGE_CURVE('',#6340,#6202,#2914,.T.);
#10288=EDGE_CURVE('',#6338,#6200,#2918,.T.);
#10301=EDGE_CURVE('',#6336,#6198,#2922,.T.);
#10326=EDGE_CURVE('',#6343,#6205,#2930,.T.);
#10329=EDGE_CURVE('',#6344,#6206,#2942,.T.);
#10340=EDGE_CURVE('',#6348,#6210,#2934,.T.);
#10353=EDGE_CURVE('',#6346,#6208,#2938,.T.);
#10378=EDGE_CURVE('',#6351,#6213,#2946,.T.);
#10381=EDGE_CURVE('',#6352,#6214,#2962,.T.);
#10392=EDGE_CURVE('',#6358,#6220,#2950,.T.);
#10405=EDGE_CURVE('',#6356,#6218,#2954,.T.);
#10418=EDGE_CURVE('',#6354,#6216,#2958,.T.);
#10443=EDGE_CURVE('',#6361,#6223,#2966,.T.);
#10446=EDGE_CURVE('',#6362,#6224,#2982,.T.);
#10457=EDGE_CURVE('',#6368,#6230,#2970,.T.);
#10470=EDGE_CURVE('',#6366,#6228,#2974,.T.);
#10483=EDGE_CURVE('',#6364,#6226,#2978,.T.);
#10508=EDGE_CURVE('',#6371,#6233,#2986,.T.);
#10511=EDGE_CURVE('',#6372,#6234,#3002,.T.);
#10522=EDGE_CURVE('',#6378,#6240,#2990,.T.);
#10535=EDGE_CURVE('',#6376,#6238,#2994,.T.);
#10548=EDGE_CURVE('',#6374,#6236,#2998,.T.);
#10573=EDGE_CURVE('',#6381,#6243,#3006,.T.);
#10576=EDGE_CURVE('',#6382,#6244,#3022,.T.);
#10587=EDGE_CURVE('',#6388,#6250,#3010,.T.);
#10600=EDGE_CURVE('',#6386,#6248,#3014,.T.);
#10613=EDGE_CURVE('',#6384,#6246,#3018,.T.);
#10638=EDGE_CURVE('',#6391,#6253,#3026,.T.);
#10641=EDGE_CURVE('',#6392,#6254,#3042,.T.);
#10652=EDGE_CURVE('',#6398,#6260,#3030,.T.);
#10665=EDGE_CURVE('',#6396,#6258,#3034,.T.);
#10678=EDGE_CURVE('',#6394,#6256,#3038,.T.);
#10703=EDGE_CURVE('',#6306,#6263,#3046,.T.);
#10706=EDGE_CURVE('',#6299,#6264,#3062,.T.);
#10717=EDGE_CURVE('',#6304,#6270,#3050,.T.);
#10730=EDGE_CURVE('',#6303,#6268,#3054,.T.);
#10744=EDGE_CURVE('',#6300,#6266,#3058,.T.);
#10768=EDGE_CURVE('',#6316,#6273,#3066,.T.);
#10771=EDGE_CURVE('',#6309,#6274,#3082,.T.);
#10782=EDGE_CURVE('',#6314,#6280,#3070,.T.);
#10795=EDGE_CURVE('',#6313,#6278,#3074,.T.);
#10807=EDGE_CURVE('',#6310,#6276,#3078,.T.);
#10832=EDGE_CURVE('',#5565,#5566,#3086,.T.);
#10834=EDGE_CURVE('',#5536,#5565,#3090,.T.);
#10836=EDGE_CURVE('',#5535,#5536,#3094,.T.);
#10838=EDGE_CURVE('',#6106,#5535,#3098,.T.);
#10840=EDGE_CURVE('',#6104,#6106,#3103,.T.);
#10842=EDGE_CURVE('',#5532,#6104,#3107,.T.);
#10844=EDGE_CURVE('',#5531,#5532,#3111,.T.);
#10846=EDGE_CURVE('',#6108,#5531,#3116,.T.);
#10848=EDGE_CURVE('',#5578,#6108,#3120,.T.);
#10862=EDGE_CURVE('',#5866,#5846,#3124,.T.);
#10864=EDGE_CURVE('',#5865,#5866,#3128,.T.);
#10866=EDGE_CURVE('',#5586,#5865,#3132,.T.);
#10878=EDGE_CURVE('',#6030,#6086,#3136,.T.);
#10880=EDGE_CURVE('',#6028,#6030,#3141,.T.);
#10882=EDGE_CURVE('',#6027,#6028,#3145,.T.);
#10884=EDGE_CURVE('',#5904,#6027,#3149,.T.);
#10894=EDGE_CURVE('',#6564,#6557,#3153,.T.);
#10896=EDGE_CURVE('',#6588,#6564,#3157,.T.);
#10899=EDGE_CURVE('',#6557,#6584,#3161,.T.);
#10909=EDGE_CURVE('',#6580,#6573,#3165,.T.);
#10911=EDGE_CURVE('',#6812,#6580,#3169,.T.);
#10914=EDGE_CURVE('',#6573,#6592,#3173,.T.);
#10924=EDGE_CURVE('',#5548,#5452,#3185,.T.);
#10926=EDGE_CURVE('',#5568,#5548,#3318,.T.);
#10928=EDGE_CURVE('',#5565,#5568,#3177,.T.);
#10931=EDGE_CURVE('',#5456,#5566,#3241,.T.);
#10933=EDGE_CURVE('',#5452,#5456,#3209,.T.);
#10943=EDGE_CURVE('',#6564,#6560,#3181,.T.);
#10945=EDGE_CURVE('',#6590,#6560,#3376,.T.);
#10957=EDGE_CURVE('',#5451,#5452,#3205,.T.);
#10970=EDGE_CURVE('',#5551,#5552,#3189,.T.);
#10973=EDGE_CURVE('',#5844,#5558,#3193,.T.);
#10975=EDGE_CURVE('',#5552,#5558,#3217,.T.);
#10986=EDGE_CURVE('',#6404,#5561,#3197,.T.);
#10988=EDGE_CURVE('',#6400,#6404,#3229,.T.);
#10990=EDGE_CURVE('',#5562,#6400,#3201,.T.);
#11002=EDGE_CURVE('',#5455,#5456,#3237,.T.);
#11013=EDGE_CURVE('',#5552,#5554,#3213,.T.);
#11016=EDGE_CURVE('',#5558,#5582,#3221,.T.);
#11018=EDGE_CURVE('',#5554,#5582,#3249,.T.);
#11028=EDGE_CURVE('',#6400,#6402,#3225,.T.);
#11031=EDGE_CURVE('',#6404,#6406,#3233,.T.);
#11033=EDGE_CURVE('',#6402,#6406,#3261,.T.);
#11055=EDGE_CURVE('',#5554,#5578,#3245,.T.);
#11058=EDGE_CURVE('',#5582,#5846,#3253,.T.);
#11070=EDGE_CURVE('',#6402,#5586,#3257,.T.);
#11073=EDGE_CURVE('',#6406,#5585,#3265,.T.);
#11087=EDGE_CURVE('',#6108,#6114,#3273,.T.);
#11089=EDGE_CURVE('',#5551,#6114,#3322,.T.);
#11099=EDGE_CURVE('',#6557,#6558,#3269,.T.);
#11103=EDGE_CURVE('',#6558,#6586,#3372,.T.);
#11114=EDGE_CURVE('',#5531,#5539,#3277,.T.);
#11116=EDGE_CURVE('',#6114,#5539,#3327,.T.);
#11128=EDGE_CURVE('',#5532,#5540,#3281,.T.);
#11130=EDGE_CURVE('',#5539,#5540,#3331,.T.);
#11142=EDGE_CURVE('',#6104,#6110,#3285,.T.);
#11144=EDGE_CURVE('',#5540,#6110,#3335,.T.);
#11156=EDGE_CURVE('',#6106,#6112,#3289,.T.);
#11158=EDGE_CURVE('',#6110,#6112,#3340,.T.);
#11170=EDGE_CURVE('',#5535,#5543,#3293,.T.);
#11172=EDGE_CURVE('',#6112,#5543,#3344,.T.);
#11184=EDGE_CURVE('',#5536,#5544,#3297,.T.);
#11186=EDGE_CURVE('',#5543,#5544,#3348,.T.);
#11199=EDGE_CURVE('',#5544,#5568,#3352,.T.);
#11212=EDGE_CURVE('',#5546,#6033,#3301,.T.);
#11214=EDGE_CURVE('',#6033,#6034,#3305,.T.);
#11216=EDGE_CURVE('',#6034,#6036,#3310,.T.);
#11218=EDGE_CURVE('',#6036,#5430,#3314,.T.);
#11249=EDGE_CURVE('',#5562,#5869,#3356,.T.);
#11251=EDGE_CURVE('',#5869,#5870,#3360,.T.);
#11253=EDGE_CURVE('',#5870,#5844,#3364,.T.);
#11263=EDGE_CURVE('',#6558,#6560,#3368,.T.);
#11276=EDGE_CURVE('',#6574,#6576,#3380,.T.);
#11278=EDGE_CURVE('',#6574,#6594,#3384,.T.);
#11281=EDGE_CURVE('',#6814,#6576,#3388,.T.);
#11292=EDGE_CURVE('',#6027,#6033,#3392,.T.);
#11305=EDGE_CURVE('',#6028,#6034,#3396,.T.);
#11318=EDGE_CURVE('',#6030,#6036,#3400,.T.);
#11343=EDGE_CURVE('',#5865,#5869,#3404,.T.);
#11358=EDGE_CURVE('',#5866,#5870,#3408,.T.);
#11385=EDGE_CURVE('',#6562,#6560,#3412,.T.);
#11387=EDGE_CURVE('',#6554,#6562,#3424,.T.);
#11389=EDGE_CURVE('',#6554,#6558,#3440,.T.);
#11400=EDGE_CURVE('',#6566,#6564,#3416,.T.);
#11402=EDGE_CURVE('',#6566,#6562,#3428,.T.);
#11413=EDGE_CURVE('',#6566,#6553,#3432,.T.);
#11417=EDGE_CURVE('',#6557,#6553,#3436,.T.);
#11427=EDGE_CURVE('',#6553,#6554,#3420,.T.);
#11453=EDGE_CURVE('',#6578,#6576,#3444,.T.);
#11455=EDGE_CURVE('',#6570,#6578,#3464,.T.);
#11457=EDGE_CURVE('',#6570,#6574,#3480,.T.);
#11467=EDGE_CURVE('',#6580,#6576,#3456,.T.);
#11469=EDGE_CURVE('',#6582,#6580,#3448,.T.);
#11471=EDGE_CURVE('',#6582,#6578,#3468,.T.);
#11506=EDGE_CURVE('',#6582,#6569,#3472,.T.);
#11510=EDGE_CURVE('',#6573,#6569,#3476,.T.);
#11520=EDGE_CURVE('',#6569,#6570,#3460,.T.);
#11535=EDGE_CURVE('',#6573,#6574,#3484,.T.);
#11560=EDGE_CURVE('',#5648,#5612,#3488,.T.);
#11562=EDGE_CURVE('',#5594,#5648,#3492,.T.);
#11564=EDGE_CURVE('',#5593,#5594,#3496,.T.);
#11566=EDGE_CURVE('',#6118,#5593,#3500,.T.);
#11568=EDGE_CURVE('',#6116,#6118,#3505,.T.);
#11570=EDGE_CURVE('',#5590,#6116,#3509,.T.);
#11572=EDGE_CURVE('',#5589,#5590,#3513,.T.);
#11574=EDGE_CURVE('',#6120,#5589,#3518,.T.);
#11576=EDGE_CURVE('',#5626,#6120,#3522,.T.);
#11588=EDGE_CURVE('',#5874,#5850,#3526,.T.);
#11590=EDGE_CURVE('',#5873,#5874,#3530,.T.);
#11592=EDGE_CURVE('',#5634,#5873,#3534,.T.);
#11604=EDGE_CURVE('',#6042,#6088,#3538,.T.);
#11606=EDGE_CURVE('',#6040,#6042,#3543,.T.);
#11608=EDGE_CURVE('',#6039,#6040,#3547,.T.);
#11610=EDGE_CURVE('',#5908,#6039,#3551,.T.);
#11620=EDGE_CURVE('',#6608,#6601,#3555,.T.);
#11622=EDGE_CURVE('',#6632,#6608,#3559,.T.);
#11625=EDGE_CURVE('',#6601,#6628,#3563,.T.);
#11635=EDGE_CURVE('',#6624,#6617,#3567,.T.);
#11637=EDGE_CURVE('',#6816,#6624,#3571,.T.);
#11640=EDGE_CURVE('',#6617,#6636,#3575,.T.);
#11650=EDGE_CURVE('',#5614,#5616,#3587,.T.);
#11652=EDGE_CURVE('',#5650,#5614,#3737,.T.);
#11654=EDGE_CURVE('',#5648,#5650,#3579,.T.);
#11657=EDGE_CURVE('',#5622,#5612,#3639,.T.);
#11659=EDGE_CURVE('',#5616,#5622,#3607,.T.);
#11669=EDGE_CURVE('',#6608,#6604,#3583,.T.);
#11671=EDGE_CURVE('',#6634,#6604,#3778,.T.);
#11684=EDGE_CURVE('',#5640,#5616,#3611,.T.);
#11696=EDGE_CURVE('',#5619,#5620,#3591,.T.);
#11699=EDGE_CURVE('',#5848,#5642,#3595,.T.);
#11701=EDGE_CURVE('',#5620,#5642,#3619,.T.);
#11712=EDGE_CURVE('',#6412,#5629,#3599,.T.);
#11714=EDGE_CURVE('',#6408,#6412,#3631,.T.);
#11716=EDGE_CURVE('',#5630,#6408,#3603,.T.);
#11727=EDGE_CURVE('',#5644,#5622,#3643,.T.);
#11739=EDGE_CURVE('',#5620,#5624,#3615,.T.);
#11742=EDGE_CURVE('',#5642,#5646,#3623,.T.);
#11744=EDGE_CURVE('',#5624,#5646,#3651,.T.);
#11754=EDGE_CURVE('',#6408,#6410,#3627,.T.);
#11757=EDGE_CURVE('',#6412,#6414,#3635,.T.);
#11759=EDGE_CURVE('',#6410,#6414,#3663,.T.);
#11781=EDGE_CURVE('',#5624,#5626,#3647,.T.);
#11784=EDGE_CURVE('',#5646,#5850,#3655,.T.);
#11796=EDGE_CURVE('',#6410,#5634,#3659,.T.);
#11799=EDGE_CURVE('',#6414,#5633,#3667,.T.);
#11813=EDGE_CURVE('',#6120,#6126,#3675,.T.);
#11815=EDGE_CURVE('',#5619,#6126,#3703,.T.);
#11825=EDGE_CURVE('',#6601,#6602,#3671,.T.);
#11829=EDGE_CURVE('',#6602,#6630,#3774,.T.);
#11840=EDGE_CURVE('',#5589,#5597,#3679,.T.);
#11842=EDGE_CURVE('',#6126,#5597,#3708,.T.);
#11854=EDGE_CURVE('',#5590,#5598,#3683,.T.);
#11856=EDGE_CURVE('',#5597,#5598,#3712,.T.);
#11868=EDGE_CURVE('',#6116,#6122,#3687,.T.);
#11870=EDGE_CURVE('',#5598,#6122,#3716,.T.);
#11882=EDGE_CURVE('',#6118,#6124,#3691,.T.);
#11884=EDGE_CURVE('',#6122,#6124,#3721,.T.);
#11896=EDGE_CURVE('',#5593,#5601,#3695,.T.);
#11898=EDGE_CURVE('',#6124,#5601,#3725,.T.);
#11910=EDGE_CURVE('',#5594,#5602,#3699,.T.);
#11912=EDGE_CURVE('',#5601,#5602,#3729,.T.);
#11925=EDGE_CURVE('',#5602,#5650,#3733,.T.);
#11957=EDGE_CURVE('',#5630,#5877,#3741,.T.);
#11959=EDGE_CURVE('',#5877,#5878,#3745,.T.);
#11961=EDGE_CURVE('',#5878,#5848,#3749,.T.);
#11972=EDGE_CURVE('',#5912,#6045,#3753,.T.);
#11974=EDGE_CURVE('',#6045,#6046,#3757,.T.);
#11976=EDGE_CURVE('',#6046,#6048,#3762,.T.);
#11978=EDGE_CURVE('',#6048,#6090,#3766,.T.);
#11989=EDGE_CURVE('',#6602,#6604,#3770,.T.);
#12002=EDGE_CURVE('',#6618,#6620,#3782,.T.);
#12004=EDGE_CURVE('',#6618,#6638,#3786,.T.);
#12007=EDGE_CURVE('',#6818,#6620,#3790,.T.);
#12018=EDGE_CURVE('',#5873,#5877,#3794,.T.);
#12033=EDGE_CURVE('',#5874,#5878,#3798,.T.);
#12060=EDGE_CURVE('',#6039,#6045,#3802,.T.);
#12073=EDGE_CURVE('',#6040,#6046,#3806,.T.);
#12086=EDGE_CURVE('',#6042,#6048,#3810,.T.);
#12111=EDGE_CURVE('',#6606,#6604,#3814,.T.);
#12113=EDGE_CURVE('',#6598,#6606,#3826,.T.);
#12115=EDGE_CURVE('',#6598,#6602,#3842,.T.);
#12126=EDGE_CURVE('',#6610,#6608,#3818,.T.);
#12128=EDGE_CURVE('',#6610,#6606,#3830,.T.);
#12139=EDGE_CURVE('',#6610,#6597,#3834,.T.);
#12143=EDGE_CURVE('',#6601,#6597,#3838,.T.);
#12153=EDGE_CURVE('',#6597,#6598,#3822,.T.);
#12179=EDGE_CURVE('',#6622,#6620,#3846,.T.);
#12181=EDGE_CURVE('',#6614,#6622,#3866,.T.);
#12183=EDGE_CURVE('',#6614,#6618,#3882,.T.);
#12193=EDGE_CURVE('',#6624,#6620,#3858,.T.);
#12195=EDGE_CURVE('',#6626,#6624,#3850,.T.);
#12197=EDGE_CURVE('',#6626,#6622,#3870,.T.);
#12232=EDGE_CURVE('',#6626,#6613,#3874,.T.);
#12236=EDGE_CURVE('',#6617,#6613,#3878,.T.);
#12246=EDGE_CURVE('',#6613,#6614,#3862,.T.);
#12261=EDGE_CURVE('',#6617,#6618,#3886,.T.);
#12286=EDGE_CURVE('',#5712,#5676,#3890,.T.);
#12288=EDGE_CURVE('',#5658,#5712,#3894,.T.);
#12290=EDGE_CURVE('',#5657,#5658,#3898,.T.);
#12292=EDGE_CURVE('',#6130,#5657,#3902,.T.);
#12294=EDGE_CURVE('',#6128,#6130,#3907,.T.);
#12296=EDGE_CURVE('',#5654,#6128,#3911,.T.);
#12298=EDGE_CURVE('',#5653,#5654,#3915,.T.);
#12300=EDGE_CURVE('',#6132,#5653,#3920,.T.);
#12302=EDGE_CURVE('',#5690,#6132,#3924,.T.);
#12314=EDGE_CURVE('',#5882,#5854,#3928,.T.);
#12316=EDGE_CURVE('',#5881,#5882,#3932,.T.);
#12318=EDGE_CURVE('',#5698,#5881,#3936,.T.);
#12330=EDGE_CURVE('',#6054,#6092,#3940,.T.);
#12332=EDGE_CURVE('',#6052,#6054,#3945,.T.);
#12334=EDGE_CURVE('',#6051,#6052,#3949,.T.);
#12336=EDGE_CURVE('',#5916,#6051,#3953,.T.);
#12346=EDGE_CURVE('',#6652,#6645,#3957,.T.);
#12348=EDGE_CURVE('',#6676,#6652,#3961,.T.);
#12351=EDGE_CURVE('',#6645,#6672,#3965,.T.);
#12361=EDGE_CURVE('',#6668,#6661,#3969,.T.);
#12363=EDGE_CURVE('',#6820,#6668,#3973,.T.);
#12366=EDGE_CURVE('',#6661,#6680,#3977,.T.);
#12376=EDGE_CURVE('',#5678,#5680,#3989,.T.);
#12378=EDGE_CURVE('',#5714,#5678,#4139,.T.);
#12380=EDGE_CURVE('',#5712,#5714,#3981,.T.);
#12383=EDGE_CURVE('',#5686,#5676,#4041,.T.);
#12385=EDGE_CURVE('',#5680,#5686,#4009,.T.);
#12395=EDGE_CURVE('',#6652,#6648,#3985,.T.);
#12397=EDGE_CURVE('',#6678,#6648,#4180,.T.);
#12410=EDGE_CURVE('',#5704,#5680,#4013,.T.);
#12422=EDGE_CURVE('',#5683,#5684,#3993,.T.);
#12425=EDGE_CURVE('',#5852,#5706,#3997,.T.);
#12427=EDGE_CURVE('',#5684,#5706,#4021,.T.);
#12438=EDGE_CURVE('',#6420,#5693,#4001,.T.);
#12440=EDGE_CURVE('',#6416,#6420,#4033,.T.);
#12442=EDGE_CURVE('',#5694,#6416,#4005,.T.);
#12453=EDGE_CURVE('',#5708,#5686,#4045,.T.);
#12465=EDGE_CURVE('',#5684,#5688,#4017,.T.);
#12468=EDGE_CURVE('',#5706,#5710,#4025,.T.);
#12470=EDGE_CURVE('',#5688,#5710,#4053,.T.);
#12480=EDGE_CURVE('',#6416,#6418,#4029,.T.);
#12483=EDGE_CURVE('',#6420,#6422,#4037,.T.);
#12485=EDGE_CURVE('',#6418,#6422,#4065,.T.);
#12507=EDGE_CURVE('',#5688,#5690,#4049,.T.);
#12510=EDGE_CURVE('',#5710,#5854,#4057,.T.);
#12522=EDGE_CURVE('',#6418,#5698,#4061,.T.);
#12525=EDGE_CURVE('',#6422,#5697,#4069,.T.);
#12539=EDGE_CURVE('',#6132,#6138,#4077,.T.);
#12541=EDGE_CURVE('',#5683,#6138,#4105,.T.);
#12551=EDGE_CURVE('',#6645,#6646,#4073,.T.);
#12555=EDGE_CURVE('',#6646,#6674,#4176,.T.);
#12566=EDGE_CURVE('',#5653,#5661,#4081,.T.);
#12568=EDGE_CURVE('',#6138,#5661,#4110,.T.);
#12580=EDGE_CURVE('',#5654,#5662,#4085,.T.);
#12582=EDGE_CURVE('',#5661,#5662,#4114,.T.);
#12594=EDGE_CURVE('',#6128,#6134,#4089,.T.);
#12596=EDGE_CURVE('',#5662,#6134,#4118,.T.);
#12608=EDGE_CURVE('',#6130,#6136,#4093,.T.);
#12610=EDGE_CURVE('',#6134,#6136,#4123,.T.);
#12622=EDGE_CURVE('',#5657,#5665,#4097,.T.);
#12624=EDGE_CURVE('',#6136,#5665,#4127,.T.);
#12636=EDGE_CURVE('',#5658,#5666,#4101,.T.);
#12638=EDGE_CURVE('',#5665,#5666,#4131,.T.);
#12651=EDGE_CURVE('',#5666,#5714,#4135,.T.);
#12683=EDGE_CURVE('',#5694,#5885,#4143,.T.);
#12685=EDGE_CURVE('',#5885,#5886,#4147,.T.);
#12687=EDGE_CURVE('',#5886,#5852,#4151,.T.);
#12698=EDGE_CURVE('',#5920,#6057,#4155,.T.);
#12700=EDGE_CURVE('',#6057,#6058,#4159,.T.);
#12702=EDGE_CURVE('',#6058,#6060,#4164,.T.);
#12704=EDGE_CURVE('',#6060,#6094,#4168,.T.);
#12715=EDGE_CURVE('',#6646,#6648,#4172,.T.);
#12728=EDGE_CURVE('',#6662,#6664,#4184,.T.);
#12730=EDGE_CURVE('',#6662,#6682,#4188,.T.);
#12733=EDGE_CURVE('',#6822,#6664,#4192,.T.);
#12744=EDGE_CURVE('',#5881,#5885,#4196,.T.);
#12759=EDGE_CURVE('',#5882,#5886,#4200,.T.);
#12786=EDGE_CURVE('',#6051,#6057,#4204,.T.);
#12799=EDGE_CURVE('',#6052,#6058,#4208,.T.);
#12812=EDGE_CURVE('',#6054,#6060,#4212,.T.);
#12837=EDGE_CURVE('',#6650,#6648,#4216,.T.);
#12839=EDGE_CURVE('',#6642,#6650,#4228,.T.);
#12841=EDGE_CURVE('',#6642,#6646,#4244,.T.);
#12852=EDGE_CURVE('',#6654,#6652,#4220,.T.);
#12854=EDGE_CURVE('',#6654,#6650,#4232,.T.);
#12865=EDGE_CURVE('',#6654,#6641,#4236,.T.);
#12869=EDGE_CURVE('',#6645,#6641,#4240,.T.);
#12879=EDGE_CURVE('',#6641,#6642,#4224,.T.);
#12905=EDGE_CURVE('',#6666,#6664,#4248,.T.);
#12907=EDGE_CURVE('',#6658,#6666,#4268,.T.);
#12909=EDGE_CURVE('',#6658,#6662,#4284,.T.);
#12919=EDGE_CURVE('',#6668,#6664,#4260,.T.);
#12921=EDGE_CURVE('',#6670,#6668,#4252,.T.);
#12923=EDGE_CURVE('',#6670,#6666,#4272,.T.);
#12958=EDGE_CURVE('',#6670,#6657,#4276,.T.);
#12962=EDGE_CURVE('',#6661,#6657,#4280,.T.);
#12972=EDGE_CURVE('',#6657,#6658,#4264,.T.);
#12987=EDGE_CURVE('',#6661,#6662,#4288,.T.);
#13012=EDGE_CURVE('',#5776,#5740,#4292,.T.);
#13014=EDGE_CURVE('',#5722,#5776,#4296,.T.);
#13016=EDGE_CURVE('',#5721,#5722,#4300,.T.);
#13018=EDGE_CURVE('',#6142,#5721,#4304,.T.);
#13020=EDGE_CURVE('',#6140,#6142,#4309,.T.);
#13022=EDGE_CURVE('',#5718,#6140,#4313,.T.);
#13024=EDGE_CURVE('',#5717,#5718,#4317,.T.);
#13026=EDGE_CURVE('',#6144,#5717,#4322,.T.);
#13028=EDGE_CURVE('',#5754,#6144,#4326,.T.);
#13040=EDGE_CURVE('',#5890,#5858,#4330,.T.);
#13042=EDGE_CURVE('',#5889,#5890,#4334,.T.);
#13044=EDGE_CURVE('',#5762,#5889,#4338,.T.);
#13056=EDGE_CURVE('',#6066,#6096,#4342,.T.);
#13058=EDGE_CURVE('',#6064,#6066,#4347,.T.);
#13060=EDGE_CURVE('',#6063,#6064,#4351,.T.);
#13062=EDGE_CURVE('',#5924,#6063,#4355,.T.);
#13072=EDGE_CURVE('',#6696,#6689,#4359,.T.);
#13074=EDGE_CURVE('',#6720,#6696,#4363,.T.);
#13077=EDGE_CURVE('',#6689,#6716,#4367,.T.);
#13087=EDGE_CURVE('',#6712,#6705,#4371,.T.);
#13089=EDGE_CURVE('',#6824,#6712,#4375,.T.);
#13092=EDGE_CURVE('',#6705,#6724,#4379,.T.);
#13102=EDGE_CURVE('',#5742,#5744,#4391,.T.);
#13104=EDGE_CURVE('',#5778,#5742,#4541,.T.);
#13106=EDGE_CURVE('',#5776,#5778,#4383,.T.);
#13109=EDGE_CURVE('',#5750,#5740,#4443,.T.);
#13111=EDGE_CURVE('',#5744,#5750,#4411,.T.);
#13121=EDGE_CURVE('',#6696,#6692,#4387,.T.);
#13123=EDGE_CURVE('',#6722,#6692,#4582,.T.);
#13136=EDGE_CURVE('',#5768,#5744,#4415,.T.);
#13148=EDGE_CURVE('',#5747,#5748,#4395,.T.);
#13151=EDGE_CURVE('',#5856,#5770,#4399,.T.);
#13153=EDGE_CURVE('',#5748,#5770,#4423,.T.);
#13164=EDGE_CURVE('',#6428,#5757,#4403,.T.);
#13166=EDGE_CURVE('',#6424,#6428,#4435,.T.);
#13168=EDGE_CURVE('',#5758,#6424,#4407,.T.);
#13179=EDGE_CURVE('',#5772,#5750,#4447,.T.);
#13191=EDGE_CURVE('',#5748,#5752,#4419,.T.);
#13194=EDGE_CURVE('',#5770,#5774,#4427,.T.);
#13196=EDGE_CURVE('',#5752,#5774,#4455,.T.);
#13206=EDGE_CURVE('',#6424,#6426,#4431,.T.);
#13209=EDGE_CURVE('',#6428,#6430,#4439,.T.);
#13211=EDGE_CURVE('',#6426,#6430,#4467,.T.);
#13233=EDGE_CURVE('',#5752,#5754,#4451,.T.);
#13236=EDGE_CURVE('',#5774,#5858,#4459,.T.);
#13248=EDGE_CURVE('',#6426,#5762,#4463,.T.);
#13251=EDGE_CURVE('',#6430,#5761,#4471,.T.);
#13265=EDGE_CURVE('',#6144,#6150,#4479,.T.);
#13267=EDGE_CURVE('',#5747,#6150,#4507,.T.);
#13277=EDGE_CURVE('',#6689,#6690,#4475,.T.);
#13281=EDGE_CURVE('',#6690,#6718,#4578,.T.);
#13292=EDGE_CURVE('',#5717,#5725,#4483,.T.);
#13294=EDGE_CURVE('',#6150,#5725,#4512,.T.);
#13306=EDGE_CURVE('',#5718,#5726,#4487,.T.);
#13308=EDGE_CURVE('',#5725,#5726,#4516,.T.);
#13320=EDGE_CURVE('',#6140,#6146,#4491,.T.);
#13322=EDGE_CURVE('',#5726,#6146,#4520,.T.);
#13334=EDGE_CURVE('',#6142,#6148,#4495,.T.);
#13336=EDGE_CURVE('',#6146,#6148,#4525,.T.);
#13348=EDGE_CURVE('',#5721,#5729,#4499,.T.);
#13350=EDGE_CURVE('',#6148,#5729,#4529,.T.);
#13362=EDGE_CURVE('',#5722,#5730,#4503,.T.);
#13364=EDGE_CURVE('',#5729,#5730,#4533,.T.);
#13377=EDGE_CURVE('',#5730,#5778,#4537,.T.);
#13409=EDGE_CURVE('',#5758,#5893,#4545,.T.);
#13411=EDGE_CURVE('',#5893,#5894,#4549,.T.);
#13413=EDGE_CURVE('',#5894,#5856,#4553,.T.);
#13424=EDGE_CURVE('',#5928,#6069,#4557,.T.);
#13426=EDGE_CURVE('',#6069,#6070,#4561,.T.);
#13428=EDGE_CURVE('',#6070,#6072,#4566,.T.);
#13430=EDGE_CURVE('',#6072,#6098,#4570,.T.);
#13441=EDGE_CURVE('',#6690,#6692,#4574,.T.);
#13454=EDGE_CURVE('',#6706,#6708,#4586,.T.);
#13456=EDGE_CURVE('',#6706,#6726,#4590,.T.);
#13459=EDGE_CURVE('',#6826,#6708,#4594,.T.);
#13470=EDGE_CURVE('',#5889,#5893,#4598,.T.);
#13485=EDGE_CURVE('',#5890,#5894,#4602,.T.);
#13512=EDGE_CURVE('',#6063,#6069,#4606,.T.);
#13525=EDGE_CURVE('',#6064,#6070,#4610,.T.);
#13538=EDGE_CURVE('',#6066,#6072,#4614,.T.);
#13563=EDGE_CURVE('',#6694,#6692,#4618,.T.);
#13565=EDGE_CURVE('',#6686,#6694,#4630,.T.);
#13567=EDGE_CURVE('',#6686,#6690,#4646,.T.);
#13578=EDGE_CURVE('',#6698,#6696,#4622,.T.);
#13580=EDGE_CURVE('',#6698,#6694,#4634,.T.);
#13591=EDGE_CURVE('',#6698,#6685,#4638,.T.);
#13595=EDGE_CURVE('',#6689,#6685,#4642,.T.);
#13605=EDGE_CURVE('',#6685,#6686,#4626,.T.);
#13631=EDGE_CURVE('',#6710,#6708,#4650,.T.);
#13633=EDGE_CURVE('',#6702,#6710,#4670,.T.);
#13635=EDGE_CURVE('',#6702,#6706,#4686,.T.);
#13645=EDGE_CURVE('',#6712,#6708,#4662,.T.);
#13647=EDGE_CURVE('',#6714,#6712,#4654,.T.);
#13649=EDGE_CURVE('',#6714,#6710,#4674,.T.);
#13684=EDGE_CURVE('',#6714,#6701,#4678,.T.);
#13688=EDGE_CURVE('',#6705,#6701,#4682,.T.);
#13698=EDGE_CURVE('',#6701,#6702,#4666,.T.);
#13713=EDGE_CURVE('',#6705,#6706,#4690,.T.);
#13739=EDGE_CURVE('',#5786,#5840,#4698,.T.);
#13741=EDGE_CURVE('',#5785,#5786,#4702,.T.);
#13743=EDGE_CURVE('',#6154,#5785,#4706,.T.);
#13745=EDGE_CURVE('',#6152,#6154,#4711,.T.);
#13747=EDGE_CURVE('',#5782,#6152,#4715,.T.);
#13749=EDGE_CURVE('',#5781,#5782,#4719,.T.);
#13751=EDGE_CURVE('',#6156,#5781,#4724,.T.);
#13753=EDGE_CURVE('',#5818,#6156,#4728,.T.);
#13765=EDGE_CURVE('',#5898,#5862,#4732,.T.);
#13767=EDGE_CURVE('',#5897,#5898,#4736,.T.);
#13769=EDGE_CURVE('',#5826,#5897,#4740,.T.);
#13781=EDGE_CURVE('',#6078,#6100,#4744,.T.);
#13783=EDGE_CURVE('',#6076,#6078,#4749,.T.);
#13785=EDGE_CURVE('',#6075,#6076,#4753,.T.);
#13787=EDGE_CURVE('',#5932,#6075,#4757,.T.);
#13797=EDGE_CURVE('',#6740,#6733,#4761,.T.);
#13801=EDGE_CURVE('',#6733,#6760,#4769,.T.);
#13811=EDGE_CURVE('',#6756,#6749,#4773,.T.);
#13815=EDGE_CURVE('',#6749,#6768,#4781,.T.);
#13828=EDGE_CURVE('',#5786,#5794,#4785,.T.);
#13841=EDGE_CURVE('',#5785,#5793,#4789,.T.);
#13854=EDGE_CURVE('',#6154,#6160,#4793,.T.);
#13867=EDGE_CURVE('',#6152,#6158,#4797,.T.);
#13880=EDGE_CURVE('',#5782,#5790,#4801,.T.);
#13893=EDGE_CURVE('',#5781,#5789,#4805,.T.);
#13906=EDGE_CURVE('',#6156,#6162,#4809,.T.);
#13917=EDGE_CURVE('',#5812,#5816,#4825,.T.);
#13919=EDGE_CURVE('',#5816,#5818,#4857,.T.);
#13932=EDGE_CURVE('',#6733,#6734,#4813,.T.);
#13946=EDGE_CURVE('',#5836,#5814,#4853,.T.);
#13960=EDGE_CURVE('',#5834,#5838,#4833,.T.);
#13962=EDGE_CURVE('',#5816,#5838,#4861,.T.);
#13972=EDGE_CURVE('',#6432,#6434,#4837,.T.);
#13976=EDGE_CURVE('',#6434,#6438,#4873,.T.);
#14000=EDGE_CURVE('',#5838,#5862,#4865,.T.);
#14012=EDGE_CURVE('',#6434,#5826,#4869,.T.);
#14029=EDGE_CURVE('',#5898,#5902,#4881,.T.);
#14042=EDGE_CURVE('',#5897,#5901,#4885,.T.);
#14066=EDGE_CURVE('',#6729,#6730,#4897,.T.);
#14068=EDGE_CURVE('',#6733,#6729,#4889,.T.);
#14071=EDGE_CURVE('',#6730,#6734,#4893,.T.);
#14082=EDGE_CURVE('',#6730,#6738,#4901,.T.);
#14084=EDGE_CURVE('',#6742,#6738,#4905,.T.);
#14086=EDGE_CURVE('',#6742,#6729,#4909,.T.);
#14097=EDGE_CURVE('',#6738,#6736,#4913,.T.);
#14110=EDGE_CURVE('',#6742,#6740,#4917,.T.);
#14137=EDGE_CURVE('',#6078,#6084,#4921,.T.);
#14150=EDGE_CURVE('',#6076,#6082,#4925,.T.);
#14163=EDGE_CURVE('',#6075,#6081,#4929,.T.);
#14185=EDGE_CURVE('',#6758,#6745,#4945,.T.);
#14187=EDGE_CURVE('',#6758,#6756,#4965,.T.);
#14190=EDGE_CURVE('',#6749,#6745,#4949,.T.);
#14200=EDGE_CURVE('',#6745,#6746,#4933,.T.);
#14202=EDGE_CURVE('',#6746,#6754,#4937,.T.);
#14204=EDGE_CURVE('',#6758,#6754,#4941,.T.);
#14217=EDGE_CURVE('',#6749,#6750,#4957,.T.);
#14219=EDGE_CURVE('',#6746,#6750,#4953,.T.);
#14242=EDGE_CURVE('',#6754,#6752,#4961,.T.);
#14278=EDGE_CURVE('',#6798,#6802,#4973,.T.);
#14280=EDGE_CURVE('',#6994,#6802,#5080,.T.);
#14292=EDGE_CURVE('',#6797,#6798,#4977,.T.);
#14294=EDGE_CURVE('',#6797,#6801,#5180,.T.);
#14296=EDGE_CURVE('',#6801,#6802,#5168,.T.);
#14309=EDGE_CURVE('',#6805,#6806,#4981,.T.);
#14311=EDGE_CURVE('',#6797,#6806,#5184,.T.);
#14322=EDGE_CURVE('',#6805,#6810,#4989,.T.);
#14324=EDGE_CURVE('',#6809,#6810,#4985,.T.);
#14326=EDGE_CURVE('',#6806,#6809,#5172,.T.);
#14339=EDGE_CURVE('',#6810,#6993,#5076,.T.);
#14350=EDGE_CURVE('',#6930,#6919,#4993,.T.);
#14352=EDGE_CURVE('',#6919,#6920,#4997,.T.);
#14354=EDGE_CURVE('',#6920,#6922,#5002,.T.);
#14356=EDGE_CURVE('',#6922,#6934,#5006,.T.);
#14368=EDGE_CURVE('',#6945,#6915,#5010,.T.);
#14370=EDGE_CURVE('',#6915,#6916,#5014,.T.);
#14372=EDGE_CURVE('',#6916,#6946,#5018,.T.);
#14383=EDGE_CURVE('',#6949,#6912,#5022,.T.);
#14385=EDGE_CURVE('',#6912,#6899,#5027,.T.);
#14387=EDGE_CURVE('',#6899,#6900,#5031,.T.);
#14389=EDGE_CURVE('',#6900,#6902,#5035,.T.);
#14391=EDGE_CURVE('',#6902,#6904,#5040,.T.);
#14393=EDGE_CURVE('',#6904,#6906,#5044,.T.);
#14395=EDGE_CURVE('',#6906,#6908,#5048,.T.);
#14397=EDGE_CURVE('',#6908,#6910,#5052,.T.);
#14410=EDGE_CURVE('',#6794,#6786,#5060,.T.);
#14412=EDGE_CURVE('',#6794,#6997,#5064,.T.);
#14424=EDGE_CURVE('',#6810,#6802,#5072,.T.);
#14439=EDGE_CURVE('',#6893,#6919,#5084,.T.);
#14451=EDGE_CURVE('',#6894,#6920,#5088,.T.);
#14464=EDGE_CURVE('',#6896,#6922,#5092,.T.);
#14492=EDGE_CURVE('',#6889,#6915,#5096,.T.);
#14504=EDGE_CURVE('',#6890,#6916,#5100,.T.);
#14534=EDGE_CURVE('',#6886,#6912,#5108,.T.);
#14545=EDGE_CURVE('',#6789,#6794,#5104,.T.);
#14559=EDGE_CURVE('',#6873,#6899,#5112,.T.);
#14572=EDGE_CURVE('',#6874,#6900,#5116,.T.);
#14585=EDGE_CURVE('',#6876,#6902,#5120,.T.);
#14598=EDGE_CURVE('',#6878,#6904,#5124,.T.);
#14611=EDGE_CURVE('',#6880,#6906,#5128,.T.);
#14624=EDGE_CURVE('',#6882,#6908,#5132,.T.);
#14648=EDGE_CURVE('',#6789,#6790,#5136,.T.);
#14651=EDGE_CURVE('',#6793,#6794,#5140,.T.);
#14653=EDGE_CURVE('',#6790,#6793,#5148,.T.);
#14663=EDGE_CURVE('',#6781,#6782,#5144,.T.);
#14667=EDGE_CURVE('',#6781,#6790,#5160,.T.);
#14678=EDGE_CURVE('',#6781,#6785,#5156,.T.);
#14680=EDGE_CURVE('',#6785,#6786,#5164,.T.);
#14692=EDGE_CURVE('',#6793,#6785,#5152,.T.);
#14717=EDGE_CURVE('',#6809,#6801,#5176,.T.);
#14753=EDGE_CURVE('',#5528,#5524,#5196,.T.);
#14769=EDGE_CURVE('',#5522,#5508,#5204,.T.);
#14806=EDGE_CURVE('',#5494,#5480,#5216,.T.);
#14831=EDGE_CURVE('',#6499,#6485,#5224,.T.);
#14833=EDGE_CURVE('',#6485,#6486,#5252,.T.);
#14835=EDGE_CURVE('',#6500,#6486,#5248,.T.);
#14846=EDGE_CURVE('',#6510,#6496,#5228,.T.);
#14848=EDGE_CURVE('',#6496,#6485,#5256,.T.);
#14860=EDGE_CURVE('',#6508,#6494,#5232,.T.);
#14862=EDGE_CURVE('',#6494,#6496,#5260,.T.);
#14874=EDGE_CURVE('',#6506,#6492,#5236,.T.);
#14876=EDGE_CURVE('',#6492,#6494,#5264,.T.);
#14888=EDGE_CURVE('',#6504,#6490,#5240,.T.);
#14890=EDGE_CURVE('',#6490,#6492,#5268,.T.);
#14902=EDGE_CURVE('',#6502,#6488,#5244,.T.);
#14904=EDGE_CURVE('',#6488,#6490,#5272,.T.);
#14917=EDGE_CURVE('',#6486,#6488,#5276,.T.);
#14946=EDGE_CURVE('',#5974,#5948,#5284,.T.);
#14959=EDGE_CURVE('',#5976,#5950,#5288,.T.);
#14972=EDGE_CURVE('',#5978,#5952,#5292,.T.);
#14995=EDGE_CURVE('',#5990,#5962,#5296,.T.);
#15008=EDGE_CURVE('',#5988,#5960,#5300,.T.);
#15021=EDGE_CURVE('',#5986,#5958,#5304,.T.);
#15058=EDGE_CURVE('',#6845,#6849,#5321,.T.);
#15062=EDGE_CURVE('',#6860,#6868,#5317,.T.);
#15075=EDGE_CURVE('',#6846,#6850,#5330,.T.);
#15086=EDGE_CURVE('',#6870,#6862,#5326,.T.);
#15188=EDGE_CURVE('',#15178,#15176,#15126,.T.);
#15190=EDGE_CURVE('',#15182,#15176,#15166,.T.);
#15192=EDGE_CURVE('',#15180,#15182,#15158,.T.);
#15194=EDGE_CURVE('',#15178,#15180,#15146,.T.);
#15204=EDGE_CURVE('',#15172,#15169,#15130,.T.);
#15206=EDGE_CURVE('',#15172,#15176,#15122,.T.);
#15209=EDGE_CURVE('',#15178,#15169,#15150,.T.);
#15220=EDGE_CURVE('',#15169,#15170,#15134,.T.);
#15222=EDGE_CURVE('',#15170,#15174,#15138,.T.);
#15224=EDGE_CURVE('',#15172,#15174,#15142,.T.);
#15235=EDGE_CURVE('',#15180,#15170,#15154,.T.);
#15250=EDGE_CURVE('',#15174,#15182,#15162,.T.);
#15337=EDGE_CURVE('',#15327,#15325,#15275,.T.);
#15339=EDGE_CURVE('',#15331,#15325,#15315,.T.);
#15341=EDGE_CURVE('',#15329,#15331,#15307,.T.);
#15343=EDGE_CURVE('',#15327,#15329,#15295,.T.);
#15353=EDGE_CURVE('',#15321,#15318,#15279,.T.);
#15355=EDGE_CURVE('',#15321,#15325,#15271,.T.);
#15358=EDGE_CURVE('',#15327,#15318,#15299,.T.);
#15369=EDGE_CURVE('',#15318,#15319,#15283,.T.);
#15371=EDGE_CURVE('',#15319,#15323,#15287,.T.);
#15373=EDGE_CURVE('',#15321,#15323,#15291,.T.);
#15384=EDGE_CURVE('',#15329,#15319,#15303,.T.);
#15399=EDGE_CURVE('',#15323,#15331,#15311,.T.);
#15486=EDGE_CURVE('',#15476,#15474,#15424,.T.);
#15488=EDGE_CURVE('',#15480,#15474,#15464,.T.);
#15490=EDGE_CURVE('',#15478,#15480,#15456,.T.);
#15492=EDGE_CURVE('',#15476,#15478,#15444,.T.);
#15502=EDGE_CURVE('',#15470,#15467,#15428,.T.);
#15504=EDGE_CURVE('',#15470,#15474,#15420,.T.);
#15507=EDGE_CURVE('',#15476,#15467,#15448,.T.);
#15518=EDGE_CURVE('',#15467,#15468,#15432,.T.);
#15520=EDGE_CURVE('',#15468,#15472,#15436,.T.);
#15522=EDGE_CURVE('',#15470,#15472,#15440,.T.);
#15533=EDGE_CURVE('',#15478,#15468,#15452,.T.);
#15548=EDGE_CURVE('',#15472,#15480,#15460,.T.);
#15635=EDGE_CURVE('',#15625,#15623,#15573,.T.);
#15637=EDGE_CURVE('',#15629,#15623,#15613,.T.);
#15639=EDGE_CURVE('',#15627,#15629,#15605,.T.);
#15641=EDGE_CURVE('',#15625,#15627,#15593,.T.);
#15651=EDGE_CURVE('',#15619,#15616,#15577,.T.);
#15653=EDGE_CURVE('',#15619,#15623,#15569,.T.);
#15656=EDGE_CURVE('',#15625,#15616,#15597,.T.);
#15667=EDGE_CURVE('',#15616,#15617,#15581,.T.);
#15669=EDGE_CURVE('',#15617,#15621,#15585,.T.);
#15671=EDGE_CURVE('',#15619,#15621,#15589,.T.);
#15682=EDGE_CURVE('',#15627,#15617,#15601,.T.);
#15697=EDGE_CURVE('',#15621,#15629,#15609,.T.);
#15784=EDGE_CURVE('',#15774,#15772,#15722,.T.);
#15786=EDGE_CURVE('',#15778,#15772,#15762,.T.);
#15788=EDGE_CURVE('',#15776,#15778,#15754,.T.);
#15790=EDGE_CURVE('',#15774,#15776,#15742,.T.);
#15800=EDGE_CURVE('',#15768,#15765,#15726,.T.);
#15802=EDGE_CURVE('',#15768,#15772,#15718,.T.);
#15805=EDGE_CURVE('',#15774,#15765,#15746,.T.);
#15816=EDGE_CURVE('',#15765,#15766,#15730,.T.);
#15818=EDGE_CURVE('',#15766,#15770,#15734,.T.);
#15820=EDGE_CURVE('',#15768,#15770,#15738,.T.);
#15831=EDGE_CURVE('',#15776,#15766,#15750,.T.);
#15846=EDGE_CURVE('',#15770,#15778,#15758,.T.);
#15933=EDGE_CURVE('',#15918,#15919,#15867,.T.);
#15935=EDGE_CURVE('',#15918,#15914,#15871,.T.);
#15937=EDGE_CURVE('',#15914,#15915,#15875,.T.);
#15939=EDGE_CURVE('',#15915,#15919,#15879,.T.);
#15950=EDGE_CURVE('',#15919,#15927,#15887,.T.);
#15952=EDGE_CURVE('',#15927,#15921,#15883,.T.);
#15954=EDGE_CURVE('',#15918,#15921,#15907,.T.);
#15966=EDGE_CURVE('',#15925,#15915,#15891,.T.);
#15968=EDGE_CURVE('',#15925,#15927,#15895,.T.);
#15978=EDGE_CURVE('',#15923,#15925,#15899,.T.);
#15982=EDGE_CURVE('',#15923,#15914,#15903,.T.);
#15992=EDGE_CURVE('',#15923,#15921,#15911,.T.);
#16028=TRIMMED_CURVE('A_1',#16027,(PARAMETER_VALUE(0.E0)),(PARAMETER_VALUE
(1.E0)),.T.,.UNSPECIFIED.);
#16034=TRIMMED_CURVE('A_2',#16033,(PARAMETER_VALUE(0.E0)),(PARAMETER_VALUE
(1.E0)),.T.,.UNSPECIFIED.);
#16039=TRIMMED_CURVE('',#16038,(PARAMETER_VALUE(0.E0)),(PARAMETER_VALUE(1.E0)),
.T.,.UNSPECIFIED.);
#16040=COMPOSITE_CURVE_SEGMENT(.CONTINUOUS.,.T.,#16039);
#16045=TRIMMED_CURVE('',#16044,(PARAMETER_VALUE(0.E0)),(PARAMETER_VALUE(1.E0)),
.T.,.UNSPECIFIED.);
#16046=COMPOSITE_CURVE_SEGMENT(.CONTINUOUS.,.T.,#16045);
#16051=TRIMMED_CURVE('',#16050,(PARAMETER_VALUE(0.E0)),(PARAMETER_VALUE(1.E0)),
.T.,.UNSPECIFIED.);
#16052=COMPOSITE_CURVE_SEGMENT(.CONTINUOUS.,.T.,#16051);
#16057=TRIMMED_CURVE('',#16056,(PARAMETER_VALUE(0.E0)),(PARAMETER_VALUE(1.E0)),
.T.,.UNSPECIFIED.);
#16058=COMPOSITE_CURVE_SEGMENT(.CONTINUOUS.,.T.,#16057);
#16059=COMPOSITE_CURVE('',(#16040,#16046,#16052,#16058),.F.);
#16064=TRIMMED_CURVE('',#16063,(PARAMETER_VALUE(0.E0)),(PARAMETER_VALUE(1.E0)),
.T.,.UNSPECIFIED.);
#16065=COMPOSITE_CURVE_SEGMENT(.CONTINUOUS.,.T.,#16064);
#16070=TRIMMED_CURVE('',#16069,(PARAMETER_VALUE(0.E0)),(PARAMETER_VALUE(1.E0)),
.T.,.UNSPECIFIED.);
#16071=COMPOSITE_CURVE_SEGMENT(.CONTINUOUS.,.T.,#16070);
#16076=TRIMMED_CURVE('',#16075,(PARAMETER_VALUE(0.E0)),(PARAMETER_VALUE(1.E0)),
.T.,.UNSPECIFIED.);
#16077=COMPOSITE_CURVE_SEGMENT(.CONTINUOUS.,.T.,#16076);
#16082=TRIMMED_CURVE('',#16081,(PARAMETER_VALUE(0.E0)),(PARAMETER_VALUE(1.E0)),
.T.,.UNSPECIFIED.);
#16083=COMPOSITE_CURVE_SEGMENT(.CONTINUOUS.,.T.,#16082);
#16084=COMPOSITE_CURVE('',(#16065,#16071,#16077,#16083),.F.);
#16089=TRIMMED_CURVE('',#16088,(PARAMETER_VALUE(0.E0)),(PARAMETER_VALUE(1.E0)),
.T.,.UNSPECIFIED.);
#16090=COMPOSITE_CURVE_SEGMENT(.CONTINUOUS.,.T.,#16089);
#16095=TRIMMED_CURVE('',#16094,(PARAMETER_VALUE(0.E0)),(PARAMETER_VALUE(1.E0)),
.T.,.UNSPECIFIED.);
#16096=COMPOSITE_CURVE_SEGMENT(.CONTINUOUS.,.T.,#16095);
#16101=TRIMMED_CURVE('',#16100,(PARAMETER_VALUE(0.E0)),(PARAMETER_VALUE(1.E0)),
.T.,.UNSPECIFIED.);
#16102=COMPOSITE_CURVE_SEGMENT(.CONTINUOUS.,.T.,#16101);
#16107=TRIMMED_CURVE('',#16106,(PARAMETER_VALUE(0.E0)),(PARAMETER_VALUE(1.E0)),
.T.,.UNSPECIFIED.);
#16108=COMPOSITE_CURVE_SEGMENT(.CONTINUOUS.,.T.,#16107);
#16109=COMPOSITE_CURVE('',(#16090,#16096,#16102,#16108),.F.);
#16114=TRIMMED_CURVE('',#16113,(PARAMETER_VALUE(0.E0)),(PARAMETER_VALUE(1.E0)),
.T.,.UNSPECIFIED.);
#16115=COMPOSITE_CURVE_SEGMENT(.CONTINUOUS.,.T.,#16114);
#16120=TRIMMED_CURVE('',#16119,(PARAMETER_VALUE(0.E0)),(PARAMETER_VALUE(1.E0)),
.T.,.UNSPECIFIED.);
#16121=COMPOSITE_CURVE_SEGMENT(.CONTINUOUS.,.T.,#16120);
#16126=TRIMMED_CURVE('',#16125,(PARAMETER_VALUE(0.E0)),(PARAMETER_VALUE(1.E0)),
.T.,.UNSPECIFIED.);
#16127=COMPOSITE_CURVE_SEGMENT(.CONTINUOUS.,.T.,#16126);
#16132=TRIMMED_CURVE('',#16131,(PARAMETER_VALUE(0.E0)),(PARAMETER_VALUE(1.E0)),
.T.,.UNSPECIFIED.);
#16133=COMPOSITE_CURVE_SEGMENT(.CONTINUOUS.,.T.,#16132);
#16134=COMPOSITE_CURVE('',(#16115,#16121,#16127,#16133),.F.);
#16139=TRIMMED_CURVE('',#16138,(PARAMETER_VALUE(0.E0)),(PARAMETER_VALUE(1.E0)),
.T.,.UNSPECIFIED.);
#16140=COMPOSITE_CURVE_SEGMENT(.CONTINUOUS.,.T.,#16139);
#16145=TRIMMED_CURVE('',#16144,(PARAMETER_VALUE(0.E0)),(PARAMETER_VALUE(1.E0)),
.T.,.UNSPECIFIED.);
#16146=COMPOSITE_CURVE_SEGMENT(.CONTINUOUS.,.T.,#16145);
#16151=TRIMMED_CURVE('',#16150,(PARAMETER_VALUE(0.E0)),(PARAMETER_VALUE(1.E0)),
.T.,.UNSPECIFIED.);
#16152=COMPOSITE_CURVE_SEGMENT(.CONTINUOUS.,.T.,#16151);
#16157=TRIMMED_CURVE('',#16156,(PARAMETER_VALUE(0.E0)),(PARAMETER_VALUE(1.E0)),
.T.,.UNSPECIFIED.);
#16158=COMPOSITE_CURVE_SEGMENT(.CONTINUOUS.,.T.,#16157);
#16159=COMPOSITE_CURVE('',(#16140,#16146,#16152,#16158),.F.);
#16164=TRIMMED_CURVE('',#16163,(PARAMETER_VALUE(0.E0)),(PARAMETER_VALUE(1.E0)),
.T.,.UNSPECIFIED.);
#16165=COMPOSITE_CURVE_SEGMENT(.CONTINUOUS.,.T.,#16164);
#16170=TRIMMED_CURVE('',#16169,(PARAMETER_VALUE(0.E0)),(PARAMETER_VALUE(1.E0)),
.T.,.UNSPECIFIED.);
#16171=COMPOSITE_CURVE_SEGMENT(.CONTINUOUS.,.T.,#16170);
#16176=TRIMMED_CURVE('',#16175,(PARAMETER_VALUE(0.E0)),(PARAMETER_VALUE(1.E0)),
.T.,.UNSPECIFIED.);
#16177=COMPOSITE_CURVE_SEGMENT(.CONTINUOUS.,.T.,#16176);
#16182=TRIMMED_CURVE('',#16181,(PARAMETER_VALUE(0.E0)),(PARAMETER_VALUE(1.E0)),
.T.,.UNSPECIFIED.);
#16183=COMPOSITE_CURVE_SEGMENT(.CONTINUOUS.,.T.,#16182);
#16184=COMPOSITE_CURVE('',(#16165,#16171,#16177,#16183),.F.);
#16189=TRIMMED_CURVE('',#16188,(PARAMETER_VALUE(0.E0)),(PARAMETER_VALUE(1.E0)),
.T.,.UNSPECIFIED.);
#16190=COMPOSITE_CURVE_SEGMENT(.CONTINUOUS.,.T.,#16189);
#16195=TRIMMED_CURVE('',#16194,(PARAMETER_VALUE(0.E0)),(PARAMETER_VALUE(1.E0)),
.T.,.UNSPECIFIED.);
#16196=COMPOSITE_CURVE_SEGMENT(.CONTINUOUS.,.T.,#16195);
#16201=TRIMMED_CURVE('',#16200,(PARAMETER_VALUE(0.E0)),(PARAMETER_VALUE(1.E0)),
.T.,.UNSPECIFIED.);
#16202=COMPOSITE_CURVE_SEGMENT(.CONTINUOUS.,.T.,#16201);
#16207=TRIMMED_CURVE('',#16206,(PARAMETER_VALUE(0.E0)),(PARAMETER_VALUE(1.E0)),
.T.,.UNSPECIFIED.);
#16208=COMPOSITE_CURVE_SEGMENT(.CONTINUOUS.,.T.,#16207);
#16209=COMPOSITE_CURVE('',(#16190,#16196,#16202,#16208),.F.);
#16214=TRIMMED_CURVE('',#16213,(PARAMETER_VALUE(0.E0)),(PARAMETER_VALUE(1.E0)),
.T.,.UNSPECIFIED.);
#16215=COMPOSITE_CURVE_SEGMENT(.CONTINUOUS.,.T.,#16214);
#16220=TRIMMED_CURVE('',#16219,(PARAMETER_VALUE(0.E0)),(PARAMETER_VALUE(1.E0)),
.T.,.UNSPECIFIED.);
#16221=COMPOSITE_CURVE_SEGMENT(.CONTINUOUS.,.T.,#16220);
#16226=TRIMMED_CURVE('',#16225,(PARAMETER_VALUE(0.E0)),(PARAMETER_VALUE(1.E0)),
.T.,.UNSPECIFIED.);
#16227=COMPOSITE_CURVE_SEGMENT(.CONTINUOUS.,.T.,#16226);
#16232=TRIMMED_CURVE('',#16231,(PARAMETER_VALUE(0.E0)),(PARAMETER_VALUE(1.E0)),
.T.,.UNSPECIFIED.);
#16233=COMPOSITE_CURVE_SEGMENT(.CONTINUOUS.,.T.,#16232);
#16234=COMPOSITE_CURVE('',(#16215,#16221,#16227,#16233),.F.);
#16239=TRIMMED_CURVE('',#16238,(PARAMETER_VALUE(0.E0)),(PARAMETER_VALUE(1.E0)),
.T.,.UNSPECIFIED.);
#16240=COMPOSITE_CURVE_SEGMENT(.CONTINUOUS.,.T.,#16239);
#16245=TRIMMED_CURVE('',#16244,(PARAMETER_VALUE(0.E0)),(PARAMETER_VALUE(1.E0)),
.T.,.UNSPECIFIED.);
#16246=COMPOSITE_CURVE_SEGMENT(.CONTINUOUS.,.T.,#16245);
#16251=TRIMMED_CURVE('',#16250,(PARAMETER_VALUE(0.E0)),(PARAMETER_VALUE(1.E0)),
.T.,.UNSPECIFIED.);
#16252=COMPOSITE_CURVE_SEGMENT(.CONTINUOUS.,.T.,#16251);
#16257=TRIMMED_CURVE('',#16256,(PARAMETER_VALUE(0.E0)),(PARAMETER_VALUE(1.E0)),
.T.,.UNSPECIFIED.);
#16258=COMPOSITE_CURVE_SEGMENT(.CONTINUOUS.,.T.,#16257);
#16259=COMPOSITE_CURVE('',(#16240,#16246,#16252,#16258),.F.);
#16264=TRIMMED_CURVE('',#16263,(PARAMETER_VALUE(0.E0)),(PARAMETER_VALUE(1.E0)),
.T.,.UNSPECIFIED.);
#16265=COMPOSITE_CURVE_SEGMENT(.CONTINUOUS.,.T.,#16264);
#16270=TRIMMED_CURVE('',#16269,(PARAMETER_VALUE(0.E0)),(PARAMETER_VALUE(1.E0)),
.T.,.UNSPECIFIED.);
#16271=COMPOSITE_CURVE_SEGMENT(.CONTINUOUS.,.T.,#16270);
#16276=TRIMMED_CURVE('',#16275,(PARAMETER_VALUE(0.E0)),(PARAMETER_VALUE(1.E0)),
.T.,.UNSPECIFIED.);
#16277=COMPOSITE_CURVE_SEGMENT(.CONTINUOUS.,.T.,#16276);
#16282=TRIMMED_CURVE('',#16281,(PARAMETER_VALUE(0.E0)),(PARAMETER_VALUE(1.E0)),
.T.,.UNSPECIFIED.);
#16283=COMPOSITE_CURVE_SEGMENT(.CONTINUOUS.,.T.,#16282);
#16284=COMPOSITE_CURVE('',(#16265,#16271,#16277,#16283),.F.);
#16289=TRIMMED_CURVE('',#16288,(PARAMETER_VALUE(0.E0)),(PARAMETER_VALUE(1.E0)),
.T.,.UNSPECIFIED.);
#16290=COMPOSITE_CURVE_SEGMENT(.CONTINUOUS.,.T.,#16289);
#16295=TRIMMED_CURVE('',#16294,(PARAMETER_VALUE(0.E0)),(PARAMETER_VALUE(1.E0)),
.T.,.UNSPECIFIED.);
#16296=COMPOSITE_CURVE_SEGMENT(.CONTINUOUS.,.T.,#16295);
#16301=TRIMMED_CURVE('',#16300,(PARAMETER_VALUE(0.E0)),(PARAMETER_VALUE(1.E0)),
.T.,.UNSPECIFIED.);
#16302=COMPOSITE_CURVE_SEGMENT(.CONTINUOUS.,.T.,#16301);
#16307=TRIMMED_CURVE('',#16306,(PARAMETER_VALUE(0.E0)),(PARAMETER_VALUE(1.E0)),
.T.,.UNSPECIFIED.);
#16308=COMPOSITE_CURVE_SEGMENT(.CONTINUOUS.,.T.,#16307);
#16309=COMPOSITE_CURVE('',(#16290,#16296,#16302,#16308),.F.);
#16314=TRIMMED_CURVE('',#16313,(PARAMETER_VALUE(0.E0)),(PARAMETER_VALUE(1.E0)),
.T.,.UNSPECIFIED.);
#16315=COMPOSITE_CURVE_SEGMENT(.CONTINUOUS.,.T.,#16314);
#16320=TRIMMED_CURVE('',#16319,(PARAMETER_VALUE(0.E0)),(PARAMETER_VALUE(1.E0)),
.T.,.UNSPECIFIED.);
#16321=COMPOSITE_CURVE_SEGMENT(.CONTINUOUS.,.T.,#16320);
#16326=TRIMMED_CURVE('',#16325,(PARAMETER_VALUE(0.E0)),(PARAMETER_VALUE(1.E0)),
.T.,.UNSPECIFIED.);
#16327=COMPOSITE_CURVE_SEGMENT(.CONTINUOUS.,.T.,#16326);
#16332=TRIMMED_CURVE('',#16331,(PARAMETER_VALUE(0.E0)),(PARAMETER_VALUE(1.E0)),
.T.,.UNSPECIFIED.);
#16333=COMPOSITE_CURVE_SEGMENT(.CONTINUOUS.,.T.,#16332);
#16334=COMPOSITE_CURVE('',(#16315,#16321,#16327,#16333),.F.);
#16339=TRIMMED_CURVE('',#16338,(PARAMETER_VALUE(0.E0)),(PARAMETER_VALUE(1.E0)),
.T.,.UNSPECIFIED.);
#16340=COMPOSITE_CURVE_SEGMENT(.CONTINUOUS.,.T.,#16339);
#16345=TRIMMED_CURVE('',#16344,(PARAMETER_VALUE(0.E0)),(PARAMETER_VALUE(1.E0)),
.T.,.UNSPECIFIED.);
#16346=COMPOSITE_CURVE_SEGMENT(.CONTINUOUS.,.T.,#16345);
#16351=TRIMMED_CURVE('',#16350,(PARAMETER_VALUE(0.E0)),(PARAMETER_VALUE(1.E0)),
.T.,.UNSPECIFIED.);
#16352=COMPOSITE_CURVE_SEGMENT(.CONTINUOUS.,.T.,#16351);
#16357=TRIMMED_CURVE('',#16356,(PARAMETER_VALUE(0.E0)),(PARAMETER_VALUE(1.E0)),
.T.,.UNSPECIFIED.);
#16358=COMPOSITE_CURVE_SEGMENT(.CONTINUOUS.,.T.,#16357);
#16359=COMPOSITE_CURVE('',(#16340,#16346,#16352,#16358),.F.);
#16364=TRIMMED_CURVE('',#16363,(PARAMETER_VALUE(0.E0)),(PARAMETER_VALUE(1.E0)),
.T.,.UNSPECIFIED.);
#16365=COMPOSITE_CURVE_SEGMENT(.CONTINUOUS.,.T.,#16364);
#16370=TRIMMED_CURVE('',#16369,(PARAMETER_VALUE(0.E0)),(PARAMETER_VALUE(1.E0)),
.T.,.UNSPECIFIED.);
#16371=COMPOSITE_CURVE_SEGMENT(.CONTINUOUS.,.T.,#16370);
#16376=TRIMMED_CURVE('',#16375,(PARAMETER_VALUE(0.E0)),(PARAMETER_VALUE(1.E0)),
.T.,.UNSPECIFIED.);
#16377=COMPOSITE_CURVE_SEGMENT(.CONTINUOUS.,.T.,#16376);
#16382=TRIMMED_CURVE('',#16381,(PARAMETER_VALUE(0.E0)),(PARAMETER_VALUE(1.E0)),
.T.,.UNSPECIFIED.);
#16383=COMPOSITE_CURVE_SEGMENT(.CONTINUOUS.,.T.,#16382);
#16384=COMPOSITE_CURVE('',(#16365,#16371,#16377,#16383),.F.);
#16385=(LENGTH_UNIT()NAMED_UNIT(*)SI_UNIT(.MILLI.,.METRE.));
#16387=(NAMED_UNIT(*)PLANE_ANGLE_UNIT()SI_UNIT($,.RADIAN.));
#16390=(NAMED_UNIT(*)SI_UNIT($,.STERADIAN.)SOLID_ANGLE_UNIT());
#16393=ADVANCED_BREP_SHAPE_REPRESENTATION('',(#16019),#16392);
#16394=GEOMETRICALLY_BOUNDED_SURFACE_SHAPE_REPRESENTATION('',(#16029),#16392);
#16395=SHAPE_REPRESENTATION('',(#16023),#16392);
#16404=PRODUCT_DEFINITION('design','',#16403,#16400);
#16405=PRODUCT_DEFINITION_SHAPE('','SHAPE FOR 430451209.',#16404);
#16406=SHAPE_DEFINITION_REPRESENTATION(#16405,#16395);
ENDSEC;
END-ISO-10303-21;
