ISO-10303-21;
HEADER;
FILE_DESCRIPTION((''),'2;1');
FILE_NAME('436501112','2020-10-20T',('me'),(''),
'PRO/ENGINEER BY PARAMETRIC TECHNOLOGY CORPORATION, 2016010',
'PRO/ENGINEER BY PARAMETRIC TECHNOLOGY CORPORATION, 2016010','');
FILE_SCHEMA(('CONFIG_CONTROL_DESIGN'));
ENDSEC;
DATA;
#1=DIRECTION('',(-1.E0,0.E0,0.E0));
#2=VECTOR('',#1,6.4E-1);
#3=CARTESIAN_POINT('',(-8.68E0,-1.65E0,-4.34E0));
#4=LINE('',#3,#2);
#5=DIRECTION('',(0.E0,1.E0,0.E0));
#6=VECTOR('',#5,3.8E-1);
#7=CARTESIAN_POINT('',(-9.32E0,-1.65E0,-4.34E0));
#8=LINE('',#7,#6);
#9=CARTESIAN_POINT('',(-9.32E0,-1.65E0,-4.59E0));
#10=DIRECTION('',(1.E0,0.E0,0.E0));
#11=DIRECTION('',(0.E0,0.E0,1.E0));
#12=AXIS2_PLACEMENT_3D('',#9,#10,#11);
#14=DIRECTION('',(0.E0,0.E0,-1.E0));
#15=VECTOR('',#14,6.8E-1);
#16=CARTESIAN_POINT('',(-9.32E0,1.055E0,-3.6E0));
#17=LINE('',#16,#15);
#18=DIRECTION('',(-2.220446049250E-14,0.E0,-1.E0));
#19=VECTOR('',#18,8.E-2);
#20=CARTESIAN_POINT('',(-9.32E0,-3.2E-1,-3.6E0));
#21=LINE('',#20,#19);
#22=DIRECTION('',(0.E0,-1.E0,0.E0));
#23=VECTOR('',#22,7.75E-1);
#24=CARTESIAN_POINT('',(-9.32E0,-8.75E-1,-3.7E0));
#25=LINE('',#24,#23);
#26=CARTESIAN_POINT('',(-9.32E0,-1.65E0,-4.59E0));
#27=DIRECTION('',(1.E0,0.E0,0.E0));
#28=DIRECTION('',(0.E0,0.E0,1.E0));
#29=AXIS2_PLACEMENT_3D('',#26,#27,#28);
#31=DIRECTION('',(0.E0,0.E0,1.E0));
#32=VECTOR('',#31,6.7E-1);
#33=CARTESIAN_POINT('',(1.7365E1,-1.27E0,-4.95E0));
#34=LINE('',#33,#32);
#35=DIRECTION('',(1.E0,0.E0,0.E0));
#36=VECTOR('',#35,9.6E-1);
#37=CARTESIAN_POINT('',(1.7365E1,-1.27E0,-4.95E0));
#38=LINE('',#37,#36);
#39=DIRECTION('',(1.E0,0.E0,0.E0));
#40=VECTOR('',#39,9.6E-1);
#41=CARTESIAN_POINT('',(-1.8325E1,-1.27E0,-4.95E0));
#42=LINE('',#41,#40);
#43=DIRECTION('',(0.E0,0.E0,1.E0));
#44=VECTOR('',#43,6.7E-1);
#45=CARTESIAN_POINT('',(-1.7365E1,-1.27E0,-4.95E0));
#46=LINE('',#45,#44);
#47=DIRECTION('',(0.E0,0.E0,1.E0));
#48=VECTOR('',#47,6.1E-1);
#49=CARTESIAN_POINT('',(1.532E1,-1.27E0,-4.95E0));
#50=LINE('',#49,#48);
#51=DIRECTION('',(1.E0,0.E0,0.E0));
#52=VECTOR('',#51,1.645E0);
#53=CARTESIAN_POINT('',(1.532E1,-1.27E0,-4.95E0));
#54=LINE('',#53,#52);
#55=DIRECTION('',(0.E0,0.E0,1.E0));
#56=VECTOR('',#55,6.7E-1);
#57=CARTESIAN_POINT('',(1.6965E1,-1.27E0,-4.95E0));
#58=LINE('',#57,#56);
#59=DIRECTION('',(8.881784197001E-14,0.E0,-1.E0));
#60=VECTOR('',#59,6.E-2);
#61=CARTESIAN_POINT('',(1.532E1,-1.27E0,-4.28E0));
#62=LINE('',#61,#60);
#63=DIRECTION('',(0.E0,0.E0,1.E0));
#64=VECTOR('',#63,6.1E-1);
#65=CARTESIAN_POINT('',(1.232E1,-1.27E0,-4.95E0));
#66=LINE('',#65,#64);
#67=DIRECTION('',(1.E0,0.E0,0.E0));
#68=VECTOR('',#67,2.36E0);
#69=CARTESIAN_POINT('',(1.232E1,-1.27E0,-4.95E0));
#70=LINE('',#69,#68);
#71=DIRECTION('',(0.E0,0.E0,1.E0));
#72=VECTOR('',#71,6.1E-1);
#73=CARTESIAN_POINT('',(1.468E1,-1.27E0,-4.95E0));
#74=LINE('',#73,#72);
#75=DIRECTION('',(8.881784197001E-14,0.E0,-1.E0));
#76=VECTOR('',#75,6.E-2);
#77=CARTESIAN_POINT('',(1.468E1,-1.27E0,-4.28E0));
#78=LINE('',#77,#76);
#79=DIRECTION('',(8.881784197001E-14,0.E0,-1.E0));
#80=VECTOR('',#79,6.E-2);
#81=CARTESIAN_POINT('',(1.232E1,-1.27E0,-4.28E0));
#82=LINE('',#81,#80);
#83=DIRECTION('',(0.E0,0.E0,1.E0));
#84=VECTOR('',#83,6.1E-1);
#85=CARTESIAN_POINT('',(9.32E0,-1.27E0,-4.95E0));
#86=LINE('',#85,#84);
#87=DIRECTION('',(1.E0,0.E0,0.E0));
#88=VECTOR('',#87,2.36E0);
#89=CARTESIAN_POINT('',(9.32E0,-1.27E0,-4.95E0));
#90=LINE('',#89,#88);
#91=DIRECTION('',(0.E0,0.E0,1.E0));
#92=VECTOR('',#91,6.1E-1);
#93=CARTESIAN_POINT('',(1.168E1,-1.27E0,-4.95E0));
#94=LINE('',#93,#92);
#95=DIRECTION('',(-8.881784197001E-14,0.E0,-1.E0));
#96=VECTOR('',#95,6.E-2);
#97=CARTESIAN_POINT('',(1.168E1,-1.27E0,-4.28E0));
#98=LINE('',#97,#96);
#99=DIRECTION('',(8.881784197001E-14,0.E0,-1.E0));
#100=VECTOR('',#99,6.E-2);
#101=CARTESIAN_POINT('',(9.32E0,-1.27E0,-4.28E0));
#102=LINE('',#101,#100);
#103=DIRECTION('',(0.E0,0.E0,1.E0));
#104=VECTOR('',#103,6.1E-1);
#105=CARTESIAN_POINT('',(6.32E0,-1.27E0,-4.95E0));
#106=LINE('',#105,#104);
#107=DIRECTION('',(1.E0,0.E0,0.E0));
#108=VECTOR('',#107,2.36E0);
#109=CARTESIAN_POINT('',(6.32E0,-1.27E0,-4.95E0));
#110=LINE('',#109,#108);
#111=DIRECTION('',(0.E0,0.E0,1.E0));
#112=VECTOR('',#111,6.1E-1);
#113=CARTESIAN_POINT('',(8.68E0,-1.27E0,-4.95E0));
#114=LINE('',#113,#112);
#115=DIRECTION('',(-5.921189464667E-14,0.E0,-1.E0));
#116=VECTOR('',#115,6.E-2);
#117=CARTESIAN_POINT('',(8.68E0,-1.27E0,-4.28E0));
#118=LINE('',#117,#116);
#119=DIRECTION('',(2.960594732334E-14,0.E0,-1.E0));
#120=VECTOR('',#119,6.E-2);
#121=CARTESIAN_POINT('',(6.32E0,-1.27E0,-4.28E0));
#122=LINE('',#121,#120);
#123=DIRECTION('',(0.E0,0.E0,1.E0));
#124=VECTOR('',#123,6.1E-1);
#125=CARTESIAN_POINT('',(3.32E0,-1.27E0,-4.95E0));
#126=LINE('',#125,#124);
#127=DIRECTION('',(1.E0,0.E0,0.E0));
#128=VECTOR('',#127,2.36E0);
#129=CARTESIAN_POINT('',(3.32E0,-1.27E0,-4.95E0));
#130=LINE('',#129,#128);
#131=DIRECTION('',(0.E0,0.E0,1.E0));
#132=VECTOR('',#131,6.1E-1);
#133=CARTESIAN_POINT('',(5.68E0,-1.27E0,-4.95E0));
#134=LINE('',#133,#132);
#135=DIRECTION('',(-5.921189464667E-14,0.E0,-1.E0));
#136=VECTOR('',#135,6.E-2);
#137=CARTESIAN_POINT('',(5.68E0,-1.27E0,-4.28E0));
#138=LINE('',#137,#136);
#139=DIRECTION('',(0.E0,0.E0,-1.E0));
#140=VECTOR('',#139,6.E-2);
#141=CARTESIAN_POINT('',(3.32E0,-1.27E0,-4.28E0));
#142=LINE('',#141,#140);
#143=DIRECTION('',(0.E0,0.E0,1.E0));
#144=VECTOR('',#143,6.1E-1);
#145=CARTESIAN_POINT('',(3.2E-1,-1.27E0,-4.95E0));
#146=LINE('',#145,#144);
#147=DIRECTION('',(1.E0,0.E0,0.E0));
#148=VECTOR('',#147,2.36E0);
#149=CARTESIAN_POINT('',(3.2E-1,-1.27E0,-4.95E0));
#150=LINE('',#149,#148);
#151=DIRECTION('',(0.E0,0.E0,1.E0));
#152=VECTOR('',#151,6.1E-1);
#153=CARTESIAN_POINT('',(2.68E0,-1.27E0,-4.95E0));
#154=LINE('',#153,#152);
#155=DIRECTION('',(-6.661338147751E-14,0.E0,-1.E0));
#156=VECTOR('',#155,6.E-2);
#157=CARTESIAN_POINT('',(2.68E0,-1.27E0,-4.28E0));
#158=LINE('',#157,#156);
#159=DIRECTION('',(-4.163336342344E-14,0.E0,1.E0));
#160=VECTOR('',#159,6.E-2);
#161=CARTESIAN_POINT('',(3.2E-1,-1.27E0,-4.34E0));
#162=LINE('',#161,#160);
#163=DIRECTION('',(0.E0,0.E0,1.E0));
#164=VECTOR('',#163,6.1E-1);
#165=CARTESIAN_POINT('',(-2.68E0,-1.27E0,-4.95E0));
#166=LINE('',#165,#164);
#167=DIRECTION('',(1.E0,0.E0,0.E0));
#168=VECTOR('',#167,2.36E0);
#169=CARTESIAN_POINT('',(-2.68E0,-1.27E0,-4.95E0));
#170=LINE('',#169,#168);
#171=DIRECTION('',(0.E0,0.E0,1.E0));
#172=VECTOR('',#171,6.1E-1);
#173=CARTESIAN_POINT('',(-3.2E-1,-1.27E0,-4.95E0));
#174=LINE('',#173,#172);
#175=DIRECTION('',(4.163336342344E-14,0.E0,1.E0));
#176=VECTOR('',#175,6.E-2);
#177=CARTESIAN_POINT('',(-3.2E-1,-1.27E0,-4.34E0));
#178=LINE('',#177,#176);
#179=DIRECTION('',(-2.960594732334E-14,0.E0,1.E0));
#180=VECTOR('',#179,6.E-2);
#181=CARTESIAN_POINT('',(-2.68E0,-1.27E0,-4.34E0));
#182=LINE('',#181,#180);
#183=DIRECTION('',(0.E0,0.E0,1.E0));
#184=VECTOR('',#183,6.1E-1);
#185=CARTESIAN_POINT('',(-5.68E0,-1.27E0,-4.95E0));
#186=LINE('',#185,#184);
#187=DIRECTION('',(1.E0,0.E0,0.E0));
#188=VECTOR('',#187,2.36E0);
#189=CARTESIAN_POINT('',(-5.68E0,-1.27E0,-4.95E0));
#190=LINE('',#189,#188);
#191=DIRECTION('',(0.E0,0.E0,1.E0));
#192=VECTOR('',#191,6.1E-1);
#193=CARTESIAN_POINT('',(-3.32E0,-1.27E0,-4.95E0));
#194=LINE('',#193,#192);
#195=DIRECTION('',(2.960594732334E-14,0.E0,1.E0));
#196=VECTOR('',#195,6.E-2);
#197=CARTESIAN_POINT('',(-3.32E0,-1.27E0,-4.34E0));
#198=LINE('',#197,#196);
#199=DIRECTION('',(-1.480297366167E-14,0.E0,1.E0));
#200=VECTOR('',#199,6.E-2);
#201=CARTESIAN_POINT('',(-5.68E0,-1.27E0,-4.34E0));
#202=LINE('',#201,#200);
#203=DIRECTION('',(0.E0,0.E0,1.E0));
#204=VECTOR('',#203,6.1E-1);
#205=CARTESIAN_POINT('',(-8.68E0,-1.27E0,-4.95E0));
#206=LINE('',#205,#204);
#207=DIRECTION('',(1.E0,0.E0,0.E0));
#208=VECTOR('',#207,2.36E0);
#209=CARTESIAN_POINT('',(-8.68E0,-1.27E0,-4.95E0));
#210=LINE('',#209,#208);
#211=DIRECTION('',(0.E0,0.E0,1.E0));
#212=VECTOR('',#211,6.1E-1);
#213=CARTESIAN_POINT('',(-6.32E0,-1.27E0,-4.95E0));
#214=LINE('',#213,#212);
#215=DIRECTION('',(2.960594732334E-14,0.E0,1.E0));
#216=VECTOR('',#215,6.E-2);
#217=CARTESIAN_POINT('',(-6.32E0,-1.27E0,-4.34E0));
#218=LINE('',#217,#216);
#219=DIRECTION('',(-2.960594732334E-14,0.E0,1.E0));
#220=VECTOR('',#219,6.E-2);
#221=CARTESIAN_POINT('',(-8.68E0,-1.27E0,-4.34E0));
#222=LINE('',#221,#220);
#223=DIRECTION('',(0.E0,0.E0,1.E0));
#224=VECTOR('',#223,6.1E-1);
#225=CARTESIAN_POINT('',(-1.168E1,-1.27E0,-4.95E0));
#226=LINE('',#225,#224);
#227=DIRECTION('',(1.E0,0.E0,0.E0));
#228=VECTOR('',#227,2.36E0);
#229=CARTESIAN_POINT('',(-1.168E1,-1.27E0,-4.95E0));
#230=LINE('',#229,#228);
#231=DIRECTION('',(0.E0,0.E0,1.E0));
#232=VECTOR('',#231,6.1E-1);
#233=CARTESIAN_POINT('',(-9.32E0,-1.27E0,-4.95E0));
#234=LINE('',#233,#232);
#235=DIRECTION('',(2.960594732334E-14,0.E0,1.E0));
#236=VECTOR('',#235,6.E-2);
#237=CARTESIAN_POINT('',(-9.32E0,-1.27E0,-4.34E0));
#238=LINE('',#237,#236);
#239=DIRECTION('',(-2.960594732334E-14,0.E0,1.E0));
#240=VECTOR('',#239,6.E-2);
#241=CARTESIAN_POINT('',(-1.168E1,-1.27E0,-4.34E0));
#242=LINE('',#241,#240);
#243=DIRECTION('',(0.E0,0.E0,1.E0));
#244=VECTOR('',#243,6.1E-1);
#245=CARTESIAN_POINT('',(-1.468E1,-1.27E0,-4.95E0));
#246=LINE('',#245,#244);
#247=DIRECTION('',(1.E0,0.E0,0.E0));
#248=VECTOR('',#247,2.36E0);
#249=CARTESIAN_POINT('',(-1.468E1,-1.27E0,-4.95E0));
#250=LINE('',#249,#248);
#251=DIRECTION('',(0.E0,0.E0,1.E0));
#252=VECTOR('',#251,6.1E-1);
#253=CARTESIAN_POINT('',(-1.232E1,-1.27E0,-4.95E0));
#254=LINE('',#253,#252);
#255=DIRECTION('',(2.960594732334E-14,0.E0,1.E0));
#256=VECTOR('',#255,6.E-2);
#257=CARTESIAN_POINT('',(-1.232E1,-1.27E0,-4.34E0));
#258=LINE('',#257,#256);
#259=DIRECTION('',(-5.921189464667E-14,0.E0,1.E0));
#260=VECTOR('',#259,6.E-2);
#261=CARTESIAN_POINT('',(-1.468E1,-1.27E0,-4.34E0));
#262=LINE('',#261,#260);
#263=DIRECTION('',(0.E0,0.E0,1.E0));
#264=VECTOR('',#263,6.7E-1);
#265=CARTESIAN_POINT('',(-1.6965E1,-1.27E0,-4.95E0));
#266=LINE('',#265,#264);
#267=DIRECTION('',(1.E0,0.E0,0.E0));
#268=VECTOR('',#267,1.645E0);
#269=CARTESIAN_POINT('',(-1.6965E1,-1.27E0,-4.95E0));
#270=LINE('',#269,#268);
#271=DIRECTION('',(0.E0,0.E0,1.E0));
#272=VECTOR('',#271,6.1E-1);
#273=CARTESIAN_POINT('',(-1.532E1,-1.27E0,-4.95E0));
#274=LINE('',#273,#272);
#275=DIRECTION('',(8.881784197001E-14,0.E0,1.E0));
#276=VECTOR('',#275,6.E-2);
#277=CARTESIAN_POINT('',(-1.532E1,-1.27E0,-4.34E0));
#278=LINE('',#277,#276);
#279=DIRECTION('',(0.E0,1.E0,0.E0));
#280=VECTOR('',#279,1.143534003375E-1);
#281=CARTESIAN_POINT('',(1.7365E1,-1.93E0,-2.19E0));
#282=LINE('',#281,#280);
#283=DIRECTION('',(0.E0,0.E0,1.E0));
#284=VECTOR('',#283,6.4E-1);
#285=CARTESIAN_POINT('',(1.7365E1,-1.815646599663E0,-2.83E0));
#286=LINE('',#285,#284);
#287=DIRECTION('',(0.E0,1.E0,0.E0));
#288=VECTOR('',#287,1.143534003375E-1);
#289=CARTESIAN_POINT('',(1.7365E1,-1.93E0,-2.83E0));
#290=LINE('',#289,#288);
#291=DIRECTION('',(0.E0,0.E0,-1.E0));
#292=VECTOR('',#291,1.85E0);
#293=CARTESIAN_POINT('',(1.7365E1,-2.47E0,-3.1E0));
#294=LINE('',#293,#292);
#295=DIRECTION('',(0.E0,0.E0,-1.E0));
#296=VECTOR('',#295,6.E-1);
#297=CARTESIAN_POINT('',(1.7365E1,-8.75E-1,-3.68E0));
#298=LINE('',#297,#296);
#299=DIRECTION('',(0.E0,-1.E0,0.E0));
#300=VECTOR('',#299,1.75E0);
#301=CARTESIAN_POINT('',(1.7365E1,8.75E-1,-3.68E0));
#302=LINE('',#301,#300);
#303=DIRECTION('',(0.E0,0.E0,1.E0));
#304=VECTOR('',#303,6.E-1);
#305=CARTESIAN_POINT('',(1.7365E1,8.75E-1,-4.28E0));
#306=LINE('',#305,#304);
#307=DIRECTION('',(0.E0,-1.E0,0.E0));
#308=VECTOR('',#307,3.36E0);
#309=CARTESIAN_POINT('',(1.7365E1,1.93E0,-3.25E0));
#310=LINE('',#309,#308);
#311=DIRECTION('',(0.E0,-1.E0,0.E0));
#312=VECTOR('',#311,5.E-1);
#313=CARTESIAN_POINT('',(1.7365E1,-1.43E0,1.65E0));
#314=LINE('',#313,#312);
#315=CARTESIAN_POINT('',(1.7575E1,-1.68E0,-2.19E0));
#316=DIRECTION('',(0.E0,0.E0,-1.E0));
#317=DIRECTION('',(0.E0,-1.E0,0.E0));
#318=AXIS2_PLACEMENT_3D('',#315,#316,#317);
#320=DIRECTION('',(-1.E0,0.E0,0.E0));
#321=VECTOR('',#320,7.E-1);
#322=CARTESIAN_POINT('',(1.8275E1,-1.93E0,-2.19E0));
#323=LINE('',#322,#321);
#324=DIRECTION('',(0.E0,1.E0,0.E0));
#325=VECTOR('',#324,4.E-1);
#326=CARTESIAN_POINT('',(1.8275E1,-2.33E0,-2.19E0));
#327=LINE('',#326,#325);
#328=DIRECTION('',(1.E0,0.E0,0.E0));
#329=VECTOR('',#328,7.E-1);
#330=CARTESIAN_POINT('',(1.7575E1,-2.33E0,-2.19E0));
#331=LINE('',#330,#329);
#332=CARTESIAN_POINT('',(1.7575E1,-1.68E0,-2.19E0));
#333=DIRECTION('',(0.E0,0.E0,1.E0));
#334=DIRECTION('',(-1.E0,-1.390340833915E-13,0.E0));
#335=AXIS2_PLACEMENT_3D('',#332,#333,#334);
#337=DIRECTION('',(0.E0,1.E0,0.E0));
#338=VECTOR('',#337,2.5E-1);
#339=CARTESIAN_POINT('',(1.7325E1,-1.68E0,-2.19E0));
#340=LINE('',#339,#338);
#341=CARTESIAN_POINT('',(1.7575E1,-1.68E0,-2.19E0));
#342=DIRECTION('',(0.E0,0.E0,-1.E0));
#343=DIRECTION('',(-8.4E-1,-5.425863986501E-1,0.E0));
#344=AXIS2_PLACEMENT_3D('',#341,#342,#343);
#346=CARTESIAN_POINT('',(-1.7575E1,-1.68E0,-2.19E0));
#347=DIRECTION('',(0.E0,0.E0,-1.E0));
#348=DIRECTION('',(1.E0,0.E0,0.E0));
#349=AXIS2_PLACEMENT_3D('',#346,#347,#348);
#351=DIRECTION('',(0.E0,-1.E0,0.E0));
#352=VECTOR('',#351,2.5E-1);
#353=CARTESIAN_POINT('',(-1.7325E1,-1.43E0,-2.19E0));
#354=LINE('',#353,#352);
#355=CARTESIAN_POINT('',(-1.7575E1,-1.68E0,-2.19E0));
#356=DIRECTION('',(0.E0,0.E0,1.E0));
#357=DIRECTION('',(0.E0,-1.E0,0.E0));
#358=AXIS2_PLACEMENT_3D('',#355,#356,#357);
#360=DIRECTION('',(1.E0,0.E0,0.E0));
#361=VECTOR('',#360,7.E-1);
#362=CARTESIAN_POINT('',(-1.8275E1,-2.33E0,-2.19E0));
#363=LINE('',#362,#361);
#364=DIRECTION('',(0.E0,-1.E0,0.E0));
#365=VECTOR('',#364,4.E-1);
#366=CARTESIAN_POINT('',(-1.8275E1,-1.93E0,-2.19E0));
#367=LINE('',#366,#365);
#368=DIRECTION('',(-1.E0,0.E0,0.E0));
#369=VECTOR('',#368,7.E-1);
#370=CARTESIAN_POINT('',(-1.7575E1,-1.93E0,-2.19E0));
#371=LINE('',#370,#369);
#372=CARTESIAN_POINT('',(-1.7575E1,-1.68E0,-2.19E0));
#373=DIRECTION('',(0.E0,0.E0,-1.E0));
#374=DIRECTION('',(5.382040166320E-1,-8.428145919959E-1,0.E0));
#375=AXIS2_PLACEMENT_3D('',#372,#373,#374);
#377=DIRECTION('',(8.869140841670E-1,4.619344188370E-1,0.E0));
#378=VECTOR('',#377,8.506911457253E-2);
#379=CARTESIAN_POINT('',(1.7365E1,-1.93E0,-2.19E0));
#380=LINE('',#379,#378);
#381=DIRECTION('',(0.E0,0.E0,1.E0));
#382=VECTOR('',#381,3.84E0);
#383=CARTESIAN_POINT('',(1.7365E1,-1.93E0,-2.19E0));
#384=LINE('',#383,#382);
#385=DIRECTION('',(8.869140841670E-1,4.619344188370E-1,0.E0));
#386=VECTOR('',#385,1.082404730219E0);
#387=CARTESIAN_POINT('',(1.7365E1,-1.93E0,1.65E0));
#388=LINE('',#387,#386);
#389=DIRECTION('',(-8.869140841670E-1,-4.619344188370E-1,0.E0));
#390=VECTOR('',#389,1.082404730219E0);
#391=CARTESIAN_POINT('',(1.8325E1,-1.43E0,-3.1E0));
#392=LINE('',#391,#390);
#393=DIRECTION('',(0.E0,0.E0,1.E0));
#394=VECTOR('',#393,2.7E-1);
#395=CARTESIAN_POINT('',(1.7365E1,-1.93E0,-3.1E0));
#396=LINE('',#395,#394);
#397=DIRECTION('',(8.869140841670E-1,4.619344188370E-1,0.E0));
#398=VECTOR('',#397,8.506911457252E-2);
#399=CARTESIAN_POINT('',(1.7365E1,-1.93E0,-2.83E0));
#400=LINE('',#399,#398);
#401=DIRECTION('',(0.E0,0.E0,1.E0));
#402=VECTOR('',#401,6.4E-1);
#403=CARTESIAN_POINT('',(1.744044899584E1,-1.890703647999E0,-2.83E0));
#404=LINE('',#403,#402);
#405=DIRECTION('',(1.E0,0.E0,0.E0));
#406=VECTOR('',#405,4.E-1);
#407=CARTESIAN_POINT('',(-1.7325E1,-1.43E0,-2.19E0));
#408=LINE('',#407,#406);
#409=DIRECTION('',(0.E0,0.E0,1.E0));
#410=VECTOR('',#409,6.4E-1);
#411=CARTESIAN_POINT('',(-1.7325E1,-1.43E0,-2.83E0));
#412=LINE('',#411,#410);
#413=DIRECTION('',(1.E0,0.E0,0.E0));
#414=VECTOR('',#413,4.E-1);
#415=CARTESIAN_POINT('',(-1.7325E1,-1.43E0,-2.83E0));
#416=LINE('',#415,#414);
#417=DIRECTION('',(0.E0,0.E0,1.E0));
#418=VECTOR('',#417,2.12E0);
#419=CARTESIAN_POINT('',(-1.6925E1,-1.43E0,-4.95E0));
#420=LINE('',#419,#418);
#421=DIRECTION('',(0.E0,0.E0,-1.E0));
#422=VECTOR('',#421,4.9E0);
#423=CARTESIAN_POINT('',(-1.7365E1,-1.43E0,1.65E0));
#424=LINE('',#423,#422);
#425=DIRECTION('',(1.E0,0.E0,0.E0));
#426=VECTOR('',#425,9.6E-1);
#427=CARTESIAN_POINT('',(-1.8325E1,-1.43E0,1.65E0));
#428=LINE('',#427,#426);
#429=DIRECTION('',(0.E0,0.E0,1.E0));
#430=VECTOR('',#429,3.95E0);
#431=CARTESIAN_POINT('',(-1.6925E1,-1.43E0,1.E0));
#432=LINE('',#431,#430);
#433=DIRECTION('',(1.E0,0.E0,0.E0));
#434=VECTOR('',#433,4.E-1);
#435=CARTESIAN_POINT('',(-1.7325E1,-1.43E0,1.E0));
#436=LINE('',#435,#434);
#437=DIRECTION('',(0.E0,0.E0,1.E0));
#438=VECTOR('',#437,1.3E0);
#439=CARTESIAN_POINT('',(-1.7325E1,-1.43E0,-3.E-1));
#440=LINE('',#439,#438);
#441=DIRECTION('',(1.E0,0.E0,0.E0));
#442=VECTOR('',#441,4.E-1);
#443=CARTESIAN_POINT('',(-1.7325E1,-1.43E0,-3.E-1));
#444=LINE('',#443,#442);
#445=DIRECTION('',(0.E0,0.E0,1.E0));
#446=VECTOR('',#445,1.89E0);
#447=CARTESIAN_POINT('',(-1.6925E1,-1.43E0,-2.19E0));
#448=LINE('',#447,#446);
#449=DIRECTION('',(1.E0,0.E0,0.E0));
#450=VECTOR('',#449,4.E-1);
#451=CARTESIAN_POINT('',(1.6925E1,-1.43E0,-2.19E0));
#452=LINE('',#451,#450);
#453=DIRECTION('',(0.E0,0.E0,-1.E0));
#454=VECTOR('',#453,1.89E0);
#455=CARTESIAN_POINT('',(1.6925E1,-1.43E0,-3.E-1));
#456=LINE('',#455,#454);
#457=DIRECTION('',(1.E0,0.E0,0.E0));
#458=VECTOR('',#457,4.E-1);
#459=CARTESIAN_POINT('',(1.6925E1,-1.43E0,-3.E-1));
#460=LINE('',#459,#458);
#461=DIRECTION('',(0.E0,0.E0,1.E0));
#462=VECTOR('',#461,1.3E0);
#463=CARTESIAN_POINT('',(1.7325E1,-1.43E0,-3.E-1));
#464=LINE('',#463,#462);
#465=DIRECTION('',(1.E0,0.E0,0.E0));
#466=VECTOR('',#465,4.E-1);
#467=CARTESIAN_POINT('',(1.6925E1,-1.43E0,1.E0));
#468=LINE('',#467,#466);
#469=DIRECTION('',(0.E0,0.E0,-1.E0));
#470=VECTOR('',#469,3.95E0);
#471=CARTESIAN_POINT('',(1.6925E1,-1.43E0,4.95E0));
#472=LINE('',#471,#470);
#473=DIRECTION('',(1.E0,0.E0,0.E0));
#474=VECTOR('',#473,9.6E-1);
#475=CARTESIAN_POINT('',(1.7365E1,-1.43E0,1.65E0));
#476=LINE('',#475,#474);
#477=DIRECTION('',(0.E0,0.E0,1.E0));
#478=VECTOR('',#477,4.9E0);
#479=CARTESIAN_POINT('',(1.7365E1,-1.43E0,-3.25E0));
#480=LINE('',#479,#478);
#481=DIRECTION('',(0.E0,0.E0,-1.E0));
#482=VECTOR('',#481,2.12E0);
#483=CARTESIAN_POINT('',(1.6925E1,-1.43E0,-2.83E0));
#484=LINE('',#483,#482);
#485=DIRECTION('',(1.E0,0.E0,0.E0));
#486=VECTOR('',#485,4.E-1);
#487=CARTESIAN_POINT('',(1.6925E1,-1.43E0,-2.83E0));
#488=LINE('',#487,#486);
#489=DIRECTION('',(0.E0,0.E0,1.E0));
#490=VECTOR('',#489,6.4E-1);
#491=CARTESIAN_POINT('',(1.7325E1,-1.43E0,-2.83E0));
#492=LINE('',#491,#490);
#493=DIRECTION('',(0.E0,0.E0,-1.E0));
#494=VECTOR('',#493,6.4E-1);
#495=CARTESIAN_POINT('',(-1.7325E1,-1.68E0,-2.19E0));
#496=LINE('',#495,#494);
#497=DIRECTION('',(0.E0,1.E0,0.E0));
#498=VECTOR('',#497,1.143534003375E-1);
#499=CARTESIAN_POINT('',(-1.7365E1,-1.93E0,-2.19E0));
#500=LINE('',#499,#498);
#501=DIRECTION('',(0.E0,1.E0,0.E0));
#502=VECTOR('',#501,5.E-1);
#503=CARTESIAN_POINT('',(-1.7365E1,-1.93E0,1.65E0));
#504=LINE('',#503,#502);
#505=DIRECTION('',(0.E0,0.E0,-1.E0));
#506=VECTOR('',#505,6.E-1);
#507=CARTESIAN_POINT('',(-1.7365E1,8.75E-1,-3.68E0));
#508=LINE('',#507,#506);
#509=DIRECTION('',(0.E0,-1.E0,0.E0));
#510=VECTOR('',#509,1.75E0);
#511=CARTESIAN_POINT('',(-1.7365E1,8.75E-1,-3.68E0));
#512=LINE('',#511,#510);
#513=DIRECTION('',(0.E0,0.E0,-1.E0));
#514=VECTOR('',#513,6.E-1);
#515=CARTESIAN_POINT('',(-1.7365E1,-8.75E-1,-3.68E0));
#516=LINE('',#515,#514);
#517=DIRECTION('',(0.E0,0.E0,1.E0));
#518=VECTOR('',#517,1.85E0);
#519=CARTESIAN_POINT('',(-1.7365E1,-2.47E0,-4.95E0));
#520=LINE('',#519,#518);
#521=DIRECTION('',(0.E0,1.E0,0.E0));
#522=VECTOR('',#521,1.143534003375E-1);
#523=CARTESIAN_POINT('',(-1.7365E1,-1.93E0,-2.83E0));
#524=LINE('',#523,#522);
#525=DIRECTION('',(0.E0,0.E0,1.E0));
#526=VECTOR('',#525,6.4E-1);
#527=CARTESIAN_POINT('',(-1.7365E1,-1.815646599663E0,-2.83E0));
#528=LINE('',#527,#526);
#529=DIRECTION('',(-8.869140841670E-1,4.619344188370E-1,0.E0));
#530=VECTOR('',#529,8.506911457253E-2);
#531=CARTESIAN_POINT('',(-1.7365E1,-1.93E0,-2.19E0));
#532=LINE('',#531,#530);
#533=DIRECTION('',(0.E0,0.E0,1.E0));
#534=VECTOR('',#533,6.4E-1);
#535=CARTESIAN_POINT('',(-1.744044899584E1,-1.890703647999E0,-2.83E0));
#536=LINE('',#535,#534);
#537=DIRECTION('',(-8.869140841670E-1,4.619344188370E-1,0.E0));
#538=VECTOR('',#537,8.506911457253E-2);
#539=CARTESIAN_POINT('',(-1.7365E1,-1.93E0,-2.83E0));
#540=LINE('',#539,#538);
#541=DIRECTION('',(0.E0,0.E0,1.E0));
#542=VECTOR('',#541,2.7E-1);
#543=CARTESIAN_POINT('',(-1.7365E1,-1.93E0,-3.1E0));
#544=LINE('',#543,#542);
#545=DIRECTION('',(-8.869140841670E-1,4.619344188370E-1,0.E0));
#546=VECTOR('',#545,1.082404730219E0);
#547=CARTESIAN_POINT('',(-1.7365E1,-1.93E0,-3.1E0));
#548=LINE('',#547,#546);
#549=DIRECTION('',(-8.869140841670E-1,4.619344188370E-1,0.E0));
#550=VECTOR('',#549,1.082404730219E0);
#551=CARTESIAN_POINT('',(-1.7365E1,-1.93E0,1.65E0));
#552=LINE('',#551,#550);
#553=DIRECTION('',(0.E0,0.E0,1.E0));
#554=VECTOR('',#553,3.84E0);
#555=CARTESIAN_POINT('',(-1.7365E1,-1.93E0,-2.19E0));
#556=LINE('',#555,#554);
#557=CARTESIAN_POINT('',(1.7575E1,-1.68E0,-2.83E0));
#558=DIRECTION('',(0.E0,0.E0,-1.E0));
#559=DIRECTION('',(-8.4E-1,-5.425863986501E-1,0.E0));
#560=AXIS2_PLACEMENT_3D('',#557,#558,#559);
#562=DIRECTION('',(0.E0,1.E0,0.E0));
#563=VECTOR('',#562,2.5E-1);
#564=CARTESIAN_POINT('',(1.7325E1,-1.68E0,-2.83E0));
#565=LINE('',#564,#563);
#566=CARTESIAN_POINT('',(1.7575E1,-1.68E0,-2.83E0));
#567=DIRECTION('',(0.E0,0.E0,1.E0));
#568=DIRECTION('',(-1.E0,-1.390340833915E-13,0.E0));
#569=AXIS2_PLACEMENT_3D('',#566,#567,#568);
#571=DIRECTION('',(1.E0,0.E0,0.E0));
#572=VECTOR('',#571,7.E-1);
#573=CARTESIAN_POINT('',(1.7575E1,-2.33E0,-2.83E0));
#574=LINE('',#573,#572);
#575=DIRECTION('',(0.E0,1.E0,0.E0));
#576=VECTOR('',#575,4.E-1);
#577=CARTESIAN_POINT('',(1.8275E1,-2.33E0,-2.83E0));
#578=LINE('',#577,#576);
#579=DIRECTION('',(-1.E0,0.E0,0.E0));
#580=VECTOR('',#579,7.E-1);
#581=CARTESIAN_POINT('',(1.8275E1,-1.93E0,-2.83E0));
#582=LINE('',#581,#580);
#583=CARTESIAN_POINT('',(1.7575E1,-1.68E0,-2.83E0));
#584=DIRECTION('',(0.E0,0.E0,-1.E0));
#585=DIRECTION('',(0.E0,-1.E0,0.E0));
#586=AXIS2_PLACEMENT_3D('',#583,#584,#585);
#588=CARTESIAN_POINT('',(-1.7575E1,-1.68E0,-2.83E0));
#589=DIRECTION('',(0.E0,0.E0,-1.E0));
#590=DIRECTION('',(5.382040166320E-1,-8.428145919959E-1,0.E0));
#591=AXIS2_PLACEMENT_3D('',#588,#589,#590);
#593=DIRECTION('',(-1.E0,0.E0,0.E0));
#594=VECTOR('',#593,7.E-1);
#595=CARTESIAN_POINT('',(-1.7575E1,-1.93E0,-2.83E0));
#596=LINE('',#595,#594);
#597=DIRECTION('',(0.E0,-1.E0,0.E0));
#598=VECTOR('',#597,4.E-1);
#599=CARTESIAN_POINT('',(-1.8275E1,-1.93E0,-2.83E0));
#600=LINE('',#599,#598);
#601=DIRECTION('',(1.E0,0.E0,0.E0));
#602=VECTOR('',#601,7.E-1);
#603=CARTESIAN_POINT('',(-1.8275E1,-2.33E0,-2.83E0));
#604=LINE('',#603,#602);
#605=CARTESIAN_POINT('',(-1.7575E1,-1.68E0,-2.83E0));
#606=DIRECTION('',(0.E0,0.E0,1.E0));
#607=DIRECTION('',(0.E0,-1.E0,0.E0));
#608=AXIS2_PLACEMENT_3D('',#605,#606,#607);
#610=DIRECTION('',(0.E0,-1.E0,0.E0));
#611=VECTOR('',#610,2.5E-1);
#612=CARTESIAN_POINT('',(-1.7325E1,-1.43E0,-2.83E0));
#613=LINE('',#612,#611);
#614=CARTESIAN_POINT('',(-1.7575E1,-1.68E0,-2.83E0));
#615=DIRECTION('',(0.E0,0.E0,-1.E0));
#616=DIRECTION('',(1.E0,0.E0,0.E0));
#617=AXIS2_PLACEMENT_3D('',#614,#615,#616);
#619=DIRECTION('',(0.E0,0.E0,-1.E0));
#620=VECTOR('',#619,6.4E-1);
#621=CARTESIAN_POINT('',(1.7575E1,-1.93E0,-2.19E0));
#622=LINE('',#621,#620);
#623=DIRECTION('',(0.E0,0.E0,-1.E0));
#624=VECTOR('',#623,6.4E-1);
#625=CARTESIAN_POINT('',(1.7325E1,-1.68E0,-2.19E0));
#626=LINE('',#625,#624);
#627=DIRECTION('',(0.E0,0.E0,-1.E0));
#628=VECTOR('',#627,6.4E-1);
#629=CARTESIAN_POINT('',(1.8275E1,-1.93E0,-2.19E0));
#630=LINE('',#629,#628);
#631=DIRECTION('',(0.E0,0.E0,-1.E0));
#632=VECTOR('',#631,6.4E-1);
#633=CARTESIAN_POINT('',(1.8275E1,-2.33E0,-2.19E0));
#634=LINE('',#633,#632);
#635=DIRECTION('',(0.E0,0.E0,-1.E0));
#636=VECTOR('',#635,6.4E-1);
#637=CARTESIAN_POINT('',(1.7575E1,-2.33E0,-2.19E0));
#638=LINE('',#637,#636);
#639=DIRECTION('',(0.E0,-1.E0,0.E0));
#640=VECTOR('',#639,2.5E-1);
#641=CARTESIAN_POINT('',(1.6925E1,-1.43E0,-2.19E0));
#642=LINE('',#641,#640);
#643=DIRECTION('',(0.E0,0.E0,1.E0));
#644=VECTOR('',#643,6.4E-1);
#645=CARTESIAN_POINT('',(1.6925E1,-1.68E0,-2.83E0));
#646=LINE('',#645,#644);
#647=DIRECTION('',(0.E0,-1.E0,0.E0));
#648=VECTOR('',#647,2.5E-1);
#649=CARTESIAN_POINT('',(1.6925E1,-1.43E0,-2.83E0));
#650=LINE('',#649,#648);
#651=DIRECTION('',(0.E0,-1.E0,0.E0));
#652=VECTOR('',#651,4.6E-1);
#653=CARTESIAN_POINT('',(1.6925E1,-1.43E0,1.E0));
#654=LINE('',#653,#652);
#655=DIRECTION('',(0.E0,0.E0,1.E0));
#656=VECTOR('',#655,1.3E0);
#657=CARTESIAN_POINT('',(1.6925E1,-1.89E0,-3.E-1));
#658=LINE('',#657,#656);
#659=DIRECTION('',(0.E0,-1.E0,0.E0));
#660=VECTOR('',#659,4.6E-1);
#661=CARTESIAN_POINT('',(1.6925E1,-1.43E0,-3.E-1));
#662=LINE('',#661,#660);
#663=DIRECTION('',(0.E0,1.E0,0.E0));
#664=VECTOR('',#663,1.2E0);
#665=CARTESIAN_POINT('',(1.7365E1,-2.47E0,-4.95E0));
#666=LINE('',#665,#664);
#667=DIRECTION('',(1.E0,0.E0,0.E0));
#668=VECTOR('',#667,9.6E-1);
#669=CARTESIAN_POINT('',(1.7365E1,-2.47E0,-4.95E0));
#670=LINE('',#669,#668);
#671=DIRECTION('',(1.E0,0.E0,0.E0));
#672=VECTOR('',#671,9.6E-1);
#673=CARTESIAN_POINT('',(-1.8325E1,-2.47E0,-4.95E0));
#674=LINE('',#673,#672);
#675=DIRECTION('',(0.E0,1.E0,0.E0));
#676=VECTOR('',#675,1.2E0);
#677=CARTESIAN_POINT('',(-1.7365E1,-2.47E0,-4.95E0));
#678=LINE('',#677,#676);
#679=DIRECTION('',(0.E0,1.E0,0.E0));
#680=VECTOR('',#679,4.1E-1);
#681=CARTESIAN_POINT('',(1.232E1,-1.68E0,-4.95E0));
#682=LINE('',#681,#680);
#683=DIRECTION('',(1.E0,0.E0,0.E0));
#684=VECTOR('',#683,2.36E0);
#685=CARTESIAN_POINT('',(1.232E1,-1.68E0,-4.95E0));
#686=LINE('',#685,#684);
#687=DIRECTION('',(0.E0,-1.E0,0.E0));
#688=VECTOR('',#687,4.1E-1);
#689=CARTESIAN_POINT('',(1.468E1,-1.27E0,-4.95E0));
#690=LINE('',#689,#688);
#691=DIRECTION('',(0.E0,1.E0,0.E0));
#692=VECTOR('',#691,4.1E-1);
#693=CARTESIAN_POINT('',(9.32E0,-1.68E0,-4.95E0));
#694=LINE('',#693,#692);
#695=DIRECTION('',(1.E0,0.E0,0.E0));
#696=VECTOR('',#695,2.36E0);
#697=CARTESIAN_POINT('',(9.32E0,-1.68E0,-4.95E0));
#698=LINE('',#697,#696);
#699=DIRECTION('',(0.E0,1.E0,0.E0));
#700=VECTOR('',#699,4.1E-1);
#701=CARTESIAN_POINT('',(1.168E1,-1.68E0,-4.95E0));
#702=LINE('',#701,#700);
#703=DIRECTION('',(0.E0,1.E0,0.E0));
#704=VECTOR('',#703,4.1E-1);
#705=CARTESIAN_POINT('',(6.32E0,-1.68E0,-4.95E0));
#706=LINE('',#705,#704);
#707=DIRECTION('',(1.E0,0.E0,0.E0));
#708=VECTOR('',#707,2.36E0);
#709=CARTESIAN_POINT('',(6.32E0,-1.68E0,-4.95E0));
#710=LINE('',#709,#708);
#711=DIRECTION('',(0.E0,1.E0,0.E0));
#712=VECTOR('',#711,4.1E-1);
#713=CARTESIAN_POINT('',(8.68E0,-1.68E0,-4.95E0));
#714=LINE('',#713,#712);
#715=DIRECTION('',(0.E0,1.E0,0.E0));
#716=VECTOR('',#715,4.1E-1);
#717=CARTESIAN_POINT('',(3.32E0,-1.68E0,-4.95E0));
#718=LINE('',#717,#716);
#719=DIRECTION('',(1.E0,0.E0,0.E0));
#720=VECTOR('',#719,2.36E0);
#721=CARTESIAN_POINT('',(3.32E0,-1.68E0,-4.95E0));
#722=LINE('',#721,#720);
#723=DIRECTION('',(0.E0,1.E0,0.E0));
#724=VECTOR('',#723,4.1E-1);
#725=CARTESIAN_POINT('',(5.68E0,-1.68E0,-4.95E0));
#726=LINE('',#725,#724);
#727=DIRECTION('',(0.E0,1.E0,0.E0));
#728=VECTOR('',#727,4.1E-1);
#729=CARTESIAN_POINT('',(3.2E-1,-1.68E0,-4.95E0));
#730=LINE('',#729,#728);
#731=DIRECTION('',(1.E0,0.E0,0.E0));
#732=VECTOR('',#731,2.36E0);
#733=CARTESIAN_POINT('',(3.2E-1,-1.68E0,-4.95E0));
#734=LINE('',#733,#732);
#735=DIRECTION('',(0.E0,1.E0,0.E0));
#736=VECTOR('',#735,4.1E-1);
#737=CARTESIAN_POINT('',(2.68E0,-1.68E0,-4.95E0));
#738=LINE('',#737,#736);
#739=DIRECTION('',(0.E0,1.E0,0.E0));
#740=VECTOR('',#739,4.1E-1);
#741=CARTESIAN_POINT('',(-2.68E0,-1.68E0,-4.95E0));
#742=LINE('',#741,#740);
#743=DIRECTION('',(1.E0,0.E0,0.E0));
#744=VECTOR('',#743,2.36E0);
#745=CARTESIAN_POINT('',(-2.68E0,-1.68E0,-4.95E0));
#746=LINE('',#745,#744);
#747=DIRECTION('',(0.E0,1.E0,0.E0));
#748=VECTOR('',#747,4.1E-1);
#749=CARTESIAN_POINT('',(-3.2E-1,-1.68E0,-4.95E0));
#750=LINE('',#749,#748);
#751=DIRECTION('',(0.E0,1.E0,0.E0));
#752=VECTOR('',#751,4.1E-1);
#753=CARTESIAN_POINT('',(-5.68E0,-1.68E0,-4.95E0));
#754=LINE('',#753,#752);
#755=DIRECTION('',(1.E0,0.E0,0.E0));
#756=VECTOR('',#755,2.36E0);
#757=CARTESIAN_POINT('',(-5.68E0,-1.68E0,-4.95E0));
#758=LINE('',#757,#756);
#759=DIRECTION('',(0.E0,1.E0,0.E0));
#760=VECTOR('',#759,4.1E-1);
#761=CARTESIAN_POINT('',(-3.32E0,-1.68E0,-4.95E0));
#762=LINE('',#761,#760);
#763=DIRECTION('',(0.E0,1.E0,0.E0));
#764=VECTOR('',#763,4.1E-1);
#765=CARTESIAN_POINT('',(-8.68E0,-1.68E0,-4.95E0));
#766=LINE('',#765,#764);
#767=DIRECTION('',(1.E0,0.E0,0.E0));
#768=VECTOR('',#767,2.36E0);
#769=CARTESIAN_POINT('',(-8.68E0,-1.68E0,-4.95E0));
#770=LINE('',#769,#768);
#771=DIRECTION('',(0.E0,1.E0,0.E0));
#772=VECTOR('',#771,4.1E-1);
#773=CARTESIAN_POINT('',(-6.32E0,-1.68E0,-4.95E0));
#774=LINE('',#773,#772);
#775=DIRECTION('',(0.E0,1.E0,0.E0));
#776=VECTOR('',#775,4.1E-1);
#777=CARTESIAN_POINT('',(-1.168E1,-1.68E0,-4.95E0));
#778=LINE('',#777,#776);
#779=DIRECTION('',(1.E0,0.E0,0.E0));
#780=VECTOR('',#779,2.36E0);
#781=CARTESIAN_POINT('',(-1.168E1,-1.68E0,-4.95E0));
#782=LINE('',#781,#780);
#783=DIRECTION('',(0.E0,1.E0,0.E0));
#784=VECTOR('',#783,4.1E-1);
#785=CARTESIAN_POINT('',(-9.32E0,-1.68E0,-4.95E0));
#786=LINE('',#785,#784);
#787=DIRECTION('',(0.E0,1.E0,0.E0));
#788=VECTOR('',#787,4.1E-1);
#789=CARTESIAN_POINT('',(-1.468E1,-1.68E0,-4.95E0));
#790=LINE('',#789,#788);
#791=DIRECTION('',(1.E0,0.E0,0.E0));
#792=VECTOR('',#791,2.36E0);
#793=CARTESIAN_POINT('',(-1.468E1,-1.68E0,-4.95E0));
#794=LINE('',#793,#792);
#795=DIRECTION('',(0.E0,1.E0,0.E0));
#796=VECTOR('',#795,4.1E-1);
#797=CARTESIAN_POINT('',(-1.232E1,-1.68E0,-4.95E0));
#798=LINE('',#797,#796);
#799=DIRECTION('',(1.E0,0.E0,0.E0));
#800=VECTOR('',#799,4.E-2);
#801=CARTESIAN_POINT('',(-1.6965E1,-1.43E0,-4.95E0));
#802=LINE('',#801,#800);
#803=DIRECTION('',(0.E0,-1.E0,0.E0));
#804=VECTOR('',#803,2.5E-1);
#805=CARTESIAN_POINT('',(-1.6925E1,-1.43E0,-4.95E0));
#806=LINE('',#805,#804);
#807=DIRECTION('',(1.E0,0.E0,0.E0));
#808=VECTOR('',#807,1.605E0);
#809=CARTESIAN_POINT('',(-1.6925E1,-1.68E0,-4.95E0));
#810=LINE('',#809,#808);
#811=DIRECTION('',(0.E0,1.E0,0.E0));
#812=VECTOR('',#811,4.1E-1);
#813=CARTESIAN_POINT('',(-1.532E1,-1.68E0,-4.95E0));
#814=LINE('',#813,#812);
#815=DIRECTION('',(0.E0,1.E0,0.E0));
#816=VECTOR('',#815,1.6E-1);
#817=CARTESIAN_POINT('',(-1.6965E1,-1.43E0,-4.95E0));
#818=LINE('',#817,#816);
#819=DIRECTION('',(1.E0,0.E0,0.E0));
#820=VECTOR('',#819,4.000000000001E-2);
#821=CARTESIAN_POINT('',(1.6925E1,-1.43E0,-4.95E0));
#822=LINE('',#821,#820);
#823=DIRECTION('',(0.E0,1.E0,0.E0));
#824=VECTOR('',#823,1.6E-1);
#825=CARTESIAN_POINT('',(1.6965E1,-1.43E0,-4.95E0));
#826=LINE('',#825,#824);
#827=DIRECTION('',(0.E0,-1.E0,0.E0));
#828=VECTOR('',#827,4.1E-1);
#829=CARTESIAN_POINT('',(1.532E1,-1.27E0,-4.95E0));
#830=LINE('',#829,#828);
#831=DIRECTION('',(1.E0,0.E0,0.E0));
#832=VECTOR('',#831,1.605E0);
#833=CARTESIAN_POINT('',(1.532E1,-1.68E0,-4.95E0));
#834=LINE('',#833,#832);
#835=DIRECTION('',(0.E0,-1.E0,0.E0));
#836=VECTOR('',#835,2.5E-1);
#837=CARTESIAN_POINT('',(1.6925E1,-1.43E0,-4.95E0));
#838=LINE('',#837,#836);
#839=DIRECTION('',(1.E0,0.E0,0.E0));
#840=VECTOR('',#839,9.6E-1);
#841=CARTESIAN_POINT('',(1.7365E1,-2.47E0,-3.1E0));
#842=LINE('',#841,#840);
#843=DIRECTION('',(1.E0,0.E0,0.E0));
#844=VECTOR('',#843,9.6E-1);
#845=CARTESIAN_POINT('',(-1.8325E1,-2.47E0,-3.1E0));
#846=LINE('',#845,#844);
#847=DIRECTION('',(0.E0,1.E0,0.E0));
#848=VECTOR('',#847,5.4E-1);
#849=CARTESIAN_POINT('',(1.7365E1,-2.47E0,-3.1E0));
#850=LINE('',#849,#848);
#851=DIRECTION('',(0.E0,-1.E0,0.E0));
#852=VECTOR('',#851,1.04E0);
#853=CARTESIAN_POINT('',(1.8325E1,-1.43E0,-3.1E0));
#854=LINE('',#853,#852);
#855=DIRECTION('',(0.E0,1.E0,0.E0));
#856=VECTOR('',#855,5.4E-1);
#857=CARTESIAN_POINT('',(-1.7365E1,-2.47E0,-3.1E0));
#858=LINE('',#857,#856);
#859=DIRECTION('',(0.E0,1.E0,0.E0));
#860=VECTOR('',#859,1.04E0);
#861=CARTESIAN_POINT('',(-1.8325E1,-2.47E0,-3.1E0));
#862=LINE('',#861,#860);
#863=DIRECTION('',(0.E0,0.E0,-1.E0));
#864=VECTOR('',#863,1.9E0);
#865=CARTESIAN_POINT('',(1.8325E1,-1.43E0,3.55E0));
#866=LINE('',#865,#864);
#867=DIRECTION('',(0.E0,-1.E0,0.E0));
#868=VECTOR('',#867,6.8E-1);
#869=CARTESIAN_POINT('',(1.8325E1,-7.5E-1,3.55E0));
#870=LINE('',#869,#868);
#871=DIRECTION('',(0.E0,1.E0,0.E0));
#872=VECTOR('',#871,2.E0);
#873=CARTESIAN_POINT('',(1.8325E1,-7.5E-1,3.55E0));
#874=LINE('',#873,#872);
#875=DIRECTION('',(0.E0,-1.E0,0.E0));
#876=VECTOR('',#875,6.8E-1);
#877=CARTESIAN_POINT('',(1.8325E1,1.93E0,3.55E0));
#878=LINE('',#877,#876);
#879=DIRECTION('',(0.E0,0.E0,1.E0));
#880=VECTOR('',#879,8.5E0);
#881=CARTESIAN_POINT('',(1.8325E1,1.93E0,-4.95E0));
#882=LINE('',#881,#880);
#883=DIRECTION('',(0.E0,1.E0,0.E0));
#884=VECTOR('',#883,6.6E-1);
#885=CARTESIAN_POINT('',(1.8325E1,1.27E0,-4.95E0));
#886=LINE('',#885,#884);
#887=DIRECTION('',(0.E0,0.E0,-1.E0));
#888=VECTOR('',#887,6.7E-1);
#889=CARTESIAN_POINT('',(1.8325E1,1.27E0,-4.28E0));
#890=LINE('',#889,#888);
#891=DIRECTION('',(0.E0,1.E0,0.E0));
#892=VECTOR('',#891,3.95E-1);
#893=CARTESIAN_POINT('',(1.8325E1,8.75E-1,-4.28E0));
#894=LINE('',#893,#892);
#895=DIRECTION('',(0.E0,0.E0,1.E0));
#896=VECTOR('',#895,6.E-1);
#897=CARTESIAN_POINT('',(1.8325E1,8.75E-1,-4.28E0));
#898=LINE('',#897,#896);
#899=DIRECTION('',(0.E0,-1.E0,0.E0));
#900=VECTOR('',#899,1.75E0);
#901=CARTESIAN_POINT('',(1.8325E1,8.75E-1,-3.68E0));
#902=LINE('',#901,#900);
#903=DIRECTION('',(0.E0,0.E0,-1.E0));
#904=VECTOR('',#903,6.E-1);
#905=CARTESIAN_POINT('',(1.8325E1,-8.75E-1,-3.68E0));
#906=LINE('',#905,#904);
#907=DIRECTION('',(0.E0,1.E0,0.E0));
#908=VECTOR('',#907,3.95E-1);
#909=CARTESIAN_POINT('',(1.8325E1,-1.27E0,-4.28E0));
#910=LINE('',#909,#908);
#911=DIRECTION('',(0.E0,0.E0,1.E0));
#912=VECTOR('',#911,6.7E-1);
#913=CARTESIAN_POINT('',(1.8325E1,-1.27E0,-4.95E0));
#914=LINE('',#913,#912);
#915=DIRECTION('',(0.E0,1.E0,0.E0));
#916=VECTOR('',#915,1.2E0);
#917=CARTESIAN_POINT('',(1.8325E1,-2.47E0,-4.95E0));
#918=LINE('',#917,#916);
#919=DIRECTION('',(0.E0,0.E0,-1.E0));
#920=VECTOR('',#919,1.85E0);
#921=CARTESIAN_POINT('',(1.8325E1,-2.47E0,-3.1E0));
#922=LINE('',#921,#920);
#923=DIRECTION('',(0.E0,0.E0,-1.E0));
#924=VECTOR('',#923,4.75E0);
#925=CARTESIAN_POINT('',(1.8325E1,-1.43E0,1.65E0));
#926=LINE('',#925,#924);
#927=DIRECTION('',(0.E0,0.E0,1.E0));
#928=VECTOR('',#927,1.25E0);
#929=CARTESIAN_POINT('',(1.8325E1,4.25E-2,-3.5E0));
#930=LINE('',#929,#928);
#931=DIRECTION('',(0.E0,-1.E0,0.E0));
#932=VECTOR('',#931,1.5625E-1);
#933=CARTESIAN_POINT('',(1.8325E1,4.25E-2,-2.25E0));
#934=LINE('',#933,#932);
#935=DIRECTION('',(0.E0,-6.428712937139E-1,-7.659742160926E-1));
#936=VECTOR('',#935,2.430502054266E-1);
#937=CARTESIAN_POINT('',(1.8325E1,-1.1375E-1,-2.25E0));
#938=LINE('',#937,#936);
#939=DIRECTION('',(0.E0,0.E0,-1.E0));
#940=VECTOR('',#939,2.127660065889E-1);
#941=CARTESIAN_POINT('',(1.8325E1,-2.7E-1,-2.436170190573E0));
#942=LINE('',#941,#940);
#943=DIRECTION('',(0.E0,6.428711427642E-1,7.659743427825E-1));
#944=VECTOR('',#943,2.430502624961E-1);
#945=CARTESIAN_POINT('',(1.8325E1,-2.7E-1,-2.648936197162E0));
#946=LINE('',#945,#944);
#947=DIRECTION('',(0.E0,0.E0,-1.E0));
#948=VECTOR('',#947,1.037234067917E0);
#949=CARTESIAN_POINT('',(1.8325E1,-1.1375E-1,-2.462765932083E0));
#950=LINE('',#949,#948);
#951=DIRECTION('',(0.E0,1.E0,0.E0));
#952=VECTOR('',#951,1.5625E-1);
#953=CARTESIAN_POINT('',(1.8325E1,-1.1375E-1,-3.5E0));
#954=LINE('',#953,#952);
#955=DIRECTION('',(-7.071067811865E-1,0.E0,7.071067811865E-1));
#956=VECTOR('',#955,1.979898987322E0);
#957=CARTESIAN_POINT('',(1.8325E1,1.25E0,3.55E0));
#958=LINE('',#957,#956);
#959=DIRECTION('',(-7.071067811865E-1,0.E0,7.071067811865E-1));
#960=VECTOR('',#959,1.979898987322E0);
#961=CARTESIAN_POINT('',(1.8325E1,-1.43E0,3.55E0));
#962=LINE('',#961,#960);
#963=DIRECTION('',(-7.071067811865E-1,0.E0,7.071067811865E-1));
#964=VECTOR('',#963,1.979898987322E0);
#965=CARTESIAN_POINT('',(1.8325E1,-7.5E-1,3.55E0));
#966=LINE('',#965,#964);
#967=DIRECTION('',(-1.E0,0.E0,0.E0));
#968=VECTOR('',#967,1.4E0);
#969=CARTESIAN_POINT('',(1.8325E1,1.25E0,3.55E0));
#970=LINE('',#969,#968);
#971=DIRECTION('',(0.E0,0.E0,1.E0));
#972=VECTOR('',#971,1.4E0);
#973=CARTESIAN_POINT('',(1.6925E1,1.25E0,3.55E0));
#974=LINE('',#973,#972);
#975=DIRECTION('',(0.E0,0.E0,-1.E0));
#976=VECTOR('',#975,1.4E0);
#977=CARTESIAN_POINT('',(-1.6925E1,1.25E0,4.95E0));
#978=LINE('',#977,#976);
#979=DIRECTION('',(-1.E0,0.E0,0.E0));
#980=VECTOR('',#979,1.4E0);
#981=CARTESIAN_POINT('',(-1.6925E1,1.25E0,3.55E0));
#982=LINE('',#981,#980);
#983=DIRECTION('',(-1.E0,0.E0,0.E0));
#984=VECTOR('',#983,1.4E0);
#985=CARTESIAN_POINT('',(1.8325E1,-7.5E-1,3.55E0));
#986=LINE('',#985,#984);
#987=DIRECTION('',(0.E0,0.E0,1.E0));
#988=VECTOR('',#987,1.4E0);
#989=CARTESIAN_POINT('',(1.6925E1,-7.5E-1,3.55E0));
#990=LINE('',#989,#988);
#991=DIRECTION('',(0.E0,0.E0,-1.E0));
#992=VECTOR('',#991,1.4E0);
#993=CARTESIAN_POINT('',(-1.6925E1,-7.5E-1,4.95E0));
#994=LINE('',#993,#992);
#995=DIRECTION('',(-1.E0,0.E0,0.E0));
#996=VECTOR('',#995,1.4E0);
#997=CARTESIAN_POINT('',(-1.6925E1,-7.5E-1,3.55E0));
#998=LINE('',#997,#996);
#999=DIRECTION('',(0.E0,-1.E0,0.E0));
#1000=VECTOR('',#999,2.E0);
#1001=CARTESIAN_POINT('',(1.6925E1,1.25E0,3.55E0));
#1002=LINE('',#1001,#1000);
#1003=DIRECTION('',(0.E0,-1.E0,0.E0));
#1004=VECTOR('',#1003,1.8E0);
#1005=CARTESIAN_POINT('',(-1.375E1,1.25E0,4.95E0));
#1006=LINE('',#1005,#1004);
#1007=DIRECTION('',(1.E0,0.E0,0.E0));
#1008=VECTOR('',#1007,2.5E0);
#1009=CARTESIAN_POINT('',(-1.625E1,1.25E0,4.95E0));
#1010=LINE('',#1009,#1008);
#1011=DIRECTION('',(0.E0,1.E0,0.E0));
#1012=VECTOR('',#1011,2.5E0);
#1013=CARTESIAN_POINT('',(-1.625E1,-1.25E0,4.95E0));
#1014=LINE('',#1013,#1012);
#1015=DIRECTION('',(-1.E0,0.E0,0.E0));
#1016=VECTOR('',#1015,1.8E0);
#1017=CARTESIAN_POINT('',(-1.445E1,-1.25E0,4.95E0));
#1018=LINE('',#1017,#1016);
#1019=DIRECTION('',(-7.071067811865E-1,-7.071067811866E-1,0.E0));
#1020=VECTOR('',#1019,9.899494936612E-1);
#1021=CARTESIAN_POINT('',(-1.375E1,-5.5E-1,4.95E0));
#1022=LINE('',#1021,#1020);
#1023=DIRECTION('',(-1.E0,0.E0,0.E0));
#1024=VECTOR('',#1023,1.8E0);
#1025=CARTESIAN_POINT('',(-1.075E1,-1.25E0,4.95E0));
#1026=LINE('',#1025,#1024);
#1027=DIRECTION('',(0.E0,-1.E0,0.E0));
#1028=VECTOR('',#1027,2.5E0);
#1029=CARTESIAN_POINT('',(-1.075E1,1.25E0,4.95E0));
#1030=LINE('',#1029,#1028);
#1031=DIRECTION('',(1.E0,0.E0,0.E0));
#1032=VECTOR('',#1031,2.5E0);
#1033=CARTESIAN_POINT('',(-1.325E1,1.25E0,4.95E0));
#1034=LINE('',#1033,#1032);
#1035=DIRECTION('',(0.E0,1.E0,0.E0));
#1036=VECTOR('',#1035,1.8E0);
#1037=CARTESIAN_POINT('',(-1.325E1,-5.5E-1,4.95E0));
#1038=LINE('',#1037,#1036);
#1039=DIRECTION('',(-7.071067811865E-1,7.071067811865E-1,0.E0));
#1040=VECTOR('',#1039,9.899494936612E-1);
#1041=CARTESIAN_POINT('',(-1.255E1,-1.25E0,4.95E0));
#1042=LINE('',#1041,#1040);
#1043=DIRECTION('',(-1.E0,0.E0,0.E0));
#1044=VECTOR('',#1043,1.8E0);
#1045=CARTESIAN_POINT('',(-5.45E0,-1.25E0,4.95E0));
#1046=LINE('',#1045,#1044);
#1047=DIRECTION('',(-7.071067811865E-1,-7.071067811865E-1,0.E0));
#1048=VECTOR('',#1047,9.899494936612E-1);
#1049=CARTESIAN_POINT('',(-4.75E0,-5.5E-1,4.95E0));
#1050=LINE('',#1049,#1048);
#1051=DIRECTION('',(0.E0,-1.E0,0.E0));
#1052=VECTOR('',#1051,1.8E0);
#1053=CARTESIAN_POINT('',(-4.75E0,1.25E0,4.95E0));
#1054=LINE('',#1053,#1052);
#1055=DIRECTION('',(1.E0,0.E0,0.E0));
#1056=VECTOR('',#1055,2.5E0);
#1057=CARTESIAN_POINT('',(-7.25E0,1.25E0,4.95E0));
#1058=LINE('',#1057,#1056);
#1059=DIRECTION('',(0.E0,1.E0,0.E0));
#1060=VECTOR('',#1059,2.5E0);
#1061=CARTESIAN_POINT('',(-7.25E0,-1.25E0,4.95E0));
#1062=LINE('',#1061,#1060);
#1063=DIRECTION('',(-1.E0,0.E0,0.E0));
#1064=VECTOR('',#1063,1.8E0);
#1065=CARTESIAN_POINT('',(-2.45E0,-1.25E0,4.95E0));
#1066=LINE('',#1065,#1064);
#1067=DIRECTION('',(-7.071067811865E-1,-7.071067811865E-1,0.E0));
#1068=VECTOR('',#1067,9.899494936612E-1);
#1069=CARTESIAN_POINT('',(-1.75E0,-5.5E-1,4.95E0));
#1070=LINE('',#1069,#1068);
#1071=DIRECTION('',(0.E0,-1.E0,0.E0));
#1072=VECTOR('',#1071,1.8E0);
#1073=CARTESIAN_POINT('',(-1.75E0,1.25E0,4.95E0));
#1074=LINE('',#1073,#1072);
#1075=DIRECTION('',(1.E0,0.E0,0.E0));
#1076=VECTOR('',#1075,2.5E0);
#1077=CARTESIAN_POINT('',(-4.25E0,1.25E0,4.95E0));
#1078=LINE('',#1077,#1076);
#1079=DIRECTION('',(0.E0,1.E0,0.E0));
#1080=VECTOR('',#1079,2.5E0);
#1081=CARTESIAN_POINT('',(-4.25E0,-1.25E0,4.95E0));
#1082=LINE('',#1081,#1080);
#1083=DIRECTION('',(0.E0,-1.E0,0.E0));
#1084=VECTOR('',#1083,1.8E0);
#1085=CARTESIAN_POINT('',(1.25E0,1.25E0,4.95E0));
#1086=LINE('',#1085,#1084);
#1087=DIRECTION('',(1.E0,0.E0,0.E0));
#1088=VECTOR('',#1087,2.5E0);
#1089=CARTESIAN_POINT('',(-1.25E0,1.25E0,4.95E0));
#1090=LINE('',#1089,#1088);
#1091=DIRECTION('',(0.E0,1.E0,0.E0));
#1092=VECTOR('',#1091,2.5E0);
#1093=CARTESIAN_POINT('',(-1.25E0,-1.25E0,4.95E0));
#1094=LINE('',#1093,#1092);
#1095=DIRECTION('',(-1.E0,0.E0,0.E0));
#1096=VECTOR('',#1095,1.8E0);
#1097=CARTESIAN_POINT('',(5.5E-1,-1.25E0,4.95E0));
#1098=LINE('',#1097,#1096);
#1099=DIRECTION('',(-7.071067811865E-1,-7.071067811865E-1,0.E0));
#1100=VECTOR('',#1099,9.899494936612E-1);
#1101=CARTESIAN_POINT('',(1.25E0,-5.5E-1,4.95E0));
#1102=LINE('',#1101,#1100);
#1103=DIRECTION('',(0.E0,1.E0,0.E0));
#1104=VECTOR('',#1103,2.5E0);
#1105=CARTESIAN_POINT('',(4.75E0,-1.25E0,4.95E0));
#1106=LINE('',#1105,#1104);
#1107=DIRECTION('',(-1.E0,0.E0,0.E0));
#1108=VECTOR('',#1107,1.8E0);
#1109=CARTESIAN_POINT('',(6.55E0,-1.25E0,4.95E0));
#1110=LINE('',#1109,#1108);
#1111=DIRECTION('',(-7.071067811865E-1,-7.071067811865E-1,0.E0));
#1112=VECTOR('',#1111,9.899494936612E-1);
#1113=CARTESIAN_POINT('',(7.25E0,-5.5E-1,4.95E0));
#1114=LINE('',#1113,#1112);
#1115=DIRECTION('',(0.E0,-1.E0,0.E0));
#1116=VECTOR('',#1115,1.8E0);
#1117=CARTESIAN_POINT('',(7.25E0,1.25E0,4.95E0));
#1118=LINE('',#1117,#1116);
#1119=DIRECTION('',(1.E0,0.E0,0.E0));
#1120=VECTOR('',#1119,2.5E0);
#1121=CARTESIAN_POINT('',(4.75E0,1.25E0,4.95E0));
#1122=LINE('',#1121,#1120);
#1123=DIRECTION('',(0.E0,1.E0,0.E0));
#1124=VECTOR('',#1123,2.5E0);
#1125=CARTESIAN_POINT('',(1.75E0,-1.25E0,4.95E0));
#1126=LINE('',#1125,#1124);
#1127=DIRECTION('',(-1.E0,0.E0,0.E0));
#1128=VECTOR('',#1127,1.8E0);
#1129=CARTESIAN_POINT('',(3.55E0,-1.25E0,4.95E0));
#1130=LINE('',#1129,#1128);
#1131=DIRECTION('',(-7.071067811865E-1,-7.071067811865E-1,0.E0));
#1132=VECTOR('',#1131,9.899494936612E-1);
#1133=CARTESIAN_POINT('',(4.25E0,-5.5E-1,4.95E0));
#1134=LINE('',#1133,#1132);
#1135=DIRECTION('',(0.E0,-1.E0,0.E0));
#1136=VECTOR('',#1135,1.8E0);
#1137=CARTESIAN_POINT('',(4.25E0,1.25E0,4.95E0));
#1138=LINE('',#1137,#1136);
#1139=DIRECTION('',(1.E0,0.E0,0.E0));
#1140=VECTOR('',#1139,2.5E0);
#1141=CARTESIAN_POINT('',(1.75E0,1.25E0,4.95E0));
#1142=LINE('',#1141,#1140);
#1143=DIRECTION('',(1.E0,0.E0,0.E0));
#1144=VECTOR('',#1143,2.5E0);
#1145=CARTESIAN_POINT('',(-1.025E1,1.25E0,4.95E0));
#1146=LINE('',#1145,#1144);
#1147=DIRECTION('',(0.E0,1.E0,0.E0));
#1148=VECTOR('',#1147,1.8E0);
#1149=CARTESIAN_POINT('',(-1.025E1,-5.5E-1,4.95E0));
#1150=LINE('',#1149,#1148);
#1151=DIRECTION('',(-7.071067811865E-1,7.071067811865E-1,0.E0));
#1152=VECTOR('',#1151,9.899494936612E-1);
#1153=CARTESIAN_POINT('',(-9.55E0,-1.25E0,4.95E0));
#1154=LINE('',#1153,#1152);
#1155=DIRECTION('',(1.E0,0.E0,0.E0));
#1156=VECTOR('',#1155,1.8E0);
#1157=CARTESIAN_POINT('',(-9.55E0,-1.25E0,4.95E0));
#1158=LINE('',#1157,#1156);
#1159=DIRECTION('',(0.E0,-1.E0,0.E0));
#1160=VECTOR('',#1159,2.5E0);
#1161=CARTESIAN_POINT('',(-7.75E0,1.25E0,4.95E0));
#1162=LINE('',#1161,#1160);
#1163=DIRECTION('',(-1.E0,0.E0,0.E0));
#1164=VECTOR('',#1163,1.8E0);
#1165=CARTESIAN_POINT('',(9.55E0,-1.25E0,4.95E0));
#1166=LINE('',#1165,#1164);
#1167=DIRECTION('',(-7.071067811865E-1,-7.071067811865E-1,0.E0));
#1168=VECTOR('',#1167,9.899494936612E-1);
#1169=CARTESIAN_POINT('',(1.025E1,-5.5E-1,4.95E0));
#1170=LINE('',#1169,#1168);
#1171=DIRECTION('',(0.E0,-1.E0,0.E0));
#1172=VECTOR('',#1171,1.8E0);
#1173=CARTESIAN_POINT('',(1.025E1,1.25E0,4.95E0));
#1174=LINE('',#1173,#1172);
#1175=DIRECTION('',(-1.E0,0.E0,0.E0));
#1176=VECTOR('',#1175,2.5E0);
#1177=CARTESIAN_POINT('',(1.025E1,1.25E0,4.95E0));
#1178=LINE('',#1177,#1176);
#1179=DIRECTION('',(0.E0,1.E0,0.E0));
#1180=VECTOR('',#1179,2.5E0);
#1181=CARTESIAN_POINT('',(7.75E0,-1.25E0,4.95E0));
#1182=LINE('',#1181,#1180);
#1183=DIRECTION('',(1.E0,0.E0,0.E0));
#1184=VECTOR('',#1183,2.5E0);
#1185=CARTESIAN_POINT('',(1.375E1,1.25E0,4.95E0));
#1186=LINE('',#1185,#1184);
#1187=DIRECTION('',(0.E0,1.E0,0.E0));
#1188=VECTOR('',#1187,1.8E0);
#1189=CARTESIAN_POINT('',(1.375E1,-5.5E-1,4.95E0));
#1190=LINE('',#1189,#1188);
#1191=DIRECTION('',(-7.071067811865E-1,7.071067811865E-1,0.E0));
#1192=VECTOR('',#1191,9.899494936612E-1);
#1193=CARTESIAN_POINT('',(1.445E1,-1.25E0,4.95E0));
#1194=LINE('',#1193,#1192);
#1195=DIRECTION('',(-1.E0,0.E0,0.E0));
#1196=VECTOR('',#1195,1.8E0);
#1197=CARTESIAN_POINT('',(1.625E1,-1.25E0,4.95E0));
#1198=LINE('',#1197,#1196);
#1199=DIRECTION('',(0.E0,-1.E0,0.E0));
#1200=VECTOR('',#1199,2.5E0);
#1201=CARTESIAN_POINT('',(1.625E1,1.25E0,4.95E0));
#1202=LINE('',#1201,#1200);
#1203=DIRECTION('',(0.E0,1.E0,0.E0));
#1204=VECTOR('',#1203,2.5E0);
#1205=CARTESIAN_POINT('',(1.075E1,-1.25E0,4.95E0));
#1206=LINE('',#1205,#1204);
#1207=DIRECTION('',(-1.E0,0.E0,0.E0));
#1208=VECTOR('',#1207,1.8E0);
#1209=CARTESIAN_POINT('',(1.255E1,-1.25E0,4.95E0));
#1210=LINE('',#1209,#1208);
#1211=DIRECTION('',(-7.071067811865E-1,-7.071067811865E-1,0.E0));
#1212=VECTOR('',#1211,9.899494936612E-1);
#1213=CARTESIAN_POINT('',(1.325E1,-5.5E-1,4.95E0));
#1214=LINE('',#1213,#1212);
#1215=DIRECTION('',(0.E0,-1.E0,0.E0));
#1216=VECTOR('',#1215,1.8E0);
#1217=CARTESIAN_POINT('',(1.325E1,1.25E0,4.95E0));
#1218=LINE('',#1217,#1216);
#1219=DIRECTION('',(1.E0,0.E0,0.E0));
#1220=VECTOR('',#1219,2.5E0);
#1221=CARTESIAN_POINT('',(1.075E1,1.25E0,4.95E0));
#1222=LINE('',#1221,#1220);
#1223=DIRECTION('',(0.E0,1.E0,0.E0));
#1224=VECTOR('',#1223,6.8E-1);
#1225=CARTESIAN_POINT('',(-1.6925E1,-1.43E0,4.95E0));
#1226=LINE('',#1225,#1224);
#1227=DIRECTION('',(0.E0,1.E0,0.E0));
#1228=VECTOR('',#1227,2.E0);
#1229=CARTESIAN_POINT('',(-1.6925E1,-7.5E-1,4.95E0));
#1230=LINE('',#1229,#1228);
#1231=DIRECTION('',(1.567373681824E-14,1.E0,0.E0));
#1232=VECTOR('',#1231,6.8E-1);
#1233=CARTESIAN_POINT('',(-1.6925E1,1.25E0,4.95E0));
#1234=LINE('',#1233,#1232);
#1235=DIRECTION('',(1.E0,0.E0,0.E0));
#1236=VECTOR('',#1235,3.385E1);
#1237=CARTESIAN_POINT('',(-1.6925E1,1.93E0,4.95E0));
#1238=LINE('',#1237,#1236);
#1239=DIRECTION('',(0.E0,-1.E0,0.E0));
#1240=VECTOR('',#1239,6.8E-1);
#1241=CARTESIAN_POINT('',(1.6925E1,1.93E0,4.95E0));
#1242=LINE('',#1241,#1240);
#1243=DIRECTION('',(0.E0,1.E0,0.E0));
#1244=VECTOR('',#1243,2.E0);
#1245=CARTESIAN_POINT('',(1.6925E1,-7.5E-1,4.95E0));
#1246=LINE('',#1245,#1244);
#1247=DIRECTION('',(0.E0,-1.E0,0.E0));
#1248=VECTOR('',#1247,6.8E-1);
#1249=CARTESIAN_POINT('',(1.6925E1,-7.5E-1,4.95E0));
#1250=LINE('',#1249,#1248);
#1251=DIRECTION('',(0.E0,1.E0,0.E0));
#1252=VECTOR('',#1251,5.E-1);
#1253=CARTESIAN_POINT('',(1.6925E1,-1.93E0,4.95E0));
#1254=LINE('',#1253,#1252);
#1255=DIRECTION('',(0.E0,1.E0,0.E0));
#1256=VECTOR('',#1255,5.E-1);
#1257=CARTESIAN_POINT('',(-1.6925E1,-1.93E0,4.95E0));
#1258=LINE('',#1257,#1256);
#1259=DIRECTION('',(0.E0,0.E0,-1.E0));
#1260=VECTOR('',#1259,6.6E0);
#1261=CARTESIAN_POINT('',(-1.375E1,1.25E0,4.95E0));
#1262=LINE('',#1261,#1260);
#1263=DIRECTION('',(0.E0,0.E0,-1.E0));
#1264=VECTOR('',#1263,6.6E0);
#1265=CARTESIAN_POINT('',(-1.375E1,-5.5E-1,4.95E0));
#1266=LINE('',#1265,#1264);
#1267=DIRECTION('',(0.E0,0.E0,-1.E0));
#1268=VECTOR('',#1267,6.6E0);
#1269=CARTESIAN_POINT('',(-1.445E1,-1.25E0,4.95E0));
#1270=LINE('',#1269,#1268);
#1271=DIRECTION('',(0.E0,0.E0,-1.E0));
#1272=VECTOR('',#1271,6.6E0);
#1273=CARTESIAN_POINT('',(-1.625E1,-1.25E0,4.95E0));
#1274=LINE('',#1273,#1272);
#1275=DIRECTION('',(0.E0,0.E0,-1.E0));
#1276=VECTOR('',#1275,6.6E0);
#1277=CARTESIAN_POINT('',(-1.625E1,1.25E0,4.95E0));
#1278=LINE('',#1277,#1276);
#1279=DIRECTION('',(0.E0,-1.E0,0.E0));
#1280=VECTOR('',#1279,1.8E0);
#1281=CARTESIAN_POINT('',(-1.375E1,1.25E0,-1.65E0));
#1282=LINE('',#1281,#1280);
#1283=DIRECTION('',(-7.071067811865E-1,-7.071067811866E-1,0.E0));
#1284=VECTOR('',#1283,9.899494936612E-1);
#1285=CARTESIAN_POINT('',(-1.375E1,-5.5E-1,-1.65E0));
#1286=LINE('',#1285,#1284);
#1287=DIRECTION('',(-1.E0,0.E0,0.E0));
#1288=VECTOR('',#1287,1.8E0);
#1289=CARTESIAN_POINT('',(-1.445E1,-1.25E0,-1.65E0));
#1290=LINE('',#1289,#1288);
#1291=DIRECTION('',(0.E0,1.E0,0.E0));
#1292=VECTOR('',#1291,2.5E0);
#1293=CARTESIAN_POINT('',(-1.625E1,-1.25E0,-1.65E0));
#1294=LINE('',#1293,#1292);
#1295=DIRECTION('',(1.E0,0.E0,0.E0));
#1296=VECTOR('',#1295,2.5E0);
#1297=CARTESIAN_POINT('',(-1.625E1,1.25E0,-1.65E0));
#1298=LINE('',#1297,#1296);
#1299=DIRECTION('',(-1.E0,0.E0,0.E0));
#1300=VECTOR('',#1299,1.8E0);
#1301=CARTESIAN_POINT('',(-1.075E1,-1.25E0,-1.65E0));
#1302=LINE('',#1301,#1300);
#1303=DIRECTION('',(-7.071067811865E-1,7.071067811865E-1,0.E0));
#1304=VECTOR('',#1303,9.899494936612E-1);
#1305=CARTESIAN_POINT('',(-1.255E1,-1.25E0,-1.65E0));
#1306=LINE('',#1305,#1304);
#1307=DIRECTION('',(0.E0,1.E0,0.E0));
#1308=VECTOR('',#1307,1.8E0);
#1309=CARTESIAN_POINT('',(-1.325E1,-5.5E-1,-1.65E0));
#1310=LINE('',#1309,#1308);
#1311=DIRECTION('',(1.E0,0.E0,0.E0));
#1312=VECTOR('',#1311,2.5E0);
#1313=CARTESIAN_POINT('',(-1.325E1,1.25E0,-1.65E0));
#1314=LINE('',#1313,#1312);
#1315=DIRECTION('',(0.E0,-1.E0,0.E0));
#1316=VECTOR('',#1315,2.5E0);
#1317=CARTESIAN_POINT('',(-1.075E1,1.25E0,-1.65E0));
#1318=LINE('',#1317,#1316);
#1319=DIRECTION('',(-1.E0,0.E0,0.E0));
#1320=VECTOR('',#1319,1.8E0);
#1321=CARTESIAN_POINT('',(-5.45E0,-1.25E0,-1.65E0));
#1322=LINE('',#1321,#1320);
#1323=DIRECTION('',(0.E0,1.E0,0.E0));
#1324=VECTOR('',#1323,2.5E0);
#1325=CARTESIAN_POINT('',(-7.25E0,-1.25E0,-1.65E0));
#1326=LINE('',#1325,#1324);
#1327=DIRECTION('',(1.E0,0.E0,0.E0));
#1328=VECTOR('',#1327,2.5E0);
#1329=CARTESIAN_POINT('',(-7.25E0,1.25E0,-1.65E0));
#1330=LINE('',#1329,#1328);
#1331=DIRECTION('',(0.E0,-1.E0,0.E0));
#1332=VECTOR('',#1331,1.8E0);
#1333=CARTESIAN_POINT('',(-4.75E0,1.25E0,-1.65E0));
#1334=LINE('',#1333,#1332);
#1335=DIRECTION('',(-7.071067811865E-1,-7.071067811865E-1,0.E0));
#1336=VECTOR('',#1335,9.899494936612E-1);
#1337=CARTESIAN_POINT('',(-4.75E0,-5.5E-1,-1.65E0));
#1338=LINE('',#1337,#1336);
#1339=DIRECTION('',(-1.E0,0.E0,0.E0));
#1340=VECTOR('',#1339,1.8E0);
#1341=CARTESIAN_POINT('',(-2.45E0,-1.25E0,-1.65E0));
#1342=LINE('',#1341,#1340);
#1343=DIRECTION('',(0.E0,1.E0,0.E0));
#1344=VECTOR('',#1343,2.5E0);
#1345=CARTESIAN_POINT('',(-4.25E0,-1.25E0,-1.65E0));
#1346=LINE('',#1345,#1344);
#1347=DIRECTION('',(1.E0,0.E0,0.E0));
#1348=VECTOR('',#1347,2.5E0);
#1349=CARTESIAN_POINT('',(-4.25E0,1.25E0,-1.65E0));
#1350=LINE('',#1349,#1348);
#1351=DIRECTION('',(0.E0,-1.E0,0.E0));
#1352=VECTOR('',#1351,1.8E0);
#1353=CARTESIAN_POINT('',(-1.75E0,1.25E0,-1.65E0));
#1354=LINE('',#1353,#1352);
#1355=DIRECTION('',(-7.071067811865E-1,-7.071067811865E-1,0.E0));
#1356=VECTOR('',#1355,9.899494936612E-1);
#1357=CARTESIAN_POINT('',(-1.75E0,-5.5E-1,-1.65E0));
#1358=LINE('',#1357,#1356);
#1359=DIRECTION('',(0.E0,-1.E0,0.E0));
#1360=VECTOR('',#1359,1.8E0);
#1361=CARTESIAN_POINT('',(1.25E0,1.25E0,-1.65E0));
#1362=LINE('',#1361,#1360);
#1363=DIRECTION('',(-7.071067811865E-1,-7.071067811865E-1,0.E0));
#1364=VECTOR('',#1363,9.899494936612E-1);
#1365=CARTESIAN_POINT('',(1.25E0,-5.5E-1,-1.65E0));
#1366=LINE('',#1365,#1364);
#1367=DIRECTION('',(-1.E0,0.E0,0.E0));
#1368=VECTOR('',#1367,1.8E0);
#1369=CARTESIAN_POINT('',(5.5E-1,-1.25E0,-1.65E0));
#1370=LINE('',#1369,#1368);
#1371=DIRECTION('',(0.E0,1.E0,0.E0));
#1372=VECTOR('',#1371,2.5E0);
#1373=CARTESIAN_POINT('',(-1.25E0,-1.25E0,-1.65E0));
#1374=LINE('',#1373,#1372);
#1375=DIRECTION('',(1.E0,0.E0,0.E0));
#1376=VECTOR('',#1375,2.5E0);
#1377=CARTESIAN_POINT('',(-1.25E0,1.25E0,-1.65E0));
#1378=LINE('',#1377,#1376);
#1379=DIRECTION('',(0.E0,1.E0,0.E0));
#1380=VECTOR('',#1379,2.5E0);
#1381=CARTESIAN_POINT('',(4.75E0,-1.25E0,-1.65E0));
#1382=LINE('',#1381,#1380);
#1383=DIRECTION('',(1.E0,0.E0,0.E0));
#1384=VECTOR('',#1383,2.5E0);
#1385=CARTESIAN_POINT('',(4.75E0,1.25E0,-1.65E0));
#1386=LINE('',#1385,#1384);
#1387=DIRECTION('',(0.E0,-1.E0,0.E0));
#1388=VECTOR('',#1387,1.8E0);
#1389=CARTESIAN_POINT('',(7.25E0,1.25E0,-1.65E0));
#1390=LINE('',#1389,#1388);
#1391=DIRECTION('',(-7.071067811865E-1,-7.071067811865E-1,0.E0));
#1392=VECTOR('',#1391,9.899494936612E-1);
#1393=CARTESIAN_POINT('',(7.25E0,-5.5E-1,-1.65E0));
#1394=LINE('',#1393,#1392);
#1395=DIRECTION('',(-1.E0,0.E0,0.E0));
#1396=VECTOR('',#1395,1.8E0);
#1397=CARTESIAN_POINT('',(6.55E0,-1.25E0,-1.65E0));
#1398=LINE('',#1397,#1396);
#1399=DIRECTION('',(0.E0,1.E0,0.E0));
#1400=VECTOR('',#1399,2.5E0);
#1401=CARTESIAN_POINT('',(1.75E0,-1.25E0,-1.65E0));
#1402=LINE('',#1401,#1400);
#1403=DIRECTION('',(1.E0,0.E0,0.E0));
#1404=VECTOR('',#1403,2.5E0);
#1405=CARTESIAN_POINT('',(1.75E0,1.25E0,-1.65E0));
#1406=LINE('',#1405,#1404);
#1407=DIRECTION('',(0.E0,-1.E0,0.E0));
#1408=VECTOR('',#1407,1.8E0);
#1409=CARTESIAN_POINT('',(4.25E0,1.25E0,-1.65E0));
#1410=LINE('',#1409,#1408);
#1411=DIRECTION('',(-7.071067811865E-1,-7.071067811865E-1,0.E0));
#1412=VECTOR('',#1411,9.899494936612E-1);
#1413=CARTESIAN_POINT('',(4.25E0,-5.5E-1,-1.65E0));
#1414=LINE('',#1413,#1412);
#1415=DIRECTION('',(-1.E0,0.E0,0.E0));
#1416=VECTOR('',#1415,1.8E0);
#1417=CARTESIAN_POINT('',(3.55E0,-1.25E0,-1.65E0));
#1418=LINE('',#1417,#1416);
#1419=DIRECTION('',(1.E0,0.E0,0.E0));
#1420=VECTOR('',#1419,2.5E0);
#1421=CARTESIAN_POINT('',(1.375E1,1.25E0,-1.65E0));
#1422=LINE('',#1421,#1420);
#1423=DIRECTION('',(0.E0,-1.E0,0.E0));
#1424=VECTOR('',#1423,2.5E0);
#1425=CARTESIAN_POINT('',(1.625E1,1.25E0,-1.65E0));
#1426=LINE('',#1425,#1424);
#1427=DIRECTION('',(-1.E0,0.E0,0.E0));
#1428=VECTOR('',#1427,1.8E0);
#1429=CARTESIAN_POINT('',(1.625E1,-1.25E0,-1.65E0));
#1430=LINE('',#1429,#1428);
#1431=DIRECTION('',(-7.071067811865E-1,7.071067811865E-1,0.E0));
#1432=VECTOR('',#1431,9.899494936612E-1);
#1433=CARTESIAN_POINT('',(1.445E1,-1.25E0,-1.65E0));
#1434=LINE('',#1433,#1432);
#1435=DIRECTION('',(0.E0,1.E0,0.E0));
#1436=VECTOR('',#1435,1.8E0);
#1437=CARTESIAN_POINT('',(1.375E1,-5.5E-1,-1.65E0));
#1438=LINE('',#1437,#1436);
#1439=DIRECTION('',(0.E0,1.E0,0.E0));
#1440=VECTOR('',#1439,2.5E0);
#1441=CARTESIAN_POINT('',(1.075E1,-1.25E0,-1.65E0));
#1442=LINE('',#1441,#1440);
#1443=DIRECTION('',(1.E0,0.E0,0.E0));
#1444=VECTOR('',#1443,2.5E0);
#1445=CARTESIAN_POINT('',(1.075E1,1.25E0,-1.65E0));
#1446=LINE('',#1445,#1444);
#1447=DIRECTION('',(0.E0,-1.E0,0.E0));
#1448=VECTOR('',#1447,1.8E0);
#1449=CARTESIAN_POINT('',(1.325E1,1.25E0,-1.65E0));
#1450=LINE('',#1449,#1448);
#1451=DIRECTION('',(-7.071067811865E-1,-7.071067811865E-1,0.E0));
#1452=VECTOR('',#1451,9.899494936612E-1);
#1453=CARTESIAN_POINT('',(1.325E1,-5.5E-1,-1.65E0));
#1454=LINE('',#1453,#1452);
#1455=DIRECTION('',(-1.E0,0.E0,0.E0));
#1456=VECTOR('',#1455,1.8E0);
#1457=CARTESIAN_POINT('',(1.255E1,-1.25E0,-1.65E0));
#1458=LINE('',#1457,#1456);
#1459=DIRECTION('',(1.E0,0.E0,0.E0));
#1460=VECTOR('',#1459,2.5E0);
#1461=CARTESIAN_POINT('',(-1.025E1,1.25E0,-1.65E0));
#1462=LINE('',#1461,#1460);
#1463=DIRECTION('',(0.E0,-1.E0,0.E0));
#1464=VECTOR('',#1463,2.5E0);
#1465=CARTESIAN_POINT('',(-7.75E0,1.25E0,-1.65E0));
#1466=LINE('',#1465,#1464);
#1467=DIRECTION('',(-1.E0,0.E0,0.E0));
#1468=VECTOR('',#1467,1.8E0);
#1469=CARTESIAN_POINT('',(-7.75E0,-1.25E0,-1.65E0));
#1470=LINE('',#1469,#1468);
#1471=DIRECTION('',(-7.071067811865E-1,7.071067811865E-1,0.E0));
#1472=VECTOR('',#1471,9.899494936612E-1);
#1473=CARTESIAN_POINT('',(-9.55E0,-1.25E0,-1.65E0));
#1474=LINE('',#1473,#1472);
#1475=DIRECTION('',(0.E0,1.E0,0.E0));
#1476=VECTOR('',#1475,1.8E0);
#1477=CARTESIAN_POINT('',(-1.025E1,-5.5E-1,-1.65E0));
#1478=LINE('',#1477,#1476);
#1479=DIRECTION('',(0.E0,-1.E0,0.E0));
#1480=VECTOR('',#1479,1.8E0);
#1481=CARTESIAN_POINT('',(1.025E1,1.25E0,-1.65E0));
#1482=LINE('',#1481,#1480);
#1483=DIRECTION('',(-7.071067811865E-1,-7.071067811865E-1,0.E0));
#1484=VECTOR('',#1483,9.899494936612E-1);
#1485=CARTESIAN_POINT('',(1.025E1,-5.5E-1,-1.65E0));
#1486=LINE('',#1485,#1484);
#1487=DIRECTION('',(-1.E0,0.E0,0.E0));
#1488=VECTOR('',#1487,1.8E0);
#1489=CARTESIAN_POINT('',(9.55E0,-1.25E0,-1.65E0));
#1490=LINE('',#1489,#1488);
#1491=DIRECTION('',(0.E0,1.E0,0.E0));
#1492=VECTOR('',#1491,2.5E0);
#1493=CARTESIAN_POINT('',(7.75E0,-1.25E0,-1.65E0));
#1494=LINE('',#1493,#1492);
#1495=DIRECTION('',(1.E0,0.E0,0.E0));
#1496=VECTOR('',#1495,2.5E0);
#1497=CARTESIAN_POINT('',(7.75E0,1.25E0,-1.65E0));
#1498=LINE('',#1497,#1496);
#1499=DIRECTION('',(0.E0,1.E0,0.E0));
#1500=VECTOR('',#1499,6.4E-1);
#1501=CARTESIAN_POINT('',(1.532E1,-3.2E-1,-1.65E0));
#1502=LINE('',#1501,#1500);
#1503=DIRECTION('',(1.E0,0.E0,0.E0));
#1504=VECTOR('',#1503,6.4E-1);
#1505=CARTESIAN_POINT('',(1.468E1,3.2E-1,-1.65E0));
#1506=LINE('',#1505,#1504);
#1507=DIRECTION('',(0.E0,1.E0,0.E0));
#1508=VECTOR('',#1507,6.4E-1);
#1509=CARTESIAN_POINT('',(1.468E1,-3.2E-1,-1.65E0));
#1510=LINE('',#1509,#1508);
#1511=DIRECTION('',(1.E0,0.E0,0.E0));
#1512=VECTOR('',#1511,6.4E-1);
#1513=CARTESIAN_POINT('',(1.468E1,-3.2E-1,-1.65E0));
#1514=LINE('',#1513,#1512);
#1515=DIRECTION('',(0.E0,1.E0,0.E0));
#1516=VECTOR('',#1515,6.4E-1);
#1517=CARTESIAN_POINT('',(1.232E1,-3.2E-1,-1.65E0));
#1518=LINE('',#1517,#1516);
#1519=DIRECTION('',(1.E0,0.E0,0.E0));
#1520=VECTOR('',#1519,6.4E-1);
#1521=CARTESIAN_POINT('',(1.168E1,3.2E-1,-1.65E0));
#1522=LINE('',#1521,#1520);
#1523=DIRECTION('',(0.E0,1.E0,0.E0));
#1524=VECTOR('',#1523,6.4E-1);
#1525=CARTESIAN_POINT('',(1.168E1,-3.2E-1,-1.65E0));
#1526=LINE('',#1525,#1524);
#1527=DIRECTION('',(1.E0,0.E0,0.E0));
#1528=VECTOR('',#1527,6.4E-1);
#1529=CARTESIAN_POINT('',(1.168E1,-3.2E-1,-1.65E0));
#1530=LINE('',#1529,#1528);
#1531=DIRECTION('',(0.E0,1.E0,0.E0));
#1532=VECTOR('',#1531,6.4E-1);
#1533=CARTESIAN_POINT('',(9.32E0,-3.2E-1,-1.65E0));
#1534=LINE('',#1533,#1532);
#1535=DIRECTION('',(1.E0,0.E0,0.E0));
#1536=VECTOR('',#1535,6.4E-1);
#1537=CARTESIAN_POINT('',(8.68E0,3.2E-1,-1.65E0));
#1538=LINE('',#1537,#1536);
#1539=DIRECTION('',(0.E0,1.E0,0.E0));
#1540=VECTOR('',#1539,6.4E-1);
#1541=CARTESIAN_POINT('',(8.68E0,-3.2E-1,-1.65E0));
#1542=LINE('',#1541,#1540);
#1543=DIRECTION('',(1.E0,0.E0,0.E0));
#1544=VECTOR('',#1543,6.4E-1);
#1545=CARTESIAN_POINT('',(8.68E0,-3.2E-1,-1.65E0));
#1546=LINE('',#1545,#1544);
#1547=DIRECTION('',(0.E0,1.E0,0.E0));
#1548=VECTOR('',#1547,6.4E-1);
#1549=CARTESIAN_POINT('',(6.32E0,-3.2E-1,-1.65E0));
#1550=LINE('',#1549,#1548);
#1551=DIRECTION('',(1.E0,0.E0,0.E0));
#1552=VECTOR('',#1551,6.4E-1);
#1553=CARTESIAN_POINT('',(5.68E0,3.2E-1,-1.65E0));
#1554=LINE('',#1553,#1552);
#1555=DIRECTION('',(0.E0,1.E0,0.E0));
#1556=VECTOR('',#1555,6.4E-1);
#1557=CARTESIAN_POINT('',(5.68E0,-3.2E-1,-1.65E0));
#1558=LINE('',#1557,#1556);
#1559=DIRECTION('',(1.E0,0.E0,0.E0));
#1560=VECTOR('',#1559,6.4E-1);
#1561=CARTESIAN_POINT('',(5.68E0,-3.2E-1,-1.65E0));
#1562=LINE('',#1561,#1560);
#1563=DIRECTION('',(0.E0,1.E0,0.E0));
#1564=VECTOR('',#1563,6.4E-1);
#1565=CARTESIAN_POINT('',(3.32E0,-3.2E-1,-1.65E0));
#1566=LINE('',#1565,#1564);
#1567=DIRECTION('',(1.E0,0.E0,0.E0));
#1568=VECTOR('',#1567,6.4E-1);
#1569=CARTESIAN_POINT('',(2.68E0,3.2E-1,-1.65E0));
#1570=LINE('',#1569,#1568);
#1571=DIRECTION('',(0.E0,1.E0,0.E0));
#1572=VECTOR('',#1571,6.4E-1);
#1573=CARTESIAN_POINT('',(2.68E0,-3.2E-1,-1.65E0));
#1574=LINE('',#1573,#1572);
#1575=DIRECTION('',(1.E0,0.E0,0.E0));
#1576=VECTOR('',#1575,6.4E-1);
#1577=CARTESIAN_POINT('',(2.68E0,-3.2E-1,-1.65E0));
#1578=LINE('',#1577,#1576);
#1579=DIRECTION('',(0.E0,1.E0,0.E0));
#1580=VECTOR('',#1579,6.4E-1);
#1581=CARTESIAN_POINT('',(3.2E-1,-3.2E-1,-1.65E0));
#1582=LINE('',#1581,#1580);
#1583=DIRECTION('',(1.E0,0.E0,0.E0));
#1584=VECTOR('',#1583,6.4E-1);
#1585=CARTESIAN_POINT('',(-3.2E-1,3.2E-1,-1.65E0));
#1586=LINE('',#1585,#1584);
#1587=DIRECTION('',(0.E0,1.E0,0.E0));
#1588=VECTOR('',#1587,6.4E-1);
#1589=CARTESIAN_POINT('',(-3.2E-1,-3.2E-1,-1.65E0));
#1590=LINE('',#1589,#1588);
#1591=DIRECTION('',(1.E0,0.E0,0.E0));
#1592=VECTOR('',#1591,6.4E-1);
#1593=CARTESIAN_POINT('',(-3.2E-1,-3.2E-1,-1.65E0));
#1594=LINE('',#1593,#1592);
#1595=DIRECTION('',(0.E0,1.E0,0.E0));
#1596=VECTOR('',#1595,6.4E-1);
#1597=CARTESIAN_POINT('',(-2.68E0,-3.2E-1,-1.65E0));
#1598=LINE('',#1597,#1596);
#1599=DIRECTION('',(1.E0,0.E0,0.E0));
#1600=VECTOR('',#1599,6.4E-1);
#1601=CARTESIAN_POINT('',(-3.32E0,3.2E-1,-1.65E0));
#1602=LINE('',#1601,#1600);
#1603=DIRECTION('',(0.E0,1.E0,0.E0));
#1604=VECTOR('',#1603,6.4E-1);
#1605=CARTESIAN_POINT('',(-3.32E0,-3.2E-1,-1.65E0));
#1606=LINE('',#1605,#1604);
#1607=DIRECTION('',(1.E0,0.E0,0.E0));
#1608=VECTOR('',#1607,6.4E-1);
#1609=CARTESIAN_POINT('',(-3.32E0,-3.2E-1,-1.65E0));
#1610=LINE('',#1609,#1608);
#1611=DIRECTION('',(0.E0,1.E0,0.E0));
#1612=VECTOR('',#1611,6.4E-1);
#1613=CARTESIAN_POINT('',(-5.68E0,-3.2E-1,-1.65E0));
#1614=LINE('',#1613,#1612);
#1615=DIRECTION('',(1.E0,0.E0,0.E0));
#1616=VECTOR('',#1615,6.4E-1);
#1617=CARTESIAN_POINT('',(-6.32E0,3.2E-1,-1.65E0));
#1618=LINE('',#1617,#1616);
#1619=DIRECTION('',(0.E0,1.E0,0.E0));
#1620=VECTOR('',#1619,6.4E-1);
#1621=CARTESIAN_POINT('',(-6.32E0,-3.2E-1,-1.65E0));
#1622=LINE('',#1621,#1620);
#1623=DIRECTION('',(1.E0,0.E0,0.E0));
#1624=VECTOR('',#1623,6.4E-1);
#1625=CARTESIAN_POINT('',(-6.32E0,-3.2E-1,-1.65E0));
#1626=LINE('',#1625,#1624);
#1627=DIRECTION('',(0.E0,1.E0,0.E0));
#1628=VECTOR('',#1627,6.4E-1);
#1629=CARTESIAN_POINT('',(-8.68E0,-3.2E-1,-1.65E0));
#1630=LINE('',#1629,#1628);
#1631=DIRECTION('',(1.E0,0.E0,0.E0));
#1632=VECTOR('',#1631,6.4E-1);
#1633=CARTESIAN_POINT('',(-9.32E0,3.2E-1,-1.65E0));
#1634=LINE('',#1633,#1632);
#1635=DIRECTION('',(0.E0,1.E0,0.E0));
#1636=VECTOR('',#1635,6.4E-1);
#1637=CARTESIAN_POINT('',(-9.32E0,-3.2E-1,-1.65E0));
#1638=LINE('',#1637,#1636);
#1639=DIRECTION('',(1.E0,0.E0,0.E0));
#1640=VECTOR('',#1639,6.4E-1);
#1641=CARTESIAN_POINT('',(-9.32E0,-3.2E-1,-1.65E0));
#1642=LINE('',#1641,#1640);
#1643=DIRECTION('',(0.E0,1.E0,0.E0));
#1644=VECTOR('',#1643,6.4E-1);
#1645=CARTESIAN_POINT('',(-1.168E1,-3.2E-1,-1.65E0));
#1646=LINE('',#1645,#1644);
#1647=DIRECTION('',(1.E0,0.E0,0.E0));
#1648=VECTOR('',#1647,6.4E-1);
#1649=CARTESIAN_POINT('',(-1.232E1,3.2E-1,-1.65E0));
#1650=LINE('',#1649,#1648);
#1651=DIRECTION('',(0.E0,1.E0,0.E0));
#1652=VECTOR('',#1651,6.4E-1);
#1653=CARTESIAN_POINT('',(-1.232E1,-3.2E-1,-1.65E0));
#1654=LINE('',#1653,#1652);
#1655=DIRECTION('',(1.E0,0.E0,0.E0));
#1656=VECTOR('',#1655,6.4E-1);
#1657=CARTESIAN_POINT('',(-1.232E1,-3.2E-1,-1.65E0));
#1658=LINE('',#1657,#1656);
#1659=DIRECTION('',(0.E0,1.E0,0.E0));
#1660=VECTOR('',#1659,6.4E-1);
#1661=CARTESIAN_POINT('',(-1.468E1,-3.2E-1,-1.65E0));
#1662=LINE('',#1661,#1660);
#1663=DIRECTION('',(1.E0,0.E0,0.E0));
#1664=VECTOR('',#1663,6.4E-1);
#1665=CARTESIAN_POINT('',(-1.532E1,3.2E-1,-1.65E0));
#1666=LINE('',#1665,#1664);
#1667=DIRECTION('',(0.E0,1.E0,0.E0));
#1668=VECTOR('',#1667,6.4E-1);
#1669=CARTESIAN_POINT('',(-1.532E1,-3.2E-1,-1.65E0));
#1670=LINE('',#1669,#1668);
#1671=DIRECTION('',(1.E0,0.E0,0.E0));
#1672=VECTOR('',#1671,6.4E-1);
#1673=CARTESIAN_POINT('',(-1.532E1,-3.2E-1,-1.65E0));
#1674=LINE('',#1673,#1672);
#1675=DIRECTION('',(0.E0,0.E0,-1.E0));
#1676=VECTOR('',#1675,6.6E0);
#1677=CARTESIAN_POINT('',(-1.075E1,-1.25E0,4.95E0));
#1678=LINE('',#1677,#1676);
#1679=DIRECTION('',(0.E0,0.E0,-1.E0));
#1680=VECTOR('',#1679,6.6E0);
#1681=CARTESIAN_POINT('',(-1.255E1,-1.25E0,4.95E0));
#1682=LINE('',#1681,#1680);
#1683=DIRECTION('',(0.E0,0.E0,-1.E0));
#1684=VECTOR('',#1683,6.6E0);
#1685=CARTESIAN_POINT('',(-1.325E1,-5.5E-1,4.95E0));
#1686=LINE('',#1685,#1684);
#1687=DIRECTION('',(0.E0,0.E0,-1.E0));
#1688=VECTOR('',#1687,6.6E0);
#1689=CARTESIAN_POINT('',(-1.325E1,1.25E0,4.95E0));
#1690=LINE('',#1689,#1688);
#1691=DIRECTION('',(0.E0,0.E0,-1.E0));
#1692=VECTOR('',#1691,6.6E0);
#1693=CARTESIAN_POINT('',(-1.075E1,1.25E0,4.95E0));
#1694=LINE('',#1693,#1692);
#1695=DIRECTION('',(0.E0,0.E0,-1.E0));
#1696=VECTOR('',#1695,6.6E0);
#1697=CARTESIAN_POINT('',(-5.45E0,-1.25E0,4.95E0));
#1698=LINE('',#1697,#1696);
#1699=DIRECTION('',(0.E0,0.E0,-1.E0));
#1700=VECTOR('',#1699,6.6E0);
#1701=CARTESIAN_POINT('',(-7.25E0,-1.25E0,4.95E0));
#1702=LINE('',#1701,#1700);
#1703=DIRECTION('',(0.E0,0.E0,-1.E0));
#1704=VECTOR('',#1703,6.6E0);
#1705=CARTESIAN_POINT('',(-7.25E0,1.25E0,4.95E0));
#1706=LINE('',#1705,#1704);
#1707=DIRECTION('',(0.E0,0.E0,-1.E0));
#1708=VECTOR('',#1707,6.6E0);
#1709=CARTESIAN_POINT('',(-4.75E0,1.25E0,4.95E0));
#1710=LINE('',#1709,#1708);
#1711=DIRECTION('',(0.E0,0.E0,-1.E0));
#1712=VECTOR('',#1711,6.6E0);
#1713=CARTESIAN_POINT('',(-4.75E0,-5.5E-1,4.95E0));
#1714=LINE('',#1713,#1712);
#1715=DIRECTION('',(0.E0,0.E0,-1.E0));
#1716=VECTOR('',#1715,6.6E0);
#1717=CARTESIAN_POINT('',(-2.45E0,-1.25E0,4.95E0));
#1718=LINE('',#1717,#1716);
#1719=DIRECTION('',(0.E0,0.E0,-1.E0));
#1720=VECTOR('',#1719,6.6E0);
#1721=CARTESIAN_POINT('',(-4.25E0,-1.25E0,4.95E0));
#1722=LINE('',#1721,#1720);
#1723=DIRECTION('',(0.E0,0.E0,-1.E0));
#1724=VECTOR('',#1723,6.6E0);
#1725=CARTESIAN_POINT('',(-4.25E0,1.25E0,4.95E0));
#1726=LINE('',#1725,#1724);
#1727=DIRECTION('',(0.E0,0.E0,-1.E0));
#1728=VECTOR('',#1727,6.6E0);
#1729=CARTESIAN_POINT('',(-1.75E0,1.25E0,4.95E0));
#1730=LINE('',#1729,#1728);
#1731=DIRECTION('',(0.E0,0.E0,-1.E0));
#1732=VECTOR('',#1731,6.6E0);
#1733=CARTESIAN_POINT('',(-1.75E0,-5.5E-1,4.95E0));
#1734=LINE('',#1733,#1732);
#1735=DIRECTION('',(0.E0,0.E0,-1.E0));
#1736=VECTOR('',#1735,6.6E0);
#1737=CARTESIAN_POINT('',(1.25E0,1.25E0,4.95E0));
#1738=LINE('',#1737,#1736);
#1739=DIRECTION('',(0.E0,0.E0,-1.E0));
#1740=VECTOR('',#1739,6.6E0);
#1741=CARTESIAN_POINT('',(1.25E0,-5.5E-1,4.95E0));
#1742=LINE('',#1741,#1740);
#1743=DIRECTION('',(0.E0,0.E0,-1.E0));
#1744=VECTOR('',#1743,6.6E0);
#1745=CARTESIAN_POINT('',(5.5E-1,-1.25E0,4.95E0));
#1746=LINE('',#1745,#1744);
#1747=DIRECTION('',(0.E0,0.E0,-1.E0));
#1748=VECTOR('',#1747,6.6E0);
#1749=CARTESIAN_POINT('',(-1.25E0,-1.25E0,4.95E0));
#1750=LINE('',#1749,#1748);
#1751=DIRECTION('',(0.E0,0.E0,-1.E0));
#1752=VECTOR('',#1751,6.6E0);
#1753=CARTESIAN_POINT('',(-1.25E0,1.25E0,4.95E0));
#1754=LINE('',#1753,#1752);
#1755=DIRECTION('',(0.E0,0.E0,-1.E0));
#1756=VECTOR('',#1755,6.6E0);
#1757=CARTESIAN_POINT('',(4.75E0,-1.25E0,4.95E0));
#1758=LINE('',#1757,#1756);
#1759=DIRECTION('',(0.E0,0.E0,-1.E0));
#1760=VECTOR('',#1759,6.6E0);
#1761=CARTESIAN_POINT('',(4.75E0,1.25E0,4.95E0));
#1762=LINE('',#1761,#1760);
#1763=DIRECTION('',(0.E0,0.E0,-1.E0));
#1764=VECTOR('',#1763,6.6E0);
#1765=CARTESIAN_POINT('',(7.25E0,1.25E0,4.95E0));
#1766=LINE('',#1765,#1764);
#1767=DIRECTION('',(0.E0,0.E0,-1.E0));
#1768=VECTOR('',#1767,6.6E0);
#1769=CARTESIAN_POINT('',(7.25E0,-5.5E-1,4.95E0));
#1770=LINE('',#1769,#1768);
#1771=DIRECTION('',(0.E0,0.E0,-1.E0));
#1772=VECTOR('',#1771,6.6E0);
#1773=CARTESIAN_POINT('',(6.55E0,-1.25E0,4.95E0));
#1774=LINE('',#1773,#1772);
#1775=DIRECTION('',(0.E0,0.E0,-1.E0));
#1776=VECTOR('',#1775,6.6E0);
#1777=CARTESIAN_POINT('',(1.75E0,-1.25E0,4.95E0));
#1778=LINE('',#1777,#1776);
#1779=DIRECTION('',(0.E0,0.E0,-1.E0));
#1780=VECTOR('',#1779,6.6E0);
#1781=CARTESIAN_POINT('',(1.75E0,1.25E0,4.95E0));
#1782=LINE('',#1781,#1780);
#1783=DIRECTION('',(0.E0,0.E0,-1.E0));
#1784=VECTOR('',#1783,6.6E0);
#1785=CARTESIAN_POINT('',(4.25E0,1.25E0,4.95E0));
#1786=LINE('',#1785,#1784);
#1787=DIRECTION('',(0.E0,0.E0,-1.E0));
#1788=VECTOR('',#1787,6.6E0);
#1789=CARTESIAN_POINT('',(4.25E0,-5.5E-1,4.95E0));
#1790=LINE('',#1789,#1788);
#1791=DIRECTION('',(0.E0,0.E0,-1.E0));
#1792=VECTOR('',#1791,6.6E0);
#1793=CARTESIAN_POINT('',(3.55E0,-1.25E0,4.95E0));
#1794=LINE('',#1793,#1792);
#1795=DIRECTION('',(0.E0,0.E0,-1.E0));
#1796=VECTOR('',#1795,6.6E0);
#1797=CARTESIAN_POINT('',(1.375E1,1.25E0,4.95E0));
#1798=LINE('',#1797,#1796);
#1799=DIRECTION('',(0.E0,0.E0,-1.E0));
#1800=VECTOR('',#1799,6.6E0);
#1801=CARTESIAN_POINT('',(1.625E1,1.25E0,4.95E0));
#1802=LINE('',#1801,#1800);
#1803=DIRECTION('',(0.E0,0.E0,-1.E0));
#1804=VECTOR('',#1803,6.6E0);
#1805=CARTESIAN_POINT('',(1.625E1,-1.25E0,4.95E0));
#1806=LINE('',#1805,#1804);
#1807=DIRECTION('',(0.E0,0.E0,-1.E0));
#1808=VECTOR('',#1807,6.6E0);
#1809=CARTESIAN_POINT('',(1.445E1,-1.25E0,4.95E0));
#1810=LINE('',#1809,#1808);
#1811=DIRECTION('',(0.E0,0.E0,-1.E0));
#1812=VECTOR('',#1811,6.6E0);
#1813=CARTESIAN_POINT('',(1.375E1,-5.5E-1,4.95E0));
#1814=LINE('',#1813,#1812);
#1815=DIRECTION('',(0.E0,0.E0,-1.E0));
#1816=VECTOR('',#1815,6.6E0);
#1817=CARTESIAN_POINT('',(1.075E1,-1.25E0,4.95E0));
#1818=LINE('',#1817,#1816);
#1819=DIRECTION('',(0.E0,0.E0,-1.E0));
#1820=VECTOR('',#1819,6.6E0);
#1821=CARTESIAN_POINT('',(1.075E1,1.25E0,4.95E0));
#1822=LINE('',#1821,#1820);
#1823=DIRECTION('',(0.E0,0.E0,-1.E0));
#1824=VECTOR('',#1823,6.6E0);
#1825=CARTESIAN_POINT('',(1.325E1,1.25E0,4.95E0));
#1826=LINE('',#1825,#1824);
#1827=DIRECTION('',(0.E0,0.E0,-1.E0));
#1828=VECTOR('',#1827,6.6E0);
#1829=CARTESIAN_POINT('',(1.325E1,-5.5E-1,4.95E0));
#1830=LINE('',#1829,#1828);
#1831=DIRECTION('',(0.E0,0.E0,-1.E0));
#1832=VECTOR('',#1831,6.6E0);
#1833=CARTESIAN_POINT('',(1.255E1,-1.25E0,4.95E0));
#1834=LINE('',#1833,#1832);
#1835=DIRECTION('',(0.E0,0.E0,-1.E0));
#1836=VECTOR('',#1835,6.6E0);
#1837=CARTESIAN_POINT('',(-1.025E1,1.25E0,4.95E0));
#1838=LINE('',#1837,#1836);
#1839=DIRECTION('',(0.E0,0.E0,-1.E0));
#1840=VECTOR('',#1839,6.6E0);
#1841=CARTESIAN_POINT('',(-7.75E0,1.25E0,4.95E0));
#1842=LINE('',#1841,#1840);
#1843=DIRECTION('',(0.E0,0.E0,-1.E0));
#1844=VECTOR('',#1843,6.6E0);
#1845=CARTESIAN_POINT('',(-7.75E0,-1.25E0,4.95E0));
#1846=LINE('',#1845,#1844);
#1847=DIRECTION('',(0.E0,0.E0,-1.E0));
#1848=VECTOR('',#1847,6.6E0);
#1849=CARTESIAN_POINT('',(-9.55E0,-1.25E0,4.95E0));
#1850=LINE('',#1849,#1848);
#1851=DIRECTION('',(0.E0,0.E0,-1.E0));
#1852=VECTOR('',#1851,6.6E0);
#1853=CARTESIAN_POINT('',(-1.025E1,-5.5E-1,4.95E0));
#1854=LINE('',#1853,#1852);
#1855=DIRECTION('',(0.E0,0.E0,-1.E0));
#1856=VECTOR('',#1855,6.6E0);
#1857=CARTESIAN_POINT('',(1.025E1,1.25E0,4.95E0));
#1858=LINE('',#1857,#1856);
#1859=DIRECTION('',(0.E0,0.E0,-1.E0));
#1860=VECTOR('',#1859,6.6E0);
#1861=CARTESIAN_POINT('',(1.025E1,-5.5E-1,4.95E0));
#1862=LINE('',#1861,#1860);
#1863=DIRECTION('',(0.E0,0.E0,-1.E0));
#1864=VECTOR('',#1863,6.6E0);
#1865=CARTESIAN_POINT('',(9.55E0,-1.25E0,4.95E0));
#1866=LINE('',#1865,#1864);
#1867=DIRECTION('',(0.E0,0.E0,-1.E0));
#1868=VECTOR('',#1867,6.6E0);
#1869=CARTESIAN_POINT('',(7.75E0,-1.25E0,4.95E0));
#1870=LINE('',#1869,#1868);
#1871=DIRECTION('',(0.E0,0.E0,-1.E0));
#1872=VECTOR('',#1871,6.6E0);
#1873=CARTESIAN_POINT('',(7.75E0,1.25E0,4.95E0));
#1874=LINE('',#1873,#1872);
#1875=DIRECTION('',(1.280257181550E-14,-1.E0,0.E0));
#1876=VECTOR('',#1875,5.55E-1);
#1877=CARTESIAN_POINT('',(1.532E1,-3.2E-1,-3.7E0));
#1878=LINE('',#1877,#1876);
#1879=DIRECTION('',(-2.664535259100E-13,0.E0,-1.E0));
#1880=VECTOR('',#1879,2.E-2);
#1881=CARTESIAN_POINT('',(1.532E1,-3.2E-1,-3.68E0));
#1882=LINE('',#1881,#1880);
#1883=DIRECTION('',(5.921189464668E-14,0.E0,1.E0));
#1884=VECTOR('',#1883,6.E-2);
#1885=CARTESIAN_POINT('',(1.532E1,1.055E0,-4.34E0));
#1886=LINE('',#1885,#1884);
#1887=DIRECTION('',(0.E0,1.E0,0.E0));
#1888=VECTOR('',#1887,2.325E0);
#1889=CARTESIAN_POINT('',(1.532E1,-1.27E0,-4.34E0));
#1890=LINE('',#1889,#1888);
#1891=CARTESIAN_POINT('',(1.532E1,-1.65E0,-4.59E0));
#1892=DIRECTION('',(-1.E0,0.E0,0.E0));
#1893=DIRECTION('',(0.E0,-1.E0,0.E0));
#1894=AXIS2_PLACEMENT_3D('',#1891,#1892,#1893);
#1896=DIRECTION('',(0.E0,0.E0,1.E0));
#1897=VECTOR('',#1896,8.8E-1);
#1898=CARTESIAN_POINT('',(1.532E1,-1.9E0,-5.47E0));
#1899=LINE('',#1898,#1897);
#1900=CARTESIAN_POINT('',(1.532E1,-2.22E0,-5.47E0));
#1901=DIRECTION('',(1.E0,0.E0,0.E0));
#1902=DIRECTION('',(0.E0,-1.E0,0.E0));
#1903=AXIS2_PLACEMENT_3D('',#1900,#1901,#1902);
#1905=DIRECTION('',(0.E0,0.E0,-1.E0));
#1906=VECTOR('',#1905,8.8E-1);
#1907=CARTESIAN_POINT('',(1.532E1,-2.54E0,-4.59E0));
#1908=LINE('',#1907,#1906);
#1909=CARTESIAN_POINT('',(1.532E1,-1.65E0,-4.59E0));
#1910=DIRECTION('',(1.E0,0.E0,0.E0));
#1911=DIRECTION('',(0.E0,-3.370786516854E-2,9.994317284466E-1));
#1912=AXIS2_PLACEMENT_3D('',#1909,#1910,#1911);
#1914=DIRECTION('',(0.E0,-1.E0,0.E0));
#1915=VECTOR('',#1914,6.4E-1);
#1916=CARTESIAN_POINT('',(1.532E1,3.2E-1,2.06E0));
#1917=LINE('',#1916,#1915);
#1918=DIRECTION('',(0.E0,0.E0,1.E0));
#1919=VECTOR('',#1918,3.71E0);
#1920=CARTESIAN_POINT('',(1.532E1,3.2E-1,-1.65E0));
#1921=LINE('',#1920,#1919);
#1922=DIRECTION('',(0.E0,0.E0,-1.E0));
#1923=VECTOR('',#1922,3.71E0);
#1924=CARTESIAN_POINT('',(1.532E1,-3.2E-1,2.06E0));
#1925=LINE('',#1924,#1923);
#1926=DIRECTION('',(1.E0,0.E0,0.E0));
#1927=VECTOR('',#1926,9.6E-1);
#1928=CARTESIAN_POINT('',(-1.8325E1,-8.75E-1,-4.28E0));
#1929=LINE('',#1928,#1927);
#1930=DIRECTION('',(1.E0,0.E0,0.E0));
#1931=VECTOR('',#1930,9.6E-1);
#1932=CARTESIAN_POINT('',(-1.8325E1,-1.27E0,-4.28E0));
#1933=LINE('',#1932,#1931);
#1934=DIRECTION('',(0.E0,1.E0,0.E0));
#1935=VECTOR('',#1934,3.95E-1);
#1936=CARTESIAN_POINT('',(-1.7365E1,-1.27E0,-4.28E0));
#1937=LINE('',#1936,#1935);
#1938=DIRECTION('',(1.E0,0.E0,0.E0));
#1939=VECTOR('',#1938,9.6E-1);
#1940=CARTESIAN_POINT('',(-1.8325E1,8.75E-1,-4.28E0));
#1941=LINE('',#1940,#1939);
#1942=DIRECTION('',(0.E0,1.E0,0.E0));
#1943=VECTOR('',#1942,3.95E-1);
#1944=CARTESIAN_POINT('',(-1.7365E1,8.75E-1,-4.28E0));
#1945=LINE('',#1944,#1943);
#1946=DIRECTION('',(1.E0,0.E0,0.E0));
#1947=VECTOR('',#1946,9.6E-1);
#1948=CARTESIAN_POINT('',(1.7365E1,-8.75E-1,-4.28E0));
#1949=LINE('',#1948,#1947);
#1950=DIRECTION('',(0.E0,1.E0,0.E0));
#1951=VECTOR('',#1950,3.95E-1);
#1952=CARTESIAN_POINT('',(1.7365E1,-1.27E0,-4.28E0));
#1953=LINE('',#1952,#1951);
#1954=DIRECTION('',(1.E0,0.E0,0.E0));
#1955=VECTOR('',#1954,9.6E-1);
#1956=CARTESIAN_POINT('',(1.7365E1,-1.27E0,-4.28E0));
#1957=LINE('',#1956,#1955);
#1958=DIRECTION('',(0.E0,1.E0,0.E0));
#1959=VECTOR('',#1958,3.95E-1);
#1960=CARTESIAN_POINT('',(1.7365E1,8.75E-1,-4.28E0));
#1961=LINE('',#1960,#1959);
#1962=DIRECTION('',(1.E0,0.E0,0.E0));
#1963=VECTOR('',#1962,9.6E-1);
#1964=CARTESIAN_POINT('',(1.7365E1,8.75E-1,-4.28E0));
#1965=LINE('',#1964,#1963);
#1966=DIRECTION('',(1.E0,0.E0,0.E0));
#1967=VECTOR('',#1966,1.645E0);
#1968=CARTESIAN_POINT('',(1.532E1,-1.27E0,-4.28E0));
#1969=LINE('',#1968,#1967);
#1970=DIRECTION('',(0.E0,1.E0,0.E0));
#1971=VECTOR('',#1970,3.95E-1);
#1972=CARTESIAN_POINT('',(1.6965E1,-1.27E0,-4.28E0));
#1973=LINE('',#1972,#1971);
#1974=DIRECTION('',(1.E0,0.E0,0.E0));
#1975=VECTOR('',#1974,1.645E0);
#1976=CARTESIAN_POINT('',(1.532E1,-8.75E-1,-4.28E0));
#1977=LINE('',#1976,#1975);
#1978=DIRECTION('',(0.E0,1.E0,0.E0));
#1979=VECTOR('',#1978,3.95E-1);
#1980=CARTESIAN_POINT('',(1.532E1,-1.27E0,-4.28E0));
#1981=LINE('',#1980,#1979);
#1982=DIRECTION('',(1.E0,0.E0,0.E0));
#1983=VECTOR('',#1982,1.645E0);
#1984=CARTESIAN_POINT('',(1.532E1,8.75E-1,-4.28E0));
#1985=LINE('',#1984,#1983);
#1986=DIRECTION('',(0.E0,1.E0,0.E0));
#1987=VECTOR('',#1986,3.95E-1);
#1988=CARTESIAN_POINT('',(1.6965E1,8.75E-1,-4.28E0));
#1989=LINE('',#1988,#1987);
#1990=DIRECTION('',(0.E0,1.E0,0.E0));
#1991=VECTOR('',#1990,2.15E-1);
#1992=CARTESIAN_POINT('',(1.532E1,1.055E0,-4.28E0));
#1993=LINE('',#1992,#1991);
#1994=DIRECTION('',(2.960594732334E-14,1.E0,0.E0));
#1995=VECTOR('',#1994,1.8E-1);
#1996=CARTESIAN_POINT('',(1.532E1,8.75E-1,-4.28E0));
#1997=LINE('',#1996,#1995);
#1998=DIRECTION('',(1.E0,0.E0,0.E0));
#1999=VECTOR('',#1998,2.36E0);
#2000=CARTESIAN_POINT('',(1.232E1,-1.27E0,-4.28E0));
#2001=LINE('',#2000,#1999);
#2002=DIRECTION('',(0.E0,1.E0,0.E0));
#2003=VECTOR('',#2002,3.95E-1);
#2004=CARTESIAN_POINT('',(1.468E1,-1.27E0,-4.28E0));
#2005=LINE('',#2004,#2003);
#2006=DIRECTION('',(1.E0,0.E0,0.E0));
#2007=VECTOR('',#2006,2.36E0);
#2008=CARTESIAN_POINT('',(1.232E1,-8.75E-1,-4.28E0));
#2009=LINE('',#2008,#2007);
#2010=DIRECTION('',(0.E0,1.E0,0.E0));
#2011=VECTOR('',#2010,3.95E-1);
#2012=CARTESIAN_POINT('',(1.232E1,-1.27E0,-4.28E0));
#2013=LINE('',#2012,#2011);
#2014=DIRECTION('',(1.E0,0.E0,0.E0));
#2015=VECTOR('',#2014,2.36E0);
#2016=CARTESIAN_POINT('',(1.232E1,8.75E-1,-4.28E0));
#2017=LINE('',#2016,#2015);
#2018=DIRECTION('',(3.947459643112E-14,1.E0,0.E0));
#2019=VECTOR('',#2018,1.8E-1);
#2020=CARTESIAN_POINT('',(1.468E1,8.75E-1,-4.28E0));
#2021=LINE('',#2020,#2019);
#2022=DIRECTION('',(1.652424966884E-14,1.E0,0.E0));
#2023=VECTOR('',#2022,2.15E-1);
#2024=CARTESIAN_POINT('',(1.468E1,1.055E0,-4.28E0));
#2025=LINE('',#2024,#2023);
#2026=DIRECTION('',(0.E0,1.E0,0.E0));
#2027=VECTOR('',#2026,2.15E-1);
#2028=CARTESIAN_POINT('',(1.232E1,1.055E0,-4.28E0));
#2029=LINE('',#2028,#2027);
#2030=DIRECTION('',(2.960594732334E-14,1.E0,0.E0));
#2031=VECTOR('',#2030,1.8E-1);
#2032=CARTESIAN_POINT('',(1.232E1,8.75E-1,-4.28E0));
#2033=LINE('',#2032,#2031);
#2034=DIRECTION('',(1.E0,0.E0,0.E0));
#2035=VECTOR('',#2034,2.36E0);
#2036=CARTESIAN_POINT('',(9.32E0,-1.27E0,-4.28E0));
#2037=LINE('',#2036,#2035);
#2038=DIRECTION('',(0.E0,1.E0,0.E0));
#2039=VECTOR('',#2038,3.95E-1);
#2040=CARTESIAN_POINT('',(1.168E1,-1.27E0,-4.28E0));
#2041=LINE('',#2040,#2039);
#2042=DIRECTION('',(1.E0,0.E0,0.E0));
#2043=VECTOR('',#2042,2.36E0);
#2044=CARTESIAN_POINT('',(9.32E0,-8.75E-1,-4.28E0));
#2045=LINE('',#2044,#2043);
#2046=DIRECTION('',(0.E0,1.E0,0.E0));
#2047=VECTOR('',#2046,3.95E-1);
#2048=CARTESIAN_POINT('',(9.32E0,-1.27E0,-4.28E0));
#2049=LINE('',#2048,#2047);
#2050=DIRECTION('',(1.E0,0.E0,0.E0));
#2051=VECTOR('',#2050,2.36E0);
#2052=CARTESIAN_POINT('',(9.32E0,8.75E-1,-4.28E0));
#2053=LINE('',#2052,#2051);
#2054=DIRECTION('',(-2.960594732334E-14,1.E0,0.E0));
#2055=VECTOR('',#2054,1.8E-1);
#2056=CARTESIAN_POINT('',(1.168E1,8.75E-1,-4.28E0));
#2057=LINE('',#2056,#2055);
#2058=DIRECTION('',(0.E0,1.E0,0.E0));
#2059=VECTOR('',#2058,2.15E-1);
#2060=CARTESIAN_POINT('',(1.168E1,1.055E0,-4.28E0));
#2061=LINE('',#2060,#2059);
#2062=DIRECTION('',(0.E0,1.E0,0.E0));
#2063=VECTOR('',#2062,2.15E-1);
#2064=CARTESIAN_POINT('',(9.32E0,1.055E0,-4.28E0));
#2065=LINE('',#2064,#2063);
#2066=DIRECTION('',(1.973729821556E-14,1.E0,0.E0));
#2067=VECTOR('',#2066,1.8E-1);
#2068=CARTESIAN_POINT('',(9.32E0,8.75E-1,-4.28E0));
#2069=LINE('',#2068,#2067);
#2070=DIRECTION('',(1.E0,0.E0,0.E0));
#2071=VECTOR('',#2070,2.36E0);
#2072=CARTESIAN_POINT('',(6.32E0,-1.27E0,-4.28E0));
#2073=LINE('',#2072,#2071);
#2074=DIRECTION('',(0.E0,1.E0,0.E0));
#2075=VECTOR('',#2074,3.95E-1);
#2076=CARTESIAN_POINT('',(8.68E0,-1.27E0,-4.28E0));
#2077=LINE('',#2076,#2075);
#2078=DIRECTION('',(1.E0,0.E0,0.E0));
#2079=VECTOR('',#2078,2.36E0);
#2080=CARTESIAN_POINT('',(6.32E0,-8.75E-1,-4.28E0));
#2081=LINE('',#2080,#2079);
#2082=DIRECTION('',(0.E0,1.E0,0.E0));
#2083=VECTOR('',#2082,3.95E-1);
#2084=CARTESIAN_POINT('',(6.32E0,-1.27E0,-4.28E0));
#2085=LINE('',#2084,#2083);
#2086=DIRECTION('',(1.E0,0.E0,0.E0));
#2087=VECTOR('',#2086,2.36E0);
#2088=CARTESIAN_POINT('',(6.32E0,8.75E-1,-4.28E0));
#2089=LINE('',#2088,#2087);
#2090=DIRECTION('',(-1.973729821556E-14,1.E0,0.E0));
#2091=VECTOR('',#2090,1.8E-1);
#2092=CARTESIAN_POINT('',(8.68E0,8.75E-1,-4.28E0));
#2093=LINE('',#2092,#2091);
#2094=DIRECTION('',(0.E0,1.E0,0.E0));
#2095=VECTOR('',#2094,2.15E-1);
#2096=CARTESIAN_POINT('',(8.68E0,1.055E0,-4.28E0));
#2097=LINE('',#2096,#2095);
#2098=DIRECTION('',(0.E0,1.E0,0.E0));
#2099=VECTOR('',#2098,2.15E-1);
#2100=CARTESIAN_POINT('',(6.32E0,1.055E0,-4.28E0));
#2101=LINE('',#2100,#2099);
#2102=DIRECTION('',(1.973729821556E-14,1.E0,0.E0));
#2103=VECTOR('',#2102,1.8E-1);
#2104=CARTESIAN_POINT('',(6.32E0,8.75E-1,-4.28E0));
#2105=LINE('',#2104,#2103);
#2106=DIRECTION('',(1.E0,0.E0,0.E0));
#2107=VECTOR('',#2106,2.36E0);
#2108=CARTESIAN_POINT('',(3.32E0,-1.27E0,-4.28E0));
#2109=LINE('',#2108,#2107);
#2110=DIRECTION('',(0.E0,1.E0,0.E0));
#2111=VECTOR('',#2110,3.95E-1);
#2112=CARTESIAN_POINT('',(5.68E0,-1.27E0,-4.28E0));
#2113=LINE('',#2112,#2111);
#2114=DIRECTION('',(1.E0,0.E0,0.E0));
#2115=VECTOR('',#2114,2.36E0);
#2116=CARTESIAN_POINT('',(3.32E0,-8.75E-1,-4.28E0));
#2117=LINE('',#2116,#2115);
#2118=DIRECTION('',(0.E0,1.E0,0.E0));
#2119=VECTOR('',#2118,3.95E-1);
#2120=CARTESIAN_POINT('',(3.32E0,-1.27E0,-4.28E0));
#2121=LINE('',#2120,#2119);
#2122=DIRECTION('',(1.E0,0.E0,0.E0));
#2123=VECTOR('',#2122,2.36E0);
#2124=CARTESIAN_POINT('',(3.32E0,8.75E-1,-4.28E0));
#2125=LINE('',#2124,#2123);
#2126=DIRECTION('',(0.E0,1.E0,0.E0));
#2127=VECTOR('',#2126,1.8E-1);
#2128=CARTESIAN_POINT('',(5.68E0,8.75E-1,-4.28E0));
#2129=LINE('',#2128,#2127);
#2130=DIRECTION('',(0.E0,1.E0,0.E0));
#2131=VECTOR('',#2130,2.15E-1);
#2132=CARTESIAN_POINT('',(5.68E0,1.055E0,-4.28E0));
#2133=LINE('',#2132,#2131);
#2134=DIRECTION('',(0.E0,1.E0,0.E0));
#2135=VECTOR('',#2134,2.15E-1);
#2136=CARTESIAN_POINT('',(3.32E0,1.055E0,-4.28E0));
#2137=LINE('',#2136,#2135);
#2138=DIRECTION('',(0.E0,1.E0,0.E0));
#2139=VECTOR('',#2138,1.8E-1);
#2140=CARTESIAN_POINT('',(3.32E0,8.75E-1,-4.28E0));
#2141=LINE('',#2140,#2139);
#2142=DIRECTION('',(1.E0,0.E0,0.E0));
#2143=VECTOR('',#2142,2.36E0);
#2144=CARTESIAN_POINT('',(3.2E-1,-1.27E0,-4.28E0));
#2145=LINE('',#2144,#2143);
#2146=DIRECTION('',(0.E0,1.E0,0.E0));
#2147=VECTOR('',#2146,3.95E-1);
#2148=CARTESIAN_POINT('',(2.68E0,-1.27E0,-4.28E0));
#2149=LINE('',#2148,#2147);
#2150=DIRECTION('',(1.E0,0.E0,0.E0));
#2151=VECTOR('',#2150,2.36E0);
#2152=CARTESIAN_POINT('',(3.2E-1,-8.75E-1,-4.28E0));
#2153=LINE('',#2152,#2151);
#2154=DIRECTION('',(0.E0,1.E0,0.E0));
#2155=VECTOR('',#2154,3.95E-1);
#2156=CARTESIAN_POINT('',(3.2E-1,-1.27E0,-4.28E0));
#2157=LINE('',#2156,#2155);
#2158=DIRECTION('',(1.E0,0.E0,0.E0));
#2159=VECTOR('',#2158,2.36E0);
#2160=CARTESIAN_POINT('',(3.2E-1,8.75E-1,-4.28E0));
#2161=LINE('',#2160,#2159);
#2162=DIRECTION('',(-2.467162276945E-14,1.E0,0.E0));
#2163=VECTOR('',#2162,1.8E-1);
#2164=CARTESIAN_POINT('',(2.68E0,8.75E-1,-4.28E0));
#2165=LINE('',#2164,#2163);
#2166=DIRECTION('',(-1.445871846023E-14,1.E0,0.E0));
#2167=VECTOR('',#2166,2.15E-1);
#2168=CARTESIAN_POINT('',(2.68E0,1.055E0,-4.28E0));
#2169=LINE('',#2168,#2167);
#2170=DIRECTION('',(0.E0,1.E0,0.E0));
#2171=VECTOR('',#2170,2.15E-1);
#2172=CARTESIAN_POINT('',(3.2E-1,1.055E0,-4.28E0));
#2173=LINE('',#2172,#2171);
#2174=DIRECTION('',(1.387778780781E-14,1.E0,0.E0));
#2175=VECTOR('',#2174,1.8E-1);
#2176=CARTESIAN_POINT('',(3.2E-1,8.75E-1,-4.28E0));
#2177=LINE('',#2176,#2175);
#2178=DIRECTION('',(1.E0,0.E0,0.E0));
#2179=VECTOR('',#2178,2.36E0);
#2180=CARTESIAN_POINT('',(-2.68E0,-1.27E0,-4.28E0));
#2181=LINE('',#2180,#2179);
#2182=DIRECTION('',(0.E0,1.E0,0.E0));
#2183=VECTOR('',#2182,3.95E-1);
#2184=CARTESIAN_POINT('',(-3.2E-1,-1.27E0,-4.28E0));
#2185=LINE('',#2184,#2183);
#2186=DIRECTION('',(1.E0,0.E0,0.E0));
#2187=VECTOR('',#2186,2.36E0);
#2188=CARTESIAN_POINT('',(-2.68E0,-8.75E-1,-4.28E0));
#2189=LINE('',#2188,#2187);
#2190=DIRECTION('',(0.E0,1.E0,0.E0));
#2191=VECTOR('',#2190,3.95E-1);
#2192=CARTESIAN_POINT('',(-2.68E0,-1.27E0,-4.28E0));
#2193=LINE('',#2192,#2191);
#2194=DIRECTION('',(1.E0,0.E0,0.E0));
#2195=VECTOR('',#2194,2.36E0);
#2196=CARTESIAN_POINT('',(-2.68E0,8.75E-1,-4.28E0));
#2197=LINE('',#2196,#2195);
#2198=DIRECTION('',(-1.387778780781E-14,1.E0,0.E0));
#2199=VECTOR('',#2198,1.8E-1);
#2200=CARTESIAN_POINT('',(-3.2E-1,8.75E-1,-4.28E0));
#2201=LINE('',#2200,#2199);
#2202=DIRECTION('',(0.E0,1.E0,0.E0));
#2203=VECTOR('',#2202,2.15E-1);
#2204=CARTESIAN_POINT('',(-3.2E-1,1.055E0,-4.28E0));
#2205=LINE('',#2204,#2203);
#2206=DIRECTION('',(0.E0,1.E0,0.E0));
#2207=VECTOR('',#2206,2.15E-1);
#2208=CARTESIAN_POINT('',(-2.68E0,1.055E0,-4.28E0));
#2209=LINE('',#2208,#2207);
#2210=DIRECTION('',(0.E0,1.E0,0.E0));
#2211=VECTOR('',#2210,1.8E-1);
#2212=CARTESIAN_POINT('',(-2.68E0,8.75E-1,-4.28E0));
#2213=LINE('',#2212,#2211);
#2214=DIRECTION('',(1.E0,0.E0,0.E0));
#2215=VECTOR('',#2214,2.36E0);
#2216=CARTESIAN_POINT('',(-5.68E0,-1.27E0,-4.28E0));
#2217=LINE('',#2216,#2215);
#2218=DIRECTION('',(0.E0,1.E0,0.E0));
#2219=VECTOR('',#2218,3.95E-1);
#2220=CARTESIAN_POINT('',(-3.32E0,-1.27E0,-4.28E0));
#2221=LINE('',#2220,#2219);
#2222=DIRECTION('',(1.E0,0.E0,0.E0));
#2223=VECTOR('',#2222,2.36E0);
#2224=CARTESIAN_POINT('',(-5.68E0,-8.75E-1,-4.28E0));
#2225=LINE('',#2224,#2223);
#2226=DIRECTION('',(0.E0,1.E0,0.E0));
#2227=VECTOR('',#2226,3.95E-1);
#2228=CARTESIAN_POINT('',(-5.68E0,-1.27E0,-4.28E0));
#2229=LINE('',#2228,#2227);
#2230=DIRECTION('',(1.E0,0.E0,0.E0));
#2231=VECTOR('',#2230,2.36E0);
#2232=CARTESIAN_POINT('',(-5.68E0,8.75E-1,-4.28E0));
#2233=LINE('',#2232,#2231);
#2234=DIRECTION('',(0.E0,1.E0,0.E0));
#2235=VECTOR('',#2234,1.8E-1);
#2236=CARTESIAN_POINT('',(-3.32E0,8.75E-1,-4.28E0));
#2237=LINE('',#2236,#2235);
#2238=DIRECTION('',(0.E0,1.E0,0.E0));
#2239=VECTOR('',#2238,2.15E-1);
#2240=CARTESIAN_POINT('',(-3.32E0,1.055E0,-4.28E0));
#2241=LINE('',#2240,#2239);
#2242=DIRECTION('',(1.239318725163E-14,1.E0,0.E0));
#2243=VECTOR('',#2242,2.15E-1);
#2244=CARTESIAN_POINT('',(-5.68E0,1.055E0,-4.28E0));
#2245=LINE('',#2244,#2243);
#2246=DIRECTION('',(0.E0,1.E0,0.E0));
#2247=VECTOR('',#2246,1.8E-1);
#2248=CARTESIAN_POINT('',(-5.68E0,8.75E-1,-4.28E0));
#2249=LINE('',#2248,#2247);
#2250=DIRECTION('',(1.E0,0.E0,0.E0));
#2251=VECTOR('',#2250,2.36E0);
#2252=CARTESIAN_POINT('',(-8.68E0,-1.27E0,-4.28E0));
#2253=LINE('',#2252,#2251);
#2254=DIRECTION('',(0.E0,1.E0,0.E0));
#2255=VECTOR('',#2254,3.95E-1);
#2256=CARTESIAN_POINT('',(-6.32E0,-1.27E0,-4.28E0));
#2257=LINE('',#2256,#2255);
#2258=DIRECTION('',(1.E0,0.E0,0.E0));
#2259=VECTOR('',#2258,2.36E0);
#2260=CARTESIAN_POINT('',(-8.68E0,-8.75E-1,-4.28E0));
#2261=LINE('',#2260,#2259);
#2262=DIRECTION('',(0.E0,1.E0,0.E0));
#2263=VECTOR('',#2262,3.95E-1);
#2264=CARTESIAN_POINT('',(-8.68E0,-1.27E0,-4.28E0));
#2265=LINE('',#2264,#2263);
#2266=DIRECTION('',(1.E0,0.E0,0.E0));
#2267=VECTOR('',#2266,2.36E0);
#2268=CARTESIAN_POINT('',(-8.68E0,8.75E-1,-4.28E0));
#2269=LINE('',#2268,#2267);
#2270=DIRECTION('',(0.E0,1.E0,0.E0));
#2271=VECTOR('',#2270,1.8E-1);
#2272=CARTESIAN_POINT('',(-6.32E0,8.75E-1,-4.28E0));
#2273=LINE('',#2272,#2271);
#2274=DIRECTION('',(0.E0,1.E0,0.E0));
#2275=VECTOR('',#2274,2.15E-1);
#2276=CARTESIAN_POINT('',(-6.32E0,1.055E0,-4.28E0));
#2277=LINE('',#2276,#2275);
#2278=DIRECTION('',(1.652424966884E-14,1.E0,0.E0));
#2279=VECTOR('',#2278,2.15E-1);
#2280=CARTESIAN_POINT('',(-8.68E0,1.055E0,-4.28E0));
#2281=LINE('',#2280,#2279);
#2282=DIRECTION('',(0.E0,1.E0,0.E0));
#2283=VECTOR('',#2282,1.8E-1);
#2284=CARTESIAN_POINT('',(-8.68E0,8.75E-1,-4.28E0));
#2285=LINE('',#2284,#2283);
#2286=DIRECTION('',(1.E0,0.E0,0.E0));
#2287=VECTOR('',#2286,2.36E0);
#2288=CARTESIAN_POINT('',(-1.168E1,-1.27E0,-4.28E0));
#2289=LINE('',#2288,#2287);
#2290=DIRECTION('',(0.E0,1.E0,0.E0));
#2291=VECTOR('',#2290,3.95E-1);
#2292=CARTESIAN_POINT('',(-9.32E0,-1.27E0,-4.28E0));
#2293=LINE('',#2292,#2291);
#2294=DIRECTION('',(1.E0,0.E0,0.E0));
#2295=VECTOR('',#2294,2.36E0);
#2296=CARTESIAN_POINT('',(-1.168E1,-8.75E-1,-4.28E0));
#2297=LINE('',#2296,#2295);
#2298=DIRECTION('',(0.E0,1.E0,0.E0));
#2299=VECTOR('',#2298,3.95E-1);
#2300=CARTESIAN_POINT('',(-1.168E1,-1.27E0,-4.28E0));
#2301=LINE('',#2300,#2299);
#2302=DIRECTION('',(1.E0,0.E0,0.E0));
#2303=VECTOR('',#2302,2.36E0);
#2304=CARTESIAN_POINT('',(-1.168E1,8.75E-1,-4.28E0));
#2305=LINE('',#2304,#2303);
#2306=DIRECTION('',(0.E0,1.E0,0.E0));
#2307=VECTOR('',#2306,1.8E-1);
#2308=CARTESIAN_POINT('',(-9.32E0,8.75E-1,-4.28E0));
#2309=LINE('',#2308,#2307);
#2310=DIRECTION('',(0.E0,1.E0,0.E0));
#2311=VECTOR('',#2310,2.15E-1);
#2312=CARTESIAN_POINT('',(-9.32E0,1.055E0,-4.28E0));
#2313=LINE('',#2312,#2311);
#2314=DIRECTION('',(0.E0,1.E0,0.E0));
#2315=VECTOR('',#2314,2.15E-1);
#2316=CARTESIAN_POINT('',(-1.168E1,1.055E0,-4.28E0));
#2317=LINE('',#2316,#2315);
#2318=DIRECTION('',(0.E0,1.E0,0.E0));
#2319=VECTOR('',#2318,1.8E-1);
#2320=CARTESIAN_POINT('',(-1.168E1,8.75E-1,-4.28E0));
#2321=LINE('',#2320,#2319);
#2322=DIRECTION('',(1.E0,0.E0,0.E0));
#2323=VECTOR('',#2322,2.36E0);
#2324=CARTESIAN_POINT('',(-1.468E1,-1.27E0,-4.28E0));
#2325=LINE('',#2324,#2323);
#2326=DIRECTION('',(0.E0,1.E0,0.E0));
#2327=VECTOR('',#2326,3.95E-1);
#2328=CARTESIAN_POINT('',(-1.232E1,-1.27E0,-4.28E0));
#2329=LINE('',#2328,#2327);
#2330=DIRECTION('',(1.E0,0.E0,0.E0));
#2331=VECTOR('',#2330,2.36E0);
#2332=CARTESIAN_POINT('',(-1.468E1,-8.75E-1,-4.28E0));
#2333=LINE('',#2332,#2331);
#2334=DIRECTION('',(1.349131776760E-14,1.E0,0.E0));
#2335=VECTOR('',#2334,3.95E-1);
#2336=CARTESIAN_POINT('',(-1.468E1,-1.27E0,-4.28E0));
#2337=LINE('',#2336,#2335);
#2338=DIRECTION('',(1.E0,0.E0,0.E0));
#2339=VECTOR('',#2338,1.645E0);
#2340=CARTESIAN_POINT('',(-1.6965E1,-8.75E-1,-4.28E0));
#2341=LINE('',#2340,#2339);
#2342=DIRECTION('',(0.E0,1.E0,0.E0));
#2343=VECTOR('',#2342,3.95E-1);
#2344=CARTESIAN_POINT('',(-1.6965E1,-1.27E0,-4.28E0));
#2345=LINE('',#2344,#2343);
#2346=DIRECTION('',(1.E0,0.E0,0.E0));
#2347=VECTOR('',#2346,1.645E0);
#2348=CARTESIAN_POINT('',(-1.6965E1,-1.27E0,-4.28E0));
#2349=LINE('',#2348,#2347);
#2350=DIRECTION('',(0.E0,1.E0,0.E0));
#2351=VECTOR('',#2350,3.95E-1);
#2352=CARTESIAN_POINT('',(-1.532E1,-1.27E0,-4.28E0));
#2353=LINE('',#2352,#2351);
#2354=DIRECTION('',(1.E0,0.E0,0.E0));
#2355=VECTOR('',#2354,2.36E0);
#2356=CARTESIAN_POINT('',(-1.468E1,8.75E-1,-4.28E0));
#2357=LINE('',#2356,#2355);
#2358=DIRECTION('',(0.E0,1.E0,0.E0));
#2359=VECTOR('',#2358,1.8E-1);
#2360=CARTESIAN_POINT('',(-1.232E1,8.75E-1,-4.28E0));
#2361=LINE('',#2360,#2359);
#2362=DIRECTION('',(-1.652424966884E-14,1.E0,0.E0));
#2363=VECTOR('',#2362,2.15E-1);
#2364=CARTESIAN_POINT('',(-1.232E1,1.055E0,-4.28E0));
#2365=LINE('',#2364,#2363);
#2366=DIRECTION('',(0.E0,1.E0,0.E0));
#2367=VECTOR('',#2366,2.15E-1);
#2368=CARTESIAN_POINT('',(-1.468E1,1.055E0,-4.28E0));
#2369=LINE('',#2368,#2367);
#2370=DIRECTION('',(1.973729821556E-14,1.E0,0.E0));
#2371=VECTOR('',#2370,1.8E-1);
#2372=CARTESIAN_POINT('',(-1.468E1,8.75E-1,-4.28E0));
#2373=LINE('',#2372,#2371);
#2374=DIRECTION('',(0.E0,1.E0,0.E0));
#2375=VECTOR('',#2374,2.15E-1);
#2376=CARTESIAN_POINT('',(-1.532E1,1.055E0,-4.28E0));
#2377=LINE('',#2376,#2375);
#2378=DIRECTION('',(0.E0,1.E0,0.E0));
#2379=VECTOR('',#2378,3.95E-1);
#2380=CARTESIAN_POINT('',(-1.6965E1,8.75E-1,-4.28E0));
#2381=LINE('',#2380,#2379);
#2382=DIRECTION('',(1.E0,0.E0,0.E0));
#2383=VECTOR('',#2382,1.645E0);
#2384=CARTESIAN_POINT('',(-1.6965E1,8.75E-1,-4.28E0));
#2385=LINE('',#2384,#2383);
#2386=DIRECTION('',(-2.960594732334E-14,1.E0,0.E0));
#2387=VECTOR('',#2386,1.8E-1);
#2388=CARTESIAN_POINT('',(-1.532E1,8.75E-1,-4.28E0));
#2389=LINE('',#2388,#2387);
#2390=DIRECTION('',(0.E0,0.E0,-1.E0));
#2391=VECTOR('',#2390,2.E-2);
#2392=CARTESIAN_POINT('',(1.532E1,-8.75E-1,-3.68E0));
#2393=LINE('',#2392,#2391);
#2394=DIRECTION('',(0.E0,0.E0,-1.E0));
#2395=VECTOR('',#2394,5.8E-1);
#2396=CARTESIAN_POINT('',(1.532E1,-8.75E-1,-3.7E0));
#2397=LINE('',#2396,#2395);
#2398=DIRECTION('',(-1.225073682345E-14,0.E0,-1.E0));
#2399=VECTOR('',#2398,5.8E-1);
#2400=CARTESIAN_POINT('',(1.468E1,-8.75E-1,-3.7E0));
#2401=LINE('',#2400,#2399);
#2402=DIRECTION('',(0.E0,0.E0,-1.E0));
#2403=VECTOR('',#2402,2.E-2);
#2404=CARTESIAN_POINT('',(1.468E1,-8.75E-1,-3.68E0));
#2405=LINE('',#2404,#2403);
#2406=DIRECTION('',(0.E0,0.E0,-1.E0));
#2407=VECTOR('',#2406,2.E-2);
#2408=CARTESIAN_POINT('',(1.232E1,-8.75E-1,-3.68E0));
#2409=LINE('',#2408,#2407);
#2410=DIRECTION('',(0.E0,0.E0,-1.E0));
#2411=VECTOR('',#2410,5.8E-1);
#2412=CARTESIAN_POINT('',(1.232E1,-8.75E-1,-3.7E0));
#2413=LINE('',#2412,#2411);
#2414=DIRECTION('',(0.E0,0.E0,-1.E0));
#2415=VECTOR('',#2414,5.8E-1);
#2416=CARTESIAN_POINT('',(1.168E1,-8.75E-1,-3.7E0));
#2417=LINE('',#2416,#2415);
#2418=DIRECTION('',(2.664535259100E-13,0.E0,-1.E0));
#2419=VECTOR('',#2418,2.E-2);
#2420=CARTESIAN_POINT('',(1.168E1,-8.75E-1,-3.68E0));
#2421=LINE('',#2420,#2419);
#2422=DIRECTION('',(-8.881784197001E-14,0.E0,-1.E0));
#2423=VECTOR('',#2422,2.E-2);
#2424=CARTESIAN_POINT('',(9.32E0,-8.75E-1,-3.68E0));
#2425=LINE('',#2424,#2423);
#2426=DIRECTION('',(0.E0,0.E0,-1.E0));
#2427=VECTOR('',#2426,5.8E-1);
#2428=CARTESIAN_POINT('',(9.32E0,-8.75E-1,-3.7E0));
#2429=LINE('',#2428,#2427);
#2430=DIRECTION('',(0.E0,0.E0,-1.E0));
#2431=VECTOR('',#2430,5.8E-1);
#2432=CARTESIAN_POINT('',(8.68E0,-8.75E-1,-3.7E0));
#2433=LINE('',#2432,#2431);
#2434=DIRECTION('',(1.776356839400E-13,0.E0,-1.E0));
#2435=VECTOR('',#2434,2.E-2);
#2436=CARTESIAN_POINT('',(8.68E0,-8.75E-1,-3.68E0));
#2437=LINE('',#2436,#2435);
#2438=DIRECTION('',(-1.332267629550E-13,0.E0,-1.E0));
#2439=VECTOR('',#2438,2.E-2);
#2440=CARTESIAN_POINT('',(6.32E0,-8.75E-1,-3.68E0));
#2441=LINE('',#2440,#2439);
#2442=DIRECTION('',(0.E0,0.E0,-1.E0));
#2443=VECTOR('',#2442,5.8E-1);
#2444=CARTESIAN_POINT('',(6.32E0,-8.75E-1,-3.7E0));
#2445=LINE('',#2444,#2443);
#2446=DIRECTION('',(0.E0,0.E0,-1.E0));
#2447=VECTOR('',#2446,5.8E-1);
#2448=CARTESIAN_POINT('',(5.68E0,-8.75E-1,-3.7E0));
#2449=LINE('',#2448,#2447);
#2450=DIRECTION('',(8.881784197001E-14,0.E0,-1.E0));
#2451=VECTOR('',#2450,2.E-2);
#2452=CARTESIAN_POINT('',(5.68E0,-8.75E-1,-3.68E0));
#2453=LINE('',#2452,#2451);
#2454=DIRECTION('',(0.E0,0.E0,-1.E0));
#2455=VECTOR('',#2454,2.E-2);
#2456=CARTESIAN_POINT('',(3.32E0,-8.75E-1,-3.68E0));
#2457=LINE('',#2456,#2455);
#2458=DIRECTION('',(0.E0,0.E0,-1.E0));
#2459=VECTOR('',#2458,5.8E-1);
#2460=CARTESIAN_POINT('',(3.32E0,-8.75E-1,-3.7E0));
#2461=LINE('',#2460,#2459);
#2462=DIRECTION('',(0.E0,0.E0,-1.E0));
#2463=VECTOR('',#2462,5.8E-1);
#2464=CARTESIAN_POINT('',(2.68E0,-8.75E-1,-3.7E0));
#2465=LINE('',#2464,#2463);
#2466=DIRECTION('',(1.776356839400E-13,0.E0,-1.E0));
#2467=VECTOR('',#2466,2.E-2);
#2468=CARTESIAN_POINT('',(2.68E0,-8.75E-1,-3.68E0));
#2469=LINE('',#2468,#2467);
#2470=DIRECTION('',(-5.828670879282E-14,0.E0,-1.E0));
#2471=VECTOR('',#2470,2.E-2);
#2472=CARTESIAN_POINT('',(3.2E-1,-8.75E-1,-3.68E0));
#2473=LINE('',#2472,#2471);
#2474=DIRECTION('',(0.E0,0.E0,-1.E0));
#2475=VECTOR('',#2474,5.8E-1);
#2476=CARTESIAN_POINT('',(3.2E-1,-8.75E-1,-3.7E0));
#2477=LINE('',#2476,#2475);
#2478=DIRECTION('',(0.E0,0.E0,-1.E0));
#2479=VECTOR('',#2478,5.8E-1);
#2480=CARTESIAN_POINT('',(-3.2E-1,-8.75E-1,-3.7E0));
#2481=LINE('',#2480,#2479);
#2482=DIRECTION('',(5.828670879282E-14,0.E0,-1.E0));
#2483=VECTOR('',#2482,2.E-2);
#2484=CARTESIAN_POINT('',(-3.2E-1,-8.75E-1,-3.68E0));
#2485=LINE('',#2484,#2483);
#2486=DIRECTION('',(-4.440892098500E-14,0.E0,-1.E0));
#2487=VECTOR('',#2486,2.E-2);
#2488=CARTESIAN_POINT('',(-2.68E0,-8.75E-1,-3.68E0));
#2489=LINE('',#2488,#2487);
#2490=DIRECTION('',(0.E0,0.E0,-1.E0));
#2491=VECTOR('',#2490,5.8E-1);
#2492=CARTESIAN_POINT('',(-2.68E0,-8.75E-1,-3.7E0));
#2493=LINE('',#2492,#2491);
#2494=DIRECTION('',(0.E0,0.E0,-1.E0));
#2495=VECTOR('',#2494,5.8E-1);
#2496=CARTESIAN_POINT('',(-3.32E0,-8.75E-1,-3.7E0));
#2497=LINE('',#2496,#2495);
#2498=DIRECTION('',(4.440892098500E-14,0.E0,-1.E0));
#2499=VECTOR('',#2498,2.E-2);
#2500=CARTESIAN_POINT('',(-3.32E0,-8.75E-1,-3.68E0));
#2501=LINE('',#2500,#2499);
#2502=DIRECTION('',(-4.440892098500E-14,0.E0,-1.E0));
#2503=VECTOR('',#2502,2.E-2);
#2504=CARTESIAN_POINT('',(-5.68E0,-8.75E-1,-3.68E0));
#2505=LINE('',#2504,#2503);
#2506=DIRECTION('',(0.E0,0.E0,-1.E0));
#2507=VECTOR('',#2506,5.8E-1);
#2508=CARTESIAN_POINT('',(-5.68E0,-8.75E-1,-3.7E0));
#2509=LINE('',#2508,#2507);
#2510=DIRECTION('',(0.E0,0.E0,-1.E0));
#2511=VECTOR('',#2510,5.8E-1);
#2512=CARTESIAN_POINT('',(-6.32E0,-8.75E-1,-3.7E0));
#2513=LINE('',#2512,#2511);
#2514=DIRECTION('',(4.440892098500E-14,0.E0,-1.E0));
#2515=VECTOR('',#2514,2.E-2);
#2516=CARTESIAN_POINT('',(-6.32E0,-8.75E-1,-3.68E0));
#2517=LINE('',#2516,#2515);
#2518=DIRECTION('',(-8.881784197001E-14,0.E0,-1.E0));
#2519=VECTOR('',#2518,2.E-2);
#2520=CARTESIAN_POINT('',(-8.68E0,-8.75E-1,-3.68E0));
#2521=LINE('',#2520,#2519);
#2522=DIRECTION('',(0.E0,0.E0,-1.E0));
#2523=VECTOR('',#2522,5.8E-1);
#2524=CARTESIAN_POINT('',(-8.68E0,-8.75E-1,-3.7E0));
#2525=LINE('',#2524,#2523);
#2526=DIRECTION('',(0.E0,0.E0,-1.E0));
#2527=VECTOR('',#2526,5.8E-1);
#2528=CARTESIAN_POINT('',(-9.32E0,-8.75E-1,-3.7E0));
#2529=LINE('',#2528,#2527);
#2530=DIRECTION('',(8.881784197001E-14,0.E0,-1.E0));
#2531=VECTOR('',#2530,2.E-2);
#2532=CARTESIAN_POINT('',(-9.32E0,-8.75E-1,-3.68E0));
#2533=LINE('',#2532,#2531);
#2534=DIRECTION('',(-8.881784197001E-14,0.E0,-1.E0));
#2535=VECTOR('',#2534,2.E-2);
#2536=CARTESIAN_POINT('',(-1.168E1,-8.75E-1,-3.68E0));
#2537=LINE('',#2536,#2535);
#2538=DIRECTION('',(0.E0,0.E0,-1.E0));
#2539=VECTOR('',#2538,5.8E-1);
#2540=CARTESIAN_POINT('',(-1.168E1,-8.75E-1,-3.7E0));
#2541=LINE('',#2540,#2539);
#2542=DIRECTION('',(0.E0,0.E0,-1.E0));
#2543=VECTOR('',#2542,5.8E-1);
#2544=CARTESIAN_POINT('',(-1.232E1,-8.75E-1,-3.7E0));
#2545=LINE('',#2544,#2543);
#2546=DIRECTION('',(0.E0,0.E0,-1.E0));
#2547=VECTOR('',#2546,2.E-2);
#2548=CARTESIAN_POINT('',(-1.232E1,-8.75E-1,-3.68E0));
#2549=LINE('',#2548,#2547);
#2550=DIRECTION('',(-8.881784197001E-14,0.E0,-1.E0));
#2551=VECTOR('',#2550,2.E-2);
#2552=CARTESIAN_POINT('',(-1.468E1,-8.75E-1,-3.68E0));
#2553=LINE('',#2552,#2551);
#2554=DIRECTION('',(0.E0,0.E0,-1.E0));
#2555=VECTOR('',#2554,5.8E-1);
#2556=CARTESIAN_POINT('',(-1.468E1,-8.75E-1,-3.7E0));
#2557=LINE('',#2556,#2555);
#2558=DIRECTION('',(1.776356839400E-13,0.E0,-1.E0));
#2559=VECTOR('',#2558,2.E-2);
#2560=CARTESIAN_POINT('',(-1.532E1,-8.75E-1,-3.68E0));
#2561=LINE('',#2560,#2559);
#2562=DIRECTION('',(0.E0,0.E0,-1.E0));
#2563=VECTOR('',#2562,5.8E-1);
#2564=CARTESIAN_POINT('',(-1.532E1,-8.75E-1,-3.7E0));
#2565=LINE('',#2564,#2563);
#2566=DIRECTION('',(-1.E0,0.E0,0.E0));
#2567=VECTOR('',#2566,9.6E-1);
#2568=CARTESIAN_POINT('',(1.8325E1,-8.75E-1,-3.68E0));
#2569=LINE('',#2568,#2567);
#2570=DIRECTION('',(1.E0,0.E0,0.E0));
#2571=VECTOR('',#2570,9.6E-1);
#2572=CARTESIAN_POINT('',(1.7365E1,8.75E-1,-3.68E0));
#2573=LINE('',#2572,#2571);
#2574=DIRECTION('',(1.E0,0.E0,0.E0));
#2575=VECTOR('',#2574,9.6E-1);
#2576=CARTESIAN_POINT('',(-1.8325E1,8.75E-1,-3.68E0));
#2577=LINE('',#2576,#2575);
#2578=DIRECTION('',(-1.E0,0.E0,0.E0));
#2579=VECTOR('',#2578,9.6E-1);
#2580=CARTESIAN_POINT('',(-1.7365E1,-8.75E-1,-3.68E0));
#2581=LINE('',#2580,#2579);
#2582=DIRECTION('',(0.E0,-1.E0,0.E0));
#2583=VECTOR('',#2582,5.55E-1);
#2584=CARTESIAN_POINT('',(1.532E1,-3.2E-1,-3.68E0));
#2585=LINE('',#2584,#2583);
#2586=DIRECTION('',(-1.E0,0.E0,0.E0));
#2587=VECTOR('',#2586,1.645E0);
#2588=CARTESIAN_POINT('',(1.6965E1,-8.75E-1,-3.68E0));
#2589=LINE('',#2588,#2587);
#2590=DIRECTION('',(1.E0,0.E0,0.E0));
#2591=VECTOR('',#2590,1.645E0);
#2592=CARTESIAN_POINT('',(1.532E1,8.75E-1,-3.68E0));
#2593=LINE('',#2592,#2591);
#2594=DIRECTION('',(0.E0,-1.E0,0.E0));
#2595=VECTOR('',#2594,1.195E0);
#2596=CARTESIAN_POINT('',(1.532E1,8.75E-1,-3.68E0));
#2597=LINE('',#2596,#2595);
#2598=DIRECTION('',(0.E0,-1.E0,0.E0));
#2599=VECTOR('',#2598,5.55E-1);
#2600=CARTESIAN_POINT('',(1.232E1,-3.2E-1,-3.68E0));
#2601=LINE('',#2600,#2599);
#2602=DIRECTION('',(-1.E0,0.E0,0.E0));
#2603=VECTOR('',#2602,2.36E0);
#2604=CARTESIAN_POINT('',(1.468E1,-8.75E-1,-3.68E0));
#2605=LINE('',#2604,#2603);
#2606=DIRECTION('',(0.E0,-1.E0,0.E0));
#2607=VECTOR('',#2606,5.55E-1);
#2608=CARTESIAN_POINT('',(1.468E1,-3.2E-1,-3.68E0));
#2609=LINE('',#2608,#2607);
#2610=DIRECTION('',(0.E0,-1.E0,0.E0));
#2611=VECTOR('',#2610,1.195E0);
#2612=CARTESIAN_POINT('',(1.468E1,8.75E-1,-3.68E0));
#2613=LINE('',#2612,#2611);
#2614=DIRECTION('',(1.E0,0.E0,0.E0));
#2615=VECTOR('',#2614,2.36E0);
#2616=CARTESIAN_POINT('',(1.232E1,8.75E-1,-3.68E0));
#2617=LINE('',#2616,#2615);
#2618=DIRECTION('',(0.E0,-1.E0,0.E0));
#2619=VECTOR('',#2618,1.195E0);
#2620=CARTESIAN_POINT('',(1.232E1,8.75E-1,-3.68E0));
#2621=LINE('',#2620,#2619);
#2622=DIRECTION('',(0.E0,-1.E0,0.E0));
#2623=VECTOR('',#2622,5.55E-1);
#2624=CARTESIAN_POINT('',(9.32E0,-3.2E-1,-3.68E0));
#2625=LINE('',#2624,#2623);
#2626=DIRECTION('',(-1.E0,0.E0,0.E0));
#2627=VECTOR('',#2626,2.36E0);
#2628=CARTESIAN_POINT('',(1.168E1,-8.75E-1,-3.68E0));
#2629=LINE('',#2628,#2627);
#2630=DIRECTION('',(0.E0,-1.E0,0.E0));
#2631=VECTOR('',#2630,5.55E-1);
#2632=CARTESIAN_POINT('',(1.168E1,-3.2E-1,-3.68E0));
#2633=LINE('',#2632,#2631);
#2634=DIRECTION('',(0.E0,-1.E0,0.E0));
#2635=VECTOR('',#2634,1.195E0);
#2636=CARTESIAN_POINT('',(1.168E1,8.75E-1,-3.68E0));
#2637=LINE('',#2636,#2635);
#2638=DIRECTION('',(1.E0,0.E0,0.E0));
#2639=VECTOR('',#2638,2.36E0);
#2640=CARTESIAN_POINT('',(9.32E0,8.75E-1,-3.68E0));
#2641=LINE('',#2640,#2639);
#2642=DIRECTION('',(0.E0,-1.E0,0.E0));
#2643=VECTOR('',#2642,1.195E0);
#2644=CARTESIAN_POINT('',(9.32E0,8.75E-1,-3.68E0));
#2645=LINE('',#2644,#2643);
#2646=DIRECTION('',(0.E0,-1.E0,0.E0));
#2647=VECTOR('',#2646,5.55E-1);
#2648=CARTESIAN_POINT('',(6.32E0,-3.2E-1,-3.68E0));
#2649=LINE('',#2648,#2647);
#2650=DIRECTION('',(-1.E0,0.E0,0.E0));
#2651=VECTOR('',#2650,2.36E0);
#2652=CARTESIAN_POINT('',(8.68E0,-8.75E-1,-3.68E0));
#2653=LINE('',#2652,#2651);
#2654=DIRECTION('',(0.E0,-1.E0,0.E0));
#2655=VECTOR('',#2654,5.55E-1);
#2656=CARTESIAN_POINT('',(8.68E0,-3.2E-1,-3.68E0));
#2657=LINE('',#2656,#2655);
#2658=DIRECTION('',(0.E0,-1.E0,0.E0));
#2659=VECTOR('',#2658,1.195E0);
#2660=CARTESIAN_POINT('',(8.68E0,8.75E-1,-3.68E0));
#2661=LINE('',#2660,#2659);
#2662=DIRECTION('',(1.E0,0.E0,0.E0));
#2663=VECTOR('',#2662,2.36E0);
#2664=CARTESIAN_POINT('',(6.32E0,8.75E-1,-3.68E0));
#2665=LINE('',#2664,#2663);
#2666=DIRECTION('',(0.E0,-1.E0,0.E0));
#2667=VECTOR('',#2666,1.195E0);
#2668=CARTESIAN_POINT('',(6.32E0,8.75E-1,-3.68E0));
#2669=LINE('',#2668,#2667);
#2670=DIRECTION('',(0.E0,-1.E0,0.E0));
#2671=VECTOR('',#2670,5.55E-1);
#2672=CARTESIAN_POINT('',(3.32E0,-3.2E-1,-3.68E0));
#2673=LINE('',#2672,#2671);
#2674=DIRECTION('',(-1.E0,0.E0,0.E0));
#2675=VECTOR('',#2674,2.36E0);
#2676=CARTESIAN_POINT('',(5.68E0,-8.75E-1,-3.68E0));
#2677=LINE('',#2676,#2675);
#2678=DIRECTION('',(0.E0,-1.E0,0.E0));
#2679=VECTOR('',#2678,5.55E-1);
#2680=CARTESIAN_POINT('',(5.68E0,-3.2E-1,-3.68E0));
#2681=LINE('',#2680,#2679);
#2682=DIRECTION('',(0.E0,-1.E0,0.E0));
#2683=VECTOR('',#2682,1.195E0);
#2684=CARTESIAN_POINT('',(5.68E0,8.75E-1,-3.68E0));
#2685=LINE('',#2684,#2683);
#2686=DIRECTION('',(1.E0,0.E0,0.E0));
#2687=VECTOR('',#2686,2.36E0);
#2688=CARTESIAN_POINT('',(3.32E0,8.75E-1,-3.68E0));
#2689=LINE('',#2688,#2687);
#2690=DIRECTION('',(0.E0,-1.E0,0.E0));
#2691=VECTOR('',#2690,1.195E0);
#2692=CARTESIAN_POINT('',(3.32E0,8.75E-1,-3.68E0));
#2693=LINE('',#2692,#2691);
#2694=DIRECTION('',(0.E0,-1.E0,0.E0));
#2695=VECTOR('',#2694,5.55E-1);
#2696=CARTESIAN_POINT('',(3.2E-1,-3.2E-1,-3.68E0));
#2697=LINE('',#2696,#2695);
#2698=DIRECTION('',(-1.E0,0.E0,0.E0));
#2699=VECTOR('',#2698,2.36E0);
#2700=CARTESIAN_POINT('',(2.68E0,-8.75E-1,-3.68E0));
#2701=LINE('',#2700,#2699);
#2702=DIRECTION('',(0.E0,-1.E0,0.E0));
#2703=VECTOR('',#2702,5.55E-1);
#2704=CARTESIAN_POINT('',(2.68E0,-3.2E-1,-3.68E0));
#2705=LINE('',#2704,#2703);
#2706=DIRECTION('',(0.E0,-1.E0,0.E0));
#2707=VECTOR('',#2706,1.195E0);
#2708=CARTESIAN_POINT('',(2.68E0,8.75E-1,-3.68E0));
#2709=LINE('',#2708,#2707);
#2710=DIRECTION('',(1.E0,0.E0,0.E0));
#2711=VECTOR('',#2710,2.36E0);
#2712=CARTESIAN_POINT('',(3.2E-1,8.75E-1,-3.68E0));
#2713=LINE('',#2712,#2711);
#2714=DIRECTION('',(0.E0,-1.E0,0.E0));
#2715=VECTOR('',#2714,1.195E0);
#2716=CARTESIAN_POINT('',(3.2E-1,8.75E-1,-3.68E0));
#2717=LINE('',#2716,#2715);
#2718=DIRECTION('',(0.E0,-1.E0,0.E0));
#2719=VECTOR('',#2718,5.55E-1);
#2720=CARTESIAN_POINT('',(-2.68E0,-3.2E-1,-3.68E0));
#2721=LINE('',#2720,#2719);
#2722=DIRECTION('',(-1.E0,0.E0,0.E0));
#2723=VECTOR('',#2722,2.36E0);
#2724=CARTESIAN_POINT('',(-3.2E-1,-8.75E-1,-3.68E0));
#2725=LINE('',#2724,#2723);
#2726=DIRECTION('',(0.E0,-1.E0,0.E0));
#2727=VECTOR('',#2726,5.55E-1);
#2728=CARTESIAN_POINT('',(-3.2E-1,-3.2E-1,-3.68E0));
#2729=LINE('',#2728,#2727);
#2730=DIRECTION('',(0.E0,-1.E0,0.E0));
#2731=VECTOR('',#2730,1.195E0);
#2732=CARTESIAN_POINT('',(-3.2E-1,8.75E-1,-3.68E0));
#2733=LINE('',#2732,#2731);
#2734=DIRECTION('',(1.E0,0.E0,0.E0));
#2735=VECTOR('',#2734,2.36E0);
#2736=CARTESIAN_POINT('',(-2.68E0,8.75E-1,-3.68E0));
#2737=LINE('',#2736,#2735);
#2738=DIRECTION('',(0.E0,-1.E0,0.E0));
#2739=VECTOR('',#2738,1.195E0);
#2740=CARTESIAN_POINT('',(-2.68E0,8.75E-1,-3.68E0));
#2741=LINE('',#2740,#2739);
#2742=DIRECTION('',(0.E0,-1.E0,0.E0));
#2743=VECTOR('',#2742,5.55E-1);
#2744=CARTESIAN_POINT('',(-5.68E0,-3.2E-1,-3.68E0));
#2745=LINE('',#2744,#2743);
#2746=DIRECTION('',(-1.E0,0.E0,0.E0));
#2747=VECTOR('',#2746,2.36E0);
#2748=CARTESIAN_POINT('',(-3.32E0,-8.75E-1,-3.68E0));
#2749=LINE('',#2748,#2747);
#2750=DIRECTION('',(0.E0,-1.E0,0.E0));
#2751=VECTOR('',#2750,5.55E-1);
#2752=CARTESIAN_POINT('',(-3.32E0,-3.2E-1,-3.68E0));
#2753=LINE('',#2752,#2751);
#2754=DIRECTION('',(0.E0,-1.E0,0.E0));
#2755=VECTOR('',#2754,1.195E0);
#2756=CARTESIAN_POINT('',(-3.32E0,8.75E-1,-3.68E0));
#2757=LINE('',#2756,#2755);
#2758=DIRECTION('',(1.E0,0.E0,0.E0));
#2759=VECTOR('',#2758,2.36E0);
#2760=CARTESIAN_POINT('',(-5.68E0,8.75E-1,-3.68E0));
#2761=LINE('',#2760,#2759);
#2762=DIRECTION('',(0.E0,-1.E0,0.E0));
#2763=VECTOR('',#2762,1.195E0);
#2764=CARTESIAN_POINT('',(-5.68E0,8.75E-1,-3.68E0));
#2765=LINE('',#2764,#2763);
#2766=DIRECTION('',(0.E0,-1.E0,0.E0));
#2767=VECTOR('',#2766,5.55E-1);
#2768=CARTESIAN_POINT('',(-8.68E0,-3.2E-1,-3.68E0));
#2769=LINE('',#2768,#2767);
#2770=DIRECTION('',(-1.E0,0.E0,0.E0));
#2771=VECTOR('',#2770,2.36E0);
#2772=CARTESIAN_POINT('',(-6.32E0,-8.75E-1,-3.68E0));
#2773=LINE('',#2772,#2771);
#2774=DIRECTION('',(0.E0,-1.E0,0.E0));
#2775=VECTOR('',#2774,5.55E-1);
#2776=CARTESIAN_POINT('',(-6.32E0,-3.2E-1,-3.68E0));
#2777=LINE('',#2776,#2775);
#2778=DIRECTION('',(0.E0,-1.E0,0.E0));
#2779=VECTOR('',#2778,1.195E0);
#2780=CARTESIAN_POINT('',(-6.32E0,8.75E-1,-3.68E0));
#2781=LINE('',#2780,#2779);
#2782=DIRECTION('',(1.E0,0.E0,0.E0));
#2783=VECTOR('',#2782,2.36E0);
#2784=CARTESIAN_POINT('',(-8.68E0,8.75E-1,-3.68E0));
#2785=LINE('',#2784,#2783);
#2786=DIRECTION('',(0.E0,-1.E0,0.E0));
#2787=VECTOR('',#2786,1.195E0);
#2788=CARTESIAN_POINT('',(-8.68E0,8.75E-1,-3.68E0));
#2789=LINE('',#2788,#2787);
#2790=DIRECTION('',(0.E0,-1.E0,0.E0));
#2791=VECTOR('',#2790,5.55E-1);
#2792=CARTESIAN_POINT('',(-1.168E1,-3.2E-1,-3.68E0));
#2793=LINE('',#2792,#2791);
#2794=DIRECTION('',(-1.E0,0.E0,0.E0));
#2795=VECTOR('',#2794,2.36E0);
#2796=CARTESIAN_POINT('',(-9.32E0,-8.75E-1,-3.68E0));
#2797=LINE('',#2796,#2795);
#2798=DIRECTION('',(0.E0,-1.E0,0.E0));
#2799=VECTOR('',#2798,5.55E-1);
#2800=CARTESIAN_POINT('',(-9.32E0,-3.2E-1,-3.68E0));
#2801=LINE('',#2800,#2799);
#2802=DIRECTION('',(0.E0,-1.E0,0.E0));
#2803=VECTOR('',#2802,1.195E0);
#2804=CARTESIAN_POINT('',(-9.32E0,8.75E-1,-3.68E0));
#2805=LINE('',#2804,#2803);
#2806=DIRECTION('',(1.E0,0.E0,0.E0));
#2807=VECTOR('',#2806,2.36E0);
#2808=CARTESIAN_POINT('',(-1.168E1,8.75E-1,-3.68E0));
#2809=LINE('',#2808,#2807);
#2810=DIRECTION('',(0.E0,-1.E0,0.E0));
#2811=VECTOR('',#2810,1.195E0);
#2812=CARTESIAN_POINT('',(-1.168E1,8.75E-1,-3.68E0));
#2813=LINE('',#2812,#2811);
#2814=DIRECTION('',(0.E0,-1.E0,0.E0));
#2815=VECTOR('',#2814,5.55E-1);
#2816=CARTESIAN_POINT('',(-1.468E1,-3.2E-1,-3.68E0));
#2817=LINE('',#2816,#2815);
#2818=DIRECTION('',(-1.E0,0.E0,0.E0));
#2819=VECTOR('',#2818,2.36E0);
#2820=CARTESIAN_POINT('',(-1.232E1,-8.75E-1,-3.68E0));
#2821=LINE('',#2820,#2819);
#2822=DIRECTION('',(0.E0,-1.E0,0.E0));
#2823=VECTOR('',#2822,5.55E-1);
#2824=CARTESIAN_POINT('',(-1.232E1,-3.2E-1,-3.68E0));
#2825=LINE('',#2824,#2823);
#2826=DIRECTION('',(0.E0,-1.E0,0.E0));
#2827=VECTOR('',#2826,1.195E0);
#2828=CARTESIAN_POINT('',(-1.232E1,8.75E-1,-3.68E0));
#2829=LINE('',#2828,#2827);
#2830=DIRECTION('',(1.E0,0.E0,0.E0));
#2831=VECTOR('',#2830,2.36E0);
#2832=CARTESIAN_POINT('',(-1.468E1,8.75E-1,-3.68E0));
#2833=LINE('',#2832,#2831);
#2834=DIRECTION('',(0.E0,-1.E0,0.E0));
#2835=VECTOR('',#2834,1.195E0);
#2836=CARTESIAN_POINT('',(-1.468E1,8.75E-1,-3.68E0));
#2837=LINE('',#2836,#2835);
#2838=DIRECTION('',(1.E0,0.E0,0.E0));
#2839=VECTOR('',#2838,1.645E0);
#2840=CARTESIAN_POINT('',(-1.6965E1,8.75E-1,-3.68E0));
#2841=LINE('',#2840,#2839);
#2842=DIRECTION('',(-1.E0,0.E0,0.E0));
#2843=VECTOR('',#2842,1.645E0);
#2844=CARTESIAN_POINT('',(-1.532E1,-8.75E-1,-3.68E0));
#2845=LINE('',#2844,#2843);
#2846=DIRECTION('',(0.E0,-1.E0,0.E0));
#2847=VECTOR('',#2846,5.55E-1);
#2848=CARTESIAN_POINT('',(-1.532E1,-3.2E-1,-3.68E0));
#2849=LINE('',#2848,#2847);
#2850=DIRECTION('',(0.E0,-1.E0,0.E0));
#2851=VECTOR('',#2850,1.195E0);
#2852=CARTESIAN_POINT('',(-1.532E1,8.75E-1,-3.68E0));
#2853=LINE('',#2852,#2851);
#2854=DIRECTION('',(0.E0,0.E0,-1.E0));
#2855=VECTOR('',#2854,6.E-1);
#2856=CARTESIAN_POINT('',(1.532E1,8.75E-1,-3.68E0));
#2857=LINE('',#2856,#2855);
#2858=DIRECTION('',(0.E0,0.E0,-1.E0));
#2859=VECTOR('',#2858,6.E-1);
#2860=CARTESIAN_POINT('',(1.468E1,8.75E-1,-3.68E0));
#2861=LINE('',#2860,#2859);
#2862=DIRECTION('',(0.E0,0.E0,-1.E0));
#2863=VECTOR('',#2862,6.E-1);
#2864=CARTESIAN_POINT('',(1.232E1,8.75E-1,-3.68E0));
#2865=LINE('',#2864,#2863);
#2866=DIRECTION('',(0.E0,0.E0,-1.E0));
#2867=VECTOR('',#2866,6.E-1);
#2868=CARTESIAN_POINT('',(1.168E1,8.75E-1,-3.68E0));
#2869=LINE('',#2868,#2867);
#2870=DIRECTION('',(0.E0,0.E0,-1.E0));
#2871=VECTOR('',#2870,6.E-1);
#2872=CARTESIAN_POINT('',(9.32E0,8.75E-1,-3.68E0));
#2873=LINE('',#2872,#2871);
#2874=DIRECTION('',(0.E0,0.E0,-1.E0));
#2875=VECTOR('',#2874,6.E-1);
#2876=CARTESIAN_POINT('',(8.68E0,8.75E-1,-3.68E0));
#2877=LINE('',#2876,#2875);
#2878=DIRECTION('',(0.E0,0.E0,-1.E0));
#2879=VECTOR('',#2878,6.E-1);
#2880=CARTESIAN_POINT('',(6.32E0,8.75E-1,-3.68E0));
#2881=LINE('',#2880,#2879);
#2882=DIRECTION('',(0.E0,0.E0,-1.E0));
#2883=VECTOR('',#2882,6.E-1);
#2884=CARTESIAN_POINT('',(5.68E0,8.75E-1,-3.68E0));
#2885=LINE('',#2884,#2883);
#2886=DIRECTION('',(0.E0,0.E0,-1.E0));
#2887=VECTOR('',#2886,6.E-1);
#2888=CARTESIAN_POINT('',(3.32E0,8.75E-1,-3.68E0));
#2889=LINE('',#2888,#2887);
#2890=DIRECTION('',(0.E0,0.E0,-1.E0));
#2891=VECTOR('',#2890,6.E-1);
#2892=CARTESIAN_POINT('',(2.68E0,8.75E-1,-3.68E0));
#2893=LINE('',#2892,#2891);
#2894=DIRECTION('',(0.E0,0.E0,-1.E0));
#2895=VECTOR('',#2894,6.E-1);
#2896=CARTESIAN_POINT('',(3.2E-1,8.75E-1,-3.68E0));
#2897=LINE('',#2896,#2895);
#2898=DIRECTION('',(0.E0,0.E0,-1.E0));
#2899=VECTOR('',#2898,6.E-1);
#2900=CARTESIAN_POINT('',(-3.2E-1,8.75E-1,-3.68E0));
#2901=LINE('',#2900,#2899);
#2902=DIRECTION('',(0.E0,0.E0,-1.E0));
#2903=VECTOR('',#2902,6.E-1);
#2904=CARTESIAN_POINT('',(-2.68E0,8.75E-1,-3.68E0));
#2905=LINE('',#2904,#2903);
#2906=DIRECTION('',(0.E0,0.E0,-1.E0));
#2907=VECTOR('',#2906,6.E-1);
#2908=CARTESIAN_POINT('',(-3.32E0,8.75E-1,-3.68E0));
#2909=LINE('',#2908,#2907);
#2910=DIRECTION('',(0.E0,0.E0,-1.E0));
#2911=VECTOR('',#2910,6.E-1);
#2912=CARTESIAN_POINT('',(-5.68E0,8.75E-1,-3.68E0));
#2913=LINE('',#2912,#2911);
#2914=DIRECTION('',(0.E0,0.E0,-1.E0));
#2915=VECTOR('',#2914,6.E-1);
#2916=CARTESIAN_POINT('',(-6.32E0,8.75E-1,-3.68E0));
#2917=LINE('',#2916,#2915);
#2918=DIRECTION('',(0.E0,0.E0,-1.E0));
#2919=VECTOR('',#2918,6.E-1);
#2920=CARTESIAN_POINT('',(-8.68E0,8.75E-1,-3.68E0));
#2921=LINE('',#2920,#2919);
#2922=DIRECTION('',(0.E0,0.E0,-1.E0));
#2923=VECTOR('',#2922,6.E-1);
#2924=CARTESIAN_POINT('',(-9.32E0,8.75E-1,-3.68E0));
#2925=LINE('',#2924,#2923);
#2926=DIRECTION('',(0.E0,0.E0,-1.E0));
#2927=VECTOR('',#2926,6.E-1);
#2928=CARTESIAN_POINT('',(-1.168E1,8.75E-1,-3.68E0));
#2929=LINE('',#2928,#2927);
#2930=DIRECTION('',(0.E0,0.E0,-1.E0));
#2931=VECTOR('',#2930,6.E-1);
#2932=CARTESIAN_POINT('',(-1.232E1,8.75E-1,-3.68E0));
#2933=LINE('',#2932,#2931);
#2934=DIRECTION('',(0.E0,0.E0,-1.E0));
#2935=VECTOR('',#2934,6.E-1);
#2936=CARTESIAN_POINT('',(-1.468E1,8.75E-1,-3.68E0));
#2937=LINE('',#2936,#2935);
#2938=DIRECTION('',(0.E0,0.E0,-1.E0));
#2939=VECTOR('',#2938,6.E-1);
#2940=CARTESIAN_POINT('',(-1.532E1,8.75E-1,-3.68E0));
#2941=LINE('',#2940,#2939);
#2942=DIRECTION('',(0.E0,0.E0,-1.E0));
#2943=VECTOR('',#2942,1.9E0);
#2944=CARTESIAN_POINT('',(-1.8325E1,-1.43E0,3.55E0));
#2945=LINE('',#2944,#2943);
#2946=DIRECTION('',(0.E0,0.E0,1.E0));
#2947=VECTOR('',#2946,4.75E0);
#2948=CARTESIAN_POINT('',(-1.8325E1,-1.43E0,-3.1E0));
#2949=LINE('',#2948,#2947);
#2950=DIRECTION('',(0.E0,0.E0,-1.E0));
#2951=VECTOR('',#2950,1.85E0);
#2952=CARTESIAN_POINT('',(-1.8325E1,-2.47E0,-3.1E0));
#2953=LINE('',#2952,#2951);
#2954=DIRECTION('',(0.E0,1.E0,0.E0));
#2955=VECTOR('',#2954,1.2E0);
#2956=CARTESIAN_POINT('',(-1.8325E1,-2.47E0,-4.95E0));
#2957=LINE('',#2956,#2955);
#2958=DIRECTION('',(0.E0,0.E0,1.E0));
#2959=VECTOR('',#2958,6.7E-1);
#2960=CARTESIAN_POINT('',(-1.8325E1,-1.27E0,-4.95E0));
#2961=LINE('',#2960,#2959);
#2962=DIRECTION('',(0.E0,1.E0,0.E0));
#2963=VECTOR('',#2962,3.95E-1);
#2964=CARTESIAN_POINT('',(-1.8325E1,-1.27E0,-4.28E0));
#2965=LINE('',#2964,#2963);
#2966=DIRECTION('',(0.E0,0.E0,-1.E0));
#2967=VECTOR('',#2966,6.E-1);
#2968=CARTESIAN_POINT('',(-1.8325E1,-8.75E-1,-3.68E0));
#2969=LINE('',#2968,#2967);
#2970=DIRECTION('',(0.E0,-1.E0,0.E0));
#2971=VECTOR('',#2970,1.75E0);
#2972=CARTESIAN_POINT('',(-1.8325E1,8.75E-1,-3.68E0));
#2973=LINE('',#2972,#2971);
#2974=DIRECTION('',(0.E0,0.E0,-1.E0));
#2975=VECTOR('',#2974,6.E-1);
#2976=CARTESIAN_POINT('',(-1.8325E1,8.75E-1,-3.68E0));
#2977=LINE('',#2976,#2975);
#2978=DIRECTION('',(0.E0,1.E0,0.E0));
#2979=VECTOR('',#2978,3.95E-1);
#2980=CARTESIAN_POINT('',(-1.8325E1,8.75E-1,-4.28E0));
#2981=LINE('',#2980,#2979);
#2982=DIRECTION('',(0.E0,0.E0,-1.E0));
#2983=VECTOR('',#2982,6.7E-1);
#2984=CARTESIAN_POINT('',(-1.8325E1,1.27E0,-4.28E0));
#2985=LINE('',#2984,#2983);
#2986=DIRECTION('',(0.E0,1.E0,0.E0));
#2987=VECTOR('',#2986,6.6E-1);
#2988=CARTESIAN_POINT('',(-1.8325E1,1.27E0,-4.95E0));
#2989=LINE('',#2988,#2987);
#2990=DIRECTION('',(0.E0,0.E0,1.E0));
#2991=VECTOR('',#2990,8.5E0);
#2992=CARTESIAN_POINT('',(-1.8325E1,1.93E0,-4.95E0));
#2993=LINE('',#2992,#2991);
#2994=DIRECTION('',(0.E0,1.E0,0.E0));
#2995=VECTOR('',#2994,6.8E-1);
#2996=CARTESIAN_POINT('',(-1.8325E1,1.25E0,3.55E0));
#2997=LINE('',#2996,#2995);
#2998=DIRECTION('',(0.E0,1.E0,0.E0));
#2999=VECTOR('',#2998,2.E0);
#3000=CARTESIAN_POINT('',(-1.8325E1,-7.5E-1,3.55E0));
#3001=LINE('',#3000,#2999);
#3002=DIRECTION('',(0.E0,1.E0,0.E0));
#3003=VECTOR('',#3002,6.8E-1);
#3004=CARTESIAN_POINT('',(-1.8325E1,-1.43E0,3.55E0));
#3005=LINE('',#3004,#3003);
#3006=DIRECTION('',(0.E0,0.E0,-1.E0));
#3007=VECTOR('',#3006,6.7E-1);
#3008=CARTESIAN_POINT('',(1.7365E1,1.27E0,-4.28E0));
#3009=LINE('',#3008,#3007);
#3010=DIRECTION('',(1.E0,0.E0,0.E0));
#3011=VECTOR('',#3010,9.6E-1);
#3012=CARTESIAN_POINT('',(1.7365E1,1.27E0,-4.28E0));
#3013=LINE('',#3012,#3011);
#3014=DIRECTION('',(1.E0,0.E0,0.E0));
#3015=VECTOR('',#3014,9.6E-1);
#3016=CARTESIAN_POINT('',(-1.8325E1,1.27E0,-4.28E0));
#3017=LINE('',#3016,#3015);
#3018=DIRECTION('',(0.E0,0.E0,-1.E0));
#3019=VECTOR('',#3018,6.7E-1);
#3020=CARTESIAN_POINT('',(-1.7365E1,1.27E0,-4.28E0));
#3021=LINE('',#3020,#3019);
#3022=DIRECTION('',(0.E0,0.E0,-1.E0));
#3023=VECTOR('',#3022,6.7E-1);
#3024=CARTESIAN_POINT('',(1.532E1,1.27E0,-4.28E0));
#3025=LINE('',#3024,#3023);
#3026=DIRECTION('',(1.E0,0.E0,0.E0));
#3027=VECTOR('',#3026,1.645E0);
#3028=CARTESIAN_POINT('',(1.532E1,1.27E0,-4.28E0));
#3029=LINE('',#3028,#3027);
#3030=DIRECTION('',(0.E0,0.E0,-1.E0));
#3031=VECTOR('',#3030,6.7E-1);
#3032=CARTESIAN_POINT('',(1.6965E1,1.27E0,-4.28E0));
#3033=LINE('',#3032,#3031);
#3034=DIRECTION('',(0.E0,0.E0,-1.E0));
#3035=VECTOR('',#3034,6.7E-1);
#3036=CARTESIAN_POINT('',(1.232E1,1.27E0,-4.28E0));
#3037=LINE('',#3036,#3035);
#3038=DIRECTION('',(1.E0,0.E0,0.E0));
#3039=VECTOR('',#3038,2.36E0);
#3040=CARTESIAN_POINT('',(1.232E1,1.27E0,-4.28E0));
#3041=LINE('',#3040,#3039);
#3042=DIRECTION('',(0.E0,0.E0,-1.E0));
#3043=VECTOR('',#3042,6.7E-1);
#3044=CARTESIAN_POINT('',(1.468E1,1.27E0,-4.28E0));
#3045=LINE('',#3044,#3043);
#3046=DIRECTION('',(0.E0,0.E0,-1.E0));
#3047=VECTOR('',#3046,6.7E-1);
#3048=CARTESIAN_POINT('',(9.32E0,1.27E0,-4.28E0));
#3049=LINE('',#3048,#3047);
#3050=DIRECTION('',(1.E0,0.E0,0.E0));
#3051=VECTOR('',#3050,2.36E0);
#3052=CARTESIAN_POINT('',(9.32E0,1.27E0,-4.28E0));
#3053=LINE('',#3052,#3051);
#3054=DIRECTION('',(0.E0,0.E0,-1.E0));
#3055=VECTOR('',#3054,6.7E-1);
#3056=CARTESIAN_POINT('',(1.168E1,1.27E0,-4.28E0));
#3057=LINE('',#3056,#3055);
#3058=DIRECTION('',(0.E0,0.E0,-1.E0));
#3059=VECTOR('',#3058,6.7E-1);
#3060=CARTESIAN_POINT('',(6.32E0,1.27E0,-4.28E0));
#3061=LINE('',#3060,#3059);
#3062=DIRECTION('',(1.E0,0.E0,0.E0));
#3063=VECTOR('',#3062,2.36E0);
#3064=CARTESIAN_POINT('',(6.32E0,1.27E0,-4.28E0));
#3065=LINE('',#3064,#3063);
#3066=DIRECTION('',(0.E0,0.E0,-1.E0));
#3067=VECTOR('',#3066,6.7E-1);
#3068=CARTESIAN_POINT('',(8.68E0,1.27E0,-4.28E0));
#3069=LINE('',#3068,#3067);
#3070=DIRECTION('',(0.E0,0.E0,-1.E0));
#3071=VECTOR('',#3070,6.7E-1);
#3072=CARTESIAN_POINT('',(3.32E0,1.27E0,-4.28E0));
#3073=LINE('',#3072,#3071);
#3074=DIRECTION('',(1.E0,0.E0,0.E0));
#3075=VECTOR('',#3074,2.36E0);
#3076=CARTESIAN_POINT('',(3.32E0,1.27E0,-4.28E0));
#3077=LINE('',#3076,#3075);
#3078=DIRECTION('',(0.E0,0.E0,-1.E0));
#3079=VECTOR('',#3078,6.7E-1);
#3080=CARTESIAN_POINT('',(5.68E0,1.27E0,-4.28E0));
#3081=LINE('',#3080,#3079);
#3082=DIRECTION('',(0.E0,0.E0,-1.E0));
#3083=VECTOR('',#3082,6.7E-1);
#3084=CARTESIAN_POINT('',(3.2E-1,1.27E0,-4.28E0));
#3085=LINE('',#3084,#3083);
#3086=DIRECTION('',(1.E0,0.E0,0.E0));
#3087=VECTOR('',#3086,2.36E0);
#3088=CARTESIAN_POINT('',(3.2E-1,1.27E0,-4.28E0));
#3089=LINE('',#3088,#3087);
#3090=DIRECTION('',(0.E0,0.E0,-1.E0));
#3091=VECTOR('',#3090,6.7E-1);
#3092=CARTESIAN_POINT('',(2.68E0,1.27E0,-4.28E0));
#3093=LINE('',#3092,#3091);
#3094=DIRECTION('',(0.E0,0.E0,-1.E0));
#3095=VECTOR('',#3094,6.7E-1);
#3096=CARTESIAN_POINT('',(-2.68E0,1.27E0,-4.28E0));
#3097=LINE('',#3096,#3095);
#3098=DIRECTION('',(1.E0,0.E0,0.E0));
#3099=VECTOR('',#3098,2.36E0);
#3100=CARTESIAN_POINT('',(-2.68E0,1.27E0,-4.28E0));
#3101=LINE('',#3100,#3099);
#3102=DIRECTION('',(0.E0,0.E0,-1.E0));
#3103=VECTOR('',#3102,6.7E-1);
#3104=CARTESIAN_POINT('',(-3.2E-1,1.27E0,-4.28E0));
#3105=LINE('',#3104,#3103);
#3106=DIRECTION('',(0.E0,0.E0,-1.E0));
#3107=VECTOR('',#3106,6.7E-1);
#3108=CARTESIAN_POINT('',(-5.68E0,1.27E0,-4.28E0));
#3109=LINE('',#3108,#3107);
#3110=DIRECTION('',(1.E0,0.E0,0.E0));
#3111=VECTOR('',#3110,2.36E0);
#3112=CARTESIAN_POINT('',(-5.68E0,1.27E0,-4.28E0));
#3113=LINE('',#3112,#3111);
#3114=DIRECTION('',(0.E0,0.E0,-1.E0));
#3115=VECTOR('',#3114,6.7E-1);
#3116=CARTESIAN_POINT('',(-3.32E0,1.27E0,-4.28E0));
#3117=LINE('',#3116,#3115);
#3118=DIRECTION('',(0.E0,0.E0,-1.E0));
#3119=VECTOR('',#3118,6.7E-1);
#3120=CARTESIAN_POINT('',(-8.68E0,1.27E0,-4.28E0));
#3121=LINE('',#3120,#3119);
#3122=DIRECTION('',(1.E0,0.E0,0.E0));
#3123=VECTOR('',#3122,2.36E0);
#3124=CARTESIAN_POINT('',(-8.68E0,1.27E0,-4.28E0));
#3125=LINE('',#3124,#3123);
#3126=DIRECTION('',(0.E0,0.E0,-1.E0));
#3127=VECTOR('',#3126,6.7E-1);
#3128=CARTESIAN_POINT('',(-6.32E0,1.27E0,-4.28E0));
#3129=LINE('',#3128,#3127);
#3130=DIRECTION('',(0.E0,0.E0,-1.E0));
#3131=VECTOR('',#3130,6.7E-1);
#3132=CARTESIAN_POINT('',(-1.168E1,1.27E0,-4.28E0));
#3133=LINE('',#3132,#3131);
#3134=DIRECTION('',(1.E0,0.E0,0.E0));
#3135=VECTOR('',#3134,2.36E0);
#3136=CARTESIAN_POINT('',(-1.168E1,1.27E0,-4.28E0));
#3137=LINE('',#3136,#3135);
#3138=DIRECTION('',(0.E0,0.E0,-1.E0));
#3139=VECTOR('',#3138,6.7E-1);
#3140=CARTESIAN_POINT('',(-9.32E0,1.27E0,-4.28E0));
#3141=LINE('',#3140,#3139);
#3142=DIRECTION('',(0.E0,0.E0,-1.E0));
#3143=VECTOR('',#3142,6.7E-1);
#3144=CARTESIAN_POINT('',(-1.532E1,1.27E0,-4.28E0));
#3145=LINE('',#3144,#3143);
#3146=DIRECTION('',(0.E0,0.E0,-1.E0));
#3147=VECTOR('',#3146,6.7E-1);
#3148=CARTESIAN_POINT('',(-1.6965E1,1.27E0,-4.28E0));
#3149=LINE('',#3148,#3147);
#3150=DIRECTION('',(1.E0,0.E0,0.E0));
#3151=VECTOR('',#3150,1.645E0);
#3152=CARTESIAN_POINT('',(-1.6965E1,1.27E0,-4.28E0));
#3153=LINE('',#3152,#3151);
#3154=DIRECTION('',(0.E0,0.E0,-1.E0));
#3155=VECTOR('',#3154,6.7E-1);
#3156=CARTESIAN_POINT('',(-1.468E1,1.27E0,-4.28E0));
#3157=LINE('',#3156,#3155);
#3158=DIRECTION('',(1.E0,0.E0,0.E0));
#3159=VECTOR('',#3158,2.36E0);
#3160=CARTESIAN_POINT('',(-1.468E1,1.27E0,-4.28E0));
#3161=LINE('',#3160,#3159);
#3162=DIRECTION('',(0.E0,0.E0,-1.E0));
#3163=VECTOR('',#3162,6.7E-1);
#3164=CARTESIAN_POINT('',(-1.232E1,1.27E0,-4.28E0));
#3165=LINE('',#3164,#3163);
#3166=DIRECTION('',(0.E0,1.E0,0.E0));
#3167=VECTOR('',#3166,6.6E-1);
#3168=CARTESIAN_POINT('',(1.7365E1,1.27E0,-4.95E0));
#3169=LINE('',#3168,#3167);
#3170=DIRECTION('',(1.E0,0.E0,0.E0));
#3171=VECTOR('',#3170,9.6E-1);
#3172=CARTESIAN_POINT('',(1.7365E1,1.27E0,-4.95E0));
#3173=LINE('',#3172,#3171);
#3174=DIRECTION('',(1.E0,0.E0,0.E0));
#3175=VECTOR('',#3174,9.6E-1);
#3176=CARTESIAN_POINT('',(-1.8325E1,1.27E0,-4.95E0));
#3177=LINE('',#3176,#3175);
#3178=DIRECTION('',(0.E0,1.E0,0.E0));
#3179=VECTOR('',#3178,6.6E-1);
#3180=CARTESIAN_POINT('',(-1.7365E1,1.27E0,-4.95E0));
#3181=LINE('',#3180,#3179);
#3182=DIRECTION('',(0.E0,1.E0,0.E0));
#3183=VECTOR('',#3182,6.6E-1);
#3184=CARTESIAN_POINT('',(1.532E1,1.27E0,-4.95E0));
#3185=LINE('',#3184,#3183);
#3186=DIRECTION('',(1.E0,0.E0,0.E0));
#3187=VECTOR('',#3186,1.645E0);
#3188=CARTESIAN_POINT('',(1.532E1,1.27E0,-4.95E0));
#3189=LINE('',#3188,#3187);
#3190=DIRECTION('',(0.E0,1.E0,0.E0));
#3191=VECTOR('',#3190,6.6E-1);
#3192=CARTESIAN_POINT('',(1.6965E1,1.27E0,-4.95E0));
#3193=LINE('',#3192,#3191);
#3194=DIRECTION('',(0.E0,1.E0,0.E0));
#3195=VECTOR('',#3194,6.6E-1);
#3196=CARTESIAN_POINT('',(1.232E1,1.27E0,-4.95E0));
#3197=LINE('',#3196,#3195);
#3198=DIRECTION('',(1.E0,0.E0,0.E0));
#3199=VECTOR('',#3198,2.36E0);
#3200=CARTESIAN_POINT('',(1.232E1,1.27E0,-4.95E0));
#3201=LINE('',#3200,#3199);
#3202=DIRECTION('',(0.E0,1.E0,0.E0));
#3203=VECTOR('',#3202,6.6E-1);
#3204=CARTESIAN_POINT('',(1.468E1,1.27E0,-4.95E0));
#3205=LINE('',#3204,#3203);
#3206=DIRECTION('',(0.E0,1.E0,0.E0));
#3207=VECTOR('',#3206,6.6E-1);
#3208=CARTESIAN_POINT('',(9.32E0,1.27E0,-4.95E0));
#3209=LINE('',#3208,#3207);
#3210=DIRECTION('',(1.E0,0.E0,0.E0));
#3211=VECTOR('',#3210,2.36E0);
#3212=CARTESIAN_POINT('',(9.32E0,1.27E0,-4.95E0));
#3213=LINE('',#3212,#3211);
#3214=DIRECTION('',(0.E0,1.E0,0.E0));
#3215=VECTOR('',#3214,6.6E-1);
#3216=CARTESIAN_POINT('',(1.168E1,1.27E0,-4.95E0));
#3217=LINE('',#3216,#3215);
#3218=DIRECTION('',(0.E0,1.E0,0.E0));
#3219=VECTOR('',#3218,6.6E-1);
#3220=CARTESIAN_POINT('',(6.32E0,1.27E0,-4.95E0));
#3221=LINE('',#3220,#3219);
#3222=DIRECTION('',(1.E0,0.E0,0.E0));
#3223=VECTOR('',#3222,2.36E0);
#3224=CARTESIAN_POINT('',(6.32E0,1.27E0,-4.95E0));
#3225=LINE('',#3224,#3223);
#3226=DIRECTION('',(0.E0,1.E0,0.E0));
#3227=VECTOR('',#3226,6.6E-1);
#3228=CARTESIAN_POINT('',(8.68E0,1.27E0,-4.95E0));
#3229=LINE('',#3228,#3227);
#3230=DIRECTION('',(0.E0,1.E0,0.E0));
#3231=VECTOR('',#3230,6.6E-1);
#3232=CARTESIAN_POINT('',(3.32E0,1.27E0,-4.95E0));
#3233=LINE('',#3232,#3231);
#3234=DIRECTION('',(1.E0,0.E0,0.E0));
#3235=VECTOR('',#3234,2.36E0);
#3236=CARTESIAN_POINT('',(3.32E0,1.27E0,-4.95E0));
#3237=LINE('',#3236,#3235);
#3238=DIRECTION('',(0.E0,1.E0,0.E0));
#3239=VECTOR('',#3238,6.6E-1);
#3240=CARTESIAN_POINT('',(5.68E0,1.27E0,-4.95E0));
#3241=LINE('',#3240,#3239);
#3242=DIRECTION('',(0.E0,1.E0,0.E0));
#3243=VECTOR('',#3242,6.6E-1);
#3244=CARTESIAN_POINT('',(3.2E-1,1.27E0,-4.95E0));
#3245=LINE('',#3244,#3243);
#3246=DIRECTION('',(1.E0,0.E0,0.E0));
#3247=VECTOR('',#3246,2.36E0);
#3248=CARTESIAN_POINT('',(3.2E-1,1.27E0,-4.95E0));
#3249=LINE('',#3248,#3247);
#3250=DIRECTION('',(0.E0,1.E0,0.E0));
#3251=VECTOR('',#3250,6.6E-1);
#3252=CARTESIAN_POINT('',(2.68E0,1.27E0,-4.95E0));
#3253=LINE('',#3252,#3251);
#3254=DIRECTION('',(0.E0,1.E0,0.E0));
#3255=VECTOR('',#3254,6.6E-1);
#3256=CARTESIAN_POINT('',(-2.68E0,1.27E0,-4.95E0));
#3257=LINE('',#3256,#3255);
#3258=DIRECTION('',(1.E0,0.E0,0.E0));
#3259=VECTOR('',#3258,2.36E0);
#3260=CARTESIAN_POINT('',(-2.68E0,1.27E0,-4.95E0));
#3261=LINE('',#3260,#3259);
#3262=DIRECTION('',(0.E0,1.E0,0.E0));
#3263=VECTOR('',#3262,6.6E-1);
#3264=CARTESIAN_POINT('',(-3.2E-1,1.27E0,-4.95E0));
#3265=LINE('',#3264,#3263);
#3266=DIRECTION('',(0.E0,1.E0,0.E0));
#3267=VECTOR('',#3266,6.6E-1);
#3268=CARTESIAN_POINT('',(-5.68E0,1.27E0,-4.95E0));
#3269=LINE('',#3268,#3267);
#3270=DIRECTION('',(1.E0,0.E0,0.E0));
#3271=VECTOR('',#3270,2.36E0);
#3272=CARTESIAN_POINT('',(-5.68E0,1.27E0,-4.95E0));
#3273=LINE('',#3272,#3271);
#3274=DIRECTION('',(0.E0,1.E0,0.E0));
#3275=VECTOR('',#3274,6.6E-1);
#3276=CARTESIAN_POINT('',(-3.32E0,1.27E0,-4.95E0));
#3277=LINE('',#3276,#3275);
#3278=DIRECTION('',(0.E0,1.E0,0.E0));
#3279=VECTOR('',#3278,6.6E-1);
#3280=CARTESIAN_POINT('',(-8.68E0,1.27E0,-4.95E0));
#3281=LINE('',#3280,#3279);
#3282=DIRECTION('',(1.E0,0.E0,0.E0));
#3283=VECTOR('',#3282,2.36E0);
#3284=CARTESIAN_POINT('',(-8.68E0,1.27E0,-4.95E0));
#3285=LINE('',#3284,#3283);
#3286=DIRECTION('',(0.E0,1.E0,0.E0));
#3287=VECTOR('',#3286,6.6E-1);
#3288=CARTESIAN_POINT('',(-6.32E0,1.27E0,-4.95E0));
#3289=LINE('',#3288,#3287);
#3290=DIRECTION('',(0.E0,1.E0,0.E0));
#3291=VECTOR('',#3290,6.6E-1);
#3292=CARTESIAN_POINT('',(-1.168E1,1.27E0,-4.95E0));
#3293=LINE('',#3292,#3291);
#3294=DIRECTION('',(1.E0,0.E0,0.E0));
#3295=VECTOR('',#3294,2.36E0);
#3296=CARTESIAN_POINT('',(-1.168E1,1.27E0,-4.95E0));
#3297=LINE('',#3296,#3295);
#3298=DIRECTION('',(0.E0,1.E0,0.E0));
#3299=VECTOR('',#3298,6.6E-1);
#3300=CARTESIAN_POINT('',(-9.32E0,1.27E0,-4.95E0));
#3301=LINE('',#3300,#3299);
#3302=DIRECTION('',(0.E0,1.E0,0.E0));
#3303=VECTOR('',#3302,6.6E-1);
#3304=CARTESIAN_POINT('',(-1.532E1,1.27E0,-4.95E0));
#3305=LINE('',#3304,#3303);
#3306=DIRECTION('',(0.E0,1.E0,0.E0));
#3307=VECTOR('',#3306,6.6E-1);
#3308=CARTESIAN_POINT('',(-1.6965E1,1.27E0,-4.95E0));
#3309=LINE('',#3308,#3307);
#3310=DIRECTION('',(1.E0,0.E0,0.E0));
#3311=VECTOR('',#3310,1.645E0);
#3312=CARTESIAN_POINT('',(-1.6965E1,1.27E0,-4.95E0));
#3313=LINE('',#3312,#3311);
#3314=DIRECTION('',(0.E0,1.E0,0.E0));
#3315=VECTOR('',#3314,6.6E-1);
#3316=CARTESIAN_POINT('',(-1.468E1,1.27E0,-4.95E0));
#3317=LINE('',#3316,#3315);
#3318=DIRECTION('',(1.E0,0.E0,0.E0));
#3319=VECTOR('',#3318,2.36E0);
#3320=CARTESIAN_POINT('',(-1.468E1,1.27E0,-4.95E0));
#3321=LINE('',#3320,#3319);
#3322=DIRECTION('',(0.E0,1.E0,0.E0));
#3323=VECTOR('',#3322,6.6E-1);
#3324=CARTESIAN_POINT('',(-1.232E1,1.27E0,-4.95E0));
#3325=LINE('',#3324,#3323);
#3326=DIRECTION('',(0.E0,0.E0,1.E0));
#3327=VECTOR('',#3326,1.35E0);
#3328=CARTESIAN_POINT('',(-1.532E1,1.93E0,-4.95E0));
#3329=LINE('',#3328,#3327);
#3330=DIRECTION('',(1.E0,0.E0,0.E0));
#3331=VECTOR('',#3330,6.4E-1);
#3332=CARTESIAN_POINT('',(-1.532E1,1.93E0,-3.6E0));
#3333=LINE('',#3332,#3331);
#3334=DIRECTION('',(0.E0,0.E0,1.E0));
#3335=VECTOR('',#3334,1.35E0);
#3336=CARTESIAN_POINT('',(-1.468E1,1.93E0,-4.95E0));
#3337=LINE('',#3336,#3335);
#3338=DIRECTION('',(1.E0,0.E0,0.E0));
#3339=VECTOR('',#3338,2.36E0);
#3340=CARTESIAN_POINT('',(-1.468E1,1.93E0,-4.95E0));
#3341=LINE('',#3340,#3339);
#3342=DIRECTION('',(0.E0,0.E0,1.E0));
#3343=VECTOR('',#3342,1.35E0);
#3344=CARTESIAN_POINT('',(-1.232E1,1.93E0,-4.95E0));
#3345=LINE('',#3344,#3343);
#3346=DIRECTION('',(1.E0,0.E0,0.E0));
#3347=VECTOR('',#3346,6.4E-1);
#3348=CARTESIAN_POINT('',(-1.232E1,1.93E0,-3.6E0));
#3349=LINE('',#3348,#3347);
#3350=DIRECTION('',(0.E0,0.E0,1.E0));
#3351=VECTOR('',#3350,1.35E0);
#3352=CARTESIAN_POINT('',(-1.168E1,1.93E0,-4.95E0));
#3353=LINE('',#3352,#3351);
#3354=DIRECTION('',(1.E0,0.E0,0.E0));
#3355=VECTOR('',#3354,2.36E0);
#3356=CARTESIAN_POINT('',(-1.168E1,1.93E0,-4.95E0));
#3357=LINE('',#3356,#3355);
#3358=DIRECTION('',(0.E0,0.E0,1.E0));
#3359=VECTOR('',#3358,1.35E0);
#3360=CARTESIAN_POINT('',(-9.32E0,1.93E0,-4.95E0));
#3361=LINE('',#3360,#3359);
#3362=DIRECTION('',(1.E0,0.E0,0.E0));
#3363=VECTOR('',#3362,6.4E-1);
#3364=CARTESIAN_POINT('',(-9.32E0,1.93E0,-3.6E0));
#3365=LINE('',#3364,#3363);
#3366=DIRECTION('',(0.E0,0.E0,1.E0));
#3367=VECTOR('',#3366,1.35E0);
#3368=CARTESIAN_POINT('',(-8.68E0,1.93E0,-4.95E0));
#3369=LINE('',#3368,#3367);
#3370=DIRECTION('',(1.E0,0.E0,0.E0));
#3371=VECTOR('',#3370,2.36E0);
#3372=CARTESIAN_POINT('',(-8.68E0,1.93E0,-4.95E0));
#3373=LINE('',#3372,#3371);
#3374=DIRECTION('',(0.E0,0.E0,1.E0));
#3375=VECTOR('',#3374,1.35E0);
#3376=CARTESIAN_POINT('',(-6.32E0,1.93E0,-4.95E0));
#3377=LINE('',#3376,#3375);
#3378=DIRECTION('',(1.E0,0.E0,0.E0));
#3379=VECTOR('',#3378,6.4E-1);
#3380=CARTESIAN_POINT('',(-6.32E0,1.93E0,-3.6E0));
#3381=LINE('',#3380,#3379);
#3382=DIRECTION('',(0.E0,0.E0,1.E0));
#3383=VECTOR('',#3382,1.35E0);
#3384=CARTESIAN_POINT('',(-5.68E0,1.93E0,-4.95E0));
#3385=LINE('',#3384,#3383);
#3386=DIRECTION('',(1.E0,0.E0,0.E0));
#3387=VECTOR('',#3386,2.36E0);
#3388=CARTESIAN_POINT('',(-5.68E0,1.93E0,-4.95E0));
#3389=LINE('',#3388,#3387);
#3390=DIRECTION('',(0.E0,0.E0,1.E0));
#3391=VECTOR('',#3390,1.35E0);
#3392=CARTESIAN_POINT('',(-3.32E0,1.93E0,-4.95E0));
#3393=LINE('',#3392,#3391);
#3394=DIRECTION('',(1.E0,0.E0,0.E0));
#3395=VECTOR('',#3394,6.4E-1);
#3396=CARTESIAN_POINT('',(-3.32E0,1.93E0,-3.6E0));
#3397=LINE('',#3396,#3395);
#3398=DIRECTION('',(0.E0,0.E0,1.E0));
#3399=VECTOR('',#3398,1.35E0);
#3400=CARTESIAN_POINT('',(-2.68E0,1.93E0,-4.95E0));
#3401=LINE('',#3400,#3399);
#3402=DIRECTION('',(1.E0,0.E0,0.E0));
#3403=VECTOR('',#3402,2.36E0);
#3404=CARTESIAN_POINT('',(-2.68E0,1.93E0,-4.95E0));
#3405=LINE('',#3404,#3403);
#3406=DIRECTION('',(0.E0,0.E0,1.E0));
#3407=VECTOR('',#3406,1.35E0);
#3408=CARTESIAN_POINT('',(-3.2E-1,1.93E0,-4.95E0));
#3409=LINE('',#3408,#3407);
#3410=DIRECTION('',(1.E0,0.E0,0.E0));
#3411=VECTOR('',#3410,6.4E-1);
#3412=CARTESIAN_POINT('',(-3.2E-1,1.93E0,-3.6E0));
#3413=LINE('',#3412,#3411);
#3414=DIRECTION('',(0.E0,0.E0,1.E0));
#3415=VECTOR('',#3414,1.35E0);
#3416=CARTESIAN_POINT('',(3.2E-1,1.93E0,-4.95E0));
#3417=LINE('',#3416,#3415);
#3418=DIRECTION('',(1.E0,0.E0,0.E0));
#3419=VECTOR('',#3418,2.36E0);
#3420=CARTESIAN_POINT('',(3.2E-1,1.93E0,-4.95E0));
#3421=LINE('',#3420,#3419);
#3422=DIRECTION('',(0.E0,0.E0,1.E0));
#3423=VECTOR('',#3422,1.35E0);
#3424=CARTESIAN_POINT('',(2.68E0,1.93E0,-4.95E0));
#3425=LINE('',#3424,#3423);
#3426=DIRECTION('',(1.E0,0.E0,0.E0));
#3427=VECTOR('',#3426,6.4E-1);
#3428=CARTESIAN_POINT('',(2.68E0,1.93E0,-3.6E0));
#3429=LINE('',#3428,#3427);
#3430=DIRECTION('',(0.E0,0.E0,1.E0));
#3431=VECTOR('',#3430,1.35E0);
#3432=CARTESIAN_POINT('',(3.32E0,1.93E0,-4.95E0));
#3433=LINE('',#3432,#3431);
#3434=DIRECTION('',(1.E0,0.E0,0.E0));
#3435=VECTOR('',#3434,2.36E0);
#3436=CARTESIAN_POINT('',(3.32E0,1.93E0,-4.95E0));
#3437=LINE('',#3436,#3435);
#3438=DIRECTION('',(0.E0,0.E0,1.E0));
#3439=VECTOR('',#3438,1.35E0);
#3440=CARTESIAN_POINT('',(5.68E0,1.93E0,-4.95E0));
#3441=LINE('',#3440,#3439);
#3442=DIRECTION('',(1.E0,0.E0,0.E0));
#3443=VECTOR('',#3442,6.4E-1);
#3444=CARTESIAN_POINT('',(5.68E0,1.93E0,-3.6E0));
#3445=LINE('',#3444,#3443);
#3446=DIRECTION('',(0.E0,0.E0,1.E0));
#3447=VECTOR('',#3446,1.35E0);
#3448=CARTESIAN_POINT('',(6.32E0,1.93E0,-4.95E0));
#3449=LINE('',#3448,#3447);
#3450=DIRECTION('',(1.E0,0.E0,0.E0));
#3451=VECTOR('',#3450,2.36E0);
#3452=CARTESIAN_POINT('',(6.32E0,1.93E0,-4.95E0));
#3453=LINE('',#3452,#3451);
#3454=DIRECTION('',(0.E0,0.E0,1.E0));
#3455=VECTOR('',#3454,1.35E0);
#3456=CARTESIAN_POINT('',(8.68E0,1.93E0,-4.95E0));
#3457=LINE('',#3456,#3455);
#3458=DIRECTION('',(1.E0,0.E0,0.E0));
#3459=VECTOR('',#3458,6.4E-1);
#3460=CARTESIAN_POINT('',(8.68E0,1.93E0,-3.6E0));
#3461=LINE('',#3460,#3459);
#3462=DIRECTION('',(0.E0,0.E0,1.E0));
#3463=VECTOR('',#3462,1.35E0);
#3464=CARTESIAN_POINT('',(9.32E0,1.93E0,-4.95E0));
#3465=LINE('',#3464,#3463);
#3466=DIRECTION('',(1.E0,0.E0,0.E0));
#3467=VECTOR('',#3466,2.36E0);
#3468=CARTESIAN_POINT('',(9.32E0,1.93E0,-4.95E0));
#3469=LINE('',#3468,#3467);
#3470=DIRECTION('',(0.E0,0.E0,1.E0));
#3471=VECTOR('',#3470,1.35E0);
#3472=CARTESIAN_POINT('',(1.168E1,1.93E0,-4.95E0));
#3473=LINE('',#3472,#3471);
#3474=DIRECTION('',(1.E0,0.E0,0.E0));
#3475=VECTOR('',#3474,6.4E-1);
#3476=CARTESIAN_POINT('',(1.168E1,1.93E0,-3.6E0));
#3477=LINE('',#3476,#3475);
#3478=DIRECTION('',(0.E0,0.E0,1.E0));
#3479=VECTOR('',#3478,1.35E0);
#3480=CARTESIAN_POINT('',(1.232E1,1.93E0,-4.95E0));
#3481=LINE('',#3480,#3479);
#3482=DIRECTION('',(1.E0,0.E0,0.E0));
#3483=VECTOR('',#3482,2.36E0);
#3484=CARTESIAN_POINT('',(1.232E1,1.93E0,-4.95E0));
#3485=LINE('',#3484,#3483);
#3486=DIRECTION('',(0.E0,0.E0,1.E0));
#3487=VECTOR('',#3486,1.35E0);
#3488=CARTESIAN_POINT('',(1.468E1,1.93E0,-4.95E0));
#3489=LINE('',#3488,#3487);
#3490=DIRECTION('',(1.E0,0.E0,0.E0));
#3491=VECTOR('',#3490,6.4E-1);
#3492=CARTESIAN_POINT('',(1.468E1,1.93E0,-3.6E0));
#3493=LINE('',#3492,#3491);
#3494=DIRECTION('',(0.E0,0.E0,1.E0));
#3495=VECTOR('',#3494,1.35E0);
#3496=CARTESIAN_POINT('',(1.532E1,1.93E0,-4.95E0));
#3497=LINE('',#3496,#3495);
#3498=DIRECTION('',(1.E0,0.E0,0.E0));
#3499=VECTOR('',#3498,1.645E0);
#3500=CARTESIAN_POINT('',(1.532E1,1.93E0,-4.95E0));
#3501=LINE('',#3500,#3499);
#3502=DIRECTION('',(0.E0,0.E0,1.E0));
#3503=VECTOR('',#3502,1.7E0);
#3504=CARTESIAN_POINT('',(1.6965E1,1.93E0,-4.95E0));
#3505=LINE('',#3504,#3503);
#3506=DIRECTION('',(1.E0,0.E0,0.E0));
#3507=VECTOR('',#3506,4.E-1);
#3508=CARTESIAN_POINT('',(1.6965E1,1.93E0,-3.25E0));
#3509=LINE('',#3508,#3507);
#3510=DIRECTION('',(0.E0,0.E0,1.E0));
#3511=VECTOR('',#3510,1.7E0);
#3512=CARTESIAN_POINT('',(1.7365E1,1.93E0,-4.95E0));
#3513=LINE('',#3512,#3511);
#3514=DIRECTION('',(1.E0,0.E0,0.E0));
#3515=VECTOR('',#3514,9.6E-1);
#3516=CARTESIAN_POINT('',(1.7365E1,1.93E0,-4.95E0));
#3517=LINE('',#3516,#3515);
#3518=DIRECTION('',(7.071067811865E-1,0.E0,-7.071067811865E-1));
#3519=VECTOR('',#3518,1.979898987322E0);
#3520=CARTESIAN_POINT('',(1.6925E1,1.93E0,4.95E0));
#3521=LINE('',#3520,#3519);
#3522=DIRECTION('',(7.071067811865E-1,0.E0,7.071067811865E-1));
#3523=VECTOR('',#3522,1.979898987322E0);
#3524=CARTESIAN_POINT('',(-1.8325E1,1.93E0,3.55E0));
#3525=LINE('',#3524,#3523);
#3526=DIRECTION('',(1.E0,0.E0,0.E0));
#3527=VECTOR('',#3526,9.6E-1);
#3528=CARTESIAN_POINT('',(-1.8325E1,1.93E0,-4.95E0));
#3529=LINE('',#3528,#3527);
#3530=DIRECTION('',(0.E0,0.E0,1.E0));
#3531=VECTOR('',#3530,1.7E0);
#3532=CARTESIAN_POINT('',(-1.7365E1,1.93E0,-4.95E0));
#3533=LINE('',#3532,#3531);
#3534=DIRECTION('',(1.E0,0.E0,0.E0));
#3535=VECTOR('',#3534,4.E-1);
#3536=CARTESIAN_POINT('',(-1.7365E1,1.93E0,-3.25E0));
#3537=LINE('',#3536,#3535);
#3538=DIRECTION('',(0.E0,0.E0,1.E0));
#3539=VECTOR('',#3538,1.7E0);
#3540=CARTESIAN_POINT('',(-1.6965E1,1.93E0,-4.95E0));
#3541=LINE('',#3540,#3539);
#3542=DIRECTION('',(1.E0,0.E0,0.E0));
#3543=VECTOR('',#3542,1.645E0);
#3544=CARTESIAN_POINT('',(-1.6965E1,1.93E0,-4.95E0));
#3545=LINE('',#3544,#3543);
#3546=DIRECTION('',(0.E0,1.E0,0.E0));
#3547=VECTOR('',#3546,3.8E-1);
#3548=CARTESIAN_POINT('',(-1.532E1,-1.65E0,-4.34E0));
#3549=LINE('',#3548,#3547);
#3550=CARTESIAN_POINT('',(-1.532E1,-1.65E0,-4.59E0));
#3551=DIRECTION('',(1.E0,0.E0,0.E0));
#3552=DIRECTION('',(0.E0,0.E0,1.E0));
#3553=AXIS2_PLACEMENT_3D('',#3550,#3551,#3552);
#3555=DIRECTION('',(0.E0,0.E0,-1.E0));
#3556=VECTOR('',#3555,6.8E-1);
#3557=CARTESIAN_POINT('',(-1.532E1,1.055E0,-3.6E0));
#3558=LINE('',#3557,#3556);
#3559=DIRECTION('',(0.E0,0.E0,-1.E0));
#3560=VECTOR('',#3559,8.E-2);
#3561=CARTESIAN_POINT('',(-1.532E1,-3.2E-1,-3.6E0));
#3562=LINE('',#3561,#3560);
#3563=DIRECTION('',(0.E0,-1.E0,0.E0));
#3564=VECTOR('',#3563,7.75E-1);
#3565=CARTESIAN_POINT('',(-1.532E1,-8.75E-1,-3.7E0));
#3566=LINE('',#3565,#3564);
#3567=CARTESIAN_POINT('',(-1.532E1,-1.65E0,-4.59E0));
#3568=DIRECTION('',(1.E0,0.E0,0.E0));
#3569=DIRECTION('',(0.E0,0.E0,1.E0));
#3570=AXIS2_PLACEMENT_3D('',#3567,#3568,#3569);
#3572=DIRECTION('',(-1.E0,0.E0,0.E0));
#3573=VECTOR('',#3572,6.4E-1);
#3574=CARTESIAN_POINT('',(-1.468E1,-1.65E0,-4.34E0));
#3575=LINE('',#3574,#3573);
#3576=DIRECTION('',(-1.E0,0.E0,0.E0));
#3577=VECTOR('',#3576,6.4E-1);
#3578=CARTESIAN_POINT('',(-1.468E1,-1.9E0,-4.59E0));
#3579=LINE('',#3578,#3577);
#3580=DIRECTION('',(0.E0,1.E0,0.E0));
#3581=VECTOR('',#3580,2.325E0);
#3582=CARTESIAN_POINT('',(-1.532E1,-1.27E0,-4.34E0));
#3583=LINE('',#3582,#3581);
#3584=DIRECTION('',(-8.881784197001E-14,0.E0,1.E0));
#3585=VECTOR('',#3584,6.E-2);
#3586=CARTESIAN_POINT('',(-1.532E1,1.055E0,-4.34E0));
#3587=LINE('',#3586,#3585);
#3588=DIRECTION('',(1.776356839400E-13,0.E0,-1.E0));
#3589=VECTOR('',#3588,2.E-2);
#3590=CARTESIAN_POINT('',(-1.532E1,-3.2E-1,-3.68E0));
#3591=LINE('',#3590,#3589);
#3592=DIRECTION('',(0.E0,-1.E0,0.E0));
#3593=VECTOR('',#3592,5.55E-1);
#3594=CARTESIAN_POINT('',(-1.532E1,-3.2E-1,-3.7E0));
#3595=LINE('',#3594,#3593);
#3596=CARTESIAN_POINT('',(-1.532E1,-1.65E0,-4.59E0));
#3597=DIRECTION('',(1.E0,0.E0,0.E0));
#3598=DIRECTION('',(0.E0,-3.370786516854E-2,9.994317284466E-1));
#3599=AXIS2_PLACEMENT_3D('',#3596,#3597,#3598);
#3601=DIRECTION('',(0.E0,0.E0,-1.E0));
#3602=VECTOR('',#3601,8.8E-1);
#3603=CARTESIAN_POINT('',(-1.532E1,-2.54E0,-4.59E0));
#3604=LINE('',#3603,#3602);
#3605=CARTESIAN_POINT('',(-1.532E1,-2.22E0,-5.47E0));
#3606=DIRECTION('',(1.E0,0.E0,0.E0));
#3607=DIRECTION('',(0.E0,-1.E0,0.E0));
#3608=AXIS2_PLACEMENT_3D('',#3605,#3606,#3607);
#3610=DIRECTION('',(0.E0,0.E0,1.E0));
#3611=VECTOR('',#3610,8.8E-1);
#3612=CARTESIAN_POINT('',(-1.532E1,-1.9E0,-5.47E0));
#3613=LINE('',#3612,#3611);
#3614=CARTESIAN_POINT('',(-1.532E1,-1.65E0,-4.59E0));
#3615=DIRECTION('',(-1.E0,0.E0,0.E0));
#3616=DIRECTION('',(0.E0,-1.E0,0.E0));
#3617=AXIS2_PLACEMENT_3D('',#3614,#3615,#3616);
#3619=DIRECTION('',(0.E0,1.E0,0.E0));
#3620=VECTOR('',#3619,6.4E-1);
#3621=CARTESIAN_POINT('',(-1.532E1,-3.2E-1,2.06E0));
#3622=LINE('',#3621,#3620);
#3623=DIRECTION('',(0.E0,0.E0,-1.E0));
#3624=VECTOR('',#3623,3.71E0);
#3625=CARTESIAN_POINT('',(-1.532E1,-3.2E-1,2.06E0));
#3626=LINE('',#3625,#3624);
#3627=DIRECTION('',(0.E0,0.E0,1.E0));
#3628=VECTOR('',#3627,3.71E0);
#3629=CARTESIAN_POINT('',(-1.532E1,3.2E-1,-1.65E0));
#3630=LINE('',#3629,#3628);
#3631=DIRECTION('',(-1.E0,0.E0,0.E0));
#3632=VECTOR('',#3631,6.4E-1);
#3633=CARTESIAN_POINT('',(-1.468E1,1.055E0,-4.34E0));
#3634=LINE('',#3633,#3632);
#3635=DIRECTION('',(0.E0,-1.E0,0.E0));
#3636=VECTOR('',#3635,5.55E-1);
#3637=CARTESIAN_POINT('',(-1.468E1,-3.2E-1,-3.7E0));
#3638=LINE('',#3637,#3636);
#3639=DIRECTION('',(-2.664535259100E-13,0.E0,-1.E0));
#3640=VECTOR('',#3639,2.E-2);
#3641=CARTESIAN_POINT('',(-1.468E1,-3.2E-1,-3.68E0));
#3642=LINE('',#3641,#3640);
#3643=DIRECTION('',(8.881784197001E-14,0.E0,1.E0));
#3644=VECTOR('',#3643,6.E-2);
#3645=CARTESIAN_POINT('',(-1.468E1,1.055E0,-4.34E0));
#3646=LINE('',#3645,#3644);
#3647=DIRECTION('',(0.E0,1.E0,0.E0));
#3648=VECTOR('',#3647,2.325E0);
#3649=CARTESIAN_POINT('',(-1.468E1,-1.27E0,-4.34E0));
#3650=LINE('',#3649,#3648);
#3651=CARTESIAN_POINT('',(-1.468E1,-1.65E0,-4.59E0));
#3652=DIRECTION('',(-1.E0,0.E0,0.E0));
#3653=DIRECTION('',(0.E0,-1.E0,0.E0));
#3654=AXIS2_PLACEMENT_3D('',#3651,#3652,#3653);
#3656=DIRECTION('',(0.E0,0.E0,1.E0));
#3657=VECTOR('',#3656,8.8E-1);
#3658=CARTESIAN_POINT('',(-1.468E1,-1.9E0,-5.47E0));
#3659=LINE('',#3658,#3657);
#3660=CARTESIAN_POINT('',(-1.468E1,-2.22E0,-5.47E0));
#3661=DIRECTION('',(1.E0,0.E0,0.E0));
#3662=DIRECTION('',(0.E0,-1.E0,0.E0));
#3663=AXIS2_PLACEMENT_3D('',#3660,#3661,#3662);
#3665=DIRECTION('',(0.E0,0.E0,-1.E0));
#3666=VECTOR('',#3665,8.8E-1);
#3667=CARTESIAN_POINT('',(-1.468E1,-2.54E0,-4.59E0));
#3668=LINE('',#3667,#3666);
#3669=CARTESIAN_POINT('',(-1.468E1,-1.65E0,-4.59E0));
#3670=DIRECTION('',(1.E0,0.E0,0.E0));
#3671=DIRECTION('',(0.E0,-3.370786516854E-2,9.994317284466E-1));
#3672=AXIS2_PLACEMENT_3D('',#3669,#3670,#3671);
#3674=DIRECTION('',(0.E0,-1.E0,0.E0));
#3675=VECTOR('',#3674,6.4E-1);
#3676=CARTESIAN_POINT('',(-1.468E1,3.2E-1,2.06E0));
#3677=LINE('',#3676,#3675);
#3678=DIRECTION('',(0.E0,0.E0,1.E0));
#3679=VECTOR('',#3678,3.71E0);
#3680=CARTESIAN_POINT('',(-1.468E1,3.2E-1,-1.65E0));
#3681=LINE('',#3680,#3679);
#3682=DIRECTION('',(0.E0,0.E0,-1.E0));
#3683=VECTOR('',#3682,3.71E0);
#3684=CARTESIAN_POINT('',(-1.468E1,-3.2E-1,2.06E0));
#3685=LINE('',#3684,#3683);
#3686=DIRECTION('',(-1.E0,0.E0,0.E0));
#3687=VECTOR('',#3686,6.4E-1);
#3688=CARTESIAN_POINT('',(-1.468E1,-3.2E-1,-3.7E0));
#3689=LINE('',#3688,#3687);
#3690=DIRECTION('',(-1.E0,0.E0,0.E0));
#3691=VECTOR('',#3690,6.4E-1);
#3692=CARTESIAN_POINT('',(-1.468E1,-3.2E-1,2.06E0));
#3693=LINE('',#3692,#3691);
#3694=DIRECTION('',(1.E0,0.E0,0.E0));
#3695=VECTOR('',#3694,6.4E-1);
#3696=CARTESIAN_POINT('',(-1.532E1,1.055E0,-3.6E0));
#3697=LINE('',#3696,#3695);
#3698=DIRECTION('',(0.E0,-1.E0,0.E0));
#3699=VECTOR('',#3698,8.75E-1);
#3700=CARTESIAN_POINT('',(-1.532E1,1.93E0,-3.6E0));
#3701=LINE('',#3700,#3699);
#3702=DIRECTION('',(1.E0,0.E0,0.E0));
#3703=VECTOR('',#3702,6.4E-1);
#3704=CARTESIAN_POINT('',(-1.532E1,-3.2E-1,-3.6E0));
#3705=LINE('',#3704,#3703);
#3706=DIRECTION('',(0.E0,-1.E0,0.E0));
#3707=VECTOR('',#3706,1.36E0);
#3708=CARTESIAN_POINT('',(-1.532E1,-3.2E-1,-3.6E0));
#3709=LINE('',#3708,#3707);
#3710=DIRECTION('',(0.E0,1.E0,0.E0));
#3711=VECTOR('',#3710,3.8E-1);
#3712=CARTESIAN_POINT('',(-1.468E1,-1.65E0,-4.34E0));
#3713=LINE('',#3712,#3711);
#3714=CARTESIAN_POINT('',(-1.468E1,-1.65E0,-4.59E0));
#3715=DIRECTION('',(1.E0,0.E0,0.E0));
#3716=DIRECTION('',(0.E0,0.E0,1.E0));
#3717=AXIS2_PLACEMENT_3D('',#3714,#3715,#3716);
#3719=DIRECTION('',(0.E0,0.E0,-1.E0));
#3720=VECTOR('',#3719,6.8E-1);
#3721=CARTESIAN_POINT('',(-1.468E1,1.055E0,-3.6E0));
#3722=LINE('',#3721,#3720);
#3723=DIRECTION('',(0.E0,-1.E0,0.E0));
#3724=VECTOR('',#3723,8.75E-1);
#3725=CARTESIAN_POINT('',(-1.468E1,1.93E0,-3.6E0));
#3726=LINE('',#3725,#3724);
#3727=DIRECTION('',(-4.440892098501E-14,0.E0,-1.E0));
#3728=VECTOR('',#3727,8.E-2);
#3729=CARTESIAN_POINT('',(-1.468E1,-3.2E-1,-3.6E0));
#3730=LINE('',#3729,#3728);
#3731=DIRECTION('',(0.E0,-1.E0,0.E0));
#3732=VECTOR('',#3731,1.36E0);
#3733=CARTESIAN_POINT('',(-1.468E1,-3.2E-1,-3.6E0));
#3734=LINE('',#3733,#3732);
#3735=CARTESIAN_POINT('',(-1.468E1,-1.65E0,-4.59E0));
#3736=DIRECTION('',(1.E0,0.E0,0.E0));
#3737=DIRECTION('',(0.E0,0.E0,1.E0));
#3738=AXIS2_PLACEMENT_3D('',#3735,#3736,#3737);
#3740=DIRECTION('',(0.E0,-1.E0,0.E0));
#3741=VECTOR('',#3740,7.75E-1);
#3742=CARTESIAN_POINT('',(-1.468E1,-8.75E-1,-3.7E0));
#3743=LINE('',#3742,#3741);
#3744=DIRECTION('',(-1.E0,0.E0,0.E0));
#3745=VECTOR('',#3744,3.385E1);
#3746=CARTESIAN_POINT('',(1.6925E1,-1.68E0,-3.1E0));
#3747=LINE('',#3746,#3745);
#3748=DIRECTION('',(0.E0,0.E0,-1.E0));
#3749=VECTOR('',#3748,1.85E0);
#3750=CARTESIAN_POINT('',(1.6925E1,-1.68E0,-3.1E0));
#3751=LINE('',#3750,#3749);
#3752=DIRECTION('',(0.E0,0.E0,1.E0));
#3753=VECTOR('',#3752,6.081934729198E-1);
#3754=CARTESIAN_POINT('',(1.532E1,-1.68E0,-4.95E0));
#3755=LINE('',#3754,#3753);
#3756=DIRECTION('',(0.E0,0.E0,-1.E0));
#3757=VECTOR('',#3756,6.413007653977E-1);
#3758=CARTESIAN_POINT('',(1.532E1,-1.68E0,-3.700505761683E0));
#3759=LINE('',#3758,#3757);
#3760=DIRECTION('',(0.E0,0.E0,1.E0));
#3761=VECTOR('',#3760,1.005057616825E-1);
#3762=CARTESIAN_POINT('',(1.532E1,-1.68E0,-3.700505761683E0));
#3763=LINE('',#3762,#3761);
#3764=DIRECTION('',(1.E0,0.E0,0.E0));
#3765=VECTOR('',#3764,6.4E-1);
#3766=CARTESIAN_POINT('',(1.468E1,-1.68E0,-3.6E0));
#3767=LINE('',#3766,#3765);
#3768=DIRECTION('',(0.E0,0.E0,1.E0));
#3769=VECTOR('',#3768,1.005057616825E-1);
#3770=CARTESIAN_POINT('',(1.468E1,-1.68E0,-3.700505761683E0));
#3771=LINE('',#3770,#3769);
#3772=DIRECTION('',(0.E0,0.E0,-1.E0));
#3773=VECTOR('',#3772,6.413007653977E-1);
#3774=CARTESIAN_POINT('',(1.468E1,-1.68E0,-3.700505761683E0));
#3775=LINE('',#3774,#3773);
#3776=DIRECTION('',(0.E0,0.E0,1.E0));
#3777=VECTOR('',#3776,6.081934729198E-1);
#3778=CARTESIAN_POINT('',(1.468E1,-1.68E0,-4.95E0));
#3779=LINE('',#3778,#3777);
#3780=DIRECTION('',(0.E0,0.E0,1.E0));
#3781=VECTOR('',#3780,6.081934729198E-1);
#3782=CARTESIAN_POINT('',(1.232E1,-1.68E0,-4.95E0));
#3783=LINE('',#3782,#3781);
#3784=DIRECTION('',(0.E0,0.E0,-1.E0));
#3785=VECTOR('',#3784,6.413007653977E-1);
#3786=CARTESIAN_POINT('',(1.232E1,-1.68E0,-3.700505761683E0));
#3787=LINE('',#3786,#3785);
#3788=DIRECTION('',(3.534835833614E-14,0.E0,1.E0));
#3789=VECTOR('',#3788,1.005057616825E-1);
#3790=CARTESIAN_POINT('',(1.232E1,-1.68E0,-3.700505761683E0));
#3791=LINE('',#3790,#3789);
#3792=DIRECTION('',(1.E0,0.E0,0.E0));
#3793=VECTOR('',#3792,6.4E-1);
#3794=CARTESIAN_POINT('',(1.168E1,-1.68E0,-3.6E0));
#3795=LINE('',#3794,#3793);
#3796=DIRECTION('',(-1.767417916807E-14,0.E0,1.E0));
#3797=VECTOR('',#3796,1.005057616825E-1);
#3798=CARTESIAN_POINT('',(1.168E1,-1.68E0,-3.700505761683E0));
#3799=LINE('',#3798,#3797);
#3800=DIRECTION('',(0.E0,0.E0,-1.E0));
#3801=VECTOR('',#3800,6.413007653977E-1);
#3802=CARTESIAN_POINT('',(1.168E1,-1.68E0,-3.700505761683E0));
#3803=LINE('',#3802,#3801);
#3804=DIRECTION('',(0.E0,0.E0,1.E0));
#3805=VECTOR('',#3804,6.081934729198E-1);
#3806=CARTESIAN_POINT('',(1.168E1,-1.68E0,-4.95E0));
#3807=LINE('',#3806,#3805);
#3808=DIRECTION('',(0.E0,0.E0,1.E0));
#3809=VECTOR('',#3808,6.081934729198E-1);
#3810=CARTESIAN_POINT('',(9.32E0,-1.68E0,-4.95E0));
#3811=LINE('',#3810,#3809);
#3812=DIRECTION('',(0.E0,0.E0,-1.E0));
#3813=VECTOR('',#3812,6.413007653977E-1);
#3814=CARTESIAN_POINT('',(9.32E0,-1.68E0,-3.700505761683E0));
#3815=LINE('',#3814,#3813);
#3816=DIRECTION('',(3.534835833614E-14,0.E0,1.E0));
#3817=VECTOR('',#3816,1.005057616825E-1);
#3818=CARTESIAN_POINT('',(9.32E0,-1.68E0,-3.700505761683E0));
#3819=LINE('',#3818,#3817);
#3820=DIRECTION('',(1.E0,0.E0,0.E0));
#3821=VECTOR('',#3820,6.4E-1);
#3822=CARTESIAN_POINT('',(8.68E0,-1.68E0,-3.6E0));
#3823=LINE('',#3822,#3821);
#3824=DIRECTION('',(-3.534835833614E-14,0.E0,1.E0));
#3825=VECTOR('',#3824,1.005057616825E-1);
#3826=CARTESIAN_POINT('',(8.68E0,-1.68E0,-3.700505761683E0));
#3827=LINE('',#3826,#3825);
#3828=DIRECTION('',(0.E0,0.E0,-1.E0));
#3829=VECTOR('',#3828,6.413007653977E-1);
#3830=CARTESIAN_POINT('',(8.68E0,-1.68E0,-3.700505761683E0));
#3831=LINE('',#3830,#3829);
#3832=DIRECTION('',(0.E0,0.E0,1.E0));
#3833=VECTOR('',#3832,6.081934729198E-1);
#3834=CARTESIAN_POINT('',(8.68E0,-1.68E0,-4.95E0));
#3835=LINE('',#3834,#3833);
#3836=DIRECTION('',(0.E0,0.E0,1.E0));
#3837=VECTOR('',#3836,6.081934729198E-1);
#3838=CARTESIAN_POINT('',(6.32E0,-1.68E0,-4.95E0));
#3839=LINE('',#3838,#3837);
#3840=DIRECTION('',(0.E0,0.E0,-1.E0));
#3841=VECTOR('',#3840,6.413007653977E-1);
#3842=CARTESIAN_POINT('',(6.32E0,-1.68E0,-3.700505761683E0));
#3843=LINE('',#3842,#3841);
#3844=DIRECTION('',(1.767417916807E-14,0.E0,1.E0));
#3845=VECTOR('',#3844,1.005057616825E-1);
#3846=CARTESIAN_POINT('',(6.32E0,-1.68E0,-3.700505761683E0));
#3847=LINE('',#3846,#3845);
#3848=DIRECTION('',(1.E0,0.E0,0.E0));
#3849=VECTOR('',#3848,6.4E-1);
#3850=CARTESIAN_POINT('',(5.68E0,-1.68E0,-3.6E0));
#3851=LINE('',#3850,#3849);
#3852=DIRECTION('',(-2.651126875211E-14,0.E0,1.E0));
#3853=VECTOR('',#3852,1.005057616825E-1);
#3854=CARTESIAN_POINT('',(5.68E0,-1.68E0,-3.700505761683E0));
#3855=LINE('',#3854,#3853);
#3856=DIRECTION('',(0.E0,0.E0,-1.E0));
#3857=VECTOR('',#3856,6.413007653977E-1);
#3858=CARTESIAN_POINT('',(5.68E0,-1.68E0,-3.700505761683E0));
#3859=LINE('',#3858,#3857);
#3860=DIRECTION('',(0.E0,0.E0,1.E0));
#3861=VECTOR('',#3860,6.081934729198E-1);
#3862=CARTESIAN_POINT('',(5.68E0,-1.68E0,-4.95E0));
#3863=LINE('',#3862,#3861);
#3864=DIRECTION('',(0.E0,0.E0,1.E0));
#3865=VECTOR('',#3864,6.081934729198E-1);
#3866=CARTESIAN_POINT('',(3.32E0,-1.68E0,-4.95E0));
#3867=LINE('',#3866,#3865);
#3868=DIRECTION('',(0.E0,0.E0,-1.E0));
#3869=VECTOR('',#3868,6.413007653977E-1);
#3870=CARTESIAN_POINT('',(3.32E0,-1.68E0,-3.700505761683E0));
#3871=LINE('',#3870,#3869);
#3872=DIRECTION('',(0.E0,0.E0,1.E0));
#3873=VECTOR('',#3872,1.005057616825E-1);
#3874=CARTESIAN_POINT('',(3.32E0,-1.68E0,-3.700505761683E0));
#3875=LINE('',#3874,#3873);
#3876=DIRECTION('',(1.E0,0.E0,0.E0));
#3877=VECTOR('',#3876,6.4E-1);
#3878=CARTESIAN_POINT('',(2.68E0,-1.68E0,-3.6E0));
#3879=LINE('',#3878,#3877);
#3880=DIRECTION('',(-3.534835833614E-14,0.E0,1.E0));
#3881=VECTOR('',#3880,1.005057616825E-1);
#3882=CARTESIAN_POINT('',(2.68E0,-1.68E0,-3.700505761683E0));
#3883=LINE('',#3882,#3881);
#3884=DIRECTION('',(0.E0,0.E0,-1.E0));
#3885=VECTOR('',#3884,6.413007653977E-1);
#3886=CARTESIAN_POINT('',(2.68E0,-1.68E0,-3.700505761683E0));
#3887=LINE('',#3886,#3885);
#3888=DIRECTION('',(0.E0,0.E0,1.E0));
#3889=VECTOR('',#3888,6.081934729198E-1);
#3890=CARTESIAN_POINT('',(2.68E0,-1.68E0,-4.95E0));
#3891=LINE('',#3890,#3889);
#3892=DIRECTION('',(0.E0,0.E0,1.E0));
#3893=VECTOR('',#3892,6.081934729198E-1);
#3894=CARTESIAN_POINT('',(3.2E-1,-1.68E0,-4.95E0));
#3895=LINE('',#3894,#3893);
#3896=DIRECTION('',(0.E0,0.E0,-1.E0));
#3897=VECTOR('',#3896,6.413007653977E-1);
#3898=CARTESIAN_POINT('',(3.2E-1,-1.68E0,-3.700505761683E0));
#3899=LINE('',#3898,#3897);
#3900=DIRECTION('',(1.933113346508E-14,0.E0,1.E0));
#3901=VECTOR('',#3900,1.005057616825E-1);
#3902=CARTESIAN_POINT('',(3.2E-1,-1.68E0,-3.700505761683E0));
#3903=LINE('',#3902,#3901);
#3904=DIRECTION('',(1.E0,0.E0,0.E0));
#3905=VECTOR('',#3904,6.4E-1);
#3906=CARTESIAN_POINT('',(-3.2E-1,-1.68E0,-3.6E0));
#3907=LINE('',#3906,#3905);
#3908=DIRECTION('',(-1.877881536608E-14,0.E0,1.E0));
#3909=VECTOR('',#3908,1.005057616825E-1);
#3910=CARTESIAN_POINT('',(-3.2E-1,-1.68E0,-3.700505761683E0));
#3911=LINE('',#3910,#3909);
#3912=DIRECTION('',(0.E0,0.E0,-1.E0));
#3913=VECTOR('',#3912,6.413007653977E-1);
#3914=CARTESIAN_POINT('',(-3.2E-1,-1.68E0,-3.700505761683E0));
#3915=LINE('',#3914,#3913);
#3916=DIRECTION('',(0.E0,0.E0,1.E0));
#3917=VECTOR('',#3916,6.081934729198E-1);
#3918=CARTESIAN_POINT('',(-3.2E-1,-1.68E0,-4.95E0));
#3919=LINE('',#3918,#3917);
#3920=DIRECTION('',(0.E0,0.E0,1.E0));
#3921=VECTOR('',#3920,6.081934729198E-1);
#3922=CARTESIAN_POINT('',(-2.68E0,-1.68E0,-4.95E0));
#3923=LINE('',#3922,#3921);
#3924=DIRECTION('',(0.E0,0.E0,-1.E0));
#3925=VECTOR('',#3924,6.413007653977E-1);
#3926=CARTESIAN_POINT('',(-2.68E0,-1.68E0,-3.700505761683E0));
#3927=LINE('',#3926,#3925);
#3928=DIRECTION('',(1.767417916807E-14,0.E0,1.E0));
#3929=VECTOR('',#3928,1.005057616825E-1);
#3930=CARTESIAN_POINT('',(-2.68E0,-1.68E0,-3.700505761683E0));
#3931=LINE('',#3930,#3929);
#3932=DIRECTION('',(1.E0,0.E0,0.E0));
#3933=VECTOR('',#3932,6.4E-1);
#3934=CARTESIAN_POINT('',(-3.32E0,-1.68E0,-3.6E0));
#3935=LINE('',#3934,#3933);
#3936=DIRECTION('',(-1.325563437605E-14,0.E0,1.E0));
#3937=VECTOR('',#3936,1.005057616825E-1);
#3938=CARTESIAN_POINT('',(-3.32E0,-1.68E0,-3.700505761683E0));
#3939=LINE('',#3938,#3937);
#3940=DIRECTION('',(0.E0,0.E0,-1.E0));
#3941=VECTOR('',#3940,6.413007653977E-1);
#3942=CARTESIAN_POINT('',(-3.32E0,-1.68E0,-3.700505761683E0));
#3943=LINE('',#3942,#3941);
#3944=DIRECTION('',(0.E0,0.E0,1.E0));
#3945=VECTOR('',#3944,6.081934729198E-1);
#3946=CARTESIAN_POINT('',(-3.32E0,-1.68E0,-4.95E0));
#3947=LINE('',#3946,#3945);
#3948=DIRECTION('',(0.E0,0.E0,1.E0));
#3949=VECTOR('',#3948,6.081934729198E-1);
#3950=CARTESIAN_POINT('',(-5.68E0,-1.68E0,-4.95E0));
#3951=LINE('',#3950,#3949);
#3952=DIRECTION('',(0.E0,0.E0,-1.E0));
#3953=VECTOR('',#3952,6.413007653977E-1);
#3954=CARTESIAN_POINT('',(-5.68E0,-1.68E0,-3.700505761683E0));
#3955=LINE('',#3954,#3953);
#3956=DIRECTION('',(1.767417916807E-14,0.E0,1.E0));
#3957=VECTOR('',#3956,1.005057616825E-1);
#3958=CARTESIAN_POINT('',(-5.68E0,-1.68E0,-3.700505761683E0));
#3959=LINE('',#3958,#3957);
#3960=DIRECTION('',(1.E0,0.E0,0.E0));
#3961=VECTOR('',#3960,6.4E-1);
#3962=CARTESIAN_POINT('',(-6.32E0,-1.68E0,-3.6E0));
#3963=LINE('',#3962,#3961);
#3964=DIRECTION('',(-2.651126875211E-14,0.E0,1.E0));
#3965=VECTOR('',#3964,1.005057616825E-1);
#3966=CARTESIAN_POINT('',(-6.32E0,-1.68E0,-3.700505761683E0));
#3967=LINE('',#3966,#3965);
#3968=DIRECTION('',(0.E0,0.E0,-1.E0));
#3969=VECTOR('',#3968,6.413007653977E-1);
#3970=CARTESIAN_POINT('',(-6.32E0,-1.68E0,-3.700505761683E0));
#3971=LINE('',#3970,#3969);
#3972=DIRECTION('',(0.E0,0.E0,1.E0));
#3973=VECTOR('',#3972,6.081934729198E-1);
#3974=CARTESIAN_POINT('',(-6.32E0,-1.68E0,-4.95E0));
#3975=LINE('',#3974,#3973);
#3976=DIRECTION('',(0.E0,0.E0,1.E0));
#3977=VECTOR('',#3976,6.081934729198E-1);
#3978=CARTESIAN_POINT('',(-8.68E0,-1.68E0,-4.95E0));
#3979=LINE('',#3978,#3977);
#3980=DIRECTION('',(0.E0,0.E0,-1.E0));
#3981=VECTOR('',#3980,6.413007653977E-1);
#3982=CARTESIAN_POINT('',(-8.68E0,-1.68E0,-3.700505761683E0));
#3983=LINE('',#3982,#3981);
#3984=DIRECTION('',(3.534835833614E-14,0.E0,1.E0));
#3985=VECTOR('',#3984,1.005057616825E-1);
#3986=CARTESIAN_POINT('',(-8.68E0,-1.68E0,-3.700505761683E0));
#3987=LINE('',#3986,#3985);
#3988=DIRECTION('',(1.E0,0.E0,0.E0));
#3989=VECTOR('',#3988,6.4E-1);
#3990=CARTESIAN_POINT('',(-9.32E0,-1.68E0,-3.6E0));
#3991=LINE('',#3990,#3989);
#3992=DIRECTION('',(1.767417916807E-14,0.E0,1.E0));
#3993=VECTOR('',#3992,1.005057616825E-1);
#3994=CARTESIAN_POINT('',(-9.32E0,-1.68E0,-3.700505761683E0));
#3995=LINE('',#3994,#3993);
#3996=DIRECTION('',(0.E0,0.E0,-1.E0));
#3997=VECTOR('',#3996,6.413007653977E-1);
#3998=CARTESIAN_POINT('',(-9.32E0,-1.68E0,-3.700505761683E0));
#3999=LINE('',#3998,#3997);
#4000=DIRECTION('',(0.E0,0.E0,1.E0));
#4001=VECTOR('',#4000,6.081934729198E-1);
#4002=CARTESIAN_POINT('',(-9.32E0,-1.68E0,-4.95E0));
#4003=LINE('',#4002,#4001);
#4004=DIRECTION('',(0.E0,0.E0,1.E0));
#4005=VECTOR('',#4004,6.081934729198E-1);
#4006=CARTESIAN_POINT('',(-1.168E1,-1.68E0,-4.95E0));
#4007=LINE('',#4006,#4005);
#4008=DIRECTION('',(0.E0,0.E0,-1.E0));
#4009=VECTOR('',#4008,6.413007653977E-1);
#4010=CARTESIAN_POINT('',(-1.168E1,-1.68E0,-3.700505761683E0));
#4011=LINE('',#4010,#4009);
#4012=DIRECTION('',(5.302253750421E-14,0.E0,1.E0));
#4013=VECTOR('',#4012,1.005057616825E-1);
#4014=CARTESIAN_POINT('',(-1.168E1,-1.68E0,-3.700505761683E0));
#4015=LINE('',#4014,#4013);
#4016=DIRECTION('',(1.E0,0.E0,0.E0));
#4017=VECTOR('',#4016,6.4E-1);
#4018=CARTESIAN_POINT('',(-1.232E1,-1.68E0,-3.6E0));
#4019=LINE('',#4018,#4017);
#4020=DIRECTION('',(0.E0,0.E0,1.E0));
#4021=VECTOR('',#4020,1.005057616825E-1);
#4022=CARTESIAN_POINT('',(-1.232E1,-1.68E0,-3.700505761683E0));
#4023=LINE('',#4022,#4021);
#4024=DIRECTION('',(0.E0,0.E0,-1.E0));
#4025=VECTOR('',#4024,6.413007653977E-1);
#4026=CARTESIAN_POINT('',(-1.232E1,-1.68E0,-3.700505761683E0));
#4027=LINE('',#4026,#4025);
#4028=DIRECTION('',(0.E0,0.E0,1.E0));
#4029=VECTOR('',#4028,6.081934729198E-1);
#4030=CARTESIAN_POINT('',(-1.232E1,-1.68E0,-4.95E0));
#4031=LINE('',#4030,#4029);
#4032=DIRECTION('',(0.E0,0.E0,1.E0));
#4033=VECTOR('',#4032,6.081934729198E-1);
#4034=CARTESIAN_POINT('',(-1.468E1,-1.68E0,-4.95E0));
#4035=LINE('',#4034,#4033);
#4036=DIRECTION('',(0.E0,0.E0,-1.E0));
#4037=VECTOR('',#4036,6.413007653977E-1);
#4038=CARTESIAN_POINT('',(-1.468E1,-1.68E0,-3.700505761683E0));
#4039=LINE('',#4038,#4037);
#4040=DIRECTION('',(1.767417916807E-14,0.E0,1.E0));
#4041=VECTOR('',#4040,1.005057616825E-1);
#4042=CARTESIAN_POINT('',(-1.468E1,-1.68E0,-3.700505761683E0));
#4043=LINE('',#4042,#4041);
#4044=DIRECTION('',(1.E0,0.E0,0.E0));
#4045=VECTOR('',#4044,6.4E-1);
#4046=CARTESIAN_POINT('',(-1.532E1,-1.68E0,-3.6E0));
#4047=LINE('',#4046,#4045);
#4048=DIRECTION('',(0.E0,0.E0,1.E0));
#4049=VECTOR('',#4048,1.005057616825E-1);
#4050=CARTESIAN_POINT('',(-1.532E1,-1.68E0,-3.700505761683E0));
#4051=LINE('',#4050,#4049);
#4052=DIRECTION('',(0.E0,0.E0,-1.E0));
#4053=VECTOR('',#4052,6.413007653977E-1);
#4054=CARTESIAN_POINT('',(-1.532E1,-1.68E0,-3.700505761683E0));
#4055=LINE('',#4054,#4053);
#4056=DIRECTION('',(0.E0,0.E0,1.E0));
#4057=VECTOR('',#4056,6.081934729198E-1);
#4058=CARTESIAN_POINT('',(-1.532E1,-1.68E0,-4.95E0));
#4059=LINE('',#4058,#4057);
#4060=DIRECTION('',(0.E0,0.E0,-1.E0));
#4061=VECTOR('',#4060,1.85E0);
#4062=CARTESIAN_POINT('',(-1.6925E1,-1.68E0,-3.1E0));
#4063=LINE('',#4062,#4061);
#4064=DIRECTION('',(0.E0,-1.E0,0.E0));
#4065=VECTOR('',#4064,2.5E-1);
#4066=CARTESIAN_POINT('',(-1.6925E1,-1.68E0,-3.1E0));
#4067=LINE('',#4066,#4065);
#4068=DIRECTION('',(0.E0,-1.E0,0.E0));
#4069=VECTOR('',#4068,5.E-1);
#4070=CARTESIAN_POINT('',(-1.425E1,-1.93E0,-3.1E0));
#4071=LINE('',#4070,#4069);
#4072=DIRECTION('',(0.E0,-1.E0,0.E0));
#4073=VECTOR('',#4072,5.E-1);
#4074=CARTESIAN_POINT('',(1.325E1,-1.93E0,-3.1E0));
#4075=LINE('',#4074,#4073);
#4076=DIRECTION('',(0.E0,-1.E0,0.E0));
#4077=VECTOR('',#4076,2.5E-1);
#4078=CARTESIAN_POINT('',(1.6925E1,-1.68E0,-3.1E0));
#4079=LINE('',#4078,#4077);
#4080=DIRECTION('',(2.842170943040E-14,-1.E0,0.E0));
#4081=VECTOR('',#4080,2.5E-1);
#4082=CARTESIAN_POINT('',(-1.6925E1,-1.43E0,-2.19E0));
#4083=LINE('',#4082,#4081);
#4084=DIRECTION('',(0.E0,-1.E0,0.E0));
#4085=VECTOR('',#4084,4.6E-1);
#4086=CARTESIAN_POINT('',(-1.6925E1,-1.43E0,-3.E-1));
#4087=LINE('',#4086,#4085);
#4088=DIRECTION('',(0.E0,0.E0,1.E0));
#4089=VECTOR('',#4088,1.3E0);
#4090=CARTESIAN_POINT('',(-1.6925E1,-1.89E0,-3.E-1));
#4091=LINE('',#4090,#4089);
#4092=DIRECTION('',(0.E0,-1.E0,0.E0));
#4093=VECTOR('',#4092,4.6E-1);
#4094=CARTESIAN_POINT('',(-1.6925E1,-1.43E0,1.E0));
#4095=LINE('',#4094,#4093);
#4096=DIRECTION('',(2.842170943040E-14,-1.E0,0.E0));
#4097=VECTOR('',#4096,2.5E-1);
#4098=CARTESIAN_POINT('',(-1.6925E1,-1.43E0,-2.83E0));
#4099=LINE('',#4098,#4097);
#4100=DIRECTION('',(0.E0,0.E0,1.E0));
#4101=VECTOR('',#4100,6.4E-1);
#4102=CARTESIAN_POINT('',(-1.6925E1,-1.68E0,-2.83E0));
#4103=LINE('',#4102,#4101);
#4104=DIRECTION('',(0.E0,-1.E0,0.E0));
#4105=VECTOR('',#4104,4.6E-1);
#4106=CARTESIAN_POINT('',(-1.7325E1,-1.43E0,-3.E-1));
#4107=LINE('',#4106,#4105);
#4108=CARTESIAN_POINT('',(-1.7575E1,-1.89E0,-3.E-1));
#4109=DIRECTION('',(0.E0,0.E0,-1.E0));
#4110=DIRECTION('',(1.E0,0.E0,0.E0));
#4111=AXIS2_PLACEMENT_3D('',#4108,#4109,#4110);
#4113=DIRECTION('',(-1.E0,0.E0,0.E0));
#4114=VECTOR('',#4113,2.75E0);
#4115=CARTESIAN_POINT('',(-1.7575E1,-2.14E0,-3.E-1));
#4116=LINE('',#4115,#4114);
#4117=DIRECTION('',(0.E0,-1.E0,0.E0));
#4118=VECTOR('',#4117,4.E-1);
#4119=CARTESIAN_POINT('',(-2.0325E1,-2.14E0,-3.E-1));
#4120=LINE('',#4119,#4118);
#4121=DIRECTION('',(1.E0,0.E0,0.E0));
#4122=VECTOR('',#4121,2.75E0);
#4123=CARTESIAN_POINT('',(-2.0325E1,-2.54E0,-3.E-1));
#4124=LINE('',#4123,#4122);
#4125=CARTESIAN_POINT('',(-1.7575E1,-1.89E0,-3.E-1));
#4126=DIRECTION('',(0.E0,0.E0,1.E0));
#4127=DIRECTION('',(0.E0,-1.E0,0.E0));
#4128=AXIS2_PLACEMENT_3D('',#4125,#4126,#4127);
#4130=CARTESIAN_POINT('',(1.7575E1,-1.89E0,-3.E-1));
#4131=DIRECTION('',(0.E0,0.E0,1.E0));
#4132=DIRECTION('',(-1.E0,0.E0,0.E0));
#4133=AXIS2_PLACEMENT_3D('',#4130,#4131,#4132);
#4135=DIRECTION('',(1.E0,0.E0,0.E0));
#4136=VECTOR('',#4135,2.75E0);
#4137=CARTESIAN_POINT('',(1.7575E1,-2.54E0,-3.E-1));
#4138=LINE('',#4137,#4136);
#4139=DIRECTION('',(0.E0,1.E0,0.E0));
#4140=VECTOR('',#4139,4.E-1);
#4141=CARTESIAN_POINT('',(2.0325E1,-2.54E0,-3.E-1));
#4142=LINE('',#4141,#4140);
#4143=DIRECTION('',(-1.E0,0.E0,0.E0));
#4144=VECTOR('',#4143,2.75E0);
#4145=CARTESIAN_POINT('',(2.0325E1,-2.14E0,-3.E-1));
#4146=LINE('',#4145,#4144);
#4147=CARTESIAN_POINT('',(1.7575E1,-1.89E0,-3.E-1));
#4148=DIRECTION('',(0.E0,0.E0,-1.E0));
#4149=DIRECTION('',(0.E0,-1.E0,0.E0));
#4150=AXIS2_PLACEMENT_3D('',#4147,#4148,#4149);
#4152=DIRECTION('',(0.E0,1.E0,0.E0));
#4153=VECTOR('',#4152,4.6E-1);
#4154=CARTESIAN_POINT('',(1.7325E1,-1.89E0,-3.E-1));
#4155=LINE('',#4154,#4153);
#4156=CARTESIAN_POINT('',(-1.7575E1,-1.89E0,1.E0));
#4157=DIRECTION('',(0.E0,0.E0,1.E0));
#4158=DIRECTION('',(0.E0,-1.E0,0.E0));
#4159=AXIS2_PLACEMENT_3D('',#4156,#4157,#4158);
#4161=DIRECTION('',(1.E0,0.E0,0.E0));
#4162=VECTOR('',#4161,2.75E0);
#4163=CARTESIAN_POINT('',(-2.0325E1,-2.54E0,1.E0));
#4164=LINE('',#4163,#4162);
#4165=DIRECTION('',(0.E0,-1.E0,0.E0));
#4166=VECTOR('',#4165,4.E-1);
#4167=CARTESIAN_POINT('',(-2.0325E1,-2.14E0,1.E0));
#4168=LINE('',#4167,#4166);
#4169=DIRECTION('',(-1.E0,0.E0,0.E0));
#4170=VECTOR('',#4169,2.75E0);
#4171=CARTESIAN_POINT('',(-1.7575E1,-2.14E0,1.E0));
#4172=LINE('',#4171,#4170);
#4173=CARTESIAN_POINT('',(-1.7575E1,-1.89E0,1.E0));
#4174=DIRECTION('',(0.E0,0.E0,-1.E0));
#4175=DIRECTION('',(1.E0,0.E0,0.E0));
#4176=AXIS2_PLACEMENT_3D('',#4173,#4174,#4175);
#4178=DIRECTION('',(0.E0,-1.E0,0.E0));
#4179=VECTOR('',#4178,4.6E-1);
#4180=CARTESIAN_POINT('',(-1.7325E1,-1.43E0,1.E0));
#4181=LINE('',#4180,#4179);
#4182=DIRECTION('',(0.E0,1.E0,0.E0));
#4183=VECTOR('',#4182,4.6E-1);
#4184=CARTESIAN_POINT('',(1.7325E1,-1.89E0,1.E0));
#4185=LINE('',#4184,#4183);
#4186=CARTESIAN_POINT('',(1.7575E1,-1.89E0,1.E0));
#4187=DIRECTION('',(0.E0,0.E0,-1.E0));
#4188=DIRECTION('',(0.E0,-1.E0,0.E0));
#4189=AXIS2_PLACEMENT_3D('',#4186,#4187,#4188);
#4191=DIRECTION('',(-1.E0,0.E0,0.E0));
#4192=VECTOR('',#4191,2.75E0);
#4193=CARTESIAN_POINT('',(2.0325E1,-2.14E0,1.E0));
#4194=LINE('',#4193,#4192);
#4195=DIRECTION('',(0.E0,1.E0,0.E0));
#4196=VECTOR('',#4195,4.E-1);
#4197=CARTESIAN_POINT('',(2.0325E1,-2.54E0,1.E0));
#4198=LINE('',#4197,#4196);
#4199=DIRECTION('',(1.E0,0.E0,0.E0));
#4200=VECTOR('',#4199,2.75E0);
#4201=CARTESIAN_POINT('',(1.7575E1,-2.54E0,1.E0));
#4202=LINE('',#4201,#4200);
#4203=CARTESIAN_POINT('',(1.7575E1,-1.89E0,1.E0));
#4204=DIRECTION('',(0.E0,0.E0,1.E0));
#4205=DIRECTION('',(-1.E0,0.E0,0.E0));
#4206=AXIS2_PLACEMENT_3D('',#4203,#4204,#4205);
#4208=DIRECTION('',(0.E0,0.E0,1.E0));
#4209=VECTOR('',#4208,1.3E0);
#4210=CARTESIAN_POINT('',(-1.7575E1,-2.54E0,-3.E-1));
#4211=LINE('',#4210,#4209);
#4212=DIRECTION('',(0.E0,0.E0,1.E0));
#4213=VECTOR('',#4212,1.3E0);
#4214=CARTESIAN_POINT('',(-2.0325E1,-2.54E0,-3.E-1));
#4215=LINE('',#4214,#4213);
#4216=DIRECTION('',(0.E0,0.E0,1.E0));
#4217=VECTOR('',#4216,1.3E0);
#4218=CARTESIAN_POINT('',(-2.0325E1,-2.14E0,-3.E-1));
#4219=LINE('',#4218,#4217);
#4220=DIRECTION('',(0.E0,0.E0,1.E0));
#4221=VECTOR('',#4220,1.3E0);
#4222=CARTESIAN_POINT('',(-1.7575E1,-2.14E0,-3.E-1));
#4223=LINE('',#4222,#4221);
#4224=DIRECTION('',(0.E0,0.E0,1.E0));
#4225=VECTOR('',#4224,1.3E0);
#4226=CARTESIAN_POINT('',(-1.7325E1,-1.89E0,-3.E-1));
#4227=LINE('',#4226,#4225);
#4228=DIRECTION('',(0.E0,0.E0,1.E0));
#4229=VECTOR('',#4228,1.3E0);
#4230=CARTESIAN_POINT('',(1.7325E1,-1.89E0,-3.E-1));
#4231=LINE('',#4230,#4229);
#4232=DIRECTION('',(0.E0,0.E0,1.E0));
#4233=VECTOR('',#4232,1.3E0);
#4234=CARTESIAN_POINT('',(1.7575E1,-2.14E0,-3.E-1));
#4235=LINE('',#4234,#4233);
#4236=DIRECTION('',(0.E0,0.E0,1.E0));
#4237=VECTOR('',#4236,1.3E0);
#4238=CARTESIAN_POINT('',(2.0325E1,-2.14E0,-3.E-1));
#4239=LINE('',#4238,#4237);
#4240=DIRECTION('',(0.E0,0.E0,1.E0));
#4241=VECTOR('',#4240,1.3E0);
#4242=CARTESIAN_POINT('',(2.0325E1,-2.54E0,-3.E-1));
#4243=LINE('',#4242,#4241);
#4244=DIRECTION('',(0.E0,0.E0,1.E0));
#4245=VECTOR('',#4244,1.3E0);
#4246=CARTESIAN_POINT('',(1.7575E1,-2.54E0,-3.E-1));
#4247=LINE('',#4246,#4245);
#4248=DIRECTION('',(0.E0,0.E0,-1.E0));
#4249=VECTOR('',#4248,8.05E0);
#4250=CARTESIAN_POINT('',(-1.6925E1,-1.93E0,4.95E0));
#4251=LINE('',#4250,#4249);
#4252=DIRECTION('',(1.E0,0.E0,0.E0));
#4253=VECTOR('',#4252,3.385E1);
#4254=CARTESIAN_POINT('',(-1.6925E1,-1.93E0,4.95E0));
#4255=LINE('',#4254,#4253);
#4256=DIRECTION('',(0.E0,0.E0,-1.E0));
#4257=VECTOR('',#4256,8.05E0);
#4258=CARTESIAN_POINT('',(1.6925E1,-1.93E0,4.95E0));
#4259=LINE('',#4258,#4257);
#4260=DIRECTION('',(-1.E0,0.E0,0.E0));
#4261=VECTOR('',#4260,2.675E0);
#4262=CARTESIAN_POINT('',(1.6925E1,-1.93E0,-3.1E0));
#4263=LINE('',#4262,#4261);
#4264=DIRECTION('',(0.E0,0.E0,1.E0));
#4265=VECTOR('',#4264,7.2E0);
#4266=CARTESIAN_POINT('',(1.425E1,-1.93E0,-3.1E0));
#4267=LINE('',#4266,#4265);
#4268=DIRECTION('',(-1.E0,0.E0,0.E0));
#4269=VECTOR('',#4268,1.E0);
#4270=CARTESIAN_POINT('',(1.425E1,-1.93E0,4.1E0));
#4271=LINE('',#4270,#4269);
#4272=DIRECTION('',(0.E0,0.E0,1.E0));
#4273=VECTOR('',#4272,7.2E0);
#4274=CARTESIAN_POINT('',(1.325E1,-1.93E0,-3.1E0));
#4275=LINE('',#4274,#4273);
#4276=DIRECTION('',(-1.E0,0.E0,0.E0));
#4277=VECTOR('',#4276,2.65E1);
#4278=CARTESIAN_POINT('',(1.325E1,-1.93E0,-3.1E0));
#4279=LINE('',#4278,#4277);
#4280=DIRECTION('',(0.E0,0.E0,1.E0));
#4281=VECTOR('',#4280,7.2E0);
#4282=CARTESIAN_POINT('',(-1.325E1,-1.93E0,-3.1E0));
#4283=LINE('',#4282,#4281);
#4284=DIRECTION('',(-1.E0,0.E0,0.E0));
#4285=VECTOR('',#4284,1.E0);
#4286=CARTESIAN_POINT('',(-1.325E1,-1.93E0,4.1E0));
#4287=LINE('',#4286,#4285);
#4288=DIRECTION('',(0.E0,0.E0,1.E0));
#4289=VECTOR('',#4288,7.2E0);
#4290=CARTESIAN_POINT('',(-1.425E1,-1.93E0,-3.1E0));
#4291=LINE('',#4290,#4289);
#4292=DIRECTION('',(-1.E0,0.E0,0.E0));
#4293=VECTOR('',#4292,2.675E0);
#4294=CARTESIAN_POINT('',(-1.425E1,-1.93E0,-3.1E0));
#4295=LINE('',#4294,#4293);
#4296=DIRECTION('',(0.E0,-1.E0,0.E0));
#4297=VECTOR('',#4296,5.E-1);
#4298=CARTESIAN_POINT('',(1.425E1,-1.93E0,-3.1E0));
#4299=LINE('',#4298,#4297);
#4300=DIRECTION('',(0.E0,0.E0,-1.E0));
#4301=VECTOR('',#4300,7.2E0);
#4302=CARTESIAN_POINT('',(1.325E1,-2.43E0,4.1E0));
#4303=LINE('',#4302,#4301);
#4304=DIRECTION('',(-1.E0,0.E0,0.E0));
#4305=VECTOR('',#4304,1.E0);
#4306=CARTESIAN_POINT('',(1.425E1,-2.43E0,4.1E0));
#4307=LINE('',#4306,#4305);
#4308=DIRECTION('',(0.E0,0.E0,1.E0));
#4309=VECTOR('',#4308,7.2E0);
#4310=CARTESIAN_POINT('',(1.425E1,-2.43E0,-3.1E0));
#4311=LINE('',#4310,#4309);
#4312=DIRECTION('',(1.E0,0.E0,0.E0));
#4313=VECTOR('',#4312,1.E0);
#4314=CARTESIAN_POINT('',(1.325E1,-2.43E0,-3.1E0));
#4315=LINE('',#4314,#4313);
#4316=DIRECTION('',(-1.E0,0.E0,0.E0));
#4317=VECTOR('',#4316,1.E0);
#4318=CARTESIAN_POINT('',(-1.325E1,-2.43E0,4.1E0));
#4319=LINE('',#4318,#4317);
#4320=DIRECTION('',(0.E0,0.E0,1.E0));
#4321=VECTOR('',#4320,7.2E0);
#4322=CARTESIAN_POINT('',(-1.325E1,-2.43E0,-3.1E0));
#4323=LINE('',#4322,#4321);
#4324=DIRECTION('',(1.E0,0.E0,0.E0));
#4325=VECTOR('',#4324,1.E0);
#4326=CARTESIAN_POINT('',(-1.425E1,-2.43E0,-3.1E0));
#4327=LINE('',#4326,#4325);
#4328=DIRECTION('',(0.E0,0.E0,-1.E0));
#4329=VECTOR('',#4328,7.2E0);
#4330=CARTESIAN_POINT('',(-1.425E1,-2.43E0,4.1E0));
#4331=LINE('',#4330,#4329);
#4332=DIRECTION('',(0.E0,-1.E0,0.E0));
#4333=VECTOR('',#4332,5.E-1);
#4334=CARTESIAN_POINT('',(1.325E1,-1.93E0,4.1E0));
#4335=LINE('',#4334,#4333);
#4336=DIRECTION('',(0.E0,-1.E0,0.E0));
#4337=VECTOR('',#4336,5.E-1);
#4338=CARTESIAN_POINT('',(1.425E1,-1.93E0,4.1E0));
#4339=LINE('',#4338,#4337);
#4340=DIRECTION('',(0.E0,-1.E0,0.E0));
#4341=VECTOR('',#4340,5.E-1);
#4342=CARTESIAN_POINT('',(-1.325E1,-1.93E0,4.1E0));
#4343=LINE('',#4342,#4341);
#4344=DIRECTION('',(0.E0,-1.E0,0.E0));
#4345=VECTOR('',#4344,5.E-1);
#4346=CARTESIAN_POINT('',(-1.325E1,-1.93E0,-3.1E0));
#4347=LINE('',#4346,#4345);
#4348=DIRECTION('',(0.E0,-1.E0,0.E0));
#4349=VECTOR('',#4348,5.E-1);
#4350=CARTESIAN_POINT('',(-1.425E1,-1.93E0,4.1E0));
#4351=LINE('',#4350,#4349);
#4352=DIRECTION('',(0.E0,0.E0,-1.E0));
#4353=VECTOR('',#4352,6.4E-1);
#4354=CARTESIAN_POINT('',(-1.7575E1,-2.33E0,-2.19E0));
#4355=LINE('',#4354,#4353);
#4356=DIRECTION('',(0.E0,0.E0,-1.E0));
#4357=VECTOR('',#4356,6.4E-1);
#4358=CARTESIAN_POINT('',(-1.8275E1,-2.33E0,-2.19E0));
#4359=LINE('',#4358,#4357);
#4360=DIRECTION('',(0.E0,0.E0,-1.E0));
#4361=VECTOR('',#4360,6.4E-1);
#4362=CARTESIAN_POINT('',(-1.8275E1,-1.93E0,-2.19E0));
#4363=LINE('',#4362,#4361);
#4364=DIRECTION('',(0.E0,0.E0,-1.E0));
#4365=VECTOR('',#4364,6.4E-1);
#4366=CARTESIAN_POINT('',(-1.7575E1,-1.93E0,-2.19E0));
#4367=LINE('',#4366,#4365);
#4368=DIRECTION('',(0.E0,1.E0,0.E0));
#4369=VECTOR('',#4368,3.8E-1);
#4370=CARTESIAN_POINT('',(1.532E1,-1.65E0,-4.34E0));
#4371=LINE('',#4370,#4369);
#4372=CARTESIAN_POINT('',(1.532E1,-1.65E0,-4.59E0));
#4373=DIRECTION('',(1.E0,0.E0,0.E0));
#4374=DIRECTION('',(0.E0,0.E0,1.E0));
#4375=AXIS2_PLACEMENT_3D('',#4372,#4373,#4374);
#4377=DIRECTION('',(0.E0,-1.E0,0.E0));
#4378=VECTOR('',#4377,8.75E-1);
#4379=CARTESIAN_POINT('',(1.532E1,1.93E0,-3.6E0));
#4380=LINE('',#4379,#4378);
#4381=DIRECTION('',(0.E0,0.E0,-1.E0));
#4382=VECTOR('',#4381,6.8E-1);
#4383=CARTESIAN_POINT('',(1.532E1,1.055E0,-3.6E0));
#4384=LINE('',#4383,#4382);
#4385=DIRECTION('',(-2.220446049250E-14,0.E0,-1.E0));
#4386=VECTOR('',#4385,8.E-2);
#4387=CARTESIAN_POINT('',(1.532E1,-3.2E-1,-3.6E0));
#4388=LINE('',#4387,#4386);
#4389=DIRECTION('',(0.E0,-1.E0,0.E0));
#4390=VECTOR('',#4389,1.36E0);
#4391=CARTESIAN_POINT('',(1.532E1,-3.2E-1,-3.6E0));
#4392=LINE('',#4391,#4390);
#4393=CARTESIAN_POINT('',(1.532E1,-1.65E0,-4.59E0));
#4394=DIRECTION('',(1.E0,0.E0,0.E0));
#4395=DIRECTION('',(0.E0,0.E0,1.E0));
#4396=AXIS2_PLACEMENT_3D('',#4393,#4394,#4395);
#4398=DIRECTION('',(0.E0,1.E0,0.E0));
#4399=VECTOR('',#4398,7.75E-1);
#4400=CARTESIAN_POINT('',(1.532E1,-1.65E0,-3.7E0));
#4401=LINE('',#4400,#4399);
#4402=DIRECTION('',(-1.E0,0.E0,0.E0));
#4403=VECTOR('',#4402,6.4E-1);
#4404=CARTESIAN_POINT('',(1.532E1,-1.65E0,-4.34E0));
#4405=LINE('',#4404,#4403);
#4406=CARTESIAN_POINT('',(1.468E1,-1.65E0,-4.59E0));
#4407=DIRECTION('',(1.E0,0.E0,0.E0));
#4408=DIRECTION('',(0.E0,0.E0,1.E0));
#4409=AXIS2_PLACEMENT_3D('',#4406,#4407,#4408);
#4411=DIRECTION('',(0.E0,1.E0,0.E0));
#4412=VECTOR('',#4411,3.8E-1);
#4413=CARTESIAN_POINT('',(1.468E1,-1.65E0,-4.34E0));
#4414=LINE('',#4413,#4412);
#4415=DIRECTION('',(0.E0,0.E0,-1.E0));
#4416=VECTOR('',#4415,6.8E-1);
#4417=CARTESIAN_POINT('',(1.468E1,1.055E0,-3.6E0));
#4418=LINE('',#4417,#4416);
#4419=DIRECTION('',(0.E0,0.E0,-1.E0));
#4420=VECTOR('',#4419,8.E-2);
#4421=CARTESIAN_POINT('',(1.468E1,-3.2E-1,-3.6E0));
#4422=LINE('',#4421,#4420);
#4423=DIRECTION('',(0.E0,1.E0,0.E0));
#4424=VECTOR('',#4423,7.75E-1);
#4425=CARTESIAN_POINT('',(1.468E1,-1.65E0,-3.7E0));
#4426=LINE('',#4425,#4424);
#4427=CARTESIAN_POINT('',(1.468E1,-1.65E0,-4.59E0));
#4428=DIRECTION('',(1.E0,0.E0,0.E0));
#4429=DIRECTION('',(0.E0,0.E0,1.E0));
#4430=AXIS2_PLACEMENT_3D('',#4427,#4428,#4429);
#4432=DIRECTION('',(-1.E0,0.E0,0.E0));
#4433=VECTOR('',#4432,6.4E-1);
#4434=CARTESIAN_POINT('',(1.532E1,-1.9E0,-4.59E0));
#4435=LINE('',#4434,#4433);
#4436=DIRECTION('',(0.E0,-1.E0,0.E0));
#4437=VECTOR('',#4436,5.55E-1);
#4438=CARTESIAN_POINT('',(1.468E1,-3.2E-1,-3.7E0));
#4439=LINE('',#4438,#4437);
#4440=DIRECTION('',(0.E0,1.E0,0.E0));
#4441=VECTOR('',#4440,2.325E0);
#4442=CARTESIAN_POINT('',(1.468E1,-1.27E0,-4.34E0));
#4443=LINE('',#4442,#4441);
#4444=DIRECTION('',(0.E0,0.E0,1.E0));
#4445=VECTOR('',#4444,6.E-2);
#4446=CARTESIAN_POINT('',(1.468E1,1.055E0,-4.34E0));
#4447=LINE('',#4446,#4445);
#4448=DIRECTION('',(8.881784197001E-14,0.E0,-1.E0));
#4449=VECTOR('',#4448,2.E-2);
#4450=CARTESIAN_POINT('',(1.468E1,-3.2E-1,-3.68E0));
#4451=LINE('',#4450,#4449);
#4452=CARTESIAN_POINT('',(1.468E1,-1.65E0,-4.59E0));
#4453=DIRECTION('',(1.E0,0.E0,0.E0));
#4454=DIRECTION('',(0.E0,-3.370786516854E-2,9.994317284466E-1));
#4455=AXIS2_PLACEMENT_3D('',#4452,#4453,#4454);
#4457=DIRECTION('',(0.E0,0.E0,-1.E0));
#4458=VECTOR('',#4457,8.8E-1);
#4459=CARTESIAN_POINT('',(1.468E1,-2.54E0,-4.59E0));
#4460=LINE('',#4459,#4458);
#4461=CARTESIAN_POINT('',(1.468E1,-2.22E0,-5.47E0));
#4462=DIRECTION('',(1.E0,0.E0,0.E0));
#4463=DIRECTION('',(0.E0,-1.E0,0.E0));
#4464=AXIS2_PLACEMENT_3D('',#4461,#4462,#4463);
#4466=DIRECTION('',(0.E0,0.E0,1.E0));
#4467=VECTOR('',#4466,8.8E-1);
#4468=CARTESIAN_POINT('',(1.468E1,-1.9E0,-5.47E0));
#4469=LINE('',#4468,#4467);
#4470=CARTESIAN_POINT('',(1.468E1,-1.65E0,-4.59E0));
#4471=DIRECTION('',(-1.E0,0.E0,0.E0));
#4472=DIRECTION('',(0.E0,-1.E0,0.E0));
#4473=AXIS2_PLACEMENT_3D('',#4470,#4471,#4472);
#4475=DIRECTION('',(0.E0,1.E0,0.E0));
#4476=VECTOR('',#4475,6.4E-1);
#4477=CARTESIAN_POINT('',(1.468E1,-3.2E-1,2.06E0));
#4478=LINE('',#4477,#4476);
#4479=DIRECTION('',(0.E0,0.E0,-1.E0));
#4480=VECTOR('',#4479,3.71E0);
#4481=CARTESIAN_POINT('',(1.468E1,-3.2E-1,2.06E0));
#4482=LINE('',#4481,#4480);
#4483=DIRECTION('',(0.E0,0.E0,1.E0));
#4484=VECTOR('',#4483,3.71E0);
#4485=CARTESIAN_POINT('',(1.468E1,3.2E-1,-1.65E0));
#4486=LINE('',#4485,#4484);
#4487=DIRECTION('',(-1.E0,0.E0,0.E0));
#4488=VECTOR('',#4487,6.4E-1);
#4489=CARTESIAN_POINT('',(1.532E1,-3.2E-1,-3.7E0));
#4490=LINE('',#4489,#4488);
#4491=DIRECTION('',(-1.E0,0.E0,0.E0));
#4492=VECTOR('',#4491,6.4E-1);
#4493=CARTESIAN_POINT('',(1.532E1,-3.2E-1,2.06E0));
#4494=LINE('',#4493,#4492);
#4495=DIRECTION('',(0.E0,-1.E0,0.E0));
#4496=VECTOR('',#4495,8.75E-1);
#4497=CARTESIAN_POINT('',(1.468E1,1.93E0,-3.6E0));
#4498=LINE('',#4497,#4496);
#4499=DIRECTION('',(1.E0,0.E0,0.E0));
#4500=VECTOR('',#4499,6.4E-1);
#4501=CARTESIAN_POINT('',(1.468E1,1.055E0,-3.6E0));
#4502=LINE('',#4501,#4500);
#4503=DIRECTION('',(1.E0,0.E0,0.E0));
#4504=VECTOR('',#4503,6.4E-1);
#4505=CARTESIAN_POINT('',(1.468E1,-3.2E-1,-3.6E0));
#4506=LINE('',#4505,#4504);
#4507=DIRECTION('',(0.E0,-1.E0,0.E0));
#4508=VECTOR('',#4507,1.36E0);
#4509=CARTESIAN_POINT('',(1.468E1,-3.2E-1,-3.6E0));
#4510=LINE('',#4509,#4508);
#4511=DIRECTION('',(-1.E0,0.E0,0.E0));
#4512=VECTOR('',#4511,6.4E-1);
#4513=CARTESIAN_POINT('',(1.532E1,1.055E0,-4.34E0));
#4514=LINE('',#4513,#4512);
#4515=DIRECTION('',(-3.312945782245E-1,3.312945782245E-1,8.834522085988E-1));
#4516=VECTOR('',#4515,4.527692569069E-1);
#4517=CARTESIAN_POINT('',(1.532E1,-3.2E-1,2.06E0));
#4518=LINE('',#4517,#4516);
#4519=DIRECTION('',(-3.312945782245E-1,-3.312945782245E-1,-8.834522085988E-1));
#4520=VECTOR('',#4519,4.527692569069E-1);
#4521=CARTESIAN_POINT('',(1.483E1,-1.7E-1,2.46E0));
#4522=LINE('',#4521,#4520);
#4523=DIRECTION('',(3.312945782245E-1,3.312945782245E-1,-8.834522085988E-1));
#4524=VECTOR('',#4523,4.527692569069E-1);
#4525=CARTESIAN_POINT('',(1.517E1,1.7E-1,2.46E0));
#4526=LINE('',#4525,#4524);
#4527=DIRECTION('',(-1.E0,0.E0,0.E0));
#4528=VECTOR('',#4527,3.4E-1);
#4529=CARTESIAN_POINT('',(1.517E1,-1.7E-1,2.46E0));
#4530=LINE('',#4529,#4528);
#4531=DIRECTION('',(0.E0,1.E0,0.E0));
#4532=VECTOR('',#4531,3.4E-1);
#4533=CARTESIAN_POINT('',(1.483E1,-1.7E-1,2.46E0));
#4534=LINE('',#4533,#4532);
#4535=DIRECTION('',(-1.E0,0.E0,0.E0));
#4536=VECTOR('',#4535,3.4E-1);
#4537=CARTESIAN_POINT('',(1.517E1,1.7E-1,2.46E0));
#4538=LINE('',#4537,#4536);
#4539=DIRECTION('',(0.E0,-1.E0,0.E0));
#4540=VECTOR('',#4539,3.4E-1);
#4541=CARTESIAN_POINT('',(1.517E1,1.7E-1,2.46E0));
#4542=LINE('',#4541,#4540);
#4543=DIRECTION('',(-3.312945782245E-1,3.312945782245E-1,-8.834522085988E-1));
#4544=VECTOR('',#4543,4.527692569069E-1);
#4545=CARTESIAN_POINT('',(1.483E1,1.7E-1,2.46E0));
#4546=LINE('',#4545,#4544);
#4547=DIRECTION('',(-1.E0,0.E0,0.E0));
#4548=VECTOR('',#4547,6.4E-1);
#4549=CARTESIAN_POINT('',(1.532E1,3.2E-1,2.06E0));
#4550=LINE('',#4549,#4548);
#4551=DIRECTION('',(-1.E0,0.E0,0.E0));
#4552=VECTOR('',#4551,6.4E-1);
#4553=CARTESIAN_POINT('',(1.532E1,-1.65E0,-3.7E0));
#4554=LINE('',#4553,#4552);
#4555=DIRECTION('',(-1.E0,0.E0,0.E0));
#4556=VECTOR('',#4555,6.4E-1);
#4557=CARTESIAN_POINT('',(1.532E1,-2.54E0,-4.59E0));
#4558=LINE('',#4557,#4556);
#4559=DIRECTION('',(-1.E0,0.E0,0.E0));
#4560=VECTOR('',#4559,6.4E-1);
#4561=CARTESIAN_POINT('',(1.532E1,-2.54E0,-5.47E0));
#4562=LINE('',#4561,#4560);
#4563=DIRECTION('',(-1.E0,0.E0,0.E0));
#4564=VECTOR('',#4563,6.4E-1);
#4565=CARTESIAN_POINT('',(1.532E1,-1.9E0,-5.47E0));
#4566=LINE('',#4565,#4564);
#4567=DIRECTION('',(0.E0,0.E0,-1.E0));
#4568=VECTOR('',#4567,6.8E-1);
#4569=CARTESIAN_POINT('',(1.232E1,1.055E0,-3.6E0));
#4570=LINE('',#4569,#4568);
#4571=DIRECTION('',(0.E0,-1.E0,0.E0));
#4572=VECTOR('',#4571,8.75E-1);
#4573=CARTESIAN_POINT('',(1.232E1,1.93E0,-3.6E0));
#4574=LINE('',#4573,#4572);
#4575=DIRECTION('',(0.E0,0.E0,-1.E0));
#4576=VECTOR('',#4575,8.E-2);
#4577=CARTESIAN_POINT('',(1.232E1,-3.2E-1,-3.6E0));
#4578=LINE('',#4577,#4576);
#4579=DIRECTION('',(0.E0,-1.E0,0.E0));
#4580=VECTOR('',#4579,1.36E0);
#4581=CARTESIAN_POINT('',(1.232E1,-3.2E-1,-3.6E0));
#4582=LINE('',#4581,#4580);
#4583=CARTESIAN_POINT('',(1.232E1,-1.65E0,-4.59E0));
#4584=DIRECTION('',(1.E0,0.E0,0.E0));
#4585=DIRECTION('',(0.E0,0.E0,1.E0));
#4586=AXIS2_PLACEMENT_3D('',#4583,#4584,#4585);
#4588=DIRECTION('',(0.E0,1.E0,0.E0));
#4589=VECTOR('',#4588,7.75E-1);
#4590=CARTESIAN_POINT('',(1.232E1,-1.65E0,-3.7E0));
#4591=LINE('',#4590,#4589);
#4592=DIRECTION('',(0.E0,1.E0,0.E0));
#4593=VECTOR('',#4592,3.8E-1);
#4594=CARTESIAN_POINT('',(1.232E1,-1.65E0,-4.34E0));
#4595=LINE('',#4594,#4593);
#4596=CARTESIAN_POINT('',(1.232E1,-1.65E0,-4.59E0));
#4597=DIRECTION('',(1.E0,0.E0,0.E0));
#4598=DIRECTION('',(0.E0,0.E0,1.E0));
#4599=AXIS2_PLACEMENT_3D('',#4596,#4597,#4598);
#4601=DIRECTION('',(-1.E0,0.E0,0.E0));
#4602=VECTOR('',#4601,6.4E-1);
#4603=CARTESIAN_POINT('',(1.232E1,1.055E0,-4.34E0));
#4604=LINE('',#4603,#4602);
#4605=DIRECTION('',(0.E0,0.E0,-1.E0));
#4606=VECTOR('',#4605,6.8E-1);
#4607=CARTESIAN_POINT('',(1.168E1,1.055E0,-3.6E0));
#4608=LINE('',#4607,#4606);
#4609=DIRECTION('',(4.440892098501E-14,0.E0,-1.E0));
#4610=VECTOR('',#4609,8.E-2);
#4611=CARTESIAN_POINT('',(1.168E1,-3.2E-1,-3.6E0));
#4612=LINE('',#4611,#4610);
#4613=DIRECTION('',(0.E0,1.E0,0.E0));
#4614=VECTOR('',#4613,7.75E-1);
#4615=CARTESIAN_POINT('',(1.168E1,-1.65E0,-3.7E0));
#4616=LINE('',#4615,#4614);
#4617=CARTESIAN_POINT('',(1.168E1,-1.65E0,-4.59E0));
#4618=DIRECTION('',(1.E0,0.E0,0.E0));
#4619=DIRECTION('',(0.E0,0.E0,1.E0));
#4620=AXIS2_PLACEMENT_3D('',#4617,#4618,#4619);
#4622=CARTESIAN_POINT('',(1.168E1,-1.65E0,-4.59E0));
#4623=DIRECTION('',(1.E0,0.E0,0.E0));
#4624=DIRECTION('',(0.E0,0.E0,1.E0));
#4625=AXIS2_PLACEMENT_3D('',#4622,#4623,#4624);
#4627=DIRECTION('',(0.E0,1.E0,0.E0));
#4628=VECTOR('',#4627,3.8E-1);
#4629=CARTESIAN_POINT('',(1.168E1,-1.65E0,-4.34E0));
#4630=LINE('',#4629,#4628);
#4631=DIRECTION('',(1.E0,0.E0,0.E0));
#4632=VECTOR('',#4631,6.4E-1);
#4633=CARTESIAN_POINT('',(1.168E1,1.055E0,-3.6E0));
#4634=LINE('',#4633,#4632);
#4635=DIRECTION('',(0.E0,-1.E0,0.E0));
#4636=VECTOR('',#4635,8.75E-1);
#4637=CARTESIAN_POINT('',(1.168E1,1.93E0,-3.6E0));
#4638=LINE('',#4637,#4636);
#4639=DIRECTION('',(1.E0,0.E0,0.E0));
#4640=VECTOR('',#4639,6.4E-1);
#4641=CARTESIAN_POINT('',(1.168E1,-3.2E-1,-3.6E0));
#4642=LINE('',#4641,#4640);
#4643=DIRECTION('',(0.E0,-1.E0,0.E0));
#4644=VECTOR('',#4643,1.36E0);
#4645=CARTESIAN_POINT('',(1.168E1,-3.2E-1,-3.6E0));
#4646=LINE('',#4645,#4644);
#4647=DIRECTION('',(-1.E0,0.E0,0.E0));
#4648=VECTOR('',#4647,6.4E-1);
#4649=CARTESIAN_POINT('',(1.232E1,-3.2E-1,2.06E0));
#4650=LINE('',#4649,#4648);
#4651=DIRECTION('',(0.E0,-1.E0,0.E0));
#4652=VECTOR('',#4651,5.55E-1);
#4653=CARTESIAN_POINT('',(1.232E1,-3.2E-1,-3.7E0));
#4654=LINE('',#4653,#4652);
#4655=DIRECTION('',(-1.776356839400E-13,0.E0,-1.E0));
#4656=VECTOR('',#4655,2.E-2);
#4657=CARTESIAN_POINT('',(1.232E1,-3.2E-1,-3.68E0));
#4658=LINE('',#4657,#4656);
#4659=DIRECTION('',(5.921189464668E-14,0.E0,1.E0));
#4660=VECTOR('',#4659,6.E-2);
#4661=CARTESIAN_POINT('',(1.232E1,1.055E0,-4.34E0));
#4662=LINE('',#4661,#4660);
#4663=DIRECTION('',(0.E0,1.E0,0.E0));
#4664=VECTOR('',#4663,2.325E0);
#4665=CARTESIAN_POINT('',(1.232E1,-1.27E0,-4.34E0));
#4666=LINE('',#4665,#4664);
#4667=CARTESIAN_POINT('',(1.232E1,-1.65E0,-4.59E0));
#4668=DIRECTION('',(-1.E0,0.E0,0.E0));
#4669=DIRECTION('',(0.E0,-1.E0,0.E0));
#4670=AXIS2_PLACEMENT_3D('',#4667,#4668,#4669);
#4672=DIRECTION('',(0.E0,0.E0,1.E0));
#4673=VECTOR('',#4672,8.8E-1);
#4674=CARTESIAN_POINT('',(1.232E1,-1.9E0,-5.47E0));
#4675=LINE('',#4674,#4673);
#4676=CARTESIAN_POINT('',(1.232E1,-2.22E0,-5.47E0));
#4677=DIRECTION('',(1.E0,0.E0,0.E0));
#4678=DIRECTION('',(0.E0,-1.E0,0.E0));
#4679=AXIS2_PLACEMENT_3D('',#4676,#4677,#4678);
#4681=DIRECTION('',(0.E0,0.E0,-1.E0));
#4682=VECTOR('',#4681,8.8E-1);
#4683=CARTESIAN_POINT('',(1.232E1,-2.54E0,-4.59E0));
#4684=LINE('',#4683,#4682);
#4685=CARTESIAN_POINT('',(1.232E1,-1.65E0,-4.59E0));
#4686=DIRECTION('',(1.E0,0.E0,0.E0));
#4687=DIRECTION('',(0.E0,-3.370786516854E-2,9.994317284466E-1));
#4688=AXIS2_PLACEMENT_3D('',#4685,#4686,#4687);
#4690=DIRECTION('',(0.E0,-1.E0,0.E0));
#4691=VECTOR('',#4690,6.4E-1);
#4692=CARTESIAN_POINT('',(1.232E1,3.2E-1,2.06E0));
#4693=LINE('',#4692,#4691);
#4694=DIRECTION('',(0.E0,0.E0,1.E0));
#4695=VECTOR('',#4694,3.71E0);
#4696=CARTESIAN_POINT('',(1.232E1,3.2E-1,-1.65E0));
#4697=LINE('',#4696,#4695);
#4698=DIRECTION('',(0.E0,0.E0,-1.E0));
#4699=VECTOR('',#4698,3.71E0);
#4700=CARTESIAN_POINT('',(1.232E1,-3.2E-1,2.06E0));
#4701=LINE('',#4700,#4699);
#4702=DIRECTION('',(-1.E0,0.E0,0.E0));
#4703=VECTOR('',#4702,6.4E-1);
#4704=CARTESIAN_POINT('',(1.232E1,-3.2E-1,-3.7E0));
#4705=LINE('',#4704,#4703);
#4706=DIRECTION('',(0.E0,1.E0,0.E0));
#4707=VECTOR('',#4706,2.325E0);
#4708=CARTESIAN_POINT('',(1.168E1,-1.27E0,-4.34E0));
#4709=LINE('',#4708,#4707);
#4710=DIRECTION('',(-5.921189464668E-14,0.E0,1.E0));
#4711=VECTOR('',#4710,6.E-2);
#4712=CARTESIAN_POINT('',(1.168E1,1.055E0,-4.34E0));
#4713=LINE('',#4712,#4711);
#4714=DIRECTION('',(1.776356839400E-13,0.E0,-1.E0));
#4715=VECTOR('',#4714,2.E-2);
#4716=CARTESIAN_POINT('',(1.168E1,-3.2E-1,-3.68E0));
#4717=LINE('',#4716,#4715);
#4718=DIRECTION('',(0.E0,-1.E0,0.E0));
#4719=VECTOR('',#4718,5.55E-1);
#4720=CARTESIAN_POINT('',(1.168E1,-3.2E-1,-3.7E0));
#4721=LINE('',#4720,#4719);
#4722=CARTESIAN_POINT('',(1.168E1,-1.65E0,-4.59E0));
#4723=DIRECTION('',(1.E0,0.E0,0.E0));
#4724=DIRECTION('',(0.E0,-3.370786516854E-2,9.994317284466E-1));
#4725=AXIS2_PLACEMENT_3D('',#4722,#4723,#4724);
#4727=DIRECTION('',(0.E0,0.E0,-1.E0));
#4728=VECTOR('',#4727,8.8E-1);
#4729=CARTESIAN_POINT('',(1.168E1,-2.54E0,-4.59E0));
#4730=LINE('',#4729,#4728);
#4731=CARTESIAN_POINT('',(1.168E1,-2.22E0,-5.47E0));
#4732=DIRECTION('',(1.E0,0.E0,0.E0));
#4733=DIRECTION('',(0.E0,-1.E0,0.E0));
#4734=AXIS2_PLACEMENT_3D('',#4731,#4732,#4733);
#4736=DIRECTION('',(0.E0,0.E0,1.E0));
#4737=VECTOR('',#4736,8.8E-1);
#4738=CARTESIAN_POINT('',(1.168E1,-1.9E0,-5.47E0));
#4739=LINE('',#4738,#4737);
#4740=CARTESIAN_POINT('',(1.168E1,-1.65E0,-4.59E0));
#4741=DIRECTION('',(-1.E0,0.E0,0.E0));
#4742=DIRECTION('',(0.E0,-1.E0,0.E0));
#4743=AXIS2_PLACEMENT_3D('',#4740,#4741,#4742);
#4745=DIRECTION('',(0.E0,1.E0,0.E0));
#4746=VECTOR('',#4745,6.4E-1);
#4747=CARTESIAN_POINT('',(1.168E1,-3.2E-1,2.06E0));
#4748=LINE('',#4747,#4746);
#4749=DIRECTION('',(0.E0,0.E0,-1.E0));
#4750=VECTOR('',#4749,3.71E0);
#4751=CARTESIAN_POINT('',(1.168E1,-3.2E-1,2.06E0));
#4752=LINE('',#4751,#4750);
#4753=DIRECTION('',(0.E0,0.E0,1.E0));
#4754=VECTOR('',#4753,3.71E0);
#4755=CARTESIAN_POINT('',(1.168E1,3.2E-1,-1.65E0));
#4756=LINE('',#4755,#4754);
#4757=DIRECTION('',(-1.E0,0.E0,0.E0));
#4758=VECTOR('',#4757,6.4E-1);
#4759=CARTESIAN_POINT('',(1.232E1,-1.65E0,-4.34E0));
#4760=LINE('',#4759,#4758);
#4761=DIRECTION('',(-1.E0,0.E0,0.E0));
#4762=VECTOR('',#4761,6.4E-1);
#4763=CARTESIAN_POINT('',(1.232E1,-1.9E0,-4.59E0));
#4764=LINE('',#4763,#4762);
#4765=DIRECTION('',(-1.E0,0.E0,0.E0));
#4766=VECTOR('',#4765,6.4E-1);
#4767=CARTESIAN_POINT('',(1.232E1,-1.9E0,-5.47E0));
#4768=LINE('',#4767,#4766);
#4769=DIRECTION('',(-1.E0,0.E0,0.E0));
#4770=VECTOR('',#4769,6.4E-1);
#4771=CARTESIAN_POINT('',(1.232E1,-2.54E0,-5.47E0));
#4772=LINE('',#4771,#4770);
#4773=DIRECTION('',(-1.E0,0.E0,0.E0));
#4774=VECTOR('',#4773,6.4E-1);
#4775=CARTESIAN_POINT('',(1.232E1,-2.54E0,-4.59E0));
#4776=LINE('',#4775,#4774);
#4777=DIRECTION('',(-1.E0,0.E0,0.E0));
#4778=VECTOR('',#4777,6.4E-1);
#4779=CARTESIAN_POINT('',(1.232E1,-1.65E0,-3.7E0));
#4780=LINE('',#4779,#4778);
#4781=DIRECTION('',(-3.312945782245E-1,3.312945782245E-1,-8.834522085988E-1));
#4782=VECTOR('',#4781,4.527692569069E-1);
#4783=CARTESIAN_POINT('',(1.183E1,1.7E-1,2.46E0));
#4784=LINE('',#4783,#4782);
#4785=DIRECTION('',(3.312945782245E-1,3.312945782245E-1,-8.834522085988E-1));
#4786=VECTOR('',#4785,4.527692569069E-1);
#4787=CARTESIAN_POINT('',(1.217E1,1.7E-1,2.46E0));
#4788=LINE('',#4787,#4786);
#4789=DIRECTION('',(-1.E0,0.E0,0.E0));
#4790=VECTOR('',#4789,6.4E-1);
#4791=CARTESIAN_POINT('',(1.232E1,3.2E-1,2.06E0));
#4792=LINE('',#4791,#4790);
#4793=DIRECTION('',(-1.E0,0.E0,0.E0));
#4794=VECTOR('',#4793,3.4E-1);
#4795=CARTESIAN_POINT('',(1.217E1,-1.7E-1,2.46E0));
#4796=LINE('',#4795,#4794);
#4797=DIRECTION('',(0.E0,1.E0,0.E0));
#4798=VECTOR('',#4797,3.4E-1);
#4799=CARTESIAN_POINT('',(1.183E1,-1.7E-1,2.46E0));
#4800=LINE('',#4799,#4798);
#4801=DIRECTION('',(-1.E0,0.E0,0.E0));
#4802=VECTOR('',#4801,3.4E-1);
#4803=CARTESIAN_POINT('',(1.217E1,1.7E-1,2.46E0));
#4804=LINE('',#4803,#4802);
#4805=DIRECTION('',(0.E0,-1.E0,0.E0));
#4806=VECTOR('',#4805,3.4E-1);
#4807=CARTESIAN_POINT('',(1.217E1,1.7E-1,2.46E0));
#4808=LINE('',#4807,#4806);
#4809=DIRECTION('',(-3.312945782245E-1,3.312945782245E-1,8.834522085988E-1));
#4810=VECTOR('',#4809,4.527692569069E-1);
#4811=CARTESIAN_POINT('',(1.232E1,-3.2E-1,2.06E0));
#4812=LINE('',#4811,#4810);
#4813=DIRECTION('',(-3.312945782245E-1,-3.312945782245E-1,-8.834522085988E-1));
#4814=VECTOR('',#4813,4.527692569069E-1);
#4815=CARTESIAN_POINT('',(1.183E1,-1.7E-1,2.46E0));
#4816=LINE('',#4815,#4814);
#4817=DIRECTION('',(0.E0,0.E0,-1.E0));
#4818=VECTOR('',#4817,6.8E-1);
#4819=CARTESIAN_POINT('',(9.32E0,1.055E0,-3.6E0));
#4820=LINE('',#4819,#4818);
#4821=DIRECTION('',(0.E0,-1.E0,0.E0));
#4822=VECTOR('',#4821,8.75E-1);
#4823=CARTESIAN_POINT('',(9.32E0,1.93E0,-3.6E0));
#4824=LINE('',#4823,#4822);
#4825=DIRECTION('',(0.E0,0.E0,-1.E0));
#4826=VECTOR('',#4825,8.E-2);
#4827=CARTESIAN_POINT('',(9.32E0,-3.2E-1,-3.6E0));
#4828=LINE('',#4827,#4826);
#4829=DIRECTION('',(0.E0,-1.E0,0.E0));
#4830=VECTOR('',#4829,1.36E0);
#4831=CARTESIAN_POINT('',(9.32E0,-3.2E-1,-3.6E0));
#4832=LINE('',#4831,#4830);
#4833=CARTESIAN_POINT('',(9.32E0,-1.65E0,-4.59E0));
#4834=DIRECTION('',(1.E0,0.E0,0.E0));
#4835=DIRECTION('',(0.E0,0.E0,1.E0));
#4836=AXIS2_PLACEMENT_3D('',#4833,#4834,#4835);
#4838=DIRECTION('',(0.E0,1.E0,0.E0));
#4839=VECTOR('',#4838,7.75E-1);
#4840=CARTESIAN_POINT('',(9.32E0,-1.65E0,-3.7E0));
#4841=LINE('',#4840,#4839);
#4842=DIRECTION('',(0.E0,1.E0,0.E0));
#4843=VECTOR('',#4842,3.8E-1);
#4844=CARTESIAN_POINT('',(9.32E0,-1.65E0,-4.34E0));
#4845=LINE('',#4844,#4843);
#4846=CARTESIAN_POINT('',(9.32E0,-1.65E0,-4.59E0));
#4847=DIRECTION('',(1.E0,0.E0,0.E0));
#4848=DIRECTION('',(0.E0,0.E0,1.E0));
#4849=AXIS2_PLACEMENT_3D('',#4846,#4847,#4848);
#4851=DIRECTION('',(-1.E0,0.E0,0.E0));
#4852=VECTOR('',#4851,6.4E-1);
#4853=CARTESIAN_POINT('',(9.32E0,1.055E0,-4.34E0));
#4854=LINE('',#4853,#4852);
#4855=DIRECTION('',(0.E0,0.E0,-1.E0));
#4856=VECTOR('',#4855,6.8E-1);
#4857=CARTESIAN_POINT('',(8.68E0,1.055E0,-3.6E0));
#4858=LINE('',#4857,#4856);
#4859=DIRECTION('',(2.220446049250E-14,0.E0,-1.E0));
#4860=VECTOR('',#4859,8.E-2);
#4861=CARTESIAN_POINT('',(8.68E0,-3.2E-1,-3.6E0));
#4862=LINE('',#4861,#4860);
#4863=DIRECTION('',(0.E0,1.E0,0.E0));
#4864=VECTOR('',#4863,7.75E-1);
#4865=CARTESIAN_POINT('',(8.68E0,-1.65E0,-3.7E0));
#4866=LINE('',#4865,#4864);
#4867=CARTESIAN_POINT('',(8.68E0,-1.65E0,-4.59E0));
#4868=DIRECTION('',(1.E0,0.E0,0.E0));
#4869=DIRECTION('',(0.E0,0.E0,1.E0));
#4870=AXIS2_PLACEMENT_3D('',#4867,#4868,#4869);
#4872=CARTESIAN_POINT('',(8.68E0,-1.65E0,-4.59E0));
#4873=DIRECTION('',(1.E0,0.E0,0.E0));
#4874=DIRECTION('',(0.E0,0.E0,1.E0));
#4875=AXIS2_PLACEMENT_3D('',#4872,#4873,#4874);
#4877=DIRECTION('',(0.E0,1.E0,0.E0));
#4878=VECTOR('',#4877,3.8E-1);
#4879=CARTESIAN_POINT('',(8.68E0,-1.65E0,-4.34E0));
#4880=LINE('',#4879,#4878);
#4881=DIRECTION('',(1.E0,0.E0,0.E0));
#4882=VECTOR('',#4881,6.4E-1);
#4883=CARTESIAN_POINT('',(8.68E0,1.055E0,-3.6E0));
#4884=LINE('',#4883,#4882);
#4885=DIRECTION('',(0.E0,-1.E0,0.E0));
#4886=VECTOR('',#4885,8.75E-1);
#4887=CARTESIAN_POINT('',(8.68E0,1.93E0,-3.6E0));
#4888=LINE('',#4887,#4886);
#4889=DIRECTION('',(1.E0,0.E0,0.E0));
#4890=VECTOR('',#4889,6.4E-1);
#4891=CARTESIAN_POINT('',(8.68E0,-3.2E-1,-3.6E0));
#4892=LINE('',#4891,#4890);
#4893=DIRECTION('',(0.E0,-1.E0,0.E0));
#4894=VECTOR('',#4893,1.36E0);
#4895=CARTESIAN_POINT('',(8.68E0,-3.2E-1,-3.6E0));
#4896=LINE('',#4895,#4894);
#4897=DIRECTION('',(-1.E0,0.E0,0.E0));
#4898=VECTOR('',#4897,6.4E-1);
#4899=CARTESIAN_POINT('',(9.32E0,-3.2E-1,2.06E0));
#4900=LINE('',#4899,#4898);
#4901=DIRECTION('',(0.E0,-1.E0,0.E0));
#4902=VECTOR('',#4901,5.55E-1);
#4903=CARTESIAN_POINT('',(9.32E0,-3.2E-1,-3.7E0));
#4904=LINE('',#4903,#4902);
#4905=DIRECTION('',(-1.776356839400E-13,0.E0,-1.E0));
#4906=VECTOR('',#4905,2.E-2);
#4907=CARTESIAN_POINT('',(9.32E0,-3.2E-1,-3.68E0));
#4908=LINE('',#4907,#4906);
#4909=DIRECTION('',(5.921189464668E-14,0.E0,1.E0));
#4910=VECTOR('',#4909,6.E-2);
#4911=CARTESIAN_POINT('',(9.32E0,1.055E0,-4.34E0));
#4912=LINE('',#4911,#4910);
#4913=DIRECTION('',(0.E0,1.E0,0.E0));
#4914=VECTOR('',#4913,2.325E0);
#4915=CARTESIAN_POINT('',(9.32E0,-1.27E0,-4.34E0));
#4916=LINE('',#4915,#4914);
#4917=CARTESIAN_POINT('',(9.32E0,-1.65E0,-4.59E0));
#4918=DIRECTION('',(-1.E0,0.E0,0.E0));
#4919=DIRECTION('',(0.E0,-1.E0,0.E0));
#4920=AXIS2_PLACEMENT_3D('',#4917,#4918,#4919);
#4922=DIRECTION('',(0.E0,0.E0,1.E0));
#4923=VECTOR('',#4922,8.8E-1);
#4924=CARTESIAN_POINT('',(9.32E0,-1.9E0,-5.47E0));
#4925=LINE('',#4924,#4923);
#4926=CARTESIAN_POINT('',(9.32E0,-2.22E0,-5.47E0));
#4927=DIRECTION('',(1.E0,0.E0,0.E0));
#4928=DIRECTION('',(0.E0,-1.E0,0.E0));
#4929=AXIS2_PLACEMENT_3D('',#4926,#4927,#4928);
#4931=DIRECTION('',(0.E0,0.E0,-1.E0));
#4932=VECTOR('',#4931,8.8E-1);
#4933=CARTESIAN_POINT('',(9.32E0,-2.54E0,-4.59E0));
#4934=LINE('',#4933,#4932);
#4935=CARTESIAN_POINT('',(9.32E0,-1.65E0,-4.59E0));
#4936=DIRECTION('',(1.E0,0.E0,0.E0));
#4937=DIRECTION('',(0.E0,-3.370786516854E-2,9.994317284466E-1));
#4938=AXIS2_PLACEMENT_3D('',#4935,#4936,#4937);
#4940=DIRECTION('',(0.E0,-1.E0,0.E0));
#4941=VECTOR('',#4940,6.4E-1);
#4942=CARTESIAN_POINT('',(9.32E0,3.2E-1,2.06E0));
#4943=LINE('',#4942,#4941);
#4944=DIRECTION('',(0.E0,0.E0,1.E0));
#4945=VECTOR('',#4944,3.71E0);
#4946=CARTESIAN_POINT('',(9.32E0,3.2E-1,-1.65E0));
#4947=LINE('',#4946,#4945);
#4948=DIRECTION('',(0.E0,0.E0,-1.E0));
#4949=VECTOR('',#4948,3.71E0);
#4950=CARTESIAN_POINT('',(9.32E0,-3.2E-1,2.06E0));
#4951=LINE('',#4950,#4949);
#4952=DIRECTION('',(-1.E0,0.E0,0.E0));
#4953=VECTOR('',#4952,6.4E-1);
#4954=CARTESIAN_POINT('',(9.32E0,-3.2E-1,-3.7E0));
#4955=LINE('',#4954,#4953);
#4956=DIRECTION('',(0.E0,1.E0,0.E0));
#4957=VECTOR('',#4956,2.325E0);
#4958=CARTESIAN_POINT('',(8.68E0,-1.27E0,-4.34E0));
#4959=LINE('',#4958,#4957);
#4960=DIRECTION('',(-5.921189464668E-14,0.E0,1.E0));
#4961=VECTOR('',#4960,6.E-2);
#4962=CARTESIAN_POINT('',(8.68E0,1.055E0,-4.34E0));
#4963=LINE('',#4962,#4961);
#4964=DIRECTION('',(1.776356839400E-13,0.E0,-1.E0));
#4965=VECTOR('',#4964,2.E-2);
#4966=CARTESIAN_POINT('',(8.68E0,-3.2E-1,-3.68E0));
#4967=LINE('',#4966,#4965);
#4968=DIRECTION('',(0.E0,-1.E0,0.E0));
#4969=VECTOR('',#4968,5.55E-1);
#4970=CARTESIAN_POINT('',(8.68E0,-3.2E-1,-3.7E0));
#4971=LINE('',#4970,#4969);
#4972=CARTESIAN_POINT('',(8.68E0,-1.65E0,-4.59E0));
#4973=DIRECTION('',(1.E0,0.E0,0.E0));
#4974=DIRECTION('',(0.E0,-3.370786516854E-2,9.994317284466E-1));
#4975=AXIS2_PLACEMENT_3D('',#4972,#4973,#4974);
#4977=DIRECTION('',(0.E0,0.E0,-1.E0));
#4978=VECTOR('',#4977,8.8E-1);
#4979=CARTESIAN_POINT('',(8.68E0,-2.54E0,-4.59E0));
#4980=LINE('',#4979,#4978);
#4981=CARTESIAN_POINT('',(8.68E0,-2.22E0,-5.47E0));
#4982=DIRECTION('',(1.E0,0.E0,0.E0));
#4983=DIRECTION('',(0.E0,-1.E0,0.E0));
#4984=AXIS2_PLACEMENT_3D('',#4981,#4982,#4983);
#4986=DIRECTION('',(0.E0,0.E0,1.E0));
#4987=VECTOR('',#4986,8.8E-1);
#4988=CARTESIAN_POINT('',(8.68E0,-1.9E0,-5.47E0));
#4989=LINE('',#4988,#4987);
#4990=CARTESIAN_POINT('',(8.68E0,-1.65E0,-4.59E0));
#4991=DIRECTION('',(-1.E0,0.E0,0.E0));
#4992=DIRECTION('',(0.E0,-1.E0,0.E0));
#4993=AXIS2_PLACEMENT_3D('',#4990,#4991,#4992);
#4995=DIRECTION('',(0.E0,1.E0,0.E0));
#4996=VECTOR('',#4995,6.4E-1);
#4997=CARTESIAN_POINT('',(8.68E0,-3.2E-1,2.06E0));
#4998=LINE('',#4997,#4996);
#4999=DIRECTION('',(0.E0,0.E0,-1.E0));
#5000=VECTOR('',#4999,3.71E0);
#5001=CARTESIAN_POINT('',(8.68E0,-3.2E-1,2.06E0));
#5002=LINE('',#5001,#5000);
#5003=DIRECTION('',(0.E0,0.E0,1.E0));
#5004=VECTOR('',#5003,3.71E0);
#5005=CARTESIAN_POINT('',(8.68E0,3.2E-1,-1.65E0));
#5006=LINE('',#5005,#5004);
#5007=DIRECTION('',(-1.E0,0.E0,0.E0));
#5008=VECTOR('',#5007,6.4E-1);
#5009=CARTESIAN_POINT('',(9.32E0,-1.65E0,-4.34E0));
#5010=LINE('',#5009,#5008);
#5011=DIRECTION('',(-1.E0,0.E0,0.E0));
#5012=VECTOR('',#5011,6.4E-1);
#5013=CARTESIAN_POINT('',(9.32E0,-1.9E0,-4.59E0));
#5014=LINE('',#5013,#5012);
#5015=DIRECTION('',(-1.E0,0.E0,0.E0));
#5016=VECTOR('',#5015,6.4E-1);
#5017=CARTESIAN_POINT('',(9.32E0,-1.9E0,-5.47E0));
#5018=LINE('',#5017,#5016);
#5019=DIRECTION('',(-1.E0,0.E0,0.E0));
#5020=VECTOR('',#5019,6.4E-1);
#5021=CARTESIAN_POINT('',(9.32E0,-2.54E0,-5.47E0));
#5022=LINE('',#5021,#5020);
#5023=DIRECTION('',(-1.E0,0.E0,0.E0));
#5024=VECTOR('',#5023,6.4E-1);
#5025=CARTESIAN_POINT('',(9.32E0,-2.54E0,-4.59E0));
#5026=LINE('',#5025,#5024);
#5027=DIRECTION('',(-1.E0,0.E0,0.E0));
#5028=VECTOR('',#5027,6.4E-1);
#5029=CARTESIAN_POINT('',(9.32E0,-1.65E0,-3.7E0));
#5030=LINE('',#5029,#5028);
#5031=DIRECTION('',(-3.312945782245E-1,3.312945782245E-1,-8.834522085988E-1));
#5032=VECTOR('',#5031,4.527692569069E-1);
#5033=CARTESIAN_POINT('',(8.83E0,1.7E-1,2.46E0));
#5034=LINE('',#5033,#5032);
#5035=DIRECTION('',(3.312945782245E-1,3.312945782245E-1,-8.834522085988E-1));
#5036=VECTOR('',#5035,4.527692569069E-1);
#5037=CARTESIAN_POINT('',(9.17E0,1.7E-1,2.46E0));
#5038=LINE('',#5037,#5036);
#5039=DIRECTION('',(-1.E0,0.E0,0.E0));
#5040=VECTOR('',#5039,6.4E-1);
#5041=CARTESIAN_POINT('',(9.32E0,3.2E-1,2.06E0));
#5042=LINE('',#5041,#5040);
#5043=DIRECTION('',(-1.E0,0.E0,0.E0));
#5044=VECTOR('',#5043,3.4E-1);
#5045=CARTESIAN_POINT('',(9.17E0,-1.7E-1,2.46E0));
#5046=LINE('',#5045,#5044);
#5047=DIRECTION('',(0.E0,1.E0,0.E0));
#5048=VECTOR('',#5047,3.4E-1);
#5049=CARTESIAN_POINT('',(8.83E0,-1.7E-1,2.46E0));
#5050=LINE('',#5049,#5048);
#5051=DIRECTION('',(-1.E0,0.E0,0.E0));
#5052=VECTOR('',#5051,3.4E-1);
#5053=CARTESIAN_POINT('',(9.17E0,1.7E-1,2.46E0));
#5054=LINE('',#5053,#5052);
#5055=DIRECTION('',(0.E0,-1.E0,0.E0));
#5056=VECTOR('',#5055,3.4E-1);
#5057=CARTESIAN_POINT('',(9.17E0,1.7E-1,2.46E0));
#5058=LINE('',#5057,#5056);
#5059=DIRECTION('',(-3.312945782245E-1,3.312945782245E-1,8.834522085988E-1));
#5060=VECTOR('',#5059,4.527692569069E-1);
#5061=CARTESIAN_POINT('',(9.32E0,-3.2E-1,2.06E0));
#5062=LINE('',#5061,#5060);
#5063=DIRECTION('',(-3.312945782245E-1,-3.312945782245E-1,-8.834522085988E-1));
#5064=VECTOR('',#5063,4.527692569069E-1);
#5065=CARTESIAN_POINT('',(8.83E0,-1.7E-1,2.46E0));
#5066=LINE('',#5065,#5064);
#5067=DIRECTION('',(0.E0,0.E0,-1.E0));
#5068=VECTOR('',#5067,6.8E-1);
#5069=CARTESIAN_POINT('',(6.32E0,1.055E0,-3.6E0));
#5070=LINE('',#5069,#5068);
#5071=DIRECTION('',(0.E0,-1.E0,0.E0));
#5072=VECTOR('',#5071,8.75E-1);
#5073=CARTESIAN_POINT('',(6.32E0,1.93E0,-3.6E0));
#5074=LINE('',#5073,#5072);
#5075=DIRECTION('',(0.E0,0.E0,-1.E0));
#5076=VECTOR('',#5075,8.E-2);
#5077=CARTESIAN_POINT('',(6.32E0,-3.2E-1,-3.6E0));
#5078=LINE('',#5077,#5076);
#5079=DIRECTION('',(0.E0,-1.E0,0.E0));
#5080=VECTOR('',#5079,1.36E0);
#5081=CARTESIAN_POINT('',(6.32E0,-3.2E-1,-3.6E0));
#5082=LINE('',#5081,#5080);
#5083=CARTESIAN_POINT('',(6.32E0,-1.65E0,-4.59E0));
#5084=DIRECTION('',(1.E0,0.E0,0.E0));
#5085=DIRECTION('',(0.E0,0.E0,1.E0));
#5086=AXIS2_PLACEMENT_3D('',#5083,#5084,#5085);
#5088=DIRECTION('',(0.E0,1.E0,0.E0));
#5089=VECTOR('',#5088,7.75E-1);
#5090=CARTESIAN_POINT('',(6.32E0,-1.65E0,-3.7E0));
#5091=LINE('',#5090,#5089);
#5092=DIRECTION('',(0.E0,1.E0,0.E0));
#5093=VECTOR('',#5092,3.8E-1);
#5094=CARTESIAN_POINT('',(6.32E0,-1.65E0,-4.34E0));
#5095=LINE('',#5094,#5093);
#5096=CARTESIAN_POINT('',(6.32E0,-1.65E0,-4.59E0));
#5097=DIRECTION('',(1.E0,0.E0,0.E0));
#5098=DIRECTION('',(0.E0,0.E0,1.E0));
#5099=AXIS2_PLACEMENT_3D('',#5096,#5097,#5098);
#5101=DIRECTION('',(-1.E0,0.E0,0.E0));
#5102=VECTOR('',#5101,6.4E-1);
#5103=CARTESIAN_POINT('',(6.32E0,1.055E0,-4.34E0));
#5104=LINE('',#5103,#5102);
#5105=DIRECTION('',(0.E0,0.E0,-1.E0));
#5106=VECTOR('',#5105,6.8E-1);
#5107=CARTESIAN_POINT('',(5.68E0,1.055E0,-3.6E0));
#5108=LINE('',#5107,#5106);
#5109=DIRECTION('',(2.220446049250E-14,0.E0,-1.E0));
#5110=VECTOR('',#5109,8.E-2);
#5111=CARTESIAN_POINT('',(5.68E0,-3.2E-1,-3.6E0));
#5112=LINE('',#5111,#5110);
#5113=DIRECTION('',(0.E0,1.E0,0.E0));
#5114=VECTOR('',#5113,7.75E-1);
#5115=CARTESIAN_POINT('',(5.68E0,-1.65E0,-3.7E0));
#5116=LINE('',#5115,#5114);
#5117=CARTESIAN_POINT('',(5.68E0,-1.65E0,-4.59E0));
#5118=DIRECTION('',(1.E0,0.E0,0.E0));
#5119=DIRECTION('',(0.E0,0.E0,1.E0));
#5120=AXIS2_PLACEMENT_3D('',#5117,#5118,#5119);
#5122=CARTESIAN_POINT('',(5.68E0,-1.65E0,-4.59E0));
#5123=DIRECTION('',(1.E0,0.E0,0.E0));
#5124=DIRECTION('',(0.E0,0.E0,1.E0));
#5125=AXIS2_PLACEMENT_3D('',#5122,#5123,#5124);
#5127=DIRECTION('',(0.E0,1.E0,0.E0));
#5128=VECTOR('',#5127,3.8E-1);
#5129=CARTESIAN_POINT('',(5.68E0,-1.65E0,-4.34E0));
#5130=LINE('',#5129,#5128);
#5131=DIRECTION('',(1.E0,0.E0,0.E0));
#5132=VECTOR('',#5131,6.4E-1);
#5133=CARTESIAN_POINT('',(5.68E0,1.055E0,-3.6E0));
#5134=LINE('',#5133,#5132);
#5135=DIRECTION('',(0.E0,-1.E0,0.E0));
#5136=VECTOR('',#5135,8.75E-1);
#5137=CARTESIAN_POINT('',(5.68E0,1.93E0,-3.6E0));
#5138=LINE('',#5137,#5136);
#5139=DIRECTION('',(1.E0,0.E0,0.E0));
#5140=VECTOR('',#5139,6.4E-1);
#5141=CARTESIAN_POINT('',(5.68E0,-3.2E-1,-3.6E0));
#5142=LINE('',#5141,#5140);
#5143=DIRECTION('',(0.E0,-1.E0,0.E0));
#5144=VECTOR('',#5143,1.36E0);
#5145=CARTESIAN_POINT('',(5.68E0,-3.2E-1,-3.6E0));
#5146=LINE('',#5145,#5144);
#5147=DIRECTION('',(-1.E0,0.E0,0.E0));
#5148=VECTOR('',#5147,6.4E-1);
#5149=CARTESIAN_POINT('',(6.32E0,-3.2E-1,2.06E0));
#5150=LINE('',#5149,#5148);
#5151=DIRECTION('',(0.E0,-1.E0,0.E0));
#5152=VECTOR('',#5151,5.55E-1);
#5153=CARTESIAN_POINT('',(6.32E0,-3.2E-1,-3.7E0));
#5154=LINE('',#5153,#5152);
#5155=DIRECTION('',(-1.332267629550E-13,0.E0,-1.E0));
#5156=VECTOR('',#5155,2.E-2);
#5157=CARTESIAN_POINT('',(6.32E0,-3.2E-1,-3.68E0));
#5158=LINE('',#5157,#5156);
#5159=DIRECTION('',(4.440892098501E-14,0.E0,1.E0));
#5160=VECTOR('',#5159,6.E-2);
#5161=CARTESIAN_POINT('',(6.32E0,1.055E0,-4.34E0));
#5162=LINE('',#5161,#5160);
#5163=DIRECTION('',(0.E0,1.E0,0.E0));
#5164=VECTOR('',#5163,2.325E0);
#5165=CARTESIAN_POINT('',(6.32E0,-1.27E0,-4.34E0));
#5166=LINE('',#5165,#5164);
#5167=CARTESIAN_POINT('',(6.32E0,-1.65E0,-4.59E0));
#5168=DIRECTION('',(-1.E0,0.E0,0.E0));
#5169=DIRECTION('',(0.E0,-1.E0,0.E0));
#5170=AXIS2_PLACEMENT_3D('',#5167,#5168,#5169);
#5172=DIRECTION('',(0.E0,0.E0,1.E0));
#5173=VECTOR('',#5172,8.8E-1);
#5174=CARTESIAN_POINT('',(6.32E0,-1.9E0,-5.47E0));
#5175=LINE('',#5174,#5173);
#5176=CARTESIAN_POINT('',(6.32E0,-2.22E0,-5.47E0));
#5177=DIRECTION('',(1.E0,0.E0,0.E0));
#5178=DIRECTION('',(0.E0,-1.E0,0.E0));
#5179=AXIS2_PLACEMENT_3D('',#5176,#5177,#5178);
#5181=DIRECTION('',(0.E0,0.E0,-1.E0));
#5182=VECTOR('',#5181,8.8E-1);
#5183=CARTESIAN_POINT('',(6.32E0,-2.54E0,-4.59E0));
#5184=LINE('',#5183,#5182);
#5185=CARTESIAN_POINT('',(6.32E0,-1.65E0,-4.59E0));
#5186=DIRECTION('',(1.E0,0.E0,0.E0));
#5187=DIRECTION('',(0.E0,-3.370786516854E-2,9.994317284466E-1));
#5188=AXIS2_PLACEMENT_3D('',#5185,#5186,#5187);
#5190=DIRECTION('',(0.E0,-1.E0,0.E0));
#5191=VECTOR('',#5190,6.4E-1);
#5192=CARTESIAN_POINT('',(6.32E0,3.2E-1,2.06E0));
#5193=LINE('',#5192,#5191);
#5194=DIRECTION('',(0.E0,0.E0,1.E0));
#5195=VECTOR('',#5194,3.71E0);
#5196=CARTESIAN_POINT('',(6.32E0,3.2E-1,-1.65E0));
#5197=LINE('',#5196,#5195);
#5198=DIRECTION('',(0.E0,0.E0,-1.E0));
#5199=VECTOR('',#5198,3.71E0);
#5200=CARTESIAN_POINT('',(6.32E0,-3.2E-1,2.06E0));
#5201=LINE('',#5200,#5199);
#5202=DIRECTION('',(-1.E0,0.E0,0.E0));
#5203=VECTOR('',#5202,6.4E-1);
#5204=CARTESIAN_POINT('',(6.32E0,-3.2E-1,-3.7E0));
#5205=LINE('',#5204,#5203);
#5206=DIRECTION('',(0.E0,1.E0,0.E0));
#5207=VECTOR('',#5206,2.325E0);
#5208=CARTESIAN_POINT('',(5.68E0,-1.27E0,-4.34E0));
#5209=LINE('',#5208,#5207);
#5210=DIRECTION('',(-5.921189464668E-14,0.E0,1.E0));
#5211=VECTOR('',#5210,6.E-2);
#5212=CARTESIAN_POINT('',(5.68E0,1.055E0,-4.34E0));
#5213=LINE('',#5212,#5211);
#5214=DIRECTION('',(1.776356839400E-13,0.E0,-1.E0));
#5215=VECTOR('',#5214,2.E-2);
#5216=CARTESIAN_POINT('',(5.68E0,-3.2E-1,-3.68E0));
#5217=LINE('',#5216,#5215);
#5218=DIRECTION('',(0.E0,-1.E0,0.E0));
#5219=VECTOR('',#5218,5.55E-1);
#5220=CARTESIAN_POINT('',(5.68E0,-3.2E-1,-3.7E0));
#5221=LINE('',#5220,#5219);
#5222=CARTESIAN_POINT('',(5.68E0,-1.65E0,-4.59E0));
#5223=DIRECTION('',(1.E0,0.E0,0.E0));
#5224=DIRECTION('',(0.E0,-3.370786516854E-2,9.994317284466E-1));
#5225=AXIS2_PLACEMENT_3D('',#5222,#5223,#5224);
#5227=DIRECTION('',(0.E0,0.E0,-1.E0));
#5228=VECTOR('',#5227,8.8E-1);
#5229=CARTESIAN_POINT('',(5.68E0,-2.54E0,-4.59E0));
#5230=LINE('',#5229,#5228);
#5231=CARTESIAN_POINT('',(5.68E0,-2.22E0,-5.47E0));
#5232=DIRECTION('',(1.E0,0.E0,0.E0));
#5233=DIRECTION('',(0.E0,-1.E0,0.E0));
#5234=AXIS2_PLACEMENT_3D('',#5231,#5232,#5233);
#5236=DIRECTION('',(0.E0,0.E0,1.E0));
#5237=VECTOR('',#5236,8.8E-1);
#5238=CARTESIAN_POINT('',(5.68E0,-1.9E0,-5.47E0));
#5239=LINE('',#5238,#5237);
#5240=CARTESIAN_POINT('',(5.68E0,-1.65E0,-4.59E0));
#5241=DIRECTION('',(-1.E0,0.E0,0.E0));
#5242=DIRECTION('',(0.E0,-1.E0,0.E0));
#5243=AXIS2_PLACEMENT_3D('',#5240,#5241,#5242);
#5245=DIRECTION('',(0.E0,1.E0,0.E0));
#5246=VECTOR('',#5245,6.4E-1);
#5247=CARTESIAN_POINT('',(5.68E0,-3.2E-1,2.06E0));
#5248=LINE('',#5247,#5246);
#5249=DIRECTION('',(0.E0,0.E0,-1.E0));
#5250=VECTOR('',#5249,3.71E0);
#5251=CARTESIAN_POINT('',(5.68E0,-3.2E-1,2.06E0));
#5252=LINE('',#5251,#5250);
#5253=DIRECTION('',(0.E0,0.E0,1.E0));
#5254=VECTOR('',#5253,3.71E0);
#5255=CARTESIAN_POINT('',(5.68E0,3.2E-1,-1.65E0));
#5256=LINE('',#5255,#5254);
#5257=DIRECTION('',(-1.E0,0.E0,0.E0));
#5258=VECTOR('',#5257,6.4E-1);
#5259=CARTESIAN_POINT('',(6.32E0,-1.65E0,-4.34E0));
#5260=LINE('',#5259,#5258);
#5261=DIRECTION('',(-1.E0,0.E0,0.E0));
#5262=VECTOR('',#5261,6.4E-1);
#5263=CARTESIAN_POINT('',(6.32E0,-1.9E0,-4.59E0));
#5264=LINE('',#5263,#5262);
#5265=DIRECTION('',(-1.E0,0.E0,0.E0));
#5266=VECTOR('',#5265,6.4E-1);
#5267=CARTESIAN_POINT('',(6.32E0,-1.9E0,-5.47E0));
#5268=LINE('',#5267,#5266);
#5269=DIRECTION('',(-1.E0,0.E0,0.E0));
#5270=VECTOR('',#5269,6.4E-1);
#5271=CARTESIAN_POINT('',(6.32E0,-2.54E0,-5.47E0));
#5272=LINE('',#5271,#5270);
#5273=DIRECTION('',(-1.E0,0.E0,0.E0));
#5274=VECTOR('',#5273,6.4E-1);
#5275=CARTESIAN_POINT('',(6.32E0,-2.54E0,-4.59E0));
#5276=LINE('',#5275,#5274);
#5277=DIRECTION('',(-1.E0,0.E0,0.E0));
#5278=VECTOR('',#5277,6.4E-1);
#5279=CARTESIAN_POINT('',(6.32E0,-1.65E0,-3.7E0));
#5280=LINE('',#5279,#5278);
#5281=DIRECTION('',(-3.312945782245E-1,3.312945782245E-1,-8.834522085988E-1));
#5282=VECTOR('',#5281,4.527692569069E-1);
#5283=CARTESIAN_POINT('',(5.83E0,1.7E-1,2.46E0));
#5284=LINE('',#5283,#5282);
#5285=DIRECTION('',(3.312945782245E-1,3.312945782245E-1,-8.834522085988E-1));
#5286=VECTOR('',#5285,4.527692569069E-1);
#5287=CARTESIAN_POINT('',(6.17E0,1.7E-1,2.46E0));
#5288=LINE('',#5287,#5286);
#5289=DIRECTION('',(-1.E0,0.E0,0.E0));
#5290=VECTOR('',#5289,6.4E-1);
#5291=CARTESIAN_POINT('',(6.32E0,3.2E-1,2.06E0));
#5292=LINE('',#5291,#5290);
#5293=DIRECTION('',(-1.E0,0.E0,0.E0));
#5294=VECTOR('',#5293,3.4E-1);
#5295=CARTESIAN_POINT('',(6.17E0,-1.7E-1,2.46E0));
#5296=LINE('',#5295,#5294);
#5297=DIRECTION('',(0.E0,1.E0,0.E0));
#5298=VECTOR('',#5297,3.4E-1);
#5299=CARTESIAN_POINT('',(5.83E0,-1.7E-1,2.46E0));
#5300=LINE('',#5299,#5298);
#5301=DIRECTION('',(-1.E0,0.E0,0.E0));
#5302=VECTOR('',#5301,3.4E-1);
#5303=CARTESIAN_POINT('',(6.17E0,1.7E-1,2.46E0));
#5304=LINE('',#5303,#5302);
#5305=DIRECTION('',(0.E0,-1.E0,0.E0));
#5306=VECTOR('',#5305,3.4E-1);
#5307=CARTESIAN_POINT('',(6.17E0,1.7E-1,2.46E0));
#5308=LINE('',#5307,#5306);
#5309=DIRECTION('',(-3.312945782245E-1,3.312945782245E-1,8.834522085988E-1));
#5310=VECTOR('',#5309,4.527692569069E-1);
#5311=CARTESIAN_POINT('',(6.32E0,-3.2E-1,2.06E0));
#5312=LINE('',#5311,#5310);
#5313=DIRECTION('',(-3.312945782245E-1,-3.312945782245E-1,-8.834522085988E-1));
#5314=VECTOR('',#5313,4.527692569069E-1);
#5315=CARTESIAN_POINT('',(5.83E0,-1.7E-1,2.46E0));
#5316=LINE('',#5315,#5314);
#5317=DIRECTION('',(0.E0,0.E0,-1.E0));
#5318=VECTOR('',#5317,6.8E-1);
#5319=CARTESIAN_POINT('',(3.32E0,1.055E0,-3.6E0));
#5320=LINE('',#5319,#5318);
#5321=DIRECTION('',(0.E0,-1.E0,0.E0));
#5322=VECTOR('',#5321,8.75E-1);
#5323=CARTESIAN_POINT('',(3.32E0,1.93E0,-3.6E0));
#5324=LINE('',#5323,#5322);
#5325=DIRECTION('',(0.E0,0.E0,-1.E0));
#5326=VECTOR('',#5325,8.E-2);
#5327=CARTESIAN_POINT('',(3.32E0,-3.2E-1,-3.6E0));
#5328=LINE('',#5327,#5326);
#5329=DIRECTION('',(0.E0,-1.E0,0.E0));
#5330=VECTOR('',#5329,1.36E0);
#5331=CARTESIAN_POINT('',(3.32E0,-3.2E-1,-3.6E0));
#5332=LINE('',#5331,#5330);
#5333=CARTESIAN_POINT('',(3.32E0,-1.65E0,-4.59E0));
#5334=DIRECTION('',(1.E0,0.E0,0.E0));
#5335=DIRECTION('',(0.E0,0.E0,1.E0));
#5336=AXIS2_PLACEMENT_3D('',#5333,#5334,#5335);
#5338=DIRECTION('',(0.E0,1.E0,0.E0));
#5339=VECTOR('',#5338,7.75E-1);
#5340=CARTESIAN_POINT('',(3.32E0,-1.65E0,-3.7E0));
#5341=LINE('',#5340,#5339);
#5342=DIRECTION('',(0.E0,1.E0,0.E0));
#5343=VECTOR('',#5342,3.8E-1);
#5344=CARTESIAN_POINT('',(3.32E0,-1.65E0,-4.34E0));
#5345=LINE('',#5344,#5343);
#5346=CARTESIAN_POINT('',(3.32E0,-1.65E0,-4.59E0));
#5347=DIRECTION('',(1.E0,0.E0,0.E0));
#5348=DIRECTION('',(0.E0,0.E0,1.E0));
#5349=AXIS2_PLACEMENT_3D('',#5346,#5347,#5348);
#5351=DIRECTION('',(-1.E0,0.E0,0.E0));
#5352=VECTOR('',#5351,6.4E-1);
#5353=CARTESIAN_POINT('',(3.32E0,1.055E0,-4.34E0));
#5354=LINE('',#5353,#5352);
#5355=DIRECTION('',(0.E0,0.E0,-1.E0));
#5356=VECTOR('',#5355,6.8E-1);
#5357=CARTESIAN_POINT('',(2.68E0,1.055E0,-3.6E0));
#5358=LINE('',#5357,#5356);
#5359=DIRECTION('',(3.330669073875E-14,0.E0,-1.E0));
#5360=VECTOR('',#5359,8.E-2);
#5361=CARTESIAN_POINT('',(2.68E0,-3.2E-1,-3.6E0));
#5362=LINE('',#5361,#5360);
#5363=DIRECTION('',(0.E0,1.E0,0.E0));
#5364=VECTOR('',#5363,7.75E-1);
#5365=CARTESIAN_POINT('',(2.68E0,-1.65E0,-3.7E0));
#5366=LINE('',#5365,#5364);
#5367=CARTESIAN_POINT('',(2.68E0,-1.65E0,-4.59E0));
#5368=DIRECTION('',(1.E0,0.E0,0.E0));
#5369=DIRECTION('',(0.E0,0.E0,1.E0));
#5370=AXIS2_PLACEMENT_3D('',#5367,#5368,#5369);
#5372=CARTESIAN_POINT('',(2.68E0,-1.65E0,-4.59E0));
#5373=DIRECTION('',(1.E0,0.E0,0.E0));
#5374=DIRECTION('',(0.E0,0.E0,1.E0));
#5375=AXIS2_PLACEMENT_3D('',#5372,#5373,#5374);
#5377=DIRECTION('',(0.E0,1.E0,0.E0));
#5378=VECTOR('',#5377,3.8E-1);
#5379=CARTESIAN_POINT('',(2.68E0,-1.65E0,-4.34E0));
#5380=LINE('',#5379,#5378);
#5381=DIRECTION('',(1.E0,0.E0,0.E0));
#5382=VECTOR('',#5381,6.4E-1);
#5383=CARTESIAN_POINT('',(2.68E0,1.055E0,-3.6E0));
#5384=LINE('',#5383,#5382);
#5385=DIRECTION('',(0.E0,-1.E0,0.E0));
#5386=VECTOR('',#5385,8.75E-1);
#5387=CARTESIAN_POINT('',(2.68E0,1.93E0,-3.6E0));
#5388=LINE('',#5387,#5386);
#5389=DIRECTION('',(1.E0,0.E0,0.E0));
#5390=VECTOR('',#5389,6.4E-1);
#5391=CARTESIAN_POINT('',(2.68E0,-3.2E-1,-3.6E0));
#5392=LINE('',#5391,#5390);
#5393=DIRECTION('',(0.E0,-1.E0,0.E0));
#5394=VECTOR('',#5393,1.36E0);
#5395=CARTESIAN_POINT('',(2.68E0,-3.2E-1,-3.6E0));
#5396=LINE('',#5395,#5394);
#5397=DIRECTION('',(-1.E0,0.E0,0.E0));
#5398=VECTOR('',#5397,6.4E-1);
#5399=CARTESIAN_POINT('',(3.32E0,-3.2E-1,2.06E0));
#5400=LINE('',#5399,#5398);
#5401=DIRECTION('',(0.E0,-1.E0,0.E0));
#5402=VECTOR('',#5401,5.55E-1);
#5403=CARTESIAN_POINT('',(3.32E0,-3.2E-1,-3.7E0));
#5404=LINE('',#5403,#5402);
#5405=DIRECTION('',(-4.440892098501E-14,0.E0,-1.E0));
#5406=VECTOR('',#5405,2.E-2);
#5407=CARTESIAN_POINT('',(3.32E0,-3.2E-1,-3.68E0));
#5408=LINE('',#5407,#5406);
#5409=DIRECTION('',(1.480297366167E-14,0.E0,1.E0));
#5410=VECTOR('',#5409,6.E-2);
#5411=CARTESIAN_POINT('',(3.32E0,1.055E0,-4.34E0));
#5412=LINE('',#5411,#5410);
#5413=DIRECTION('',(0.E0,1.E0,0.E0));
#5414=VECTOR('',#5413,2.325E0);
#5415=CARTESIAN_POINT('',(3.32E0,-1.27E0,-4.34E0));
#5416=LINE('',#5415,#5414);
#5417=CARTESIAN_POINT('',(3.32E0,-1.65E0,-4.59E0));
#5418=DIRECTION('',(-1.E0,0.E0,0.E0));
#5419=DIRECTION('',(0.E0,-1.E0,0.E0));
#5420=AXIS2_PLACEMENT_3D('',#5417,#5418,#5419);
#5422=DIRECTION('',(0.E0,0.E0,1.E0));
#5423=VECTOR('',#5422,8.8E-1);
#5424=CARTESIAN_POINT('',(3.32E0,-1.9E0,-5.47E0));
#5425=LINE('',#5424,#5423);
#5426=CARTESIAN_POINT('',(3.32E0,-2.22E0,-5.47E0));
#5427=DIRECTION('',(1.E0,0.E0,0.E0));
#5428=DIRECTION('',(0.E0,-1.E0,0.E0));
#5429=AXIS2_PLACEMENT_3D('',#5426,#5427,#5428);
#5431=DIRECTION('',(0.E0,0.E0,-1.E0));
#5432=VECTOR('',#5431,8.8E-1);
#5433=CARTESIAN_POINT('',(3.32E0,-2.54E0,-4.59E0));
#5434=LINE('',#5433,#5432);
#5435=CARTESIAN_POINT('',(3.32E0,-1.65E0,-4.59E0));
#5436=DIRECTION('',(1.E0,0.E0,0.E0));
#5437=DIRECTION('',(0.E0,-3.370786516854E-2,9.994317284466E-1));
#5438=AXIS2_PLACEMENT_3D('',#5435,#5436,#5437);
#5440=DIRECTION('',(0.E0,-1.E0,0.E0));
#5441=VECTOR('',#5440,6.4E-1);
#5442=CARTESIAN_POINT('',(3.32E0,3.2E-1,2.06E0));
#5443=LINE('',#5442,#5441);
#5444=DIRECTION('',(0.E0,0.E0,1.E0));
#5445=VECTOR('',#5444,3.71E0);
#5446=CARTESIAN_POINT('',(3.32E0,3.2E-1,-1.65E0));
#5447=LINE('',#5446,#5445);
#5448=DIRECTION('',(0.E0,0.E0,-1.E0));
#5449=VECTOR('',#5448,3.71E0);
#5450=CARTESIAN_POINT('',(3.32E0,-3.2E-1,2.06E0));
#5451=LINE('',#5450,#5449);
#5452=DIRECTION('',(-1.E0,0.E0,0.E0));
#5453=VECTOR('',#5452,6.4E-1);
#5454=CARTESIAN_POINT('',(3.32E0,-3.2E-1,-3.7E0));
#5455=LINE('',#5454,#5453);
#5456=DIRECTION('',(0.E0,1.E0,0.E0));
#5457=VECTOR('',#5456,2.325E0);
#5458=CARTESIAN_POINT('',(2.68E0,-1.27E0,-4.34E0));
#5459=LINE('',#5458,#5457);
#5460=DIRECTION('',(-7.401486830834E-14,0.E0,1.E0));
#5461=VECTOR('',#5460,6.E-2);
#5462=CARTESIAN_POINT('',(2.68E0,1.055E0,-4.34E0));
#5463=LINE('',#5462,#5461);
#5464=DIRECTION('',(1.998401444325E-13,0.E0,-1.E0));
#5465=VECTOR('',#5464,2.E-2);
#5466=CARTESIAN_POINT('',(2.68E0,-3.2E-1,-3.68E0));
#5467=LINE('',#5466,#5465);
#5468=DIRECTION('',(0.E0,-1.E0,0.E0));
#5469=VECTOR('',#5468,5.55E-1);
#5470=CARTESIAN_POINT('',(2.68E0,-3.2E-1,-3.7E0));
#5471=LINE('',#5470,#5469);
#5472=CARTESIAN_POINT('',(2.68E0,-1.65E0,-4.59E0));
#5473=DIRECTION('',(1.E0,0.E0,0.E0));
#5474=DIRECTION('',(0.E0,-3.370786516854E-2,9.994317284466E-1));
#5475=AXIS2_PLACEMENT_3D('',#5472,#5473,#5474);
#5477=DIRECTION('',(0.E0,0.E0,-1.E0));
#5478=VECTOR('',#5477,8.8E-1);
#5479=CARTESIAN_POINT('',(2.68E0,-2.54E0,-4.59E0));
#5480=LINE('',#5479,#5478);
#5481=CARTESIAN_POINT('',(2.68E0,-2.22E0,-5.47E0));
#5482=DIRECTION('',(1.E0,0.E0,0.E0));
#5483=DIRECTION('',(0.E0,-1.E0,0.E0));
#5484=AXIS2_PLACEMENT_3D('',#5481,#5482,#5483);
#5486=DIRECTION('',(0.E0,0.E0,1.E0));
#5487=VECTOR('',#5486,8.8E-1);
#5488=CARTESIAN_POINT('',(2.68E0,-1.9E0,-5.47E0));
#5489=LINE('',#5488,#5487);
#5490=CARTESIAN_POINT('',(2.68E0,-1.65E0,-4.59E0));
#5491=DIRECTION('',(-1.E0,0.E0,0.E0));
#5492=DIRECTION('',(0.E0,-1.E0,0.E0));
#5493=AXIS2_PLACEMENT_3D('',#5490,#5491,#5492);
#5495=DIRECTION('',(0.E0,1.E0,0.E0));
#5496=VECTOR('',#5495,6.4E-1);
#5497=CARTESIAN_POINT('',(2.68E0,-3.2E-1,2.06E0));
#5498=LINE('',#5497,#5496);
#5499=DIRECTION('',(0.E0,0.E0,-1.E0));
#5500=VECTOR('',#5499,3.71E0);
#5501=CARTESIAN_POINT('',(2.68E0,-3.2E-1,2.06E0));
#5502=LINE('',#5501,#5500);
#5503=DIRECTION('',(0.E0,0.E0,1.E0));
#5504=VECTOR('',#5503,3.71E0);
#5505=CARTESIAN_POINT('',(2.68E0,3.2E-1,-1.65E0));
#5506=LINE('',#5505,#5504);
#5507=DIRECTION('',(-1.E0,0.E0,0.E0));
#5508=VECTOR('',#5507,6.4E-1);
#5509=CARTESIAN_POINT('',(3.32E0,-1.65E0,-4.34E0));
#5510=LINE('',#5509,#5508);
#5511=DIRECTION('',(-1.E0,0.E0,0.E0));
#5512=VECTOR('',#5511,6.4E-1);
#5513=CARTESIAN_POINT('',(3.32E0,-1.9E0,-4.59E0));
#5514=LINE('',#5513,#5512);
#5515=DIRECTION('',(-1.E0,0.E0,0.E0));
#5516=VECTOR('',#5515,6.4E-1);
#5517=CARTESIAN_POINT('',(3.32E0,-1.9E0,-5.47E0));
#5518=LINE('',#5517,#5516);
#5519=DIRECTION('',(-1.E0,0.E0,0.E0));
#5520=VECTOR('',#5519,6.4E-1);
#5521=CARTESIAN_POINT('',(3.32E0,-2.54E0,-5.47E0));
#5522=LINE('',#5521,#5520);
#5523=DIRECTION('',(-1.E0,0.E0,0.E0));
#5524=VECTOR('',#5523,6.4E-1);
#5525=CARTESIAN_POINT('',(3.32E0,-2.54E0,-4.59E0));
#5526=LINE('',#5525,#5524);
#5527=DIRECTION('',(-1.E0,0.E0,0.E0));
#5528=VECTOR('',#5527,6.4E-1);
#5529=CARTESIAN_POINT('',(3.32E0,-1.65E0,-3.7E0));
#5530=LINE('',#5529,#5528);
#5531=DIRECTION('',(-3.312945782245E-1,3.312945782245E-1,-8.834522085988E-1));
#5532=VECTOR('',#5531,4.527692569069E-1);
#5533=CARTESIAN_POINT('',(2.83E0,1.7E-1,2.46E0));
#5534=LINE('',#5533,#5532);
#5535=DIRECTION('',(3.312945782245E-1,3.312945782245E-1,-8.834522085988E-1));
#5536=VECTOR('',#5535,4.527692569069E-1);
#5537=CARTESIAN_POINT('',(3.17E0,1.7E-1,2.46E0));
#5538=LINE('',#5537,#5536);
#5539=DIRECTION('',(-1.E0,0.E0,0.E0));
#5540=VECTOR('',#5539,6.4E-1);
#5541=CARTESIAN_POINT('',(3.32E0,3.2E-1,2.06E0));
#5542=LINE('',#5541,#5540);
#5543=DIRECTION('',(-1.E0,0.E0,0.E0));
#5544=VECTOR('',#5543,3.4E-1);
#5545=CARTESIAN_POINT('',(3.17E0,-1.7E-1,2.46E0));
#5546=LINE('',#5545,#5544);
#5547=DIRECTION('',(0.E0,1.E0,0.E0));
#5548=VECTOR('',#5547,3.4E-1);
#5549=CARTESIAN_POINT('',(2.83E0,-1.7E-1,2.46E0));
#5550=LINE('',#5549,#5548);
#5551=DIRECTION('',(-1.E0,0.E0,0.E0));
#5552=VECTOR('',#5551,3.4E-1);
#5553=CARTESIAN_POINT('',(3.17E0,1.7E-1,2.46E0));
#5554=LINE('',#5553,#5552);
#5555=DIRECTION('',(0.E0,-1.E0,0.E0));
#5556=VECTOR('',#5555,3.4E-1);
#5557=CARTESIAN_POINT('',(3.17E0,1.7E-1,2.46E0));
#5558=LINE('',#5557,#5556);
#5559=DIRECTION('',(-3.312945782245E-1,3.312945782245E-1,8.834522085988E-1));
#5560=VECTOR('',#5559,4.527692569069E-1);
#5561=CARTESIAN_POINT('',(3.32E0,-3.2E-1,2.06E0));
#5562=LINE('',#5561,#5560);
#5563=DIRECTION('',(-3.312945782245E-1,-3.312945782245E-1,-8.834522085988E-1));
#5564=VECTOR('',#5563,4.527692569069E-1);
#5565=CARTESIAN_POINT('',(2.83E0,-1.7E-1,2.46E0));
#5566=LINE('',#5565,#5564);
#5567=DIRECTION('',(0.E0,1.E0,0.E0));
#5568=VECTOR('',#5567,3.8E-1);
#5569=CARTESIAN_POINT('',(3.2E-1,-1.65E0,-4.34E0));
#5570=LINE('',#5569,#5568);
#5571=CARTESIAN_POINT('',(3.2E-1,-1.65E0,-4.59E0));
#5572=DIRECTION('',(1.E0,0.E0,0.E0));
#5573=DIRECTION('',(0.E0,0.E0,1.E0));
#5574=AXIS2_PLACEMENT_3D('',#5571,#5572,#5573);
#5576=DIRECTION('',(0.E0,0.E0,-1.E0));
#5577=VECTOR('',#5576,6.8E-1);
#5578=CARTESIAN_POINT('',(3.2E-1,1.055E0,-3.6E0));
#5579=LINE('',#5578,#5577);
#5580=DIRECTION('',(0.E0,-1.E0,0.E0));
#5581=VECTOR('',#5580,8.75E-1);
#5582=CARTESIAN_POINT('',(3.2E-1,1.93E0,-3.6E0));
#5583=LINE('',#5582,#5581);
#5584=DIRECTION('',(-1.457167719821E-14,0.E0,-1.E0));
#5585=VECTOR('',#5584,8.E-2);
#5586=CARTESIAN_POINT('',(3.2E-1,-3.2E-1,-3.6E0));
#5587=LINE('',#5586,#5585);
#5588=DIRECTION('',(0.E0,-1.E0,0.E0));
#5589=VECTOR('',#5588,1.36E0);
#5590=CARTESIAN_POINT('',(3.2E-1,-3.2E-1,-3.6E0));
#5591=LINE('',#5590,#5589);
#5592=CARTESIAN_POINT('',(3.2E-1,-1.65E0,-4.59E0));
#5593=DIRECTION('',(1.E0,0.E0,0.E0));
#5594=DIRECTION('',(0.E0,0.E0,1.E0));
#5595=AXIS2_PLACEMENT_3D('',#5592,#5593,#5594);
#5597=DIRECTION('',(0.E0,-1.E0,0.E0));
#5598=VECTOR('',#5597,7.75E-1);
#5599=CARTESIAN_POINT('',(3.2E-1,-8.75E-1,-3.7E0));
#5600=LINE('',#5599,#5598);
#5601=DIRECTION('',(-1.E0,0.E0,0.E0));
#5602=VECTOR('',#5601,6.4E-1);
#5603=CARTESIAN_POINT('',(3.2E-1,-1.65E0,-4.34E0));
#5604=LINE('',#5603,#5602);
#5605=DIRECTION('',(0.E0,1.E0,0.E0));
#5606=VECTOR('',#5605,3.8E-1);
#5607=CARTESIAN_POINT('',(-3.2E-1,-1.65E0,-4.34E0));
#5608=LINE('',#5607,#5606);
#5609=CARTESIAN_POINT('',(-3.2E-1,-1.65E0,-4.59E0));
#5610=DIRECTION('',(1.E0,0.E0,0.E0));
#5611=DIRECTION('',(0.E0,0.E0,1.E0));
#5612=AXIS2_PLACEMENT_3D('',#5609,#5610,#5611);
#5614=DIRECTION('',(0.E0,0.E0,-1.E0));
#5615=VECTOR('',#5614,6.8E-1);
#5616=CARTESIAN_POINT('',(-3.2E-1,1.055E0,-3.6E0));
#5617=LINE('',#5616,#5615);
#5618=DIRECTION('',(1.457167719821E-14,0.E0,-1.E0));
#5619=VECTOR('',#5618,8.E-2);
#5620=CARTESIAN_POINT('',(-3.2E-1,-3.2E-1,-3.6E0));
#5621=LINE('',#5620,#5619);
#5622=DIRECTION('',(0.E0,-1.E0,0.E0));
#5623=VECTOR('',#5622,7.75E-1);
#5624=CARTESIAN_POINT('',(-3.2E-1,-8.75E-1,-3.7E0));
#5625=LINE('',#5624,#5623);
#5626=CARTESIAN_POINT('',(-3.2E-1,-1.65E0,-4.59E0));
#5627=DIRECTION('',(1.E0,0.E0,0.E0));
#5628=DIRECTION('',(0.E0,0.E0,1.E0));
#5629=AXIS2_PLACEMENT_3D('',#5626,#5627,#5628);
#5631=DIRECTION('',(-1.E0,0.E0,0.E0));
#5632=VECTOR('',#5631,6.4E-1);
#5633=CARTESIAN_POINT('',(3.2E-1,-1.9E0,-4.59E0));
#5634=LINE('',#5633,#5632);
#5635=DIRECTION('',(0.E0,1.E0,0.E0));
#5636=VECTOR('',#5635,2.325E0);
#5637=CARTESIAN_POINT('',(-3.2E-1,-1.27E0,-4.34E0));
#5638=LINE('',#5637,#5636);
#5639=DIRECTION('',(-4.348373513115E-14,0.E0,1.E0));
#5640=VECTOR('',#5639,6.E-2);
#5641=CARTESIAN_POINT('',(-3.2E-1,1.055E0,-4.34E0));
#5642=LINE('',#5641,#5640);
#5643=DIRECTION('',(1.304512053935E-13,0.E0,-1.E0));
#5644=VECTOR('',#5643,2.E-2);
#5645=CARTESIAN_POINT('',(-3.2E-1,-3.2E-1,-3.68E0));
#5646=LINE('',#5645,#5644);
#5647=DIRECTION('',(0.E0,-1.E0,0.E0));
#5648=VECTOR('',#5647,5.55E-1);
#5649=CARTESIAN_POINT('',(-3.2E-1,-3.2E-1,-3.7E0));
#5650=LINE('',#5649,#5648);
#5651=CARTESIAN_POINT('',(-3.2E-1,-1.65E0,-4.59E0));
#5652=DIRECTION('',(1.E0,0.E0,0.E0));
#5653=DIRECTION('',(0.E0,-3.370786516854E-2,9.994317284466E-1));
#5654=AXIS2_PLACEMENT_3D('',#5651,#5652,#5653);
#5656=DIRECTION('',(0.E0,0.E0,-1.E0));
#5657=VECTOR('',#5656,8.8E-1);
#5658=CARTESIAN_POINT('',(-3.2E-1,-2.54E0,-4.59E0));
#5659=LINE('',#5658,#5657);
#5660=CARTESIAN_POINT('',(-3.2E-1,-2.22E0,-5.47E0));
#5661=DIRECTION('',(1.E0,0.E0,0.E0));
#5662=DIRECTION('',(0.E0,-1.E0,0.E0));
#5663=AXIS2_PLACEMENT_3D('',#5660,#5661,#5662);
#5665=DIRECTION('',(0.E0,0.E0,1.E0));
#5666=VECTOR('',#5665,8.8E-1);
#5667=CARTESIAN_POINT('',(-3.2E-1,-1.9E0,-5.47E0));
#5668=LINE('',#5667,#5666);
#5669=CARTESIAN_POINT('',(-3.2E-1,-1.65E0,-4.59E0));
#5670=DIRECTION('',(-1.E0,0.E0,0.E0));
#5671=DIRECTION('',(0.E0,-1.E0,0.E0));
#5672=AXIS2_PLACEMENT_3D('',#5669,#5670,#5671);
#5674=DIRECTION('',(0.E0,1.E0,0.E0));
#5675=VECTOR('',#5674,6.4E-1);
#5676=CARTESIAN_POINT('',(-3.2E-1,-3.2E-1,2.06E0));
#5677=LINE('',#5676,#5675);
#5678=DIRECTION('',(0.E0,0.E0,-1.E0));
#5679=VECTOR('',#5678,3.71E0);
#5680=CARTESIAN_POINT('',(-3.2E-1,-3.2E-1,2.06E0));
#5681=LINE('',#5680,#5679);
#5682=DIRECTION('',(0.E0,0.E0,1.E0));
#5683=VECTOR('',#5682,3.71E0);
#5684=CARTESIAN_POINT('',(-3.2E-1,3.2E-1,-1.65E0));
#5685=LINE('',#5684,#5683);
#5686=DIRECTION('',(-1.E0,0.E0,0.E0));
#5687=VECTOR('',#5686,6.4E-1);
#5688=CARTESIAN_POINT('',(3.2E-1,1.055E0,-4.34E0));
#5689=LINE('',#5688,#5687);
#5690=DIRECTION('',(0.E0,-1.E0,0.E0));
#5691=VECTOR('',#5690,5.55E-1);
#5692=CARTESIAN_POINT('',(3.2E-1,-3.2E-1,-3.7E0));
#5693=LINE('',#5692,#5691);
#5694=DIRECTION('',(-1.304512053935E-13,0.E0,-1.E0));
#5695=VECTOR('',#5694,2.E-2);
#5696=CARTESIAN_POINT('',(3.2E-1,-3.2E-1,-3.68E0));
#5697=LINE('',#5696,#5695);
#5698=DIRECTION('',(4.348373513115E-14,0.E0,1.E0));
#5699=VECTOR('',#5698,6.E-2);
#5700=CARTESIAN_POINT('',(3.2E-1,1.055E0,-4.34E0));
#5701=LINE('',#5700,#5699);
#5702=DIRECTION('',(0.E0,1.E0,0.E0));
#5703=VECTOR('',#5702,2.325E0);
#5704=CARTESIAN_POINT('',(3.2E-1,-1.27E0,-4.34E0));
#5705=LINE('',#5704,#5703);
#5706=CARTESIAN_POINT('',(3.2E-1,-1.65E0,-4.59E0));
#5707=DIRECTION('',(-1.E0,0.E0,0.E0));
#5708=DIRECTION('',(0.E0,-1.E0,0.E0));
#5709=AXIS2_PLACEMENT_3D('',#5706,#5707,#5708);
#5711=DIRECTION('',(0.E0,0.E0,1.E0));
#5712=VECTOR('',#5711,8.8E-1);
#5713=CARTESIAN_POINT('',(3.2E-1,-1.9E0,-5.47E0));
#5714=LINE('',#5713,#5712);
#5715=CARTESIAN_POINT('',(3.2E-1,-2.22E0,-5.47E0));
#5716=DIRECTION('',(1.E0,0.E0,0.E0));
#5717=DIRECTION('',(0.E0,-1.E0,0.E0));
#5718=AXIS2_PLACEMENT_3D('',#5715,#5716,#5717);
#5720=DIRECTION('',(0.E0,0.E0,-1.E0));
#5721=VECTOR('',#5720,8.8E-1);
#5722=CARTESIAN_POINT('',(3.2E-1,-2.54E0,-4.59E0));
#5723=LINE('',#5722,#5721);
#5724=CARTESIAN_POINT('',(3.2E-1,-1.65E0,-4.59E0));
#5725=DIRECTION('',(1.E0,0.E0,0.E0));
#5726=DIRECTION('',(0.E0,-3.370786516854E-2,9.994317284466E-1));
#5727=AXIS2_PLACEMENT_3D('',#5724,#5725,#5726);
#5729=DIRECTION('',(0.E0,-1.E0,0.E0));
#5730=VECTOR('',#5729,6.4E-1);
#5731=CARTESIAN_POINT('',(3.2E-1,3.2E-1,2.06E0));
#5732=LINE('',#5731,#5730);
#5733=DIRECTION('',(0.E0,0.E0,1.E0));
#5734=VECTOR('',#5733,3.71E0);
#5735=CARTESIAN_POINT('',(3.2E-1,3.2E-1,-1.65E0));
#5736=LINE('',#5735,#5734);
#5737=DIRECTION('',(0.E0,0.E0,-1.E0));
#5738=VECTOR('',#5737,3.71E0);
#5739=CARTESIAN_POINT('',(3.2E-1,-3.2E-1,2.06E0));
#5740=LINE('',#5739,#5738);
#5741=DIRECTION('',(-1.E0,0.E0,0.E0));
#5742=VECTOR('',#5741,6.4E-1);
#5743=CARTESIAN_POINT('',(3.2E-1,-3.2E-1,-3.7E0));
#5744=LINE('',#5743,#5742);
#5745=DIRECTION('',(-1.E0,0.E0,0.E0));
#5746=VECTOR('',#5745,6.4E-1);
#5747=CARTESIAN_POINT('',(3.2E-1,-3.2E-1,2.06E0));
#5748=LINE('',#5747,#5746);
#5749=DIRECTION('',(1.E0,0.E0,0.E0));
#5750=VECTOR('',#5749,6.4E-1);
#5751=CARTESIAN_POINT('',(-3.2E-1,1.055E0,-3.6E0));
#5752=LINE('',#5751,#5750);
#5753=DIRECTION('',(0.E0,-1.E0,0.E0));
#5754=VECTOR('',#5753,8.75E-1);
#5755=CARTESIAN_POINT('',(-3.2E-1,1.93E0,-3.6E0));
#5756=LINE('',#5755,#5754);
#5757=DIRECTION('',(1.E0,0.E0,0.E0));
#5758=VECTOR('',#5757,6.4E-1);
#5759=CARTESIAN_POINT('',(-3.2E-1,-3.2E-1,-3.6E0));
#5760=LINE('',#5759,#5758);
#5761=DIRECTION('',(0.E0,-1.E0,0.E0));
#5762=VECTOR('',#5761,1.36E0);
#5763=CARTESIAN_POINT('',(-3.2E-1,-3.2E-1,-3.6E0));
#5764=LINE('',#5763,#5762);
#5765=DIRECTION('',(-3.312945782245E-1,3.312945782245E-1,8.834522085988E-1));
#5766=VECTOR('',#5765,4.527692569069E-1);
#5767=CARTESIAN_POINT('',(3.2E-1,-3.2E-1,2.06E0));
#5768=LINE('',#5767,#5766);
#5769=DIRECTION('',(-3.312945782245E-1,-3.312945782245E-1,-8.834522085988E-1));
#5770=VECTOR('',#5769,4.527692569069E-1);
#5771=CARTESIAN_POINT('',(-1.7E-1,-1.7E-1,2.46E0));
#5772=LINE('',#5771,#5770);
#5773=DIRECTION('',(-1.E0,0.E0,0.E0));
#5774=VECTOR('',#5773,3.4E-1);
#5775=CARTESIAN_POINT('',(1.7E-1,-1.7E-1,2.46E0));
#5776=LINE('',#5775,#5774);
#5777=DIRECTION('',(0.E0,1.E0,0.E0));
#5778=VECTOR('',#5777,3.4E-1);
#5779=CARTESIAN_POINT('',(-1.7E-1,-1.7E-1,2.46E0));
#5780=LINE('',#5779,#5778);
#5781=DIRECTION('',(-1.E0,0.E0,0.E0));
#5782=VECTOR('',#5781,3.4E-1);
#5783=CARTESIAN_POINT('',(1.7E-1,1.7E-1,2.46E0));
#5784=LINE('',#5783,#5782);
#5785=DIRECTION('',(0.E0,-1.E0,0.E0));
#5786=VECTOR('',#5785,3.4E-1);
#5787=CARTESIAN_POINT('',(1.7E-1,1.7E-1,2.46E0));
#5788=LINE('',#5787,#5786);
#5789=DIRECTION('',(-3.312945782245E-1,3.312945782245E-1,-8.834522085988E-1));
#5790=VECTOR('',#5789,4.527692569069E-1);
#5791=CARTESIAN_POINT('',(-1.7E-1,1.7E-1,2.46E0));
#5792=LINE('',#5791,#5790);
#5793=DIRECTION('',(3.312945782245E-1,3.312945782245E-1,-8.834522085988E-1));
#5794=VECTOR('',#5793,4.527692569069E-1);
#5795=CARTESIAN_POINT('',(1.7E-1,1.7E-1,2.46E0));
#5796=LINE('',#5795,#5794);
#5797=DIRECTION('',(-1.E0,0.E0,0.E0));
#5798=VECTOR('',#5797,6.4E-1);
#5799=CARTESIAN_POINT('',(3.2E-1,3.2E-1,2.06E0));
#5800=LINE('',#5799,#5798);
#5801=DIRECTION('',(-1.E0,0.E0,0.E0));
#5802=VECTOR('',#5801,6.4E-1);
#5803=CARTESIAN_POINT('',(3.2E-1,-1.65E0,-3.7E0));
#5804=LINE('',#5803,#5802);
#5805=DIRECTION('',(-1.E0,0.E0,0.E0));
#5806=VECTOR('',#5805,6.4E-1);
#5807=CARTESIAN_POINT('',(3.2E-1,-2.54E0,-4.59E0));
#5808=LINE('',#5807,#5806);
#5809=DIRECTION('',(-1.E0,0.E0,0.E0));
#5810=VECTOR('',#5809,6.4E-1);
#5811=CARTESIAN_POINT('',(3.2E-1,-2.54E0,-5.47E0));
#5812=LINE('',#5811,#5810);
#5813=DIRECTION('',(-1.E0,0.E0,0.E0));
#5814=VECTOR('',#5813,6.4E-1);
#5815=CARTESIAN_POINT('',(3.2E-1,-1.9E0,-5.47E0));
#5816=LINE('',#5815,#5814);
#5817=DIRECTION('',(0.E0,1.E0,0.E0));
#5818=VECTOR('',#5817,3.8E-1);
#5819=CARTESIAN_POINT('',(-2.68E0,-1.65E0,-4.34E0));
#5820=LINE('',#5819,#5818);
#5821=CARTESIAN_POINT('',(-2.68E0,-1.65E0,-4.59E0));
#5822=DIRECTION('',(1.E0,0.E0,0.E0));
#5823=DIRECTION('',(0.E0,0.E0,1.E0));
#5824=AXIS2_PLACEMENT_3D('',#5821,#5822,#5823);
#5826=DIRECTION('',(0.E0,0.E0,-1.E0));
#5827=VECTOR('',#5826,6.8E-1);
#5828=CARTESIAN_POINT('',(-2.68E0,1.055E0,-3.6E0));
#5829=LINE('',#5828,#5827);
#5830=DIRECTION('',(0.E0,-1.E0,0.E0));
#5831=VECTOR('',#5830,8.75E-1);
#5832=CARTESIAN_POINT('',(-2.68E0,1.93E0,-3.6E0));
#5833=LINE('',#5832,#5831);
#5834=DIRECTION('',(-2.775557561563E-14,0.E0,-1.E0));
#5835=VECTOR('',#5834,8.E-2);
#5836=CARTESIAN_POINT('',(-2.68E0,-3.2E-1,-3.6E0));
#5837=LINE('',#5836,#5835);
#5838=DIRECTION('',(0.E0,-1.E0,0.E0));
#5839=VECTOR('',#5838,1.36E0);
#5840=CARTESIAN_POINT('',(-2.68E0,-3.2E-1,-3.6E0));
#5841=LINE('',#5840,#5839);
#5842=CARTESIAN_POINT('',(-2.68E0,-1.65E0,-4.59E0));
#5843=DIRECTION('',(1.E0,0.E0,0.E0));
#5844=DIRECTION('',(0.E0,0.E0,1.E0));
#5845=AXIS2_PLACEMENT_3D('',#5842,#5843,#5844);
#5847=DIRECTION('',(0.E0,-1.E0,0.E0));
#5848=VECTOR('',#5847,7.75E-1);
#5849=CARTESIAN_POINT('',(-2.68E0,-8.75E-1,-3.7E0));
#5850=LINE('',#5849,#5848);
#5851=DIRECTION('',(-1.E0,0.E0,0.E0));
#5852=VECTOR('',#5851,6.4E-1);
#5853=CARTESIAN_POINT('',(-2.68E0,-1.65E0,-4.34E0));
#5854=LINE('',#5853,#5852);
#5855=DIRECTION('',(0.E0,1.E0,0.E0));
#5856=VECTOR('',#5855,3.8E-1);
#5857=CARTESIAN_POINT('',(-3.32E0,-1.65E0,-4.34E0));
#5858=LINE('',#5857,#5856);
#5859=CARTESIAN_POINT('',(-3.32E0,-1.65E0,-4.59E0));
#5860=DIRECTION('',(1.E0,0.E0,0.E0));
#5861=DIRECTION('',(0.E0,0.E0,1.E0));
#5862=AXIS2_PLACEMENT_3D('',#5859,#5860,#5861);
#5864=DIRECTION('',(0.E0,0.E0,-1.E0));
#5865=VECTOR('',#5864,6.8E-1);
#5866=CARTESIAN_POINT('',(-3.32E0,1.055E0,-3.6E0));
#5867=LINE('',#5866,#5865);
#5868=DIRECTION('',(2.220446049250E-14,0.E0,-1.E0));
#5869=VECTOR('',#5868,8.E-2);
#5870=CARTESIAN_POINT('',(-3.32E0,-3.2E-1,-3.6E0));
#5871=LINE('',#5870,#5869);
#5872=DIRECTION('',(0.E0,-1.E0,0.E0));
#5873=VECTOR('',#5872,7.75E-1);
#5874=CARTESIAN_POINT('',(-3.32E0,-8.75E-1,-3.7E0));
#5875=LINE('',#5874,#5873);
#5876=CARTESIAN_POINT('',(-3.32E0,-1.65E0,-4.59E0));
#5877=DIRECTION('',(1.E0,0.E0,0.E0));
#5878=DIRECTION('',(0.E0,0.E0,1.E0));
#5879=AXIS2_PLACEMENT_3D('',#5876,#5877,#5878);
#5881=DIRECTION('',(-1.E0,0.E0,0.E0));
#5882=VECTOR('',#5881,6.4E-1);
#5883=CARTESIAN_POINT('',(-2.68E0,-1.9E0,-4.59E0));
#5884=LINE('',#5883,#5882);
#5885=DIRECTION('',(0.E0,1.E0,0.E0));
#5886=VECTOR('',#5885,2.325E0);
#5887=CARTESIAN_POINT('',(-3.32E0,-1.27E0,-4.34E0));
#5888=LINE('',#5887,#5886);
#5889=DIRECTION('',(-2.960594732334E-14,0.E0,1.E0));
#5890=VECTOR('',#5889,6.E-2);
#5891=CARTESIAN_POINT('',(-3.32E0,1.055E0,-4.34E0));
#5892=LINE('',#5891,#5890);
#5893=DIRECTION('',(8.881784197001E-14,0.E0,-1.E0));
#5894=VECTOR('',#5893,2.E-2);
#5895=CARTESIAN_POINT('',(-3.32E0,-3.2E-1,-3.68E0));
#5896=LINE('',#5895,#5894);
#5897=DIRECTION('',(0.E0,-1.E0,0.E0));
#5898=VECTOR('',#5897,5.55E-1);
#5899=CARTESIAN_POINT('',(-3.32E0,-3.2E-1,-3.7E0));
#5900=LINE('',#5899,#5898);
#5901=CARTESIAN_POINT('',(-3.32E0,-1.65E0,-4.59E0));
#5902=DIRECTION('',(1.E0,0.E0,0.E0));
#5903=DIRECTION('',(0.E0,-3.370786516854E-2,9.994317284466E-1));
#5904=AXIS2_PLACEMENT_3D('',#5901,#5902,#5903);
#5906=DIRECTION('',(0.E0,0.E0,-1.E0));
#5907=VECTOR('',#5906,8.8E-1);
#5908=CARTESIAN_POINT('',(-3.32E0,-2.54E0,-4.59E0));
#5909=LINE('',#5908,#5907);
#5910=CARTESIAN_POINT('',(-3.32E0,-2.22E0,-5.47E0));
#5911=DIRECTION('',(1.E0,0.E0,0.E0));
#5912=DIRECTION('',(0.E0,-1.E0,0.E0));
#5913=AXIS2_PLACEMENT_3D('',#5910,#5911,#5912);
#5915=DIRECTION('',(0.E0,0.E0,1.E0));
#5916=VECTOR('',#5915,8.8E-1);
#5917=CARTESIAN_POINT('',(-3.32E0,-1.9E0,-5.47E0));
#5918=LINE('',#5917,#5916);
#5919=CARTESIAN_POINT('',(-3.32E0,-1.65E0,-4.59E0));
#5920=DIRECTION('',(-1.E0,0.E0,0.E0));
#5921=DIRECTION('',(0.E0,-1.E0,0.E0));
#5922=AXIS2_PLACEMENT_3D('',#5919,#5920,#5921);
#5924=DIRECTION('',(0.E0,1.E0,0.E0));
#5925=VECTOR('',#5924,6.4E-1);
#5926=CARTESIAN_POINT('',(-3.32E0,-3.2E-1,2.06E0));
#5927=LINE('',#5926,#5925);
#5928=DIRECTION('',(0.E0,0.E0,-1.E0));
#5929=VECTOR('',#5928,3.71E0);
#5930=CARTESIAN_POINT('',(-3.32E0,-3.2E-1,2.06E0));
#5931=LINE('',#5930,#5929);
#5932=DIRECTION('',(0.E0,0.E0,1.E0));
#5933=VECTOR('',#5932,3.71E0);
#5934=CARTESIAN_POINT('',(-3.32E0,3.2E-1,-1.65E0));
#5935=LINE('',#5934,#5933);
#5936=DIRECTION('',(-1.E0,0.E0,0.E0));
#5937=VECTOR('',#5936,6.4E-1);
#5938=CARTESIAN_POINT('',(-2.68E0,1.055E0,-4.34E0));
#5939=LINE('',#5938,#5937);
#5940=DIRECTION('',(0.E0,-1.E0,0.E0));
#5941=VECTOR('',#5940,5.55E-1);
#5942=CARTESIAN_POINT('',(-2.68E0,-3.2E-1,-3.7E0));
#5943=LINE('',#5942,#5941);
#5944=DIRECTION('',(-1.110223024625E-13,0.E0,-1.E0));
#5945=VECTOR('',#5944,2.E-2);
#5946=CARTESIAN_POINT('',(-2.68E0,-3.2E-1,-3.68E0));
#5947=LINE('',#5946,#5945);
#5948=DIRECTION('',(2.960594732334E-14,0.E0,1.E0));
#5949=VECTOR('',#5948,6.E-2);
#5950=CARTESIAN_POINT('',(-2.68E0,1.055E0,-4.34E0));
#5951=LINE('',#5950,#5949);
#5952=DIRECTION('',(0.E0,1.E0,0.E0));
#5953=VECTOR('',#5952,2.325E0);
#5954=CARTESIAN_POINT('',(-2.68E0,-1.27E0,-4.34E0));
#5955=LINE('',#5954,#5953);
#5956=CARTESIAN_POINT('',(-2.68E0,-1.65E0,-4.59E0));
#5957=DIRECTION('',(-1.E0,0.E0,0.E0));
#5958=DIRECTION('',(0.E0,-1.E0,0.E0));
#5959=AXIS2_PLACEMENT_3D('',#5956,#5957,#5958);
#5961=DIRECTION('',(0.E0,0.E0,1.E0));
#5962=VECTOR('',#5961,8.8E-1);
#5963=CARTESIAN_POINT('',(-2.68E0,-1.9E0,-5.47E0));
#5964=LINE('',#5963,#5962);
#5965=CARTESIAN_POINT('',(-2.68E0,-2.22E0,-5.47E0));
#5966=DIRECTION('',(1.E0,0.E0,0.E0));
#5967=DIRECTION('',(0.E0,-1.E0,0.E0));
#5968=AXIS2_PLACEMENT_3D('',#5965,#5966,#5967);
#5970=DIRECTION('',(0.E0,0.E0,-1.E0));
#5971=VECTOR('',#5970,8.8E-1);
#5972=CARTESIAN_POINT('',(-2.68E0,-2.54E0,-4.59E0));
#5973=LINE('',#5972,#5971);
#5974=CARTESIAN_POINT('',(-2.68E0,-1.65E0,-4.59E0));
#5975=DIRECTION('',(1.E0,0.E0,0.E0));
#5976=DIRECTION('',(0.E0,-3.370786516854E-2,9.994317284466E-1));
#5977=AXIS2_PLACEMENT_3D('',#5974,#5975,#5976);
#5979=DIRECTION('',(0.E0,-1.E0,0.E0));
#5980=VECTOR('',#5979,6.4E-1);
#5981=CARTESIAN_POINT('',(-2.68E0,3.2E-1,2.06E0));
#5982=LINE('',#5981,#5980);
#5983=DIRECTION('',(0.E0,0.E0,1.E0));
#5984=VECTOR('',#5983,3.71E0);
#5985=CARTESIAN_POINT('',(-2.68E0,3.2E-1,-1.65E0));
#5986=LINE('',#5985,#5984);
#5987=DIRECTION('',(0.E0,0.E0,-1.E0));
#5988=VECTOR('',#5987,3.71E0);
#5989=CARTESIAN_POINT('',(-2.68E0,-3.2E-1,2.06E0));
#5990=LINE('',#5989,#5988);
#5991=DIRECTION('',(-1.E0,0.E0,0.E0));
#5992=VECTOR('',#5991,6.4E-1);
#5993=CARTESIAN_POINT('',(-2.68E0,-3.2E-1,-3.7E0));
#5994=LINE('',#5993,#5992);
#5995=DIRECTION('',(-1.E0,0.E0,0.E0));
#5996=VECTOR('',#5995,6.4E-1);
#5997=CARTESIAN_POINT('',(-2.68E0,-3.2E-1,2.06E0));
#5998=LINE('',#5997,#5996);
#5999=DIRECTION('',(1.E0,0.E0,0.E0));
#6000=VECTOR('',#5999,6.4E-1);
#6001=CARTESIAN_POINT('',(-3.32E0,1.055E0,-3.6E0));
#6002=LINE('',#6001,#6000);
#6003=DIRECTION('',(0.E0,-1.E0,0.E0));
#6004=VECTOR('',#6003,8.75E-1);
#6005=CARTESIAN_POINT('',(-3.32E0,1.93E0,-3.6E0));
#6006=LINE('',#6005,#6004);
#6007=DIRECTION('',(1.E0,0.E0,0.E0));
#6008=VECTOR('',#6007,6.4E-1);
#6009=CARTESIAN_POINT('',(-3.32E0,-3.2E-1,-3.6E0));
#6010=LINE('',#6009,#6008);
#6011=DIRECTION('',(0.E0,-1.E0,0.E0));
#6012=VECTOR('',#6011,1.36E0);
#6013=CARTESIAN_POINT('',(-3.32E0,-3.2E-1,-3.6E0));
#6014=LINE('',#6013,#6012);
#6015=DIRECTION('',(-3.312945782245E-1,3.312945782245E-1,8.834522085988E-1));
#6016=VECTOR('',#6015,4.527692569069E-1);
#6017=CARTESIAN_POINT('',(-2.68E0,-3.2E-1,2.06E0));
#6018=LINE('',#6017,#6016);
#6019=DIRECTION('',(-3.312945782245E-1,-3.312945782245E-1,-8.834522085988E-1));
#6020=VECTOR('',#6019,4.527692569069E-1);
#6021=CARTESIAN_POINT('',(-3.17E0,-1.7E-1,2.46E0));
#6022=LINE('',#6021,#6020);
#6023=DIRECTION('',(-1.E0,0.E0,0.E0));
#6024=VECTOR('',#6023,3.4E-1);
#6025=CARTESIAN_POINT('',(-2.83E0,-1.7E-1,2.46E0));
#6026=LINE('',#6025,#6024);
#6027=DIRECTION('',(0.E0,1.E0,0.E0));
#6028=VECTOR('',#6027,3.4E-1);
#6029=CARTESIAN_POINT('',(-3.17E0,-1.7E-1,2.46E0));
#6030=LINE('',#6029,#6028);
#6031=DIRECTION('',(-1.E0,0.E0,0.E0));
#6032=VECTOR('',#6031,3.4E-1);
#6033=CARTESIAN_POINT('',(-2.83E0,1.7E-1,2.46E0));
#6034=LINE('',#6033,#6032);
#6035=DIRECTION('',(0.E0,-1.E0,0.E0));
#6036=VECTOR('',#6035,3.4E-1);
#6037=CARTESIAN_POINT('',(-2.83E0,1.7E-1,2.46E0));
#6038=LINE('',#6037,#6036);
#6039=DIRECTION('',(-3.312945782245E-1,3.312945782245E-1,-8.834522085988E-1));
#6040=VECTOR('',#6039,4.527692569069E-1);
#6041=CARTESIAN_POINT('',(-3.17E0,1.7E-1,2.46E0));
#6042=LINE('',#6041,#6040);
#6043=DIRECTION('',(3.312945782245E-1,3.312945782245E-1,-8.834522085988E-1));
#6044=VECTOR('',#6043,4.527692569069E-1);
#6045=CARTESIAN_POINT('',(-2.83E0,1.7E-1,2.46E0));
#6046=LINE('',#6045,#6044);
#6047=DIRECTION('',(-1.E0,0.E0,0.E0));
#6048=VECTOR('',#6047,6.4E-1);
#6049=CARTESIAN_POINT('',(-2.68E0,3.2E-1,2.06E0));
#6050=LINE('',#6049,#6048);
#6051=DIRECTION('',(-1.E0,0.E0,0.E0));
#6052=VECTOR('',#6051,6.4E-1);
#6053=CARTESIAN_POINT('',(-2.68E0,-1.65E0,-3.7E0));
#6054=LINE('',#6053,#6052);
#6055=DIRECTION('',(-1.E0,0.E0,0.E0));
#6056=VECTOR('',#6055,6.4E-1);
#6057=CARTESIAN_POINT('',(-2.68E0,-2.54E0,-4.59E0));
#6058=LINE('',#6057,#6056);
#6059=DIRECTION('',(-1.E0,0.E0,0.E0));
#6060=VECTOR('',#6059,6.4E-1);
#6061=CARTESIAN_POINT('',(-2.68E0,-2.54E0,-5.47E0));
#6062=LINE('',#6061,#6060);
#6063=DIRECTION('',(-1.E0,0.E0,0.E0));
#6064=VECTOR('',#6063,6.4E-1);
#6065=CARTESIAN_POINT('',(-2.68E0,-1.9E0,-5.47E0));
#6066=LINE('',#6065,#6064);
#6067=DIRECTION('',(0.E0,1.E0,0.E0));
#6068=VECTOR('',#6067,3.8E-1);
#6069=CARTESIAN_POINT('',(-5.68E0,-1.65E0,-4.34E0));
#6070=LINE('',#6069,#6068);
#6071=CARTESIAN_POINT('',(-5.68E0,-1.65E0,-4.59E0));
#6072=DIRECTION('',(1.E0,0.E0,0.E0));
#6073=DIRECTION('',(0.E0,0.E0,1.E0));
#6074=AXIS2_PLACEMENT_3D('',#6071,#6072,#6073);
#6076=DIRECTION('',(0.E0,0.E0,-1.E0));
#6077=VECTOR('',#6076,6.8E-1);
#6078=CARTESIAN_POINT('',(-5.68E0,1.055E0,-3.6E0));
#6079=LINE('',#6078,#6077);
#6080=DIRECTION('',(0.E0,-1.E0,0.E0));
#6081=VECTOR('',#6080,8.75E-1);
#6082=CARTESIAN_POINT('',(-5.68E0,1.93E0,-3.6E0));
#6083=LINE('',#6082,#6081);
#6084=DIRECTION('',(-2.220446049250E-14,0.E0,-1.E0));
#6085=VECTOR('',#6084,8.E-2);
#6086=CARTESIAN_POINT('',(-5.68E0,-3.2E-1,-3.6E0));
#6087=LINE('',#6086,#6085);
#6088=DIRECTION('',(0.E0,-1.E0,0.E0));
#6089=VECTOR('',#6088,1.36E0);
#6090=CARTESIAN_POINT('',(-5.68E0,-3.2E-1,-3.6E0));
#6091=LINE('',#6090,#6089);
#6092=CARTESIAN_POINT('',(-5.68E0,-1.65E0,-4.59E0));
#6093=DIRECTION('',(1.E0,0.E0,0.E0));
#6094=DIRECTION('',(0.E0,0.E0,1.E0));
#6095=AXIS2_PLACEMENT_3D('',#6092,#6093,#6094);
#6097=DIRECTION('',(0.E0,-1.E0,0.E0));
#6098=VECTOR('',#6097,7.75E-1);
#6099=CARTESIAN_POINT('',(-5.68E0,-8.75E-1,-3.7E0));
#6100=LINE('',#6099,#6098);
#6101=DIRECTION('',(-1.E0,0.E0,0.E0));
#6102=VECTOR('',#6101,6.4E-1);
#6103=CARTESIAN_POINT('',(-5.68E0,-1.65E0,-4.34E0));
#6104=LINE('',#6103,#6102);
#6105=DIRECTION('',(0.E0,1.E0,0.E0));
#6106=VECTOR('',#6105,3.8E-1);
#6107=CARTESIAN_POINT('',(-6.32E0,-1.65E0,-4.34E0));
#6108=LINE('',#6107,#6106);
#6109=CARTESIAN_POINT('',(-6.32E0,-1.65E0,-4.59E0));
#6110=DIRECTION('',(1.E0,0.E0,0.E0));
#6111=DIRECTION('',(0.E0,0.E0,1.E0));
#6112=AXIS2_PLACEMENT_3D('',#6109,#6110,#6111);
#6114=DIRECTION('',(0.E0,0.E0,-1.E0));
#6115=VECTOR('',#6114,6.8E-1);
#6116=CARTESIAN_POINT('',(-6.32E0,1.055E0,-3.6E0));
#6117=LINE('',#6116,#6115);
#6118=DIRECTION('',(3.330669073875E-14,0.E0,-1.E0));
#6119=VECTOR('',#6118,8.E-2);
#6120=CARTESIAN_POINT('',(-6.32E0,-3.2E-1,-3.6E0));
#6121=LINE('',#6120,#6119);
#6122=DIRECTION('',(0.E0,-1.E0,0.E0));
#6123=VECTOR('',#6122,7.75E-1);
#6124=CARTESIAN_POINT('',(-6.32E0,-8.75E-1,-3.7E0));
#6125=LINE('',#6124,#6123);
#6126=CARTESIAN_POINT('',(-6.32E0,-1.65E0,-4.59E0));
#6127=DIRECTION('',(1.E0,0.E0,0.E0));
#6128=DIRECTION('',(0.E0,0.E0,1.E0));
#6129=AXIS2_PLACEMENT_3D('',#6126,#6127,#6128);
#6131=DIRECTION('',(-1.E0,0.E0,0.E0));
#6132=VECTOR('',#6131,6.4E-1);
#6133=CARTESIAN_POINT('',(-5.68E0,-1.9E0,-4.59E0));
#6134=LINE('',#6133,#6132);
#6135=DIRECTION('',(0.E0,1.E0,0.E0));
#6136=VECTOR('',#6135,2.325E0);
#6137=CARTESIAN_POINT('',(-6.32E0,-1.27E0,-4.34E0));
#6138=LINE('',#6137,#6136);
#6139=DIRECTION('',(-4.440892098501E-14,0.E0,1.E0));
#6140=VECTOR('',#6139,6.E-2);
#6141=CARTESIAN_POINT('',(-6.32E0,1.055E0,-4.34E0));
#6142=LINE('',#6141,#6140);
#6143=DIRECTION('',(1.776356839400E-13,0.E0,-1.E0));
#6144=VECTOR('',#6143,2.E-2);
#6145=CARTESIAN_POINT('',(-6.32E0,-3.2E-1,-3.68E0));
#6146=LINE('',#6145,#6144);
#6147=DIRECTION('',(0.E0,-1.E0,0.E0));
#6148=VECTOR('',#6147,5.55E-1);
#6149=CARTESIAN_POINT('',(-6.32E0,-3.2E-1,-3.7E0));
#6150=LINE('',#6149,#6148);
#6151=CARTESIAN_POINT('',(-6.32E0,-1.65E0,-4.59E0));
#6152=DIRECTION('',(1.E0,0.E0,0.E0));
#6153=DIRECTION('',(0.E0,-3.370786516854E-2,9.994317284466E-1));
#6154=AXIS2_PLACEMENT_3D('',#6151,#6152,#6153);
#6156=DIRECTION('',(0.E0,0.E0,-1.E0));
#6157=VECTOR('',#6156,8.8E-1);
#6158=CARTESIAN_POINT('',(-6.32E0,-2.54E0,-4.59E0));
#6159=LINE('',#6158,#6157);
#6160=CARTESIAN_POINT('',(-6.32E0,-2.22E0,-5.47E0));
#6161=DIRECTION('',(1.E0,0.E0,0.E0));
#6162=DIRECTION('',(0.E0,-1.E0,0.E0));
#6163=AXIS2_PLACEMENT_3D('',#6160,#6161,#6162);
#6165=DIRECTION('',(0.E0,0.E0,1.E0));
#6166=VECTOR('',#6165,8.8E-1);
#6167=CARTESIAN_POINT('',(-6.32E0,-1.9E0,-5.47E0));
#6168=LINE('',#6167,#6166);
#6169=CARTESIAN_POINT('',(-6.32E0,-1.65E0,-4.59E0));
#6170=DIRECTION('',(-1.E0,0.E0,0.E0));
#6171=DIRECTION('',(0.E0,-1.E0,0.E0));
#6172=AXIS2_PLACEMENT_3D('',#6169,#6170,#6171);
#6174=DIRECTION('',(0.E0,1.E0,0.E0));
#6175=VECTOR('',#6174,6.4E-1);
#6176=CARTESIAN_POINT('',(-6.32E0,-3.2E-1,2.06E0));
#6177=LINE('',#6176,#6175);
#6178=DIRECTION('',(0.E0,0.E0,-1.E0));
#6179=VECTOR('',#6178,3.71E0);
#6180=CARTESIAN_POINT('',(-6.32E0,-3.2E-1,2.06E0));
#6181=LINE('',#6180,#6179);
#6182=DIRECTION('',(0.E0,0.E0,1.E0));
#6183=VECTOR('',#6182,3.71E0);
#6184=CARTESIAN_POINT('',(-6.32E0,3.2E-1,-1.65E0));
#6185=LINE('',#6184,#6183);
#6186=DIRECTION('',(-1.E0,0.E0,0.E0));
#6187=VECTOR('',#6186,6.4E-1);
#6188=CARTESIAN_POINT('',(-5.68E0,1.055E0,-4.34E0));
#6189=LINE('',#6188,#6187);
#6190=DIRECTION('',(0.E0,-1.E0,0.E0));
#6191=VECTOR('',#6190,5.55E-1);
#6192=CARTESIAN_POINT('',(-5.68E0,-3.2E-1,-3.7E0));
#6193=LINE('',#6192,#6191);
#6194=DIRECTION('',(-4.440892098501E-14,0.E0,-1.E0));
#6195=VECTOR('',#6194,2.E-2);
#6196=CARTESIAN_POINT('',(-5.68E0,-3.2E-1,-3.68E0));
#6197=LINE('',#6196,#6195);
#6198=DIRECTION('',(2.960594732334E-14,0.E0,1.E0));
#6199=VECTOR('',#6198,6.E-2);
#6200=CARTESIAN_POINT('',(-5.68E0,1.055E0,-4.34E0));
#6201=LINE('',#6200,#6199);
#6202=DIRECTION('',(0.E0,1.E0,0.E0));
#6203=VECTOR('',#6202,2.325E0);
#6204=CARTESIAN_POINT('',(-5.68E0,-1.27E0,-4.34E0));
#6205=LINE('',#6204,#6203);
#6206=CARTESIAN_POINT('',(-5.68E0,-1.65E0,-4.59E0));
#6207=DIRECTION('',(-1.E0,0.E0,0.E0));
#6208=DIRECTION('',(0.E0,-1.E0,0.E0));
#6209=AXIS2_PLACEMENT_3D('',#6206,#6207,#6208);
#6211=DIRECTION('',(0.E0,0.E0,1.E0));
#6212=VECTOR('',#6211,8.8E-1);
#6213=CARTESIAN_POINT('',(-5.68E0,-1.9E0,-5.47E0));
#6214=LINE('',#6213,#6212);
#6215=CARTESIAN_POINT('',(-5.68E0,-2.22E0,-5.47E0));
#6216=DIRECTION('',(1.E0,0.E0,0.E0));
#6217=DIRECTION('',(0.E0,-1.E0,0.E0));
#6218=AXIS2_PLACEMENT_3D('',#6215,#6216,#6217);
#6220=DIRECTION('',(0.E0,0.E0,-1.E0));
#6221=VECTOR('',#6220,8.8E-1);
#6222=CARTESIAN_POINT('',(-5.68E0,-2.54E0,-4.59E0));
#6223=LINE('',#6222,#6221);
#6224=CARTESIAN_POINT('',(-5.68E0,-1.65E0,-4.59E0));
#6225=DIRECTION('',(1.E0,0.E0,0.E0));
#6226=DIRECTION('',(0.E0,-3.370786516854E-2,9.994317284466E-1));
#6227=AXIS2_PLACEMENT_3D('',#6224,#6225,#6226);
#6229=DIRECTION('',(0.E0,-1.E0,0.E0));
#6230=VECTOR('',#6229,6.4E-1);
#6231=CARTESIAN_POINT('',(-5.68E0,3.2E-1,2.06E0));
#6232=LINE('',#6231,#6230);
#6233=DIRECTION('',(0.E0,0.E0,1.E0));
#6234=VECTOR('',#6233,3.71E0);
#6235=CARTESIAN_POINT('',(-5.68E0,3.2E-1,-1.65E0));
#6236=LINE('',#6235,#6234);
#6237=DIRECTION('',(0.E0,0.E0,-1.E0));
#6238=VECTOR('',#6237,3.71E0);
#6239=CARTESIAN_POINT('',(-5.68E0,-3.2E-1,2.06E0));
#6240=LINE('',#6239,#6238);
#6241=DIRECTION('',(-1.E0,0.E0,0.E0));
#6242=VECTOR('',#6241,6.4E-1);
#6243=CARTESIAN_POINT('',(-5.68E0,-3.2E-1,-3.7E0));
#6244=LINE('',#6243,#6242);
#6245=DIRECTION('',(-1.E0,0.E0,0.E0));
#6246=VECTOR('',#6245,6.4E-1);
#6247=CARTESIAN_POINT('',(-5.68E0,-3.2E-1,2.06E0));
#6248=LINE('',#6247,#6246);
#6249=DIRECTION('',(1.E0,0.E0,0.E0));
#6250=VECTOR('',#6249,6.4E-1);
#6251=CARTESIAN_POINT('',(-6.32E0,1.055E0,-3.6E0));
#6252=LINE('',#6251,#6250);
#6253=DIRECTION('',(0.E0,-1.E0,0.E0));
#6254=VECTOR('',#6253,8.75E-1);
#6255=CARTESIAN_POINT('',(-6.32E0,1.93E0,-3.6E0));
#6256=LINE('',#6255,#6254);
#6257=DIRECTION('',(1.E0,0.E0,0.E0));
#6258=VECTOR('',#6257,6.4E-1);
#6259=CARTESIAN_POINT('',(-6.32E0,-3.2E-1,-3.6E0));
#6260=LINE('',#6259,#6258);
#6261=DIRECTION('',(0.E0,-1.E0,0.E0));
#6262=VECTOR('',#6261,1.36E0);
#6263=CARTESIAN_POINT('',(-6.32E0,-3.2E-1,-3.6E0));
#6264=LINE('',#6263,#6262);
#6265=DIRECTION('',(-3.312945782245E-1,3.312945782245E-1,8.834522085988E-1));
#6266=VECTOR('',#6265,4.527692569069E-1);
#6267=CARTESIAN_POINT('',(-5.68E0,-3.2E-1,2.06E0));
#6268=LINE('',#6267,#6266);
#6269=DIRECTION('',(-3.312945782245E-1,-3.312945782245E-1,-8.834522085988E-1));
#6270=VECTOR('',#6269,4.527692569069E-1);
#6271=CARTESIAN_POINT('',(-6.17E0,-1.7E-1,2.46E0));
#6272=LINE('',#6271,#6270);
#6273=DIRECTION('',(-1.E0,0.E0,0.E0));
#6274=VECTOR('',#6273,3.4E-1);
#6275=CARTESIAN_POINT('',(-5.83E0,-1.7E-1,2.46E0));
#6276=LINE('',#6275,#6274);
#6277=DIRECTION('',(0.E0,1.E0,0.E0));
#6278=VECTOR('',#6277,3.4E-1);
#6279=CARTESIAN_POINT('',(-6.17E0,-1.7E-1,2.46E0));
#6280=LINE('',#6279,#6278);
#6281=DIRECTION('',(-1.E0,0.E0,0.E0));
#6282=VECTOR('',#6281,3.4E-1);
#6283=CARTESIAN_POINT('',(-5.83E0,1.7E-1,2.46E0));
#6284=LINE('',#6283,#6282);
#6285=DIRECTION('',(0.E0,-1.E0,0.E0));
#6286=VECTOR('',#6285,3.4E-1);
#6287=CARTESIAN_POINT('',(-5.83E0,1.7E-1,2.46E0));
#6288=LINE('',#6287,#6286);
#6289=DIRECTION('',(-3.312945782245E-1,3.312945782245E-1,-8.834522085988E-1));
#6290=VECTOR('',#6289,4.527692569069E-1);
#6291=CARTESIAN_POINT('',(-6.17E0,1.7E-1,2.46E0));
#6292=LINE('',#6291,#6290);
#6293=DIRECTION('',(3.312945782245E-1,3.312945782245E-1,-8.834522085988E-1));
#6294=VECTOR('',#6293,4.527692569069E-1);
#6295=CARTESIAN_POINT('',(-5.83E0,1.7E-1,2.46E0));
#6296=LINE('',#6295,#6294);
#6297=DIRECTION('',(-1.E0,0.E0,0.E0));
#6298=VECTOR('',#6297,6.4E-1);
#6299=CARTESIAN_POINT('',(-5.68E0,3.2E-1,2.06E0));
#6300=LINE('',#6299,#6298);
#6301=DIRECTION('',(-1.E0,0.E0,0.E0));
#6302=VECTOR('',#6301,6.4E-1);
#6303=CARTESIAN_POINT('',(-5.68E0,-1.65E0,-3.7E0));
#6304=LINE('',#6303,#6302);
#6305=DIRECTION('',(-1.E0,0.E0,0.E0));
#6306=VECTOR('',#6305,6.4E-1);
#6307=CARTESIAN_POINT('',(-5.68E0,-2.54E0,-4.59E0));
#6308=LINE('',#6307,#6306);
#6309=DIRECTION('',(-1.E0,0.E0,0.E0));
#6310=VECTOR('',#6309,6.4E-1);
#6311=CARTESIAN_POINT('',(-5.68E0,-2.54E0,-5.47E0));
#6312=LINE('',#6311,#6310);
#6313=DIRECTION('',(-1.E0,0.E0,0.E0));
#6314=VECTOR('',#6313,6.4E-1);
#6315=CARTESIAN_POINT('',(-5.68E0,-1.9E0,-5.47E0));
#6316=LINE('',#6315,#6314);
#6317=DIRECTION('',(0.E0,1.E0,0.E0));
#6318=VECTOR('',#6317,3.8E-1);
#6319=CARTESIAN_POINT('',(-8.68E0,-1.65E0,-4.34E0));
#6320=LINE('',#6319,#6318);
#6321=CARTESIAN_POINT('',(-8.68E0,-1.65E0,-4.59E0));
#6322=DIRECTION('',(1.E0,0.E0,0.E0));
#6323=DIRECTION('',(0.E0,0.E0,1.E0));
#6324=AXIS2_PLACEMENT_3D('',#6321,#6322,#6323);
#6326=DIRECTION('',(0.E0,0.E0,-1.E0));
#6327=VECTOR('',#6326,6.8E-1);
#6328=CARTESIAN_POINT('',(-8.68E0,1.055E0,-3.6E0));
#6329=LINE('',#6328,#6327);
#6330=DIRECTION('',(0.E0,-1.E0,0.E0));
#6331=VECTOR('',#6330,8.75E-1);
#6332=CARTESIAN_POINT('',(-8.68E0,1.93E0,-3.6E0));
#6333=LINE('',#6332,#6331);
#6334=DIRECTION('',(-4.440892098501E-14,0.E0,-1.E0));
#6335=VECTOR('',#6334,8.E-2);
#6336=CARTESIAN_POINT('',(-8.68E0,-3.2E-1,-3.6E0));
#6337=LINE('',#6336,#6335);
#6338=DIRECTION('',(0.E0,-1.E0,0.E0));
#6339=VECTOR('',#6338,1.36E0);
#6340=CARTESIAN_POINT('',(-8.68E0,-3.2E-1,-3.6E0));
#6341=LINE('',#6340,#6339);
#6342=CARTESIAN_POINT('',(-8.68E0,-1.65E0,-4.59E0));
#6343=DIRECTION('',(1.E0,0.E0,0.E0));
#6344=DIRECTION('',(0.E0,0.E0,1.E0));
#6345=AXIS2_PLACEMENT_3D('',#6342,#6343,#6344);
#6347=DIRECTION('',(0.E0,-1.E0,0.E0));
#6348=VECTOR('',#6347,7.75E-1);
#6349=CARTESIAN_POINT('',(-8.68E0,-8.75E-1,-3.7E0));
#6350=LINE('',#6349,#6348);
#6351=DIRECTION('',(-1.E0,0.E0,0.E0));
#6352=VECTOR('',#6351,6.4E-1);
#6353=CARTESIAN_POINT('',(-8.68E0,-1.9E0,-4.59E0));
#6354=LINE('',#6353,#6352);
#6355=DIRECTION('',(0.E0,1.E0,0.E0));
#6356=VECTOR('',#6355,2.325E0);
#6357=CARTESIAN_POINT('',(-9.32E0,-1.27E0,-4.34E0));
#6358=LINE('',#6357,#6356);
#6359=DIRECTION('',(-2.960594732334E-14,0.E0,1.E0));
#6360=VECTOR('',#6359,6.E-2);
#6361=CARTESIAN_POINT('',(-9.32E0,1.055E0,-4.34E0));
#6362=LINE('',#6361,#6360);
#6363=DIRECTION('',(0.E0,0.E0,-1.E0));
#6364=VECTOR('',#6363,2.E-2);
#6365=CARTESIAN_POINT('',(-9.32E0,-3.2E-1,-3.68E0));
#6366=LINE('',#6365,#6364);
#6367=DIRECTION('',(0.E0,-1.E0,0.E0));
#6368=VECTOR('',#6367,5.55E-1);
#6369=CARTESIAN_POINT('',(-9.32E0,-3.2E-1,-3.7E0));
#6370=LINE('',#6369,#6368);
#6371=CARTESIAN_POINT('',(-9.32E0,-1.65E0,-4.59E0));
#6372=DIRECTION('',(1.E0,0.E0,0.E0));
#6373=DIRECTION('',(0.E0,-3.370786516854E-2,9.994317284466E-1));
#6374=AXIS2_PLACEMENT_3D('',#6371,#6372,#6373);
#6376=DIRECTION('',(0.E0,0.E0,-1.E0));
#6377=VECTOR('',#6376,8.8E-1);
#6378=CARTESIAN_POINT('',(-9.32E0,-2.54E0,-4.59E0));
#6379=LINE('',#6378,#6377);
#6380=CARTESIAN_POINT('',(-9.32E0,-2.22E0,-5.47E0));
#6381=DIRECTION('',(1.E0,0.E0,0.E0));
#6382=DIRECTION('',(0.E0,-1.E0,0.E0));
#6383=AXIS2_PLACEMENT_3D('',#6380,#6381,#6382);
#6385=DIRECTION('',(0.E0,0.E0,1.E0));
#6386=VECTOR('',#6385,8.8E-1);
#6387=CARTESIAN_POINT('',(-9.32E0,-1.9E0,-5.47E0));
#6388=LINE('',#6387,#6386);
#6389=CARTESIAN_POINT('',(-9.32E0,-1.65E0,-4.59E0));
#6390=DIRECTION('',(-1.E0,0.E0,0.E0));
#6391=DIRECTION('',(0.E0,-1.E0,0.E0));
#6392=AXIS2_PLACEMENT_3D('',#6389,#6390,#6391);
#6394=DIRECTION('',(0.E0,1.E0,0.E0));
#6395=VECTOR('',#6394,6.4E-1);
#6396=CARTESIAN_POINT('',(-9.32E0,-3.2E-1,2.06E0));
#6397=LINE('',#6396,#6395);
#6398=DIRECTION('',(0.E0,0.E0,-1.E0));
#6399=VECTOR('',#6398,3.71E0);
#6400=CARTESIAN_POINT('',(-9.32E0,-3.2E-1,2.06E0));
#6401=LINE('',#6400,#6399);
#6402=DIRECTION('',(0.E0,0.E0,1.E0));
#6403=VECTOR('',#6402,3.71E0);
#6404=CARTESIAN_POINT('',(-9.32E0,3.2E-1,-1.65E0));
#6405=LINE('',#6404,#6403);
#6406=DIRECTION('',(-1.E0,0.E0,0.E0));
#6407=VECTOR('',#6406,6.4E-1);
#6408=CARTESIAN_POINT('',(-8.68E0,1.055E0,-4.34E0));
#6409=LINE('',#6408,#6407);
#6410=DIRECTION('',(0.E0,-1.E0,0.E0));
#6411=VECTOR('',#6410,5.55E-1);
#6412=CARTESIAN_POINT('',(-8.68E0,-3.2E-1,-3.7E0));
#6413=LINE('',#6412,#6411);
#6414=DIRECTION('',(-8.881784197001E-14,0.E0,-1.E0));
#6415=VECTOR('',#6414,2.E-2);
#6416=CARTESIAN_POINT('',(-8.68E0,-3.2E-1,-3.68E0));
#6417=LINE('',#6416,#6415);
#6418=DIRECTION('',(2.960594732334E-14,0.E0,1.E0));
#6419=VECTOR('',#6418,6.E-2);
#6420=CARTESIAN_POINT('',(-8.68E0,1.055E0,-4.34E0));
#6421=LINE('',#6420,#6419);
#6422=DIRECTION('',(0.E0,1.E0,0.E0));
#6423=VECTOR('',#6422,2.325E0);
#6424=CARTESIAN_POINT('',(-8.68E0,-1.27E0,-4.34E0));
#6425=LINE('',#6424,#6423);
#6426=CARTESIAN_POINT('',(-8.68E0,-1.65E0,-4.59E0));
#6427=DIRECTION('',(-1.E0,0.E0,0.E0));
#6428=DIRECTION('',(0.E0,-1.E0,0.E0));
#6429=AXIS2_PLACEMENT_3D('',#6426,#6427,#6428);
#6431=DIRECTION('',(0.E0,0.E0,1.E0));
#6432=VECTOR('',#6431,8.8E-1);
#6433=CARTESIAN_POINT('',(-8.68E0,-1.9E0,-5.47E0));
#6434=LINE('',#6433,#6432);
#6435=CARTESIAN_POINT('',(-8.68E0,-2.22E0,-5.47E0));
#6436=DIRECTION('',(1.E0,0.E0,0.E0));
#6437=DIRECTION('',(0.E0,-1.E0,0.E0));
#6438=AXIS2_PLACEMENT_3D('',#6435,#6436,#6437);
#6440=DIRECTION('',(0.E0,0.E0,-1.E0));
#6441=VECTOR('',#6440,8.8E-1);
#6442=CARTESIAN_POINT('',(-8.68E0,-2.54E0,-4.59E0));
#6443=LINE('',#6442,#6441);
#6444=CARTESIAN_POINT('',(-8.68E0,-1.65E0,-4.59E0));
#6445=DIRECTION('',(1.E0,0.E0,0.E0));
#6446=DIRECTION('',(0.E0,-3.370786516854E-2,9.994317284466E-1));
#6447=AXIS2_PLACEMENT_3D('',#6444,#6445,#6446);
#6449=DIRECTION('',(0.E0,-1.E0,0.E0));
#6450=VECTOR('',#6449,6.4E-1);
#6451=CARTESIAN_POINT('',(-8.68E0,3.2E-1,2.06E0));
#6452=LINE('',#6451,#6450);
#6453=DIRECTION('',(0.E0,0.E0,1.E0));
#6454=VECTOR('',#6453,3.71E0);
#6455=CARTESIAN_POINT('',(-8.68E0,3.2E-1,-1.65E0));
#6456=LINE('',#6455,#6454);
#6457=DIRECTION('',(0.E0,0.E0,-1.E0));
#6458=VECTOR('',#6457,3.71E0);
#6459=CARTESIAN_POINT('',(-8.68E0,-3.2E-1,2.06E0));
#6460=LINE('',#6459,#6458);
#6461=DIRECTION('',(-1.E0,0.E0,0.E0));
#6462=VECTOR('',#6461,6.4E-1);
#6463=CARTESIAN_POINT('',(-8.68E0,-3.2E-1,-3.7E0));
#6464=LINE('',#6463,#6462);
#6465=DIRECTION('',(-1.E0,0.E0,0.E0));
#6466=VECTOR('',#6465,6.4E-1);
#6467=CARTESIAN_POINT('',(-8.68E0,-3.2E-1,2.06E0));
#6468=LINE('',#6467,#6466);
#6469=DIRECTION('',(1.E0,0.E0,0.E0));
#6470=VECTOR('',#6469,6.4E-1);
#6471=CARTESIAN_POINT('',(-9.32E0,1.055E0,-3.6E0));
#6472=LINE('',#6471,#6470);
#6473=DIRECTION('',(0.E0,-1.E0,0.E0));
#6474=VECTOR('',#6473,8.75E-1);
#6475=CARTESIAN_POINT('',(-9.32E0,1.93E0,-3.6E0));
#6476=LINE('',#6475,#6474);
#6477=DIRECTION('',(1.E0,0.E0,0.E0));
#6478=VECTOR('',#6477,6.4E-1);
#6479=CARTESIAN_POINT('',(-9.32E0,-3.2E-1,-3.6E0));
#6480=LINE('',#6479,#6478);
#6481=DIRECTION('',(0.E0,-1.E0,0.E0));
#6482=VECTOR('',#6481,1.36E0);
#6483=CARTESIAN_POINT('',(-9.32E0,-3.2E-1,-3.6E0));
#6484=LINE('',#6483,#6482);
#6485=DIRECTION('',(-3.312945782245E-1,3.312945782245E-1,8.834522085988E-1));
#6486=VECTOR('',#6485,4.527692569069E-1);
#6487=CARTESIAN_POINT('',(-8.68E0,-3.2E-1,2.06E0));
#6488=LINE('',#6487,#6486);
#6489=DIRECTION('',(-3.312945782245E-1,-3.312945782245E-1,-8.834522085988E-1));
#6490=VECTOR('',#6489,4.527692569069E-1);
#6491=CARTESIAN_POINT('',(-9.17E0,-1.7E-1,2.46E0));
#6492=LINE('',#6491,#6490);
#6493=DIRECTION('',(-1.E0,0.E0,0.E0));
#6494=VECTOR('',#6493,3.4E-1);
#6495=CARTESIAN_POINT('',(-8.83E0,-1.7E-1,2.46E0));
#6496=LINE('',#6495,#6494);
#6497=DIRECTION('',(0.E0,1.E0,0.E0));
#6498=VECTOR('',#6497,3.4E-1);
#6499=CARTESIAN_POINT('',(-9.17E0,-1.7E-1,2.46E0));
#6500=LINE('',#6499,#6498);
#6501=DIRECTION('',(-1.E0,0.E0,0.E0));
#6502=VECTOR('',#6501,3.4E-1);
#6503=CARTESIAN_POINT('',(-8.83E0,1.7E-1,2.46E0));
#6504=LINE('',#6503,#6502);
#6505=DIRECTION('',(0.E0,-1.E0,0.E0));
#6506=VECTOR('',#6505,3.4E-1);
#6507=CARTESIAN_POINT('',(-8.83E0,1.7E-1,2.46E0));
#6508=LINE('',#6507,#6506);
#6509=DIRECTION('',(-3.312945782245E-1,3.312945782245E-1,-8.834522085988E-1));
#6510=VECTOR('',#6509,4.527692569069E-1);
#6511=CARTESIAN_POINT('',(-9.17E0,1.7E-1,2.46E0));
#6512=LINE('',#6511,#6510);
#6513=DIRECTION('',(3.312945782245E-1,3.312945782245E-1,-8.834522085988E-1));
#6514=VECTOR('',#6513,4.527692569069E-1);
#6515=CARTESIAN_POINT('',(-8.83E0,1.7E-1,2.46E0));
#6516=LINE('',#6515,#6514);
#6517=DIRECTION('',(-1.E0,0.E0,0.E0));
#6518=VECTOR('',#6517,6.4E-1);
#6519=CARTESIAN_POINT('',(-8.68E0,3.2E-1,2.06E0));
#6520=LINE('',#6519,#6518);
#6521=DIRECTION('',(-1.E0,0.E0,0.E0));
#6522=VECTOR('',#6521,6.4E-1);
#6523=CARTESIAN_POINT('',(-8.68E0,-1.65E0,-3.7E0));
#6524=LINE('',#6523,#6522);
#6525=DIRECTION('',(-1.E0,0.E0,0.E0));
#6526=VECTOR('',#6525,6.4E-1);
#6527=CARTESIAN_POINT('',(-8.68E0,-2.54E0,-4.59E0));
#6528=LINE('',#6527,#6526);
#6529=DIRECTION('',(-1.E0,0.E0,0.E0));
#6530=VECTOR('',#6529,6.4E-1);
#6531=CARTESIAN_POINT('',(-8.68E0,-2.54E0,-5.47E0));
#6532=LINE('',#6531,#6530);
#6533=DIRECTION('',(-1.E0,0.E0,0.E0));
#6534=VECTOR('',#6533,6.4E-1);
#6535=CARTESIAN_POINT('',(-8.68E0,-1.9E0,-5.47E0));
#6536=LINE('',#6535,#6534);
#6537=DIRECTION('',(0.E0,1.E0,0.E0));
#6538=VECTOR('',#6537,3.8E-1);
#6539=CARTESIAN_POINT('',(-1.168E1,-1.65E0,-4.34E0));
#6540=LINE('',#6539,#6538);
#6541=CARTESIAN_POINT('',(-1.168E1,-1.65E0,-4.59E0));
#6542=DIRECTION('',(1.E0,0.E0,0.E0));
#6543=DIRECTION('',(0.E0,0.E0,1.E0));
#6544=AXIS2_PLACEMENT_3D('',#6541,#6542,#6543);
#6546=DIRECTION('',(0.E0,0.E0,-1.E0));
#6547=VECTOR('',#6546,6.8E-1);
#6548=CARTESIAN_POINT('',(-1.168E1,1.055E0,-3.6E0));
#6549=LINE('',#6548,#6547);
#6550=DIRECTION('',(0.E0,-1.E0,0.E0));
#6551=VECTOR('',#6550,8.75E-1);
#6552=CARTESIAN_POINT('',(-1.168E1,1.93E0,-3.6E0));
#6553=LINE('',#6552,#6551);
#6554=DIRECTION('',(-4.440892098501E-14,0.E0,-1.E0));
#6555=VECTOR('',#6554,8.E-2);
#6556=CARTESIAN_POINT('',(-1.168E1,-3.2E-1,-3.6E0));
#6557=LINE('',#6556,#6555);
#6558=DIRECTION('',(0.E0,-1.E0,0.E0));
#6559=VECTOR('',#6558,1.36E0);
#6560=CARTESIAN_POINT('',(-1.168E1,-3.2E-1,-3.6E0));
#6561=LINE('',#6560,#6559);
#6562=CARTESIAN_POINT('',(-1.168E1,-1.65E0,-4.59E0));
#6563=DIRECTION('',(1.E0,0.E0,0.E0));
#6564=DIRECTION('',(0.E0,0.E0,1.E0));
#6565=AXIS2_PLACEMENT_3D('',#6562,#6563,#6564);
#6567=DIRECTION('',(0.E0,-1.E0,0.E0));
#6568=VECTOR('',#6567,7.75E-1);
#6569=CARTESIAN_POINT('',(-1.168E1,-8.75E-1,-3.7E0));
#6570=LINE('',#6569,#6568);
#6571=DIRECTION('',(-1.E0,0.E0,0.E0));
#6572=VECTOR('',#6571,6.4E-1);
#6573=CARTESIAN_POINT('',(-1.168E1,-1.65E0,-4.34E0));
#6574=LINE('',#6573,#6572);
#6575=DIRECTION('',(0.E0,1.E0,0.E0));
#6576=VECTOR('',#6575,3.8E-1);
#6577=CARTESIAN_POINT('',(-1.232E1,-1.65E0,-4.34E0));
#6578=LINE('',#6577,#6576);
#6579=CARTESIAN_POINT('',(-1.232E1,-1.65E0,-4.59E0));
#6580=DIRECTION('',(1.E0,0.E0,0.E0));
#6581=DIRECTION('',(0.E0,0.E0,1.E0));
#6582=AXIS2_PLACEMENT_3D('',#6579,#6580,#6581);
#6584=DIRECTION('',(0.E0,0.E0,-1.E0));
#6585=VECTOR('',#6584,6.8E-1);
#6586=CARTESIAN_POINT('',(-1.232E1,1.055E0,-3.6E0));
#6587=LINE('',#6586,#6585);
#6588=DIRECTION('',(2.220446049250E-14,0.E0,-1.E0));
#6589=VECTOR('',#6588,8.E-2);
#6590=CARTESIAN_POINT('',(-1.232E1,-3.2E-1,-3.6E0));
#6591=LINE('',#6590,#6589);
#6592=DIRECTION('',(0.E0,-1.E0,0.E0));
#6593=VECTOR('',#6592,7.75E-1);
#6594=CARTESIAN_POINT('',(-1.232E1,-8.75E-1,-3.7E0));
#6595=LINE('',#6594,#6593);
#6596=CARTESIAN_POINT('',(-1.232E1,-1.65E0,-4.59E0));
#6597=DIRECTION('',(1.E0,0.E0,0.E0));
#6598=DIRECTION('',(0.E0,0.E0,1.E0));
#6599=AXIS2_PLACEMENT_3D('',#6596,#6597,#6598);
#6601=DIRECTION('',(-1.E0,0.E0,0.E0));
#6602=VECTOR('',#6601,6.4E-1);
#6603=CARTESIAN_POINT('',(-1.168E1,-1.9E0,-4.59E0));
#6604=LINE('',#6603,#6602);
#6605=DIRECTION('',(0.E0,1.E0,0.E0));
#6606=VECTOR('',#6605,2.325E0);
#6607=CARTESIAN_POINT('',(-1.232E1,-1.27E0,-4.34E0));
#6608=LINE('',#6607,#6606);
#6609=DIRECTION('',(-5.921189464668E-14,0.E0,1.E0));
#6610=VECTOR('',#6609,6.E-2);
#6611=CARTESIAN_POINT('',(-1.232E1,1.055E0,-4.34E0));
#6612=LINE('',#6611,#6610);
#6613=DIRECTION('',(0.E0,0.E0,-1.E0));
#6614=VECTOR('',#6613,2.E-2);
#6615=CARTESIAN_POINT('',(-1.232E1,-3.2E-1,-3.68E0));
#6616=LINE('',#6615,#6614);
#6617=DIRECTION('',(0.E0,-1.E0,0.E0));
#6618=VECTOR('',#6617,5.55E-1);
#6619=CARTESIAN_POINT('',(-1.232E1,-3.2E-1,-3.7E0));
#6620=LINE('',#6619,#6618);
#6621=CARTESIAN_POINT('',(-1.232E1,-1.65E0,-4.59E0));
#6622=DIRECTION('',(1.E0,0.E0,0.E0));
#6623=DIRECTION('',(0.E0,-3.370786516854E-2,9.994317284466E-1));
#6624=AXIS2_PLACEMENT_3D('',#6621,#6622,#6623);
#6626=DIRECTION('',(0.E0,0.E0,-1.E0));
#6627=VECTOR('',#6626,8.8E-1);
#6628=CARTESIAN_POINT('',(-1.232E1,-2.54E0,-4.59E0));
#6629=LINE('',#6628,#6627);
#6630=CARTESIAN_POINT('',(-1.232E1,-2.22E0,-5.47E0));
#6631=DIRECTION('',(1.E0,0.E0,0.E0));
#6632=DIRECTION('',(0.E0,-1.E0,0.E0));
#6633=AXIS2_PLACEMENT_3D('',#6630,#6631,#6632);
#6635=DIRECTION('',(0.E0,0.E0,1.E0));
#6636=VECTOR('',#6635,8.8E-1);
#6637=CARTESIAN_POINT('',(-1.232E1,-1.9E0,-5.47E0));
#6638=LINE('',#6637,#6636);
#6639=CARTESIAN_POINT('',(-1.232E1,-1.65E0,-4.59E0));
#6640=DIRECTION('',(-1.E0,0.E0,0.E0));
#6641=DIRECTION('',(0.E0,-1.E0,0.E0));
#6642=AXIS2_PLACEMENT_3D('',#6639,#6640,#6641);
#6644=DIRECTION('',(0.E0,1.E0,0.E0));
#6645=VECTOR('',#6644,6.4E-1);
#6646=CARTESIAN_POINT('',(-1.232E1,-3.2E-1,2.06E0));
#6647=LINE('',#6646,#6645);
#6648=DIRECTION('',(0.E0,0.E0,-1.E0));
#6649=VECTOR('',#6648,3.71E0);
#6650=CARTESIAN_POINT('',(-1.232E1,-3.2E-1,2.06E0));
#6651=LINE('',#6650,#6649);
#6652=DIRECTION('',(0.E0,0.E0,1.E0));
#6653=VECTOR('',#6652,3.71E0);
#6654=CARTESIAN_POINT('',(-1.232E1,3.2E-1,-1.65E0));
#6655=LINE('',#6654,#6653);
#6656=DIRECTION('',(-1.E0,0.E0,0.E0));
#6657=VECTOR('',#6656,6.4E-1);
#6658=CARTESIAN_POINT('',(-1.168E1,1.055E0,-4.34E0));
#6659=LINE('',#6658,#6657);
#6660=DIRECTION('',(0.E0,-1.E0,0.E0));
#6661=VECTOR('',#6660,5.55E-1);
#6662=CARTESIAN_POINT('',(-1.168E1,-3.2E-1,-3.7E0));
#6663=LINE('',#6662,#6661);
#6664=DIRECTION('',(-1.776356839400E-13,0.E0,-1.E0));
#6665=VECTOR('',#6664,2.E-2);
#6666=CARTESIAN_POINT('',(-1.168E1,-3.2E-1,-3.68E0));
#6667=LINE('',#6666,#6665);
#6668=DIRECTION('',(0.E0,0.E0,1.E0));
#6669=VECTOR('',#6668,6.E-2);
#6670=CARTESIAN_POINT('',(-1.168E1,1.055E0,-4.34E0));
#6671=LINE('',#6670,#6669);
#6672=DIRECTION('',(0.E0,1.E0,0.E0));
#6673=VECTOR('',#6672,2.325E0);
#6674=CARTESIAN_POINT('',(-1.168E1,-1.27E0,-4.34E0));
#6675=LINE('',#6674,#6673);
#6676=CARTESIAN_POINT('',(-1.168E1,-1.65E0,-4.59E0));
#6677=DIRECTION('',(-1.E0,0.E0,0.E0));
#6678=DIRECTION('',(0.E0,-1.E0,0.E0));
#6679=AXIS2_PLACEMENT_3D('',#6676,#6677,#6678);
#6681=DIRECTION('',(0.E0,0.E0,1.E0));
#6682=VECTOR('',#6681,8.8E-1);
#6683=CARTESIAN_POINT('',(-1.168E1,-1.9E0,-5.47E0));
#6684=LINE('',#6683,#6682);
#6685=CARTESIAN_POINT('',(-1.168E1,-2.22E0,-5.47E0));
#6686=DIRECTION('',(1.E0,0.E0,0.E0));
#6687=DIRECTION('',(0.E0,-1.E0,0.E0));
#6688=AXIS2_PLACEMENT_3D('',#6685,#6686,#6687);
#6690=DIRECTION('',(0.E0,0.E0,-1.E0));
#6691=VECTOR('',#6690,8.8E-1);
#6692=CARTESIAN_POINT('',(-1.168E1,-2.54E0,-4.59E0));
#6693=LINE('',#6692,#6691);
#6694=CARTESIAN_POINT('',(-1.168E1,-1.65E0,-4.59E0));
#6695=DIRECTION('',(1.E0,0.E0,0.E0));
#6696=DIRECTION('',(0.E0,-3.370786516854E-2,9.994317284466E-1));
#6697=AXIS2_PLACEMENT_3D('',#6694,#6695,#6696);
#6699=DIRECTION('',(0.E0,-1.E0,0.E0));
#6700=VECTOR('',#6699,6.4E-1);
#6701=CARTESIAN_POINT('',(-1.168E1,3.2E-1,2.06E0));
#6702=LINE('',#6701,#6700);
#6703=DIRECTION('',(0.E0,0.E0,1.E0));
#6704=VECTOR('',#6703,3.71E0);
#6705=CARTESIAN_POINT('',(-1.168E1,3.2E-1,-1.65E0));
#6706=LINE('',#6705,#6704);
#6707=DIRECTION('',(0.E0,0.E0,-1.E0));
#6708=VECTOR('',#6707,3.71E0);
#6709=CARTESIAN_POINT('',(-1.168E1,-3.2E-1,2.06E0));
#6710=LINE('',#6709,#6708);
#6711=DIRECTION('',(-1.E0,0.E0,0.E0));
#6712=VECTOR('',#6711,6.4E-1);
#6713=CARTESIAN_POINT('',(-1.168E1,-3.2E-1,-3.7E0));
#6714=LINE('',#6713,#6712);
#6715=DIRECTION('',(-1.E0,0.E0,0.E0));
#6716=VECTOR('',#6715,6.4E-1);
#6717=CARTESIAN_POINT('',(-1.168E1,-3.2E-1,2.06E0));
#6718=LINE('',#6717,#6716);
#6719=DIRECTION('',(1.E0,0.E0,0.E0));
#6720=VECTOR('',#6719,6.4E-1);
#6721=CARTESIAN_POINT('',(-1.232E1,1.055E0,-3.6E0));
#6722=LINE('',#6721,#6720);
#6723=DIRECTION('',(0.E0,-1.E0,0.E0));
#6724=VECTOR('',#6723,8.75E-1);
#6725=CARTESIAN_POINT('',(-1.232E1,1.93E0,-3.6E0));
#6726=LINE('',#6725,#6724);
#6727=DIRECTION('',(1.E0,0.E0,0.E0));
#6728=VECTOR('',#6727,6.4E-1);
#6729=CARTESIAN_POINT('',(-1.232E1,-3.2E-1,-3.6E0));
#6730=LINE('',#6729,#6728);
#6731=DIRECTION('',(0.E0,-1.E0,0.E0));
#6732=VECTOR('',#6731,1.36E0);
#6733=CARTESIAN_POINT('',(-1.232E1,-3.2E-1,-3.6E0));
#6734=LINE('',#6733,#6732);
#6735=DIRECTION('',(-3.312945782245E-1,3.312945782245E-1,8.834522085988E-1));
#6736=VECTOR('',#6735,4.527692569069E-1);
#6737=CARTESIAN_POINT('',(-1.168E1,-3.2E-1,2.06E0));
#6738=LINE('',#6737,#6736);
#6739=DIRECTION('',(-3.312945782245E-1,-3.312945782245E-1,-8.834522085988E-1));
#6740=VECTOR('',#6739,4.527692569069E-1);
#6741=CARTESIAN_POINT('',(-1.217E1,-1.7E-1,2.46E0));
#6742=LINE('',#6741,#6740);
#6743=DIRECTION('',(-1.E0,0.E0,0.E0));
#6744=VECTOR('',#6743,3.4E-1);
#6745=CARTESIAN_POINT('',(-1.183E1,-1.7E-1,2.46E0));
#6746=LINE('',#6745,#6744);
#6747=DIRECTION('',(0.E0,1.E0,0.E0));
#6748=VECTOR('',#6747,3.4E-1);
#6749=CARTESIAN_POINT('',(-1.217E1,-1.7E-1,2.46E0));
#6750=LINE('',#6749,#6748);
#6751=DIRECTION('',(-1.E0,0.E0,0.E0));
#6752=VECTOR('',#6751,3.4E-1);
#6753=CARTESIAN_POINT('',(-1.183E1,1.7E-1,2.46E0));
#6754=LINE('',#6753,#6752);
#6755=DIRECTION('',(0.E0,-1.E0,0.E0));
#6756=VECTOR('',#6755,3.4E-1);
#6757=CARTESIAN_POINT('',(-1.183E1,1.7E-1,2.46E0));
#6758=LINE('',#6757,#6756);
#6759=DIRECTION('',(-3.312945782245E-1,3.312945782245E-1,-8.834522085988E-1));
#6760=VECTOR('',#6759,4.527692569069E-1);
#6761=CARTESIAN_POINT('',(-1.217E1,1.7E-1,2.46E0));
#6762=LINE('',#6761,#6760);
#6763=DIRECTION('',(3.312945782245E-1,3.312945782245E-1,-8.834522085988E-1));
#6764=VECTOR('',#6763,4.527692569069E-1);
#6765=CARTESIAN_POINT('',(-1.183E1,1.7E-1,2.46E0));
#6766=LINE('',#6765,#6764);
#6767=DIRECTION('',(-1.E0,0.E0,0.E0));
#6768=VECTOR('',#6767,6.4E-1);
#6769=CARTESIAN_POINT('',(-1.168E1,3.2E-1,2.06E0));
#6770=LINE('',#6769,#6768);
#6771=DIRECTION('',(-1.E0,0.E0,0.E0));
#6772=VECTOR('',#6771,6.4E-1);
#6773=CARTESIAN_POINT('',(-1.168E1,-1.65E0,-3.7E0));
#6774=LINE('',#6773,#6772);
#6775=DIRECTION('',(-1.E0,0.E0,0.E0));
#6776=VECTOR('',#6775,6.4E-1);
#6777=CARTESIAN_POINT('',(-1.168E1,-2.54E0,-4.59E0));
#6778=LINE('',#6777,#6776);
#6779=DIRECTION('',(-1.E0,0.E0,0.E0));
#6780=VECTOR('',#6779,6.4E-1);
#6781=CARTESIAN_POINT('',(-1.168E1,-2.54E0,-5.47E0));
#6782=LINE('',#6781,#6780);
#6783=DIRECTION('',(-1.E0,0.E0,0.E0));
#6784=VECTOR('',#6783,6.4E-1);
#6785=CARTESIAN_POINT('',(-1.168E1,-1.9E0,-5.47E0));
#6786=LINE('',#6785,#6784);
#6787=DIRECTION('',(-1.E0,0.E0,0.E0));
#6788=VECTOR('',#6787,6.4E-1);
#6789=CARTESIAN_POINT('',(-1.468E1,-1.65E0,-3.7E0));
#6790=LINE('',#6789,#6788);
#6791=DIRECTION('',(-1.E0,0.E0,0.E0));
#6792=VECTOR('',#6791,6.4E-1);
#6793=CARTESIAN_POINT('',(-1.468E1,-2.54E0,-4.59E0));
#6794=LINE('',#6793,#6792);
#6795=DIRECTION('',(-1.E0,0.E0,0.E0));
#6796=VECTOR('',#6795,6.4E-1);
#6797=CARTESIAN_POINT('',(-1.468E1,-2.54E0,-5.47E0));
#6798=LINE('',#6797,#6796);
#6799=DIRECTION('',(-1.E0,0.E0,0.E0));
#6800=VECTOR('',#6799,6.4E-1);
#6801=CARTESIAN_POINT('',(-1.468E1,-1.9E0,-5.47E0));
#6802=LINE('',#6801,#6800);
#6803=DIRECTION('',(-3.312945782245E-1,3.312945782245E-1,8.834522085988E-1));
#6804=VECTOR('',#6803,4.527692569069E-1);
#6805=CARTESIAN_POINT('',(-1.468E1,-3.2E-1,2.06E0));
#6806=LINE('',#6805,#6804);
#6807=DIRECTION('',(-3.312945782245E-1,-3.312945782245E-1,-8.834522085988E-1));
#6808=VECTOR('',#6807,4.527692569069E-1);
#6809=CARTESIAN_POINT('',(-1.517E1,-1.7E-1,2.46E0));
#6810=LINE('',#6809,#6808);
#6811=DIRECTION('',(-1.E0,0.E0,0.E0));
#6812=VECTOR('',#6811,3.4E-1);
#6813=CARTESIAN_POINT('',(-1.483E1,-1.7E-1,2.46E0));
#6814=LINE('',#6813,#6812);
#6815=DIRECTION('',(0.E0,1.E0,0.E0));
#6816=VECTOR('',#6815,3.4E-1);
#6817=CARTESIAN_POINT('',(-1.517E1,-1.7E-1,2.46E0));
#6818=LINE('',#6817,#6816);
#6819=DIRECTION('',(-1.E0,0.E0,0.E0));
#6820=VECTOR('',#6819,3.4E-1);
#6821=CARTESIAN_POINT('',(-1.483E1,1.7E-1,2.46E0));
#6822=LINE('',#6821,#6820);
#6823=DIRECTION('',(0.E0,-1.E0,0.E0));
#6824=VECTOR('',#6823,3.4E-1);
#6825=CARTESIAN_POINT('',(-1.483E1,1.7E-1,2.46E0));
#6826=LINE('',#6825,#6824);
#6827=DIRECTION('',(-3.312945782245E-1,3.312945782245E-1,-8.834522085988E-1));
#6828=VECTOR('',#6827,4.527692569069E-1);
#6829=CARTESIAN_POINT('',(-1.517E1,1.7E-1,2.46E0));
#6830=LINE('',#6829,#6828);
#6831=DIRECTION('',(3.312945782245E-1,3.312945782245E-1,-8.834522085988E-1));
#6832=VECTOR('',#6831,4.527692569069E-1);
#6833=CARTESIAN_POINT('',(-1.483E1,1.7E-1,2.46E0));
#6834=LINE('',#6833,#6832);
#6835=DIRECTION('',(-1.E0,0.E0,0.E0));
#6836=VECTOR('',#6835,6.4E-1);
#6837=CARTESIAN_POINT('',(-1.468E1,3.2E-1,2.06E0));
#6838=LINE('',#6837,#6836);
#6839=DIRECTION('',(0.E0,0.E0,1.E0));
#6840=VECTOR('',#6839,6.E-1);
#6841=CARTESIAN_POINT('',(1.6965E1,8.75E-1,-4.28E0));
#6842=LINE('',#6841,#6840);
#6843=DIRECTION('',(0.E0,-1.E0,0.E0));
#6844=VECTOR('',#6843,1.75E0);
#6845=CARTESIAN_POINT('',(1.6965E1,8.75E-1,-3.68E0));
#6846=LINE('',#6845,#6844);
#6847=DIRECTION('',(0.E0,0.E0,-1.E0));
#6848=VECTOR('',#6847,6.E-1);
#6849=CARTESIAN_POINT('',(1.6965E1,-8.75E-1,-3.68E0));
#6850=LINE('',#6849,#6848);
#6851=DIRECTION('',(0.E0,0.E0,1.E0));
#6852=VECTOR('',#6851,1.7E0);
#6853=CARTESIAN_POINT('',(1.6965E1,-1.43E0,-4.95E0));
#6854=LINE('',#6853,#6852);
#6855=DIRECTION('',(1.E0,0.E0,0.E0));
#6856=VECTOR('',#6855,4.E-1);
#6857=CARTESIAN_POINT('',(1.6965E1,-1.43E0,-3.25E0));
#6858=LINE('',#6857,#6856);
#6859=DIRECTION('',(0.E0,-1.E0,0.E0));
#6860=VECTOR('',#6859,3.36E0);
#6861=CARTESIAN_POINT('',(1.6965E1,1.93E0,-3.25E0));
#6862=LINE('',#6861,#6860);
#6863=DIRECTION('',(7.071067811865E-1,0.E0,7.071067811865E-1));
#6864=VECTOR('',#6863,1.979898987322E0);
#6865=CARTESIAN_POINT('',(-1.8325E1,1.25E0,3.55E0));
#6866=LINE('',#6865,#6864);
#6867=DIRECTION('',(7.071067811865E-1,0.E0,7.071067811865E-1));
#6868=VECTOR('',#6867,1.979898987322E0);
#6869=CARTESIAN_POINT('',(-1.8325E1,-1.43E0,3.55E0));
#6870=LINE('',#6869,#6868);
#6871=DIRECTION('',(7.071067811865E-1,0.E0,7.071067811865E-1));
#6872=VECTOR('',#6871,1.979898987322E0);
#6873=CARTESIAN_POINT('',(-1.8325E1,-7.5E-1,3.55E0));
#6874=LINE('',#6873,#6872);
#6875=DIRECTION('',(1.E0,0.E0,0.E0));
#6876=VECTOR('',#6875,4.E-1);
#6877=CARTESIAN_POINT('',(-1.7365E1,-1.43E0,-3.25E0));
#6878=LINE('',#6877,#6876);
#6879=DIRECTION('',(0.E0,-1.E0,0.E0));
#6880=VECTOR('',#6879,3.36E0);
#6881=CARTESIAN_POINT('',(-1.7365E1,1.93E0,-3.25E0));
#6882=LINE('',#6881,#6880);
#6883=DIRECTION('',(0.E0,-1.E0,0.E0));
#6884=VECTOR('',#6883,3.36E0);
#6885=CARTESIAN_POINT('',(-1.6965E1,1.93E0,-3.25E0));
#6886=LINE('',#6885,#6884);
#6887=DIRECTION('',(0.E0,0.E0,-1.E0));
#6888=VECTOR('',#6887,1.7E0);
#6889=CARTESIAN_POINT('',(-1.6965E1,-1.43E0,-3.25E0));
#6890=LINE('',#6889,#6888);
#6891=DIRECTION('',(0.E0,0.E0,-1.E0));
#6892=VECTOR('',#6891,6.E-1);
#6893=CARTESIAN_POINT('',(-1.6965E1,-8.75E-1,-3.68E0));
#6894=LINE('',#6893,#6892);
#6895=DIRECTION('',(0.E0,-1.E0,0.E0));
#6896=VECTOR('',#6895,1.75E0);
#6897=CARTESIAN_POINT('',(-1.6965E1,8.75E-1,-3.68E0));
#6898=LINE('',#6897,#6896);
#6899=DIRECTION('',(0.E0,0.E0,-1.E0));
#6900=VECTOR('',#6899,6.E-1);
#6901=CARTESIAN_POINT('',(-1.6965E1,8.75E-1,-3.68E0));
#6902=LINE('',#6901,#6900);
#6903=DIRECTION('',(0.E0,-1.E0,0.E0));
#6904=VECTOR('',#6903,2.E0);
#6905=CARTESIAN_POINT('',(-1.6925E1,1.25E0,3.55E0));
#6906=LINE('',#6905,#6904);
#6907=DIRECTION('',(-1.E0,0.E0,0.E0));
#6908=VECTOR('',#6907,5.E-2);
#6909=CARTESIAN_POINT('',(1.8325E1,4.25E-2,-3.5E0));
#6910=LINE('',#6909,#6908);
#6911=DIRECTION('',(-1.E0,0.E0,0.E0));
#6912=VECTOR('',#6911,5.E-2);
#6913=CARTESIAN_POINT('',(1.8325E1,-1.1375E-1,-3.5E0));
#6914=LINE('',#6913,#6912);
#6915=DIRECTION('',(-1.E0,0.E0,0.E0));
#6916=VECTOR('',#6915,5.E-2);
#6917=CARTESIAN_POINT('',(1.8325E1,-1.1375E-1,-2.462765932083E0));
#6918=LINE('',#6917,#6916);
#6919=DIRECTION('',(-1.E0,0.E0,0.E0));
#6920=VECTOR('',#6919,5.E-2);
#6921=CARTESIAN_POINT('',(1.8325E1,-2.7E-1,-2.648936197162E0));
#6922=LINE('',#6921,#6920);
#6923=DIRECTION('',(-1.E0,0.E0,0.E0));
#6924=VECTOR('',#6923,5.E-2);
#6925=CARTESIAN_POINT('',(1.8325E1,-2.7E-1,-2.436170190573E0));
#6926=LINE('',#6925,#6924);
#6927=DIRECTION('',(-1.E0,0.E0,0.E0));
#6928=VECTOR('',#6927,5.E-2);
#6929=CARTESIAN_POINT('',(1.8325E1,-1.1375E-1,-2.25E0));
#6930=LINE('',#6929,#6928);
#6931=DIRECTION('',(-1.E0,0.E0,0.E0));
#6932=VECTOR('',#6931,5.E-2);
#6933=CARTESIAN_POINT('',(1.8325E1,4.25E-2,-2.25E0));
#6934=LINE('',#6933,#6932);
#6935=DIRECTION('',(0.E0,0.E0,1.E0));
#6936=VECTOR('',#6935,1.25E0);
#6937=CARTESIAN_POINT('',(1.8275E1,4.25E-2,-3.5E0));
#6938=LINE('',#6937,#6936);
#6939=DIRECTION('',(0.E0,1.E0,0.E0));
#6940=VECTOR('',#6939,1.5625E-1);
#6941=CARTESIAN_POINT('',(1.8275E1,-1.1375E-1,-3.5E0));
#6942=LINE('',#6941,#6940);
#6943=DIRECTION('',(0.E0,0.E0,-1.E0));
#6944=VECTOR('',#6943,1.037234067917E0);
#6945=CARTESIAN_POINT('',(1.8275E1,-1.1375E-1,-2.462765932083E0));
#6946=LINE('',#6945,#6944);
#6947=DIRECTION('',(0.E0,6.428711427642E-1,7.659743427825E-1));
#6948=VECTOR('',#6947,2.430502624961E-1);
#6949=CARTESIAN_POINT('',(1.8275E1,-2.7E-1,-2.648936197162E0));
#6950=LINE('',#6949,#6948);
#6951=DIRECTION('',(0.E0,0.E0,-1.E0));
#6952=VECTOR('',#6951,2.127660065889E-1);
#6953=CARTESIAN_POINT('',(1.8275E1,-2.7E-1,-2.436170190573E0));
#6954=LINE('',#6953,#6952);
#6955=DIRECTION('',(0.E0,-6.428712937139E-1,-7.659742160926E-1));
#6956=VECTOR('',#6955,2.430502054266E-1);
#6957=CARTESIAN_POINT('',(1.8275E1,-1.1375E-1,-2.25E0));
#6958=LINE('',#6957,#6956);
#6959=DIRECTION('',(0.E0,-1.E0,0.E0));
#6960=VECTOR('',#6959,1.5625E-1);
#6961=CARTESIAN_POINT('',(1.8275E1,4.25E-2,-2.25E0));
#6962=LINE('',#6961,#6960);
#6963=CARTESIAN_POINT('',(-1.8325E1,-2.47E0,-3.1E0));
#6964=CARTESIAN_POINT('',(-1.8325E1,-2.47E0,-4.95E0));
#6965=VERTEX_POINT('',#6963);
#6966=VERTEX_POINT('',#6964);
#6967=CARTESIAN_POINT('',(-1.8325E1,-1.27E0,-4.95E0));
#6968=VERTEX_POINT('',#6967);
#6969=CARTESIAN_POINT('',(1.8325E1,-2.47E0,-3.1E0));
#6970=CARTESIAN_POINT('',(1.8325E1,-2.47E0,-4.95E0));
#6971=VERTEX_POINT('',#6969);
#6972=VERTEX_POINT('',#6970);
#6973=CARTESIAN_POINT('',(1.8325E1,-1.27E0,-4.95E0));
#6974=VERTEX_POINT('',#6973);
#6975=CARTESIAN_POINT('',(-1.8325E1,-1.27E0,-4.28E0));
#6976=VERTEX_POINT('',#6975);
#6977=CARTESIAN_POINT('',(-1.8325E1,1.27E0,-4.28E0));
#6978=CARTESIAN_POINT('',(-1.8325E1,1.27E0,-4.95E0));
#6979=VERTEX_POINT('',#6977);
#6980=VERTEX_POINT('',#6978);
#6981=CARTESIAN_POINT('',(-1.8325E1,1.93E0,-4.95E0));
#6982=VERTEX_POINT('',#6981);
#6983=CARTESIAN_POINT('',(1.8325E1,-1.27E0,-4.28E0));
#6984=VERTEX_POINT('',#6983);
#6985=CARTESIAN_POINT('',(1.8325E1,1.27E0,-4.28E0));
#6986=CARTESIAN_POINT('',(1.8325E1,1.27E0,-4.95E0));
#6987=VERTEX_POINT('',#6985);
#6988=VERTEX_POINT('',#6986);
#6989=CARTESIAN_POINT('',(1.8325E1,1.93E0,-4.95E0));
#6990=VERTEX_POINT('',#6989);
#6991=CARTESIAN_POINT('',(1.6925E1,1.25E0,3.55E0));
#6992=CARTESIAN_POINT('',(1.6925E1,-7.5E-1,3.55E0));
#6993=VERTEX_POINT('',#6991);
#6994=VERTEX_POINT('',#6992);
#6995=CARTESIAN_POINT('',(1.8325E1,-7.5E-1,3.55E0));
#6996=CARTESIAN_POINT('',(1.8325E1,1.25E0,3.55E0));
#6997=VERTEX_POINT('',#6995);
#6998=VERTEX_POINT('',#6996);
#6999=CARTESIAN_POINT('',(1.6925E1,-7.5E-1,4.95E0));
#7000=CARTESIAN_POINT('',(1.6925E1,1.25E0,4.95E0));
#7001=VERTEX_POINT('',#6999);
#7002=VERTEX_POINT('',#7000);
#7003=CARTESIAN_POINT('',(-1.6925E1,1.25E0,3.55E0));
#7004=CARTESIAN_POINT('',(-1.6925E1,-7.5E-1,3.55E0));
#7005=VERTEX_POINT('',#7003);
#7006=VERTEX_POINT('',#7004);
#7007=CARTESIAN_POINT('',(-1.8325E1,-7.5E-1,3.55E0));
#7008=CARTESIAN_POINT('',(-1.8325E1,1.25E0,3.55E0));
#7009=VERTEX_POINT('',#7007);
#7010=VERTEX_POINT('',#7008);
#7011=CARTESIAN_POINT('',(-1.6925E1,-7.5E-1,4.95E0));
#7012=CARTESIAN_POINT('',(-1.6925E1,1.25E0,4.95E0));
#7013=VERTEX_POINT('',#7011);
#7014=VERTEX_POINT('',#7012);
#7015=CARTESIAN_POINT('',(1.7365E1,-2.47E0,-4.95E0));
#7016=CARTESIAN_POINT('',(1.7365E1,-1.27E0,-4.95E0));
#7017=VERTEX_POINT('',#7015);
#7018=VERTEX_POINT('',#7016);
#7019=CARTESIAN_POINT('',(1.6965E1,1.93E0,-4.95E0));
#7020=CARTESIAN_POINT('',(1.6965E1,1.93E0,-3.25E0));
#7021=VERTEX_POINT('',#7019);
#7022=VERTEX_POINT('',#7020);
#7023=CARTESIAN_POINT('',(1.7365E1,1.93E0,-3.25E0));
#7024=VERTEX_POINT('',#7023);
#7025=CARTESIAN_POINT('',(1.7365E1,1.93E0,-4.95E0));
#7026=VERTEX_POINT('',#7025);
#7027=CARTESIAN_POINT('',(1.6965E1,-1.27E0,-4.95E0));
#7028=CARTESIAN_POINT('',(1.6965E1,-1.27E0,-4.28E0));
#7029=VERTEX_POINT('',#7027);
#7030=VERTEX_POINT('',#7028);
#7031=CARTESIAN_POINT('',(1.7365E1,-1.27E0,-4.28E0));
#7032=VERTEX_POINT('',#7031);
#7033=CARTESIAN_POINT('',(1.6965E1,1.27E0,-4.28E0));
#7034=CARTESIAN_POINT('',(1.6965E1,1.27E0,-4.95E0));
#7035=VERTEX_POINT('',#7033);
#7036=VERTEX_POINT('',#7034);
#7037=CARTESIAN_POINT('',(1.7365E1,1.27E0,-4.28E0));
#7038=CARTESIAN_POINT('',(1.7365E1,1.27E0,-4.95E0));
#7039=VERTEX_POINT('',#7037);
#7040=VERTEX_POINT('',#7038);
#7041=CARTESIAN_POINT('',(-1.7365E1,-2.47E0,-4.95E0));
#7042=VERTEX_POINT('',#7041);
#7043=CARTESIAN_POINT('',(-1.7365E1,-1.27E0,-4.95E0));
#7044=VERTEX_POINT('',#7043);
#7045=CARTESIAN_POINT('',(-1.7365E1,-1.27E0,-4.28E0));
#7046=VERTEX_POINT('',#7045);
#7047=CARTESIAN_POINT('',(-1.7365E1,1.27E0,-4.28E0));
#7048=VERTEX_POINT('',#7047);
#7049=CARTESIAN_POINT('',(-1.7365E1,1.27E0,-4.95E0));
#7050=VERTEX_POINT('',#7049);
#7051=CARTESIAN_POINT('',(-1.7365E1,1.93E0,-4.95E0));
#7052=VERTEX_POINT('',#7051);
#7053=CARTESIAN_POINT('',(1.8325E1,-8.75E-1,-3.68E0));
#7054=CARTESIAN_POINT('',(1.8325E1,-8.75E-1,-4.28E0));
#7055=VERTEX_POINT('',#7053);
#7056=VERTEX_POINT('',#7054);
#7057=CARTESIAN_POINT('',(1.8325E1,8.75E-1,-4.28E0));
#7058=CARTESIAN_POINT('',(1.8325E1,8.75E-1,-3.68E0));
#7059=VERTEX_POINT('',#7057);
#7060=VERTEX_POINT('',#7058);
#7061=CARTESIAN_POINT('',(-1.8325E1,-8.75E-1,-4.28E0));
#7062=CARTESIAN_POINT('',(-1.7365E1,-8.75E-1,-4.28E0));
#7063=VERTEX_POINT('',#7061);
#7064=VERTEX_POINT('',#7062);
#7065=CARTESIAN_POINT('',(-1.8325E1,8.75E-1,-4.28E0));
#7066=CARTESIAN_POINT('',(-1.7365E1,8.75E-1,-4.28E0));
#7067=VERTEX_POINT('',#7065);
#7068=VERTEX_POINT('',#7066);
#7069=CARTESIAN_POINT('',(1.7365E1,-8.75E-1,-3.68E0));
#7070=CARTESIAN_POINT('',(1.7365E1,-8.75E-1,-4.28E0));
#7071=VERTEX_POINT('',#7069);
#7072=VERTEX_POINT('',#7070);
#7073=CARTESIAN_POINT('',(1.7365E1,8.75E-1,-4.28E0));
#7074=CARTESIAN_POINT('',(1.7365E1,8.75E-1,-3.68E0));
#7075=VERTEX_POINT('',#7073);
#7076=VERTEX_POINT('',#7074);
#7077=CARTESIAN_POINT('',(-1.7365E1,1.93E0,-3.25E0));
#7078=VERTEX_POINT('',#7077);
#7079=CARTESIAN_POINT('',(-1.6965E1,1.93E0,-3.25E0));
#7080=VERTEX_POINT('',#7079);
#7081=CARTESIAN_POINT('',(-1.6965E1,1.93E0,-4.95E0));
#7082=VERTEX_POINT('',#7081);
#7083=CARTESIAN_POINT('',(-1.6965E1,-1.27E0,-4.95E0));
#7084=CARTESIAN_POINT('',(-1.6965E1,-1.27E0,-4.28E0));
#7085=VERTEX_POINT('',#7083);
#7086=VERTEX_POINT('',#7084);
#7087=CARTESIAN_POINT('',(-1.6965E1,1.27E0,-4.28E0));
#7088=CARTESIAN_POINT('',(-1.6965E1,1.27E0,-4.95E0));
#7089=VERTEX_POINT('',#7087);
#7090=VERTEX_POINT('',#7088);
#7091=CARTESIAN_POINT('',(1.468E1,1.93E0,-4.95E0));
#7092=CARTESIAN_POINT('',(1.468E1,1.93E0,-3.6E0));
#7093=VERTEX_POINT('',#7091);
#7094=VERTEX_POINT('',#7092);
#7095=CARTESIAN_POINT('',(1.532E1,1.93E0,-3.6E0));
#7096=VERTEX_POINT('',#7095);
#7097=CARTESIAN_POINT('',(1.532E1,1.93E0,-4.95E0));
#7098=VERTEX_POINT('',#7097);
#7099=CARTESIAN_POINT('',(1.468E1,1.27E0,-4.28E0));
#7100=CARTESIAN_POINT('',(1.468E1,1.27E0,-4.95E0));
#7101=VERTEX_POINT('',#7099);
#7102=VERTEX_POINT('',#7100);
#7103=CARTESIAN_POINT('',(1.532E1,1.27E0,-4.28E0));
#7104=CARTESIAN_POINT('',(1.532E1,1.27E0,-4.95E0));
#7105=VERTEX_POINT('',#7103);
#7106=VERTEX_POINT('',#7104);
#7107=CARTESIAN_POINT('',(-1.8325E1,8.75E-1,-3.68E0));
#7108=CARTESIAN_POINT('',(-1.7365E1,8.75E-1,-3.68E0));
#7109=VERTEX_POINT('',#7107);
#7110=VERTEX_POINT('',#7108);
#7111=CARTESIAN_POINT('',(1.532E1,-1.27E0,-4.28E0));
#7112=CARTESIAN_POINT('',(1.532E1,-1.27E0,-4.34E0));
#7113=VERTEX_POINT('',#7111);
#7114=VERTEX_POINT('',#7112);
#7115=CARTESIAN_POINT('',(1.468E1,-1.27E0,-4.95E0));
#7116=CARTESIAN_POINT('',(1.468E1,-1.68E0,-4.95E0));
#7117=VERTEX_POINT('',#7115);
#7118=VERTEX_POINT('',#7116);
#7119=CARTESIAN_POINT('',(1.532E1,-1.27E0,-4.95E0));
#7120=CARTESIAN_POINT('',(1.532E1,-1.68E0,-4.95E0));
#7121=VERTEX_POINT('',#7119);
#7122=VERTEX_POINT('',#7120);
#7123=CARTESIAN_POINT('',(1.468E1,-1.27E0,-4.34E0));
#7124=VERTEX_POINT('',#7123);
#7125=CARTESIAN_POINT('',(1.6965E1,-8.75E-1,-3.68E0));
#7126=CARTESIAN_POINT('',(1.6965E1,-8.75E-1,-4.28E0));
#7127=VERTEX_POINT('',#7125);
#7128=VERTEX_POINT('',#7126);
#7129=CARTESIAN_POINT('',(1.6965E1,8.75E-1,-4.28E0));
#7130=CARTESIAN_POINT('',(1.6965E1,8.75E-1,-3.68E0));
#7131=VERTEX_POINT('',#7129);
#7132=VERTEX_POINT('',#7130);
#7133=CARTESIAN_POINT('',(-1.7365E1,-2.47E0,-3.1E0));
#7134=VERTEX_POINT('',#7133);
#7135=CARTESIAN_POINT('',(1.7365E1,-2.47E0,-3.1E0));
#7136=VERTEX_POINT('',#7135);
#7137=CARTESIAN_POINT('',(1.468E1,1.055E0,-3.6E0));
#7138=VERTEX_POINT('',#7137);
#7139=CARTESIAN_POINT('',(1.532E1,1.055E0,-3.6E0));
#7140=VERTEX_POINT('',#7139);
#7141=CARTESIAN_POINT('',(1.325E1,-2.43E0,4.1E0));
#7142=CARTESIAN_POINT('',(1.325E1,-2.43E0,-3.1E0));
#7143=VERTEX_POINT('',#7141);
#7144=VERTEX_POINT('',#7142);
#7145=CARTESIAN_POINT('',(1.425E1,-2.43E0,-3.1E0));
#7146=VERTEX_POINT('',#7145);
#7147=CARTESIAN_POINT('',(1.425E1,-2.43E0,4.1E0));
#7148=VERTEX_POINT('',#7147);
#7149=CARTESIAN_POINT('',(1.325E1,-1.93E0,-3.1E0));
#7150=CARTESIAN_POINT('',(1.325E1,-1.93E0,4.1E0));
#7151=VERTEX_POINT('',#7149);
#7152=VERTEX_POINT('',#7150);
#7153=CARTESIAN_POINT('',(1.425E1,-1.93E0,-3.1E0));
#7154=CARTESIAN_POINT('',(1.425E1,-1.93E0,4.1E0));
#7155=VERTEX_POINT('',#7153);
#7156=VERTEX_POINT('',#7154);
#7157=CARTESIAN_POINT('',(-1.375E1,1.25E0,-1.65E0));
#7158=CARTESIAN_POINT('',(-1.375E1,-5.5E-1,-1.65E0));
#7159=VERTEX_POINT('',#7157);
#7160=VERTEX_POINT('',#7158);
#7161=CARTESIAN_POINT('',(-1.445E1,-1.25E0,-1.65E0));
#7162=VERTEX_POINT('',#7161);
#7163=CARTESIAN_POINT('',(-1.625E1,-1.25E0,-1.65E0));
#7164=VERTEX_POINT('',#7163);
#7165=CARTESIAN_POINT('',(-1.625E1,1.25E0,-1.65E0));
#7166=VERTEX_POINT('',#7165);
#7167=CARTESIAN_POINT('',(-1.075E1,-1.25E0,-1.65E0));
#7168=CARTESIAN_POINT('',(-1.255E1,-1.25E0,-1.65E0));
#7169=VERTEX_POINT('',#7167);
#7170=VERTEX_POINT('',#7168);
#7171=CARTESIAN_POINT('',(-1.325E1,-5.5E-1,-1.65E0));
#7172=VERTEX_POINT('',#7171);
#7173=CARTESIAN_POINT('',(-1.325E1,1.25E0,-1.65E0));
#7174=VERTEX_POINT('',#7173);
#7175=CARTESIAN_POINT('',(-1.075E1,1.25E0,-1.65E0));
#7176=VERTEX_POINT('',#7175);
#7177=CARTESIAN_POINT('',(-5.45E0,-1.25E0,-1.65E0));
#7178=CARTESIAN_POINT('',(-7.25E0,-1.25E0,-1.65E0));
#7179=VERTEX_POINT('',#7177);
#7180=VERTEX_POINT('',#7178);
#7181=CARTESIAN_POINT('',(-7.25E0,1.25E0,-1.65E0));
#7182=VERTEX_POINT('',#7181);
#7183=CARTESIAN_POINT('',(-4.75E0,1.25E0,-1.65E0));
#7184=VERTEX_POINT('',#7183);
#7185=CARTESIAN_POINT('',(-4.75E0,-5.5E-1,-1.65E0));
#7186=VERTEX_POINT('',#7185);
#7187=CARTESIAN_POINT('',(-2.45E0,-1.25E0,-1.65E0));
#7188=CARTESIAN_POINT('',(-4.25E0,-1.25E0,-1.65E0));
#7189=VERTEX_POINT('',#7187);
#7190=VERTEX_POINT('',#7188);
#7191=CARTESIAN_POINT('',(-4.25E0,1.25E0,-1.65E0));
#7192=VERTEX_POINT('',#7191);
#7193=CARTESIAN_POINT('',(-1.75E0,1.25E0,-1.65E0));
#7194=VERTEX_POINT('',#7193);
#7195=CARTESIAN_POINT('',(-1.75E0,-5.5E-1,-1.65E0));
#7196=VERTEX_POINT('',#7195);
#7197=CARTESIAN_POINT('',(1.25E0,1.25E0,-1.65E0));
#7198=CARTESIAN_POINT('',(1.25E0,-5.5E-1,-1.65E0));
#7199=VERTEX_POINT('',#7197);
#7200=VERTEX_POINT('',#7198);
#7201=CARTESIAN_POINT('',(5.5E-1,-1.25E0,-1.65E0));
#7202=VERTEX_POINT('',#7201);
#7203=CARTESIAN_POINT('',(-1.25E0,-1.25E0,-1.65E0));
#7204=VERTEX_POINT('',#7203);
#7205=CARTESIAN_POINT('',(-1.25E0,1.25E0,-1.65E0));
#7206=VERTEX_POINT('',#7205);
#7207=CARTESIAN_POINT('',(4.75E0,-1.25E0,-1.65E0));
#7208=CARTESIAN_POINT('',(4.75E0,1.25E0,-1.65E0));
#7209=VERTEX_POINT('',#7207);
#7210=VERTEX_POINT('',#7208);
#7211=CARTESIAN_POINT('',(7.25E0,1.25E0,-1.65E0));
#7212=VERTEX_POINT('',#7211);
#7213=CARTESIAN_POINT('',(7.25E0,-5.5E-1,-1.65E0));
#7214=VERTEX_POINT('',#7213);
#7215=CARTESIAN_POINT('',(6.55E0,-1.25E0,-1.65E0));
#7216=VERTEX_POINT('',#7215);
#7217=CARTESIAN_POINT('',(1.75E0,-1.25E0,-1.65E0));
#7218=CARTESIAN_POINT('',(1.75E0,1.25E0,-1.65E0));
#7219=VERTEX_POINT('',#7217);
#7220=VERTEX_POINT('',#7218);
#7221=CARTESIAN_POINT('',(4.25E0,1.25E0,-1.65E0));
#7222=VERTEX_POINT('',#7221);
#7223=CARTESIAN_POINT('',(4.25E0,-5.5E-1,-1.65E0));
#7224=VERTEX_POINT('',#7223);
#7225=CARTESIAN_POINT('',(3.55E0,-1.25E0,-1.65E0));
#7226=VERTEX_POINT('',#7225);
#7227=CARTESIAN_POINT('',(-1.375E1,1.25E0,4.95E0));
#7228=CARTESIAN_POINT('',(-1.375E1,-5.5E-1,4.95E0));
#7229=VERTEX_POINT('',#7227);
#7230=VERTEX_POINT('',#7228);
#7231=CARTESIAN_POINT('',(-1.445E1,-1.25E0,4.95E0));
#7232=VERTEX_POINT('',#7231);
#7233=CARTESIAN_POINT('',(-1.625E1,-1.25E0,4.95E0));
#7234=VERTEX_POINT('',#7233);
#7235=CARTESIAN_POINT('',(-1.625E1,1.25E0,4.95E0));
#7236=VERTEX_POINT('',#7235);
#7237=CARTESIAN_POINT('',(-1.075E1,-1.25E0,4.95E0));
#7238=CARTESIAN_POINT('',(-1.255E1,-1.25E0,4.95E0));
#7239=VERTEX_POINT('',#7237);
#7240=VERTEX_POINT('',#7238);
#7241=CARTESIAN_POINT('',(-1.325E1,-5.5E-1,4.95E0));
#7242=VERTEX_POINT('',#7241);
#7243=CARTESIAN_POINT('',(-1.325E1,1.25E0,4.95E0));
#7244=VERTEX_POINT('',#7243);
#7245=CARTESIAN_POINT('',(-1.075E1,1.25E0,4.95E0));
#7246=VERTEX_POINT('',#7245);
#7247=CARTESIAN_POINT('',(-5.45E0,-1.25E0,4.95E0));
#7248=CARTESIAN_POINT('',(-7.25E0,-1.25E0,4.95E0));
#7249=VERTEX_POINT('',#7247);
#7250=VERTEX_POINT('',#7248);
#7251=CARTESIAN_POINT('',(-7.25E0,1.25E0,4.95E0));
#7252=VERTEX_POINT('',#7251);
#7253=CARTESIAN_POINT('',(-4.75E0,1.25E0,4.95E0));
#7254=VERTEX_POINT('',#7253);
#7255=CARTESIAN_POINT('',(-4.75E0,-5.5E-1,4.95E0));
#7256=VERTEX_POINT('',#7255);
#7257=CARTESIAN_POINT('',(-2.45E0,-1.25E0,4.95E0));
#7258=CARTESIAN_POINT('',(-4.25E0,-1.25E0,4.95E0));
#7259=VERTEX_POINT('',#7257);
#7260=VERTEX_POINT('',#7258);
#7261=CARTESIAN_POINT('',(-4.25E0,1.25E0,4.95E0));
#7262=VERTEX_POINT('',#7261);
#7263=CARTESIAN_POINT('',(-1.75E0,1.25E0,4.95E0));
#7264=VERTEX_POINT('',#7263);
#7265=CARTESIAN_POINT('',(-1.75E0,-5.5E-1,4.95E0));
#7266=VERTEX_POINT('',#7265);
#7267=CARTESIAN_POINT('',(1.25E0,1.25E0,4.95E0));
#7268=CARTESIAN_POINT('',(1.25E0,-5.5E-1,4.95E0));
#7269=VERTEX_POINT('',#7267);
#7270=VERTEX_POINT('',#7268);
#7271=CARTESIAN_POINT('',(5.5E-1,-1.25E0,4.95E0));
#7272=VERTEX_POINT('',#7271);
#7273=CARTESIAN_POINT('',(-1.25E0,-1.25E0,4.95E0));
#7274=VERTEX_POINT('',#7273);
#7275=CARTESIAN_POINT('',(-1.25E0,1.25E0,4.95E0));
#7276=VERTEX_POINT('',#7275);
#7277=CARTESIAN_POINT('',(4.75E0,-1.25E0,4.95E0));
#7278=CARTESIAN_POINT('',(4.75E0,1.25E0,4.95E0));
#7279=VERTEX_POINT('',#7277);
#7280=VERTEX_POINT('',#7278);
#7281=CARTESIAN_POINT('',(7.25E0,1.25E0,4.95E0));
#7282=VERTEX_POINT('',#7281);
#7283=CARTESIAN_POINT('',(7.25E0,-5.5E-1,4.95E0));
#7284=VERTEX_POINT('',#7283);
#7285=CARTESIAN_POINT('',(6.55E0,-1.25E0,4.95E0));
#7286=VERTEX_POINT('',#7285);
#7287=CARTESIAN_POINT('',(1.75E0,-1.25E0,4.95E0));
#7288=CARTESIAN_POINT('',(1.75E0,1.25E0,4.95E0));
#7289=VERTEX_POINT('',#7287);
#7290=VERTEX_POINT('',#7288);
#7291=CARTESIAN_POINT('',(4.25E0,1.25E0,4.95E0));
#7292=VERTEX_POINT('',#7291);
#7293=CARTESIAN_POINT('',(4.25E0,-5.5E-1,4.95E0));
#7294=VERTEX_POINT('',#7293);
#7295=CARTESIAN_POINT('',(3.55E0,-1.25E0,4.95E0));
#7296=VERTEX_POINT('',#7295);
#7297=CARTESIAN_POINT('',(-1.8325E1,1.93E0,3.55E0));
#7298=CARTESIAN_POINT('',(-1.6925E1,1.93E0,4.95E0));
#7299=VERTEX_POINT('',#7297);
#7300=VERTEX_POINT('',#7298);
#7301=CARTESIAN_POINT('',(1.6925E1,1.93E0,4.95E0));
#7302=CARTESIAN_POINT('',(1.8325E1,1.93E0,3.55E0));
#7303=VERTEX_POINT('',#7301);
#7304=VERTEX_POINT('',#7302);
#7305=CARTESIAN_POINT('',(-1.8325E1,-8.75E-1,-3.68E0));
#7306=VERTEX_POINT('',#7305);
#7307=CARTESIAN_POINT('',(-1.7365E1,-8.75E-1,-3.68E0));
#7308=VERTEX_POINT('',#7307);
#7309=CARTESIAN_POINT('',(1.532E1,-3.2E-1,-3.7E0));
#7310=CARTESIAN_POINT('',(1.468E1,-3.2E-1,-3.7E0));
#7311=VERTEX_POINT('',#7309);
#7312=VERTEX_POINT('',#7310);
#7313=CARTESIAN_POINT('',(1.468E1,1.055E0,-4.28E0));
#7314=VERTEX_POINT('',#7313);
#7315=CARTESIAN_POINT('',(1.468E1,-3.2E-1,-3.6E0));
#7316=CARTESIAN_POINT('',(1.468E1,-3.2E-1,-3.68E0));
#7317=VERTEX_POINT('',#7315);
#7318=VERTEX_POINT('',#7316);
#7319=CARTESIAN_POINT('',(1.468E1,-1.65E0,-3.7E0));
#7320=CARTESIAN_POINT('',(1.468E1,-8.75E-1,-3.7E0));
#7321=VERTEX_POINT('',#7319);
#7322=VERTEX_POINT('',#7320);
#7323=CARTESIAN_POINT('',(1.532E1,-3.2E-1,-3.6E0));
#7324=VERTEX_POINT('',#7323);
#7325=CARTESIAN_POINT('',(1.532E1,1.055E0,-4.28E0));
#7326=VERTEX_POINT('',#7325);
#7327=CARTESIAN_POINT('',(1.532E1,-3.2E-1,-3.68E0));
#7328=VERTEX_POINT('',#7327);
#7329=CARTESIAN_POINT('',(1.532E1,-1.65E0,-3.7E0));
#7330=CARTESIAN_POINT('',(1.532E1,-8.75E-1,-3.7E0));
#7331=VERTEX_POINT('',#7329);
#7332=VERTEX_POINT('',#7330);
#7333=CARTESIAN_POINT('',(1.468E1,-1.68E0,-3.6E0));
#7334=VERTEX_POINT('',#7333);
#7335=CARTESIAN_POINT('',(1.532E1,-1.68E0,-3.6E0));
#7336=VERTEX_POINT('',#7335);
#7337=CARTESIAN_POINT('',(-1.8325E1,-1.43E0,-3.1E0));
#7338=VERTEX_POINT('',#7337);
#7339=CARTESIAN_POINT('',(1.8325E1,-1.43E0,-3.1E0));
#7340=VERTEX_POINT('',#7339);
#7341=CARTESIAN_POINT('',(1.468E1,-1.27E0,-4.28E0));
#7342=VERTEX_POINT('',#7341);
#7343=CARTESIAN_POINT('',(1.532E1,-8.75E-1,-4.28E0));
#7344=VERTEX_POINT('',#7343);
#7345=CARTESIAN_POINT('',(1.468E1,-8.75E-1,-4.28E0));
#7346=VERTEX_POINT('',#7345);
#7347=CARTESIAN_POINT('',(1.532E1,1.055E0,-4.34E0));
#7348=VERTEX_POINT('',#7347);
#7349=CARTESIAN_POINT('',(1.468E1,1.055E0,-4.34E0));
#7350=VERTEX_POINT('',#7349);
#7351=CARTESIAN_POINT('',(1.7365E1,-1.93E0,-3.1E0));
#7352=VERTEX_POINT('',#7351);
#7353=CARTESIAN_POINT('',(-1.7365E1,-1.93E0,-3.1E0));
#7354=VERTEX_POINT('',#7353);
#7355=CARTESIAN_POINT('',(1.375E1,1.25E0,-1.65E0));
#7356=CARTESIAN_POINT('',(1.625E1,1.25E0,-1.65E0));
#7357=VERTEX_POINT('',#7355);
#7358=VERTEX_POINT('',#7356);
#7359=CARTESIAN_POINT('',(1.625E1,-1.25E0,-1.65E0));
#7360=VERTEX_POINT('',#7359);
#7361=CARTESIAN_POINT('',(1.445E1,-1.25E0,-1.65E0));
#7362=VERTEX_POINT('',#7361);
#7363=CARTESIAN_POINT('',(1.375E1,-5.5E-1,-1.65E0));
#7364=VERTEX_POINT('',#7363);
#7365=CARTESIAN_POINT('',(1.075E1,-1.25E0,-1.65E0));
#7366=CARTESIAN_POINT('',(1.075E1,1.25E0,-1.65E0));
#7367=VERTEX_POINT('',#7365);
#7368=VERTEX_POINT('',#7366);
#7369=CARTESIAN_POINT('',(1.325E1,1.25E0,-1.65E0));
#7370=VERTEX_POINT('',#7369);
#7371=CARTESIAN_POINT('',(1.325E1,-5.5E-1,-1.65E0));
#7372=VERTEX_POINT('',#7371);
#7373=CARTESIAN_POINT('',(1.255E1,-1.25E0,-1.65E0));
#7374=VERTEX_POINT('',#7373);
#7375=CARTESIAN_POINT('',(-1.025E1,1.25E0,-1.65E0));
#7376=CARTESIAN_POINT('',(-7.75E0,1.25E0,-1.65E0));
#7377=VERTEX_POINT('',#7375);
#7378=VERTEX_POINT('',#7376);
#7379=CARTESIAN_POINT('',(-7.75E0,-1.25E0,-1.65E0));
#7380=VERTEX_POINT('',#7379);
#7381=CARTESIAN_POINT('',(-9.55E0,-1.25E0,-1.65E0));
#7382=VERTEX_POINT('',#7381);
#7383=CARTESIAN_POINT('',(-1.025E1,-5.5E-1,-1.65E0));
#7384=VERTEX_POINT('',#7383);
#7385=CARTESIAN_POINT('',(1.025E1,1.25E0,-1.65E0));
#7386=CARTESIAN_POINT('',(1.025E1,-5.5E-1,-1.65E0));
#7387=VERTEX_POINT('',#7385);
#7388=VERTEX_POINT('',#7386);
#7389=CARTESIAN_POINT('',(9.55E0,-1.25E0,-1.65E0));
#7390=VERTEX_POINT('',#7389);
#7391=CARTESIAN_POINT('',(7.75E0,-1.25E0,-1.65E0));
#7392=VERTEX_POINT('',#7391);
#7393=CARTESIAN_POINT('',(7.75E0,1.25E0,-1.65E0));
#7394=VERTEX_POINT('',#7393);
#7395=CARTESIAN_POINT('',(-1.025E1,1.25E0,4.95E0));
#7396=CARTESIAN_POINT('',(-7.75E0,1.25E0,4.95E0));
#7397=VERTEX_POINT('',#7395);
#7398=VERTEX_POINT('',#7396);
#7399=CARTESIAN_POINT('',(-7.75E0,-1.25E0,4.95E0));
#7400=VERTEX_POINT('',#7399);
#7401=CARTESIAN_POINT('',(-9.55E0,-1.25E0,4.95E0));
#7402=VERTEX_POINT('',#7401);
#7403=CARTESIAN_POINT('',(9.55E0,-1.25E0,4.95E0));
#7404=CARTESIAN_POINT('',(7.75E0,-1.25E0,4.95E0));
#7405=VERTEX_POINT('',#7403);
#7406=VERTEX_POINT('',#7404);
#7407=CARTESIAN_POINT('',(7.75E0,1.25E0,4.95E0));
#7408=VERTEX_POINT('',#7407);
#7409=CARTESIAN_POINT('',(1.025E1,1.25E0,4.95E0));
#7410=VERTEX_POINT('',#7409);
#7411=CARTESIAN_POINT('',(1.168E1,-1.68E0,-4.95E0));
#7412=CARTESIAN_POINT('',(1.168E1,-1.27E0,-4.95E0));
#7413=VERTEX_POINT('',#7411);
#7414=VERTEX_POINT('',#7412);
#7415=CARTESIAN_POINT('',(1.232E1,-1.68E0,-4.95E0));
#7416=CARTESIAN_POINT('',(1.232E1,-1.27E0,-4.95E0));
#7417=VERTEX_POINT('',#7415);
#7418=VERTEX_POINT('',#7416);
#7419=CARTESIAN_POINT('',(1.168E1,1.93E0,-4.95E0));
#7420=CARTESIAN_POINT('',(1.168E1,1.93E0,-3.6E0));
#7421=VERTEX_POINT('',#7419);
#7422=VERTEX_POINT('',#7420);
#7423=CARTESIAN_POINT('',(1.232E1,1.93E0,-3.6E0));
#7424=VERTEX_POINT('',#7423);
#7425=CARTESIAN_POINT('',(1.232E1,1.93E0,-4.95E0));
#7426=VERTEX_POINT('',#7425);
#7427=CARTESIAN_POINT('',(1.168E1,1.27E0,-4.28E0));
#7428=CARTESIAN_POINT('',(1.168E1,1.27E0,-4.95E0));
#7429=VERTEX_POINT('',#7427);
#7430=VERTEX_POINT('',#7428);
#7431=CARTESIAN_POINT('',(1.232E1,1.27E0,-4.28E0));
#7432=CARTESIAN_POINT('',(1.232E1,1.27E0,-4.95E0));
#7433=VERTEX_POINT('',#7431);
#7434=VERTEX_POINT('',#7432);
#7435=CARTESIAN_POINT('',(8.68E0,-1.68E0,-4.95E0));
#7436=CARTESIAN_POINT('',(8.68E0,-1.27E0,-4.95E0));
#7437=VERTEX_POINT('',#7435);
#7438=VERTEX_POINT('',#7436);
#7439=CARTESIAN_POINT('',(9.32E0,-1.68E0,-4.95E0));
#7440=CARTESIAN_POINT('',(9.32E0,-1.27E0,-4.95E0));
#7441=VERTEX_POINT('',#7439);
#7442=VERTEX_POINT('',#7440);
#7443=CARTESIAN_POINT('',(8.68E0,1.93E0,-4.95E0));
#7444=CARTESIAN_POINT('',(8.68E0,1.93E0,-3.6E0));
#7445=VERTEX_POINT('',#7443);
#7446=VERTEX_POINT('',#7444);
#7447=CARTESIAN_POINT('',(9.32E0,1.93E0,-3.6E0));
#7448=VERTEX_POINT('',#7447);
#7449=CARTESIAN_POINT('',(9.32E0,1.93E0,-4.95E0));
#7450=VERTEX_POINT('',#7449);
#7451=CARTESIAN_POINT('',(8.68E0,1.27E0,-4.28E0));
#7452=CARTESIAN_POINT('',(8.68E0,1.27E0,-4.95E0));
#7453=VERTEX_POINT('',#7451);
#7454=VERTEX_POINT('',#7452);
#7455=CARTESIAN_POINT('',(9.32E0,1.27E0,-4.28E0));
#7456=CARTESIAN_POINT('',(9.32E0,1.27E0,-4.95E0));
#7457=VERTEX_POINT('',#7455);
#7458=VERTEX_POINT('',#7456);
#7459=CARTESIAN_POINT('',(5.68E0,-1.68E0,-4.95E0));
#7460=CARTESIAN_POINT('',(5.68E0,-1.27E0,-4.95E0));
#7461=VERTEX_POINT('',#7459);
#7462=VERTEX_POINT('',#7460);
#7463=CARTESIAN_POINT('',(6.32E0,-1.68E0,-4.95E0));
#7464=CARTESIAN_POINT('',(6.32E0,-1.27E0,-4.95E0));
#7465=VERTEX_POINT('',#7463);
#7466=VERTEX_POINT('',#7464);
#7467=CARTESIAN_POINT('',(5.68E0,1.93E0,-4.95E0));
#7468=CARTESIAN_POINT('',(5.68E0,1.93E0,-3.6E0));
#7469=VERTEX_POINT('',#7467);
#7470=VERTEX_POINT('',#7468);
#7471=CARTESIAN_POINT('',(6.32E0,1.93E0,-3.6E0));
#7472=VERTEX_POINT('',#7471);
#7473=CARTESIAN_POINT('',(6.32E0,1.93E0,-4.95E0));
#7474=VERTEX_POINT('',#7473);
#7475=CARTESIAN_POINT('',(5.68E0,1.27E0,-4.28E0));
#7476=CARTESIAN_POINT('',(5.68E0,1.27E0,-4.95E0));
#7477=VERTEX_POINT('',#7475);
#7478=VERTEX_POINT('',#7476);
#7479=CARTESIAN_POINT('',(6.32E0,1.27E0,-4.28E0));
#7480=CARTESIAN_POINT('',(6.32E0,1.27E0,-4.95E0));
#7481=VERTEX_POINT('',#7479);
#7482=VERTEX_POINT('',#7480);
#7483=CARTESIAN_POINT('',(1.232E1,-3.2E-1,-3.7E0));
#7484=CARTESIAN_POINT('',(1.168E1,-3.2E-1,-3.7E0));
#7485=VERTEX_POINT('',#7483);
#7486=VERTEX_POINT('',#7484);
#7487=CARTESIAN_POINT('',(1.232E1,-1.27E0,-4.28E0));
#7488=CARTESIAN_POINT('',(1.232E1,-1.27E0,-4.34E0));
#7489=VERTEX_POINT('',#7487);
#7490=VERTEX_POINT('',#7488);
#7491=CARTESIAN_POINT('',(1.168E1,-1.27E0,-4.28E0));
#7492=CARTESIAN_POINT('',(1.168E1,-1.27E0,-4.34E0));
#7493=VERTEX_POINT('',#7491);
#7494=VERTEX_POINT('',#7492);
#7495=CARTESIAN_POINT('',(1.232E1,-8.75E-1,-4.28E0));
#7496=VERTEX_POINT('',#7495);
#7497=CARTESIAN_POINT('',(1.168E1,-8.75E-1,-4.28E0));
#7498=VERTEX_POINT('',#7497);
#7499=CARTESIAN_POINT('',(1.168E1,1.055E0,-3.6E0));
#7500=CARTESIAN_POINT('',(1.168E1,1.055E0,-4.28E0));
#7501=VERTEX_POINT('',#7499);
#7502=VERTEX_POINT('',#7500);
#7503=CARTESIAN_POINT('',(1.168E1,-3.2E-1,-3.6E0));
#7504=CARTESIAN_POINT('',(1.168E1,-3.2E-1,-3.68E0));
#7505=VERTEX_POINT('',#7503);
#7506=VERTEX_POINT('',#7504);
#7507=CARTESIAN_POINT('',(1.168E1,-1.65E0,-3.7E0));
#7508=CARTESIAN_POINT('',(1.168E1,-8.75E-1,-3.7E0));
#7509=VERTEX_POINT('',#7507);
#7510=VERTEX_POINT('',#7508);
#7511=CARTESIAN_POINT('',(1.232E1,1.055E0,-3.6E0));
#7512=VERTEX_POINT('',#7511);
#7513=CARTESIAN_POINT('',(1.232E1,-3.2E-1,-3.6E0));
#7514=VERTEX_POINT('',#7513);
#7515=CARTESIAN_POINT('',(1.232E1,1.055E0,-4.28E0));
#7516=VERTEX_POINT('',#7515);
#7517=CARTESIAN_POINT('',(1.232E1,-3.2E-1,-3.68E0));
#7518=VERTEX_POINT('',#7517);
#7519=CARTESIAN_POINT('',(1.232E1,-1.65E0,-3.7E0));
#7520=CARTESIAN_POINT('',(1.232E1,-8.75E-1,-3.7E0));
#7521=VERTEX_POINT('',#7519);
#7522=VERTEX_POINT('',#7520);
#7523=CARTESIAN_POINT('',(1.168E1,-1.68E0,-3.6E0));
#7524=VERTEX_POINT('',#7523);
#7525=CARTESIAN_POINT('',(1.232E1,-1.68E0,-3.6E0));
#7526=VERTEX_POINT('',#7525);
#7527=CARTESIAN_POINT('',(1.232E1,1.055E0,-4.34E0));
#7528=VERTEX_POINT('',#7527);
#7529=CARTESIAN_POINT('',(1.168E1,1.055E0,-4.34E0));
#7530=VERTEX_POINT('',#7529);
#7531=CARTESIAN_POINT('',(9.32E0,-3.2E-1,-3.7E0));
#7532=CARTESIAN_POINT('',(8.68E0,-3.2E-1,-3.7E0));
#7533=VERTEX_POINT('',#7531);
#7534=VERTEX_POINT('',#7532);
#7535=CARTESIAN_POINT('',(9.32E0,-1.27E0,-4.28E0));
#7536=CARTESIAN_POINT('',(9.32E0,-1.27E0,-4.34E0));
#7537=VERTEX_POINT('',#7535);
#7538=VERTEX_POINT('',#7536);
#7539=CARTESIAN_POINT('',(8.68E0,-1.27E0,-4.28E0));
#7540=CARTESIAN_POINT('',(8.68E0,-1.27E0,-4.34E0));
#7541=VERTEX_POINT('',#7539);
#7542=VERTEX_POINT('',#7540);
#7543=CARTESIAN_POINT('',(9.32E0,-8.75E-1,-4.28E0));
#7544=VERTEX_POINT('',#7543);
#7545=CARTESIAN_POINT('',(8.68E0,-8.75E-1,-4.28E0));
#7546=VERTEX_POINT('',#7545);
#7547=CARTESIAN_POINT('',(8.68E0,1.055E0,-3.6E0));
#7548=CARTESIAN_POINT('',(8.68E0,1.055E0,-4.28E0));
#7549=VERTEX_POINT('',#7547);
#7550=VERTEX_POINT('',#7548);
#7551=CARTESIAN_POINT('',(8.68E0,-3.2E-1,-3.6E0));
#7552=CARTESIAN_POINT('',(8.68E0,-3.2E-1,-3.68E0));
#7553=VERTEX_POINT('',#7551);
#7554=VERTEX_POINT('',#7552);
#7555=CARTESIAN_POINT('',(8.68E0,-1.65E0,-3.7E0));
#7556=CARTESIAN_POINT('',(8.68E0,-8.75E-1,-3.7E0));
#7557=VERTEX_POINT('',#7555);
#7558=VERTEX_POINT('',#7556);
#7559=CARTESIAN_POINT('',(9.32E0,1.055E0,-3.6E0));
#7560=VERTEX_POINT('',#7559);
#7561=CARTESIAN_POINT('',(9.32E0,-3.2E-1,-3.6E0));
#7562=VERTEX_POINT('',#7561);
#7563=CARTESIAN_POINT('',(9.32E0,1.055E0,-4.28E0));
#7564=VERTEX_POINT('',#7563);
#7565=CARTESIAN_POINT('',(9.32E0,-3.2E-1,-3.68E0));
#7566=VERTEX_POINT('',#7565);
#7567=CARTESIAN_POINT('',(9.32E0,-1.65E0,-3.7E0));
#7568=CARTESIAN_POINT('',(9.32E0,-8.75E-1,-3.7E0));
#7569=VERTEX_POINT('',#7567);
#7570=VERTEX_POINT('',#7568);
#7571=CARTESIAN_POINT('',(8.68E0,-1.68E0,-3.6E0));
#7572=VERTEX_POINT('',#7571);
#7573=CARTESIAN_POINT('',(9.32E0,-1.68E0,-3.6E0));
#7574=VERTEX_POINT('',#7573);
#7575=CARTESIAN_POINT('',(9.32E0,1.055E0,-4.34E0));
#7576=VERTEX_POINT('',#7575);
#7577=CARTESIAN_POINT('',(8.68E0,1.055E0,-4.34E0));
#7578=VERTEX_POINT('',#7577);
#7579=CARTESIAN_POINT('',(6.32E0,-3.2E-1,-3.7E0));
#7580=CARTESIAN_POINT('',(5.68E0,-3.2E-1,-3.7E0));
#7581=VERTEX_POINT('',#7579);
#7582=VERTEX_POINT('',#7580);
#7583=CARTESIAN_POINT('',(6.32E0,-1.27E0,-4.28E0));
#7584=CARTESIAN_POINT('',(6.32E0,-1.27E0,-4.34E0));
#7585=VERTEX_POINT('',#7583);
#7586=VERTEX_POINT('',#7584);
#7587=CARTESIAN_POINT('',(5.68E0,-1.27E0,-4.28E0));
#7588=CARTESIAN_POINT('',(5.68E0,-1.27E0,-4.34E0));
#7589=VERTEX_POINT('',#7587);
#7590=VERTEX_POINT('',#7588);
#7591=CARTESIAN_POINT('',(6.32E0,-8.75E-1,-4.28E0));
#7592=VERTEX_POINT('',#7591);
#7593=CARTESIAN_POINT('',(5.68E0,-8.75E-1,-4.28E0));
#7594=VERTEX_POINT('',#7593);
#7595=CARTESIAN_POINT('',(5.68E0,1.055E0,-3.6E0));
#7596=CARTESIAN_POINT('',(5.68E0,1.055E0,-4.28E0));
#7597=VERTEX_POINT('',#7595);
#7598=VERTEX_POINT('',#7596);
#7599=CARTESIAN_POINT('',(5.68E0,-3.2E-1,-3.6E0));
#7600=CARTESIAN_POINT('',(5.68E0,-3.2E-1,-3.68E0));
#7601=VERTEX_POINT('',#7599);
#7602=VERTEX_POINT('',#7600);
#7603=CARTESIAN_POINT('',(5.68E0,-1.65E0,-3.7E0));
#7604=CARTESIAN_POINT('',(5.68E0,-8.75E-1,-3.7E0));
#7605=VERTEX_POINT('',#7603);
#7606=VERTEX_POINT('',#7604);
#7607=CARTESIAN_POINT('',(6.32E0,1.055E0,-3.6E0));
#7608=VERTEX_POINT('',#7607);
#7609=CARTESIAN_POINT('',(6.32E0,-3.2E-1,-3.6E0));
#7610=VERTEX_POINT('',#7609);
#7611=CARTESIAN_POINT('',(6.32E0,1.055E0,-4.28E0));
#7612=VERTEX_POINT('',#7611);
#7613=CARTESIAN_POINT('',(6.32E0,-3.2E-1,-3.68E0));
#7614=VERTEX_POINT('',#7613);
#7615=CARTESIAN_POINT('',(6.32E0,-1.65E0,-3.7E0));
#7616=CARTESIAN_POINT('',(6.32E0,-8.75E-1,-3.7E0));
#7617=VERTEX_POINT('',#7615);
#7618=VERTEX_POINT('',#7616);
#7619=CARTESIAN_POINT('',(5.68E0,-1.68E0,-3.6E0));
#7620=VERTEX_POINT('',#7619);
#7621=CARTESIAN_POINT('',(6.32E0,-1.68E0,-3.6E0));
#7622=VERTEX_POINT('',#7621);
#7623=CARTESIAN_POINT('',(6.32E0,1.055E0,-4.34E0));
#7624=VERTEX_POINT('',#7623);
#7625=CARTESIAN_POINT('',(5.68E0,1.055E0,-4.34E0));
#7626=VERTEX_POINT('',#7625);
#7627=CARTESIAN_POINT('',(9.32E0,8.75E-1,-4.28E0));
#7628=VERTEX_POINT('',#7627);
#7629=CARTESIAN_POINT('',(8.68E0,8.75E-1,-4.28E0));
#7630=VERTEX_POINT('',#7629);
#7631=CARTESIAN_POINT('',(9.32E0,8.75E-1,-3.68E0));
#7632=VERTEX_POINT('',#7631);
#7633=CARTESIAN_POINT('',(8.68E0,8.75E-1,-3.68E0));
#7634=VERTEX_POINT('',#7633);
#7635=CARTESIAN_POINT('',(2.68E0,-1.68E0,-4.95E0));
#7636=CARTESIAN_POINT('',(2.68E0,-1.27E0,-4.95E0));
#7637=VERTEX_POINT('',#7635);
#7638=VERTEX_POINT('',#7636);
#7639=CARTESIAN_POINT('',(3.32E0,-1.68E0,-4.95E0));
#7640=CARTESIAN_POINT('',(3.32E0,-1.27E0,-4.95E0));
#7641=VERTEX_POINT('',#7639);
#7642=VERTEX_POINT('',#7640);
#7643=CARTESIAN_POINT('',(2.68E0,1.93E0,-4.95E0));
#7644=CARTESIAN_POINT('',(2.68E0,1.93E0,-3.6E0));
#7645=VERTEX_POINT('',#7643);
#7646=VERTEX_POINT('',#7644);
#7647=CARTESIAN_POINT('',(3.32E0,1.93E0,-3.6E0));
#7648=VERTEX_POINT('',#7647);
#7649=CARTESIAN_POINT('',(3.32E0,1.93E0,-4.95E0));
#7650=VERTEX_POINT('',#7649);
#7651=CARTESIAN_POINT('',(2.68E0,1.27E0,-4.28E0));
#7652=CARTESIAN_POINT('',(2.68E0,1.27E0,-4.95E0));
#7653=VERTEX_POINT('',#7651);
#7654=VERTEX_POINT('',#7652);
#7655=CARTESIAN_POINT('',(3.32E0,1.27E0,-4.28E0));
#7656=CARTESIAN_POINT('',(3.32E0,1.27E0,-4.95E0));
#7657=VERTEX_POINT('',#7655);
#7658=VERTEX_POINT('',#7656);
#7659=CARTESIAN_POINT('',(3.32E0,-3.2E-1,-3.7E0));
#7660=CARTESIAN_POINT('',(2.68E0,-3.2E-1,-3.7E0));
#7661=VERTEX_POINT('',#7659);
#7662=VERTEX_POINT('',#7660);
#7663=CARTESIAN_POINT('',(3.32E0,-1.27E0,-4.28E0));
#7664=CARTESIAN_POINT('',(3.32E0,-1.27E0,-4.34E0));
#7665=VERTEX_POINT('',#7663);
#7666=VERTEX_POINT('',#7664);
#7667=CARTESIAN_POINT('',(2.68E0,-1.27E0,-4.28E0));
#7668=CARTESIAN_POINT('',(2.68E0,-1.27E0,-4.34E0));
#7669=VERTEX_POINT('',#7667);
#7670=VERTEX_POINT('',#7668);
#7671=CARTESIAN_POINT('',(3.32E0,-8.75E-1,-4.28E0));
#7672=VERTEX_POINT('',#7671);
#7673=CARTESIAN_POINT('',(2.68E0,-8.75E-1,-4.28E0));
#7674=VERTEX_POINT('',#7673);
#7675=CARTESIAN_POINT('',(2.68E0,1.055E0,-3.6E0));
#7676=CARTESIAN_POINT('',(2.68E0,1.055E0,-4.28E0));
#7677=VERTEX_POINT('',#7675);
#7678=VERTEX_POINT('',#7676);
#7679=CARTESIAN_POINT('',(2.68E0,-3.2E-1,-3.6E0));
#7680=CARTESIAN_POINT('',(2.68E0,-3.2E-1,-3.68E0));
#7681=VERTEX_POINT('',#7679);
#7682=VERTEX_POINT('',#7680);
#7683=CARTESIAN_POINT('',(2.68E0,-1.65E0,-3.7E0));
#7684=CARTESIAN_POINT('',(2.68E0,-8.75E-1,-3.7E0));
#7685=VERTEX_POINT('',#7683);
#7686=VERTEX_POINT('',#7684);
#7687=CARTESIAN_POINT('',(3.32E0,1.055E0,-3.6E0));
#7688=VERTEX_POINT('',#7687);
#7689=CARTESIAN_POINT('',(3.32E0,-3.2E-1,-3.6E0));
#7690=VERTEX_POINT('',#7689);
#7691=CARTESIAN_POINT('',(3.32E0,1.055E0,-4.28E0));
#7692=VERTEX_POINT('',#7691);
#7693=CARTESIAN_POINT('',(3.32E0,-3.2E-1,-3.68E0));
#7694=VERTEX_POINT('',#7693);
#7695=CARTESIAN_POINT('',(3.32E0,-1.65E0,-3.7E0));
#7696=CARTESIAN_POINT('',(3.32E0,-8.75E-1,-3.7E0));
#7697=VERTEX_POINT('',#7695);
#7698=VERTEX_POINT('',#7696);
#7699=CARTESIAN_POINT('',(2.68E0,-1.68E0,-3.6E0));
#7700=VERTEX_POINT('',#7699);
#7701=CARTESIAN_POINT('',(3.32E0,-1.68E0,-3.6E0));
#7702=VERTEX_POINT('',#7701);
#7703=CARTESIAN_POINT('',(3.32E0,1.055E0,-4.34E0));
#7704=VERTEX_POINT('',#7703);
#7705=CARTESIAN_POINT('',(2.68E0,1.055E0,-4.34E0));
#7706=VERTEX_POINT('',#7705);
#7707=CARTESIAN_POINT('',(1.8275E1,4.25E-2,-3.5E0));
#7708=CARTESIAN_POINT('',(1.8275E1,4.25E-2,-2.25E0));
#7709=VERTEX_POINT('',#7707);
#7710=VERTEX_POINT('',#7708);
#7711=CARTESIAN_POINT('',(1.8275E1,-1.1375E-1,-2.25E0));
#7712=VERTEX_POINT('',#7711);
#7713=CARTESIAN_POINT('',(1.8275E1,-2.7E-1,-2.436170190573E0));
#7714=VERTEX_POINT('',#7713);
#7715=CARTESIAN_POINT('',(1.8275E1,-2.7E-1,-2.648936197162E0));
#7716=VERTEX_POINT('',#7715);
#7717=CARTESIAN_POINT('',(1.8275E1,-1.1375E-1,-2.462765932083E0));
#7718=VERTEX_POINT('',#7717);
#7719=CARTESIAN_POINT('',(1.8275E1,-1.1375E-1,-3.5E0));
#7720=VERTEX_POINT('',#7719);
#7721=CARTESIAN_POINT('',(1.8325E1,4.25E-2,-3.5E0));
#7722=CARTESIAN_POINT('',(1.8325E1,4.25E-2,-2.25E0));
#7723=VERTEX_POINT('',#7721);
#7724=VERTEX_POINT('',#7722);
#7725=CARTESIAN_POINT('',(1.8325E1,-1.1375E-1,-2.25E0));
#7726=VERTEX_POINT('',#7725);
#7727=CARTESIAN_POINT('',(1.8325E1,-2.7E-1,-2.436170190573E0));
#7728=VERTEX_POINT('',#7727);
#7729=CARTESIAN_POINT('',(1.8325E1,-2.7E-1,-2.648936197162E0));
#7730=VERTEX_POINT('',#7729);
#7731=CARTESIAN_POINT('',(1.8325E1,-1.1375E-1,-2.462765932083E0));
#7732=VERTEX_POINT('',#7731);
#7733=CARTESIAN_POINT('',(1.8325E1,-1.1375E-1,-3.5E0));
#7734=VERTEX_POINT('',#7733);
#7735=CARTESIAN_POINT('',(-3.2E-1,-1.68E0,-4.95E0));
#7736=CARTESIAN_POINT('',(-3.2E-1,-1.27E0,-4.95E0));
#7737=VERTEX_POINT('',#7735);
#7738=VERTEX_POINT('',#7736);
#7739=CARTESIAN_POINT('',(3.2E-1,-1.68E0,-4.95E0));
#7740=CARTESIAN_POINT('',(3.2E-1,-1.27E0,-4.95E0));
#7741=VERTEX_POINT('',#7739);
#7742=VERTEX_POINT('',#7740);
#7743=CARTESIAN_POINT('',(-3.2E-1,1.93E0,-4.95E0));
#7744=CARTESIAN_POINT('',(-3.2E-1,1.93E0,-3.6E0));
#7745=VERTEX_POINT('',#7743);
#7746=VERTEX_POINT('',#7744);
#7747=CARTESIAN_POINT('',(3.2E-1,1.93E0,-3.6E0));
#7748=VERTEX_POINT('',#7747);
#7749=CARTESIAN_POINT('',(3.2E-1,1.93E0,-4.95E0));
#7750=VERTEX_POINT('',#7749);
#7751=CARTESIAN_POINT('',(-3.2E-1,1.27E0,-4.28E0));
#7752=CARTESIAN_POINT('',(-3.2E-1,1.27E0,-4.95E0));
#7753=VERTEX_POINT('',#7751);
#7754=VERTEX_POINT('',#7752);
#7755=CARTESIAN_POINT('',(3.2E-1,1.27E0,-4.28E0));
#7756=CARTESIAN_POINT('',(3.2E-1,1.27E0,-4.95E0));
#7757=VERTEX_POINT('',#7755);
#7758=VERTEX_POINT('',#7756);
#7759=CARTESIAN_POINT('',(-3.32E0,-1.68E0,-4.95E0));
#7760=CARTESIAN_POINT('',(-3.32E0,-1.27E0,-4.95E0));
#7761=VERTEX_POINT('',#7759);
#7762=VERTEX_POINT('',#7760);
#7763=CARTESIAN_POINT('',(-2.68E0,-1.68E0,-4.95E0));
#7764=CARTESIAN_POINT('',(-2.68E0,-1.27E0,-4.95E0));
#7765=VERTEX_POINT('',#7763);
#7766=VERTEX_POINT('',#7764);
#7767=CARTESIAN_POINT('',(-3.32E0,1.93E0,-4.95E0));
#7768=CARTESIAN_POINT('',(-3.32E0,1.93E0,-3.6E0));
#7769=VERTEX_POINT('',#7767);
#7770=VERTEX_POINT('',#7768);
#7771=CARTESIAN_POINT('',(-2.68E0,1.93E0,-3.6E0));
#7772=VERTEX_POINT('',#7771);
#7773=CARTESIAN_POINT('',(-2.68E0,1.93E0,-4.95E0));
#7774=VERTEX_POINT('',#7773);
#7775=CARTESIAN_POINT('',(-3.32E0,1.27E0,-4.28E0));
#7776=CARTESIAN_POINT('',(-3.32E0,1.27E0,-4.95E0));
#7777=VERTEX_POINT('',#7775);
#7778=VERTEX_POINT('',#7776);
#7779=CARTESIAN_POINT('',(-2.68E0,1.27E0,-4.28E0));
#7780=CARTESIAN_POINT('',(-2.68E0,1.27E0,-4.95E0));
#7781=VERTEX_POINT('',#7779);
#7782=VERTEX_POINT('',#7780);
#7783=CARTESIAN_POINT('',(-6.32E0,-1.68E0,-4.95E0));
#7784=CARTESIAN_POINT('',(-6.32E0,-1.27E0,-4.95E0));
#7785=VERTEX_POINT('',#7783);
#7786=VERTEX_POINT('',#7784);
#7787=CARTESIAN_POINT('',(-5.68E0,-1.68E0,-4.95E0));
#7788=CARTESIAN_POINT('',(-5.68E0,-1.27E0,-4.95E0));
#7789=VERTEX_POINT('',#7787);
#7790=VERTEX_POINT('',#7788);
#7791=CARTESIAN_POINT('',(-6.32E0,1.93E0,-4.95E0));
#7792=CARTESIAN_POINT('',(-6.32E0,1.93E0,-3.6E0));
#7793=VERTEX_POINT('',#7791);
#7794=VERTEX_POINT('',#7792);
#7795=CARTESIAN_POINT('',(-5.68E0,1.93E0,-3.6E0));
#7796=VERTEX_POINT('',#7795);
#7797=CARTESIAN_POINT('',(-5.68E0,1.93E0,-4.95E0));
#7798=VERTEX_POINT('',#7797);
#7799=CARTESIAN_POINT('',(-6.32E0,1.27E0,-4.28E0));
#7800=CARTESIAN_POINT('',(-6.32E0,1.27E0,-4.95E0));
#7801=VERTEX_POINT('',#7799);
#7802=VERTEX_POINT('',#7800);
#7803=CARTESIAN_POINT('',(-5.68E0,1.27E0,-4.28E0));
#7804=CARTESIAN_POINT('',(-5.68E0,1.27E0,-4.95E0));
#7805=VERTEX_POINT('',#7803);
#7806=VERTEX_POINT('',#7804);
#7807=CARTESIAN_POINT('',(-9.32E0,-1.68E0,-4.95E0));
#7808=CARTESIAN_POINT('',(-9.32E0,-1.27E0,-4.95E0));
#7809=VERTEX_POINT('',#7807);
#7810=VERTEX_POINT('',#7808);
#7811=CARTESIAN_POINT('',(-8.68E0,-1.68E0,-4.95E0));
#7812=CARTESIAN_POINT('',(-8.68E0,-1.27E0,-4.95E0));
#7813=VERTEX_POINT('',#7811);
#7814=VERTEX_POINT('',#7812);
#7815=CARTESIAN_POINT('',(-9.32E0,1.93E0,-4.95E0));
#7816=CARTESIAN_POINT('',(-9.32E0,1.93E0,-3.6E0));
#7817=VERTEX_POINT('',#7815);
#7818=VERTEX_POINT('',#7816);
#7819=CARTESIAN_POINT('',(-8.68E0,1.93E0,-3.6E0));
#7820=VERTEX_POINT('',#7819);
#7821=CARTESIAN_POINT('',(-8.68E0,1.93E0,-4.95E0));
#7822=VERTEX_POINT('',#7821);
#7823=CARTESIAN_POINT('',(-9.32E0,1.27E0,-4.28E0));
#7824=CARTESIAN_POINT('',(-9.32E0,1.27E0,-4.95E0));
#7825=VERTEX_POINT('',#7823);
#7826=VERTEX_POINT('',#7824);
#7827=CARTESIAN_POINT('',(-8.68E0,1.27E0,-4.28E0));
#7828=CARTESIAN_POINT('',(-8.68E0,1.27E0,-4.95E0));
#7829=VERTEX_POINT('',#7827);
#7830=VERTEX_POINT('',#7828);
#7831=CARTESIAN_POINT('',(-1.232E1,-1.68E0,-4.95E0));
#7832=CARTESIAN_POINT('',(-1.232E1,-1.27E0,-4.95E0));
#7833=VERTEX_POINT('',#7831);
#7834=VERTEX_POINT('',#7832);
#7835=CARTESIAN_POINT('',(-1.168E1,-1.68E0,-4.95E0));
#7836=CARTESIAN_POINT('',(-1.168E1,-1.27E0,-4.95E0));
#7837=VERTEX_POINT('',#7835);
#7838=VERTEX_POINT('',#7836);
#7839=CARTESIAN_POINT('',(-1.232E1,1.93E0,-4.95E0));
#7840=CARTESIAN_POINT('',(-1.232E1,1.93E0,-3.6E0));
#7841=VERTEX_POINT('',#7839);
#7842=VERTEX_POINT('',#7840);
#7843=CARTESIAN_POINT('',(-1.168E1,1.93E0,-3.6E0));
#7844=VERTEX_POINT('',#7843);
#7845=CARTESIAN_POINT('',(-1.168E1,1.93E0,-4.95E0));
#7846=VERTEX_POINT('',#7845);
#7847=CARTESIAN_POINT('',(-1.232E1,1.27E0,-4.28E0));
#7848=CARTESIAN_POINT('',(-1.232E1,1.27E0,-4.95E0));
#7849=VERTEX_POINT('',#7847);
#7850=VERTEX_POINT('',#7848);
#7851=CARTESIAN_POINT('',(-1.168E1,1.27E0,-4.28E0));
#7852=CARTESIAN_POINT('',(-1.168E1,1.27E0,-4.95E0));
#7853=VERTEX_POINT('',#7851);
#7854=VERTEX_POINT('',#7852);
#7855=CARTESIAN_POINT('',(-1.532E1,-1.68E0,-4.95E0));
#7856=CARTESIAN_POINT('',(-1.532E1,-1.27E0,-4.95E0));
#7857=VERTEX_POINT('',#7855);
#7858=VERTEX_POINT('',#7856);
#7859=CARTESIAN_POINT('',(-1.468E1,-1.68E0,-4.95E0));
#7860=CARTESIAN_POINT('',(-1.468E1,-1.27E0,-4.95E0));
#7861=VERTEX_POINT('',#7859);
#7862=VERTEX_POINT('',#7860);
#7863=CARTESIAN_POINT('',(-1.532E1,1.93E0,-4.95E0));
#7864=CARTESIAN_POINT('',(-1.532E1,1.93E0,-3.6E0));
#7865=VERTEX_POINT('',#7863);
#7866=VERTEX_POINT('',#7864);
#7867=CARTESIAN_POINT('',(-1.468E1,1.93E0,-3.6E0));
#7868=VERTEX_POINT('',#7867);
#7869=CARTESIAN_POINT('',(-1.468E1,1.93E0,-4.95E0));
#7870=VERTEX_POINT('',#7869);
#7871=CARTESIAN_POINT('',(-1.532E1,1.27E0,-4.28E0));
#7872=CARTESIAN_POINT('',(-1.532E1,1.27E0,-4.95E0));
#7873=VERTEX_POINT('',#7871);
#7874=VERTEX_POINT('',#7872);
#7875=CARTESIAN_POINT('',(-1.468E1,1.27E0,-4.28E0));
#7876=CARTESIAN_POINT('',(-1.468E1,1.27E0,-4.95E0));
#7877=VERTEX_POINT('',#7875);
#7878=VERTEX_POINT('',#7876);
#7879=CARTESIAN_POINT('',(1.375E1,1.25E0,4.95E0));
#7880=CARTESIAN_POINT('',(1.625E1,1.25E0,4.95E0));
#7881=VERTEX_POINT('',#7879);
#7882=VERTEX_POINT('',#7880);
#7883=CARTESIAN_POINT('',(1.625E1,-1.25E0,4.95E0));
#7884=VERTEX_POINT('',#7883);
#7885=CARTESIAN_POINT('',(1.445E1,-1.25E0,4.95E0));
#7886=VERTEX_POINT('',#7885);
#7887=CARTESIAN_POINT('',(1.375E1,-5.5E-1,4.95E0));
#7888=VERTEX_POINT('',#7887);
#7889=CARTESIAN_POINT('',(1.075E1,-1.25E0,4.95E0));
#7890=CARTESIAN_POINT('',(1.075E1,1.25E0,4.95E0));
#7891=VERTEX_POINT('',#7889);
#7892=VERTEX_POINT('',#7890);
#7893=CARTESIAN_POINT('',(1.325E1,1.25E0,4.95E0));
#7894=VERTEX_POINT('',#7893);
#7895=CARTESIAN_POINT('',(1.325E1,-5.5E-1,4.95E0));
#7896=VERTEX_POINT('',#7895);
#7897=CARTESIAN_POINT('',(1.255E1,-1.25E0,4.95E0));
#7898=VERTEX_POINT('',#7897);
#7899=CARTESIAN_POINT('',(-1.025E1,-5.5E-1,4.95E0));
#7900=VERTEX_POINT('',#7899);
#7901=CARTESIAN_POINT('',(1.025E1,-5.5E-1,4.95E0));
#7902=VERTEX_POINT('',#7901);
#7903=CARTESIAN_POINT('',(1.532E1,-3.2E-1,-1.65E0));
#7904=CARTESIAN_POINT('',(1.532E1,3.2E-1,-1.65E0));
#7905=VERTEX_POINT('',#7903);
#7906=VERTEX_POINT('',#7904);
#7907=CARTESIAN_POINT('',(1.468E1,-3.2E-1,-1.65E0));
#7908=CARTESIAN_POINT('',(1.468E1,3.2E-1,-1.65E0));
#7909=VERTEX_POINT('',#7907);
#7910=VERTEX_POINT('',#7908);
#7911=CARTESIAN_POINT('',(1.232E1,-3.2E-1,-1.65E0));
#7912=CARTESIAN_POINT('',(1.232E1,3.2E-1,-1.65E0));
#7913=VERTEX_POINT('',#7911);
#7914=VERTEX_POINT('',#7912);
#7915=CARTESIAN_POINT('',(1.168E1,-3.2E-1,-1.65E0));
#7916=CARTESIAN_POINT('',(1.168E1,3.2E-1,-1.65E0));
#7917=VERTEX_POINT('',#7915);
#7918=VERTEX_POINT('',#7916);
#7919=CARTESIAN_POINT('',(9.32E0,-3.2E-1,-1.65E0));
#7920=CARTESIAN_POINT('',(9.32E0,3.2E-1,-1.65E0));
#7921=VERTEX_POINT('',#7919);
#7922=VERTEX_POINT('',#7920);
#7923=CARTESIAN_POINT('',(8.68E0,-3.2E-1,-1.65E0));
#7924=CARTESIAN_POINT('',(8.68E0,3.2E-1,-1.65E0));
#7925=VERTEX_POINT('',#7923);
#7926=VERTEX_POINT('',#7924);
#7927=CARTESIAN_POINT('',(6.32E0,-3.2E-1,-1.65E0));
#7928=CARTESIAN_POINT('',(6.32E0,3.2E-1,-1.65E0));
#7929=VERTEX_POINT('',#7927);
#7930=VERTEX_POINT('',#7928);
#7931=CARTESIAN_POINT('',(5.68E0,-3.2E-1,-1.65E0));
#7932=CARTESIAN_POINT('',(5.68E0,3.2E-1,-1.65E0));
#7933=VERTEX_POINT('',#7931);
#7934=VERTEX_POINT('',#7932);
#7935=CARTESIAN_POINT('',(3.32E0,-3.2E-1,-1.65E0));
#7936=CARTESIAN_POINT('',(3.32E0,3.2E-1,-1.65E0));
#7937=VERTEX_POINT('',#7935);
#7938=VERTEX_POINT('',#7936);
#7939=CARTESIAN_POINT('',(2.68E0,-3.2E-1,-1.65E0));
#7940=CARTESIAN_POINT('',(2.68E0,3.2E-1,-1.65E0));
#7941=VERTEX_POINT('',#7939);
#7942=VERTEX_POINT('',#7940);
#7943=CARTESIAN_POINT('',(1.532E1,-1.68E0,-3.700505761683E0));
#7944=CARTESIAN_POINT('',(1.532E1,-1.68E0,-4.341806527080E0));
#7945=VERTEX_POINT('',#7943);
#7946=VERTEX_POINT('',#7944);
#7947=CARTESIAN_POINT('',(1.468E1,-1.68E0,-3.700505761683E0));
#7948=CARTESIAN_POINT('',(1.468E1,-1.68E0,-4.341806527080E0));
#7949=VERTEX_POINT('',#7947);
#7950=VERTEX_POINT('',#7948);
#7951=CARTESIAN_POINT('',(1.232E1,-1.68E0,-3.700505761683E0));
#7952=CARTESIAN_POINT('',(1.232E1,-1.68E0,-4.341806527080E0));
#7953=VERTEX_POINT('',#7951);
#7954=VERTEX_POINT('',#7952);
#7955=CARTESIAN_POINT('',(1.168E1,-1.68E0,-3.700505761683E0));
#7956=CARTESIAN_POINT('',(1.168E1,-1.68E0,-4.341806527080E0));
#7957=VERTEX_POINT('',#7955);
#7958=VERTEX_POINT('',#7956);
#7959=CARTESIAN_POINT('',(9.32E0,-1.68E0,-3.700505761683E0));
#7960=CARTESIAN_POINT('',(9.32E0,-1.68E0,-4.341806527080E0));
#7961=VERTEX_POINT('',#7959);
#7962=VERTEX_POINT('',#7960);
#7963=CARTESIAN_POINT('',(8.68E0,-1.68E0,-3.700505761683E0));
#7964=CARTESIAN_POINT('',(8.68E0,-1.68E0,-4.341806527080E0));
#7965=VERTEX_POINT('',#7963);
#7966=VERTEX_POINT('',#7964);
#7967=CARTESIAN_POINT('',(6.32E0,-1.68E0,-3.700505761683E0));
#7968=CARTESIAN_POINT('',(6.32E0,-1.68E0,-4.341806527080E0));
#7969=VERTEX_POINT('',#7967);
#7970=VERTEX_POINT('',#7968);
#7971=CARTESIAN_POINT('',(5.68E0,-1.68E0,-3.700505761683E0));
#7972=CARTESIAN_POINT('',(5.68E0,-1.68E0,-4.341806527080E0));
#7973=VERTEX_POINT('',#7971);
#7974=VERTEX_POINT('',#7972);
#7975=CARTESIAN_POINT('',(3.32E0,-1.68E0,-3.700505761683E0));
#7976=CARTESIAN_POINT('',(3.32E0,-1.68E0,-4.341806527080E0));
#7977=VERTEX_POINT('',#7975);
#7978=VERTEX_POINT('',#7976);
#7979=CARTESIAN_POINT('',(2.68E0,-1.68E0,-3.700505761683E0));
#7980=CARTESIAN_POINT('',(2.68E0,-1.68E0,-4.341806527080E0));
#7981=VERTEX_POINT('',#7979);
#7982=VERTEX_POINT('',#7980);
#7983=CARTESIAN_POINT('',(-1.325E1,-1.93E0,-3.1E0));
#7984=VERTEX_POINT('',#7983);
#7985=CARTESIAN_POINT('',(-3.2E-1,-1.68E0,-3.6E0));
#7986=CARTESIAN_POINT('',(3.2E-1,-1.68E0,-3.6E0));
#7987=VERTEX_POINT('',#7985);
#7988=VERTEX_POINT('',#7986);
#7989=CARTESIAN_POINT('',(-3.32E0,-1.68E0,-3.6E0));
#7990=CARTESIAN_POINT('',(-2.68E0,-1.68E0,-3.6E0));
#7991=VERTEX_POINT('',#7989);
#7992=VERTEX_POINT('',#7990);
#7993=CARTESIAN_POINT('',(-6.32E0,-1.68E0,-3.6E0));
#7994=CARTESIAN_POINT('',(-5.68E0,-1.68E0,-3.6E0));
#7995=VERTEX_POINT('',#7993);
#7996=VERTEX_POINT('',#7994);
#7997=CARTESIAN_POINT('',(-9.32E0,-1.68E0,-3.6E0));
#7998=CARTESIAN_POINT('',(-8.68E0,-1.68E0,-3.6E0));
#7999=VERTEX_POINT('',#7997);
#8000=VERTEX_POINT('',#7998);
#8001=CARTESIAN_POINT('',(-1.232E1,-1.68E0,-3.6E0));
#8002=CARTESIAN_POINT('',(-1.168E1,-1.68E0,-3.6E0));
#8003=VERTEX_POINT('',#8001);
#8004=VERTEX_POINT('',#8002);
#8005=CARTESIAN_POINT('',(-1.532E1,-1.68E0,-3.6E0));
#8006=CARTESIAN_POINT('',(-1.468E1,-1.68E0,-3.6E0));
#8007=VERTEX_POINT('',#8005);
#8008=VERTEX_POINT('',#8006);
#8009=CARTESIAN_POINT('',(-1.6925E1,-1.93E0,4.95E0));
#8010=CARTESIAN_POINT('',(-1.6925E1,-1.93E0,-3.1E0));
#8011=VERTEX_POINT('',#8009);
#8012=VERTEX_POINT('',#8010);
#8013=CARTESIAN_POINT('',(1.6925E1,-1.93E0,4.95E0));
#8014=CARTESIAN_POINT('',(1.6925E1,-1.93E0,-3.1E0));
#8015=VERTEX_POINT('',#8013);
#8016=VERTEX_POINT('',#8014);
#8017=CARTESIAN_POINT('',(1.6965E1,-1.43E0,-3.25E0));
#8018=CARTESIAN_POINT('',(1.7365E1,-1.43E0,-3.25E0));
#8019=VERTEX_POINT('',#8017);
#8020=VERTEX_POINT('',#8018);
#8021=CARTESIAN_POINT('',(-1.7365E1,-1.43E0,-3.25E0));
#8022=CARTESIAN_POINT('',(-1.6965E1,-1.43E0,-3.25E0));
#8023=VERTEX_POINT('',#8021);
#8024=VERTEX_POINT('',#8022);
#8025=CARTESIAN_POINT('',(-1.8325E1,-1.43E0,3.55E0));
#8026=CARTESIAN_POINT('',(-1.6925E1,-1.43E0,4.95E0));
#8027=VERTEX_POINT('',#8025);
#8028=VERTEX_POINT('',#8026);
#8029=CARTESIAN_POINT('',(1.8325E1,-1.43E0,3.55E0));
#8030=CARTESIAN_POINT('',(1.6925E1,-1.43E0,4.95E0));
#8031=VERTEX_POINT('',#8029);
#8032=VERTEX_POINT('',#8030);
#8033=CARTESIAN_POINT('',(-1.7365E1,-1.93E0,1.65E0));
#8034=CARTESIAN_POINT('',(-1.8325E1,-1.43E0,1.65E0));
#8035=VERTEX_POINT('',#8033);
#8036=VERTEX_POINT('',#8034);
#8037=CARTESIAN_POINT('',(1.7365E1,-1.93E0,1.65E0));
#8038=CARTESIAN_POINT('',(1.8325E1,-1.43E0,1.65E0));
#8039=VERTEX_POINT('',#8037);
#8040=VERTEX_POINT('',#8038);
#8041=CARTESIAN_POINT('',(1.6925E1,-1.68E0,-3.1E0));
#8042=CARTESIAN_POINT('',(-1.6925E1,-1.68E0,-3.1E0));
#8043=VERTEX_POINT('',#8041);
#8044=VERTEX_POINT('',#8042);
#8045=CARTESIAN_POINT('',(-1.7365E1,-1.43E0,1.65E0));
#8046=VERTEX_POINT('',#8045);
#8047=CARTESIAN_POINT('',(1.7365E1,-1.43E0,1.65E0));
#8048=VERTEX_POINT('',#8047);
#8049=CARTESIAN_POINT('',(-1.6965E1,-1.43E0,-4.95E0));
#8050=CARTESIAN_POINT('',(-1.6925E1,-1.43E0,-4.95E0));
#8051=VERTEX_POINT('',#8049);
#8052=VERTEX_POINT('',#8050);
#8053=CARTESIAN_POINT('',(1.6925E1,-1.43E0,-4.95E0));
#8054=CARTESIAN_POINT('',(1.6965E1,-1.43E0,-4.95E0));
#8055=VERTEX_POINT('',#8053);
#8056=VERTEX_POINT('',#8054);
#8057=CARTESIAN_POINT('',(-1.6925E1,-1.68E0,-4.95E0));
#8058=VERTEX_POINT('',#8057);
#8059=CARTESIAN_POINT('',(1.6925E1,-1.68E0,-4.95E0));
#8060=VERTEX_POINT('',#8059);
#8061=CARTESIAN_POINT('',(1.532E1,-2.54E0,-4.59E0));
#8062=CARTESIAN_POINT('',(1.532E1,-2.54E0,-5.47E0));
#8063=VERTEX_POINT('',#8061);
#8064=VERTEX_POINT('',#8062);
#8065=CARTESIAN_POINT('',(1.532E1,-1.9E0,-5.47E0));
#8066=CARTESIAN_POINT('',(1.532E1,-1.9E0,-4.59E0));
#8067=VERTEX_POINT('',#8065);
#8068=VERTEX_POINT('',#8066);
#8069=CARTESIAN_POINT('',(1.468E1,-2.54E0,-4.59E0));
#8070=CARTESIAN_POINT('',(1.468E1,-2.54E0,-5.47E0));
#8071=VERTEX_POINT('',#8069);
#8072=VERTEX_POINT('',#8070);
#8073=CARTESIAN_POINT('',(1.468E1,-1.9E0,-5.47E0));
#8074=CARTESIAN_POINT('',(1.468E1,-1.9E0,-4.59E0));
#8075=VERTEX_POINT('',#8073);
#8076=VERTEX_POINT('',#8074);
#8077=CARTESIAN_POINT('',(1.468E1,-1.65E0,-4.34E0));
#8078=VERTEX_POINT('',#8077);
#8079=CARTESIAN_POINT('',(1.532E1,-1.65E0,-4.34E0));
#8080=VERTEX_POINT('',#8079);
#8081=CARTESIAN_POINT('',(1.232E1,-2.54E0,-4.59E0));
#8082=CARTESIAN_POINT('',(1.232E1,-2.54E0,-5.47E0));
#8083=VERTEX_POINT('',#8081);
#8084=VERTEX_POINT('',#8082);
#8085=CARTESIAN_POINT('',(1.232E1,-1.9E0,-5.47E0));
#8086=CARTESIAN_POINT('',(1.232E1,-1.9E0,-4.59E0));
#8087=VERTEX_POINT('',#8085);
#8088=VERTEX_POINT('',#8086);
#8089=CARTESIAN_POINT('',(1.168E1,-2.54E0,-4.59E0));
#8090=CARTESIAN_POINT('',(1.168E1,-2.54E0,-5.47E0));
#8091=VERTEX_POINT('',#8089);
#8092=VERTEX_POINT('',#8090);
#8093=CARTESIAN_POINT('',(1.168E1,-1.9E0,-5.47E0));
#8094=CARTESIAN_POINT('',(1.168E1,-1.9E0,-4.59E0));
#8095=VERTEX_POINT('',#8093);
#8096=VERTEX_POINT('',#8094);
#8097=CARTESIAN_POINT('',(1.168E1,-1.65E0,-4.34E0));
#8098=VERTEX_POINT('',#8097);
#8099=CARTESIAN_POINT('',(1.232E1,-1.65E0,-4.34E0));
#8100=VERTEX_POINT('',#8099);
#8101=CARTESIAN_POINT('',(9.32E0,-2.54E0,-4.59E0));
#8102=CARTESIAN_POINT('',(9.32E0,-2.54E0,-5.47E0));
#8103=VERTEX_POINT('',#8101);
#8104=VERTEX_POINT('',#8102);
#8105=CARTESIAN_POINT('',(9.32E0,-1.9E0,-5.47E0));
#8106=CARTESIAN_POINT('',(9.32E0,-1.9E0,-4.59E0));
#8107=VERTEX_POINT('',#8105);
#8108=VERTEX_POINT('',#8106);
#8109=CARTESIAN_POINT('',(8.68E0,-2.54E0,-4.59E0));
#8110=CARTESIAN_POINT('',(8.68E0,-2.54E0,-5.47E0));
#8111=VERTEX_POINT('',#8109);
#8112=VERTEX_POINT('',#8110);
#8113=CARTESIAN_POINT('',(8.68E0,-1.9E0,-5.47E0));
#8114=CARTESIAN_POINT('',(8.68E0,-1.9E0,-4.59E0));
#8115=VERTEX_POINT('',#8113);
#8116=VERTEX_POINT('',#8114);
#8117=CARTESIAN_POINT('',(8.68E0,-1.65E0,-4.34E0));
#8118=VERTEX_POINT('',#8117);
#8119=CARTESIAN_POINT('',(9.32E0,-1.65E0,-4.34E0));
#8120=VERTEX_POINT('',#8119);
#8121=CARTESIAN_POINT('',(6.32E0,-2.54E0,-4.59E0));
#8122=CARTESIAN_POINT('',(6.32E0,-2.54E0,-5.47E0));
#8123=VERTEX_POINT('',#8121);
#8124=VERTEX_POINT('',#8122);
#8125=CARTESIAN_POINT('',(6.32E0,-1.9E0,-5.47E0));
#8126=CARTESIAN_POINT('',(6.32E0,-1.9E0,-4.59E0));
#8127=VERTEX_POINT('',#8125);
#8128=VERTEX_POINT('',#8126);
#8129=CARTESIAN_POINT('',(5.68E0,-2.54E0,-4.59E0));
#8130=CARTESIAN_POINT('',(5.68E0,-2.54E0,-5.47E0));
#8131=VERTEX_POINT('',#8129);
#8132=VERTEX_POINT('',#8130);
#8133=CARTESIAN_POINT('',(5.68E0,-1.9E0,-5.47E0));
#8134=CARTESIAN_POINT('',(5.68E0,-1.9E0,-4.59E0));
#8135=VERTEX_POINT('',#8133);
#8136=VERTEX_POINT('',#8134);
#8137=CARTESIAN_POINT('',(5.68E0,-1.65E0,-4.34E0));
#8138=VERTEX_POINT('',#8137);
#8139=CARTESIAN_POINT('',(6.32E0,-1.65E0,-4.34E0));
#8140=VERTEX_POINT('',#8139);
#8141=CARTESIAN_POINT('',(3.32E0,-2.54E0,-4.59E0));
#8142=CARTESIAN_POINT('',(3.32E0,-2.54E0,-5.47E0));
#8143=VERTEX_POINT('',#8141);
#8144=VERTEX_POINT('',#8142);
#8145=CARTESIAN_POINT('',(3.32E0,-1.9E0,-5.47E0));
#8146=CARTESIAN_POINT('',(3.32E0,-1.9E0,-4.59E0));
#8147=VERTEX_POINT('',#8145);
#8148=VERTEX_POINT('',#8146);
#8149=CARTESIAN_POINT('',(2.68E0,-2.54E0,-4.59E0));
#8150=CARTESIAN_POINT('',(2.68E0,-2.54E0,-5.47E0));
#8151=VERTEX_POINT('',#8149);
#8152=VERTEX_POINT('',#8150);
#8153=CARTESIAN_POINT('',(2.68E0,-1.9E0,-5.47E0));
#8154=CARTESIAN_POINT('',(2.68E0,-1.9E0,-4.59E0));
#8155=VERTEX_POINT('',#8153);
#8156=VERTEX_POINT('',#8154);
#8157=CARTESIAN_POINT('',(2.68E0,-1.65E0,-4.34E0));
#8158=VERTEX_POINT('',#8157);
#8159=CARTESIAN_POINT('',(3.32E0,-1.65E0,-4.34E0));
#8160=VERTEX_POINT('',#8159);
#8161=CARTESIAN_POINT('',(1.517E1,1.7E-1,2.46E0));
#8162=CARTESIAN_POINT('',(1.532E1,3.2E-1,2.06E0));
#8163=VERTEX_POINT('',#8161);
#8164=VERTEX_POINT('',#8162);
#8165=CARTESIAN_POINT('',(1.483E1,1.7E-1,2.46E0));
#8166=CARTESIAN_POINT('',(1.468E1,3.2E-1,2.06E0));
#8167=VERTEX_POINT('',#8165);
#8168=VERTEX_POINT('',#8166);
#8169=CARTESIAN_POINT('',(1.532E1,-3.2E-1,2.06E0));
#8170=CARTESIAN_POINT('',(1.517E1,-1.7E-1,2.46E0));
#8171=VERTEX_POINT('',#8169);
#8172=VERTEX_POINT('',#8170);
#8173=CARTESIAN_POINT('',(1.483E1,-1.7E-1,2.46E0));
#8174=CARTESIAN_POINT('',(1.468E1,-3.2E-1,2.06E0));
#8175=VERTEX_POINT('',#8173);
#8176=VERTEX_POINT('',#8174);
#8177=CARTESIAN_POINT('',(1.217E1,-1.7E-1,2.46E0));
#8178=CARTESIAN_POINT('',(1.183E1,-1.7E-1,2.46E0));
#8179=VERTEX_POINT('',#8177);
#8180=VERTEX_POINT('',#8178);
#8181=CARTESIAN_POINT('',(1.232E1,-3.2E-1,2.06E0));
#8182=CARTESIAN_POINT('',(1.168E1,-3.2E-1,2.06E0));
#8183=VERTEX_POINT('',#8181);
#8184=VERTEX_POINT('',#8182);
#8185=CARTESIAN_POINT('',(1.168E1,3.2E-1,2.06E0));
#8186=VERTEX_POINT('',#8185);
#8187=CARTESIAN_POINT('',(1.183E1,1.7E-1,2.46E0));
#8188=VERTEX_POINT('',#8187);
#8189=CARTESIAN_POINT('',(1.232E1,3.2E-1,2.06E0));
#8190=VERTEX_POINT('',#8189);
#8191=CARTESIAN_POINT('',(1.217E1,1.7E-1,2.46E0));
#8192=VERTEX_POINT('',#8191);
#8193=CARTESIAN_POINT('',(9.17E0,-1.7E-1,2.46E0));
#8194=CARTESIAN_POINT('',(8.83E0,-1.7E-1,2.46E0));
#8195=VERTEX_POINT('',#8193);
#8196=VERTEX_POINT('',#8194);
#8197=CARTESIAN_POINT('',(9.32E0,-3.2E-1,2.06E0));
#8198=CARTESIAN_POINT('',(8.68E0,-3.2E-1,2.06E0));
#8199=VERTEX_POINT('',#8197);
#8200=VERTEX_POINT('',#8198);
#8201=CARTESIAN_POINT('',(8.68E0,3.2E-1,2.06E0));
#8202=VERTEX_POINT('',#8201);
#8203=CARTESIAN_POINT('',(8.83E0,1.7E-1,2.46E0));
#8204=VERTEX_POINT('',#8203);
#8205=CARTESIAN_POINT('',(9.32E0,3.2E-1,2.06E0));
#8206=VERTEX_POINT('',#8205);
#8207=CARTESIAN_POINT('',(9.17E0,1.7E-1,2.46E0));
#8208=VERTEX_POINT('',#8207);
#8209=CARTESIAN_POINT('',(6.17E0,-1.7E-1,2.46E0));
#8210=CARTESIAN_POINT('',(5.83E0,-1.7E-1,2.46E0));
#8211=VERTEX_POINT('',#8209);
#8212=VERTEX_POINT('',#8210);
#8213=CARTESIAN_POINT('',(6.32E0,-3.2E-1,2.06E0));
#8214=CARTESIAN_POINT('',(5.68E0,-3.2E-1,2.06E0));
#8215=VERTEX_POINT('',#8213);
#8216=VERTEX_POINT('',#8214);
#8217=CARTESIAN_POINT('',(5.68E0,3.2E-1,2.06E0));
#8218=VERTEX_POINT('',#8217);
#8219=CARTESIAN_POINT('',(5.83E0,1.7E-1,2.46E0));
#8220=VERTEX_POINT('',#8219);
#8221=CARTESIAN_POINT('',(6.32E0,3.2E-1,2.06E0));
#8222=VERTEX_POINT('',#8221);
#8223=CARTESIAN_POINT('',(6.17E0,1.7E-1,2.46E0));
#8224=VERTEX_POINT('',#8223);
#8225=CARTESIAN_POINT('',(3.17E0,-1.7E-1,2.46E0));
#8226=CARTESIAN_POINT('',(2.83E0,-1.7E-1,2.46E0));
#8227=VERTEX_POINT('',#8225);
#8228=VERTEX_POINT('',#8226);
#8229=CARTESIAN_POINT('',(3.32E0,-3.2E-1,2.06E0));
#8230=CARTESIAN_POINT('',(2.68E0,-3.2E-1,2.06E0));
#8231=VERTEX_POINT('',#8229);
#8232=VERTEX_POINT('',#8230);
#8233=CARTESIAN_POINT('',(2.68E0,3.2E-1,2.06E0));
#8234=VERTEX_POINT('',#8233);
#8235=CARTESIAN_POINT('',(2.83E0,1.7E-1,2.46E0));
#8236=VERTEX_POINT('',#8235);
#8237=CARTESIAN_POINT('',(3.32E0,3.2E-1,2.06E0));
#8238=VERTEX_POINT('',#8237);
#8239=CARTESIAN_POINT('',(3.17E0,1.7E-1,2.46E0));
#8240=VERTEX_POINT('',#8239);
#8241=CARTESIAN_POINT('',(3.2E-1,-2.54E0,-4.59E0));
#8242=CARTESIAN_POINT('',(3.2E-1,-2.54E0,-5.47E0));
#8243=VERTEX_POINT('',#8241);
#8244=VERTEX_POINT('',#8242);
#8245=CARTESIAN_POINT('',(3.2E-1,-1.9E0,-5.47E0));
#8246=VERTEX_POINT('',#8245);
#8247=CARTESIAN_POINT('',(3.2E-1,-1.9E0,-4.59E0));
#8248=VERTEX_POINT('',#8247);
#8249=CARTESIAN_POINT('',(-3.2E-1,-2.54E0,-4.59E0));
#8250=CARTESIAN_POINT('',(-3.2E-1,-2.54E0,-5.47E0));
#8251=VERTEX_POINT('',#8249);
#8252=VERTEX_POINT('',#8250);
#8253=CARTESIAN_POINT('',(-3.2E-1,-1.9E0,-5.47E0));
#8254=VERTEX_POINT('',#8253);
#8255=CARTESIAN_POINT('',(-3.2E-1,-1.9E0,-4.59E0));
#8256=VERTEX_POINT('',#8255);
#8257=CARTESIAN_POINT('',(3.2E-1,1.055E0,-4.34E0));
#8258=CARTESIAN_POINT('',(-3.2E-1,1.055E0,-4.34E0));
#8259=VERTEX_POINT('',#8257);
#8260=VERTEX_POINT('',#8258);
#8261=CARTESIAN_POINT('',(3.2E-1,-3.2E-1,-3.7E0));
#8262=CARTESIAN_POINT('',(-3.2E-1,-3.2E-1,-3.7E0));
#8263=VERTEX_POINT('',#8261);
#8264=VERTEX_POINT('',#8262);
#8265=CARTESIAN_POINT('',(3.2E-1,-1.27E0,-4.34E0));
#8266=CARTESIAN_POINT('',(3.2E-1,-1.27E0,-4.28E0));
#8267=VERTEX_POINT('',#8265);
#8268=VERTEX_POINT('',#8266);
#8269=CARTESIAN_POINT('',(-3.2E-1,-1.27E0,-4.34E0));
#8270=CARTESIAN_POINT('',(-3.2E-1,-1.27E0,-4.28E0));
#8271=VERTEX_POINT('',#8269);
#8272=VERTEX_POINT('',#8270);
#8273=CARTESIAN_POINT('',(3.2E-1,-8.75E-1,-4.28E0));
#8274=VERTEX_POINT('',#8273);
#8275=CARTESIAN_POINT('',(-3.2E-1,-8.75E-1,-4.28E0));
#8276=VERTEX_POINT('',#8275);
#8277=CARTESIAN_POINT('',(3.2E-1,-1.68E0,-3.700505761683E0));
#8278=CARTESIAN_POINT('',(3.2E-1,-1.68E0,-4.341806527080E0));
#8279=VERTEX_POINT('',#8277);
#8280=VERTEX_POINT('',#8278);
#8281=CARTESIAN_POINT('',(-3.2E-1,-1.68E0,-3.700505761683E0));
#8282=CARTESIAN_POINT('',(-3.2E-1,-1.68E0,-4.341806527080E0));
#8283=VERTEX_POINT('',#8281);
#8284=VERTEX_POINT('',#8282);
#8285=CARTESIAN_POINT('',(-3.2E-1,-1.65E0,-4.34E0));
#8286=VERTEX_POINT('',#8285);
#8287=CARTESIAN_POINT('',(-3.2E-1,1.055E0,-3.6E0));
#8288=CARTESIAN_POINT('',(-3.2E-1,1.055E0,-4.28E0));
#8289=VERTEX_POINT('',#8287);
#8290=VERTEX_POINT('',#8288);
#8291=CARTESIAN_POINT('',(-3.2E-1,-3.2E-1,-3.6E0));
#8292=CARTESIAN_POINT('',(-3.2E-1,-3.2E-1,-3.68E0));
#8293=VERTEX_POINT('',#8291);
#8294=VERTEX_POINT('',#8292);
#8295=CARTESIAN_POINT('',(-3.2E-1,-8.75E-1,-3.7E0));
#8296=CARTESIAN_POINT('',(-3.2E-1,-1.65E0,-3.7E0));
#8297=VERTEX_POINT('',#8295);
#8298=VERTEX_POINT('',#8296);
#8299=CARTESIAN_POINT('',(3.2E-1,1.055E0,-3.6E0));
#8300=VERTEX_POINT('',#8299);
#8301=CARTESIAN_POINT('',(3.2E-1,-3.2E-1,-3.6E0));
#8302=VERTEX_POINT('',#8301);
#8303=CARTESIAN_POINT('',(3.2E-1,-1.65E0,-4.34E0));
#8304=VERTEX_POINT('',#8303);
#8305=CARTESIAN_POINT('',(3.2E-1,1.055E0,-4.28E0));
#8306=VERTEX_POINT('',#8305);
#8307=CARTESIAN_POINT('',(3.2E-1,-3.2E-1,-3.68E0));
#8308=VERTEX_POINT('',#8307);
#8309=CARTESIAN_POINT('',(3.2E-1,-8.75E-1,-3.7E0));
#8310=CARTESIAN_POINT('',(3.2E-1,-1.65E0,-3.7E0));
#8311=VERTEX_POINT('',#8309);
#8312=VERTEX_POINT('',#8310);
#8313=CARTESIAN_POINT('',(1.7E-1,-1.7E-1,2.46E0));
#8314=CARTESIAN_POINT('',(-1.7E-1,-1.7E-1,2.46E0));
#8315=VERTEX_POINT('',#8313);
#8316=VERTEX_POINT('',#8314);
#8317=CARTESIAN_POINT('',(3.2E-1,-3.2E-1,2.06E0));
#8318=CARTESIAN_POINT('',(-3.2E-1,-3.2E-1,2.06E0));
#8319=VERTEX_POINT('',#8317);
#8320=VERTEX_POINT('',#8318);
#8321=CARTESIAN_POINT('',(-3.2E-1,3.2E-1,2.06E0));
#8322=VERTEX_POINT('',#8321);
#8323=CARTESIAN_POINT('',(-1.7E-1,1.7E-1,2.46E0));
#8324=VERTEX_POINT('',#8323);
#8325=CARTESIAN_POINT('',(3.2E-1,3.2E-1,2.06E0));
#8326=VERTEX_POINT('',#8325);
#8327=CARTESIAN_POINT('',(1.7E-1,1.7E-1,2.46E0));
#8328=VERTEX_POINT('',#8327);
#8329=CARTESIAN_POINT('',(3.2E-1,3.2E-1,-1.65E0));
#8330=VERTEX_POINT('',#8329);
#8331=CARTESIAN_POINT('',(3.2E-1,-3.2E-1,-1.65E0));
#8332=VERTEX_POINT('',#8331);
#8333=CARTESIAN_POINT('',(-3.2E-1,3.2E-1,-1.65E0));
#8334=VERTEX_POINT('',#8333);
#8335=CARTESIAN_POINT('',(-3.2E-1,-3.2E-1,-1.65E0));
#8336=VERTEX_POINT('',#8335);
#8337=CARTESIAN_POINT('',(-2.68E0,-2.54E0,-4.59E0));
#8338=CARTESIAN_POINT('',(-2.68E0,-2.54E0,-5.47E0));
#8339=VERTEX_POINT('',#8337);
#8340=VERTEX_POINT('',#8338);
#8341=CARTESIAN_POINT('',(-2.68E0,-1.9E0,-5.47E0));
#8342=VERTEX_POINT('',#8341);
#8343=CARTESIAN_POINT('',(-2.68E0,-1.9E0,-4.59E0));
#8344=VERTEX_POINT('',#8343);
#8345=CARTESIAN_POINT('',(-3.32E0,-2.54E0,-4.59E0));
#8346=CARTESIAN_POINT('',(-3.32E0,-2.54E0,-5.47E0));
#8347=VERTEX_POINT('',#8345);
#8348=VERTEX_POINT('',#8346);
#8349=CARTESIAN_POINT('',(-3.32E0,-1.9E0,-5.47E0));
#8350=VERTEX_POINT('',#8349);
#8351=CARTESIAN_POINT('',(-3.32E0,-1.9E0,-4.59E0));
#8352=VERTEX_POINT('',#8351);
#8353=CARTESIAN_POINT('',(-2.68E0,1.055E0,-4.34E0));
#8354=CARTESIAN_POINT('',(-3.32E0,1.055E0,-4.34E0));
#8355=VERTEX_POINT('',#8353);
#8356=VERTEX_POINT('',#8354);
#8357=CARTESIAN_POINT('',(-2.68E0,-3.2E-1,-3.7E0));
#8358=CARTESIAN_POINT('',(-3.32E0,-3.2E-1,-3.7E0));
#8359=VERTEX_POINT('',#8357);
#8360=VERTEX_POINT('',#8358);
#8361=CARTESIAN_POINT('',(-2.68E0,-1.27E0,-4.34E0));
#8362=CARTESIAN_POINT('',(-2.68E0,-1.27E0,-4.28E0));
#8363=VERTEX_POINT('',#8361);
#8364=VERTEX_POINT('',#8362);
#8365=CARTESIAN_POINT('',(-3.32E0,-1.27E0,-4.34E0));
#8366=CARTESIAN_POINT('',(-3.32E0,-1.27E0,-4.28E0));
#8367=VERTEX_POINT('',#8365);
#8368=VERTEX_POINT('',#8366);
#8369=CARTESIAN_POINT('',(-2.68E0,-8.75E-1,-4.28E0));
#8370=VERTEX_POINT('',#8369);
#8371=CARTESIAN_POINT('',(-3.32E0,-8.75E-1,-4.28E0));
#8372=VERTEX_POINT('',#8371);
#8373=CARTESIAN_POINT('',(-2.68E0,-1.68E0,-3.700505761683E0));
#8374=CARTESIAN_POINT('',(-2.68E0,-1.68E0,-4.341806527080E0));
#8375=VERTEX_POINT('',#8373);
#8376=VERTEX_POINT('',#8374);
#8377=CARTESIAN_POINT('',(-3.32E0,-1.68E0,-3.700505761683E0));
#8378=CARTESIAN_POINT('',(-3.32E0,-1.68E0,-4.341806527080E0));
#8379=VERTEX_POINT('',#8377);
#8380=VERTEX_POINT('',#8378);
#8381=CARTESIAN_POINT('',(-3.32E0,-1.65E0,-4.34E0));
#8382=VERTEX_POINT('',#8381);
#8383=CARTESIAN_POINT('',(-3.32E0,1.055E0,-3.6E0));
#8384=CARTESIAN_POINT('',(-3.32E0,1.055E0,-4.28E0));
#8385=VERTEX_POINT('',#8383);
#8386=VERTEX_POINT('',#8384);
#8387=CARTESIAN_POINT('',(-3.32E0,-3.2E-1,-3.6E0));
#8388=CARTESIAN_POINT('',(-3.32E0,-3.2E-1,-3.68E0));
#8389=VERTEX_POINT('',#8387);
#8390=VERTEX_POINT('',#8388);
#8391=CARTESIAN_POINT('',(-3.32E0,-8.75E-1,-3.7E0));
#8392=CARTESIAN_POINT('',(-3.32E0,-1.65E0,-3.7E0));
#8393=VERTEX_POINT('',#8391);
#8394=VERTEX_POINT('',#8392);
#8395=CARTESIAN_POINT('',(-2.68E0,1.055E0,-3.6E0));
#8396=VERTEX_POINT('',#8395);
#8397=CARTESIAN_POINT('',(-2.68E0,-3.2E-1,-3.6E0));
#8398=VERTEX_POINT('',#8397);
#8399=CARTESIAN_POINT('',(-2.68E0,-1.65E0,-4.34E0));
#8400=VERTEX_POINT('',#8399);
#8401=CARTESIAN_POINT('',(-2.68E0,1.055E0,-4.28E0));
#8402=VERTEX_POINT('',#8401);
#8403=CARTESIAN_POINT('',(-2.68E0,-3.2E-1,-3.68E0));
#8404=VERTEX_POINT('',#8403);
#8405=CARTESIAN_POINT('',(-2.68E0,-8.75E-1,-3.7E0));
#8406=CARTESIAN_POINT('',(-2.68E0,-1.65E0,-3.7E0));
#8407=VERTEX_POINT('',#8405);
#8408=VERTEX_POINT('',#8406);
#8409=CARTESIAN_POINT('',(-2.83E0,-1.7E-1,2.46E0));
#8410=CARTESIAN_POINT('',(-3.17E0,-1.7E-1,2.46E0));
#8411=VERTEX_POINT('',#8409);
#8412=VERTEX_POINT('',#8410);
#8413=CARTESIAN_POINT('',(-2.68E0,-3.2E-1,2.06E0));
#8414=CARTESIAN_POINT('',(-3.32E0,-3.2E-1,2.06E0));
#8415=VERTEX_POINT('',#8413);
#8416=VERTEX_POINT('',#8414);
#8417=CARTESIAN_POINT('',(-3.32E0,3.2E-1,2.06E0));
#8418=VERTEX_POINT('',#8417);
#8419=CARTESIAN_POINT('',(-3.17E0,1.7E-1,2.46E0));
#8420=VERTEX_POINT('',#8419);
#8421=CARTESIAN_POINT('',(-2.68E0,3.2E-1,2.06E0));
#8422=VERTEX_POINT('',#8421);
#8423=CARTESIAN_POINT('',(-2.83E0,1.7E-1,2.46E0));
#8424=VERTEX_POINT('',#8423);
#8425=CARTESIAN_POINT('',(-2.68E0,3.2E-1,-1.65E0));
#8426=VERTEX_POINT('',#8425);
#8427=CARTESIAN_POINT('',(-2.68E0,-3.2E-1,-1.65E0));
#8428=VERTEX_POINT('',#8427);
#8429=CARTESIAN_POINT('',(-3.32E0,3.2E-1,-1.65E0));
#8430=VERTEX_POINT('',#8429);
#8431=CARTESIAN_POINT('',(-3.32E0,-3.2E-1,-1.65E0));
#8432=VERTEX_POINT('',#8431);
#8433=CARTESIAN_POINT('',(-5.68E0,-2.54E0,-4.59E0));
#8434=CARTESIAN_POINT('',(-5.68E0,-2.54E0,-5.47E0));
#8435=VERTEX_POINT('',#8433);
#8436=VERTEX_POINT('',#8434);
#8437=CARTESIAN_POINT('',(-5.68E0,-1.9E0,-5.47E0));
#8438=VERTEX_POINT('',#8437);
#8439=CARTESIAN_POINT('',(-5.68E0,-1.9E0,-4.59E0));
#8440=VERTEX_POINT('',#8439);
#8441=CARTESIAN_POINT('',(-6.32E0,-2.54E0,-4.59E0));
#8442=CARTESIAN_POINT('',(-6.32E0,-2.54E0,-5.47E0));
#8443=VERTEX_POINT('',#8441);
#8444=VERTEX_POINT('',#8442);
#8445=CARTESIAN_POINT('',(-6.32E0,-1.9E0,-5.47E0));
#8446=VERTEX_POINT('',#8445);
#8447=CARTESIAN_POINT('',(-6.32E0,-1.9E0,-4.59E0));
#8448=VERTEX_POINT('',#8447);
#8449=CARTESIAN_POINT('',(-5.68E0,1.055E0,-4.34E0));
#8450=CARTESIAN_POINT('',(-6.32E0,1.055E0,-4.34E0));
#8451=VERTEX_POINT('',#8449);
#8452=VERTEX_POINT('',#8450);
#8453=CARTESIAN_POINT('',(-5.68E0,-3.2E-1,-3.7E0));
#8454=CARTESIAN_POINT('',(-6.32E0,-3.2E-1,-3.7E0));
#8455=VERTEX_POINT('',#8453);
#8456=VERTEX_POINT('',#8454);
#8457=CARTESIAN_POINT('',(-5.68E0,-1.27E0,-4.34E0));
#8458=CARTESIAN_POINT('',(-5.68E0,-1.27E0,-4.28E0));
#8459=VERTEX_POINT('',#8457);
#8460=VERTEX_POINT('',#8458);
#8461=CARTESIAN_POINT('',(-6.32E0,-1.27E0,-4.34E0));
#8462=CARTESIAN_POINT('',(-6.32E0,-1.27E0,-4.28E0));
#8463=VERTEX_POINT('',#8461);
#8464=VERTEX_POINT('',#8462);
#8465=CARTESIAN_POINT('',(-5.68E0,-8.75E-1,-4.28E0));
#8466=VERTEX_POINT('',#8465);
#8467=CARTESIAN_POINT('',(-6.32E0,-8.75E-1,-4.28E0));
#8468=VERTEX_POINT('',#8467);
#8469=CARTESIAN_POINT('',(-5.68E0,-1.68E0,-3.700505761683E0));
#8470=CARTESIAN_POINT('',(-5.68E0,-1.68E0,-4.341806527080E0));
#8471=VERTEX_POINT('',#8469);
#8472=VERTEX_POINT('',#8470);
#8473=CARTESIAN_POINT('',(-6.32E0,-1.68E0,-3.700505761683E0));
#8474=CARTESIAN_POINT('',(-6.32E0,-1.68E0,-4.341806527080E0));
#8475=VERTEX_POINT('',#8473);
#8476=VERTEX_POINT('',#8474);
#8477=CARTESIAN_POINT('',(-6.32E0,-1.65E0,-4.34E0));
#8478=VERTEX_POINT('',#8477);
#8479=CARTESIAN_POINT('',(-6.32E0,1.055E0,-3.6E0));
#8480=CARTESIAN_POINT('',(-6.32E0,1.055E0,-4.28E0));
#8481=VERTEX_POINT('',#8479);
#8482=VERTEX_POINT('',#8480);
#8483=CARTESIAN_POINT('',(-6.32E0,-3.2E-1,-3.6E0));
#8484=CARTESIAN_POINT('',(-6.32E0,-3.2E-1,-3.68E0));
#8485=VERTEX_POINT('',#8483);
#8486=VERTEX_POINT('',#8484);
#8487=CARTESIAN_POINT('',(-6.32E0,-8.75E-1,-3.7E0));
#8488=CARTESIAN_POINT('',(-6.32E0,-1.65E0,-3.7E0));
#8489=VERTEX_POINT('',#8487);
#8490=VERTEX_POINT('',#8488);
#8491=CARTESIAN_POINT('',(-5.68E0,1.055E0,-3.6E0));
#8492=VERTEX_POINT('',#8491);
#8493=CARTESIAN_POINT('',(-5.68E0,-3.2E-1,-3.6E0));
#8494=VERTEX_POINT('',#8493);
#8495=CARTESIAN_POINT('',(-5.68E0,-1.65E0,-4.34E0));
#8496=VERTEX_POINT('',#8495);
#8497=CARTESIAN_POINT('',(-5.68E0,1.055E0,-4.28E0));
#8498=VERTEX_POINT('',#8497);
#8499=CARTESIAN_POINT('',(-5.68E0,-3.2E-1,-3.68E0));
#8500=VERTEX_POINT('',#8499);
#8501=CARTESIAN_POINT('',(-5.68E0,-8.75E-1,-3.7E0));
#8502=CARTESIAN_POINT('',(-5.68E0,-1.65E0,-3.7E0));
#8503=VERTEX_POINT('',#8501);
#8504=VERTEX_POINT('',#8502);
#8505=CARTESIAN_POINT('',(-5.83E0,-1.7E-1,2.46E0));
#8506=CARTESIAN_POINT('',(-6.17E0,-1.7E-1,2.46E0));
#8507=VERTEX_POINT('',#8505);
#8508=VERTEX_POINT('',#8506);
#8509=CARTESIAN_POINT('',(-5.68E0,-3.2E-1,2.06E0));
#8510=CARTESIAN_POINT('',(-6.32E0,-3.2E-1,2.06E0));
#8511=VERTEX_POINT('',#8509);
#8512=VERTEX_POINT('',#8510);
#8513=CARTESIAN_POINT('',(-6.32E0,3.2E-1,2.06E0));
#8514=VERTEX_POINT('',#8513);
#8515=CARTESIAN_POINT('',(-6.17E0,1.7E-1,2.46E0));
#8516=VERTEX_POINT('',#8515);
#8517=CARTESIAN_POINT('',(-5.68E0,3.2E-1,2.06E0));
#8518=VERTEX_POINT('',#8517);
#8519=CARTESIAN_POINT('',(-5.83E0,1.7E-1,2.46E0));
#8520=VERTEX_POINT('',#8519);
#8521=CARTESIAN_POINT('',(-5.68E0,3.2E-1,-1.65E0));
#8522=VERTEX_POINT('',#8521);
#8523=CARTESIAN_POINT('',(-5.68E0,-3.2E-1,-1.65E0));
#8524=VERTEX_POINT('',#8523);
#8525=CARTESIAN_POINT('',(-6.32E0,3.2E-1,-1.65E0));
#8526=VERTEX_POINT('',#8525);
#8527=CARTESIAN_POINT('',(-6.32E0,-3.2E-1,-1.65E0));
#8528=VERTEX_POINT('',#8527);
#8529=CARTESIAN_POINT('',(-8.68E0,-2.54E0,-4.59E0));
#8530=CARTESIAN_POINT('',(-8.68E0,-2.54E0,-5.47E0));
#8531=VERTEX_POINT('',#8529);
#8532=VERTEX_POINT('',#8530);
#8533=CARTESIAN_POINT('',(-8.68E0,-1.9E0,-5.47E0));
#8534=VERTEX_POINT('',#8533);
#8535=CARTESIAN_POINT('',(-8.68E0,-1.9E0,-4.59E0));
#8536=VERTEX_POINT('',#8535);
#8537=CARTESIAN_POINT('',(-9.32E0,-2.54E0,-4.59E0));
#8538=CARTESIAN_POINT('',(-9.32E0,-2.54E0,-5.47E0));
#8539=VERTEX_POINT('',#8537);
#8540=VERTEX_POINT('',#8538);
#8541=CARTESIAN_POINT('',(-9.32E0,-1.9E0,-5.47E0));
#8542=VERTEX_POINT('',#8541);
#8543=CARTESIAN_POINT('',(-9.32E0,-1.9E0,-4.59E0));
#8544=VERTEX_POINT('',#8543);
#8545=CARTESIAN_POINT('',(-8.68E0,1.055E0,-4.34E0));
#8546=CARTESIAN_POINT('',(-9.32E0,1.055E0,-4.34E0));
#8547=VERTEX_POINT('',#8545);
#8548=VERTEX_POINT('',#8546);
#8549=CARTESIAN_POINT('',(-8.68E0,-3.2E-1,-3.7E0));
#8550=CARTESIAN_POINT('',(-9.32E0,-3.2E-1,-3.7E0));
#8551=VERTEX_POINT('',#8549);
#8552=VERTEX_POINT('',#8550);
#8553=CARTESIAN_POINT('',(-8.68E0,-1.27E0,-4.34E0));
#8554=CARTESIAN_POINT('',(-8.68E0,-1.27E0,-4.28E0));
#8555=VERTEX_POINT('',#8553);
#8556=VERTEX_POINT('',#8554);
#8557=CARTESIAN_POINT('',(-9.32E0,-1.27E0,-4.34E0));
#8558=CARTESIAN_POINT('',(-9.32E0,-1.27E0,-4.28E0));
#8559=VERTEX_POINT('',#8557);
#8560=VERTEX_POINT('',#8558);
#8561=CARTESIAN_POINT('',(-8.68E0,-8.75E-1,-4.28E0));
#8562=VERTEX_POINT('',#8561);
#8563=CARTESIAN_POINT('',(-9.32E0,-8.75E-1,-4.28E0));
#8564=VERTEX_POINT('',#8563);
#8565=CARTESIAN_POINT('',(-8.68E0,-1.68E0,-3.700505761683E0));
#8566=CARTESIAN_POINT('',(-8.68E0,-1.68E0,-4.341806527080E0));
#8567=VERTEX_POINT('',#8565);
#8568=VERTEX_POINT('',#8566);
#8569=CARTESIAN_POINT('',(-9.32E0,-1.68E0,-3.700505761683E0));
#8570=CARTESIAN_POINT('',(-9.32E0,-1.68E0,-4.341806527080E0));
#8571=VERTEX_POINT('',#8569);
#8572=VERTEX_POINT('',#8570);
#8573=CARTESIAN_POINT('',(-9.32E0,-1.65E0,-4.34E0));
#8574=VERTEX_POINT('',#8573);
#8575=CARTESIAN_POINT('',(-9.32E0,1.055E0,-3.6E0));
#8576=CARTESIAN_POINT('',(-9.32E0,1.055E0,-4.28E0));
#8577=VERTEX_POINT('',#8575);
#8578=VERTEX_POINT('',#8576);
#8579=CARTESIAN_POINT('',(-9.32E0,-3.2E-1,-3.6E0));
#8580=CARTESIAN_POINT('',(-9.32E0,-3.2E-1,-3.68E0));
#8581=VERTEX_POINT('',#8579);
#8582=VERTEX_POINT('',#8580);
#8583=CARTESIAN_POINT('',(-9.32E0,-8.75E-1,-3.7E0));
#8584=CARTESIAN_POINT('',(-9.32E0,-1.65E0,-3.7E0));
#8585=VERTEX_POINT('',#8583);
#8586=VERTEX_POINT('',#8584);
#8587=CARTESIAN_POINT('',(-8.68E0,1.055E0,-3.6E0));
#8588=VERTEX_POINT('',#8587);
#8589=CARTESIAN_POINT('',(-8.68E0,-3.2E-1,-3.6E0));
#8590=VERTEX_POINT('',#8589);
#8591=CARTESIAN_POINT('',(-8.68E0,-1.65E0,-4.34E0));
#8592=VERTEX_POINT('',#8591);
#8593=CARTESIAN_POINT('',(-8.68E0,1.055E0,-4.28E0));
#8594=VERTEX_POINT('',#8593);
#8595=CARTESIAN_POINT('',(-8.68E0,-3.2E-1,-3.68E0));
#8596=VERTEX_POINT('',#8595);
#8597=CARTESIAN_POINT('',(-8.68E0,-8.75E-1,-3.7E0));
#8598=CARTESIAN_POINT('',(-8.68E0,-1.65E0,-3.7E0));
#8599=VERTEX_POINT('',#8597);
#8600=VERTEX_POINT('',#8598);
#8601=CARTESIAN_POINT('',(-8.83E0,-1.7E-1,2.46E0));
#8602=CARTESIAN_POINT('',(-9.17E0,-1.7E-1,2.46E0));
#8603=VERTEX_POINT('',#8601);
#8604=VERTEX_POINT('',#8602);
#8605=CARTESIAN_POINT('',(-8.68E0,-3.2E-1,2.06E0));
#8606=CARTESIAN_POINT('',(-9.32E0,-3.2E-1,2.06E0));
#8607=VERTEX_POINT('',#8605);
#8608=VERTEX_POINT('',#8606);
#8609=CARTESIAN_POINT('',(-9.32E0,3.2E-1,2.06E0));
#8610=VERTEX_POINT('',#8609);
#8611=CARTESIAN_POINT('',(-9.17E0,1.7E-1,2.46E0));
#8612=VERTEX_POINT('',#8611);
#8613=CARTESIAN_POINT('',(-8.68E0,3.2E-1,2.06E0));
#8614=VERTEX_POINT('',#8613);
#8615=CARTESIAN_POINT('',(-8.83E0,1.7E-1,2.46E0));
#8616=VERTEX_POINT('',#8615);
#8617=CARTESIAN_POINT('',(-8.68E0,3.2E-1,-1.65E0));
#8618=VERTEX_POINT('',#8617);
#8619=CARTESIAN_POINT('',(-8.68E0,-3.2E-1,-1.65E0));
#8620=VERTEX_POINT('',#8619);
#8621=CARTESIAN_POINT('',(-9.32E0,3.2E-1,-1.65E0));
#8622=VERTEX_POINT('',#8621);
#8623=CARTESIAN_POINT('',(-9.32E0,-3.2E-1,-1.65E0));
#8624=VERTEX_POINT('',#8623);
#8625=CARTESIAN_POINT('',(-1.168E1,-2.54E0,-4.59E0));
#8626=CARTESIAN_POINT('',(-1.168E1,-2.54E0,-5.47E0));
#8627=VERTEX_POINT('',#8625);
#8628=VERTEX_POINT('',#8626);
#8629=CARTESIAN_POINT('',(-1.168E1,-1.9E0,-5.47E0));
#8630=VERTEX_POINT('',#8629);
#8631=CARTESIAN_POINT('',(-1.168E1,-1.9E0,-4.59E0));
#8632=VERTEX_POINT('',#8631);
#8633=CARTESIAN_POINT('',(-1.232E1,-2.54E0,-4.59E0));
#8634=CARTESIAN_POINT('',(-1.232E1,-2.54E0,-5.47E0));
#8635=VERTEX_POINT('',#8633);
#8636=VERTEX_POINT('',#8634);
#8637=CARTESIAN_POINT('',(-1.232E1,-1.9E0,-5.47E0));
#8638=VERTEX_POINT('',#8637);
#8639=CARTESIAN_POINT('',(-1.232E1,-1.9E0,-4.59E0));
#8640=VERTEX_POINT('',#8639);
#8641=CARTESIAN_POINT('',(-1.168E1,1.055E0,-4.34E0));
#8642=CARTESIAN_POINT('',(-1.232E1,1.055E0,-4.34E0));
#8643=VERTEX_POINT('',#8641);
#8644=VERTEX_POINT('',#8642);
#8645=CARTESIAN_POINT('',(-1.168E1,-3.2E-1,-3.7E0));
#8646=CARTESIAN_POINT('',(-1.232E1,-3.2E-1,-3.7E0));
#8647=VERTEX_POINT('',#8645);
#8648=VERTEX_POINT('',#8646);
#8649=CARTESIAN_POINT('',(-1.168E1,-1.27E0,-4.34E0));
#8650=CARTESIAN_POINT('',(-1.168E1,-1.27E0,-4.28E0));
#8651=VERTEX_POINT('',#8649);
#8652=VERTEX_POINT('',#8650);
#8653=CARTESIAN_POINT('',(-1.232E1,-1.27E0,-4.34E0));
#8654=CARTESIAN_POINT('',(-1.232E1,-1.27E0,-4.28E0));
#8655=VERTEX_POINT('',#8653);
#8656=VERTEX_POINT('',#8654);
#8657=CARTESIAN_POINT('',(-1.168E1,-8.75E-1,-4.28E0));
#8658=VERTEX_POINT('',#8657);
#8659=CARTESIAN_POINT('',(-1.232E1,-8.75E-1,-4.28E0));
#8660=VERTEX_POINT('',#8659);
#8661=CARTESIAN_POINT('',(-1.168E1,-1.68E0,-3.700505761683E0));
#8662=CARTESIAN_POINT('',(-1.168E1,-1.68E0,-4.341806527080E0));
#8663=VERTEX_POINT('',#8661);
#8664=VERTEX_POINT('',#8662);
#8665=CARTESIAN_POINT('',(-1.232E1,-1.68E0,-3.700505761683E0));
#8666=CARTESIAN_POINT('',(-1.232E1,-1.68E0,-4.341806527080E0));
#8667=VERTEX_POINT('',#8665);
#8668=VERTEX_POINT('',#8666);
#8669=CARTESIAN_POINT('',(-1.232E1,-1.65E0,-4.34E0));
#8670=VERTEX_POINT('',#8669);
#8671=CARTESIAN_POINT('',(-1.232E1,1.055E0,-3.6E0));
#8672=CARTESIAN_POINT('',(-1.232E1,1.055E0,-4.28E0));
#8673=VERTEX_POINT('',#8671);
#8674=VERTEX_POINT('',#8672);
#8675=CARTESIAN_POINT('',(-1.232E1,-3.2E-1,-3.6E0));
#8676=CARTESIAN_POINT('',(-1.232E1,-3.2E-1,-3.68E0));
#8677=VERTEX_POINT('',#8675);
#8678=VERTEX_POINT('',#8676);
#8679=CARTESIAN_POINT('',(-1.232E1,-8.75E-1,-3.7E0));
#8680=CARTESIAN_POINT('',(-1.232E1,-1.65E0,-3.7E0));
#8681=VERTEX_POINT('',#8679);
#8682=VERTEX_POINT('',#8680);
#8683=CARTESIAN_POINT('',(-1.168E1,1.055E0,-3.6E0));
#8684=VERTEX_POINT('',#8683);
#8685=CARTESIAN_POINT('',(-1.168E1,-3.2E-1,-3.6E0));
#8686=VERTEX_POINT('',#8685);
#8687=CARTESIAN_POINT('',(-1.168E1,-1.65E0,-4.34E0));
#8688=VERTEX_POINT('',#8687);
#8689=CARTESIAN_POINT('',(-1.168E1,1.055E0,-4.28E0));
#8690=VERTEX_POINT('',#8689);
#8691=CARTESIAN_POINT('',(-1.168E1,-3.2E-1,-3.68E0));
#8692=VERTEX_POINT('',#8691);
#8693=CARTESIAN_POINT('',(-1.168E1,-8.75E-1,-3.7E0));
#8694=CARTESIAN_POINT('',(-1.168E1,-1.65E0,-3.7E0));
#8695=VERTEX_POINT('',#8693);
#8696=VERTEX_POINT('',#8694);
#8697=CARTESIAN_POINT('',(-1.183E1,-1.7E-1,2.46E0));
#8698=CARTESIAN_POINT('',(-1.217E1,-1.7E-1,2.46E0));
#8699=VERTEX_POINT('',#8697);
#8700=VERTEX_POINT('',#8698);
#8701=CARTESIAN_POINT('',(-1.168E1,-3.2E-1,2.06E0));
#8702=CARTESIAN_POINT('',(-1.232E1,-3.2E-1,2.06E0));
#8703=VERTEX_POINT('',#8701);
#8704=VERTEX_POINT('',#8702);
#8705=CARTESIAN_POINT('',(-1.232E1,3.2E-1,2.06E0));
#8706=VERTEX_POINT('',#8705);
#8707=CARTESIAN_POINT('',(-1.217E1,1.7E-1,2.46E0));
#8708=VERTEX_POINT('',#8707);
#8709=CARTESIAN_POINT('',(-1.168E1,3.2E-1,2.06E0));
#8710=VERTEX_POINT('',#8709);
#8711=CARTESIAN_POINT('',(-1.183E1,1.7E-1,2.46E0));
#8712=VERTEX_POINT('',#8711);
#8713=CARTESIAN_POINT('',(-1.168E1,3.2E-1,-1.65E0));
#8714=VERTEX_POINT('',#8713);
#8715=CARTESIAN_POINT('',(-1.168E1,-3.2E-1,-1.65E0));
#8716=VERTEX_POINT('',#8715);
#8717=CARTESIAN_POINT('',(-1.232E1,3.2E-1,-1.65E0));
#8718=VERTEX_POINT('',#8717);
#8719=CARTESIAN_POINT('',(-1.232E1,-3.2E-1,-1.65E0));
#8720=VERTEX_POINT('',#8719);
#8721=CARTESIAN_POINT('',(-1.468E1,-2.54E0,-4.59E0));
#8722=CARTESIAN_POINT('',(-1.468E1,-2.54E0,-5.47E0));
#8723=VERTEX_POINT('',#8721);
#8724=VERTEX_POINT('',#8722);
#8725=CARTESIAN_POINT('',(-1.468E1,-1.9E0,-5.47E0));
#8726=VERTEX_POINT('',#8725);
#8727=CARTESIAN_POINT('',(-1.468E1,-1.9E0,-4.59E0));
#8728=VERTEX_POINT('',#8727);
#8729=CARTESIAN_POINT('',(-1.532E1,-2.54E0,-4.59E0));
#8730=CARTESIAN_POINT('',(-1.532E1,-2.54E0,-5.47E0));
#8731=VERTEX_POINT('',#8729);
#8732=VERTEX_POINT('',#8730);
#8733=CARTESIAN_POINT('',(-1.532E1,-1.9E0,-5.47E0));
#8734=VERTEX_POINT('',#8733);
#8735=CARTESIAN_POINT('',(-1.532E1,-1.9E0,-4.59E0));
#8736=VERTEX_POINT('',#8735);
#8737=CARTESIAN_POINT('',(-1.468E1,1.055E0,-4.34E0));
#8738=CARTESIAN_POINT('',(-1.532E1,1.055E0,-4.34E0));
#8739=VERTEX_POINT('',#8737);
#8740=VERTEX_POINT('',#8738);
#8741=CARTESIAN_POINT('',(-1.468E1,-3.2E-1,-3.7E0));
#8742=CARTESIAN_POINT('',(-1.532E1,-3.2E-1,-3.7E0));
#8743=VERTEX_POINT('',#8741);
#8744=VERTEX_POINT('',#8742);
#8745=CARTESIAN_POINT('',(-1.468E1,-1.27E0,-4.34E0));
#8746=CARTESIAN_POINT('',(-1.468E1,-1.27E0,-4.28E0));
#8747=VERTEX_POINT('',#8745);
#8748=VERTEX_POINT('',#8746);
#8749=CARTESIAN_POINT('',(-1.532E1,-1.27E0,-4.34E0));
#8750=CARTESIAN_POINT('',(-1.532E1,-1.27E0,-4.28E0));
#8751=VERTEX_POINT('',#8749);
#8752=VERTEX_POINT('',#8750);
#8753=CARTESIAN_POINT('',(-1.468E1,-8.75E-1,-4.28E0));
#8754=VERTEX_POINT('',#8753);
#8755=CARTESIAN_POINT('',(-1.532E1,-8.75E-1,-4.28E0));
#8756=VERTEX_POINT('',#8755);
#8757=CARTESIAN_POINT('',(-1.468E1,-3.2E-1,-1.65E0));
#8758=CARTESIAN_POINT('',(-1.468E1,3.2E-1,-1.65E0));
#8759=VERTEX_POINT('',#8757);
#8760=VERTEX_POINT('',#8758);
#8761=CARTESIAN_POINT('',(-1.532E1,-3.2E-1,-1.65E0));
#8762=CARTESIAN_POINT('',(-1.532E1,3.2E-1,-1.65E0));
#8763=VERTEX_POINT('',#8761);
#8764=VERTEX_POINT('',#8762);
#8765=CARTESIAN_POINT('',(-1.468E1,-1.68E0,-3.700505761683E0));
#8766=CARTESIAN_POINT('',(-1.468E1,-1.68E0,-4.341806527080E0));
#8767=VERTEX_POINT('',#8765);
#8768=VERTEX_POINT('',#8766);
#8769=CARTESIAN_POINT('',(-1.532E1,-1.68E0,-3.700505761683E0));
#8770=CARTESIAN_POINT('',(-1.532E1,-1.68E0,-4.341806527080E0));
#8771=VERTEX_POINT('',#8769);
#8772=VERTEX_POINT('',#8770);
#8773=CARTESIAN_POINT('',(-1.532E1,-1.65E0,-4.34E0));
#8774=VERTEX_POINT('',#8773);
#8775=CARTESIAN_POINT('',(-1.532E1,1.055E0,-3.6E0));
#8776=CARTESIAN_POINT('',(-1.532E1,1.055E0,-4.28E0));
#8777=VERTEX_POINT('',#8775);
#8778=VERTEX_POINT('',#8776);
#8779=CARTESIAN_POINT('',(-1.532E1,-3.2E-1,-3.6E0));
#8780=CARTESIAN_POINT('',(-1.532E1,-3.2E-1,-3.68E0));
#8781=VERTEX_POINT('',#8779);
#8782=VERTEX_POINT('',#8780);
#8783=CARTESIAN_POINT('',(-1.532E1,-8.75E-1,-3.7E0));
#8784=CARTESIAN_POINT('',(-1.532E1,-1.65E0,-3.7E0));
#8785=VERTEX_POINT('',#8783);
#8786=VERTEX_POINT('',#8784);
#8787=CARTESIAN_POINT('',(-1.468E1,1.055E0,-3.6E0));
#8788=VERTEX_POINT('',#8787);
#8789=CARTESIAN_POINT('',(-1.468E1,-3.2E-1,-3.6E0));
#8790=VERTEX_POINT('',#8789);
#8791=CARTESIAN_POINT('',(-1.468E1,-1.65E0,-4.34E0));
#8792=VERTEX_POINT('',#8791);
#8793=CARTESIAN_POINT('',(-1.468E1,1.055E0,-4.28E0));
#8794=VERTEX_POINT('',#8793);
#8795=CARTESIAN_POINT('',(-1.468E1,-3.2E-1,-3.68E0));
#8796=VERTEX_POINT('',#8795);
#8797=CARTESIAN_POINT('',(-1.468E1,-8.75E-1,-3.7E0));
#8798=CARTESIAN_POINT('',(-1.468E1,-1.65E0,-3.7E0));
#8799=VERTEX_POINT('',#8797);
#8800=VERTEX_POINT('',#8798);
#8801=CARTESIAN_POINT('',(-1.483E1,-1.7E-1,2.46E0));
#8802=CARTESIAN_POINT('',(-1.517E1,-1.7E-1,2.46E0));
#8803=VERTEX_POINT('',#8801);
#8804=VERTEX_POINT('',#8802);
#8805=CARTESIAN_POINT('',(-1.468E1,-3.2E-1,2.06E0));
#8806=CARTESIAN_POINT('',(-1.532E1,-3.2E-1,2.06E0));
#8807=VERTEX_POINT('',#8805);
#8808=VERTEX_POINT('',#8806);
#8809=CARTESIAN_POINT('',(-1.532E1,3.2E-1,2.06E0));
#8810=VERTEX_POINT('',#8809);
#8811=CARTESIAN_POINT('',(-1.517E1,1.7E-1,2.46E0));
#8812=VERTEX_POINT('',#8811);
#8813=CARTESIAN_POINT('',(-1.468E1,3.2E-1,2.06E0));
#8814=VERTEX_POINT('',#8813);
#8815=CARTESIAN_POINT('',(-1.483E1,1.7E-1,2.46E0));
#8816=VERTEX_POINT('',#8815);
#8817=CARTESIAN_POINT('',(-1.325E1,-2.43E0,4.1E0));
#8818=CARTESIAN_POINT('',(-1.425E1,-2.43E0,4.1E0));
#8819=VERTEX_POINT('',#8817);
#8820=VERTEX_POINT('',#8818);
#8821=CARTESIAN_POINT('',(-1.425E1,-2.43E0,-3.1E0));
#8822=VERTEX_POINT('',#8821);
#8823=CARTESIAN_POINT('',(-1.325E1,-2.43E0,-3.1E0));
#8824=VERTEX_POINT('',#8823);
#8825=CARTESIAN_POINT('',(-1.325E1,-1.93E0,4.1E0));
#8826=CARTESIAN_POINT('',(-1.425E1,-1.93E0,4.1E0));
#8827=VERTEX_POINT('',#8825);
#8828=VERTEX_POINT('',#8826);
#8829=CARTESIAN_POINT('',(-1.425E1,-1.93E0,-3.1E0));
#8830=VERTEX_POINT('',#8829);
#8831=CARTESIAN_POINT('',(-1.7325E1,-1.89E0,-3.E-1));
#8832=CARTESIAN_POINT('',(-1.7575E1,-2.14E0,-3.E-1));
#8833=VERTEX_POINT('',#8831);
#8834=VERTEX_POINT('',#8832);
#8835=CARTESIAN_POINT('',(-2.0325E1,-2.14E0,-3.E-1));
#8836=VERTEX_POINT('',#8835);
#8837=CARTESIAN_POINT('',(-2.0325E1,-2.54E0,-3.E-1));
#8838=VERTEX_POINT('',#8837);
#8839=CARTESIAN_POINT('',(-1.7575E1,-2.54E0,-3.E-1));
#8840=VERTEX_POINT('',#8839);
#8841=CARTESIAN_POINT('',(1.7575E1,-2.54E0,-3.E-1));
#8842=CARTESIAN_POINT('',(2.0325E1,-2.54E0,-3.E-1));
#8843=VERTEX_POINT('',#8841);
#8844=VERTEX_POINT('',#8842);
#8845=CARTESIAN_POINT('',(2.0325E1,-2.14E0,-3.E-1));
#8846=VERTEX_POINT('',#8845);
#8847=CARTESIAN_POINT('',(1.7575E1,-2.14E0,-3.E-1));
#8848=VERTEX_POINT('',#8847);
#8849=CARTESIAN_POINT('',(1.7325E1,-1.89E0,-3.E-1));
#8850=VERTEX_POINT('',#8849);
#8851=CARTESIAN_POINT('',(-1.7325E1,-1.89E0,1.E0));
#8852=CARTESIAN_POINT('',(-1.7575E1,-2.14E0,1.E0));
#8853=VERTEX_POINT('',#8851);
#8854=VERTEX_POINT('',#8852);
#8855=CARTESIAN_POINT('',(-2.0325E1,-2.14E0,1.E0));
#8856=VERTEX_POINT('',#8855);
#8857=CARTESIAN_POINT('',(-2.0325E1,-2.54E0,1.E0));
#8858=VERTEX_POINT('',#8857);
#8859=CARTESIAN_POINT('',(-1.7575E1,-2.54E0,1.E0));
#8860=VERTEX_POINT('',#8859);
#8861=CARTESIAN_POINT('',(1.7575E1,-2.54E0,1.E0));
#8862=CARTESIAN_POINT('',(2.0325E1,-2.54E0,1.E0));
#8863=VERTEX_POINT('',#8861);
#8864=VERTEX_POINT('',#8862);
#8865=CARTESIAN_POINT('',(2.0325E1,-2.14E0,1.E0));
#8866=VERTEX_POINT('',#8865);
#8867=CARTESIAN_POINT('',(1.7575E1,-2.14E0,1.E0));
#8868=VERTEX_POINT('',#8867);
#8869=CARTESIAN_POINT('',(1.7325E1,-1.89E0,1.E0));
#8870=VERTEX_POINT('',#8869);
#8871=CARTESIAN_POINT('',(-1.7325E1,-1.43E0,-3.E-1));
#8872=CARTESIAN_POINT('',(-1.6925E1,-1.43E0,-3.E-1));
#8873=VERTEX_POINT('',#8871);
#8874=VERTEX_POINT('',#8872);
#8875=CARTESIAN_POINT('',(1.6925E1,-1.43E0,-3.E-1));
#8876=CARTESIAN_POINT('',(1.7325E1,-1.43E0,-3.E-1));
#8877=VERTEX_POINT('',#8875);
#8878=VERTEX_POINT('',#8876);
#8879=CARTESIAN_POINT('',(-1.7325E1,-1.43E0,1.E0));
#8880=CARTESIAN_POINT('',(-1.6925E1,-1.43E0,1.E0));
#8881=VERTEX_POINT('',#8879);
#8882=VERTEX_POINT('',#8880);
#8883=CARTESIAN_POINT('',(1.6925E1,-1.43E0,1.E0));
#8884=CARTESIAN_POINT('',(1.7325E1,-1.43E0,1.E0));
#8885=VERTEX_POINT('',#8883);
#8886=VERTEX_POINT('',#8884);
#8887=CARTESIAN_POINT('',(-1.6925E1,-1.89E0,-3.E-1));
#8888=VERTEX_POINT('',#8887);
#8889=CARTESIAN_POINT('',(-1.6925E1,-1.89E0,1.E0));
#8890=VERTEX_POINT('',#8889);
#8891=CARTESIAN_POINT('',(1.6925E1,-1.89E0,-3.E-1));
#8892=VERTEX_POINT('',#8891);
#8893=CARTESIAN_POINT('',(1.6925E1,-1.89E0,1.E0));
#8894=VERTEX_POINT('',#8893);
#8895=CARTESIAN_POINT('',(-1.6965E1,8.75E-1,-3.68E0));
#8896=CARTESIAN_POINT('',(-1.6965E1,-8.75E-1,-3.68E0));
#8897=VERTEX_POINT('',#8895);
#8898=VERTEX_POINT('',#8896);
#8899=CARTESIAN_POINT('',(-1.6965E1,-8.75E-1,-4.28E0));
#8900=VERTEX_POINT('',#8899);
#8901=CARTESIAN_POINT('',(-1.6965E1,8.75E-1,-4.28E0));
#8902=VERTEX_POINT('',#8901);
#8903=CARTESIAN_POINT('',(1.532E1,-8.75E-1,-3.68E0));
#8904=VERTEX_POINT('',#8903);
#8905=CARTESIAN_POINT('',(1.468E1,-8.75E-1,-3.68E0));
#8906=CARTESIAN_POINT('',(1.232E1,-8.75E-1,-3.68E0));
#8907=VERTEX_POINT('',#8905);
#8908=VERTEX_POINT('',#8906);
#8909=CARTESIAN_POINT('',(1.168E1,-8.75E-1,-3.68E0));
#8910=CARTESIAN_POINT('',(9.32E0,-8.75E-1,-3.68E0));
#8911=VERTEX_POINT('',#8909);
#8912=VERTEX_POINT('',#8910);
#8913=CARTESIAN_POINT('',(8.68E0,-8.75E-1,-3.68E0));
#8914=CARTESIAN_POINT('',(6.32E0,-8.75E-1,-3.68E0));
#8915=VERTEX_POINT('',#8913);
#8916=VERTEX_POINT('',#8914);
#8917=CARTESIAN_POINT('',(5.68E0,-8.75E-1,-3.68E0));
#8918=CARTESIAN_POINT('',(3.32E0,-8.75E-1,-3.68E0));
#8919=VERTEX_POINT('',#8917);
#8920=VERTEX_POINT('',#8918);
#8921=CARTESIAN_POINT('',(1.532E1,8.75E-1,-4.28E0));
#8922=VERTEX_POINT('',#8921);
#8923=CARTESIAN_POINT('',(1.468E1,8.75E-1,-4.28E0));
#8924=VERTEX_POINT('',#8923);
#8925=CARTESIAN_POINT('',(1.532E1,8.75E-1,-3.68E0));
#8926=VERTEX_POINT('',#8925);
#8927=CARTESIAN_POINT('',(1.468E1,8.75E-1,-3.68E0));
#8928=VERTEX_POINT('',#8927);
#8929=CARTESIAN_POINT('',(1.232E1,8.75E-1,-4.28E0));
#8930=VERTEX_POINT('',#8929);
#8931=CARTESIAN_POINT('',(1.168E1,8.75E-1,-4.28E0));
#8932=VERTEX_POINT('',#8931);
#8933=CARTESIAN_POINT('',(1.232E1,8.75E-1,-3.68E0));
#8934=VERTEX_POINT('',#8933);
#8935=CARTESIAN_POINT('',(1.168E1,8.75E-1,-3.68E0));
#8936=VERTEX_POINT('',#8935);
#8937=CARTESIAN_POINT('',(6.32E0,8.75E-1,-4.28E0));
#8938=VERTEX_POINT('',#8937);
#8939=CARTESIAN_POINT('',(5.68E0,8.75E-1,-4.28E0));
#8940=VERTEX_POINT('',#8939);
#8941=CARTESIAN_POINT('',(6.32E0,8.75E-1,-3.68E0));
#8942=VERTEX_POINT('',#8941);
#8943=CARTESIAN_POINT('',(5.68E0,8.75E-1,-3.68E0));
#8944=VERTEX_POINT('',#8943);
#8945=CARTESIAN_POINT('',(3.32E0,8.75E-1,-4.28E0));
#8946=VERTEX_POINT('',#8945);
#8947=CARTESIAN_POINT('',(2.68E0,8.75E-1,-4.28E0));
#8948=VERTEX_POINT('',#8947);
#8949=CARTESIAN_POINT('',(3.32E0,8.75E-1,-3.68E0));
#8950=VERTEX_POINT('',#8949);
#8951=CARTESIAN_POINT('',(2.68E0,8.75E-1,-3.68E0));
#8952=VERTEX_POINT('',#8951);
#8953=CARTESIAN_POINT('',(2.68E0,-8.75E-1,-3.68E0));
#8954=VERTEX_POINT('',#8953);
#8955=CARTESIAN_POINT('',(3.2E-1,-8.75E-1,-3.68E0));
#8956=VERTEX_POINT('',#8955);
#8957=CARTESIAN_POINT('',(3.2E-1,8.75E-1,-4.28E0));
#8958=VERTEX_POINT('',#8957);
#8959=CARTESIAN_POINT('',(-3.2E-1,8.75E-1,-4.28E0));
#8960=VERTEX_POINT('',#8959);
#8961=CARTESIAN_POINT('',(3.2E-1,8.75E-1,-3.68E0));
#8962=VERTEX_POINT('',#8961);
#8963=CARTESIAN_POINT('',(-3.2E-1,8.75E-1,-3.68E0));
#8964=VERTEX_POINT('',#8963);
#8965=CARTESIAN_POINT('',(-3.2E-1,-8.75E-1,-3.68E0));
#8966=VERTEX_POINT('',#8965);
#8967=CARTESIAN_POINT('',(-2.68E0,-8.75E-1,-3.68E0));
#8968=VERTEX_POINT('',#8967);
#8969=CARTESIAN_POINT('',(-2.68E0,8.75E-1,-4.28E0));
#8970=VERTEX_POINT('',#8969);
#8971=CARTESIAN_POINT('',(-3.32E0,8.75E-1,-4.28E0));
#8972=VERTEX_POINT('',#8971);
#8973=CARTESIAN_POINT('',(-2.68E0,8.75E-1,-3.68E0));
#8974=VERTEX_POINT('',#8973);
#8975=CARTESIAN_POINT('',(-3.32E0,8.75E-1,-3.68E0));
#8976=VERTEX_POINT('',#8975);
#8977=CARTESIAN_POINT('',(-3.32E0,-8.75E-1,-3.68E0));
#8978=VERTEX_POINT('',#8977);
#8979=CARTESIAN_POINT('',(-5.68E0,-8.75E-1,-3.68E0));
#8980=VERTEX_POINT('',#8979);
#8981=CARTESIAN_POINT('',(-5.68E0,8.75E-1,-4.28E0));
#8982=VERTEX_POINT('',#8981);
#8983=CARTESIAN_POINT('',(-6.32E0,8.75E-1,-4.28E0));
#8984=VERTEX_POINT('',#8983);
#8985=CARTESIAN_POINT('',(-5.68E0,8.75E-1,-3.68E0));
#8986=VERTEX_POINT('',#8985);
#8987=CARTESIAN_POINT('',(-6.32E0,8.75E-1,-3.68E0));
#8988=VERTEX_POINT('',#8987);
#8989=CARTESIAN_POINT('',(-6.32E0,-8.75E-1,-3.68E0));
#8990=VERTEX_POINT('',#8989);
#8991=CARTESIAN_POINT('',(-8.68E0,-8.75E-1,-3.68E0));
#8992=VERTEX_POINT('',#8991);
#8993=CARTESIAN_POINT('',(-8.68E0,8.75E-1,-4.28E0));
#8994=VERTEX_POINT('',#8993);
#8995=CARTESIAN_POINT('',(-9.32E0,8.75E-1,-4.28E0));
#8996=VERTEX_POINT('',#8995);
#8997=CARTESIAN_POINT('',(-8.68E0,8.75E-1,-3.68E0));
#8998=VERTEX_POINT('',#8997);
#8999=CARTESIAN_POINT('',(-9.32E0,8.75E-1,-3.68E0));
#9000=VERTEX_POINT('',#8999);
#9001=CARTESIAN_POINT('',(-9.32E0,-8.75E-1,-3.68E0));
#9002=VERTEX_POINT('',#9001);
#9003=CARTESIAN_POINT('',(-1.168E1,-8.75E-1,-3.68E0));
#9004=VERTEX_POINT('',#9003);
#9005=CARTESIAN_POINT('',(-1.168E1,8.75E-1,-4.28E0));
#9006=VERTEX_POINT('',#9005);
#9007=CARTESIAN_POINT('',(-1.232E1,8.75E-1,-4.28E0));
#9008=VERTEX_POINT('',#9007);
#9009=CARTESIAN_POINT('',(-1.168E1,8.75E-1,-3.68E0));
#9010=VERTEX_POINT('',#9009);
#9011=CARTESIAN_POINT('',(-1.232E1,8.75E-1,-3.68E0));
#9012=VERTEX_POINT('',#9011);
#9013=CARTESIAN_POINT('',(-1.232E1,-8.75E-1,-3.68E0));
#9014=VERTEX_POINT('',#9013);
#9015=CARTESIAN_POINT('',(-1.468E1,-8.75E-1,-3.68E0));
#9016=VERTEX_POINT('',#9015);
#9017=CARTESIAN_POINT('',(-1.532E1,-8.75E-1,-3.68E0));
#9018=VERTEX_POINT('',#9017);
#9019=CARTESIAN_POINT('',(-1.468E1,8.75E-1,-4.28E0));
#9020=VERTEX_POINT('',#9019);
#9021=CARTESIAN_POINT('',(-1.532E1,8.75E-1,-4.28E0));
#9022=VERTEX_POINT('',#9021);
#9023=CARTESIAN_POINT('',(-1.468E1,8.75E-1,-3.68E0));
#9024=VERTEX_POINT('',#9023);
#9025=CARTESIAN_POINT('',(-1.532E1,8.75E-1,-3.68E0));
#9026=VERTEX_POINT('',#9025);
#9027=CARTESIAN_POINT('',(1.7575E1,-2.33E0,-2.19E0));
#9028=CARTESIAN_POINT('',(1.8275E1,-2.33E0,-2.19E0));
#9029=VERTEX_POINT('',#9027);
#9030=VERTEX_POINT('',#9028);
#9031=CARTESIAN_POINT('',(1.8275E1,-1.93E0,-2.19E0));
#9032=VERTEX_POINT('',#9031);
#9033=CARTESIAN_POINT('',(1.7575E1,-1.93E0,-2.19E0));
#9034=VERTEX_POINT('',#9033);
#9035=CARTESIAN_POINT('',(-1.7575E1,-1.93E0,-2.19E0));
#9036=CARTESIAN_POINT('',(-1.8275E1,-1.93E0,-2.19E0));
#9037=VERTEX_POINT('',#9035);
#9038=VERTEX_POINT('',#9036);
#9039=CARTESIAN_POINT('',(-1.8275E1,-2.33E0,-2.19E0));
#9040=VERTEX_POINT('',#9039);
#9041=CARTESIAN_POINT('',(-1.7575E1,-2.33E0,-2.19E0));
#9042=VERTEX_POINT('',#9041);
#9043=CARTESIAN_POINT('',(1.7575E1,-2.33E0,-2.83E0));
#9044=CARTESIAN_POINT('',(1.8275E1,-2.33E0,-2.83E0));
#9045=VERTEX_POINT('',#9043);
#9046=VERTEX_POINT('',#9044);
#9047=CARTESIAN_POINT('',(1.8275E1,-1.93E0,-2.83E0));
#9048=VERTEX_POINT('',#9047);
#9049=CARTESIAN_POINT('',(1.7575E1,-1.93E0,-2.83E0));
#9050=VERTEX_POINT('',#9049);
#9051=CARTESIAN_POINT('',(-1.7575E1,-1.93E0,-2.83E0));
#9052=CARTESIAN_POINT('',(-1.8275E1,-1.93E0,-2.83E0));
#9053=VERTEX_POINT('',#9051);
#9054=VERTEX_POINT('',#9052);
#9055=CARTESIAN_POINT('',(-1.8275E1,-2.33E0,-2.83E0));
#9056=VERTEX_POINT('',#9055);
#9057=CARTESIAN_POINT('',(-1.7575E1,-2.33E0,-2.83E0));
#9058=VERTEX_POINT('',#9057);
#9059=CARTESIAN_POINT('',(1.7325E1,-1.68E0,-2.19E0));
#9060=CARTESIAN_POINT('',(1.7325E1,-1.68E0,-2.83E0));
#9061=VERTEX_POINT('',#9059);
#9062=VERTEX_POINT('',#9060);
#9063=CARTESIAN_POINT('',(-1.7325E1,-1.68E0,-2.19E0));
#9064=CARTESIAN_POINT('',(-1.7325E1,-1.68E0,-2.83E0));
#9065=VERTEX_POINT('',#9063);
#9066=VERTEX_POINT('',#9064);
#9067=CARTESIAN_POINT('',(1.7365E1,-1.93E0,-2.19E0));
#9068=CARTESIAN_POINT('',(1.7365E1,-1.815646599663E0,-2.19E0));
#9069=VERTEX_POINT('',#9067);
#9070=VERTEX_POINT('',#9068);
#9071=CARTESIAN_POINT('',(1.7365E1,-1.93E0,-2.83E0));
#9072=CARTESIAN_POINT('',(1.7365E1,-1.815646599663E0,-2.83E0));
#9073=VERTEX_POINT('',#9071);
#9074=VERTEX_POINT('',#9072);
#9075=CARTESIAN_POINT('',(-1.7365E1,-1.93E0,-2.19E0));
#9076=CARTESIAN_POINT('',(-1.7365E1,-1.815646599663E0,-2.19E0));
#9077=VERTEX_POINT('',#9075);
#9078=VERTEX_POINT('',#9076);
#9079=CARTESIAN_POINT('',(-1.7365E1,-1.93E0,-2.83E0));
#9080=CARTESIAN_POINT('',(-1.7365E1,-1.815646599663E0,-2.83E0));
#9081=VERTEX_POINT('',#9079);
#9082=VERTEX_POINT('',#9080);
#9083=CARTESIAN_POINT('',(-1.744044899584E1,-1.890703647999E0,-2.19E0));
#9084=VERTEX_POINT('',#9083);
#9085=CARTESIAN_POINT('',(-1.744044899584E1,-1.890703647999E0,-2.83E0));
#9086=VERTEX_POINT('',#9085);
#9087=CARTESIAN_POINT('',(1.744044899584E1,-1.890703647999E0,-2.19E0));
#9088=VERTEX_POINT('',#9087);
#9089=CARTESIAN_POINT('',(1.744044899584E1,-1.890703647999E0,-2.83E0));
#9090=VERTEX_POINT('',#9089);
#9091=CARTESIAN_POINT('',(-1.7325E1,-1.43E0,-2.19E0));
#9092=CARTESIAN_POINT('',(-1.6925E1,-1.43E0,-2.19E0));
#9093=VERTEX_POINT('',#9091);
#9094=VERTEX_POINT('',#9092);
#9095=CARTESIAN_POINT('',(1.6925E1,-1.43E0,-2.19E0));
#9096=CARTESIAN_POINT('',(1.7325E1,-1.43E0,-2.19E0));
#9097=VERTEX_POINT('',#9095);
#9098=VERTEX_POINT('',#9096);
#9099=CARTESIAN_POINT('',(-1.7325E1,-1.43E0,-2.83E0));
#9100=CARTESIAN_POINT('',(-1.6925E1,-1.43E0,-2.83E0));
#9101=VERTEX_POINT('',#9099);
#9102=VERTEX_POINT('',#9100);
#9103=CARTESIAN_POINT('',(1.6925E1,-1.43E0,-2.83E0));
#9104=CARTESIAN_POINT('',(1.7325E1,-1.43E0,-2.83E0));
#9105=VERTEX_POINT('',#9103);
#9106=VERTEX_POINT('',#9104);
#9107=CARTESIAN_POINT('',(-1.6925E1,-1.68E0,-2.19E0));
#9108=VERTEX_POINT('',#9107);
#9109=CARTESIAN_POINT('',(-1.6925E1,-1.68E0,-2.83E0));
#9110=VERTEX_POINT('',#9109);
#9111=CARTESIAN_POINT('',(1.6925E1,-1.68E0,-2.19E0));
#9112=VERTEX_POINT('',#9111);
#9113=CARTESIAN_POINT('',(1.6925E1,-1.68E0,-2.83E0));
#9114=VERTEX_POINT('',#9113);
#9115=CARTESIAN_POINT('',(-8.68E0,-1.65E0,-4.34E0));
#9116=DIRECTION('',(0.E0,0.E0,-1.E0));
#9117=DIRECTION('',(0.E0,1.E0,0.E0));
#9118=AXIS2_PLACEMENT_3D('',#9115,#9116,#9117);
#9119=PLANE('',#9118);
#9121=ORIENTED_EDGE('',*,*,#9120,.F.);
#9123=ORIENTED_EDGE('',*,*,#9122,.F.);
#9125=ORIENTED_EDGE('',*,*,#9124,.T.);
#9127=ORIENTED_EDGE('',*,*,#9126,.T.);
#9129=ORIENTED_EDGE('',*,*,#9128,.T.);
#9131=ORIENTED_EDGE('',*,*,#9130,.F.);
#9132=EDGE_LOOP('',(#9121,#9123,#9125,#9127,#9129,#9131));
#9133=FACE_OUTER_BOUND('',#9132,.F.);
#9134=ADVANCED_FACE('',(#9133),#9119,.T.);
#9135=CARTESIAN_POINT('',(-9.32E0,1.93E0,-4.95E0));
#9136=DIRECTION('',(-1.E0,0.E0,0.E0));
#9137=DIRECTION('',(0.E0,0.E0,1.E0));
#9138=AXIS2_PLACEMENT_3D('',#9135,#9136,#9137);
#9139=PLANE('',#9138);
#9140=ORIENTED_EDGE('',*,*,#9120,.T.);
#9142=ORIENTED_EDGE('',*,*,#9141,.F.);
#9144=ORIENTED_EDGE('',*,*,#9143,.F.);
#9146=ORIENTED_EDGE('',*,*,#9145,.T.);
#9148=ORIENTED_EDGE('',*,*,#9147,.F.);
#9149=EDGE_LOOP('',(#9140,#9142,#9144,#9146,#9148));
#9150=FACE_OUTER_BOUND('',#9149,.F.);
#9151=ADVANCED_FACE('',(#9150),#9139,.F.);
#9152=CARTESIAN_POINT('',(-9.32E0,1.93E0,-4.95E0));
#9153=DIRECTION('',(-1.E0,0.E0,0.E0));
#9154=DIRECTION('',(0.E0,0.E0,1.E0));
#9155=AXIS2_PLACEMENT_3D('',#9152,#9153,#9154);
#9156=PLANE('',#9155);
#9158=ORIENTED_EDGE('',*,*,#9157,.F.);
#9160=ORIENTED_EDGE('',*,*,#9159,.F.);
#9162=ORIENTED_EDGE('',*,*,#9161,.F.);
#9164=ORIENTED_EDGE('',*,*,#9163,.F.);
#9166=ORIENTED_EDGE('',*,*,#9165,.F.);
#9168=ORIENTED_EDGE('',*,*,#9167,.F.);
#9169=EDGE_LOOP('',(#9158,#9160,#9162,#9164,#9166,#9168));
#9170=FACE_OUTER_BOUND('',#9169,.F.);
#9171=ADVANCED_FACE('',(#9170),#9156,.F.);
#9172=CARTESIAN_POINT('',(-9.32E0,1.93E0,-4.95E0));
#9173=DIRECTION('',(-1.E0,0.E0,0.E0));
#9174=DIRECTION('',(0.E0,0.E0,1.E0));
#9175=AXIS2_PLACEMENT_3D('',#9172,#9173,#9174);
#9176=PLANE('',#9175);
#9178=ORIENTED_EDGE('',*,*,#9177,.T.);
#9180=ORIENTED_EDGE('',*,*,#9179,.T.);
#9182=ORIENTED_EDGE('',*,*,#9181,.T.);
#9184=ORIENTED_EDGE('',*,*,#9183,.T.);
#9186=ORIENTED_EDGE('',*,*,#9185,.T.);
#9188=ORIENTED_EDGE('',*,*,#9187,.T.);
#9190=ORIENTED_EDGE('',*,*,#9189,.F.);
#9191=EDGE_LOOP('',(#9178,#9180,#9182,#9184,#9186,#9188,#9190));
#9192=FACE_OUTER_BOUND('',#9191,.F.);
#9193=ADVANCED_FACE('',(#9192),#9176,.F.);
#9194=CARTESIAN_POINT('',(-1.8325E1,-1.27E0,-4.95E0));
#9195=DIRECTION('',(0.E0,1.E0,0.E0));
#9196=DIRECTION('',(0.E0,0.E0,1.E0));
#9197=AXIS2_PLACEMENT_3D('',#9194,#9195,#9196);
#9198=PLANE('',#9197);
#9200=ORIENTED_EDGE('',*,*,#9199,.F.);
#9202=ORIENTED_EDGE('',*,*,#9201,.T.);
#9204=ORIENTED_EDGE('',*,*,#9203,.T.);
#9206=ORIENTED_EDGE('',*,*,#9205,.F.);
#9207=EDGE_LOOP('',(#9200,#9202,#9204,#9206));
#9208=FACE_OUTER_BOUND('',#9207,.F.);
#9209=ADVANCED_FACE('',(#9208),#9198,.T.);
#9210=CARTESIAN_POINT('',(-1.8325E1,-1.27E0,-4.95E0));
#9211=DIRECTION('',(0.E0,1.E0,0.E0));
#9212=DIRECTION('',(0.E0,0.E0,1.E0));
#9213=AXIS2_PLACEMENT_3D('',#9210,#9211,#9212);
#9214=PLANE('',#9213);
#9216=ORIENTED_EDGE('',*,*,#9215,.T.);
#9218=ORIENTED_EDGE('',*,*,#9217,.T.);
#9220=ORIENTED_EDGE('',*,*,#9219,.F.);
#9222=ORIENTED_EDGE('',*,*,#9221,.F.);
#9223=EDGE_LOOP('',(#9216,#9218,#9220,#9222));
#9224=FACE_OUTER_BOUND('',#9223,.F.);
#9225=ADVANCED_FACE('',(#9224),#9214,.T.);
#9226=CARTESIAN_POINT('',(-1.8325E1,-1.27E0,-4.95E0));
#9227=DIRECTION('',(0.E0,1.E0,0.E0));
#9228=DIRECTION('',(0.E0,0.E0,1.E0));
#9229=AXIS2_PLACEMENT_3D('',#9226,#9227,#9228);
#9230=PLANE('',#9229);
#9232=ORIENTED_EDGE('',*,*,#9231,.F.);
#9234=ORIENTED_EDGE('',*,*,#9233,.T.);
#9236=ORIENTED_EDGE('',*,*,#9235,.T.);
#9238=ORIENTED_EDGE('',*,*,#9237,.F.);
#9240=ORIENTED_EDGE('',*,*,#9239,.T.);
#9241=EDGE_LOOP('',(#9232,#9234,#9236,#9238,#9240));
#9242=FACE_OUTER_BOUND('',#9241,.F.);
#9243=ADVANCED_FACE('',(#9242),#9230,.T.);
#9244=CARTESIAN_POINT('',(-1.8325E1,-1.27E0,-4.95E0));
#9245=DIRECTION('',(0.E0,1.E0,0.E0));
#9246=DIRECTION('',(0.E0,0.E0,1.E0));
#9247=AXIS2_PLACEMENT_3D('',#9244,#9245,#9246);
#9248=PLANE('',#9247);
#9250=ORIENTED_EDGE('',*,*,#9249,.F.);
#9252=ORIENTED_EDGE('',*,*,#9251,.T.);
#9254=ORIENTED_EDGE('',*,*,#9253,.T.);
#9256=ORIENTED_EDGE('',*,*,#9255,.F.);
#9258=ORIENTED_EDGE('',*,*,#9257,.F.);
#9260=ORIENTED_EDGE('',*,*,#9259,.T.);
#9261=EDGE_LOOP('',(#9250,#9252,#9254,#9256,#9258,#9260));
#9262=FACE_OUTER_BOUND('',#9261,.F.);
#9263=ADVANCED_FACE('',(#9262),#9248,.T.);
#9264=CARTESIAN_POINT('',(-1.8325E1,-1.27E0,-4.95E0));
#9265=DIRECTION('',(0.E0,1.E0,0.E0));
#9266=DIRECTION('',(0.E0,0.E0,1.E0));
#9267=AXIS2_PLACEMENT_3D('',#9264,#9265,#9266);
#9268=PLANE('',#9267);
#9270=ORIENTED_EDGE('',*,*,#9269,.F.);
#9272=ORIENTED_EDGE('',*,*,#9271,.T.);
#9274=ORIENTED_EDGE('',*,*,#9273,.T.);
#9276=ORIENTED_EDGE('',*,*,#9275,.F.);
#9278=ORIENTED_EDGE('',*,*,#9277,.F.);
#9280=ORIENTED_EDGE('',*,*,#9279,.T.);
#9281=EDGE_LOOP('',(#9270,#9272,#9274,#9276,#9278,#9280));
#9282=FACE_OUTER_BOUND('',#9281,.F.);
#9283=ADVANCED_FACE('',(#9282),#9268,.T.);
#9284=CARTESIAN_POINT('',(-1.8325E1,-1.27E0,-4.95E0));
#9285=DIRECTION('',(0.E0,1.E0,0.E0));
#9286=DIRECTION('',(0.E0,0.E0,1.E0));
#9287=AXIS2_PLACEMENT_3D('',#9284,#9285,#9286);
#9288=PLANE('',#9287);
#9290=ORIENTED_EDGE('',*,*,#9289,.F.);
#9292=ORIENTED_EDGE('',*,*,#9291,.T.);
#9294=ORIENTED_EDGE('',*,*,#9293,.T.);
#9296=ORIENTED_EDGE('',*,*,#9295,.F.);
#9298=ORIENTED_EDGE('',*,*,#9297,.F.);
#9300=ORIENTED_EDGE('',*,*,#9299,.T.);
#9301=EDGE_LOOP('',(#9290,#9292,#9294,#9296,#9298,#9300));
#9302=FACE_OUTER_BOUND('',#9301,.F.);
#9303=ADVANCED_FACE('',(#9302),#9288,.T.);
#9304=CARTESIAN_POINT('',(-1.8325E1,-1.27E0,-4.95E0));
#9305=DIRECTION('',(0.E0,1.E0,0.E0));
#9306=DIRECTION('',(0.E0,0.E0,1.E0));
#9307=AXIS2_PLACEMENT_3D('',#9304,#9305,#9306);
#9308=PLANE('',#9307);
#9310=ORIENTED_EDGE('',*,*,#9309,.F.);
#9312=ORIENTED_EDGE('',*,*,#9311,.T.);
#9314=ORIENTED_EDGE('',*,*,#9313,.T.);
#9316=ORIENTED_EDGE('',*,*,#9315,.F.);
#9318=ORIENTED_EDGE('',*,*,#9317,.F.);
#9320=ORIENTED_EDGE('',*,*,#9319,.T.);
#9321=EDGE_LOOP('',(#9310,#9312,#9314,#9316,#9318,#9320));
#9322=FACE_OUTER_BOUND('',#9321,.F.);
#9323=ADVANCED_FACE('',(#9322),#9308,.T.);
#9324=CARTESIAN_POINT('',(-1.8325E1,-1.27E0,-4.95E0));
#9325=DIRECTION('',(0.E0,1.E0,0.E0));
#9326=DIRECTION('',(0.E0,0.E0,1.E0));
#9327=AXIS2_PLACEMENT_3D('',#9324,#9325,#9326);
#9328=PLANE('',#9327);
#9330=ORIENTED_EDGE('',*,*,#9329,.F.);
#9332=ORIENTED_EDGE('',*,*,#9331,.T.);
#9334=ORIENTED_EDGE('',*,*,#9333,.T.);
#9336=ORIENTED_EDGE('',*,*,#9335,.F.);
#9338=ORIENTED_EDGE('',*,*,#9337,.F.);
#9340=ORIENTED_EDGE('',*,*,#9339,.F.);
#9341=EDGE_LOOP('',(#9330,#9332,#9334,#9336,#9338,#9340));
#9342=FACE_OUTER_BOUND('',#9341,.F.);
#9343=ADVANCED_FACE('',(#9342),#9328,.T.);
#9344=CARTESIAN_POINT('',(-1.8325E1,-1.27E0,-4.95E0));
#9345=DIRECTION('',(0.E0,1.E0,0.E0));
#9346=DIRECTION('',(0.E0,0.E0,1.E0));
#9347=AXIS2_PLACEMENT_3D('',#9344,#9345,#9346);
#9348=PLANE('',#9347);
#9350=ORIENTED_EDGE('',*,*,#9349,.F.);
#9352=ORIENTED_EDGE('',*,*,#9351,.T.);
#9354=ORIENTED_EDGE('',*,*,#9353,.T.);
#9356=ORIENTED_EDGE('',*,*,#9355,.T.);
#9358=ORIENTED_EDGE('',*,*,#9357,.F.);
#9360=ORIENTED_EDGE('',*,*,#9359,.F.);
#9361=EDGE_LOOP('',(#9350,#9352,#9354,#9356,#9358,#9360));
#9362=FACE_OUTER_BOUND('',#9361,.F.);
#9363=ADVANCED_FACE('',(#9362),#9348,.T.);
#9364=CARTESIAN_POINT('',(-1.8325E1,-1.27E0,-4.95E0));
#9365=DIRECTION('',(0.E0,1.E0,0.E0));
#9366=DIRECTION('',(0.E0,0.E0,1.E0));
#9367=AXIS2_PLACEMENT_3D('',#9364,#9365,#9366);
#9368=PLANE('',#9367);
#9370=ORIENTED_EDGE('',*,*,#9369,.F.);
#9372=ORIENTED_EDGE('',*,*,#9371,.T.);
#9374=ORIENTED_EDGE('',*,*,#9373,.T.);
#9376=ORIENTED_EDGE('',*,*,#9375,.T.);
#9378=ORIENTED_EDGE('',*,*,#9377,.F.);
#9380=ORIENTED_EDGE('',*,*,#9379,.F.);
#9381=EDGE_LOOP('',(#9370,#9372,#9374,#9376,#9378,#9380));
#9382=FACE_OUTER_BOUND('',#9381,.F.);
#9383=ADVANCED_FACE('',(#9382),#9368,.T.);
#9384=CARTESIAN_POINT('',(-1.8325E1,-1.27E0,-4.95E0));
#9385=DIRECTION('',(0.E0,1.E0,0.E0));
#9386=DIRECTION('',(0.E0,0.E0,1.E0));
#9387=AXIS2_PLACEMENT_3D('',#9384,#9385,#9386);
#9388=PLANE('',#9387);
#9390=ORIENTED_EDGE('',*,*,#9389,.F.);
#9392=ORIENTED_EDGE('',*,*,#9391,.T.);
#9394=ORIENTED_EDGE('',*,*,#9393,.T.);
#9396=ORIENTED_EDGE('',*,*,#9395,.T.);
#9398=ORIENTED_EDGE('',*,*,#9397,.F.);
#9400=ORIENTED_EDGE('',*,*,#9399,.F.);
#9401=EDGE_LOOP('',(#9390,#9392,#9394,#9396,#9398,#9400));
#9402=FACE_OUTER_BOUND('',#9401,.F.);
#9403=ADVANCED_FACE('',(#9402),#9388,.T.);
#9404=CARTESIAN_POINT('',(-1.8325E1,-1.27E0,-4.95E0));
#9405=DIRECTION('',(0.E0,1.E0,0.E0));
#9406=DIRECTION('',(0.E0,0.E0,1.E0));
#9407=AXIS2_PLACEMENT_3D('',#9404,#9405,#9406);
#9408=PLANE('',#9407);
#9410=ORIENTED_EDGE('',*,*,#9409,.F.);
#9412=ORIENTED_EDGE('',*,*,#9411,.T.);
#9413=ORIENTED_EDGE('',*,*,#9141,.T.);
#9415=ORIENTED_EDGE('',*,*,#9414,.T.);
#9417=ORIENTED_EDGE('',*,*,#9416,.F.);
#9419=ORIENTED_EDGE('',*,*,#9418,.F.);
#9420=EDGE_LOOP('',(#9410,#9412,#9413,#9415,#9417,#9419));
#9421=FACE_OUTER_BOUND('',#9420,.F.);
#9422=ADVANCED_FACE('',(#9421),#9408,.T.);
#9423=CARTESIAN_POINT('',(-1.8325E1,-1.27E0,-4.95E0));
#9424=DIRECTION('',(0.E0,1.E0,0.E0));
#9425=DIRECTION('',(0.E0,0.E0,1.E0));
#9426=AXIS2_PLACEMENT_3D('',#9423,#9424,#9425);
#9427=PLANE('',#9426);
#9429=ORIENTED_EDGE('',*,*,#9428,.F.);
#9431=ORIENTED_EDGE('',*,*,#9430,.T.);
#9433=ORIENTED_EDGE('',*,*,#9432,.T.);
#9435=ORIENTED_EDGE('',*,*,#9434,.T.);
#9437=ORIENTED_EDGE('',*,*,#9436,.F.);
#9439=ORIENTED_EDGE('',*,*,#9438,.F.);
#9440=EDGE_LOOP('',(#9429,#9431,#9433,#9435,#9437,#9439));
#9441=FACE_OUTER_BOUND('',#9440,.F.);
#9442=ADVANCED_FACE('',(#9441),#9427,.T.);
#9443=CARTESIAN_POINT('',(-1.8325E1,-1.27E0,-4.95E0));
#9444=DIRECTION('',(0.E0,1.E0,0.E0));
#9445=DIRECTION('',(0.E0,0.E0,1.E0));
#9446=AXIS2_PLACEMENT_3D('',#9443,#9444,#9445);
#9447=PLANE('',#9446);
#9449=ORIENTED_EDGE('',*,*,#9448,.F.);
#9451=ORIENTED_EDGE('',*,*,#9450,.F.);
#9453=ORIENTED_EDGE('',*,*,#9452,.T.);
#9455=ORIENTED_EDGE('',*,*,#9454,.T.);
#9457=ORIENTED_EDGE('',*,*,#9456,.T.);
#9458=EDGE_LOOP('',(#9449,#9451,#9453,#9455,#9457));
#9459=FACE_OUTER_BOUND('',#9458,.F.);
#9460=ADVANCED_FACE('',(#9459),#9447,.T.);
#9461=CARTESIAN_POINT('',(1.7365E1,1.93E0,-3.25E0));
#9462=DIRECTION('',(1.E0,0.E0,0.E0));
#9463=DIRECTION('',(0.E0,0.E0,-1.E0));
#9464=AXIS2_PLACEMENT_3D('',#9461,#9462,#9463);
#9465=PLANE('',#9464);
#9467=ORIENTED_EDGE('',*,*,#9466,.T.);
#9469=ORIENTED_EDGE('',*,*,#9468,.F.);
#9471=ORIENTED_EDGE('',*,*,#9470,.F.);
#9473=ORIENTED_EDGE('',*,*,#9472,.F.);
#9475=ORIENTED_EDGE('',*,*,#9474,.F.);
#9477=ORIENTED_EDGE('',*,*,#9476,.T.);
#9479=ORIENTED_EDGE('',*,*,#9478,.T.);
#9480=ORIENTED_EDGE('',*,*,#9199,.T.);
#9482=ORIENTED_EDGE('',*,*,#9481,.T.);
#9484=ORIENTED_EDGE('',*,*,#9483,.F.);
#9486=ORIENTED_EDGE('',*,*,#9485,.F.);
#9488=ORIENTED_EDGE('',*,*,#9487,.F.);
#9490=ORIENTED_EDGE('',*,*,#9489,.T.);
#9492=ORIENTED_EDGE('',*,*,#9491,.T.);
#9494=ORIENTED_EDGE('',*,*,#9493,.T.);
#9496=ORIENTED_EDGE('',*,*,#9495,.T.);
#9498=ORIENTED_EDGE('',*,*,#9497,.T.);
#9500=ORIENTED_EDGE('',*,*,#9499,.T.);
#9502=ORIENTED_EDGE('',*,*,#9501,.T.);
#9504=ORIENTED_EDGE('',*,*,#9503,.F.);
#9505=EDGE_LOOP('',(#9467,#9469,#9471,#9473,#9475,#9477,#9479,#9480,#9482,#9484,
#9486,#9488,#9490,#9492,#9494,#9496,#9498,#9500,#9502,#9504));
#9506=FACE_OUTER_BOUND('',#9505,.F.);
#9507=ADVANCED_FACE('',(#9506),#9465,.F.);
#9508=CARTESIAN_POINT('',(-1.8325E1,0.E0,-2.19E0));
#9509=DIRECTION('',(0.E0,0.E0,1.E0));
#9510=DIRECTION('',(1.E0,0.E0,0.E0));
#9511=AXIS2_PLACEMENT_3D('',#9508,#9509,#9510);
#9512=PLANE('',#9511);
#9513=ORIENTED_EDGE('',*,*,#9466,.F.);
#9515=ORIENTED_EDGE('',*,*,#9514,.T.);
#9517=ORIENTED_EDGE('',*,*,#9516,.F.);
#9519=ORIENTED_EDGE('',*,*,#9518,.F.);
#9521=ORIENTED_EDGE('',*,*,#9520,.F.);
#9523=ORIENTED_EDGE('',*,*,#9522,.F.);
#9525=ORIENTED_EDGE('',*,*,#9524,.F.);
#9527=ORIENTED_EDGE('',*,*,#9526,.F.);
#9529=ORIENTED_EDGE('',*,*,#9528,.T.);
#9531=ORIENTED_EDGE('',*,*,#9530,.F.);
#9533=ORIENTED_EDGE('',*,*,#9532,.F.);
#9534=EDGE_LOOP('',(#9513,#9515,#9517,#9519,#9521,#9523,#9525,#9527,#9529,#9531,
#9533));
#9535=FACE_OUTER_BOUND('',#9534,.F.);
#9536=ADVANCED_FACE('',(#9535),#9512,.T.);
#9537=CARTESIAN_POINT('',(-1.8325E1,0.E0,-2.19E0));
#9538=DIRECTION('',(0.E0,0.E0,1.E0));
#9539=DIRECTION('',(1.E0,0.E0,0.E0));
#9540=AXIS2_PLACEMENT_3D('',#9537,#9538,#9539);
#9541=PLANE('',#9540);
#9543=ORIENTED_EDGE('',*,*,#9542,.T.);
#9545=ORIENTED_EDGE('',*,*,#9544,.F.);
#9547=ORIENTED_EDGE('',*,*,#9546,.F.);
#9549=ORIENTED_EDGE('',*,*,#9548,.T.);
#9551=ORIENTED_EDGE('',*,*,#9550,.T.);
#9553=ORIENTED_EDGE('',*,*,#9552,.F.);
#9555=ORIENTED_EDGE('',*,*,#9554,.F.);
#9557=ORIENTED_EDGE('',*,*,#9556,.F.);
#9559=ORIENTED_EDGE('',*,*,#9558,.F.);
#9561=ORIENTED_EDGE('',*,*,#9560,.F.);
#9563=ORIENTED_EDGE('',*,*,#9562,.F.);
#9564=EDGE_LOOP('',(#9543,#9545,#9547,#9549,#9551,#9553,#9555,#9557,#9559,#9561,
#9563));
#9565=FACE_OUTER_BOUND('',#9564,.F.);
#9566=ADVANCED_FACE('',(#9565),#9541,.T.);
#9567=CARTESIAN_POINT('',(1.7845E1,-1.68E0,9.25E-1));
#9568=DIRECTION('',(4.619344188370E-1,-8.869140841670E-1,0.E0));
#9569=DIRECTION('',(-8.869140841670E-1,-4.619344188370E-1,0.E0));
#9570=AXIS2_PLACEMENT_3D('',#9567,#9568,#9569);
#9571=PLANE('',#9570);
#9572=ORIENTED_EDGE('',*,*,#9514,.F.);
#9573=ORIENTED_EDGE('',*,*,#9503,.T.);
#9575=ORIENTED_EDGE('',*,*,#9574,.T.);
#9577=ORIENTED_EDGE('',*,*,#9576,.T.);
#9579=ORIENTED_EDGE('',*,*,#9578,.T.);
#9580=ORIENTED_EDGE('',*,*,#9472,.T.);
#9582=ORIENTED_EDGE('',*,*,#9581,.T.);
#9584=ORIENTED_EDGE('',*,*,#9583,.T.);
#9585=EDGE_LOOP('',(#9572,#9573,#9575,#9577,#9579,#9580,#9582,#9584));
#9586=FACE_OUTER_BOUND('',#9585,.F.);
#9587=ADVANCED_FACE('',(#9586),#9571,.T.);
#9588=CARTESIAN_POINT('',(1.7365E1,-1.93E0,1.65E0));
#9589=DIRECTION('',(0.E0,0.E0,-1.E0));
#9590=DIRECTION('',(1.E0,0.E0,0.E0));
#9591=AXIS2_PLACEMENT_3D('',#9588,#9589,#9590);
#9592=PLANE('',#9591);
#9593=ORIENTED_EDGE('',*,*,#9501,.F.);
#9595=ORIENTED_EDGE('',*,*,#9594,.T.);
#9596=ORIENTED_EDGE('',*,*,#9574,.F.);
#9597=EDGE_LOOP('',(#9593,#9595,#9596));
#9598=FACE_OUTER_BOUND('',#9597,.F.);
#9599=ADVANCED_FACE('',(#9598),#9592,.F.);
#9600=CARTESIAN_POINT('',(-1.8325E1,-1.43E0,0.E0));
#9601=DIRECTION('',(0.E0,-1.E0,0.E0));
#9602=DIRECTION('',(1.E0,0.E0,0.E0));
#9603=AXIS2_PLACEMENT_3D('',#9600,#9601,#9602);
#9604=PLANE('',#9603);
#9605=ORIENTED_EDGE('',*,*,#9548,.F.);
#9607=ORIENTED_EDGE('',*,*,#9606,.F.);
#9609=ORIENTED_EDGE('',*,*,#9608,.T.);
#9611=ORIENTED_EDGE('',*,*,#9610,.F.);
#9613=ORIENTED_EDGE('',*,*,#9612,.F.);
#9615=ORIENTED_EDGE('',*,*,#9614,.F.);
#9617=ORIENTED_EDGE('',*,*,#9616,.F.);
#9619=ORIENTED_EDGE('',*,*,#9618,.F.);
#9621=ORIENTED_EDGE('',*,*,#9620,.F.);
#9623=ORIENTED_EDGE('',*,*,#9622,.F.);
#9625=ORIENTED_EDGE('',*,*,#9624,.T.);
#9627=ORIENTED_EDGE('',*,*,#9626,.F.);
#9629=ORIENTED_EDGE('',*,*,#9628,.F.);
#9631=ORIENTED_EDGE('',*,*,#9630,.F.);
#9633=ORIENTED_EDGE('',*,*,#9632,.T.);
#9635=ORIENTED_EDGE('',*,*,#9634,.F.);
#9636=EDGE_LOOP('',(#9605,#9607,#9609,#9611,#9613,#9615,#9617,#9619,#9621,#9623,
#9625,#9627,#9629,#9631,#9633,#9635));
#9637=FACE_OUTER_BOUND('',#9636,.F.);
#9638=ADVANCED_FACE('',(#9637),#9604,.T.);
#9639=CARTESIAN_POINT('',(-1.8325E1,-1.43E0,0.E0));
#9640=DIRECTION('',(0.E0,-1.E0,0.E0));
#9641=DIRECTION('',(1.E0,0.E0,0.E0));
#9642=AXIS2_PLACEMENT_3D('',#9639,#9640,#9641);
#9643=PLANE('',#9642);
#9644=ORIENTED_EDGE('',*,*,#9528,.F.);
#9646=ORIENTED_EDGE('',*,*,#9645,.F.);
#9648=ORIENTED_EDGE('',*,*,#9647,.T.);
#9650=ORIENTED_EDGE('',*,*,#9649,.T.);
#9652=ORIENTED_EDGE('',*,*,#9651,.F.);
#9654=ORIENTED_EDGE('',*,*,#9653,.F.);
#9656=ORIENTED_EDGE('',*,*,#9655,.F.);
#9658=ORIENTED_EDGE('',*,*,#9657,.T.);
#9659=ORIENTED_EDGE('',*,*,#9594,.F.);
#9660=ORIENTED_EDGE('',*,*,#9499,.F.);
#9662=ORIENTED_EDGE('',*,*,#9661,.F.);
#9664=ORIENTED_EDGE('',*,*,#9663,.F.);
#9666=ORIENTED_EDGE('',*,*,#9665,.F.);
#9668=ORIENTED_EDGE('',*,*,#9667,.F.);
#9670=ORIENTED_EDGE('',*,*,#9669,.T.);
#9672=ORIENTED_EDGE('',*,*,#9671,.T.);
#9673=EDGE_LOOP('',(#9644,#9646,#9648,#9650,#9652,#9654,#9656,#9658,#9659,#9660,
#9662,#9664,#9666,#9668,#9670,#9672));
#9674=FACE_OUTER_BOUND('',#9673,.F.);
#9675=ADVANCED_FACE('',(#9674),#9643,.T.);
#9676=CARTESIAN_POINT('',(-1.7325E1,-1.43E0,-2.19E0));
#9677=DIRECTION('',(-1.E0,0.E0,0.E0));
#9678=DIRECTION('',(0.E0,-1.E0,0.E0));
#9679=AXIS2_PLACEMENT_3D('',#9676,#9677,#9678);
#9680=PLANE('',#9679);
#9681=ORIENTED_EDGE('',*,*,#9606,.T.);
#9682=ORIENTED_EDGE('',*,*,#9546,.T.);
#9684=ORIENTED_EDGE('',*,*,#9683,.T.);
#9686=ORIENTED_EDGE('',*,*,#9685,.F.);
#9687=EDGE_LOOP('',(#9681,#9682,#9684,#9686));
#9688=FACE_OUTER_BOUND('',#9687,.F.);
#9689=ADVANCED_FACE('',(#9688),#9680,.T.);
#9690=CARTESIAN_POINT('',(-1.7575E1,-1.68E0,-2.19E0));
#9691=DIRECTION('',(0.E0,0.E0,1.E0));
#9692=DIRECTION('',(1.E0,0.E0,0.E0));
#9693=AXIS2_PLACEMENT_3D('',#9690,#9691,#9692);
#9694=CYLINDRICAL_SURFACE('',#9693,2.5E-1);
#9696=ORIENTED_EDGE('',*,*,#9695,.F.);
#9698=ORIENTED_EDGE('',*,*,#9697,.F.);
#9699=ORIENTED_EDGE('',*,*,#9683,.F.);
#9700=ORIENTED_EDGE('',*,*,#9544,.T.);
#9701=EDGE_LOOP('',(#9696,#9698,#9699,#9700));
#9702=FACE_OUTER_BOUND('',#9701,.F.);
#9703=ADVANCED_FACE('',(#9702),#9694,.F.);
#9704=CARTESIAN_POINT('',(-1.7575E1,-1.68E0,-2.19E0));
#9705=DIRECTION('',(0.E0,0.E0,1.E0));
#9706=DIRECTION('',(1.E0,0.E0,0.E0));
#9707=AXIS2_PLACEMENT_3D('',#9704,#9705,#9706);
#9708=CYLINDRICAL_SURFACE('',#9707,2.5E-1);
#9710=ORIENTED_EDGE('',*,*,#9709,.T.);
#9711=ORIENTED_EDGE('',*,*,#9560,.T.);
#9713=ORIENTED_EDGE('',*,*,#9712,.T.);
#9715=ORIENTED_EDGE('',*,*,#9714,.F.);
#9716=EDGE_LOOP('',(#9710,#9711,#9713,#9715));
#9717=FACE_OUTER_BOUND('',#9716,.F.);
#9718=ADVANCED_FACE('',(#9717),#9708,.F.);
#9719=CARTESIAN_POINT('',(-1.7365E1,1.93E0,-4.95E0));
#9720=DIRECTION('',(-1.E0,0.E0,0.E0));
#9721=DIRECTION('',(0.E0,0.E0,1.E0));
#9722=AXIS2_PLACEMENT_3D('',#9719,#9720,#9721);
#9723=PLANE('',#9722);
#9724=ORIENTED_EDGE('',*,*,#9542,.F.);
#9726=ORIENTED_EDGE('',*,*,#9725,.T.);
#9728=ORIENTED_EDGE('',*,*,#9727,.T.);
#9729=ORIENTED_EDGE('',*,*,#9618,.T.);
#9731=ORIENTED_EDGE('',*,*,#9730,.F.);
#9733=ORIENTED_EDGE('',*,*,#9732,.F.);
#9735=ORIENTED_EDGE('',*,*,#9734,.F.);
#9737=ORIENTED_EDGE('',*,*,#9736,.F.);
#9739=ORIENTED_EDGE('',*,*,#9738,.F.);
#9741=ORIENTED_EDGE('',*,*,#9740,.F.);
#9743=ORIENTED_EDGE('',*,*,#9742,.T.);
#9745=ORIENTED_EDGE('',*,*,#9744,.T.);
#9747=ORIENTED_EDGE('',*,*,#9746,.F.);
#9748=ORIENTED_EDGE('',*,*,#9217,.F.);
#9750=ORIENTED_EDGE('',*,*,#9749,.F.);
#9752=ORIENTED_EDGE('',*,*,#9751,.T.);
#9754=ORIENTED_EDGE('',*,*,#9753,.T.);
#9756=ORIENTED_EDGE('',*,*,#9755,.T.);
#9758=ORIENTED_EDGE('',*,*,#9757,.T.);
#9759=ORIENTED_EDGE('',*,*,#9695,.T.);
#9760=EDGE_LOOP('',(#9724,#9726,#9728,#9729,#9731,#9733,#9735,#9737,#9739,#9741,
#9743,#9745,#9747,#9748,#9750,#9752,#9754,#9756,#9758,#9759));
#9761=FACE_OUTER_BOUND('',#9760,.F.);
#9762=ADVANCED_FACE('',(#9761),#9723,.F.);
#9763=CARTESIAN_POINT('',(-1.7845E1,-1.68E0,9.25E-1));
#9764=DIRECTION('',(-4.619344188370E-1,-8.869140841670E-1,0.E0));
#9765=DIRECTION('',(8.869140841670E-1,-4.619344188370E-1,0.E0));
#9766=AXIS2_PLACEMENT_3D('',#9763,#9764,#9765);
#9767=PLANE('',#9766);
#9768=ORIENTED_EDGE('',*,*,#9562,.T.);
#9769=ORIENTED_EDGE('',*,*,#9709,.F.);
#9771=ORIENTED_EDGE('',*,*,#9770,.F.);
#9772=ORIENTED_EDGE('',*,*,#9755,.F.);
#9774=ORIENTED_EDGE('',*,*,#9773,.T.);
#9776=ORIENTED_EDGE('',*,*,#9775,.T.);
#9778=ORIENTED_EDGE('',*,*,#9777,.F.);
#9779=ORIENTED_EDGE('',*,*,#9725,.F.);
#9780=EDGE_LOOP('',(#9768,#9769,#9771,#9772,#9774,#9776,#9778,#9779));
#9781=FACE_OUTER_BOUND('',#9780,.F.);
#9782=ADVANCED_FACE('',(#9781),#9767,.T.);
#9783=CARTESIAN_POINT('',(-1.8325E1,0.E0,-2.83E0));
#9784=DIRECTION('',(0.E0,0.E0,1.E0));
#9785=DIRECTION('',(1.E0,0.E0,0.E0));
#9786=AXIS2_PLACEMENT_3D('',#9783,#9784,#9785);
#9787=PLANE('',#9786);
#9788=ORIENTED_EDGE('',*,*,#9470,.T.);
#9790=ORIENTED_EDGE('',*,*,#9789,.T.);
#9792=ORIENTED_EDGE('',*,*,#9791,.T.);
#9793=ORIENTED_EDGE('',*,*,#9669,.F.);
#9795=ORIENTED_EDGE('',*,*,#9794,.T.);
#9797=ORIENTED_EDGE('',*,*,#9796,.T.);
#9799=ORIENTED_EDGE('',*,*,#9798,.T.);
#9801=ORIENTED_EDGE('',*,*,#9800,.T.);
#9803=ORIENTED_EDGE('',*,*,#9802,.T.);
#9805=ORIENTED_EDGE('',*,*,#9804,.T.);
#9806=ORIENTED_EDGE('',*,*,#9581,.F.);
#9807=EDGE_LOOP('',(#9788,#9790,#9792,#9793,#9795,#9797,#9799,#9801,#9803,#9805,
#9806));
#9808=FACE_OUTER_BOUND('',#9807,.F.);
#9809=ADVANCED_FACE('',(#9808),#9787,.F.);
#9810=CARTESIAN_POINT('',(-1.8325E1,0.E0,-2.83E0));
#9811=DIRECTION('',(0.E0,0.E0,1.E0));
#9812=DIRECTION('',(1.E0,0.E0,0.E0));
#9813=AXIS2_PLACEMENT_3D('',#9810,#9811,#9812);
#9814=PLANE('',#9813);
#9815=ORIENTED_EDGE('',*,*,#9757,.F.);
#9816=ORIENTED_EDGE('',*,*,#9770,.T.);
#9817=ORIENTED_EDGE('',*,*,#9714,.T.);
#9819=ORIENTED_EDGE('',*,*,#9818,.T.);
#9821=ORIENTED_EDGE('',*,*,#9820,.T.);
#9823=ORIENTED_EDGE('',*,*,#9822,.T.);
#9825=ORIENTED_EDGE('',*,*,#9824,.T.);
#9827=ORIENTED_EDGE('',*,*,#9826,.F.);
#9828=ORIENTED_EDGE('',*,*,#9608,.F.);
#9829=ORIENTED_EDGE('',*,*,#9685,.T.);
#9830=ORIENTED_EDGE('',*,*,#9697,.T.);
#9831=EDGE_LOOP('',(#9815,#9816,#9817,#9819,#9821,#9823,#9825,#9827,#9828,#9829,
#9830));
#9832=FACE_OUTER_BOUND('',#9831,.F.);
#9833=ADVANCED_FACE('',(#9832),#9814,.F.);
#9834=CARTESIAN_POINT('',(1.7575E1,-1.68E0,-2.19E0));
#9835=DIRECTION('',(0.E0,0.E0,1.E0));
#9836=DIRECTION('',(1.E0,0.E0,0.E0));
#9837=AXIS2_PLACEMENT_3D('',#9834,#9835,#9836);
#9838=CYLINDRICAL_SURFACE('',#9837,2.5E-1);
#9839=ORIENTED_EDGE('',*,*,#9468,.T.);
#9840=ORIENTED_EDGE('',*,*,#9532,.T.);
#9842=ORIENTED_EDGE('',*,*,#9841,.T.);
#9843=ORIENTED_EDGE('',*,*,#9789,.F.);
#9844=EDGE_LOOP('',(#9839,#9840,#9842,#9843));
#9845=FACE_OUTER_BOUND('',#9844,.F.);
#9846=ADVANCED_FACE('',(#9845),#9838,.F.);
#9847=CARTESIAN_POINT('',(1.7575E1,-1.68E0,-2.19E0));
#9848=DIRECTION('',(0.E0,0.E0,1.E0));
#9849=DIRECTION('',(1.E0,0.E0,0.E0));
#9850=AXIS2_PLACEMENT_3D('',#9847,#9848,#9849);
#9851=CYLINDRICAL_SURFACE('',#9850,2.5E-1);
#9852=ORIENTED_EDGE('',*,*,#9583,.F.);
#9853=ORIENTED_EDGE('',*,*,#9804,.F.);
#9855=ORIENTED_EDGE('',*,*,#9854,.F.);
#9856=ORIENTED_EDGE('',*,*,#9516,.T.);
#9857=EDGE_LOOP('',(#9852,#9853,#9855,#9856));
#9858=FACE_OUTER_BOUND('',#9857,.F.);
#9859=ADVANCED_FACE('',(#9858),#9851,.F.);
#9860=CARTESIAN_POINT('',(1.7325E1,-1.68E0,-2.19E0));
#9861=DIRECTION('',(1.E0,0.E0,0.E0));
#9862=DIRECTION('',(0.E0,1.E0,0.E0));
#9863=AXIS2_PLACEMENT_3D('',#9860,#9861,#9862);
#9864=PLANE('',#9863);
#9865=ORIENTED_EDGE('',*,*,#9671,.F.);
#9866=ORIENTED_EDGE('',*,*,#9791,.F.);
#9867=ORIENTED_EDGE('',*,*,#9841,.F.);
#9868=ORIENTED_EDGE('',*,*,#9530,.T.);
#9869=EDGE_LOOP('',(#9865,#9866,#9867,#9868));
#9870=FACE_OUTER_BOUND('',#9869,.F.);
#9871=ADVANCED_FACE('',(#9870),#9864,.T.);
#9872=CARTESIAN_POINT('',(1.8275E1,-1.93E0,-2.19E0));
#9873=DIRECTION('',(0.E0,1.E0,0.E0));
#9874=DIRECTION('',(-1.E0,0.E0,0.E0));
#9875=AXIS2_PLACEMENT_3D('',#9872,#9873,#9874);
#9876=PLANE('',#9875);
#9877=ORIENTED_EDGE('',*,*,#9518,.T.);
#9878=ORIENTED_EDGE('',*,*,#9854,.T.);
#9879=ORIENTED_EDGE('',*,*,#9802,.F.);
#9881=ORIENTED_EDGE('',*,*,#9880,.F.);
#9882=EDGE_LOOP('',(#9877,#9878,#9879,#9881));
#9883=FACE_OUTER_BOUND('',#9882,.F.);
#9884=ADVANCED_FACE('',(#9883),#9876,.T.);
#9885=CARTESIAN_POINT('',(1.8275E1,-2.33E0,-2.19E0));
#9886=DIRECTION('',(1.E0,0.E0,0.E0));
#9887=DIRECTION('',(0.E0,1.E0,0.E0));
#9888=AXIS2_PLACEMENT_3D('',#9885,#9886,#9887);
#9889=PLANE('',#9888);
#9890=ORIENTED_EDGE('',*,*,#9520,.T.);
#9891=ORIENTED_EDGE('',*,*,#9880,.T.);
#9892=ORIENTED_EDGE('',*,*,#9800,.F.);
#9894=ORIENTED_EDGE('',*,*,#9893,.F.);
#9895=EDGE_LOOP('',(#9890,#9891,#9892,#9894));
#9896=FACE_OUTER_BOUND('',#9895,.F.);
#9897=ADVANCED_FACE('',(#9896),#9889,.T.);
#9898=CARTESIAN_POINT('',(1.7575E1,-2.33E0,-2.19E0));
#9899=DIRECTION('',(0.E0,-1.E0,0.E0));
#9900=DIRECTION('',(1.E0,0.E0,0.E0));
#9901=AXIS2_PLACEMENT_3D('',#9898,#9899,#9900);
#9902=PLANE('',#9901);
#9903=ORIENTED_EDGE('',*,*,#9522,.T.);
#9904=ORIENTED_EDGE('',*,*,#9893,.T.);
#9905=ORIENTED_EDGE('',*,*,#9798,.F.);
#9907=ORIENTED_EDGE('',*,*,#9906,.F.);
#9908=EDGE_LOOP('',(#9903,#9904,#9905,#9907));
#9909=FACE_OUTER_BOUND('',#9908,.F.);
#9910=ADVANCED_FACE('',(#9909),#9902,.T.);
#9911=CARTESIAN_POINT('',(1.7575E1,-1.68E0,-2.19E0));
#9912=DIRECTION('',(0.E0,0.E0,1.E0));
#9913=DIRECTION('',(1.E0,0.E0,0.E0));
#9914=AXIS2_PLACEMENT_3D('',#9911,#9912,#9913);
#9915=CYLINDRICAL_SURFACE('',#9914,6.5E-1);
#9917=ORIENTED_EDGE('',*,*,#9916,.T.);
#9918=ORIENTED_EDGE('',*,*,#9524,.T.);
#9919=ORIENTED_EDGE('',*,*,#9906,.T.);
#9920=ORIENTED_EDGE('',*,*,#9796,.F.);
#9921=EDGE_LOOP('',(#9917,#9918,#9919,#9920));
#9922=FACE_OUTER_BOUND('',#9921,.F.);
#9923=ADVANCED_FACE('',(#9922),#9915,.T.);
#9924=CARTESIAN_POINT('',(1.6925E1,-1.93E0,4.95E0));
#9925=DIRECTION('',(-1.E0,0.E0,0.E0));
#9926=DIRECTION('',(0.E0,0.E0,-1.E0));
#9927=AXIS2_PLACEMENT_3D('',#9924,#9925,#9926);
#9928=PLANE('',#9927);
#9929=ORIENTED_EDGE('',*,*,#9526,.T.);
#9930=ORIENTED_EDGE('',*,*,#9916,.F.);
#9931=ORIENTED_EDGE('',*,*,#9794,.F.);
#9932=ORIENTED_EDGE('',*,*,#9667,.T.);
#9934=ORIENTED_EDGE('',*,*,#9933,.T.);
#9936=ORIENTED_EDGE('',*,*,#9935,.F.);
#9938=ORIENTED_EDGE('',*,*,#9937,.T.);
#9940=ORIENTED_EDGE('',*,*,#9939,.F.);
#9942=ORIENTED_EDGE('',*,*,#9941,.T.);
#9943=ORIENTED_EDGE('',*,*,#9653,.T.);
#9945=ORIENTED_EDGE('',*,*,#9944,.T.);
#9947=ORIENTED_EDGE('',*,*,#9946,.F.);
#9949=ORIENTED_EDGE('',*,*,#9948,.F.);
#9950=ORIENTED_EDGE('',*,*,#9645,.T.);
#9951=EDGE_LOOP('',(#9929,#9930,#9931,#9932,#9934,#9936,#9938,#9940,#9942,#9943,
#9945,#9947,#9949,#9950));
#9952=FACE_OUTER_BOUND('',#9951,.F.);
#9953=ADVANCED_FACE('',(#9952),#9928,.F.);
#9954=CARTESIAN_POINT('',(-1.8325E1,-2.47E0,-4.95E0));
#9955=DIRECTION('',(0.E0,0.E0,-1.E0));
#9956=DIRECTION('',(0.E0,1.E0,0.E0));
#9957=AXIS2_PLACEMENT_3D('',#9954,#9955,#9956);
#9958=PLANE('',#9957);
#9959=ORIENTED_EDGE('',*,*,#9478,.F.);
#9961=ORIENTED_EDGE('',*,*,#9960,.T.);
#9963=ORIENTED_EDGE('',*,*,#9962,.T.);
#9964=ORIENTED_EDGE('',*,*,#9201,.F.);
#9965=EDGE_LOOP('',(#9959,#9961,#9963,#9964));
#9966=FACE_OUTER_BOUND('',#9965,.F.);
#9967=ADVANCED_FACE('',(#9966),#9958,.T.);
#9968=CARTESIAN_POINT('',(-1.8325E1,-2.47E0,-4.95E0));
#9969=DIRECTION('',(0.E0,0.E0,-1.E0));
#9970=DIRECTION('',(0.E0,1.E0,0.E0));
#9971=AXIS2_PLACEMENT_3D('',#9968,#9969,#9970);
#9972=PLANE('',#9971);
#9974=ORIENTED_EDGE('',*,*,#9973,.T.);
#9975=ORIENTED_EDGE('',*,*,#9749,.T.);
#9976=ORIENTED_EDGE('',*,*,#9215,.F.);
#9978=ORIENTED_EDGE('',*,*,#9977,.F.);
#9979=EDGE_LOOP('',(#9974,#9975,#9976,#9978));
#9980=FACE_OUTER_BOUND('',#9979,.F.);
#9981=ADVANCED_FACE('',(#9980),#9972,.T.);
#9982=CARTESIAN_POINT('',(-1.8325E1,-2.47E0,-4.95E0));
#9983=DIRECTION('',(0.E0,0.E0,-1.E0));
#9984=DIRECTION('',(0.E0,1.E0,0.E0));
#9985=AXIS2_PLACEMENT_3D('',#9982,#9983,#9984);
#9986=PLANE('',#9985);
#9988=ORIENTED_EDGE('',*,*,#9987,.F.);
#9990=ORIENTED_EDGE('',*,*,#9989,.T.);
#9992=ORIENTED_EDGE('',*,*,#9991,.F.);
#9993=ORIENTED_EDGE('',*,*,#9251,.F.);
#9994=EDGE_LOOP('',(#9988,#9990,#9992,#9993));
#9995=FACE_OUTER_BOUND('',#9994,.F.);
#9996=ADVANCED_FACE('',(#9995),#9986,.T.);
#9997=CARTESIAN_POINT('',(-1.8325E1,-2.47E0,-4.95E0));
#9998=DIRECTION('',(0.E0,0.E0,-1.E0));
#9999=DIRECTION('',(0.E0,1.E0,0.E0));
#10000=AXIS2_PLACEMENT_3D('',#9997,#9998,#9999);
#10001=PLANE('',#10000);
#10003=ORIENTED_EDGE('',*,*,#10002,.F.);
#10005=ORIENTED_EDGE('',*,*,#10004,.T.);
#10007=ORIENTED_EDGE('',*,*,#10006,.T.);
#10008=ORIENTED_EDGE('',*,*,#9271,.F.);
#10009=EDGE_LOOP('',(#10003,#10005,#10007,#10008));
#10010=FACE_OUTER_BOUND('',#10009,.F.);
#10011=ADVANCED_FACE('',(#10010),#10001,.T.);
#10012=CARTESIAN_POINT('',(-1.8325E1,-2.47E0,-4.95E0));
#10013=DIRECTION('',(0.E0,0.E0,-1.E0));
#10014=DIRECTION('',(0.E0,1.E0,0.E0));
#10015=AXIS2_PLACEMENT_3D('',#10012,#10013,#10014);
#10016=PLANE('',#10015);
#10018=ORIENTED_EDGE('',*,*,#10017,.F.);
#10020=ORIENTED_EDGE('',*,*,#10019,.T.);
#10022=ORIENTED_EDGE('',*,*,#10021,.T.);
#10023=ORIENTED_EDGE('',*,*,#9291,.F.);
#10024=EDGE_LOOP('',(#10018,#10020,#10022,#10023));
#10025=FACE_OUTER_BOUND('',#10024,.F.);
#10026=ADVANCED_FACE('',(#10025),#10016,.T.);
#10027=CARTESIAN_POINT('',(-1.8325E1,-2.47E0,-4.95E0));
#10028=DIRECTION('',(0.E0,0.E0,-1.E0));
#10029=DIRECTION('',(0.E0,1.E0,0.E0));
#10030=AXIS2_PLACEMENT_3D('',#10027,#10028,#10029);
#10031=PLANE('',#10030);
#10033=ORIENTED_EDGE('',*,*,#10032,.F.);
#10035=ORIENTED_EDGE('',*,*,#10034,.T.);
#10037=ORIENTED_EDGE('',*,*,#10036,.T.);
#10038=ORIENTED_EDGE('',*,*,#9311,.F.);
#10039=EDGE_LOOP('',(#10033,#10035,#10037,#10038));
#10040=FACE_OUTER_BOUND('',#10039,.F.);
#10041=ADVANCED_FACE('',(#10040),#10031,.T.);
#10042=CARTESIAN_POINT('',(-1.8325E1,-2.47E0,-4.95E0));
#10043=DIRECTION('',(0.E0,0.E0,-1.E0));
#10044=DIRECTION('',(0.E0,1.E0,0.E0));
#10045=AXIS2_PLACEMENT_3D('',#10042,#10043,#10044);
#10046=PLANE('',#10045);
#10048=ORIENTED_EDGE('',*,*,#10047,.F.);
#10050=ORIENTED_EDGE('',*,*,#10049,.T.);
#10052=ORIENTED_EDGE('',*,*,#10051,.T.);
#10053=ORIENTED_EDGE('',*,*,#9331,.F.);
#10054=EDGE_LOOP('',(#10048,#10050,#10052,#10053));
#10055=FACE_OUTER_BOUND('',#10054,.F.);
#10056=ADVANCED_FACE('',(#10055),#10046,.T.);
#10057=CARTESIAN_POINT('',(-1.8325E1,-2.47E0,-4.95E0));
#10058=DIRECTION('',(0.E0,0.E0,-1.E0));
#10059=DIRECTION('',(0.E0,1.E0,0.E0));
#10060=AXIS2_PLACEMENT_3D('',#10057,#10058,#10059);
#10061=PLANE('',#10060);
#10063=ORIENTED_EDGE('',*,*,#10062,.F.);
#10065=ORIENTED_EDGE('',*,*,#10064,.T.);
#10067=ORIENTED_EDGE('',*,*,#10066,.T.);
#10068=ORIENTED_EDGE('',*,*,#9351,.F.);
#10069=EDGE_LOOP('',(#10063,#10065,#10067,#10068));
#10070=FACE_OUTER_BOUND('',#10069,.F.);
#10071=ADVANCED_FACE('',(#10070),#10061,.T.);
#10072=CARTESIAN_POINT('',(-1.8325E1,-2.47E0,-4.95E0));
#10073=DIRECTION('',(0.E0,0.E0,-1.E0));
#10074=DIRECTION('',(0.E0,1.E0,0.E0));
#10075=AXIS2_PLACEMENT_3D('',#10072,#10073,#10074);
#10076=PLANE('',#10075);
#10078=ORIENTED_EDGE('',*,*,#10077,.F.);
#10080=ORIENTED_EDGE('',*,*,#10079,.T.);
#10082=ORIENTED_EDGE('',*,*,#10081,.T.);
#10083=ORIENTED_EDGE('',*,*,#9371,.F.);
#10084=EDGE_LOOP('',(#10078,#10080,#10082,#10083));
#10085=FACE_OUTER_BOUND('',#10084,.F.);
#10086=ADVANCED_FACE('',(#10085),#10076,.T.);
#10087=CARTESIAN_POINT('',(-1.8325E1,-2.47E0,-4.95E0));
#10088=DIRECTION('',(0.E0,0.E0,-1.E0));
#10089=DIRECTION('',(0.E0,1.E0,0.E0));
#10090=AXIS2_PLACEMENT_3D('',#10087,#10088,#10089);
#10091=PLANE('',#10090);
#10093=ORIENTED_EDGE('',*,*,#10092,.F.);
#10095=ORIENTED_EDGE('',*,*,#10094,.T.);
#10097=ORIENTED_EDGE('',*,*,#10096,.T.);
#10098=ORIENTED_EDGE('',*,*,#9391,.F.);
#10099=EDGE_LOOP('',(#10093,#10095,#10097,#10098));
#10100=FACE_OUTER_BOUND('',#10099,.F.);
#10101=ADVANCED_FACE('',(#10100),#10091,.T.);
#10102=CARTESIAN_POINT('',(-1.8325E1,-2.47E0,-4.95E0));
#10103=DIRECTION('',(0.E0,0.E0,-1.E0));
#10104=DIRECTION('',(0.E0,1.E0,0.E0));
#10105=AXIS2_PLACEMENT_3D('',#10102,#10103,#10104);
#10106=PLANE('',#10105);
#10108=ORIENTED_EDGE('',*,*,#10107,.F.);
#10110=ORIENTED_EDGE('',*,*,#10109,.T.);
#10111=ORIENTED_EDGE('',*,*,#9143,.T.);
#10112=ORIENTED_EDGE('',*,*,#9411,.F.);
#10113=EDGE_LOOP('',(#10108,#10110,#10111,#10112));
#10114=FACE_OUTER_BOUND('',#10113,.F.);
#10115=ADVANCED_FACE('',(#10114),#10106,.T.);
#10116=CARTESIAN_POINT('',(-1.8325E1,-2.47E0,-4.95E0));
#10117=DIRECTION('',(0.E0,0.E0,-1.E0));
#10118=DIRECTION('',(0.E0,1.E0,0.E0));
#10119=AXIS2_PLACEMENT_3D('',#10116,#10117,#10118);
#10120=PLANE('',#10119);
#10122=ORIENTED_EDGE('',*,*,#10121,.F.);
#10124=ORIENTED_EDGE('',*,*,#10123,.T.);
#10126=ORIENTED_EDGE('',*,*,#10125,.T.);
#10127=ORIENTED_EDGE('',*,*,#9430,.F.);
#10128=EDGE_LOOP('',(#10122,#10124,#10126,#10127));
#10129=FACE_OUTER_BOUND('',#10128,.F.);
#10130=ADVANCED_FACE('',(#10129),#10120,.T.);
#10131=CARTESIAN_POINT('',(-1.8325E1,-2.47E0,-4.95E0));
#10132=DIRECTION('',(0.E0,0.E0,-1.E0));
#10133=DIRECTION('',(0.E0,1.E0,0.E0));
#10134=AXIS2_PLACEMENT_3D('',#10131,#10132,#10133);
#10135=PLANE('',#10134);
#10136=ORIENTED_EDGE('',*,*,#9612,.T.);
#10138=ORIENTED_EDGE('',*,*,#10137,.T.);
#10140=ORIENTED_EDGE('',*,*,#10139,.T.);
#10142=ORIENTED_EDGE('',*,*,#10141,.T.);
#10143=ORIENTED_EDGE('',*,*,#9452,.F.);
#10145=ORIENTED_EDGE('',*,*,#10144,.F.);
#10146=EDGE_LOOP('',(#10136,#10138,#10140,#10142,#10143,#10145));
#10147=FACE_OUTER_BOUND('',#10146,.F.);
#10148=ADVANCED_FACE('',(#10147),#10135,.T.);
#10149=CARTESIAN_POINT('',(-1.8325E1,-2.47E0,-4.95E0));
#10150=DIRECTION('',(0.E0,0.E0,-1.E0));
#10151=DIRECTION('',(0.E0,1.E0,0.E0));
#10152=AXIS2_PLACEMENT_3D('',#10149,#10150,#10151);
#10153=PLANE('',#10152);
#10154=ORIENTED_EDGE('',*,*,#9665,.T.);
#10156=ORIENTED_EDGE('',*,*,#10155,.T.);
#10157=ORIENTED_EDGE('',*,*,#9233,.F.);
#10159=ORIENTED_EDGE('',*,*,#10158,.T.);
#10161=ORIENTED_EDGE('',*,*,#10160,.T.);
#10162=ORIENTED_EDGE('',*,*,#9933,.F.);
#10163=EDGE_LOOP('',(#10154,#10156,#10157,#10159,#10161,#10162));
#10164=FACE_OUTER_BOUND('',#10163,.F.);
#10165=ADVANCED_FACE('',(#10164),#10153,.T.);
#10166=CARTESIAN_POINT('',(-1.8325E1,-2.47E0,-3.1E0));
#10167=DIRECTION('',(0.E0,-1.E0,0.E0));
#10168=DIRECTION('',(0.E0,0.E0,-1.E0));
#10169=AXIS2_PLACEMENT_3D('',#10166,#10167,#10168);
#10170=PLANE('',#10169);
#10171=ORIENTED_EDGE('',*,*,#9476,.F.);
#10173=ORIENTED_EDGE('',*,*,#10172,.T.);
#10175=ORIENTED_EDGE('',*,*,#10174,.T.);
#10176=ORIENTED_EDGE('',*,*,#9960,.F.);
#10177=EDGE_LOOP('',(#10171,#10173,#10175,#10176));
#10178=FACE_OUTER_BOUND('',#10177,.F.);
#10179=ADVANCED_FACE('',(#10178),#10170,.T.);
#10180=CARTESIAN_POINT('',(-1.8325E1,-2.47E0,-3.1E0));
#10181=DIRECTION('',(0.E0,-1.E0,0.E0));
#10182=DIRECTION('',(0.E0,0.E0,-1.E0));
#10183=AXIS2_PLACEMENT_3D('',#10180,#10181,#10182);
#10184=PLANE('',#10183);
#10185=ORIENTED_EDGE('',*,*,#9751,.F.);
#10186=ORIENTED_EDGE('',*,*,#9973,.F.);
#10188=ORIENTED_EDGE('',*,*,#10187,.F.);
#10190=ORIENTED_EDGE('',*,*,#10189,.T.);
#10191=EDGE_LOOP('',(#10185,#10186,#10188,#10190));
#10192=FACE_OUTER_BOUND('',#10191,.F.);
#10193=ADVANCED_FACE('',(#10192),#10184,.T.);
#10194=CARTESIAN_POINT('',(-1.8325E1,-1.93E0,-3.1E0));
#10195=DIRECTION('',(0.E0,0.E0,1.E0));
#10196=DIRECTION('',(0.E0,-1.E0,0.E0));
#10197=AXIS2_PLACEMENT_3D('',#10194,#10195,#10196);
#10198=PLANE('',#10197);
#10199=ORIENTED_EDGE('',*,*,#9474,.T.);
#10200=ORIENTED_EDGE('',*,*,#9578,.F.);
#10202=ORIENTED_EDGE('',*,*,#10201,.T.);
#10203=ORIENTED_EDGE('',*,*,#10172,.F.);
#10204=EDGE_LOOP('',(#10199,#10200,#10202,#10203));
#10205=FACE_OUTER_BOUND('',#10204,.F.);
#10206=ADVANCED_FACE('',(#10205),#10198,.T.);
#10207=CARTESIAN_POINT('',(-1.8325E1,-1.93E0,-3.1E0));
#10208=DIRECTION('',(0.E0,0.E0,1.E0));
#10209=DIRECTION('',(0.E0,-1.E0,0.E0));
#10210=AXIS2_PLACEMENT_3D('',#10207,#10208,#10209);
#10211=PLANE('',#10210);
#10212=ORIENTED_EDGE('',*,*,#9753,.F.);
#10213=ORIENTED_EDGE('',*,*,#10189,.F.);
#10215=ORIENTED_EDGE('',*,*,#10214,.T.);
#10216=ORIENTED_EDGE('',*,*,#9773,.F.);
#10217=EDGE_LOOP('',(#10212,#10213,#10215,#10216));
#10218=FACE_OUTER_BOUND('',#10217,.F.);
#10219=ADVANCED_FACE('',(#10218),#10211,.T.);
#10220=CARTESIAN_POINT('',(1.8325E1,0.E0,0.E0));
#10221=DIRECTION('',(1.E0,0.E0,0.E0));
#10222=DIRECTION('',(0.E0,0.E0,-1.E0));
#10223=AXIS2_PLACEMENT_3D('',#10220,#10221,#10222);
#10224=PLANE('',#10223);
#10225=ORIENTED_EDGE('',*,*,#9657,.F.);
#10227=ORIENTED_EDGE('',*,*,#10226,.F.);
#10229=ORIENTED_EDGE('',*,*,#10228,.T.);
#10231=ORIENTED_EDGE('',*,*,#10230,.F.);
#10233=ORIENTED_EDGE('',*,*,#10232,.F.);
#10235=ORIENTED_EDGE('',*,*,#10234,.F.);
#10237=ORIENTED_EDGE('',*,*,#10236,.F.);
#10239=ORIENTED_EDGE('',*,*,#10238,.F.);
#10241=ORIENTED_EDGE('',*,*,#10240,.T.);
#10243=ORIENTED_EDGE('',*,*,#10242,.T.);
#10245=ORIENTED_EDGE('',*,*,#10244,.T.);
#10247=ORIENTED_EDGE('',*,*,#10246,.F.);
#10248=ORIENTED_EDGE('',*,*,#9203,.F.);
#10249=ORIENTED_EDGE('',*,*,#9962,.F.);
#10250=ORIENTED_EDGE('',*,*,#10174,.F.);
#10251=ORIENTED_EDGE('',*,*,#10201,.F.);
#10252=ORIENTED_EDGE('',*,*,#9576,.F.);
#10253=EDGE_LOOP('',(#10225,#10227,#10229,#10231,#10233,#10235,#10237,#10239,
#10241,#10243,#10245,#10247,#10248,#10249,#10250,#10251,#10252));
#10254=FACE_OUTER_BOUND('',#10253,.F.);
#10256=ORIENTED_EDGE('',*,*,#10255,.T.);
#10258=ORIENTED_EDGE('',*,*,#10257,.T.);
#10260=ORIENTED_EDGE('',*,*,#10259,.T.);
#10262=ORIENTED_EDGE('',*,*,#10261,.T.);
#10264=ORIENTED_EDGE('',*,*,#10263,.T.);
#10266=ORIENTED_EDGE('',*,*,#10265,.T.);
#10268=ORIENTED_EDGE('',*,*,#10267,.T.);
#10269=EDGE_LOOP('',(#10256,#10258,#10260,#10262,#10264,#10266,#10268));
#10270=FACE_BOUND('',#10269,.F.);
#10271=ADVANCED_FACE('',(#10254,#10270),#10224,.T.);
#10272=CARTESIAN_POINT('',(1.7625E1,0.E0,4.25E0));
#10273=DIRECTION('',(7.071067811865E-1,0.E0,7.071067811865E-1));
#10274=DIRECTION('',(-7.071067811865E-1,0.E0,7.071067811865E-1));
#10275=AXIS2_PLACEMENT_3D('',#10272,#10273,#10274);
#10276=PLANE('',#10275);
#10278=ORIENTED_EDGE('',*,*,#10277,.T.);
#10280=ORIENTED_EDGE('',*,*,#10279,.F.);
#10282=ORIENTED_EDGE('',*,*,#10281,.T.);
#10283=ORIENTED_EDGE('',*,*,#10230,.T.);
#10284=EDGE_LOOP('',(#10278,#10280,#10282,#10283));
#10285=FACE_OUTER_BOUND('',#10284,.F.);
#10286=ADVANCED_FACE('',(#10285),#10276,.T.);
#10287=CARTESIAN_POINT('',(1.7625E1,0.E0,4.25E0));
#10288=DIRECTION('',(7.071067811865E-1,0.E0,7.071067811865E-1));
#10289=DIRECTION('',(-7.071067811865E-1,0.E0,7.071067811865E-1));
#10290=AXIS2_PLACEMENT_3D('',#10287,#10288,#10289);
#10291=PLANE('',#10290);
#10292=ORIENTED_EDGE('',*,*,#9655,.T.);
#10294=ORIENTED_EDGE('',*,*,#10293,.F.);
#10296=ORIENTED_EDGE('',*,*,#10295,.F.);
#10297=ORIENTED_EDGE('',*,*,#10226,.T.);
#10298=EDGE_LOOP('',(#10292,#10294,#10296,#10297));
#10299=FACE_OUTER_BOUND('',#10298,.F.);
#10300=ADVANCED_FACE('',(#10299),#10291,.T.);
#10301=CARTESIAN_POINT('',(-1.8325E1,1.25E0,-4.95E0));
#10302=DIRECTION('',(0.E0,1.E0,0.E0));
#10303=DIRECTION('',(1.E0,0.E0,0.E0));
#10304=AXIS2_PLACEMENT_3D('',#10301,#10302,#10303);
#10305=PLANE('',#10304);
#10307=ORIENTED_EDGE('',*,*,#10306,.T.);
#10309=ORIENTED_EDGE('',*,*,#10308,.T.);
#10310=ORIENTED_EDGE('',*,*,#10277,.F.);
#10311=EDGE_LOOP('',(#10307,#10309,#10310));
#10312=FACE_OUTER_BOUND('',#10311,.F.);
#10313=ADVANCED_FACE('',(#10312),#10305,.F.);
#10314=CARTESIAN_POINT('',(-1.8325E1,1.25E0,-4.95E0));
#10315=DIRECTION('',(0.E0,1.E0,0.E0));
#10316=DIRECTION('',(1.E0,0.E0,0.E0));
#10317=AXIS2_PLACEMENT_3D('',#10314,#10315,#10316);
#10318=PLANE('',#10317);
#10320=ORIENTED_EDGE('',*,*,#10319,.T.);
#10322=ORIENTED_EDGE('',*,*,#10321,.T.);
#10324=ORIENTED_EDGE('',*,*,#10323,.T.);
#10325=EDGE_LOOP('',(#10320,#10322,#10324));
#10326=FACE_OUTER_BOUND('',#10325,.F.);
#10327=ADVANCED_FACE('',(#10326),#10318,.F.);
#10328=CARTESIAN_POINT('',(1.8325E1,1.25E0,3.55E0));
#10329=DIRECTION('',(0.E0,0.E0,-1.E0));
#10330=DIRECTION('',(-1.E0,0.E0,0.E0));
#10331=AXIS2_PLACEMENT_3D('',#10328,#10329,#10330);
#10332=PLANE('',#10331);
#10333=ORIENTED_EDGE('',*,*,#10228,.F.);
#10335=ORIENTED_EDGE('',*,*,#10334,.T.);
#10337=ORIENTED_EDGE('',*,*,#10336,.F.);
#10338=ORIENTED_EDGE('',*,*,#10306,.F.);
#10339=EDGE_LOOP('',(#10333,#10335,#10337,#10338));
#10340=FACE_OUTER_BOUND('',#10339,.F.);
#10341=ADVANCED_FACE('',(#10340),#10332,.F.);
#10342=CARTESIAN_POINT('',(-1.8325E1,-7.5E-1,-4.95E0));
#10343=DIRECTION('',(0.E0,1.E0,0.E0));
#10344=DIRECTION('',(1.E0,0.E0,0.E0));
#10345=AXIS2_PLACEMENT_3D('',#10342,#10343,#10344);
#10346=PLANE('',#10345);
#10347=ORIENTED_EDGE('',*,*,#10334,.F.);
#10348=ORIENTED_EDGE('',*,*,#10295,.T.);
#10350=ORIENTED_EDGE('',*,*,#10349,.F.);
#10351=EDGE_LOOP('',(#10347,#10348,#10350));
#10352=FACE_OUTER_BOUND('',#10351,.F.);
#10353=ADVANCED_FACE('',(#10352),#10346,.T.);
#10354=CARTESIAN_POINT('',(-1.8325E1,-7.5E-1,-4.95E0));
#10355=DIRECTION('',(0.E0,1.E0,0.E0));
#10356=DIRECTION('',(1.E0,0.E0,0.E0));
#10357=AXIS2_PLACEMENT_3D('',#10354,#10355,#10356);
#10358=PLANE('',#10357);
#10360=ORIENTED_EDGE('',*,*,#10359,.F.);
#10362=ORIENTED_EDGE('',*,*,#10361,.F.);
#10364=ORIENTED_EDGE('',*,*,#10363,.F.);
#10365=EDGE_LOOP('',(#10360,#10362,#10364));
#10366=FACE_OUTER_BOUND('',#10365,.F.);
#10367=ADVANCED_FACE('',(#10366),#10358,.T.);
#10368=CARTESIAN_POINT('',(1.6925E1,1.25E0,3.55E0));
#10369=DIRECTION('',(-1.E0,0.E0,0.E0));
#10370=DIRECTION('',(0.E0,0.E0,1.E0));
#10371=AXIS2_PLACEMENT_3D('',#10368,#10369,#10370);
#10372=PLANE('',#10371);
#10374=ORIENTED_EDGE('',*,*,#10373,.T.);
#10375=ORIENTED_EDGE('',*,*,#10308,.F.);
#10376=ORIENTED_EDGE('',*,*,#10336,.T.);
#10377=ORIENTED_EDGE('',*,*,#10349,.T.);
#10378=EDGE_LOOP('',(#10374,#10375,#10376,#10377));
#10379=FACE_OUTER_BOUND('',#10378,.F.);
#10380=ADVANCED_FACE('',(#10379),#10372,.F.);
#10381=CARTESIAN_POINT('',(-1.8325E1,1.93E0,4.95E0));
#10382=DIRECTION('',(0.E0,0.E0,1.E0));
#10383=DIRECTION('',(0.E0,-1.E0,0.E0));
#10384=AXIS2_PLACEMENT_3D('',#10381,#10382,#10383);
#10385=PLANE('',#10384);
#10387=ORIENTED_EDGE('',*,*,#10386,.T.);
#10389=ORIENTED_EDGE('',*,*,#10388,.T.);
#10391=ORIENTED_EDGE('',*,*,#10390,.T.);
#10393=ORIENTED_EDGE('',*,*,#10392,.T.);
#10394=ORIENTED_EDGE('',*,*,#10279,.T.);
#10395=ORIENTED_EDGE('',*,*,#10373,.F.);
#10396=ORIENTED_EDGE('',*,*,#10293,.T.);
#10397=ORIENTED_EDGE('',*,*,#9941,.F.);
#10399=ORIENTED_EDGE('',*,*,#10398,.F.);
#10401=ORIENTED_EDGE('',*,*,#10400,.T.);
#10402=EDGE_LOOP('',(#10387,#10389,#10391,#10393,#10394,#10395,#10396,#10397,
#10399,#10401));
#10403=FACE_OUTER_BOUND('',#10402,.F.);
#10405=ORIENTED_EDGE('',*,*,#10404,.F.);
#10407=ORIENTED_EDGE('',*,*,#10406,.F.);
#10409=ORIENTED_EDGE('',*,*,#10408,.F.);
#10411=ORIENTED_EDGE('',*,*,#10410,.F.);
#10413=ORIENTED_EDGE('',*,*,#10412,.F.);
#10414=EDGE_LOOP('',(#10405,#10407,#10409,#10411,#10413));
#10415=FACE_BOUND('',#10414,.F.);
#10417=ORIENTED_EDGE('',*,*,#10416,.F.);
#10419=ORIENTED_EDGE('',*,*,#10418,.F.);
#10421=ORIENTED_EDGE('',*,*,#10420,.F.);
#10423=ORIENTED_EDGE('',*,*,#10422,.F.);
#10425=ORIENTED_EDGE('',*,*,#10424,.F.);
#10426=EDGE_LOOP('',(#10417,#10419,#10421,#10423,#10425));
#10427=FACE_BOUND('',#10426,.F.);
#10429=ORIENTED_EDGE('',*,*,#10428,.F.);
#10431=ORIENTED_EDGE('',*,*,#10430,.F.);
#10433=ORIENTED_EDGE('',*,*,#10432,.F.);
#10435=ORIENTED_EDGE('',*,*,#10434,.F.);
#10437=ORIENTED_EDGE('',*,*,#10436,.F.);
#10438=EDGE_LOOP('',(#10429,#10431,#10433,#10435,#10437));
#10439=FACE_BOUND('',#10438,.F.);
#10441=ORIENTED_EDGE('',*,*,#10440,.F.);
#10443=ORIENTED_EDGE('',*,*,#10442,.F.);
#10445=ORIENTED_EDGE('',*,*,#10444,.F.);
#10447=ORIENTED_EDGE('',*,*,#10446,.F.);
#10449=ORIENTED_EDGE('',*,*,#10448,.F.);
#10450=EDGE_LOOP('',(#10441,#10443,#10445,#10447,#10449));
#10451=FACE_BOUND('',#10450,.F.);
#10453=ORIENTED_EDGE('',*,*,#10452,.F.);
#10455=ORIENTED_EDGE('',*,*,#10454,.F.);
#10457=ORIENTED_EDGE('',*,*,#10456,.F.);
#10459=ORIENTED_EDGE('',*,*,#10458,.F.);
#10461=ORIENTED_EDGE('',*,*,#10460,.F.);
#10462=EDGE_LOOP('',(#10453,#10455,#10457,#10459,#10461));
#10463=FACE_BOUND('',#10462,.F.);
#10465=ORIENTED_EDGE('',*,*,#10464,.F.);
#10467=ORIENTED_EDGE('',*,*,#10466,.F.);
#10469=ORIENTED_EDGE('',*,*,#10468,.F.);
#10471=ORIENTED_EDGE('',*,*,#10470,.F.);
#10473=ORIENTED_EDGE('',*,*,#10472,.F.);
#10474=EDGE_LOOP('',(#10465,#10467,#10469,#10471,#10473));
#10475=FACE_BOUND('',#10474,.F.);
#10477=ORIENTED_EDGE('',*,*,#10476,.F.);
#10479=ORIENTED_EDGE('',*,*,#10478,.F.);
#10481=ORIENTED_EDGE('',*,*,#10480,.F.);
#10483=ORIENTED_EDGE('',*,*,#10482,.T.);
#10485=ORIENTED_EDGE('',*,*,#10484,.F.);
#10486=EDGE_LOOP('',(#10477,#10479,#10481,#10483,#10485));
#10487=FACE_BOUND('',#10486,.F.);
#10489=ORIENTED_EDGE('',*,*,#10488,.F.);
#10491=ORIENTED_EDGE('',*,*,#10490,.F.);
#10493=ORIENTED_EDGE('',*,*,#10492,.F.);
#10495=ORIENTED_EDGE('',*,*,#10494,.T.);
#10497=ORIENTED_EDGE('',*,*,#10496,.F.);
#10498=EDGE_LOOP('',(#10489,#10491,#10493,#10495,#10497));
#10499=FACE_BOUND('',#10498,.F.);
#10501=ORIENTED_EDGE('',*,*,#10500,.F.);
#10503=ORIENTED_EDGE('',*,*,#10502,.F.);
#10505=ORIENTED_EDGE('',*,*,#10504,.F.);
#10507=ORIENTED_EDGE('',*,*,#10506,.F.);
#10509=ORIENTED_EDGE('',*,*,#10508,.F.);
#10510=EDGE_LOOP('',(#10501,#10503,#10505,#10507,#10509));
#10511=FACE_BOUND('',#10510,.F.);
#10513=ORIENTED_EDGE('',*,*,#10512,.F.);
#10515=ORIENTED_EDGE('',*,*,#10514,.F.);
#10517=ORIENTED_EDGE('',*,*,#10516,.F.);
#10519=ORIENTED_EDGE('',*,*,#10518,.F.);
#10521=ORIENTED_EDGE('',*,*,#10520,.F.);
#10522=EDGE_LOOP('',(#10513,#10515,#10517,#10519,#10521));
#10523=FACE_BOUND('',#10522,.F.);
#10525=ORIENTED_EDGE('',*,*,#10524,.F.);
#10527=ORIENTED_EDGE('',*,*,#10526,.F.);
#10529=ORIENTED_EDGE('',*,*,#10528,.F.);
#10531=ORIENTED_EDGE('',*,*,#10530,.F.);
#10533=ORIENTED_EDGE('',*,*,#10532,.F.);
#10534=EDGE_LOOP('',(#10525,#10527,#10529,#10531,#10533));
#10535=FACE_BOUND('',#10534,.F.);
#10536=ADVANCED_FACE('',(#10403,#10415,#10427,#10439,#10451,#10463,#10475,
#10487,#10499,#10511,#10523,#10535),#10385,.T.);
#10537=CARTESIAN_POINT('',(-1.375E1,1.25E0,4.95E0));
#10538=DIRECTION('',(-1.E0,0.E0,0.E0));
#10539=DIRECTION('',(0.E0,-1.E0,0.E0));
#10540=AXIS2_PLACEMENT_3D('',#10537,#10538,#10539);
#10541=PLANE('',#10540);
#10542=ORIENTED_EDGE('',*,*,#10524,.T.);
#10544=ORIENTED_EDGE('',*,*,#10543,.T.);
#10546=ORIENTED_EDGE('',*,*,#10545,.F.);
#10548=ORIENTED_EDGE('',*,*,#10547,.F.);
#10549=EDGE_LOOP('',(#10542,#10544,#10546,#10548));
#10550=FACE_OUTER_BOUND('',#10549,.F.);
#10551=ADVANCED_FACE('',(#10550),#10541,.T.);
#10552=CARTESIAN_POINT('',(-1.375E1,-5.5E-1,4.95E0));
#10553=DIRECTION('',(-7.071067811865E-1,7.071067811865E-1,0.E0));
#10554=DIRECTION('',(-7.071067811865E-1,-7.071067811865E-1,0.E0));
#10555=AXIS2_PLACEMENT_3D('',#10552,#10553,#10554);
#10556=PLANE('',#10555);
#10557=ORIENTED_EDGE('',*,*,#10532,.T.);
#10559=ORIENTED_EDGE('',*,*,#10558,.T.);
#10561=ORIENTED_EDGE('',*,*,#10560,.F.);
#10562=ORIENTED_EDGE('',*,*,#10543,.F.);
#10563=EDGE_LOOP('',(#10557,#10559,#10561,#10562));
#10564=FACE_OUTER_BOUND('',#10563,.F.);
#10565=ADVANCED_FACE('',(#10564),#10556,.T.);
#10566=CARTESIAN_POINT('',(-1.445E1,-1.25E0,4.95E0));
#10567=DIRECTION('',(0.E0,1.E0,0.E0));
#10568=DIRECTION('',(-1.E0,0.E0,0.E0));
#10569=AXIS2_PLACEMENT_3D('',#10566,#10567,#10568);
#10570=PLANE('',#10569);
#10571=ORIENTED_EDGE('',*,*,#10530,.T.);
#10573=ORIENTED_EDGE('',*,*,#10572,.T.);
#10575=ORIENTED_EDGE('',*,*,#10574,.F.);
#10576=ORIENTED_EDGE('',*,*,#10558,.F.);
#10577=EDGE_LOOP('',(#10571,#10573,#10575,#10576));
#10578=FACE_OUTER_BOUND('',#10577,.F.);
#10579=ADVANCED_FACE('',(#10578),#10570,.T.);
#10580=CARTESIAN_POINT('',(-1.625E1,-1.25E0,4.95E0));
#10581=DIRECTION('',(1.E0,0.E0,0.E0));
#10582=DIRECTION('',(0.E0,1.E0,0.E0));
#10583=AXIS2_PLACEMENT_3D('',#10580,#10581,#10582);
#10584=PLANE('',#10583);
#10585=ORIENTED_EDGE('',*,*,#10528,.T.);
#10587=ORIENTED_EDGE('',*,*,#10586,.T.);
#10589=ORIENTED_EDGE('',*,*,#10588,.F.);
#10590=ORIENTED_EDGE('',*,*,#10572,.F.);
#10591=EDGE_LOOP('',(#10585,#10587,#10589,#10590));
#10592=FACE_OUTER_BOUND('',#10591,.F.);
#10593=ADVANCED_FACE('',(#10592),#10584,.T.);
#10594=CARTESIAN_POINT('',(-1.625E1,1.25E0,4.95E0));
#10595=DIRECTION('',(0.E0,-1.E0,0.E0));
#10596=DIRECTION('',(1.E0,0.E0,0.E0));
#10597=AXIS2_PLACEMENT_3D('',#10594,#10595,#10596);
#10598=PLANE('',#10597);
#10599=ORIENTED_EDGE('',*,*,#10526,.T.);
#10600=ORIENTED_EDGE('',*,*,#10547,.T.);
#10602=ORIENTED_EDGE('',*,*,#10601,.F.);
#10603=ORIENTED_EDGE('',*,*,#10586,.F.);
#10604=EDGE_LOOP('',(#10599,#10600,#10602,#10603));
#10605=FACE_OUTER_BOUND('',#10604,.F.);
#10606=ADVANCED_FACE('',(#10605),#10598,.T.);
#10607=CARTESIAN_POINT('',(1.8325E1,1.93E0,-1.65E0));
#10608=DIRECTION('',(0.E0,0.E0,-1.E0));
#10609=DIRECTION('',(-1.E0,0.E0,0.E0));
#10610=AXIS2_PLACEMENT_3D('',#10607,#10608,#10609);
#10611=PLANE('',#10610);
#10612=ORIENTED_EDGE('',*,*,#10545,.T.);
#10613=ORIENTED_EDGE('',*,*,#10560,.T.);
#10614=ORIENTED_EDGE('',*,*,#10574,.T.);
#10615=ORIENTED_EDGE('',*,*,#10588,.T.);
#10616=ORIENTED_EDGE('',*,*,#10601,.T.);
#10617=EDGE_LOOP('',(#10612,#10613,#10614,#10615,#10616));
#10618=FACE_OUTER_BOUND('',#10617,.F.);
#10620=ORIENTED_EDGE('',*,*,#10619,.T.);
#10622=ORIENTED_EDGE('',*,*,#10621,.F.);
#10624=ORIENTED_EDGE('',*,*,#10623,.F.);
#10626=ORIENTED_EDGE('',*,*,#10625,.T.);
#10627=EDGE_LOOP('',(#10620,#10622,#10624,#10626));
#10628=FACE_BOUND('',#10627,.F.);
#10629=ADVANCED_FACE('',(#10618,#10628),#10611,.F.);
#10630=CARTESIAN_POINT('',(1.8325E1,1.93E0,-1.65E0));
#10631=DIRECTION('',(0.E0,0.E0,-1.E0));
#10632=DIRECTION('',(-1.E0,0.E0,0.E0));
#10633=AXIS2_PLACEMENT_3D('',#10630,#10631,#10632);
#10634=PLANE('',#10633);
#10636=ORIENTED_EDGE('',*,*,#10635,.T.);
#10638=ORIENTED_EDGE('',*,*,#10637,.T.);
#10640=ORIENTED_EDGE('',*,*,#10639,.T.);
#10642=ORIENTED_EDGE('',*,*,#10641,.T.);
#10644=ORIENTED_EDGE('',*,*,#10643,.T.);
#10645=EDGE_LOOP('',(#10636,#10638,#10640,#10642,#10644));
#10646=FACE_OUTER_BOUND('',#10645,.F.);
#10648=ORIENTED_EDGE('',*,*,#10647,.T.);
#10650=ORIENTED_EDGE('',*,*,#10649,.F.);
#10652=ORIENTED_EDGE('',*,*,#10651,.F.);
#10654=ORIENTED_EDGE('',*,*,#10653,.T.);
#10655=EDGE_LOOP('',(#10648,#10650,#10652,#10654));
#10656=FACE_BOUND('',#10655,.F.);
#10657=ADVANCED_FACE('',(#10646,#10656),#10634,.F.);
#10658=CARTESIAN_POINT('',(1.8325E1,1.93E0,-1.65E0));
#10659=DIRECTION('',(0.E0,0.E0,-1.E0));
#10660=DIRECTION('',(-1.E0,0.E0,0.E0));
#10661=AXIS2_PLACEMENT_3D('',#10658,#10659,#10660);
#10662=PLANE('',#10661);
#10664=ORIENTED_EDGE('',*,*,#10663,.T.);
#10666=ORIENTED_EDGE('',*,*,#10665,.T.);
#10668=ORIENTED_EDGE('',*,*,#10667,.T.);
#10670=ORIENTED_EDGE('',*,*,#10669,.T.);
#10672=ORIENTED_EDGE('',*,*,#10671,.T.);
#10673=EDGE_LOOP('',(#10664,#10666,#10668,#10670,#10672));
#10674=FACE_OUTER_BOUND('',#10673,.F.);
#10676=ORIENTED_EDGE('',*,*,#10675,.T.);
#10678=ORIENTED_EDGE('',*,*,#10677,.F.);
#10680=ORIENTED_EDGE('',*,*,#10679,.F.);
#10682=ORIENTED_EDGE('',*,*,#10681,.T.);
#10683=EDGE_LOOP('',(#10676,#10678,#10680,#10682));
#10684=FACE_BOUND('',#10683,.F.);
#10685=ADVANCED_FACE('',(#10674,#10684),#10662,.F.);
#10686=CARTESIAN_POINT('',(1.8325E1,1.93E0,-1.65E0));
#10687=DIRECTION('',(0.E0,0.E0,-1.E0));
#10688=DIRECTION('',(-1.E0,0.E0,0.E0));
#10689=AXIS2_PLACEMENT_3D('',#10686,#10687,#10688);
#10690=PLANE('',#10689);
#10692=ORIENTED_EDGE('',*,*,#10691,.T.);
#10694=ORIENTED_EDGE('',*,*,#10693,.T.);
#10696=ORIENTED_EDGE('',*,*,#10695,.T.);
#10698=ORIENTED_EDGE('',*,*,#10697,.T.);
#10700=ORIENTED_EDGE('',*,*,#10699,.T.);
#10701=EDGE_LOOP('',(#10692,#10694,#10696,#10698,#10700));
#10702=FACE_OUTER_BOUND('',#10701,.F.);
#10704=ORIENTED_EDGE('',*,*,#10703,.T.);
#10706=ORIENTED_EDGE('',*,*,#10705,.F.);
#10708=ORIENTED_EDGE('',*,*,#10707,.F.);
#10710=ORIENTED_EDGE('',*,*,#10709,.T.);
#10711=EDGE_LOOP('',(#10704,#10706,#10708,#10710));
#10712=FACE_BOUND('',#10711,.F.);
#10713=ADVANCED_FACE('',(#10702,#10712),#10690,.F.);
#10714=CARTESIAN_POINT('',(1.8325E1,1.93E0,-1.65E0));
#10715=DIRECTION('',(0.E0,0.E0,-1.E0));
#10716=DIRECTION('',(-1.E0,0.E0,0.E0));
#10717=AXIS2_PLACEMENT_3D('',#10714,#10715,#10716);
#10718=PLANE('',#10717);
#10720=ORIENTED_EDGE('',*,*,#10719,.T.);
#10722=ORIENTED_EDGE('',*,*,#10721,.T.);
#10724=ORIENTED_EDGE('',*,*,#10723,.T.);
#10726=ORIENTED_EDGE('',*,*,#10725,.T.);
#10728=ORIENTED_EDGE('',*,*,#10727,.T.);
#10729=EDGE_LOOP('',(#10720,#10722,#10724,#10726,#10728));
#10730=FACE_OUTER_BOUND('',#10729,.F.);
#10732=ORIENTED_EDGE('',*,*,#10731,.T.);
#10734=ORIENTED_EDGE('',*,*,#10733,.F.);
#10736=ORIENTED_EDGE('',*,*,#10735,.F.);
#10738=ORIENTED_EDGE('',*,*,#10737,.T.);
#10739=EDGE_LOOP('',(#10732,#10734,#10736,#10738));
#10740=FACE_BOUND('',#10739,.F.);
#10741=ADVANCED_FACE('',(#10730,#10740),#10718,.F.);
#10742=CARTESIAN_POINT('',(1.8325E1,1.93E0,-1.65E0));
#10743=DIRECTION('',(0.E0,0.E0,-1.E0));
#10744=DIRECTION('',(-1.E0,0.E0,0.E0));
#10745=AXIS2_PLACEMENT_3D('',#10742,#10743,#10744);
#10746=PLANE('',#10745);
#10748=ORIENTED_EDGE('',*,*,#10747,.T.);
#10750=ORIENTED_EDGE('',*,*,#10749,.T.);
#10752=ORIENTED_EDGE('',*,*,#10751,.T.);
#10754=ORIENTED_EDGE('',*,*,#10753,.T.);
#10756=ORIENTED_EDGE('',*,*,#10755,.T.);
#10757=EDGE_LOOP('',(#10748,#10750,#10752,#10754,#10756));
#10758=FACE_OUTER_BOUND('',#10757,.F.);
#10760=ORIENTED_EDGE('',*,*,#10759,.T.);
#10762=ORIENTED_EDGE('',*,*,#10761,.F.);
#10764=ORIENTED_EDGE('',*,*,#10763,.F.);
#10766=ORIENTED_EDGE('',*,*,#10765,.T.);
#10767=EDGE_LOOP('',(#10760,#10762,#10764,#10766));
#10768=FACE_BOUND('',#10767,.F.);
#10769=ADVANCED_FACE('',(#10758,#10768),#10746,.F.);
#10770=CARTESIAN_POINT('',(1.8325E1,1.93E0,-1.65E0));
#10771=DIRECTION('',(0.E0,0.E0,-1.E0));
#10772=DIRECTION('',(-1.E0,0.E0,0.E0));
#10773=AXIS2_PLACEMENT_3D('',#10770,#10771,#10772);
#10774=PLANE('',#10773);
#10776=ORIENTED_EDGE('',*,*,#10775,.T.);
#10778=ORIENTED_EDGE('',*,*,#10777,.T.);
#10780=ORIENTED_EDGE('',*,*,#10779,.T.);
#10782=ORIENTED_EDGE('',*,*,#10781,.T.);
#10784=ORIENTED_EDGE('',*,*,#10783,.T.);
#10785=EDGE_LOOP('',(#10776,#10778,#10780,#10782,#10784));
#10786=FACE_OUTER_BOUND('',#10785,.F.);
#10788=ORIENTED_EDGE('',*,*,#10787,.T.);
#10790=ORIENTED_EDGE('',*,*,#10789,.F.);
#10792=ORIENTED_EDGE('',*,*,#10791,.F.);
#10794=ORIENTED_EDGE('',*,*,#10793,.T.);
#10795=EDGE_LOOP('',(#10788,#10790,#10792,#10794));
#10796=FACE_BOUND('',#10795,.F.);
#10797=ADVANCED_FACE('',(#10786,#10796),#10774,.F.);
#10798=CARTESIAN_POINT('',(1.8325E1,1.93E0,-1.65E0));
#10799=DIRECTION('',(0.E0,0.E0,-1.E0));
#10800=DIRECTION('',(-1.E0,0.E0,0.E0));
#10801=AXIS2_PLACEMENT_3D('',#10798,#10799,#10800);
#10802=PLANE('',#10801);
#10804=ORIENTED_EDGE('',*,*,#10803,.T.);
#10806=ORIENTED_EDGE('',*,*,#10805,.T.);
#10808=ORIENTED_EDGE('',*,*,#10807,.T.);
#10810=ORIENTED_EDGE('',*,*,#10809,.T.);
#10812=ORIENTED_EDGE('',*,*,#10811,.T.);
#10813=EDGE_LOOP('',(#10804,#10806,#10808,#10810,#10812));
#10814=FACE_OUTER_BOUND('',#10813,.F.);
#10816=ORIENTED_EDGE('',*,*,#10815,.T.);
#10818=ORIENTED_EDGE('',*,*,#10817,.F.);
#10820=ORIENTED_EDGE('',*,*,#10819,.F.);
#10822=ORIENTED_EDGE('',*,*,#10821,.T.);
#10823=EDGE_LOOP('',(#10816,#10818,#10820,#10822));
#10824=FACE_BOUND('',#10823,.F.);
#10825=ADVANCED_FACE('',(#10814,#10824),#10802,.F.);
#10826=CARTESIAN_POINT('',(1.8325E1,1.93E0,-1.65E0));
#10827=DIRECTION('',(0.E0,0.E0,-1.E0));
#10828=DIRECTION('',(-1.E0,0.E0,0.E0));
#10829=AXIS2_PLACEMENT_3D('',#10826,#10827,#10828);
#10830=PLANE('',#10829);
#10832=ORIENTED_EDGE('',*,*,#10831,.T.);
#10834=ORIENTED_EDGE('',*,*,#10833,.T.);
#10836=ORIENTED_EDGE('',*,*,#10835,.T.);
#10838=ORIENTED_EDGE('',*,*,#10837,.T.);
#10840=ORIENTED_EDGE('',*,*,#10839,.T.);
#10841=EDGE_LOOP('',(#10832,#10834,#10836,#10838,#10840));
#10842=FACE_OUTER_BOUND('',#10841,.F.);
#10844=ORIENTED_EDGE('',*,*,#10843,.T.);
#10846=ORIENTED_EDGE('',*,*,#10845,.F.);
#10848=ORIENTED_EDGE('',*,*,#10847,.F.);
#10850=ORIENTED_EDGE('',*,*,#10849,.T.);
#10851=EDGE_LOOP('',(#10844,#10846,#10848,#10850));
#10852=FACE_BOUND('',#10851,.F.);
#10853=ADVANCED_FACE('',(#10842,#10852),#10830,.F.);
#10854=CARTESIAN_POINT('',(1.8325E1,1.93E0,-1.65E0));
#10855=DIRECTION('',(0.E0,0.E0,-1.E0));
#10856=DIRECTION('',(-1.E0,0.E0,0.E0));
#10857=AXIS2_PLACEMENT_3D('',#10854,#10855,#10856);
#10858=PLANE('',#10857);
#10860=ORIENTED_EDGE('',*,*,#10859,.T.);
#10862=ORIENTED_EDGE('',*,*,#10861,.T.);
#10864=ORIENTED_EDGE('',*,*,#10863,.T.);
#10866=ORIENTED_EDGE('',*,*,#10865,.T.);
#10868=ORIENTED_EDGE('',*,*,#10867,.T.);
#10869=EDGE_LOOP('',(#10860,#10862,#10864,#10866,#10868));
#10870=FACE_OUTER_BOUND('',#10869,.F.);
#10872=ORIENTED_EDGE('',*,*,#10871,.T.);
#10874=ORIENTED_EDGE('',*,*,#10873,.F.);
#10876=ORIENTED_EDGE('',*,*,#10875,.F.);
#10878=ORIENTED_EDGE('',*,*,#10877,.T.);
#10879=EDGE_LOOP('',(#10872,#10874,#10876,#10878));
#10880=FACE_BOUND('',#10879,.F.);
#10881=ADVANCED_FACE('',(#10870,#10880),#10858,.F.);
#10882=CARTESIAN_POINT('',(1.8325E1,1.93E0,-1.65E0));
#10883=DIRECTION('',(0.E0,0.E0,-1.E0));
#10884=DIRECTION('',(-1.E0,0.E0,0.E0));
#10885=AXIS2_PLACEMENT_3D('',#10882,#10883,#10884);
#10886=PLANE('',#10885);
#10888=ORIENTED_EDGE('',*,*,#10887,.T.);
#10890=ORIENTED_EDGE('',*,*,#10889,.T.);
#10892=ORIENTED_EDGE('',*,*,#10891,.T.);
#10894=ORIENTED_EDGE('',*,*,#10893,.T.);
#10896=ORIENTED_EDGE('',*,*,#10895,.T.);
#10897=EDGE_LOOP('',(#10888,#10890,#10892,#10894,#10896));
#10898=FACE_OUTER_BOUND('',#10897,.F.);
#10900=ORIENTED_EDGE('',*,*,#10899,.T.);
#10902=ORIENTED_EDGE('',*,*,#10901,.F.);
#10904=ORIENTED_EDGE('',*,*,#10903,.F.);
#10906=ORIENTED_EDGE('',*,*,#10905,.T.);
#10907=EDGE_LOOP('',(#10900,#10902,#10904,#10906));
#10908=FACE_BOUND('',#10907,.F.);
#10909=ADVANCED_FACE('',(#10898,#10908),#10886,.F.);
#10910=CARTESIAN_POINT('',(-1.075E1,-1.25E0,4.95E0));
#10911=DIRECTION('',(0.E0,1.E0,0.E0));
#10912=DIRECTION('',(-1.E0,0.E0,0.E0));
#10913=AXIS2_PLACEMENT_3D('',#10910,#10911,#10912);
#10914=PLANE('',#10913);
#10915=ORIENTED_EDGE('',*,*,#10404,.T.);
#10917=ORIENTED_EDGE('',*,*,#10916,.T.);
#10918=ORIENTED_EDGE('',*,*,#10635,.F.);
#10920=ORIENTED_EDGE('',*,*,#10919,.F.);
#10921=EDGE_LOOP('',(#10915,#10917,#10918,#10920));
#10922=FACE_OUTER_BOUND('',#10921,.F.);
#10923=ADVANCED_FACE('',(#10922),#10914,.T.);
#10924=CARTESIAN_POINT('',(-1.255E1,-1.25E0,4.95E0));
#10925=DIRECTION('',(7.071067811865E-1,7.071067811865E-1,0.E0));
#10926=DIRECTION('',(-7.071067811865E-1,7.071067811865E-1,0.E0));
#10927=AXIS2_PLACEMENT_3D('',#10924,#10925,#10926);
#10928=PLANE('',#10927);
#10929=ORIENTED_EDGE('',*,*,#10412,.T.);
#10931=ORIENTED_EDGE('',*,*,#10930,.T.);
#10932=ORIENTED_EDGE('',*,*,#10637,.F.);
#10933=ORIENTED_EDGE('',*,*,#10916,.F.);
#10934=EDGE_LOOP('',(#10929,#10931,#10932,#10933));
#10935=FACE_OUTER_BOUND('',#10934,.F.);
#10936=ADVANCED_FACE('',(#10935),#10928,.T.);
#10937=CARTESIAN_POINT('',(-1.325E1,-5.5E-1,4.95E0));
#10938=DIRECTION('',(1.E0,0.E0,0.E0));
#10939=DIRECTION('',(0.E0,1.E0,0.E0));
#10940=AXIS2_PLACEMENT_3D('',#10937,#10938,#10939);
#10941=PLANE('',#10940);
#10942=ORIENTED_EDGE('',*,*,#10410,.T.);
#10944=ORIENTED_EDGE('',*,*,#10943,.T.);
#10945=ORIENTED_EDGE('',*,*,#10639,.F.);
#10946=ORIENTED_EDGE('',*,*,#10930,.F.);
#10947=EDGE_LOOP('',(#10942,#10944,#10945,#10946));
#10948=FACE_OUTER_BOUND('',#10947,.F.);
#10949=ADVANCED_FACE('',(#10948),#10941,.T.);
#10950=CARTESIAN_POINT('',(-1.325E1,1.25E0,4.95E0));
#10951=DIRECTION('',(0.E0,-1.E0,0.E0));
#10952=DIRECTION('',(1.E0,0.E0,0.E0));
#10953=AXIS2_PLACEMENT_3D('',#10950,#10951,#10952);
#10954=PLANE('',#10953);
#10955=ORIENTED_EDGE('',*,*,#10408,.T.);
#10957=ORIENTED_EDGE('',*,*,#10956,.T.);
#10958=ORIENTED_EDGE('',*,*,#10641,.F.);
#10959=ORIENTED_EDGE('',*,*,#10943,.F.);
#10960=EDGE_LOOP('',(#10955,#10957,#10958,#10959));
#10961=FACE_OUTER_BOUND('',#10960,.F.);
#10962=ADVANCED_FACE('',(#10961),#10954,.T.);
#10963=CARTESIAN_POINT('',(-1.075E1,1.25E0,4.95E0));
#10964=DIRECTION('',(-1.E0,0.E0,0.E0));
#10965=DIRECTION('',(0.E0,-1.E0,0.E0));
#10966=AXIS2_PLACEMENT_3D('',#10963,#10964,#10965);
#10967=PLANE('',#10966);
#10968=ORIENTED_EDGE('',*,*,#10406,.T.);
#10969=ORIENTED_EDGE('',*,*,#10919,.T.);
#10970=ORIENTED_EDGE('',*,*,#10643,.F.);
#10971=ORIENTED_EDGE('',*,*,#10956,.F.);
#10972=EDGE_LOOP('',(#10968,#10969,#10970,#10971));
#10973=FACE_OUTER_BOUND('',#10972,.F.);
#10974=ADVANCED_FACE('',(#10973),#10967,.T.);
#10975=CARTESIAN_POINT('',(-5.45E0,-1.25E0,4.95E0));
#10976=DIRECTION('',(0.E0,1.E0,0.E0));
#10977=DIRECTION('',(-1.E0,0.E0,0.E0));
#10978=AXIS2_PLACEMENT_3D('',#10975,#10976,#10977);
#10979=PLANE('',#10978);
#10980=ORIENTED_EDGE('',*,*,#10416,.T.);
#10982=ORIENTED_EDGE('',*,*,#10981,.T.);
#10983=ORIENTED_EDGE('',*,*,#10663,.F.);
#10985=ORIENTED_EDGE('',*,*,#10984,.F.);
#10986=EDGE_LOOP('',(#10980,#10982,#10983,#10985));
#10987=FACE_OUTER_BOUND('',#10986,.F.);
#10988=ADVANCED_FACE('',(#10987),#10979,.T.);
#10989=CARTESIAN_POINT('',(-7.25E0,-1.25E0,4.95E0));
#10990=DIRECTION('',(1.E0,0.E0,0.E0));
#10991=DIRECTION('',(0.E0,1.E0,0.E0));
#10992=AXIS2_PLACEMENT_3D('',#10989,#10990,#10991);
#10993=PLANE('',#10992);
#10994=ORIENTED_EDGE('',*,*,#10424,.T.);
#10996=ORIENTED_EDGE('',*,*,#10995,.T.);
#10997=ORIENTED_EDGE('',*,*,#10665,.F.);
#10998=ORIENTED_EDGE('',*,*,#10981,.F.);
#10999=EDGE_LOOP('',(#10994,#10996,#10997,#10998));
#11000=FACE_OUTER_BOUND('',#10999,.F.);
#11001=ADVANCED_FACE('',(#11000),#10993,.T.);
#11002=CARTESIAN_POINT('',(-7.25E0,1.25E0,4.95E0));
#11003=DIRECTION('',(0.E0,-1.E0,0.E0));
#11004=DIRECTION('',(1.E0,0.E0,0.E0));
#11005=AXIS2_PLACEMENT_3D('',#11002,#11003,#11004);
#11006=PLANE('',#11005);
#11007=ORIENTED_EDGE('',*,*,#10422,.T.);
#11009=ORIENTED_EDGE('',*,*,#11008,.T.);
#11010=ORIENTED_EDGE('',*,*,#10667,.F.);
#11011=ORIENTED_EDGE('',*,*,#10995,.F.);
#11012=EDGE_LOOP('',(#11007,#11009,#11010,#11011));
#11013=FACE_OUTER_BOUND('',#11012,.F.);
#11014=ADVANCED_FACE('',(#11013),#11006,.T.);
#11015=CARTESIAN_POINT('',(-4.75E0,1.25E0,4.95E0));
#11016=DIRECTION('',(-1.E0,0.E0,0.E0));
#11017=DIRECTION('',(0.E0,-1.E0,0.E0));
#11018=AXIS2_PLACEMENT_3D('',#11015,#11016,#11017);
#11019=PLANE('',#11018);
#11020=ORIENTED_EDGE('',*,*,#10420,.T.);
#11022=ORIENTED_EDGE('',*,*,#11021,.T.);
#11023=ORIENTED_EDGE('',*,*,#10669,.F.);
#11024=ORIENTED_EDGE('',*,*,#11008,.F.);
#11025=EDGE_LOOP('',(#11020,#11022,#11023,#11024));
#11026=FACE_OUTER_BOUND('',#11025,.F.);
#11027=ADVANCED_FACE('',(#11026),#11019,.T.);
#11028=CARTESIAN_POINT('',(-4.75E0,-5.5E-1,4.95E0));
#11029=DIRECTION('',(-7.071067811865E-1,7.071067811865E-1,0.E0));
#11030=DIRECTION('',(-7.071067811865E-1,-7.071067811865E-1,0.E0));
#11031=AXIS2_PLACEMENT_3D('',#11028,#11029,#11030);
#11032=PLANE('',#11031);
#11033=ORIENTED_EDGE('',*,*,#10418,.T.);
#11034=ORIENTED_EDGE('',*,*,#10984,.T.);
#11035=ORIENTED_EDGE('',*,*,#10671,.F.);
#11036=ORIENTED_EDGE('',*,*,#11021,.F.);
#11037=EDGE_LOOP('',(#11033,#11034,#11035,#11036));
#11038=FACE_OUTER_BOUND('',#11037,.F.);
#11039=ADVANCED_FACE('',(#11038),#11032,.T.);
#11040=CARTESIAN_POINT('',(-2.45E0,-1.25E0,4.95E0));
#11041=DIRECTION('',(0.E0,1.E0,0.E0));
#11042=DIRECTION('',(-1.E0,0.E0,0.E0));
#11043=AXIS2_PLACEMENT_3D('',#11040,#11041,#11042);
#11044=PLANE('',#11043);
#11045=ORIENTED_EDGE('',*,*,#10428,.T.);
#11047=ORIENTED_EDGE('',*,*,#11046,.T.);
#11048=ORIENTED_EDGE('',*,*,#10691,.F.);
#11050=ORIENTED_EDGE('',*,*,#11049,.F.);
#11051=EDGE_LOOP('',(#11045,#11047,#11048,#11050));
#11052=FACE_OUTER_BOUND('',#11051,.F.);
#11053=ADVANCED_FACE('',(#11052),#11044,.T.);
#11054=CARTESIAN_POINT('',(-4.25E0,-1.25E0,4.95E0));
#11055=DIRECTION('',(1.E0,0.E0,0.E0));
#11056=DIRECTION('',(0.E0,1.E0,0.E0));
#11057=AXIS2_PLACEMENT_3D('',#11054,#11055,#11056);
#11058=PLANE('',#11057);
#11059=ORIENTED_EDGE('',*,*,#10436,.T.);
#11061=ORIENTED_EDGE('',*,*,#11060,.T.);
#11062=ORIENTED_EDGE('',*,*,#10693,.F.);
#11063=ORIENTED_EDGE('',*,*,#11046,.F.);
#11064=EDGE_LOOP('',(#11059,#11061,#11062,#11063));
#11065=FACE_OUTER_BOUND('',#11064,.F.);
#11066=ADVANCED_FACE('',(#11065),#11058,.T.);
#11067=CARTESIAN_POINT('',(-4.25E0,1.25E0,4.95E0));
#11068=DIRECTION('',(0.E0,-1.E0,0.E0));
#11069=DIRECTION('',(1.E0,0.E0,0.E0));
#11070=AXIS2_PLACEMENT_3D('',#11067,#11068,#11069);
#11071=PLANE('',#11070);
#11072=ORIENTED_EDGE('',*,*,#10434,.T.);
#11074=ORIENTED_EDGE('',*,*,#11073,.T.);
#11075=ORIENTED_EDGE('',*,*,#10695,.F.);
#11076=ORIENTED_EDGE('',*,*,#11060,.F.);
#11077=EDGE_LOOP('',(#11072,#11074,#11075,#11076));
#11078=FACE_OUTER_BOUND('',#11077,.F.);
#11079=ADVANCED_FACE('',(#11078),#11071,.T.);
#11080=CARTESIAN_POINT('',(-1.75E0,1.25E0,4.95E0));
#11081=DIRECTION('',(-1.E0,0.E0,0.E0));
#11082=DIRECTION('',(0.E0,-1.E0,0.E0));
#11083=AXIS2_PLACEMENT_3D('',#11080,#11081,#11082);
#11084=PLANE('',#11083);
#11085=ORIENTED_EDGE('',*,*,#10432,.T.);
#11087=ORIENTED_EDGE('',*,*,#11086,.T.);
#11088=ORIENTED_EDGE('',*,*,#10697,.F.);
#11089=ORIENTED_EDGE('',*,*,#11073,.F.);
#11090=EDGE_LOOP('',(#11085,#11087,#11088,#11089));
#11091=FACE_OUTER_BOUND('',#11090,.F.);
#11092=ADVANCED_FACE('',(#11091),#11084,.T.);
#11093=CARTESIAN_POINT('',(-1.75E0,-5.5E-1,4.95E0));
#11094=DIRECTION('',(-7.071067811865E-1,7.071067811865E-1,0.E0));
#11095=DIRECTION('',(-7.071067811865E-1,-7.071067811865E-1,0.E0));
#11096=AXIS2_PLACEMENT_3D('',#11093,#11094,#11095);
#11097=PLANE('',#11096);
#11098=ORIENTED_EDGE('',*,*,#10430,.T.);
#11099=ORIENTED_EDGE('',*,*,#11049,.T.);
#11100=ORIENTED_EDGE('',*,*,#10699,.F.);
#11101=ORIENTED_EDGE('',*,*,#11086,.F.);
#11102=EDGE_LOOP('',(#11098,#11099,#11100,#11101));
#11103=FACE_OUTER_BOUND('',#11102,.F.);
#11104=ADVANCED_FACE('',(#11103),#11097,.T.);
#11105=CARTESIAN_POINT('',(1.25E0,1.25E0,4.95E0));
#11106=DIRECTION('',(-1.E0,0.E0,0.E0));
#11107=DIRECTION('',(0.E0,-1.E0,0.E0));
#11108=AXIS2_PLACEMENT_3D('',#11105,#11106,#11107);
#11109=PLANE('',#11108);
#11110=ORIENTED_EDGE('',*,*,#10440,.T.);
#11112=ORIENTED_EDGE('',*,*,#11111,.T.);
#11113=ORIENTED_EDGE('',*,*,#10719,.F.);
#11115=ORIENTED_EDGE('',*,*,#11114,.F.);
#11116=EDGE_LOOP('',(#11110,#11112,#11113,#11115));
#11117=FACE_OUTER_BOUND('',#11116,.F.);
#11118=ADVANCED_FACE('',(#11117),#11109,.T.);
#11119=CARTESIAN_POINT('',(1.25E0,-5.5E-1,4.95E0));
#11120=DIRECTION('',(-7.071067811865E-1,7.071067811865E-1,0.E0));
#11121=DIRECTION('',(-7.071067811865E-1,-7.071067811865E-1,0.E0));
#11122=AXIS2_PLACEMENT_3D('',#11119,#11120,#11121);
#11123=PLANE('',#11122);
#11124=ORIENTED_EDGE('',*,*,#10448,.T.);
#11126=ORIENTED_EDGE('',*,*,#11125,.T.);
#11127=ORIENTED_EDGE('',*,*,#10721,.F.);
#11128=ORIENTED_EDGE('',*,*,#11111,.F.);
#11129=EDGE_LOOP('',(#11124,#11126,#11127,#11128));
#11130=FACE_OUTER_BOUND('',#11129,.F.);
#11131=ADVANCED_FACE('',(#11130),#11123,.T.);
#11132=CARTESIAN_POINT('',(5.5E-1,-1.25E0,4.95E0));
#11133=DIRECTION('',(0.E0,1.E0,0.E0));
#11134=DIRECTION('',(-1.E0,0.E0,0.E0));
#11135=AXIS2_PLACEMENT_3D('',#11132,#11133,#11134);
#11136=PLANE('',#11135);
#11137=ORIENTED_EDGE('',*,*,#10446,.T.);
#11139=ORIENTED_EDGE('',*,*,#11138,.T.);
#11140=ORIENTED_EDGE('',*,*,#10723,.F.);
#11141=ORIENTED_EDGE('',*,*,#11125,.F.);
#11142=EDGE_LOOP('',(#11137,#11139,#11140,#11141));
#11143=FACE_OUTER_BOUND('',#11142,.F.);
#11144=ADVANCED_FACE('',(#11143),#11136,.T.);
#11145=CARTESIAN_POINT('',(-1.25E0,-1.25E0,4.95E0));
#11146=DIRECTION('',(1.E0,0.E0,0.E0));
#11147=DIRECTION('',(0.E0,1.E0,0.E0));
#11148=AXIS2_PLACEMENT_3D('',#11145,#11146,#11147);
#11149=PLANE('',#11148);
#11150=ORIENTED_EDGE('',*,*,#10444,.T.);
#11152=ORIENTED_EDGE('',*,*,#11151,.T.);
#11153=ORIENTED_EDGE('',*,*,#10725,.F.);
#11154=ORIENTED_EDGE('',*,*,#11138,.F.);
#11155=EDGE_LOOP('',(#11150,#11152,#11153,#11154));
#11156=FACE_OUTER_BOUND('',#11155,.F.);
#11157=ADVANCED_FACE('',(#11156),#11149,.T.);
#11158=CARTESIAN_POINT('',(-1.25E0,1.25E0,4.95E0));
#11159=DIRECTION('',(0.E0,-1.E0,0.E0));
#11160=DIRECTION('',(1.E0,0.E0,0.E0));
#11161=AXIS2_PLACEMENT_3D('',#11158,#11159,#11160);
#11162=PLANE('',#11161);
#11163=ORIENTED_EDGE('',*,*,#10442,.T.);
#11164=ORIENTED_EDGE('',*,*,#11114,.T.);
#11165=ORIENTED_EDGE('',*,*,#10727,.F.);
#11166=ORIENTED_EDGE('',*,*,#11151,.F.);
#11167=EDGE_LOOP('',(#11163,#11164,#11165,#11166));
#11168=FACE_OUTER_BOUND('',#11167,.F.);
#11169=ADVANCED_FACE('',(#11168),#11162,.T.);
#11170=CARTESIAN_POINT('',(4.75E0,-1.25E0,4.95E0));
#11171=DIRECTION('',(1.E0,0.E0,0.E0));
#11172=DIRECTION('',(0.E0,1.E0,0.E0));
#11173=AXIS2_PLACEMENT_3D('',#11170,#11171,#11172);
#11174=PLANE('',#11173);
#11175=ORIENTED_EDGE('',*,*,#10452,.T.);
#11177=ORIENTED_EDGE('',*,*,#11176,.T.);
#11178=ORIENTED_EDGE('',*,*,#10747,.F.);
#11180=ORIENTED_EDGE('',*,*,#11179,.F.);
#11181=EDGE_LOOP('',(#11175,#11177,#11178,#11180));
#11182=FACE_OUTER_BOUND('',#11181,.F.);
#11183=ADVANCED_FACE('',(#11182),#11174,.T.);
#11184=CARTESIAN_POINT('',(4.75E0,1.25E0,4.95E0));
#11185=DIRECTION('',(0.E0,-1.E0,0.E0));
#11186=DIRECTION('',(1.E0,0.E0,0.E0));
#11187=AXIS2_PLACEMENT_3D('',#11184,#11185,#11186);
#11188=PLANE('',#11187);
#11189=ORIENTED_EDGE('',*,*,#10460,.T.);
#11191=ORIENTED_EDGE('',*,*,#11190,.T.);
#11192=ORIENTED_EDGE('',*,*,#10749,.F.);
#11193=ORIENTED_EDGE('',*,*,#11176,.F.);
#11194=EDGE_LOOP('',(#11189,#11191,#11192,#11193));
#11195=FACE_OUTER_BOUND('',#11194,.F.);
#11196=ADVANCED_FACE('',(#11195),#11188,.T.);
#11197=CARTESIAN_POINT('',(7.25E0,1.25E0,4.95E0));
#11198=DIRECTION('',(-1.E0,0.E0,0.E0));
#11199=DIRECTION('',(0.E0,-1.E0,0.E0));
#11200=AXIS2_PLACEMENT_3D('',#11197,#11198,#11199);
#11201=PLANE('',#11200);
#11202=ORIENTED_EDGE('',*,*,#10458,.T.);
#11204=ORIENTED_EDGE('',*,*,#11203,.T.);
#11205=ORIENTED_EDGE('',*,*,#10751,.F.);
#11206=ORIENTED_EDGE('',*,*,#11190,.F.);
#11207=EDGE_LOOP('',(#11202,#11204,#11205,#11206));
#11208=FACE_OUTER_BOUND('',#11207,.F.);
#11209=ADVANCED_FACE('',(#11208),#11201,.T.);
#11210=CARTESIAN_POINT('',(7.25E0,-5.5E-1,4.95E0));
#11211=DIRECTION('',(-7.071067811865E-1,7.071067811865E-1,0.E0));
#11212=DIRECTION('',(-7.071067811865E-1,-7.071067811865E-1,0.E0));
#11213=AXIS2_PLACEMENT_3D('',#11210,#11211,#11212);
#11214=PLANE('',#11213);
#11215=ORIENTED_EDGE('',*,*,#10456,.T.);
#11217=ORIENTED_EDGE('',*,*,#11216,.T.);
#11218=ORIENTED_EDGE('',*,*,#10753,.F.);
#11219=ORIENTED_EDGE('',*,*,#11203,.F.);
#11220=EDGE_LOOP('',(#11215,#11217,#11218,#11219));
#11221=FACE_OUTER_BOUND('',#11220,.F.);
#11222=ADVANCED_FACE('',(#11221),#11214,.T.);
#11223=CARTESIAN_POINT('',(6.55E0,-1.25E0,4.95E0));
#11224=DIRECTION('',(0.E0,1.E0,0.E0));
#11225=DIRECTION('',(-1.E0,0.E0,0.E0));
#11226=AXIS2_PLACEMENT_3D('',#11223,#11224,#11225);
#11227=PLANE('',#11226);
#11228=ORIENTED_EDGE('',*,*,#10454,.T.);
#11229=ORIENTED_EDGE('',*,*,#11179,.T.);
#11230=ORIENTED_EDGE('',*,*,#10755,.F.);
#11231=ORIENTED_EDGE('',*,*,#11216,.F.);
#11232=EDGE_LOOP('',(#11228,#11229,#11230,#11231));
#11233=FACE_OUTER_BOUND('',#11232,.F.);
#11234=ADVANCED_FACE('',(#11233),#11227,.T.);
#11235=CARTESIAN_POINT('',(1.75E0,-1.25E0,4.95E0));
#11236=DIRECTION('',(1.E0,0.E0,0.E0));
#11237=DIRECTION('',(0.E0,1.E0,0.E0));
#11238=AXIS2_PLACEMENT_3D('',#11235,#11236,#11237);
#11239=PLANE('',#11238);
#11240=ORIENTED_EDGE('',*,*,#10464,.T.);
#11242=ORIENTED_EDGE('',*,*,#11241,.T.);
#11243=ORIENTED_EDGE('',*,*,#10775,.F.);
#11245=ORIENTED_EDGE('',*,*,#11244,.F.);
#11246=EDGE_LOOP('',(#11240,#11242,#11243,#11245));
#11247=FACE_OUTER_BOUND('',#11246,.F.);
#11248=ADVANCED_FACE('',(#11247),#11239,.T.);
#11249=CARTESIAN_POINT('',(1.75E0,1.25E0,4.95E0));
#11250=DIRECTION('',(0.E0,-1.E0,0.E0));
#11251=DIRECTION('',(1.E0,0.E0,0.E0));
#11252=AXIS2_PLACEMENT_3D('',#11249,#11250,#11251);
#11253=PLANE('',#11252);
#11254=ORIENTED_EDGE('',*,*,#10472,.T.);
#11256=ORIENTED_EDGE('',*,*,#11255,.T.);
#11257=ORIENTED_EDGE('',*,*,#10777,.F.);
#11258=ORIENTED_EDGE('',*,*,#11241,.F.);
#11259=EDGE_LOOP('',(#11254,#11256,#11257,#11258));
#11260=FACE_OUTER_BOUND('',#11259,.F.);
#11261=ADVANCED_FACE('',(#11260),#11253,.T.);
#11262=CARTESIAN_POINT('',(4.25E0,1.25E0,4.95E0));
#11263=DIRECTION('',(-1.E0,0.E0,0.E0));
#11264=DIRECTION('',(0.E0,-1.E0,0.E0));
#11265=AXIS2_PLACEMENT_3D('',#11262,#11263,#11264);
#11266=PLANE('',#11265);
#11267=ORIENTED_EDGE('',*,*,#10470,.T.);
#11269=ORIENTED_EDGE('',*,*,#11268,.T.);
#11270=ORIENTED_EDGE('',*,*,#10779,.F.);
#11271=ORIENTED_EDGE('',*,*,#11255,.F.);
#11272=EDGE_LOOP('',(#11267,#11269,#11270,#11271));
#11273=FACE_OUTER_BOUND('',#11272,.F.);
#11274=ADVANCED_FACE('',(#11273),#11266,.T.);
#11275=CARTESIAN_POINT('',(4.25E0,-5.5E-1,4.95E0));
#11276=DIRECTION('',(-7.071067811865E-1,7.071067811865E-1,0.E0));
#11277=DIRECTION('',(-7.071067811865E-1,-7.071067811865E-1,0.E0));
#11278=AXIS2_PLACEMENT_3D('',#11275,#11276,#11277);
#11279=PLANE('',#11278);
#11280=ORIENTED_EDGE('',*,*,#10468,.T.);
#11282=ORIENTED_EDGE('',*,*,#11281,.T.);
#11283=ORIENTED_EDGE('',*,*,#10781,.F.);
#11284=ORIENTED_EDGE('',*,*,#11268,.F.);
#11285=EDGE_LOOP('',(#11280,#11282,#11283,#11284));
#11286=FACE_OUTER_BOUND('',#11285,.F.);
#11287=ADVANCED_FACE('',(#11286),#11279,.T.);
#11288=CARTESIAN_POINT('',(3.55E0,-1.25E0,4.95E0));
#11289=DIRECTION('',(0.E0,1.E0,0.E0));
#11290=DIRECTION('',(-1.E0,0.E0,0.E0));
#11291=AXIS2_PLACEMENT_3D('',#11288,#11289,#11290);
#11292=PLANE('',#11291);
#11293=ORIENTED_EDGE('',*,*,#10466,.T.);
#11294=ORIENTED_EDGE('',*,*,#11244,.T.);
#11295=ORIENTED_EDGE('',*,*,#10783,.F.);
#11296=ORIENTED_EDGE('',*,*,#11281,.F.);
#11297=EDGE_LOOP('',(#11293,#11294,#11295,#11296));
#11298=FACE_OUTER_BOUND('',#11297,.F.);
#11299=ADVANCED_FACE('',(#11298),#11292,.T.);
#11300=CARTESIAN_POINT('',(1.375E1,1.25E0,4.95E0));
#11301=DIRECTION('',(0.E0,-1.E0,0.E0));
#11302=DIRECTION('',(1.E0,0.E0,0.E0));
#11303=AXIS2_PLACEMENT_3D('',#11300,#11301,#11302);
#11304=PLANE('',#11303);
#11305=ORIENTED_EDGE('',*,*,#10500,.T.);
#11307=ORIENTED_EDGE('',*,*,#11306,.T.);
#11308=ORIENTED_EDGE('',*,*,#10803,.F.);
#11310=ORIENTED_EDGE('',*,*,#11309,.F.);
#11311=EDGE_LOOP('',(#11305,#11307,#11308,#11310));
#11312=FACE_OUTER_BOUND('',#11311,.F.);
#11313=ADVANCED_FACE('',(#11312),#11304,.T.);
#11314=CARTESIAN_POINT('',(1.625E1,1.25E0,4.95E0));
#11315=DIRECTION('',(-1.E0,0.E0,0.E0));
#11316=DIRECTION('',(0.E0,-1.E0,0.E0));
#11317=AXIS2_PLACEMENT_3D('',#11314,#11315,#11316);
#11318=PLANE('',#11317);
#11319=ORIENTED_EDGE('',*,*,#10508,.T.);
#11321=ORIENTED_EDGE('',*,*,#11320,.T.);
#11322=ORIENTED_EDGE('',*,*,#10805,.F.);
#11323=ORIENTED_EDGE('',*,*,#11306,.F.);
#11324=EDGE_LOOP('',(#11319,#11321,#11322,#11323));
#11325=FACE_OUTER_BOUND('',#11324,.F.);
#11326=ADVANCED_FACE('',(#11325),#11318,.T.);
#11327=CARTESIAN_POINT('',(1.625E1,-1.25E0,4.95E0));
#11328=DIRECTION('',(0.E0,1.E0,0.E0));
#11329=DIRECTION('',(-1.E0,0.E0,0.E0));
#11330=AXIS2_PLACEMENT_3D('',#11327,#11328,#11329);
#11331=PLANE('',#11330);
#11332=ORIENTED_EDGE('',*,*,#10506,.T.);
#11334=ORIENTED_EDGE('',*,*,#11333,.T.);
#11335=ORIENTED_EDGE('',*,*,#10807,.F.);
#11336=ORIENTED_EDGE('',*,*,#11320,.F.);
#11337=EDGE_LOOP('',(#11332,#11334,#11335,#11336));
#11338=FACE_OUTER_BOUND('',#11337,.F.);
#11339=ADVANCED_FACE('',(#11338),#11331,.T.);
#11340=CARTESIAN_POINT('',(1.445E1,-1.25E0,4.95E0));
#11341=DIRECTION('',(7.071067811865E-1,7.071067811865E-1,0.E0));
#11342=DIRECTION('',(-7.071067811865E-1,7.071067811865E-1,0.E0));
#11343=AXIS2_PLACEMENT_3D('',#11340,#11341,#11342);
#11344=PLANE('',#11343);
#11345=ORIENTED_EDGE('',*,*,#10504,.T.);
#11347=ORIENTED_EDGE('',*,*,#11346,.T.);
#11348=ORIENTED_EDGE('',*,*,#10809,.F.);
#11349=ORIENTED_EDGE('',*,*,#11333,.F.);
#11350=EDGE_LOOP('',(#11345,#11347,#11348,#11349));
#11351=FACE_OUTER_BOUND('',#11350,.F.);
#11352=ADVANCED_FACE('',(#11351),#11344,.T.);
#11353=CARTESIAN_POINT('',(1.375E1,-5.5E-1,4.95E0));
#11354=DIRECTION('',(1.E0,0.E0,0.E0));
#11355=DIRECTION('',(0.E0,1.E0,0.E0));
#11356=AXIS2_PLACEMENT_3D('',#11353,#11354,#11355);
#11357=PLANE('',#11356);
#11358=ORIENTED_EDGE('',*,*,#10502,.T.);
#11359=ORIENTED_EDGE('',*,*,#11309,.T.);
#11360=ORIENTED_EDGE('',*,*,#10811,.F.);
#11361=ORIENTED_EDGE('',*,*,#11346,.F.);
#11362=EDGE_LOOP('',(#11358,#11359,#11360,#11361));
#11363=FACE_OUTER_BOUND('',#11362,.F.);
#11364=ADVANCED_FACE('',(#11363),#11357,.T.);
#11365=CARTESIAN_POINT('',(1.075E1,-1.25E0,4.95E0));
#11366=DIRECTION('',(1.E0,0.E0,0.E0));
#11367=DIRECTION('',(0.E0,1.E0,0.E0));
#11368=AXIS2_PLACEMENT_3D('',#11365,#11366,#11367);
#11369=PLANE('',#11368);
#11370=ORIENTED_EDGE('',*,*,#10512,.T.);
#11372=ORIENTED_EDGE('',*,*,#11371,.T.);
#11373=ORIENTED_EDGE('',*,*,#10831,.F.);
#11375=ORIENTED_EDGE('',*,*,#11374,.F.);
#11376=EDGE_LOOP('',(#11370,#11372,#11373,#11375));
#11377=FACE_OUTER_BOUND('',#11376,.F.);
#11378=ADVANCED_FACE('',(#11377),#11369,.T.);
#11379=CARTESIAN_POINT('',(1.075E1,1.25E0,4.95E0));
#11380=DIRECTION('',(0.E0,-1.E0,0.E0));
#11381=DIRECTION('',(1.E0,0.E0,0.E0));
#11382=AXIS2_PLACEMENT_3D('',#11379,#11380,#11381);
#11383=PLANE('',#11382);
#11384=ORIENTED_EDGE('',*,*,#10520,.T.);
#11386=ORIENTED_EDGE('',*,*,#11385,.T.);
#11387=ORIENTED_EDGE('',*,*,#10833,.F.);
#11388=ORIENTED_EDGE('',*,*,#11371,.F.);
#11389=EDGE_LOOP('',(#11384,#11386,#11387,#11388));
#11390=FACE_OUTER_BOUND('',#11389,.F.);
#11391=ADVANCED_FACE('',(#11390),#11383,.T.);
#11392=CARTESIAN_POINT('',(1.325E1,1.25E0,4.95E0));
#11393=DIRECTION('',(-1.E0,0.E0,0.E0));
#11394=DIRECTION('',(0.E0,-1.E0,0.E0));
#11395=AXIS2_PLACEMENT_3D('',#11392,#11393,#11394);
#11396=PLANE('',#11395);
#11397=ORIENTED_EDGE('',*,*,#10518,.T.);
#11399=ORIENTED_EDGE('',*,*,#11398,.T.);
#11400=ORIENTED_EDGE('',*,*,#10835,.F.);
#11401=ORIENTED_EDGE('',*,*,#11385,.F.);
#11402=EDGE_LOOP('',(#11397,#11399,#11400,#11401));
#11403=FACE_OUTER_BOUND('',#11402,.F.);
#11404=ADVANCED_FACE('',(#11403),#11396,.T.);
#11405=CARTESIAN_POINT('',(1.325E1,-5.5E-1,4.95E0));
#11406=DIRECTION('',(-7.071067811865E-1,7.071067811865E-1,0.E0));
#11407=DIRECTION('',(-7.071067811865E-1,-7.071067811865E-1,0.E0));
#11408=AXIS2_PLACEMENT_3D('',#11405,#11406,#11407);
#11409=PLANE('',#11408);
#11410=ORIENTED_EDGE('',*,*,#10516,.T.);
#11412=ORIENTED_EDGE('',*,*,#11411,.T.);
#11413=ORIENTED_EDGE('',*,*,#10837,.F.);
#11414=ORIENTED_EDGE('',*,*,#11398,.F.);
#11415=EDGE_LOOP('',(#11410,#11412,#11413,#11414));
#11416=FACE_OUTER_BOUND('',#11415,.F.);
#11417=ADVANCED_FACE('',(#11416),#11409,.T.);
#11418=CARTESIAN_POINT('',(1.255E1,-1.25E0,4.95E0));
#11419=DIRECTION('',(0.E0,1.E0,0.E0));
#11420=DIRECTION('',(-1.E0,0.E0,0.E0));
#11421=AXIS2_PLACEMENT_3D('',#11418,#11419,#11420);
#11422=PLANE('',#11421);
#11423=ORIENTED_EDGE('',*,*,#10514,.T.);
#11424=ORIENTED_EDGE('',*,*,#11374,.T.);
#11425=ORIENTED_EDGE('',*,*,#10839,.F.);
#11426=ORIENTED_EDGE('',*,*,#11411,.F.);
#11427=EDGE_LOOP('',(#11423,#11424,#11425,#11426));
#11428=FACE_OUTER_BOUND('',#11427,.F.);
#11429=ADVANCED_FACE('',(#11428),#11422,.T.);
#11430=CARTESIAN_POINT('',(-1.025E1,1.25E0,4.95E0));
#11431=DIRECTION('',(0.E0,-1.E0,0.E0));
#11432=DIRECTION('',(1.E0,0.E0,0.E0));
#11433=AXIS2_PLACEMENT_3D('',#11430,#11431,#11432);
#11434=PLANE('',#11433);
#11435=ORIENTED_EDGE('',*,*,#10476,.T.);
#11437=ORIENTED_EDGE('',*,*,#11436,.T.);
#11438=ORIENTED_EDGE('',*,*,#10859,.F.);
#11440=ORIENTED_EDGE('',*,*,#11439,.F.);
#11441=EDGE_LOOP('',(#11435,#11437,#11438,#11440));
#11442=FACE_OUTER_BOUND('',#11441,.F.);
#11443=ADVANCED_FACE('',(#11442),#11434,.T.);
#11444=CARTESIAN_POINT('',(-7.75E0,1.25E0,4.95E0));
#11445=DIRECTION('',(-1.E0,0.E0,0.E0));
#11446=DIRECTION('',(0.E0,-1.E0,0.E0));
#11447=AXIS2_PLACEMENT_3D('',#11444,#11445,#11446);
#11448=PLANE('',#11447);
#11449=ORIENTED_EDGE('',*,*,#10484,.T.);
#11451=ORIENTED_EDGE('',*,*,#11450,.T.);
#11452=ORIENTED_EDGE('',*,*,#10861,.F.);
#11453=ORIENTED_EDGE('',*,*,#11436,.F.);
#11454=EDGE_LOOP('',(#11449,#11451,#11452,#11453));
#11455=FACE_OUTER_BOUND('',#11454,.F.);
#11456=ADVANCED_FACE('',(#11455),#11448,.T.);
#11457=CARTESIAN_POINT('',(-7.75E0,-1.25E0,4.95E0));
#11458=DIRECTION('',(0.E0,1.E0,0.E0));
#11459=DIRECTION('',(-1.E0,0.E0,0.E0));
#11460=AXIS2_PLACEMENT_3D('',#11457,#11458,#11459);
#11461=PLANE('',#11460);
#11462=ORIENTED_EDGE('',*,*,#10482,.F.);
#11464=ORIENTED_EDGE('',*,*,#11463,.T.);
#11465=ORIENTED_EDGE('',*,*,#10863,.F.);
#11466=ORIENTED_EDGE('',*,*,#11450,.F.);
#11467=EDGE_LOOP('',(#11462,#11464,#11465,#11466));
#11468=FACE_OUTER_BOUND('',#11467,.F.);
#11469=ADVANCED_FACE('',(#11468),#11461,.T.);
#11470=CARTESIAN_POINT('',(-9.55E0,-1.25E0,4.95E0));
#11471=DIRECTION('',(7.071067811865E-1,7.071067811865E-1,0.E0));
#11472=DIRECTION('',(-7.071067811865E-1,7.071067811865E-1,0.E0));
#11473=AXIS2_PLACEMENT_3D('',#11470,#11471,#11472);
#11474=PLANE('',#11473);
#11475=ORIENTED_EDGE('',*,*,#10480,.T.);
#11477=ORIENTED_EDGE('',*,*,#11476,.T.);
#11478=ORIENTED_EDGE('',*,*,#10865,.F.);
#11479=ORIENTED_EDGE('',*,*,#11463,.F.);
#11480=EDGE_LOOP('',(#11475,#11477,#11478,#11479));
#11481=FACE_OUTER_BOUND('',#11480,.F.);
#11482=ADVANCED_FACE('',(#11481),#11474,.T.);
#11483=CARTESIAN_POINT('',(-1.025E1,-5.5E-1,4.95E0));
#11484=DIRECTION('',(1.E0,0.E0,0.E0));
#11485=DIRECTION('',(0.E0,1.E0,0.E0));
#11486=AXIS2_PLACEMENT_3D('',#11483,#11484,#11485);
#11487=PLANE('',#11486);
#11488=ORIENTED_EDGE('',*,*,#10478,.T.);
#11489=ORIENTED_EDGE('',*,*,#11439,.T.);
#11490=ORIENTED_EDGE('',*,*,#10867,.F.);
#11491=ORIENTED_EDGE('',*,*,#11476,.F.);
#11492=EDGE_LOOP('',(#11488,#11489,#11490,#11491));
#11493=FACE_OUTER_BOUND('',#11492,.F.);
#11494=ADVANCED_FACE('',(#11493),#11487,.T.);
#11495=CARTESIAN_POINT('',(1.025E1,1.25E0,4.95E0));
#11496=DIRECTION('',(-1.E0,0.E0,0.E0));
#11497=DIRECTION('',(0.E0,-1.E0,0.E0));
#11498=AXIS2_PLACEMENT_3D('',#11495,#11496,#11497);
#11499=PLANE('',#11498);
#11500=ORIENTED_EDGE('',*,*,#10492,.T.);
#11502=ORIENTED_EDGE('',*,*,#11501,.T.);
#11503=ORIENTED_EDGE('',*,*,#10887,.F.);
#11505=ORIENTED_EDGE('',*,*,#11504,.F.);
#11506=EDGE_LOOP('',(#11500,#11502,#11503,#11505));
#11507=FACE_OUTER_BOUND('',#11506,.F.);
#11508=ADVANCED_FACE('',(#11507),#11499,.T.);
#11509=CARTESIAN_POINT('',(1.025E1,-5.5E-1,4.95E0));
#11510=DIRECTION('',(-7.071067811865E-1,7.071067811865E-1,0.E0));
#11511=DIRECTION('',(-7.071067811865E-1,-7.071067811865E-1,0.E0));
#11512=AXIS2_PLACEMENT_3D('',#11509,#11510,#11511);
#11513=PLANE('',#11512);
#11514=ORIENTED_EDGE('',*,*,#10490,.T.);
#11516=ORIENTED_EDGE('',*,*,#11515,.T.);
#11517=ORIENTED_EDGE('',*,*,#10889,.F.);
#11518=ORIENTED_EDGE('',*,*,#11501,.F.);
#11519=EDGE_LOOP('',(#11514,#11516,#11517,#11518));
#11520=FACE_OUTER_BOUND('',#11519,.F.);
#11521=ADVANCED_FACE('',(#11520),#11513,.T.);
#11522=CARTESIAN_POINT('',(9.55E0,-1.25E0,4.95E0));
#11523=DIRECTION('',(0.E0,1.E0,0.E0));
#11524=DIRECTION('',(-1.E0,0.E0,0.E0));
#11525=AXIS2_PLACEMENT_3D('',#11522,#11523,#11524);
#11526=PLANE('',#11525);
#11527=ORIENTED_EDGE('',*,*,#10488,.T.);
#11529=ORIENTED_EDGE('',*,*,#11528,.T.);
#11530=ORIENTED_EDGE('',*,*,#10891,.F.);
#11531=ORIENTED_EDGE('',*,*,#11515,.F.);
#11532=EDGE_LOOP('',(#11527,#11529,#11530,#11531));
#11533=FACE_OUTER_BOUND('',#11532,.F.);
#11534=ADVANCED_FACE('',(#11533),#11526,.T.);
#11535=CARTESIAN_POINT('',(7.75E0,-1.25E0,4.95E0));
#11536=DIRECTION('',(1.E0,0.E0,0.E0));
#11537=DIRECTION('',(0.E0,1.E0,0.E0));
#11538=AXIS2_PLACEMENT_3D('',#11535,#11536,#11537);
#11539=PLANE('',#11538);
#11540=ORIENTED_EDGE('',*,*,#10496,.T.);
#11542=ORIENTED_EDGE('',*,*,#11541,.T.);
#11543=ORIENTED_EDGE('',*,*,#10893,.F.);
#11544=ORIENTED_EDGE('',*,*,#11528,.F.);
#11545=EDGE_LOOP('',(#11540,#11542,#11543,#11544));
#11546=FACE_OUTER_BOUND('',#11545,.F.);
#11547=ADVANCED_FACE('',(#11546),#11539,.T.);
#11548=CARTESIAN_POINT('',(7.75E0,1.25E0,4.95E0));
#11549=DIRECTION('',(0.E0,-1.E0,0.E0));
#11550=DIRECTION('',(1.E0,0.E0,0.E0));
#11551=AXIS2_PLACEMENT_3D('',#11548,#11549,#11550);
#11552=PLANE('',#11551);
#11553=ORIENTED_EDGE('',*,*,#10494,.F.);
#11554=ORIENTED_EDGE('',*,*,#11504,.T.);
#11555=ORIENTED_EDGE('',*,*,#10895,.F.);
#11556=ORIENTED_EDGE('',*,*,#11541,.F.);
#11557=EDGE_LOOP('',(#11553,#11554,#11555,#11556));
#11558=FACE_OUTER_BOUND('',#11557,.F.);
#11559=ADVANCED_FACE('',(#11558),#11552,.T.);
#11560=CARTESIAN_POINT('',(1.532E1,0.E0,0.E0));
#11561=DIRECTION('',(1.E0,0.E0,0.E0));
#11562=DIRECTION('',(0.E0,0.E0,-1.E0));
#11563=AXIS2_PLACEMENT_3D('',#11560,#11561,#11562);
#11564=PLANE('',#11563);
#11565=ORIENTED_EDGE('',*,*,#9239,.F.);
#11567=ORIENTED_EDGE('',*,*,#11566,.T.);
#11569=ORIENTED_EDGE('',*,*,#11568,.F.);
#11571=ORIENTED_EDGE('',*,*,#11570,.F.);
#11573=ORIENTED_EDGE('',*,*,#11572,.F.);
#11575=ORIENTED_EDGE('',*,*,#11574,.F.);
#11577=ORIENTED_EDGE('',*,*,#11576,.T.);
#11579=ORIENTED_EDGE('',*,*,#11578,.T.);
#11581=ORIENTED_EDGE('',*,*,#11580,.F.);
#11583=ORIENTED_EDGE('',*,*,#11582,.F.);
#11584=EDGE_LOOP('',(#11565,#11567,#11569,#11571,#11573,#11575,#11577,#11579,
#11581,#11583));
#11585=FACE_OUTER_BOUND('',#11584,.F.);
#11586=ADVANCED_FACE('',(#11585),#11564,.T.);
#11587=CARTESIAN_POINT('',(1.532E1,0.E0,0.E0));
#11588=DIRECTION('',(1.E0,0.E0,0.E0));
#11589=DIRECTION('',(0.E0,0.E0,-1.E0));
#11590=AXIS2_PLACEMENT_3D('',#11587,#11588,#11589);
#11591=PLANE('',#11590);
#11593=ORIENTED_EDGE('',*,*,#11592,.T.);
#11595=ORIENTED_EDGE('',*,*,#11594,.F.);
#11597=ORIENTED_EDGE('',*,*,#11596,.F.);
#11599=ORIENTED_EDGE('',*,*,#11598,.F.);
#11601=ORIENTED_EDGE('',*,*,#11600,.F.);
#11603=ORIENTED_EDGE('',*,*,#11602,.F.);
#11604=EDGE_LOOP('',(#11593,#11595,#11597,#11599,#11601,#11603));
#11605=FACE_OUTER_BOUND('',#11604,.F.);
#11606=ADVANCED_FACE('',(#11605),#11591,.T.);
#11607=CARTESIAN_POINT('',(1.532E1,0.E0,0.E0));
#11608=DIRECTION('',(1.E0,0.E0,0.E0));
#11609=DIRECTION('',(0.E0,0.E0,-1.E0));
#11610=AXIS2_PLACEMENT_3D('',#11607,#11608,#11609);
#11611=PLANE('',#11610);
#11613=ORIENTED_EDGE('',*,*,#11612,.F.);
#11615=ORIENTED_EDGE('',*,*,#11614,.F.);
#11616=ORIENTED_EDGE('',*,*,#10815,.F.);
#11618=ORIENTED_EDGE('',*,*,#11617,.F.);
#11619=EDGE_LOOP('',(#11613,#11615,#11616,#11618));
#11620=FACE_OUTER_BOUND('',#11619,.F.);
#11621=ADVANCED_FACE('',(#11620),#11611,.T.);
#11622=CARTESIAN_POINT('',(-1.8325E1,-1.27E0,-4.28E0));
#11623=DIRECTION('',(0.E0,0.E0,-1.E0));
#11624=DIRECTION('',(0.E0,1.E0,0.E0));
#11625=AXIS2_PLACEMENT_3D('',#11622,#11623,#11624);
#11626=PLANE('',#11625);
#11628=ORIENTED_EDGE('',*,*,#11627,.F.);
#11630=ORIENTED_EDGE('',*,*,#11629,.F.);
#11631=ORIENTED_EDGE('',*,*,#9219,.T.);
#11632=ORIENTED_EDGE('',*,*,#9746,.T.);
#11633=EDGE_LOOP('',(#11628,#11630,#11631,#11632));
#11634=FACE_OUTER_BOUND('',#11633,.F.);
#11635=ADVANCED_FACE('',(#11634),#11626,.T.);
#11636=CARTESIAN_POINT('',(-1.8325E1,-1.27E0,-4.28E0));
#11637=DIRECTION('',(0.E0,0.E0,-1.E0));
#11638=DIRECTION('',(0.E0,1.E0,0.E0));
#11639=AXIS2_PLACEMENT_3D('',#11636,#11637,#11638);
#11640=PLANE('',#11639);
#11642=ORIENTED_EDGE('',*,*,#11641,.T.);
#11643=ORIENTED_EDGE('',*,*,#9738,.T.);
#11645=ORIENTED_EDGE('',*,*,#11644,.F.);
#11647=ORIENTED_EDGE('',*,*,#11646,.F.);
#11648=EDGE_LOOP('',(#11642,#11643,#11645,#11647));
#11649=FACE_OUTER_BOUND('',#11648,.F.);
#11650=ADVANCED_FACE('',(#11649),#11640,.T.);
#11651=CARTESIAN_POINT('',(-1.8325E1,-1.27E0,-4.28E0));
#11652=DIRECTION('',(0.E0,0.E0,-1.E0));
#11653=DIRECTION('',(0.E0,1.E0,0.E0));
#11654=AXIS2_PLACEMENT_3D('',#11651,#11652,#11653);
#11655=PLANE('',#11654);
#11656=ORIENTED_EDGE('',*,*,#10246,.T.);
#11658=ORIENTED_EDGE('',*,*,#11657,.F.);
#11659=ORIENTED_EDGE('',*,*,#9481,.F.);
#11660=ORIENTED_EDGE('',*,*,#9205,.T.);
#11661=EDGE_LOOP('',(#11656,#11658,#11659,#11660));
#11662=FACE_OUTER_BOUND('',#11661,.F.);
#11663=ADVANCED_FACE('',(#11662),#11655,.T.);
#11664=CARTESIAN_POINT('',(-1.8325E1,-1.27E0,-4.28E0));
#11665=DIRECTION('',(0.E0,0.E0,-1.E0));
#11666=DIRECTION('',(0.E0,1.E0,0.E0));
#11667=AXIS2_PLACEMENT_3D('',#11664,#11665,#11666);
#11668=PLANE('',#11667);
#11669=ORIENTED_EDGE('',*,*,#10238,.T.);
#11671=ORIENTED_EDGE('',*,*,#11670,.F.);
#11672=ORIENTED_EDGE('',*,*,#9489,.F.);
#11674=ORIENTED_EDGE('',*,*,#11673,.T.);
#11675=EDGE_LOOP('',(#11669,#11671,#11672,#11674));
#11676=FACE_OUTER_BOUND('',#11675,.F.);
#11677=ADVANCED_FACE('',(#11676),#11668,.T.);
#11678=CARTESIAN_POINT('',(-1.8325E1,-1.27E0,-4.28E0));
#11679=DIRECTION('',(0.E0,0.E0,-1.E0));
#11680=DIRECTION('',(0.E0,1.E0,0.E0));
#11681=AXIS2_PLACEMENT_3D('',#11678,#11679,#11680);
#11682=PLANE('',#11681);
#11683=ORIENTED_EDGE('',*,*,#9237,.T.);
#11685=ORIENTED_EDGE('',*,*,#11684,.T.);
#11687=ORIENTED_EDGE('',*,*,#11686,.F.);
#11688=ORIENTED_EDGE('',*,*,#11566,.F.);
#11689=EDGE_LOOP('',(#11683,#11685,#11687,#11688));
#11690=FACE_OUTER_BOUND('',#11689,.F.);
#11691=ADVANCED_FACE('',(#11690),#11682,.T.);
#11692=CARTESIAN_POINT('',(-1.8325E1,-1.27E0,-4.28E0));
#11693=DIRECTION('',(0.E0,0.E0,-1.E0));
#11694=DIRECTION('',(0.E0,1.E0,0.E0));
#11695=AXIS2_PLACEMENT_3D('',#11692,#11693,#11694);
#11696=PLANE('',#11695);
#11698=ORIENTED_EDGE('',*,*,#11697,.T.);
#11700=ORIENTED_EDGE('',*,*,#11699,.T.);
#11702=ORIENTED_EDGE('',*,*,#11701,.F.);
#11704=ORIENTED_EDGE('',*,*,#11703,.F.);
#11705=ORIENTED_EDGE('',*,*,#11578,.F.);
#11706=EDGE_LOOP('',(#11698,#11700,#11702,#11704,#11705));
#11707=FACE_OUTER_BOUND('',#11706,.F.);
#11708=ADVANCED_FACE('',(#11707),#11696,.T.);
#11709=CARTESIAN_POINT('',(-1.8325E1,-1.27E0,-4.28E0));
#11710=DIRECTION('',(0.E0,0.E0,-1.E0));
#11711=DIRECTION('',(0.E0,1.E0,0.E0));
#11712=AXIS2_PLACEMENT_3D('',#11709,#11710,#11711);
#11713=PLANE('',#11712);
#11714=ORIENTED_EDGE('',*,*,#9257,.T.);
#11716=ORIENTED_EDGE('',*,*,#11715,.T.);
#11718=ORIENTED_EDGE('',*,*,#11717,.F.);
#11720=ORIENTED_EDGE('',*,*,#11719,.F.);
#11721=EDGE_LOOP('',(#11714,#11716,#11718,#11720));
#11722=FACE_OUTER_BOUND('',#11721,.F.);
#11723=ADVANCED_FACE('',(#11722),#11713,.T.);
#11724=CARTESIAN_POINT('',(-1.8325E1,-1.27E0,-4.28E0));
#11725=DIRECTION('',(0.E0,0.E0,-1.E0));
#11726=DIRECTION('',(0.E0,1.E0,0.E0));
#11727=AXIS2_PLACEMENT_3D('',#11724,#11725,#11726);
#11728=PLANE('',#11727);
#11730=ORIENTED_EDGE('',*,*,#11729,.T.);
#11732=ORIENTED_EDGE('',*,*,#11731,.T.);
#11734=ORIENTED_EDGE('',*,*,#11733,.T.);
#11736=ORIENTED_EDGE('',*,*,#11735,.F.);
#11738=ORIENTED_EDGE('',*,*,#11737,.F.);
#11740=ORIENTED_EDGE('',*,*,#11739,.F.);
#11741=EDGE_LOOP('',(#11730,#11732,#11734,#11736,#11738,#11740));
#11742=FACE_OUTER_BOUND('',#11741,.F.);
#11743=ADVANCED_FACE('',(#11742),#11728,.T.);
#11744=CARTESIAN_POINT('',(-1.8325E1,-1.27E0,-4.28E0));
#11745=DIRECTION('',(0.E0,0.E0,-1.E0));
#11746=DIRECTION('',(0.E0,1.E0,0.E0));
#11747=AXIS2_PLACEMENT_3D('',#11744,#11745,#11746);
#11748=PLANE('',#11747);
#11749=ORIENTED_EDGE('',*,*,#9277,.T.);
#11751=ORIENTED_EDGE('',*,*,#11750,.T.);
#11753=ORIENTED_EDGE('',*,*,#11752,.F.);
#11755=ORIENTED_EDGE('',*,*,#11754,.F.);
#11756=EDGE_LOOP('',(#11749,#11751,#11753,#11755));
#11757=FACE_OUTER_BOUND('',#11756,.F.);
#11758=ADVANCED_FACE('',(#11757),#11748,.T.);
#11759=CARTESIAN_POINT('',(-1.8325E1,-1.27E0,-4.28E0));
#11760=DIRECTION('',(0.E0,0.E0,-1.E0));
#11761=DIRECTION('',(0.E0,1.E0,0.E0));
#11762=AXIS2_PLACEMENT_3D('',#11759,#11760,#11761);
#11763=PLANE('',#11762);
#11765=ORIENTED_EDGE('',*,*,#11764,.T.);
#11767=ORIENTED_EDGE('',*,*,#11766,.T.);
#11769=ORIENTED_EDGE('',*,*,#11768,.T.);
#11771=ORIENTED_EDGE('',*,*,#11770,.F.);
#11773=ORIENTED_EDGE('',*,*,#11772,.F.);
#11775=ORIENTED_EDGE('',*,*,#11774,.F.);
#11776=EDGE_LOOP('',(#11765,#11767,#11769,#11771,#11773,#11775));
#11777=FACE_OUTER_BOUND('',#11776,.F.);
#11778=ADVANCED_FACE('',(#11777),#11763,.T.);
#11779=CARTESIAN_POINT('',(-1.8325E1,-1.27E0,-4.28E0));
#11780=DIRECTION('',(0.E0,0.E0,-1.E0));
#11781=DIRECTION('',(0.E0,1.E0,0.E0));
#11782=AXIS2_PLACEMENT_3D('',#11779,#11780,#11781);
#11783=PLANE('',#11782);
#11784=ORIENTED_EDGE('',*,*,#9297,.T.);
#11786=ORIENTED_EDGE('',*,*,#11785,.T.);
#11788=ORIENTED_EDGE('',*,*,#11787,.F.);
#11790=ORIENTED_EDGE('',*,*,#11789,.F.);
#11791=EDGE_LOOP('',(#11784,#11786,#11788,#11790));
#11792=FACE_OUTER_BOUND('',#11791,.F.);
#11793=ADVANCED_FACE('',(#11792),#11783,.T.);
#11794=CARTESIAN_POINT('',(-1.8325E1,-1.27E0,-4.28E0));
#11795=DIRECTION('',(0.E0,0.E0,-1.E0));
#11796=DIRECTION('',(0.E0,1.E0,0.E0));
#11797=AXIS2_PLACEMENT_3D('',#11794,#11795,#11796);
#11798=PLANE('',#11797);
#11800=ORIENTED_EDGE('',*,*,#11799,.T.);
#11802=ORIENTED_EDGE('',*,*,#11801,.T.);
#11804=ORIENTED_EDGE('',*,*,#11803,.T.);
#11806=ORIENTED_EDGE('',*,*,#11805,.F.);
#11808=ORIENTED_EDGE('',*,*,#11807,.F.);
#11810=ORIENTED_EDGE('',*,*,#11809,.F.);
#11811=EDGE_LOOP('',(#11800,#11802,#11804,#11806,#11808,#11810));
#11812=FACE_OUTER_BOUND('',#11811,.F.);
#11813=ADVANCED_FACE('',(#11812),#11798,.T.);
#11814=CARTESIAN_POINT('',(-1.8325E1,-1.27E0,-4.28E0));
#11815=DIRECTION('',(0.E0,0.E0,-1.E0));
#11816=DIRECTION('',(0.E0,1.E0,0.E0));
#11817=AXIS2_PLACEMENT_3D('',#11814,#11815,#11816);
#11818=PLANE('',#11817);
#11819=ORIENTED_EDGE('',*,*,#9317,.T.);
#11821=ORIENTED_EDGE('',*,*,#11820,.T.);
#11823=ORIENTED_EDGE('',*,*,#11822,.F.);
#11825=ORIENTED_EDGE('',*,*,#11824,.F.);
#11826=EDGE_LOOP('',(#11819,#11821,#11823,#11825));
#11827=FACE_OUTER_BOUND('',#11826,.F.);
#11828=ADVANCED_FACE('',(#11827),#11818,.T.);
#11829=CARTESIAN_POINT('',(-1.8325E1,-1.27E0,-4.28E0));
#11830=DIRECTION('',(0.E0,0.E0,-1.E0));
#11831=DIRECTION('',(0.E0,1.E0,0.E0));
#11832=AXIS2_PLACEMENT_3D('',#11829,#11830,#11831);
#11833=PLANE('',#11832);
#11835=ORIENTED_EDGE('',*,*,#11834,.T.);
#11837=ORIENTED_EDGE('',*,*,#11836,.T.);
#11839=ORIENTED_EDGE('',*,*,#11838,.T.);
#11841=ORIENTED_EDGE('',*,*,#11840,.F.);
#11843=ORIENTED_EDGE('',*,*,#11842,.F.);
#11845=ORIENTED_EDGE('',*,*,#11844,.F.);
#11846=EDGE_LOOP('',(#11835,#11837,#11839,#11841,#11843,#11845));
#11847=FACE_OUTER_BOUND('',#11846,.F.);
#11848=ADVANCED_FACE('',(#11847),#11833,.T.);
#11849=CARTESIAN_POINT('',(-1.8325E1,-1.27E0,-4.28E0));
#11850=DIRECTION('',(0.E0,0.E0,-1.E0));
#11851=DIRECTION('',(0.E0,1.E0,0.E0));
#11852=AXIS2_PLACEMENT_3D('',#11849,#11850,#11851);
#11853=PLANE('',#11852);
#11854=ORIENTED_EDGE('',*,*,#9337,.T.);
#11856=ORIENTED_EDGE('',*,*,#11855,.T.);
#11858=ORIENTED_EDGE('',*,*,#11857,.F.);
#11860=ORIENTED_EDGE('',*,*,#11859,.F.);
#11861=EDGE_LOOP('',(#11854,#11856,#11858,#11860));
#11862=FACE_OUTER_BOUND('',#11861,.F.);
#11863=ADVANCED_FACE('',(#11862),#11853,.T.);
#11864=CARTESIAN_POINT('',(-1.8325E1,-1.27E0,-4.28E0));
#11865=DIRECTION('',(0.E0,0.E0,-1.E0));
#11866=DIRECTION('',(0.E0,1.E0,0.E0));
#11867=AXIS2_PLACEMENT_3D('',#11864,#11865,#11866);
#11868=PLANE('',#11867);
#11870=ORIENTED_EDGE('',*,*,#11869,.T.);
#11872=ORIENTED_EDGE('',*,*,#11871,.T.);
#11874=ORIENTED_EDGE('',*,*,#11873,.T.);
#11876=ORIENTED_EDGE('',*,*,#11875,.F.);
#11878=ORIENTED_EDGE('',*,*,#11877,.F.);
#11880=ORIENTED_EDGE('',*,*,#11879,.F.);
#11881=EDGE_LOOP('',(#11870,#11872,#11874,#11876,#11878,#11880));
#11882=FACE_OUTER_BOUND('',#11881,.F.);
#11883=ADVANCED_FACE('',(#11882),#11868,.T.);
#11884=CARTESIAN_POINT('',(-1.8325E1,-1.27E0,-4.28E0));
#11885=DIRECTION('',(0.E0,0.E0,-1.E0));
#11886=DIRECTION('',(0.E0,1.E0,0.E0));
#11887=AXIS2_PLACEMENT_3D('',#11884,#11885,#11886);
#11888=PLANE('',#11887);
#11889=ORIENTED_EDGE('',*,*,#9357,.T.);
#11891=ORIENTED_EDGE('',*,*,#11890,.T.);
#11893=ORIENTED_EDGE('',*,*,#11892,.F.);
#11895=ORIENTED_EDGE('',*,*,#11894,.F.);
#11896=EDGE_LOOP('',(#11889,#11891,#11893,#11895));
#11897=FACE_OUTER_BOUND('',#11896,.F.);
#11898=ADVANCED_FACE('',(#11897),#11888,.T.);
#11899=CARTESIAN_POINT('',(-1.8325E1,-1.27E0,-4.28E0));
#11900=DIRECTION('',(0.E0,0.E0,-1.E0));
#11901=DIRECTION('',(0.E0,1.E0,0.E0));
#11902=AXIS2_PLACEMENT_3D('',#11899,#11900,#11901);
#11903=PLANE('',#11902);
#11905=ORIENTED_EDGE('',*,*,#11904,.T.);
#11907=ORIENTED_EDGE('',*,*,#11906,.T.);
#11909=ORIENTED_EDGE('',*,*,#11908,.T.);
#11911=ORIENTED_EDGE('',*,*,#11910,.F.);
#11913=ORIENTED_EDGE('',*,*,#11912,.F.);
#11915=ORIENTED_EDGE('',*,*,#11914,.F.);
#11916=EDGE_LOOP('',(#11905,#11907,#11909,#11911,#11913,#11915));
#11917=FACE_OUTER_BOUND('',#11916,.F.);
#11918=ADVANCED_FACE('',(#11917),#11903,.T.);
#11919=CARTESIAN_POINT('',(-1.8325E1,-1.27E0,-4.28E0));
#11920=DIRECTION('',(0.E0,0.E0,-1.E0));
#11921=DIRECTION('',(0.E0,1.E0,0.E0));
#11922=AXIS2_PLACEMENT_3D('',#11919,#11920,#11921);
#11923=PLANE('',#11922);
#11924=ORIENTED_EDGE('',*,*,#9377,.T.);
#11926=ORIENTED_EDGE('',*,*,#11925,.T.);
#11928=ORIENTED_EDGE('',*,*,#11927,.F.);
#11930=ORIENTED_EDGE('',*,*,#11929,.F.);
#11931=EDGE_LOOP('',(#11924,#11926,#11928,#11930));
#11932=FACE_OUTER_BOUND('',#11931,.F.);
#11933=ADVANCED_FACE('',(#11932),#11923,.T.);
#11934=CARTESIAN_POINT('',(-1.8325E1,-1.27E0,-4.28E0));
#11935=DIRECTION('',(0.E0,0.E0,-1.E0));
#11936=DIRECTION('',(0.E0,1.E0,0.E0));
#11937=AXIS2_PLACEMENT_3D('',#11934,#11935,#11936);
#11938=PLANE('',#11937);
#11940=ORIENTED_EDGE('',*,*,#11939,.T.);
#11942=ORIENTED_EDGE('',*,*,#11941,.T.);
#11944=ORIENTED_EDGE('',*,*,#11943,.T.);
#11946=ORIENTED_EDGE('',*,*,#11945,.F.);
#11948=ORIENTED_EDGE('',*,*,#11947,.F.);
#11950=ORIENTED_EDGE('',*,*,#11949,.F.);
#11951=EDGE_LOOP('',(#11940,#11942,#11944,#11946,#11948,#11950));
#11952=FACE_OUTER_BOUND('',#11951,.F.);
#11953=ADVANCED_FACE('',(#11952),#11938,.T.);
#11954=CARTESIAN_POINT('',(-1.8325E1,-1.27E0,-4.28E0));
#11955=DIRECTION('',(0.E0,0.E0,-1.E0));
#11956=DIRECTION('',(0.E0,1.E0,0.E0));
#11957=AXIS2_PLACEMENT_3D('',#11954,#11955,#11956);
#11958=PLANE('',#11957);
#11959=ORIENTED_EDGE('',*,*,#9397,.T.);
#11961=ORIENTED_EDGE('',*,*,#11960,.T.);
#11963=ORIENTED_EDGE('',*,*,#11962,.F.);
#11965=ORIENTED_EDGE('',*,*,#11964,.F.);
#11966=EDGE_LOOP('',(#11959,#11961,#11963,#11965));
#11967=FACE_OUTER_BOUND('',#11966,.F.);
#11968=ADVANCED_FACE('',(#11967),#11958,.T.);
#11969=CARTESIAN_POINT('',(-1.8325E1,-1.27E0,-4.28E0));
#11970=DIRECTION('',(0.E0,0.E0,-1.E0));
#11971=DIRECTION('',(0.E0,1.E0,0.E0));
#11972=AXIS2_PLACEMENT_3D('',#11969,#11970,#11971);
#11973=PLANE('',#11972);
#11975=ORIENTED_EDGE('',*,*,#11974,.T.);
#11977=ORIENTED_EDGE('',*,*,#11976,.T.);
#11979=ORIENTED_EDGE('',*,*,#11978,.T.);
#11981=ORIENTED_EDGE('',*,*,#11980,.F.);
#11983=ORIENTED_EDGE('',*,*,#11982,.F.);
#11985=ORIENTED_EDGE('',*,*,#11984,.F.);
#11986=EDGE_LOOP('',(#11975,#11977,#11979,#11981,#11983,#11985));
#11987=FACE_OUTER_BOUND('',#11986,.F.);
#11988=ADVANCED_FACE('',(#11987),#11973,.T.);
#11989=CARTESIAN_POINT('',(-1.8325E1,-1.27E0,-4.28E0));
#11990=DIRECTION('',(0.E0,0.E0,-1.E0));
#11991=DIRECTION('',(0.E0,1.E0,0.E0));
#11992=AXIS2_PLACEMENT_3D('',#11989,#11990,#11991);
#11993=PLANE('',#11992);
#11994=ORIENTED_EDGE('',*,*,#9416,.T.);
#11996=ORIENTED_EDGE('',*,*,#11995,.T.);
#11998=ORIENTED_EDGE('',*,*,#11997,.F.);
#12000=ORIENTED_EDGE('',*,*,#11999,.F.);
#12001=EDGE_LOOP('',(#11994,#11996,#11998,#12000));
#12002=FACE_OUTER_BOUND('',#12001,.F.);
#12003=ADVANCED_FACE('',(#12002),#11993,.T.);
#12004=CARTESIAN_POINT('',(-1.8325E1,-1.27E0,-4.28E0));
#12005=DIRECTION('',(0.E0,0.E0,-1.E0));
#12006=DIRECTION('',(0.E0,1.E0,0.E0));
#12007=AXIS2_PLACEMENT_3D('',#12004,#12005,#12006);
#12008=PLANE('',#12007);
#12010=ORIENTED_EDGE('',*,*,#12009,.T.);
#12012=ORIENTED_EDGE('',*,*,#12011,.T.);
#12013=ORIENTED_EDGE('',*,*,#9167,.T.);
#12015=ORIENTED_EDGE('',*,*,#12014,.F.);
#12017=ORIENTED_EDGE('',*,*,#12016,.F.);
#12019=ORIENTED_EDGE('',*,*,#12018,.F.);
#12020=EDGE_LOOP('',(#12010,#12012,#12013,#12015,#12017,#12019));
#12021=FACE_OUTER_BOUND('',#12020,.F.);
#12022=ADVANCED_FACE('',(#12021),#12008,.T.);
#12023=CARTESIAN_POINT('',(-1.8325E1,-1.27E0,-4.28E0));
#12024=DIRECTION('',(0.E0,0.E0,-1.E0));
#12025=DIRECTION('',(0.E0,1.E0,0.E0));
#12026=AXIS2_PLACEMENT_3D('',#12023,#12024,#12025);
#12027=PLANE('',#12026);
#12028=ORIENTED_EDGE('',*,*,#9436,.T.);
#12030=ORIENTED_EDGE('',*,*,#12029,.T.);
#12032=ORIENTED_EDGE('',*,*,#12031,.F.);
#12034=ORIENTED_EDGE('',*,*,#12033,.F.);
#12035=EDGE_LOOP('',(#12028,#12030,#12032,#12034));
#12036=FACE_OUTER_BOUND('',#12035,.F.);
#12037=ADVANCED_FACE('',(#12036),#12027,.T.);
#12038=CARTESIAN_POINT('',(-1.8325E1,-1.27E0,-4.28E0));
#12039=DIRECTION('',(0.E0,0.E0,-1.E0));
#12040=DIRECTION('',(0.E0,1.E0,0.E0));
#12041=AXIS2_PLACEMENT_3D('',#12038,#12039,#12040);
#12042=PLANE('',#12041);
#12044=ORIENTED_EDGE('',*,*,#12043,.F.);
#12046=ORIENTED_EDGE('',*,*,#12045,.F.);
#12047=ORIENTED_EDGE('',*,*,#9448,.T.);
#12049=ORIENTED_EDGE('',*,*,#12048,.T.);
#12050=EDGE_LOOP('',(#12044,#12046,#12047,#12049));
#12051=FACE_OUTER_BOUND('',#12050,.F.);
#12052=ADVANCED_FACE('',(#12051),#12042,.T.);
#12053=CARTESIAN_POINT('',(-1.8325E1,-1.27E0,-4.28E0));
#12054=DIRECTION('',(0.E0,0.E0,-1.E0));
#12055=DIRECTION('',(0.E0,1.E0,0.E0));
#12056=AXIS2_PLACEMENT_3D('',#12053,#12054,#12055);
#12057=PLANE('',#12056);
#12059=ORIENTED_EDGE('',*,*,#12058,.T.);
#12061=ORIENTED_EDGE('',*,*,#12060,.T.);
#12063=ORIENTED_EDGE('',*,*,#12062,.T.);
#12065=ORIENTED_EDGE('',*,*,#12064,.F.);
#12067=ORIENTED_EDGE('',*,*,#12066,.F.);
#12069=ORIENTED_EDGE('',*,*,#12068,.F.);
#12070=EDGE_LOOP('',(#12059,#12061,#12063,#12065,#12067,#12069));
#12071=FACE_OUTER_BOUND('',#12070,.F.);
#12072=ADVANCED_FACE('',(#12071),#12057,.T.);
#12073=CARTESIAN_POINT('',(-1.8325E1,-1.27E0,-4.28E0));
#12074=DIRECTION('',(0.E0,0.E0,-1.E0));
#12075=DIRECTION('',(0.E0,1.E0,0.E0));
#12076=AXIS2_PLACEMENT_3D('',#12073,#12074,#12075);
#12077=PLANE('',#12076);
#12079=ORIENTED_EDGE('',*,*,#12078,.T.);
#12081=ORIENTED_EDGE('',*,*,#12080,.F.);
#12083=ORIENTED_EDGE('',*,*,#12082,.F.);
#12085=ORIENTED_EDGE('',*,*,#12084,.T.);
#12087=ORIENTED_EDGE('',*,*,#12086,.T.);
#12088=EDGE_LOOP('',(#12079,#12081,#12083,#12085,#12087));
#12089=FACE_OUTER_BOUND('',#12088,.F.);
#12090=ADVANCED_FACE('',(#12089),#12077,.T.);
#12091=CARTESIAN_POINT('',(1.8325E1,-8.75E-1,-4.28E0));
#12092=DIRECTION('',(0.E0,-1.E0,0.E0));
#12093=DIRECTION('',(-1.E0,0.E0,0.E0));
#12094=AXIS2_PLACEMENT_3D('',#12091,#12092,#12093);
#12095=PLANE('',#12094);
#12096=ORIENTED_EDGE('',*,*,#10244,.F.);
#12098=ORIENTED_EDGE('',*,*,#12097,.T.);
#12099=ORIENTED_EDGE('',*,*,#9483,.T.);
#12100=ORIENTED_EDGE('',*,*,#11657,.T.);
#12101=EDGE_LOOP('',(#12096,#12098,#12099,#12100));
#12102=FACE_OUTER_BOUND('',#12101,.F.);
#12103=ADVANCED_FACE('',(#12102),#12095,.F.);
#12104=CARTESIAN_POINT('',(1.8325E1,-8.75E-1,-4.28E0));
#12105=DIRECTION('',(0.E0,-1.E0,0.E0));
#12106=DIRECTION('',(-1.E0,0.E0,0.E0));
#12107=AXIS2_PLACEMENT_3D('',#12104,#12105,#12106);
#12108=PLANE('',#12107);
#12109=ORIENTED_EDGE('',*,*,#11627,.T.);
#12110=ORIENTED_EDGE('',*,*,#9744,.F.);
#12112=ORIENTED_EDGE('',*,*,#12111,.T.);
#12114=ORIENTED_EDGE('',*,*,#12113,.T.);
#12115=EDGE_LOOP('',(#12109,#12110,#12112,#12114));
#12116=FACE_OUTER_BOUND('',#12115,.F.);
#12117=ADVANCED_FACE('',(#12116),#12108,.F.);
#12118=CARTESIAN_POINT('',(1.8325E1,-8.75E-1,-4.28E0));
#12119=DIRECTION('',(0.E0,-1.E0,0.E0));
#12120=DIRECTION('',(-1.E0,0.E0,0.E0));
#12121=AXIS2_PLACEMENT_3D('',#12118,#12119,#12120);
#12122=PLANE('',#12121);
#12123=ORIENTED_EDGE('',*,*,#11686,.T.);
#12125=ORIENTED_EDGE('',*,*,#12124,.F.);
#12127=ORIENTED_EDGE('',*,*,#12126,.T.);
#12129=ORIENTED_EDGE('',*,*,#12128,.T.);
#12130=ORIENTED_EDGE('',*,*,#11568,.T.);
#12131=EDGE_LOOP('',(#12123,#12125,#12127,#12129,#12130));
#12132=FACE_OUTER_BOUND('',#12131,.F.);
#12133=ADVANCED_FACE('',(#12132),#12122,.F.);
#12134=CARTESIAN_POINT('',(1.8325E1,-8.75E-1,-4.28E0));
#12135=DIRECTION('',(0.E0,-1.E0,0.E0));
#12136=DIRECTION('',(-1.E0,0.E0,0.E0));
#12137=AXIS2_PLACEMENT_3D('',#12134,#12135,#12136);
#12138=PLANE('',#12137);
#12139=ORIENTED_EDGE('',*,*,#11717,.T.);
#12141=ORIENTED_EDGE('',*,*,#12140,.F.);
#12143=ORIENTED_EDGE('',*,*,#12142,.F.);
#12145=ORIENTED_EDGE('',*,*,#12144,.T.);
#12147=ORIENTED_EDGE('',*,*,#12146,.T.);
#12149=ORIENTED_EDGE('',*,*,#12148,.T.);
#12150=EDGE_LOOP('',(#12139,#12141,#12143,#12145,#12147,#12149));
#12151=FACE_OUTER_BOUND('',#12150,.F.);
#12152=ADVANCED_FACE('',(#12151),#12138,.F.);
#12153=CARTESIAN_POINT('',(1.8325E1,-8.75E-1,-4.28E0));
#12154=DIRECTION('',(0.E0,-1.E0,0.E0));
#12155=DIRECTION('',(-1.E0,0.E0,0.E0));
#12156=AXIS2_PLACEMENT_3D('',#12153,#12154,#12155);
#12157=PLANE('',#12156);
#12158=ORIENTED_EDGE('',*,*,#11752,.T.);
#12160=ORIENTED_EDGE('',*,*,#12159,.F.);
#12162=ORIENTED_EDGE('',*,*,#12161,.F.);
#12164=ORIENTED_EDGE('',*,*,#12163,.T.);
#12166=ORIENTED_EDGE('',*,*,#12165,.T.);
#12168=ORIENTED_EDGE('',*,*,#12167,.T.);
#12169=EDGE_LOOP('',(#12158,#12160,#12162,#12164,#12166,#12168));
#12170=FACE_OUTER_BOUND('',#12169,.F.);
#12171=ADVANCED_FACE('',(#12170),#12157,.F.);
#12172=CARTESIAN_POINT('',(1.8325E1,-8.75E-1,-4.28E0));
#12173=DIRECTION('',(0.E0,-1.E0,0.E0));
#12174=DIRECTION('',(-1.E0,0.E0,0.E0));
#12175=AXIS2_PLACEMENT_3D('',#12172,#12173,#12174);
#12176=PLANE('',#12175);
#12177=ORIENTED_EDGE('',*,*,#11787,.T.);
#12179=ORIENTED_EDGE('',*,*,#12178,.F.);
#12181=ORIENTED_EDGE('',*,*,#12180,.F.);
#12183=ORIENTED_EDGE('',*,*,#12182,.T.);
#12185=ORIENTED_EDGE('',*,*,#12184,.T.);
#12187=ORIENTED_EDGE('',*,*,#12186,.T.);
#12188=EDGE_LOOP('',(#12177,#12179,#12181,#12183,#12185,#12187));
#12189=FACE_OUTER_BOUND('',#12188,.F.);
#12190=ADVANCED_FACE('',(#12189),#12176,.F.);
#12191=CARTESIAN_POINT('',(1.8325E1,-8.75E-1,-4.28E0));
#12192=DIRECTION('',(0.E0,-1.E0,0.E0));
#12193=DIRECTION('',(-1.E0,0.E0,0.E0));
#12194=AXIS2_PLACEMENT_3D('',#12191,#12192,#12193);
#12195=PLANE('',#12194);
#12196=ORIENTED_EDGE('',*,*,#11822,.T.);
#12198=ORIENTED_EDGE('',*,*,#12197,.F.);
#12200=ORIENTED_EDGE('',*,*,#12199,.F.);
#12202=ORIENTED_EDGE('',*,*,#12201,.T.);
#12204=ORIENTED_EDGE('',*,*,#12203,.T.);
#12206=ORIENTED_EDGE('',*,*,#12205,.T.);
#12207=EDGE_LOOP('',(#12196,#12198,#12200,#12202,#12204,#12206));
#12208=FACE_OUTER_BOUND('',#12207,.F.);
#12209=ADVANCED_FACE('',(#12208),#12195,.F.);
#12210=CARTESIAN_POINT('',(1.8325E1,-8.75E-1,-4.28E0));
#12211=DIRECTION('',(0.E0,-1.E0,0.E0));
#12212=DIRECTION('',(-1.E0,0.E0,0.E0));
#12213=AXIS2_PLACEMENT_3D('',#12210,#12211,#12212);
#12214=PLANE('',#12213);
#12215=ORIENTED_EDGE('',*,*,#11857,.T.);
#12217=ORIENTED_EDGE('',*,*,#12216,.F.);
#12219=ORIENTED_EDGE('',*,*,#12218,.F.);
#12221=ORIENTED_EDGE('',*,*,#12220,.T.);
#12223=ORIENTED_EDGE('',*,*,#12222,.T.);
#12225=ORIENTED_EDGE('',*,*,#12224,.T.);
#12226=EDGE_LOOP('',(#12215,#12217,#12219,#12221,#12223,#12225));
#12227=FACE_OUTER_BOUND('',#12226,.F.);
#12228=ADVANCED_FACE('',(#12227),#12214,.F.);
#12229=CARTESIAN_POINT('',(1.8325E1,-8.75E-1,-4.28E0));
#12230=DIRECTION('',(0.E0,-1.E0,0.E0));
#12231=DIRECTION('',(-1.E0,0.E0,0.E0));
#12232=AXIS2_PLACEMENT_3D('',#12229,#12230,#12231);
#12233=PLANE('',#12232);
#12234=ORIENTED_EDGE('',*,*,#11892,.T.);
#12236=ORIENTED_EDGE('',*,*,#12235,.F.);
#12238=ORIENTED_EDGE('',*,*,#12237,.F.);
#12240=ORIENTED_EDGE('',*,*,#12239,.T.);
#12242=ORIENTED_EDGE('',*,*,#12241,.T.);
#12244=ORIENTED_EDGE('',*,*,#12243,.T.);
#12245=EDGE_LOOP('',(#12234,#12236,#12238,#12240,#12242,#12244));
#12246=FACE_OUTER_BOUND('',#12245,.F.);
#12247=ADVANCED_FACE('',(#12246),#12233,.F.);
#12248=CARTESIAN_POINT('',(1.8325E1,-8.75E-1,-4.28E0));
#12249=DIRECTION('',(0.E0,-1.E0,0.E0));
#12250=DIRECTION('',(-1.E0,0.E0,0.E0));
#12251=AXIS2_PLACEMENT_3D('',#12248,#12249,#12250);
#12252=PLANE('',#12251);
#12253=ORIENTED_EDGE('',*,*,#11927,.T.);
#12255=ORIENTED_EDGE('',*,*,#12254,.F.);
#12257=ORIENTED_EDGE('',*,*,#12256,.F.);
#12259=ORIENTED_EDGE('',*,*,#12258,.T.);
#12261=ORIENTED_EDGE('',*,*,#12260,.T.);
#12263=ORIENTED_EDGE('',*,*,#12262,.T.);
#12264=EDGE_LOOP('',(#12253,#12255,#12257,#12259,#12261,#12263));
#12265=FACE_OUTER_BOUND('',#12264,.F.);
#12266=ADVANCED_FACE('',(#12265),#12252,.F.);
#12267=CARTESIAN_POINT('',(1.8325E1,-8.75E-1,-4.28E0));
#12268=DIRECTION('',(0.E0,-1.E0,0.E0));
#12269=DIRECTION('',(-1.E0,0.E0,0.E0));
#12270=AXIS2_PLACEMENT_3D('',#12267,#12268,#12269);
#12271=PLANE('',#12270);
#12272=ORIENTED_EDGE('',*,*,#11962,.T.);
#12274=ORIENTED_EDGE('',*,*,#12273,.F.);
#12276=ORIENTED_EDGE('',*,*,#12275,.F.);
#12278=ORIENTED_EDGE('',*,*,#12277,.T.);
#12280=ORIENTED_EDGE('',*,*,#12279,.T.);
#12282=ORIENTED_EDGE('',*,*,#12281,.T.);
#12283=EDGE_LOOP('',(#12272,#12274,#12276,#12278,#12280,#12282));
#12284=FACE_OUTER_BOUND('',#12283,.F.);
#12285=ADVANCED_FACE('',(#12284),#12271,.F.);
#12286=CARTESIAN_POINT('',(1.8325E1,-8.75E-1,-4.28E0));
#12287=DIRECTION('',(0.E0,-1.E0,0.E0));
#12288=DIRECTION('',(-1.E0,0.E0,0.E0));
#12289=AXIS2_PLACEMENT_3D('',#12286,#12287,#12288);
#12290=PLANE('',#12289);
#12291=ORIENTED_EDGE('',*,*,#11997,.T.);
#12293=ORIENTED_EDGE('',*,*,#12292,.F.);
#12294=ORIENTED_EDGE('',*,*,#9181,.F.);
#12296=ORIENTED_EDGE('',*,*,#12295,.T.);
#12298=ORIENTED_EDGE('',*,*,#12297,.T.);
#12300=ORIENTED_EDGE('',*,*,#12299,.T.);
#12301=EDGE_LOOP('',(#12291,#12293,#12294,#12296,#12298,#12300));
#12302=FACE_OUTER_BOUND('',#12301,.F.);
#12303=ADVANCED_FACE('',(#12302),#12290,.F.);
#12304=CARTESIAN_POINT('',(1.8325E1,-8.75E-1,-4.28E0));
#12305=DIRECTION('',(0.E0,-1.E0,0.E0));
#12306=DIRECTION('',(-1.E0,0.E0,0.E0));
#12307=AXIS2_PLACEMENT_3D('',#12304,#12305,#12306);
#12308=PLANE('',#12307);
#12309=ORIENTED_EDGE('',*,*,#12031,.T.);
#12311=ORIENTED_EDGE('',*,*,#12310,.F.);
#12313=ORIENTED_EDGE('',*,*,#12312,.F.);
#12315=ORIENTED_EDGE('',*,*,#12314,.T.);
#12317=ORIENTED_EDGE('',*,*,#12316,.T.);
#12319=ORIENTED_EDGE('',*,*,#12318,.T.);
#12320=EDGE_LOOP('',(#12309,#12311,#12313,#12315,#12317,#12319));
#12321=FACE_OUTER_BOUND('',#12320,.F.);
#12322=ADVANCED_FACE('',(#12321),#12308,.F.);
#12323=CARTESIAN_POINT('',(1.8325E1,-8.75E-1,-4.28E0));
#12324=DIRECTION('',(0.E0,-1.E0,0.E0));
#12325=DIRECTION('',(-1.E0,0.E0,0.E0));
#12326=AXIS2_PLACEMENT_3D('',#12323,#12324,#12325);
#12327=PLANE('',#12326);
#12329=ORIENTED_EDGE('',*,*,#12328,.F.);
#12331=ORIENTED_EDGE('',*,*,#12330,.T.);
#12333=ORIENTED_EDGE('',*,*,#12332,.T.);
#12334=ORIENTED_EDGE('',*,*,#12043,.T.);
#12336=ORIENTED_EDGE('',*,*,#12335,.F.);
#12337=EDGE_LOOP('',(#12329,#12331,#12333,#12334,#12336));
#12338=FACE_OUTER_BOUND('',#12337,.F.);
#12339=ADVANCED_FACE('',(#12338),#12327,.F.);
#12340=CARTESIAN_POINT('',(-1.8325E1,-1.27E0,-3.68E0));
#12341=DIRECTION('',(0.E0,0.E0,-1.E0));
#12342=DIRECTION('',(1.E0,0.E0,0.E0));
#12343=AXIS2_PLACEMENT_3D('',#12340,#12341,#12342);
#12344=PLANE('',#12343);
#12345=ORIENTED_EDGE('',*,*,#12097,.F.);
#12346=ORIENTED_EDGE('',*,*,#10242,.F.);
#12348=ORIENTED_EDGE('',*,*,#12347,.F.);
#12349=ORIENTED_EDGE('',*,*,#9485,.T.);
#12350=EDGE_LOOP('',(#12345,#12346,#12348,#12349));
#12351=FACE_OUTER_BOUND('',#12350,.F.);
#12352=ADVANCED_FACE('',(#12351),#12344,.T.);
#12353=CARTESIAN_POINT('',(-1.8325E1,-1.27E0,-3.68E0));
#12354=DIRECTION('',(0.E0,0.E0,-1.E0));
#12355=DIRECTION('',(1.E0,0.E0,0.E0));
#12356=AXIS2_PLACEMENT_3D('',#12353,#12354,#12355);
#12357=PLANE('',#12356);
#12359=ORIENTED_EDGE('',*,*,#12358,.F.);
#12361=ORIENTED_EDGE('',*,*,#12360,.T.);
#12362=ORIENTED_EDGE('',*,*,#12111,.F.);
#12363=ORIENTED_EDGE('',*,*,#9742,.F.);
#12364=EDGE_LOOP('',(#12359,#12361,#12362,#12363));
#12365=FACE_OUTER_BOUND('',#12364,.F.);
#12366=ADVANCED_FACE('',(#12365),#12357,.T.);
#12367=CARTESIAN_POINT('',(-1.8325E1,-1.27E0,-3.68E0));
#12368=DIRECTION('',(0.E0,0.E0,-1.E0));
#12369=DIRECTION('',(1.E0,0.E0,0.E0));
#12370=AXIS2_PLACEMENT_3D('',#12367,#12368,#12369);
#12371=PLANE('',#12370);
#12373=ORIENTED_EDGE('',*,*,#12372,.T.);
#12374=ORIENTED_EDGE('',*,*,#12126,.F.);
#12376=ORIENTED_EDGE('',*,*,#12375,.F.);
#12378=ORIENTED_EDGE('',*,*,#12377,.F.);
#12379=ORIENTED_EDGE('',*,*,#11574,.T.);
#12380=EDGE_LOOP('',(#12373,#12374,#12376,#12378,#12379));
#12381=FACE_OUTER_BOUND('',#12380,.F.);
#12382=ADVANCED_FACE('',(#12381),#12371,.T.);
#12383=CARTESIAN_POINT('',(-1.8325E1,-1.27E0,-3.68E0));
#12384=DIRECTION('',(0.E0,0.E0,-1.E0));
#12385=DIRECTION('',(1.E0,0.E0,0.E0));
#12386=AXIS2_PLACEMENT_3D('',#12383,#12384,#12385);
#12387=PLANE('',#12386);
#12389=ORIENTED_EDGE('',*,*,#12388,.T.);
#12390=ORIENTED_EDGE('',*,*,#12144,.F.);
#12392=ORIENTED_EDGE('',*,*,#12391,.F.);
#12394=ORIENTED_EDGE('',*,*,#12393,.F.);
#12396=ORIENTED_EDGE('',*,*,#12395,.F.);
#12398=ORIENTED_EDGE('',*,*,#12397,.T.);
#12399=EDGE_LOOP('',(#12389,#12390,#12392,#12394,#12396,#12398));
#12400=FACE_OUTER_BOUND('',#12399,.F.);
#12401=ADVANCED_FACE('',(#12400),#12387,.T.);
#12402=CARTESIAN_POINT('',(-1.8325E1,-1.27E0,-3.68E0));
#12403=DIRECTION('',(0.E0,0.E0,-1.E0));
#12404=DIRECTION('',(1.E0,0.E0,0.E0));
#12405=AXIS2_PLACEMENT_3D('',#12402,#12403,#12404);
#12406=PLANE('',#12405);
#12408=ORIENTED_EDGE('',*,*,#12407,.T.);
#12409=ORIENTED_EDGE('',*,*,#12163,.F.);
#12411=ORIENTED_EDGE('',*,*,#12410,.F.);
#12413=ORIENTED_EDGE('',*,*,#12412,.F.);
#12415=ORIENTED_EDGE('',*,*,#12414,.F.);
#12417=ORIENTED_EDGE('',*,*,#12416,.T.);
#12418=EDGE_LOOP('',(#12408,#12409,#12411,#12413,#12415,#12417));
#12419=FACE_OUTER_BOUND('',#12418,.F.);
#12420=ADVANCED_FACE('',(#12419),#12406,.T.);
#12421=CARTESIAN_POINT('',(-1.8325E1,-1.27E0,-3.68E0));
#12422=DIRECTION('',(0.E0,0.E0,-1.E0));
#12423=DIRECTION('',(1.E0,0.E0,0.E0));
#12424=AXIS2_PLACEMENT_3D('',#12421,#12422,#12423);
#12425=PLANE('',#12424);
#12427=ORIENTED_EDGE('',*,*,#12426,.T.);
#12428=ORIENTED_EDGE('',*,*,#12182,.F.);
#12430=ORIENTED_EDGE('',*,*,#12429,.F.);
#12432=ORIENTED_EDGE('',*,*,#12431,.F.);
#12434=ORIENTED_EDGE('',*,*,#12433,.F.);
#12436=ORIENTED_EDGE('',*,*,#12435,.T.);
#12437=EDGE_LOOP('',(#12427,#12428,#12430,#12432,#12434,#12436));
#12438=FACE_OUTER_BOUND('',#12437,.F.);
#12439=ADVANCED_FACE('',(#12438),#12425,.T.);
#12440=CARTESIAN_POINT('',(-1.8325E1,-1.27E0,-3.68E0));
#12441=DIRECTION('',(0.E0,0.E0,-1.E0));
#12442=DIRECTION('',(1.E0,0.E0,0.E0));
#12443=AXIS2_PLACEMENT_3D('',#12440,#12441,#12442);
#12444=PLANE('',#12443);
#12446=ORIENTED_EDGE('',*,*,#12445,.T.);
#12447=ORIENTED_EDGE('',*,*,#12201,.F.);
#12449=ORIENTED_EDGE('',*,*,#12448,.F.);
#12451=ORIENTED_EDGE('',*,*,#12450,.F.);
#12453=ORIENTED_EDGE('',*,*,#12452,.F.);
#12455=ORIENTED_EDGE('',*,*,#12454,.T.);
#12456=EDGE_LOOP('',(#12446,#12447,#12449,#12451,#12453,#12455));
#12457=FACE_OUTER_BOUND('',#12456,.F.);
#12458=ADVANCED_FACE('',(#12457),#12444,.T.);
#12459=CARTESIAN_POINT('',(-1.8325E1,-1.27E0,-3.68E0));
#12460=DIRECTION('',(0.E0,0.E0,-1.E0));
#12461=DIRECTION('',(1.E0,0.E0,0.E0));
#12462=AXIS2_PLACEMENT_3D('',#12459,#12460,#12461);
#12463=PLANE('',#12462);
#12465=ORIENTED_EDGE('',*,*,#12464,.T.);
#12466=ORIENTED_EDGE('',*,*,#12220,.F.);
#12468=ORIENTED_EDGE('',*,*,#12467,.F.);
#12470=ORIENTED_EDGE('',*,*,#12469,.F.);
#12472=ORIENTED_EDGE('',*,*,#12471,.F.);
#12474=ORIENTED_EDGE('',*,*,#12473,.T.);
#12475=EDGE_LOOP('',(#12465,#12466,#12468,#12470,#12472,#12474));
#12476=FACE_OUTER_BOUND('',#12475,.F.);
#12477=ADVANCED_FACE('',(#12476),#12463,.T.);
#12478=CARTESIAN_POINT('',(-1.8325E1,-1.27E0,-3.68E0));
#12479=DIRECTION('',(0.E0,0.E0,-1.E0));
#12480=DIRECTION('',(1.E0,0.E0,0.E0));
#12481=AXIS2_PLACEMENT_3D('',#12478,#12479,#12480);
#12482=PLANE('',#12481);
#12484=ORIENTED_EDGE('',*,*,#12483,.T.);
#12485=ORIENTED_EDGE('',*,*,#12239,.F.);
#12487=ORIENTED_EDGE('',*,*,#12486,.F.);
#12489=ORIENTED_EDGE('',*,*,#12488,.F.);
#12491=ORIENTED_EDGE('',*,*,#12490,.F.);
#12493=ORIENTED_EDGE('',*,*,#12492,.T.);
#12494=EDGE_LOOP('',(#12484,#12485,#12487,#12489,#12491,#12493));
#12495=FACE_OUTER_BOUND('',#12494,.F.);
#12496=ADVANCED_FACE('',(#12495),#12482,.T.);
#12497=CARTESIAN_POINT('',(-1.8325E1,-1.27E0,-3.68E0));
#12498=DIRECTION('',(0.E0,0.E0,-1.E0));
#12499=DIRECTION('',(1.E0,0.E0,0.E0));
#12500=AXIS2_PLACEMENT_3D('',#12497,#12498,#12499);
#12501=PLANE('',#12500);
#12503=ORIENTED_EDGE('',*,*,#12502,.T.);
#12504=ORIENTED_EDGE('',*,*,#12258,.F.);
#12506=ORIENTED_EDGE('',*,*,#12505,.F.);
#12508=ORIENTED_EDGE('',*,*,#12507,.F.);
#12510=ORIENTED_EDGE('',*,*,#12509,.F.);
#12512=ORIENTED_EDGE('',*,*,#12511,.T.);
#12513=EDGE_LOOP('',(#12503,#12504,#12506,#12508,#12510,#12512));
#12514=FACE_OUTER_BOUND('',#12513,.F.);
#12515=ADVANCED_FACE('',(#12514),#12501,.T.);
#12516=CARTESIAN_POINT('',(-1.8325E1,-1.27E0,-3.68E0));
#12517=DIRECTION('',(0.E0,0.E0,-1.E0));
#12518=DIRECTION('',(1.E0,0.E0,0.E0));
#12519=AXIS2_PLACEMENT_3D('',#12516,#12517,#12518);
#12520=PLANE('',#12519);
#12522=ORIENTED_EDGE('',*,*,#12521,.T.);
#12523=ORIENTED_EDGE('',*,*,#12277,.F.);
#12525=ORIENTED_EDGE('',*,*,#12524,.F.);
#12527=ORIENTED_EDGE('',*,*,#12526,.F.);
#12529=ORIENTED_EDGE('',*,*,#12528,.F.);
#12531=ORIENTED_EDGE('',*,*,#12530,.T.);
#12532=EDGE_LOOP('',(#12522,#12523,#12525,#12527,#12529,#12531));
#12533=FACE_OUTER_BOUND('',#12532,.F.);
#12534=ADVANCED_FACE('',(#12533),#12520,.T.);
#12535=CARTESIAN_POINT('',(-1.8325E1,-1.27E0,-3.68E0));
#12536=DIRECTION('',(0.E0,0.E0,-1.E0));
#12537=DIRECTION('',(1.E0,0.E0,0.E0));
#12538=AXIS2_PLACEMENT_3D('',#12535,#12536,#12537);
#12539=PLANE('',#12538);
#12541=ORIENTED_EDGE('',*,*,#12540,.T.);
#12542=ORIENTED_EDGE('',*,*,#12295,.F.);
#12543=ORIENTED_EDGE('',*,*,#9179,.F.);
#12545=ORIENTED_EDGE('',*,*,#12544,.F.);
#12547=ORIENTED_EDGE('',*,*,#12546,.F.);
#12549=ORIENTED_EDGE('',*,*,#12548,.T.);
#12550=EDGE_LOOP('',(#12541,#12542,#12543,#12545,#12547,#12549));
#12551=FACE_OUTER_BOUND('',#12550,.F.);
#12552=ADVANCED_FACE('',(#12551),#12539,.T.);
#12553=CARTESIAN_POINT('',(-1.8325E1,-1.27E0,-3.68E0));
#12554=DIRECTION('',(0.E0,0.E0,-1.E0));
#12555=DIRECTION('',(1.E0,0.E0,0.E0));
#12556=AXIS2_PLACEMENT_3D('',#12553,#12554,#12555);
#12557=PLANE('',#12556);
#12559=ORIENTED_EDGE('',*,*,#12558,.T.);
#12560=ORIENTED_EDGE('',*,*,#12314,.F.);
#12562=ORIENTED_EDGE('',*,*,#12561,.F.);
#12564=ORIENTED_EDGE('',*,*,#12563,.F.);
#12566=ORIENTED_EDGE('',*,*,#12565,.F.);
#12568=ORIENTED_EDGE('',*,*,#12567,.T.);
#12569=EDGE_LOOP('',(#12559,#12560,#12562,#12564,#12566,#12568));
#12570=FACE_OUTER_BOUND('',#12569,.F.);
#12571=ADVANCED_FACE('',(#12570),#12557,.T.);
#12572=CARTESIAN_POINT('',(-1.8325E1,-1.27E0,-3.68E0));
#12573=DIRECTION('',(0.E0,0.E0,-1.E0));
#12574=DIRECTION('',(1.E0,0.E0,0.E0));
#12575=AXIS2_PLACEMENT_3D('',#12572,#12573,#12574);
#12576=PLANE('',#12575);
#12578=ORIENTED_EDGE('',*,*,#12577,.F.);
#12580=ORIENTED_EDGE('',*,*,#12579,.T.);
#12581=ORIENTED_EDGE('',*,*,#12330,.F.);
#12583=ORIENTED_EDGE('',*,*,#12582,.F.);
#12585=ORIENTED_EDGE('',*,*,#12584,.F.);
#12586=EDGE_LOOP('',(#12578,#12580,#12581,#12583,#12585));
#12587=FACE_OUTER_BOUND('',#12586,.F.);
#12588=ADVANCED_FACE('',(#12587),#12576,.T.);
#12589=CARTESIAN_POINT('',(-1.8325E1,8.75E-1,-4.28E0));
#12590=DIRECTION('',(0.E0,1.E0,0.E0));
#12591=DIRECTION('',(1.E0,0.E0,0.E0));
#12592=AXIS2_PLACEMENT_3D('',#12589,#12590,#12591);
#12593=PLANE('',#12592);
#12594=ORIENTED_EDGE('',*,*,#10240,.F.);
#12595=ORIENTED_EDGE('',*,*,#11673,.F.);
#12596=ORIENTED_EDGE('',*,*,#9487,.T.);
#12597=ORIENTED_EDGE('',*,*,#12347,.T.);
#12598=EDGE_LOOP('',(#12594,#12595,#12596,#12597));
#12599=FACE_OUTER_BOUND('',#12598,.F.);
#12600=ADVANCED_FACE('',(#12599),#12593,.F.);
#12601=CARTESIAN_POINT('',(-1.8325E1,8.75E-1,-4.28E0));
#12602=DIRECTION('',(0.E0,1.E0,0.E0));
#12603=DIRECTION('',(1.E0,0.E0,0.E0));
#12604=AXIS2_PLACEMENT_3D('',#12601,#12602,#12603);
#12605=PLANE('',#12604);
#12606=ORIENTED_EDGE('',*,*,#11641,.F.);
#12608=ORIENTED_EDGE('',*,*,#12607,.F.);
#12609=ORIENTED_EDGE('',*,*,#12358,.T.);
#12610=ORIENTED_EDGE('',*,*,#9740,.T.);
#12611=EDGE_LOOP('',(#12606,#12608,#12609,#12610));
#12612=FACE_OUTER_BOUND('',#12611,.F.);
#12613=ADVANCED_FACE('',(#12612),#12605,.F.);
#12614=CARTESIAN_POINT('',(-1.8325E1,8.75E-1,-4.28E0));
#12615=DIRECTION('',(0.E0,1.E0,0.E0));
#12616=DIRECTION('',(1.E0,0.E0,0.E0));
#12617=AXIS2_PLACEMENT_3D('',#12614,#12615,#12616);
#12618=PLANE('',#12617);
#12619=ORIENTED_EDGE('',*,*,#12377,.T.);
#12621=ORIENTED_EDGE('',*,*,#12620,.F.);
#12622=ORIENTED_EDGE('',*,*,#11697,.F.);
#12623=ORIENTED_EDGE('',*,*,#11576,.F.);
#12624=EDGE_LOOP('',(#12619,#12621,#12622,#12623));
#12625=FACE_OUTER_BOUND('',#12624,.F.);
#12626=ADVANCED_FACE('',(#12625),#12618,.F.);
#12627=CARTESIAN_POINT('',(-1.8325E1,8.75E-1,-4.28E0));
#12628=DIRECTION('',(0.E0,1.E0,0.E0));
#12629=DIRECTION('',(1.E0,0.E0,0.E0));
#12630=AXIS2_PLACEMENT_3D('',#12627,#12628,#12629);
#12631=PLANE('',#12630);
#12632=ORIENTED_EDGE('',*,*,#12395,.T.);
#12634=ORIENTED_EDGE('',*,*,#12633,.T.);
#12635=ORIENTED_EDGE('',*,*,#11729,.F.);
#12637=ORIENTED_EDGE('',*,*,#12636,.F.);
#12638=EDGE_LOOP('',(#12632,#12634,#12635,#12637));
#12639=FACE_OUTER_BOUND('',#12638,.F.);
#12640=ADVANCED_FACE('',(#12639),#12631,.F.);
#12641=CARTESIAN_POINT('',(-1.8325E1,8.75E-1,-4.28E0));
#12642=DIRECTION('',(0.E0,1.E0,0.E0));
#12643=DIRECTION('',(1.E0,0.E0,0.E0));
#12644=AXIS2_PLACEMENT_3D('',#12641,#12642,#12643);
#12645=PLANE('',#12644);
#12646=ORIENTED_EDGE('',*,*,#12414,.T.);
#12648=ORIENTED_EDGE('',*,*,#12647,.T.);
#12649=ORIENTED_EDGE('',*,*,#11764,.F.);
#12651=ORIENTED_EDGE('',*,*,#12650,.F.);
#12652=EDGE_LOOP('',(#12646,#12648,#12649,#12651));
#12653=FACE_OUTER_BOUND('',#12652,.F.);
#12654=ADVANCED_FACE('',(#12653),#12645,.F.);
#12655=CARTESIAN_POINT('',(-1.8325E1,8.75E-1,-4.28E0));
#12656=DIRECTION('',(0.E0,1.E0,0.E0));
#12657=DIRECTION('',(1.E0,0.E0,0.E0));
#12658=AXIS2_PLACEMENT_3D('',#12655,#12656,#12657);
#12659=PLANE('',#12658);
#12660=ORIENTED_EDGE('',*,*,#12433,.T.);
#12662=ORIENTED_EDGE('',*,*,#12661,.T.);
#12663=ORIENTED_EDGE('',*,*,#11799,.F.);
#12665=ORIENTED_EDGE('',*,*,#12664,.F.);
#12666=EDGE_LOOP('',(#12660,#12662,#12663,#12665));
#12667=FACE_OUTER_BOUND('',#12666,.F.);
#12668=ADVANCED_FACE('',(#12667),#12659,.F.);
#12669=CARTESIAN_POINT('',(-1.8325E1,8.75E-1,-4.28E0));
#12670=DIRECTION('',(0.E0,1.E0,0.E0));
#12671=DIRECTION('',(1.E0,0.E0,0.E0));
#12672=AXIS2_PLACEMENT_3D('',#12669,#12670,#12671);
#12673=PLANE('',#12672);
#12674=ORIENTED_EDGE('',*,*,#12452,.T.);
#12676=ORIENTED_EDGE('',*,*,#12675,.T.);
#12677=ORIENTED_EDGE('',*,*,#11834,.F.);
#12679=ORIENTED_EDGE('',*,*,#12678,.F.);
#12680=EDGE_LOOP('',(#12674,#12676,#12677,#12679));
#12681=FACE_OUTER_BOUND('',#12680,.F.);
#12682=ADVANCED_FACE('',(#12681),#12673,.F.);
#12683=CARTESIAN_POINT('',(-1.8325E1,8.75E-1,-4.28E0));
#12684=DIRECTION('',(0.E0,1.E0,0.E0));
#12685=DIRECTION('',(1.E0,0.E0,0.E0));
#12686=AXIS2_PLACEMENT_3D('',#12683,#12684,#12685);
#12687=PLANE('',#12686);
#12688=ORIENTED_EDGE('',*,*,#12471,.T.);
#12690=ORIENTED_EDGE('',*,*,#12689,.T.);
#12691=ORIENTED_EDGE('',*,*,#11869,.F.);
#12693=ORIENTED_EDGE('',*,*,#12692,.F.);
#12694=EDGE_LOOP('',(#12688,#12690,#12691,#12693));
#12695=FACE_OUTER_BOUND('',#12694,.F.);
#12696=ADVANCED_FACE('',(#12695),#12687,.F.);
#12697=CARTESIAN_POINT('',(-1.8325E1,8.75E-1,-4.28E0));
#12698=DIRECTION('',(0.E0,1.E0,0.E0));
#12699=DIRECTION('',(1.E0,0.E0,0.E0));
#12700=AXIS2_PLACEMENT_3D('',#12697,#12698,#12699);
#12701=PLANE('',#12700);
#12702=ORIENTED_EDGE('',*,*,#12490,.T.);
#12704=ORIENTED_EDGE('',*,*,#12703,.T.);
#12705=ORIENTED_EDGE('',*,*,#11904,.F.);
#12707=ORIENTED_EDGE('',*,*,#12706,.F.);
#12708=EDGE_LOOP('',(#12702,#12704,#12705,#12707));
#12709=FACE_OUTER_BOUND('',#12708,.F.);
#12710=ADVANCED_FACE('',(#12709),#12701,.F.);
#12711=CARTESIAN_POINT('',(-1.8325E1,8.75E-1,-4.28E0));
#12712=DIRECTION('',(0.E0,1.E0,0.E0));
#12713=DIRECTION('',(1.E0,0.E0,0.E0));
#12714=AXIS2_PLACEMENT_3D('',#12711,#12712,#12713);
#12715=PLANE('',#12714);
#12716=ORIENTED_EDGE('',*,*,#12509,.T.);
#12718=ORIENTED_EDGE('',*,*,#12717,.T.);
#12719=ORIENTED_EDGE('',*,*,#11939,.F.);
#12721=ORIENTED_EDGE('',*,*,#12720,.F.);
#12722=EDGE_LOOP('',(#12716,#12718,#12719,#12721));
#12723=FACE_OUTER_BOUND('',#12722,.F.);
#12724=ADVANCED_FACE('',(#12723),#12715,.F.);
#12725=CARTESIAN_POINT('',(-1.8325E1,8.75E-1,-4.28E0));
#12726=DIRECTION('',(0.E0,1.E0,0.E0));
#12727=DIRECTION('',(1.E0,0.E0,0.E0));
#12728=AXIS2_PLACEMENT_3D('',#12725,#12726,#12727);
#12729=PLANE('',#12728);
#12730=ORIENTED_EDGE('',*,*,#12528,.T.);
#12732=ORIENTED_EDGE('',*,*,#12731,.T.);
#12733=ORIENTED_EDGE('',*,*,#11974,.F.);
#12735=ORIENTED_EDGE('',*,*,#12734,.F.);
#12736=EDGE_LOOP('',(#12730,#12732,#12733,#12735));
#12737=FACE_OUTER_BOUND('',#12736,.F.);
#12738=ADVANCED_FACE('',(#12737),#12729,.F.);
#12739=CARTESIAN_POINT('',(-1.8325E1,8.75E-1,-4.28E0));
#12740=DIRECTION('',(0.E0,1.E0,0.E0));
#12741=DIRECTION('',(1.E0,0.E0,0.E0));
#12742=AXIS2_PLACEMENT_3D('',#12739,#12740,#12741);
#12743=PLANE('',#12742);
#12744=ORIENTED_EDGE('',*,*,#12546,.T.);
#12746=ORIENTED_EDGE('',*,*,#12745,.T.);
#12747=ORIENTED_EDGE('',*,*,#12009,.F.);
#12749=ORIENTED_EDGE('',*,*,#12748,.F.);
#12750=EDGE_LOOP('',(#12744,#12746,#12747,#12749));
#12751=FACE_OUTER_BOUND('',#12750,.F.);
#12752=ADVANCED_FACE('',(#12751),#12743,.F.);
#12753=CARTESIAN_POINT('',(-1.8325E1,8.75E-1,-4.28E0));
#12754=DIRECTION('',(0.E0,1.E0,0.E0));
#12755=DIRECTION('',(1.E0,0.E0,0.E0));
#12756=AXIS2_PLACEMENT_3D('',#12753,#12754,#12755);
#12757=PLANE('',#12756);
#12758=ORIENTED_EDGE('',*,*,#12565,.T.);
#12760=ORIENTED_EDGE('',*,*,#12759,.T.);
#12761=ORIENTED_EDGE('',*,*,#12058,.F.);
#12763=ORIENTED_EDGE('',*,*,#12762,.F.);
#12764=EDGE_LOOP('',(#12758,#12760,#12761,#12763));
#12765=FACE_OUTER_BOUND('',#12764,.F.);
#12766=ADVANCED_FACE('',(#12765),#12757,.F.);
#12767=CARTESIAN_POINT('',(-1.8325E1,8.75E-1,-4.28E0));
#12768=DIRECTION('',(0.E0,1.E0,0.E0));
#12769=DIRECTION('',(1.E0,0.E0,0.E0));
#12770=AXIS2_PLACEMENT_3D('',#12767,#12768,#12769);
#12771=PLANE('',#12770);
#12772=ORIENTED_EDGE('',*,*,#12084,.F.);
#12774=ORIENTED_EDGE('',*,*,#12773,.F.);
#12775=ORIENTED_EDGE('',*,*,#12577,.T.);
#12777=ORIENTED_EDGE('',*,*,#12776,.T.);
#12778=EDGE_LOOP('',(#12772,#12774,#12775,#12777));
#12779=FACE_OUTER_BOUND('',#12778,.F.);
#12780=ADVANCED_FACE('',(#12779),#12771,.F.);
#12781=CARTESIAN_POINT('',(-1.8325E1,0.E0,0.E0));
#12782=DIRECTION('',(1.E0,0.E0,0.E0));
#12783=DIRECTION('',(0.E0,0.E0,-1.E0));
#12784=AXIS2_PLACEMENT_3D('',#12781,#12782,#12783);
#12785=PLANE('',#12784);
#12786=ORIENTED_EDGE('',*,*,#9622,.T.);
#12787=ORIENTED_EDGE('',*,*,#9775,.F.);
#12788=ORIENTED_EDGE('',*,*,#10214,.F.);
#12789=ORIENTED_EDGE('',*,*,#10187,.T.);
#12790=ORIENTED_EDGE('',*,*,#9977,.T.);
#12791=ORIENTED_EDGE('',*,*,#9221,.T.);
#12792=ORIENTED_EDGE('',*,*,#11629,.T.);
#12793=ORIENTED_EDGE('',*,*,#12113,.F.);
#12794=ORIENTED_EDGE('',*,*,#12360,.F.);
#12795=ORIENTED_EDGE('',*,*,#12607,.T.);
#12796=ORIENTED_EDGE('',*,*,#11646,.T.);
#12798=ORIENTED_EDGE('',*,*,#12797,.T.);
#12800=ORIENTED_EDGE('',*,*,#12799,.T.);
#12802=ORIENTED_EDGE('',*,*,#12801,.T.);
#12804=ORIENTED_EDGE('',*,*,#12803,.F.);
#12806=ORIENTED_EDGE('',*,*,#12805,.F.);
#12808=ORIENTED_EDGE('',*,*,#12807,.F.);
#12809=EDGE_LOOP('',(#12786,#12787,#12788,#12789,#12790,#12791,#12792,#12793,
#12794,#12795,#12796,#12798,#12800,#12802,#12804,#12806,#12808));
#12810=FACE_OUTER_BOUND('',#12809,.F.);
#12811=ADVANCED_FACE('',(#12810),#12785,.F.);
#12812=CARTESIAN_POINT('',(-1.8325E1,1.27E0,-4.28E0));
#12813=DIRECTION('',(0.E0,-1.E0,0.E0));
#12814=DIRECTION('',(0.E0,0.E0,-1.E0));
#12815=AXIS2_PLACEMENT_3D('',#12812,#12813,#12814);
#12816=PLANE('',#12815);
#12817=ORIENTED_EDGE('',*,*,#9491,.F.);
#12818=ORIENTED_EDGE('',*,*,#11670,.T.);
#12819=ORIENTED_EDGE('',*,*,#10236,.T.);
#12821=ORIENTED_EDGE('',*,*,#12820,.F.);
#12822=EDGE_LOOP('',(#12817,#12818,#12819,#12821));
#12823=FACE_OUTER_BOUND('',#12822,.F.);
#12824=ADVANCED_FACE('',(#12823),#12816,.T.);
#12825=CARTESIAN_POINT('',(-1.8325E1,1.27E0,-4.28E0));
#12826=DIRECTION('',(0.E0,-1.E0,0.E0));
#12827=DIRECTION('',(0.E0,0.E0,-1.E0));
#12828=AXIS2_PLACEMENT_3D('',#12825,#12826,#12827);
#12829=PLANE('',#12828);
#12830=ORIENTED_EDGE('',*,*,#11644,.T.);
#12831=ORIENTED_EDGE('',*,*,#9736,.T.);
#12833=ORIENTED_EDGE('',*,*,#12832,.F.);
#12834=ORIENTED_EDGE('',*,*,#12797,.F.);
#12835=EDGE_LOOP('',(#12830,#12831,#12833,#12834));
#12836=FACE_OUTER_BOUND('',#12835,.F.);
#12837=ADVANCED_FACE('',(#12836),#12829,.T.);
#12838=CARTESIAN_POINT('',(-1.8325E1,1.27E0,-4.28E0));
#12839=DIRECTION('',(0.E0,-1.E0,0.E0));
#12840=DIRECTION('',(0.E0,0.E0,-1.E0));
#12841=AXIS2_PLACEMENT_3D('',#12838,#12839,#12840);
#12842=PLANE('',#12841);
#12844=ORIENTED_EDGE('',*,*,#12843,.F.);
#12845=ORIENTED_EDGE('',*,*,#11701,.T.);
#12847=ORIENTED_EDGE('',*,*,#12846,.T.);
#12849=ORIENTED_EDGE('',*,*,#12848,.F.);
#12850=EDGE_LOOP('',(#12844,#12845,#12847,#12849));
#12851=FACE_OUTER_BOUND('',#12850,.F.);
#12852=ADVANCED_FACE('',(#12851),#12842,.T.);
#12853=CARTESIAN_POINT('',(-1.8325E1,1.27E0,-4.28E0));
#12854=DIRECTION('',(0.E0,-1.E0,0.E0));
#12855=DIRECTION('',(0.E0,0.E0,-1.E0));
#12856=AXIS2_PLACEMENT_3D('',#12853,#12854,#12855);
#12857=PLANE('',#12856);
#12859=ORIENTED_EDGE('',*,*,#12858,.F.);
#12860=ORIENTED_EDGE('',*,*,#11735,.T.);
#12862=ORIENTED_EDGE('',*,*,#12861,.T.);
#12864=ORIENTED_EDGE('',*,*,#12863,.F.);
#12865=EDGE_LOOP('',(#12859,#12860,#12862,#12864));
#12866=FACE_OUTER_BOUND('',#12865,.F.);
#12867=ADVANCED_FACE('',(#12866),#12857,.T.);
#12868=CARTESIAN_POINT('',(-1.8325E1,1.27E0,-4.28E0));
#12869=DIRECTION('',(0.E0,-1.E0,0.E0));
#12870=DIRECTION('',(0.E0,0.E0,-1.E0));
#12871=AXIS2_PLACEMENT_3D('',#12868,#12869,#12870);
#12872=PLANE('',#12871);
#12874=ORIENTED_EDGE('',*,*,#12873,.F.);
#12875=ORIENTED_EDGE('',*,*,#11770,.T.);
#12877=ORIENTED_EDGE('',*,*,#12876,.T.);
#12879=ORIENTED_EDGE('',*,*,#12878,.F.);
#12880=EDGE_LOOP('',(#12874,#12875,#12877,#12879));
#12881=FACE_OUTER_BOUND('',#12880,.F.);
#12882=ADVANCED_FACE('',(#12881),#12872,.T.);
#12883=CARTESIAN_POINT('',(-1.8325E1,1.27E0,-4.28E0));
#12884=DIRECTION('',(0.E0,-1.E0,0.E0));
#12885=DIRECTION('',(0.E0,0.E0,-1.E0));
#12886=AXIS2_PLACEMENT_3D('',#12883,#12884,#12885);
#12887=PLANE('',#12886);
#12889=ORIENTED_EDGE('',*,*,#12888,.F.);
#12890=ORIENTED_EDGE('',*,*,#11805,.T.);
#12892=ORIENTED_EDGE('',*,*,#12891,.T.);
#12894=ORIENTED_EDGE('',*,*,#12893,.F.);
#12895=EDGE_LOOP('',(#12889,#12890,#12892,#12894));
#12896=FACE_OUTER_BOUND('',#12895,.F.);
#12897=ADVANCED_FACE('',(#12896),#12887,.T.);
#12898=CARTESIAN_POINT('',(-1.8325E1,1.27E0,-4.28E0));
#12899=DIRECTION('',(0.E0,-1.E0,0.E0));
#12900=DIRECTION('',(0.E0,0.E0,-1.E0));
#12901=AXIS2_PLACEMENT_3D('',#12898,#12899,#12900);
#12902=PLANE('',#12901);
#12904=ORIENTED_EDGE('',*,*,#12903,.F.);
#12905=ORIENTED_EDGE('',*,*,#11840,.T.);
#12907=ORIENTED_EDGE('',*,*,#12906,.T.);
#12909=ORIENTED_EDGE('',*,*,#12908,.F.);
#12910=EDGE_LOOP('',(#12904,#12905,#12907,#12909));
#12911=FACE_OUTER_BOUND('',#12910,.F.);
#12912=ADVANCED_FACE('',(#12911),#12902,.T.);
#12913=CARTESIAN_POINT('',(-1.8325E1,1.27E0,-4.28E0));
#12914=DIRECTION('',(0.E0,-1.E0,0.E0));
#12915=DIRECTION('',(0.E0,0.E0,-1.E0));
#12916=AXIS2_PLACEMENT_3D('',#12913,#12914,#12915);
#12917=PLANE('',#12916);
#12919=ORIENTED_EDGE('',*,*,#12918,.F.);
#12920=ORIENTED_EDGE('',*,*,#11875,.T.);
#12922=ORIENTED_EDGE('',*,*,#12921,.T.);
#12924=ORIENTED_EDGE('',*,*,#12923,.F.);
#12925=EDGE_LOOP('',(#12919,#12920,#12922,#12924));
#12926=FACE_OUTER_BOUND('',#12925,.F.);
#12927=ADVANCED_FACE('',(#12926),#12917,.T.);
#12928=CARTESIAN_POINT('',(-1.8325E1,1.27E0,-4.28E0));
#12929=DIRECTION('',(0.E0,-1.E0,0.E0));
#12930=DIRECTION('',(0.E0,0.E0,-1.E0));
#12931=AXIS2_PLACEMENT_3D('',#12928,#12929,#12930);
#12932=PLANE('',#12931);
#12934=ORIENTED_EDGE('',*,*,#12933,.F.);
#12935=ORIENTED_EDGE('',*,*,#11910,.T.);
#12937=ORIENTED_EDGE('',*,*,#12936,.T.);
#12939=ORIENTED_EDGE('',*,*,#12938,.F.);
#12940=EDGE_LOOP('',(#12934,#12935,#12937,#12939));
#12941=FACE_OUTER_BOUND('',#12940,.F.);
#12942=ADVANCED_FACE('',(#12941),#12932,.T.);
#12943=CARTESIAN_POINT('',(-1.8325E1,1.27E0,-4.28E0));
#12944=DIRECTION('',(0.E0,-1.E0,0.E0));
#12945=DIRECTION('',(0.E0,0.E0,-1.E0));
#12946=AXIS2_PLACEMENT_3D('',#12943,#12944,#12945);
#12947=PLANE('',#12946);
#12949=ORIENTED_EDGE('',*,*,#12948,.F.);
#12950=ORIENTED_EDGE('',*,*,#11945,.T.);
#12952=ORIENTED_EDGE('',*,*,#12951,.T.);
#12954=ORIENTED_EDGE('',*,*,#12953,.F.);
#12955=EDGE_LOOP('',(#12949,#12950,#12952,#12954));
#12956=FACE_OUTER_BOUND('',#12955,.F.);
#12957=ADVANCED_FACE('',(#12956),#12947,.T.);
#12958=CARTESIAN_POINT('',(-1.8325E1,1.27E0,-4.28E0));
#12959=DIRECTION('',(0.E0,-1.E0,0.E0));
#12960=DIRECTION('',(0.E0,0.E0,-1.E0));
#12961=AXIS2_PLACEMENT_3D('',#12958,#12959,#12960);
#12962=PLANE('',#12961);
#12964=ORIENTED_EDGE('',*,*,#12963,.F.);
#12965=ORIENTED_EDGE('',*,*,#11980,.T.);
#12967=ORIENTED_EDGE('',*,*,#12966,.T.);
#12969=ORIENTED_EDGE('',*,*,#12968,.F.);
#12970=EDGE_LOOP('',(#12964,#12965,#12967,#12969));
#12971=FACE_OUTER_BOUND('',#12970,.F.);
#12972=ADVANCED_FACE('',(#12971),#12962,.T.);
#12973=CARTESIAN_POINT('',(-1.8325E1,1.27E0,-4.28E0));
#12974=DIRECTION('',(0.E0,-1.E0,0.E0));
#12975=DIRECTION('',(0.E0,0.E0,-1.E0));
#12976=AXIS2_PLACEMENT_3D('',#12973,#12974,#12975);
#12977=PLANE('',#12976);
#12979=ORIENTED_EDGE('',*,*,#12978,.F.);
#12980=ORIENTED_EDGE('',*,*,#12014,.T.);
#12981=ORIENTED_EDGE('',*,*,#9165,.T.);
#12983=ORIENTED_EDGE('',*,*,#12982,.F.);
#12984=EDGE_LOOP('',(#12979,#12980,#12981,#12983));
#12985=FACE_OUTER_BOUND('',#12984,.F.);
#12986=ADVANCED_FACE('',(#12985),#12977,.T.);
#12987=CARTESIAN_POINT('',(-1.8325E1,1.27E0,-4.28E0));
#12988=DIRECTION('',(0.E0,-1.E0,0.E0));
#12989=DIRECTION('',(0.E0,0.E0,-1.E0));
#12990=AXIS2_PLACEMENT_3D('',#12987,#12988,#12989);
#12991=PLANE('',#12990);
#12993=ORIENTED_EDGE('',*,*,#12992,.T.);
#12995=ORIENTED_EDGE('',*,*,#12994,.F.);
#12997=ORIENTED_EDGE('',*,*,#12996,.F.);
#12998=ORIENTED_EDGE('',*,*,#12080,.T.);
#12999=EDGE_LOOP('',(#12993,#12995,#12997,#12998));
#13000=FACE_OUTER_BOUND('',#12999,.F.);
#13001=ADVANCED_FACE('',(#13000),#12991,.T.);
#13002=CARTESIAN_POINT('',(-1.8325E1,1.27E0,-4.28E0));
#13003=DIRECTION('',(0.E0,-1.E0,0.E0));
#13004=DIRECTION('',(0.E0,0.E0,-1.E0));
#13005=AXIS2_PLACEMENT_3D('',#13002,#13003,#13004);
#13006=PLANE('',#13005);
#13008=ORIENTED_EDGE('',*,*,#13007,.F.);
#13009=ORIENTED_EDGE('',*,*,#12064,.T.);
#13011=ORIENTED_EDGE('',*,*,#13010,.T.);
#13013=ORIENTED_EDGE('',*,*,#13012,.F.);
#13014=EDGE_LOOP('',(#13008,#13009,#13011,#13013));
#13015=FACE_OUTER_BOUND('',#13014,.F.);
#13016=ADVANCED_FACE('',(#13015),#13006,.T.);
#13017=CARTESIAN_POINT('',(-1.8325E1,1.27E0,-4.95E0));
#13018=DIRECTION('',(0.E0,0.E0,-1.E0));
#13019=DIRECTION('',(0.E0,1.E0,0.E0));
#13020=AXIS2_PLACEMENT_3D('',#13017,#13018,#13019);
#13021=PLANE('',#13020);
#13022=ORIENTED_EDGE('',*,*,#9493,.F.);
#13023=ORIENTED_EDGE('',*,*,#12820,.T.);
#13024=ORIENTED_EDGE('',*,*,#10234,.T.);
#13026=ORIENTED_EDGE('',*,*,#13025,.F.);
#13027=EDGE_LOOP('',(#13022,#13023,#13024,#13026));
#13028=FACE_OUTER_BOUND('',#13027,.F.);
#13029=ADVANCED_FACE('',(#13028),#13021,.T.);
#13030=CARTESIAN_POINT('',(-1.8325E1,1.27E0,-4.95E0));
#13031=DIRECTION('',(0.E0,0.E0,-1.E0));
#13032=DIRECTION('',(0.E0,1.E0,0.E0));
#13033=AXIS2_PLACEMENT_3D('',#13030,#13031,#13032);
#13034=PLANE('',#13033);
#13035=ORIENTED_EDGE('',*,*,#12832,.T.);
#13036=ORIENTED_EDGE('',*,*,#9734,.T.);
#13038=ORIENTED_EDGE('',*,*,#13037,.F.);
#13039=ORIENTED_EDGE('',*,*,#12799,.F.);
#13040=EDGE_LOOP('',(#13035,#13036,#13038,#13039));
#13041=FACE_OUTER_BOUND('',#13040,.F.);
#13042=ADVANCED_FACE('',(#13041),#13034,.T.);
#13043=CARTESIAN_POINT('',(-1.8325E1,1.27E0,-4.95E0));
#13044=DIRECTION('',(0.E0,0.E0,-1.E0));
#13045=DIRECTION('',(0.E0,1.E0,0.E0));
#13046=AXIS2_PLACEMENT_3D('',#13043,#13044,#13045);
#13047=PLANE('',#13046);
#13049=ORIENTED_EDGE('',*,*,#13048,.F.);
#13050=ORIENTED_EDGE('',*,*,#12848,.T.);
#13052=ORIENTED_EDGE('',*,*,#13051,.T.);
#13054=ORIENTED_EDGE('',*,*,#13053,.F.);
#13055=EDGE_LOOP('',(#13049,#13050,#13052,#13054));
#13056=FACE_OUTER_BOUND('',#13055,.F.);
#13057=ADVANCED_FACE('',(#13056),#13047,.T.);
#13058=CARTESIAN_POINT('',(-1.8325E1,1.27E0,-4.95E0));
#13059=DIRECTION('',(0.E0,0.E0,-1.E0));
#13060=DIRECTION('',(0.E0,1.E0,0.E0));
#13061=AXIS2_PLACEMENT_3D('',#13058,#13059,#13060);
#13062=PLANE('',#13061);
#13064=ORIENTED_EDGE('',*,*,#13063,.F.);
#13065=ORIENTED_EDGE('',*,*,#12863,.T.);
#13067=ORIENTED_EDGE('',*,*,#13066,.T.);
#13069=ORIENTED_EDGE('',*,*,#13068,.F.);
#13070=EDGE_LOOP('',(#13064,#13065,#13067,#13069));
#13071=FACE_OUTER_BOUND('',#13070,.F.);
#13072=ADVANCED_FACE('',(#13071),#13062,.T.);
#13073=CARTESIAN_POINT('',(-1.8325E1,1.27E0,-4.95E0));
#13074=DIRECTION('',(0.E0,0.E0,-1.E0));
#13075=DIRECTION('',(0.E0,1.E0,0.E0));
#13076=AXIS2_PLACEMENT_3D('',#13073,#13074,#13075);
#13077=PLANE('',#13076);
#13079=ORIENTED_EDGE('',*,*,#13078,.F.);
#13080=ORIENTED_EDGE('',*,*,#12878,.T.);
#13082=ORIENTED_EDGE('',*,*,#13081,.T.);
#13084=ORIENTED_EDGE('',*,*,#13083,.F.);
#13085=EDGE_LOOP('',(#13079,#13080,#13082,#13084));
#13086=FACE_OUTER_BOUND('',#13085,.F.);
#13087=ADVANCED_FACE('',(#13086),#13077,.T.);
#13088=CARTESIAN_POINT('',(-1.8325E1,1.27E0,-4.95E0));
#13089=DIRECTION('',(0.E0,0.E0,-1.E0));
#13090=DIRECTION('',(0.E0,1.E0,0.E0));
#13091=AXIS2_PLACEMENT_3D('',#13088,#13089,#13090);
#13092=PLANE('',#13091);
#13094=ORIENTED_EDGE('',*,*,#13093,.F.);
#13095=ORIENTED_EDGE('',*,*,#12893,.T.);
#13097=ORIENTED_EDGE('',*,*,#13096,.T.);
#13099=ORIENTED_EDGE('',*,*,#13098,.F.);
#13100=EDGE_LOOP('',(#13094,#13095,#13097,#13099));
#13101=FACE_OUTER_BOUND('',#13100,.F.);
#13102=ADVANCED_FACE('',(#13101),#13092,.T.);
#13103=CARTESIAN_POINT('',(-1.8325E1,1.27E0,-4.95E0));
#13104=DIRECTION('',(0.E0,0.E0,-1.E0));
#13105=DIRECTION('',(0.E0,1.E0,0.E0));
#13106=AXIS2_PLACEMENT_3D('',#13103,#13104,#13105);
#13107=PLANE('',#13106);
#13109=ORIENTED_EDGE('',*,*,#13108,.F.);
#13110=ORIENTED_EDGE('',*,*,#12908,.T.);
#13112=ORIENTED_EDGE('',*,*,#13111,.T.);
#13114=ORIENTED_EDGE('',*,*,#13113,.F.);
#13115=EDGE_LOOP('',(#13109,#13110,#13112,#13114));
#13116=FACE_OUTER_BOUND('',#13115,.F.);
#13117=ADVANCED_FACE('',(#13116),#13107,.T.);
#13118=CARTESIAN_POINT('',(-1.8325E1,1.27E0,-4.95E0));
#13119=DIRECTION('',(0.E0,0.E0,-1.E0));
#13120=DIRECTION('',(0.E0,1.E0,0.E0));
#13121=AXIS2_PLACEMENT_3D('',#13118,#13119,#13120);
#13122=PLANE('',#13121);
#13124=ORIENTED_EDGE('',*,*,#13123,.F.);
#13125=ORIENTED_EDGE('',*,*,#12923,.T.);
#13127=ORIENTED_EDGE('',*,*,#13126,.T.);
#13129=ORIENTED_EDGE('',*,*,#13128,.F.);
#13130=EDGE_LOOP('',(#13124,#13125,#13127,#13129));
#13131=FACE_OUTER_BOUND('',#13130,.F.);
#13132=ADVANCED_FACE('',(#13131),#13122,.T.);
#13133=CARTESIAN_POINT('',(-1.8325E1,1.27E0,-4.95E0));
#13134=DIRECTION('',(0.E0,0.E0,-1.E0));
#13135=DIRECTION('',(0.E0,1.E0,0.E0));
#13136=AXIS2_PLACEMENT_3D('',#13133,#13134,#13135);
#13137=PLANE('',#13136);
#13139=ORIENTED_EDGE('',*,*,#13138,.F.);
#13140=ORIENTED_EDGE('',*,*,#12938,.T.);
#13142=ORIENTED_EDGE('',*,*,#13141,.T.);
#13144=ORIENTED_EDGE('',*,*,#13143,.F.);
#13145=EDGE_LOOP('',(#13139,#13140,#13142,#13144));
#13146=FACE_OUTER_BOUND('',#13145,.F.);
#13147=ADVANCED_FACE('',(#13146),#13137,.T.);
#13148=CARTESIAN_POINT('',(-1.8325E1,1.27E0,-4.95E0));
#13149=DIRECTION('',(0.E0,0.E0,-1.E0));
#13150=DIRECTION('',(0.E0,1.E0,0.E0));
#13151=AXIS2_PLACEMENT_3D('',#13148,#13149,#13150);
#13152=PLANE('',#13151);
#13154=ORIENTED_EDGE('',*,*,#13153,.F.);
#13155=ORIENTED_EDGE('',*,*,#12953,.T.);
#13157=ORIENTED_EDGE('',*,*,#13156,.T.);
#13159=ORIENTED_EDGE('',*,*,#13158,.F.);
#13160=EDGE_LOOP('',(#13154,#13155,#13157,#13159));
#13161=FACE_OUTER_BOUND('',#13160,.F.);
#13162=ADVANCED_FACE('',(#13161),#13152,.T.);
#13163=CARTESIAN_POINT('',(-1.8325E1,1.27E0,-4.95E0));
#13164=DIRECTION('',(0.E0,0.E0,-1.E0));
#13165=DIRECTION('',(0.E0,1.E0,0.E0));
#13166=AXIS2_PLACEMENT_3D('',#13163,#13164,#13165);
#13167=PLANE('',#13166);
#13169=ORIENTED_EDGE('',*,*,#13168,.F.);
#13170=ORIENTED_EDGE('',*,*,#12968,.T.);
#13172=ORIENTED_EDGE('',*,*,#13171,.T.);
#13174=ORIENTED_EDGE('',*,*,#13173,.F.);
#13175=EDGE_LOOP('',(#13169,#13170,#13172,#13174));
#13176=FACE_OUTER_BOUND('',#13175,.F.);
#13177=ADVANCED_FACE('',(#13176),#13167,.T.);
#13178=CARTESIAN_POINT('',(-1.8325E1,1.27E0,-4.95E0));
#13179=DIRECTION('',(0.E0,0.E0,-1.E0));
#13180=DIRECTION('',(0.E0,1.E0,0.E0));
#13181=AXIS2_PLACEMENT_3D('',#13178,#13179,#13180);
#13182=PLANE('',#13181);
#13184=ORIENTED_EDGE('',*,*,#13183,.F.);
#13185=ORIENTED_EDGE('',*,*,#12982,.T.);
#13186=ORIENTED_EDGE('',*,*,#9163,.T.);
#13188=ORIENTED_EDGE('',*,*,#13187,.F.);
#13189=EDGE_LOOP('',(#13184,#13185,#13186,#13188));
#13190=FACE_OUTER_BOUND('',#13189,.F.);
#13191=ADVANCED_FACE('',(#13190),#13182,.T.);
#13192=CARTESIAN_POINT('',(-1.8325E1,1.27E0,-4.95E0));
#13193=DIRECTION('',(0.E0,0.E0,-1.E0));
#13194=DIRECTION('',(0.E0,1.E0,0.E0));
#13195=AXIS2_PLACEMENT_3D('',#13192,#13193,#13194);
#13196=PLANE('',#13195);
#13198=ORIENTED_EDGE('',*,*,#13197,.T.);
#13200=ORIENTED_EDGE('',*,*,#13199,.F.);
#13202=ORIENTED_EDGE('',*,*,#13201,.F.);
#13203=ORIENTED_EDGE('',*,*,#12994,.T.);
#13204=EDGE_LOOP('',(#13198,#13200,#13202,#13203));
#13205=FACE_OUTER_BOUND('',#13204,.F.);
#13206=ADVANCED_FACE('',(#13205),#13196,.T.);
#13207=CARTESIAN_POINT('',(-1.8325E1,1.27E0,-4.95E0));
#13208=DIRECTION('',(0.E0,0.E0,-1.E0));
#13209=DIRECTION('',(0.E0,1.E0,0.E0));
#13210=AXIS2_PLACEMENT_3D('',#13207,#13208,#13209);
#13211=PLANE('',#13210);
#13213=ORIENTED_EDGE('',*,*,#13212,.F.);
#13214=ORIENTED_EDGE('',*,*,#13012,.T.);
#13216=ORIENTED_EDGE('',*,*,#13215,.T.);
#13218=ORIENTED_EDGE('',*,*,#13217,.F.);
#13219=EDGE_LOOP('',(#13213,#13214,#13216,#13218));
#13220=FACE_OUTER_BOUND('',#13219,.F.);
#13221=ADVANCED_FACE('',(#13220),#13211,.T.);
#13222=CARTESIAN_POINT('',(-1.8325E1,1.93E0,-4.95E0));
#13223=DIRECTION('',(0.E0,1.E0,0.E0));
#13224=DIRECTION('',(0.E0,0.E0,1.E0));
#13225=AXIS2_PLACEMENT_3D('',#13222,#13223,#13224);
#13226=PLANE('',#13225);
#13228=ORIENTED_EDGE('',*,*,#13227,.T.);
#13230=ORIENTED_EDGE('',*,*,#13229,.T.);
#13232=ORIENTED_EDGE('',*,*,#13231,.F.);
#13233=ORIENTED_EDGE('',*,*,#13217,.T.);
#13235=ORIENTED_EDGE('',*,*,#13234,.T.);
#13237=ORIENTED_EDGE('',*,*,#13236,.T.);
#13239=ORIENTED_EDGE('',*,*,#13238,.F.);
#13240=ORIENTED_EDGE('',*,*,#13187,.T.);
#13241=ORIENTED_EDGE('',*,*,#9161,.T.);
#13243=ORIENTED_EDGE('',*,*,#13242,.T.);
#13245=ORIENTED_EDGE('',*,*,#13244,.F.);
#13246=ORIENTED_EDGE('',*,*,#13173,.T.);
#13248=ORIENTED_EDGE('',*,*,#13247,.T.);
#13250=ORIENTED_EDGE('',*,*,#13249,.T.);
#13252=ORIENTED_EDGE('',*,*,#13251,.F.);
#13253=ORIENTED_EDGE('',*,*,#13158,.T.);
#13255=ORIENTED_EDGE('',*,*,#13254,.T.);
#13257=ORIENTED_EDGE('',*,*,#13256,.T.);
#13259=ORIENTED_EDGE('',*,*,#13258,.F.);
#13260=ORIENTED_EDGE('',*,*,#13143,.T.);
#13262=ORIENTED_EDGE('',*,*,#13261,.T.);
#13264=ORIENTED_EDGE('',*,*,#13263,.T.);
#13266=ORIENTED_EDGE('',*,*,#13265,.F.);
#13267=ORIENTED_EDGE('',*,*,#13128,.T.);
#13269=ORIENTED_EDGE('',*,*,#13268,.T.);
#13271=ORIENTED_EDGE('',*,*,#13270,.T.);
#13273=ORIENTED_EDGE('',*,*,#13272,.F.);
#13274=ORIENTED_EDGE('',*,*,#13113,.T.);
#13276=ORIENTED_EDGE('',*,*,#13275,.T.);
#13278=ORIENTED_EDGE('',*,*,#13277,.T.);
#13280=ORIENTED_EDGE('',*,*,#13279,.F.);
#13281=ORIENTED_EDGE('',*,*,#13098,.T.);
#13283=ORIENTED_EDGE('',*,*,#13282,.T.);
#13285=ORIENTED_EDGE('',*,*,#13284,.T.);
#13287=ORIENTED_EDGE('',*,*,#13286,.F.);
#13288=ORIENTED_EDGE('',*,*,#13083,.T.);
#13290=ORIENTED_EDGE('',*,*,#13289,.T.);
#13292=ORIENTED_EDGE('',*,*,#13291,.T.);
#13294=ORIENTED_EDGE('',*,*,#13293,.F.);
#13295=ORIENTED_EDGE('',*,*,#13068,.T.);
#13297=ORIENTED_EDGE('',*,*,#13296,.T.);
#13299=ORIENTED_EDGE('',*,*,#13298,.T.);
#13301=ORIENTED_EDGE('',*,*,#13300,.F.);
#13302=ORIENTED_EDGE('',*,*,#13053,.T.);
#13304=ORIENTED_EDGE('',*,*,#13303,.T.);
#13306=ORIENTED_EDGE('',*,*,#13305,.T.);
#13307=ORIENTED_EDGE('',*,*,#9495,.F.);
#13308=ORIENTED_EDGE('',*,*,#13025,.T.);
#13309=ORIENTED_EDGE('',*,*,#10232,.T.);
#13310=ORIENTED_EDGE('',*,*,#10281,.F.);
#13311=ORIENTED_EDGE('',*,*,#10392,.F.);
#13313=ORIENTED_EDGE('',*,*,#13312,.F.);
#13314=ORIENTED_EDGE('',*,*,#12801,.F.);
#13315=ORIENTED_EDGE('',*,*,#13037,.T.);
#13316=ORIENTED_EDGE('',*,*,#9732,.T.);
#13318=ORIENTED_EDGE('',*,*,#13317,.T.);
#13320=ORIENTED_EDGE('',*,*,#13319,.F.);
#13321=ORIENTED_EDGE('',*,*,#13199,.T.);
#13322=EDGE_LOOP('',(#13228,#13230,#13232,#13233,#13235,#13237,#13239,#13240,
#13241,#13243,#13245,#13246,#13248,#13250,#13252,#13253,#13255,#13257,#13259,
#13260,#13262,#13264,#13266,#13267,#13269,#13271,#13273,#13274,#13276,#13278,
#13280,#13281,#13283,#13285,#13287,#13288,#13290,#13292,#13294,#13295,#13297,
#13299,#13301,#13302,#13304,#13306,#13307,#13308,#13309,#13310,#13311,#13313,
#13314,#13315,#13316,#13318,#13320,#13321));
#13323=FACE_OUTER_BOUND('',#13322,.F.);
#13324=ADVANCED_FACE('',(#13323),#13226,.T.);
#13325=CARTESIAN_POINT('',(-1.532E1,1.93E0,-4.95E0));
#13326=DIRECTION('',(-1.E0,0.E0,0.E0));
#13327=DIRECTION('',(0.E0,0.E0,1.E0));
#13328=AXIS2_PLACEMENT_3D('',#13325,#13326,#13327);
#13329=PLANE('',#13328);
#13331=ORIENTED_EDGE('',*,*,#13330,.T.);
#13332=ORIENTED_EDGE('',*,*,#9454,.F.);
#13333=ORIENTED_EDGE('',*,*,#10141,.F.);
#13335=ORIENTED_EDGE('',*,*,#13334,.T.);
#13337=ORIENTED_EDGE('',*,*,#13336,.F.);
#13338=EDGE_LOOP('',(#13331,#13332,#13333,#13335,#13337));
#13339=FACE_OUTER_BOUND('',#13338,.F.);
#13340=ADVANCED_FACE('',(#13339),#13329,.F.);
#13341=CARTESIAN_POINT('',(-1.532E1,1.93E0,-4.95E0));
#13342=DIRECTION('',(-1.E0,0.E0,0.E0));
#13343=DIRECTION('',(0.E0,0.E0,1.E0));
#13344=AXIS2_PLACEMENT_3D('',#13341,#13342,#13343);
#13345=PLANE('',#13344);
#13347=ORIENTED_EDGE('',*,*,#13346,.F.);
#13349=ORIENTED_EDGE('',*,*,#13348,.F.);
#13350=ORIENTED_EDGE('',*,*,#13227,.F.);
#13351=ORIENTED_EDGE('',*,*,#13197,.F.);
#13352=ORIENTED_EDGE('',*,*,#12992,.F.);
#13353=ORIENTED_EDGE('',*,*,#12078,.F.);
#13354=EDGE_LOOP('',(#13347,#13349,#13350,#13351,#13352,#13353));
#13355=FACE_OUTER_BOUND('',#13354,.F.);
#13356=ADVANCED_FACE('',(#13355),#13345,.F.);
#13357=CARTESIAN_POINT('',(-1.532E1,1.93E0,-4.95E0));
#13358=DIRECTION('',(-1.E0,0.E0,0.E0));
#13359=DIRECTION('',(0.E0,0.E0,1.E0));
#13360=AXIS2_PLACEMENT_3D('',#13357,#13358,#13359);
#13361=PLANE('',#13360);
#13363=ORIENTED_EDGE('',*,*,#13362,.T.);
#13364=ORIENTED_EDGE('',*,*,#12582,.T.);
#13365=ORIENTED_EDGE('',*,*,#12328,.T.);
#13367=ORIENTED_EDGE('',*,*,#13366,.T.);
#13369=ORIENTED_EDGE('',*,*,#13368,.T.);
#13371=ORIENTED_EDGE('',*,*,#13370,.T.);
#13373=ORIENTED_EDGE('',*,*,#13372,.F.);
#13374=EDGE_LOOP('',(#13363,#13364,#13365,#13367,#13369,#13371,#13373));
#13375=FACE_OUTER_BOUND('',#13374,.F.);
#13376=ADVANCED_FACE('',(#13375),#13361,.F.);
#13377=CARTESIAN_POINT('',(-1.468E1,-1.65E0,-4.34E0));
#13378=DIRECTION('',(0.E0,0.E0,-1.E0));
#13379=DIRECTION('',(0.E0,1.E0,0.E0));
#13380=AXIS2_PLACEMENT_3D('',#13377,#13378,#13379);
#13381=PLANE('',#13380);
#13382=ORIENTED_EDGE('',*,*,#13330,.F.);
#13384=ORIENTED_EDGE('',*,*,#13383,.F.);
#13386=ORIENTED_EDGE('',*,*,#13385,.T.);
#13388=ORIENTED_EDGE('',*,*,#13387,.T.);
#13390=ORIENTED_EDGE('',*,*,#13389,.T.);
#13392=ORIENTED_EDGE('',*,*,#13391,.F.);
#13393=EDGE_LOOP('',(#13382,#13384,#13386,#13388,#13390,#13392));
#13394=FACE_OUTER_BOUND('',#13393,.F.);
#13395=ADVANCED_FACE('',(#13394),#13381,.T.);
#13396=CARTESIAN_POINT('',(-1.468E1,-1.65E0,-4.59E0));
#13397=DIRECTION('',(1.E0,0.E0,0.E0));
#13398=DIRECTION('',(0.E0,0.E0,-1.E0));
#13399=AXIS2_PLACEMENT_3D('',#13396,#13397,#13398);
#13400=CYLINDRICAL_SURFACE('',#13399,2.5E-1);
#13401=ORIENTED_EDGE('',*,*,#13336,.T.);
#13403=ORIENTED_EDGE('',*,*,#13402,.F.);
#13405=ORIENTED_EDGE('',*,*,#13404,.F.);
#13407=ORIENTED_EDGE('',*,*,#13406,.T.);
#13409=ORIENTED_EDGE('',*,*,#13408,.F.);
#13410=ORIENTED_EDGE('',*,*,#13383,.T.);
#13411=EDGE_LOOP('',(#13401,#13403,#13405,#13407,#13409,#13410));
#13412=FACE_OUTER_BOUND('',#13411,.F.);
#13413=ADVANCED_FACE('',(#13412),#13400,.F.);
#13414=CARTESIAN_POINT('',(-1.532E1,0.E0,0.E0));
#13415=DIRECTION('',(1.E0,0.E0,0.E0));
#13416=DIRECTION('',(0.E0,0.E0,-1.E0));
#13417=AXIS2_PLACEMENT_3D('',#13414,#13415,#13416);
#13418=PLANE('',#13417);
#13419=ORIENTED_EDGE('',*,*,#9456,.F.);
#13420=ORIENTED_EDGE('',*,*,#13391,.T.);
#13422=ORIENTED_EDGE('',*,*,#13421,.T.);
#13423=ORIENTED_EDGE('',*,*,#12086,.F.);
#13424=ORIENTED_EDGE('',*,*,#12776,.F.);
#13425=ORIENTED_EDGE('',*,*,#12584,.T.);
#13427=ORIENTED_EDGE('',*,*,#13426,.T.);
#13429=ORIENTED_EDGE('',*,*,#13428,.T.);
#13430=ORIENTED_EDGE('',*,*,#12335,.T.);
#13431=ORIENTED_EDGE('',*,*,#12048,.F.);
#13432=EDGE_LOOP('',(#13419,#13420,#13422,#13423,#13424,#13425,#13427,#13429,
#13430,#13431));
#13433=FACE_OUTER_BOUND('',#13432,.F.);
#13434=ADVANCED_FACE('',(#13433),#13418,.F.);
#13435=CARTESIAN_POINT('',(-1.532E1,0.E0,0.E0));
#13436=DIRECTION('',(1.E0,0.E0,0.E0));
#13437=DIRECTION('',(0.E0,0.E0,-1.E0));
#13438=AXIS2_PLACEMENT_3D('',#13435,#13436,#13437);
#13439=PLANE('',#13438);
#13441=ORIENTED_EDGE('',*,*,#13440,.F.);
#13443=ORIENTED_EDGE('',*,*,#13442,.T.);
#13445=ORIENTED_EDGE('',*,*,#13444,.T.);
#13447=ORIENTED_EDGE('',*,*,#13446,.T.);
#13449=ORIENTED_EDGE('',*,*,#13448,.T.);
#13450=ORIENTED_EDGE('',*,*,#13402,.T.);
#13451=EDGE_LOOP('',(#13441,#13443,#13445,#13447,#13449,#13450));
#13452=FACE_OUTER_BOUND('',#13451,.F.);
#13453=ADVANCED_FACE('',(#13452),#13439,.F.);
#13454=CARTESIAN_POINT('',(-1.532E1,0.E0,0.E0));
#13455=DIRECTION('',(1.E0,0.E0,0.E0));
#13456=DIRECTION('',(0.E0,0.E0,-1.E0));
#13457=AXIS2_PLACEMENT_3D('',#13454,#13455,#13456);
#13458=PLANE('',#13457);
#13460=ORIENTED_EDGE('',*,*,#13459,.F.);
#13462=ORIENTED_EDGE('',*,*,#13461,.T.);
#13463=ORIENTED_EDGE('',*,*,#10623,.T.);
#13465=ORIENTED_EDGE('',*,*,#13464,.T.);
#13466=EDGE_LOOP('',(#13460,#13462,#13463,#13465));
#13467=FACE_OUTER_BOUND('',#13466,.F.);
#13468=ADVANCED_FACE('',(#13467),#13458,.F.);
#13469=CARTESIAN_POINT('',(-1.468E1,1.055E0,-4.34E0));
#13470=DIRECTION('',(0.E0,1.E0,0.E0));
#13471=DIRECTION('',(0.E0,0.E0,1.E0));
#13472=AXIS2_PLACEMENT_3D('',#13469,#13470,#13471);
#13473=PLANE('',#13472);
#13474=ORIENTED_EDGE('',*,*,#13346,.T.);
#13475=ORIENTED_EDGE('',*,*,#13421,.F.);
#13476=ORIENTED_EDGE('',*,*,#13389,.F.);
#13478=ORIENTED_EDGE('',*,*,#13477,.T.);
#13480=ORIENTED_EDGE('',*,*,#13479,.F.);
#13482=ORIENTED_EDGE('',*,*,#13481,.F.);
#13483=EDGE_LOOP('',(#13474,#13475,#13476,#13478,#13480,#13482));
#13484=FACE_OUTER_BOUND('',#13483,.F.);
#13485=ADVANCED_FACE('',(#13484),#13473,.T.);
#13486=CARTESIAN_POINT('',(-1.468E1,0.E0,0.E0));
#13487=DIRECTION('',(1.E0,0.E0,0.E0));
#13488=DIRECTION('',(0.E0,0.E0,-1.E0));
#13489=AXIS2_PLACEMENT_3D('',#13486,#13487,#13488);
#13490=PLANE('',#13489);
#13491=ORIENTED_EDGE('',*,*,#9438,.T.);
#13492=ORIENTED_EDGE('',*,*,#12033,.T.);
#13493=ORIENTED_EDGE('',*,*,#12318,.F.);
#13495=ORIENTED_EDGE('',*,*,#13494,.F.);
#13497=ORIENTED_EDGE('',*,*,#13496,.F.);
#13498=ORIENTED_EDGE('',*,*,#12567,.F.);
#13499=ORIENTED_EDGE('',*,*,#12762,.T.);
#13500=ORIENTED_EDGE('',*,*,#12068,.T.);
#13501=ORIENTED_EDGE('',*,*,#13477,.F.);
#13502=ORIENTED_EDGE('',*,*,#13387,.F.);
#13503=EDGE_LOOP('',(#13491,#13492,#13493,#13495,#13497,#13498,#13499,#13500,
#13501,#13502));
#13504=FACE_OUTER_BOUND('',#13503,.F.);
#13505=ADVANCED_FACE('',(#13504),#13490,.T.);
#13506=CARTESIAN_POINT('',(-1.468E1,0.E0,0.E0));
#13507=DIRECTION('',(1.E0,0.E0,0.E0));
#13508=DIRECTION('',(0.E0,0.E0,-1.E0));
#13509=AXIS2_PLACEMENT_3D('',#13506,#13507,#13508);
#13510=PLANE('',#13509);
#13512=ORIENTED_EDGE('',*,*,#13511,.T.);
#13513=ORIENTED_EDGE('',*,*,#13406,.F.);
#13515=ORIENTED_EDGE('',*,*,#13514,.F.);
#13517=ORIENTED_EDGE('',*,*,#13516,.F.);
#13519=ORIENTED_EDGE('',*,*,#13518,.F.);
#13521=ORIENTED_EDGE('',*,*,#13520,.F.);
#13522=EDGE_LOOP('',(#13512,#13513,#13515,#13517,#13519,#13521));
#13523=FACE_OUTER_BOUND('',#13522,.F.);
#13524=ADVANCED_FACE('',(#13523),#13510,.T.);
#13525=CARTESIAN_POINT('',(-1.468E1,0.E0,0.E0));
#13526=DIRECTION('',(1.E0,0.E0,0.E0));
#13527=DIRECTION('',(0.E0,0.E0,-1.E0));
#13528=AXIS2_PLACEMENT_3D('',#13525,#13526,#13527);
#13529=PLANE('',#13528);
#13531=ORIENTED_EDGE('',*,*,#13530,.F.);
#13533=ORIENTED_EDGE('',*,*,#13532,.F.);
#13534=ORIENTED_EDGE('',*,*,#10619,.F.);
#13536=ORIENTED_EDGE('',*,*,#13535,.F.);
#13537=EDGE_LOOP('',(#13531,#13533,#13534,#13536));
#13538=FACE_OUTER_BOUND('',#13537,.F.);
#13539=ADVANCED_FACE('',(#13538),#13529,.T.);
#13540=CARTESIAN_POINT('',(-1.468E1,-3.2E-1,-3.7E0));
#13541=DIRECTION('',(0.E0,0.E0,1.E0));
#13542=DIRECTION('',(0.E0,-1.E0,0.E0));
#13543=AXIS2_PLACEMENT_3D('',#13540,#13541,#13542);
#13544=PLANE('',#13543);
#13545=ORIENTED_EDGE('',*,*,#13366,.F.);
#13546=ORIENTED_EDGE('',*,*,#13428,.F.);
#13548=ORIENTED_EDGE('',*,*,#13547,.F.);
#13549=ORIENTED_EDGE('',*,*,#13494,.T.);
#13551=ORIENTED_EDGE('',*,*,#13550,.T.);
#13553=ORIENTED_EDGE('',*,*,#13552,.T.);
#13554=EDGE_LOOP('',(#13545,#13546,#13548,#13549,#13551,#13553));
#13555=FACE_OUTER_BOUND('',#13554,.F.);
#13556=ADVANCED_FACE('',(#13555),#13544,.T.);
#13557=CARTESIAN_POINT('',(-1.468E1,-3.2E-1,2.46E0));
#13558=DIRECTION('',(0.E0,-1.E0,0.E0));
#13559=DIRECTION('',(0.E0,0.E0,-1.E0));
#13560=AXIS2_PLACEMENT_3D('',#13557,#13558,#13559);
#13561=PLANE('',#13560);
#13562=ORIENTED_EDGE('',*,*,#13362,.F.);
#13564=ORIENTED_EDGE('',*,*,#13563,.T.);
#13566=ORIENTED_EDGE('',*,*,#13565,.T.);
#13567=ORIENTED_EDGE('',*,*,#13496,.T.);
#13568=ORIENTED_EDGE('',*,*,#13547,.T.);
#13569=ORIENTED_EDGE('',*,*,#13426,.F.);
#13570=EDGE_LOOP('',(#13562,#13564,#13566,#13567,#13568,#13569));
#13571=FACE_OUTER_BOUND('',#13570,.F.);
#13572=ADVANCED_FACE('',(#13571),#13561,.T.);
#13573=CARTESIAN_POINT('',(-1.468E1,-3.2E-1,2.46E0));
#13574=DIRECTION('',(0.E0,-1.E0,0.E0));
#13575=DIRECTION('',(0.E0,0.E0,-1.E0));
#13576=AXIS2_PLACEMENT_3D('',#13573,#13574,#13575);
#13577=PLANE('',#13576);
#13579=ORIENTED_EDGE('',*,*,#13578,.F.);
#13580=ORIENTED_EDGE('',*,*,#13535,.T.);
#13581=ORIENTED_EDGE('',*,*,#10625,.F.);
#13582=ORIENTED_EDGE('',*,*,#13461,.F.);
#13583=EDGE_LOOP('',(#13579,#13580,#13581,#13582));
#13584=FACE_OUTER_BOUND('',#13583,.F.);
#13585=ADVANCED_FACE('',(#13584),#13577,.T.);
#13586=CARTESIAN_POINT('',(-1.532E1,1.93E0,-3.6E0));
#13587=DIRECTION('',(0.E0,0.E0,1.E0));
#13588=DIRECTION('',(1.E0,0.E0,0.E0));
#13589=AXIS2_PLACEMENT_3D('',#13586,#13587,#13588);
#13590=PLANE('',#13589);
#13591=ORIENTED_EDGE('',*,*,#13481,.T.);
#13593=ORIENTED_EDGE('',*,*,#13592,.F.);
#13594=ORIENTED_EDGE('',*,*,#13229,.F.);
#13595=ORIENTED_EDGE('',*,*,#13348,.T.);
#13596=EDGE_LOOP('',(#13591,#13593,#13594,#13595));
#13597=FACE_OUTER_BOUND('',#13596,.F.);
#13598=ADVANCED_FACE('',(#13597),#13590,.F.);
#13599=CARTESIAN_POINT('',(-1.532E1,1.93E0,-3.6E0));
#13600=DIRECTION('',(0.E0,0.E0,1.E0));
#13601=DIRECTION('',(1.E0,0.E0,0.E0));
#13602=AXIS2_PLACEMENT_3D('',#13599,#13600,#13601);
#13603=PLANE('',#13602);
#13604=ORIENTED_EDGE('',*,*,#13563,.F.);
#13605=ORIENTED_EDGE('',*,*,#13372,.T.);
#13607=ORIENTED_EDGE('',*,*,#13606,.T.);
#13609=ORIENTED_EDGE('',*,*,#13608,.F.);
#13610=EDGE_LOOP('',(#13604,#13605,#13607,#13609));
#13611=FACE_OUTER_BOUND('',#13610,.F.);
#13612=ADVANCED_FACE('',(#13611),#13603,.F.);
#13613=CARTESIAN_POINT('',(-1.468E1,1.93E0,-3.6E0));
#13614=DIRECTION('',(1.E0,0.E0,0.E0));
#13615=DIRECTION('',(0.E0,0.E0,-1.E0));
#13616=AXIS2_PLACEMENT_3D('',#13613,#13614,#13615);
#13617=PLANE('',#13616);
#13618=ORIENTED_EDGE('',*,*,#13385,.F.);
#13619=ORIENTED_EDGE('',*,*,#13408,.T.);
#13621=ORIENTED_EDGE('',*,*,#13620,.F.);
#13622=ORIENTED_EDGE('',*,*,#10121,.T.);
#13623=ORIENTED_EDGE('',*,*,#9428,.T.);
#13624=EDGE_LOOP('',(#13618,#13619,#13621,#13622,#13623));
#13625=FACE_OUTER_BOUND('',#13624,.F.);
#13626=ADVANCED_FACE('',(#13625),#13617,.F.);
#13627=CARTESIAN_POINT('',(-1.468E1,1.93E0,-3.6E0));
#13628=DIRECTION('',(1.E0,0.E0,0.E0));
#13629=DIRECTION('',(0.E0,0.E0,-1.E0));
#13630=AXIS2_PLACEMENT_3D('',#13627,#13628,#13629);
#13631=PLANE('',#13630);
#13632=ORIENTED_EDGE('',*,*,#13479,.T.);
#13633=ORIENTED_EDGE('',*,*,#12066,.T.);
#13634=ORIENTED_EDGE('',*,*,#13007,.T.);
#13635=ORIENTED_EDGE('',*,*,#13212,.T.);
#13636=ORIENTED_EDGE('',*,*,#13231,.T.);
#13637=ORIENTED_EDGE('',*,*,#13592,.T.);
#13638=EDGE_LOOP('',(#13632,#13633,#13634,#13635,#13636,#13637));
#13639=FACE_OUTER_BOUND('',#13638,.F.);
#13640=ADVANCED_FACE('',(#13639),#13631,.F.);
#13641=CARTESIAN_POINT('',(-1.468E1,1.93E0,-3.6E0));
#13642=DIRECTION('',(1.E0,0.E0,0.E0));
#13643=DIRECTION('',(0.E0,0.E0,-1.E0));
#13644=AXIS2_PLACEMENT_3D('',#13641,#13642,#13643);
#13645=PLANE('',#13644);
#13646=ORIENTED_EDGE('',*,*,#13565,.F.);
#13647=ORIENTED_EDGE('',*,*,#13608,.T.);
#13649=ORIENTED_EDGE('',*,*,#13648,.F.);
#13651=ORIENTED_EDGE('',*,*,#13650,.F.);
#13652=ORIENTED_EDGE('',*,*,#13550,.F.);
#13653=ORIENTED_EDGE('',*,*,#12316,.F.);
#13654=ORIENTED_EDGE('',*,*,#12558,.F.);
#13655=EDGE_LOOP('',(#13646,#13647,#13649,#13651,#13652,#13653,#13654));
#13656=FACE_OUTER_BOUND('',#13655,.F.);
#13657=ADVANCED_FACE('',(#13656),#13645,.F.);
#13658=CARTESIAN_POINT('',(0.E0,-1.68E0,0.E0));
#13659=DIRECTION('',(0.E0,-1.E0,0.E0));
#13660=DIRECTION('',(0.E0,0.E0,-1.E0));
#13661=AXIS2_PLACEMENT_3D('',#13658,#13659,#13660);
#13662=PLANE('',#13661);
#13664=ORIENTED_EDGE('',*,*,#13663,.F.);
#13665=ORIENTED_EDGE('',*,*,#9935,.T.);
#13666=ORIENTED_EDGE('',*,*,#10160,.F.);
#13668=ORIENTED_EDGE('',*,*,#13667,.T.);
#13669=ORIENTED_EDGE('',*,*,#11592,.F.);
#13671=ORIENTED_EDGE('',*,*,#13670,.T.);
#13673=ORIENTED_EDGE('',*,*,#13672,.F.);
#13675=ORIENTED_EDGE('',*,*,#13674,.F.);
#13677=ORIENTED_EDGE('',*,*,#13676,.T.);
#13679=ORIENTED_EDGE('',*,*,#13678,.F.);
#13680=ORIENTED_EDGE('',*,*,#9989,.F.);
#13682=ORIENTED_EDGE('',*,*,#13681,.T.);
#13684=ORIENTED_EDGE('',*,*,#13683,.F.);
#13686=ORIENTED_EDGE('',*,*,#13685,.T.);
#13688=ORIENTED_EDGE('',*,*,#13687,.F.);
#13690=ORIENTED_EDGE('',*,*,#13689,.F.);
#13692=ORIENTED_EDGE('',*,*,#13691,.T.);
#13694=ORIENTED_EDGE('',*,*,#13693,.F.);
#13695=ORIENTED_EDGE('',*,*,#10004,.F.);
#13697=ORIENTED_EDGE('',*,*,#13696,.T.);
#13699=ORIENTED_EDGE('',*,*,#13698,.F.);
#13701=ORIENTED_EDGE('',*,*,#13700,.T.);
#13703=ORIENTED_EDGE('',*,*,#13702,.F.);
#13705=ORIENTED_EDGE('',*,*,#13704,.F.);
#13707=ORIENTED_EDGE('',*,*,#13706,.T.);
#13709=ORIENTED_EDGE('',*,*,#13708,.F.);
#13710=ORIENTED_EDGE('',*,*,#10019,.F.);
#13712=ORIENTED_EDGE('',*,*,#13711,.T.);
#13714=ORIENTED_EDGE('',*,*,#13713,.F.);
#13716=ORIENTED_EDGE('',*,*,#13715,.T.);
#13718=ORIENTED_EDGE('',*,*,#13717,.F.);
#13720=ORIENTED_EDGE('',*,*,#13719,.F.);
#13722=ORIENTED_EDGE('',*,*,#13721,.T.);
#13724=ORIENTED_EDGE('',*,*,#13723,.F.);
#13725=ORIENTED_EDGE('',*,*,#10034,.F.);
#13727=ORIENTED_EDGE('',*,*,#13726,.T.);
#13729=ORIENTED_EDGE('',*,*,#13728,.F.);
#13731=ORIENTED_EDGE('',*,*,#13730,.T.);
#13733=ORIENTED_EDGE('',*,*,#13732,.F.);
#13735=ORIENTED_EDGE('',*,*,#13734,.F.);
#13737=ORIENTED_EDGE('',*,*,#13736,.T.);
#13739=ORIENTED_EDGE('',*,*,#13738,.F.);
#13740=ORIENTED_EDGE('',*,*,#10049,.F.);
#13742=ORIENTED_EDGE('',*,*,#13741,.T.);
#13744=ORIENTED_EDGE('',*,*,#13743,.F.);
#13746=ORIENTED_EDGE('',*,*,#13745,.T.);
#13748=ORIENTED_EDGE('',*,*,#13747,.F.);
#13750=ORIENTED_EDGE('',*,*,#13749,.F.);
#13752=ORIENTED_EDGE('',*,*,#13751,.T.);
#13754=ORIENTED_EDGE('',*,*,#13753,.F.);
#13755=ORIENTED_EDGE('',*,*,#10064,.F.);
#13757=ORIENTED_EDGE('',*,*,#13756,.T.);
#13759=ORIENTED_EDGE('',*,*,#13758,.F.);
#13761=ORIENTED_EDGE('',*,*,#13760,.T.);
#13763=ORIENTED_EDGE('',*,*,#13762,.F.);
#13765=ORIENTED_EDGE('',*,*,#13764,.F.);
#13767=ORIENTED_EDGE('',*,*,#13766,.T.);
#13769=ORIENTED_EDGE('',*,*,#13768,.F.);
#13770=ORIENTED_EDGE('',*,*,#10079,.F.);
#13772=ORIENTED_EDGE('',*,*,#13771,.T.);
#13774=ORIENTED_EDGE('',*,*,#13773,.F.);
#13776=ORIENTED_EDGE('',*,*,#13775,.T.);
#13778=ORIENTED_EDGE('',*,*,#13777,.F.);
#13780=ORIENTED_EDGE('',*,*,#13779,.F.);
#13782=ORIENTED_EDGE('',*,*,#13781,.T.);
#13784=ORIENTED_EDGE('',*,*,#13783,.F.);
#13785=ORIENTED_EDGE('',*,*,#10094,.F.);
#13787=ORIENTED_EDGE('',*,*,#13786,.T.);
#13789=ORIENTED_EDGE('',*,*,#13788,.F.);
#13791=ORIENTED_EDGE('',*,*,#13790,.T.);
#13793=ORIENTED_EDGE('',*,*,#13792,.F.);
#13794=ORIENTED_EDGE('',*,*,#9187,.F.);
#13796=ORIENTED_EDGE('',*,*,#13795,.T.);
#13797=ORIENTED_EDGE('',*,*,#9145,.F.);
#13798=ORIENTED_EDGE('',*,*,#10109,.F.);
#13800=ORIENTED_EDGE('',*,*,#13799,.T.);
#13802=ORIENTED_EDGE('',*,*,#13801,.F.);
#13804=ORIENTED_EDGE('',*,*,#13803,.T.);
#13806=ORIENTED_EDGE('',*,*,#13805,.F.);
#13808=ORIENTED_EDGE('',*,*,#13807,.F.);
#13810=ORIENTED_EDGE('',*,*,#13809,.T.);
#13812=ORIENTED_EDGE('',*,*,#13811,.F.);
#13813=ORIENTED_EDGE('',*,*,#10123,.F.);
#13814=ORIENTED_EDGE('',*,*,#13620,.T.);
#13815=ORIENTED_EDGE('',*,*,#13511,.F.);
#13816=ORIENTED_EDGE('',*,*,#13648,.T.);
#13817=ORIENTED_EDGE('',*,*,#13606,.F.);
#13818=ORIENTED_EDGE('',*,*,#13370,.F.);
#13819=ORIENTED_EDGE('',*,*,#13440,.T.);
#13820=ORIENTED_EDGE('',*,*,#13334,.F.);
#13821=ORIENTED_EDGE('',*,*,#10139,.F.);
#13823=ORIENTED_EDGE('',*,*,#13822,.F.);
#13824=EDGE_LOOP('',(#13664,#13665,#13666,#13668,#13669,#13671,#13673,#13675,
#13677,#13679,#13680,#13682,#13684,#13686,#13688,#13690,#13692,#13694,#13695,
#13697,#13699,#13701,#13703,#13705,#13707,#13709,#13710,#13712,#13714,#13716,
#13718,#13720,#13722,#13724,#13725,#13727,#13729,#13731,#13733,#13735,#13737,
#13739,#13740,#13742,#13744,#13746,#13748,#13750,#13752,#13754,#13755,#13757,
#13759,#13761,#13763,#13765,#13767,#13769,#13770,#13772,#13774,#13776,#13778,
#13780,#13782,#13784,#13785,#13787,#13789,#13791,#13793,#13794,#13796,#13797,
#13798,#13800,#13802,#13804,#13806,#13808,#13810,#13812,#13813,#13814,#13815,
#13816,#13817,#13818,#13819,#13820,#13821,#13823));
#13825=FACE_OUTER_BOUND('',#13824,.F.);
#13826=ADVANCED_FACE('',(#13825),#13662,.T.);
#13827=CARTESIAN_POINT('',(1.325E1,-1.93E0,-3.1E0));
#13828=DIRECTION('',(0.E0,0.E0,-1.E0));
#13829=DIRECTION('',(1.E0,0.E0,0.E0));
#13830=AXIS2_PLACEMENT_3D('',#13827,#13828,#13829);
#13831=PLANE('',#13830);
#13832=ORIENTED_EDGE('',*,*,#13663,.T.);
#13834=ORIENTED_EDGE('',*,*,#13833,.T.);
#13836=ORIENTED_EDGE('',*,*,#13835,.F.);
#13838=ORIENTED_EDGE('',*,*,#13837,.T.);
#13840=ORIENTED_EDGE('',*,*,#13839,.T.);
#13842=ORIENTED_EDGE('',*,*,#13841,.F.);
#13844=ORIENTED_EDGE('',*,*,#13843,.F.);
#13846=ORIENTED_EDGE('',*,*,#13845,.T.);
#13848=ORIENTED_EDGE('',*,*,#13847,.T.);
#13850=ORIENTED_EDGE('',*,*,#13849,.F.);
#13852=ORIENTED_EDGE('',*,*,#13851,.F.);
#13853=ORIENTED_EDGE('',*,*,#9937,.F.);
#13854=EDGE_LOOP('',(#13832,#13834,#13836,#13838,#13840,#13842,#13844,#13846,
#13848,#13850,#13852,#13853));
#13855=FACE_OUTER_BOUND('',#13854,.F.);
#13856=ADVANCED_FACE('',(#13855),#13831,.T.);
#13857=CARTESIAN_POINT('',(-1.6925E1,-1.93E0,-4.95E0));
#13858=DIRECTION('',(1.E0,0.E0,0.E0));
#13859=DIRECTION('',(0.E0,0.E0,1.E0));
#13860=AXIS2_PLACEMENT_3D('',#13857,#13858,#13859);
#13861=PLANE('',#13860);
#13862=ORIENTED_EDGE('',*,*,#9550,.F.);
#13863=ORIENTED_EDGE('',*,*,#9634,.T.);
#13865=ORIENTED_EDGE('',*,*,#13864,.T.);
#13867=ORIENTED_EDGE('',*,*,#13866,.T.);
#13869=ORIENTED_EDGE('',*,*,#13868,.F.);
#13870=ORIENTED_EDGE('',*,*,#9626,.T.);
#13871=ORIENTED_EDGE('',*,*,#10400,.F.);
#13873=ORIENTED_EDGE('',*,*,#13872,.T.);
#13874=ORIENTED_EDGE('',*,*,#13833,.F.);
#13875=ORIENTED_EDGE('',*,*,#13822,.T.);
#13876=ORIENTED_EDGE('',*,*,#10137,.F.);
#13877=ORIENTED_EDGE('',*,*,#9610,.T.);
#13878=ORIENTED_EDGE('',*,*,#9826,.T.);
#13880=ORIENTED_EDGE('',*,*,#13879,.T.);
#13881=EDGE_LOOP('',(#13862,#13863,#13865,#13867,#13869,#13870,#13871,#13873,
#13874,#13875,#13876,#13877,#13878,#13880));
#13882=FACE_OUTER_BOUND('',#13881,.F.);
#13883=ADVANCED_FACE('',(#13882),#13861,.F.);
#13884=CARTESIAN_POINT('',(-1.8325E1,0.E0,-3.E-1));
#13885=DIRECTION('',(0.E0,0.E0,1.E0));
#13886=DIRECTION('',(1.E0,0.E0,0.E0));
#13887=AXIS2_PLACEMENT_3D('',#13884,#13885,#13886);
#13888=PLANE('',#13887);
#13889=ORIENTED_EDGE('',*,*,#9632,.F.);
#13891=ORIENTED_EDGE('',*,*,#13890,.T.);
#13893=ORIENTED_EDGE('',*,*,#13892,.T.);
#13895=ORIENTED_EDGE('',*,*,#13894,.T.);
#13897=ORIENTED_EDGE('',*,*,#13896,.T.);
#13899=ORIENTED_EDGE('',*,*,#13898,.T.);
#13901=ORIENTED_EDGE('',*,*,#13900,.T.);
#13902=ORIENTED_EDGE('',*,*,#13864,.F.);
#13903=EDGE_LOOP('',(#13889,#13891,#13893,#13895,#13897,#13899,#13901,#13902));
#13904=FACE_OUTER_BOUND('',#13903,.F.);
#13905=ADVANCED_FACE('',(#13904),#13888,.F.);
#13906=CARTESIAN_POINT('',(-1.8325E1,0.E0,-3.E-1));
#13907=DIRECTION('',(0.E0,0.E0,1.E0));
#13908=DIRECTION('',(1.E0,0.E0,0.E0));
#13909=AXIS2_PLACEMENT_3D('',#13906,#13907,#13908);
#13910=PLANE('',#13909);
#13911=ORIENTED_EDGE('',*,*,#9647,.F.);
#13912=ORIENTED_EDGE('',*,*,#9948,.T.);
#13914=ORIENTED_EDGE('',*,*,#13913,.T.);
#13916=ORIENTED_EDGE('',*,*,#13915,.T.);
#13918=ORIENTED_EDGE('',*,*,#13917,.T.);
#13920=ORIENTED_EDGE('',*,*,#13919,.T.);
#13922=ORIENTED_EDGE('',*,*,#13921,.T.);
#13924=ORIENTED_EDGE('',*,*,#13923,.T.);
#13925=EDGE_LOOP('',(#13911,#13912,#13914,#13916,#13918,#13920,#13922,#13924));
#13926=FACE_OUTER_BOUND('',#13925,.F.);
#13927=ADVANCED_FACE('',(#13926),#13910,.F.);
#13928=CARTESIAN_POINT('',(-1.7325E1,-1.43E0,-3.E-1));
#13929=DIRECTION('',(-1.E0,0.E0,0.E0));
#13930=DIRECTION('',(0.E0,-1.E0,0.E0));
#13931=AXIS2_PLACEMENT_3D('',#13928,#13929,#13930);
#13932=PLANE('',#13931);
#13933=ORIENTED_EDGE('',*,*,#9630,.T.);
#13935=ORIENTED_EDGE('',*,*,#13934,.T.);
#13937=ORIENTED_EDGE('',*,*,#13936,.F.);
#13938=ORIENTED_EDGE('',*,*,#13890,.F.);
#13939=EDGE_LOOP('',(#13933,#13935,#13937,#13938));
#13940=FACE_OUTER_BOUND('',#13939,.F.);
#13941=ADVANCED_FACE('',(#13940),#13932,.T.);
#13942=CARTESIAN_POINT('',(-1.8325E1,0.E0,1.E0));
#13943=DIRECTION('',(0.E0,0.E0,1.E0));
#13944=DIRECTION('',(1.E0,0.E0,0.E0));
#13945=AXIS2_PLACEMENT_3D('',#13942,#13943,#13944);
#13946=PLANE('',#13945);
#13947=ORIENTED_EDGE('',*,*,#9628,.T.);
#13948=ORIENTED_EDGE('',*,*,#13868,.T.);
#13950=ORIENTED_EDGE('',*,*,#13949,.F.);
#13952=ORIENTED_EDGE('',*,*,#13951,.F.);
#13954=ORIENTED_EDGE('',*,*,#13953,.F.);
#13956=ORIENTED_EDGE('',*,*,#13955,.F.);
#13958=ORIENTED_EDGE('',*,*,#13957,.F.);
#13959=ORIENTED_EDGE('',*,*,#13934,.F.);
#13960=EDGE_LOOP('',(#13947,#13948,#13950,#13952,#13954,#13956,#13958,#13959));
#13961=FACE_OUTER_BOUND('',#13960,.F.);
#13962=ADVANCED_FACE('',(#13961),#13946,.T.);
#13963=CARTESIAN_POINT('',(-1.8325E1,0.E0,1.E0));
#13964=DIRECTION('',(0.E0,0.E0,1.E0));
#13965=DIRECTION('',(1.E0,0.E0,0.E0));
#13966=AXIS2_PLACEMENT_3D('',#13963,#13964,#13965);
#13967=PLANE('',#13966);
#13968=ORIENTED_EDGE('',*,*,#9651,.T.);
#13970=ORIENTED_EDGE('',*,*,#13969,.F.);
#13972=ORIENTED_EDGE('',*,*,#13971,.F.);
#13974=ORIENTED_EDGE('',*,*,#13973,.F.);
#13976=ORIENTED_EDGE('',*,*,#13975,.F.);
#13978=ORIENTED_EDGE('',*,*,#13977,.F.);
#13980=ORIENTED_EDGE('',*,*,#13979,.F.);
#13981=ORIENTED_EDGE('',*,*,#9944,.F.);
#13982=EDGE_LOOP('',(#13968,#13970,#13972,#13974,#13976,#13978,#13980,#13981));
#13983=FACE_OUTER_BOUND('',#13982,.F.);
#13984=ADVANCED_FACE('',(#13983),#13967,.T.);
#13985=CARTESIAN_POINT('',(-1.7575E1,-1.89E0,-3.E-1));
#13986=DIRECTION('',(0.E0,0.E0,1.E0));
#13987=DIRECTION('',(1.E0,0.E0,0.E0));
#13988=AXIS2_PLACEMENT_3D('',#13985,#13986,#13987);
#13989=CYLINDRICAL_SURFACE('',#13988,6.5E-1);
#13990=ORIENTED_EDGE('',*,*,#13866,.F.);
#13991=ORIENTED_EDGE('',*,*,#13900,.F.);
#13993=ORIENTED_EDGE('',*,*,#13992,.T.);
#13994=ORIENTED_EDGE('',*,*,#13949,.T.);
#13995=EDGE_LOOP('',(#13990,#13991,#13993,#13994));
#13996=FACE_OUTER_BOUND('',#13995,.F.);
#13997=ADVANCED_FACE('',(#13996),#13989,.T.);
#13998=CARTESIAN_POINT('',(-2.0325E1,-2.54E0,-3.E-1));
#13999=DIRECTION('',(0.E0,-1.E0,0.E0));
#14000=DIRECTION('',(1.E0,0.E0,0.E0));
#14001=AXIS2_PLACEMENT_3D('',#13998,#13999,#14000);
#14002=PLANE('',#14001);
#14003=ORIENTED_EDGE('',*,*,#13898,.F.);
#14005=ORIENTED_EDGE('',*,*,#14004,.T.);
#14006=ORIENTED_EDGE('',*,*,#13951,.T.);
#14007=ORIENTED_EDGE('',*,*,#13992,.F.);
#14008=EDGE_LOOP('',(#14003,#14005,#14006,#14007));
#14009=FACE_OUTER_BOUND('',#14008,.F.);
#14010=ADVANCED_FACE('',(#14009),#14002,.T.);
#14011=CARTESIAN_POINT('',(-2.0325E1,-2.14E0,-3.E-1));
#14012=DIRECTION('',(-1.E0,0.E0,0.E0));
#14013=DIRECTION('',(0.E0,-1.E0,0.E0));
#14014=AXIS2_PLACEMENT_3D('',#14011,#14012,#14013);
#14015=PLANE('',#14014);
#14016=ORIENTED_EDGE('',*,*,#13896,.F.);
#14018=ORIENTED_EDGE('',*,*,#14017,.T.);
#14019=ORIENTED_EDGE('',*,*,#13953,.T.);
#14020=ORIENTED_EDGE('',*,*,#14004,.F.);
#14021=EDGE_LOOP('',(#14016,#14018,#14019,#14020));
#14022=FACE_OUTER_BOUND('',#14021,.F.);
#14023=ADVANCED_FACE('',(#14022),#14015,.T.);
#14024=CARTESIAN_POINT('',(-1.7575E1,-2.14E0,-3.E-1));
#14025=DIRECTION('',(0.E0,1.E0,0.E0));
#14026=DIRECTION('',(-1.E0,0.E0,0.E0));
#14027=AXIS2_PLACEMENT_3D('',#14024,#14025,#14026);
#14028=PLANE('',#14027);
#14029=ORIENTED_EDGE('',*,*,#13894,.F.);
#14031=ORIENTED_EDGE('',*,*,#14030,.T.);
#14032=ORIENTED_EDGE('',*,*,#13955,.T.);
#14033=ORIENTED_EDGE('',*,*,#14017,.F.);
#14034=EDGE_LOOP('',(#14029,#14031,#14032,#14033));
#14035=FACE_OUTER_BOUND('',#14034,.F.);
#14036=ADVANCED_FACE('',(#14035),#14028,.T.);
#14037=CARTESIAN_POINT('',(-1.7575E1,-1.89E0,-3.E-1));
#14038=DIRECTION('',(0.E0,0.E0,1.E0));
#14039=DIRECTION('',(1.E0,0.E0,0.E0));
#14040=AXIS2_PLACEMENT_3D('',#14037,#14038,#14039);
#14041=CYLINDRICAL_SURFACE('',#14040,2.5E-1);
#14042=ORIENTED_EDGE('',*,*,#13892,.F.);
#14043=ORIENTED_EDGE('',*,*,#13936,.T.);
#14044=ORIENTED_EDGE('',*,*,#13957,.T.);
#14045=ORIENTED_EDGE('',*,*,#14030,.F.);
#14046=EDGE_LOOP('',(#14042,#14043,#14044,#14045));
#14047=FACE_OUTER_BOUND('',#14046,.F.);
#14048=ADVANCED_FACE('',(#14047),#14041,.F.);
#14049=CARTESIAN_POINT('',(1.7325E1,-1.89E0,-3.E-1));
#14050=DIRECTION('',(1.E0,0.E0,0.E0));
#14051=DIRECTION('',(0.E0,1.E0,0.E0));
#14052=AXIS2_PLACEMENT_3D('',#14049,#14050,#14051);
#14053=PLANE('',#14052);
#14054=ORIENTED_EDGE('',*,*,#9649,.F.);
#14055=ORIENTED_EDGE('',*,*,#13923,.F.);
#14057=ORIENTED_EDGE('',*,*,#14056,.T.);
#14058=ORIENTED_EDGE('',*,*,#13969,.T.);
#14059=EDGE_LOOP('',(#14054,#14055,#14057,#14058));
#14060=FACE_OUTER_BOUND('',#14059,.F.);
#14061=ADVANCED_FACE('',(#14060),#14053,.T.);
#14062=CARTESIAN_POINT('',(1.7575E1,-1.89E0,-3.E-1));
#14063=DIRECTION('',(0.E0,0.E0,1.E0));
#14064=DIRECTION('',(1.E0,0.E0,0.E0));
#14065=AXIS2_PLACEMENT_3D('',#14062,#14063,#14064);
#14066=CYLINDRICAL_SURFACE('',#14065,2.5E-1);
#14067=ORIENTED_EDGE('',*,*,#13921,.F.);
#14069=ORIENTED_EDGE('',*,*,#14068,.T.);
#14070=ORIENTED_EDGE('',*,*,#13971,.T.);
#14071=ORIENTED_EDGE('',*,*,#14056,.F.);
#14072=EDGE_LOOP('',(#14067,#14069,#14070,#14071));
#14073=FACE_OUTER_BOUND('',#14072,.F.);
#14074=ADVANCED_FACE('',(#14073),#14066,.F.);
#14075=CARTESIAN_POINT('',(2.0325E1,-2.14E0,-3.E-1));
#14076=DIRECTION('',(0.E0,1.E0,0.E0));
#14077=DIRECTION('',(-1.E0,0.E0,0.E0));
#14078=AXIS2_PLACEMENT_3D('',#14075,#14076,#14077);
#14079=PLANE('',#14078);
#14080=ORIENTED_EDGE('',*,*,#13919,.F.);
#14082=ORIENTED_EDGE('',*,*,#14081,.T.);
#14083=ORIENTED_EDGE('',*,*,#13973,.T.);
#14084=ORIENTED_EDGE('',*,*,#14068,.F.);
#14085=EDGE_LOOP('',(#14080,#14082,#14083,#14084));
#14086=FACE_OUTER_BOUND('',#14085,.F.);
#14087=ADVANCED_FACE('',(#14086),#14079,.T.);
#14088=CARTESIAN_POINT('',(2.0325E1,-2.54E0,-3.E-1));
#14089=DIRECTION('',(1.E0,0.E0,0.E0));
#14090=DIRECTION('',(0.E0,1.E0,0.E0));
#14091=AXIS2_PLACEMENT_3D('',#14088,#14089,#14090);
#14092=PLANE('',#14091);
#14093=ORIENTED_EDGE('',*,*,#13917,.F.);
#14095=ORIENTED_EDGE('',*,*,#14094,.T.);
#14096=ORIENTED_EDGE('',*,*,#13975,.T.);
#14097=ORIENTED_EDGE('',*,*,#14081,.F.);
#14098=EDGE_LOOP('',(#14093,#14095,#14096,#14097));
#14099=FACE_OUTER_BOUND('',#14098,.F.);
#14100=ADVANCED_FACE('',(#14099),#14092,.T.);
#14101=CARTESIAN_POINT('',(1.7575E1,-2.54E0,-3.E-1));
#14102=DIRECTION('',(0.E0,-1.E0,0.E0));
#14103=DIRECTION('',(1.E0,0.E0,0.E0));
#14104=AXIS2_PLACEMENT_3D('',#14101,#14102,#14103);
#14105=PLANE('',#14104);
#14106=ORIENTED_EDGE('',*,*,#13915,.F.);
#14108=ORIENTED_EDGE('',*,*,#14107,.T.);
#14109=ORIENTED_EDGE('',*,*,#13977,.T.);
#14110=ORIENTED_EDGE('',*,*,#14094,.F.);
#14111=EDGE_LOOP('',(#14106,#14108,#14109,#14110));
#14112=FACE_OUTER_BOUND('',#14111,.F.);
#14113=ADVANCED_FACE('',(#14112),#14105,.T.);
#14114=CARTESIAN_POINT('',(1.7575E1,-1.89E0,-3.E-1));
#14115=DIRECTION('',(0.E0,0.E0,1.E0));
#14116=DIRECTION('',(1.E0,0.E0,0.E0));
#14117=AXIS2_PLACEMENT_3D('',#14114,#14115,#14116);
#14118=CYLINDRICAL_SURFACE('',#14117,6.5E-1);
#14119=ORIENTED_EDGE('',*,*,#9946,.T.);
#14120=ORIENTED_EDGE('',*,*,#13979,.T.);
#14121=ORIENTED_EDGE('',*,*,#14107,.F.);
#14122=ORIENTED_EDGE('',*,*,#13913,.F.);
#14123=EDGE_LOOP('',(#14119,#14120,#14121,#14122));
#14124=FACE_OUTER_BOUND('',#14123,.F.);
#14125=ADVANCED_FACE('',(#14124),#14118,.T.);
#14126=CARTESIAN_POINT('',(-1.8325E1,-1.93E0,4.95E0));
#14127=DIRECTION('',(0.E0,-1.E0,0.E0));
#14128=DIRECTION('',(0.E0,0.E0,-1.E0));
#14129=AXIS2_PLACEMENT_3D('',#14126,#14127,#14128);
#14130=PLANE('',#14129);
#14131=ORIENTED_EDGE('',*,*,#13872,.F.);
#14132=ORIENTED_EDGE('',*,*,#10398,.T.);
#14133=ORIENTED_EDGE('',*,*,#9939,.T.);
#14134=ORIENTED_EDGE('',*,*,#13851,.T.);
#14136=ORIENTED_EDGE('',*,*,#14135,.T.);
#14138=ORIENTED_EDGE('',*,*,#14137,.T.);
#14140=ORIENTED_EDGE('',*,*,#14139,.F.);
#14141=ORIENTED_EDGE('',*,*,#13843,.T.);
#14143=ORIENTED_EDGE('',*,*,#14142,.T.);
#14145=ORIENTED_EDGE('',*,*,#14144,.T.);
#14147=ORIENTED_EDGE('',*,*,#14146,.F.);
#14148=ORIENTED_EDGE('',*,*,#13835,.T.);
#14149=EDGE_LOOP('',(#14131,#14132,#14133,#14134,#14136,#14138,#14140,#14141,
#14143,#14145,#14147,#14148));
#14150=FACE_OUTER_BOUND('',#14149,.F.);
#14151=ADVANCED_FACE('',(#14150),#14130,.T.);
#14152=CARTESIAN_POINT('',(1.425E1,-1.93E0,-3.1E0));
#14153=DIRECTION('',(1.E0,0.E0,0.E0));
#14154=DIRECTION('',(0.E0,0.E0,1.E0));
#14155=AXIS2_PLACEMENT_3D('',#14152,#14153,#14154);
#14156=PLANE('',#14155);
#14157=ORIENTED_EDGE('',*,*,#14135,.F.);
#14158=ORIENTED_EDGE('',*,*,#13849,.T.);
#14160=ORIENTED_EDGE('',*,*,#14159,.T.);
#14162=ORIENTED_EDGE('',*,*,#14161,.F.);
#14163=EDGE_LOOP('',(#14157,#14158,#14160,#14162));
#14164=FACE_OUTER_BOUND('',#14163,.F.);
#14165=ADVANCED_FACE('',(#14164),#14156,.T.);
#14166=CARTESIAN_POINT('',(-1.8325E1,-2.43E0,4.95E0));
#14167=DIRECTION('',(0.E0,-1.E0,0.E0));
#14168=DIRECTION('',(1.E0,0.E0,0.E0));
#14169=AXIS2_PLACEMENT_3D('',#14166,#14167,#14168);
#14170=PLANE('',#14169);
#14172=ORIENTED_EDGE('',*,*,#14171,.F.);
#14174=ORIENTED_EDGE('',*,*,#14173,.F.);
#14175=ORIENTED_EDGE('',*,*,#14159,.F.);
#14176=ORIENTED_EDGE('',*,*,#13847,.F.);
#14177=EDGE_LOOP('',(#14172,#14174,#14175,#14176));
#14178=FACE_OUTER_BOUND('',#14177,.F.);
#14179=ADVANCED_FACE('',(#14178),#14170,.T.);
#14180=CARTESIAN_POINT('',(-1.8325E1,-2.43E0,4.95E0));
#14181=DIRECTION('',(0.E0,-1.E0,0.E0));
#14182=DIRECTION('',(1.E0,0.E0,0.E0));
#14183=AXIS2_PLACEMENT_3D('',#14180,#14181,#14182);
#14184=PLANE('',#14183);
#14186=ORIENTED_EDGE('',*,*,#14185,.F.);
#14188=ORIENTED_EDGE('',*,*,#14187,.F.);
#14189=ORIENTED_EDGE('',*,*,#13839,.F.);
#14191=ORIENTED_EDGE('',*,*,#14190,.F.);
#14192=EDGE_LOOP('',(#14186,#14188,#14189,#14191));
#14193=FACE_OUTER_BOUND('',#14192,.F.);
#14194=ADVANCED_FACE('',(#14193),#14184,.T.);
#14195=CARTESIAN_POINT('',(1.325E1,-1.93E0,4.1E0));
#14196=DIRECTION('',(-1.E0,0.E0,0.E0));
#14197=DIRECTION('',(0.E0,0.E0,-1.E0));
#14198=AXIS2_PLACEMENT_3D('',#14195,#14196,#14197);
#14199=PLANE('',#14198);
#14200=ORIENTED_EDGE('',*,*,#14139,.T.);
#14202=ORIENTED_EDGE('',*,*,#14201,.T.);
#14203=ORIENTED_EDGE('',*,*,#14171,.T.);
#14204=ORIENTED_EDGE('',*,*,#13845,.F.);
#14205=EDGE_LOOP('',(#14200,#14202,#14203,#14204));
#14206=FACE_OUTER_BOUND('',#14205,.F.);
#14207=ADVANCED_FACE('',(#14206),#14199,.T.);
#14208=CARTESIAN_POINT('',(1.425E1,-1.93E0,4.1E0));
#14209=DIRECTION('',(0.E0,0.E0,1.E0));
#14210=DIRECTION('',(-1.E0,0.E0,0.E0));
#14211=AXIS2_PLACEMENT_3D('',#14208,#14209,#14210);
#14212=PLANE('',#14211);
#14213=ORIENTED_EDGE('',*,*,#14137,.F.);
#14214=ORIENTED_EDGE('',*,*,#14161,.T.);
#14215=ORIENTED_EDGE('',*,*,#14173,.T.);
#14216=ORIENTED_EDGE('',*,*,#14201,.F.);
#14217=EDGE_LOOP('',(#14213,#14214,#14215,#14216));
#14218=FACE_OUTER_BOUND('',#14217,.F.);
#14219=ADVANCED_FACE('',(#14218),#14212,.T.);
#14220=CARTESIAN_POINT('',(-1.325E1,-1.93E0,4.1E0));
#14221=DIRECTION('',(0.E0,0.E0,1.E0));
#14222=DIRECTION('',(-1.E0,0.E0,0.E0));
#14223=AXIS2_PLACEMENT_3D('',#14220,#14221,#14222);
#14224=PLANE('',#14223);
#14225=ORIENTED_EDGE('',*,*,#14144,.F.);
#14227=ORIENTED_EDGE('',*,*,#14226,.T.);
#14228=ORIENTED_EDGE('',*,*,#14185,.T.);
#14230=ORIENTED_EDGE('',*,*,#14229,.F.);
#14231=EDGE_LOOP('',(#14225,#14227,#14228,#14230));
#14232=FACE_OUTER_BOUND('',#14231,.F.);
#14233=ADVANCED_FACE('',(#14232),#14224,.T.);
#14234=CARTESIAN_POINT('',(-1.325E1,-1.93E0,-3.1E0));
#14235=DIRECTION('',(1.E0,0.E0,0.E0));
#14236=DIRECTION('',(0.E0,0.E0,1.E0));
#14237=AXIS2_PLACEMENT_3D('',#14234,#14235,#14236);
#14238=PLANE('',#14237);
#14239=ORIENTED_EDGE('',*,*,#14142,.F.);
#14240=ORIENTED_EDGE('',*,*,#13841,.T.);
#14241=ORIENTED_EDGE('',*,*,#14187,.T.);
#14242=ORIENTED_EDGE('',*,*,#14226,.F.);
#14243=EDGE_LOOP('',(#14239,#14240,#14241,#14242));
#14244=FACE_OUTER_BOUND('',#14243,.F.);
#14245=ADVANCED_FACE('',(#14244),#14238,.T.);
#14246=CARTESIAN_POINT('',(-1.425E1,-1.93E0,4.1E0));
#14247=DIRECTION('',(-1.E0,0.E0,0.E0));
#14248=DIRECTION('',(0.E0,0.E0,-1.E0));
#14249=AXIS2_PLACEMENT_3D('',#14246,#14247,#14248);
#14250=PLANE('',#14249);
#14251=ORIENTED_EDGE('',*,*,#14146,.T.);
#14252=ORIENTED_EDGE('',*,*,#14229,.T.);
#14253=ORIENTED_EDGE('',*,*,#14190,.T.);
#14254=ORIENTED_EDGE('',*,*,#13837,.F.);
#14255=EDGE_LOOP('',(#14251,#14252,#14253,#14254));
#14256=FACE_OUTER_BOUND('',#14255,.F.);
#14257=ADVANCED_FACE('',(#14256),#14250,.T.);
#14258=CARTESIAN_POINT('',(-1.7575E1,-1.68E0,-2.19E0));
#14259=DIRECTION('',(0.E0,0.E0,1.E0));
#14260=DIRECTION('',(1.E0,0.E0,0.E0));
#14261=AXIS2_PLACEMENT_3D('',#14258,#14259,#14260);
#14262=CYLINDRICAL_SURFACE('',#14261,6.5E-1);
#14263=ORIENTED_EDGE('',*,*,#13879,.F.);
#14264=ORIENTED_EDGE('',*,*,#9824,.F.);
#14266=ORIENTED_EDGE('',*,*,#14265,.F.);
#14267=ORIENTED_EDGE('',*,*,#9552,.T.);
#14268=EDGE_LOOP('',(#14263,#14264,#14266,#14267));
#14269=FACE_OUTER_BOUND('',#14268,.F.);
#14270=ADVANCED_FACE('',(#14269),#14262,.T.);
#14271=CARTESIAN_POINT('',(-1.8275E1,-2.33E0,-2.19E0));
#14272=DIRECTION('',(0.E0,-1.E0,0.E0));
#14273=DIRECTION('',(1.E0,0.E0,0.E0));
#14274=AXIS2_PLACEMENT_3D('',#14271,#14272,#14273);
#14275=PLANE('',#14274);
#14276=ORIENTED_EDGE('',*,*,#9554,.T.);
#14277=ORIENTED_EDGE('',*,*,#14265,.T.);
#14278=ORIENTED_EDGE('',*,*,#9822,.F.);
#14280=ORIENTED_EDGE('',*,*,#14279,.F.);
#14281=EDGE_LOOP('',(#14276,#14277,#14278,#14280));
#14282=FACE_OUTER_BOUND('',#14281,.F.);
#14283=ADVANCED_FACE('',(#14282),#14275,.T.);
#14284=CARTESIAN_POINT('',(-1.8275E1,-1.93E0,-2.19E0));
#14285=DIRECTION('',(-1.E0,0.E0,0.E0));
#14286=DIRECTION('',(0.E0,-1.E0,0.E0));
#14287=AXIS2_PLACEMENT_3D('',#14284,#14285,#14286);
#14288=PLANE('',#14287);
#14289=ORIENTED_EDGE('',*,*,#9556,.T.);
#14290=ORIENTED_EDGE('',*,*,#14279,.T.);
#14291=ORIENTED_EDGE('',*,*,#9820,.F.);
#14293=ORIENTED_EDGE('',*,*,#14292,.F.);
#14294=EDGE_LOOP('',(#14289,#14290,#14291,#14293));
#14295=FACE_OUTER_BOUND('',#14294,.F.);
#14296=ADVANCED_FACE('',(#14295),#14288,.T.);
#14297=CARTESIAN_POINT('',(-1.7575E1,-1.93E0,-2.19E0));
#14298=DIRECTION('',(0.E0,1.E0,0.E0));
#14299=DIRECTION('',(-1.E0,0.E0,0.E0));
#14300=AXIS2_PLACEMENT_3D('',#14297,#14298,#14299);
#14301=PLANE('',#14300);
#14302=ORIENTED_EDGE('',*,*,#9558,.T.);
#14303=ORIENTED_EDGE('',*,*,#14292,.T.);
#14304=ORIENTED_EDGE('',*,*,#9818,.F.);
#14305=ORIENTED_EDGE('',*,*,#9712,.F.);
#14306=EDGE_LOOP('',(#14302,#14303,#14304,#14305));
#14307=FACE_OUTER_BOUND('',#14306,.F.);
#14308=ADVANCED_FACE('',(#14307),#14301,.T.);
#14309=CARTESIAN_POINT('',(1.532E1,1.93E0,-3.6E0));
#14310=DIRECTION('',(1.E0,0.E0,0.E0));
#14311=DIRECTION('',(0.E0,0.E0,-1.E0));
#14312=AXIS2_PLACEMENT_3D('',#14309,#14310,#14311);
#14313=PLANE('',#14312);
#14314=ORIENTED_EDGE('',*,*,#9231,.T.);
#14316=ORIENTED_EDGE('',*,*,#14315,.F.);
#14318=ORIENTED_EDGE('',*,*,#14317,.T.);
#14319=ORIENTED_EDGE('',*,*,#13667,.F.);
#14320=ORIENTED_EDGE('',*,*,#10158,.F.);
#14321=EDGE_LOOP('',(#14314,#14316,#14318,#14319,#14320));
#14322=FACE_OUTER_BOUND('',#14321,.F.);
#14323=ADVANCED_FACE('',(#14322),#14313,.F.);
#14324=CARTESIAN_POINT('',(1.532E1,1.93E0,-3.6E0));
#14325=DIRECTION('',(1.E0,0.E0,0.E0));
#14326=DIRECTION('',(0.E0,0.E0,-1.E0));
#14327=AXIS2_PLACEMENT_3D('',#14324,#14325,#14326);
#14328=PLANE('',#14327);
#14330=ORIENTED_EDGE('',*,*,#14329,.T.);
#14332=ORIENTED_EDGE('',*,*,#14331,.T.);
#14333=ORIENTED_EDGE('',*,*,#11703,.T.);
#14334=ORIENTED_EDGE('',*,*,#12843,.T.);
#14335=ORIENTED_EDGE('',*,*,#13048,.T.);
#14336=ORIENTED_EDGE('',*,*,#13300,.T.);
#14337=EDGE_LOOP('',(#14330,#14332,#14333,#14334,#14335,#14336));
#14338=FACE_OUTER_BOUND('',#14337,.F.);
#14339=ADVANCED_FACE('',(#14338),#14328,.F.);
#14340=CARTESIAN_POINT('',(1.532E1,1.93E0,-3.6E0));
#14341=DIRECTION('',(1.E0,0.E0,0.E0));
#14342=DIRECTION('',(0.E0,0.E0,-1.E0));
#14343=AXIS2_PLACEMENT_3D('',#14340,#14341,#14342);
#14344=PLANE('',#14343);
#14346=ORIENTED_EDGE('',*,*,#14345,.F.);
#14348=ORIENTED_EDGE('',*,*,#14347,.T.);
#14349=ORIENTED_EDGE('',*,*,#13670,.F.);
#14351=ORIENTED_EDGE('',*,*,#14350,.F.);
#14353=ORIENTED_EDGE('',*,*,#14352,.T.);
#14354=ORIENTED_EDGE('',*,*,#12128,.F.);
#14355=ORIENTED_EDGE('',*,*,#12372,.F.);
#14356=EDGE_LOOP('',(#14346,#14348,#14349,#14351,#14353,#14354,#14355));
#14357=FACE_OUTER_BOUND('',#14356,.F.);
#14358=ADVANCED_FACE('',(#14357),#14344,.F.);
#14359=CARTESIAN_POINT('',(1.532E1,-1.65E0,-4.34E0));
#14360=DIRECTION('',(0.E0,0.E0,-1.E0));
#14361=DIRECTION('',(0.E0,1.E0,0.E0));
#14362=AXIS2_PLACEMENT_3D('',#14359,#14360,#14361);
#14363=PLANE('',#14362);
#14365=ORIENTED_EDGE('',*,*,#14364,.F.);
#14367=ORIENTED_EDGE('',*,*,#14366,.F.);
#14368=ORIENTED_EDGE('',*,*,#14315,.T.);
#14369=ORIENTED_EDGE('',*,*,#11582,.T.);
#14371=ORIENTED_EDGE('',*,*,#14370,.T.);
#14373=ORIENTED_EDGE('',*,*,#14372,.F.);
#14374=EDGE_LOOP('',(#14365,#14367,#14368,#14369,#14371,#14373));
#14375=FACE_OUTER_BOUND('',#14374,.F.);
#14376=ADVANCED_FACE('',(#14375),#14363,.T.);
#14377=CARTESIAN_POINT('',(1.468E1,1.93E0,-4.95E0));
#14378=DIRECTION('',(-1.E0,0.E0,0.E0));
#14379=DIRECTION('',(0.E0,0.E0,1.E0));
#14380=AXIS2_PLACEMENT_3D('',#14377,#14378,#14379);
#14381=PLANE('',#14380);
#14382=ORIENTED_EDGE('',*,*,#9253,.F.);
#14383=ORIENTED_EDGE('',*,*,#9991,.T.);
#14384=ORIENTED_EDGE('',*,*,#13678,.T.);
#14386=ORIENTED_EDGE('',*,*,#14385,.F.);
#14387=ORIENTED_EDGE('',*,*,#14364,.T.);
#14388=EDGE_LOOP('',(#14382,#14383,#14384,#14386,#14387));
#14389=FACE_OUTER_BOUND('',#14388,.F.);
#14390=ADVANCED_FACE('',(#14389),#14381,.F.);
#14391=CARTESIAN_POINT('',(1.468E1,1.93E0,-4.95E0));
#14392=DIRECTION('',(-1.E0,0.E0,0.E0));
#14393=DIRECTION('',(0.E0,0.E0,1.E0));
#14394=AXIS2_PLACEMENT_3D('',#14391,#14392,#14393);
#14395=PLANE('',#14394);
#14397=ORIENTED_EDGE('',*,*,#14396,.F.);
#14398=ORIENTED_EDGE('',*,*,#13296,.F.);
#14399=ORIENTED_EDGE('',*,*,#13066,.F.);
#14400=ORIENTED_EDGE('',*,*,#12861,.F.);
#14401=ORIENTED_EDGE('',*,*,#11733,.F.);
#14403=ORIENTED_EDGE('',*,*,#14402,.F.);
#14404=EDGE_LOOP('',(#14397,#14398,#14399,#14400,#14401,#14403));
#14405=FACE_OUTER_BOUND('',#14404,.F.);
#14406=ADVANCED_FACE('',(#14405),#14395,.F.);
#14407=CARTESIAN_POINT('',(1.468E1,1.93E0,-4.95E0));
#14408=DIRECTION('',(-1.E0,0.E0,0.E0));
#14409=DIRECTION('',(0.E0,0.E0,1.E0));
#14410=AXIS2_PLACEMENT_3D('',#14407,#14408,#14409);
#14411=PLANE('',#14410);
#14413=ORIENTED_EDGE('',*,*,#14412,.T.);
#14414=ORIENTED_EDGE('',*,*,#12391,.T.);
#14415=ORIENTED_EDGE('',*,*,#12142,.T.);
#14417=ORIENTED_EDGE('',*,*,#14416,.F.);
#14419=ORIENTED_EDGE('',*,*,#14418,.T.);
#14420=ORIENTED_EDGE('',*,*,#13674,.T.);
#14422=ORIENTED_EDGE('',*,*,#14421,.F.);
#14423=EDGE_LOOP('',(#14413,#14414,#14415,#14417,#14419,#14420,#14422));
#14424=FACE_OUTER_BOUND('',#14423,.F.);
#14425=ADVANCED_FACE('',(#14424),#14411,.F.);
#14426=CARTESIAN_POINT('',(1.532E1,-1.65E0,-4.59E0));
#14427=DIRECTION('',(1.E0,0.E0,0.E0));
#14428=DIRECTION('',(0.E0,0.E0,-1.E0));
#14429=AXIS2_PLACEMENT_3D('',#14426,#14427,#14428);
#14430=CYLINDRICAL_SURFACE('',#14429,2.5E-1);
#14431=ORIENTED_EDGE('',*,*,#14385,.T.);
#14433=ORIENTED_EDGE('',*,*,#14432,.F.);
#14435=ORIENTED_EDGE('',*,*,#14434,.F.);
#14436=ORIENTED_EDGE('',*,*,#11594,.T.);
#14437=ORIENTED_EDGE('',*,*,#14317,.F.);
#14438=ORIENTED_EDGE('',*,*,#14366,.T.);
#14439=EDGE_LOOP('',(#14431,#14433,#14435,#14436,#14437,#14438));
#14440=FACE_OUTER_BOUND('',#14439,.F.);
#14441=ADVANCED_FACE('',(#14440),#14430,.F.);
#14442=CARTESIAN_POINT('',(1.468E1,0.E0,0.E0));
#14443=DIRECTION('',(1.E0,0.E0,0.E0));
#14444=DIRECTION('',(0.E0,0.E0,-1.E0));
#14445=AXIS2_PLACEMENT_3D('',#14442,#14443,#14444);
#14446=PLANE('',#14445);
#14448=ORIENTED_EDGE('',*,*,#14447,.T.);
#14449=ORIENTED_EDGE('',*,*,#12140,.T.);
#14450=ORIENTED_EDGE('',*,*,#11715,.F.);
#14451=ORIENTED_EDGE('',*,*,#9255,.T.);
#14452=ORIENTED_EDGE('',*,*,#14372,.T.);
#14454=ORIENTED_EDGE('',*,*,#14453,.T.);
#14455=ORIENTED_EDGE('',*,*,#11731,.F.);
#14456=ORIENTED_EDGE('',*,*,#12633,.F.);
#14457=ORIENTED_EDGE('',*,*,#12393,.T.);
#14459=ORIENTED_EDGE('',*,*,#14458,.T.);
#14460=EDGE_LOOP('',(#14448,#14449,#14450,#14451,#14452,#14454,#14455,#14456,
#14457,#14459));
#14461=FACE_OUTER_BOUND('',#14460,.F.);
#14462=ADVANCED_FACE('',(#14461),#14446,.F.);
#14463=CARTESIAN_POINT('',(1.468E1,0.E0,0.E0));
#14464=DIRECTION('',(1.E0,0.E0,0.E0));
#14465=DIRECTION('',(0.E0,0.E0,-1.E0));
#14466=AXIS2_PLACEMENT_3D('',#14463,#14464,#14465);
#14467=PLANE('',#14466);
#14468=ORIENTED_EDGE('',*,*,#13676,.F.);
#14470=ORIENTED_EDGE('',*,*,#14469,.T.);
#14472=ORIENTED_EDGE('',*,*,#14471,.T.);
#14474=ORIENTED_EDGE('',*,*,#14473,.T.);
#14476=ORIENTED_EDGE('',*,*,#14475,.T.);
#14477=ORIENTED_EDGE('',*,*,#14432,.T.);
#14478=EDGE_LOOP('',(#14468,#14470,#14472,#14474,#14476,#14477));
#14479=FACE_OUTER_BOUND('',#14478,.F.);
#14480=ADVANCED_FACE('',(#14479),#14467,.F.);
#14481=CARTESIAN_POINT('',(1.468E1,0.E0,0.E0));
#14482=DIRECTION('',(1.E0,0.E0,0.E0));
#14483=DIRECTION('',(0.E0,0.E0,-1.E0));
#14484=AXIS2_PLACEMENT_3D('',#14481,#14482,#14483);
#14485=PLANE('',#14484);
#14487=ORIENTED_EDGE('',*,*,#14486,.F.);
#14489=ORIENTED_EDGE('',*,*,#14488,.T.);
#14490=ORIENTED_EDGE('',*,*,#10819,.T.);
#14492=ORIENTED_EDGE('',*,*,#14491,.T.);
#14493=EDGE_LOOP('',(#14487,#14489,#14490,#14492));
#14494=FACE_OUTER_BOUND('',#14493,.F.);
#14495=ADVANCED_FACE('',(#14494),#14485,.F.);
#14496=CARTESIAN_POINT('',(1.532E1,-3.2E-1,-3.7E0));
#14497=DIRECTION('',(0.E0,0.E0,1.E0));
#14498=DIRECTION('',(0.E0,-1.E0,0.E0));
#14499=AXIS2_PLACEMENT_3D('',#14496,#14497,#14498);
#14500=PLANE('',#14499);
#14501=ORIENTED_EDGE('',*,*,#14416,.T.);
#14502=ORIENTED_EDGE('',*,*,#14447,.F.);
#14504=ORIENTED_EDGE('',*,*,#14503,.F.);
#14505=ORIENTED_EDGE('',*,*,#11570,.T.);
#14506=ORIENTED_EDGE('',*,*,#14352,.F.);
#14508=ORIENTED_EDGE('',*,*,#14507,.T.);
#14509=EDGE_LOOP('',(#14501,#14502,#14504,#14505,#14506,#14508));
#14510=FACE_OUTER_BOUND('',#14509,.F.);
#14511=ADVANCED_FACE('',(#14510),#14500,.T.);
#14512=CARTESIAN_POINT('',(1.532E1,-3.2E-1,2.46E0));
#14513=DIRECTION('',(0.E0,-1.E0,0.E0));
#14514=DIRECTION('',(0.E0,0.E0,-1.E0));
#14515=AXIS2_PLACEMENT_3D('',#14512,#14513,#14514);
#14516=PLANE('',#14515);
#14517=ORIENTED_EDGE('',*,*,#14412,.F.);
#14519=ORIENTED_EDGE('',*,*,#14518,.T.);
#14520=ORIENTED_EDGE('',*,*,#14345,.T.);
#14521=ORIENTED_EDGE('',*,*,#11572,.T.);
#14522=ORIENTED_EDGE('',*,*,#14503,.T.);
#14523=ORIENTED_EDGE('',*,*,#14458,.F.);
#14524=EDGE_LOOP('',(#14517,#14519,#14520,#14521,#14522,#14523));
#14525=FACE_OUTER_BOUND('',#14524,.F.);
#14526=ADVANCED_FACE('',(#14525),#14516,.T.);
#14527=CARTESIAN_POINT('',(1.532E1,-3.2E-1,2.46E0));
#14528=DIRECTION('',(0.E0,-1.E0,0.E0));
#14529=DIRECTION('',(0.E0,0.E0,-1.E0));
#14530=AXIS2_PLACEMENT_3D('',#14527,#14528,#14529);
#14531=PLANE('',#14530);
#14533=ORIENTED_EDGE('',*,*,#14532,.F.);
#14534=ORIENTED_EDGE('',*,*,#11617,.T.);
#14535=ORIENTED_EDGE('',*,*,#10821,.F.);
#14536=ORIENTED_EDGE('',*,*,#14488,.F.);
#14537=EDGE_LOOP('',(#14533,#14534,#14535,#14536));
#14538=FACE_OUTER_BOUND('',#14537,.F.);
#14539=ADVANCED_FACE('',(#14538),#14531,.T.);
#14540=CARTESIAN_POINT('',(1.468E1,1.93E0,-3.6E0));
#14541=DIRECTION('',(0.E0,0.E0,1.E0));
#14542=DIRECTION('',(1.E0,0.E0,0.E0));
#14543=AXIS2_PLACEMENT_3D('',#14540,#14541,#14542);
#14544=PLANE('',#14543);
#14545=ORIENTED_EDGE('',*,*,#14396,.T.);
#14547=ORIENTED_EDGE('',*,*,#14546,.T.);
#14548=ORIENTED_EDGE('',*,*,#14329,.F.);
#14549=ORIENTED_EDGE('',*,*,#13298,.F.);
#14550=EDGE_LOOP('',(#14545,#14547,#14548,#14549));
#14551=FACE_OUTER_BOUND('',#14550,.F.);
#14552=ADVANCED_FACE('',(#14551),#14544,.F.);
#14553=CARTESIAN_POINT('',(1.468E1,1.93E0,-3.6E0));
#14554=DIRECTION('',(0.E0,0.E0,1.E0));
#14555=DIRECTION('',(1.E0,0.E0,0.E0));
#14556=AXIS2_PLACEMENT_3D('',#14553,#14554,#14555);
#14557=PLANE('',#14556);
#14558=ORIENTED_EDGE('',*,*,#14518,.F.);
#14559=ORIENTED_EDGE('',*,*,#14421,.T.);
#14560=ORIENTED_EDGE('',*,*,#13672,.T.);
#14561=ORIENTED_EDGE('',*,*,#14347,.F.);
#14562=EDGE_LOOP('',(#14558,#14559,#14560,#14561));
#14563=FACE_OUTER_BOUND('',#14562,.F.);
#14564=ADVANCED_FACE('',(#14563),#14557,.F.);
#14565=CARTESIAN_POINT('',(1.532E1,1.055E0,-4.34E0));
#14566=DIRECTION('',(0.E0,1.E0,0.E0));
#14567=DIRECTION('',(0.E0,0.E0,1.E0));
#14568=AXIS2_PLACEMENT_3D('',#14565,#14566,#14567);
#14569=PLANE('',#14568);
#14570=ORIENTED_EDGE('',*,*,#14402,.T.);
#14571=ORIENTED_EDGE('',*,*,#14453,.F.);
#14572=ORIENTED_EDGE('',*,*,#14370,.F.);
#14573=ORIENTED_EDGE('',*,*,#11580,.T.);
#14574=ORIENTED_EDGE('',*,*,#14331,.F.);
#14575=ORIENTED_EDGE('',*,*,#14546,.F.);
#14576=EDGE_LOOP('',(#14570,#14571,#14572,#14573,#14574,#14575));
#14577=FACE_OUTER_BOUND('',#14576,.F.);
#14578=ADVANCED_FACE('',(#14577),#14569,.T.);
#14579=CARTESIAN_POINT('',(1.5E1,-2.45E-1,2.26E0));
#14580=DIRECTION('',(0.E0,-9.363291775690E-1,3.511234415884E-1));
#14581=DIRECTION('',(0.E0,3.511234415884E-1,9.363291775690E-1));
#14582=AXIS2_PLACEMENT_3D('',#14579,#14580,#14581);
#14583=PLANE('',#14582);
#14585=ORIENTED_EDGE('',*,*,#14584,.F.);
#14586=ORIENTED_EDGE('',*,*,#14532,.T.);
#14588=ORIENTED_EDGE('',*,*,#14587,.F.);
#14590=ORIENTED_EDGE('',*,*,#14589,.F.);
#14591=EDGE_LOOP('',(#14585,#14586,#14588,#14590));
#14592=FACE_OUTER_BOUND('',#14591,.F.);
#14593=ADVANCED_FACE('',(#14592),#14583,.T.);
#14594=CARTESIAN_POINT('',(1.5245E1,1.421085471520E-14,2.26E0));
#14595=DIRECTION('',(9.363291775690E-1,0.E0,3.511234415884E-1));
#14596=DIRECTION('',(-3.511234415884E-1,0.E0,9.363291775690E-1));
#14597=AXIS2_PLACEMENT_3D('',#14594,#14595,#14596);
#14598=PLANE('',#14597);
#14600=ORIENTED_EDGE('',*,*,#14599,.T.);
#14601=ORIENTED_EDGE('',*,*,#11612,.T.);
#14602=ORIENTED_EDGE('',*,*,#14584,.T.);
#14604=ORIENTED_EDGE('',*,*,#14603,.F.);
#14605=EDGE_LOOP('',(#14600,#14601,#14602,#14604));
#14606=FACE_OUTER_BOUND('',#14605,.F.);
#14607=ADVANCED_FACE('',(#14606),#14598,.T.);
#14608=CARTESIAN_POINT('',(1.5E1,2.45E-1,2.26E0));
#14609=DIRECTION('',(0.E0,9.363291775690E-1,3.511234415884E-1));
#14610=DIRECTION('',(0.E0,3.511234415884E-1,-9.363291775690E-1));
#14611=AXIS2_PLACEMENT_3D('',#14608,#14609,#14610);
#14612=PLANE('',#14611);
#14613=ORIENTED_EDGE('',*,*,#14599,.F.);
#14615=ORIENTED_EDGE('',*,*,#14614,.T.);
#14617=ORIENTED_EDGE('',*,*,#14616,.T.);
#14619=ORIENTED_EDGE('',*,*,#14618,.F.);
#14620=EDGE_LOOP('',(#14613,#14615,#14617,#14619));
#14621=FACE_OUTER_BOUND('',#14620,.F.);
#14622=ADVANCED_FACE('',(#14621),#14612,.T.);
#14623=CARTESIAN_POINT('',(1.532E1,3.2E-1,2.46E0));
#14624=DIRECTION('',(0.E0,0.E0,1.E0));
#14625=DIRECTION('',(0.E0,-1.E0,0.E0));
#14626=AXIS2_PLACEMENT_3D('',#14623,#14624,#14625);
#14627=PLANE('',#14626);
#14628=ORIENTED_EDGE('',*,*,#14589,.T.);
#14630=ORIENTED_EDGE('',*,*,#14629,.T.);
#14631=ORIENTED_EDGE('',*,*,#14614,.F.);
#14632=ORIENTED_EDGE('',*,*,#14603,.T.);
#14633=EDGE_LOOP('',(#14628,#14630,#14631,#14632));
#14634=FACE_OUTER_BOUND('',#14633,.F.);
#14635=ADVANCED_FACE('',(#14634),#14627,.T.);
#14636=CARTESIAN_POINT('',(1.4755E1,1.776356839400E-14,2.26E0));
#14637=DIRECTION('',(-9.363291775690E-1,0.E0,3.511234415884E-1));
#14638=DIRECTION('',(3.511234415884E-1,0.E0,9.363291775690E-1));
#14639=AXIS2_PLACEMENT_3D('',#14636,#14637,#14638);
#14640=PLANE('',#14639);
#14641=ORIENTED_EDGE('',*,*,#14616,.F.);
#14642=ORIENTED_EDGE('',*,*,#14629,.F.);
#14643=ORIENTED_EDGE('',*,*,#14587,.T.);
#14644=ORIENTED_EDGE('',*,*,#14486,.T.);
#14645=EDGE_LOOP('',(#14641,#14642,#14643,#14644));
#14646=FACE_OUTER_BOUND('',#14645,.F.);
#14647=ADVANCED_FACE('',(#14646),#14640,.T.);
#14648=CARTESIAN_POINT('',(1.532E1,3.2E-1,-2.49E0));
#14649=DIRECTION('',(0.E0,1.E0,0.E0));
#14650=DIRECTION('',(0.E0,0.E0,1.E0));
#14651=AXIS2_PLACEMENT_3D('',#14648,#14649,#14650);
#14652=PLANE('',#14651);
#14653=ORIENTED_EDGE('',*,*,#14618,.T.);
#14654=ORIENTED_EDGE('',*,*,#14491,.F.);
#14655=ORIENTED_EDGE('',*,*,#10817,.T.);
#14656=ORIENTED_EDGE('',*,*,#11614,.T.);
#14657=EDGE_LOOP('',(#14653,#14654,#14655,#14656));
#14658=FACE_OUTER_BOUND('',#14657,.F.);
#14659=ADVANCED_FACE('',(#14658),#14652,.T.);
#14660=CARTESIAN_POINT('',(1.532E1,-1.65E0,-4.59E0));
#14661=DIRECTION('',(1.E0,0.E0,0.E0));
#14662=DIRECTION('',(0.E0,0.E0,-1.E0));
#14663=AXIS2_PLACEMENT_3D('',#14660,#14661,#14662);
#14664=CYLINDRICAL_SURFACE('',#14663,8.9E-1);
#14665=ORIENTED_EDGE('',*,*,#14418,.F.);
#14666=ORIENTED_EDGE('',*,*,#14507,.F.);
#14667=ORIENTED_EDGE('',*,*,#14350,.T.);
#14668=ORIENTED_EDGE('',*,*,#11602,.T.);
#14670=ORIENTED_EDGE('',*,*,#14669,.T.);
#14671=ORIENTED_EDGE('',*,*,#14469,.F.);
#14672=EDGE_LOOP('',(#14665,#14666,#14667,#14668,#14670,#14671));
#14673=FACE_OUTER_BOUND('',#14672,.F.);
#14674=ADVANCED_FACE('',(#14673),#14664,.T.);
#14675=CARTESIAN_POINT('',(1.532E1,-2.54E0,-4.59E0));
#14676=DIRECTION('',(0.E0,-1.E0,0.E0));
#14677=DIRECTION('',(0.E0,0.E0,-1.E0));
#14678=AXIS2_PLACEMENT_3D('',#14675,#14676,#14677);
#14679=PLANE('',#14678);
#14680=ORIENTED_EDGE('',*,*,#11600,.T.);
#14682=ORIENTED_EDGE('',*,*,#14681,.T.);
#14683=ORIENTED_EDGE('',*,*,#14471,.F.);
#14684=ORIENTED_EDGE('',*,*,#14669,.F.);
#14685=EDGE_LOOP('',(#14680,#14682,#14683,#14684));
#14686=FACE_OUTER_BOUND('',#14685,.F.);
#14687=ADVANCED_FACE('',(#14686),#14679,.T.);
#14688=CARTESIAN_POINT('',(1.532E1,-2.22E0,-5.47E0));
#14689=DIRECTION('',(1.E0,0.E0,0.E0));
#14690=DIRECTION('',(0.E0,0.E0,-1.E0));
#14691=AXIS2_PLACEMENT_3D('',#14688,#14689,#14690);
#14692=CYLINDRICAL_SURFACE('',#14691,3.2E-1);
#14693=ORIENTED_EDGE('',*,*,#11598,.T.);
#14695=ORIENTED_EDGE('',*,*,#14694,.T.);
#14696=ORIENTED_EDGE('',*,*,#14473,.F.);
#14697=ORIENTED_EDGE('',*,*,#14681,.F.);
#14698=EDGE_LOOP('',(#14693,#14695,#14696,#14697));
#14699=FACE_OUTER_BOUND('',#14698,.F.);
#14700=ADVANCED_FACE('',(#14699),#14692,.T.);
#14701=CARTESIAN_POINT('',(1.532E1,-1.9E0,-5.47E0));
#14702=DIRECTION('',(0.E0,1.E0,0.E0));
#14703=DIRECTION('',(0.E0,0.E0,1.E0));
#14704=AXIS2_PLACEMENT_3D('',#14701,#14702,#14703);
#14705=PLANE('',#14704);
#14706=ORIENTED_EDGE('',*,*,#11596,.T.);
#14707=ORIENTED_EDGE('',*,*,#14434,.T.);
#14708=ORIENTED_EDGE('',*,*,#14475,.F.);
#14709=ORIENTED_EDGE('',*,*,#14694,.F.);
#14710=EDGE_LOOP('',(#14706,#14707,#14708,#14709));
#14711=FACE_OUTER_BOUND('',#14710,.F.);
#14712=ADVANCED_FACE('',(#14711),#14705,.T.);
#14713=CARTESIAN_POINT('',(1.232E1,1.93E0,-3.6E0));
#14714=DIRECTION('',(1.E0,0.E0,0.E0));
#14715=DIRECTION('',(0.E0,0.E0,-1.E0));
#14716=AXIS2_PLACEMENT_3D('',#14713,#14714,#14715);
#14717=PLANE('',#14716);
#14719=ORIENTED_EDGE('',*,*,#14718,.T.);
#14720=ORIENTED_EDGE('',*,*,#11737,.T.);
#14721=ORIENTED_EDGE('',*,*,#12858,.T.);
#14722=ORIENTED_EDGE('',*,*,#13063,.T.);
#14723=ORIENTED_EDGE('',*,*,#13293,.T.);
#14725=ORIENTED_EDGE('',*,*,#14724,.T.);
#14726=EDGE_LOOP('',(#14719,#14720,#14721,#14722,#14723,#14725));
#14727=FACE_OUTER_BOUND('',#14726,.F.);
#14728=ADVANCED_FACE('',(#14727),#14717,.F.);
#14729=CARTESIAN_POINT('',(1.232E1,1.93E0,-3.6E0));
#14730=DIRECTION('',(1.E0,0.E0,0.E0));
#14731=DIRECTION('',(0.E0,0.E0,-1.E0));
#14732=AXIS2_PLACEMENT_3D('',#14729,#14730,#14731);
#14733=PLANE('',#14732);
#14735=ORIENTED_EDGE('',*,*,#14734,.F.);
#14737=ORIENTED_EDGE('',*,*,#14736,.T.);
#14738=ORIENTED_EDGE('',*,*,#13685,.F.);
#14740=ORIENTED_EDGE('',*,*,#14739,.F.);
#14742=ORIENTED_EDGE('',*,*,#14741,.T.);
#14743=ORIENTED_EDGE('',*,*,#12146,.F.);
#14744=ORIENTED_EDGE('',*,*,#12388,.F.);
#14745=EDGE_LOOP('',(#14735,#14737,#14738,#14740,#14742,#14743,#14744));
#14746=FACE_OUTER_BOUND('',#14745,.F.);
#14747=ADVANCED_FACE('',(#14746),#14733,.F.);
#14748=CARTESIAN_POINT('',(1.232E1,1.93E0,-3.6E0));
#14749=DIRECTION('',(1.E0,0.E0,0.E0));
#14750=DIRECTION('',(0.E0,0.E0,-1.E0));
#14751=AXIS2_PLACEMENT_3D('',#14748,#14749,#14750);
#14752=PLANE('',#14751);
#14753=ORIENTED_EDGE('',*,*,#9249,.T.);
#14755=ORIENTED_EDGE('',*,*,#14754,.F.);
#14757=ORIENTED_EDGE('',*,*,#14756,.T.);
#14758=ORIENTED_EDGE('',*,*,#13681,.F.);
#14759=ORIENTED_EDGE('',*,*,#9987,.T.);
#14760=EDGE_LOOP('',(#14753,#14755,#14757,#14758,#14759));
#14761=FACE_OUTER_BOUND('',#14760,.F.);
#14762=ADVANCED_FACE('',(#14761),#14752,.F.);
#14763=CARTESIAN_POINT('',(1.232E1,1.055E0,-4.34E0));
#14764=DIRECTION('',(0.E0,1.E0,0.E0));
#14765=DIRECTION('',(0.E0,0.E0,1.E0));
#14766=AXIS2_PLACEMENT_3D('',#14763,#14764,#14765);
#14767=PLANE('',#14766);
#14769=ORIENTED_EDGE('',*,*,#14768,.T.);
#14771=ORIENTED_EDGE('',*,*,#14770,.F.);
#14773=ORIENTED_EDGE('',*,*,#14772,.F.);
#14775=ORIENTED_EDGE('',*,*,#14774,.T.);
#14776=ORIENTED_EDGE('',*,*,#14718,.F.);
#14778=ORIENTED_EDGE('',*,*,#14777,.F.);
#14779=EDGE_LOOP('',(#14769,#14771,#14773,#14775,#14776,#14778));
#14780=FACE_OUTER_BOUND('',#14779,.F.);
#14781=ADVANCED_FACE('',(#14780),#14767,.T.);
#14782=CARTESIAN_POINT('',(1.168E1,1.93E0,-4.95E0));
#14783=DIRECTION('',(-1.E0,0.E0,0.E0));
#14784=DIRECTION('',(0.E0,0.E0,1.E0));
#14785=AXIS2_PLACEMENT_3D('',#14782,#14783,#14784);
#14786=PLANE('',#14785);
#14787=ORIENTED_EDGE('',*,*,#14768,.F.);
#14789=ORIENTED_EDGE('',*,*,#14788,.F.);
#14790=ORIENTED_EDGE('',*,*,#13289,.F.);
#14791=ORIENTED_EDGE('',*,*,#13081,.F.);
#14792=ORIENTED_EDGE('',*,*,#12876,.F.);
#14793=ORIENTED_EDGE('',*,*,#11768,.F.);
#14794=EDGE_LOOP('',(#14787,#14789,#14790,#14791,#14792,#14793));
#14795=FACE_OUTER_BOUND('',#14794,.F.);
#14796=ADVANCED_FACE('',(#14795),#14786,.F.);
#14797=CARTESIAN_POINT('',(1.168E1,1.93E0,-4.95E0));
#14798=DIRECTION('',(-1.E0,0.E0,0.E0));
#14799=DIRECTION('',(0.E0,0.E0,1.E0));
#14800=AXIS2_PLACEMENT_3D('',#14797,#14798,#14799);
#14801=PLANE('',#14800);
#14803=ORIENTED_EDGE('',*,*,#14802,.T.);
#14804=ORIENTED_EDGE('',*,*,#12410,.T.);
#14805=ORIENTED_EDGE('',*,*,#12161,.T.);
#14807=ORIENTED_EDGE('',*,*,#14806,.F.);
#14809=ORIENTED_EDGE('',*,*,#14808,.T.);
#14810=ORIENTED_EDGE('',*,*,#13689,.T.);
#14812=ORIENTED_EDGE('',*,*,#14811,.F.);
#14813=EDGE_LOOP('',(#14803,#14804,#14805,#14807,#14809,#14810,#14812));
#14814=FACE_OUTER_BOUND('',#14813,.F.);
#14815=ADVANCED_FACE('',(#14814),#14801,.F.);
#14816=CARTESIAN_POINT('',(1.168E1,1.93E0,-4.95E0));
#14817=DIRECTION('',(-1.E0,0.E0,0.E0));
#14818=DIRECTION('',(0.E0,0.E0,1.E0));
#14819=AXIS2_PLACEMENT_3D('',#14816,#14817,#14818);
#14820=PLANE('',#14819);
#14821=ORIENTED_EDGE('',*,*,#9273,.F.);
#14822=ORIENTED_EDGE('',*,*,#10006,.F.);
#14823=ORIENTED_EDGE('',*,*,#13693,.T.);
#14825=ORIENTED_EDGE('',*,*,#14824,.F.);
#14827=ORIENTED_EDGE('',*,*,#14826,.T.);
#14828=EDGE_LOOP('',(#14821,#14822,#14823,#14825,#14827));
#14829=FACE_OUTER_BOUND('',#14828,.F.);
#14830=ADVANCED_FACE('',(#14829),#14820,.F.);
#14831=CARTESIAN_POINT('',(1.168E1,1.93E0,-3.6E0));
#14832=DIRECTION('',(0.E0,0.E0,1.E0));
#14833=DIRECTION('',(1.E0,0.E0,0.E0));
#14834=AXIS2_PLACEMENT_3D('',#14831,#14832,#14833);
#14835=PLANE('',#14834);
#14836=ORIENTED_EDGE('',*,*,#14777,.T.);
#14837=ORIENTED_EDGE('',*,*,#14724,.F.);
#14838=ORIENTED_EDGE('',*,*,#13291,.F.);
#14839=ORIENTED_EDGE('',*,*,#14788,.T.);
#14840=EDGE_LOOP('',(#14836,#14837,#14838,#14839));
#14841=FACE_OUTER_BOUND('',#14840,.F.);
#14842=ADVANCED_FACE('',(#14841),#14835,.F.);
#14843=CARTESIAN_POINT('',(1.168E1,1.93E0,-3.6E0));
#14844=DIRECTION('',(0.E0,0.E0,1.E0));
#14845=DIRECTION('',(1.E0,0.E0,0.E0));
#14846=AXIS2_PLACEMENT_3D('',#14843,#14844,#14845);
#14847=PLANE('',#14846);
#14849=ORIENTED_EDGE('',*,*,#14848,.F.);
#14850=ORIENTED_EDGE('',*,*,#14811,.T.);
#14851=ORIENTED_EDGE('',*,*,#13687,.T.);
#14852=ORIENTED_EDGE('',*,*,#14736,.F.);
#14853=EDGE_LOOP('',(#14849,#14850,#14851,#14852));
#14854=FACE_OUTER_BOUND('',#14853,.F.);
#14855=ADVANCED_FACE('',(#14854),#14847,.F.);
#14856=CARTESIAN_POINT('',(1.232E1,-3.2E-1,2.46E0));
#14857=DIRECTION('',(0.E0,-1.E0,0.E0));
#14858=DIRECTION('',(0.E0,0.E0,-1.E0));
#14859=AXIS2_PLACEMENT_3D('',#14856,#14857,#14858);
#14860=PLANE('',#14859);
#14861=ORIENTED_EDGE('',*,*,#14802,.F.);
#14862=ORIENTED_EDGE('',*,*,#14848,.T.);
#14863=ORIENTED_EDGE('',*,*,#14734,.T.);
#14865=ORIENTED_EDGE('',*,*,#14864,.T.);
#14867=ORIENTED_EDGE('',*,*,#14866,.T.);
#14869=ORIENTED_EDGE('',*,*,#14868,.F.);
#14870=EDGE_LOOP('',(#14861,#14862,#14863,#14865,#14867,#14869));
#14871=FACE_OUTER_BOUND('',#14870,.F.);
#14872=ADVANCED_FACE('',(#14871),#14860,.T.);
#14873=CARTESIAN_POINT('',(1.232E1,-3.2E-1,2.46E0));
#14874=DIRECTION('',(0.E0,-1.E0,0.E0));
#14875=DIRECTION('',(0.E0,0.E0,-1.E0));
#14876=AXIS2_PLACEMENT_3D('',#14873,#14874,#14875);
#14877=PLANE('',#14876);
#14879=ORIENTED_EDGE('',*,*,#14878,.F.);
#14881=ORIENTED_EDGE('',*,*,#14880,.T.);
#14882=ORIENTED_EDGE('',*,*,#10849,.F.);
#14884=ORIENTED_EDGE('',*,*,#14883,.F.);
#14885=EDGE_LOOP('',(#14879,#14881,#14882,#14884));
#14886=FACE_OUTER_BOUND('',#14885,.F.);
#14887=ADVANCED_FACE('',(#14886),#14877,.T.);
#14888=CARTESIAN_POINT('',(1.232E1,0.E0,0.E0));
#14889=DIRECTION('',(1.E0,0.E0,0.E0));
#14890=DIRECTION('',(0.E0,0.E0,-1.E0));
#14891=AXIS2_PLACEMENT_3D('',#14888,#14889,#14890);
#14892=PLANE('',#14891);
#14893=ORIENTED_EDGE('',*,*,#9259,.F.);
#14894=ORIENTED_EDGE('',*,*,#11719,.T.);
#14895=ORIENTED_EDGE('',*,*,#12148,.F.);
#14897=ORIENTED_EDGE('',*,*,#14896,.F.);
#14898=ORIENTED_EDGE('',*,*,#14864,.F.);
#14899=ORIENTED_EDGE('',*,*,#12397,.F.);
#14900=ORIENTED_EDGE('',*,*,#12636,.T.);
#14901=ORIENTED_EDGE('',*,*,#11739,.T.);
#14902=ORIENTED_EDGE('',*,*,#14774,.F.);
#14904=ORIENTED_EDGE('',*,*,#14903,.F.);
#14905=EDGE_LOOP('',(#14893,#14894,#14895,#14897,#14898,#14899,#14900,#14901,
#14902,#14904));
#14906=FACE_OUTER_BOUND('',#14905,.F.);
#14907=ADVANCED_FACE('',(#14906),#14892,.T.);
#14908=CARTESIAN_POINT('',(1.232E1,0.E0,0.E0));
#14909=DIRECTION('',(1.E0,0.E0,0.E0));
#14910=DIRECTION('',(0.E0,0.E0,-1.E0));
#14911=AXIS2_PLACEMENT_3D('',#14908,#14909,#14910);
#14912=PLANE('',#14911);
#14913=ORIENTED_EDGE('',*,*,#13683,.T.);
#14915=ORIENTED_EDGE('',*,*,#14914,.F.);
#14917=ORIENTED_EDGE('',*,*,#14916,.F.);
#14919=ORIENTED_EDGE('',*,*,#14918,.F.);
#14921=ORIENTED_EDGE('',*,*,#14920,.F.);
#14923=ORIENTED_EDGE('',*,*,#14922,.F.);
#14924=EDGE_LOOP('',(#14913,#14915,#14917,#14919,#14921,#14923));
#14925=FACE_OUTER_BOUND('',#14924,.F.);
#14926=ADVANCED_FACE('',(#14925),#14912,.T.);
#14927=CARTESIAN_POINT('',(1.232E1,0.E0,0.E0));
#14928=DIRECTION('',(1.E0,0.E0,0.E0));
#14929=DIRECTION('',(0.E0,0.E0,-1.E0));
#14930=AXIS2_PLACEMENT_3D('',#14927,#14928,#14929);
#14931=PLANE('',#14930);
#14933=ORIENTED_EDGE('',*,*,#14932,.F.);
#14935=ORIENTED_EDGE('',*,*,#14934,.F.);
#14936=ORIENTED_EDGE('',*,*,#10843,.F.);
#14937=ORIENTED_EDGE('',*,*,#14880,.F.);
#14938=EDGE_LOOP('',(#14933,#14935,#14936,#14937));
#14939=FACE_OUTER_BOUND('',#14938,.F.);
#14940=ADVANCED_FACE('',(#14939),#14931,.T.);
#14941=CARTESIAN_POINT('',(1.232E1,-3.2E-1,-3.7E0));
#14942=DIRECTION('',(0.E0,0.E0,1.E0));
#14943=DIRECTION('',(0.E0,-1.E0,0.E0));
#14944=AXIS2_PLACEMENT_3D('',#14941,#14942,#14943);
#14945=PLANE('',#14944);
#14946=ORIENTED_EDGE('',*,*,#14806,.T.);
#14948=ORIENTED_EDGE('',*,*,#14947,.F.);
#14949=ORIENTED_EDGE('',*,*,#14866,.F.);
#14950=ORIENTED_EDGE('',*,*,#14896,.T.);
#14951=ORIENTED_EDGE('',*,*,#14741,.F.);
#14953=ORIENTED_EDGE('',*,*,#14952,.T.);
#14954=EDGE_LOOP('',(#14946,#14948,#14949,#14950,#14951,#14953));
#14955=FACE_OUTER_BOUND('',#14954,.F.);
#14956=ADVANCED_FACE('',(#14955),#14945,.T.);
#14957=CARTESIAN_POINT('',(1.168E1,0.E0,0.E0));
#14958=DIRECTION('',(1.E0,0.E0,0.E0));
#14959=DIRECTION('',(0.E0,0.E0,-1.E0));
#14960=AXIS2_PLACEMENT_3D('',#14957,#14958,#14959);
#14961=PLANE('',#14960);
#14962=ORIENTED_EDGE('',*,*,#9275,.T.);
#14964=ORIENTED_EDGE('',*,*,#14963,.T.);
#14965=ORIENTED_EDGE('',*,*,#14770,.T.);
#14966=ORIENTED_EDGE('',*,*,#11766,.F.);
#14967=ORIENTED_EDGE('',*,*,#12647,.F.);
#14968=ORIENTED_EDGE('',*,*,#12412,.T.);
#14969=ORIENTED_EDGE('',*,*,#14868,.T.);
#14970=ORIENTED_EDGE('',*,*,#14947,.T.);
#14971=ORIENTED_EDGE('',*,*,#12159,.T.);
#14972=ORIENTED_EDGE('',*,*,#11750,.F.);
#14973=EDGE_LOOP('',(#14962,#14964,#14965,#14966,#14967,#14968,#14969,#14970,
#14971,#14972));
#14974=FACE_OUTER_BOUND('',#14973,.F.);
#14975=ADVANCED_FACE('',(#14974),#14961,.F.);
#14976=CARTESIAN_POINT('',(1.168E1,0.E0,0.E0));
#14977=DIRECTION('',(1.E0,0.E0,0.E0));
#14978=DIRECTION('',(0.E0,0.E0,-1.E0));
#14979=AXIS2_PLACEMENT_3D('',#14976,#14977,#14978);
#14980=PLANE('',#14979);
#14981=ORIENTED_EDGE('',*,*,#13691,.F.);
#14983=ORIENTED_EDGE('',*,*,#14982,.T.);
#14985=ORIENTED_EDGE('',*,*,#14984,.T.);
#14987=ORIENTED_EDGE('',*,*,#14986,.T.);
#14989=ORIENTED_EDGE('',*,*,#14988,.T.);
#14991=ORIENTED_EDGE('',*,*,#14990,.T.);
#14992=EDGE_LOOP('',(#14981,#14983,#14985,#14987,#14989,#14991));
#14993=FACE_OUTER_BOUND('',#14992,.F.);
#14994=ADVANCED_FACE('',(#14993),#14980,.F.);
#14995=CARTESIAN_POINT('',(1.168E1,0.E0,0.E0));
#14996=DIRECTION('',(1.E0,0.E0,0.E0));
#14997=DIRECTION('',(0.E0,0.E0,-1.E0));
#14998=AXIS2_PLACEMENT_3D('',#14995,#14996,#14997);
#14999=PLANE('',#14998);
#15001=ORIENTED_EDGE('',*,*,#15000,.F.);
#15002=ORIENTED_EDGE('',*,*,#14883,.T.);
#15003=ORIENTED_EDGE('',*,*,#10847,.T.);
#15005=ORIENTED_EDGE('',*,*,#15004,.T.);
#15006=EDGE_LOOP('',(#15001,#15002,#15003,#15005));
#15007=FACE_OUTER_BOUND('',#15006,.F.);
#15008=ADVANCED_FACE('',(#15007),#14999,.F.);
#15009=CARTESIAN_POINT('',(1.232E1,-1.65E0,-4.34E0));
#15010=DIRECTION('',(0.E0,0.E0,-1.E0));
#15011=DIRECTION('',(0.E0,1.E0,0.E0));
#15012=AXIS2_PLACEMENT_3D('',#15009,#15010,#15011);
#15013=PLANE('',#15012);
#15014=ORIENTED_EDGE('',*,*,#14826,.F.);
#15016=ORIENTED_EDGE('',*,*,#15015,.F.);
#15017=ORIENTED_EDGE('',*,*,#14754,.T.);
#15018=ORIENTED_EDGE('',*,*,#14903,.T.);
#15019=ORIENTED_EDGE('',*,*,#14772,.T.);
#15020=ORIENTED_EDGE('',*,*,#14963,.F.);
#15021=EDGE_LOOP('',(#15014,#15016,#15017,#15018,#15019,#15020));
#15022=FACE_OUTER_BOUND('',#15021,.F.);
#15023=ADVANCED_FACE('',(#15022),#15013,.T.);
#15024=CARTESIAN_POINT('',(1.232E1,-1.65E0,-4.59E0));
#15025=DIRECTION('',(1.E0,0.E0,0.E0));
#15026=DIRECTION('',(0.E0,0.E0,-1.E0));
#15027=AXIS2_PLACEMENT_3D('',#15024,#15025,#15026);
#15028=CYLINDRICAL_SURFACE('',#15027,2.5E-1);
#15029=ORIENTED_EDGE('',*,*,#14824,.T.);
#15030=ORIENTED_EDGE('',*,*,#14990,.F.);
#15032=ORIENTED_EDGE('',*,*,#15031,.F.);
#15033=ORIENTED_EDGE('',*,*,#14914,.T.);
#15034=ORIENTED_EDGE('',*,*,#14756,.F.);
#15035=ORIENTED_EDGE('',*,*,#15015,.T.);
#15036=EDGE_LOOP('',(#15029,#15030,#15032,#15033,#15034,#15035));
#15037=FACE_OUTER_BOUND('',#15036,.F.);
#15038=ADVANCED_FACE('',(#15037),#15028,.F.);
#15039=CARTESIAN_POINT('',(1.232E1,-1.9E0,-5.47E0));
#15040=DIRECTION('',(0.E0,1.E0,0.E0));
#15041=DIRECTION('',(0.E0,0.E0,1.E0));
#15042=AXIS2_PLACEMENT_3D('',#15039,#15040,#15041);
#15043=PLANE('',#15042);
#15044=ORIENTED_EDGE('',*,*,#14916,.T.);
#15045=ORIENTED_EDGE('',*,*,#15031,.T.);
#15046=ORIENTED_EDGE('',*,*,#14988,.F.);
#15048=ORIENTED_EDGE('',*,*,#15047,.F.);
#15049=EDGE_LOOP('',(#15044,#15045,#15046,#15048));
#15050=FACE_OUTER_BOUND('',#15049,.F.);
#15051=ADVANCED_FACE('',(#15050),#15043,.T.);
#15052=CARTESIAN_POINT('',(1.232E1,-2.22E0,-5.47E0));
#15053=DIRECTION('',(1.E0,0.E0,0.E0));
#15054=DIRECTION('',(0.E0,0.E0,-1.E0));
#15055=AXIS2_PLACEMENT_3D('',#15052,#15053,#15054);
#15056=CYLINDRICAL_SURFACE('',#15055,3.2E-1);
#15057=ORIENTED_EDGE('',*,*,#14918,.T.);
#15058=ORIENTED_EDGE('',*,*,#15047,.T.);
#15059=ORIENTED_EDGE('',*,*,#14986,.F.);
#15061=ORIENTED_EDGE('',*,*,#15060,.F.);
#15062=EDGE_LOOP('',(#15057,#15058,#15059,#15061));
#15063=FACE_OUTER_BOUND('',#15062,.F.);
#15064=ADVANCED_FACE('',(#15063),#15056,.T.);
#15065=CARTESIAN_POINT('',(1.232E1,-2.54E0,-4.59E0));
#15066=DIRECTION('',(0.E0,-1.E0,0.E0));
#15067=DIRECTION('',(0.E0,0.E0,-1.E0));
#15068=AXIS2_PLACEMENT_3D('',#15065,#15066,#15067);
#15069=PLANE('',#15068);
#15070=ORIENTED_EDGE('',*,*,#14920,.T.);
#15071=ORIENTED_EDGE('',*,*,#15060,.T.);
#15072=ORIENTED_EDGE('',*,*,#14984,.F.);
#15074=ORIENTED_EDGE('',*,*,#15073,.F.);
#15075=EDGE_LOOP('',(#15070,#15071,#15072,#15074));
#15076=FACE_OUTER_BOUND('',#15075,.F.);
#15077=ADVANCED_FACE('',(#15076),#15069,.T.);
#15078=CARTESIAN_POINT('',(1.232E1,-1.65E0,-4.59E0));
#15079=DIRECTION('',(1.E0,0.E0,0.E0));
#15080=DIRECTION('',(0.E0,0.E0,-1.E0));
#15081=AXIS2_PLACEMENT_3D('',#15078,#15079,#15080);
#15082=CYLINDRICAL_SURFACE('',#15081,8.9E-1);
#15083=ORIENTED_EDGE('',*,*,#14808,.F.);
#15084=ORIENTED_EDGE('',*,*,#14952,.F.);
#15085=ORIENTED_EDGE('',*,*,#14739,.T.);
#15086=ORIENTED_EDGE('',*,*,#14922,.T.);
#15087=ORIENTED_EDGE('',*,*,#15073,.T.);
#15088=ORIENTED_EDGE('',*,*,#14982,.F.);
#15089=EDGE_LOOP('',(#15083,#15084,#15085,#15086,#15087,#15088));
#15090=FACE_OUTER_BOUND('',#15089,.F.);
#15091=ADVANCED_FACE('',(#15090),#15082,.T.);
#15092=CARTESIAN_POINT('',(1.1755E1,0.E0,2.26E0));
#15093=DIRECTION('',(-9.363291775690E-1,0.E0,3.511234415884E-1));
#15094=DIRECTION('',(3.511234415884E-1,0.E0,9.363291775690E-1));
#15095=AXIS2_PLACEMENT_3D('',#15092,#15093,#15094);
#15096=PLANE('',#15095);
#15097=ORIENTED_EDGE('',*,*,#15000,.T.);
#15099=ORIENTED_EDGE('',*,*,#15098,.F.);
#15101=ORIENTED_EDGE('',*,*,#15100,.F.);
#15103=ORIENTED_EDGE('',*,*,#15102,.T.);
#15104=EDGE_LOOP('',(#15097,#15099,#15101,#15103));
#15105=FACE_OUTER_BOUND('',#15104,.F.);
#15106=ADVANCED_FACE('',(#15105),#15096,.T.);
#15107=CARTESIAN_POINT('',(1.2E1,2.45E-1,2.26E0));
#15108=DIRECTION('',(0.E0,9.363291775690E-1,3.511234415884E-1));
#15109=DIRECTION('',(0.E0,3.511234415884E-1,-9.363291775690E-1));
#15110=AXIS2_PLACEMENT_3D('',#15107,#15108,#15109);
#15111=PLANE('',#15110);
#15113=ORIENTED_EDGE('',*,*,#15112,.F.);
#15115=ORIENTED_EDGE('',*,*,#15114,.F.);
#15117=ORIENTED_EDGE('',*,*,#15116,.T.);
#15118=ORIENTED_EDGE('',*,*,#15098,.T.);
#15119=EDGE_LOOP('',(#15113,#15115,#15117,#15118));
#15120=FACE_OUTER_BOUND('',#15119,.F.);
#15121=ADVANCED_FACE('',(#15120),#15111,.T.);
#15122=CARTESIAN_POINT('',(1.232E1,3.2E-1,-2.49E0));
#15123=DIRECTION('',(0.E0,1.E0,0.E0));
#15124=DIRECTION('',(0.E0,0.E0,1.E0));
#15125=AXIS2_PLACEMENT_3D('',#15122,#15123,#15124);
#15126=PLANE('',#15125);
#15127=ORIENTED_EDGE('',*,*,#15112,.T.);
#15128=ORIENTED_EDGE('',*,*,#15004,.F.);
#15129=ORIENTED_EDGE('',*,*,#10845,.T.);
#15130=ORIENTED_EDGE('',*,*,#14934,.T.);
#15131=EDGE_LOOP('',(#15127,#15128,#15129,#15130));
#15132=FACE_OUTER_BOUND('',#15131,.F.);
#15133=ADVANCED_FACE('',(#15132),#15126,.T.);
#15134=CARTESIAN_POINT('',(1.2245E1,0.E0,2.26E0));
#15135=DIRECTION('',(9.363291775690E-1,0.E0,3.511234415884E-1));
#15136=DIRECTION('',(-3.511234415884E-1,0.E0,9.363291775690E-1));
#15137=AXIS2_PLACEMENT_3D('',#15134,#15135,#15136);
#15138=PLANE('',#15137);
#15140=ORIENTED_EDGE('',*,*,#15139,.F.);
#15141=ORIENTED_EDGE('',*,*,#15114,.T.);
#15142=ORIENTED_EDGE('',*,*,#14932,.T.);
#15144=ORIENTED_EDGE('',*,*,#15143,.T.);
#15145=EDGE_LOOP('',(#15140,#15141,#15142,#15144));
#15146=FACE_OUTER_BOUND('',#15145,.F.);
#15147=ADVANCED_FACE('',(#15146),#15138,.T.);
#15148=CARTESIAN_POINT('',(1.232E1,3.2E-1,2.46E0));
#15149=DIRECTION('',(0.E0,0.E0,1.E0));
#15150=DIRECTION('',(0.E0,-1.E0,0.E0));
#15151=AXIS2_PLACEMENT_3D('',#15148,#15149,#15150);
#15152=PLANE('',#15151);
#15154=ORIENTED_EDGE('',*,*,#15153,.T.);
#15155=ORIENTED_EDGE('',*,*,#15100,.T.);
#15156=ORIENTED_EDGE('',*,*,#15116,.F.);
#15157=ORIENTED_EDGE('',*,*,#15139,.T.);
#15158=EDGE_LOOP('',(#15154,#15155,#15156,#15157));
#15159=FACE_OUTER_BOUND('',#15158,.F.);
#15160=ADVANCED_FACE('',(#15159),#15152,.T.);
#15161=CARTESIAN_POINT('',(1.2E1,-2.45E-1,2.26E0));
#15162=DIRECTION('',(0.E0,-9.363291775690E-1,3.511234415884E-1));
#15163=DIRECTION('',(0.E0,3.511234415884E-1,9.363291775690E-1));
#15164=AXIS2_PLACEMENT_3D('',#15161,#15162,#15163);
#15165=PLANE('',#15164);
#15166=ORIENTED_EDGE('',*,*,#15153,.F.);
#15167=ORIENTED_EDGE('',*,*,#15143,.F.);
#15168=ORIENTED_EDGE('',*,*,#14878,.T.);
#15169=ORIENTED_EDGE('',*,*,#15102,.F.);
#15170=EDGE_LOOP('',(#15166,#15167,#15168,#15169));
#15171=FACE_OUTER_BOUND('',#15170,.F.);
#15172=ADVANCED_FACE('',(#15171),#15165,.T.);
#15173=CARTESIAN_POINT('',(9.32E0,1.93E0,-3.6E0));
#15174=DIRECTION('',(1.E0,0.E0,0.E0));
#15175=DIRECTION('',(0.E0,0.E0,-1.E0));
#15176=AXIS2_PLACEMENT_3D('',#15173,#15174,#15175);
#15177=PLANE('',#15176);
#15179=ORIENTED_EDGE('',*,*,#15178,.T.);
#15180=ORIENTED_EDGE('',*,*,#11772,.T.);
#15181=ORIENTED_EDGE('',*,*,#12873,.T.);
#15182=ORIENTED_EDGE('',*,*,#13078,.T.);
#15183=ORIENTED_EDGE('',*,*,#13286,.T.);
#15185=ORIENTED_EDGE('',*,*,#15184,.T.);
#15186=EDGE_LOOP('',(#15179,#15180,#15181,#15182,#15183,#15185));
#15187=FACE_OUTER_BOUND('',#15186,.F.);
#15188=ADVANCED_FACE('',(#15187),#15177,.F.);
#15189=CARTESIAN_POINT('',(9.32E0,1.93E0,-3.6E0));
#15190=DIRECTION('',(1.E0,0.E0,0.E0));
#15191=DIRECTION('',(0.E0,0.E0,-1.E0));
#15192=AXIS2_PLACEMENT_3D('',#15189,#15190,#15191);
#15193=PLANE('',#15192);
#15195=ORIENTED_EDGE('',*,*,#15194,.F.);
#15197=ORIENTED_EDGE('',*,*,#15196,.T.);
#15198=ORIENTED_EDGE('',*,*,#13700,.F.);
#15200=ORIENTED_EDGE('',*,*,#15199,.F.);
#15202=ORIENTED_EDGE('',*,*,#15201,.T.);
#15203=ORIENTED_EDGE('',*,*,#12165,.F.);
#15204=ORIENTED_EDGE('',*,*,#12407,.F.);
#15205=EDGE_LOOP('',(#15195,#15197,#15198,#15200,#15202,#15203,#15204));
#15206=FACE_OUTER_BOUND('',#15205,.F.);
#15207=ADVANCED_FACE('',(#15206),#15193,.F.);
#15208=CARTESIAN_POINT('',(9.32E0,1.93E0,-3.6E0));
#15209=DIRECTION('',(1.E0,0.E0,0.E0));
#15210=DIRECTION('',(0.E0,0.E0,-1.E0));
#15211=AXIS2_PLACEMENT_3D('',#15208,#15209,#15210);
#15212=PLANE('',#15211);
#15213=ORIENTED_EDGE('',*,*,#9269,.T.);
#15215=ORIENTED_EDGE('',*,*,#15214,.F.);
#15217=ORIENTED_EDGE('',*,*,#15216,.T.);
#15218=ORIENTED_EDGE('',*,*,#13696,.F.);
#15219=ORIENTED_EDGE('',*,*,#10002,.T.);
#15220=EDGE_LOOP('',(#15213,#15215,#15217,#15218,#15219));
#15221=FACE_OUTER_BOUND('',#15220,.F.);
#15222=ADVANCED_FACE('',(#15221),#15212,.F.);
#15223=CARTESIAN_POINT('',(9.32E0,1.055E0,-4.34E0));
#15224=DIRECTION('',(0.E0,1.E0,0.E0));
#15225=DIRECTION('',(0.E0,0.E0,1.E0));
#15226=AXIS2_PLACEMENT_3D('',#15223,#15224,#15225);
#15227=PLANE('',#15226);
#15229=ORIENTED_EDGE('',*,*,#15228,.T.);
#15231=ORIENTED_EDGE('',*,*,#15230,.F.);
#15233=ORIENTED_EDGE('',*,*,#15232,.F.);
#15235=ORIENTED_EDGE('',*,*,#15234,.T.);
#15236=ORIENTED_EDGE('',*,*,#15178,.F.);
#15238=ORIENTED_EDGE('',*,*,#15237,.F.);
#15239=EDGE_LOOP('',(#15229,#15231,#15233,#15235,#15236,#15238));
#15240=FACE_OUTER_BOUND('',#15239,.F.);
#15241=ADVANCED_FACE('',(#15240),#15227,.T.);
#15242=CARTESIAN_POINT('',(8.68E0,1.93E0,-4.95E0));
#15243=DIRECTION('',(-1.E0,0.E0,0.E0));
#15244=DIRECTION('',(0.E0,0.E0,1.E0));
#15245=AXIS2_PLACEMENT_3D('',#15242,#15243,#15244);
#15246=PLANE('',#15245);
#15247=ORIENTED_EDGE('',*,*,#15228,.F.);
#15249=ORIENTED_EDGE('',*,*,#15248,.F.);
#15250=ORIENTED_EDGE('',*,*,#13282,.F.);
#15251=ORIENTED_EDGE('',*,*,#13096,.F.);
#15252=ORIENTED_EDGE('',*,*,#12891,.F.);
#15253=ORIENTED_EDGE('',*,*,#11803,.F.);
#15254=EDGE_LOOP('',(#15247,#15249,#15250,#15251,#15252,#15253));
#15255=FACE_OUTER_BOUND('',#15254,.F.);
#15256=ADVANCED_FACE('',(#15255),#15246,.F.);
#15257=CARTESIAN_POINT('',(8.68E0,1.93E0,-4.95E0));
#15258=DIRECTION('',(-1.E0,0.E0,0.E0));
#15259=DIRECTION('',(0.E0,0.E0,1.E0));
#15260=AXIS2_PLACEMENT_3D('',#15257,#15258,#15259);
#15261=PLANE('',#15260);
#15263=ORIENTED_EDGE('',*,*,#15262,.T.);
#15264=ORIENTED_EDGE('',*,*,#12429,.T.);
#15265=ORIENTED_EDGE('',*,*,#12180,.T.);
#15267=ORIENTED_EDGE('',*,*,#15266,.F.);
#15269=ORIENTED_EDGE('',*,*,#15268,.T.);
#15270=ORIENTED_EDGE('',*,*,#13704,.T.);
#15272=ORIENTED_EDGE('',*,*,#15271,.F.);
#15273=EDGE_LOOP('',(#15263,#15264,#15265,#15267,#15269,#15270,#15272));
#15274=FACE_OUTER_BOUND('',#15273,.F.);
#15275=ADVANCED_FACE('',(#15274),#15261,.F.);
#15276=CARTESIAN_POINT('',(8.68E0,1.93E0,-4.95E0));
#15277=DIRECTION('',(-1.E0,0.E0,0.E0));
#15278=DIRECTION('',(0.E0,0.E0,1.E0));
#15279=AXIS2_PLACEMENT_3D('',#15276,#15277,#15278);
#15280=PLANE('',#15279);
#15281=ORIENTED_EDGE('',*,*,#9293,.F.);
#15282=ORIENTED_EDGE('',*,*,#10021,.F.);
#15283=ORIENTED_EDGE('',*,*,#13708,.T.);
#15285=ORIENTED_EDGE('',*,*,#15284,.F.);
#15287=ORIENTED_EDGE('',*,*,#15286,.T.);
#15288=EDGE_LOOP('',(#15281,#15282,#15283,#15285,#15287));
#15289=FACE_OUTER_BOUND('',#15288,.F.);
#15290=ADVANCED_FACE('',(#15289),#15280,.F.);
#15291=CARTESIAN_POINT('',(8.68E0,1.93E0,-3.6E0));
#15292=DIRECTION('',(0.E0,0.E0,1.E0));
#15293=DIRECTION('',(1.E0,0.E0,0.E0));
#15294=AXIS2_PLACEMENT_3D('',#15291,#15292,#15293);
#15295=PLANE('',#15294);
#15296=ORIENTED_EDGE('',*,*,#15237,.T.);
#15297=ORIENTED_EDGE('',*,*,#15184,.F.);
#15298=ORIENTED_EDGE('',*,*,#13284,.F.);
#15299=ORIENTED_EDGE('',*,*,#15248,.T.);
#15300=EDGE_LOOP('',(#15296,#15297,#15298,#15299));
#15301=FACE_OUTER_BOUND('',#15300,.F.);
#15302=ADVANCED_FACE('',(#15301),#15295,.F.);
#15303=CARTESIAN_POINT('',(8.68E0,1.93E0,-3.6E0));
#15304=DIRECTION('',(0.E0,0.E0,1.E0));
#15305=DIRECTION('',(1.E0,0.E0,0.E0));
#15306=AXIS2_PLACEMENT_3D('',#15303,#15304,#15305);
#15307=PLANE('',#15306);
#15309=ORIENTED_EDGE('',*,*,#15308,.F.);
#15310=ORIENTED_EDGE('',*,*,#15271,.T.);
#15311=ORIENTED_EDGE('',*,*,#13702,.T.);
#15312=ORIENTED_EDGE('',*,*,#15196,.F.);
#15313=EDGE_LOOP('',(#15309,#15310,#15311,#15312));
#15314=FACE_OUTER_BOUND('',#15313,.F.);
#15315=ADVANCED_FACE('',(#15314),#15307,.F.);
#15316=CARTESIAN_POINT('',(9.32E0,-3.2E-1,2.46E0));
#15317=DIRECTION('',(0.E0,-1.E0,0.E0));
#15318=DIRECTION('',(0.E0,0.E0,-1.E0));
#15319=AXIS2_PLACEMENT_3D('',#15316,#15317,#15318);
#15320=PLANE('',#15319);
#15321=ORIENTED_EDGE('',*,*,#15262,.F.);
#15322=ORIENTED_EDGE('',*,*,#15308,.T.);
#15323=ORIENTED_EDGE('',*,*,#15194,.T.);
#15325=ORIENTED_EDGE('',*,*,#15324,.T.);
#15327=ORIENTED_EDGE('',*,*,#15326,.T.);
#15329=ORIENTED_EDGE('',*,*,#15328,.F.);
#15330=EDGE_LOOP('',(#15321,#15322,#15323,#15325,#15327,#15329));
#15331=FACE_OUTER_BOUND('',#15330,.F.);
#15332=ADVANCED_FACE('',(#15331),#15320,.T.);
#15333=CARTESIAN_POINT('',(9.32E0,-3.2E-1,2.46E0));
#15334=DIRECTION('',(0.E0,-1.E0,0.E0));
#15335=DIRECTION('',(0.E0,0.E0,-1.E0));
#15336=AXIS2_PLACEMENT_3D('',#15333,#15334,#15335);
#15337=PLANE('',#15336);
#15339=ORIENTED_EDGE('',*,*,#15338,.F.);
#15341=ORIENTED_EDGE('',*,*,#15340,.T.);
#15342=ORIENTED_EDGE('',*,*,#10905,.F.);
#15344=ORIENTED_EDGE('',*,*,#15343,.F.);
#15345=EDGE_LOOP('',(#15339,#15341,#15342,#15344));
#15346=FACE_OUTER_BOUND('',#15345,.F.);
#15347=ADVANCED_FACE('',(#15346),#15337,.T.);
#15348=CARTESIAN_POINT('',(9.32E0,0.E0,0.E0));
#15349=DIRECTION('',(1.E0,0.E0,0.E0));
#15350=DIRECTION('',(0.E0,0.E0,-1.E0));
#15351=AXIS2_PLACEMENT_3D('',#15348,#15349,#15350);
#15352=PLANE('',#15351);
#15353=ORIENTED_EDGE('',*,*,#9279,.F.);
#15354=ORIENTED_EDGE('',*,*,#11754,.T.);
#15355=ORIENTED_EDGE('',*,*,#12167,.F.);
#15357=ORIENTED_EDGE('',*,*,#15356,.F.);
#15358=ORIENTED_EDGE('',*,*,#15324,.F.);
#15359=ORIENTED_EDGE('',*,*,#12416,.F.);
#15360=ORIENTED_EDGE('',*,*,#12650,.T.);
#15361=ORIENTED_EDGE('',*,*,#11774,.T.);
#15362=ORIENTED_EDGE('',*,*,#15234,.F.);
#15364=ORIENTED_EDGE('',*,*,#15363,.F.);
#15365=EDGE_LOOP('',(#15353,#15354,#15355,#15357,#15358,#15359,#15360,#15361,
#15362,#15364));
#15366=FACE_OUTER_BOUND('',#15365,.F.);
#15367=ADVANCED_FACE('',(#15366),#15352,.T.);
#15368=CARTESIAN_POINT('',(9.32E0,0.E0,0.E0));
#15369=DIRECTION('',(1.E0,0.E0,0.E0));
#15370=DIRECTION('',(0.E0,0.E0,-1.E0));
#15371=AXIS2_PLACEMENT_3D('',#15368,#15369,#15370);
#15372=PLANE('',#15371);
#15373=ORIENTED_EDGE('',*,*,#13698,.T.);
#15375=ORIENTED_EDGE('',*,*,#15374,.F.);
#15377=ORIENTED_EDGE('',*,*,#15376,.F.);
#15379=ORIENTED_EDGE('',*,*,#15378,.F.);
#15381=ORIENTED_EDGE('',*,*,#15380,.F.);
#15383=ORIENTED_EDGE('',*,*,#15382,.F.);
#15384=EDGE_LOOP('',(#15373,#15375,#15377,#15379,#15381,#15383));
#15385=FACE_OUTER_BOUND('',#15384,.F.);
#15386=ADVANCED_FACE('',(#15385),#15372,.T.);
#15387=CARTESIAN_POINT('',(9.32E0,0.E0,0.E0));
#15388=DIRECTION('',(1.E0,0.E0,0.E0));
#15389=DIRECTION('',(0.E0,0.E0,-1.E0));
#15390=AXIS2_PLACEMENT_3D('',#15387,#15388,#15389);
#15391=PLANE('',#15390);
#15393=ORIENTED_EDGE('',*,*,#15392,.F.);
#15395=ORIENTED_EDGE('',*,*,#15394,.F.);
#15396=ORIENTED_EDGE('',*,*,#10899,.F.);
#15397=ORIENTED_EDGE('',*,*,#15340,.F.);
#15398=EDGE_LOOP('',(#15393,#15395,#15396,#15397));
#15399=FACE_OUTER_BOUND('',#15398,.F.);
#15400=ADVANCED_FACE('',(#15399),#15391,.T.);
#15401=CARTESIAN_POINT('',(9.32E0,-3.2E-1,-3.7E0));
#15402=DIRECTION('',(0.E0,0.E0,1.E0));
#15403=DIRECTION('',(0.E0,-1.E0,0.E0));
#15404=AXIS2_PLACEMENT_3D('',#15401,#15402,#15403);
#15405=PLANE('',#15404);
#15406=ORIENTED_EDGE('',*,*,#15266,.T.);
#15408=ORIENTED_EDGE('',*,*,#15407,.F.);
#15409=ORIENTED_EDGE('',*,*,#15326,.F.);
#15410=ORIENTED_EDGE('',*,*,#15356,.T.);
#15411=ORIENTED_EDGE('',*,*,#15201,.F.);
#15413=ORIENTED_EDGE('',*,*,#15412,.T.);
#15414=EDGE_LOOP('',(#15406,#15408,#15409,#15410,#15411,#15413));
#15415=FACE_OUTER_BOUND('',#15414,.F.);
#15416=ADVANCED_FACE('',(#15415),#15405,.T.);
#15417=CARTESIAN_POINT('',(8.68E0,0.E0,0.E0));
#15418=DIRECTION('',(1.E0,0.E0,0.E0));
#15419=DIRECTION('',(0.E0,0.E0,-1.E0));
#15420=AXIS2_PLACEMENT_3D('',#15417,#15418,#15419);
#15421=PLANE('',#15420);
#15422=ORIENTED_EDGE('',*,*,#9295,.T.);
#15424=ORIENTED_EDGE('',*,*,#15423,.T.);
#15425=ORIENTED_EDGE('',*,*,#15230,.T.);
#15426=ORIENTED_EDGE('',*,*,#11801,.F.);
#15427=ORIENTED_EDGE('',*,*,#12661,.F.);
#15428=ORIENTED_EDGE('',*,*,#12431,.T.);
#15429=ORIENTED_EDGE('',*,*,#15328,.T.);
#15430=ORIENTED_EDGE('',*,*,#15407,.T.);
#15431=ORIENTED_EDGE('',*,*,#12178,.T.);
#15432=ORIENTED_EDGE('',*,*,#11785,.F.);
#15433=EDGE_LOOP('',(#15422,#15424,#15425,#15426,#15427,#15428,#15429,#15430,
#15431,#15432));
#15434=FACE_OUTER_BOUND('',#15433,.F.);
#15435=ADVANCED_FACE('',(#15434),#15421,.F.);
#15436=CARTESIAN_POINT('',(8.68E0,0.E0,0.E0));
#15437=DIRECTION('',(1.E0,0.E0,0.E0));
#15438=DIRECTION('',(0.E0,0.E0,-1.E0));
#15439=AXIS2_PLACEMENT_3D('',#15436,#15437,#15438);
#15440=PLANE('',#15439);
#15441=ORIENTED_EDGE('',*,*,#13706,.F.);
#15443=ORIENTED_EDGE('',*,*,#15442,.T.);
#15445=ORIENTED_EDGE('',*,*,#15444,.T.);
#15447=ORIENTED_EDGE('',*,*,#15446,.T.);
#15449=ORIENTED_EDGE('',*,*,#15448,.T.);
#15451=ORIENTED_EDGE('',*,*,#15450,.T.);
#15452=EDGE_LOOP('',(#15441,#15443,#15445,#15447,#15449,#15451));
#15453=FACE_OUTER_BOUND('',#15452,.F.);
#15454=ADVANCED_FACE('',(#15453),#15440,.F.);
#15455=CARTESIAN_POINT('',(8.68E0,0.E0,0.E0));
#15456=DIRECTION('',(1.E0,0.E0,0.E0));
#15457=DIRECTION('',(0.E0,0.E0,-1.E0));
#15458=AXIS2_PLACEMENT_3D('',#15455,#15456,#15457);
#15459=PLANE('',#15458);
#15461=ORIENTED_EDGE('',*,*,#15460,.F.);
#15462=ORIENTED_EDGE('',*,*,#15343,.T.);
#15463=ORIENTED_EDGE('',*,*,#10903,.T.);
#15465=ORIENTED_EDGE('',*,*,#15464,.T.);
#15466=EDGE_LOOP('',(#15461,#15462,#15463,#15465));
#15467=FACE_OUTER_BOUND('',#15466,.F.);
#15468=ADVANCED_FACE('',(#15467),#15459,.F.);
#15469=CARTESIAN_POINT('',(9.32E0,-1.65E0,-4.34E0));
#15470=DIRECTION('',(0.E0,0.E0,-1.E0));
#15471=DIRECTION('',(0.E0,1.E0,0.E0));
#15472=AXIS2_PLACEMENT_3D('',#15469,#15470,#15471);
#15473=PLANE('',#15472);
#15474=ORIENTED_EDGE('',*,*,#15286,.F.);
#15476=ORIENTED_EDGE('',*,*,#15475,.F.);
#15477=ORIENTED_EDGE('',*,*,#15214,.T.);
#15478=ORIENTED_EDGE('',*,*,#15363,.T.);
#15479=ORIENTED_EDGE('',*,*,#15232,.T.);
#15480=ORIENTED_EDGE('',*,*,#15423,.F.);
#15481=EDGE_LOOP('',(#15474,#15476,#15477,#15478,#15479,#15480));
#15482=FACE_OUTER_BOUND('',#15481,.F.);
#15483=ADVANCED_FACE('',(#15482),#15473,.T.);
#15484=CARTESIAN_POINT('',(9.32E0,-1.65E0,-4.59E0));
#15485=DIRECTION('',(1.E0,0.E0,0.E0));
#15486=DIRECTION('',(0.E0,0.E0,-1.E0));
#15487=AXIS2_PLACEMENT_3D('',#15484,#15485,#15486);
#15488=CYLINDRICAL_SURFACE('',#15487,2.5E-1);
#15489=ORIENTED_EDGE('',*,*,#15284,.T.);
#15490=ORIENTED_EDGE('',*,*,#15450,.F.);
#15492=ORIENTED_EDGE('',*,*,#15491,.F.);
#15493=ORIENTED_EDGE('',*,*,#15374,.T.);
#15494=ORIENTED_EDGE('',*,*,#15216,.F.);
#15495=ORIENTED_EDGE('',*,*,#15475,.T.);
#15496=EDGE_LOOP('',(#15489,#15490,#15492,#15493,#15494,#15495));
#15497=FACE_OUTER_BOUND('',#15496,.F.);
#15498=ADVANCED_FACE('',(#15497),#15488,.F.);
#15499=CARTESIAN_POINT('',(9.32E0,-1.9E0,-5.47E0));
#15500=DIRECTION('',(0.E0,1.E0,0.E0));
#15501=DIRECTION('',(0.E0,0.E0,1.E0));
#15502=AXIS2_PLACEMENT_3D('',#15499,#15500,#15501);
#15503=PLANE('',#15502);
#15504=ORIENTED_EDGE('',*,*,#15376,.T.);
#15505=ORIENTED_EDGE('',*,*,#15491,.T.);
#15506=ORIENTED_EDGE('',*,*,#15448,.F.);
#15508=ORIENTED_EDGE('',*,*,#15507,.F.);
#15509=EDGE_LOOP('',(#15504,#15505,#15506,#15508));
#15510=FACE_OUTER_BOUND('',#15509,.F.);
#15511=ADVANCED_FACE('',(#15510),#15503,.T.);
#15512=CARTESIAN_POINT('',(9.32E0,-2.22E0,-5.47E0));
#15513=DIRECTION('',(1.E0,0.E0,0.E0));
#15514=DIRECTION('',(0.E0,0.E0,-1.E0));
#15515=AXIS2_PLACEMENT_3D('',#15512,#15513,#15514);
#15516=CYLINDRICAL_SURFACE('',#15515,3.2E-1);
#15517=ORIENTED_EDGE('',*,*,#15378,.T.);
#15518=ORIENTED_EDGE('',*,*,#15507,.T.);
#15519=ORIENTED_EDGE('',*,*,#15446,.F.);
#15521=ORIENTED_EDGE('',*,*,#15520,.F.);
#15522=EDGE_LOOP('',(#15517,#15518,#15519,#15521));
#15523=FACE_OUTER_BOUND('',#15522,.F.);
#15524=ADVANCED_FACE('',(#15523),#15516,.T.);
#15525=CARTESIAN_POINT('',(9.32E0,-2.54E0,-4.59E0));
#15526=DIRECTION('',(0.E0,-1.E0,0.E0));
#15527=DIRECTION('',(0.E0,0.E0,-1.E0));
#15528=AXIS2_PLACEMENT_3D('',#15525,#15526,#15527);
#15529=PLANE('',#15528);
#15530=ORIENTED_EDGE('',*,*,#15380,.T.);
#15531=ORIENTED_EDGE('',*,*,#15520,.T.);
#15532=ORIENTED_EDGE('',*,*,#15444,.F.);
#15534=ORIENTED_EDGE('',*,*,#15533,.F.);
#15535=EDGE_LOOP('',(#15530,#15531,#15532,#15534));
#15536=FACE_OUTER_BOUND('',#15535,.F.);
#15537=ADVANCED_FACE('',(#15536),#15529,.T.);
#15538=CARTESIAN_POINT('',(9.32E0,-1.65E0,-4.59E0));
#15539=DIRECTION('',(1.E0,0.E0,0.E0));
#15540=DIRECTION('',(0.E0,0.E0,-1.E0));
#15541=AXIS2_PLACEMENT_3D('',#15538,#15539,#15540);
#15542=CYLINDRICAL_SURFACE('',#15541,8.9E-1);
#15543=ORIENTED_EDGE('',*,*,#15268,.F.);
#15544=ORIENTED_EDGE('',*,*,#15412,.F.);
#15545=ORIENTED_EDGE('',*,*,#15199,.T.);
#15546=ORIENTED_EDGE('',*,*,#15382,.T.);
#15547=ORIENTED_EDGE('',*,*,#15533,.T.);
#15548=ORIENTED_EDGE('',*,*,#15442,.F.);
#15549=EDGE_LOOP('',(#15543,#15544,#15545,#15546,#15547,#15548));
#15550=FACE_OUTER_BOUND('',#15549,.F.);
#15551=ADVANCED_FACE('',(#15550),#15542,.T.);
#15552=CARTESIAN_POINT('',(8.755E0,0.E0,2.26E0));
#15553=DIRECTION('',(-9.363291775690E-1,0.E0,3.511234415884E-1));
#15554=DIRECTION('',(3.511234415884E-1,0.E0,9.363291775690E-1));
#15555=AXIS2_PLACEMENT_3D('',#15552,#15553,#15554);
#15556=PLANE('',#15555);
#15557=ORIENTED_EDGE('',*,*,#15460,.T.);
#15559=ORIENTED_EDGE('',*,*,#15558,.F.);
#15561=ORIENTED_EDGE('',*,*,#15560,.F.);
#15563=ORIENTED_EDGE('',*,*,#15562,.T.);
#15564=EDGE_LOOP('',(#15557,#15559,#15561,#15563));
#15565=FACE_OUTER_BOUND('',#15564,.F.);
#15566=ADVANCED_FACE('',(#15565),#15556,.T.);
#15567=CARTESIAN_POINT('',(9.E0,2.45E-1,2.26E0));
#15568=DIRECTION('',(0.E0,9.363291775690E-1,3.511234415884E-1));
#15569=DIRECTION('',(0.E0,3.511234415884E-1,-9.363291775690E-1));
#15570=AXIS2_PLACEMENT_3D('',#15567,#15568,#15569);
#15571=PLANE('',#15570);
#15573=ORIENTED_EDGE('',*,*,#15572,.F.);
#15575=ORIENTED_EDGE('',*,*,#15574,.F.);
#15577=ORIENTED_EDGE('',*,*,#15576,.T.);
#15578=ORIENTED_EDGE('',*,*,#15558,.T.);
#15579=EDGE_LOOP('',(#15573,#15575,#15577,#15578));
#15580=FACE_OUTER_BOUND('',#15579,.F.);
#15581=ADVANCED_FACE('',(#15580),#15571,.T.);
#15582=CARTESIAN_POINT('',(9.32E0,3.2E-1,-2.49E0));
#15583=DIRECTION('',(0.E0,1.E0,0.E0));
#15584=DIRECTION('',(0.E0,0.E0,1.E0));
#15585=AXIS2_PLACEMENT_3D('',#15582,#15583,#15584);
#15586=PLANE('',#15585);
#15587=ORIENTED_EDGE('',*,*,#15572,.T.);
#15588=ORIENTED_EDGE('',*,*,#15464,.F.);
#15589=ORIENTED_EDGE('',*,*,#10901,.T.);
#15590=ORIENTED_EDGE('',*,*,#15394,.T.);
#15591=EDGE_LOOP('',(#15587,#15588,#15589,#15590));
#15592=FACE_OUTER_BOUND('',#15591,.F.);
#15593=ADVANCED_FACE('',(#15592),#15586,.T.);
#15594=CARTESIAN_POINT('',(9.245E0,1.776356839400E-14,2.26E0));
#15595=DIRECTION('',(9.363291775690E-1,0.E0,3.511234415884E-1));
#15596=DIRECTION('',(-3.511234415884E-1,0.E0,9.363291775690E-1));
#15597=AXIS2_PLACEMENT_3D('',#15594,#15595,#15596);
#15598=PLANE('',#15597);
#15600=ORIENTED_EDGE('',*,*,#15599,.F.);
#15601=ORIENTED_EDGE('',*,*,#15574,.T.);
#15602=ORIENTED_EDGE('',*,*,#15392,.T.);
#15604=ORIENTED_EDGE('',*,*,#15603,.T.);
#15605=EDGE_LOOP('',(#15600,#15601,#15602,#15604));
#15606=FACE_OUTER_BOUND('',#15605,.F.);
#15607=ADVANCED_FACE('',(#15606),#15598,.T.);
#15608=CARTESIAN_POINT('',(9.32E0,3.2E-1,2.46E0));
#15609=DIRECTION('',(0.E0,0.E0,1.E0));
#15610=DIRECTION('',(0.E0,-1.E0,0.E0));
#15611=AXIS2_PLACEMENT_3D('',#15608,#15609,#15610);
#15612=PLANE('',#15611);
#15614=ORIENTED_EDGE('',*,*,#15613,.T.);
#15615=ORIENTED_EDGE('',*,*,#15560,.T.);
#15616=ORIENTED_EDGE('',*,*,#15576,.F.);
#15617=ORIENTED_EDGE('',*,*,#15599,.T.);
#15618=EDGE_LOOP('',(#15614,#15615,#15616,#15617));
#15619=FACE_OUTER_BOUND('',#15618,.F.);
#15620=ADVANCED_FACE('',(#15619),#15612,.T.);
#15621=CARTESIAN_POINT('',(9.E0,-2.45E-1,2.26E0));
#15622=DIRECTION('',(0.E0,-9.363291775690E-1,3.511234415884E-1));
#15623=DIRECTION('',(0.E0,3.511234415884E-1,9.363291775690E-1));
#15624=AXIS2_PLACEMENT_3D('',#15621,#15622,#15623);
#15625=PLANE('',#15624);
#15626=ORIENTED_EDGE('',*,*,#15613,.F.);
#15627=ORIENTED_EDGE('',*,*,#15603,.F.);
#15628=ORIENTED_EDGE('',*,*,#15338,.T.);
#15629=ORIENTED_EDGE('',*,*,#15562,.F.);
#15630=EDGE_LOOP('',(#15626,#15627,#15628,#15629));
#15631=FACE_OUTER_BOUND('',#15630,.F.);
#15632=ADVANCED_FACE('',(#15631),#15625,.T.);
#15633=CARTESIAN_POINT('',(6.32E0,1.93E0,-3.6E0));
#15634=DIRECTION('',(1.E0,0.E0,0.E0));
#15635=DIRECTION('',(0.E0,0.E0,-1.E0));
#15636=AXIS2_PLACEMENT_3D('',#15633,#15634,#15635);
#15637=PLANE('',#15636);
#15639=ORIENTED_EDGE('',*,*,#15638,.T.);
#15640=ORIENTED_EDGE('',*,*,#11807,.T.);
#15641=ORIENTED_EDGE('',*,*,#12888,.T.);
#15642=ORIENTED_EDGE('',*,*,#13093,.T.);
#15643=ORIENTED_EDGE('',*,*,#13279,.T.);
#15645=ORIENTED_EDGE('',*,*,#15644,.T.);
#15646=EDGE_LOOP('',(#15639,#15640,#15641,#15642,#15643,#15645));
#15647=FACE_OUTER_BOUND('',#15646,.F.);
#15648=ADVANCED_FACE('',(#15647),#15637,.F.);
#15649=CARTESIAN_POINT('',(6.32E0,1.93E0,-3.6E0));
#15650=DIRECTION('',(1.E0,0.E0,0.E0));
#15651=DIRECTION('',(0.E0,0.E0,-1.E0));
#15652=AXIS2_PLACEMENT_3D('',#15649,#15650,#15651);
#15653=PLANE('',#15652);
#15655=ORIENTED_EDGE('',*,*,#15654,.F.);
#15657=ORIENTED_EDGE('',*,*,#15656,.T.);
#15658=ORIENTED_EDGE('',*,*,#13715,.F.);
#15660=ORIENTED_EDGE('',*,*,#15659,.F.);
#15662=ORIENTED_EDGE('',*,*,#15661,.T.);
#15663=ORIENTED_EDGE('',*,*,#12184,.F.);
#15664=ORIENTED_EDGE('',*,*,#12426,.F.);
#15665=EDGE_LOOP('',(#15655,#15657,#15658,#15660,#15662,#15663,#15664));
#15666=FACE_OUTER_BOUND('',#15665,.F.);
#15667=ADVANCED_FACE('',(#15666),#15653,.F.);
#15668=CARTESIAN_POINT('',(6.32E0,1.93E0,-3.6E0));
#15669=DIRECTION('',(1.E0,0.E0,0.E0));
#15670=DIRECTION('',(0.E0,0.E0,-1.E0));
#15671=AXIS2_PLACEMENT_3D('',#15668,#15669,#15670);
#15672=PLANE('',#15671);
#15673=ORIENTED_EDGE('',*,*,#9289,.T.);
#15675=ORIENTED_EDGE('',*,*,#15674,.F.);
#15677=ORIENTED_EDGE('',*,*,#15676,.T.);
#15678=ORIENTED_EDGE('',*,*,#13711,.F.);
#15679=ORIENTED_EDGE('',*,*,#10017,.T.);
#15680=EDGE_LOOP('',(#15673,#15675,#15677,#15678,#15679));
#15681=FACE_OUTER_BOUND('',#15680,.F.);
#15682=ADVANCED_FACE('',(#15681),#15672,.F.);
#15683=CARTESIAN_POINT('',(6.32E0,1.055E0,-4.34E0));
#15684=DIRECTION('',(0.E0,1.E0,0.E0));
#15685=DIRECTION('',(0.E0,0.E0,1.E0));
#15686=AXIS2_PLACEMENT_3D('',#15683,#15684,#15685);
#15687=PLANE('',#15686);
#15689=ORIENTED_EDGE('',*,*,#15688,.T.);
#15691=ORIENTED_EDGE('',*,*,#15690,.F.);
#15693=ORIENTED_EDGE('',*,*,#15692,.F.);
#15695=ORIENTED_EDGE('',*,*,#15694,.T.);
#15696=ORIENTED_EDGE('',*,*,#15638,.F.);
#15698=ORIENTED_EDGE('',*,*,#15697,.F.);
#15699=EDGE_LOOP('',(#15689,#15691,#15693,#15695,#15696,#15698));
#15700=FACE_OUTER_BOUND('',#15699,.F.);
#15701=ADVANCED_FACE('',(#15700),#15687,.T.);
#15702=CARTESIAN_POINT('',(5.68E0,1.93E0,-4.95E0));
#15703=DIRECTION('',(-1.E0,0.E0,0.E0));
#15704=DIRECTION('',(0.E0,0.E0,1.E0));
#15705=AXIS2_PLACEMENT_3D('',#15702,#15703,#15704);
#15706=PLANE('',#15705);
#15707=ORIENTED_EDGE('',*,*,#15688,.F.);
#15709=ORIENTED_EDGE('',*,*,#15708,.F.);
#15710=ORIENTED_EDGE('',*,*,#13275,.F.);
#15711=ORIENTED_EDGE('',*,*,#13111,.F.);
#15712=ORIENTED_EDGE('',*,*,#12906,.F.);
#15713=ORIENTED_EDGE('',*,*,#11838,.F.);
#15714=EDGE_LOOP('',(#15707,#15709,#15710,#15711,#15712,#15713));
#15715=FACE_OUTER_BOUND('',#15714,.F.);
#15716=ADVANCED_FACE('',(#15715),#15706,.F.);
#15717=CARTESIAN_POINT('',(5.68E0,1.93E0,-4.95E0));
#15718=DIRECTION('',(-1.E0,0.E0,0.E0));
#15719=DIRECTION('',(0.E0,0.E0,1.E0));
#15720=AXIS2_PLACEMENT_3D('',#15717,#15718,#15719);
#15721=PLANE('',#15720);
#15723=ORIENTED_EDGE('',*,*,#15722,.T.);
#15724=ORIENTED_EDGE('',*,*,#12448,.T.);
#15725=ORIENTED_EDGE('',*,*,#12199,.T.);
#15727=ORIENTED_EDGE('',*,*,#15726,.F.);
#15729=ORIENTED_EDGE('',*,*,#15728,.T.);
#15730=ORIENTED_EDGE('',*,*,#13719,.T.);
#15732=ORIENTED_EDGE('',*,*,#15731,.F.);
#15733=EDGE_LOOP('',(#15723,#15724,#15725,#15727,#15729,#15730,#15732));
#15734=FACE_OUTER_BOUND('',#15733,.F.);
#15735=ADVANCED_FACE('',(#15734),#15721,.F.);
#15736=CARTESIAN_POINT('',(5.68E0,1.93E0,-4.95E0));
#15737=DIRECTION('',(-1.E0,0.E0,0.E0));
#15738=DIRECTION('',(0.E0,0.E0,1.E0));
#15739=AXIS2_PLACEMENT_3D('',#15736,#15737,#15738);
#15740=PLANE('',#15739);
#15741=ORIENTED_EDGE('',*,*,#9313,.F.);
#15742=ORIENTED_EDGE('',*,*,#10036,.F.);
#15743=ORIENTED_EDGE('',*,*,#13723,.T.);
#15745=ORIENTED_EDGE('',*,*,#15744,.F.);
#15747=ORIENTED_EDGE('',*,*,#15746,.T.);
#15748=EDGE_LOOP('',(#15741,#15742,#15743,#15745,#15747));
#15749=FACE_OUTER_BOUND('',#15748,.F.);
#15750=ADVANCED_FACE('',(#15749),#15740,.F.);
#15751=CARTESIAN_POINT('',(5.68E0,1.93E0,-3.6E0));
#15752=DIRECTION('',(0.E0,0.E0,1.E0));
#15753=DIRECTION('',(1.E0,0.E0,0.E0));
#15754=AXIS2_PLACEMENT_3D('',#15751,#15752,#15753);
#15755=PLANE('',#15754);
#15756=ORIENTED_EDGE('',*,*,#15697,.T.);
#15757=ORIENTED_EDGE('',*,*,#15644,.F.);
#15758=ORIENTED_EDGE('',*,*,#13277,.F.);
#15759=ORIENTED_EDGE('',*,*,#15708,.T.);
#15760=EDGE_LOOP('',(#15756,#15757,#15758,#15759));
#15761=FACE_OUTER_BOUND('',#15760,.F.);
#15762=ADVANCED_FACE('',(#15761),#15755,.F.);
#15763=CARTESIAN_POINT('',(5.68E0,1.93E0,-3.6E0));
#15764=DIRECTION('',(0.E0,0.E0,1.E0));
#15765=DIRECTION('',(1.E0,0.E0,0.E0));
#15766=AXIS2_PLACEMENT_3D('',#15763,#15764,#15765);
#15767=PLANE('',#15766);
#15769=ORIENTED_EDGE('',*,*,#15768,.F.);
#15770=ORIENTED_EDGE('',*,*,#15731,.T.);
#15771=ORIENTED_EDGE('',*,*,#13717,.T.);
#15772=ORIENTED_EDGE('',*,*,#15656,.F.);
#15773=EDGE_LOOP('',(#15769,#15770,#15771,#15772));
#15774=FACE_OUTER_BOUND('',#15773,.F.);
#15775=ADVANCED_FACE('',(#15774),#15767,.F.);
#15776=CARTESIAN_POINT('',(6.32E0,-3.2E-1,2.46E0));
#15777=DIRECTION('',(0.E0,-1.E0,0.E0));
#15778=DIRECTION('',(0.E0,0.E0,-1.E0));
#15779=AXIS2_PLACEMENT_3D('',#15776,#15777,#15778);
#15780=PLANE('',#15779);
#15781=ORIENTED_EDGE('',*,*,#15722,.F.);
#15782=ORIENTED_EDGE('',*,*,#15768,.T.);
#15783=ORIENTED_EDGE('',*,*,#15654,.T.);
#15785=ORIENTED_EDGE('',*,*,#15784,.T.);
#15787=ORIENTED_EDGE('',*,*,#15786,.T.);
#15789=ORIENTED_EDGE('',*,*,#15788,.F.);
#15790=EDGE_LOOP('',(#15781,#15782,#15783,#15785,#15787,#15789));
#15791=FACE_OUTER_BOUND('',#15790,.F.);
#15792=ADVANCED_FACE('',(#15791),#15780,.T.);
#15793=CARTESIAN_POINT('',(6.32E0,-3.2E-1,2.46E0));
#15794=DIRECTION('',(0.E0,-1.E0,0.E0));
#15795=DIRECTION('',(0.E0,0.E0,-1.E0));
#15796=AXIS2_PLACEMENT_3D('',#15793,#15794,#15795);
#15797=PLANE('',#15796);
#15799=ORIENTED_EDGE('',*,*,#15798,.F.);
#15801=ORIENTED_EDGE('',*,*,#15800,.T.);
#15802=ORIENTED_EDGE('',*,*,#10765,.F.);
#15804=ORIENTED_EDGE('',*,*,#15803,.F.);
#15805=EDGE_LOOP('',(#15799,#15801,#15802,#15804));
#15806=FACE_OUTER_BOUND('',#15805,.F.);
#15807=ADVANCED_FACE('',(#15806),#15797,.T.);
#15808=CARTESIAN_POINT('',(6.32E0,0.E0,0.E0));
#15809=DIRECTION('',(1.E0,0.E0,0.E0));
#15810=DIRECTION('',(0.E0,0.E0,-1.E0));
#15811=AXIS2_PLACEMENT_3D('',#15808,#15809,#15810);
#15812=PLANE('',#15811);
#15813=ORIENTED_EDGE('',*,*,#9299,.F.);
#15814=ORIENTED_EDGE('',*,*,#11789,.T.);
#15815=ORIENTED_EDGE('',*,*,#12186,.F.);
#15817=ORIENTED_EDGE('',*,*,#15816,.F.);
#15818=ORIENTED_EDGE('',*,*,#15784,.F.);
#15819=ORIENTED_EDGE('',*,*,#12435,.F.);
#15820=ORIENTED_EDGE('',*,*,#12664,.T.);
#15821=ORIENTED_EDGE('',*,*,#11809,.T.);
#15822=ORIENTED_EDGE('',*,*,#15694,.F.);
#15824=ORIENTED_EDGE('',*,*,#15823,.F.);
#15825=EDGE_LOOP('',(#15813,#15814,#15815,#15817,#15818,#15819,#15820,#15821,
#15822,#15824));
#15826=FACE_OUTER_BOUND('',#15825,.F.);
#15827=ADVANCED_FACE('',(#15826),#15812,.T.);
#15828=CARTESIAN_POINT('',(6.32E0,0.E0,0.E0));
#15829=DIRECTION('',(1.E0,0.E0,0.E0));
#15830=DIRECTION('',(0.E0,0.E0,-1.E0));
#15831=AXIS2_PLACEMENT_3D('',#15828,#15829,#15830);
#15832=PLANE('',#15831);
#15833=ORIENTED_EDGE('',*,*,#13713,.T.);
#15835=ORIENTED_EDGE('',*,*,#15834,.F.);
#15837=ORIENTED_EDGE('',*,*,#15836,.F.);
#15839=ORIENTED_EDGE('',*,*,#15838,.F.);
#15841=ORIENTED_EDGE('',*,*,#15840,.F.);
#15843=ORIENTED_EDGE('',*,*,#15842,.F.);
#15844=EDGE_LOOP('',(#15833,#15835,#15837,#15839,#15841,#15843));
#15845=FACE_OUTER_BOUND('',#15844,.F.);
#15846=ADVANCED_FACE('',(#15845),#15832,.T.);
#15847=CARTESIAN_POINT('',(6.32E0,0.E0,0.E0));
#15848=DIRECTION('',(1.E0,0.E0,0.E0));
#15849=DIRECTION('',(0.E0,0.E0,-1.E0));
#15850=AXIS2_PLACEMENT_3D('',#15847,#15848,#15849);
#15851=PLANE('',#15850);
#15853=ORIENTED_EDGE('',*,*,#15852,.F.);
#15855=ORIENTED_EDGE('',*,*,#15854,.F.);
#15856=ORIENTED_EDGE('',*,*,#10759,.F.);
#15857=ORIENTED_EDGE('',*,*,#15800,.F.);
#15858=EDGE_LOOP('',(#15853,#15855,#15856,#15857));
#15859=FACE_OUTER_BOUND('',#15858,.F.);
#15860=ADVANCED_FACE('',(#15859),#15851,.T.);
#15861=CARTESIAN_POINT('',(6.32E0,-3.2E-1,-3.7E0));
#15862=DIRECTION('',(0.E0,0.E0,1.E0));
#15863=DIRECTION('',(0.E0,-1.E0,0.E0));
#15864=AXIS2_PLACEMENT_3D('',#15861,#15862,#15863);
#15865=PLANE('',#15864);
#15866=ORIENTED_EDGE('',*,*,#15726,.T.);
#15868=ORIENTED_EDGE('',*,*,#15867,.F.);
#15869=ORIENTED_EDGE('',*,*,#15786,.F.);
#15870=ORIENTED_EDGE('',*,*,#15816,.T.);
#15871=ORIENTED_EDGE('',*,*,#15661,.F.);
#15873=ORIENTED_EDGE('',*,*,#15872,.T.);
#15874=EDGE_LOOP('',(#15866,#15868,#15869,#15870,#15871,#15873));
#15875=FACE_OUTER_BOUND('',#15874,.F.);
#15876=ADVANCED_FACE('',(#15875),#15865,.T.);
#15877=CARTESIAN_POINT('',(5.68E0,0.E0,0.E0));
#15878=DIRECTION('',(1.E0,0.E0,0.E0));
#15879=DIRECTION('',(0.E0,0.E0,-1.E0));
#15880=AXIS2_PLACEMENT_3D('',#15877,#15878,#15879);
#15881=PLANE('',#15880);
#15882=ORIENTED_EDGE('',*,*,#9315,.T.);
#15884=ORIENTED_EDGE('',*,*,#15883,.T.);
#15885=ORIENTED_EDGE('',*,*,#15690,.T.);
#15886=ORIENTED_EDGE('',*,*,#11836,.F.);
#15887=ORIENTED_EDGE('',*,*,#12675,.F.);
#15888=ORIENTED_EDGE('',*,*,#12450,.T.);
#15889=ORIENTED_EDGE('',*,*,#15788,.T.);
#15890=ORIENTED_EDGE('',*,*,#15867,.T.);
#15891=ORIENTED_EDGE('',*,*,#12197,.T.);
#15892=ORIENTED_EDGE('',*,*,#11820,.F.);
#15893=EDGE_LOOP('',(#15882,#15884,#15885,#15886,#15887,#15888,#15889,#15890,
#15891,#15892));
#15894=FACE_OUTER_BOUND('',#15893,.F.);
#15895=ADVANCED_FACE('',(#15894),#15881,.F.);
#15896=CARTESIAN_POINT('',(5.68E0,0.E0,0.E0));
#15897=DIRECTION('',(1.E0,0.E0,0.E0));
#15898=DIRECTION('',(0.E0,0.E0,-1.E0));
#15899=AXIS2_PLACEMENT_3D('',#15896,#15897,#15898);
#15900=PLANE('',#15899);
#15901=ORIENTED_EDGE('',*,*,#13721,.F.);
#15903=ORIENTED_EDGE('',*,*,#15902,.T.);
#15905=ORIENTED_EDGE('',*,*,#15904,.T.);
#15907=ORIENTED_EDGE('',*,*,#15906,.T.);
#15909=ORIENTED_EDGE('',*,*,#15908,.T.);
#15911=ORIENTED_EDGE('',*,*,#15910,.T.);
#15912=EDGE_LOOP('',(#15901,#15903,#15905,#15907,#15909,#15911));
#15913=FACE_OUTER_BOUND('',#15912,.F.);
#15914=ADVANCED_FACE('',(#15913),#15900,.F.);
#15915=CARTESIAN_POINT('',(5.68E0,0.E0,0.E0));
#15916=DIRECTION('',(1.E0,0.E0,0.E0));
#15917=DIRECTION('',(0.E0,0.E0,-1.E0));
#15918=AXIS2_PLACEMENT_3D('',#15915,#15916,#15917);
#15919=PLANE('',#15918);
#15921=ORIENTED_EDGE('',*,*,#15920,.F.);
#15922=ORIENTED_EDGE('',*,*,#15803,.T.);
#15923=ORIENTED_EDGE('',*,*,#10763,.T.);
#15925=ORIENTED_EDGE('',*,*,#15924,.T.);
#15926=EDGE_LOOP('',(#15921,#15922,#15923,#15925));
#15927=FACE_OUTER_BOUND('',#15926,.F.);
#15928=ADVANCED_FACE('',(#15927),#15919,.F.);
#15929=CARTESIAN_POINT('',(6.32E0,-1.65E0,-4.34E0));
#15930=DIRECTION('',(0.E0,0.E0,-1.E0));
#15931=DIRECTION('',(0.E0,1.E0,0.E0));
#15932=AXIS2_PLACEMENT_3D('',#15929,#15930,#15931);
#15933=PLANE('',#15932);
#15934=ORIENTED_EDGE('',*,*,#15746,.F.);
#15936=ORIENTED_EDGE('',*,*,#15935,.F.);
#15937=ORIENTED_EDGE('',*,*,#15674,.T.);
#15938=ORIENTED_EDGE('',*,*,#15823,.T.);
#15939=ORIENTED_EDGE('',*,*,#15692,.T.);
#15940=ORIENTED_EDGE('',*,*,#15883,.F.);
#15941=EDGE_LOOP('',(#15934,#15936,#15937,#15938,#15939,#15940));
#15942=FACE_OUTER_BOUND('',#15941,.F.);
#15943=ADVANCED_FACE('',(#15942),#15933,.T.);
#15944=CARTESIAN_POINT('',(6.32E0,-1.65E0,-4.59E0));
#15945=DIRECTION('',(1.E0,0.E0,0.E0));
#15946=DIRECTION('',(0.E0,0.E0,-1.E0));
#15947=AXIS2_PLACEMENT_3D('',#15944,#15945,#15946);
#15948=CYLINDRICAL_SURFACE('',#15947,2.5E-1);
#15949=ORIENTED_EDGE('',*,*,#15744,.T.);
#15950=ORIENTED_EDGE('',*,*,#15910,.F.);
#15952=ORIENTED_EDGE('',*,*,#15951,.F.);
#15953=ORIENTED_EDGE('',*,*,#15834,.T.);
#15954=ORIENTED_EDGE('',*,*,#15676,.F.);
#15955=ORIENTED_EDGE('',*,*,#15935,.T.);
#15956=EDGE_LOOP('',(#15949,#15950,#15952,#15953,#15954,#15955));
#15957=FACE_OUTER_BOUND('',#15956,.F.);
#15958=ADVANCED_FACE('',(#15957),#15948,.F.);
#15959=CARTESIAN_POINT('',(6.32E0,-1.9E0,-5.47E0));
#15960=DIRECTION('',(0.E0,1.E0,0.E0));
#15961=DIRECTION('',(0.E0,0.E0,1.E0));
#15962=AXIS2_PLACEMENT_3D('',#15959,#15960,#15961);
#15963=PLANE('',#15962);
#15964=ORIENTED_EDGE('',*,*,#15836,.T.);
#15965=ORIENTED_EDGE('',*,*,#15951,.T.);
#15966=ORIENTED_EDGE('',*,*,#15908,.F.);
#15968=ORIENTED_EDGE('',*,*,#15967,.F.);
#15969=EDGE_LOOP('',(#15964,#15965,#15966,#15968));
#15970=FACE_OUTER_BOUND('',#15969,.F.);
#15971=ADVANCED_FACE('',(#15970),#15963,.T.);
#15972=CARTESIAN_POINT('',(6.32E0,-2.22E0,-5.47E0));
#15973=DIRECTION('',(1.E0,0.E0,0.E0));
#15974=DIRECTION('',(0.E0,0.E0,-1.E0));
#15975=AXIS2_PLACEMENT_3D('',#15972,#15973,#15974);
#15976=CYLINDRICAL_SURFACE('',#15975,3.2E-1);
#15977=ORIENTED_EDGE('',*,*,#15838,.T.);
#15978=ORIENTED_EDGE('',*,*,#15967,.T.);
#15979=ORIENTED_EDGE('',*,*,#15906,.F.);
#15981=ORIENTED_EDGE('',*,*,#15980,.F.);
#15982=EDGE_LOOP('',(#15977,#15978,#15979,#15981));
#15983=FACE_OUTER_BOUND('',#15982,.F.);
#15984=ADVANCED_FACE('',(#15983),#15976,.T.);
#15985=CARTESIAN_POINT('',(6.32E0,-2.54E0,-4.59E0));
#15986=DIRECTION('',(0.E0,-1.E0,0.E0));
#15987=DIRECTION('',(0.E0,0.E0,-1.E0));
#15988=AXIS2_PLACEMENT_3D('',#15985,#15986,#15987);
#15989=PLANE('',#15988);
#15990=ORIENTED_EDGE('',*,*,#15840,.T.);
#15991=ORIENTED_EDGE('',*,*,#15980,.T.);
#15992=ORIENTED_EDGE('',*,*,#15904,.F.);
#15994=ORIENTED_EDGE('',*,*,#15993,.F.);
#15995=EDGE_LOOP('',(#15990,#15991,#15992,#15994));
#15996=FACE_OUTER_BOUND('',#15995,.F.);
#15997=ADVANCED_FACE('',(#15996),#15989,.T.);
#15998=CARTESIAN_POINT('',(6.32E0,-1.65E0,-4.59E0));
#15999=DIRECTION('',(1.E0,0.E0,0.E0));
#16000=DIRECTION('',(0.E0,0.E0,-1.E0));
#16001=AXIS2_PLACEMENT_3D('',#15998,#15999,#16000);
#16002=CYLINDRICAL_SURFACE('',#16001,8.9E-1);
#16003=ORIENTED_EDGE('',*,*,#15728,.F.);
#16004=ORIENTED_EDGE('',*,*,#15872,.F.);
#16005=ORIENTED_EDGE('',*,*,#15659,.T.);
#16006=ORIENTED_EDGE('',*,*,#15842,.T.);
#16007=ORIENTED_EDGE('',*,*,#15993,.T.);
#16008=ORIENTED_EDGE('',*,*,#15902,.F.);
#16009=EDGE_LOOP('',(#16003,#16004,#16005,#16006,#16007,#16008));
#16010=FACE_OUTER_BOUND('',#16009,.F.);
#16011=ADVANCED_FACE('',(#16010),#16002,.T.);
#16012=CARTESIAN_POINT('',(5.755E0,0.E0,2.26E0));
#16013=DIRECTION('',(-9.363291775690E-1,0.E0,3.511234415884E-1));
#16014=DIRECTION('',(3.511234415884E-1,0.E0,9.363291775690E-1));
#16015=AXIS2_PLACEMENT_3D('',#16012,#16013,#16014);
#16016=PLANE('',#16015);
#16017=ORIENTED_EDGE('',*,*,#15920,.T.);
#16019=ORIENTED_EDGE('',*,*,#16018,.F.);
#16021=ORIENTED_EDGE('',*,*,#16020,.F.);
#16023=ORIENTED_EDGE('',*,*,#16022,.T.);
#16024=EDGE_LOOP('',(#16017,#16019,#16021,#16023));
#16025=FACE_OUTER_BOUND('',#16024,.F.);
#16026=ADVANCED_FACE('',(#16025),#16016,.T.);
#16027=CARTESIAN_POINT('',(6.E0,2.45E-1,2.26E0));
#16028=DIRECTION('',(0.E0,9.363291775690E-1,3.511234415884E-1));
#16029=DIRECTION('',(0.E0,3.511234415884E-1,-9.363291775690E-1));
#16030=AXIS2_PLACEMENT_3D('',#16027,#16028,#16029);
#16031=PLANE('',#16030);
#16033=ORIENTED_EDGE('',*,*,#16032,.F.);
#16035=ORIENTED_EDGE('',*,*,#16034,.F.);
#16037=ORIENTED_EDGE('',*,*,#16036,.T.);
#16038=ORIENTED_EDGE('',*,*,#16018,.T.);
#16039=EDGE_LOOP('',(#16033,#16035,#16037,#16038));
#16040=FACE_OUTER_BOUND('',#16039,.F.);
#16041=ADVANCED_FACE('',(#16040),#16031,.T.);
#16042=CARTESIAN_POINT('',(6.32E0,3.2E-1,-2.49E0));
#16043=DIRECTION('',(0.E0,1.E0,0.E0));
#16044=DIRECTION('',(0.E0,0.E0,1.E0));
#16045=AXIS2_PLACEMENT_3D('',#16042,#16043,#16044);
#16046=PLANE('',#16045);
#16047=ORIENTED_EDGE('',*,*,#16032,.T.);
#16048=ORIENTED_EDGE('',*,*,#15924,.F.);
#16049=ORIENTED_EDGE('',*,*,#10761,.T.);
#16050=ORIENTED_EDGE('',*,*,#15854,.T.);
#16051=EDGE_LOOP('',(#16047,#16048,#16049,#16050));
#16052=FACE_OUTER_BOUND('',#16051,.F.);
#16053=ADVANCED_FACE('',(#16052),#16046,.T.);
#16054=CARTESIAN_POINT('',(6.245E0,0.E0,2.26E0));
#16055=DIRECTION('',(9.363291775690E-1,0.E0,3.511234415884E-1));
#16056=DIRECTION('',(-3.511234415884E-1,0.E0,9.363291775690E-1));
#16057=AXIS2_PLACEMENT_3D('',#16054,#16055,#16056);
#16058=PLANE('',#16057);
#16060=ORIENTED_EDGE('',*,*,#16059,.F.);
#16061=ORIENTED_EDGE('',*,*,#16034,.T.);
#16062=ORIENTED_EDGE('',*,*,#15852,.T.);
#16064=ORIENTED_EDGE('',*,*,#16063,.T.);
#16065=EDGE_LOOP('',(#16060,#16061,#16062,#16064));
#16066=FACE_OUTER_BOUND('',#16065,.F.);
#16067=ADVANCED_FACE('',(#16066),#16058,.T.);
#16068=CARTESIAN_POINT('',(6.32E0,3.2E-1,2.46E0));
#16069=DIRECTION('',(0.E0,0.E0,1.E0));
#16070=DIRECTION('',(0.E0,-1.E0,0.E0));
#16071=AXIS2_PLACEMENT_3D('',#16068,#16069,#16070);
#16072=PLANE('',#16071);
#16074=ORIENTED_EDGE('',*,*,#16073,.T.);
#16075=ORIENTED_EDGE('',*,*,#16020,.T.);
#16076=ORIENTED_EDGE('',*,*,#16036,.F.);
#16077=ORIENTED_EDGE('',*,*,#16059,.T.);
#16078=EDGE_LOOP('',(#16074,#16075,#16076,#16077));
#16079=FACE_OUTER_BOUND('',#16078,.F.);
#16080=ADVANCED_FACE('',(#16079),#16072,.T.);
#16081=CARTESIAN_POINT('',(6.E0,-2.45E-1,2.26E0));
#16082=DIRECTION('',(0.E0,-9.363291775690E-1,3.511234415884E-1));
#16083=DIRECTION('',(0.E0,3.511234415884E-1,9.363291775690E-1));
#16084=AXIS2_PLACEMENT_3D('',#16081,#16082,#16083);
#16085=PLANE('',#16084);
#16086=ORIENTED_EDGE('',*,*,#16073,.F.);
#16087=ORIENTED_EDGE('',*,*,#16063,.F.);
#16088=ORIENTED_EDGE('',*,*,#15798,.T.);
#16089=ORIENTED_EDGE('',*,*,#16022,.F.);
#16090=EDGE_LOOP('',(#16086,#16087,#16088,#16089));
#16091=FACE_OUTER_BOUND('',#16090,.F.);
#16092=ADVANCED_FACE('',(#16091),#16085,.T.);
#16093=CARTESIAN_POINT('',(3.32E0,1.93E0,-3.6E0));
#16094=DIRECTION('',(1.E0,0.E0,0.E0));
#16095=DIRECTION('',(0.E0,0.E0,-1.E0));
#16096=AXIS2_PLACEMENT_3D('',#16093,#16094,#16095);
#16097=PLANE('',#16096);
#16099=ORIENTED_EDGE('',*,*,#16098,.T.);
#16100=ORIENTED_EDGE('',*,*,#11842,.T.);
#16101=ORIENTED_EDGE('',*,*,#12903,.T.);
#16102=ORIENTED_EDGE('',*,*,#13108,.T.);
#16103=ORIENTED_EDGE('',*,*,#13272,.T.);
#16105=ORIENTED_EDGE('',*,*,#16104,.T.);
#16106=EDGE_LOOP('',(#16099,#16100,#16101,#16102,#16103,#16105));
#16107=FACE_OUTER_BOUND('',#16106,.F.);
#16108=ADVANCED_FACE('',(#16107),#16097,.F.);
#16109=CARTESIAN_POINT('',(3.32E0,1.93E0,-3.6E0));
#16110=DIRECTION('',(1.E0,0.E0,0.E0));
#16111=DIRECTION('',(0.E0,0.E0,-1.E0));
#16112=AXIS2_PLACEMENT_3D('',#16109,#16110,#16111);
#16113=PLANE('',#16112);
#16115=ORIENTED_EDGE('',*,*,#16114,.F.);
#16117=ORIENTED_EDGE('',*,*,#16116,.T.);
#16118=ORIENTED_EDGE('',*,*,#13730,.F.);
#16120=ORIENTED_EDGE('',*,*,#16119,.F.);
#16122=ORIENTED_EDGE('',*,*,#16121,.T.);
#16123=ORIENTED_EDGE('',*,*,#12203,.F.);
#16124=ORIENTED_EDGE('',*,*,#12445,.F.);
#16125=EDGE_LOOP('',(#16115,#16117,#16118,#16120,#16122,#16123,#16124));
#16126=FACE_OUTER_BOUND('',#16125,.F.);
#16127=ADVANCED_FACE('',(#16126),#16113,.F.);
#16128=CARTESIAN_POINT('',(3.32E0,1.93E0,-3.6E0));
#16129=DIRECTION('',(1.E0,0.E0,0.E0));
#16130=DIRECTION('',(0.E0,0.E0,-1.E0));
#16131=AXIS2_PLACEMENT_3D('',#16128,#16129,#16130);
#16132=PLANE('',#16131);
#16133=ORIENTED_EDGE('',*,*,#9309,.T.);
#16135=ORIENTED_EDGE('',*,*,#16134,.F.);
#16137=ORIENTED_EDGE('',*,*,#16136,.T.);
#16138=ORIENTED_EDGE('',*,*,#13726,.F.);
#16139=ORIENTED_EDGE('',*,*,#10032,.T.);
#16140=EDGE_LOOP('',(#16133,#16135,#16137,#16138,#16139));
#16141=FACE_OUTER_BOUND('',#16140,.F.);
#16142=ADVANCED_FACE('',(#16141),#16132,.F.);
#16143=CARTESIAN_POINT('',(3.32E0,1.055E0,-4.34E0));
#16144=DIRECTION('',(0.E0,1.E0,0.E0));
#16145=DIRECTION('',(0.E0,0.E0,1.E0));
#16146=AXIS2_PLACEMENT_3D('',#16143,#16144,#16145);
#16147=PLANE('',#16146);
#16149=ORIENTED_EDGE('',*,*,#16148,.T.);
#16151=ORIENTED_EDGE('',*,*,#16150,.F.);
#16153=ORIENTED_EDGE('',*,*,#16152,.F.);
#16155=ORIENTED_EDGE('',*,*,#16154,.T.);
#16156=ORIENTED_EDGE('',*,*,#16098,.F.);
#16158=ORIENTED_EDGE('',*,*,#16157,.F.);
#16159=EDGE_LOOP('',(#16149,#16151,#16153,#16155,#16156,#16158));
#16160=FACE_OUTER_BOUND('',#16159,.F.);
#16161=ADVANCED_FACE('',(#16160),#16147,.T.);
#16162=CARTESIAN_POINT('',(2.68E0,1.93E0,-4.95E0));
#16163=DIRECTION('',(-1.E0,0.E0,0.E0));
#16164=DIRECTION('',(0.E0,0.E0,1.E0));
#16165=AXIS2_PLACEMENT_3D('',#16162,#16163,#16164);
#16166=PLANE('',#16165);
#16167=ORIENTED_EDGE('',*,*,#16148,.F.);
#16169=ORIENTED_EDGE('',*,*,#16168,.F.);
#16170=ORIENTED_EDGE('',*,*,#13268,.F.);
#16171=ORIENTED_EDGE('',*,*,#13126,.F.);
#16172=ORIENTED_EDGE('',*,*,#12921,.F.);
#16173=ORIENTED_EDGE('',*,*,#11873,.F.);
#16174=EDGE_LOOP('',(#16167,#16169,#16170,#16171,#16172,#16173));
#16175=FACE_OUTER_BOUND('',#16174,.F.);
#16176=ADVANCED_FACE('',(#16175),#16166,.F.);
#16177=CARTESIAN_POINT('',(2.68E0,1.93E0,-4.95E0));
#16178=DIRECTION('',(-1.E0,0.E0,0.E0));
#16179=DIRECTION('',(0.E0,0.E0,1.E0));
#16180=AXIS2_PLACEMENT_3D('',#16177,#16178,#16179);
#16181=PLANE('',#16180);
#16183=ORIENTED_EDGE('',*,*,#16182,.T.);
#16184=ORIENTED_EDGE('',*,*,#12467,.T.);
#16185=ORIENTED_EDGE('',*,*,#12218,.T.);
#16187=ORIENTED_EDGE('',*,*,#16186,.F.);
#16189=ORIENTED_EDGE('',*,*,#16188,.T.);
#16190=ORIENTED_EDGE('',*,*,#13734,.T.);
#16192=ORIENTED_EDGE('',*,*,#16191,.F.);
#16193=EDGE_LOOP('',(#16183,#16184,#16185,#16187,#16189,#16190,#16192));
#16194=FACE_OUTER_BOUND('',#16193,.F.);
#16195=ADVANCED_FACE('',(#16194),#16181,.F.);
#16196=CARTESIAN_POINT('',(2.68E0,1.93E0,-4.95E0));
#16197=DIRECTION('',(-1.E0,0.E0,0.E0));
#16198=DIRECTION('',(0.E0,0.E0,1.E0));
#16199=AXIS2_PLACEMENT_3D('',#16196,#16197,#16198);
#16200=PLANE('',#16199);
#16201=ORIENTED_EDGE('',*,*,#9333,.F.);
#16202=ORIENTED_EDGE('',*,*,#10051,.F.);
#16203=ORIENTED_EDGE('',*,*,#13738,.T.);
#16205=ORIENTED_EDGE('',*,*,#16204,.F.);
#16207=ORIENTED_EDGE('',*,*,#16206,.T.);
#16208=EDGE_LOOP('',(#16201,#16202,#16203,#16205,#16207));
#16209=FACE_OUTER_BOUND('',#16208,.F.);
#16210=ADVANCED_FACE('',(#16209),#16200,.F.);
#16211=CARTESIAN_POINT('',(2.68E0,1.93E0,-3.6E0));
#16212=DIRECTION('',(0.E0,0.E0,1.E0));
#16213=DIRECTION('',(1.E0,0.E0,0.E0));
#16214=AXIS2_PLACEMENT_3D('',#16211,#16212,#16213);
#16215=PLANE('',#16214);
#16216=ORIENTED_EDGE('',*,*,#16157,.T.);
#16217=ORIENTED_EDGE('',*,*,#16104,.F.);
#16218=ORIENTED_EDGE('',*,*,#13270,.F.);
#16219=ORIENTED_EDGE('',*,*,#16168,.T.);
#16220=EDGE_LOOP('',(#16216,#16217,#16218,#16219));
#16221=FACE_OUTER_BOUND('',#16220,.F.);
#16222=ADVANCED_FACE('',(#16221),#16215,.F.);
#16223=CARTESIAN_POINT('',(2.68E0,1.93E0,-3.6E0));
#16224=DIRECTION('',(0.E0,0.E0,1.E0));
#16225=DIRECTION('',(1.E0,0.E0,0.E0));
#16226=AXIS2_PLACEMENT_3D('',#16223,#16224,#16225);
#16227=PLANE('',#16226);
#16229=ORIENTED_EDGE('',*,*,#16228,.F.);
#16230=ORIENTED_EDGE('',*,*,#16191,.T.);
#16231=ORIENTED_EDGE('',*,*,#13732,.T.);
#16232=ORIENTED_EDGE('',*,*,#16116,.F.);
#16233=EDGE_LOOP('',(#16229,#16230,#16231,#16232));
#16234=FACE_OUTER_BOUND('',#16233,.F.);
#16235=ADVANCED_FACE('',(#16234),#16227,.F.);
#16236=CARTESIAN_POINT('',(3.32E0,-3.2E-1,2.46E0));
#16237=DIRECTION('',(0.E0,-1.E0,0.E0));
#16238=DIRECTION('',(0.E0,0.E0,-1.E0));
#16239=AXIS2_PLACEMENT_3D('',#16236,#16237,#16238);
#16240=PLANE('',#16239);
#16241=ORIENTED_EDGE('',*,*,#16182,.F.);
#16242=ORIENTED_EDGE('',*,*,#16228,.T.);
#16243=ORIENTED_EDGE('',*,*,#16114,.T.);
#16245=ORIENTED_EDGE('',*,*,#16244,.T.);
#16247=ORIENTED_EDGE('',*,*,#16246,.T.);
#16249=ORIENTED_EDGE('',*,*,#16248,.F.);
#16250=EDGE_LOOP('',(#16241,#16242,#16243,#16245,#16247,#16249));
#16251=FACE_OUTER_BOUND('',#16250,.F.);
#16252=ADVANCED_FACE('',(#16251),#16240,.T.);
#16253=CARTESIAN_POINT('',(3.32E0,-3.2E-1,2.46E0));
#16254=DIRECTION('',(0.E0,-1.E0,0.E0));
#16255=DIRECTION('',(0.E0,0.E0,-1.E0));
#16256=AXIS2_PLACEMENT_3D('',#16253,#16254,#16255);
#16257=PLANE('',#16256);
#16259=ORIENTED_EDGE('',*,*,#16258,.F.);
#16261=ORIENTED_EDGE('',*,*,#16260,.T.);
#16262=ORIENTED_EDGE('',*,*,#10793,.F.);
#16264=ORIENTED_EDGE('',*,*,#16263,.F.);
#16265=EDGE_LOOP('',(#16259,#16261,#16262,#16264));
#16266=FACE_OUTER_BOUND('',#16265,.F.);
#16267=ADVANCED_FACE('',(#16266),#16257,.T.);
#16268=CARTESIAN_POINT('',(3.32E0,0.E0,0.E0));
#16269=DIRECTION('',(1.E0,0.E0,0.E0));
#16270=DIRECTION('',(0.E0,0.E0,-1.E0));
#16271=AXIS2_PLACEMENT_3D('',#16268,#16269,#16270);
#16272=PLANE('',#16271);
#16273=ORIENTED_EDGE('',*,*,#9319,.F.);
#16274=ORIENTED_EDGE('',*,*,#11824,.T.);
#16275=ORIENTED_EDGE('',*,*,#12205,.F.);
#16277=ORIENTED_EDGE('',*,*,#16276,.F.);
#16278=ORIENTED_EDGE('',*,*,#16244,.F.);
#16279=ORIENTED_EDGE('',*,*,#12454,.F.);
#16280=ORIENTED_EDGE('',*,*,#12678,.T.);
#16281=ORIENTED_EDGE('',*,*,#11844,.T.);
#16282=ORIENTED_EDGE('',*,*,#16154,.F.);
#16284=ORIENTED_EDGE('',*,*,#16283,.F.);
#16285=EDGE_LOOP('',(#16273,#16274,#16275,#16277,#16278,#16279,#16280,#16281,
#16282,#16284));
#16286=FACE_OUTER_BOUND('',#16285,.F.);
#16287=ADVANCED_FACE('',(#16286),#16272,.T.);
#16288=CARTESIAN_POINT('',(3.32E0,0.E0,0.E0));
#16289=DIRECTION('',(1.E0,0.E0,0.E0));
#16290=DIRECTION('',(0.E0,0.E0,-1.E0));
#16291=AXIS2_PLACEMENT_3D('',#16288,#16289,#16290);
#16292=PLANE('',#16291);
#16293=ORIENTED_EDGE('',*,*,#13728,.T.);
#16295=ORIENTED_EDGE('',*,*,#16294,.F.);
#16297=ORIENTED_EDGE('',*,*,#16296,.F.);
#16299=ORIENTED_EDGE('',*,*,#16298,.F.);
#16301=ORIENTED_EDGE('',*,*,#16300,.F.);
#16303=ORIENTED_EDGE('',*,*,#16302,.F.);
#16304=EDGE_LOOP('',(#16293,#16295,#16297,#16299,#16301,#16303));
#16305=FACE_OUTER_BOUND('',#16304,.F.);
#16306=ADVANCED_FACE('',(#16305),#16292,.T.);
#16307=CARTESIAN_POINT('',(3.32E0,0.E0,0.E0));
#16308=DIRECTION('',(1.E0,0.E0,0.E0));
#16309=DIRECTION('',(0.E0,0.E0,-1.E0));
#16310=AXIS2_PLACEMENT_3D('',#16307,#16308,#16309);
#16311=PLANE('',#16310);
#16313=ORIENTED_EDGE('',*,*,#16312,.F.);
#16315=ORIENTED_EDGE('',*,*,#16314,.F.);
#16316=ORIENTED_EDGE('',*,*,#10787,.F.);
#16317=ORIENTED_EDGE('',*,*,#16260,.F.);
#16318=EDGE_LOOP('',(#16313,#16315,#16316,#16317));
#16319=FACE_OUTER_BOUND('',#16318,.F.);
#16320=ADVANCED_FACE('',(#16319),#16311,.T.);
#16321=CARTESIAN_POINT('',(3.32E0,-3.2E-1,-3.7E0));
#16322=DIRECTION('',(0.E0,0.E0,1.E0));
#16323=DIRECTION('',(0.E0,-1.E0,0.E0));
#16324=AXIS2_PLACEMENT_3D('',#16321,#16322,#16323);
#16325=PLANE('',#16324);
#16326=ORIENTED_EDGE('',*,*,#16186,.T.);
#16328=ORIENTED_EDGE('',*,*,#16327,.F.);
#16329=ORIENTED_EDGE('',*,*,#16246,.F.);
#16330=ORIENTED_EDGE('',*,*,#16276,.T.);
#16331=ORIENTED_EDGE('',*,*,#16121,.F.);
#16333=ORIENTED_EDGE('',*,*,#16332,.T.);
#16334=EDGE_LOOP('',(#16326,#16328,#16329,#16330,#16331,#16333));
#16335=FACE_OUTER_BOUND('',#16334,.F.);
#16336=ADVANCED_FACE('',(#16335),#16325,.T.);
#16337=CARTESIAN_POINT('',(2.68E0,0.E0,0.E0));
#16338=DIRECTION('',(1.E0,0.E0,0.E0));
#16339=DIRECTION('',(0.E0,0.E0,-1.E0));
#16340=AXIS2_PLACEMENT_3D('',#16337,#16338,#16339);
#16341=PLANE('',#16340);
#16342=ORIENTED_EDGE('',*,*,#9335,.T.);
#16344=ORIENTED_EDGE('',*,*,#16343,.T.);
#16345=ORIENTED_EDGE('',*,*,#16150,.T.);
#16346=ORIENTED_EDGE('',*,*,#11871,.F.);
#16347=ORIENTED_EDGE('',*,*,#12689,.F.);
#16348=ORIENTED_EDGE('',*,*,#12469,.T.);
#16349=ORIENTED_EDGE('',*,*,#16248,.T.);
#16350=ORIENTED_EDGE('',*,*,#16327,.T.);
#16351=ORIENTED_EDGE('',*,*,#12216,.T.);
#16352=ORIENTED_EDGE('',*,*,#11855,.F.);
#16353=EDGE_LOOP('',(#16342,#16344,#16345,#16346,#16347,#16348,#16349,#16350,
#16351,#16352));
#16354=FACE_OUTER_BOUND('',#16353,.F.);
#16355=ADVANCED_FACE('',(#16354),#16341,.F.);
#16356=CARTESIAN_POINT('',(2.68E0,0.E0,0.E0));
#16357=DIRECTION('',(1.E0,0.E0,0.E0));
#16358=DIRECTION('',(0.E0,0.E0,-1.E0));
#16359=AXIS2_PLACEMENT_3D('',#16356,#16357,#16358);
#16360=PLANE('',#16359);
#16361=ORIENTED_EDGE('',*,*,#13736,.F.);
#16363=ORIENTED_EDGE('',*,*,#16362,.T.);
#16365=ORIENTED_EDGE('',*,*,#16364,.T.);
#16367=ORIENTED_EDGE('',*,*,#16366,.T.);
#16369=ORIENTED_EDGE('',*,*,#16368,.T.);
#16371=ORIENTED_EDGE('',*,*,#16370,.T.);
#16372=EDGE_LOOP('',(#16361,#16363,#16365,#16367,#16369,#16371));
#16373=FACE_OUTER_BOUND('',#16372,.F.);
#16374=ADVANCED_FACE('',(#16373),#16360,.F.);
#16375=CARTESIAN_POINT('',(2.68E0,0.E0,0.E0));
#16376=DIRECTION('',(1.E0,0.E0,0.E0));
#16377=DIRECTION('',(0.E0,0.E0,-1.E0));
#16378=AXIS2_PLACEMENT_3D('',#16375,#16376,#16377);
#16379=PLANE('',#16378);
#16381=ORIENTED_EDGE('',*,*,#16380,.F.);
#16382=ORIENTED_EDGE('',*,*,#16263,.T.);
#16383=ORIENTED_EDGE('',*,*,#10791,.T.);
#16385=ORIENTED_EDGE('',*,*,#16384,.T.);
#16386=EDGE_LOOP('',(#16381,#16382,#16383,#16385));
#16387=FACE_OUTER_BOUND('',#16386,.F.);
#16388=ADVANCED_FACE('',(#16387),#16379,.F.);
#16389=CARTESIAN_POINT('',(3.32E0,-1.65E0,-4.34E0));
#16390=DIRECTION('',(0.E0,0.E0,-1.E0));
#16391=DIRECTION('',(0.E0,1.E0,0.E0));
#16392=AXIS2_PLACEMENT_3D('',#16389,#16390,#16391);
#16393=PLANE('',#16392);
#16394=ORIENTED_EDGE('',*,*,#16206,.F.);
#16396=ORIENTED_EDGE('',*,*,#16395,.F.);
#16397=ORIENTED_EDGE('',*,*,#16134,.T.);
#16398=ORIENTED_EDGE('',*,*,#16283,.T.);
#16399=ORIENTED_EDGE('',*,*,#16152,.T.);
#16400=ORIENTED_EDGE('',*,*,#16343,.F.);
#16401=EDGE_LOOP('',(#16394,#16396,#16397,#16398,#16399,#16400));
#16402=FACE_OUTER_BOUND('',#16401,.F.);
#16403=ADVANCED_FACE('',(#16402),#16393,.T.);
#16404=CARTESIAN_POINT('',(3.32E0,-1.65E0,-4.59E0));
#16405=DIRECTION('',(1.E0,0.E0,0.E0));
#16406=DIRECTION('',(0.E0,0.E0,-1.E0));
#16407=AXIS2_PLACEMENT_3D('',#16404,#16405,#16406);
#16408=CYLINDRICAL_SURFACE('',#16407,2.5E-1);
#16409=ORIENTED_EDGE('',*,*,#16204,.T.);
#16410=ORIENTED_EDGE('',*,*,#16370,.F.);
#16412=ORIENTED_EDGE('',*,*,#16411,.F.);
#16413=ORIENTED_EDGE('',*,*,#16294,.T.);
#16414=ORIENTED_EDGE('',*,*,#16136,.F.);
#16415=ORIENTED_EDGE('',*,*,#16395,.T.);
#16416=EDGE_LOOP('',(#16409,#16410,#16412,#16413,#16414,#16415));
#16417=FACE_OUTER_BOUND('',#16416,.F.);
#16418=ADVANCED_FACE('',(#16417),#16408,.F.);
#16419=CARTESIAN_POINT('',(3.32E0,-1.9E0,-5.47E0));
#16420=DIRECTION('',(0.E0,1.E0,0.E0));
#16421=DIRECTION('',(0.E0,0.E0,1.E0));
#16422=AXIS2_PLACEMENT_3D('',#16419,#16420,#16421);
#16423=PLANE('',#16422);
#16424=ORIENTED_EDGE('',*,*,#16296,.T.);
#16425=ORIENTED_EDGE('',*,*,#16411,.T.);
#16426=ORIENTED_EDGE('',*,*,#16368,.F.);
#16428=ORIENTED_EDGE('',*,*,#16427,.F.);
#16429=EDGE_LOOP('',(#16424,#16425,#16426,#16428));
#16430=FACE_OUTER_BOUND('',#16429,.F.);
#16431=ADVANCED_FACE('',(#16430),#16423,.T.);
#16432=CARTESIAN_POINT('',(3.32E0,-2.22E0,-5.47E0));
#16433=DIRECTION('',(1.E0,0.E0,0.E0));
#16434=DIRECTION('',(0.E0,0.E0,-1.E0));
#16435=AXIS2_PLACEMENT_3D('',#16432,#16433,#16434);
#16436=CYLINDRICAL_SURFACE('',#16435,3.2E-1);
#16437=ORIENTED_EDGE('',*,*,#16298,.T.);
#16438=ORIENTED_EDGE('',*,*,#16427,.T.);
#16439=ORIENTED_EDGE('',*,*,#16366,.F.);
#16441=ORIENTED_EDGE('',*,*,#16440,.F.);
#16442=EDGE_LOOP('',(#16437,#16438,#16439,#16441));
#16443=FACE_OUTER_BOUND('',#16442,.F.);
#16444=ADVANCED_FACE('',(#16443),#16436,.T.);
#16445=CARTESIAN_POINT('',(3.32E0,-2.54E0,-4.59E0));
#16446=DIRECTION('',(0.E0,-1.E0,0.E0));
#16447=DIRECTION('',(0.E0,0.E0,-1.E0));
#16448=AXIS2_PLACEMENT_3D('',#16445,#16446,#16447);
#16449=PLANE('',#16448);
#16450=ORIENTED_EDGE('',*,*,#16300,.T.);
#16451=ORIENTED_EDGE('',*,*,#16440,.T.);
#16452=ORIENTED_EDGE('',*,*,#16364,.F.);
#16454=ORIENTED_EDGE('',*,*,#16453,.F.);
#16455=EDGE_LOOP('',(#16450,#16451,#16452,#16454));
#16456=FACE_OUTER_BOUND('',#16455,.F.);
#16457=ADVANCED_FACE('',(#16456),#16449,.T.);
#16458=CARTESIAN_POINT('',(3.32E0,-1.65E0,-4.59E0));
#16459=DIRECTION('',(1.E0,0.E0,0.E0));
#16460=DIRECTION('',(0.E0,0.E0,-1.E0));
#16461=AXIS2_PLACEMENT_3D('',#16458,#16459,#16460);
#16462=CYLINDRICAL_SURFACE('',#16461,8.9E-1);
#16463=ORIENTED_EDGE('',*,*,#16188,.F.);
#16464=ORIENTED_EDGE('',*,*,#16332,.F.);
#16465=ORIENTED_EDGE('',*,*,#16119,.T.);
#16466=ORIENTED_EDGE('',*,*,#16302,.T.);
#16467=ORIENTED_EDGE('',*,*,#16453,.T.);
#16468=ORIENTED_EDGE('',*,*,#16362,.F.);
#16469=EDGE_LOOP('',(#16463,#16464,#16465,#16466,#16467,#16468));
#16470=FACE_OUTER_BOUND('',#16469,.F.);
#16471=ADVANCED_FACE('',(#16470),#16462,.T.);
#16472=CARTESIAN_POINT('',(2.755E0,0.E0,2.26E0));
#16473=DIRECTION('',(-9.363291775690E-1,0.E0,3.511234415884E-1));
#16474=DIRECTION('',(3.511234415884E-1,0.E0,9.363291775690E-1));
#16475=AXIS2_PLACEMENT_3D('',#16472,#16473,#16474);
#16476=PLANE('',#16475);
#16477=ORIENTED_EDGE('',*,*,#16380,.T.);
#16479=ORIENTED_EDGE('',*,*,#16478,.F.);
#16481=ORIENTED_EDGE('',*,*,#16480,.F.);
#16483=ORIENTED_EDGE('',*,*,#16482,.T.);
#16484=EDGE_LOOP('',(#16477,#16479,#16481,#16483));
#16485=FACE_OUTER_BOUND('',#16484,.F.);
#16486=ADVANCED_FACE('',(#16485),#16476,.T.);
#16487=CARTESIAN_POINT('',(3.E0,2.45E-1,2.26E0));
#16488=DIRECTION('',(0.E0,9.363291775690E-1,3.511234415884E-1));
#16489=DIRECTION('',(0.E0,3.511234415884E-1,-9.363291775690E-1));
#16490=AXIS2_PLACEMENT_3D('',#16487,#16488,#16489);
#16491=PLANE('',#16490);
#16493=ORIENTED_EDGE('',*,*,#16492,.F.);
#16495=ORIENTED_EDGE('',*,*,#16494,.F.);
#16497=ORIENTED_EDGE('',*,*,#16496,.T.);
#16498=ORIENTED_EDGE('',*,*,#16478,.T.);
#16499=EDGE_LOOP('',(#16493,#16495,#16497,#16498));
#16500=FACE_OUTER_BOUND('',#16499,.F.);
#16501=ADVANCED_FACE('',(#16500),#16491,.T.);
#16502=CARTESIAN_POINT('',(3.32E0,3.2E-1,-2.49E0));
#16503=DIRECTION('',(0.E0,1.E0,0.E0));
#16504=DIRECTION('',(0.E0,0.E0,1.E0));
#16505=AXIS2_PLACEMENT_3D('',#16502,#16503,#16504);
#16506=PLANE('',#16505);
#16507=ORIENTED_EDGE('',*,*,#16492,.T.);
#16508=ORIENTED_EDGE('',*,*,#16384,.F.);
#16509=ORIENTED_EDGE('',*,*,#10789,.T.);
#16510=ORIENTED_EDGE('',*,*,#16314,.T.);
#16511=EDGE_LOOP('',(#16507,#16508,#16509,#16510));
#16512=FACE_OUTER_BOUND('',#16511,.F.);
#16513=ADVANCED_FACE('',(#16512),#16506,.T.);
#16514=CARTESIAN_POINT('',(3.245E0,0.E0,2.26E0));
#16515=DIRECTION('',(9.363291775690E-1,0.E0,3.511234415884E-1));
#16516=DIRECTION('',(-3.511234415884E-1,0.E0,9.363291775690E-1));
#16517=AXIS2_PLACEMENT_3D('',#16514,#16515,#16516);
#16518=PLANE('',#16517);
#16520=ORIENTED_EDGE('',*,*,#16519,.F.);
#16521=ORIENTED_EDGE('',*,*,#16494,.T.);
#16522=ORIENTED_EDGE('',*,*,#16312,.T.);
#16524=ORIENTED_EDGE('',*,*,#16523,.T.);
#16525=EDGE_LOOP('',(#16520,#16521,#16522,#16524));
#16526=FACE_OUTER_BOUND('',#16525,.F.);
#16527=ADVANCED_FACE('',(#16526),#16518,.T.);
#16528=CARTESIAN_POINT('',(3.32E0,3.2E-1,2.46E0));
#16529=DIRECTION('',(0.E0,0.E0,1.E0));
#16530=DIRECTION('',(0.E0,-1.E0,0.E0));
#16531=AXIS2_PLACEMENT_3D('',#16528,#16529,#16530);
#16532=PLANE('',#16531);
#16534=ORIENTED_EDGE('',*,*,#16533,.T.);
#16535=ORIENTED_EDGE('',*,*,#16480,.T.);
#16536=ORIENTED_EDGE('',*,*,#16496,.F.);
#16537=ORIENTED_EDGE('',*,*,#16519,.T.);
#16538=EDGE_LOOP('',(#16534,#16535,#16536,#16537));
#16539=FACE_OUTER_BOUND('',#16538,.F.);
#16540=ADVANCED_FACE('',(#16539),#16532,.T.);
#16541=CARTESIAN_POINT('',(3.E0,-2.45E-1,2.26E0));
#16542=DIRECTION('',(0.E0,-9.363291775690E-1,3.511234415884E-1));
#16543=DIRECTION('',(0.E0,3.511234415884E-1,9.363291775690E-1));
#16544=AXIS2_PLACEMENT_3D('',#16541,#16542,#16543);
#16545=PLANE('',#16544);
#16546=ORIENTED_EDGE('',*,*,#16533,.F.);
#16547=ORIENTED_EDGE('',*,*,#16523,.F.);
#16548=ORIENTED_EDGE('',*,*,#16258,.T.);
#16549=ORIENTED_EDGE('',*,*,#16482,.F.);
#16550=EDGE_LOOP('',(#16546,#16547,#16548,#16549));
#16551=FACE_OUTER_BOUND('',#16550,.F.);
#16552=ADVANCED_FACE('',(#16551),#16545,.T.);
#16553=CARTESIAN_POINT('',(3.2E-1,1.93E0,-3.6E0));
#16554=DIRECTION('',(1.E0,0.E0,0.E0));
#16555=DIRECTION('',(0.E0,0.E0,-1.E0));
#16556=AXIS2_PLACEMENT_3D('',#16553,#16554,#16555);
#16557=PLANE('',#16556);
#16559=ORIENTED_EDGE('',*,*,#16558,.F.);
#16561=ORIENTED_EDGE('',*,*,#16560,.T.);
#16562=ORIENTED_EDGE('',*,*,#13741,.F.);
#16563=ORIENTED_EDGE('',*,*,#10047,.T.);
#16564=ORIENTED_EDGE('',*,*,#9329,.T.);
#16565=EDGE_LOOP('',(#16559,#16561,#16562,#16563,#16564));
#16566=FACE_OUTER_BOUND('',#16565,.F.);
#16567=ADVANCED_FACE('',(#16566),#16557,.F.);
#16568=CARTESIAN_POINT('',(3.2E-1,1.93E0,-3.6E0));
#16569=DIRECTION('',(1.E0,0.E0,0.E0));
#16570=DIRECTION('',(0.E0,0.E0,-1.E0));
#16571=AXIS2_PLACEMENT_3D('',#16568,#16569,#16570);
#16572=PLANE('',#16571);
#16574=ORIENTED_EDGE('',*,*,#16573,.T.);
#16575=ORIENTED_EDGE('',*,*,#11877,.T.);
#16576=ORIENTED_EDGE('',*,*,#12918,.T.);
#16577=ORIENTED_EDGE('',*,*,#13123,.T.);
#16578=ORIENTED_EDGE('',*,*,#13265,.T.);
#16580=ORIENTED_EDGE('',*,*,#16579,.T.);
#16581=EDGE_LOOP('',(#16574,#16575,#16576,#16577,#16578,#16580));
#16582=FACE_OUTER_BOUND('',#16581,.F.);
#16583=ADVANCED_FACE('',(#16582),#16572,.F.);
#16584=CARTESIAN_POINT('',(3.2E-1,1.93E0,-3.6E0));
#16585=DIRECTION('',(1.E0,0.E0,0.E0));
#16586=DIRECTION('',(0.E0,0.E0,-1.E0));
#16587=AXIS2_PLACEMENT_3D('',#16584,#16585,#16586);
#16588=PLANE('',#16587);
#16590=ORIENTED_EDGE('',*,*,#16589,.F.);
#16592=ORIENTED_EDGE('',*,*,#16591,.T.);
#16593=ORIENTED_EDGE('',*,*,#13745,.F.);
#16595=ORIENTED_EDGE('',*,*,#16594,.F.);
#16597=ORIENTED_EDGE('',*,*,#16596,.F.);
#16598=ORIENTED_EDGE('',*,*,#12222,.F.);
#16599=ORIENTED_EDGE('',*,*,#12464,.F.);
#16600=EDGE_LOOP('',(#16590,#16592,#16593,#16595,#16597,#16598,#16599));
#16601=FACE_OUTER_BOUND('',#16600,.F.);
#16602=ADVANCED_FACE('',(#16601),#16588,.F.);
#16603=CARTESIAN_POINT('',(3.2E-1,-1.65E0,-4.34E0));
#16604=DIRECTION('',(0.E0,0.E0,-1.E0));
#16605=DIRECTION('',(0.E0,1.E0,0.E0));
#16606=AXIS2_PLACEMENT_3D('',#16603,#16604,#16605);
#16607=PLANE('',#16606);
#16609=ORIENTED_EDGE('',*,*,#16608,.F.);
#16611=ORIENTED_EDGE('',*,*,#16610,.F.);
#16612=ORIENTED_EDGE('',*,*,#16558,.T.);
#16614=ORIENTED_EDGE('',*,*,#16613,.T.);
#16616=ORIENTED_EDGE('',*,*,#16615,.T.);
#16618=ORIENTED_EDGE('',*,*,#16617,.F.);
#16619=EDGE_LOOP('',(#16609,#16611,#16612,#16614,#16616,#16618));
#16620=FACE_OUTER_BOUND('',#16619,.F.);
#16621=ADVANCED_FACE('',(#16620),#16607,.T.);
#16622=CARTESIAN_POINT('',(-3.2E-1,1.93E0,-4.95E0));
#16623=DIRECTION('',(-1.E0,0.E0,0.E0));
#16624=DIRECTION('',(0.E0,0.E0,1.E0));
#16625=AXIS2_PLACEMENT_3D('',#16622,#16623,#16624);
#16626=PLANE('',#16625);
#16627=ORIENTED_EDGE('',*,*,#16608,.T.);
#16628=ORIENTED_EDGE('',*,*,#9353,.F.);
#16629=ORIENTED_EDGE('',*,*,#10066,.F.);
#16630=ORIENTED_EDGE('',*,*,#13753,.T.);
#16632=ORIENTED_EDGE('',*,*,#16631,.F.);
#16633=EDGE_LOOP('',(#16627,#16628,#16629,#16630,#16632));
#16634=FACE_OUTER_BOUND('',#16633,.F.);
#16635=ADVANCED_FACE('',(#16634),#16626,.F.);
#16636=CARTESIAN_POINT('',(-3.2E-1,1.93E0,-4.95E0));
#16637=DIRECTION('',(-1.E0,0.E0,0.E0));
#16638=DIRECTION('',(0.E0,0.E0,1.E0));
#16639=AXIS2_PLACEMENT_3D('',#16636,#16637,#16638);
#16640=PLANE('',#16639);
#16642=ORIENTED_EDGE('',*,*,#16641,.F.);
#16644=ORIENTED_EDGE('',*,*,#16643,.F.);
#16645=ORIENTED_EDGE('',*,*,#13261,.F.);
#16646=ORIENTED_EDGE('',*,*,#13141,.F.);
#16647=ORIENTED_EDGE('',*,*,#12936,.F.);
#16648=ORIENTED_EDGE('',*,*,#11908,.F.);
#16649=EDGE_LOOP('',(#16642,#16644,#16645,#16646,#16647,#16648));
#16650=FACE_OUTER_BOUND('',#16649,.F.);
#16651=ADVANCED_FACE('',(#16650),#16640,.F.);
#16652=CARTESIAN_POINT('',(-3.2E-1,1.93E0,-4.95E0));
#16653=DIRECTION('',(-1.E0,0.E0,0.E0));
#16654=DIRECTION('',(0.E0,0.E0,1.E0));
#16655=AXIS2_PLACEMENT_3D('',#16652,#16653,#16654);
#16656=PLANE('',#16655);
#16658=ORIENTED_EDGE('',*,*,#16657,.T.);
#16659=ORIENTED_EDGE('',*,*,#12486,.T.);
#16660=ORIENTED_EDGE('',*,*,#12237,.T.);
#16662=ORIENTED_EDGE('',*,*,#16661,.T.);
#16664=ORIENTED_EDGE('',*,*,#16663,.T.);
#16665=ORIENTED_EDGE('',*,*,#13749,.T.);
#16667=ORIENTED_EDGE('',*,*,#16666,.F.);
#16668=EDGE_LOOP('',(#16658,#16659,#16660,#16662,#16664,#16665,#16667));
#16669=FACE_OUTER_BOUND('',#16668,.F.);
#16670=ADVANCED_FACE('',(#16669),#16656,.F.);
#16671=CARTESIAN_POINT('',(3.2E-1,-1.65E0,-4.59E0));
#16672=DIRECTION('',(1.E0,0.E0,0.E0));
#16673=DIRECTION('',(0.E0,0.E0,-1.E0));
#16674=AXIS2_PLACEMENT_3D('',#16671,#16672,#16673);
#16675=CYLINDRICAL_SURFACE('',#16674,2.5E-1);
#16676=ORIENTED_EDGE('',*,*,#16631,.T.);
#16678=ORIENTED_EDGE('',*,*,#16677,.F.);
#16680=ORIENTED_EDGE('',*,*,#16679,.F.);
#16682=ORIENTED_EDGE('',*,*,#16681,.T.);
#16683=ORIENTED_EDGE('',*,*,#16560,.F.);
#16684=ORIENTED_EDGE('',*,*,#16610,.T.);
#16685=EDGE_LOOP('',(#16676,#16678,#16680,#16682,#16683,#16684));
#16686=FACE_OUTER_BOUND('',#16685,.F.);
#16687=ADVANCED_FACE('',(#16686),#16675,.F.);
#16688=CARTESIAN_POINT('',(-3.2E-1,0.E0,0.E0));
#16689=DIRECTION('',(1.E0,0.E0,0.E0));
#16690=DIRECTION('',(0.E0,0.E0,-1.E0));
#16691=AXIS2_PLACEMENT_3D('',#16688,#16689,#16690);
#16692=PLANE('',#16691);
#16693=ORIENTED_EDGE('',*,*,#9355,.F.);
#16694=ORIENTED_EDGE('',*,*,#16617,.T.);
#16696=ORIENTED_EDGE('',*,*,#16695,.T.);
#16697=ORIENTED_EDGE('',*,*,#11906,.F.);
#16698=ORIENTED_EDGE('',*,*,#12703,.F.);
#16699=ORIENTED_EDGE('',*,*,#12488,.T.);
#16701=ORIENTED_EDGE('',*,*,#16700,.T.);
#16703=ORIENTED_EDGE('',*,*,#16702,.T.);
#16704=ORIENTED_EDGE('',*,*,#12235,.T.);
#16705=ORIENTED_EDGE('',*,*,#11890,.F.);
#16706=EDGE_LOOP('',(#16693,#16694,#16696,#16697,#16698,#16699,#16701,#16703,
#16704,#16705));
#16707=FACE_OUTER_BOUND('',#16706,.F.);
#16708=ADVANCED_FACE('',(#16707),#16692,.F.);
#16709=CARTESIAN_POINT('',(-3.2E-1,0.E0,0.E0));
#16710=DIRECTION('',(1.E0,0.E0,0.E0));
#16711=DIRECTION('',(0.E0,0.E0,-1.E0));
#16712=AXIS2_PLACEMENT_3D('',#16709,#16710,#16711);
#16713=PLANE('',#16712);
#16714=ORIENTED_EDGE('',*,*,#13751,.F.);
#16716=ORIENTED_EDGE('',*,*,#16715,.T.);
#16718=ORIENTED_EDGE('',*,*,#16717,.T.);
#16720=ORIENTED_EDGE('',*,*,#16719,.T.);
#16722=ORIENTED_EDGE('',*,*,#16721,.T.);
#16723=ORIENTED_EDGE('',*,*,#16677,.T.);
#16724=EDGE_LOOP('',(#16714,#16716,#16718,#16720,#16722,#16723));
#16725=FACE_OUTER_BOUND('',#16724,.F.);
#16726=ADVANCED_FACE('',(#16725),#16713,.F.);
#16727=CARTESIAN_POINT('',(-3.2E-1,0.E0,0.E0));
#16728=DIRECTION('',(1.E0,0.E0,0.E0));
#16729=DIRECTION('',(0.E0,0.E0,-1.E0));
#16730=AXIS2_PLACEMENT_3D('',#16727,#16728,#16729);
#16731=PLANE('',#16730);
#16733=ORIENTED_EDGE('',*,*,#16732,.F.);
#16735=ORIENTED_EDGE('',*,*,#16734,.T.);
#16736=ORIENTED_EDGE('',*,*,#10735,.T.);
#16738=ORIENTED_EDGE('',*,*,#16737,.T.);
#16739=EDGE_LOOP('',(#16733,#16735,#16736,#16738));
#16740=FACE_OUTER_BOUND('',#16739,.F.);
#16741=ADVANCED_FACE('',(#16740),#16731,.F.);
#16742=CARTESIAN_POINT('',(3.2E-1,1.055E0,-4.34E0));
#16743=DIRECTION('',(0.E0,1.E0,0.E0));
#16744=DIRECTION('',(0.E0,0.E0,1.E0));
#16745=AXIS2_PLACEMENT_3D('',#16742,#16743,#16744);
#16746=PLANE('',#16745);
#16747=ORIENTED_EDGE('',*,*,#16641,.T.);
#16748=ORIENTED_EDGE('',*,*,#16695,.F.);
#16749=ORIENTED_EDGE('',*,*,#16615,.F.);
#16751=ORIENTED_EDGE('',*,*,#16750,.T.);
#16752=ORIENTED_EDGE('',*,*,#16573,.F.);
#16754=ORIENTED_EDGE('',*,*,#16753,.F.);
#16755=EDGE_LOOP('',(#16747,#16748,#16749,#16751,#16752,#16754));
#16756=FACE_OUTER_BOUND('',#16755,.F.);
#16757=ADVANCED_FACE('',(#16756),#16746,.T.);
#16758=CARTESIAN_POINT('',(3.2E-1,0.E0,0.E0));
#16759=DIRECTION('',(1.E0,0.E0,0.E0));
#16760=DIRECTION('',(0.E0,0.E0,-1.E0));
#16761=AXIS2_PLACEMENT_3D('',#16758,#16759,#16760);
#16762=PLANE('',#16761);
#16763=ORIENTED_EDGE('',*,*,#9339,.T.);
#16764=ORIENTED_EDGE('',*,*,#11859,.T.);
#16765=ORIENTED_EDGE('',*,*,#12224,.F.);
#16767=ORIENTED_EDGE('',*,*,#16766,.F.);
#16769=ORIENTED_EDGE('',*,*,#16768,.F.);
#16770=ORIENTED_EDGE('',*,*,#12473,.F.);
#16771=ORIENTED_EDGE('',*,*,#12692,.T.);
#16772=ORIENTED_EDGE('',*,*,#11879,.T.);
#16773=ORIENTED_EDGE('',*,*,#16750,.F.);
#16774=ORIENTED_EDGE('',*,*,#16613,.F.);
#16775=EDGE_LOOP('',(#16763,#16764,#16765,#16767,#16769,#16770,#16771,#16772,
#16773,#16774));
#16776=FACE_OUTER_BOUND('',#16775,.F.);
#16777=ADVANCED_FACE('',(#16776),#16762,.T.);
#16778=CARTESIAN_POINT('',(3.2E-1,0.E0,0.E0));
#16779=DIRECTION('',(1.E0,0.E0,0.E0));
#16780=DIRECTION('',(0.E0,0.E0,-1.E0));
#16781=AXIS2_PLACEMENT_3D('',#16778,#16779,#16780);
#16782=PLANE('',#16781);
#16783=ORIENTED_EDGE('',*,*,#13743,.T.);
#16784=ORIENTED_EDGE('',*,*,#16681,.F.);
#16786=ORIENTED_EDGE('',*,*,#16785,.F.);
#16788=ORIENTED_EDGE('',*,*,#16787,.F.);
#16790=ORIENTED_EDGE('',*,*,#16789,.F.);
#16792=ORIENTED_EDGE('',*,*,#16791,.F.);
#16793=EDGE_LOOP('',(#16783,#16784,#16786,#16788,#16790,#16792));
#16794=FACE_OUTER_BOUND('',#16793,.F.);
#16795=ADVANCED_FACE('',(#16794),#16782,.T.);
#16796=CARTESIAN_POINT('',(3.2E-1,0.E0,0.E0));
#16797=DIRECTION('',(1.E0,0.E0,0.E0));
#16798=DIRECTION('',(0.E0,0.E0,-1.E0));
#16799=AXIS2_PLACEMENT_3D('',#16796,#16797,#16798);
#16800=PLANE('',#16799);
#16802=ORIENTED_EDGE('',*,*,#16801,.F.);
#16804=ORIENTED_EDGE('',*,*,#16803,.F.);
#16805=ORIENTED_EDGE('',*,*,#10731,.F.);
#16807=ORIENTED_EDGE('',*,*,#16806,.F.);
#16808=EDGE_LOOP('',(#16802,#16804,#16805,#16807));
#16809=FACE_OUTER_BOUND('',#16808,.F.);
#16810=ADVANCED_FACE('',(#16809),#16800,.T.);
#16811=CARTESIAN_POINT('',(3.2E-1,-3.2E-1,-3.7E0));
#16812=DIRECTION('',(0.E0,0.E0,1.E0));
#16813=DIRECTION('',(0.E0,-1.E0,0.E0));
#16814=AXIS2_PLACEMENT_3D('',#16811,#16812,#16813);
#16815=PLANE('',#16814);
#16816=ORIENTED_EDGE('',*,*,#16661,.F.);
#16817=ORIENTED_EDGE('',*,*,#16702,.F.);
#16819=ORIENTED_EDGE('',*,*,#16818,.F.);
#16820=ORIENTED_EDGE('',*,*,#16766,.T.);
#16821=ORIENTED_EDGE('',*,*,#16596,.T.);
#16823=ORIENTED_EDGE('',*,*,#16822,.T.);
#16824=EDGE_LOOP('',(#16816,#16817,#16819,#16820,#16821,#16823));
#16825=FACE_OUTER_BOUND('',#16824,.F.);
#16826=ADVANCED_FACE('',(#16825),#16815,.T.);
#16827=CARTESIAN_POINT('',(3.2E-1,-3.2E-1,2.46E0));
#16828=DIRECTION('',(0.E0,-1.E0,0.E0));
#16829=DIRECTION('',(0.E0,0.E0,-1.E0));
#16830=AXIS2_PLACEMENT_3D('',#16827,#16828,#16829);
#16831=PLANE('',#16830);
#16832=ORIENTED_EDGE('',*,*,#16657,.F.);
#16834=ORIENTED_EDGE('',*,*,#16833,.T.);
#16835=ORIENTED_EDGE('',*,*,#16589,.T.);
#16836=ORIENTED_EDGE('',*,*,#16768,.T.);
#16837=ORIENTED_EDGE('',*,*,#16818,.T.);
#16838=ORIENTED_EDGE('',*,*,#16700,.F.);
#16839=EDGE_LOOP('',(#16832,#16834,#16835,#16836,#16837,#16838));
#16840=FACE_OUTER_BOUND('',#16839,.F.);
#16841=ADVANCED_FACE('',(#16840),#16831,.T.);
#16842=CARTESIAN_POINT('',(3.2E-1,-3.2E-1,2.46E0));
#16843=DIRECTION('',(0.E0,-1.E0,0.E0));
#16844=DIRECTION('',(0.E0,0.E0,-1.E0));
#16845=AXIS2_PLACEMENT_3D('',#16842,#16843,#16844);
#16846=PLANE('',#16845);
#16848=ORIENTED_EDGE('',*,*,#16847,.F.);
#16849=ORIENTED_EDGE('',*,*,#16806,.T.);
#16850=ORIENTED_EDGE('',*,*,#10737,.F.);
#16851=ORIENTED_EDGE('',*,*,#16734,.F.);
#16852=EDGE_LOOP('',(#16848,#16849,#16850,#16851));
#16853=FACE_OUTER_BOUND('',#16852,.F.);
#16854=ADVANCED_FACE('',(#16853),#16846,.T.);
#16855=CARTESIAN_POINT('',(-3.2E-1,1.93E0,-3.6E0));
#16856=DIRECTION('',(0.E0,0.E0,1.E0));
#16857=DIRECTION('',(1.E0,0.E0,0.E0));
#16858=AXIS2_PLACEMENT_3D('',#16855,#16856,#16857);
#16859=PLANE('',#16858);
#16860=ORIENTED_EDGE('',*,*,#16753,.T.);
#16861=ORIENTED_EDGE('',*,*,#16579,.F.);
#16862=ORIENTED_EDGE('',*,*,#13263,.F.);
#16863=ORIENTED_EDGE('',*,*,#16643,.T.);
#16864=EDGE_LOOP('',(#16860,#16861,#16862,#16863));
#16865=FACE_OUTER_BOUND('',#16864,.F.);
#16866=ADVANCED_FACE('',(#16865),#16859,.F.);
#16867=CARTESIAN_POINT('',(-3.2E-1,1.93E0,-3.6E0));
#16868=DIRECTION('',(0.E0,0.E0,1.E0));
#16869=DIRECTION('',(1.E0,0.E0,0.E0));
#16870=AXIS2_PLACEMENT_3D('',#16867,#16868,#16869);
#16871=PLANE('',#16870);
#16872=ORIENTED_EDGE('',*,*,#16833,.F.);
#16873=ORIENTED_EDGE('',*,*,#16666,.T.);
#16874=ORIENTED_EDGE('',*,*,#13747,.T.);
#16875=ORIENTED_EDGE('',*,*,#16591,.F.);
#16876=EDGE_LOOP('',(#16872,#16873,#16874,#16875));
#16877=FACE_OUTER_BOUND('',#16876,.F.);
#16878=ADVANCED_FACE('',(#16877),#16871,.F.);
#16879=CARTESIAN_POINT('',(0.E0,-2.45E-1,2.26E0));
#16880=DIRECTION('',(0.E0,-9.363291775690E-1,3.511234415884E-1));
#16881=DIRECTION('',(0.E0,3.511234415884E-1,9.363291775690E-1));
#16882=AXIS2_PLACEMENT_3D('',#16879,#16880,#16881);
#16883=PLANE('',#16882);
#16885=ORIENTED_EDGE('',*,*,#16884,.F.);
#16887=ORIENTED_EDGE('',*,*,#16886,.F.);
#16888=ORIENTED_EDGE('',*,*,#16847,.T.);
#16890=ORIENTED_EDGE('',*,*,#16889,.F.);
#16891=EDGE_LOOP('',(#16885,#16887,#16888,#16890));
#16892=FACE_OUTER_BOUND('',#16891,.F.);
#16893=ADVANCED_FACE('',(#16892),#16883,.T.);
#16894=CARTESIAN_POINT('',(3.2E-1,3.2E-1,2.46E0));
#16895=DIRECTION('',(0.E0,0.E0,1.E0));
#16896=DIRECTION('',(0.E0,-1.E0,0.E0));
#16897=AXIS2_PLACEMENT_3D('',#16894,#16895,#16896);
#16898=PLANE('',#16897);
#16899=ORIENTED_EDGE('',*,*,#16884,.T.);
#16901=ORIENTED_EDGE('',*,*,#16900,.T.);
#16903=ORIENTED_EDGE('',*,*,#16902,.F.);
#16905=ORIENTED_EDGE('',*,*,#16904,.T.);
#16906=EDGE_LOOP('',(#16899,#16901,#16903,#16905));
#16907=FACE_OUTER_BOUND('',#16906,.F.);
#16908=ADVANCED_FACE('',(#16907),#16898,.T.);
#16909=CARTESIAN_POINT('',(-2.45E-1,0.E0,2.26E0));
#16910=DIRECTION('',(-9.363291775690E-1,0.E0,3.511234415884E-1));
#16911=DIRECTION('',(3.511234415884E-1,0.E0,9.363291775690E-1));
#16912=AXIS2_PLACEMENT_3D('',#16909,#16910,#16911);
#16913=PLANE('',#16912);
#16914=ORIENTED_EDGE('',*,*,#16732,.T.);
#16916=ORIENTED_EDGE('',*,*,#16915,.F.);
#16917=ORIENTED_EDGE('',*,*,#16900,.F.);
#16918=ORIENTED_EDGE('',*,*,#16889,.T.);
#16919=EDGE_LOOP('',(#16914,#16916,#16917,#16918));
#16920=FACE_OUTER_BOUND('',#16919,.F.);
#16921=ADVANCED_FACE('',(#16920),#16913,.T.);
#16922=CARTESIAN_POINT('',(0.E0,2.45E-1,2.26E0));
#16923=DIRECTION('',(0.E0,9.363291775690E-1,3.511234415884E-1));
#16924=DIRECTION('',(0.E0,3.511234415884E-1,-9.363291775690E-1));
#16925=AXIS2_PLACEMENT_3D('',#16922,#16923,#16924);
#16926=PLANE('',#16925);
#16928=ORIENTED_EDGE('',*,*,#16927,.F.);
#16930=ORIENTED_EDGE('',*,*,#16929,.F.);
#16931=ORIENTED_EDGE('',*,*,#16902,.T.);
#16932=ORIENTED_EDGE('',*,*,#16915,.T.);
#16933=EDGE_LOOP('',(#16928,#16930,#16931,#16932));
#16934=FACE_OUTER_BOUND('',#16933,.F.);
#16935=ADVANCED_FACE('',(#16934),#16926,.T.);
#16936=CARTESIAN_POINT('',(3.2E-1,3.2E-1,-2.49E0));
#16937=DIRECTION('',(0.E0,1.E0,0.E0));
#16938=DIRECTION('',(0.E0,0.E0,1.E0));
#16939=AXIS2_PLACEMENT_3D('',#16936,#16937,#16938);
#16940=PLANE('',#16939);
#16941=ORIENTED_EDGE('',*,*,#16927,.T.);
#16942=ORIENTED_EDGE('',*,*,#16737,.F.);
#16943=ORIENTED_EDGE('',*,*,#10733,.T.);
#16944=ORIENTED_EDGE('',*,*,#16803,.T.);
#16945=EDGE_LOOP('',(#16941,#16942,#16943,#16944));
#16946=FACE_OUTER_BOUND('',#16945,.F.);
#16947=ADVANCED_FACE('',(#16946),#16940,.T.);
#16948=CARTESIAN_POINT('',(2.45E-1,0.E0,2.26E0));
#16949=DIRECTION('',(9.363291775690E-1,0.E0,3.511234415884E-1));
#16950=DIRECTION('',(-3.511234415884E-1,0.E0,9.363291775690E-1));
#16951=AXIS2_PLACEMENT_3D('',#16948,#16949,#16950);
#16952=PLANE('',#16951);
#16953=ORIENTED_EDGE('',*,*,#16904,.F.);
#16954=ORIENTED_EDGE('',*,*,#16929,.T.);
#16955=ORIENTED_EDGE('',*,*,#16801,.T.);
#16956=ORIENTED_EDGE('',*,*,#16886,.T.);
#16957=EDGE_LOOP('',(#16953,#16954,#16955,#16956));
#16958=FACE_OUTER_BOUND('',#16957,.F.);
#16959=ADVANCED_FACE('',(#16958),#16952,.T.);
#16960=CARTESIAN_POINT('',(3.2E-1,-1.65E0,-4.59E0));
#16961=DIRECTION('',(1.E0,0.E0,0.E0));
#16962=DIRECTION('',(0.E0,0.E0,-1.E0));
#16963=AXIS2_PLACEMENT_3D('',#16960,#16961,#16962);
#16964=CYLINDRICAL_SURFACE('',#16963,8.9E-1);
#16965=ORIENTED_EDGE('',*,*,#16663,.F.);
#16966=ORIENTED_EDGE('',*,*,#16822,.F.);
#16967=ORIENTED_EDGE('',*,*,#16594,.T.);
#16968=ORIENTED_EDGE('',*,*,#16791,.T.);
#16970=ORIENTED_EDGE('',*,*,#16969,.T.);
#16971=ORIENTED_EDGE('',*,*,#16715,.F.);
#16972=EDGE_LOOP('',(#16965,#16966,#16967,#16968,#16970,#16971));
#16973=FACE_OUTER_BOUND('',#16972,.F.);
#16974=ADVANCED_FACE('',(#16973),#16964,.T.);
#16975=CARTESIAN_POINT('',(3.2E-1,-2.54E0,-4.59E0));
#16976=DIRECTION('',(0.E0,-1.E0,0.E0));
#16977=DIRECTION('',(0.E0,0.E0,-1.E0));
#16978=AXIS2_PLACEMENT_3D('',#16975,#16976,#16977);
#16979=PLANE('',#16978);
#16980=ORIENTED_EDGE('',*,*,#16789,.T.);
#16982=ORIENTED_EDGE('',*,*,#16981,.T.);
#16983=ORIENTED_EDGE('',*,*,#16717,.F.);
#16984=ORIENTED_EDGE('',*,*,#16969,.F.);
#16985=EDGE_LOOP('',(#16980,#16982,#16983,#16984));
#16986=FACE_OUTER_BOUND('',#16985,.F.);
#16987=ADVANCED_FACE('',(#16986),#16979,.T.);
#16988=CARTESIAN_POINT('',(3.2E-1,-2.22E0,-5.47E0));
#16989=DIRECTION('',(1.E0,0.E0,0.E0));
#16990=DIRECTION('',(0.E0,0.E0,-1.E0));
#16991=AXIS2_PLACEMENT_3D('',#16988,#16989,#16990);
#16992=CYLINDRICAL_SURFACE('',#16991,3.2E-1);
#16993=ORIENTED_EDGE('',*,*,#16787,.T.);
#16995=ORIENTED_EDGE('',*,*,#16994,.T.);
#16996=ORIENTED_EDGE('',*,*,#16719,.F.);
#16997=ORIENTED_EDGE('',*,*,#16981,.F.);
#16998=EDGE_LOOP('',(#16993,#16995,#16996,#16997));
#16999=FACE_OUTER_BOUND('',#16998,.F.);
#17000=ADVANCED_FACE('',(#16999),#16992,.T.);
#17001=CARTESIAN_POINT('',(3.2E-1,-1.9E0,-5.47E0));
#17002=DIRECTION('',(0.E0,1.E0,0.E0));
#17003=DIRECTION('',(0.E0,0.E0,1.E0));
#17004=AXIS2_PLACEMENT_3D('',#17001,#17002,#17003);
#17005=PLANE('',#17004);
#17006=ORIENTED_EDGE('',*,*,#16785,.T.);
#17007=ORIENTED_EDGE('',*,*,#16679,.T.);
#17008=ORIENTED_EDGE('',*,*,#16721,.F.);
#17009=ORIENTED_EDGE('',*,*,#16994,.F.);
#17010=EDGE_LOOP('',(#17006,#17007,#17008,#17009));
#17011=FACE_OUTER_BOUND('',#17010,.F.);
#17012=ADVANCED_FACE('',(#17011),#17005,.T.);
#17013=CARTESIAN_POINT('',(-2.68E0,1.93E0,-3.6E0));
#17014=DIRECTION('',(1.E0,0.E0,0.E0));
#17015=DIRECTION('',(0.E0,0.E0,-1.E0));
#17016=AXIS2_PLACEMENT_3D('',#17013,#17014,#17015);
#17017=PLANE('',#17016);
#17019=ORIENTED_EDGE('',*,*,#17018,.F.);
#17021=ORIENTED_EDGE('',*,*,#17020,.T.);
#17022=ORIENTED_EDGE('',*,*,#13756,.F.);
#17023=ORIENTED_EDGE('',*,*,#10062,.T.);
#17024=ORIENTED_EDGE('',*,*,#9349,.T.);
#17025=EDGE_LOOP('',(#17019,#17021,#17022,#17023,#17024));
#17026=FACE_OUTER_BOUND('',#17025,.F.);
#17027=ADVANCED_FACE('',(#17026),#17017,.F.);
#17028=CARTESIAN_POINT('',(-2.68E0,1.93E0,-3.6E0));
#17029=DIRECTION('',(1.E0,0.E0,0.E0));
#17030=DIRECTION('',(0.E0,0.E0,-1.E0));
#17031=AXIS2_PLACEMENT_3D('',#17028,#17029,#17030);
#17032=PLANE('',#17031);
#17034=ORIENTED_EDGE('',*,*,#17033,.T.);
#17035=ORIENTED_EDGE('',*,*,#11912,.T.);
#17036=ORIENTED_EDGE('',*,*,#12933,.T.);
#17037=ORIENTED_EDGE('',*,*,#13138,.T.);
#17038=ORIENTED_EDGE('',*,*,#13258,.T.);
#17040=ORIENTED_EDGE('',*,*,#17039,.T.);
#17041=EDGE_LOOP('',(#17034,#17035,#17036,#17037,#17038,#17040));
#17042=FACE_OUTER_BOUND('',#17041,.F.);
#17043=ADVANCED_FACE('',(#17042),#17032,.F.);
#17044=CARTESIAN_POINT('',(-2.68E0,1.93E0,-3.6E0));
#17045=DIRECTION('',(1.E0,0.E0,0.E0));
#17046=DIRECTION('',(0.E0,0.E0,-1.E0));
#17047=AXIS2_PLACEMENT_3D('',#17044,#17045,#17046);
#17048=PLANE('',#17047);
#17050=ORIENTED_EDGE('',*,*,#17049,.F.);
#17052=ORIENTED_EDGE('',*,*,#17051,.T.);
#17053=ORIENTED_EDGE('',*,*,#13760,.F.);
#17055=ORIENTED_EDGE('',*,*,#17054,.F.);
#17057=ORIENTED_EDGE('',*,*,#17056,.F.);
#17058=ORIENTED_EDGE('',*,*,#12241,.F.);
#17059=ORIENTED_EDGE('',*,*,#12483,.F.);
#17060=EDGE_LOOP('',(#17050,#17052,#17053,#17055,#17057,#17058,#17059));
#17061=FACE_OUTER_BOUND('',#17060,.F.);
#17062=ADVANCED_FACE('',(#17061),#17048,.F.);
#17063=CARTESIAN_POINT('',(-2.68E0,-1.65E0,-4.34E0));
#17064=DIRECTION('',(0.E0,0.E0,-1.E0));
#17065=DIRECTION('',(0.E0,1.E0,0.E0));
#17066=AXIS2_PLACEMENT_3D('',#17063,#17064,#17065);
#17067=PLANE('',#17066);
#17069=ORIENTED_EDGE('',*,*,#17068,.F.);
#17071=ORIENTED_EDGE('',*,*,#17070,.F.);
#17072=ORIENTED_EDGE('',*,*,#17018,.T.);
#17074=ORIENTED_EDGE('',*,*,#17073,.T.);
#17076=ORIENTED_EDGE('',*,*,#17075,.T.);
#17078=ORIENTED_EDGE('',*,*,#17077,.F.);
#17079=EDGE_LOOP('',(#17069,#17071,#17072,#17074,#17076,#17078));
#17080=FACE_OUTER_BOUND('',#17079,.F.);
#17081=ADVANCED_FACE('',(#17080),#17067,.T.);
#17082=CARTESIAN_POINT('',(-3.32E0,1.93E0,-4.95E0));
#17083=DIRECTION('',(-1.E0,0.E0,0.E0));
#17084=DIRECTION('',(0.E0,0.E0,1.E0));
#17085=AXIS2_PLACEMENT_3D('',#17082,#17083,#17084);
#17086=PLANE('',#17085);
#17087=ORIENTED_EDGE('',*,*,#17068,.T.);
#17088=ORIENTED_EDGE('',*,*,#9373,.F.);
#17089=ORIENTED_EDGE('',*,*,#10081,.F.);
#17090=ORIENTED_EDGE('',*,*,#13768,.T.);
#17092=ORIENTED_EDGE('',*,*,#17091,.F.);
#17093=EDGE_LOOP('',(#17087,#17088,#17089,#17090,#17092));
#17094=FACE_OUTER_BOUND('',#17093,.F.);
#17095=ADVANCED_FACE('',(#17094),#17086,.F.);
#17096=CARTESIAN_POINT('',(-3.32E0,1.93E0,-4.95E0));
#17097=DIRECTION('',(-1.E0,0.E0,0.E0));
#17098=DIRECTION('',(0.E0,0.E0,1.E0));
#17099=AXIS2_PLACEMENT_3D('',#17096,#17097,#17098);
#17100=PLANE('',#17099);
#17102=ORIENTED_EDGE('',*,*,#17101,.F.);
#17104=ORIENTED_EDGE('',*,*,#17103,.F.);
#17105=ORIENTED_EDGE('',*,*,#13254,.F.);
#17106=ORIENTED_EDGE('',*,*,#13156,.F.);
#17107=ORIENTED_EDGE('',*,*,#12951,.F.);
#17108=ORIENTED_EDGE('',*,*,#11943,.F.);
#17109=EDGE_LOOP('',(#17102,#17104,#17105,#17106,#17107,#17108));
#17110=FACE_OUTER_BOUND('',#17109,.F.);
#17111=ADVANCED_FACE('',(#17110),#17100,.F.);
#17112=CARTESIAN_POINT('',(-3.32E0,1.93E0,-4.95E0));
#17113=DIRECTION('',(-1.E0,0.E0,0.E0));
#17114=DIRECTION('',(0.E0,0.E0,1.E0));
#17115=AXIS2_PLACEMENT_3D('',#17112,#17113,#17114);
#17116=PLANE('',#17115);
#17118=ORIENTED_EDGE('',*,*,#17117,.T.);
#17119=ORIENTED_EDGE('',*,*,#12505,.T.);
#17120=ORIENTED_EDGE('',*,*,#12256,.T.);
#17122=ORIENTED_EDGE('',*,*,#17121,.T.);
#17124=ORIENTED_EDGE('',*,*,#17123,.T.);
#17125=ORIENTED_EDGE('',*,*,#13764,.T.);
#17127=ORIENTED_EDGE('',*,*,#17126,.F.);
#17128=EDGE_LOOP('',(#17118,#17119,#17120,#17122,#17124,#17125,#17127));
#17129=FACE_OUTER_BOUND('',#17128,.F.);
#17130=ADVANCED_FACE('',(#17129),#17116,.F.);
#17131=CARTESIAN_POINT('',(-2.68E0,-1.65E0,-4.59E0));
#17132=DIRECTION('',(1.E0,0.E0,0.E0));
#17133=DIRECTION('',(0.E0,0.E0,-1.E0));
#17134=AXIS2_PLACEMENT_3D('',#17131,#17132,#17133);
#17135=CYLINDRICAL_SURFACE('',#17134,2.5E-1);
#17136=ORIENTED_EDGE('',*,*,#17091,.T.);
#17138=ORIENTED_EDGE('',*,*,#17137,.F.);
#17140=ORIENTED_EDGE('',*,*,#17139,.F.);
#17142=ORIENTED_EDGE('',*,*,#17141,.T.);
#17143=ORIENTED_EDGE('',*,*,#17020,.F.);
#17144=ORIENTED_EDGE('',*,*,#17070,.T.);
#17145=EDGE_LOOP('',(#17136,#17138,#17140,#17142,#17143,#17144));
#17146=FACE_OUTER_BOUND('',#17145,.F.);
#17147=ADVANCED_FACE('',(#17146),#17135,.F.);
#17148=CARTESIAN_POINT('',(-3.32E0,0.E0,0.E0));
#17149=DIRECTION('',(1.E0,0.E0,0.E0));
#17150=DIRECTION('',(0.E0,0.E0,-1.E0));
#17151=AXIS2_PLACEMENT_3D('',#17148,#17149,#17150);
#17152=PLANE('',#17151);
#17153=ORIENTED_EDGE('',*,*,#9375,.F.);
#17154=ORIENTED_EDGE('',*,*,#17077,.T.);
#17156=ORIENTED_EDGE('',*,*,#17155,.T.);
#17157=ORIENTED_EDGE('',*,*,#11941,.F.);
#17158=ORIENTED_EDGE('',*,*,#12717,.F.);
#17159=ORIENTED_EDGE('',*,*,#12507,.T.);
#17161=ORIENTED_EDGE('',*,*,#17160,.T.);
#17163=ORIENTED_EDGE('',*,*,#17162,.T.);
#17164=ORIENTED_EDGE('',*,*,#12254,.T.);
#17165=ORIENTED_EDGE('',*,*,#11925,.F.);
#17166=EDGE_LOOP('',(#17153,#17154,#17156,#17157,#17158,#17159,#17161,#17163,
#17164,#17165));
#17167=FACE_OUTER_BOUND('',#17166,.F.);
#17168=ADVANCED_FACE('',(#17167),#17152,.F.);
#17169=CARTESIAN_POINT('',(-3.32E0,0.E0,0.E0));
#17170=DIRECTION('',(1.E0,0.E0,0.E0));
#17171=DIRECTION('',(0.E0,0.E0,-1.E0));
#17172=AXIS2_PLACEMENT_3D('',#17169,#17170,#17171);
#17173=PLANE('',#17172);
#17174=ORIENTED_EDGE('',*,*,#13766,.F.);
#17176=ORIENTED_EDGE('',*,*,#17175,.T.);
#17178=ORIENTED_EDGE('',*,*,#17177,.T.);
#17180=ORIENTED_EDGE('',*,*,#17179,.T.);
#17182=ORIENTED_EDGE('',*,*,#17181,.T.);
#17183=ORIENTED_EDGE('',*,*,#17137,.T.);
#17184=EDGE_LOOP('',(#17174,#17176,#17178,#17180,#17182,#17183));
#17185=FACE_OUTER_BOUND('',#17184,.F.);
#17186=ADVANCED_FACE('',(#17185),#17173,.F.);
#17187=CARTESIAN_POINT('',(-3.32E0,0.E0,0.E0));
#17188=DIRECTION('',(1.E0,0.E0,0.E0));
#17189=DIRECTION('',(0.E0,0.E0,-1.E0));
#17190=AXIS2_PLACEMENT_3D('',#17187,#17188,#17189);
#17191=PLANE('',#17190);
#17193=ORIENTED_EDGE('',*,*,#17192,.F.);
#17195=ORIENTED_EDGE('',*,*,#17194,.T.);
#17196=ORIENTED_EDGE('',*,*,#10707,.T.);
#17198=ORIENTED_EDGE('',*,*,#17197,.T.);
#17199=EDGE_LOOP('',(#17193,#17195,#17196,#17198));
#17200=FACE_OUTER_BOUND('',#17199,.F.);
#17201=ADVANCED_FACE('',(#17200),#17191,.F.);
#17202=CARTESIAN_POINT('',(-2.68E0,1.055E0,-4.34E0));
#17203=DIRECTION('',(0.E0,1.E0,0.E0));
#17204=DIRECTION('',(0.E0,0.E0,1.E0));
#17205=AXIS2_PLACEMENT_3D('',#17202,#17203,#17204);
#17206=PLANE('',#17205);
#17207=ORIENTED_EDGE('',*,*,#17101,.T.);
#17208=ORIENTED_EDGE('',*,*,#17155,.F.);
#17209=ORIENTED_EDGE('',*,*,#17075,.F.);
#17211=ORIENTED_EDGE('',*,*,#17210,.T.);
#17212=ORIENTED_EDGE('',*,*,#17033,.F.);
#17214=ORIENTED_EDGE('',*,*,#17213,.F.);
#17215=EDGE_LOOP('',(#17207,#17208,#17209,#17211,#17212,#17214));
#17216=FACE_OUTER_BOUND('',#17215,.F.);
#17217=ADVANCED_FACE('',(#17216),#17206,.T.);
#17218=CARTESIAN_POINT('',(-2.68E0,0.E0,0.E0));
#17219=DIRECTION('',(1.E0,0.E0,0.E0));
#17220=DIRECTION('',(0.E0,0.E0,-1.E0));
#17221=AXIS2_PLACEMENT_3D('',#17218,#17219,#17220);
#17222=PLANE('',#17221);
#17223=ORIENTED_EDGE('',*,*,#9359,.T.);
#17224=ORIENTED_EDGE('',*,*,#11894,.T.);
#17225=ORIENTED_EDGE('',*,*,#12243,.F.);
#17227=ORIENTED_EDGE('',*,*,#17226,.F.);
#17229=ORIENTED_EDGE('',*,*,#17228,.F.);
#17230=ORIENTED_EDGE('',*,*,#12492,.F.);
#17231=ORIENTED_EDGE('',*,*,#12706,.T.);
#17232=ORIENTED_EDGE('',*,*,#11914,.T.);
#17233=ORIENTED_EDGE('',*,*,#17210,.F.);
#17234=ORIENTED_EDGE('',*,*,#17073,.F.);
#17235=EDGE_LOOP('',(#17223,#17224,#17225,#17227,#17229,#17230,#17231,#17232,
#17233,#17234));
#17236=FACE_OUTER_BOUND('',#17235,.F.);
#17237=ADVANCED_FACE('',(#17236),#17222,.T.);
#17238=CARTESIAN_POINT('',(-2.68E0,0.E0,0.E0));
#17239=DIRECTION('',(1.E0,0.E0,0.E0));
#17240=DIRECTION('',(0.E0,0.E0,-1.E0));
#17241=AXIS2_PLACEMENT_3D('',#17238,#17239,#17240);
#17242=PLANE('',#17241);
#17243=ORIENTED_EDGE('',*,*,#13758,.T.);
#17244=ORIENTED_EDGE('',*,*,#17141,.F.);
#17246=ORIENTED_EDGE('',*,*,#17245,.F.);
#17248=ORIENTED_EDGE('',*,*,#17247,.F.);
#17250=ORIENTED_EDGE('',*,*,#17249,.F.);
#17252=ORIENTED_EDGE('',*,*,#17251,.F.);
#17253=EDGE_LOOP('',(#17243,#17244,#17246,#17248,#17250,#17252));
#17254=FACE_OUTER_BOUND('',#17253,.F.);
#17255=ADVANCED_FACE('',(#17254),#17242,.T.);
#17256=CARTESIAN_POINT('',(-2.68E0,0.E0,0.E0));
#17257=DIRECTION('',(1.E0,0.E0,0.E0));
#17258=DIRECTION('',(0.E0,0.E0,-1.E0));
#17259=AXIS2_PLACEMENT_3D('',#17256,#17257,#17258);
#17260=PLANE('',#17259);
#17262=ORIENTED_EDGE('',*,*,#17261,.F.);
#17264=ORIENTED_EDGE('',*,*,#17263,.F.);
#17265=ORIENTED_EDGE('',*,*,#10703,.F.);
#17267=ORIENTED_EDGE('',*,*,#17266,.F.);
#17268=EDGE_LOOP('',(#17262,#17264,#17265,#17267));
#17269=FACE_OUTER_BOUND('',#17268,.F.);
#17270=ADVANCED_FACE('',(#17269),#17260,.T.);
#17271=CARTESIAN_POINT('',(-2.68E0,-3.2E-1,-3.7E0));
#17272=DIRECTION('',(0.E0,0.E0,1.E0));
#17273=DIRECTION('',(0.E0,-1.E0,0.E0));
#17274=AXIS2_PLACEMENT_3D('',#17271,#17272,#17273);
#17275=PLANE('',#17274);
#17276=ORIENTED_EDGE('',*,*,#17121,.F.);
#17277=ORIENTED_EDGE('',*,*,#17162,.F.);
#17279=ORIENTED_EDGE('',*,*,#17278,.F.);
#17280=ORIENTED_EDGE('',*,*,#17226,.T.);
#17281=ORIENTED_EDGE('',*,*,#17056,.T.);
#17283=ORIENTED_EDGE('',*,*,#17282,.T.);
#17284=EDGE_LOOP('',(#17276,#17277,#17279,#17280,#17281,#17283));
#17285=FACE_OUTER_BOUND('',#17284,.F.);
#17286=ADVANCED_FACE('',(#17285),#17275,.T.);
#17287=CARTESIAN_POINT('',(-2.68E0,-3.2E-1,2.46E0));
#17288=DIRECTION('',(0.E0,-1.E0,0.E0));
#17289=DIRECTION('',(0.E0,0.E0,-1.E0));
#17290=AXIS2_PLACEMENT_3D('',#17287,#17288,#17289);
#17291=PLANE('',#17290);
#17292=ORIENTED_EDGE('',*,*,#17117,.F.);
#17294=ORIENTED_EDGE('',*,*,#17293,.T.);
#17295=ORIENTED_EDGE('',*,*,#17049,.T.);
#17296=ORIENTED_EDGE('',*,*,#17228,.T.);
#17297=ORIENTED_EDGE('',*,*,#17278,.T.);
#17298=ORIENTED_EDGE('',*,*,#17160,.F.);
#17299=EDGE_LOOP('',(#17292,#17294,#17295,#17296,#17297,#17298));
#17300=FACE_OUTER_BOUND('',#17299,.F.);
#17301=ADVANCED_FACE('',(#17300),#17291,.T.);
#17302=CARTESIAN_POINT('',(-2.68E0,-3.2E-1,2.46E0));
#17303=DIRECTION('',(0.E0,-1.E0,0.E0));
#17304=DIRECTION('',(0.E0,0.E0,-1.E0));
#17305=AXIS2_PLACEMENT_3D('',#17302,#17303,#17304);
#17306=PLANE('',#17305);
#17308=ORIENTED_EDGE('',*,*,#17307,.F.);
#17309=ORIENTED_EDGE('',*,*,#17266,.T.);
#17310=ORIENTED_EDGE('',*,*,#10709,.F.);
#17311=ORIENTED_EDGE('',*,*,#17194,.F.);
#17312=EDGE_LOOP('',(#17308,#17309,#17310,#17311));
#17313=FACE_OUTER_BOUND('',#17312,.F.);
#17314=ADVANCED_FACE('',(#17313),#17306,.T.);
#17315=CARTESIAN_POINT('',(-3.32E0,1.93E0,-3.6E0));
#17316=DIRECTION('',(0.E0,0.E0,1.E0));
#17317=DIRECTION('',(1.E0,0.E0,0.E0));
#17318=AXIS2_PLACEMENT_3D('',#17315,#17316,#17317);
#17319=PLANE('',#17318);
#17320=ORIENTED_EDGE('',*,*,#17213,.T.);
#17321=ORIENTED_EDGE('',*,*,#17039,.F.);
#17322=ORIENTED_EDGE('',*,*,#13256,.F.);
#17323=ORIENTED_EDGE('',*,*,#17103,.T.);
#17324=EDGE_LOOP('',(#17320,#17321,#17322,#17323));
#17325=FACE_OUTER_BOUND('',#17324,.F.);
#17326=ADVANCED_FACE('',(#17325),#17319,.F.);
#17327=CARTESIAN_POINT('',(-3.32E0,1.93E0,-3.6E0));
#17328=DIRECTION('',(0.E0,0.E0,1.E0));
#17329=DIRECTION('',(1.E0,0.E0,0.E0));
#17330=AXIS2_PLACEMENT_3D('',#17327,#17328,#17329);
#17331=PLANE('',#17330);
#17332=ORIENTED_EDGE('',*,*,#17293,.F.);
#17333=ORIENTED_EDGE('',*,*,#17126,.T.);
#17334=ORIENTED_EDGE('',*,*,#13762,.T.);
#17335=ORIENTED_EDGE('',*,*,#17051,.F.);
#17336=EDGE_LOOP('',(#17332,#17333,#17334,#17335));
#17337=FACE_OUTER_BOUND('',#17336,.F.);
#17338=ADVANCED_FACE('',(#17337),#17331,.F.);
#17339=CARTESIAN_POINT('',(-3.E0,-2.45E-1,2.26E0));
#17340=DIRECTION('',(0.E0,-9.363291775690E-1,3.511234415884E-1));
#17341=DIRECTION('',(0.E0,3.511234415884E-1,9.363291775690E-1));
#17342=AXIS2_PLACEMENT_3D('',#17339,#17340,#17341);
#17343=PLANE('',#17342);
#17345=ORIENTED_EDGE('',*,*,#17344,.F.);
#17347=ORIENTED_EDGE('',*,*,#17346,.F.);
#17348=ORIENTED_EDGE('',*,*,#17307,.T.);
#17350=ORIENTED_EDGE('',*,*,#17349,.F.);
#17351=EDGE_LOOP('',(#17345,#17347,#17348,#17350));
#17352=FACE_OUTER_BOUND('',#17351,.F.);
#17353=ADVANCED_FACE('',(#17352),#17343,.T.);
#17354=CARTESIAN_POINT('',(-2.68E0,3.2E-1,2.46E0));
#17355=DIRECTION('',(0.E0,0.E0,1.E0));
#17356=DIRECTION('',(0.E0,-1.E0,0.E0));
#17357=AXIS2_PLACEMENT_3D('',#17354,#17355,#17356);
#17358=PLANE('',#17357);
#17359=ORIENTED_EDGE('',*,*,#17344,.T.);
#17361=ORIENTED_EDGE('',*,*,#17360,.T.);
#17363=ORIENTED_EDGE('',*,*,#17362,.F.);
#17365=ORIENTED_EDGE('',*,*,#17364,.T.);
#17366=EDGE_LOOP('',(#17359,#17361,#17363,#17365));
#17367=FACE_OUTER_BOUND('',#17366,.F.);
#17368=ADVANCED_FACE('',(#17367),#17358,.T.);
#17369=CARTESIAN_POINT('',(-3.245E0,0.E0,2.26E0));
#17370=DIRECTION('',(-9.363291775690E-1,0.E0,3.511234415884E-1));
#17371=DIRECTION('',(3.511234415884E-1,0.E0,9.363291775690E-1));
#17372=AXIS2_PLACEMENT_3D('',#17369,#17370,#17371);
#17373=PLANE('',#17372);
#17374=ORIENTED_EDGE('',*,*,#17192,.T.);
#17376=ORIENTED_EDGE('',*,*,#17375,.F.);
#17377=ORIENTED_EDGE('',*,*,#17360,.F.);
#17378=ORIENTED_EDGE('',*,*,#17349,.T.);
#17379=EDGE_LOOP('',(#17374,#17376,#17377,#17378));
#17380=FACE_OUTER_BOUND('',#17379,.F.);
#17381=ADVANCED_FACE('',(#17380),#17373,.T.);
#17382=CARTESIAN_POINT('',(-3.E0,2.45E-1,2.26E0));
#17383=DIRECTION('',(0.E0,9.363291775690E-1,3.511234415884E-1));
#17384=DIRECTION('',(0.E0,3.511234415884E-1,-9.363291775690E-1));
#17385=AXIS2_PLACEMENT_3D('',#17382,#17383,#17384);
#17386=PLANE('',#17385);
#17388=ORIENTED_EDGE('',*,*,#17387,.F.);
#17390=ORIENTED_EDGE('',*,*,#17389,.F.);
#17391=ORIENTED_EDGE('',*,*,#17362,.T.);
#17392=ORIENTED_EDGE('',*,*,#17375,.T.);
#17393=EDGE_LOOP('',(#17388,#17390,#17391,#17392));
#17394=FACE_OUTER_BOUND('',#17393,.F.);
#17395=ADVANCED_FACE('',(#17394),#17386,.T.);
#17396=CARTESIAN_POINT('',(-2.68E0,3.2E-1,-2.49E0));
#17397=DIRECTION('',(0.E0,1.E0,0.E0));
#17398=DIRECTION('',(0.E0,0.E0,1.E0));
#17399=AXIS2_PLACEMENT_3D('',#17396,#17397,#17398);
#17400=PLANE('',#17399);
#17401=ORIENTED_EDGE('',*,*,#17387,.T.);
#17402=ORIENTED_EDGE('',*,*,#17197,.F.);
#17403=ORIENTED_EDGE('',*,*,#10705,.T.);
#17404=ORIENTED_EDGE('',*,*,#17263,.T.);
#17405=EDGE_LOOP('',(#17401,#17402,#17403,#17404));
#17406=FACE_OUTER_BOUND('',#17405,.F.);
#17407=ADVANCED_FACE('',(#17406),#17400,.T.);
#17408=CARTESIAN_POINT('',(-2.755E0,-1.065814103640E-14,2.26E0));
#17409=DIRECTION('',(9.363291775690E-1,0.E0,3.511234415884E-1));
#17410=DIRECTION('',(-3.511234415884E-1,0.E0,9.363291775690E-1));
#17411=AXIS2_PLACEMENT_3D('',#17408,#17409,#17410);
#17412=PLANE('',#17411);
#17413=ORIENTED_EDGE('',*,*,#17364,.F.);
#17414=ORIENTED_EDGE('',*,*,#17389,.T.);
#17415=ORIENTED_EDGE('',*,*,#17261,.T.);
#17416=ORIENTED_EDGE('',*,*,#17346,.T.);
#17417=EDGE_LOOP('',(#17413,#17414,#17415,#17416));
#17418=FACE_OUTER_BOUND('',#17417,.F.);
#17419=ADVANCED_FACE('',(#17418),#17412,.T.);
#17420=CARTESIAN_POINT('',(-2.68E0,-1.65E0,-4.59E0));
#17421=DIRECTION('',(1.E0,0.E0,0.E0));
#17422=DIRECTION('',(0.E0,0.E0,-1.E0));
#17423=AXIS2_PLACEMENT_3D('',#17420,#17421,#17422);
#17424=CYLINDRICAL_SURFACE('',#17423,8.9E-1);
#17425=ORIENTED_EDGE('',*,*,#17123,.F.);
#17426=ORIENTED_EDGE('',*,*,#17282,.F.);
#17427=ORIENTED_EDGE('',*,*,#17054,.T.);
#17428=ORIENTED_EDGE('',*,*,#17251,.T.);
#17430=ORIENTED_EDGE('',*,*,#17429,.T.);
#17431=ORIENTED_EDGE('',*,*,#17175,.F.);
#17432=EDGE_LOOP('',(#17425,#17426,#17427,#17428,#17430,#17431));
#17433=FACE_OUTER_BOUND('',#17432,.F.);
#17434=ADVANCED_FACE('',(#17433),#17424,.T.);
#17435=CARTESIAN_POINT('',(-2.68E0,-2.54E0,-4.59E0));
#17436=DIRECTION('',(0.E0,-1.E0,0.E0));
#17437=DIRECTION('',(0.E0,0.E0,-1.E0));
#17438=AXIS2_PLACEMENT_3D('',#17435,#17436,#17437);
#17439=PLANE('',#17438);
#17440=ORIENTED_EDGE('',*,*,#17249,.T.);
#17442=ORIENTED_EDGE('',*,*,#17441,.T.);
#17443=ORIENTED_EDGE('',*,*,#17177,.F.);
#17444=ORIENTED_EDGE('',*,*,#17429,.F.);
#17445=EDGE_LOOP('',(#17440,#17442,#17443,#17444));
#17446=FACE_OUTER_BOUND('',#17445,.F.);
#17447=ADVANCED_FACE('',(#17446),#17439,.T.);
#17448=CARTESIAN_POINT('',(-2.68E0,-2.22E0,-5.47E0));
#17449=DIRECTION('',(1.E0,0.E0,0.E0));
#17450=DIRECTION('',(0.E0,0.E0,-1.E0));
#17451=AXIS2_PLACEMENT_3D('',#17448,#17449,#17450);
#17452=CYLINDRICAL_SURFACE('',#17451,3.2E-1);
#17453=ORIENTED_EDGE('',*,*,#17247,.T.);
#17455=ORIENTED_EDGE('',*,*,#17454,.T.);
#17456=ORIENTED_EDGE('',*,*,#17179,.F.);
#17457=ORIENTED_EDGE('',*,*,#17441,.F.);
#17458=EDGE_LOOP('',(#17453,#17455,#17456,#17457));
#17459=FACE_OUTER_BOUND('',#17458,.F.);
#17460=ADVANCED_FACE('',(#17459),#17452,.T.);
#17461=CARTESIAN_POINT('',(-2.68E0,-1.9E0,-5.47E0));
#17462=DIRECTION('',(0.E0,1.E0,0.E0));
#17463=DIRECTION('',(0.E0,0.E0,1.E0));
#17464=AXIS2_PLACEMENT_3D('',#17461,#17462,#17463);
#17465=PLANE('',#17464);
#17466=ORIENTED_EDGE('',*,*,#17245,.T.);
#17467=ORIENTED_EDGE('',*,*,#17139,.T.);
#17468=ORIENTED_EDGE('',*,*,#17181,.F.);
#17469=ORIENTED_EDGE('',*,*,#17454,.F.);
#17470=EDGE_LOOP('',(#17466,#17467,#17468,#17469));
#17471=FACE_OUTER_BOUND('',#17470,.F.);
#17472=ADVANCED_FACE('',(#17471),#17465,.T.);
#17473=CARTESIAN_POINT('',(-5.68E0,1.93E0,-3.6E0));
#17474=DIRECTION('',(1.E0,0.E0,0.E0));
#17475=DIRECTION('',(0.E0,0.E0,-1.E0));
#17476=AXIS2_PLACEMENT_3D('',#17473,#17474,#17475);
#17477=PLANE('',#17476);
#17479=ORIENTED_EDGE('',*,*,#17478,.F.);
#17481=ORIENTED_EDGE('',*,*,#17480,.T.);
#17482=ORIENTED_EDGE('',*,*,#13771,.F.);
#17483=ORIENTED_EDGE('',*,*,#10077,.T.);
#17484=ORIENTED_EDGE('',*,*,#9369,.T.);
#17485=EDGE_LOOP('',(#17479,#17481,#17482,#17483,#17484));
#17486=FACE_OUTER_BOUND('',#17485,.F.);
#17487=ADVANCED_FACE('',(#17486),#17477,.F.);
#17488=CARTESIAN_POINT('',(-5.68E0,1.93E0,-3.6E0));
#17489=DIRECTION('',(1.E0,0.E0,0.E0));
#17490=DIRECTION('',(0.E0,0.E0,-1.E0));
#17491=AXIS2_PLACEMENT_3D('',#17488,#17489,#17490);
#17492=PLANE('',#17491);
#17494=ORIENTED_EDGE('',*,*,#17493,.T.);
#17495=ORIENTED_EDGE('',*,*,#11947,.T.);
#17496=ORIENTED_EDGE('',*,*,#12948,.T.);
#17497=ORIENTED_EDGE('',*,*,#13153,.T.);
#17498=ORIENTED_EDGE('',*,*,#13251,.T.);
#17500=ORIENTED_EDGE('',*,*,#17499,.T.);
#17501=EDGE_LOOP('',(#17494,#17495,#17496,#17497,#17498,#17500));
#17502=FACE_OUTER_BOUND('',#17501,.F.);
#17503=ADVANCED_FACE('',(#17502),#17492,.F.);
#17504=CARTESIAN_POINT('',(-5.68E0,1.93E0,-3.6E0));
#17505=DIRECTION('',(1.E0,0.E0,0.E0));
#17506=DIRECTION('',(0.E0,0.E0,-1.E0));
#17507=AXIS2_PLACEMENT_3D('',#17504,#17505,#17506);
#17508=PLANE('',#17507);
#17510=ORIENTED_EDGE('',*,*,#17509,.F.);
#17512=ORIENTED_EDGE('',*,*,#17511,.T.);
#17513=ORIENTED_EDGE('',*,*,#13775,.F.);
#17515=ORIENTED_EDGE('',*,*,#17514,.F.);
#17517=ORIENTED_EDGE('',*,*,#17516,.F.);
#17518=ORIENTED_EDGE('',*,*,#12260,.F.);
#17519=ORIENTED_EDGE('',*,*,#12502,.F.);
#17520=EDGE_LOOP('',(#17510,#17512,#17513,#17515,#17517,#17518,#17519));
#17521=FACE_OUTER_BOUND('',#17520,.F.);
#17522=ADVANCED_FACE('',(#17521),#17508,.F.);
#17523=CARTESIAN_POINT('',(-5.68E0,-1.65E0,-4.34E0));
#17524=DIRECTION('',(0.E0,0.E0,-1.E0));
#17525=DIRECTION('',(0.E0,1.E0,0.E0));
#17526=AXIS2_PLACEMENT_3D('',#17523,#17524,#17525);
#17527=PLANE('',#17526);
#17529=ORIENTED_EDGE('',*,*,#17528,.F.);
#17531=ORIENTED_EDGE('',*,*,#17530,.F.);
#17532=ORIENTED_EDGE('',*,*,#17478,.T.);
#17534=ORIENTED_EDGE('',*,*,#17533,.T.);
#17536=ORIENTED_EDGE('',*,*,#17535,.T.);
#17538=ORIENTED_EDGE('',*,*,#17537,.F.);
#17539=EDGE_LOOP('',(#17529,#17531,#17532,#17534,#17536,#17538));
#17540=FACE_OUTER_BOUND('',#17539,.F.);
#17541=ADVANCED_FACE('',(#17540),#17527,.T.);
#17542=CARTESIAN_POINT('',(-6.32E0,1.93E0,-4.95E0));
#17543=DIRECTION('',(-1.E0,0.E0,0.E0));
#17544=DIRECTION('',(0.E0,0.E0,1.E0));
#17545=AXIS2_PLACEMENT_3D('',#17542,#17543,#17544);
#17546=PLANE('',#17545);
#17547=ORIENTED_EDGE('',*,*,#17528,.T.);
#17548=ORIENTED_EDGE('',*,*,#9393,.F.);
#17549=ORIENTED_EDGE('',*,*,#10096,.F.);
#17550=ORIENTED_EDGE('',*,*,#13783,.T.);
#17552=ORIENTED_EDGE('',*,*,#17551,.F.);
#17553=EDGE_LOOP('',(#17547,#17548,#17549,#17550,#17552));
#17554=FACE_OUTER_BOUND('',#17553,.F.);
#17555=ADVANCED_FACE('',(#17554),#17546,.F.);
#17556=CARTESIAN_POINT('',(-6.32E0,1.93E0,-4.95E0));
#17557=DIRECTION('',(-1.E0,0.E0,0.E0));
#17558=DIRECTION('',(0.E0,0.E0,1.E0));
#17559=AXIS2_PLACEMENT_3D('',#17556,#17557,#17558);
#17560=PLANE('',#17559);
#17562=ORIENTED_EDGE('',*,*,#17561,.F.);
#17564=ORIENTED_EDGE('',*,*,#17563,.F.);
#17565=ORIENTED_EDGE('',*,*,#13247,.F.);
#17566=ORIENTED_EDGE('',*,*,#13171,.F.);
#17567=ORIENTED_EDGE('',*,*,#12966,.F.);
#17568=ORIENTED_EDGE('',*,*,#11978,.F.);
#17569=EDGE_LOOP('',(#17562,#17564,#17565,#17566,#17567,#17568));
#17570=FACE_OUTER_BOUND('',#17569,.F.);
#17571=ADVANCED_FACE('',(#17570),#17560,.F.);
#17572=CARTESIAN_POINT('',(-6.32E0,1.93E0,-4.95E0));
#17573=DIRECTION('',(-1.E0,0.E0,0.E0));
#17574=DIRECTION('',(0.E0,0.E0,1.E0));
#17575=AXIS2_PLACEMENT_3D('',#17572,#17573,#17574);
#17576=PLANE('',#17575);
#17578=ORIENTED_EDGE('',*,*,#17577,.T.);
#17579=ORIENTED_EDGE('',*,*,#12524,.T.);
#17580=ORIENTED_EDGE('',*,*,#12275,.T.);
#17582=ORIENTED_EDGE('',*,*,#17581,.T.);
#17584=ORIENTED_EDGE('',*,*,#17583,.T.);
#17585=ORIENTED_EDGE('',*,*,#13779,.T.);
#17587=ORIENTED_EDGE('',*,*,#17586,.F.);
#17588=EDGE_LOOP('',(#17578,#17579,#17580,#17582,#17584,#17585,#17587));
#17589=FACE_OUTER_BOUND('',#17588,.F.);
#17590=ADVANCED_FACE('',(#17589),#17576,.F.);
#17591=CARTESIAN_POINT('',(-5.68E0,-1.65E0,-4.59E0));
#17592=DIRECTION('',(1.E0,0.E0,0.E0));
#17593=DIRECTION('',(0.E0,0.E0,-1.E0));
#17594=AXIS2_PLACEMENT_3D('',#17591,#17592,#17593);
#17595=CYLINDRICAL_SURFACE('',#17594,2.5E-1);
#17596=ORIENTED_EDGE('',*,*,#17551,.T.);
#17598=ORIENTED_EDGE('',*,*,#17597,.F.);
#17600=ORIENTED_EDGE('',*,*,#17599,.F.);
#17602=ORIENTED_EDGE('',*,*,#17601,.T.);
#17603=ORIENTED_EDGE('',*,*,#17480,.F.);
#17604=ORIENTED_EDGE('',*,*,#17530,.T.);
#17605=EDGE_LOOP('',(#17596,#17598,#17600,#17602,#17603,#17604));
#17606=FACE_OUTER_BOUND('',#17605,.F.);
#17607=ADVANCED_FACE('',(#17606),#17595,.F.);
#17608=CARTESIAN_POINT('',(-6.32E0,0.E0,0.E0));
#17609=DIRECTION('',(1.E0,0.E0,0.E0));
#17610=DIRECTION('',(0.E0,0.E0,-1.E0));
#17611=AXIS2_PLACEMENT_3D('',#17608,#17609,#17610);
#17612=PLANE('',#17611);
#17613=ORIENTED_EDGE('',*,*,#9395,.F.);
#17614=ORIENTED_EDGE('',*,*,#17537,.T.);
#17616=ORIENTED_EDGE('',*,*,#17615,.T.);
#17617=ORIENTED_EDGE('',*,*,#11976,.F.);
#17618=ORIENTED_EDGE('',*,*,#12731,.F.);
#17619=ORIENTED_EDGE('',*,*,#12526,.T.);
#17621=ORIENTED_EDGE('',*,*,#17620,.T.);
#17623=ORIENTED_EDGE('',*,*,#17622,.T.);
#17624=ORIENTED_EDGE('',*,*,#12273,.T.);
#17625=ORIENTED_EDGE('',*,*,#11960,.F.);
#17626=EDGE_LOOP('',(#17613,#17614,#17616,#17617,#17618,#17619,#17621,#17623,
#17624,#17625));
#17627=FACE_OUTER_BOUND('',#17626,.F.);
#17628=ADVANCED_FACE('',(#17627),#17612,.F.);
#17629=CARTESIAN_POINT('',(-6.32E0,0.E0,0.E0));
#17630=DIRECTION('',(1.E0,0.E0,0.E0));
#17631=DIRECTION('',(0.E0,0.E0,-1.E0));
#17632=AXIS2_PLACEMENT_3D('',#17629,#17630,#17631);
#17633=PLANE('',#17632);
#17634=ORIENTED_EDGE('',*,*,#13781,.F.);
#17636=ORIENTED_EDGE('',*,*,#17635,.T.);
#17638=ORIENTED_EDGE('',*,*,#17637,.T.);
#17640=ORIENTED_EDGE('',*,*,#17639,.T.);
#17642=ORIENTED_EDGE('',*,*,#17641,.T.);
#17643=ORIENTED_EDGE('',*,*,#17597,.T.);
#17644=EDGE_LOOP('',(#17634,#17636,#17638,#17640,#17642,#17643));
#17645=FACE_OUTER_BOUND('',#17644,.F.);
#17646=ADVANCED_FACE('',(#17645),#17633,.F.);
#17647=CARTESIAN_POINT('',(-6.32E0,0.E0,0.E0));
#17648=DIRECTION('',(1.E0,0.E0,0.E0));
#17649=DIRECTION('',(0.E0,0.E0,-1.E0));
#17650=AXIS2_PLACEMENT_3D('',#17647,#17648,#17649);
#17651=PLANE('',#17650);
#17653=ORIENTED_EDGE('',*,*,#17652,.F.);
#17655=ORIENTED_EDGE('',*,*,#17654,.T.);
#17656=ORIENTED_EDGE('',*,*,#10679,.T.);
#17658=ORIENTED_EDGE('',*,*,#17657,.T.);
#17659=EDGE_LOOP('',(#17653,#17655,#17656,#17658));
#17660=FACE_OUTER_BOUND('',#17659,.F.);
#17661=ADVANCED_FACE('',(#17660),#17651,.F.);
#17662=CARTESIAN_POINT('',(-5.68E0,1.055E0,-4.34E0));
#17663=DIRECTION('',(0.E0,1.E0,0.E0));
#17664=DIRECTION('',(0.E0,0.E0,1.E0));
#17665=AXIS2_PLACEMENT_3D('',#17662,#17663,#17664);
#17666=PLANE('',#17665);
#17667=ORIENTED_EDGE('',*,*,#17561,.T.);
#17668=ORIENTED_EDGE('',*,*,#17615,.F.);
#17669=ORIENTED_EDGE('',*,*,#17535,.F.);
#17671=ORIENTED_EDGE('',*,*,#17670,.T.);
#17672=ORIENTED_EDGE('',*,*,#17493,.F.);
#17674=ORIENTED_EDGE('',*,*,#17673,.F.);
#17675=EDGE_LOOP('',(#17667,#17668,#17669,#17671,#17672,#17674));
#17676=FACE_OUTER_BOUND('',#17675,.F.);
#17677=ADVANCED_FACE('',(#17676),#17666,.T.);
#17678=CARTESIAN_POINT('',(-5.68E0,0.E0,0.E0));
#17679=DIRECTION('',(1.E0,0.E0,0.E0));
#17680=DIRECTION('',(0.E0,0.E0,-1.E0));
#17681=AXIS2_PLACEMENT_3D('',#17678,#17679,#17680);
#17682=PLANE('',#17681);
#17683=ORIENTED_EDGE('',*,*,#9379,.T.);
#17684=ORIENTED_EDGE('',*,*,#11929,.T.);
#17685=ORIENTED_EDGE('',*,*,#12262,.F.);
#17687=ORIENTED_EDGE('',*,*,#17686,.F.);
#17689=ORIENTED_EDGE('',*,*,#17688,.F.);
#17690=ORIENTED_EDGE('',*,*,#12511,.F.);
#17691=ORIENTED_EDGE('',*,*,#12720,.T.);
#17692=ORIENTED_EDGE('',*,*,#11949,.T.);
#17693=ORIENTED_EDGE('',*,*,#17670,.F.);
#17694=ORIENTED_EDGE('',*,*,#17533,.F.);
#17695=EDGE_LOOP('',(#17683,#17684,#17685,#17687,#17689,#17690,#17691,#17692,
#17693,#17694));
#17696=FACE_OUTER_BOUND('',#17695,.F.);
#17697=ADVANCED_FACE('',(#17696),#17682,.T.);
#17698=CARTESIAN_POINT('',(-5.68E0,0.E0,0.E0));
#17699=DIRECTION('',(1.E0,0.E0,0.E0));
#17700=DIRECTION('',(0.E0,0.E0,-1.E0));
#17701=AXIS2_PLACEMENT_3D('',#17698,#17699,#17700);
#17702=PLANE('',#17701);
#17703=ORIENTED_EDGE('',*,*,#13773,.T.);
#17704=ORIENTED_EDGE('',*,*,#17601,.F.);
#17706=ORIENTED_EDGE('',*,*,#17705,.F.);
#17708=ORIENTED_EDGE('',*,*,#17707,.F.);
#17710=ORIENTED_EDGE('',*,*,#17709,.F.);
#17712=ORIENTED_EDGE('',*,*,#17711,.F.);
#17713=EDGE_LOOP('',(#17703,#17704,#17706,#17708,#17710,#17712));
#17714=FACE_OUTER_BOUND('',#17713,.F.);
#17715=ADVANCED_FACE('',(#17714),#17702,.T.);
#17716=CARTESIAN_POINT('',(-5.68E0,0.E0,0.E0));
#17717=DIRECTION('',(1.E0,0.E0,0.E0));
#17718=DIRECTION('',(0.E0,0.E0,-1.E0));
#17719=AXIS2_PLACEMENT_3D('',#17716,#17717,#17718);
#17720=PLANE('',#17719);
#17722=ORIENTED_EDGE('',*,*,#17721,.F.);
#17724=ORIENTED_EDGE('',*,*,#17723,.F.);
#17725=ORIENTED_EDGE('',*,*,#10675,.F.);
#17727=ORIENTED_EDGE('',*,*,#17726,.F.);
#17728=EDGE_LOOP('',(#17722,#17724,#17725,#17727));
#17729=FACE_OUTER_BOUND('',#17728,.F.);
#17730=ADVANCED_FACE('',(#17729),#17720,.T.);
#17731=CARTESIAN_POINT('',(-5.68E0,-3.2E-1,-3.7E0));
#17732=DIRECTION('',(0.E0,0.E0,1.E0));
#17733=DIRECTION('',(0.E0,-1.E0,0.E0));
#17734=AXIS2_PLACEMENT_3D('',#17731,#17732,#17733);
#17735=PLANE('',#17734);
#17736=ORIENTED_EDGE('',*,*,#17581,.F.);
#17737=ORIENTED_EDGE('',*,*,#17622,.F.);
#17739=ORIENTED_EDGE('',*,*,#17738,.F.);
#17740=ORIENTED_EDGE('',*,*,#17686,.T.);
#17741=ORIENTED_EDGE('',*,*,#17516,.T.);
#17743=ORIENTED_EDGE('',*,*,#17742,.T.);
#17744=EDGE_LOOP('',(#17736,#17737,#17739,#17740,#17741,#17743));
#17745=FACE_OUTER_BOUND('',#17744,.F.);
#17746=ADVANCED_FACE('',(#17745),#17735,.T.);
#17747=CARTESIAN_POINT('',(-5.68E0,-3.2E-1,2.46E0));
#17748=DIRECTION('',(0.E0,-1.E0,0.E0));
#17749=DIRECTION('',(0.E0,0.E0,-1.E0));
#17750=AXIS2_PLACEMENT_3D('',#17747,#17748,#17749);
#17751=PLANE('',#17750);
#17752=ORIENTED_EDGE('',*,*,#17577,.F.);
#17754=ORIENTED_EDGE('',*,*,#17753,.T.);
#17755=ORIENTED_EDGE('',*,*,#17509,.T.);
#17756=ORIENTED_EDGE('',*,*,#17688,.T.);
#17757=ORIENTED_EDGE('',*,*,#17738,.T.);
#17758=ORIENTED_EDGE('',*,*,#17620,.F.);
#17759=EDGE_LOOP('',(#17752,#17754,#17755,#17756,#17757,#17758));
#17760=FACE_OUTER_BOUND('',#17759,.F.);
#17761=ADVANCED_FACE('',(#17760),#17751,.T.);
#17762=CARTESIAN_POINT('',(-5.68E0,-3.2E-1,2.46E0));
#17763=DIRECTION('',(0.E0,-1.E0,0.E0));
#17764=DIRECTION('',(0.E0,0.E0,-1.E0));
#17765=AXIS2_PLACEMENT_3D('',#17762,#17763,#17764);
#17766=PLANE('',#17765);
#17768=ORIENTED_EDGE('',*,*,#17767,.F.);
#17769=ORIENTED_EDGE('',*,*,#17726,.T.);
#17770=ORIENTED_EDGE('',*,*,#10681,.F.);
#17771=ORIENTED_EDGE('',*,*,#17654,.F.);
#17772=EDGE_LOOP('',(#17768,#17769,#17770,#17771));
#17773=FACE_OUTER_BOUND('',#17772,.F.);
#17774=ADVANCED_FACE('',(#17773),#17766,.T.);
#17775=CARTESIAN_POINT('',(-6.32E0,1.93E0,-3.6E0));
#17776=DIRECTION('',(0.E0,0.E0,1.E0));
#17777=DIRECTION('',(1.E0,0.E0,0.E0));
#17778=AXIS2_PLACEMENT_3D('',#17775,#17776,#17777);
#17779=PLANE('',#17778);
#17780=ORIENTED_EDGE('',*,*,#17673,.T.);
#17781=ORIENTED_EDGE('',*,*,#17499,.F.);
#17782=ORIENTED_EDGE('',*,*,#13249,.F.);
#17783=ORIENTED_EDGE('',*,*,#17563,.T.);
#17784=EDGE_LOOP('',(#17780,#17781,#17782,#17783));
#17785=FACE_OUTER_BOUND('',#17784,.F.);
#17786=ADVANCED_FACE('',(#17785),#17779,.F.);
#17787=CARTESIAN_POINT('',(-6.32E0,1.93E0,-3.6E0));
#17788=DIRECTION('',(0.E0,0.E0,1.E0));
#17789=DIRECTION('',(1.E0,0.E0,0.E0));
#17790=AXIS2_PLACEMENT_3D('',#17787,#17788,#17789);
#17791=PLANE('',#17790);
#17792=ORIENTED_EDGE('',*,*,#17753,.F.);
#17793=ORIENTED_EDGE('',*,*,#17586,.T.);
#17794=ORIENTED_EDGE('',*,*,#13777,.T.);
#17795=ORIENTED_EDGE('',*,*,#17511,.F.);
#17796=EDGE_LOOP('',(#17792,#17793,#17794,#17795));
#17797=FACE_OUTER_BOUND('',#17796,.F.);
#17798=ADVANCED_FACE('',(#17797),#17791,.F.);
#17799=CARTESIAN_POINT('',(-6.E0,-2.45E-1,2.26E0));
#17800=DIRECTION('',(0.E0,-9.363291775690E-1,3.511234415884E-1));
#17801=DIRECTION('',(0.E0,3.511234415884E-1,9.363291775690E-1));
#17802=AXIS2_PLACEMENT_3D('',#17799,#17800,#17801);
#17803=PLANE('',#17802);
#17805=ORIENTED_EDGE('',*,*,#17804,.F.);
#17807=ORIENTED_EDGE('',*,*,#17806,.F.);
#17808=ORIENTED_EDGE('',*,*,#17767,.T.);
#17810=ORIENTED_EDGE('',*,*,#17809,.F.);
#17811=EDGE_LOOP('',(#17805,#17807,#17808,#17810));
#17812=FACE_OUTER_BOUND('',#17811,.F.);
#17813=ADVANCED_FACE('',(#17812),#17803,.T.);
#17814=CARTESIAN_POINT('',(-5.68E0,3.2E-1,2.46E0));
#17815=DIRECTION('',(0.E0,0.E0,1.E0));
#17816=DIRECTION('',(0.E0,-1.E0,0.E0));
#17817=AXIS2_PLACEMENT_3D('',#17814,#17815,#17816);
#17818=PLANE('',#17817);
#17819=ORIENTED_EDGE('',*,*,#17804,.T.);
#17821=ORIENTED_EDGE('',*,*,#17820,.T.);
#17823=ORIENTED_EDGE('',*,*,#17822,.F.);
#17825=ORIENTED_EDGE('',*,*,#17824,.T.);
#17826=EDGE_LOOP('',(#17819,#17821,#17823,#17825));
#17827=FACE_OUTER_BOUND('',#17826,.F.);
#17828=ADVANCED_FACE('',(#17827),#17818,.T.);
#17829=CARTESIAN_POINT('',(-6.245E0,-1.421085471520E-14,2.26E0));
#17830=DIRECTION('',(-9.363291775690E-1,0.E0,3.511234415884E-1));
#17831=DIRECTION('',(3.511234415884E-1,0.E0,9.363291775690E-1));
#17832=AXIS2_PLACEMENT_3D('',#17829,#17830,#17831);
#17833=PLANE('',#17832);
#17834=ORIENTED_EDGE('',*,*,#17652,.T.);
#17836=ORIENTED_EDGE('',*,*,#17835,.F.);
#17837=ORIENTED_EDGE('',*,*,#17820,.F.);
#17838=ORIENTED_EDGE('',*,*,#17809,.T.);
#17839=EDGE_LOOP('',(#17834,#17836,#17837,#17838));
#17840=FACE_OUTER_BOUND('',#17839,.F.);
#17841=ADVANCED_FACE('',(#17840),#17833,.T.);
#17842=CARTESIAN_POINT('',(-6.E0,2.45E-1,2.26E0));
#17843=DIRECTION('',(0.E0,9.363291775690E-1,3.511234415884E-1));
#17844=DIRECTION('',(0.E0,3.511234415884E-1,-9.363291775690E-1));
#17845=AXIS2_PLACEMENT_3D('',#17842,#17843,#17844);
#17846=PLANE('',#17845);
#17848=ORIENTED_EDGE('',*,*,#17847,.F.);
#17850=ORIENTED_EDGE('',*,*,#17849,.F.);
#17851=ORIENTED_EDGE('',*,*,#17822,.T.);
#17852=ORIENTED_EDGE('',*,*,#17835,.T.);
#17853=EDGE_LOOP('',(#17848,#17850,#17851,#17852));
#17854=FACE_OUTER_BOUND('',#17853,.F.);
#17855=ADVANCED_FACE('',(#17854),#17846,.T.);
#17856=CARTESIAN_POINT('',(-5.68E0,3.2E-1,-2.49E0));
#17857=DIRECTION('',(0.E0,1.E0,0.E0));
#17858=DIRECTION('',(0.E0,0.E0,1.E0));
#17859=AXIS2_PLACEMENT_3D('',#17856,#17857,#17858);
#17860=PLANE('',#17859);
#17861=ORIENTED_EDGE('',*,*,#17847,.T.);
#17862=ORIENTED_EDGE('',*,*,#17657,.F.);
#17863=ORIENTED_EDGE('',*,*,#10677,.T.);
#17864=ORIENTED_EDGE('',*,*,#17723,.T.);
#17865=EDGE_LOOP('',(#17861,#17862,#17863,#17864));
#17866=FACE_OUTER_BOUND('',#17865,.F.);
#17867=ADVANCED_FACE('',(#17866),#17860,.T.);
#17868=CARTESIAN_POINT('',(-5.755E0,-1.243449787580E-14,2.26E0));
#17869=DIRECTION('',(9.363291775690E-1,0.E0,3.511234415884E-1));
#17870=DIRECTION('',(-3.511234415884E-1,0.E0,9.363291775690E-1));
#17871=AXIS2_PLACEMENT_3D('',#17868,#17869,#17870);
#17872=PLANE('',#17871);
#17873=ORIENTED_EDGE('',*,*,#17824,.F.);
#17874=ORIENTED_EDGE('',*,*,#17849,.T.);
#17875=ORIENTED_EDGE('',*,*,#17721,.T.);
#17876=ORIENTED_EDGE('',*,*,#17806,.T.);
#17877=EDGE_LOOP('',(#17873,#17874,#17875,#17876));
#17878=FACE_OUTER_BOUND('',#17877,.F.);
#17879=ADVANCED_FACE('',(#17878),#17872,.T.);
#17880=CARTESIAN_POINT('',(-5.68E0,-1.65E0,-4.59E0));
#17881=DIRECTION('',(1.E0,0.E0,0.E0));
#17882=DIRECTION('',(0.E0,0.E0,-1.E0));
#17883=AXIS2_PLACEMENT_3D('',#17880,#17881,#17882);
#17884=CYLINDRICAL_SURFACE('',#17883,8.9E-1);
#17885=ORIENTED_EDGE('',*,*,#17583,.F.);
#17886=ORIENTED_EDGE('',*,*,#17742,.F.);
#17887=ORIENTED_EDGE('',*,*,#17514,.T.);
#17888=ORIENTED_EDGE('',*,*,#17711,.T.);
#17890=ORIENTED_EDGE('',*,*,#17889,.T.);
#17891=ORIENTED_EDGE('',*,*,#17635,.F.);
#17892=EDGE_LOOP('',(#17885,#17886,#17887,#17888,#17890,#17891));
#17893=FACE_OUTER_BOUND('',#17892,.F.);
#17894=ADVANCED_FACE('',(#17893),#17884,.T.);
#17895=CARTESIAN_POINT('',(-5.68E0,-2.54E0,-4.59E0));
#17896=DIRECTION('',(0.E0,-1.E0,0.E0));
#17897=DIRECTION('',(0.E0,0.E0,-1.E0));
#17898=AXIS2_PLACEMENT_3D('',#17895,#17896,#17897);
#17899=PLANE('',#17898);
#17900=ORIENTED_EDGE('',*,*,#17709,.T.);
#17902=ORIENTED_EDGE('',*,*,#17901,.T.);
#17903=ORIENTED_EDGE('',*,*,#17637,.F.);
#17904=ORIENTED_EDGE('',*,*,#17889,.F.);
#17905=EDGE_LOOP('',(#17900,#17902,#17903,#17904));
#17906=FACE_OUTER_BOUND('',#17905,.F.);
#17907=ADVANCED_FACE('',(#17906),#17899,.T.);
#17908=CARTESIAN_POINT('',(-5.68E0,-2.22E0,-5.47E0));
#17909=DIRECTION('',(1.E0,0.E0,0.E0));
#17910=DIRECTION('',(0.E0,0.E0,-1.E0));
#17911=AXIS2_PLACEMENT_3D('',#17908,#17909,#17910);
#17912=CYLINDRICAL_SURFACE('',#17911,3.2E-1);
#17913=ORIENTED_EDGE('',*,*,#17707,.T.);
#17915=ORIENTED_EDGE('',*,*,#17914,.T.);
#17916=ORIENTED_EDGE('',*,*,#17639,.F.);
#17917=ORIENTED_EDGE('',*,*,#17901,.F.);
#17918=EDGE_LOOP('',(#17913,#17915,#17916,#17917));
#17919=FACE_OUTER_BOUND('',#17918,.F.);
#17920=ADVANCED_FACE('',(#17919),#17912,.T.);
#17921=CARTESIAN_POINT('',(-5.68E0,-1.9E0,-5.47E0));
#17922=DIRECTION('',(0.E0,1.E0,0.E0));
#17923=DIRECTION('',(0.E0,0.E0,1.E0));
#17924=AXIS2_PLACEMENT_3D('',#17921,#17922,#17923);
#17925=PLANE('',#17924);
#17926=ORIENTED_EDGE('',*,*,#17705,.T.);
#17927=ORIENTED_EDGE('',*,*,#17599,.T.);
#17928=ORIENTED_EDGE('',*,*,#17641,.F.);
#17929=ORIENTED_EDGE('',*,*,#17914,.F.);
#17930=EDGE_LOOP('',(#17926,#17927,#17928,#17929));
#17931=FACE_OUTER_BOUND('',#17930,.F.);
#17932=ADVANCED_FACE('',(#17931),#17925,.T.);
#17933=CARTESIAN_POINT('',(-8.68E0,1.93E0,-3.6E0));
#17934=DIRECTION('',(1.E0,0.E0,0.E0));
#17935=DIRECTION('',(0.E0,0.E0,-1.E0));
#17936=AXIS2_PLACEMENT_3D('',#17933,#17934,#17935);
#17937=PLANE('',#17936);
#17938=ORIENTED_EDGE('',*,*,#9124,.F.);
#17940=ORIENTED_EDGE('',*,*,#17939,.T.);
#17941=ORIENTED_EDGE('',*,*,#13786,.F.);
#17942=ORIENTED_EDGE('',*,*,#10092,.T.);
#17943=ORIENTED_EDGE('',*,*,#9389,.T.);
#17944=EDGE_LOOP('',(#17938,#17940,#17941,#17942,#17943));
#17945=FACE_OUTER_BOUND('',#17944,.F.);
#17946=ADVANCED_FACE('',(#17945),#17937,.F.);
#17947=CARTESIAN_POINT('',(-8.68E0,1.93E0,-3.6E0));
#17948=DIRECTION('',(1.E0,0.E0,0.E0));
#17949=DIRECTION('',(0.E0,0.E0,-1.E0));
#17950=AXIS2_PLACEMENT_3D('',#17947,#17948,#17949);
#17951=PLANE('',#17950);
#17953=ORIENTED_EDGE('',*,*,#17952,.T.);
#17954=ORIENTED_EDGE('',*,*,#11982,.T.);
#17955=ORIENTED_EDGE('',*,*,#12963,.T.);
#17956=ORIENTED_EDGE('',*,*,#13168,.T.);
#17957=ORIENTED_EDGE('',*,*,#13244,.T.);
#17959=ORIENTED_EDGE('',*,*,#17958,.T.);
#17960=EDGE_LOOP('',(#17953,#17954,#17955,#17956,#17957,#17959));
#17961=FACE_OUTER_BOUND('',#17960,.F.);
#17962=ADVANCED_FACE('',(#17961),#17951,.F.);
#17963=CARTESIAN_POINT('',(-8.68E0,1.93E0,-3.6E0));
#17964=DIRECTION('',(1.E0,0.E0,0.E0));
#17965=DIRECTION('',(0.E0,0.E0,-1.E0));
#17966=AXIS2_PLACEMENT_3D('',#17963,#17964,#17965);
#17967=PLANE('',#17966);
#17969=ORIENTED_EDGE('',*,*,#17968,.F.);
#17971=ORIENTED_EDGE('',*,*,#17970,.T.);
#17972=ORIENTED_EDGE('',*,*,#13790,.F.);
#17974=ORIENTED_EDGE('',*,*,#17973,.F.);
#17976=ORIENTED_EDGE('',*,*,#17975,.F.);
#17977=ORIENTED_EDGE('',*,*,#12279,.F.);
#17978=ORIENTED_EDGE('',*,*,#12521,.F.);
#17979=EDGE_LOOP('',(#17969,#17971,#17972,#17974,#17976,#17977,#17978));
#17980=FACE_OUTER_BOUND('',#17979,.F.);
#17981=ADVANCED_FACE('',(#17980),#17967,.F.);
#17982=CARTESIAN_POINT('',(-8.68E0,-1.65E0,-4.59E0));
#17983=DIRECTION('',(1.E0,0.E0,0.E0));
#17984=DIRECTION('',(0.E0,0.E0,-1.E0));
#17985=AXIS2_PLACEMENT_3D('',#17982,#17983,#17984);
#17986=CYLINDRICAL_SURFACE('',#17985,2.5E-1);
#17987=ORIENTED_EDGE('',*,*,#9147,.T.);
#17989=ORIENTED_EDGE('',*,*,#17988,.F.);
#17991=ORIENTED_EDGE('',*,*,#17990,.F.);
#17993=ORIENTED_EDGE('',*,*,#17992,.T.);
#17994=ORIENTED_EDGE('',*,*,#17939,.F.);
#17995=ORIENTED_EDGE('',*,*,#9122,.T.);
#17996=EDGE_LOOP('',(#17987,#17989,#17991,#17993,#17994,#17995));
#17997=FACE_OUTER_BOUND('',#17996,.F.);
#17998=ADVANCED_FACE('',(#17997),#17986,.F.);
#17999=CARTESIAN_POINT('',(-9.32E0,0.E0,0.E0));
#18000=DIRECTION('',(1.E0,0.E0,0.E0));
#18001=DIRECTION('',(0.E0,0.E0,-1.E0));
#18002=AXIS2_PLACEMENT_3D('',#17999,#18000,#18001);
#18003=PLANE('',#18002);
#18004=ORIENTED_EDGE('',*,*,#9414,.F.);
#18005=ORIENTED_EDGE('',*,*,#9130,.T.);
#18007=ORIENTED_EDGE('',*,*,#18006,.T.);
#18008=ORIENTED_EDGE('',*,*,#12011,.F.);
#18009=ORIENTED_EDGE('',*,*,#12745,.F.);
#18010=ORIENTED_EDGE('',*,*,#12544,.T.);
#18012=ORIENTED_EDGE('',*,*,#18011,.T.);
#18014=ORIENTED_EDGE('',*,*,#18013,.T.);
#18015=ORIENTED_EDGE('',*,*,#12292,.T.);
#18016=ORIENTED_EDGE('',*,*,#11995,.F.);
#18017=EDGE_LOOP('',(#18004,#18005,#18007,#18008,#18009,#18010,#18012,#18014,
#18015,#18016));
#18018=FACE_OUTER_BOUND('',#18017,.F.);
#18019=ADVANCED_FACE('',(#18018),#18003,.F.);
#18020=CARTESIAN_POINT('',(-9.32E0,0.E0,0.E0));
#18021=DIRECTION('',(1.E0,0.E0,0.E0));
#18022=DIRECTION('',(0.E0,0.E0,-1.E0));
#18023=AXIS2_PLACEMENT_3D('',#18020,#18021,#18022);
#18024=PLANE('',#18023);
#18025=ORIENTED_EDGE('',*,*,#13795,.F.);
#18027=ORIENTED_EDGE('',*,*,#18026,.T.);
#18029=ORIENTED_EDGE('',*,*,#18028,.T.);
#18031=ORIENTED_EDGE('',*,*,#18030,.T.);
#18033=ORIENTED_EDGE('',*,*,#18032,.T.);
#18034=ORIENTED_EDGE('',*,*,#17988,.T.);
#18035=EDGE_LOOP('',(#18025,#18027,#18029,#18031,#18033,#18034));
#18036=FACE_OUTER_BOUND('',#18035,.F.);
#18037=ADVANCED_FACE('',(#18036),#18024,.F.);
#18038=CARTESIAN_POINT('',(-9.32E0,0.E0,0.E0));
#18039=DIRECTION('',(1.E0,0.E0,0.E0));
#18040=DIRECTION('',(0.E0,0.E0,-1.E0));
#18041=AXIS2_PLACEMENT_3D('',#18038,#18039,#18040);
#18042=PLANE('',#18041);
#18044=ORIENTED_EDGE('',*,*,#18043,.F.);
#18046=ORIENTED_EDGE('',*,*,#18045,.T.);
#18047=ORIENTED_EDGE('',*,*,#10875,.T.);
#18049=ORIENTED_EDGE('',*,*,#18048,.T.);
#18050=EDGE_LOOP('',(#18044,#18046,#18047,#18049));
#18051=FACE_OUTER_BOUND('',#18050,.F.);
#18052=ADVANCED_FACE('',(#18051),#18042,.F.);
#18053=CARTESIAN_POINT('',(-8.68E0,1.055E0,-4.34E0));
#18054=DIRECTION('',(0.E0,1.E0,0.E0));
#18055=DIRECTION('',(0.E0,0.E0,1.E0));
#18056=AXIS2_PLACEMENT_3D('',#18053,#18054,#18055);
#18057=PLANE('',#18056);
#18058=ORIENTED_EDGE('',*,*,#9157,.T.);
#18059=ORIENTED_EDGE('',*,*,#18006,.F.);
#18060=ORIENTED_EDGE('',*,*,#9128,.F.);
#18062=ORIENTED_EDGE('',*,*,#18061,.T.);
#18063=ORIENTED_EDGE('',*,*,#17952,.F.);
#18065=ORIENTED_EDGE('',*,*,#18064,.F.);
#18066=EDGE_LOOP('',(#18058,#18059,#18060,#18062,#18063,#18065));
#18067=FACE_OUTER_BOUND('',#18066,.F.);
#18068=ADVANCED_FACE('',(#18067),#18057,.T.);
#18069=CARTESIAN_POINT('',(-8.68E0,0.E0,0.E0));
#18070=DIRECTION('',(1.E0,0.E0,0.E0));
#18071=DIRECTION('',(0.E0,0.E0,-1.E0));
#18072=AXIS2_PLACEMENT_3D('',#18069,#18070,#18071);
#18073=PLANE('',#18072);
#18074=ORIENTED_EDGE('',*,*,#9399,.T.);
#18075=ORIENTED_EDGE('',*,*,#11964,.T.);
#18076=ORIENTED_EDGE('',*,*,#12281,.F.);
#18078=ORIENTED_EDGE('',*,*,#18077,.F.);
#18080=ORIENTED_EDGE('',*,*,#18079,.F.);
#18081=ORIENTED_EDGE('',*,*,#12530,.F.);
#18082=ORIENTED_EDGE('',*,*,#12734,.T.);
#18083=ORIENTED_EDGE('',*,*,#11984,.T.);
#18084=ORIENTED_EDGE('',*,*,#18061,.F.);
#18085=ORIENTED_EDGE('',*,*,#9126,.F.);
#18086=EDGE_LOOP('',(#18074,#18075,#18076,#18078,#18080,#18081,#18082,#18083,
#18084,#18085));
#18087=FACE_OUTER_BOUND('',#18086,.F.);
#18088=ADVANCED_FACE('',(#18087),#18073,.T.);
#18089=CARTESIAN_POINT('',(-8.68E0,0.E0,0.E0));
#18090=DIRECTION('',(1.E0,0.E0,0.E0));
#18091=DIRECTION('',(0.E0,0.E0,-1.E0));
#18092=AXIS2_PLACEMENT_3D('',#18089,#18090,#18091);
#18093=PLANE('',#18092);
#18094=ORIENTED_EDGE('',*,*,#13788,.T.);
#18095=ORIENTED_EDGE('',*,*,#17992,.F.);
#18097=ORIENTED_EDGE('',*,*,#18096,.F.);
#18099=ORIENTED_EDGE('',*,*,#18098,.F.);
#18101=ORIENTED_EDGE('',*,*,#18100,.F.);
#18103=ORIENTED_EDGE('',*,*,#18102,.F.);
#18104=EDGE_LOOP('',(#18094,#18095,#18097,#18099,#18101,#18103));
#18105=FACE_OUTER_BOUND('',#18104,.F.);
#18106=ADVANCED_FACE('',(#18105),#18093,.T.);
#18107=CARTESIAN_POINT('',(-8.68E0,0.E0,0.E0));
#18108=DIRECTION('',(1.E0,0.E0,0.E0));
#18109=DIRECTION('',(0.E0,0.E0,-1.E0));
#18110=AXIS2_PLACEMENT_3D('',#18107,#18108,#18109);
#18111=PLANE('',#18110);
#18113=ORIENTED_EDGE('',*,*,#18112,.F.);
#18115=ORIENTED_EDGE('',*,*,#18114,.F.);
#18116=ORIENTED_EDGE('',*,*,#10871,.F.);
#18118=ORIENTED_EDGE('',*,*,#18117,.F.);
#18119=EDGE_LOOP('',(#18113,#18115,#18116,#18118));
#18120=FACE_OUTER_BOUND('',#18119,.F.);
#18121=ADVANCED_FACE('',(#18120),#18111,.T.);
#18122=CARTESIAN_POINT('',(-8.68E0,-3.2E-1,-3.7E0));
#18123=DIRECTION('',(0.E0,0.E0,1.E0));
#18124=DIRECTION('',(0.E0,-1.E0,0.E0));
#18125=AXIS2_PLACEMENT_3D('',#18122,#18123,#18124);
#18126=PLANE('',#18125);
#18127=ORIENTED_EDGE('',*,*,#9183,.F.);
#18128=ORIENTED_EDGE('',*,*,#18013,.F.);
#18130=ORIENTED_EDGE('',*,*,#18129,.F.);
#18131=ORIENTED_EDGE('',*,*,#18077,.T.);
#18132=ORIENTED_EDGE('',*,*,#17975,.T.);
#18134=ORIENTED_EDGE('',*,*,#18133,.T.);
#18135=EDGE_LOOP('',(#18127,#18128,#18130,#18131,#18132,#18134));
#18136=FACE_OUTER_BOUND('',#18135,.F.);
#18137=ADVANCED_FACE('',(#18136),#18126,.T.);
#18138=CARTESIAN_POINT('',(-8.68E0,-3.2E-1,2.46E0));
#18139=DIRECTION('',(0.E0,-1.E0,0.E0));
#18140=DIRECTION('',(0.E0,0.E0,-1.E0));
#18141=AXIS2_PLACEMENT_3D('',#18138,#18139,#18140);
#18142=PLANE('',#18141);
#18143=ORIENTED_EDGE('',*,*,#9177,.F.);
#18145=ORIENTED_EDGE('',*,*,#18144,.T.);
#18146=ORIENTED_EDGE('',*,*,#17968,.T.);
#18147=ORIENTED_EDGE('',*,*,#18079,.T.);
#18148=ORIENTED_EDGE('',*,*,#18129,.T.);
#18149=ORIENTED_EDGE('',*,*,#18011,.F.);
#18150=EDGE_LOOP('',(#18143,#18145,#18146,#18147,#18148,#18149));
#18151=FACE_OUTER_BOUND('',#18150,.F.);
#18152=ADVANCED_FACE('',(#18151),#18142,.T.);
#18153=CARTESIAN_POINT('',(-8.68E0,-3.2E-1,2.46E0));
#18154=DIRECTION('',(0.E0,-1.E0,0.E0));
#18155=DIRECTION('',(0.E0,0.E0,-1.E0));
#18156=AXIS2_PLACEMENT_3D('',#18153,#18154,#18155);
#18157=PLANE('',#18156);
#18159=ORIENTED_EDGE('',*,*,#18158,.F.);
#18160=ORIENTED_EDGE('',*,*,#18117,.T.);
#18161=ORIENTED_EDGE('',*,*,#10877,.F.);
#18162=ORIENTED_EDGE('',*,*,#18045,.F.);
#18163=EDGE_LOOP('',(#18159,#18160,#18161,#18162));
#18164=FACE_OUTER_BOUND('',#18163,.F.);
#18165=ADVANCED_FACE('',(#18164),#18157,.T.);
#18166=CARTESIAN_POINT('',(-9.32E0,1.93E0,-3.6E0));
#18167=DIRECTION('',(0.E0,0.E0,1.E0));
#18168=DIRECTION('',(1.E0,0.E0,0.E0));
#18169=AXIS2_PLACEMENT_3D('',#18166,#18167,#18168);
#18170=PLANE('',#18169);
#18171=ORIENTED_EDGE('',*,*,#18064,.T.);
#18172=ORIENTED_EDGE('',*,*,#17958,.F.);
#18173=ORIENTED_EDGE('',*,*,#13242,.F.);
#18174=ORIENTED_EDGE('',*,*,#9159,.T.);
#18175=EDGE_LOOP('',(#18171,#18172,#18173,#18174));
#18176=FACE_OUTER_BOUND('',#18175,.F.);
#18177=ADVANCED_FACE('',(#18176),#18170,.F.);
#18178=CARTESIAN_POINT('',(-9.32E0,1.93E0,-3.6E0));
#18179=DIRECTION('',(0.E0,0.E0,1.E0));
#18180=DIRECTION('',(1.E0,0.E0,0.E0));
#18181=AXIS2_PLACEMENT_3D('',#18178,#18179,#18180);
#18182=PLANE('',#18181);
#18183=ORIENTED_EDGE('',*,*,#18144,.F.);
#18184=ORIENTED_EDGE('',*,*,#9189,.T.);
#18185=ORIENTED_EDGE('',*,*,#13792,.T.);
#18186=ORIENTED_EDGE('',*,*,#17970,.F.);
#18187=EDGE_LOOP('',(#18183,#18184,#18185,#18186));
#18188=FACE_OUTER_BOUND('',#18187,.F.);
#18189=ADVANCED_FACE('',(#18188),#18182,.F.);
#18190=CARTESIAN_POINT('',(-9.E0,-2.45E-1,2.26E0));
#18191=DIRECTION('',(0.E0,-9.363291775690E-1,3.511234415884E-1));
#18192=DIRECTION('',(0.E0,3.511234415884E-1,9.363291775690E-1));
#18193=AXIS2_PLACEMENT_3D('',#18190,#18191,#18192);
#18194=PLANE('',#18193);
#18196=ORIENTED_EDGE('',*,*,#18195,.F.);
#18198=ORIENTED_EDGE('',*,*,#18197,.F.);
#18199=ORIENTED_EDGE('',*,*,#18158,.T.);
#18201=ORIENTED_EDGE('',*,*,#18200,.F.);
#18202=EDGE_LOOP('',(#18196,#18198,#18199,#18201));
#18203=FACE_OUTER_BOUND('',#18202,.F.);
#18204=ADVANCED_FACE('',(#18203),#18194,.T.);
#18205=CARTESIAN_POINT('',(-8.68E0,3.2E-1,2.46E0));
#18206=DIRECTION('',(0.E0,0.E0,1.E0));
#18207=DIRECTION('',(0.E0,-1.E0,0.E0));
#18208=AXIS2_PLACEMENT_3D('',#18205,#18206,#18207);
#18209=PLANE('',#18208);
#18210=ORIENTED_EDGE('',*,*,#18195,.T.);
#18212=ORIENTED_EDGE('',*,*,#18211,.T.);
#18214=ORIENTED_EDGE('',*,*,#18213,.F.);
#18216=ORIENTED_EDGE('',*,*,#18215,.T.);
#18217=EDGE_LOOP('',(#18210,#18212,#18214,#18216));
#18218=FACE_OUTER_BOUND('',#18217,.F.);
#18219=ADVANCED_FACE('',(#18218),#18209,.T.);
#18220=CARTESIAN_POINT('',(-9.245E0,0.E0,2.26E0));
#18221=DIRECTION('',(-9.363291775690E-1,0.E0,3.511234415884E-1));
#18222=DIRECTION('',(3.511234415884E-1,0.E0,9.363291775690E-1));
#18223=AXIS2_PLACEMENT_3D('',#18220,#18221,#18222);
#18224=PLANE('',#18223);
#18225=ORIENTED_EDGE('',*,*,#18043,.T.);
#18227=ORIENTED_EDGE('',*,*,#18226,.F.);
#18228=ORIENTED_EDGE('',*,*,#18211,.F.);
#18229=ORIENTED_EDGE('',*,*,#18200,.T.);
#18230=EDGE_LOOP('',(#18225,#18227,#18228,#18229));
#18231=FACE_OUTER_BOUND('',#18230,.F.);
#18232=ADVANCED_FACE('',(#18231),#18224,.T.);
#18233=CARTESIAN_POINT('',(-9.E0,2.45E-1,2.26E0));
#18234=DIRECTION('',(0.E0,9.363291775690E-1,3.511234415884E-1));
#18235=DIRECTION('',(0.E0,3.511234415884E-1,-9.363291775690E-1));
#18236=AXIS2_PLACEMENT_3D('',#18233,#18234,#18235);
#18237=PLANE('',#18236);
#18239=ORIENTED_EDGE('',*,*,#18238,.F.);
#18241=ORIENTED_EDGE('',*,*,#18240,.F.);
#18242=ORIENTED_EDGE('',*,*,#18213,.T.);
#18243=ORIENTED_EDGE('',*,*,#18226,.T.);
#18244=EDGE_LOOP('',(#18239,#18241,#18242,#18243));
#18245=FACE_OUTER_BOUND('',#18244,.F.);
#18246=ADVANCED_FACE('',(#18245),#18237,.T.);
#18247=CARTESIAN_POINT('',(-8.68E0,3.2E-1,-2.49E0));
#18248=DIRECTION('',(0.E0,1.E0,0.E0));
#18249=DIRECTION('',(0.E0,0.E0,1.E0));
#18250=AXIS2_PLACEMENT_3D('',#18247,#18248,#18249);
#18251=PLANE('',#18250);
#18252=ORIENTED_EDGE('',*,*,#18238,.T.);
#18253=ORIENTED_EDGE('',*,*,#18048,.F.);
#18254=ORIENTED_EDGE('',*,*,#10873,.T.);
#18255=ORIENTED_EDGE('',*,*,#18114,.T.);
#18256=EDGE_LOOP('',(#18252,#18253,#18254,#18255));
#18257=FACE_OUTER_BOUND('',#18256,.F.);
#18258=ADVANCED_FACE('',(#18257),#18251,.T.);
#18259=CARTESIAN_POINT('',(-8.755E0,2.131628207280E-14,2.26E0));
#18260=DIRECTION('',(9.363291775690E-1,0.E0,3.511234415884E-1));
#18261=DIRECTION('',(-3.511234415884E-1,0.E0,9.363291775690E-1));
#18262=AXIS2_PLACEMENT_3D('',#18259,#18260,#18261);
#18263=PLANE('',#18262);
#18264=ORIENTED_EDGE('',*,*,#18215,.F.);
#18265=ORIENTED_EDGE('',*,*,#18240,.T.);
#18266=ORIENTED_EDGE('',*,*,#18112,.T.);
#18267=ORIENTED_EDGE('',*,*,#18197,.T.);
#18268=EDGE_LOOP('',(#18264,#18265,#18266,#18267));
#18269=FACE_OUTER_BOUND('',#18268,.F.);
#18270=ADVANCED_FACE('',(#18269),#18263,.T.);
#18271=CARTESIAN_POINT('',(-8.68E0,-1.65E0,-4.59E0));
#18272=DIRECTION('',(1.E0,0.E0,0.E0));
#18273=DIRECTION('',(0.E0,0.E0,-1.E0));
#18274=AXIS2_PLACEMENT_3D('',#18271,#18272,#18273);
#18275=CYLINDRICAL_SURFACE('',#18274,8.9E-1);
#18276=ORIENTED_EDGE('',*,*,#9185,.F.);
#18277=ORIENTED_EDGE('',*,*,#18133,.F.);
#18278=ORIENTED_EDGE('',*,*,#17973,.T.);
#18279=ORIENTED_EDGE('',*,*,#18102,.T.);
#18281=ORIENTED_EDGE('',*,*,#18280,.T.);
#18282=ORIENTED_EDGE('',*,*,#18026,.F.);
#18283=EDGE_LOOP('',(#18276,#18277,#18278,#18279,#18281,#18282));
#18284=FACE_OUTER_BOUND('',#18283,.F.);
#18285=ADVANCED_FACE('',(#18284),#18275,.T.);
#18286=CARTESIAN_POINT('',(-8.68E0,-2.54E0,-4.59E0));
#18287=DIRECTION('',(0.E0,-1.E0,0.E0));
#18288=DIRECTION('',(0.E0,0.E0,-1.E0));
#18289=AXIS2_PLACEMENT_3D('',#18286,#18287,#18288);
#18290=PLANE('',#18289);
#18291=ORIENTED_EDGE('',*,*,#18100,.T.);
#18293=ORIENTED_EDGE('',*,*,#18292,.T.);
#18294=ORIENTED_EDGE('',*,*,#18028,.F.);
#18295=ORIENTED_EDGE('',*,*,#18280,.F.);
#18296=EDGE_LOOP('',(#18291,#18293,#18294,#18295));
#18297=FACE_OUTER_BOUND('',#18296,.F.);
#18298=ADVANCED_FACE('',(#18297),#18290,.T.);
#18299=CARTESIAN_POINT('',(-8.68E0,-2.22E0,-5.47E0));
#18300=DIRECTION('',(1.E0,0.E0,0.E0));
#18301=DIRECTION('',(0.E0,0.E0,-1.E0));
#18302=AXIS2_PLACEMENT_3D('',#18299,#18300,#18301);
#18303=CYLINDRICAL_SURFACE('',#18302,3.2E-1);
#18304=ORIENTED_EDGE('',*,*,#18098,.T.);
#18306=ORIENTED_EDGE('',*,*,#18305,.T.);
#18307=ORIENTED_EDGE('',*,*,#18030,.F.);
#18308=ORIENTED_EDGE('',*,*,#18292,.F.);
#18309=EDGE_LOOP('',(#18304,#18306,#18307,#18308));
#18310=FACE_OUTER_BOUND('',#18309,.F.);
#18311=ADVANCED_FACE('',(#18310),#18303,.T.);
#18312=CARTESIAN_POINT('',(-8.68E0,-1.9E0,-5.47E0));
#18313=DIRECTION('',(0.E0,1.E0,0.E0));
#18314=DIRECTION('',(0.E0,0.E0,1.E0));
#18315=AXIS2_PLACEMENT_3D('',#18312,#18313,#18314);
#18316=PLANE('',#18315);
#18317=ORIENTED_EDGE('',*,*,#18096,.T.);
#18318=ORIENTED_EDGE('',*,*,#17990,.T.);
#18319=ORIENTED_EDGE('',*,*,#18032,.F.);
#18320=ORIENTED_EDGE('',*,*,#18305,.F.);
#18321=EDGE_LOOP('',(#18317,#18318,#18319,#18320));
#18322=FACE_OUTER_BOUND('',#18321,.F.);
#18323=ADVANCED_FACE('',(#18322),#18316,.T.);
#18324=CARTESIAN_POINT('',(-1.168E1,1.93E0,-3.6E0));
#18325=DIRECTION('',(1.E0,0.E0,0.E0));
#18326=DIRECTION('',(0.E0,0.E0,-1.E0));
#18327=AXIS2_PLACEMENT_3D('',#18324,#18325,#18326);
#18328=PLANE('',#18327);
#18330=ORIENTED_EDGE('',*,*,#18329,.F.);
#18332=ORIENTED_EDGE('',*,*,#18331,.T.);
#18333=ORIENTED_EDGE('',*,*,#13799,.F.);
#18334=ORIENTED_EDGE('',*,*,#10107,.T.);
#18335=ORIENTED_EDGE('',*,*,#9409,.T.);
#18336=EDGE_LOOP('',(#18330,#18332,#18333,#18334,#18335));
#18337=FACE_OUTER_BOUND('',#18336,.F.);
#18338=ADVANCED_FACE('',(#18337),#18328,.F.);
#18339=CARTESIAN_POINT('',(-1.168E1,1.93E0,-3.6E0));
#18340=DIRECTION('',(1.E0,0.E0,0.E0));
#18341=DIRECTION('',(0.E0,0.E0,-1.E0));
#18342=AXIS2_PLACEMENT_3D('',#18339,#18340,#18341);
#18343=PLANE('',#18342);
#18345=ORIENTED_EDGE('',*,*,#18344,.T.);
#18346=ORIENTED_EDGE('',*,*,#12016,.T.);
#18347=ORIENTED_EDGE('',*,*,#12978,.T.);
#18348=ORIENTED_EDGE('',*,*,#13183,.T.);
#18349=ORIENTED_EDGE('',*,*,#13238,.T.);
#18351=ORIENTED_EDGE('',*,*,#18350,.T.);
#18352=EDGE_LOOP('',(#18345,#18346,#18347,#18348,#18349,#18351));
#18353=FACE_OUTER_BOUND('',#18352,.F.);
#18354=ADVANCED_FACE('',(#18353),#18343,.F.);
#18355=CARTESIAN_POINT('',(-1.168E1,1.93E0,-3.6E0));
#18356=DIRECTION('',(1.E0,0.E0,0.E0));
#18357=DIRECTION('',(0.E0,0.E0,-1.E0));
#18358=AXIS2_PLACEMENT_3D('',#18355,#18356,#18357);
#18359=PLANE('',#18358);
#18361=ORIENTED_EDGE('',*,*,#18360,.F.);
#18363=ORIENTED_EDGE('',*,*,#18362,.T.);
#18364=ORIENTED_EDGE('',*,*,#13803,.F.);
#18366=ORIENTED_EDGE('',*,*,#18365,.F.);
#18368=ORIENTED_EDGE('',*,*,#18367,.F.);
#18369=ORIENTED_EDGE('',*,*,#12297,.F.);
#18370=ORIENTED_EDGE('',*,*,#12540,.F.);
#18371=EDGE_LOOP('',(#18361,#18363,#18364,#18366,#18368,#18369,#18370));
#18372=FACE_OUTER_BOUND('',#18371,.F.);
#18373=ADVANCED_FACE('',(#18372),#18359,.F.);
#18374=CARTESIAN_POINT('',(-1.168E1,-1.65E0,-4.34E0));
#18375=DIRECTION('',(0.E0,0.E0,-1.E0));
#18376=DIRECTION('',(0.E0,1.E0,0.E0));
#18377=AXIS2_PLACEMENT_3D('',#18374,#18375,#18376);
#18378=PLANE('',#18377);
#18380=ORIENTED_EDGE('',*,*,#18379,.F.);
#18382=ORIENTED_EDGE('',*,*,#18381,.F.);
#18383=ORIENTED_EDGE('',*,*,#18329,.T.);
#18385=ORIENTED_EDGE('',*,*,#18384,.T.);
#18387=ORIENTED_EDGE('',*,*,#18386,.T.);
#18389=ORIENTED_EDGE('',*,*,#18388,.F.);
#18390=EDGE_LOOP('',(#18380,#18382,#18383,#18385,#18387,#18389));
#18391=FACE_OUTER_BOUND('',#18390,.F.);
#18392=ADVANCED_FACE('',(#18391),#18378,.T.);
#18393=CARTESIAN_POINT('',(-1.232E1,1.93E0,-4.95E0));
#18394=DIRECTION('',(-1.E0,0.E0,0.E0));
#18395=DIRECTION('',(0.E0,0.E0,1.E0));
#18396=AXIS2_PLACEMENT_3D('',#18393,#18394,#18395);
#18397=PLANE('',#18396);
#18398=ORIENTED_EDGE('',*,*,#18379,.T.);
#18399=ORIENTED_EDGE('',*,*,#9432,.F.);
#18400=ORIENTED_EDGE('',*,*,#10125,.F.);
#18401=ORIENTED_EDGE('',*,*,#13811,.T.);
#18403=ORIENTED_EDGE('',*,*,#18402,.F.);
#18404=EDGE_LOOP('',(#18398,#18399,#18400,#18401,#18403));
#18405=FACE_OUTER_BOUND('',#18404,.F.);
#18406=ADVANCED_FACE('',(#18405),#18397,.F.);
#18407=CARTESIAN_POINT('',(-1.232E1,1.93E0,-4.95E0));
#18408=DIRECTION('',(-1.E0,0.E0,0.E0));
#18409=DIRECTION('',(0.E0,0.E0,1.E0));
#18410=AXIS2_PLACEMENT_3D('',#18407,#18408,#18409);
#18411=PLANE('',#18410);
#18413=ORIENTED_EDGE('',*,*,#18412,.F.);
#18415=ORIENTED_EDGE('',*,*,#18414,.F.);
#18416=ORIENTED_EDGE('',*,*,#13234,.F.);
#18417=ORIENTED_EDGE('',*,*,#13215,.F.);
#18418=ORIENTED_EDGE('',*,*,#13010,.F.);
#18419=ORIENTED_EDGE('',*,*,#12062,.F.);
#18420=EDGE_LOOP('',(#18413,#18415,#18416,#18417,#18418,#18419));
#18421=FACE_OUTER_BOUND('',#18420,.F.);
#18422=ADVANCED_FACE('',(#18421),#18411,.F.);
#18423=CARTESIAN_POINT('',(-1.232E1,1.93E0,-4.95E0));
#18424=DIRECTION('',(-1.E0,0.E0,0.E0));
#18425=DIRECTION('',(0.E0,0.E0,1.E0));
#18426=AXIS2_PLACEMENT_3D('',#18423,#18424,#18425);
#18427=PLANE('',#18426);
#18429=ORIENTED_EDGE('',*,*,#18428,.T.);
#18430=ORIENTED_EDGE('',*,*,#12561,.T.);
#18431=ORIENTED_EDGE('',*,*,#12312,.T.);
#18433=ORIENTED_EDGE('',*,*,#18432,.T.);
#18435=ORIENTED_EDGE('',*,*,#18434,.T.);
#18436=ORIENTED_EDGE('',*,*,#13807,.T.);
#18438=ORIENTED_EDGE('',*,*,#18437,.F.);
#18439=EDGE_LOOP('',(#18429,#18430,#18431,#18433,#18435,#18436,#18438));
#18440=FACE_OUTER_BOUND('',#18439,.F.);
#18441=ADVANCED_FACE('',(#18440),#18427,.F.);
#18442=CARTESIAN_POINT('',(-1.168E1,-1.65E0,-4.59E0));
#18443=DIRECTION('',(1.E0,0.E0,0.E0));
#18444=DIRECTION('',(0.E0,0.E0,-1.E0));
#18445=AXIS2_PLACEMENT_3D('',#18442,#18443,#18444);
#18446=CYLINDRICAL_SURFACE('',#18445,2.5E-1);
#18447=ORIENTED_EDGE('',*,*,#18402,.T.);
#18449=ORIENTED_EDGE('',*,*,#18448,.F.);
#18451=ORIENTED_EDGE('',*,*,#18450,.F.);
#18453=ORIENTED_EDGE('',*,*,#18452,.T.);
#18454=ORIENTED_EDGE('',*,*,#18331,.F.);
#18455=ORIENTED_EDGE('',*,*,#18381,.T.);
#18456=EDGE_LOOP('',(#18447,#18449,#18451,#18453,#18454,#18455));
#18457=FACE_OUTER_BOUND('',#18456,.F.);
#18458=ADVANCED_FACE('',(#18457),#18446,.F.);
#18459=CARTESIAN_POINT('',(-1.232E1,0.E0,0.E0));
#18460=DIRECTION('',(1.E0,0.E0,0.E0));
#18461=DIRECTION('',(0.E0,0.E0,-1.E0));
#18462=AXIS2_PLACEMENT_3D('',#18459,#18460,#18461);
#18463=PLANE('',#18462);
#18464=ORIENTED_EDGE('',*,*,#9434,.F.);
#18465=ORIENTED_EDGE('',*,*,#18388,.T.);
#18467=ORIENTED_EDGE('',*,*,#18466,.T.);
#18468=ORIENTED_EDGE('',*,*,#12060,.F.);
#18469=ORIENTED_EDGE('',*,*,#12759,.F.);
#18470=ORIENTED_EDGE('',*,*,#12563,.T.);
#18472=ORIENTED_EDGE('',*,*,#18471,.T.);
#18474=ORIENTED_EDGE('',*,*,#18473,.T.);
#18475=ORIENTED_EDGE('',*,*,#12310,.T.);
#18476=ORIENTED_EDGE('',*,*,#12029,.F.);
#18477=EDGE_LOOP('',(#18464,#18465,#18467,#18468,#18469,#18470,#18472,#18474,
#18475,#18476));
#18478=FACE_OUTER_BOUND('',#18477,.F.);
#18479=ADVANCED_FACE('',(#18478),#18463,.F.);
#18480=CARTESIAN_POINT('',(-1.232E1,0.E0,0.E0));
#18481=DIRECTION('',(1.E0,0.E0,0.E0));
#18482=DIRECTION('',(0.E0,0.E0,-1.E0));
#18483=AXIS2_PLACEMENT_3D('',#18480,#18481,#18482);
#18484=PLANE('',#18483);
#18485=ORIENTED_EDGE('',*,*,#13809,.F.);
#18487=ORIENTED_EDGE('',*,*,#18486,.T.);
#18489=ORIENTED_EDGE('',*,*,#18488,.T.);
#18491=ORIENTED_EDGE('',*,*,#18490,.T.);
#18493=ORIENTED_EDGE('',*,*,#18492,.T.);
#18494=ORIENTED_EDGE('',*,*,#18448,.T.);
#18495=EDGE_LOOP('',(#18485,#18487,#18489,#18491,#18493,#18494));
#18496=FACE_OUTER_BOUND('',#18495,.F.);
#18497=ADVANCED_FACE('',(#18496),#18484,.F.);
#18498=CARTESIAN_POINT('',(-1.232E1,0.E0,0.E0));
#18499=DIRECTION('',(1.E0,0.E0,0.E0));
#18500=DIRECTION('',(0.E0,0.E0,-1.E0));
#18501=AXIS2_PLACEMENT_3D('',#18498,#18499,#18500);
#18502=PLANE('',#18501);
#18504=ORIENTED_EDGE('',*,*,#18503,.F.);
#18506=ORIENTED_EDGE('',*,*,#18505,.T.);
#18507=ORIENTED_EDGE('',*,*,#10651,.T.);
#18509=ORIENTED_EDGE('',*,*,#18508,.T.);
#18510=EDGE_LOOP('',(#18504,#18506,#18507,#18509));
#18511=FACE_OUTER_BOUND('',#18510,.F.);
#18512=ADVANCED_FACE('',(#18511),#18502,.F.);
#18513=CARTESIAN_POINT('',(-1.168E1,1.055E0,-4.34E0));
#18514=DIRECTION('',(0.E0,1.E0,0.E0));
#18515=DIRECTION('',(0.E0,0.E0,1.E0));
#18516=AXIS2_PLACEMENT_3D('',#18513,#18514,#18515);
#18517=PLANE('',#18516);
#18518=ORIENTED_EDGE('',*,*,#18412,.T.);
#18519=ORIENTED_EDGE('',*,*,#18466,.F.);
#18520=ORIENTED_EDGE('',*,*,#18386,.F.);
#18522=ORIENTED_EDGE('',*,*,#18521,.T.);
#18523=ORIENTED_EDGE('',*,*,#18344,.F.);
#18525=ORIENTED_EDGE('',*,*,#18524,.F.);
#18526=EDGE_LOOP('',(#18518,#18519,#18520,#18522,#18523,#18525));
#18527=FACE_OUTER_BOUND('',#18526,.F.);
#18528=ADVANCED_FACE('',(#18527),#18517,.T.);
#18529=CARTESIAN_POINT('',(-1.168E1,0.E0,0.E0));
#18530=DIRECTION('',(1.E0,0.E0,0.E0));
#18531=DIRECTION('',(0.E0,0.E0,-1.E0));
#18532=AXIS2_PLACEMENT_3D('',#18529,#18530,#18531);
#18533=PLANE('',#18532);
#18534=ORIENTED_EDGE('',*,*,#9418,.T.);
#18535=ORIENTED_EDGE('',*,*,#11999,.T.);
#18536=ORIENTED_EDGE('',*,*,#12299,.F.);
#18538=ORIENTED_EDGE('',*,*,#18537,.F.);
#18540=ORIENTED_EDGE('',*,*,#18539,.F.);
#18541=ORIENTED_EDGE('',*,*,#12548,.F.);
#18542=ORIENTED_EDGE('',*,*,#12748,.T.);
#18543=ORIENTED_EDGE('',*,*,#12018,.T.);
#18544=ORIENTED_EDGE('',*,*,#18521,.F.);
#18545=ORIENTED_EDGE('',*,*,#18384,.F.);
#18546=EDGE_LOOP('',(#18534,#18535,#18536,#18538,#18540,#18541,#18542,#18543,
#18544,#18545));
#18547=FACE_OUTER_BOUND('',#18546,.F.);
#18548=ADVANCED_FACE('',(#18547),#18533,.T.);
#18549=CARTESIAN_POINT('',(-1.168E1,0.E0,0.E0));
#18550=DIRECTION('',(1.E0,0.E0,0.E0));
#18551=DIRECTION('',(0.E0,0.E0,-1.E0));
#18552=AXIS2_PLACEMENT_3D('',#18549,#18550,#18551);
#18553=PLANE('',#18552);
#18554=ORIENTED_EDGE('',*,*,#13801,.T.);
#18555=ORIENTED_EDGE('',*,*,#18452,.F.);
#18557=ORIENTED_EDGE('',*,*,#18556,.F.);
#18559=ORIENTED_EDGE('',*,*,#18558,.F.);
#18561=ORIENTED_EDGE('',*,*,#18560,.F.);
#18563=ORIENTED_EDGE('',*,*,#18562,.F.);
#18564=EDGE_LOOP('',(#18554,#18555,#18557,#18559,#18561,#18563));
#18565=FACE_OUTER_BOUND('',#18564,.F.);
#18566=ADVANCED_FACE('',(#18565),#18553,.T.);
#18567=CARTESIAN_POINT('',(-1.168E1,0.E0,0.E0));
#18568=DIRECTION('',(1.E0,0.E0,0.E0));
#18569=DIRECTION('',(0.E0,0.E0,-1.E0));
#18570=AXIS2_PLACEMENT_3D('',#18567,#18568,#18569);
#18571=PLANE('',#18570);
#18573=ORIENTED_EDGE('',*,*,#18572,.F.);
#18575=ORIENTED_EDGE('',*,*,#18574,.F.);
#18576=ORIENTED_EDGE('',*,*,#10647,.F.);
#18578=ORIENTED_EDGE('',*,*,#18577,.F.);
#18579=EDGE_LOOP('',(#18573,#18575,#18576,#18578));
#18580=FACE_OUTER_BOUND('',#18579,.F.);
#18581=ADVANCED_FACE('',(#18580),#18571,.T.);
#18582=CARTESIAN_POINT('',(-1.168E1,-3.2E-1,-3.7E0));
#18583=DIRECTION('',(0.E0,0.E0,1.E0));
#18584=DIRECTION('',(0.E0,-1.E0,0.E0));
#18585=AXIS2_PLACEMENT_3D('',#18582,#18583,#18584);
#18586=PLANE('',#18585);
#18587=ORIENTED_EDGE('',*,*,#18432,.F.);
#18588=ORIENTED_EDGE('',*,*,#18473,.F.);
#18590=ORIENTED_EDGE('',*,*,#18589,.F.);
#18591=ORIENTED_EDGE('',*,*,#18537,.T.);
#18592=ORIENTED_EDGE('',*,*,#18367,.T.);
#18594=ORIENTED_EDGE('',*,*,#18593,.T.);
#18595=EDGE_LOOP('',(#18587,#18588,#18590,#18591,#18592,#18594));
#18596=FACE_OUTER_BOUND('',#18595,.F.);
#18597=ADVANCED_FACE('',(#18596),#18586,.T.);
#18598=CARTESIAN_POINT('',(-1.168E1,-3.2E-1,2.46E0));
#18599=DIRECTION('',(0.E0,-1.E0,0.E0));
#18600=DIRECTION('',(0.E0,0.E0,-1.E0));
#18601=AXIS2_PLACEMENT_3D('',#18598,#18599,#18600);
#18602=PLANE('',#18601);
#18603=ORIENTED_EDGE('',*,*,#18428,.F.);
#18605=ORIENTED_EDGE('',*,*,#18604,.T.);
#18606=ORIENTED_EDGE('',*,*,#18360,.T.);
#18607=ORIENTED_EDGE('',*,*,#18539,.T.);
#18608=ORIENTED_EDGE('',*,*,#18589,.T.);
#18609=ORIENTED_EDGE('',*,*,#18471,.F.);
#18610=EDGE_LOOP('',(#18603,#18605,#18606,#18607,#18608,#18609));
#18611=FACE_OUTER_BOUND('',#18610,.F.);
#18612=ADVANCED_FACE('',(#18611),#18602,.T.);
#18613=CARTESIAN_POINT('',(-1.168E1,-3.2E-1,2.46E0));
#18614=DIRECTION('',(0.E0,-1.E0,0.E0));
#18615=DIRECTION('',(0.E0,0.E0,-1.E0));
#18616=AXIS2_PLACEMENT_3D('',#18613,#18614,#18615);
#18617=PLANE('',#18616);
#18619=ORIENTED_EDGE('',*,*,#18618,.F.);
#18620=ORIENTED_EDGE('',*,*,#18577,.T.);
#18621=ORIENTED_EDGE('',*,*,#10653,.F.);
#18622=ORIENTED_EDGE('',*,*,#18505,.F.);
#18623=EDGE_LOOP('',(#18619,#18620,#18621,#18622));
#18624=FACE_OUTER_BOUND('',#18623,.F.);
#18625=ADVANCED_FACE('',(#18624),#18617,.T.);
#18626=CARTESIAN_POINT('',(-1.232E1,1.93E0,-3.6E0));
#18627=DIRECTION('',(0.E0,0.E0,1.E0));
#18628=DIRECTION('',(1.E0,0.E0,0.E0));
#18629=AXIS2_PLACEMENT_3D('',#18626,#18627,#18628);
#18630=PLANE('',#18629);
#18631=ORIENTED_EDGE('',*,*,#18524,.T.);
#18632=ORIENTED_EDGE('',*,*,#18350,.F.);
#18633=ORIENTED_EDGE('',*,*,#13236,.F.);
#18634=ORIENTED_EDGE('',*,*,#18414,.T.);
#18635=EDGE_LOOP('',(#18631,#18632,#18633,#18634));
#18636=FACE_OUTER_BOUND('',#18635,.F.);
#18637=ADVANCED_FACE('',(#18636),#18630,.F.);
#18638=CARTESIAN_POINT('',(-1.232E1,1.93E0,-3.6E0));
#18639=DIRECTION('',(0.E0,0.E0,1.E0));
#18640=DIRECTION('',(1.E0,0.E0,0.E0));
#18641=AXIS2_PLACEMENT_3D('',#18638,#18639,#18640);
#18642=PLANE('',#18641);
#18643=ORIENTED_EDGE('',*,*,#18604,.F.);
#18644=ORIENTED_EDGE('',*,*,#18437,.T.);
#18645=ORIENTED_EDGE('',*,*,#13805,.T.);
#18646=ORIENTED_EDGE('',*,*,#18362,.F.);
#18647=EDGE_LOOP('',(#18643,#18644,#18645,#18646));
#18648=FACE_OUTER_BOUND('',#18647,.F.);
#18649=ADVANCED_FACE('',(#18648),#18642,.F.);
#18650=CARTESIAN_POINT('',(-1.2E1,-2.45E-1,2.26E0));
#18651=DIRECTION('',(0.E0,-9.363291775690E-1,3.511234415884E-1));
#18652=DIRECTION('',(0.E0,3.511234415884E-1,9.363291775690E-1));
#18653=AXIS2_PLACEMENT_3D('',#18650,#18651,#18652);
#18654=PLANE('',#18653);
#18656=ORIENTED_EDGE('',*,*,#18655,.F.);
#18658=ORIENTED_EDGE('',*,*,#18657,.F.);
#18659=ORIENTED_EDGE('',*,*,#18618,.T.);
#18661=ORIENTED_EDGE('',*,*,#18660,.F.);
#18662=EDGE_LOOP('',(#18656,#18658,#18659,#18661));
#18663=FACE_OUTER_BOUND('',#18662,.F.);
#18664=ADVANCED_FACE('',(#18663),#18654,.T.);
#18665=CARTESIAN_POINT('',(-1.168E1,3.2E-1,2.46E0));
#18666=DIRECTION('',(0.E0,0.E0,1.E0));
#18667=DIRECTION('',(0.E0,-1.E0,0.E0));
#18668=AXIS2_PLACEMENT_3D('',#18665,#18666,#18667);
#18669=PLANE('',#18668);
#18670=ORIENTED_EDGE('',*,*,#18655,.T.);
#18672=ORIENTED_EDGE('',*,*,#18671,.T.);
#18674=ORIENTED_EDGE('',*,*,#18673,.F.);
#18676=ORIENTED_EDGE('',*,*,#18675,.T.);
#18677=EDGE_LOOP('',(#18670,#18672,#18674,#18676));
#18678=FACE_OUTER_BOUND('',#18677,.F.);
#18679=ADVANCED_FACE('',(#18678),#18669,.T.);
#18680=CARTESIAN_POINT('',(-1.2245E1,0.E0,2.26E0));
#18681=DIRECTION('',(-9.363291775690E-1,0.E0,3.511234415884E-1));
#18682=DIRECTION('',(3.511234415884E-1,0.E0,9.363291775690E-1));
#18683=AXIS2_PLACEMENT_3D('',#18680,#18681,#18682);
#18684=PLANE('',#18683);
#18685=ORIENTED_EDGE('',*,*,#18503,.T.);
#18687=ORIENTED_EDGE('',*,*,#18686,.F.);
#18688=ORIENTED_EDGE('',*,*,#18671,.F.);
#18689=ORIENTED_EDGE('',*,*,#18660,.T.);
#18690=EDGE_LOOP('',(#18685,#18687,#18688,#18689));
#18691=FACE_OUTER_BOUND('',#18690,.F.);
#18692=ADVANCED_FACE('',(#18691),#18684,.T.);
#18693=CARTESIAN_POINT('',(-1.2E1,2.45E-1,2.26E0));
#18694=DIRECTION('',(0.E0,9.363291775690E-1,3.511234415884E-1));
#18695=DIRECTION('',(0.E0,3.511234415884E-1,-9.363291775690E-1));
#18696=AXIS2_PLACEMENT_3D('',#18693,#18694,#18695);
#18697=PLANE('',#18696);
#18699=ORIENTED_EDGE('',*,*,#18698,.F.);
#18701=ORIENTED_EDGE('',*,*,#18700,.F.);
#18702=ORIENTED_EDGE('',*,*,#18673,.T.);
#18703=ORIENTED_EDGE('',*,*,#18686,.T.);
#18704=EDGE_LOOP('',(#18699,#18701,#18702,#18703));
#18705=FACE_OUTER_BOUND('',#18704,.F.);
#18706=ADVANCED_FACE('',(#18705),#18697,.T.);
#18707=CARTESIAN_POINT('',(-1.168E1,3.2E-1,-2.49E0));
#18708=DIRECTION('',(0.E0,1.E0,0.E0));
#18709=DIRECTION('',(0.E0,0.E0,1.E0));
#18710=AXIS2_PLACEMENT_3D('',#18707,#18708,#18709);
#18711=PLANE('',#18710);
#18712=ORIENTED_EDGE('',*,*,#18698,.T.);
#18713=ORIENTED_EDGE('',*,*,#18508,.F.);
#18714=ORIENTED_EDGE('',*,*,#10649,.T.);
#18715=ORIENTED_EDGE('',*,*,#18574,.T.);
#18716=EDGE_LOOP('',(#18712,#18713,#18714,#18715));
#18717=FACE_OUTER_BOUND('',#18716,.F.);
#18718=ADVANCED_FACE('',(#18717),#18711,.T.);
#18719=CARTESIAN_POINT('',(-1.1755E1,1.065814103640E-14,2.26E0));
#18720=DIRECTION('',(9.363291775690E-1,0.E0,3.511234415884E-1));
#18721=DIRECTION('',(-3.511234415884E-1,0.E0,9.363291775690E-1));
#18722=AXIS2_PLACEMENT_3D('',#18719,#18720,#18721);
#18723=PLANE('',#18722);
#18724=ORIENTED_EDGE('',*,*,#18675,.F.);
#18725=ORIENTED_EDGE('',*,*,#18700,.T.);
#18726=ORIENTED_EDGE('',*,*,#18572,.T.);
#18727=ORIENTED_EDGE('',*,*,#18657,.T.);
#18728=EDGE_LOOP('',(#18724,#18725,#18726,#18727));
#18729=FACE_OUTER_BOUND('',#18728,.F.);
#18730=ADVANCED_FACE('',(#18729),#18723,.T.);
#18731=CARTESIAN_POINT('',(-1.168E1,-1.65E0,-4.59E0));
#18732=DIRECTION('',(1.E0,0.E0,0.E0));
#18733=DIRECTION('',(0.E0,0.E0,-1.E0));
#18734=AXIS2_PLACEMENT_3D('',#18731,#18732,#18733);
#18735=CYLINDRICAL_SURFACE('',#18734,8.9E-1);
#18736=ORIENTED_EDGE('',*,*,#18434,.F.);
#18737=ORIENTED_EDGE('',*,*,#18593,.F.);
#18738=ORIENTED_EDGE('',*,*,#18365,.T.);
#18739=ORIENTED_EDGE('',*,*,#18562,.T.);
#18741=ORIENTED_EDGE('',*,*,#18740,.T.);
#18742=ORIENTED_EDGE('',*,*,#18486,.F.);
#18743=EDGE_LOOP('',(#18736,#18737,#18738,#18739,#18741,#18742));
#18744=FACE_OUTER_BOUND('',#18743,.F.);
#18745=ADVANCED_FACE('',(#18744),#18735,.T.);
#18746=CARTESIAN_POINT('',(-1.168E1,-2.54E0,-4.59E0));
#18747=DIRECTION('',(0.E0,-1.E0,0.E0));
#18748=DIRECTION('',(0.E0,0.E0,-1.E0));
#18749=AXIS2_PLACEMENT_3D('',#18746,#18747,#18748);
#18750=PLANE('',#18749);
#18751=ORIENTED_EDGE('',*,*,#18560,.T.);
#18753=ORIENTED_EDGE('',*,*,#18752,.T.);
#18754=ORIENTED_EDGE('',*,*,#18488,.F.);
#18755=ORIENTED_EDGE('',*,*,#18740,.F.);
#18756=EDGE_LOOP('',(#18751,#18753,#18754,#18755));
#18757=FACE_OUTER_BOUND('',#18756,.F.);
#18758=ADVANCED_FACE('',(#18757),#18750,.T.);
#18759=CARTESIAN_POINT('',(-1.168E1,-2.22E0,-5.47E0));
#18760=DIRECTION('',(1.E0,0.E0,0.E0));
#18761=DIRECTION('',(0.E0,0.E0,-1.E0));
#18762=AXIS2_PLACEMENT_3D('',#18759,#18760,#18761);
#18763=CYLINDRICAL_SURFACE('',#18762,3.2E-1);
#18764=ORIENTED_EDGE('',*,*,#18558,.T.);
#18766=ORIENTED_EDGE('',*,*,#18765,.T.);
#18767=ORIENTED_EDGE('',*,*,#18490,.F.);
#18768=ORIENTED_EDGE('',*,*,#18752,.F.);
#18769=EDGE_LOOP('',(#18764,#18766,#18767,#18768));
#18770=FACE_OUTER_BOUND('',#18769,.F.);
#18771=ADVANCED_FACE('',(#18770),#18763,.T.);
#18772=CARTESIAN_POINT('',(-1.168E1,-1.9E0,-5.47E0));
#18773=DIRECTION('',(0.E0,1.E0,0.E0));
#18774=DIRECTION('',(0.E0,0.E0,1.E0));
#18775=AXIS2_PLACEMENT_3D('',#18772,#18773,#18774);
#18776=PLANE('',#18775);
#18777=ORIENTED_EDGE('',*,*,#18556,.T.);
#18778=ORIENTED_EDGE('',*,*,#18450,.T.);
#18779=ORIENTED_EDGE('',*,*,#18492,.F.);
#18780=ORIENTED_EDGE('',*,*,#18765,.F.);
#18781=EDGE_LOOP('',(#18777,#18778,#18779,#18780));
#18782=FACE_OUTER_BOUND('',#18781,.F.);
#18783=ADVANCED_FACE('',(#18782),#18776,.T.);
#18784=CARTESIAN_POINT('',(-1.468E1,-1.65E0,-4.59E0));
#18785=DIRECTION('',(1.E0,0.E0,0.E0));
#18786=DIRECTION('',(0.E0,0.E0,-1.E0));
#18787=AXIS2_PLACEMENT_3D('',#18784,#18785,#18786);
#18788=CYLINDRICAL_SURFACE('',#18787,8.9E-1);
#18789=ORIENTED_EDGE('',*,*,#13368,.F.);
#18790=ORIENTED_EDGE('',*,*,#13552,.F.);
#18791=ORIENTED_EDGE('',*,*,#13650,.T.);
#18792=ORIENTED_EDGE('',*,*,#13520,.T.);
#18794=ORIENTED_EDGE('',*,*,#18793,.T.);
#18795=ORIENTED_EDGE('',*,*,#13442,.F.);
#18796=EDGE_LOOP('',(#18789,#18790,#18791,#18792,#18794,#18795));
#18797=FACE_OUTER_BOUND('',#18796,.F.);
#18798=ADVANCED_FACE('',(#18797),#18788,.T.);
#18799=CARTESIAN_POINT('',(-1.468E1,-2.54E0,-4.59E0));
#18800=DIRECTION('',(0.E0,-1.E0,0.E0));
#18801=DIRECTION('',(0.E0,0.E0,-1.E0));
#18802=AXIS2_PLACEMENT_3D('',#18799,#18800,#18801);
#18803=PLANE('',#18802);
#18804=ORIENTED_EDGE('',*,*,#13518,.T.);
#18806=ORIENTED_EDGE('',*,*,#18805,.T.);
#18807=ORIENTED_EDGE('',*,*,#13444,.F.);
#18808=ORIENTED_EDGE('',*,*,#18793,.F.);
#18809=EDGE_LOOP('',(#18804,#18806,#18807,#18808));
#18810=FACE_OUTER_BOUND('',#18809,.F.);
#18811=ADVANCED_FACE('',(#18810),#18803,.T.);
#18812=CARTESIAN_POINT('',(-1.468E1,-2.22E0,-5.47E0));
#18813=DIRECTION('',(1.E0,0.E0,0.E0));
#18814=DIRECTION('',(0.E0,0.E0,-1.E0));
#18815=AXIS2_PLACEMENT_3D('',#18812,#18813,#18814);
#18816=CYLINDRICAL_SURFACE('',#18815,3.2E-1);
#18817=ORIENTED_EDGE('',*,*,#13516,.T.);
#18819=ORIENTED_EDGE('',*,*,#18818,.T.);
#18820=ORIENTED_EDGE('',*,*,#13446,.F.);
#18821=ORIENTED_EDGE('',*,*,#18805,.F.);
#18822=EDGE_LOOP('',(#18817,#18819,#18820,#18821));
#18823=FACE_OUTER_BOUND('',#18822,.F.);
#18824=ADVANCED_FACE('',(#18823),#18816,.T.);
#18825=CARTESIAN_POINT('',(-1.468E1,-1.9E0,-5.47E0));
#18826=DIRECTION('',(0.E0,1.E0,0.E0));
#18827=DIRECTION('',(0.E0,0.E0,1.E0));
#18828=AXIS2_PLACEMENT_3D('',#18825,#18826,#18827);
#18829=PLANE('',#18828);
#18830=ORIENTED_EDGE('',*,*,#13514,.T.);
#18831=ORIENTED_EDGE('',*,*,#13404,.T.);
#18832=ORIENTED_EDGE('',*,*,#13448,.F.);
#18833=ORIENTED_EDGE('',*,*,#18818,.F.);
#18834=EDGE_LOOP('',(#18830,#18831,#18832,#18833));
#18835=FACE_OUTER_BOUND('',#18834,.F.);
#18836=ADVANCED_FACE('',(#18835),#18829,.T.);
#18837=CARTESIAN_POINT('',(-1.5E1,-2.45E-1,2.26E0));
#18838=DIRECTION('',(0.E0,-9.363291775690E-1,3.511234415884E-1));
#18839=DIRECTION('',(0.E0,3.511234415884E-1,9.363291775690E-1));
#18840=AXIS2_PLACEMENT_3D('',#18837,#18838,#18839);
#18841=PLANE('',#18840);
#18843=ORIENTED_EDGE('',*,*,#18842,.F.);
#18845=ORIENTED_EDGE('',*,*,#18844,.F.);
#18846=ORIENTED_EDGE('',*,*,#13578,.T.);
#18848=ORIENTED_EDGE('',*,*,#18847,.F.);
#18849=EDGE_LOOP('',(#18843,#18845,#18846,#18848));
#18850=FACE_OUTER_BOUND('',#18849,.F.);
#18851=ADVANCED_FACE('',(#18850),#18841,.T.);
#18852=CARTESIAN_POINT('',(-1.468E1,3.2E-1,2.46E0));
#18853=DIRECTION('',(0.E0,0.E0,1.E0));
#18854=DIRECTION('',(0.E0,-1.E0,0.E0));
#18855=AXIS2_PLACEMENT_3D('',#18852,#18853,#18854);
#18856=PLANE('',#18855);
#18857=ORIENTED_EDGE('',*,*,#18842,.T.);
#18859=ORIENTED_EDGE('',*,*,#18858,.T.);
#18861=ORIENTED_EDGE('',*,*,#18860,.F.);
#18863=ORIENTED_EDGE('',*,*,#18862,.T.);
#18864=EDGE_LOOP('',(#18857,#18859,#18861,#18863));
#18865=FACE_OUTER_BOUND('',#18864,.F.);
#18866=ADVANCED_FACE('',(#18865),#18856,.T.);
#18867=CARTESIAN_POINT('',(-1.5245E1,-1.776356839400E-14,2.26E0));
#18868=DIRECTION('',(-9.363291775690E-1,0.E0,3.511234415884E-1));
#18869=DIRECTION('',(3.511234415884E-1,0.E0,9.363291775690E-1));
#18870=AXIS2_PLACEMENT_3D('',#18867,#18868,#18869);
#18871=PLANE('',#18870);
#18872=ORIENTED_EDGE('',*,*,#13459,.T.);
#18874=ORIENTED_EDGE('',*,*,#18873,.F.);
#18875=ORIENTED_EDGE('',*,*,#18858,.F.);
#18876=ORIENTED_EDGE('',*,*,#18847,.T.);
#18877=EDGE_LOOP('',(#18872,#18874,#18875,#18876));
#18878=FACE_OUTER_BOUND('',#18877,.F.);
#18879=ADVANCED_FACE('',(#18878),#18871,.T.);
#18880=CARTESIAN_POINT('',(-1.5E1,2.45E-1,2.26E0));
#18881=DIRECTION('',(0.E0,9.363291775690E-1,3.511234415884E-1));
#18882=DIRECTION('',(0.E0,3.511234415884E-1,-9.363291775690E-1));
#18883=AXIS2_PLACEMENT_3D('',#18880,#18881,#18882);
#18884=PLANE('',#18883);
#18886=ORIENTED_EDGE('',*,*,#18885,.F.);
#18888=ORIENTED_EDGE('',*,*,#18887,.F.);
#18889=ORIENTED_EDGE('',*,*,#18860,.T.);
#18890=ORIENTED_EDGE('',*,*,#18873,.T.);
#18891=EDGE_LOOP('',(#18886,#18888,#18889,#18890));
#18892=FACE_OUTER_BOUND('',#18891,.F.);
#18893=ADVANCED_FACE('',(#18892),#18884,.T.);
#18894=CARTESIAN_POINT('',(-1.468E1,3.2E-1,-2.49E0));
#18895=DIRECTION('',(0.E0,1.E0,0.E0));
#18896=DIRECTION('',(0.E0,0.E0,1.E0));
#18897=AXIS2_PLACEMENT_3D('',#18894,#18895,#18896);
#18898=PLANE('',#18897);
#18899=ORIENTED_EDGE('',*,*,#18885,.T.);
#18900=ORIENTED_EDGE('',*,*,#13464,.F.);
#18901=ORIENTED_EDGE('',*,*,#10621,.T.);
#18902=ORIENTED_EDGE('',*,*,#13532,.T.);
#18903=EDGE_LOOP('',(#18899,#18900,#18901,#18902));
#18904=FACE_OUTER_BOUND('',#18903,.F.);
#18905=ADVANCED_FACE('',(#18904),#18898,.T.);
#18906=CARTESIAN_POINT('',(-1.4755E1,1.776356839400E-14,2.26E0));
#18907=DIRECTION('',(9.363291775690E-1,0.E0,3.511234415884E-1));
#18908=DIRECTION('',(-3.511234415884E-1,0.E0,9.363291775690E-1));
#18909=AXIS2_PLACEMENT_3D('',#18906,#18907,#18908);
#18910=PLANE('',#18909);
#18911=ORIENTED_EDGE('',*,*,#18862,.F.);
#18912=ORIENTED_EDGE('',*,*,#18887,.T.);
#18913=ORIENTED_EDGE('',*,*,#13530,.T.);
#18914=ORIENTED_EDGE('',*,*,#18844,.T.);
#18915=EDGE_LOOP('',(#18911,#18912,#18913,#18914));
#18916=FACE_OUTER_BOUND('',#18915,.F.);
#18917=ADVANCED_FACE('',(#18916),#18910,.T.);
#18918=CARTESIAN_POINT('',(1.6965E1,1.93E0,-4.95E0));
#18919=DIRECTION('',(-1.E0,0.E0,0.E0));
#18920=DIRECTION('',(0.E0,0.E0,1.E0));
#18921=AXIS2_PLACEMENT_3D('',#18918,#18919,#18920);
#18922=PLANE('',#18921);
#18924=ORIENTED_EDGE('',*,*,#18923,.F.);
#18925=ORIENTED_EDGE('',*,*,#13303,.F.);
#18926=ORIENTED_EDGE('',*,*,#13051,.F.);
#18927=ORIENTED_EDGE('',*,*,#12846,.F.);
#18928=ORIENTED_EDGE('',*,*,#11699,.F.);
#18929=ORIENTED_EDGE('',*,*,#12620,.T.);
#18930=ORIENTED_EDGE('',*,*,#12375,.T.);
#18931=ORIENTED_EDGE('',*,*,#12124,.T.);
#18932=ORIENTED_EDGE('',*,*,#11684,.F.);
#18933=ORIENTED_EDGE('',*,*,#9235,.F.);
#18934=ORIENTED_EDGE('',*,*,#10155,.F.);
#18935=ORIENTED_EDGE('',*,*,#9663,.T.);
#18936=EDGE_LOOP('',(#18924,#18925,#18926,#18927,#18928,#18929,#18930,#18931,
#18932,#18933,#18934,#18935));
#18937=FACE_OUTER_BOUND('',#18936,.F.);
#18938=ADVANCED_FACE('',(#18937),#18922,.F.);
#18939=CARTESIAN_POINT('',(1.6965E1,1.93E0,-3.25E0));
#18940=DIRECTION('',(0.E0,0.E0,1.E0));
#18941=DIRECTION('',(1.E0,0.E0,0.E0));
#18942=AXIS2_PLACEMENT_3D('',#18939,#18940,#18941);
#18943=PLANE('',#18942);
#18944=ORIENTED_EDGE('',*,*,#9661,.T.);
#18945=ORIENTED_EDGE('',*,*,#9497,.F.);
#18946=ORIENTED_EDGE('',*,*,#13305,.F.);
#18947=ORIENTED_EDGE('',*,*,#18923,.T.);
#18948=EDGE_LOOP('',(#18944,#18945,#18946,#18947));
#18949=FACE_OUTER_BOUND('',#18948,.F.);
#18950=ADVANCED_FACE('',(#18949),#18943,.F.);
#18951=CARTESIAN_POINT('',(-1.7625E1,1.421085471520E-14,4.25E0));
#18952=DIRECTION('',(-7.071067811865E-1,0.E0,7.071067811865E-1));
#18953=DIRECTION('',(7.071067811865E-1,0.E0,7.071067811865E-1));
#18954=AXIS2_PLACEMENT_3D('',#18951,#18952,#18953);
#18955=PLANE('',#18954);
#18956=ORIENTED_EDGE('',*,*,#10323,.F.);
#18957=ORIENTED_EDGE('',*,*,#12803,.T.);
#18958=ORIENTED_EDGE('',*,*,#13312,.T.);
#18959=ORIENTED_EDGE('',*,*,#10390,.F.);
#18960=EDGE_LOOP('',(#18956,#18957,#18958,#18959));
#18961=FACE_OUTER_BOUND('',#18960,.F.);
#18962=ADVANCED_FACE('',(#18961),#18955,.T.);
#18963=CARTESIAN_POINT('',(-1.7625E1,1.421085471520E-14,4.25E0));
#18964=DIRECTION('',(-7.071067811865E-1,0.E0,7.071067811865E-1));
#18965=DIRECTION('',(7.071067811865E-1,0.E0,7.071067811865E-1));
#18966=AXIS2_PLACEMENT_3D('',#18963,#18964,#18965);
#18967=PLANE('',#18966);
#18968=ORIENTED_EDGE('',*,*,#9624,.F.);
#18969=ORIENTED_EDGE('',*,*,#12807,.T.);
#18970=ORIENTED_EDGE('',*,*,#10361,.T.);
#18971=ORIENTED_EDGE('',*,*,#10386,.F.);
#18972=EDGE_LOOP('',(#18968,#18969,#18970,#18971));
#18973=FACE_OUTER_BOUND('',#18972,.F.);
#18974=ADVANCED_FACE('',(#18973),#18967,.T.);
#18975=CARTESIAN_POINT('',(-1.7365E1,1.93E0,-3.25E0));
#18976=DIRECTION('',(0.E0,0.E0,1.E0));
#18977=DIRECTION('',(1.E0,0.E0,0.E0));
#18978=AXIS2_PLACEMENT_3D('',#18975,#18976,#18977);
#18979=PLANE('',#18978);
#18980=ORIENTED_EDGE('',*,*,#9616,.T.);
#18982=ORIENTED_EDGE('',*,*,#18981,.F.);
#18983=ORIENTED_EDGE('',*,*,#13317,.F.);
#18984=ORIENTED_EDGE('',*,*,#9730,.T.);
#18985=EDGE_LOOP('',(#18980,#18982,#18983,#18984));
#18986=FACE_OUTER_BOUND('',#18985,.F.);
#18987=ADVANCED_FACE('',(#18986),#18979,.F.);
#18988=CARTESIAN_POINT('',(-1.6965E1,1.93E0,-3.25E0));
#18989=DIRECTION('',(1.E0,0.E0,0.E0));
#18990=DIRECTION('',(0.E0,0.E0,-1.E0));
#18991=AXIS2_PLACEMENT_3D('',#18988,#18989,#18990);
#18992=PLANE('',#18991);
#18993=ORIENTED_EDGE('',*,*,#18981,.T.);
#18994=ORIENTED_EDGE('',*,*,#9614,.T.);
#18995=ORIENTED_EDGE('',*,*,#10144,.T.);
#18996=ORIENTED_EDGE('',*,*,#9450,.T.);
#18997=ORIENTED_EDGE('',*,*,#12045,.T.);
#18998=ORIENTED_EDGE('',*,*,#12332,.F.);
#18999=ORIENTED_EDGE('',*,*,#12579,.F.);
#19000=ORIENTED_EDGE('',*,*,#12773,.T.);
#19001=ORIENTED_EDGE('',*,*,#12082,.T.);
#19002=ORIENTED_EDGE('',*,*,#12996,.T.);
#19003=ORIENTED_EDGE('',*,*,#13201,.T.);
#19004=ORIENTED_EDGE('',*,*,#13319,.T.);
#19005=EDGE_LOOP('',(#18993,#18994,#18995,#18996,#18997,#18998,#18999,#19000,
#19001,#19002,#19003,#19004));
#19006=FACE_OUTER_BOUND('',#19005,.F.);
#19007=ADVANCED_FACE('',(#19006),#18992,.F.);
#19008=CARTESIAN_POINT('',(-1.6925E1,1.25E0,3.55E0));
#19009=DIRECTION('',(0.E0,0.E0,-1.E0));
#19010=DIRECTION('',(-1.E0,0.E0,0.E0));
#19011=AXIS2_PLACEMENT_3D('',#19008,#19009,#19010);
#19012=PLANE('',#19011);
#19013=ORIENTED_EDGE('',*,*,#12805,.T.);
#19014=ORIENTED_EDGE('',*,*,#10321,.F.);
#19016=ORIENTED_EDGE('',*,*,#19015,.T.);
#19017=ORIENTED_EDGE('',*,*,#10363,.T.);
#19018=EDGE_LOOP('',(#19013,#19014,#19016,#19017));
#19019=FACE_OUTER_BOUND('',#19018,.F.);
#19020=ADVANCED_FACE('',(#19019),#19012,.F.);
#19021=CARTESIAN_POINT('',(-1.6925E1,1.25E0,4.95E0));
#19022=DIRECTION('',(1.E0,0.E0,0.E0));
#19023=DIRECTION('',(0.E0,0.E0,-1.E0));
#19024=AXIS2_PLACEMENT_3D('',#19021,#19022,#19023);
#19025=PLANE('',#19024);
#19026=ORIENTED_EDGE('',*,*,#10388,.F.);
#19027=ORIENTED_EDGE('',*,*,#10359,.T.);
#19028=ORIENTED_EDGE('',*,*,#19015,.F.);
#19029=ORIENTED_EDGE('',*,*,#10319,.F.);
#19030=EDGE_LOOP('',(#19026,#19027,#19028,#19029));
#19031=FACE_OUTER_BOUND('',#19030,.F.);
#19032=ADVANCED_FACE('',(#19031),#19025,.F.);
#19033=CARTESIAN_POINT('',(1.8325E1,4.25E-2,-3.5E0));
#19034=DIRECTION('',(0.E0,1.E0,0.E0));
#19035=DIRECTION('',(0.E0,0.E0,1.E0));
#19036=AXIS2_PLACEMENT_3D('',#19033,#19034,#19035);
#19037=PLANE('',#19036);
#19038=ORIENTED_EDGE('',*,*,#10255,.F.);
#19040=ORIENTED_EDGE('',*,*,#19039,.T.);
#19042=ORIENTED_EDGE('',*,*,#19041,.T.);
#19044=ORIENTED_EDGE('',*,*,#19043,.F.);
#19045=EDGE_LOOP('',(#19038,#19040,#19042,#19044));
#19046=FACE_OUTER_BOUND('',#19045,.F.);
#19047=ADVANCED_FACE('',(#19046),#19037,.F.);
#19048=CARTESIAN_POINT('',(1.8325E1,-1.1375E-1,-3.5E0));
#19049=DIRECTION('',(0.E0,0.E0,-1.E0));
#19050=DIRECTION('',(0.E0,1.E0,0.E0));
#19051=AXIS2_PLACEMENT_3D('',#19048,#19049,#19050);
#19052=PLANE('',#19051);
#19053=ORIENTED_EDGE('',*,*,#10267,.F.);
#19055=ORIENTED_EDGE('',*,*,#19054,.T.);
#19057=ORIENTED_EDGE('',*,*,#19056,.T.);
#19058=ORIENTED_EDGE('',*,*,#19039,.F.);
#19059=EDGE_LOOP('',(#19053,#19055,#19057,#19058));
#19060=FACE_OUTER_BOUND('',#19059,.F.);
#19061=ADVANCED_FACE('',(#19060),#19052,.F.);
#19062=CARTESIAN_POINT('',(1.8325E1,-1.1375E-1,-2.462765932083E0));
#19063=DIRECTION('',(0.E0,-1.E0,0.E0));
#19064=DIRECTION('',(0.E0,0.E0,-1.E0));
#19065=AXIS2_PLACEMENT_3D('',#19062,#19063,#19064);
#19066=PLANE('',#19065);
#19067=ORIENTED_EDGE('',*,*,#10265,.F.);
#19069=ORIENTED_EDGE('',*,*,#19068,.T.);
#19071=ORIENTED_EDGE('',*,*,#19070,.T.);
#19072=ORIENTED_EDGE('',*,*,#19054,.F.);
#19073=EDGE_LOOP('',(#19067,#19069,#19071,#19072));
#19074=FACE_OUTER_BOUND('',#19073,.F.);
#19075=ADVANCED_FACE('',(#19074),#19066,.F.);
#19076=CARTESIAN_POINT('',(1.8325E1,-2.7E-1,-2.648936197162E0));
#19077=DIRECTION('',(0.E0,7.659743427825E-1,-6.428711427642E-1));
#19078=DIRECTION('',(0.E0,6.428711427642E-1,7.659743427825E-1));
#19079=AXIS2_PLACEMENT_3D('',#19076,#19077,#19078);
#19080=PLANE('',#19079);
#19081=ORIENTED_EDGE('',*,*,#10263,.F.);
#19083=ORIENTED_EDGE('',*,*,#19082,.T.);
#19085=ORIENTED_EDGE('',*,*,#19084,.T.);
#19086=ORIENTED_EDGE('',*,*,#19068,.F.);
#19087=EDGE_LOOP('',(#19081,#19083,#19085,#19086));
#19088=FACE_OUTER_BOUND('',#19087,.F.);
#19089=ADVANCED_FACE('',(#19088),#19080,.F.);
#19090=CARTESIAN_POINT('',(1.8325E1,-2.7E-1,-2.436170190573E0));
#19091=DIRECTION('',(0.E0,-1.E0,0.E0));
#19092=DIRECTION('',(0.E0,0.E0,-1.E0));
#19093=AXIS2_PLACEMENT_3D('',#19090,#19091,#19092);
#19094=PLANE('',#19093);
#19095=ORIENTED_EDGE('',*,*,#10261,.F.);
#19097=ORIENTED_EDGE('',*,*,#19096,.T.);
#19099=ORIENTED_EDGE('',*,*,#19098,.T.);
#19100=ORIENTED_EDGE('',*,*,#19082,.F.);
#19101=EDGE_LOOP('',(#19095,#19097,#19099,#19100));
#19102=FACE_OUTER_BOUND('',#19101,.F.);
#19103=ADVANCED_FACE('',(#19102),#19094,.F.);
#19104=CARTESIAN_POINT('',(1.8325E1,-1.1375E-1,-2.25E0));
#19105=DIRECTION('',(0.E0,-7.659742160926E-1,6.428712937139E-1));
#19106=DIRECTION('',(0.E0,-6.428712937139E-1,-7.659742160926E-1));
#19107=AXIS2_PLACEMENT_3D('',#19104,#19105,#19106);
#19108=PLANE('',#19107);
#19109=ORIENTED_EDGE('',*,*,#10259,.F.);
#19111=ORIENTED_EDGE('',*,*,#19110,.T.);
#19113=ORIENTED_EDGE('',*,*,#19112,.T.);
#19114=ORIENTED_EDGE('',*,*,#19096,.F.);
#19115=EDGE_LOOP('',(#19109,#19111,#19113,#19114));
#19116=FACE_OUTER_BOUND('',#19115,.F.);
#19117=ADVANCED_FACE('',(#19116),#19108,.F.);
#19118=CARTESIAN_POINT('',(1.8325E1,4.25E-2,-2.25E0));
#19119=DIRECTION('',(0.E0,0.E0,1.E0));
#19120=DIRECTION('',(0.E0,-1.E0,0.E0));
#19121=AXIS2_PLACEMENT_3D('',#19118,#19119,#19120);
#19122=PLANE('',#19121);
#19123=ORIENTED_EDGE('',*,*,#10257,.F.);
#19124=ORIENTED_EDGE('',*,*,#19043,.T.);
#19126=ORIENTED_EDGE('',*,*,#19125,.T.);
#19127=ORIENTED_EDGE('',*,*,#19110,.F.);
#19128=EDGE_LOOP('',(#19123,#19124,#19126,#19127));
#19129=FACE_OUTER_BOUND('',#19128,.F.);
#19130=ADVANCED_FACE('',(#19129),#19122,.F.);
#19131=CARTESIAN_POINT('',(1.8275E1,0.E0,0.E0));
#19132=DIRECTION('',(1.E0,0.E0,0.E0));
#19133=DIRECTION('',(0.E0,-1.E0,0.E0));
#19134=AXIS2_PLACEMENT_3D('',#19131,#19132,#19133);
#19135=PLANE('',#19134);
#19136=ORIENTED_EDGE('',*,*,#19041,.F.);
#19137=ORIENTED_EDGE('',*,*,#19056,.F.);
#19138=ORIENTED_EDGE('',*,*,#19070,.F.);
#19139=ORIENTED_EDGE('',*,*,#19084,.F.);
#19140=ORIENTED_EDGE('',*,*,#19098,.F.);
#19141=ORIENTED_EDGE('',*,*,#19112,.F.);
#19142=ORIENTED_EDGE('',*,*,#19125,.F.);
#19143=EDGE_LOOP('',(#19136,#19137,#19138,#19139,#19140,#19141,#19142));
#19144=FACE_OUTER_BOUND('',#19143,.F.);
#19145=ADVANCED_FACE('',(#19144),#19135,.T.);
#19146=CARTESIAN_POINT('',(-1.8325E1,-1.93E0,1.65E0));
#19147=DIRECTION('',(0.E0,0.E0,-1.E0));
#19148=DIRECTION('',(1.E0,0.E0,0.E0));
#19149=AXIS2_PLACEMENT_3D('',#19146,#19147,#19148);
#19150=PLANE('',#19149);
#19151=ORIENTED_EDGE('',*,*,#9727,.F.);
#19152=ORIENTED_EDGE('',*,*,#9777,.T.);
#19153=ORIENTED_EDGE('',*,*,#9620,.T.);
#19154=EDGE_LOOP('',(#19151,#19152,#19153));
#19155=FACE_OUTER_BOUND('',#19154,.F.);
#19156=ADVANCED_FACE('',(#19155),#19150,.F.);
#19157=CLOSED_SHELL('',(#9134,#9151,#9171,#9193,#9209,#9225,#9243,#9263,#9283,
#9303,#9323,#9343,#9363,#9383,#9403,#9422,#9442,#9460,#9507,#9536,#9566,#9587,
#9599,#9638,#9675,#9689,#9703,#9718,#9762,#9782,#9809,#9833,#9846,#9859,#9871,
#9884,#9897,#9910,#9923,#9953,#9967,#9981,#9996,#10011,#10026,#10041,#10056,
#10071,#10086,#10101,#10115,#10130,#10148,#10165,#10179,#10193,#10206,#10219,
#10271,#10286,#10300,#10313,#10327,#10341,#10353,#10367,#10380,#10536,#10551,
#10565,#10579,#10593,#10606,#10629,#10657,#10685,#10713,#10741,#10769,#10797,
#10825,#10853,#10881,#10909,#10923,#10936,#10949,#10962,#10974,#10988,#11001,
#11014,#11027,#11039,#11053,#11066,#11079,#11092,#11104,#11118,#11131,#11144,
#11157,#11169,#11183,#11196,#11209,#11222,#11234,#11248,#11261,#11274,#11287,
#11299,#11313,#11326,#11339,#11352,#11364,#11378,#11391,#11404,#11417,#11429,
#11443,#11456,#11469,#11482,#11494,#11508,#11521,#11534,#11547,#11559,#11586,
#11606,#11621,#11635,#11650,#11663,#11677,#11691,#11708,#11723,#11743,#11758,
#11778,#11793,#11813,#11828,#11848,#11863,#11883,#11898,#11918,#11933,#11953,
#11968,#11988,#12003,#12022,#12037,#12052,#12072,#12090,#12103,#12117,#12133,
#12152,#12171,#12190,#12209,#12228,#12247,#12266,#12285,#12303,#12322,#12339,
#12352,#12366,#12382,#12401,#12420,#12439,#12458,#12477,#12496,#12515,#12534,
#12552,#12571,#12588,#12600,#12613,#12626,#12640,#12654,#12668,#12682,#12696,
#12710,#12724,#12738,#12752,#12766,#12780,#12811,#12824,#12837,#12852,#12867,
#12882,#12897,#12912,#12927,#12942,#12957,#12972,#12986,#13001,#13016,#13029,
#13042,#13057,#13072,#13087,#13102,#13117,#13132,#13147,#13162,#13177,#13191,
#13206,#13221,#13324,#13340,#13356,#13376,#13395,#13413,#13434,#13453,#13468,
#13485,#13505,#13524,#13539,#13556,#13572,#13585,#13598,#13612,#13626,#13640,
#13657,#13826,#13856,#13883,#13905,#13927,#13941,#13962,#13984,#13997,#14010,
#14023,#14036,#14048,#14061,#14074,#14087,#14100,#14113,#14125,#14151,#14165,
#14179,#14194,#14207,#14219,#14233,#14245,#14257,#14270,#14283,#14296,#14308,
#14323,#14339,#14358,#14376,#14390,#14406,#14425,#14441,#14462,#14480,#14495,
#14511,#14526,#14539,#14552,#14564,#14578,#14593,#14607,#14622,#14635,#14647,
#14659,#14674,#14687,#14700,#14712,#14728,#14747,#14762,#14781,#14796,#14815,
#14830,#14842,#14855,#14872,#14887,#14907,#14926,#14940,#14956,#14975,#14994,
#15008,#15023,#15038,#15051,#15064,#15077,#15091,#15106,#15121,#15133,#15147,
#15160,#15172,#15188,#15207,#15222,#15241,#15256,#15275,#15290,#15302,#15315,
#15332,#15347,#15367,#15386,#15400,#15416,#15435,#15454,#15468,#15483,#15498,
#15511,#15524,#15537,#15551,#15566,#15581,#15593,#15607,#15620,#15632,#15648,
#15667,#15682,#15701,#15716,#15735,#15750,#15762,#15775,#15792,#15807,#15827,
#15846,#15860,#15876,#15895,#15914,#15928,#15943,#15958,#15971,#15984,#15997,
#16011,#16026,#16041,#16053,#16067,#16080,#16092,#16108,#16127,#16142,#16161,
#16176,#16195,#16210,#16222,#16235,#16252,#16267,#16287,#16306,#16320,#16336,
#16355,#16374,#16388,#16403,#16418,#16431,#16444,#16457,#16471,#16486,#16501,
#16513,#16527,#16540,#16552,#16567,#16583,#16602,#16621,#16635,#16651,#16670,
#16687,#16708,#16726,#16741,#16757,#16777,#16795,#16810,#16826,#16841,#16854,
#16866,#16878,#16893,#16908,#16921,#16935,#16947,#16959,#16974,#16987,#17000,
#17012,#17027,#17043,#17062,#17081,#17095,#17111,#17130,#17147,#17168,#17186,
#17201,#17217,#17237,#17255,#17270,#17286,#17301,#17314,#17326,#17338,#17353,
#17368,#17381,#17395,#17407,#17419,#17434,#17447,#17460,#17472,#17487,#17503,
#17522,#17541,#17555,#17571,#17590,#17607,#17628,#17646,#17661,#17677,#17697,
#17715,#17730,#17746,#17761,#17774,#17786,#17798,#17813,#17828,#17841,#17855,
#17867,#17879,#17894,#17907,#17920,#17932,#17946,#17962,#17981,#17998,#18019,
#18037,#18052,#18068,#18088,#18106,#18121,#18137,#18152,#18165,#18177,#18189,
#18204,#18219,#18232,#18246,#18258,#18270,#18285,#18298,#18311,#18323,#18338,
#18354,#18373,#18392,#18406,#18422,#18441,#18458,#18479,#18497,#18512,#18528,
#18548,#18566,#18581,#18597,#18612,#18625,#18637,#18649,#18664,#18679,#18692,
#18706,#18718,#18730,#18745,#18758,#18771,#18783,#18798,#18811,#18824,#18836,
#18851,#18866,#18879,#18893,#18905,#18917,#18938,#18950,#18962,#18974,#18987,
#19007,#19020,#19032,#19047,#19061,#19075,#19089,#19103,#19117,#19130,#19145,
#19156));
#19158=MANIFOLD_SOLID_BREP('',#19157);
#19159=DIRECTION('',(0.E0,0.E0,-1.E0));
#19160=VECTOR('',#19159,2.45E0);
#19161=CARTESIAN_POINT('',(-1.3E0,1.935E0,4.4E0));
#19162=LINE('',#19161,#19160);
#19163=CARTESIAN_POINT('',(-1.3E0,2.435E0,1.95E0));
#19164=DIRECTION('',(-1.E0,0.E0,0.E0));
#19165=DIRECTION('',(0.E0,-1.E0,0.E0));
#19166=AXIS2_PLACEMENT_3D('',#19163,#19164,#19165);
#19168=DIRECTION('',(0.E0,1.E0,0.E0));
#19169=VECTOR('',#19168,7.E-1);
#19170=CARTESIAN_POINT('',(-1.3E0,2.435E0,2.45E0));
#19171=LINE('',#19170,#19169);
#19172=DIRECTION('',(0.E0,0.E0,1.E0));
#19173=VECTOR('',#19172,7.5E-1);
#19174=CARTESIAN_POINT('',(-1.3E0,3.135E0,2.45E0));
#19175=LINE('',#19174,#19173);
#19176=DIRECTION('',(0.E0,-7.071067811865E-1,7.071067811865E-1));
#19177=VECTOR('',#19176,1.697056274848E0);
#19178=CARTESIAN_POINT('',(-1.3E0,3.135E0,3.2E0));
#19179=LINE('',#19178,#19177);
#19180=DIRECTION('',(1.E0,0.E0,0.E0));
#19181=VECTOR('',#19180,2.6E0);
#19182=CARTESIAN_POINT('',(-1.3E0,1.935E0,4.4E0));
#19183=LINE('',#19182,#19181);
#19184=DIRECTION('',(1.E0,0.E0,0.E0));
#19185=VECTOR('',#19184,2.6E0);
#19186=CARTESIAN_POINT('',(-1.3E0,3.135E0,3.2E0));
#19187=LINE('',#19186,#19185);
#19188=DIRECTION('',(1.E0,0.E0,0.E0));
#19189=VECTOR('',#19188,2.6E0);
#19190=CARTESIAN_POINT('',(-1.3E0,3.135E0,2.45E0));
#19191=LINE('',#19190,#19189);
#19192=DIRECTION('',(1.E0,0.E0,0.E0));
#19193=VECTOR('',#19192,2.6E0);
#19194=CARTESIAN_POINT('',(-1.3E0,2.435E0,2.45E0));
#19195=LINE('',#19194,#19193);
#19196=DIRECTION('',(1.E0,0.E0,0.E0));
#19197=VECTOR('',#19196,2.6E0);
#19198=CARTESIAN_POINT('',(-1.3E0,1.935E0,1.95E0));
#19199=LINE('',#19198,#19197);
#19200=DIRECTION('',(0.E0,0.E0,-1.E0));
#19201=VECTOR('',#19200,2.45E0);
#19202=CARTESIAN_POINT('',(1.3E0,1.935E0,4.4E0));
#19203=LINE('',#19202,#19201);
#19204=DIRECTION('',(0.E0,-7.071067811865E-1,7.071067811865E-1));
#19205=VECTOR('',#19204,1.697056274848E0);
#19206=CARTESIAN_POINT('',(1.3E0,3.135E0,3.2E0));
#19207=LINE('',#19206,#19205);
#19208=DIRECTION('',(0.E0,0.E0,1.E0));
#19209=VECTOR('',#19208,7.5E-1);
#19210=CARTESIAN_POINT('',(1.3E0,3.135E0,2.45E0));
#19211=LINE('',#19210,#19209);
#19212=DIRECTION('',(0.E0,1.E0,0.E0));
#19213=VECTOR('',#19212,7.E-1);
#19214=CARTESIAN_POINT('',(1.3E0,2.435E0,2.45E0));
#19215=LINE('',#19214,#19213);
#19216=CARTESIAN_POINT('',(1.3E0,2.435E0,1.95E0));
#19217=DIRECTION('',(-1.E0,0.E0,0.E0));
#19218=DIRECTION('',(0.E0,-1.E0,0.E0));
#19219=AXIS2_PLACEMENT_3D('',#19216,#19217,#19218);
#19221=CARTESIAN_POINT('',(-1.3E0,1.935E0,4.4E0));
#19222=CARTESIAN_POINT('',(-1.3E0,1.935E0,1.95E0));
#19223=VERTEX_POINT('',#19221);
#19224=VERTEX_POINT('',#19222);
#19225=CARTESIAN_POINT('',(-1.3E0,2.435E0,2.45E0));
#19226=VERTEX_POINT('',#19225);
#19227=CARTESIAN_POINT('',(-1.3E0,3.135E0,2.45E0));
#19228=VERTEX_POINT('',#19227);
#19229=CARTESIAN_POINT('',(-1.3E0,3.135E0,3.2E0));
#19230=VERTEX_POINT('',#19229);
#19231=CARTESIAN_POINT('',(1.3E0,1.935E0,4.4E0));
#19232=CARTESIAN_POINT('',(1.3E0,1.935E0,1.95E0));
#19233=VERTEX_POINT('',#19231);
#19234=VERTEX_POINT('',#19232);
#19235=CARTESIAN_POINT('',(1.3E0,2.435E0,2.45E0));
#19236=VERTEX_POINT('',#19235);
#19237=CARTESIAN_POINT('',(1.3E0,3.135E0,2.45E0));
#19238=VERTEX_POINT('',#19237);
#19239=CARTESIAN_POINT('',(1.3E0,3.135E0,3.2E0));
#19240=VERTEX_POINT('',#19239);
#19241=CARTESIAN_POINT('',(-1.3E0,0.E0,0.E0));
#19242=DIRECTION('',(1.E0,0.E0,0.E0));
#19243=DIRECTION('',(0.E0,0.E0,-1.E0));
#19244=AXIS2_PLACEMENT_3D('',#19241,#19242,#19243);
#19245=PLANE('',#19244);
#19247=ORIENTED_EDGE('',*,*,#19246,.T.);
#19249=ORIENTED_EDGE('',*,*,#19248,.T.);
#19251=ORIENTED_EDGE('',*,*,#19250,.T.);
#19253=ORIENTED_EDGE('',*,*,#19252,.T.);
#19255=ORIENTED_EDGE('',*,*,#19254,.T.);
#19256=EDGE_LOOP('',(#19247,#19249,#19251,#19253,#19255));
#19257=FACE_OUTER_BOUND('',#19256,.F.);
#19258=ADVANCED_FACE('',(#19257),#19245,.F.);
#19259=CARTESIAN_POINT('',(-1.3E0,1.935E0,4.4E0));
#19260=DIRECTION('',(0.E0,-1.E0,0.E0));
#19261=DIRECTION('',(0.E0,0.E0,-1.E0));
#19262=AXIS2_PLACEMENT_3D('',#19259,#19260,#19261);
#19263=PLANE('',#19262);
#19264=ORIENTED_EDGE('',*,*,#19246,.F.);
#19266=ORIENTED_EDGE('',*,*,#19265,.T.);
#19268=ORIENTED_EDGE('',*,*,#19267,.T.);
#19270=ORIENTED_EDGE('',*,*,#19269,.F.);
#19271=EDGE_LOOP('',(#19264,#19266,#19268,#19270));
#19272=FACE_OUTER_BOUND('',#19271,.F.);
#19273=ADVANCED_FACE('',(#19272),#19263,.T.);
#19274=CARTESIAN_POINT('',(-1.3E0,3.135E0,3.2E0));
#19275=DIRECTION('',(0.E0,7.071067811865E-1,7.071067811865E-1));
#19276=DIRECTION('',(0.E0,-7.071067811865E-1,7.071067811865E-1));
#19277=AXIS2_PLACEMENT_3D('',#19274,#19275,#19276);
#19278=PLANE('',#19277);
#19279=ORIENTED_EDGE('',*,*,#19254,.F.);
#19281=ORIENTED_EDGE('',*,*,#19280,.T.);
#19283=ORIENTED_EDGE('',*,*,#19282,.T.);
#19284=ORIENTED_EDGE('',*,*,#19265,.F.);
#19285=EDGE_LOOP('',(#19279,#19281,#19283,#19284));
#19286=FACE_OUTER_BOUND('',#19285,.F.);
#19287=ADVANCED_FACE('',(#19286),#19278,.T.);
#19288=CARTESIAN_POINT('',(-1.3E0,3.135E0,2.45E0));
#19289=DIRECTION('',(0.E0,1.E0,0.E0));
#19290=DIRECTION('',(0.E0,0.E0,1.E0));
#19291=AXIS2_PLACEMENT_3D('',#19288,#19289,#19290);
#19292=PLANE('',#19291);
#19293=ORIENTED_EDGE('',*,*,#19252,.F.);
#19295=ORIENTED_EDGE('',*,*,#19294,.T.);
#19297=ORIENTED_EDGE('',*,*,#19296,.T.);
#19298=ORIENTED_EDGE('',*,*,#19280,.F.);
#19299=EDGE_LOOP('',(#19293,#19295,#19297,#19298));
#19300=FACE_OUTER_BOUND('',#19299,.F.);
#19301=ADVANCED_FACE('',(#19300),#19292,.T.);
#19302=CARTESIAN_POINT('',(-1.3E0,2.435E0,2.45E0));
#19303=DIRECTION('',(0.E0,0.E0,-1.E0));
#19304=DIRECTION('',(0.E0,1.E0,0.E0));
#19305=AXIS2_PLACEMENT_3D('',#19302,#19303,#19304);
#19306=PLANE('',#19305);
#19307=ORIENTED_EDGE('',*,*,#19250,.F.);
#19309=ORIENTED_EDGE('',*,*,#19308,.T.);
#19311=ORIENTED_EDGE('',*,*,#19310,.T.);
#19312=ORIENTED_EDGE('',*,*,#19294,.F.);
#19313=EDGE_LOOP('',(#19307,#19309,#19311,#19312));
#19314=FACE_OUTER_BOUND('',#19313,.F.);
#19315=ADVANCED_FACE('',(#19314),#19306,.T.);
#19316=CARTESIAN_POINT('',(-1.3E0,2.435E0,1.95E0));
#19317=DIRECTION('',(1.E0,0.E0,0.E0));
#19318=DIRECTION('',(0.E0,0.E0,-1.E0));
#19319=AXIS2_PLACEMENT_3D('',#19316,#19317,#19318);
#19320=CYLINDRICAL_SURFACE('',#19319,5.E-1);
#19321=ORIENTED_EDGE('',*,*,#19248,.F.);
#19322=ORIENTED_EDGE('',*,*,#19269,.T.);
#19324=ORIENTED_EDGE('',*,*,#19323,.T.);
#19325=ORIENTED_EDGE('',*,*,#19308,.F.);
#19326=EDGE_LOOP('',(#19321,#19322,#19324,#19325));
#19327=FACE_OUTER_BOUND('',#19326,.F.);
#19328=ADVANCED_FACE('',(#19327),#19320,.F.);
#19329=CARTESIAN_POINT('',(1.3E0,0.E0,0.E0));
#19330=DIRECTION('',(1.E0,0.E0,0.E0));
#19331=DIRECTION('',(0.E0,0.E0,-1.E0));
#19332=AXIS2_PLACEMENT_3D('',#19329,#19330,#19331);
#19333=PLANE('',#19332);
#19334=ORIENTED_EDGE('',*,*,#19267,.F.);
#19335=ORIENTED_EDGE('',*,*,#19282,.F.);
#19336=ORIENTED_EDGE('',*,*,#19296,.F.);
#19337=ORIENTED_EDGE('',*,*,#19310,.F.);
#19338=ORIENTED_EDGE('',*,*,#19323,.F.);
#19339=EDGE_LOOP('',(#19334,#19335,#19336,#19337,#19338));
#19340=FACE_OUTER_BOUND('',#19339,.F.);
#19341=ADVANCED_FACE('',(#19340),#19333,.T.);
#19342=CLOSED_SHELL('',(#19258,#19273,#19287,#19301,#19315,#19328,#19341));
#19343=MANIFOLD_SOLID_BREP('',#19342);
#19344=CARTESIAN_POINT('',(0.E0,0.E0,0.E0));
#19345=DIRECTION('',(0.E0,0.E0,1.E0));
#19346=DIRECTION('',(1.E0,0.E0,0.E0));
#19347=AXIS2_PLACEMENT_3D('CSYS',#19344,#19345,#19346);
#19348=DIRECTION('',(0.E0,0.E0,-1.E0));
#19349=VECTOR('',#19348,2.92E0);
#19350=CARTESIAN_POINT('',(1.4365E1,-2.47E0,-3.66E0));
#19351=LINE('',#19350,#19349);
#19354=DIRECTION('',(1.E0,0.E0,0.E0));
#19355=VECTOR('',#19354,1.27E0);
#19356=CARTESIAN_POINT('',(1.4365E1,-2.47E0,-6.58E0));
#19357=LINE('',#19356,#19355);
#19360=DIRECTION('',(0.E0,0.E0,1.E0));
#19361=VECTOR('',#19360,2.92E0);
#19362=CARTESIAN_POINT('',(1.5635E1,-2.47E0,-6.58E0));
#19363=LINE('',#19362,#19361);
#19366=DIRECTION('',(-1.E0,0.E0,0.E0));
#19367=VECTOR('',#19366,1.27E0);
#19368=CARTESIAN_POINT('',(1.5635E1,-2.47E0,-3.66E0));
#19369=LINE('',#19368,#19367);
#19374=DIRECTION('',(0.E0,0.E0,-1.E0));
#19375=VECTOR('',#19374,2.92E0);
#19376=CARTESIAN_POINT('',(1.1365E1,-2.47E0,-3.66E0));
#19377=LINE('',#19376,#19375);
#19380=DIRECTION('',(1.E0,0.E0,0.E0));
#19381=VECTOR('',#19380,1.27E0);
#19382=CARTESIAN_POINT('',(1.1365E1,-2.47E0,-6.58E0));
#19383=LINE('',#19382,#19381);
#19386=DIRECTION('',(0.E0,0.E0,1.E0));
#19387=VECTOR('',#19386,2.92E0);
#19388=CARTESIAN_POINT('',(1.2635E1,-2.47E0,-6.58E0));
#19389=LINE('',#19388,#19387);
#19392=DIRECTION('',(-1.E0,0.E0,0.E0));
#19393=VECTOR('',#19392,1.27E0);
#19394=CARTESIAN_POINT('',(1.2635E1,-2.47E0,-3.66E0));
#19395=LINE('',#19394,#19393);
#19399=DIRECTION('',(0.E0,0.E0,-1.E0));
#19400=VECTOR('',#19399,2.92E0);
#19401=CARTESIAN_POINT('',(8.365E0,-2.47E0,-3.66E0));
#19402=LINE('',#19401,#19400);
#19405=DIRECTION('',(1.E0,0.E0,0.E0));
#19406=VECTOR('',#19405,1.27E0);
#19407=CARTESIAN_POINT('',(8.365E0,-2.47E0,-6.58E0));
#19408=LINE('',#19407,#19406);
#19411=DIRECTION('',(0.E0,0.E0,1.E0));
#19412=VECTOR('',#19411,2.92E0);
#19413=CARTESIAN_POINT('',(9.635E0,-2.47E0,-6.58E0));
#19414=LINE('',#19413,#19412);
#19417=DIRECTION('',(-1.E0,0.E0,0.E0));
#19418=VECTOR('',#19417,1.27E0);
#19419=CARTESIAN_POINT('',(9.635E0,-2.47E0,-3.66E0));
#19420=LINE('',#19419,#19418);
#19424=DIRECTION('',(0.E0,0.E0,-1.E0));
#19425=VECTOR('',#19424,2.92E0);
#19426=CARTESIAN_POINT('',(5.365E0,-2.47E0,-3.66E0));
#19427=LINE('',#19426,#19425);
#19430=DIRECTION('',(1.E0,0.E0,0.E0));
#19431=VECTOR('',#19430,1.27E0);
#19432=CARTESIAN_POINT('',(5.365E0,-2.47E0,-6.58E0));
#19433=LINE('',#19432,#19431);
#19436=DIRECTION('',(0.E0,0.E0,1.E0));
#19437=VECTOR('',#19436,2.92E0);
#19438=CARTESIAN_POINT('',(6.635E0,-2.47E0,-6.58E0));
#19439=LINE('',#19438,#19437);
#19442=DIRECTION('',(-1.E0,0.E0,0.E0));
#19443=VECTOR('',#19442,1.27E0);
#19444=CARTESIAN_POINT('',(6.635E0,-2.47E0,-3.66E0));
#19445=LINE('',#19444,#19443);
#19449=DIRECTION('',(0.E0,0.E0,-1.E0));
#19450=VECTOR('',#19449,2.92E0);
#19451=CARTESIAN_POINT('',(2.365E0,-2.47E0,-3.66E0));
#19452=LINE('',#19451,#19450);
#19455=DIRECTION('',(1.E0,0.E0,0.E0));
#19456=VECTOR('',#19455,1.27E0);
#19457=CARTESIAN_POINT('',(2.365E0,-2.47E0,-6.58E0));
#19458=LINE('',#19457,#19456);
#19461=DIRECTION('',(0.E0,0.E0,1.E0));
#19462=VECTOR('',#19461,2.92E0);
#19463=CARTESIAN_POINT('',(3.635E0,-2.47E0,-6.58E0));
#19464=LINE('',#19463,#19462);
#19467=DIRECTION('',(-1.E0,0.E0,0.E0));
#19468=VECTOR('',#19467,1.27E0);
#19469=CARTESIAN_POINT('',(3.635E0,-2.47E0,-3.66E0));
#19470=LINE('',#19469,#19468);
#19474=DIRECTION('',(0.E0,0.E0,-1.E0));
#19475=VECTOR('',#19474,2.92E0);
#19476=CARTESIAN_POINT('',(-6.35E-1,-2.47E0,-3.66E0));
#19477=LINE('',#19476,#19475);
#19480=DIRECTION('',(1.E0,0.E0,0.E0));
#19481=VECTOR('',#19480,1.27E0);
#19482=CARTESIAN_POINT('',(-6.35E-1,-2.47E0,-6.58E0));
#19483=LINE('',#19482,#19481);
#19486=DIRECTION('',(0.E0,0.E0,1.E0));
#19487=VECTOR('',#19486,2.92E0);
#19488=CARTESIAN_POINT('',(6.35E-1,-2.47E0,-6.58E0));
#19489=LINE('',#19488,#19487);
#19492=DIRECTION('',(-1.E0,0.E0,0.E0));
#19493=VECTOR('',#19492,1.27E0);
#19494=CARTESIAN_POINT('',(6.35E-1,-2.47E0,-3.66E0));
#19495=LINE('',#19494,#19493);
#19499=DIRECTION('',(0.E0,0.E0,-1.E0));
#19500=VECTOR('',#19499,2.92E0);
#19501=CARTESIAN_POINT('',(-3.635E0,-2.47E0,-3.66E0));
#19502=LINE('',#19501,#19500);
#19505=DIRECTION('',(1.E0,0.E0,0.E0));
#19506=VECTOR('',#19505,1.27E0);
#19507=CARTESIAN_POINT('',(-3.635E0,-2.47E0,-6.58E0));
#19508=LINE('',#19507,#19506);
#19511=DIRECTION('',(0.E0,0.E0,1.E0));
#19512=VECTOR('',#19511,2.92E0);
#19513=CARTESIAN_POINT('',(-2.365E0,-2.47E0,-6.58E0));
#19514=LINE('',#19513,#19512);
#19517=DIRECTION('',(-1.E0,0.E0,0.E0));
#19518=VECTOR('',#19517,1.27E0);
#19519=CARTESIAN_POINT('',(-2.365E0,-2.47E0,-3.66E0));
#19520=LINE('',#19519,#19518);
#19524=DIRECTION('',(0.E0,0.E0,-1.E0));
#19525=VECTOR('',#19524,2.92E0);
#19526=CARTESIAN_POINT('',(-6.635E0,-2.47E0,-3.66E0));
#19527=LINE('',#19526,#19525);
#19530=DIRECTION('',(1.E0,0.E0,0.E0));
#19531=VECTOR('',#19530,1.27E0);
#19532=CARTESIAN_POINT('',(-6.635E0,-2.47E0,-6.58E0));
#19533=LINE('',#19532,#19531);
#19536=DIRECTION('',(0.E0,0.E0,1.E0));
#19537=VECTOR('',#19536,2.92E0);
#19538=CARTESIAN_POINT('',(-5.365E0,-2.47E0,-6.58E0));
#19539=LINE('',#19538,#19537);
#19542=DIRECTION('',(-1.E0,0.E0,0.E0));
#19543=VECTOR('',#19542,1.27E0);
#19544=CARTESIAN_POINT('',(-5.365E0,-2.47E0,-3.66E0));
#19545=LINE('',#19544,#19543);
#19549=DIRECTION('',(0.E0,0.E0,-1.E0));
#19550=VECTOR('',#19549,2.92E0);
#19551=CARTESIAN_POINT('',(-9.635E0,-2.47E0,-3.66E0));
#19552=LINE('',#19551,#19550);
#19555=DIRECTION('',(1.E0,0.E0,0.E0));
#19556=VECTOR('',#19555,1.27E0);
#19557=CARTESIAN_POINT('',(-9.635E0,-2.47E0,-6.58E0));
#19558=LINE('',#19557,#19556);
#19561=DIRECTION('',(0.E0,0.E0,1.E0));
#19562=VECTOR('',#19561,2.92E0);
#19563=CARTESIAN_POINT('',(-8.365E0,-2.47E0,-6.58E0));
#19564=LINE('',#19563,#19562);
#19567=DIRECTION('',(-1.E0,0.E0,0.E0));
#19568=VECTOR('',#19567,1.27E0);
#19569=CARTESIAN_POINT('',(-8.365E0,-2.47E0,-3.66E0));
#19570=LINE('',#19569,#19568);
#19574=DIRECTION('',(0.E0,0.E0,-1.E0));
#19575=VECTOR('',#19574,2.92E0);
#19576=CARTESIAN_POINT('',(-1.2635E1,-2.47E0,-3.66E0));
#19577=LINE('',#19576,#19575);
#19580=DIRECTION('',(1.E0,0.E0,0.E0));
#19581=VECTOR('',#19580,1.27E0);
#19582=CARTESIAN_POINT('',(-1.2635E1,-2.47E0,-6.58E0));
#19583=LINE('',#19582,#19581);
#19586=DIRECTION('',(0.E0,0.E0,1.E0));
#19587=VECTOR('',#19586,2.92E0);
#19588=CARTESIAN_POINT('',(-1.1365E1,-2.47E0,-6.58E0));
#19589=LINE('',#19588,#19587);
#19592=DIRECTION('',(-1.E0,0.E0,0.E0));
#19593=VECTOR('',#19592,1.27E0);
#19594=CARTESIAN_POINT('',(-1.1365E1,-2.47E0,-3.66E0));
#19595=LINE('',#19594,#19593);
#19599=DIRECTION('',(0.E0,0.E0,-1.E0));
#19600=VECTOR('',#19599,2.92E0);
#19601=CARTESIAN_POINT('',(-1.5635E1,-2.47E0,-3.66E0));
#19602=LINE('',#19601,#19600);
#19605=DIRECTION('',(1.E0,0.E0,0.E0));
#19606=VECTOR('',#19605,1.27E0);
#19607=CARTESIAN_POINT('',(-1.5635E1,-2.47E0,-6.58E0));
#19608=LINE('',#19607,#19606);
#19611=DIRECTION('',(0.E0,0.E0,1.E0));
#19612=VECTOR('',#19611,2.92E0);
#19613=CARTESIAN_POINT('',(-1.4365E1,-2.47E0,-6.58E0));
#19614=LINE('',#19613,#19612);
#19617=DIRECTION('',(-1.E0,0.E0,0.E0));
#19618=VECTOR('',#19617,1.27E0);
#19619=CARTESIAN_POINT('',(-1.4365E1,-2.47E0,-3.66E0));
#19620=LINE('',#19619,#19618);
#19624=DIRECTION('',(0.E0,0.E0,-1.E0));
#19625=VECTOR('',#19624,1.65E0);
#19626=CARTESIAN_POINT('',(-2.06E1,-2.47E0,1.175E0));
#19627=LINE('',#19626,#19625);
#19630=DIRECTION('',(1.E0,0.E0,0.E0));
#19631=VECTOR('',#19630,3.43E0);
#19632=CARTESIAN_POINT('',(-2.06E1,-2.47E0,-4.75E-1));
#19633=LINE('',#19632,#19631);
#19636=DIRECTION('',(0.E0,0.E0,1.E0));
#19637=VECTOR('',#19636,1.65E0);
#19638=CARTESIAN_POINT('',(-1.717E1,-2.47E0,-4.75E-1));
#19639=LINE('',#19638,#19637);
#19642=DIRECTION('',(-1.E0,0.E0,0.E0));
#19643=VECTOR('',#19642,3.43E0);
#19644=CARTESIAN_POINT('',(-1.717E1,-2.47E0,1.175E0));
#19645=LINE('',#19644,#19643);
#19649=DIRECTION('',(-1.E0,0.E0,0.E0));
#19650=VECTOR('',#19649,3.43E0);
#19651=CARTESIAN_POINT('',(2.06E1,-2.47E0,1.175E0));
#19652=LINE('',#19651,#19650);
#19655=DIRECTION('',(0.E0,0.E0,-1.E0));
#19656=VECTOR('',#19655,1.65E0);
#19657=CARTESIAN_POINT('',(1.717E1,-2.47E0,1.175E0));
#19658=LINE('',#19657,#19656);
#19661=DIRECTION('',(1.E0,0.E0,0.E0));
#19662=VECTOR('',#19661,3.43E0);
#19663=CARTESIAN_POINT('',(1.717E1,-2.47E0,-4.75E-1));
#19664=LINE('',#19663,#19662);
#19667=DIRECTION('',(0.E0,0.E0,1.E0));
#19668=VECTOR('',#19667,1.65E0);
#19669=CARTESIAN_POINT('',(2.06E1,-2.47E0,-4.75E-1));
#19670=LINE('',#19669,#19668);
#19675=DIMENSIONAL_EXPONENTS(0.E0,0.E0,0.E0,0.E0,0.E0,0.E0,0.E0);
#19677=PLANE_ANGLE_MEASURE_WITH_UNIT(PLANE_ANGLE_MEASURE(1.745329251994E-2),
#19676);
#19678=(CONVERSION_BASED_UNIT('DEGREE',#19677)NAMED_UNIT(*)PLANE_ANGLE_UNIT());
#19680=UNCERTAINTY_MEASURE_WITH_UNIT(LENGTH_MEASURE(1.E-3),#19674,'closure',
'Maximum model space distance between geometric entities at asserted connectivities');
#19681=(GEOMETRIC_REPRESENTATION_CONTEXT(3)GLOBAL_UNCERTAINTY_ASSIGNED_CONTEXT((
#19680))GLOBAL_UNIT_ASSIGNED_CONTEXT((#19674,#19678,#19679))REPRESENTATION_CONTEXT('ID1','3'));
#19373=GEOMETRIC_SET('',(#19372,#19398,#19423,#19448,#19473,#19498,#19523,
#19548,#19573,#19598,#19623,#19648,#19673));
#19685=SHAPE_REPRESENTATION_RELATIONSHIP('','',#19684,#19682);
#19686=SHAPE_REPRESENTATION_RELATIONSHIP('','',#19684,#19683);
#19687=APPLICATION_CONTEXT(
'CONFIGURATION CONTROLLED 3D DESIGNS OF MECHANICAL PARTS AND ASSEMBLIES');
#19688=APPLICATION_PROTOCOL_DEFINITION('international standard',
'config_control_design',1994,#19687);
#19689=DESIGN_CONTEXT('',#19687,'design');
#19690=MECHANICAL_CONTEXT('',#19687,'mechanical');
#19691=PRODUCT('436501112','436501112','NOT SPECIFIED',(#19690));
#19692=PRODUCT_DEFINITION_FORMATION_WITH_SPECIFIED_SOURCE('1','LAST_VERSION',
#19691,.MADE.);
#19696=PRODUCT_CATEGORY('part','');
#19697=PRODUCT_RELATED_PRODUCT_CATEGORY('detail','',(#19691));
#19698=PRODUCT_CATEGORY_RELATIONSHIP('','',#19696,#19697);
#19699=SECURITY_CLASSIFICATION_LEVEL('unclassified');
#19700=SECURITY_CLASSIFICATION('','',#19699);
#19701=CC_DESIGN_SECURITY_CLASSIFICATION(#19700,(#19692));
#19702=APPROVAL_STATUS('approved');
#19703=APPROVAL(#19702,'');
#19704=CC_DESIGN_APPROVAL(#19703,(#19700,#19692,#19693));
#19705=CALENDAR_DATE(120,20,10);
#19706=COORDINATED_UNIVERSAL_TIME_OFFSET(5,30,.AHEAD.);
#19707=LOCAL_TIME(15,3,3.4E1,#19706);
#19708=DATE_AND_TIME(#19705,#19707);
#19709=APPROVAL_DATE_TIME(#19708,#19703);
#19710=DATE_TIME_ROLE('creation_date');
#19711=CC_DESIGN_DATE_AND_TIME_ASSIGNMENT(#19708,#19710,(#19693));
#19712=DATE_TIME_ROLE('classification_date');
#19713=CC_DESIGN_DATE_AND_TIME_ASSIGNMENT(#19708,#19712,(#19700));
#19714=PERSON('UNSPECIFIED','UNSPECIFIED',$,$,$,$);
#19715=ORGANIZATION('UNSPECIFIED','UNSPECIFIED','UNSPECIFIED');
#19716=PERSON_AND_ORGANIZATION(#19714,#19715);
#19717=APPROVAL_ROLE('approver');
#19718=APPROVAL_PERSON_ORGANIZATION(#19716,#19703,#19717);
#19719=PERSON_AND_ORGANIZATION_ROLE('creator');
#19720=CC_DESIGN_PERSON_AND_ORGANIZATION_ASSIGNMENT(#19716,#19719,(#19692,
#19693));
#19721=PERSON_AND_ORGANIZATION_ROLE('design_supplier');
#19722=CC_DESIGN_PERSON_AND_ORGANIZATION_ASSIGNMENT(#19716,#19721,(#19692));
#19723=PERSON_AND_ORGANIZATION_ROLE('classification_officer');
#19724=CC_DESIGN_PERSON_AND_ORGANIZATION_ASSIGNMENT(#19716,#19723,(#19700));
#19725=PERSON_AND_ORGANIZATION_ROLE('design_owner');
#19726=CC_DESIGN_PERSON_AND_ORGANIZATION_ASSIGNMENT(#19716,#19725,(#19691));
#13=CIRCLE('',#12,2.5E-1);
#30=CIRCLE('',#29,8.9E-1);
#319=CIRCLE('',#318,2.5E-1);
#336=CIRCLE('',#335,6.5E-1);
#345=CIRCLE('',#344,2.5E-1);
#350=CIRCLE('',#349,2.5E-1);
#359=CIRCLE('',#358,6.5E-1);
#376=CIRCLE('',#375,2.5E-1);
#561=CIRCLE('',#560,2.5E-1);
#570=CIRCLE('',#569,6.5E-1);
#587=CIRCLE('',#586,2.5E-1);
#592=CIRCLE('',#591,2.5E-1);
#609=CIRCLE('',#608,6.5E-1);
#618=CIRCLE('',#617,2.5E-1);
#1895=CIRCLE('',#1894,2.5E-1);
#1904=CIRCLE('',#1903,3.2E-1);
#1913=CIRCLE('',#1912,8.9E-1);
#3554=CIRCLE('',#3553,2.5E-1);
#3571=CIRCLE('',#3570,8.9E-1);
#3600=CIRCLE('',#3599,8.9E-1);
#3609=CIRCLE('',#3608,3.2E-1);
#3618=CIRCLE('',#3617,2.5E-1);
#3655=CIRCLE('',#3654,2.5E-1);
#3664=CIRCLE('',#3663,3.2E-1);
#3673=CIRCLE('',#3672,8.9E-1);
#3718=CIRCLE('',#3717,2.5E-1);
#3739=CIRCLE('',#3738,8.9E-1);
#4112=CIRCLE('',#4111,2.5E-1);
#4129=CIRCLE('',#4128,6.5E-1);
#4134=CIRCLE('',#4133,6.5E-1);
#4151=CIRCLE('',#4150,2.5E-1);
#4160=CIRCLE('',#4159,6.5E-1);
#4177=CIRCLE('',#4176,2.5E-1);
#4190=CIRCLE('',#4189,2.5E-1);
#4207=CIRCLE('',#4206,6.5E-1);
#4376=CIRCLE('',#4375,2.5E-1);
#4397=CIRCLE('',#4396,8.9E-1);
#4410=CIRCLE('',#4409,2.5E-1);
#4431=CIRCLE('',#4430,8.9E-1);
#4456=CIRCLE('',#4455,8.9E-1);
#4465=CIRCLE('',#4464,3.2E-1);
#4474=CIRCLE('',#4473,2.5E-1);
#4587=CIRCLE('',#4586,8.9E-1);
#4600=CIRCLE('',#4599,2.5E-1);
#4621=CIRCLE('',#4620,8.9E-1);
#4626=CIRCLE('',#4625,2.5E-1);
#4671=CIRCLE('',#4670,2.5E-1);
#4680=CIRCLE('',#4679,3.2E-1);
#4689=CIRCLE('',#4688,8.9E-1);
#4726=CIRCLE('',#4725,8.9E-1);
#4735=CIRCLE('',#4734,3.2E-1);
#4744=CIRCLE('',#4743,2.5E-1);
#4837=CIRCLE('',#4836,8.9E-1);
#4850=CIRCLE('',#4849,2.5E-1);
#4871=CIRCLE('',#4870,8.9E-1);
#4876=CIRCLE('',#4875,2.5E-1);
#4921=CIRCLE('',#4920,2.5E-1);
#4930=CIRCLE('',#4929,3.2E-1);
#4939=CIRCLE('',#4938,8.9E-1);
#4976=CIRCLE('',#4975,8.9E-1);
#4985=CIRCLE('',#4984,3.2E-1);
#4994=CIRCLE('',#4993,2.5E-1);
#5087=CIRCLE('',#5086,8.9E-1);
#5100=CIRCLE('',#5099,2.5E-1);
#5121=CIRCLE('',#5120,8.9E-1);
#5126=CIRCLE('',#5125,2.5E-1);
#5171=CIRCLE('',#5170,2.5E-1);
#5180=CIRCLE('',#5179,3.2E-1);
#5189=CIRCLE('',#5188,8.9E-1);
#5226=CIRCLE('',#5225,8.9E-1);
#5235=CIRCLE('',#5234,3.2E-1);
#5244=CIRCLE('',#5243,2.5E-1);
#5337=CIRCLE('',#5336,8.9E-1);
#5350=CIRCLE('',#5349,2.5E-1);
#5371=CIRCLE('',#5370,8.9E-1);
#5376=CIRCLE('',#5375,2.5E-1);
#5421=CIRCLE('',#5420,2.5E-1);
#5430=CIRCLE('',#5429,3.2E-1);
#5439=CIRCLE('',#5438,8.9E-1);
#5476=CIRCLE('',#5475,8.9E-1);
#5485=CIRCLE('',#5484,3.2E-1);
#5494=CIRCLE('',#5493,2.5E-1);
#5575=CIRCLE('',#5574,2.5E-1);
#5596=CIRCLE('',#5595,8.9E-1);
#5613=CIRCLE('',#5612,2.5E-1);
#5630=CIRCLE('',#5629,8.9E-1);
#5655=CIRCLE('',#5654,8.9E-1);
#5664=CIRCLE('',#5663,3.2E-1);
#5673=CIRCLE('',#5672,2.5E-1);
#5710=CIRCLE('',#5709,2.5E-1);
#5719=CIRCLE('',#5718,3.2E-1);
#5728=CIRCLE('',#5727,8.9E-1);
#5825=CIRCLE('',#5824,2.5E-1);
#5846=CIRCLE('',#5845,8.9E-1);
#5863=CIRCLE('',#5862,2.5E-1);
#5880=CIRCLE('',#5879,8.9E-1);
#5905=CIRCLE('',#5904,8.9E-1);
#5914=CIRCLE('',#5913,3.2E-1);
#5923=CIRCLE('',#5922,2.5E-1);
#5960=CIRCLE('',#5959,2.5E-1);
#5969=CIRCLE('',#5968,3.2E-1);
#5978=CIRCLE('',#5977,8.9E-1);
#6075=CIRCLE('',#6074,2.5E-1);
#6096=CIRCLE('',#6095,8.9E-1);
#6113=CIRCLE('',#6112,2.5E-1);
#6130=CIRCLE('',#6129,8.9E-1);
#6155=CIRCLE('',#6154,8.9E-1);
#6164=CIRCLE('',#6163,3.2E-1);
#6173=CIRCLE('',#6172,2.5E-1);
#6210=CIRCLE('',#6209,2.5E-1);
#6219=CIRCLE('',#6218,3.2E-1);
#6228=CIRCLE('',#6227,8.9E-1);
#6325=CIRCLE('',#6324,2.5E-1);
#6346=CIRCLE('',#6345,8.9E-1);
#6375=CIRCLE('',#6374,8.9E-1);
#6384=CIRCLE('',#6383,3.2E-1);
#6393=CIRCLE('',#6392,2.5E-1);
#6430=CIRCLE('',#6429,2.5E-1);
#6439=CIRCLE('',#6438,3.2E-1);
#6448=CIRCLE('',#6447,8.9E-1);
#6545=CIRCLE('',#6544,2.5E-1);
#6566=CIRCLE('',#6565,8.9E-1);
#6583=CIRCLE('',#6582,2.5E-1);
#6600=CIRCLE('',#6599,8.9E-1);
#6625=CIRCLE('',#6624,8.9E-1);
#6634=CIRCLE('',#6633,3.2E-1);
#6643=CIRCLE('',#6642,2.5E-1);
#6680=CIRCLE('',#6679,2.5E-1);
#6689=CIRCLE('',#6688,3.2E-1);
#6698=CIRCLE('',#6697,8.9E-1);
#9120=EDGE_CURVE('',#8574,#8559,#8,.T.);
#9122=EDGE_CURVE('',#8592,#8574,#4,.T.);
#9124=EDGE_CURVE('',#8592,#8555,#6320,.T.);
#9126=EDGE_CURVE('',#8555,#8547,#6425,.T.);
#9128=EDGE_CURVE('',#8547,#8548,#6409,.T.);
#9130=EDGE_CURVE('',#8559,#8548,#6358,.T.);
#9141=EDGE_CURVE('',#7810,#8559,#234,.T.);
#9143=EDGE_CURVE('',#7809,#7810,#786,.T.);
#9145=EDGE_CURVE('',#7809,#8572,#4003,.T.);
#9147=EDGE_CURVE('',#8574,#8572,#13,.T.);
#9157=EDGE_CURVE('',#8577,#8578,#17,.T.);
#9159=EDGE_CURVE('',#7818,#8577,#6476,.T.);
#9161=EDGE_CURVE('',#7817,#7818,#3361,.T.);
#9163=EDGE_CURVE('',#7826,#7817,#3301,.T.);
#9165=EDGE_CURVE('',#7825,#7826,#3141,.T.);
#9167=EDGE_CURVE('',#8578,#7825,#2313,.T.);
#9177=EDGE_CURVE('',#8581,#8582,#21,.T.);
#9179=EDGE_CURVE('',#8582,#9002,#2801,.T.);
#9181=EDGE_CURVE('',#9002,#8585,#2533,.T.);
#9183=EDGE_CURVE('',#8585,#8586,#25,.T.);
#9185=EDGE_CURVE('',#8586,#8571,#30,.T.);
#9187=EDGE_CURVE('',#8571,#7999,#3995,.T.);
#9189=EDGE_CURVE('',#8581,#7999,#6484,.T.);
#9199=EDGE_CURVE('',#7018,#7032,#34,.T.);
#9201=EDGE_CURVE('',#7018,#6974,#38,.T.);
#9203=EDGE_CURVE('',#6974,#6984,#914,.T.);
#9205=EDGE_CURVE('',#7032,#6984,#1957,.T.);
#9215=EDGE_CURVE('',#6968,#7044,#42,.T.);
#9217=EDGE_CURVE('',#7044,#7046,#46,.T.);
#9219=EDGE_CURVE('',#6976,#7046,#1933,.T.);
#9221=EDGE_CURVE('',#6968,#6976,#2961,.T.);
#9231=EDGE_CURVE('',#7121,#7114,#50,.T.);
#9233=EDGE_CURVE('',#7121,#7029,#54,.T.);
#9235=EDGE_CURVE('',#7029,#7030,#58,.T.);
#9237=EDGE_CURVE('',#7113,#7030,#1969,.T.);
#9239=EDGE_CURVE('',#7113,#7114,#62,.T.);
#9249=EDGE_CURVE('',#7418,#7490,#66,.T.);
#9251=EDGE_CURVE('',#7418,#7117,#70,.T.);
#9253=EDGE_CURVE('',#7117,#7124,#74,.T.);
#9255=EDGE_CURVE('',#7342,#7124,#78,.T.);
#9257=EDGE_CURVE('',#7489,#7342,#2001,.T.);
#9259=EDGE_CURVE('',#7489,#7490,#82,.T.);
#9269=EDGE_CURVE('',#7442,#7538,#86,.T.);
#9271=EDGE_CURVE('',#7442,#7414,#90,.T.);
#9273=EDGE_CURVE('',#7414,#7494,#94,.T.);
#9275=EDGE_CURVE('',#7493,#7494,#98,.T.);
#9277=EDGE_CURVE('',#7537,#7493,#2037,.T.);
#9279=EDGE_CURVE('',#7537,#7538,#102,.T.);
#9289=EDGE_CURVE('',#7466,#7586,#106,.T.);
#9291=EDGE_CURVE('',#7466,#7438,#110,.T.);
#9293=EDGE_CURVE('',#7438,#7542,#114,.T.);
#9295=EDGE_CURVE('',#7541,#7542,#118,.T.);
#9297=EDGE_CURVE('',#7585,#7541,#2073,.T.);
#9299=EDGE_CURVE('',#7585,#7586,#122,.T.);
#9309=EDGE_CURVE('',#7642,#7666,#126,.T.);
#9311=EDGE_CURVE('',#7642,#7462,#130,.T.);
#9313=EDGE_CURVE('',#7462,#7590,#134,.T.);
#9315=EDGE_CURVE('',#7589,#7590,#138,.T.);
#9317=EDGE_CURVE('',#7665,#7589,#2109,.T.);
#9319=EDGE_CURVE('',#7665,#7666,#142,.T.);
#9329=EDGE_CURVE('',#7742,#8267,#146,.T.);
#9331=EDGE_CURVE('',#7742,#7638,#150,.T.);
#9333=EDGE_CURVE('',#7638,#7670,#154,.T.);
#9335=EDGE_CURVE('',#7669,#7670,#158,.T.);
#9337=EDGE_CURVE('',#8268,#7669,#2145,.T.);
#9339=EDGE_CURVE('',#8267,#8268,#162,.T.);
#9349=EDGE_CURVE('',#7766,#8363,#166,.T.);
#9351=EDGE_CURVE('',#7766,#7738,#170,.T.);
#9353=EDGE_CURVE('',#7738,#8271,#174,.T.);
#9355=EDGE_CURVE('',#8271,#8272,#178,.T.);
#9357=EDGE_CURVE('',#8364,#8272,#2181,.T.);
#9359=EDGE_CURVE('',#8363,#8364,#182,.T.);
#9369=EDGE_CURVE('',#7790,#8459,#186,.T.);
#9371=EDGE_CURVE('',#7790,#7762,#190,.T.);
#9373=EDGE_CURVE('',#7762,#8367,#194,.T.);
#9375=EDGE_CURVE('',#8367,#8368,#198,.T.);
#9377=EDGE_CURVE('',#8460,#8368,#2217,.T.);
#9379=EDGE_CURVE('',#8459,#8460,#202,.T.);
#9389=EDGE_CURVE('',#7814,#8555,#206,.T.);
#9391=EDGE_CURVE('',#7814,#7786,#210,.T.);
#9393=EDGE_CURVE('',#7786,#8463,#214,.T.);
#9395=EDGE_CURVE('',#8463,#8464,#218,.T.);
#9397=EDGE_CURVE('',#8556,#8464,#2253,.T.);
#9399=EDGE_CURVE('',#8555,#8556,#222,.T.);
#9409=EDGE_CURVE('',#7838,#8651,#226,.T.);
#9411=EDGE_CURVE('',#7838,#7810,#230,.T.);
#9414=EDGE_CURVE('',#8559,#8560,#238,.T.);
#9416=EDGE_CURVE('',#8652,#8560,#2289,.T.);
#9418=EDGE_CURVE('',#8651,#8652,#242,.T.);
#9428=EDGE_CURVE('',#7862,#8747,#246,.T.);
#9430=EDGE_CURVE('',#7862,#7834,#250,.T.);
#9432=EDGE_CURVE('',#7834,#8655,#254,.T.);
#9434=EDGE_CURVE('',#8655,#8656,#258,.T.);
#9436=EDGE_CURVE('',#8748,#8656,#2325,.T.);
#9438=EDGE_CURVE('',#8747,#8748,#262,.T.);
#9448=EDGE_CURVE('',#7086,#8752,#2349,.T.);
#9450=EDGE_CURVE('',#7085,#7086,#266,.T.);
#9452=EDGE_CURVE('',#7085,#7858,#270,.T.);
#9454=EDGE_CURVE('',#7858,#8751,#274,.T.);
#9456=EDGE_CURVE('',#8751,#8752,#278,.T.);
#9466=EDGE_CURVE('',#9069,#9070,#282,.T.);
#9468=EDGE_CURVE('',#9074,#9070,#286,.T.);
#9470=EDGE_CURVE('',#9073,#9074,#290,.T.);
#9472=EDGE_CURVE('',#7352,#9073,#396,.T.);
#9474=EDGE_CURVE('',#7136,#7352,#850,.T.);
#9476=EDGE_CURVE('',#7136,#7017,#294,.T.);
#9478=EDGE_CURVE('',#7017,#7018,#666,.T.);
#9481=EDGE_CURVE('',#7032,#7072,#1953,.T.);
#9483=EDGE_CURVE('',#7071,#7072,#298,.T.);
#9485=EDGE_CURVE('',#7076,#7071,#302,.T.);
#9487=EDGE_CURVE('',#7075,#7076,#306,.T.);
#9489=EDGE_CURVE('',#7075,#7039,#1961,.T.);
#9491=EDGE_CURVE('',#7039,#7040,#3009,.T.);
#9493=EDGE_CURVE('',#7040,#7026,#3169,.T.);
#9495=EDGE_CURVE('',#7026,#7024,#3513,.T.);
#9497=EDGE_CURVE('',#7024,#8020,#310,.T.);
#9499=EDGE_CURVE('',#8020,#8048,#480,.T.);
#9501=EDGE_CURVE('',#8048,#8039,#314,.T.);
#9503=EDGE_CURVE('',#9069,#8039,#384,.T.);
#9514=EDGE_CURVE('',#9069,#9088,#380,.T.);
#9516=EDGE_CURVE('',#9034,#9088,#319,.T.);
#9518=EDGE_CURVE('',#9032,#9034,#323,.T.);
#9520=EDGE_CURVE('',#9030,#9032,#327,.T.);
#9522=EDGE_CURVE('',#9029,#9030,#331,.T.);
#9524=EDGE_CURVE('',#9112,#9029,#336,.T.);
#9526=EDGE_CURVE('',#9097,#9112,#642,.T.);
#9528=EDGE_CURVE('',#9097,#9098,#452,.T.);
#9530=EDGE_CURVE('',#9061,#9098,#340,.T.);
#9532=EDGE_CURVE('',#9070,#9061,#345,.T.);
#9542=EDGE_CURVE('',#9077,#9078,#500,.T.);
#9544=EDGE_CURVE('',#9065,#9078,#350,.T.);
#9546=EDGE_CURVE('',#9093,#9065,#354,.T.);
#9548=EDGE_CURVE('',#9093,#9094,#408,.T.);
#9550=EDGE_CURVE('',#9094,#9108,#4083,.T.);
#9552=EDGE_CURVE('',#9042,#9108,#359,.T.);
#9554=EDGE_CURVE('',#9040,#9042,#363,.T.);
#9556=EDGE_CURVE('',#9038,#9040,#367,.T.);
#9558=EDGE_CURVE('',#9037,#9038,#371,.T.);
#9560=EDGE_CURVE('',#9084,#9037,#376,.T.);
#9562=EDGE_CURVE('',#9077,#9084,#532,.T.);
#9574=EDGE_CURVE('',#8039,#8040,#388,.T.);
#9576=EDGE_CURVE('',#8040,#7340,#926,.T.);
#9578=EDGE_CURVE('',#7340,#7352,#392,.T.);
#9581=EDGE_CURVE('',#9073,#9090,#400,.T.);
#9583=EDGE_CURVE('',#9090,#9088,#404,.T.);
#9594=EDGE_CURVE('',#8048,#8040,#476,.T.);
#9606=EDGE_CURVE('',#9101,#9093,#412,.T.);
#9608=EDGE_CURVE('',#9101,#9102,#416,.T.);
#9610=EDGE_CURVE('',#8052,#9102,#420,.T.);
#9612=EDGE_CURVE('',#8051,#8052,#802,.T.);
#9614=EDGE_CURVE('',#8024,#8051,#6890,.T.);
#9616=EDGE_CURVE('',#8023,#8024,#6878,.T.);
#9618=EDGE_CURVE('',#8046,#8023,#424,.T.);
#9620=EDGE_CURVE('',#8036,#8046,#428,.T.);
#9622=EDGE_CURVE('',#8027,#8036,#2945,.T.);
#9624=EDGE_CURVE('',#8027,#8028,#6870,.T.);
#9626=EDGE_CURVE('',#8882,#8028,#432,.T.);
#9628=EDGE_CURVE('',#8881,#8882,#436,.T.);
#9630=EDGE_CURVE('',#8873,#8881,#440,.T.);
#9632=EDGE_CURVE('',#8873,#8874,#444,.T.);
#9634=EDGE_CURVE('',#9094,#8874,#448,.T.);
#9645=EDGE_CURVE('',#8877,#9097,#456,.T.);
#9647=EDGE_CURVE('',#8877,#8878,#460,.T.);
#9649=EDGE_CURVE('',#8878,#8886,#464,.T.);
#9651=EDGE_CURVE('',#8885,#8886,#468,.T.);
#9653=EDGE_CURVE('',#8032,#8885,#472,.T.);
#9655=EDGE_CURVE('',#8031,#8032,#962,.T.);
#9657=EDGE_CURVE('',#8031,#8040,#866,.T.);
#9661=EDGE_CURVE('',#8019,#8020,#6858,.T.);
#9663=EDGE_CURVE('',#8056,#8019,#6854,.T.);
#9665=EDGE_CURVE('',#8055,#8056,#822,.T.);
#9667=EDGE_CURVE('',#9105,#8055,#484,.T.);
#9669=EDGE_CURVE('',#9105,#9106,#488,.T.);
#9671=EDGE_CURVE('',#9106,#9098,#492,.T.);
#9683=EDGE_CURVE('',#9065,#9066,#496,.T.);
#9685=EDGE_CURVE('',#9101,#9066,#613,.T.);
#9695=EDGE_CURVE('',#9082,#9078,#528,.T.);
#9697=EDGE_CURVE('',#9066,#9082,#618,.T.);
#9709=EDGE_CURVE('',#9086,#9084,#536,.T.);
#9712=EDGE_CURVE('',#9037,#9053,#4367,.T.);
#9714=EDGE_CURVE('',#9086,#9053,#592,.T.);
#9725=EDGE_CURVE('',#9077,#8035,#556,.T.);
#9727=EDGE_CURVE('',#8035,#8046,#504,.T.);
#9730=EDGE_CURVE('',#7078,#8023,#6882,.T.);
#9732=EDGE_CURVE('',#7052,#7078,#3533,.T.);
#9734=EDGE_CURVE('',#7050,#7052,#3181,.T.);
#9736=EDGE_CURVE('',#7048,#7050,#3021,.T.);
#9738=EDGE_CURVE('',#7068,#7048,#1945,.T.);
#9740=EDGE_CURVE('',#7110,#7068,#508,.T.);
#9742=EDGE_CURVE('',#7110,#7308,#512,.T.);
#9744=EDGE_CURVE('',#7308,#7064,#516,.T.);
#9746=EDGE_CURVE('',#7046,#7064,#1937,.T.);
#9749=EDGE_CURVE('',#7042,#7044,#678,.T.);
#9751=EDGE_CURVE('',#7042,#7134,#520,.T.);
#9753=EDGE_CURVE('',#7134,#7354,#858,.T.);
#9755=EDGE_CURVE('',#7354,#9081,#544,.T.);
#9757=EDGE_CURVE('',#9081,#9082,#524,.T.);
#9770=EDGE_CURVE('',#9081,#9086,#540,.T.);
#9773=EDGE_CURVE('',#7354,#7338,#548,.T.);
#9775=EDGE_CURVE('',#7338,#8036,#2949,.T.);
#9777=EDGE_CURVE('',#8035,#8036,#552,.T.);
#9789=EDGE_CURVE('',#9074,#9062,#561,.T.);
#9791=EDGE_CURVE('',#9062,#9106,#565,.T.);
#9794=EDGE_CURVE('',#9105,#9114,#650,.T.);
#9796=EDGE_CURVE('',#9114,#9045,#570,.T.);
#9798=EDGE_CURVE('',#9045,#9046,#574,.T.);
#9800=EDGE_CURVE('',#9046,#9048,#578,.T.);
#9802=EDGE_CURVE('',#9048,#9050,#582,.T.);
#9804=EDGE_CURVE('',#9050,#9090,#587,.T.);
#9818=EDGE_CURVE('',#9053,#9054,#596,.T.);
#9820=EDGE_CURVE('',#9054,#9056,#600,.T.);
#9822=EDGE_CURVE('',#9056,#9058,#604,.T.);
#9824=EDGE_CURVE('',#9058,#9110,#609,.T.);
#9826=EDGE_CURVE('',#9102,#9110,#4099,.T.);
#9841=EDGE_CURVE('',#9061,#9062,#626,.T.);
#9854=EDGE_CURVE('',#9034,#9050,#622,.T.);
#9880=EDGE_CURVE('',#9032,#9048,#630,.T.);
#9893=EDGE_CURVE('',#9030,#9046,#634,.T.);
#9906=EDGE_CURVE('',#9029,#9045,#638,.T.);
#9916=EDGE_CURVE('',#9114,#9112,#646,.T.);
#9933=EDGE_CURVE('',#8055,#8060,#838,.T.);
#9935=EDGE_CURVE('',#8043,#8060,#3751,.T.);
#9937=EDGE_CURVE('',#8043,#8016,#4079,.T.);
#9939=EDGE_CURVE('',#8015,#8016,#4259,.T.);
#9941=EDGE_CURVE('',#8015,#8032,#1254,.T.);
#9944=EDGE_CURVE('',#8885,#8894,#654,.T.);
#9946=EDGE_CURVE('',#8892,#8894,#658,.T.);
#9948=EDGE_CURVE('',#8877,#8892,#662,.T.);
#9960=EDGE_CURVE('',#7017,#6972,#670,.T.);
#9962=EDGE_CURVE('',#6972,#6974,#918,.T.);
#9973=EDGE_CURVE('',#6966,#7042,#674,.T.);
#9977=EDGE_CURVE('',#6966,#6968,#2957,.T.);
#9987=EDGE_CURVE('',#7417,#7418,#682,.T.);
#9989=EDGE_CURVE('',#7417,#7118,#686,.T.);
#9991=EDGE_CURVE('',#7117,#7118,#690,.T.);
#10002=EDGE_CURVE('',#7441,#7442,#694,.T.);
#10004=EDGE_CURVE('',#7441,#7413,#698,.T.);
#10006=EDGE_CURVE('',#7413,#7414,#702,.T.);
#10017=EDGE_CURVE('',#7465,#7466,#706,.T.);
#10019=EDGE_CURVE('',#7465,#7437,#710,.T.);
#10021=EDGE_CURVE('',#7437,#7438,#714,.T.);
#10032=EDGE_CURVE('',#7641,#7642,#718,.T.);
#10034=EDGE_CURVE('',#7641,#7461,#722,.T.);
#10036=EDGE_CURVE('',#7461,#7462,#726,.T.);
#10047=EDGE_CURVE('',#7741,#7742,#730,.T.);
#10049=EDGE_CURVE('',#7741,#7637,#734,.T.);
#10051=EDGE_CURVE('',#7637,#7638,#738,.T.);
#10062=EDGE_CURVE('',#7765,#7766,#742,.T.);
#10064=EDGE_CURVE('',#7765,#7737,#746,.T.);
#10066=EDGE_CURVE('',#7737,#7738,#750,.T.);
#10077=EDGE_CURVE('',#7789,#7790,#754,.T.);
#10079=EDGE_CURVE('',#7789,#7761,#758,.T.);
#10081=EDGE_CURVE('',#7761,#7762,#762,.T.);
#10092=EDGE_CURVE('',#7813,#7814,#766,.T.);
#10094=EDGE_CURVE('',#7813,#7785,#770,.T.);
#10096=EDGE_CURVE('',#7785,#7786,#774,.T.);
#10107=EDGE_CURVE('',#7837,#7838,#778,.T.);
#10109=EDGE_CURVE('',#7837,#7809,#782,.T.);
#10121=EDGE_CURVE('',#7861,#7862,#790,.T.);
#10123=EDGE_CURVE('',#7861,#7833,#794,.T.);
#10125=EDGE_CURVE('',#7833,#7834,#798,.T.);
#10137=EDGE_CURVE('',#8052,#8058,#806,.T.);
#10139=EDGE_CURVE('',#8058,#7857,#810,.T.);
#10141=EDGE_CURVE('',#7857,#7858,#814,.T.);
#10144=EDGE_CURVE('',#8051,#7085,#818,.T.);
#10155=EDGE_CURVE('',#8056,#7029,#826,.T.);
#10158=EDGE_CURVE('',#7121,#7122,#830,.T.);
#10160=EDGE_CURVE('',#7122,#8060,#834,.T.);
#10172=EDGE_CURVE('',#7136,#6971,#842,.T.);
#10174=EDGE_CURVE('',#6971,#6972,#922,.T.);
#10187=EDGE_CURVE('',#6965,#6966,#2953,.T.);
#10189=EDGE_CURVE('',#6965,#7134,#846,.T.);
#10201=EDGE_CURVE('',#7340,#6971,#854,.T.);
#10214=EDGE_CURVE('',#6965,#7338,#862,.T.);
#10226=EDGE_CURVE('',#6997,#8031,#870,.T.);
#10228=EDGE_CURVE('',#6997,#6998,#874,.T.);
#10230=EDGE_CURVE('',#7304,#6998,#878,.T.);
#10232=EDGE_CURVE('',#6990,#7304,#882,.T.);
#10234=EDGE_CURVE('',#6988,#6990,#886,.T.);
#10236=EDGE_CURVE('',#6987,#6988,#890,.T.);
#10238=EDGE_CURVE('',#7059,#6987,#894,.T.);
#10240=EDGE_CURVE('',#7059,#7060,#898,.T.);
#10242=EDGE_CURVE('',#7060,#7055,#902,.T.);
#10244=EDGE_CURVE('',#7055,#7056,#906,.T.);
#10246=EDGE_CURVE('',#6984,#7056,#910,.T.);
#10255=EDGE_CURVE('',#7723,#7724,#930,.T.);
#10257=EDGE_CURVE('',#7724,#7726,#934,.T.);
#10259=EDGE_CURVE('',#7726,#7728,#938,.T.);
#10261=EDGE_CURVE('',#7728,#7730,#942,.T.);
#10263=EDGE_CURVE('',#7730,#7732,#946,.T.);
#10265=EDGE_CURVE('',#7732,#7734,#950,.T.);
#10267=EDGE_CURVE('',#7734,#7723,#954,.T.);
#10277=EDGE_CURVE('',#6998,#7002,#958,.T.);
#10279=EDGE_CURVE('',#7303,#7002,#1242,.T.);
#10281=EDGE_CURVE('',#7303,#7304,#3521,.T.);
#10293=EDGE_CURVE('',#7001,#8032,#1250,.T.);
#10295=EDGE_CURVE('',#6997,#7001,#966,.T.);
#10306=EDGE_CURVE('',#6998,#6993,#970,.T.);
#10308=EDGE_CURVE('',#6993,#7002,#974,.T.);
#10319=EDGE_CURVE('',#7014,#7005,#978,.T.);
#10321=EDGE_CURVE('',#7005,#7010,#982,.T.);
#10323=EDGE_CURVE('',#7010,#7014,#6866,.T.);
#10334=EDGE_CURVE('',#6997,#6994,#986,.T.);
#10336=EDGE_CURVE('',#6993,#6994,#1002,.T.);
#10349=EDGE_CURVE('',#6994,#7001,#990,.T.);
#10359=EDGE_CURVE('',#7013,#7006,#994,.T.);
#10361=EDGE_CURVE('',#7009,#7013,#6874,.T.);
#10363=EDGE_CURVE('',#7006,#7009,#998,.T.);
#10373=EDGE_CURVE('',#7001,#7002,#1246,.T.);
#10386=EDGE_CURVE('',#8028,#7013,#1226,.T.);
#10388=EDGE_CURVE('',#7013,#7014,#1230,.T.);
#10390=EDGE_CURVE('',#7014,#7300,#1234,.T.);
#10392=EDGE_CURVE('',#7300,#7303,#1238,.T.);
#10398=EDGE_CURVE('',#8011,#8015,#4255,.T.);
#10400=EDGE_CURVE('',#8011,#8028,#1258,.T.);
#10404=EDGE_CURVE('',#7239,#7240,#1026,.T.);
#10406=EDGE_CURVE('',#7246,#7239,#1030,.T.);
#10408=EDGE_CURVE('',#7244,#7246,#1034,.T.);
#10410=EDGE_CURVE('',#7242,#7244,#1038,.T.);
#10412=EDGE_CURVE('',#7240,#7242,#1042,.T.);
#10416=EDGE_CURVE('',#7249,#7250,#1046,.T.);
#10418=EDGE_CURVE('',#7256,#7249,#1050,.T.);
#10420=EDGE_CURVE('',#7254,#7256,#1054,.T.);
#10422=EDGE_CURVE('',#7252,#7254,#1058,.T.);
#10424=EDGE_CURVE('',#7250,#7252,#1062,.T.);
#10428=EDGE_CURVE('',#7259,#7260,#1066,.T.);
#10430=EDGE_CURVE('',#7266,#7259,#1070,.T.);
#10432=EDGE_CURVE('',#7264,#7266,#1074,.T.);
#10434=EDGE_CURVE('',#7262,#7264,#1078,.T.);
#10436=EDGE_CURVE('',#7260,#7262,#1082,.T.);
#10440=EDGE_CURVE('',#7269,#7270,#1086,.T.);
#10442=EDGE_CURVE('',#7276,#7269,#1090,.T.);
#10444=EDGE_CURVE('',#7274,#7276,#1094,.T.);
#10446=EDGE_CURVE('',#7272,#7274,#1098,.T.);
#10448=EDGE_CURVE('',#7270,#7272,#1102,.T.);
#10452=EDGE_CURVE('',#7279,#7280,#1106,.T.);
#10454=EDGE_CURVE('',#7286,#7279,#1110,.T.);
#10456=EDGE_CURVE('',#7284,#7286,#1114,.T.);
#10458=EDGE_CURVE('',#7282,#7284,#1118,.T.);
#10460=EDGE_CURVE('',#7280,#7282,#1122,.T.);
#10464=EDGE_CURVE('',#7289,#7290,#1126,.T.);
#10466=EDGE_CURVE('',#7296,#7289,#1130,.T.);
#10468=EDGE_CURVE('',#7294,#7296,#1134,.T.);
#10470=EDGE_CURVE('',#7292,#7294,#1138,.T.);
#10472=EDGE_CURVE('',#7290,#7292,#1142,.T.);
#10476=EDGE_CURVE('',#7397,#7398,#1146,.T.);
#10478=EDGE_CURVE('',#7900,#7397,#1150,.T.);
#10480=EDGE_CURVE('',#7402,#7900,#1154,.T.);
#10482=EDGE_CURVE('',#7402,#7400,#1158,.T.);
#10484=EDGE_CURVE('',#7398,#7400,#1162,.T.);
#10488=EDGE_CURVE('',#7405,#7406,#1166,.T.);
#10490=EDGE_CURVE('',#7902,#7405,#1170,.T.);
#10492=EDGE_CURVE('',#7410,#7902,#1174,.T.);
#10494=EDGE_CURVE('',#7410,#7408,#1178,.T.);
#10496=EDGE_CURVE('',#7406,#7408,#1182,.T.);
#10500=EDGE_CURVE('',#7881,#7882,#1186,.T.);
#10502=EDGE_CURVE('',#7888,#7881,#1190,.T.);
#10504=EDGE_CURVE('',#7886,#7888,#1194,.T.);
#10506=EDGE_CURVE('',#7884,#7886,#1198,.T.);
#10508=EDGE_CURVE('',#7882,#7884,#1202,.T.);
#10512=EDGE_CURVE('',#7891,#7892,#1206,.T.);
#10514=EDGE_CURVE('',#7898,#7891,#1210,.T.);
#10516=EDGE_CURVE('',#7896,#7898,#1214,.T.);
#10518=EDGE_CURVE('',#7894,#7896,#1218,.T.);
#10520=EDGE_CURVE('',#7892,#7894,#1222,.T.);
#10524=EDGE_CURVE('',#7229,#7230,#1006,.T.);
#10526=EDGE_CURVE('',#7236,#7229,#1010,.T.);
#10528=EDGE_CURVE('',#7234,#7236,#1014,.T.);
#10530=EDGE_CURVE('',#7232,#7234,#1018,.T.);
#10532=EDGE_CURVE('',#7230,#7232,#1022,.T.);
#10543=EDGE_CURVE('',#7230,#7160,#1266,.T.);
#10545=EDGE_CURVE('',#7159,#7160,#1282,.T.);
#10547=EDGE_CURVE('',#7229,#7159,#1262,.T.);
#10558=EDGE_CURVE('',#7232,#7162,#1270,.T.);
#10560=EDGE_CURVE('',#7160,#7162,#1286,.T.);
#10572=EDGE_CURVE('',#7234,#7164,#1274,.T.);
#10574=EDGE_CURVE('',#7162,#7164,#1290,.T.);
#10586=EDGE_CURVE('',#7236,#7166,#1278,.T.);
#10588=EDGE_CURVE('',#7164,#7166,#1294,.T.);
#10601=EDGE_CURVE('',#7166,#7159,#1298,.T.);
#10619=EDGE_CURVE('',#8759,#8760,#1662,.T.);
#10621=EDGE_CURVE('',#8764,#8760,#1666,.T.);
#10623=EDGE_CURVE('',#8763,#8764,#1670,.T.);
#10625=EDGE_CURVE('',#8763,#8759,#1674,.T.);
#10635=EDGE_CURVE('',#7169,#7170,#1302,.T.);
#10637=EDGE_CURVE('',#7170,#7172,#1306,.T.);
#10639=EDGE_CURVE('',#7172,#7174,#1310,.T.);
#10641=EDGE_CURVE('',#7174,#7176,#1314,.T.);
#10643=EDGE_CURVE('',#7176,#7169,#1318,.T.);
#10647=EDGE_CURVE('',#8716,#8714,#1646,.T.);
#10649=EDGE_CURVE('',#8718,#8714,#1650,.T.);
#10651=EDGE_CURVE('',#8720,#8718,#1654,.T.);
#10653=EDGE_CURVE('',#8720,#8716,#1658,.T.);
#10663=EDGE_CURVE('',#7179,#7180,#1322,.T.);
#10665=EDGE_CURVE('',#7180,#7182,#1326,.T.);
#10667=EDGE_CURVE('',#7182,#7184,#1330,.T.);
#10669=EDGE_CURVE('',#7184,#7186,#1334,.T.);
#10671=EDGE_CURVE('',#7186,#7179,#1338,.T.);
#10675=EDGE_CURVE('',#8524,#8522,#1614,.T.);
#10677=EDGE_CURVE('',#8526,#8522,#1618,.T.);
#10679=EDGE_CURVE('',#8528,#8526,#1622,.T.);
#10681=EDGE_CURVE('',#8528,#8524,#1626,.T.);
#10691=EDGE_CURVE('',#7189,#7190,#1342,.T.);
#10693=EDGE_CURVE('',#7190,#7192,#1346,.T.);
#10695=EDGE_CURVE('',#7192,#7194,#1350,.T.);
#10697=EDGE_CURVE('',#7194,#7196,#1354,.T.);
#10699=EDGE_CURVE('',#7196,#7189,#1358,.T.);
#10703=EDGE_CURVE('',#8428,#8426,#1598,.T.);
#10705=EDGE_CURVE('',#8430,#8426,#1602,.T.);
#10707=EDGE_CURVE('',#8432,#8430,#1606,.T.);
#10709=EDGE_CURVE('',#8432,#8428,#1610,.T.);
#10719=EDGE_CURVE('',#7199,#7200,#1362,.T.);
#10721=EDGE_CURVE('',#7200,#7202,#1366,.T.);
#10723=EDGE_CURVE('',#7202,#7204,#1370,.T.);
#10725=EDGE_CURVE('',#7204,#7206,#1374,.T.);
#10727=EDGE_CURVE('',#7206,#7199,#1378,.T.);
#10731=EDGE_CURVE('',#8332,#8330,#1582,.T.);
#10733=EDGE_CURVE('',#8334,#8330,#1586,.T.);
#10735=EDGE_CURVE('',#8336,#8334,#1590,.T.);
#10737=EDGE_CURVE('',#8336,#8332,#1594,.T.);
#10747=EDGE_CURVE('',#7209,#7210,#1382,.T.);
#10749=EDGE_CURVE('',#7210,#7212,#1386,.T.);
#10751=EDGE_CURVE('',#7212,#7214,#1390,.T.);
#10753=EDGE_CURVE('',#7214,#7216,#1394,.T.);
#10755=EDGE_CURVE('',#7216,#7209,#1398,.T.);
#10759=EDGE_CURVE('',#7929,#7930,#1550,.T.);
#10761=EDGE_CURVE('',#7934,#7930,#1554,.T.);
#10763=EDGE_CURVE('',#7933,#7934,#1558,.T.);
#10765=EDGE_CURVE('',#7933,#7929,#1562,.T.);
#10775=EDGE_CURVE('',#7219,#7220,#1402,.T.);
#10777=EDGE_CURVE('',#7220,#7222,#1406,.T.);
#10779=EDGE_CURVE('',#7222,#7224,#1410,.T.);
#10781=EDGE_CURVE('',#7224,#7226,#1414,.T.);
#10783=EDGE_CURVE('',#7226,#7219,#1418,.T.);
#10787=EDGE_CURVE('',#7937,#7938,#1566,.T.);
#10789=EDGE_CURVE('',#7942,#7938,#1570,.T.);
#10791=EDGE_CURVE('',#7941,#7942,#1574,.T.);
#10793=EDGE_CURVE('',#7941,#7937,#1578,.T.);
#10803=EDGE_CURVE('',#7357,#7358,#1422,.T.);
#10805=EDGE_CURVE('',#7358,#7360,#1426,.T.);
#10807=EDGE_CURVE('',#7360,#7362,#1430,.T.);
#10809=EDGE_CURVE('',#7362,#7364,#1434,.T.);
#10811=EDGE_CURVE('',#7364,#7357,#1438,.T.);
#10815=EDGE_CURVE('',#7905,#7906,#1502,.T.);
#10817=EDGE_CURVE('',#7910,#7906,#1506,.T.);
#10819=EDGE_CURVE('',#7909,#7910,#1510,.T.);
#10821=EDGE_CURVE('',#7909,#7905,#1514,.T.);
#10831=EDGE_CURVE('',#7367,#7368,#1442,.T.);
#10833=EDGE_CURVE('',#7368,#7370,#1446,.T.);
#10835=EDGE_CURVE('',#7370,#7372,#1450,.T.);
#10837=EDGE_CURVE('',#7372,#7374,#1454,.T.);
#10839=EDGE_CURVE('',#7374,#7367,#1458,.T.);
#10843=EDGE_CURVE('',#7913,#7914,#1518,.T.);
#10845=EDGE_CURVE('',#7918,#7914,#1522,.T.);
#10847=EDGE_CURVE('',#7917,#7918,#1526,.T.);
#10849=EDGE_CURVE('',#7917,#7913,#1530,.T.);
#10859=EDGE_CURVE('',#7377,#7378,#1462,.T.);
#10861=EDGE_CURVE('',#7378,#7380,#1466,.T.);
#10863=EDGE_CURVE('',#7380,#7382,#1470,.T.);
#10865=EDGE_CURVE('',#7382,#7384,#1474,.T.);
#10867=EDGE_CURVE('',#7384,#7377,#1478,.T.);
#10871=EDGE_CURVE('',#8620,#8618,#1630,.T.);
#10873=EDGE_CURVE('',#8622,#8618,#1634,.T.);
#10875=EDGE_CURVE('',#8624,#8622,#1638,.T.);
#10877=EDGE_CURVE('',#8624,#8620,#1642,.T.);
#10887=EDGE_CURVE('',#7387,#7388,#1482,.T.);
#10889=EDGE_CURVE('',#7388,#7390,#1486,.T.);
#10891=EDGE_CURVE('',#7390,#7392,#1490,.T.);
#10893=EDGE_CURVE('',#7392,#7394,#1494,.T.);
#10895=EDGE_CURVE('',#7394,#7387,#1498,.T.);
#10899=EDGE_CURVE('',#7921,#7922,#1534,.T.);
#10901=EDGE_CURVE('',#7926,#7922,#1538,.T.);
#10903=EDGE_CURVE('',#7925,#7926,#1542,.T.);
#10905=EDGE_CURVE('',#7925,#7921,#1546,.T.);
#10916=EDGE_CURVE('',#7240,#7170,#1682,.T.);
#10919=EDGE_CURVE('',#7239,#7169,#1678,.T.);
#10930=EDGE_CURVE('',#7242,#7172,#1686,.T.);
#10943=EDGE_CURVE('',#7244,#7174,#1690,.T.);
#10956=EDGE_CURVE('',#7246,#7176,#1694,.T.);
#10981=EDGE_CURVE('',#7250,#7180,#1702,.T.);
#10984=EDGE_CURVE('',#7249,#7179,#1698,.T.);
#10995=EDGE_CURVE('',#7252,#7182,#1706,.T.);
#11008=EDGE_CURVE('',#7254,#7184,#1710,.T.);
#11021=EDGE_CURVE('',#7256,#7186,#1714,.T.);
#11046=EDGE_CURVE('',#7260,#7190,#1722,.T.);
#11049=EDGE_CURVE('',#7259,#7189,#1718,.T.);
#11060=EDGE_CURVE('',#7262,#7192,#1726,.T.);
#11073=EDGE_CURVE('',#7264,#7194,#1730,.T.);
#11086=EDGE_CURVE('',#7266,#7196,#1734,.T.);
#11111=EDGE_CURVE('',#7270,#7200,#1742,.T.);
#11114=EDGE_CURVE('',#7269,#7199,#1738,.T.);
#11125=EDGE_CURVE('',#7272,#7202,#1746,.T.);
#11138=EDGE_CURVE('',#7274,#7204,#1750,.T.);
#11151=EDGE_CURVE('',#7276,#7206,#1754,.T.);
#11176=EDGE_CURVE('',#7280,#7210,#1762,.T.);
#11179=EDGE_CURVE('',#7279,#7209,#1758,.T.);
#11190=EDGE_CURVE('',#7282,#7212,#1766,.T.);
#11203=EDGE_CURVE('',#7284,#7214,#1770,.T.);
#11216=EDGE_CURVE('',#7286,#7216,#1774,.T.);
#11241=EDGE_CURVE('',#7290,#7220,#1782,.T.);
#11244=EDGE_CURVE('',#7289,#7219,#1778,.T.);
#11255=EDGE_CURVE('',#7292,#7222,#1786,.T.);
#11268=EDGE_CURVE('',#7294,#7224,#1790,.T.);
#11281=EDGE_CURVE('',#7296,#7226,#1794,.T.);
#11306=EDGE_CURVE('',#7882,#7358,#1802,.T.);
#11309=EDGE_CURVE('',#7881,#7357,#1798,.T.);
#11320=EDGE_CURVE('',#7884,#7360,#1806,.T.);
#11333=EDGE_CURVE('',#7886,#7362,#1810,.T.);
#11346=EDGE_CURVE('',#7888,#7364,#1814,.T.);
#11371=EDGE_CURVE('',#7892,#7368,#1822,.T.);
#11374=EDGE_CURVE('',#7891,#7367,#1818,.T.);
#11385=EDGE_CURVE('',#7894,#7370,#1826,.T.);
#11398=EDGE_CURVE('',#7896,#7372,#1830,.T.);
#11411=EDGE_CURVE('',#7898,#7374,#1834,.T.);
#11436=EDGE_CURVE('',#7398,#7378,#1842,.T.);
#11439=EDGE_CURVE('',#7397,#7377,#1838,.T.);
#11450=EDGE_CURVE('',#7400,#7380,#1846,.T.);
#11463=EDGE_CURVE('',#7402,#7382,#1850,.T.);
#11476=EDGE_CURVE('',#7900,#7384,#1854,.T.);
#11501=EDGE_CURVE('',#7902,#7388,#1862,.T.);
#11504=EDGE_CURVE('',#7410,#7387,#1858,.T.);
#11515=EDGE_CURVE('',#7405,#7390,#1866,.T.);
#11528=EDGE_CURVE('',#7406,#7392,#1870,.T.);
#11541=EDGE_CURVE('',#7408,#7394,#1874,.T.);
#11566=EDGE_CURVE('',#7113,#7344,#1981,.T.);
#11568=EDGE_CURVE('',#7332,#7344,#2397,.T.);
#11570=EDGE_CURVE('',#7311,#7332,#1878,.T.);
#11572=EDGE_CURVE('',#7328,#7311,#1882,.T.);
#11574=EDGE_CURVE('',#8926,#7328,#2597,.T.);
#11576=EDGE_CURVE('',#8926,#8922,#2857,.T.);
#11578=EDGE_CURVE('',#8922,#7326,#1997,.T.);
#11580=EDGE_CURVE('',#7348,#7326,#1886,.T.);
#11582=EDGE_CURVE('',#7114,#7348,#1890,.T.);
#11592=EDGE_CURVE('',#7945,#7946,#3759,.T.);
#11594=EDGE_CURVE('',#8068,#7946,#1895,.T.);
#11596=EDGE_CURVE('',#8067,#8068,#1899,.T.);
#11598=EDGE_CURVE('',#8064,#8067,#1904,.T.);
#11600=EDGE_CURVE('',#8063,#8064,#1908,.T.);
#11602=EDGE_CURVE('',#7945,#8063,#1913,.T.);
#11612=EDGE_CURVE('',#8164,#8171,#1917,.T.);
#11614=EDGE_CURVE('',#7906,#8164,#1921,.T.);
#11617=EDGE_CURVE('',#8171,#7905,#1925,.T.);
#11627=EDGE_CURVE('',#7063,#7064,#1929,.T.);
#11629=EDGE_CURVE('',#6976,#7063,#2965,.T.);
#11641=EDGE_CURVE('',#7067,#7068,#1941,.T.);
#11644=EDGE_CURVE('',#6979,#7048,#3017,.T.);
#11646=EDGE_CURVE('',#7067,#6979,#2981,.T.);
#11657=EDGE_CURVE('',#7072,#7056,#1949,.T.);
#11670=EDGE_CURVE('',#7039,#6987,#3013,.T.);
#11673=EDGE_CURVE('',#7075,#7059,#1965,.T.);
#11684=EDGE_CURVE('',#7030,#7128,#1973,.T.);
#11686=EDGE_CURVE('',#7344,#7128,#1977,.T.);
#11697=EDGE_CURVE('',#8922,#7131,#1985,.T.);
#11699=EDGE_CURVE('',#7131,#7035,#1989,.T.);
#11701=EDGE_CURVE('',#7105,#7035,#3029,.T.);
#11703=EDGE_CURVE('',#7326,#7105,#1993,.T.);
#11715=EDGE_CURVE('',#7342,#7346,#2005,.T.);
#11717=EDGE_CURVE('',#7496,#7346,#2009,.T.);
#11719=EDGE_CURVE('',#7489,#7496,#2013,.T.);
#11729=EDGE_CURVE('',#8930,#8924,#2017,.T.);
#11731=EDGE_CURVE('',#8924,#7314,#2021,.T.);
#11733=EDGE_CURVE('',#7314,#7101,#2025,.T.);
#11735=EDGE_CURVE('',#7433,#7101,#3041,.T.);
#11737=EDGE_CURVE('',#7516,#7433,#2029,.T.);
#11739=EDGE_CURVE('',#8930,#7516,#2033,.T.);
#11750=EDGE_CURVE('',#7493,#7498,#2041,.T.);
#11752=EDGE_CURVE('',#7544,#7498,#2045,.T.);
#11754=EDGE_CURVE('',#7537,#7544,#2049,.T.);
#11764=EDGE_CURVE('',#7628,#8932,#2053,.T.);
#11766=EDGE_CURVE('',#8932,#7502,#2057,.T.);
#11768=EDGE_CURVE('',#7502,#7429,#2061,.T.);
#11770=EDGE_CURVE('',#7457,#7429,#3053,.T.);
#11772=EDGE_CURVE('',#7564,#7457,#2065,.T.);
#11774=EDGE_CURVE('',#7628,#7564,#2069,.T.);
#11785=EDGE_CURVE('',#7541,#7546,#2077,.T.);
#11787=EDGE_CURVE('',#7592,#7546,#2081,.T.);
#11789=EDGE_CURVE('',#7585,#7592,#2085,.T.);
#11799=EDGE_CURVE('',#8938,#7630,#2089,.T.);
#11801=EDGE_CURVE('',#7630,#7550,#2093,.T.);
#11803=EDGE_CURVE('',#7550,#7453,#2097,.T.);
#11805=EDGE_CURVE('',#7481,#7453,#3065,.T.);
#11807=EDGE_CURVE('',#7612,#7481,#2101,.T.);
#11809=EDGE_CURVE('',#8938,#7612,#2105,.T.);
#11820=EDGE_CURVE('',#7589,#7594,#2113,.T.);
#11822=EDGE_CURVE('',#7672,#7594,#2117,.T.);
#11824=EDGE_CURVE('',#7665,#7672,#2121,.T.);
#11834=EDGE_CURVE('',#8946,#8940,#2125,.T.);
#11836=EDGE_CURVE('',#8940,#7598,#2129,.T.);
#11838=EDGE_CURVE('',#7598,#7477,#2133,.T.);
#11840=EDGE_CURVE('',#7657,#7477,#3077,.T.);
#11842=EDGE_CURVE('',#7692,#7657,#2137,.T.);
#11844=EDGE_CURVE('',#8946,#7692,#2141,.T.);
#11855=EDGE_CURVE('',#7669,#7674,#2149,.T.);
#11857=EDGE_CURVE('',#8274,#7674,#2153,.T.);
#11859=EDGE_CURVE('',#8268,#8274,#2157,.T.);
#11869=EDGE_CURVE('',#8958,#8948,#2161,.T.);
#11871=EDGE_CURVE('',#8948,#7678,#2165,.T.);
#11873=EDGE_CURVE('',#7678,#7653,#2169,.T.);
#11875=EDGE_CURVE('',#7757,#7653,#3089,.T.);
#11877=EDGE_CURVE('',#8306,#7757,#2173,.T.);
#11879=EDGE_CURVE('',#8958,#8306,#2177,.T.);
#11890=EDGE_CURVE('',#8272,#8276,#2185,.T.);
#11892=EDGE_CURVE('',#8370,#8276,#2189,.T.);
#11894=EDGE_CURVE('',#8364,#8370,#2193,.T.);
#11904=EDGE_CURVE('',#8970,#8960,#2197,.T.);
#11906=EDGE_CURVE('',#8960,#8290,#2201,.T.);
#11908=EDGE_CURVE('',#8290,#7753,#2205,.T.);
#11910=EDGE_CURVE('',#7781,#7753,#3101,.T.);
#11912=EDGE_CURVE('',#8402,#7781,#2209,.T.);
#11914=EDGE_CURVE('',#8970,#8402,#2213,.T.);
#11925=EDGE_CURVE('',#8368,#8372,#2221,.T.);
#11927=EDGE_CURVE('',#8466,#8372,#2225,.T.);
#11929=EDGE_CURVE('',#8460,#8466,#2229,.T.);
#11939=EDGE_CURVE('',#8982,#8972,#2233,.T.);
#11941=EDGE_CURVE('',#8972,#8386,#2237,.T.);
#11943=EDGE_CURVE('',#8386,#7777,#2241,.T.);
#11945=EDGE_CURVE('',#7805,#7777,#3113,.T.);
#11947=EDGE_CURVE('',#8498,#7805,#2245,.T.);
#11949=EDGE_CURVE('',#8982,#8498,#2249,.T.);
#11960=EDGE_CURVE('',#8464,#8468,#2257,.T.);
#11962=EDGE_CURVE('',#8562,#8468,#2261,.T.);
#11964=EDGE_CURVE('',#8556,#8562,#2265,.T.);
#11974=EDGE_CURVE('',#8994,#8984,#2269,.T.);
#11976=EDGE_CURVE('',#8984,#8482,#2273,.T.);
#11978=EDGE_CURVE('',#8482,#7801,#2277,.T.);
#11980=EDGE_CURVE('',#7829,#7801,#3125,.T.);
#11982=EDGE_CURVE('',#8594,#7829,#2281,.T.);
#11984=EDGE_CURVE('',#8994,#8594,#2285,.T.);
#11995=EDGE_CURVE('',#8560,#8564,#2293,.T.);
#11997=EDGE_CURVE('',#8658,#8564,#2297,.T.);
#11999=EDGE_CURVE('',#8652,#8658,#2301,.T.);
#12009=EDGE_CURVE('',#9006,#8996,#2305,.T.);
#12011=EDGE_CURVE('',#8996,#8578,#2309,.T.);
#12014=EDGE_CURVE('',#7853,#7825,#3137,.T.);
#12016=EDGE_CURVE('',#8690,#7853,#2317,.T.);
#12018=EDGE_CURVE('',#9006,#8690,#2321,.T.);
#12029=EDGE_CURVE('',#8656,#8660,#2329,.T.);
#12031=EDGE_CURVE('',#8754,#8660,#2333,.T.);
#12033=EDGE_CURVE('',#8748,#8754,#2337,.T.);
#12043=EDGE_CURVE('',#8900,#8756,#2341,.T.);
#12045=EDGE_CURVE('',#7086,#8900,#2345,.T.);
#12048=EDGE_CURVE('',#8752,#8756,#2353,.T.);
#12058=EDGE_CURVE('',#9020,#9008,#2357,.T.);
#12060=EDGE_CURVE('',#9008,#8674,#2361,.T.);
#12062=EDGE_CURVE('',#8674,#7849,#2365,.T.);
#12064=EDGE_CURVE('',#7877,#7849,#3161,.T.);
#12066=EDGE_CURVE('',#8794,#7877,#2369,.T.);
#12068=EDGE_CURVE('',#9020,#8794,#2373,.T.);
#12078=EDGE_CURVE('',#8778,#7873,#2377,.T.);
#12080=EDGE_CURVE('',#7089,#7873,#3153,.T.);
#12082=EDGE_CURVE('',#8902,#7089,#2381,.T.);
#12084=EDGE_CURVE('',#8902,#9022,#2385,.T.);
#12086=EDGE_CURVE('',#9022,#8778,#2389,.T.);
#12097=EDGE_CURVE('',#7055,#7071,#2569,.T.);
#12111=EDGE_CURVE('',#7308,#7306,#2581,.T.);
#12113=EDGE_CURVE('',#7306,#7063,#2969,.T.);
#12124=EDGE_CURVE('',#7127,#7128,#6850,.T.);
#12126=EDGE_CURVE('',#7127,#8904,#2589,.T.);
#12128=EDGE_CURVE('',#8904,#7332,#2393,.T.);
#12140=EDGE_CURVE('',#7322,#7346,#2401,.T.);
#12142=EDGE_CURVE('',#8907,#7322,#2405,.T.);
#12144=EDGE_CURVE('',#8907,#8908,#2605,.T.);
#12146=EDGE_CURVE('',#8908,#7522,#2409,.T.);
#12148=EDGE_CURVE('',#7522,#7496,#2413,.T.);
#12159=EDGE_CURVE('',#7510,#7498,#2417,.T.);
#12161=EDGE_CURVE('',#8911,#7510,#2421,.T.);
#12163=EDGE_CURVE('',#8911,#8912,#2629,.T.);
#12165=EDGE_CURVE('',#8912,#7570,#2425,.T.);
#12167=EDGE_CURVE('',#7570,#7544,#2429,.T.);
#12178=EDGE_CURVE('',#7558,#7546,#2433,.T.);
#12180=EDGE_CURVE('',#8915,#7558,#2437,.T.);
#12182=EDGE_CURVE('',#8915,#8916,#2653,.T.);
#12184=EDGE_CURVE('',#8916,#7618,#2441,.T.);
#12186=EDGE_CURVE('',#7618,#7592,#2445,.T.);
#12197=EDGE_CURVE('',#7606,#7594,#2449,.T.);
#12199=EDGE_CURVE('',#8919,#7606,#2453,.T.);
#12201=EDGE_CURVE('',#8919,#8920,#2677,.T.);
#12203=EDGE_CURVE('',#8920,#7698,#2457,.T.);
#12205=EDGE_CURVE('',#7698,#7672,#2461,.T.);
#12216=EDGE_CURVE('',#7686,#7674,#2465,.T.);
#12218=EDGE_CURVE('',#8954,#7686,#2469,.T.);
#12220=EDGE_CURVE('',#8954,#8956,#2701,.T.);
#12222=EDGE_CURVE('',#8956,#8311,#2473,.T.);
#12224=EDGE_CURVE('',#8311,#8274,#2477,.T.);
#12235=EDGE_CURVE('',#8297,#8276,#2481,.T.);
#12237=EDGE_CURVE('',#8966,#8297,#2485,.T.);
#12239=EDGE_CURVE('',#8966,#8968,#2725,.T.);
#12241=EDGE_CURVE('',#8968,#8407,#2489,.T.);
#12243=EDGE_CURVE('',#8407,#8370,#2493,.T.);
#12254=EDGE_CURVE('',#8393,#8372,#2497,.T.);
#12256=EDGE_CURVE('',#8978,#8393,#2501,.T.);
#12258=EDGE_CURVE('',#8978,#8980,#2749,.T.);
#12260=EDGE_CURVE('',#8980,#8503,#2505,.T.);
#12262=EDGE_CURVE('',#8503,#8466,#2509,.T.);
#12273=EDGE_CURVE('',#8489,#8468,#2513,.T.);
#12275=EDGE_CURVE('',#8990,#8489,#2517,.T.);
#12277=EDGE_CURVE('',#8990,#8992,#2773,.T.);
#12279=EDGE_CURVE('',#8992,#8599,#2521,.T.);
#12281=EDGE_CURVE('',#8599,#8562,#2525,.T.);
#12292=EDGE_CURVE('',#8585,#8564,#2529,.T.);
#12295=EDGE_CURVE('',#9002,#9004,#2797,.T.);
#12297=EDGE_CURVE('',#9004,#8695,#2537,.T.);
#12299=EDGE_CURVE('',#8695,#8658,#2541,.T.);
#12310=EDGE_CURVE('',#8681,#8660,#2545,.T.);
#12312=EDGE_CURVE('',#9014,#8681,#2549,.T.);
#12314=EDGE_CURVE('',#9014,#9016,#2821,.T.);
#12316=EDGE_CURVE('',#9016,#8799,#2553,.T.);
#12318=EDGE_CURVE('',#8799,#8754,#2557,.T.);
#12328=EDGE_CURVE('',#9018,#8785,#2561,.T.);
#12330=EDGE_CURVE('',#9018,#8898,#2845,.T.);
#12332=EDGE_CURVE('',#8898,#8900,#6894,.T.);
#12335=EDGE_CURVE('',#8785,#8756,#2565,.T.);
#12347=EDGE_CURVE('',#7076,#7060,#2573,.T.);
#12358=EDGE_CURVE('',#7109,#7110,#2577,.T.);
#12360=EDGE_CURVE('',#7109,#7306,#2973,.T.);
#12372=EDGE_CURVE('',#7328,#8904,#2585,.T.);
#12375=EDGE_CURVE('',#7132,#7127,#6846,.T.);
#12377=EDGE_CURVE('',#8926,#7132,#2593,.T.);
#12388=EDGE_CURVE('',#7518,#8908,#2601,.T.);
#12391=EDGE_CURVE('',#7318,#8907,#2609,.T.);
#12393=EDGE_CURVE('',#8928,#7318,#2613,.T.);
#12395=EDGE_CURVE('',#8934,#8928,#2617,.T.);
#12397=EDGE_CURVE('',#8934,#7518,#2621,.T.);
#12407=EDGE_CURVE('',#7566,#8912,#2625,.T.);
#12410=EDGE_CURVE('',#7506,#8911,#2633,.T.);
#12412=EDGE_CURVE('',#8936,#7506,#2637,.T.);
#12414=EDGE_CURVE('',#7632,#8936,#2641,.T.);
#12416=EDGE_CURVE('',#7632,#7566,#2645,.T.);
#12426=EDGE_CURVE('',#7614,#8916,#2649,.T.);
#12429=EDGE_CURVE('',#7554,#8915,#2657,.T.);
#12431=EDGE_CURVE('',#7634,#7554,#2661,.T.);
#12433=EDGE_CURVE('',#8942,#7634,#2665,.T.);
#12435=EDGE_CURVE('',#8942,#7614,#2669,.T.);
#12445=EDGE_CURVE('',#7694,#8920,#2673,.T.);
#12448=EDGE_CURVE('',#7602,#8919,#2681,.T.);
#12450=EDGE_CURVE('',#8944,#7602,#2685,.T.);
#12452=EDGE_CURVE('',#8950,#8944,#2689,.T.);
#12454=EDGE_CURVE('',#8950,#7694,#2693,.T.);
#12464=EDGE_CURVE('',#8308,#8956,#2697,.T.);
#12467=EDGE_CURVE('',#7682,#8954,#2705,.T.);
#12469=EDGE_CURVE('',#8952,#7682,#2709,.T.);
#12471=EDGE_CURVE('',#8962,#8952,#2713,.T.);
#12473=EDGE_CURVE('',#8962,#8308,#2717,.T.);
#12483=EDGE_CURVE('',#8404,#8968,#2721,.T.);
#12486=EDGE_CURVE('',#8294,#8966,#2729,.T.);
#12488=EDGE_CURVE('',#8964,#8294,#2733,.T.);
#12490=EDGE_CURVE('',#8974,#8964,#2737,.T.);
#12492=EDGE_CURVE('',#8974,#8404,#2741,.T.);
#12502=EDGE_CURVE('',#8500,#8980,#2745,.T.);
#12505=EDGE_CURVE('',#8390,#8978,#2753,.T.);
#12507=EDGE_CURVE('',#8976,#8390,#2757,.T.);
#12509=EDGE_CURVE('',#8986,#8976,#2761,.T.);
#12511=EDGE_CURVE('',#8986,#8500,#2765,.T.);
#12521=EDGE_CURVE('',#8596,#8992,#2769,.T.);
#12524=EDGE_CURVE('',#8486,#8990,#2777,.T.);
#12526=EDGE_CURVE('',#8988,#8486,#2781,.T.);
#12528=EDGE_CURVE('',#8998,#8988,#2785,.T.);
#12530=EDGE_CURVE('',#8998,#8596,#2789,.T.);
#12540=EDGE_CURVE('',#8692,#9004,#2793,.T.);
#12544=EDGE_CURVE('',#9000,#8582,#2805,.T.);
#12546=EDGE_CURVE('',#9010,#9000,#2809,.T.);
#12548=EDGE_CURVE('',#9010,#8692,#2813,.T.);
#12558=EDGE_CURVE('',#8796,#9016,#2817,.T.);
#12561=EDGE_CURVE('',#8678,#9014,#2825,.T.);
#12563=EDGE_CURVE('',#9012,#8678,#2829,.T.);
#12565=EDGE_CURVE('',#9024,#9012,#2833,.T.);
#12567=EDGE_CURVE('',#9024,#8796,#2837,.T.);
#12577=EDGE_CURVE('',#8897,#9026,#2841,.T.);
#12579=EDGE_CURVE('',#8897,#8898,#6898,.T.);
#12582=EDGE_CURVE('',#8782,#9018,#2849,.T.);
#12584=EDGE_CURVE('',#9026,#8782,#2853,.T.);
#12607=EDGE_CURVE('',#7109,#7067,#2977,.T.);
#12620=EDGE_CURVE('',#7131,#7132,#6842,.T.);
#12633=EDGE_CURVE('',#8928,#8924,#2861,.T.);
#12636=EDGE_CURVE('',#8934,#8930,#2865,.T.);
#12647=EDGE_CURVE('',#8936,#8932,#2869,.T.);
#12650=EDGE_CURVE('',#7632,#7628,#2873,.T.);
#12661=EDGE_CURVE('',#7634,#7630,#2877,.T.);
#12664=EDGE_CURVE('',#8942,#8938,#2881,.T.);
#12675=EDGE_CURVE('',#8944,#8940,#2885,.T.);
#12678=EDGE_CURVE('',#8950,#8946,#2889,.T.);
#12689=EDGE_CURVE('',#8952,#8948,#2893,.T.);
#12692=EDGE_CURVE('',#8962,#8958,#2897,.T.);
#12703=EDGE_CURVE('',#8964,#8960,#2901,.T.);
#12706=EDGE_CURVE('',#8974,#8970,#2905,.T.);
#12717=EDGE_CURVE('',#8976,#8972,#2909,.T.);
#12720=EDGE_CURVE('',#8986,#8982,#2913,.T.);
#12731=EDGE_CURVE('',#8988,#8984,#2917,.T.);
#12734=EDGE_CURVE('',#8998,#8994,#2921,.T.);
#12745=EDGE_CURVE('',#9000,#8996,#2925,.T.);
#12748=EDGE_CURVE('',#9010,#9006,#2929,.T.);
#12759=EDGE_CURVE('',#9012,#9008,#2933,.T.);
#12762=EDGE_CURVE('',#9024,#9020,#2937,.T.);
#12773=EDGE_CURVE('',#8897,#8902,#6902,.T.);
#12776=EDGE_CURVE('',#9026,#9022,#2941,.T.);
#12797=EDGE_CURVE('',#6979,#6980,#2985,.T.);
#12799=EDGE_CURVE('',#6980,#6982,#2989,.T.);
#12801=EDGE_CURVE('',#6982,#7299,#2993,.T.);
#12803=EDGE_CURVE('',#7010,#7299,#2997,.T.);
#12805=EDGE_CURVE('',#7009,#7010,#3001,.T.);
#12807=EDGE_CURVE('',#8027,#7009,#3005,.T.);
#12820=EDGE_CURVE('',#7040,#6988,#3173,.T.);
#12832=EDGE_CURVE('',#6980,#7050,#3177,.T.);
#12843=EDGE_CURVE('',#7105,#7106,#3025,.T.);
#12846=EDGE_CURVE('',#7035,#7036,#3033,.T.);
#12848=EDGE_CURVE('',#7106,#7036,#3189,.T.);
#12858=EDGE_CURVE('',#7433,#7434,#3037,.T.);
#12861=EDGE_CURVE('',#7101,#7102,#3045,.T.);
#12863=EDGE_CURVE('',#7434,#7102,#3201,.T.);
#12873=EDGE_CURVE('',#7457,#7458,#3049,.T.);
#12876=EDGE_CURVE('',#7429,#7430,#3057,.T.);
#12878=EDGE_CURVE('',#7458,#7430,#3213,.T.);
#12888=EDGE_CURVE('',#7481,#7482,#3061,.T.);
#12891=EDGE_CURVE('',#7453,#7454,#3069,.T.);
#12893=EDGE_CURVE('',#7482,#7454,#3225,.T.);
#12903=EDGE_CURVE('',#7657,#7658,#3073,.T.);
#12906=EDGE_CURVE('',#7477,#7478,#3081,.T.);
#12908=EDGE_CURVE('',#7658,#7478,#3237,.T.);
#12918=EDGE_CURVE('',#7757,#7758,#3085,.T.);
#12921=EDGE_CURVE('',#7653,#7654,#3093,.T.);
#12923=EDGE_CURVE('',#7758,#7654,#3249,.T.);
#12933=EDGE_CURVE('',#7781,#7782,#3097,.T.);
#12936=EDGE_CURVE('',#7753,#7754,#3105,.T.);
#12938=EDGE_CURVE('',#7782,#7754,#3261,.T.);
#12948=EDGE_CURVE('',#7805,#7806,#3109,.T.);
#12951=EDGE_CURVE('',#7777,#7778,#3117,.T.);
#12953=EDGE_CURVE('',#7806,#7778,#3273,.T.);
#12963=EDGE_CURVE('',#7829,#7830,#3121,.T.);
#12966=EDGE_CURVE('',#7801,#7802,#3129,.T.);
#12968=EDGE_CURVE('',#7830,#7802,#3285,.T.);
#12978=EDGE_CURVE('',#7853,#7854,#3133,.T.);
#12982=EDGE_CURVE('',#7854,#7826,#3297,.T.);
#12992=EDGE_CURVE('',#7873,#7874,#3145,.T.);
#12994=EDGE_CURVE('',#7090,#7874,#3313,.T.);
#12996=EDGE_CURVE('',#7089,#7090,#3149,.T.);
#13007=EDGE_CURVE('',#7877,#7878,#3157,.T.);
#13010=EDGE_CURVE('',#7849,#7850,#3165,.T.);
#13012=EDGE_CURVE('',#7878,#7850,#3321,.T.);
#13025=EDGE_CURVE('',#7026,#6990,#3517,.T.);
#13037=EDGE_CURVE('',#6982,#7052,#3529,.T.);
#13048=EDGE_CURVE('',#7106,#7098,#3185,.T.);
#13051=EDGE_CURVE('',#7036,#7021,#3193,.T.);
#13053=EDGE_CURVE('',#7098,#7021,#3501,.T.);
#13063=EDGE_CURVE('',#7434,#7426,#3197,.T.);
#13066=EDGE_CURVE('',#7102,#7093,#3205,.T.);
#13068=EDGE_CURVE('',#7426,#7093,#3485,.T.);
#13078=EDGE_CURVE('',#7458,#7450,#3209,.T.);
#13081=EDGE_CURVE('',#7430,#7421,#3217,.T.);
#13083=EDGE_CURVE('',#7450,#7421,#3469,.T.);
#13093=EDGE_CURVE('',#7482,#7474,#3221,.T.);
#13096=EDGE_CURVE('',#7454,#7445,#3229,.T.);
#13098=EDGE_CURVE('',#7474,#7445,#3453,.T.);
#13108=EDGE_CURVE('',#7658,#7650,#3233,.T.);
#13111=EDGE_CURVE('',#7478,#7469,#3241,.T.);
#13113=EDGE_CURVE('',#7650,#7469,#3437,.T.);
#13123=EDGE_CURVE('',#7758,#7750,#3245,.T.);
#13126=EDGE_CURVE('',#7654,#7645,#3253,.T.);
#13128=EDGE_CURVE('',#7750,#7645,#3421,.T.);
#13138=EDGE_CURVE('',#7782,#7774,#3257,.T.);
#13141=EDGE_CURVE('',#7754,#7745,#3265,.T.);
#13143=EDGE_CURVE('',#7774,#7745,#3405,.T.);
#13153=EDGE_CURVE('',#7806,#7798,#3269,.T.);
#13156=EDGE_CURVE('',#7778,#7769,#3277,.T.);
#13158=EDGE_CURVE('',#7798,#7769,#3389,.T.);
#13168=EDGE_CURVE('',#7830,#7822,#3281,.T.);
#13171=EDGE_CURVE('',#7802,#7793,#3289,.T.);
#13173=EDGE_CURVE('',#7822,#7793,#3373,.T.);
#13183=EDGE_CURVE('',#7854,#7846,#3293,.T.);
#13187=EDGE_CURVE('',#7846,#7817,#3357,.T.);
#13197=EDGE_CURVE('',#7874,#7865,#3305,.T.);
#13199=EDGE_CURVE('',#7082,#7865,#3545,.T.);
#13201=EDGE_CURVE('',#7090,#7082,#3309,.T.);
#13212=EDGE_CURVE('',#7878,#7870,#3317,.T.);
#13215=EDGE_CURVE('',#7850,#7841,#3325,.T.);
#13217=EDGE_CURVE('',#7870,#7841,#3341,.T.);
#13227=EDGE_CURVE('',#7865,#7866,#3329,.T.);
#13229=EDGE_CURVE('',#7866,#7868,#3333,.T.);
#13231=EDGE_CURVE('',#7870,#7868,#3337,.T.);
#13234=EDGE_CURVE('',#7841,#7842,#3345,.T.);
#13236=EDGE_CURVE('',#7842,#7844,#3349,.T.);
#13238=EDGE_CURVE('',#7846,#7844,#3353,.T.);
#13242=EDGE_CURVE('',#7818,#7820,#3365,.T.);
#13244=EDGE_CURVE('',#7822,#7820,#3369,.T.);
#13247=EDGE_CURVE('',#7793,#7794,#3377,.T.);
#13249=EDGE_CURVE('',#7794,#7796,#3381,.T.);
#13251=EDGE_CURVE('',#7798,#7796,#3385,.T.);
#13254=EDGE_CURVE('',#7769,#7770,#3393,.T.);
#13256=EDGE_CURVE('',#7770,#7772,#3397,.T.);
#13258=EDGE_CURVE('',#7774,#7772,#3401,.T.);
#13261=EDGE_CURVE('',#7745,#7746,#3409,.T.);
#13263=EDGE_CURVE('',#7746,#7748,#3413,.T.);
#13265=EDGE_CURVE('',#7750,#7748,#3417,.T.);
#13268=EDGE_CURVE('',#7645,#7646,#3425,.T.);
#13270=EDGE_CURVE('',#7646,#7648,#3429,.T.);
#13272=EDGE_CURVE('',#7650,#7648,#3433,.T.);
#13275=EDGE_CURVE('',#7469,#7470,#3441,.T.);
#13277=EDGE_CURVE('',#7470,#7472,#3445,.T.);
#13279=EDGE_CURVE('',#7474,#7472,#3449,.T.);
#13282=EDGE_CURVE('',#7445,#7446,#3457,.T.);
#13284=EDGE_CURVE('',#7446,#7448,#3461,.T.);
#13286=EDGE_CURVE('',#7450,#7448,#3465,.T.);
#13289=EDGE_CURVE('',#7421,#7422,#3473,.T.);
#13291=EDGE_CURVE('',#7422,#7424,#3477,.T.);
#13293=EDGE_CURVE('',#7426,#7424,#3481,.T.);
#13296=EDGE_CURVE('',#7093,#7094,#3489,.T.);
#13298=EDGE_CURVE('',#7094,#7096,#3493,.T.);
#13300=EDGE_CURVE('',#7098,#7096,#3497,.T.);
#13303=EDGE_CURVE('',#7021,#7022,#3505,.T.);
#13305=EDGE_CURVE('',#7022,#7024,#3509,.T.);
#13312=EDGE_CURVE('',#7299,#7300,#3525,.T.);
#13317=EDGE_CURVE('',#7078,#7080,#3537,.T.);
#13319=EDGE_CURVE('',#7082,#7080,#3541,.T.);
#13330=EDGE_CURVE('',#8774,#8751,#3549,.T.);
#13334=EDGE_CURVE('',#7857,#8772,#4059,.T.);
#13336=EDGE_CURVE('',#8774,#8772,#3554,.T.);
#13346=EDGE_CURVE('',#8777,#8778,#3558,.T.);
#13348=EDGE_CURVE('',#7866,#8777,#3701,.T.);
#13362=EDGE_CURVE('',#8781,#8782,#3562,.T.);
#13366=EDGE_CURVE('',#8785,#8786,#3566,.T.);
#13368=EDGE_CURVE('',#8786,#8771,#3571,.T.);
#13370=EDGE_CURVE('',#8771,#8007,#4051,.T.);
#13372=EDGE_CURVE('',#8781,#8007,#3709,.T.);
#13383=EDGE_CURVE('',#8792,#8774,#3575,.T.);
#13385=EDGE_CURVE('',#8792,#8747,#3713,.T.);
#13387=EDGE_CURVE('',#8747,#8739,#3650,.T.);
#13389=EDGE_CURVE('',#8739,#8740,#3634,.T.);
#13391=EDGE_CURVE('',#8751,#8740,#3583,.T.);
#13402=EDGE_CURVE('',#8736,#8772,#3618,.T.);
#13404=EDGE_CURVE('',#8728,#8736,#3579,.T.);
#13406=EDGE_CURVE('',#8728,#8768,#3655,.T.);
#13408=EDGE_CURVE('',#8792,#8768,#3718,.T.);
#13421=EDGE_CURVE('',#8740,#8778,#3587,.T.);
#13426=EDGE_CURVE('',#8782,#8744,#3591,.T.);
#13428=EDGE_CURVE('',#8744,#8785,#3595,.T.);
#13440=EDGE_CURVE('',#8771,#8772,#4055,.T.);
#13442=EDGE_CURVE('',#8771,#8731,#3600,.T.);
#13444=EDGE_CURVE('',#8731,#8732,#3604,.T.);
#13446=EDGE_CURVE('',#8732,#8734,#3609,.T.);
#13448=EDGE_CURVE('',#8734,#8736,#3613,.T.);
#13459=EDGE_CURVE('',#8808,#8810,#3622,.T.);
#13461=EDGE_CURVE('',#8808,#8763,#3626,.T.);
#13464=EDGE_CURVE('',#8764,#8810,#3630,.T.);
#13477=EDGE_CURVE('',#8739,#8794,#3646,.T.);
#13479=EDGE_CURVE('',#8788,#8794,#3722,.T.);
#13481=EDGE_CURVE('',#8777,#8788,#3697,.T.);
#13494=EDGE_CURVE('',#8743,#8799,#3638,.T.);
#13496=EDGE_CURVE('',#8796,#8743,#3642,.T.);
#13511=EDGE_CURVE('',#8767,#8768,#4039,.T.);
#13514=EDGE_CURVE('',#8726,#8728,#3659,.T.);
#13516=EDGE_CURVE('',#8724,#8726,#3664,.T.);
#13518=EDGE_CURVE('',#8723,#8724,#3668,.T.);
#13520=EDGE_CURVE('',#8767,#8723,#3673,.T.);
#13530=EDGE_CURVE('',#8814,#8807,#3677,.T.);
#13532=EDGE_CURVE('',#8760,#8814,#3681,.T.);
#13535=EDGE_CURVE('',#8807,#8759,#3685,.T.);
#13547=EDGE_CURVE('',#8743,#8744,#3689,.T.);
#13550=EDGE_CURVE('',#8799,#8800,#3743,.T.);
#13552=EDGE_CURVE('',#8800,#8786,#6790,.T.);
#13563=EDGE_CURVE('',#8781,#8790,#3705,.T.);
#13565=EDGE_CURVE('',#8790,#8796,#3730,.T.);
#13578=EDGE_CURVE('',#8807,#8808,#3693,.T.);
#13592=EDGE_CURVE('',#7868,#8788,#3726,.T.);
#13606=EDGE_CURVE('',#8007,#8008,#4047,.T.);
#13608=EDGE_CURVE('',#8790,#8008,#3734,.T.);
#13620=EDGE_CURVE('',#7861,#8768,#4035,.T.);
#13648=EDGE_CURVE('',#8767,#8008,#4043,.T.);
#13650=EDGE_CURVE('',#8800,#8767,#3739,.T.);
#13663=EDGE_CURVE('',#8043,#8044,#3747,.T.);
#13667=EDGE_CURVE('',#7122,#7946,#3755,.T.);
#13670=EDGE_CURVE('',#7945,#7336,#3763,.T.);
#13672=EDGE_CURVE('',#7334,#7336,#3767,.T.);
#13674=EDGE_CURVE('',#7949,#7334,#3771,.T.);
#13676=EDGE_CURVE('',#7949,#7950,#3775,.T.);
#13678=EDGE_CURVE('',#7118,#7950,#3779,.T.);
#13681=EDGE_CURVE('',#7417,#7954,#3783,.T.);
#13683=EDGE_CURVE('',#7953,#7954,#3787,.T.);
#13685=EDGE_CURVE('',#7953,#7526,#3791,.T.);
#13687=EDGE_CURVE('',#7524,#7526,#3795,.T.);
#13689=EDGE_CURVE('',#7957,#7524,#3799,.T.);
#13691=EDGE_CURVE('',#7957,#7958,#3803,.T.);
#13693=EDGE_CURVE('',#7413,#7958,#3807,.T.);
#13696=EDGE_CURVE('',#7441,#7962,#3811,.T.);
#13698=EDGE_CURVE('',#7961,#7962,#3815,.T.);
#13700=EDGE_CURVE('',#7961,#7574,#3819,.T.);
#13702=EDGE_CURVE('',#7572,#7574,#3823,.T.);
#13704=EDGE_CURVE('',#7965,#7572,#3827,.T.);
#13706=EDGE_CURVE('',#7965,#7966,#3831,.T.);
#13708=EDGE_CURVE('',#7437,#7966,#3835,.T.);
#13711=EDGE_CURVE('',#7465,#7970,#3839,.T.);
#13713=EDGE_CURVE('',#7969,#7970,#3843,.T.);
#13715=EDGE_CURVE('',#7969,#7622,#3847,.T.);
#13717=EDGE_CURVE('',#7620,#7622,#3851,.T.);
#13719=EDGE_CURVE('',#7973,#7620,#3855,.T.);
#13721=EDGE_CURVE('',#7973,#7974,#3859,.T.);
#13723=EDGE_CURVE('',#7461,#7974,#3863,.T.);
#13726=EDGE_CURVE('',#7641,#7978,#3867,.T.);
#13728=EDGE_CURVE('',#7977,#7978,#3871,.T.);
#13730=EDGE_CURVE('',#7977,#7702,#3875,.T.);
#13732=EDGE_CURVE('',#7700,#7702,#3879,.T.);
#13734=EDGE_CURVE('',#7981,#7700,#3883,.T.);
#13736=EDGE_CURVE('',#7981,#7982,#3887,.T.);
#13738=EDGE_CURVE('',#7637,#7982,#3891,.T.);
#13741=EDGE_CURVE('',#7741,#8280,#3895,.T.);
#13743=EDGE_CURVE('',#8279,#8280,#3899,.T.);
#13745=EDGE_CURVE('',#8279,#7988,#3903,.T.);
#13747=EDGE_CURVE('',#7987,#7988,#3907,.T.);
#13749=EDGE_CURVE('',#8283,#7987,#3911,.T.);
#13751=EDGE_CURVE('',#8283,#8284,#3915,.T.);
#13753=EDGE_CURVE('',#7737,#8284,#3919,.T.);
#13756=EDGE_CURVE('',#7765,#8376,#3923,.T.);
#13758=EDGE_CURVE('',#8375,#8376,#3927,.T.);
#13760=EDGE_CURVE('',#8375,#7992,#3931,.T.);
#13762=EDGE_CURVE('',#7991,#7992,#3935,.T.);
#13764=EDGE_CURVE('',#8379,#7991,#3939,.T.);
#13766=EDGE_CURVE('',#8379,#8380,#3943,.T.);
#13768=EDGE_CURVE('',#7761,#8380,#3947,.T.);
#13771=EDGE_CURVE('',#7789,#8472,#3951,.T.);
#13773=EDGE_CURVE('',#8471,#8472,#3955,.T.);
#13775=EDGE_CURVE('',#8471,#7996,#3959,.T.);
#13777=EDGE_CURVE('',#7995,#7996,#3963,.T.);
#13779=EDGE_CURVE('',#8475,#7995,#3967,.T.);
#13781=EDGE_CURVE('',#8475,#8476,#3971,.T.);
#13783=EDGE_CURVE('',#7785,#8476,#3975,.T.);
#13786=EDGE_CURVE('',#7813,#8568,#3979,.T.);
#13788=EDGE_CURVE('',#8567,#8568,#3983,.T.);
#13790=EDGE_CURVE('',#8567,#8000,#3987,.T.);
#13792=EDGE_CURVE('',#7999,#8000,#3991,.T.);
#13795=EDGE_CURVE('',#8571,#8572,#3999,.T.);
#13799=EDGE_CURVE('',#7837,#8664,#4007,.T.);
#13801=EDGE_CURVE('',#8663,#8664,#4011,.T.);
#13803=EDGE_CURVE('',#8663,#8004,#4015,.T.);
#13805=EDGE_CURVE('',#8003,#8004,#4019,.T.);
#13807=EDGE_CURVE('',#8667,#8003,#4023,.T.);
#13809=EDGE_CURVE('',#8667,#8668,#4027,.T.);
#13811=EDGE_CURVE('',#7833,#8668,#4031,.T.);
#13822=EDGE_CURVE('',#8044,#8058,#4063,.T.);
#13833=EDGE_CURVE('',#8044,#8012,#4067,.T.);
#13835=EDGE_CURVE('',#8830,#8012,#4295,.T.);
#13837=EDGE_CURVE('',#8830,#8822,#4071,.T.);
#13839=EDGE_CURVE('',#8822,#8824,#4327,.T.);
#13841=EDGE_CURVE('',#7984,#8824,#4347,.T.);
#13843=EDGE_CURVE('',#7151,#7984,#4279,.T.);
#13845=EDGE_CURVE('',#7151,#7144,#4075,.T.);
#13847=EDGE_CURVE('',#7144,#7146,#4315,.T.);
#13849=EDGE_CURVE('',#7155,#7146,#4299,.T.);
#13851=EDGE_CURVE('',#8016,#7155,#4263,.T.);
#13864=EDGE_CURVE('',#8874,#8888,#4087,.T.);
#13866=EDGE_CURVE('',#8888,#8890,#4091,.T.);
#13868=EDGE_CURVE('',#8882,#8890,#4095,.T.);
#13872=EDGE_CURVE('',#8011,#8012,#4251,.T.);
#13879=EDGE_CURVE('',#9110,#9108,#4103,.T.);
#13890=EDGE_CURVE('',#8873,#8833,#4107,.T.);
#13892=EDGE_CURVE('',#8833,#8834,#4112,.T.);
#13894=EDGE_CURVE('',#8834,#8836,#4116,.T.);
#13896=EDGE_CURVE('',#8836,#8838,#4120,.T.);
#13898=EDGE_CURVE('',#8838,#8840,#4124,.T.);
#13900=EDGE_CURVE('',#8840,#8888,#4129,.T.);
#13913=EDGE_CURVE('',#8892,#8843,#4134,.T.);
#13915=EDGE_CURVE('',#8843,#8844,#4138,.T.);
#13917=EDGE_CURVE('',#8844,#8846,#4142,.T.);
#13919=EDGE_CURVE('',#8846,#8848,#4146,.T.);
#13921=EDGE_CURVE('',#8848,#8850,#4151,.T.);
#13923=EDGE_CURVE('',#8850,#8878,#4155,.T.);
#13934=EDGE_CURVE('',#8881,#8853,#4181,.T.);
#13936=EDGE_CURVE('',#8833,#8853,#4227,.T.);
#13949=EDGE_CURVE('',#8860,#8890,#4160,.T.);
#13951=EDGE_CURVE('',#8858,#8860,#4164,.T.);
#13953=EDGE_CURVE('',#8856,#8858,#4168,.T.);
#13955=EDGE_CURVE('',#8854,#8856,#4172,.T.);
#13957=EDGE_CURVE('',#8853,#8854,#4177,.T.);
#13969=EDGE_CURVE('',#8870,#8886,#4185,.T.);
#13971=EDGE_CURVE('',#8868,#8870,#4190,.T.);
#13973=EDGE_CURVE('',#8866,#8868,#4194,.T.);
#13975=EDGE_CURVE('',#8864,#8866,#4198,.T.);
#13977=EDGE_CURVE('',#8863,#8864,#4202,.T.);
#13979=EDGE_CURVE('',#8894,#8863,#4207,.T.);
#13992=EDGE_CURVE('',#8840,#8860,#4211,.T.);
#14004=EDGE_CURVE('',#8838,#8858,#4215,.T.);
#14017=EDGE_CURVE('',#8836,#8856,#4219,.T.);
#14030=EDGE_CURVE('',#8834,#8854,#4223,.T.);
#14056=EDGE_CURVE('',#8850,#8870,#4231,.T.);
#14068=EDGE_CURVE('',#8848,#8868,#4235,.T.);
#14081=EDGE_CURVE('',#8846,#8866,#4239,.T.);
#14094=EDGE_CURVE('',#8844,#8864,#4243,.T.);
#14107=EDGE_CURVE('',#8843,#8863,#4247,.T.);
#14135=EDGE_CURVE('',#7155,#7156,#4267,.T.);
#14137=EDGE_CURVE('',#7156,#7152,#4271,.T.);
#14139=EDGE_CURVE('',#7151,#7152,#4275,.T.);
#14142=EDGE_CURVE('',#7984,#8827,#4283,.T.);
#14144=EDGE_CURVE('',#8827,#8828,#4287,.T.);
#14146=EDGE_CURVE('',#8830,#8828,#4291,.T.);
#14159=EDGE_CURVE('',#7146,#7148,#4311,.T.);
#14161=EDGE_CURVE('',#7156,#7148,#4339,.T.);
#14171=EDGE_CURVE('',#7143,#7144,#4303,.T.);
#14173=EDGE_CURVE('',#7148,#7143,#4307,.T.);
#14185=EDGE_CURVE('',#8819,#8820,#4319,.T.);
#14187=EDGE_CURVE('',#8824,#8819,#4323,.T.);
#14190=EDGE_CURVE('',#8820,#8822,#4331,.T.);
#14201=EDGE_CURVE('',#7152,#7143,#4335,.T.);
#14226=EDGE_CURVE('',#8827,#8819,#4343,.T.);
#14229=EDGE_CURVE('',#8828,#8820,#4351,.T.);
#14265=EDGE_CURVE('',#9042,#9058,#4355,.T.);
#14279=EDGE_CURVE('',#9040,#9056,#4359,.T.);
#14292=EDGE_CURVE('',#9038,#9054,#4363,.T.);
#14315=EDGE_CURVE('',#8080,#7114,#4371,.T.);
#14317=EDGE_CURVE('',#8080,#7946,#4376,.T.);
#14329=EDGE_CURVE('',#7096,#7140,#4380,.T.);
#14331=EDGE_CURVE('',#7140,#7326,#4384,.T.);
#14345=EDGE_CURVE('',#7324,#7328,#4388,.T.);
#14347=EDGE_CURVE('',#7324,#7336,#4392,.T.);
#14350=EDGE_CURVE('',#7331,#7945,#4397,.T.);
#14352=EDGE_CURVE('',#7331,#7332,#4401,.T.);
#14364=EDGE_CURVE('',#8078,#7124,#4414,.T.);
#14366=EDGE_CURVE('',#8080,#8078,#4405,.T.);
#14370=EDGE_CURVE('',#7348,#7350,#4514,.T.);
#14372=EDGE_CURVE('',#7124,#7350,#4443,.T.);
#14385=EDGE_CURVE('',#8078,#7950,#4410,.T.);
#14396=EDGE_CURVE('',#7094,#7138,#4498,.T.);
#14402=EDGE_CURVE('',#7138,#7314,#4418,.T.);
#14412=EDGE_CURVE('',#7317,#7318,#4422,.T.);
#14416=EDGE_CURVE('',#7321,#7322,#4426,.T.);
#14418=EDGE_CURVE('',#7321,#7949,#4431,.T.);
#14421=EDGE_CURVE('',#7317,#7334,#4510,.T.);
#14432=EDGE_CURVE('',#8076,#7950,#4474,.T.);
#14434=EDGE_CURVE('',#8068,#8076,#4435,.T.);
#14447=EDGE_CURVE('',#7312,#7322,#4439,.T.);
#14453=EDGE_CURVE('',#7350,#7314,#4447,.T.);
#14458=EDGE_CURVE('',#7318,#7312,#4451,.T.);
#14469=EDGE_CURVE('',#7949,#8071,#4456,.T.);
#14471=EDGE_CURVE('',#8071,#8072,#4460,.T.);
#14473=EDGE_CURVE('',#8072,#8075,#4465,.T.);
#14475=EDGE_CURVE('',#8075,#8076,#4469,.T.);
#14486=EDGE_CURVE('',#8176,#8168,#4478,.T.);
#14488=EDGE_CURVE('',#8176,#7909,#4482,.T.);
#14491=EDGE_CURVE('',#7910,#8168,#4486,.T.);
#14503=EDGE_CURVE('',#7311,#7312,#4490,.T.);
#14507=EDGE_CURVE('',#7331,#7321,#4554,.T.);
#14518=EDGE_CURVE('',#7317,#7324,#4506,.T.);
#14532=EDGE_CURVE('',#8171,#8176,#4494,.T.);
#14546=EDGE_CURVE('',#7138,#7140,#4502,.T.);
#14584=EDGE_CURVE('',#8171,#8172,#4518,.T.);
#14587=EDGE_CURVE('',#8175,#8176,#4522,.T.);
#14589=EDGE_CURVE('',#8172,#8175,#4530,.T.);
#14599=EDGE_CURVE('',#8163,#8164,#4526,.T.);
#14603=EDGE_CURVE('',#8163,#8172,#4542,.T.);
#14614=EDGE_CURVE('',#8163,#8167,#4538,.T.);
#14616=EDGE_CURVE('',#8167,#8168,#4546,.T.);
#14618=EDGE_CURVE('',#8164,#8168,#4550,.T.);
#14629=EDGE_CURVE('',#8175,#8167,#4534,.T.);
#14669=EDGE_CURVE('',#8063,#8071,#4558,.T.);
#14681=EDGE_CURVE('',#8064,#8072,#4562,.T.);
#14694=EDGE_CURVE('',#8067,#8075,#4566,.T.);
#14718=EDGE_CURVE('',#7512,#7516,#4570,.T.);
#14724=EDGE_CURVE('',#7424,#7512,#4574,.T.);
#14734=EDGE_CURVE('',#7514,#7518,#4578,.T.);
#14736=EDGE_CURVE('',#7514,#7526,#4582,.T.);
#14739=EDGE_CURVE('',#7521,#7953,#4587,.T.);
#14741=EDGE_CURVE('',#7521,#7522,#4591,.T.);
#14754=EDGE_CURVE('',#8100,#7490,#4595,.T.);
#14756=EDGE_CURVE('',#8100,#7954,#4600,.T.);
#14768=EDGE_CURVE('',#7501,#7502,#4608,.T.);
#14770=EDGE_CURVE('',#7530,#7502,#4713,.T.);
#14772=EDGE_CURVE('',#7528,#7530,#4604,.T.);
#14774=EDGE_CURVE('',#7528,#7516,#4662,.T.);
#14777=EDGE_CURVE('',#7501,#7512,#4634,.T.);
#14788=EDGE_CURVE('',#7422,#7501,#4638,.T.);
#14802=EDGE_CURVE('',#7505,#7506,#4612,.T.);
#14806=EDGE_CURVE('',#7509,#7510,#4616,.T.);
#14808=EDGE_CURVE('',#7509,#7957,#4621,.T.);
#14811=EDGE_CURVE('',#7505,#7524,#4646,.T.);
#14824=EDGE_CURVE('',#8098,#7958,#4626,.T.);
#14826=EDGE_CURVE('',#8098,#7494,#4630,.T.);
#14848=EDGE_CURVE('',#7505,#7514,#4642,.T.);
#14864=EDGE_CURVE('',#7518,#7485,#4658,.T.);
#14866=EDGE_CURVE('',#7485,#7486,#4705,.T.);
#14868=EDGE_CURVE('',#7506,#7486,#4717,.T.);
#14878=EDGE_CURVE('',#8183,#8184,#4650,.T.);
#14880=EDGE_CURVE('',#8183,#7913,#4701,.T.);
#14883=EDGE_CURVE('',#8184,#7917,#4752,.T.);
#14896=EDGE_CURVE('',#7485,#7522,#4654,.T.);
#14903=EDGE_CURVE('',#7490,#7528,#4666,.T.);
#14914=EDGE_CURVE('',#8088,#7954,#4671,.T.);
#14916=EDGE_CURVE('',#8087,#8088,#4675,.T.);
#14918=EDGE_CURVE('',#8084,#8087,#4680,.T.);
#14920=EDGE_CURVE('',#8083,#8084,#4684,.T.);
#14922=EDGE_CURVE('',#7953,#8083,#4689,.T.);
#14932=EDGE_CURVE('',#8190,#8183,#4693,.T.);
#14934=EDGE_CURVE('',#7914,#8190,#4697,.T.);
#14947=EDGE_CURVE('',#7486,#7510,#4721,.T.);
#14952=EDGE_CURVE('',#7521,#7509,#4780,.T.);
#14963=EDGE_CURVE('',#7494,#7530,#4709,.T.);
#14982=EDGE_CURVE('',#7957,#8091,#4726,.T.);
#14984=EDGE_CURVE('',#8091,#8092,#4730,.T.);
#14986=EDGE_CURVE('',#8092,#8095,#4735,.T.);
#14988=EDGE_CURVE('',#8095,#8096,#4739,.T.);
#14990=EDGE_CURVE('',#8096,#7958,#4744,.T.);
#15000=EDGE_CURVE('',#8184,#8186,#4748,.T.);
#15004=EDGE_CURVE('',#7918,#8186,#4756,.T.);
#15015=EDGE_CURVE('',#8100,#8098,#4760,.T.);
#15031=EDGE_CURVE('',#8088,#8096,#4764,.T.);
#15047=EDGE_CURVE('',#8087,#8095,#4768,.T.);
#15060=EDGE_CURVE('',#8084,#8092,#4772,.T.);
#15073=EDGE_CURVE('',#8083,#8091,#4776,.T.);
#15098=EDGE_CURVE('',#8188,#8186,#4784,.T.);
#15100=EDGE_CURVE('',#8180,#8188,#4800,.T.);
#15102=EDGE_CURVE('',#8180,#8184,#4816,.T.);
#15112=EDGE_CURVE('',#8190,#8186,#4792,.T.);
#15114=EDGE_CURVE('',#8192,#8190,#4788,.T.);
#15116=EDGE_CURVE('',#8192,#8188,#4804,.T.);
#15139=EDGE_CURVE('',#8192,#8179,#4808,.T.);
#15143=EDGE_CURVE('',#8183,#8179,#4812,.T.);
#15153=EDGE_CURVE('',#8179,#8180,#4796,.T.);
#15178=EDGE_CURVE('',#7560,#7564,#4820,.T.);
#15184=EDGE_CURVE('',#7448,#7560,#4824,.T.);
#15194=EDGE_CURVE('',#7562,#7566,#4828,.T.);
#15196=EDGE_CURVE('',#7562,#7574,#4832,.T.);
#15199=EDGE_CURVE('',#7569,#7961,#4837,.T.);
#15201=EDGE_CURVE('',#7569,#7570,#4841,.T.);
#15214=EDGE_CURVE('',#8120,#7538,#4845,.T.);
#15216=EDGE_CURVE('',#8120,#7962,#4850,.T.);
#15228=EDGE_CURVE('',#7549,#7550,#4858,.T.);
#15230=EDGE_CURVE('',#7578,#7550,#4963,.T.);
#15232=EDGE_CURVE('',#7576,#7578,#4854,.T.);
#15234=EDGE_CURVE('',#7576,#7564,#4912,.T.);
#15237=EDGE_CURVE('',#7549,#7560,#4884,.T.);
#15248=EDGE_CURVE('',#7446,#7549,#4888,.T.);
#15262=EDGE_CURVE('',#7553,#7554,#4862,.T.);
#15266=EDGE_CURVE('',#7557,#7558,#4866,.T.);
#15268=EDGE_CURVE('',#7557,#7965,#4871,.T.);
#15271=EDGE_CURVE('',#7553,#7572,#4896,.T.);
#15284=EDGE_CURVE('',#8118,#7966,#4876,.T.);
#15286=EDGE_CURVE('',#8118,#7542,#4880,.T.);
#15308=EDGE_CURVE('',#7553,#7562,#4892,.T.);
#15324=EDGE_CURVE('',#7566,#7533,#4908,.T.);
#15326=EDGE_CURVE('',#7533,#7534,#4955,.T.);
#15328=EDGE_CURVE('',#7554,#7534,#4967,.T.);
#15338=EDGE_CURVE('',#8199,#8200,#4900,.T.);
#15340=EDGE_CURVE('',#8199,#7921,#4951,.T.);
#15343=EDGE_CURVE('',#8200,#7925,#5002,.T.);
#15356=EDGE_CURVE('',#7533,#7570,#4904,.T.);
#15363=EDGE_CURVE('',#7538,#7576,#4916,.T.);
#15374=EDGE_CURVE('',#8108,#7962,#4921,.T.);
#15376=EDGE_CURVE('',#8107,#8108,#4925,.T.);
#15378=EDGE_CURVE('',#8104,#8107,#4930,.T.);
#15380=EDGE_CURVE('',#8103,#8104,#4934,.T.);
#15382=EDGE_CURVE('',#7961,#8103,#4939,.T.);
#15392=EDGE_CURVE('',#8206,#8199,#4943,.T.);
#15394=EDGE_CURVE('',#7922,#8206,#4947,.T.);
#15407=EDGE_CURVE('',#7534,#7558,#4971,.T.);
#15412=EDGE_CURVE('',#7569,#7557,#5030,.T.);
#15423=EDGE_CURVE('',#7542,#7578,#4959,.T.);
#15442=EDGE_CURVE('',#7965,#8111,#4976,.T.);
#15444=EDGE_CURVE('',#8111,#8112,#4980,.T.);
#15446=EDGE_CURVE('',#8112,#8115,#4985,.T.);
#15448=EDGE_CURVE('',#8115,#8116,#4989,.T.);
#15450=EDGE_CURVE('',#8116,#7966,#4994,.T.);
#15460=EDGE_CURVE('',#8200,#8202,#4998,.T.);
#15464=EDGE_CURVE('',#7926,#8202,#5006,.T.);
#15475=EDGE_CURVE('',#8120,#8118,#5010,.T.);
#15491=EDGE_CURVE('',#8108,#8116,#5014,.T.);
#15507=EDGE_CURVE('',#8107,#8115,#5018,.T.);
#15520=EDGE_CURVE('',#8104,#8112,#5022,.T.);
#15533=EDGE_CURVE('',#8103,#8111,#5026,.T.);
#15558=EDGE_CURVE('',#8204,#8202,#5034,.T.);
#15560=EDGE_CURVE('',#8196,#8204,#5050,.T.);
#15562=EDGE_CURVE('',#8196,#8200,#5066,.T.);
#15572=EDGE_CURVE('',#8206,#8202,#5042,.T.);
#15574=EDGE_CURVE('',#8208,#8206,#5038,.T.);
#15576=EDGE_CURVE('',#8208,#8204,#5054,.T.);
#15599=EDGE_CURVE('',#8208,#8195,#5058,.T.);
#15603=EDGE_CURVE('',#8199,#8195,#5062,.T.);
#15613=EDGE_CURVE('',#8195,#8196,#5046,.T.);
#15638=EDGE_CURVE('',#7608,#7612,#5070,.T.);
#15644=EDGE_CURVE('',#7472,#7608,#5074,.T.);
#15654=EDGE_CURVE('',#7610,#7614,#5078,.T.);
#15656=EDGE_CURVE('',#7610,#7622,#5082,.T.);
#15659=EDGE_CURVE('',#7617,#7969,#5087,.T.);
#15661=EDGE_CURVE('',#7617,#7618,#5091,.T.);
#15674=EDGE_CURVE('',#8140,#7586,#5095,.T.);
#15676=EDGE_CURVE('',#8140,#7970,#5100,.T.);
#15688=EDGE_CURVE('',#7597,#7598,#5108,.T.);
#15690=EDGE_CURVE('',#7626,#7598,#5213,.T.);
#15692=EDGE_CURVE('',#7624,#7626,#5104,.T.);
#15694=EDGE_CURVE('',#7624,#7612,#5162,.T.);
#15697=EDGE_CURVE('',#7597,#7608,#5134,.T.);
#15708=EDGE_CURVE('',#7470,#7597,#5138,.T.);
#15722=EDGE_CURVE('',#7601,#7602,#5112,.T.);
#15726=EDGE_CURVE('',#7605,#7606,#5116,.T.);
#15728=EDGE_CURVE('',#7605,#7973,#5121,.T.);
#15731=EDGE_CURVE('',#7601,#7620,#5146,.T.);
#15744=EDGE_CURVE('',#8138,#7974,#5126,.T.);
#15746=EDGE_CURVE('',#8138,#7590,#5130,.T.);
#15768=EDGE_CURVE('',#7601,#7610,#5142,.T.);
#15784=EDGE_CURVE('',#7614,#7581,#5158,.T.);
#15786=EDGE_CURVE('',#7581,#7582,#5205,.T.);
#15788=EDGE_CURVE('',#7602,#7582,#5217,.T.);
#15798=EDGE_CURVE('',#8215,#8216,#5150,.T.);
#15800=EDGE_CURVE('',#8215,#7929,#5201,.T.);
#15803=EDGE_CURVE('',#8216,#7933,#5252,.T.);
#15816=EDGE_CURVE('',#7581,#7618,#5154,.T.);
#15823=EDGE_CURVE('',#7586,#7624,#5166,.T.);
#15834=EDGE_CURVE('',#8128,#7970,#5171,.T.);
#15836=EDGE_CURVE('',#8127,#8128,#5175,.T.);
#15838=EDGE_CURVE('',#8124,#8127,#5180,.T.);
#15840=EDGE_CURVE('',#8123,#8124,#5184,.T.);
#15842=EDGE_CURVE('',#7969,#8123,#5189,.T.);
#15852=EDGE_CURVE('',#8222,#8215,#5193,.T.);
#15854=EDGE_CURVE('',#7930,#8222,#5197,.T.);
#15867=EDGE_CURVE('',#7582,#7606,#5221,.T.);
#15872=EDGE_CURVE('',#7617,#7605,#5280,.T.);
#15883=EDGE_CURVE('',#7590,#7626,#5209,.T.);
#15902=EDGE_CURVE('',#7973,#8131,#5226,.T.);
#15904=EDGE_CURVE('',#8131,#8132,#5230,.T.);
#15906=EDGE_CURVE('',#8132,#8135,#5235,.T.);
#15908=EDGE_CURVE('',#8135,#8136,#5239,.T.);
#15910=EDGE_CURVE('',#8136,#7974,#5244,.T.);
#15920=EDGE_CURVE('',#8216,#8218,#5248,.T.);
#15924=EDGE_CURVE('',#7934,#8218,#5256,.T.);
#15935=EDGE_CURVE('',#8140,#8138,#5260,.T.);
#15951=EDGE_CURVE('',#8128,#8136,#5264,.T.);
#15967=EDGE_CURVE('',#8127,#8135,#5268,.T.);
#15980=EDGE_CURVE('',#8124,#8132,#5272,.T.);
#15993=EDGE_CURVE('',#8123,#8131,#5276,.T.);
#16018=EDGE_CURVE('',#8220,#8218,#5284,.T.);
#16020=EDGE_CURVE('',#8212,#8220,#5300,.T.);
#16022=EDGE_CURVE('',#8212,#8216,#5316,.T.);
#16032=EDGE_CURVE('',#8222,#8218,#5292,.T.);
#16034=EDGE_CURVE('',#8224,#8222,#5288,.T.);
#16036=EDGE_CURVE('',#8224,#8220,#5304,.T.);
#16059=EDGE_CURVE('',#8224,#8211,#5308,.T.);
#16063=EDGE_CURVE('',#8215,#8211,#5312,.T.);
#16073=EDGE_CURVE('',#8211,#8212,#5296,.T.);
#16098=EDGE_CURVE('',#7688,#7692,#5320,.T.);
#16104=EDGE_CURVE('',#7648,#7688,#5324,.T.);
#16114=EDGE_CURVE('',#7690,#7694,#5328,.T.);
#16116=EDGE_CURVE('',#7690,#7702,#5332,.T.);
#16119=EDGE_CURVE('',#7697,#7977,#5337,.T.);
#16121=EDGE_CURVE('',#7697,#7698,#5341,.T.);
#16134=EDGE_CURVE('',#8160,#7666,#5345,.T.);
#16136=EDGE_CURVE('',#8160,#7978,#5350,.T.);
#16148=EDGE_CURVE('',#7677,#7678,#5358,.T.);
#16150=EDGE_CURVE('',#7706,#7678,#5463,.T.);
#16152=EDGE_CURVE('',#7704,#7706,#5354,.T.);
#16154=EDGE_CURVE('',#7704,#7692,#5412,.T.);
#16157=EDGE_CURVE('',#7677,#7688,#5384,.T.);
#16168=EDGE_CURVE('',#7646,#7677,#5388,.T.);
#16182=EDGE_CURVE('',#7681,#7682,#5362,.T.);
#16186=EDGE_CURVE('',#7685,#7686,#5366,.T.);
#16188=EDGE_CURVE('',#7685,#7981,#5371,.T.);
#16191=EDGE_CURVE('',#7681,#7700,#5396,.T.);
#16204=EDGE_CURVE('',#8158,#7982,#5376,.T.);
#16206=EDGE_CURVE('',#8158,#7670,#5380,.T.);
#16228=EDGE_CURVE('',#7681,#7690,#5392,.T.);
#16244=EDGE_CURVE('',#7694,#7661,#5408,.T.);
#16246=EDGE_CURVE('',#7661,#7662,#5455,.T.);
#16248=EDGE_CURVE('',#7682,#7662,#5467,.T.);
#16258=EDGE_CURVE('',#8231,#8232,#5400,.T.);
#16260=EDGE_CURVE('',#8231,#7937,#5451,.T.);
#16263=EDGE_CURVE('',#8232,#7941,#5502,.T.);
#16276=EDGE_CURVE('',#7661,#7698,#5404,.T.);
#16283=EDGE_CURVE('',#7666,#7704,#5416,.T.);
#16294=EDGE_CURVE('',#8148,#7978,#5421,.T.);
#16296=EDGE_CURVE('',#8147,#8148,#5425,.T.);
#16298=EDGE_CURVE('',#8144,#8147,#5430,.T.);
#16300=EDGE_CURVE('',#8143,#8144,#5434,.T.);
#16302=EDGE_CURVE('',#7977,#8143,#5439,.T.);
#16312=EDGE_CURVE('',#8238,#8231,#5443,.T.);
#16314=EDGE_CURVE('',#7938,#8238,#5447,.T.);
#16327=EDGE_CURVE('',#7662,#7686,#5471,.T.);
#16332=EDGE_CURVE('',#7697,#7685,#5530,.T.);
#16343=EDGE_CURVE('',#7670,#7706,#5459,.T.);
#16362=EDGE_CURVE('',#7981,#8151,#5476,.T.);
#16364=EDGE_CURVE('',#8151,#8152,#5480,.T.);
#16366=EDGE_CURVE('',#8152,#8155,#5485,.T.);
#16368=EDGE_CURVE('',#8155,#8156,#5489,.T.);
#16370=EDGE_CURVE('',#8156,#7982,#5494,.T.);
#16380=EDGE_CURVE('',#8232,#8234,#5498,.T.);
#16384=EDGE_CURVE('',#7942,#8234,#5506,.T.);
#16395=EDGE_CURVE('',#8160,#8158,#5510,.T.);
#16411=EDGE_CURVE('',#8148,#8156,#5514,.T.);
#16427=EDGE_CURVE('',#8147,#8155,#5518,.T.);
#16440=EDGE_CURVE('',#8144,#8152,#5522,.T.);
#16453=EDGE_CURVE('',#8143,#8151,#5526,.T.);
#16478=EDGE_CURVE('',#8236,#8234,#5534,.T.);
#16480=EDGE_CURVE('',#8228,#8236,#5550,.T.);
#16482=EDGE_CURVE('',#8228,#8232,#5566,.T.);
#16492=EDGE_CURVE('',#8238,#8234,#5542,.T.);
#16494=EDGE_CURVE('',#8240,#8238,#5538,.T.);
#16496=EDGE_CURVE('',#8240,#8236,#5554,.T.);
#16519=EDGE_CURVE('',#8240,#8227,#5558,.T.);
#16523=EDGE_CURVE('',#8231,#8227,#5562,.T.);
#16533=EDGE_CURVE('',#8227,#8228,#5546,.T.);
#16558=EDGE_CURVE('',#8304,#8267,#5570,.T.);
#16560=EDGE_CURVE('',#8304,#8280,#5575,.T.);
#16573=EDGE_CURVE('',#8300,#8306,#5579,.T.);
#16579=EDGE_CURVE('',#7748,#8300,#5583,.T.);
#16589=EDGE_CURVE('',#8302,#8308,#5587,.T.);
#16591=EDGE_CURVE('',#8302,#7988,#5591,.T.);
#16594=EDGE_CURVE('',#8312,#8279,#5596,.T.);
#16596=EDGE_CURVE('',#8311,#8312,#5600,.T.);
#16608=EDGE_CURVE('',#8286,#8271,#5608,.T.);
#16610=EDGE_CURVE('',#8304,#8286,#5604,.T.);
#16613=EDGE_CURVE('',#8267,#8259,#5705,.T.);
#16615=EDGE_CURVE('',#8259,#8260,#5689,.T.);
#16617=EDGE_CURVE('',#8271,#8260,#5638,.T.);
#16631=EDGE_CURVE('',#8286,#8284,#5613,.T.);
#16641=EDGE_CURVE('',#8289,#8290,#5617,.T.);
#16643=EDGE_CURVE('',#7746,#8289,#5756,.T.);
#16657=EDGE_CURVE('',#8293,#8294,#5621,.T.);
#16661=EDGE_CURVE('',#8297,#8298,#5625,.T.);
#16663=EDGE_CURVE('',#8298,#8283,#5630,.T.);
#16666=EDGE_CURVE('',#8293,#7987,#5764,.T.);
#16677=EDGE_CURVE('',#8256,#8284,#5673,.T.);
#16679=EDGE_CURVE('',#8248,#8256,#5634,.T.);
#16681=EDGE_CURVE('',#8248,#8280,#5710,.T.);
#16695=EDGE_CURVE('',#8260,#8290,#5642,.T.);
#16700=EDGE_CURVE('',#8294,#8264,#5646,.T.);
#16702=EDGE_CURVE('',#8264,#8297,#5650,.T.);
#16715=EDGE_CURVE('',#8283,#8251,#5655,.T.);
#16717=EDGE_CURVE('',#8251,#8252,#5659,.T.);
#16719=EDGE_CURVE('',#8252,#8254,#5664,.T.);
#16721=EDGE_CURVE('',#8254,#8256,#5668,.T.);
#16732=EDGE_CURVE('',#8320,#8322,#5677,.T.);
#16734=EDGE_CURVE('',#8320,#8336,#5681,.T.);
#16737=EDGE_CURVE('',#8334,#8322,#5685,.T.);
#16750=EDGE_CURVE('',#8259,#8306,#5701,.T.);
#16753=EDGE_CURVE('',#8289,#8300,#5752,.T.);
#16766=EDGE_CURVE('',#8263,#8311,#5693,.T.);
#16768=EDGE_CURVE('',#8308,#8263,#5697,.T.);
#16785=EDGE_CURVE('',#8246,#8248,#5714,.T.);
#16787=EDGE_CURVE('',#8244,#8246,#5719,.T.);
#16789=EDGE_CURVE('',#8243,#8244,#5723,.T.);
#16791=EDGE_CURVE('',#8279,#8243,#5728,.T.);
#16801=EDGE_CURVE('',#8326,#8319,#5732,.T.);
#16803=EDGE_CURVE('',#8330,#8326,#5736,.T.);
#16806=EDGE_CURVE('',#8319,#8332,#5740,.T.);
#16818=EDGE_CURVE('',#8263,#8264,#5744,.T.);
#16822=EDGE_CURVE('',#8312,#8298,#5804,.T.);
#16833=EDGE_CURVE('',#8293,#8302,#5760,.T.);
#16847=EDGE_CURVE('',#8319,#8320,#5748,.T.);
#16884=EDGE_CURVE('',#8315,#8316,#5776,.T.);
#16886=EDGE_CURVE('',#8319,#8315,#5768,.T.);
#16889=EDGE_CURVE('',#8316,#8320,#5772,.T.);
#16900=EDGE_CURVE('',#8316,#8324,#5780,.T.);
#16902=EDGE_CURVE('',#8328,#8324,#5784,.T.);
#16904=EDGE_CURVE('',#8328,#8315,#5788,.T.);
#16915=EDGE_CURVE('',#8324,#8322,#5792,.T.);
#16927=EDGE_CURVE('',#8326,#8322,#5800,.T.);
#16929=EDGE_CURVE('',#8328,#8326,#5796,.T.);
#16969=EDGE_CURVE('',#8243,#8251,#5808,.T.);
#16981=EDGE_CURVE('',#8244,#8252,#5812,.T.);
#16994=EDGE_CURVE('',#8246,#8254,#5816,.T.);
#17018=EDGE_CURVE('',#8400,#8363,#5820,.T.);
#17020=EDGE_CURVE('',#8400,#8376,#5825,.T.);
#17033=EDGE_CURVE('',#8396,#8402,#5829,.T.);
#17039=EDGE_CURVE('',#7772,#8396,#5833,.T.);
#17049=EDGE_CURVE('',#8398,#8404,#5837,.T.);
#17051=EDGE_CURVE('',#8398,#7992,#5841,.T.);
#17054=EDGE_CURVE('',#8408,#8375,#5846,.T.);
#17056=EDGE_CURVE('',#8407,#8408,#5850,.T.);
#17068=EDGE_CURVE('',#8382,#8367,#5858,.T.);
#17070=EDGE_CURVE('',#8400,#8382,#5854,.T.);
#17073=EDGE_CURVE('',#8363,#8355,#5955,.T.);
#17075=EDGE_CURVE('',#8355,#8356,#5939,.T.);
#17077=EDGE_CURVE('',#8367,#8356,#5888,.T.);
#17091=EDGE_CURVE('',#8382,#8380,#5863,.T.);
#17101=EDGE_CURVE('',#8385,#8386,#5867,.T.);
#17103=EDGE_CURVE('',#7770,#8385,#6006,.T.);
#17117=EDGE_CURVE('',#8389,#8390,#5871,.T.);
#17121=EDGE_CURVE('',#8393,#8394,#5875,.T.);
#17123=EDGE_CURVE('',#8394,#8379,#5880,.T.);
#17126=EDGE_CURVE('',#8389,#7991,#6014,.T.);
#17137=EDGE_CURVE('',#8352,#8380,#5923,.T.);
#17139=EDGE_CURVE('',#8344,#8352,#5884,.T.);
#17141=EDGE_CURVE('',#8344,#8376,#5960,.T.);
#17155=EDGE_CURVE('',#8356,#8386,#5892,.T.);
#17160=EDGE_CURVE('',#8390,#8360,#5896,.T.);
#17162=EDGE_CURVE('',#8360,#8393,#5900,.T.);
#17175=EDGE_CURVE('',#8379,#8347,#5905,.T.);
#17177=EDGE_CURVE('',#8347,#8348,#5909,.T.);
#17179=EDGE_CURVE('',#8348,#8350,#5914,.T.);
#17181=EDGE_CURVE('',#8350,#8352,#5918,.T.);
#17192=EDGE_CURVE('',#8416,#8418,#5927,.T.);
#17194=EDGE_CURVE('',#8416,#8432,#5931,.T.);
#17197=EDGE_CURVE('',#8430,#8418,#5935,.T.);
#17210=EDGE_CURVE('',#8355,#8402,#5951,.T.);
#17213=EDGE_CURVE('',#8385,#8396,#6002,.T.);
#17226=EDGE_CURVE('',#8359,#8407,#5943,.T.);
#17228=EDGE_CURVE('',#8404,#8359,#5947,.T.);
#17245=EDGE_CURVE('',#8342,#8344,#5964,.T.);
#17247=EDGE_CURVE('',#8340,#8342,#5969,.T.);
#17249=EDGE_CURVE('',#8339,#8340,#5973,.T.);
#17251=EDGE_CURVE('',#8375,#8339,#5978,.T.);
#17261=EDGE_CURVE('',#8422,#8415,#5982,.T.);
#17263=EDGE_CURVE('',#8426,#8422,#5986,.T.);
#17266=EDGE_CURVE('',#8415,#8428,#5990,.T.);
#17278=EDGE_CURVE('',#8359,#8360,#5994,.T.);
#17282=EDGE_CURVE('',#8408,#8394,#6054,.T.);
#17293=EDGE_CURVE('',#8389,#8398,#6010,.T.);
#17307=EDGE_CURVE('',#8415,#8416,#5998,.T.);
#17344=EDGE_CURVE('',#8411,#8412,#6026,.T.);
#17346=EDGE_CURVE('',#8415,#8411,#6018,.T.);
#17349=EDGE_CURVE('',#8412,#8416,#6022,.T.);
#17360=EDGE_CURVE('',#8412,#8420,#6030,.T.);
#17362=EDGE_CURVE('',#8424,#8420,#6034,.T.);
#17364=EDGE_CURVE('',#8424,#8411,#6038,.T.);
#17375=EDGE_CURVE('',#8420,#8418,#6042,.T.);
#17387=EDGE_CURVE('',#8422,#8418,#6050,.T.);
#17389=EDGE_CURVE('',#8424,#8422,#6046,.T.);
#17429=EDGE_CURVE('',#8339,#8347,#6058,.T.);
#17441=EDGE_CURVE('',#8340,#8348,#6062,.T.);
#17454=EDGE_CURVE('',#8342,#8350,#6066,.T.);
#17478=EDGE_CURVE('',#8496,#8459,#6070,.T.);
#17480=EDGE_CURVE('',#8496,#8472,#6075,.T.);
#17493=EDGE_CURVE('',#8492,#8498,#6079,.T.);
#17499=EDGE_CURVE('',#7796,#8492,#6083,.T.);
#17509=EDGE_CURVE('',#8494,#8500,#6087,.T.);
#17511=EDGE_CURVE('',#8494,#7996,#6091,.T.);
#17514=EDGE_CURVE('',#8504,#8471,#6096,.T.);
#17516=EDGE_CURVE('',#8503,#8504,#6100,.T.);
#17528=EDGE_CURVE('',#8478,#8463,#6108,.T.);
#17530=EDGE_CURVE('',#8496,#8478,#6104,.T.);
#17533=EDGE_CURVE('',#8459,#8451,#6205,.T.);
#17535=EDGE_CURVE('',#8451,#8452,#6189,.T.);
#17537=EDGE_CURVE('',#8463,#8452,#6138,.T.);
#17551=EDGE_CURVE('',#8478,#8476,#6113,.T.);
#17561=EDGE_CURVE('',#8481,#8482,#6117,.T.);
#17563=EDGE_CURVE('',#7794,#8481,#6256,.T.);
#17577=EDGE_CURVE('',#8485,#8486,#6121,.T.);
#17581=EDGE_CURVE('',#8489,#8490,#6125,.T.);
#17583=EDGE_CURVE('',#8490,#8475,#6130,.T.);
#17586=EDGE_CURVE('',#8485,#7995,#6264,.T.);
#17597=EDGE_CURVE('',#8448,#8476,#6173,.T.);
#17599=EDGE_CURVE('',#8440,#8448,#6134,.T.);
#17601=EDGE_CURVE('',#8440,#8472,#6210,.T.);
#17615=EDGE_CURVE('',#8452,#8482,#6142,.T.);
#17620=EDGE_CURVE('',#8486,#8456,#6146,.T.);
#17622=EDGE_CURVE('',#8456,#8489,#6150,.T.);
#17635=EDGE_CURVE('',#8475,#8443,#6155,.T.);
#17637=EDGE_CURVE('',#8443,#8444,#6159,.T.);
#17639=EDGE_CURVE('',#8444,#8446,#6164,.T.);
#17641=EDGE_CURVE('',#8446,#8448,#6168,.T.);
#17652=EDGE_CURVE('',#8512,#8514,#6177,.T.);
#17654=EDGE_CURVE('',#8512,#8528,#6181,.T.);
#17657=EDGE_CURVE('',#8526,#8514,#6185,.T.);
#17670=EDGE_CURVE('',#8451,#8498,#6201,.T.);
#17673=EDGE_CURVE('',#8481,#8492,#6252,.T.);
#17686=EDGE_CURVE('',#8455,#8503,#6193,.T.);
#17688=EDGE_CURVE('',#8500,#8455,#6197,.T.);
#17705=EDGE_CURVE('',#8438,#8440,#6214,.T.);
#17707=EDGE_CURVE('',#8436,#8438,#6219,.T.);
#17709=EDGE_CURVE('',#8435,#8436,#6223,.T.);
#17711=EDGE_CURVE('',#8471,#8435,#6228,.T.);
#17721=EDGE_CURVE('',#8518,#8511,#6232,.T.);
#17723=EDGE_CURVE('',#8522,#8518,#6236,.T.);
#17726=EDGE_CURVE('',#8511,#8524,#6240,.T.);
#17738=EDGE_CURVE('',#8455,#8456,#6244,.T.);
#17742=EDGE_CURVE('',#8504,#8490,#6304,.T.);
#17753=EDGE_CURVE('',#8485,#8494,#6260,.T.);
#17767=EDGE_CURVE('',#8511,#8512,#6248,.T.);
#17804=EDGE_CURVE('',#8507,#8508,#6276,.T.);
#17806=EDGE_CURVE('',#8511,#8507,#6268,.T.);
#17809=EDGE_CURVE('',#8508,#8512,#6272,.T.);
#17820=EDGE_CURVE('',#8508,#8516,#6280,.T.);
#17822=EDGE_CURVE('',#8520,#8516,#6284,.T.);
#17824=EDGE_CURVE('',#8520,#8507,#6288,.T.);
#17835=EDGE_CURVE('',#8516,#8514,#6292,.T.);
#17847=EDGE_CURVE('',#8518,#8514,#6300,.T.);
#17849=EDGE_CURVE('',#8520,#8518,#6296,.T.);
#17889=EDGE_CURVE('',#8435,#8443,#6308,.T.);
#17901=EDGE_CURVE('',#8436,#8444,#6312,.T.);
#17914=EDGE_CURVE('',#8438,#8446,#6316,.T.);
#17939=EDGE_CURVE('',#8592,#8568,#6325,.T.);
#17952=EDGE_CURVE('',#8588,#8594,#6329,.T.);
#17958=EDGE_CURVE('',#7820,#8588,#6333,.T.);
#17968=EDGE_CURVE('',#8590,#8596,#6337,.T.);
#17970=EDGE_CURVE('',#8590,#8000,#6341,.T.);
#17973=EDGE_CURVE('',#8600,#8567,#6346,.T.);
#17975=EDGE_CURVE('',#8599,#8600,#6350,.T.);
#17988=EDGE_CURVE('',#8544,#8572,#6393,.T.);
#17990=EDGE_CURVE('',#8536,#8544,#6354,.T.);
#17992=EDGE_CURVE('',#8536,#8568,#6430,.T.);
#18006=EDGE_CURVE('',#8548,#8578,#6362,.T.);
#18011=EDGE_CURVE('',#8582,#8552,#6366,.T.);
#18013=EDGE_CURVE('',#8552,#8585,#6370,.T.);
#18026=EDGE_CURVE('',#8571,#8539,#6375,.T.);
#18028=EDGE_CURVE('',#8539,#8540,#6379,.T.);
#18030=EDGE_CURVE('',#8540,#8542,#6384,.T.);
#18032=EDGE_CURVE('',#8542,#8544,#6388,.T.);
#18043=EDGE_CURVE('',#8608,#8610,#6397,.T.);
#18045=EDGE_CURVE('',#8608,#8624,#6401,.T.);
#18048=EDGE_CURVE('',#8622,#8610,#6405,.T.);
#18061=EDGE_CURVE('',#8547,#8594,#6421,.T.);
#18064=EDGE_CURVE('',#8577,#8588,#6472,.T.);
#18077=EDGE_CURVE('',#8551,#8599,#6413,.T.);
#18079=EDGE_CURVE('',#8596,#8551,#6417,.T.);
#18096=EDGE_CURVE('',#8534,#8536,#6434,.T.);
#18098=EDGE_CURVE('',#8532,#8534,#6439,.T.);
#18100=EDGE_CURVE('',#8531,#8532,#6443,.T.);
#18102=EDGE_CURVE('',#8567,#8531,#6448,.T.);
#18112=EDGE_CURVE('',#8614,#8607,#6452,.T.);
#18114=EDGE_CURVE('',#8618,#8614,#6456,.T.);
#18117=EDGE_CURVE('',#8607,#8620,#6460,.T.);
#18129=EDGE_CURVE('',#8551,#8552,#6464,.T.);
#18133=EDGE_CURVE('',#8600,#8586,#6524,.T.);
#18144=EDGE_CURVE('',#8581,#8590,#6480,.T.);
#18158=EDGE_CURVE('',#8607,#8608,#6468,.T.);
#18195=EDGE_CURVE('',#8603,#8604,#6496,.T.);
#18197=EDGE_CURVE('',#8607,#8603,#6488,.T.);
#18200=EDGE_CURVE('',#8604,#8608,#6492,.T.);
#18211=EDGE_CURVE('',#8604,#8612,#6500,.T.);
#18213=EDGE_CURVE('',#8616,#8612,#6504,.T.);
#18215=EDGE_CURVE('',#8616,#8603,#6508,.T.);
#18226=EDGE_CURVE('',#8612,#8610,#6512,.T.);
#18238=EDGE_CURVE('',#8614,#8610,#6520,.T.);
#18240=EDGE_CURVE('',#8616,#8614,#6516,.T.);
#18280=EDGE_CURVE('',#8531,#8539,#6528,.T.);
#18292=EDGE_CURVE('',#8532,#8540,#6532,.T.);
#18305=EDGE_CURVE('',#8534,#8542,#6536,.T.);
#18329=EDGE_CURVE('',#8688,#8651,#6540,.T.);
#18331=EDGE_CURVE('',#8688,#8664,#6545,.T.);
#18344=EDGE_CURVE('',#8684,#8690,#6549,.T.);
#18350=EDGE_CURVE('',#7844,#8684,#6553,.T.);
#18360=EDGE_CURVE('',#8686,#8692,#6557,.T.);
#18362=EDGE_CURVE('',#8686,#8004,#6561,.T.);
#18365=EDGE_CURVE('',#8696,#8663,#6566,.T.);
#18367=EDGE_CURVE('',#8695,#8696,#6570,.T.);
#18379=EDGE_CURVE('',#8670,#8655,#6578,.T.);
#18381=EDGE_CURVE('',#8688,#8670,#6574,.T.);
#18384=EDGE_CURVE('',#8651,#8643,#6675,.T.);
#18386=EDGE_CURVE('',#8643,#8644,#6659,.T.);
#18388=EDGE_CURVE('',#8655,#8644,#6608,.T.);
#18402=EDGE_CURVE('',#8670,#8668,#6583,.T.);
#18412=EDGE_CURVE('',#8673,#8674,#6587,.T.);
#18414=EDGE_CURVE('',#7842,#8673,#6726,.T.);
#18428=EDGE_CURVE('',#8677,#8678,#6591,.T.);
#18432=EDGE_CURVE('',#8681,#8682,#6595,.T.);
#18434=EDGE_CURVE('',#8682,#8667,#6600,.T.);
#18437=EDGE_CURVE('',#8677,#8003,#6734,.T.);
#18448=EDGE_CURVE('',#8640,#8668,#6643,.T.);
#18450=EDGE_CURVE('',#8632,#8640,#6604,.T.);
#18452=EDGE_CURVE('',#8632,#8664,#6680,.T.);
#18466=EDGE_CURVE('',#8644,#8674,#6612,.T.);
#18471=EDGE_CURVE('',#8678,#8648,#6616,.T.);
#18473=EDGE_CURVE('',#8648,#8681,#6620,.T.);
#18486=EDGE_CURVE('',#8667,#8635,#6625,.T.);
#18488=EDGE_CURVE('',#8635,#8636,#6629,.T.);
#18490=EDGE_CURVE('',#8636,#8638,#6634,.T.);
#18492=EDGE_CURVE('',#8638,#8640,#6638,.T.);
#18503=EDGE_CURVE('',#8704,#8706,#6647,.T.);
#18505=EDGE_CURVE('',#8704,#8720,#6651,.T.);
#18508=EDGE_CURVE('',#8718,#8706,#6655,.T.);
#18521=EDGE_CURVE('',#8643,#8690,#6671,.T.);
#18524=EDGE_CURVE('',#8673,#8684,#6722,.T.);
#18537=EDGE_CURVE('',#8647,#8695,#6663,.T.);
#18539=EDGE_CURVE('',#8692,#8647,#6667,.T.);
#18556=EDGE_CURVE('',#8630,#8632,#6684,.T.);
#18558=EDGE_CURVE('',#8628,#8630,#6689,.T.);
#18560=EDGE_CURVE('',#8627,#8628,#6693,.T.);
#18562=EDGE_CURVE('',#8663,#8627,#6698,.T.);
#18572=EDGE_CURVE('',#8710,#8703,#6702,.T.);
#18574=EDGE_CURVE('',#8714,#8710,#6706,.T.);
#18577=EDGE_CURVE('',#8703,#8716,#6710,.T.);
#18589=EDGE_CURVE('',#8647,#8648,#6714,.T.);
#18593=EDGE_CURVE('',#8696,#8682,#6774,.T.);
#18604=EDGE_CURVE('',#8677,#8686,#6730,.T.);
#18618=EDGE_CURVE('',#8703,#8704,#6718,.T.);
#18655=EDGE_CURVE('',#8699,#8700,#6746,.T.);
#18657=EDGE_CURVE('',#8703,#8699,#6738,.T.);
#18660=EDGE_CURVE('',#8700,#8704,#6742,.T.);
#18671=EDGE_CURVE('',#8700,#8708,#6750,.T.);
#18673=EDGE_CURVE('',#8712,#8708,#6754,.T.);
#18675=EDGE_CURVE('',#8712,#8699,#6758,.T.);
#18686=EDGE_CURVE('',#8708,#8706,#6762,.T.);
#18698=EDGE_CURVE('',#8710,#8706,#6770,.T.);
#18700=EDGE_CURVE('',#8712,#8710,#6766,.T.);
#18740=EDGE_CURVE('',#8627,#8635,#6778,.T.);
#18752=EDGE_CURVE('',#8628,#8636,#6782,.T.);
#18765=EDGE_CURVE('',#8630,#8638,#6786,.T.);
#18793=EDGE_CURVE('',#8723,#8731,#6794,.T.);
#18805=EDGE_CURVE('',#8724,#8732,#6798,.T.);
#18818=EDGE_CURVE('',#8726,#8734,#6802,.T.);
#18842=EDGE_CURVE('',#8803,#8804,#6814,.T.);
#18844=EDGE_CURVE('',#8807,#8803,#6806,.T.);
#18847=EDGE_CURVE('',#8804,#8808,#6810,.T.);
#18858=EDGE_CURVE('',#8804,#8812,#6818,.T.);
#18860=EDGE_CURVE('',#8816,#8812,#6822,.T.);
#18862=EDGE_CURVE('',#8816,#8803,#6826,.T.);
#18873=EDGE_CURVE('',#8812,#8810,#6830,.T.);
#18885=EDGE_CURVE('',#8814,#8810,#6838,.T.);
#18887=EDGE_CURVE('',#8816,#8814,#6834,.T.);
#18923=EDGE_CURVE('',#7022,#8019,#6862,.T.);
#18981=EDGE_CURVE('',#7080,#8024,#6886,.T.);
#19015=EDGE_CURVE('',#7005,#7006,#6906,.T.);
#19039=EDGE_CURVE('',#7723,#7709,#6910,.T.);
#19041=EDGE_CURVE('',#7709,#7710,#6938,.T.);
#19043=EDGE_CURVE('',#7724,#7710,#6934,.T.);
#19054=EDGE_CURVE('',#7734,#7720,#6914,.T.);
#19056=EDGE_CURVE('',#7720,#7709,#6942,.T.);
#19068=EDGE_CURVE('',#7732,#7718,#6918,.T.);
#19070=EDGE_CURVE('',#7718,#7720,#6946,.T.);
#19082=EDGE_CURVE('',#7730,#7716,#6922,.T.);
#19084=EDGE_CURVE('',#7716,#7718,#6950,.T.);
#19096=EDGE_CURVE('',#7728,#7714,#6926,.T.);
#19098=EDGE_CURVE('',#7714,#7716,#6954,.T.);
#19110=EDGE_CURVE('',#7726,#7712,#6930,.T.);
#19112=EDGE_CURVE('',#7712,#7714,#6958,.T.);
#19125=EDGE_CURVE('',#7710,#7712,#6962,.T.);
#19167=CIRCLE('',#19166,5.E-1);
#19220=CIRCLE('',#19219,5.E-1);
#19246=EDGE_CURVE('',#19223,#19224,#19162,.T.);
#19248=EDGE_CURVE('',#19224,#19226,#19167,.T.);
#19250=EDGE_CURVE('',#19226,#19228,#19171,.T.);
#19252=EDGE_CURVE('',#19228,#19230,#19175,.T.);
#19254=EDGE_CURVE('',#19230,#19223,#19179,.T.);
#19265=EDGE_CURVE('',#19223,#19233,#19183,.T.);
#19267=EDGE_CURVE('',#19233,#19234,#19203,.T.);
#19269=EDGE_CURVE('',#19224,#19234,#19199,.T.);
#19280=EDGE_CURVE('',#19230,#19240,#19187,.T.);
#19282=EDGE_CURVE('',#19240,#19233,#19207,.T.);
#19294=EDGE_CURVE('',#19228,#19238,#19191,.T.);
#19296=EDGE_CURVE('',#19238,#19240,#19211,.T.);
#19308=EDGE_CURVE('',#19226,#19236,#19195,.T.);
#19310=EDGE_CURVE('',#19236,#19238,#19215,.T.);
#19323=EDGE_CURVE('',#19234,#19236,#19220,.T.);
#19352=TRIMMED_CURVE('',#19351,(PARAMETER_VALUE(0.E0)),(PARAMETER_VALUE(1.E0)),
.T.,.UNSPECIFIED.);
#19353=COMPOSITE_CURVE_SEGMENT(.CONTINUOUS.,.T.,#19352);
#19358=TRIMMED_CURVE('',#19357,(PARAMETER_VALUE(0.E0)),(PARAMETER_VALUE(1.E0)),
.T.,.UNSPECIFIED.);
#19359=COMPOSITE_CURVE_SEGMENT(.CONTINUOUS.,.T.,#19358);
#19364=TRIMMED_CURVE('',#19363,(PARAMETER_VALUE(0.E0)),(PARAMETER_VALUE(1.E0)),
.T.,.UNSPECIFIED.);
#19365=COMPOSITE_CURVE_SEGMENT(.CONTINUOUS.,.T.,#19364);
#19370=TRIMMED_CURVE('',#19369,(PARAMETER_VALUE(0.E0)),(PARAMETER_VALUE(1.E0)),
.T.,.UNSPECIFIED.);
#19371=COMPOSITE_CURVE_SEGMENT(.CONTINUOUS.,.T.,#19370);
#19372=COMPOSITE_CURVE('',(#19353,#19359,#19365,#19371),.F.);
#19378=TRIMMED_CURVE('',#19377,(PARAMETER_VALUE(0.E0)),(PARAMETER_VALUE(1.E0)),
.T.,.UNSPECIFIED.);
#19379=COMPOSITE_CURVE_SEGMENT(.CONTINUOUS.,.T.,#19378);
#19384=TRIMMED_CURVE('',#19383,(PARAMETER_VALUE(0.E0)),(PARAMETER_VALUE(1.E0)),
.T.,.UNSPECIFIED.);
#19385=COMPOSITE_CURVE_SEGMENT(.CONTINUOUS.,.T.,#19384);
#19390=TRIMMED_CURVE('',#19389,(PARAMETER_VALUE(0.E0)),(PARAMETER_VALUE(1.E0)),
.T.,.UNSPECIFIED.);
#19391=COMPOSITE_CURVE_SEGMENT(.CONTINUOUS.,.T.,#19390);
#19396=TRIMMED_CURVE('',#19395,(PARAMETER_VALUE(0.E0)),(PARAMETER_VALUE(1.E0)),
.T.,.UNSPECIFIED.);
#19397=COMPOSITE_CURVE_SEGMENT(.CONTINUOUS.,.T.,#19396);
#19398=COMPOSITE_CURVE('',(#19379,#19385,#19391,#19397),.F.);
#19403=TRIMMED_CURVE('',#19402,(PARAMETER_VALUE(0.E0)),(PARAMETER_VALUE(1.E0)),
.T.,.UNSPECIFIED.);
#19404=COMPOSITE_CURVE_SEGMENT(.CONTINUOUS.,.T.,#19403);
#19409=TRIMMED_CURVE('',#19408,(PARAMETER_VALUE(0.E0)),(PARAMETER_VALUE(1.E0)),
.T.,.UNSPECIFIED.);
#19410=COMPOSITE_CURVE_SEGMENT(.CONTINUOUS.,.T.,#19409);
#19415=TRIMMED_CURVE('',#19414,(PARAMETER_VALUE(0.E0)),(PARAMETER_VALUE(1.E0)),
.T.,.UNSPECIFIED.);
#19416=COMPOSITE_CURVE_SEGMENT(.CONTINUOUS.,.T.,#19415);
#19421=TRIMMED_CURVE('',#19420,(PARAMETER_VALUE(0.E0)),(PARAMETER_VALUE(1.E0)),
.T.,.UNSPECIFIED.);
#19422=COMPOSITE_CURVE_SEGMENT(.CONTINUOUS.,.T.,#19421);
#19423=COMPOSITE_CURVE('',(#19404,#19410,#19416,#19422),.F.);
#19428=TRIMMED_CURVE('',#19427,(PARAMETER_VALUE(0.E0)),(PARAMETER_VALUE(1.E0)),
.T.,.UNSPECIFIED.);
#19429=COMPOSITE_CURVE_SEGMENT(.CONTINUOUS.,.T.,#19428);
#19434=TRIMMED_CURVE('',#19433,(PARAMETER_VALUE(0.E0)),(PARAMETER_VALUE(1.E0)),
.T.,.UNSPECIFIED.);
#19435=COMPOSITE_CURVE_SEGMENT(.CONTINUOUS.,.T.,#19434);
#19440=TRIMMED_CURVE('',#19439,(PARAMETER_VALUE(0.E0)),(PARAMETER_VALUE(1.E0)),
.T.,.UNSPECIFIED.);
#19441=COMPOSITE_CURVE_SEGMENT(.CONTINUOUS.,.T.,#19440);
#19446=TRIMMED_CURVE('',#19445,(PARAMETER_VALUE(0.E0)),(PARAMETER_VALUE(1.E0)),
.T.,.UNSPECIFIED.);
#19447=COMPOSITE_CURVE_SEGMENT(.CONTINUOUS.,.T.,#19446);
#19448=COMPOSITE_CURVE('',(#19429,#19435,#19441,#19447),.F.);
#19453=TRIMMED_CURVE('',#19452,(PARAMETER_VALUE(0.E0)),(PARAMETER_VALUE(1.E0)),
.T.,.UNSPECIFIED.);
#19454=COMPOSITE_CURVE_SEGMENT(.CONTINUOUS.,.T.,#19453);
#19459=TRIMMED_CURVE('',#19458,(PARAMETER_VALUE(0.E0)),(PARAMETER_VALUE(1.E0)),
.T.,.UNSPECIFIED.);
#19460=COMPOSITE_CURVE_SEGMENT(.CONTINUOUS.,.T.,#19459);
#19465=TRIMMED_CURVE('',#19464,(PARAMETER_VALUE(0.E0)),(PARAMETER_VALUE(1.E0)),
.T.,.UNSPECIFIED.);
#19466=COMPOSITE_CURVE_SEGMENT(.CONTINUOUS.,.T.,#19465);
#19471=TRIMMED_CURVE('',#19470,(PARAMETER_VALUE(0.E0)),(PARAMETER_VALUE(1.E0)),
.T.,.UNSPECIFIED.);
#19472=COMPOSITE_CURVE_SEGMENT(.CONTINUOUS.,.T.,#19471);
#19473=COMPOSITE_CURVE('',(#19454,#19460,#19466,#19472),.F.);
#19478=TRIMMED_CURVE('',#19477,(PARAMETER_VALUE(0.E0)),(PARAMETER_VALUE(1.E0)),
.T.,.UNSPECIFIED.);
#19479=COMPOSITE_CURVE_SEGMENT(.CONTINUOUS.,.T.,#19478);
#19484=TRIMMED_CURVE('',#19483,(PARAMETER_VALUE(0.E0)),(PARAMETER_VALUE(1.E0)),
.T.,.UNSPECIFIED.);
#19485=COMPOSITE_CURVE_SEGMENT(.CONTINUOUS.,.T.,#19484);
#19490=TRIMMED_CURVE('',#19489,(PARAMETER_VALUE(0.E0)),(PARAMETER_VALUE(1.E0)),
.T.,.UNSPECIFIED.);
#19491=COMPOSITE_CURVE_SEGMENT(.CONTINUOUS.,.T.,#19490);
#19496=TRIMMED_CURVE('',#19495,(PARAMETER_VALUE(0.E0)),(PARAMETER_VALUE(1.E0)),
.T.,.UNSPECIFIED.);
#19497=COMPOSITE_CURVE_SEGMENT(.CONTINUOUS.,.T.,#19496);
#19498=COMPOSITE_CURVE('',(#19479,#19485,#19491,#19497),.F.);
#19503=TRIMMED_CURVE('',#19502,(PARAMETER_VALUE(0.E0)),(PARAMETER_VALUE(1.E0)),
.T.,.UNSPECIFIED.);
#19504=COMPOSITE_CURVE_SEGMENT(.CONTINUOUS.,.T.,#19503);
#19509=TRIMMED_CURVE('',#19508,(PARAMETER_VALUE(0.E0)),(PARAMETER_VALUE(1.E0)),
.T.,.UNSPECIFIED.);
#19510=COMPOSITE_CURVE_SEGMENT(.CONTINUOUS.,.T.,#19509);
#19515=TRIMMED_CURVE('',#19514,(PARAMETER_VALUE(0.E0)),(PARAMETER_VALUE(1.E0)),
.T.,.UNSPECIFIED.);
#19516=COMPOSITE_CURVE_SEGMENT(.CONTINUOUS.,.T.,#19515);
#19521=TRIMMED_CURVE('',#19520,(PARAMETER_VALUE(0.E0)),(PARAMETER_VALUE(1.E0)),
.T.,.UNSPECIFIED.);
#19522=COMPOSITE_CURVE_SEGMENT(.CONTINUOUS.,.T.,#19521);
#19523=COMPOSITE_CURVE('',(#19504,#19510,#19516,#19522),.F.);
#19528=TRIMMED_CURVE('',#19527,(PARAMETER_VALUE(0.E0)),(PARAMETER_VALUE(1.E0)),
.T.,.UNSPECIFIED.);
#19529=COMPOSITE_CURVE_SEGMENT(.CONTINUOUS.,.T.,#19528);
#19534=TRIMMED_CURVE('',#19533,(PARAMETER_VALUE(0.E0)),(PARAMETER_VALUE(1.E0)),
.T.,.UNSPECIFIED.);
#19535=COMPOSITE_CURVE_SEGMENT(.CONTINUOUS.,.T.,#19534);
#19540=TRIMMED_CURVE('',#19539,(PARAMETER_VALUE(0.E0)),(PARAMETER_VALUE(1.E0)),
.T.,.UNSPECIFIED.);
#19541=COMPOSITE_CURVE_SEGMENT(.CONTINUOUS.,.T.,#19540);
#19546=TRIMMED_CURVE('',#19545,(PARAMETER_VALUE(0.E0)),(PARAMETER_VALUE(1.E0)),
.T.,.UNSPECIFIED.);
#19547=COMPOSITE_CURVE_SEGMENT(.CONTINUOUS.,.T.,#19546);
#19548=COMPOSITE_CURVE('',(#19529,#19535,#19541,#19547),.F.);
#19553=TRIMMED_CURVE('',#19552,(PARAMETER_VALUE(0.E0)),(PARAMETER_VALUE(1.E0)),
.T.,.UNSPECIFIED.);
#19554=COMPOSITE_CURVE_SEGMENT(.CONTINUOUS.,.T.,#19553);
#19559=TRIMMED_CURVE('',#19558,(PARAMETER_VALUE(0.E0)),(PARAMETER_VALUE(1.E0)),
.T.,.UNSPECIFIED.);
#19560=COMPOSITE_CURVE_SEGMENT(.CONTINUOUS.,.T.,#19559);
#19565=TRIMMED_CURVE('',#19564,(PARAMETER_VALUE(0.E0)),(PARAMETER_VALUE(1.E0)),
.T.,.UNSPECIFIED.);
#19566=COMPOSITE_CURVE_SEGMENT(.CONTINUOUS.,.T.,#19565);
#19571=TRIMMED_CURVE('',#19570,(PARAMETER_VALUE(0.E0)),(PARAMETER_VALUE(1.E0)),
.T.,.UNSPECIFIED.);
#19572=COMPOSITE_CURVE_SEGMENT(.CONTINUOUS.,.T.,#19571);
#19573=COMPOSITE_CURVE('',(#19554,#19560,#19566,#19572),.F.);
#19578=TRIMMED_CURVE('',#19577,(PARAMETER_VALUE(0.E0)),(PARAMETER_VALUE(1.E0)),
.T.,.UNSPECIFIED.);
#19579=COMPOSITE_CURVE_SEGMENT(.CONTINUOUS.,.T.,#19578);
#19584=TRIMMED_CURVE('',#19583,(PARAMETER_VALUE(0.E0)),(PARAMETER_VALUE(1.E0)),
.T.,.UNSPECIFIED.);
#19585=COMPOSITE_CURVE_SEGMENT(.CONTINUOUS.,.T.,#19584);
#19590=TRIMMED_CURVE('',#19589,(PARAMETER_VALUE(0.E0)),(PARAMETER_VALUE(1.E0)),
.T.,.UNSPECIFIED.);
#19591=COMPOSITE_CURVE_SEGMENT(.CONTINUOUS.,.T.,#19590);
#19596=TRIMMED_CURVE('',#19595,(PARAMETER_VALUE(0.E0)),(PARAMETER_VALUE(1.E0)),
.T.,.UNSPECIFIED.);
#19597=COMPOSITE_CURVE_SEGMENT(.CONTINUOUS.,.T.,#19596);
#19598=COMPOSITE_CURVE('',(#19579,#19585,#19591,#19597),.F.);
#19603=TRIMMED_CURVE('',#19602,(PARAMETER_VALUE(0.E0)),(PARAMETER_VALUE(1.E0)),
.T.,.UNSPECIFIED.);
#19604=COMPOSITE_CURVE_SEGMENT(.CONTINUOUS.,.T.,#19603);
#19609=TRIMMED_CURVE('',#19608,(PARAMETER_VALUE(0.E0)),(PARAMETER_VALUE(1.E0)),
.T.,.UNSPECIFIED.);
#19610=COMPOSITE_CURVE_SEGMENT(.CONTINUOUS.,.T.,#19609);
#19615=TRIMMED_CURVE('',#19614,(PARAMETER_VALUE(0.E0)),(PARAMETER_VALUE(1.E0)),
.T.,.UNSPECIFIED.);
#19616=COMPOSITE_CURVE_SEGMENT(.CONTINUOUS.,.T.,#19615);
#19621=TRIMMED_CURVE('',#19620,(PARAMETER_VALUE(0.E0)),(PARAMETER_VALUE(1.E0)),
.T.,.UNSPECIFIED.);
#19622=COMPOSITE_CURVE_SEGMENT(.CONTINUOUS.,.T.,#19621);
#19623=COMPOSITE_CURVE('',(#19604,#19610,#19616,#19622),.F.);
#19628=TRIMMED_CURVE('',#19627,(PARAMETER_VALUE(0.E0)),(PARAMETER_VALUE(1.E0)),
.T.,.UNSPECIFIED.);
#19629=COMPOSITE_CURVE_SEGMENT(.CONTINUOUS.,.T.,#19628);
#19634=TRIMMED_CURVE('',#19633,(PARAMETER_VALUE(0.E0)),(PARAMETER_VALUE(1.E0)),
.T.,.UNSPECIFIED.);
#19635=COMPOSITE_CURVE_SEGMENT(.CONTINUOUS.,.T.,#19634);
#19640=TRIMMED_CURVE('',#19639,(PARAMETER_VALUE(0.E0)),(PARAMETER_VALUE(1.E0)),
.T.,.UNSPECIFIED.);
#19641=COMPOSITE_CURVE_SEGMENT(.CONTINUOUS.,.T.,#19640);
#19646=TRIMMED_CURVE('',#19645,(PARAMETER_VALUE(0.E0)),(PARAMETER_VALUE(1.E0)),
.T.,.UNSPECIFIED.);
#19647=COMPOSITE_CURVE_SEGMENT(.CONTINUOUS.,.T.,#19646);
#19648=COMPOSITE_CURVE('',(#19629,#19635,#19641,#19647),.F.);
#19653=TRIMMED_CURVE('',#19652,(PARAMETER_VALUE(0.E0)),(PARAMETER_VALUE(1.E0)),
.T.,.UNSPECIFIED.);
#19654=COMPOSITE_CURVE_SEGMENT(.CONTINUOUS.,.T.,#19653);
#19659=TRIMMED_CURVE('',#19658,(PARAMETER_VALUE(0.E0)),(PARAMETER_VALUE(1.E0)),
.T.,.UNSPECIFIED.);
#19660=COMPOSITE_CURVE_SEGMENT(.CONTINUOUS.,.T.,#19659);
#19665=TRIMMED_CURVE('',#19664,(PARAMETER_VALUE(0.E0)),(PARAMETER_VALUE(1.E0)),
.T.,.UNSPECIFIED.);
#19666=COMPOSITE_CURVE_SEGMENT(.CONTINUOUS.,.T.,#19665);
#19671=TRIMMED_CURVE('',#19670,(PARAMETER_VALUE(0.E0)),(PARAMETER_VALUE(1.E0)),
.T.,.UNSPECIFIED.);
#19672=COMPOSITE_CURVE_SEGMENT(.CONTINUOUS.,.T.,#19671);
#19673=COMPOSITE_CURVE('',(#19654,#19660,#19666,#19672),.F.);
#19674=(LENGTH_UNIT()NAMED_UNIT(*)SI_UNIT(.MILLI.,.METRE.));
#19676=(NAMED_UNIT(*)PLANE_ANGLE_UNIT()SI_UNIT($,.RADIAN.));
#19679=(NAMED_UNIT(*)SI_UNIT($,.STERADIAN.)SOLID_ANGLE_UNIT());
#19682=ADVANCED_BREP_SHAPE_REPRESENTATION('',(#19158,#19343),#19681);
#19683=GEOMETRICALLY_BOUNDED_SURFACE_SHAPE_REPRESENTATION('',(#19373),#19681);
#19684=SHAPE_REPRESENTATION('',(#19347),#19681);
#19693=PRODUCT_DEFINITION('design','',#19692,#19689);
#19694=PRODUCT_DEFINITION_SHAPE('','SHAPE FOR 436501112.',#19693);
#19695=SHAPE_DEFINITION_REPRESENTATION(#19694,#19684);
ENDSEC;
END-ISO-10303-21;
