ISO-10303-21;
HEADER;
FILE_DESCRIPTION((''),'2;1');
FILE_NAME('436500812','2020-10-20T',('me'),(''),
'PRO/ENGINEER BY PARAMETRIC TECHNOLOGY CORPORATION, 2016010',
'PRO/ENGINEER BY PARAMETRIC TECHNOLOGY CORPORATION, 2016010','');
FILE_SCHEMA(('CONFIG_CONTROL_DESIGN'));
ENDSEC;
DATA;
#1=DIRECTION('',(-1.E0,0.E0,0.E0));
#2=VECTOR('',#1,6.4E-1);
#3=CARTESIAN_POINT('',(-7.18E0,-2.54E0,-5.47E0));
#4=LINE('',#3,#2);
#5=DIRECTION('',(0.E0,-1.E0,0.E0));
#6=VECTOR('',#5,5.55E-1);
#7=CARTESIAN_POINT('',(-7.18E0,-3.2E-1,-3.7E0));
#8=LINE('',#7,#6);
#9=DIRECTION('',(-4.440892098501E-14,0.E0,-1.E0));
#10=VECTOR('',#9,2.E-2);
#11=CARTESIAN_POINT('',(-7.18E0,-3.2E-1,-3.68E0));
#12=LINE('',#11,#10);
#13=DIRECTION('',(1.480297366167E-14,0.E0,1.E0));
#14=VECTOR('',#13,6.E-2);
#15=CARTESIAN_POINT('',(-7.18E0,1.055E0,-4.34E0));
#16=LINE('',#15,#14);
#17=DIRECTION('',(0.E0,1.E0,0.E0));
#18=VECTOR('',#17,2.325E0);
#19=CARTESIAN_POINT('',(-7.18E0,-1.27E0,-4.34E0));
#20=LINE('',#19,#18);
#21=CARTESIAN_POINT('',(-7.18E0,-1.65E0,-4.59E0));
#22=DIRECTION('',(-1.E0,0.E0,0.E0));
#23=DIRECTION('',(0.E0,-1.E0,0.E0));
#24=AXIS2_PLACEMENT_3D('',#21,#22,#23);
#26=DIRECTION('',(0.E0,0.E0,1.E0));
#27=VECTOR('',#26,8.8E-1);
#28=CARTESIAN_POINT('',(-7.18E0,-1.9E0,-5.47E0));
#29=LINE('',#28,#27);
#30=CARTESIAN_POINT('',(-7.18E0,-2.22E0,-5.47E0));
#31=DIRECTION('',(1.E0,0.E0,0.E0));
#32=DIRECTION('',(0.E0,-1.E0,0.E0));
#33=AXIS2_PLACEMENT_3D('',#30,#31,#32);
#35=DIRECTION('',(0.E0,0.E0,-1.E0));
#36=VECTOR('',#35,8.8E-1);
#37=CARTESIAN_POINT('',(-7.18E0,-2.54E0,-4.59E0));
#38=LINE('',#37,#36);
#39=CARTESIAN_POINT('',(-7.18E0,-1.65E0,-4.59E0));
#40=DIRECTION('',(1.E0,0.E0,0.E0));
#41=DIRECTION('',(0.E0,-3.370786516854E-2,9.994317284466E-1));
#42=AXIS2_PLACEMENT_3D('',#39,#40,#41);
#44=DIRECTION('',(0.E0,-1.E0,0.E0));
#45=VECTOR('',#44,6.4E-1);
#46=CARTESIAN_POINT('',(-7.18E0,3.2E-1,2.06E0));
#47=LINE('',#46,#45);
#48=DIRECTION('',(0.E0,0.E0,1.E0));
#49=VECTOR('',#48,3.71E0);
#50=CARTESIAN_POINT('',(-7.18E0,3.2E-1,-1.65E0));
#51=LINE('',#50,#49);
#52=DIRECTION('',(0.E0,0.E0,-1.E0));
#53=VECTOR('',#52,3.71E0);
#54=CARTESIAN_POINT('',(-7.18E0,-3.2E-1,2.06E0));
#55=LINE('',#54,#53);
#56=DIRECTION('',(0.E0,0.E0,1.E0));
#57=VECTOR('',#56,6.7E-1);
#58=CARTESIAN_POINT('',(1.286E1,-1.27E0,-4.95E0));
#59=LINE('',#58,#57);
#60=DIRECTION('',(1.E0,0.E0,0.E0));
#61=VECTOR('',#60,9.6E-1);
#62=CARTESIAN_POINT('',(1.286E1,-1.27E0,-4.95E0));
#63=LINE('',#62,#61);
#64=DIRECTION('',(1.E0,0.E0,0.E0));
#65=VECTOR('',#64,9.6E-1);
#66=CARTESIAN_POINT('',(-1.382E1,-1.27E0,-4.95E0));
#67=LINE('',#66,#65);
#68=DIRECTION('',(0.E0,0.E0,1.E0));
#69=VECTOR('',#68,6.7E-1);
#70=CARTESIAN_POINT('',(-1.286E1,-1.27E0,-4.95E0));
#71=LINE('',#70,#69);
#72=DIRECTION('',(0.E0,0.E0,1.E0));
#73=VECTOR('',#72,6.1E-1);
#74=CARTESIAN_POINT('',(1.082E1,-1.27E0,-4.95E0));
#75=LINE('',#74,#73);
#76=DIRECTION('',(1.E0,0.E0,0.E0));
#77=VECTOR('',#76,1.64E0);
#78=CARTESIAN_POINT('',(1.082E1,-1.27E0,-4.95E0));
#79=LINE('',#78,#77);
#80=DIRECTION('',(0.E0,0.E0,1.E0));
#81=VECTOR('',#80,6.7E-1);
#82=CARTESIAN_POINT('',(1.246E1,-1.27E0,-4.95E0));
#83=LINE('',#82,#81);
#84=DIRECTION('',(2.960594732334E-14,0.E0,-1.E0));
#85=VECTOR('',#84,6.E-2);
#86=CARTESIAN_POINT('',(1.082E1,-1.27E0,-4.28E0));
#87=LINE('',#86,#85);
#88=DIRECTION('',(0.E0,0.E0,1.E0));
#89=VECTOR('',#88,6.1E-1);
#90=CARTESIAN_POINT('',(7.82E0,-1.27E0,-4.95E0));
#91=LINE('',#90,#89);
#92=DIRECTION('',(1.E0,0.E0,0.E0));
#93=VECTOR('',#92,2.36E0);
#94=CARTESIAN_POINT('',(7.82E0,-1.27E0,-4.95E0));
#95=LINE('',#94,#93);
#96=DIRECTION('',(0.E0,0.E0,1.E0));
#97=VECTOR('',#96,6.1E-1);
#98=CARTESIAN_POINT('',(1.018E1,-1.27E0,-4.95E0));
#99=LINE('',#98,#97);
#100=DIRECTION('',(-2.960594732334E-14,0.E0,-1.E0));
#101=VECTOR('',#100,6.E-2);
#102=CARTESIAN_POINT('',(1.018E1,-1.27E0,-4.28E0));
#103=LINE('',#102,#101);
#104=DIRECTION('',(0.E0,0.E0,-1.E0));
#105=VECTOR('',#104,6.E-2);
#106=CARTESIAN_POINT('',(7.82E0,-1.27E0,-4.28E0));
#107=LINE('',#106,#105);
#108=DIRECTION('',(0.E0,0.E0,1.E0));
#109=VECTOR('',#108,6.1E-1);
#110=CARTESIAN_POINT('',(4.82E0,-1.27E0,-4.95E0));
#111=LINE('',#110,#109);
#112=DIRECTION('',(1.E0,0.E0,0.E0));
#113=VECTOR('',#112,2.36E0);
#114=CARTESIAN_POINT('',(4.82E0,-1.27E0,-4.95E0));
#115=LINE('',#114,#113);
#116=DIRECTION('',(0.E0,0.E0,1.E0));
#117=VECTOR('',#116,6.1E-1);
#118=CARTESIAN_POINT('',(7.18E0,-1.27E0,-4.95E0));
#119=LINE('',#118,#117);
#120=DIRECTION('',(-2.960594732334E-14,0.E0,-1.E0));
#121=VECTOR('',#120,6.E-2);
#122=CARTESIAN_POINT('',(7.18E0,-1.27E0,-4.28E0));
#123=LINE('',#122,#121);
#124=DIRECTION('',(0.E0,0.E0,-1.E0));
#125=VECTOR('',#124,6.E-2);
#126=CARTESIAN_POINT('',(4.82E0,-1.27E0,-4.28E0));
#127=LINE('',#126,#125);
#128=DIRECTION('',(0.E0,0.E0,1.E0));
#129=VECTOR('',#128,6.1E-1);
#130=CARTESIAN_POINT('',(1.82E0,-1.27E0,-4.95E0));
#131=LINE('',#130,#129);
#132=DIRECTION('',(1.E0,0.E0,0.E0));
#133=VECTOR('',#132,2.36E0);
#134=CARTESIAN_POINT('',(1.82E0,-1.27E0,-4.95E0));
#135=LINE('',#134,#133);
#136=DIRECTION('',(0.E0,0.E0,1.E0));
#137=VECTOR('',#136,6.1E-1);
#138=CARTESIAN_POINT('',(4.18E0,-1.27E0,-4.95E0));
#139=LINE('',#138,#137);
#140=DIRECTION('',(-2.960594732334E-14,0.E0,-1.E0));
#141=VECTOR('',#140,6.E-2);
#142=CARTESIAN_POINT('',(4.18E0,-1.27E0,-4.28E0));
#143=LINE('',#142,#141);
#144=DIRECTION('',(2.960594732334E-14,0.E0,-1.E0));
#145=VECTOR('',#144,6.E-2);
#146=CARTESIAN_POINT('',(1.82E0,-1.27E0,-4.28E0));
#147=LINE('',#146,#145);
#148=DIRECTION('',(0.E0,0.E0,1.E0));
#149=VECTOR('',#148,6.1E-1);
#150=CARTESIAN_POINT('',(-1.18E0,-1.27E0,-4.95E0));
#151=LINE('',#150,#149);
#152=DIRECTION('',(1.E0,0.E0,0.E0));
#153=VECTOR('',#152,2.36E0);
#154=CARTESIAN_POINT('',(-1.18E0,-1.27E0,-4.95E0));
#155=LINE('',#154,#153);
#156=DIRECTION('',(0.E0,0.E0,1.E0));
#157=VECTOR('',#156,6.1E-1);
#158=CARTESIAN_POINT('',(1.18E0,-1.27E0,-4.95E0));
#159=LINE('',#158,#157);
#160=DIRECTION('',(-1.110223024625E-14,0.E0,-1.E0));
#161=VECTOR('',#160,6.E-2);
#162=CARTESIAN_POINT('',(1.18E0,-1.27E0,-4.28E0));
#163=LINE('',#162,#161);
#164=DIRECTION('',(1.480297366167E-14,0.E0,-1.E0));
#165=VECTOR('',#164,6.E-2);
#166=CARTESIAN_POINT('',(-1.18E0,-1.27E0,-4.28E0));
#167=LINE('',#166,#165);
#168=DIRECTION('',(0.E0,0.E0,1.E0));
#169=VECTOR('',#168,6.1E-1);
#170=CARTESIAN_POINT('',(-4.18E0,-1.27E0,-4.95E0));
#171=LINE('',#170,#169);
#172=DIRECTION('',(1.E0,0.E0,0.E0));
#173=VECTOR('',#172,2.36E0);
#174=CARTESIAN_POINT('',(-4.18E0,-1.27E0,-4.95E0));
#175=LINE('',#174,#173);
#176=DIRECTION('',(0.E0,0.E0,1.E0));
#177=VECTOR('',#176,6.1E-1);
#178=CARTESIAN_POINT('',(-1.82E0,-1.27E0,-4.95E0));
#179=LINE('',#178,#177);
#180=DIRECTION('',(-2.220446049250E-14,0.E0,-1.E0));
#181=VECTOR('',#180,6.E-2);
#182=CARTESIAN_POINT('',(-1.82E0,-1.27E0,-4.28E0));
#183=LINE('',#182,#181);
#184=DIRECTION('',(0.E0,0.E0,1.E0));
#185=VECTOR('',#184,6.E-2);
#186=CARTESIAN_POINT('',(-4.18E0,-1.27E0,-4.34E0));
#187=LINE('',#186,#185);
#188=DIRECTION('',(0.E0,0.E0,1.E0));
#189=VECTOR('',#188,6.1E-1);
#190=CARTESIAN_POINT('',(-7.18E0,-1.27E0,-4.95E0));
#191=LINE('',#190,#189);
#192=DIRECTION('',(1.E0,0.E0,0.E0));
#193=VECTOR('',#192,2.36E0);
#194=CARTESIAN_POINT('',(-7.18E0,-1.27E0,-4.95E0));
#195=LINE('',#194,#193);
#196=DIRECTION('',(0.E0,0.E0,1.E0));
#197=VECTOR('',#196,6.1E-1);
#198=CARTESIAN_POINT('',(-4.82E0,-1.27E0,-4.95E0));
#199=LINE('',#198,#197);
#200=DIRECTION('',(2.960594732334E-14,0.E0,1.E0));
#201=VECTOR('',#200,6.E-2);
#202=CARTESIAN_POINT('',(-4.82E0,-1.27E0,-4.34E0));
#203=LINE('',#202,#201);
#204=DIRECTION('',(-1.480297366167E-14,0.E0,1.E0));
#205=VECTOR('',#204,6.E-2);
#206=CARTESIAN_POINT('',(-7.18E0,-1.27E0,-4.34E0));
#207=LINE('',#206,#205);
#208=DIRECTION('',(0.E0,0.E0,1.E0));
#209=VECTOR('',#208,6.1E-1);
#210=CARTESIAN_POINT('',(-1.018E1,-1.27E0,-4.95E0));
#211=LINE('',#210,#209);
#212=DIRECTION('',(1.E0,0.E0,0.E0));
#213=VECTOR('',#212,2.36E0);
#214=CARTESIAN_POINT('',(-1.018E1,-1.27E0,-4.95E0));
#215=LINE('',#214,#213);
#216=DIRECTION('',(0.E0,0.E0,1.E0));
#217=VECTOR('',#216,6.1E-1);
#218=CARTESIAN_POINT('',(-7.82E0,-1.27E0,-4.95E0));
#219=LINE('',#218,#217);
#220=DIRECTION('',(5.921189464667E-14,0.E0,1.E0));
#221=VECTOR('',#220,6.E-2);
#222=CARTESIAN_POINT('',(-7.82E0,-1.27E0,-4.34E0));
#223=LINE('',#222,#221);
#224=DIRECTION('',(-2.960594732334E-14,0.E0,1.E0));
#225=VECTOR('',#224,6.E-2);
#226=CARTESIAN_POINT('',(-1.018E1,-1.27E0,-4.34E0));
#227=LINE('',#226,#225);
#228=DIRECTION('',(0.E0,0.E0,1.E0));
#229=VECTOR('',#228,6.7E-1);
#230=CARTESIAN_POINT('',(-1.246E1,-1.27E0,-4.95E0));
#231=LINE('',#230,#229);
#232=DIRECTION('',(1.E0,0.E0,0.E0));
#233=VECTOR('',#232,1.64E0);
#234=CARTESIAN_POINT('',(-1.246E1,-1.27E0,-4.95E0));
#235=LINE('',#234,#233);
#236=DIRECTION('',(0.E0,0.E0,1.E0));
#237=VECTOR('',#236,6.1E-1);
#238=CARTESIAN_POINT('',(-1.082E1,-1.27E0,-4.95E0));
#239=LINE('',#238,#237);
#240=DIRECTION('',(2.960594732334E-14,0.E0,1.E0));
#241=VECTOR('',#240,6.E-2);
#242=CARTESIAN_POINT('',(-1.082E1,-1.27E0,-4.34E0));
#243=LINE('',#242,#241);
#244=DIRECTION('',(0.E0,1.E0,0.E0));
#245=VECTOR('',#244,1.143534003375E-1);
#246=CARTESIAN_POINT('',(1.286E1,-1.93E0,-2.19E0));
#247=LINE('',#246,#245);
#248=DIRECTION('',(0.E0,0.E0,1.E0));
#249=VECTOR('',#248,6.4E-1);
#250=CARTESIAN_POINT('',(1.286E1,-1.815646599663E0,-2.83E0));
#251=LINE('',#250,#249);
#252=DIRECTION('',(0.E0,1.E0,0.E0));
#253=VECTOR('',#252,1.143534003375E-1);
#254=CARTESIAN_POINT('',(1.286E1,-1.93E0,-2.83E0));
#255=LINE('',#254,#253);
#256=DIRECTION('',(0.E0,0.E0,-1.E0));
#257=VECTOR('',#256,1.85E0);
#258=CARTESIAN_POINT('',(1.286E1,-2.47E0,-3.1E0));
#259=LINE('',#258,#257);
#260=DIRECTION('',(0.E0,0.E0,-1.E0));
#261=VECTOR('',#260,6.E-1);
#262=CARTESIAN_POINT('',(1.286E1,-8.75E-1,-3.68E0));
#263=LINE('',#262,#261);
#264=DIRECTION('',(0.E0,-1.E0,0.E0));
#265=VECTOR('',#264,1.75E0);
#266=CARTESIAN_POINT('',(1.286E1,8.75E-1,-3.68E0));
#267=LINE('',#266,#265);
#268=DIRECTION('',(0.E0,0.E0,1.E0));
#269=VECTOR('',#268,6.E-1);
#270=CARTESIAN_POINT('',(1.286E1,8.75E-1,-4.28E0));
#271=LINE('',#270,#269);
#272=DIRECTION('',(0.E0,-1.E0,0.E0));
#273=VECTOR('',#272,3.36E0);
#274=CARTESIAN_POINT('',(1.286E1,1.93E0,-3.25E0));
#275=LINE('',#274,#273);
#276=DIRECTION('',(0.E0,-1.E0,0.E0));
#277=VECTOR('',#276,5.E-1);
#278=CARTESIAN_POINT('',(1.286E1,-1.43E0,1.65E0));
#279=LINE('',#278,#277);
#280=CARTESIAN_POINT('',(1.307E1,-1.68E0,-2.19E0));
#281=DIRECTION('',(0.E0,0.E0,-1.E0));
#282=DIRECTION('',(0.E0,-1.E0,0.E0));
#283=AXIS2_PLACEMENT_3D('',#280,#281,#282);
#285=DIRECTION('',(-1.E0,0.E0,0.E0));
#286=VECTOR('',#285,7.E-1);
#287=CARTESIAN_POINT('',(1.377E1,-1.93E0,-2.19E0));
#288=LINE('',#287,#286);
#289=DIRECTION('',(0.E0,1.E0,0.E0));
#290=VECTOR('',#289,4.E-1);
#291=CARTESIAN_POINT('',(1.377E1,-2.33E0,-2.19E0));
#292=LINE('',#291,#290);
#293=DIRECTION('',(1.E0,0.E0,0.E0));
#294=VECTOR('',#293,7.E-1);
#295=CARTESIAN_POINT('',(1.307E1,-2.33E0,-2.19E0));
#296=LINE('',#295,#294);
#297=CARTESIAN_POINT('',(1.307E1,-1.68E0,-2.19E0));
#298=DIRECTION('',(0.E0,0.E0,1.E0));
#299=DIRECTION('',(-1.E0,-1.390340833915E-13,0.E0));
#300=AXIS2_PLACEMENT_3D('',#297,#298,#299);
#302=DIRECTION('',(0.E0,1.E0,0.E0));
#303=VECTOR('',#302,2.5E-1);
#304=CARTESIAN_POINT('',(1.282E1,-1.68E0,-2.19E0));
#305=LINE('',#304,#303);
#306=CARTESIAN_POINT('',(1.307E1,-1.68E0,-2.19E0));
#307=DIRECTION('',(0.E0,0.E0,-1.E0));
#308=DIRECTION('',(-8.4E-1,-5.425863986501E-1,0.E0));
#309=AXIS2_PLACEMENT_3D('',#306,#307,#308);
#311=CARTESIAN_POINT('',(-1.307E1,-1.68E0,-2.19E0));
#312=DIRECTION('',(0.E0,0.E0,-1.E0));
#313=DIRECTION('',(1.E0,0.E0,0.E0));
#314=AXIS2_PLACEMENT_3D('',#311,#312,#313);
#316=DIRECTION('',(0.E0,-1.E0,0.E0));
#317=VECTOR('',#316,2.5E-1);
#318=CARTESIAN_POINT('',(-1.282E1,-1.43E0,-2.19E0));
#319=LINE('',#318,#317);
#320=CARTESIAN_POINT('',(-1.307E1,-1.68E0,-2.19E0));
#321=DIRECTION('',(0.E0,0.E0,1.E0));
#322=DIRECTION('',(0.E0,-1.E0,0.E0));
#323=AXIS2_PLACEMENT_3D('',#320,#321,#322);
#325=DIRECTION('',(1.E0,0.E0,0.E0));
#326=VECTOR('',#325,7.E-1);
#327=CARTESIAN_POINT('',(-1.377E1,-2.33E0,-2.19E0));
#328=LINE('',#327,#326);
#329=DIRECTION('',(0.E0,-1.E0,0.E0));
#330=VECTOR('',#329,4.E-1);
#331=CARTESIAN_POINT('',(-1.377E1,-1.93E0,-2.19E0));
#332=LINE('',#331,#330);
#333=DIRECTION('',(-1.E0,0.E0,0.E0));
#334=VECTOR('',#333,7.E-1);
#335=CARTESIAN_POINT('',(-1.307E1,-1.93E0,-2.19E0));
#336=LINE('',#335,#334);
#337=CARTESIAN_POINT('',(-1.307E1,-1.68E0,-2.19E0));
#338=DIRECTION('',(0.E0,0.E0,-1.E0));
#339=DIRECTION('',(5.382040166320E-1,-8.428145919959E-1,0.E0));
#340=AXIS2_PLACEMENT_3D('',#337,#338,#339);
#342=DIRECTION('',(8.869140841670E-1,4.619344188370E-1,0.E0));
#343=VECTOR('',#342,8.506911457252E-2);
#344=CARTESIAN_POINT('',(1.286E1,-1.93E0,-2.19E0));
#345=LINE('',#344,#343);
#346=DIRECTION('',(0.E0,0.E0,1.E0));
#347=VECTOR('',#346,3.84E0);
#348=CARTESIAN_POINT('',(1.286E1,-1.93E0,-2.19E0));
#349=LINE('',#348,#347);
#350=DIRECTION('',(8.869140841670E-1,4.619344188370E-1,0.E0));
#351=VECTOR('',#350,1.082404730219E0);
#352=CARTESIAN_POINT('',(1.286E1,-1.93E0,1.65E0));
#353=LINE('',#352,#351);
#354=DIRECTION('',(-8.869140841670E-1,-4.619344188370E-1,0.E0));
#355=VECTOR('',#354,1.082404730219E0);
#356=CARTESIAN_POINT('',(1.382E1,-1.43E0,-3.1E0));
#357=LINE('',#356,#355);
#358=DIRECTION('',(0.E0,0.E0,1.E0));
#359=VECTOR('',#358,2.7E-1);
#360=CARTESIAN_POINT('',(1.286E1,-1.93E0,-3.1E0));
#361=LINE('',#360,#359);
#362=DIRECTION('',(8.869140841670E-1,4.619344188370E-1,0.E0));
#363=VECTOR('',#362,8.506911457252E-2);
#364=CARTESIAN_POINT('',(1.286E1,-1.93E0,-2.83E0));
#365=LINE('',#364,#363);
#366=DIRECTION('',(0.E0,0.E0,1.E0));
#367=VECTOR('',#366,6.4E-1);
#368=CARTESIAN_POINT('',(1.293544899584E1,-1.890703647999E0,-2.83E0));
#369=LINE('',#368,#367);
#370=DIRECTION('',(1.E0,0.E0,0.E0));
#371=VECTOR('',#370,4.E-1);
#372=CARTESIAN_POINT('',(-1.282E1,-1.43E0,-2.19E0));
#373=LINE('',#372,#371);
#374=DIRECTION('',(0.E0,0.E0,1.E0));
#375=VECTOR('',#374,6.4E-1);
#376=CARTESIAN_POINT('',(-1.282E1,-1.43E0,-2.83E0));
#377=LINE('',#376,#375);
#378=DIRECTION('',(1.E0,0.E0,0.E0));
#379=VECTOR('',#378,4.E-1);
#380=CARTESIAN_POINT('',(-1.282E1,-1.43E0,-2.83E0));
#381=LINE('',#380,#379);
#382=DIRECTION('',(0.E0,0.E0,1.E0));
#383=VECTOR('',#382,2.12E0);
#384=CARTESIAN_POINT('',(-1.242E1,-1.43E0,-4.95E0));
#385=LINE('',#384,#383);
#386=DIRECTION('',(0.E0,0.E0,-1.E0));
#387=VECTOR('',#386,4.9E0);
#388=CARTESIAN_POINT('',(-1.286E1,-1.43E0,1.65E0));
#389=LINE('',#388,#387);
#390=DIRECTION('',(1.E0,0.E0,0.E0));
#391=VECTOR('',#390,9.6E-1);
#392=CARTESIAN_POINT('',(-1.382E1,-1.43E0,1.65E0));
#393=LINE('',#392,#391);
#394=DIRECTION('',(0.E0,0.E0,1.E0));
#395=VECTOR('',#394,3.95E0);
#396=CARTESIAN_POINT('',(-1.242E1,-1.43E0,1.E0));
#397=LINE('',#396,#395);
#398=DIRECTION('',(1.E0,0.E0,0.E0));
#399=VECTOR('',#398,4.E-1);
#400=CARTESIAN_POINT('',(-1.282E1,-1.43E0,1.E0));
#401=LINE('',#400,#399);
#402=DIRECTION('',(0.E0,0.E0,1.E0));
#403=VECTOR('',#402,1.3E0);
#404=CARTESIAN_POINT('',(-1.282E1,-1.43E0,-3.E-1));
#405=LINE('',#404,#403);
#406=DIRECTION('',(1.E0,0.E0,0.E0));
#407=VECTOR('',#406,4.E-1);
#408=CARTESIAN_POINT('',(-1.282E1,-1.43E0,-3.E-1));
#409=LINE('',#408,#407);
#410=DIRECTION('',(0.E0,0.E0,1.E0));
#411=VECTOR('',#410,1.89E0);
#412=CARTESIAN_POINT('',(-1.242E1,-1.43E0,-2.19E0));
#413=LINE('',#412,#411);
#414=DIRECTION('',(1.E0,0.E0,0.E0));
#415=VECTOR('',#414,4.E-1);
#416=CARTESIAN_POINT('',(1.242E1,-1.43E0,-2.19E0));
#417=LINE('',#416,#415);
#418=DIRECTION('',(0.E0,0.E0,-1.E0));
#419=VECTOR('',#418,1.89E0);
#420=CARTESIAN_POINT('',(1.242E1,-1.43E0,-3.E-1));
#421=LINE('',#420,#419);
#422=DIRECTION('',(1.E0,0.E0,0.E0));
#423=VECTOR('',#422,4.E-1);
#424=CARTESIAN_POINT('',(1.242E1,-1.43E0,-3.E-1));
#425=LINE('',#424,#423);
#426=DIRECTION('',(0.E0,0.E0,1.E0));
#427=VECTOR('',#426,1.3E0);
#428=CARTESIAN_POINT('',(1.282E1,-1.43E0,-3.E-1));
#429=LINE('',#428,#427);
#430=DIRECTION('',(1.E0,0.E0,0.E0));
#431=VECTOR('',#430,4.E-1);
#432=CARTESIAN_POINT('',(1.242E1,-1.43E0,1.E0));
#433=LINE('',#432,#431);
#434=DIRECTION('',(0.E0,0.E0,-1.E0));
#435=VECTOR('',#434,3.95E0);
#436=CARTESIAN_POINT('',(1.242E1,-1.43E0,4.95E0));
#437=LINE('',#436,#435);
#438=DIRECTION('',(1.E0,0.E0,0.E0));
#439=VECTOR('',#438,9.6E-1);
#440=CARTESIAN_POINT('',(1.286E1,-1.43E0,1.65E0));
#441=LINE('',#440,#439);
#442=DIRECTION('',(0.E0,0.E0,1.E0));
#443=VECTOR('',#442,4.9E0);
#444=CARTESIAN_POINT('',(1.286E1,-1.43E0,-3.25E0));
#445=LINE('',#444,#443);
#446=DIRECTION('',(0.E0,0.E0,-1.E0));
#447=VECTOR('',#446,2.12E0);
#448=CARTESIAN_POINT('',(1.242E1,-1.43E0,-2.83E0));
#449=LINE('',#448,#447);
#450=DIRECTION('',(1.E0,0.E0,0.E0));
#451=VECTOR('',#450,4.E-1);
#452=CARTESIAN_POINT('',(1.242E1,-1.43E0,-2.83E0));
#453=LINE('',#452,#451);
#454=DIRECTION('',(0.E0,0.E0,1.E0));
#455=VECTOR('',#454,6.4E-1);
#456=CARTESIAN_POINT('',(1.282E1,-1.43E0,-2.83E0));
#457=LINE('',#456,#455);
#458=DIRECTION('',(0.E0,0.E0,-1.E0));
#459=VECTOR('',#458,6.4E-1);
#460=CARTESIAN_POINT('',(-1.282E1,-1.68E0,-2.19E0));
#461=LINE('',#460,#459);
#462=DIRECTION('',(0.E0,1.E0,0.E0));
#463=VECTOR('',#462,1.143534003375E-1);
#464=CARTESIAN_POINT('',(-1.286E1,-1.93E0,-2.19E0));
#465=LINE('',#464,#463);
#466=DIRECTION('',(0.E0,1.E0,0.E0));
#467=VECTOR('',#466,5.E-1);
#468=CARTESIAN_POINT('',(-1.286E1,-1.93E0,1.65E0));
#469=LINE('',#468,#467);
#470=DIRECTION('',(0.E0,0.E0,-1.E0));
#471=VECTOR('',#470,6.E-1);
#472=CARTESIAN_POINT('',(-1.286E1,8.75E-1,-3.68E0));
#473=LINE('',#472,#471);
#474=DIRECTION('',(0.E0,-1.E0,0.E0));
#475=VECTOR('',#474,1.75E0);
#476=CARTESIAN_POINT('',(-1.286E1,8.75E-1,-3.68E0));
#477=LINE('',#476,#475);
#478=DIRECTION('',(0.E0,0.E0,-1.E0));
#479=VECTOR('',#478,6.E-1);
#480=CARTESIAN_POINT('',(-1.286E1,-8.75E-1,-3.68E0));
#481=LINE('',#480,#479);
#482=DIRECTION('',(0.E0,0.E0,1.E0));
#483=VECTOR('',#482,1.85E0);
#484=CARTESIAN_POINT('',(-1.286E1,-2.47E0,-4.95E0));
#485=LINE('',#484,#483);
#486=DIRECTION('',(0.E0,1.E0,0.E0));
#487=VECTOR('',#486,1.143534003375E-1);
#488=CARTESIAN_POINT('',(-1.286E1,-1.93E0,-2.83E0));
#489=LINE('',#488,#487);
#490=DIRECTION('',(0.E0,0.E0,1.E0));
#491=VECTOR('',#490,6.4E-1);
#492=CARTESIAN_POINT('',(-1.286E1,-1.815646599663E0,-2.83E0));
#493=LINE('',#492,#491);
#494=DIRECTION('',(-8.869140841670E-1,4.619344188370E-1,0.E0));
#495=VECTOR('',#494,8.506911457252E-2);
#496=CARTESIAN_POINT('',(-1.286E1,-1.93E0,-2.19E0));
#497=LINE('',#496,#495);
#498=DIRECTION('',(0.E0,0.E0,1.E0));
#499=VECTOR('',#498,6.4E-1);
#500=CARTESIAN_POINT('',(-1.293544899584E1,-1.890703647999E0,-2.83E0));
#501=LINE('',#500,#499);
#502=DIRECTION('',(-8.869140841670E-1,4.619344188370E-1,0.E0));
#503=VECTOR('',#502,8.506911457253E-2);
#504=CARTESIAN_POINT('',(-1.286E1,-1.93E0,-2.83E0));
#505=LINE('',#504,#503);
#506=DIRECTION('',(0.E0,0.E0,1.E0));
#507=VECTOR('',#506,2.7E-1);
#508=CARTESIAN_POINT('',(-1.286E1,-1.93E0,-3.1E0));
#509=LINE('',#508,#507);
#510=DIRECTION('',(-8.869140841670E-1,4.619344188370E-1,0.E0));
#511=VECTOR('',#510,1.082404730219E0);
#512=CARTESIAN_POINT('',(-1.286E1,-1.93E0,-3.1E0));
#513=LINE('',#512,#511);
#514=DIRECTION('',(-8.869140841670E-1,4.619344188370E-1,0.E0));
#515=VECTOR('',#514,1.082404730219E0);
#516=CARTESIAN_POINT('',(-1.286E1,-1.93E0,1.65E0));
#517=LINE('',#516,#515);
#518=DIRECTION('',(0.E0,0.E0,1.E0));
#519=VECTOR('',#518,3.84E0);
#520=CARTESIAN_POINT('',(-1.286E1,-1.93E0,-2.19E0));
#521=LINE('',#520,#519);
#522=CARTESIAN_POINT('',(1.307E1,-1.68E0,-2.83E0));
#523=DIRECTION('',(0.E0,0.E0,-1.E0));
#524=DIRECTION('',(-8.4E-1,-5.425863986501E-1,0.E0));
#525=AXIS2_PLACEMENT_3D('',#522,#523,#524);
#527=DIRECTION('',(0.E0,1.E0,0.E0));
#528=VECTOR('',#527,2.5E-1);
#529=CARTESIAN_POINT('',(1.282E1,-1.68E0,-2.83E0));
#530=LINE('',#529,#528);
#531=CARTESIAN_POINT('',(1.307E1,-1.68E0,-2.83E0));
#532=DIRECTION('',(0.E0,0.E0,1.E0));
#533=DIRECTION('',(-1.E0,-1.390340833915E-13,0.E0));
#534=AXIS2_PLACEMENT_3D('',#531,#532,#533);
#536=DIRECTION('',(1.E0,0.E0,0.E0));
#537=VECTOR('',#536,7.E-1);
#538=CARTESIAN_POINT('',(1.307E1,-2.33E0,-2.83E0));
#539=LINE('',#538,#537);
#540=DIRECTION('',(0.E0,1.E0,0.E0));
#541=VECTOR('',#540,4.E-1);
#542=CARTESIAN_POINT('',(1.377E1,-2.33E0,-2.83E0));
#543=LINE('',#542,#541);
#544=DIRECTION('',(-1.E0,0.E0,0.E0));
#545=VECTOR('',#544,7.E-1);
#546=CARTESIAN_POINT('',(1.377E1,-1.93E0,-2.83E0));
#547=LINE('',#546,#545);
#548=CARTESIAN_POINT('',(1.307E1,-1.68E0,-2.83E0));
#549=DIRECTION('',(0.E0,0.E0,-1.E0));
#550=DIRECTION('',(0.E0,-1.E0,0.E0));
#551=AXIS2_PLACEMENT_3D('',#548,#549,#550);
#553=CARTESIAN_POINT('',(-1.307E1,-1.68E0,-2.83E0));
#554=DIRECTION('',(0.E0,0.E0,-1.E0));
#555=DIRECTION('',(5.382040166320E-1,-8.428145919959E-1,0.E0));
#556=AXIS2_PLACEMENT_3D('',#553,#554,#555);
#558=DIRECTION('',(-1.E0,0.E0,0.E0));
#559=VECTOR('',#558,7.E-1);
#560=CARTESIAN_POINT('',(-1.307E1,-1.93E0,-2.83E0));
#561=LINE('',#560,#559);
#562=DIRECTION('',(0.E0,-1.E0,0.E0));
#563=VECTOR('',#562,4.E-1);
#564=CARTESIAN_POINT('',(-1.377E1,-1.93E0,-2.83E0));
#565=LINE('',#564,#563);
#566=DIRECTION('',(1.E0,0.E0,0.E0));
#567=VECTOR('',#566,7.E-1);
#568=CARTESIAN_POINT('',(-1.377E1,-2.33E0,-2.83E0));
#569=LINE('',#568,#567);
#570=CARTESIAN_POINT('',(-1.307E1,-1.68E0,-2.83E0));
#571=DIRECTION('',(0.E0,0.E0,1.E0));
#572=DIRECTION('',(0.E0,-1.E0,0.E0));
#573=AXIS2_PLACEMENT_3D('',#570,#571,#572);
#575=DIRECTION('',(0.E0,-1.E0,0.E0));
#576=VECTOR('',#575,2.5E-1);
#577=CARTESIAN_POINT('',(-1.282E1,-1.43E0,-2.83E0));
#578=LINE('',#577,#576);
#579=CARTESIAN_POINT('',(-1.307E1,-1.68E0,-2.83E0));
#580=DIRECTION('',(0.E0,0.E0,-1.E0));
#581=DIRECTION('',(1.E0,0.E0,0.E0));
#582=AXIS2_PLACEMENT_3D('',#579,#580,#581);
#584=DIRECTION('',(0.E0,0.E0,-1.E0));
#585=VECTOR('',#584,6.4E-1);
#586=CARTESIAN_POINT('',(1.307E1,-1.93E0,-2.19E0));
#587=LINE('',#586,#585);
#588=DIRECTION('',(0.E0,0.E0,-1.E0));
#589=VECTOR('',#588,6.4E-1);
#590=CARTESIAN_POINT('',(1.282E1,-1.68E0,-2.19E0));
#591=LINE('',#590,#589);
#592=DIRECTION('',(0.E0,0.E0,-1.E0));
#593=VECTOR('',#592,6.4E-1);
#594=CARTESIAN_POINT('',(1.377E1,-1.93E0,-2.19E0));
#595=LINE('',#594,#593);
#596=DIRECTION('',(0.E0,0.E0,-1.E0));
#597=VECTOR('',#596,6.4E-1);
#598=CARTESIAN_POINT('',(1.377E1,-2.33E0,-2.19E0));
#599=LINE('',#598,#597);
#600=DIRECTION('',(0.E0,0.E0,-1.E0));
#601=VECTOR('',#600,6.4E-1);
#602=CARTESIAN_POINT('',(1.307E1,-2.33E0,-2.19E0));
#603=LINE('',#602,#601);
#604=DIRECTION('',(-1.421085471520E-14,-1.E0,0.E0));
#605=VECTOR('',#604,2.5E-1);
#606=CARTESIAN_POINT('',(1.242E1,-1.43E0,-2.19E0));
#607=LINE('',#606,#605);
#608=DIRECTION('',(0.E0,0.E0,1.E0));
#609=VECTOR('',#608,6.4E-1);
#610=CARTESIAN_POINT('',(1.242E1,-1.68E0,-2.83E0));
#611=LINE('',#610,#609);
#612=DIRECTION('',(-1.421085471520E-14,-1.E0,0.E0));
#613=VECTOR('',#612,2.5E-1);
#614=CARTESIAN_POINT('',(1.242E1,-1.43E0,-2.83E0));
#615=LINE('',#614,#613);
#616=DIRECTION('',(0.E0,-1.E0,0.E0));
#617=VECTOR('',#616,4.6E-1);
#618=CARTESIAN_POINT('',(1.242E1,-1.43E0,1.E0));
#619=LINE('',#618,#617);
#620=DIRECTION('',(0.E0,0.E0,1.E0));
#621=VECTOR('',#620,1.3E0);
#622=CARTESIAN_POINT('',(1.242E1,-1.89E0,-3.E-1));
#623=LINE('',#622,#621);
#624=DIRECTION('',(0.E0,-1.E0,0.E0));
#625=VECTOR('',#624,4.6E-1);
#626=CARTESIAN_POINT('',(1.242E1,-1.43E0,-3.E-1));
#627=LINE('',#626,#625);
#628=DIRECTION('',(0.E0,1.E0,0.E0));
#629=VECTOR('',#628,1.2E0);
#630=CARTESIAN_POINT('',(1.286E1,-2.47E0,-4.95E0));
#631=LINE('',#630,#629);
#632=DIRECTION('',(1.E0,0.E0,0.E0));
#633=VECTOR('',#632,9.6E-1);
#634=CARTESIAN_POINT('',(1.286E1,-2.47E0,-4.95E0));
#635=LINE('',#634,#633);
#636=DIRECTION('',(1.E0,0.E0,0.E0));
#637=VECTOR('',#636,9.6E-1);
#638=CARTESIAN_POINT('',(-1.382E1,-2.47E0,-4.95E0));
#639=LINE('',#638,#637);
#640=DIRECTION('',(0.E0,1.E0,0.E0));
#641=VECTOR('',#640,1.2E0);
#642=CARTESIAN_POINT('',(-1.286E1,-2.47E0,-4.95E0));
#643=LINE('',#642,#641);
#644=DIRECTION('',(0.E0,1.E0,0.E0));
#645=VECTOR('',#644,4.1E-1);
#646=CARTESIAN_POINT('',(7.82E0,-1.68E0,-4.95E0));
#647=LINE('',#646,#645);
#648=DIRECTION('',(1.E0,0.E0,0.E0));
#649=VECTOR('',#648,2.36E0);
#650=CARTESIAN_POINT('',(7.82E0,-1.68E0,-4.95E0));
#651=LINE('',#650,#649);
#652=DIRECTION('',(0.E0,-1.E0,0.E0));
#653=VECTOR('',#652,4.1E-1);
#654=CARTESIAN_POINT('',(1.018E1,-1.27E0,-4.95E0));
#655=LINE('',#654,#653);
#656=DIRECTION('',(0.E0,1.E0,0.E0));
#657=VECTOR('',#656,4.1E-1);
#658=CARTESIAN_POINT('',(4.82E0,-1.68E0,-4.95E0));
#659=LINE('',#658,#657);
#660=DIRECTION('',(1.E0,0.E0,0.E0));
#661=VECTOR('',#660,2.36E0);
#662=CARTESIAN_POINT('',(4.82E0,-1.68E0,-4.95E0));
#663=LINE('',#662,#661);
#664=DIRECTION('',(0.E0,1.E0,0.E0));
#665=VECTOR('',#664,4.1E-1);
#666=CARTESIAN_POINT('',(7.18E0,-1.68E0,-4.95E0));
#667=LINE('',#666,#665);
#668=DIRECTION('',(0.E0,1.E0,0.E0));
#669=VECTOR('',#668,4.1E-1);
#670=CARTESIAN_POINT('',(1.82E0,-1.68E0,-4.95E0));
#671=LINE('',#670,#669);
#672=DIRECTION('',(1.E0,0.E0,0.E0));
#673=VECTOR('',#672,2.36E0);
#674=CARTESIAN_POINT('',(1.82E0,-1.68E0,-4.95E0));
#675=LINE('',#674,#673);
#676=DIRECTION('',(0.E0,1.E0,0.E0));
#677=VECTOR('',#676,4.1E-1);
#678=CARTESIAN_POINT('',(4.18E0,-1.68E0,-4.95E0));
#679=LINE('',#678,#677);
#680=DIRECTION('',(0.E0,1.E0,0.E0));
#681=VECTOR('',#680,4.1E-1);
#682=CARTESIAN_POINT('',(-1.18E0,-1.68E0,-4.95E0));
#683=LINE('',#682,#681);
#684=DIRECTION('',(1.E0,0.E0,0.E0));
#685=VECTOR('',#684,2.36E0);
#686=CARTESIAN_POINT('',(-1.18E0,-1.68E0,-4.95E0));
#687=LINE('',#686,#685);
#688=DIRECTION('',(0.E0,1.E0,0.E0));
#689=VECTOR('',#688,4.1E-1);
#690=CARTESIAN_POINT('',(1.18E0,-1.68E0,-4.95E0));
#691=LINE('',#690,#689);
#692=DIRECTION('',(0.E0,1.E0,0.E0));
#693=VECTOR('',#692,4.1E-1);
#694=CARTESIAN_POINT('',(-4.18E0,-1.68E0,-4.95E0));
#695=LINE('',#694,#693);
#696=DIRECTION('',(1.E0,0.E0,0.E0));
#697=VECTOR('',#696,2.36E0);
#698=CARTESIAN_POINT('',(-4.18E0,-1.68E0,-4.95E0));
#699=LINE('',#698,#697);
#700=DIRECTION('',(0.E0,1.E0,0.E0));
#701=VECTOR('',#700,4.1E-1);
#702=CARTESIAN_POINT('',(-1.82E0,-1.68E0,-4.95E0));
#703=LINE('',#702,#701);
#704=DIRECTION('',(0.E0,1.E0,0.E0));
#705=VECTOR('',#704,4.1E-1);
#706=CARTESIAN_POINT('',(-7.18E0,-1.68E0,-4.95E0));
#707=LINE('',#706,#705);
#708=DIRECTION('',(1.E0,0.E0,0.E0));
#709=VECTOR('',#708,2.36E0);
#710=CARTESIAN_POINT('',(-7.18E0,-1.68E0,-4.95E0));
#711=LINE('',#710,#709);
#712=DIRECTION('',(0.E0,1.E0,0.E0));
#713=VECTOR('',#712,4.1E-1);
#714=CARTESIAN_POINT('',(-4.82E0,-1.68E0,-4.95E0));
#715=LINE('',#714,#713);
#716=DIRECTION('',(0.E0,1.E0,0.E0));
#717=VECTOR('',#716,4.1E-1);
#718=CARTESIAN_POINT('',(-1.018E1,-1.68E0,-4.95E0));
#719=LINE('',#718,#717);
#720=DIRECTION('',(1.E0,0.E0,0.E0));
#721=VECTOR('',#720,2.36E0);
#722=CARTESIAN_POINT('',(-1.018E1,-1.68E0,-4.95E0));
#723=LINE('',#722,#721);
#724=DIRECTION('',(0.E0,1.E0,0.E0));
#725=VECTOR('',#724,4.1E-1);
#726=CARTESIAN_POINT('',(-7.82E0,-1.68E0,-4.95E0));
#727=LINE('',#726,#725);
#728=DIRECTION('',(1.E0,0.E0,0.E0));
#729=VECTOR('',#728,4.E-2);
#730=CARTESIAN_POINT('',(-1.246E1,-1.43E0,-4.95E0));
#731=LINE('',#730,#729);
#732=DIRECTION('',(0.E0,-1.E0,0.E0));
#733=VECTOR('',#732,2.5E-1);
#734=CARTESIAN_POINT('',(-1.242E1,-1.43E0,-4.95E0));
#735=LINE('',#734,#733);
#736=DIRECTION('',(1.E0,0.E0,0.E0));
#737=VECTOR('',#736,1.6E0);
#738=CARTESIAN_POINT('',(-1.242E1,-1.68E0,-4.95E0));
#739=LINE('',#738,#737);
#740=DIRECTION('',(0.E0,1.E0,0.E0));
#741=VECTOR('',#740,4.1E-1);
#742=CARTESIAN_POINT('',(-1.082E1,-1.68E0,-4.95E0));
#743=LINE('',#742,#741);
#744=DIRECTION('',(0.E0,1.E0,0.E0));
#745=VECTOR('',#744,1.6E-1);
#746=CARTESIAN_POINT('',(-1.246E1,-1.43E0,-4.95E0));
#747=LINE('',#746,#745);
#748=DIRECTION('',(1.E0,0.E0,0.E0));
#749=VECTOR('',#748,4.E-2);
#750=CARTESIAN_POINT('',(1.242E1,-1.43E0,-4.95E0));
#751=LINE('',#750,#749);
#752=DIRECTION('',(0.E0,1.E0,0.E0));
#753=VECTOR('',#752,1.6E-1);
#754=CARTESIAN_POINT('',(1.246E1,-1.43E0,-4.95E0));
#755=LINE('',#754,#753);
#756=DIRECTION('',(0.E0,-1.E0,0.E0));
#757=VECTOR('',#756,4.1E-1);
#758=CARTESIAN_POINT('',(1.082E1,-1.27E0,-4.95E0));
#759=LINE('',#758,#757);
#760=DIRECTION('',(1.E0,0.E0,0.E0));
#761=VECTOR('',#760,1.6E0);
#762=CARTESIAN_POINT('',(1.082E1,-1.68E0,-4.95E0));
#763=LINE('',#762,#761);
#764=DIRECTION('',(0.E0,-1.E0,0.E0));
#765=VECTOR('',#764,2.5E-1);
#766=CARTESIAN_POINT('',(1.242E1,-1.43E0,-4.95E0));
#767=LINE('',#766,#765);
#768=DIRECTION('',(1.E0,0.E0,0.E0));
#769=VECTOR('',#768,9.6E-1);
#770=CARTESIAN_POINT('',(1.286E1,-2.47E0,-3.1E0));
#771=LINE('',#770,#769);
#772=DIRECTION('',(1.E0,0.E0,0.E0));
#773=VECTOR('',#772,9.6E-1);
#774=CARTESIAN_POINT('',(-1.382E1,-2.47E0,-3.1E0));
#775=LINE('',#774,#773);
#776=DIRECTION('',(0.E0,1.E0,0.E0));
#777=VECTOR('',#776,5.4E-1);
#778=CARTESIAN_POINT('',(1.286E1,-2.47E0,-3.1E0));
#779=LINE('',#778,#777);
#780=DIRECTION('',(0.E0,-1.E0,0.E0));
#781=VECTOR('',#780,1.04E0);
#782=CARTESIAN_POINT('',(1.382E1,-1.43E0,-3.1E0));
#783=LINE('',#782,#781);
#784=DIRECTION('',(0.E0,1.E0,0.E0));
#785=VECTOR('',#784,5.4E-1);
#786=CARTESIAN_POINT('',(-1.286E1,-2.47E0,-3.1E0));
#787=LINE('',#786,#785);
#788=DIRECTION('',(0.E0,1.E0,0.E0));
#789=VECTOR('',#788,1.04E0);
#790=CARTESIAN_POINT('',(-1.382E1,-2.47E0,-3.1E0));
#791=LINE('',#790,#789);
#792=DIRECTION('',(0.E0,0.E0,-1.E0));
#793=VECTOR('',#792,1.9E0);
#794=CARTESIAN_POINT('',(1.382E1,-1.43E0,3.55E0));
#795=LINE('',#794,#793);
#796=DIRECTION('',(0.E0,-1.E0,0.E0));
#797=VECTOR('',#796,6.8E-1);
#798=CARTESIAN_POINT('',(1.382E1,-7.5E-1,3.55E0));
#799=LINE('',#798,#797);
#800=DIRECTION('',(0.E0,1.E0,0.E0));
#801=VECTOR('',#800,2.E0);
#802=CARTESIAN_POINT('',(1.382E1,-7.5E-1,3.55E0));
#803=LINE('',#802,#801);
#804=DIRECTION('',(0.E0,-1.E0,0.E0));
#805=VECTOR('',#804,6.8E-1);
#806=CARTESIAN_POINT('',(1.382E1,1.93E0,3.55E0));
#807=LINE('',#806,#805);
#808=DIRECTION('',(0.E0,0.E0,1.E0));
#809=VECTOR('',#808,8.5E0);
#810=CARTESIAN_POINT('',(1.382E1,1.93E0,-4.95E0));
#811=LINE('',#810,#809);
#812=DIRECTION('',(0.E0,1.E0,0.E0));
#813=VECTOR('',#812,6.6E-1);
#814=CARTESIAN_POINT('',(1.382E1,1.27E0,-4.95E0));
#815=LINE('',#814,#813);
#816=DIRECTION('',(0.E0,0.E0,-1.E0));
#817=VECTOR('',#816,6.7E-1);
#818=CARTESIAN_POINT('',(1.382E1,1.27E0,-4.28E0));
#819=LINE('',#818,#817);
#820=DIRECTION('',(0.E0,1.E0,0.E0));
#821=VECTOR('',#820,3.95E-1);
#822=CARTESIAN_POINT('',(1.382E1,8.75E-1,-4.28E0));
#823=LINE('',#822,#821);
#824=DIRECTION('',(0.E0,0.E0,1.E0));
#825=VECTOR('',#824,6.E-1);
#826=CARTESIAN_POINT('',(1.382E1,8.75E-1,-4.28E0));
#827=LINE('',#826,#825);
#828=DIRECTION('',(0.E0,-1.E0,0.E0));
#829=VECTOR('',#828,1.75E0);
#830=CARTESIAN_POINT('',(1.382E1,8.75E-1,-3.68E0));
#831=LINE('',#830,#829);
#832=DIRECTION('',(0.E0,0.E0,-1.E0));
#833=VECTOR('',#832,6.E-1);
#834=CARTESIAN_POINT('',(1.382E1,-8.75E-1,-3.68E0));
#835=LINE('',#834,#833);
#836=DIRECTION('',(0.E0,1.E0,0.E0));
#837=VECTOR('',#836,3.95E-1);
#838=CARTESIAN_POINT('',(1.382E1,-1.27E0,-4.28E0));
#839=LINE('',#838,#837);
#840=DIRECTION('',(0.E0,0.E0,1.E0));
#841=VECTOR('',#840,6.7E-1);
#842=CARTESIAN_POINT('',(1.382E1,-1.27E0,-4.95E0));
#843=LINE('',#842,#841);
#844=DIRECTION('',(0.E0,1.E0,0.E0));
#845=VECTOR('',#844,1.2E0);
#846=CARTESIAN_POINT('',(1.382E1,-2.47E0,-4.95E0));
#847=LINE('',#846,#845);
#848=DIRECTION('',(0.E0,0.E0,-1.E0));
#849=VECTOR('',#848,1.85E0);
#850=CARTESIAN_POINT('',(1.382E1,-2.47E0,-3.1E0));
#851=LINE('',#850,#849);
#852=DIRECTION('',(0.E0,0.E0,-1.E0));
#853=VECTOR('',#852,4.75E0);
#854=CARTESIAN_POINT('',(1.382E1,-1.43E0,1.65E0));
#855=LINE('',#854,#853);
#856=DIRECTION('',(0.E0,0.E0,1.E0));
#857=VECTOR('',#856,1.25E0);
#858=CARTESIAN_POINT('',(1.382E1,4.25E-2,-3.5E0));
#859=LINE('',#858,#857);
#860=DIRECTION('',(0.E0,-1.E0,0.E0));
#861=VECTOR('',#860,1.5625E-1);
#862=CARTESIAN_POINT('',(1.382E1,4.25E-2,-2.25E0));
#863=LINE('',#862,#861);
#864=DIRECTION('',(0.E0,-6.428712937139E-1,-7.659742160926E-1));
#865=VECTOR('',#864,2.430502054266E-1);
#866=CARTESIAN_POINT('',(1.382E1,-1.1375E-1,-2.25E0));
#867=LINE('',#866,#865);
#868=DIRECTION('',(0.E0,0.E0,-1.E0));
#869=VECTOR('',#868,2.127660065889E-1);
#870=CARTESIAN_POINT('',(1.382E1,-2.7E-1,-2.436170190573E0));
#871=LINE('',#870,#869);
#872=DIRECTION('',(0.E0,6.428711427642E-1,7.659743427825E-1));
#873=VECTOR('',#872,2.430502624961E-1);
#874=CARTESIAN_POINT('',(1.382E1,-2.7E-1,-2.648936197162E0));
#875=LINE('',#874,#873);
#876=DIRECTION('',(0.E0,0.E0,-1.E0));
#877=VECTOR('',#876,1.037234067917E0);
#878=CARTESIAN_POINT('',(1.382E1,-1.1375E-1,-2.462765932083E0));
#879=LINE('',#878,#877);
#880=DIRECTION('',(0.E0,1.E0,0.E0));
#881=VECTOR('',#880,1.5625E-1);
#882=CARTESIAN_POINT('',(1.382E1,-1.1375E-1,-3.5E0));
#883=LINE('',#882,#881);
#884=DIRECTION('',(-7.071067811865E-1,0.E0,7.071067811865E-1));
#885=VECTOR('',#884,1.979898987322E0);
#886=CARTESIAN_POINT('',(1.382E1,1.25E0,3.55E0));
#887=LINE('',#886,#885);
#888=DIRECTION('',(-7.071067811865E-1,0.E0,7.071067811865E-1));
#889=VECTOR('',#888,1.979898987322E0);
#890=CARTESIAN_POINT('',(1.382E1,-1.43E0,3.55E0));
#891=LINE('',#890,#889);
#892=DIRECTION('',(-7.071067811865E-1,0.E0,7.071067811865E-1));
#893=VECTOR('',#892,1.979898987322E0);
#894=CARTESIAN_POINT('',(1.382E1,-7.5E-1,3.55E0));
#895=LINE('',#894,#893);
#896=DIRECTION('',(-1.E0,0.E0,0.E0));
#897=VECTOR('',#896,1.4E0);
#898=CARTESIAN_POINT('',(1.382E1,1.25E0,3.55E0));
#899=LINE('',#898,#897);
#900=DIRECTION('',(0.E0,0.E0,1.E0));
#901=VECTOR('',#900,1.4E0);
#902=CARTESIAN_POINT('',(1.242E1,1.25E0,3.55E0));
#903=LINE('',#902,#901);
#904=DIRECTION('',(0.E0,0.E0,-1.E0));
#905=VECTOR('',#904,1.4E0);
#906=CARTESIAN_POINT('',(-1.242E1,1.25E0,4.95E0));
#907=LINE('',#906,#905);
#908=DIRECTION('',(-1.E0,0.E0,0.E0));
#909=VECTOR('',#908,1.4E0);
#910=CARTESIAN_POINT('',(-1.242E1,1.25E0,3.55E0));
#911=LINE('',#910,#909);
#912=DIRECTION('',(-1.E0,0.E0,0.E0));
#913=VECTOR('',#912,1.4E0);
#914=CARTESIAN_POINT('',(1.382E1,-7.5E-1,3.55E0));
#915=LINE('',#914,#913);
#916=DIRECTION('',(0.E0,0.E0,1.E0));
#917=VECTOR('',#916,1.4E0);
#918=CARTESIAN_POINT('',(1.242E1,-7.5E-1,3.55E0));
#919=LINE('',#918,#917);
#920=DIRECTION('',(0.E0,0.E0,-1.E0));
#921=VECTOR('',#920,1.4E0);
#922=CARTESIAN_POINT('',(-1.242E1,-7.5E-1,4.95E0));
#923=LINE('',#922,#921);
#924=DIRECTION('',(-1.E0,0.E0,0.E0));
#925=VECTOR('',#924,1.4E0);
#926=CARTESIAN_POINT('',(-1.242E1,-7.5E-1,3.55E0));
#927=LINE('',#926,#925);
#928=DIRECTION('',(0.E0,-1.E0,0.E0));
#929=VECTOR('',#928,2.E0);
#930=CARTESIAN_POINT('',(1.242E1,1.25E0,3.55E0));
#931=LINE('',#930,#929);
#932=DIRECTION('',(0.E0,-1.E0,0.E0));
#933=VECTOR('',#932,2.54E0);
#934=CARTESIAN_POINT('',(-9.23E0,1.27E0,4.95E0));
#935=LINE('',#934,#933);
#936=DIRECTION('',(1.E0,0.E0,0.E0));
#937=VECTOR('',#936,2.54E0);
#938=CARTESIAN_POINT('',(-1.177E1,1.27E0,4.95E0));
#939=LINE('',#938,#937);
#940=DIRECTION('',(0.E0,1.E0,0.E0));
#941=VECTOR('',#940,2.54E0);
#942=CARTESIAN_POINT('',(-1.177E1,-1.27E0,4.95E0));
#943=LINE('',#942,#941);
#944=DIRECTION('',(-1.E0,0.E0,0.E0));
#945=VECTOR('',#944,2.54E0);
#946=CARTESIAN_POINT('',(-9.23E0,-1.27E0,4.95E0));
#947=LINE('',#946,#945);
#948=DIRECTION('',(1.E0,0.E0,0.E0));
#949=VECTOR('',#948,1.84E0);
#950=CARTESIAN_POINT('',(-8.77E0,-1.27E0,4.95E0));
#951=LINE('',#950,#949);
#952=DIRECTION('',(-7.071067811865E-1,-7.071067811865E-1,0.E0));
#953=VECTOR('',#952,9.899494936612E-1);
#954=CARTESIAN_POINT('',(-6.23E0,-5.7E-1,4.95E0));
#955=LINE('',#954,#953);
#956=DIRECTION('',(0.E0,-1.E0,0.E0));
#957=VECTOR('',#956,1.84E0);
#958=CARTESIAN_POINT('',(-6.23E0,1.27E0,4.95E0));
#959=LINE('',#958,#957);
#960=DIRECTION('',(1.E0,0.E0,0.E0));
#961=VECTOR('',#960,2.54E0);
#962=CARTESIAN_POINT('',(-8.77E0,1.27E0,4.95E0));
#963=LINE('',#962,#961);
#964=DIRECTION('',(0.E0,1.E0,0.E0));
#965=VECTOR('',#964,2.54E0);
#966=CARTESIAN_POINT('',(-8.77E0,-1.27E0,4.95E0));
#967=LINE('',#966,#965);
#968=DIRECTION('',(-1.E0,0.E0,0.E0));
#969=VECTOR('',#968,1.84E0);
#970=CARTESIAN_POINT('',(-3.93E0,-1.27E0,4.95E0));
#971=LINE('',#970,#969);
#972=DIRECTION('',(-7.071067811865E-1,-7.071067811865E-1,0.E0));
#973=VECTOR('',#972,9.899494936612E-1);
#974=CARTESIAN_POINT('',(-3.23E0,-5.7E-1,4.95E0));
#975=LINE('',#974,#973);
#976=DIRECTION('',(0.E0,-1.E0,0.E0));
#977=VECTOR('',#976,1.84E0);
#978=CARTESIAN_POINT('',(-3.23E0,1.27E0,4.95E0));
#979=LINE('',#978,#977);
#980=DIRECTION('',(1.E0,0.E0,0.E0));
#981=VECTOR('',#980,2.54E0);
#982=CARTESIAN_POINT('',(-5.77E0,1.27E0,4.95E0));
#983=LINE('',#982,#981);
#984=DIRECTION('',(0.E0,1.E0,0.E0));
#985=VECTOR('',#984,2.54E0);
#986=CARTESIAN_POINT('',(-5.77E0,-1.27E0,4.95E0));
#987=LINE('',#986,#985);
#988=DIRECTION('',(-1.E0,0.E0,0.E0));
#989=VECTOR('',#988,1.84E0);
#990=CARTESIAN_POINT('',(-2.3E-1,-1.27E0,4.95E0));
#991=LINE('',#990,#989);
#992=DIRECTION('',(0.E0,-1.E0,0.E0));
#993=VECTOR('',#992,2.54E0);
#994=CARTESIAN_POINT('',(-2.3E-1,1.27E0,4.95E0));
#995=LINE('',#994,#993);
#996=DIRECTION('',(1.E0,0.E0,0.E0));
#997=VECTOR('',#996,2.54E0);
#998=CARTESIAN_POINT('',(-2.77E0,1.27E0,4.95E0));
#999=LINE('',#998,#997);
#1000=DIRECTION('',(0.E0,1.E0,0.E0));
#1001=VECTOR('',#1000,1.84E0);
#1002=CARTESIAN_POINT('',(-2.77E0,-5.7E-1,4.95E0));
#1003=LINE('',#1002,#1001);
#1004=DIRECTION('',(-7.071067811865E-1,7.071067811865E-1,0.E0));
#1005=VECTOR('',#1004,9.899494936612E-1);
#1006=CARTESIAN_POINT('',(-2.07E0,-1.27E0,4.95E0));
#1007=LINE('',#1006,#1005);
#1008=DIRECTION('',(-1.E0,0.E0,0.E0));
#1009=VECTOR('',#1008,1.84E0);
#1010=CARTESIAN_POINT('',(2.77E0,-1.27E0,4.95E0));
#1011=LINE('',#1010,#1009);
#1012=DIRECTION('',(0.E0,-1.E0,0.E0));
#1013=VECTOR('',#1012,2.54E0);
#1014=CARTESIAN_POINT('',(2.77E0,1.27E0,4.95E0));
#1015=LINE('',#1014,#1013);
#1016=DIRECTION('',(1.E0,0.E0,0.E0));
#1017=VECTOR('',#1016,2.54E0);
#1018=CARTESIAN_POINT('',(2.3E-1,1.27E0,4.95E0));
#1019=LINE('',#1018,#1017);
#1020=DIRECTION('',(0.E0,1.E0,0.E0));
#1021=VECTOR('',#1020,1.84E0);
#1022=CARTESIAN_POINT('',(2.3E-1,-5.7E-1,4.95E0));
#1023=LINE('',#1022,#1021);
#1024=DIRECTION('',(-7.071067811865E-1,7.071067811865E-1,0.E0));
#1025=VECTOR('',#1024,9.899494936612E-1);
#1026=CARTESIAN_POINT('',(9.3E-1,-1.27E0,4.95E0));
#1027=LINE('',#1026,#1025);
#1028=DIRECTION('',(0.E0,1.E0,0.E0));
#1029=VECTOR('',#1028,2.54E0);
#1030=CARTESIAN_POINT('',(3.23E0,-1.27E0,4.95E0));
#1031=LINE('',#1030,#1029);
#1032=DIRECTION('',(-1.E0,0.E0,0.E0));
#1033=VECTOR('',#1032,1.84E0);
#1034=CARTESIAN_POINT('',(5.07E0,-1.27E0,4.95E0));
#1035=LINE('',#1034,#1033);
#1036=DIRECTION('',(-7.071067811865E-1,-7.071067811865E-1,0.E0));
#1037=VECTOR('',#1036,9.899494936612E-1);
#1038=CARTESIAN_POINT('',(5.77E0,-5.7E-1,4.95E0));
#1039=LINE('',#1038,#1037);
#1040=DIRECTION('',(0.E0,-1.E0,0.E0));
#1041=VECTOR('',#1040,1.84E0);
#1042=CARTESIAN_POINT('',(5.77E0,1.27E0,4.95E0));
#1043=LINE('',#1042,#1041);
#1044=DIRECTION('',(1.E0,0.E0,0.E0));
#1045=VECTOR('',#1044,2.54E0);
#1046=CARTESIAN_POINT('',(3.23E0,1.27E0,4.95E0));
#1047=LINE('',#1046,#1045);
#1048=DIRECTION('',(-7.071067811865E-1,-7.071067811865E-1,0.E0));
#1049=VECTOR('',#1048,9.899494936612E-1);
#1050=CARTESIAN_POINT('',(8.77E0,-5.7E-1,4.95E0));
#1051=LINE('',#1050,#1049);
#1052=DIRECTION('',(0.E0,-1.E0,0.E0));
#1053=VECTOR('',#1052,1.84E0);
#1054=CARTESIAN_POINT('',(8.77E0,1.27E0,4.95E0));
#1055=LINE('',#1054,#1053);
#1056=DIRECTION('',(-1.E0,0.E0,0.E0));
#1057=VECTOR('',#1056,2.54E0);
#1058=CARTESIAN_POINT('',(8.77E0,1.27E0,4.95E0));
#1059=LINE('',#1058,#1057);
#1060=DIRECTION('',(0.E0,1.E0,0.E0));
#1061=VECTOR('',#1060,2.54E0);
#1062=CARTESIAN_POINT('',(6.23E0,-1.27E0,4.95E0));
#1063=LINE('',#1062,#1061);
#1064=DIRECTION('',(-1.E0,0.E0,0.E0));
#1065=VECTOR('',#1064,1.84E0);
#1066=CARTESIAN_POINT('',(8.07E0,-1.27E0,4.95E0));
#1067=LINE('',#1066,#1065);
#1068=DIRECTION('',(1.E0,0.E0,0.E0));
#1069=VECTOR('',#1068,2.54E0);
#1070=CARTESIAN_POINT('',(9.23E0,1.27E0,4.95E0));
#1071=LINE('',#1070,#1069);
#1072=DIRECTION('',(0.E0,1.E0,0.E0));
#1073=VECTOR('',#1072,2.54E0);
#1074=CARTESIAN_POINT('',(9.23E0,-1.27E0,4.95E0));
#1075=LINE('',#1074,#1073);
#1076=DIRECTION('',(-1.E0,0.E0,0.E0));
#1077=VECTOR('',#1076,2.54E0);
#1078=CARTESIAN_POINT('',(1.177E1,-1.27E0,4.95E0));
#1079=LINE('',#1078,#1077);
#1080=DIRECTION('',(0.E0,-1.E0,0.E0));
#1081=VECTOR('',#1080,2.54E0);
#1082=CARTESIAN_POINT('',(1.177E1,1.27E0,4.95E0));
#1083=LINE('',#1082,#1081);
#1084=DIRECTION('',(0.E0,1.E0,0.E0));
#1085=VECTOR('',#1084,6.8E-1);
#1086=CARTESIAN_POINT('',(-1.242E1,-1.43E0,4.95E0));
#1087=LINE('',#1086,#1085);
#1088=DIRECTION('',(0.E0,1.E0,0.E0));
#1089=VECTOR('',#1088,2.E0);
#1090=CARTESIAN_POINT('',(-1.242E1,-7.5E-1,4.95E0));
#1091=LINE('',#1090,#1089);
#1092=DIRECTION('',(0.E0,1.E0,0.E0));
#1093=VECTOR('',#1092,6.8E-1);
#1094=CARTESIAN_POINT('',(-1.242E1,1.25E0,4.95E0));
#1095=LINE('',#1094,#1093);
#1096=DIRECTION('',(1.E0,0.E0,0.E0));
#1097=VECTOR('',#1096,2.484E1);
#1098=CARTESIAN_POINT('',(-1.242E1,1.93E0,4.95E0));
#1099=LINE('',#1098,#1097);
#1100=DIRECTION('',(0.E0,-1.E0,0.E0));
#1101=VECTOR('',#1100,6.8E-1);
#1102=CARTESIAN_POINT('',(1.242E1,1.93E0,4.95E0));
#1103=LINE('',#1102,#1101);
#1104=DIRECTION('',(0.E0,1.E0,0.E0));
#1105=VECTOR('',#1104,2.E0);
#1106=CARTESIAN_POINT('',(1.242E1,-7.5E-1,4.95E0));
#1107=LINE('',#1106,#1105);
#1108=DIRECTION('',(0.E0,-1.E0,0.E0));
#1109=VECTOR('',#1108,6.8E-1);
#1110=CARTESIAN_POINT('',(1.242E1,-7.5E-1,4.95E0));
#1111=LINE('',#1110,#1109);
#1112=DIRECTION('',(0.E0,1.E0,0.E0));
#1113=VECTOR('',#1112,5.E-1);
#1114=CARTESIAN_POINT('',(1.242E1,-1.93E0,4.95E0));
#1115=LINE('',#1114,#1113);
#1116=DIRECTION('',(0.E0,1.E0,0.E0));
#1117=VECTOR('',#1116,5.E-1);
#1118=CARTESIAN_POINT('',(-1.242E1,-1.93E0,4.95E0));
#1119=LINE('',#1118,#1117);
#1120=DIRECTION('',(0.E0,0.E0,-1.E0));
#1121=VECTOR('',#1120,6.6E0);
#1122=CARTESIAN_POINT('',(-9.23E0,1.27E0,4.95E0));
#1123=LINE('',#1122,#1121);
#1124=DIRECTION('',(0.E0,0.E0,-1.E0));
#1125=VECTOR('',#1124,6.6E0);
#1126=CARTESIAN_POINT('',(-9.23E0,-1.27E0,4.95E0));
#1127=LINE('',#1126,#1125);
#1128=DIRECTION('',(0.E0,0.E0,-1.E0));
#1129=VECTOR('',#1128,6.6E0);
#1130=CARTESIAN_POINT('',(-1.177E1,-1.27E0,4.95E0));
#1131=LINE('',#1130,#1129);
#1132=DIRECTION('',(0.E0,0.E0,-1.E0));
#1133=VECTOR('',#1132,6.6E0);
#1134=CARTESIAN_POINT('',(-1.177E1,1.27E0,4.95E0));
#1135=LINE('',#1134,#1133);
#1136=DIRECTION('',(0.E0,-1.E0,0.E0));
#1137=VECTOR('',#1136,2.54E0);
#1138=CARTESIAN_POINT('',(-9.23E0,1.27E0,-1.65E0));
#1139=LINE('',#1138,#1137);
#1140=DIRECTION('',(-1.E0,0.E0,0.E0));
#1141=VECTOR('',#1140,2.54E0);
#1142=CARTESIAN_POINT('',(-9.23E0,-1.27E0,-1.65E0));
#1143=LINE('',#1142,#1141);
#1144=DIRECTION('',(0.E0,1.E0,0.E0));
#1145=VECTOR('',#1144,2.54E0);
#1146=CARTESIAN_POINT('',(-1.177E1,-1.27E0,-1.65E0));
#1147=LINE('',#1146,#1145);
#1148=DIRECTION('',(1.E0,0.E0,0.E0));
#1149=VECTOR('',#1148,2.54E0);
#1150=CARTESIAN_POINT('',(-1.177E1,1.27E0,-1.65E0));
#1151=LINE('',#1150,#1149);
#1152=DIRECTION('',(-1.E0,0.E0,0.E0));
#1153=VECTOR('',#1152,1.84E0);
#1154=CARTESIAN_POINT('',(-6.93E0,-1.27E0,-1.65E0));
#1155=LINE('',#1154,#1153);
#1156=DIRECTION('',(0.E0,1.E0,0.E0));
#1157=VECTOR('',#1156,2.54E0);
#1158=CARTESIAN_POINT('',(-8.77E0,-1.27E0,-1.65E0));
#1159=LINE('',#1158,#1157);
#1160=DIRECTION('',(1.E0,0.E0,0.E0));
#1161=VECTOR('',#1160,2.54E0);
#1162=CARTESIAN_POINT('',(-8.77E0,1.27E0,-1.65E0));
#1163=LINE('',#1162,#1161);
#1164=DIRECTION('',(0.E0,-1.E0,0.E0));
#1165=VECTOR('',#1164,1.84E0);
#1166=CARTESIAN_POINT('',(-6.23E0,1.27E0,-1.65E0));
#1167=LINE('',#1166,#1165);
#1168=DIRECTION('',(-7.071067811865E-1,-7.071067811865E-1,0.E0));
#1169=VECTOR('',#1168,9.899494936612E-1);
#1170=CARTESIAN_POINT('',(-6.23E0,-5.7E-1,-1.65E0));
#1171=LINE('',#1170,#1169);
#1172=DIRECTION('',(-1.E0,0.E0,0.E0));
#1173=VECTOR('',#1172,1.84E0);
#1174=CARTESIAN_POINT('',(-3.93E0,-1.27E0,-1.65E0));
#1175=LINE('',#1174,#1173);
#1176=DIRECTION('',(0.E0,1.E0,0.E0));
#1177=VECTOR('',#1176,2.54E0);
#1178=CARTESIAN_POINT('',(-5.77E0,-1.27E0,-1.65E0));
#1179=LINE('',#1178,#1177);
#1180=DIRECTION('',(1.E0,0.E0,0.E0));
#1181=VECTOR('',#1180,2.54E0);
#1182=CARTESIAN_POINT('',(-5.77E0,1.27E0,-1.65E0));
#1183=LINE('',#1182,#1181);
#1184=DIRECTION('',(0.E0,-1.E0,0.E0));
#1185=VECTOR('',#1184,1.84E0);
#1186=CARTESIAN_POINT('',(-3.23E0,1.27E0,-1.65E0));
#1187=LINE('',#1186,#1185);
#1188=DIRECTION('',(-7.071067811865E-1,-7.071067811865E-1,0.E0));
#1189=VECTOR('',#1188,9.899494936612E-1);
#1190=CARTESIAN_POINT('',(-3.23E0,-5.7E-1,-1.65E0));
#1191=LINE('',#1190,#1189);
#1192=DIRECTION('',(-1.E0,0.E0,0.E0));
#1193=VECTOR('',#1192,1.84E0);
#1194=CARTESIAN_POINT('',(-2.3E-1,-1.27E0,-1.65E0));
#1195=LINE('',#1194,#1193);
#1196=DIRECTION('',(-7.071067811865E-1,7.071067811865E-1,0.E0));
#1197=VECTOR('',#1196,9.899494936612E-1);
#1198=CARTESIAN_POINT('',(-2.07E0,-1.27E0,-1.65E0));
#1199=LINE('',#1198,#1197);
#1200=DIRECTION('',(0.E0,1.E0,0.E0));
#1201=VECTOR('',#1200,1.84E0);
#1202=CARTESIAN_POINT('',(-2.77E0,-5.7E-1,-1.65E0));
#1203=LINE('',#1202,#1201);
#1204=DIRECTION('',(1.E0,0.E0,0.E0));
#1205=VECTOR('',#1204,2.54E0);
#1206=CARTESIAN_POINT('',(-2.77E0,1.27E0,-1.65E0));
#1207=LINE('',#1206,#1205);
#1208=DIRECTION('',(0.E0,-1.E0,0.E0));
#1209=VECTOR('',#1208,2.54E0);
#1210=CARTESIAN_POINT('',(-2.3E-1,1.27E0,-1.65E0));
#1211=LINE('',#1210,#1209);
#1212=DIRECTION('',(-1.E0,0.E0,0.E0));
#1213=VECTOR('',#1212,1.84E0);
#1214=CARTESIAN_POINT('',(2.77E0,-1.27E0,-1.65E0));
#1215=LINE('',#1214,#1213);
#1216=DIRECTION('',(-7.071067811865E-1,7.071067811865E-1,0.E0));
#1217=VECTOR('',#1216,9.899494936612E-1);
#1218=CARTESIAN_POINT('',(9.3E-1,-1.27E0,-1.65E0));
#1219=LINE('',#1218,#1217);
#1220=DIRECTION('',(0.E0,1.E0,0.E0));
#1221=VECTOR('',#1220,1.84E0);
#1222=CARTESIAN_POINT('',(2.3E-1,-5.7E-1,-1.65E0));
#1223=LINE('',#1222,#1221);
#1224=DIRECTION('',(1.E0,0.E0,0.E0));
#1225=VECTOR('',#1224,2.54E0);
#1226=CARTESIAN_POINT('',(2.3E-1,1.27E0,-1.65E0));
#1227=LINE('',#1226,#1225);
#1228=DIRECTION('',(0.E0,-1.E0,0.E0));
#1229=VECTOR('',#1228,2.54E0);
#1230=CARTESIAN_POINT('',(2.77E0,1.27E0,-1.65E0));
#1231=LINE('',#1230,#1229);
#1232=DIRECTION('',(0.E0,1.E0,0.E0));
#1233=VECTOR('',#1232,2.54E0);
#1234=CARTESIAN_POINT('',(3.23E0,-1.27E0,-1.65E0));
#1235=LINE('',#1234,#1233);
#1236=DIRECTION('',(1.E0,0.E0,0.E0));
#1237=VECTOR('',#1236,2.54E0);
#1238=CARTESIAN_POINT('',(3.23E0,1.27E0,-1.65E0));
#1239=LINE('',#1238,#1237);
#1240=DIRECTION('',(0.E0,-1.E0,0.E0));
#1241=VECTOR('',#1240,1.84E0);
#1242=CARTESIAN_POINT('',(5.77E0,1.27E0,-1.65E0));
#1243=LINE('',#1242,#1241);
#1244=DIRECTION('',(-7.071067811865E-1,-7.071067811865E-1,0.E0));
#1245=VECTOR('',#1244,9.899494936612E-1);
#1246=CARTESIAN_POINT('',(5.77E0,-5.7E-1,-1.65E0));
#1247=LINE('',#1246,#1245);
#1248=DIRECTION('',(-1.E0,0.E0,0.E0));
#1249=VECTOR('',#1248,1.84E0);
#1250=CARTESIAN_POINT('',(5.07E0,-1.27E0,-1.65E0));
#1251=LINE('',#1250,#1249);
#1252=DIRECTION('',(-7.071067811865E-1,-7.071067811865E-1,0.E0));
#1253=VECTOR('',#1252,9.899494936612E-1);
#1254=CARTESIAN_POINT('',(8.77E0,-5.7E-1,-1.65E0));
#1255=LINE('',#1254,#1253);
#1256=DIRECTION('',(-1.E0,0.E0,0.E0));
#1257=VECTOR('',#1256,1.84E0);
#1258=CARTESIAN_POINT('',(8.07E0,-1.27E0,-1.65E0));
#1259=LINE('',#1258,#1257);
#1260=DIRECTION('',(0.E0,1.E0,0.E0));
#1261=VECTOR('',#1260,2.54E0);
#1262=CARTESIAN_POINT('',(6.23E0,-1.27E0,-1.65E0));
#1263=LINE('',#1262,#1261);
#1264=DIRECTION('',(1.E0,0.E0,0.E0));
#1265=VECTOR('',#1264,2.54E0);
#1266=CARTESIAN_POINT('',(6.23E0,1.27E0,-1.65E0));
#1267=LINE('',#1266,#1265);
#1268=DIRECTION('',(0.E0,-1.E0,0.E0));
#1269=VECTOR('',#1268,1.84E0);
#1270=CARTESIAN_POINT('',(8.77E0,1.27E0,-1.65E0));
#1271=LINE('',#1270,#1269);
#1272=DIRECTION('',(1.E0,0.E0,0.E0));
#1273=VECTOR('',#1272,2.54E0);
#1274=CARTESIAN_POINT('',(9.23E0,1.27E0,-1.65E0));
#1275=LINE('',#1274,#1273);
#1276=DIRECTION('',(0.E0,-1.E0,0.E0));
#1277=VECTOR('',#1276,2.54E0);
#1278=CARTESIAN_POINT('',(1.177E1,1.27E0,-1.65E0));
#1279=LINE('',#1278,#1277);
#1280=DIRECTION('',(-1.E0,0.E0,0.E0));
#1281=VECTOR('',#1280,2.54E0);
#1282=CARTESIAN_POINT('',(1.177E1,-1.27E0,-1.65E0));
#1283=LINE('',#1282,#1281);
#1284=DIRECTION('',(0.E0,1.E0,0.E0));
#1285=VECTOR('',#1284,2.54E0);
#1286=CARTESIAN_POINT('',(9.23E0,-1.27E0,-1.65E0));
#1287=LINE('',#1286,#1285);
#1288=DIRECTION('',(0.E0,1.E0,0.E0));
#1289=VECTOR('',#1288,6.4E-1);
#1290=CARTESIAN_POINT('',(1.082E1,-3.2E-1,-1.65E0));
#1291=LINE('',#1290,#1289);
#1292=DIRECTION('',(1.E0,0.E0,0.E0));
#1293=VECTOR('',#1292,6.4E-1);
#1294=CARTESIAN_POINT('',(1.018E1,3.2E-1,-1.65E0));
#1295=LINE('',#1294,#1293);
#1296=DIRECTION('',(0.E0,1.E0,0.E0));
#1297=VECTOR('',#1296,6.4E-1);
#1298=CARTESIAN_POINT('',(1.018E1,-3.2E-1,-1.65E0));
#1299=LINE('',#1298,#1297);
#1300=DIRECTION('',(1.E0,0.E0,0.E0));
#1301=VECTOR('',#1300,6.4E-1);
#1302=CARTESIAN_POINT('',(1.018E1,-3.2E-1,-1.65E0));
#1303=LINE('',#1302,#1301);
#1304=DIRECTION('',(0.E0,1.E0,0.E0));
#1305=VECTOR('',#1304,6.4E-1);
#1306=CARTESIAN_POINT('',(7.82E0,-3.2E-1,-1.65E0));
#1307=LINE('',#1306,#1305);
#1308=DIRECTION('',(1.E0,0.E0,0.E0));
#1309=VECTOR('',#1308,6.4E-1);
#1310=CARTESIAN_POINT('',(7.18E0,3.2E-1,-1.65E0));
#1311=LINE('',#1310,#1309);
#1312=DIRECTION('',(0.E0,1.E0,0.E0));
#1313=VECTOR('',#1312,6.4E-1);
#1314=CARTESIAN_POINT('',(7.18E0,-3.2E-1,-1.65E0));
#1315=LINE('',#1314,#1313);
#1316=DIRECTION('',(1.E0,0.E0,0.E0));
#1317=VECTOR('',#1316,6.4E-1);
#1318=CARTESIAN_POINT('',(7.18E0,-3.2E-1,-1.65E0));
#1319=LINE('',#1318,#1317);
#1320=DIRECTION('',(0.E0,1.E0,0.E0));
#1321=VECTOR('',#1320,6.4E-1);
#1322=CARTESIAN_POINT('',(4.82E0,-3.2E-1,-1.65E0));
#1323=LINE('',#1322,#1321);
#1324=DIRECTION('',(1.E0,0.E0,0.E0));
#1325=VECTOR('',#1324,6.4E-1);
#1326=CARTESIAN_POINT('',(4.18E0,3.2E-1,-1.65E0));
#1327=LINE('',#1326,#1325);
#1328=DIRECTION('',(0.E0,1.E0,0.E0));
#1329=VECTOR('',#1328,6.4E-1);
#1330=CARTESIAN_POINT('',(4.18E0,-3.2E-1,-1.65E0));
#1331=LINE('',#1330,#1329);
#1332=DIRECTION('',(1.E0,0.E0,0.E0));
#1333=VECTOR('',#1332,6.4E-1);
#1334=CARTESIAN_POINT('',(4.18E0,-3.2E-1,-1.65E0));
#1335=LINE('',#1334,#1333);
#1336=DIRECTION('',(0.E0,1.E0,0.E0));
#1337=VECTOR('',#1336,6.4E-1);
#1338=CARTESIAN_POINT('',(1.82E0,-3.2E-1,-1.65E0));
#1339=LINE('',#1338,#1337);
#1340=DIRECTION('',(1.E0,0.E0,0.E0));
#1341=VECTOR('',#1340,6.4E-1);
#1342=CARTESIAN_POINT('',(1.18E0,3.2E-1,-1.65E0));
#1343=LINE('',#1342,#1341);
#1344=DIRECTION('',(0.E0,1.E0,0.E0));
#1345=VECTOR('',#1344,6.4E-1);
#1346=CARTESIAN_POINT('',(1.18E0,-3.2E-1,-1.65E0));
#1347=LINE('',#1346,#1345);
#1348=DIRECTION('',(1.E0,0.E0,0.E0));
#1349=VECTOR('',#1348,6.4E-1);
#1350=CARTESIAN_POINT('',(1.18E0,-3.2E-1,-1.65E0));
#1351=LINE('',#1350,#1349);
#1352=DIRECTION('',(0.E0,1.E0,0.E0));
#1353=VECTOR('',#1352,6.4E-1);
#1354=CARTESIAN_POINT('',(-1.18E0,-3.2E-1,-1.65E0));
#1355=LINE('',#1354,#1353);
#1356=DIRECTION('',(1.E0,0.E0,0.E0));
#1357=VECTOR('',#1356,6.4E-1);
#1358=CARTESIAN_POINT('',(-1.82E0,3.2E-1,-1.65E0));
#1359=LINE('',#1358,#1357);
#1360=DIRECTION('',(0.E0,1.E0,0.E0));
#1361=VECTOR('',#1360,6.4E-1);
#1362=CARTESIAN_POINT('',(-1.82E0,-3.2E-1,-1.65E0));
#1363=LINE('',#1362,#1361);
#1364=DIRECTION('',(1.E0,0.E0,0.E0));
#1365=VECTOR('',#1364,6.4E-1);
#1366=CARTESIAN_POINT('',(-1.82E0,-3.2E-1,-1.65E0));
#1367=LINE('',#1366,#1365);
#1368=DIRECTION('',(0.E0,1.E0,0.E0));
#1369=VECTOR('',#1368,6.4E-1);
#1370=CARTESIAN_POINT('',(-4.18E0,-3.2E-1,-1.65E0));
#1371=LINE('',#1370,#1369);
#1372=DIRECTION('',(1.E0,0.E0,0.E0));
#1373=VECTOR('',#1372,6.4E-1);
#1374=CARTESIAN_POINT('',(-4.82E0,3.2E-1,-1.65E0));
#1375=LINE('',#1374,#1373);
#1376=DIRECTION('',(0.E0,1.E0,0.E0));
#1377=VECTOR('',#1376,6.4E-1);
#1378=CARTESIAN_POINT('',(-4.82E0,-3.2E-1,-1.65E0));
#1379=LINE('',#1378,#1377);
#1380=DIRECTION('',(1.E0,0.E0,0.E0));
#1381=VECTOR('',#1380,6.4E-1);
#1382=CARTESIAN_POINT('',(-4.82E0,-3.2E-1,-1.65E0));
#1383=LINE('',#1382,#1381);
#1384=DIRECTION('',(0.E0,1.E0,0.E0));
#1385=VECTOR('',#1384,6.4E-1);
#1386=CARTESIAN_POINT('',(-7.18E0,-3.2E-1,-1.65E0));
#1387=LINE('',#1386,#1385);
#1388=DIRECTION('',(1.E0,0.E0,0.E0));
#1389=VECTOR('',#1388,6.4E-1);
#1390=CARTESIAN_POINT('',(-7.82E0,3.2E-1,-1.65E0));
#1391=LINE('',#1390,#1389);
#1392=DIRECTION('',(0.E0,1.E0,0.E0));
#1393=VECTOR('',#1392,6.4E-1);
#1394=CARTESIAN_POINT('',(-7.82E0,-3.2E-1,-1.65E0));
#1395=LINE('',#1394,#1393);
#1396=DIRECTION('',(1.E0,0.E0,0.E0));
#1397=VECTOR('',#1396,6.4E-1);
#1398=CARTESIAN_POINT('',(-7.82E0,-3.2E-1,-1.65E0));
#1399=LINE('',#1398,#1397);
#1400=DIRECTION('',(0.E0,1.E0,0.E0));
#1401=VECTOR('',#1400,6.4E-1);
#1402=CARTESIAN_POINT('',(-1.018E1,-3.2E-1,-1.65E0));
#1403=LINE('',#1402,#1401);
#1404=DIRECTION('',(1.E0,0.E0,0.E0));
#1405=VECTOR('',#1404,6.4E-1);
#1406=CARTESIAN_POINT('',(-1.082E1,3.2E-1,-1.65E0));
#1407=LINE('',#1406,#1405);
#1408=DIRECTION('',(0.E0,1.E0,0.E0));
#1409=VECTOR('',#1408,6.4E-1);
#1410=CARTESIAN_POINT('',(-1.082E1,-3.2E-1,-1.65E0));
#1411=LINE('',#1410,#1409);
#1412=DIRECTION('',(1.E0,0.E0,0.E0));
#1413=VECTOR('',#1412,6.4E-1);
#1414=CARTESIAN_POINT('',(-1.082E1,-3.2E-1,-1.65E0));
#1415=LINE('',#1414,#1413);
#1416=DIRECTION('',(0.E0,0.E0,-1.E0));
#1417=VECTOR('',#1416,6.6E0);
#1418=CARTESIAN_POINT('',(-6.93E0,-1.27E0,4.95E0));
#1419=LINE('',#1418,#1417);
#1420=DIRECTION('',(0.E0,0.E0,-1.E0));
#1421=VECTOR('',#1420,6.6E0);
#1422=CARTESIAN_POINT('',(-8.77E0,-1.27E0,4.95E0));
#1423=LINE('',#1422,#1421);
#1424=DIRECTION('',(0.E0,0.E0,-1.E0));
#1425=VECTOR('',#1424,6.6E0);
#1426=CARTESIAN_POINT('',(-8.77E0,1.27E0,4.95E0));
#1427=LINE('',#1426,#1425);
#1428=DIRECTION('',(0.E0,0.E0,-1.E0));
#1429=VECTOR('',#1428,6.6E0);
#1430=CARTESIAN_POINT('',(-6.23E0,1.27E0,4.95E0));
#1431=LINE('',#1430,#1429);
#1432=DIRECTION('',(0.E0,0.E0,-1.E0));
#1433=VECTOR('',#1432,6.6E0);
#1434=CARTESIAN_POINT('',(-6.23E0,-5.7E-1,4.95E0));
#1435=LINE('',#1434,#1433);
#1436=DIRECTION('',(0.E0,0.E0,-1.E0));
#1437=VECTOR('',#1436,6.6E0);
#1438=CARTESIAN_POINT('',(-3.93E0,-1.27E0,4.95E0));
#1439=LINE('',#1438,#1437);
#1440=DIRECTION('',(0.E0,0.E0,-1.E0));
#1441=VECTOR('',#1440,6.6E0);
#1442=CARTESIAN_POINT('',(-5.77E0,-1.27E0,4.95E0));
#1443=LINE('',#1442,#1441);
#1444=DIRECTION('',(0.E0,0.E0,-1.E0));
#1445=VECTOR('',#1444,6.6E0);
#1446=CARTESIAN_POINT('',(-5.77E0,1.27E0,4.95E0));
#1447=LINE('',#1446,#1445);
#1448=DIRECTION('',(0.E0,0.E0,-1.E0));
#1449=VECTOR('',#1448,6.6E0);
#1450=CARTESIAN_POINT('',(-3.23E0,1.27E0,4.95E0));
#1451=LINE('',#1450,#1449);
#1452=DIRECTION('',(0.E0,0.E0,-1.E0));
#1453=VECTOR('',#1452,6.6E0);
#1454=CARTESIAN_POINT('',(-3.23E0,-5.7E-1,4.95E0));
#1455=LINE('',#1454,#1453);
#1456=DIRECTION('',(0.E0,0.E0,-1.E0));
#1457=VECTOR('',#1456,6.6E0);
#1458=CARTESIAN_POINT('',(-2.3E-1,-1.27E0,4.95E0));
#1459=LINE('',#1458,#1457);
#1460=DIRECTION('',(0.E0,0.E0,-1.E0));
#1461=VECTOR('',#1460,6.6E0);
#1462=CARTESIAN_POINT('',(-2.07E0,-1.27E0,4.95E0));
#1463=LINE('',#1462,#1461);
#1464=DIRECTION('',(0.E0,0.E0,-1.E0));
#1465=VECTOR('',#1464,6.6E0);
#1466=CARTESIAN_POINT('',(-2.77E0,-5.7E-1,4.95E0));
#1467=LINE('',#1466,#1465);
#1468=DIRECTION('',(0.E0,0.E0,-1.E0));
#1469=VECTOR('',#1468,6.6E0);
#1470=CARTESIAN_POINT('',(-2.77E0,1.27E0,4.95E0));
#1471=LINE('',#1470,#1469);
#1472=DIRECTION('',(0.E0,0.E0,-1.E0));
#1473=VECTOR('',#1472,6.6E0);
#1474=CARTESIAN_POINT('',(-2.3E-1,1.27E0,4.95E0));
#1475=LINE('',#1474,#1473);
#1476=DIRECTION('',(0.E0,0.E0,-1.E0));
#1477=VECTOR('',#1476,6.6E0);
#1478=CARTESIAN_POINT('',(2.77E0,-1.27E0,4.95E0));
#1479=LINE('',#1478,#1477);
#1480=DIRECTION('',(0.E0,0.E0,-1.E0));
#1481=VECTOR('',#1480,6.6E0);
#1482=CARTESIAN_POINT('',(9.3E-1,-1.27E0,4.95E0));
#1483=LINE('',#1482,#1481);
#1484=DIRECTION('',(0.E0,0.E0,-1.E0));
#1485=VECTOR('',#1484,6.6E0);
#1486=CARTESIAN_POINT('',(2.3E-1,-5.7E-1,4.95E0));
#1487=LINE('',#1486,#1485);
#1488=DIRECTION('',(0.E0,0.E0,-1.E0));
#1489=VECTOR('',#1488,6.6E0);
#1490=CARTESIAN_POINT('',(2.3E-1,1.27E0,4.95E0));
#1491=LINE('',#1490,#1489);
#1492=DIRECTION('',(0.E0,0.E0,-1.E0));
#1493=VECTOR('',#1492,6.6E0);
#1494=CARTESIAN_POINT('',(2.77E0,1.27E0,4.95E0));
#1495=LINE('',#1494,#1493);
#1496=DIRECTION('',(0.E0,0.E0,-1.E0));
#1497=VECTOR('',#1496,6.6E0);
#1498=CARTESIAN_POINT('',(3.23E0,-1.27E0,4.95E0));
#1499=LINE('',#1498,#1497);
#1500=DIRECTION('',(0.E0,0.E0,-1.E0));
#1501=VECTOR('',#1500,6.6E0);
#1502=CARTESIAN_POINT('',(3.23E0,1.27E0,4.95E0));
#1503=LINE('',#1502,#1501);
#1504=DIRECTION('',(0.E0,0.E0,-1.E0));
#1505=VECTOR('',#1504,6.6E0);
#1506=CARTESIAN_POINT('',(5.77E0,1.27E0,4.95E0));
#1507=LINE('',#1506,#1505);
#1508=DIRECTION('',(0.E0,0.E0,-1.E0));
#1509=VECTOR('',#1508,6.6E0);
#1510=CARTESIAN_POINT('',(5.77E0,-5.7E-1,4.95E0));
#1511=LINE('',#1510,#1509);
#1512=DIRECTION('',(0.E0,0.E0,-1.E0));
#1513=VECTOR('',#1512,6.6E0);
#1514=CARTESIAN_POINT('',(5.07E0,-1.27E0,4.95E0));
#1515=LINE('',#1514,#1513);
#1516=DIRECTION('',(0.E0,0.E0,-1.E0));
#1517=VECTOR('',#1516,6.6E0);
#1518=CARTESIAN_POINT('',(8.77E0,-5.7E-1,4.95E0));
#1519=LINE('',#1518,#1517);
#1520=DIRECTION('',(0.E0,0.E0,-1.E0));
#1521=VECTOR('',#1520,6.6E0);
#1522=CARTESIAN_POINT('',(8.07E0,-1.27E0,4.95E0));
#1523=LINE('',#1522,#1521);
#1524=DIRECTION('',(0.E0,0.E0,-1.E0));
#1525=VECTOR('',#1524,6.6E0);
#1526=CARTESIAN_POINT('',(6.23E0,-1.27E0,4.95E0));
#1527=LINE('',#1526,#1525);
#1528=DIRECTION('',(0.E0,0.E0,-1.E0));
#1529=VECTOR('',#1528,6.6E0);
#1530=CARTESIAN_POINT('',(6.23E0,1.27E0,4.95E0));
#1531=LINE('',#1530,#1529);
#1532=DIRECTION('',(0.E0,0.E0,-1.E0));
#1533=VECTOR('',#1532,6.6E0);
#1534=CARTESIAN_POINT('',(8.77E0,1.27E0,4.95E0));
#1535=LINE('',#1534,#1533);
#1536=DIRECTION('',(0.E0,0.E0,-1.E0));
#1537=VECTOR('',#1536,6.6E0);
#1538=CARTESIAN_POINT('',(9.23E0,1.27E0,4.95E0));
#1539=LINE('',#1538,#1537);
#1540=DIRECTION('',(0.E0,0.E0,-1.E0));
#1541=VECTOR('',#1540,6.6E0);
#1542=CARTESIAN_POINT('',(9.23E0,-1.27E0,4.95E0));
#1543=LINE('',#1542,#1541);
#1544=DIRECTION('',(0.E0,0.E0,-1.E0));
#1545=VECTOR('',#1544,6.6E0);
#1546=CARTESIAN_POINT('',(1.177E1,-1.27E0,4.95E0));
#1547=LINE('',#1546,#1545);
#1548=DIRECTION('',(0.E0,0.E0,-1.E0));
#1549=VECTOR('',#1548,6.6E0);
#1550=CARTESIAN_POINT('',(1.177E1,1.27E0,4.95E0));
#1551=LINE('',#1550,#1549);
#1552=DIRECTION('',(0.E0,-1.E0,0.E0));
#1553=VECTOR('',#1552,5.55E-1);
#1554=CARTESIAN_POINT('',(1.082E1,-3.2E-1,-3.7E0));
#1555=LINE('',#1554,#1553);
#1556=DIRECTION('',(-1.776356839400E-13,0.E0,-1.E0));
#1557=VECTOR('',#1556,2.E-2);
#1558=CARTESIAN_POINT('',(1.082E1,-3.2E-1,-3.68E0));
#1559=LINE('',#1558,#1557);
#1560=DIRECTION('',(0.E0,0.E0,1.E0));
#1561=VECTOR('',#1560,6.E-2);
#1562=CARTESIAN_POINT('',(1.082E1,1.055E0,-4.34E0));
#1563=LINE('',#1562,#1561);
#1564=DIRECTION('',(0.E0,1.E0,0.E0));
#1565=VECTOR('',#1564,2.325E0);
#1566=CARTESIAN_POINT('',(1.082E1,-1.27E0,-4.34E0));
#1567=LINE('',#1566,#1565);
#1568=CARTESIAN_POINT('',(1.082E1,-1.65E0,-4.59E0));
#1569=DIRECTION('',(-1.E0,0.E0,0.E0));
#1570=DIRECTION('',(0.E0,-1.E0,0.E0));
#1571=AXIS2_PLACEMENT_3D('',#1568,#1569,#1570);
#1573=DIRECTION('',(0.E0,0.E0,1.E0));
#1574=VECTOR('',#1573,8.8E-1);
#1575=CARTESIAN_POINT('',(1.082E1,-1.9E0,-5.47E0));
#1576=LINE('',#1575,#1574);
#1577=CARTESIAN_POINT('',(1.082E1,-2.22E0,-5.47E0));
#1578=DIRECTION('',(1.E0,0.E0,0.E0));
#1579=DIRECTION('',(0.E0,-1.E0,0.E0));
#1580=AXIS2_PLACEMENT_3D('',#1577,#1578,#1579);
#1582=DIRECTION('',(0.E0,0.E0,-1.E0));
#1583=VECTOR('',#1582,8.8E-1);
#1584=CARTESIAN_POINT('',(1.082E1,-2.54E0,-4.59E0));
#1585=LINE('',#1584,#1583);
#1586=CARTESIAN_POINT('',(1.082E1,-1.65E0,-4.59E0));
#1587=DIRECTION('',(1.E0,0.E0,0.E0));
#1588=DIRECTION('',(0.E0,-3.370786516854E-2,9.994317284466E-1));
#1589=AXIS2_PLACEMENT_3D('',#1586,#1587,#1588);
#1591=DIRECTION('',(0.E0,-1.E0,0.E0));
#1592=VECTOR('',#1591,6.4E-1);
#1593=CARTESIAN_POINT('',(1.082E1,3.2E-1,2.06E0));
#1594=LINE('',#1593,#1592);
#1595=DIRECTION('',(0.E0,0.E0,1.E0));
#1596=VECTOR('',#1595,3.71E0);
#1597=CARTESIAN_POINT('',(1.082E1,3.2E-1,-1.65E0));
#1598=LINE('',#1597,#1596);
#1599=DIRECTION('',(0.E0,0.E0,-1.E0));
#1600=VECTOR('',#1599,3.71E0);
#1601=CARTESIAN_POINT('',(1.082E1,-3.2E-1,2.06E0));
#1602=LINE('',#1601,#1600);
#1603=DIRECTION('',(1.E0,0.E0,0.E0));
#1604=VECTOR('',#1603,9.6E-1);
#1605=CARTESIAN_POINT('',(-1.382E1,-8.75E-1,-4.28E0));
#1606=LINE('',#1605,#1604);
#1607=DIRECTION('',(1.E0,0.E0,0.E0));
#1608=VECTOR('',#1607,9.6E-1);
#1609=CARTESIAN_POINT('',(-1.382E1,-1.27E0,-4.28E0));
#1610=LINE('',#1609,#1608);
#1611=DIRECTION('',(0.E0,1.E0,0.E0));
#1612=VECTOR('',#1611,3.95E-1);
#1613=CARTESIAN_POINT('',(-1.286E1,-1.27E0,-4.28E0));
#1614=LINE('',#1613,#1612);
#1615=DIRECTION('',(1.E0,0.E0,0.E0));
#1616=VECTOR('',#1615,9.6E-1);
#1617=CARTESIAN_POINT('',(-1.382E1,8.75E-1,-4.28E0));
#1618=LINE('',#1617,#1616);
#1619=DIRECTION('',(0.E0,1.E0,0.E0));
#1620=VECTOR('',#1619,3.95E-1);
#1621=CARTESIAN_POINT('',(-1.286E1,8.75E-1,-4.28E0));
#1622=LINE('',#1621,#1620);
#1623=DIRECTION('',(1.E0,0.E0,0.E0));
#1624=VECTOR('',#1623,9.6E-1);
#1625=CARTESIAN_POINT('',(1.286E1,-8.75E-1,-4.28E0));
#1626=LINE('',#1625,#1624);
#1627=DIRECTION('',(0.E0,1.E0,0.E0));
#1628=VECTOR('',#1627,3.95E-1);
#1629=CARTESIAN_POINT('',(1.286E1,-1.27E0,-4.28E0));
#1630=LINE('',#1629,#1628);
#1631=DIRECTION('',(1.E0,0.E0,0.E0));
#1632=VECTOR('',#1631,9.6E-1);
#1633=CARTESIAN_POINT('',(1.286E1,-1.27E0,-4.28E0));
#1634=LINE('',#1633,#1632);
#1635=DIRECTION('',(0.E0,1.E0,0.E0));
#1636=VECTOR('',#1635,3.95E-1);
#1637=CARTESIAN_POINT('',(1.286E1,8.75E-1,-4.28E0));
#1638=LINE('',#1637,#1636);
#1639=DIRECTION('',(1.E0,0.E0,0.E0));
#1640=VECTOR('',#1639,9.6E-1);
#1641=CARTESIAN_POINT('',(1.286E1,8.75E-1,-4.28E0));
#1642=LINE('',#1641,#1640);
#1643=DIRECTION('',(1.E0,0.E0,0.E0));
#1644=VECTOR('',#1643,1.64E0);
#1645=CARTESIAN_POINT('',(1.082E1,-1.27E0,-4.28E0));
#1646=LINE('',#1645,#1644);
#1647=DIRECTION('',(0.E0,1.E0,0.E0));
#1648=VECTOR('',#1647,3.95E-1);
#1649=CARTESIAN_POINT('',(1.246E1,-1.27E0,-4.28E0));
#1650=LINE('',#1649,#1648);
#1651=DIRECTION('',(1.E0,0.E0,0.E0));
#1652=VECTOR('',#1651,1.64E0);
#1653=CARTESIAN_POINT('',(1.082E1,-8.75E-1,-4.28E0));
#1654=LINE('',#1653,#1652);
#1655=DIRECTION('',(0.E0,1.E0,0.E0));
#1656=VECTOR('',#1655,3.95E-1);
#1657=CARTESIAN_POINT('',(1.082E1,-1.27E0,-4.28E0));
#1658=LINE('',#1657,#1656);
#1659=DIRECTION('',(1.E0,0.E0,0.E0));
#1660=VECTOR('',#1659,1.64E0);
#1661=CARTESIAN_POINT('',(1.082E1,8.75E-1,-4.28E0));
#1662=LINE('',#1661,#1660);
#1663=DIRECTION('',(0.E0,1.E0,0.E0));
#1664=VECTOR('',#1663,3.95E-1);
#1665=CARTESIAN_POINT('',(1.246E1,8.75E-1,-4.28E0));
#1666=LINE('',#1665,#1664);
#1667=DIRECTION('',(0.E0,1.E0,0.E0));
#1668=VECTOR('',#1667,2.15E-1);
#1669=CARTESIAN_POINT('',(1.082E1,1.055E0,-4.28E0));
#1670=LINE('',#1669,#1668);
#1671=DIRECTION('',(0.E0,1.E0,0.E0));
#1672=VECTOR('',#1671,1.8E-1);
#1673=CARTESIAN_POINT('',(1.082E1,8.75E-1,-4.28E0));
#1674=LINE('',#1673,#1672);
#1675=DIRECTION('',(1.E0,0.E0,0.E0));
#1676=VECTOR('',#1675,2.36E0);
#1677=CARTESIAN_POINT('',(7.82E0,-1.27E0,-4.28E0));
#1678=LINE('',#1677,#1676);
#1679=DIRECTION('',(0.E0,1.E0,0.E0));
#1680=VECTOR('',#1679,3.95E-1);
#1681=CARTESIAN_POINT('',(1.018E1,-1.27E0,-4.28E0));
#1682=LINE('',#1681,#1680);
#1683=DIRECTION('',(1.E0,0.E0,0.E0));
#1684=VECTOR('',#1683,2.36E0);
#1685=CARTESIAN_POINT('',(7.82E0,-8.75E-1,-4.28E0));
#1686=LINE('',#1685,#1684);
#1687=DIRECTION('',(0.E0,1.E0,0.E0));
#1688=VECTOR('',#1687,3.95E-1);
#1689=CARTESIAN_POINT('',(7.82E0,-1.27E0,-4.28E0));
#1690=LINE('',#1689,#1688);
#1691=DIRECTION('',(1.E0,0.E0,0.E0));
#1692=VECTOR('',#1691,2.36E0);
#1693=CARTESIAN_POINT('',(7.82E0,8.75E-1,-4.28E0));
#1694=LINE('',#1693,#1692);
#1695=DIRECTION('',(0.E0,1.E0,0.E0));
#1696=VECTOR('',#1695,1.8E-1);
#1697=CARTESIAN_POINT('',(1.018E1,8.75E-1,-4.28E0));
#1698=LINE('',#1697,#1696);
#1699=DIRECTION('',(-2.478637450326E-14,1.E0,0.E0));
#1700=VECTOR('',#1699,2.15E-1);
#1701=CARTESIAN_POINT('',(1.018E1,1.055E0,-4.28E0));
#1702=LINE('',#1701,#1700);
#1703=DIRECTION('',(0.E0,1.E0,0.E0));
#1704=VECTOR('',#1703,2.15E-1);
#1705=CARTESIAN_POINT('',(7.82E0,1.055E0,-4.28E0));
#1706=LINE('',#1705,#1704);
#1707=DIRECTION('',(0.E0,1.E0,0.E0));
#1708=VECTOR('',#1707,1.8E-1);
#1709=CARTESIAN_POINT('',(7.82E0,8.75E-1,-4.28E0));
#1710=LINE('',#1709,#1708);
#1711=DIRECTION('',(1.E0,0.E0,0.E0));
#1712=VECTOR('',#1711,2.36E0);
#1713=CARTESIAN_POINT('',(4.82E0,-1.27E0,-4.28E0));
#1714=LINE('',#1713,#1712);
#1715=DIRECTION('',(0.E0,1.E0,0.E0));
#1716=VECTOR('',#1715,3.95E-1);
#1717=CARTESIAN_POINT('',(7.18E0,-1.27E0,-4.28E0));
#1718=LINE('',#1717,#1716);
#1719=DIRECTION('',(1.E0,0.E0,0.E0));
#1720=VECTOR('',#1719,2.36E0);
#1721=CARTESIAN_POINT('',(4.82E0,-8.75E-1,-4.28E0));
#1722=LINE('',#1721,#1720);
#1723=DIRECTION('',(0.E0,1.E0,0.E0));
#1724=VECTOR('',#1723,3.95E-1);
#1725=CARTESIAN_POINT('',(4.82E0,-1.27E0,-4.28E0));
#1726=LINE('',#1725,#1724);
#1727=DIRECTION('',(1.E0,0.E0,0.E0));
#1728=VECTOR('',#1727,2.36E0);
#1729=CARTESIAN_POINT('',(4.82E0,8.75E-1,-4.28E0));
#1730=LINE('',#1729,#1728);
#1731=DIRECTION('',(0.E0,1.E0,0.E0));
#1732=VECTOR('',#1731,1.8E-1);
#1733=CARTESIAN_POINT('',(7.18E0,8.75E-1,-4.28E0));
#1734=LINE('',#1733,#1732);
#1735=DIRECTION('',(-2.065531208605E-14,1.E0,0.E0));
#1736=VECTOR('',#1735,2.15E-1);
#1737=CARTESIAN_POINT('',(7.18E0,1.055E0,-4.28E0));
#1738=LINE('',#1737,#1736);
#1739=DIRECTION('',(0.E0,1.E0,0.E0));
#1740=VECTOR('',#1739,2.15E-1);
#1741=CARTESIAN_POINT('',(4.82E0,1.055E0,-4.28E0));
#1742=LINE('',#1741,#1740);
#1743=DIRECTION('',(0.E0,1.E0,0.E0));
#1744=VECTOR('',#1743,1.8E-1);
#1745=CARTESIAN_POINT('',(4.82E0,8.75E-1,-4.28E0));
#1746=LINE('',#1745,#1744);
#1747=DIRECTION('',(1.E0,0.E0,0.E0));
#1748=VECTOR('',#1747,2.36E0);
#1749=CARTESIAN_POINT('',(1.82E0,-1.27E0,-4.28E0));
#1750=LINE('',#1749,#1748);
#1751=DIRECTION('',(0.E0,1.E0,0.E0));
#1752=VECTOR('',#1751,3.95E-1);
#1753=CARTESIAN_POINT('',(4.18E0,-1.27E0,-4.28E0));
#1754=LINE('',#1753,#1752);
#1755=DIRECTION('',(1.E0,0.E0,0.E0));
#1756=VECTOR('',#1755,2.36E0);
#1757=CARTESIAN_POINT('',(1.82E0,-8.75E-1,-4.28E0));
#1758=LINE('',#1757,#1756);
#1759=DIRECTION('',(0.E0,1.E0,0.E0));
#1760=VECTOR('',#1759,3.95E-1);
#1761=CARTESIAN_POINT('',(1.82E0,-1.27E0,-4.28E0));
#1762=LINE('',#1761,#1760);
#1763=DIRECTION('',(1.E0,0.E0,0.E0));
#1764=VECTOR('',#1763,2.36E0);
#1765=CARTESIAN_POINT('',(1.82E0,8.75E-1,-4.28E0));
#1766=LINE('',#1765,#1764);
#1767=DIRECTION('',(0.E0,1.E0,0.E0));
#1768=VECTOR('',#1767,1.8E-1);
#1769=CARTESIAN_POINT('',(4.18E0,8.75E-1,-4.28E0));
#1770=LINE('',#1769,#1768);
#1771=DIRECTION('',(0.E0,1.E0,0.E0));
#1772=VECTOR('',#1771,2.15E-1);
#1773=CARTESIAN_POINT('',(4.18E0,1.055E0,-4.28E0));
#1774=LINE('',#1773,#1772);
#1775=DIRECTION('',(0.E0,1.E0,0.E0));
#1776=VECTOR('',#1775,2.15E-1);
#1777=CARTESIAN_POINT('',(1.82E0,1.055E0,-4.28E0));
#1778=LINE('',#1777,#1776);
#1779=DIRECTION('',(0.E0,1.E0,0.E0));
#1780=VECTOR('',#1779,1.8E-1);
#1781=CARTESIAN_POINT('',(1.82E0,8.75E-1,-4.28E0));
#1782=LINE('',#1781,#1780);
#1783=DIRECTION('',(1.E0,0.E0,0.E0));
#1784=VECTOR('',#1783,2.36E0);
#1785=CARTESIAN_POINT('',(-1.18E0,-1.27E0,-4.28E0));
#1786=LINE('',#1785,#1784);
#1787=DIRECTION('',(0.E0,1.E0,0.E0));
#1788=VECTOR('',#1787,3.95E-1);
#1789=CARTESIAN_POINT('',(1.18E0,-1.27E0,-4.28E0));
#1790=LINE('',#1789,#1788);
#1791=DIRECTION('',(1.E0,0.E0,0.E0));
#1792=VECTOR('',#1791,2.36E0);
#1793=CARTESIAN_POINT('',(-1.18E0,-8.75E-1,-4.28E0));
#1794=LINE('',#1793,#1792);
#1795=DIRECTION('',(0.E0,1.E0,0.E0));
#1796=VECTOR('',#1795,3.95E-1);
#1797=CARTESIAN_POINT('',(-1.18E0,-1.27E0,-4.28E0));
#1798=LINE('',#1797,#1796);
#1799=DIRECTION('',(1.E0,0.E0,0.E0));
#1800=VECTOR('',#1799,2.36E0);
#1801=CARTESIAN_POINT('',(-1.18E0,8.75E-1,-4.28E0));
#1802=LINE('',#1801,#1800);
#1803=DIRECTION('',(0.E0,1.E0,0.E0));
#1804=VECTOR('',#1803,1.8E-1);
#1805=CARTESIAN_POINT('',(1.18E0,8.75E-1,-4.28E0));
#1806=LINE('',#1805,#1804);
#1807=DIRECTION('',(0.E0,1.E0,0.E0));
#1808=VECTOR('',#1807,2.15E-1);
#1809=CARTESIAN_POINT('',(1.18E0,1.055E0,-4.28E0));
#1810=LINE('',#1809,#1808);
#1811=DIRECTION('',(0.E0,1.E0,0.E0));
#1812=VECTOR('',#1811,2.15E-1);
#1813=CARTESIAN_POINT('',(-1.18E0,1.055E0,-4.28E0));
#1814=LINE('',#1813,#1812);
#1815=DIRECTION('',(0.E0,1.E0,0.E0));
#1816=VECTOR('',#1815,1.8E-1);
#1817=CARTESIAN_POINT('',(-1.18E0,8.75E-1,-4.28E0));
#1818=LINE('',#1817,#1816);
#1819=DIRECTION('',(1.E0,0.E0,0.E0));
#1820=VECTOR('',#1819,2.36E0);
#1821=CARTESIAN_POINT('',(-4.18E0,-1.27E0,-4.28E0));
#1822=LINE('',#1821,#1820);
#1823=DIRECTION('',(0.E0,1.E0,0.E0));
#1824=VECTOR('',#1823,3.95E-1);
#1825=CARTESIAN_POINT('',(-1.82E0,-1.27E0,-4.28E0));
#1826=LINE('',#1825,#1824);
#1827=DIRECTION('',(1.E0,0.E0,0.E0));
#1828=VECTOR('',#1827,2.36E0);
#1829=CARTESIAN_POINT('',(-4.18E0,-8.75E-1,-4.28E0));
#1830=LINE('',#1829,#1828);
#1831=DIRECTION('',(0.E0,1.E0,0.E0));
#1832=VECTOR('',#1831,3.95E-1);
#1833=CARTESIAN_POINT('',(-4.18E0,-1.27E0,-4.28E0));
#1834=LINE('',#1833,#1832);
#1835=DIRECTION('',(1.E0,0.E0,0.E0));
#1836=VECTOR('',#1835,2.36E0);
#1837=CARTESIAN_POINT('',(-4.18E0,8.75E-1,-4.28E0));
#1838=LINE('',#1837,#1836);
#1839=DIRECTION('',(0.E0,1.E0,0.E0));
#1840=VECTOR('',#1839,1.8E-1);
#1841=CARTESIAN_POINT('',(-1.82E0,8.75E-1,-4.28E0));
#1842=LINE('',#1841,#1840);
#1843=DIRECTION('',(-1.032765604302E-14,1.E0,0.E0));
#1844=VECTOR('',#1843,2.15E-1);
#1845=CARTESIAN_POINT('',(-1.82E0,1.055E0,-4.28E0));
#1846=LINE('',#1845,#1844);
#1847=DIRECTION('',(0.E0,1.E0,0.E0));
#1848=VECTOR('',#1847,2.15E-1);
#1849=CARTESIAN_POINT('',(-4.18E0,1.055E0,-4.28E0));
#1850=LINE('',#1849,#1848);
#1851=DIRECTION('',(0.E0,1.E0,0.E0));
#1852=VECTOR('',#1851,1.8E-1);
#1853=CARTESIAN_POINT('',(-4.18E0,8.75E-1,-4.28E0));
#1854=LINE('',#1853,#1852);
#1855=DIRECTION('',(1.E0,0.E0,0.E0));
#1856=VECTOR('',#1855,2.36E0);
#1857=CARTESIAN_POINT('',(-7.18E0,-1.27E0,-4.28E0));
#1858=LINE('',#1857,#1856);
#1859=DIRECTION('',(0.E0,1.E0,0.E0));
#1860=VECTOR('',#1859,3.95E-1);
#1861=CARTESIAN_POINT('',(-4.82E0,-1.27E0,-4.28E0));
#1862=LINE('',#1861,#1860);
#1863=DIRECTION('',(1.E0,0.E0,0.E0));
#1864=VECTOR('',#1863,2.36E0);
#1865=CARTESIAN_POINT('',(-7.18E0,-8.75E-1,-4.28E0));
#1866=LINE('',#1865,#1864);
#1867=DIRECTION('',(0.E0,1.E0,0.E0));
#1868=VECTOR('',#1867,3.95E-1);
#1869=CARTESIAN_POINT('',(-7.18E0,-1.27E0,-4.28E0));
#1870=LINE('',#1869,#1868);
#1871=DIRECTION('',(1.E0,0.E0,0.E0));
#1872=VECTOR('',#1871,2.36E0);
#1873=CARTESIAN_POINT('',(-7.18E0,8.75E-1,-4.28E0));
#1874=LINE('',#1873,#1872);
#1875=DIRECTION('',(0.E0,1.E0,0.E0));
#1876=VECTOR('',#1875,1.8E-1);
#1877=CARTESIAN_POINT('',(-4.82E0,8.75E-1,-4.28E0));
#1878=LINE('',#1877,#1876);
#1879=DIRECTION('',(0.E0,1.E0,0.E0));
#1880=VECTOR('',#1879,2.15E-1);
#1881=CARTESIAN_POINT('',(-4.82E0,1.055E0,-4.28E0));
#1882=LINE('',#1881,#1880);
#1883=DIRECTION('',(0.E0,1.E0,0.E0));
#1884=VECTOR('',#1883,2.15E-1);
#1885=CARTESIAN_POINT('',(-7.18E0,1.055E0,-4.28E0));
#1886=LINE('',#1885,#1884);
#1887=DIRECTION('',(0.E0,1.E0,0.E0));
#1888=VECTOR('',#1887,1.8E-1);
#1889=CARTESIAN_POINT('',(-7.18E0,8.75E-1,-4.28E0));
#1890=LINE('',#1889,#1888);
#1891=DIRECTION('',(1.E0,0.E0,0.E0));
#1892=VECTOR('',#1891,2.36E0);
#1893=CARTESIAN_POINT('',(-1.018E1,-1.27E0,-4.28E0));
#1894=LINE('',#1893,#1892);
#1895=DIRECTION('',(0.E0,1.E0,0.E0));
#1896=VECTOR('',#1895,3.95E-1);
#1897=CARTESIAN_POINT('',(-7.82E0,-1.27E0,-4.28E0));
#1898=LINE('',#1897,#1896);
#1899=DIRECTION('',(1.E0,0.E0,0.E0));
#1900=VECTOR('',#1899,2.36E0);
#1901=CARTESIAN_POINT('',(-1.018E1,-8.75E-1,-4.28E0));
#1902=LINE('',#1901,#1900);
#1903=DIRECTION('',(0.E0,1.E0,0.E0));
#1904=VECTOR('',#1903,3.95E-1);
#1905=CARTESIAN_POINT('',(-1.018E1,-1.27E0,-4.28E0));
#1906=LINE('',#1905,#1904);
#1907=DIRECTION('',(1.E0,0.E0,0.E0));
#1908=VECTOR('',#1907,1.64E0);
#1909=CARTESIAN_POINT('',(-1.246E1,-8.75E-1,-4.28E0));
#1910=LINE('',#1909,#1908);
#1911=DIRECTION('',(0.E0,1.E0,0.E0));
#1912=VECTOR('',#1911,3.95E-1);
#1913=CARTESIAN_POINT('',(-1.246E1,-1.27E0,-4.28E0));
#1914=LINE('',#1913,#1912);
#1915=DIRECTION('',(1.E0,0.E0,0.E0));
#1916=VECTOR('',#1915,1.64E0);
#1917=CARTESIAN_POINT('',(-1.246E1,-1.27E0,-4.28E0));
#1918=LINE('',#1917,#1916);
#1919=DIRECTION('',(0.E0,1.E0,0.E0));
#1920=VECTOR('',#1919,3.95E-1);
#1921=CARTESIAN_POINT('',(-1.082E1,-1.27E0,-4.28E0));
#1922=LINE('',#1921,#1920);
#1923=DIRECTION('',(1.E0,0.E0,0.E0));
#1924=VECTOR('',#1923,2.36E0);
#1925=CARTESIAN_POINT('',(-1.018E1,8.75E-1,-4.28E0));
#1926=LINE('',#1925,#1924);
#1927=DIRECTION('',(-1.480297366167E-14,1.E0,0.E0));
#1928=VECTOR('',#1927,1.8E-1);
#1929=CARTESIAN_POINT('',(-7.82E0,8.75E-1,-4.28E0));
#1930=LINE('',#1929,#1928);
#1931=DIRECTION('',(-1.652424966884E-14,1.E0,0.E0));
#1932=VECTOR('',#1931,2.15E-1);
#1933=CARTESIAN_POINT('',(-7.82E0,1.055E0,-4.28E0));
#1934=LINE('',#1933,#1932);
#1935=DIRECTION('',(1.652424966884E-14,1.E0,0.E0));
#1936=VECTOR('',#1935,2.15E-1);
#1937=CARTESIAN_POINT('',(-1.018E1,1.055E0,-4.28E0));
#1938=LINE('',#1937,#1936);
#1939=DIRECTION('',(0.E0,1.E0,0.E0));
#1940=VECTOR('',#1939,1.8E-1);
#1941=CARTESIAN_POINT('',(-1.018E1,8.75E-1,-4.28E0));
#1942=LINE('',#1941,#1940);
#1943=DIRECTION('',(-1.652424966884E-14,1.E0,0.E0));
#1944=VECTOR('',#1943,2.15E-1);
#1945=CARTESIAN_POINT('',(-1.082E1,1.055E0,-4.28E0));
#1946=LINE('',#1945,#1944);
#1947=DIRECTION('',(0.E0,1.E0,0.E0));
#1948=VECTOR('',#1947,3.95E-1);
#1949=CARTESIAN_POINT('',(-1.246E1,8.75E-1,-4.28E0));
#1950=LINE('',#1949,#1948);
#1951=DIRECTION('',(1.E0,0.E0,0.E0));
#1952=VECTOR('',#1951,1.64E0);
#1953=CARTESIAN_POINT('',(-1.246E1,8.75E-1,-4.28E0));
#1954=LINE('',#1953,#1952);
#1955=DIRECTION('',(0.E0,1.E0,0.E0));
#1956=VECTOR('',#1955,1.8E-1);
#1957=CARTESIAN_POINT('',(-1.082E1,8.75E-1,-4.28E0));
#1958=LINE('',#1957,#1956);
#1959=DIRECTION('',(0.E0,0.E0,-1.E0));
#1960=VECTOR('',#1959,2.E-2);
#1961=CARTESIAN_POINT('',(1.082E1,-8.75E-1,-3.68E0));
#1962=LINE('',#1961,#1960);
#1963=DIRECTION('',(0.E0,0.E0,-1.E0));
#1964=VECTOR('',#1963,5.8E-1);
#1965=CARTESIAN_POINT('',(1.082E1,-8.75E-1,-3.7E0));
#1966=LINE('',#1965,#1964);
#1967=DIRECTION('',(0.E0,0.E0,-1.E0));
#1968=VECTOR('',#1967,5.8E-1);
#1969=CARTESIAN_POINT('',(1.018E1,-8.75E-1,-3.7E0));
#1970=LINE('',#1969,#1968);
#1971=DIRECTION('',(2.664535259100E-13,0.E0,-1.E0));
#1972=VECTOR('',#1971,2.E-2);
#1973=CARTESIAN_POINT('',(1.018E1,-8.75E-1,-3.68E0));
#1974=LINE('',#1973,#1972);
#1975=DIRECTION('',(0.E0,0.E0,-1.E0));
#1976=VECTOR('',#1975,2.E-2);
#1977=CARTESIAN_POINT('',(7.82E0,-8.75E-1,-3.68E0));
#1978=LINE('',#1977,#1976);
#1979=DIRECTION('',(0.E0,0.E0,-1.E0));
#1980=VECTOR('',#1979,5.8E-1);
#1981=CARTESIAN_POINT('',(7.82E0,-8.75E-1,-3.7E0));
#1982=LINE('',#1981,#1980);
#1983=DIRECTION('',(0.E0,0.E0,-1.E0));
#1984=VECTOR('',#1983,5.8E-1);
#1985=CARTESIAN_POINT('',(7.18E0,-8.75E-1,-3.7E0));
#1986=LINE('',#1985,#1984);
#1987=DIRECTION('',(2.220446049250E-13,0.E0,-1.E0));
#1988=VECTOR('',#1987,2.E-2);
#1989=CARTESIAN_POINT('',(7.18E0,-8.75E-1,-3.68E0));
#1990=LINE('',#1989,#1988);
#1991=DIRECTION('',(0.E0,0.E0,-1.E0));
#1992=VECTOR('',#1991,2.E-2);
#1993=CARTESIAN_POINT('',(4.82E0,-8.75E-1,-3.68E0));
#1994=LINE('',#1993,#1992);
#1995=DIRECTION('',(0.E0,0.E0,-1.E0));
#1996=VECTOR('',#1995,5.8E-1);
#1997=CARTESIAN_POINT('',(4.82E0,-8.75E-1,-3.7E0));
#1998=LINE('',#1997,#1996);
#1999=DIRECTION('',(0.E0,0.E0,-1.E0));
#2000=VECTOR('',#1999,5.8E-1);
#2001=CARTESIAN_POINT('',(4.18E0,-8.75E-1,-3.7E0));
#2002=LINE('',#2001,#2000);
#2003=DIRECTION('',(8.881784197001E-14,0.E0,-1.E0));
#2004=VECTOR('',#2003,2.E-2);
#2005=CARTESIAN_POINT('',(4.18E0,-8.75E-1,-3.68E0));
#2006=LINE('',#2005,#2004);
#2007=DIRECTION('',(-8.881784197001E-14,0.E0,-1.E0));
#2008=VECTOR('',#2007,2.E-2);
#2009=CARTESIAN_POINT('',(1.82E0,-8.75E-1,-3.68E0));
#2010=LINE('',#2009,#2008);
#2011=DIRECTION('',(0.E0,0.E0,-1.E0));
#2012=VECTOR('',#2011,5.8E-1);
#2013=CARTESIAN_POINT('',(1.82E0,-8.75E-1,-3.7E0));
#2014=LINE('',#2013,#2012);
#2015=DIRECTION('',(0.E0,0.E0,-1.E0));
#2016=VECTOR('',#2015,5.8E-1);
#2017=CARTESIAN_POINT('',(1.18E0,-8.75E-1,-3.7E0));
#2018=LINE('',#2017,#2016);
#2019=DIRECTION('',(4.440892098500E-14,0.E0,-1.E0));
#2020=VECTOR('',#2019,2.E-2);
#2021=CARTESIAN_POINT('',(1.18E0,-8.75E-1,-3.68E0));
#2022=LINE('',#2021,#2020);
#2023=DIRECTION('',(-4.440892098500E-14,0.E0,-1.E0));
#2024=VECTOR('',#2023,2.E-2);
#2025=CARTESIAN_POINT('',(-1.18E0,-8.75E-1,-3.68E0));
#2026=LINE('',#2025,#2024);
#2027=DIRECTION('',(0.E0,0.E0,-1.E0));
#2028=VECTOR('',#2027,5.8E-1);
#2029=CARTESIAN_POINT('',(-1.18E0,-8.75E-1,-3.7E0));
#2030=LINE('',#2029,#2028);
#2031=DIRECTION('',(0.E0,0.E0,-1.E0));
#2032=VECTOR('',#2031,5.8E-1);
#2033=CARTESIAN_POINT('',(-1.82E0,-8.75E-1,-3.7E0));
#2034=LINE('',#2033,#2032);
#2035=DIRECTION('',(1.110223024625E-13,0.E0,-1.E0));
#2036=VECTOR('',#2035,2.E-2);
#2037=CARTESIAN_POINT('',(-1.82E0,-8.75E-1,-3.68E0));
#2038=LINE('',#2037,#2036);
#2039=DIRECTION('',(-8.881784197001E-14,0.E0,-1.E0));
#2040=VECTOR('',#2039,2.E-2);
#2041=CARTESIAN_POINT('',(-4.18E0,-8.75E-1,-3.68E0));
#2042=LINE('',#2041,#2040);
#2043=DIRECTION('',(0.E0,0.E0,-1.E0));
#2044=VECTOR('',#2043,5.8E-1);
#2045=CARTESIAN_POINT('',(-4.18E0,-8.75E-1,-3.7E0));
#2046=LINE('',#2045,#2044);
#2047=DIRECTION('',(0.E0,0.E0,-1.E0));
#2048=VECTOR('',#2047,5.8E-1);
#2049=CARTESIAN_POINT('',(-4.82E0,-8.75E-1,-3.7E0));
#2050=LINE('',#2049,#2048);
#2051=DIRECTION('',(8.881784197001E-14,0.E0,-1.E0));
#2052=VECTOR('',#2051,2.E-2);
#2053=CARTESIAN_POINT('',(-4.82E0,-8.75E-1,-3.68E0));
#2054=LINE('',#2053,#2052);
#2055=DIRECTION('',(-8.881784197001E-14,0.E0,-1.E0));
#2056=VECTOR('',#2055,2.E-2);
#2057=CARTESIAN_POINT('',(-7.18E0,-8.75E-1,-3.68E0));
#2058=LINE('',#2057,#2056);
#2059=DIRECTION('',(0.E0,0.E0,-1.E0));
#2060=VECTOR('',#2059,5.8E-1);
#2061=CARTESIAN_POINT('',(-7.18E0,-8.75E-1,-3.7E0));
#2062=LINE('',#2061,#2060);
#2063=DIRECTION('',(0.E0,0.E0,-1.E0));
#2064=VECTOR('',#2063,5.8E-1);
#2065=CARTESIAN_POINT('',(-7.82E0,-8.75E-1,-3.7E0));
#2066=LINE('',#2065,#2064);
#2067=DIRECTION('',(1.776356839400E-13,0.E0,-1.E0));
#2068=VECTOR('',#2067,2.E-2);
#2069=CARTESIAN_POINT('',(-7.82E0,-8.75E-1,-3.68E0));
#2070=LINE('',#2069,#2068);
#2071=DIRECTION('',(-1.776356839400E-13,0.E0,-1.E0));
#2072=VECTOR('',#2071,2.E-2);
#2073=CARTESIAN_POINT('',(-1.018E1,-8.75E-1,-3.68E0));
#2074=LINE('',#2073,#2072);
#2075=DIRECTION('',(0.E0,0.E0,-1.E0));
#2076=VECTOR('',#2075,5.8E-1);
#2077=CARTESIAN_POINT('',(-1.018E1,-8.75E-1,-3.7E0));
#2078=LINE('',#2077,#2076);
#2079=DIRECTION('',(1.776356839400E-13,0.E0,-1.E0));
#2080=VECTOR('',#2079,2.E-2);
#2081=CARTESIAN_POINT('',(-1.082E1,-8.75E-1,-3.68E0));
#2082=LINE('',#2081,#2080);
#2083=DIRECTION('',(0.E0,0.E0,-1.E0));
#2084=VECTOR('',#2083,5.8E-1);
#2085=CARTESIAN_POINT('',(-1.082E1,-8.75E-1,-3.7E0));
#2086=LINE('',#2085,#2084);
#2087=DIRECTION('',(-1.E0,0.E0,0.E0));
#2088=VECTOR('',#2087,9.6E-1);
#2089=CARTESIAN_POINT('',(1.382E1,-8.75E-1,-3.68E0));
#2090=LINE('',#2089,#2088);
#2091=DIRECTION('',(1.E0,0.E0,0.E0));
#2092=VECTOR('',#2091,9.6E-1);
#2093=CARTESIAN_POINT('',(1.286E1,8.75E-1,-3.68E0));
#2094=LINE('',#2093,#2092);
#2095=DIRECTION('',(1.E0,0.E0,0.E0));
#2096=VECTOR('',#2095,9.6E-1);
#2097=CARTESIAN_POINT('',(-1.382E1,8.75E-1,-3.68E0));
#2098=LINE('',#2097,#2096);
#2099=DIRECTION('',(-1.E0,0.E0,0.E0));
#2100=VECTOR('',#2099,9.6E-1);
#2101=CARTESIAN_POINT('',(-1.286E1,-8.75E-1,-3.68E0));
#2102=LINE('',#2101,#2100);
#2103=DIRECTION('',(0.E0,-1.E0,0.E0));
#2104=VECTOR('',#2103,5.55E-1);
#2105=CARTESIAN_POINT('',(1.082E1,-3.2E-1,-3.68E0));
#2106=LINE('',#2105,#2104);
#2107=DIRECTION('',(-1.E0,0.E0,0.E0));
#2108=VECTOR('',#2107,1.64E0);
#2109=CARTESIAN_POINT('',(1.246E1,-8.75E-1,-3.68E0));
#2110=LINE('',#2109,#2108);
#2111=DIRECTION('',(1.E0,0.E0,0.E0));
#2112=VECTOR('',#2111,1.64E0);
#2113=CARTESIAN_POINT('',(1.082E1,8.75E-1,-3.68E0));
#2114=LINE('',#2113,#2112);
#2115=DIRECTION('',(0.E0,-1.E0,0.E0));
#2116=VECTOR('',#2115,1.195E0);
#2117=CARTESIAN_POINT('',(1.082E1,8.75E-1,-3.68E0));
#2118=LINE('',#2117,#2116);
#2119=DIRECTION('',(0.E0,-1.E0,0.E0));
#2120=VECTOR('',#2119,5.55E-1);
#2121=CARTESIAN_POINT('',(7.82E0,-3.2E-1,-3.68E0));
#2122=LINE('',#2121,#2120);
#2123=DIRECTION('',(-1.E0,0.E0,0.E0));
#2124=VECTOR('',#2123,2.36E0);
#2125=CARTESIAN_POINT('',(1.018E1,-8.75E-1,-3.68E0));
#2126=LINE('',#2125,#2124);
#2127=DIRECTION('',(0.E0,-1.E0,0.E0));
#2128=VECTOR('',#2127,5.55E-1);
#2129=CARTESIAN_POINT('',(1.018E1,-3.2E-1,-3.68E0));
#2130=LINE('',#2129,#2128);
#2131=DIRECTION('',(0.E0,-1.E0,0.E0));
#2132=VECTOR('',#2131,1.195E0);
#2133=CARTESIAN_POINT('',(1.018E1,8.75E-1,-3.68E0));
#2134=LINE('',#2133,#2132);
#2135=DIRECTION('',(1.E0,0.E0,0.E0));
#2136=VECTOR('',#2135,2.36E0);
#2137=CARTESIAN_POINT('',(7.82E0,8.75E-1,-3.68E0));
#2138=LINE('',#2137,#2136);
#2139=DIRECTION('',(0.E0,-1.E0,0.E0));
#2140=VECTOR('',#2139,1.195E0);
#2141=CARTESIAN_POINT('',(7.82E0,8.75E-1,-3.68E0));
#2142=LINE('',#2141,#2140);
#2143=DIRECTION('',(0.E0,-1.E0,0.E0));
#2144=VECTOR('',#2143,5.55E-1);
#2145=CARTESIAN_POINT('',(4.82E0,-3.2E-1,-3.68E0));
#2146=LINE('',#2145,#2144);
#2147=DIRECTION('',(-1.E0,0.E0,0.E0));
#2148=VECTOR('',#2147,2.36E0);
#2149=CARTESIAN_POINT('',(7.18E0,-8.75E-1,-3.68E0));
#2150=LINE('',#2149,#2148);
#2151=DIRECTION('',(0.E0,-1.E0,0.E0));
#2152=VECTOR('',#2151,5.55E-1);
#2153=CARTESIAN_POINT('',(7.18E0,-3.2E-1,-3.68E0));
#2154=LINE('',#2153,#2152);
#2155=DIRECTION('',(0.E0,-1.E0,0.E0));
#2156=VECTOR('',#2155,1.195E0);
#2157=CARTESIAN_POINT('',(7.18E0,8.75E-1,-3.68E0));
#2158=LINE('',#2157,#2156);
#2159=DIRECTION('',(1.E0,0.E0,0.E0));
#2160=VECTOR('',#2159,2.36E0);
#2161=CARTESIAN_POINT('',(4.82E0,8.75E-1,-3.68E0));
#2162=LINE('',#2161,#2160);
#2163=DIRECTION('',(0.E0,-1.E0,0.E0));
#2164=VECTOR('',#2163,1.195E0);
#2165=CARTESIAN_POINT('',(4.82E0,8.75E-1,-3.68E0));
#2166=LINE('',#2165,#2164);
#2167=DIRECTION('',(0.E0,-1.E0,0.E0));
#2168=VECTOR('',#2167,5.55E-1);
#2169=CARTESIAN_POINT('',(1.82E0,-3.2E-1,-3.68E0));
#2170=LINE('',#2169,#2168);
#2171=DIRECTION('',(-1.E0,0.E0,0.E0));
#2172=VECTOR('',#2171,2.36E0);
#2173=CARTESIAN_POINT('',(4.18E0,-8.75E-1,-3.68E0));
#2174=LINE('',#2173,#2172);
#2175=DIRECTION('',(0.E0,-1.E0,0.E0));
#2176=VECTOR('',#2175,5.55E-1);
#2177=CARTESIAN_POINT('',(4.18E0,-3.2E-1,-3.68E0));
#2178=LINE('',#2177,#2176);
#2179=DIRECTION('',(0.E0,-1.E0,0.E0));
#2180=VECTOR('',#2179,1.195E0);
#2181=CARTESIAN_POINT('',(4.18E0,8.75E-1,-3.68E0));
#2182=LINE('',#2181,#2180);
#2183=DIRECTION('',(1.E0,0.E0,0.E0));
#2184=VECTOR('',#2183,2.36E0);
#2185=CARTESIAN_POINT('',(1.82E0,8.75E-1,-3.68E0));
#2186=LINE('',#2185,#2184);
#2187=DIRECTION('',(0.E0,-1.E0,0.E0));
#2188=VECTOR('',#2187,1.195E0);
#2189=CARTESIAN_POINT('',(1.82E0,8.75E-1,-3.68E0));
#2190=LINE('',#2189,#2188);
#2191=DIRECTION('',(0.E0,-1.E0,0.E0));
#2192=VECTOR('',#2191,5.55E-1);
#2193=CARTESIAN_POINT('',(-1.18E0,-3.2E-1,-3.68E0));
#2194=LINE('',#2193,#2192);
#2195=DIRECTION('',(-1.E0,0.E0,0.E0));
#2196=VECTOR('',#2195,2.36E0);
#2197=CARTESIAN_POINT('',(1.18E0,-8.75E-1,-3.68E0));
#2198=LINE('',#2197,#2196);
#2199=DIRECTION('',(0.E0,-1.E0,0.E0));
#2200=VECTOR('',#2199,5.55E-1);
#2201=CARTESIAN_POINT('',(1.18E0,-3.2E-1,-3.68E0));
#2202=LINE('',#2201,#2200);
#2203=DIRECTION('',(0.E0,-1.E0,0.E0));
#2204=VECTOR('',#2203,1.195E0);
#2205=CARTESIAN_POINT('',(1.18E0,8.75E-1,-3.68E0));
#2206=LINE('',#2205,#2204);
#2207=DIRECTION('',(1.E0,0.E0,0.E0));
#2208=VECTOR('',#2207,2.36E0);
#2209=CARTESIAN_POINT('',(-1.18E0,8.75E-1,-3.68E0));
#2210=LINE('',#2209,#2208);
#2211=DIRECTION('',(0.E0,-1.E0,0.E0));
#2212=VECTOR('',#2211,1.195E0);
#2213=CARTESIAN_POINT('',(-1.18E0,8.75E-1,-3.68E0));
#2214=LINE('',#2213,#2212);
#2215=DIRECTION('',(0.E0,-1.E0,0.E0));
#2216=VECTOR('',#2215,5.55E-1);
#2217=CARTESIAN_POINT('',(-4.18E0,-3.2E-1,-3.68E0));
#2218=LINE('',#2217,#2216);
#2219=DIRECTION('',(-1.E0,0.E0,0.E0));
#2220=VECTOR('',#2219,2.36E0);
#2221=CARTESIAN_POINT('',(-1.82E0,-8.75E-1,-3.68E0));
#2222=LINE('',#2221,#2220);
#2223=DIRECTION('',(0.E0,-1.E0,0.E0));
#2224=VECTOR('',#2223,5.55E-1);
#2225=CARTESIAN_POINT('',(-1.82E0,-3.2E-1,-3.68E0));
#2226=LINE('',#2225,#2224);
#2227=DIRECTION('',(0.E0,-1.E0,0.E0));
#2228=VECTOR('',#2227,1.195E0);
#2229=CARTESIAN_POINT('',(-1.82E0,8.75E-1,-3.68E0));
#2230=LINE('',#2229,#2228);
#2231=DIRECTION('',(1.E0,0.E0,0.E0));
#2232=VECTOR('',#2231,2.36E0);
#2233=CARTESIAN_POINT('',(-4.18E0,8.75E-1,-3.68E0));
#2234=LINE('',#2233,#2232);
#2235=DIRECTION('',(0.E0,-1.E0,0.E0));
#2236=VECTOR('',#2235,1.195E0);
#2237=CARTESIAN_POINT('',(-4.18E0,8.75E-1,-3.68E0));
#2238=LINE('',#2237,#2236);
#2239=DIRECTION('',(0.E0,-1.E0,0.E0));
#2240=VECTOR('',#2239,5.55E-1);
#2241=CARTESIAN_POINT('',(-7.18E0,-3.2E-1,-3.68E0));
#2242=LINE('',#2241,#2240);
#2243=DIRECTION('',(-1.E0,0.E0,0.E0));
#2244=VECTOR('',#2243,2.36E0);
#2245=CARTESIAN_POINT('',(-4.82E0,-8.75E-1,-3.68E0));
#2246=LINE('',#2245,#2244);
#2247=DIRECTION('',(0.E0,-1.E0,0.E0));
#2248=VECTOR('',#2247,5.55E-1);
#2249=CARTESIAN_POINT('',(-4.82E0,-3.2E-1,-3.68E0));
#2250=LINE('',#2249,#2248);
#2251=DIRECTION('',(0.E0,-1.E0,0.E0));
#2252=VECTOR('',#2251,1.195E0);
#2253=CARTESIAN_POINT('',(-4.82E0,8.75E-1,-3.68E0));
#2254=LINE('',#2253,#2252);
#2255=DIRECTION('',(1.E0,0.E0,0.E0));
#2256=VECTOR('',#2255,2.36E0);
#2257=CARTESIAN_POINT('',(-7.18E0,8.75E-1,-3.68E0));
#2258=LINE('',#2257,#2256);
#2259=DIRECTION('',(0.E0,-1.E0,0.E0));
#2260=VECTOR('',#2259,1.195E0);
#2261=CARTESIAN_POINT('',(-7.18E0,8.75E-1,-3.68E0));
#2262=LINE('',#2261,#2260);
#2263=DIRECTION('',(0.E0,-1.E0,0.E0));
#2264=VECTOR('',#2263,5.55E-1);
#2265=CARTESIAN_POINT('',(-1.018E1,-3.2E-1,-3.68E0));
#2266=LINE('',#2265,#2264);
#2267=DIRECTION('',(-1.E0,0.E0,0.E0));
#2268=VECTOR('',#2267,2.36E0);
#2269=CARTESIAN_POINT('',(-7.82E0,-8.75E-1,-3.68E0));
#2270=LINE('',#2269,#2268);
#2271=DIRECTION('',(0.E0,-1.E0,0.E0));
#2272=VECTOR('',#2271,5.55E-1);
#2273=CARTESIAN_POINT('',(-7.82E0,-3.2E-1,-3.68E0));
#2274=LINE('',#2273,#2272);
#2275=DIRECTION('',(0.E0,-1.E0,0.E0));
#2276=VECTOR('',#2275,1.195E0);
#2277=CARTESIAN_POINT('',(-7.82E0,8.75E-1,-3.68E0));
#2278=LINE('',#2277,#2276);
#2279=DIRECTION('',(1.E0,0.E0,0.E0));
#2280=VECTOR('',#2279,2.36E0);
#2281=CARTESIAN_POINT('',(-1.018E1,8.75E-1,-3.68E0));
#2282=LINE('',#2281,#2280);
#2283=DIRECTION('',(0.E0,-1.E0,0.E0));
#2284=VECTOR('',#2283,1.195E0);
#2285=CARTESIAN_POINT('',(-1.018E1,8.75E-1,-3.68E0));
#2286=LINE('',#2285,#2284);
#2287=DIRECTION('',(1.E0,0.E0,0.E0));
#2288=VECTOR('',#2287,1.64E0);
#2289=CARTESIAN_POINT('',(-1.246E1,8.75E-1,-3.68E0));
#2290=LINE('',#2289,#2288);
#2291=DIRECTION('',(-1.E0,0.E0,0.E0));
#2292=VECTOR('',#2291,1.64E0);
#2293=CARTESIAN_POINT('',(-1.082E1,-8.75E-1,-3.68E0));
#2294=LINE('',#2293,#2292);
#2295=DIRECTION('',(0.E0,-1.E0,0.E0));
#2296=VECTOR('',#2295,5.55E-1);
#2297=CARTESIAN_POINT('',(-1.082E1,-3.2E-1,-3.68E0));
#2298=LINE('',#2297,#2296);
#2299=DIRECTION('',(0.E0,-1.E0,0.E0));
#2300=VECTOR('',#2299,1.195E0);
#2301=CARTESIAN_POINT('',(-1.082E1,8.75E-1,-3.68E0));
#2302=LINE('',#2301,#2300);
#2303=DIRECTION('',(0.E0,0.E0,-1.E0));
#2304=VECTOR('',#2303,6.E-1);
#2305=CARTESIAN_POINT('',(1.082E1,8.75E-1,-3.68E0));
#2306=LINE('',#2305,#2304);
#2307=DIRECTION('',(0.E0,0.E0,-1.E0));
#2308=VECTOR('',#2307,6.E-1);
#2309=CARTESIAN_POINT('',(1.018E1,8.75E-1,-3.68E0));
#2310=LINE('',#2309,#2308);
#2311=DIRECTION('',(0.E0,0.E0,-1.E0));
#2312=VECTOR('',#2311,6.E-1);
#2313=CARTESIAN_POINT('',(7.82E0,8.75E-1,-3.68E0));
#2314=LINE('',#2313,#2312);
#2315=DIRECTION('',(0.E0,0.E0,-1.E0));
#2316=VECTOR('',#2315,6.E-1);
#2317=CARTESIAN_POINT('',(7.18E0,8.75E-1,-3.68E0));
#2318=LINE('',#2317,#2316);
#2319=DIRECTION('',(0.E0,0.E0,-1.E0));
#2320=VECTOR('',#2319,6.E-1);
#2321=CARTESIAN_POINT('',(4.82E0,8.75E-1,-3.68E0));
#2322=LINE('',#2321,#2320);
#2323=DIRECTION('',(0.E0,0.E0,-1.E0));
#2324=VECTOR('',#2323,6.E-1);
#2325=CARTESIAN_POINT('',(4.18E0,8.75E-1,-3.68E0));
#2326=LINE('',#2325,#2324);
#2327=DIRECTION('',(0.E0,0.E0,-1.E0));
#2328=VECTOR('',#2327,6.E-1);
#2329=CARTESIAN_POINT('',(1.82E0,8.75E-1,-3.68E0));
#2330=LINE('',#2329,#2328);
#2331=DIRECTION('',(0.E0,0.E0,-1.E0));
#2332=VECTOR('',#2331,6.E-1);
#2333=CARTESIAN_POINT('',(1.18E0,8.75E-1,-3.68E0));
#2334=LINE('',#2333,#2332);
#2335=DIRECTION('',(0.E0,0.E0,-1.E0));
#2336=VECTOR('',#2335,6.E-1);
#2337=CARTESIAN_POINT('',(-1.18E0,8.75E-1,-3.68E0));
#2338=LINE('',#2337,#2336);
#2339=DIRECTION('',(0.E0,0.E0,-1.E0));
#2340=VECTOR('',#2339,6.E-1);
#2341=CARTESIAN_POINT('',(-1.82E0,8.75E-1,-3.68E0));
#2342=LINE('',#2341,#2340);
#2343=DIRECTION('',(0.E0,0.E0,-1.E0));
#2344=VECTOR('',#2343,6.E-1);
#2345=CARTESIAN_POINT('',(-4.18E0,8.75E-1,-3.68E0));
#2346=LINE('',#2345,#2344);
#2347=DIRECTION('',(0.E0,0.E0,-1.E0));
#2348=VECTOR('',#2347,6.E-1);
#2349=CARTESIAN_POINT('',(-4.82E0,8.75E-1,-3.68E0));
#2350=LINE('',#2349,#2348);
#2351=DIRECTION('',(0.E0,0.E0,-1.E0));
#2352=VECTOR('',#2351,6.E-1);
#2353=CARTESIAN_POINT('',(-7.18E0,8.75E-1,-3.68E0));
#2354=LINE('',#2353,#2352);
#2355=DIRECTION('',(0.E0,0.E0,-1.E0));
#2356=VECTOR('',#2355,6.E-1);
#2357=CARTESIAN_POINT('',(-7.82E0,8.75E-1,-3.68E0));
#2358=LINE('',#2357,#2356);
#2359=DIRECTION('',(0.E0,0.E0,-1.E0));
#2360=VECTOR('',#2359,6.E-1);
#2361=CARTESIAN_POINT('',(-1.018E1,8.75E-1,-3.68E0));
#2362=LINE('',#2361,#2360);
#2363=DIRECTION('',(0.E0,0.E0,-1.E0));
#2364=VECTOR('',#2363,6.E-1);
#2365=CARTESIAN_POINT('',(-1.082E1,8.75E-1,-3.68E0));
#2366=LINE('',#2365,#2364);
#2367=DIRECTION('',(0.E0,0.E0,-1.E0));
#2368=VECTOR('',#2367,1.9E0);
#2369=CARTESIAN_POINT('',(-1.382E1,-1.43E0,3.55E0));
#2370=LINE('',#2369,#2368);
#2371=DIRECTION('',(0.E0,0.E0,1.E0));
#2372=VECTOR('',#2371,4.75E0);
#2373=CARTESIAN_POINT('',(-1.382E1,-1.43E0,-3.1E0));
#2374=LINE('',#2373,#2372);
#2375=DIRECTION('',(0.E0,0.E0,-1.E0));
#2376=VECTOR('',#2375,1.85E0);
#2377=CARTESIAN_POINT('',(-1.382E1,-2.47E0,-3.1E0));
#2378=LINE('',#2377,#2376);
#2379=DIRECTION('',(0.E0,1.E0,0.E0));
#2380=VECTOR('',#2379,1.2E0);
#2381=CARTESIAN_POINT('',(-1.382E1,-2.47E0,-4.95E0));
#2382=LINE('',#2381,#2380);
#2383=DIRECTION('',(0.E0,0.E0,1.E0));
#2384=VECTOR('',#2383,6.7E-1);
#2385=CARTESIAN_POINT('',(-1.382E1,-1.27E0,-4.95E0));
#2386=LINE('',#2385,#2384);
#2387=DIRECTION('',(0.E0,1.E0,0.E0));
#2388=VECTOR('',#2387,3.95E-1);
#2389=CARTESIAN_POINT('',(-1.382E1,-1.27E0,-4.28E0));
#2390=LINE('',#2389,#2388);
#2391=DIRECTION('',(0.E0,0.E0,-1.E0));
#2392=VECTOR('',#2391,6.E-1);
#2393=CARTESIAN_POINT('',(-1.382E1,-8.75E-1,-3.68E0));
#2394=LINE('',#2393,#2392);
#2395=DIRECTION('',(0.E0,-1.E0,0.E0));
#2396=VECTOR('',#2395,1.75E0);
#2397=CARTESIAN_POINT('',(-1.382E1,8.75E-1,-3.68E0));
#2398=LINE('',#2397,#2396);
#2399=DIRECTION('',(0.E0,0.E0,-1.E0));
#2400=VECTOR('',#2399,6.E-1);
#2401=CARTESIAN_POINT('',(-1.382E1,8.75E-1,-3.68E0));
#2402=LINE('',#2401,#2400);
#2403=DIRECTION('',(0.E0,1.E0,0.E0));
#2404=VECTOR('',#2403,3.95E-1);
#2405=CARTESIAN_POINT('',(-1.382E1,8.75E-1,-4.28E0));
#2406=LINE('',#2405,#2404);
#2407=DIRECTION('',(0.E0,0.E0,-1.E0));
#2408=VECTOR('',#2407,6.7E-1);
#2409=CARTESIAN_POINT('',(-1.382E1,1.27E0,-4.28E0));
#2410=LINE('',#2409,#2408);
#2411=DIRECTION('',(0.E0,1.E0,0.E0));
#2412=VECTOR('',#2411,6.6E-1);
#2413=CARTESIAN_POINT('',(-1.382E1,1.27E0,-4.95E0));
#2414=LINE('',#2413,#2412);
#2415=DIRECTION('',(0.E0,0.E0,1.E0));
#2416=VECTOR('',#2415,8.5E0);
#2417=CARTESIAN_POINT('',(-1.382E1,1.93E0,-4.95E0));
#2418=LINE('',#2417,#2416);
#2419=DIRECTION('',(0.E0,1.E0,0.E0));
#2420=VECTOR('',#2419,6.8E-1);
#2421=CARTESIAN_POINT('',(-1.382E1,1.25E0,3.55E0));
#2422=LINE('',#2421,#2420);
#2423=DIRECTION('',(0.E0,1.E0,0.E0));
#2424=VECTOR('',#2423,2.E0);
#2425=CARTESIAN_POINT('',(-1.382E1,-7.5E-1,3.55E0));
#2426=LINE('',#2425,#2424);
#2427=DIRECTION('',(0.E0,1.E0,0.E0));
#2428=VECTOR('',#2427,6.8E-1);
#2429=CARTESIAN_POINT('',(-1.382E1,-1.43E0,3.55E0));
#2430=LINE('',#2429,#2428);
#2431=DIRECTION('',(0.E0,0.E0,-1.E0));
#2432=VECTOR('',#2431,6.7E-1);
#2433=CARTESIAN_POINT('',(1.286E1,1.27E0,-4.28E0));
#2434=LINE('',#2433,#2432);
#2435=DIRECTION('',(1.E0,0.E0,0.E0));
#2436=VECTOR('',#2435,9.6E-1);
#2437=CARTESIAN_POINT('',(1.286E1,1.27E0,-4.28E0));
#2438=LINE('',#2437,#2436);
#2439=DIRECTION('',(1.E0,0.E0,0.E0));
#2440=VECTOR('',#2439,9.6E-1);
#2441=CARTESIAN_POINT('',(-1.382E1,1.27E0,-4.28E0));
#2442=LINE('',#2441,#2440);
#2443=DIRECTION('',(0.E0,0.E0,-1.E0));
#2444=VECTOR('',#2443,6.7E-1);
#2445=CARTESIAN_POINT('',(-1.286E1,1.27E0,-4.28E0));
#2446=LINE('',#2445,#2444);
#2447=DIRECTION('',(0.E0,0.E0,-1.E0));
#2448=VECTOR('',#2447,6.7E-1);
#2449=CARTESIAN_POINT('',(1.082E1,1.27E0,-4.28E0));
#2450=LINE('',#2449,#2448);
#2451=DIRECTION('',(1.E0,0.E0,0.E0));
#2452=VECTOR('',#2451,1.64E0);
#2453=CARTESIAN_POINT('',(1.082E1,1.27E0,-4.28E0));
#2454=LINE('',#2453,#2452);
#2455=DIRECTION('',(0.E0,0.E0,-1.E0));
#2456=VECTOR('',#2455,6.7E-1);
#2457=CARTESIAN_POINT('',(1.246E1,1.27E0,-4.28E0));
#2458=LINE('',#2457,#2456);
#2459=DIRECTION('',(0.E0,0.E0,-1.E0));
#2460=VECTOR('',#2459,6.7E-1);
#2461=CARTESIAN_POINT('',(7.82E0,1.27E0,-4.28E0));
#2462=LINE('',#2461,#2460);
#2463=DIRECTION('',(1.E0,0.E0,0.E0));
#2464=VECTOR('',#2463,2.36E0);
#2465=CARTESIAN_POINT('',(7.82E0,1.27E0,-4.28E0));
#2466=LINE('',#2465,#2464);
#2467=DIRECTION('',(0.E0,0.E0,-1.E0));
#2468=VECTOR('',#2467,6.7E-1);
#2469=CARTESIAN_POINT('',(1.018E1,1.27E0,-4.28E0));
#2470=LINE('',#2469,#2468);
#2471=DIRECTION('',(0.E0,0.E0,-1.E0));
#2472=VECTOR('',#2471,6.7E-1);
#2473=CARTESIAN_POINT('',(4.82E0,1.27E0,-4.28E0));
#2474=LINE('',#2473,#2472);
#2475=DIRECTION('',(1.E0,0.E0,0.E0));
#2476=VECTOR('',#2475,2.36E0);
#2477=CARTESIAN_POINT('',(4.82E0,1.27E0,-4.28E0));
#2478=LINE('',#2477,#2476);
#2479=DIRECTION('',(0.E0,0.E0,-1.E0));
#2480=VECTOR('',#2479,6.7E-1);
#2481=CARTESIAN_POINT('',(7.18E0,1.27E0,-4.28E0));
#2482=LINE('',#2481,#2480);
#2483=DIRECTION('',(0.E0,0.E0,-1.E0));
#2484=VECTOR('',#2483,6.7E-1);
#2485=CARTESIAN_POINT('',(1.82E0,1.27E0,-4.28E0));
#2486=LINE('',#2485,#2484);
#2487=DIRECTION('',(1.E0,0.E0,0.E0));
#2488=VECTOR('',#2487,2.36E0);
#2489=CARTESIAN_POINT('',(1.82E0,1.27E0,-4.28E0));
#2490=LINE('',#2489,#2488);
#2491=DIRECTION('',(0.E0,0.E0,-1.E0));
#2492=VECTOR('',#2491,6.7E-1);
#2493=CARTESIAN_POINT('',(4.18E0,1.27E0,-4.28E0));
#2494=LINE('',#2493,#2492);
#2495=DIRECTION('',(0.E0,0.E0,-1.E0));
#2496=VECTOR('',#2495,6.7E-1);
#2497=CARTESIAN_POINT('',(-1.18E0,1.27E0,-4.28E0));
#2498=LINE('',#2497,#2496);
#2499=DIRECTION('',(1.E0,0.E0,0.E0));
#2500=VECTOR('',#2499,2.36E0);
#2501=CARTESIAN_POINT('',(-1.18E0,1.27E0,-4.28E0));
#2502=LINE('',#2501,#2500);
#2503=DIRECTION('',(0.E0,0.E0,-1.E0));
#2504=VECTOR('',#2503,6.7E-1);
#2505=CARTESIAN_POINT('',(1.18E0,1.27E0,-4.28E0));
#2506=LINE('',#2505,#2504);
#2507=DIRECTION('',(0.E0,0.E0,-1.E0));
#2508=VECTOR('',#2507,6.7E-1);
#2509=CARTESIAN_POINT('',(-4.18E0,1.27E0,-4.28E0));
#2510=LINE('',#2509,#2508);
#2511=DIRECTION('',(1.E0,0.E0,0.E0));
#2512=VECTOR('',#2511,2.36E0);
#2513=CARTESIAN_POINT('',(-4.18E0,1.27E0,-4.28E0));
#2514=LINE('',#2513,#2512);
#2515=DIRECTION('',(0.E0,0.E0,-1.E0));
#2516=VECTOR('',#2515,6.7E-1);
#2517=CARTESIAN_POINT('',(-1.82E0,1.27E0,-4.28E0));
#2518=LINE('',#2517,#2516);
#2519=DIRECTION('',(0.E0,0.E0,-1.E0));
#2520=VECTOR('',#2519,6.7E-1);
#2521=CARTESIAN_POINT('',(-7.18E0,1.27E0,-4.28E0));
#2522=LINE('',#2521,#2520);
#2523=DIRECTION('',(1.E0,0.E0,0.E0));
#2524=VECTOR('',#2523,2.36E0);
#2525=CARTESIAN_POINT('',(-7.18E0,1.27E0,-4.28E0));
#2526=LINE('',#2525,#2524);
#2527=DIRECTION('',(0.E0,0.E0,-1.E0));
#2528=VECTOR('',#2527,6.7E-1);
#2529=CARTESIAN_POINT('',(-4.82E0,1.27E0,-4.28E0));
#2530=LINE('',#2529,#2528);
#2531=DIRECTION('',(0.E0,0.E0,-1.E0));
#2532=VECTOR('',#2531,6.7E-1);
#2533=CARTESIAN_POINT('',(-1.082E1,1.27E0,-4.28E0));
#2534=LINE('',#2533,#2532);
#2535=DIRECTION('',(0.E0,0.E0,-1.E0));
#2536=VECTOR('',#2535,6.7E-1);
#2537=CARTESIAN_POINT('',(-1.246E1,1.27E0,-4.28E0));
#2538=LINE('',#2537,#2536);
#2539=DIRECTION('',(1.E0,0.E0,0.E0));
#2540=VECTOR('',#2539,1.64E0);
#2541=CARTESIAN_POINT('',(-1.246E1,1.27E0,-4.28E0));
#2542=LINE('',#2541,#2540);
#2543=DIRECTION('',(0.E0,0.E0,-1.E0));
#2544=VECTOR('',#2543,6.7E-1);
#2545=CARTESIAN_POINT('',(-1.018E1,1.27E0,-4.28E0));
#2546=LINE('',#2545,#2544);
#2547=DIRECTION('',(1.E0,0.E0,0.E0));
#2548=VECTOR('',#2547,2.36E0);
#2549=CARTESIAN_POINT('',(-1.018E1,1.27E0,-4.28E0));
#2550=LINE('',#2549,#2548);
#2551=DIRECTION('',(0.E0,0.E0,-1.E0));
#2552=VECTOR('',#2551,6.7E-1);
#2553=CARTESIAN_POINT('',(-7.82E0,1.27E0,-4.28E0));
#2554=LINE('',#2553,#2552);
#2555=DIRECTION('',(0.E0,1.E0,0.E0));
#2556=VECTOR('',#2555,6.6E-1);
#2557=CARTESIAN_POINT('',(1.286E1,1.27E0,-4.95E0));
#2558=LINE('',#2557,#2556);
#2559=DIRECTION('',(1.E0,0.E0,0.E0));
#2560=VECTOR('',#2559,9.6E-1);
#2561=CARTESIAN_POINT('',(1.286E1,1.27E0,-4.95E0));
#2562=LINE('',#2561,#2560);
#2563=DIRECTION('',(1.E0,0.E0,0.E0));
#2564=VECTOR('',#2563,9.6E-1);
#2565=CARTESIAN_POINT('',(-1.382E1,1.27E0,-4.95E0));
#2566=LINE('',#2565,#2564);
#2567=DIRECTION('',(0.E0,1.E0,0.E0));
#2568=VECTOR('',#2567,6.6E-1);
#2569=CARTESIAN_POINT('',(-1.286E1,1.27E0,-4.95E0));
#2570=LINE('',#2569,#2568);
#2571=DIRECTION('',(0.E0,1.E0,0.E0));
#2572=VECTOR('',#2571,6.6E-1);
#2573=CARTESIAN_POINT('',(1.082E1,1.27E0,-4.95E0));
#2574=LINE('',#2573,#2572);
#2575=DIRECTION('',(1.E0,0.E0,0.E0));
#2576=VECTOR('',#2575,1.64E0);
#2577=CARTESIAN_POINT('',(1.082E1,1.27E0,-4.95E0));
#2578=LINE('',#2577,#2576);
#2579=DIRECTION('',(0.E0,1.E0,0.E0));
#2580=VECTOR('',#2579,6.6E-1);
#2581=CARTESIAN_POINT('',(1.246E1,1.27E0,-4.95E0));
#2582=LINE('',#2581,#2580);
#2583=DIRECTION('',(0.E0,1.E0,0.E0));
#2584=VECTOR('',#2583,6.6E-1);
#2585=CARTESIAN_POINT('',(7.82E0,1.27E0,-4.95E0));
#2586=LINE('',#2585,#2584);
#2587=DIRECTION('',(1.E0,0.E0,0.E0));
#2588=VECTOR('',#2587,2.36E0);
#2589=CARTESIAN_POINT('',(7.82E0,1.27E0,-4.95E0));
#2590=LINE('',#2589,#2588);
#2591=DIRECTION('',(0.E0,1.E0,0.E0));
#2592=VECTOR('',#2591,6.6E-1);
#2593=CARTESIAN_POINT('',(1.018E1,1.27E0,-4.95E0));
#2594=LINE('',#2593,#2592);
#2595=DIRECTION('',(0.E0,1.E0,0.E0));
#2596=VECTOR('',#2595,6.6E-1);
#2597=CARTESIAN_POINT('',(4.82E0,1.27E0,-4.95E0));
#2598=LINE('',#2597,#2596);
#2599=DIRECTION('',(1.E0,0.E0,0.E0));
#2600=VECTOR('',#2599,2.36E0);
#2601=CARTESIAN_POINT('',(4.82E0,1.27E0,-4.95E0));
#2602=LINE('',#2601,#2600);
#2603=DIRECTION('',(0.E0,1.E0,0.E0));
#2604=VECTOR('',#2603,6.6E-1);
#2605=CARTESIAN_POINT('',(7.18E0,1.27E0,-4.95E0));
#2606=LINE('',#2605,#2604);
#2607=DIRECTION('',(0.E0,1.E0,0.E0));
#2608=VECTOR('',#2607,6.6E-1);
#2609=CARTESIAN_POINT('',(1.82E0,1.27E0,-4.95E0));
#2610=LINE('',#2609,#2608);
#2611=DIRECTION('',(1.E0,0.E0,0.E0));
#2612=VECTOR('',#2611,2.36E0);
#2613=CARTESIAN_POINT('',(1.82E0,1.27E0,-4.95E0));
#2614=LINE('',#2613,#2612);
#2615=DIRECTION('',(0.E0,1.E0,0.E0));
#2616=VECTOR('',#2615,6.6E-1);
#2617=CARTESIAN_POINT('',(4.18E0,1.27E0,-4.95E0));
#2618=LINE('',#2617,#2616);
#2619=DIRECTION('',(0.E0,1.E0,0.E0));
#2620=VECTOR('',#2619,6.6E-1);
#2621=CARTESIAN_POINT('',(-1.18E0,1.27E0,-4.95E0));
#2622=LINE('',#2621,#2620);
#2623=DIRECTION('',(1.E0,0.E0,0.E0));
#2624=VECTOR('',#2623,2.36E0);
#2625=CARTESIAN_POINT('',(-1.18E0,1.27E0,-4.95E0));
#2626=LINE('',#2625,#2624);
#2627=DIRECTION('',(0.E0,1.E0,0.E0));
#2628=VECTOR('',#2627,6.6E-1);
#2629=CARTESIAN_POINT('',(1.18E0,1.27E0,-4.95E0));
#2630=LINE('',#2629,#2628);
#2631=DIRECTION('',(0.E0,1.E0,0.E0));
#2632=VECTOR('',#2631,6.6E-1);
#2633=CARTESIAN_POINT('',(-4.18E0,1.27E0,-4.95E0));
#2634=LINE('',#2633,#2632);
#2635=DIRECTION('',(1.E0,0.E0,0.E0));
#2636=VECTOR('',#2635,2.36E0);
#2637=CARTESIAN_POINT('',(-4.18E0,1.27E0,-4.95E0));
#2638=LINE('',#2637,#2636);
#2639=DIRECTION('',(0.E0,1.E0,0.E0));
#2640=VECTOR('',#2639,6.6E-1);
#2641=CARTESIAN_POINT('',(-1.82E0,1.27E0,-4.95E0));
#2642=LINE('',#2641,#2640);
#2643=DIRECTION('',(0.E0,1.E0,0.E0));
#2644=VECTOR('',#2643,6.6E-1);
#2645=CARTESIAN_POINT('',(-7.18E0,1.27E0,-4.95E0));
#2646=LINE('',#2645,#2644);
#2647=DIRECTION('',(1.E0,0.E0,0.E0));
#2648=VECTOR('',#2647,2.36E0);
#2649=CARTESIAN_POINT('',(-7.18E0,1.27E0,-4.95E0));
#2650=LINE('',#2649,#2648);
#2651=DIRECTION('',(0.E0,1.E0,0.E0));
#2652=VECTOR('',#2651,6.6E-1);
#2653=CARTESIAN_POINT('',(-4.82E0,1.27E0,-4.95E0));
#2654=LINE('',#2653,#2652);
#2655=DIRECTION('',(0.E0,1.E0,0.E0));
#2656=VECTOR('',#2655,6.6E-1);
#2657=CARTESIAN_POINT('',(-1.082E1,1.27E0,-4.95E0));
#2658=LINE('',#2657,#2656);
#2659=DIRECTION('',(0.E0,1.E0,0.E0));
#2660=VECTOR('',#2659,6.6E-1);
#2661=CARTESIAN_POINT('',(-1.246E1,1.27E0,-4.95E0));
#2662=LINE('',#2661,#2660);
#2663=DIRECTION('',(1.E0,0.E0,0.E0));
#2664=VECTOR('',#2663,1.64E0);
#2665=CARTESIAN_POINT('',(-1.246E1,1.27E0,-4.95E0));
#2666=LINE('',#2665,#2664);
#2667=DIRECTION('',(0.E0,1.E0,0.E0));
#2668=VECTOR('',#2667,6.6E-1);
#2669=CARTESIAN_POINT('',(-1.018E1,1.27E0,-4.95E0));
#2670=LINE('',#2669,#2668);
#2671=DIRECTION('',(1.E0,0.E0,0.E0));
#2672=VECTOR('',#2671,2.36E0);
#2673=CARTESIAN_POINT('',(-1.018E1,1.27E0,-4.95E0));
#2674=LINE('',#2673,#2672);
#2675=DIRECTION('',(0.E0,1.E0,0.E0));
#2676=VECTOR('',#2675,6.6E-1);
#2677=CARTESIAN_POINT('',(-7.82E0,1.27E0,-4.95E0));
#2678=LINE('',#2677,#2676);
#2679=DIRECTION('',(0.E0,0.E0,1.E0));
#2680=VECTOR('',#2679,1.35E0);
#2681=CARTESIAN_POINT('',(-1.082E1,1.93E0,-4.95E0));
#2682=LINE('',#2681,#2680);
#2683=DIRECTION('',(1.E0,0.E0,0.E0));
#2684=VECTOR('',#2683,6.4E-1);
#2685=CARTESIAN_POINT('',(-1.082E1,1.93E0,-3.6E0));
#2686=LINE('',#2685,#2684);
#2687=DIRECTION('',(0.E0,0.E0,1.E0));
#2688=VECTOR('',#2687,1.35E0);
#2689=CARTESIAN_POINT('',(-1.018E1,1.93E0,-4.95E0));
#2690=LINE('',#2689,#2688);
#2691=DIRECTION('',(1.E0,0.E0,0.E0));
#2692=VECTOR('',#2691,2.36E0);
#2693=CARTESIAN_POINT('',(-1.018E1,1.93E0,-4.95E0));
#2694=LINE('',#2693,#2692);
#2695=DIRECTION('',(0.E0,0.E0,1.E0));
#2696=VECTOR('',#2695,1.35E0);
#2697=CARTESIAN_POINT('',(-7.82E0,1.93E0,-4.95E0));
#2698=LINE('',#2697,#2696);
#2699=DIRECTION('',(1.E0,0.E0,0.E0));
#2700=VECTOR('',#2699,6.4E-1);
#2701=CARTESIAN_POINT('',(-7.82E0,1.93E0,-3.6E0));
#2702=LINE('',#2701,#2700);
#2703=DIRECTION('',(0.E0,0.E0,1.E0));
#2704=VECTOR('',#2703,1.35E0);
#2705=CARTESIAN_POINT('',(-7.18E0,1.93E0,-4.95E0));
#2706=LINE('',#2705,#2704);
#2707=DIRECTION('',(1.E0,0.E0,0.E0));
#2708=VECTOR('',#2707,2.36E0);
#2709=CARTESIAN_POINT('',(-7.18E0,1.93E0,-4.95E0));
#2710=LINE('',#2709,#2708);
#2711=DIRECTION('',(0.E0,0.E0,1.E0));
#2712=VECTOR('',#2711,1.35E0);
#2713=CARTESIAN_POINT('',(-4.82E0,1.93E0,-4.95E0));
#2714=LINE('',#2713,#2712);
#2715=DIRECTION('',(1.E0,0.E0,0.E0));
#2716=VECTOR('',#2715,6.4E-1);
#2717=CARTESIAN_POINT('',(-4.82E0,1.93E0,-3.6E0));
#2718=LINE('',#2717,#2716);
#2719=DIRECTION('',(0.E0,0.E0,1.E0));
#2720=VECTOR('',#2719,1.35E0);
#2721=CARTESIAN_POINT('',(-4.18E0,1.93E0,-4.95E0));
#2722=LINE('',#2721,#2720);
#2723=DIRECTION('',(1.E0,0.E0,0.E0));
#2724=VECTOR('',#2723,2.36E0);
#2725=CARTESIAN_POINT('',(-4.18E0,1.93E0,-4.95E0));
#2726=LINE('',#2725,#2724);
#2727=DIRECTION('',(0.E0,0.E0,1.E0));
#2728=VECTOR('',#2727,1.35E0);
#2729=CARTESIAN_POINT('',(-1.82E0,1.93E0,-4.95E0));
#2730=LINE('',#2729,#2728);
#2731=DIRECTION('',(1.E0,0.E0,0.E0));
#2732=VECTOR('',#2731,6.4E-1);
#2733=CARTESIAN_POINT('',(-1.82E0,1.93E0,-3.6E0));
#2734=LINE('',#2733,#2732);
#2735=DIRECTION('',(0.E0,0.E0,1.E0));
#2736=VECTOR('',#2735,1.35E0);
#2737=CARTESIAN_POINT('',(-1.18E0,1.93E0,-4.95E0));
#2738=LINE('',#2737,#2736);
#2739=DIRECTION('',(1.E0,0.E0,0.E0));
#2740=VECTOR('',#2739,2.36E0);
#2741=CARTESIAN_POINT('',(-1.18E0,1.93E0,-4.95E0));
#2742=LINE('',#2741,#2740);
#2743=DIRECTION('',(0.E0,0.E0,1.E0));
#2744=VECTOR('',#2743,1.35E0);
#2745=CARTESIAN_POINT('',(1.18E0,1.93E0,-4.95E0));
#2746=LINE('',#2745,#2744);
#2747=DIRECTION('',(1.E0,0.E0,0.E0));
#2748=VECTOR('',#2747,6.4E-1);
#2749=CARTESIAN_POINT('',(1.18E0,1.93E0,-3.6E0));
#2750=LINE('',#2749,#2748);
#2751=DIRECTION('',(0.E0,0.E0,1.E0));
#2752=VECTOR('',#2751,1.35E0);
#2753=CARTESIAN_POINT('',(1.82E0,1.93E0,-4.95E0));
#2754=LINE('',#2753,#2752);
#2755=DIRECTION('',(1.E0,0.E0,0.E0));
#2756=VECTOR('',#2755,2.36E0);
#2757=CARTESIAN_POINT('',(1.82E0,1.93E0,-4.95E0));
#2758=LINE('',#2757,#2756);
#2759=DIRECTION('',(0.E0,0.E0,1.E0));
#2760=VECTOR('',#2759,1.35E0);
#2761=CARTESIAN_POINT('',(4.18E0,1.93E0,-4.95E0));
#2762=LINE('',#2761,#2760);
#2763=DIRECTION('',(1.E0,0.E0,0.E0));
#2764=VECTOR('',#2763,6.4E-1);
#2765=CARTESIAN_POINT('',(4.18E0,1.93E0,-3.6E0));
#2766=LINE('',#2765,#2764);
#2767=DIRECTION('',(0.E0,0.E0,1.E0));
#2768=VECTOR('',#2767,1.35E0);
#2769=CARTESIAN_POINT('',(4.82E0,1.93E0,-4.95E0));
#2770=LINE('',#2769,#2768);
#2771=DIRECTION('',(1.E0,0.E0,0.E0));
#2772=VECTOR('',#2771,2.36E0);
#2773=CARTESIAN_POINT('',(4.82E0,1.93E0,-4.95E0));
#2774=LINE('',#2773,#2772);
#2775=DIRECTION('',(0.E0,0.E0,1.E0));
#2776=VECTOR('',#2775,1.35E0);
#2777=CARTESIAN_POINT('',(7.18E0,1.93E0,-4.95E0));
#2778=LINE('',#2777,#2776);
#2779=DIRECTION('',(1.E0,0.E0,0.E0));
#2780=VECTOR('',#2779,6.4E-1);
#2781=CARTESIAN_POINT('',(7.18E0,1.93E0,-3.6E0));
#2782=LINE('',#2781,#2780);
#2783=DIRECTION('',(0.E0,0.E0,1.E0));
#2784=VECTOR('',#2783,1.35E0);
#2785=CARTESIAN_POINT('',(7.82E0,1.93E0,-4.95E0));
#2786=LINE('',#2785,#2784);
#2787=DIRECTION('',(1.E0,0.E0,0.E0));
#2788=VECTOR('',#2787,2.36E0);
#2789=CARTESIAN_POINT('',(7.82E0,1.93E0,-4.95E0));
#2790=LINE('',#2789,#2788);
#2791=DIRECTION('',(0.E0,0.E0,1.E0));
#2792=VECTOR('',#2791,1.35E0);
#2793=CARTESIAN_POINT('',(1.018E1,1.93E0,-4.95E0));
#2794=LINE('',#2793,#2792);
#2795=DIRECTION('',(1.E0,0.E0,0.E0));
#2796=VECTOR('',#2795,6.4E-1);
#2797=CARTESIAN_POINT('',(1.018E1,1.93E0,-3.6E0));
#2798=LINE('',#2797,#2796);
#2799=DIRECTION('',(0.E0,0.E0,1.E0));
#2800=VECTOR('',#2799,1.35E0);
#2801=CARTESIAN_POINT('',(1.082E1,1.93E0,-4.95E0));
#2802=LINE('',#2801,#2800);
#2803=DIRECTION('',(1.E0,0.E0,0.E0));
#2804=VECTOR('',#2803,1.64E0);
#2805=CARTESIAN_POINT('',(1.082E1,1.93E0,-4.95E0));
#2806=LINE('',#2805,#2804);
#2807=DIRECTION('',(0.E0,0.E0,1.E0));
#2808=VECTOR('',#2807,1.7E0);
#2809=CARTESIAN_POINT('',(1.246E1,1.93E0,-4.95E0));
#2810=LINE('',#2809,#2808);
#2811=DIRECTION('',(1.E0,0.E0,0.E0));
#2812=VECTOR('',#2811,4.E-1);
#2813=CARTESIAN_POINT('',(1.246E1,1.93E0,-3.25E0));
#2814=LINE('',#2813,#2812);
#2815=DIRECTION('',(0.E0,0.E0,1.E0));
#2816=VECTOR('',#2815,1.7E0);
#2817=CARTESIAN_POINT('',(1.286E1,1.93E0,-4.95E0));
#2818=LINE('',#2817,#2816);
#2819=DIRECTION('',(1.E0,0.E0,0.E0));
#2820=VECTOR('',#2819,9.6E-1);
#2821=CARTESIAN_POINT('',(1.286E1,1.93E0,-4.95E0));
#2822=LINE('',#2821,#2820);
#2823=DIRECTION('',(7.071067811865E-1,0.E0,-7.071067811865E-1));
#2824=VECTOR('',#2823,1.979898987322E0);
#2825=CARTESIAN_POINT('',(1.242E1,1.93E0,4.95E0));
#2826=LINE('',#2825,#2824);
#2827=DIRECTION('',(7.071067811865E-1,0.E0,7.071067811865E-1));
#2828=VECTOR('',#2827,1.979898987322E0);
#2829=CARTESIAN_POINT('',(-1.382E1,1.93E0,3.55E0));
#2830=LINE('',#2829,#2828);
#2831=DIRECTION('',(1.E0,0.E0,0.E0));
#2832=VECTOR('',#2831,9.6E-1);
#2833=CARTESIAN_POINT('',(-1.382E1,1.93E0,-4.95E0));
#2834=LINE('',#2833,#2832);
#2835=DIRECTION('',(0.E0,0.E0,1.E0));
#2836=VECTOR('',#2835,1.7E0);
#2837=CARTESIAN_POINT('',(-1.286E1,1.93E0,-4.95E0));
#2838=LINE('',#2837,#2836);
#2839=DIRECTION('',(1.E0,0.E0,0.E0));
#2840=VECTOR('',#2839,4.E-1);
#2841=CARTESIAN_POINT('',(-1.286E1,1.93E0,-3.25E0));
#2842=LINE('',#2841,#2840);
#2843=DIRECTION('',(0.E0,0.E0,1.E0));
#2844=VECTOR('',#2843,1.7E0);
#2845=CARTESIAN_POINT('',(-1.246E1,1.93E0,-4.95E0));
#2846=LINE('',#2845,#2844);
#2847=DIRECTION('',(1.E0,0.E0,0.E0));
#2848=VECTOR('',#2847,1.64E0);
#2849=CARTESIAN_POINT('',(-1.246E1,1.93E0,-4.95E0));
#2850=LINE('',#2849,#2848);
#2851=DIRECTION('',(0.E0,1.E0,0.E0));
#2852=VECTOR('',#2851,3.8E-1);
#2853=CARTESIAN_POINT('',(-1.082E1,-1.65E0,-4.34E0));
#2854=LINE('',#2853,#2852);
#2855=CARTESIAN_POINT('',(-1.082E1,-1.65E0,-4.59E0));
#2856=DIRECTION('',(1.E0,0.E0,0.E0));
#2857=DIRECTION('',(0.E0,0.E0,1.E0));
#2858=AXIS2_PLACEMENT_3D('',#2855,#2856,#2857);
#2860=DIRECTION('',(0.E0,0.E0,-1.E0));
#2861=VECTOR('',#2860,6.8E-1);
#2862=CARTESIAN_POINT('',(-1.082E1,1.055E0,-3.6E0));
#2863=LINE('',#2862,#2861);
#2864=DIRECTION('',(2.220446049250E-14,0.E0,-1.E0));
#2865=VECTOR('',#2864,8.E-2);
#2866=CARTESIAN_POINT('',(-1.082E1,-3.2E-1,-3.6E0));
#2867=LINE('',#2866,#2865);
#2868=DIRECTION('',(0.E0,-1.E0,0.E0));
#2869=VECTOR('',#2868,7.75E-1);
#2870=CARTESIAN_POINT('',(-1.082E1,-8.75E-1,-3.7E0));
#2871=LINE('',#2870,#2869);
#2872=CARTESIAN_POINT('',(-1.082E1,-1.65E0,-4.59E0));
#2873=DIRECTION('',(1.E0,0.E0,0.E0));
#2874=DIRECTION('',(0.E0,0.E0,1.E0));
#2875=AXIS2_PLACEMENT_3D('',#2872,#2873,#2874);
#2877=DIRECTION('',(-1.E0,0.E0,0.E0));
#2878=VECTOR('',#2877,6.4E-1);
#2879=CARTESIAN_POINT('',(-1.018E1,-1.65E0,-4.34E0));
#2880=LINE('',#2879,#2878);
#2881=DIRECTION('',(-1.E0,0.E0,0.E0));
#2882=VECTOR('',#2881,6.4E-1);
#2883=CARTESIAN_POINT('',(-1.018E1,-1.9E0,-4.59E0));
#2884=LINE('',#2883,#2882);
#2885=DIRECTION('',(0.E0,1.E0,0.E0));
#2886=VECTOR('',#2885,2.325E0);
#2887=CARTESIAN_POINT('',(-1.082E1,-1.27E0,-4.34E0));
#2888=LINE('',#2887,#2886);
#2889=DIRECTION('',(-5.921189464668E-14,0.E0,1.E0));
#2890=VECTOR('',#2889,6.E-2);
#2891=CARTESIAN_POINT('',(-1.082E1,1.055E0,-4.34E0));
#2892=LINE('',#2891,#2890);
#2893=DIRECTION('',(0.E0,0.E0,-1.E0));
#2894=VECTOR('',#2893,2.E-2);
#2895=CARTESIAN_POINT('',(-1.082E1,-3.2E-1,-3.68E0));
#2896=LINE('',#2895,#2894);
#2897=DIRECTION('',(0.E0,-1.E0,0.E0));
#2898=VECTOR('',#2897,5.55E-1);
#2899=CARTESIAN_POINT('',(-1.082E1,-3.2E-1,-3.7E0));
#2900=LINE('',#2899,#2898);
#2901=CARTESIAN_POINT('',(-1.082E1,-1.65E0,-4.59E0));
#2902=DIRECTION('',(1.E0,0.E0,0.E0));
#2903=DIRECTION('',(0.E0,-3.370786516854E-2,9.994317284466E-1));
#2904=AXIS2_PLACEMENT_3D('',#2901,#2902,#2903);
#2906=DIRECTION('',(0.E0,0.E0,-1.E0));
#2907=VECTOR('',#2906,8.8E-1);
#2908=CARTESIAN_POINT('',(-1.082E1,-2.54E0,-4.59E0));
#2909=LINE('',#2908,#2907);
#2910=CARTESIAN_POINT('',(-1.082E1,-2.22E0,-5.47E0));
#2911=DIRECTION('',(1.E0,0.E0,0.E0));
#2912=DIRECTION('',(0.E0,-1.E0,0.E0));
#2913=AXIS2_PLACEMENT_3D('',#2910,#2911,#2912);
#2915=DIRECTION('',(0.E0,0.E0,1.E0));
#2916=VECTOR('',#2915,8.8E-1);
#2917=CARTESIAN_POINT('',(-1.082E1,-1.9E0,-5.47E0));
#2918=LINE('',#2917,#2916);
#2919=CARTESIAN_POINT('',(-1.082E1,-1.65E0,-4.59E0));
#2920=DIRECTION('',(-1.E0,0.E0,0.E0));
#2921=DIRECTION('',(0.E0,-1.E0,0.E0));
#2922=AXIS2_PLACEMENT_3D('',#2919,#2920,#2921);
#2924=DIRECTION('',(0.E0,1.E0,0.E0));
#2925=VECTOR('',#2924,6.4E-1);
#2926=CARTESIAN_POINT('',(-1.082E1,-3.2E-1,2.06E0));
#2927=LINE('',#2926,#2925);
#2928=DIRECTION('',(0.E0,0.E0,-1.E0));
#2929=VECTOR('',#2928,3.71E0);
#2930=CARTESIAN_POINT('',(-1.082E1,-3.2E-1,2.06E0));
#2931=LINE('',#2930,#2929);
#2932=DIRECTION('',(0.E0,0.E0,1.E0));
#2933=VECTOR('',#2932,3.71E0);
#2934=CARTESIAN_POINT('',(-1.082E1,3.2E-1,-1.65E0));
#2935=LINE('',#2934,#2933);
#2936=DIRECTION('',(-1.E0,0.E0,0.E0));
#2937=VECTOR('',#2936,6.4E-1);
#2938=CARTESIAN_POINT('',(-1.018E1,1.055E0,-4.34E0));
#2939=LINE('',#2938,#2937);
#2940=DIRECTION('',(0.E0,-1.E0,0.E0));
#2941=VECTOR('',#2940,5.55E-1);
#2942=CARTESIAN_POINT('',(-1.018E1,-3.2E-1,-3.7E0));
#2943=LINE('',#2942,#2941);
#2944=DIRECTION('',(-8.881784197001E-14,0.E0,-1.E0));
#2945=VECTOR('',#2944,2.E-2);
#2946=CARTESIAN_POINT('',(-1.018E1,-3.2E-1,-3.68E0));
#2947=LINE('',#2946,#2945);
#2948=DIRECTION('',(0.E0,0.E0,1.E0));
#2949=VECTOR('',#2948,6.E-2);
#2950=CARTESIAN_POINT('',(-1.018E1,1.055E0,-4.34E0));
#2951=LINE('',#2950,#2949);
#2952=DIRECTION('',(0.E0,1.E0,0.E0));
#2953=VECTOR('',#2952,2.325E0);
#2954=CARTESIAN_POINT('',(-1.018E1,-1.27E0,-4.34E0));
#2955=LINE('',#2954,#2953);
#2956=CARTESIAN_POINT('',(-1.018E1,-1.65E0,-4.59E0));
#2957=DIRECTION('',(-1.E0,0.E0,0.E0));
#2958=DIRECTION('',(0.E0,-1.E0,0.E0));
#2959=AXIS2_PLACEMENT_3D('',#2956,#2957,#2958);
#2961=DIRECTION('',(0.E0,0.E0,1.E0));
#2962=VECTOR('',#2961,8.8E-1);
#2963=CARTESIAN_POINT('',(-1.018E1,-1.9E0,-5.47E0));
#2964=LINE('',#2963,#2962);
#2965=CARTESIAN_POINT('',(-1.018E1,-2.22E0,-5.47E0));
#2966=DIRECTION('',(1.E0,0.E0,0.E0));
#2967=DIRECTION('',(0.E0,-1.E0,0.E0));
#2968=AXIS2_PLACEMENT_3D('',#2965,#2966,#2967);
#2970=DIRECTION('',(0.E0,0.E0,-1.E0));
#2971=VECTOR('',#2970,8.8E-1);
#2972=CARTESIAN_POINT('',(-1.018E1,-2.54E0,-4.59E0));
#2973=LINE('',#2972,#2971);
#2974=CARTESIAN_POINT('',(-1.018E1,-1.65E0,-4.59E0));
#2975=DIRECTION('',(1.E0,0.E0,0.E0));
#2976=DIRECTION('',(0.E0,-3.370786516854E-2,9.994317284466E-1));
#2977=AXIS2_PLACEMENT_3D('',#2974,#2975,#2976);
#2979=DIRECTION('',(0.E0,-1.E0,0.E0));
#2980=VECTOR('',#2979,6.4E-1);
#2981=CARTESIAN_POINT('',(-1.018E1,3.2E-1,2.06E0));
#2982=LINE('',#2981,#2980);
#2983=DIRECTION('',(0.E0,0.E0,1.E0));
#2984=VECTOR('',#2983,3.71E0);
#2985=CARTESIAN_POINT('',(-1.018E1,3.2E-1,-1.65E0));
#2986=LINE('',#2985,#2984);
#2987=DIRECTION('',(0.E0,0.E0,-1.E0));
#2988=VECTOR('',#2987,3.71E0);
#2989=CARTESIAN_POINT('',(-1.018E1,-3.2E-1,2.06E0));
#2990=LINE('',#2989,#2988);
#2991=DIRECTION('',(-1.E0,0.E0,0.E0));
#2992=VECTOR('',#2991,6.4E-1);
#2993=CARTESIAN_POINT('',(-1.018E1,-3.2E-1,-3.7E0));
#2994=LINE('',#2993,#2992);
#2995=DIRECTION('',(-1.E0,0.E0,0.E0));
#2996=VECTOR('',#2995,6.4E-1);
#2997=CARTESIAN_POINT('',(-1.018E1,-3.2E-1,2.06E0));
#2998=LINE('',#2997,#2996);
#2999=DIRECTION('',(1.E0,0.E0,0.E0));
#3000=VECTOR('',#2999,6.4E-1);
#3001=CARTESIAN_POINT('',(-1.082E1,1.055E0,-3.6E0));
#3002=LINE('',#3001,#3000);
#3003=DIRECTION('',(0.E0,-1.E0,0.E0));
#3004=VECTOR('',#3003,8.75E-1);
#3005=CARTESIAN_POINT('',(-1.082E1,1.93E0,-3.6E0));
#3006=LINE('',#3005,#3004);
#3007=DIRECTION('',(1.E0,0.E0,0.E0));
#3008=VECTOR('',#3007,6.4E-1);
#3009=CARTESIAN_POINT('',(-1.082E1,-3.2E-1,-3.6E0));
#3010=LINE('',#3009,#3008);
#3011=DIRECTION('',(0.E0,-1.E0,0.E0));
#3012=VECTOR('',#3011,1.36E0);
#3013=CARTESIAN_POINT('',(-1.082E1,-3.2E-1,-3.6E0));
#3014=LINE('',#3013,#3012);
#3015=DIRECTION('',(0.E0,1.E0,0.E0));
#3016=VECTOR('',#3015,3.8E-1);
#3017=CARTESIAN_POINT('',(-1.018E1,-1.65E0,-4.34E0));
#3018=LINE('',#3017,#3016);
#3019=CARTESIAN_POINT('',(-1.018E1,-1.65E0,-4.59E0));
#3020=DIRECTION('',(1.E0,0.E0,0.E0));
#3021=DIRECTION('',(0.E0,0.E0,1.E0));
#3022=AXIS2_PLACEMENT_3D('',#3019,#3020,#3021);
#3024=DIRECTION('',(0.E0,0.E0,-1.E0));
#3025=VECTOR('',#3024,6.8E-1);
#3026=CARTESIAN_POINT('',(-1.018E1,1.055E0,-3.6E0));
#3027=LINE('',#3026,#3025);
#3028=DIRECTION('',(0.E0,-1.E0,0.E0));
#3029=VECTOR('',#3028,8.75E-1);
#3030=CARTESIAN_POINT('',(-1.018E1,1.93E0,-3.6E0));
#3031=LINE('',#3030,#3029);
#3032=DIRECTION('',(-4.440892098501E-14,0.E0,-1.E0));
#3033=VECTOR('',#3032,8.E-2);
#3034=CARTESIAN_POINT('',(-1.018E1,-3.2E-1,-3.6E0));
#3035=LINE('',#3034,#3033);
#3036=DIRECTION('',(0.E0,-1.E0,0.E0));
#3037=VECTOR('',#3036,1.36E0);
#3038=CARTESIAN_POINT('',(-1.018E1,-3.2E-1,-3.6E0));
#3039=LINE('',#3038,#3037);
#3040=CARTESIAN_POINT('',(-1.018E1,-1.65E0,-4.59E0));
#3041=DIRECTION('',(1.E0,0.E0,0.E0));
#3042=DIRECTION('',(0.E0,0.E0,1.E0));
#3043=AXIS2_PLACEMENT_3D('',#3040,#3041,#3042);
#3045=DIRECTION('',(0.E0,-1.E0,0.E0));
#3046=VECTOR('',#3045,7.75E-1);
#3047=CARTESIAN_POINT('',(-1.018E1,-8.75E-1,-3.7E0));
#3048=LINE('',#3047,#3046);
#3049=DIRECTION('',(-1.E0,0.E0,0.E0));
#3050=VECTOR('',#3049,2.484E1);
#3051=CARTESIAN_POINT('',(1.242E1,-1.68E0,-3.1E0));
#3052=LINE('',#3051,#3050);
#3053=DIRECTION('',(0.E0,0.E0,-1.E0));
#3054=VECTOR('',#3053,1.85E0);
#3055=CARTESIAN_POINT('',(1.242E1,-1.68E0,-3.1E0));
#3056=LINE('',#3055,#3054);
#3057=DIRECTION('',(0.E0,0.E0,1.E0));
#3058=VECTOR('',#3057,6.081934729198E-1);
#3059=CARTESIAN_POINT('',(1.082E1,-1.68E0,-4.95E0));
#3060=LINE('',#3059,#3058);
#3061=DIRECTION('',(0.E0,0.E0,-1.E0));
#3062=VECTOR('',#3061,6.413007653977E-1);
#3063=CARTESIAN_POINT('',(1.082E1,-1.68E0,-3.700505761683E0));
#3064=LINE('',#3063,#3062);
#3065=DIRECTION('',(3.534835833614E-14,0.E0,1.E0));
#3066=VECTOR('',#3065,1.005057616825E-1);
#3067=CARTESIAN_POINT('',(1.082E1,-1.68E0,-3.700505761683E0));
#3068=LINE('',#3067,#3066);
#3069=DIRECTION('',(1.E0,0.E0,0.E0));
#3070=VECTOR('',#3069,6.4E-1);
#3071=CARTESIAN_POINT('',(1.018E1,-1.68E0,-3.6E0));
#3072=LINE('',#3071,#3070);
#3073=DIRECTION('',(-3.534835833614E-14,0.E0,1.E0));
#3074=VECTOR('',#3073,1.005057616825E-1);
#3075=CARTESIAN_POINT('',(1.018E1,-1.68E0,-3.700505761683E0));
#3076=LINE('',#3075,#3074);
#3077=DIRECTION('',(0.E0,0.E0,-1.E0));
#3078=VECTOR('',#3077,6.413007653977E-1);
#3079=CARTESIAN_POINT('',(1.018E1,-1.68E0,-3.700505761683E0));
#3080=LINE('',#3079,#3078);
#3081=DIRECTION('',(0.E0,0.E0,1.E0));
#3082=VECTOR('',#3081,6.081934729198E-1);
#3083=CARTESIAN_POINT('',(1.018E1,-1.68E0,-4.95E0));
#3084=LINE('',#3083,#3082);
#3085=DIRECTION('',(0.E0,0.E0,1.E0));
#3086=VECTOR('',#3085,6.081934729198E-1);
#3087=CARTESIAN_POINT('',(7.82E0,-1.68E0,-4.95E0));
#3088=LINE('',#3087,#3086);
#3089=DIRECTION('',(0.E0,0.E0,-1.E0));
#3090=VECTOR('',#3089,6.413007653977E-1);
#3091=CARTESIAN_POINT('',(7.82E0,-1.68E0,-3.700505761683E0));
#3092=LINE('',#3091,#3090);
#3093=DIRECTION('',(0.E0,0.E0,1.E0));
#3094=VECTOR('',#3093,1.005057616825E-1);
#3095=CARTESIAN_POINT('',(7.82E0,-1.68E0,-3.700505761683E0));
#3096=LINE('',#3095,#3094);
#3097=DIRECTION('',(1.E0,0.E0,0.E0));
#3098=VECTOR('',#3097,6.4E-1);
#3099=CARTESIAN_POINT('',(7.18E0,-1.68E0,-3.6E0));
#3100=LINE('',#3099,#3098);
#3101=DIRECTION('',(-4.418544792018E-14,0.E0,1.E0));
#3102=VECTOR('',#3101,1.005057616825E-1);
#3103=CARTESIAN_POINT('',(7.18E0,-1.68E0,-3.700505761683E0));
#3104=LINE('',#3103,#3102);
#3105=DIRECTION('',(0.E0,0.E0,-1.E0));
#3106=VECTOR('',#3105,6.413007653977E-1);
#3107=CARTESIAN_POINT('',(7.18E0,-1.68E0,-3.700505761683E0));
#3108=LINE('',#3107,#3106);
#3109=DIRECTION('',(0.E0,0.E0,1.E0));
#3110=VECTOR('',#3109,6.081934729198E-1);
#3111=CARTESIAN_POINT('',(7.18E0,-1.68E0,-4.95E0));
#3112=LINE('',#3111,#3110);
#3113=DIRECTION('',(0.E0,0.E0,1.E0));
#3114=VECTOR('',#3113,6.081934729198E-1);
#3115=CARTESIAN_POINT('',(4.82E0,-1.68E0,-4.95E0));
#3116=LINE('',#3115,#3114);
#3117=DIRECTION('',(0.E0,0.E0,-1.E0));
#3118=VECTOR('',#3117,6.413007653977E-1);
#3119=CARTESIAN_POINT('',(4.82E0,-1.68E0,-3.700505761683E0));
#3120=LINE('',#3119,#3118);
#3121=DIRECTION('',(0.E0,0.E0,1.E0));
#3122=VECTOR('',#3121,1.005057616825E-1);
#3123=CARTESIAN_POINT('',(4.82E0,-1.68E0,-3.700505761683E0));
#3124=LINE('',#3123,#3122);
#3125=DIRECTION('',(1.E0,0.E0,0.E0));
#3126=VECTOR('',#3125,6.4E-1);
#3127=CARTESIAN_POINT('',(4.18E0,-1.68E0,-3.6E0));
#3128=LINE('',#3127,#3126);
#3129=DIRECTION('',(-1.767417916807E-14,0.E0,1.E0));
#3130=VECTOR('',#3129,1.005057616825E-1);
#3131=CARTESIAN_POINT('',(4.18E0,-1.68E0,-3.700505761683E0));
#3132=LINE('',#3131,#3130);
#3133=DIRECTION('',(0.E0,0.E0,-1.E0));
#3134=VECTOR('',#3133,6.413007653977E-1);
#3135=CARTESIAN_POINT('',(4.18E0,-1.68E0,-3.700505761683E0));
#3136=LINE('',#3135,#3134);
#3137=DIRECTION('',(0.E0,0.E0,1.E0));
#3138=VECTOR('',#3137,6.081934729198E-1);
#3139=CARTESIAN_POINT('',(4.18E0,-1.68E0,-4.95E0));
#3140=LINE('',#3139,#3138);
#3141=DIRECTION('',(0.E0,0.E0,1.E0));
#3142=VECTOR('',#3141,6.081934729198E-1);
#3143=CARTESIAN_POINT('',(1.82E0,-1.68E0,-4.95E0));
#3144=LINE('',#3143,#3142);
#3145=DIRECTION('',(0.E0,0.E0,-1.E0));
#3146=VECTOR('',#3145,6.413007653977E-1);
#3147=CARTESIAN_POINT('',(1.82E0,-1.68E0,-3.700505761683E0));
#3148=LINE('',#3147,#3146);
#3149=DIRECTION('',(1.767417916807E-14,0.E0,1.E0));
#3150=VECTOR('',#3149,1.005057616825E-1);
#3151=CARTESIAN_POINT('',(1.82E0,-1.68E0,-3.700505761683E0));
#3152=LINE('',#3151,#3150);
#3153=DIRECTION('',(1.E0,0.E0,0.E0));
#3154=VECTOR('',#3153,6.4E-1);
#3155=CARTESIAN_POINT('',(1.18E0,-1.68E0,-3.6E0));
#3156=LINE('',#3155,#3154);
#3157=DIRECTION('',(0.E0,0.E0,1.E0));
#3158=VECTOR('',#3157,1.005057616825E-1);
#3159=CARTESIAN_POINT('',(1.18E0,-1.68E0,-3.700505761683E0));
#3160=LINE('',#3159,#3158);
#3161=DIRECTION('',(0.E0,0.E0,-1.E0));
#3162=VECTOR('',#3161,6.413007653977E-1);
#3163=CARTESIAN_POINT('',(1.18E0,-1.68E0,-3.700505761683E0));
#3164=LINE('',#3163,#3162);
#3165=DIRECTION('',(0.E0,0.E0,1.E0));
#3166=VECTOR('',#3165,6.081934729198E-1);
#3167=CARTESIAN_POINT('',(1.18E0,-1.68E0,-4.95E0));
#3168=LINE('',#3167,#3166);
#3169=DIRECTION('',(0.E0,0.E0,1.E0));
#3170=VECTOR('',#3169,6.081934729198E-1);
#3171=CARTESIAN_POINT('',(-1.18E0,-1.68E0,-4.95E0));
#3172=LINE('',#3171,#3170);
#3173=DIRECTION('',(0.E0,0.E0,-1.E0));
#3174=VECTOR('',#3173,6.413007653977E-1);
#3175=CARTESIAN_POINT('',(-1.18E0,-1.68E0,-3.700505761683E0));
#3176=LINE('',#3175,#3174);
#3177=DIRECTION('',(0.E0,0.E0,1.E0));
#3178=VECTOR('',#3177,1.005057616825E-1);
#3179=CARTESIAN_POINT('',(-1.18E0,-1.68E0,-3.700505761683E0));
#3180=LINE('',#3179,#3178);
#3181=DIRECTION('',(1.E0,0.E0,0.E0));
#3182=VECTOR('',#3181,6.4E-1);
#3183=CARTESIAN_POINT('',(-1.82E0,-1.68E0,-3.6E0));
#3184=LINE('',#3183,#3182);
#3185=DIRECTION('',(-1.767417916807E-14,0.E0,1.E0));
#3186=VECTOR('',#3185,1.005057616825E-1);
#3187=CARTESIAN_POINT('',(-1.82E0,-1.68E0,-3.700505761683E0));
#3188=LINE('',#3187,#3186);
#3189=DIRECTION('',(0.E0,0.E0,-1.E0));
#3190=VECTOR('',#3189,6.413007653977E-1);
#3191=CARTESIAN_POINT('',(-1.82E0,-1.68E0,-3.700505761683E0));
#3192=LINE('',#3191,#3190);
#3193=DIRECTION('',(0.E0,0.E0,1.E0));
#3194=VECTOR('',#3193,6.081934729198E-1);
#3195=CARTESIAN_POINT('',(-1.82E0,-1.68E0,-4.95E0));
#3196=LINE('',#3195,#3194);
#3197=DIRECTION('',(0.E0,0.E0,1.E0));
#3198=VECTOR('',#3197,6.081934729198E-1);
#3199=CARTESIAN_POINT('',(-4.18E0,-1.68E0,-4.95E0));
#3200=LINE('',#3199,#3198);
#3201=DIRECTION('',(0.E0,0.E0,-1.E0));
#3202=VECTOR('',#3201,6.413007653977E-1);
#3203=CARTESIAN_POINT('',(-4.18E0,-1.68E0,-3.700505761683E0));
#3204=LINE('',#3203,#3202);
#3205=DIRECTION('',(0.E0,0.E0,1.E0));
#3206=VECTOR('',#3205,1.005057616825E-1);
#3207=CARTESIAN_POINT('',(-4.18E0,-1.68E0,-3.700505761683E0));
#3208=LINE('',#3207,#3206);
#3209=DIRECTION('',(1.E0,0.E0,0.E0));
#3210=VECTOR('',#3209,6.4E-1);
#3211=CARTESIAN_POINT('',(-4.82E0,-1.68E0,-3.6E0));
#3212=LINE('',#3211,#3210);
#3213=DIRECTION('',(-2.651126875211E-14,0.E0,1.E0));
#3214=VECTOR('',#3213,1.005057616825E-1);
#3215=CARTESIAN_POINT('',(-4.82E0,-1.68E0,-3.700505761683E0));
#3216=LINE('',#3215,#3214);
#3217=DIRECTION('',(0.E0,0.E0,-1.E0));
#3218=VECTOR('',#3217,6.413007653977E-1);
#3219=CARTESIAN_POINT('',(-4.82E0,-1.68E0,-3.700505761683E0));
#3220=LINE('',#3219,#3218);
#3221=DIRECTION('',(0.E0,0.E0,1.E0));
#3222=VECTOR('',#3221,6.081934729198E-1);
#3223=CARTESIAN_POINT('',(-4.82E0,-1.68E0,-4.95E0));
#3224=LINE('',#3223,#3222);
#3225=DIRECTION('',(0.E0,0.E0,1.E0));
#3226=VECTOR('',#3225,6.081934729198E-1);
#3227=CARTESIAN_POINT('',(-7.18E0,-1.68E0,-4.95E0));
#3228=LINE('',#3227,#3226);
#3229=DIRECTION('',(0.E0,0.E0,-1.E0));
#3230=VECTOR('',#3229,6.413007653977E-1);
#3231=CARTESIAN_POINT('',(-7.18E0,-1.68E0,-3.700505761683E0));
#3232=LINE('',#3231,#3230);
#3233=DIRECTION('',(1.767417916807E-14,0.E0,1.E0));
#3234=VECTOR('',#3233,1.005057616825E-1);
#3235=CARTESIAN_POINT('',(-7.18E0,-1.68E0,-3.700505761683E0));
#3236=LINE('',#3235,#3234);
#3237=DIRECTION('',(1.E0,0.E0,0.E0));
#3238=VECTOR('',#3237,6.4E-1);
#3239=CARTESIAN_POINT('',(-7.82E0,-1.68E0,-3.6E0));
#3240=LINE('',#3239,#3238);
#3241=DIRECTION('',(-3.534835833614E-14,0.E0,1.E0));
#3242=VECTOR('',#3241,1.005057616825E-1);
#3243=CARTESIAN_POINT('',(-7.82E0,-1.68E0,-3.700505761683E0));
#3244=LINE('',#3243,#3242);
#3245=DIRECTION('',(0.E0,0.E0,-1.E0));
#3246=VECTOR('',#3245,6.413007653977E-1);
#3247=CARTESIAN_POINT('',(-7.82E0,-1.68E0,-3.700505761683E0));
#3248=LINE('',#3247,#3246);
#3249=DIRECTION('',(0.E0,0.E0,1.E0));
#3250=VECTOR('',#3249,6.081934729198E-1);
#3251=CARTESIAN_POINT('',(-7.82E0,-1.68E0,-4.95E0));
#3252=LINE('',#3251,#3250);
#3253=DIRECTION('',(0.E0,0.E0,1.E0));
#3254=VECTOR('',#3253,6.081934729198E-1);
#3255=CARTESIAN_POINT('',(-1.018E1,-1.68E0,-4.95E0));
#3256=LINE('',#3255,#3254);
#3257=DIRECTION('',(0.E0,0.E0,-1.E0));
#3258=VECTOR('',#3257,6.413007653977E-1);
#3259=CARTESIAN_POINT('',(-1.018E1,-1.68E0,-3.700505761683E0));
#3260=LINE('',#3259,#3258);
#3261=DIRECTION('',(5.302253750421E-14,0.E0,1.E0));
#3262=VECTOR('',#3261,1.005057616825E-1);
#3263=CARTESIAN_POINT('',(-1.018E1,-1.68E0,-3.700505761683E0));
#3264=LINE('',#3263,#3262);
#3265=DIRECTION('',(1.E0,0.E0,0.E0));
#3266=VECTOR('',#3265,6.4E-1);
#3267=CARTESIAN_POINT('',(-1.082E1,-1.68E0,-3.6E0));
#3268=LINE('',#3267,#3266);
#3269=DIRECTION('',(0.E0,0.E0,1.E0));
#3270=VECTOR('',#3269,1.005057616825E-1);
#3271=CARTESIAN_POINT('',(-1.082E1,-1.68E0,-3.700505761683E0));
#3272=LINE('',#3271,#3270);
#3273=DIRECTION('',(0.E0,0.E0,-1.E0));
#3274=VECTOR('',#3273,6.413007653977E-1);
#3275=CARTESIAN_POINT('',(-1.082E1,-1.68E0,-3.700505761683E0));
#3276=LINE('',#3275,#3274);
#3277=DIRECTION('',(0.E0,0.E0,1.E0));
#3278=VECTOR('',#3277,6.081934729198E-1);
#3279=CARTESIAN_POINT('',(-1.082E1,-1.68E0,-4.95E0));
#3280=LINE('',#3279,#3278);
#3281=DIRECTION('',(0.E0,0.E0,-1.E0));
#3282=VECTOR('',#3281,1.85E0);
#3283=CARTESIAN_POINT('',(-1.242E1,-1.68E0,-3.1E0));
#3284=LINE('',#3283,#3282);
#3285=DIRECTION('',(0.E0,-1.E0,0.E0));
#3286=VECTOR('',#3285,2.5E-1);
#3287=CARTESIAN_POINT('',(-1.242E1,-1.68E0,-3.1E0));
#3288=LINE('',#3287,#3286);
#3289=DIRECTION('',(0.E0,-1.E0,0.E0));
#3290=VECTOR('',#3289,5.E-1);
#3291=CARTESIAN_POINT('',(-9.75E0,-1.93E0,-3.1E0));
#3292=LINE('',#3291,#3290);
#3293=DIRECTION('',(0.E0,-1.E0,0.E0));
#3294=VECTOR('',#3293,5.E-1);
#3295=CARTESIAN_POINT('',(8.75E0,-1.93E0,-3.1E0));
#3296=LINE('',#3295,#3294);
#3297=DIRECTION('',(0.E0,-1.E0,0.E0));
#3298=VECTOR('',#3297,2.5E-1);
#3299=CARTESIAN_POINT('',(1.242E1,-1.68E0,-3.1E0));
#3300=LINE('',#3299,#3298);
#3301=DIRECTION('',(1.421085471520E-14,-1.E0,0.E0));
#3302=VECTOR('',#3301,2.5E-1);
#3303=CARTESIAN_POINT('',(-1.242E1,-1.43E0,-2.19E0));
#3304=LINE('',#3303,#3302);
#3305=DIRECTION('',(0.E0,-1.E0,0.E0));
#3306=VECTOR('',#3305,4.6E-1);
#3307=CARTESIAN_POINT('',(-1.242E1,-1.43E0,-3.E-1));
#3308=LINE('',#3307,#3306);
#3309=DIRECTION('',(0.E0,0.E0,1.E0));
#3310=VECTOR('',#3309,1.3E0);
#3311=CARTESIAN_POINT('',(-1.242E1,-1.89E0,-3.E-1));
#3312=LINE('',#3311,#3310);
#3313=DIRECTION('',(0.E0,-1.E0,0.E0));
#3314=VECTOR('',#3313,4.6E-1);
#3315=CARTESIAN_POINT('',(-1.242E1,-1.43E0,1.E0));
#3316=LINE('',#3315,#3314);
#3317=DIRECTION('',(1.421085471520E-14,-1.E0,0.E0));
#3318=VECTOR('',#3317,2.5E-1);
#3319=CARTESIAN_POINT('',(-1.242E1,-1.43E0,-2.83E0));
#3320=LINE('',#3319,#3318);
#3321=DIRECTION('',(0.E0,0.E0,1.E0));
#3322=VECTOR('',#3321,6.4E-1);
#3323=CARTESIAN_POINT('',(-1.242E1,-1.68E0,-2.83E0));
#3324=LINE('',#3323,#3322);
#3325=DIRECTION('',(0.E0,-1.E0,0.E0));
#3326=VECTOR('',#3325,4.6E-1);
#3327=CARTESIAN_POINT('',(-1.282E1,-1.43E0,-3.E-1));
#3328=LINE('',#3327,#3326);
#3329=CARTESIAN_POINT('',(-1.307E1,-1.89E0,-3.E-1));
#3330=DIRECTION('',(0.E0,0.E0,-1.E0));
#3331=DIRECTION('',(1.E0,0.E0,0.E0));
#3332=AXIS2_PLACEMENT_3D('',#3329,#3330,#3331);
#3334=DIRECTION('',(-1.E0,0.E0,0.E0));
#3335=VECTOR('',#3334,2.75E0);
#3336=CARTESIAN_POINT('',(-1.307E1,-2.14E0,-3.E-1));
#3337=LINE('',#3336,#3335);
#3338=DIRECTION('',(0.E0,-1.E0,0.E0));
#3339=VECTOR('',#3338,4.E-1);
#3340=CARTESIAN_POINT('',(-1.582E1,-2.14E0,-3.E-1));
#3341=LINE('',#3340,#3339);
#3342=DIRECTION('',(1.E0,0.E0,0.E0));
#3343=VECTOR('',#3342,2.75E0);
#3344=CARTESIAN_POINT('',(-1.582E1,-2.54E0,-3.E-1));
#3345=LINE('',#3344,#3343);
#3346=CARTESIAN_POINT('',(-1.307E1,-1.89E0,-3.E-1));
#3347=DIRECTION('',(0.E0,0.E0,1.E0));
#3348=DIRECTION('',(0.E0,-1.E0,0.E0));
#3349=AXIS2_PLACEMENT_3D('',#3346,#3347,#3348);
#3351=CARTESIAN_POINT('',(1.307E1,-1.89E0,-3.E-1));
#3352=DIRECTION('',(0.E0,0.E0,1.E0));
#3353=DIRECTION('',(-1.E0,0.E0,0.E0));
#3354=AXIS2_PLACEMENT_3D('',#3351,#3352,#3353);
#3356=DIRECTION('',(1.E0,0.E0,0.E0));
#3357=VECTOR('',#3356,2.75E0);
#3358=CARTESIAN_POINT('',(1.307E1,-2.54E0,-3.E-1));
#3359=LINE('',#3358,#3357);
#3360=DIRECTION('',(0.E0,1.E0,0.E0));
#3361=VECTOR('',#3360,4.E-1);
#3362=CARTESIAN_POINT('',(1.582E1,-2.54E0,-3.E-1));
#3363=LINE('',#3362,#3361);
#3364=DIRECTION('',(-1.E0,0.E0,0.E0));
#3365=VECTOR('',#3364,2.75E0);
#3366=CARTESIAN_POINT('',(1.582E1,-2.14E0,-3.E-1));
#3367=LINE('',#3366,#3365);
#3368=CARTESIAN_POINT('',(1.307E1,-1.89E0,-3.E-1));
#3369=DIRECTION('',(0.E0,0.E0,-1.E0));
#3370=DIRECTION('',(0.E0,-1.E0,0.E0));
#3371=AXIS2_PLACEMENT_3D('',#3368,#3369,#3370);
#3373=DIRECTION('',(0.E0,1.E0,0.E0));
#3374=VECTOR('',#3373,4.6E-1);
#3375=CARTESIAN_POINT('',(1.282E1,-1.89E0,-3.E-1));
#3376=LINE('',#3375,#3374);
#3377=CARTESIAN_POINT('',(-1.307E1,-1.89E0,1.E0));
#3378=DIRECTION('',(0.E0,0.E0,1.E0));
#3379=DIRECTION('',(0.E0,-1.E0,0.E0));
#3380=AXIS2_PLACEMENT_3D('',#3377,#3378,#3379);
#3382=DIRECTION('',(1.E0,0.E0,0.E0));
#3383=VECTOR('',#3382,2.75E0);
#3384=CARTESIAN_POINT('',(-1.582E1,-2.54E0,1.E0));
#3385=LINE('',#3384,#3383);
#3386=DIRECTION('',(0.E0,-1.E0,0.E0));
#3387=VECTOR('',#3386,4.E-1);
#3388=CARTESIAN_POINT('',(-1.582E1,-2.14E0,1.E0));
#3389=LINE('',#3388,#3387);
#3390=DIRECTION('',(-1.E0,0.E0,0.E0));
#3391=VECTOR('',#3390,2.75E0);
#3392=CARTESIAN_POINT('',(-1.307E1,-2.14E0,1.E0));
#3393=LINE('',#3392,#3391);
#3394=CARTESIAN_POINT('',(-1.307E1,-1.89E0,1.E0));
#3395=DIRECTION('',(0.E0,0.E0,-1.E0));
#3396=DIRECTION('',(1.E0,0.E0,0.E0));
#3397=AXIS2_PLACEMENT_3D('',#3394,#3395,#3396);
#3399=DIRECTION('',(0.E0,-1.E0,0.E0));
#3400=VECTOR('',#3399,4.6E-1);
#3401=CARTESIAN_POINT('',(-1.282E1,-1.43E0,1.E0));
#3402=LINE('',#3401,#3400);
#3403=DIRECTION('',(0.E0,1.E0,0.E0));
#3404=VECTOR('',#3403,4.6E-1);
#3405=CARTESIAN_POINT('',(1.282E1,-1.89E0,1.E0));
#3406=LINE('',#3405,#3404);
#3407=CARTESIAN_POINT('',(1.307E1,-1.89E0,1.E0));
#3408=DIRECTION('',(0.E0,0.E0,-1.E0));
#3409=DIRECTION('',(0.E0,-1.E0,0.E0));
#3410=AXIS2_PLACEMENT_3D('',#3407,#3408,#3409);
#3412=DIRECTION('',(-1.E0,0.E0,0.E0));
#3413=VECTOR('',#3412,2.75E0);
#3414=CARTESIAN_POINT('',(1.582E1,-2.14E0,1.E0));
#3415=LINE('',#3414,#3413);
#3416=DIRECTION('',(0.E0,1.E0,0.E0));
#3417=VECTOR('',#3416,4.E-1);
#3418=CARTESIAN_POINT('',(1.582E1,-2.54E0,1.E0));
#3419=LINE('',#3418,#3417);
#3420=DIRECTION('',(1.E0,0.E0,0.E0));
#3421=VECTOR('',#3420,2.75E0);
#3422=CARTESIAN_POINT('',(1.307E1,-2.54E0,1.E0));
#3423=LINE('',#3422,#3421);
#3424=CARTESIAN_POINT('',(1.307E1,-1.89E0,1.E0));
#3425=DIRECTION('',(0.E0,0.E0,1.E0));
#3426=DIRECTION('',(-1.E0,0.E0,0.E0));
#3427=AXIS2_PLACEMENT_3D('',#3424,#3425,#3426);
#3429=DIRECTION('',(0.E0,0.E0,1.E0));
#3430=VECTOR('',#3429,1.3E0);
#3431=CARTESIAN_POINT('',(-1.307E1,-2.54E0,-3.E-1));
#3432=LINE('',#3431,#3430);
#3433=DIRECTION('',(0.E0,0.E0,1.E0));
#3434=VECTOR('',#3433,1.3E0);
#3435=CARTESIAN_POINT('',(-1.582E1,-2.54E0,-3.E-1));
#3436=LINE('',#3435,#3434);
#3437=DIRECTION('',(0.E0,0.E0,1.E0));
#3438=VECTOR('',#3437,1.3E0);
#3439=CARTESIAN_POINT('',(-1.582E1,-2.14E0,-3.E-1));
#3440=LINE('',#3439,#3438);
#3441=DIRECTION('',(0.E0,0.E0,1.E0));
#3442=VECTOR('',#3441,1.3E0);
#3443=CARTESIAN_POINT('',(-1.307E1,-2.14E0,-3.E-1));
#3444=LINE('',#3443,#3442);
#3445=DIRECTION('',(0.E0,0.E0,1.E0));
#3446=VECTOR('',#3445,1.3E0);
#3447=CARTESIAN_POINT('',(-1.282E1,-1.89E0,-3.E-1));
#3448=LINE('',#3447,#3446);
#3449=DIRECTION('',(0.E0,0.E0,1.E0));
#3450=VECTOR('',#3449,1.3E0);
#3451=CARTESIAN_POINT('',(1.282E1,-1.89E0,-3.E-1));
#3452=LINE('',#3451,#3450);
#3453=DIRECTION('',(0.E0,0.E0,1.E0));
#3454=VECTOR('',#3453,1.3E0);
#3455=CARTESIAN_POINT('',(1.307E1,-2.14E0,-3.E-1));
#3456=LINE('',#3455,#3454);
#3457=DIRECTION('',(0.E0,0.E0,1.E0));
#3458=VECTOR('',#3457,1.3E0);
#3459=CARTESIAN_POINT('',(1.582E1,-2.14E0,-3.E-1));
#3460=LINE('',#3459,#3458);
#3461=DIRECTION('',(0.E0,0.E0,1.E0));
#3462=VECTOR('',#3461,1.3E0);
#3463=CARTESIAN_POINT('',(1.582E1,-2.54E0,-3.E-1));
#3464=LINE('',#3463,#3462);
#3465=DIRECTION('',(0.E0,0.E0,1.E0));
#3466=VECTOR('',#3465,1.3E0);
#3467=CARTESIAN_POINT('',(1.307E1,-2.54E0,-3.E-1));
#3468=LINE('',#3467,#3466);
#3469=DIRECTION('',(0.E0,0.E0,-1.E0));
#3470=VECTOR('',#3469,8.05E0);
#3471=CARTESIAN_POINT('',(-1.242E1,-1.93E0,4.95E0));
#3472=LINE('',#3471,#3470);
#3473=DIRECTION('',(1.E0,0.E0,0.E0));
#3474=VECTOR('',#3473,2.484E1);
#3475=CARTESIAN_POINT('',(-1.242E1,-1.93E0,4.95E0));
#3476=LINE('',#3475,#3474);
#3477=DIRECTION('',(0.E0,0.E0,-1.E0));
#3478=VECTOR('',#3477,8.05E0);
#3479=CARTESIAN_POINT('',(1.242E1,-1.93E0,4.95E0));
#3480=LINE('',#3479,#3478);
#3481=DIRECTION('',(-1.E0,0.E0,0.E0));
#3482=VECTOR('',#3481,2.67E0);
#3483=CARTESIAN_POINT('',(1.242E1,-1.93E0,-3.1E0));
#3484=LINE('',#3483,#3482);
#3485=DIRECTION('',(0.E0,0.E0,1.E0));
#3486=VECTOR('',#3485,7.2E0);
#3487=CARTESIAN_POINT('',(9.75E0,-1.93E0,-3.1E0));
#3488=LINE('',#3487,#3486);
#3489=DIRECTION('',(-1.E0,0.E0,0.E0));
#3490=VECTOR('',#3489,1.E0);
#3491=CARTESIAN_POINT('',(9.75E0,-1.93E0,4.1E0));
#3492=LINE('',#3491,#3490);
#3493=DIRECTION('',(0.E0,0.E0,1.E0));
#3494=VECTOR('',#3493,7.2E0);
#3495=CARTESIAN_POINT('',(8.75E0,-1.93E0,-3.1E0));
#3496=LINE('',#3495,#3494);
#3497=DIRECTION('',(-1.E0,0.E0,0.E0));
#3498=VECTOR('',#3497,1.75E1);
#3499=CARTESIAN_POINT('',(8.75E0,-1.93E0,-3.1E0));
#3500=LINE('',#3499,#3498);
#3501=DIRECTION('',(0.E0,0.E0,1.E0));
#3502=VECTOR('',#3501,7.2E0);
#3503=CARTESIAN_POINT('',(-8.75E0,-1.93E0,-3.1E0));
#3504=LINE('',#3503,#3502);
#3505=DIRECTION('',(-1.E0,0.E0,0.E0));
#3506=VECTOR('',#3505,1.E0);
#3507=CARTESIAN_POINT('',(-8.75E0,-1.93E0,4.1E0));
#3508=LINE('',#3507,#3506);
#3509=DIRECTION('',(0.E0,0.E0,1.E0));
#3510=VECTOR('',#3509,7.2E0);
#3511=CARTESIAN_POINT('',(-9.75E0,-1.93E0,-3.1E0));
#3512=LINE('',#3511,#3510);
#3513=DIRECTION('',(-1.E0,0.E0,0.E0));
#3514=VECTOR('',#3513,2.67E0);
#3515=CARTESIAN_POINT('',(-9.75E0,-1.93E0,-3.1E0));
#3516=LINE('',#3515,#3514);
#3517=DIRECTION('',(0.E0,-1.E0,0.E0));
#3518=VECTOR('',#3517,5.E-1);
#3519=CARTESIAN_POINT('',(9.75E0,-1.93E0,-3.1E0));
#3520=LINE('',#3519,#3518);
#3521=DIRECTION('',(0.E0,0.E0,-1.E0));
#3522=VECTOR('',#3521,7.2E0);
#3523=CARTESIAN_POINT('',(8.75E0,-2.43E0,4.1E0));
#3524=LINE('',#3523,#3522);
#3525=DIRECTION('',(-1.E0,0.E0,0.E0));
#3526=VECTOR('',#3525,1.E0);
#3527=CARTESIAN_POINT('',(9.75E0,-2.43E0,4.1E0));
#3528=LINE('',#3527,#3526);
#3529=DIRECTION('',(0.E0,0.E0,1.E0));
#3530=VECTOR('',#3529,7.2E0);
#3531=CARTESIAN_POINT('',(9.75E0,-2.43E0,-3.1E0));
#3532=LINE('',#3531,#3530);
#3533=DIRECTION('',(1.E0,0.E0,0.E0));
#3534=VECTOR('',#3533,1.E0);
#3535=CARTESIAN_POINT('',(8.75E0,-2.43E0,-3.1E0));
#3536=LINE('',#3535,#3534);
#3537=DIRECTION('',(-1.E0,0.E0,0.E0));
#3538=VECTOR('',#3537,1.E0);
#3539=CARTESIAN_POINT('',(-8.75E0,-2.43E0,4.1E0));
#3540=LINE('',#3539,#3538);
#3541=DIRECTION('',(0.E0,0.E0,1.E0));
#3542=VECTOR('',#3541,7.2E0);
#3543=CARTESIAN_POINT('',(-8.75E0,-2.43E0,-3.1E0));
#3544=LINE('',#3543,#3542);
#3545=DIRECTION('',(1.E0,0.E0,0.E0));
#3546=VECTOR('',#3545,1.E0);
#3547=CARTESIAN_POINT('',(-9.75E0,-2.43E0,-3.1E0));
#3548=LINE('',#3547,#3546);
#3549=DIRECTION('',(0.E0,0.E0,-1.E0));
#3550=VECTOR('',#3549,7.2E0);
#3551=CARTESIAN_POINT('',(-9.75E0,-2.43E0,4.1E0));
#3552=LINE('',#3551,#3550);
#3553=DIRECTION('',(0.E0,-1.E0,0.E0));
#3554=VECTOR('',#3553,5.E-1);
#3555=CARTESIAN_POINT('',(8.75E0,-1.93E0,4.1E0));
#3556=LINE('',#3555,#3554);
#3557=DIRECTION('',(0.E0,-1.E0,0.E0));
#3558=VECTOR('',#3557,5.E-1);
#3559=CARTESIAN_POINT('',(9.75E0,-1.93E0,4.1E0));
#3560=LINE('',#3559,#3558);
#3561=DIRECTION('',(0.E0,-1.E0,0.E0));
#3562=VECTOR('',#3561,5.E-1);
#3563=CARTESIAN_POINT('',(-8.75E0,-1.93E0,4.1E0));
#3564=LINE('',#3563,#3562);
#3565=DIRECTION('',(0.E0,-1.E0,0.E0));
#3566=VECTOR('',#3565,5.E-1);
#3567=CARTESIAN_POINT('',(-8.75E0,-1.93E0,-3.1E0));
#3568=LINE('',#3567,#3566);
#3569=DIRECTION('',(0.E0,-1.E0,0.E0));
#3570=VECTOR('',#3569,5.E-1);
#3571=CARTESIAN_POINT('',(-9.75E0,-1.93E0,4.1E0));
#3572=LINE('',#3571,#3570);
#3573=DIRECTION('',(0.E0,0.E0,-1.E0));
#3574=VECTOR('',#3573,6.4E-1);
#3575=CARTESIAN_POINT('',(-1.307E1,-2.33E0,-2.19E0));
#3576=LINE('',#3575,#3574);
#3577=DIRECTION('',(0.E0,0.E0,-1.E0));
#3578=VECTOR('',#3577,6.4E-1);
#3579=CARTESIAN_POINT('',(-1.377E1,-2.33E0,-2.19E0));
#3580=LINE('',#3579,#3578);
#3581=DIRECTION('',(0.E0,0.E0,-1.E0));
#3582=VECTOR('',#3581,6.4E-1);
#3583=CARTESIAN_POINT('',(-1.377E1,-1.93E0,-2.19E0));
#3584=LINE('',#3583,#3582);
#3585=DIRECTION('',(0.E0,0.E0,-1.E0));
#3586=VECTOR('',#3585,6.4E-1);
#3587=CARTESIAN_POINT('',(-1.307E1,-1.93E0,-2.19E0));
#3588=LINE('',#3587,#3586);
#3589=DIRECTION('',(0.E0,1.E0,0.E0));
#3590=VECTOR('',#3589,3.8E-1);
#3591=CARTESIAN_POINT('',(1.082E1,-1.65E0,-4.34E0));
#3592=LINE('',#3591,#3590);
#3593=CARTESIAN_POINT('',(1.082E1,-1.65E0,-4.59E0));
#3594=DIRECTION('',(1.E0,0.E0,0.E0));
#3595=DIRECTION('',(0.E0,0.E0,1.E0));
#3596=AXIS2_PLACEMENT_3D('',#3593,#3594,#3595);
#3598=DIRECTION('',(0.E0,-1.E0,0.E0));
#3599=VECTOR('',#3598,8.75E-1);
#3600=CARTESIAN_POINT('',(1.082E1,1.93E0,-3.6E0));
#3601=LINE('',#3600,#3599);
#3602=DIRECTION('',(0.E0,0.E0,-1.E0));
#3603=VECTOR('',#3602,6.8E-1);
#3604=CARTESIAN_POINT('',(1.082E1,1.055E0,-3.6E0));
#3605=LINE('',#3604,#3603);
#3606=DIRECTION('',(-2.220446049250E-14,0.E0,-1.E0));
#3607=VECTOR('',#3606,8.E-2);
#3608=CARTESIAN_POINT('',(1.082E1,-3.2E-1,-3.6E0));
#3609=LINE('',#3608,#3607);
#3610=DIRECTION('',(0.E0,-1.E0,0.E0));
#3611=VECTOR('',#3610,1.36E0);
#3612=CARTESIAN_POINT('',(1.082E1,-3.2E-1,-3.6E0));
#3613=LINE('',#3612,#3611);
#3614=CARTESIAN_POINT('',(1.082E1,-1.65E0,-4.59E0));
#3615=DIRECTION('',(1.E0,0.E0,0.E0));
#3616=DIRECTION('',(0.E0,0.E0,1.E0));
#3617=AXIS2_PLACEMENT_3D('',#3614,#3615,#3616);
#3619=DIRECTION('',(0.E0,1.E0,0.E0));
#3620=VECTOR('',#3619,7.75E-1);
#3621=CARTESIAN_POINT('',(1.082E1,-1.65E0,-3.7E0));
#3622=LINE('',#3621,#3620);
#3623=DIRECTION('',(-1.E0,0.E0,0.E0));
#3624=VECTOR('',#3623,6.4E-1);
#3625=CARTESIAN_POINT('',(1.082E1,-1.65E0,-4.34E0));
#3626=LINE('',#3625,#3624);
#3627=CARTESIAN_POINT('',(1.018E1,-1.65E0,-4.59E0));
#3628=DIRECTION('',(1.E0,0.E0,0.E0));
#3629=DIRECTION('',(0.E0,0.E0,1.E0));
#3630=AXIS2_PLACEMENT_3D('',#3627,#3628,#3629);
#3632=DIRECTION('',(0.E0,1.E0,0.E0));
#3633=VECTOR('',#3632,3.8E-1);
#3634=CARTESIAN_POINT('',(1.018E1,-1.65E0,-4.34E0));
#3635=LINE('',#3634,#3633);
#3636=DIRECTION('',(0.E0,0.E0,-1.E0));
#3637=VECTOR('',#3636,6.8E-1);
#3638=CARTESIAN_POINT('',(1.018E1,1.055E0,-3.6E0));
#3639=LINE('',#3638,#3637);
#3640=DIRECTION('',(4.440892098501E-14,0.E0,-1.E0));
#3641=VECTOR('',#3640,8.E-2);
#3642=CARTESIAN_POINT('',(1.018E1,-3.2E-1,-3.6E0));
#3643=LINE('',#3642,#3641);
#3644=DIRECTION('',(0.E0,1.E0,0.E0));
#3645=VECTOR('',#3644,7.75E-1);
#3646=CARTESIAN_POINT('',(1.018E1,-1.65E0,-3.7E0));
#3647=LINE('',#3646,#3645);
#3648=CARTESIAN_POINT('',(1.018E1,-1.65E0,-4.59E0));
#3649=DIRECTION('',(1.E0,0.E0,0.E0));
#3650=DIRECTION('',(0.E0,0.E0,1.E0));
#3651=AXIS2_PLACEMENT_3D('',#3648,#3649,#3650);
#3653=DIRECTION('',(-1.E0,0.E0,0.E0));
#3654=VECTOR('',#3653,6.4E-1);
#3655=CARTESIAN_POINT('',(1.082E1,-1.9E0,-4.59E0));
#3656=LINE('',#3655,#3654);
#3657=DIRECTION('',(0.E0,-1.E0,0.E0));
#3658=VECTOR('',#3657,5.55E-1);
#3659=CARTESIAN_POINT('',(1.018E1,-3.2E-1,-3.7E0));
#3660=LINE('',#3659,#3658);
#3661=DIRECTION('',(0.E0,1.E0,0.E0));
#3662=VECTOR('',#3661,2.325E0);
#3663=CARTESIAN_POINT('',(1.018E1,-1.27E0,-4.34E0));
#3664=LINE('',#3663,#3662);
#3665=DIRECTION('',(-2.960594732334E-14,0.E0,1.E0));
#3666=VECTOR('',#3665,6.E-2);
#3667=CARTESIAN_POINT('',(1.018E1,1.055E0,-4.34E0));
#3668=LINE('',#3667,#3666);
#3669=DIRECTION('',(0.E0,0.E0,-1.E0));
#3670=VECTOR('',#3669,2.E-2);
#3671=CARTESIAN_POINT('',(1.018E1,-3.2E-1,-3.68E0));
#3672=LINE('',#3671,#3670);
#3673=CARTESIAN_POINT('',(1.018E1,-1.65E0,-4.59E0));
#3674=DIRECTION('',(1.E0,0.E0,0.E0));
#3675=DIRECTION('',(0.E0,-3.370786516854E-2,9.994317284466E-1));
#3676=AXIS2_PLACEMENT_3D('',#3673,#3674,#3675);
#3678=DIRECTION('',(0.E0,0.E0,-1.E0));
#3679=VECTOR('',#3678,8.8E-1);
#3680=CARTESIAN_POINT('',(1.018E1,-2.54E0,-4.59E0));
#3681=LINE('',#3680,#3679);
#3682=CARTESIAN_POINT('',(1.018E1,-2.22E0,-5.47E0));
#3683=DIRECTION('',(1.E0,0.E0,0.E0));
#3684=DIRECTION('',(0.E0,-1.E0,0.E0));
#3685=AXIS2_PLACEMENT_3D('',#3682,#3683,#3684);
#3687=DIRECTION('',(0.E0,0.E0,1.E0));
#3688=VECTOR('',#3687,8.8E-1);
#3689=CARTESIAN_POINT('',(1.018E1,-1.9E0,-5.47E0));
#3690=LINE('',#3689,#3688);
#3691=CARTESIAN_POINT('',(1.018E1,-1.65E0,-4.59E0));
#3692=DIRECTION('',(-1.E0,0.E0,0.E0));
#3693=DIRECTION('',(0.E0,-1.E0,0.E0));
#3694=AXIS2_PLACEMENT_3D('',#3691,#3692,#3693);
#3696=DIRECTION('',(0.E0,1.E0,0.E0));
#3697=VECTOR('',#3696,6.4E-1);
#3698=CARTESIAN_POINT('',(1.018E1,-3.2E-1,2.06E0));
#3699=LINE('',#3698,#3697);
#3700=DIRECTION('',(0.E0,0.E0,-1.E0));
#3701=VECTOR('',#3700,3.71E0);
#3702=CARTESIAN_POINT('',(1.018E1,-3.2E-1,2.06E0));
#3703=LINE('',#3702,#3701);
#3704=DIRECTION('',(0.E0,0.E0,1.E0));
#3705=VECTOR('',#3704,3.71E0);
#3706=CARTESIAN_POINT('',(1.018E1,3.2E-1,-1.65E0));
#3707=LINE('',#3706,#3705);
#3708=DIRECTION('',(-1.E0,0.E0,0.E0));
#3709=VECTOR('',#3708,6.4E-1);
#3710=CARTESIAN_POINT('',(1.082E1,-3.2E-1,-3.7E0));
#3711=LINE('',#3710,#3709);
#3712=DIRECTION('',(-1.E0,0.E0,0.E0));
#3713=VECTOR('',#3712,6.4E-1);
#3714=CARTESIAN_POINT('',(1.082E1,-3.2E-1,2.06E0));
#3715=LINE('',#3714,#3713);
#3716=DIRECTION('',(0.E0,-1.E0,0.E0));
#3717=VECTOR('',#3716,8.75E-1);
#3718=CARTESIAN_POINT('',(1.018E1,1.93E0,-3.6E0));
#3719=LINE('',#3718,#3717);
#3720=DIRECTION('',(1.E0,0.E0,0.E0));
#3721=VECTOR('',#3720,6.4E-1);
#3722=CARTESIAN_POINT('',(1.018E1,1.055E0,-3.6E0));
#3723=LINE('',#3722,#3721);
#3724=DIRECTION('',(1.E0,0.E0,0.E0));
#3725=VECTOR('',#3724,6.4E-1);
#3726=CARTESIAN_POINT('',(1.018E1,-3.2E-1,-3.6E0));
#3727=LINE('',#3726,#3725);
#3728=DIRECTION('',(0.E0,-1.E0,0.E0));
#3729=VECTOR('',#3728,1.36E0);
#3730=CARTESIAN_POINT('',(1.018E1,-3.2E-1,-3.6E0));
#3731=LINE('',#3730,#3729);
#3732=DIRECTION('',(-1.E0,0.E0,0.E0));
#3733=VECTOR('',#3732,6.4E-1);
#3734=CARTESIAN_POINT('',(1.082E1,1.055E0,-4.34E0));
#3735=LINE('',#3734,#3733);
#3736=DIRECTION('',(-3.312945782245E-1,3.312945782245E-1,8.834522085988E-1));
#3737=VECTOR('',#3736,4.527692569069E-1);
#3738=CARTESIAN_POINT('',(1.082E1,-3.2E-1,2.06E0));
#3739=LINE('',#3738,#3737);
#3740=DIRECTION('',(-3.312945782245E-1,-3.312945782245E-1,-8.834522085988E-1));
#3741=VECTOR('',#3740,4.527692569069E-1);
#3742=CARTESIAN_POINT('',(1.033E1,-1.7E-1,2.46E0));
#3743=LINE('',#3742,#3741);
#3744=DIRECTION('',(3.312945782245E-1,3.312945782245E-1,-8.834522085988E-1));
#3745=VECTOR('',#3744,4.527692569069E-1);
#3746=CARTESIAN_POINT('',(1.067E1,1.7E-1,2.46E0));
#3747=LINE('',#3746,#3745);
#3748=DIRECTION('',(-1.E0,0.E0,0.E0));
#3749=VECTOR('',#3748,3.4E-1);
#3750=CARTESIAN_POINT('',(1.067E1,-1.7E-1,2.46E0));
#3751=LINE('',#3750,#3749);
#3752=DIRECTION('',(0.E0,1.E0,0.E0));
#3753=VECTOR('',#3752,3.4E-1);
#3754=CARTESIAN_POINT('',(1.033E1,-1.7E-1,2.46E0));
#3755=LINE('',#3754,#3753);
#3756=DIRECTION('',(-1.E0,0.E0,0.E0));
#3757=VECTOR('',#3756,3.4E-1);
#3758=CARTESIAN_POINT('',(1.067E1,1.7E-1,2.46E0));
#3759=LINE('',#3758,#3757);
#3760=DIRECTION('',(0.E0,-1.E0,0.E0));
#3761=VECTOR('',#3760,3.4E-1);
#3762=CARTESIAN_POINT('',(1.067E1,1.7E-1,2.46E0));
#3763=LINE('',#3762,#3761);
#3764=DIRECTION('',(-3.312945782245E-1,3.312945782245E-1,-8.834522085988E-1));
#3765=VECTOR('',#3764,4.527692569069E-1);
#3766=CARTESIAN_POINT('',(1.033E1,1.7E-1,2.46E0));
#3767=LINE('',#3766,#3765);
#3768=DIRECTION('',(-1.E0,0.E0,0.E0));
#3769=VECTOR('',#3768,6.4E-1);
#3770=CARTESIAN_POINT('',(1.082E1,3.2E-1,2.06E0));
#3771=LINE('',#3770,#3769);
#3772=DIRECTION('',(-1.E0,0.E0,0.E0));
#3773=VECTOR('',#3772,6.4E-1);
#3774=CARTESIAN_POINT('',(1.082E1,-1.65E0,-3.7E0));
#3775=LINE('',#3774,#3773);
#3776=DIRECTION('',(-1.E0,0.E0,0.E0));
#3777=VECTOR('',#3776,6.4E-1);
#3778=CARTESIAN_POINT('',(1.082E1,-2.54E0,-4.59E0));
#3779=LINE('',#3778,#3777);
#3780=DIRECTION('',(-1.E0,0.E0,0.E0));
#3781=VECTOR('',#3780,6.4E-1);
#3782=CARTESIAN_POINT('',(1.082E1,-2.54E0,-5.47E0));
#3783=LINE('',#3782,#3781);
#3784=DIRECTION('',(-1.E0,0.E0,0.E0));
#3785=VECTOR('',#3784,6.4E-1);
#3786=CARTESIAN_POINT('',(1.082E1,-1.9E0,-5.47E0));
#3787=LINE('',#3786,#3785);
#3788=DIRECTION('',(0.E0,0.E0,-1.E0));
#3789=VECTOR('',#3788,6.8E-1);
#3790=CARTESIAN_POINT('',(7.82E0,1.055E0,-3.6E0));
#3791=LINE('',#3790,#3789);
#3792=DIRECTION('',(0.E0,-1.E0,0.E0));
#3793=VECTOR('',#3792,8.75E-1);
#3794=CARTESIAN_POINT('',(7.82E0,1.93E0,-3.6E0));
#3795=LINE('',#3794,#3793);
#3796=DIRECTION('',(0.E0,0.E0,-1.E0));
#3797=VECTOR('',#3796,8.E-2);
#3798=CARTESIAN_POINT('',(7.82E0,-3.2E-1,-3.6E0));
#3799=LINE('',#3798,#3797);
#3800=DIRECTION('',(0.E0,-1.E0,0.E0));
#3801=VECTOR('',#3800,1.36E0);
#3802=CARTESIAN_POINT('',(7.82E0,-3.2E-1,-3.6E0));
#3803=LINE('',#3802,#3801);
#3804=CARTESIAN_POINT('',(7.82E0,-1.65E0,-4.59E0));
#3805=DIRECTION('',(1.E0,0.E0,0.E0));
#3806=DIRECTION('',(0.E0,0.E0,1.E0));
#3807=AXIS2_PLACEMENT_3D('',#3804,#3805,#3806);
#3809=DIRECTION('',(0.E0,1.E0,0.E0));
#3810=VECTOR('',#3809,7.75E-1);
#3811=CARTESIAN_POINT('',(7.82E0,-1.65E0,-3.7E0));
#3812=LINE('',#3811,#3810);
#3813=DIRECTION('',(0.E0,1.E0,0.E0));
#3814=VECTOR('',#3813,3.8E-1);
#3815=CARTESIAN_POINT('',(7.82E0,-1.65E0,-4.34E0));
#3816=LINE('',#3815,#3814);
#3817=CARTESIAN_POINT('',(7.82E0,-1.65E0,-4.59E0));
#3818=DIRECTION('',(1.E0,0.E0,0.E0));
#3819=DIRECTION('',(0.E0,0.E0,1.E0));
#3820=AXIS2_PLACEMENT_3D('',#3817,#3818,#3819);
#3822=DIRECTION('',(-1.E0,0.E0,0.E0));
#3823=VECTOR('',#3822,6.4E-1);
#3824=CARTESIAN_POINT('',(7.82E0,1.055E0,-4.34E0));
#3825=LINE('',#3824,#3823);
#3826=DIRECTION('',(0.E0,0.E0,-1.E0));
#3827=VECTOR('',#3826,6.8E-1);
#3828=CARTESIAN_POINT('',(7.18E0,1.055E0,-3.6E0));
#3829=LINE('',#3828,#3827);
#3830=DIRECTION('',(5.551115123126E-14,0.E0,-1.E0));
#3831=VECTOR('',#3830,8.E-2);
#3832=CARTESIAN_POINT('',(7.18E0,-3.2E-1,-3.6E0));
#3833=LINE('',#3832,#3831);
#3834=DIRECTION('',(0.E0,1.E0,0.E0));
#3835=VECTOR('',#3834,7.75E-1);
#3836=CARTESIAN_POINT('',(7.18E0,-1.65E0,-3.7E0));
#3837=LINE('',#3836,#3835);
#3838=CARTESIAN_POINT('',(7.18E0,-1.65E0,-4.59E0));
#3839=DIRECTION('',(1.E0,0.E0,0.E0));
#3840=DIRECTION('',(0.E0,0.E0,1.E0));
#3841=AXIS2_PLACEMENT_3D('',#3838,#3839,#3840);
#3843=CARTESIAN_POINT('',(7.18E0,-1.65E0,-4.59E0));
#3844=DIRECTION('',(1.E0,0.E0,0.E0));
#3845=DIRECTION('',(0.E0,0.E0,1.E0));
#3846=AXIS2_PLACEMENT_3D('',#3843,#3844,#3845);
#3848=DIRECTION('',(1.168655815395E-14,1.E0,0.E0));
#3849=VECTOR('',#3848,3.8E-1);
#3850=CARTESIAN_POINT('',(7.18E0,-1.65E0,-4.34E0));
#3851=LINE('',#3850,#3849);
#3852=DIRECTION('',(1.E0,0.E0,0.E0));
#3853=VECTOR('',#3852,6.4E-1);
#3854=CARTESIAN_POINT('',(7.18E0,1.055E0,-3.6E0));
#3855=LINE('',#3854,#3853);
#3856=DIRECTION('',(0.E0,-1.E0,0.E0));
#3857=VECTOR('',#3856,8.75E-1);
#3858=CARTESIAN_POINT('',(7.18E0,1.93E0,-3.6E0));
#3859=LINE('',#3858,#3857);
#3860=DIRECTION('',(1.E0,0.E0,0.E0));
#3861=VECTOR('',#3860,6.4E-1);
#3862=CARTESIAN_POINT('',(7.18E0,-3.2E-1,-3.6E0));
#3863=LINE('',#3862,#3861);
#3864=DIRECTION('',(0.E0,-1.E0,0.E0));
#3865=VECTOR('',#3864,1.36E0);
#3866=CARTESIAN_POINT('',(7.18E0,-3.2E-1,-3.6E0));
#3867=LINE('',#3866,#3865);
#3868=DIRECTION('',(-1.E0,0.E0,0.E0));
#3869=VECTOR('',#3868,6.4E-1);
#3870=CARTESIAN_POINT('',(7.82E0,-3.2E-1,2.06E0));
#3871=LINE('',#3870,#3869);
#3872=DIRECTION('',(0.E0,-1.E0,0.E0));
#3873=VECTOR('',#3872,5.55E-1);
#3874=CARTESIAN_POINT('',(7.82E0,-3.2E-1,-3.7E0));
#3875=LINE('',#3874,#3873);
#3876=DIRECTION('',(0.E0,0.E0,-1.E0));
#3877=VECTOR('',#3876,2.E-2);
#3878=CARTESIAN_POINT('',(7.82E0,-3.2E-1,-3.68E0));
#3879=LINE('',#3878,#3877);
#3880=DIRECTION('',(0.E0,0.E0,1.E0));
#3881=VECTOR('',#3880,6.E-2);
#3882=CARTESIAN_POINT('',(7.82E0,1.055E0,-4.34E0));
#3883=LINE('',#3882,#3881);
#3884=DIRECTION('',(0.E0,1.E0,0.E0));
#3885=VECTOR('',#3884,2.325E0);
#3886=CARTESIAN_POINT('',(7.82E0,-1.27E0,-4.34E0));
#3887=LINE('',#3886,#3885);
#3888=CARTESIAN_POINT('',(7.82E0,-1.65E0,-4.59E0));
#3889=DIRECTION('',(-1.E0,0.E0,0.E0));
#3890=DIRECTION('',(0.E0,-1.E0,0.E0));
#3891=AXIS2_PLACEMENT_3D('',#3888,#3889,#3890);
#3893=DIRECTION('',(0.E0,0.E0,1.E0));
#3894=VECTOR('',#3893,8.8E-1);
#3895=CARTESIAN_POINT('',(7.82E0,-1.9E0,-5.47E0));
#3896=LINE('',#3895,#3894);
#3897=CARTESIAN_POINT('',(7.82E0,-2.22E0,-5.47E0));
#3898=DIRECTION('',(1.E0,0.E0,0.E0));
#3899=DIRECTION('',(0.E0,-1.E0,0.E0));
#3900=AXIS2_PLACEMENT_3D('',#3897,#3898,#3899);
#3902=DIRECTION('',(0.E0,0.E0,-1.E0));
#3903=VECTOR('',#3902,8.8E-1);
#3904=CARTESIAN_POINT('',(7.82E0,-2.54E0,-4.59E0));
#3905=LINE('',#3904,#3903);
#3906=CARTESIAN_POINT('',(7.82E0,-1.65E0,-4.59E0));
#3907=DIRECTION('',(1.E0,0.E0,0.E0));
#3908=DIRECTION('',(0.E0,-3.370786516854E-2,9.994317284466E-1));
#3909=AXIS2_PLACEMENT_3D('',#3906,#3907,#3908);
#3911=DIRECTION('',(0.E0,-1.E0,0.E0));
#3912=VECTOR('',#3911,6.4E-1);
#3913=CARTESIAN_POINT('',(7.82E0,3.2E-1,2.06E0));
#3914=LINE('',#3913,#3912);
#3915=DIRECTION('',(0.E0,0.E0,1.E0));
#3916=VECTOR('',#3915,3.71E0);
#3917=CARTESIAN_POINT('',(7.82E0,3.2E-1,-1.65E0));
#3918=LINE('',#3917,#3916);
#3919=DIRECTION('',(0.E0,0.E0,-1.E0));
#3920=VECTOR('',#3919,3.71E0);
#3921=CARTESIAN_POINT('',(7.82E0,-3.2E-1,2.06E0));
#3922=LINE('',#3921,#3920);
#3923=DIRECTION('',(-1.E0,0.E0,0.E0));
#3924=VECTOR('',#3923,6.4E-1);
#3925=CARTESIAN_POINT('',(7.82E0,-3.2E-1,-3.7E0));
#3926=LINE('',#3925,#3924);
#3927=DIRECTION('',(0.E0,1.E0,0.E0));
#3928=VECTOR('',#3927,2.325E0);
#3929=CARTESIAN_POINT('',(7.18E0,-1.27E0,-4.34E0));
#3930=LINE('',#3929,#3928);
#3931=DIRECTION('',(-2.960594732334E-14,0.E0,1.E0));
#3932=VECTOR('',#3931,6.E-2);
#3933=CARTESIAN_POINT('',(7.18E0,1.055E0,-4.34E0));
#3934=LINE('',#3933,#3932);
#3935=DIRECTION('',(1.332267629550E-13,0.E0,-1.E0));
#3936=VECTOR('',#3935,2.E-2);
#3937=CARTESIAN_POINT('',(7.18E0,-3.2E-1,-3.68E0));
#3938=LINE('',#3937,#3936);
#3939=DIRECTION('',(0.E0,-1.E0,0.E0));
#3940=VECTOR('',#3939,5.55E-1);
#3941=CARTESIAN_POINT('',(7.18E0,-3.2E-1,-3.7E0));
#3942=LINE('',#3941,#3940);
#3943=CARTESIAN_POINT('',(7.18E0,-1.65E0,-4.59E0));
#3944=DIRECTION('',(1.E0,0.E0,0.E0));
#3945=DIRECTION('',(0.E0,-3.370786516854E-2,9.994317284466E-1));
#3946=AXIS2_PLACEMENT_3D('',#3943,#3944,#3945);
#3948=DIRECTION('',(0.E0,0.E0,-1.E0));
#3949=VECTOR('',#3948,8.8E-1);
#3950=CARTESIAN_POINT('',(7.18E0,-2.54E0,-4.59E0));
#3951=LINE('',#3950,#3949);
#3952=CARTESIAN_POINT('',(7.18E0,-2.22E0,-5.47E0));
#3953=DIRECTION('',(1.E0,0.E0,0.E0));
#3954=DIRECTION('',(0.E0,-1.E0,0.E0));
#3955=AXIS2_PLACEMENT_3D('',#3952,#3953,#3954);
#3957=DIRECTION('',(0.E0,0.E0,1.E0));
#3958=VECTOR('',#3957,8.8E-1);
#3959=CARTESIAN_POINT('',(7.18E0,-1.9E0,-5.47E0));
#3960=LINE('',#3959,#3958);
#3961=CARTESIAN_POINT('',(7.18E0,-1.65E0,-4.59E0));
#3962=DIRECTION('',(-1.E0,0.E0,0.E0));
#3963=DIRECTION('',(0.E0,-1.E0,0.E0));
#3964=AXIS2_PLACEMENT_3D('',#3961,#3962,#3963);
#3966=DIRECTION('',(0.E0,1.E0,0.E0));
#3967=VECTOR('',#3966,6.4E-1);
#3968=CARTESIAN_POINT('',(7.18E0,-3.2E-1,2.06E0));
#3969=LINE('',#3968,#3967);
#3970=DIRECTION('',(0.E0,0.E0,-1.E0));
#3971=VECTOR('',#3970,3.71E0);
#3972=CARTESIAN_POINT('',(7.18E0,-3.2E-1,2.06E0));
#3973=LINE('',#3972,#3971);
#3974=DIRECTION('',(0.E0,0.E0,1.E0));
#3975=VECTOR('',#3974,3.71E0);
#3976=CARTESIAN_POINT('',(7.18E0,3.2E-1,-1.65E0));
#3977=LINE('',#3976,#3975);
#3978=DIRECTION('',(-1.E0,0.E0,0.E0));
#3979=VECTOR('',#3978,6.4E-1);
#3980=CARTESIAN_POINT('',(7.82E0,-1.65E0,-4.34E0));
#3981=LINE('',#3980,#3979);
#3982=DIRECTION('',(-1.E0,0.E0,0.E0));
#3983=VECTOR('',#3982,6.4E-1);
#3984=CARTESIAN_POINT('',(7.82E0,-1.9E0,-4.59E0));
#3985=LINE('',#3984,#3983);
#3986=DIRECTION('',(-1.E0,0.E0,0.E0));
#3987=VECTOR('',#3986,6.4E-1);
#3988=CARTESIAN_POINT('',(7.82E0,-1.9E0,-5.47E0));
#3989=LINE('',#3988,#3987);
#3990=DIRECTION('',(-1.E0,0.E0,0.E0));
#3991=VECTOR('',#3990,6.4E-1);
#3992=CARTESIAN_POINT('',(7.82E0,-2.54E0,-5.47E0));
#3993=LINE('',#3992,#3991);
#3994=DIRECTION('',(-1.E0,0.E0,0.E0));
#3995=VECTOR('',#3994,6.4E-1);
#3996=CARTESIAN_POINT('',(7.82E0,-2.54E0,-4.59E0));
#3997=LINE('',#3996,#3995);
#3998=DIRECTION('',(-1.E0,0.E0,0.E0));
#3999=VECTOR('',#3998,6.4E-1);
#4000=CARTESIAN_POINT('',(7.82E0,-1.65E0,-3.7E0));
#4001=LINE('',#4000,#3999);
#4002=DIRECTION('',(-3.312945782245E-1,3.312945782245E-1,-8.834522085988E-1));
#4003=VECTOR('',#4002,4.527692569069E-1);
#4004=CARTESIAN_POINT('',(7.33E0,1.7E-1,2.46E0));
#4005=LINE('',#4004,#4003);
#4006=DIRECTION('',(3.312945782245E-1,3.312945782245E-1,-8.834522085988E-1));
#4007=VECTOR('',#4006,4.527692569069E-1);
#4008=CARTESIAN_POINT('',(7.67E0,1.7E-1,2.46E0));
#4009=LINE('',#4008,#4007);
#4010=DIRECTION('',(-1.E0,0.E0,0.E0));
#4011=VECTOR('',#4010,6.4E-1);
#4012=CARTESIAN_POINT('',(7.82E0,3.2E-1,2.06E0));
#4013=LINE('',#4012,#4011);
#4014=DIRECTION('',(-1.E0,0.E0,0.E0));
#4015=VECTOR('',#4014,3.4E-1);
#4016=CARTESIAN_POINT('',(7.67E0,-1.7E-1,2.46E0));
#4017=LINE('',#4016,#4015);
#4018=DIRECTION('',(0.E0,1.E0,0.E0));
#4019=VECTOR('',#4018,3.4E-1);
#4020=CARTESIAN_POINT('',(7.33E0,-1.7E-1,2.46E0));
#4021=LINE('',#4020,#4019);
#4022=DIRECTION('',(-1.E0,0.E0,0.E0));
#4023=VECTOR('',#4022,3.4E-1);
#4024=CARTESIAN_POINT('',(7.67E0,1.7E-1,2.46E0));
#4025=LINE('',#4024,#4023);
#4026=DIRECTION('',(0.E0,-1.E0,0.E0));
#4027=VECTOR('',#4026,3.4E-1);
#4028=CARTESIAN_POINT('',(7.67E0,1.7E-1,2.46E0));
#4029=LINE('',#4028,#4027);
#4030=DIRECTION('',(-3.312945782245E-1,3.312945782245E-1,8.834522085988E-1));
#4031=VECTOR('',#4030,4.527692569069E-1);
#4032=CARTESIAN_POINT('',(7.82E0,-3.2E-1,2.06E0));
#4033=LINE('',#4032,#4031);
#4034=DIRECTION('',(-3.312945782245E-1,-3.312945782245E-1,-8.834522085988E-1));
#4035=VECTOR('',#4034,4.527692569069E-1);
#4036=CARTESIAN_POINT('',(7.33E0,-1.7E-1,2.46E0));
#4037=LINE('',#4036,#4035);
#4038=DIRECTION('',(0.E0,0.E0,-1.E0));
#4039=VECTOR('',#4038,6.8E-1);
#4040=CARTESIAN_POINT('',(4.82E0,1.055E0,-3.6E0));
#4041=LINE('',#4040,#4039);
#4042=DIRECTION('',(0.E0,-1.E0,0.E0));
#4043=VECTOR('',#4042,8.75E-1);
#4044=CARTESIAN_POINT('',(4.82E0,1.93E0,-3.6E0));
#4045=LINE('',#4044,#4043);
#4046=DIRECTION('',(0.E0,0.E0,-1.E0));
#4047=VECTOR('',#4046,8.E-2);
#4048=CARTESIAN_POINT('',(4.82E0,-3.2E-1,-3.6E0));
#4049=LINE('',#4048,#4047);
#4050=DIRECTION('',(0.E0,-1.E0,0.E0));
#4051=VECTOR('',#4050,1.36E0);
#4052=CARTESIAN_POINT('',(4.82E0,-3.2E-1,-3.6E0));
#4053=LINE('',#4052,#4051);
#4054=CARTESIAN_POINT('',(4.82E0,-1.65E0,-4.59E0));
#4055=DIRECTION('',(1.E0,0.E0,0.E0));
#4056=DIRECTION('',(0.E0,0.E0,1.E0));
#4057=AXIS2_PLACEMENT_3D('',#4054,#4055,#4056);
#4059=DIRECTION('',(0.E0,1.E0,0.E0));
#4060=VECTOR('',#4059,7.75E-1);
#4061=CARTESIAN_POINT('',(4.82E0,-1.65E0,-3.7E0));
#4062=LINE('',#4061,#4060);
#4063=DIRECTION('',(0.E0,1.E0,0.E0));
#4064=VECTOR('',#4063,3.8E-1);
#4065=CARTESIAN_POINT('',(4.82E0,-1.65E0,-4.34E0));
#4066=LINE('',#4065,#4064);
#4067=CARTESIAN_POINT('',(4.82E0,-1.65E0,-4.59E0));
#4068=DIRECTION('',(1.E0,0.E0,0.E0));
#4069=DIRECTION('',(0.E0,0.E0,1.E0));
#4070=AXIS2_PLACEMENT_3D('',#4067,#4068,#4069);
#4072=DIRECTION('',(-1.E0,0.E0,0.E0));
#4073=VECTOR('',#4072,6.4E-1);
#4074=CARTESIAN_POINT('',(4.82E0,1.055E0,-4.34E0));
#4075=LINE('',#4074,#4073);
#4076=DIRECTION('',(0.E0,0.E0,-1.E0));
#4077=VECTOR('',#4076,6.8E-1);
#4078=CARTESIAN_POINT('',(4.18E0,1.055E0,-3.6E0));
#4079=LINE('',#4078,#4077);
#4080=DIRECTION('',(2.220446049250E-14,0.E0,-1.E0));
#4081=VECTOR('',#4080,8.E-2);
#4082=CARTESIAN_POINT('',(4.18E0,-3.2E-1,-3.6E0));
#4083=LINE('',#4082,#4081);
#4084=DIRECTION('',(0.E0,1.E0,0.E0));
#4085=VECTOR('',#4084,7.75E-1);
#4086=CARTESIAN_POINT('',(4.18E0,-1.65E0,-3.7E0));
#4087=LINE('',#4086,#4085);
#4088=CARTESIAN_POINT('',(4.18E0,-1.65E0,-4.59E0));
#4089=DIRECTION('',(1.E0,0.E0,0.E0));
#4090=DIRECTION('',(0.E0,0.E0,1.E0));
#4091=AXIS2_PLACEMENT_3D('',#4088,#4089,#4090);
#4093=CARTESIAN_POINT('',(4.18E0,-1.65E0,-4.59E0));
#4094=DIRECTION('',(1.E0,0.E0,0.E0));
#4095=DIRECTION('',(0.E0,0.E0,1.E0));
#4096=AXIS2_PLACEMENT_3D('',#4093,#4094,#4095);
#4098=DIRECTION('',(0.E0,1.E0,0.E0));
#4099=VECTOR('',#4098,3.8E-1);
#4100=CARTESIAN_POINT('',(4.18E0,-1.65E0,-4.34E0));
#4101=LINE('',#4100,#4099);
#4102=DIRECTION('',(1.E0,0.E0,0.E0));
#4103=VECTOR('',#4102,6.4E-1);
#4104=CARTESIAN_POINT('',(4.18E0,1.055E0,-3.6E0));
#4105=LINE('',#4104,#4103);
#4106=DIRECTION('',(0.E0,-1.E0,0.E0));
#4107=VECTOR('',#4106,8.75E-1);
#4108=CARTESIAN_POINT('',(4.18E0,1.93E0,-3.6E0));
#4109=LINE('',#4108,#4107);
#4110=DIRECTION('',(1.E0,0.E0,0.E0));
#4111=VECTOR('',#4110,6.4E-1);
#4112=CARTESIAN_POINT('',(4.18E0,-3.2E-1,-3.6E0));
#4113=LINE('',#4112,#4111);
#4114=DIRECTION('',(0.E0,-1.E0,0.E0));
#4115=VECTOR('',#4114,1.36E0);
#4116=CARTESIAN_POINT('',(4.18E0,-3.2E-1,-3.6E0));
#4117=LINE('',#4116,#4115);
#4118=DIRECTION('',(-1.E0,0.E0,0.E0));
#4119=VECTOR('',#4118,6.4E-1);
#4120=CARTESIAN_POINT('',(4.82E0,-3.2E-1,2.06E0));
#4121=LINE('',#4120,#4119);
#4122=DIRECTION('',(0.E0,-1.E0,0.E0));
#4123=VECTOR('',#4122,5.55E-1);
#4124=CARTESIAN_POINT('',(4.82E0,-3.2E-1,-3.7E0));
#4125=LINE('',#4124,#4123);
#4126=DIRECTION('',(0.E0,0.E0,-1.E0));
#4127=VECTOR('',#4126,2.E-2);
#4128=CARTESIAN_POINT('',(4.82E0,-3.2E-1,-3.68E0));
#4129=LINE('',#4128,#4127);
#4130=DIRECTION('',(0.E0,0.E0,1.E0));
#4131=VECTOR('',#4130,6.E-2);
#4132=CARTESIAN_POINT('',(4.82E0,1.055E0,-4.34E0));
#4133=LINE('',#4132,#4131);
#4134=DIRECTION('',(0.E0,1.E0,0.E0));
#4135=VECTOR('',#4134,2.325E0);
#4136=CARTESIAN_POINT('',(4.82E0,-1.27E0,-4.34E0));
#4137=LINE('',#4136,#4135);
#4138=CARTESIAN_POINT('',(4.82E0,-1.65E0,-4.59E0));
#4139=DIRECTION('',(-1.E0,0.E0,0.E0));
#4140=DIRECTION('',(0.E0,-1.E0,0.E0));
#4141=AXIS2_PLACEMENT_3D('',#4138,#4139,#4140);
#4143=DIRECTION('',(0.E0,0.E0,1.E0));
#4144=VECTOR('',#4143,8.8E-1);
#4145=CARTESIAN_POINT('',(4.82E0,-1.9E0,-5.47E0));
#4146=LINE('',#4145,#4144);
#4147=CARTESIAN_POINT('',(4.82E0,-2.22E0,-5.47E0));
#4148=DIRECTION('',(1.E0,0.E0,0.E0));
#4149=DIRECTION('',(0.E0,-1.E0,0.E0));
#4150=AXIS2_PLACEMENT_3D('',#4147,#4148,#4149);
#4152=DIRECTION('',(0.E0,0.E0,-1.E0));
#4153=VECTOR('',#4152,8.8E-1);
#4154=CARTESIAN_POINT('',(4.82E0,-2.54E0,-4.59E0));
#4155=LINE('',#4154,#4153);
#4156=CARTESIAN_POINT('',(4.82E0,-1.65E0,-4.59E0));
#4157=DIRECTION('',(1.E0,0.E0,0.E0));
#4158=DIRECTION('',(0.E0,-3.370786516854E-2,9.994317284466E-1));
#4159=AXIS2_PLACEMENT_3D('',#4156,#4157,#4158);
#4161=DIRECTION('',(0.E0,-1.E0,0.E0));
#4162=VECTOR('',#4161,6.4E-1);
#4163=CARTESIAN_POINT('',(4.82E0,3.2E-1,2.06E0));
#4164=LINE('',#4163,#4162);
#4165=DIRECTION('',(0.E0,0.E0,1.E0));
#4166=VECTOR('',#4165,3.71E0);
#4167=CARTESIAN_POINT('',(4.82E0,3.2E-1,-1.65E0));
#4168=LINE('',#4167,#4166);
#4169=DIRECTION('',(0.E0,0.E0,-1.E0));
#4170=VECTOR('',#4169,3.71E0);
#4171=CARTESIAN_POINT('',(4.82E0,-3.2E-1,2.06E0));
#4172=LINE('',#4171,#4170);
#4173=DIRECTION('',(-1.E0,0.E0,0.E0));
#4174=VECTOR('',#4173,6.4E-1);
#4175=CARTESIAN_POINT('',(4.82E0,-3.2E-1,-3.7E0));
#4176=LINE('',#4175,#4174);
#4177=DIRECTION('',(0.E0,1.E0,0.E0));
#4178=VECTOR('',#4177,2.325E0);
#4179=CARTESIAN_POINT('',(4.18E0,-1.27E0,-4.34E0));
#4180=LINE('',#4179,#4178);
#4181=DIRECTION('',(-1.480297366167E-14,0.E0,1.E0));
#4182=VECTOR('',#4181,6.E-2);
#4183=CARTESIAN_POINT('',(4.18E0,1.055E0,-4.34E0));
#4184=LINE('',#4183,#4182);
#4185=DIRECTION('',(4.440892098501E-14,0.E0,-1.E0));
#4186=VECTOR('',#4185,2.E-2);
#4187=CARTESIAN_POINT('',(4.18E0,-3.2E-1,-3.68E0));
#4188=LINE('',#4187,#4186);
#4189=DIRECTION('',(0.E0,-1.E0,0.E0));
#4190=VECTOR('',#4189,5.55E-1);
#4191=CARTESIAN_POINT('',(4.18E0,-3.2E-1,-3.7E0));
#4192=LINE('',#4191,#4190);
#4193=CARTESIAN_POINT('',(4.18E0,-1.65E0,-4.59E0));
#4194=DIRECTION('',(1.E0,0.E0,0.E0));
#4195=DIRECTION('',(0.E0,-3.370786516854E-2,9.994317284466E-1));
#4196=AXIS2_PLACEMENT_3D('',#4193,#4194,#4195);
#4198=DIRECTION('',(0.E0,0.E0,-1.E0));
#4199=VECTOR('',#4198,8.8E-1);
#4200=CARTESIAN_POINT('',(4.18E0,-2.54E0,-4.59E0));
#4201=LINE('',#4200,#4199);
#4202=CARTESIAN_POINT('',(4.18E0,-2.22E0,-5.47E0));
#4203=DIRECTION('',(1.E0,0.E0,0.E0));
#4204=DIRECTION('',(0.E0,-1.E0,0.E0));
#4205=AXIS2_PLACEMENT_3D('',#4202,#4203,#4204);
#4207=DIRECTION('',(0.E0,0.E0,1.E0));
#4208=VECTOR('',#4207,8.8E-1);
#4209=CARTESIAN_POINT('',(4.18E0,-1.9E0,-5.47E0));
#4210=LINE('',#4209,#4208);
#4211=CARTESIAN_POINT('',(4.18E0,-1.65E0,-4.59E0));
#4212=DIRECTION('',(-1.E0,0.E0,0.E0));
#4213=DIRECTION('',(0.E0,-1.E0,0.E0));
#4214=AXIS2_PLACEMENT_3D('',#4211,#4212,#4213);
#4216=DIRECTION('',(0.E0,1.E0,0.E0));
#4217=VECTOR('',#4216,6.4E-1);
#4218=CARTESIAN_POINT('',(4.18E0,-3.2E-1,2.06E0));
#4219=LINE('',#4218,#4217);
#4220=DIRECTION('',(0.E0,0.E0,-1.E0));
#4221=VECTOR('',#4220,3.71E0);
#4222=CARTESIAN_POINT('',(4.18E0,-3.2E-1,2.06E0));
#4223=LINE('',#4222,#4221);
#4224=DIRECTION('',(0.E0,0.E0,1.E0));
#4225=VECTOR('',#4224,3.71E0);
#4226=CARTESIAN_POINT('',(4.18E0,3.2E-1,-1.65E0));
#4227=LINE('',#4226,#4225);
#4228=DIRECTION('',(-1.E0,0.E0,0.E0));
#4229=VECTOR('',#4228,6.4E-1);
#4230=CARTESIAN_POINT('',(4.82E0,-1.65E0,-4.34E0));
#4231=LINE('',#4230,#4229);
#4232=DIRECTION('',(-1.E0,0.E0,0.E0));
#4233=VECTOR('',#4232,6.4E-1);
#4234=CARTESIAN_POINT('',(4.82E0,-1.9E0,-4.59E0));
#4235=LINE('',#4234,#4233);
#4236=DIRECTION('',(-1.E0,0.E0,0.E0));
#4237=VECTOR('',#4236,6.4E-1);
#4238=CARTESIAN_POINT('',(4.82E0,-1.9E0,-5.47E0));
#4239=LINE('',#4238,#4237);
#4240=DIRECTION('',(-1.E0,0.E0,0.E0));
#4241=VECTOR('',#4240,6.4E-1);
#4242=CARTESIAN_POINT('',(4.82E0,-2.54E0,-5.47E0));
#4243=LINE('',#4242,#4241);
#4244=DIRECTION('',(-1.E0,0.E0,0.E0));
#4245=VECTOR('',#4244,6.4E-1);
#4246=CARTESIAN_POINT('',(4.82E0,-2.54E0,-4.59E0));
#4247=LINE('',#4246,#4245);
#4248=DIRECTION('',(-1.E0,0.E0,0.E0));
#4249=VECTOR('',#4248,6.4E-1);
#4250=CARTESIAN_POINT('',(4.82E0,-1.65E0,-3.7E0));
#4251=LINE('',#4250,#4249);
#4252=DIRECTION('',(-3.312945782245E-1,3.312945782245E-1,-8.834522085988E-1));
#4253=VECTOR('',#4252,4.527692569069E-1);
#4254=CARTESIAN_POINT('',(4.33E0,1.7E-1,2.46E0));
#4255=LINE('',#4254,#4253);
#4256=DIRECTION('',(3.312945782245E-1,3.312945782245E-1,-8.834522085988E-1));
#4257=VECTOR('',#4256,4.527692569069E-1);
#4258=CARTESIAN_POINT('',(4.67E0,1.7E-1,2.46E0));
#4259=LINE('',#4258,#4257);
#4260=DIRECTION('',(-1.E0,0.E0,0.E0));
#4261=VECTOR('',#4260,6.4E-1);
#4262=CARTESIAN_POINT('',(4.82E0,3.2E-1,2.06E0));
#4263=LINE('',#4262,#4261);
#4264=DIRECTION('',(-1.E0,0.E0,0.E0));
#4265=VECTOR('',#4264,3.4E-1);
#4266=CARTESIAN_POINT('',(4.67E0,-1.7E-1,2.46E0));
#4267=LINE('',#4266,#4265);
#4268=DIRECTION('',(0.E0,1.E0,0.E0));
#4269=VECTOR('',#4268,3.4E-1);
#4270=CARTESIAN_POINT('',(4.33E0,-1.7E-1,2.46E0));
#4271=LINE('',#4270,#4269);
#4272=DIRECTION('',(-1.E0,0.E0,0.E0));
#4273=VECTOR('',#4272,3.4E-1);
#4274=CARTESIAN_POINT('',(4.67E0,1.7E-1,2.46E0));
#4275=LINE('',#4274,#4273);
#4276=DIRECTION('',(0.E0,-1.E0,0.E0));
#4277=VECTOR('',#4276,3.4E-1);
#4278=CARTESIAN_POINT('',(4.67E0,1.7E-1,2.46E0));
#4279=LINE('',#4278,#4277);
#4280=DIRECTION('',(-3.312945782245E-1,3.312945782245E-1,8.834522085988E-1));
#4281=VECTOR('',#4280,4.527692569069E-1);
#4282=CARTESIAN_POINT('',(4.82E0,-3.2E-1,2.06E0));
#4283=LINE('',#4282,#4281);
#4284=DIRECTION('',(-3.312945782245E-1,-3.312945782245E-1,-8.834522085988E-1));
#4285=VECTOR('',#4284,4.527692569069E-1);
#4286=CARTESIAN_POINT('',(4.33E0,-1.7E-1,2.46E0));
#4287=LINE('',#4286,#4285);
#4288=DIRECTION('',(0.E0,0.E0,-1.E0));
#4289=VECTOR('',#4288,6.8E-1);
#4290=CARTESIAN_POINT('',(1.82E0,1.055E0,-3.6E0));
#4291=LINE('',#4290,#4289);
#4292=DIRECTION('',(0.E0,-1.E0,0.E0));
#4293=VECTOR('',#4292,8.75E-1);
#4294=CARTESIAN_POINT('',(1.82E0,1.93E0,-3.6E0));
#4295=LINE('',#4294,#4293);
#4296=DIRECTION('',(-2.498001805407E-14,0.E0,-1.E0));
#4297=VECTOR('',#4296,8.E-2);
#4298=CARTESIAN_POINT('',(1.82E0,-3.2E-1,-3.6E0));
#4299=LINE('',#4298,#4297);
#4300=DIRECTION('',(0.E0,-1.E0,0.E0));
#4301=VECTOR('',#4300,1.36E0);
#4302=CARTESIAN_POINT('',(1.82E0,-3.2E-1,-3.6E0));
#4303=LINE('',#4302,#4301);
#4304=CARTESIAN_POINT('',(1.82E0,-1.65E0,-4.59E0));
#4305=DIRECTION('',(1.E0,0.E0,0.E0));
#4306=DIRECTION('',(0.E0,0.E0,1.E0));
#4307=AXIS2_PLACEMENT_3D('',#4304,#4305,#4306);
#4309=DIRECTION('',(0.E0,1.E0,0.E0));
#4310=VECTOR('',#4309,7.75E-1);
#4311=CARTESIAN_POINT('',(1.82E0,-1.65E0,-3.7E0));
#4312=LINE('',#4311,#4310);
#4313=DIRECTION('',(0.E0,1.E0,0.E0));
#4314=VECTOR('',#4313,3.8E-1);
#4315=CARTESIAN_POINT('',(1.82E0,-1.65E0,-4.34E0));
#4316=LINE('',#4315,#4314);
#4317=CARTESIAN_POINT('',(1.82E0,-1.65E0,-4.59E0));
#4318=DIRECTION('',(1.E0,0.E0,0.E0));
#4319=DIRECTION('',(0.E0,0.E0,1.E0));
#4320=AXIS2_PLACEMENT_3D('',#4317,#4318,#4319);
#4322=DIRECTION('',(-1.E0,0.E0,0.E0));
#4323=VECTOR('',#4322,6.4E-1);
#4324=CARTESIAN_POINT('',(1.82E0,1.055E0,-4.34E0));
#4325=LINE('',#4324,#4323);
#4326=DIRECTION('',(0.E0,0.E0,-1.E0));
#4327=VECTOR('',#4326,6.8E-1);
#4328=CARTESIAN_POINT('',(1.18E0,1.055E0,-3.6E0));
#4329=LINE('',#4328,#4327);
#4330=DIRECTION('',(1.110223024625E-14,0.E0,-1.E0));
#4331=VECTOR('',#4330,8.E-2);
#4332=CARTESIAN_POINT('',(1.18E0,-3.2E-1,-3.6E0));
#4333=LINE('',#4332,#4331);
#4334=DIRECTION('',(0.E0,1.E0,0.E0));
#4335=VECTOR('',#4334,7.75E-1);
#4336=CARTESIAN_POINT('',(1.18E0,-1.65E0,-3.7E0));
#4337=LINE('',#4336,#4335);
#4338=CARTESIAN_POINT('',(1.18E0,-1.65E0,-4.59E0));
#4339=DIRECTION('',(1.E0,0.E0,0.E0));
#4340=DIRECTION('',(0.E0,0.E0,1.E0));
#4341=AXIS2_PLACEMENT_3D('',#4338,#4339,#4340);
#4343=CARTESIAN_POINT('',(1.18E0,-1.65E0,-4.59E0));
#4344=DIRECTION('',(1.E0,0.E0,0.E0));
#4345=DIRECTION('',(0.E0,0.E0,1.E0));
#4346=AXIS2_PLACEMENT_3D('',#4343,#4344,#4345);
#4348=DIRECTION('',(0.E0,1.E0,0.E0));
#4349=VECTOR('',#4348,3.8E-1);
#4350=CARTESIAN_POINT('',(1.18E0,-1.65E0,-4.34E0));
#4351=LINE('',#4350,#4349);
#4352=DIRECTION('',(1.E0,0.E0,0.E0));
#4353=VECTOR('',#4352,6.4E-1);
#4354=CARTESIAN_POINT('',(1.18E0,1.055E0,-3.6E0));
#4355=LINE('',#4354,#4353);
#4356=DIRECTION('',(0.E0,-1.E0,0.E0));
#4357=VECTOR('',#4356,8.75E-1);
#4358=CARTESIAN_POINT('',(1.18E0,1.93E0,-3.6E0));
#4359=LINE('',#4358,#4357);
#4360=DIRECTION('',(1.E0,0.E0,0.E0));
#4361=VECTOR('',#4360,6.4E-1);
#4362=CARTESIAN_POINT('',(1.18E0,-3.2E-1,-3.6E0));
#4363=LINE('',#4362,#4361);
#4364=DIRECTION('',(0.E0,-1.E0,0.E0));
#4365=VECTOR('',#4364,1.36E0);
#4366=CARTESIAN_POINT('',(1.18E0,-3.2E-1,-3.6E0));
#4367=LINE('',#4366,#4365);
#4368=DIRECTION('',(-1.E0,0.E0,0.E0));
#4369=VECTOR('',#4368,6.4E-1);
#4370=CARTESIAN_POINT('',(1.82E0,-3.2E-1,2.06E0));
#4371=LINE('',#4370,#4369);
#4372=DIRECTION('',(0.E0,-1.E0,0.E0));
#4373=VECTOR('',#4372,5.55E-1);
#4374=CARTESIAN_POINT('',(1.82E0,-3.2E-1,-3.7E0));
#4375=LINE('',#4374,#4373);
#4376=DIRECTION('',(-1.110223024625E-13,0.E0,-1.E0));
#4377=VECTOR('',#4376,2.E-2);
#4378=CARTESIAN_POINT('',(1.82E0,-3.2E-1,-3.68E0));
#4379=LINE('',#4378,#4377);
#4380=DIRECTION('',(3.330669073875E-14,0.E0,1.E0));
#4381=VECTOR('',#4380,6.E-2);
#4382=CARTESIAN_POINT('',(1.82E0,1.055E0,-4.34E0));
#4383=LINE('',#4382,#4381);
#4384=DIRECTION('',(0.E0,1.E0,0.E0));
#4385=VECTOR('',#4384,2.325E0);
#4386=CARTESIAN_POINT('',(1.82E0,-1.27E0,-4.34E0));
#4387=LINE('',#4386,#4385);
#4388=CARTESIAN_POINT('',(1.82E0,-1.65E0,-4.59E0));
#4389=DIRECTION('',(-1.E0,0.E0,0.E0));
#4390=DIRECTION('',(0.E0,-1.E0,0.E0));
#4391=AXIS2_PLACEMENT_3D('',#4388,#4389,#4390);
#4393=DIRECTION('',(0.E0,0.E0,1.E0));
#4394=VECTOR('',#4393,8.8E-1);
#4395=CARTESIAN_POINT('',(1.82E0,-1.9E0,-5.47E0));
#4396=LINE('',#4395,#4394);
#4397=CARTESIAN_POINT('',(1.82E0,-2.22E0,-5.47E0));
#4398=DIRECTION('',(1.E0,0.E0,0.E0));
#4399=DIRECTION('',(0.E0,-1.E0,0.E0));
#4400=AXIS2_PLACEMENT_3D('',#4397,#4398,#4399);
#4402=DIRECTION('',(0.E0,0.E0,-1.E0));
#4403=VECTOR('',#4402,8.8E-1);
#4404=CARTESIAN_POINT('',(1.82E0,-2.54E0,-4.59E0));
#4405=LINE('',#4404,#4403);
#4406=CARTESIAN_POINT('',(1.82E0,-1.65E0,-4.59E0));
#4407=DIRECTION('',(1.E0,0.E0,0.E0));
#4408=DIRECTION('',(0.E0,-3.370786516854E-2,9.994317284466E-1));
#4409=AXIS2_PLACEMENT_3D('',#4406,#4407,#4408);
#4411=DIRECTION('',(0.E0,-1.E0,0.E0));
#4412=VECTOR('',#4411,6.4E-1);
#4413=CARTESIAN_POINT('',(1.82E0,3.2E-1,2.06E0));
#4414=LINE('',#4413,#4412);
#4415=DIRECTION('',(0.E0,0.E0,1.E0));
#4416=VECTOR('',#4415,3.71E0);
#4417=CARTESIAN_POINT('',(1.82E0,3.2E-1,-1.65E0));
#4418=LINE('',#4417,#4416);
#4419=DIRECTION('',(0.E0,0.E0,-1.E0));
#4420=VECTOR('',#4419,3.71E0);
#4421=CARTESIAN_POINT('',(1.82E0,-3.2E-1,2.06E0));
#4422=LINE('',#4421,#4420);
#4423=DIRECTION('',(-1.E0,0.E0,0.E0));
#4424=VECTOR('',#4423,6.4E-1);
#4425=CARTESIAN_POINT('',(1.82E0,-3.2E-1,-3.7E0));
#4426=LINE('',#4425,#4424);
#4427=DIRECTION('',(0.E0,1.E0,0.E0));
#4428=VECTOR('',#4427,2.325E0);
#4429=CARTESIAN_POINT('',(1.18E0,-1.27E0,-4.34E0));
#4430=LINE('',#4429,#4428);
#4431=DIRECTION('',(-1.480297366167E-14,0.E0,1.E0));
#4432=VECTOR('',#4431,6.E-2);
#4433=CARTESIAN_POINT('',(1.18E0,1.055E0,-4.34E0));
#4434=LINE('',#4433,#4432);
#4435=DIRECTION('',(4.440892098501E-14,0.E0,-1.E0));
#4436=VECTOR('',#4435,2.E-2);
#4437=CARTESIAN_POINT('',(1.18E0,-3.2E-1,-3.68E0));
#4438=LINE('',#4437,#4436);
#4439=DIRECTION('',(0.E0,-1.E0,0.E0));
#4440=VECTOR('',#4439,5.55E-1);
#4441=CARTESIAN_POINT('',(1.18E0,-3.2E-1,-3.7E0));
#4442=LINE('',#4441,#4440);
#4443=CARTESIAN_POINT('',(1.18E0,-1.65E0,-4.59E0));
#4444=DIRECTION('',(1.E0,0.E0,0.E0));
#4445=DIRECTION('',(0.E0,-3.370786516854E-2,9.994317284466E-1));
#4446=AXIS2_PLACEMENT_3D('',#4443,#4444,#4445);
#4448=DIRECTION('',(0.E0,0.E0,-1.E0));
#4449=VECTOR('',#4448,8.8E-1);
#4450=CARTESIAN_POINT('',(1.18E0,-2.54E0,-4.59E0));
#4451=LINE('',#4450,#4449);
#4452=CARTESIAN_POINT('',(1.18E0,-2.22E0,-5.47E0));
#4453=DIRECTION('',(1.E0,0.E0,0.E0));
#4454=DIRECTION('',(0.E0,-1.E0,0.E0));
#4455=AXIS2_PLACEMENT_3D('',#4452,#4453,#4454);
#4457=DIRECTION('',(0.E0,0.E0,1.E0));
#4458=VECTOR('',#4457,8.8E-1);
#4459=CARTESIAN_POINT('',(1.18E0,-1.9E0,-5.47E0));
#4460=LINE('',#4459,#4458);
#4461=CARTESIAN_POINT('',(1.18E0,-1.65E0,-4.59E0));
#4462=DIRECTION('',(-1.E0,0.E0,0.E0));
#4463=DIRECTION('',(0.E0,-1.E0,0.E0));
#4464=AXIS2_PLACEMENT_3D('',#4461,#4462,#4463);
#4466=DIRECTION('',(0.E0,1.E0,0.E0));
#4467=VECTOR('',#4466,6.4E-1);
#4468=CARTESIAN_POINT('',(1.18E0,-3.2E-1,2.06E0));
#4469=LINE('',#4468,#4467);
#4470=DIRECTION('',(0.E0,0.E0,-1.E0));
#4471=VECTOR('',#4470,3.71E0);
#4472=CARTESIAN_POINT('',(1.18E0,-3.2E-1,2.06E0));
#4473=LINE('',#4472,#4471);
#4474=DIRECTION('',(0.E0,0.E0,1.E0));
#4475=VECTOR('',#4474,3.71E0);
#4476=CARTESIAN_POINT('',(1.18E0,3.2E-1,-1.65E0));
#4477=LINE('',#4476,#4475);
#4478=DIRECTION('',(-1.E0,0.E0,0.E0));
#4479=VECTOR('',#4478,6.4E-1);
#4480=CARTESIAN_POINT('',(1.82E0,-1.65E0,-4.34E0));
#4481=LINE('',#4480,#4479);
#4482=DIRECTION('',(-1.E0,0.E0,0.E0));
#4483=VECTOR('',#4482,6.4E-1);
#4484=CARTESIAN_POINT('',(1.82E0,-1.9E0,-4.59E0));
#4485=LINE('',#4484,#4483);
#4486=DIRECTION('',(-1.E0,0.E0,0.E0));
#4487=VECTOR('',#4486,6.4E-1);
#4488=CARTESIAN_POINT('',(1.82E0,-1.9E0,-5.47E0));
#4489=LINE('',#4488,#4487);
#4490=DIRECTION('',(-1.E0,0.E0,0.E0));
#4491=VECTOR('',#4490,6.4E-1);
#4492=CARTESIAN_POINT('',(1.82E0,-2.54E0,-5.47E0));
#4493=LINE('',#4492,#4491);
#4494=DIRECTION('',(-1.E0,0.E0,0.E0));
#4495=VECTOR('',#4494,6.4E-1);
#4496=CARTESIAN_POINT('',(1.82E0,-2.54E0,-4.59E0));
#4497=LINE('',#4496,#4495);
#4498=DIRECTION('',(-1.E0,0.E0,0.E0));
#4499=VECTOR('',#4498,6.4E-1);
#4500=CARTESIAN_POINT('',(1.82E0,-1.65E0,-3.7E0));
#4501=LINE('',#4500,#4499);
#4502=DIRECTION('',(-3.312945782245E-1,3.312945782245E-1,-8.834522085988E-1));
#4503=VECTOR('',#4502,4.527692569069E-1);
#4504=CARTESIAN_POINT('',(1.33E0,1.7E-1,2.46E0));
#4505=LINE('',#4504,#4503);
#4506=DIRECTION('',(3.312945782245E-1,3.312945782245E-1,-8.834522085988E-1));
#4507=VECTOR('',#4506,4.527692569069E-1);
#4508=CARTESIAN_POINT('',(1.67E0,1.7E-1,2.46E0));
#4509=LINE('',#4508,#4507);
#4510=DIRECTION('',(-1.E0,0.E0,0.E0));
#4511=VECTOR('',#4510,6.4E-1);
#4512=CARTESIAN_POINT('',(1.82E0,3.2E-1,2.06E0));
#4513=LINE('',#4512,#4511);
#4514=DIRECTION('',(-1.E0,0.E0,0.E0));
#4515=VECTOR('',#4514,3.4E-1);
#4516=CARTESIAN_POINT('',(1.67E0,-1.7E-1,2.46E0));
#4517=LINE('',#4516,#4515);
#4518=DIRECTION('',(0.E0,1.E0,0.E0));
#4519=VECTOR('',#4518,3.4E-1);
#4520=CARTESIAN_POINT('',(1.33E0,-1.7E-1,2.46E0));
#4521=LINE('',#4520,#4519);
#4522=DIRECTION('',(-1.E0,0.E0,0.E0));
#4523=VECTOR('',#4522,3.4E-1);
#4524=CARTESIAN_POINT('',(1.67E0,1.7E-1,2.46E0));
#4525=LINE('',#4524,#4523);
#4526=DIRECTION('',(0.E0,-1.E0,0.E0));
#4527=VECTOR('',#4526,3.4E-1);
#4528=CARTESIAN_POINT('',(1.67E0,1.7E-1,2.46E0));
#4529=LINE('',#4528,#4527);
#4530=DIRECTION('',(-3.312945782245E-1,3.312945782245E-1,8.834522085988E-1));
#4531=VECTOR('',#4530,4.527692569069E-1);
#4532=CARTESIAN_POINT('',(1.82E0,-3.2E-1,2.06E0));
#4533=LINE('',#4532,#4531);
#4534=DIRECTION('',(-3.312945782245E-1,-3.312945782245E-1,-8.834522085988E-1));
#4535=VECTOR('',#4534,4.527692569069E-1);
#4536=CARTESIAN_POINT('',(1.33E0,-1.7E-1,2.46E0));
#4537=LINE('',#4536,#4535);
#4538=DIRECTION('',(0.E0,0.E0,-1.E0));
#4539=VECTOR('',#4538,6.8E-1);
#4540=CARTESIAN_POINT('',(-1.18E0,1.055E0,-3.6E0));
#4541=LINE('',#4540,#4539);
#4542=DIRECTION('',(0.E0,-1.E0,0.E0));
#4543=VECTOR('',#4542,8.75E-1);
#4544=CARTESIAN_POINT('',(-1.18E0,1.93E0,-3.6E0));
#4545=LINE('',#4544,#4543);
#4546=DIRECTION('',(-1.387778780781E-14,0.E0,-1.E0));
#4547=VECTOR('',#4546,8.E-2);
#4548=CARTESIAN_POINT('',(-1.18E0,-3.2E-1,-3.6E0));
#4549=LINE('',#4548,#4547);
#4550=DIRECTION('',(0.E0,-1.E0,0.E0));
#4551=VECTOR('',#4550,1.36E0);
#4552=CARTESIAN_POINT('',(-1.18E0,-3.2E-1,-3.6E0));
#4553=LINE('',#4552,#4551);
#4554=CARTESIAN_POINT('',(-1.18E0,-1.65E0,-4.59E0));
#4555=DIRECTION('',(1.E0,0.E0,0.E0));
#4556=DIRECTION('',(0.E0,0.E0,1.E0));
#4557=AXIS2_PLACEMENT_3D('',#4554,#4555,#4556);
#4559=DIRECTION('',(0.E0,1.E0,0.E0));
#4560=VECTOR('',#4559,7.75E-1);
#4561=CARTESIAN_POINT('',(-1.18E0,-1.65E0,-3.7E0));
#4562=LINE('',#4561,#4560);
#4563=DIRECTION('',(0.E0,1.E0,0.E0));
#4564=VECTOR('',#4563,3.8E-1);
#4565=CARTESIAN_POINT('',(-1.18E0,-1.65E0,-4.34E0));
#4566=LINE('',#4565,#4564);
#4567=CARTESIAN_POINT('',(-1.18E0,-1.65E0,-4.59E0));
#4568=DIRECTION('',(1.E0,0.E0,0.E0));
#4569=DIRECTION('',(0.E0,0.E0,1.E0));
#4570=AXIS2_PLACEMENT_3D('',#4567,#4568,#4569);
#4572=DIRECTION('',(-1.E0,0.E0,0.E0));
#4573=VECTOR('',#4572,6.4E-1);
#4574=CARTESIAN_POINT('',(-1.18E0,1.055E0,-4.34E0));
#4575=LINE('',#4574,#4573);
#4576=DIRECTION('',(0.E0,0.E0,-1.E0));
#4577=VECTOR('',#4576,6.8E-1);
#4578=CARTESIAN_POINT('',(-1.82E0,1.055E0,-3.6E0));
#4579=LINE('',#4578,#4577);
#4580=DIRECTION('',(2.220446049250E-14,0.E0,-1.E0));
#4581=VECTOR('',#4580,8.E-2);
#4582=CARTESIAN_POINT('',(-1.82E0,-3.2E-1,-3.6E0));
#4583=LINE('',#4582,#4581);
#4584=DIRECTION('',(0.E0,1.E0,0.E0));
#4585=VECTOR('',#4584,7.75E-1);
#4586=CARTESIAN_POINT('',(-1.82E0,-1.65E0,-3.7E0));
#4587=LINE('',#4586,#4585);
#4588=CARTESIAN_POINT('',(-1.82E0,-1.65E0,-4.59E0));
#4589=DIRECTION('',(1.E0,0.E0,0.E0));
#4590=DIRECTION('',(0.E0,0.E0,1.E0));
#4591=AXIS2_PLACEMENT_3D('',#4588,#4589,#4590);
#4593=CARTESIAN_POINT('',(-1.82E0,-1.65E0,-4.59E0));
#4594=DIRECTION('',(1.E0,0.E0,0.E0));
#4595=DIRECTION('',(0.E0,0.E0,1.E0));
#4596=AXIS2_PLACEMENT_3D('',#4593,#4594,#4595);
#4598=DIRECTION('',(0.E0,1.E0,0.E0));
#4599=VECTOR('',#4598,3.8E-1);
#4600=CARTESIAN_POINT('',(-1.82E0,-1.65E0,-4.34E0));
#4601=LINE('',#4600,#4599);
#4602=DIRECTION('',(1.E0,0.E0,0.E0));
#4603=VECTOR('',#4602,6.4E-1);
#4604=CARTESIAN_POINT('',(-1.82E0,1.055E0,-3.6E0));
#4605=LINE('',#4604,#4603);
#4606=DIRECTION('',(0.E0,-1.E0,0.E0));
#4607=VECTOR('',#4606,8.75E-1);
#4608=CARTESIAN_POINT('',(-1.82E0,1.93E0,-3.6E0));
#4609=LINE('',#4608,#4607);
#4610=DIRECTION('',(1.E0,0.E0,0.E0));
#4611=VECTOR('',#4610,6.4E-1);
#4612=CARTESIAN_POINT('',(-1.82E0,-3.2E-1,-3.6E0));
#4613=LINE('',#4612,#4611);
#4614=DIRECTION('',(0.E0,-1.E0,0.E0));
#4615=VECTOR('',#4614,1.36E0);
#4616=CARTESIAN_POINT('',(-1.82E0,-3.2E-1,-3.6E0));
#4617=LINE('',#4616,#4615);
#4618=DIRECTION('',(-1.E0,0.E0,0.E0));
#4619=VECTOR('',#4618,6.4E-1);
#4620=CARTESIAN_POINT('',(-1.18E0,-3.2E-1,2.06E0));
#4621=LINE('',#4620,#4619);
#4622=DIRECTION('',(0.E0,-1.E0,0.E0));
#4623=VECTOR('',#4622,5.55E-1);
#4624=CARTESIAN_POINT('',(-1.18E0,-3.2E-1,-3.7E0));
#4625=LINE('',#4624,#4623);
#4626=DIRECTION('',(-3.330669073876E-14,0.E0,-1.E0));
#4627=VECTOR('',#4626,2.E-2);
#4628=CARTESIAN_POINT('',(-1.18E0,-3.2E-1,-3.68E0));
#4629=LINE('',#4628,#4627);
#4630=DIRECTION('',(1.110223024625E-14,0.E0,1.E0));
#4631=VECTOR('',#4630,6.E-2);
#4632=CARTESIAN_POINT('',(-1.18E0,1.055E0,-4.34E0));
#4633=LINE('',#4632,#4631);
#4634=DIRECTION('',(0.E0,1.E0,0.E0));
#4635=VECTOR('',#4634,2.325E0);
#4636=CARTESIAN_POINT('',(-1.18E0,-1.27E0,-4.34E0));
#4637=LINE('',#4636,#4635);
#4638=CARTESIAN_POINT('',(-1.18E0,-1.65E0,-4.59E0));
#4639=DIRECTION('',(-1.E0,0.E0,0.E0));
#4640=DIRECTION('',(0.E0,-1.E0,0.E0));
#4641=AXIS2_PLACEMENT_3D('',#4638,#4639,#4640);
#4643=DIRECTION('',(0.E0,0.E0,1.E0));
#4644=VECTOR('',#4643,8.8E-1);
#4645=CARTESIAN_POINT('',(-1.18E0,-1.9E0,-5.47E0));
#4646=LINE('',#4645,#4644);
#4647=CARTESIAN_POINT('',(-1.18E0,-2.22E0,-5.47E0));
#4648=DIRECTION('',(1.E0,0.E0,0.E0));
#4649=DIRECTION('',(0.E0,-1.E0,0.E0));
#4650=AXIS2_PLACEMENT_3D('',#4647,#4648,#4649);
#4652=DIRECTION('',(0.E0,0.E0,-1.E0));
#4653=VECTOR('',#4652,8.8E-1);
#4654=CARTESIAN_POINT('',(-1.18E0,-2.54E0,-4.59E0));
#4655=LINE('',#4654,#4653);
#4656=CARTESIAN_POINT('',(-1.18E0,-1.65E0,-4.59E0));
#4657=DIRECTION('',(1.E0,0.E0,0.E0));
#4658=DIRECTION('',(0.E0,-3.370786516854E-2,9.994317284466E-1));
#4659=AXIS2_PLACEMENT_3D('',#4656,#4657,#4658);
#4661=DIRECTION('',(0.E0,-1.E0,0.E0));
#4662=VECTOR('',#4661,6.4E-1);
#4663=CARTESIAN_POINT('',(-1.18E0,3.2E-1,2.06E0));
#4664=LINE('',#4663,#4662);
#4665=DIRECTION('',(0.E0,0.E0,1.E0));
#4666=VECTOR('',#4665,3.71E0);
#4667=CARTESIAN_POINT('',(-1.18E0,3.2E-1,-1.65E0));
#4668=LINE('',#4667,#4666);
#4669=DIRECTION('',(0.E0,0.E0,-1.E0));
#4670=VECTOR('',#4669,3.71E0);
#4671=CARTESIAN_POINT('',(-1.18E0,-3.2E-1,2.06E0));
#4672=LINE('',#4671,#4670);
#4673=DIRECTION('',(-1.E0,0.E0,0.E0));
#4674=VECTOR('',#4673,6.4E-1);
#4675=CARTESIAN_POINT('',(-1.18E0,-3.2E-1,-3.7E0));
#4676=LINE('',#4675,#4674);
#4677=DIRECTION('',(0.E0,1.E0,0.E0));
#4678=VECTOR('',#4677,2.325E0);
#4679=CARTESIAN_POINT('',(-1.82E0,-1.27E0,-4.34E0));
#4680=LINE('',#4679,#4678);
#4681=DIRECTION('',(-2.960594732334E-14,0.E0,1.E0));
#4682=VECTOR('',#4681,6.E-2);
#4683=CARTESIAN_POINT('',(-1.82E0,1.055E0,-4.34E0));
#4684=LINE('',#4683,#4682);
#4685=DIRECTION('',(8.881784197001E-14,0.E0,-1.E0));
#4686=VECTOR('',#4685,2.E-2);
#4687=CARTESIAN_POINT('',(-1.82E0,-3.2E-1,-3.68E0));
#4688=LINE('',#4687,#4686);
#4689=DIRECTION('',(0.E0,-1.E0,0.E0));
#4690=VECTOR('',#4689,5.55E-1);
#4691=CARTESIAN_POINT('',(-1.82E0,-3.2E-1,-3.7E0));
#4692=LINE('',#4691,#4690);
#4693=CARTESIAN_POINT('',(-1.82E0,-1.65E0,-4.59E0));
#4694=DIRECTION('',(1.E0,0.E0,0.E0));
#4695=DIRECTION('',(0.E0,-3.370786516854E-2,9.994317284466E-1));
#4696=AXIS2_PLACEMENT_3D('',#4693,#4694,#4695);
#4698=DIRECTION('',(0.E0,0.E0,-1.E0));
#4699=VECTOR('',#4698,8.8E-1);
#4700=CARTESIAN_POINT('',(-1.82E0,-2.54E0,-4.59E0));
#4701=LINE('',#4700,#4699);
#4702=CARTESIAN_POINT('',(-1.82E0,-2.22E0,-5.47E0));
#4703=DIRECTION('',(1.E0,0.E0,0.E0));
#4704=DIRECTION('',(0.E0,-1.E0,0.E0));
#4705=AXIS2_PLACEMENT_3D('',#4702,#4703,#4704);
#4707=DIRECTION('',(0.E0,0.E0,1.E0));
#4708=VECTOR('',#4707,8.8E-1);
#4709=CARTESIAN_POINT('',(-1.82E0,-1.9E0,-5.47E0));
#4710=LINE('',#4709,#4708);
#4711=CARTESIAN_POINT('',(-1.82E0,-1.65E0,-4.59E0));
#4712=DIRECTION('',(-1.E0,0.E0,0.E0));
#4713=DIRECTION('',(0.E0,-1.E0,0.E0));
#4714=AXIS2_PLACEMENT_3D('',#4711,#4712,#4713);
#4716=DIRECTION('',(0.E0,1.E0,0.E0));
#4717=VECTOR('',#4716,6.4E-1);
#4718=CARTESIAN_POINT('',(-1.82E0,-3.2E-1,2.06E0));
#4719=LINE('',#4718,#4717);
#4720=DIRECTION('',(0.E0,0.E0,-1.E0));
#4721=VECTOR('',#4720,3.71E0);
#4722=CARTESIAN_POINT('',(-1.82E0,-3.2E-1,2.06E0));
#4723=LINE('',#4722,#4721);
#4724=DIRECTION('',(0.E0,0.E0,1.E0));
#4725=VECTOR('',#4724,3.71E0);
#4726=CARTESIAN_POINT('',(-1.82E0,3.2E-1,-1.65E0));
#4727=LINE('',#4726,#4725);
#4728=DIRECTION('',(-1.E0,0.E0,0.E0));
#4729=VECTOR('',#4728,6.4E-1);
#4730=CARTESIAN_POINT('',(-1.18E0,-1.65E0,-4.34E0));
#4731=LINE('',#4730,#4729);
#4732=DIRECTION('',(-1.E0,0.E0,0.E0));
#4733=VECTOR('',#4732,6.4E-1);
#4734=CARTESIAN_POINT('',(-1.18E0,-1.9E0,-4.59E0));
#4735=LINE('',#4734,#4733);
#4736=DIRECTION('',(-1.E0,0.E0,0.E0));
#4737=VECTOR('',#4736,6.4E-1);
#4738=CARTESIAN_POINT('',(-1.18E0,-1.9E0,-5.47E0));
#4739=LINE('',#4738,#4737);
#4740=DIRECTION('',(-1.E0,0.E0,0.E0));
#4741=VECTOR('',#4740,6.4E-1);
#4742=CARTESIAN_POINT('',(-1.18E0,-2.54E0,-5.47E0));
#4743=LINE('',#4742,#4741);
#4744=DIRECTION('',(-1.E0,0.E0,0.E0));
#4745=VECTOR('',#4744,6.4E-1);
#4746=CARTESIAN_POINT('',(-1.18E0,-2.54E0,-4.59E0));
#4747=LINE('',#4746,#4745);
#4748=DIRECTION('',(-1.E0,0.E0,0.E0));
#4749=VECTOR('',#4748,6.4E-1);
#4750=CARTESIAN_POINT('',(-1.18E0,-1.65E0,-3.7E0));
#4751=LINE('',#4750,#4749);
#4752=DIRECTION('',(-3.312945782245E-1,3.312945782245E-1,-8.834522085988E-1));
#4753=VECTOR('',#4752,4.527692569069E-1);
#4754=CARTESIAN_POINT('',(-1.67E0,1.7E-1,2.46E0));
#4755=LINE('',#4754,#4753);
#4756=DIRECTION('',(3.312945782245E-1,3.312945782245E-1,-8.834522085988E-1));
#4757=VECTOR('',#4756,4.527692569069E-1);
#4758=CARTESIAN_POINT('',(-1.33E0,1.7E-1,2.46E0));
#4759=LINE('',#4758,#4757);
#4760=DIRECTION('',(-1.E0,0.E0,0.E0));
#4761=VECTOR('',#4760,6.4E-1);
#4762=CARTESIAN_POINT('',(-1.18E0,3.2E-1,2.06E0));
#4763=LINE('',#4762,#4761);
#4764=DIRECTION('',(-1.E0,0.E0,0.E0));
#4765=VECTOR('',#4764,3.4E-1);
#4766=CARTESIAN_POINT('',(-1.33E0,-1.7E-1,2.46E0));
#4767=LINE('',#4766,#4765);
#4768=DIRECTION('',(0.E0,1.E0,0.E0));
#4769=VECTOR('',#4768,3.4E-1);
#4770=CARTESIAN_POINT('',(-1.67E0,-1.7E-1,2.46E0));
#4771=LINE('',#4770,#4769);
#4772=DIRECTION('',(-1.E0,0.E0,0.E0));
#4773=VECTOR('',#4772,3.4E-1);
#4774=CARTESIAN_POINT('',(-1.33E0,1.7E-1,2.46E0));
#4775=LINE('',#4774,#4773);
#4776=DIRECTION('',(0.E0,-1.E0,0.E0));
#4777=VECTOR('',#4776,3.4E-1);
#4778=CARTESIAN_POINT('',(-1.33E0,1.7E-1,2.46E0));
#4779=LINE('',#4778,#4777);
#4780=DIRECTION('',(-3.312945782245E-1,3.312945782245E-1,8.834522085988E-1));
#4781=VECTOR('',#4780,4.527692569069E-1);
#4782=CARTESIAN_POINT('',(-1.18E0,-3.2E-1,2.06E0));
#4783=LINE('',#4782,#4781);
#4784=DIRECTION('',(-3.312945782245E-1,-3.312945782245E-1,-8.834522085988E-1));
#4785=VECTOR('',#4784,4.527692569069E-1);
#4786=CARTESIAN_POINT('',(-1.67E0,-1.7E-1,2.46E0));
#4787=LINE('',#4786,#4785);
#4788=DIRECTION('',(0.E0,1.E0,0.E0));
#4789=VECTOR('',#4788,3.8E-1);
#4790=CARTESIAN_POINT('',(-4.18E0,-1.65E0,-4.34E0));
#4791=LINE('',#4790,#4789);
#4792=CARTESIAN_POINT('',(-4.18E0,-1.65E0,-4.59E0));
#4793=DIRECTION('',(1.E0,0.E0,0.E0));
#4794=DIRECTION('',(0.E0,0.E0,1.E0));
#4795=AXIS2_PLACEMENT_3D('',#4792,#4793,#4794);
#4797=DIRECTION('',(0.E0,0.E0,-1.E0));
#4798=VECTOR('',#4797,6.8E-1);
#4799=CARTESIAN_POINT('',(-4.18E0,1.055E0,-3.6E0));
#4800=LINE('',#4799,#4798);
#4801=DIRECTION('',(0.E0,-1.E0,0.E0));
#4802=VECTOR('',#4801,8.75E-1);
#4803=CARTESIAN_POINT('',(-4.18E0,1.93E0,-3.6E0));
#4804=LINE('',#4803,#4802);
#4805=DIRECTION('',(-1.110223024625E-14,0.E0,-1.E0));
#4806=VECTOR('',#4805,8.E-2);
#4807=CARTESIAN_POINT('',(-4.18E0,-3.2E-1,-3.6E0));
#4808=LINE('',#4807,#4806);
#4809=DIRECTION('',(0.E0,-1.E0,0.E0));
#4810=VECTOR('',#4809,1.36E0);
#4811=CARTESIAN_POINT('',(-4.18E0,-3.2E-1,-3.6E0));
#4812=LINE('',#4811,#4810);
#4813=CARTESIAN_POINT('',(-4.18E0,-1.65E0,-4.59E0));
#4814=DIRECTION('',(1.E0,0.E0,0.E0));
#4815=DIRECTION('',(0.E0,0.E0,1.E0));
#4816=AXIS2_PLACEMENT_3D('',#4813,#4814,#4815);
#4818=DIRECTION('',(0.E0,-1.E0,0.E0));
#4819=VECTOR('',#4818,7.75E-1);
#4820=CARTESIAN_POINT('',(-4.18E0,-8.75E-1,-3.7E0));
#4821=LINE('',#4820,#4819);
#4822=DIRECTION('',(-1.E0,0.E0,0.E0));
#4823=VECTOR('',#4822,6.4E-1);
#4824=CARTESIAN_POINT('',(-4.18E0,-1.65E0,-4.34E0));
#4825=LINE('',#4824,#4823);
#4826=DIRECTION('',(0.E0,1.E0,0.E0));
#4827=VECTOR('',#4826,3.8E-1);
#4828=CARTESIAN_POINT('',(-4.82E0,-1.65E0,-4.34E0));
#4829=LINE('',#4828,#4827);
#4830=CARTESIAN_POINT('',(-4.82E0,-1.65E0,-4.59E0));
#4831=DIRECTION('',(1.E0,0.E0,0.E0));
#4832=DIRECTION('',(0.E0,0.E0,1.E0));
#4833=AXIS2_PLACEMENT_3D('',#4830,#4831,#4832);
#4835=DIRECTION('',(0.E0,0.E0,-1.E0));
#4836=VECTOR('',#4835,6.8E-1);
#4837=CARTESIAN_POINT('',(-4.82E0,1.055E0,-3.6E0));
#4838=LINE('',#4837,#4836);
#4839=DIRECTION('',(3.330669073875E-14,0.E0,-1.E0));
#4840=VECTOR('',#4839,8.E-2);
#4841=CARTESIAN_POINT('',(-4.82E0,-3.2E-1,-3.6E0));
#4842=LINE('',#4841,#4840);
#4843=DIRECTION('',(0.E0,-1.E0,0.E0));
#4844=VECTOR('',#4843,7.75E-1);
#4845=CARTESIAN_POINT('',(-4.82E0,-8.75E-1,-3.7E0));
#4846=LINE('',#4845,#4844);
#4847=CARTESIAN_POINT('',(-4.82E0,-1.65E0,-4.59E0));
#4848=DIRECTION('',(1.E0,0.E0,0.E0));
#4849=DIRECTION('',(0.E0,0.E0,1.E0));
#4850=AXIS2_PLACEMENT_3D('',#4847,#4848,#4849);
#4852=DIRECTION('',(-1.E0,0.E0,0.E0));
#4853=VECTOR('',#4852,6.4E-1);
#4854=CARTESIAN_POINT('',(-4.18E0,-1.9E0,-4.59E0));
#4855=LINE('',#4854,#4853);
#4856=DIRECTION('',(0.E0,1.E0,0.E0));
#4857=VECTOR('',#4856,2.325E0);
#4858=CARTESIAN_POINT('',(-4.82E0,-1.27E0,-4.34E0));
#4859=LINE('',#4858,#4857);
#4860=DIRECTION('',(-2.960594732334E-14,0.E0,1.E0));
#4861=VECTOR('',#4860,6.E-2);
#4862=CARTESIAN_POINT('',(-4.82E0,1.055E0,-4.34E0));
#4863=LINE('',#4862,#4861);
#4864=DIRECTION('',(8.881784197001E-14,0.E0,-1.E0));
#4865=VECTOR('',#4864,2.E-2);
#4866=CARTESIAN_POINT('',(-4.82E0,-3.2E-1,-3.68E0));
#4867=LINE('',#4866,#4865);
#4868=DIRECTION('',(0.E0,-1.E0,0.E0));
#4869=VECTOR('',#4868,5.55E-1);
#4870=CARTESIAN_POINT('',(-4.82E0,-3.2E-1,-3.7E0));
#4871=LINE('',#4870,#4869);
#4872=CARTESIAN_POINT('',(-4.82E0,-1.65E0,-4.59E0));
#4873=DIRECTION('',(1.E0,0.E0,0.E0));
#4874=DIRECTION('',(0.E0,-3.370786516854E-2,9.994317284466E-1));
#4875=AXIS2_PLACEMENT_3D('',#4872,#4873,#4874);
#4877=DIRECTION('',(0.E0,0.E0,-1.E0));
#4878=VECTOR('',#4877,8.8E-1);
#4879=CARTESIAN_POINT('',(-4.82E0,-2.54E0,-4.59E0));
#4880=LINE('',#4879,#4878);
#4881=CARTESIAN_POINT('',(-4.82E0,-2.22E0,-5.47E0));
#4882=DIRECTION('',(1.E0,0.E0,0.E0));
#4883=DIRECTION('',(0.E0,-1.E0,0.E0));
#4884=AXIS2_PLACEMENT_3D('',#4881,#4882,#4883);
#4886=DIRECTION('',(0.E0,0.E0,1.E0));
#4887=VECTOR('',#4886,8.8E-1);
#4888=CARTESIAN_POINT('',(-4.82E0,-1.9E0,-5.47E0));
#4889=LINE('',#4888,#4887);
#4890=CARTESIAN_POINT('',(-4.82E0,-1.65E0,-4.59E0));
#4891=DIRECTION('',(-1.E0,0.E0,0.E0));
#4892=DIRECTION('',(0.E0,-1.E0,0.E0));
#4893=AXIS2_PLACEMENT_3D('',#4890,#4891,#4892);
#4895=DIRECTION('',(0.E0,1.E0,0.E0));
#4896=VECTOR('',#4895,6.4E-1);
#4897=CARTESIAN_POINT('',(-4.82E0,-3.2E-1,2.06E0));
#4898=LINE('',#4897,#4896);
#4899=DIRECTION('',(0.E0,0.E0,-1.E0));
#4900=VECTOR('',#4899,3.71E0);
#4901=CARTESIAN_POINT('',(-4.82E0,-3.2E-1,2.06E0));
#4902=LINE('',#4901,#4900);
#4903=DIRECTION('',(0.E0,0.E0,1.E0));
#4904=VECTOR('',#4903,3.71E0);
#4905=CARTESIAN_POINT('',(-4.82E0,3.2E-1,-1.65E0));
#4906=LINE('',#4905,#4904);
#4907=DIRECTION('',(-1.E0,0.E0,0.E0));
#4908=VECTOR('',#4907,6.4E-1);
#4909=CARTESIAN_POINT('',(-4.18E0,1.055E0,-4.34E0));
#4910=LINE('',#4909,#4908);
#4911=DIRECTION('',(0.E0,-1.E0,0.E0));
#4912=VECTOR('',#4911,5.55E-1);
#4913=CARTESIAN_POINT('',(-4.18E0,-3.2E-1,-3.7E0));
#4914=LINE('',#4913,#4912);
#4915=DIRECTION('',(0.E0,0.E0,-1.E0));
#4916=VECTOR('',#4915,2.E-2);
#4917=CARTESIAN_POINT('',(-4.18E0,-3.2E-1,-3.68E0));
#4918=LINE('',#4917,#4916);
#4919=DIRECTION('',(1.480297366167E-14,0.E0,1.E0));
#4920=VECTOR('',#4919,6.E-2);
#4921=CARTESIAN_POINT('',(-4.18E0,1.055E0,-4.34E0));
#4922=LINE('',#4921,#4920);
#4923=DIRECTION('',(0.E0,1.E0,0.E0));
#4924=VECTOR('',#4923,2.325E0);
#4925=CARTESIAN_POINT('',(-4.18E0,-1.27E0,-4.34E0));
#4926=LINE('',#4925,#4924);
#4927=CARTESIAN_POINT('',(-4.18E0,-1.65E0,-4.59E0));
#4928=DIRECTION('',(-1.E0,0.E0,0.E0));
#4929=DIRECTION('',(0.E0,-1.E0,0.E0));
#4930=AXIS2_PLACEMENT_3D('',#4927,#4928,#4929);
#4932=DIRECTION('',(0.E0,0.E0,1.E0));
#4933=VECTOR('',#4932,8.8E-1);
#4934=CARTESIAN_POINT('',(-4.18E0,-1.9E0,-5.47E0));
#4935=LINE('',#4934,#4933);
#4936=CARTESIAN_POINT('',(-4.18E0,-2.22E0,-5.47E0));
#4937=DIRECTION('',(1.E0,0.E0,0.E0));
#4938=DIRECTION('',(0.E0,-1.E0,0.E0));
#4939=AXIS2_PLACEMENT_3D('',#4936,#4937,#4938);
#4941=DIRECTION('',(0.E0,0.E0,-1.E0));
#4942=VECTOR('',#4941,8.8E-1);
#4943=CARTESIAN_POINT('',(-4.18E0,-2.54E0,-4.59E0));
#4944=LINE('',#4943,#4942);
#4945=CARTESIAN_POINT('',(-4.18E0,-1.65E0,-4.59E0));
#4946=DIRECTION('',(1.E0,0.E0,0.E0));
#4947=DIRECTION('',(0.E0,-3.370786516854E-2,9.994317284466E-1));
#4948=AXIS2_PLACEMENT_3D('',#4945,#4946,#4947);
#4950=DIRECTION('',(0.E0,-1.E0,0.E0));
#4951=VECTOR('',#4950,6.4E-1);
#4952=CARTESIAN_POINT('',(-4.18E0,3.2E-1,2.06E0));
#4953=LINE('',#4952,#4951);
#4954=DIRECTION('',(0.E0,0.E0,1.E0));
#4955=VECTOR('',#4954,3.71E0);
#4956=CARTESIAN_POINT('',(-4.18E0,3.2E-1,-1.65E0));
#4957=LINE('',#4956,#4955);
#4958=DIRECTION('',(0.E0,0.E0,-1.E0));
#4959=VECTOR('',#4958,3.71E0);
#4960=CARTESIAN_POINT('',(-4.18E0,-3.2E-1,2.06E0));
#4961=LINE('',#4960,#4959);
#4962=DIRECTION('',(-1.E0,0.E0,0.E0));
#4963=VECTOR('',#4962,6.4E-1);
#4964=CARTESIAN_POINT('',(-4.18E0,-3.2E-1,-3.7E0));
#4965=LINE('',#4964,#4963);
#4966=DIRECTION('',(-1.E0,0.E0,0.E0));
#4967=VECTOR('',#4966,6.4E-1);
#4968=CARTESIAN_POINT('',(-4.18E0,-3.2E-1,2.06E0));
#4969=LINE('',#4968,#4967);
#4970=DIRECTION('',(1.E0,0.E0,0.E0));
#4971=VECTOR('',#4970,6.4E-1);
#4972=CARTESIAN_POINT('',(-4.82E0,1.055E0,-3.6E0));
#4973=LINE('',#4972,#4971);
#4974=DIRECTION('',(0.E0,-1.E0,0.E0));
#4975=VECTOR('',#4974,8.75E-1);
#4976=CARTESIAN_POINT('',(-4.82E0,1.93E0,-3.6E0));
#4977=LINE('',#4976,#4975);
#4978=DIRECTION('',(1.E0,0.E0,0.E0));
#4979=VECTOR('',#4978,6.4E-1);
#4980=CARTESIAN_POINT('',(-4.82E0,-3.2E-1,-3.6E0));
#4981=LINE('',#4980,#4979);
#4982=DIRECTION('',(0.E0,-1.E0,0.E0));
#4983=VECTOR('',#4982,1.36E0);
#4984=CARTESIAN_POINT('',(-4.82E0,-3.2E-1,-3.6E0));
#4985=LINE('',#4984,#4983);
#4986=DIRECTION('',(-3.312945782245E-1,3.312945782245E-1,8.834522085988E-1));
#4987=VECTOR('',#4986,4.527692569069E-1);
#4988=CARTESIAN_POINT('',(-4.18E0,-3.2E-1,2.06E0));
#4989=LINE('',#4988,#4987);
#4990=DIRECTION('',(-3.312945782245E-1,-3.312945782245E-1,-8.834522085988E-1));
#4991=VECTOR('',#4990,4.527692569069E-1);
#4992=CARTESIAN_POINT('',(-4.67E0,-1.7E-1,2.46E0));
#4993=LINE('',#4992,#4991);
#4994=DIRECTION('',(-1.E0,0.E0,0.E0));
#4995=VECTOR('',#4994,3.4E-1);
#4996=CARTESIAN_POINT('',(-4.33E0,-1.7E-1,2.46E0));
#4997=LINE('',#4996,#4995);
#4998=DIRECTION('',(0.E0,1.E0,0.E0));
#4999=VECTOR('',#4998,3.4E-1);
#5000=CARTESIAN_POINT('',(-4.67E0,-1.7E-1,2.46E0));
#5001=LINE('',#5000,#4999);
#5002=DIRECTION('',(-1.E0,0.E0,0.E0));
#5003=VECTOR('',#5002,3.4E-1);
#5004=CARTESIAN_POINT('',(-4.33E0,1.7E-1,2.46E0));
#5005=LINE('',#5004,#5003);
#5006=DIRECTION('',(0.E0,-1.E0,0.E0));
#5007=VECTOR('',#5006,3.4E-1);
#5008=CARTESIAN_POINT('',(-4.33E0,1.7E-1,2.46E0));
#5009=LINE('',#5008,#5007);
#5010=DIRECTION('',(-3.312945782245E-1,3.312945782245E-1,-8.834522085988E-1));
#5011=VECTOR('',#5010,4.527692569069E-1);
#5012=CARTESIAN_POINT('',(-4.67E0,1.7E-1,2.46E0));
#5013=LINE('',#5012,#5011);
#5014=DIRECTION('',(3.312945782245E-1,3.312945782245E-1,-8.834522085988E-1));
#5015=VECTOR('',#5014,4.527692569069E-1);
#5016=CARTESIAN_POINT('',(-4.33E0,1.7E-1,2.46E0));
#5017=LINE('',#5016,#5015);
#5018=DIRECTION('',(-1.E0,0.E0,0.E0));
#5019=VECTOR('',#5018,6.4E-1);
#5020=CARTESIAN_POINT('',(-4.18E0,3.2E-1,2.06E0));
#5021=LINE('',#5020,#5019);
#5022=DIRECTION('',(-1.E0,0.E0,0.E0));
#5023=VECTOR('',#5022,6.4E-1);
#5024=CARTESIAN_POINT('',(-4.18E0,-1.65E0,-3.7E0));
#5025=LINE('',#5024,#5023);
#5026=DIRECTION('',(-1.E0,0.E0,0.E0));
#5027=VECTOR('',#5026,6.4E-1);
#5028=CARTESIAN_POINT('',(-4.18E0,-2.54E0,-4.59E0));
#5029=LINE('',#5028,#5027);
#5030=DIRECTION('',(-1.E0,0.E0,0.E0));
#5031=VECTOR('',#5030,6.4E-1);
#5032=CARTESIAN_POINT('',(-4.18E0,-2.54E0,-5.47E0));
#5033=LINE('',#5032,#5031);
#5034=DIRECTION('',(-1.E0,0.E0,0.E0));
#5035=VECTOR('',#5034,6.4E-1);
#5036=CARTESIAN_POINT('',(-4.18E0,-1.9E0,-5.47E0));
#5037=LINE('',#5036,#5035);
#5038=DIRECTION('',(0.E0,1.E0,0.E0));
#5039=VECTOR('',#5038,3.8E-1);
#5040=CARTESIAN_POINT('',(-7.18E0,-1.65E0,-4.34E0));
#5041=LINE('',#5040,#5039);
#5042=CARTESIAN_POINT('',(-7.18E0,-1.65E0,-4.59E0));
#5043=DIRECTION('',(1.E0,0.E0,0.E0));
#5044=DIRECTION('',(0.E0,0.E0,1.E0));
#5045=AXIS2_PLACEMENT_3D('',#5042,#5043,#5044);
#5047=DIRECTION('',(0.E0,0.E0,-1.E0));
#5048=VECTOR('',#5047,6.8E-1);
#5049=CARTESIAN_POINT('',(-7.18E0,1.055E0,-3.6E0));
#5050=LINE('',#5049,#5048);
#5051=DIRECTION('',(0.E0,-1.E0,0.E0));
#5052=VECTOR('',#5051,8.75E-1);
#5053=CARTESIAN_POINT('',(-7.18E0,1.93E0,-3.6E0));
#5054=LINE('',#5053,#5052);
#5055=DIRECTION('',(-2.220446049250E-14,0.E0,-1.E0));
#5056=VECTOR('',#5055,8.E-2);
#5057=CARTESIAN_POINT('',(-7.18E0,-3.2E-1,-3.6E0));
#5058=LINE('',#5057,#5056);
#5059=DIRECTION('',(0.E0,-1.E0,0.E0));
#5060=VECTOR('',#5059,1.36E0);
#5061=CARTESIAN_POINT('',(-7.18E0,-3.2E-1,-3.6E0));
#5062=LINE('',#5061,#5060);
#5063=CARTESIAN_POINT('',(-7.18E0,-1.65E0,-4.59E0));
#5064=DIRECTION('',(1.E0,0.E0,0.E0));
#5065=DIRECTION('',(0.E0,0.E0,1.E0));
#5066=AXIS2_PLACEMENT_3D('',#5063,#5064,#5065);
#5068=DIRECTION('',(0.E0,-1.E0,0.E0));
#5069=VECTOR('',#5068,7.75E-1);
#5070=CARTESIAN_POINT('',(-7.18E0,-8.75E-1,-3.7E0));
#5071=LINE('',#5070,#5069);
#5072=DIRECTION('',(-1.E0,0.E0,0.E0));
#5073=VECTOR('',#5072,6.4E-1);
#5074=CARTESIAN_POINT('',(-7.18E0,-1.65E0,-4.34E0));
#5075=LINE('',#5074,#5073);
#5076=DIRECTION('',(0.E0,1.E0,0.E0));
#5077=VECTOR('',#5076,3.8E-1);
#5078=CARTESIAN_POINT('',(-7.82E0,-1.65E0,-4.34E0));
#5079=LINE('',#5078,#5077);
#5080=CARTESIAN_POINT('',(-7.82E0,-1.65E0,-4.59E0));
#5081=DIRECTION('',(1.E0,0.E0,0.E0));
#5082=DIRECTION('',(0.E0,0.E0,1.E0));
#5083=AXIS2_PLACEMENT_3D('',#5080,#5081,#5082);
#5085=DIRECTION('',(0.E0,0.E0,-1.E0));
#5086=VECTOR('',#5085,6.8E-1);
#5087=CARTESIAN_POINT('',(-7.82E0,1.055E0,-3.6E0));
#5088=LINE('',#5087,#5086);
#5089=DIRECTION('',(4.440892098501E-14,0.E0,-1.E0));
#5090=VECTOR('',#5089,8.E-2);
#5091=CARTESIAN_POINT('',(-7.82E0,-3.2E-1,-3.6E0));
#5092=LINE('',#5091,#5090);
#5093=DIRECTION('',(0.E0,-1.E0,0.E0));
#5094=VECTOR('',#5093,7.75E-1);
#5095=CARTESIAN_POINT('',(-7.82E0,-8.75E-1,-3.7E0));
#5096=LINE('',#5095,#5094);
#5097=CARTESIAN_POINT('',(-7.82E0,-1.65E0,-4.59E0));
#5098=DIRECTION('',(1.E0,0.E0,0.E0));
#5099=DIRECTION('',(0.E0,0.E0,1.E0));
#5100=AXIS2_PLACEMENT_3D('',#5097,#5098,#5099);
#5102=DIRECTION('',(-1.E0,0.E0,0.E0));
#5103=VECTOR('',#5102,6.4E-1);
#5104=CARTESIAN_POINT('',(-7.18E0,-1.9E0,-4.59E0));
#5105=LINE('',#5104,#5103);
#5106=DIRECTION('',(0.E0,1.E0,0.E0));
#5107=VECTOR('',#5106,2.325E0);
#5108=CARTESIAN_POINT('',(-7.82E0,-1.27E0,-4.34E0));
#5109=LINE('',#5108,#5107);
#5110=DIRECTION('',(-4.440892098501E-14,0.E0,1.E0));
#5111=VECTOR('',#5110,6.E-2);
#5112=CARTESIAN_POINT('',(-7.82E0,1.055E0,-4.34E0));
#5113=LINE('',#5112,#5111);
#5114=DIRECTION('',(1.776356839400E-13,0.E0,-1.E0));
#5115=VECTOR('',#5114,2.E-2);
#5116=CARTESIAN_POINT('',(-7.82E0,-3.2E-1,-3.68E0));
#5117=LINE('',#5116,#5115);
#5118=DIRECTION('',(0.E0,-1.E0,0.E0));
#5119=VECTOR('',#5118,5.55E-1);
#5120=CARTESIAN_POINT('',(-7.82E0,-3.2E-1,-3.7E0));
#5121=LINE('',#5120,#5119);
#5122=CARTESIAN_POINT('',(-7.82E0,-1.65E0,-4.59E0));
#5123=DIRECTION('',(1.E0,0.E0,0.E0));
#5124=DIRECTION('',(0.E0,-3.370786516854E-2,9.994317284466E-1));
#5125=AXIS2_PLACEMENT_3D('',#5122,#5123,#5124);
#5127=DIRECTION('',(0.E0,0.E0,-1.E0));
#5128=VECTOR('',#5127,8.8E-1);
#5129=CARTESIAN_POINT('',(-7.82E0,-2.54E0,-4.59E0));
#5130=LINE('',#5129,#5128);
#5131=CARTESIAN_POINT('',(-7.82E0,-2.22E0,-5.47E0));
#5132=DIRECTION('',(1.E0,0.E0,0.E0));
#5133=DIRECTION('',(0.E0,-1.E0,0.E0));
#5134=AXIS2_PLACEMENT_3D('',#5131,#5132,#5133);
#5136=DIRECTION('',(0.E0,0.E0,1.E0));
#5137=VECTOR('',#5136,8.8E-1);
#5138=CARTESIAN_POINT('',(-7.82E0,-1.9E0,-5.47E0));
#5139=LINE('',#5138,#5137);
#5140=CARTESIAN_POINT('',(-7.82E0,-1.65E0,-4.59E0));
#5141=DIRECTION('',(-1.E0,0.E0,0.E0));
#5142=DIRECTION('',(0.E0,-1.E0,0.E0));
#5143=AXIS2_PLACEMENT_3D('',#5140,#5141,#5142);
#5145=DIRECTION('',(0.E0,1.E0,0.E0));
#5146=VECTOR('',#5145,6.4E-1);
#5147=CARTESIAN_POINT('',(-7.82E0,-3.2E-1,2.06E0));
#5148=LINE('',#5147,#5146);
#5149=DIRECTION('',(0.E0,0.E0,-1.E0));
#5150=VECTOR('',#5149,3.71E0);
#5151=CARTESIAN_POINT('',(-7.82E0,-3.2E-1,2.06E0));
#5152=LINE('',#5151,#5150);
#5153=DIRECTION('',(0.E0,0.E0,1.E0));
#5154=VECTOR('',#5153,3.71E0);
#5155=CARTESIAN_POINT('',(-7.82E0,3.2E-1,-1.65E0));
#5156=LINE('',#5155,#5154);
#5157=DIRECTION('',(-1.E0,0.E0,0.E0));
#5158=VECTOR('',#5157,6.4E-1);
#5159=CARTESIAN_POINT('',(-7.18E0,1.055E0,-4.34E0));
#5160=LINE('',#5159,#5158);
#5161=DIRECTION('',(1.E0,0.E0,0.E0));
#5162=VECTOR('',#5161,6.4E-1);
#5163=CARTESIAN_POINT('',(-7.82E0,1.055E0,-3.6E0));
#5164=LINE('',#5163,#5162);
#5165=DIRECTION('',(0.E0,-1.E0,0.E0));
#5166=VECTOR('',#5165,8.75E-1);
#5167=CARTESIAN_POINT('',(-7.82E0,1.93E0,-3.6E0));
#5168=LINE('',#5167,#5166);
#5169=DIRECTION('',(1.E0,0.E0,0.E0));
#5170=VECTOR('',#5169,6.4E-1);
#5171=CARTESIAN_POINT('',(-7.82E0,-3.2E-1,-3.6E0));
#5172=LINE('',#5171,#5170);
#5173=DIRECTION('',(0.E0,-1.E0,0.E0));
#5174=VECTOR('',#5173,1.36E0);
#5175=CARTESIAN_POINT('',(-7.82E0,-3.2E-1,-3.6E0));
#5176=LINE('',#5175,#5174);
#5177=DIRECTION('',(-1.E0,0.E0,0.E0));
#5178=VECTOR('',#5177,6.4E-1);
#5179=CARTESIAN_POINT('',(-7.18E0,-3.2E-1,2.06E0));
#5180=LINE('',#5179,#5178);
#5181=DIRECTION('',(-1.E0,0.E0,0.E0));
#5182=VECTOR('',#5181,6.4E-1);
#5183=CARTESIAN_POINT('',(-7.18E0,-3.2E-1,-3.7E0));
#5184=LINE('',#5183,#5182);
#5185=DIRECTION('',(-1.E0,0.E0,0.E0));
#5186=VECTOR('',#5185,6.4E-1);
#5187=CARTESIAN_POINT('',(-7.18E0,-1.65E0,-3.7E0));
#5188=LINE('',#5187,#5186);
#5189=DIRECTION('',(-1.E0,0.E0,0.E0));
#5190=VECTOR('',#5189,6.4E-1);
#5191=CARTESIAN_POINT('',(-7.18E0,-2.54E0,-4.59E0));
#5192=LINE('',#5191,#5190);
#5193=DIRECTION('',(-3.312945782245E-1,3.312945782245E-1,8.834522085988E-1));
#5194=VECTOR('',#5193,4.527692569069E-1);
#5195=CARTESIAN_POINT('',(-7.18E0,-3.2E-1,2.06E0));
#5196=LINE('',#5195,#5194);
#5197=DIRECTION('',(-3.312945782245E-1,-3.312945782245E-1,-8.834522085988E-1));
#5198=VECTOR('',#5197,4.527692569069E-1);
#5199=CARTESIAN_POINT('',(-7.67E0,-1.7E-1,2.46E0));
#5200=LINE('',#5199,#5198);
#5201=DIRECTION('',(-1.E0,0.E0,0.E0));
#5202=VECTOR('',#5201,3.4E-1);
#5203=CARTESIAN_POINT('',(-7.33E0,-1.7E-1,2.46E0));
#5204=LINE('',#5203,#5202);
#5205=DIRECTION('',(0.E0,1.E0,0.E0));
#5206=VECTOR('',#5205,3.4E-1);
#5207=CARTESIAN_POINT('',(-7.67E0,-1.7E-1,2.46E0));
#5208=LINE('',#5207,#5206);
#5209=DIRECTION('',(-1.E0,0.E0,0.E0));
#5210=VECTOR('',#5209,3.4E-1);
#5211=CARTESIAN_POINT('',(-7.33E0,1.7E-1,2.46E0));
#5212=LINE('',#5211,#5210);
#5213=DIRECTION('',(0.E0,-1.E0,0.E0));
#5214=VECTOR('',#5213,3.4E-1);
#5215=CARTESIAN_POINT('',(-7.33E0,1.7E-1,2.46E0));
#5216=LINE('',#5215,#5214);
#5217=DIRECTION('',(-3.312945782245E-1,3.312945782245E-1,-8.834522085988E-1));
#5218=VECTOR('',#5217,4.527692569069E-1);
#5219=CARTESIAN_POINT('',(-7.67E0,1.7E-1,2.46E0));
#5220=LINE('',#5219,#5218);
#5221=DIRECTION('',(3.312945782245E-1,3.312945782245E-1,-8.834522085988E-1));
#5222=VECTOR('',#5221,4.527692569069E-1);
#5223=CARTESIAN_POINT('',(-7.33E0,1.7E-1,2.46E0));
#5224=LINE('',#5223,#5222);
#5225=DIRECTION('',(-1.E0,0.E0,0.E0));
#5226=VECTOR('',#5225,6.4E-1);
#5227=CARTESIAN_POINT('',(-7.18E0,3.2E-1,2.06E0));
#5228=LINE('',#5227,#5226);
#5229=DIRECTION('',(-1.E0,0.E0,0.E0));
#5230=VECTOR('',#5229,6.4E-1);
#5231=CARTESIAN_POINT('',(-7.18E0,-1.9E0,-5.47E0));
#5232=LINE('',#5231,#5230);
#5233=DIRECTION('',(-1.E0,0.E0,0.E0));
#5234=VECTOR('',#5233,6.4E-1);
#5235=CARTESIAN_POINT('',(-1.018E1,-1.65E0,-3.7E0));
#5236=LINE('',#5235,#5234);
#5237=DIRECTION('',(-1.E0,0.E0,0.E0));
#5238=VECTOR('',#5237,6.4E-1);
#5239=CARTESIAN_POINT('',(-1.018E1,-2.54E0,-4.59E0));
#5240=LINE('',#5239,#5238);
#5241=DIRECTION('',(-1.E0,0.E0,0.E0));
#5242=VECTOR('',#5241,6.4E-1);
#5243=CARTESIAN_POINT('',(-1.018E1,-2.54E0,-5.47E0));
#5244=LINE('',#5243,#5242);
#5245=DIRECTION('',(-1.E0,0.E0,0.E0));
#5246=VECTOR('',#5245,6.4E-1);
#5247=CARTESIAN_POINT('',(-1.018E1,-1.9E0,-5.47E0));
#5248=LINE('',#5247,#5246);
#5249=DIRECTION('',(-3.312945782245E-1,3.312945782245E-1,8.834522085988E-1));
#5250=VECTOR('',#5249,4.527692569069E-1);
#5251=CARTESIAN_POINT('',(-1.018E1,-3.2E-1,2.06E0));
#5252=LINE('',#5251,#5250);
#5253=DIRECTION('',(-3.312945782245E-1,-3.312945782245E-1,-8.834522085988E-1));
#5254=VECTOR('',#5253,4.527692569069E-1);
#5255=CARTESIAN_POINT('',(-1.067E1,-1.7E-1,2.46E0));
#5256=LINE('',#5255,#5254);
#5257=DIRECTION('',(-1.E0,0.E0,0.E0));
#5258=VECTOR('',#5257,3.4E-1);
#5259=CARTESIAN_POINT('',(-1.033E1,-1.7E-1,2.46E0));
#5260=LINE('',#5259,#5258);
#5261=DIRECTION('',(0.E0,1.E0,0.E0));
#5262=VECTOR('',#5261,3.4E-1);
#5263=CARTESIAN_POINT('',(-1.067E1,-1.7E-1,2.46E0));
#5264=LINE('',#5263,#5262);
#5265=DIRECTION('',(-1.E0,0.E0,0.E0));
#5266=VECTOR('',#5265,3.4E-1);
#5267=CARTESIAN_POINT('',(-1.033E1,1.7E-1,2.46E0));
#5268=LINE('',#5267,#5266);
#5269=DIRECTION('',(0.E0,-1.E0,0.E0));
#5270=VECTOR('',#5269,3.4E-1);
#5271=CARTESIAN_POINT('',(-1.033E1,1.7E-1,2.46E0));
#5272=LINE('',#5271,#5270);
#5273=DIRECTION('',(-3.312945782245E-1,3.312945782245E-1,-8.834522085988E-1));
#5274=VECTOR('',#5273,4.527692569069E-1);
#5275=CARTESIAN_POINT('',(-1.067E1,1.7E-1,2.46E0));
#5276=LINE('',#5275,#5274);
#5277=DIRECTION('',(3.312945782245E-1,3.312945782245E-1,-8.834522085988E-1));
#5278=VECTOR('',#5277,4.527692569069E-1);
#5279=CARTESIAN_POINT('',(-1.033E1,1.7E-1,2.46E0));
#5280=LINE('',#5279,#5278);
#5281=DIRECTION('',(-1.E0,0.E0,0.E0));
#5282=VECTOR('',#5281,6.4E-1);
#5283=CARTESIAN_POINT('',(-1.018E1,3.2E-1,2.06E0));
#5284=LINE('',#5283,#5282);
#5285=DIRECTION('',(0.E0,0.E0,1.E0));
#5286=VECTOR('',#5285,6.E-1);
#5287=CARTESIAN_POINT('',(1.246E1,8.75E-1,-4.28E0));
#5288=LINE('',#5287,#5286);
#5289=DIRECTION('',(0.E0,-1.E0,0.E0));
#5290=VECTOR('',#5289,1.75E0);
#5291=CARTESIAN_POINT('',(1.246E1,8.75E-1,-3.68E0));
#5292=LINE('',#5291,#5290);
#5293=DIRECTION('',(0.E0,0.E0,-1.E0));
#5294=VECTOR('',#5293,6.E-1);
#5295=CARTESIAN_POINT('',(1.246E1,-8.75E-1,-3.68E0));
#5296=LINE('',#5295,#5294);
#5297=DIRECTION('',(0.E0,0.E0,1.E0));
#5298=VECTOR('',#5297,1.7E0);
#5299=CARTESIAN_POINT('',(1.246E1,-1.43E0,-4.95E0));
#5300=LINE('',#5299,#5298);
#5301=DIRECTION('',(1.E0,0.E0,0.E0));
#5302=VECTOR('',#5301,4.E-1);
#5303=CARTESIAN_POINT('',(1.246E1,-1.43E0,-3.25E0));
#5304=LINE('',#5303,#5302);
#5305=DIRECTION('',(0.E0,-1.E0,0.E0));
#5306=VECTOR('',#5305,3.36E0);
#5307=CARTESIAN_POINT('',(1.246E1,1.93E0,-3.25E0));
#5308=LINE('',#5307,#5306);
#5309=DIRECTION('',(7.071067811865E-1,0.E0,7.071067811865E-1));
#5310=VECTOR('',#5309,1.979898987322E0);
#5311=CARTESIAN_POINT('',(-1.382E1,1.25E0,3.55E0));
#5312=LINE('',#5311,#5310);
#5313=DIRECTION('',(7.071067811865E-1,0.E0,7.071067811865E-1));
#5314=VECTOR('',#5313,1.979898987322E0);
#5315=CARTESIAN_POINT('',(-1.382E1,-1.43E0,3.55E0));
#5316=LINE('',#5315,#5314);
#5317=DIRECTION('',(7.071067811865E-1,0.E0,7.071067811865E-1));
#5318=VECTOR('',#5317,1.979898987322E0);
#5319=CARTESIAN_POINT('',(-1.382E1,-7.5E-1,3.55E0));
#5320=LINE('',#5319,#5318);
#5321=DIRECTION('',(1.E0,0.E0,0.E0));
#5322=VECTOR('',#5321,4.E-1);
#5323=CARTESIAN_POINT('',(-1.286E1,-1.43E0,-3.25E0));
#5324=LINE('',#5323,#5322);
#5325=DIRECTION('',(0.E0,-1.E0,0.E0));
#5326=VECTOR('',#5325,3.36E0);
#5327=CARTESIAN_POINT('',(-1.286E1,1.93E0,-3.25E0));
#5328=LINE('',#5327,#5326);
#5329=DIRECTION('',(0.E0,-1.E0,0.E0));
#5330=VECTOR('',#5329,3.36E0);
#5331=CARTESIAN_POINT('',(-1.246E1,1.93E0,-3.25E0));
#5332=LINE('',#5331,#5330);
#5333=DIRECTION('',(0.E0,0.E0,-1.E0));
#5334=VECTOR('',#5333,1.7E0);
#5335=CARTESIAN_POINT('',(-1.246E1,-1.43E0,-3.25E0));
#5336=LINE('',#5335,#5334);
#5337=DIRECTION('',(0.E0,0.E0,-1.E0));
#5338=VECTOR('',#5337,6.E-1);
#5339=CARTESIAN_POINT('',(-1.246E1,-8.75E-1,-3.68E0));
#5340=LINE('',#5339,#5338);
#5341=DIRECTION('',(0.E0,-1.E0,0.E0));
#5342=VECTOR('',#5341,1.75E0);
#5343=CARTESIAN_POINT('',(-1.246E1,8.75E-1,-3.68E0));
#5344=LINE('',#5343,#5342);
#5345=DIRECTION('',(0.E0,0.E0,-1.E0));
#5346=VECTOR('',#5345,6.E-1);
#5347=CARTESIAN_POINT('',(-1.246E1,8.75E-1,-3.68E0));
#5348=LINE('',#5347,#5346);
#5349=DIRECTION('',(0.E0,-1.E0,0.E0));
#5350=VECTOR('',#5349,2.E0);
#5351=CARTESIAN_POINT('',(-1.242E1,1.25E0,3.55E0));
#5352=LINE('',#5351,#5350);
#5353=DIRECTION('',(-1.E0,0.E0,0.E0));
#5354=VECTOR('',#5353,5.E-2);
#5355=CARTESIAN_POINT('',(1.382E1,4.25E-2,-3.5E0));
#5356=LINE('',#5355,#5354);
#5357=DIRECTION('',(-1.E0,0.E0,0.E0));
#5358=VECTOR('',#5357,5.E-2);
#5359=CARTESIAN_POINT('',(1.382E1,-1.1375E-1,-3.5E0));
#5360=LINE('',#5359,#5358);
#5361=DIRECTION('',(-1.E0,0.E0,0.E0));
#5362=VECTOR('',#5361,5.E-2);
#5363=CARTESIAN_POINT('',(1.382E1,-1.1375E-1,-2.462765932083E0));
#5364=LINE('',#5363,#5362);
#5365=DIRECTION('',(-1.E0,0.E0,0.E0));
#5366=VECTOR('',#5365,5.E-2);
#5367=CARTESIAN_POINT('',(1.382E1,-2.7E-1,-2.648936197162E0));
#5368=LINE('',#5367,#5366);
#5369=DIRECTION('',(-1.E0,0.E0,0.E0));
#5370=VECTOR('',#5369,5.E-2);
#5371=CARTESIAN_POINT('',(1.382E1,-2.7E-1,-2.436170190573E0));
#5372=LINE('',#5371,#5370);
#5373=DIRECTION('',(-1.E0,0.E0,0.E0));
#5374=VECTOR('',#5373,5.E-2);
#5375=CARTESIAN_POINT('',(1.382E1,-1.1375E-1,-2.25E0));
#5376=LINE('',#5375,#5374);
#5377=DIRECTION('',(-1.E0,0.E0,0.E0));
#5378=VECTOR('',#5377,5.E-2);
#5379=CARTESIAN_POINT('',(1.382E1,4.25E-2,-2.25E0));
#5380=LINE('',#5379,#5378);
#5381=DIRECTION('',(0.E0,0.E0,1.E0));
#5382=VECTOR('',#5381,1.25E0);
#5383=CARTESIAN_POINT('',(1.377E1,4.25E-2,-3.5E0));
#5384=LINE('',#5383,#5382);
#5385=DIRECTION('',(0.E0,1.E0,0.E0));
#5386=VECTOR('',#5385,1.5625E-1);
#5387=CARTESIAN_POINT('',(1.377E1,-1.1375E-1,-3.5E0));
#5388=LINE('',#5387,#5386);
#5389=DIRECTION('',(0.E0,0.E0,-1.E0));
#5390=VECTOR('',#5389,1.037234067917E0);
#5391=CARTESIAN_POINT('',(1.377E1,-1.1375E-1,-2.462765932083E0));
#5392=LINE('',#5391,#5390);
#5393=DIRECTION('',(0.E0,6.428711427642E-1,7.659743427825E-1));
#5394=VECTOR('',#5393,2.430502624961E-1);
#5395=CARTESIAN_POINT('',(1.377E1,-2.7E-1,-2.648936197162E0));
#5396=LINE('',#5395,#5394);
#5397=DIRECTION('',(0.E0,0.E0,-1.E0));
#5398=VECTOR('',#5397,2.127660065889E-1);
#5399=CARTESIAN_POINT('',(1.377E1,-2.7E-1,-2.436170190573E0));
#5400=LINE('',#5399,#5398);
#5401=DIRECTION('',(0.E0,-6.428712937139E-1,-7.659742160926E-1));
#5402=VECTOR('',#5401,2.430502054266E-1);
#5403=CARTESIAN_POINT('',(1.377E1,-1.1375E-1,-2.25E0));
#5404=LINE('',#5403,#5402);
#5405=DIRECTION('',(0.E0,-1.E0,0.E0));
#5406=VECTOR('',#5405,1.5625E-1);
#5407=CARTESIAN_POINT('',(1.377E1,4.25E-2,-2.25E0));
#5408=LINE('',#5407,#5406);
#5409=CARTESIAN_POINT('',(-1.382E1,-2.47E0,-3.1E0));
#5410=CARTESIAN_POINT('',(-1.382E1,-2.47E0,-4.95E0));
#5411=VERTEX_POINT('',#5409);
#5412=VERTEX_POINT('',#5410);
#5413=CARTESIAN_POINT('',(-1.382E1,-1.27E0,-4.95E0));
#5414=VERTEX_POINT('',#5413);
#5415=CARTESIAN_POINT('',(1.382E1,-2.47E0,-3.1E0));
#5416=CARTESIAN_POINT('',(1.382E1,-2.47E0,-4.95E0));
#5417=VERTEX_POINT('',#5415);
#5418=VERTEX_POINT('',#5416);
#5419=CARTESIAN_POINT('',(1.382E1,-1.27E0,-4.95E0));
#5420=VERTEX_POINT('',#5419);
#5421=CARTESIAN_POINT('',(-1.382E1,-1.27E0,-4.28E0));
#5422=VERTEX_POINT('',#5421);
#5423=CARTESIAN_POINT('',(-1.382E1,1.27E0,-4.28E0));
#5424=CARTESIAN_POINT('',(-1.382E1,1.27E0,-4.95E0));
#5425=VERTEX_POINT('',#5423);
#5426=VERTEX_POINT('',#5424);
#5427=CARTESIAN_POINT('',(-1.382E1,1.93E0,-4.95E0));
#5428=VERTEX_POINT('',#5427);
#5429=CARTESIAN_POINT('',(1.382E1,-1.27E0,-4.28E0));
#5430=VERTEX_POINT('',#5429);
#5431=CARTESIAN_POINT('',(1.382E1,1.27E0,-4.28E0));
#5432=CARTESIAN_POINT('',(1.382E1,1.27E0,-4.95E0));
#5433=VERTEX_POINT('',#5431);
#5434=VERTEX_POINT('',#5432);
#5435=CARTESIAN_POINT('',(1.382E1,1.93E0,-4.95E0));
#5436=VERTEX_POINT('',#5435);
#5437=CARTESIAN_POINT('',(1.242E1,1.25E0,3.55E0));
#5438=CARTESIAN_POINT('',(1.242E1,-7.5E-1,3.55E0));
#5439=VERTEX_POINT('',#5437);
#5440=VERTEX_POINT('',#5438);
#5441=CARTESIAN_POINT('',(1.382E1,-7.5E-1,3.55E0));
#5442=CARTESIAN_POINT('',(1.382E1,1.25E0,3.55E0));
#5443=VERTEX_POINT('',#5441);
#5444=VERTEX_POINT('',#5442);
#5445=CARTESIAN_POINT('',(1.242E1,-7.5E-1,4.95E0));
#5446=CARTESIAN_POINT('',(1.242E1,1.25E0,4.95E0));
#5447=VERTEX_POINT('',#5445);
#5448=VERTEX_POINT('',#5446);
#5449=CARTESIAN_POINT('',(-1.242E1,1.25E0,3.55E0));
#5450=CARTESIAN_POINT('',(-1.242E1,-7.5E-1,3.55E0));
#5451=VERTEX_POINT('',#5449);
#5452=VERTEX_POINT('',#5450);
#5453=CARTESIAN_POINT('',(-1.382E1,-7.5E-1,3.55E0));
#5454=CARTESIAN_POINT('',(-1.382E1,1.25E0,3.55E0));
#5455=VERTEX_POINT('',#5453);
#5456=VERTEX_POINT('',#5454);
#5457=CARTESIAN_POINT('',(-1.242E1,-7.5E-1,4.95E0));
#5458=CARTESIAN_POINT('',(-1.242E1,1.25E0,4.95E0));
#5459=VERTEX_POINT('',#5457);
#5460=VERTEX_POINT('',#5458);
#5461=CARTESIAN_POINT('',(1.286E1,-2.47E0,-4.95E0));
#5462=CARTESIAN_POINT('',(1.286E1,-1.27E0,-4.95E0));
#5463=VERTEX_POINT('',#5461);
#5464=VERTEX_POINT('',#5462);
#5465=CARTESIAN_POINT('',(1.246E1,1.93E0,-4.95E0));
#5466=CARTESIAN_POINT('',(1.246E1,1.93E0,-3.25E0));
#5467=VERTEX_POINT('',#5465);
#5468=VERTEX_POINT('',#5466);
#5469=CARTESIAN_POINT('',(1.286E1,1.93E0,-3.25E0));
#5470=VERTEX_POINT('',#5469);
#5471=CARTESIAN_POINT('',(1.286E1,1.93E0,-4.95E0));
#5472=VERTEX_POINT('',#5471);
#5473=CARTESIAN_POINT('',(1.246E1,-1.27E0,-4.95E0));
#5474=CARTESIAN_POINT('',(1.246E1,-1.27E0,-4.28E0));
#5475=VERTEX_POINT('',#5473);
#5476=VERTEX_POINT('',#5474);
#5477=CARTESIAN_POINT('',(1.286E1,-1.27E0,-4.28E0));
#5478=VERTEX_POINT('',#5477);
#5479=CARTESIAN_POINT('',(1.246E1,1.27E0,-4.28E0));
#5480=CARTESIAN_POINT('',(1.246E1,1.27E0,-4.95E0));
#5481=VERTEX_POINT('',#5479);
#5482=VERTEX_POINT('',#5480);
#5483=CARTESIAN_POINT('',(1.286E1,1.27E0,-4.28E0));
#5484=CARTESIAN_POINT('',(1.286E1,1.27E0,-4.95E0));
#5485=VERTEX_POINT('',#5483);
#5486=VERTEX_POINT('',#5484);
#5487=CARTESIAN_POINT('',(-1.286E1,-2.47E0,-4.95E0));
#5488=VERTEX_POINT('',#5487);
#5489=CARTESIAN_POINT('',(-1.286E1,-1.27E0,-4.95E0));
#5490=VERTEX_POINT('',#5489);
#5491=CARTESIAN_POINT('',(-1.286E1,-1.27E0,-4.28E0));
#5492=VERTEX_POINT('',#5491);
#5493=CARTESIAN_POINT('',(-1.286E1,1.27E0,-4.28E0));
#5494=VERTEX_POINT('',#5493);
#5495=CARTESIAN_POINT('',(-1.286E1,1.27E0,-4.95E0));
#5496=VERTEX_POINT('',#5495);
#5497=CARTESIAN_POINT('',(-1.286E1,1.93E0,-4.95E0));
#5498=VERTEX_POINT('',#5497);
#5499=CARTESIAN_POINT('',(1.382E1,-8.75E-1,-3.68E0));
#5500=CARTESIAN_POINT('',(1.382E1,-8.75E-1,-4.28E0));
#5501=VERTEX_POINT('',#5499);
#5502=VERTEX_POINT('',#5500);
#5503=CARTESIAN_POINT('',(1.382E1,8.75E-1,-4.28E0));
#5504=CARTESIAN_POINT('',(1.382E1,8.75E-1,-3.68E0));
#5505=VERTEX_POINT('',#5503);
#5506=VERTEX_POINT('',#5504);
#5507=CARTESIAN_POINT('',(-1.382E1,-8.75E-1,-4.28E0));
#5508=CARTESIAN_POINT('',(-1.286E1,-8.75E-1,-4.28E0));
#5509=VERTEX_POINT('',#5507);
#5510=VERTEX_POINT('',#5508);
#5511=CARTESIAN_POINT('',(-1.382E1,8.75E-1,-4.28E0));
#5512=CARTESIAN_POINT('',(-1.286E1,8.75E-1,-4.28E0));
#5513=VERTEX_POINT('',#5511);
#5514=VERTEX_POINT('',#5512);
#5515=CARTESIAN_POINT('',(1.286E1,-8.75E-1,-3.68E0));
#5516=CARTESIAN_POINT('',(1.286E1,-8.75E-1,-4.28E0));
#5517=VERTEX_POINT('',#5515);
#5518=VERTEX_POINT('',#5516);
#5519=CARTESIAN_POINT('',(1.286E1,8.75E-1,-4.28E0));
#5520=CARTESIAN_POINT('',(1.286E1,8.75E-1,-3.68E0));
#5521=VERTEX_POINT('',#5519);
#5522=VERTEX_POINT('',#5520);
#5523=CARTESIAN_POINT('',(-1.286E1,1.93E0,-3.25E0));
#5524=VERTEX_POINT('',#5523);
#5525=CARTESIAN_POINT('',(-1.246E1,1.93E0,-3.25E0));
#5526=VERTEX_POINT('',#5525);
#5527=CARTESIAN_POINT('',(-1.246E1,1.93E0,-4.95E0));
#5528=VERTEX_POINT('',#5527);
#5529=CARTESIAN_POINT('',(-1.246E1,-1.27E0,-4.95E0));
#5530=CARTESIAN_POINT('',(-1.246E1,-1.27E0,-4.28E0));
#5531=VERTEX_POINT('',#5529);
#5532=VERTEX_POINT('',#5530);
#5533=CARTESIAN_POINT('',(-1.246E1,1.27E0,-4.28E0));
#5534=CARTESIAN_POINT('',(-1.246E1,1.27E0,-4.95E0));
#5535=VERTEX_POINT('',#5533);
#5536=VERTEX_POINT('',#5534);
#5537=CARTESIAN_POINT('',(1.018E1,1.93E0,-4.95E0));
#5538=CARTESIAN_POINT('',(1.018E1,1.93E0,-3.6E0));
#5539=VERTEX_POINT('',#5537);
#5540=VERTEX_POINT('',#5538);
#5541=CARTESIAN_POINT('',(1.082E1,1.93E0,-3.6E0));
#5542=VERTEX_POINT('',#5541);
#5543=CARTESIAN_POINT('',(1.082E1,1.93E0,-4.95E0));
#5544=VERTEX_POINT('',#5543);
#5545=CARTESIAN_POINT('',(1.018E1,1.27E0,-4.28E0));
#5546=CARTESIAN_POINT('',(1.018E1,1.27E0,-4.95E0));
#5547=VERTEX_POINT('',#5545);
#5548=VERTEX_POINT('',#5546);
#5549=CARTESIAN_POINT('',(1.082E1,1.27E0,-4.28E0));
#5550=CARTESIAN_POINT('',(1.082E1,1.27E0,-4.95E0));
#5551=VERTEX_POINT('',#5549);
#5552=VERTEX_POINT('',#5550);
#5553=CARTESIAN_POINT('',(-1.382E1,8.75E-1,-3.68E0));
#5554=CARTESIAN_POINT('',(-1.286E1,8.75E-1,-3.68E0));
#5555=VERTEX_POINT('',#5553);
#5556=VERTEX_POINT('',#5554);
#5557=CARTESIAN_POINT('',(1.082E1,-1.27E0,-4.28E0));
#5558=CARTESIAN_POINT('',(1.082E1,-1.27E0,-4.34E0));
#5559=VERTEX_POINT('',#5557);
#5560=VERTEX_POINT('',#5558);
#5561=CARTESIAN_POINT('',(1.018E1,-1.27E0,-4.95E0));
#5562=CARTESIAN_POINT('',(1.018E1,-1.68E0,-4.95E0));
#5563=VERTEX_POINT('',#5561);
#5564=VERTEX_POINT('',#5562);
#5565=CARTESIAN_POINT('',(1.082E1,-1.27E0,-4.95E0));
#5566=CARTESIAN_POINT('',(1.082E1,-1.68E0,-4.95E0));
#5567=VERTEX_POINT('',#5565);
#5568=VERTEX_POINT('',#5566);
#5569=CARTESIAN_POINT('',(1.018E1,-1.27E0,-4.34E0));
#5570=VERTEX_POINT('',#5569);
#5571=CARTESIAN_POINT('',(1.246E1,-8.75E-1,-3.68E0));
#5572=CARTESIAN_POINT('',(1.246E1,-8.75E-1,-4.28E0));
#5573=VERTEX_POINT('',#5571);
#5574=VERTEX_POINT('',#5572);
#5575=CARTESIAN_POINT('',(1.246E1,8.75E-1,-4.28E0));
#5576=CARTESIAN_POINT('',(1.246E1,8.75E-1,-3.68E0));
#5577=VERTEX_POINT('',#5575);
#5578=VERTEX_POINT('',#5576);
#5579=CARTESIAN_POINT('',(-1.286E1,-2.47E0,-3.1E0));
#5580=VERTEX_POINT('',#5579);
#5581=CARTESIAN_POINT('',(1.286E1,-2.47E0,-3.1E0));
#5582=VERTEX_POINT('',#5581);
#5583=CARTESIAN_POINT('',(1.018E1,1.055E0,-3.6E0));
#5584=VERTEX_POINT('',#5583);
#5585=CARTESIAN_POINT('',(1.082E1,1.055E0,-3.6E0));
#5586=VERTEX_POINT('',#5585);
#5587=CARTESIAN_POINT('',(8.75E0,-2.43E0,4.1E0));
#5588=CARTESIAN_POINT('',(8.75E0,-2.43E0,-3.1E0));
#5589=VERTEX_POINT('',#5587);
#5590=VERTEX_POINT('',#5588);
#5591=CARTESIAN_POINT('',(9.75E0,-2.43E0,-3.1E0));
#5592=VERTEX_POINT('',#5591);
#5593=CARTESIAN_POINT('',(9.75E0,-2.43E0,4.1E0));
#5594=VERTEX_POINT('',#5593);
#5595=CARTESIAN_POINT('',(8.75E0,-1.93E0,-3.1E0));
#5596=CARTESIAN_POINT('',(8.75E0,-1.93E0,4.1E0));
#5597=VERTEX_POINT('',#5595);
#5598=VERTEX_POINT('',#5596);
#5599=CARTESIAN_POINT('',(9.75E0,-1.93E0,-3.1E0));
#5600=CARTESIAN_POINT('',(9.75E0,-1.93E0,4.1E0));
#5601=VERTEX_POINT('',#5599);
#5602=VERTEX_POINT('',#5600);
#5603=CARTESIAN_POINT('',(-9.23E0,1.27E0,-1.65E0));
#5604=CARTESIAN_POINT('',(-9.23E0,-1.27E0,-1.65E0));
#5605=VERTEX_POINT('',#5603);
#5606=VERTEX_POINT('',#5604);
#5607=CARTESIAN_POINT('',(-1.177E1,-1.27E0,-1.65E0));
#5608=VERTEX_POINT('',#5607);
#5609=CARTESIAN_POINT('',(-1.177E1,1.27E0,-1.65E0));
#5610=VERTEX_POINT('',#5609);
#5611=CARTESIAN_POINT('',(-6.93E0,-1.27E0,-1.65E0));
#5612=CARTESIAN_POINT('',(-8.77E0,-1.27E0,-1.65E0));
#5613=VERTEX_POINT('',#5611);
#5614=VERTEX_POINT('',#5612);
#5615=CARTESIAN_POINT('',(-8.77E0,1.27E0,-1.65E0));
#5616=VERTEX_POINT('',#5615);
#5617=CARTESIAN_POINT('',(-6.23E0,1.27E0,-1.65E0));
#5618=VERTEX_POINT('',#5617);
#5619=CARTESIAN_POINT('',(-6.23E0,-5.7E-1,-1.65E0));
#5620=VERTEX_POINT('',#5619);
#5621=CARTESIAN_POINT('',(-3.93E0,-1.27E0,-1.65E0));
#5622=CARTESIAN_POINT('',(-5.77E0,-1.27E0,-1.65E0));
#5623=VERTEX_POINT('',#5621);
#5624=VERTEX_POINT('',#5622);
#5625=CARTESIAN_POINT('',(-5.77E0,1.27E0,-1.65E0));
#5626=VERTEX_POINT('',#5625);
#5627=CARTESIAN_POINT('',(-3.23E0,1.27E0,-1.65E0));
#5628=VERTEX_POINT('',#5627);
#5629=CARTESIAN_POINT('',(-3.23E0,-5.7E-1,-1.65E0));
#5630=VERTEX_POINT('',#5629);
#5631=CARTESIAN_POINT('',(-2.3E-1,-1.27E0,-1.65E0));
#5632=CARTESIAN_POINT('',(-2.07E0,-1.27E0,-1.65E0));
#5633=VERTEX_POINT('',#5631);
#5634=VERTEX_POINT('',#5632);
#5635=CARTESIAN_POINT('',(-2.77E0,-5.7E-1,-1.65E0));
#5636=VERTEX_POINT('',#5635);
#5637=CARTESIAN_POINT('',(-2.77E0,1.27E0,-1.65E0));
#5638=VERTEX_POINT('',#5637);
#5639=CARTESIAN_POINT('',(-2.3E-1,1.27E0,-1.65E0));
#5640=VERTEX_POINT('',#5639);
#5641=CARTESIAN_POINT('',(2.77E0,-1.27E0,-1.65E0));
#5642=CARTESIAN_POINT('',(9.3E-1,-1.27E0,-1.65E0));
#5643=VERTEX_POINT('',#5641);
#5644=VERTEX_POINT('',#5642);
#5645=CARTESIAN_POINT('',(2.3E-1,-5.7E-1,-1.65E0));
#5646=VERTEX_POINT('',#5645);
#5647=CARTESIAN_POINT('',(2.3E-1,1.27E0,-1.65E0));
#5648=VERTEX_POINT('',#5647);
#5649=CARTESIAN_POINT('',(2.77E0,1.27E0,-1.65E0));
#5650=VERTEX_POINT('',#5649);
#5651=CARTESIAN_POINT('',(3.23E0,-1.27E0,-1.65E0));
#5652=CARTESIAN_POINT('',(3.23E0,1.27E0,-1.65E0));
#5653=VERTEX_POINT('',#5651);
#5654=VERTEX_POINT('',#5652);
#5655=CARTESIAN_POINT('',(5.77E0,1.27E0,-1.65E0));
#5656=VERTEX_POINT('',#5655);
#5657=CARTESIAN_POINT('',(5.77E0,-5.7E-1,-1.65E0));
#5658=VERTEX_POINT('',#5657);
#5659=CARTESIAN_POINT('',(5.07E0,-1.27E0,-1.65E0));
#5660=VERTEX_POINT('',#5659);
#5661=CARTESIAN_POINT('',(8.77E0,-5.7E-1,-1.65E0));
#5662=CARTESIAN_POINT('',(8.07E0,-1.27E0,-1.65E0));
#5663=VERTEX_POINT('',#5661);
#5664=VERTEX_POINT('',#5662);
#5665=CARTESIAN_POINT('',(6.23E0,-1.27E0,-1.65E0));
#5666=VERTEX_POINT('',#5665);
#5667=CARTESIAN_POINT('',(6.23E0,1.27E0,-1.65E0));
#5668=VERTEX_POINT('',#5667);
#5669=CARTESIAN_POINT('',(8.77E0,1.27E0,-1.65E0));
#5670=VERTEX_POINT('',#5669);
#5671=CARTESIAN_POINT('',(-9.23E0,1.27E0,4.95E0));
#5672=CARTESIAN_POINT('',(-9.23E0,-1.27E0,4.95E0));
#5673=VERTEX_POINT('',#5671);
#5674=VERTEX_POINT('',#5672);
#5675=CARTESIAN_POINT('',(-1.177E1,-1.27E0,4.95E0));
#5676=VERTEX_POINT('',#5675);
#5677=CARTESIAN_POINT('',(-1.177E1,1.27E0,4.95E0));
#5678=VERTEX_POINT('',#5677);
#5679=CARTESIAN_POINT('',(-8.77E0,-1.27E0,4.95E0));
#5680=CARTESIAN_POINT('',(-6.93E0,-1.27E0,4.95E0));
#5681=VERTEX_POINT('',#5679);
#5682=VERTEX_POINT('',#5680);
#5683=CARTESIAN_POINT('',(-8.77E0,1.27E0,4.95E0));
#5684=VERTEX_POINT('',#5683);
#5685=CARTESIAN_POINT('',(-6.23E0,1.27E0,4.95E0));
#5686=VERTEX_POINT('',#5685);
#5687=CARTESIAN_POINT('',(-6.23E0,-5.7E-1,4.95E0));
#5688=VERTEX_POINT('',#5687);
#5689=CARTESIAN_POINT('',(-3.93E0,-1.27E0,4.95E0));
#5690=CARTESIAN_POINT('',(-5.77E0,-1.27E0,4.95E0));
#5691=VERTEX_POINT('',#5689);
#5692=VERTEX_POINT('',#5690);
#5693=CARTESIAN_POINT('',(-5.77E0,1.27E0,4.95E0));
#5694=VERTEX_POINT('',#5693);
#5695=CARTESIAN_POINT('',(-3.23E0,1.27E0,4.95E0));
#5696=VERTEX_POINT('',#5695);
#5697=CARTESIAN_POINT('',(-3.23E0,-5.7E-1,4.95E0));
#5698=VERTEX_POINT('',#5697);
#5699=CARTESIAN_POINT('',(-2.3E-1,-1.27E0,4.95E0));
#5700=CARTESIAN_POINT('',(-2.07E0,-1.27E0,4.95E0));
#5701=VERTEX_POINT('',#5699);
#5702=VERTEX_POINT('',#5700);
#5703=CARTESIAN_POINT('',(-2.77E0,-5.7E-1,4.95E0));
#5704=VERTEX_POINT('',#5703);
#5705=CARTESIAN_POINT('',(-2.77E0,1.27E0,4.95E0));
#5706=VERTEX_POINT('',#5705);
#5707=CARTESIAN_POINT('',(-2.3E-1,1.27E0,4.95E0));
#5708=VERTEX_POINT('',#5707);
#5709=CARTESIAN_POINT('',(2.77E0,-1.27E0,4.95E0));
#5710=CARTESIAN_POINT('',(9.3E-1,-1.27E0,4.95E0));
#5711=VERTEX_POINT('',#5709);
#5712=VERTEX_POINT('',#5710);
#5713=CARTESIAN_POINT('',(2.3E-1,-5.7E-1,4.95E0));
#5714=VERTEX_POINT('',#5713);
#5715=CARTESIAN_POINT('',(2.3E-1,1.27E0,4.95E0));
#5716=VERTEX_POINT('',#5715);
#5717=CARTESIAN_POINT('',(2.77E0,1.27E0,4.95E0));
#5718=VERTEX_POINT('',#5717);
#5719=CARTESIAN_POINT('',(3.23E0,-1.27E0,4.95E0));
#5720=CARTESIAN_POINT('',(3.23E0,1.27E0,4.95E0));
#5721=VERTEX_POINT('',#5719);
#5722=VERTEX_POINT('',#5720);
#5723=CARTESIAN_POINT('',(5.77E0,1.27E0,4.95E0));
#5724=VERTEX_POINT('',#5723);
#5725=CARTESIAN_POINT('',(5.77E0,-5.7E-1,4.95E0));
#5726=VERTEX_POINT('',#5725);
#5727=CARTESIAN_POINT('',(5.07E0,-1.27E0,4.95E0));
#5728=VERTEX_POINT('',#5727);
#5729=CARTESIAN_POINT('',(8.77E0,-5.7E-1,4.95E0));
#5730=CARTESIAN_POINT('',(8.07E0,-1.27E0,4.95E0));
#5731=VERTEX_POINT('',#5729);
#5732=VERTEX_POINT('',#5730);
#5733=CARTESIAN_POINT('',(6.23E0,-1.27E0,4.95E0));
#5734=VERTEX_POINT('',#5733);
#5735=CARTESIAN_POINT('',(6.23E0,1.27E0,4.95E0));
#5736=VERTEX_POINT('',#5735);
#5737=CARTESIAN_POINT('',(8.77E0,1.27E0,4.95E0));
#5738=VERTEX_POINT('',#5737);
#5739=CARTESIAN_POINT('',(-1.382E1,1.93E0,3.55E0));
#5740=CARTESIAN_POINT('',(-1.242E1,1.93E0,4.95E0));
#5741=VERTEX_POINT('',#5739);
#5742=VERTEX_POINT('',#5740);
#5743=CARTESIAN_POINT('',(1.242E1,1.93E0,4.95E0));
#5744=CARTESIAN_POINT('',(1.382E1,1.93E0,3.55E0));
#5745=VERTEX_POINT('',#5743);
#5746=VERTEX_POINT('',#5744);
#5747=CARTESIAN_POINT('',(-1.382E1,-8.75E-1,-3.68E0));
#5748=VERTEX_POINT('',#5747);
#5749=CARTESIAN_POINT('',(-1.286E1,-8.75E-1,-3.68E0));
#5750=VERTEX_POINT('',#5749);
#5751=CARTESIAN_POINT('',(1.082E1,-3.2E-1,-3.7E0));
#5752=CARTESIAN_POINT('',(1.018E1,-3.2E-1,-3.7E0));
#5753=VERTEX_POINT('',#5751);
#5754=VERTEX_POINT('',#5752);
#5755=CARTESIAN_POINT('',(1.018E1,1.055E0,-4.28E0));
#5756=VERTEX_POINT('',#5755);
#5757=CARTESIAN_POINT('',(1.018E1,-3.2E-1,-3.6E0));
#5758=CARTESIAN_POINT('',(1.018E1,-3.2E-1,-3.68E0));
#5759=VERTEX_POINT('',#5757);
#5760=VERTEX_POINT('',#5758);
#5761=CARTESIAN_POINT('',(1.018E1,-1.65E0,-3.7E0));
#5762=CARTESIAN_POINT('',(1.018E1,-8.75E-1,-3.7E0));
#5763=VERTEX_POINT('',#5761);
#5764=VERTEX_POINT('',#5762);
#5765=CARTESIAN_POINT('',(1.082E1,-3.2E-1,-3.6E0));
#5766=VERTEX_POINT('',#5765);
#5767=CARTESIAN_POINT('',(1.082E1,1.055E0,-4.28E0));
#5768=VERTEX_POINT('',#5767);
#5769=CARTESIAN_POINT('',(1.082E1,-3.2E-1,-3.68E0));
#5770=VERTEX_POINT('',#5769);
#5771=CARTESIAN_POINT('',(1.082E1,-1.65E0,-3.7E0));
#5772=CARTESIAN_POINT('',(1.082E1,-8.75E-1,-3.7E0));
#5773=VERTEX_POINT('',#5771);
#5774=VERTEX_POINT('',#5772);
#5775=CARTESIAN_POINT('',(1.018E1,-1.68E0,-3.6E0));
#5776=VERTEX_POINT('',#5775);
#5777=CARTESIAN_POINT('',(1.082E1,-1.68E0,-3.6E0));
#5778=VERTEX_POINT('',#5777);
#5779=CARTESIAN_POINT('',(-1.382E1,-1.43E0,-3.1E0));
#5780=VERTEX_POINT('',#5779);
#5781=CARTESIAN_POINT('',(1.382E1,-1.43E0,-3.1E0));
#5782=VERTEX_POINT('',#5781);
#5783=CARTESIAN_POINT('',(1.018E1,-1.27E0,-4.28E0));
#5784=VERTEX_POINT('',#5783);
#5785=CARTESIAN_POINT('',(1.082E1,-8.75E-1,-4.28E0));
#5786=VERTEX_POINT('',#5785);
#5787=CARTESIAN_POINT('',(1.018E1,-8.75E-1,-4.28E0));
#5788=VERTEX_POINT('',#5787);
#5789=CARTESIAN_POINT('',(1.082E1,1.055E0,-4.34E0));
#5790=VERTEX_POINT('',#5789);
#5791=CARTESIAN_POINT('',(1.018E1,1.055E0,-4.34E0));
#5792=VERTEX_POINT('',#5791);
#5793=CARTESIAN_POINT('',(1.286E1,-1.93E0,-3.1E0));
#5794=VERTEX_POINT('',#5793);
#5795=CARTESIAN_POINT('',(-1.286E1,-1.93E0,-3.1E0));
#5796=VERTEX_POINT('',#5795);
#5797=CARTESIAN_POINT('',(9.23E0,1.27E0,-1.65E0));
#5798=CARTESIAN_POINT('',(1.177E1,1.27E0,-1.65E0));
#5799=VERTEX_POINT('',#5797);
#5800=VERTEX_POINT('',#5798);
#5801=CARTESIAN_POINT('',(1.177E1,-1.27E0,-1.65E0));
#5802=VERTEX_POINT('',#5801);
#5803=CARTESIAN_POINT('',(9.23E0,-1.27E0,-1.65E0));
#5804=VERTEX_POINT('',#5803);
#5805=CARTESIAN_POINT('',(9.23E0,1.27E0,4.95E0));
#5806=VERTEX_POINT('',#5805);
#5807=CARTESIAN_POINT('',(7.18E0,-1.68E0,-4.95E0));
#5808=CARTESIAN_POINT('',(7.18E0,-1.27E0,-4.95E0));
#5809=VERTEX_POINT('',#5807);
#5810=VERTEX_POINT('',#5808);
#5811=CARTESIAN_POINT('',(7.82E0,-1.68E0,-4.95E0));
#5812=CARTESIAN_POINT('',(7.82E0,-1.27E0,-4.95E0));
#5813=VERTEX_POINT('',#5811);
#5814=VERTEX_POINT('',#5812);
#5815=CARTESIAN_POINT('',(7.18E0,1.93E0,-4.95E0));
#5816=CARTESIAN_POINT('',(7.18E0,1.93E0,-3.6E0));
#5817=VERTEX_POINT('',#5815);
#5818=VERTEX_POINT('',#5816);
#5819=CARTESIAN_POINT('',(7.82E0,1.93E0,-3.6E0));
#5820=VERTEX_POINT('',#5819);
#5821=CARTESIAN_POINT('',(7.82E0,1.93E0,-4.95E0));
#5822=VERTEX_POINT('',#5821);
#5823=CARTESIAN_POINT('',(7.18E0,1.27E0,-4.28E0));
#5824=CARTESIAN_POINT('',(7.18E0,1.27E0,-4.95E0));
#5825=VERTEX_POINT('',#5823);
#5826=VERTEX_POINT('',#5824);
#5827=CARTESIAN_POINT('',(7.82E0,1.27E0,-4.28E0));
#5828=CARTESIAN_POINT('',(7.82E0,1.27E0,-4.95E0));
#5829=VERTEX_POINT('',#5827);
#5830=VERTEX_POINT('',#5828);
#5831=CARTESIAN_POINT('',(4.18E0,-1.68E0,-4.95E0));
#5832=CARTESIAN_POINT('',(4.18E0,-1.27E0,-4.95E0));
#5833=VERTEX_POINT('',#5831);
#5834=VERTEX_POINT('',#5832);
#5835=CARTESIAN_POINT('',(4.82E0,-1.68E0,-4.95E0));
#5836=CARTESIAN_POINT('',(4.82E0,-1.27E0,-4.95E0));
#5837=VERTEX_POINT('',#5835);
#5838=VERTEX_POINT('',#5836);
#5839=CARTESIAN_POINT('',(4.18E0,1.93E0,-4.95E0));
#5840=CARTESIAN_POINT('',(4.18E0,1.93E0,-3.6E0));
#5841=VERTEX_POINT('',#5839);
#5842=VERTEX_POINT('',#5840);
#5843=CARTESIAN_POINT('',(4.82E0,1.93E0,-3.6E0));
#5844=VERTEX_POINT('',#5843);
#5845=CARTESIAN_POINT('',(4.82E0,1.93E0,-4.95E0));
#5846=VERTEX_POINT('',#5845);
#5847=CARTESIAN_POINT('',(4.18E0,1.27E0,-4.28E0));
#5848=CARTESIAN_POINT('',(4.18E0,1.27E0,-4.95E0));
#5849=VERTEX_POINT('',#5847);
#5850=VERTEX_POINT('',#5848);
#5851=CARTESIAN_POINT('',(4.82E0,1.27E0,-4.28E0));
#5852=CARTESIAN_POINT('',(4.82E0,1.27E0,-4.95E0));
#5853=VERTEX_POINT('',#5851);
#5854=VERTEX_POINT('',#5852);
#5855=CARTESIAN_POINT('',(1.18E0,-1.68E0,-4.95E0));
#5856=CARTESIAN_POINT('',(1.18E0,-1.27E0,-4.95E0));
#5857=VERTEX_POINT('',#5855);
#5858=VERTEX_POINT('',#5856);
#5859=CARTESIAN_POINT('',(1.82E0,-1.68E0,-4.95E0));
#5860=CARTESIAN_POINT('',(1.82E0,-1.27E0,-4.95E0));
#5861=VERTEX_POINT('',#5859);
#5862=VERTEX_POINT('',#5860);
#5863=CARTESIAN_POINT('',(1.18E0,1.93E0,-4.95E0));
#5864=CARTESIAN_POINT('',(1.18E0,1.93E0,-3.6E0));
#5865=VERTEX_POINT('',#5863);
#5866=VERTEX_POINT('',#5864);
#5867=CARTESIAN_POINT('',(1.82E0,1.93E0,-3.6E0));
#5868=VERTEX_POINT('',#5867);
#5869=CARTESIAN_POINT('',(1.82E0,1.93E0,-4.95E0));
#5870=VERTEX_POINT('',#5869);
#5871=CARTESIAN_POINT('',(1.18E0,1.27E0,-4.28E0));
#5872=CARTESIAN_POINT('',(1.18E0,1.27E0,-4.95E0));
#5873=VERTEX_POINT('',#5871);
#5874=VERTEX_POINT('',#5872);
#5875=CARTESIAN_POINT('',(1.82E0,1.27E0,-4.28E0));
#5876=CARTESIAN_POINT('',(1.82E0,1.27E0,-4.95E0));
#5877=VERTEX_POINT('',#5875);
#5878=VERTEX_POINT('',#5876);
#5879=CARTESIAN_POINT('',(7.82E0,-3.2E-1,-3.7E0));
#5880=CARTESIAN_POINT('',(7.18E0,-3.2E-1,-3.7E0));
#5881=VERTEX_POINT('',#5879);
#5882=VERTEX_POINT('',#5880);
#5883=CARTESIAN_POINT('',(7.82E0,-1.27E0,-4.28E0));
#5884=CARTESIAN_POINT('',(7.82E0,-1.27E0,-4.34E0));
#5885=VERTEX_POINT('',#5883);
#5886=VERTEX_POINT('',#5884);
#5887=CARTESIAN_POINT('',(7.18E0,-1.27E0,-4.28E0));
#5888=CARTESIAN_POINT('',(7.18E0,-1.27E0,-4.34E0));
#5889=VERTEX_POINT('',#5887);
#5890=VERTEX_POINT('',#5888);
#5891=CARTESIAN_POINT('',(7.82E0,-8.75E-1,-4.28E0));
#5892=VERTEX_POINT('',#5891);
#5893=CARTESIAN_POINT('',(7.18E0,-8.75E-1,-4.28E0));
#5894=VERTEX_POINT('',#5893);
#5895=CARTESIAN_POINT('',(7.18E0,1.055E0,-3.6E0));
#5896=CARTESIAN_POINT('',(7.18E0,1.055E0,-4.28E0));
#5897=VERTEX_POINT('',#5895);
#5898=VERTEX_POINT('',#5896);
#5899=CARTESIAN_POINT('',(7.18E0,-3.2E-1,-3.6E0));
#5900=CARTESIAN_POINT('',(7.18E0,-3.2E-1,-3.68E0));
#5901=VERTEX_POINT('',#5899);
#5902=VERTEX_POINT('',#5900);
#5903=CARTESIAN_POINT('',(7.18E0,-1.65E0,-3.7E0));
#5904=CARTESIAN_POINT('',(7.18E0,-8.75E-1,-3.7E0));
#5905=VERTEX_POINT('',#5903);
#5906=VERTEX_POINT('',#5904);
#5907=CARTESIAN_POINT('',(7.82E0,1.055E0,-3.6E0));
#5908=VERTEX_POINT('',#5907);
#5909=CARTESIAN_POINT('',(7.82E0,-3.2E-1,-3.6E0));
#5910=VERTEX_POINT('',#5909);
#5911=CARTESIAN_POINT('',(7.82E0,1.055E0,-4.28E0));
#5912=VERTEX_POINT('',#5911);
#5913=CARTESIAN_POINT('',(7.82E0,-3.2E-1,-3.68E0));
#5914=VERTEX_POINT('',#5913);
#5915=CARTESIAN_POINT('',(7.82E0,-1.65E0,-3.7E0));
#5916=CARTESIAN_POINT('',(7.82E0,-8.75E-1,-3.7E0));
#5917=VERTEX_POINT('',#5915);
#5918=VERTEX_POINT('',#5916);
#5919=CARTESIAN_POINT('',(7.18E0,-1.68E0,-3.6E0));
#5920=VERTEX_POINT('',#5919);
#5921=CARTESIAN_POINT('',(7.82E0,-1.68E0,-3.6E0));
#5922=VERTEX_POINT('',#5921);
#5923=CARTESIAN_POINT('',(7.82E0,1.055E0,-4.34E0));
#5924=VERTEX_POINT('',#5923);
#5925=CARTESIAN_POINT('',(7.18E0,1.055E0,-4.34E0));
#5926=VERTEX_POINT('',#5925);
#5927=CARTESIAN_POINT('',(4.82E0,-3.2E-1,-3.7E0));
#5928=CARTESIAN_POINT('',(4.18E0,-3.2E-1,-3.7E0));
#5929=VERTEX_POINT('',#5927);
#5930=VERTEX_POINT('',#5928);
#5931=CARTESIAN_POINT('',(4.82E0,-1.27E0,-4.28E0));
#5932=CARTESIAN_POINT('',(4.82E0,-1.27E0,-4.34E0));
#5933=VERTEX_POINT('',#5931);
#5934=VERTEX_POINT('',#5932);
#5935=CARTESIAN_POINT('',(4.18E0,-1.27E0,-4.28E0));
#5936=CARTESIAN_POINT('',(4.18E0,-1.27E0,-4.34E0));
#5937=VERTEX_POINT('',#5935);
#5938=VERTEX_POINT('',#5936);
#5939=CARTESIAN_POINT('',(4.82E0,-8.75E-1,-4.28E0));
#5940=VERTEX_POINT('',#5939);
#5941=CARTESIAN_POINT('',(4.18E0,-8.75E-1,-4.28E0));
#5942=VERTEX_POINT('',#5941);
#5943=CARTESIAN_POINT('',(4.18E0,1.055E0,-3.6E0));
#5944=CARTESIAN_POINT('',(4.18E0,1.055E0,-4.28E0));
#5945=VERTEX_POINT('',#5943);
#5946=VERTEX_POINT('',#5944);
#5947=CARTESIAN_POINT('',(4.18E0,-3.2E-1,-3.6E0));
#5948=CARTESIAN_POINT('',(4.18E0,-3.2E-1,-3.68E0));
#5949=VERTEX_POINT('',#5947);
#5950=VERTEX_POINT('',#5948);
#5951=CARTESIAN_POINT('',(4.18E0,-1.65E0,-3.7E0));
#5952=CARTESIAN_POINT('',(4.18E0,-8.75E-1,-3.7E0));
#5953=VERTEX_POINT('',#5951);
#5954=VERTEX_POINT('',#5952);
#5955=CARTESIAN_POINT('',(4.82E0,1.055E0,-3.6E0));
#5956=VERTEX_POINT('',#5955);
#5957=CARTESIAN_POINT('',(4.82E0,-3.2E-1,-3.6E0));
#5958=VERTEX_POINT('',#5957);
#5959=CARTESIAN_POINT('',(4.82E0,1.055E0,-4.28E0));
#5960=VERTEX_POINT('',#5959);
#5961=CARTESIAN_POINT('',(4.82E0,-3.2E-1,-3.68E0));
#5962=VERTEX_POINT('',#5961);
#5963=CARTESIAN_POINT('',(4.82E0,-1.65E0,-3.7E0));
#5964=CARTESIAN_POINT('',(4.82E0,-8.75E-1,-3.7E0));
#5965=VERTEX_POINT('',#5963);
#5966=VERTEX_POINT('',#5964);
#5967=CARTESIAN_POINT('',(4.18E0,-1.68E0,-3.6E0));
#5968=VERTEX_POINT('',#5967);
#5969=CARTESIAN_POINT('',(4.82E0,-1.68E0,-3.6E0));
#5970=VERTEX_POINT('',#5969);
#5971=CARTESIAN_POINT('',(4.82E0,1.055E0,-4.34E0));
#5972=VERTEX_POINT('',#5971);
#5973=CARTESIAN_POINT('',(4.18E0,1.055E0,-4.34E0));
#5974=VERTEX_POINT('',#5973);
#5975=CARTESIAN_POINT('',(1.82E0,-3.2E-1,-3.7E0));
#5976=CARTESIAN_POINT('',(1.18E0,-3.2E-1,-3.7E0));
#5977=VERTEX_POINT('',#5975);
#5978=VERTEX_POINT('',#5976);
#5979=CARTESIAN_POINT('',(1.82E0,-1.27E0,-4.28E0));
#5980=CARTESIAN_POINT('',(1.82E0,-1.27E0,-4.34E0));
#5981=VERTEX_POINT('',#5979);
#5982=VERTEX_POINT('',#5980);
#5983=CARTESIAN_POINT('',(1.18E0,-1.27E0,-4.28E0));
#5984=CARTESIAN_POINT('',(1.18E0,-1.27E0,-4.34E0));
#5985=VERTEX_POINT('',#5983);
#5986=VERTEX_POINT('',#5984);
#5987=CARTESIAN_POINT('',(1.82E0,-8.75E-1,-4.28E0));
#5988=VERTEX_POINT('',#5987);
#5989=CARTESIAN_POINT('',(1.18E0,-8.75E-1,-4.28E0));
#5990=VERTEX_POINT('',#5989);
#5991=CARTESIAN_POINT('',(1.18E0,1.055E0,-3.6E0));
#5992=CARTESIAN_POINT('',(1.18E0,1.055E0,-4.28E0));
#5993=VERTEX_POINT('',#5991);
#5994=VERTEX_POINT('',#5992);
#5995=CARTESIAN_POINT('',(1.18E0,-3.2E-1,-3.6E0));
#5996=CARTESIAN_POINT('',(1.18E0,-3.2E-1,-3.68E0));
#5997=VERTEX_POINT('',#5995);
#5998=VERTEX_POINT('',#5996);
#5999=CARTESIAN_POINT('',(1.18E0,-1.65E0,-3.7E0));
#6000=CARTESIAN_POINT('',(1.18E0,-8.75E-1,-3.7E0));
#6001=VERTEX_POINT('',#5999);
#6002=VERTEX_POINT('',#6000);
#6003=CARTESIAN_POINT('',(1.82E0,1.055E0,-3.6E0));
#6004=VERTEX_POINT('',#6003);
#6005=CARTESIAN_POINT('',(1.82E0,-3.2E-1,-3.6E0));
#6006=VERTEX_POINT('',#6005);
#6007=CARTESIAN_POINT('',(1.82E0,1.055E0,-4.28E0));
#6008=VERTEX_POINT('',#6007);
#6009=CARTESIAN_POINT('',(1.82E0,-3.2E-1,-3.68E0));
#6010=VERTEX_POINT('',#6009);
#6011=CARTESIAN_POINT('',(1.82E0,-1.65E0,-3.7E0));
#6012=CARTESIAN_POINT('',(1.82E0,-8.75E-1,-3.7E0));
#6013=VERTEX_POINT('',#6011);
#6014=VERTEX_POINT('',#6012);
#6015=CARTESIAN_POINT('',(1.18E0,-1.68E0,-3.6E0));
#6016=VERTEX_POINT('',#6015);
#6017=CARTESIAN_POINT('',(1.82E0,-1.68E0,-3.6E0));
#6018=VERTEX_POINT('',#6017);
#6019=CARTESIAN_POINT('',(1.82E0,1.055E0,-4.34E0));
#6020=VERTEX_POINT('',#6019);
#6021=CARTESIAN_POINT('',(1.18E0,1.055E0,-4.34E0));
#6022=VERTEX_POINT('',#6021);
#6023=CARTESIAN_POINT('',(4.82E0,8.75E-1,-4.28E0));
#6024=VERTEX_POINT('',#6023);
#6025=CARTESIAN_POINT('',(4.18E0,8.75E-1,-4.28E0));
#6026=VERTEX_POINT('',#6025);
#6027=CARTESIAN_POINT('',(4.82E0,8.75E-1,-3.68E0));
#6028=VERTEX_POINT('',#6027);
#6029=CARTESIAN_POINT('',(4.18E0,8.75E-1,-3.68E0));
#6030=VERTEX_POINT('',#6029);
#6031=CARTESIAN_POINT('',(-1.82E0,-1.68E0,-4.95E0));
#6032=CARTESIAN_POINT('',(-1.82E0,-1.27E0,-4.95E0));
#6033=VERTEX_POINT('',#6031);
#6034=VERTEX_POINT('',#6032);
#6035=CARTESIAN_POINT('',(-1.18E0,-1.68E0,-4.95E0));
#6036=CARTESIAN_POINT('',(-1.18E0,-1.27E0,-4.95E0));
#6037=VERTEX_POINT('',#6035);
#6038=VERTEX_POINT('',#6036);
#6039=CARTESIAN_POINT('',(-1.82E0,1.93E0,-4.95E0));
#6040=CARTESIAN_POINT('',(-1.82E0,1.93E0,-3.6E0));
#6041=VERTEX_POINT('',#6039);
#6042=VERTEX_POINT('',#6040);
#6043=CARTESIAN_POINT('',(-1.18E0,1.93E0,-3.6E0));
#6044=VERTEX_POINT('',#6043);
#6045=CARTESIAN_POINT('',(-1.18E0,1.93E0,-4.95E0));
#6046=VERTEX_POINT('',#6045);
#6047=CARTESIAN_POINT('',(-1.82E0,1.27E0,-4.28E0));
#6048=CARTESIAN_POINT('',(-1.82E0,1.27E0,-4.95E0));
#6049=VERTEX_POINT('',#6047);
#6050=VERTEX_POINT('',#6048);
#6051=CARTESIAN_POINT('',(-1.18E0,1.27E0,-4.28E0));
#6052=CARTESIAN_POINT('',(-1.18E0,1.27E0,-4.95E0));
#6053=VERTEX_POINT('',#6051);
#6054=VERTEX_POINT('',#6052);
#6055=CARTESIAN_POINT('',(-1.18E0,-3.2E-1,-3.7E0));
#6056=CARTESIAN_POINT('',(-1.82E0,-3.2E-1,-3.7E0));
#6057=VERTEX_POINT('',#6055);
#6058=VERTEX_POINT('',#6056);
#6059=CARTESIAN_POINT('',(-1.18E0,-1.27E0,-4.28E0));
#6060=CARTESIAN_POINT('',(-1.18E0,-1.27E0,-4.34E0));
#6061=VERTEX_POINT('',#6059);
#6062=VERTEX_POINT('',#6060);
#6063=CARTESIAN_POINT('',(-1.82E0,-1.27E0,-4.28E0));
#6064=CARTESIAN_POINT('',(-1.82E0,-1.27E0,-4.34E0));
#6065=VERTEX_POINT('',#6063);
#6066=VERTEX_POINT('',#6064);
#6067=CARTESIAN_POINT('',(-1.18E0,-8.75E-1,-4.28E0));
#6068=VERTEX_POINT('',#6067);
#6069=CARTESIAN_POINT('',(-1.82E0,-8.75E-1,-4.28E0));
#6070=VERTEX_POINT('',#6069);
#6071=CARTESIAN_POINT('',(-1.82E0,1.055E0,-3.6E0));
#6072=CARTESIAN_POINT('',(-1.82E0,1.055E0,-4.28E0));
#6073=VERTEX_POINT('',#6071);
#6074=VERTEX_POINT('',#6072);
#6075=CARTESIAN_POINT('',(-1.82E0,-3.2E-1,-3.6E0));
#6076=CARTESIAN_POINT('',(-1.82E0,-3.2E-1,-3.68E0));
#6077=VERTEX_POINT('',#6075);
#6078=VERTEX_POINT('',#6076);
#6079=CARTESIAN_POINT('',(-1.82E0,-1.65E0,-3.7E0));
#6080=CARTESIAN_POINT('',(-1.82E0,-8.75E-1,-3.7E0));
#6081=VERTEX_POINT('',#6079);
#6082=VERTEX_POINT('',#6080);
#6083=CARTESIAN_POINT('',(-1.18E0,1.055E0,-3.6E0));
#6084=VERTEX_POINT('',#6083);
#6085=CARTESIAN_POINT('',(-1.18E0,-3.2E-1,-3.6E0));
#6086=VERTEX_POINT('',#6085);
#6087=CARTESIAN_POINT('',(-1.18E0,1.055E0,-4.28E0));
#6088=VERTEX_POINT('',#6087);
#6089=CARTESIAN_POINT('',(-1.18E0,-3.2E-1,-3.68E0));
#6090=VERTEX_POINT('',#6089);
#6091=CARTESIAN_POINT('',(-1.18E0,-1.65E0,-3.7E0));
#6092=CARTESIAN_POINT('',(-1.18E0,-8.75E-1,-3.7E0));
#6093=VERTEX_POINT('',#6091);
#6094=VERTEX_POINT('',#6092);
#6095=CARTESIAN_POINT('',(-1.82E0,-1.68E0,-3.6E0));
#6096=VERTEX_POINT('',#6095);
#6097=CARTESIAN_POINT('',(-1.18E0,-1.68E0,-3.6E0));
#6098=VERTEX_POINT('',#6097);
#6099=CARTESIAN_POINT('',(-1.18E0,1.055E0,-4.34E0));
#6100=VERTEX_POINT('',#6099);
#6101=CARTESIAN_POINT('',(-1.82E0,1.055E0,-4.34E0));
#6102=VERTEX_POINT('',#6101);
#6103=CARTESIAN_POINT('',(1.377E1,4.25E-2,-3.5E0));
#6104=CARTESIAN_POINT('',(1.377E1,4.25E-2,-2.25E0));
#6105=VERTEX_POINT('',#6103);
#6106=VERTEX_POINT('',#6104);
#6107=CARTESIAN_POINT('',(1.377E1,-1.1375E-1,-2.25E0));
#6108=VERTEX_POINT('',#6107);
#6109=CARTESIAN_POINT('',(1.377E1,-2.7E-1,-2.436170190573E0));
#6110=VERTEX_POINT('',#6109);
#6111=CARTESIAN_POINT('',(1.377E1,-2.7E-1,-2.648936197162E0));
#6112=VERTEX_POINT('',#6111);
#6113=CARTESIAN_POINT('',(1.377E1,-1.1375E-1,-2.462765932083E0));
#6114=VERTEX_POINT('',#6113);
#6115=CARTESIAN_POINT('',(1.377E1,-1.1375E-1,-3.5E0));
#6116=VERTEX_POINT('',#6115);
#6117=CARTESIAN_POINT('',(1.382E1,4.25E-2,-3.5E0));
#6118=CARTESIAN_POINT('',(1.382E1,4.25E-2,-2.25E0));
#6119=VERTEX_POINT('',#6117);
#6120=VERTEX_POINT('',#6118);
#6121=CARTESIAN_POINT('',(1.382E1,-1.1375E-1,-2.25E0));
#6122=VERTEX_POINT('',#6121);
#6123=CARTESIAN_POINT('',(1.382E1,-2.7E-1,-2.436170190573E0));
#6124=VERTEX_POINT('',#6123);
#6125=CARTESIAN_POINT('',(1.382E1,-2.7E-1,-2.648936197162E0));
#6126=VERTEX_POINT('',#6125);
#6127=CARTESIAN_POINT('',(1.382E1,-1.1375E-1,-2.462765932083E0));
#6128=VERTEX_POINT('',#6127);
#6129=CARTESIAN_POINT('',(1.382E1,-1.1375E-1,-3.5E0));
#6130=VERTEX_POINT('',#6129);
#6131=CARTESIAN_POINT('',(-4.82E0,-1.68E0,-4.95E0));
#6132=CARTESIAN_POINT('',(-4.82E0,-1.27E0,-4.95E0));
#6133=VERTEX_POINT('',#6131);
#6134=VERTEX_POINT('',#6132);
#6135=CARTESIAN_POINT('',(-4.18E0,-1.68E0,-4.95E0));
#6136=CARTESIAN_POINT('',(-4.18E0,-1.27E0,-4.95E0));
#6137=VERTEX_POINT('',#6135);
#6138=VERTEX_POINT('',#6136);
#6139=CARTESIAN_POINT('',(-4.82E0,1.93E0,-4.95E0));
#6140=CARTESIAN_POINT('',(-4.82E0,1.93E0,-3.6E0));
#6141=VERTEX_POINT('',#6139);
#6142=VERTEX_POINT('',#6140);
#6143=CARTESIAN_POINT('',(-4.18E0,1.93E0,-3.6E0));
#6144=VERTEX_POINT('',#6143);
#6145=CARTESIAN_POINT('',(-4.18E0,1.93E0,-4.95E0));
#6146=VERTEX_POINT('',#6145);
#6147=CARTESIAN_POINT('',(-4.82E0,1.27E0,-4.28E0));
#6148=CARTESIAN_POINT('',(-4.82E0,1.27E0,-4.95E0));
#6149=VERTEX_POINT('',#6147);
#6150=VERTEX_POINT('',#6148);
#6151=CARTESIAN_POINT('',(-4.18E0,1.27E0,-4.28E0));
#6152=CARTESIAN_POINT('',(-4.18E0,1.27E0,-4.95E0));
#6153=VERTEX_POINT('',#6151);
#6154=VERTEX_POINT('',#6152);
#6155=CARTESIAN_POINT('',(-7.82E0,-1.68E0,-4.95E0));
#6156=CARTESIAN_POINT('',(-7.82E0,-1.27E0,-4.95E0));
#6157=VERTEX_POINT('',#6155);
#6158=VERTEX_POINT('',#6156);
#6159=CARTESIAN_POINT('',(-7.18E0,-1.68E0,-4.95E0));
#6160=CARTESIAN_POINT('',(-7.18E0,-1.27E0,-4.95E0));
#6161=VERTEX_POINT('',#6159);
#6162=VERTEX_POINT('',#6160);
#6163=CARTESIAN_POINT('',(-7.82E0,1.93E0,-4.95E0));
#6164=CARTESIAN_POINT('',(-7.82E0,1.93E0,-3.6E0));
#6165=VERTEX_POINT('',#6163);
#6166=VERTEX_POINT('',#6164);
#6167=CARTESIAN_POINT('',(-7.18E0,1.93E0,-3.6E0));
#6168=VERTEX_POINT('',#6167);
#6169=CARTESIAN_POINT('',(-7.18E0,1.93E0,-4.95E0));
#6170=VERTEX_POINT('',#6169);
#6171=CARTESIAN_POINT('',(-7.82E0,1.27E0,-4.28E0));
#6172=CARTESIAN_POINT('',(-7.82E0,1.27E0,-4.95E0));
#6173=VERTEX_POINT('',#6171);
#6174=VERTEX_POINT('',#6172);
#6175=CARTESIAN_POINT('',(-7.18E0,1.27E0,-4.28E0));
#6176=CARTESIAN_POINT('',(-7.18E0,1.27E0,-4.95E0));
#6177=VERTEX_POINT('',#6175);
#6178=VERTEX_POINT('',#6176);
#6179=CARTESIAN_POINT('',(-1.082E1,-1.68E0,-4.95E0));
#6180=CARTESIAN_POINT('',(-1.082E1,-1.27E0,-4.95E0));
#6181=VERTEX_POINT('',#6179);
#6182=VERTEX_POINT('',#6180);
#6183=CARTESIAN_POINT('',(-1.018E1,-1.68E0,-4.95E0));
#6184=CARTESIAN_POINT('',(-1.018E1,-1.27E0,-4.95E0));
#6185=VERTEX_POINT('',#6183);
#6186=VERTEX_POINT('',#6184);
#6187=CARTESIAN_POINT('',(-1.082E1,1.93E0,-4.95E0));
#6188=CARTESIAN_POINT('',(-1.082E1,1.93E0,-3.6E0));
#6189=VERTEX_POINT('',#6187);
#6190=VERTEX_POINT('',#6188);
#6191=CARTESIAN_POINT('',(-1.018E1,1.93E0,-3.6E0));
#6192=VERTEX_POINT('',#6191);
#6193=CARTESIAN_POINT('',(-1.018E1,1.93E0,-4.95E0));
#6194=VERTEX_POINT('',#6193);
#6195=CARTESIAN_POINT('',(-1.082E1,1.27E0,-4.28E0));
#6196=CARTESIAN_POINT('',(-1.082E1,1.27E0,-4.95E0));
#6197=VERTEX_POINT('',#6195);
#6198=VERTEX_POINT('',#6196);
#6199=CARTESIAN_POINT('',(-1.018E1,1.27E0,-4.28E0));
#6200=CARTESIAN_POINT('',(-1.018E1,1.27E0,-4.95E0));
#6201=VERTEX_POINT('',#6199);
#6202=VERTEX_POINT('',#6200);
#6203=CARTESIAN_POINT('',(1.177E1,1.27E0,4.95E0));
#6204=VERTEX_POINT('',#6203);
#6205=CARTESIAN_POINT('',(1.177E1,-1.27E0,4.95E0));
#6206=VERTEX_POINT('',#6205);
#6207=CARTESIAN_POINT('',(9.23E0,-1.27E0,4.95E0));
#6208=VERTEX_POINT('',#6207);
#6209=CARTESIAN_POINT('',(1.082E1,-3.2E-1,-1.65E0));
#6210=CARTESIAN_POINT('',(1.082E1,3.2E-1,-1.65E0));
#6211=VERTEX_POINT('',#6209);
#6212=VERTEX_POINT('',#6210);
#6213=CARTESIAN_POINT('',(1.018E1,-3.2E-1,-1.65E0));
#6214=CARTESIAN_POINT('',(1.018E1,3.2E-1,-1.65E0));
#6215=VERTEX_POINT('',#6213);
#6216=VERTEX_POINT('',#6214);
#6217=CARTESIAN_POINT('',(7.82E0,-3.2E-1,-1.65E0));
#6218=CARTESIAN_POINT('',(7.82E0,3.2E-1,-1.65E0));
#6219=VERTEX_POINT('',#6217);
#6220=VERTEX_POINT('',#6218);
#6221=CARTESIAN_POINT('',(7.18E0,-3.2E-1,-1.65E0));
#6222=CARTESIAN_POINT('',(7.18E0,3.2E-1,-1.65E0));
#6223=VERTEX_POINT('',#6221);
#6224=VERTEX_POINT('',#6222);
#6225=CARTESIAN_POINT('',(4.82E0,-3.2E-1,-1.65E0));
#6226=CARTESIAN_POINT('',(4.82E0,3.2E-1,-1.65E0));
#6227=VERTEX_POINT('',#6225);
#6228=VERTEX_POINT('',#6226);
#6229=CARTESIAN_POINT('',(4.18E0,-3.2E-1,-1.65E0));
#6230=CARTESIAN_POINT('',(4.18E0,3.2E-1,-1.65E0));
#6231=VERTEX_POINT('',#6229);
#6232=VERTEX_POINT('',#6230);
#6233=CARTESIAN_POINT('',(1.82E0,-3.2E-1,-1.65E0));
#6234=CARTESIAN_POINT('',(1.82E0,3.2E-1,-1.65E0));
#6235=VERTEX_POINT('',#6233);
#6236=VERTEX_POINT('',#6234);
#6237=CARTESIAN_POINT('',(1.18E0,-3.2E-1,-1.65E0));
#6238=CARTESIAN_POINT('',(1.18E0,3.2E-1,-1.65E0));
#6239=VERTEX_POINT('',#6237);
#6240=VERTEX_POINT('',#6238);
#6241=CARTESIAN_POINT('',(-1.18E0,-3.2E-1,-1.65E0));
#6242=CARTESIAN_POINT('',(-1.18E0,3.2E-1,-1.65E0));
#6243=VERTEX_POINT('',#6241);
#6244=VERTEX_POINT('',#6242);
#6245=CARTESIAN_POINT('',(-1.82E0,-3.2E-1,-1.65E0));
#6246=CARTESIAN_POINT('',(-1.82E0,3.2E-1,-1.65E0));
#6247=VERTEX_POINT('',#6245);
#6248=VERTEX_POINT('',#6246);
#6249=CARTESIAN_POINT('',(1.082E1,-1.68E0,-3.700505761683E0));
#6250=CARTESIAN_POINT('',(1.082E1,-1.68E0,-4.341806527080E0));
#6251=VERTEX_POINT('',#6249);
#6252=VERTEX_POINT('',#6250);
#6253=CARTESIAN_POINT('',(1.018E1,-1.68E0,-3.700505761683E0));
#6254=CARTESIAN_POINT('',(1.018E1,-1.68E0,-4.341806527080E0));
#6255=VERTEX_POINT('',#6253);
#6256=VERTEX_POINT('',#6254);
#6257=CARTESIAN_POINT('',(7.82E0,-1.68E0,-3.700505761683E0));
#6258=CARTESIAN_POINT('',(7.82E0,-1.68E0,-4.341806527080E0));
#6259=VERTEX_POINT('',#6257);
#6260=VERTEX_POINT('',#6258);
#6261=CARTESIAN_POINT('',(7.18E0,-1.68E0,-3.700505761683E0));
#6262=CARTESIAN_POINT('',(7.18E0,-1.68E0,-4.341806527080E0));
#6263=VERTEX_POINT('',#6261);
#6264=VERTEX_POINT('',#6262);
#6265=CARTESIAN_POINT('',(4.82E0,-1.68E0,-3.700505761683E0));
#6266=CARTESIAN_POINT('',(4.82E0,-1.68E0,-4.341806527080E0));
#6267=VERTEX_POINT('',#6265);
#6268=VERTEX_POINT('',#6266);
#6269=CARTESIAN_POINT('',(4.18E0,-1.68E0,-3.700505761683E0));
#6270=CARTESIAN_POINT('',(4.18E0,-1.68E0,-4.341806527080E0));
#6271=VERTEX_POINT('',#6269);
#6272=VERTEX_POINT('',#6270);
#6273=CARTESIAN_POINT('',(1.82E0,-1.68E0,-3.700505761683E0));
#6274=CARTESIAN_POINT('',(1.82E0,-1.68E0,-4.341806527080E0));
#6275=VERTEX_POINT('',#6273);
#6276=VERTEX_POINT('',#6274);
#6277=CARTESIAN_POINT('',(1.18E0,-1.68E0,-3.700505761683E0));
#6278=CARTESIAN_POINT('',(1.18E0,-1.68E0,-4.341806527080E0));
#6279=VERTEX_POINT('',#6277);
#6280=VERTEX_POINT('',#6278);
#6281=CARTESIAN_POINT('',(-1.18E0,-1.68E0,-3.700505761683E0));
#6282=CARTESIAN_POINT('',(-1.18E0,-1.68E0,-4.341806527080E0));
#6283=VERTEX_POINT('',#6281);
#6284=VERTEX_POINT('',#6282);
#6285=CARTESIAN_POINT('',(-1.82E0,-1.68E0,-3.700505761683E0));
#6286=CARTESIAN_POINT('',(-1.82E0,-1.68E0,-4.341806527080E0));
#6287=VERTEX_POINT('',#6285);
#6288=VERTEX_POINT('',#6286);
#6289=CARTESIAN_POINT('',(-8.75E0,-1.93E0,-3.1E0));
#6290=VERTEX_POINT('',#6289);
#6291=CARTESIAN_POINT('',(-4.82E0,-1.68E0,-3.6E0));
#6292=CARTESIAN_POINT('',(-4.18E0,-1.68E0,-3.6E0));
#6293=VERTEX_POINT('',#6291);
#6294=VERTEX_POINT('',#6292);
#6295=CARTESIAN_POINT('',(-7.82E0,-1.68E0,-3.6E0));
#6296=CARTESIAN_POINT('',(-7.18E0,-1.68E0,-3.6E0));
#6297=VERTEX_POINT('',#6295);
#6298=VERTEX_POINT('',#6296);
#6299=CARTESIAN_POINT('',(-1.082E1,-1.68E0,-3.6E0));
#6300=CARTESIAN_POINT('',(-1.018E1,-1.68E0,-3.6E0));
#6301=VERTEX_POINT('',#6299);
#6302=VERTEX_POINT('',#6300);
#6303=CARTESIAN_POINT('',(-1.242E1,-1.93E0,4.95E0));
#6304=CARTESIAN_POINT('',(-1.242E1,-1.93E0,-3.1E0));
#6305=VERTEX_POINT('',#6303);
#6306=VERTEX_POINT('',#6304);
#6307=CARTESIAN_POINT('',(1.242E1,-1.93E0,4.95E0));
#6308=CARTESIAN_POINT('',(1.242E1,-1.93E0,-3.1E0));
#6309=VERTEX_POINT('',#6307);
#6310=VERTEX_POINT('',#6308);
#6311=CARTESIAN_POINT('',(1.246E1,-1.43E0,-3.25E0));
#6312=CARTESIAN_POINT('',(1.286E1,-1.43E0,-3.25E0));
#6313=VERTEX_POINT('',#6311);
#6314=VERTEX_POINT('',#6312);
#6315=CARTESIAN_POINT('',(-1.286E1,-1.43E0,-3.25E0));
#6316=CARTESIAN_POINT('',(-1.246E1,-1.43E0,-3.25E0));
#6317=VERTEX_POINT('',#6315);
#6318=VERTEX_POINT('',#6316);
#6319=CARTESIAN_POINT('',(-1.382E1,-1.43E0,3.55E0));
#6320=CARTESIAN_POINT('',(-1.242E1,-1.43E0,4.95E0));
#6321=VERTEX_POINT('',#6319);
#6322=VERTEX_POINT('',#6320);
#6323=CARTESIAN_POINT('',(1.382E1,-1.43E0,3.55E0));
#6324=CARTESIAN_POINT('',(1.242E1,-1.43E0,4.95E0));
#6325=VERTEX_POINT('',#6323);
#6326=VERTEX_POINT('',#6324);
#6327=CARTESIAN_POINT('',(-1.286E1,-1.93E0,1.65E0));
#6328=CARTESIAN_POINT('',(-1.382E1,-1.43E0,1.65E0));
#6329=VERTEX_POINT('',#6327);
#6330=VERTEX_POINT('',#6328);
#6331=CARTESIAN_POINT('',(1.286E1,-1.93E0,1.65E0));
#6332=CARTESIAN_POINT('',(1.382E1,-1.43E0,1.65E0));
#6333=VERTEX_POINT('',#6331);
#6334=VERTEX_POINT('',#6332);
#6335=CARTESIAN_POINT('',(1.242E1,-1.68E0,-3.1E0));
#6336=CARTESIAN_POINT('',(-1.242E1,-1.68E0,-3.1E0));
#6337=VERTEX_POINT('',#6335);
#6338=VERTEX_POINT('',#6336);
#6339=CARTESIAN_POINT('',(-1.286E1,-1.43E0,1.65E0));
#6340=VERTEX_POINT('',#6339);
#6341=CARTESIAN_POINT('',(1.286E1,-1.43E0,1.65E0));
#6342=VERTEX_POINT('',#6341);
#6343=CARTESIAN_POINT('',(-1.246E1,-1.43E0,-4.95E0));
#6344=CARTESIAN_POINT('',(-1.242E1,-1.43E0,-4.95E0));
#6345=VERTEX_POINT('',#6343);
#6346=VERTEX_POINT('',#6344);
#6347=CARTESIAN_POINT('',(1.242E1,-1.43E0,-4.95E0));
#6348=CARTESIAN_POINT('',(1.246E1,-1.43E0,-4.95E0));
#6349=VERTEX_POINT('',#6347);
#6350=VERTEX_POINT('',#6348);
#6351=CARTESIAN_POINT('',(-1.242E1,-1.68E0,-4.95E0));
#6352=VERTEX_POINT('',#6351);
#6353=CARTESIAN_POINT('',(1.242E1,-1.68E0,-4.95E0));
#6354=VERTEX_POINT('',#6353);
#6355=CARTESIAN_POINT('',(1.082E1,-2.54E0,-4.59E0));
#6356=CARTESIAN_POINT('',(1.082E1,-2.54E0,-5.47E0));
#6357=VERTEX_POINT('',#6355);
#6358=VERTEX_POINT('',#6356);
#6359=CARTESIAN_POINT('',(1.082E1,-1.9E0,-5.47E0));
#6360=CARTESIAN_POINT('',(1.082E1,-1.9E0,-4.59E0));
#6361=VERTEX_POINT('',#6359);
#6362=VERTEX_POINT('',#6360);
#6363=CARTESIAN_POINT('',(1.018E1,-2.54E0,-4.59E0));
#6364=CARTESIAN_POINT('',(1.018E1,-2.54E0,-5.47E0));
#6365=VERTEX_POINT('',#6363);
#6366=VERTEX_POINT('',#6364);
#6367=CARTESIAN_POINT('',(1.018E1,-1.9E0,-5.47E0));
#6368=CARTESIAN_POINT('',(1.018E1,-1.9E0,-4.59E0));
#6369=VERTEX_POINT('',#6367);
#6370=VERTEX_POINT('',#6368);
#6371=CARTESIAN_POINT('',(1.018E1,-1.65E0,-4.34E0));
#6372=VERTEX_POINT('',#6371);
#6373=CARTESIAN_POINT('',(1.082E1,-1.65E0,-4.34E0));
#6374=VERTEX_POINT('',#6373);
#6375=CARTESIAN_POINT('',(7.82E0,-2.54E0,-4.59E0));
#6376=CARTESIAN_POINT('',(7.82E0,-2.54E0,-5.47E0));
#6377=VERTEX_POINT('',#6375);
#6378=VERTEX_POINT('',#6376);
#6379=CARTESIAN_POINT('',(7.82E0,-1.9E0,-5.47E0));
#6380=CARTESIAN_POINT('',(7.82E0,-1.9E0,-4.59E0));
#6381=VERTEX_POINT('',#6379);
#6382=VERTEX_POINT('',#6380);
#6383=CARTESIAN_POINT('',(7.18E0,-2.54E0,-4.59E0));
#6384=CARTESIAN_POINT('',(7.18E0,-2.54E0,-5.47E0));
#6385=VERTEX_POINT('',#6383);
#6386=VERTEX_POINT('',#6384);
#6387=CARTESIAN_POINT('',(7.18E0,-1.9E0,-5.47E0));
#6388=CARTESIAN_POINT('',(7.18E0,-1.9E0,-4.59E0));
#6389=VERTEX_POINT('',#6387);
#6390=VERTEX_POINT('',#6388);
#6391=CARTESIAN_POINT('',(7.18E0,-1.65E0,-4.34E0));
#6392=VERTEX_POINT('',#6391);
#6393=CARTESIAN_POINT('',(7.82E0,-1.65E0,-4.34E0));
#6394=VERTEX_POINT('',#6393);
#6395=CARTESIAN_POINT('',(4.82E0,-2.54E0,-4.59E0));
#6396=CARTESIAN_POINT('',(4.82E0,-2.54E0,-5.47E0));
#6397=VERTEX_POINT('',#6395);
#6398=VERTEX_POINT('',#6396);
#6399=CARTESIAN_POINT('',(4.82E0,-1.9E0,-5.47E0));
#6400=CARTESIAN_POINT('',(4.82E0,-1.9E0,-4.59E0));
#6401=VERTEX_POINT('',#6399);
#6402=VERTEX_POINT('',#6400);
#6403=CARTESIAN_POINT('',(4.18E0,-2.54E0,-4.59E0));
#6404=CARTESIAN_POINT('',(4.18E0,-2.54E0,-5.47E0));
#6405=VERTEX_POINT('',#6403);
#6406=VERTEX_POINT('',#6404);
#6407=CARTESIAN_POINT('',(4.18E0,-1.9E0,-5.47E0));
#6408=CARTESIAN_POINT('',(4.18E0,-1.9E0,-4.59E0));
#6409=VERTEX_POINT('',#6407);
#6410=VERTEX_POINT('',#6408);
#6411=CARTESIAN_POINT('',(4.18E0,-1.65E0,-4.34E0));
#6412=VERTEX_POINT('',#6411);
#6413=CARTESIAN_POINT('',(4.82E0,-1.65E0,-4.34E0));
#6414=VERTEX_POINT('',#6413);
#6415=CARTESIAN_POINT('',(1.82E0,-2.54E0,-4.59E0));
#6416=CARTESIAN_POINT('',(1.82E0,-2.54E0,-5.47E0));
#6417=VERTEX_POINT('',#6415);
#6418=VERTEX_POINT('',#6416);
#6419=CARTESIAN_POINT('',(1.82E0,-1.9E0,-5.47E0));
#6420=CARTESIAN_POINT('',(1.82E0,-1.9E0,-4.59E0));
#6421=VERTEX_POINT('',#6419);
#6422=VERTEX_POINT('',#6420);
#6423=CARTESIAN_POINT('',(1.18E0,-2.54E0,-4.59E0));
#6424=CARTESIAN_POINT('',(1.18E0,-2.54E0,-5.47E0));
#6425=VERTEX_POINT('',#6423);
#6426=VERTEX_POINT('',#6424);
#6427=CARTESIAN_POINT('',(1.18E0,-1.9E0,-5.47E0));
#6428=CARTESIAN_POINT('',(1.18E0,-1.9E0,-4.59E0));
#6429=VERTEX_POINT('',#6427);
#6430=VERTEX_POINT('',#6428);
#6431=CARTESIAN_POINT('',(1.18E0,-1.65E0,-4.34E0));
#6432=VERTEX_POINT('',#6431);
#6433=CARTESIAN_POINT('',(1.82E0,-1.65E0,-4.34E0));
#6434=VERTEX_POINT('',#6433);
#6435=CARTESIAN_POINT('',(-1.18E0,-2.54E0,-4.59E0));
#6436=CARTESIAN_POINT('',(-1.18E0,-2.54E0,-5.47E0));
#6437=VERTEX_POINT('',#6435);
#6438=VERTEX_POINT('',#6436);
#6439=CARTESIAN_POINT('',(-1.18E0,-1.9E0,-5.47E0));
#6440=CARTESIAN_POINT('',(-1.18E0,-1.9E0,-4.59E0));
#6441=VERTEX_POINT('',#6439);
#6442=VERTEX_POINT('',#6440);
#6443=CARTESIAN_POINT('',(-1.82E0,-2.54E0,-4.59E0));
#6444=CARTESIAN_POINT('',(-1.82E0,-2.54E0,-5.47E0));
#6445=VERTEX_POINT('',#6443);
#6446=VERTEX_POINT('',#6444);
#6447=CARTESIAN_POINT('',(-1.82E0,-1.9E0,-5.47E0));
#6448=CARTESIAN_POINT('',(-1.82E0,-1.9E0,-4.59E0));
#6449=VERTEX_POINT('',#6447);
#6450=VERTEX_POINT('',#6448);
#6451=CARTESIAN_POINT('',(-1.82E0,-1.65E0,-4.34E0));
#6452=VERTEX_POINT('',#6451);
#6453=CARTESIAN_POINT('',(-1.18E0,-1.65E0,-4.34E0));
#6454=VERTEX_POINT('',#6453);
#6455=CARTESIAN_POINT('',(1.067E1,1.7E-1,2.46E0));
#6456=CARTESIAN_POINT('',(1.082E1,3.2E-1,2.06E0));
#6457=VERTEX_POINT('',#6455);
#6458=VERTEX_POINT('',#6456);
#6459=CARTESIAN_POINT('',(1.033E1,1.7E-1,2.46E0));
#6460=CARTESIAN_POINT('',(1.018E1,3.2E-1,2.06E0));
#6461=VERTEX_POINT('',#6459);
#6462=VERTEX_POINT('',#6460);
#6463=CARTESIAN_POINT('',(1.082E1,-3.2E-1,2.06E0));
#6464=CARTESIAN_POINT('',(1.067E1,-1.7E-1,2.46E0));
#6465=VERTEX_POINT('',#6463);
#6466=VERTEX_POINT('',#6464);
#6467=CARTESIAN_POINT('',(1.033E1,-1.7E-1,2.46E0));
#6468=CARTESIAN_POINT('',(1.018E1,-3.2E-1,2.06E0));
#6469=VERTEX_POINT('',#6467);
#6470=VERTEX_POINT('',#6468);
#6471=CARTESIAN_POINT('',(7.67E0,-1.7E-1,2.46E0));
#6472=CARTESIAN_POINT('',(7.33E0,-1.7E-1,2.46E0));
#6473=VERTEX_POINT('',#6471);
#6474=VERTEX_POINT('',#6472);
#6475=CARTESIAN_POINT('',(7.82E0,-3.2E-1,2.06E0));
#6476=CARTESIAN_POINT('',(7.18E0,-3.2E-1,2.06E0));
#6477=VERTEX_POINT('',#6475);
#6478=VERTEX_POINT('',#6476);
#6479=CARTESIAN_POINT('',(7.18E0,3.2E-1,2.06E0));
#6480=VERTEX_POINT('',#6479);
#6481=CARTESIAN_POINT('',(7.33E0,1.7E-1,2.46E0));
#6482=VERTEX_POINT('',#6481);
#6483=CARTESIAN_POINT('',(7.82E0,3.2E-1,2.06E0));
#6484=VERTEX_POINT('',#6483);
#6485=CARTESIAN_POINT('',(7.67E0,1.7E-1,2.46E0));
#6486=VERTEX_POINT('',#6485);
#6487=CARTESIAN_POINT('',(4.67E0,-1.7E-1,2.46E0));
#6488=CARTESIAN_POINT('',(4.33E0,-1.7E-1,2.46E0));
#6489=VERTEX_POINT('',#6487);
#6490=VERTEX_POINT('',#6488);
#6491=CARTESIAN_POINT('',(4.82E0,-3.2E-1,2.06E0));
#6492=CARTESIAN_POINT('',(4.18E0,-3.2E-1,2.06E0));
#6493=VERTEX_POINT('',#6491);
#6494=VERTEX_POINT('',#6492);
#6495=CARTESIAN_POINT('',(4.18E0,3.2E-1,2.06E0));
#6496=VERTEX_POINT('',#6495);
#6497=CARTESIAN_POINT('',(4.33E0,1.7E-1,2.46E0));
#6498=VERTEX_POINT('',#6497);
#6499=CARTESIAN_POINT('',(4.82E0,3.2E-1,2.06E0));
#6500=VERTEX_POINT('',#6499);
#6501=CARTESIAN_POINT('',(4.67E0,1.7E-1,2.46E0));
#6502=VERTEX_POINT('',#6501);
#6503=CARTESIAN_POINT('',(1.67E0,-1.7E-1,2.46E0));
#6504=CARTESIAN_POINT('',(1.33E0,-1.7E-1,2.46E0));
#6505=VERTEX_POINT('',#6503);
#6506=VERTEX_POINT('',#6504);
#6507=CARTESIAN_POINT('',(1.82E0,-3.2E-1,2.06E0));
#6508=CARTESIAN_POINT('',(1.18E0,-3.2E-1,2.06E0));
#6509=VERTEX_POINT('',#6507);
#6510=VERTEX_POINT('',#6508);
#6511=CARTESIAN_POINT('',(1.18E0,3.2E-1,2.06E0));
#6512=VERTEX_POINT('',#6511);
#6513=CARTESIAN_POINT('',(1.33E0,1.7E-1,2.46E0));
#6514=VERTEX_POINT('',#6513);
#6515=CARTESIAN_POINT('',(1.82E0,3.2E-1,2.06E0));
#6516=VERTEX_POINT('',#6515);
#6517=CARTESIAN_POINT('',(1.67E0,1.7E-1,2.46E0));
#6518=VERTEX_POINT('',#6517);
#6519=CARTESIAN_POINT('',(-1.33E0,-1.7E-1,2.46E0));
#6520=CARTESIAN_POINT('',(-1.67E0,-1.7E-1,2.46E0));
#6521=VERTEX_POINT('',#6519);
#6522=VERTEX_POINT('',#6520);
#6523=CARTESIAN_POINT('',(-1.18E0,-3.2E-1,2.06E0));
#6524=CARTESIAN_POINT('',(-1.82E0,-3.2E-1,2.06E0));
#6525=VERTEX_POINT('',#6523);
#6526=VERTEX_POINT('',#6524);
#6527=CARTESIAN_POINT('',(-1.82E0,3.2E-1,2.06E0));
#6528=VERTEX_POINT('',#6527);
#6529=CARTESIAN_POINT('',(-1.67E0,1.7E-1,2.46E0));
#6530=VERTEX_POINT('',#6529);
#6531=CARTESIAN_POINT('',(-1.18E0,3.2E-1,2.06E0));
#6532=VERTEX_POINT('',#6531);
#6533=CARTESIAN_POINT('',(-1.33E0,1.7E-1,2.46E0));
#6534=VERTEX_POINT('',#6533);
#6535=CARTESIAN_POINT('',(-4.18E0,-2.54E0,-4.59E0));
#6536=CARTESIAN_POINT('',(-4.18E0,-2.54E0,-5.47E0));
#6537=VERTEX_POINT('',#6535);
#6538=VERTEX_POINT('',#6536);
#6539=CARTESIAN_POINT('',(-4.18E0,-1.9E0,-5.47E0));
#6540=VERTEX_POINT('',#6539);
#6541=CARTESIAN_POINT('',(-4.18E0,-1.9E0,-4.59E0));
#6542=VERTEX_POINT('',#6541);
#6543=CARTESIAN_POINT('',(-4.82E0,-2.54E0,-4.59E0));
#6544=CARTESIAN_POINT('',(-4.82E0,-2.54E0,-5.47E0));
#6545=VERTEX_POINT('',#6543);
#6546=VERTEX_POINT('',#6544);
#6547=CARTESIAN_POINT('',(-4.82E0,-1.9E0,-5.47E0));
#6548=VERTEX_POINT('',#6547);
#6549=CARTESIAN_POINT('',(-4.82E0,-1.9E0,-4.59E0));
#6550=VERTEX_POINT('',#6549);
#6551=CARTESIAN_POINT('',(-4.18E0,1.055E0,-4.34E0));
#6552=CARTESIAN_POINT('',(-4.82E0,1.055E0,-4.34E0));
#6553=VERTEX_POINT('',#6551);
#6554=VERTEX_POINT('',#6552);
#6555=CARTESIAN_POINT('',(-4.18E0,-3.2E-1,-3.7E0));
#6556=CARTESIAN_POINT('',(-4.82E0,-3.2E-1,-3.7E0));
#6557=VERTEX_POINT('',#6555);
#6558=VERTEX_POINT('',#6556);
#6559=CARTESIAN_POINT('',(-4.18E0,-1.27E0,-4.34E0));
#6560=CARTESIAN_POINT('',(-4.18E0,-1.27E0,-4.28E0));
#6561=VERTEX_POINT('',#6559);
#6562=VERTEX_POINT('',#6560);
#6563=CARTESIAN_POINT('',(-4.82E0,-1.27E0,-4.34E0));
#6564=CARTESIAN_POINT('',(-4.82E0,-1.27E0,-4.28E0));
#6565=VERTEX_POINT('',#6563);
#6566=VERTEX_POINT('',#6564);
#6567=CARTESIAN_POINT('',(-4.18E0,-8.75E-1,-4.28E0));
#6568=VERTEX_POINT('',#6567);
#6569=CARTESIAN_POINT('',(-4.82E0,-8.75E-1,-4.28E0));
#6570=VERTEX_POINT('',#6569);
#6571=CARTESIAN_POINT('',(-4.18E0,-1.68E0,-3.700505761683E0));
#6572=CARTESIAN_POINT('',(-4.18E0,-1.68E0,-4.341806527080E0));
#6573=VERTEX_POINT('',#6571);
#6574=VERTEX_POINT('',#6572);
#6575=CARTESIAN_POINT('',(-4.82E0,-1.68E0,-3.700505761683E0));
#6576=CARTESIAN_POINT('',(-4.82E0,-1.68E0,-4.341806527080E0));
#6577=VERTEX_POINT('',#6575);
#6578=VERTEX_POINT('',#6576);
#6579=CARTESIAN_POINT('',(-4.82E0,-1.65E0,-4.34E0));
#6580=VERTEX_POINT('',#6579);
#6581=CARTESIAN_POINT('',(-4.82E0,1.055E0,-3.6E0));
#6582=CARTESIAN_POINT('',(-4.82E0,1.055E0,-4.28E0));
#6583=VERTEX_POINT('',#6581);
#6584=VERTEX_POINT('',#6582);
#6585=CARTESIAN_POINT('',(-4.82E0,-3.2E-1,-3.6E0));
#6586=CARTESIAN_POINT('',(-4.82E0,-3.2E-1,-3.68E0));
#6587=VERTEX_POINT('',#6585);
#6588=VERTEX_POINT('',#6586);
#6589=CARTESIAN_POINT('',(-4.82E0,-8.75E-1,-3.7E0));
#6590=CARTESIAN_POINT('',(-4.82E0,-1.65E0,-3.7E0));
#6591=VERTEX_POINT('',#6589);
#6592=VERTEX_POINT('',#6590);
#6593=CARTESIAN_POINT('',(-4.18E0,1.055E0,-3.6E0));
#6594=VERTEX_POINT('',#6593);
#6595=CARTESIAN_POINT('',(-4.18E0,-3.2E-1,-3.6E0));
#6596=VERTEX_POINT('',#6595);
#6597=CARTESIAN_POINT('',(-4.18E0,-1.65E0,-4.34E0));
#6598=VERTEX_POINT('',#6597);
#6599=CARTESIAN_POINT('',(-4.18E0,1.055E0,-4.28E0));
#6600=VERTEX_POINT('',#6599);
#6601=CARTESIAN_POINT('',(-4.18E0,-3.2E-1,-3.68E0));
#6602=VERTEX_POINT('',#6601);
#6603=CARTESIAN_POINT('',(-4.18E0,-8.75E-1,-3.7E0));
#6604=CARTESIAN_POINT('',(-4.18E0,-1.65E0,-3.7E0));
#6605=VERTEX_POINT('',#6603);
#6606=VERTEX_POINT('',#6604);
#6607=CARTESIAN_POINT('',(-4.33E0,-1.7E-1,2.46E0));
#6608=CARTESIAN_POINT('',(-4.67E0,-1.7E-1,2.46E0));
#6609=VERTEX_POINT('',#6607);
#6610=VERTEX_POINT('',#6608);
#6611=CARTESIAN_POINT('',(-4.18E0,-3.2E-1,2.06E0));
#6612=CARTESIAN_POINT('',(-4.82E0,-3.2E-1,2.06E0));
#6613=VERTEX_POINT('',#6611);
#6614=VERTEX_POINT('',#6612);
#6615=CARTESIAN_POINT('',(-4.82E0,3.2E-1,2.06E0));
#6616=VERTEX_POINT('',#6615);
#6617=CARTESIAN_POINT('',(-4.67E0,1.7E-1,2.46E0));
#6618=VERTEX_POINT('',#6617);
#6619=CARTESIAN_POINT('',(-4.18E0,3.2E-1,2.06E0));
#6620=VERTEX_POINT('',#6619);
#6621=CARTESIAN_POINT('',(-4.33E0,1.7E-1,2.46E0));
#6622=VERTEX_POINT('',#6621);
#6623=CARTESIAN_POINT('',(-4.18E0,3.2E-1,-1.65E0));
#6624=VERTEX_POINT('',#6623);
#6625=CARTESIAN_POINT('',(-4.18E0,-3.2E-1,-1.65E0));
#6626=VERTEX_POINT('',#6625);
#6627=CARTESIAN_POINT('',(-4.82E0,3.2E-1,-1.65E0));
#6628=VERTEX_POINT('',#6627);
#6629=CARTESIAN_POINT('',(-4.82E0,-3.2E-1,-1.65E0));
#6630=VERTEX_POINT('',#6629);
#6631=CARTESIAN_POINT('',(-7.18E0,-2.54E0,-4.59E0));
#6632=CARTESIAN_POINT('',(-7.18E0,-2.54E0,-5.47E0));
#6633=VERTEX_POINT('',#6631);
#6634=VERTEX_POINT('',#6632);
#6635=CARTESIAN_POINT('',(-7.18E0,-1.9E0,-5.47E0));
#6636=VERTEX_POINT('',#6635);
#6637=CARTESIAN_POINT('',(-7.18E0,-1.9E0,-4.59E0));
#6638=VERTEX_POINT('',#6637);
#6639=CARTESIAN_POINT('',(-7.82E0,-2.54E0,-4.59E0));
#6640=CARTESIAN_POINT('',(-7.82E0,-2.54E0,-5.47E0));
#6641=VERTEX_POINT('',#6639);
#6642=VERTEX_POINT('',#6640);
#6643=CARTESIAN_POINT('',(-7.82E0,-1.9E0,-5.47E0));
#6644=VERTEX_POINT('',#6643);
#6645=CARTESIAN_POINT('',(-7.82E0,-1.9E0,-4.59E0));
#6646=VERTEX_POINT('',#6645);
#6647=CARTESIAN_POINT('',(-7.18E0,1.055E0,-4.34E0));
#6648=CARTESIAN_POINT('',(-7.82E0,1.055E0,-4.34E0));
#6649=VERTEX_POINT('',#6647);
#6650=VERTEX_POINT('',#6648);
#6651=CARTESIAN_POINT('',(-7.18E0,-3.2E-1,-3.7E0));
#6652=CARTESIAN_POINT('',(-7.82E0,-3.2E-1,-3.7E0));
#6653=VERTEX_POINT('',#6651);
#6654=VERTEX_POINT('',#6652);
#6655=CARTESIAN_POINT('',(-7.18E0,-1.27E0,-4.34E0));
#6656=CARTESIAN_POINT('',(-7.18E0,-1.27E0,-4.28E0));
#6657=VERTEX_POINT('',#6655);
#6658=VERTEX_POINT('',#6656);
#6659=CARTESIAN_POINT('',(-7.82E0,-1.27E0,-4.34E0));
#6660=CARTESIAN_POINT('',(-7.82E0,-1.27E0,-4.28E0));
#6661=VERTEX_POINT('',#6659);
#6662=VERTEX_POINT('',#6660);
#6663=CARTESIAN_POINT('',(-7.18E0,-8.75E-1,-4.28E0));
#6664=VERTEX_POINT('',#6663);
#6665=CARTESIAN_POINT('',(-7.82E0,-8.75E-1,-4.28E0));
#6666=VERTEX_POINT('',#6665);
#6667=CARTESIAN_POINT('',(-7.18E0,-1.68E0,-3.700505761683E0));
#6668=CARTESIAN_POINT('',(-7.18E0,-1.68E0,-4.341806527080E0));
#6669=VERTEX_POINT('',#6667);
#6670=VERTEX_POINT('',#6668);
#6671=CARTESIAN_POINT('',(-7.82E0,-1.68E0,-3.700505761683E0));
#6672=CARTESIAN_POINT('',(-7.82E0,-1.68E0,-4.341806527080E0));
#6673=VERTEX_POINT('',#6671);
#6674=VERTEX_POINT('',#6672);
#6675=CARTESIAN_POINT('',(-7.82E0,-1.65E0,-4.34E0));
#6676=VERTEX_POINT('',#6675);
#6677=CARTESIAN_POINT('',(-7.82E0,1.055E0,-3.6E0));
#6678=CARTESIAN_POINT('',(-7.82E0,1.055E0,-4.28E0));
#6679=VERTEX_POINT('',#6677);
#6680=VERTEX_POINT('',#6678);
#6681=CARTESIAN_POINT('',(-7.82E0,-3.2E-1,-3.6E0));
#6682=CARTESIAN_POINT('',(-7.82E0,-3.2E-1,-3.68E0));
#6683=VERTEX_POINT('',#6681);
#6684=VERTEX_POINT('',#6682);
#6685=CARTESIAN_POINT('',(-7.82E0,-8.75E-1,-3.7E0));
#6686=CARTESIAN_POINT('',(-7.82E0,-1.65E0,-3.7E0));
#6687=VERTEX_POINT('',#6685);
#6688=VERTEX_POINT('',#6686);
#6689=CARTESIAN_POINT('',(-7.18E0,1.055E0,-3.6E0));
#6690=VERTEX_POINT('',#6689);
#6691=CARTESIAN_POINT('',(-7.18E0,-3.2E-1,-3.6E0));
#6692=VERTEX_POINT('',#6691);
#6693=CARTESIAN_POINT('',(-7.18E0,-1.65E0,-4.34E0));
#6694=VERTEX_POINT('',#6693);
#6695=CARTESIAN_POINT('',(-7.18E0,1.055E0,-4.28E0));
#6696=VERTEX_POINT('',#6695);
#6697=CARTESIAN_POINT('',(-7.18E0,-3.2E-1,-3.68E0));
#6698=VERTEX_POINT('',#6697);
#6699=CARTESIAN_POINT('',(-7.18E0,-8.75E-1,-3.7E0));
#6700=CARTESIAN_POINT('',(-7.18E0,-1.65E0,-3.7E0));
#6701=VERTEX_POINT('',#6699);
#6702=VERTEX_POINT('',#6700);
#6703=CARTESIAN_POINT('',(-7.33E0,-1.7E-1,2.46E0));
#6704=CARTESIAN_POINT('',(-7.67E0,-1.7E-1,2.46E0));
#6705=VERTEX_POINT('',#6703);
#6706=VERTEX_POINT('',#6704);
#6707=CARTESIAN_POINT('',(-7.18E0,-3.2E-1,2.06E0));
#6708=CARTESIAN_POINT('',(-7.82E0,-3.2E-1,2.06E0));
#6709=VERTEX_POINT('',#6707);
#6710=VERTEX_POINT('',#6708);
#6711=CARTESIAN_POINT('',(-7.82E0,3.2E-1,2.06E0));
#6712=VERTEX_POINT('',#6711);
#6713=CARTESIAN_POINT('',(-7.67E0,1.7E-1,2.46E0));
#6714=VERTEX_POINT('',#6713);
#6715=CARTESIAN_POINT('',(-7.18E0,3.2E-1,2.06E0));
#6716=VERTEX_POINT('',#6715);
#6717=CARTESIAN_POINT('',(-7.33E0,1.7E-1,2.46E0));
#6718=VERTEX_POINT('',#6717);
#6719=CARTESIAN_POINT('',(-7.18E0,3.2E-1,-1.65E0));
#6720=VERTEX_POINT('',#6719);
#6721=CARTESIAN_POINT('',(-7.18E0,-3.2E-1,-1.65E0));
#6722=VERTEX_POINT('',#6721);
#6723=CARTESIAN_POINT('',(-7.82E0,3.2E-1,-1.65E0));
#6724=VERTEX_POINT('',#6723);
#6725=CARTESIAN_POINT('',(-7.82E0,-3.2E-1,-1.65E0));
#6726=VERTEX_POINT('',#6725);
#6727=CARTESIAN_POINT('',(-1.018E1,-2.54E0,-4.59E0));
#6728=CARTESIAN_POINT('',(-1.018E1,-2.54E0,-5.47E0));
#6729=VERTEX_POINT('',#6727);
#6730=VERTEX_POINT('',#6728);
#6731=CARTESIAN_POINT('',(-1.018E1,-1.9E0,-5.47E0));
#6732=VERTEX_POINT('',#6731);
#6733=CARTESIAN_POINT('',(-1.018E1,-1.9E0,-4.59E0));
#6734=VERTEX_POINT('',#6733);
#6735=CARTESIAN_POINT('',(-1.082E1,-2.54E0,-4.59E0));
#6736=CARTESIAN_POINT('',(-1.082E1,-2.54E0,-5.47E0));
#6737=VERTEX_POINT('',#6735);
#6738=VERTEX_POINT('',#6736);
#6739=CARTESIAN_POINT('',(-1.082E1,-1.9E0,-5.47E0));
#6740=VERTEX_POINT('',#6739);
#6741=CARTESIAN_POINT('',(-1.082E1,-1.9E0,-4.59E0));
#6742=VERTEX_POINT('',#6741);
#6743=CARTESIAN_POINT('',(-1.018E1,1.055E0,-4.34E0));
#6744=CARTESIAN_POINT('',(-1.082E1,1.055E0,-4.34E0));
#6745=VERTEX_POINT('',#6743);
#6746=VERTEX_POINT('',#6744);
#6747=CARTESIAN_POINT('',(-1.018E1,-3.2E-1,-3.7E0));
#6748=CARTESIAN_POINT('',(-1.082E1,-3.2E-1,-3.7E0));
#6749=VERTEX_POINT('',#6747);
#6750=VERTEX_POINT('',#6748);
#6751=CARTESIAN_POINT('',(-1.018E1,-1.27E0,-4.34E0));
#6752=CARTESIAN_POINT('',(-1.018E1,-1.27E0,-4.28E0));
#6753=VERTEX_POINT('',#6751);
#6754=VERTEX_POINT('',#6752);
#6755=CARTESIAN_POINT('',(-1.082E1,-1.27E0,-4.34E0));
#6756=CARTESIAN_POINT('',(-1.082E1,-1.27E0,-4.28E0));
#6757=VERTEX_POINT('',#6755);
#6758=VERTEX_POINT('',#6756);
#6759=CARTESIAN_POINT('',(-1.018E1,-8.75E-1,-4.28E0));
#6760=VERTEX_POINT('',#6759);
#6761=CARTESIAN_POINT('',(-1.082E1,-8.75E-1,-4.28E0));
#6762=VERTEX_POINT('',#6761);
#6763=CARTESIAN_POINT('',(-1.018E1,-3.2E-1,-1.65E0));
#6764=CARTESIAN_POINT('',(-1.018E1,3.2E-1,-1.65E0));
#6765=VERTEX_POINT('',#6763);
#6766=VERTEX_POINT('',#6764);
#6767=CARTESIAN_POINT('',(-1.082E1,-3.2E-1,-1.65E0));
#6768=CARTESIAN_POINT('',(-1.082E1,3.2E-1,-1.65E0));
#6769=VERTEX_POINT('',#6767);
#6770=VERTEX_POINT('',#6768);
#6771=CARTESIAN_POINT('',(-1.018E1,-1.68E0,-3.700505761683E0));
#6772=CARTESIAN_POINT('',(-1.018E1,-1.68E0,-4.341806527080E0));
#6773=VERTEX_POINT('',#6771);
#6774=VERTEX_POINT('',#6772);
#6775=CARTESIAN_POINT('',(-1.082E1,-1.68E0,-3.700505761683E0));
#6776=CARTESIAN_POINT('',(-1.082E1,-1.68E0,-4.341806527080E0));
#6777=VERTEX_POINT('',#6775);
#6778=VERTEX_POINT('',#6776);
#6779=CARTESIAN_POINT('',(-1.082E1,-1.65E0,-4.34E0));
#6780=VERTEX_POINT('',#6779);
#6781=CARTESIAN_POINT('',(-1.082E1,1.055E0,-3.6E0));
#6782=CARTESIAN_POINT('',(-1.082E1,1.055E0,-4.28E0));
#6783=VERTEX_POINT('',#6781);
#6784=VERTEX_POINT('',#6782);
#6785=CARTESIAN_POINT('',(-1.082E1,-3.2E-1,-3.6E0));
#6786=CARTESIAN_POINT('',(-1.082E1,-3.2E-1,-3.68E0));
#6787=VERTEX_POINT('',#6785);
#6788=VERTEX_POINT('',#6786);
#6789=CARTESIAN_POINT('',(-1.082E1,-8.75E-1,-3.7E0));
#6790=CARTESIAN_POINT('',(-1.082E1,-1.65E0,-3.7E0));
#6791=VERTEX_POINT('',#6789);
#6792=VERTEX_POINT('',#6790);
#6793=CARTESIAN_POINT('',(-1.018E1,1.055E0,-3.6E0));
#6794=VERTEX_POINT('',#6793);
#6795=CARTESIAN_POINT('',(-1.018E1,-3.2E-1,-3.6E0));
#6796=VERTEX_POINT('',#6795);
#6797=CARTESIAN_POINT('',(-1.018E1,-1.65E0,-4.34E0));
#6798=VERTEX_POINT('',#6797);
#6799=CARTESIAN_POINT('',(-1.018E1,1.055E0,-4.28E0));
#6800=VERTEX_POINT('',#6799);
#6801=CARTESIAN_POINT('',(-1.018E1,-3.2E-1,-3.68E0));
#6802=VERTEX_POINT('',#6801);
#6803=CARTESIAN_POINT('',(-1.018E1,-8.75E-1,-3.7E0));
#6804=CARTESIAN_POINT('',(-1.018E1,-1.65E0,-3.7E0));
#6805=VERTEX_POINT('',#6803);
#6806=VERTEX_POINT('',#6804);
#6807=CARTESIAN_POINT('',(-1.033E1,-1.7E-1,2.46E0));
#6808=CARTESIAN_POINT('',(-1.067E1,-1.7E-1,2.46E0));
#6809=VERTEX_POINT('',#6807);
#6810=VERTEX_POINT('',#6808);
#6811=CARTESIAN_POINT('',(-1.018E1,-3.2E-1,2.06E0));
#6812=CARTESIAN_POINT('',(-1.082E1,-3.2E-1,2.06E0));
#6813=VERTEX_POINT('',#6811);
#6814=VERTEX_POINT('',#6812);
#6815=CARTESIAN_POINT('',(-1.082E1,3.2E-1,2.06E0));
#6816=VERTEX_POINT('',#6815);
#6817=CARTESIAN_POINT('',(-1.067E1,1.7E-1,2.46E0));
#6818=VERTEX_POINT('',#6817);
#6819=CARTESIAN_POINT('',(-1.018E1,3.2E-1,2.06E0));
#6820=VERTEX_POINT('',#6819);
#6821=CARTESIAN_POINT('',(-1.033E1,1.7E-1,2.46E0));
#6822=VERTEX_POINT('',#6821);
#6823=CARTESIAN_POINT('',(-8.75E0,-2.43E0,4.1E0));
#6824=CARTESIAN_POINT('',(-9.75E0,-2.43E0,4.1E0));
#6825=VERTEX_POINT('',#6823);
#6826=VERTEX_POINT('',#6824);
#6827=CARTESIAN_POINT('',(-9.75E0,-2.43E0,-3.1E0));
#6828=VERTEX_POINT('',#6827);
#6829=CARTESIAN_POINT('',(-8.75E0,-2.43E0,-3.1E0));
#6830=VERTEX_POINT('',#6829);
#6831=CARTESIAN_POINT('',(-8.75E0,-1.93E0,4.1E0));
#6832=CARTESIAN_POINT('',(-9.75E0,-1.93E0,4.1E0));
#6833=VERTEX_POINT('',#6831);
#6834=VERTEX_POINT('',#6832);
#6835=CARTESIAN_POINT('',(-9.75E0,-1.93E0,-3.1E0));
#6836=VERTEX_POINT('',#6835);
#6837=CARTESIAN_POINT('',(-1.282E1,-1.89E0,-3.E-1));
#6838=CARTESIAN_POINT('',(-1.307E1,-2.14E0,-3.E-1));
#6839=VERTEX_POINT('',#6837);
#6840=VERTEX_POINT('',#6838);
#6841=CARTESIAN_POINT('',(-1.582E1,-2.14E0,-3.E-1));
#6842=VERTEX_POINT('',#6841);
#6843=CARTESIAN_POINT('',(-1.582E1,-2.54E0,-3.E-1));
#6844=VERTEX_POINT('',#6843);
#6845=CARTESIAN_POINT('',(-1.307E1,-2.54E0,-3.E-1));
#6846=VERTEX_POINT('',#6845);
#6847=CARTESIAN_POINT('',(1.307E1,-2.54E0,-3.E-1));
#6848=CARTESIAN_POINT('',(1.582E1,-2.54E0,-3.E-1));
#6849=VERTEX_POINT('',#6847);
#6850=VERTEX_POINT('',#6848);
#6851=CARTESIAN_POINT('',(1.582E1,-2.14E0,-3.E-1));
#6852=VERTEX_POINT('',#6851);
#6853=CARTESIAN_POINT('',(1.307E1,-2.14E0,-3.E-1));
#6854=VERTEX_POINT('',#6853);
#6855=CARTESIAN_POINT('',(1.282E1,-1.89E0,-3.E-1));
#6856=VERTEX_POINT('',#6855);
#6857=CARTESIAN_POINT('',(-1.282E1,-1.89E0,1.E0));
#6858=CARTESIAN_POINT('',(-1.307E1,-2.14E0,1.E0));
#6859=VERTEX_POINT('',#6857);
#6860=VERTEX_POINT('',#6858);
#6861=CARTESIAN_POINT('',(-1.582E1,-2.14E0,1.E0));
#6862=VERTEX_POINT('',#6861);
#6863=CARTESIAN_POINT('',(-1.582E1,-2.54E0,1.E0));
#6864=VERTEX_POINT('',#6863);
#6865=CARTESIAN_POINT('',(-1.307E1,-2.54E0,1.E0));
#6866=VERTEX_POINT('',#6865);
#6867=CARTESIAN_POINT('',(1.307E1,-2.54E0,1.E0));
#6868=CARTESIAN_POINT('',(1.582E1,-2.54E0,1.E0));
#6869=VERTEX_POINT('',#6867);
#6870=VERTEX_POINT('',#6868);
#6871=CARTESIAN_POINT('',(1.582E1,-2.14E0,1.E0));
#6872=VERTEX_POINT('',#6871);
#6873=CARTESIAN_POINT('',(1.307E1,-2.14E0,1.E0));
#6874=VERTEX_POINT('',#6873);
#6875=CARTESIAN_POINT('',(1.282E1,-1.89E0,1.E0));
#6876=VERTEX_POINT('',#6875);
#6877=CARTESIAN_POINT('',(-1.282E1,-1.43E0,-3.E-1));
#6878=CARTESIAN_POINT('',(-1.242E1,-1.43E0,-3.E-1));
#6879=VERTEX_POINT('',#6877);
#6880=VERTEX_POINT('',#6878);
#6881=CARTESIAN_POINT('',(1.242E1,-1.43E0,-3.E-1));
#6882=CARTESIAN_POINT('',(1.282E1,-1.43E0,-3.E-1));
#6883=VERTEX_POINT('',#6881);
#6884=VERTEX_POINT('',#6882);
#6885=CARTESIAN_POINT('',(-1.282E1,-1.43E0,1.E0));
#6886=CARTESIAN_POINT('',(-1.242E1,-1.43E0,1.E0));
#6887=VERTEX_POINT('',#6885);
#6888=VERTEX_POINT('',#6886);
#6889=CARTESIAN_POINT('',(1.242E1,-1.43E0,1.E0));
#6890=CARTESIAN_POINT('',(1.282E1,-1.43E0,1.E0));
#6891=VERTEX_POINT('',#6889);
#6892=VERTEX_POINT('',#6890);
#6893=CARTESIAN_POINT('',(-1.242E1,-1.89E0,-3.E-1));
#6894=VERTEX_POINT('',#6893);
#6895=CARTESIAN_POINT('',(-1.242E1,-1.89E0,1.E0));
#6896=VERTEX_POINT('',#6895);
#6897=CARTESIAN_POINT('',(1.242E1,-1.89E0,-3.E-1));
#6898=VERTEX_POINT('',#6897);
#6899=CARTESIAN_POINT('',(1.242E1,-1.89E0,1.E0));
#6900=VERTEX_POINT('',#6899);
#6901=CARTESIAN_POINT('',(-1.246E1,8.75E-1,-3.68E0));
#6902=CARTESIAN_POINT('',(-1.246E1,-8.75E-1,-3.68E0));
#6903=VERTEX_POINT('',#6901);
#6904=VERTEX_POINT('',#6902);
#6905=CARTESIAN_POINT('',(-1.246E1,-8.75E-1,-4.28E0));
#6906=VERTEX_POINT('',#6905);
#6907=CARTESIAN_POINT('',(-1.246E1,8.75E-1,-4.28E0));
#6908=VERTEX_POINT('',#6907);
#6909=CARTESIAN_POINT('',(1.082E1,-8.75E-1,-3.68E0));
#6910=VERTEX_POINT('',#6909);
#6911=CARTESIAN_POINT('',(1.018E1,-8.75E-1,-3.68E0));
#6912=CARTESIAN_POINT('',(7.82E0,-8.75E-1,-3.68E0));
#6913=VERTEX_POINT('',#6911);
#6914=VERTEX_POINT('',#6912);
#6915=CARTESIAN_POINT('',(7.18E0,-8.75E-1,-3.68E0));
#6916=CARTESIAN_POINT('',(4.82E0,-8.75E-1,-3.68E0));
#6917=VERTEX_POINT('',#6915);
#6918=VERTEX_POINT('',#6916);
#6919=CARTESIAN_POINT('',(4.18E0,-8.75E-1,-3.68E0));
#6920=CARTESIAN_POINT('',(1.82E0,-8.75E-1,-3.68E0));
#6921=VERTEX_POINT('',#6919);
#6922=VERTEX_POINT('',#6920);
#6923=CARTESIAN_POINT('',(1.18E0,-8.75E-1,-3.68E0));
#6924=CARTESIAN_POINT('',(-1.18E0,-8.75E-1,-3.68E0));
#6925=VERTEX_POINT('',#6923);
#6926=VERTEX_POINT('',#6924);
#6927=CARTESIAN_POINT('',(1.082E1,8.75E-1,-4.28E0));
#6928=VERTEX_POINT('',#6927);
#6929=CARTESIAN_POINT('',(1.018E1,8.75E-1,-4.28E0));
#6930=VERTEX_POINT('',#6929);
#6931=CARTESIAN_POINT('',(1.082E1,8.75E-1,-3.68E0));
#6932=VERTEX_POINT('',#6931);
#6933=CARTESIAN_POINT('',(1.018E1,8.75E-1,-3.68E0));
#6934=VERTEX_POINT('',#6933);
#6935=CARTESIAN_POINT('',(7.82E0,8.75E-1,-4.28E0));
#6936=VERTEX_POINT('',#6935);
#6937=CARTESIAN_POINT('',(7.18E0,8.75E-1,-4.28E0));
#6938=VERTEX_POINT('',#6937);
#6939=CARTESIAN_POINT('',(7.82E0,8.75E-1,-3.68E0));
#6940=VERTEX_POINT('',#6939);
#6941=CARTESIAN_POINT('',(7.18E0,8.75E-1,-3.68E0));
#6942=VERTEX_POINT('',#6941);
#6943=CARTESIAN_POINT('',(1.82E0,8.75E-1,-4.28E0));
#6944=VERTEX_POINT('',#6943);
#6945=CARTESIAN_POINT('',(1.18E0,8.75E-1,-4.28E0));
#6946=VERTEX_POINT('',#6945);
#6947=CARTESIAN_POINT('',(1.82E0,8.75E-1,-3.68E0));
#6948=VERTEX_POINT('',#6947);
#6949=CARTESIAN_POINT('',(1.18E0,8.75E-1,-3.68E0));
#6950=VERTEX_POINT('',#6949);
#6951=CARTESIAN_POINT('',(-1.18E0,8.75E-1,-4.28E0));
#6952=VERTEX_POINT('',#6951);
#6953=CARTESIAN_POINT('',(-1.82E0,8.75E-1,-4.28E0));
#6954=VERTEX_POINT('',#6953);
#6955=CARTESIAN_POINT('',(-1.18E0,8.75E-1,-3.68E0));
#6956=VERTEX_POINT('',#6955);
#6957=CARTESIAN_POINT('',(-1.82E0,8.75E-1,-3.68E0));
#6958=VERTEX_POINT('',#6957);
#6959=CARTESIAN_POINT('',(-1.82E0,-8.75E-1,-3.68E0));
#6960=VERTEX_POINT('',#6959);
#6961=CARTESIAN_POINT('',(-4.18E0,-8.75E-1,-3.68E0));
#6962=VERTEX_POINT('',#6961);
#6963=CARTESIAN_POINT('',(-4.18E0,8.75E-1,-4.28E0));
#6964=VERTEX_POINT('',#6963);
#6965=CARTESIAN_POINT('',(-4.82E0,8.75E-1,-4.28E0));
#6966=VERTEX_POINT('',#6965);
#6967=CARTESIAN_POINT('',(-4.18E0,8.75E-1,-3.68E0));
#6968=VERTEX_POINT('',#6967);
#6969=CARTESIAN_POINT('',(-4.82E0,8.75E-1,-3.68E0));
#6970=VERTEX_POINT('',#6969);
#6971=CARTESIAN_POINT('',(-4.82E0,-8.75E-1,-3.68E0));
#6972=VERTEX_POINT('',#6971);
#6973=CARTESIAN_POINT('',(-7.18E0,-8.75E-1,-3.68E0));
#6974=VERTEX_POINT('',#6973);
#6975=CARTESIAN_POINT('',(-7.18E0,8.75E-1,-4.28E0));
#6976=VERTEX_POINT('',#6975);
#6977=CARTESIAN_POINT('',(-7.82E0,8.75E-1,-4.28E0));
#6978=VERTEX_POINT('',#6977);
#6979=CARTESIAN_POINT('',(-7.18E0,8.75E-1,-3.68E0));
#6980=VERTEX_POINT('',#6979);
#6981=CARTESIAN_POINT('',(-7.82E0,8.75E-1,-3.68E0));
#6982=VERTEX_POINT('',#6981);
#6983=CARTESIAN_POINT('',(-7.82E0,-8.75E-1,-3.68E0));
#6984=VERTEX_POINT('',#6983);
#6985=CARTESIAN_POINT('',(-1.018E1,-8.75E-1,-3.68E0));
#6986=VERTEX_POINT('',#6985);
#6987=CARTESIAN_POINT('',(-1.082E1,-8.75E-1,-3.68E0));
#6988=VERTEX_POINT('',#6987);
#6989=CARTESIAN_POINT('',(-1.018E1,8.75E-1,-4.28E0));
#6990=VERTEX_POINT('',#6989);
#6991=CARTESIAN_POINT('',(-1.082E1,8.75E-1,-4.28E0));
#6992=VERTEX_POINT('',#6991);
#6993=CARTESIAN_POINT('',(-1.018E1,8.75E-1,-3.68E0));
#6994=VERTEX_POINT('',#6993);
#6995=CARTESIAN_POINT('',(-1.082E1,8.75E-1,-3.68E0));
#6996=VERTEX_POINT('',#6995);
#6997=CARTESIAN_POINT('',(1.307E1,-2.33E0,-2.19E0));
#6998=CARTESIAN_POINT('',(1.377E1,-2.33E0,-2.19E0));
#6999=VERTEX_POINT('',#6997);
#7000=VERTEX_POINT('',#6998);
#7001=CARTESIAN_POINT('',(1.377E1,-1.93E0,-2.19E0));
#7002=VERTEX_POINT('',#7001);
#7003=CARTESIAN_POINT('',(1.307E1,-1.93E0,-2.19E0));
#7004=VERTEX_POINT('',#7003);
#7005=CARTESIAN_POINT('',(-1.307E1,-1.93E0,-2.19E0));
#7006=CARTESIAN_POINT('',(-1.377E1,-1.93E0,-2.19E0));
#7007=VERTEX_POINT('',#7005);
#7008=VERTEX_POINT('',#7006);
#7009=CARTESIAN_POINT('',(-1.377E1,-2.33E0,-2.19E0));
#7010=VERTEX_POINT('',#7009);
#7011=CARTESIAN_POINT('',(-1.307E1,-2.33E0,-2.19E0));
#7012=VERTEX_POINT('',#7011);
#7013=CARTESIAN_POINT('',(1.307E1,-2.33E0,-2.83E0));
#7014=CARTESIAN_POINT('',(1.377E1,-2.33E0,-2.83E0));
#7015=VERTEX_POINT('',#7013);
#7016=VERTEX_POINT('',#7014);
#7017=CARTESIAN_POINT('',(1.377E1,-1.93E0,-2.83E0));
#7018=VERTEX_POINT('',#7017);
#7019=CARTESIAN_POINT('',(1.307E1,-1.93E0,-2.83E0));
#7020=VERTEX_POINT('',#7019);
#7021=CARTESIAN_POINT('',(-1.307E1,-1.93E0,-2.83E0));
#7022=CARTESIAN_POINT('',(-1.377E1,-1.93E0,-2.83E0));
#7023=VERTEX_POINT('',#7021);
#7024=VERTEX_POINT('',#7022);
#7025=CARTESIAN_POINT('',(-1.377E1,-2.33E0,-2.83E0));
#7026=VERTEX_POINT('',#7025);
#7027=CARTESIAN_POINT('',(-1.307E1,-2.33E0,-2.83E0));
#7028=VERTEX_POINT('',#7027);
#7029=CARTESIAN_POINT('',(1.282E1,-1.68E0,-2.19E0));
#7030=CARTESIAN_POINT('',(1.282E1,-1.68E0,-2.83E0));
#7031=VERTEX_POINT('',#7029);
#7032=VERTEX_POINT('',#7030);
#7033=CARTESIAN_POINT('',(-1.282E1,-1.68E0,-2.19E0));
#7034=CARTESIAN_POINT('',(-1.282E1,-1.68E0,-2.83E0));
#7035=VERTEX_POINT('',#7033);
#7036=VERTEX_POINT('',#7034);
#7037=CARTESIAN_POINT('',(1.286E1,-1.93E0,-2.19E0));
#7038=CARTESIAN_POINT('',(1.286E1,-1.815646599663E0,-2.19E0));
#7039=VERTEX_POINT('',#7037);
#7040=VERTEX_POINT('',#7038);
#7041=CARTESIAN_POINT('',(1.286E1,-1.93E0,-2.83E0));
#7042=CARTESIAN_POINT('',(1.286E1,-1.815646599663E0,-2.83E0));
#7043=VERTEX_POINT('',#7041);
#7044=VERTEX_POINT('',#7042);
#7045=CARTESIAN_POINT('',(-1.286E1,-1.93E0,-2.19E0));
#7046=CARTESIAN_POINT('',(-1.286E1,-1.815646599663E0,-2.19E0));
#7047=VERTEX_POINT('',#7045);
#7048=VERTEX_POINT('',#7046);
#7049=CARTESIAN_POINT('',(-1.286E1,-1.93E0,-2.83E0));
#7050=CARTESIAN_POINT('',(-1.286E1,-1.815646599663E0,-2.83E0));
#7051=VERTEX_POINT('',#7049);
#7052=VERTEX_POINT('',#7050);
#7053=CARTESIAN_POINT('',(-1.293544899584E1,-1.890703647999E0,-2.19E0));
#7054=VERTEX_POINT('',#7053);
#7055=CARTESIAN_POINT('',(-1.293544899584E1,-1.890703647999E0,-2.83E0));
#7056=VERTEX_POINT('',#7055);
#7057=CARTESIAN_POINT('',(1.293544899584E1,-1.890703647999E0,-2.19E0));
#7058=VERTEX_POINT('',#7057);
#7059=CARTESIAN_POINT('',(1.293544899584E1,-1.890703647999E0,-2.83E0));
#7060=VERTEX_POINT('',#7059);
#7061=CARTESIAN_POINT('',(-1.282E1,-1.43E0,-2.19E0));
#7062=CARTESIAN_POINT('',(-1.242E1,-1.43E0,-2.19E0));
#7063=VERTEX_POINT('',#7061);
#7064=VERTEX_POINT('',#7062);
#7065=CARTESIAN_POINT('',(1.242E1,-1.43E0,-2.19E0));
#7066=CARTESIAN_POINT('',(1.282E1,-1.43E0,-2.19E0));
#7067=VERTEX_POINT('',#7065);
#7068=VERTEX_POINT('',#7066);
#7069=CARTESIAN_POINT('',(-1.282E1,-1.43E0,-2.83E0));
#7070=CARTESIAN_POINT('',(-1.242E1,-1.43E0,-2.83E0));
#7071=VERTEX_POINT('',#7069);
#7072=VERTEX_POINT('',#7070);
#7073=CARTESIAN_POINT('',(1.242E1,-1.43E0,-2.83E0));
#7074=CARTESIAN_POINT('',(1.282E1,-1.43E0,-2.83E0));
#7075=VERTEX_POINT('',#7073);
#7076=VERTEX_POINT('',#7074);
#7077=CARTESIAN_POINT('',(-1.242E1,-1.68E0,-2.19E0));
#7078=VERTEX_POINT('',#7077);
#7079=CARTESIAN_POINT('',(-1.242E1,-1.68E0,-2.83E0));
#7080=VERTEX_POINT('',#7079);
#7081=CARTESIAN_POINT('',(1.242E1,-1.68E0,-2.19E0));
#7082=VERTEX_POINT('',#7081);
#7083=CARTESIAN_POINT('',(1.242E1,-1.68E0,-2.83E0));
#7084=VERTEX_POINT('',#7083);
#7085=CARTESIAN_POINT('',(-7.18E0,-2.22E0,-5.47E0));
#7086=DIRECTION('',(1.E0,0.E0,0.E0));
#7087=DIRECTION('',(0.E0,0.E0,-1.E0));
#7088=AXIS2_PLACEMENT_3D('',#7085,#7086,#7087);
#7089=CYLINDRICAL_SURFACE('',#7088,3.2E-1);
#7091=ORIENTED_EDGE('',*,*,#7090,.T.);
#7093=ORIENTED_EDGE('',*,*,#7092,.T.);
#7095=ORIENTED_EDGE('',*,*,#7094,.F.);
#7097=ORIENTED_EDGE('',*,*,#7096,.F.);
#7098=EDGE_LOOP('',(#7091,#7093,#7095,#7097));
#7099=FACE_OUTER_BOUND('',#7098,.F.);
#7100=ADVANCED_FACE('',(#7099),#7089,.T.);
#7101=CARTESIAN_POINT('',(-7.18E0,0.E0,0.E0));
#7102=DIRECTION('',(1.E0,0.E0,0.E0));
#7103=DIRECTION('',(0.E0,0.E0,-1.E0));
#7104=AXIS2_PLACEMENT_3D('',#7101,#7102,#7103);
#7105=PLANE('',#7104);
#7107=ORIENTED_EDGE('',*,*,#7106,.T.);
#7109=ORIENTED_EDGE('',*,*,#7108,.T.);
#7111=ORIENTED_EDGE('',*,*,#7110,.F.);
#7113=ORIENTED_EDGE('',*,*,#7112,.F.);
#7115=ORIENTED_EDGE('',*,*,#7114,.F.);
#7117=ORIENTED_EDGE('',*,*,#7116,.F.);
#7119=ORIENTED_EDGE('',*,*,#7118,.T.);
#7121=ORIENTED_EDGE('',*,*,#7120,.T.);
#7123=ORIENTED_EDGE('',*,*,#7122,.F.);
#7125=ORIENTED_EDGE('',*,*,#7124,.F.);
#7126=EDGE_LOOP('',(#7107,#7109,#7111,#7113,#7115,#7117,#7119,#7121,#7123,
#7125));
#7127=FACE_OUTER_BOUND('',#7126,.F.);
#7128=ADVANCED_FACE('',(#7127),#7105,.T.);
#7129=CARTESIAN_POINT('',(-7.18E0,0.E0,0.E0));
#7130=DIRECTION('',(1.E0,0.E0,0.E0));
#7131=DIRECTION('',(0.E0,0.E0,-1.E0));
#7132=AXIS2_PLACEMENT_3D('',#7129,#7130,#7131);
#7133=PLANE('',#7132);
#7135=ORIENTED_EDGE('',*,*,#7134,.T.);
#7137=ORIENTED_EDGE('',*,*,#7136,.F.);
#7139=ORIENTED_EDGE('',*,*,#7138,.F.);
#7140=ORIENTED_EDGE('',*,*,#7090,.F.);
#7142=ORIENTED_EDGE('',*,*,#7141,.F.);
#7144=ORIENTED_EDGE('',*,*,#7143,.F.);
#7145=EDGE_LOOP('',(#7135,#7137,#7139,#7140,#7142,#7144));
#7146=FACE_OUTER_BOUND('',#7145,.F.);
#7147=ADVANCED_FACE('',(#7146),#7133,.T.);
#7148=CARTESIAN_POINT('',(-7.18E0,0.E0,0.E0));
#7149=DIRECTION('',(1.E0,0.E0,0.E0));
#7150=DIRECTION('',(0.E0,0.E0,-1.E0));
#7151=AXIS2_PLACEMENT_3D('',#7148,#7149,#7150);
#7152=PLANE('',#7151);
#7154=ORIENTED_EDGE('',*,*,#7153,.F.);
#7156=ORIENTED_EDGE('',*,*,#7155,.F.);
#7158=ORIENTED_EDGE('',*,*,#7157,.F.);
#7160=ORIENTED_EDGE('',*,*,#7159,.F.);
#7161=EDGE_LOOP('',(#7154,#7156,#7158,#7160));
#7162=FACE_OUTER_BOUND('',#7161,.F.);
#7163=ADVANCED_FACE('',(#7162),#7152,.T.);
#7164=CARTESIAN_POINT('',(-1.382E1,-1.27E0,-4.95E0));
#7165=DIRECTION('',(0.E0,1.E0,0.E0));
#7166=DIRECTION('',(0.E0,0.E0,1.E0));
#7167=AXIS2_PLACEMENT_3D('',#7164,#7165,#7166);
#7168=PLANE('',#7167);
#7170=ORIENTED_EDGE('',*,*,#7169,.F.);
#7172=ORIENTED_EDGE('',*,*,#7171,.T.);
#7174=ORIENTED_EDGE('',*,*,#7173,.T.);
#7176=ORIENTED_EDGE('',*,*,#7175,.F.);
#7177=EDGE_LOOP('',(#7170,#7172,#7174,#7176));
#7178=FACE_OUTER_BOUND('',#7177,.F.);
#7179=ADVANCED_FACE('',(#7178),#7168,.T.);
#7180=CARTESIAN_POINT('',(-1.382E1,-1.27E0,-4.95E0));
#7181=DIRECTION('',(0.E0,1.E0,0.E0));
#7182=DIRECTION('',(0.E0,0.E0,1.E0));
#7183=AXIS2_PLACEMENT_3D('',#7180,#7181,#7182);
#7184=PLANE('',#7183);
#7186=ORIENTED_EDGE('',*,*,#7185,.T.);
#7188=ORIENTED_EDGE('',*,*,#7187,.T.);
#7190=ORIENTED_EDGE('',*,*,#7189,.F.);
#7192=ORIENTED_EDGE('',*,*,#7191,.F.);
#7193=EDGE_LOOP('',(#7186,#7188,#7190,#7192));
#7194=FACE_OUTER_BOUND('',#7193,.F.);
#7195=ADVANCED_FACE('',(#7194),#7184,.T.);
#7196=CARTESIAN_POINT('',(-1.382E1,-1.27E0,-4.95E0));
#7197=DIRECTION('',(0.E0,1.E0,0.E0));
#7198=DIRECTION('',(0.E0,0.E0,1.E0));
#7199=AXIS2_PLACEMENT_3D('',#7196,#7197,#7198);
#7200=PLANE('',#7199);
#7202=ORIENTED_EDGE('',*,*,#7201,.F.);
#7204=ORIENTED_EDGE('',*,*,#7203,.T.);
#7206=ORIENTED_EDGE('',*,*,#7205,.T.);
#7208=ORIENTED_EDGE('',*,*,#7207,.F.);
#7210=ORIENTED_EDGE('',*,*,#7209,.T.);
#7211=EDGE_LOOP('',(#7202,#7204,#7206,#7208,#7210));
#7212=FACE_OUTER_BOUND('',#7211,.F.);
#7213=ADVANCED_FACE('',(#7212),#7200,.T.);
#7214=CARTESIAN_POINT('',(-1.382E1,-1.27E0,-4.95E0));
#7215=DIRECTION('',(0.E0,1.E0,0.E0));
#7216=DIRECTION('',(0.E0,0.E0,1.E0));
#7217=AXIS2_PLACEMENT_3D('',#7214,#7215,#7216);
#7218=PLANE('',#7217);
#7220=ORIENTED_EDGE('',*,*,#7219,.F.);
#7222=ORIENTED_EDGE('',*,*,#7221,.T.);
#7224=ORIENTED_EDGE('',*,*,#7223,.T.);
#7226=ORIENTED_EDGE('',*,*,#7225,.F.);
#7228=ORIENTED_EDGE('',*,*,#7227,.F.);
#7230=ORIENTED_EDGE('',*,*,#7229,.T.);
#7231=EDGE_LOOP('',(#7220,#7222,#7224,#7226,#7228,#7230));
#7232=FACE_OUTER_BOUND('',#7231,.F.);
#7233=ADVANCED_FACE('',(#7232),#7218,.T.);
#7234=CARTESIAN_POINT('',(-1.382E1,-1.27E0,-4.95E0));
#7235=DIRECTION('',(0.E0,1.E0,0.E0));
#7236=DIRECTION('',(0.E0,0.E0,1.E0));
#7237=AXIS2_PLACEMENT_3D('',#7234,#7235,#7236);
#7238=PLANE('',#7237);
#7240=ORIENTED_EDGE('',*,*,#7239,.F.);
#7242=ORIENTED_EDGE('',*,*,#7241,.T.);
#7244=ORIENTED_EDGE('',*,*,#7243,.T.);
#7246=ORIENTED_EDGE('',*,*,#7245,.F.);
#7248=ORIENTED_EDGE('',*,*,#7247,.F.);
#7250=ORIENTED_EDGE('',*,*,#7249,.T.);
#7251=EDGE_LOOP('',(#7240,#7242,#7244,#7246,#7248,#7250));
#7252=FACE_OUTER_BOUND('',#7251,.F.);
#7253=ADVANCED_FACE('',(#7252),#7238,.T.);
#7254=CARTESIAN_POINT('',(-1.382E1,-1.27E0,-4.95E0));
#7255=DIRECTION('',(0.E0,1.E0,0.E0));
#7256=DIRECTION('',(0.E0,0.E0,1.E0));
#7257=AXIS2_PLACEMENT_3D('',#7254,#7255,#7256);
#7258=PLANE('',#7257);
#7260=ORIENTED_EDGE('',*,*,#7259,.F.);
#7262=ORIENTED_EDGE('',*,*,#7261,.T.);
#7264=ORIENTED_EDGE('',*,*,#7263,.T.);
#7266=ORIENTED_EDGE('',*,*,#7265,.F.);
#7268=ORIENTED_EDGE('',*,*,#7267,.F.);
#7270=ORIENTED_EDGE('',*,*,#7269,.T.);
#7271=EDGE_LOOP('',(#7260,#7262,#7264,#7266,#7268,#7270));
#7272=FACE_OUTER_BOUND('',#7271,.F.);
#7273=ADVANCED_FACE('',(#7272),#7258,.T.);
#7274=CARTESIAN_POINT('',(-1.382E1,-1.27E0,-4.95E0));
#7275=DIRECTION('',(0.E0,1.E0,0.E0));
#7276=DIRECTION('',(0.E0,0.E0,1.E0));
#7277=AXIS2_PLACEMENT_3D('',#7274,#7275,#7276);
#7278=PLANE('',#7277);
#7280=ORIENTED_EDGE('',*,*,#7279,.F.);
#7282=ORIENTED_EDGE('',*,*,#7281,.T.);
#7284=ORIENTED_EDGE('',*,*,#7283,.T.);
#7286=ORIENTED_EDGE('',*,*,#7285,.F.);
#7288=ORIENTED_EDGE('',*,*,#7287,.F.);
#7290=ORIENTED_EDGE('',*,*,#7289,.T.);
#7291=EDGE_LOOP('',(#7280,#7282,#7284,#7286,#7288,#7290));
#7292=FACE_OUTER_BOUND('',#7291,.F.);
#7293=ADVANCED_FACE('',(#7292),#7278,.T.);
#7294=CARTESIAN_POINT('',(-1.382E1,-1.27E0,-4.95E0));
#7295=DIRECTION('',(0.E0,1.E0,0.E0));
#7296=DIRECTION('',(0.E0,0.E0,1.E0));
#7297=AXIS2_PLACEMENT_3D('',#7294,#7295,#7296);
#7298=PLANE('',#7297);
#7300=ORIENTED_EDGE('',*,*,#7299,.F.);
#7302=ORIENTED_EDGE('',*,*,#7301,.T.);
#7304=ORIENTED_EDGE('',*,*,#7303,.T.);
#7306=ORIENTED_EDGE('',*,*,#7305,.F.);
#7308=ORIENTED_EDGE('',*,*,#7307,.F.);
#7310=ORIENTED_EDGE('',*,*,#7309,.F.);
#7311=EDGE_LOOP('',(#7300,#7302,#7304,#7306,#7308,#7310));
#7312=FACE_OUTER_BOUND('',#7311,.F.);
#7313=ADVANCED_FACE('',(#7312),#7298,.T.);
#7314=CARTESIAN_POINT('',(-1.382E1,-1.27E0,-4.95E0));
#7315=DIRECTION('',(0.E0,1.E0,0.E0));
#7316=DIRECTION('',(0.E0,0.E0,1.E0));
#7317=AXIS2_PLACEMENT_3D('',#7314,#7315,#7316);
#7318=PLANE('',#7317);
#7320=ORIENTED_EDGE('',*,*,#7319,.F.);
#7322=ORIENTED_EDGE('',*,*,#7321,.T.);
#7324=ORIENTED_EDGE('',*,*,#7323,.T.);
#7326=ORIENTED_EDGE('',*,*,#7325,.T.);
#7328=ORIENTED_EDGE('',*,*,#7327,.F.);
#7329=ORIENTED_EDGE('',*,*,#7106,.F.);
#7330=EDGE_LOOP('',(#7320,#7322,#7324,#7326,#7328,#7329));
#7331=FACE_OUTER_BOUND('',#7330,.F.);
#7332=ADVANCED_FACE('',(#7331),#7318,.T.);
#7333=CARTESIAN_POINT('',(-1.382E1,-1.27E0,-4.95E0));
#7334=DIRECTION('',(0.E0,1.E0,0.E0));
#7335=DIRECTION('',(0.E0,0.E0,1.E0));
#7336=AXIS2_PLACEMENT_3D('',#7333,#7334,#7335);
#7337=PLANE('',#7336);
#7339=ORIENTED_EDGE('',*,*,#7338,.F.);
#7341=ORIENTED_EDGE('',*,*,#7340,.T.);
#7343=ORIENTED_EDGE('',*,*,#7342,.T.);
#7345=ORIENTED_EDGE('',*,*,#7344,.T.);
#7347=ORIENTED_EDGE('',*,*,#7346,.F.);
#7349=ORIENTED_EDGE('',*,*,#7348,.F.);
#7350=EDGE_LOOP('',(#7339,#7341,#7343,#7345,#7347,#7349));
#7351=FACE_OUTER_BOUND('',#7350,.F.);
#7352=ADVANCED_FACE('',(#7351),#7337,.T.);
#7353=CARTESIAN_POINT('',(-1.382E1,-1.27E0,-4.95E0));
#7354=DIRECTION('',(0.E0,1.E0,0.E0));
#7355=DIRECTION('',(0.E0,0.E0,1.E0));
#7356=AXIS2_PLACEMENT_3D('',#7353,#7354,#7355);
#7357=PLANE('',#7356);
#7359=ORIENTED_EDGE('',*,*,#7358,.F.);
#7361=ORIENTED_EDGE('',*,*,#7360,.F.);
#7363=ORIENTED_EDGE('',*,*,#7362,.T.);
#7365=ORIENTED_EDGE('',*,*,#7364,.T.);
#7367=ORIENTED_EDGE('',*,*,#7366,.T.);
#7368=EDGE_LOOP('',(#7359,#7361,#7363,#7365,#7367));
#7369=FACE_OUTER_BOUND('',#7368,.F.);
#7370=ADVANCED_FACE('',(#7369),#7357,.T.);
#7371=CARTESIAN_POINT('',(1.286E1,1.93E0,-3.25E0));
#7372=DIRECTION('',(1.E0,0.E0,0.E0));
#7373=DIRECTION('',(0.E0,0.E0,-1.E0));
#7374=AXIS2_PLACEMENT_3D('',#7371,#7372,#7373);
#7375=PLANE('',#7374);
#7377=ORIENTED_EDGE('',*,*,#7376,.T.);
#7379=ORIENTED_EDGE('',*,*,#7378,.F.);
#7381=ORIENTED_EDGE('',*,*,#7380,.F.);
#7383=ORIENTED_EDGE('',*,*,#7382,.F.);
#7385=ORIENTED_EDGE('',*,*,#7384,.F.);
#7387=ORIENTED_EDGE('',*,*,#7386,.T.);
#7389=ORIENTED_EDGE('',*,*,#7388,.T.);
#7390=ORIENTED_EDGE('',*,*,#7169,.T.);
#7392=ORIENTED_EDGE('',*,*,#7391,.T.);
#7394=ORIENTED_EDGE('',*,*,#7393,.F.);
#7396=ORIENTED_EDGE('',*,*,#7395,.F.);
#7398=ORIENTED_EDGE('',*,*,#7397,.F.);
#7400=ORIENTED_EDGE('',*,*,#7399,.T.);
#7402=ORIENTED_EDGE('',*,*,#7401,.T.);
#7404=ORIENTED_EDGE('',*,*,#7403,.T.);
#7406=ORIENTED_EDGE('',*,*,#7405,.T.);
#7408=ORIENTED_EDGE('',*,*,#7407,.T.);
#7410=ORIENTED_EDGE('',*,*,#7409,.T.);
#7412=ORIENTED_EDGE('',*,*,#7411,.T.);
#7414=ORIENTED_EDGE('',*,*,#7413,.F.);
#7415=EDGE_LOOP('',(#7377,#7379,#7381,#7383,#7385,#7387,#7389,#7390,#7392,#7394,
#7396,#7398,#7400,#7402,#7404,#7406,#7408,#7410,#7412,#7414));
#7416=FACE_OUTER_BOUND('',#7415,.F.);
#7417=ADVANCED_FACE('',(#7416),#7375,.F.);
#7418=CARTESIAN_POINT('',(-1.382E1,0.E0,-2.19E0));
#7419=DIRECTION('',(0.E0,0.E0,1.E0));
#7420=DIRECTION('',(1.E0,0.E0,0.E0));
#7421=AXIS2_PLACEMENT_3D('',#7418,#7419,#7420);
#7422=PLANE('',#7421);
#7423=ORIENTED_EDGE('',*,*,#7376,.F.);
#7425=ORIENTED_EDGE('',*,*,#7424,.T.);
#7427=ORIENTED_EDGE('',*,*,#7426,.F.);
#7429=ORIENTED_EDGE('',*,*,#7428,.F.);
#7431=ORIENTED_EDGE('',*,*,#7430,.F.);
#7433=ORIENTED_EDGE('',*,*,#7432,.F.);
#7435=ORIENTED_EDGE('',*,*,#7434,.F.);
#7437=ORIENTED_EDGE('',*,*,#7436,.F.);
#7439=ORIENTED_EDGE('',*,*,#7438,.T.);
#7441=ORIENTED_EDGE('',*,*,#7440,.F.);
#7443=ORIENTED_EDGE('',*,*,#7442,.F.);
#7444=EDGE_LOOP('',(#7423,#7425,#7427,#7429,#7431,#7433,#7435,#7437,#7439,#7441,
#7443));
#7445=FACE_OUTER_BOUND('',#7444,.F.);
#7446=ADVANCED_FACE('',(#7445),#7422,.T.);
#7447=CARTESIAN_POINT('',(-1.382E1,0.E0,-2.19E0));
#7448=DIRECTION('',(0.E0,0.E0,1.E0));
#7449=DIRECTION('',(1.E0,0.E0,0.E0));
#7450=AXIS2_PLACEMENT_3D('',#7447,#7448,#7449);
#7451=PLANE('',#7450);
#7453=ORIENTED_EDGE('',*,*,#7452,.T.);
#7455=ORIENTED_EDGE('',*,*,#7454,.F.);
#7457=ORIENTED_EDGE('',*,*,#7456,.F.);
#7459=ORIENTED_EDGE('',*,*,#7458,.T.);
#7461=ORIENTED_EDGE('',*,*,#7460,.T.);
#7463=ORIENTED_EDGE('',*,*,#7462,.F.);
#7465=ORIENTED_EDGE('',*,*,#7464,.F.);
#7467=ORIENTED_EDGE('',*,*,#7466,.F.);
#7469=ORIENTED_EDGE('',*,*,#7468,.F.);
#7471=ORIENTED_EDGE('',*,*,#7470,.F.);
#7473=ORIENTED_EDGE('',*,*,#7472,.F.);
#7474=EDGE_LOOP('',(#7453,#7455,#7457,#7459,#7461,#7463,#7465,#7467,#7469,#7471,
#7473));
#7475=FACE_OUTER_BOUND('',#7474,.F.);
#7476=ADVANCED_FACE('',(#7475),#7451,.T.);
#7477=CARTESIAN_POINT('',(1.334E1,-1.68E0,9.25E-1));
#7478=DIRECTION('',(4.619344188370E-1,-8.869140841670E-1,0.E0));
#7479=DIRECTION('',(-8.869140841670E-1,-4.619344188370E-1,0.E0));
#7480=AXIS2_PLACEMENT_3D('',#7477,#7478,#7479);
#7481=PLANE('',#7480);
#7482=ORIENTED_EDGE('',*,*,#7424,.F.);
#7483=ORIENTED_EDGE('',*,*,#7413,.T.);
#7485=ORIENTED_EDGE('',*,*,#7484,.T.);
#7487=ORIENTED_EDGE('',*,*,#7486,.T.);
#7489=ORIENTED_EDGE('',*,*,#7488,.T.);
#7490=ORIENTED_EDGE('',*,*,#7382,.T.);
#7492=ORIENTED_EDGE('',*,*,#7491,.T.);
#7494=ORIENTED_EDGE('',*,*,#7493,.T.);
#7495=EDGE_LOOP('',(#7482,#7483,#7485,#7487,#7489,#7490,#7492,#7494));
#7496=FACE_OUTER_BOUND('',#7495,.F.);
#7497=ADVANCED_FACE('',(#7496),#7481,.T.);
#7498=CARTESIAN_POINT('',(1.286E1,-1.93E0,1.65E0));
#7499=DIRECTION('',(0.E0,0.E0,-1.E0));
#7500=DIRECTION('',(1.E0,0.E0,0.E0));
#7501=AXIS2_PLACEMENT_3D('',#7498,#7499,#7500);
#7502=PLANE('',#7501);
#7503=ORIENTED_EDGE('',*,*,#7411,.F.);
#7505=ORIENTED_EDGE('',*,*,#7504,.T.);
#7506=ORIENTED_EDGE('',*,*,#7484,.F.);
#7507=EDGE_LOOP('',(#7503,#7505,#7506));
#7508=FACE_OUTER_BOUND('',#7507,.F.);
#7509=ADVANCED_FACE('',(#7508),#7502,.F.);
#7510=CARTESIAN_POINT('',(-1.382E1,-1.43E0,0.E0));
#7511=DIRECTION('',(0.E0,-1.E0,0.E0));
#7512=DIRECTION('',(1.E0,0.E0,0.E0));
#7513=AXIS2_PLACEMENT_3D('',#7510,#7511,#7512);
#7514=PLANE('',#7513);
#7515=ORIENTED_EDGE('',*,*,#7458,.F.);
#7517=ORIENTED_EDGE('',*,*,#7516,.F.);
#7519=ORIENTED_EDGE('',*,*,#7518,.T.);
#7521=ORIENTED_EDGE('',*,*,#7520,.F.);
#7523=ORIENTED_EDGE('',*,*,#7522,.F.);
#7525=ORIENTED_EDGE('',*,*,#7524,.F.);
#7527=ORIENTED_EDGE('',*,*,#7526,.F.);
#7529=ORIENTED_EDGE('',*,*,#7528,.F.);
#7531=ORIENTED_EDGE('',*,*,#7530,.F.);
#7533=ORIENTED_EDGE('',*,*,#7532,.F.);
#7535=ORIENTED_EDGE('',*,*,#7534,.T.);
#7537=ORIENTED_EDGE('',*,*,#7536,.F.);
#7539=ORIENTED_EDGE('',*,*,#7538,.F.);
#7541=ORIENTED_EDGE('',*,*,#7540,.F.);
#7543=ORIENTED_EDGE('',*,*,#7542,.T.);
#7545=ORIENTED_EDGE('',*,*,#7544,.F.);
#7546=EDGE_LOOP('',(#7515,#7517,#7519,#7521,#7523,#7525,#7527,#7529,#7531,#7533,
#7535,#7537,#7539,#7541,#7543,#7545));
#7547=FACE_OUTER_BOUND('',#7546,.F.);
#7548=ADVANCED_FACE('',(#7547),#7514,.T.);
#7549=CARTESIAN_POINT('',(-1.382E1,-1.43E0,0.E0));
#7550=DIRECTION('',(0.E0,-1.E0,0.E0));
#7551=DIRECTION('',(1.E0,0.E0,0.E0));
#7552=AXIS2_PLACEMENT_3D('',#7549,#7550,#7551);
#7553=PLANE('',#7552);
#7554=ORIENTED_EDGE('',*,*,#7438,.F.);
#7556=ORIENTED_EDGE('',*,*,#7555,.F.);
#7558=ORIENTED_EDGE('',*,*,#7557,.T.);
#7560=ORIENTED_EDGE('',*,*,#7559,.T.);
#7562=ORIENTED_EDGE('',*,*,#7561,.F.);
#7564=ORIENTED_EDGE('',*,*,#7563,.F.);
#7566=ORIENTED_EDGE('',*,*,#7565,.F.);
#7568=ORIENTED_EDGE('',*,*,#7567,.T.);
#7569=ORIENTED_EDGE('',*,*,#7504,.F.);
#7570=ORIENTED_EDGE('',*,*,#7409,.F.);
#7572=ORIENTED_EDGE('',*,*,#7571,.F.);
#7574=ORIENTED_EDGE('',*,*,#7573,.F.);
#7576=ORIENTED_EDGE('',*,*,#7575,.F.);
#7578=ORIENTED_EDGE('',*,*,#7577,.F.);
#7580=ORIENTED_EDGE('',*,*,#7579,.T.);
#7582=ORIENTED_EDGE('',*,*,#7581,.T.);
#7583=EDGE_LOOP('',(#7554,#7556,#7558,#7560,#7562,#7564,#7566,#7568,#7569,#7570,
#7572,#7574,#7576,#7578,#7580,#7582));
#7584=FACE_OUTER_BOUND('',#7583,.F.);
#7585=ADVANCED_FACE('',(#7584),#7553,.T.);
#7586=CARTESIAN_POINT('',(-1.282E1,-1.43E0,-2.19E0));
#7587=DIRECTION('',(-1.E0,0.E0,0.E0));
#7588=DIRECTION('',(0.E0,-1.E0,0.E0));
#7589=AXIS2_PLACEMENT_3D('',#7586,#7587,#7588);
#7590=PLANE('',#7589);
#7591=ORIENTED_EDGE('',*,*,#7516,.T.);
#7592=ORIENTED_EDGE('',*,*,#7456,.T.);
#7594=ORIENTED_EDGE('',*,*,#7593,.T.);
#7596=ORIENTED_EDGE('',*,*,#7595,.F.);
#7597=EDGE_LOOP('',(#7591,#7592,#7594,#7596));
#7598=FACE_OUTER_BOUND('',#7597,.F.);
#7599=ADVANCED_FACE('',(#7598),#7590,.T.);
#7600=CARTESIAN_POINT('',(-1.307E1,-1.68E0,-2.19E0));
#7601=DIRECTION('',(0.E0,0.E0,1.E0));
#7602=DIRECTION('',(1.E0,0.E0,0.E0));
#7603=AXIS2_PLACEMENT_3D('',#7600,#7601,#7602);
#7604=CYLINDRICAL_SURFACE('',#7603,2.5E-1);
#7606=ORIENTED_EDGE('',*,*,#7605,.F.);
#7608=ORIENTED_EDGE('',*,*,#7607,.F.);
#7609=ORIENTED_EDGE('',*,*,#7593,.F.);
#7610=ORIENTED_EDGE('',*,*,#7454,.T.);
#7611=EDGE_LOOP('',(#7606,#7608,#7609,#7610));
#7612=FACE_OUTER_BOUND('',#7611,.F.);
#7613=ADVANCED_FACE('',(#7612),#7604,.F.);
#7614=CARTESIAN_POINT('',(-1.307E1,-1.68E0,-2.19E0));
#7615=DIRECTION('',(0.E0,0.E0,1.E0));
#7616=DIRECTION('',(1.E0,0.E0,0.E0));
#7617=AXIS2_PLACEMENT_3D('',#7614,#7615,#7616);
#7618=CYLINDRICAL_SURFACE('',#7617,2.5E-1);
#7620=ORIENTED_EDGE('',*,*,#7619,.T.);
#7621=ORIENTED_EDGE('',*,*,#7470,.T.);
#7623=ORIENTED_EDGE('',*,*,#7622,.T.);
#7625=ORIENTED_EDGE('',*,*,#7624,.F.);
#7626=EDGE_LOOP('',(#7620,#7621,#7623,#7625));
#7627=FACE_OUTER_BOUND('',#7626,.F.);
#7628=ADVANCED_FACE('',(#7627),#7618,.F.);
#7629=CARTESIAN_POINT('',(-1.286E1,1.93E0,-4.95E0));
#7630=DIRECTION('',(-1.E0,0.E0,0.E0));
#7631=DIRECTION('',(0.E0,0.E0,1.E0));
#7632=AXIS2_PLACEMENT_3D('',#7629,#7630,#7631);
#7633=PLANE('',#7632);
#7634=ORIENTED_EDGE('',*,*,#7452,.F.);
#7636=ORIENTED_EDGE('',*,*,#7635,.T.);
#7638=ORIENTED_EDGE('',*,*,#7637,.T.);
#7639=ORIENTED_EDGE('',*,*,#7528,.T.);
#7641=ORIENTED_EDGE('',*,*,#7640,.F.);
#7643=ORIENTED_EDGE('',*,*,#7642,.F.);
#7645=ORIENTED_EDGE('',*,*,#7644,.F.);
#7647=ORIENTED_EDGE('',*,*,#7646,.F.);
#7649=ORIENTED_EDGE('',*,*,#7648,.F.);
#7651=ORIENTED_EDGE('',*,*,#7650,.F.);
#7653=ORIENTED_EDGE('',*,*,#7652,.T.);
#7655=ORIENTED_EDGE('',*,*,#7654,.T.);
#7657=ORIENTED_EDGE('',*,*,#7656,.F.);
#7658=ORIENTED_EDGE('',*,*,#7187,.F.);
#7660=ORIENTED_EDGE('',*,*,#7659,.F.);
#7662=ORIENTED_EDGE('',*,*,#7661,.T.);
#7664=ORIENTED_EDGE('',*,*,#7663,.T.);
#7666=ORIENTED_EDGE('',*,*,#7665,.T.);
#7668=ORIENTED_EDGE('',*,*,#7667,.T.);
#7669=ORIENTED_EDGE('',*,*,#7605,.T.);
#7670=EDGE_LOOP('',(#7634,#7636,#7638,#7639,#7641,#7643,#7645,#7647,#7649,#7651,
#7653,#7655,#7657,#7658,#7660,#7662,#7664,#7666,#7668,#7669));
#7671=FACE_OUTER_BOUND('',#7670,.F.);
#7672=ADVANCED_FACE('',(#7671),#7633,.F.);
#7673=CARTESIAN_POINT('',(-1.334E1,-1.68E0,9.25E-1));
#7674=DIRECTION('',(-4.619344188370E-1,-8.869140841670E-1,0.E0));
#7675=DIRECTION('',(8.869140841670E-1,-4.619344188370E-1,0.E0));
#7676=AXIS2_PLACEMENT_3D('',#7673,#7674,#7675);
#7677=PLANE('',#7676);
#7678=ORIENTED_EDGE('',*,*,#7472,.T.);
#7679=ORIENTED_EDGE('',*,*,#7619,.F.);
#7681=ORIENTED_EDGE('',*,*,#7680,.F.);
#7682=ORIENTED_EDGE('',*,*,#7665,.F.);
#7684=ORIENTED_EDGE('',*,*,#7683,.T.);
#7686=ORIENTED_EDGE('',*,*,#7685,.T.);
#7688=ORIENTED_EDGE('',*,*,#7687,.F.);
#7689=ORIENTED_EDGE('',*,*,#7635,.F.);
#7690=EDGE_LOOP('',(#7678,#7679,#7681,#7682,#7684,#7686,#7688,#7689));
#7691=FACE_OUTER_BOUND('',#7690,.F.);
#7692=ADVANCED_FACE('',(#7691),#7677,.T.);
#7693=CARTESIAN_POINT('',(-1.382E1,0.E0,-2.83E0));
#7694=DIRECTION('',(0.E0,0.E0,1.E0));
#7695=DIRECTION('',(1.E0,0.E0,0.E0));
#7696=AXIS2_PLACEMENT_3D('',#7693,#7694,#7695);
#7697=PLANE('',#7696);
#7698=ORIENTED_EDGE('',*,*,#7380,.T.);
#7700=ORIENTED_EDGE('',*,*,#7699,.T.);
#7702=ORIENTED_EDGE('',*,*,#7701,.T.);
#7703=ORIENTED_EDGE('',*,*,#7579,.F.);
#7705=ORIENTED_EDGE('',*,*,#7704,.T.);
#7707=ORIENTED_EDGE('',*,*,#7706,.T.);
#7709=ORIENTED_EDGE('',*,*,#7708,.T.);
#7711=ORIENTED_EDGE('',*,*,#7710,.T.);
#7713=ORIENTED_EDGE('',*,*,#7712,.T.);
#7715=ORIENTED_EDGE('',*,*,#7714,.T.);
#7716=ORIENTED_EDGE('',*,*,#7491,.F.);
#7717=EDGE_LOOP('',(#7698,#7700,#7702,#7703,#7705,#7707,#7709,#7711,#7713,#7715,
#7716));
#7718=FACE_OUTER_BOUND('',#7717,.F.);
#7719=ADVANCED_FACE('',(#7718),#7697,.F.);
#7720=CARTESIAN_POINT('',(-1.382E1,0.E0,-2.83E0));
#7721=DIRECTION('',(0.E0,0.E0,1.E0));
#7722=DIRECTION('',(1.E0,0.E0,0.E0));
#7723=AXIS2_PLACEMENT_3D('',#7720,#7721,#7722);
#7724=PLANE('',#7723);
#7725=ORIENTED_EDGE('',*,*,#7667,.F.);
#7726=ORIENTED_EDGE('',*,*,#7680,.T.);
#7727=ORIENTED_EDGE('',*,*,#7624,.T.);
#7729=ORIENTED_EDGE('',*,*,#7728,.T.);
#7731=ORIENTED_EDGE('',*,*,#7730,.T.);
#7733=ORIENTED_EDGE('',*,*,#7732,.T.);
#7735=ORIENTED_EDGE('',*,*,#7734,.T.);
#7737=ORIENTED_EDGE('',*,*,#7736,.F.);
#7738=ORIENTED_EDGE('',*,*,#7518,.F.);
#7739=ORIENTED_EDGE('',*,*,#7595,.T.);
#7740=ORIENTED_EDGE('',*,*,#7607,.T.);
#7741=EDGE_LOOP('',(#7725,#7726,#7727,#7729,#7731,#7733,#7735,#7737,#7738,#7739,
#7740));
#7742=FACE_OUTER_BOUND('',#7741,.F.);
#7743=ADVANCED_FACE('',(#7742),#7724,.F.);
#7744=CARTESIAN_POINT('',(1.307E1,-1.68E0,-2.19E0));
#7745=DIRECTION('',(0.E0,0.E0,1.E0));
#7746=DIRECTION('',(1.E0,0.E0,0.E0));
#7747=AXIS2_PLACEMENT_3D('',#7744,#7745,#7746);
#7748=CYLINDRICAL_SURFACE('',#7747,2.5E-1);
#7749=ORIENTED_EDGE('',*,*,#7378,.T.);
#7750=ORIENTED_EDGE('',*,*,#7442,.T.);
#7752=ORIENTED_EDGE('',*,*,#7751,.T.);
#7753=ORIENTED_EDGE('',*,*,#7699,.F.);
#7754=EDGE_LOOP('',(#7749,#7750,#7752,#7753));
#7755=FACE_OUTER_BOUND('',#7754,.F.);
#7756=ADVANCED_FACE('',(#7755),#7748,.F.);
#7757=CARTESIAN_POINT('',(1.307E1,-1.68E0,-2.19E0));
#7758=DIRECTION('',(0.E0,0.E0,1.E0));
#7759=DIRECTION('',(1.E0,0.E0,0.E0));
#7760=AXIS2_PLACEMENT_3D('',#7757,#7758,#7759);
#7761=CYLINDRICAL_SURFACE('',#7760,2.5E-1);
#7762=ORIENTED_EDGE('',*,*,#7493,.F.);
#7763=ORIENTED_EDGE('',*,*,#7714,.F.);
#7765=ORIENTED_EDGE('',*,*,#7764,.F.);
#7766=ORIENTED_EDGE('',*,*,#7426,.T.);
#7767=EDGE_LOOP('',(#7762,#7763,#7765,#7766));
#7768=FACE_OUTER_BOUND('',#7767,.F.);
#7769=ADVANCED_FACE('',(#7768),#7761,.F.);
#7770=CARTESIAN_POINT('',(1.282E1,-1.68E0,-2.19E0));
#7771=DIRECTION('',(1.E0,0.E0,0.E0));
#7772=DIRECTION('',(0.E0,1.E0,0.E0));
#7773=AXIS2_PLACEMENT_3D('',#7770,#7771,#7772);
#7774=PLANE('',#7773);
#7775=ORIENTED_EDGE('',*,*,#7581,.F.);
#7776=ORIENTED_EDGE('',*,*,#7701,.F.);
#7777=ORIENTED_EDGE('',*,*,#7751,.F.);
#7778=ORIENTED_EDGE('',*,*,#7440,.T.);
#7779=EDGE_LOOP('',(#7775,#7776,#7777,#7778));
#7780=FACE_OUTER_BOUND('',#7779,.F.);
#7781=ADVANCED_FACE('',(#7780),#7774,.T.);
#7782=CARTESIAN_POINT('',(1.377E1,-1.93E0,-2.19E0));
#7783=DIRECTION('',(0.E0,1.E0,0.E0));
#7784=DIRECTION('',(-1.E0,0.E0,0.E0));
#7785=AXIS2_PLACEMENT_3D('',#7782,#7783,#7784);
#7786=PLANE('',#7785);
#7787=ORIENTED_EDGE('',*,*,#7428,.T.);
#7788=ORIENTED_EDGE('',*,*,#7764,.T.);
#7789=ORIENTED_EDGE('',*,*,#7712,.F.);
#7791=ORIENTED_EDGE('',*,*,#7790,.F.);
#7792=EDGE_LOOP('',(#7787,#7788,#7789,#7791));
#7793=FACE_OUTER_BOUND('',#7792,.F.);
#7794=ADVANCED_FACE('',(#7793),#7786,.T.);
#7795=CARTESIAN_POINT('',(1.377E1,-2.33E0,-2.19E0));
#7796=DIRECTION('',(1.E0,0.E0,0.E0));
#7797=DIRECTION('',(0.E0,1.E0,0.E0));
#7798=AXIS2_PLACEMENT_3D('',#7795,#7796,#7797);
#7799=PLANE('',#7798);
#7800=ORIENTED_EDGE('',*,*,#7430,.T.);
#7801=ORIENTED_EDGE('',*,*,#7790,.T.);
#7802=ORIENTED_EDGE('',*,*,#7710,.F.);
#7804=ORIENTED_EDGE('',*,*,#7803,.F.);
#7805=EDGE_LOOP('',(#7800,#7801,#7802,#7804));
#7806=FACE_OUTER_BOUND('',#7805,.F.);
#7807=ADVANCED_FACE('',(#7806),#7799,.T.);
#7808=CARTESIAN_POINT('',(1.307E1,-2.33E0,-2.19E0));
#7809=DIRECTION('',(0.E0,-1.E0,0.E0));
#7810=DIRECTION('',(1.E0,0.E0,0.E0));
#7811=AXIS2_PLACEMENT_3D('',#7808,#7809,#7810);
#7812=PLANE('',#7811);
#7813=ORIENTED_EDGE('',*,*,#7432,.T.);
#7814=ORIENTED_EDGE('',*,*,#7803,.T.);
#7815=ORIENTED_EDGE('',*,*,#7708,.F.);
#7817=ORIENTED_EDGE('',*,*,#7816,.F.);
#7818=EDGE_LOOP('',(#7813,#7814,#7815,#7817));
#7819=FACE_OUTER_BOUND('',#7818,.F.);
#7820=ADVANCED_FACE('',(#7819),#7812,.T.);
#7821=CARTESIAN_POINT('',(1.307E1,-1.68E0,-2.19E0));
#7822=DIRECTION('',(0.E0,0.E0,1.E0));
#7823=DIRECTION('',(1.E0,0.E0,0.E0));
#7824=AXIS2_PLACEMENT_3D('',#7821,#7822,#7823);
#7825=CYLINDRICAL_SURFACE('',#7824,6.5E-1);
#7827=ORIENTED_EDGE('',*,*,#7826,.T.);
#7828=ORIENTED_EDGE('',*,*,#7434,.T.);
#7829=ORIENTED_EDGE('',*,*,#7816,.T.);
#7830=ORIENTED_EDGE('',*,*,#7706,.F.);
#7831=EDGE_LOOP('',(#7827,#7828,#7829,#7830));
#7832=FACE_OUTER_BOUND('',#7831,.F.);
#7833=ADVANCED_FACE('',(#7832),#7825,.T.);
#7834=CARTESIAN_POINT('',(1.242E1,-1.93E0,4.95E0));
#7835=DIRECTION('',(-1.E0,0.E0,0.E0));
#7836=DIRECTION('',(0.E0,0.E0,-1.E0));
#7837=AXIS2_PLACEMENT_3D('',#7834,#7835,#7836);
#7838=PLANE('',#7837);
#7839=ORIENTED_EDGE('',*,*,#7436,.T.);
#7840=ORIENTED_EDGE('',*,*,#7826,.F.);
#7841=ORIENTED_EDGE('',*,*,#7704,.F.);
#7842=ORIENTED_EDGE('',*,*,#7577,.T.);
#7844=ORIENTED_EDGE('',*,*,#7843,.T.);
#7846=ORIENTED_EDGE('',*,*,#7845,.F.);
#7848=ORIENTED_EDGE('',*,*,#7847,.T.);
#7850=ORIENTED_EDGE('',*,*,#7849,.F.);
#7852=ORIENTED_EDGE('',*,*,#7851,.T.);
#7853=ORIENTED_EDGE('',*,*,#7563,.T.);
#7855=ORIENTED_EDGE('',*,*,#7854,.T.);
#7857=ORIENTED_EDGE('',*,*,#7856,.F.);
#7859=ORIENTED_EDGE('',*,*,#7858,.F.);
#7860=ORIENTED_EDGE('',*,*,#7555,.T.);
#7861=EDGE_LOOP('',(#7839,#7840,#7841,#7842,#7844,#7846,#7848,#7850,#7852,#7853,
#7855,#7857,#7859,#7860));
#7862=FACE_OUTER_BOUND('',#7861,.F.);
#7863=ADVANCED_FACE('',(#7862),#7838,.F.);
#7864=CARTESIAN_POINT('',(-1.382E1,-2.47E0,-4.95E0));
#7865=DIRECTION('',(0.E0,0.E0,-1.E0));
#7866=DIRECTION('',(0.E0,1.E0,0.E0));
#7867=AXIS2_PLACEMENT_3D('',#7864,#7865,#7866);
#7868=PLANE('',#7867);
#7869=ORIENTED_EDGE('',*,*,#7388,.F.);
#7871=ORIENTED_EDGE('',*,*,#7870,.T.);
#7873=ORIENTED_EDGE('',*,*,#7872,.T.);
#7874=ORIENTED_EDGE('',*,*,#7171,.F.);
#7875=EDGE_LOOP('',(#7869,#7871,#7873,#7874));
#7876=FACE_OUTER_BOUND('',#7875,.F.);
#7877=ADVANCED_FACE('',(#7876),#7868,.T.);
#7878=CARTESIAN_POINT('',(-1.382E1,-2.47E0,-4.95E0));
#7879=DIRECTION('',(0.E0,0.E0,-1.E0));
#7880=DIRECTION('',(0.E0,1.E0,0.E0));
#7881=AXIS2_PLACEMENT_3D('',#7878,#7879,#7880);
#7882=PLANE('',#7881);
#7884=ORIENTED_EDGE('',*,*,#7883,.T.);
#7885=ORIENTED_EDGE('',*,*,#7659,.T.);
#7886=ORIENTED_EDGE('',*,*,#7185,.F.);
#7888=ORIENTED_EDGE('',*,*,#7887,.F.);
#7889=EDGE_LOOP('',(#7884,#7885,#7886,#7888));
#7890=FACE_OUTER_BOUND('',#7889,.F.);
#7891=ADVANCED_FACE('',(#7890),#7882,.T.);
#7892=CARTESIAN_POINT('',(-1.382E1,-2.47E0,-4.95E0));
#7893=DIRECTION('',(0.E0,0.E0,-1.E0));
#7894=DIRECTION('',(0.E0,1.E0,0.E0));
#7895=AXIS2_PLACEMENT_3D('',#7892,#7893,#7894);
#7896=PLANE('',#7895);
#7898=ORIENTED_EDGE('',*,*,#7897,.F.);
#7900=ORIENTED_EDGE('',*,*,#7899,.T.);
#7902=ORIENTED_EDGE('',*,*,#7901,.F.);
#7903=ORIENTED_EDGE('',*,*,#7221,.F.);
#7904=EDGE_LOOP('',(#7898,#7900,#7902,#7903));
#7905=FACE_OUTER_BOUND('',#7904,.F.);
#7906=ADVANCED_FACE('',(#7905),#7896,.T.);
#7907=CARTESIAN_POINT('',(-1.382E1,-2.47E0,-4.95E0));
#7908=DIRECTION('',(0.E0,0.E0,-1.E0));
#7909=DIRECTION('',(0.E0,1.E0,0.E0));
#7910=AXIS2_PLACEMENT_3D('',#7907,#7908,#7909);
#7911=PLANE('',#7910);
#7913=ORIENTED_EDGE('',*,*,#7912,.F.);
#7915=ORIENTED_EDGE('',*,*,#7914,.T.);
#7917=ORIENTED_EDGE('',*,*,#7916,.T.);
#7918=ORIENTED_EDGE('',*,*,#7241,.F.);
#7919=EDGE_LOOP('',(#7913,#7915,#7917,#7918));
#7920=FACE_OUTER_BOUND('',#7919,.F.);
#7921=ADVANCED_FACE('',(#7920),#7911,.T.);
#7922=CARTESIAN_POINT('',(-1.382E1,-2.47E0,-4.95E0));
#7923=DIRECTION('',(0.E0,0.E0,-1.E0));
#7924=DIRECTION('',(0.E0,1.E0,0.E0));
#7925=AXIS2_PLACEMENT_3D('',#7922,#7923,#7924);
#7926=PLANE('',#7925);
#7928=ORIENTED_EDGE('',*,*,#7927,.F.);
#7930=ORIENTED_EDGE('',*,*,#7929,.T.);
#7932=ORIENTED_EDGE('',*,*,#7931,.T.);
#7933=ORIENTED_EDGE('',*,*,#7261,.F.);
#7934=EDGE_LOOP('',(#7928,#7930,#7932,#7933));
#7935=FACE_OUTER_BOUND('',#7934,.F.);
#7936=ADVANCED_FACE('',(#7935),#7926,.T.);
#7937=CARTESIAN_POINT('',(-1.382E1,-2.47E0,-4.95E0));
#7938=DIRECTION('',(0.E0,0.E0,-1.E0));
#7939=DIRECTION('',(0.E0,1.E0,0.E0));
#7940=AXIS2_PLACEMENT_3D('',#7937,#7938,#7939);
#7941=PLANE('',#7940);
#7943=ORIENTED_EDGE('',*,*,#7942,.F.);
#7945=ORIENTED_EDGE('',*,*,#7944,.T.);
#7947=ORIENTED_EDGE('',*,*,#7946,.T.);
#7948=ORIENTED_EDGE('',*,*,#7281,.F.);
#7949=EDGE_LOOP('',(#7943,#7945,#7947,#7948));
#7950=FACE_OUTER_BOUND('',#7949,.F.);
#7951=ADVANCED_FACE('',(#7950),#7941,.T.);
#7952=CARTESIAN_POINT('',(-1.382E1,-2.47E0,-4.95E0));
#7953=DIRECTION('',(0.E0,0.E0,-1.E0));
#7954=DIRECTION('',(0.E0,1.E0,0.E0));
#7955=AXIS2_PLACEMENT_3D('',#7952,#7953,#7954);
#7956=PLANE('',#7955);
#7958=ORIENTED_EDGE('',*,*,#7957,.F.);
#7960=ORIENTED_EDGE('',*,*,#7959,.T.);
#7962=ORIENTED_EDGE('',*,*,#7961,.T.);
#7963=ORIENTED_EDGE('',*,*,#7301,.F.);
#7964=EDGE_LOOP('',(#7958,#7960,#7962,#7963));
#7965=FACE_OUTER_BOUND('',#7964,.F.);
#7966=ADVANCED_FACE('',(#7965),#7956,.T.);
#7967=CARTESIAN_POINT('',(-1.382E1,-2.47E0,-4.95E0));
#7968=DIRECTION('',(0.E0,0.E0,-1.E0));
#7969=DIRECTION('',(0.E0,1.E0,0.E0));
#7970=AXIS2_PLACEMENT_3D('',#7967,#7968,#7969);
#7971=PLANE('',#7970);
#7973=ORIENTED_EDGE('',*,*,#7972,.F.);
#7975=ORIENTED_EDGE('',*,*,#7974,.T.);
#7977=ORIENTED_EDGE('',*,*,#7976,.T.);
#7978=ORIENTED_EDGE('',*,*,#7321,.F.);
#7979=EDGE_LOOP('',(#7973,#7975,#7977,#7978));
#7980=FACE_OUTER_BOUND('',#7979,.F.);
#7981=ADVANCED_FACE('',(#7980),#7971,.T.);
#7982=CARTESIAN_POINT('',(-1.382E1,-2.47E0,-4.95E0));
#7983=DIRECTION('',(0.E0,0.E0,-1.E0));
#7984=DIRECTION('',(0.E0,1.E0,0.E0));
#7985=AXIS2_PLACEMENT_3D('',#7982,#7983,#7984);
#7986=PLANE('',#7985);
#7988=ORIENTED_EDGE('',*,*,#7987,.F.);
#7990=ORIENTED_EDGE('',*,*,#7989,.T.);
#7992=ORIENTED_EDGE('',*,*,#7991,.T.);
#7993=ORIENTED_EDGE('',*,*,#7340,.F.);
#7994=EDGE_LOOP('',(#7988,#7990,#7992,#7993));
#7995=FACE_OUTER_BOUND('',#7994,.F.);
#7996=ADVANCED_FACE('',(#7995),#7986,.T.);
#7997=CARTESIAN_POINT('',(-1.382E1,-2.47E0,-4.95E0));
#7998=DIRECTION('',(0.E0,0.E0,-1.E0));
#7999=DIRECTION('',(0.E0,1.E0,0.E0));
#8000=AXIS2_PLACEMENT_3D('',#7997,#7998,#7999);
#8001=PLANE('',#8000);
#8002=ORIENTED_EDGE('',*,*,#7522,.T.);
#8004=ORIENTED_EDGE('',*,*,#8003,.T.);
#8006=ORIENTED_EDGE('',*,*,#8005,.T.);
#8008=ORIENTED_EDGE('',*,*,#8007,.T.);
#8009=ORIENTED_EDGE('',*,*,#7362,.F.);
#8011=ORIENTED_EDGE('',*,*,#8010,.F.);
#8012=EDGE_LOOP('',(#8002,#8004,#8006,#8008,#8009,#8011));
#8013=FACE_OUTER_BOUND('',#8012,.F.);
#8014=ADVANCED_FACE('',(#8013),#8001,.T.);
#8015=CARTESIAN_POINT('',(-1.382E1,-2.47E0,-4.95E0));
#8016=DIRECTION('',(0.E0,0.E0,-1.E0));
#8017=DIRECTION('',(0.E0,1.E0,0.E0));
#8018=AXIS2_PLACEMENT_3D('',#8015,#8016,#8017);
#8019=PLANE('',#8018);
#8020=ORIENTED_EDGE('',*,*,#7575,.T.);
#8022=ORIENTED_EDGE('',*,*,#8021,.T.);
#8023=ORIENTED_EDGE('',*,*,#7203,.F.);
#8025=ORIENTED_EDGE('',*,*,#8024,.T.);
#8027=ORIENTED_EDGE('',*,*,#8026,.T.);
#8028=ORIENTED_EDGE('',*,*,#7843,.F.);
#8029=EDGE_LOOP('',(#8020,#8022,#8023,#8025,#8027,#8028));
#8030=FACE_OUTER_BOUND('',#8029,.F.);
#8031=ADVANCED_FACE('',(#8030),#8019,.T.);
#8032=CARTESIAN_POINT('',(-1.382E1,-2.47E0,-3.1E0));
#8033=DIRECTION('',(0.E0,-1.E0,0.E0));
#8034=DIRECTION('',(0.E0,0.E0,-1.E0));
#8035=AXIS2_PLACEMENT_3D('',#8032,#8033,#8034);
#8036=PLANE('',#8035);
#8037=ORIENTED_EDGE('',*,*,#7386,.F.);
#8039=ORIENTED_EDGE('',*,*,#8038,.T.);
#8041=ORIENTED_EDGE('',*,*,#8040,.T.);
#8042=ORIENTED_EDGE('',*,*,#7870,.F.);
#8043=EDGE_LOOP('',(#8037,#8039,#8041,#8042));
#8044=FACE_OUTER_BOUND('',#8043,.F.);
#8045=ADVANCED_FACE('',(#8044),#8036,.T.);
#8046=CARTESIAN_POINT('',(-1.382E1,-2.47E0,-3.1E0));
#8047=DIRECTION('',(0.E0,-1.E0,0.E0));
#8048=DIRECTION('',(0.E0,0.E0,-1.E0));
#8049=AXIS2_PLACEMENT_3D('',#8046,#8047,#8048);
#8050=PLANE('',#8049);
#8051=ORIENTED_EDGE('',*,*,#7661,.F.);
#8052=ORIENTED_EDGE('',*,*,#7883,.F.);
#8054=ORIENTED_EDGE('',*,*,#8053,.F.);
#8056=ORIENTED_EDGE('',*,*,#8055,.T.);
#8057=EDGE_LOOP('',(#8051,#8052,#8054,#8056));
#8058=FACE_OUTER_BOUND('',#8057,.F.);
#8059=ADVANCED_FACE('',(#8058),#8050,.T.);
#8060=CARTESIAN_POINT('',(-1.382E1,-1.93E0,-3.1E0));
#8061=DIRECTION('',(0.E0,0.E0,1.E0));
#8062=DIRECTION('',(0.E0,-1.E0,0.E0));
#8063=AXIS2_PLACEMENT_3D('',#8060,#8061,#8062);
#8064=PLANE('',#8063);
#8065=ORIENTED_EDGE('',*,*,#7384,.T.);
#8066=ORIENTED_EDGE('',*,*,#7488,.F.);
#8068=ORIENTED_EDGE('',*,*,#8067,.T.);
#8069=ORIENTED_EDGE('',*,*,#8038,.F.);
#8070=EDGE_LOOP('',(#8065,#8066,#8068,#8069));
#8071=FACE_OUTER_BOUND('',#8070,.F.);
#8072=ADVANCED_FACE('',(#8071),#8064,.T.);
#8073=CARTESIAN_POINT('',(-1.382E1,-1.93E0,-3.1E0));
#8074=DIRECTION('',(0.E0,0.E0,1.E0));
#8075=DIRECTION('',(0.E0,-1.E0,0.E0));
#8076=AXIS2_PLACEMENT_3D('',#8073,#8074,#8075);
#8077=PLANE('',#8076);
#8078=ORIENTED_EDGE('',*,*,#7663,.F.);
#8079=ORIENTED_EDGE('',*,*,#8055,.F.);
#8081=ORIENTED_EDGE('',*,*,#8080,.T.);
#8082=ORIENTED_EDGE('',*,*,#7683,.F.);
#8083=EDGE_LOOP('',(#8078,#8079,#8081,#8082));
#8084=FACE_OUTER_BOUND('',#8083,.F.);
#8085=ADVANCED_FACE('',(#8084),#8077,.T.);
#8086=CARTESIAN_POINT('',(1.382E1,0.E0,0.E0));
#8087=DIRECTION('',(1.E0,0.E0,0.E0));
#8088=DIRECTION('',(0.E0,0.E0,-1.E0));
#8089=AXIS2_PLACEMENT_3D('',#8086,#8087,#8088);
#8090=PLANE('',#8089);
#8091=ORIENTED_EDGE('',*,*,#7567,.F.);
#8093=ORIENTED_EDGE('',*,*,#8092,.F.);
#8095=ORIENTED_EDGE('',*,*,#8094,.T.);
#8097=ORIENTED_EDGE('',*,*,#8096,.F.);
#8099=ORIENTED_EDGE('',*,*,#8098,.F.);
#8101=ORIENTED_EDGE('',*,*,#8100,.F.);
#8103=ORIENTED_EDGE('',*,*,#8102,.F.);
#8105=ORIENTED_EDGE('',*,*,#8104,.F.);
#8107=ORIENTED_EDGE('',*,*,#8106,.T.);
#8109=ORIENTED_EDGE('',*,*,#8108,.T.);
#8111=ORIENTED_EDGE('',*,*,#8110,.T.);
#8113=ORIENTED_EDGE('',*,*,#8112,.F.);
#8114=ORIENTED_EDGE('',*,*,#7173,.F.);
#8115=ORIENTED_EDGE('',*,*,#7872,.F.);
#8116=ORIENTED_EDGE('',*,*,#8040,.F.);
#8117=ORIENTED_EDGE('',*,*,#8067,.F.);
#8118=ORIENTED_EDGE('',*,*,#7486,.F.);
#8119=EDGE_LOOP('',(#8091,#8093,#8095,#8097,#8099,#8101,#8103,#8105,#8107,#8109,
#8111,#8113,#8114,#8115,#8116,#8117,#8118));
#8120=FACE_OUTER_BOUND('',#8119,.F.);
#8122=ORIENTED_EDGE('',*,*,#8121,.T.);
#8124=ORIENTED_EDGE('',*,*,#8123,.T.);
#8126=ORIENTED_EDGE('',*,*,#8125,.T.);
#8128=ORIENTED_EDGE('',*,*,#8127,.T.);
#8130=ORIENTED_EDGE('',*,*,#8129,.T.);
#8132=ORIENTED_EDGE('',*,*,#8131,.T.);
#8134=ORIENTED_EDGE('',*,*,#8133,.T.);
#8135=EDGE_LOOP('',(#8122,#8124,#8126,#8128,#8130,#8132,#8134));
#8136=FACE_BOUND('',#8135,.F.);
#8137=ADVANCED_FACE('',(#8120,#8136),#8090,.T.);
#8138=CARTESIAN_POINT('',(1.312E1,0.E0,4.25E0));
#8139=DIRECTION('',(7.071067811865E-1,0.E0,7.071067811865E-1));
#8140=DIRECTION('',(-7.071067811865E-1,0.E0,7.071067811865E-1));
#8141=AXIS2_PLACEMENT_3D('',#8138,#8139,#8140);
#8142=PLANE('',#8141);
#8144=ORIENTED_EDGE('',*,*,#8143,.T.);
#8146=ORIENTED_EDGE('',*,*,#8145,.F.);
#8148=ORIENTED_EDGE('',*,*,#8147,.T.);
#8149=ORIENTED_EDGE('',*,*,#8096,.T.);
#8150=EDGE_LOOP('',(#8144,#8146,#8148,#8149));
#8151=FACE_OUTER_BOUND('',#8150,.F.);
#8152=ADVANCED_FACE('',(#8151),#8142,.T.);
#8153=CARTESIAN_POINT('',(1.312E1,0.E0,4.25E0));
#8154=DIRECTION('',(7.071067811865E-1,0.E0,7.071067811865E-1));
#8155=DIRECTION('',(-7.071067811865E-1,0.E0,7.071067811865E-1));
#8156=AXIS2_PLACEMENT_3D('',#8153,#8154,#8155);
#8157=PLANE('',#8156);
#8158=ORIENTED_EDGE('',*,*,#7565,.T.);
#8160=ORIENTED_EDGE('',*,*,#8159,.F.);
#8162=ORIENTED_EDGE('',*,*,#8161,.F.);
#8163=ORIENTED_EDGE('',*,*,#8092,.T.);
#8164=EDGE_LOOP('',(#8158,#8160,#8162,#8163));
#8165=FACE_OUTER_BOUND('',#8164,.F.);
#8166=ADVANCED_FACE('',(#8165),#8157,.T.);
#8167=CARTESIAN_POINT('',(-1.382E1,1.25E0,-4.95E0));
#8168=DIRECTION('',(0.E0,1.E0,0.E0));
#8169=DIRECTION('',(1.E0,0.E0,0.E0));
#8170=AXIS2_PLACEMENT_3D('',#8167,#8168,#8169);
#8171=PLANE('',#8170);
#8173=ORIENTED_EDGE('',*,*,#8172,.T.);
#8175=ORIENTED_EDGE('',*,*,#8174,.T.);
#8176=ORIENTED_EDGE('',*,*,#8143,.F.);
#8177=EDGE_LOOP('',(#8173,#8175,#8176));
#8178=FACE_OUTER_BOUND('',#8177,.F.);
#8179=ADVANCED_FACE('',(#8178),#8171,.F.);
#8180=CARTESIAN_POINT('',(-1.382E1,1.25E0,-4.95E0));
#8181=DIRECTION('',(0.E0,1.E0,0.E0));
#8182=DIRECTION('',(1.E0,0.E0,0.E0));
#8183=AXIS2_PLACEMENT_3D('',#8180,#8181,#8182);
#8184=PLANE('',#8183);
#8186=ORIENTED_EDGE('',*,*,#8185,.T.);
#8188=ORIENTED_EDGE('',*,*,#8187,.T.);
#8190=ORIENTED_EDGE('',*,*,#8189,.T.);
#8191=EDGE_LOOP('',(#8186,#8188,#8190));
#8192=FACE_OUTER_BOUND('',#8191,.F.);
#8193=ADVANCED_FACE('',(#8192),#8184,.F.);
#8194=CARTESIAN_POINT('',(1.382E1,1.25E0,3.55E0));
#8195=DIRECTION('',(0.E0,0.E0,-1.E0));
#8196=DIRECTION('',(-1.E0,0.E0,0.E0));
#8197=AXIS2_PLACEMENT_3D('',#8194,#8195,#8196);
#8198=PLANE('',#8197);
#8199=ORIENTED_EDGE('',*,*,#8094,.F.);
#8201=ORIENTED_EDGE('',*,*,#8200,.T.);
#8203=ORIENTED_EDGE('',*,*,#8202,.F.);
#8204=ORIENTED_EDGE('',*,*,#8172,.F.);
#8205=EDGE_LOOP('',(#8199,#8201,#8203,#8204));
#8206=FACE_OUTER_BOUND('',#8205,.F.);
#8207=ADVANCED_FACE('',(#8206),#8198,.F.);
#8208=CARTESIAN_POINT('',(-1.382E1,-7.5E-1,-4.95E0));
#8209=DIRECTION('',(0.E0,1.E0,0.E0));
#8210=DIRECTION('',(1.E0,0.E0,0.E0));
#8211=AXIS2_PLACEMENT_3D('',#8208,#8209,#8210);
#8212=PLANE('',#8211);
#8213=ORIENTED_EDGE('',*,*,#8200,.F.);
#8214=ORIENTED_EDGE('',*,*,#8161,.T.);
#8216=ORIENTED_EDGE('',*,*,#8215,.F.);
#8217=EDGE_LOOP('',(#8213,#8214,#8216));
#8218=FACE_OUTER_BOUND('',#8217,.F.);
#8219=ADVANCED_FACE('',(#8218),#8212,.T.);
#8220=CARTESIAN_POINT('',(-1.382E1,-7.5E-1,-4.95E0));
#8221=DIRECTION('',(0.E0,1.E0,0.E0));
#8222=DIRECTION('',(1.E0,0.E0,0.E0));
#8223=AXIS2_PLACEMENT_3D('',#8220,#8221,#8222);
#8224=PLANE('',#8223);
#8226=ORIENTED_EDGE('',*,*,#8225,.F.);
#8228=ORIENTED_EDGE('',*,*,#8227,.F.);
#8230=ORIENTED_EDGE('',*,*,#8229,.F.);
#8231=EDGE_LOOP('',(#8226,#8228,#8230));
#8232=FACE_OUTER_BOUND('',#8231,.F.);
#8233=ADVANCED_FACE('',(#8232),#8224,.T.);
#8234=CARTESIAN_POINT('',(1.242E1,1.25E0,3.55E0));
#8235=DIRECTION('',(-1.E0,0.E0,0.E0));
#8236=DIRECTION('',(0.E0,0.E0,1.E0));
#8237=AXIS2_PLACEMENT_3D('',#8234,#8235,#8236);
#8238=PLANE('',#8237);
#8240=ORIENTED_EDGE('',*,*,#8239,.T.);
#8241=ORIENTED_EDGE('',*,*,#8174,.F.);
#8242=ORIENTED_EDGE('',*,*,#8202,.T.);
#8243=ORIENTED_EDGE('',*,*,#8215,.T.);
#8244=EDGE_LOOP('',(#8240,#8241,#8242,#8243));
#8245=FACE_OUTER_BOUND('',#8244,.F.);
#8246=ADVANCED_FACE('',(#8245),#8238,.F.);
#8247=CARTESIAN_POINT('',(-1.382E1,1.93E0,4.95E0));
#8248=DIRECTION('',(0.E0,0.E0,1.E0));
#8249=DIRECTION('',(0.E0,-1.E0,0.E0));
#8250=AXIS2_PLACEMENT_3D('',#8247,#8248,#8249);
#8251=PLANE('',#8250);
#8253=ORIENTED_EDGE('',*,*,#8252,.T.);
#8255=ORIENTED_EDGE('',*,*,#8254,.T.);
#8257=ORIENTED_EDGE('',*,*,#8256,.T.);
#8259=ORIENTED_EDGE('',*,*,#8258,.T.);
#8260=ORIENTED_EDGE('',*,*,#8145,.T.);
#8261=ORIENTED_EDGE('',*,*,#8239,.F.);
#8262=ORIENTED_EDGE('',*,*,#8159,.T.);
#8263=ORIENTED_EDGE('',*,*,#7851,.F.);
#8265=ORIENTED_EDGE('',*,*,#8264,.F.);
#8267=ORIENTED_EDGE('',*,*,#8266,.T.);
#8268=EDGE_LOOP('',(#8253,#8255,#8257,#8259,#8260,#8261,#8262,#8263,#8265,
#8267));
#8269=FACE_OUTER_BOUND('',#8268,.F.);
#8271=ORIENTED_EDGE('',*,*,#8270,.T.);
#8273=ORIENTED_EDGE('',*,*,#8272,.F.);
#8275=ORIENTED_EDGE('',*,*,#8274,.F.);
#8277=ORIENTED_EDGE('',*,*,#8276,.F.);
#8279=ORIENTED_EDGE('',*,*,#8278,.F.);
#8280=EDGE_LOOP('',(#8271,#8273,#8275,#8277,#8279));
#8281=FACE_BOUND('',#8280,.F.);
#8283=ORIENTED_EDGE('',*,*,#8282,.F.);
#8285=ORIENTED_EDGE('',*,*,#8284,.F.);
#8287=ORIENTED_EDGE('',*,*,#8286,.F.);
#8289=ORIENTED_EDGE('',*,*,#8288,.F.);
#8291=ORIENTED_EDGE('',*,*,#8290,.F.);
#8292=EDGE_LOOP('',(#8283,#8285,#8287,#8289,#8291));
#8293=FACE_BOUND('',#8292,.F.);
#8295=ORIENTED_EDGE('',*,*,#8294,.F.);
#8297=ORIENTED_EDGE('',*,*,#8296,.F.);
#8299=ORIENTED_EDGE('',*,*,#8298,.F.);
#8301=ORIENTED_EDGE('',*,*,#8300,.F.);
#8303=ORIENTED_EDGE('',*,*,#8302,.F.);
#8304=EDGE_LOOP('',(#8295,#8297,#8299,#8301,#8303));
#8305=FACE_BOUND('',#8304,.F.);
#8307=ORIENTED_EDGE('',*,*,#8306,.F.);
#8309=ORIENTED_EDGE('',*,*,#8308,.F.);
#8311=ORIENTED_EDGE('',*,*,#8310,.F.);
#8313=ORIENTED_EDGE('',*,*,#8312,.F.);
#8315=ORIENTED_EDGE('',*,*,#8314,.F.);
#8316=EDGE_LOOP('',(#8307,#8309,#8311,#8313,#8315));
#8317=FACE_BOUND('',#8316,.F.);
#8319=ORIENTED_EDGE('',*,*,#8318,.F.);
#8321=ORIENTED_EDGE('',*,*,#8320,.F.);
#8323=ORIENTED_EDGE('',*,*,#8322,.F.);
#8325=ORIENTED_EDGE('',*,*,#8324,.F.);
#8327=ORIENTED_EDGE('',*,*,#8326,.F.);
#8328=EDGE_LOOP('',(#8319,#8321,#8323,#8325,#8327));
#8329=FACE_BOUND('',#8328,.F.);
#8331=ORIENTED_EDGE('',*,*,#8330,.F.);
#8333=ORIENTED_EDGE('',*,*,#8332,.F.);
#8335=ORIENTED_EDGE('',*,*,#8334,.T.);
#8337=ORIENTED_EDGE('',*,*,#8336,.F.);
#8339=ORIENTED_EDGE('',*,*,#8338,.F.);
#8340=EDGE_LOOP('',(#8331,#8333,#8335,#8337,#8339));
#8341=FACE_BOUND('',#8340,.F.);
#8343=ORIENTED_EDGE('',*,*,#8342,.F.);
#8345=ORIENTED_EDGE('',*,*,#8344,.F.);
#8347=ORIENTED_EDGE('',*,*,#8346,.F.);
#8349=ORIENTED_EDGE('',*,*,#8348,.F.);
#8350=EDGE_LOOP('',(#8343,#8345,#8347,#8349));
#8351=FACE_BOUND('',#8350,.F.);
#8353=ORIENTED_EDGE('',*,*,#8352,.F.);
#8355=ORIENTED_EDGE('',*,*,#8354,.F.);
#8357=ORIENTED_EDGE('',*,*,#8356,.F.);
#8359=ORIENTED_EDGE('',*,*,#8358,.F.);
#8360=EDGE_LOOP('',(#8353,#8355,#8357,#8359));
#8361=FACE_BOUND('',#8360,.F.);
#8362=ADVANCED_FACE('',(#8269,#8281,#8293,#8305,#8317,#8329,#8341,#8351,#8361),
#8251,.T.);
#8363=CARTESIAN_POINT('',(-9.23E0,1.27E0,4.95E0));
#8364=DIRECTION('',(-1.E0,0.E0,0.E0));
#8365=DIRECTION('',(0.E0,-1.E0,0.E0));
#8366=AXIS2_PLACEMENT_3D('',#8363,#8364,#8365);
#8367=PLANE('',#8366);
#8368=ORIENTED_EDGE('',*,*,#8352,.T.);
#8370=ORIENTED_EDGE('',*,*,#8369,.T.);
#8372=ORIENTED_EDGE('',*,*,#8371,.F.);
#8374=ORIENTED_EDGE('',*,*,#8373,.F.);
#8375=EDGE_LOOP('',(#8368,#8370,#8372,#8374));
#8376=FACE_OUTER_BOUND('',#8375,.F.);
#8377=ADVANCED_FACE('',(#8376),#8367,.T.);
#8378=CARTESIAN_POINT('',(-9.23E0,-1.27E0,4.95E0));
#8379=DIRECTION('',(0.E0,1.E0,0.E0));
#8380=DIRECTION('',(-1.E0,0.E0,0.E0));
#8381=AXIS2_PLACEMENT_3D('',#8378,#8379,#8380);
#8382=PLANE('',#8381);
#8383=ORIENTED_EDGE('',*,*,#8358,.T.);
#8385=ORIENTED_EDGE('',*,*,#8384,.T.);
#8387=ORIENTED_EDGE('',*,*,#8386,.F.);
#8388=ORIENTED_EDGE('',*,*,#8369,.F.);
#8389=EDGE_LOOP('',(#8383,#8385,#8387,#8388));
#8390=FACE_OUTER_BOUND('',#8389,.F.);
#8391=ADVANCED_FACE('',(#8390),#8382,.T.);
#8392=CARTESIAN_POINT('',(-1.177E1,-1.27E0,4.95E0));
#8393=DIRECTION('',(1.E0,0.E0,0.E0));
#8394=DIRECTION('',(0.E0,1.E0,0.E0));
#8395=AXIS2_PLACEMENT_3D('',#8392,#8393,#8394);
#8396=PLANE('',#8395);
#8397=ORIENTED_EDGE('',*,*,#8356,.T.);
#8399=ORIENTED_EDGE('',*,*,#8398,.T.);
#8401=ORIENTED_EDGE('',*,*,#8400,.F.);
#8402=ORIENTED_EDGE('',*,*,#8384,.F.);
#8403=EDGE_LOOP('',(#8397,#8399,#8401,#8402));
#8404=FACE_OUTER_BOUND('',#8403,.F.);
#8405=ADVANCED_FACE('',(#8404),#8396,.T.);
#8406=CARTESIAN_POINT('',(-1.177E1,1.27E0,4.95E0));
#8407=DIRECTION('',(0.E0,-1.E0,0.E0));
#8408=DIRECTION('',(1.E0,0.E0,0.E0));
#8409=AXIS2_PLACEMENT_3D('',#8406,#8407,#8408);
#8410=PLANE('',#8409);
#8411=ORIENTED_EDGE('',*,*,#8354,.T.);
#8412=ORIENTED_EDGE('',*,*,#8373,.T.);
#8414=ORIENTED_EDGE('',*,*,#8413,.F.);
#8415=ORIENTED_EDGE('',*,*,#8398,.F.);
#8416=EDGE_LOOP('',(#8411,#8412,#8414,#8415));
#8417=FACE_OUTER_BOUND('',#8416,.F.);
#8418=ADVANCED_FACE('',(#8417),#8410,.T.);
#8419=CARTESIAN_POINT('',(1.382E1,1.93E0,-1.65E0));
#8420=DIRECTION('',(0.E0,0.E0,-1.E0));
#8421=DIRECTION('',(-1.E0,0.E0,0.E0));
#8422=AXIS2_PLACEMENT_3D('',#8419,#8420,#8421);
#8423=PLANE('',#8422);
#8424=ORIENTED_EDGE('',*,*,#8371,.T.);
#8425=ORIENTED_EDGE('',*,*,#8386,.T.);
#8426=ORIENTED_EDGE('',*,*,#8400,.T.);
#8427=ORIENTED_EDGE('',*,*,#8413,.T.);
#8428=EDGE_LOOP('',(#8424,#8425,#8426,#8427));
#8429=FACE_OUTER_BOUND('',#8428,.F.);
#8431=ORIENTED_EDGE('',*,*,#8430,.T.);
#8433=ORIENTED_EDGE('',*,*,#8432,.F.);
#8435=ORIENTED_EDGE('',*,*,#8434,.F.);
#8437=ORIENTED_EDGE('',*,*,#8436,.T.);
#8438=EDGE_LOOP('',(#8431,#8433,#8435,#8437));
#8439=FACE_BOUND('',#8438,.F.);
#8440=ADVANCED_FACE('',(#8429,#8439),#8423,.F.);
#8441=CARTESIAN_POINT('',(1.382E1,1.93E0,-1.65E0));
#8442=DIRECTION('',(0.E0,0.E0,-1.E0));
#8443=DIRECTION('',(-1.E0,0.E0,0.E0));
#8444=AXIS2_PLACEMENT_3D('',#8441,#8442,#8443);
#8445=PLANE('',#8444);
#8447=ORIENTED_EDGE('',*,*,#8446,.T.);
#8449=ORIENTED_EDGE('',*,*,#8448,.T.);
#8451=ORIENTED_EDGE('',*,*,#8450,.T.);
#8453=ORIENTED_EDGE('',*,*,#8452,.T.);
#8455=ORIENTED_EDGE('',*,*,#8454,.T.);
#8456=EDGE_LOOP('',(#8447,#8449,#8451,#8453,#8455));
#8457=FACE_OUTER_BOUND('',#8456,.F.);
#8458=ORIENTED_EDGE('',*,*,#7157,.T.);
#8460=ORIENTED_EDGE('',*,*,#8459,.F.);
#8462=ORIENTED_EDGE('',*,*,#8461,.F.);
#8464=ORIENTED_EDGE('',*,*,#8463,.T.);
#8465=EDGE_LOOP('',(#8458,#8460,#8462,#8464));
#8466=FACE_BOUND('',#8465,.F.);
#8467=ADVANCED_FACE('',(#8457,#8466),#8445,.F.);
#8468=CARTESIAN_POINT('',(1.382E1,1.93E0,-1.65E0));
#8469=DIRECTION('',(0.E0,0.E0,-1.E0));
#8470=DIRECTION('',(-1.E0,0.E0,0.E0));
#8471=AXIS2_PLACEMENT_3D('',#8468,#8469,#8470);
#8472=PLANE('',#8471);
#8474=ORIENTED_EDGE('',*,*,#8473,.T.);
#8476=ORIENTED_EDGE('',*,*,#8475,.T.);
#8478=ORIENTED_EDGE('',*,*,#8477,.T.);
#8480=ORIENTED_EDGE('',*,*,#8479,.T.);
#8482=ORIENTED_EDGE('',*,*,#8481,.T.);
#8483=EDGE_LOOP('',(#8474,#8476,#8478,#8480,#8482));
#8484=FACE_OUTER_BOUND('',#8483,.F.);
#8486=ORIENTED_EDGE('',*,*,#8485,.T.);
#8488=ORIENTED_EDGE('',*,*,#8487,.F.);
#8490=ORIENTED_EDGE('',*,*,#8489,.F.);
#8492=ORIENTED_EDGE('',*,*,#8491,.T.);
#8493=EDGE_LOOP('',(#8486,#8488,#8490,#8492));
#8494=FACE_BOUND('',#8493,.F.);
#8495=ADVANCED_FACE('',(#8484,#8494),#8472,.F.);
#8496=CARTESIAN_POINT('',(1.382E1,1.93E0,-1.65E0));
#8497=DIRECTION('',(0.E0,0.E0,-1.E0));
#8498=DIRECTION('',(-1.E0,0.E0,0.E0));
#8499=AXIS2_PLACEMENT_3D('',#8496,#8497,#8498);
#8500=PLANE('',#8499);
#8502=ORIENTED_EDGE('',*,*,#8501,.T.);
#8504=ORIENTED_EDGE('',*,*,#8503,.T.);
#8506=ORIENTED_EDGE('',*,*,#8505,.T.);
#8508=ORIENTED_EDGE('',*,*,#8507,.T.);
#8510=ORIENTED_EDGE('',*,*,#8509,.T.);
#8511=EDGE_LOOP('',(#8502,#8504,#8506,#8508,#8510));
#8512=FACE_OUTER_BOUND('',#8511,.F.);
#8514=ORIENTED_EDGE('',*,*,#8513,.T.);
#8516=ORIENTED_EDGE('',*,*,#8515,.F.);
#8518=ORIENTED_EDGE('',*,*,#8517,.F.);
#8520=ORIENTED_EDGE('',*,*,#8519,.T.);
#8521=EDGE_LOOP('',(#8514,#8516,#8518,#8520));
#8522=FACE_BOUND('',#8521,.F.);
#8523=ADVANCED_FACE('',(#8512,#8522),#8500,.F.);
#8524=CARTESIAN_POINT('',(1.382E1,1.93E0,-1.65E0));
#8525=DIRECTION('',(0.E0,0.E0,-1.E0));
#8526=DIRECTION('',(-1.E0,0.E0,0.E0));
#8527=AXIS2_PLACEMENT_3D('',#8524,#8525,#8526);
#8528=PLANE('',#8527);
#8530=ORIENTED_EDGE('',*,*,#8529,.T.);
#8532=ORIENTED_EDGE('',*,*,#8531,.T.);
#8534=ORIENTED_EDGE('',*,*,#8533,.T.);
#8536=ORIENTED_EDGE('',*,*,#8535,.T.);
#8538=ORIENTED_EDGE('',*,*,#8537,.T.);
#8539=EDGE_LOOP('',(#8530,#8532,#8534,#8536,#8538));
#8540=FACE_OUTER_BOUND('',#8539,.F.);
#8542=ORIENTED_EDGE('',*,*,#8541,.T.);
#8544=ORIENTED_EDGE('',*,*,#8543,.F.);
#8546=ORIENTED_EDGE('',*,*,#8545,.F.);
#8548=ORIENTED_EDGE('',*,*,#8547,.T.);
#8549=EDGE_LOOP('',(#8542,#8544,#8546,#8548));
#8550=FACE_BOUND('',#8549,.F.);
#8551=ADVANCED_FACE('',(#8540,#8550),#8528,.F.);
#8552=CARTESIAN_POINT('',(1.382E1,1.93E0,-1.65E0));
#8553=DIRECTION('',(0.E0,0.E0,-1.E0));
#8554=DIRECTION('',(-1.E0,0.E0,0.E0));
#8555=AXIS2_PLACEMENT_3D('',#8552,#8553,#8554);
#8556=PLANE('',#8555);
#8558=ORIENTED_EDGE('',*,*,#8557,.T.);
#8560=ORIENTED_EDGE('',*,*,#8559,.T.);
#8562=ORIENTED_EDGE('',*,*,#8561,.T.);
#8564=ORIENTED_EDGE('',*,*,#8563,.T.);
#8566=ORIENTED_EDGE('',*,*,#8565,.T.);
#8567=EDGE_LOOP('',(#8558,#8560,#8562,#8564,#8566));
#8568=FACE_OUTER_BOUND('',#8567,.F.);
#8570=ORIENTED_EDGE('',*,*,#8569,.T.);
#8572=ORIENTED_EDGE('',*,*,#8571,.F.);
#8574=ORIENTED_EDGE('',*,*,#8573,.F.);
#8576=ORIENTED_EDGE('',*,*,#8575,.T.);
#8577=EDGE_LOOP('',(#8570,#8572,#8574,#8576));
#8578=FACE_BOUND('',#8577,.F.);
#8579=ADVANCED_FACE('',(#8568,#8578),#8556,.F.);
#8580=CARTESIAN_POINT('',(1.382E1,1.93E0,-1.65E0));
#8581=DIRECTION('',(0.E0,0.E0,-1.E0));
#8582=DIRECTION('',(-1.E0,0.E0,0.E0));
#8583=AXIS2_PLACEMENT_3D('',#8580,#8581,#8582);
#8584=PLANE('',#8583);
#8586=ORIENTED_EDGE('',*,*,#8585,.T.);
#8588=ORIENTED_EDGE('',*,*,#8587,.T.);
#8590=ORIENTED_EDGE('',*,*,#8589,.T.);
#8592=ORIENTED_EDGE('',*,*,#8591,.T.);
#8594=ORIENTED_EDGE('',*,*,#8593,.T.);
#8595=EDGE_LOOP('',(#8586,#8588,#8590,#8592,#8594));
#8596=FACE_OUTER_BOUND('',#8595,.F.);
#8598=ORIENTED_EDGE('',*,*,#8597,.T.);
#8600=ORIENTED_EDGE('',*,*,#8599,.F.);
#8602=ORIENTED_EDGE('',*,*,#8601,.F.);
#8604=ORIENTED_EDGE('',*,*,#8603,.T.);
#8605=EDGE_LOOP('',(#8598,#8600,#8602,#8604));
#8606=FACE_BOUND('',#8605,.F.);
#8607=ADVANCED_FACE('',(#8596,#8606),#8584,.F.);
#8608=CARTESIAN_POINT('',(1.382E1,1.93E0,-1.65E0));
#8609=DIRECTION('',(0.E0,0.E0,-1.E0));
#8610=DIRECTION('',(-1.E0,0.E0,0.E0));
#8611=AXIS2_PLACEMENT_3D('',#8608,#8609,#8610);
#8612=PLANE('',#8611);
#8614=ORIENTED_EDGE('',*,*,#8613,.T.);
#8616=ORIENTED_EDGE('',*,*,#8615,.T.);
#8618=ORIENTED_EDGE('',*,*,#8617,.T.);
#8620=ORIENTED_EDGE('',*,*,#8619,.T.);
#8621=EDGE_LOOP('',(#8614,#8616,#8618,#8620));
#8622=FACE_OUTER_BOUND('',#8621,.F.);
#8624=ORIENTED_EDGE('',*,*,#8623,.T.);
#8626=ORIENTED_EDGE('',*,*,#8625,.F.);
#8628=ORIENTED_EDGE('',*,*,#8627,.F.);
#8630=ORIENTED_EDGE('',*,*,#8629,.T.);
#8631=EDGE_LOOP('',(#8624,#8626,#8628,#8630));
#8632=FACE_BOUND('',#8631,.F.);
#8633=ADVANCED_FACE('',(#8622,#8632),#8612,.F.);
#8634=CARTESIAN_POINT('',(-6.93E0,-1.27E0,4.95E0));
#8635=DIRECTION('',(0.E0,1.E0,0.E0));
#8636=DIRECTION('',(-1.E0,0.E0,0.E0));
#8637=AXIS2_PLACEMENT_3D('',#8634,#8635,#8636);
#8638=PLANE('',#8637);
#8639=ORIENTED_EDGE('',*,*,#8270,.F.);
#8641=ORIENTED_EDGE('',*,*,#8640,.T.);
#8642=ORIENTED_EDGE('',*,*,#8446,.F.);
#8644=ORIENTED_EDGE('',*,*,#8643,.F.);
#8645=EDGE_LOOP('',(#8639,#8641,#8642,#8644));
#8646=FACE_OUTER_BOUND('',#8645,.F.);
#8647=ADVANCED_FACE('',(#8646),#8638,.T.);
#8648=CARTESIAN_POINT('',(-8.77E0,-1.27E0,4.95E0));
#8649=DIRECTION('',(1.E0,0.E0,0.E0));
#8650=DIRECTION('',(0.E0,1.E0,0.E0));
#8651=AXIS2_PLACEMENT_3D('',#8648,#8649,#8650);
#8652=PLANE('',#8651);
#8653=ORIENTED_EDGE('',*,*,#8278,.T.);
#8655=ORIENTED_EDGE('',*,*,#8654,.T.);
#8656=ORIENTED_EDGE('',*,*,#8448,.F.);
#8657=ORIENTED_EDGE('',*,*,#8640,.F.);
#8658=EDGE_LOOP('',(#8653,#8655,#8656,#8657));
#8659=FACE_OUTER_BOUND('',#8658,.F.);
#8660=ADVANCED_FACE('',(#8659),#8652,.T.);
#8661=CARTESIAN_POINT('',(-8.77E0,1.27E0,4.95E0));
#8662=DIRECTION('',(0.E0,-1.E0,0.E0));
#8663=DIRECTION('',(1.E0,0.E0,0.E0));
#8664=AXIS2_PLACEMENT_3D('',#8661,#8662,#8663);
#8665=PLANE('',#8664);
#8666=ORIENTED_EDGE('',*,*,#8276,.T.);
#8668=ORIENTED_EDGE('',*,*,#8667,.T.);
#8669=ORIENTED_EDGE('',*,*,#8450,.F.);
#8670=ORIENTED_EDGE('',*,*,#8654,.F.);
#8671=EDGE_LOOP('',(#8666,#8668,#8669,#8670));
#8672=FACE_OUTER_BOUND('',#8671,.F.);
#8673=ADVANCED_FACE('',(#8672),#8665,.T.);
#8674=CARTESIAN_POINT('',(-6.23E0,1.27E0,4.95E0));
#8675=DIRECTION('',(-1.E0,0.E0,0.E0));
#8676=DIRECTION('',(0.E0,-1.E0,0.E0));
#8677=AXIS2_PLACEMENT_3D('',#8674,#8675,#8676);
#8678=PLANE('',#8677);
#8679=ORIENTED_EDGE('',*,*,#8274,.T.);
#8681=ORIENTED_EDGE('',*,*,#8680,.T.);
#8682=ORIENTED_EDGE('',*,*,#8452,.F.);
#8683=ORIENTED_EDGE('',*,*,#8667,.F.);
#8684=EDGE_LOOP('',(#8679,#8681,#8682,#8683));
#8685=FACE_OUTER_BOUND('',#8684,.F.);
#8686=ADVANCED_FACE('',(#8685),#8678,.T.);
#8687=CARTESIAN_POINT('',(-6.23E0,-5.7E-1,4.95E0));
#8688=DIRECTION('',(-7.071067811865E-1,7.071067811865E-1,0.E0));
#8689=DIRECTION('',(-7.071067811865E-1,-7.071067811865E-1,0.E0));
#8690=AXIS2_PLACEMENT_3D('',#8687,#8688,#8689);
#8691=PLANE('',#8690);
#8692=ORIENTED_EDGE('',*,*,#8272,.T.);
#8693=ORIENTED_EDGE('',*,*,#8643,.T.);
#8694=ORIENTED_EDGE('',*,*,#8454,.F.);
#8695=ORIENTED_EDGE('',*,*,#8680,.F.);
#8696=EDGE_LOOP('',(#8692,#8693,#8694,#8695));
#8697=FACE_OUTER_BOUND('',#8696,.F.);
#8698=ADVANCED_FACE('',(#8697),#8691,.T.);
#8699=CARTESIAN_POINT('',(-3.93E0,-1.27E0,4.95E0));
#8700=DIRECTION('',(0.E0,1.E0,0.E0));
#8701=DIRECTION('',(-1.E0,0.E0,0.E0));
#8702=AXIS2_PLACEMENT_3D('',#8699,#8700,#8701);
#8703=PLANE('',#8702);
#8704=ORIENTED_EDGE('',*,*,#8282,.T.);
#8706=ORIENTED_EDGE('',*,*,#8705,.T.);
#8707=ORIENTED_EDGE('',*,*,#8473,.F.);
#8709=ORIENTED_EDGE('',*,*,#8708,.F.);
#8710=EDGE_LOOP('',(#8704,#8706,#8707,#8709));
#8711=FACE_OUTER_BOUND('',#8710,.F.);
#8712=ADVANCED_FACE('',(#8711),#8703,.T.);
#8713=CARTESIAN_POINT('',(-5.77E0,-1.27E0,4.95E0));
#8714=DIRECTION('',(1.E0,0.E0,0.E0));
#8715=DIRECTION('',(0.E0,1.E0,0.E0));
#8716=AXIS2_PLACEMENT_3D('',#8713,#8714,#8715);
#8717=PLANE('',#8716);
#8718=ORIENTED_EDGE('',*,*,#8290,.T.);
#8720=ORIENTED_EDGE('',*,*,#8719,.T.);
#8721=ORIENTED_EDGE('',*,*,#8475,.F.);
#8722=ORIENTED_EDGE('',*,*,#8705,.F.);
#8723=EDGE_LOOP('',(#8718,#8720,#8721,#8722));
#8724=FACE_OUTER_BOUND('',#8723,.F.);
#8725=ADVANCED_FACE('',(#8724),#8717,.T.);
#8726=CARTESIAN_POINT('',(-5.77E0,1.27E0,4.95E0));
#8727=DIRECTION('',(0.E0,-1.E0,0.E0));
#8728=DIRECTION('',(1.E0,0.E0,0.E0));
#8729=AXIS2_PLACEMENT_3D('',#8726,#8727,#8728);
#8730=PLANE('',#8729);
#8731=ORIENTED_EDGE('',*,*,#8288,.T.);
#8733=ORIENTED_EDGE('',*,*,#8732,.T.);
#8734=ORIENTED_EDGE('',*,*,#8477,.F.);
#8735=ORIENTED_EDGE('',*,*,#8719,.F.);
#8736=EDGE_LOOP('',(#8731,#8733,#8734,#8735));
#8737=FACE_OUTER_BOUND('',#8736,.F.);
#8738=ADVANCED_FACE('',(#8737),#8730,.T.);
#8739=CARTESIAN_POINT('',(-3.23E0,1.27E0,4.95E0));
#8740=DIRECTION('',(-1.E0,0.E0,0.E0));
#8741=DIRECTION('',(0.E0,-1.E0,0.E0));
#8742=AXIS2_PLACEMENT_3D('',#8739,#8740,#8741);
#8743=PLANE('',#8742);
#8744=ORIENTED_EDGE('',*,*,#8286,.T.);
#8746=ORIENTED_EDGE('',*,*,#8745,.T.);
#8747=ORIENTED_EDGE('',*,*,#8479,.F.);
#8748=ORIENTED_EDGE('',*,*,#8732,.F.);
#8749=EDGE_LOOP('',(#8744,#8746,#8747,#8748));
#8750=FACE_OUTER_BOUND('',#8749,.F.);
#8751=ADVANCED_FACE('',(#8750),#8743,.T.);
#8752=CARTESIAN_POINT('',(-3.23E0,-5.7E-1,4.95E0));
#8753=DIRECTION('',(-7.071067811865E-1,7.071067811865E-1,0.E0));
#8754=DIRECTION('',(-7.071067811865E-1,-7.071067811865E-1,0.E0));
#8755=AXIS2_PLACEMENT_3D('',#8752,#8753,#8754);
#8756=PLANE('',#8755);
#8757=ORIENTED_EDGE('',*,*,#8284,.T.);
#8758=ORIENTED_EDGE('',*,*,#8708,.T.);
#8759=ORIENTED_EDGE('',*,*,#8481,.F.);
#8760=ORIENTED_EDGE('',*,*,#8745,.F.);
#8761=EDGE_LOOP('',(#8757,#8758,#8759,#8760));
#8762=FACE_OUTER_BOUND('',#8761,.F.);
#8763=ADVANCED_FACE('',(#8762),#8756,.T.);
#8764=CARTESIAN_POINT('',(-2.3E-1,-1.27E0,4.95E0));
#8765=DIRECTION('',(0.E0,1.E0,0.E0));
#8766=DIRECTION('',(-1.E0,0.E0,0.E0));
#8767=AXIS2_PLACEMENT_3D('',#8764,#8765,#8766);
#8768=PLANE('',#8767);
#8769=ORIENTED_EDGE('',*,*,#8294,.T.);
#8771=ORIENTED_EDGE('',*,*,#8770,.T.);
#8772=ORIENTED_EDGE('',*,*,#8501,.F.);
#8774=ORIENTED_EDGE('',*,*,#8773,.F.);
#8775=EDGE_LOOP('',(#8769,#8771,#8772,#8774));
#8776=FACE_OUTER_BOUND('',#8775,.F.);
#8777=ADVANCED_FACE('',(#8776),#8768,.T.);
#8778=CARTESIAN_POINT('',(-2.07E0,-1.27E0,4.95E0));
#8779=DIRECTION('',(7.071067811865E-1,7.071067811865E-1,0.E0));
#8780=DIRECTION('',(-7.071067811865E-1,7.071067811865E-1,0.E0));
#8781=AXIS2_PLACEMENT_3D('',#8778,#8779,#8780);
#8782=PLANE('',#8781);
#8783=ORIENTED_EDGE('',*,*,#8302,.T.);
#8785=ORIENTED_EDGE('',*,*,#8784,.T.);
#8786=ORIENTED_EDGE('',*,*,#8503,.F.);
#8787=ORIENTED_EDGE('',*,*,#8770,.F.);
#8788=EDGE_LOOP('',(#8783,#8785,#8786,#8787));
#8789=FACE_OUTER_BOUND('',#8788,.F.);
#8790=ADVANCED_FACE('',(#8789),#8782,.T.);
#8791=CARTESIAN_POINT('',(-2.77E0,-5.7E-1,4.95E0));
#8792=DIRECTION('',(1.E0,0.E0,0.E0));
#8793=DIRECTION('',(0.E0,1.E0,0.E0));
#8794=AXIS2_PLACEMENT_3D('',#8791,#8792,#8793);
#8795=PLANE('',#8794);
#8796=ORIENTED_EDGE('',*,*,#8300,.T.);
#8798=ORIENTED_EDGE('',*,*,#8797,.T.);
#8799=ORIENTED_EDGE('',*,*,#8505,.F.);
#8800=ORIENTED_EDGE('',*,*,#8784,.F.);
#8801=EDGE_LOOP('',(#8796,#8798,#8799,#8800));
#8802=FACE_OUTER_BOUND('',#8801,.F.);
#8803=ADVANCED_FACE('',(#8802),#8795,.T.);
#8804=CARTESIAN_POINT('',(-2.77E0,1.27E0,4.95E0));
#8805=DIRECTION('',(0.E0,-1.E0,0.E0));
#8806=DIRECTION('',(1.E0,0.E0,0.E0));
#8807=AXIS2_PLACEMENT_3D('',#8804,#8805,#8806);
#8808=PLANE('',#8807);
#8809=ORIENTED_EDGE('',*,*,#8298,.T.);
#8811=ORIENTED_EDGE('',*,*,#8810,.T.);
#8812=ORIENTED_EDGE('',*,*,#8507,.F.);
#8813=ORIENTED_EDGE('',*,*,#8797,.F.);
#8814=EDGE_LOOP('',(#8809,#8811,#8812,#8813));
#8815=FACE_OUTER_BOUND('',#8814,.F.);
#8816=ADVANCED_FACE('',(#8815),#8808,.T.);
#8817=CARTESIAN_POINT('',(-2.3E-1,1.27E0,4.95E0));
#8818=DIRECTION('',(-1.E0,0.E0,0.E0));
#8819=DIRECTION('',(0.E0,-1.E0,0.E0));
#8820=AXIS2_PLACEMENT_3D('',#8817,#8818,#8819);
#8821=PLANE('',#8820);
#8822=ORIENTED_EDGE('',*,*,#8296,.T.);
#8823=ORIENTED_EDGE('',*,*,#8773,.T.);
#8824=ORIENTED_EDGE('',*,*,#8509,.F.);
#8825=ORIENTED_EDGE('',*,*,#8810,.F.);
#8826=EDGE_LOOP('',(#8822,#8823,#8824,#8825));
#8827=FACE_OUTER_BOUND('',#8826,.F.);
#8828=ADVANCED_FACE('',(#8827),#8821,.T.);
#8829=CARTESIAN_POINT('',(2.77E0,-1.27E0,4.95E0));
#8830=DIRECTION('',(0.E0,1.E0,0.E0));
#8831=DIRECTION('',(-1.E0,0.E0,0.E0));
#8832=AXIS2_PLACEMENT_3D('',#8829,#8830,#8831);
#8833=PLANE('',#8832);
#8834=ORIENTED_EDGE('',*,*,#8306,.T.);
#8836=ORIENTED_EDGE('',*,*,#8835,.T.);
#8837=ORIENTED_EDGE('',*,*,#8529,.F.);
#8839=ORIENTED_EDGE('',*,*,#8838,.F.);
#8840=EDGE_LOOP('',(#8834,#8836,#8837,#8839));
#8841=FACE_OUTER_BOUND('',#8840,.F.);
#8842=ADVANCED_FACE('',(#8841),#8833,.T.);
#8843=CARTESIAN_POINT('',(9.3E-1,-1.27E0,4.95E0));
#8844=DIRECTION('',(7.071067811865E-1,7.071067811865E-1,0.E0));
#8845=DIRECTION('',(-7.071067811865E-1,7.071067811865E-1,0.E0));
#8846=AXIS2_PLACEMENT_3D('',#8843,#8844,#8845);
#8847=PLANE('',#8846);
#8848=ORIENTED_EDGE('',*,*,#8314,.T.);
#8850=ORIENTED_EDGE('',*,*,#8849,.T.);
#8851=ORIENTED_EDGE('',*,*,#8531,.F.);
#8852=ORIENTED_EDGE('',*,*,#8835,.F.);
#8853=EDGE_LOOP('',(#8848,#8850,#8851,#8852));
#8854=FACE_OUTER_BOUND('',#8853,.F.);
#8855=ADVANCED_FACE('',(#8854),#8847,.T.);
#8856=CARTESIAN_POINT('',(2.3E-1,-5.7E-1,4.95E0));
#8857=DIRECTION('',(1.E0,0.E0,0.E0));
#8858=DIRECTION('',(0.E0,1.E0,0.E0));
#8859=AXIS2_PLACEMENT_3D('',#8856,#8857,#8858);
#8860=PLANE('',#8859);
#8861=ORIENTED_EDGE('',*,*,#8312,.T.);
#8863=ORIENTED_EDGE('',*,*,#8862,.T.);
#8864=ORIENTED_EDGE('',*,*,#8533,.F.);
#8865=ORIENTED_EDGE('',*,*,#8849,.F.);
#8866=EDGE_LOOP('',(#8861,#8863,#8864,#8865));
#8867=FACE_OUTER_BOUND('',#8866,.F.);
#8868=ADVANCED_FACE('',(#8867),#8860,.T.);
#8869=CARTESIAN_POINT('',(2.3E-1,1.27E0,4.95E0));
#8870=DIRECTION('',(0.E0,-1.E0,0.E0));
#8871=DIRECTION('',(1.E0,0.E0,0.E0));
#8872=AXIS2_PLACEMENT_3D('',#8869,#8870,#8871);
#8873=PLANE('',#8872);
#8874=ORIENTED_EDGE('',*,*,#8310,.T.);
#8876=ORIENTED_EDGE('',*,*,#8875,.T.);
#8877=ORIENTED_EDGE('',*,*,#8535,.F.);
#8878=ORIENTED_EDGE('',*,*,#8862,.F.);
#8879=EDGE_LOOP('',(#8874,#8876,#8877,#8878));
#8880=FACE_OUTER_BOUND('',#8879,.F.);
#8881=ADVANCED_FACE('',(#8880),#8873,.T.);
#8882=CARTESIAN_POINT('',(2.77E0,1.27E0,4.95E0));
#8883=DIRECTION('',(-1.E0,0.E0,0.E0));
#8884=DIRECTION('',(0.E0,-1.E0,0.E0));
#8885=AXIS2_PLACEMENT_3D('',#8882,#8883,#8884);
#8886=PLANE('',#8885);
#8887=ORIENTED_EDGE('',*,*,#8308,.T.);
#8888=ORIENTED_EDGE('',*,*,#8838,.T.);
#8889=ORIENTED_EDGE('',*,*,#8537,.F.);
#8890=ORIENTED_EDGE('',*,*,#8875,.F.);
#8891=EDGE_LOOP('',(#8887,#8888,#8889,#8890));
#8892=FACE_OUTER_BOUND('',#8891,.F.);
#8893=ADVANCED_FACE('',(#8892),#8886,.T.);
#8894=CARTESIAN_POINT('',(3.23E0,-1.27E0,4.95E0));
#8895=DIRECTION('',(1.E0,0.E0,0.E0));
#8896=DIRECTION('',(0.E0,1.E0,0.E0));
#8897=AXIS2_PLACEMENT_3D('',#8894,#8895,#8896);
#8898=PLANE('',#8897);
#8899=ORIENTED_EDGE('',*,*,#8318,.T.);
#8901=ORIENTED_EDGE('',*,*,#8900,.T.);
#8902=ORIENTED_EDGE('',*,*,#8557,.F.);
#8904=ORIENTED_EDGE('',*,*,#8903,.F.);
#8905=EDGE_LOOP('',(#8899,#8901,#8902,#8904));
#8906=FACE_OUTER_BOUND('',#8905,.F.);
#8907=ADVANCED_FACE('',(#8906),#8898,.T.);
#8908=CARTESIAN_POINT('',(3.23E0,1.27E0,4.95E0));
#8909=DIRECTION('',(0.E0,-1.E0,0.E0));
#8910=DIRECTION('',(1.E0,0.E0,0.E0));
#8911=AXIS2_PLACEMENT_3D('',#8908,#8909,#8910);
#8912=PLANE('',#8911);
#8913=ORIENTED_EDGE('',*,*,#8326,.T.);
#8915=ORIENTED_EDGE('',*,*,#8914,.T.);
#8916=ORIENTED_EDGE('',*,*,#8559,.F.);
#8917=ORIENTED_EDGE('',*,*,#8900,.F.);
#8918=EDGE_LOOP('',(#8913,#8915,#8916,#8917));
#8919=FACE_OUTER_BOUND('',#8918,.F.);
#8920=ADVANCED_FACE('',(#8919),#8912,.T.);
#8921=CARTESIAN_POINT('',(5.77E0,1.27E0,4.95E0));
#8922=DIRECTION('',(-1.E0,0.E0,0.E0));
#8923=DIRECTION('',(0.E0,-1.E0,0.E0));
#8924=AXIS2_PLACEMENT_3D('',#8921,#8922,#8923);
#8925=PLANE('',#8924);
#8926=ORIENTED_EDGE('',*,*,#8324,.T.);
#8928=ORIENTED_EDGE('',*,*,#8927,.T.);
#8929=ORIENTED_EDGE('',*,*,#8561,.F.);
#8930=ORIENTED_EDGE('',*,*,#8914,.F.);
#8931=EDGE_LOOP('',(#8926,#8928,#8929,#8930));
#8932=FACE_OUTER_BOUND('',#8931,.F.);
#8933=ADVANCED_FACE('',(#8932),#8925,.T.);
#8934=CARTESIAN_POINT('',(5.77E0,-5.7E-1,4.95E0));
#8935=DIRECTION('',(-7.071067811865E-1,7.071067811865E-1,0.E0));
#8936=DIRECTION('',(-7.071067811865E-1,-7.071067811865E-1,0.E0));
#8937=AXIS2_PLACEMENT_3D('',#8934,#8935,#8936);
#8938=PLANE('',#8937);
#8939=ORIENTED_EDGE('',*,*,#8322,.T.);
#8941=ORIENTED_EDGE('',*,*,#8940,.T.);
#8942=ORIENTED_EDGE('',*,*,#8563,.F.);
#8943=ORIENTED_EDGE('',*,*,#8927,.F.);
#8944=EDGE_LOOP('',(#8939,#8941,#8942,#8943));
#8945=FACE_OUTER_BOUND('',#8944,.F.);
#8946=ADVANCED_FACE('',(#8945),#8938,.T.);
#8947=CARTESIAN_POINT('',(5.07E0,-1.27E0,4.95E0));
#8948=DIRECTION('',(0.E0,1.E0,0.E0));
#8949=DIRECTION('',(-1.E0,0.E0,0.E0));
#8950=AXIS2_PLACEMENT_3D('',#8947,#8948,#8949);
#8951=PLANE('',#8950);
#8952=ORIENTED_EDGE('',*,*,#8320,.T.);
#8953=ORIENTED_EDGE('',*,*,#8903,.T.);
#8954=ORIENTED_EDGE('',*,*,#8565,.F.);
#8955=ORIENTED_EDGE('',*,*,#8940,.F.);
#8956=EDGE_LOOP('',(#8952,#8953,#8954,#8955));
#8957=FACE_OUTER_BOUND('',#8956,.F.);
#8958=ADVANCED_FACE('',(#8957),#8951,.T.);
#8959=CARTESIAN_POINT('',(8.77E0,-5.7E-1,4.95E0));
#8960=DIRECTION('',(-7.071067811865E-1,7.071067811865E-1,0.E0));
#8961=DIRECTION('',(-7.071067811865E-1,-7.071067811865E-1,0.E0));
#8962=AXIS2_PLACEMENT_3D('',#8959,#8960,#8961);
#8963=PLANE('',#8962);
#8964=ORIENTED_EDGE('',*,*,#8330,.T.);
#8966=ORIENTED_EDGE('',*,*,#8965,.T.);
#8967=ORIENTED_EDGE('',*,*,#8585,.F.);
#8969=ORIENTED_EDGE('',*,*,#8968,.F.);
#8970=EDGE_LOOP('',(#8964,#8966,#8967,#8969));
#8971=FACE_OUTER_BOUND('',#8970,.F.);
#8972=ADVANCED_FACE('',(#8971),#8963,.T.);
#8973=CARTESIAN_POINT('',(8.07E0,-1.27E0,4.95E0));
#8974=DIRECTION('',(0.E0,1.E0,0.E0));
#8975=DIRECTION('',(-1.E0,0.E0,0.E0));
#8976=AXIS2_PLACEMENT_3D('',#8973,#8974,#8975);
#8977=PLANE('',#8976);
#8978=ORIENTED_EDGE('',*,*,#8338,.T.);
#8980=ORIENTED_EDGE('',*,*,#8979,.T.);
#8981=ORIENTED_EDGE('',*,*,#8587,.F.);
#8982=ORIENTED_EDGE('',*,*,#8965,.F.);
#8983=EDGE_LOOP('',(#8978,#8980,#8981,#8982));
#8984=FACE_OUTER_BOUND('',#8983,.F.);
#8985=ADVANCED_FACE('',(#8984),#8977,.T.);
#8986=CARTESIAN_POINT('',(6.23E0,-1.27E0,4.95E0));
#8987=DIRECTION('',(1.E0,0.E0,0.E0));
#8988=DIRECTION('',(0.E0,1.E0,0.E0));
#8989=AXIS2_PLACEMENT_3D('',#8986,#8987,#8988);
#8990=PLANE('',#8989);
#8991=ORIENTED_EDGE('',*,*,#8336,.T.);
#8993=ORIENTED_EDGE('',*,*,#8992,.T.);
#8994=ORIENTED_EDGE('',*,*,#8589,.F.);
#8995=ORIENTED_EDGE('',*,*,#8979,.F.);
#8996=EDGE_LOOP('',(#8991,#8993,#8994,#8995));
#8997=FACE_OUTER_BOUND('',#8996,.F.);
#8998=ADVANCED_FACE('',(#8997),#8990,.T.);
#8999=CARTESIAN_POINT('',(6.23E0,1.27E0,4.95E0));
#9000=DIRECTION('',(0.E0,-1.E0,0.E0));
#9001=DIRECTION('',(1.E0,0.E0,0.E0));
#9002=AXIS2_PLACEMENT_3D('',#8999,#9000,#9001);
#9003=PLANE('',#9002);
#9004=ORIENTED_EDGE('',*,*,#8334,.F.);
#9006=ORIENTED_EDGE('',*,*,#9005,.T.);
#9007=ORIENTED_EDGE('',*,*,#8591,.F.);
#9008=ORIENTED_EDGE('',*,*,#8992,.F.);
#9009=EDGE_LOOP('',(#9004,#9006,#9007,#9008));
#9010=FACE_OUTER_BOUND('',#9009,.F.);
#9011=ADVANCED_FACE('',(#9010),#9003,.T.);
#9012=CARTESIAN_POINT('',(8.77E0,1.27E0,4.95E0));
#9013=DIRECTION('',(-1.E0,0.E0,0.E0));
#9014=DIRECTION('',(0.E0,-1.E0,0.E0));
#9015=AXIS2_PLACEMENT_3D('',#9012,#9013,#9014);
#9016=PLANE('',#9015);
#9017=ORIENTED_EDGE('',*,*,#8332,.T.);
#9018=ORIENTED_EDGE('',*,*,#8968,.T.);
#9019=ORIENTED_EDGE('',*,*,#8593,.F.);
#9020=ORIENTED_EDGE('',*,*,#9005,.F.);
#9021=EDGE_LOOP('',(#9017,#9018,#9019,#9020));
#9022=FACE_OUTER_BOUND('',#9021,.F.);
#9023=ADVANCED_FACE('',(#9022),#9016,.T.);
#9024=CARTESIAN_POINT('',(9.23E0,1.27E0,4.95E0));
#9025=DIRECTION('',(0.E0,-1.E0,0.E0));
#9026=DIRECTION('',(1.E0,0.E0,0.E0));
#9027=AXIS2_PLACEMENT_3D('',#9024,#9025,#9026);
#9028=PLANE('',#9027);
#9030=ORIENTED_EDGE('',*,*,#9029,.F.);
#9031=ORIENTED_EDGE('',*,*,#8342,.T.);
#9033=ORIENTED_EDGE('',*,*,#9032,.T.);
#9034=ORIENTED_EDGE('',*,*,#8613,.F.);
#9035=EDGE_LOOP('',(#9030,#9031,#9033,#9034));
#9036=FACE_OUTER_BOUND('',#9035,.F.);
#9037=ADVANCED_FACE('',(#9036),#9028,.T.);
#9038=CARTESIAN_POINT('',(9.23E0,-1.27E0,4.95E0));
#9039=DIRECTION('',(1.E0,0.E0,0.E0));
#9040=DIRECTION('',(0.E0,1.E0,0.E0));
#9041=AXIS2_PLACEMENT_3D('',#9038,#9039,#9040);
#9042=PLANE('',#9041);
#9043=ORIENTED_EDGE('',*,*,#9029,.T.);
#9044=ORIENTED_EDGE('',*,*,#8619,.F.);
#9046=ORIENTED_EDGE('',*,*,#9045,.F.);
#9047=ORIENTED_EDGE('',*,*,#8344,.T.);
#9048=EDGE_LOOP('',(#9043,#9044,#9046,#9047));
#9049=FACE_OUTER_BOUND('',#9048,.F.);
#9050=ADVANCED_FACE('',(#9049),#9042,.T.);
#9051=CARTESIAN_POINT('',(1.177E1,-1.27E0,4.95E0));
#9052=DIRECTION('',(0.E0,1.E0,0.E0));
#9053=DIRECTION('',(-1.E0,0.E0,0.E0));
#9054=AXIS2_PLACEMENT_3D('',#9051,#9052,#9053);
#9055=PLANE('',#9054);
#9056=ORIENTED_EDGE('',*,*,#8346,.T.);
#9057=ORIENTED_EDGE('',*,*,#9045,.T.);
#9058=ORIENTED_EDGE('',*,*,#8617,.F.);
#9060=ORIENTED_EDGE('',*,*,#9059,.F.);
#9061=EDGE_LOOP('',(#9056,#9057,#9058,#9060));
#9062=FACE_OUTER_BOUND('',#9061,.F.);
#9063=ADVANCED_FACE('',(#9062),#9055,.T.);
#9064=CARTESIAN_POINT('',(1.177E1,1.27E0,4.95E0));
#9065=DIRECTION('',(-1.E0,0.E0,0.E0));
#9066=DIRECTION('',(0.E0,-1.E0,0.E0));
#9067=AXIS2_PLACEMENT_3D('',#9064,#9065,#9066);
#9068=PLANE('',#9067);
#9069=ORIENTED_EDGE('',*,*,#8348,.T.);
#9070=ORIENTED_EDGE('',*,*,#9059,.T.);
#9071=ORIENTED_EDGE('',*,*,#8615,.F.);
#9072=ORIENTED_EDGE('',*,*,#9032,.F.);
#9073=EDGE_LOOP('',(#9069,#9070,#9071,#9072));
#9074=FACE_OUTER_BOUND('',#9073,.F.);
#9075=ADVANCED_FACE('',(#9074),#9068,.T.);
#9076=CARTESIAN_POINT('',(1.082E1,0.E0,0.E0));
#9077=DIRECTION('',(1.E0,0.E0,0.E0));
#9078=DIRECTION('',(0.E0,0.E0,-1.E0));
#9079=AXIS2_PLACEMENT_3D('',#9076,#9077,#9078);
#9080=PLANE('',#9079);
#9081=ORIENTED_EDGE('',*,*,#7209,.F.);
#9083=ORIENTED_EDGE('',*,*,#9082,.T.);
#9085=ORIENTED_EDGE('',*,*,#9084,.F.);
#9087=ORIENTED_EDGE('',*,*,#9086,.F.);
#9089=ORIENTED_EDGE('',*,*,#9088,.F.);
#9091=ORIENTED_EDGE('',*,*,#9090,.F.);
#9093=ORIENTED_EDGE('',*,*,#9092,.T.);
#9095=ORIENTED_EDGE('',*,*,#9094,.T.);
#9097=ORIENTED_EDGE('',*,*,#9096,.F.);
#9099=ORIENTED_EDGE('',*,*,#9098,.F.);
#9100=EDGE_LOOP('',(#9081,#9083,#9085,#9087,#9089,#9091,#9093,#9095,#9097,
#9099));
#9101=FACE_OUTER_BOUND('',#9100,.F.);
#9102=ADVANCED_FACE('',(#9101),#9080,.T.);
#9103=CARTESIAN_POINT('',(1.082E1,0.E0,0.E0));
#9104=DIRECTION('',(1.E0,0.E0,0.E0));
#9105=DIRECTION('',(0.E0,0.E0,-1.E0));
#9106=AXIS2_PLACEMENT_3D('',#9103,#9104,#9105);
#9107=PLANE('',#9106);
#9109=ORIENTED_EDGE('',*,*,#9108,.T.);
#9111=ORIENTED_EDGE('',*,*,#9110,.F.);
#9113=ORIENTED_EDGE('',*,*,#9112,.F.);
#9115=ORIENTED_EDGE('',*,*,#9114,.F.);
#9117=ORIENTED_EDGE('',*,*,#9116,.F.);
#9119=ORIENTED_EDGE('',*,*,#9118,.F.);
#9120=EDGE_LOOP('',(#9109,#9111,#9113,#9115,#9117,#9119));
#9121=FACE_OUTER_BOUND('',#9120,.F.);
#9122=ADVANCED_FACE('',(#9121),#9107,.T.);
#9123=CARTESIAN_POINT('',(1.082E1,0.E0,0.E0));
#9124=DIRECTION('',(1.E0,0.E0,0.E0));
#9125=DIRECTION('',(0.E0,0.E0,-1.E0));
#9126=AXIS2_PLACEMENT_3D('',#9123,#9124,#9125);
#9127=PLANE('',#9126);
#9129=ORIENTED_EDGE('',*,*,#9128,.F.);
#9131=ORIENTED_EDGE('',*,*,#9130,.F.);
#9132=ORIENTED_EDGE('',*,*,#8623,.F.);
#9134=ORIENTED_EDGE('',*,*,#9133,.F.);
#9135=EDGE_LOOP('',(#9129,#9131,#9132,#9134));
#9136=FACE_OUTER_BOUND('',#9135,.F.);
#9137=ADVANCED_FACE('',(#9136),#9127,.T.);
#9138=CARTESIAN_POINT('',(-1.382E1,-1.27E0,-4.28E0));
#9139=DIRECTION('',(0.E0,0.E0,-1.E0));
#9140=DIRECTION('',(0.E0,1.E0,0.E0));
#9141=AXIS2_PLACEMENT_3D('',#9138,#9139,#9140);
#9142=PLANE('',#9141);
#9144=ORIENTED_EDGE('',*,*,#9143,.F.);
#9146=ORIENTED_EDGE('',*,*,#9145,.F.);
#9147=ORIENTED_EDGE('',*,*,#7189,.T.);
#9148=ORIENTED_EDGE('',*,*,#7656,.T.);
#9149=EDGE_LOOP('',(#9144,#9146,#9147,#9148));
#9150=FACE_OUTER_BOUND('',#9149,.F.);
#9151=ADVANCED_FACE('',(#9150),#9142,.T.);
#9152=CARTESIAN_POINT('',(-1.382E1,-1.27E0,-4.28E0));
#9153=DIRECTION('',(0.E0,0.E0,-1.E0));
#9154=DIRECTION('',(0.E0,1.E0,0.E0));
#9155=AXIS2_PLACEMENT_3D('',#9152,#9153,#9154);
#9156=PLANE('',#9155);
#9158=ORIENTED_EDGE('',*,*,#9157,.T.);
#9159=ORIENTED_EDGE('',*,*,#7648,.T.);
#9161=ORIENTED_EDGE('',*,*,#9160,.F.);
#9163=ORIENTED_EDGE('',*,*,#9162,.F.);
#9164=EDGE_LOOP('',(#9158,#9159,#9161,#9163));
#9165=FACE_OUTER_BOUND('',#9164,.F.);
#9166=ADVANCED_FACE('',(#9165),#9156,.T.);
#9167=CARTESIAN_POINT('',(-1.382E1,-1.27E0,-4.28E0));
#9168=DIRECTION('',(0.E0,0.E0,-1.E0));
#9169=DIRECTION('',(0.E0,1.E0,0.E0));
#9170=AXIS2_PLACEMENT_3D('',#9167,#9168,#9169);
#9171=PLANE('',#9170);
#9172=ORIENTED_EDGE('',*,*,#8112,.T.);
#9174=ORIENTED_EDGE('',*,*,#9173,.F.);
#9175=ORIENTED_EDGE('',*,*,#7391,.F.);
#9176=ORIENTED_EDGE('',*,*,#7175,.T.);
#9177=EDGE_LOOP('',(#9172,#9174,#9175,#9176));
#9178=FACE_OUTER_BOUND('',#9177,.F.);
#9179=ADVANCED_FACE('',(#9178),#9171,.T.);
#9180=CARTESIAN_POINT('',(-1.382E1,-1.27E0,-4.28E0));
#9181=DIRECTION('',(0.E0,0.E0,-1.E0));
#9182=DIRECTION('',(0.E0,1.E0,0.E0));
#9183=AXIS2_PLACEMENT_3D('',#9180,#9181,#9182);
#9184=PLANE('',#9183);
#9185=ORIENTED_EDGE('',*,*,#8104,.T.);
#9187=ORIENTED_EDGE('',*,*,#9186,.F.);
#9188=ORIENTED_EDGE('',*,*,#7399,.F.);
#9190=ORIENTED_EDGE('',*,*,#9189,.T.);
#9191=EDGE_LOOP('',(#9185,#9187,#9188,#9190));
#9192=FACE_OUTER_BOUND('',#9191,.F.);
#9193=ADVANCED_FACE('',(#9192),#9184,.T.);
#9194=CARTESIAN_POINT('',(-1.382E1,-1.27E0,-4.28E0));
#9195=DIRECTION('',(0.E0,0.E0,-1.E0));
#9196=DIRECTION('',(0.E0,1.E0,0.E0));
#9197=AXIS2_PLACEMENT_3D('',#9194,#9195,#9196);
#9198=PLANE('',#9197);
#9199=ORIENTED_EDGE('',*,*,#7207,.T.);
#9201=ORIENTED_EDGE('',*,*,#9200,.T.);
#9203=ORIENTED_EDGE('',*,*,#9202,.F.);
#9204=ORIENTED_EDGE('',*,*,#9082,.F.);
#9205=EDGE_LOOP('',(#9199,#9201,#9203,#9204));
#9206=FACE_OUTER_BOUND('',#9205,.F.);
#9207=ADVANCED_FACE('',(#9206),#9198,.T.);
#9208=CARTESIAN_POINT('',(-1.382E1,-1.27E0,-4.28E0));
#9209=DIRECTION('',(0.E0,0.E0,-1.E0));
#9210=DIRECTION('',(0.E0,1.E0,0.E0));
#9211=AXIS2_PLACEMENT_3D('',#9208,#9209,#9210);
#9212=PLANE('',#9211);
#9214=ORIENTED_EDGE('',*,*,#9213,.T.);
#9216=ORIENTED_EDGE('',*,*,#9215,.T.);
#9218=ORIENTED_EDGE('',*,*,#9217,.F.);
#9220=ORIENTED_EDGE('',*,*,#9219,.F.);
#9221=ORIENTED_EDGE('',*,*,#9094,.F.);
#9222=EDGE_LOOP('',(#9214,#9216,#9218,#9220,#9221));
#9223=FACE_OUTER_BOUND('',#9222,.F.);
#9224=ADVANCED_FACE('',(#9223),#9212,.T.);
#9225=CARTESIAN_POINT('',(-1.382E1,-1.27E0,-4.28E0));
#9226=DIRECTION('',(0.E0,0.E0,-1.E0));
#9227=DIRECTION('',(0.E0,1.E0,0.E0));
#9228=AXIS2_PLACEMENT_3D('',#9225,#9226,#9227);
#9229=PLANE('',#9228);
#9230=ORIENTED_EDGE('',*,*,#7227,.T.);
#9232=ORIENTED_EDGE('',*,*,#9231,.T.);
#9234=ORIENTED_EDGE('',*,*,#9233,.F.);
#9236=ORIENTED_EDGE('',*,*,#9235,.F.);
#9237=EDGE_LOOP('',(#9230,#9232,#9234,#9236));
#9238=FACE_OUTER_BOUND('',#9237,.F.);
#9239=ADVANCED_FACE('',(#9238),#9229,.T.);
#9240=CARTESIAN_POINT('',(-1.382E1,-1.27E0,-4.28E0));
#9241=DIRECTION('',(0.E0,0.E0,-1.E0));
#9242=DIRECTION('',(0.E0,1.E0,0.E0));
#9243=AXIS2_PLACEMENT_3D('',#9240,#9241,#9242);
#9244=PLANE('',#9243);
#9246=ORIENTED_EDGE('',*,*,#9245,.T.);
#9248=ORIENTED_EDGE('',*,*,#9247,.T.);
#9250=ORIENTED_EDGE('',*,*,#9249,.T.);
#9252=ORIENTED_EDGE('',*,*,#9251,.F.);
#9254=ORIENTED_EDGE('',*,*,#9253,.F.);
#9256=ORIENTED_EDGE('',*,*,#9255,.F.);
#9257=EDGE_LOOP('',(#9246,#9248,#9250,#9252,#9254,#9256));
#9258=FACE_OUTER_BOUND('',#9257,.F.);
#9259=ADVANCED_FACE('',(#9258),#9244,.T.);
#9260=CARTESIAN_POINT('',(-1.382E1,-1.27E0,-4.28E0));
#9261=DIRECTION('',(0.E0,0.E0,-1.E0));
#9262=DIRECTION('',(0.E0,1.E0,0.E0));
#9263=AXIS2_PLACEMENT_3D('',#9260,#9261,#9262);
#9264=PLANE('',#9263);
#9265=ORIENTED_EDGE('',*,*,#7247,.T.);
#9267=ORIENTED_EDGE('',*,*,#9266,.T.);
#9269=ORIENTED_EDGE('',*,*,#9268,.F.);
#9271=ORIENTED_EDGE('',*,*,#9270,.F.);
#9272=EDGE_LOOP('',(#9265,#9267,#9269,#9271));
#9273=FACE_OUTER_BOUND('',#9272,.F.);
#9274=ADVANCED_FACE('',(#9273),#9264,.T.);
#9275=CARTESIAN_POINT('',(-1.382E1,-1.27E0,-4.28E0));
#9276=DIRECTION('',(0.E0,0.E0,-1.E0));
#9277=DIRECTION('',(0.E0,1.E0,0.E0));
#9278=AXIS2_PLACEMENT_3D('',#9275,#9276,#9277);
#9279=PLANE('',#9278);
#9281=ORIENTED_EDGE('',*,*,#9280,.T.);
#9283=ORIENTED_EDGE('',*,*,#9282,.T.);
#9285=ORIENTED_EDGE('',*,*,#9284,.T.);
#9287=ORIENTED_EDGE('',*,*,#9286,.F.);
#9289=ORIENTED_EDGE('',*,*,#9288,.F.);
#9291=ORIENTED_EDGE('',*,*,#9290,.F.);
#9292=EDGE_LOOP('',(#9281,#9283,#9285,#9287,#9289,#9291));
#9293=FACE_OUTER_BOUND('',#9292,.F.);
#9294=ADVANCED_FACE('',(#9293),#9279,.T.);
#9295=CARTESIAN_POINT('',(-1.382E1,-1.27E0,-4.28E0));
#9296=DIRECTION('',(0.E0,0.E0,-1.E0));
#9297=DIRECTION('',(0.E0,1.E0,0.E0));
#9298=AXIS2_PLACEMENT_3D('',#9295,#9296,#9297);
#9299=PLANE('',#9298);
#9300=ORIENTED_EDGE('',*,*,#7267,.T.);
#9302=ORIENTED_EDGE('',*,*,#9301,.T.);
#9304=ORIENTED_EDGE('',*,*,#9303,.F.);
#9306=ORIENTED_EDGE('',*,*,#9305,.F.);
#9307=EDGE_LOOP('',(#9300,#9302,#9304,#9306));
#9308=FACE_OUTER_BOUND('',#9307,.F.);
#9309=ADVANCED_FACE('',(#9308),#9299,.T.);
#9310=CARTESIAN_POINT('',(-1.382E1,-1.27E0,-4.28E0));
#9311=DIRECTION('',(0.E0,0.E0,-1.E0));
#9312=DIRECTION('',(0.E0,1.E0,0.E0));
#9313=AXIS2_PLACEMENT_3D('',#9310,#9311,#9312);
#9314=PLANE('',#9313);
#9316=ORIENTED_EDGE('',*,*,#9315,.T.);
#9318=ORIENTED_EDGE('',*,*,#9317,.T.);
#9320=ORIENTED_EDGE('',*,*,#9319,.T.);
#9322=ORIENTED_EDGE('',*,*,#9321,.F.);
#9324=ORIENTED_EDGE('',*,*,#9323,.F.);
#9326=ORIENTED_EDGE('',*,*,#9325,.F.);
#9327=EDGE_LOOP('',(#9316,#9318,#9320,#9322,#9324,#9326));
#9328=FACE_OUTER_BOUND('',#9327,.F.);
#9329=ADVANCED_FACE('',(#9328),#9314,.T.);
#9330=CARTESIAN_POINT('',(-1.382E1,-1.27E0,-4.28E0));
#9331=DIRECTION('',(0.E0,0.E0,-1.E0));
#9332=DIRECTION('',(0.E0,1.E0,0.E0));
#9333=AXIS2_PLACEMENT_3D('',#9330,#9331,#9332);
#9334=PLANE('',#9333);
#9335=ORIENTED_EDGE('',*,*,#7287,.T.);
#9337=ORIENTED_EDGE('',*,*,#9336,.T.);
#9339=ORIENTED_EDGE('',*,*,#9338,.F.);
#9341=ORIENTED_EDGE('',*,*,#9340,.F.);
#9342=EDGE_LOOP('',(#9335,#9337,#9339,#9341));
#9343=FACE_OUTER_BOUND('',#9342,.F.);
#9344=ADVANCED_FACE('',(#9343),#9334,.T.);
#9345=CARTESIAN_POINT('',(-1.382E1,-1.27E0,-4.28E0));
#9346=DIRECTION('',(0.E0,0.E0,-1.E0));
#9347=DIRECTION('',(0.E0,1.E0,0.E0));
#9348=AXIS2_PLACEMENT_3D('',#9345,#9346,#9347);
#9349=PLANE('',#9348);
#9351=ORIENTED_EDGE('',*,*,#9350,.T.);
#9353=ORIENTED_EDGE('',*,*,#9352,.T.);
#9355=ORIENTED_EDGE('',*,*,#9354,.T.);
#9357=ORIENTED_EDGE('',*,*,#9356,.F.);
#9359=ORIENTED_EDGE('',*,*,#9358,.F.);
#9361=ORIENTED_EDGE('',*,*,#9360,.F.);
#9362=EDGE_LOOP('',(#9351,#9353,#9355,#9357,#9359,#9361));
#9363=FACE_OUTER_BOUND('',#9362,.F.);
#9364=ADVANCED_FACE('',(#9363),#9349,.T.);
#9365=CARTESIAN_POINT('',(-1.382E1,-1.27E0,-4.28E0));
#9366=DIRECTION('',(0.E0,0.E0,-1.E0));
#9367=DIRECTION('',(0.E0,1.E0,0.E0));
#9368=AXIS2_PLACEMENT_3D('',#9365,#9366,#9367);
#9369=PLANE('',#9368);
#9370=ORIENTED_EDGE('',*,*,#7307,.T.);
#9372=ORIENTED_EDGE('',*,*,#9371,.T.);
#9374=ORIENTED_EDGE('',*,*,#9373,.F.);
#9376=ORIENTED_EDGE('',*,*,#9375,.F.);
#9377=EDGE_LOOP('',(#9370,#9372,#9374,#9376));
#9378=FACE_OUTER_BOUND('',#9377,.F.);
#9379=ADVANCED_FACE('',(#9378),#9369,.T.);
#9380=CARTESIAN_POINT('',(-1.382E1,-1.27E0,-4.28E0));
#9381=DIRECTION('',(0.E0,0.E0,-1.E0));
#9382=DIRECTION('',(0.E0,1.E0,0.E0));
#9383=AXIS2_PLACEMENT_3D('',#9380,#9381,#9382);
#9384=PLANE('',#9383);
#9386=ORIENTED_EDGE('',*,*,#9385,.T.);
#9388=ORIENTED_EDGE('',*,*,#9387,.T.);
#9390=ORIENTED_EDGE('',*,*,#9389,.T.);
#9392=ORIENTED_EDGE('',*,*,#9391,.F.);
#9394=ORIENTED_EDGE('',*,*,#9393,.F.);
#9396=ORIENTED_EDGE('',*,*,#9395,.F.);
#9397=EDGE_LOOP('',(#9386,#9388,#9390,#9392,#9394,#9396));
#9398=FACE_OUTER_BOUND('',#9397,.F.);
#9399=ADVANCED_FACE('',(#9398),#9384,.T.);
#9400=CARTESIAN_POINT('',(-1.382E1,-1.27E0,-4.28E0));
#9401=DIRECTION('',(0.E0,0.E0,-1.E0));
#9402=DIRECTION('',(0.E0,1.E0,0.E0));
#9403=AXIS2_PLACEMENT_3D('',#9400,#9401,#9402);
#9404=PLANE('',#9403);
#9405=ORIENTED_EDGE('',*,*,#7327,.T.);
#9407=ORIENTED_EDGE('',*,*,#9406,.T.);
#9409=ORIENTED_EDGE('',*,*,#9408,.F.);
#9410=ORIENTED_EDGE('',*,*,#7108,.F.);
#9411=EDGE_LOOP('',(#9405,#9407,#9409,#9410));
#9412=FACE_OUTER_BOUND('',#9411,.F.);
#9413=ADVANCED_FACE('',(#9412),#9404,.T.);
#9414=CARTESIAN_POINT('',(-1.382E1,-1.27E0,-4.28E0));
#9415=DIRECTION('',(0.E0,0.E0,-1.E0));
#9416=DIRECTION('',(0.E0,1.E0,0.E0));
#9417=AXIS2_PLACEMENT_3D('',#9414,#9415,#9416);
#9418=PLANE('',#9417);
#9420=ORIENTED_EDGE('',*,*,#9419,.T.);
#9422=ORIENTED_EDGE('',*,*,#9421,.T.);
#9424=ORIENTED_EDGE('',*,*,#9423,.T.);
#9426=ORIENTED_EDGE('',*,*,#9425,.F.);
#9428=ORIENTED_EDGE('',*,*,#9427,.F.);
#9429=ORIENTED_EDGE('',*,*,#7120,.F.);
#9430=EDGE_LOOP('',(#9420,#9422,#9424,#9426,#9428,#9429));
#9431=FACE_OUTER_BOUND('',#9430,.F.);
#9432=ADVANCED_FACE('',(#9431),#9418,.T.);
#9433=CARTESIAN_POINT('',(-1.382E1,-1.27E0,-4.28E0));
#9434=DIRECTION('',(0.E0,0.E0,-1.E0));
#9435=DIRECTION('',(0.E0,1.E0,0.E0));
#9436=AXIS2_PLACEMENT_3D('',#9433,#9434,#9435);
#9437=PLANE('',#9436);
#9438=ORIENTED_EDGE('',*,*,#7346,.T.);
#9440=ORIENTED_EDGE('',*,*,#9439,.T.);
#9442=ORIENTED_EDGE('',*,*,#9441,.F.);
#9444=ORIENTED_EDGE('',*,*,#9443,.F.);
#9445=EDGE_LOOP('',(#9438,#9440,#9442,#9444));
#9446=FACE_OUTER_BOUND('',#9445,.F.);
#9447=ADVANCED_FACE('',(#9446),#9437,.T.);
#9448=CARTESIAN_POINT('',(-1.382E1,-1.27E0,-4.28E0));
#9449=DIRECTION('',(0.E0,0.E0,-1.E0));
#9450=DIRECTION('',(0.E0,1.E0,0.E0));
#9451=AXIS2_PLACEMENT_3D('',#9448,#9449,#9450);
#9452=PLANE('',#9451);
#9454=ORIENTED_EDGE('',*,*,#9453,.F.);
#9456=ORIENTED_EDGE('',*,*,#9455,.F.);
#9457=ORIENTED_EDGE('',*,*,#7358,.T.);
#9459=ORIENTED_EDGE('',*,*,#9458,.T.);
#9460=EDGE_LOOP('',(#9454,#9456,#9457,#9459));
#9461=FACE_OUTER_BOUND('',#9460,.F.);
#9462=ADVANCED_FACE('',(#9461),#9452,.T.);
#9463=CARTESIAN_POINT('',(-1.382E1,-1.27E0,-4.28E0));
#9464=DIRECTION('',(0.E0,0.E0,-1.E0));
#9465=DIRECTION('',(0.E0,1.E0,0.E0));
#9466=AXIS2_PLACEMENT_3D('',#9463,#9464,#9465);
#9467=PLANE('',#9466);
#9469=ORIENTED_EDGE('',*,*,#9468,.T.);
#9471=ORIENTED_EDGE('',*,*,#9470,.T.);
#9473=ORIENTED_EDGE('',*,*,#9472,.T.);
#9475=ORIENTED_EDGE('',*,*,#9474,.F.);
#9477=ORIENTED_EDGE('',*,*,#9476,.F.);
#9479=ORIENTED_EDGE('',*,*,#9478,.F.);
#9480=EDGE_LOOP('',(#9469,#9471,#9473,#9475,#9477,#9479));
#9481=FACE_OUTER_BOUND('',#9480,.F.);
#9482=ADVANCED_FACE('',(#9481),#9467,.T.);
#9483=CARTESIAN_POINT('',(-1.382E1,-1.27E0,-4.28E0));
#9484=DIRECTION('',(0.E0,0.E0,-1.E0));
#9485=DIRECTION('',(0.E0,1.E0,0.E0));
#9486=AXIS2_PLACEMENT_3D('',#9483,#9484,#9485);
#9487=PLANE('',#9486);
#9489=ORIENTED_EDGE('',*,*,#9488,.T.);
#9491=ORIENTED_EDGE('',*,*,#9490,.F.);
#9493=ORIENTED_EDGE('',*,*,#9492,.F.);
#9495=ORIENTED_EDGE('',*,*,#9494,.T.);
#9497=ORIENTED_EDGE('',*,*,#9496,.T.);
#9498=EDGE_LOOP('',(#9489,#9491,#9493,#9495,#9497));
#9499=FACE_OUTER_BOUND('',#9498,.F.);
#9500=ADVANCED_FACE('',(#9499),#9487,.T.);
#9501=CARTESIAN_POINT('',(1.382E1,-8.75E-1,-4.28E0));
#9502=DIRECTION('',(0.E0,-1.E0,0.E0));
#9503=DIRECTION('',(-1.E0,0.E0,0.E0));
#9504=AXIS2_PLACEMENT_3D('',#9501,#9502,#9503);
#9505=PLANE('',#9504);
#9506=ORIENTED_EDGE('',*,*,#8110,.F.);
#9508=ORIENTED_EDGE('',*,*,#9507,.T.);
#9509=ORIENTED_EDGE('',*,*,#7393,.T.);
#9510=ORIENTED_EDGE('',*,*,#9173,.T.);
#9511=EDGE_LOOP('',(#9506,#9508,#9509,#9510));
#9512=FACE_OUTER_BOUND('',#9511,.F.);
#9513=ADVANCED_FACE('',(#9512),#9505,.F.);
#9514=CARTESIAN_POINT('',(1.382E1,-8.75E-1,-4.28E0));
#9515=DIRECTION('',(0.E0,-1.E0,0.E0));
#9516=DIRECTION('',(-1.E0,0.E0,0.E0));
#9517=AXIS2_PLACEMENT_3D('',#9514,#9515,#9516);
#9518=PLANE('',#9517);
#9519=ORIENTED_EDGE('',*,*,#9143,.T.);
#9520=ORIENTED_EDGE('',*,*,#7654,.F.);
#9522=ORIENTED_EDGE('',*,*,#9521,.T.);
#9524=ORIENTED_EDGE('',*,*,#9523,.T.);
#9525=EDGE_LOOP('',(#9519,#9520,#9522,#9524));
#9526=FACE_OUTER_BOUND('',#9525,.F.);
#9527=ADVANCED_FACE('',(#9526),#9518,.F.);
#9528=CARTESIAN_POINT('',(1.382E1,-8.75E-1,-4.28E0));
#9529=DIRECTION('',(0.E0,-1.E0,0.E0));
#9530=DIRECTION('',(-1.E0,0.E0,0.E0));
#9531=AXIS2_PLACEMENT_3D('',#9528,#9529,#9530);
#9532=PLANE('',#9531);
#9533=ORIENTED_EDGE('',*,*,#9202,.T.);
#9535=ORIENTED_EDGE('',*,*,#9534,.F.);
#9537=ORIENTED_EDGE('',*,*,#9536,.T.);
#9539=ORIENTED_EDGE('',*,*,#9538,.T.);
#9540=ORIENTED_EDGE('',*,*,#9084,.T.);
#9541=EDGE_LOOP('',(#9533,#9535,#9537,#9539,#9540));
#9542=FACE_OUTER_BOUND('',#9541,.F.);
#9543=ADVANCED_FACE('',(#9542),#9532,.F.);
#9544=CARTESIAN_POINT('',(1.382E1,-8.75E-1,-4.28E0));
#9545=DIRECTION('',(0.E0,-1.E0,0.E0));
#9546=DIRECTION('',(-1.E0,0.E0,0.E0));
#9547=AXIS2_PLACEMENT_3D('',#9544,#9545,#9546);
#9548=PLANE('',#9547);
#9549=ORIENTED_EDGE('',*,*,#9233,.T.);
#9551=ORIENTED_EDGE('',*,*,#9550,.F.);
#9553=ORIENTED_EDGE('',*,*,#9552,.F.);
#9555=ORIENTED_EDGE('',*,*,#9554,.T.);
#9557=ORIENTED_EDGE('',*,*,#9556,.T.);
#9559=ORIENTED_EDGE('',*,*,#9558,.T.);
#9560=EDGE_LOOP('',(#9549,#9551,#9553,#9555,#9557,#9559));
#9561=FACE_OUTER_BOUND('',#9560,.F.);
#9562=ADVANCED_FACE('',(#9561),#9548,.F.);
#9563=CARTESIAN_POINT('',(1.382E1,-8.75E-1,-4.28E0));
#9564=DIRECTION('',(0.E0,-1.E0,0.E0));
#9565=DIRECTION('',(-1.E0,0.E0,0.E0));
#9566=AXIS2_PLACEMENT_3D('',#9563,#9564,#9565);
#9567=PLANE('',#9566);
#9568=ORIENTED_EDGE('',*,*,#9268,.T.);
#9570=ORIENTED_EDGE('',*,*,#9569,.F.);
#9572=ORIENTED_EDGE('',*,*,#9571,.F.);
#9574=ORIENTED_EDGE('',*,*,#9573,.T.);
#9576=ORIENTED_EDGE('',*,*,#9575,.T.);
#9578=ORIENTED_EDGE('',*,*,#9577,.T.);
#9579=EDGE_LOOP('',(#9568,#9570,#9572,#9574,#9576,#9578));
#9580=FACE_OUTER_BOUND('',#9579,.F.);
#9581=ADVANCED_FACE('',(#9580),#9567,.F.);
#9582=CARTESIAN_POINT('',(1.382E1,-8.75E-1,-4.28E0));
#9583=DIRECTION('',(0.E0,-1.E0,0.E0));
#9584=DIRECTION('',(-1.E0,0.E0,0.E0));
#9585=AXIS2_PLACEMENT_3D('',#9582,#9583,#9584);
#9586=PLANE('',#9585);
#9587=ORIENTED_EDGE('',*,*,#9303,.T.);
#9589=ORIENTED_EDGE('',*,*,#9588,.F.);
#9591=ORIENTED_EDGE('',*,*,#9590,.F.);
#9593=ORIENTED_EDGE('',*,*,#9592,.T.);
#9595=ORIENTED_EDGE('',*,*,#9594,.T.);
#9597=ORIENTED_EDGE('',*,*,#9596,.T.);
#9598=EDGE_LOOP('',(#9587,#9589,#9591,#9593,#9595,#9597));
#9599=FACE_OUTER_BOUND('',#9598,.F.);
#9600=ADVANCED_FACE('',(#9599),#9586,.F.);
#9601=CARTESIAN_POINT('',(1.382E1,-8.75E-1,-4.28E0));
#9602=DIRECTION('',(0.E0,-1.E0,0.E0));
#9603=DIRECTION('',(-1.E0,0.E0,0.E0));
#9604=AXIS2_PLACEMENT_3D('',#9601,#9602,#9603);
#9605=PLANE('',#9604);
#9606=ORIENTED_EDGE('',*,*,#9338,.T.);
#9608=ORIENTED_EDGE('',*,*,#9607,.F.);
#9610=ORIENTED_EDGE('',*,*,#9609,.F.);
#9612=ORIENTED_EDGE('',*,*,#9611,.T.);
#9614=ORIENTED_EDGE('',*,*,#9613,.T.);
#9616=ORIENTED_EDGE('',*,*,#9615,.T.);
#9617=EDGE_LOOP('',(#9606,#9608,#9610,#9612,#9614,#9616));
#9618=FACE_OUTER_BOUND('',#9617,.F.);
#9619=ADVANCED_FACE('',(#9618),#9605,.F.);
#9620=CARTESIAN_POINT('',(1.382E1,-8.75E-1,-4.28E0));
#9621=DIRECTION('',(0.E0,-1.E0,0.E0));
#9622=DIRECTION('',(-1.E0,0.E0,0.E0));
#9623=AXIS2_PLACEMENT_3D('',#9620,#9621,#9622);
#9624=PLANE('',#9623);
#9625=ORIENTED_EDGE('',*,*,#9373,.T.);
#9627=ORIENTED_EDGE('',*,*,#9626,.F.);
#9629=ORIENTED_EDGE('',*,*,#9628,.F.);
#9631=ORIENTED_EDGE('',*,*,#9630,.T.);
#9633=ORIENTED_EDGE('',*,*,#9632,.T.);
#9635=ORIENTED_EDGE('',*,*,#9634,.T.);
#9636=EDGE_LOOP('',(#9625,#9627,#9629,#9631,#9633,#9635));
#9637=FACE_OUTER_BOUND('',#9636,.F.);
#9638=ADVANCED_FACE('',(#9637),#9624,.F.);
#9639=CARTESIAN_POINT('',(1.382E1,-8.75E-1,-4.28E0));
#9640=DIRECTION('',(0.E0,-1.E0,0.E0));
#9641=DIRECTION('',(-1.E0,0.E0,0.E0));
#9642=AXIS2_PLACEMENT_3D('',#9639,#9640,#9641);
#9643=PLANE('',#9642);
#9644=ORIENTED_EDGE('',*,*,#9408,.T.);
#9646=ORIENTED_EDGE('',*,*,#9645,.F.);
#9648=ORIENTED_EDGE('',*,*,#9647,.F.);
#9650=ORIENTED_EDGE('',*,*,#9649,.T.);
#9652=ORIENTED_EDGE('',*,*,#9651,.T.);
#9653=ORIENTED_EDGE('',*,*,#7110,.T.);
#9654=EDGE_LOOP('',(#9644,#9646,#9648,#9650,#9652,#9653));
#9655=FACE_OUTER_BOUND('',#9654,.F.);
#9656=ADVANCED_FACE('',(#9655),#9643,.F.);
#9657=CARTESIAN_POINT('',(1.382E1,-8.75E-1,-4.28E0));
#9658=DIRECTION('',(0.E0,-1.E0,0.E0));
#9659=DIRECTION('',(-1.E0,0.E0,0.E0));
#9660=AXIS2_PLACEMENT_3D('',#9657,#9658,#9659);
#9661=PLANE('',#9660);
#9662=ORIENTED_EDGE('',*,*,#9441,.T.);
#9664=ORIENTED_EDGE('',*,*,#9663,.F.);
#9666=ORIENTED_EDGE('',*,*,#9665,.F.);
#9668=ORIENTED_EDGE('',*,*,#9667,.T.);
#9670=ORIENTED_EDGE('',*,*,#9669,.T.);
#9672=ORIENTED_EDGE('',*,*,#9671,.T.);
#9673=EDGE_LOOP('',(#9662,#9664,#9666,#9668,#9670,#9672));
#9674=FACE_OUTER_BOUND('',#9673,.F.);
#9675=ADVANCED_FACE('',(#9674),#9661,.F.);
#9676=CARTESIAN_POINT('',(1.382E1,-8.75E-1,-4.28E0));
#9677=DIRECTION('',(0.E0,-1.E0,0.E0));
#9678=DIRECTION('',(-1.E0,0.E0,0.E0));
#9679=AXIS2_PLACEMENT_3D('',#9676,#9677,#9678);
#9680=PLANE('',#9679);
#9682=ORIENTED_EDGE('',*,*,#9681,.F.);
#9684=ORIENTED_EDGE('',*,*,#9683,.T.);
#9686=ORIENTED_EDGE('',*,*,#9685,.T.);
#9687=ORIENTED_EDGE('',*,*,#9453,.T.);
#9689=ORIENTED_EDGE('',*,*,#9688,.F.);
#9690=EDGE_LOOP('',(#9682,#9684,#9686,#9687,#9689));
#9691=FACE_OUTER_BOUND('',#9690,.F.);
#9692=ADVANCED_FACE('',(#9691),#9680,.F.);
#9693=CARTESIAN_POINT('',(-1.382E1,-1.27E0,-3.68E0));
#9694=DIRECTION('',(0.E0,0.E0,-1.E0));
#9695=DIRECTION('',(1.E0,0.E0,0.E0));
#9696=AXIS2_PLACEMENT_3D('',#9693,#9694,#9695);
#9697=PLANE('',#9696);
#9698=ORIENTED_EDGE('',*,*,#9507,.F.);
#9699=ORIENTED_EDGE('',*,*,#8108,.F.);
#9701=ORIENTED_EDGE('',*,*,#9700,.F.);
#9702=ORIENTED_EDGE('',*,*,#7395,.T.);
#9703=EDGE_LOOP('',(#9698,#9699,#9701,#9702));
#9704=FACE_OUTER_BOUND('',#9703,.F.);
#9705=ADVANCED_FACE('',(#9704),#9697,.T.);
#9706=CARTESIAN_POINT('',(-1.382E1,-1.27E0,-3.68E0));
#9707=DIRECTION('',(0.E0,0.E0,-1.E0));
#9708=DIRECTION('',(1.E0,0.E0,0.E0));
#9709=AXIS2_PLACEMENT_3D('',#9706,#9707,#9708);
#9710=PLANE('',#9709);
#9712=ORIENTED_EDGE('',*,*,#9711,.F.);
#9714=ORIENTED_EDGE('',*,*,#9713,.T.);
#9715=ORIENTED_EDGE('',*,*,#9521,.F.);
#9716=ORIENTED_EDGE('',*,*,#7652,.F.);
#9717=EDGE_LOOP('',(#9712,#9714,#9715,#9716));
#9718=FACE_OUTER_BOUND('',#9717,.F.);
#9719=ADVANCED_FACE('',(#9718),#9710,.T.);
#9720=CARTESIAN_POINT('',(-1.382E1,-1.27E0,-3.68E0));
#9721=DIRECTION('',(0.E0,0.E0,-1.E0));
#9722=DIRECTION('',(1.E0,0.E0,0.E0));
#9723=AXIS2_PLACEMENT_3D('',#9720,#9721,#9722);
#9724=PLANE('',#9723);
#9726=ORIENTED_EDGE('',*,*,#9725,.T.);
#9727=ORIENTED_EDGE('',*,*,#9536,.F.);
#9729=ORIENTED_EDGE('',*,*,#9728,.F.);
#9731=ORIENTED_EDGE('',*,*,#9730,.F.);
#9732=ORIENTED_EDGE('',*,*,#9090,.T.);
#9733=EDGE_LOOP('',(#9726,#9727,#9729,#9731,#9732));
#9734=FACE_OUTER_BOUND('',#9733,.F.);
#9735=ADVANCED_FACE('',(#9734),#9724,.T.);
#9736=CARTESIAN_POINT('',(-1.382E1,-1.27E0,-3.68E0));
#9737=DIRECTION('',(0.E0,0.E0,-1.E0));
#9738=DIRECTION('',(1.E0,0.E0,0.E0));
#9739=AXIS2_PLACEMENT_3D('',#9736,#9737,#9738);
#9740=PLANE('',#9739);
#9742=ORIENTED_EDGE('',*,*,#9741,.T.);
#9743=ORIENTED_EDGE('',*,*,#9554,.F.);
#9745=ORIENTED_EDGE('',*,*,#9744,.F.);
#9747=ORIENTED_EDGE('',*,*,#9746,.F.);
#9749=ORIENTED_EDGE('',*,*,#9748,.F.);
#9751=ORIENTED_EDGE('',*,*,#9750,.T.);
#9752=EDGE_LOOP('',(#9742,#9743,#9745,#9747,#9749,#9751));
#9753=FACE_OUTER_BOUND('',#9752,.F.);
#9754=ADVANCED_FACE('',(#9753),#9740,.T.);
#9755=CARTESIAN_POINT('',(-1.382E1,-1.27E0,-3.68E0));
#9756=DIRECTION('',(0.E0,0.E0,-1.E0));
#9757=DIRECTION('',(1.E0,0.E0,0.E0));
#9758=AXIS2_PLACEMENT_3D('',#9755,#9756,#9757);
#9759=PLANE('',#9758);
#9761=ORIENTED_EDGE('',*,*,#9760,.T.);
#9762=ORIENTED_EDGE('',*,*,#9573,.F.);
#9764=ORIENTED_EDGE('',*,*,#9763,.F.);
#9766=ORIENTED_EDGE('',*,*,#9765,.F.);
#9768=ORIENTED_EDGE('',*,*,#9767,.F.);
#9770=ORIENTED_EDGE('',*,*,#9769,.T.);
#9771=EDGE_LOOP('',(#9761,#9762,#9764,#9766,#9768,#9770));
#9772=FACE_OUTER_BOUND('',#9771,.F.);
#9773=ADVANCED_FACE('',(#9772),#9759,.T.);
#9774=CARTESIAN_POINT('',(-1.382E1,-1.27E0,-3.68E0));
#9775=DIRECTION('',(0.E0,0.E0,-1.E0));
#9776=DIRECTION('',(1.E0,0.E0,0.E0));
#9777=AXIS2_PLACEMENT_3D('',#9774,#9775,#9776);
#9778=PLANE('',#9777);
#9780=ORIENTED_EDGE('',*,*,#9779,.T.);
#9781=ORIENTED_EDGE('',*,*,#9592,.F.);
#9783=ORIENTED_EDGE('',*,*,#9782,.F.);
#9785=ORIENTED_EDGE('',*,*,#9784,.F.);
#9787=ORIENTED_EDGE('',*,*,#9786,.F.);
#9789=ORIENTED_EDGE('',*,*,#9788,.T.);
#9790=EDGE_LOOP('',(#9780,#9781,#9783,#9785,#9787,#9789));
#9791=FACE_OUTER_BOUND('',#9790,.F.);
#9792=ADVANCED_FACE('',(#9791),#9778,.T.);
#9793=CARTESIAN_POINT('',(-1.382E1,-1.27E0,-3.68E0));
#9794=DIRECTION('',(0.E0,0.E0,-1.E0));
#9795=DIRECTION('',(1.E0,0.E0,0.E0));
#9796=AXIS2_PLACEMENT_3D('',#9793,#9794,#9795);
#9797=PLANE('',#9796);
#9799=ORIENTED_EDGE('',*,*,#9798,.T.);
#9800=ORIENTED_EDGE('',*,*,#9611,.F.);
#9802=ORIENTED_EDGE('',*,*,#9801,.F.);
#9804=ORIENTED_EDGE('',*,*,#9803,.F.);
#9806=ORIENTED_EDGE('',*,*,#9805,.F.);
#9808=ORIENTED_EDGE('',*,*,#9807,.T.);
#9809=EDGE_LOOP('',(#9799,#9800,#9802,#9804,#9806,#9808));
#9810=FACE_OUTER_BOUND('',#9809,.F.);
#9811=ADVANCED_FACE('',(#9810),#9797,.T.);
#9812=CARTESIAN_POINT('',(-1.382E1,-1.27E0,-3.68E0));
#9813=DIRECTION('',(0.E0,0.E0,-1.E0));
#9814=DIRECTION('',(1.E0,0.E0,0.E0));
#9815=AXIS2_PLACEMENT_3D('',#9812,#9813,#9814);
#9816=PLANE('',#9815);
#9818=ORIENTED_EDGE('',*,*,#9817,.T.);
#9819=ORIENTED_EDGE('',*,*,#9630,.F.);
#9821=ORIENTED_EDGE('',*,*,#9820,.F.);
#9823=ORIENTED_EDGE('',*,*,#9822,.F.);
#9825=ORIENTED_EDGE('',*,*,#9824,.F.);
#9827=ORIENTED_EDGE('',*,*,#9826,.T.);
#9828=EDGE_LOOP('',(#9818,#9819,#9821,#9823,#9825,#9827));
#9829=FACE_OUTER_BOUND('',#9828,.F.);
#9830=ADVANCED_FACE('',(#9829),#9816,.T.);
#9831=CARTESIAN_POINT('',(-1.382E1,-1.27E0,-3.68E0));
#9832=DIRECTION('',(0.E0,0.E0,-1.E0));
#9833=DIRECTION('',(1.E0,0.E0,0.E0));
#9834=AXIS2_PLACEMENT_3D('',#9831,#9832,#9833);
#9835=PLANE('',#9834);
#9837=ORIENTED_EDGE('',*,*,#9836,.T.);
#9838=ORIENTED_EDGE('',*,*,#9649,.F.);
#9840=ORIENTED_EDGE('',*,*,#9839,.F.);
#9842=ORIENTED_EDGE('',*,*,#9841,.F.);
#9844=ORIENTED_EDGE('',*,*,#9843,.F.);
#9845=ORIENTED_EDGE('',*,*,#7116,.T.);
#9846=EDGE_LOOP('',(#9837,#9838,#9840,#9842,#9844,#9845));
#9847=FACE_OUTER_BOUND('',#9846,.F.);
#9848=ADVANCED_FACE('',(#9847),#9835,.T.);
#9849=CARTESIAN_POINT('',(-1.382E1,-1.27E0,-3.68E0));
#9850=DIRECTION('',(0.E0,0.E0,-1.E0));
#9851=DIRECTION('',(1.E0,0.E0,0.E0));
#9852=AXIS2_PLACEMENT_3D('',#9849,#9850,#9851);
#9853=PLANE('',#9852);
#9855=ORIENTED_EDGE('',*,*,#9854,.T.);
#9856=ORIENTED_EDGE('',*,*,#9667,.F.);
#9858=ORIENTED_EDGE('',*,*,#9857,.F.);
#9860=ORIENTED_EDGE('',*,*,#9859,.F.);
#9862=ORIENTED_EDGE('',*,*,#9861,.F.);
#9864=ORIENTED_EDGE('',*,*,#9863,.T.);
#9865=EDGE_LOOP('',(#9855,#9856,#9858,#9860,#9862,#9864));
#9866=FACE_OUTER_BOUND('',#9865,.F.);
#9867=ADVANCED_FACE('',(#9866),#9853,.T.);
#9868=CARTESIAN_POINT('',(-1.382E1,-1.27E0,-3.68E0));
#9869=DIRECTION('',(0.E0,0.E0,-1.E0));
#9870=DIRECTION('',(1.E0,0.E0,0.E0));
#9871=AXIS2_PLACEMENT_3D('',#9868,#9869,#9870);
#9872=PLANE('',#9871);
#9874=ORIENTED_EDGE('',*,*,#9873,.F.);
#9876=ORIENTED_EDGE('',*,*,#9875,.T.);
#9877=ORIENTED_EDGE('',*,*,#9683,.F.);
#9879=ORIENTED_EDGE('',*,*,#9878,.F.);
#9881=ORIENTED_EDGE('',*,*,#9880,.F.);
#9882=EDGE_LOOP('',(#9874,#9876,#9877,#9879,#9881));
#9883=FACE_OUTER_BOUND('',#9882,.F.);
#9884=ADVANCED_FACE('',(#9883),#9872,.T.);
#9885=CARTESIAN_POINT('',(-1.382E1,8.75E-1,-4.28E0));
#9886=DIRECTION('',(0.E0,1.E0,0.E0));
#9887=DIRECTION('',(1.E0,0.E0,0.E0));
#9888=AXIS2_PLACEMENT_3D('',#9885,#9886,#9887);
#9889=PLANE('',#9888);
#9890=ORIENTED_EDGE('',*,*,#8106,.F.);
#9891=ORIENTED_EDGE('',*,*,#9189,.F.);
#9892=ORIENTED_EDGE('',*,*,#7397,.T.);
#9893=ORIENTED_EDGE('',*,*,#9700,.T.);
#9894=EDGE_LOOP('',(#9890,#9891,#9892,#9893));
#9895=FACE_OUTER_BOUND('',#9894,.F.);
#9896=ADVANCED_FACE('',(#9895),#9889,.F.);
#9897=CARTESIAN_POINT('',(-1.382E1,8.75E-1,-4.28E0));
#9898=DIRECTION('',(0.E0,1.E0,0.E0));
#9899=DIRECTION('',(1.E0,0.E0,0.E0));
#9900=AXIS2_PLACEMENT_3D('',#9897,#9898,#9899);
#9901=PLANE('',#9900);
#9902=ORIENTED_EDGE('',*,*,#9157,.F.);
#9904=ORIENTED_EDGE('',*,*,#9903,.F.);
#9905=ORIENTED_EDGE('',*,*,#9711,.T.);
#9906=ORIENTED_EDGE('',*,*,#7650,.T.);
#9907=EDGE_LOOP('',(#9902,#9904,#9905,#9906));
#9908=FACE_OUTER_BOUND('',#9907,.F.);
#9909=ADVANCED_FACE('',(#9908),#9901,.F.);
#9910=CARTESIAN_POINT('',(-1.382E1,8.75E-1,-4.28E0));
#9911=DIRECTION('',(0.E0,1.E0,0.E0));
#9912=DIRECTION('',(1.E0,0.E0,0.E0));
#9913=AXIS2_PLACEMENT_3D('',#9910,#9911,#9912);
#9914=PLANE('',#9913);
#9915=ORIENTED_EDGE('',*,*,#9730,.T.);
#9917=ORIENTED_EDGE('',*,*,#9916,.F.);
#9918=ORIENTED_EDGE('',*,*,#9213,.F.);
#9919=ORIENTED_EDGE('',*,*,#9092,.F.);
#9920=EDGE_LOOP('',(#9915,#9917,#9918,#9919));
#9921=FACE_OUTER_BOUND('',#9920,.F.);
#9922=ADVANCED_FACE('',(#9921),#9914,.F.);
#9923=CARTESIAN_POINT('',(-1.382E1,8.75E-1,-4.28E0));
#9924=DIRECTION('',(0.E0,1.E0,0.E0));
#9925=DIRECTION('',(1.E0,0.E0,0.E0));
#9926=AXIS2_PLACEMENT_3D('',#9923,#9924,#9925);
#9927=PLANE('',#9926);
#9928=ORIENTED_EDGE('',*,*,#9748,.T.);
#9930=ORIENTED_EDGE('',*,*,#9929,.T.);
#9931=ORIENTED_EDGE('',*,*,#9245,.F.);
#9933=ORIENTED_EDGE('',*,*,#9932,.F.);
#9934=EDGE_LOOP('',(#9928,#9930,#9931,#9933));
#9935=FACE_OUTER_BOUND('',#9934,.F.);
#9936=ADVANCED_FACE('',(#9935),#9927,.F.);
#9937=CARTESIAN_POINT('',(-1.382E1,8.75E-1,-4.28E0));
#9938=DIRECTION('',(0.E0,1.E0,0.E0));
#9939=DIRECTION('',(1.E0,0.E0,0.E0));
#9940=AXIS2_PLACEMENT_3D('',#9937,#9938,#9939);
#9941=PLANE('',#9940);
#9942=ORIENTED_EDGE('',*,*,#9767,.T.);
#9944=ORIENTED_EDGE('',*,*,#9943,.T.);
#9945=ORIENTED_EDGE('',*,*,#9280,.F.);
#9947=ORIENTED_EDGE('',*,*,#9946,.F.);
#9948=EDGE_LOOP('',(#9942,#9944,#9945,#9947));
#9949=FACE_OUTER_BOUND('',#9948,.F.);
#9950=ADVANCED_FACE('',(#9949),#9941,.F.);
#9951=CARTESIAN_POINT('',(-1.382E1,8.75E-1,-4.28E0));
#9952=DIRECTION('',(0.E0,1.E0,0.E0));
#9953=DIRECTION('',(1.E0,0.E0,0.E0));
#9954=AXIS2_PLACEMENT_3D('',#9951,#9952,#9953);
#9955=PLANE('',#9954);
#9956=ORIENTED_EDGE('',*,*,#9786,.T.);
#9958=ORIENTED_EDGE('',*,*,#9957,.T.);
#9959=ORIENTED_EDGE('',*,*,#9315,.F.);
#9961=ORIENTED_EDGE('',*,*,#9960,.F.);
#9962=EDGE_LOOP('',(#9956,#9958,#9959,#9961));
#9963=FACE_OUTER_BOUND('',#9962,.F.);
#9964=ADVANCED_FACE('',(#9963),#9955,.F.);
#9965=CARTESIAN_POINT('',(-1.382E1,8.75E-1,-4.28E0));
#9966=DIRECTION('',(0.E0,1.E0,0.E0));
#9967=DIRECTION('',(1.E0,0.E0,0.E0));
#9968=AXIS2_PLACEMENT_3D('',#9965,#9966,#9967);
#9969=PLANE('',#9968);
#9970=ORIENTED_EDGE('',*,*,#9805,.T.);
#9972=ORIENTED_EDGE('',*,*,#9971,.T.);
#9973=ORIENTED_EDGE('',*,*,#9350,.F.);
#9975=ORIENTED_EDGE('',*,*,#9974,.F.);
#9976=EDGE_LOOP('',(#9970,#9972,#9973,#9975));
#9977=FACE_OUTER_BOUND('',#9976,.F.);
#9978=ADVANCED_FACE('',(#9977),#9969,.F.);
#9979=CARTESIAN_POINT('',(-1.382E1,8.75E-1,-4.28E0));
#9980=DIRECTION('',(0.E0,1.E0,0.E0));
#9981=DIRECTION('',(1.E0,0.E0,0.E0));
#9982=AXIS2_PLACEMENT_3D('',#9979,#9980,#9981);
#9983=PLANE('',#9982);
#9984=ORIENTED_EDGE('',*,*,#9824,.T.);
#9986=ORIENTED_EDGE('',*,*,#9985,.T.);
#9987=ORIENTED_EDGE('',*,*,#9385,.F.);
#9989=ORIENTED_EDGE('',*,*,#9988,.F.);
#9990=EDGE_LOOP('',(#9984,#9986,#9987,#9989));
#9991=FACE_OUTER_BOUND('',#9990,.F.);
#9992=ADVANCED_FACE('',(#9991),#9983,.F.);
#9993=CARTESIAN_POINT('',(-1.382E1,8.75E-1,-4.28E0));
#9994=DIRECTION('',(0.E0,1.E0,0.E0));
#9995=DIRECTION('',(1.E0,0.E0,0.E0));
#9996=AXIS2_PLACEMENT_3D('',#9993,#9994,#9995);
#9997=PLANE('',#9996);
#9998=ORIENTED_EDGE('',*,*,#9843,.T.);
#10000=ORIENTED_EDGE('',*,*,#9999,.T.);
#10001=ORIENTED_EDGE('',*,*,#9419,.F.);
#10002=ORIENTED_EDGE('',*,*,#7118,.F.);
#10003=EDGE_LOOP('',(#9998,#10000,#10001,#10002));
#10004=FACE_OUTER_BOUND('',#10003,.F.);
#10005=ADVANCED_FACE('',(#10004),#9997,.F.);
#10006=CARTESIAN_POINT('',(-1.382E1,8.75E-1,-4.28E0));
#10007=DIRECTION('',(0.E0,1.E0,0.E0));
#10008=DIRECTION('',(1.E0,0.E0,0.E0));
#10009=AXIS2_PLACEMENT_3D('',#10006,#10007,#10008);
#10010=PLANE('',#10009);
#10011=ORIENTED_EDGE('',*,*,#9861,.T.);
#10013=ORIENTED_EDGE('',*,*,#10012,.T.);
#10014=ORIENTED_EDGE('',*,*,#9468,.F.);
#10016=ORIENTED_EDGE('',*,*,#10015,.F.);
#10017=EDGE_LOOP('',(#10011,#10013,#10014,#10016));
#10018=FACE_OUTER_BOUND('',#10017,.F.);
#10019=ADVANCED_FACE('',(#10018),#10010,.F.);
#10020=CARTESIAN_POINT('',(-1.382E1,8.75E-1,-4.28E0));
#10021=DIRECTION('',(0.E0,1.E0,0.E0));
#10022=DIRECTION('',(1.E0,0.E0,0.E0));
#10023=AXIS2_PLACEMENT_3D('',#10020,#10021,#10022);
#10024=PLANE('',#10023);
#10025=ORIENTED_EDGE('',*,*,#9494,.F.);
#10027=ORIENTED_EDGE('',*,*,#10026,.F.);
#10028=ORIENTED_EDGE('',*,*,#9873,.T.);
#10030=ORIENTED_EDGE('',*,*,#10029,.T.);
#10031=EDGE_LOOP('',(#10025,#10027,#10028,#10030));
#10032=FACE_OUTER_BOUND('',#10031,.F.);
#10033=ADVANCED_FACE('',(#10032),#10024,.F.);
#10034=CARTESIAN_POINT('',(-1.382E1,0.E0,0.E0));
#10035=DIRECTION('',(1.E0,0.E0,0.E0));
#10036=DIRECTION('',(0.E0,0.E0,-1.E0));
#10037=AXIS2_PLACEMENT_3D('',#10034,#10035,#10036);
#10038=PLANE('',#10037);
#10039=ORIENTED_EDGE('',*,*,#7532,.T.);
#10040=ORIENTED_EDGE('',*,*,#7685,.F.);
#10041=ORIENTED_EDGE('',*,*,#8080,.F.);
#10042=ORIENTED_EDGE('',*,*,#8053,.T.);
#10043=ORIENTED_EDGE('',*,*,#7887,.T.);
#10044=ORIENTED_EDGE('',*,*,#7191,.T.);
#10045=ORIENTED_EDGE('',*,*,#9145,.T.);
#10046=ORIENTED_EDGE('',*,*,#9523,.F.);
#10047=ORIENTED_EDGE('',*,*,#9713,.F.);
#10048=ORIENTED_EDGE('',*,*,#9903,.T.);
#10049=ORIENTED_EDGE('',*,*,#9162,.T.);
#10051=ORIENTED_EDGE('',*,*,#10050,.T.);
#10053=ORIENTED_EDGE('',*,*,#10052,.T.);
#10055=ORIENTED_EDGE('',*,*,#10054,.T.);
#10057=ORIENTED_EDGE('',*,*,#10056,.F.);
#10059=ORIENTED_EDGE('',*,*,#10058,.F.);
#10061=ORIENTED_EDGE('',*,*,#10060,.F.);
#10062=EDGE_LOOP('',(#10039,#10040,#10041,#10042,#10043,#10044,#10045,#10046,
#10047,#10048,#10049,#10051,#10053,#10055,#10057,#10059,#10061));
#10063=FACE_OUTER_BOUND('',#10062,.F.);
#10064=ADVANCED_FACE('',(#10063),#10038,.F.);
#10065=CARTESIAN_POINT('',(-1.382E1,1.27E0,-4.28E0));
#10066=DIRECTION('',(0.E0,-1.E0,0.E0));
#10067=DIRECTION('',(0.E0,0.E0,-1.E0));
#10068=AXIS2_PLACEMENT_3D('',#10065,#10066,#10067);
#10069=PLANE('',#10068);
#10070=ORIENTED_EDGE('',*,*,#7401,.F.);
#10071=ORIENTED_EDGE('',*,*,#9186,.T.);
#10072=ORIENTED_EDGE('',*,*,#8102,.T.);
#10074=ORIENTED_EDGE('',*,*,#10073,.F.);
#10075=EDGE_LOOP('',(#10070,#10071,#10072,#10074));
#10076=FACE_OUTER_BOUND('',#10075,.F.);
#10077=ADVANCED_FACE('',(#10076),#10069,.T.);
#10078=CARTESIAN_POINT('',(-1.382E1,1.27E0,-4.28E0));
#10079=DIRECTION('',(0.E0,-1.E0,0.E0));
#10080=DIRECTION('',(0.E0,0.E0,-1.E0));
#10081=AXIS2_PLACEMENT_3D('',#10078,#10079,#10080);
#10082=PLANE('',#10081);
#10083=ORIENTED_EDGE('',*,*,#9160,.T.);
#10084=ORIENTED_EDGE('',*,*,#7646,.T.);
#10086=ORIENTED_EDGE('',*,*,#10085,.F.);
#10087=ORIENTED_EDGE('',*,*,#10050,.F.);
#10088=EDGE_LOOP('',(#10083,#10084,#10086,#10087));
#10089=FACE_OUTER_BOUND('',#10088,.F.);
#10090=ADVANCED_FACE('',(#10089),#10082,.T.);
#10091=CARTESIAN_POINT('',(-1.382E1,1.27E0,-4.28E0));
#10092=DIRECTION('',(0.E0,-1.E0,0.E0));
#10093=DIRECTION('',(0.E0,0.E0,-1.E0));
#10094=AXIS2_PLACEMENT_3D('',#10091,#10092,#10093);
#10095=PLANE('',#10094);
#10097=ORIENTED_EDGE('',*,*,#10096,.F.);
#10098=ORIENTED_EDGE('',*,*,#9217,.T.);
#10100=ORIENTED_EDGE('',*,*,#10099,.T.);
#10102=ORIENTED_EDGE('',*,*,#10101,.F.);
#10103=EDGE_LOOP('',(#10097,#10098,#10100,#10102));
#10104=FACE_OUTER_BOUND('',#10103,.F.);
#10105=ADVANCED_FACE('',(#10104),#10095,.T.);
#10106=CARTESIAN_POINT('',(-1.382E1,1.27E0,-4.28E0));
#10107=DIRECTION('',(0.E0,-1.E0,0.E0));
#10108=DIRECTION('',(0.E0,0.E0,-1.E0));
#10109=AXIS2_PLACEMENT_3D('',#10106,#10107,#10108);
#10110=PLANE('',#10109);
#10112=ORIENTED_EDGE('',*,*,#10111,.F.);
#10113=ORIENTED_EDGE('',*,*,#9251,.T.);
#10115=ORIENTED_EDGE('',*,*,#10114,.T.);
#10117=ORIENTED_EDGE('',*,*,#10116,.F.);
#10118=EDGE_LOOP('',(#10112,#10113,#10115,#10117));
#10119=FACE_OUTER_BOUND('',#10118,.F.);
#10120=ADVANCED_FACE('',(#10119),#10110,.T.);
#10121=CARTESIAN_POINT('',(-1.382E1,1.27E0,-4.28E0));
#10122=DIRECTION('',(0.E0,-1.E0,0.E0));
#10123=DIRECTION('',(0.E0,0.E0,-1.E0));
#10124=AXIS2_PLACEMENT_3D('',#10121,#10122,#10123);
#10125=PLANE('',#10124);
#10127=ORIENTED_EDGE('',*,*,#10126,.F.);
#10128=ORIENTED_EDGE('',*,*,#9286,.T.);
#10130=ORIENTED_EDGE('',*,*,#10129,.T.);
#10132=ORIENTED_EDGE('',*,*,#10131,.F.);
#10133=EDGE_LOOP('',(#10127,#10128,#10130,#10132));
#10134=FACE_OUTER_BOUND('',#10133,.F.);
#10135=ADVANCED_FACE('',(#10134),#10125,.T.);
#10136=CARTESIAN_POINT('',(-1.382E1,1.27E0,-4.28E0));
#10137=DIRECTION('',(0.E0,-1.E0,0.E0));
#10138=DIRECTION('',(0.E0,0.E0,-1.E0));
#10139=AXIS2_PLACEMENT_3D('',#10136,#10137,#10138);
#10140=PLANE('',#10139);
#10142=ORIENTED_EDGE('',*,*,#10141,.F.);
#10143=ORIENTED_EDGE('',*,*,#9321,.T.);
#10145=ORIENTED_EDGE('',*,*,#10144,.T.);
#10147=ORIENTED_EDGE('',*,*,#10146,.F.);
#10148=EDGE_LOOP('',(#10142,#10143,#10145,#10147));
#10149=FACE_OUTER_BOUND('',#10148,.F.);
#10150=ADVANCED_FACE('',(#10149),#10140,.T.);
#10151=CARTESIAN_POINT('',(-1.382E1,1.27E0,-4.28E0));
#10152=DIRECTION('',(0.E0,-1.E0,0.E0));
#10153=DIRECTION('',(0.E0,0.E0,-1.E0));
#10154=AXIS2_PLACEMENT_3D('',#10151,#10152,#10153);
#10155=PLANE('',#10154);
#10157=ORIENTED_EDGE('',*,*,#10156,.F.);
#10158=ORIENTED_EDGE('',*,*,#9356,.T.);
#10160=ORIENTED_EDGE('',*,*,#10159,.T.);
#10162=ORIENTED_EDGE('',*,*,#10161,.F.);
#10163=EDGE_LOOP('',(#10157,#10158,#10160,#10162));
#10164=FACE_OUTER_BOUND('',#10163,.F.);
#10165=ADVANCED_FACE('',(#10164),#10155,.T.);
#10166=CARTESIAN_POINT('',(-1.382E1,1.27E0,-4.28E0));
#10167=DIRECTION('',(0.E0,-1.E0,0.E0));
#10168=DIRECTION('',(0.E0,0.E0,-1.E0));
#10169=AXIS2_PLACEMENT_3D('',#10166,#10167,#10168);
#10170=PLANE('',#10169);
#10172=ORIENTED_EDGE('',*,*,#10171,.F.);
#10173=ORIENTED_EDGE('',*,*,#9391,.T.);
#10175=ORIENTED_EDGE('',*,*,#10174,.T.);
#10177=ORIENTED_EDGE('',*,*,#10176,.F.);
#10178=EDGE_LOOP('',(#10172,#10173,#10175,#10177));
#10179=FACE_OUTER_BOUND('',#10178,.F.);
#10180=ADVANCED_FACE('',(#10179),#10170,.T.);
#10181=CARTESIAN_POINT('',(-1.382E1,1.27E0,-4.28E0));
#10182=DIRECTION('',(0.E0,-1.E0,0.E0));
#10183=DIRECTION('',(0.E0,0.E0,-1.E0));
#10184=AXIS2_PLACEMENT_3D('',#10181,#10182,#10183);
#10185=PLANE('',#10184);
#10187=ORIENTED_EDGE('',*,*,#10186,.F.);
#10188=ORIENTED_EDGE('',*,*,#9425,.T.);
#10190=ORIENTED_EDGE('',*,*,#10189,.T.);
#10192=ORIENTED_EDGE('',*,*,#10191,.F.);
#10193=EDGE_LOOP('',(#10187,#10188,#10190,#10192));
#10194=FACE_OUTER_BOUND('',#10193,.F.);
#10195=ADVANCED_FACE('',(#10194),#10185,.T.);
#10196=CARTESIAN_POINT('',(-1.382E1,1.27E0,-4.28E0));
#10197=DIRECTION('',(0.E0,-1.E0,0.E0));
#10198=DIRECTION('',(0.E0,0.E0,-1.E0));
#10199=AXIS2_PLACEMENT_3D('',#10196,#10197,#10198);
#10200=PLANE('',#10199);
#10202=ORIENTED_EDGE('',*,*,#10201,.T.);
#10204=ORIENTED_EDGE('',*,*,#10203,.F.);
#10206=ORIENTED_EDGE('',*,*,#10205,.F.);
#10207=ORIENTED_EDGE('',*,*,#9490,.T.);
#10208=EDGE_LOOP('',(#10202,#10204,#10206,#10207));
#10209=FACE_OUTER_BOUND('',#10208,.F.);
#10210=ADVANCED_FACE('',(#10209),#10200,.T.);
#10211=CARTESIAN_POINT('',(-1.382E1,1.27E0,-4.28E0));
#10212=DIRECTION('',(0.E0,-1.E0,0.E0));
#10213=DIRECTION('',(0.E0,0.E0,-1.E0));
#10214=AXIS2_PLACEMENT_3D('',#10211,#10212,#10213);
#10215=PLANE('',#10214);
#10217=ORIENTED_EDGE('',*,*,#10216,.F.);
#10218=ORIENTED_EDGE('',*,*,#9474,.T.);
#10220=ORIENTED_EDGE('',*,*,#10219,.T.);
#10222=ORIENTED_EDGE('',*,*,#10221,.F.);
#10223=EDGE_LOOP('',(#10217,#10218,#10220,#10222));
#10224=FACE_OUTER_BOUND('',#10223,.F.);
#10225=ADVANCED_FACE('',(#10224),#10215,.T.);
#10226=CARTESIAN_POINT('',(-1.382E1,1.27E0,-4.95E0));
#10227=DIRECTION('',(0.E0,0.E0,-1.E0));
#10228=DIRECTION('',(0.E0,1.E0,0.E0));
#10229=AXIS2_PLACEMENT_3D('',#10226,#10227,#10228);
#10230=PLANE('',#10229);
#10231=ORIENTED_EDGE('',*,*,#7403,.F.);
#10232=ORIENTED_EDGE('',*,*,#10073,.T.);
#10233=ORIENTED_EDGE('',*,*,#8100,.T.);
#10235=ORIENTED_EDGE('',*,*,#10234,.F.);
#10236=EDGE_LOOP('',(#10231,#10232,#10233,#10235));
#10237=FACE_OUTER_BOUND('',#10236,.F.);
#10238=ADVANCED_FACE('',(#10237),#10230,.T.);
#10239=CARTESIAN_POINT('',(-1.382E1,1.27E0,-4.95E0));
#10240=DIRECTION('',(0.E0,0.E0,-1.E0));
#10241=DIRECTION('',(0.E0,1.E0,0.E0));
#10242=AXIS2_PLACEMENT_3D('',#10239,#10240,#10241);
#10243=PLANE('',#10242);
#10244=ORIENTED_EDGE('',*,*,#10085,.T.);
#10245=ORIENTED_EDGE('',*,*,#7644,.T.);
#10247=ORIENTED_EDGE('',*,*,#10246,.F.);
#10248=ORIENTED_EDGE('',*,*,#10052,.F.);
#10249=EDGE_LOOP('',(#10244,#10245,#10247,#10248));
#10250=FACE_OUTER_BOUND('',#10249,.F.);
#10251=ADVANCED_FACE('',(#10250),#10243,.T.);
#10252=CARTESIAN_POINT('',(-1.382E1,1.27E0,-4.95E0));
#10253=DIRECTION('',(0.E0,0.E0,-1.E0));
#10254=DIRECTION('',(0.E0,1.E0,0.E0));
#10255=AXIS2_PLACEMENT_3D('',#10252,#10253,#10254);
#10256=PLANE('',#10255);
#10258=ORIENTED_EDGE('',*,*,#10257,.F.);
#10259=ORIENTED_EDGE('',*,*,#10101,.T.);
#10261=ORIENTED_EDGE('',*,*,#10260,.T.);
#10263=ORIENTED_EDGE('',*,*,#10262,.F.);
#10264=EDGE_LOOP('',(#10258,#10259,#10261,#10263));
#10265=FACE_OUTER_BOUND('',#10264,.F.);
#10266=ADVANCED_FACE('',(#10265),#10256,.T.);
#10267=CARTESIAN_POINT('',(-1.382E1,1.27E0,-4.95E0));
#10268=DIRECTION('',(0.E0,0.E0,-1.E0));
#10269=DIRECTION('',(0.E0,1.E0,0.E0));
#10270=AXIS2_PLACEMENT_3D('',#10267,#10268,#10269);
#10271=PLANE('',#10270);
#10273=ORIENTED_EDGE('',*,*,#10272,.F.);
#10274=ORIENTED_EDGE('',*,*,#10116,.T.);
#10276=ORIENTED_EDGE('',*,*,#10275,.T.);
#10278=ORIENTED_EDGE('',*,*,#10277,.F.);
#10279=EDGE_LOOP('',(#10273,#10274,#10276,#10278));
#10280=FACE_OUTER_BOUND('',#10279,.F.);
#10281=ADVANCED_FACE('',(#10280),#10271,.T.);
#10282=CARTESIAN_POINT('',(-1.382E1,1.27E0,-4.95E0));
#10283=DIRECTION('',(0.E0,0.E0,-1.E0));
#10284=DIRECTION('',(0.E0,1.E0,0.E0));
#10285=AXIS2_PLACEMENT_3D('',#10282,#10283,#10284);
#10286=PLANE('',#10285);
#10288=ORIENTED_EDGE('',*,*,#10287,.F.);
#10289=ORIENTED_EDGE('',*,*,#10131,.T.);
#10291=ORIENTED_EDGE('',*,*,#10290,.T.);
#10293=ORIENTED_EDGE('',*,*,#10292,.F.);
#10294=EDGE_LOOP('',(#10288,#10289,#10291,#10293));
#10295=FACE_OUTER_BOUND('',#10294,.F.);
#10296=ADVANCED_FACE('',(#10295),#10286,.T.);
#10297=CARTESIAN_POINT('',(-1.382E1,1.27E0,-4.95E0));
#10298=DIRECTION('',(0.E0,0.E0,-1.E0));
#10299=DIRECTION('',(0.E0,1.E0,0.E0));
#10300=AXIS2_PLACEMENT_3D('',#10297,#10298,#10299);
#10301=PLANE('',#10300);
#10303=ORIENTED_EDGE('',*,*,#10302,.F.);
#10304=ORIENTED_EDGE('',*,*,#10146,.T.);
#10306=ORIENTED_EDGE('',*,*,#10305,.T.);
#10308=ORIENTED_EDGE('',*,*,#10307,.F.);
#10309=EDGE_LOOP('',(#10303,#10304,#10306,#10308));
#10310=FACE_OUTER_BOUND('',#10309,.F.);
#10311=ADVANCED_FACE('',(#10310),#10301,.T.);
#10312=CARTESIAN_POINT('',(-1.382E1,1.27E0,-4.95E0));
#10313=DIRECTION('',(0.E0,0.E0,-1.E0));
#10314=DIRECTION('',(0.E0,1.E0,0.E0));
#10315=AXIS2_PLACEMENT_3D('',#10312,#10313,#10314);
#10316=PLANE('',#10315);
#10318=ORIENTED_EDGE('',*,*,#10317,.F.);
#10319=ORIENTED_EDGE('',*,*,#10161,.T.);
#10321=ORIENTED_EDGE('',*,*,#10320,.T.);
#10323=ORIENTED_EDGE('',*,*,#10322,.F.);
#10324=EDGE_LOOP('',(#10318,#10319,#10321,#10323));
#10325=FACE_OUTER_BOUND('',#10324,.F.);
#10326=ADVANCED_FACE('',(#10325),#10316,.T.);
#10327=CARTESIAN_POINT('',(-1.382E1,1.27E0,-4.95E0));
#10328=DIRECTION('',(0.E0,0.E0,-1.E0));
#10329=DIRECTION('',(0.E0,1.E0,0.E0));
#10330=AXIS2_PLACEMENT_3D('',#10327,#10328,#10329);
#10331=PLANE('',#10330);
#10333=ORIENTED_EDGE('',*,*,#10332,.F.);
#10334=ORIENTED_EDGE('',*,*,#10176,.T.);
#10336=ORIENTED_EDGE('',*,*,#10335,.T.);
#10338=ORIENTED_EDGE('',*,*,#10337,.F.);
#10339=EDGE_LOOP('',(#10333,#10334,#10336,#10338));
#10340=FACE_OUTER_BOUND('',#10339,.F.);
#10341=ADVANCED_FACE('',(#10340),#10331,.T.);
#10342=CARTESIAN_POINT('',(-1.382E1,1.27E0,-4.95E0));
#10343=DIRECTION('',(0.E0,0.E0,-1.E0));
#10344=DIRECTION('',(0.E0,1.E0,0.E0));
#10345=AXIS2_PLACEMENT_3D('',#10342,#10343,#10344);
#10346=PLANE('',#10345);
#10348=ORIENTED_EDGE('',*,*,#10347,.F.);
#10349=ORIENTED_EDGE('',*,*,#10191,.T.);
#10351=ORIENTED_EDGE('',*,*,#10350,.T.);
#10353=ORIENTED_EDGE('',*,*,#10352,.F.);
#10354=EDGE_LOOP('',(#10348,#10349,#10351,#10353));
#10355=FACE_OUTER_BOUND('',#10354,.F.);
#10356=ADVANCED_FACE('',(#10355),#10346,.T.);
#10357=CARTESIAN_POINT('',(-1.382E1,1.27E0,-4.95E0));
#10358=DIRECTION('',(0.E0,0.E0,-1.E0));
#10359=DIRECTION('',(0.E0,1.E0,0.E0));
#10360=AXIS2_PLACEMENT_3D('',#10357,#10358,#10359);
#10361=PLANE('',#10360);
#10363=ORIENTED_EDGE('',*,*,#10362,.T.);
#10365=ORIENTED_EDGE('',*,*,#10364,.F.);
#10367=ORIENTED_EDGE('',*,*,#10366,.F.);
#10368=ORIENTED_EDGE('',*,*,#10203,.T.);
#10369=EDGE_LOOP('',(#10363,#10365,#10367,#10368));
#10370=FACE_OUTER_BOUND('',#10369,.F.);
#10371=ADVANCED_FACE('',(#10370),#10361,.T.);
#10372=CARTESIAN_POINT('',(-1.382E1,1.27E0,-4.95E0));
#10373=DIRECTION('',(0.E0,0.E0,-1.E0));
#10374=DIRECTION('',(0.E0,1.E0,0.E0));
#10375=AXIS2_PLACEMENT_3D('',#10372,#10373,#10374);
#10376=PLANE('',#10375);
#10378=ORIENTED_EDGE('',*,*,#10377,.F.);
#10379=ORIENTED_EDGE('',*,*,#10221,.T.);
#10381=ORIENTED_EDGE('',*,*,#10380,.T.);
#10383=ORIENTED_EDGE('',*,*,#10382,.F.);
#10384=EDGE_LOOP('',(#10378,#10379,#10381,#10383));
#10385=FACE_OUTER_BOUND('',#10384,.F.);
#10386=ADVANCED_FACE('',(#10385),#10376,.T.);
#10387=CARTESIAN_POINT('',(-1.382E1,1.93E0,-4.95E0));
#10388=DIRECTION('',(0.E0,1.E0,0.E0));
#10389=DIRECTION('',(0.E0,0.E0,1.E0));
#10390=AXIS2_PLACEMENT_3D('',#10387,#10388,#10389);
#10391=PLANE('',#10390);
#10393=ORIENTED_EDGE('',*,*,#10392,.T.);
#10395=ORIENTED_EDGE('',*,*,#10394,.T.);
#10397=ORIENTED_EDGE('',*,*,#10396,.F.);
#10398=ORIENTED_EDGE('',*,*,#10382,.T.);
#10400=ORIENTED_EDGE('',*,*,#10399,.T.);
#10402=ORIENTED_EDGE('',*,*,#10401,.T.);
#10404=ORIENTED_EDGE('',*,*,#10403,.F.);
#10405=ORIENTED_EDGE('',*,*,#10352,.T.);
#10407=ORIENTED_EDGE('',*,*,#10406,.T.);
#10409=ORIENTED_EDGE('',*,*,#10408,.T.);
#10411=ORIENTED_EDGE('',*,*,#10410,.F.);
#10412=ORIENTED_EDGE('',*,*,#10337,.T.);
#10414=ORIENTED_EDGE('',*,*,#10413,.T.);
#10416=ORIENTED_EDGE('',*,*,#10415,.T.);
#10418=ORIENTED_EDGE('',*,*,#10417,.F.);
#10419=ORIENTED_EDGE('',*,*,#10322,.T.);
#10421=ORIENTED_EDGE('',*,*,#10420,.T.);
#10423=ORIENTED_EDGE('',*,*,#10422,.T.);
#10425=ORIENTED_EDGE('',*,*,#10424,.F.);
#10426=ORIENTED_EDGE('',*,*,#10307,.T.);
#10428=ORIENTED_EDGE('',*,*,#10427,.T.);
#10430=ORIENTED_EDGE('',*,*,#10429,.T.);
#10432=ORIENTED_EDGE('',*,*,#10431,.F.);
#10433=ORIENTED_EDGE('',*,*,#10292,.T.);
#10435=ORIENTED_EDGE('',*,*,#10434,.T.);
#10437=ORIENTED_EDGE('',*,*,#10436,.T.);
#10439=ORIENTED_EDGE('',*,*,#10438,.F.);
#10440=ORIENTED_EDGE('',*,*,#10277,.T.);
#10442=ORIENTED_EDGE('',*,*,#10441,.T.);
#10444=ORIENTED_EDGE('',*,*,#10443,.T.);
#10446=ORIENTED_EDGE('',*,*,#10445,.F.);
#10447=ORIENTED_EDGE('',*,*,#10262,.T.);
#10449=ORIENTED_EDGE('',*,*,#10448,.T.);
#10451=ORIENTED_EDGE('',*,*,#10450,.T.);
#10452=ORIENTED_EDGE('',*,*,#7405,.F.);
#10453=ORIENTED_EDGE('',*,*,#10234,.T.);
#10454=ORIENTED_EDGE('',*,*,#8098,.T.);
#10455=ORIENTED_EDGE('',*,*,#8147,.F.);
#10456=ORIENTED_EDGE('',*,*,#8258,.F.);
#10458=ORIENTED_EDGE('',*,*,#10457,.F.);
#10459=ORIENTED_EDGE('',*,*,#10054,.F.);
#10460=ORIENTED_EDGE('',*,*,#10246,.T.);
#10461=ORIENTED_EDGE('',*,*,#7642,.T.);
#10463=ORIENTED_EDGE('',*,*,#10462,.T.);
#10465=ORIENTED_EDGE('',*,*,#10464,.F.);
#10466=ORIENTED_EDGE('',*,*,#10364,.T.);
#10467=EDGE_LOOP('',(#10393,#10395,#10397,#10398,#10400,#10402,#10404,#10405,
#10407,#10409,#10411,#10412,#10414,#10416,#10418,#10419,#10421,#10423,#10425,
#10426,#10428,#10430,#10432,#10433,#10435,#10437,#10439,#10440,#10442,#10444,
#10446,#10447,#10449,#10451,#10452,#10453,#10454,#10455,#10456,#10458,#10459,
#10460,#10461,#10463,#10465,#10466));
#10468=FACE_OUTER_BOUND('',#10467,.F.);
#10469=ADVANCED_FACE('',(#10468),#10391,.T.);
#10470=CARTESIAN_POINT('',(-1.082E1,1.93E0,-4.95E0));
#10471=DIRECTION('',(-1.E0,0.E0,0.E0));
#10472=DIRECTION('',(0.E0,0.E0,1.E0));
#10473=AXIS2_PLACEMENT_3D('',#10470,#10471,#10472);
#10474=PLANE('',#10473);
#10476=ORIENTED_EDGE('',*,*,#10475,.T.);
#10477=ORIENTED_EDGE('',*,*,#7364,.F.);
#10478=ORIENTED_EDGE('',*,*,#8007,.F.);
#10480=ORIENTED_EDGE('',*,*,#10479,.T.);
#10482=ORIENTED_EDGE('',*,*,#10481,.F.);
#10483=EDGE_LOOP('',(#10476,#10477,#10478,#10480,#10482));
#10484=FACE_OUTER_BOUND('',#10483,.F.);
#10485=ADVANCED_FACE('',(#10484),#10474,.F.);
#10486=CARTESIAN_POINT('',(-1.082E1,1.93E0,-4.95E0));
#10487=DIRECTION('',(-1.E0,0.E0,0.E0));
#10488=DIRECTION('',(0.E0,0.E0,1.E0));
#10489=AXIS2_PLACEMENT_3D('',#10486,#10487,#10488);
#10490=PLANE('',#10489);
#10492=ORIENTED_EDGE('',*,*,#10491,.F.);
#10494=ORIENTED_EDGE('',*,*,#10493,.F.);
#10495=ORIENTED_EDGE('',*,*,#10392,.F.);
#10496=ORIENTED_EDGE('',*,*,#10362,.F.);
#10497=ORIENTED_EDGE('',*,*,#10201,.F.);
#10498=ORIENTED_EDGE('',*,*,#9488,.F.);
#10499=EDGE_LOOP('',(#10492,#10494,#10495,#10496,#10497,#10498));
#10500=FACE_OUTER_BOUND('',#10499,.F.);
#10501=ADVANCED_FACE('',(#10500),#10490,.F.);
#10502=CARTESIAN_POINT('',(-1.082E1,1.93E0,-4.95E0));
#10503=DIRECTION('',(-1.E0,0.E0,0.E0));
#10504=DIRECTION('',(0.E0,0.E0,1.E0));
#10505=AXIS2_PLACEMENT_3D('',#10502,#10503,#10504);
#10506=PLANE('',#10505);
#10508=ORIENTED_EDGE('',*,*,#10507,.T.);
#10509=ORIENTED_EDGE('',*,*,#9878,.T.);
#10510=ORIENTED_EDGE('',*,*,#9681,.T.);
#10512=ORIENTED_EDGE('',*,*,#10511,.T.);
#10514=ORIENTED_EDGE('',*,*,#10513,.T.);
#10516=ORIENTED_EDGE('',*,*,#10515,.T.);
#10518=ORIENTED_EDGE('',*,*,#10517,.F.);
#10519=EDGE_LOOP('',(#10508,#10509,#10510,#10512,#10514,#10516,#10518));
#10520=FACE_OUTER_BOUND('',#10519,.F.);
#10521=ADVANCED_FACE('',(#10520),#10506,.F.);
#10522=CARTESIAN_POINT('',(-1.018E1,-1.65E0,-4.34E0));
#10523=DIRECTION('',(0.E0,0.E0,-1.E0));
#10524=DIRECTION('',(0.E0,1.E0,0.E0));
#10525=AXIS2_PLACEMENT_3D('',#10522,#10523,#10524);
#10526=PLANE('',#10525);
#10527=ORIENTED_EDGE('',*,*,#10475,.F.);
#10529=ORIENTED_EDGE('',*,*,#10528,.F.);
#10531=ORIENTED_EDGE('',*,*,#10530,.T.);
#10533=ORIENTED_EDGE('',*,*,#10532,.T.);
#10535=ORIENTED_EDGE('',*,*,#10534,.T.);
#10537=ORIENTED_EDGE('',*,*,#10536,.F.);
#10538=EDGE_LOOP('',(#10527,#10529,#10531,#10533,#10535,#10537));
#10539=FACE_OUTER_BOUND('',#10538,.F.);
#10540=ADVANCED_FACE('',(#10539),#10526,.T.);
#10541=CARTESIAN_POINT('',(-1.018E1,-1.65E0,-4.59E0));
#10542=DIRECTION('',(1.E0,0.E0,0.E0));
#10543=DIRECTION('',(0.E0,0.E0,-1.E0));
#10544=AXIS2_PLACEMENT_3D('',#10541,#10542,#10543);
#10545=CYLINDRICAL_SURFACE('',#10544,2.5E-1);
#10546=ORIENTED_EDGE('',*,*,#10481,.T.);
#10548=ORIENTED_EDGE('',*,*,#10547,.F.);
#10550=ORIENTED_EDGE('',*,*,#10549,.F.);
#10552=ORIENTED_EDGE('',*,*,#10551,.T.);
#10554=ORIENTED_EDGE('',*,*,#10553,.F.);
#10555=ORIENTED_EDGE('',*,*,#10528,.T.);
#10556=EDGE_LOOP('',(#10546,#10548,#10550,#10552,#10554,#10555));
#10557=FACE_OUTER_BOUND('',#10556,.F.);
#10558=ADVANCED_FACE('',(#10557),#10545,.F.);
#10559=CARTESIAN_POINT('',(-1.082E1,0.E0,0.E0));
#10560=DIRECTION('',(1.E0,0.E0,0.E0));
#10561=DIRECTION('',(0.E0,0.E0,-1.E0));
#10562=AXIS2_PLACEMENT_3D('',#10559,#10560,#10561);
#10563=PLANE('',#10562);
#10564=ORIENTED_EDGE('',*,*,#7366,.F.);
#10565=ORIENTED_EDGE('',*,*,#10536,.T.);
#10567=ORIENTED_EDGE('',*,*,#10566,.T.);
#10568=ORIENTED_EDGE('',*,*,#9496,.F.);
#10569=ORIENTED_EDGE('',*,*,#10029,.F.);
#10570=ORIENTED_EDGE('',*,*,#9880,.T.);
#10572=ORIENTED_EDGE('',*,*,#10571,.T.);
#10574=ORIENTED_EDGE('',*,*,#10573,.T.);
#10575=ORIENTED_EDGE('',*,*,#9688,.T.);
#10576=ORIENTED_EDGE('',*,*,#9458,.F.);
#10577=EDGE_LOOP('',(#10564,#10565,#10567,#10568,#10569,#10570,#10572,#10574,
#10575,#10576));
#10578=FACE_OUTER_BOUND('',#10577,.F.);
#10579=ADVANCED_FACE('',(#10578),#10563,.F.);
#10580=CARTESIAN_POINT('',(-1.082E1,0.E0,0.E0));
#10581=DIRECTION('',(1.E0,0.E0,0.E0));
#10582=DIRECTION('',(0.E0,0.E0,-1.E0));
#10583=AXIS2_PLACEMENT_3D('',#10580,#10581,#10582);
#10584=PLANE('',#10583);
#10586=ORIENTED_EDGE('',*,*,#10585,.F.);
#10588=ORIENTED_EDGE('',*,*,#10587,.T.);
#10590=ORIENTED_EDGE('',*,*,#10589,.T.);
#10592=ORIENTED_EDGE('',*,*,#10591,.T.);
#10594=ORIENTED_EDGE('',*,*,#10593,.T.);
#10595=ORIENTED_EDGE('',*,*,#10547,.T.);
#10596=EDGE_LOOP('',(#10586,#10588,#10590,#10592,#10594,#10595));
#10597=FACE_OUTER_BOUND('',#10596,.F.);
#10598=ADVANCED_FACE('',(#10597),#10584,.F.);
#10599=CARTESIAN_POINT('',(-1.082E1,0.E0,0.E0));
#10600=DIRECTION('',(1.E0,0.E0,0.E0));
#10601=DIRECTION('',(0.E0,0.E0,-1.E0));
#10602=AXIS2_PLACEMENT_3D('',#10599,#10600,#10601);
#10603=PLANE('',#10602);
#10605=ORIENTED_EDGE('',*,*,#10604,.F.);
#10607=ORIENTED_EDGE('',*,*,#10606,.T.);
#10608=ORIENTED_EDGE('',*,*,#8434,.T.);
#10610=ORIENTED_EDGE('',*,*,#10609,.T.);
#10611=EDGE_LOOP('',(#10605,#10607,#10608,#10610));
#10612=FACE_OUTER_BOUND('',#10611,.F.);
#10613=ADVANCED_FACE('',(#10612),#10603,.F.);
#10614=CARTESIAN_POINT('',(-1.018E1,1.055E0,-4.34E0));
#10615=DIRECTION('',(0.E0,1.E0,0.E0));
#10616=DIRECTION('',(0.E0,0.E0,1.E0));
#10617=AXIS2_PLACEMENT_3D('',#10614,#10615,#10616);
#10618=PLANE('',#10617);
#10619=ORIENTED_EDGE('',*,*,#10491,.T.);
#10620=ORIENTED_EDGE('',*,*,#10566,.F.);
#10621=ORIENTED_EDGE('',*,*,#10534,.F.);
#10623=ORIENTED_EDGE('',*,*,#10622,.T.);
#10625=ORIENTED_EDGE('',*,*,#10624,.F.);
#10627=ORIENTED_EDGE('',*,*,#10626,.F.);
#10628=EDGE_LOOP('',(#10619,#10620,#10621,#10623,#10625,#10627));
#10629=FACE_OUTER_BOUND('',#10628,.F.);
#10630=ADVANCED_FACE('',(#10629),#10618,.T.);
#10631=CARTESIAN_POINT('',(-1.018E1,0.E0,0.E0));
#10632=DIRECTION('',(1.E0,0.E0,0.E0));
#10633=DIRECTION('',(0.E0,0.E0,-1.E0));
#10634=AXIS2_PLACEMENT_3D('',#10631,#10632,#10633);
#10635=PLANE('',#10634);
#10636=ORIENTED_EDGE('',*,*,#7348,.T.);
#10637=ORIENTED_EDGE('',*,*,#9443,.T.);
#10638=ORIENTED_EDGE('',*,*,#9671,.F.);
#10640=ORIENTED_EDGE('',*,*,#10639,.F.);
#10642=ORIENTED_EDGE('',*,*,#10641,.F.);
#10643=ORIENTED_EDGE('',*,*,#9863,.F.);
#10644=ORIENTED_EDGE('',*,*,#10015,.T.);
#10645=ORIENTED_EDGE('',*,*,#9478,.T.);
#10646=ORIENTED_EDGE('',*,*,#10622,.F.);
#10647=ORIENTED_EDGE('',*,*,#10532,.F.);
#10648=EDGE_LOOP('',(#10636,#10637,#10638,#10640,#10642,#10643,#10644,#10645,
#10646,#10647));
#10649=FACE_OUTER_BOUND('',#10648,.F.);
#10650=ADVANCED_FACE('',(#10649),#10635,.T.);
#10651=CARTESIAN_POINT('',(-1.018E1,0.E0,0.E0));
#10652=DIRECTION('',(1.E0,0.E0,0.E0));
#10653=DIRECTION('',(0.E0,0.E0,-1.E0));
#10654=AXIS2_PLACEMENT_3D('',#10651,#10652,#10653);
#10655=PLANE('',#10654);
#10657=ORIENTED_EDGE('',*,*,#10656,.T.);
#10658=ORIENTED_EDGE('',*,*,#10551,.F.);
#10660=ORIENTED_EDGE('',*,*,#10659,.F.);
#10662=ORIENTED_EDGE('',*,*,#10661,.F.);
#10664=ORIENTED_EDGE('',*,*,#10663,.F.);
#10666=ORIENTED_EDGE('',*,*,#10665,.F.);
#10667=EDGE_LOOP('',(#10657,#10658,#10660,#10662,#10664,#10666));
#10668=FACE_OUTER_BOUND('',#10667,.F.);
#10669=ADVANCED_FACE('',(#10668),#10655,.T.);
#10670=CARTESIAN_POINT('',(-1.018E1,0.E0,0.E0));
#10671=DIRECTION('',(1.E0,0.E0,0.E0));
#10672=DIRECTION('',(0.E0,0.E0,-1.E0));
#10673=AXIS2_PLACEMENT_3D('',#10670,#10671,#10672);
#10674=PLANE('',#10673);
#10676=ORIENTED_EDGE('',*,*,#10675,.F.);
#10678=ORIENTED_EDGE('',*,*,#10677,.F.);
#10679=ORIENTED_EDGE('',*,*,#8430,.F.);
#10681=ORIENTED_EDGE('',*,*,#10680,.F.);
#10682=EDGE_LOOP('',(#10676,#10678,#10679,#10681));
#10683=FACE_OUTER_BOUND('',#10682,.F.);
#10684=ADVANCED_FACE('',(#10683),#10674,.T.);
#10685=CARTESIAN_POINT('',(-1.018E1,-3.2E-1,-3.7E0));
#10686=DIRECTION('',(0.E0,0.E0,1.E0));
#10687=DIRECTION('',(0.E0,-1.E0,0.E0));
#10688=AXIS2_PLACEMENT_3D('',#10685,#10686,#10687);
#10689=PLANE('',#10688);
#10690=ORIENTED_EDGE('',*,*,#10511,.F.);
#10691=ORIENTED_EDGE('',*,*,#10573,.F.);
#10693=ORIENTED_EDGE('',*,*,#10692,.F.);
#10694=ORIENTED_EDGE('',*,*,#10639,.T.);
#10696=ORIENTED_EDGE('',*,*,#10695,.T.);
#10698=ORIENTED_EDGE('',*,*,#10697,.T.);
#10699=EDGE_LOOP('',(#10690,#10691,#10693,#10694,#10696,#10698));
#10700=FACE_OUTER_BOUND('',#10699,.F.);
#10701=ADVANCED_FACE('',(#10700),#10689,.T.);
#10702=CARTESIAN_POINT('',(-1.018E1,-3.2E-1,2.46E0));
#10703=DIRECTION('',(0.E0,-1.E0,0.E0));
#10704=DIRECTION('',(0.E0,0.E0,-1.E0));
#10705=AXIS2_PLACEMENT_3D('',#10702,#10703,#10704);
#10706=PLANE('',#10705);
#10707=ORIENTED_EDGE('',*,*,#10507,.F.);
#10709=ORIENTED_EDGE('',*,*,#10708,.T.);
#10711=ORIENTED_EDGE('',*,*,#10710,.T.);
#10712=ORIENTED_EDGE('',*,*,#10641,.T.);
#10713=ORIENTED_EDGE('',*,*,#10692,.T.);
#10714=ORIENTED_EDGE('',*,*,#10571,.F.);
#10715=EDGE_LOOP('',(#10707,#10709,#10711,#10712,#10713,#10714));
#10716=FACE_OUTER_BOUND('',#10715,.F.);
#10717=ADVANCED_FACE('',(#10716),#10706,.T.);
#10718=CARTESIAN_POINT('',(-1.018E1,-3.2E-1,2.46E0));
#10719=DIRECTION('',(0.E0,-1.E0,0.E0));
#10720=DIRECTION('',(0.E0,0.E0,-1.E0));
#10721=AXIS2_PLACEMENT_3D('',#10718,#10719,#10720);
#10722=PLANE('',#10721);
#10724=ORIENTED_EDGE('',*,*,#10723,.F.);
#10725=ORIENTED_EDGE('',*,*,#10680,.T.);
#10726=ORIENTED_EDGE('',*,*,#8436,.F.);
#10727=ORIENTED_EDGE('',*,*,#10606,.F.);
#10728=EDGE_LOOP('',(#10724,#10725,#10726,#10727));
#10729=FACE_OUTER_BOUND('',#10728,.F.);
#10730=ADVANCED_FACE('',(#10729),#10722,.T.);
#10731=CARTESIAN_POINT('',(-1.082E1,1.93E0,-3.6E0));
#10732=DIRECTION('',(0.E0,0.E0,1.E0));
#10733=DIRECTION('',(1.E0,0.E0,0.E0));
#10734=AXIS2_PLACEMENT_3D('',#10731,#10732,#10733);
#10735=PLANE('',#10734);
#10736=ORIENTED_EDGE('',*,*,#10626,.T.);
#10738=ORIENTED_EDGE('',*,*,#10737,.F.);
#10739=ORIENTED_EDGE('',*,*,#10394,.F.);
#10740=ORIENTED_EDGE('',*,*,#10493,.T.);
#10741=EDGE_LOOP('',(#10736,#10738,#10739,#10740));
#10742=FACE_OUTER_BOUND('',#10741,.F.);
#10743=ADVANCED_FACE('',(#10742),#10735,.F.);
#10744=CARTESIAN_POINT('',(-1.082E1,1.93E0,-3.6E0));
#10745=DIRECTION('',(0.E0,0.E0,1.E0));
#10746=DIRECTION('',(1.E0,0.E0,0.E0));
#10747=AXIS2_PLACEMENT_3D('',#10744,#10745,#10746);
#10748=PLANE('',#10747);
#10749=ORIENTED_EDGE('',*,*,#10708,.F.);
#10750=ORIENTED_EDGE('',*,*,#10517,.T.);
#10752=ORIENTED_EDGE('',*,*,#10751,.T.);
#10754=ORIENTED_EDGE('',*,*,#10753,.F.);
#10755=EDGE_LOOP('',(#10749,#10750,#10752,#10754));
#10756=FACE_OUTER_BOUND('',#10755,.F.);
#10757=ADVANCED_FACE('',(#10756),#10748,.F.);
#10758=CARTESIAN_POINT('',(-1.018E1,1.93E0,-3.6E0));
#10759=DIRECTION('',(1.E0,0.E0,0.E0));
#10760=DIRECTION('',(0.E0,0.E0,-1.E0));
#10761=AXIS2_PLACEMENT_3D('',#10758,#10759,#10760);
#10762=PLANE('',#10761);
#10763=ORIENTED_EDGE('',*,*,#10530,.F.);
#10764=ORIENTED_EDGE('',*,*,#10553,.T.);
#10766=ORIENTED_EDGE('',*,*,#10765,.F.);
#10767=ORIENTED_EDGE('',*,*,#7987,.T.);
#10768=ORIENTED_EDGE('',*,*,#7338,.T.);
#10769=EDGE_LOOP('',(#10763,#10764,#10766,#10767,#10768));
#10770=FACE_OUTER_BOUND('',#10769,.F.);
#10771=ADVANCED_FACE('',(#10770),#10762,.F.);
#10772=CARTESIAN_POINT('',(-1.018E1,1.93E0,-3.6E0));
#10773=DIRECTION('',(1.E0,0.E0,0.E0));
#10774=DIRECTION('',(0.E0,0.E0,-1.E0));
#10775=AXIS2_PLACEMENT_3D('',#10772,#10773,#10774);
#10776=PLANE('',#10775);
#10777=ORIENTED_EDGE('',*,*,#10624,.T.);
#10778=ORIENTED_EDGE('',*,*,#9476,.T.);
#10779=ORIENTED_EDGE('',*,*,#10216,.T.);
#10780=ORIENTED_EDGE('',*,*,#10377,.T.);
#10781=ORIENTED_EDGE('',*,*,#10396,.T.);
#10782=ORIENTED_EDGE('',*,*,#10737,.T.);
#10783=EDGE_LOOP('',(#10777,#10778,#10779,#10780,#10781,#10782));
#10784=FACE_OUTER_BOUND('',#10783,.F.);
#10785=ADVANCED_FACE('',(#10784),#10776,.F.);
#10786=CARTESIAN_POINT('',(-1.018E1,1.93E0,-3.6E0));
#10787=DIRECTION('',(1.E0,0.E0,0.E0));
#10788=DIRECTION('',(0.E0,0.E0,-1.E0));
#10789=AXIS2_PLACEMENT_3D('',#10786,#10787,#10788);
#10790=PLANE('',#10789);
#10791=ORIENTED_EDGE('',*,*,#10710,.F.);
#10792=ORIENTED_EDGE('',*,*,#10753,.T.);
#10794=ORIENTED_EDGE('',*,*,#10793,.F.);
#10796=ORIENTED_EDGE('',*,*,#10795,.F.);
#10797=ORIENTED_EDGE('',*,*,#10695,.F.);
#10798=ORIENTED_EDGE('',*,*,#9669,.F.);
#10799=ORIENTED_EDGE('',*,*,#9854,.F.);
#10800=EDGE_LOOP('',(#10791,#10792,#10794,#10796,#10797,#10798,#10799));
#10801=FACE_OUTER_BOUND('',#10800,.F.);
#10802=ADVANCED_FACE('',(#10801),#10790,.F.);
#10803=CARTESIAN_POINT('',(0.E0,-1.68E0,0.E0));
#10804=DIRECTION('',(0.E0,-1.E0,0.E0));
#10805=DIRECTION('',(0.E0,0.E0,-1.E0));
#10806=AXIS2_PLACEMENT_3D('',#10803,#10804,#10805);
#10807=PLANE('',#10806);
#10809=ORIENTED_EDGE('',*,*,#10808,.F.);
#10810=ORIENTED_EDGE('',*,*,#7845,.T.);
#10811=ORIENTED_EDGE('',*,*,#8026,.F.);
#10813=ORIENTED_EDGE('',*,*,#10812,.T.);
#10814=ORIENTED_EDGE('',*,*,#9108,.F.);
#10816=ORIENTED_EDGE('',*,*,#10815,.T.);
#10818=ORIENTED_EDGE('',*,*,#10817,.F.);
#10820=ORIENTED_EDGE('',*,*,#10819,.F.);
#10822=ORIENTED_EDGE('',*,*,#10821,.T.);
#10824=ORIENTED_EDGE('',*,*,#10823,.F.);
#10825=ORIENTED_EDGE('',*,*,#7899,.F.);
#10827=ORIENTED_EDGE('',*,*,#10826,.T.);
#10829=ORIENTED_EDGE('',*,*,#10828,.F.);
#10831=ORIENTED_EDGE('',*,*,#10830,.T.);
#10833=ORIENTED_EDGE('',*,*,#10832,.F.);
#10835=ORIENTED_EDGE('',*,*,#10834,.F.);
#10837=ORIENTED_EDGE('',*,*,#10836,.T.);
#10839=ORIENTED_EDGE('',*,*,#10838,.F.);
#10840=ORIENTED_EDGE('',*,*,#7914,.F.);
#10842=ORIENTED_EDGE('',*,*,#10841,.T.);
#10844=ORIENTED_EDGE('',*,*,#10843,.F.);
#10846=ORIENTED_EDGE('',*,*,#10845,.T.);
#10848=ORIENTED_EDGE('',*,*,#10847,.F.);
#10850=ORIENTED_EDGE('',*,*,#10849,.F.);
#10852=ORIENTED_EDGE('',*,*,#10851,.T.);
#10854=ORIENTED_EDGE('',*,*,#10853,.F.);
#10855=ORIENTED_EDGE('',*,*,#7929,.F.);
#10857=ORIENTED_EDGE('',*,*,#10856,.T.);
#10859=ORIENTED_EDGE('',*,*,#10858,.F.);
#10861=ORIENTED_EDGE('',*,*,#10860,.T.);
#10863=ORIENTED_EDGE('',*,*,#10862,.F.);
#10865=ORIENTED_EDGE('',*,*,#10864,.F.);
#10867=ORIENTED_EDGE('',*,*,#10866,.T.);
#10869=ORIENTED_EDGE('',*,*,#10868,.F.);
#10870=ORIENTED_EDGE('',*,*,#7944,.F.);
#10872=ORIENTED_EDGE('',*,*,#10871,.T.);
#10874=ORIENTED_EDGE('',*,*,#10873,.F.);
#10876=ORIENTED_EDGE('',*,*,#10875,.T.);
#10878=ORIENTED_EDGE('',*,*,#10877,.F.);
#10880=ORIENTED_EDGE('',*,*,#10879,.F.);
#10882=ORIENTED_EDGE('',*,*,#10881,.T.);
#10884=ORIENTED_EDGE('',*,*,#10883,.F.);
#10885=ORIENTED_EDGE('',*,*,#7959,.F.);
#10887=ORIENTED_EDGE('',*,*,#10886,.T.);
#10889=ORIENTED_EDGE('',*,*,#10888,.F.);
#10891=ORIENTED_EDGE('',*,*,#10890,.T.);
#10893=ORIENTED_EDGE('',*,*,#10892,.F.);
#10895=ORIENTED_EDGE('',*,*,#10894,.F.);
#10897=ORIENTED_EDGE('',*,*,#10896,.T.);
#10899=ORIENTED_EDGE('',*,*,#10898,.F.);
#10900=ORIENTED_EDGE('',*,*,#7974,.F.);
#10902=ORIENTED_EDGE('',*,*,#10901,.T.);
#10903=ORIENTED_EDGE('',*,*,#7134,.F.);
#10905=ORIENTED_EDGE('',*,*,#10904,.T.);
#10907=ORIENTED_EDGE('',*,*,#10906,.F.);
#10909=ORIENTED_EDGE('',*,*,#10908,.F.);
#10911=ORIENTED_EDGE('',*,*,#10910,.T.);
#10913=ORIENTED_EDGE('',*,*,#10912,.F.);
#10914=ORIENTED_EDGE('',*,*,#7989,.F.);
#10915=ORIENTED_EDGE('',*,*,#10765,.T.);
#10916=ORIENTED_EDGE('',*,*,#10656,.F.);
#10917=ORIENTED_EDGE('',*,*,#10793,.T.);
#10918=ORIENTED_EDGE('',*,*,#10751,.F.);
#10919=ORIENTED_EDGE('',*,*,#10515,.F.);
#10920=ORIENTED_EDGE('',*,*,#10585,.T.);
#10921=ORIENTED_EDGE('',*,*,#10479,.F.);
#10922=ORIENTED_EDGE('',*,*,#8005,.F.);
#10924=ORIENTED_EDGE('',*,*,#10923,.F.);
#10925=EDGE_LOOP('',(#10809,#10810,#10811,#10813,#10814,#10816,#10818,#10820,
#10822,#10824,#10825,#10827,#10829,#10831,#10833,#10835,#10837,#10839,#10840,
#10842,#10844,#10846,#10848,#10850,#10852,#10854,#10855,#10857,#10859,#10861,
#10863,#10865,#10867,#10869,#10870,#10872,#10874,#10876,#10878,#10880,#10882,
#10884,#10885,#10887,#10889,#10891,#10893,#10895,#10897,#10899,#10900,#10902,
#10903,#10905,#10907,#10909,#10911,#10913,#10914,#10915,#10916,#10917,#10918,
#10919,#10920,#10921,#10922,#10924));
#10926=FACE_OUTER_BOUND('',#10925,.F.);
#10927=ADVANCED_FACE('',(#10926),#10807,.T.);
#10928=CARTESIAN_POINT('',(8.75E0,-1.93E0,-3.1E0));
#10929=DIRECTION('',(0.E0,0.E0,-1.E0));
#10930=DIRECTION('',(1.E0,0.E0,0.E0));
#10931=AXIS2_PLACEMENT_3D('',#10928,#10929,#10930);
#10932=PLANE('',#10931);
#10933=ORIENTED_EDGE('',*,*,#10808,.T.);
#10935=ORIENTED_EDGE('',*,*,#10934,.T.);
#10937=ORIENTED_EDGE('',*,*,#10936,.F.);
#10939=ORIENTED_EDGE('',*,*,#10938,.T.);
#10941=ORIENTED_EDGE('',*,*,#10940,.T.);
#10943=ORIENTED_EDGE('',*,*,#10942,.F.);
#10945=ORIENTED_EDGE('',*,*,#10944,.F.);
#10947=ORIENTED_EDGE('',*,*,#10946,.T.);
#10949=ORIENTED_EDGE('',*,*,#10948,.T.);
#10951=ORIENTED_EDGE('',*,*,#10950,.F.);
#10953=ORIENTED_EDGE('',*,*,#10952,.F.);
#10954=ORIENTED_EDGE('',*,*,#7847,.F.);
#10955=EDGE_LOOP('',(#10933,#10935,#10937,#10939,#10941,#10943,#10945,#10947,
#10949,#10951,#10953,#10954));
#10956=FACE_OUTER_BOUND('',#10955,.F.);
#10957=ADVANCED_FACE('',(#10956),#10932,.T.);
#10958=CARTESIAN_POINT('',(-1.242E1,-1.93E0,-4.95E0));
#10959=DIRECTION('',(1.E0,0.E0,0.E0));
#10960=DIRECTION('',(0.E0,0.E0,1.E0));
#10961=AXIS2_PLACEMENT_3D('',#10958,#10959,#10960);
#10962=PLANE('',#10961);
#10963=ORIENTED_EDGE('',*,*,#7460,.F.);
#10964=ORIENTED_EDGE('',*,*,#7544,.T.);
#10966=ORIENTED_EDGE('',*,*,#10965,.T.);
#10968=ORIENTED_EDGE('',*,*,#10967,.T.);
#10970=ORIENTED_EDGE('',*,*,#10969,.F.);
#10971=ORIENTED_EDGE('',*,*,#7536,.T.);
#10972=ORIENTED_EDGE('',*,*,#8266,.F.);
#10974=ORIENTED_EDGE('',*,*,#10973,.T.);
#10975=ORIENTED_EDGE('',*,*,#10934,.F.);
#10976=ORIENTED_EDGE('',*,*,#10923,.T.);
#10977=ORIENTED_EDGE('',*,*,#8003,.F.);
#10978=ORIENTED_EDGE('',*,*,#7520,.T.);
#10979=ORIENTED_EDGE('',*,*,#7736,.T.);
#10981=ORIENTED_EDGE('',*,*,#10980,.T.);
#10982=EDGE_LOOP('',(#10963,#10964,#10966,#10968,#10970,#10971,#10972,#10974,
#10975,#10976,#10977,#10978,#10979,#10981));
#10983=FACE_OUTER_BOUND('',#10982,.F.);
#10984=ADVANCED_FACE('',(#10983),#10962,.F.);
#10985=CARTESIAN_POINT('',(-1.382E1,0.E0,-3.E-1));
#10986=DIRECTION('',(0.E0,0.E0,1.E0));
#10987=DIRECTION('',(1.E0,0.E0,0.E0));
#10988=AXIS2_PLACEMENT_3D('',#10985,#10986,#10987);
#10989=PLANE('',#10988);
#10990=ORIENTED_EDGE('',*,*,#7542,.F.);
#10992=ORIENTED_EDGE('',*,*,#10991,.T.);
#10994=ORIENTED_EDGE('',*,*,#10993,.T.);
#10996=ORIENTED_EDGE('',*,*,#10995,.T.);
#10998=ORIENTED_EDGE('',*,*,#10997,.T.);
#11000=ORIENTED_EDGE('',*,*,#10999,.T.);
#11002=ORIENTED_EDGE('',*,*,#11001,.T.);
#11003=ORIENTED_EDGE('',*,*,#10965,.F.);
#11004=EDGE_LOOP('',(#10990,#10992,#10994,#10996,#10998,#11000,#11002,#11003));
#11005=FACE_OUTER_BOUND('',#11004,.F.);
#11006=ADVANCED_FACE('',(#11005),#10989,.F.);
#11007=CARTESIAN_POINT('',(-1.382E1,0.E0,-3.E-1));
#11008=DIRECTION('',(0.E0,0.E0,1.E0));
#11009=DIRECTION('',(1.E0,0.E0,0.E0));
#11010=AXIS2_PLACEMENT_3D('',#11007,#11008,#11009);
#11011=PLANE('',#11010);
#11012=ORIENTED_EDGE('',*,*,#7557,.F.);
#11013=ORIENTED_EDGE('',*,*,#7858,.T.);
#11015=ORIENTED_EDGE('',*,*,#11014,.T.);
#11017=ORIENTED_EDGE('',*,*,#11016,.T.);
#11019=ORIENTED_EDGE('',*,*,#11018,.T.);
#11021=ORIENTED_EDGE('',*,*,#11020,.T.);
#11023=ORIENTED_EDGE('',*,*,#11022,.T.);
#11025=ORIENTED_EDGE('',*,*,#11024,.T.);
#11026=EDGE_LOOP('',(#11012,#11013,#11015,#11017,#11019,#11021,#11023,#11025));
#11027=FACE_OUTER_BOUND('',#11026,.F.);
#11028=ADVANCED_FACE('',(#11027),#11011,.F.);
#11029=CARTESIAN_POINT('',(-1.282E1,-1.43E0,-3.E-1));
#11030=DIRECTION('',(-1.E0,0.E0,0.E0));
#11031=DIRECTION('',(0.E0,-1.E0,0.E0));
#11032=AXIS2_PLACEMENT_3D('',#11029,#11030,#11031);
#11033=PLANE('',#11032);
#11034=ORIENTED_EDGE('',*,*,#7540,.T.);
#11036=ORIENTED_EDGE('',*,*,#11035,.T.);
#11038=ORIENTED_EDGE('',*,*,#11037,.F.);
#11039=ORIENTED_EDGE('',*,*,#10991,.F.);
#11040=EDGE_LOOP('',(#11034,#11036,#11038,#11039));
#11041=FACE_OUTER_BOUND('',#11040,.F.);
#11042=ADVANCED_FACE('',(#11041),#11033,.T.);
#11043=CARTESIAN_POINT('',(-1.382E1,0.E0,1.E0));
#11044=DIRECTION('',(0.E0,0.E0,1.E0));
#11045=DIRECTION('',(1.E0,0.E0,0.E0));
#11046=AXIS2_PLACEMENT_3D('',#11043,#11044,#11045);
#11047=PLANE('',#11046);
#11048=ORIENTED_EDGE('',*,*,#7538,.T.);
#11049=ORIENTED_EDGE('',*,*,#10969,.T.);
#11051=ORIENTED_EDGE('',*,*,#11050,.F.);
#11053=ORIENTED_EDGE('',*,*,#11052,.F.);
#11055=ORIENTED_EDGE('',*,*,#11054,.F.);
#11057=ORIENTED_EDGE('',*,*,#11056,.F.);
#11059=ORIENTED_EDGE('',*,*,#11058,.F.);
#11060=ORIENTED_EDGE('',*,*,#11035,.F.);
#11061=EDGE_LOOP('',(#11048,#11049,#11051,#11053,#11055,#11057,#11059,#11060));
#11062=FACE_OUTER_BOUND('',#11061,.F.);
#11063=ADVANCED_FACE('',(#11062),#11047,.T.);
#11064=CARTESIAN_POINT('',(-1.382E1,0.E0,1.E0));
#11065=DIRECTION('',(0.E0,0.E0,1.E0));
#11066=DIRECTION('',(1.E0,0.E0,0.E0));
#11067=AXIS2_PLACEMENT_3D('',#11064,#11065,#11066);
#11068=PLANE('',#11067);
#11069=ORIENTED_EDGE('',*,*,#7561,.T.);
#11071=ORIENTED_EDGE('',*,*,#11070,.F.);
#11073=ORIENTED_EDGE('',*,*,#11072,.F.);
#11075=ORIENTED_EDGE('',*,*,#11074,.F.);
#11077=ORIENTED_EDGE('',*,*,#11076,.F.);
#11079=ORIENTED_EDGE('',*,*,#11078,.F.);
#11081=ORIENTED_EDGE('',*,*,#11080,.F.);
#11082=ORIENTED_EDGE('',*,*,#7854,.F.);
#11083=EDGE_LOOP('',(#11069,#11071,#11073,#11075,#11077,#11079,#11081,#11082));
#11084=FACE_OUTER_BOUND('',#11083,.F.);
#11085=ADVANCED_FACE('',(#11084),#11068,.T.);
#11086=CARTESIAN_POINT('',(-1.307E1,-1.89E0,-3.E-1));
#11087=DIRECTION('',(0.E0,0.E0,1.E0));
#11088=DIRECTION('',(1.E0,0.E0,0.E0));
#11089=AXIS2_PLACEMENT_3D('',#11086,#11087,#11088);
#11090=CYLINDRICAL_SURFACE('',#11089,6.5E-1);
#11091=ORIENTED_EDGE('',*,*,#10967,.F.);
#11092=ORIENTED_EDGE('',*,*,#11001,.F.);
#11094=ORIENTED_EDGE('',*,*,#11093,.T.);
#11095=ORIENTED_EDGE('',*,*,#11050,.T.);
#11096=EDGE_LOOP('',(#11091,#11092,#11094,#11095));
#11097=FACE_OUTER_BOUND('',#11096,.F.);
#11098=ADVANCED_FACE('',(#11097),#11090,.T.);
#11099=CARTESIAN_POINT('',(-1.582E1,-2.54E0,-3.E-1));
#11100=DIRECTION('',(0.E0,-1.E0,0.E0));
#11101=DIRECTION('',(1.E0,0.E0,0.E0));
#11102=AXIS2_PLACEMENT_3D('',#11099,#11100,#11101);
#11103=PLANE('',#11102);
#11104=ORIENTED_EDGE('',*,*,#10999,.F.);
#11106=ORIENTED_EDGE('',*,*,#11105,.T.);
#11107=ORIENTED_EDGE('',*,*,#11052,.T.);
#11108=ORIENTED_EDGE('',*,*,#11093,.F.);
#11109=EDGE_LOOP('',(#11104,#11106,#11107,#11108));
#11110=FACE_OUTER_BOUND('',#11109,.F.);
#11111=ADVANCED_FACE('',(#11110),#11103,.T.);
#11112=CARTESIAN_POINT('',(-1.582E1,-2.14E0,-3.E-1));
#11113=DIRECTION('',(-1.E0,0.E0,0.E0));
#11114=DIRECTION('',(0.E0,-1.E0,0.E0));
#11115=AXIS2_PLACEMENT_3D('',#11112,#11113,#11114);
#11116=PLANE('',#11115);
#11117=ORIENTED_EDGE('',*,*,#10997,.F.);
#11119=ORIENTED_EDGE('',*,*,#11118,.T.);
#11120=ORIENTED_EDGE('',*,*,#11054,.T.);
#11121=ORIENTED_EDGE('',*,*,#11105,.F.);
#11122=EDGE_LOOP('',(#11117,#11119,#11120,#11121));
#11123=FACE_OUTER_BOUND('',#11122,.F.);
#11124=ADVANCED_FACE('',(#11123),#11116,.T.);
#11125=CARTESIAN_POINT('',(-1.307E1,-2.14E0,-3.E-1));
#11126=DIRECTION('',(0.E0,1.E0,0.E0));
#11127=DIRECTION('',(-1.E0,0.E0,0.E0));
#11128=AXIS2_PLACEMENT_3D('',#11125,#11126,#11127);
#11129=PLANE('',#11128);
#11130=ORIENTED_EDGE('',*,*,#10995,.F.);
#11132=ORIENTED_EDGE('',*,*,#11131,.T.);
#11133=ORIENTED_EDGE('',*,*,#11056,.T.);
#11134=ORIENTED_EDGE('',*,*,#11118,.F.);
#11135=EDGE_LOOP('',(#11130,#11132,#11133,#11134));
#11136=FACE_OUTER_BOUND('',#11135,.F.);
#11137=ADVANCED_FACE('',(#11136),#11129,.T.);
#11138=CARTESIAN_POINT('',(-1.307E1,-1.89E0,-3.E-1));
#11139=DIRECTION('',(0.E0,0.E0,1.E0));
#11140=DIRECTION('',(1.E0,0.E0,0.E0));
#11141=AXIS2_PLACEMENT_3D('',#11138,#11139,#11140);
#11142=CYLINDRICAL_SURFACE('',#11141,2.5E-1);
#11143=ORIENTED_EDGE('',*,*,#10993,.F.);
#11144=ORIENTED_EDGE('',*,*,#11037,.T.);
#11145=ORIENTED_EDGE('',*,*,#11058,.T.);
#11146=ORIENTED_EDGE('',*,*,#11131,.F.);
#11147=EDGE_LOOP('',(#11143,#11144,#11145,#11146));
#11148=FACE_OUTER_BOUND('',#11147,.F.);
#11149=ADVANCED_FACE('',(#11148),#11142,.F.);
#11150=CARTESIAN_POINT('',(1.282E1,-1.89E0,-3.E-1));
#11151=DIRECTION('',(1.E0,0.E0,0.E0));
#11152=DIRECTION('',(0.E0,1.E0,0.E0));
#11153=AXIS2_PLACEMENT_3D('',#11150,#11151,#11152);
#11154=PLANE('',#11153);
#11155=ORIENTED_EDGE('',*,*,#7559,.F.);
#11156=ORIENTED_EDGE('',*,*,#11024,.F.);
#11158=ORIENTED_EDGE('',*,*,#11157,.T.);
#11159=ORIENTED_EDGE('',*,*,#11070,.T.);
#11160=EDGE_LOOP('',(#11155,#11156,#11158,#11159));
#11161=FACE_OUTER_BOUND('',#11160,.F.);
#11162=ADVANCED_FACE('',(#11161),#11154,.T.);
#11163=CARTESIAN_POINT('',(1.307E1,-1.89E0,-3.E-1));
#11164=DIRECTION('',(0.E0,0.E0,1.E0));
#11165=DIRECTION('',(1.E0,0.E0,0.E0));
#11166=AXIS2_PLACEMENT_3D('',#11163,#11164,#11165);
#11167=CYLINDRICAL_SURFACE('',#11166,2.5E-1);
#11168=ORIENTED_EDGE('',*,*,#11022,.F.);
#11170=ORIENTED_EDGE('',*,*,#11169,.T.);
#11171=ORIENTED_EDGE('',*,*,#11072,.T.);
#11172=ORIENTED_EDGE('',*,*,#11157,.F.);
#11173=EDGE_LOOP('',(#11168,#11170,#11171,#11172));
#11174=FACE_OUTER_BOUND('',#11173,.F.);
#11175=ADVANCED_FACE('',(#11174),#11167,.F.);
#11176=CARTESIAN_POINT('',(1.582E1,-2.14E0,-3.E-1));
#11177=DIRECTION('',(0.E0,1.E0,0.E0));
#11178=DIRECTION('',(-1.E0,0.E0,0.E0));
#11179=AXIS2_PLACEMENT_3D('',#11176,#11177,#11178);
#11180=PLANE('',#11179);
#11181=ORIENTED_EDGE('',*,*,#11020,.F.);
#11183=ORIENTED_EDGE('',*,*,#11182,.T.);
#11184=ORIENTED_EDGE('',*,*,#11074,.T.);
#11185=ORIENTED_EDGE('',*,*,#11169,.F.);
#11186=EDGE_LOOP('',(#11181,#11183,#11184,#11185));
#11187=FACE_OUTER_BOUND('',#11186,.F.);
#11188=ADVANCED_FACE('',(#11187),#11180,.T.);
#11189=CARTESIAN_POINT('',(1.582E1,-2.54E0,-3.E-1));
#11190=DIRECTION('',(1.E0,0.E0,0.E0));
#11191=DIRECTION('',(0.E0,1.E0,0.E0));
#11192=AXIS2_PLACEMENT_3D('',#11189,#11190,#11191);
#11193=PLANE('',#11192);
#11194=ORIENTED_EDGE('',*,*,#11018,.F.);
#11196=ORIENTED_EDGE('',*,*,#11195,.T.);
#11197=ORIENTED_EDGE('',*,*,#11076,.T.);
#11198=ORIENTED_EDGE('',*,*,#11182,.F.);
#11199=EDGE_LOOP('',(#11194,#11196,#11197,#11198));
#11200=FACE_OUTER_BOUND('',#11199,.F.);
#11201=ADVANCED_FACE('',(#11200),#11193,.T.);
#11202=CARTESIAN_POINT('',(1.307E1,-2.54E0,-3.E-1));
#11203=DIRECTION('',(0.E0,-1.E0,0.E0));
#11204=DIRECTION('',(1.E0,0.E0,0.E0));
#11205=AXIS2_PLACEMENT_3D('',#11202,#11203,#11204);
#11206=PLANE('',#11205);
#11207=ORIENTED_EDGE('',*,*,#11016,.F.);
#11209=ORIENTED_EDGE('',*,*,#11208,.T.);
#11210=ORIENTED_EDGE('',*,*,#11078,.T.);
#11211=ORIENTED_EDGE('',*,*,#11195,.F.);
#11212=EDGE_LOOP('',(#11207,#11209,#11210,#11211));
#11213=FACE_OUTER_BOUND('',#11212,.F.);
#11214=ADVANCED_FACE('',(#11213),#11206,.T.);
#11215=CARTESIAN_POINT('',(1.307E1,-1.89E0,-3.E-1));
#11216=DIRECTION('',(0.E0,0.E0,1.E0));
#11217=DIRECTION('',(1.E0,0.E0,0.E0));
#11218=AXIS2_PLACEMENT_3D('',#11215,#11216,#11217);
#11219=CYLINDRICAL_SURFACE('',#11218,6.5E-1);
#11220=ORIENTED_EDGE('',*,*,#7856,.T.);
#11221=ORIENTED_EDGE('',*,*,#11080,.T.);
#11222=ORIENTED_EDGE('',*,*,#11208,.F.);
#11223=ORIENTED_EDGE('',*,*,#11014,.F.);
#11224=EDGE_LOOP('',(#11220,#11221,#11222,#11223));
#11225=FACE_OUTER_BOUND('',#11224,.F.);
#11226=ADVANCED_FACE('',(#11225),#11219,.T.);
#11227=CARTESIAN_POINT('',(-1.382E1,-1.93E0,4.95E0));
#11228=DIRECTION('',(0.E0,-1.E0,0.E0));
#11229=DIRECTION('',(0.E0,0.E0,-1.E0));
#11230=AXIS2_PLACEMENT_3D('',#11227,#11228,#11229);
#11231=PLANE('',#11230);
#11232=ORIENTED_EDGE('',*,*,#10973,.F.);
#11233=ORIENTED_EDGE('',*,*,#8264,.T.);
#11234=ORIENTED_EDGE('',*,*,#7849,.T.);
#11235=ORIENTED_EDGE('',*,*,#10952,.T.);
#11237=ORIENTED_EDGE('',*,*,#11236,.T.);
#11239=ORIENTED_EDGE('',*,*,#11238,.T.);
#11241=ORIENTED_EDGE('',*,*,#11240,.F.);
#11242=ORIENTED_EDGE('',*,*,#10944,.T.);
#11244=ORIENTED_EDGE('',*,*,#11243,.T.);
#11246=ORIENTED_EDGE('',*,*,#11245,.T.);
#11248=ORIENTED_EDGE('',*,*,#11247,.F.);
#11249=ORIENTED_EDGE('',*,*,#10936,.T.);
#11250=EDGE_LOOP('',(#11232,#11233,#11234,#11235,#11237,#11239,#11241,#11242,
#11244,#11246,#11248,#11249));
#11251=FACE_OUTER_BOUND('',#11250,.F.);
#11252=ADVANCED_FACE('',(#11251),#11231,.T.);
#11253=CARTESIAN_POINT('',(9.75E0,-1.93E0,-3.1E0));
#11254=DIRECTION('',(1.E0,0.E0,0.E0));
#11255=DIRECTION('',(0.E0,0.E0,1.E0));
#11256=AXIS2_PLACEMENT_3D('',#11253,#11254,#11255);
#11257=PLANE('',#11256);
#11258=ORIENTED_EDGE('',*,*,#11236,.F.);
#11259=ORIENTED_EDGE('',*,*,#10950,.T.);
#11261=ORIENTED_EDGE('',*,*,#11260,.T.);
#11263=ORIENTED_EDGE('',*,*,#11262,.F.);
#11264=EDGE_LOOP('',(#11258,#11259,#11261,#11263));
#11265=FACE_OUTER_BOUND('',#11264,.F.);
#11266=ADVANCED_FACE('',(#11265),#11257,.T.);
#11267=CARTESIAN_POINT('',(-1.382E1,-2.43E0,4.95E0));
#11268=DIRECTION('',(0.E0,-1.E0,0.E0));
#11269=DIRECTION('',(1.E0,0.E0,0.E0));
#11270=AXIS2_PLACEMENT_3D('',#11267,#11268,#11269);
#11271=PLANE('',#11270);
#11273=ORIENTED_EDGE('',*,*,#11272,.F.);
#11275=ORIENTED_EDGE('',*,*,#11274,.F.);
#11276=ORIENTED_EDGE('',*,*,#11260,.F.);
#11277=ORIENTED_EDGE('',*,*,#10948,.F.);
#11278=EDGE_LOOP('',(#11273,#11275,#11276,#11277));
#11279=FACE_OUTER_BOUND('',#11278,.F.);
#11280=ADVANCED_FACE('',(#11279),#11271,.T.);
#11281=CARTESIAN_POINT('',(-1.382E1,-2.43E0,4.95E0));
#11282=DIRECTION('',(0.E0,-1.E0,0.E0));
#11283=DIRECTION('',(1.E0,0.E0,0.E0));
#11284=AXIS2_PLACEMENT_3D('',#11281,#11282,#11283);
#11285=PLANE('',#11284);
#11287=ORIENTED_EDGE('',*,*,#11286,.F.);
#11289=ORIENTED_EDGE('',*,*,#11288,.F.);
#11290=ORIENTED_EDGE('',*,*,#10940,.F.);
#11292=ORIENTED_EDGE('',*,*,#11291,.F.);
#11293=EDGE_LOOP('',(#11287,#11289,#11290,#11292));
#11294=FACE_OUTER_BOUND('',#11293,.F.);
#11295=ADVANCED_FACE('',(#11294),#11285,.T.);
#11296=CARTESIAN_POINT('',(8.75E0,-1.93E0,4.1E0));
#11297=DIRECTION('',(-1.E0,0.E0,0.E0));
#11298=DIRECTION('',(0.E0,0.E0,-1.E0));
#11299=AXIS2_PLACEMENT_3D('',#11296,#11297,#11298);
#11300=PLANE('',#11299);
#11301=ORIENTED_EDGE('',*,*,#11240,.T.);
#11303=ORIENTED_EDGE('',*,*,#11302,.T.);
#11304=ORIENTED_EDGE('',*,*,#11272,.T.);
#11305=ORIENTED_EDGE('',*,*,#10946,.F.);
#11306=EDGE_LOOP('',(#11301,#11303,#11304,#11305));
#11307=FACE_OUTER_BOUND('',#11306,.F.);
#11308=ADVANCED_FACE('',(#11307),#11300,.T.);
#11309=CARTESIAN_POINT('',(9.75E0,-1.93E0,4.1E0));
#11310=DIRECTION('',(0.E0,0.E0,1.E0));
#11311=DIRECTION('',(-1.E0,0.E0,0.E0));
#11312=AXIS2_PLACEMENT_3D('',#11309,#11310,#11311);
#11313=PLANE('',#11312);
#11314=ORIENTED_EDGE('',*,*,#11238,.F.);
#11315=ORIENTED_EDGE('',*,*,#11262,.T.);
#11316=ORIENTED_EDGE('',*,*,#11274,.T.);
#11317=ORIENTED_EDGE('',*,*,#11302,.F.);
#11318=EDGE_LOOP('',(#11314,#11315,#11316,#11317));
#11319=FACE_OUTER_BOUND('',#11318,.F.);
#11320=ADVANCED_FACE('',(#11319),#11313,.T.);
#11321=CARTESIAN_POINT('',(-8.75E0,-1.93E0,4.1E0));
#11322=DIRECTION('',(0.E0,0.E0,1.E0));
#11323=DIRECTION('',(-1.E0,0.E0,0.E0));
#11324=AXIS2_PLACEMENT_3D('',#11321,#11322,#11323);
#11325=PLANE('',#11324);
#11326=ORIENTED_EDGE('',*,*,#11245,.F.);
#11328=ORIENTED_EDGE('',*,*,#11327,.T.);
#11329=ORIENTED_EDGE('',*,*,#11286,.T.);
#11331=ORIENTED_EDGE('',*,*,#11330,.F.);
#11332=EDGE_LOOP('',(#11326,#11328,#11329,#11331));
#11333=FACE_OUTER_BOUND('',#11332,.F.);
#11334=ADVANCED_FACE('',(#11333),#11325,.T.);
#11335=CARTESIAN_POINT('',(-8.75E0,-1.93E0,-3.1E0));
#11336=DIRECTION('',(1.E0,0.E0,0.E0));
#11337=DIRECTION('',(0.E0,0.E0,1.E0));
#11338=AXIS2_PLACEMENT_3D('',#11335,#11336,#11337);
#11339=PLANE('',#11338);
#11340=ORIENTED_EDGE('',*,*,#11243,.F.);
#11341=ORIENTED_EDGE('',*,*,#10942,.T.);
#11342=ORIENTED_EDGE('',*,*,#11288,.T.);
#11343=ORIENTED_EDGE('',*,*,#11327,.F.);
#11344=EDGE_LOOP('',(#11340,#11341,#11342,#11343));
#11345=FACE_OUTER_BOUND('',#11344,.F.);
#11346=ADVANCED_FACE('',(#11345),#11339,.T.);
#11347=CARTESIAN_POINT('',(-9.75E0,-1.93E0,4.1E0));
#11348=DIRECTION('',(-1.E0,0.E0,0.E0));
#11349=DIRECTION('',(0.E0,0.E0,-1.E0));
#11350=AXIS2_PLACEMENT_3D('',#11347,#11348,#11349);
#11351=PLANE('',#11350);
#11352=ORIENTED_EDGE('',*,*,#11247,.T.);
#11353=ORIENTED_EDGE('',*,*,#11330,.T.);
#11354=ORIENTED_EDGE('',*,*,#11291,.T.);
#11355=ORIENTED_EDGE('',*,*,#10938,.F.);
#11356=EDGE_LOOP('',(#11352,#11353,#11354,#11355));
#11357=FACE_OUTER_BOUND('',#11356,.F.);
#11358=ADVANCED_FACE('',(#11357),#11351,.T.);
#11359=CARTESIAN_POINT('',(-1.307E1,-1.68E0,-2.19E0));
#11360=DIRECTION('',(0.E0,0.E0,1.E0));
#11361=DIRECTION('',(1.E0,0.E0,0.E0));
#11362=AXIS2_PLACEMENT_3D('',#11359,#11360,#11361);
#11363=CYLINDRICAL_SURFACE('',#11362,6.5E-1);
#11364=ORIENTED_EDGE('',*,*,#10980,.F.);
#11365=ORIENTED_EDGE('',*,*,#7734,.F.);
#11367=ORIENTED_EDGE('',*,*,#11366,.F.);
#11368=ORIENTED_EDGE('',*,*,#7462,.T.);
#11369=EDGE_LOOP('',(#11364,#11365,#11367,#11368));
#11370=FACE_OUTER_BOUND('',#11369,.F.);
#11371=ADVANCED_FACE('',(#11370),#11363,.T.);
#11372=CARTESIAN_POINT('',(-1.377E1,-2.33E0,-2.19E0));
#11373=DIRECTION('',(0.E0,-1.E0,0.E0));
#11374=DIRECTION('',(1.E0,0.E0,0.E0));
#11375=AXIS2_PLACEMENT_3D('',#11372,#11373,#11374);
#11376=PLANE('',#11375);
#11377=ORIENTED_EDGE('',*,*,#7464,.T.);
#11378=ORIENTED_EDGE('',*,*,#11366,.T.);
#11379=ORIENTED_EDGE('',*,*,#7732,.F.);
#11381=ORIENTED_EDGE('',*,*,#11380,.F.);
#11382=EDGE_LOOP('',(#11377,#11378,#11379,#11381));
#11383=FACE_OUTER_BOUND('',#11382,.F.);
#11384=ADVANCED_FACE('',(#11383),#11376,.T.);
#11385=CARTESIAN_POINT('',(-1.377E1,-1.93E0,-2.19E0));
#11386=DIRECTION('',(-1.E0,0.E0,0.E0));
#11387=DIRECTION('',(0.E0,-1.E0,0.E0));
#11388=AXIS2_PLACEMENT_3D('',#11385,#11386,#11387);
#11389=PLANE('',#11388);
#11390=ORIENTED_EDGE('',*,*,#7466,.T.);
#11391=ORIENTED_EDGE('',*,*,#11380,.T.);
#11392=ORIENTED_EDGE('',*,*,#7730,.F.);
#11394=ORIENTED_EDGE('',*,*,#11393,.F.);
#11395=EDGE_LOOP('',(#11390,#11391,#11392,#11394));
#11396=FACE_OUTER_BOUND('',#11395,.F.);
#11397=ADVANCED_FACE('',(#11396),#11389,.T.);
#11398=CARTESIAN_POINT('',(-1.307E1,-1.93E0,-2.19E0));
#11399=DIRECTION('',(0.E0,1.E0,0.E0));
#11400=DIRECTION('',(-1.E0,0.E0,0.E0));
#11401=AXIS2_PLACEMENT_3D('',#11398,#11399,#11400);
#11402=PLANE('',#11401);
#11403=ORIENTED_EDGE('',*,*,#7468,.T.);
#11404=ORIENTED_EDGE('',*,*,#11393,.T.);
#11405=ORIENTED_EDGE('',*,*,#7728,.F.);
#11406=ORIENTED_EDGE('',*,*,#7622,.F.);
#11407=EDGE_LOOP('',(#11403,#11404,#11405,#11406));
#11408=FACE_OUTER_BOUND('',#11407,.F.);
#11409=ADVANCED_FACE('',(#11408),#11402,.T.);
#11410=CARTESIAN_POINT('',(1.082E1,1.93E0,-3.6E0));
#11411=DIRECTION('',(1.E0,0.E0,0.E0));
#11412=DIRECTION('',(0.E0,0.E0,-1.E0));
#11413=AXIS2_PLACEMENT_3D('',#11410,#11411,#11412);
#11414=PLANE('',#11413);
#11415=ORIENTED_EDGE('',*,*,#7201,.T.);
#11417=ORIENTED_EDGE('',*,*,#11416,.F.);
#11419=ORIENTED_EDGE('',*,*,#11418,.T.);
#11420=ORIENTED_EDGE('',*,*,#10812,.F.);
#11421=ORIENTED_EDGE('',*,*,#8024,.F.);
#11422=EDGE_LOOP('',(#11415,#11417,#11419,#11420,#11421));
#11423=FACE_OUTER_BOUND('',#11422,.F.);
#11424=ADVANCED_FACE('',(#11423),#11414,.F.);
#11425=CARTESIAN_POINT('',(1.082E1,1.93E0,-3.6E0));
#11426=DIRECTION('',(1.E0,0.E0,0.E0));
#11427=DIRECTION('',(0.E0,0.E0,-1.E0));
#11428=AXIS2_PLACEMENT_3D('',#11425,#11426,#11427);
#11429=PLANE('',#11428);
#11431=ORIENTED_EDGE('',*,*,#11430,.T.);
#11433=ORIENTED_EDGE('',*,*,#11432,.T.);
#11434=ORIENTED_EDGE('',*,*,#9219,.T.);
#11435=ORIENTED_EDGE('',*,*,#10096,.T.);
#11436=ORIENTED_EDGE('',*,*,#10257,.T.);
#11437=ORIENTED_EDGE('',*,*,#10445,.T.);
#11438=EDGE_LOOP('',(#11431,#11433,#11434,#11435,#11436,#11437));
#11439=FACE_OUTER_BOUND('',#11438,.F.);
#11440=ADVANCED_FACE('',(#11439),#11429,.F.);
#11441=CARTESIAN_POINT('',(1.082E1,1.93E0,-3.6E0));
#11442=DIRECTION('',(1.E0,0.E0,0.E0));
#11443=DIRECTION('',(0.E0,0.E0,-1.E0));
#11444=AXIS2_PLACEMENT_3D('',#11441,#11442,#11443);
#11445=PLANE('',#11444);
#11447=ORIENTED_EDGE('',*,*,#11446,.F.);
#11449=ORIENTED_EDGE('',*,*,#11448,.T.);
#11450=ORIENTED_EDGE('',*,*,#10815,.F.);
#11452=ORIENTED_EDGE('',*,*,#11451,.F.);
#11454=ORIENTED_EDGE('',*,*,#11453,.T.);
#11455=ORIENTED_EDGE('',*,*,#9538,.F.);
#11456=ORIENTED_EDGE('',*,*,#9725,.F.);
#11457=EDGE_LOOP('',(#11447,#11449,#11450,#11452,#11454,#11455,#11456));
#11458=FACE_OUTER_BOUND('',#11457,.F.);
#11459=ADVANCED_FACE('',(#11458),#11445,.F.);
#11460=CARTESIAN_POINT('',(1.082E1,-1.65E0,-4.34E0));
#11461=DIRECTION('',(0.E0,0.E0,-1.E0));
#11462=DIRECTION('',(0.E0,1.E0,0.E0));
#11463=AXIS2_PLACEMENT_3D('',#11460,#11461,#11462);
#11464=PLANE('',#11463);
#11466=ORIENTED_EDGE('',*,*,#11465,.F.);
#11468=ORIENTED_EDGE('',*,*,#11467,.F.);
#11469=ORIENTED_EDGE('',*,*,#11416,.T.);
#11470=ORIENTED_EDGE('',*,*,#9098,.T.);
#11472=ORIENTED_EDGE('',*,*,#11471,.T.);
#11474=ORIENTED_EDGE('',*,*,#11473,.F.);
#11475=EDGE_LOOP('',(#11466,#11468,#11469,#11470,#11472,#11474));
#11476=FACE_OUTER_BOUND('',#11475,.F.);
#11477=ADVANCED_FACE('',(#11476),#11464,.T.);
#11478=CARTESIAN_POINT('',(1.018E1,1.93E0,-4.95E0));
#11479=DIRECTION('',(-1.E0,0.E0,0.E0));
#11480=DIRECTION('',(0.E0,0.E0,1.E0));
#11481=AXIS2_PLACEMENT_3D('',#11478,#11479,#11480);
#11482=PLANE('',#11481);
#11483=ORIENTED_EDGE('',*,*,#7223,.F.);
#11484=ORIENTED_EDGE('',*,*,#7901,.T.);
#11485=ORIENTED_EDGE('',*,*,#10823,.T.);
#11487=ORIENTED_EDGE('',*,*,#11486,.F.);
#11488=ORIENTED_EDGE('',*,*,#11465,.T.);
#11489=EDGE_LOOP('',(#11483,#11484,#11485,#11487,#11488));
#11490=FACE_OUTER_BOUND('',#11489,.F.);
#11491=ADVANCED_FACE('',(#11490),#11482,.F.);
#11492=CARTESIAN_POINT('',(1.018E1,1.93E0,-4.95E0));
#11493=DIRECTION('',(-1.E0,0.E0,0.E0));
#11494=DIRECTION('',(0.E0,0.E0,1.E0));
#11495=AXIS2_PLACEMENT_3D('',#11492,#11493,#11494);
#11496=PLANE('',#11495);
#11498=ORIENTED_EDGE('',*,*,#11497,.F.);
#11499=ORIENTED_EDGE('',*,*,#10441,.F.);
#11500=ORIENTED_EDGE('',*,*,#10275,.F.);
#11501=ORIENTED_EDGE('',*,*,#10114,.F.);
#11502=ORIENTED_EDGE('',*,*,#9249,.F.);
#11504=ORIENTED_EDGE('',*,*,#11503,.F.);
#11505=EDGE_LOOP('',(#11498,#11499,#11500,#11501,#11502,#11504));
#11506=FACE_OUTER_BOUND('',#11505,.F.);
#11507=ADVANCED_FACE('',(#11506),#11496,.F.);
#11508=CARTESIAN_POINT('',(1.018E1,1.93E0,-4.95E0));
#11509=DIRECTION('',(-1.E0,0.E0,0.E0));
#11510=DIRECTION('',(0.E0,0.E0,1.E0));
#11511=AXIS2_PLACEMENT_3D('',#11508,#11509,#11510);
#11512=PLANE('',#11511);
#11514=ORIENTED_EDGE('',*,*,#11513,.T.);
#11515=ORIENTED_EDGE('',*,*,#9744,.T.);
#11516=ORIENTED_EDGE('',*,*,#9552,.T.);
#11518=ORIENTED_EDGE('',*,*,#11517,.F.);
#11520=ORIENTED_EDGE('',*,*,#11519,.T.);
#11521=ORIENTED_EDGE('',*,*,#10819,.T.);
#11523=ORIENTED_EDGE('',*,*,#11522,.F.);
#11524=EDGE_LOOP('',(#11514,#11515,#11516,#11518,#11520,#11521,#11523));
#11525=FACE_OUTER_BOUND('',#11524,.F.);
#11526=ADVANCED_FACE('',(#11525),#11512,.F.);
#11527=CARTESIAN_POINT('',(1.082E1,-1.65E0,-4.59E0));
#11528=DIRECTION('',(1.E0,0.E0,0.E0));
#11529=DIRECTION('',(0.E0,0.E0,-1.E0));
#11530=AXIS2_PLACEMENT_3D('',#11527,#11528,#11529);
#11531=CYLINDRICAL_SURFACE('',#11530,2.5E-1);
#11532=ORIENTED_EDGE('',*,*,#11486,.T.);
#11534=ORIENTED_EDGE('',*,*,#11533,.F.);
#11536=ORIENTED_EDGE('',*,*,#11535,.F.);
#11537=ORIENTED_EDGE('',*,*,#9110,.T.);
#11538=ORIENTED_EDGE('',*,*,#11418,.F.);
#11539=ORIENTED_EDGE('',*,*,#11467,.T.);
#11540=EDGE_LOOP('',(#11532,#11534,#11536,#11537,#11538,#11539));
#11541=FACE_OUTER_BOUND('',#11540,.F.);
#11542=ADVANCED_FACE('',(#11541),#11531,.F.);
#11543=CARTESIAN_POINT('',(1.018E1,0.E0,0.E0));
#11544=DIRECTION('',(1.E0,0.E0,0.E0));
#11545=DIRECTION('',(0.E0,0.E0,-1.E0));
#11546=AXIS2_PLACEMENT_3D('',#11543,#11544,#11545);
#11547=PLANE('',#11546);
#11549=ORIENTED_EDGE('',*,*,#11548,.T.);
#11550=ORIENTED_EDGE('',*,*,#9550,.T.);
#11551=ORIENTED_EDGE('',*,*,#9231,.F.);
#11552=ORIENTED_EDGE('',*,*,#7225,.T.);
#11553=ORIENTED_EDGE('',*,*,#11473,.T.);
#11555=ORIENTED_EDGE('',*,*,#11554,.T.);
#11556=ORIENTED_EDGE('',*,*,#9247,.F.);
#11557=ORIENTED_EDGE('',*,*,#9929,.F.);
#11558=ORIENTED_EDGE('',*,*,#9746,.T.);
#11560=ORIENTED_EDGE('',*,*,#11559,.T.);
#11561=EDGE_LOOP('',(#11549,#11550,#11551,#11552,#11553,#11555,#11556,#11557,
#11558,#11560));
#11562=FACE_OUTER_BOUND('',#11561,.F.);
#11563=ADVANCED_FACE('',(#11562),#11547,.F.);
#11564=CARTESIAN_POINT('',(1.018E1,0.E0,0.E0));
#11565=DIRECTION('',(1.E0,0.E0,0.E0));
#11566=DIRECTION('',(0.E0,0.E0,-1.E0));
#11567=AXIS2_PLACEMENT_3D('',#11564,#11565,#11566);
#11568=PLANE('',#11567);
#11569=ORIENTED_EDGE('',*,*,#10821,.F.);
#11571=ORIENTED_EDGE('',*,*,#11570,.T.);
#11573=ORIENTED_EDGE('',*,*,#11572,.T.);
#11575=ORIENTED_EDGE('',*,*,#11574,.T.);
#11577=ORIENTED_EDGE('',*,*,#11576,.T.);
#11578=ORIENTED_EDGE('',*,*,#11533,.T.);
#11579=EDGE_LOOP('',(#11569,#11571,#11573,#11575,#11577,#11578));
#11580=FACE_OUTER_BOUND('',#11579,.F.);
#11581=ADVANCED_FACE('',(#11580),#11568,.F.);
#11582=CARTESIAN_POINT('',(1.018E1,0.E0,0.E0));
#11583=DIRECTION('',(1.E0,0.E0,0.E0));
#11584=DIRECTION('',(0.E0,0.E0,-1.E0));
#11585=AXIS2_PLACEMENT_3D('',#11582,#11583,#11584);
#11586=PLANE('',#11585);
#11588=ORIENTED_EDGE('',*,*,#11587,.F.);
#11590=ORIENTED_EDGE('',*,*,#11589,.T.);
#11591=ORIENTED_EDGE('',*,*,#8627,.T.);
#11593=ORIENTED_EDGE('',*,*,#11592,.T.);
#11594=EDGE_LOOP('',(#11588,#11590,#11591,#11593));
#11595=FACE_OUTER_BOUND('',#11594,.F.);
#11596=ADVANCED_FACE('',(#11595),#11586,.F.);
#11597=CARTESIAN_POINT('',(1.082E1,-3.2E-1,-3.7E0));
#11598=DIRECTION('',(0.E0,0.E0,1.E0));
#11599=DIRECTION('',(0.E0,-1.E0,0.E0));
#11600=AXIS2_PLACEMENT_3D('',#11597,#11598,#11599);
#11601=PLANE('',#11600);
#11602=ORIENTED_EDGE('',*,*,#11517,.T.);
#11603=ORIENTED_EDGE('',*,*,#11548,.F.);
#11605=ORIENTED_EDGE('',*,*,#11604,.F.);
#11606=ORIENTED_EDGE('',*,*,#9086,.T.);
#11607=ORIENTED_EDGE('',*,*,#11453,.F.);
#11609=ORIENTED_EDGE('',*,*,#11608,.T.);
#11610=EDGE_LOOP('',(#11602,#11603,#11605,#11606,#11607,#11609));
#11611=FACE_OUTER_BOUND('',#11610,.F.);
#11612=ADVANCED_FACE('',(#11611),#11601,.T.);
#11613=CARTESIAN_POINT('',(1.082E1,-3.2E-1,2.46E0));
#11614=DIRECTION('',(0.E0,-1.E0,0.E0));
#11615=DIRECTION('',(0.E0,0.E0,-1.E0));
#11616=AXIS2_PLACEMENT_3D('',#11613,#11614,#11615);
#11617=PLANE('',#11616);
#11618=ORIENTED_EDGE('',*,*,#11513,.F.);
#11620=ORIENTED_EDGE('',*,*,#11619,.T.);
#11621=ORIENTED_EDGE('',*,*,#11446,.T.);
#11622=ORIENTED_EDGE('',*,*,#9088,.T.);
#11623=ORIENTED_EDGE('',*,*,#11604,.T.);
#11624=ORIENTED_EDGE('',*,*,#11559,.F.);
#11625=EDGE_LOOP('',(#11618,#11620,#11621,#11622,#11623,#11624));
#11626=FACE_OUTER_BOUND('',#11625,.F.);
#11627=ADVANCED_FACE('',(#11626),#11617,.T.);
#11628=CARTESIAN_POINT('',(1.082E1,-3.2E-1,2.46E0));
#11629=DIRECTION('',(0.E0,-1.E0,0.E0));
#11630=DIRECTION('',(0.E0,0.E0,-1.E0));
#11631=AXIS2_PLACEMENT_3D('',#11628,#11629,#11630);
#11632=PLANE('',#11631);
#11634=ORIENTED_EDGE('',*,*,#11633,.F.);
#11635=ORIENTED_EDGE('',*,*,#9133,.T.);
#11636=ORIENTED_EDGE('',*,*,#8629,.F.);
#11637=ORIENTED_EDGE('',*,*,#11589,.F.);
#11638=EDGE_LOOP('',(#11634,#11635,#11636,#11637));
#11639=FACE_OUTER_BOUND('',#11638,.F.);
#11640=ADVANCED_FACE('',(#11639),#11632,.T.);
#11641=CARTESIAN_POINT('',(1.018E1,1.93E0,-3.6E0));
#11642=DIRECTION('',(0.E0,0.E0,1.E0));
#11643=DIRECTION('',(1.E0,0.E0,0.E0));
#11644=AXIS2_PLACEMENT_3D('',#11641,#11642,#11643);
#11645=PLANE('',#11644);
#11646=ORIENTED_EDGE('',*,*,#11497,.T.);
#11648=ORIENTED_EDGE('',*,*,#11647,.T.);
#11649=ORIENTED_EDGE('',*,*,#11430,.F.);
#11650=ORIENTED_EDGE('',*,*,#10443,.F.);
#11651=EDGE_LOOP('',(#11646,#11648,#11649,#11650));
#11652=FACE_OUTER_BOUND('',#11651,.F.);
#11653=ADVANCED_FACE('',(#11652),#11645,.F.);
#11654=CARTESIAN_POINT('',(1.018E1,1.93E0,-3.6E0));
#11655=DIRECTION('',(0.E0,0.E0,1.E0));
#11656=DIRECTION('',(1.E0,0.E0,0.E0));
#11657=AXIS2_PLACEMENT_3D('',#11654,#11655,#11656);
#11658=PLANE('',#11657);
#11659=ORIENTED_EDGE('',*,*,#11619,.F.);
#11660=ORIENTED_EDGE('',*,*,#11522,.T.);
#11661=ORIENTED_EDGE('',*,*,#10817,.T.);
#11662=ORIENTED_EDGE('',*,*,#11448,.F.);
#11663=EDGE_LOOP('',(#11659,#11660,#11661,#11662));
#11664=FACE_OUTER_BOUND('',#11663,.F.);
#11665=ADVANCED_FACE('',(#11664),#11658,.F.);
#11666=CARTESIAN_POINT('',(1.082E1,1.055E0,-4.34E0));
#11667=DIRECTION('',(0.E0,1.E0,0.E0));
#11668=DIRECTION('',(0.E0,0.E0,1.E0));
#11669=AXIS2_PLACEMENT_3D('',#11666,#11667,#11668);
#11670=PLANE('',#11669);
#11671=ORIENTED_EDGE('',*,*,#11503,.T.);
#11672=ORIENTED_EDGE('',*,*,#11554,.F.);
#11673=ORIENTED_EDGE('',*,*,#11471,.F.);
#11674=ORIENTED_EDGE('',*,*,#9096,.T.);
#11675=ORIENTED_EDGE('',*,*,#11432,.F.);
#11676=ORIENTED_EDGE('',*,*,#11647,.F.);
#11677=EDGE_LOOP('',(#11671,#11672,#11673,#11674,#11675,#11676));
#11678=FACE_OUTER_BOUND('',#11677,.F.);
#11679=ADVANCED_FACE('',(#11678),#11670,.T.);
#11680=CARTESIAN_POINT('',(1.05E1,-2.45E-1,2.26E0));
#11681=DIRECTION('',(0.E0,-9.363291775690E-1,3.511234415884E-1));
#11682=DIRECTION('',(0.E0,3.511234415884E-1,9.363291775690E-1));
#11683=AXIS2_PLACEMENT_3D('',#11680,#11681,#11682);
#11684=PLANE('',#11683);
#11686=ORIENTED_EDGE('',*,*,#11685,.F.);
#11687=ORIENTED_EDGE('',*,*,#11633,.T.);
#11689=ORIENTED_EDGE('',*,*,#11688,.F.);
#11691=ORIENTED_EDGE('',*,*,#11690,.F.);
#11692=EDGE_LOOP('',(#11686,#11687,#11689,#11691));
#11693=FACE_OUTER_BOUND('',#11692,.F.);
#11694=ADVANCED_FACE('',(#11693),#11684,.T.);
#11695=CARTESIAN_POINT('',(1.0745E1,0.E0,2.26E0));
#11696=DIRECTION('',(9.363291775690E-1,0.E0,3.511234415884E-1));
#11697=DIRECTION('',(-3.511234415884E-1,0.E0,9.363291775690E-1));
#11698=AXIS2_PLACEMENT_3D('',#11695,#11696,#11697);
#11699=PLANE('',#11698);
#11701=ORIENTED_EDGE('',*,*,#11700,.T.);
#11702=ORIENTED_EDGE('',*,*,#9128,.T.);
#11703=ORIENTED_EDGE('',*,*,#11685,.T.);
#11705=ORIENTED_EDGE('',*,*,#11704,.F.);
#11706=EDGE_LOOP('',(#11701,#11702,#11703,#11705));
#11707=FACE_OUTER_BOUND('',#11706,.F.);
#11708=ADVANCED_FACE('',(#11707),#11699,.T.);
#11709=CARTESIAN_POINT('',(1.05E1,2.45E-1,2.26E0));
#11710=DIRECTION('',(0.E0,9.363291775690E-1,3.511234415884E-1));
#11711=DIRECTION('',(0.E0,3.511234415884E-1,-9.363291775690E-1));
#11712=AXIS2_PLACEMENT_3D('',#11709,#11710,#11711);
#11713=PLANE('',#11712);
#11714=ORIENTED_EDGE('',*,*,#11700,.F.);
#11716=ORIENTED_EDGE('',*,*,#11715,.T.);
#11718=ORIENTED_EDGE('',*,*,#11717,.T.);
#11720=ORIENTED_EDGE('',*,*,#11719,.F.);
#11721=EDGE_LOOP('',(#11714,#11716,#11718,#11720));
#11722=FACE_OUTER_BOUND('',#11721,.F.);
#11723=ADVANCED_FACE('',(#11722),#11713,.T.);
#11724=CARTESIAN_POINT('',(1.082E1,3.2E-1,2.46E0));
#11725=DIRECTION('',(0.E0,0.E0,1.E0));
#11726=DIRECTION('',(0.E0,-1.E0,0.E0));
#11727=AXIS2_PLACEMENT_3D('',#11724,#11725,#11726);
#11728=PLANE('',#11727);
#11729=ORIENTED_EDGE('',*,*,#11690,.T.);
#11731=ORIENTED_EDGE('',*,*,#11730,.T.);
#11732=ORIENTED_EDGE('',*,*,#11715,.F.);
#11733=ORIENTED_EDGE('',*,*,#11704,.T.);
#11734=EDGE_LOOP('',(#11729,#11731,#11732,#11733));
#11735=FACE_OUTER_BOUND('',#11734,.F.);
#11736=ADVANCED_FACE('',(#11735),#11728,.T.);
#11737=CARTESIAN_POINT('',(1.0255E1,0.E0,2.26E0));
#11738=DIRECTION('',(-9.363291775690E-1,0.E0,3.511234415884E-1));
#11739=DIRECTION('',(3.511234415884E-1,0.E0,9.363291775690E-1));
#11740=AXIS2_PLACEMENT_3D('',#11737,#11738,#11739);
#11741=PLANE('',#11740);
#11742=ORIENTED_EDGE('',*,*,#11717,.F.);
#11743=ORIENTED_EDGE('',*,*,#11730,.F.);
#11744=ORIENTED_EDGE('',*,*,#11688,.T.);
#11745=ORIENTED_EDGE('',*,*,#11587,.T.);
#11746=EDGE_LOOP('',(#11742,#11743,#11744,#11745));
#11747=FACE_OUTER_BOUND('',#11746,.F.);
#11748=ADVANCED_FACE('',(#11747),#11741,.T.);
#11749=CARTESIAN_POINT('',(1.082E1,3.2E-1,-2.49E0));
#11750=DIRECTION('',(0.E0,1.E0,0.E0));
#11751=DIRECTION('',(0.E0,0.E0,1.E0));
#11752=AXIS2_PLACEMENT_3D('',#11749,#11750,#11751);
#11753=PLANE('',#11752);
#11754=ORIENTED_EDGE('',*,*,#11719,.T.);
#11755=ORIENTED_EDGE('',*,*,#11592,.F.);
#11756=ORIENTED_EDGE('',*,*,#8625,.T.);
#11757=ORIENTED_EDGE('',*,*,#9130,.T.);
#11758=EDGE_LOOP('',(#11754,#11755,#11756,#11757));
#11759=FACE_OUTER_BOUND('',#11758,.F.);
#11760=ADVANCED_FACE('',(#11759),#11753,.T.);
#11761=CARTESIAN_POINT('',(1.082E1,-1.65E0,-4.59E0));
#11762=DIRECTION('',(1.E0,0.E0,0.E0));
#11763=DIRECTION('',(0.E0,0.E0,-1.E0));
#11764=AXIS2_PLACEMENT_3D('',#11761,#11762,#11763);
#11765=CYLINDRICAL_SURFACE('',#11764,8.9E-1);
#11766=ORIENTED_EDGE('',*,*,#11519,.F.);
#11767=ORIENTED_EDGE('',*,*,#11608,.F.);
#11768=ORIENTED_EDGE('',*,*,#11451,.T.);
#11769=ORIENTED_EDGE('',*,*,#9118,.T.);
#11771=ORIENTED_EDGE('',*,*,#11770,.T.);
#11772=ORIENTED_EDGE('',*,*,#11570,.F.);
#11773=EDGE_LOOP('',(#11766,#11767,#11768,#11769,#11771,#11772));
#11774=FACE_OUTER_BOUND('',#11773,.F.);
#11775=ADVANCED_FACE('',(#11774),#11765,.T.);
#11776=CARTESIAN_POINT('',(1.082E1,-2.54E0,-4.59E0));
#11777=DIRECTION('',(0.E0,-1.E0,0.E0));
#11778=DIRECTION('',(0.E0,0.E0,-1.E0));
#11779=AXIS2_PLACEMENT_3D('',#11776,#11777,#11778);
#11780=PLANE('',#11779);
#11781=ORIENTED_EDGE('',*,*,#9116,.T.);
#11783=ORIENTED_EDGE('',*,*,#11782,.T.);
#11784=ORIENTED_EDGE('',*,*,#11572,.F.);
#11785=ORIENTED_EDGE('',*,*,#11770,.F.);
#11786=EDGE_LOOP('',(#11781,#11783,#11784,#11785));
#11787=FACE_OUTER_BOUND('',#11786,.F.);
#11788=ADVANCED_FACE('',(#11787),#11780,.T.);
#11789=CARTESIAN_POINT('',(1.082E1,-2.22E0,-5.47E0));
#11790=DIRECTION('',(1.E0,0.E0,0.E0));
#11791=DIRECTION('',(0.E0,0.E0,-1.E0));
#11792=AXIS2_PLACEMENT_3D('',#11789,#11790,#11791);
#11793=CYLINDRICAL_SURFACE('',#11792,3.2E-1);
#11794=ORIENTED_EDGE('',*,*,#9114,.T.);
#11796=ORIENTED_EDGE('',*,*,#11795,.T.);
#11797=ORIENTED_EDGE('',*,*,#11574,.F.);
#11798=ORIENTED_EDGE('',*,*,#11782,.F.);
#11799=EDGE_LOOP('',(#11794,#11796,#11797,#11798));
#11800=FACE_OUTER_BOUND('',#11799,.F.);
#11801=ADVANCED_FACE('',(#11800),#11793,.T.);
#11802=CARTESIAN_POINT('',(1.082E1,-1.9E0,-5.47E0));
#11803=DIRECTION('',(0.E0,1.E0,0.E0));
#11804=DIRECTION('',(0.E0,0.E0,1.E0));
#11805=AXIS2_PLACEMENT_3D('',#11802,#11803,#11804);
#11806=PLANE('',#11805);
#11807=ORIENTED_EDGE('',*,*,#9112,.T.);
#11808=ORIENTED_EDGE('',*,*,#11535,.T.);
#11809=ORIENTED_EDGE('',*,*,#11576,.F.);
#11810=ORIENTED_EDGE('',*,*,#11795,.F.);
#11811=EDGE_LOOP('',(#11807,#11808,#11809,#11810));
#11812=FACE_OUTER_BOUND('',#11811,.F.);
#11813=ADVANCED_FACE('',(#11812),#11806,.T.);
#11814=CARTESIAN_POINT('',(7.82E0,1.93E0,-3.6E0));
#11815=DIRECTION('',(1.E0,0.E0,0.E0));
#11816=DIRECTION('',(0.E0,0.E0,-1.E0));
#11817=AXIS2_PLACEMENT_3D('',#11814,#11815,#11816);
#11818=PLANE('',#11817);
#11820=ORIENTED_EDGE('',*,*,#11819,.T.);
#11821=ORIENTED_EDGE('',*,*,#9253,.T.);
#11822=ORIENTED_EDGE('',*,*,#10111,.T.);
#11823=ORIENTED_EDGE('',*,*,#10272,.T.);
#11824=ORIENTED_EDGE('',*,*,#10438,.T.);
#11826=ORIENTED_EDGE('',*,*,#11825,.T.);
#11827=EDGE_LOOP('',(#11820,#11821,#11822,#11823,#11824,#11826));
#11828=FACE_OUTER_BOUND('',#11827,.F.);
#11829=ADVANCED_FACE('',(#11828),#11818,.F.);
#11830=CARTESIAN_POINT('',(7.82E0,1.93E0,-3.6E0));
#11831=DIRECTION('',(1.E0,0.E0,0.E0));
#11832=DIRECTION('',(0.E0,0.E0,-1.E0));
#11833=AXIS2_PLACEMENT_3D('',#11830,#11831,#11832);
#11834=PLANE('',#11833);
#11836=ORIENTED_EDGE('',*,*,#11835,.F.);
#11838=ORIENTED_EDGE('',*,*,#11837,.T.);
#11839=ORIENTED_EDGE('',*,*,#10830,.F.);
#11841=ORIENTED_EDGE('',*,*,#11840,.F.);
#11843=ORIENTED_EDGE('',*,*,#11842,.T.);
#11844=ORIENTED_EDGE('',*,*,#9556,.F.);
#11845=ORIENTED_EDGE('',*,*,#9741,.F.);
#11846=EDGE_LOOP('',(#11836,#11838,#11839,#11841,#11843,#11844,#11845));
#11847=FACE_OUTER_BOUND('',#11846,.F.);
#11848=ADVANCED_FACE('',(#11847),#11834,.F.);
#11849=CARTESIAN_POINT('',(7.82E0,1.93E0,-3.6E0));
#11850=DIRECTION('',(1.E0,0.E0,0.E0));
#11851=DIRECTION('',(0.E0,0.E0,-1.E0));
#11852=AXIS2_PLACEMENT_3D('',#11849,#11850,#11851);
#11853=PLANE('',#11852);
#11854=ORIENTED_EDGE('',*,*,#7219,.T.);
#11856=ORIENTED_EDGE('',*,*,#11855,.F.);
#11858=ORIENTED_EDGE('',*,*,#11857,.T.);
#11859=ORIENTED_EDGE('',*,*,#10826,.F.);
#11860=ORIENTED_EDGE('',*,*,#7897,.T.);
#11861=EDGE_LOOP('',(#11854,#11856,#11858,#11859,#11860));
#11862=FACE_OUTER_BOUND('',#11861,.F.);
#11863=ADVANCED_FACE('',(#11862),#11853,.F.);
#11864=CARTESIAN_POINT('',(7.82E0,1.055E0,-4.34E0));
#11865=DIRECTION('',(0.E0,1.E0,0.E0));
#11866=DIRECTION('',(0.E0,0.E0,1.E0));
#11867=AXIS2_PLACEMENT_3D('',#11864,#11865,#11866);
#11868=PLANE('',#11867);
#11870=ORIENTED_EDGE('',*,*,#11869,.T.);
#11872=ORIENTED_EDGE('',*,*,#11871,.F.);
#11874=ORIENTED_EDGE('',*,*,#11873,.F.);
#11876=ORIENTED_EDGE('',*,*,#11875,.T.);
#11877=ORIENTED_EDGE('',*,*,#11819,.F.);
#11879=ORIENTED_EDGE('',*,*,#11878,.F.);
#11880=EDGE_LOOP('',(#11870,#11872,#11874,#11876,#11877,#11879));
#11881=FACE_OUTER_BOUND('',#11880,.F.);
#11882=ADVANCED_FACE('',(#11881),#11868,.T.);
#11883=CARTESIAN_POINT('',(7.18E0,1.93E0,-4.95E0));
#11884=DIRECTION('',(-1.E0,0.E0,0.E0));
#11885=DIRECTION('',(0.E0,0.E0,1.E0));
#11886=AXIS2_PLACEMENT_3D('',#11883,#11884,#11885);
#11887=PLANE('',#11886);
#11888=ORIENTED_EDGE('',*,*,#11869,.F.);
#11890=ORIENTED_EDGE('',*,*,#11889,.F.);
#11891=ORIENTED_EDGE('',*,*,#10434,.F.);
#11892=ORIENTED_EDGE('',*,*,#10290,.F.);
#11893=ORIENTED_EDGE('',*,*,#10129,.F.);
#11894=ORIENTED_EDGE('',*,*,#9284,.F.);
#11895=EDGE_LOOP('',(#11888,#11890,#11891,#11892,#11893,#11894));
#11896=FACE_OUTER_BOUND('',#11895,.F.);
#11897=ADVANCED_FACE('',(#11896),#11887,.F.);
#11898=CARTESIAN_POINT('',(7.18E0,1.93E0,-4.95E0));
#11899=DIRECTION('',(-1.E0,0.E0,0.E0));
#11900=DIRECTION('',(0.E0,0.E0,1.E0));
#11901=AXIS2_PLACEMENT_3D('',#11898,#11899,#11900);
#11902=PLANE('',#11901);
#11904=ORIENTED_EDGE('',*,*,#11903,.T.);
#11905=ORIENTED_EDGE('',*,*,#9763,.T.);
#11906=ORIENTED_EDGE('',*,*,#9571,.T.);
#11908=ORIENTED_EDGE('',*,*,#11907,.F.);
#11910=ORIENTED_EDGE('',*,*,#11909,.T.);
#11911=ORIENTED_EDGE('',*,*,#10834,.T.);
#11913=ORIENTED_EDGE('',*,*,#11912,.F.);
#11914=EDGE_LOOP('',(#11904,#11905,#11906,#11908,#11910,#11911,#11913));
#11915=FACE_OUTER_BOUND('',#11914,.F.);
#11916=ADVANCED_FACE('',(#11915),#11902,.F.);
#11917=CARTESIAN_POINT('',(7.18E0,1.93E0,-4.95E0));
#11918=DIRECTION('',(-1.E0,0.E0,0.E0));
#11919=DIRECTION('',(0.E0,0.E0,1.E0));
#11920=AXIS2_PLACEMENT_3D('',#11917,#11918,#11919);
#11921=PLANE('',#11920);
#11922=ORIENTED_EDGE('',*,*,#7243,.F.);
#11923=ORIENTED_EDGE('',*,*,#7916,.F.);
#11924=ORIENTED_EDGE('',*,*,#10838,.T.);
#11926=ORIENTED_EDGE('',*,*,#11925,.F.);
#11928=ORIENTED_EDGE('',*,*,#11927,.T.);
#11929=EDGE_LOOP('',(#11922,#11923,#11924,#11926,#11928));
#11930=FACE_OUTER_BOUND('',#11929,.F.);
#11931=ADVANCED_FACE('',(#11930),#11921,.F.);
#11932=CARTESIAN_POINT('',(7.18E0,1.93E0,-3.6E0));
#11933=DIRECTION('',(0.E0,0.E0,1.E0));
#11934=DIRECTION('',(1.E0,0.E0,0.E0));
#11935=AXIS2_PLACEMENT_3D('',#11932,#11933,#11934);
#11936=PLANE('',#11935);
#11937=ORIENTED_EDGE('',*,*,#11878,.T.);
#11938=ORIENTED_EDGE('',*,*,#11825,.F.);
#11939=ORIENTED_EDGE('',*,*,#10436,.F.);
#11940=ORIENTED_EDGE('',*,*,#11889,.T.);
#11941=EDGE_LOOP('',(#11937,#11938,#11939,#11940));
#11942=FACE_OUTER_BOUND('',#11941,.F.);
#11943=ADVANCED_FACE('',(#11942),#11936,.F.);
#11944=CARTESIAN_POINT('',(7.18E0,1.93E0,-3.6E0));
#11945=DIRECTION('',(0.E0,0.E0,1.E0));
#11946=DIRECTION('',(1.E0,0.E0,0.E0));
#11947=AXIS2_PLACEMENT_3D('',#11944,#11945,#11946);
#11948=PLANE('',#11947);
#11950=ORIENTED_EDGE('',*,*,#11949,.F.);
#11951=ORIENTED_EDGE('',*,*,#11912,.T.);
#11952=ORIENTED_EDGE('',*,*,#10832,.T.);
#11953=ORIENTED_EDGE('',*,*,#11837,.F.);
#11954=EDGE_LOOP('',(#11950,#11951,#11952,#11953));
#11955=FACE_OUTER_BOUND('',#11954,.F.);
#11956=ADVANCED_FACE('',(#11955),#11948,.F.);
#11957=CARTESIAN_POINT('',(7.82E0,-3.2E-1,2.46E0));
#11958=DIRECTION('',(0.E0,-1.E0,0.E0));
#11959=DIRECTION('',(0.E0,0.E0,-1.E0));
#11960=AXIS2_PLACEMENT_3D('',#11957,#11958,#11959);
#11961=PLANE('',#11960);
#11962=ORIENTED_EDGE('',*,*,#11903,.F.);
#11963=ORIENTED_EDGE('',*,*,#11949,.T.);
#11964=ORIENTED_EDGE('',*,*,#11835,.T.);
#11966=ORIENTED_EDGE('',*,*,#11965,.T.);
#11968=ORIENTED_EDGE('',*,*,#11967,.T.);
#11970=ORIENTED_EDGE('',*,*,#11969,.F.);
#11971=EDGE_LOOP('',(#11962,#11963,#11964,#11966,#11968,#11970));
#11972=FACE_OUTER_BOUND('',#11971,.F.);
#11973=ADVANCED_FACE('',(#11972),#11961,.T.);
#11974=CARTESIAN_POINT('',(7.82E0,-3.2E-1,2.46E0));
#11975=DIRECTION('',(0.E0,-1.E0,0.E0));
#11976=DIRECTION('',(0.E0,0.E0,-1.E0));
#11977=AXIS2_PLACEMENT_3D('',#11974,#11975,#11976);
#11978=PLANE('',#11977);
#11980=ORIENTED_EDGE('',*,*,#11979,.F.);
#11982=ORIENTED_EDGE('',*,*,#11981,.T.);
#11983=ORIENTED_EDGE('',*,*,#8603,.F.);
#11985=ORIENTED_EDGE('',*,*,#11984,.F.);
#11986=EDGE_LOOP('',(#11980,#11982,#11983,#11985));
#11987=FACE_OUTER_BOUND('',#11986,.F.);
#11988=ADVANCED_FACE('',(#11987),#11978,.T.);
#11989=CARTESIAN_POINT('',(7.82E0,0.E0,0.E0));
#11990=DIRECTION('',(1.E0,0.E0,0.E0));
#11991=DIRECTION('',(0.E0,0.E0,-1.E0));
#11992=AXIS2_PLACEMENT_3D('',#11989,#11990,#11991);
#11993=PLANE('',#11992);
#11994=ORIENTED_EDGE('',*,*,#7229,.F.);
#11995=ORIENTED_EDGE('',*,*,#9235,.T.);
#11996=ORIENTED_EDGE('',*,*,#9558,.F.);
#11998=ORIENTED_EDGE('',*,*,#11997,.F.);
#11999=ORIENTED_EDGE('',*,*,#11965,.F.);
#12000=ORIENTED_EDGE('',*,*,#9750,.F.);
#12001=ORIENTED_EDGE('',*,*,#9932,.T.);
#12002=ORIENTED_EDGE('',*,*,#9255,.T.);
#12003=ORIENTED_EDGE('',*,*,#11875,.F.);
#12005=ORIENTED_EDGE('',*,*,#12004,.F.);
#12006=EDGE_LOOP('',(#11994,#11995,#11996,#11998,#11999,#12000,#12001,#12002,
#12003,#12005));
#12007=FACE_OUTER_BOUND('',#12006,.F.);
#12008=ADVANCED_FACE('',(#12007),#11993,.T.);
#12009=CARTESIAN_POINT('',(7.82E0,0.E0,0.E0));
#12010=DIRECTION('',(1.E0,0.E0,0.E0));
#12011=DIRECTION('',(0.E0,0.E0,-1.E0));
#12012=AXIS2_PLACEMENT_3D('',#12009,#12010,#12011);
#12013=PLANE('',#12012);
#12014=ORIENTED_EDGE('',*,*,#10828,.T.);
#12016=ORIENTED_EDGE('',*,*,#12015,.F.);
#12018=ORIENTED_EDGE('',*,*,#12017,.F.);
#12020=ORIENTED_EDGE('',*,*,#12019,.F.);
#12022=ORIENTED_EDGE('',*,*,#12021,.F.);
#12024=ORIENTED_EDGE('',*,*,#12023,.F.);
#12025=EDGE_LOOP('',(#12014,#12016,#12018,#12020,#12022,#12024));
#12026=FACE_OUTER_BOUND('',#12025,.F.);
#12027=ADVANCED_FACE('',(#12026),#12013,.T.);
#12028=CARTESIAN_POINT('',(7.82E0,0.E0,0.E0));
#12029=DIRECTION('',(1.E0,0.E0,0.E0));
#12030=DIRECTION('',(0.E0,0.E0,-1.E0));
#12031=AXIS2_PLACEMENT_3D('',#12028,#12029,#12030);
#12032=PLANE('',#12031);
#12034=ORIENTED_EDGE('',*,*,#12033,.F.);
#12036=ORIENTED_EDGE('',*,*,#12035,.F.);
#12037=ORIENTED_EDGE('',*,*,#8597,.F.);
#12038=ORIENTED_EDGE('',*,*,#11981,.F.);
#12039=EDGE_LOOP('',(#12034,#12036,#12037,#12038));
#12040=FACE_OUTER_BOUND('',#12039,.F.);
#12041=ADVANCED_FACE('',(#12040),#12032,.T.);
#12042=CARTESIAN_POINT('',(7.82E0,-3.2E-1,-3.7E0));
#12043=DIRECTION('',(0.E0,0.E0,1.E0));
#12044=DIRECTION('',(0.E0,-1.E0,0.E0));
#12045=AXIS2_PLACEMENT_3D('',#12042,#12043,#12044);
#12046=PLANE('',#12045);
#12047=ORIENTED_EDGE('',*,*,#11907,.T.);
#12049=ORIENTED_EDGE('',*,*,#12048,.F.);
#12050=ORIENTED_EDGE('',*,*,#11967,.F.);
#12051=ORIENTED_EDGE('',*,*,#11997,.T.);
#12052=ORIENTED_EDGE('',*,*,#11842,.F.);
#12054=ORIENTED_EDGE('',*,*,#12053,.T.);
#12055=EDGE_LOOP('',(#12047,#12049,#12050,#12051,#12052,#12054));
#12056=FACE_OUTER_BOUND('',#12055,.F.);
#12057=ADVANCED_FACE('',(#12056),#12046,.T.);
#12058=CARTESIAN_POINT('',(7.18E0,0.E0,0.E0));
#12059=DIRECTION('',(1.E0,0.E0,0.E0));
#12060=DIRECTION('',(0.E0,0.E0,-1.E0));
#12061=AXIS2_PLACEMENT_3D('',#12058,#12059,#12060);
#12062=PLANE('',#12061);
#12063=ORIENTED_EDGE('',*,*,#7245,.T.);
#12065=ORIENTED_EDGE('',*,*,#12064,.T.);
#12066=ORIENTED_EDGE('',*,*,#11871,.T.);
#12067=ORIENTED_EDGE('',*,*,#9282,.F.);
#12068=ORIENTED_EDGE('',*,*,#9943,.F.);
#12069=ORIENTED_EDGE('',*,*,#9765,.T.);
#12070=ORIENTED_EDGE('',*,*,#11969,.T.);
#12071=ORIENTED_EDGE('',*,*,#12048,.T.);
#12072=ORIENTED_EDGE('',*,*,#9569,.T.);
#12073=ORIENTED_EDGE('',*,*,#9266,.F.);
#12074=EDGE_LOOP('',(#12063,#12065,#12066,#12067,#12068,#12069,#12070,#12071,
#12072,#12073));
#12075=FACE_OUTER_BOUND('',#12074,.F.);
#12076=ADVANCED_FACE('',(#12075),#12062,.F.);
#12077=CARTESIAN_POINT('',(7.18E0,0.E0,0.E0));
#12078=DIRECTION('',(1.E0,0.E0,0.E0));
#12079=DIRECTION('',(0.E0,0.E0,-1.E0));
#12080=AXIS2_PLACEMENT_3D('',#12077,#12078,#12079);
#12081=PLANE('',#12080);
#12082=ORIENTED_EDGE('',*,*,#10836,.F.);
#12084=ORIENTED_EDGE('',*,*,#12083,.T.);
#12086=ORIENTED_EDGE('',*,*,#12085,.T.);
#12088=ORIENTED_EDGE('',*,*,#12087,.T.);
#12090=ORIENTED_EDGE('',*,*,#12089,.T.);
#12092=ORIENTED_EDGE('',*,*,#12091,.T.);
#12093=EDGE_LOOP('',(#12082,#12084,#12086,#12088,#12090,#12092));
#12094=FACE_OUTER_BOUND('',#12093,.F.);
#12095=ADVANCED_FACE('',(#12094),#12081,.F.);
#12096=CARTESIAN_POINT('',(7.18E0,0.E0,0.E0));
#12097=DIRECTION('',(1.E0,0.E0,0.E0));
#12098=DIRECTION('',(0.E0,0.E0,-1.E0));
#12099=AXIS2_PLACEMENT_3D('',#12096,#12097,#12098);
#12100=PLANE('',#12099);
#12102=ORIENTED_EDGE('',*,*,#12101,.F.);
#12103=ORIENTED_EDGE('',*,*,#11984,.T.);
#12104=ORIENTED_EDGE('',*,*,#8601,.T.);
#12106=ORIENTED_EDGE('',*,*,#12105,.T.);
#12107=EDGE_LOOP('',(#12102,#12103,#12104,#12106));
#12108=FACE_OUTER_BOUND('',#12107,.F.);
#12109=ADVANCED_FACE('',(#12108),#12100,.F.);
#12110=CARTESIAN_POINT('',(7.82E0,-1.65E0,-4.34E0));
#12111=DIRECTION('',(0.E0,0.E0,-1.E0));
#12112=DIRECTION('',(0.E0,1.E0,0.E0));
#12113=AXIS2_PLACEMENT_3D('',#12110,#12111,#12112);
#12114=PLANE('',#12113);
#12115=ORIENTED_EDGE('',*,*,#11927,.F.);
#12117=ORIENTED_EDGE('',*,*,#12116,.F.);
#12118=ORIENTED_EDGE('',*,*,#11855,.T.);
#12119=ORIENTED_EDGE('',*,*,#12004,.T.);
#12120=ORIENTED_EDGE('',*,*,#11873,.T.);
#12121=ORIENTED_EDGE('',*,*,#12064,.F.);
#12122=EDGE_LOOP('',(#12115,#12117,#12118,#12119,#12120,#12121));
#12123=FACE_OUTER_BOUND('',#12122,.F.);
#12124=ADVANCED_FACE('',(#12123),#12114,.T.);
#12125=CARTESIAN_POINT('',(7.82E0,-1.65E0,-4.59E0));
#12126=DIRECTION('',(1.E0,0.E0,0.E0));
#12127=DIRECTION('',(0.E0,0.E0,-1.E0));
#12128=AXIS2_PLACEMENT_3D('',#12125,#12126,#12127);
#12129=CYLINDRICAL_SURFACE('',#12128,2.5E-1);
#12130=ORIENTED_EDGE('',*,*,#11925,.T.);
#12131=ORIENTED_EDGE('',*,*,#12091,.F.);
#12133=ORIENTED_EDGE('',*,*,#12132,.F.);
#12134=ORIENTED_EDGE('',*,*,#12015,.T.);
#12135=ORIENTED_EDGE('',*,*,#11857,.F.);
#12136=ORIENTED_EDGE('',*,*,#12116,.T.);
#12137=EDGE_LOOP('',(#12130,#12131,#12133,#12134,#12135,#12136));
#12138=FACE_OUTER_BOUND('',#12137,.F.);
#12139=ADVANCED_FACE('',(#12138),#12129,.F.);
#12140=CARTESIAN_POINT('',(7.82E0,-1.9E0,-5.47E0));
#12141=DIRECTION('',(0.E0,1.E0,0.E0));
#12142=DIRECTION('',(0.E0,0.E0,1.E0));
#12143=AXIS2_PLACEMENT_3D('',#12140,#12141,#12142);
#12144=PLANE('',#12143);
#12145=ORIENTED_EDGE('',*,*,#12017,.T.);
#12146=ORIENTED_EDGE('',*,*,#12132,.T.);
#12147=ORIENTED_EDGE('',*,*,#12089,.F.);
#12149=ORIENTED_EDGE('',*,*,#12148,.F.);
#12150=EDGE_LOOP('',(#12145,#12146,#12147,#12149));
#12151=FACE_OUTER_BOUND('',#12150,.F.);
#12152=ADVANCED_FACE('',(#12151),#12144,.T.);
#12153=CARTESIAN_POINT('',(7.82E0,-2.22E0,-5.47E0));
#12154=DIRECTION('',(1.E0,0.E0,0.E0));
#12155=DIRECTION('',(0.E0,0.E0,-1.E0));
#12156=AXIS2_PLACEMENT_3D('',#12153,#12154,#12155);
#12157=CYLINDRICAL_SURFACE('',#12156,3.2E-1);
#12158=ORIENTED_EDGE('',*,*,#12019,.T.);
#12159=ORIENTED_EDGE('',*,*,#12148,.T.);
#12160=ORIENTED_EDGE('',*,*,#12087,.F.);
#12162=ORIENTED_EDGE('',*,*,#12161,.F.);
#12163=EDGE_LOOP('',(#12158,#12159,#12160,#12162));
#12164=FACE_OUTER_BOUND('',#12163,.F.);
#12165=ADVANCED_FACE('',(#12164),#12157,.T.);
#12166=CARTESIAN_POINT('',(7.82E0,-2.54E0,-4.59E0));
#12167=DIRECTION('',(0.E0,-1.E0,0.E0));
#12168=DIRECTION('',(0.E0,0.E0,-1.E0));
#12169=AXIS2_PLACEMENT_3D('',#12166,#12167,#12168);
#12170=PLANE('',#12169);
#12171=ORIENTED_EDGE('',*,*,#12021,.T.);
#12172=ORIENTED_EDGE('',*,*,#12161,.T.);
#12173=ORIENTED_EDGE('',*,*,#12085,.F.);
#12175=ORIENTED_EDGE('',*,*,#12174,.F.);
#12176=EDGE_LOOP('',(#12171,#12172,#12173,#12175));
#12177=FACE_OUTER_BOUND('',#12176,.F.);
#12178=ADVANCED_FACE('',(#12177),#12170,.T.);
#12179=CARTESIAN_POINT('',(7.82E0,-1.65E0,-4.59E0));
#12180=DIRECTION('',(1.E0,0.E0,0.E0));
#12181=DIRECTION('',(0.E0,0.E0,-1.E0));
#12182=AXIS2_PLACEMENT_3D('',#12179,#12180,#12181);
#12183=CYLINDRICAL_SURFACE('',#12182,8.9E-1);
#12184=ORIENTED_EDGE('',*,*,#11909,.F.);
#12185=ORIENTED_EDGE('',*,*,#12053,.F.);
#12186=ORIENTED_EDGE('',*,*,#11840,.T.);
#12187=ORIENTED_EDGE('',*,*,#12023,.T.);
#12188=ORIENTED_EDGE('',*,*,#12174,.T.);
#12189=ORIENTED_EDGE('',*,*,#12083,.F.);
#12190=EDGE_LOOP('',(#12184,#12185,#12186,#12187,#12188,#12189));
#12191=FACE_OUTER_BOUND('',#12190,.F.);
#12192=ADVANCED_FACE('',(#12191),#12183,.T.);
#12193=CARTESIAN_POINT('',(7.255E0,0.E0,2.26E0));
#12194=DIRECTION('',(-9.363291775690E-1,0.E0,3.511234415884E-1));
#12195=DIRECTION('',(3.511234415884E-1,0.E0,9.363291775690E-1));
#12196=AXIS2_PLACEMENT_3D('',#12193,#12194,#12195);
#12197=PLANE('',#12196);
#12198=ORIENTED_EDGE('',*,*,#12101,.T.);
#12200=ORIENTED_EDGE('',*,*,#12199,.F.);
#12202=ORIENTED_EDGE('',*,*,#12201,.F.);
#12204=ORIENTED_EDGE('',*,*,#12203,.T.);
#12205=EDGE_LOOP('',(#12198,#12200,#12202,#12204));
#12206=FACE_OUTER_BOUND('',#12205,.F.);
#12207=ADVANCED_FACE('',(#12206),#12197,.T.);
#12208=CARTESIAN_POINT('',(7.5E0,2.45E-1,2.26E0));
#12209=DIRECTION('',(0.E0,9.363291775690E-1,3.511234415884E-1));
#12210=DIRECTION('',(0.E0,3.511234415884E-1,-9.363291775690E-1));
#12211=AXIS2_PLACEMENT_3D('',#12208,#12209,#12210);
#12212=PLANE('',#12211);
#12214=ORIENTED_EDGE('',*,*,#12213,.F.);
#12216=ORIENTED_EDGE('',*,*,#12215,.F.);
#12218=ORIENTED_EDGE('',*,*,#12217,.T.);
#12219=ORIENTED_EDGE('',*,*,#12199,.T.);
#12220=EDGE_LOOP('',(#12214,#12216,#12218,#12219));
#12221=FACE_OUTER_BOUND('',#12220,.F.);
#12222=ADVANCED_FACE('',(#12221),#12212,.T.);
#12223=CARTESIAN_POINT('',(7.82E0,3.2E-1,-2.49E0));
#12224=DIRECTION('',(0.E0,1.E0,0.E0));
#12225=DIRECTION('',(0.E0,0.E0,1.E0));
#12226=AXIS2_PLACEMENT_3D('',#12223,#12224,#12225);
#12227=PLANE('',#12226);
#12228=ORIENTED_EDGE('',*,*,#12213,.T.);
#12229=ORIENTED_EDGE('',*,*,#12105,.F.);
#12230=ORIENTED_EDGE('',*,*,#8599,.T.);
#12231=ORIENTED_EDGE('',*,*,#12035,.T.);
#12232=EDGE_LOOP('',(#12228,#12229,#12230,#12231));
#12233=FACE_OUTER_BOUND('',#12232,.F.);
#12234=ADVANCED_FACE('',(#12233),#12227,.T.);
#12235=CARTESIAN_POINT('',(7.745E0,1.598721155460E-14,2.26E0));
#12236=DIRECTION('',(9.363291775690E-1,0.E0,3.511234415884E-1));
#12237=DIRECTION('',(-3.511234415884E-1,0.E0,9.363291775690E-1));
#12238=AXIS2_PLACEMENT_3D('',#12235,#12236,#12237);
#12239=PLANE('',#12238);
#12241=ORIENTED_EDGE('',*,*,#12240,.F.);
#12242=ORIENTED_EDGE('',*,*,#12215,.T.);
#12243=ORIENTED_EDGE('',*,*,#12033,.T.);
#12245=ORIENTED_EDGE('',*,*,#12244,.T.);
#12246=EDGE_LOOP('',(#12241,#12242,#12243,#12245));
#12247=FACE_OUTER_BOUND('',#12246,.F.);
#12248=ADVANCED_FACE('',(#12247),#12239,.T.);
#12249=CARTESIAN_POINT('',(7.82E0,3.2E-1,2.46E0));
#12250=DIRECTION('',(0.E0,0.E0,1.E0));
#12251=DIRECTION('',(0.E0,-1.E0,0.E0));
#12252=AXIS2_PLACEMENT_3D('',#12249,#12250,#12251);
#12253=PLANE('',#12252);
#12255=ORIENTED_EDGE('',*,*,#12254,.T.);
#12256=ORIENTED_EDGE('',*,*,#12201,.T.);
#12257=ORIENTED_EDGE('',*,*,#12217,.F.);
#12258=ORIENTED_EDGE('',*,*,#12240,.T.);
#12259=EDGE_LOOP('',(#12255,#12256,#12257,#12258));
#12260=FACE_OUTER_BOUND('',#12259,.F.);
#12261=ADVANCED_FACE('',(#12260),#12253,.T.);
#12262=CARTESIAN_POINT('',(7.5E0,-2.45E-1,2.26E0));
#12263=DIRECTION('',(0.E0,-9.363291775690E-1,3.511234415884E-1));
#12264=DIRECTION('',(0.E0,3.511234415884E-1,9.363291775690E-1));
#12265=AXIS2_PLACEMENT_3D('',#12262,#12263,#12264);
#12266=PLANE('',#12265);
#12267=ORIENTED_EDGE('',*,*,#12254,.F.);
#12268=ORIENTED_EDGE('',*,*,#12244,.F.);
#12269=ORIENTED_EDGE('',*,*,#11979,.T.);
#12270=ORIENTED_EDGE('',*,*,#12203,.F.);
#12271=EDGE_LOOP('',(#12267,#12268,#12269,#12270));
#12272=FACE_OUTER_BOUND('',#12271,.F.);
#12273=ADVANCED_FACE('',(#12272),#12266,.T.);
#12274=CARTESIAN_POINT('',(4.82E0,1.93E0,-3.6E0));
#12275=DIRECTION('',(1.E0,0.E0,0.E0));
#12276=DIRECTION('',(0.E0,0.E0,-1.E0));
#12277=AXIS2_PLACEMENT_3D('',#12274,#12275,#12276);
#12278=PLANE('',#12277);
#12280=ORIENTED_EDGE('',*,*,#12279,.T.);
#12281=ORIENTED_EDGE('',*,*,#9288,.T.);
#12282=ORIENTED_EDGE('',*,*,#10126,.T.);
#12283=ORIENTED_EDGE('',*,*,#10287,.T.);
#12284=ORIENTED_EDGE('',*,*,#10431,.T.);
#12286=ORIENTED_EDGE('',*,*,#12285,.T.);
#12287=EDGE_LOOP('',(#12280,#12281,#12282,#12283,#12284,#12286));
#12288=FACE_OUTER_BOUND('',#12287,.F.);
#12289=ADVANCED_FACE('',(#12288),#12278,.F.);
#12290=CARTESIAN_POINT('',(4.82E0,1.93E0,-3.6E0));
#12291=DIRECTION('',(1.E0,0.E0,0.E0));
#12292=DIRECTION('',(0.E0,0.E0,-1.E0));
#12293=AXIS2_PLACEMENT_3D('',#12290,#12291,#12292);
#12294=PLANE('',#12293);
#12296=ORIENTED_EDGE('',*,*,#12295,.F.);
#12298=ORIENTED_EDGE('',*,*,#12297,.T.);
#12299=ORIENTED_EDGE('',*,*,#10845,.F.);
#12301=ORIENTED_EDGE('',*,*,#12300,.F.);
#12303=ORIENTED_EDGE('',*,*,#12302,.T.);
#12304=ORIENTED_EDGE('',*,*,#9575,.F.);
#12305=ORIENTED_EDGE('',*,*,#9760,.F.);
#12306=EDGE_LOOP('',(#12296,#12298,#12299,#12301,#12303,#12304,#12305));
#12307=FACE_OUTER_BOUND('',#12306,.F.);
#12308=ADVANCED_FACE('',(#12307),#12294,.F.);
#12309=CARTESIAN_POINT('',(4.82E0,1.93E0,-3.6E0));
#12310=DIRECTION('',(1.E0,0.E0,0.E0));
#12311=DIRECTION('',(0.E0,0.E0,-1.E0));
#12312=AXIS2_PLACEMENT_3D('',#12309,#12310,#12311);
#12313=PLANE('',#12312);
#12314=ORIENTED_EDGE('',*,*,#7239,.T.);
#12316=ORIENTED_EDGE('',*,*,#12315,.F.);
#12318=ORIENTED_EDGE('',*,*,#12317,.T.);
#12319=ORIENTED_EDGE('',*,*,#10841,.F.);
#12320=ORIENTED_EDGE('',*,*,#7912,.T.);
#12321=EDGE_LOOP('',(#12314,#12316,#12318,#12319,#12320));
#12322=FACE_OUTER_BOUND('',#12321,.F.);
#12323=ADVANCED_FACE('',(#12322),#12313,.F.);
#12324=CARTESIAN_POINT('',(4.82E0,1.055E0,-4.34E0));
#12325=DIRECTION('',(0.E0,1.E0,0.E0));
#12326=DIRECTION('',(0.E0,0.E0,1.E0));
#12327=AXIS2_PLACEMENT_3D('',#12324,#12325,#12326);
#12328=PLANE('',#12327);
#12330=ORIENTED_EDGE('',*,*,#12329,.T.);
#12332=ORIENTED_EDGE('',*,*,#12331,.F.);
#12334=ORIENTED_EDGE('',*,*,#12333,.F.);
#12336=ORIENTED_EDGE('',*,*,#12335,.T.);
#12337=ORIENTED_EDGE('',*,*,#12279,.F.);
#12339=ORIENTED_EDGE('',*,*,#12338,.F.);
#12340=EDGE_LOOP('',(#12330,#12332,#12334,#12336,#12337,#12339));
#12341=FACE_OUTER_BOUND('',#12340,.F.);
#12342=ADVANCED_FACE('',(#12341),#12328,.T.);
#12343=CARTESIAN_POINT('',(4.18E0,1.93E0,-4.95E0));
#12344=DIRECTION('',(-1.E0,0.E0,0.E0));
#12345=DIRECTION('',(0.E0,0.E0,1.E0));
#12346=AXIS2_PLACEMENT_3D('',#12343,#12344,#12345);
#12347=PLANE('',#12346);
#12348=ORIENTED_EDGE('',*,*,#12329,.F.);
#12350=ORIENTED_EDGE('',*,*,#12349,.F.);
#12351=ORIENTED_EDGE('',*,*,#10427,.F.);
#12352=ORIENTED_EDGE('',*,*,#10305,.F.);
#12353=ORIENTED_EDGE('',*,*,#10144,.F.);
#12354=ORIENTED_EDGE('',*,*,#9319,.F.);
#12355=EDGE_LOOP('',(#12348,#12350,#12351,#12352,#12353,#12354));
#12356=FACE_OUTER_BOUND('',#12355,.F.);
#12357=ADVANCED_FACE('',(#12356),#12347,.F.);
#12358=CARTESIAN_POINT('',(4.18E0,1.93E0,-4.95E0));
#12359=DIRECTION('',(-1.E0,0.E0,0.E0));
#12360=DIRECTION('',(0.E0,0.E0,1.E0));
#12361=AXIS2_PLACEMENT_3D('',#12358,#12359,#12360);
#12362=PLANE('',#12361);
#12364=ORIENTED_EDGE('',*,*,#12363,.T.);
#12365=ORIENTED_EDGE('',*,*,#9782,.T.);
#12366=ORIENTED_EDGE('',*,*,#9590,.T.);
#12368=ORIENTED_EDGE('',*,*,#12367,.F.);
#12370=ORIENTED_EDGE('',*,*,#12369,.T.);
#12371=ORIENTED_EDGE('',*,*,#10849,.T.);
#12373=ORIENTED_EDGE('',*,*,#12372,.F.);
#12374=EDGE_LOOP('',(#12364,#12365,#12366,#12368,#12370,#12371,#12373));
#12375=FACE_OUTER_BOUND('',#12374,.F.);
#12376=ADVANCED_FACE('',(#12375),#12362,.F.);
#12377=CARTESIAN_POINT('',(4.18E0,1.93E0,-4.95E0));
#12378=DIRECTION('',(-1.E0,0.E0,0.E0));
#12379=DIRECTION('',(0.E0,0.E0,1.E0));
#12380=AXIS2_PLACEMENT_3D('',#12377,#12378,#12379);
#12381=PLANE('',#12380);
#12382=ORIENTED_EDGE('',*,*,#7263,.F.);
#12383=ORIENTED_EDGE('',*,*,#7931,.F.);
#12384=ORIENTED_EDGE('',*,*,#10853,.T.);
#12386=ORIENTED_EDGE('',*,*,#12385,.F.);
#12388=ORIENTED_EDGE('',*,*,#12387,.T.);
#12389=EDGE_LOOP('',(#12382,#12383,#12384,#12386,#12388));
#12390=FACE_OUTER_BOUND('',#12389,.F.);
#12391=ADVANCED_FACE('',(#12390),#12381,.F.);
#12392=CARTESIAN_POINT('',(4.18E0,1.93E0,-3.6E0));
#12393=DIRECTION('',(0.E0,0.E0,1.E0));
#12394=DIRECTION('',(1.E0,0.E0,0.E0));
#12395=AXIS2_PLACEMENT_3D('',#12392,#12393,#12394);
#12396=PLANE('',#12395);
#12397=ORIENTED_EDGE('',*,*,#12338,.T.);
#12398=ORIENTED_EDGE('',*,*,#12285,.F.);
#12399=ORIENTED_EDGE('',*,*,#10429,.F.);
#12400=ORIENTED_EDGE('',*,*,#12349,.T.);
#12401=EDGE_LOOP('',(#12397,#12398,#12399,#12400));
#12402=FACE_OUTER_BOUND('',#12401,.F.);
#12403=ADVANCED_FACE('',(#12402),#12396,.F.);
#12404=CARTESIAN_POINT('',(4.18E0,1.93E0,-3.6E0));
#12405=DIRECTION('',(0.E0,0.E0,1.E0));
#12406=DIRECTION('',(1.E0,0.E0,0.E0));
#12407=AXIS2_PLACEMENT_3D('',#12404,#12405,#12406);
#12408=PLANE('',#12407);
#12410=ORIENTED_EDGE('',*,*,#12409,.F.);
#12411=ORIENTED_EDGE('',*,*,#12372,.T.);
#12412=ORIENTED_EDGE('',*,*,#10847,.T.);
#12413=ORIENTED_EDGE('',*,*,#12297,.F.);
#12414=EDGE_LOOP('',(#12410,#12411,#12412,#12413));
#12415=FACE_OUTER_BOUND('',#12414,.F.);
#12416=ADVANCED_FACE('',(#12415),#12408,.F.);
#12417=CARTESIAN_POINT('',(4.82E0,-3.2E-1,2.46E0));
#12418=DIRECTION('',(0.E0,-1.E0,0.E0));
#12419=DIRECTION('',(0.E0,0.E0,-1.E0));
#12420=AXIS2_PLACEMENT_3D('',#12417,#12418,#12419);
#12421=PLANE('',#12420);
#12422=ORIENTED_EDGE('',*,*,#12363,.F.);
#12423=ORIENTED_EDGE('',*,*,#12409,.T.);
#12424=ORIENTED_EDGE('',*,*,#12295,.T.);
#12426=ORIENTED_EDGE('',*,*,#12425,.T.);
#12428=ORIENTED_EDGE('',*,*,#12427,.T.);
#12430=ORIENTED_EDGE('',*,*,#12429,.F.);
#12431=EDGE_LOOP('',(#12422,#12423,#12424,#12426,#12428,#12430));
#12432=FACE_OUTER_BOUND('',#12431,.F.);
#12433=ADVANCED_FACE('',(#12432),#12421,.T.);
#12434=CARTESIAN_POINT('',(4.82E0,-3.2E-1,2.46E0));
#12435=DIRECTION('',(0.E0,-1.E0,0.E0));
#12436=DIRECTION('',(0.E0,0.E0,-1.E0));
#12437=AXIS2_PLACEMENT_3D('',#12434,#12435,#12436);
#12438=PLANE('',#12437);
#12440=ORIENTED_EDGE('',*,*,#12439,.F.);
#12442=ORIENTED_EDGE('',*,*,#12441,.T.);
#12443=ORIENTED_EDGE('',*,*,#8575,.F.);
#12445=ORIENTED_EDGE('',*,*,#12444,.F.);
#12446=EDGE_LOOP('',(#12440,#12442,#12443,#12445));
#12447=FACE_OUTER_BOUND('',#12446,.F.);
#12448=ADVANCED_FACE('',(#12447),#12438,.T.);
#12449=CARTESIAN_POINT('',(4.82E0,0.E0,0.E0));
#12450=DIRECTION('',(1.E0,0.E0,0.E0));
#12451=DIRECTION('',(0.E0,0.E0,-1.E0));
#12452=AXIS2_PLACEMENT_3D('',#12449,#12450,#12451);
#12453=PLANE('',#12452);
#12454=ORIENTED_EDGE('',*,*,#7249,.F.);
#12455=ORIENTED_EDGE('',*,*,#9270,.T.);
#12456=ORIENTED_EDGE('',*,*,#9577,.F.);
#12458=ORIENTED_EDGE('',*,*,#12457,.F.);
#12459=ORIENTED_EDGE('',*,*,#12425,.F.);
#12460=ORIENTED_EDGE('',*,*,#9769,.F.);
#12461=ORIENTED_EDGE('',*,*,#9946,.T.);
#12462=ORIENTED_EDGE('',*,*,#9290,.T.);
#12463=ORIENTED_EDGE('',*,*,#12335,.F.);
#12465=ORIENTED_EDGE('',*,*,#12464,.F.);
#12466=EDGE_LOOP('',(#12454,#12455,#12456,#12458,#12459,#12460,#12461,#12462,
#12463,#12465));
#12467=FACE_OUTER_BOUND('',#12466,.F.);
#12468=ADVANCED_FACE('',(#12467),#12453,.T.);
#12469=CARTESIAN_POINT('',(4.82E0,0.E0,0.E0));
#12470=DIRECTION('',(1.E0,0.E0,0.E0));
#12471=DIRECTION('',(0.E0,0.E0,-1.E0));
#12472=AXIS2_PLACEMENT_3D('',#12469,#12470,#12471);
#12473=PLANE('',#12472);
#12474=ORIENTED_EDGE('',*,*,#10843,.T.);
#12476=ORIENTED_EDGE('',*,*,#12475,.F.);
#12478=ORIENTED_EDGE('',*,*,#12477,.F.);
#12480=ORIENTED_EDGE('',*,*,#12479,.F.);
#12482=ORIENTED_EDGE('',*,*,#12481,.F.);
#12484=ORIENTED_EDGE('',*,*,#12483,.F.);
#12485=EDGE_LOOP('',(#12474,#12476,#12478,#12480,#12482,#12484));
#12486=FACE_OUTER_BOUND('',#12485,.F.);
#12487=ADVANCED_FACE('',(#12486),#12473,.T.);
#12488=CARTESIAN_POINT('',(4.82E0,0.E0,0.E0));
#12489=DIRECTION('',(1.E0,0.E0,0.E0));
#12490=DIRECTION('',(0.E0,0.E0,-1.E0));
#12491=AXIS2_PLACEMENT_3D('',#12488,#12489,#12490);
#12492=PLANE('',#12491);
#12494=ORIENTED_EDGE('',*,*,#12493,.F.);
#12496=ORIENTED_EDGE('',*,*,#12495,.F.);
#12497=ORIENTED_EDGE('',*,*,#8569,.F.);
#12498=ORIENTED_EDGE('',*,*,#12441,.F.);
#12499=EDGE_LOOP('',(#12494,#12496,#12497,#12498));
#12500=FACE_OUTER_BOUND('',#12499,.F.);
#12501=ADVANCED_FACE('',(#12500),#12492,.T.);
#12502=CARTESIAN_POINT('',(4.82E0,-3.2E-1,-3.7E0));
#12503=DIRECTION('',(0.E0,0.E0,1.E0));
#12504=DIRECTION('',(0.E0,-1.E0,0.E0));
#12505=AXIS2_PLACEMENT_3D('',#12502,#12503,#12504);
#12506=PLANE('',#12505);
#12507=ORIENTED_EDGE('',*,*,#12367,.T.);
#12509=ORIENTED_EDGE('',*,*,#12508,.F.);
#12510=ORIENTED_EDGE('',*,*,#12427,.F.);
#12511=ORIENTED_EDGE('',*,*,#12457,.T.);
#12512=ORIENTED_EDGE('',*,*,#12302,.F.);
#12514=ORIENTED_EDGE('',*,*,#12513,.T.);
#12515=EDGE_LOOP('',(#12507,#12509,#12510,#12511,#12512,#12514));
#12516=FACE_OUTER_BOUND('',#12515,.F.);
#12517=ADVANCED_FACE('',(#12516),#12506,.T.);
#12518=CARTESIAN_POINT('',(4.18E0,0.E0,0.E0));
#12519=DIRECTION('',(1.E0,0.E0,0.E0));
#12520=DIRECTION('',(0.E0,0.E0,-1.E0));
#12521=AXIS2_PLACEMENT_3D('',#12518,#12519,#12520);
#12522=PLANE('',#12521);
#12523=ORIENTED_EDGE('',*,*,#7265,.T.);
#12525=ORIENTED_EDGE('',*,*,#12524,.T.);
#12526=ORIENTED_EDGE('',*,*,#12331,.T.);
#12527=ORIENTED_EDGE('',*,*,#9317,.F.);
#12528=ORIENTED_EDGE('',*,*,#9957,.F.);
#12529=ORIENTED_EDGE('',*,*,#9784,.T.);
#12530=ORIENTED_EDGE('',*,*,#12429,.T.);
#12531=ORIENTED_EDGE('',*,*,#12508,.T.);
#12532=ORIENTED_EDGE('',*,*,#9588,.T.);
#12533=ORIENTED_EDGE('',*,*,#9301,.F.);
#12534=EDGE_LOOP('',(#12523,#12525,#12526,#12527,#12528,#12529,#12530,#12531,
#12532,#12533));
#12535=FACE_OUTER_BOUND('',#12534,.F.);
#12536=ADVANCED_FACE('',(#12535),#12522,.F.);
#12537=CARTESIAN_POINT('',(4.18E0,0.E0,0.E0));
#12538=DIRECTION('',(1.E0,0.E0,0.E0));
#12539=DIRECTION('',(0.E0,0.E0,-1.E0));
#12540=AXIS2_PLACEMENT_3D('',#12537,#12538,#12539);
#12541=PLANE('',#12540);
#12542=ORIENTED_EDGE('',*,*,#10851,.F.);
#12544=ORIENTED_EDGE('',*,*,#12543,.T.);
#12546=ORIENTED_EDGE('',*,*,#12545,.T.);
#12548=ORIENTED_EDGE('',*,*,#12547,.T.);
#12550=ORIENTED_EDGE('',*,*,#12549,.T.);
#12552=ORIENTED_EDGE('',*,*,#12551,.T.);
#12553=EDGE_LOOP('',(#12542,#12544,#12546,#12548,#12550,#12552));
#12554=FACE_OUTER_BOUND('',#12553,.F.);
#12555=ADVANCED_FACE('',(#12554),#12541,.F.);
#12556=CARTESIAN_POINT('',(4.18E0,0.E0,0.E0));
#12557=DIRECTION('',(1.E0,0.E0,0.E0));
#12558=DIRECTION('',(0.E0,0.E0,-1.E0));
#12559=AXIS2_PLACEMENT_3D('',#12556,#12557,#12558);
#12560=PLANE('',#12559);
#12562=ORIENTED_EDGE('',*,*,#12561,.F.);
#12563=ORIENTED_EDGE('',*,*,#12444,.T.);
#12564=ORIENTED_EDGE('',*,*,#8573,.T.);
#12566=ORIENTED_EDGE('',*,*,#12565,.T.);
#12567=EDGE_LOOP('',(#12562,#12563,#12564,#12566));
#12568=FACE_OUTER_BOUND('',#12567,.F.);
#12569=ADVANCED_FACE('',(#12568),#12560,.F.);
#12570=CARTESIAN_POINT('',(4.82E0,-1.65E0,-4.34E0));
#12571=DIRECTION('',(0.E0,0.E0,-1.E0));
#12572=DIRECTION('',(0.E0,1.E0,0.E0));
#12573=AXIS2_PLACEMENT_3D('',#12570,#12571,#12572);
#12574=PLANE('',#12573);
#12575=ORIENTED_EDGE('',*,*,#12387,.F.);
#12577=ORIENTED_EDGE('',*,*,#12576,.F.);
#12578=ORIENTED_EDGE('',*,*,#12315,.T.);
#12579=ORIENTED_EDGE('',*,*,#12464,.T.);
#12580=ORIENTED_EDGE('',*,*,#12333,.T.);
#12581=ORIENTED_EDGE('',*,*,#12524,.F.);
#12582=EDGE_LOOP('',(#12575,#12577,#12578,#12579,#12580,#12581));
#12583=FACE_OUTER_BOUND('',#12582,.F.);
#12584=ADVANCED_FACE('',(#12583),#12574,.T.);
#12585=CARTESIAN_POINT('',(4.82E0,-1.65E0,-4.59E0));
#12586=DIRECTION('',(1.E0,0.E0,0.E0));
#12587=DIRECTION('',(0.E0,0.E0,-1.E0));
#12588=AXIS2_PLACEMENT_3D('',#12585,#12586,#12587);
#12589=CYLINDRICAL_SURFACE('',#12588,2.5E-1);
#12590=ORIENTED_EDGE('',*,*,#12385,.T.);
#12591=ORIENTED_EDGE('',*,*,#12551,.F.);
#12593=ORIENTED_EDGE('',*,*,#12592,.F.);
#12594=ORIENTED_EDGE('',*,*,#12475,.T.);
#12595=ORIENTED_EDGE('',*,*,#12317,.F.);
#12596=ORIENTED_EDGE('',*,*,#12576,.T.);
#12597=EDGE_LOOP('',(#12590,#12591,#12593,#12594,#12595,#12596));
#12598=FACE_OUTER_BOUND('',#12597,.F.);
#12599=ADVANCED_FACE('',(#12598),#12589,.F.);
#12600=CARTESIAN_POINT('',(4.82E0,-1.9E0,-5.47E0));
#12601=DIRECTION('',(0.E0,1.E0,0.E0));
#12602=DIRECTION('',(0.E0,0.E0,1.E0));
#12603=AXIS2_PLACEMENT_3D('',#12600,#12601,#12602);
#12604=PLANE('',#12603);
#12605=ORIENTED_EDGE('',*,*,#12477,.T.);
#12606=ORIENTED_EDGE('',*,*,#12592,.T.);
#12607=ORIENTED_EDGE('',*,*,#12549,.F.);
#12609=ORIENTED_EDGE('',*,*,#12608,.F.);
#12610=EDGE_LOOP('',(#12605,#12606,#12607,#12609));
#12611=FACE_OUTER_BOUND('',#12610,.F.);
#12612=ADVANCED_FACE('',(#12611),#12604,.T.);
#12613=CARTESIAN_POINT('',(4.82E0,-2.22E0,-5.47E0));
#12614=DIRECTION('',(1.E0,0.E0,0.E0));
#12615=DIRECTION('',(0.E0,0.E0,-1.E0));
#12616=AXIS2_PLACEMENT_3D('',#12613,#12614,#12615);
#12617=CYLINDRICAL_SURFACE('',#12616,3.2E-1);
#12618=ORIENTED_EDGE('',*,*,#12479,.T.);
#12619=ORIENTED_EDGE('',*,*,#12608,.T.);
#12620=ORIENTED_EDGE('',*,*,#12547,.F.);
#12622=ORIENTED_EDGE('',*,*,#12621,.F.);
#12623=EDGE_LOOP('',(#12618,#12619,#12620,#12622));
#12624=FACE_OUTER_BOUND('',#12623,.F.);
#12625=ADVANCED_FACE('',(#12624),#12617,.T.);
#12626=CARTESIAN_POINT('',(4.82E0,-2.54E0,-4.59E0));
#12627=DIRECTION('',(0.E0,-1.E0,0.E0));
#12628=DIRECTION('',(0.E0,0.E0,-1.E0));
#12629=AXIS2_PLACEMENT_3D('',#12626,#12627,#12628);
#12630=PLANE('',#12629);
#12631=ORIENTED_EDGE('',*,*,#12481,.T.);
#12632=ORIENTED_EDGE('',*,*,#12621,.T.);
#12633=ORIENTED_EDGE('',*,*,#12545,.F.);
#12635=ORIENTED_EDGE('',*,*,#12634,.F.);
#12636=EDGE_LOOP('',(#12631,#12632,#12633,#12635));
#12637=FACE_OUTER_BOUND('',#12636,.F.);
#12638=ADVANCED_FACE('',(#12637),#12630,.T.);
#12639=CARTESIAN_POINT('',(4.82E0,-1.65E0,-4.59E0));
#12640=DIRECTION('',(1.E0,0.E0,0.E0));
#12641=DIRECTION('',(0.E0,0.E0,-1.E0));
#12642=AXIS2_PLACEMENT_3D('',#12639,#12640,#12641);
#12643=CYLINDRICAL_SURFACE('',#12642,8.9E-1);
#12644=ORIENTED_EDGE('',*,*,#12369,.F.);
#12645=ORIENTED_EDGE('',*,*,#12513,.F.);
#12646=ORIENTED_EDGE('',*,*,#12300,.T.);
#12647=ORIENTED_EDGE('',*,*,#12483,.T.);
#12648=ORIENTED_EDGE('',*,*,#12634,.T.);
#12649=ORIENTED_EDGE('',*,*,#12543,.F.);
#12650=EDGE_LOOP('',(#12644,#12645,#12646,#12647,#12648,#12649));
#12651=FACE_OUTER_BOUND('',#12650,.F.);
#12652=ADVANCED_FACE('',(#12651),#12643,.T.);
#12653=CARTESIAN_POINT('',(4.255E0,0.E0,2.26E0));
#12654=DIRECTION('',(-9.363291775690E-1,0.E0,3.511234415884E-1));
#12655=DIRECTION('',(3.511234415884E-1,0.E0,9.363291775690E-1));
#12656=AXIS2_PLACEMENT_3D('',#12653,#12654,#12655);
#12657=PLANE('',#12656);
#12658=ORIENTED_EDGE('',*,*,#12561,.T.);
#12660=ORIENTED_EDGE('',*,*,#12659,.F.);
#12662=ORIENTED_EDGE('',*,*,#12661,.F.);
#12664=ORIENTED_EDGE('',*,*,#12663,.T.);
#12665=EDGE_LOOP('',(#12658,#12660,#12662,#12664));
#12666=FACE_OUTER_BOUND('',#12665,.F.);
#12667=ADVANCED_FACE('',(#12666),#12657,.T.);
#12668=CARTESIAN_POINT('',(4.5E0,2.45E-1,2.26E0));
#12669=DIRECTION('',(0.E0,9.363291775690E-1,3.511234415884E-1));
#12670=DIRECTION('',(0.E0,3.511234415884E-1,-9.363291775690E-1));
#12671=AXIS2_PLACEMENT_3D('',#12668,#12669,#12670);
#12672=PLANE('',#12671);
#12674=ORIENTED_EDGE('',*,*,#12673,.F.);
#12676=ORIENTED_EDGE('',*,*,#12675,.F.);
#12678=ORIENTED_EDGE('',*,*,#12677,.T.);
#12679=ORIENTED_EDGE('',*,*,#12659,.T.);
#12680=EDGE_LOOP('',(#12674,#12676,#12678,#12679));
#12681=FACE_OUTER_BOUND('',#12680,.F.);
#12682=ADVANCED_FACE('',(#12681),#12672,.T.);
#12683=CARTESIAN_POINT('',(4.82E0,3.2E-1,-2.49E0));
#12684=DIRECTION('',(0.E0,1.E0,0.E0));
#12685=DIRECTION('',(0.E0,0.E0,1.E0));
#12686=AXIS2_PLACEMENT_3D('',#12683,#12684,#12685);
#12687=PLANE('',#12686);
#12688=ORIENTED_EDGE('',*,*,#12673,.T.);
#12689=ORIENTED_EDGE('',*,*,#12565,.F.);
#12690=ORIENTED_EDGE('',*,*,#8571,.T.);
#12691=ORIENTED_EDGE('',*,*,#12495,.T.);
#12692=EDGE_LOOP('',(#12688,#12689,#12690,#12691));
#12693=FACE_OUTER_BOUND('',#12692,.F.);
#12694=ADVANCED_FACE('',(#12693),#12687,.T.);
#12695=CARTESIAN_POINT('',(4.745E0,0.E0,2.26E0));
#12696=DIRECTION('',(9.363291775690E-1,0.E0,3.511234415884E-1));
#12697=DIRECTION('',(-3.511234415884E-1,0.E0,9.363291775690E-1));
#12698=AXIS2_PLACEMENT_3D('',#12695,#12696,#12697);
#12699=PLANE('',#12698);
#12701=ORIENTED_EDGE('',*,*,#12700,.F.);
#12702=ORIENTED_EDGE('',*,*,#12675,.T.);
#12703=ORIENTED_EDGE('',*,*,#12493,.T.);
#12705=ORIENTED_EDGE('',*,*,#12704,.T.);
#12706=EDGE_LOOP('',(#12701,#12702,#12703,#12705));
#12707=FACE_OUTER_BOUND('',#12706,.F.);
#12708=ADVANCED_FACE('',(#12707),#12699,.T.);
#12709=CARTESIAN_POINT('',(4.82E0,3.2E-1,2.46E0));
#12710=DIRECTION('',(0.E0,0.E0,1.E0));
#12711=DIRECTION('',(0.E0,-1.E0,0.E0));
#12712=AXIS2_PLACEMENT_3D('',#12709,#12710,#12711);
#12713=PLANE('',#12712);
#12715=ORIENTED_EDGE('',*,*,#12714,.T.);
#12716=ORIENTED_EDGE('',*,*,#12661,.T.);
#12717=ORIENTED_EDGE('',*,*,#12677,.F.);
#12718=ORIENTED_EDGE('',*,*,#12700,.T.);
#12719=EDGE_LOOP('',(#12715,#12716,#12717,#12718));
#12720=FACE_OUTER_BOUND('',#12719,.F.);
#12721=ADVANCED_FACE('',(#12720),#12713,.T.);
#12722=CARTESIAN_POINT('',(4.5E0,-2.45E-1,2.26E0));
#12723=DIRECTION('',(0.E0,-9.363291775690E-1,3.511234415884E-1));
#12724=DIRECTION('',(0.E0,3.511234415884E-1,9.363291775690E-1));
#12725=AXIS2_PLACEMENT_3D('',#12722,#12723,#12724);
#12726=PLANE('',#12725);
#12727=ORIENTED_EDGE('',*,*,#12714,.F.);
#12728=ORIENTED_EDGE('',*,*,#12704,.F.);
#12729=ORIENTED_EDGE('',*,*,#12439,.T.);
#12730=ORIENTED_EDGE('',*,*,#12663,.F.);
#12731=EDGE_LOOP('',(#12727,#12728,#12729,#12730));
#12732=FACE_OUTER_BOUND('',#12731,.F.);
#12733=ADVANCED_FACE('',(#12732),#12726,.T.);
#12734=CARTESIAN_POINT('',(1.82E0,1.93E0,-3.6E0));
#12735=DIRECTION('',(1.E0,0.E0,0.E0));
#12736=DIRECTION('',(0.E0,0.E0,-1.E0));
#12737=AXIS2_PLACEMENT_3D('',#12734,#12735,#12736);
#12738=PLANE('',#12737);
#12740=ORIENTED_EDGE('',*,*,#12739,.T.);
#12741=ORIENTED_EDGE('',*,*,#9323,.T.);
#12742=ORIENTED_EDGE('',*,*,#10141,.T.);
#12743=ORIENTED_EDGE('',*,*,#10302,.T.);
#12744=ORIENTED_EDGE('',*,*,#10424,.T.);
#12746=ORIENTED_EDGE('',*,*,#12745,.T.);
#12747=EDGE_LOOP('',(#12740,#12741,#12742,#12743,#12744,#12746));
#12748=FACE_OUTER_BOUND('',#12747,.F.);
#12749=ADVANCED_FACE('',(#12748),#12738,.F.);
#12750=CARTESIAN_POINT('',(1.82E0,1.93E0,-3.6E0));
#12751=DIRECTION('',(1.E0,0.E0,0.E0));
#12752=DIRECTION('',(0.E0,0.E0,-1.E0));
#12753=AXIS2_PLACEMENT_3D('',#12750,#12751,#12752);
#12754=PLANE('',#12753);
#12756=ORIENTED_EDGE('',*,*,#12755,.F.);
#12758=ORIENTED_EDGE('',*,*,#12757,.T.);
#12759=ORIENTED_EDGE('',*,*,#10860,.F.);
#12761=ORIENTED_EDGE('',*,*,#12760,.F.);
#12763=ORIENTED_EDGE('',*,*,#12762,.T.);
#12764=ORIENTED_EDGE('',*,*,#9594,.F.);
#12765=ORIENTED_EDGE('',*,*,#9779,.F.);
#12766=EDGE_LOOP('',(#12756,#12758,#12759,#12761,#12763,#12764,#12765));
#12767=FACE_OUTER_BOUND('',#12766,.F.);
#12768=ADVANCED_FACE('',(#12767),#12754,.F.);
#12769=CARTESIAN_POINT('',(1.82E0,1.93E0,-3.6E0));
#12770=DIRECTION('',(1.E0,0.E0,0.E0));
#12771=DIRECTION('',(0.E0,0.E0,-1.E0));
#12772=AXIS2_PLACEMENT_3D('',#12769,#12770,#12771);
#12773=PLANE('',#12772);
#12774=ORIENTED_EDGE('',*,*,#7259,.T.);
#12776=ORIENTED_EDGE('',*,*,#12775,.F.);
#12778=ORIENTED_EDGE('',*,*,#12777,.T.);
#12779=ORIENTED_EDGE('',*,*,#10856,.F.);
#12780=ORIENTED_EDGE('',*,*,#7927,.T.);
#12781=EDGE_LOOP('',(#12774,#12776,#12778,#12779,#12780));
#12782=FACE_OUTER_BOUND('',#12781,.F.);
#12783=ADVANCED_FACE('',(#12782),#12773,.F.);
#12784=CARTESIAN_POINT('',(1.82E0,1.055E0,-4.34E0));
#12785=DIRECTION('',(0.E0,1.E0,0.E0));
#12786=DIRECTION('',(0.E0,0.E0,1.E0));
#12787=AXIS2_PLACEMENT_3D('',#12784,#12785,#12786);
#12788=PLANE('',#12787);
#12790=ORIENTED_EDGE('',*,*,#12789,.T.);
#12792=ORIENTED_EDGE('',*,*,#12791,.F.);
#12794=ORIENTED_EDGE('',*,*,#12793,.F.);
#12796=ORIENTED_EDGE('',*,*,#12795,.T.);
#12797=ORIENTED_EDGE('',*,*,#12739,.F.);
#12799=ORIENTED_EDGE('',*,*,#12798,.F.);
#12800=EDGE_LOOP('',(#12790,#12792,#12794,#12796,#12797,#12799));
#12801=FACE_OUTER_BOUND('',#12800,.F.);
#12802=ADVANCED_FACE('',(#12801),#12788,.T.);
#12803=CARTESIAN_POINT('',(1.18E0,1.93E0,-4.95E0));
#12804=DIRECTION('',(-1.E0,0.E0,0.E0));
#12805=DIRECTION('',(0.E0,0.E0,1.E0));
#12806=AXIS2_PLACEMENT_3D('',#12803,#12804,#12805);
#12807=PLANE('',#12806);
#12808=ORIENTED_EDGE('',*,*,#12789,.F.);
#12810=ORIENTED_EDGE('',*,*,#12809,.F.);
#12811=ORIENTED_EDGE('',*,*,#10420,.F.);
#12812=ORIENTED_EDGE('',*,*,#10320,.F.);
#12813=ORIENTED_EDGE('',*,*,#10159,.F.);
#12814=ORIENTED_EDGE('',*,*,#9354,.F.);
#12815=EDGE_LOOP('',(#12808,#12810,#12811,#12812,#12813,#12814));
#12816=FACE_OUTER_BOUND('',#12815,.F.);
#12817=ADVANCED_FACE('',(#12816),#12807,.F.);
#12818=CARTESIAN_POINT('',(1.18E0,1.93E0,-4.95E0));
#12819=DIRECTION('',(-1.E0,0.E0,0.E0));
#12820=DIRECTION('',(0.E0,0.E0,1.E0));
#12821=AXIS2_PLACEMENT_3D('',#12818,#12819,#12820);
#12822=PLANE('',#12821);
#12824=ORIENTED_EDGE('',*,*,#12823,.T.);
#12825=ORIENTED_EDGE('',*,*,#9801,.T.);
#12826=ORIENTED_EDGE('',*,*,#9609,.T.);
#12828=ORIENTED_EDGE('',*,*,#12827,.F.);
#12830=ORIENTED_EDGE('',*,*,#12829,.T.);
#12831=ORIENTED_EDGE('',*,*,#10864,.T.);
#12833=ORIENTED_EDGE('',*,*,#12832,.F.);
#12834=EDGE_LOOP('',(#12824,#12825,#12826,#12828,#12830,#12831,#12833));
#12835=FACE_OUTER_BOUND('',#12834,.F.);
#12836=ADVANCED_FACE('',(#12835),#12822,.F.);
#12837=CARTESIAN_POINT('',(1.18E0,1.93E0,-4.95E0));
#12838=DIRECTION('',(-1.E0,0.E0,0.E0));
#12839=DIRECTION('',(0.E0,0.E0,1.E0));
#12840=AXIS2_PLACEMENT_3D('',#12837,#12838,#12839);
#12841=PLANE('',#12840);
#12842=ORIENTED_EDGE('',*,*,#7283,.F.);
#12843=ORIENTED_EDGE('',*,*,#7946,.F.);
#12844=ORIENTED_EDGE('',*,*,#10868,.T.);
#12846=ORIENTED_EDGE('',*,*,#12845,.F.);
#12848=ORIENTED_EDGE('',*,*,#12847,.T.);
#12849=EDGE_LOOP('',(#12842,#12843,#12844,#12846,#12848));
#12850=FACE_OUTER_BOUND('',#12849,.F.);
#12851=ADVANCED_FACE('',(#12850),#12841,.F.);
#12852=CARTESIAN_POINT('',(1.18E0,1.93E0,-3.6E0));
#12853=DIRECTION('',(0.E0,0.E0,1.E0));
#12854=DIRECTION('',(1.E0,0.E0,0.E0));
#12855=AXIS2_PLACEMENT_3D('',#12852,#12853,#12854);
#12856=PLANE('',#12855);
#12857=ORIENTED_EDGE('',*,*,#12798,.T.);
#12858=ORIENTED_EDGE('',*,*,#12745,.F.);
#12859=ORIENTED_EDGE('',*,*,#10422,.F.);
#12860=ORIENTED_EDGE('',*,*,#12809,.T.);
#12861=EDGE_LOOP('',(#12857,#12858,#12859,#12860));
#12862=FACE_OUTER_BOUND('',#12861,.F.);
#12863=ADVANCED_FACE('',(#12862),#12856,.F.);
#12864=CARTESIAN_POINT('',(1.18E0,1.93E0,-3.6E0));
#12865=DIRECTION('',(0.E0,0.E0,1.E0));
#12866=DIRECTION('',(1.E0,0.E0,0.E0));
#12867=AXIS2_PLACEMENT_3D('',#12864,#12865,#12866);
#12868=PLANE('',#12867);
#12870=ORIENTED_EDGE('',*,*,#12869,.F.);
#12871=ORIENTED_EDGE('',*,*,#12832,.T.);
#12872=ORIENTED_EDGE('',*,*,#10862,.T.);
#12873=ORIENTED_EDGE('',*,*,#12757,.F.);
#12874=EDGE_LOOP('',(#12870,#12871,#12872,#12873));
#12875=FACE_OUTER_BOUND('',#12874,.F.);
#12876=ADVANCED_FACE('',(#12875),#12868,.F.);
#12877=CARTESIAN_POINT('',(1.82E0,-3.2E-1,2.46E0));
#12878=DIRECTION('',(0.E0,-1.E0,0.E0));
#12879=DIRECTION('',(0.E0,0.E0,-1.E0));
#12880=AXIS2_PLACEMENT_3D('',#12877,#12878,#12879);
#12881=PLANE('',#12880);
#12882=ORIENTED_EDGE('',*,*,#12823,.F.);
#12883=ORIENTED_EDGE('',*,*,#12869,.T.);
#12884=ORIENTED_EDGE('',*,*,#12755,.T.);
#12886=ORIENTED_EDGE('',*,*,#12885,.T.);
#12888=ORIENTED_EDGE('',*,*,#12887,.T.);
#12890=ORIENTED_EDGE('',*,*,#12889,.F.);
#12891=EDGE_LOOP('',(#12882,#12883,#12884,#12886,#12888,#12890));
#12892=FACE_OUTER_BOUND('',#12891,.F.);
#12893=ADVANCED_FACE('',(#12892),#12881,.T.);
#12894=CARTESIAN_POINT('',(1.82E0,-3.2E-1,2.46E0));
#12895=DIRECTION('',(0.E0,-1.E0,0.E0));
#12896=DIRECTION('',(0.E0,0.E0,-1.E0));
#12897=AXIS2_PLACEMENT_3D('',#12894,#12895,#12896);
#12898=PLANE('',#12897);
#12900=ORIENTED_EDGE('',*,*,#12899,.F.);
#12902=ORIENTED_EDGE('',*,*,#12901,.T.);
#12903=ORIENTED_EDGE('',*,*,#8547,.F.);
#12905=ORIENTED_EDGE('',*,*,#12904,.F.);
#12906=EDGE_LOOP('',(#12900,#12902,#12903,#12905));
#12907=FACE_OUTER_BOUND('',#12906,.F.);
#12908=ADVANCED_FACE('',(#12907),#12898,.T.);
#12909=CARTESIAN_POINT('',(1.82E0,0.E0,0.E0));
#12910=DIRECTION('',(1.E0,0.E0,0.E0));
#12911=DIRECTION('',(0.E0,0.E0,-1.E0));
#12912=AXIS2_PLACEMENT_3D('',#12909,#12910,#12911);
#12913=PLANE('',#12912);
#12914=ORIENTED_EDGE('',*,*,#7269,.F.);
#12915=ORIENTED_EDGE('',*,*,#9305,.T.);
#12916=ORIENTED_EDGE('',*,*,#9596,.F.);
#12918=ORIENTED_EDGE('',*,*,#12917,.F.);
#12919=ORIENTED_EDGE('',*,*,#12885,.F.);
#12920=ORIENTED_EDGE('',*,*,#9788,.F.);
#12921=ORIENTED_EDGE('',*,*,#9960,.T.);
#12922=ORIENTED_EDGE('',*,*,#9325,.T.);
#12923=ORIENTED_EDGE('',*,*,#12795,.F.);
#12925=ORIENTED_EDGE('',*,*,#12924,.F.);
#12926=EDGE_LOOP('',(#12914,#12915,#12916,#12918,#12919,#12920,#12921,#12922,
#12923,#12925));
#12927=FACE_OUTER_BOUND('',#12926,.F.);
#12928=ADVANCED_FACE('',(#12927),#12913,.T.);
#12929=CARTESIAN_POINT('',(1.82E0,0.E0,0.E0));
#12930=DIRECTION('',(1.E0,0.E0,0.E0));
#12931=DIRECTION('',(0.E0,0.E0,-1.E0));
#12932=AXIS2_PLACEMENT_3D('',#12929,#12930,#12931);
#12933=PLANE('',#12932);
#12934=ORIENTED_EDGE('',*,*,#10858,.T.);
#12936=ORIENTED_EDGE('',*,*,#12935,.F.);
#12938=ORIENTED_EDGE('',*,*,#12937,.F.);
#12940=ORIENTED_EDGE('',*,*,#12939,.F.);
#12942=ORIENTED_EDGE('',*,*,#12941,.F.);
#12944=ORIENTED_EDGE('',*,*,#12943,.F.);
#12945=EDGE_LOOP('',(#12934,#12936,#12938,#12940,#12942,#12944));
#12946=FACE_OUTER_BOUND('',#12945,.F.);
#12947=ADVANCED_FACE('',(#12946),#12933,.T.);
#12948=CARTESIAN_POINT('',(1.82E0,0.E0,0.E0));
#12949=DIRECTION('',(1.E0,0.E0,0.E0));
#12950=DIRECTION('',(0.E0,0.E0,-1.E0));
#12951=AXIS2_PLACEMENT_3D('',#12948,#12949,#12950);
#12952=PLANE('',#12951);
#12954=ORIENTED_EDGE('',*,*,#12953,.F.);
#12956=ORIENTED_EDGE('',*,*,#12955,.F.);
#12957=ORIENTED_EDGE('',*,*,#8541,.F.);
#12958=ORIENTED_EDGE('',*,*,#12901,.F.);
#12959=EDGE_LOOP('',(#12954,#12956,#12957,#12958));
#12960=FACE_OUTER_BOUND('',#12959,.F.);
#12961=ADVANCED_FACE('',(#12960),#12952,.T.);
#12962=CARTESIAN_POINT('',(1.82E0,-3.2E-1,-3.7E0));
#12963=DIRECTION('',(0.E0,0.E0,1.E0));
#12964=DIRECTION('',(0.E0,-1.E0,0.E0));
#12965=AXIS2_PLACEMENT_3D('',#12962,#12963,#12964);
#12966=PLANE('',#12965);
#12967=ORIENTED_EDGE('',*,*,#12827,.T.);
#12969=ORIENTED_EDGE('',*,*,#12968,.F.);
#12970=ORIENTED_EDGE('',*,*,#12887,.F.);
#12971=ORIENTED_EDGE('',*,*,#12917,.T.);
#12972=ORIENTED_EDGE('',*,*,#12762,.F.);
#12974=ORIENTED_EDGE('',*,*,#12973,.T.);
#12975=EDGE_LOOP('',(#12967,#12969,#12970,#12971,#12972,#12974));
#12976=FACE_OUTER_BOUND('',#12975,.F.);
#12977=ADVANCED_FACE('',(#12976),#12966,.T.);
#12978=CARTESIAN_POINT('',(1.18E0,0.E0,0.E0));
#12979=DIRECTION('',(1.E0,0.E0,0.E0));
#12980=DIRECTION('',(0.E0,0.E0,-1.E0));
#12981=AXIS2_PLACEMENT_3D('',#12978,#12979,#12980);
#12982=PLANE('',#12981);
#12983=ORIENTED_EDGE('',*,*,#7285,.T.);
#12985=ORIENTED_EDGE('',*,*,#12984,.T.);
#12986=ORIENTED_EDGE('',*,*,#12791,.T.);
#12987=ORIENTED_EDGE('',*,*,#9352,.F.);
#12988=ORIENTED_EDGE('',*,*,#9971,.F.);
#12989=ORIENTED_EDGE('',*,*,#9803,.T.);
#12990=ORIENTED_EDGE('',*,*,#12889,.T.);
#12991=ORIENTED_EDGE('',*,*,#12968,.T.);
#12992=ORIENTED_EDGE('',*,*,#9607,.T.);
#12993=ORIENTED_EDGE('',*,*,#9336,.F.);
#12994=EDGE_LOOP('',(#12983,#12985,#12986,#12987,#12988,#12989,#12990,#12991,
#12992,#12993));
#12995=FACE_OUTER_BOUND('',#12994,.F.);
#12996=ADVANCED_FACE('',(#12995),#12982,.F.);
#12997=CARTESIAN_POINT('',(1.18E0,0.E0,0.E0));
#12998=DIRECTION('',(1.E0,0.E0,0.E0));
#12999=DIRECTION('',(0.E0,0.E0,-1.E0));
#13000=AXIS2_PLACEMENT_3D('',#12997,#12998,#12999);
#13001=PLANE('',#13000);
#13002=ORIENTED_EDGE('',*,*,#10866,.F.);
#13004=ORIENTED_EDGE('',*,*,#13003,.T.);
#13006=ORIENTED_EDGE('',*,*,#13005,.T.);
#13008=ORIENTED_EDGE('',*,*,#13007,.T.);
#13010=ORIENTED_EDGE('',*,*,#13009,.T.);
#13012=ORIENTED_EDGE('',*,*,#13011,.T.);
#13013=EDGE_LOOP('',(#13002,#13004,#13006,#13008,#13010,#13012));
#13014=FACE_OUTER_BOUND('',#13013,.F.);
#13015=ADVANCED_FACE('',(#13014),#13001,.F.);
#13016=CARTESIAN_POINT('',(1.18E0,0.E0,0.E0));
#13017=DIRECTION('',(1.E0,0.E0,0.E0));
#13018=DIRECTION('',(0.E0,0.E0,-1.E0));
#13019=AXIS2_PLACEMENT_3D('',#13016,#13017,#13018);
#13020=PLANE('',#13019);
#13022=ORIENTED_EDGE('',*,*,#13021,.F.);
#13023=ORIENTED_EDGE('',*,*,#12904,.T.);
#13024=ORIENTED_EDGE('',*,*,#8545,.T.);
#13026=ORIENTED_EDGE('',*,*,#13025,.T.);
#13027=EDGE_LOOP('',(#13022,#13023,#13024,#13026));
#13028=FACE_OUTER_BOUND('',#13027,.F.);
#13029=ADVANCED_FACE('',(#13028),#13020,.F.);
#13030=CARTESIAN_POINT('',(1.82E0,-1.65E0,-4.34E0));
#13031=DIRECTION('',(0.E0,0.E0,-1.E0));
#13032=DIRECTION('',(0.E0,1.E0,0.E0));
#13033=AXIS2_PLACEMENT_3D('',#13030,#13031,#13032);
#13034=PLANE('',#13033);
#13035=ORIENTED_EDGE('',*,*,#12847,.F.);
#13037=ORIENTED_EDGE('',*,*,#13036,.F.);
#13038=ORIENTED_EDGE('',*,*,#12775,.T.);
#13039=ORIENTED_EDGE('',*,*,#12924,.T.);
#13040=ORIENTED_EDGE('',*,*,#12793,.T.);
#13041=ORIENTED_EDGE('',*,*,#12984,.F.);
#13042=EDGE_LOOP('',(#13035,#13037,#13038,#13039,#13040,#13041));
#13043=FACE_OUTER_BOUND('',#13042,.F.);
#13044=ADVANCED_FACE('',(#13043),#13034,.T.);
#13045=CARTESIAN_POINT('',(1.82E0,-1.65E0,-4.59E0));
#13046=DIRECTION('',(1.E0,0.E0,0.E0));
#13047=DIRECTION('',(0.E0,0.E0,-1.E0));
#13048=AXIS2_PLACEMENT_3D('',#13045,#13046,#13047);
#13049=CYLINDRICAL_SURFACE('',#13048,2.5E-1);
#13050=ORIENTED_EDGE('',*,*,#12845,.T.);
#13051=ORIENTED_EDGE('',*,*,#13011,.F.);
#13053=ORIENTED_EDGE('',*,*,#13052,.F.);
#13054=ORIENTED_EDGE('',*,*,#12935,.T.);
#13055=ORIENTED_EDGE('',*,*,#12777,.F.);
#13056=ORIENTED_EDGE('',*,*,#13036,.T.);
#13057=EDGE_LOOP('',(#13050,#13051,#13053,#13054,#13055,#13056));
#13058=FACE_OUTER_BOUND('',#13057,.F.);
#13059=ADVANCED_FACE('',(#13058),#13049,.F.);
#13060=CARTESIAN_POINT('',(1.82E0,-1.9E0,-5.47E0));
#13061=DIRECTION('',(0.E0,1.E0,0.E0));
#13062=DIRECTION('',(0.E0,0.E0,1.E0));
#13063=AXIS2_PLACEMENT_3D('',#13060,#13061,#13062);
#13064=PLANE('',#13063);
#13065=ORIENTED_EDGE('',*,*,#12937,.T.);
#13066=ORIENTED_EDGE('',*,*,#13052,.T.);
#13067=ORIENTED_EDGE('',*,*,#13009,.F.);
#13069=ORIENTED_EDGE('',*,*,#13068,.F.);
#13070=EDGE_LOOP('',(#13065,#13066,#13067,#13069));
#13071=FACE_OUTER_BOUND('',#13070,.F.);
#13072=ADVANCED_FACE('',(#13071),#13064,.T.);
#13073=CARTESIAN_POINT('',(1.82E0,-2.22E0,-5.47E0));
#13074=DIRECTION('',(1.E0,0.E0,0.E0));
#13075=DIRECTION('',(0.E0,0.E0,-1.E0));
#13076=AXIS2_PLACEMENT_3D('',#13073,#13074,#13075);
#13077=CYLINDRICAL_SURFACE('',#13076,3.2E-1);
#13078=ORIENTED_EDGE('',*,*,#12939,.T.);
#13079=ORIENTED_EDGE('',*,*,#13068,.T.);
#13080=ORIENTED_EDGE('',*,*,#13007,.F.);
#13082=ORIENTED_EDGE('',*,*,#13081,.F.);
#13083=EDGE_LOOP('',(#13078,#13079,#13080,#13082));
#13084=FACE_OUTER_BOUND('',#13083,.F.);
#13085=ADVANCED_FACE('',(#13084),#13077,.T.);
#13086=CARTESIAN_POINT('',(1.82E0,-2.54E0,-4.59E0));
#13087=DIRECTION('',(0.E0,-1.E0,0.E0));
#13088=DIRECTION('',(0.E0,0.E0,-1.E0));
#13089=AXIS2_PLACEMENT_3D('',#13086,#13087,#13088);
#13090=PLANE('',#13089);
#13091=ORIENTED_EDGE('',*,*,#12941,.T.);
#13092=ORIENTED_EDGE('',*,*,#13081,.T.);
#13093=ORIENTED_EDGE('',*,*,#13005,.F.);
#13095=ORIENTED_EDGE('',*,*,#13094,.F.);
#13096=EDGE_LOOP('',(#13091,#13092,#13093,#13095));
#13097=FACE_OUTER_BOUND('',#13096,.F.);
#13098=ADVANCED_FACE('',(#13097),#13090,.T.);
#13099=CARTESIAN_POINT('',(1.82E0,-1.65E0,-4.59E0));
#13100=DIRECTION('',(1.E0,0.E0,0.E0));
#13101=DIRECTION('',(0.E0,0.E0,-1.E0));
#13102=AXIS2_PLACEMENT_3D('',#13099,#13100,#13101);
#13103=CYLINDRICAL_SURFACE('',#13102,8.9E-1);
#13104=ORIENTED_EDGE('',*,*,#12829,.F.);
#13105=ORIENTED_EDGE('',*,*,#12973,.F.);
#13106=ORIENTED_EDGE('',*,*,#12760,.T.);
#13107=ORIENTED_EDGE('',*,*,#12943,.T.);
#13108=ORIENTED_EDGE('',*,*,#13094,.T.);
#13109=ORIENTED_EDGE('',*,*,#13003,.F.);
#13110=EDGE_LOOP('',(#13104,#13105,#13106,#13107,#13108,#13109));
#13111=FACE_OUTER_BOUND('',#13110,.F.);
#13112=ADVANCED_FACE('',(#13111),#13103,.T.);
#13113=CARTESIAN_POINT('',(1.255E0,-1.065814103640E-14,2.26E0));
#13114=DIRECTION('',(-9.363291775690E-1,0.E0,3.511234415884E-1));
#13115=DIRECTION('',(3.511234415884E-1,0.E0,9.363291775690E-1));
#13116=AXIS2_PLACEMENT_3D('',#13113,#13114,#13115);
#13117=PLANE('',#13116);
#13118=ORIENTED_EDGE('',*,*,#13021,.T.);
#13120=ORIENTED_EDGE('',*,*,#13119,.F.);
#13122=ORIENTED_EDGE('',*,*,#13121,.F.);
#13124=ORIENTED_EDGE('',*,*,#13123,.T.);
#13125=EDGE_LOOP('',(#13118,#13120,#13122,#13124));
#13126=FACE_OUTER_BOUND('',#13125,.F.);
#13127=ADVANCED_FACE('',(#13126),#13117,.T.);
#13128=CARTESIAN_POINT('',(1.5E0,2.45E-1,2.26E0));
#13129=DIRECTION('',(0.E0,9.363291775690E-1,3.511234415884E-1));
#13130=DIRECTION('',(0.E0,3.511234415884E-1,-9.363291775690E-1));
#13131=AXIS2_PLACEMENT_3D('',#13128,#13129,#13130);
#13132=PLANE('',#13131);
#13134=ORIENTED_EDGE('',*,*,#13133,.F.);
#13136=ORIENTED_EDGE('',*,*,#13135,.F.);
#13138=ORIENTED_EDGE('',*,*,#13137,.T.);
#13139=ORIENTED_EDGE('',*,*,#13119,.T.);
#13140=EDGE_LOOP('',(#13134,#13136,#13138,#13139));
#13141=FACE_OUTER_BOUND('',#13140,.F.);
#13142=ADVANCED_FACE('',(#13141),#13132,.T.);
#13143=CARTESIAN_POINT('',(1.82E0,3.2E-1,-2.49E0));
#13144=DIRECTION('',(0.E0,1.E0,0.E0));
#13145=DIRECTION('',(0.E0,0.E0,1.E0));
#13146=AXIS2_PLACEMENT_3D('',#13143,#13144,#13145);
#13147=PLANE('',#13146);
#13148=ORIENTED_EDGE('',*,*,#13133,.T.);
#13149=ORIENTED_EDGE('',*,*,#13025,.F.);
#13150=ORIENTED_EDGE('',*,*,#8543,.T.);
#13151=ORIENTED_EDGE('',*,*,#12955,.T.);
#13152=EDGE_LOOP('',(#13148,#13149,#13150,#13151));
#13153=FACE_OUTER_BOUND('',#13152,.F.);
#13154=ADVANCED_FACE('',(#13153),#13147,.T.);
#13155=CARTESIAN_POINT('',(1.745E0,0.E0,2.26E0));
#13156=DIRECTION('',(9.363291775690E-1,0.E0,3.511234415884E-1));
#13157=DIRECTION('',(-3.511234415884E-1,0.E0,9.363291775690E-1));
#13158=AXIS2_PLACEMENT_3D('',#13155,#13156,#13157);
#13159=PLANE('',#13158);
#13161=ORIENTED_EDGE('',*,*,#13160,.F.);
#13162=ORIENTED_EDGE('',*,*,#13135,.T.);
#13163=ORIENTED_EDGE('',*,*,#12953,.T.);
#13165=ORIENTED_EDGE('',*,*,#13164,.T.);
#13166=EDGE_LOOP('',(#13161,#13162,#13163,#13165));
#13167=FACE_OUTER_BOUND('',#13166,.F.);
#13168=ADVANCED_FACE('',(#13167),#13159,.T.);
#13169=CARTESIAN_POINT('',(1.82E0,3.2E-1,2.46E0));
#13170=DIRECTION('',(0.E0,0.E0,1.E0));
#13171=DIRECTION('',(0.E0,-1.E0,0.E0));
#13172=AXIS2_PLACEMENT_3D('',#13169,#13170,#13171);
#13173=PLANE('',#13172);
#13175=ORIENTED_EDGE('',*,*,#13174,.T.);
#13176=ORIENTED_EDGE('',*,*,#13121,.T.);
#13177=ORIENTED_EDGE('',*,*,#13137,.F.);
#13178=ORIENTED_EDGE('',*,*,#13160,.T.);
#13179=EDGE_LOOP('',(#13175,#13176,#13177,#13178));
#13180=FACE_OUTER_BOUND('',#13179,.F.);
#13181=ADVANCED_FACE('',(#13180),#13173,.T.);
#13182=CARTESIAN_POINT('',(1.5E0,-2.45E-1,2.26E0));
#13183=DIRECTION('',(0.E0,-9.363291775690E-1,3.511234415884E-1));
#13184=DIRECTION('',(0.E0,3.511234415884E-1,9.363291775690E-1));
#13185=AXIS2_PLACEMENT_3D('',#13182,#13183,#13184);
#13186=PLANE('',#13185);
#13187=ORIENTED_EDGE('',*,*,#13174,.F.);
#13188=ORIENTED_EDGE('',*,*,#13164,.F.);
#13189=ORIENTED_EDGE('',*,*,#12899,.T.);
#13190=ORIENTED_EDGE('',*,*,#13123,.F.);
#13191=EDGE_LOOP('',(#13187,#13188,#13189,#13190));
#13192=FACE_OUTER_BOUND('',#13191,.F.);
#13193=ADVANCED_FACE('',(#13192),#13186,.T.);
#13194=CARTESIAN_POINT('',(-1.18E0,1.93E0,-3.6E0));
#13195=DIRECTION('',(1.E0,0.E0,0.E0));
#13196=DIRECTION('',(0.E0,0.E0,-1.E0));
#13197=AXIS2_PLACEMENT_3D('',#13194,#13195,#13196);
#13198=PLANE('',#13197);
#13200=ORIENTED_EDGE('',*,*,#13199,.T.);
#13201=ORIENTED_EDGE('',*,*,#9358,.T.);
#13202=ORIENTED_EDGE('',*,*,#10156,.T.);
#13203=ORIENTED_EDGE('',*,*,#10317,.T.);
#13204=ORIENTED_EDGE('',*,*,#10417,.T.);
#13206=ORIENTED_EDGE('',*,*,#13205,.T.);
#13207=EDGE_LOOP('',(#13200,#13201,#13202,#13203,#13204,#13206));
#13208=FACE_OUTER_BOUND('',#13207,.F.);
#13209=ADVANCED_FACE('',(#13208),#13198,.F.);
#13210=CARTESIAN_POINT('',(-1.18E0,1.93E0,-3.6E0));
#13211=DIRECTION('',(1.E0,0.E0,0.E0));
#13212=DIRECTION('',(0.E0,0.E0,-1.E0));
#13213=AXIS2_PLACEMENT_3D('',#13210,#13211,#13212);
#13214=PLANE('',#13213);
#13216=ORIENTED_EDGE('',*,*,#13215,.F.);
#13218=ORIENTED_EDGE('',*,*,#13217,.T.);
#13219=ORIENTED_EDGE('',*,*,#10875,.F.);
#13221=ORIENTED_EDGE('',*,*,#13220,.F.);
#13223=ORIENTED_EDGE('',*,*,#13222,.T.);
#13224=ORIENTED_EDGE('',*,*,#9613,.F.);
#13225=ORIENTED_EDGE('',*,*,#9798,.F.);
#13226=EDGE_LOOP('',(#13216,#13218,#13219,#13221,#13223,#13224,#13225));
#13227=FACE_OUTER_BOUND('',#13226,.F.);
#13228=ADVANCED_FACE('',(#13227),#13214,.F.);
#13229=CARTESIAN_POINT('',(-1.18E0,1.93E0,-3.6E0));
#13230=DIRECTION('',(1.E0,0.E0,0.E0));
#13231=DIRECTION('',(0.E0,0.E0,-1.E0));
#13232=AXIS2_PLACEMENT_3D('',#13229,#13230,#13231);
#13233=PLANE('',#13232);
#13234=ORIENTED_EDGE('',*,*,#7279,.T.);
#13236=ORIENTED_EDGE('',*,*,#13235,.F.);
#13238=ORIENTED_EDGE('',*,*,#13237,.T.);
#13239=ORIENTED_EDGE('',*,*,#10871,.F.);
#13240=ORIENTED_EDGE('',*,*,#7942,.T.);
#13241=EDGE_LOOP('',(#13234,#13236,#13238,#13239,#13240));
#13242=FACE_OUTER_BOUND('',#13241,.F.);
#13243=ADVANCED_FACE('',(#13242),#13233,.F.);
#13244=CARTESIAN_POINT('',(-1.18E0,1.055E0,-4.34E0));
#13245=DIRECTION('',(0.E0,1.E0,0.E0));
#13246=DIRECTION('',(0.E0,0.E0,1.E0));
#13247=AXIS2_PLACEMENT_3D('',#13244,#13245,#13246);
#13248=PLANE('',#13247);
#13250=ORIENTED_EDGE('',*,*,#13249,.T.);
#13252=ORIENTED_EDGE('',*,*,#13251,.F.);
#13254=ORIENTED_EDGE('',*,*,#13253,.F.);
#13256=ORIENTED_EDGE('',*,*,#13255,.T.);
#13257=ORIENTED_EDGE('',*,*,#13199,.F.);
#13259=ORIENTED_EDGE('',*,*,#13258,.F.);
#13260=EDGE_LOOP('',(#13250,#13252,#13254,#13256,#13257,#13259));
#13261=FACE_OUTER_BOUND('',#13260,.F.);
#13262=ADVANCED_FACE('',(#13261),#13248,.T.);
#13263=CARTESIAN_POINT('',(-1.82E0,1.93E0,-4.95E0));
#13264=DIRECTION('',(-1.E0,0.E0,0.E0));
#13265=DIRECTION('',(0.E0,0.E0,1.E0));
#13266=AXIS2_PLACEMENT_3D('',#13263,#13264,#13265);
#13267=PLANE('',#13266);
#13268=ORIENTED_EDGE('',*,*,#13249,.F.);
#13270=ORIENTED_EDGE('',*,*,#13269,.F.);
#13271=ORIENTED_EDGE('',*,*,#10413,.F.);
#13272=ORIENTED_EDGE('',*,*,#10335,.F.);
#13273=ORIENTED_EDGE('',*,*,#10174,.F.);
#13274=ORIENTED_EDGE('',*,*,#9389,.F.);
#13275=EDGE_LOOP('',(#13268,#13270,#13271,#13272,#13273,#13274));
#13276=FACE_OUTER_BOUND('',#13275,.F.);
#13277=ADVANCED_FACE('',(#13276),#13267,.F.);
#13278=CARTESIAN_POINT('',(-1.82E0,1.93E0,-4.95E0));
#13279=DIRECTION('',(-1.E0,0.E0,0.E0));
#13280=DIRECTION('',(0.E0,0.E0,1.E0));
#13281=AXIS2_PLACEMENT_3D('',#13278,#13279,#13280);
#13282=PLANE('',#13281);
#13284=ORIENTED_EDGE('',*,*,#13283,.T.);
#13285=ORIENTED_EDGE('',*,*,#9820,.T.);
#13286=ORIENTED_EDGE('',*,*,#9628,.T.);
#13288=ORIENTED_EDGE('',*,*,#13287,.F.);
#13290=ORIENTED_EDGE('',*,*,#13289,.T.);
#13291=ORIENTED_EDGE('',*,*,#10879,.T.);
#13293=ORIENTED_EDGE('',*,*,#13292,.F.);
#13294=EDGE_LOOP('',(#13284,#13285,#13286,#13288,#13290,#13291,#13293));
#13295=FACE_OUTER_BOUND('',#13294,.F.);
#13296=ADVANCED_FACE('',(#13295),#13282,.F.);
#13297=CARTESIAN_POINT('',(-1.82E0,1.93E0,-4.95E0));
#13298=DIRECTION('',(-1.E0,0.E0,0.E0));
#13299=DIRECTION('',(0.E0,0.E0,1.E0));
#13300=AXIS2_PLACEMENT_3D('',#13297,#13298,#13299);
#13301=PLANE('',#13300);
#13302=ORIENTED_EDGE('',*,*,#7303,.F.);
#13303=ORIENTED_EDGE('',*,*,#7961,.F.);
#13304=ORIENTED_EDGE('',*,*,#10883,.T.);
#13306=ORIENTED_EDGE('',*,*,#13305,.F.);
#13308=ORIENTED_EDGE('',*,*,#13307,.T.);
#13309=EDGE_LOOP('',(#13302,#13303,#13304,#13306,#13308));
#13310=FACE_OUTER_BOUND('',#13309,.F.);
#13311=ADVANCED_FACE('',(#13310),#13301,.F.);
#13312=CARTESIAN_POINT('',(-1.82E0,1.93E0,-3.6E0));
#13313=DIRECTION('',(0.E0,0.E0,1.E0));
#13314=DIRECTION('',(1.E0,0.E0,0.E0));
#13315=AXIS2_PLACEMENT_3D('',#13312,#13313,#13314);
#13316=PLANE('',#13315);
#13317=ORIENTED_EDGE('',*,*,#13258,.T.);
#13318=ORIENTED_EDGE('',*,*,#13205,.F.);
#13319=ORIENTED_EDGE('',*,*,#10415,.F.);
#13320=ORIENTED_EDGE('',*,*,#13269,.T.);
#13321=EDGE_LOOP('',(#13317,#13318,#13319,#13320));
#13322=FACE_OUTER_BOUND('',#13321,.F.);
#13323=ADVANCED_FACE('',(#13322),#13316,.F.);
#13324=CARTESIAN_POINT('',(-1.82E0,1.93E0,-3.6E0));
#13325=DIRECTION('',(0.E0,0.E0,1.E0));
#13326=DIRECTION('',(1.E0,0.E0,0.E0));
#13327=AXIS2_PLACEMENT_3D('',#13324,#13325,#13326);
#13328=PLANE('',#13327);
#13330=ORIENTED_EDGE('',*,*,#13329,.F.);
#13331=ORIENTED_EDGE('',*,*,#13292,.T.);
#13332=ORIENTED_EDGE('',*,*,#10877,.T.);
#13333=ORIENTED_EDGE('',*,*,#13217,.F.);
#13334=EDGE_LOOP('',(#13330,#13331,#13332,#13333));
#13335=FACE_OUTER_BOUND('',#13334,.F.);
#13336=ADVANCED_FACE('',(#13335),#13328,.F.);
#13337=CARTESIAN_POINT('',(-1.18E0,-3.2E-1,2.46E0));
#13338=DIRECTION('',(0.E0,-1.E0,0.E0));
#13339=DIRECTION('',(0.E0,0.E0,-1.E0));
#13340=AXIS2_PLACEMENT_3D('',#13337,#13338,#13339);
#13341=PLANE('',#13340);
#13342=ORIENTED_EDGE('',*,*,#13283,.F.);
#13343=ORIENTED_EDGE('',*,*,#13329,.T.);
#13344=ORIENTED_EDGE('',*,*,#13215,.T.);
#13346=ORIENTED_EDGE('',*,*,#13345,.T.);
#13348=ORIENTED_EDGE('',*,*,#13347,.T.);
#13350=ORIENTED_EDGE('',*,*,#13349,.F.);
#13351=EDGE_LOOP('',(#13342,#13343,#13344,#13346,#13348,#13350));
#13352=FACE_OUTER_BOUND('',#13351,.F.);
#13353=ADVANCED_FACE('',(#13352),#13341,.T.);
#13354=CARTESIAN_POINT('',(-1.18E0,-3.2E-1,2.46E0));
#13355=DIRECTION('',(0.E0,-1.E0,0.E0));
#13356=DIRECTION('',(0.E0,0.E0,-1.E0));
#13357=AXIS2_PLACEMENT_3D('',#13354,#13355,#13356);
#13358=PLANE('',#13357);
#13360=ORIENTED_EDGE('',*,*,#13359,.F.);
#13362=ORIENTED_EDGE('',*,*,#13361,.T.);
#13363=ORIENTED_EDGE('',*,*,#8519,.F.);
#13365=ORIENTED_EDGE('',*,*,#13364,.F.);
#13366=EDGE_LOOP('',(#13360,#13362,#13363,#13365));
#13367=FACE_OUTER_BOUND('',#13366,.F.);
#13368=ADVANCED_FACE('',(#13367),#13358,.T.);
#13369=CARTESIAN_POINT('',(-1.18E0,0.E0,0.E0));
#13370=DIRECTION('',(1.E0,0.E0,0.E0));
#13371=DIRECTION('',(0.E0,0.E0,-1.E0));
#13372=AXIS2_PLACEMENT_3D('',#13369,#13370,#13371);
#13373=PLANE('',#13372);
#13374=ORIENTED_EDGE('',*,*,#7289,.F.);
#13375=ORIENTED_EDGE('',*,*,#9340,.T.);
#13376=ORIENTED_EDGE('',*,*,#9615,.F.);
#13378=ORIENTED_EDGE('',*,*,#13377,.F.);
#13379=ORIENTED_EDGE('',*,*,#13345,.F.);
#13380=ORIENTED_EDGE('',*,*,#9807,.F.);
#13381=ORIENTED_EDGE('',*,*,#9974,.T.);
#13382=ORIENTED_EDGE('',*,*,#9360,.T.);
#13383=ORIENTED_EDGE('',*,*,#13255,.F.);
#13385=ORIENTED_EDGE('',*,*,#13384,.F.);
#13386=EDGE_LOOP('',(#13374,#13375,#13376,#13378,#13379,#13380,#13381,#13382,
#13383,#13385));
#13387=FACE_OUTER_BOUND('',#13386,.F.);
#13388=ADVANCED_FACE('',(#13387),#13373,.T.);
#13389=CARTESIAN_POINT('',(-1.18E0,0.E0,0.E0));
#13390=DIRECTION('',(1.E0,0.E0,0.E0));
#13391=DIRECTION('',(0.E0,0.E0,-1.E0));
#13392=AXIS2_PLACEMENT_3D('',#13389,#13390,#13391);
#13393=PLANE('',#13392);
#13394=ORIENTED_EDGE('',*,*,#10873,.T.);
#13396=ORIENTED_EDGE('',*,*,#13395,.F.);
#13398=ORIENTED_EDGE('',*,*,#13397,.F.);
#13400=ORIENTED_EDGE('',*,*,#13399,.F.);
#13402=ORIENTED_EDGE('',*,*,#13401,.F.);
#13404=ORIENTED_EDGE('',*,*,#13403,.F.);
#13405=EDGE_LOOP('',(#13394,#13396,#13398,#13400,#13402,#13404));
#13406=FACE_OUTER_BOUND('',#13405,.F.);
#13407=ADVANCED_FACE('',(#13406),#13393,.T.);
#13408=CARTESIAN_POINT('',(-1.18E0,0.E0,0.E0));
#13409=DIRECTION('',(1.E0,0.E0,0.E0));
#13410=DIRECTION('',(0.E0,0.E0,-1.E0));
#13411=AXIS2_PLACEMENT_3D('',#13408,#13409,#13410);
#13412=PLANE('',#13411);
#13414=ORIENTED_EDGE('',*,*,#13413,.F.);
#13416=ORIENTED_EDGE('',*,*,#13415,.F.);
#13417=ORIENTED_EDGE('',*,*,#8513,.F.);
#13418=ORIENTED_EDGE('',*,*,#13361,.F.);
#13419=EDGE_LOOP('',(#13414,#13416,#13417,#13418));
#13420=FACE_OUTER_BOUND('',#13419,.F.);
#13421=ADVANCED_FACE('',(#13420),#13412,.T.);
#13422=CARTESIAN_POINT('',(-1.18E0,-3.2E-1,-3.7E0));
#13423=DIRECTION('',(0.E0,0.E0,1.E0));
#13424=DIRECTION('',(0.E0,-1.E0,0.E0));
#13425=AXIS2_PLACEMENT_3D('',#13422,#13423,#13424);
#13426=PLANE('',#13425);
#13427=ORIENTED_EDGE('',*,*,#13287,.T.);
#13429=ORIENTED_EDGE('',*,*,#13428,.F.);
#13430=ORIENTED_EDGE('',*,*,#13347,.F.);
#13431=ORIENTED_EDGE('',*,*,#13377,.T.);
#13432=ORIENTED_EDGE('',*,*,#13222,.F.);
#13434=ORIENTED_EDGE('',*,*,#13433,.T.);
#13435=EDGE_LOOP('',(#13427,#13429,#13430,#13431,#13432,#13434));
#13436=FACE_OUTER_BOUND('',#13435,.F.);
#13437=ADVANCED_FACE('',(#13436),#13426,.T.);
#13438=CARTESIAN_POINT('',(-1.82E0,0.E0,0.E0));
#13439=DIRECTION('',(1.E0,0.E0,0.E0));
#13440=DIRECTION('',(0.E0,0.E0,-1.E0));
#13441=AXIS2_PLACEMENT_3D('',#13438,#13439,#13440);
#13442=PLANE('',#13441);
#13443=ORIENTED_EDGE('',*,*,#7305,.T.);
#13445=ORIENTED_EDGE('',*,*,#13444,.T.);
#13446=ORIENTED_EDGE('',*,*,#13251,.T.);
#13447=ORIENTED_EDGE('',*,*,#9387,.F.);
#13448=ORIENTED_EDGE('',*,*,#9985,.F.);
#13449=ORIENTED_EDGE('',*,*,#9822,.T.);
#13450=ORIENTED_EDGE('',*,*,#13349,.T.);
#13451=ORIENTED_EDGE('',*,*,#13428,.T.);
#13452=ORIENTED_EDGE('',*,*,#9626,.T.);
#13453=ORIENTED_EDGE('',*,*,#9371,.F.);
#13454=EDGE_LOOP('',(#13443,#13445,#13446,#13447,#13448,#13449,#13450,#13451,
#13452,#13453));
#13455=FACE_OUTER_BOUND('',#13454,.F.);
#13456=ADVANCED_FACE('',(#13455),#13442,.F.);
#13457=CARTESIAN_POINT('',(-1.82E0,0.E0,0.E0));
#13458=DIRECTION('',(1.E0,0.E0,0.E0));
#13459=DIRECTION('',(0.E0,0.E0,-1.E0));
#13460=AXIS2_PLACEMENT_3D('',#13457,#13458,#13459);
#13461=PLANE('',#13460);
#13462=ORIENTED_EDGE('',*,*,#10881,.F.);
#13464=ORIENTED_EDGE('',*,*,#13463,.T.);
#13466=ORIENTED_EDGE('',*,*,#13465,.T.);
#13468=ORIENTED_EDGE('',*,*,#13467,.T.);
#13470=ORIENTED_EDGE('',*,*,#13469,.T.);
#13472=ORIENTED_EDGE('',*,*,#13471,.T.);
#13473=EDGE_LOOP('',(#13462,#13464,#13466,#13468,#13470,#13472));
#13474=FACE_OUTER_BOUND('',#13473,.F.);
#13475=ADVANCED_FACE('',(#13474),#13461,.F.);
#13476=CARTESIAN_POINT('',(-1.82E0,0.E0,0.E0));
#13477=DIRECTION('',(1.E0,0.E0,0.E0));
#13478=DIRECTION('',(0.E0,0.E0,-1.E0));
#13479=AXIS2_PLACEMENT_3D('',#13476,#13477,#13478);
#13480=PLANE('',#13479);
#13482=ORIENTED_EDGE('',*,*,#13481,.F.);
#13483=ORIENTED_EDGE('',*,*,#13364,.T.);
#13484=ORIENTED_EDGE('',*,*,#8517,.T.);
#13486=ORIENTED_EDGE('',*,*,#13485,.T.);
#13487=EDGE_LOOP('',(#13482,#13483,#13484,#13486));
#13488=FACE_OUTER_BOUND('',#13487,.F.);
#13489=ADVANCED_FACE('',(#13488),#13480,.F.);
#13490=CARTESIAN_POINT('',(-1.18E0,-1.65E0,-4.34E0));
#13491=DIRECTION('',(0.E0,0.E0,-1.E0));
#13492=DIRECTION('',(0.E0,1.E0,0.E0));
#13493=AXIS2_PLACEMENT_3D('',#13490,#13491,#13492);
#13494=PLANE('',#13493);
#13495=ORIENTED_EDGE('',*,*,#13307,.F.);
#13497=ORIENTED_EDGE('',*,*,#13496,.F.);
#13498=ORIENTED_EDGE('',*,*,#13235,.T.);
#13499=ORIENTED_EDGE('',*,*,#13384,.T.);
#13500=ORIENTED_EDGE('',*,*,#13253,.T.);
#13501=ORIENTED_EDGE('',*,*,#13444,.F.);
#13502=EDGE_LOOP('',(#13495,#13497,#13498,#13499,#13500,#13501));
#13503=FACE_OUTER_BOUND('',#13502,.F.);
#13504=ADVANCED_FACE('',(#13503),#13494,.T.);
#13505=CARTESIAN_POINT('',(-1.18E0,-1.65E0,-4.59E0));
#13506=DIRECTION('',(1.E0,0.E0,0.E0));
#13507=DIRECTION('',(0.E0,0.E0,-1.E0));
#13508=AXIS2_PLACEMENT_3D('',#13505,#13506,#13507);
#13509=CYLINDRICAL_SURFACE('',#13508,2.5E-1);
#13510=ORIENTED_EDGE('',*,*,#13305,.T.);
#13511=ORIENTED_EDGE('',*,*,#13471,.F.);
#13513=ORIENTED_EDGE('',*,*,#13512,.F.);
#13514=ORIENTED_EDGE('',*,*,#13395,.T.);
#13515=ORIENTED_EDGE('',*,*,#13237,.F.);
#13516=ORIENTED_EDGE('',*,*,#13496,.T.);
#13517=EDGE_LOOP('',(#13510,#13511,#13513,#13514,#13515,#13516));
#13518=FACE_OUTER_BOUND('',#13517,.F.);
#13519=ADVANCED_FACE('',(#13518),#13509,.F.);
#13520=CARTESIAN_POINT('',(-1.18E0,-1.9E0,-5.47E0));
#13521=DIRECTION('',(0.E0,1.E0,0.E0));
#13522=DIRECTION('',(0.E0,0.E0,1.E0));
#13523=AXIS2_PLACEMENT_3D('',#13520,#13521,#13522);
#13524=PLANE('',#13523);
#13525=ORIENTED_EDGE('',*,*,#13397,.T.);
#13526=ORIENTED_EDGE('',*,*,#13512,.T.);
#13527=ORIENTED_EDGE('',*,*,#13469,.F.);
#13529=ORIENTED_EDGE('',*,*,#13528,.F.);
#13530=EDGE_LOOP('',(#13525,#13526,#13527,#13529));
#13531=FACE_OUTER_BOUND('',#13530,.F.);
#13532=ADVANCED_FACE('',(#13531),#13524,.T.);
#13533=CARTESIAN_POINT('',(-1.18E0,-2.22E0,-5.47E0));
#13534=DIRECTION('',(1.E0,0.E0,0.E0));
#13535=DIRECTION('',(0.E0,0.E0,-1.E0));
#13536=AXIS2_PLACEMENT_3D('',#13533,#13534,#13535);
#13537=CYLINDRICAL_SURFACE('',#13536,3.2E-1);
#13538=ORIENTED_EDGE('',*,*,#13399,.T.);
#13539=ORIENTED_EDGE('',*,*,#13528,.T.);
#13540=ORIENTED_EDGE('',*,*,#13467,.F.);
#13542=ORIENTED_EDGE('',*,*,#13541,.F.);
#13543=EDGE_LOOP('',(#13538,#13539,#13540,#13542));
#13544=FACE_OUTER_BOUND('',#13543,.F.);
#13545=ADVANCED_FACE('',(#13544),#13537,.T.);
#13546=CARTESIAN_POINT('',(-1.18E0,-2.54E0,-4.59E0));
#13547=DIRECTION('',(0.E0,-1.E0,0.E0));
#13548=DIRECTION('',(0.E0,0.E0,-1.E0));
#13549=AXIS2_PLACEMENT_3D('',#13546,#13547,#13548);
#13550=PLANE('',#13549);
#13551=ORIENTED_EDGE('',*,*,#13401,.T.);
#13552=ORIENTED_EDGE('',*,*,#13541,.T.);
#13553=ORIENTED_EDGE('',*,*,#13465,.F.);
#13555=ORIENTED_EDGE('',*,*,#13554,.F.);
#13556=EDGE_LOOP('',(#13551,#13552,#13553,#13555));
#13557=FACE_OUTER_BOUND('',#13556,.F.);
#13558=ADVANCED_FACE('',(#13557),#13550,.T.);
#13559=CARTESIAN_POINT('',(-1.18E0,-1.65E0,-4.59E0));
#13560=DIRECTION('',(1.E0,0.E0,0.E0));
#13561=DIRECTION('',(0.E0,0.E0,-1.E0));
#13562=AXIS2_PLACEMENT_3D('',#13559,#13560,#13561);
#13563=CYLINDRICAL_SURFACE('',#13562,8.9E-1);
#13564=ORIENTED_EDGE('',*,*,#13289,.F.);
#13565=ORIENTED_EDGE('',*,*,#13433,.F.);
#13566=ORIENTED_EDGE('',*,*,#13220,.T.);
#13567=ORIENTED_EDGE('',*,*,#13403,.T.);
#13568=ORIENTED_EDGE('',*,*,#13554,.T.);
#13569=ORIENTED_EDGE('',*,*,#13463,.F.);
#13570=EDGE_LOOP('',(#13564,#13565,#13566,#13567,#13568,#13569));
#13571=FACE_OUTER_BOUND('',#13570,.F.);
#13572=ADVANCED_FACE('',(#13571),#13563,.T.);
#13573=CARTESIAN_POINT('',(-1.745E0,0.E0,2.26E0));
#13574=DIRECTION('',(-9.363291775690E-1,0.E0,3.511234415884E-1));
#13575=DIRECTION('',(3.511234415884E-1,0.E0,9.363291775690E-1));
#13576=AXIS2_PLACEMENT_3D('',#13573,#13574,#13575);
#13577=PLANE('',#13576);
#13578=ORIENTED_EDGE('',*,*,#13481,.T.);
#13580=ORIENTED_EDGE('',*,*,#13579,.F.);
#13582=ORIENTED_EDGE('',*,*,#13581,.F.);
#13584=ORIENTED_EDGE('',*,*,#13583,.T.);
#13585=EDGE_LOOP('',(#13578,#13580,#13582,#13584));
#13586=FACE_OUTER_BOUND('',#13585,.F.);
#13587=ADVANCED_FACE('',(#13586),#13577,.T.);
#13588=CARTESIAN_POINT('',(-1.5E0,2.45E-1,2.26E0));
#13589=DIRECTION('',(0.E0,9.363291775690E-1,3.511234415884E-1));
#13590=DIRECTION('',(0.E0,3.511234415884E-1,-9.363291775690E-1));
#13591=AXIS2_PLACEMENT_3D('',#13588,#13589,#13590);
#13592=PLANE('',#13591);
#13594=ORIENTED_EDGE('',*,*,#13593,.F.);
#13596=ORIENTED_EDGE('',*,*,#13595,.F.);
#13598=ORIENTED_EDGE('',*,*,#13597,.T.);
#13599=ORIENTED_EDGE('',*,*,#13579,.T.);
#13600=EDGE_LOOP('',(#13594,#13596,#13598,#13599));
#13601=FACE_OUTER_BOUND('',#13600,.F.);
#13602=ADVANCED_FACE('',(#13601),#13592,.T.);
#13603=CARTESIAN_POINT('',(-1.18E0,3.2E-1,-2.49E0));
#13604=DIRECTION('',(0.E0,1.E0,0.E0));
#13605=DIRECTION('',(0.E0,0.E0,1.E0));
#13606=AXIS2_PLACEMENT_3D('',#13603,#13604,#13605);
#13607=PLANE('',#13606);
#13608=ORIENTED_EDGE('',*,*,#13593,.T.);
#13609=ORIENTED_EDGE('',*,*,#13485,.F.);
#13610=ORIENTED_EDGE('',*,*,#8515,.T.);
#13611=ORIENTED_EDGE('',*,*,#13415,.T.);
#13612=EDGE_LOOP('',(#13608,#13609,#13610,#13611));
#13613=FACE_OUTER_BOUND('',#13612,.F.);
#13614=ADVANCED_FACE('',(#13613),#13607,.T.);
#13615=CARTESIAN_POINT('',(-1.255E0,0.E0,2.26E0));
#13616=DIRECTION('',(9.363291775690E-1,0.E0,3.511234415884E-1));
#13617=DIRECTION('',(-3.511234415884E-1,0.E0,9.363291775690E-1));
#13618=AXIS2_PLACEMENT_3D('',#13615,#13616,#13617);
#13619=PLANE('',#13618);
#13621=ORIENTED_EDGE('',*,*,#13620,.F.);
#13622=ORIENTED_EDGE('',*,*,#13595,.T.);
#13623=ORIENTED_EDGE('',*,*,#13413,.T.);
#13625=ORIENTED_EDGE('',*,*,#13624,.T.);
#13626=EDGE_LOOP('',(#13621,#13622,#13623,#13625));
#13627=FACE_OUTER_BOUND('',#13626,.F.);
#13628=ADVANCED_FACE('',(#13627),#13619,.T.);
#13629=CARTESIAN_POINT('',(-1.18E0,3.2E-1,2.46E0));
#13630=DIRECTION('',(0.E0,0.E0,1.E0));
#13631=DIRECTION('',(0.E0,-1.E0,0.E0));
#13632=AXIS2_PLACEMENT_3D('',#13629,#13630,#13631);
#13633=PLANE('',#13632);
#13635=ORIENTED_EDGE('',*,*,#13634,.T.);
#13636=ORIENTED_EDGE('',*,*,#13581,.T.);
#13637=ORIENTED_EDGE('',*,*,#13597,.F.);
#13638=ORIENTED_EDGE('',*,*,#13620,.T.);
#13639=EDGE_LOOP('',(#13635,#13636,#13637,#13638));
#13640=FACE_OUTER_BOUND('',#13639,.F.);
#13641=ADVANCED_FACE('',(#13640),#13633,.T.);
#13642=CARTESIAN_POINT('',(-1.5E0,-2.45E-1,2.26E0));
#13643=DIRECTION('',(0.E0,-9.363291775690E-1,3.511234415884E-1));
#13644=DIRECTION('',(0.E0,3.511234415884E-1,9.363291775690E-1));
#13645=AXIS2_PLACEMENT_3D('',#13642,#13643,#13644);
#13646=PLANE('',#13645);
#13647=ORIENTED_EDGE('',*,*,#13634,.F.);
#13648=ORIENTED_EDGE('',*,*,#13624,.F.);
#13649=ORIENTED_EDGE('',*,*,#13359,.T.);
#13650=ORIENTED_EDGE('',*,*,#13583,.F.);
#13651=EDGE_LOOP('',(#13647,#13648,#13649,#13650));
#13652=FACE_OUTER_BOUND('',#13651,.F.);
#13653=ADVANCED_FACE('',(#13652),#13646,.T.);
#13654=CARTESIAN_POINT('',(-4.18E0,1.93E0,-3.6E0));
#13655=DIRECTION('',(1.E0,0.E0,0.E0));
#13656=DIRECTION('',(0.E0,0.E0,-1.E0));
#13657=AXIS2_PLACEMENT_3D('',#13654,#13655,#13656);
#13658=PLANE('',#13657);
#13660=ORIENTED_EDGE('',*,*,#13659,.F.);
#13662=ORIENTED_EDGE('',*,*,#13661,.T.);
#13663=ORIENTED_EDGE('',*,*,#10886,.F.);
#13664=ORIENTED_EDGE('',*,*,#7957,.T.);
#13665=ORIENTED_EDGE('',*,*,#7299,.T.);
#13666=EDGE_LOOP('',(#13660,#13662,#13663,#13664,#13665));
#13667=FACE_OUTER_BOUND('',#13666,.F.);
#13668=ADVANCED_FACE('',(#13667),#13658,.F.);
#13669=CARTESIAN_POINT('',(-4.18E0,1.93E0,-3.6E0));
#13670=DIRECTION('',(1.E0,0.E0,0.E0));
#13671=DIRECTION('',(0.E0,0.E0,-1.E0));
#13672=AXIS2_PLACEMENT_3D('',#13669,#13670,#13671);
#13673=PLANE('',#13672);
#13675=ORIENTED_EDGE('',*,*,#13674,.T.);
#13676=ORIENTED_EDGE('',*,*,#9393,.T.);
#13677=ORIENTED_EDGE('',*,*,#10171,.T.);
#13678=ORIENTED_EDGE('',*,*,#10332,.T.);
#13679=ORIENTED_EDGE('',*,*,#10410,.T.);
#13681=ORIENTED_EDGE('',*,*,#13680,.T.);
#13682=EDGE_LOOP('',(#13675,#13676,#13677,#13678,#13679,#13681));
#13683=FACE_OUTER_BOUND('',#13682,.F.);
#13684=ADVANCED_FACE('',(#13683),#13673,.F.);
#13685=CARTESIAN_POINT('',(-4.18E0,1.93E0,-3.6E0));
#13686=DIRECTION('',(1.E0,0.E0,0.E0));
#13687=DIRECTION('',(0.E0,0.E0,-1.E0));
#13688=AXIS2_PLACEMENT_3D('',#13685,#13686,#13687);
#13689=PLANE('',#13688);
#13691=ORIENTED_EDGE('',*,*,#13690,.F.);
#13693=ORIENTED_EDGE('',*,*,#13692,.T.);
#13694=ORIENTED_EDGE('',*,*,#10890,.F.);
#13696=ORIENTED_EDGE('',*,*,#13695,.F.);
#13698=ORIENTED_EDGE('',*,*,#13697,.F.);
#13699=ORIENTED_EDGE('',*,*,#9632,.F.);
#13700=ORIENTED_EDGE('',*,*,#9817,.F.);
#13701=EDGE_LOOP('',(#13691,#13693,#13694,#13696,#13698,#13699,#13700));
#13702=FACE_OUTER_BOUND('',#13701,.F.);
#13703=ADVANCED_FACE('',(#13702),#13689,.F.);
#13704=CARTESIAN_POINT('',(-4.18E0,-1.65E0,-4.34E0));
#13705=DIRECTION('',(0.E0,0.E0,-1.E0));
#13706=DIRECTION('',(0.E0,1.E0,0.E0));
#13707=AXIS2_PLACEMENT_3D('',#13704,#13705,#13706);
#13708=PLANE('',#13707);
#13710=ORIENTED_EDGE('',*,*,#13709,.F.);
#13712=ORIENTED_EDGE('',*,*,#13711,.F.);
#13713=ORIENTED_EDGE('',*,*,#13659,.T.);
#13715=ORIENTED_EDGE('',*,*,#13714,.T.);
#13717=ORIENTED_EDGE('',*,*,#13716,.T.);
#13719=ORIENTED_EDGE('',*,*,#13718,.F.);
#13720=EDGE_LOOP('',(#13710,#13712,#13713,#13715,#13717,#13719));
#13721=FACE_OUTER_BOUND('',#13720,.F.);
#13722=ADVANCED_FACE('',(#13721),#13708,.T.);
#13723=CARTESIAN_POINT('',(-4.82E0,1.93E0,-4.95E0));
#13724=DIRECTION('',(-1.E0,0.E0,0.E0));
#13725=DIRECTION('',(0.E0,0.E0,1.E0));
#13726=AXIS2_PLACEMENT_3D('',#13723,#13724,#13725);
#13727=PLANE('',#13726);
#13728=ORIENTED_EDGE('',*,*,#13709,.T.);
#13729=ORIENTED_EDGE('',*,*,#7323,.F.);
#13730=ORIENTED_EDGE('',*,*,#7976,.F.);
#13731=ORIENTED_EDGE('',*,*,#10898,.T.);
#13733=ORIENTED_EDGE('',*,*,#13732,.F.);
#13734=EDGE_LOOP('',(#13728,#13729,#13730,#13731,#13733));
#13735=FACE_OUTER_BOUND('',#13734,.F.);
#13736=ADVANCED_FACE('',(#13735),#13727,.F.);
#13737=CARTESIAN_POINT('',(-4.82E0,1.93E0,-4.95E0));
#13738=DIRECTION('',(-1.E0,0.E0,0.E0));
#13739=DIRECTION('',(0.E0,0.E0,1.E0));
#13740=AXIS2_PLACEMENT_3D('',#13737,#13738,#13739);
#13741=PLANE('',#13740);
#13743=ORIENTED_EDGE('',*,*,#13742,.F.);
#13745=ORIENTED_EDGE('',*,*,#13744,.F.);
#13746=ORIENTED_EDGE('',*,*,#10406,.F.);
#13747=ORIENTED_EDGE('',*,*,#10350,.F.);
#13748=ORIENTED_EDGE('',*,*,#10189,.F.);
#13749=ORIENTED_EDGE('',*,*,#9423,.F.);
#13750=EDGE_LOOP('',(#13743,#13745,#13746,#13747,#13748,#13749));
#13751=FACE_OUTER_BOUND('',#13750,.F.);
#13752=ADVANCED_FACE('',(#13751),#13741,.F.);
#13753=CARTESIAN_POINT('',(-4.82E0,1.93E0,-4.95E0));
#13754=DIRECTION('',(-1.E0,0.E0,0.E0));
#13755=DIRECTION('',(0.E0,0.E0,1.E0));
#13756=AXIS2_PLACEMENT_3D('',#13753,#13754,#13755);
#13757=PLANE('',#13756);
#13759=ORIENTED_EDGE('',*,*,#13758,.T.);
#13760=ORIENTED_EDGE('',*,*,#9839,.T.);
#13761=ORIENTED_EDGE('',*,*,#9647,.T.);
#13763=ORIENTED_EDGE('',*,*,#13762,.T.);
#13765=ORIENTED_EDGE('',*,*,#13764,.T.);
#13766=ORIENTED_EDGE('',*,*,#10894,.T.);
#13768=ORIENTED_EDGE('',*,*,#13767,.F.);
#13769=EDGE_LOOP('',(#13759,#13760,#13761,#13763,#13765,#13766,#13768));
#13770=FACE_OUTER_BOUND('',#13769,.F.);
#13771=ADVANCED_FACE('',(#13770),#13757,.F.);
#13772=CARTESIAN_POINT('',(-4.18E0,-1.65E0,-4.59E0));
#13773=DIRECTION('',(1.E0,0.E0,0.E0));
#13774=DIRECTION('',(0.E0,0.E0,-1.E0));
#13775=AXIS2_PLACEMENT_3D('',#13772,#13773,#13774);
#13776=CYLINDRICAL_SURFACE('',#13775,2.5E-1);
#13777=ORIENTED_EDGE('',*,*,#13732,.T.);
#13779=ORIENTED_EDGE('',*,*,#13778,.F.);
#13781=ORIENTED_EDGE('',*,*,#13780,.F.);
#13783=ORIENTED_EDGE('',*,*,#13782,.T.);
#13784=ORIENTED_EDGE('',*,*,#13661,.F.);
#13785=ORIENTED_EDGE('',*,*,#13711,.T.);
#13786=EDGE_LOOP('',(#13777,#13779,#13781,#13783,#13784,#13785));
#13787=FACE_OUTER_BOUND('',#13786,.F.);
#13788=ADVANCED_FACE('',(#13787),#13776,.F.);
#13789=CARTESIAN_POINT('',(-4.82E0,0.E0,0.E0));
#13790=DIRECTION('',(1.E0,0.E0,0.E0));
#13791=DIRECTION('',(0.E0,0.E0,-1.E0));
#13792=AXIS2_PLACEMENT_3D('',#13789,#13790,#13791);
#13793=PLANE('',#13792);
#13794=ORIENTED_EDGE('',*,*,#7325,.F.);
#13795=ORIENTED_EDGE('',*,*,#13718,.T.);
#13797=ORIENTED_EDGE('',*,*,#13796,.T.);
#13798=ORIENTED_EDGE('',*,*,#9421,.F.);
#13799=ORIENTED_EDGE('',*,*,#9999,.F.);
#13800=ORIENTED_EDGE('',*,*,#9841,.T.);
#13802=ORIENTED_EDGE('',*,*,#13801,.T.);
#13804=ORIENTED_EDGE('',*,*,#13803,.T.);
#13805=ORIENTED_EDGE('',*,*,#9645,.T.);
#13806=ORIENTED_EDGE('',*,*,#9406,.F.);
#13807=EDGE_LOOP('',(#13794,#13795,#13797,#13798,#13799,#13800,#13802,#13804,
#13805,#13806));
#13808=FACE_OUTER_BOUND('',#13807,.F.);
#13809=ADVANCED_FACE('',(#13808),#13793,.F.);
#13810=CARTESIAN_POINT('',(-4.82E0,0.E0,0.E0));
#13811=DIRECTION('',(1.E0,0.E0,0.E0));
#13812=DIRECTION('',(0.E0,0.E0,-1.E0));
#13813=AXIS2_PLACEMENT_3D('',#13810,#13811,#13812);
#13814=PLANE('',#13813);
#13815=ORIENTED_EDGE('',*,*,#10896,.F.);
#13817=ORIENTED_EDGE('',*,*,#13816,.T.);
#13819=ORIENTED_EDGE('',*,*,#13818,.T.);
#13821=ORIENTED_EDGE('',*,*,#13820,.T.);
#13823=ORIENTED_EDGE('',*,*,#13822,.T.);
#13824=ORIENTED_EDGE('',*,*,#13778,.T.);
#13825=EDGE_LOOP('',(#13815,#13817,#13819,#13821,#13823,#13824));
#13826=FACE_OUTER_BOUND('',#13825,.F.);
#13827=ADVANCED_FACE('',(#13826),#13814,.F.);
#13828=CARTESIAN_POINT('',(-4.82E0,0.E0,0.E0));
#13829=DIRECTION('',(1.E0,0.E0,0.E0));
#13830=DIRECTION('',(0.E0,0.E0,-1.E0));
#13831=AXIS2_PLACEMENT_3D('',#13828,#13829,#13830);
#13832=PLANE('',#13831);
#13834=ORIENTED_EDGE('',*,*,#13833,.F.);
#13836=ORIENTED_EDGE('',*,*,#13835,.T.);
#13837=ORIENTED_EDGE('',*,*,#8489,.T.);
#13839=ORIENTED_EDGE('',*,*,#13838,.T.);
#13840=EDGE_LOOP('',(#13834,#13836,#13837,#13839));
#13841=FACE_OUTER_BOUND('',#13840,.F.);
#13842=ADVANCED_FACE('',(#13841),#13832,.F.);
#13843=CARTESIAN_POINT('',(-4.18E0,1.055E0,-4.34E0));
#13844=DIRECTION('',(0.E0,1.E0,0.E0));
#13845=DIRECTION('',(0.E0,0.E0,1.E0));
#13846=AXIS2_PLACEMENT_3D('',#13843,#13844,#13845);
#13847=PLANE('',#13846);
#13848=ORIENTED_EDGE('',*,*,#13742,.T.);
#13849=ORIENTED_EDGE('',*,*,#13796,.F.);
#13850=ORIENTED_EDGE('',*,*,#13716,.F.);
#13852=ORIENTED_EDGE('',*,*,#13851,.T.);
#13853=ORIENTED_EDGE('',*,*,#13674,.F.);
#13855=ORIENTED_EDGE('',*,*,#13854,.F.);
#13856=EDGE_LOOP('',(#13848,#13849,#13850,#13852,#13853,#13855));
#13857=FACE_OUTER_BOUND('',#13856,.F.);
#13858=ADVANCED_FACE('',(#13857),#13847,.T.);
#13859=CARTESIAN_POINT('',(-4.18E0,0.E0,0.E0));
#13860=DIRECTION('',(1.E0,0.E0,0.E0));
#13861=DIRECTION('',(0.E0,0.E0,-1.E0));
#13862=AXIS2_PLACEMENT_3D('',#13859,#13860,#13861);
#13863=PLANE('',#13862);
#13864=ORIENTED_EDGE('',*,*,#7309,.T.);
#13865=ORIENTED_EDGE('',*,*,#9375,.T.);
#13866=ORIENTED_EDGE('',*,*,#9634,.F.);
#13868=ORIENTED_EDGE('',*,*,#13867,.F.);
#13870=ORIENTED_EDGE('',*,*,#13869,.F.);
#13871=ORIENTED_EDGE('',*,*,#9826,.F.);
#13872=ORIENTED_EDGE('',*,*,#9988,.T.);
#13873=ORIENTED_EDGE('',*,*,#9395,.T.);
#13874=ORIENTED_EDGE('',*,*,#13851,.F.);
#13875=ORIENTED_EDGE('',*,*,#13714,.F.);
#13876=EDGE_LOOP('',(#13864,#13865,#13866,#13868,#13870,#13871,#13872,#13873,
#13874,#13875));
#13877=FACE_OUTER_BOUND('',#13876,.F.);
#13878=ADVANCED_FACE('',(#13877),#13863,.T.);
#13879=CARTESIAN_POINT('',(-4.18E0,0.E0,0.E0));
#13880=DIRECTION('',(1.E0,0.E0,0.E0));
#13881=DIRECTION('',(0.E0,0.E0,-1.E0));
#13882=AXIS2_PLACEMENT_3D('',#13879,#13880,#13881);
#13883=PLANE('',#13882);
#13884=ORIENTED_EDGE('',*,*,#10888,.T.);
#13885=ORIENTED_EDGE('',*,*,#13782,.F.);
#13887=ORIENTED_EDGE('',*,*,#13886,.F.);
#13889=ORIENTED_EDGE('',*,*,#13888,.F.);
#13891=ORIENTED_EDGE('',*,*,#13890,.F.);
#13893=ORIENTED_EDGE('',*,*,#13892,.F.);
#13894=EDGE_LOOP('',(#13884,#13885,#13887,#13889,#13891,#13893));
#13895=FACE_OUTER_BOUND('',#13894,.F.);
#13896=ADVANCED_FACE('',(#13895),#13883,.T.);
#13897=CARTESIAN_POINT('',(-4.18E0,0.E0,0.E0));
#13898=DIRECTION('',(1.E0,0.E0,0.E0));
#13899=DIRECTION('',(0.E0,0.E0,-1.E0));
#13900=AXIS2_PLACEMENT_3D('',#13897,#13898,#13899);
#13901=PLANE('',#13900);
#13903=ORIENTED_EDGE('',*,*,#13902,.F.);
#13905=ORIENTED_EDGE('',*,*,#13904,.F.);
#13906=ORIENTED_EDGE('',*,*,#8485,.F.);
#13908=ORIENTED_EDGE('',*,*,#13907,.F.);
#13909=EDGE_LOOP('',(#13903,#13905,#13906,#13908));
#13910=FACE_OUTER_BOUND('',#13909,.F.);
#13911=ADVANCED_FACE('',(#13910),#13901,.T.);
#13912=CARTESIAN_POINT('',(-4.18E0,-3.2E-1,-3.7E0));
#13913=DIRECTION('',(0.E0,0.E0,1.E0));
#13914=DIRECTION('',(0.E0,-1.E0,0.E0));
#13915=AXIS2_PLACEMENT_3D('',#13912,#13913,#13914);
#13916=PLANE('',#13915);
#13917=ORIENTED_EDGE('',*,*,#13762,.F.);
#13918=ORIENTED_EDGE('',*,*,#13803,.F.);
#13920=ORIENTED_EDGE('',*,*,#13919,.F.);
#13921=ORIENTED_EDGE('',*,*,#13867,.T.);
#13922=ORIENTED_EDGE('',*,*,#13697,.T.);
#13924=ORIENTED_EDGE('',*,*,#13923,.T.);
#13925=EDGE_LOOP('',(#13917,#13918,#13920,#13921,#13922,#13924));
#13926=FACE_OUTER_BOUND('',#13925,.F.);
#13927=ADVANCED_FACE('',(#13926),#13916,.T.);
#13928=CARTESIAN_POINT('',(-4.18E0,-3.2E-1,2.46E0));
#13929=DIRECTION('',(0.E0,-1.E0,0.E0));
#13930=DIRECTION('',(0.E0,0.E0,-1.E0));
#13931=AXIS2_PLACEMENT_3D('',#13928,#13929,#13930);
#13932=PLANE('',#13931);
#13933=ORIENTED_EDGE('',*,*,#13758,.F.);
#13935=ORIENTED_EDGE('',*,*,#13934,.T.);
#13936=ORIENTED_EDGE('',*,*,#13690,.T.);
#13937=ORIENTED_EDGE('',*,*,#13869,.T.);
#13938=ORIENTED_EDGE('',*,*,#13919,.T.);
#13939=ORIENTED_EDGE('',*,*,#13801,.F.);
#13940=EDGE_LOOP('',(#13933,#13935,#13936,#13937,#13938,#13939));
#13941=FACE_OUTER_BOUND('',#13940,.F.);
#13942=ADVANCED_FACE('',(#13941),#13932,.T.);
#13943=CARTESIAN_POINT('',(-4.18E0,-3.2E-1,2.46E0));
#13944=DIRECTION('',(0.E0,-1.E0,0.E0));
#13945=DIRECTION('',(0.E0,0.E0,-1.E0));
#13946=AXIS2_PLACEMENT_3D('',#13943,#13944,#13945);
#13947=PLANE('',#13946);
#13949=ORIENTED_EDGE('',*,*,#13948,.F.);
#13950=ORIENTED_EDGE('',*,*,#13907,.T.);
#13951=ORIENTED_EDGE('',*,*,#8491,.F.);
#13952=ORIENTED_EDGE('',*,*,#13835,.F.);
#13953=EDGE_LOOP('',(#13949,#13950,#13951,#13952));
#13954=FACE_OUTER_BOUND('',#13953,.F.);
#13955=ADVANCED_FACE('',(#13954),#13947,.T.);
#13956=CARTESIAN_POINT('',(-4.82E0,1.93E0,-3.6E0));
#13957=DIRECTION('',(0.E0,0.E0,1.E0));
#13958=DIRECTION('',(1.E0,0.E0,0.E0));
#13959=AXIS2_PLACEMENT_3D('',#13956,#13957,#13958);
#13960=PLANE('',#13959);
#13961=ORIENTED_EDGE('',*,*,#13854,.T.);
#13962=ORIENTED_EDGE('',*,*,#13680,.F.);
#13963=ORIENTED_EDGE('',*,*,#10408,.F.);
#13964=ORIENTED_EDGE('',*,*,#13744,.T.);
#13965=EDGE_LOOP('',(#13961,#13962,#13963,#13964));
#13966=FACE_OUTER_BOUND('',#13965,.F.);
#13967=ADVANCED_FACE('',(#13966),#13960,.F.);
#13968=CARTESIAN_POINT('',(-4.82E0,1.93E0,-3.6E0));
#13969=DIRECTION('',(0.E0,0.E0,1.E0));
#13970=DIRECTION('',(1.E0,0.E0,0.E0));
#13971=AXIS2_PLACEMENT_3D('',#13968,#13969,#13970);
#13972=PLANE('',#13971);
#13973=ORIENTED_EDGE('',*,*,#13934,.F.);
#13974=ORIENTED_EDGE('',*,*,#13767,.T.);
#13975=ORIENTED_EDGE('',*,*,#10892,.T.);
#13976=ORIENTED_EDGE('',*,*,#13692,.F.);
#13977=EDGE_LOOP('',(#13973,#13974,#13975,#13976));
#13978=FACE_OUTER_BOUND('',#13977,.F.);
#13979=ADVANCED_FACE('',(#13978),#13972,.F.);
#13980=CARTESIAN_POINT('',(-4.5E0,-2.45E-1,2.26E0));
#13981=DIRECTION('',(0.E0,-9.363291775690E-1,3.511234415884E-1));
#13982=DIRECTION('',(0.E0,3.511234415884E-1,9.363291775690E-1));
#13983=AXIS2_PLACEMENT_3D('',#13980,#13981,#13982);
#13984=PLANE('',#13983);
#13986=ORIENTED_EDGE('',*,*,#13985,.F.);
#13988=ORIENTED_EDGE('',*,*,#13987,.F.);
#13989=ORIENTED_EDGE('',*,*,#13948,.T.);
#13991=ORIENTED_EDGE('',*,*,#13990,.F.);
#13992=EDGE_LOOP('',(#13986,#13988,#13989,#13991));
#13993=FACE_OUTER_BOUND('',#13992,.F.);
#13994=ADVANCED_FACE('',(#13993),#13984,.T.);
#13995=CARTESIAN_POINT('',(-4.18E0,3.2E-1,2.46E0));
#13996=DIRECTION('',(0.E0,0.E0,1.E0));
#13997=DIRECTION('',(0.E0,-1.E0,0.E0));
#13998=AXIS2_PLACEMENT_3D('',#13995,#13996,#13997);
#13999=PLANE('',#13998);
#14000=ORIENTED_EDGE('',*,*,#13985,.T.);
#14002=ORIENTED_EDGE('',*,*,#14001,.T.);
#14004=ORIENTED_EDGE('',*,*,#14003,.F.);
#14006=ORIENTED_EDGE('',*,*,#14005,.T.);
#14007=EDGE_LOOP('',(#14000,#14002,#14004,#14006));
#14008=FACE_OUTER_BOUND('',#14007,.F.);
#14009=ADVANCED_FACE('',(#14008),#13999,.T.);
#14010=CARTESIAN_POINT('',(-4.745E0,0.E0,2.26E0));
#14011=DIRECTION('',(-9.363291775690E-1,0.E0,3.511234415884E-1));
#14012=DIRECTION('',(3.511234415884E-1,0.E0,9.363291775690E-1));
#14013=AXIS2_PLACEMENT_3D('',#14010,#14011,#14012);
#14014=PLANE('',#14013);
#14015=ORIENTED_EDGE('',*,*,#13833,.T.);
#14017=ORIENTED_EDGE('',*,*,#14016,.F.);
#14018=ORIENTED_EDGE('',*,*,#14001,.F.);
#14019=ORIENTED_EDGE('',*,*,#13990,.T.);
#14020=EDGE_LOOP('',(#14015,#14017,#14018,#14019));
#14021=FACE_OUTER_BOUND('',#14020,.F.);
#14022=ADVANCED_FACE('',(#14021),#14014,.T.);
#14023=CARTESIAN_POINT('',(-4.5E0,2.45E-1,2.26E0));
#14024=DIRECTION('',(0.E0,9.363291775690E-1,3.511234415884E-1));
#14025=DIRECTION('',(0.E0,3.511234415884E-1,-9.363291775690E-1));
#14026=AXIS2_PLACEMENT_3D('',#14023,#14024,#14025);
#14027=PLANE('',#14026);
#14029=ORIENTED_EDGE('',*,*,#14028,.F.);
#14031=ORIENTED_EDGE('',*,*,#14030,.F.);
#14032=ORIENTED_EDGE('',*,*,#14003,.T.);
#14033=ORIENTED_EDGE('',*,*,#14016,.T.);
#14034=EDGE_LOOP('',(#14029,#14031,#14032,#14033));
#14035=FACE_OUTER_BOUND('',#14034,.F.);
#14036=ADVANCED_FACE('',(#14035),#14027,.T.);
#14037=CARTESIAN_POINT('',(-4.18E0,3.2E-1,-2.49E0));
#14038=DIRECTION('',(0.E0,1.E0,0.E0));
#14039=DIRECTION('',(0.E0,0.E0,1.E0));
#14040=AXIS2_PLACEMENT_3D('',#14037,#14038,#14039);
#14041=PLANE('',#14040);
#14042=ORIENTED_EDGE('',*,*,#14028,.T.);
#14043=ORIENTED_EDGE('',*,*,#13838,.F.);
#14044=ORIENTED_EDGE('',*,*,#8487,.T.);
#14045=ORIENTED_EDGE('',*,*,#13904,.T.);
#14046=EDGE_LOOP('',(#14042,#14043,#14044,#14045));
#14047=FACE_OUTER_BOUND('',#14046,.F.);
#14048=ADVANCED_FACE('',(#14047),#14041,.T.);
#14049=CARTESIAN_POINT('',(-4.255E0,0.E0,2.26E0));
#14050=DIRECTION('',(9.363291775690E-1,0.E0,3.511234415884E-1));
#14051=DIRECTION('',(-3.511234415884E-1,0.E0,9.363291775690E-1));
#14052=AXIS2_PLACEMENT_3D('',#14049,#14050,#14051);
#14053=PLANE('',#14052);
#14054=ORIENTED_EDGE('',*,*,#14005,.F.);
#14055=ORIENTED_EDGE('',*,*,#14030,.T.);
#14056=ORIENTED_EDGE('',*,*,#13902,.T.);
#14057=ORIENTED_EDGE('',*,*,#13987,.T.);
#14058=EDGE_LOOP('',(#14054,#14055,#14056,#14057));
#14059=FACE_OUTER_BOUND('',#14058,.F.);
#14060=ADVANCED_FACE('',(#14059),#14053,.T.);
#14061=CARTESIAN_POINT('',(-4.18E0,-1.65E0,-4.59E0));
#14062=DIRECTION('',(1.E0,0.E0,0.E0));
#14063=DIRECTION('',(0.E0,0.E0,-1.E0));
#14064=AXIS2_PLACEMENT_3D('',#14061,#14062,#14063);
#14065=CYLINDRICAL_SURFACE('',#14064,8.9E-1);
#14066=ORIENTED_EDGE('',*,*,#13764,.F.);
#14067=ORIENTED_EDGE('',*,*,#13923,.F.);
#14068=ORIENTED_EDGE('',*,*,#13695,.T.);
#14069=ORIENTED_EDGE('',*,*,#13892,.T.);
#14071=ORIENTED_EDGE('',*,*,#14070,.T.);
#14072=ORIENTED_EDGE('',*,*,#13816,.F.);
#14073=EDGE_LOOP('',(#14066,#14067,#14068,#14069,#14071,#14072));
#14074=FACE_OUTER_BOUND('',#14073,.F.);
#14075=ADVANCED_FACE('',(#14074),#14065,.T.);
#14076=CARTESIAN_POINT('',(-4.18E0,-2.54E0,-4.59E0));
#14077=DIRECTION('',(0.E0,-1.E0,0.E0));
#14078=DIRECTION('',(0.E0,0.E0,-1.E0));
#14079=AXIS2_PLACEMENT_3D('',#14076,#14077,#14078);
#14080=PLANE('',#14079);
#14081=ORIENTED_EDGE('',*,*,#13890,.T.);
#14083=ORIENTED_EDGE('',*,*,#14082,.T.);
#14084=ORIENTED_EDGE('',*,*,#13818,.F.);
#14085=ORIENTED_EDGE('',*,*,#14070,.F.);
#14086=EDGE_LOOP('',(#14081,#14083,#14084,#14085));
#14087=FACE_OUTER_BOUND('',#14086,.F.);
#14088=ADVANCED_FACE('',(#14087),#14080,.T.);
#14089=CARTESIAN_POINT('',(-4.18E0,-2.22E0,-5.47E0));
#14090=DIRECTION('',(1.E0,0.E0,0.E0));
#14091=DIRECTION('',(0.E0,0.E0,-1.E0));
#14092=AXIS2_PLACEMENT_3D('',#14089,#14090,#14091);
#14093=CYLINDRICAL_SURFACE('',#14092,3.2E-1);
#14094=ORIENTED_EDGE('',*,*,#13888,.T.);
#14096=ORIENTED_EDGE('',*,*,#14095,.T.);
#14097=ORIENTED_EDGE('',*,*,#13820,.F.);
#14098=ORIENTED_EDGE('',*,*,#14082,.F.);
#14099=EDGE_LOOP('',(#14094,#14096,#14097,#14098));
#14100=FACE_OUTER_BOUND('',#14099,.F.);
#14101=ADVANCED_FACE('',(#14100),#14093,.T.);
#14102=CARTESIAN_POINT('',(-4.18E0,-1.9E0,-5.47E0));
#14103=DIRECTION('',(0.E0,1.E0,0.E0));
#14104=DIRECTION('',(0.E0,0.E0,1.E0));
#14105=AXIS2_PLACEMENT_3D('',#14102,#14103,#14104);
#14106=PLANE('',#14105);
#14107=ORIENTED_EDGE('',*,*,#13886,.T.);
#14108=ORIENTED_EDGE('',*,*,#13780,.T.);
#14109=ORIENTED_EDGE('',*,*,#13822,.F.);
#14110=ORIENTED_EDGE('',*,*,#14095,.F.);
#14111=EDGE_LOOP('',(#14107,#14108,#14109,#14110));
#14112=FACE_OUTER_BOUND('',#14111,.F.);
#14113=ADVANCED_FACE('',(#14112),#14106,.T.);
#14114=CARTESIAN_POINT('',(-7.18E0,1.93E0,-3.6E0));
#14115=DIRECTION('',(1.E0,0.E0,0.E0));
#14116=DIRECTION('',(0.E0,0.E0,-1.E0));
#14117=AXIS2_PLACEMENT_3D('',#14114,#14115,#14116);
#14118=PLANE('',#14117);
#14120=ORIENTED_EDGE('',*,*,#14119,.F.);
#14122=ORIENTED_EDGE('',*,*,#14121,.T.);
#14123=ORIENTED_EDGE('',*,*,#10901,.F.);
#14124=ORIENTED_EDGE('',*,*,#7972,.T.);
#14125=ORIENTED_EDGE('',*,*,#7319,.T.);
#14126=EDGE_LOOP('',(#14120,#14122,#14123,#14124,#14125));
#14127=FACE_OUTER_BOUND('',#14126,.F.);
#14128=ADVANCED_FACE('',(#14127),#14118,.F.);
#14129=CARTESIAN_POINT('',(-7.18E0,1.93E0,-3.6E0));
#14130=DIRECTION('',(1.E0,0.E0,0.E0));
#14131=DIRECTION('',(0.E0,0.E0,-1.E0));
#14132=AXIS2_PLACEMENT_3D('',#14129,#14130,#14131);
#14133=PLANE('',#14132);
#14135=ORIENTED_EDGE('',*,*,#14134,.T.);
#14136=ORIENTED_EDGE('',*,*,#9427,.T.);
#14137=ORIENTED_EDGE('',*,*,#10186,.T.);
#14138=ORIENTED_EDGE('',*,*,#10347,.T.);
#14139=ORIENTED_EDGE('',*,*,#10403,.T.);
#14141=ORIENTED_EDGE('',*,*,#14140,.T.);
#14142=EDGE_LOOP('',(#14135,#14136,#14137,#14138,#14139,#14141));
#14143=FACE_OUTER_BOUND('',#14142,.F.);
#14144=ADVANCED_FACE('',(#14143),#14133,.F.);
#14145=CARTESIAN_POINT('',(-7.18E0,1.93E0,-3.6E0));
#14146=DIRECTION('',(1.E0,0.E0,0.E0));
#14147=DIRECTION('',(0.E0,0.E0,-1.E0));
#14148=AXIS2_PLACEMENT_3D('',#14145,#14146,#14147);
#14149=PLANE('',#14148);
#14151=ORIENTED_EDGE('',*,*,#14150,.F.);
#14153=ORIENTED_EDGE('',*,*,#14152,.T.);
#14154=ORIENTED_EDGE('',*,*,#10904,.F.);
#14156=ORIENTED_EDGE('',*,*,#14155,.F.);
#14158=ORIENTED_EDGE('',*,*,#14157,.F.);
#14159=ORIENTED_EDGE('',*,*,#9651,.F.);
#14160=ORIENTED_EDGE('',*,*,#9836,.F.);
#14161=EDGE_LOOP('',(#14151,#14153,#14154,#14156,#14158,#14159,#14160));
#14162=FACE_OUTER_BOUND('',#14161,.F.);
#14163=ADVANCED_FACE('',(#14162),#14149,.F.);
#14164=CARTESIAN_POINT('',(-7.18E0,-1.65E0,-4.34E0));
#14165=DIRECTION('',(0.E0,0.E0,-1.E0));
#14166=DIRECTION('',(0.E0,1.E0,0.E0));
#14167=AXIS2_PLACEMENT_3D('',#14164,#14165,#14166);
#14168=PLANE('',#14167);
#14170=ORIENTED_EDGE('',*,*,#14169,.F.);
#14172=ORIENTED_EDGE('',*,*,#14171,.F.);
#14173=ORIENTED_EDGE('',*,*,#14119,.T.);
#14174=ORIENTED_EDGE('',*,*,#7124,.T.);
#14176=ORIENTED_EDGE('',*,*,#14175,.T.);
#14178=ORIENTED_EDGE('',*,*,#14177,.F.);
#14179=EDGE_LOOP('',(#14170,#14172,#14173,#14174,#14176,#14178));
#14180=FACE_OUTER_BOUND('',#14179,.F.);
#14181=ADVANCED_FACE('',(#14180),#14168,.T.);
#14182=CARTESIAN_POINT('',(-7.82E0,1.93E0,-4.95E0));
#14183=DIRECTION('',(-1.E0,0.E0,0.E0));
#14184=DIRECTION('',(0.E0,0.E0,1.E0));
#14185=AXIS2_PLACEMENT_3D('',#14182,#14183,#14184);
#14186=PLANE('',#14185);
#14187=ORIENTED_EDGE('',*,*,#14169,.T.);
#14188=ORIENTED_EDGE('',*,*,#7342,.F.);
#14189=ORIENTED_EDGE('',*,*,#7991,.F.);
#14190=ORIENTED_EDGE('',*,*,#10912,.T.);
#14192=ORIENTED_EDGE('',*,*,#14191,.F.);
#14193=EDGE_LOOP('',(#14187,#14188,#14189,#14190,#14192));
#14194=FACE_OUTER_BOUND('',#14193,.F.);
#14195=ADVANCED_FACE('',(#14194),#14186,.F.);
#14196=CARTESIAN_POINT('',(-7.82E0,1.93E0,-4.95E0));
#14197=DIRECTION('',(-1.E0,0.E0,0.E0));
#14198=DIRECTION('',(0.E0,0.E0,1.E0));
#14199=AXIS2_PLACEMENT_3D('',#14196,#14197,#14198);
#14200=PLANE('',#14199);
#14202=ORIENTED_EDGE('',*,*,#14201,.F.);
#14204=ORIENTED_EDGE('',*,*,#14203,.F.);
#14205=ORIENTED_EDGE('',*,*,#10399,.F.);
#14206=ORIENTED_EDGE('',*,*,#10380,.F.);
#14207=ORIENTED_EDGE('',*,*,#10219,.F.);
#14208=ORIENTED_EDGE('',*,*,#9472,.F.);
#14209=EDGE_LOOP('',(#14202,#14204,#14205,#14206,#14207,#14208));
#14210=FACE_OUTER_BOUND('',#14209,.F.);
#14211=ADVANCED_FACE('',(#14210),#14200,.F.);
#14212=CARTESIAN_POINT('',(-7.82E0,1.93E0,-4.95E0));
#14213=DIRECTION('',(-1.E0,0.E0,0.E0));
#14214=DIRECTION('',(0.E0,0.E0,1.E0));
#14215=AXIS2_PLACEMENT_3D('',#14212,#14213,#14214);
#14216=PLANE('',#14215);
#14218=ORIENTED_EDGE('',*,*,#14217,.T.);
#14219=ORIENTED_EDGE('',*,*,#9857,.T.);
#14220=ORIENTED_EDGE('',*,*,#9665,.T.);
#14222=ORIENTED_EDGE('',*,*,#14221,.T.);
#14224=ORIENTED_EDGE('',*,*,#14223,.T.);
#14225=ORIENTED_EDGE('',*,*,#10908,.T.);
#14227=ORIENTED_EDGE('',*,*,#14226,.F.);
#14228=EDGE_LOOP('',(#14218,#14219,#14220,#14222,#14224,#14225,#14227));
#14229=FACE_OUTER_BOUND('',#14228,.F.);
#14230=ADVANCED_FACE('',(#14229),#14216,.F.);
#14231=CARTESIAN_POINT('',(-7.18E0,-1.65E0,-4.59E0));
#14232=DIRECTION('',(1.E0,0.E0,0.E0));
#14233=DIRECTION('',(0.E0,0.E0,-1.E0));
#14234=AXIS2_PLACEMENT_3D('',#14231,#14232,#14233);
#14235=CYLINDRICAL_SURFACE('',#14234,2.5E-1);
#14236=ORIENTED_EDGE('',*,*,#14191,.T.);
#14238=ORIENTED_EDGE('',*,*,#14237,.F.);
#14240=ORIENTED_EDGE('',*,*,#14239,.F.);
#14241=ORIENTED_EDGE('',*,*,#7136,.T.);
#14242=ORIENTED_EDGE('',*,*,#14121,.F.);
#14243=ORIENTED_EDGE('',*,*,#14171,.T.);
#14244=EDGE_LOOP('',(#14236,#14238,#14240,#14241,#14242,#14243));
#14245=FACE_OUTER_BOUND('',#14244,.F.);
#14246=ADVANCED_FACE('',(#14245),#14235,.F.);
#14247=CARTESIAN_POINT('',(-7.82E0,0.E0,0.E0));
#14248=DIRECTION('',(1.E0,0.E0,0.E0));
#14249=DIRECTION('',(0.E0,0.E0,-1.E0));
#14250=AXIS2_PLACEMENT_3D('',#14247,#14248,#14249);
#14251=PLANE('',#14250);
#14252=ORIENTED_EDGE('',*,*,#7344,.F.);
#14253=ORIENTED_EDGE('',*,*,#14177,.T.);
#14255=ORIENTED_EDGE('',*,*,#14254,.T.);
#14256=ORIENTED_EDGE('',*,*,#9470,.F.);
#14257=ORIENTED_EDGE('',*,*,#10012,.F.);
#14258=ORIENTED_EDGE('',*,*,#9859,.T.);
#14260=ORIENTED_EDGE('',*,*,#14259,.T.);
#14262=ORIENTED_EDGE('',*,*,#14261,.T.);
#14263=ORIENTED_EDGE('',*,*,#9663,.T.);
#14264=ORIENTED_EDGE('',*,*,#9439,.F.);
#14265=EDGE_LOOP('',(#14252,#14253,#14255,#14256,#14257,#14258,#14260,#14262,
#14263,#14264));
#14266=FACE_OUTER_BOUND('',#14265,.F.);
#14267=ADVANCED_FACE('',(#14266),#14251,.F.);
#14268=CARTESIAN_POINT('',(-7.82E0,0.E0,0.E0));
#14269=DIRECTION('',(1.E0,0.E0,0.E0));
#14270=DIRECTION('',(0.E0,0.E0,-1.E0));
#14271=AXIS2_PLACEMENT_3D('',#14268,#14269,#14270);
#14272=PLANE('',#14271);
#14273=ORIENTED_EDGE('',*,*,#10910,.F.);
#14275=ORIENTED_EDGE('',*,*,#14274,.T.);
#14277=ORIENTED_EDGE('',*,*,#14276,.T.);
#14278=ORIENTED_EDGE('',*,*,#7094,.T.);
#14280=ORIENTED_EDGE('',*,*,#14279,.T.);
#14281=ORIENTED_EDGE('',*,*,#14237,.T.);
#14282=EDGE_LOOP('',(#14273,#14275,#14277,#14278,#14280,#14281));
#14283=FACE_OUTER_BOUND('',#14282,.F.);
#14284=ADVANCED_FACE('',(#14283),#14272,.F.);
#14285=CARTESIAN_POINT('',(-7.82E0,0.E0,0.E0));
#14286=DIRECTION('',(1.E0,0.E0,0.E0));
#14287=DIRECTION('',(0.E0,0.E0,-1.E0));
#14288=AXIS2_PLACEMENT_3D('',#14285,#14286,#14287);
#14289=PLANE('',#14288);
#14291=ORIENTED_EDGE('',*,*,#14290,.F.);
#14293=ORIENTED_EDGE('',*,*,#14292,.T.);
#14294=ORIENTED_EDGE('',*,*,#8461,.T.);
#14296=ORIENTED_EDGE('',*,*,#14295,.T.);
#14297=EDGE_LOOP('',(#14291,#14293,#14294,#14296));
#14298=FACE_OUTER_BOUND('',#14297,.F.);
#14299=ADVANCED_FACE('',(#14298),#14289,.F.);
#14300=CARTESIAN_POINT('',(-7.18E0,1.055E0,-4.34E0));
#14301=DIRECTION('',(0.E0,1.E0,0.E0));
#14302=DIRECTION('',(0.E0,0.E0,1.E0));
#14303=AXIS2_PLACEMENT_3D('',#14300,#14301,#14302);
#14304=PLANE('',#14303);
#14305=ORIENTED_EDGE('',*,*,#14201,.T.);
#14306=ORIENTED_EDGE('',*,*,#14254,.F.);
#14307=ORIENTED_EDGE('',*,*,#14175,.F.);
#14308=ORIENTED_EDGE('',*,*,#7122,.T.);
#14309=ORIENTED_EDGE('',*,*,#14134,.F.);
#14311=ORIENTED_EDGE('',*,*,#14310,.F.);
#14312=EDGE_LOOP('',(#14305,#14306,#14307,#14308,#14309,#14311));
#14313=FACE_OUTER_BOUND('',#14312,.F.);
#14314=ADVANCED_FACE('',(#14313),#14304,.T.);
#14315=CARTESIAN_POINT('',(-7.82E0,1.93E0,-3.6E0));
#14316=DIRECTION('',(0.E0,0.E0,1.E0));
#14317=DIRECTION('',(1.E0,0.E0,0.E0));
#14318=AXIS2_PLACEMENT_3D('',#14315,#14316,#14317);
#14319=PLANE('',#14318);
#14320=ORIENTED_EDGE('',*,*,#14310,.T.);
#14321=ORIENTED_EDGE('',*,*,#14140,.F.);
#14322=ORIENTED_EDGE('',*,*,#10401,.F.);
#14323=ORIENTED_EDGE('',*,*,#14203,.T.);
#14324=EDGE_LOOP('',(#14320,#14321,#14322,#14323));
#14325=FACE_OUTER_BOUND('',#14324,.F.);
#14326=ADVANCED_FACE('',(#14325),#14319,.F.);
#14327=CARTESIAN_POINT('',(-7.82E0,1.93E0,-3.6E0));
#14328=DIRECTION('',(0.E0,0.E0,1.E0));
#14329=DIRECTION('',(1.E0,0.E0,0.E0));
#14330=AXIS2_PLACEMENT_3D('',#14327,#14328,#14329);
#14331=PLANE('',#14330);
#14333=ORIENTED_EDGE('',*,*,#14332,.F.);
#14334=ORIENTED_EDGE('',*,*,#14226,.T.);
#14335=ORIENTED_EDGE('',*,*,#10906,.T.);
#14336=ORIENTED_EDGE('',*,*,#14152,.F.);
#14337=EDGE_LOOP('',(#14333,#14334,#14335,#14336));
#14338=FACE_OUTER_BOUND('',#14337,.F.);
#14339=ADVANCED_FACE('',(#14338),#14331,.F.);
#14340=CARTESIAN_POINT('',(-7.18E0,-3.2E-1,2.46E0));
#14341=DIRECTION('',(0.E0,-1.E0,0.E0));
#14342=DIRECTION('',(0.E0,0.E0,-1.E0));
#14343=AXIS2_PLACEMENT_3D('',#14340,#14341,#14342);
#14344=PLANE('',#14343);
#14345=ORIENTED_EDGE('',*,*,#14217,.F.);
#14346=ORIENTED_EDGE('',*,*,#14332,.T.);
#14347=ORIENTED_EDGE('',*,*,#14150,.T.);
#14348=ORIENTED_EDGE('',*,*,#7114,.T.);
#14350=ORIENTED_EDGE('',*,*,#14349,.T.);
#14351=ORIENTED_EDGE('',*,*,#14259,.F.);
#14352=EDGE_LOOP('',(#14345,#14346,#14347,#14348,#14350,#14351));
#14353=FACE_OUTER_BOUND('',#14352,.F.);
#14354=ADVANCED_FACE('',(#14353),#14344,.T.);
#14355=CARTESIAN_POINT('',(-7.18E0,-3.2E-1,2.46E0));
#14356=DIRECTION('',(0.E0,-1.E0,0.E0));
#14357=DIRECTION('',(0.E0,0.E0,-1.E0));
#14358=AXIS2_PLACEMENT_3D('',#14355,#14356,#14357);
#14359=PLANE('',#14358);
#14361=ORIENTED_EDGE('',*,*,#14360,.F.);
#14362=ORIENTED_EDGE('',*,*,#7159,.T.);
#14363=ORIENTED_EDGE('',*,*,#8463,.F.);
#14364=ORIENTED_EDGE('',*,*,#14292,.F.);
#14365=EDGE_LOOP('',(#14361,#14362,#14363,#14364));
#14366=FACE_OUTER_BOUND('',#14365,.F.);
#14367=ADVANCED_FACE('',(#14366),#14359,.T.);
#14368=CARTESIAN_POINT('',(-7.18E0,-3.2E-1,-3.7E0));
#14369=DIRECTION('',(0.E0,0.E0,1.E0));
#14370=DIRECTION('',(0.E0,-1.E0,0.E0));
#14371=AXIS2_PLACEMENT_3D('',#14368,#14369,#14370);
#14372=PLANE('',#14371);
#14373=ORIENTED_EDGE('',*,*,#14221,.F.);
#14374=ORIENTED_EDGE('',*,*,#14261,.F.);
#14375=ORIENTED_EDGE('',*,*,#14349,.F.);
#14376=ORIENTED_EDGE('',*,*,#7112,.T.);
#14377=ORIENTED_EDGE('',*,*,#14157,.T.);
#14379=ORIENTED_EDGE('',*,*,#14378,.T.);
#14380=EDGE_LOOP('',(#14373,#14374,#14375,#14376,#14377,#14379));
#14381=FACE_OUTER_BOUND('',#14380,.F.);
#14382=ADVANCED_FACE('',(#14381),#14372,.T.);
#14383=CARTESIAN_POINT('',(-7.18E0,-1.65E0,-4.59E0));
#14384=DIRECTION('',(1.E0,0.E0,0.E0));
#14385=DIRECTION('',(0.E0,0.E0,-1.E0));
#14386=AXIS2_PLACEMENT_3D('',#14383,#14384,#14385);
#14387=CYLINDRICAL_SURFACE('',#14386,8.9E-1);
#14388=ORIENTED_EDGE('',*,*,#14223,.F.);
#14389=ORIENTED_EDGE('',*,*,#14378,.F.);
#14390=ORIENTED_EDGE('',*,*,#14155,.T.);
#14391=ORIENTED_EDGE('',*,*,#7143,.T.);
#14393=ORIENTED_EDGE('',*,*,#14392,.T.);
#14394=ORIENTED_EDGE('',*,*,#14274,.F.);
#14395=EDGE_LOOP('',(#14388,#14389,#14390,#14391,#14393,#14394));
#14396=FACE_OUTER_BOUND('',#14395,.F.);
#14397=ADVANCED_FACE('',(#14396),#14387,.T.);
#14398=CARTESIAN_POINT('',(-7.18E0,-2.54E0,-4.59E0));
#14399=DIRECTION('',(0.E0,-1.E0,0.E0));
#14400=DIRECTION('',(0.E0,0.E0,-1.E0));
#14401=AXIS2_PLACEMENT_3D('',#14398,#14399,#14400);
#14402=PLANE('',#14401);
#14403=ORIENTED_EDGE('',*,*,#7141,.T.);
#14404=ORIENTED_EDGE('',*,*,#7096,.T.);
#14405=ORIENTED_EDGE('',*,*,#14276,.F.);
#14406=ORIENTED_EDGE('',*,*,#14392,.F.);
#14407=EDGE_LOOP('',(#14403,#14404,#14405,#14406));
#14408=FACE_OUTER_BOUND('',#14407,.F.);
#14409=ADVANCED_FACE('',(#14408),#14402,.T.);
#14410=CARTESIAN_POINT('',(-7.5E0,-2.45E-1,2.26E0));
#14411=DIRECTION('',(0.E0,-9.363291775690E-1,3.511234415884E-1));
#14412=DIRECTION('',(0.E0,3.511234415884E-1,9.363291775690E-1));
#14413=AXIS2_PLACEMENT_3D('',#14410,#14411,#14412);
#14414=PLANE('',#14413);
#14416=ORIENTED_EDGE('',*,*,#14415,.F.);
#14418=ORIENTED_EDGE('',*,*,#14417,.F.);
#14419=ORIENTED_EDGE('',*,*,#14360,.T.);
#14421=ORIENTED_EDGE('',*,*,#14420,.F.);
#14422=EDGE_LOOP('',(#14416,#14418,#14419,#14421));
#14423=FACE_OUTER_BOUND('',#14422,.F.);
#14424=ADVANCED_FACE('',(#14423),#14414,.T.);
#14425=CARTESIAN_POINT('',(-7.18E0,3.2E-1,2.46E0));
#14426=DIRECTION('',(0.E0,0.E0,1.E0));
#14427=DIRECTION('',(0.E0,-1.E0,0.E0));
#14428=AXIS2_PLACEMENT_3D('',#14425,#14426,#14427);
#14429=PLANE('',#14428);
#14430=ORIENTED_EDGE('',*,*,#14415,.T.);
#14432=ORIENTED_EDGE('',*,*,#14431,.T.);
#14434=ORIENTED_EDGE('',*,*,#14433,.F.);
#14436=ORIENTED_EDGE('',*,*,#14435,.T.);
#14437=EDGE_LOOP('',(#14430,#14432,#14434,#14436));
#14438=FACE_OUTER_BOUND('',#14437,.F.);
#14439=ADVANCED_FACE('',(#14438),#14429,.T.);
#14440=CARTESIAN_POINT('',(-7.745E0,0.E0,2.26E0));
#14441=DIRECTION('',(-9.363291775690E-1,0.E0,3.511234415884E-1));
#14442=DIRECTION('',(3.511234415884E-1,0.E0,9.363291775690E-1));
#14443=AXIS2_PLACEMENT_3D('',#14440,#14441,#14442);
#14444=PLANE('',#14443);
#14445=ORIENTED_EDGE('',*,*,#14290,.T.);
#14447=ORIENTED_EDGE('',*,*,#14446,.F.);
#14448=ORIENTED_EDGE('',*,*,#14431,.F.);
#14449=ORIENTED_EDGE('',*,*,#14420,.T.);
#14450=EDGE_LOOP('',(#14445,#14447,#14448,#14449));
#14451=FACE_OUTER_BOUND('',#14450,.F.);
#14452=ADVANCED_FACE('',(#14451),#14444,.T.);
#14453=CARTESIAN_POINT('',(-7.5E0,2.45E-1,2.26E0));
#14454=DIRECTION('',(0.E0,9.363291775690E-1,3.511234415884E-1));
#14455=DIRECTION('',(0.E0,3.511234415884E-1,-9.363291775690E-1));
#14456=AXIS2_PLACEMENT_3D('',#14453,#14454,#14455);
#14457=PLANE('',#14456);
#14459=ORIENTED_EDGE('',*,*,#14458,.F.);
#14461=ORIENTED_EDGE('',*,*,#14460,.F.);
#14462=ORIENTED_EDGE('',*,*,#14433,.T.);
#14463=ORIENTED_EDGE('',*,*,#14446,.T.);
#14464=EDGE_LOOP('',(#14459,#14461,#14462,#14463));
#14465=FACE_OUTER_BOUND('',#14464,.F.);
#14466=ADVANCED_FACE('',(#14465),#14457,.T.);
#14467=CARTESIAN_POINT('',(-7.18E0,3.2E-1,-2.49E0));
#14468=DIRECTION('',(0.E0,1.E0,0.E0));
#14469=DIRECTION('',(0.E0,0.E0,1.E0));
#14470=AXIS2_PLACEMENT_3D('',#14467,#14468,#14469);
#14471=PLANE('',#14470);
#14472=ORIENTED_EDGE('',*,*,#14458,.T.);
#14473=ORIENTED_EDGE('',*,*,#14295,.F.);
#14474=ORIENTED_EDGE('',*,*,#8459,.T.);
#14475=ORIENTED_EDGE('',*,*,#7155,.T.);
#14476=EDGE_LOOP('',(#14472,#14473,#14474,#14475));
#14477=FACE_OUTER_BOUND('',#14476,.F.);
#14478=ADVANCED_FACE('',(#14477),#14471,.T.);
#14479=CARTESIAN_POINT('',(-7.255E0,0.E0,2.26E0));
#14480=DIRECTION('',(9.363291775690E-1,0.E0,3.511234415884E-1));
#14481=DIRECTION('',(-3.511234415884E-1,0.E0,9.363291775690E-1));
#14482=AXIS2_PLACEMENT_3D('',#14479,#14480,#14481);
#14483=PLANE('',#14482);
#14484=ORIENTED_EDGE('',*,*,#14435,.F.);
#14485=ORIENTED_EDGE('',*,*,#14460,.T.);
#14486=ORIENTED_EDGE('',*,*,#7153,.T.);
#14487=ORIENTED_EDGE('',*,*,#14417,.T.);
#14488=EDGE_LOOP('',(#14484,#14485,#14486,#14487));
#14489=FACE_OUTER_BOUND('',#14488,.F.);
#14490=ADVANCED_FACE('',(#14489),#14483,.T.);
#14491=CARTESIAN_POINT('',(-7.18E0,-1.9E0,-5.47E0));
#14492=DIRECTION('',(0.E0,1.E0,0.E0));
#14493=DIRECTION('',(0.E0,0.E0,1.E0));
#14494=AXIS2_PLACEMENT_3D('',#14491,#14492,#14493);
#14495=PLANE('',#14494);
#14496=ORIENTED_EDGE('',*,*,#7138,.T.);
#14497=ORIENTED_EDGE('',*,*,#14239,.T.);
#14498=ORIENTED_EDGE('',*,*,#14279,.F.);
#14499=ORIENTED_EDGE('',*,*,#7092,.F.);
#14500=EDGE_LOOP('',(#14496,#14497,#14498,#14499));
#14501=FACE_OUTER_BOUND('',#14500,.F.);
#14502=ADVANCED_FACE('',(#14501),#14495,.T.);
#14503=CARTESIAN_POINT('',(-1.018E1,-1.65E0,-4.59E0));
#14504=DIRECTION('',(1.E0,0.E0,0.E0));
#14505=DIRECTION('',(0.E0,0.E0,-1.E0));
#14506=AXIS2_PLACEMENT_3D('',#14503,#14504,#14505);
#14507=CYLINDRICAL_SURFACE('',#14506,8.9E-1);
#14508=ORIENTED_EDGE('',*,*,#10513,.F.);
#14509=ORIENTED_EDGE('',*,*,#10697,.F.);
#14510=ORIENTED_EDGE('',*,*,#10795,.T.);
#14511=ORIENTED_EDGE('',*,*,#10665,.T.);
#14513=ORIENTED_EDGE('',*,*,#14512,.T.);
#14514=ORIENTED_EDGE('',*,*,#10587,.F.);
#14515=EDGE_LOOP('',(#14508,#14509,#14510,#14511,#14513,#14514));
#14516=FACE_OUTER_BOUND('',#14515,.F.);
#14517=ADVANCED_FACE('',(#14516),#14507,.T.);
#14518=CARTESIAN_POINT('',(-1.018E1,-2.54E0,-4.59E0));
#14519=DIRECTION('',(0.E0,-1.E0,0.E0));
#14520=DIRECTION('',(0.E0,0.E0,-1.E0));
#14521=AXIS2_PLACEMENT_3D('',#14518,#14519,#14520);
#14522=PLANE('',#14521);
#14523=ORIENTED_EDGE('',*,*,#10663,.T.);
#14525=ORIENTED_EDGE('',*,*,#14524,.T.);
#14526=ORIENTED_EDGE('',*,*,#10589,.F.);
#14527=ORIENTED_EDGE('',*,*,#14512,.F.);
#14528=EDGE_LOOP('',(#14523,#14525,#14526,#14527));
#14529=FACE_OUTER_BOUND('',#14528,.F.);
#14530=ADVANCED_FACE('',(#14529),#14522,.T.);
#14531=CARTESIAN_POINT('',(-1.018E1,-2.22E0,-5.47E0));
#14532=DIRECTION('',(1.E0,0.E0,0.E0));
#14533=DIRECTION('',(0.E0,0.E0,-1.E0));
#14534=AXIS2_PLACEMENT_3D('',#14531,#14532,#14533);
#14535=CYLINDRICAL_SURFACE('',#14534,3.2E-1);
#14536=ORIENTED_EDGE('',*,*,#10661,.T.);
#14538=ORIENTED_EDGE('',*,*,#14537,.T.);
#14539=ORIENTED_EDGE('',*,*,#10591,.F.);
#14540=ORIENTED_EDGE('',*,*,#14524,.F.);
#14541=EDGE_LOOP('',(#14536,#14538,#14539,#14540));
#14542=FACE_OUTER_BOUND('',#14541,.F.);
#14543=ADVANCED_FACE('',(#14542),#14535,.T.);
#14544=CARTESIAN_POINT('',(-1.018E1,-1.9E0,-5.47E0));
#14545=DIRECTION('',(0.E0,1.E0,0.E0));
#14546=DIRECTION('',(0.E0,0.E0,1.E0));
#14547=AXIS2_PLACEMENT_3D('',#14544,#14545,#14546);
#14548=PLANE('',#14547);
#14549=ORIENTED_EDGE('',*,*,#10659,.T.);
#14550=ORIENTED_EDGE('',*,*,#10549,.T.);
#14551=ORIENTED_EDGE('',*,*,#10593,.F.);
#14552=ORIENTED_EDGE('',*,*,#14537,.F.);
#14553=EDGE_LOOP('',(#14549,#14550,#14551,#14552));
#14554=FACE_OUTER_BOUND('',#14553,.F.);
#14555=ADVANCED_FACE('',(#14554),#14548,.T.);
#14556=CARTESIAN_POINT('',(-1.05E1,-2.45E-1,2.26E0));
#14557=DIRECTION('',(0.E0,-9.363291775690E-1,3.511234415884E-1));
#14558=DIRECTION('',(0.E0,3.511234415884E-1,9.363291775690E-1));
#14559=AXIS2_PLACEMENT_3D('',#14556,#14557,#14558);
#14560=PLANE('',#14559);
#14562=ORIENTED_EDGE('',*,*,#14561,.F.);
#14564=ORIENTED_EDGE('',*,*,#14563,.F.);
#14565=ORIENTED_EDGE('',*,*,#10723,.T.);
#14567=ORIENTED_EDGE('',*,*,#14566,.F.);
#14568=EDGE_LOOP('',(#14562,#14564,#14565,#14567));
#14569=FACE_OUTER_BOUND('',#14568,.F.);
#14570=ADVANCED_FACE('',(#14569),#14560,.T.);
#14571=CARTESIAN_POINT('',(-1.018E1,3.2E-1,2.46E0));
#14572=DIRECTION('',(0.E0,0.E0,1.E0));
#14573=DIRECTION('',(0.E0,-1.E0,0.E0));
#14574=AXIS2_PLACEMENT_3D('',#14571,#14572,#14573);
#14575=PLANE('',#14574);
#14576=ORIENTED_EDGE('',*,*,#14561,.T.);
#14578=ORIENTED_EDGE('',*,*,#14577,.T.);
#14580=ORIENTED_EDGE('',*,*,#14579,.F.);
#14582=ORIENTED_EDGE('',*,*,#14581,.T.);
#14583=EDGE_LOOP('',(#14576,#14578,#14580,#14582));
#14584=FACE_OUTER_BOUND('',#14583,.F.);
#14585=ADVANCED_FACE('',(#14584),#14575,.T.);
#14586=CARTESIAN_POINT('',(-1.0745E1,0.E0,2.26E0));
#14587=DIRECTION('',(-9.363291775690E-1,0.E0,3.511234415884E-1));
#14588=DIRECTION('',(3.511234415884E-1,0.E0,9.363291775690E-1));
#14589=AXIS2_PLACEMENT_3D('',#14586,#14587,#14588);
#14590=PLANE('',#14589);
#14591=ORIENTED_EDGE('',*,*,#10604,.T.);
#14593=ORIENTED_EDGE('',*,*,#14592,.F.);
#14594=ORIENTED_EDGE('',*,*,#14577,.F.);
#14595=ORIENTED_EDGE('',*,*,#14566,.T.);
#14596=EDGE_LOOP('',(#14591,#14593,#14594,#14595));
#14597=FACE_OUTER_BOUND('',#14596,.F.);
#14598=ADVANCED_FACE('',(#14597),#14590,.T.);
#14599=CARTESIAN_POINT('',(-1.05E1,2.45E-1,2.26E0));
#14600=DIRECTION('',(0.E0,9.363291775690E-1,3.511234415884E-1));
#14601=DIRECTION('',(0.E0,3.511234415884E-1,-9.363291775690E-1));
#14602=AXIS2_PLACEMENT_3D('',#14599,#14600,#14601);
#14603=PLANE('',#14602);
#14605=ORIENTED_EDGE('',*,*,#14604,.F.);
#14607=ORIENTED_EDGE('',*,*,#14606,.F.);
#14608=ORIENTED_EDGE('',*,*,#14579,.T.);
#14609=ORIENTED_EDGE('',*,*,#14592,.T.);
#14610=EDGE_LOOP('',(#14605,#14607,#14608,#14609));
#14611=FACE_OUTER_BOUND('',#14610,.F.);
#14612=ADVANCED_FACE('',(#14611),#14603,.T.);
#14613=CARTESIAN_POINT('',(-1.018E1,3.2E-1,-2.49E0));
#14614=DIRECTION('',(0.E0,1.E0,0.E0));
#14615=DIRECTION('',(0.E0,0.E0,1.E0));
#14616=AXIS2_PLACEMENT_3D('',#14613,#14614,#14615);
#14617=PLANE('',#14616);
#14618=ORIENTED_EDGE('',*,*,#14604,.T.);
#14619=ORIENTED_EDGE('',*,*,#10609,.F.);
#14620=ORIENTED_EDGE('',*,*,#8432,.T.);
#14621=ORIENTED_EDGE('',*,*,#10677,.T.);
#14622=EDGE_LOOP('',(#14618,#14619,#14620,#14621));
#14623=FACE_OUTER_BOUND('',#14622,.F.);
#14624=ADVANCED_FACE('',(#14623),#14617,.T.);
#14625=CARTESIAN_POINT('',(-1.0255E1,0.E0,2.26E0));
#14626=DIRECTION('',(9.363291775690E-1,0.E0,3.511234415884E-1));
#14627=DIRECTION('',(-3.511234415884E-1,0.E0,9.363291775690E-1));
#14628=AXIS2_PLACEMENT_3D('',#14625,#14626,#14627);
#14629=PLANE('',#14628);
#14630=ORIENTED_EDGE('',*,*,#14581,.F.);
#14631=ORIENTED_EDGE('',*,*,#14606,.T.);
#14632=ORIENTED_EDGE('',*,*,#10675,.T.);
#14633=ORIENTED_EDGE('',*,*,#14563,.T.);
#14634=EDGE_LOOP('',(#14630,#14631,#14632,#14633));
#14635=FACE_OUTER_BOUND('',#14634,.F.);
#14636=ADVANCED_FACE('',(#14635),#14629,.T.);
#14637=CARTESIAN_POINT('',(1.246E1,1.93E0,-4.95E0));
#14638=DIRECTION('',(-1.E0,0.E0,0.E0));
#14639=DIRECTION('',(0.E0,0.E0,1.E0));
#14640=AXIS2_PLACEMENT_3D('',#14637,#14638,#14639);
#14641=PLANE('',#14640);
#14643=ORIENTED_EDGE('',*,*,#14642,.F.);
#14644=ORIENTED_EDGE('',*,*,#10448,.F.);
#14645=ORIENTED_EDGE('',*,*,#10260,.F.);
#14646=ORIENTED_EDGE('',*,*,#10099,.F.);
#14647=ORIENTED_EDGE('',*,*,#9215,.F.);
#14648=ORIENTED_EDGE('',*,*,#9916,.T.);
#14649=ORIENTED_EDGE('',*,*,#9728,.T.);
#14650=ORIENTED_EDGE('',*,*,#9534,.T.);
#14651=ORIENTED_EDGE('',*,*,#9200,.F.);
#14652=ORIENTED_EDGE('',*,*,#7205,.F.);
#14653=ORIENTED_EDGE('',*,*,#8021,.F.);
#14654=ORIENTED_EDGE('',*,*,#7573,.T.);
#14655=EDGE_LOOP('',(#14643,#14644,#14645,#14646,#14647,#14648,#14649,#14650,
#14651,#14652,#14653,#14654));
#14656=FACE_OUTER_BOUND('',#14655,.F.);
#14657=ADVANCED_FACE('',(#14656),#14641,.F.);
#14658=CARTESIAN_POINT('',(1.246E1,1.93E0,-3.25E0));
#14659=DIRECTION('',(0.E0,0.E0,1.E0));
#14660=DIRECTION('',(1.E0,0.E0,0.E0));
#14661=AXIS2_PLACEMENT_3D('',#14658,#14659,#14660);
#14662=PLANE('',#14661);
#14663=ORIENTED_EDGE('',*,*,#7571,.T.);
#14664=ORIENTED_EDGE('',*,*,#7407,.F.);
#14665=ORIENTED_EDGE('',*,*,#10450,.F.);
#14666=ORIENTED_EDGE('',*,*,#14642,.T.);
#14667=EDGE_LOOP('',(#14663,#14664,#14665,#14666));
#14668=FACE_OUTER_BOUND('',#14667,.F.);
#14669=ADVANCED_FACE('',(#14668),#14662,.F.);
#14670=CARTESIAN_POINT('',(-1.312E1,-1.065814103640E-14,4.25E0));
#14671=DIRECTION('',(-7.071067811865E-1,0.E0,7.071067811865E-1));
#14672=DIRECTION('',(7.071067811865E-1,0.E0,7.071067811865E-1));
#14673=AXIS2_PLACEMENT_3D('',#14670,#14671,#14672);
#14674=PLANE('',#14673);
#14675=ORIENTED_EDGE('',*,*,#8189,.F.);
#14676=ORIENTED_EDGE('',*,*,#10056,.T.);
#14677=ORIENTED_EDGE('',*,*,#10457,.T.);
#14678=ORIENTED_EDGE('',*,*,#8256,.F.);
#14679=EDGE_LOOP('',(#14675,#14676,#14677,#14678));
#14680=FACE_OUTER_BOUND('',#14679,.F.);
#14681=ADVANCED_FACE('',(#14680),#14674,.T.);
#14682=CARTESIAN_POINT('',(-1.312E1,-1.065814103640E-14,4.25E0));
#14683=DIRECTION('',(-7.071067811865E-1,0.E0,7.071067811865E-1));
#14684=DIRECTION('',(7.071067811865E-1,0.E0,7.071067811865E-1));
#14685=AXIS2_PLACEMENT_3D('',#14682,#14683,#14684);
#14686=PLANE('',#14685);
#14687=ORIENTED_EDGE('',*,*,#7534,.F.);
#14688=ORIENTED_EDGE('',*,*,#10060,.T.);
#14689=ORIENTED_EDGE('',*,*,#8227,.T.);
#14690=ORIENTED_EDGE('',*,*,#8252,.F.);
#14691=EDGE_LOOP('',(#14687,#14688,#14689,#14690));
#14692=FACE_OUTER_BOUND('',#14691,.F.);
#14693=ADVANCED_FACE('',(#14692),#14686,.T.);
#14694=CARTESIAN_POINT('',(-1.286E1,1.93E0,-3.25E0));
#14695=DIRECTION('',(0.E0,0.E0,1.E0));
#14696=DIRECTION('',(1.E0,0.E0,0.E0));
#14697=AXIS2_PLACEMENT_3D('',#14694,#14695,#14696);
#14698=PLANE('',#14697);
#14699=ORIENTED_EDGE('',*,*,#7526,.T.);
#14701=ORIENTED_EDGE('',*,*,#14700,.F.);
#14702=ORIENTED_EDGE('',*,*,#10462,.F.);
#14703=ORIENTED_EDGE('',*,*,#7640,.T.);
#14704=EDGE_LOOP('',(#14699,#14701,#14702,#14703));
#14705=FACE_OUTER_BOUND('',#14704,.F.);
#14706=ADVANCED_FACE('',(#14705),#14698,.F.);
#14707=CARTESIAN_POINT('',(-1.246E1,1.93E0,-3.25E0));
#14708=DIRECTION('',(1.E0,0.E0,0.E0));
#14709=DIRECTION('',(0.E0,0.E0,-1.E0));
#14710=AXIS2_PLACEMENT_3D('',#14707,#14708,#14709);
#14711=PLANE('',#14710);
#14712=ORIENTED_EDGE('',*,*,#14700,.T.);
#14713=ORIENTED_EDGE('',*,*,#7524,.T.);
#14714=ORIENTED_EDGE('',*,*,#8010,.T.);
#14715=ORIENTED_EDGE('',*,*,#7360,.T.);
#14716=ORIENTED_EDGE('',*,*,#9455,.T.);
#14717=ORIENTED_EDGE('',*,*,#9685,.F.);
#14718=ORIENTED_EDGE('',*,*,#9875,.F.);
#14719=ORIENTED_EDGE('',*,*,#10026,.T.);
#14720=ORIENTED_EDGE('',*,*,#9492,.T.);
#14721=ORIENTED_EDGE('',*,*,#10205,.T.);
#14722=ORIENTED_EDGE('',*,*,#10366,.T.);
#14723=ORIENTED_EDGE('',*,*,#10464,.T.);
#14724=EDGE_LOOP('',(#14712,#14713,#14714,#14715,#14716,#14717,#14718,#14719,
#14720,#14721,#14722,#14723));
#14725=FACE_OUTER_BOUND('',#14724,.F.);
#14726=ADVANCED_FACE('',(#14725),#14711,.F.);
#14727=CARTESIAN_POINT('',(-1.242E1,1.25E0,3.55E0));
#14728=DIRECTION('',(0.E0,0.E0,-1.E0));
#14729=DIRECTION('',(-1.E0,0.E0,0.E0));
#14730=AXIS2_PLACEMENT_3D('',#14727,#14728,#14729);
#14731=PLANE('',#14730);
#14732=ORIENTED_EDGE('',*,*,#10058,.T.);
#14733=ORIENTED_EDGE('',*,*,#8187,.F.);
#14735=ORIENTED_EDGE('',*,*,#14734,.T.);
#14736=ORIENTED_EDGE('',*,*,#8229,.T.);
#14737=EDGE_LOOP('',(#14732,#14733,#14735,#14736));
#14738=FACE_OUTER_BOUND('',#14737,.F.);
#14739=ADVANCED_FACE('',(#14738),#14731,.F.);
#14740=CARTESIAN_POINT('',(-1.242E1,1.25E0,4.95E0));
#14741=DIRECTION('',(1.E0,0.E0,0.E0));
#14742=DIRECTION('',(0.E0,0.E0,-1.E0));
#14743=AXIS2_PLACEMENT_3D('',#14740,#14741,#14742);
#14744=PLANE('',#14743);
#14745=ORIENTED_EDGE('',*,*,#8254,.F.);
#14746=ORIENTED_EDGE('',*,*,#8225,.T.);
#14747=ORIENTED_EDGE('',*,*,#14734,.F.);
#14748=ORIENTED_EDGE('',*,*,#8185,.F.);
#14749=EDGE_LOOP('',(#14745,#14746,#14747,#14748));
#14750=FACE_OUTER_BOUND('',#14749,.F.);
#14751=ADVANCED_FACE('',(#14750),#14744,.F.);
#14752=CARTESIAN_POINT('',(1.382E1,4.25E-2,-3.5E0));
#14753=DIRECTION('',(0.E0,1.E0,0.E0));
#14754=DIRECTION('',(0.E0,0.E0,1.E0));
#14755=AXIS2_PLACEMENT_3D('',#14752,#14753,#14754);
#14756=PLANE('',#14755);
#14757=ORIENTED_EDGE('',*,*,#8121,.F.);
#14759=ORIENTED_EDGE('',*,*,#14758,.T.);
#14761=ORIENTED_EDGE('',*,*,#14760,.T.);
#14763=ORIENTED_EDGE('',*,*,#14762,.F.);
#14764=EDGE_LOOP('',(#14757,#14759,#14761,#14763));
#14765=FACE_OUTER_BOUND('',#14764,.F.);
#14766=ADVANCED_FACE('',(#14765),#14756,.F.);
#14767=CARTESIAN_POINT('',(1.382E1,-1.1375E-1,-3.5E0));
#14768=DIRECTION('',(0.E0,0.E0,-1.E0));
#14769=DIRECTION('',(0.E0,1.E0,0.E0));
#14770=AXIS2_PLACEMENT_3D('',#14767,#14768,#14769);
#14771=PLANE('',#14770);
#14772=ORIENTED_EDGE('',*,*,#8133,.F.);
#14774=ORIENTED_EDGE('',*,*,#14773,.T.);
#14776=ORIENTED_EDGE('',*,*,#14775,.T.);
#14777=ORIENTED_EDGE('',*,*,#14758,.F.);
#14778=EDGE_LOOP('',(#14772,#14774,#14776,#14777));
#14779=FACE_OUTER_BOUND('',#14778,.F.);
#14780=ADVANCED_FACE('',(#14779),#14771,.F.);
#14781=CARTESIAN_POINT('',(1.382E1,-1.1375E-1,-2.462765932083E0));
#14782=DIRECTION('',(0.E0,-1.E0,0.E0));
#14783=DIRECTION('',(0.E0,0.E0,-1.E0));
#14784=AXIS2_PLACEMENT_3D('',#14781,#14782,#14783);
#14785=PLANE('',#14784);
#14786=ORIENTED_EDGE('',*,*,#8131,.F.);
#14788=ORIENTED_EDGE('',*,*,#14787,.T.);
#14790=ORIENTED_EDGE('',*,*,#14789,.T.);
#14791=ORIENTED_EDGE('',*,*,#14773,.F.);
#14792=EDGE_LOOP('',(#14786,#14788,#14790,#14791));
#14793=FACE_OUTER_BOUND('',#14792,.F.);
#14794=ADVANCED_FACE('',(#14793),#14785,.F.);
#14795=CARTESIAN_POINT('',(1.382E1,-2.7E-1,-2.648936197162E0));
#14796=DIRECTION('',(0.E0,7.659743427825E-1,-6.428711427642E-1));
#14797=DIRECTION('',(0.E0,6.428711427642E-1,7.659743427825E-1));
#14798=AXIS2_PLACEMENT_3D('',#14795,#14796,#14797);
#14799=PLANE('',#14798);
#14800=ORIENTED_EDGE('',*,*,#8129,.F.);
#14802=ORIENTED_EDGE('',*,*,#14801,.T.);
#14804=ORIENTED_EDGE('',*,*,#14803,.T.);
#14805=ORIENTED_EDGE('',*,*,#14787,.F.);
#14806=EDGE_LOOP('',(#14800,#14802,#14804,#14805));
#14807=FACE_OUTER_BOUND('',#14806,.F.);
#14808=ADVANCED_FACE('',(#14807),#14799,.F.);
#14809=CARTESIAN_POINT('',(1.382E1,-2.7E-1,-2.436170190573E0));
#14810=DIRECTION('',(0.E0,-1.E0,0.E0));
#14811=DIRECTION('',(0.E0,0.E0,-1.E0));
#14812=AXIS2_PLACEMENT_3D('',#14809,#14810,#14811);
#14813=PLANE('',#14812);
#14814=ORIENTED_EDGE('',*,*,#8127,.F.);
#14816=ORIENTED_EDGE('',*,*,#14815,.T.);
#14818=ORIENTED_EDGE('',*,*,#14817,.T.);
#14819=ORIENTED_EDGE('',*,*,#14801,.F.);
#14820=EDGE_LOOP('',(#14814,#14816,#14818,#14819));
#14821=FACE_OUTER_BOUND('',#14820,.F.);
#14822=ADVANCED_FACE('',(#14821),#14813,.F.);
#14823=CARTESIAN_POINT('',(1.382E1,-1.1375E-1,-2.25E0));
#14824=DIRECTION('',(0.E0,-7.659742160926E-1,6.428712937139E-1));
#14825=DIRECTION('',(0.E0,-6.428712937139E-1,-7.659742160926E-1));
#14826=AXIS2_PLACEMENT_3D('',#14823,#14824,#14825);
#14827=PLANE('',#14826);
#14828=ORIENTED_EDGE('',*,*,#8125,.F.);
#14830=ORIENTED_EDGE('',*,*,#14829,.T.);
#14832=ORIENTED_EDGE('',*,*,#14831,.T.);
#14833=ORIENTED_EDGE('',*,*,#14815,.F.);
#14834=EDGE_LOOP('',(#14828,#14830,#14832,#14833));
#14835=FACE_OUTER_BOUND('',#14834,.F.);
#14836=ADVANCED_FACE('',(#14835),#14827,.F.);
#14837=CARTESIAN_POINT('',(1.382E1,4.25E-2,-2.25E0));
#14838=DIRECTION('',(0.E0,0.E0,1.E0));
#14839=DIRECTION('',(0.E0,-1.E0,0.E0));
#14840=AXIS2_PLACEMENT_3D('',#14837,#14838,#14839);
#14841=PLANE('',#14840);
#14842=ORIENTED_EDGE('',*,*,#8123,.F.);
#14843=ORIENTED_EDGE('',*,*,#14762,.T.);
#14845=ORIENTED_EDGE('',*,*,#14844,.T.);
#14846=ORIENTED_EDGE('',*,*,#14829,.F.);
#14847=EDGE_LOOP('',(#14842,#14843,#14845,#14846));
#14848=FACE_OUTER_BOUND('',#14847,.F.);
#14849=ADVANCED_FACE('',(#14848),#14841,.F.);
#14850=CARTESIAN_POINT('',(1.377E1,0.E0,0.E0));
#14851=DIRECTION('',(1.E0,0.E0,0.E0));
#14852=DIRECTION('',(0.E0,-1.E0,0.E0));
#14853=AXIS2_PLACEMENT_3D('',#14850,#14851,#14852);
#14854=PLANE('',#14853);
#14855=ORIENTED_EDGE('',*,*,#14760,.F.);
#14856=ORIENTED_EDGE('',*,*,#14775,.F.);
#14857=ORIENTED_EDGE('',*,*,#14789,.F.);
#14858=ORIENTED_EDGE('',*,*,#14803,.F.);
#14859=ORIENTED_EDGE('',*,*,#14817,.F.);
#14860=ORIENTED_EDGE('',*,*,#14831,.F.);
#14861=ORIENTED_EDGE('',*,*,#14844,.F.);
#14862=EDGE_LOOP('',(#14855,#14856,#14857,#14858,#14859,#14860,#14861));
#14863=FACE_OUTER_BOUND('',#14862,.F.);
#14864=ADVANCED_FACE('',(#14863),#14854,.T.);
#14865=CARTESIAN_POINT('',(-1.382E1,-1.93E0,1.65E0));
#14866=DIRECTION('',(0.E0,0.E0,-1.E0));
#14867=DIRECTION('',(1.E0,0.E0,0.E0));
#14868=AXIS2_PLACEMENT_3D('',#14865,#14866,#14867);
#14869=PLANE('',#14868);
#14870=ORIENTED_EDGE('',*,*,#7637,.F.);
#14871=ORIENTED_EDGE('',*,*,#7687,.T.);
#14872=ORIENTED_EDGE('',*,*,#7530,.T.);
#14873=EDGE_LOOP('',(#14870,#14871,#14872));
#14874=FACE_OUTER_BOUND('',#14873,.F.);
#14875=ADVANCED_FACE('',(#14874),#14869,.F.);
#14876=CLOSED_SHELL('',(#7100,#7128,#7147,#7163,#7179,#7195,#7213,#7233,#7253,
#7273,#7293,#7313,#7332,#7352,#7370,#7417,#7446,#7476,#7497,#7509,#7548,#7585,
#7599,#7613,#7628,#7672,#7692,#7719,#7743,#7756,#7769,#7781,#7794,#7807,#7820,
#7833,#7863,#7877,#7891,#7906,#7921,#7936,#7951,#7966,#7981,#7996,#8014,#8031,
#8045,#8059,#8072,#8085,#8137,#8152,#8166,#8179,#8193,#8207,#8219,#8233,#8246,
#8362,#8377,#8391,#8405,#8418,#8440,#8467,#8495,#8523,#8551,#8579,#8607,#8633,
#8647,#8660,#8673,#8686,#8698,#8712,#8725,#8738,#8751,#8763,#8777,#8790,#8803,
#8816,#8828,#8842,#8855,#8868,#8881,#8893,#8907,#8920,#8933,#8946,#8958,#8972,
#8985,#8998,#9011,#9023,#9037,#9050,#9063,#9075,#9102,#9122,#9137,#9151,#9166,
#9179,#9193,#9207,#9224,#9239,#9259,#9274,#9294,#9309,#9329,#9344,#9364,#9379,
#9399,#9413,#9432,#9447,#9462,#9482,#9500,#9513,#9527,#9543,#9562,#9581,#9600,
#9619,#9638,#9656,#9675,#9692,#9705,#9719,#9735,#9754,#9773,#9792,#9811,#9830,
#9848,#9867,#9884,#9896,#9909,#9922,#9936,#9950,#9964,#9978,#9992,#10005,#10019,
#10033,#10064,#10077,#10090,#10105,#10120,#10135,#10150,#10165,#10180,#10195,
#10210,#10225,#10238,#10251,#10266,#10281,#10296,#10311,#10326,#10341,#10356,
#10371,#10386,#10469,#10485,#10501,#10521,#10540,#10558,#10579,#10598,#10613,
#10630,#10650,#10669,#10684,#10701,#10717,#10730,#10743,#10757,#10771,#10785,
#10802,#10927,#10957,#10984,#11006,#11028,#11042,#11063,#11085,#11098,#11111,
#11124,#11137,#11149,#11162,#11175,#11188,#11201,#11214,#11226,#11252,#11266,
#11280,#11295,#11308,#11320,#11334,#11346,#11358,#11371,#11384,#11397,#11409,
#11424,#11440,#11459,#11477,#11491,#11507,#11526,#11542,#11563,#11581,#11596,
#11612,#11627,#11640,#11653,#11665,#11679,#11694,#11708,#11723,#11736,#11748,
#11760,#11775,#11788,#11801,#11813,#11829,#11848,#11863,#11882,#11897,#11916,
#11931,#11943,#11956,#11973,#11988,#12008,#12027,#12041,#12057,#12076,#12095,
#12109,#12124,#12139,#12152,#12165,#12178,#12192,#12207,#12222,#12234,#12248,
#12261,#12273,#12289,#12308,#12323,#12342,#12357,#12376,#12391,#12403,#12416,
#12433,#12448,#12468,#12487,#12501,#12517,#12536,#12555,#12569,#12584,#12599,
#12612,#12625,#12638,#12652,#12667,#12682,#12694,#12708,#12721,#12733,#12749,
#12768,#12783,#12802,#12817,#12836,#12851,#12863,#12876,#12893,#12908,#12928,
#12947,#12961,#12977,#12996,#13015,#13029,#13044,#13059,#13072,#13085,#13098,
#13112,#13127,#13142,#13154,#13168,#13181,#13193,#13209,#13228,#13243,#13262,
#13277,#13296,#13311,#13323,#13336,#13353,#13368,#13388,#13407,#13421,#13437,
#13456,#13475,#13489,#13504,#13519,#13532,#13545,#13558,#13572,#13587,#13602,
#13614,#13628,#13641,#13653,#13668,#13684,#13703,#13722,#13736,#13752,#13771,
#13788,#13809,#13827,#13842,#13858,#13878,#13896,#13911,#13927,#13942,#13955,
#13967,#13979,#13994,#14009,#14022,#14036,#14048,#14060,#14075,#14088,#14101,
#14113,#14128,#14144,#14163,#14181,#14195,#14211,#14230,#14246,#14267,#14284,
#14299,#14314,#14326,#14339,#14354,#14367,#14382,#14397,#14409,#14424,#14439,
#14452,#14466,#14478,#14490,#14502,#14517,#14530,#14543,#14555,#14570,#14585,
#14598,#14612,#14624,#14636,#14657,#14669,#14681,#14693,#14706,#14726,#14739,
#14751,#14766,#14780,#14794,#14808,#14822,#14836,#14849,#14864,#14875));
#14877=MANIFOLD_SOLID_BREP('',#14876);
#14878=DIRECTION('',(0.E0,0.E0,-1.E0));
#14879=VECTOR('',#14878,2.45E0);
#14880=CARTESIAN_POINT('',(-1.3E0,1.935E0,4.4E0));
#14881=LINE('',#14880,#14879);
#14882=CARTESIAN_POINT('',(-1.3E0,2.435E0,1.95E0));
#14883=DIRECTION('',(-1.E0,0.E0,0.E0));
#14884=DIRECTION('',(0.E0,-1.E0,0.E0));
#14885=AXIS2_PLACEMENT_3D('',#14882,#14883,#14884);
#14887=DIRECTION('',(0.E0,1.E0,0.E0));
#14888=VECTOR('',#14887,7.E-1);
#14889=CARTESIAN_POINT('',(-1.3E0,2.435E0,2.45E0));
#14890=LINE('',#14889,#14888);
#14891=DIRECTION('',(0.E0,0.E0,1.E0));
#14892=VECTOR('',#14891,7.5E-1);
#14893=CARTESIAN_POINT('',(-1.3E0,3.135E0,2.45E0));
#14894=LINE('',#14893,#14892);
#14895=DIRECTION('',(0.E0,-7.071067811865E-1,7.071067811865E-1));
#14896=VECTOR('',#14895,1.697056274848E0);
#14897=CARTESIAN_POINT('',(-1.3E0,3.135E0,3.2E0));
#14898=LINE('',#14897,#14896);
#14899=DIRECTION('',(1.E0,0.E0,0.E0));
#14900=VECTOR('',#14899,2.6E0);
#14901=CARTESIAN_POINT('',(-1.3E0,1.935E0,4.4E0));
#14902=LINE('',#14901,#14900);
#14903=DIRECTION('',(1.E0,0.E0,0.E0));
#14904=VECTOR('',#14903,2.6E0);
#14905=CARTESIAN_POINT('',(-1.3E0,3.135E0,3.2E0));
#14906=LINE('',#14905,#14904);
#14907=DIRECTION('',(1.E0,0.E0,0.E0));
#14908=VECTOR('',#14907,2.6E0);
#14909=CARTESIAN_POINT('',(-1.3E0,3.135E0,2.45E0));
#14910=LINE('',#14909,#14908);
#14911=DIRECTION('',(1.E0,0.E0,0.E0));
#14912=VECTOR('',#14911,2.6E0);
#14913=CARTESIAN_POINT('',(-1.3E0,2.435E0,2.45E0));
#14914=LINE('',#14913,#14912);
#14915=DIRECTION('',(1.E0,0.E0,0.E0));
#14916=VECTOR('',#14915,2.6E0);
#14917=CARTESIAN_POINT('',(-1.3E0,1.935E0,1.95E0));
#14918=LINE('',#14917,#14916);
#14919=DIRECTION('',(0.E0,0.E0,-1.E0));
#14920=VECTOR('',#14919,2.45E0);
#14921=CARTESIAN_POINT('',(1.3E0,1.935E0,4.4E0));
#14922=LINE('',#14921,#14920);
#14923=DIRECTION('',(0.E0,-7.071067811865E-1,7.071067811865E-1));
#14924=VECTOR('',#14923,1.697056274848E0);
#14925=CARTESIAN_POINT('',(1.3E0,3.135E0,3.2E0));
#14926=LINE('',#14925,#14924);
#14927=DIRECTION('',(0.E0,0.E0,1.E0));
#14928=VECTOR('',#14927,7.5E-1);
#14929=CARTESIAN_POINT('',(1.3E0,3.135E0,2.45E0));
#14930=LINE('',#14929,#14928);
#14931=DIRECTION('',(0.E0,1.E0,0.E0));
#14932=VECTOR('',#14931,7.E-1);
#14933=CARTESIAN_POINT('',(1.3E0,2.435E0,2.45E0));
#14934=LINE('',#14933,#14932);
#14935=CARTESIAN_POINT('',(1.3E0,2.435E0,1.95E0));
#14936=DIRECTION('',(-1.E0,0.E0,0.E0));
#14937=DIRECTION('',(0.E0,-1.E0,0.E0));
#14938=AXIS2_PLACEMENT_3D('',#14935,#14936,#14937);
#14940=CARTESIAN_POINT('',(-1.3E0,1.935E0,4.4E0));
#14941=CARTESIAN_POINT('',(-1.3E0,1.935E0,1.95E0));
#14942=VERTEX_POINT('',#14940);
#14943=VERTEX_POINT('',#14941);
#14944=CARTESIAN_POINT('',(-1.3E0,2.435E0,2.45E0));
#14945=VERTEX_POINT('',#14944);
#14946=CARTESIAN_POINT('',(-1.3E0,3.135E0,2.45E0));
#14947=VERTEX_POINT('',#14946);
#14948=CARTESIAN_POINT('',(-1.3E0,3.135E0,3.2E0));
#14949=VERTEX_POINT('',#14948);
#14950=CARTESIAN_POINT('',(1.3E0,1.935E0,4.4E0));
#14951=CARTESIAN_POINT('',(1.3E0,1.935E0,1.95E0));
#14952=VERTEX_POINT('',#14950);
#14953=VERTEX_POINT('',#14951);
#14954=CARTESIAN_POINT('',(1.3E0,2.435E0,2.45E0));
#14955=VERTEX_POINT('',#14954);
#14956=CARTESIAN_POINT('',(1.3E0,3.135E0,2.45E0));
#14957=VERTEX_POINT('',#14956);
#14958=CARTESIAN_POINT('',(1.3E0,3.135E0,3.2E0));
#14959=VERTEX_POINT('',#14958);
#14960=CARTESIAN_POINT('',(-1.3E0,0.E0,0.E0));
#14961=DIRECTION('',(1.E0,0.E0,0.E0));
#14962=DIRECTION('',(0.E0,0.E0,-1.E0));
#14963=AXIS2_PLACEMENT_3D('',#14960,#14961,#14962);
#14964=PLANE('',#14963);
#14966=ORIENTED_EDGE('',*,*,#14965,.T.);
#14968=ORIENTED_EDGE('',*,*,#14967,.T.);
#14970=ORIENTED_EDGE('',*,*,#14969,.T.);
#14972=ORIENTED_EDGE('',*,*,#14971,.T.);
#14974=ORIENTED_EDGE('',*,*,#14973,.T.);
#14975=EDGE_LOOP('',(#14966,#14968,#14970,#14972,#14974));
#14976=FACE_OUTER_BOUND('',#14975,.F.);
#14977=ADVANCED_FACE('',(#14976),#14964,.F.);
#14978=CARTESIAN_POINT('',(-1.3E0,1.935E0,4.4E0));
#14979=DIRECTION('',(0.E0,-1.E0,0.E0));
#14980=DIRECTION('',(0.E0,0.E0,-1.E0));
#14981=AXIS2_PLACEMENT_3D('',#14978,#14979,#14980);
#14982=PLANE('',#14981);
#14983=ORIENTED_EDGE('',*,*,#14965,.F.);
#14985=ORIENTED_EDGE('',*,*,#14984,.T.);
#14987=ORIENTED_EDGE('',*,*,#14986,.T.);
#14989=ORIENTED_EDGE('',*,*,#14988,.F.);
#14990=EDGE_LOOP('',(#14983,#14985,#14987,#14989));
#14991=FACE_OUTER_BOUND('',#14990,.F.);
#14992=ADVANCED_FACE('',(#14991),#14982,.T.);
#14993=CARTESIAN_POINT('',(-1.3E0,3.135E0,3.2E0));
#14994=DIRECTION('',(0.E0,7.071067811865E-1,7.071067811865E-1));
#14995=DIRECTION('',(0.E0,-7.071067811865E-1,7.071067811865E-1));
#14996=AXIS2_PLACEMENT_3D('',#14993,#14994,#14995);
#14997=PLANE('',#14996);
#14998=ORIENTED_EDGE('',*,*,#14973,.F.);
#15000=ORIENTED_EDGE('',*,*,#14999,.T.);
#15002=ORIENTED_EDGE('',*,*,#15001,.T.);
#15003=ORIENTED_EDGE('',*,*,#14984,.F.);
#15004=EDGE_LOOP('',(#14998,#15000,#15002,#15003));
#15005=FACE_OUTER_BOUND('',#15004,.F.);
#15006=ADVANCED_FACE('',(#15005),#14997,.T.);
#15007=CARTESIAN_POINT('',(-1.3E0,3.135E0,2.45E0));
#15008=DIRECTION('',(0.E0,1.E0,0.E0));
#15009=DIRECTION('',(0.E0,0.E0,1.E0));
#15010=AXIS2_PLACEMENT_3D('',#15007,#15008,#15009);
#15011=PLANE('',#15010);
#15012=ORIENTED_EDGE('',*,*,#14971,.F.);
#15014=ORIENTED_EDGE('',*,*,#15013,.T.);
#15016=ORIENTED_EDGE('',*,*,#15015,.T.);
#15017=ORIENTED_EDGE('',*,*,#14999,.F.);
#15018=EDGE_LOOP('',(#15012,#15014,#15016,#15017));
#15019=FACE_OUTER_BOUND('',#15018,.F.);
#15020=ADVANCED_FACE('',(#15019),#15011,.T.);
#15021=CARTESIAN_POINT('',(-1.3E0,2.435E0,2.45E0));
#15022=DIRECTION('',(0.E0,0.E0,-1.E0));
#15023=DIRECTION('',(0.E0,1.E0,0.E0));
#15024=AXIS2_PLACEMENT_3D('',#15021,#15022,#15023);
#15025=PLANE('',#15024);
#15026=ORIENTED_EDGE('',*,*,#14969,.F.);
#15028=ORIENTED_EDGE('',*,*,#15027,.T.);
#15030=ORIENTED_EDGE('',*,*,#15029,.T.);
#15031=ORIENTED_EDGE('',*,*,#15013,.F.);
#15032=EDGE_LOOP('',(#15026,#15028,#15030,#15031));
#15033=FACE_OUTER_BOUND('',#15032,.F.);
#15034=ADVANCED_FACE('',(#15033),#15025,.T.);
#15035=CARTESIAN_POINT('',(-1.3E0,2.435E0,1.95E0));
#15036=DIRECTION('',(1.E0,0.E0,0.E0));
#15037=DIRECTION('',(0.E0,0.E0,-1.E0));
#15038=AXIS2_PLACEMENT_3D('',#15035,#15036,#15037);
#15039=CYLINDRICAL_SURFACE('',#15038,5.E-1);
#15040=ORIENTED_EDGE('',*,*,#14967,.F.);
#15041=ORIENTED_EDGE('',*,*,#14988,.T.);
#15043=ORIENTED_EDGE('',*,*,#15042,.T.);
#15044=ORIENTED_EDGE('',*,*,#15027,.F.);
#15045=EDGE_LOOP('',(#15040,#15041,#15043,#15044));
#15046=FACE_OUTER_BOUND('',#15045,.F.);
#15047=ADVANCED_FACE('',(#15046),#15039,.F.);
#15048=CARTESIAN_POINT('',(1.3E0,0.E0,0.E0));
#15049=DIRECTION('',(1.E0,0.E0,0.E0));
#15050=DIRECTION('',(0.E0,0.E0,-1.E0));
#15051=AXIS2_PLACEMENT_3D('',#15048,#15049,#15050);
#15052=PLANE('',#15051);
#15053=ORIENTED_EDGE('',*,*,#14986,.F.);
#15054=ORIENTED_EDGE('',*,*,#15001,.F.);
#15055=ORIENTED_EDGE('',*,*,#15015,.F.);
#15056=ORIENTED_EDGE('',*,*,#15029,.F.);
#15057=ORIENTED_EDGE('',*,*,#15042,.F.);
#15058=EDGE_LOOP('',(#15053,#15054,#15055,#15056,#15057));
#15059=FACE_OUTER_BOUND('',#15058,.F.);
#15060=ADVANCED_FACE('',(#15059),#15052,.T.);
#15061=CLOSED_SHELL('',(#14977,#14992,#15006,#15020,#15034,#15047,#15060));
#15062=MANIFOLD_SOLID_BREP('',#15061);
#15063=CARTESIAN_POINT('',(0.E0,0.E0,0.E0));
#15064=DIRECTION('',(0.E0,0.E0,1.E0));
#15065=DIRECTION('',(1.E0,0.E0,0.E0));
#15066=AXIS2_PLACEMENT_3D('CSYS',#15063,#15064,#15065);
#15067=DIRECTION('',(0.E0,0.E0,-1.E0));
#15068=VECTOR('',#15067,2.92E0);
#15069=CARTESIAN_POINT('',(9.865E0,-2.47E0,-3.66E0));
#15070=LINE('',#15069,#15068);
#15073=DIRECTION('',(1.E0,0.E0,0.E0));
#15074=VECTOR('',#15073,1.27E0);
#15075=CARTESIAN_POINT('',(9.865E0,-2.47E0,-6.58E0));
#15076=LINE('',#15075,#15074);
#15079=DIRECTION('',(0.E0,0.E0,1.E0));
#15080=VECTOR('',#15079,2.92E0);
#15081=CARTESIAN_POINT('',(1.1135E1,-2.47E0,-6.58E0));
#15082=LINE('',#15081,#15080);
#15085=DIRECTION('',(-1.E0,0.E0,0.E0));
#15086=VECTOR('',#15085,1.27E0);
#15087=CARTESIAN_POINT('',(1.1135E1,-2.47E0,-3.66E0));
#15088=LINE('',#15087,#15086);
#15093=DIRECTION('',(0.E0,0.E0,-1.E0));
#15094=VECTOR('',#15093,2.92E0);
#15095=CARTESIAN_POINT('',(6.865E0,-2.47E0,-3.66E0));
#15096=LINE('',#15095,#15094);
#15099=DIRECTION('',(1.E0,0.E0,0.E0));
#15100=VECTOR('',#15099,1.27E0);
#15101=CARTESIAN_POINT('',(6.865E0,-2.47E0,-6.58E0));
#15102=LINE('',#15101,#15100);
#15105=DIRECTION('',(0.E0,0.E0,1.E0));
#15106=VECTOR('',#15105,2.92E0);
#15107=CARTESIAN_POINT('',(8.135E0,-2.47E0,-6.58E0));
#15108=LINE('',#15107,#15106);
#15111=DIRECTION('',(-1.E0,0.E0,0.E0));
#15112=VECTOR('',#15111,1.27E0);
#15113=CARTESIAN_POINT('',(8.135E0,-2.47E0,-3.66E0));
#15114=LINE('',#15113,#15112);
#15118=DIRECTION('',(0.E0,0.E0,-1.E0));
#15119=VECTOR('',#15118,2.92E0);
#15120=CARTESIAN_POINT('',(3.865E0,-2.47E0,-3.66E0));
#15121=LINE('',#15120,#15119);
#15124=DIRECTION('',(1.E0,0.E0,0.E0));
#15125=VECTOR('',#15124,1.27E0);
#15126=CARTESIAN_POINT('',(3.865E0,-2.47E0,-6.58E0));
#15127=LINE('',#15126,#15125);
#15130=DIRECTION('',(0.E0,0.E0,1.E0));
#15131=VECTOR('',#15130,2.92E0);
#15132=CARTESIAN_POINT('',(5.135E0,-2.47E0,-6.58E0));
#15133=LINE('',#15132,#15131);
#15136=DIRECTION('',(-1.E0,0.E0,0.E0));
#15137=VECTOR('',#15136,1.27E0);
#15138=CARTESIAN_POINT('',(5.135E0,-2.47E0,-3.66E0));
#15139=LINE('',#15138,#15137);
#15143=DIRECTION('',(0.E0,0.E0,-1.E0));
#15144=VECTOR('',#15143,2.92E0);
#15145=CARTESIAN_POINT('',(8.65E-1,-2.47E0,-3.66E0));
#15146=LINE('',#15145,#15144);
#15149=DIRECTION('',(1.E0,0.E0,0.E0));
#15150=VECTOR('',#15149,1.27E0);
#15151=CARTESIAN_POINT('',(8.65E-1,-2.47E0,-6.58E0));
#15152=LINE('',#15151,#15150);
#15155=DIRECTION('',(0.E0,0.E0,1.E0));
#15156=VECTOR('',#15155,2.92E0);
#15157=CARTESIAN_POINT('',(2.135E0,-2.47E0,-6.58E0));
#15158=LINE('',#15157,#15156);
#15161=DIRECTION('',(-1.E0,0.E0,0.E0));
#15162=VECTOR('',#15161,1.27E0);
#15163=CARTESIAN_POINT('',(2.135E0,-2.47E0,-3.66E0));
#15164=LINE('',#15163,#15162);
#15168=DIRECTION('',(0.E0,0.E0,-1.E0));
#15169=VECTOR('',#15168,2.92E0);
#15170=CARTESIAN_POINT('',(-2.135E0,-2.47E0,-3.66E0));
#15171=LINE('',#15170,#15169);
#15174=DIRECTION('',(1.E0,0.E0,0.E0));
#15175=VECTOR('',#15174,1.27E0);
#15176=CARTESIAN_POINT('',(-2.135E0,-2.47E0,-6.58E0));
#15177=LINE('',#15176,#15175);
#15180=DIRECTION('',(0.E0,0.E0,1.E0));
#15181=VECTOR('',#15180,2.92E0);
#15182=CARTESIAN_POINT('',(-8.65E-1,-2.47E0,-6.58E0));
#15183=LINE('',#15182,#15181);
#15186=DIRECTION('',(-1.E0,0.E0,0.E0));
#15187=VECTOR('',#15186,1.27E0);
#15188=CARTESIAN_POINT('',(-8.65E-1,-2.47E0,-3.66E0));
#15189=LINE('',#15188,#15187);
#15193=DIRECTION('',(0.E0,0.E0,-1.E0));
#15194=VECTOR('',#15193,2.92E0);
#15195=CARTESIAN_POINT('',(-5.135E0,-2.47E0,-3.66E0));
#15196=LINE('',#15195,#15194);
#15199=DIRECTION('',(1.E0,0.E0,0.E0));
#15200=VECTOR('',#15199,1.27E0);
#15201=CARTESIAN_POINT('',(-5.135E0,-2.47E0,-6.58E0));
#15202=LINE('',#15201,#15200);
#15205=DIRECTION('',(0.E0,0.E0,1.E0));
#15206=VECTOR('',#15205,2.92E0);
#15207=CARTESIAN_POINT('',(-3.865E0,-2.47E0,-6.58E0));
#15208=LINE('',#15207,#15206);
#15211=DIRECTION('',(-1.E0,0.E0,0.E0));
#15212=VECTOR('',#15211,1.27E0);
#15213=CARTESIAN_POINT('',(-3.865E0,-2.47E0,-3.66E0));
#15214=LINE('',#15213,#15212);
#15218=DIRECTION('',(0.E0,0.E0,-1.E0));
#15219=VECTOR('',#15218,2.92E0);
#15220=CARTESIAN_POINT('',(-8.135E0,-2.47E0,-3.66E0));
#15221=LINE('',#15220,#15219);
#15224=DIRECTION('',(1.E0,0.E0,0.E0));
#15225=VECTOR('',#15224,1.27E0);
#15226=CARTESIAN_POINT('',(-8.135E0,-2.47E0,-6.58E0));
#15227=LINE('',#15226,#15225);
#15230=DIRECTION('',(0.E0,0.E0,1.E0));
#15231=VECTOR('',#15230,2.92E0);
#15232=CARTESIAN_POINT('',(-6.865E0,-2.47E0,-6.58E0));
#15233=LINE('',#15232,#15231);
#15236=DIRECTION('',(-1.E0,0.E0,0.E0));
#15237=VECTOR('',#15236,1.27E0);
#15238=CARTESIAN_POINT('',(-6.865E0,-2.47E0,-3.66E0));
#15239=LINE('',#15238,#15237);
#15243=DIRECTION('',(0.E0,0.E0,-1.E0));
#15244=VECTOR('',#15243,2.92E0);
#15245=CARTESIAN_POINT('',(-1.1135E1,-2.47E0,-3.66E0));
#15246=LINE('',#15245,#15244);
#15249=DIRECTION('',(1.E0,0.E0,0.E0));
#15250=VECTOR('',#15249,1.27E0);
#15251=CARTESIAN_POINT('',(-1.1135E1,-2.47E0,-6.58E0));
#15252=LINE('',#15251,#15250);
#15255=DIRECTION('',(0.E0,0.E0,1.E0));
#15256=VECTOR('',#15255,2.92E0);
#15257=CARTESIAN_POINT('',(-9.865E0,-2.47E0,-6.58E0));
#15258=LINE('',#15257,#15256);
#15261=DIRECTION('',(-1.E0,0.E0,0.E0));
#15262=VECTOR('',#15261,1.27E0);
#15263=CARTESIAN_POINT('',(-9.865E0,-2.47E0,-3.66E0));
#15264=LINE('',#15263,#15262);
#15268=DIRECTION('',(0.E0,0.E0,-1.E0));
#15269=VECTOR('',#15268,1.65E0);
#15270=CARTESIAN_POINT('',(-1.61E1,-2.47E0,1.175E0));
#15271=LINE('',#15270,#15269);
#15274=DIRECTION('',(1.E0,0.E0,0.E0));
#15275=VECTOR('',#15274,3.43E0);
#15276=CARTESIAN_POINT('',(-1.61E1,-2.47E0,-4.75E-1));
#15277=LINE('',#15276,#15275);
#15280=DIRECTION('',(0.E0,0.E0,1.E0));
#15281=VECTOR('',#15280,1.65E0);
#15282=CARTESIAN_POINT('',(-1.267E1,-2.47E0,-4.75E-1));
#15283=LINE('',#15282,#15281);
#15286=DIRECTION('',(-1.E0,0.E0,0.E0));
#15287=VECTOR('',#15286,3.43E0);
#15288=CARTESIAN_POINT('',(-1.267E1,-2.47E0,1.175E0));
#15289=LINE('',#15288,#15287);
#15293=DIRECTION('',(-1.E0,0.E0,0.E0));
#15294=VECTOR('',#15293,3.43E0);
#15295=CARTESIAN_POINT('',(1.61E1,-2.47E0,1.175E0));
#15296=LINE('',#15295,#15294);
#15299=DIRECTION('',(0.E0,0.E0,-1.E0));
#15300=VECTOR('',#15299,1.65E0);
#15301=CARTESIAN_POINT('',(1.267E1,-2.47E0,1.175E0));
#15302=LINE('',#15301,#15300);
#15305=DIRECTION('',(1.E0,0.E0,0.E0));
#15306=VECTOR('',#15305,3.43E0);
#15307=CARTESIAN_POINT('',(1.267E1,-2.47E0,-4.75E-1));
#15308=LINE('',#15307,#15306);
#15311=DIRECTION('',(0.E0,0.E0,1.E0));
#15312=VECTOR('',#15311,1.65E0);
#15313=CARTESIAN_POINT('',(1.61E1,-2.47E0,-4.75E-1));
#15314=LINE('',#15313,#15312);
#15319=DIMENSIONAL_EXPONENTS(0.E0,0.E0,0.E0,0.E0,0.E0,0.E0,0.E0);
#15321=PLANE_ANGLE_MEASURE_WITH_UNIT(PLANE_ANGLE_MEASURE(1.745329251994E-2),
#15320);
#15322=(CONVERSION_BASED_UNIT('DEGREE',#15321)NAMED_UNIT(*)PLANE_ANGLE_UNIT());
#15324=UNCERTAINTY_MEASURE_WITH_UNIT(LENGTH_MEASURE(1.E-3),#15318,'closure',
'Maximum model space distance between geometric entities at asserted connectivities');
#15325=(GEOMETRIC_REPRESENTATION_CONTEXT(3)GLOBAL_UNCERTAINTY_ASSIGNED_CONTEXT((
#15324))GLOBAL_UNIT_ASSIGNED_CONTEXT((#15318,#15322,#15323))REPRESENTATION_CONTEXT('ID1','3'));
#15092=GEOMETRIC_SET('',(#15091,#15117,#15142,#15167,#15192,#15217,#15242,
#15267,#15292,#15317));
#15329=SHAPE_REPRESENTATION_RELATIONSHIP('','',#15328,#15326);
#15330=SHAPE_REPRESENTATION_RELATIONSHIP('','',#15328,#15327);
#15331=APPLICATION_CONTEXT(
'CONFIGURATION CONTROLLED 3D DESIGNS OF MECHANICAL PARTS AND ASSEMBLIES');
#15332=APPLICATION_PROTOCOL_DEFINITION('international standard',
'config_control_design',1994,#15331);
#15333=DESIGN_CONTEXT('',#15331,'design');
#15334=MECHANICAL_CONTEXT('',#15331,'mechanical');
#15335=PRODUCT('436500812','436500812','NOT SPECIFIED',(#15334));
#15336=PRODUCT_DEFINITION_FORMATION_WITH_SPECIFIED_SOURCE('1','LAST_VERSION',
#15335,.MADE.);
#15340=PRODUCT_CATEGORY('part','');
#15341=PRODUCT_RELATED_PRODUCT_CATEGORY('detail','',(#15335));
#15342=PRODUCT_CATEGORY_RELATIONSHIP('','',#15340,#15341);
#15343=SECURITY_CLASSIFICATION_LEVEL('unclassified');
#15344=SECURITY_CLASSIFICATION('','',#15343);
#15345=CC_DESIGN_SECURITY_CLASSIFICATION(#15344,(#15336));
#15346=APPROVAL_STATUS('approved');
#15347=APPROVAL(#15346,'');
#15348=CC_DESIGN_APPROVAL(#15347,(#15344,#15336,#15337));
#15349=CALENDAR_DATE(120,20,10);
#15350=COORDINATED_UNIVERSAL_TIME_OFFSET(5,30,.AHEAD.);
#15351=LOCAL_TIME(15,3,1.2E1,#15350);
#15352=DATE_AND_TIME(#15349,#15351);
#15353=APPROVAL_DATE_TIME(#15352,#15347);
#15354=DATE_TIME_ROLE('creation_date');
#15355=CC_DESIGN_DATE_AND_TIME_ASSIGNMENT(#15352,#15354,(#15337));
#15356=DATE_TIME_ROLE('classification_date');
#15357=CC_DESIGN_DATE_AND_TIME_ASSIGNMENT(#15352,#15356,(#15344));
#15358=PERSON('UNSPECIFIED','UNSPECIFIED',$,$,$,$);
#15359=ORGANIZATION('UNSPECIFIED','UNSPECIFIED','UNSPECIFIED');
#15360=PERSON_AND_ORGANIZATION(#15358,#15359);
#15361=APPROVAL_ROLE('approver');
#15362=APPROVAL_PERSON_ORGANIZATION(#15360,#15347,#15361);
#15363=PERSON_AND_ORGANIZATION_ROLE('creator');
#15364=CC_DESIGN_PERSON_AND_ORGANIZATION_ASSIGNMENT(#15360,#15363,(#15336,
#15337));
#15365=PERSON_AND_ORGANIZATION_ROLE('design_supplier');
#15366=CC_DESIGN_PERSON_AND_ORGANIZATION_ASSIGNMENT(#15360,#15365,(#15336));
#15367=PERSON_AND_ORGANIZATION_ROLE('classification_officer');
#15368=CC_DESIGN_PERSON_AND_ORGANIZATION_ASSIGNMENT(#15360,#15367,(#15344));
#15369=PERSON_AND_ORGANIZATION_ROLE('design_owner');
#15370=CC_DESIGN_PERSON_AND_ORGANIZATION_ASSIGNMENT(#15360,#15369,(#15335));
#25=CIRCLE('',#24,2.5E-1);
#34=CIRCLE('',#33,3.2E-1);
#43=CIRCLE('',#42,8.9E-1);
#284=CIRCLE('',#283,2.5E-1);
#301=CIRCLE('',#300,6.5E-1);
#310=CIRCLE('',#309,2.5E-1);
#315=CIRCLE('',#314,2.5E-1);
#324=CIRCLE('',#323,6.5E-1);
#341=CIRCLE('',#340,2.5E-1);
#526=CIRCLE('',#525,2.5E-1);
#535=CIRCLE('',#534,6.5E-1);
#552=CIRCLE('',#551,2.5E-1);
#557=CIRCLE('',#556,2.5E-1);
#574=CIRCLE('',#573,6.5E-1);
#583=CIRCLE('',#582,2.5E-1);
#1572=CIRCLE('',#1571,2.5E-1);
#1581=CIRCLE('',#1580,3.2E-1);
#1590=CIRCLE('',#1589,8.9E-1);
#2859=CIRCLE('',#2858,2.5E-1);
#2876=CIRCLE('',#2875,8.9E-1);
#2905=CIRCLE('',#2904,8.9E-1);
#2914=CIRCLE('',#2913,3.2E-1);
#2923=CIRCLE('',#2922,2.5E-1);
#2960=CIRCLE('',#2959,2.5E-1);
#2969=CIRCLE('',#2968,3.2E-1);
#2978=CIRCLE('',#2977,8.9E-1);
#3023=CIRCLE('',#3022,2.5E-1);
#3044=CIRCLE('',#3043,8.9E-1);
#3333=CIRCLE('',#3332,2.5E-1);
#3350=CIRCLE('',#3349,6.5E-1);
#3355=CIRCLE('',#3354,6.5E-1);
#3372=CIRCLE('',#3371,2.5E-1);
#3381=CIRCLE('',#3380,6.5E-1);
#3398=CIRCLE('',#3397,2.5E-1);
#3411=CIRCLE('',#3410,2.5E-1);
#3428=CIRCLE('',#3427,6.5E-1);
#3597=CIRCLE('',#3596,2.5E-1);
#3618=CIRCLE('',#3617,8.9E-1);
#3631=CIRCLE('',#3630,2.5E-1);
#3652=CIRCLE('',#3651,8.9E-1);
#3677=CIRCLE('',#3676,8.9E-1);
#3686=CIRCLE('',#3685,3.2E-1);
#3695=CIRCLE('',#3694,2.5E-1);
#3808=CIRCLE('',#3807,8.9E-1);
#3821=CIRCLE('',#3820,2.5E-1);
#3842=CIRCLE('',#3841,8.9E-1);
#3847=CIRCLE('',#3846,2.5E-1);
#3892=CIRCLE('',#3891,2.5E-1);
#3901=CIRCLE('',#3900,3.2E-1);
#3910=CIRCLE('',#3909,8.9E-1);
#3947=CIRCLE('',#3946,8.9E-1);
#3956=CIRCLE('',#3955,3.2E-1);
#3965=CIRCLE('',#3964,2.5E-1);
#4058=CIRCLE('',#4057,8.9E-1);
#4071=CIRCLE('',#4070,2.5E-1);
#4092=CIRCLE('',#4091,8.9E-1);
#4097=CIRCLE('',#4096,2.5E-1);
#4142=CIRCLE('',#4141,2.5E-1);
#4151=CIRCLE('',#4150,3.2E-1);
#4160=CIRCLE('',#4159,8.9E-1);
#4197=CIRCLE('',#4196,8.9E-1);
#4206=CIRCLE('',#4205,3.2E-1);
#4215=CIRCLE('',#4214,2.5E-1);
#4308=CIRCLE('',#4307,8.9E-1);
#4321=CIRCLE('',#4320,2.5E-1);
#4342=CIRCLE('',#4341,8.9E-1);
#4347=CIRCLE('',#4346,2.5E-1);
#4392=CIRCLE('',#4391,2.5E-1);
#4401=CIRCLE('',#4400,3.2E-1);
#4410=CIRCLE('',#4409,8.9E-1);
#4447=CIRCLE('',#4446,8.9E-1);
#4456=CIRCLE('',#4455,3.2E-1);
#4465=CIRCLE('',#4464,2.5E-1);
#4558=CIRCLE('',#4557,8.9E-1);
#4571=CIRCLE('',#4570,2.5E-1);
#4592=CIRCLE('',#4591,8.9E-1);
#4597=CIRCLE('',#4596,2.5E-1);
#4642=CIRCLE('',#4641,2.5E-1);
#4651=CIRCLE('',#4650,3.2E-1);
#4660=CIRCLE('',#4659,8.9E-1);
#4697=CIRCLE('',#4696,8.9E-1);
#4706=CIRCLE('',#4705,3.2E-1);
#4715=CIRCLE('',#4714,2.5E-1);
#4796=CIRCLE('',#4795,2.5E-1);
#4817=CIRCLE('',#4816,8.9E-1);
#4834=CIRCLE('',#4833,2.5E-1);
#4851=CIRCLE('',#4850,8.9E-1);
#4876=CIRCLE('',#4875,8.9E-1);
#4885=CIRCLE('',#4884,3.2E-1);
#4894=CIRCLE('',#4893,2.5E-1);
#4931=CIRCLE('',#4930,2.5E-1);
#4940=CIRCLE('',#4939,3.2E-1);
#4949=CIRCLE('',#4948,8.9E-1);
#5046=CIRCLE('',#5045,2.5E-1);
#5067=CIRCLE('',#5066,8.9E-1);
#5084=CIRCLE('',#5083,2.5E-1);
#5101=CIRCLE('',#5100,8.9E-1);
#5126=CIRCLE('',#5125,8.9E-1);
#5135=CIRCLE('',#5134,3.2E-1);
#5144=CIRCLE('',#5143,2.5E-1);
#7090=EDGE_CURVE('',#6634,#6636,#34,.T.);
#7092=EDGE_CURVE('',#6636,#6644,#5232,.T.);
#7094=EDGE_CURVE('',#6642,#6644,#5135,.T.);
#7096=EDGE_CURVE('',#6634,#6642,#4,.T.);
#7106=EDGE_CURVE('',#6657,#6658,#207,.T.);
#7108=EDGE_CURVE('',#6658,#6664,#1870,.T.);
#7110=EDGE_CURVE('',#6701,#6664,#2062,.T.);
#7112=EDGE_CURVE('',#6653,#6701,#8,.T.);
#7114=EDGE_CURVE('',#6698,#6653,#12,.T.);
#7116=EDGE_CURVE('',#6980,#6698,#2262,.T.);
#7118=EDGE_CURVE('',#6980,#6976,#2354,.T.);
#7120=EDGE_CURVE('',#6976,#6696,#1890,.T.);
#7122=EDGE_CURVE('',#6649,#6696,#16,.T.);
#7124=EDGE_CURVE('',#6657,#6649,#20,.T.);
#7134=EDGE_CURVE('',#6669,#6670,#3232,.T.);
#7136=EDGE_CURVE('',#6638,#6670,#25,.T.);
#7138=EDGE_CURVE('',#6636,#6638,#29,.T.);
#7141=EDGE_CURVE('',#6633,#6634,#38,.T.);
#7143=EDGE_CURVE('',#6669,#6633,#43,.T.);
#7153=EDGE_CURVE('',#6716,#6709,#47,.T.);
#7155=EDGE_CURVE('',#6720,#6716,#51,.T.);
#7157=EDGE_CURVE('',#6722,#6720,#1387,.T.);
#7159=EDGE_CURVE('',#6709,#6722,#55,.T.);
#7169=EDGE_CURVE('',#5464,#5478,#59,.T.);
#7171=EDGE_CURVE('',#5464,#5420,#63,.T.);
#7173=EDGE_CURVE('',#5420,#5430,#843,.T.);
#7175=EDGE_CURVE('',#5478,#5430,#1634,.T.);
#7185=EDGE_CURVE('',#5414,#5490,#67,.T.);
#7187=EDGE_CURVE('',#5490,#5492,#71,.T.);
#7189=EDGE_CURVE('',#5422,#5492,#1610,.T.);
#7191=EDGE_CURVE('',#5414,#5422,#2386,.T.);
#7201=EDGE_CURVE('',#5567,#5560,#75,.T.);
#7203=EDGE_CURVE('',#5567,#5475,#79,.T.);
#7205=EDGE_CURVE('',#5475,#5476,#83,.T.);
#7207=EDGE_CURVE('',#5559,#5476,#1646,.T.);
#7209=EDGE_CURVE('',#5559,#5560,#87,.T.);
#7219=EDGE_CURVE('',#5814,#5886,#91,.T.);
#7221=EDGE_CURVE('',#5814,#5563,#95,.T.);
#7223=EDGE_CURVE('',#5563,#5570,#99,.T.);
#7225=EDGE_CURVE('',#5784,#5570,#103,.T.);
#7227=EDGE_CURVE('',#5885,#5784,#1678,.T.);
#7229=EDGE_CURVE('',#5885,#5886,#107,.T.);
#7239=EDGE_CURVE('',#5838,#5934,#111,.T.);
#7241=EDGE_CURVE('',#5838,#5810,#115,.T.);
#7243=EDGE_CURVE('',#5810,#5890,#119,.T.);
#7245=EDGE_CURVE('',#5889,#5890,#123,.T.);
#7247=EDGE_CURVE('',#5933,#5889,#1714,.T.);
#7249=EDGE_CURVE('',#5933,#5934,#127,.T.);
#7259=EDGE_CURVE('',#5862,#5982,#131,.T.);
#7261=EDGE_CURVE('',#5862,#5834,#135,.T.);
#7263=EDGE_CURVE('',#5834,#5938,#139,.T.);
#7265=EDGE_CURVE('',#5937,#5938,#143,.T.);
#7267=EDGE_CURVE('',#5981,#5937,#1750,.T.);
#7269=EDGE_CURVE('',#5981,#5982,#147,.T.);
#7279=EDGE_CURVE('',#6038,#6062,#151,.T.);
#7281=EDGE_CURVE('',#6038,#5858,#155,.T.);
#7283=EDGE_CURVE('',#5858,#5986,#159,.T.);
#7285=EDGE_CURVE('',#5985,#5986,#163,.T.);
#7287=EDGE_CURVE('',#6061,#5985,#1786,.T.);
#7289=EDGE_CURVE('',#6061,#6062,#167,.T.);
#7299=EDGE_CURVE('',#6138,#6561,#171,.T.);
#7301=EDGE_CURVE('',#6138,#6034,#175,.T.);
#7303=EDGE_CURVE('',#6034,#6066,#179,.T.);
#7305=EDGE_CURVE('',#6065,#6066,#183,.T.);
#7307=EDGE_CURVE('',#6562,#6065,#1822,.T.);
#7309=EDGE_CURVE('',#6561,#6562,#187,.T.);
#7319=EDGE_CURVE('',#6162,#6657,#191,.T.);
#7321=EDGE_CURVE('',#6162,#6134,#195,.T.);
#7323=EDGE_CURVE('',#6134,#6565,#199,.T.);
#7325=EDGE_CURVE('',#6565,#6566,#203,.T.);
#7327=EDGE_CURVE('',#6658,#6566,#1858,.T.);
#7338=EDGE_CURVE('',#6186,#6753,#211,.T.);
#7340=EDGE_CURVE('',#6186,#6158,#215,.T.);
#7342=EDGE_CURVE('',#6158,#6661,#219,.T.);
#7344=EDGE_CURVE('',#6661,#6662,#223,.T.);
#7346=EDGE_CURVE('',#6754,#6662,#1894,.T.);
#7348=EDGE_CURVE('',#6753,#6754,#227,.T.);
#7358=EDGE_CURVE('',#5532,#6758,#1918,.T.);
#7360=EDGE_CURVE('',#5531,#5532,#231,.T.);
#7362=EDGE_CURVE('',#5531,#6182,#235,.T.);
#7364=EDGE_CURVE('',#6182,#6757,#239,.T.);
#7366=EDGE_CURVE('',#6757,#6758,#243,.T.);
#7376=EDGE_CURVE('',#7039,#7040,#247,.T.);
#7378=EDGE_CURVE('',#7044,#7040,#251,.T.);
#7380=EDGE_CURVE('',#7043,#7044,#255,.T.);
#7382=EDGE_CURVE('',#5794,#7043,#361,.T.);
#7384=EDGE_CURVE('',#5582,#5794,#779,.T.);
#7386=EDGE_CURVE('',#5582,#5463,#259,.T.);
#7388=EDGE_CURVE('',#5463,#5464,#631,.T.);
#7391=EDGE_CURVE('',#5478,#5518,#1630,.T.);
#7393=EDGE_CURVE('',#5517,#5518,#263,.T.);
#7395=EDGE_CURVE('',#5522,#5517,#267,.T.);
#7397=EDGE_CURVE('',#5521,#5522,#271,.T.);
#7399=EDGE_CURVE('',#5521,#5485,#1638,.T.);
#7401=EDGE_CURVE('',#5485,#5486,#2434,.T.);
#7403=EDGE_CURVE('',#5486,#5472,#2558,.T.);
#7405=EDGE_CURVE('',#5472,#5470,#2818,.T.);
#7407=EDGE_CURVE('',#5470,#6314,#275,.T.);
#7409=EDGE_CURVE('',#6314,#6342,#445,.T.);
#7411=EDGE_CURVE('',#6342,#6333,#279,.T.);
#7413=EDGE_CURVE('',#7039,#6333,#349,.T.);
#7424=EDGE_CURVE('',#7039,#7058,#345,.T.);
#7426=EDGE_CURVE('',#7004,#7058,#284,.T.);
#7428=EDGE_CURVE('',#7002,#7004,#288,.T.);
#7430=EDGE_CURVE('',#7000,#7002,#292,.T.);
#7432=EDGE_CURVE('',#6999,#7000,#296,.T.);
#7434=EDGE_CURVE('',#7082,#6999,#301,.T.);
#7436=EDGE_CURVE('',#7067,#7082,#607,.T.);
#7438=EDGE_CURVE('',#7067,#7068,#417,.T.);
#7440=EDGE_CURVE('',#7031,#7068,#305,.T.);
#7442=EDGE_CURVE('',#7040,#7031,#310,.T.);
#7452=EDGE_CURVE('',#7047,#7048,#465,.T.);
#7454=EDGE_CURVE('',#7035,#7048,#315,.T.);
#7456=EDGE_CURVE('',#7063,#7035,#319,.T.);
#7458=EDGE_CURVE('',#7063,#7064,#373,.T.);
#7460=EDGE_CURVE('',#7064,#7078,#3304,.T.);
#7462=EDGE_CURVE('',#7012,#7078,#324,.T.);
#7464=EDGE_CURVE('',#7010,#7012,#328,.T.);
#7466=EDGE_CURVE('',#7008,#7010,#332,.T.);
#7468=EDGE_CURVE('',#7007,#7008,#336,.T.);
#7470=EDGE_CURVE('',#7054,#7007,#341,.T.);
#7472=EDGE_CURVE('',#7047,#7054,#497,.T.);
#7484=EDGE_CURVE('',#6333,#6334,#353,.T.);
#7486=EDGE_CURVE('',#6334,#5782,#855,.T.);
#7488=EDGE_CURVE('',#5782,#5794,#357,.T.);
#7491=EDGE_CURVE('',#7043,#7060,#365,.T.);
#7493=EDGE_CURVE('',#7060,#7058,#369,.T.);
#7504=EDGE_CURVE('',#6342,#6334,#441,.T.);
#7516=EDGE_CURVE('',#7071,#7063,#377,.T.);
#7518=EDGE_CURVE('',#7071,#7072,#381,.T.);
#7520=EDGE_CURVE('',#6346,#7072,#385,.T.);
#7522=EDGE_CURVE('',#6345,#6346,#731,.T.);
#7524=EDGE_CURVE('',#6318,#6345,#5336,.T.);
#7526=EDGE_CURVE('',#6317,#6318,#5324,.T.);
#7528=EDGE_CURVE('',#6340,#6317,#389,.T.);
#7530=EDGE_CURVE('',#6330,#6340,#393,.T.);
#7532=EDGE_CURVE('',#6321,#6330,#2370,.T.);
#7534=EDGE_CURVE('',#6321,#6322,#5316,.T.);
#7536=EDGE_CURVE('',#6888,#6322,#397,.T.);
#7538=EDGE_CURVE('',#6887,#6888,#401,.T.);
#7540=EDGE_CURVE('',#6879,#6887,#405,.T.);
#7542=EDGE_CURVE('',#6879,#6880,#409,.T.);
#7544=EDGE_CURVE('',#7064,#6880,#413,.T.);
#7555=EDGE_CURVE('',#6883,#7067,#421,.T.);
#7557=EDGE_CURVE('',#6883,#6884,#425,.T.);
#7559=EDGE_CURVE('',#6884,#6892,#429,.T.);
#7561=EDGE_CURVE('',#6891,#6892,#433,.T.);
#7563=EDGE_CURVE('',#6326,#6891,#437,.T.);
#7565=EDGE_CURVE('',#6325,#6326,#891,.T.);
#7567=EDGE_CURVE('',#6325,#6334,#795,.T.);
#7571=EDGE_CURVE('',#6313,#6314,#5304,.T.);
#7573=EDGE_CURVE('',#6350,#6313,#5300,.T.);
#7575=EDGE_CURVE('',#6349,#6350,#751,.T.);
#7577=EDGE_CURVE('',#7075,#6349,#449,.T.);
#7579=EDGE_CURVE('',#7075,#7076,#453,.T.);
#7581=EDGE_CURVE('',#7076,#7068,#457,.T.);
#7593=EDGE_CURVE('',#7035,#7036,#461,.T.);
#7595=EDGE_CURVE('',#7071,#7036,#578,.T.);
#7605=EDGE_CURVE('',#7052,#7048,#493,.T.);
#7607=EDGE_CURVE('',#7036,#7052,#583,.T.);
#7619=EDGE_CURVE('',#7056,#7054,#501,.T.);
#7622=EDGE_CURVE('',#7007,#7023,#3588,.T.);
#7624=EDGE_CURVE('',#7056,#7023,#557,.T.);
#7635=EDGE_CURVE('',#7047,#6329,#521,.T.);
#7637=EDGE_CURVE('',#6329,#6340,#469,.T.);
#7640=EDGE_CURVE('',#5524,#6317,#5328,.T.);
#7642=EDGE_CURVE('',#5498,#5524,#2838,.T.);
#7644=EDGE_CURVE('',#5496,#5498,#2570,.T.);
#7646=EDGE_CURVE('',#5494,#5496,#2446,.T.);
#7648=EDGE_CURVE('',#5514,#5494,#1622,.T.);
#7650=EDGE_CURVE('',#5556,#5514,#473,.T.);
#7652=EDGE_CURVE('',#5556,#5750,#477,.T.);
#7654=EDGE_CURVE('',#5750,#5510,#481,.T.);
#7656=EDGE_CURVE('',#5492,#5510,#1614,.T.);
#7659=EDGE_CURVE('',#5488,#5490,#643,.T.);
#7661=EDGE_CURVE('',#5488,#5580,#485,.T.);
#7663=EDGE_CURVE('',#5580,#5796,#787,.T.);
#7665=EDGE_CURVE('',#5796,#7051,#509,.T.);
#7667=EDGE_CURVE('',#7051,#7052,#489,.T.);
#7680=EDGE_CURVE('',#7051,#7056,#505,.T.);
#7683=EDGE_CURVE('',#5796,#5780,#513,.T.);
#7685=EDGE_CURVE('',#5780,#6330,#2374,.T.);
#7687=EDGE_CURVE('',#6329,#6330,#517,.T.);
#7699=EDGE_CURVE('',#7044,#7032,#526,.T.);
#7701=EDGE_CURVE('',#7032,#7076,#530,.T.);
#7704=EDGE_CURVE('',#7075,#7084,#615,.T.);
#7706=EDGE_CURVE('',#7084,#7015,#535,.T.);
#7708=EDGE_CURVE('',#7015,#7016,#539,.T.);
#7710=EDGE_CURVE('',#7016,#7018,#543,.T.);
#7712=EDGE_CURVE('',#7018,#7020,#547,.T.);
#7714=EDGE_CURVE('',#7020,#7060,#552,.T.);
#7728=EDGE_CURVE('',#7023,#7024,#561,.T.);
#7730=EDGE_CURVE('',#7024,#7026,#565,.T.);
#7732=EDGE_CURVE('',#7026,#7028,#569,.T.);
#7734=EDGE_CURVE('',#7028,#7080,#574,.T.);
#7736=EDGE_CURVE('',#7072,#7080,#3320,.T.);
#7751=EDGE_CURVE('',#7031,#7032,#591,.T.);
#7764=EDGE_CURVE('',#7004,#7020,#587,.T.);
#7790=EDGE_CURVE('',#7002,#7018,#595,.T.);
#7803=EDGE_CURVE('',#7000,#7016,#599,.T.);
#7816=EDGE_CURVE('',#6999,#7015,#603,.T.);
#7826=EDGE_CURVE('',#7084,#7082,#611,.T.);
#7843=EDGE_CURVE('',#6349,#6354,#767,.T.);
#7845=EDGE_CURVE('',#6337,#6354,#3056,.T.);
#7847=EDGE_CURVE('',#6337,#6310,#3300,.T.);
#7849=EDGE_CURVE('',#6309,#6310,#3480,.T.);
#7851=EDGE_CURVE('',#6309,#6326,#1115,.T.);
#7854=EDGE_CURVE('',#6891,#6900,#619,.T.);
#7856=EDGE_CURVE('',#6898,#6900,#623,.T.);
#7858=EDGE_CURVE('',#6883,#6898,#627,.T.);
#7870=EDGE_CURVE('',#5463,#5418,#635,.T.);
#7872=EDGE_CURVE('',#5418,#5420,#847,.T.);
#7883=EDGE_CURVE('',#5412,#5488,#639,.T.);
#7887=EDGE_CURVE('',#5412,#5414,#2382,.T.);
#7897=EDGE_CURVE('',#5813,#5814,#647,.T.);
#7899=EDGE_CURVE('',#5813,#5564,#651,.T.);
#7901=EDGE_CURVE('',#5563,#5564,#655,.T.);
#7912=EDGE_CURVE('',#5837,#5838,#659,.T.);
#7914=EDGE_CURVE('',#5837,#5809,#663,.T.);
#7916=EDGE_CURVE('',#5809,#5810,#667,.T.);
#7927=EDGE_CURVE('',#5861,#5862,#671,.T.);
#7929=EDGE_CURVE('',#5861,#5833,#675,.T.);
#7931=EDGE_CURVE('',#5833,#5834,#679,.T.);
#7942=EDGE_CURVE('',#6037,#6038,#683,.T.);
#7944=EDGE_CURVE('',#6037,#5857,#687,.T.);
#7946=EDGE_CURVE('',#5857,#5858,#691,.T.);
#7957=EDGE_CURVE('',#6137,#6138,#695,.T.);
#7959=EDGE_CURVE('',#6137,#6033,#699,.T.);
#7961=EDGE_CURVE('',#6033,#6034,#703,.T.);
#7972=EDGE_CURVE('',#6161,#6162,#707,.T.);
#7974=EDGE_CURVE('',#6161,#6133,#711,.T.);
#7976=EDGE_CURVE('',#6133,#6134,#715,.T.);
#7987=EDGE_CURVE('',#6185,#6186,#719,.T.);
#7989=EDGE_CURVE('',#6185,#6157,#723,.T.);
#7991=EDGE_CURVE('',#6157,#6158,#727,.T.);
#8003=EDGE_CURVE('',#6346,#6352,#735,.T.);
#8005=EDGE_CURVE('',#6352,#6181,#739,.T.);
#8007=EDGE_CURVE('',#6181,#6182,#743,.T.);
#8010=EDGE_CURVE('',#6345,#5531,#747,.T.);
#8021=EDGE_CURVE('',#6350,#5475,#755,.T.);
#8024=EDGE_CURVE('',#5567,#5568,#759,.T.);
#8026=EDGE_CURVE('',#5568,#6354,#763,.T.);
#8038=EDGE_CURVE('',#5582,#5417,#771,.T.);
#8040=EDGE_CURVE('',#5417,#5418,#851,.T.);
#8053=EDGE_CURVE('',#5411,#5412,#2378,.T.);
#8055=EDGE_CURVE('',#5411,#5580,#775,.T.);
#8067=EDGE_CURVE('',#5782,#5417,#783,.T.);
#8080=EDGE_CURVE('',#5411,#5780,#791,.T.);
#8092=EDGE_CURVE('',#5443,#6325,#799,.T.);
#8094=EDGE_CURVE('',#5443,#5444,#803,.T.);
#8096=EDGE_CURVE('',#5746,#5444,#807,.T.);
#8098=EDGE_CURVE('',#5436,#5746,#811,.T.);
#8100=EDGE_CURVE('',#5434,#5436,#815,.T.);
#8102=EDGE_CURVE('',#5433,#5434,#819,.T.);
#8104=EDGE_CURVE('',#5505,#5433,#823,.T.);
#8106=EDGE_CURVE('',#5505,#5506,#827,.T.);
#8108=EDGE_CURVE('',#5506,#5501,#831,.T.);
#8110=EDGE_CURVE('',#5501,#5502,#835,.T.);
#8112=EDGE_CURVE('',#5430,#5502,#839,.T.);
#8121=EDGE_CURVE('',#6119,#6120,#859,.T.);
#8123=EDGE_CURVE('',#6120,#6122,#863,.T.);
#8125=EDGE_CURVE('',#6122,#6124,#867,.T.);
#8127=EDGE_CURVE('',#6124,#6126,#871,.T.);
#8129=EDGE_CURVE('',#6126,#6128,#875,.T.);
#8131=EDGE_CURVE('',#6128,#6130,#879,.T.);
#8133=EDGE_CURVE('',#6130,#6119,#883,.T.);
#8143=EDGE_CURVE('',#5444,#5448,#887,.T.);
#8145=EDGE_CURVE('',#5745,#5448,#1103,.T.);
#8147=EDGE_CURVE('',#5745,#5746,#2826,.T.);
#8159=EDGE_CURVE('',#5447,#6326,#1111,.T.);
#8161=EDGE_CURVE('',#5443,#5447,#895,.T.);
#8172=EDGE_CURVE('',#5444,#5439,#899,.T.);
#8174=EDGE_CURVE('',#5439,#5448,#903,.T.);
#8185=EDGE_CURVE('',#5460,#5451,#907,.T.);
#8187=EDGE_CURVE('',#5451,#5456,#911,.T.);
#8189=EDGE_CURVE('',#5456,#5460,#5312,.T.);
#8200=EDGE_CURVE('',#5443,#5440,#915,.T.);
#8202=EDGE_CURVE('',#5439,#5440,#931,.T.);
#8215=EDGE_CURVE('',#5440,#5447,#919,.T.);
#8225=EDGE_CURVE('',#5459,#5452,#923,.T.);
#8227=EDGE_CURVE('',#5455,#5459,#5320,.T.);
#8229=EDGE_CURVE('',#5452,#5455,#927,.T.);
#8239=EDGE_CURVE('',#5447,#5448,#1107,.T.);
#8252=EDGE_CURVE('',#6322,#5459,#1087,.T.);
#8254=EDGE_CURVE('',#5459,#5460,#1091,.T.);
#8256=EDGE_CURVE('',#5460,#5742,#1095,.T.);
#8258=EDGE_CURVE('',#5742,#5745,#1099,.T.);
#8264=EDGE_CURVE('',#6305,#6309,#3476,.T.);
#8266=EDGE_CURVE('',#6305,#6322,#1119,.T.);
#8270=EDGE_CURVE('',#5681,#5682,#951,.T.);
#8272=EDGE_CURVE('',#5688,#5682,#955,.T.);
#8274=EDGE_CURVE('',#5686,#5688,#959,.T.);
#8276=EDGE_CURVE('',#5684,#5686,#963,.T.);
#8278=EDGE_CURVE('',#5681,#5684,#967,.T.);
#8282=EDGE_CURVE('',#5691,#5692,#971,.T.);
#8284=EDGE_CURVE('',#5698,#5691,#975,.T.);
#8286=EDGE_CURVE('',#5696,#5698,#979,.T.);
#8288=EDGE_CURVE('',#5694,#5696,#983,.T.);
#8290=EDGE_CURVE('',#5692,#5694,#987,.T.);
#8294=EDGE_CURVE('',#5701,#5702,#991,.T.);
#8296=EDGE_CURVE('',#5708,#5701,#995,.T.);
#8298=EDGE_CURVE('',#5706,#5708,#999,.T.);
#8300=EDGE_CURVE('',#5704,#5706,#1003,.T.);
#8302=EDGE_CURVE('',#5702,#5704,#1007,.T.);
#8306=EDGE_CURVE('',#5711,#5712,#1011,.T.);
#8308=EDGE_CURVE('',#5718,#5711,#1015,.T.);
#8310=EDGE_CURVE('',#5716,#5718,#1019,.T.);
#8312=EDGE_CURVE('',#5714,#5716,#1023,.T.);
#8314=EDGE_CURVE('',#5712,#5714,#1027,.T.);
#8318=EDGE_CURVE('',#5721,#5722,#1031,.T.);
#8320=EDGE_CURVE('',#5728,#5721,#1035,.T.);
#8322=EDGE_CURVE('',#5726,#5728,#1039,.T.);
#8324=EDGE_CURVE('',#5724,#5726,#1043,.T.);
#8326=EDGE_CURVE('',#5722,#5724,#1047,.T.);
#8330=EDGE_CURVE('',#5731,#5732,#1051,.T.);
#8332=EDGE_CURVE('',#5738,#5731,#1055,.T.);
#8334=EDGE_CURVE('',#5738,#5736,#1059,.T.);
#8336=EDGE_CURVE('',#5734,#5736,#1063,.T.);
#8338=EDGE_CURVE('',#5732,#5734,#1067,.T.);
#8342=EDGE_CURVE('',#5806,#6204,#1071,.T.);
#8344=EDGE_CURVE('',#6208,#5806,#1075,.T.);
#8346=EDGE_CURVE('',#6206,#6208,#1079,.T.);
#8348=EDGE_CURVE('',#6204,#6206,#1083,.T.);
#8352=EDGE_CURVE('',#5673,#5674,#935,.T.);
#8354=EDGE_CURVE('',#5678,#5673,#939,.T.);
#8356=EDGE_CURVE('',#5676,#5678,#943,.T.);
#8358=EDGE_CURVE('',#5674,#5676,#947,.T.);
#8369=EDGE_CURVE('',#5674,#5606,#1127,.T.);
#8371=EDGE_CURVE('',#5605,#5606,#1139,.T.);
#8373=EDGE_CURVE('',#5673,#5605,#1123,.T.);
#8384=EDGE_CURVE('',#5676,#5608,#1131,.T.);
#8386=EDGE_CURVE('',#5606,#5608,#1143,.T.);
#8398=EDGE_CURVE('',#5678,#5610,#1135,.T.);
#8400=EDGE_CURVE('',#5608,#5610,#1147,.T.);
#8413=EDGE_CURVE('',#5610,#5605,#1151,.T.);
#8430=EDGE_CURVE('',#6765,#6766,#1403,.T.);
#8432=EDGE_CURVE('',#6770,#6766,#1407,.T.);
#8434=EDGE_CURVE('',#6769,#6770,#1411,.T.);
#8436=EDGE_CURVE('',#6769,#6765,#1415,.T.);
#8446=EDGE_CURVE('',#5613,#5614,#1155,.T.);
#8448=EDGE_CURVE('',#5614,#5616,#1159,.T.);
#8450=EDGE_CURVE('',#5616,#5618,#1163,.T.);
#8452=EDGE_CURVE('',#5618,#5620,#1167,.T.);
#8454=EDGE_CURVE('',#5620,#5613,#1171,.T.);
#8459=EDGE_CURVE('',#6724,#6720,#1391,.T.);
#8461=EDGE_CURVE('',#6726,#6724,#1395,.T.);
#8463=EDGE_CURVE('',#6726,#6722,#1399,.T.);
#8473=EDGE_CURVE('',#5623,#5624,#1175,.T.);
#8475=EDGE_CURVE('',#5624,#5626,#1179,.T.);
#8477=EDGE_CURVE('',#5626,#5628,#1183,.T.);
#8479=EDGE_CURVE('',#5628,#5630,#1187,.T.);
#8481=EDGE_CURVE('',#5630,#5623,#1191,.T.);
#8485=EDGE_CURVE('',#6626,#6624,#1371,.T.);
#8487=EDGE_CURVE('',#6628,#6624,#1375,.T.);
#8489=EDGE_CURVE('',#6630,#6628,#1379,.T.);
#8491=EDGE_CURVE('',#6630,#6626,#1383,.T.);
#8501=EDGE_CURVE('',#5633,#5634,#1195,.T.);
#8503=EDGE_CURVE('',#5634,#5636,#1199,.T.);
#8505=EDGE_CURVE('',#5636,#5638,#1203,.T.);
#8507=EDGE_CURVE('',#5638,#5640,#1207,.T.);
#8509=EDGE_CURVE('',#5640,#5633,#1211,.T.);
#8513=EDGE_CURVE('',#6243,#6244,#1355,.T.);
#8515=EDGE_CURVE('',#6248,#6244,#1359,.T.);
#8517=EDGE_CURVE('',#6247,#6248,#1363,.T.);
#8519=EDGE_CURVE('',#6247,#6243,#1367,.T.);
#8529=EDGE_CURVE('',#5643,#5644,#1215,.T.);
#8531=EDGE_CURVE('',#5644,#5646,#1219,.T.);
#8533=EDGE_CURVE('',#5646,#5648,#1223,.T.);
#8535=EDGE_CURVE('',#5648,#5650,#1227,.T.);
#8537=EDGE_CURVE('',#5650,#5643,#1231,.T.);
#8541=EDGE_CURVE('',#6235,#6236,#1339,.T.);
#8543=EDGE_CURVE('',#6240,#6236,#1343,.T.);
#8545=EDGE_CURVE('',#6239,#6240,#1347,.T.);
#8547=EDGE_CURVE('',#6239,#6235,#1351,.T.);
#8557=EDGE_CURVE('',#5653,#5654,#1235,.T.);
#8559=EDGE_CURVE('',#5654,#5656,#1239,.T.);
#8561=EDGE_CURVE('',#5656,#5658,#1243,.T.);
#8563=EDGE_CURVE('',#5658,#5660,#1247,.T.);
#8565=EDGE_CURVE('',#5660,#5653,#1251,.T.);
#8569=EDGE_CURVE('',#6227,#6228,#1323,.T.);
#8571=EDGE_CURVE('',#6232,#6228,#1327,.T.);
#8573=EDGE_CURVE('',#6231,#6232,#1331,.T.);
#8575=EDGE_CURVE('',#6231,#6227,#1335,.T.);
#8585=EDGE_CURVE('',#5663,#5664,#1255,.T.);
#8587=EDGE_CURVE('',#5664,#5666,#1259,.T.);
#8589=EDGE_CURVE('',#5666,#5668,#1263,.T.);
#8591=EDGE_CURVE('',#5668,#5670,#1267,.T.);
#8593=EDGE_CURVE('',#5670,#5663,#1271,.T.);
#8597=EDGE_CURVE('',#6219,#6220,#1307,.T.);
#8599=EDGE_CURVE('',#6224,#6220,#1311,.T.);
#8601=EDGE_CURVE('',#6223,#6224,#1315,.T.);
#8603=EDGE_CURVE('',#6223,#6219,#1319,.T.);
#8613=EDGE_CURVE('',#5799,#5800,#1275,.T.);
#8615=EDGE_CURVE('',#5800,#5802,#1279,.T.);
#8617=EDGE_CURVE('',#5802,#5804,#1283,.T.);
#8619=EDGE_CURVE('',#5804,#5799,#1287,.T.);
#8623=EDGE_CURVE('',#6211,#6212,#1291,.T.);
#8625=EDGE_CURVE('',#6216,#6212,#1295,.T.);
#8627=EDGE_CURVE('',#6215,#6216,#1299,.T.);
#8629=EDGE_CURVE('',#6215,#6211,#1303,.T.);
#8640=EDGE_CURVE('',#5681,#5614,#1423,.T.);
#8643=EDGE_CURVE('',#5682,#5613,#1419,.T.);
#8654=EDGE_CURVE('',#5684,#5616,#1427,.T.);
#8667=EDGE_CURVE('',#5686,#5618,#1431,.T.);
#8680=EDGE_CURVE('',#5688,#5620,#1435,.T.);
#8705=EDGE_CURVE('',#5692,#5624,#1443,.T.);
#8708=EDGE_CURVE('',#5691,#5623,#1439,.T.);
#8719=EDGE_CURVE('',#5694,#5626,#1447,.T.);
#8732=EDGE_CURVE('',#5696,#5628,#1451,.T.);
#8745=EDGE_CURVE('',#5698,#5630,#1455,.T.);
#8770=EDGE_CURVE('',#5702,#5634,#1463,.T.);
#8773=EDGE_CURVE('',#5701,#5633,#1459,.T.);
#8784=EDGE_CURVE('',#5704,#5636,#1467,.T.);
#8797=EDGE_CURVE('',#5706,#5638,#1471,.T.);
#8810=EDGE_CURVE('',#5708,#5640,#1475,.T.);
#8835=EDGE_CURVE('',#5712,#5644,#1483,.T.);
#8838=EDGE_CURVE('',#5711,#5643,#1479,.T.);
#8849=EDGE_CURVE('',#5714,#5646,#1487,.T.);
#8862=EDGE_CURVE('',#5716,#5648,#1491,.T.);
#8875=EDGE_CURVE('',#5718,#5650,#1495,.T.);
#8900=EDGE_CURVE('',#5722,#5654,#1503,.T.);
#8903=EDGE_CURVE('',#5721,#5653,#1499,.T.);
#8914=EDGE_CURVE('',#5724,#5656,#1507,.T.);
#8927=EDGE_CURVE('',#5726,#5658,#1511,.T.);
#8940=EDGE_CURVE('',#5728,#5660,#1515,.T.);
#8965=EDGE_CURVE('',#5732,#5664,#1523,.T.);
#8968=EDGE_CURVE('',#5731,#5663,#1519,.T.);
#8979=EDGE_CURVE('',#5734,#5666,#1527,.T.);
#8992=EDGE_CURVE('',#5736,#5668,#1531,.T.);
#9005=EDGE_CURVE('',#5738,#5670,#1535,.T.);
#9029=EDGE_CURVE('',#5806,#5799,#1539,.T.);
#9032=EDGE_CURVE('',#6204,#5800,#1551,.T.);
#9045=EDGE_CURVE('',#6208,#5804,#1543,.T.);
#9059=EDGE_CURVE('',#6206,#5802,#1547,.T.);
#9082=EDGE_CURVE('',#5559,#5786,#1658,.T.);
#9084=EDGE_CURVE('',#5774,#5786,#1966,.T.);
#9086=EDGE_CURVE('',#5753,#5774,#1555,.T.);
#9088=EDGE_CURVE('',#5770,#5753,#1559,.T.);
#9090=EDGE_CURVE('',#6932,#5770,#2118,.T.);
#9092=EDGE_CURVE('',#6932,#6928,#2306,.T.);
#9094=EDGE_CURVE('',#6928,#5768,#1674,.T.);
#9096=EDGE_CURVE('',#5790,#5768,#1563,.T.);
#9098=EDGE_CURVE('',#5560,#5790,#1567,.T.);
#9108=EDGE_CURVE('',#6251,#6252,#3064,.T.);
#9110=EDGE_CURVE('',#6362,#6252,#1572,.T.);
#9112=EDGE_CURVE('',#6361,#6362,#1576,.T.);
#9114=EDGE_CURVE('',#6358,#6361,#1581,.T.);
#9116=EDGE_CURVE('',#6357,#6358,#1585,.T.);
#9118=EDGE_CURVE('',#6251,#6357,#1590,.T.);
#9128=EDGE_CURVE('',#6458,#6465,#1594,.T.);
#9130=EDGE_CURVE('',#6212,#6458,#1598,.T.);
#9133=EDGE_CURVE('',#6465,#6211,#1602,.T.);
#9143=EDGE_CURVE('',#5509,#5510,#1606,.T.);
#9145=EDGE_CURVE('',#5422,#5509,#2390,.T.);
#9157=EDGE_CURVE('',#5513,#5514,#1618,.T.);
#9160=EDGE_CURVE('',#5425,#5494,#2442,.T.);
#9162=EDGE_CURVE('',#5513,#5425,#2406,.T.);
#9173=EDGE_CURVE('',#5518,#5502,#1626,.T.);
#9186=EDGE_CURVE('',#5485,#5433,#2438,.T.);
#9189=EDGE_CURVE('',#5521,#5505,#1642,.T.);
#9200=EDGE_CURVE('',#5476,#5574,#1650,.T.);
#9202=EDGE_CURVE('',#5786,#5574,#1654,.T.);
#9213=EDGE_CURVE('',#6928,#5577,#1662,.T.);
#9215=EDGE_CURVE('',#5577,#5481,#1666,.T.);
#9217=EDGE_CURVE('',#5551,#5481,#2454,.T.);
#9219=EDGE_CURVE('',#5768,#5551,#1670,.T.);
#9231=EDGE_CURVE('',#5784,#5788,#1682,.T.);
#9233=EDGE_CURVE('',#5892,#5788,#1686,.T.);
#9235=EDGE_CURVE('',#5885,#5892,#1690,.T.);
#9245=EDGE_CURVE('',#6936,#6930,#1694,.T.);
#9247=EDGE_CURVE('',#6930,#5756,#1698,.T.);
#9249=EDGE_CURVE('',#5756,#5547,#1702,.T.);
#9251=EDGE_CURVE('',#5829,#5547,#2466,.T.);
#9253=EDGE_CURVE('',#5912,#5829,#1706,.T.);
#9255=EDGE_CURVE('',#6936,#5912,#1710,.T.);
#9266=EDGE_CURVE('',#5889,#5894,#1718,.T.);
#9268=EDGE_CURVE('',#5940,#5894,#1722,.T.);
#9270=EDGE_CURVE('',#5933,#5940,#1726,.T.);
#9280=EDGE_CURVE('',#6024,#6938,#1730,.T.);
#9282=EDGE_CURVE('',#6938,#5898,#1734,.T.);
#9284=EDGE_CURVE('',#5898,#5825,#1738,.T.);
#9286=EDGE_CURVE('',#5853,#5825,#2478,.T.);
#9288=EDGE_CURVE('',#5960,#5853,#1742,.T.);
#9290=EDGE_CURVE('',#6024,#5960,#1746,.T.);
#9301=EDGE_CURVE('',#5937,#5942,#1754,.T.);
#9303=EDGE_CURVE('',#5988,#5942,#1758,.T.);
#9305=EDGE_CURVE('',#5981,#5988,#1762,.T.);
#9315=EDGE_CURVE('',#6944,#6026,#1766,.T.);
#9317=EDGE_CURVE('',#6026,#5946,#1770,.T.);
#9319=EDGE_CURVE('',#5946,#5849,#1774,.T.);
#9321=EDGE_CURVE('',#5877,#5849,#2490,.T.);
#9323=EDGE_CURVE('',#6008,#5877,#1778,.T.);
#9325=EDGE_CURVE('',#6944,#6008,#1782,.T.);
#9336=EDGE_CURVE('',#5985,#5990,#1790,.T.);
#9338=EDGE_CURVE('',#6068,#5990,#1794,.T.);
#9340=EDGE_CURVE('',#6061,#6068,#1798,.T.);
#9350=EDGE_CURVE('',#6952,#6946,#1802,.T.);
#9352=EDGE_CURVE('',#6946,#5994,#1806,.T.);
#9354=EDGE_CURVE('',#5994,#5873,#1810,.T.);
#9356=EDGE_CURVE('',#6053,#5873,#2502,.T.);
#9358=EDGE_CURVE('',#6088,#6053,#1814,.T.);
#9360=EDGE_CURVE('',#6952,#6088,#1818,.T.);
#9371=EDGE_CURVE('',#6065,#6070,#1826,.T.);
#9373=EDGE_CURVE('',#6568,#6070,#1830,.T.);
#9375=EDGE_CURVE('',#6562,#6568,#1834,.T.);
#9385=EDGE_CURVE('',#6964,#6954,#1838,.T.);
#9387=EDGE_CURVE('',#6954,#6074,#1842,.T.);
#9389=EDGE_CURVE('',#6074,#6049,#1846,.T.);
#9391=EDGE_CURVE('',#6153,#6049,#2514,.T.);
#9393=EDGE_CURVE('',#6600,#6153,#1850,.T.);
#9395=EDGE_CURVE('',#6964,#6600,#1854,.T.);
#9406=EDGE_CURVE('',#6566,#6570,#1862,.T.);
#9408=EDGE_CURVE('',#6664,#6570,#1866,.T.);
#9419=EDGE_CURVE('',#6976,#6966,#1874,.T.);
#9421=EDGE_CURVE('',#6966,#6584,#1878,.T.);
#9423=EDGE_CURVE('',#6584,#6149,#1882,.T.);
#9425=EDGE_CURVE('',#6177,#6149,#2526,.T.);
#9427=EDGE_CURVE('',#6696,#6177,#1886,.T.);
#9439=EDGE_CURVE('',#6662,#6666,#1898,.T.);
#9441=EDGE_CURVE('',#6760,#6666,#1902,.T.);
#9443=EDGE_CURVE('',#6754,#6760,#1906,.T.);
#9453=EDGE_CURVE('',#6906,#6762,#1910,.T.);
#9455=EDGE_CURVE('',#5532,#6906,#1914,.T.);
#9458=EDGE_CURVE('',#6758,#6762,#1922,.T.);
#9468=EDGE_CURVE('',#6990,#6978,#1926,.T.);
#9470=EDGE_CURVE('',#6978,#6680,#1930,.T.);
#9472=EDGE_CURVE('',#6680,#6173,#1934,.T.);
#9474=EDGE_CURVE('',#6201,#6173,#2550,.T.);
#9476=EDGE_CURVE('',#6800,#6201,#1938,.T.);
#9478=EDGE_CURVE('',#6990,#6800,#1942,.T.);
#9488=EDGE_CURVE('',#6784,#6197,#1946,.T.);
#9490=EDGE_CURVE('',#5535,#6197,#2542,.T.);
#9492=EDGE_CURVE('',#6908,#5535,#1950,.T.);
#9494=EDGE_CURVE('',#6908,#6992,#1954,.T.);
#9496=EDGE_CURVE('',#6992,#6784,#1958,.T.);
#9507=EDGE_CURVE('',#5501,#5517,#2090,.T.);
#9521=EDGE_CURVE('',#5750,#5748,#2102,.T.);
#9523=EDGE_CURVE('',#5748,#5509,#2394,.T.);
#9534=EDGE_CURVE('',#5573,#5574,#5296,.T.);
#9536=EDGE_CURVE('',#5573,#6910,#2110,.T.);
#9538=EDGE_CURVE('',#6910,#5774,#1962,.T.);
#9550=EDGE_CURVE('',#5764,#5788,#1970,.T.);
#9552=EDGE_CURVE('',#6913,#5764,#1974,.T.);
#9554=EDGE_CURVE('',#6913,#6914,#2126,.T.);
#9556=EDGE_CURVE('',#6914,#5918,#1978,.T.);
#9558=EDGE_CURVE('',#5918,#5892,#1982,.T.);
#9569=EDGE_CURVE('',#5906,#5894,#1986,.T.);
#9571=EDGE_CURVE('',#6917,#5906,#1990,.T.);
#9573=EDGE_CURVE('',#6917,#6918,#2150,.T.);
#9575=EDGE_CURVE('',#6918,#5966,#1994,.T.);
#9577=EDGE_CURVE('',#5966,#5940,#1998,.T.);
#9588=EDGE_CURVE('',#5954,#5942,#2002,.T.);
#9590=EDGE_CURVE('',#6921,#5954,#2006,.T.);
#9592=EDGE_CURVE('',#6921,#6922,#2174,.T.);
#9594=EDGE_CURVE('',#6922,#6014,#2010,.T.);
#9596=EDGE_CURVE('',#6014,#5988,#2014,.T.);
#9607=EDGE_CURVE('',#6002,#5990,#2018,.T.);
#9609=EDGE_CURVE('',#6925,#6002,#2022,.T.);
#9611=EDGE_CURVE('',#6925,#6926,#2198,.T.);
#9613=EDGE_CURVE('',#6926,#6094,#2026,.T.);
#9615=EDGE_CURVE('',#6094,#6068,#2030,.T.);
#9626=EDGE_CURVE('',#6082,#6070,#2034,.T.);
#9628=EDGE_CURVE('',#6960,#6082,#2038,.T.);
#9630=EDGE_CURVE('',#6960,#6962,#2222,.T.);
#9632=EDGE_CURVE('',#6962,#6605,#2042,.T.);
#9634=EDGE_CURVE('',#6605,#6568,#2046,.T.);
#9645=EDGE_CURVE('',#6591,#6570,#2050,.T.);
#9647=EDGE_CURVE('',#6972,#6591,#2054,.T.);
#9649=EDGE_CURVE('',#6972,#6974,#2246,.T.);
#9651=EDGE_CURVE('',#6974,#6701,#2058,.T.);
#9663=EDGE_CURVE('',#6687,#6666,#2066,.T.);
#9665=EDGE_CURVE('',#6984,#6687,#2070,.T.);
#9667=EDGE_CURVE('',#6984,#6986,#2270,.T.);
#9669=EDGE_CURVE('',#6986,#6805,#2074,.T.);
#9671=EDGE_CURVE('',#6805,#6760,#2078,.T.);
#9681=EDGE_CURVE('',#6988,#6791,#2082,.T.);
#9683=EDGE_CURVE('',#6988,#6904,#2294,.T.);
#9685=EDGE_CURVE('',#6904,#6906,#5340,.T.);
#9688=EDGE_CURVE('',#6791,#6762,#2086,.T.);
#9700=EDGE_CURVE('',#5522,#5506,#2094,.T.);
#9711=EDGE_CURVE('',#5555,#5556,#2098,.T.);
#9713=EDGE_CURVE('',#5555,#5748,#2398,.T.);
#9725=EDGE_CURVE('',#5770,#6910,#2106,.T.);
#9728=EDGE_CURVE('',#5578,#5573,#5292,.T.);
#9730=EDGE_CURVE('',#6932,#5578,#2114,.T.);
#9741=EDGE_CURVE('',#5914,#6914,#2122,.T.);
#9744=EDGE_CURVE('',#5760,#6913,#2130,.T.);
#9746=EDGE_CURVE('',#6934,#5760,#2134,.T.);
#9748=EDGE_CURVE('',#6940,#6934,#2138,.T.);
#9750=EDGE_CURVE('',#6940,#5914,#2142,.T.);
#9760=EDGE_CURVE('',#5962,#6918,#2146,.T.);
#9763=EDGE_CURVE('',#5902,#6917,#2154,.T.);
#9765=EDGE_CURVE('',#6942,#5902,#2158,.T.);
#9767=EDGE_CURVE('',#6028,#6942,#2162,.T.);
#9769=EDGE_CURVE('',#6028,#5962,#2166,.T.);
#9779=EDGE_CURVE('',#6010,#6922,#2170,.T.);
#9782=EDGE_CURVE('',#5950,#6921,#2178,.T.);
#9784=EDGE_CURVE('',#6030,#5950,#2182,.T.);
#9786=EDGE_CURVE('',#6948,#6030,#2186,.T.);
#9788=EDGE_CURVE('',#6948,#6010,#2190,.T.);
#9798=EDGE_CURVE('',#6090,#6926,#2194,.T.);
#9801=EDGE_CURVE('',#5998,#6925,#2202,.T.);
#9803=EDGE_CURVE('',#6950,#5998,#2206,.T.);
#9805=EDGE_CURVE('',#6956,#6950,#2210,.T.);
#9807=EDGE_CURVE('',#6956,#6090,#2214,.T.);
#9817=EDGE_CURVE('',#6602,#6962,#2218,.T.);
#9820=EDGE_CURVE('',#6078,#6960,#2226,.T.);
#9822=EDGE_CURVE('',#6958,#6078,#2230,.T.);
#9824=EDGE_CURVE('',#6968,#6958,#2234,.T.);
#9826=EDGE_CURVE('',#6968,#6602,#2238,.T.);
#9836=EDGE_CURVE('',#6698,#6974,#2242,.T.);
#9839=EDGE_CURVE('',#6588,#6972,#2250,.T.);
#9841=EDGE_CURVE('',#6970,#6588,#2254,.T.);
#9843=EDGE_CURVE('',#6980,#6970,#2258,.T.);
#9854=EDGE_CURVE('',#6802,#6986,#2266,.T.);
#9857=EDGE_CURVE('',#6684,#6984,#2274,.T.);
#9859=EDGE_CURVE('',#6982,#6684,#2278,.T.);
#9861=EDGE_CURVE('',#6994,#6982,#2282,.T.);
#9863=EDGE_CURVE('',#6994,#6802,#2286,.T.);
#9873=EDGE_CURVE('',#6903,#6996,#2290,.T.);
#9875=EDGE_CURVE('',#6903,#6904,#5344,.T.);
#9878=EDGE_CURVE('',#6788,#6988,#2298,.T.);
#9880=EDGE_CURVE('',#6996,#6788,#2302,.T.);
#9903=EDGE_CURVE('',#5555,#5513,#2402,.T.);
#9916=EDGE_CURVE('',#5577,#5578,#5288,.T.);
#9929=EDGE_CURVE('',#6934,#6930,#2310,.T.);
#9932=EDGE_CURVE('',#6940,#6936,#2314,.T.);
#9943=EDGE_CURVE('',#6942,#6938,#2318,.T.);
#9946=EDGE_CURVE('',#6028,#6024,#2322,.T.);
#9957=EDGE_CURVE('',#6030,#6026,#2326,.T.);
#9960=EDGE_CURVE('',#6948,#6944,#2330,.T.);
#9971=EDGE_CURVE('',#6950,#6946,#2334,.T.);
#9974=EDGE_CURVE('',#6956,#6952,#2338,.T.);
#9985=EDGE_CURVE('',#6958,#6954,#2342,.T.);
#9988=EDGE_CURVE('',#6968,#6964,#2346,.T.);
#9999=EDGE_CURVE('',#6970,#6966,#2350,.T.);
#10012=EDGE_CURVE('',#6982,#6978,#2358,.T.);
#10015=EDGE_CURVE('',#6994,#6990,#2362,.T.);
#10026=EDGE_CURVE('',#6903,#6908,#5348,.T.);
#10029=EDGE_CURVE('',#6996,#6992,#2366,.T.);
#10050=EDGE_CURVE('',#5425,#5426,#2410,.T.);
#10052=EDGE_CURVE('',#5426,#5428,#2414,.T.);
#10054=EDGE_CURVE('',#5428,#5741,#2418,.T.);
#10056=EDGE_CURVE('',#5456,#5741,#2422,.T.);
#10058=EDGE_CURVE('',#5455,#5456,#2426,.T.);
#10060=EDGE_CURVE('',#6321,#5455,#2430,.T.);
#10073=EDGE_CURVE('',#5486,#5434,#2562,.T.);
#10085=EDGE_CURVE('',#5426,#5496,#2566,.T.);
#10096=EDGE_CURVE('',#5551,#5552,#2450,.T.);
#10099=EDGE_CURVE('',#5481,#5482,#2458,.T.);
#10101=EDGE_CURVE('',#5552,#5482,#2578,.T.);
#10111=EDGE_CURVE('',#5829,#5830,#2462,.T.);
#10114=EDGE_CURVE('',#5547,#5548,#2470,.T.);
#10116=EDGE_CURVE('',#5830,#5548,#2590,.T.);
#10126=EDGE_CURVE('',#5853,#5854,#2474,.T.);
#10129=EDGE_CURVE('',#5825,#5826,#2482,.T.);
#10131=EDGE_CURVE('',#5854,#5826,#2602,.T.);
#10141=EDGE_CURVE('',#5877,#5878,#2486,.T.);
#10144=EDGE_CURVE('',#5849,#5850,#2494,.T.);
#10146=EDGE_CURVE('',#5878,#5850,#2614,.T.);
#10156=EDGE_CURVE('',#6053,#6054,#2498,.T.);
#10159=EDGE_CURVE('',#5873,#5874,#2506,.T.);
#10161=EDGE_CURVE('',#6054,#5874,#2626,.T.);
#10171=EDGE_CURVE('',#6153,#6154,#2510,.T.);
#10174=EDGE_CURVE('',#6049,#6050,#2518,.T.);
#10176=EDGE_CURVE('',#6154,#6050,#2638,.T.);
#10186=EDGE_CURVE('',#6177,#6178,#2522,.T.);
#10189=EDGE_CURVE('',#6149,#6150,#2530,.T.);
#10191=EDGE_CURVE('',#6178,#6150,#2650,.T.);
#10201=EDGE_CURVE('',#6197,#6198,#2534,.T.);
#10203=EDGE_CURVE('',#5536,#6198,#2666,.T.);
#10205=EDGE_CURVE('',#5535,#5536,#2538,.T.);
#10216=EDGE_CURVE('',#6201,#6202,#2546,.T.);
#10219=EDGE_CURVE('',#6173,#6174,#2554,.T.);
#10221=EDGE_CURVE('',#6202,#6174,#2674,.T.);
#10234=EDGE_CURVE('',#5472,#5436,#2822,.T.);
#10246=EDGE_CURVE('',#5428,#5498,#2834,.T.);
#10257=EDGE_CURVE('',#5552,#5544,#2574,.T.);
#10260=EDGE_CURVE('',#5482,#5467,#2582,.T.);
#10262=EDGE_CURVE('',#5544,#5467,#2806,.T.);
#10272=EDGE_CURVE('',#5830,#5822,#2586,.T.);
#10275=EDGE_CURVE('',#5548,#5539,#2594,.T.);
#10277=EDGE_CURVE('',#5822,#5539,#2790,.T.);
#10287=EDGE_CURVE('',#5854,#5846,#2598,.T.);
#10290=EDGE_CURVE('',#5826,#5817,#2606,.T.);
#10292=EDGE_CURVE('',#5846,#5817,#2774,.T.);
#10302=EDGE_CURVE('',#5878,#5870,#2610,.T.);
#10305=EDGE_CURVE('',#5850,#5841,#2618,.T.);
#10307=EDGE_CURVE('',#5870,#5841,#2758,.T.);
#10317=EDGE_CURVE('',#6054,#6046,#2622,.T.);
#10320=EDGE_CURVE('',#5874,#5865,#2630,.T.);
#10322=EDGE_CURVE('',#6046,#5865,#2742,.T.);
#10332=EDGE_CURVE('',#6154,#6146,#2634,.T.);
#10335=EDGE_CURVE('',#6050,#6041,#2642,.T.);
#10337=EDGE_CURVE('',#6146,#6041,#2726,.T.);
#10347=EDGE_CURVE('',#6178,#6170,#2646,.T.);
#10350=EDGE_CURVE('',#6150,#6141,#2654,.T.);
#10352=EDGE_CURVE('',#6170,#6141,#2710,.T.);
#10362=EDGE_CURVE('',#6198,#6189,#2658,.T.);
#10364=EDGE_CURVE('',#5528,#6189,#2850,.T.);
#10366=EDGE_CURVE('',#5536,#5528,#2662,.T.);
#10377=EDGE_CURVE('',#6202,#6194,#2670,.T.);
#10380=EDGE_CURVE('',#6174,#6165,#2678,.T.);
#10382=EDGE_CURVE('',#6194,#6165,#2694,.T.);
#10392=EDGE_CURVE('',#6189,#6190,#2682,.T.);
#10394=EDGE_CURVE('',#6190,#6192,#2686,.T.);
#10396=EDGE_CURVE('',#6194,#6192,#2690,.T.);
#10399=EDGE_CURVE('',#6165,#6166,#2698,.T.);
#10401=EDGE_CURVE('',#6166,#6168,#2702,.T.);
#10403=EDGE_CURVE('',#6170,#6168,#2706,.T.);
#10406=EDGE_CURVE('',#6141,#6142,#2714,.T.);
#10408=EDGE_CURVE('',#6142,#6144,#2718,.T.);
#10410=EDGE_CURVE('',#6146,#6144,#2722,.T.);
#10413=EDGE_CURVE('',#6041,#6042,#2730,.T.);
#10415=EDGE_CURVE('',#6042,#6044,#2734,.T.);
#10417=EDGE_CURVE('',#6046,#6044,#2738,.T.);
#10420=EDGE_CURVE('',#5865,#5866,#2746,.T.);
#10422=EDGE_CURVE('',#5866,#5868,#2750,.T.);
#10424=EDGE_CURVE('',#5870,#5868,#2754,.T.);
#10427=EDGE_CURVE('',#5841,#5842,#2762,.T.);
#10429=EDGE_CURVE('',#5842,#5844,#2766,.T.);
#10431=EDGE_CURVE('',#5846,#5844,#2770,.T.);
#10434=EDGE_CURVE('',#5817,#5818,#2778,.T.);
#10436=EDGE_CURVE('',#5818,#5820,#2782,.T.);
#10438=EDGE_CURVE('',#5822,#5820,#2786,.T.);
#10441=EDGE_CURVE('',#5539,#5540,#2794,.T.);
#10443=EDGE_CURVE('',#5540,#5542,#2798,.T.);
#10445=EDGE_CURVE('',#5544,#5542,#2802,.T.);
#10448=EDGE_CURVE('',#5467,#5468,#2810,.T.);
#10450=EDGE_CURVE('',#5468,#5470,#2814,.T.);
#10457=EDGE_CURVE('',#5741,#5742,#2830,.T.);
#10462=EDGE_CURVE('',#5524,#5526,#2842,.T.);
#10464=EDGE_CURVE('',#5528,#5526,#2846,.T.);
#10475=EDGE_CURVE('',#6780,#6757,#2854,.T.);
#10479=EDGE_CURVE('',#6181,#6778,#3280,.T.);
#10481=EDGE_CURVE('',#6780,#6778,#2859,.T.);
#10491=EDGE_CURVE('',#6783,#6784,#2863,.T.);
#10493=EDGE_CURVE('',#6190,#6783,#3006,.T.);
#10507=EDGE_CURVE('',#6787,#6788,#2867,.T.);
#10511=EDGE_CURVE('',#6791,#6792,#2871,.T.);
#10513=EDGE_CURVE('',#6792,#6777,#2876,.T.);
#10515=EDGE_CURVE('',#6777,#6301,#3272,.T.);
#10517=EDGE_CURVE('',#6787,#6301,#3014,.T.);
#10528=EDGE_CURVE('',#6798,#6780,#2880,.T.);
#10530=EDGE_CURVE('',#6798,#6753,#3018,.T.);
#10532=EDGE_CURVE('',#6753,#6745,#2955,.T.);
#10534=EDGE_CURVE('',#6745,#6746,#2939,.T.);
#10536=EDGE_CURVE('',#6757,#6746,#2888,.T.);
#10547=EDGE_CURVE('',#6742,#6778,#2923,.T.);
#10549=EDGE_CURVE('',#6734,#6742,#2884,.T.);
#10551=EDGE_CURVE('',#6734,#6774,#2960,.T.);
#10553=EDGE_CURVE('',#6798,#6774,#3023,.T.);
#10566=EDGE_CURVE('',#6746,#6784,#2892,.T.);
#10571=EDGE_CURVE('',#6788,#6750,#2896,.T.);
#10573=EDGE_CURVE('',#6750,#6791,#2900,.T.);
#10585=EDGE_CURVE('',#6777,#6778,#3276,.T.);
#10587=EDGE_CURVE('',#6777,#6737,#2905,.T.);
#10589=EDGE_CURVE('',#6737,#6738,#2909,.T.);
#10591=EDGE_CURVE('',#6738,#6740,#2914,.T.);
#10593=EDGE_CURVE('',#6740,#6742,#2918,.T.);
#10604=EDGE_CURVE('',#6814,#6816,#2927,.T.);
#10606=EDGE_CURVE('',#6814,#6769,#2931,.T.);
#10609=EDGE_CURVE('',#6770,#6816,#2935,.T.);
#10622=EDGE_CURVE('',#6745,#6800,#2951,.T.);
#10624=EDGE_CURVE('',#6794,#6800,#3027,.T.);
#10626=EDGE_CURVE('',#6783,#6794,#3002,.T.);
#10639=EDGE_CURVE('',#6749,#6805,#2943,.T.);
#10641=EDGE_CURVE('',#6802,#6749,#2947,.T.);
#10656=EDGE_CURVE('',#6773,#6774,#3260,.T.);
#10659=EDGE_CURVE('',#6732,#6734,#2964,.T.);
#10661=EDGE_CURVE('',#6730,#6732,#2969,.T.);
#10663=EDGE_CURVE('',#6729,#6730,#2973,.T.);
#10665=EDGE_CURVE('',#6773,#6729,#2978,.T.);
#10675=EDGE_CURVE('',#6820,#6813,#2982,.T.);
#10677=EDGE_CURVE('',#6766,#6820,#2986,.T.);
#10680=EDGE_CURVE('',#6813,#6765,#2990,.T.);
#10692=EDGE_CURVE('',#6749,#6750,#2994,.T.);
#10695=EDGE_CURVE('',#6805,#6806,#3048,.T.);
#10697=EDGE_CURVE('',#6806,#6792,#5236,.T.);
#10708=EDGE_CURVE('',#6787,#6796,#3010,.T.);
#10710=EDGE_CURVE('',#6796,#6802,#3035,.T.);
#10723=EDGE_CURVE('',#6813,#6814,#2998,.T.);
#10737=EDGE_CURVE('',#6192,#6794,#3031,.T.);
#10751=EDGE_CURVE('',#6301,#6302,#3268,.T.);
#10753=EDGE_CURVE('',#6796,#6302,#3039,.T.);
#10765=EDGE_CURVE('',#6185,#6774,#3256,.T.);
#10793=EDGE_CURVE('',#6773,#6302,#3264,.T.);
#10795=EDGE_CURVE('',#6806,#6773,#3044,.T.);
#10808=EDGE_CURVE('',#6337,#6338,#3052,.T.);
#10812=EDGE_CURVE('',#5568,#6252,#3060,.T.);
#10815=EDGE_CURVE('',#6251,#5778,#3068,.T.);
#10817=EDGE_CURVE('',#5776,#5778,#3072,.T.);
#10819=EDGE_CURVE('',#6255,#5776,#3076,.T.);
#10821=EDGE_CURVE('',#6255,#6256,#3080,.T.);
#10823=EDGE_CURVE('',#5564,#6256,#3084,.T.);
#10826=EDGE_CURVE('',#5813,#6260,#3088,.T.);
#10828=EDGE_CURVE('',#6259,#6260,#3092,.T.);
#10830=EDGE_CURVE('',#6259,#5922,#3096,.T.);
#10832=EDGE_CURVE('',#5920,#5922,#3100,.T.);
#10834=EDGE_CURVE('',#6263,#5920,#3104,.T.);
#10836=EDGE_CURVE('',#6263,#6264,#3108,.T.);
#10838=EDGE_CURVE('',#5809,#6264,#3112,.T.);
#10841=EDGE_CURVE('',#5837,#6268,#3116,.T.);
#10843=EDGE_CURVE('',#6267,#6268,#3120,.T.);
#10845=EDGE_CURVE('',#6267,#5970,#3124,.T.);
#10847=EDGE_CURVE('',#5968,#5970,#3128,.T.);
#10849=EDGE_CURVE('',#6271,#5968,#3132,.T.);
#10851=EDGE_CURVE('',#6271,#6272,#3136,.T.);
#10853=EDGE_CURVE('',#5833,#6272,#3140,.T.);
#10856=EDGE_CURVE('',#5861,#6276,#3144,.T.);
#10858=EDGE_CURVE('',#6275,#6276,#3148,.T.);
#10860=EDGE_CURVE('',#6275,#6018,#3152,.T.);
#10862=EDGE_CURVE('',#6016,#6018,#3156,.T.);
#10864=EDGE_CURVE('',#6279,#6016,#3160,.T.);
#10866=EDGE_CURVE('',#6279,#6280,#3164,.T.);
#10868=EDGE_CURVE('',#5857,#6280,#3168,.T.);
#10871=EDGE_CURVE('',#6037,#6284,#3172,.T.);
#10873=EDGE_CURVE('',#6283,#6284,#3176,.T.);
#10875=EDGE_CURVE('',#6283,#6098,#3180,.T.);
#10877=EDGE_CURVE('',#6096,#6098,#3184,.T.);
#10879=EDGE_CURVE('',#6287,#6096,#3188,.T.);
#10881=EDGE_CURVE('',#6287,#6288,#3192,.T.);
#10883=EDGE_CURVE('',#6033,#6288,#3196,.T.);
#10886=EDGE_CURVE('',#6137,#6574,#3200,.T.);
#10888=EDGE_CURVE('',#6573,#6574,#3204,.T.);
#10890=EDGE_CURVE('',#6573,#6294,#3208,.T.);
#10892=EDGE_CURVE('',#6293,#6294,#3212,.T.);
#10894=EDGE_CURVE('',#6577,#6293,#3216,.T.);
#10896=EDGE_CURVE('',#6577,#6578,#3220,.T.);
#10898=EDGE_CURVE('',#6133,#6578,#3224,.T.);
#10901=EDGE_CURVE('',#6161,#6670,#3228,.T.);
#10904=EDGE_CURVE('',#6669,#6298,#3236,.T.);
#10906=EDGE_CURVE('',#6297,#6298,#3240,.T.);
#10908=EDGE_CURVE('',#6673,#6297,#3244,.T.);
#10910=EDGE_CURVE('',#6673,#6674,#3248,.T.);
#10912=EDGE_CURVE('',#6157,#6674,#3252,.T.);
#10923=EDGE_CURVE('',#6338,#6352,#3284,.T.);
#10934=EDGE_CURVE('',#6338,#6306,#3288,.T.);
#10936=EDGE_CURVE('',#6836,#6306,#3516,.T.);
#10938=EDGE_CURVE('',#6836,#6828,#3292,.T.);
#10940=EDGE_CURVE('',#6828,#6830,#3548,.T.);
#10942=EDGE_CURVE('',#6290,#6830,#3568,.T.);
#10944=EDGE_CURVE('',#5597,#6290,#3500,.T.);
#10946=EDGE_CURVE('',#5597,#5590,#3296,.T.);
#10948=EDGE_CURVE('',#5590,#5592,#3536,.T.);
#10950=EDGE_CURVE('',#5601,#5592,#3520,.T.);
#10952=EDGE_CURVE('',#6310,#5601,#3484,.T.);
#10965=EDGE_CURVE('',#6880,#6894,#3308,.T.);
#10967=EDGE_CURVE('',#6894,#6896,#3312,.T.);
#10969=EDGE_CURVE('',#6888,#6896,#3316,.T.);
#10973=EDGE_CURVE('',#6305,#6306,#3472,.T.);
#10980=EDGE_CURVE('',#7080,#7078,#3324,.T.);
#10991=EDGE_CURVE('',#6879,#6839,#3328,.T.);
#10993=EDGE_CURVE('',#6839,#6840,#3333,.T.);
#10995=EDGE_CURVE('',#6840,#6842,#3337,.T.);
#10997=EDGE_CURVE('',#6842,#6844,#3341,.T.);
#10999=EDGE_CURVE('',#6844,#6846,#3345,.T.);
#11001=EDGE_CURVE('',#6846,#6894,#3350,.T.);
#11014=EDGE_CURVE('',#6898,#6849,#3355,.T.);
#11016=EDGE_CURVE('',#6849,#6850,#3359,.T.);
#11018=EDGE_CURVE('',#6850,#6852,#3363,.T.);
#11020=EDGE_CURVE('',#6852,#6854,#3367,.T.);
#11022=EDGE_CURVE('',#6854,#6856,#3372,.T.);
#11024=EDGE_CURVE('',#6856,#6884,#3376,.T.);
#11035=EDGE_CURVE('',#6887,#6859,#3402,.T.);
#11037=EDGE_CURVE('',#6839,#6859,#3448,.T.);
#11050=EDGE_CURVE('',#6866,#6896,#3381,.T.);
#11052=EDGE_CURVE('',#6864,#6866,#3385,.T.);
#11054=EDGE_CURVE('',#6862,#6864,#3389,.T.);
#11056=EDGE_CURVE('',#6860,#6862,#3393,.T.);
#11058=EDGE_CURVE('',#6859,#6860,#3398,.T.);
#11070=EDGE_CURVE('',#6876,#6892,#3406,.T.);
#11072=EDGE_CURVE('',#6874,#6876,#3411,.T.);
#11074=EDGE_CURVE('',#6872,#6874,#3415,.T.);
#11076=EDGE_CURVE('',#6870,#6872,#3419,.T.);
#11078=EDGE_CURVE('',#6869,#6870,#3423,.T.);
#11080=EDGE_CURVE('',#6900,#6869,#3428,.T.);
#11093=EDGE_CURVE('',#6846,#6866,#3432,.T.);
#11105=EDGE_CURVE('',#6844,#6864,#3436,.T.);
#11118=EDGE_CURVE('',#6842,#6862,#3440,.T.);
#11131=EDGE_CURVE('',#6840,#6860,#3444,.T.);
#11157=EDGE_CURVE('',#6856,#6876,#3452,.T.);
#11169=EDGE_CURVE('',#6854,#6874,#3456,.T.);
#11182=EDGE_CURVE('',#6852,#6872,#3460,.T.);
#11195=EDGE_CURVE('',#6850,#6870,#3464,.T.);
#11208=EDGE_CURVE('',#6849,#6869,#3468,.T.);
#11236=EDGE_CURVE('',#5601,#5602,#3488,.T.);
#11238=EDGE_CURVE('',#5602,#5598,#3492,.T.);
#11240=EDGE_CURVE('',#5597,#5598,#3496,.T.);
#11243=EDGE_CURVE('',#6290,#6833,#3504,.T.);
#11245=EDGE_CURVE('',#6833,#6834,#3508,.T.);
#11247=EDGE_CURVE('',#6836,#6834,#3512,.T.);
#11260=EDGE_CURVE('',#5592,#5594,#3532,.T.);
#11262=EDGE_CURVE('',#5602,#5594,#3560,.T.);
#11272=EDGE_CURVE('',#5589,#5590,#3524,.T.);
#11274=EDGE_CURVE('',#5594,#5589,#3528,.T.);
#11286=EDGE_CURVE('',#6825,#6826,#3540,.T.);
#11288=EDGE_CURVE('',#6830,#6825,#3544,.T.);
#11291=EDGE_CURVE('',#6826,#6828,#3552,.T.);
#11302=EDGE_CURVE('',#5598,#5589,#3556,.T.);
#11327=EDGE_CURVE('',#6833,#6825,#3564,.T.);
#11330=EDGE_CURVE('',#6834,#6826,#3572,.T.);
#11366=EDGE_CURVE('',#7012,#7028,#3576,.T.);
#11380=EDGE_CURVE('',#7010,#7026,#3580,.T.);
#11393=EDGE_CURVE('',#7008,#7024,#3584,.T.);
#11416=EDGE_CURVE('',#6374,#5560,#3592,.T.);
#11418=EDGE_CURVE('',#6374,#6252,#3597,.T.);
#11430=EDGE_CURVE('',#5542,#5586,#3601,.T.);
#11432=EDGE_CURVE('',#5586,#5768,#3605,.T.);
#11446=EDGE_CURVE('',#5766,#5770,#3609,.T.);
#11448=EDGE_CURVE('',#5766,#5778,#3613,.T.);
#11451=EDGE_CURVE('',#5773,#6251,#3618,.T.);
#11453=EDGE_CURVE('',#5773,#5774,#3622,.T.);
#11465=EDGE_CURVE('',#6372,#5570,#3635,.T.);
#11467=EDGE_CURVE('',#6374,#6372,#3626,.T.);
#11471=EDGE_CURVE('',#5790,#5792,#3735,.T.);
#11473=EDGE_CURVE('',#5570,#5792,#3664,.T.);
#11486=EDGE_CURVE('',#6372,#6256,#3631,.T.);
#11497=EDGE_CURVE('',#5540,#5584,#3719,.T.);
#11503=EDGE_CURVE('',#5584,#5756,#3639,.T.);
#11513=EDGE_CURVE('',#5759,#5760,#3643,.T.);
#11517=EDGE_CURVE('',#5763,#5764,#3647,.T.);
#11519=EDGE_CURVE('',#5763,#6255,#3652,.T.);
#11522=EDGE_CURVE('',#5759,#5776,#3731,.T.);
#11533=EDGE_CURVE('',#6370,#6256,#3695,.T.);
#11535=EDGE_CURVE('',#6362,#6370,#3656,.T.);
#11548=EDGE_CURVE('',#5754,#5764,#3660,.T.);
#11554=EDGE_CURVE('',#5792,#5756,#3668,.T.);
#11559=EDGE_CURVE('',#5760,#5754,#3672,.T.);
#11570=EDGE_CURVE('',#6255,#6365,#3677,.T.);
#11572=EDGE_CURVE('',#6365,#6366,#3681,.T.);
#11574=EDGE_CURVE('',#6366,#6369,#3686,.T.);
#11576=EDGE_CURVE('',#6369,#6370,#3690,.T.);
#11587=EDGE_CURVE('',#6470,#6462,#3699,.T.);
#11589=EDGE_CURVE('',#6470,#6215,#3703,.T.);
#11592=EDGE_CURVE('',#6216,#6462,#3707,.T.);
#11604=EDGE_CURVE('',#5753,#5754,#3711,.T.);
#11608=EDGE_CURVE('',#5773,#5763,#3775,.T.);
#11619=EDGE_CURVE('',#5759,#5766,#3727,.T.);
#11633=EDGE_CURVE('',#6465,#6470,#3715,.T.);
#11647=EDGE_CURVE('',#5584,#5586,#3723,.T.);
#11685=EDGE_CURVE('',#6465,#6466,#3739,.T.);
#11688=EDGE_CURVE('',#6469,#6470,#3743,.T.);
#11690=EDGE_CURVE('',#6466,#6469,#3751,.T.);
#11700=EDGE_CURVE('',#6457,#6458,#3747,.T.);
#11704=EDGE_CURVE('',#6457,#6466,#3763,.T.);
#11715=EDGE_CURVE('',#6457,#6461,#3759,.T.);
#11717=EDGE_CURVE('',#6461,#6462,#3767,.T.);
#11719=EDGE_CURVE('',#6458,#6462,#3771,.T.);
#11730=EDGE_CURVE('',#6469,#6461,#3755,.T.);
#11770=EDGE_CURVE('',#6357,#6365,#3779,.T.);
#11782=EDGE_CURVE('',#6358,#6366,#3783,.T.);
#11795=EDGE_CURVE('',#6361,#6369,#3787,.T.);
#11819=EDGE_CURVE('',#5908,#5912,#3791,.T.);
#11825=EDGE_CURVE('',#5820,#5908,#3795,.T.);
#11835=EDGE_CURVE('',#5910,#5914,#3799,.T.);
#11837=EDGE_CURVE('',#5910,#5922,#3803,.T.);
#11840=EDGE_CURVE('',#5917,#6259,#3808,.T.);
#11842=EDGE_CURVE('',#5917,#5918,#3812,.T.);
#11855=EDGE_CURVE('',#6394,#5886,#3816,.T.);
#11857=EDGE_CURVE('',#6394,#6260,#3821,.T.);
#11869=EDGE_CURVE('',#5897,#5898,#3829,.T.);
#11871=EDGE_CURVE('',#5926,#5898,#3934,.T.);
#11873=EDGE_CURVE('',#5924,#5926,#3825,.T.);
#11875=EDGE_CURVE('',#5924,#5912,#3883,.T.);
#11878=EDGE_CURVE('',#5897,#5908,#3855,.T.);
#11889=EDGE_CURVE('',#5818,#5897,#3859,.T.);
#11903=EDGE_CURVE('',#5901,#5902,#3833,.T.);
#11907=EDGE_CURVE('',#5905,#5906,#3837,.T.);
#11909=EDGE_CURVE('',#5905,#6263,#3842,.T.);
#11912=EDGE_CURVE('',#5901,#5920,#3867,.T.);
#11925=EDGE_CURVE('',#6392,#6264,#3847,.T.);
#11927=EDGE_CURVE('',#6392,#5890,#3851,.T.);
#11949=EDGE_CURVE('',#5901,#5910,#3863,.T.);
#11965=EDGE_CURVE('',#5914,#5881,#3879,.T.);
#11967=EDGE_CURVE('',#5881,#5882,#3926,.T.);
#11969=EDGE_CURVE('',#5902,#5882,#3938,.T.);
#11979=EDGE_CURVE('',#6477,#6478,#3871,.T.);
#11981=EDGE_CURVE('',#6477,#6219,#3922,.T.);
#11984=EDGE_CURVE('',#6478,#6223,#3973,.T.);
#11997=EDGE_CURVE('',#5881,#5918,#3875,.T.);
#12004=EDGE_CURVE('',#5886,#5924,#3887,.T.);
#12015=EDGE_CURVE('',#6382,#6260,#3892,.T.);
#12017=EDGE_CURVE('',#6381,#6382,#3896,.T.);
#12019=EDGE_CURVE('',#6378,#6381,#3901,.T.);
#12021=EDGE_CURVE('',#6377,#6378,#3905,.T.);
#12023=EDGE_CURVE('',#6259,#6377,#3910,.T.);
#12033=EDGE_CURVE('',#6484,#6477,#3914,.T.);
#12035=EDGE_CURVE('',#6220,#6484,#3918,.T.);
#12048=EDGE_CURVE('',#5882,#5906,#3942,.T.);
#12053=EDGE_CURVE('',#5917,#5905,#4001,.T.);
#12064=EDGE_CURVE('',#5890,#5926,#3930,.T.);
#12083=EDGE_CURVE('',#6263,#6385,#3947,.T.);
#12085=EDGE_CURVE('',#6385,#6386,#3951,.T.);
#12087=EDGE_CURVE('',#6386,#6389,#3956,.T.);
#12089=EDGE_CURVE('',#6389,#6390,#3960,.T.);
#12091=EDGE_CURVE('',#6390,#6264,#3965,.T.);
#12101=EDGE_CURVE('',#6478,#6480,#3969,.T.);
#12105=EDGE_CURVE('',#6224,#6480,#3977,.T.);
#12116=EDGE_CURVE('',#6394,#6392,#3981,.T.);
#12132=EDGE_CURVE('',#6382,#6390,#3985,.T.);
#12148=EDGE_CURVE('',#6381,#6389,#3989,.T.);
#12161=EDGE_CURVE('',#6378,#6386,#3993,.T.);
#12174=EDGE_CURVE('',#6377,#6385,#3997,.T.);
#12199=EDGE_CURVE('',#6482,#6480,#4005,.T.);
#12201=EDGE_CURVE('',#6474,#6482,#4021,.T.);
#12203=EDGE_CURVE('',#6474,#6478,#4037,.T.);
#12213=EDGE_CURVE('',#6484,#6480,#4013,.T.);
#12215=EDGE_CURVE('',#6486,#6484,#4009,.T.);
#12217=EDGE_CURVE('',#6486,#6482,#4025,.T.);
#12240=EDGE_CURVE('',#6486,#6473,#4029,.T.);
#12244=EDGE_CURVE('',#6477,#6473,#4033,.T.);
#12254=EDGE_CURVE('',#6473,#6474,#4017,.T.);
#12279=EDGE_CURVE('',#5956,#5960,#4041,.T.);
#12285=EDGE_CURVE('',#5844,#5956,#4045,.T.);
#12295=EDGE_CURVE('',#5958,#5962,#4049,.T.);
#12297=EDGE_CURVE('',#5958,#5970,#4053,.T.);
#12300=EDGE_CURVE('',#5965,#6267,#4058,.T.);
#12302=EDGE_CURVE('',#5965,#5966,#4062,.T.);
#12315=EDGE_CURVE('',#6414,#5934,#4066,.T.);
#12317=EDGE_CURVE('',#6414,#6268,#4071,.T.);
#12329=EDGE_CURVE('',#5945,#5946,#4079,.T.);
#12331=EDGE_CURVE('',#5974,#5946,#4184,.T.);
#12333=EDGE_CURVE('',#5972,#5974,#4075,.T.);
#12335=EDGE_CURVE('',#5972,#5960,#4133,.T.);
#12338=EDGE_CURVE('',#5945,#5956,#4105,.T.);
#12349=EDGE_CURVE('',#5842,#5945,#4109,.T.);
#12363=EDGE_CURVE('',#5949,#5950,#4083,.T.);
#12367=EDGE_CURVE('',#5953,#5954,#4087,.T.);
#12369=EDGE_CURVE('',#5953,#6271,#4092,.T.);
#12372=EDGE_CURVE('',#5949,#5968,#4117,.T.);
#12385=EDGE_CURVE('',#6412,#6272,#4097,.T.);
#12387=EDGE_CURVE('',#6412,#5938,#4101,.T.);
#12409=EDGE_CURVE('',#5949,#5958,#4113,.T.);
#12425=EDGE_CURVE('',#5962,#5929,#4129,.T.);
#12427=EDGE_CURVE('',#5929,#5930,#4176,.T.);
#12429=EDGE_CURVE('',#5950,#5930,#4188,.T.);
#12439=EDGE_CURVE('',#6493,#6494,#4121,.T.);
#12441=EDGE_CURVE('',#6493,#6227,#4172,.T.);
#12444=EDGE_CURVE('',#6494,#6231,#4223,.T.);
#12457=EDGE_CURVE('',#5929,#5966,#4125,.T.);
#12464=EDGE_CURVE('',#5934,#5972,#4137,.T.);
#12475=EDGE_CURVE('',#6402,#6268,#4142,.T.);
#12477=EDGE_CURVE('',#6401,#6402,#4146,.T.);
#12479=EDGE_CURVE('',#6398,#6401,#4151,.T.);
#12481=EDGE_CURVE('',#6397,#6398,#4155,.T.);
#12483=EDGE_CURVE('',#6267,#6397,#4160,.T.);
#12493=EDGE_CURVE('',#6500,#6493,#4164,.T.);
#12495=EDGE_CURVE('',#6228,#6500,#4168,.T.);
#12508=EDGE_CURVE('',#5930,#5954,#4192,.T.);
#12513=EDGE_CURVE('',#5965,#5953,#4251,.T.);
#12524=EDGE_CURVE('',#5938,#5974,#4180,.T.);
#12543=EDGE_CURVE('',#6271,#6405,#4197,.T.);
#12545=EDGE_CURVE('',#6405,#6406,#4201,.T.);
#12547=EDGE_CURVE('',#6406,#6409,#4206,.T.);
#12549=EDGE_CURVE('',#6409,#6410,#4210,.T.);
#12551=EDGE_CURVE('',#6410,#6272,#4215,.T.);
#12561=EDGE_CURVE('',#6494,#6496,#4219,.T.);
#12565=EDGE_CURVE('',#6232,#6496,#4227,.T.);
#12576=EDGE_CURVE('',#6414,#6412,#4231,.T.);
#12592=EDGE_CURVE('',#6402,#6410,#4235,.T.);
#12608=EDGE_CURVE('',#6401,#6409,#4239,.T.);
#12621=EDGE_CURVE('',#6398,#6406,#4243,.T.);
#12634=EDGE_CURVE('',#6397,#6405,#4247,.T.);
#12659=EDGE_CURVE('',#6498,#6496,#4255,.T.);
#12661=EDGE_CURVE('',#6490,#6498,#4271,.T.);
#12663=EDGE_CURVE('',#6490,#6494,#4287,.T.);
#12673=EDGE_CURVE('',#6500,#6496,#4263,.T.);
#12675=EDGE_CURVE('',#6502,#6500,#4259,.T.);
#12677=EDGE_CURVE('',#6502,#6498,#4275,.T.);
#12700=EDGE_CURVE('',#6502,#6489,#4279,.T.);
#12704=EDGE_CURVE('',#6493,#6489,#4283,.T.);
#12714=EDGE_CURVE('',#6489,#6490,#4267,.T.);
#12739=EDGE_CURVE('',#6004,#6008,#4291,.T.);
#12745=EDGE_CURVE('',#5868,#6004,#4295,.T.);
#12755=EDGE_CURVE('',#6006,#6010,#4299,.T.);
#12757=EDGE_CURVE('',#6006,#6018,#4303,.T.);
#12760=EDGE_CURVE('',#6013,#6275,#4308,.T.);
#12762=EDGE_CURVE('',#6013,#6014,#4312,.T.);
#12775=EDGE_CURVE('',#6434,#5982,#4316,.T.);
#12777=EDGE_CURVE('',#6434,#6276,#4321,.T.);
#12789=EDGE_CURVE('',#5993,#5994,#4329,.T.);
#12791=EDGE_CURVE('',#6022,#5994,#4434,.T.);
#12793=EDGE_CURVE('',#6020,#6022,#4325,.T.);
#12795=EDGE_CURVE('',#6020,#6008,#4383,.T.);
#12798=EDGE_CURVE('',#5993,#6004,#4355,.T.);
#12809=EDGE_CURVE('',#5866,#5993,#4359,.T.);
#12823=EDGE_CURVE('',#5997,#5998,#4333,.T.);
#12827=EDGE_CURVE('',#6001,#6002,#4337,.T.);
#12829=EDGE_CURVE('',#6001,#6279,#4342,.T.);
#12832=EDGE_CURVE('',#5997,#6016,#4367,.T.);
#12845=EDGE_CURVE('',#6432,#6280,#4347,.T.);
#12847=EDGE_CURVE('',#6432,#5986,#4351,.T.);
#12869=EDGE_CURVE('',#5997,#6006,#4363,.T.);
#12885=EDGE_CURVE('',#6010,#5977,#4379,.T.);
#12887=EDGE_CURVE('',#5977,#5978,#4426,.T.);
#12889=EDGE_CURVE('',#5998,#5978,#4438,.T.);
#12899=EDGE_CURVE('',#6509,#6510,#4371,.T.);
#12901=EDGE_CURVE('',#6509,#6235,#4422,.T.);
#12904=EDGE_CURVE('',#6510,#6239,#4473,.T.);
#12917=EDGE_CURVE('',#5977,#6014,#4375,.T.);
#12924=EDGE_CURVE('',#5982,#6020,#4387,.T.);
#12935=EDGE_CURVE('',#6422,#6276,#4392,.T.);
#12937=EDGE_CURVE('',#6421,#6422,#4396,.T.);
#12939=EDGE_CURVE('',#6418,#6421,#4401,.T.);
#12941=EDGE_CURVE('',#6417,#6418,#4405,.T.);
#12943=EDGE_CURVE('',#6275,#6417,#4410,.T.);
#12953=EDGE_CURVE('',#6516,#6509,#4414,.T.);
#12955=EDGE_CURVE('',#6236,#6516,#4418,.T.);
#12968=EDGE_CURVE('',#5978,#6002,#4442,.T.);
#12973=EDGE_CURVE('',#6013,#6001,#4501,.T.);
#12984=EDGE_CURVE('',#5986,#6022,#4430,.T.);
#13003=EDGE_CURVE('',#6279,#6425,#4447,.T.);
#13005=EDGE_CURVE('',#6425,#6426,#4451,.T.);
#13007=EDGE_CURVE('',#6426,#6429,#4456,.T.);
#13009=EDGE_CURVE('',#6429,#6430,#4460,.T.);
#13011=EDGE_CURVE('',#6430,#6280,#4465,.T.);
#13021=EDGE_CURVE('',#6510,#6512,#4469,.T.);
#13025=EDGE_CURVE('',#6240,#6512,#4477,.T.);
#13036=EDGE_CURVE('',#6434,#6432,#4481,.T.);
#13052=EDGE_CURVE('',#6422,#6430,#4485,.T.);
#13068=EDGE_CURVE('',#6421,#6429,#4489,.T.);
#13081=EDGE_CURVE('',#6418,#6426,#4493,.T.);
#13094=EDGE_CURVE('',#6417,#6425,#4497,.T.);
#13119=EDGE_CURVE('',#6514,#6512,#4505,.T.);
#13121=EDGE_CURVE('',#6506,#6514,#4521,.T.);
#13123=EDGE_CURVE('',#6506,#6510,#4537,.T.);
#13133=EDGE_CURVE('',#6516,#6512,#4513,.T.);
#13135=EDGE_CURVE('',#6518,#6516,#4509,.T.);
#13137=EDGE_CURVE('',#6518,#6514,#4525,.T.);
#13160=EDGE_CURVE('',#6518,#6505,#4529,.T.);
#13164=EDGE_CURVE('',#6509,#6505,#4533,.T.);
#13174=EDGE_CURVE('',#6505,#6506,#4517,.T.);
#13199=EDGE_CURVE('',#6084,#6088,#4541,.T.);
#13205=EDGE_CURVE('',#6044,#6084,#4545,.T.);
#13215=EDGE_CURVE('',#6086,#6090,#4549,.T.);
#13217=EDGE_CURVE('',#6086,#6098,#4553,.T.);
#13220=EDGE_CURVE('',#6093,#6283,#4558,.T.);
#13222=EDGE_CURVE('',#6093,#6094,#4562,.T.);
#13235=EDGE_CURVE('',#6454,#6062,#4566,.T.);
#13237=EDGE_CURVE('',#6454,#6284,#4571,.T.);
#13249=EDGE_CURVE('',#6073,#6074,#4579,.T.);
#13251=EDGE_CURVE('',#6102,#6074,#4684,.T.);
#13253=EDGE_CURVE('',#6100,#6102,#4575,.T.);
#13255=EDGE_CURVE('',#6100,#6088,#4633,.T.);
#13258=EDGE_CURVE('',#6073,#6084,#4605,.T.);
#13269=EDGE_CURVE('',#6042,#6073,#4609,.T.);
#13283=EDGE_CURVE('',#6077,#6078,#4583,.T.);
#13287=EDGE_CURVE('',#6081,#6082,#4587,.T.);
#13289=EDGE_CURVE('',#6081,#6287,#4592,.T.);
#13292=EDGE_CURVE('',#6077,#6096,#4617,.T.);
#13305=EDGE_CURVE('',#6452,#6288,#4597,.T.);
#13307=EDGE_CURVE('',#6452,#6066,#4601,.T.);
#13329=EDGE_CURVE('',#6077,#6086,#4613,.T.);
#13345=EDGE_CURVE('',#6090,#6057,#4629,.T.);
#13347=EDGE_CURVE('',#6057,#6058,#4676,.T.);
#13349=EDGE_CURVE('',#6078,#6058,#4688,.T.);
#13359=EDGE_CURVE('',#6525,#6526,#4621,.T.);
#13361=EDGE_CURVE('',#6525,#6243,#4672,.T.);
#13364=EDGE_CURVE('',#6526,#6247,#4723,.T.);
#13377=EDGE_CURVE('',#6057,#6094,#4625,.T.);
#13384=EDGE_CURVE('',#6062,#6100,#4637,.T.);
#13395=EDGE_CURVE('',#6442,#6284,#4642,.T.);
#13397=EDGE_CURVE('',#6441,#6442,#4646,.T.);
#13399=EDGE_CURVE('',#6438,#6441,#4651,.T.);
#13401=EDGE_CURVE('',#6437,#6438,#4655,.T.);
#13403=EDGE_CURVE('',#6283,#6437,#4660,.T.);
#13413=EDGE_CURVE('',#6532,#6525,#4664,.T.);
#13415=EDGE_CURVE('',#6244,#6532,#4668,.T.);
#13428=EDGE_CURVE('',#6058,#6082,#4692,.T.);
#13433=EDGE_CURVE('',#6093,#6081,#4751,.T.);
#13444=EDGE_CURVE('',#6066,#6102,#4680,.T.);
#13463=EDGE_CURVE('',#6287,#6445,#4697,.T.);
#13465=EDGE_CURVE('',#6445,#6446,#4701,.T.);
#13467=EDGE_CURVE('',#6446,#6449,#4706,.T.);
#13469=EDGE_CURVE('',#6449,#6450,#4710,.T.);
#13471=EDGE_CURVE('',#6450,#6288,#4715,.T.);
#13481=EDGE_CURVE('',#6526,#6528,#4719,.T.);
#13485=EDGE_CURVE('',#6248,#6528,#4727,.T.);
#13496=EDGE_CURVE('',#6454,#6452,#4731,.T.);
#13512=EDGE_CURVE('',#6442,#6450,#4735,.T.);
#13528=EDGE_CURVE('',#6441,#6449,#4739,.T.);
#13541=EDGE_CURVE('',#6438,#6446,#4743,.T.);
#13554=EDGE_CURVE('',#6437,#6445,#4747,.T.);
#13579=EDGE_CURVE('',#6530,#6528,#4755,.T.);
#13581=EDGE_CURVE('',#6522,#6530,#4771,.T.);
#13583=EDGE_CURVE('',#6522,#6526,#4787,.T.);
#13593=EDGE_CURVE('',#6532,#6528,#4763,.T.);
#13595=EDGE_CURVE('',#6534,#6532,#4759,.T.);
#13597=EDGE_CURVE('',#6534,#6530,#4775,.T.);
#13620=EDGE_CURVE('',#6534,#6521,#4779,.T.);
#13624=EDGE_CURVE('',#6525,#6521,#4783,.T.);
#13634=EDGE_CURVE('',#6521,#6522,#4767,.T.);
#13659=EDGE_CURVE('',#6598,#6561,#4791,.T.);
#13661=EDGE_CURVE('',#6598,#6574,#4796,.T.);
#13674=EDGE_CURVE('',#6594,#6600,#4800,.T.);
#13680=EDGE_CURVE('',#6144,#6594,#4804,.T.);
#13690=EDGE_CURVE('',#6596,#6602,#4808,.T.);
#13692=EDGE_CURVE('',#6596,#6294,#4812,.T.);
#13695=EDGE_CURVE('',#6606,#6573,#4817,.T.);
#13697=EDGE_CURVE('',#6605,#6606,#4821,.T.);
#13709=EDGE_CURVE('',#6580,#6565,#4829,.T.);
#13711=EDGE_CURVE('',#6598,#6580,#4825,.T.);
#13714=EDGE_CURVE('',#6561,#6553,#4926,.T.);
#13716=EDGE_CURVE('',#6553,#6554,#4910,.T.);
#13718=EDGE_CURVE('',#6565,#6554,#4859,.T.);
#13732=EDGE_CURVE('',#6580,#6578,#4834,.T.);
#13742=EDGE_CURVE('',#6583,#6584,#4838,.T.);
#13744=EDGE_CURVE('',#6142,#6583,#4977,.T.);
#13758=EDGE_CURVE('',#6587,#6588,#4842,.T.);
#13762=EDGE_CURVE('',#6591,#6592,#4846,.T.);
#13764=EDGE_CURVE('',#6592,#6577,#4851,.T.);
#13767=EDGE_CURVE('',#6587,#6293,#4985,.T.);
#13778=EDGE_CURVE('',#6550,#6578,#4894,.T.);
#13780=EDGE_CURVE('',#6542,#6550,#4855,.T.);
#13782=EDGE_CURVE('',#6542,#6574,#4931,.T.);
#13796=EDGE_CURVE('',#6554,#6584,#4863,.T.);
#13801=EDGE_CURVE('',#6588,#6558,#4867,.T.);
#13803=EDGE_CURVE('',#6558,#6591,#4871,.T.);
#13816=EDGE_CURVE('',#6577,#6545,#4876,.T.);
#13818=EDGE_CURVE('',#6545,#6546,#4880,.T.);
#13820=EDGE_CURVE('',#6546,#6548,#4885,.T.);
#13822=EDGE_CURVE('',#6548,#6550,#4889,.T.);
#13833=EDGE_CURVE('',#6614,#6616,#4898,.T.);
#13835=EDGE_CURVE('',#6614,#6630,#4902,.T.);
#13838=EDGE_CURVE('',#6628,#6616,#4906,.T.);
#13851=EDGE_CURVE('',#6553,#6600,#4922,.T.);
#13854=EDGE_CURVE('',#6583,#6594,#4973,.T.);
#13867=EDGE_CURVE('',#6557,#6605,#4914,.T.);
#13869=EDGE_CURVE('',#6602,#6557,#4918,.T.);
#13886=EDGE_CURVE('',#6540,#6542,#4935,.T.);
#13888=EDGE_CURVE('',#6538,#6540,#4940,.T.);
#13890=EDGE_CURVE('',#6537,#6538,#4944,.T.);
#13892=EDGE_CURVE('',#6573,#6537,#4949,.T.);
#13902=EDGE_CURVE('',#6620,#6613,#4953,.T.);
#13904=EDGE_CURVE('',#6624,#6620,#4957,.T.);
#13907=EDGE_CURVE('',#6613,#6626,#4961,.T.);
#13919=EDGE_CURVE('',#6557,#6558,#4965,.T.);
#13923=EDGE_CURVE('',#6606,#6592,#5025,.T.);
#13934=EDGE_CURVE('',#6587,#6596,#4981,.T.);
#13948=EDGE_CURVE('',#6613,#6614,#4969,.T.);
#13985=EDGE_CURVE('',#6609,#6610,#4997,.T.);
#13987=EDGE_CURVE('',#6613,#6609,#4989,.T.);
#13990=EDGE_CURVE('',#6610,#6614,#4993,.T.);
#14001=EDGE_CURVE('',#6610,#6618,#5001,.T.);
#14003=EDGE_CURVE('',#6622,#6618,#5005,.T.);
#14005=EDGE_CURVE('',#6622,#6609,#5009,.T.);
#14016=EDGE_CURVE('',#6618,#6616,#5013,.T.);
#14028=EDGE_CURVE('',#6620,#6616,#5021,.T.);
#14030=EDGE_CURVE('',#6622,#6620,#5017,.T.);
#14070=EDGE_CURVE('',#6537,#6545,#5029,.T.);
#14082=EDGE_CURVE('',#6538,#6546,#5033,.T.);
#14095=EDGE_CURVE('',#6540,#6548,#5037,.T.);
#14119=EDGE_CURVE('',#6694,#6657,#5041,.T.);
#14121=EDGE_CURVE('',#6694,#6670,#5046,.T.);
#14134=EDGE_CURVE('',#6690,#6696,#5050,.T.);
#14140=EDGE_CURVE('',#6168,#6690,#5054,.T.);
#14150=EDGE_CURVE('',#6692,#6698,#5058,.T.);
#14152=EDGE_CURVE('',#6692,#6298,#5062,.T.);
#14155=EDGE_CURVE('',#6702,#6669,#5067,.T.);
#14157=EDGE_CURVE('',#6701,#6702,#5071,.T.);
#14169=EDGE_CURVE('',#6676,#6661,#5079,.T.);
#14171=EDGE_CURVE('',#6694,#6676,#5075,.T.);
#14175=EDGE_CURVE('',#6649,#6650,#5160,.T.);
#14177=EDGE_CURVE('',#6661,#6650,#5109,.T.);
#14191=EDGE_CURVE('',#6676,#6674,#5084,.T.);
#14201=EDGE_CURVE('',#6679,#6680,#5088,.T.);
#14203=EDGE_CURVE('',#6166,#6679,#5168,.T.);
#14217=EDGE_CURVE('',#6683,#6684,#5092,.T.);
#14221=EDGE_CURVE('',#6687,#6688,#5096,.T.);
#14223=EDGE_CURVE('',#6688,#6673,#5101,.T.);
#14226=EDGE_CURVE('',#6683,#6297,#5176,.T.);
#14237=EDGE_CURVE('',#6646,#6674,#5144,.T.);
#14239=EDGE_CURVE('',#6638,#6646,#5105,.T.);
#14254=EDGE_CURVE('',#6650,#6680,#5113,.T.);
#14259=EDGE_CURVE('',#6684,#6654,#5117,.T.);
#14261=EDGE_CURVE('',#6654,#6687,#5121,.T.);
#14274=EDGE_CURVE('',#6673,#6641,#5126,.T.);
#14276=EDGE_CURVE('',#6641,#6642,#5130,.T.);
#14279=EDGE_CURVE('',#6644,#6646,#5139,.T.);
#14290=EDGE_CURVE('',#6710,#6712,#5148,.T.);
#14292=EDGE_CURVE('',#6710,#6726,#5152,.T.);
#14295=EDGE_CURVE('',#6724,#6712,#5156,.T.);
#14310=EDGE_CURVE('',#6679,#6690,#5164,.T.);
#14332=EDGE_CURVE('',#6683,#6692,#5172,.T.);
#14349=EDGE_CURVE('',#6653,#6654,#5184,.T.);
#14360=EDGE_CURVE('',#6709,#6710,#5180,.T.);
#14378=EDGE_CURVE('',#6702,#6688,#5188,.T.);
#14392=EDGE_CURVE('',#6633,#6641,#5192,.T.);
#14415=EDGE_CURVE('',#6705,#6706,#5204,.T.);
#14417=EDGE_CURVE('',#6709,#6705,#5196,.T.);
#14420=EDGE_CURVE('',#6706,#6710,#5200,.T.);
#14431=EDGE_CURVE('',#6706,#6714,#5208,.T.);
#14433=EDGE_CURVE('',#6718,#6714,#5212,.T.);
#14435=EDGE_CURVE('',#6718,#6705,#5216,.T.);
#14446=EDGE_CURVE('',#6714,#6712,#5220,.T.);
#14458=EDGE_CURVE('',#6716,#6712,#5228,.T.);
#14460=EDGE_CURVE('',#6718,#6716,#5224,.T.);
#14512=EDGE_CURVE('',#6729,#6737,#5240,.T.);
#14524=EDGE_CURVE('',#6730,#6738,#5244,.T.);
#14537=EDGE_CURVE('',#6732,#6740,#5248,.T.);
#14561=EDGE_CURVE('',#6809,#6810,#5260,.T.);
#14563=EDGE_CURVE('',#6813,#6809,#5252,.T.);
#14566=EDGE_CURVE('',#6810,#6814,#5256,.T.);
#14577=EDGE_CURVE('',#6810,#6818,#5264,.T.);
#14579=EDGE_CURVE('',#6822,#6818,#5268,.T.);
#14581=EDGE_CURVE('',#6822,#6809,#5272,.T.);
#14592=EDGE_CURVE('',#6818,#6816,#5276,.T.);
#14604=EDGE_CURVE('',#6820,#6816,#5284,.T.);
#14606=EDGE_CURVE('',#6822,#6820,#5280,.T.);
#14642=EDGE_CURVE('',#5468,#6313,#5308,.T.);
#14700=EDGE_CURVE('',#5526,#6318,#5332,.T.);
#14734=EDGE_CURVE('',#5451,#5452,#5352,.T.);
#14758=EDGE_CURVE('',#6119,#6105,#5356,.T.);
#14760=EDGE_CURVE('',#6105,#6106,#5384,.T.);
#14762=EDGE_CURVE('',#6120,#6106,#5380,.T.);
#14773=EDGE_CURVE('',#6130,#6116,#5360,.T.);
#14775=EDGE_CURVE('',#6116,#6105,#5388,.T.);
#14787=EDGE_CURVE('',#6128,#6114,#5364,.T.);
#14789=EDGE_CURVE('',#6114,#6116,#5392,.T.);
#14801=EDGE_CURVE('',#6126,#6112,#5368,.T.);
#14803=EDGE_CURVE('',#6112,#6114,#5396,.T.);
#14815=EDGE_CURVE('',#6124,#6110,#5372,.T.);
#14817=EDGE_CURVE('',#6110,#6112,#5400,.T.);
#14829=EDGE_CURVE('',#6122,#6108,#5376,.T.);
#14831=EDGE_CURVE('',#6108,#6110,#5404,.T.);
#14844=EDGE_CURVE('',#6106,#6108,#5408,.T.);
#14886=CIRCLE('',#14885,5.E-1);
#14939=CIRCLE('',#14938,5.E-1);
#14965=EDGE_CURVE('',#14942,#14943,#14881,.T.);
#14967=EDGE_CURVE('',#14943,#14945,#14886,.T.);
#14969=EDGE_CURVE('',#14945,#14947,#14890,.T.);
#14971=EDGE_CURVE('',#14947,#14949,#14894,.T.);
#14973=EDGE_CURVE('',#14949,#14942,#14898,.T.);
#14984=EDGE_CURVE('',#14942,#14952,#14902,.T.);
#14986=EDGE_CURVE('',#14952,#14953,#14922,.T.);
#14988=EDGE_CURVE('',#14943,#14953,#14918,.T.);
#14999=EDGE_CURVE('',#14949,#14959,#14906,.T.);
#15001=EDGE_CURVE('',#14959,#14952,#14926,.T.);
#15013=EDGE_CURVE('',#14947,#14957,#14910,.T.);
#15015=EDGE_CURVE('',#14957,#14959,#14930,.T.);
#15027=EDGE_CURVE('',#14945,#14955,#14914,.T.);
#15029=EDGE_CURVE('',#14955,#14957,#14934,.T.);
#15042=EDGE_CURVE('',#14953,#14955,#14939,.T.);
#15071=TRIMMED_CURVE('',#15070,(PARAMETER_VALUE(0.E0)),(PARAMETER_VALUE(1.E0)),
.T.,.UNSPECIFIED.);
#15072=COMPOSITE_CURVE_SEGMENT(.CONTINUOUS.,.T.,#15071);
#15077=TRIMMED_CURVE('',#15076,(PARAMETER_VALUE(0.E0)),(PARAMETER_VALUE(1.E0)),
.T.,.UNSPECIFIED.);
#15078=COMPOSITE_CURVE_SEGMENT(.CONTINUOUS.,.T.,#15077);
#15083=TRIMMED_CURVE('',#15082,(PARAMETER_VALUE(0.E0)),(PARAMETER_VALUE(1.E0)),
.T.,.UNSPECIFIED.);
#15084=COMPOSITE_CURVE_SEGMENT(.CONTINUOUS.,.T.,#15083);
#15089=TRIMMED_CURVE('',#15088,(PARAMETER_VALUE(0.E0)),(PARAMETER_VALUE(1.E0)),
.T.,.UNSPECIFIED.);
#15090=COMPOSITE_CURVE_SEGMENT(.CONTINUOUS.,.T.,#15089);
#15091=COMPOSITE_CURVE('',(#15072,#15078,#15084,#15090),.F.);
#15097=TRIMMED_CURVE('',#15096,(PARAMETER_VALUE(0.E0)),(PARAMETER_VALUE(1.E0)),
.T.,.UNSPECIFIED.);
#15098=COMPOSITE_CURVE_SEGMENT(.CONTINUOUS.,.T.,#15097);
#15103=TRIMMED_CURVE('',#15102,(PARAMETER_VALUE(0.E0)),(PARAMETER_VALUE(1.E0)),
.T.,.UNSPECIFIED.);
#15104=COMPOSITE_CURVE_SEGMENT(.CONTINUOUS.,.T.,#15103);
#15109=TRIMMED_CURVE('',#15108,(PARAMETER_VALUE(0.E0)),(PARAMETER_VALUE(1.E0)),
.T.,.UNSPECIFIED.);
#15110=COMPOSITE_CURVE_SEGMENT(.CONTINUOUS.,.T.,#15109);
#15115=TRIMMED_CURVE('',#15114,(PARAMETER_VALUE(0.E0)),(PARAMETER_VALUE(1.E0)),
.T.,.UNSPECIFIED.);
#15116=COMPOSITE_CURVE_SEGMENT(.CONTINUOUS.,.T.,#15115);
#15117=COMPOSITE_CURVE('',(#15098,#15104,#15110,#15116),.F.);
#15122=TRIMMED_CURVE('',#15121,(PARAMETER_VALUE(0.E0)),(PARAMETER_VALUE(1.E0)),
.T.,.UNSPECIFIED.);
#15123=COMPOSITE_CURVE_SEGMENT(.CONTINUOUS.,.T.,#15122);
#15128=TRIMMED_CURVE('',#15127,(PARAMETER_VALUE(0.E0)),(PARAMETER_VALUE(1.E0)),
.T.,.UNSPECIFIED.);
#15129=COMPOSITE_CURVE_SEGMENT(.CONTINUOUS.,.T.,#15128);
#15134=TRIMMED_CURVE('',#15133,(PARAMETER_VALUE(0.E0)),(PARAMETER_VALUE(1.E0)),
.T.,.UNSPECIFIED.);
#15135=COMPOSITE_CURVE_SEGMENT(.CONTINUOUS.,.T.,#15134);
#15140=TRIMMED_CURVE('',#15139,(PARAMETER_VALUE(0.E0)),(PARAMETER_VALUE(1.E0)),
.T.,.UNSPECIFIED.);
#15141=COMPOSITE_CURVE_SEGMENT(.CONTINUOUS.,.T.,#15140);
#15142=COMPOSITE_CURVE('',(#15123,#15129,#15135,#15141),.F.);
#15147=TRIMMED_CURVE('',#15146,(PARAMETER_VALUE(0.E0)),(PARAMETER_VALUE(1.E0)),
.T.,.UNSPECIFIED.);
#15148=COMPOSITE_CURVE_SEGMENT(.CONTINUOUS.,.T.,#15147);
#15153=TRIMMED_CURVE('',#15152,(PARAMETER_VALUE(0.E0)),(PARAMETER_VALUE(1.E0)),
.T.,.UNSPECIFIED.);
#15154=COMPOSITE_CURVE_SEGMENT(.CONTINUOUS.,.T.,#15153);
#15159=TRIMMED_CURVE('',#15158,(PARAMETER_VALUE(0.E0)),(PARAMETER_VALUE(1.E0)),
.T.,.UNSPECIFIED.);
#15160=COMPOSITE_CURVE_SEGMENT(.CONTINUOUS.,.T.,#15159);
#15165=TRIMMED_CURVE('',#15164,(PARAMETER_VALUE(0.E0)),(PARAMETER_VALUE(1.E0)),
.T.,.UNSPECIFIED.);
#15166=COMPOSITE_CURVE_SEGMENT(.CONTINUOUS.,.T.,#15165);
#15167=COMPOSITE_CURVE('',(#15148,#15154,#15160,#15166),.F.);
#15172=TRIMMED_CURVE('',#15171,(PARAMETER_VALUE(0.E0)),(PARAMETER_VALUE(1.E0)),
.T.,.UNSPECIFIED.);
#15173=COMPOSITE_CURVE_SEGMENT(.CONTINUOUS.,.T.,#15172);
#15178=TRIMMED_CURVE('',#15177,(PARAMETER_VALUE(0.E0)),(PARAMETER_VALUE(1.E0)),
.T.,.UNSPECIFIED.);
#15179=COMPOSITE_CURVE_SEGMENT(.CONTINUOUS.,.T.,#15178);
#15184=TRIMMED_CURVE('',#15183,(PARAMETER_VALUE(0.E0)),(PARAMETER_VALUE(1.E0)),
.T.,.UNSPECIFIED.);
#15185=COMPOSITE_CURVE_SEGMENT(.CONTINUOUS.,.T.,#15184);
#15190=TRIMMED_CURVE('',#15189,(PARAMETER_VALUE(0.E0)),(PARAMETER_VALUE(1.E0)),
.T.,.UNSPECIFIED.);
#15191=COMPOSITE_CURVE_SEGMENT(.CONTINUOUS.,.T.,#15190);
#15192=COMPOSITE_CURVE('',(#15173,#15179,#15185,#15191),.F.);
#15197=TRIMMED_CURVE('',#15196,(PARAMETER_VALUE(0.E0)),(PARAMETER_VALUE(1.E0)),
.T.,.UNSPECIFIED.);
#15198=COMPOSITE_CURVE_SEGMENT(.CONTINUOUS.,.T.,#15197);
#15203=TRIMMED_CURVE('',#15202,(PARAMETER_VALUE(0.E0)),(PARAMETER_VALUE(1.E0)),
.T.,.UNSPECIFIED.);
#15204=COMPOSITE_CURVE_SEGMENT(.CONTINUOUS.,.T.,#15203);
#15209=TRIMMED_CURVE('',#15208,(PARAMETER_VALUE(0.E0)),(PARAMETER_VALUE(1.E0)),
.T.,.UNSPECIFIED.);
#15210=COMPOSITE_CURVE_SEGMENT(.CONTINUOUS.,.T.,#15209);
#15215=TRIMMED_CURVE('',#15214,(PARAMETER_VALUE(0.E0)),(PARAMETER_VALUE(1.E0)),
.T.,.UNSPECIFIED.);
#15216=COMPOSITE_CURVE_SEGMENT(.CONTINUOUS.,.T.,#15215);
#15217=COMPOSITE_CURVE('',(#15198,#15204,#15210,#15216),.F.);
#15222=TRIMMED_CURVE('',#15221,(PARAMETER_VALUE(0.E0)),(PARAMETER_VALUE(1.E0)),
.T.,.UNSPECIFIED.);
#15223=COMPOSITE_CURVE_SEGMENT(.CONTINUOUS.,.T.,#15222);
#15228=TRIMMED_CURVE('',#15227,(PARAMETER_VALUE(0.E0)),(PARAMETER_VALUE(1.E0)),
.T.,.UNSPECIFIED.);
#15229=COMPOSITE_CURVE_SEGMENT(.CONTINUOUS.,.T.,#15228);
#15234=TRIMMED_CURVE('',#15233,(PARAMETER_VALUE(0.E0)),(PARAMETER_VALUE(1.E0)),
.T.,.UNSPECIFIED.);
#15235=COMPOSITE_CURVE_SEGMENT(.CONTINUOUS.,.T.,#15234);
#15240=TRIMMED_CURVE('',#15239,(PARAMETER_VALUE(0.E0)),(PARAMETER_VALUE(1.E0)),
.T.,.UNSPECIFIED.);
#15241=COMPOSITE_CURVE_SEGMENT(.CONTINUOUS.,.T.,#15240);
#15242=COMPOSITE_CURVE('',(#15223,#15229,#15235,#15241),.F.);
#15247=TRIMMED_CURVE('',#15246,(PARAMETER_VALUE(0.E0)),(PARAMETER_VALUE(1.E0)),
.T.,.UNSPECIFIED.);
#15248=COMPOSITE_CURVE_SEGMENT(.CONTINUOUS.,.T.,#15247);
#15253=TRIMMED_CURVE('',#15252,(PARAMETER_VALUE(0.E0)),(PARAMETER_VALUE(1.E0)),
.T.,.UNSPECIFIED.);
#15254=COMPOSITE_CURVE_SEGMENT(.CONTINUOUS.,.T.,#15253);
#15259=TRIMMED_CURVE('',#15258,(PARAMETER_VALUE(0.E0)),(PARAMETER_VALUE(1.E0)),
.T.,.UNSPECIFIED.);
#15260=COMPOSITE_CURVE_SEGMENT(.CONTINUOUS.,.T.,#15259);
#15265=TRIMMED_CURVE('',#15264,(PARAMETER_VALUE(0.E0)),(PARAMETER_VALUE(1.E0)),
.T.,.UNSPECIFIED.);
#15266=COMPOSITE_CURVE_SEGMENT(.CONTINUOUS.,.T.,#15265);
#15267=COMPOSITE_CURVE('',(#15248,#15254,#15260,#15266),.F.);
#15272=TRIMMED_CURVE('',#15271,(PARAMETER_VALUE(0.E0)),(PARAMETER_VALUE(1.E0)),
.T.,.UNSPECIFIED.);
#15273=COMPOSITE_CURVE_SEGMENT(.CONTINUOUS.,.T.,#15272);
#15278=TRIMMED_CURVE('',#15277,(PARAMETER_VALUE(0.E0)),(PARAMETER_VALUE(1.E0)),
.T.,.UNSPECIFIED.);
#15279=COMPOSITE_CURVE_SEGMENT(.CONTINUOUS.,.T.,#15278);
#15284=TRIMMED_CURVE('',#15283,(PARAMETER_VALUE(0.E0)),(PARAMETER_VALUE(1.E0)),
.T.,.UNSPECIFIED.);
#15285=COMPOSITE_CURVE_SEGMENT(.CONTINUOUS.,.T.,#15284);
#15290=TRIMMED_CURVE('',#15289,(PARAMETER_VALUE(0.E0)),(PARAMETER_VALUE(1.E0)),
.T.,.UNSPECIFIED.);
#15291=COMPOSITE_CURVE_SEGMENT(.CONTINUOUS.,.T.,#15290);
#15292=COMPOSITE_CURVE('',(#15273,#15279,#15285,#15291),.F.);
#15297=TRIMMED_CURVE('',#15296,(PARAMETER_VALUE(0.E0)),(PARAMETER_VALUE(1.E0)),
.T.,.UNSPECIFIED.);
#15298=COMPOSITE_CURVE_SEGMENT(.CONTINUOUS.,.T.,#15297);
#15303=TRIMMED_CURVE('',#15302,(PARAMETER_VALUE(0.E0)),(PARAMETER_VALUE(1.E0)),
.T.,.UNSPECIFIED.);
#15304=COMPOSITE_CURVE_SEGMENT(.CONTINUOUS.,.T.,#15303);
#15309=TRIMMED_CURVE('',#15308,(PARAMETER_VALUE(0.E0)),(PARAMETER_VALUE(1.E0)),
.T.,.UNSPECIFIED.);
#15310=COMPOSITE_CURVE_SEGMENT(.CONTINUOUS.,.T.,#15309);
#15315=TRIMMED_CURVE('',#15314,(PARAMETER_VALUE(0.E0)),(PARAMETER_VALUE(1.E0)),
.T.,.UNSPECIFIED.);
#15316=COMPOSITE_CURVE_SEGMENT(.CONTINUOUS.,.T.,#15315);
#15317=COMPOSITE_CURVE('',(#15298,#15304,#15310,#15316),.F.);
#15318=(LENGTH_UNIT()NAMED_UNIT(*)SI_UNIT(.MILLI.,.METRE.));
#15320=(NAMED_UNIT(*)PLANE_ANGLE_UNIT()SI_UNIT($,.RADIAN.));
#15323=(NAMED_UNIT(*)SI_UNIT($,.STERADIAN.)SOLID_ANGLE_UNIT());
#15326=ADVANCED_BREP_SHAPE_REPRESENTATION('',(#14877,#15062),#15325);
#15327=GEOMETRICALLY_BOUNDED_SURFACE_SHAPE_REPRESENTATION('',(#15092),#15325);
#15328=SHAPE_REPRESENTATION('',(#15066),#15325);
#15337=PRODUCT_DEFINITION('design','',#15336,#15333);
#15338=PRODUCT_DEFINITION_SHAPE('','SHAPE FOR 436500812.',#15337);
#15339=SHAPE_DEFINITION_REPRESENTATION(#15338,#15328);
ENDSEC;
END-ISO-10303-21;
